ply
format ascii 1.0
element vertex 23730
property float x
property float y
property float z
end_header
0.183825 0.006532 0.308164
0.183734 0.006374 0.308116
0.184935 0.005086 0.307461
0.186891 0.003123 0.306446
0.184445 0.005031 0.307506
0.184351 0.004870 0.307457
0.184560 0.004441 0.307265
0.185372 0.003468 0.306783
0.185277 0.003305 0.306734
0.187918 0.003524 0.306250
0.187744 0.003421 0.306235
0.187494 0.003385 0.306255
0.187168 0.003415 0.306311
0.187071 0.003247 0.306260
0.186822 0.003213 0.306281
0.186650 0.003113 0.306267
0.186553 0.002946 0.306216
0.186531 0.002712 0.306129
0.186434 0.002545 0.306078
0.186488 0.002242 0.305955
0.188198 0.003823 0.306115
0.188024 0.003719 0.306099
0.187773 0.003680 0.306120
0.187599 0.003578 0.306104
0.187425 0.003475 0.306089
0.187099 0.003505 0.306146
0.187002 0.003337 0.306095
0.186905 0.003170 0.306044
0.186808 0.003002 0.305993
0.186711 0.002835 0.305943
0.186614 0.002667 0.305892
0.186516 0.002500 0.305841
0.186419 0.002332 0.305790
0.188052 0.003979 0.305984
0.187954 0.003810 0.305933
0.187704 0.003771 0.305953
0.187530 0.003668 0.305938
0.187280 0.003631 0.305959
0.187107 0.003529 0.305945
0.186934 0.003428 0.305930
0.186836 0.003260 0.305879
0.186739 0.003092 0.305828
0.186567 0.002992 0.305814
0.186470 0.002824 0.305763
0.186448 0.002590 0.305676
0.186350 0.002422 0.305625
0.187983 0.004069 0.305817
0.187809 0.003965 0.305802
0.187711 0.003797 0.305751
0.187211 0.003721 0.305794
0.187038 0.003619 0.305779
0.186865 0.003518 0.305765
0.186768 0.003350 0.305714
0.186671 0.003183 0.305663
0.186498 0.003082 0.305649
0.186401 0.002914 0.305598
0.186379 0.002680 0.305510
0.186282 0.002512 0.305459
0.186259 0.002277 0.305372
0.187914 0.004160 0.305651
0.187739 0.004056 0.305636
0.187642 0.003887 0.305584
0.187316 0.003914 0.305643
0.187142 0.003812 0.305628
0.187045 0.003644 0.305577
0.186872 0.003542 0.305563
0.186775 0.003374 0.305512
0.186602 0.003273 0.305498
0.186505 0.003105 0.305447
0.186407 0.002938 0.305396
0.186310 0.002770 0.305345
0.186213 0.002602 0.305294
0.186191 0.002368 0.305206
0.183203 0.004086 0.306314
0.182962 0.004063 0.306340
0.182869 0.003903 0.306291
0.188923 0.006110 0.306049
0.188825 0.005941 0.305998
0.188727 0.005772 0.305946
0.187844 0.004251 0.305484
0.187670 0.004147 0.305469
0.187496 0.004043 0.305455
0.187247 0.004005 0.305477
0.187073 0.003902 0.305463
0.186900 0.003800 0.305449
0.186803 0.003632 0.305398
0.186630 0.003530 0.305384
0.186533 0.003363 0.305333
0.186436 0.003195 0.305282
0.186339 0.003028 0.305231
0.186242 0.002860 0.305180
0.183138 0.004172 0.306156
0.182897 0.004149 0.306182
0.182804 0.003989 0.306134
0.189226 0.006647 0.306001
0.189050 0.006539 0.305985
0.188952 0.006370 0.305934
0.188854 0.006201 0.305882
0.188756 0.006032 0.305831
0.188658 0.005863 0.305780
0.187775 0.004342 0.305317
0.187525 0.004302 0.305340
0.187427 0.004134 0.305289
0.187178 0.004095 0.305311
0.186929 0.004057 0.305334
0.186756 0.003955 0.305320
0.186659 0.003788 0.305269
0.186486 0.003686 0.305256
0.186389 0.003519 0.305205
0.186367 0.003285 0.305117
0.186270 0.003118 0.305066
0.186173 0.002950 0.305015
0.181614 0.004877 0.306461
0.181450 0.004789 0.306451
0.181359 0.004632 0.306404
0.180795 0.003465 0.306032
0.180704 0.003308 0.305984
0.180613 0.003151 0.305937
0.180594 0.002923 0.305850
0.180575 0.002695 0.305763
0.180484 0.002537 0.305716
0.189255 0.006907 0.305885
0.189157 0.006738 0.305834
0.188981 0.006630 0.305818
0.188883 0.006461 0.305767
0.188785 0.006292 0.305716
0.187706 0.004433 0.305151
0.187456 0.004393 0.305174
0.187358 0.004224 0.305122
0.187109 0.004185 0.305145
0.186860 0.004148 0.305169
0.186687 0.004045 0.305155
0.186590 0.003878 0.305104
0.186418 0.003776 0.305091
0.186321 0.003609 0.305040
0.186299 0.003375 0.304952
0.182145 0.006573 0.306848
0.182054 0.006416 0.306801
0.181963 0.006260 0.306753
0.181931 0.005813 0.306583
0.181840 0.005656 0.306535
0.181749 0.005499 0.306487
0.181584 0.005411 0.306478
0.181493 0.005254 0.306430
0.181403 0.005098 0.306383
0.181312 0.004942 0.306335
0.181148 0.004854 0.306326
0.181057 0.004698 0.306279
0.180966 0.004542 0.306231
0.180876 0.004386 0.306184
0.180858 0.004160 0.306098
0.180767 0.004003 0.306050
0.180749 0.003776 0.305964
0.180658 0.003620 0.305916
0.180567 0.003463 0.305869
0.180549 0.003236 0.305782
0.180530 0.003008 0.305695
0.180439 0.002850 0.305647
0.180419 0.002622 0.305561
0.180328 0.002465 0.305513
0.189460 0.007276 0.305785
0.189283 0.007167 0.305770
0.189185 0.006998 0.305718
0.189009 0.006890 0.305703
0.188911 0.006721 0.305652
0.182143 0.007544 0.307035
0.182053 0.007389 0.306988
0.181962 0.007233 0.306940
0.181872 0.007078 0.306893
0.181782 0.006923 0.306846
0.181766 0.006701 0.306761
0.181676 0.006545 0.306714
0.181660 0.006322 0.306628
0.181644 0.006099 0.306543
0.181553 0.005943 0.306495
0.181537 0.005719 0.306410
0.181446 0.005563 0.306362
0.181356 0.005407 0.306315
0.181265 0.005251 0.306267
0.181174 0.005094 0.306220
0.181010 0.005007 0.306211
0.180920 0.004851 0.306163
0.180829 0.004695 0.306116
0.180739 0.004539 0.306069
0.180721 0.004313 0.305982
0.180631 0.004157 0.305935
0.180612 0.003931 0.305848
0.180522 0.003774 0.305801
0.180503 0.003547 0.305714
0.180412 0.003391 0.305666
0.180393 0.003163 0.305580
0.180374 0.002935 0.305493
0.180355 0.002706 0.305405
0.180264 0.002549 0.305358
0.180172 0.002392 0.305310
0.189842 0.007756 0.305700
0.189665 0.007646 0.305685
0.189567 0.007476 0.305633
0.189214 0.007258 0.305603
0.189038 0.007150 0.305588
0.188940 0.006981 0.305537
0.188842 0.006812 0.305485
0.182440 0.008249 0.307071
0.182274 0.008159 0.307061
0.182109 0.008069 0.307052
0.182019 0.007914 0.307005
0.181929 0.007759 0.306957
0.181839 0.007604 0.306910
0.181674 0.007515 0.306901
0.181585 0.007360 0.306854
0.181569 0.007139 0.306769
0.181479 0.006984 0.306722
0.181464 0.006762 0.306637
0.181374 0.006607 0.306590
0.181358 0.006385 0.306504
0.181268 0.006229 0.306457
0.181178 0.006074 0.306410
0.181161 0.005851 0.306324
0.181071 0.005695 0.306277
0.180981 0.005540 0.306229
0.180890 0.005384 0.306182
0.180873 0.005160 0.306096
0.180783 0.005004 0.306048
0.180693 0.004848 0.306001
0.180602 0.004692 0.305954
0.180584 0.004467 0.305867
0.180566 0.004241 0.305781
0.180476 0.004085 0.305733
0.180458 0.003858 0.305647
0.180439 0.003631 0.305560
0.180348 0.003475 0.305512
0.180329 0.003247 0.305425
0.180310 0.003019 0.305338
0.180290 0.002791 0.305250
0.180199 0.002634 0.305203
0.180108 0.002476 0.305155
0.180088 0.002247 0.305067
0.190304 0.008179 0.305579
0.190126 0.008068 0.305564
0.189949 0.007957 0.305548
0.189772 0.007847 0.305533
0.189596 0.007737 0.305518
0.189419 0.007627 0.305502
0.189321 0.007458 0.305451
0.189145 0.007349 0.305436
0.188969 0.007241 0.305421
0.188793 0.007132 0.305407
0.188695 0.006964 0.305355
0.188597 0.006795 0.305304
0.183511 0.008538 0.306816
0.183268 0.008508 0.306843
0.183025 0.008479 0.306871
0.182707 0.008515 0.306936
0.182542 0.008423 0.306927
0.182300 0.008397 0.306955
0.182060 0.008372 0.306984
0.181970 0.008217 0.306937
0.181805 0.008127 0.306928
0.181716 0.007973 0.306881
0.181701 0.007753 0.306796
0.181536 0.007664 0.306787
0.181447 0.007509 0.306740
0.181357 0.007355 0.306693
0.181342 0.007134 0.306608
0.181252 0.006979 0.306561
0.181162 0.006824 0.306514
0.181072 0.006670 0.306467
0.181056 0.006448 0.306381
0.181040 0.006225 0.306295
0.180950 0.006070 0.306248
0.180860 0.005915 0.306201
0.180844 0.005691 0.306115
0.180753 0.005536 0.306068
0.180663 0.005381 0.306020
0.180646 0.005156 0.305934
0.180556 0.005001 0.305887
0.180538 0.004776 0.305800
0.180448 0.004620 0.305753
0.180430 0.004395 0.305666
0.180412 0.004169 0.305579
0.180321 0.004013 0.305532
0.180303 0.003786 0.305445
0.180284 0.003559 0.305358
0.180265 0.003332 0.305270
0.180246 0.003104 0.305183
0.180154 0.002947 0.305135
0.180135 0.002718 0.305048
0.180043 0.002561 0.305000
0.180023 0.002332 0.304912
0.179932 0.002174 0.304864
0.184072 -0.002563 0.302315
0.183973 -0.002733 0.302263
0.191483 0.009062 0.305523
0.191383 0.008890 0.305470
0.191045 0.008892 0.305526
0.190867 0.008779 0.305510
0.190689 0.008666 0.305494
0.190432 0.008612 0.305515
0.190333 0.008441 0.305463
0.190234 0.008271 0.305411
0.190057 0.008160 0.305396
0.189880 0.008049 0.305380
0.189703 0.007938 0.305365
0.189526 0.007828 0.305350
0.189350 0.007718 0.305335
0.189251 0.007549 0.305284
0.189075 0.007440 0.305269
0.188900 0.007331 0.305255
0.188724 0.007223 0.305240
0.188626 0.007054 0.305189
0.188528 0.006886 0.305138
0.183538 0.008779 0.306709
0.183295 0.008749 0.306736
0.183052 0.008719 0.306764
0.182810 0.008691 0.306792
0.182644 0.008599 0.306783
0.182478 0.008507 0.306773
0.182237 0.008480 0.306802
0.181921 0.008519 0.306869
0.181831 0.008365 0.306822
0.181742 0.008210 0.306775
0.181652 0.008056 0.306729
0.181563 0.007901 0.306682
0.181398 0.007813 0.306673
0.181309 0.007658 0.306626
0.181219 0.007504 0.306579
0.181130 0.007350 0.306532
0.181114 0.007129 0.306447
0.181025 0.006974 0.306400
0.180935 0.006820 0.306353
0.180845 0.006665 0.306306
0.180829 0.006443 0.306220
0.180740 0.006289 0.306173
0.180650 0.006134 0.306126
0.180633 0.005911 0.306040
0.180617 0.005688 0.305954
0.180527 0.005533 0.305906
0.180437 0.005378 0.305859
0.180419 0.005153 0.305773
0.180329 0.004998 0.305726
0.180312 0.004773 0.305639
0.180294 0.004548 0.305552
0.180275 0.004323 0.305465
0.180185 0.004167 0.305418
0.180166 0.003940 0.305330
0.180148 0.003714 0.305243
0.180129 0.003487 0.305156
0.180109 0.003259 0.305068
0.180090 0.003031 0.304980
0.179999 0.002874 0.304933
0.179979 0.002645 0.304845
0.179888 0.002488 0.304797
0.179868 0.002259 0.304709
0.184002 -0.002471 0.302147
0.183903 -0.002642 0.302095
0.183804 -0.002812 0.302043
0.191412 0.009155 0.305353
0.191312 0.008983 0.305301
0.190975 0.008984 0.305357
0.190797 0.008871 0.305341
0.190619 0.008758 0.305326
0.190362 0.008704 0.305347
0.190263 0.008533 0.305295
0.190164 0.008363 0.305243
0.189987 0.008251 0.305228
0.189810 0.008140 0.305213
0.189633 0.008029 0.305198
0.189456 0.007919 0.305183
0.189280 0.007809 0.305168
0.189104 0.007700 0.305154
0.189006 0.007531 0.305102
0.188830 0.007422 0.305088
0.188577 0.007375 0.305111
0.188480 0.007206 0.305060
0.183732 0.009116 0.306611
0.183565 0.009021 0.306601
0.183321 0.008990 0.306629
0.183154 0.008896 0.306620
0.182836 0.008930 0.306686
0.182746 0.008774 0.306639
0.182655 0.008618 0.306591
0.182188 0.008783 0.306735
0.182023 0.008693 0.306726
0.181858 0.008602 0.306717
0.181693 0.008513 0.306708
0.181604 0.008358 0.306662
0.181439 0.008269 0.306653
0.181350 0.008115 0.306606
0.181261 0.007961 0.306560
0.181171 0.007807 0.306513
0.181082 0.007653 0.306466
0.180992 0.007499 0.306419
0.180903 0.007345 0.306372
0.180814 0.007191 0.306325
0.180724 0.007037 0.306279
0.180635 0.006883 0.306232
0.180619 0.006661 0.306146
0.180529 0.006507 0.306099
0.180440 0.006353 0.306052
0.180423 0.006130 0.305966
0.180334 0.005976 0.305919
0.180317 0.005753 0.305832
0.180227 0.005598 0.305785
0.180210 0.005375 0.305699
0.180120 0.005220 0.305652
0.180103 0.004996 0.305565
0.180085 0.004771 0.305478
0.180067 0.004546 0.305391
0.180049 0.004320 0.305304
0.180031 0.004094 0.305216
0.180012 0.003868 0.305129
0.179993 0.003641 0.305041
0.179974 0.003414 0.304954
0.179954 0.003186 0.304866
0.179934 0.002958 0.304778
0.179843 0.002801 0.304730
0.179823 0.002573 0.304642
0.179732 0.002415 0.304594
0.183903 -0.002623 0.301886
0.183734 -0.002721 0.301875
0.183635 -0.002891 0.301823
0.183536 -0.003062 0.301771
0.190905 0.009076 0.305188
0.190727 0.008963 0.305173
0.190549 0.008850 0.305157
0.190292 0.008795 0.305179
0.190193 0.008625 0.305127
0.190016 0.008513 0.305112
0.189839 0.008402 0.305097
0.189740 0.008231 0.305045
0.189485 0.008180 0.305067
0.189309 0.008070 0.305053
0.189133 0.007960 0.305038
0.189035 0.007791 0.304987
0.188859 0.007682 0.304973
0.188761 0.007513 0.304921
0.188508 0.007465 0.304945
0.188411 0.007297 0.304893
0.183667 0.009200 0.306456
0.183348 0.009231 0.306522
0.183105 0.009200 0.306551
0.182939 0.009107 0.306541
0.182772 0.009014 0.306532
0.182682 0.008858 0.306485
0.182214 0.009021 0.306629
0.182049 0.008930 0.306620
0.181809 0.008904 0.306650
0.181644 0.008814 0.306642
0.181480 0.008725 0.306634
0.181391 0.008571 0.306587
0.181301 0.008417 0.306540
0.181212 0.008263 0.306493
0.181123 0.008110 0.306446
0.180959 0.008021 0.306439
0.180870 0.007868 0.306392
0.180781 0.007714 0.306345
0.180692 0.007561 0.306299
0.180603 0.007407 0.306252
0.180514 0.007253 0.306205
0.180424 0.007100 0.306158
0.180335 0.006946 0.306112
0.180246 0.006792 0.306065
0.180230 0.006571 0.305979
0.180141 0.006417 0.305932
0.180125 0.006195 0.305846
0.180035 0.006041 0.305799
0.180019 0.005818 0.305712
0.180002 0.005595 0.305626
0.179912 0.005441 0.305579
0.179895 0.005217 0.305492
0.179877 0.004993 0.305405
0.179859 0.004769 0.305318
0.179841 0.004544 0.305230
0.179823 0.004318 0.305143
0.179804 0.004093 0.305055
0.179786 0.003866 0.304968
0.179838 0.003569 0.304840
0.179819 0.003342 0.304752
0.179799 0.003114 0.304663
0.179708 0.002957 0.304616
0.179617 0.002800 0.304568
0.179597 0.002572 0.304480
0.183833 -0.002531 0.301718
0.183664 -0.002629 0.301707
0.183565 -0.002799 0.301655
0.183466 -0.002970 0.301603
0.183367 -0.003140 0.301551
0.183268 -0.003311 0.301500
0.191450 0.009455 0.305030
0.191350 0.009283 0.304977
0.190656 0.009055 0.305004
0.190321 0.009057 0.305062
0.190222 0.008887 0.305010
0.190045 0.008775 0.304996
0.189868 0.008663 0.304981
0.189691 0.008552 0.304966
0.189592 0.008382 0.304915
0.189416 0.008271 0.304900
0.189240 0.008161 0.304886
0.189064 0.008051 0.304872
0.188965 0.007882 0.304820
0.188790 0.007773 0.304806
0.188614 0.007664 0.304792
0.188516 0.007495 0.304741
0.183223 0.009597 0.306492
0.183056 0.009503 0.306482
0.182889 0.009410 0.306473
0.182723 0.009317 0.306464
0.182557 0.009225 0.306455
0.182316 0.009196 0.306485
0.182075 0.009168 0.306515
0.181835 0.009141 0.306545
0.181671 0.009051 0.306537
0.181506 0.008962 0.306529
0.181417 0.008808 0.306482
0.181253 0.008719 0.306474
0.181164 0.008565 0.306427
0.181075 0.008411 0.306381
0.180911 0.008323 0.306373
0.180822 0.008170 0.306326
0.180659 0.008082 0.306319
0.180570 0.007929 0.306272
0.180481 0.007776 0.306226
0.180392 0.007622 0.306179
0.180303 0.007469 0.306133
0.180215 0.007316 0.306086
0.180126 0.007163 0.306039
0.180037 0.007010 0.305993
0.180021 0.006789 0.305907
0.179932 0.006635 0.305860
0.179916 0.006414 0.305774
0.179827 0.006260 0.305727
0.179810 0.006038 0.305640
0.179721 0.005884 0.305593
0.179704 0.005662 0.305507
0.179687 0.005438 0.305420
0.179669 0.005215 0.305333
0.179652 0.004991 0.305245
0.179562 0.004836 0.305198
0.179544 0.004612 0.305111
0.179526 0.004387 0.305023
0.179507 0.004161 0.304936
0.179488 0.003935 0.304848
0.179541 0.003638 0.304719
0.179450 0.003482 0.304672
0.179360 0.003326 0.304624
0.179269 0.003170 0.304577
0.179249 0.002943 0.304489
0.183594 -0.002537 0.301539
0.183495 -0.002708 0.301487
0.183396 -0.002878 0.301435
0.183227 -0.002976 0.301425
0.183059 -0.003073 0.301414
0.182960 -0.003243 0.301363
0.182861 -0.003413 0.301311
0.191380 0.009547 0.304860
0.191280 0.009375 0.304808
0.190251 0.009149 0.304894
0.190152 0.008979 0.304842
0.189975 0.008866 0.304828
0.189798 0.008754 0.304813
0.189621 0.008643 0.304799
0.189445 0.008532 0.304784
0.189346 0.008362 0.304733
0.189092 0.008311 0.304756
0.188917 0.008202 0.304742
0.188819 0.008033 0.304691
0.188720 0.007864 0.304639
0.188545 0.007755 0.304626
0.188447 0.007586 0.304575
0.183158 0.009681 0.306337
0.182992 0.009587 0.306328
0.182825 0.009494 0.306319
0.182659 0.009401 0.306310
0.182493 0.009308 0.306302
0.182252 0.009279 0.306332
0.182012 0.009252 0.306362
0.181772 0.009224 0.306393
0.181607 0.009134 0.306385
0.181443 0.009044 0.306377
0.181354 0.008890 0.306330
0.181190 0.008801 0.306322
0.181101 0.008648 0.306276
0.181012 0.008494 0.306229
0.180848 0.008406 0.306222
0.180759 0.008252 0.306175
0.180596 0.008164 0.306168
0.180507 0.008011 0.306121
0.180418 0.007858 0.306075
0.180329 0.007705 0.306028
0.180241 0.007552 0.305981
0.180152 0.007398 0.305935
0.180063 0.007245 0.305888
0.179974 0.007092 0.305842
0.179958 0.006871 0.305755
0.179869 0.006718 0.305709
0.179853 0.006496 0.305622
0.179764 0.006343 0.305575
0.179674 0.006189 0.305529
0.179585 0.006036 0.305482
0.179496 0.005882 0.305435
0.179479 0.005659 0.305348
0.179462 0.005436 0.305261
0.179373 0.005282 0.305214
0.179355 0.005059 0.305127
0.179337 0.004834 0.305039
0.179247 0.004680 0.304992
0.179229 0.004455 0.304905
0.179211 0.004230 0.304817
0.179192 0.004005 0.304729
0.179102 0.003849 0.304682
0.179012 0.003694 0.304635
0.178922 0.003539 0.304587
0.178832 0.003384 0.304540
0.183158 -0.002884 0.301257
0.182919 -0.002908 0.301288
0.182751 -0.003005 0.301279
0.182653 -0.003174 0.301227
0.182485 -0.003270 0.301217
0.182387 -0.003439 0.301166
0.182288 -0.003609 0.301114
0.191230 0.009697 0.304727
0.191130 0.009525 0.304675
0.190715 0.009581 0.304770
0.190615 0.009410 0.304718
0.190359 0.009354 0.304741
0.190103 0.009298 0.304763
0.189926 0.009186 0.304749
0.189827 0.009016 0.304697
0.189650 0.008904 0.304683
0.189474 0.008793 0.304669
0.189375 0.008623 0.304617
0.189277 0.008454 0.304566
0.189023 0.008402 0.304589
0.188847 0.008293 0.304576
0.188749 0.008124 0.304524
0.188651 0.007955 0.304473
0.188553 0.007786 0.304421
0.183094 0.009765 0.306183
0.182700 0.009859 0.306290
0.182534 0.009766 0.306282
0.182369 0.009673 0.306273
0.182203 0.009581 0.306265
0.181963 0.009553 0.306296
0.181798 0.009462 0.306288
0.181559 0.009435 0.306319
0.181469 0.009281 0.306272
0.181305 0.009191 0.306264
0.181216 0.009037 0.306218
0.181052 0.008948 0.306210
0.180963 0.008795 0.306164
0.180800 0.008706 0.306156
0.180711 0.008553 0.306110
0.180622 0.008400 0.306063
0.180459 0.008312 0.306056
0.180371 0.008159 0.306010
0.180282 0.008006 0.305963
0.180193 0.007853 0.305917
0.180031 0.007767 0.305910
0.179942 0.007614 0.305864
0.179927 0.007394 0.305777
0.179838 0.007241 0.305731
0.179749 0.007088 0.305684
0.179733 0.006868 0.305598
0.179644 0.006715 0.305551
0.179555 0.006561 0.305505
0.179539 0.006340 0.305418
0.179522 0.006118 0.305330
0.179433 0.005964 0.305284
0.179416 0.005742 0.305197
0.179399 0.005519 0.305109
0.179309 0.005365 0.305062
0.179292 0.005141 0.304975
0.179274 0.004918 0.304887
0.179184 0.004763 0.304840
0.179166 0.004538 0.304752
0.179147 0.004313 0.304664
0.179128 0.004088 0.304576
0.179038 0.003933 0.304529
0.178948 0.003778 0.304482
0.178858 0.003622 0.304434
0.178768 0.003467 0.304387
0.182780 -0.002744 0.301163
0.182612 -0.002840 0.301153
0.182445 -0.002936 0.301144
0.182346 -0.003105 0.301092
0.182179 -0.003201 0.301083
0.182081 -0.003370 0.301032
0.181914 -0.003464 0.301023
0.181816 -0.003633 0.300971
0.191159 0.009789 0.304557
0.191059 0.009617 0.304505
0.190487 0.009787 0.304676
0.190388 0.009616 0.304624
0.190210 0.009503 0.304610
0.189955 0.009448 0.304633
0.189778 0.009335 0.304619
0.189679 0.009165 0.304567
0.189502 0.009054 0.304553
0.189404 0.008884 0.304501
0.189228 0.008773 0.304488
0.189129 0.008604 0.304436
0.188954 0.008493 0.304422
0.188778 0.008383 0.304409
0.188680 0.008214 0.304358
0.188582 0.008045 0.304306
0.188484 0.007876 0.304255
0.182499 0.010284 0.306300
0.182410 0.010129 0.306253
0.182244 0.010037 0.306245
0.182079 0.009945 0.306237
0.181914 0.009853 0.306229
0.181824 0.009699 0.306182
0.181585 0.009671 0.306214
0.181421 0.009581 0.306206
0.181331 0.009427 0.306160
0.181168 0.009338 0.306152
0.181079 0.009184 0.306106
0.180915 0.009095 0.306098
0.180826 0.008942 0.306052
0.180663 0.008854 0.306045
0.180574 0.008701 0.305998
0.180412 0.008613 0.305992
0.180323 0.008460 0.305945
0.180234 0.008307 0.305899
0.180072 0.008221 0.305892
0.179983 0.008068 0.305846
0.179895 0.007915 0.305800
0.179806 0.007763 0.305753
0.179718 0.007610 0.305707
0.179629 0.007458 0.305660
0.179614 0.007238 0.305574
0.179525 0.007085 0.305527
0.179436 0.006932 0.305481
0.179348 0.006779 0.305434
0.179331 0.006559 0.305347
0.179315 0.006337 0.305260
0.179226 0.006184 0.305214
0.179209 0.005962 0.305126
0.179192 0.005740 0.305039
0.179103 0.005586 0.304992
0.179085 0.005363 0.304905
0.178996 0.005209 0.304858
0.178907 0.005055 0.304811
0.178889 0.004832 0.304723
0.178870 0.004607 0.304635
0.178781 0.004453 0.304588
0.178691 0.004299 0.304541
0.178602 0.004144 0.304494
0.178442 0.004061 0.304489
0.178352 0.003907 0.304442
0.182711 -0.002653 0.300996
0.182543 -0.002749 0.300986
0.182375 -0.002845 0.300977
0.182277 -0.003014 0.300925
0.182110 -0.003110 0.300916
0.182012 -0.003279 0.300865
0.181845 -0.003373 0.300856
0.181747 -0.003542 0.300805
0.181649 -0.003711 0.300754
0.181551 -0.003880 0.300702
0.191008 0.011859 0.305211
0.190909 0.011690 0.305159
0.190417 0.009879 0.304508
0.190318 0.009708 0.304456
0.190140 0.009594 0.304442
0.189885 0.009539 0.304465
0.189708 0.009427 0.304451
0.189609 0.009257 0.304399
0.189433 0.009145 0.304386
0.189334 0.008975 0.304334
0.189158 0.008864 0.304321
0.189060 0.008695 0.304269
0.188884 0.008584 0.304256
0.188786 0.008415 0.304204
0.188611 0.008305 0.304191
0.188513 0.008136 0.304140
0.182809 0.011203 0.306422
0.182719 0.011048 0.306375
0.182629 0.010893 0.306328
0.182540 0.010739 0.306281
0.182450 0.010584 0.306234
0.182284 0.010491 0.306226
0.182195 0.010337 0.306179
0.182030 0.010245 0.306171
0.181865 0.010153 0.306163
0.181775 0.009999 0.306116
0.181611 0.009908 0.306109
0.181447 0.009817 0.306101
0.181283 0.009727 0.306094
0.181119 0.009637 0.306087
0.181030 0.009484 0.306040
0.180941 0.009331 0.305994
0.180778 0.009242 0.305987
0.180689 0.009089 0.305941
0.180526 0.009001 0.305934
0.180438 0.008848 0.305887
0.180275 0.008760 0.305881
0.180186 0.008608 0.305835
0.180098 0.008455 0.305788
0.179936 0.008368 0.305782
0.179848 0.008216 0.305736
0.179759 0.008064 0.305689
0.179671 0.007911 0.305643
0.179582 0.007759 0.305597
0.179494 0.007606 0.305551
0.179478 0.007387 0.305464
0.179390 0.007234 0.305417
0.179301 0.007082 0.305371
0.179213 0.006929 0.305325
0.179196 0.006709 0.305237
0.179108 0.006556 0.305191
0.179091 0.006335 0.305104
0.179002 0.006182 0.305057
0.178985 0.005960 0.304970
0.178896 0.005807 0.304923
0.178808 0.005653 0.304876
0.178790 0.005431 0.304789
0.178701 0.005277 0.304742
0.178612 0.005124 0.304695
0.178594 0.004900 0.304607
0.178505 0.004747 0.304561
0.178345 0.004664 0.304555
0.178256 0.004510 0.304509
0.178096 0.004428 0.304504
0.178007 0.004274 0.304457
0.182641 -0.002561 0.300828
0.182473 -0.002658 0.300819
0.182168 -0.002608 0.300895
0.182001 -0.002703 0.300886
0.181903 -0.002871 0.300835
0.181736 -0.002966 0.300826
0.181638 -0.003134 0.300775
0.181541 -0.003303 0.300724
0.181375 -0.003397 0.300716
0.181277 -0.003565 0.300664
0.181248 -0.003808 0.300570
0.191269 0.012906 0.305374
0.191171 0.012737 0.305323
0.191073 0.012568 0.305272
0.190975 0.012398 0.305220
0.190877 0.012229 0.305169
0.190858 0.012005 0.305080
0.190840 0.011781 0.304992
0.190070 0.009686 0.304274
0.189815 0.009630 0.304297
0.189716 0.009460 0.304246
0.189540 0.009348 0.304232
0.189441 0.009178 0.304180
0.189265 0.009066 0.304167
0.189166 0.008897 0.304115
0.189068 0.008727 0.304064
0.188892 0.008616 0.304050
0.188794 0.008447 0.303999
0.182925 0.011595 0.306363
0.182759 0.011501 0.306355
0.182669 0.011347 0.306308
0.182580 0.011192 0.306261
0.182490 0.011038 0.306214
0.182400 0.010883 0.306167
0.182311 0.010729 0.306120
0.182145 0.010636 0.306113
0.182056 0.010482 0.306066
0.181891 0.010390 0.306058
0.181726 0.010298 0.306051
0.181637 0.010144 0.306004
0.181473 0.010053 0.305997
0.181384 0.009900 0.305950
0.181220 0.009810 0.305943
0.181056 0.009720 0.305936
0.180893 0.009630 0.305929
0.180729 0.009541 0.305923
0.180567 0.009453 0.305916
0.180478 0.009300 0.305870
0.180315 0.009212 0.305863
0.180227 0.009060 0.305817
0.180065 0.008972 0.305811
0.179977 0.008820 0.305765
0.179888 0.008668 0.305718
0.179800 0.008516 0.305672
0.179712 0.008364 0.305626
0.179623 0.008212 0.305580
0.179535 0.008059 0.305533
0.179447 0.007907 0.305487
0.179359 0.007755 0.305441
0.179270 0.007603 0.305395
0.179255 0.007384 0.305308
0.179166 0.007231 0.305261
0.179078 0.007079 0.305215
0.179062 0.006859 0.305128
0.178973 0.006706 0.305081
0.178885 0.006554 0.305035
0.178868 0.006332 0.304947
0.178779 0.006180 0.304901
0.178691 0.006027 0.304855
0.178673 0.005805 0.304767
0.178585 0.005652 0.304720
0.178496 0.005499 0.304674
0.178407 0.005346 0.304627
0.178318 0.005193 0.304581
0.178159 0.005110 0.304576
0.178070 0.004957 0.304530
0.177981 0.004804 0.304483
0.177822 0.004723 0.304479
0.177734 0.004570 0.304432
0.177575 0.004489 0.304428
0.177487 0.004336 0.304382
0.181891 -0.002297 0.300856
0.181725 -0.002392 0.300848
0.181627 -0.002560 0.300797
0.181461 -0.002654 0.300789
0.181364 -0.002822 0.300738
0.181266 -0.002990 0.300687
0.181169 -0.003157 0.300636
0.181072 -0.003325 0.300585
0.181042 -0.003568 0.300491
0.180945 -0.003736 0.300440
0.180983 -0.004054 0.300302
0.193369 0.013472 0.305001
0.193025 0.013455 0.305058
0.192600 0.013491 0.305151
0.192258 0.013477 0.305209
0.192159 0.013306 0.305157
0.191495 0.013505 0.305362
0.191396 0.013335 0.305310
0.191218 0.013219 0.305296
0.191120 0.013050 0.305244
0.191022 0.012881 0.305193
0.190924 0.012712 0.305142
0.190906 0.012489 0.305053
0.190807 0.012320 0.305002
0.190789 0.012096 0.304913
0.190691 0.011927 0.304862
0.189647 0.009552 0.304078
0.189548 0.009382 0.304026
0.189449 0.009212 0.303975
0.189351 0.009041 0.303923
0.183221 0.012298 0.306399
0.183131 0.012143 0.306352
0.183041 0.011988 0.306305
0.182951 0.011833 0.306258
0.182785 0.011739 0.306250
0.182696 0.011584 0.306203
0.182530 0.011491 0.306195
0.182440 0.011336 0.306148
0.182351 0.011182 0.306101
0.182185 0.011089 0.306093
0.182096 0.010935 0.306047
0.182007 0.010781 0.306000
0.181842 0.010689 0.305992
0.181677 0.010597 0.305985
0.181588 0.010443 0.305939
0.181499 0.010290 0.305892
0.181335 0.010199 0.305885
0.181171 0.010108 0.305878
0.181007 0.010018 0.305871
0.180844 0.009929 0.305865
0.180681 0.009840 0.305858
0.180593 0.009687 0.305812
0.180430 0.009599 0.305806
0.180267 0.009511 0.305800
0.180105 0.009423 0.305794
0.180017 0.009271 0.305747
0.179855 0.009184 0.305742
0.179767 0.009032 0.305696
0.179679 0.008881 0.305649
0.179591 0.008729 0.305603
0.179503 0.008577 0.305557
0.179415 0.008425 0.305511
0.179327 0.008274 0.305465
0.179312 0.008056 0.305378
0.179224 0.007904 0.305332
0.179135 0.007752 0.305286
0.179047 0.007600 0.305240
0.179031 0.007380 0.305152
0.178943 0.007228 0.305106
0.178927 0.007008 0.305019
0.178839 0.006856 0.304972
0.178750 0.006704 0.304926
0.178733 0.006483 0.304838
0.178645 0.006330 0.304792
0.178556 0.006178 0.304745
0.178468 0.006025 0.304699
0.178379 0.005873 0.304653
0.178291 0.005720 0.304606
0.178202 0.005567 0.304560
0.178114 0.005415 0.304514
0.177955 0.005332 0.304509
0.177866 0.005180 0.304463
0.177778 0.005028 0.304417
0.177619 0.004946 0.304412
0.177460 0.004865 0.304408
0.177372 0.004713 0.304362
0.177284 0.004561 0.304316
0.181822 -0.002207 0.300691
0.181518 -0.002155 0.300768
0.181421 -0.002323 0.300717
0.181255 -0.002417 0.300709
0.181158 -0.002584 0.300659
0.181061 -0.002751 0.300608
0.180964 -0.002919 0.300557
0.180867 -0.003086 0.300506
0.180770 -0.003253 0.300455
0.180740 -0.003495 0.300361
0.180711 -0.003738 0.300267
0.180681 -0.003981 0.300172
0.194151 0.013501 0.304644
0.193643 0.013583 0.304773
0.192892 0.013823 0.305013
0.192061 0.014117 0.305291
0.191801 0.014051 0.305313
0.191622 0.013934 0.305298
0.191443 0.013817 0.305283
0.191345 0.013648 0.305232
0.191247 0.013479 0.305181
0.191148 0.013310 0.305129
0.191050 0.013141 0.305078
0.190952 0.012972 0.305026
0.190854 0.012803 0.304975
0.190756 0.012634 0.304924
0.190738 0.012411 0.304835
0.190640 0.012242 0.304784
0.190621 0.012018 0.304695
0.183247 0.012535 0.306293
0.183157 0.012381 0.306246
0.182991 0.012285 0.306238
0.182901 0.012131 0.306191
0.182812 0.011976 0.306144
0.182722 0.011822 0.306097
0.182556 0.011728 0.306090
0.182467 0.011573 0.306043
0.182301 0.011480 0.306035
0.182212 0.011326 0.305988
0.182047 0.011233 0.305981
0.181957 0.011079 0.305934
0.181868 0.010925 0.305888
0.181703 0.010833 0.305880
0.181539 0.010742 0.305874
0.181450 0.010588 0.305827
0.181286 0.010497 0.305820
0.181122 0.010407 0.305813
0.180959 0.010317 0.305807
0.180796 0.010227 0.305801
0.180707 0.010074 0.305754
0.180544 0.009985 0.305748
0.180307 0.009961 0.305782
0.180219 0.009809 0.305736
0.180057 0.009721 0.305730
0.179895 0.009633 0.305725
0.179733 0.009547 0.305719
0.179646 0.009395 0.305673
0.179558 0.009244 0.305627
0.179470 0.009093 0.305581
0.179382 0.008941 0.305535
0.179295 0.008790 0.305489
0.179207 0.008639 0.305443
0.179119 0.008487 0.305397
0.179104 0.008270 0.305310
0.179016 0.008118 0.305264
0.179001 0.007900 0.305177
0.178913 0.007748 0.305131
0.178897 0.007529 0.305044
0.178809 0.007377 0.304997
0.178720 0.007226 0.304951
0.178704 0.007006 0.304864
0.178616 0.006854 0.304817
0.178599 0.006633 0.304729
0.178511 0.006481 0.304683
0.178422 0.006328 0.304637
0.178334 0.006176 0.304591
0.178246 0.006024 0.304544
0.178086 0.005941 0.304540
0.177998 0.005788 0.304494
0.177910 0.005636 0.304447
0.177751 0.005554 0.304443
0.177663 0.005402 0.304397
0.177574 0.005250 0.304351
0.177416 0.005169 0.304347
0.177328 0.005017 0.304301
0.177240 0.004865 0.304255
0.177152 0.004714 0.304209
0.176994 0.004633 0.304205
0.176906 0.004482 0.304159
0.176818 0.004330 0.304113
0.176730 0.004179 0.304067
0.176643 0.004027 0.304021
0.181312 -0.001919 0.300689
0.181146 -0.002013 0.300682
0.181049 -0.002180 0.300631
0.180952 -0.002346 0.300580
0.180856 -0.002513 0.300530
0.180759 -0.002680 0.300479
0.180662 -0.002847 0.300428
0.180565 -0.003014 0.300377
0.180536 -0.003256 0.300283
0.180507 -0.003498 0.300189
0.180477 -0.003740 0.300094
0.180515 -0.004059 0.299955
0.193365 0.014278 0.304891
0.193265 0.014105 0.304838
0.192821 0.013915 0.304844
0.191749 0.014363 0.305234
0.191569 0.014246 0.305219
0.191471 0.014077 0.305168
0.191373 0.013908 0.305117
0.191195 0.013792 0.305102
0.191016 0.013676 0.305088
0.190919 0.013507 0.305037
0.190821 0.013338 0.304986
0.190723 0.013170 0.304935
0.190705 0.012948 0.304846
0.190607 0.012779 0.304795
0.190589 0.012556 0.304706
0.190491 0.012387 0.304654
0.190472 0.012164 0.304565
0.190453 0.011940 0.304476
0.183107 0.012677 0.306180
0.183017 0.012523 0.306133
0.182851 0.012428 0.306125
0.182761 0.012274 0.306078
0.182672 0.012119 0.306031
0.182582 0.011965 0.305984
0.182493 0.011811 0.305937
0.182327 0.011717 0.305930
0.182238 0.011563 0.305883
0.182073 0.011470 0.305876
0.181983 0.011316 0.305829
0.181894 0.011162 0.305783
0.181654 0.011131 0.305815
0.181490 0.011039 0.305809
0.181401 0.010886 0.305762
0.181237 0.010795 0.305756
0.181073 0.010704 0.305749
0.180910 0.010614 0.305743
0.180747 0.010524 0.305737
0.180584 0.010435 0.305731
0.180421 0.010346 0.305725
0.180259 0.010258 0.305719
0.180097 0.010169 0.305713
0.179935 0.010082 0.305708
0.179773 0.009995 0.305703
0.179612 0.009908 0.305697
0.179524 0.009757 0.305652
0.179437 0.009606 0.305606
0.179276 0.009520 0.305601
0.179188 0.009369 0.305555
0.179101 0.009219 0.305509
0.179013 0.009068 0.305463
0.178999 0.008852 0.305376
0.178911 0.008701 0.305331
0.178897 0.008484 0.305243
0.178881 0.008266 0.305156
0.178794 0.008115 0.305110
0.178778 0.007897 0.305023
0.178690 0.007745 0.304977
0.178674 0.007526 0.304889
0.178658 0.007307 0.304801
0.178570 0.007155 0.304755
0.178482 0.007003 0.304709
0.178394 0.006851 0.304663
0.178306 0.006699 0.304617
0.178217 0.006547 0.304571
0.178129 0.006396 0.304524
0.178041 0.006244 0.304478
0.177953 0.006092 0.304432
0.177865 0.005940 0.304386
0.177777 0.005788 0.304340
0.177618 0.005706 0.304336
0.177530 0.005554 0.304290
0.177442 0.005402 0.304244
0.177284 0.005321 0.304240
0.177196 0.005169 0.304194
0.177108 0.005018 0.304148
0.177020 0.004866 0.304102
0.176932 0.004715 0.304056
0.176844 0.004563 0.304010
0.176756 0.004412 0.303964
0.176668 0.004260 0.303918
0.176580 0.004109 0.303872
0.176492 0.003957 0.303826
0.181243 -0.001829 0.300525
0.180941 -0.001776 0.300604
0.180844 -0.001943 0.300553
0.180747 -0.002109 0.300503
0.180651 -0.002276 0.300452
0.180554 -0.002442 0.300402
0.180458 -0.002609 0.300351
0.180429 -0.002850 0.300257
0.180332 -0.003016 0.300206
0.180303 -0.003258 0.300111
0.180274 -0.003500 0.300017
0.180311 -0.003818 0.299878
0.180281 -0.004061 0.299783
0.193721 0.014341 0.304626
0.193294 0.014370 0.304721
0.192136 0.014860 0.305148
0.191957 0.014742 0.305133
0.191859 0.014572 0.305081
0.191598 0.014506 0.305104
0.191500 0.014337 0.305053
0.191241 0.014272 0.305076
0.191143 0.014103 0.305025
0.191045 0.013935 0.304973
0.190947 0.013766 0.304922
0.190849 0.013598 0.304871
0.190671 0.013482 0.304857
0.190574 0.013314 0.304806
0.190556 0.013092 0.304717
0.190458 0.012923 0.304666
0.190360 0.012755 0.304615
0.190342 0.012532 0.304526
0.190323 0.012309 0.304436
0.190384 0.012031 0.304309
0.183300 0.013011 0.306082
0.183133 0.012915 0.306074
0.182967 0.012819 0.306067
0.182877 0.012665 0.306020
0.182788 0.012511 0.305973
0.182622 0.012416 0.305965
0.182532 0.012262 0.305919
0.182443 0.012108 0.305872
0.182277 0.012014 0.305865
0.182188 0.011860 0.305818
0.182023 0.011767 0.305811
0.181858 0.011674 0.305804
0.181694 0.011581 0.305797
0.181605 0.011428 0.305751
0.181441 0.011336 0.305744
0.181202 0.011306 0.305778
0.181113 0.011154 0.305732
0.180950 0.011063 0.305725
0.180786 0.010973 0.305719
0.180623 0.010884 0.305714
0.180461 0.010794 0.305708
0.180373 0.010643 0.305662
0.180136 0.010617 0.305697
0.180048 0.010466 0.305651
0.179887 0.010378 0.305645
0.179725 0.010291 0.305640
0.179564 0.010204 0.305635
0.179402 0.010117 0.305630
0.179315 0.009967 0.305585
0.179154 0.009881 0.305580
0.179067 0.009731 0.305534
0.178980 0.009580 0.305489
0.178893 0.009430 0.305443
0.178879 0.009215 0.305356
0.178791 0.009064 0.305310
0.178777 0.008848 0.305223
0.178689 0.008697 0.305177
0.178674 0.008480 0.305090
0.178659 0.008263 0.305003
0.178644 0.008045 0.304915
0.178556 0.007894 0.304869
0.178540 0.007675 0.304781
0.178524 0.007456 0.304693
0.178436 0.007304 0.304647
0.178348 0.007153 0.304601
0.178331 0.006933 0.304513
0.178243 0.006781 0.304467
0.178155 0.006629 0.304421
0.178067 0.006477 0.304375
0.177979 0.006325 0.304328
0.177820 0.006242 0.304325
0.177732 0.006091 0.304278
0.177644 0.005939 0.304232
0.177485 0.005857 0.304229
0.177397 0.005705 0.304183
0.177239 0.005624 0.304179
0.177151 0.005473 0.304133
0.177064 0.005321 0.304087
0.176976 0.005170 0.304042
0.176888 0.005019 0.303996
0.176870 0.004796 0.303907
0.176782 0.004645 0.303860
0.176694 0.004493 0.303814
0.176537 0.004414 0.303812
0.176449 0.004262 0.303766
0.176430 0.004039 0.303676
0.176342 0.003887 0.303630
0.180804 -0.001614 0.300483
0.180707 -0.001780 0.300433
0.180611 -0.001946 0.300382
0.180514 -0.002113 0.300332
0.180418 -0.002279 0.300281
0.180322 -0.002445 0.300231
0.180225 -0.002611 0.300180
0.180129 -0.002778 0.300130
0.180100 -0.003019 0.300035
0.180138 -0.003335 0.299896
0.180108 -0.003577 0.299801
0.180078 -0.003820 0.299706
0.180115 -0.004139 0.299567
0.192084 0.015172 0.305069
0.191904 0.015053 0.305054
0.191806 0.014884 0.305003
0.191708 0.014715 0.304952
0.191448 0.014648 0.304975
0.191269 0.014531 0.304961
0.191172 0.014363 0.304910
0.190993 0.014246 0.304896
0.190815 0.014130 0.304882
0.190718 0.013962 0.304831
0.190620 0.013794 0.304780
0.190522 0.013626 0.304729
0.190425 0.013457 0.304678
0.190327 0.013289 0.304627
0.190230 0.013121 0.304576
0.190132 0.012953 0.304524
0.190114 0.012731 0.304435
0.190254 0.012400 0.304270
0.183506 0.013558 0.306071
0.183416 0.013404 0.306024
0.183326 0.013249 0.305977
0.183159 0.013153 0.305969
0.183070 0.012998 0.305922
0.182903 0.012902 0.305915
0.182737 0.012807 0.305907
0.182648 0.012653 0.305860
0.182559 0.012499 0.305814
0.182393 0.012404 0.305806
0.182304 0.012250 0.305760
0.182138 0.012157 0.305753
0.181973 0.012063 0.305746
0.181809 0.011970 0.305739
0.181644 0.011878 0.305733
0.181405 0.011846 0.305767
0.181316 0.011694 0.305720
0.181152 0.011602 0.305714
0.180914 0.011573 0.305748
0.180751 0.011483 0.305743
0.180588 0.011393 0.305737
0.180500 0.011241 0.305691
0.180337 0.011152 0.305686
0.180175 0.011064 0.305680
0.180088 0.010912 0.305634
0.179926 0.010824 0.305629
0.179764 0.010737 0.305624
0.179603 0.010649 0.305619
0.179515 0.010499 0.305573
0.179354 0.010412 0.305569
0.179194 0.010326 0.305564
0.179107 0.010176 0.305519
0.179020 0.010026 0.305473
0.178932 0.009876 0.305427
0.178845 0.009726 0.305382
0.178758 0.009576 0.305336
0.178671 0.009426 0.305291
0.178584 0.009276 0.305245
0.178570 0.009060 0.305158
0.178555 0.008844 0.305071
0.178540 0.008627 0.304983
0.178453 0.008477 0.304937
0.178438 0.008259 0.304850
0.178422 0.008042 0.304762
0.178406 0.007824 0.304674
0.178318 0.007672 0.304628
0.178302 0.007454 0.304540
0.178286 0.007234 0.304452
0.178198 0.007083 0.304406
0.178110 0.006931 0.304359
0.178022 0.006779 0.304313
0.177934 0.006627 0.304267
0.177846 0.006476 0.304221
0.177687 0.006393 0.304218
0.177599 0.006241 0.304172
0.177511 0.006090 0.304126
0.177423 0.005938 0.304079
0.177265 0.005857 0.304076
0.177177 0.005705 0.304030
0.177089 0.005554 0.303984
0.177002 0.005403 0.303938
0.176914 0.005251 0.303892
0.176826 0.005100 0.303846
0.176738 0.004949 0.303800
0.176650 0.004798 0.303754
0.176563 0.004646 0.303708
0.176475 0.004495 0.303662
0.176387 0.004344 0.303616
0.176368 0.004120 0.303527
0.176280 0.003969 0.303481
0.176261 0.003745 0.303391
0.180736 -0.001524 0.300320
0.180571 -0.001617 0.300313
0.180475 -0.001784 0.300262
0.180378 -0.001950 0.300212
0.180282 -0.002116 0.300162
0.180186 -0.002282 0.300111
0.180089 -0.002448 0.300061
0.179993 -0.002614 0.300010
0.179964 -0.002854 0.299915
0.179935 -0.003096 0.299820
0.179905 -0.003337 0.299725
0.179943 -0.003655 0.299586
0.179980 -0.003973 0.299446
0.180016 -0.004292 0.299306
0.191869 0.015583 0.305065
0.191689 0.015465 0.305051
0.191591 0.015296 0.304999
0.191494 0.015128 0.304948
0.191396 0.014959 0.304897
0.191136 0.014893 0.304921
0.191039 0.014725 0.304870
0.190941 0.014557 0.304819
0.190763 0.014441 0.304805
0.190586 0.014325 0.304792
0.190488 0.014157 0.304741
0.190391 0.013989 0.304690
0.190294 0.013822 0.304639
0.190196 0.013654 0.304588
0.190099 0.013486 0.304537
0.190002 0.013318 0.304486
0.189904 0.013151 0.304435
0.190045 0.012821 0.304269
0.183532 0.013796 0.305965
0.183442 0.013642 0.305918
0.183275 0.013545 0.305911
0.183109 0.013448 0.305903
0.183019 0.013294 0.305856
0.182853 0.013198 0.305849
0.182764 0.013044 0.305802
0.182598 0.012949 0.305795
0.182508 0.012795 0.305748
0.182419 0.012641 0.305702
0.182254 0.012546 0.305695
0.182089 0.012452 0.305688
0.181848 0.012419 0.305722
0.181759 0.012266 0.305675
0.181519 0.012233 0.305709
0.181355 0.012141 0.305703
0.181116 0.012110 0.305737
0.181028 0.011959 0.305691
0.180865 0.011868 0.305685
0.180627 0.011839 0.305720
0.180464 0.011749 0.305715
0.180301 0.011660 0.305710
0.180214 0.011509 0.305664
0.180052 0.011420 0.305659
0.179890 0.011332 0.305654
0.179803 0.011182 0.305608
0.179641 0.011094 0.305603
0.179554 0.010944 0.305558
0.179393 0.010857 0.305553
0.179232 0.010770 0.305549
0.179072 0.010684 0.305544
0.178985 0.010535 0.305499
0.178825 0.010449 0.305495
0.178738 0.010300 0.305449
0.178652 0.010151 0.305404
0.178565 0.010001 0.305359
0.178478 0.009852 0.305313
0.178392 0.009702 0.305268
0.178378 0.009488 0.305181
0.178291 0.009338 0.305135
0.178276 0.009122 0.305048
0.178262 0.008907 0.304960
0.178247 0.008690 0.304873
0.178232 0.008474 0.304785
0.178216 0.008256 0.304697
0.178201 0.008039 0.304609
0.178185 0.007821 0.304521
0.178169 0.007602 0.304433
0.178081 0.007451 0.304387
0.177993 0.007300 0.304341
0.177976 0.007080 0.304252
0.177888 0.006929 0.304206
0.177801 0.006777 0.304160
0.177713 0.006626 0.304114
0.177625 0.006474 0.304068
0.177466 0.006392 0.304065
0.177379 0.006241 0.304019
0.177291 0.006089 0.303973
0.177203 0.005938 0.303927
0.177115 0.005787 0.303881
0.177027 0.005635 0.303835
0.176870 0.005554 0.303832
0.176782 0.005403 0.303786
0.176694 0.005252 0.303741
0.176607 0.005101 0.303695
0.176588 0.004879 0.303605
0.176501 0.004728 0.303559
0.176413 0.004576 0.303513
0.176325 0.004425 0.303467
0.176306 0.004202 0.303378
0.176218 0.004050 0.303332
0.176199 0.003826 0.303242
0.180435 -0.001455 0.300193
0.180339 -0.001621 0.300143
0.180242 -0.001787 0.300093
0.180146 -0.001953 0.300042
0.180050 -0.002118 0.299992
0.179954 -0.002284 0.299941
0.179857 -0.002450 0.299891
0.179829 -0.002690 0.299796
0.179799 -0.002931 0.299701
0.179770 -0.003173 0.299606
0.179807 -0.003490 0.299466
0.179777 -0.003732 0.299370
0.179814 -0.004050 0.299230
0.179916 -0.004446 0.299044
0.191914 0.016061 0.305038
0.191816 0.015893 0.304987
0.191718 0.015724 0.304936
0.191539 0.015606 0.304922
0.191441 0.015437 0.304871
0.191263 0.015320 0.304857
0.191165 0.015152 0.304806
0.190987 0.015035 0.304793
0.190809 0.014918 0.304779
0.190631 0.014802 0.304766
0.190534 0.014635 0.304715
0.190356 0.014519 0.304702
0.190259 0.014352 0.304651
0.190082 0.014237 0.304639
0.189985 0.014070 0.304588
0.189888 0.013903 0.304537
0.189712 0.013789 0.304525
0.189615 0.013622 0.304474
0.189518 0.013455 0.304423
0.183391 0.013937 0.305852
0.183224 0.013840 0.305845
0.183135 0.013685 0.305798
0.182969 0.013589 0.305791
0.182802 0.013493 0.305784
0.182713 0.013339 0.305737
0.182547 0.013244 0.305730
0.182458 0.013090 0.305683
0.182293 0.012995 0.305677
0.182128 0.012901 0.305670
0.182039 0.012748 0.305624
0.181798 0.012714 0.305657
0.181634 0.012621 0.305651
0.181469 0.012528 0.305645
0.181230 0.012496 0.305680
0.181066 0.012405 0.305674
0.180828 0.012374 0.305709
0.180740 0.012223 0.305663
0.180652 0.012071 0.305617
0.180340 0.012104 0.305693
0.180178 0.012015 0.305688
0.180090 0.011864 0.305643
0.179928 0.011776 0.305638
0.179767 0.011688 0.305633
0.179606 0.011600 0.305629
0.179519 0.011450 0.305583
0.179358 0.011363 0.305579
0.179271 0.011214 0.305533
0.179110 0.011127 0.305529
0.178950 0.011041 0.305525
0.178863 0.010892 0.305480
0.178704 0.010807 0.305476
0.178617 0.010658 0.305431
0.178457 0.010573 0.305427
0.178371 0.010424 0.305382
0.178285 0.010275 0.305337
0.178199 0.010127 0.305291
0.178112 0.009978 0.305246
0.178099 0.009764 0.305159
0.178012 0.009615 0.305114
0.177998 0.009400 0.305027
0.177984 0.009185 0.304939
0.177969 0.008970 0.304851
0.177954 0.008754 0.304764
0.177939 0.008537 0.304676
0.177924 0.008320 0.304588
0.177908 0.008103 0.304500
0.177892 0.007885 0.304411
0.177876 0.007667 0.304323
0.177860 0.007449 0.304234
0.177772 0.007298 0.304188
0.177755 0.007078 0.304100
0.177668 0.006927 0.304054
0.177580 0.006776 0.304008
0.177492 0.006624 0.303962
0.177404 0.006473 0.303916
0.177316 0.006322 0.303870
0.177229 0.006171 0.303824
0.177141 0.006019 0.303778
0.176983 0.005938 0.303775
0.176896 0.005787 0.303729
0.176808 0.005636 0.303683
0.176720 0.005485 0.303638
0.176633 0.005333 0.303592
0.176545 0.005182 0.303546
0.176526 0.004960 0.303456
0.176439 0.004809 0.303410
0.176351 0.004658 0.303364
0.176263 0.004506 0.303318
0.176244 0.004283 0.303228
0.176156 0.004131 0.303182
0.176137 0.003908 0.303092
0.180367 -0.001366 0.300030
0.180203 -0.001459 0.300024
0.180106 -0.001624 0.299973
0.180010 -0.001790 0.299923
0.179982 -0.002029 0.299828
0.179886 -0.002195 0.299778
0.179789 -0.002361 0.299727
0.179693 -0.002527 0.299677
0.179664 -0.002767 0.299582
0.179635 -0.003008 0.299487
0.179605 -0.003250 0.299391
0.179642 -0.003567 0.299250
0.179679 -0.003885 0.299110
0.179714 -0.004204 0.298968
0.179750 -0.004523 0.298827
0.191844 0.016152 0.304872
0.191584 0.016083 0.304896
0.191486 0.015915 0.304845
0.191389 0.015747 0.304794
0.191210 0.015629 0.304780
0.191113 0.015461 0.304729
0.190935 0.015344 0.304716
0.190837 0.015176 0.304665
0.190659 0.015060 0.304652
0.190482 0.014944 0.304639
0.190305 0.014828 0.304626
0.190127 0.014713 0.304614
0.189951 0.014598 0.304601
0.189854 0.014432 0.304551
0.189677 0.014318 0.304538
0.189501 0.014204 0.304526
0.189405 0.014038 0.304476
0.189546 0.013712 0.304309
0.189450 0.013545 0.304259
0.183495 0.014117 0.305707
0.183251 0.014077 0.305740
0.183084 0.013980 0.305732
0.182995 0.013826 0.305686
0.182829 0.013729 0.305679
0.182663 0.013634 0.305672
0.182573 0.013480 0.305625
0.182408 0.013385 0.305619
0.182243 0.013290 0.305612
0.182154 0.013137 0.305566
0.181989 0.013042 0.305559
0.181748 0.013008 0.305594
0.181584 0.012915 0.305588
0.181344 0.012882 0.305622
0.181180 0.012790 0.305617
0.181017 0.012698 0.305611
0.180929 0.012546 0.305565
0.180615 0.012576 0.305641
0.180528 0.012426 0.305596
0.180291 0.012397 0.305631
0.180128 0.012307 0.305627
0.179967 0.012218 0.305622
0.179805 0.012130 0.305617
0.179718 0.011980 0.305572
0.179557 0.011892 0.305568
0.179396 0.011805 0.305563
0.179235 0.011718 0.305559
0.179148 0.011569 0.305514
0.178988 0.011483 0.305510
0.178902 0.011334 0.305465
0.178742 0.011248 0.305461
0.178655 0.011099 0.305416
0.178496 0.011014 0.305413
0.178410 0.010866 0.305367
0.178323 0.010717 0.305322
0.178237 0.010569 0.305277
0.178078 0.010485 0.305274
0.177992 0.010336 0.305229
0.177906 0.010188 0.305184
0.177893 0.009974 0.305097
0.177806 0.009826 0.305051
0.177720 0.009677 0.305006
0.177706 0.009463 0.304919
0.177692 0.009248 0.304831
0.177677 0.009033 0.304743
0.177662 0.008817 0.304656
0.177647 0.008601 0.304568
0.177632 0.008385 0.304479
0.177616 0.008168 0.304391
0.177529 0.008018 0.304345
0.177585 0.007733 0.304214
0.177497 0.007582 0.304168
0.177481 0.007364 0.304080
0.177464 0.007145 0.303991
0.177377 0.006994 0.303945
0.177360 0.006774 0.303856
0.177272 0.006623 0.303810
0.177184 0.006472 0.303764
0.177097 0.006321 0.303718
0.176939 0.006240 0.303716
0.176851 0.006089 0.303670
0.176764 0.005938 0.303624
0.176676 0.005787 0.303578
0.176589 0.005636 0.303532
0.176571 0.005415 0.303443
0.176483 0.005264 0.303397
0.176464 0.005041 0.303307
0.176377 0.004890 0.303261
0.176289 0.004739 0.303215
0.176270 0.004516 0.303125
0.176182 0.004364 0.303079
0.176162 0.004141 0.302988
0.176074 0.003989 0.302942
0.176055 0.003765 0.302852
0.180135 -0.001370 0.299861
0.180039 -0.001535 0.299810
0.179942 -0.001701 0.299760
0.179846 -0.001866 0.299710
0.179750 -0.002032 0.299659
0.179654 -0.002198 0.299609
0.179625 -0.002438 0.299514
0.179529 -0.002603 0.299463
0.179500 -0.002844 0.299368
0.179470 -0.003085 0.299272
0.179507 -0.003402 0.299131
0.179477 -0.003644 0.299035
0.179513 -0.003962 0.298894
0.179548 -0.004281 0.298752
0.191531 0.016391 0.304819
0.191434 0.016223 0.304768
0.191336 0.016055 0.304717
0.191158 0.015937 0.304703
0.191060 0.015770 0.304652
0.190882 0.015652 0.304639
0.190785 0.015485 0.304589
0.190607 0.015368 0.304576
0.190430 0.015252 0.304563
0.190253 0.015137 0.304551
0.190076 0.015021 0.304538
0.189899 0.014907 0.304526
0.189642 0.014844 0.304552
0.189466 0.014730 0.304540
0.189290 0.014617 0.304528
0.189115 0.014504 0.304517
0.189019 0.014339 0.304466
0.184024 0.014652 0.305624
0.183856 0.014552 0.305616
0.183766 0.014397 0.305569
0.183277 0.014314 0.305634
0.183033 0.014274 0.305667
0.182944 0.014120 0.305621
0.182855 0.013966 0.305574
0.182689 0.013870 0.305567
0.182523 0.013774 0.305561
0.182434 0.013621 0.305514
0.182269 0.013525 0.305508
0.182027 0.013489 0.305542
0.181939 0.013336 0.305495
0.181774 0.013242 0.305490
0.181534 0.013208 0.305524
0.181370 0.013115 0.305519
0.181131 0.013082 0.305554
0.181043 0.012931 0.305508
0.180729 0.012959 0.305584
0.180566 0.012869 0.305579
0.180403 0.012778 0.305575
0.180316 0.012628 0.305529
0.180079 0.012599 0.305565
0.179917 0.012510 0.305561
0.179756 0.012422 0.305557
0.179669 0.012272 0.305511
0.179508 0.012184 0.305507
0.179347 0.012096 0.305503
0.179186 0.012009 0.305499
0.179100 0.011860 0.305454
0.178940 0.011774 0.305450
0.178853 0.011625 0.305405
0.178693 0.011540 0.305402
0.178534 0.011454 0.305398
0.178448 0.011306 0.305353
0.178288 0.011221 0.305350
0.178202 0.011073 0.305305
0.178117 0.010925 0.305260
0.178031 0.010777 0.305215
0.177872 0.010693 0.305212
0.177786 0.010545 0.305167
0.177700 0.010397 0.305122
0.177687 0.010184 0.305035
0.177601 0.010036 0.304990
0.177515 0.009888 0.304945
0.177501 0.009674 0.304857
0.177487 0.009460 0.304770
0.177401 0.009312 0.304724
0.177386 0.009097 0.304637
0.177443 0.008815 0.304506
0.177356 0.008666 0.304460
0.177341 0.008449 0.304372
0.177326 0.008233 0.304284
0.177310 0.008016 0.304195
0.177223 0.007866 0.304150
0.177207 0.007648 0.304061
0.177190 0.007430 0.303972
0.177174 0.007212 0.303883
0.177086 0.007061 0.303837
0.176999 0.006911 0.303791
0.176912 0.006760 0.303746
0.176895 0.006541 0.303656
0.176807 0.006390 0.303611
0.176720 0.006239 0.303565
0.176632 0.006089 0.303519
0.176545 0.005938 0.303473
0.176457 0.005787 0.303427
0.176439 0.005566 0.303338
0.176352 0.005415 0.303292
0.176333 0.005194 0.303202
0.176315 0.004972 0.303112
0.176227 0.004820 0.303066
0.176139 0.004669 0.303020
0.176120 0.004446 0.302929
0.176100 0.004222 0.302839
0.176081 0.003999 0.302748
0.175992 0.003847 0.302702
0.176040 0.003550 0.302567
0.179875 -0.001612 0.299597
0.179779 -0.001777 0.299546
0.179682 -0.001943 0.299496
0.179586 -0.002109 0.299446
0.179557 -0.002348 0.299350
0.179461 -0.002514 0.299300
0.179432 -0.002755 0.299204
0.179335 -0.002921 0.299154
0.179372 -0.003237 0.299012
0.179342 -0.003479 0.298916
0.179378 -0.003797 0.298774
0.179347 -0.004040 0.298678
0.179448 -0.004435 0.298490
0.191381 0.016531 0.304691
0.191284 0.016363 0.304640
0.191186 0.016195 0.304589
0.191008 0.016077 0.304576
0.190830 0.015960 0.304563
0.190652 0.015843 0.304551
0.190475 0.015727 0.304538
0.190378 0.015560 0.304487
0.190120 0.015495 0.304514
0.189944 0.015380 0.304501
0.189847 0.015214 0.304451
0.189591 0.015151 0.304477
0.189415 0.015037 0.304466
0.189239 0.014924 0.304454
0.189063 0.014811 0.304443
0.188809 0.014751 0.304470
0.188713 0.014586 0.304420
0.183972 0.014946 0.305558
0.183727 0.014903 0.305590
0.183637 0.014748 0.305543
0.183702 0.014481 0.305416
0.183059 0.014510 0.305562
0.182893 0.014413 0.305556
0.182727 0.014317 0.305549
0.182561 0.014221 0.305543
0.182473 0.014067 0.305496
0.182384 0.013914 0.305450
0.182218 0.013819 0.305444
0.182053 0.013724 0.305438
0.181889 0.013630 0.305432
0.181724 0.013536 0.305426
0.181560 0.013442 0.305421
0.181396 0.013349 0.305415
0.181156 0.013315 0.305451
0.180917 0.013283 0.305486
0.180754 0.013191 0.305481
0.180516 0.013160 0.305518
0.180354 0.013070 0.305513
0.180192 0.012980 0.305509
0.180105 0.012830 0.305463
0.179943 0.012740 0.305459
0.179781 0.012652 0.305454
0.179620 0.012563 0.305450
0.179459 0.012475 0.305447
0.179298 0.012387 0.305443
0.179212 0.012238 0.305398
0.179051 0.012151 0.305394
0.178891 0.012065 0.305391
0.178805 0.011916 0.305345
0.178645 0.011831 0.305342
0.178485 0.011745 0.305339
0.178400 0.011597 0.305294
0.178240 0.011512 0.305291
0.178155 0.011364 0.305246
0.177996 0.011280 0.305243
0.177910 0.011132 0.305199
0.177824 0.010985 0.305154
0.177739 0.010837 0.305109
0.177580 0.010754 0.305106
0.177495 0.010606 0.305062
0.177482 0.010394 0.304974
0.177396 0.010246 0.304929
0.177382 0.010033 0.304842
0.177296 0.009885 0.304797
0.177282 0.009672 0.304709
0.177197 0.009524 0.304664
0.177182 0.009309 0.304576
0.177168 0.009094 0.304488
0.177153 0.008879 0.304400
0.177066 0.008730 0.304354
0.177051 0.008515 0.304266
0.176965 0.008366 0.304221
0.176949 0.008149 0.304132
0.176933 0.007932 0.304043
0.176917 0.007715 0.303954
0.176901 0.007497 0.303865
0.176814 0.007347 0.303820
0.176727 0.007197 0.303774
0.176710 0.006979 0.303685
0.176623 0.006829 0.303639
0.176606 0.006609 0.303550
0.176519 0.006459 0.303504
0.176431 0.006309 0.303459
0.176414 0.006089 0.303369
0.176326 0.005938 0.303323
0.176308 0.005718 0.303233
0.176221 0.005567 0.303187
0.176202 0.005346 0.303097
0.176184 0.005124 0.303007
0.176096 0.004973 0.302961
0.176008 0.004822 0.302915
0.176058 0.004527 0.302780
0.176038 0.004304 0.302689
0.176018 0.004080 0.302598
0.175930 0.003928 0.302552
0.175910 0.003704 0.302461
0.175957 0.003406 0.302325
0.179615 -0.001854 0.299333
0.179518 -0.002020 0.299282
0.179489 -0.002259 0.299187
0.179393 -0.002425 0.299136
0.179297 -0.002591 0.299086
0.179267 -0.002832 0.298990
0.179237 -0.003073 0.298894
0.179207 -0.003314 0.298798
0.179243 -0.003631 0.298655
0.179279 -0.003950 0.298513
0.179313 -0.004269 0.298370
0.179414 -0.004665 0.298182
0.191328 0.016838 0.304615
0.191231 0.016670 0.304564
0.190971 0.016602 0.304589
0.190875 0.016434 0.304538
0.190778 0.016267 0.304487
0.190600 0.016150 0.304475
0.190422 0.016034 0.304463
0.190245 0.015918 0.304451
0.189988 0.015853 0.304477
0.189811 0.015738 0.304465
0.189635 0.015623 0.304453
0.189459 0.015509 0.304442
0.189363 0.015344 0.304392
0.189108 0.015282 0.304419
0.189012 0.015117 0.304369
0.188916 0.014952 0.304319
0.188582 0.014945 0.304386
0.188249 0.014938 0.304453
0.188075 0.014828 0.304443
0.187980 0.014664 0.304393
0.183843 0.015295 0.305532
0.183598 0.015251 0.305565
0.183509 0.015097 0.305518
0.183342 0.014999 0.305511
0.183252 0.014845 0.305464
0.183086 0.014747 0.305457
0.182919 0.014650 0.305451
0.182676 0.014609 0.305485
0.182588 0.014456 0.305438
0.182422 0.014360 0.305432
0.182257 0.014265 0.305426
0.182168 0.014112 0.305380
0.182003 0.014017 0.305374
0.181838 0.013922 0.305368
0.181674 0.013828 0.305363
0.181510 0.013734 0.305358
0.181346 0.013641 0.305352
0.181182 0.013548 0.305347
0.180943 0.013515 0.305383
0.180705 0.013482 0.305420
0.180542 0.013391 0.305415
0.180379 0.013301 0.305411
0.180142 0.013270 0.305448
0.179980 0.013181 0.305443
0.179894 0.013031 0.305398
0.179732 0.012942 0.305394
0.179571 0.012854 0.305390
0.179410 0.012765 0.305386
0.179323 0.012616 0.305341
0.179163 0.012529 0.305338
0.179077 0.012380 0.305293
0.178916 0.012293 0.305289
0.178756 0.012207 0.305286
0.178597 0.012121 0.305283
0.178511 0.011973 0.305238
0.178351 0.011887 0.305235
0.178265 0.011739 0.305190
0.178107 0.011655 0.305188
0.178021 0.011507 0.305143
0.177862 0.011423 0.305140
0.177777 0.011276 0.305095
0.177618 0.011192 0.305093
0.177533 0.011045 0.305048
0.177448 0.010898 0.305004
0.177362 0.010750 0.304959
0.177277 0.010603 0.304914
0.177263 0.010391 0.304827
0.177178 0.010243 0.304782
0.177092 0.010096 0.304737
0.177007 0.009948 0.304692
0.176993 0.009735 0.304604
0.176907 0.009587 0.304559
0.176893 0.009373 0.304471
0.176878 0.009159 0.304383
0.176792 0.009011 0.304338
0.176777 0.008796 0.304249
0.176691 0.008647 0.304204
0.176676 0.008432 0.304116
0.176660 0.008215 0.304027
0.176644 0.007999 0.303938
0.176628 0.007782 0.303849
0.176612 0.007564 0.303760
0.176525 0.007415 0.303714
0.176509 0.007197 0.303625
0.176422 0.007047 0.303580
0.176335 0.006898 0.303534
0.176318 0.006679 0.303444
0.176231 0.006529 0.303399
0.176144 0.006379 0.303353
0.176126 0.006159 0.303264
0.176108 0.005939 0.303173
0.176021 0.005789 0.303128
0.176003 0.005568 0.303038
0.176053 0.005276 0.302903
0.175966 0.005125 0.302857
0.175878 0.004974 0.302811
0.175927 0.004680 0.302675
0.175908 0.004457 0.302585
0.175888 0.004234 0.302494
0.175868 0.004010 0.302402
0.175847 0.003786 0.302311
0.175895 0.003488 0.302175
0.175806 0.003336 0.302128
0.179325 -0.002336 0.298973
0.179229 -0.002502 0.298922
0.179133 -0.002668 0.298872
0.179169 -0.002983 0.298730
0.179139 -0.003225 0.298633
0.179109 -0.003466 0.298537
0.179144 -0.003784 0.298394
0.179245 -0.004179 0.298205
0.179345 -0.004574 0.298016
0.179444 -0.004971 0.297826
0.191259 0.016928 0.304449
0.191162 0.016760 0.304399
0.190660 0.016839 0.304539
0.190563 0.016673 0.304489
0.190386 0.016556 0.304477
0.190209 0.016440 0.304465
0.190032 0.016324 0.304453
0.189855 0.016209 0.304441
0.189679 0.016094 0.304430
0.189503 0.015980 0.304418
0.189327 0.015865 0.304407
0.189151 0.015752 0.304396
0.188976 0.015639 0.304384
0.188801 0.015526 0.304374
0.188626 0.015413 0.304363
0.188531 0.015249 0.304313
0.188515 0.015033 0.304224
0.188024 0.015131 0.304370
0.187771 0.015074 0.304400
0.187676 0.014911 0.304350
0.183547 0.015544 0.305499
0.183380 0.015445 0.305493
0.183290 0.015291 0.305446
0.183201 0.015137 0.305399
0.183112 0.014983 0.305352
0.182946 0.014886 0.305346
0.182703 0.014845 0.305380
0.182537 0.014748 0.305374
0.182371 0.014652 0.305369
0.182283 0.014499 0.305322
0.182118 0.014404 0.305316
0.182029 0.014251 0.305270
0.181864 0.014156 0.305265
0.181700 0.014062 0.305259
0.181536 0.013968 0.305254
0.181372 0.013874 0.305249
0.181132 0.013840 0.305285
0.180969 0.013747 0.305280
0.180730 0.013714 0.305317
0.180568 0.013623 0.305312
0.180330 0.013591 0.305349
0.180168 0.013501 0.305345
0.180006 0.013411 0.305341
0.179844 0.013321 0.305337
0.179757 0.013172 0.305292
0.179596 0.013083 0.305288
0.179510 0.012934 0.305243
0.179349 0.012845 0.305240
0.179188 0.012758 0.305236
0.179102 0.012609 0.305191
0.178942 0.012522 0.305188
0.178782 0.012435 0.305185
0.178622 0.012349 0.305182
0.178536 0.012200 0.305137
0.178376 0.012115 0.305134
0.178217 0.012029 0.305132
0.178132 0.011882 0.305087
0.177973 0.011797 0.305084
0.177814 0.011713 0.305082
0.177729 0.011566 0.305037
0.177643 0.011418 0.304993
0.177485 0.011335 0.304991
0.177400 0.011188 0.304946
0.177315 0.011041 0.304901
0.177229 0.010894 0.304857
0.177144 0.010747 0.304812
0.177059 0.010600 0.304767
0.176974 0.010453 0.304723
0.176888 0.010306 0.304678
0.176803 0.010159 0.304633
0.176789 0.009946 0.304545
0.176704 0.009799 0.304500
0.176690 0.009585 0.304412
0.176604 0.009438 0.304367
0.176589 0.009224 0.304279
0.176504 0.009076 0.304234
0.176489 0.008861 0.304146
0.176474 0.008646 0.304057
0.176388 0.008498 0.304012
0.176443 0.008214 0.303879
0.176356 0.008066 0.303834
0.176340 0.007849 0.303745
0.176254 0.007700 0.303699
0.176238 0.007483 0.303610
0.176221 0.007265 0.303521
0.176134 0.007116 0.303475
0.176048 0.006967 0.303430
0.176031 0.006748 0.303340
0.175944 0.006599 0.303295
0.175926 0.006380 0.303205
0.175909 0.006160 0.303115
0.175891 0.005940 0.303024
0.175872 0.005719 0.302934
0.175854 0.005498 0.302844
0.175767 0.005348 0.302798
0.175748 0.005126 0.302707
0.175729 0.004904 0.302616
0.175777 0.004610 0.302480
0.175758 0.004387 0.302389
0.175738 0.004164 0.302298
0.175785 0.003867 0.302161
0.175764 0.003643 0.302070
0.175744 0.003418 0.301978
0.175722 0.003192 0.301886
0.175701 0.002967 0.301794
0.175612 0.002814 0.301748
0.179161 -0.002413 0.298759
0.179065 -0.002579 0.298709
0.179101 -0.002894 0.298566
0.179005 -0.003060 0.298515
0.178974 -0.003302 0.298419
0.179010 -0.003619 0.298276
0.179110 -0.004013 0.298086
0.179276 -0.004484 0.297850
0.179375 -0.004880 0.297659
0.179473 -0.005278 0.297468
0.190592 0.016929 0.304375
0.190495 0.016762 0.304325
0.189995 0.016845 0.304468
0.189819 0.016729 0.304456
0.189642 0.016614 0.304445
0.189547 0.016449 0.304395
0.189371 0.016335 0.304383
0.189195 0.016221 0.304372
0.189020 0.016107 0.304361
0.188844 0.015994 0.304351
0.188749 0.015830 0.304301
0.188574 0.015717 0.304290
0.188400 0.015605 0.304280
0.188305 0.015442 0.304230
0.188051 0.015382 0.304259
0.187720 0.015377 0.304328
0.187625 0.015214 0.304279
0.187610 0.014998 0.304190
0.183483 0.015627 0.305348
0.183317 0.015528 0.305341
0.183227 0.015374 0.305294
0.182906 0.015387 0.305369
0.182817 0.015234 0.305322
0.182729 0.015081 0.305276
0.182563 0.014984 0.305270
0.182321 0.014944 0.305305
0.182232 0.014791 0.305259
0.182067 0.014695 0.305253
0.181979 0.014543 0.305207
0.181814 0.014448 0.305202
0.181650 0.014354 0.305197
0.181485 0.014259 0.305191
0.181322 0.014166 0.305187
0.181158 0.014072 0.305182
0.180995 0.013980 0.305177
0.180831 0.013887 0.305173
0.180593 0.013854 0.305210
0.180431 0.013763 0.305206
0.180268 0.013672 0.305202
0.180031 0.013641 0.305239
0.179944 0.013491 0.305194
0.179708 0.013461 0.305232
0.179622 0.013312 0.305187
0.179535 0.013163 0.305141
0.179374 0.013074 0.305138
0.179213 0.012986 0.305135
0.179127 0.012838 0.305090
0.178967 0.012750 0.305087
0.178807 0.012663 0.305084
0.178647 0.012576 0.305081
0.178487 0.012490 0.305078
0.178402 0.012342 0.305033
0.178242 0.012257 0.305031
0.178083 0.012171 0.305029
0.177998 0.012024 0.304984
0.177839 0.011939 0.304982
0.177681 0.011855 0.304980
0.177596 0.011708 0.304935
0.177510 0.011561 0.304890
0.177353 0.011478 0.304889
0.177267 0.011331 0.304844
0.177182 0.011184 0.304799
0.177097 0.011037 0.304755
0.176940 0.010955 0.304753
0.176855 0.010809 0.304709
0.176770 0.010662 0.304664
0.176685 0.010515 0.304620
0.176600 0.010369 0.304575
0.176586 0.010157 0.304487
0.176501 0.010010 0.304443
0.176487 0.009797 0.304354
0.176401 0.009650 0.304310
0.176316 0.009503 0.304265
0.176302 0.009289 0.304176
0.176287 0.009075 0.304088
0.176201 0.008927 0.304043
0.176186 0.008712 0.303954
0.176171 0.008497 0.303865
0.176155 0.008281 0.303776
0.176069 0.008133 0.303731
0.176053 0.007917 0.303641
0.175967 0.007769 0.303596
0.175951 0.007551 0.303507
0.175865 0.007403 0.303462
0.175848 0.007185 0.303372
0.175762 0.007037 0.303327
0.175744 0.006818 0.303237
0.175727 0.006600 0.303147
0.175640 0.006450 0.303101
0.175692 0.006161 0.302966
0.175673 0.005941 0.302876
0.175655 0.005720 0.302785
0.175568 0.005570 0.302740
0.175618 0.005278 0.302604
0.175599 0.005057 0.302513
0.175647 0.004763 0.302376
0.175695 0.004469 0.302240
0.175675 0.004245 0.302148
0.175655 0.004021 0.302057
0.175634 0.003797 0.301965
0.175681 0.003500 0.301827
0.175660 0.003275 0.301735
0.175571 0.003122 0.301689
0.175550 0.002896 0.301597
0.175528 0.002669 0.301504
0.178239 -0.001909 0.298957
0.178144 -0.002072 0.298908
0.178774 -0.003062 0.298348
0.178941 -0.003529 0.298111
0.179041 -0.003923 0.297921
0.179403 -0.004620 0.297544
0.179305 -0.004789 0.297492
0.179469 -0.005263 0.297254
0.179566 -0.005662 0.297062
0.189605 0.017132 0.304460
0.189429 0.017017 0.304449
0.189334 0.016853 0.304399
0.189238 0.016688 0.304349
0.189063 0.016574 0.304338
0.188888 0.016461 0.304328
0.188633 0.016399 0.304357
0.188538 0.016235 0.304307
0.188443 0.016072 0.304257
0.188269 0.015960 0.304247
0.188174 0.015797 0.304197
0.188238 0.015530 0.304069
0.187985 0.015470 0.304098
0.187653 0.015464 0.304168
0.187559 0.015301 0.304118
0.183622 0.016434 0.305463
0.183299 0.016443 0.305538
0.183210 0.016290 0.305491
0.182778 0.015733 0.305346
0.182689 0.015580 0.305299
0.182601 0.015428 0.305253
0.182435 0.015331 0.305247
0.182347 0.015178 0.305201
0.182181 0.015082 0.305196
0.182016 0.014986 0.305190
0.181928 0.014834 0.305144
0.181764 0.014739 0.305139
0.181675 0.014587 0.305093
0.181511 0.014493 0.305088
0.181347 0.014399 0.305083
0.181184 0.014305 0.305079
0.181020 0.014212 0.305074
0.180857 0.014119 0.305070
0.180694 0.014027 0.305066
0.180531 0.013935 0.305061
0.180294 0.013902 0.305099
0.180132 0.013812 0.305095
0.179970 0.013721 0.305092
0.179808 0.013631 0.305088
0.179647 0.013542 0.305085
0.179560 0.013392 0.305040
0.179400 0.013303 0.305036
0.179239 0.013215 0.305033
0.179152 0.013066 0.304988
0.178992 0.012978 0.304985
0.178832 0.012891 0.304983
0.178672 0.012804 0.304980
0.178513 0.012717 0.304978
0.178427 0.012570 0.304933
0.178268 0.012484 0.304930
0.178109 0.012398 0.304928
0.178023 0.012251 0.304883
0.177864 0.012166 0.304881
0.177706 0.012081 0.304880
0.177548 0.011997 0.304878
0.177463 0.011850 0.304833
0.177378 0.011704 0.304789
0.177220 0.011621 0.304787
0.177135 0.011474 0.304743
0.176978 0.011391 0.304741
0.176893 0.011245 0.304697
0.176808 0.011099 0.304652
0.176723 0.010952 0.304608
0.176638 0.010806 0.304563
0.176553 0.010659 0.304519
0.176468 0.010513 0.304474
0.176383 0.010367 0.304430
0.176298 0.010220 0.304385
0.176284 0.010008 0.304297
0.176199 0.009861 0.304253
0.176185 0.009648 0.304164
0.176100 0.009501 0.304119
0.176085 0.009288 0.304031
0.176000 0.009141 0.303986
0.175985 0.008926 0.303897
0.175970 0.008712 0.303808
0.175884 0.008564 0.303763
0.175869 0.008349 0.303674
0.175783 0.008201 0.303629
0.175767 0.007985 0.303539
0.175681 0.007837 0.303494
0.175665 0.007620 0.303405
0.175579 0.007472 0.303360
0.175562 0.007255 0.303270
0.175545 0.007037 0.303180
0.175459 0.006889 0.303135
0.175442 0.006670 0.303045
0.175493 0.006381 0.302909
0.175475 0.006162 0.302819
0.175457 0.005942 0.302728
0.175370 0.005792 0.302682
0.175419 0.005501 0.302546
0.175469 0.005209 0.302410
0.175517 0.004916 0.302273
0.175565 0.004622 0.302136
0.175545 0.004399 0.302044
0.175593 0.004103 0.301907
0.175572 0.003879 0.301815
0.175618 0.003582 0.301677
0.175530 0.003429 0.301631
0.175509 0.003204 0.301538
0.175487 0.002978 0.301446
0.175465 0.002752 0.301353
0.175443 0.002525 0.301261
0.178171 -0.001821 0.298796
0.178076 -0.001984 0.298746
0.178706 -0.002973 0.298184
0.178873 -0.003440 0.297947
0.179038 -0.003908 0.297709
0.179334 -0.004529 0.297377
0.179236 -0.004699 0.297326
0.179399 -0.005172 0.297087
0.179496 -0.005570 0.296894
0.179527 -0.005894 0.296748
0.189296 0.017369 0.304415
0.189120 0.017254 0.304405
0.188945 0.017141 0.304394
0.188850 0.016977 0.304344
0.188755 0.016814 0.304295
0.188581 0.016701 0.304284
0.188486 0.016537 0.304235
0.188312 0.016425 0.304225
0.188217 0.016262 0.304175
0.188043 0.016150 0.304165
0.187869 0.016039 0.304156
0.187775 0.015877 0.304106
0.183247 0.016732 0.305474
0.183081 0.016634 0.305468
0.182992 0.016481 0.305422
0.182981 0.016274 0.305335
0.182815 0.016176 0.305329
0.182727 0.016023 0.305282
0.182638 0.015871 0.305236
0.182550 0.015718 0.305190
0.182461 0.015565 0.305143
0.182296 0.015469 0.305138
0.182207 0.015316 0.305092
0.182042 0.015220 0.305087
0.181878 0.015125 0.305082
0.181790 0.014973 0.305035
0.181625 0.014878 0.305031
0.181537 0.014726 0.304985
0.181373 0.014632 0.304980
0.181209 0.014538 0.304975
0.181046 0.014444 0.304971
0.180883 0.014351 0.304967
0.180720 0.014258 0.304963
0.180557 0.014166 0.304959
0.180395 0.014074 0.304955
0.180232 0.013983 0.304951
0.179995 0.013951 0.304990
0.179834 0.013861 0.304986
0.179672 0.013771 0.304983
0.179511 0.013681 0.304980
0.179425 0.013532 0.304935
0.179338 0.013384 0.304890
0.179178 0.013295 0.304887
0.179017 0.013207 0.304884
0.178857 0.013119 0.304881
0.178697 0.013032 0.304879
0.178611 0.012884 0.304834
0.178452 0.012797 0.304832
0.178293 0.012711 0.304830
0.178134 0.012625 0.304828
0.178048 0.012477 0.304783
0.177889 0.012392 0.304781
0.177731 0.012307 0.304779
0.177573 0.012223 0.304778
0.177488 0.012076 0.304733
0.177330 0.011993 0.304732
0.177245 0.011846 0.304687
0.177088 0.011763 0.304686
0.177003 0.011616 0.304642
0.176918 0.011470 0.304597
0.176761 0.011388 0.304596
0.176676 0.011242 0.304552
0.176591 0.011096 0.304507
0.176506 0.010949 0.304463
0.176421 0.010803 0.304418
0.176337 0.010657 0.304374
0.176252 0.010511 0.304330
0.176167 0.010365 0.304285
0.176082 0.010218 0.304241
0.176068 0.010006 0.304152
0.175983 0.009860 0.304108
0.175969 0.009647 0.304019
0.175884 0.009500 0.303974
0.175869 0.009287 0.303885
0.175784 0.009140 0.303841
0.175769 0.008926 0.303752
0.175754 0.008711 0.303662
0.175668 0.008564 0.303618
0.175653 0.008348 0.303528
0.175567 0.008201 0.303483
0.175551 0.007985 0.303394
0.175465 0.007837 0.303349
0.175449 0.007621 0.303259
0.175363 0.007473 0.303214
0.175346 0.007256 0.303124
0.175329 0.007038 0.303034
0.175312 0.006820 0.302943
0.175294 0.006601 0.302853
0.175277 0.006383 0.302762
0.175259 0.006163 0.302671
0.175172 0.006014 0.302626
0.175222 0.005723 0.302490
0.175271 0.005432 0.302353
0.175320 0.005139 0.302216
0.175368 0.004846 0.302078
0.175416 0.004552 0.301941
0.175395 0.004328 0.301849
0.175442 0.004033 0.301711
0.175421 0.003808 0.301619
0.175400 0.003584 0.301526
0.175446 0.003286 0.301388
0.175424 0.003060 0.301295
0.175402 0.002834 0.301202
0.175380 0.002607 0.301109
0.175490 0.002233 0.300923
0.179265 -0.004439 0.297210
0.179167 -0.004608 0.297159
0.179460 -0.005232 0.296825
0.179361 -0.005403 0.296773
0.179392 -0.005726 0.296627
0.189271 0.018094 0.304520
0.189177 0.017931 0.304471
0.189082 0.017768 0.304421
0.188987 0.017605 0.304372
0.188893 0.017441 0.304322
0.188718 0.017328 0.304312
0.188623 0.017165 0.304262
0.188529 0.017002 0.304213
0.188354 0.016889 0.304203
0.188180 0.016777 0.304193
0.188086 0.016614 0.304144
0.187991 0.016452 0.304094
0.187897 0.016289 0.304045
0.187723 0.016178 0.304035
0.187550 0.016067 0.304026
0.187456 0.015905 0.303977
0.183117 0.017074 0.305451
0.183029 0.016922 0.305405
0.182940 0.016770 0.305358
0.182852 0.016617 0.305312
0.182764 0.016465 0.305266
0.182675 0.016312 0.305219
0.182510 0.016215 0.305214
0.182421 0.016063 0.305168
0.182333 0.015911 0.305122
0.182245 0.015759 0.305075
0.182080 0.015662 0.305070
0.181992 0.015510 0.305024
0.181904 0.015358 0.304978
0.181739 0.015263 0.304973
0.181651 0.015111 0.304927
0.181487 0.015016 0.304923
0.181399 0.014865 0.304877
0.181235 0.014770 0.304872
0.181072 0.014676 0.304868
0.180908 0.014583 0.304864
0.180745 0.014490 0.304860
0.180583 0.014397 0.304856
0.180420 0.014305 0.304853
0.180258 0.014214 0.304849
0.180096 0.014122 0.304846
0.179934 0.014032 0.304842
0.179773 0.013941 0.304839
0.179611 0.013851 0.304836
0.179450 0.013762 0.304833
0.179364 0.013613 0.304788
0.179203 0.013524 0.304785
0.179043 0.013435 0.304783
0.178957 0.013287 0.304738
0.178796 0.013199 0.304735
0.178637 0.013111 0.304733
0.178477 0.013024 0.304731
0.178318 0.012938 0.304729
0.178159 0.012852 0.304727
0.178000 0.012766 0.304725
0.177915 0.012619 0.304680
0.177756 0.012533 0.304679
0.177671 0.012386 0.304634
0.177513 0.012302 0.304633
0.177355 0.012218 0.304632
0.177270 0.012071 0.304587
0.177185 0.011925 0.304543
0.177027 0.011842 0.304542
0.176943 0.011695 0.304497
0.176786 0.011613 0.304496
0.176701 0.011466 0.304452
0.176544 0.011385 0.304451
0.176460 0.011239 0.304407
0.176375 0.011093 0.304363
0.176290 0.010947 0.304318
0.176205 0.010801 0.304274
0.176121 0.010655 0.304230
0.176036 0.010509 0.304185
0.175951 0.010363 0.304141
0.175937 0.010151 0.304052
0.175853 0.010005 0.304008
0.175838 0.009792 0.303919
0.175753 0.009646 0.303874
0.175739 0.009432 0.303785
0.175654 0.009286 0.303741
0.175639 0.009072 0.303651
0.175554 0.008925 0.303607
0.175538 0.008711 0.303517
0.175453 0.008563 0.303473
0.175437 0.008348 0.303383
0.175352 0.008201 0.303338
0.175335 0.007985 0.303248
0.175250 0.007838 0.303203
0.175233 0.007621 0.303113
0.175148 0.007474 0.303068
0.175131 0.007257 0.302978
0.175114 0.007039 0.302888
0.175096 0.006821 0.302797
0.175079 0.006603 0.302706
0.175129 0.006314 0.302570
0.175043 0.006165 0.302525
0.175024 0.005945 0.302434
0.175074 0.005654 0.302297
0.175122 0.005362 0.302159
0.175171 0.005070 0.302022
0.175219 0.004776 0.301884
0.175266 0.004482 0.301746
0.175313 0.004186 0.301607
0.175359 0.003890 0.301469
0.175338 0.003666 0.301376
0.175316 0.003441 0.301283
0.175361 0.003142 0.301144
0.175339 0.002916 0.301051
0.175384 0.002617 0.300911
0.175361 0.002390 0.300818
0.175688 0.001261 0.300256
0.175597 0.001105 0.300209
0.175639 0.000800 0.300068
0.175548 0.000644 0.300020
0.179390 -0.005141 0.296657
0.179291 -0.005311 0.296605
0.179257 -0.005558 0.296506
0.179223 -0.005805 0.296407
0.189218 0.018394 0.304448
0.189124 0.018231 0.304399
0.189029 0.018068 0.304349
0.188935 0.017905 0.304300
0.188840 0.017742 0.304250
0.188665 0.017628 0.304240
0.188571 0.017465 0.304191
0.188476 0.017302 0.304141
0.188302 0.017190 0.304132
0.188208 0.017027 0.304082
0.188034 0.016915 0.304073
0.187860 0.016803 0.304063
0.187766 0.016641 0.304014
0.187672 0.016479 0.303965
0.187499 0.016368 0.303956
0.187405 0.016206 0.303906
0.187389 0.015992 0.303817
0.183055 0.017156 0.305301
0.182889 0.017058 0.305295
0.182800 0.016905 0.305249
0.182712 0.016753 0.305203
0.182624 0.016601 0.305156
0.182458 0.016504 0.305151
0.182370 0.016352 0.305105
0.182282 0.016200 0.305059
0.182117 0.016103 0.305054
0.182029 0.015951 0.305008
0.182018 0.015744 0.304921
0.181853 0.015648 0.304916
0.181765 0.015496 0.304870
0.181601 0.015401 0.304865
0.181513 0.015249 0.304819
0.181349 0.015154 0.304815
0.181261 0.015003 0.304769
0.181097 0.014909 0.304765
0.181010 0.014758 0.304719
0.180847 0.014664 0.304715
0.180684 0.014571 0.304712
0.180521 0.014478 0.304708
0.180359 0.014386 0.304704
0.180196 0.014294 0.304701
0.180034 0.014203 0.304698
0.179873 0.014112 0.304695
0.179637 0.014080 0.304734
0.179476 0.013991 0.304732
0.179315 0.013901 0.304729
0.179228 0.013752 0.304684
0.179142 0.013604 0.304639
0.178982 0.013515 0.304636
0.178822 0.013427 0.304634
0.178662 0.013339 0.304632
0.178502 0.013252 0.304630
0.178343 0.013165 0.304628
0.178184 0.013078 0.304626
0.178098 0.012931 0.304582
0.177940 0.012845 0.304580
0.177781 0.012760 0.304579
0.177623 0.012675 0.304577
0.177538 0.012528 0.304533
0.177380 0.012443 0.304532
0.177295 0.012297 0.304487
0.177137 0.012213 0.304486
0.176980 0.012130 0.304486
0.176895 0.011984 0.304441
0.176810 0.011837 0.304397
0.176654 0.011755 0.304396
0.176569 0.011609 0.304352
0.176484 0.011463 0.304308
0.176328 0.011381 0.304307
0.176244 0.011236 0.304263
0.176159 0.011090 0.304219
0.176074 0.010944 0.304174
0.175990 0.010798 0.304130
0.175905 0.010653 0.304086
0.175892 0.010441 0.303997
0.175807 0.010295 0.303953
0.175722 0.010149 0.303908
0.175708 0.009937 0.303819
0.175623 0.009791 0.303775
0.175538 0.009645 0.303730
0.175524 0.009432 0.303641
0.175509 0.009218 0.303552
0.175424 0.009071 0.303507
0.175408 0.008857 0.303417
0.175323 0.008710 0.303373
0.175307 0.008495 0.303283
0.175222 0.008348 0.303238
0.175137 0.008201 0.303194
0.175120 0.007986 0.303103
0.175104 0.007770 0.303013
0.175018 0.007622 0.302968
0.175001 0.007405 0.302878
0.174984 0.007188 0.302787
0.174967 0.006971 0.302697
0.174949 0.006753 0.302606
0.174932 0.006534 0.302515
0.174845 0.006386 0.302470
0.174827 0.006166 0.302379
0.174877 0.005876 0.302241
0.174925 0.005585 0.302104
0.174974 0.005293 0.301966
0.175022 0.005000 0.301828
0.175136 0.004635 0.301643
0.175183 0.004340 0.301504
0.175230 0.004044 0.301365
0.175208 0.003820 0.301272
0.175254 0.003523 0.301133
0.175232 0.003297 0.301040
0.175277 0.002999 0.300900
0.175254 0.002772 0.300807
0.175298 0.002472 0.300666
0.175582 0.001648 0.300244
0.175492 0.001493 0.300197
0.175533 0.001189 0.300055
0.175509 0.000959 0.299961
0.175484 0.000728 0.299866
0.175459 0.000497 0.299771
0.179320 -0.005049 0.296489
0.179221 -0.005219 0.296437
0.179122 -0.005390 0.296386
0.179088 -0.005636 0.296286
0.189165 0.018693 0.304377
0.189071 0.018530 0.304327
0.188976 0.018367 0.304278
0.188882 0.018204 0.304228
0.188787 0.018041 0.304179
0.188693 0.017878 0.304129
0.188518 0.017765 0.304119
0.188424 0.017602 0.304070
0.188250 0.017490 0.304061
0.188156 0.017327 0.304011
0.187982 0.017215 0.304002
0.187888 0.017053 0.303953
0.187714 0.016941 0.303944
0.187541 0.016830 0.303935
0.187447 0.016668 0.303885
0.187353 0.016506 0.303836
0.187338 0.016293 0.303747
0.183003 0.017444 0.305238
0.182915 0.017292 0.305191
0.182826 0.017139 0.305145
0.182738 0.016987 0.305099
0.182572 0.016889 0.305094
0.182484 0.016737 0.305048
0.182396 0.016585 0.305002
0.182231 0.016488 0.304997
0.182143 0.016336 0.304951
0.182055 0.016184 0.304905
0.181890 0.016088 0.304900
0.181802 0.015937 0.304854
0.181714 0.015785 0.304808
0.181626 0.015633 0.304762
0.181462 0.015538 0.304758
0.181374 0.015387 0.304712
0.181211 0.015292 0.304708
0.181123 0.015141 0.304662
0.181035 0.014990 0.304616
0.180872 0.014896 0.304612
0.180709 0.014803 0.304609
0.180547 0.014710 0.304605
0.180384 0.014617 0.304602
0.180222 0.014525 0.304599
0.180060 0.014433 0.304596
0.179898 0.014342 0.304593
0.179737 0.014251 0.304590
0.179575 0.014161 0.304587
0.179414 0.014071 0.304585
0.179254 0.013981 0.304582
0.179167 0.013832 0.304537
0.179007 0.013743 0.304535
0.178847 0.013655 0.304533
0.178687 0.013567 0.304531
0.178527 0.013479 0.304529
0.178368 0.013392 0.304527
0.178209 0.013305 0.304526
0.178123 0.013157 0.304481
0.177965 0.013071 0.304480
0.177806 0.012986 0.304478
0.177648 0.012900 0.304477
0.177563 0.012753 0.304433
0.177405 0.012669 0.304432
0.177247 0.012584 0.304431
0.177162 0.012438 0.304386
0.177005 0.012354 0.304386
0.176920 0.012208 0.304341
0.176763 0.012125 0.304341
0.176679 0.011979 0.304297
0.176594 0.011833 0.304252
0.176509 0.011687 0.304208
0.176353 0.011606 0.304208
0.176268 0.011460 0.304164
0.176184 0.011314 0.304119
0.176099 0.011168 0.304075
0.176015 0.011022 0.304031
0.175930 0.010877 0.303986
0.175846 0.010731 0.303942
0.175761 0.010585 0.303898
0.175676 0.010439 0.303854
0.175592 0.010294 0.303809
0.175578 0.010082 0.303720
0.175493 0.009936 0.303676
0.175478 0.009723 0.303586
0.175394 0.009577 0.303542
0.175379 0.009364 0.303452
0.175294 0.009217 0.303408
0.175278 0.009004 0.303318
0.175193 0.008857 0.303273
0.175178 0.008642 0.303183
0.175092 0.008496 0.303139
0.175007 0.008349 0.303094
0.174991 0.008133 0.303004
0.174906 0.007986 0.302959
0.174889 0.007770 0.302869
0.174872 0.007554 0.302778
0.174855 0.007337 0.302687
0.174770 0.007189 0.302643
0.174820 0.006902 0.302506
0.174803 0.006684 0.302415
0.174717 0.006536 0.302369
0.174698 0.006317 0.302278
0.174748 0.006027 0.302140
0.174797 0.005736 0.302002
0.174845 0.005445 0.301864
0.174893 0.005152 0.301726
0.175007 0.004787 0.301540
0.175054 0.004493 0.301401
0.175167 0.004126 0.301215
0.175079 0.003974 0.301169
0.175124 0.003677 0.301029
0.175103 0.003452 0.300936
0.175214 0.003081 0.300749
0.175191 0.002855 0.300655
0.175235 0.002555 0.300515
0.175278 0.002254 0.300374
0.175320 0.001953 0.300232
0.175362 0.001650 0.300091
0.175404 0.001347 0.299949
0.175445 0.001043 0.299807
0.175420 0.000812 0.299712
0.175329 0.000656 0.299665
0.179185 -0.004882 0.296369
0.179087 -0.005052 0.296317
0.178988 -0.005222 0.296266
0.178954 -0.005469 0.296166
0.178855 -0.005639 0.296114
0.189112 0.018991 0.304305
0.189018 0.018828 0.304256
0.188923 0.018665 0.304206
0.188829 0.018503 0.304157
0.188735 0.018340 0.304107
0.188640 0.018178 0.304058
0.188546 0.018015 0.304009
0.188452 0.017852 0.303959
0.188277 0.017739 0.303950
0.188183 0.017577 0.303900
0.188009 0.017464 0.303891
0.187836 0.017352 0.303882
0.187742 0.017190 0.303833
0.187568 0.017079 0.303824
0.187395 0.016968 0.303816
0.187302 0.016806 0.303766
0.187287 0.016593 0.303677
0.186878 0.016637 0.303790
0.186784 0.016476 0.303741
0.182951 0.017730 0.305175
0.182863 0.017579 0.305129
0.182774 0.017427 0.305083
0.182686 0.017275 0.305036
0.182598 0.017123 0.304990
0.182433 0.017025 0.304986
0.182345 0.016873 0.304939
0.182257 0.016721 0.304893
0.182169 0.016569 0.304847
0.182004 0.016473 0.304843
0.181916 0.016321 0.304797
0.181828 0.016169 0.304751
0.181740 0.016018 0.304705
0.181576 0.015922 0.304701
0.181488 0.015771 0.304655
0.181400 0.015619 0.304609
0.181236 0.015524 0.304605
0.181149 0.015373 0.304559
0.180985 0.015279 0.304555
0.180898 0.015128 0.304509
0.180735 0.015034 0.304506
0.180648 0.014884 0.304460
0.180485 0.014791 0.304457
0.180247 0.014756 0.304496
0.180160 0.014606 0.304451
0.179998 0.014514 0.304448
0.179837 0.014422 0.304445
0.179601 0.014390 0.304486
0.179440 0.014300 0.304483
0.179279 0.014210 0.304481
0.179119 0.014120 0.304479
0.179032 0.013972 0.304434
0.178872 0.013883 0.304432
0.178712 0.013794 0.304430
0.178553 0.013706 0.304428
0.178393 0.013619 0.304427
0.178234 0.013532 0.304425
0.178075 0.013445 0.304424
0.177990 0.013298 0.304379
0.177831 0.013212 0.304378
0.177673 0.013126 0.304377
0.177515 0.013041 0.304376
0.177430 0.012894 0.304332
0.177272 0.012810 0.304331
0.177187 0.012663 0.304287
0.177030 0.012579 0.304286
0.176945 0.012433 0.304242
0.176788 0.012350 0.304242
0.176703 0.012204 0.304197
0.176619 0.012058 0.304153
0.176462 0.011975 0.304153
0.176378 0.011830 0.304109
0.176293 0.011684 0.304064
0.176209 0.011538 0.304020
0.176053 0.011457 0.304020
0.175968 0.011311 0.303976
0.175884 0.011166 0.303932
0.175799 0.011020 0.303888
0.175715 0.010875 0.303843
0.175631 0.010729 0.303799
0.175617 0.010518 0.303710
0.175532 0.010372 0.303666
0.175448 0.010226 0.303621
0.175363 0.010081 0.303577
0.175348 0.009868 0.303487
0.175264 0.009722 0.303443
0.175249 0.009509 0.303353
0.175164 0.009363 0.303309
0.175149 0.009150 0.303219
0.175064 0.009003 0.303174
0.175048 0.008789 0.303084
0.174963 0.008642 0.303040
0.174878 0.008496 0.302995
0.174862 0.008281 0.302905
0.174777 0.008134 0.302860
0.174760 0.007918 0.302770
0.174743 0.007702 0.302679
0.174658 0.007555 0.302634
0.174641 0.007338 0.302543
0.174623 0.007121 0.302452
0.174606 0.006903 0.302361
0.174520 0.006756 0.302316
0.174570 0.006467 0.302178
0.174619 0.006178 0.302040
0.174668 0.005887 0.301902
0.174716 0.005596 0.301763
0.174831 0.005233 0.301578
0.174878 0.004940 0.301438
0.174925 0.004646 0.301299
0.175038 0.004279 0.301112
0.175017 0.004056 0.301019
0.175062 0.003759 0.300879
0.175040 0.003534 0.300786
0.175261 0.002792 0.300410
0.175172 0.002638 0.300363
0.175214 0.002337 0.300222
0.175257 0.002036 0.300080
0.175299 0.001733 0.299938
0.175340 0.001430 0.299796
0.175315 0.001201 0.299701
0.175290 0.000970 0.299606
0.175265 0.000740 0.299511
0.179051 -0.004715 0.296249
0.178952 -0.004885 0.296198
0.178854 -0.005055 0.296146
0.178755 -0.005225 0.296094
0.178721 -0.005471 0.295995
0.178622 -0.005641 0.295943
0.189140 0.019241 0.304194
0.189045 0.019078 0.304145
0.188951 0.018915 0.304095
0.188857 0.018753 0.304046
0.188762 0.018590 0.303997
0.188668 0.018428 0.303947
0.188574 0.018265 0.303898
0.188479 0.018102 0.303848
0.188305 0.017989 0.303839
0.188211 0.017826 0.303790
0.187957 0.017763 0.303821
0.187863 0.017601 0.303772
0.187690 0.017489 0.303763
0.187517 0.017378 0.303755
0.187344 0.017266 0.303746
0.187250 0.017105 0.303697
0.187235 0.016893 0.303607
0.186812 0.016724 0.303632
0.186718 0.016563 0.303583
0.182889 0.017812 0.305025
0.182800 0.017660 0.304979
0.182635 0.017561 0.304974
0.182547 0.017410 0.304928
0.182459 0.017258 0.304882
0.182370 0.017106 0.304836
0.182205 0.017008 0.304832
0.182117 0.016857 0.304786
0.182030 0.016705 0.304740
0.181942 0.016554 0.304693
0.181777 0.016457 0.304689
0.181689 0.016306 0.304643
0.181602 0.016155 0.304597
0.181514 0.016003 0.304551
0.181350 0.015908 0.304548
0.181262 0.015757 0.304502
0.181099 0.015662 0.304498
0.181011 0.015511 0.304452
0.180924 0.015360 0.304407
0.180761 0.015266 0.304403
0.180598 0.015172 0.304400
0.180510 0.015022 0.304354
0.180348 0.014929 0.304351
0.180186 0.014836 0.304349
0.180024 0.014744 0.304346
0.179862 0.014652 0.304343
0.179701 0.014561 0.304341
0.179540 0.014470 0.304339
0.179379 0.014380 0.304336
0.179144 0.014349 0.304378
0.178984 0.014259 0.304376
0.178897 0.014111 0.304331
0.178738 0.014022 0.304329
0.178578 0.013934 0.304327
0.178418 0.013846 0.304326
0.178259 0.013758 0.304325
0.178100 0.013671 0.304324
0.177942 0.013585 0.304323
0.177856 0.013438 0.304278
0.177698 0.013352 0.304277
0.177540 0.013266 0.304276
0.177382 0.013181 0.304276
0.177297 0.013035 0.304231
0.177140 0.012950 0.304231
0.177055 0.012804 0.304186
0.176898 0.012720 0.304186
0.176813 0.012574 0.304142
0.176728 0.012428 0.304098
0.176644 0.012282 0.304053
0.176487 0.012199 0.304053
0.176403 0.012054 0.304009
0.176318 0.011908 0.303965
0.176233 0.011762 0.303921
0.176078 0.011680 0.303921
0.175993 0.011535 0.303877
0.175909 0.011389 0.303833
0.175824 0.011244 0.303788
0.175740 0.011098 0.303744
0.175655 0.010953 0.303700
0.175571 0.010807 0.303656
0.175486 0.010662 0.303611
0.175402 0.010516 0.303567
0.175388 0.010305 0.303478
0.175303 0.010159 0.303433
0.175219 0.010013 0.303389
0.175204 0.009801 0.303299
0.175119 0.009655 0.303255
0.175104 0.009442 0.303165
0.175019 0.009296 0.303120
0.174934 0.009149 0.303076
0.174919 0.008936 0.302986
0.174834 0.008789 0.302941
0.174818 0.008575 0.302851
0.174733 0.008428 0.302806
0.174716 0.008213 0.302715
0.174631 0.008066 0.302671
0.174615 0.007850 0.302580
0.174529 0.007703 0.302535
0.174512 0.007487 0.302444
0.174495 0.007270 0.302353
0.174477 0.007053 0.302262
0.174391 0.006905 0.302217
0.174441 0.006617 0.302079
0.174558 0.006258 0.301893
0.174607 0.005967 0.301755
0.174655 0.005677 0.301616
0.174702 0.005385 0.301476
0.174816 0.005021 0.301290
0.174863 0.004727 0.301150
0.174976 0.004361 0.300963
0.174888 0.004209 0.300917
0.174933 0.003913 0.300776
0.175088 0.003246 0.300447
0.174999 0.003093 0.300400
0.175042 0.002793 0.300259
0.175085 0.002493 0.300117
0.175128 0.002192 0.299975
0.175169 0.001891 0.299833
0.175211 0.001588 0.299690
0.175251 0.001284 0.299547
0.175226 0.001054 0.299452
0.175201 0.000824 0.299357
0.178981 -0.004624 0.296082
0.178818 -0.004718 0.296078
0.178720 -0.004888 0.296027
0.178621 -0.005058 0.295975
0.178523 -0.005227 0.295924
0.178424 -0.005397 0.295872
0.189262 0.019653 0.304133
0.189167 0.019491 0.304083
0.189073 0.019328 0.304034
0.188979 0.019165 0.303984
0.188884 0.019003 0.303935
0.188790 0.018840 0.303886
0.188615 0.018726 0.303876
0.188521 0.018563 0.303827
0.188507 0.018352 0.303737
0.188333 0.018239 0.303728
0.188159 0.018125 0.303719
0.188064 0.017963 0.303670
0.187891 0.017850 0.303661
0.187717 0.017738 0.303653
0.187544 0.017626 0.303644
0.187371 0.017514 0.303636
0.187198 0.017403 0.303628
0.187105 0.017242 0.303579
0.186682 0.017073 0.303604
0.186510 0.016963 0.303596
0.186260 0.016906 0.303630
0.186167 0.016746 0.303581
0.182748 0.017946 0.304917
0.182660 0.017795 0.304871
0.182572 0.017643 0.304825
0.182484 0.017491 0.304779
0.182319 0.017393 0.304774
0.182231 0.017241 0.304728
0.182143 0.017090 0.304682
0.181978 0.016993 0.304678
0.181891 0.016841 0.304632
0.181803 0.016690 0.304586
0.181715 0.016539 0.304540
0.181627 0.016387 0.304494
0.181463 0.016291 0.304491
0.181376 0.016140 0.304445
0.181212 0.016045 0.304441
0.181124 0.015894 0.304395
0.181037 0.015743 0.304350
0.180874 0.015648 0.304346
0.180786 0.015498 0.304301
0.180623 0.015404 0.304298
0.180536 0.015253 0.304252
0.180374 0.015160 0.304249
0.180211 0.015067 0.304246
0.180049 0.014974 0.304244
0.179888 0.014882 0.304241
0.179726 0.014791 0.304239
0.179565 0.014699 0.304237
0.179404 0.014609 0.304235
0.179243 0.014518 0.304233
0.179083 0.014428 0.304231
0.178849 0.014398 0.304273
0.178763 0.014250 0.304228
0.178603 0.014161 0.304227
0.178444 0.014073 0.304225
0.178284 0.013985 0.304224
0.178125 0.013898 0.304223
0.177967 0.013811 0.304222
0.177808 0.013724 0.304222
0.177723 0.013577 0.304177
0.177565 0.013492 0.304176
0.177407 0.013406 0.304176
0.177249 0.013321 0.304176
0.177164 0.013175 0.304131
0.177080 0.013029 0.304087
0.176923 0.012945 0.304087
0.176838 0.012799 0.304042
0.176753 0.012653 0.303998
0.176596 0.012569 0.303998
0.176512 0.012424 0.303954
0.176427 0.012278 0.303910
0.176343 0.012132 0.303865
0.176187 0.012050 0.303866
0.176102 0.011904 0.303822
0.176018 0.011759 0.303777
0.175933 0.011613 0.303733
0.175849 0.011468 0.303689
0.175765 0.011322 0.303645
0.175680 0.011177 0.303601
0.175596 0.011031 0.303556
0.175511 0.010885 0.303512
0.175427 0.010740 0.303468
0.175342 0.010594 0.303424
0.175258 0.010449 0.303379
0.175173 0.010303 0.303335
0.175159 0.010091 0.303245
0.175074 0.009946 0.303201
0.175059 0.009733 0.303111
0.174975 0.009587 0.303067
0.174890 0.009441 0.303022
0.174874 0.009228 0.302932
0.174790 0.009082 0.302887
0.174774 0.008868 0.302797
0.174689 0.008721 0.302752
0.174604 0.008575 0.302708
0.174588 0.008360 0.302617
0.174571 0.008145 0.302526
0.174486 0.007998 0.302481
0.174469 0.007782 0.302390
0.174452 0.007566 0.302299
0.174366 0.007419 0.302254
0.174417 0.007132 0.302116
0.174331 0.006984 0.302071
0.174380 0.006697 0.301933
0.174429 0.006408 0.301794
0.174478 0.006118 0.301655
0.174593 0.005757 0.301468
0.174641 0.005465 0.301329
0.174755 0.005102 0.301141
0.174801 0.004808 0.301001
0.174847 0.004514 0.300861
0.174826 0.004291 0.300767
0.174871 0.003995 0.300626
0.174915 0.003698 0.300485
0.174959 0.003401 0.300343
0.174936 0.003175 0.300249
0.174913 0.002949 0.300155
0.174956 0.002649 0.300013
0.174998 0.002349 0.299870
0.175040 0.002047 0.299728
0.175081 0.001745 0.299585
0.175122 0.001442 0.299442
0.175097 0.001212 0.299346
0.175072 0.000982 0.299251
0.178748 -0.004627 0.295911
0.178650 -0.004797 0.295860
0.178423 -0.004815 0.295905
0.178325 -0.004984 0.295854
0.178227 -0.005153 0.295802
0.178128 -0.005322 0.295751
0.189289 0.019903 0.304022
0.189195 0.019741 0.303972
0.189101 0.019578 0.303923
0.189006 0.019415 0.303874
0.188831 0.019300 0.303864
0.188737 0.019138 0.303815
0.188643 0.018975 0.303766
0.188549 0.018813 0.303716
0.188455 0.018651 0.303667
0.188360 0.018488 0.303618
0.188266 0.018326 0.303568
0.188092 0.018212 0.303559
0.187918 0.018099 0.303551
0.187745 0.017987 0.303542
0.187572 0.017874 0.303534
0.187399 0.017763 0.303526
0.187226 0.017651 0.303518
0.187053 0.017540 0.303510
0.186881 0.017430 0.303502
0.186709 0.017320 0.303495
0.186537 0.017210 0.303487
0.186287 0.017152 0.303521
0.186116 0.017043 0.303514
0.186023 0.016883 0.303465
0.182686 0.018028 0.304767
0.182598 0.017876 0.304721
0.182433 0.017777 0.304717
0.182345 0.017626 0.304671
0.182180 0.017528 0.304667
0.182092 0.017376 0.304621
0.182004 0.017225 0.304575
0.181916 0.017074 0.304529
0.181752 0.016977 0.304525
0.181664 0.016826 0.304479
0.181577 0.016675 0.304433
0.181489 0.016523 0.304388
0.181401 0.016372 0.304342
0.181238 0.016277 0.304338
0.181150 0.016126 0.304292
0.181062 0.015975 0.304247
0.180899 0.015880 0.304244
0.180812 0.015729 0.304198
0.180649 0.015635 0.304195
0.180562 0.015484 0.304149
0.180399 0.015391 0.304146
0.180237 0.015298 0.304144
0.180075 0.015205 0.304142
0.179913 0.015112 0.304139
0.179826 0.014963 0.304094
0.179590 0.014929 0.304135
0.179429 0.014838 0.304133
0.179269 0.014747 0.304131
0.179108 0.014657 0.304130
0.178948 0.014567 0.304128
0.178714 0.014536 0.304171
0.178628 0.014389 0.304126
0.178469 0.014300 0.304125
0.178309 0.014212 0.304124
0.178150 0.014124 0.304123
0.177992 0.014037 0.304122
0.177833 0.013950 0.304121
0.177675 0.013864 0.304121
0.177590 0.013717 0.304076
0.177432 0.013631 0.304076
0.177274 0.013546 0.304076
0.177189 0.013400 0.304032
0.177032 0.013315 0.304032
0.176947 0.013169 0.303987
0.176790 0.013085 0.303987
0.176706 0.012939 0.303943
0.176621 0.012793 0.303899
0.176537 0.012648 0.303855
0.176452 0.012502 0.303810
0.176368 0.012356 0.303766
0.176212 0.012274 0.303767
0.176127 0.012128 0.303722
0.176043 0.011982 0.303678
0.175958 0.011837 0.303634
0.175874 0.011691 0.303590
0.175789 0.011546 0.303546
0.175705 0.011400 0.303501
0.175620 0.011255 0.303457
0.175536 0.011109 0.303413
0.175452 0.010964 0.303369
0.175367 0.010818 0.303324
0.175283 0.010673 0.303280
0.175198 0.010527 0.303236
0.175114 0.010382 0.303192
0.175029 0.010236 0.303147
0.175015 0.010024 0.303057
0.174930 0.009878 0.303013
0.174845 0.009733 0.302969
0.174830 0.009520 0.302878
0.174745 0.009374 0.302834
0.174661 0.009228 0.302790
0.174645 0.009014 0.302699
0.174560 0.008868 0.302654
0.174544 0.008654 0.302564
0.174459 0.008507 0.302519
0.174442 0.008292 0.302428
0.174426 0.008077 0.302337
0.174340 0.007930 0.302292
0.174323 0.007714 0.302201
0.174306 0.007498 0.302109
0.174288 0.007281 0.302017
0.174203 0.007134 0.301973
0.174252 0.006846 0.301834
0.174369 0.006488 0.301647
0.174417 0.006198 0.301508
0.174532 0.005837 0.301321
0.174579 0.005546 0.301181
0.174693 0.005183 0.300993
0.174739 0.004890 0.300852
0.174785 0.004595 0.300711
0.174763 0.004372 0.300618
0.174742 0.004149 0.300524
0.174786 0.003852 0.300382
0.174830 0.003555 0.300240
0.174807 0.003330 0.300146
0.174851 0.003031 0.300004
0.174893 0.002732 0.299861
0.174869 0.002505 0.299766
0.174911 0.002204 0.299623
0.174952 0.001902 0.299480
0.174993 0.001600 0.299336
0.174968 0.001370 0.299241
0.175008 0.001066 0.299097
0.178289 -0.004648 0.295787
0.178191 -0.004817 0.295736
0.178093 -0.004986 0.295685
0.177995 -0.005155 0.295633
0.189411 0.020316 0.303960
0.189317 0.020153 0.303911
0.189223 0.019991 0.303861
0.189128 0.019828 0.303812
0.189034 0.019666 0.303763
0.188859 0.019550 0.303754
0.188765 0.019388 0.303704
0.188671 0.019225 0.303655
0.188576 0.019063 0.303605
0.188482 0.018900 0.303556
0.188388 0.018738 0.303507
0.188294 0.018576 0.303457
0.188120 0.018462 0.303449
0.187946 0.018348 0.303440
0.187772 0.018235 0.303432
0.187599 0.018123 0.303424
0.187426 0.018011 0.303416
0.187253 0.017899 0.303408
0.187002 0.017837 0.303441
0.186908 0.017677 0.303393
0.186657 0.017617 0.303426
0.186486 0.017507 0.303419
0.186314 0.017397 0.303412
0.186143 0.017288 0.303405
0.185894 0.017231 0.303439
0.185801 0.017072 0.303391
0.182459 0.018010 0.304614
0.182371 0.017859 0.304568
0.182206 0.017760 0.304564
0.182118 0.017609 0.304518
0.182030 0.017458 0.304472
0.181865 0.017360 0.304468
0.181778 0.017209 0.304422
0.181690 0.017058 0.304376
0.181602 0.016907 0.304330
0.181438 0.016810 0.304327
0.181351 0.016659 0.304281
0.181263 0.016509 0.304235
0.181176 0.016358 0.304190
0.181012 0.016262 0.304187
0.180925 0.016112 0.304141
0.180762 0.016017 0.304138
0.180675 0.015866 0.304092
0.180587 0.015716 0.304047
0.180425 0.015622 0.304044
0.180262 0.015528 0.304042
0.180175 0.015378 0.303996
0.179939 0.015342 0.304037
0.179777 0.015250 0.304035
0.179616 0.015158 0.304033
0.179455 0.015067 0.304032
0.179294 0.014976 0.304030
0.179133 0.014885 0.304028
0.178899 0.014853 0.304071
0.178739 0.014764 0.304070
0.178579 0.014675 0.304069
0.178494 0.014527 0.304024
0.178334 0.014439 0.304023
0.178175 0.014351 0.304022
0.178017 0.014263 0.304022
0.177858 0.014176 0.304021
0.177700 0.014089 0.304021
0.177615 0.013942 0.303976
0.177457 0.013856 0.303976
0.177299 0.013771 0.303976
0.177214 0.013624 0.303932
0.177057 0.013539 0.303932
0.176972 0.013393 0.303888
0.176815 0.013309 0.303888
0.176731 0.013163 0.303844
0.176646 0.013017 0.303799
0.176490 0.012934 0.303800
0.176405 0.012788 0.303756
0.176321 0.012643 0.303712
0.176236 0.012497 0.303667
0.176152 0.012352 0.303623
0.176067 0.012206 0.303579
0.175983 0.012061 0.303535
0.175899 0.011915 0.303491
0.175814 0.011770 0.303446
0.175730 0.011624 0.303402
0.175645 0.011479 0.303358
0.175561 0.011333 0.303314
0.175476 0.011187 0.303269
0.175322 0.011107 0.303271
0.175237 0.010962 0.303227
0.175153 0.010816 0.303183
0.175139 0.010605 0.303092
0.175054 0.010460 0.303048
0.174970 0.010314 0.303004
0.174885 0.010169 0.302960
0.174870 0.009957 0.302869
0.174786 0.009811 0.302825
0.174701 0.009665 0.302781
0.174686 0.009452 0.302690
0.174601 0.009306 0.302646
0.174516 0.009160 0.302601
0.174500 0.008947 0.302510
0.174415 0.008800 0.302466
0.174399 0.008586 0.302375
0.174314 0.008440 0.302330
0.174297 0.008225 0.302239
0.174280 0.008009 0.302147
0.174263 0.007793 0.302056
0.174178 0.007646 0.302011
0.174228 0.007360 0.301872
0.174142 0.007213 0.301827
0.174124 0.006996 0.301735
0.174240 0.006638 0.301548
0.174356 0.006278 0.301361
0.174471 0.005918 0.301173
0.174518 0.005627 0.301033
0.174631 0.005264 0.300844
0.174677 0.004971 0.300703
0.174723 0.004677 0.300562
0.174701 0.004454 0.300468
0.174679 0.004230 0.300374
0.174724 0.003934 0.300232
0.174701 0.003710 0.300138
0.174679 0.003485 0.300043
0.174722 0.003186 0.299901
0.174699 0.002960 0.299806
0.174741 0.002661 0.299663
0.174717 0.002434 0.299568
0.174758 0.002132 0.299424
0.174864 0.001757 0.299232
0.174904 0.001454 0.299088
0.178220 -0.004557 0.295621
0.178058 -0.004650 0.295618
0.177960 -0.004819 0.295567
0.177862 -0.004988 0.295516
0.177764 -0.005157 0.295464
0.189345 0.020403 0.303800
0.189250 0.020241 0.303751
0.189156 0.020078 0.303701
0.189062 0.019916 0.303652
0.188967 0.019753 0.303602
0.188792 0.019637 0.303593
0.188698 0.019475 0.303544
0.188604 0.019312 0.303495
0.188510 0.019150 0.303445
0.188416 0.018988 0.303396
0.188241 0.018873 0.303388
0.188147 0.018711 0.303338
0.187973 0.018597 0.303330
0.187879 0.018435 0.303281
0.187706 0.018322 0.303273
0.187533 0.018210 0.303265
0.187281 0.018147 0.303298
0.187029 0.018084 0.303332
0.186857 0.017973 0.303324
0.186606 0.017913 0.303359
0.186356 0.017853 0.303393
0.186184 0.017744 0.303386
0.185856 0.017736 0.303463
0.185607 0.017679 0.303498
0.185516 0.017521 0.303450
0.185736 0.017157 0.303234
0.182319 0.018144 0.304507
0.182231 0.017993 0.304461
0.182143 0.017842 0.304415
0.181979 0.017744 0.304411
0.181891 0.017592 0.304365
0.181803 0.017441 0.304319
0.181639 0.017344 0.304316
0.181552 0.017193 0.304270
0.181464 0.017042 0.304224
0.181376 0.016891 0.304178
0.181289 0.016741 0.304133
0.181125 0.016644 0.304130
0.181038 0.016494 0.304084
0.180951 0.016343 0.304038
0.180787 0.016248 0.304035
0.180700 0.016098 0.303990
0.180613 0.015947 0.303944
0.180450 0.015853 0.303942
0.180288 0.015759 0.303939
0.180201 0.015609 0.303894
0.180039 0.015516 0.303892
0.179877 0.015423 0.303890
0.179641 0.015387 0.303932
0.179480 0.015296 0.303930
0.179319 0.015204 0.303929
0.179159 0.015113 0.303927
0.178924 0.015081 0.303970
0.178764 0.014991 0.303969
0.178605 0.014902 0.303968
0.178445 0.014813 0.303967
0.178360 0.014665 0.303922
0.178200 0.014577 0.303922
0.178042 0.014489 0.303921
0.177883 0.014401 0.303921
0.177798 0.014255 0.303876
0.177640 0.014168 0.303876
0.177482 0.014081 0.303876
0.177324 0.013995 0.303877
0.177239 0.013849 0.303832
0.177082 0.013764 0.303832
0.176997 0.013618 0.303788
0.176840 0.013533 0.303789
0.176755 0.013387 0.303744
0.176599 0.013303 0.303745
0.176514 0.013158 0.303701
0.176430 0.013012 0.303657
0.176346 0.012867 0.303612
0.176261 0.012721 0.303568
0.176177 0.012576 0.303524
0.176092 0.012430 0.303480
0.176008 0.012284 0.303435
0.175923 0.012139 0.303391
0.175839 0.011993 0.303347
0.175754 0.011848 0.303303
0.175670 0.011702 0.303259
0.175586 0.011557 0.303214
0.175501 0.011411 0.303170
0.175417 0.011266 0.303126
0.175262 0.011185 0.303128
0.175178 0.011040 0.303083
0.175093 0.010894 0.303039
0.175009 0.010749 0.302995
0.174994 0.010538 0.302905
0.174910 0.010392 0.302861
0.174826 0.010247 0.302816
0.174741 0.010101 0.302772
0.174726 0.009889 0.302681
0.174641 0.009743 0.302637
0.174557 0.009598 0.302593
0.174541 0.009385 0.302502
0.174456 0.009239 0.302457
0.174372 0.009093 0.302413
0.174355 0.008879 0.302322
0.174271 0.008733 0.302277
0.174254 0.008518 0.302186
0.174169 0.008372 0.302141
0.174152 0.008157 0.302050
0.174135 0.007941 0.301958
0.174117 0.007725 0.301866
0.174100 0.007509 0.301774
0.174014 0.007362 0.301729
0.174064 0.007075 0.301590
0.174180 0.006717 0.301402
0.174295 0.006358 0.301214
0.174409 0.005998 0.301026
0.174456 0.005707 0.300885
0.174569 0.005345 0.300696
0.174549 0.005123 0.300602
0.174594 0.004830 0.300460
0.174573 0.004607 0.300366
0.174551 0.004384 0.300272
0.174529 0.004160 0.300178
0.174507 0.003936 0.300084
0.174484 0.003711 0.299989
0.174462 0.003486 0.299895
0.174504 0.003188 0.299751
0.174481 0.002962 0.299656
0.174523 0.002663 0.299513
0.174695 0.002215 0.299272
0.174801 0.001840 0.299079
0.178218 -0.003978 0.295655
0.178121 -0.004146 0.295604
0.178023 -0.004315 0.295552
0.177925 -0.004484 0.295501
0.177827 -0.004652 0.295450
0.177729 -0.004821 0.295399
0.177632 -0.004989 0.295348
0.189711 0.020680 0.303618
0.189535 0.020562 0.303608
0.189359 0.020445 0.303599
0.189265 0.020282 0.303550
0.189170 0.020119 0.303500
0.188995 0.020003 0.303491
0.188901 0.019840 0.303442
0.188726 0.019725 0.303433
0.188632 0.019562 0.303384
0.188537 0.019400 0.303335
0.188443 0.019237 0.303285
0.188349 0.019075 0.303236
0.188175 0.018960 0.303228
0.188081 0.018798 0.303178
0.187907 0.018684 0.303170
0.187734 0.018571 0.303162
0.187560 0.018458 0.303155
0.187387 0.018345 0.303147
0.187056 0.018332 0.303222
0.186805 0.018270 0.303256
0.186554 0.018209 0.303291
0.186461 0.018049 0.303242
0.185975 0.018139 0.303402
0.185648 0.018131 0.303480
0.185321 0.018124 0.303557
0.185229 0.017967 0.303509
0.185451 0.017606 0.303293
0.182588 0.018424 0.304365
0.182500 0.018273 0.304319
0.182257 0.018226 0.304357
0.182169 0.018074 0.304311
0.182081 0.017923 0.304265
0.181917 0.017825 0.304262
0.181829 0.017674 0.304216
0.181665 0.017576 0.304213
0.181577 0.017425 0.304167
0.181490 0.017274 0.304121
0.181402 0.017123 0.304075
0.181238 0.017027 0.304073
0.181151 0.016876 0.304027
0.181064 0.016725 0.303981
0.180900 0.016630 0.303979
0.180813 0.016479 0.303933
0.180726 0.016329 0.303887
0.180563 0.016234 0.303885
0.180476 0.016084 0.303839
0.180314 0.015989 0.303837
0.180227 0.015839 0.303791
0.179990 0.015802 0.303833
0.179903 0.015653 0.303788
0.179667 0.015617 0.303830
0.179506 0.015525 0.303828
0.179345 0.015433 0.303827
0.179110 0.015399 0.303870
0.178949 0.015309 0.303869
0.178789 0.015219 0.303868
0.178630 0.015129 0.303867
0.178470 0.015039 0.303867
0.178311 0.014951 0.303866
0.178226 0.014803 0.303821
0.178067 0.014715 0.303821
0.177908 0.014627 0.303821
0.177823 0.014480 0.303776
0.177665 0.014393 0.303776
0.177507 0.014306 0.303777
0.177349 0.014220 0.303777
0.177264 0.014074 0.303732
0.177107 0.013988 0.303733
0.176949 0.013903 0.303734
0.176865 0.013757 0.303689
0.176780 0.013611 0.303645
0.176624 0.013527 0.303646
0.176539 0.013381 0.303602
0.176455 0.013236 0.303557
0.176299 0.013152 0.303558
0.176214 0.013007 0.303514
0.176130 0.012862 0.303470
0.176046 0.012716 0.303426
0.175961 0.012571 0.303382
0.175877 0.012426 0.303338
0.175864 0.012217 0.303248
0.175779 0.012072 0.303204
0.175695 0.011926 0.303159
0.175610 0.011781 0.303115
0.175526 0.011635 0.303071
0.175371 0.011554 0.303073
0.175287 0.011408 0.303029
0.175202 0.011263 0.302984
0.175118 0.011118 0.302940
0.175034 0.010972 0.302896
0.174949 0.010827 0.302852
0.174865 0.010682 0.302808
0.174781 0.010536 0.302764
0.174766 0.010325 0.302673
0.174681 0.010180 0.302629
0.174597 0.010034 0.302584
0.174582 0.009822 0.302493
0.174497 0.009676 0.302449
0.174412 0.009530 0.302405
0.174397 0.009317 0.302313
0.174312 0.009171 0.302269
0.174227 0.009025 0.302225
0.174211 0.008811 0.302133
0.174194 0.008597 0.302042
0.174109 0.008451 0.301997
0.174092 0.008236 0.301905
0.174075 0.008020 0.301813
0.174057 0.007804 0.301721
0.174039 0.007588 0.301629
0.173954 0.007441 0.301584
0.174003 0.007154 0.301444
0.174119 0.006797 0.301256
0.174234 0.006438 0.301067
0.174348 0.006079 0.300878
0.174395 0.005788 0.300737
0.174441 0.005496 0.300595
0.174487 0.005204 0.300453
0.174466 0.004982 0.300359
0.174444 0.004760 0.300265
0.174356 0.004608 0.300219
0.174335 0.004385 0.300125
0.174313 0.004162 0.300030
0.174290 0.003938 0.299936
0.174268 0.003713 0.299841
0.174245 0.003489 0.299746
0.174222 0.003263 0.299651
0.174264 0.002965 0.299508
0.178149 -0.003887 0.295489
0.177987 -0.003981 0.295487
0.177890 -0.004149 0.295436
0.177792 -0.004317 0.295385
0.177694 -0.004486 0.295333
0.177597 -0.004654 0.295282
0.177499 -0.004823 0.295231
0.177465 -0.005067 0.295130
0.189820 0.020886 0.303466
0.189644 0.020768 0.303457
0.189468 0.020650 0.303448
0.189374 0.020487 0.303398
0.189279 0.020324 0.303348
0.189104 0.020207 0.303340
0.189009 0.020044 0.303290
0.188834 0.019928 0.303282
0.188740 0.019765 0.303232
0.188565 0.019649 0.303224
0.188471 0.019487 0.303174
0.188377 0.019325 0.303125
0.188203 0.019210 0.303117
0.188029 0.019095 0.303109
0.187935 0.018933 0.303060
0.187841 0.018771 0.303011
0.187667 0.018658 0.303003
0.187494 0.018545 0.302995
0.187163 0.018530 0.303071
0.186753 0.018565 0.303189
0.186424 0.018553 0.303265
0.186173 0.018492 0.303301
0.185845 0.018482 0.303378
0.185518 0.018474 0.303456
0.185426 0.018316 0.303408
0.185256 0.018209 0.303402
0.185165 0.018051 0.303354
0.182525 0.018506 0.304215
0.182360 0.018406 0.304212
0.182195 0.018307 0.304208
0.182107 0.018156 0.304162
0.181942 0.018057 0.304159
0.181855 0.017906 0.304113
0.181690 0.017808 0.304110
0.181603 0.017657 0.304064
0.181515 0.017506 0.304018
0.181351 0.017409 0.304016
0.181264 0.017258 0.303970
0.181177 0.017108 0.303924
0.181013 0.017012 0.303922
0.180926 0.016861 0.303876
0.180839 0.016711 0.303830
0.180676 0.016615 0.303828
0.180589 0.016465 0.303782
0.180426 0.016370 0.303780
0.180339 0.016220 0.303735
0.180177 0.016126 0.303733
0.180015 0.016032 0.303731
0.179853 0.015939 0.303730
0.179692 0.015846 0.303728
0.179531 0.015754 0.303727
0.179295 0.015719 0.303770
0.179135 0.015627 0.303769
0.178975 0.015536 0.303768
0.178815 0.015446 0.303767
0.178655 0.015356 0.303767
0.178495 0.015266 0.303766
0.178336 0.015177 0.303766
0.178177 0.015088 0.303766
0.178092 0.014941 0.303721
0.177933 0.014853 0.303721
0.177848 0.014706 0.303676
0.177690 0.014619 0.303676
0.177531 0.014532 0.303677
0.177374 0.014445 0.303677
0.177289 0.014299 0.303633
0.177131 0.014213 0.303633
0.177047 0.014067 0.303589
0.176890 0.013981 0.303590
0.176733 0.013896 0.303591
0.176648 0.013751 0.303547
0.176564 0.013605 0.303502
0.176408 0.013521 0.303504
0.176323 0.013376 0.303459
0.176239 0.013230 0.303415
0.176155 0.013085 0.303371
0.176070 0.012940 0.303327
0.175986 0.012795 0.303283
0.175902 0.012649 0.303239
0.175817 0.012504 0.303194
0.175733 0.012359 0.303150
0.175649 0.012213 0.303106
0.175564 0.012068 0.303062
0.175480 0.011923 0.303018
0.175396 0.011777 0.302974
0.175312 0.011632 0.302929
0.175227 0.011487 0.302885
0.175143 0.011341 0.302841
0.175059 0.011196 0.302797
0.174974 0.011051 0.302753
0.174890 0.010905 0.302709
0.174806 0.010760 0.302664
0.174721 0.010615 0.302620
0.174637 0.010469 0.302576
0.174622 0.010258 0.302485
0.174537 0.010112 0.302441
0.174453 0.009967 0.302397
0.174437 0.009754 0.302305
0.174353 0.009609 0.302261
0.174268 0.009463 0.302217
0.174252 0.009250 0.302125
0.174167 0.009104 0.302081
0.174151 0.008890 0.301989
0.174066 0.008744 0.301945
0.174049 0.008529 0.301853
0.174032 0.008314 0.301761
0.174015 0.008099 0.301668
0.173997 0.007883 0.301576
0.173979 0.007667 0.301484
0.173894 0.007520 0.301439
0.173942 0.007234 0.301298
0.174058 0.006877 0.301110
0.174173 0.006518 0.300920
0.174220 0.006229 0.300779
0.174333 0.005869 0.300589
0.174313 0.005648 0.300495
0.174358 0.005356 0.300353
0.174337 0.005134 0.300259
0.174250 0.004983 0.300213
0.174228 0.004761 0.300119
0.174141 0.004610 0.300073
0.174119 0.004387 0.299978
0.174031 0.004236 0.299932
0.174009 0.004012 0.299837
0.173921 0.003861 0.299791
0.173898 0.003636 0.299696
0.174201 0.003047 0.299357
0.177918 -0.003890 0.295321
0.177757 -0.003983 0.295319
0.177659 -0.004151 0.295268
0.177562 -0.004320 0.295217
0.177464 -0.004488 0.295166
0.177367 -0.004656 0.295115
0.177332 -0.004900 0.295014
0.189753 0.020974 0.303305
0.189658 0.020810 0.303255
0.189482 0.020692 0.303246
0.189388 0.020529 0.303196
0.189212 0.020411 0.303188
0.189118 0.020248 0.303138
0.188942 0.020132 0.303130
0.188767 0.020015 0.303121
0.188673 0.019852 0.303072
0.188499 0.019737 0.303064
0.188404 0.019574 0.303014
0.188310 0.019412 0.302965
0.188136 0.019297 0.302957
0.187962 0.019182 0.302949
0.187868 0.019020 0.302900
0.187774 0.018858 0.302851
0.187601 0.018745 0.302843
0.187428 0.018632 0.302836
0.186860 0.018762 0.303038
0.186451 0.018798 0.303157
0.186043 0.018835 0.303276
0.185715 0.018825 0.303354
0.185387 0.018816 0.303432
0.185139 0.018758 0.303469
0.185048 0.018601 0.303421
0.182629 0.018688 0.304069
0.182386 0.018639 0.304108
0.182298 0.018488 0.304062
0.182133 0.018388 0.304059
0.182045 0.018237 0.304013
0.181881 0.018138 0.304010
0.181716 0.018040 0.304007
0.181629 0.017889 0.303961
0.181541 0.017738 0.303916
0.181377 0.017641 0.303913
0.181290 0.017490 0.303867
0.181202 0.017339 0.303821
0.181039 0.017243 0.303819
0.180952 0.017092 0.303773
0.180789 0.016996 0.303771
0.180701 0.016846 0.303725
0.180539 0.016751 0.303724
0.180452 0.016601 0.303678
0.180365 0.016451 0.303632
0.180202 0.016356 0.303631
0.180041 0.016262 0.303629
0.179879 0.016169 0.303628
0.179717 0.016076 0.303626
0.179556 0.015983 0.303625
0.179321 0.015947 0.303668
0.179160 0.015855 0.303668
0.179000 0.015764 0.303667
0.178766 0.015731 0.303711
0.178680 0.015583 0.303666
0.178520 0.015493 0.303666
0.178361 0.015403 0.303665
0.178202 0.015314 0.303665
0.178043 0.015226 0.303665
0.177958 0.015079 0.303621
0.177873 0.014932 0.303576
0.177714 0.014844 0.303576
0.177556 0.014757 0.303577
0.177471 0.014610 0.303532
0.177314 0.014523 0.303533
0.177156 0.014437 0.303534
0.177072 0.014291 0.303489
0.176914 0.014205 0.303490
0.176830 0.014060 0.303446
0.176673 0.013975 0.303447
0.176517 0.013890 0.303449
0.176432 0.013745 0.303404
0.176348 0.013599 0.303360
0.176264 0.013454 0.303316
0.176179 0.013309 0.303272
0.176024 0.013225 0.303274
0.175939 0.013080 0.303230
0.175855 0.012935 0.303185
0.175771 0.012790 0.303141
0.175758 0.012582 0.303051
0.175674 0.012437 0.303007
0.175589 0.012291 0.302963
0.175505 0.012146 0.302919
0.175421 0.012001 0.302874
0.175336 0.011855 0.302830
0.175252 0.011710 0.302786
0.175168 0.011565 0.302742
0.175083 0.011419 0.302698
0.174999 0.011274 0.302654
0.174915 0.011129 0.302610
0.174830 0.010983 0.302565
0.174746 0.010838 0.302521
0.174662 0.010693 0.302477
0.174577 0.010547 0.302433
0.174562 0.010336 0.302342
0.174478 0.010190 0.302297
0.174393 0.010045 0.302253
0.174309 0.009899 0.302209
0.174293 0.009687 0.302117
0.174208 0.009541 0.302073
0.174124 0.009395 0.302029
0.174107 0.009182 0.301937
0.174091 0.008969 0.301845
0.174006 0.008822 0.301801
0.173989 0.008608 0.301708
0.173972 0.008393 0.301616
0.173954 0.008178 0.301524
0.173937 0.007962 0.301431
0.173919 0.007746 0.301338
0.173833 0.007599 0.301294
0.173882 0.007313 0.301153
0.173997 0.006956 0.300963
0.174045 0.006668 0.300822
0.174159 0.006309 0.300632
0.174139 0.006090 0.300538
0.174185 0.005799 0.300395
0.174164 0.005578 0.300301
0.174143 0.005357 0.300207
0.174122 0.005136 0.300113
0.174034 0.004985 0.300067
0.173947 0.004834 0.300021
0.173925 0.004612 0.299927
0.173838 0.004461 0.299881
0.173750 0.004310 0.299835
0.173597 0.004232 0.299838
0.173510 0.004081 0.299792
0.177688 -0.003893 0.295154
0.177590 -0.004061 0.295102
0.177493 -0.004229 0.295051
0.177395 -0.004397 0.295000
0.177298 -0.004566 0.294949
0.177263 -0.004810 0.294848
0.189686 0.021062 0.303143
0.189591 0.020898 0.303094
0.189415 0.020780 0.303085
0.189321 0.020617 0.303035
0.189145 0.020499 0.303027
0.189051 0.020336 0.302977
0.188876 0.020219 0.302969
0.188781 0.020056 0.302920
0.188606 0.019940 0.302912
0.188432 0.019824 0.302904
0.188338 0.019662 0.302854
0.188164 0.019546 0.302847
0.187990 0.019431 0.302839
0.187816 0.019317 0.302831
0.187722 0.019155 0.302782
0.187549 0.019041 0.302775
0.187376 0.018928 0.302768
0.186729 0.019106 0.303013
0.186399 0.019092 0.303090
0.186306 0.018932 0.303042
0.185978 0.018920 0.303120
0.185650 0.018910 0.303198
0.185009 0.019098 0.303446
0.184918 0.018942 0.303399
0.184436 0.019035 0.303564
0.184111 0.019030 0.303644
0.183787 0.019026 0.303724
0.183698 0.018872 0.303678
0.182976 0.018920 0.303883
0.182732 0.018870 0.303922
0.182489 0.018821 0.303962
0.182324 0.018721 0.303959
0.182236 0.018569 0.303913
0.182071 0.018470 0.303910
0.181906 0.018371 0.303907
0.181819 0.018219 0.303861
0.181654 0.018121 0.303858
0.181567 0.017970 0.303813
0.181403 0.017872 0.303810
0.181315 0.017722 0.303764
0.181152 0.017625 0.303762
0.181064 0.017474 0.303716
0.180977 0.017324 0.303671
0.180814 0.017227 0.303669
0.180727 0.017077 0.303623
0.180564 0.016982 0.303621
0.180477 0.016831 0.303576
0.180315 0.016736 0.303574
0.180153 0.016642 0.303573
0.180066 0.016492 0.303527
0.179904 0.016398 0.303526
0.179743 0.016305 0.303525
0.179582 0.016212 0.303524
0.179346 0.016175 0.303567
0.179185 0.016083 0.303566
0.179025 0.015992 0.303566
0.178791 0.015958 0.303610
0.178631 0.015867 0.303610
0.178472 0.015777 0.303610
0.178386 0.015630 0.303565
0.178227 0.015540 0.303565
0.178068 0.015451 0.303565
0.177983 0.015304 0.303521
0.177898 0.015158 0.303476
0.177739 0.015069 0.303476
0.177654 0.014923 0.303432
0.177496 0.014835 0.303433
0.177339 0.014748 0.303433
0.177254 0.014602 0.303389
0.177096 0.014516 0.303390
0.177012 0.014370 0.303346
0.176855 0.014284 0.303347
0.176698 0.014198 0.303348
0.176541 0.014113 0.303349
0.176457 0.013968 0.303305
0.176301 0.013884 0.303307
0.176217 0.013739 0.303263
0.176133 0.013593 0.303219
0.176048 0.013448 0.303175
0.175964 0.013303 0.303131
0.175880 0.013158 0.303086
0.175796 0.013013 0.303042
0.175712 0.012868 0.302998
0.175627 0.012723 0.302954
0.175543 0.012578 0.302910
0.175530 0.012369 0.302820
0.175445 0.012224 0.302775
0.175361 0.012079 0.302731
0.175277 0.011933 0.302687
0.175192 0.011788 0.302643
0.175108 0.011643 0.302599
0.175024 0.011497 0.302555
0.174939 0.011352 0.302510
0.174855 0.011207 0.302466
0.174771 0.011061 0.302422
0.174686 0.010916 0.302378
0.174602 0.010771 0.302334
0.174518 0.010625 0.302290
0.174433 0.010480 0.302245
0.174418 0.010269 0.302154
0.174334 0.010123 0.302110
0.174249 0.009978 0.302065
0.174233 0.009765 0.301974
0.174149 0.009620 0.301929
0.174064 0.009474 0.301885
0.174048 0.009261 0.301793
0.174031 0.009047 0.301701
0.174014 0.008833 0.301609
0.173997 0.008619 0.301516
0.173912 0.008472 0.301472
0.173894 0.008257 0.301379
0.173876 0.008041 0.301286
0.173926 0.007757 0.301145
0.173840 0.007609 0.301100
0.173888 0.007323 0.300959
0.173936 0.007036 0.300817
0.173984 0.006748 0.300675
0.174031 0.006460 0.300533
0.174011 0.006240 0.300439
0.173990 0.006021 0.300345
0.174036 0.005730 0.300202
0.173949 0.005580 0.300156
0.173862 0.005430 0.300111
0.173841 0.005208 0.300016
0.173754 0.005058 0.299971
0.173667 0.004908 0.299925
0.173579 0.004758 0.299879
0.173427 0.004680 0.299883
0.173340 0.004530 0.299837
0.173253 0.004380 0.299792
0.177521 -0.003971 0.294937
0.177424 -0.004139 0.294886
0.177326 -0.004307 0.294834
0.177229 -0.004475 0.294783
0.177194 -0.004719 0.294682
0.177159 -0.004964 0.294580
0.189795 0.021269 0.302991
0.189700 0.021105 0.302941
0.189524 0.020986 0.302933
0.189429 0.020823 0.302883
0.189335 0.020659 0.302833
0.189159 0.020541 0.302825
0.188984 0.020424 0.302817
0.188889 0.020261 0.302767
0.188714 0.020144 0.302759
0.188540 0.020027 0.302751
0.188445 0.019865 0.302702
0.188271 0.019749 0.302694
0.188097 0.019633 0.302687
0.187923 0.019519 0.302679
0.187750 0.019404 0.302672
0.187656 0.019242 0.302623
0.187404 0.019176 0.302658
0.187310 0.019015 0.302609
0.186663 0.019192 0.302855
0.186334 0.019177 0.302933
0.186241 0.019018 0.302885
0.184631 0.019379 0.303462
0.184384 0.019323 0.303500
0.184138 0.019267 0.303538
0.183892 0.019213 0.303577
0.183646 0.019159 0.303615
0.183324 0.019156 0.303697
0.183079 0.019104 0.303736
0.182913 0.019002 0.303733
0.182670 0.018952 0.303772
0.182427 0.018902 0.303812
0.182339 0.018751 0.303766
0.182174 0.018651 0.303763
0.182009 0.018551 0.303761
0.181844 0.018452 0.303758
0.181680 0.018353 0.303756
0.181592 0.018202 0.303710
0.181505 0.018051 0.303664
0.181341 0.017953 0.303662
0.181254 0.017803 0.303616
0.181090 0.017705 0.303614
0.181003 0.017555 0.303568
0.180840 0.017458 0.303566
0.180677 0.017362 0.303564
0.180590 0.017212 0.303519
0.180427 0.017117 0.303517
0.180340 0.016967 0.303472
0.180178 0.016872 0.303471
0.180016 0.016777 0.303469
0.179855 0.016683 0.303468
0.179693 0.016590 0.303467
0.179532 0.016497 0.303466
0.179371 0.016404 0.303466
0.179211 0.016311 0.303465
0.179050 0.016220 0.303465
0.178816 0.016185 0.303509
0.178656 0.016094 0.303509
0.178497 0.016003 0.303509
0.178337 0.015913 0.303509
0.178252 0.015766 0.303465
0.178093 0.015677 0.303465
0.178008 0.015530 0.303420
0.177849 0.015441 0.303421
0.177764 0.015295 0.303376
0.177679 0.015148 0.303332
0.177594 0.015002 0.303287
0.177436 0.014914 0.303288
0.177279 0.014827 0.303289
0.177194 0.014681 0.303245
0.177037 0.014594 0.303246
0.176952 0.014448 0.303202
0.176795 0.014362 0.303203
0.176638 0.014277 0.303205
0.176482 0.014191 0.303206
0.176398 0.014046 0.303162
0.176241 0.013962 0.303164
0.176157 0.013817 0.303120
0.176073 0.013671 0.303076
0.175918 0.013588 0.303078
0.175833 0.013443 0.303034
0.175749 0.013298 0.302990
0.175665 0.013153 0.302946
0.175652 0.012946 0.302855
0.175568 0.012801 0.302811
0.175484 0.012656 0.302767
0.175400 0.012511 0.302723
0.175315 0.012365 0.302679
0.175231 0.012220 0.302635
0.175217 0.012012 0.302544
0.175133 0.011866 0.302500
0.175048 0.011721 0.302455
0.174964 0.011576 0.302411
0.174880 0.011430 0.302367
0.174795 0.011285 0.302323
0.174711 0.011140 0.302279
0.174627 0.010994 0.302235
0.174543 0.010849 0.302190
0.174458 0.010704 0.302146
0.174374 0.010558 0.302102
0.174290 0.010413 0.302058
0.174274 0.010201 0.301966
0.174189 0.010056 0.301922
0.174173 0.009844 0.301830
0.174089 0.009698 0.301786
0.174004 0.009552 0.301741
0.173988 0.009339 0.301649
0.173971 0.009126 0.301557
0.173954 0.008912 0.301464
0.173937 0.008697 0.301372
0.173919 0.008483 0.301279
0.173901 0.008268 0.301186
0.173883 0.008052 0.301093
0.173865 0.007836 0.301000
0.173779 0.007688 0.300955
0.173828 0.007403 0.300813
0.173876 0.007116 0.300671
0.173856 0.006898 0.300577
0.173903 0.006610 0.300435
0.173883 0.006391 0.300340
0.173863 0.006171 0.300246
0.173842 0.005951 0.300152
0.173755 0.005802 0.300106
0.173669 0.005652 0.300061
0.173582 0.005503 0.300016
0.173561 0.005282 0.299921
0.173408 0.005203 0.299925
0.173322 0.005054 0.299879
0.173235 0.004904 0.299834
0.173148 0.004755 0.299788
0.173061 0.004605 0.299743
0.177355 -0.004048 0.294720
0.177257 -0.004217 0.294669
0.177160 -0.004385 0.294618
0.177125 -0.004629 0.294516
0.177153 -0.004950 0.294363
0.189728 0.021357 0.302830
0.189633 0.021193 0.302780
0.189457 0.021074 0.302771
0.189362 0.020910 0.302722
0.189268 0.020747 0.302672
0.189173 0.020584 0.302622
0.188997 0.020466 0.302614
0.188822 0.020348 0.302606
0.188648 0.020231 0.302599
0.188473 0.020115 0.302591
0.188379 0.019952 0.302542
0.188205 0.019836 0.302534
0.188031 0.019721 0.302527
0.187777 0.019653 0.302562
0.187525 0.019586 0.302597
0.187431 0.019424 0.302548
0.187337 0.019263 0.302499
0.187244 0.019102 0.302450
0.184748 0.019774 0.303403
0.184579 0.019668 0.303399
0.184332 0.019611 0.303437
0.184164 0.019505 0.303433
0.183918 0.019450 0.303471
0.183673 0.019395 0.303510
0.183428 0.019342 0.303550
0.183261 0.019239 0.303546
0.183017 0.019186 0.303586
0.182773 0.019135 0.303626
0.182607 0.019034 0.303622
0.182442 0.018933 0.303620
0.182277 0.018832 0.303617
0.182112 0.018732 0.303614
0.181947 0.018632 0.303612
0.181782 0.018533 0.303609
0.181618 0.018434 0.303607
0.181531 0.018283 0.303561
0.181367 0.018185 0.303559
0.181279 0.018034 0.303513
0.181116 0.017937 0.303511
0.181028 0.017786 0.303465
0.180865 0.017689 0.303464
0.180702 0.017593 0.303462
0.180615 0.017443 0.303417
0.180453 0.017347 0.303415
0.180290 0.017252 0.303414
0.180204 0.017102 0.303369
0.180042 0.017007 0.303367
0.179880 0.016913 0.303367
0.179719 0.016819 0.303366
0.179558 0.016725 0.303365
0.179397 0.016632 0.303365
0.179236 0.016539 0.303364
0.179001 0.016503 0.303409
0.178841 0.016412 0.303409
0.178681 0.016321 0.303409
0.178522 0.016230 0.303409
0.178362 0.016139 0.303409
0.178277 0.015992 0.303364
0.178118 0.015903 0.303365
0.178033 0.015756 0.303320
0.177874 0.015667 0.303321
0.177789 0.015520 0.303276
0.177704 0.015374 0.303232
0.177619 0.015227 0.303187
0.177461 0.015139 0.303188
0.177376 0.014993 0.303144
0.177219 0.014905 0.303145
0.177134 0.014759 0.303101
0.176977 0.014672 0.303102
0.176892 0.014526 0.303058
0.176735 0.014440 0.303059
0.176507 0.014415 0.303107
0.176422 0.014270 0.303063
0.176266 0.014185 0.303065
0.176110 0.014100 0.303067
0.176026 0.013956 0.303023
0.175942 0.013811 0.302979
0.175858 0.013666 0.302935
0.175774 0.013521 0.302891
0.175690 0.013376 0.302847
0.175606 0.013231 0.302803
0.175522 0.013086 0.302759
0.175438 0.012941 0.302715
0.175354 0.012796 0.302671
0.175340 0.012589 0.302580
0.175256 0.012443 0.302536
0.175172 0.012298 0.302492
0.175087 0.012153 0.302448
0.175003 0.012008 0.302403
0.174919 0.011863 0.302359
0.174835 0.011718 0.302315
0.174751 0.011573 0.302271
0.174666 0.011428 0.302227
0.174582 0.011282 0.302183
0.174567 0.011072 0.302091
0.174483 0.010927 0.302047
0.174399 0.010782 0.302003
0.174314 0.010636 0.301959
0.174230 0.010491 0.301915
0.174214 0.010280 0.301823
0.174130 0.010134 0.301778
0.174045 0.009989 0.301734
0.174029 0.009776 0.301642
0.174013 0.009564 0.301550
0.173928 0.009418 0.301505
0.173911 0.009204 0.301413
0.173894 0.008990 0.301320
0.173877 0.008776 0.301227
0.173859 0.008562 0.301134
0.173841 0.008347 0.301041
0.173823 0.008131 0.300948
0.173872 0.007846 0.300806
0.173853 0.007630 0.300712
0.173767 0.007482 0.300667
0.173748 0.007265 0.300573
0.173795 0.006978 0.300431
0.173776 0.006759 0.300337
0.173689 0.006611 0.300291
0.173669 0.006392 0.300197
0.173649 0.006173 0.300103
0.173562 0.006023 0.300057
0.173476 0.005874 0.300012
0.173389 0.005725 0.299967
0.173303 0.005576 0.299921
0.173216 0.005427 0.299876
0.173130 0.005277 0.299831
0.173043 0.005128 0.299785
0.172956 0.004979 0.299740
0.172805 0.004902 0.299744
0.172718 0.004753 0.299699
0.172632 0.004604 0.299654
0.172546 0.004455 0.299609
0.177182 -0.004690 0.294248
0.177084 -0.004859 0.294197
0.189661 0.021445 0.302668
0.189566 0.021281 0.302618
0.189471 0.021117 0.302569
0.189295 0.020998 0.302561
0.189201 0.020835 0.302511
0.189106 0.020671 0.302461
0.188930 0.020553 0.302453
0.188756 0.020436 0.302446
0.188581 0.020319 0.302438
0.188326 0.020248 0.302473
0.188232 0.020086 0.302423
0.188058 0.019970 0.302416
0.187885 0.019855 0.302409
0.187711 0.019740 0.302402
0.187458 0.019672 0.302438
0.187365 0.019511 0.302389
0.187271 0.019350 0.302340
0.184695 0.020062 0.303340
0.184448 0.020004 0.303378
0.184358 0.019849 0.303331
0.184190 0.019743 0.303327
0.183944 0.019687 0.303366
0.183777 0.019582 0.303362
0.183609 0.019478 0.303359
0.183365 0.019424 0.303398
0.183120 0.019371 0.303438
0.182954 0.019269 0.303435
0.182711 0.019217 0.303475
0.182545 0.019115 0.303472
0.182302 0.019065 0.303513
0.182214 0.018914 0.303467
0.181973 0.018865 0.303508
0.181885 0.018714 0.303462
0.181720 0.018614 0.303460
0.181633 0.018463 0.303414
0.181469 0.018364 0.303412
0.181305 0.018266 0.303410
0.181217 0.018115 0.303365
0.181054 0.018018 0.303363
0.180891 0.017920 0.303361
0.180804 0.017770 0.303316
0.180641 0.017673 0.303314
0.180478 0.017577 0.303313
0.180316 0.017482 0.303312
0.180154 0.017386 0.303311
0.179992 0.017291 0.303310
0.179830 0.017197 0.303309
0.179669 0.017103 0.303309
0.179508 0.017009 0.303308
0.179422 0.016861 0.303263
0.179187 0.016823 0.303308
0.179026 0.016731 0.303308
0.178866 0.016639 0.303308
0.178706 0.016547 0.303308
0.178547 0.016456 0.303308
0.178387 0.016365 0.303309
0.178228 0.016275 0.303309
0.178143 0.016128 0.303265
0.178058 0.015982 0.303220
0.177899 0.015892 0.303221
0.177814 0.015746 0.303176
0.177729 0.015599 0.303132
0.177571 0.015511 0.303133
0.177486 0.015364 0.303089
0.177401 0.015218 0.303044
0.177316 0.015071 0.303000
0.177159 0.014984 0.303001
0.177074 0.014838 0.302957
0.176917 0.014751 0.302958
0.176832 0.014605 0.302914
0.176675 0.014519 0.302916
0.176447 0.014493 0.302964
0.176291 0.014408 0.302966
0.176207 0.014263 0.302922
0.176051 0.014178 0.302924
0.175967 0.014033 0.302880
0.175811 0.013950 0.302883
0.175728 0.013805 0.302839
0.175644 0.013660 0.302795
0.175560 0.013516 0.302751
0.175476 0.013371 0.302707
0.175462 0.013164 0.302616
0.175378 0.013019 0.302572
0.175294 0.012874 0.302528
0.175210 0.012729 0.302484
0.175196 0.012521 0.302393
0.175112 0.012376 0.302349
0.175028 0.012231 0.302304
0.174944 0.012086 0.302260
0.174860 0.011941 0.302216
0.174775 0.011796 0.302172
0.174691 0.011651 0.302128
0.174607 0.011506 0.302084
0.174523 0.011360 0.302040
0.174439 0.011215 0.301996
0.174354 0.011070 0.301952
0.174339 0.010860 0.301860
0.174255 0.010714 0.301816
0.174170 0.010569 0.301771
0.174086 0.010424 0.301727
0.174070 0.010212 0.301635
0.173986 0.010067 0.301591
0.173969 0.009855 0.301498
0.173953 0.009642 0.301406
0.173868 0.009496 0.301361
0.173851 0.009283 0.301268
0.173901 0.009002 0.301127
0.173884 0.008787 0.301034
0.173799 0.008641 0.300989
0.173781 0.008426 0.300896
0.173830 0.008142 0.300754
0.173811 0.007926 0.300660
0.173792 0.007709 0.300566
0.173706 0.007562 0.300521
0.173687 0.007344 0.300427
0.173668 0.007127 0.300333
0.173648 0.006909 0.300239
0.173562 0.006760 0.300194
0.173476 0.006612 0.300149
0.173456 0.006393 0.300054
0.173369 0.006244 0.300009
0.173283 0.006096 0.299964
0.173197 0.005947 0.299919
0.173110 0.005798 0.299874
0.173024 0.005649 0.299828
0.172938 0.005501 0.299783
0.172852 0.005352 0.299738
0.172765 0.005203 0.299693
0.172679 0.005054 0.299648
0.172593 0.004906 0.299602
0.172506 0.004757 0.299557
0.172420 0.004608 0.299512
0.172334 0.004460 0.299467
0.177104 -0.005166 0.293826
0.189594 0.021533 0.302507
0.189499 0.021369 0.302457
0.189404 0.021205 0.302407
0.189228 0.021086 0.302399
0.189134 0.020923 0.302350
0.189039 0.020759 0.302300
0.188864 0.020641 0.302292
0.188689 0.020524 0.302285
0.188434 0.020452 0.302320
0.188260 0.020336 0.302313
0.188086 0.020219 0.302305
0.187912 0.020104 0.302299
0.187659 0.020035 0.302334
0.187327 0.020014 0.302413
0.187234 0.019853 0.302364
0.185770 0.020086 0.302858
0.185285 0.020168 0.303024
0.184643 0.020349 0.303277
0.184475 0.020242 0.303273
0.184306 0.020136 0.303269
0.184217 0.019981 0.303222
0.184049 0.019875 0.303218
0.183803 0.019819 0.303257
0.183636 0.019715 0.303254
0.183469 0.019610 0.303250
0.183302 0.019507 0.303247
0.183058 0.019453 0.303287
0.182891 0.019351 0.303284
0.182648 0.019299 0.303325
0.182483 0.019197 0.303322
0.182240 0.019147 0.303364
0.182075 0.019046 0.303361
0.181911 0.018946 0.303359
0.181823 0.018795 0.303313
0.181658 0.018695 0.303311
0.181494 0.018596 0.303309
0.181407 0.018445 0.303263
0.181243 0.018347 0.303262
0.181080 0.018249 0.303260
0.180992 0.018098 0.303215
0.180829 0.018001 0.303213
0.180666 0.017904 0.303212
0.180504 0.017808 0.303211
0.180341 0.017712 0.303210
0.180179 0.017616 0.303209
0.180017 0.017521 0.303208
0.179856 0.017426 0.303208
0.179694 0.017331 0.303207
0.179533 0.017237 0.303207
0.179372 0.017144 0.303207
0.179212 0.017051 0.303207
0.179051 0.016958 0.303207
0.178891 0.016866 0.303207
0.178731 0.016774 0.303207
0.178572 0.016683 0.303208
0.178412 0.016592 0.303209
0.178253 0.016501 0.303209
0.178094 0.016411 0.303210
0.178009 0.016264 0.303166
0.177924 0.016118 0.303121
0.177766 0.016028 0.303122
0.177681 0.015882 0.303078
0.177596 0.015736 0.303033
0.177511 0.015589 0.302989
0.177426 0.015443 0.302944
0.177268 0.015355 0.302946
0.177184 0.015209 0.302901
0.177099 0.015062 0.302857
0.176942 0.014975 0.302859
0.176857 0.014829 0.302814
0.176700 0.014743 0.302816
0.176544 0.014657 0.302818
0.176387 0.014571 0.302821
0.176231 0.014486 0.302823
0.176076 0.014401 0.302825
0.175992 0.014256 0.302781
0.175836 0.014172 0.302784
0.175752 0.014027 0.302740
0.175668 0.013883 0.302696
0.175584 0.013738 0.302652
0.175500 0.013593 0.302608
0.175416 0.013449 0.302564
0.175332 0.013304 0.302520
0.175319 0.013097 0.302429
0.175235 0.012952 0.302385
0.175151 0.012807 0.302341
0.175067 0.012662 0.302297
0.174983 0.012517 0.302253
0.174899 0.012372 0.302209
0.174815 0.012228 0.302165
0.174800 0.012019 0.302073
0.174716 0.011874 0.302029
0.174632 0.011729 0.301985
0.174547 0.011584 0.301941
0.174463 0.011438 0.301897
0.174379 0.011293 0.301853
0.174295 0.011148 0.301809
0.174211 0.011003 0.301765
0.174127 0.010858 0.301720
0.174111 0.010647 0.301628
0.174027 0.010502 0.301584
0.173942 0.010357 0.301540
0.173926 0.010145 0.301447
0.173910 0.009933 0.301355
0.173893 0.009720 0.301262
0.173876 0.009508 0.301169
0.173859 0.009294 0.301076
0.173841 0.009080 0.300983
0.173824 0.008866 0.300889
0.173806 0.008652 0.300796
0.173788 0.008437 0.300702
0.173769 0.008221 0.300608
0.173751 0.008005 0.300515
0.173665 0.007858 0.300470
0.173579 0.007710 0.300425
0.173560 0.007493 0.300331
0.173541 0.007276 0.300236
0.173455 0.007128 0.300191
0.173369 0.006980 0.300146
0.173349 0.006762 0.300052
0.173263 0.006613 0.300007
0.173177 0.006465 0.299962
0.173091 0.006317 0.299917
0.173005 0.006168 0.299872
0.172919 0.006020 0.299827
0.172833 0.005872 0.299782
0.172747 0.005724 0.299736
0.172726 0.005504 0.299641
0.172639 0.005355 0.299596
0.172553 0.005207 0.299551
0.172467 0.005058 0.299506
0.172445 0.004837 0.299411
0.172359 0.004688 0.299365
0.172208 0.004612 0.299371
0.172122 0.004464 0.299325
0.189527 0.021620 0.302345
0.189351 0.021501 0.302338
0.189256 0.021338 0.302288
0.189161 0.021174 0.302238
0.189066 0.021011 0.302189
0.188891 0.020892 0.302181
0.188716 0.020774 0.302174
0.188542 0.020657 0.302167
0.188287 0.020585 0.302202
0.188113 0.020469 0.302195
0.187940 0.020353 0.302188
0.187687 0.020283 0.302224
0.187434 0.020215 0.302260
0.187023 0.020241 0.302382
0.186930 0.020081 0.302333
0.186034 0.020187 0.302622
0.185705 0.020171 0.302703
0.185220 0.020253 0.302870
0.184580 0.020432 0.303124
0.184411 0.020325 0.303120
0.184243 0.020219 0.303116
0.184153 0.020064 0.303069
0.183907 0.020007 0.303109
0.183740 0.019902 0.303105
0.183573 0.019797 0.303102
0.183406 0.019693 0.303099
0.183161 0.019639 0.303139
0.183072 0.019486 0.303093
0.182751 0.019483 0.303177
0.182586 0.019381 0.303175
0.182343 0.019330 0.303216
0.182178 0.019228 0.303214
0.182013 0.019128 0.303212
0.181925 0.018976 0.303166
0.181761 0.018876 0.303164
0.181596 0.018777 0.303162
0.181432 0.018677 0.303161
0.181345 0.018526 0.303115
0.181181 0.018428 0.303113
0.181018 0.018330 0.303112
0.180855 0.018232 0.303111
0.180692 0.018135 0.303110
0.180529 0.018038 0.303109
0.180367 0.017942 0.303108
0.180205 0.017846 0.303107
0.180043 0.017750 0.303107
0.179881 0.017655 0.303106
0.179645 0.017614 0.303151
0.179559 0.017466 0.303106
0.179398 0.017372 0.303106
0.179162 0.017333 0.303151
0.179002 0.017241 0.303151
0.178842 0.017148 0.303152
0.178682 0.017056 0.303152
0.178523 0.016965 0.303153
0.178363 0.016874 0.303154
0.178278 0.016727 0.303109
0.178119 0.016636 0.303110
0.178034 0.016490 0.303066
0.177949 0.016343 0.303021
0.177791 0.016253 0.303022
0.177706 0.016107 0.302978
0.177548 0.016018 0.302979
0.177463 0.015872 0.302935
0.177378 0.015726 0.302890
0.177293 0.015580 0.302846
0.177209 0.015433 0.302802
0.177124 0.015287 0.302757
0.176967 0.015200 0.302759
0.176882 0.015054 0.302715
0.176797 0.014908 0.302670
0.176640 0.014821 0.302673
0.176484 0.014735 0.302675
0.176328 0.014649 0.302677
0.176172 0.014564 0.302680
0.176016 0.014479 0.302682
0.175932 0.014334 0.302638
0.175777 0.014250 0.302641
0.175693 0.014105 0.302597
0.175609 0.013960 0.302553
0.175525 0.013816 0.302509
0.175441 0.013671 0.302465
0.175357 0.013526 0.302422
0.175273 0.013382 0.302378
0.175189 0.013237 0.302334
0.175105 0.013092 0.302290
0.175091 0.012885 0.302198
0.175007 0.012740 0.302154
0.174923 0.012595 0.302110
0.174839 0.012450 0.302066
0.174755 0.012305 0.302022
0.174671 0.012161 0.301978
0.174587 0.012016 0.301934
0.174503 0.011871 0.301890
0.174488 0.011662 0.301798
0.174404 0.011516 0.301754
0.174320 0.011371 0.301710
0.174235 0.011226 0.301666
0.174151 0.011081 0.301621
0.174067 0.010936 0.301577
0.174051 0.010725 0.301485
0.173967 0.010580 0.301441
0.173883 0.010435 0.301397
0.173866 0.010223 0.301304
0.173850 0.010011 0.301211
0.173833 0.009799 0.301118
0.173816 0.009586 0.301025
0.173799 0.009373 0.300931
0.173781 0.009159 0.300838
0.173764 0.008945 0.300744
0.173746 0.008731 0.300651
0.173727 0.008516 0.300557
0.173709 0.008300 0.300463
0.173623 0.008153 0.300418
0.173604 0.007937 0.300324
0.173519 0.007789 0.300279
0.173433 0.007642 0.300234
0.173414 0.007425 0.300140
0.173328 0.007277 0.300095
0.173242 0.007129 0.300050
0.173156 0.006981 0.300005
0.173070 0.006833 0.299960
0.172985 0.006685 0.299915
0.172964 0.006467 0.299820
0.172878 0.006319 0.299775
0.172793 0.006171 0.299730
0.172707 0.006023 0.299685
0.172686 0.005803 0.299590
0.172600 0.005655 0.299545
0.172578 0.005435 0.299450
0.172492 0.005286 0.299405
0.172406 0.005138 0.299360
0.172320 0.004989 0.299314
0.172234 0.004841 0.299269
0.172148 0.004692 0.299224
0.172061 0.004544 0.299179
0.177152 -0.005212 0.293337
0.189379 0.021752 0.302226
0.189203 0.021633 0.302219
0.189109 0.021470 0.302169
0.189014 0.021306 0.302119
0.188919 0.021143 0.302070
0.188744 0.021025 0.302063
0.188570 0.020907 0.302055
0.188395 0.020790 0.302049
0.188141 0.020718 0.302084
0.187967 0.020602 0.302078
0.187794 0.020486 0.302071
0.187541 0.020416 0.302108
0.187209 0.020394 0.302187
0.186957 0.020327 0.302224
0.186865 0.020167 0.302175
0.185969 0.020272 0.302466
0.185877 0.020113 0.302418
0.184842 0.020528 0.302888
0.184594 0.020468 0.302928
0.184348 0.020409 0.302967
0.184179 0.020302 0.302964
0.184090 0.020147 0.302917
0.183844 0.020090 0.302957
0.183677 0.019985 0.302953
0.183509 0.019880 0.302950
0.183343 0.019776 0.302947
0.183098 0.019721 0.302988
0.182932 0.019618 0.302986
0.182689 0.019565 0.303027
0.182523 0.019463 0.303025
0.182281 0.019411 0.303066
0.182116 0.019310 0.303064
0.182028 0.019158 0.303018
0.181863 0.019058 0.303017
0.181699 0.018958 0.303015
0.181535 0.018858 0.303013
0.181371 0.018758 0.303012
0.181283 0.018608 0.302966
0.181120 0.018509 0.302965
0.180956 0.018411 0.302964
0.180793 0.018313 0.302963
0.180630 0.018215 0.302962
0.180468 0.018118 0.302961
0.180230 0.018075 0.303005
0.180068 0.017979 0.303005
0.179907 0.017884 0.303005
0.179745 0.017789 0.303004
0.179584 0.017694 0.303004
0.179348 0.017654 0.303050
0.179188 0.017561 0.303050
0.179027 0.017468 0.303051
0.178867 0.017375 0.303051
0.178707 0.017283 0.303052
0.178548 0.017191 0.303053
0.178388 0.017099 0.303054
0.178229 0.017008 0.303055
0.178144 0.016862 0.303010
0.177986 0.016771 0.303011
0.177901 0.016625 0.302967
0.177742 0.016535 0.302968
0.177657 0.016389 0.302924
0.177573 0.016243 0.302880
0.177488 0.016097 0.302835
0.177403 0.015950 0.302791
0.177318 0.015804 0.302746
0.177233 0.015658 0.302702
0.177076 0.015570 0.302704
0.176991 0.015424 0.302660
0.176907 0.015278 0.302615
0.176750 0.015191 0.302617
0.176665 0.015045 0.302573
0.176581 0.014900 0.302529
0.176353 0.014873 0.302578
0.176197 0.014787 0.302581
0.176041 0.014702 0.302584
0.175957 0.014557 0.302540
0.175801 0.014472 0.302543
0.175717 0.014328 0.302499
0.175633 0.014183 0.302455
0.175550 0.014038 0.302411
0.175395 0.013955 0.302414
0.175311 0.013810 0.302370
0.175298 0.013604 0.302279
0.175214 0.013459 0.302235
0.175130 0.013315 0.302191
0.175046 0.013170 0.302147
0.174962 0.013025 0.302103
0.174878 0.012881 0.302059
0.174794 0.012736 0.302015
0.174780 0.012528 0.301923
0.174696 0.012383 0.301879
0.174612 0.012238 0.301835
0.174528 0.012094 0.301791
0.174443 0.011949 0.301747
0.174359 0.011804 0.301703
0.174275 0.011659 0.301659
0.174191 0.011514 0.301615
0.174176 0.011304 0.301522
0.174092 0.011159 0.301478
0.174008 0.011014 0.301434
0.173992 0.010803 0.301342
0.173907 0.010658 0.301297
0.173891 0.010447 0.301204
0.173875 0.010235 0.301111
0.173858 0.010023 0.301018
0.173841 0.009811 0.300925
0.173756 0.009665 0.300881
0.173806 0.009385 0.300738
0.173789 0.009171 0.300644
0.173703 0.009024 0.300600
0.173685 0.008810 0.300506
0.173667 0.008595 0.300412
0.173648 0.008380 0.300318
0.173563 0.008232 0.300273
0.173477 0.008085 0.300228
0.173392 0.007937 0.300183
0.173372 0.007721 0.300089
0.173287 0.007573 0.300044
0.173201 0.007426 0.299999
0.173115 0.007278 0.299954
0.173030 0.007130 0.299909
0.172944 0.006983 0.299864
0.172858 0.006835 0.299819
0.172838 0.006617 0.299724
0.172752 0.006469 0.299680
0.172667 0.006321 0.299635
0.172646 0.006102 0.299539
0.172560 0.005954 0.299494
0.172539 0.005735 0.299399
0.172453 0.005586 0.299354
0.172367 0.005438 0.299309
0.172345 0.005218 0.299213
0.172259 0.005069 0.299168
0.172173 0.004921 0.299123
0.172087 0.004772 0.299078
0.172001 0.004624 0.299033
0.177083 -0.005120 0.293169
0.189312 0.021840 0.302065
0.189136 0.021721 0.302058
0.189042 0.021557 0.302008
0.188867 0.021439 0.302001
0.188772 0.021276 0.301951
0.188597 0.021157 0.301944
0.188423 0.021040 0.301938
0.188249 0.020922 0.301931
0.188075 0.020805 0.301924
0.187821 0.020734 0.301961
0.187568 0.020664 0.301997
0.187237 0.020641 0.302077
0.186985 0.020573 0.302115
0.186496 0.020646 0.302282
0.186404 0.020487 0.302233
0.185589 0.020546 0.302483
0.185497 0.020388 0.302435
0.184778 0.020611 0.302735
0.184531 0.020551 0.302775
0.184362 0.020444 0.302771
0.184194 0.020337 0.302767
0.184026 0.020231 0.302764
0.183859 0.020124 0.302761
0.183613 0.020068 0.302802
0.183446 0.019963 0.302799
0.183280 0.019858 0.302796
0.183036 0.019804 0.302837
0.182869 0.019700 0.302835
0.182626 0.019647 0.302877
0.182461 0.019545 0.302874
0.182219 0.019493 0.302917
0.182054 0.019392 0.302915
0.181966 0.019240 0.302869
0.181801 0.019139 0.302867
0.181637 0.019039 0.302866
0.181549 0.018888 0.302820
0.181385 0.018788 0.302818
0.181221 0.018689 0.302817
0.181058 0.018590 0.302816
0.180895 0.018492 0.302815
0.180732 0.018394 0.302814
0.180569 0.018296 0.302814
0.180331 0.018252 0.302858
0.180169 0.018155 0.302858
0.180007 0.018059 0.302858
0.179770 0.018017 0.302903
0.179609 0.017922 0.302903
0.179373 0.017882 0.302949
0.179213 0.017788 0.302949
0.179052 0.017695 0.302950
0.178892 0.017602 0.302951
0.178658 0.017564 0.302997
0.178573 0.017417 0.302952
0.178413 0.017325 0.302953
0.178254 0.017234 0.302955
0.178095 0.017143 0.302956
0.178011 0.016996 0.302912
0.177852 0.016906 0.302913
0.177767 0.016760 0.302869
0.177682 0.016614 0.302824
0.177524 0.016524 0.302826
0.177440 0.016378 0.302782
0.177355 0.016232 0.302737
0.177270 0.016086 0.302693
0.177186 0.015941 0.302649
0.177101 0.015795 0.302604
0.177016 0.015649 0.302560
0.176932 0.015503 0.302516
0.176847 0.015357 0.302471
0.176690 0.015269 0.302474
0.176606 0.015124 0.302429
0.176449 0.015037 0.302432
0.176293 0.014951 0.302435
0.176137 0.014865 0.302438
0.175981 0.014780 0.302441
0.175897 0.014635 0.302397
0.175742 0.014550 0.302400
0.175658 0.014405 0.302356
0.175574 0.014261 0.302312
0.175419 0.014177 0.302316
0.175336 0.014032 0.302272
0.175252 0.013888 0.302228
0.175168 0.013743 0.302184
0.175154 0.013537 0.302092
0.175070 0.013393 0.302048
0.174987 0.013248 0.302004
0.174903 0.013103 0.301960
0.174819 0.012958 0.301916
0.174735 0.012814 0.301872
0.174651 0.012669 0.301828
0.174567 0.012524 0.301784
0.174483 0.012380 0.301740
0.174399 0.012235 0.301697
0.174384 0.012027 0.301604
0.174300 0.011882 0.301560
0.174216 0.011737 0.301516
0.174132 0.011592 0.301472
0.174048 0.011447 0.301428
0.174032 0.011237 0.301335
0.173948 0.011092 0.301291
0.173932 0.010882 0.301198
0.173848 0.010736 0.301154
0.173831 0.010525 0.301061
0.173815 0.010314 0.300968
0.173798 0.010102 0.300874
0.173781 0.009889 0.300781
0.173764 0.009677 0.300687
0.173746 0.009463 0.300593
0.173728 0.009250 0.300500
0.173710 0.009036 0.300406
0.173625 0.008889 0.300361
0.173607 0.008674 0.300267
0.173521 0.008527 0.300222
0.173436 0.008380 0.300177
0.173350 0.008232 0.300132
0.173265 0.008085 0.300088
0.173179 0.007938 0.300043
0.173160 0.007722 0.299948
0.173075 0.007574 0.299903
0.172989 0.007427 0.299859
0.172903 0.007279 0.299814
0.172818 0.007132 0.299769
0.172798 0.006914 0.299674
0.172712 0.006767 0.299629
0.172626 0.006619 0.299584
0.172606 0.006401 0.299489
0.172520 0.006253 0.299444
0.172499 0.006034 0.299348
0.172413 0.005886 0.299303
0.172392 0.005666 0.299208
0.172306 0.005518 0.299163
0.172284 0.005297 0.299067
0.172198 0.005149 0.299021
0.172112 0.005000 0.298976
0.172026 0.004852 0.298931
0.171940 0.004703 0.298886
0.171853 0.004555 0.298841
0.176914 -0.005199 0.292950
0.189245 0.021928 0.301904
0.189069 0.021808 0.301897
0.188894 0.021689 0.301890
0.188800 0.021526 0.301840
0.188625 0.021408 0.301833
0.188450 0.021290 0.301827
0.188276 0.021172 0.301820
0.188102 0.021055 0.301814
0.187849 0.020983 0.301850
0.187596 0.020912 0.301887
0.187343 0.020843 0.301925
0.187012 0.020820 0.302005
0.186682 0.020798 0.302087
0.186194 0.020871 0.302255
0.185786 0.020899 0.302380
0.185694 0.020741 0.302332
0.185524 0.020630 0.302328
0.185040 0.020709 0.302498
0.184793 0.020648 0.302538
0.184545 0.020587 0.302578
0.184377 0.020479 0.302574
0.184131 0.020420 0.302615
0.184041 0.020265 0.302568
0.183873 0.020159 0.302565
0.183628 0.020102 0.302606
0.183461 0.019996 0.302603
0.183217 0.019941 0.302644
0.183050 0.019837 0.302642
0.182807 0.019782 0.302684
0.182641 0.019679 0.302682
0.182398 0.019626 0.302724
0.182233 0.019524 0.302722
0.182068 0.019423 0.302721
0.181903 0.019321 0.302719
0.181739 0.019221 0.302718
0.181575 0.019120 0.302716
0.181487 0.018969 0.302671
0.181323 0.018869 0.302669
0.181159 0.018770 0.302668
0.180996 0.018671 0.302668
0.180833 0.018572 0.302667
0.180670 0.018474 0.302666
0.180432 0.018429 0.302711
0.180270 0.018332 0.302711
0.180032 0.018289 0.302756
0.179796 0.018246 0.302802
0.179634 0.018151 0.302802
0.179399 0.018110 0.302848
0.179238 0.018015 0.302848
0.179003 0.017976 0.302895
0.178843 0.017883 0.302896
0.178683 0.017790 0.302897
0.178524 0.017698 0.302898
0.178364 0.017606 0.302899
0.178205 0.017514 0.302901
0.178047 0.017423 0.302902
0.177962 0.017277 0.302858
0.177877 0.017131 0.302813
0.177719 0.017041 0.302815
0.177634 0.016895 0.302771
0.177549 0.016749 0.302727
0.177465 0.016603 0.302682
0.177307 0.016514 0.302684
0.177222 0.016368 0.302640
0.177138 0.016222 0.302596
0.177053 0.016076 0.302551
0.176969 0.015931 0.302507
0.176884 0.015785 0.302463
0.176799 0.015639 0.302419
0.176715 0.015493 0.302374
0.176558 0.015406 0.302377
0.176474 0.015261 0.302333
0.176318 0.015174 0.302336
0.176162 0.015088 0.302339
0.176078 0.014943 0.302295
0.175922 0.014858 0.302298
0.175767 0.014772 0.302301
0.175683 0.014628 0.302257
0.175528 0.014543 0.302261
0.175444 0.014399 0.302217
0.175360 0.014254 0.302173
0.175276 0.014110 0.302129
0.175193 0.013966 0.302085
0.175109 0.013821 0.302041
0.175025 0.013677 0.301998
0.175011 0.013470 0.301906
0.174927 0.013326 0.301862
0.174843 0.013181 0.301818
0.174759 0.013036 0.301774
0.174675 0.012892 0.301730
0.174591 0.012747 0.301686
0.174507 0.012602 0.301642
0.174424 0.012457 0.301598
0.174340 0.012313 0.301554
0.174256 0.012168 0.301510
0.174172 0.012023 0.301466
0.174157 0.011815 0.301373
0.174072 0.011670 0.301329
0.173988 0.011525 0.301285
0.173973 0.011315 0.301192
0.173889 0.011170 0.301148
0.173873 0.010960 0.301055
0.173788 0.010814 0.301011
0.173772 0.010603 0.300918
0.173755 0.010392 0.300824
0.173806 0.010114 0.300681
0.173789 0.009902 0.300587
0.173704 0.009755 0.300543
0.173686 0.009542 0.300449
0.173668 0.009329 0.300355
0.173583 0.009182 0.300310
0.173565 0.008968 0.300216
0.173479 0.008821 0.300171
0.173394 0.008674 0.300126
0.173309 0.008527 0.300082
0.173223 0.008380 0.300037
0.173138 0.008233 0.299992
0.173053 0.008086 0.299948
0.172968 0.007938 0.299903
0.172882 0.007791 0.299858
0.172863 0.007575 0.299763
0.172777 0.007428 0.299719
0.172692 0.007281 0.299674
0.172672 0.007064 0.299579
0.172586 0.006916 0.299534
0.172566 0.006698 0.299439
0.172480 0.006551 0.299394
0.172459 0.006332 0.299298
0.172374 0.006184 0.299253
0.172353 0.005965 0.299157
0.172267 0.005817 0.299112
0.172245 0.005597 0.299016
0.172159 0.005449 0.298971
0.172073 0.005301 0.298926
0.171987 0.005152 0.298881
0.171965 0.004932 0.298785
0.171879 0.004783 0.298740
0.171793 0.004635 0.298695
0.189097 0.022059 0.301785
0.189002 0.021896 0.301736
0.188827 0.021777 0.301729
0.188653 0.021658 0.301722
0.188478 0.021540 0.301716
0.188304 0.021422 0.301709
0.188130 0.021304 0.301703
0.187876 0.021232 0.301740
0.187623 0.021161 0.301777
0.187212 0.021181 0.301902
0.187119 0.021021 0.301853
0.186630 0.021089 0.302021
0.186300 0.021068 0.302103
0.185971 0.021048 0.302185
0.185564 0.021076 0.302312
0.185472 0.020919 0.302264
0.185224 0.020856 0.302304
0.184976 0.020793 0.302344
0.184650 0.020779 0.302428
0.184482 0.020671 0.302424
0.184313 0.020563 0.302421
0.184145 0.020456 0.302418
0.183977 0.020349 0.302415
0.183810 0.020242 0.302412
0.183565 0.020185 0.302453
0.183398 0.020079 0.302451
0.183154 0.020023 0.302493
0.182910 0.019968 0.302535
0.182744 0.019865 0.302533
0.182501 0.019811 0.302576
0.182259 0.019758 0.302619
0.182094 0.019656 0.302617
0.182006 0.019504 0.302571
0.181841 0.019403 0.302570
0.181677 0.019302 0.302568
0.181513 0.019201 0.302567
0.181425 0.019050 0.302521
0.181261 0.018950 0.302520
0.181098 0.018851 0.302520
0.180934 0.018752 0.302519
0.180771 0.018653 0.302519
0.180533 0.018607 0.302564
0.180371 0.018510 0.302563
0.180208 0.018413 0.302563
0.179971 0.018369 0.302609
0.179735 0.018326 0.302655
0.179499 0.018284 0.302701
0.179263 0.018243 0.302748
0.179103 0.018149 0.302748
0.178868 0.018109 0.302795
0.178708 0.018016 0.302796
0.178549 0.017923 0.302798
0.178315 0.017886 0.302845
0.178230 0.017739 0.302801
0.178071 0.017648 0.302803
0.177913 0.017557 0.302804
0.177828 0.017411 0.302760
0.177670 0.017321 0.302762
0.177585 0.017175 0.302718
0.177501 0.017029 0.302674
0.177416 0.016884 0.302629
0.177332 0.016738 0.302585
0.177174 0.016649 0.302587
0.177090 0.016503 0.302543
0.177005 0.016358 0.302499
0.176921 0.016212 0.302455
0.176836 0.016067 0.302410
0.176752 0.015921 0.302366
0.176668 0.015776 0.302322
0.176511 0.015688 0.302325
0.176427 0.015543 0.302281
0.176271 0.015456 0.302284
0.176186 0.015311 0.302240
0.176031 0.015225 0.302243
0.175875 0.015140 0.302247
0.175791 0.014995 0.302203
0.175636 0.014910 0.302206
0.175552 0.014766 0.302162
0.175398 0.014681 0.302166
0.175314 0.014537 0.302122
0.175230 0.014393 0.302079
0.175147 0.014248 0.302035
0.175063 0.014104 0.301991
0.175049 0.013899 0.301899
0.174966 0.013754 0.301855
0.174882 0.013610 0.301811
0.174798 0.013465 0.301767
0.174714 0.013321 0.301723
0.174700 0.013114 0.301631
0.174616 0.012969 0.301587
0.174532 0.012825 0.301543
0.174448 0.012680 0.301499
0.174364 0.012535 0.301455
0.174280 0.012391 0.301411
0.174196 0.012246 0.301367
0.174112 0.012101 0.301323
0.174028 0.011956 0.301279
0.173945 0.011812 0.301235
0.173929 0.011603 0.301142
0.173845 0.011458 0.301098
0.173829 0.011248 0.301005
0.173813 0.011038 0.300912
0.173797 0.010827 0.300818
0.173780 0.010616 0.300725
0.173763 0.010405 0.300631
0.173746 0.010193 0.300537
0.173729 0.009980 0.300443
0.173644 0.009834 0.300399
0.173626 0.009621 0.300304
0.173541 0.009474 0.300260
0.173523 0.009261 0.300165
0.173438 0.009114 0.300121
0.173352 0.008967 0.300076
0.173267 0.008820 0.300032
0.173182 0.008674 0.299987
0.173097 0.008527 0.299942
0.173012 0.008380 0.299898
0.172926 0.008233 0.299853
0.172841 0.008086 0.299808
0.172756 0.007939 0.299764
0.172737 0.007723 0.299669
0.172651 0.007576 0.299624
0.172566 0.007429 0.299579
0.172546 0.007213 0.299484
0.172461 0.007065 0.299439
0.172440 0.006848 0.299344
0.172420 0.006630 0.299248
0.172334 0.006482 0.299203
0.172313 0.006264 0.299107
0.172292 0.006045 0.299011
0.172206 0.005897 0.298966
0.172120 0.005749 0.298921
0.172098 0.005529 0.298825
0.172012 0.005381 0.298780
0.171926 0.005232 0.298735
0.171904 0.005012 0.298638
0.171818 0.004863 0.298593
0.171732 0.004714 0.298548
0.171709 0.004493 0.298451
0.173268 0.000614 0.296212
0.173178 0.000458 0.296164
0.173087 0.000301 0.296117
0.190425 0.022913 0.301590
0.190330 0.022747 0.301539
0.190315 0.022540 0.301447
0.190219 0.022375 0.301396
0.189880 0.022338 0.301474
0.189785 0.022173 0.301424
0.189030 0.022147 0.301624
0.188855 0.022028 0.301618
0.188680 0.021908 0.301611
0.188506 0.021790 0.301605
0.188331 0.021671 0.301599
0.188157 0.021553 0.301593
0.187904 0.021481 0.301630
0.187571 0.021453 0.301711
0.187319 0.021383 0.301749
0.186987 0.021358 0.301830
0.186657 0.021335 0.301912
0.186327 0.021312 0.301995
0.186235 0.021154 0.301947
0.185669 0.021272 0.302161
0.185420 0.021207 0.302201
0.185329 0.021050 0.302153
0.185081 0.020987 0.302193
0.184833 0.020924 0.302233
0.184586 0.020863 0.302274
0.184418 0.020754 0.302271
0.184250 0.020646 0.302268
0.184159 0.020491 0.302221
0.183914 0.020432 0.302262
0.183746 0.020325 0.302259
0.183501 0.020268 0.302301
0.183335 0.020162 0.302299
0.183091 0.020106 0.302341
0.182847 0.020051 0.302384
0.182681 0.019947 0.302382
0.182439 0.019893 0.302425
0.182197 0.019840 0.302469
0.182032 0.019738 0.302467
0.181867 0.019636 0.302466
0.181779 0.019485 0.302420
0.181615 0.019383 0.302419
0.181451 0.019283 0.302418
0.181363 0.019132 0.302372
0.181199 0.019032 0.302372
0.181036 0.018932 0.302371
0.180872 0.018833 0.302371
0.180710 0.018734 0.302370
0.180471 0.018688 0.302416
0.180309 0.018590 0.302416
0.180147 0.018493 0.302416
0.179835 0.018502 0.302508
0.179599 0.018459 0.302554
0.179288 0.018470 0.302647
0.179053 0.018429 0.302694
0.178819 0.018389 0.302741
0.178659 0.018296 0.302742
0.178499 0.018203 0.302744
0.178340 0.018111 0.302746
0.178181 0.018019 0.302747
0.178022 0.017928 0.302749
0.177864 0.017836 0.302751
0.177779 0.017691 0.302707
0.177695 0.017545 0.302663
0.177537 0.017455 0.302665
0.177452 0.017309 0.302621
0.177368 0.017164 0.302577
0.177283 0.017018 0.302532
0.177126 0.016929 0.302535
0.177042 0.016784 0.302491
0.176957 0.016638 0.302447
0.176873 0.016493 0.302402
0.176789 0.016348 0.302358
0.176704 0.016202 0.302314
0.176620 0.016057 0.302270
0.176536 0.015912 0.302226
0.176380 0.015825 0.302229
0.176295 0.015679 0.302185
0.176139 0.015593 0.302188
0.175984 0.015507 0.302192
0.175900 0.015362 0.302148
0.175745 0.015277 0.302152
0.175590 0.015192 0.302156
0.175506 0.015047 0.302112
0.175422 0.014903 0.302068
0.175268 0.014819 0.302072
0.175184 0.014675 0.302028
0.175101 0.014531 0.301984
0.175017 0.014387 0.301941
0.174933 0.014243 0.301897
0.174920 0.014037 0.301805
0.174836 0.013893 0.301761
0.174753 0.013749 0.301717
0.174669 0.013605 0.301673
0.174655 0.013398 0.301581
0.174571 0.013254 0.301537
0.174487 0.013109 0.301493
0.174403 0.012965 0.301449
0.174320 0.012821 0.301405
0.174236 0.012676 0.301361
0.174152 0.012532 0.301318
0.174068 0.012387 0.301274
0.174053 0.012179 0.301181
0.173969 0.012034 0.301137
0.173885 0.011890 0.301093
0.173870 0.011681 0.300999
0.173786 0.011536 0.300955
0.173770 0.011326 0.300862
0.173753 0.011116 0.300768
0.173737 0.010905 0.300675
0.173720 0.010694 0.300581
0.173703 0.010483 0.300487
0.173686 0.010271 0.300393
0.173601 0.010125 0.300348
0.173584 0.009913 0.300254
0.173499 0.009766 0.300210
0.173481 0.009553 0.300115
0.173396 0.009407 0.300071
0.173311 0.009260 0.300026
0.173226 0.009113 0.299982
0.173140 0.008967 0.299937
0.173055 0.008820 0.299892
0.172970 0.008674 0.299848
0.172885 0.008527 0.299803
0.172800 0.008380 0.299759
0.172715 0.008234 0.299714
0.172696 0.008018 0.299619
0.172611 0.007872 0.299574
0.172526 0.007725 0.299530
0.172440 0.007578 0.299485
0.172420 0.007361 0.299390
0.172400 0.007144 0.299294
0.172315 0.006997 0.299249
0.172294 0.006780 0.299154
0.172273 0.006562 0.299058
0.172188 0.006414 0.299013
0.172167 0.006195 0.298917
0.172145 0.005976 0.298820
0.172059 0.005828 0.298775
0.171973 0.005680 0.298730
0.171951 0.005460 0.298634
0.171865 0.005312 0.298589
0.171779 0.005164 0.298544
0.171693 0.005015 0.298499
0.171671 0.004794 0.298402
0.171648 0.004573 0.298305
0.173170 0.001004 0.296210
0.173080 0.000847 0.296162
0.172989 0.000691 0.296115
0.172961 0.000461 0.296015
0.172870 0.000304 0.295967
0.172841 0.000073 0.295867
0.190277 0.023043 0.301469
0.190181 0.022878 0.301419
0.190166 0.022671 0.301326
0.190070 0.022506 0.301276
0.189732 0.022469 0.301355
0.189475 0.022390 0.301391
0.189139 0.022355 0.301470
0.188963 0.022235 0.301463
0.188788 0.022115 0.301457
0.188533 0.022040 0.301494
0.188359 0.021921 0.301488
0.188185 0.021803 0.301482
0.187931 0.021729 0.301520
0.187598 0.021701 0.301601
0.187266 0.021674 0.301683
0.187173 0.021514 0.301634
0.186922 0.021444 0.301673
0.186591 0.021420 0.301755
0.186262 0.021398 0.301838
0.185696 0.021514 0.302053
0.185447 0.021449 0.302093
0.185199 0.021384 0.302134
0.185108 0.021228 0.302086
0.184938 0.021118 0.302083
0.184769 0.021008 0.302079
0.184522 0.020946 0.302121
0.184354 0.020838 0.302118
0.184186 0.020730 0.302115
0.184018 0.020622 0.302112
0.183850 0.020515 0.302109
0.183683 0.020408 0.302107
0.183516 0.020302 0.302105
0.183271 0.020245 0.302147
0.183028 0.020189 0.302190
0.182784 0.020133 0.302233
0.182618 0.020029 0.302231
0.182376 0.019975 0.302275
0.182058 0.019972 0.302364
0.181969 0.019820 0.302318
0.181805 0.019718 0.302317
0.181640 0.019616 0.302316
0.181553 0.019465 0.302270
0.181389 0.019364 0.302269
0.181301 0.019213 0.302223
0.181061 0.019164 0.302268
0.180974 0.019013 0.302222
0.180811 0.018914 0.302222
0.180572 0.018867 0.302268
0.180410 0.018769 0.302268
0.180172 0.018723 0.302314
0.179936 0.018678 0.302360
0.179774 0.018582 0.302361
0.179313 0.018698 0.302546
0.179078 0.018656 0.302593
0.178993 0.018508 0.302548
0.178609 0.018575 0.302688
0.178450 0.018482 0.302690
0.178291 0.018390 0.302692
0.178132 0.018298 0.302694
0.177973 0.018206 0.302696
0.177889 0.018061 0.302652
0.177730 0.017970 0.302654
0.177646 0.017824 0.302610
0.177488 0.017734 0.302613
0.177404 0.017588 0.302568
0.177319 0.017443 0.302524
0.177235 0.017298 0.302480
0.177151 0.017152 0.302436
0.176994 0.017063 0.302439
0.176909 0.016918 0.302395
0.176825 0.016773 0.302351
0.176741 0.016628 0.302306
0.176657 0.016483 0.302262
0.176573 0.016338 0.302218
0.176488 0.016193 0.302174
0.176332 0.016105 0.302178
0.176248 0.015961 0.302134
0.176164 0.015816 0.302090
0.176008 0.015729 0.302093
0.175853 0.015643 0.302097
0.175698 0.015558 0.302101
0.175614 0.015413 0.302057
0.175459 0.015328 0.302061
0.175376 0.015184 0.302018
0.175221 0.015100 0.302022
0.175138 0.014956 0.301978
0.175054 0.014812 0.301934
0.174971 0.014669 0.301891
0.174888 0.014525 0.301847
0.174874 0.014320 0.301755
0.174791 0.014176 0.301711
0.174707 0.014032 0.301667
0.174624 0.013888 0.301624
0.174610 0.013682 0.301531
0.174526 0.013538 0.301487
0.174512 0.013332 0.301395
0.174428 0.013187 0.301351
0.174344 0.013043 0.301307
0.174260 0.012898 0.301263
0.174177 0.012754 0.301219
0.174093 0.012609 0.301175
0.174009 0.012465 0.301131
0.173925 0.012320 0.301087
0.173910 0.012112 0.300994
0.173826 0.011967 0.300950
0.173810 0.011758 0.300857
0.173726 0.011614 0.300813
0.173710 0.011404 0.300719
0.173694 0.011194 0.300625
0.173677 0.010984 0.300531
0.173660 0.010773 0.300437
0.173643 0.010562 0.300343
0.173559 0.010416 0.300299
0.173541 0.010204 0.300204
0.173456 0.010058 0.300160
0.173439 0.009845 0.300065
0.173354 0.009699 0.300021
0.173269 0.009552 0.299976
0.173184 0.009406 0.299932
0.173099 0.009259 0.299887
0.173014 0.009113 0.299843
0.172929 0.008967 0.299798
0.172844 0.008820 0.299754
0.172759 0.008674 0.299709
0.172674 0.008527 0.299665
0.172589 0.008381 0.299621
0.172504 0.008235 0.299576
0.172485 0.008019 0.299481
0.172400 0.007873 0.299436
0.172380 0.007657 0.299341
0.172295 0.007510 0.299296
0.172275 0.007293 0.299200
0.172254 0.007076 0.299104
0.172234 0.006859 0.299008
0.172148 0.006711 0.298963
0.172127 0.006493 0.298867
0.172106 0.006275 0.298771
0.172020 0.006127 0.298726
0.171999 0.005908 0.298629
0.171913 0.005760 0.298584
0.171891 0.005540 0.298487
0.171805 0.005392 0.298442
0.171719 0.005243 0.298397
0.171632 0.005095 0.298352
0.171610 0.004874 0.298255
0.171650 0.004580 0.298106
0.173071 0.001391 0.296208
0.172981 0.001236 0.296161
0.172891 0.001080 0.296114
0.172863 0.000850 0.296014
0.172772 0.000694 0.295966
0.172682 0.000538 0.295919
0.172654 0.000307 0.295819
0.190209 0.023132 0.301307
0.190113 0.022967 0.301257
0.190098 0.022760 0.301163
0.189922 0.022637 0.301156
0.189665 0.022557 0.301192
0.189408 0.022478 0.301229
0.189072 0.022443 0.301309
0.188896 0.022323 0.301302
0.188641 0.022246 0.301340
0.188467 0.022127 0.301334
0.188213 0.022052 0.301371
0.187959 0.021978 0.301409
0.187626 0.021949 0.301491
0.187294 0.021921 0.301573
0.186962 0.021895 0.301656
0.186870 0.021735 0.301607
0.185644 0.021802 0.301990
0.185474 0.021690 0.301986
0.185225 0.021625 0.302027
0.184977 0.021561 0.302068
0.184887 0.021405 0.302020
0.184796 0.021248 0.301973
0.184549 0.021186 0.302014
0.184459 0.021030 0.301967
0.184290 0.020922 0.301964
0.184122 0.020813 0.301962
0.183954 0.020706 0.301959
0.183709 0.020646 0.302001
0.183619 0.020492 0.301954
0.183375 0.020433 0.301997
0.183131 0.020376 0.302040
0.182887 0.020320 0.302083
0.182722 0.020215 0.302082
0.182479 0.020160 0.302126
0.182237 0.020106 0.302170
0.181995 0.020053 0.302214
0.181907 0.019901 0.302168
0.181743 0.019799 0.302167
0.181578 0.019698 0.302166
0.181490 0.019546 0.302120
0.181327 0.019445 0.302120
0.181163 0.019345 0.302119
0.180999 0.019245 0.302119
0.180836 0.019145 0.302119
0.180673 0.019046 0.302119
0.180511 0.018948 0.302120
0.180273 0.018901 0.302166
0.180036 0.018856 0.302212
0.179724 0.018863 0.302305
0.179638 0.018715 0.302260
0.179253 0.018777 0.302400
0.179018 0.018735 0.302448
0.178932 0.018588 0.302403
0.178400 0.018761 0.302637
0.178241 0.018668 0.302639
0.178083 0.018576 0.302641
0.177924 0.018484 0.302643
0.177840 0.018339 0.302599
0.177755 0.018193 0.302555
0.177597 0.018103 0.302558
0.177513 0.017957 0.302513
0.177355 0.017867 0.302516
0.177271 0.017722 0.302472
0.177187 0.017577 0.302428
0.177102 0.017432 0.302384
0.177018 0.017287 0.302340
0.176934 0.017141 0.302296
0.176850 0.016996 0.302252
0.176693 0.016908 0.302255
0.176609 0.016763 0.302211
0.176525 0.016618 0.302167
0.176441 0.016473 0.302123
0.176357 0.016328 0.302079
0.176201 0.016241 0.302082
0.176117 0.016096 0.302039
0.175961 0.016010 0.302042
0.175806 0.015924 0.302046
0.175722 0.015779 0.302003
0.175567 0.015694 0.302007
0.175484 0.015550 0.301963
0.175329 0.015465 0.301968
0.175246 0.015321 0.301924
0.175092 0.015237 0.301928
0.175008 0.015093 0.301885
0.174925 0.014950 0.301841
0.174842 0.014806 0.301797
0.174758 0.014662 0.301754
0.174745 0.014458 0.301662
0.174662 0.014314 0.301618
0.174578 0.014170 0.301574
0.174565 0.013965 0.301482
0.174481 0.013821 0.301438
0.174397 0.013677 0.301394
0.174383 0.013471 0.301301
0.174300 0.013327 0.301257
0.174216 0.013183 0.301214
0.174201 0.012976 0.301120
0.174117 0.012831 0.301077
0.174034 0.012687 0.301033
0.173950 0.012542 0.300989
0.173866 0.012398 0.300945
0.173850 0.012190 0.300851
0.173767 0.012045 0.300807
0.173751 0.011836 0.300714
0.173667 0.011691 0.300670
0.173651 0.011482 0.300576
0.173634 0.011272 0.300482
0.173618 0.011062 0.300388
0.173601 0.010851 0.300294
0.173584 0.010640 0.300199
0.173499 0.010494 0.300155
0.173481 0.010282 0.300060
0.173397 0.010136 0.300016
0.173312 0.009990 0.299971
0.173227 0.009844 0.299927
0.173142 0.009698 0.299883
0.173057 0.009551 0.299838
0.172972 0.009405 0.299794
0.172888 0.009259 0.299749
0.172803 0.009113 0.299705
0.172718 0.008967 0.299660
0.172633 0.008820 0.299616
0.172548 0.008674 0.299572
0.172464 0.008528 0.299527
0.172379 0.008382 0.299483
0.172359 0.008167 0.299387
0.172274 0.008021 0.299343
0.172255 0.007805 0.299247
0.172235 0.007589 0.299151
0.172150 0.007442 0.299107
0.172129 0.007225 0.299010
0.172109 0.007008 0.298914
0.172088 0.006791 0.298818
0.172002 0.006643 0.298773
0.171981 0.006425 0.298677
0.171960 0.006206 0.298580
0.171874 0.006059 0.298535
0.171852 0.005839 0.298438
0.171766 0.005691 0.298393
0.171744 0.005471 0.298296
0.171658 0.005323 0.298251
0.171572 0.005175 0.298206
0.171549 0.004954 0.298109
0.171652 0.004588 0.297907
0.172713 0.002601 0.296669
0.172624 0.002448 0.296622
0.172973 0.001778 0.296207
0.172883 0.001623 0.296160
0.172793 0.001468 0.296113
0.172765 0.001238 0.296013
0.172675 0.001083 0.295966
0.172585 0.000928 0.295919
0.172494 0.000772 0.295871
0.172590 0.000391 0.295665
0.190222 0.023179 0.301101
0.190126 0.023014 0.301051
0.190031 0.022849 0.301001
0.189854 0.022726 0.300994
0.189597 0.022646 0.301030
0.189341 0.022566 0.301067
0.189005 0.022531 0.301148
0.188749 0.022453 0.301185
0.188494 0.022377 0.301223
0.188320 0.022258 0.301217
0.187986 0.022227 0.301299
0.187733 0.022153 0.301337
0.187560 0.022036 0.301332
0.187228 0.022007 0.301415
0.186579 0.022159 0.301674
0.186249 0.022134 0.301758
0.185841 0.022156 0.301886
0.185671 0.022044 0.301883
0.185422 0.021977 0.301923
0.185173 0.021912 0.301964
0.185004 0.021801 0.301961
0.184835 0.021691 0.301958
0.184744 0.021535 0.301911
0.184575 0.021425 0.301908
0.184485 0.021270 0.301861
0.184317 0.021161 0.301858
0.184149 0.021052 0.301856
0.183981 0.020944 0.301853
0.183891 0.020789 0.301806
0.183646 0.020729 0.301849
0.183479 0.020623 0.301847
0.183234 0.020565 0.301890
0.183068 0.020459 0.301888
0.182825 0.020402 0.301932
0.182659 0.020298 0.301931
0.182340 0.020292 0.302020
0.182098 0.020238 0.302065
0.181933 0.020135 0.302064
0.181768 0.020033 0.302063
0.181604 0.019931 0.302063
0.181516 0.019779 0.302017
0.181352 0.019678 0.302017
0.181264 0.019527 0.301971
0.181101 0.019426 0.301971
0.180862 0.019377 0.302016
0.180775 0.019226 0.301971
0.180536 0.019179 0.302017
0.180374 0.019080 0.302018
0.180212 0.018982 0.302018
0.179750 0.019092 0.302204
0.179514 0.019048 0.302251
0.179203 0.019057 0.302346
0.179118 0.018909 0.302301
0.178341 0.018839 0.302493
0.178182 0.018747 0.302495
0.177875 0.018762 0.302591
0.177790 0.018617 0.302547
0.177632 0.018526 0.302550
0.177548 0.018380 0.302505
0.177464 0.018235 0.302461
0.177380 0.018090 0.302417
0.177296 0.017945 0.302373
0.177211 0.017800 0.302329
0.177127 0.017655 0.302285
0.177043 0.017510 0.302241
0.176886 0.017420 0.302244
0.176802 0.017276 0.302200
0.176718 0.017131 0.302156
0.176634 0.016986 0.302112
0.176550 0.016841 0.302068
0.176393 0.016753 0.302072
0.176310 0.016608 0.302028
0.176226 0.016464 0.301984
0.176070 0.016376 0.301988
0.175914 0.016290 0.301992
0.175831 0.016145 0.301948
0.175676 0.016059 0.301952
0.175592 0.015915 0.301909
0.175437 0.015830 0.301913
0.175354 0.015686 0.301869
0.175199 0.015601 0.301874
0.175116 0.015458 0.301830
0.175033 0.015314 0.301787
0.174879 0.015230 0.301792
0.174796 0.015087 0.301748
0.174712 0.014943 0.301705
0.174629 0.014800 0.301661
0.174546 0.014657 0.301617
0.174533 0.014452 0.301525
0.174449 0.014309 0.301481
0.174436 0.014104 0.301389
0.174352 0.013960 0.301345
0.174269 0.013816 0.301301
0.174255 0.013611 0.301208
0.174171 0.013467 0.301164
0.174157 0.013260 0.301071
0.174073 0.013116 0.301027
0.174058 0.012909 0.300934
0.173974 0.012765 0.300890
0.173890 0.012620 0.300846
0.173807 0.012476 0.300802
0.173791 0.012268 0.300709
0.173707 0.012123 0.300665
0.173691 0.011914 0.300571
0.173675 0.011705 0.300477
0.173591 0.011560 0.300433
0.173575 0.011350 0.300339
0.173558 0.011140 0.300244
0.173541 0.010929 0.300150
0.173456 0.010784 0.300106
0.173439 0.010572 0.300011
0.173354 0.010427 0.299967
0.173270 0.010281 0.299922
0.173185 0.010135 0.299878
0.173100 0.009989 0.299833
0.173016 0.009843 0.299789
0.172931 0.009697 0.299745
0.172846 0.009551 0.299700
0.172761 0.009405 0.299656
0.172677 0.009259 0.299612
0.172592 0.009113 0.299567
0.172507 0.008967 0.299523
0.172423 0.008821 0.299479
0.172338 0.008675 0.299434
0.172319 0.008460 0.299339
0.172234 0.008314 0.299294
0.172149 0.008168 0.299250
0.172130 0.007953 0.299154
0.172110 0.007737 0.299058
0.172089 0.007521 0.298962
0.172004 0.007374 0.298917
0.171984 0.007157 0.298821
0.171963 0.006940 0.298724
0.171942 0.006722 0.298628
0.171920 0.006504 0.298531
0.171835 0.006357 0.298486
0.171813 0.006138 0.298389
0.171791 0.005919 0.298292
0.171705 0.005771 0.298247
0.171619 0.005623 0.298202
0.171597 0.005403 0.298105
0.171511 0.005254 0.298060
0.171488 0.005034 0.297962
0.171591 0.004668 0.297760
0.172524 0.002830 0.296623
0.172435 0.002677 0.296576
0.172659 0.002156 0.296265
0.172632 0.001928 0.296166
0.172605 0.001699 0.296066
0.172577 0.001470 0.295966
0.172487 0.001315 0.295919
0.172397 0.001160 0.295872
0.172369 0.000931 0.295771
0.172279 0.000775 0.295724
0.172251 0.000545 0.295624
0.190169 0.023474 0.301032
0.190074 0.023309 0.300981
0.190059 0.023103 0.300888
0.189963 0.022937 0.300838
0.189786 0.022814 0.300831
0.189530 0.022734 0.300868
0.189274 0.022655 0.300905
0.188938 0.022619 0.300986
0.188682 0.022541 0.301024
0.188428 0.022464 0.301062
0.188174 0.022389 0.301101
0.187840 0.022357 0.301183
0.187508 0.022327 0.301266
0.187414 0.022166 0.301217
0.186686 0.022359 0.301522
0.186514 0.022244 0.301517
0.186184 0.022219 0.301602
0.185618 0.022330 0.301820
0.185370 0.022263 0.301861
0.185200 0.022152 0.301858
0.184952 0.022087 0.301899
0.184783 0.021976 0.301896
0.184692 0.021821 0.301849
0.184602 0.021665 0.301802
0.184433 0.021555 0.301799
0.184343 0.021400 0.301752
0.184175 0.021291 0.301750
0.184007 0.021183 0.301747
0.183917 0.021028 0.301700
0.183750 0.020920 0.301698
0.183505 0.020860 0.301742
0.183338 0.020754 0.301740
0.183094 0.020696 0.301784
0.183005 0.020542 0.301737
0.182762 0.020485 0.301781
0.182442 0.020478 0.301871
0.182277 0.020374 0.301870
0.182035 0.020319 0.301915
0.181794 0.020266 0.301960
0.181706 0.020114 0.301914
0.181542 0.020012 0.301914
0.181378 0.019911 0.301913
0.181290 0.019759 0.301867
0.181127 0.019659 0.301867
0.180963 0.019558 0.301868
0.180725 0.019509 0.301914
0.180562 0.019410 0.301915
0.180399 0.019311 0.301915
0.180162 0.019264 0.301962
0.179850 0.019269 0.302056
0.179539 0.019276 0.302150
0.179453 0.019128 0.302105
0.179143 0.019136 0.302200
0.179057 0.018989 0.302155
0.177984 0.019131 0.302536
0.177900 0.018985 0.302492
0.177741 0.018894 0.302495
0.177657 0.018749 0.302451
0.177573 0.018603 0.302406
0.177489 0.018458 0.302362
0.177331 0.018368 0.302366
0.177247 0.018223 0.302321
0.177163 0.018078 0.302277
0.177079 0.017933 0.302233
0.176995 0.017788 0.302189
0.176911 0.017643 0.302145
0.176827 0.017498 0.302101
0.176743 0.017353 0.302057
0.176586 0.017265 0.302061
0.176502 0.017120 0.302017
0.176418 0.016975 0.301973
0.176262 0.016887 0.301977
0.176178 0.016743 0.301933
0.176094 0.016599 0.301889
0.175939 0.016512 0.301894
0.175784 0.016425 0.301898
0.175700 0.016281 0.301854
0.175545 0.016195 0.301859
0.175462 0.016051 0.301815
0.175307 0.015966 0.301820
0.175224 0.015822 0.301776
0.175070 0.015738 0.301781
0.174986 0.015594 0.301738
0.174903 0.015451 0.301694
0.174820 0.015307 0.301650
0.174666 0.015224 0.301656
0.174583 0.015081 0.301612
0.174500 0.014937 0.301569
0.174487 0.014734 0.301476
0.174404 0.014590 0.301432
0.174321 0.014447 0.301389
0.174307 0.014242 0.301296
0.174224 0.014099 0.301252
0.174210 0.013894 0.301159
0.174126 0.013750 0.301116
0.174112 0.013544 0.301022
0.174029 0.013400 0.300979
0.174014 0.013194 0.300885
0.173930 0.013049 0.300841
0.173915 0.012842 0.300748
0.173831 0.012698 0.300704
0.173816 0.012490 0.300610
0.173732 0.012345 0.300566
0.173648 0.012201 0.300522
0.173632 0.011992 0.300428
0.173616 0.011783 0.300334
0.173532 0.011638 0.300290
0.173515 0.011428 0.300195
0.173498 0.011218 0.300101
0.173414 0.011073 0.300057
0.173397 0.010862 0.299962
0.173312 0.010716 0.299918
0.173227 0.010571 0.299873
0.173143 0.010425 0.299829
0.173058 0.010279 0.299785
0.172974 0.010133 0.299740
0.172889 0.009988 0.299696
0.172805 0.009842 0.299652
0.172720 0.009696 0.299608
0.172635 0.009550 0.299563
0.172551 0.009405 0.299519
0.172466 0.009259 0.299475
0.172382 0.009113 0.299430
0.172297 0.008967 0.299386
0.172213 0.008821 0.299342
0.172193 0.008607 0.299246
0.172109 0.008461 0.299202
0.172089 0.008247 0.299106
0.172004 0.008100 0.299061
0.171985 0.007885 0.298965
0.171964 0.007669 0.298869
0.171944 0.007453 0.298772
0.171923 0.007236 0.298676
0.171902 0.007019 0.298579
0.171881 0.006802 0.298482
0.171796 0.006654 0.298438
0.171774 0.006436 0.298341
0.171752 0.006218 0.298243
0.171667 0.006070 0.298199
0.171645 0.005850 0.298101
0.171559 0.005702 0.298056
0.171536 0.005482 0.297959
0.171450 0.005334 0.297914
0.171427 0.005114 0.297816
0.171530 0.004748 0.297613
0.172399 0.002986 0.296525
0.172310 0.002833 0.296478
0.172471 0.002386 0.296219
0.172444 0.002158 0.296120
0.172417 0.001930 0.296020
0.172389 0.001702 0.295920
0.172300 0.001547 0.295873
0.172210 0.001393 0.295826
0.172120 0.001238 0.295779
0.172092 0.001009 0.295678
0.172003 0.000854 0.295631
0.171913 0.000699 0.295584
0.190035 0.023810 0.301006
0.190102 0.023563 0.300869
0.190006 0.023398 0.300819
0.189910 0.023233 0.300769
0.189895 0.023026 0.300675
0.189719 0.022903 0.300668
0.189382 0.022865 0.300750
0.189126 0.022785 0.300787
0.188871 0.022707 0.300825
0.188616 0.022629 0.300864
0.188361 0.022552 0.300902
0.188027 0.022519 0.300985
0.187694 0.022487 0.301068
0.187442 0.022414 0.301108
0.186792 0.022560 0.301369
0.186620 0.022445 0.301365
0.185974 0.022596 0.301627
0.185645 0.022572 0.301713
0.185317 0.022549 0.301799
0.185148 0.022438 0.301796
0.184978 0.022327 0.301793
0.184731 0.022261 0.301835
0.184640 0.022106 0.301788
0.184550 0.021950 0.301740
0.184460 0.021795 0.301693
0.184370 0.021639 0.301646
0.184201 0.021530 0.301644
0.184034 0.021421 0.301642
0.183944 0.021266 0.301594
0.183776 0.021158 0.301593
0.183609 0.021051 0.301591
0.183364 0.020991 0.301635
0.183197 0.020884 0.301633
0.183031 0.020778 0.301632
0.182788 0.020721 0.301676
0.182545 0.020664 0.301721
0.182303 0.020608 0.301766
0.182138 0.020504 0.301765
0.181896 0.020450 0.301811
0.181732 0.020347 0.301810
0.181568 0.020245 0.301810
0.181404 0.020143 0.301810
0.181316 0.019992 0.301764
0.181152 0.019891 0.301764
0.180989 0.019790 0.301765
0.180826 0.019690 0.301765
0.180588 0.019641 0.301812
0.180350 0.019592 0.301859
0.180188 0.019494 0.301860
0.179951 0.019447 0.301908
0.179639 0.019452 0.302002
0.179328 0.019459 0.302097
0.179093 0.019415 0.302146
0.179008 0.019268 0.302101
0.178242 0.019394 0.302387
0.178083 0.019301 0.302390
0.177850 0.019262 0.302440
0.177766 0.019117 0.302396
0.177682 0.018972 0.302352
0.177524 0.018880 0.302355
0.177440 0.018735 0.302311
0.177356 0.018591 0.302267
0.177272 0.018446 0.302223
0.177188 0.018301 0.302179
0.177103 0.018156 0.302135
0.177019 0.018011 0.302091
0.176935 0.017866 0.302047
0.176851 0.017721 0.302002
0.176695 0.017632 0.302006
0.176611 0.017487 0.301962
0.176527 0.017342 0.301918
0.176370 0.017254 0.301922
0.176287 0.017110 0.301879
0.176131 0.017022 0.301883
0.176047 0.016878 0.301839
0.175963 0.016733 0.301795
0.175808 0.016646 0.301800
0.175725 0.016502 0.301756
0.175570 0.016416 0.301761
0.175486 0.016272 0.301717
0.175332 0.016187 0.301722
0.175177 0.016101 0.301727
0.175094 0.015958 0.301683
0.175011 0.015815 0.301640
0.174857 0.015730 0.301645
0.174774 0.015587 0.301602
0.174691 0.015444 0.301558
0.174608 0.015301 0.301515
0.174525 0.015158 0.301471
0.174442 0.015014 0.301427
0.174358 0.014871 0.301384
0.174275 0.014728 0.301340
0.174262 0.014524 0.301248
0.174179 0.014381 0.301204
0.174096 0.014237 0.301160
0.174082 0.014032 0.301067
0.173998 0.013889 0.301024
0.173984 0.013683 0.300930
0.173969 0.013477 0.300837
0.173886 0.013333 0.300793
0.173871 0.013127 0.300699
0.173787 0.012983 0.300655
0.173772 0.012775 0.300561
0.173688 0.012631 0.300518
0.173673 0.012423 0.300423
0.173589 0.012278 0.300379
0.173573 0.012070 0.300285
0.173488 0.011925 0.300241
0.173472 0.011716 0.300147
0.173455 0.011506 0.300052
0.173371 0.011361 0.300008
0.173287 0.011216 0.299964
0.173202 0.011070 0.299920
0.173185 0.010860 0.299825
0.173101 0.010714 0.299780
0.173016 0.010569 0.299736
0.172932 0.010423 0.299692
0.172847 0.010278 0.299648
0.172763 0.010132 0.299603
0.172679 0.009987 0.299559
0.172594 0.009841 0.299515
0.172510 0.009696 0.299471
0.172425 0.009550 0.299427
0.172341 0.009404 0.299382
0.172256 0.009259 0.299338
0.172172 0.009113 0.299294
0.172153 0.008900 0.299198
0.172068 0.008754 0.299154
0.172049 0.008540 0.299058
0.171964 0.008394 0.299013
0.171945 0.008179 0.298917
0.171860 0.008033 0.298873
0.171840 0.007817 0.298776
0.171819 0.007601 0.298680
0.171799 0.007385 0.298583
0.171778 0.007168 0.298486
0.171757 0.006951 0.298389
0.171735 0.006734 0.298292
0.171714 0.006516 0.298195
0.171628 0.006368 0.298150
0.171606 0.006149 0.298053
0.171584 0.005930 0.297955
0.171498 0.005782 0.297910
0.171475 0.005562 0.297812
0.171452 0.005342 0.297715
0.171429 0.005121 0.297617
0.172048 0.003657 0.296738
0.171960 0.003505 0.296692
0.172122 0.003061 0.296434
0.172283 0.002615 0.296174
0.172256 0.002388 0.296074
0.172229 0.002161 0.295974
0.172140 0.002007 0.295927
0.172051 0.001853 0.295881
0.172023 0.001625 0.295780
0.171934 0.001470 0.295734
0.171844 0.001316 0.295687
0.171755 0.001162 0.295640
0.171666 0.001008 0.295593
0.189968 0.023898 0.300844
0.189953 0.023693 0.300750
0.189938 0.023487 0.300656
0.189843 0.023322 0.300606
0.189747 0.023157 0.300556
0.189571 0.023034 0.300550
0.189314 0.022953 0.300588
0.189059 0.022873 0.300626
0.188723 0.022837 0.300708
0.188549 0.022716 0.300703
0.188215 0.022682 0.300786
0.187881 0.022649 0.300870
0.187389 0.022704 0.301042
0.186978 0.022718 0.301171
0.186727 0.022646 0.301212
0.186634 0.022486 0.301163
0.185672 0.022813 0.301606
0.185423 0.022745 0.301647
0.185174 0.022678 0.301689
0.184926 0.022611 0.301731
0.184836 0.022455 0.301684
0.184667 0.022345 0.301682
0.184498 0.022235 0.301679
0.184408 0.022080 0.301632
0.184396 0.021878 0.301540
0.184228 0.021769 0.301538
0.184060 0.021660 0.301536
0.183970 0.021505 0.301489
0.183802 0.021396 0.301487
0.183635 0.021288 0.301485
0.183468 0.021181 0.301484
0.183224 0.021121 0.301528
0.183057 0.021015 0.301527
0.182814 0.020957 0.301572
0.182648 0.020851 0.301571
0.182406 0.020795 0.301616
0.182240 0.020690 0.301615
0.181999 0.020635 0.301661
0.181758 0.020581 0.301707
0.181594 0.020478 0.301707
0.181430 0.020376 0.301707
0.181342 0.020225 0.301661
0.181102 0.020173 0.301708
0.180939 0.020072 0.301708
0.180776 0.019972 0.301709
0.180538 0.019922 0.301756
0.180375 0.019823 0.301757
0.180138 0.019774 0.301805
0.179976 0.019676 0.301806
0.179664 0.019681 0.301901
0.179428 0.019635 0.301950
0.179118 0.019642 0.302045
0.178883 0.019598 0.302095
0.178798 0.019451 0.302050
0.178415 0.019514 0.302194
0.178182 0.019473 0.302243
0.177949 0.019432 0.302294
0.177791 0.019340 0.302297
0.177706 0.019195 0.302253
0.177548 0.019103 0.302256
0.177464 0.018958 0.302212
0.177380 0.018813 0.302168
0.177296 0.018668 0.302124
0.177212 0.018524 0.302080
0.177128 0.018379 0.302036
0.177044 0.018234 0.301992
0.176960 0.018089 0.301948
0.176803 0.017999 0.301952
0.176719 0.017854 0.301908
0.176635 0.017710 0.301864
0.176551 0.017565 0.301820
0.176395 0.017476 0.301824
0.176311 0.017332 0.301780
0.176155 0.017244 0.301784
0.176072 0.017099 0.301741
0.175988 0.016955 0.301697
0.175833 0.016868 0.301701
0.175749 0.016724 0.301658
0.175594 0.016637 0.301663
0.175439 0.016551 0.301668
0.175356 0.016407 0.301624
0.175202 0.016322 0.301629
0.175118 0.016179 0.301585
0.174964 0.016094 0.301591
0.174881 0.015950 0.301547
0.174798 0.015807 0.301504
0.174715 0.015664 0.301460
0.174632 0.015521 0.301417
0.174549 0.015378 0.301373
0.174396 0.015294 0.301379
0.174313 0.015151 0.301336
0.174230 0.015008 0.301292
0.174217 0.014805 0.301199
0.174134 0.014662 0.301156
0.174051 0.014518 0.301112
0.174037 0.014314 0.301019
0.173954 0.014171 0.300975
0.173939 0.013966 0.300882
0.173925 0.013761 0.300788
0.173842 0.013617 0.300745
0.173827 0.013411 0.300651
0.173812 0.013204 0.300557
0.173728 0.013060 0.300513
0.173713 0.012853 0.300419
0.173629 0.012709 0.300375
0.173613 0.012501 0.300281
0.173529 0.012356 0.300237
0.173513 0.012148 0.300142
0.173429 0.012003 0.300098
0.173413 0.011794 0.300004
0.173328 0.011649 0.299959
0.173244 0.011504 0.299915
0.173227 0.011294 0.299820
0.173143 0.011149 0.299776
0.173059 0.011003 0.299732
0.172974 0.010858 0.299688
0.172890 0.010713 0.299644
0.172806 0.010567 0.299600
0.172721 0.010422 0.299555
0.172637 0.010277 0.299511
0.172553 0.010131 0.299467
0.172468 0.009986 0.299423
0.172384 0.009841 0.299379
0.172300 0.009695 0.299335
0.172215 0.009550 0.299290
0.172131 0.009405 0.299246
0.172112 0.009192 0.299150
0.172028 0.009046 0.299106
0.172009 0.008832 0.299010
0.171924 0.008687 0.298966
0.171839 0.008541 0.298921
0.171820 0.008326 0.298825
0.171800 0.008111 0.298729
0.171780 0.007896 0.298632
0.171759 0.007680 0.298535
0.171738 0.007464 0.298438
0.171653 0.007317 0.298394
0.171632 0.007100 0.298297
0.171675 0.006813 0.298147
0.171589 0.006665 0.298102
0.171567 0.006447 0.298005
0.171545 0.006229 0.297907
0.171523 0.006010 0.297809
0.171437 0.005862 0.297764
0.171414 0.005642 0.297666
0.171392 0.005422 0.297568
0.171368 0.005201 0.297470
0.171534 0.004764 0.297212
0.171823 0.004180 0.296848
0.171736 0.004029 0.296802
0.171898 0.003587 0.296543
0.172060 0.003143 0.296283
0.172096 0.002844 0.296130
0.172069 0.002618 0.296030
0.172042 0.002391 0.295930
0.171953 0.002237 0.295883
0.171926 0.002010 0.295783
0.171837 0.001856 0.295736
0.171748 0.001702 0.295689
0.171658 0.001549 0.295643
0.171569 0.001395 0.295596
0.171541 0.001166 0.295495
0.171452 0.001012 0.295448
0.189900 0.023987 0.300681
0.189886 0.023781 0.300588
0.189871 0.023575 0.300494
0.189775 0.023410 0.300443
0.189679 0.023245 0.300393
0.189423 0.023164 0.300431
0.189167 0.023083 0.300470
0.188911 0.023004 0.300508
0.188656 0.022925 0.300547
0.188402 0.022847 0.300586
0.188068 0.022812 0.300670
0.187656 0.022822 0.300799
0.187324 0.022791 0.300884
0.186913 0.022804 0.301014
0.186265 0.022950 0.301278
0.185778 0.023011 0.301454
0.185449 0.022986 0.301540
0.185201 0.022918 0.301583
0.184953 0.022851 0.301625
0.184862 0.022695 0.301578
0.184693 0.022584 0.301576
0.184603 0.022429 0.301528
0.184435 0.022318 0.301526
0.184344 0.022163 0.301479
0.184254 0.022008 0.301432
0.184086 0.021898 0.301430
0.183996 0.021743 0.301383
0.183829 0.021635 0.301381
0.183661 0.021526 0.301380
0.183494 0.021418 0.301378
0.183327 0.021311 0.301377
0.183083 0.021251 0.301422
0.182917 0.021145 0.301421
0.182751 0.021039 0.301420
0.182508 0.020982 0.301466
0.182343 0.020877 0.301465
0.182101 0.020821 0.301511
0.181860 0.020765 0.301557
0.181696 0.020662 0.301557
0.181531 0.020560 0.301558
0.181291 0.020507 0.301604
0.181128 0.020405 0.301605
0.180965 0.020304 0.301605
0.180801 0.020203 0.301606
0.180563 0.020153 0.301654
0.180325 0.020103 0.301702
0.180163 0.020004 0.301703
0.180076 0.019855 0.301658
0.179690 0.019909 0.301800
0.179454 0.019863 0.301849
0.179218 0.019817 0.301898
0.178983 0.019773 0.301947
0.178749 0.019729 0.301997
0.178663 0.019582 0.301952
0.178281 0.019644 0.302097
0.178122 0.019551 0.302100
0.177889 0.019510 0.302150
0.177731 0.019418 0.302154
0.177647 0.019273 0.302110
0.177489 0.019181 0.302113
0.177405 0.019036 0.302069
0.177321 0.018891 0.302025
0.177237 0.018746 0.301981
0.177153 0.018601 0.301937
0.177069 0.018456 0.301893
0.176985 0.018312 0.301849
0.176828 0.018221 0.301853
0.176744 0.018077 0.301809
0.176660 0.017932 0.301765
0.176503 0.017843 0.301769
0.176420 0.017698 0.301725
0.176336 0.017554 0.301681
0.176180 0.017465 0.301686
0.176096 0.017321 0.301642
0.175941 0.017233 0.301647
0.175857 0.017089 0.301603
0.175774 0.016945 0.301559
0.175619 0.016858 0.301564
0.175535 0.016715 0.301521
0.175380 0.016628 0.301526
0.175226 0.016542 0.301531
0.175143 0.016399 0.301488
0.174989 0.016314 0.301493
0.174906 0.016171 0.301450
0.174823 0.016027 0.301406
0.174669 0.015943 0.301412
0.174586 0.015800 0.301369
0.174503 0.015657 0.301325
0.174420 0.015514 0.301282
0.174337 0.015371 0.301238
0.174254 0.015228 0.301195
0.174171 0.015085 0.301151
0.174088 0.014942 0.301108
0.174005 0.014799 0.301064
0.173992 0.014595 0.300971
0.173909 0.014452 0.300928
0.173895 0.014248 0.300834
0.173812 0.014104 0.300790
0.173797 0.013899 0.300697
0.173783 0.013694 0.300603
0.173768 0.013488 0.300509
0.173684 0.013344 0.300465
0.173669 0.013138 0.300371
0.173585 0.012993 0.300327
0.173570 0.012786 0.300233
0.173554 0.012579 0.300138
0.173470 0.012434 0.300094
0.173386 0.012289 0.300050
0.173370 0.012081 0.299955
0.173286 0.011936 0.299911
0.173202 0.011791 0.299867
0.173185 0.011582 0.299772
0.173100 0.011437 0.299728
0.173016 0.011292 0.299684
0.172932 0.011146 0.299640
0.172848 0.011001 0.299596
0.172764 0.010856 0.299552
0.172680 0.010711 0.299508
0.172595 0.010566 0.299464
0.172511 0.010421 0.299420
0.172427 0.010276 0.299375
0.172343 0.010131 0.299331
0.172259 0.009985 0.299287
0.172174 0.009840 0.299243
0.172156 0.009628 0.299147
0.172071 0.009483 0.299103
0.171987 0.009337 0.299059
0.171903 0.009192 0.299015
0.171884 0.008979 0.298918
0.171799 0.008833 0.298874
0.171780 0.008619 0.298778
0.171695 0.008473 0.298733
0.171675 0.008259 0.298637
0.171655 0.008044 0.298540
0.171635 0.007828 0.298443
0.171614 0.007612 0.298346
0.171593 0.007396 0.298249
0.171572 0.007179 0.298152
0.171614 0.006892 0.298001
0.171529 0.006745 0.297957
0.171507 0.006527 0.297859
0.171485 0.006308 0.297761
0.171462 0.006089 0.297663
0.171376 0.005941 0.297618
0.171354 0.005722 0.297520
0.171331 0.005502 0.297422
0.171370 0.005209 0.297270
0.171472 0.004844 0.297065
0.171573 0.004478 0.296859
0.171674 0.004110 0.296653
0.171711 0.003814 0.296500
0.171810 0.003444 0.296293
0.171909 0.003072 0.296086
0.171882 0.002847 0.295986
0.171855 0.002620 0.295886
0.171828 0.002393 0.295786
0.171740 0.002240 0.295739
0.171651 0.002087 0.295693
0.171562 0.001934 0.295646
0.171534 0.001706 0.295545
0.171445 0.001552 0.295499
0.171356 0.001399 0.295452
0.171328 0.001170 0.295351
0.189833 0.024075 0.300519
0.189818 0.023870 0.300425
0.189803 0.023664 0.300331
0.189707 0.023499 0.300281
0.189612 0.023334 0.300231
0.189355 0.023252 0.300269
0.189100 0.023171 0.300308
0.188764 0.023134 0.300392
0.188590 0.023012 0.300386
0.188255 0.022977 0.300471
0.187922 0.022942 0.300555
0.187430 0.022995 0.300730
0.187337 0.022834 0.300681
0.186530 0.023063 0.301035
0.186200 0.023035 0.301122
0.185634 0.023139 0.301344
0.185306 0.023114 0.301431
0.185058 0.023046 0.301474
0.184889 0.022934 0.301472
0.184798 0.022779 0.301424
0.184630 0.022668 0.301422
0.184539 0.022512 0.301375
0.184371 0.022402 0.301373
0.184281 0.022247 0.301326
0.184191 0.022091 0.301279
0.184023 0.021982 0.301277
0.183855 0.021873 0.301276
0.183688 0.021764 0.301274
0.183520 0.021656 0.301273
0.183353 0.021548 0.301272
0.183110 0.021488 0.301317
0.182866 0.021428 0.301362
0.182700 0.021322 0.301362
0.182534 0.021217 0.301361
0.182369 0.021112 0.301361
0.182204 0.021007 0.301361
0.181962 0.020951 0.301407
0.181798 0.020847 0.301407
0.181557 0.020793 0.301454
0.181393 0.020690 0.301455
0.181230 0.020588 0.301455
0.180990 0.020535 0.301503
0.180751 0.020484 0.301550
0.180589 0.020383 0.301552
0.180351 0.020333 0.301600
0.180113 0.020284 0.301648
0.179876 0.020236 0.301697
0.179715 0.020137 0.301699
0.179479 0.020090 0.301748
0.179243 0.020044 0.301797
0.179083 0.019948 0.301799
0.178848 0.019903 0.301849
0.178688 0.019808 0.301852
0.178454 0.019765 0.301902
0.178221 0.019723 0.301953
0.178062 0.019629 0.301956
0.177830 0.019589 0.302007
0.177672 0.019496 0.302011
0.177587 0.019351 0.301966
0.177430 0.019259 0.301970
0.177346 0.019114 0.301926
0.177262 0.018969 0.301882
0.177177 0.018824 0.301838
0.177093 0.018679 0.301794
0.177009 0.018534 0.301750
0.176925 0.018389 0.301706
0.176768 0.018299 0.301710
0.176684 0.018155 0.301666
0.176601 0.018010 0.301622
0.176444 0.017920 0.301627
0.176360 0.017776 0.301583
0.176205 0.017687 0.301588
0.176121 0.017543 0.301544
0.175965 0.017455 0.301549
0.175882 0.017311 0.301505
0.175798 0.017167 0.301461
0.175643 0.017080 0.301466
0.175560 0.016936 0.301423
0.175405 0.016849 0.301428
0.175250 0.016763 0.301433
0.175167 0.016619 0.301390
0.175084 0.016476 0.301346
0.174930 0.016391 0.301352
0.174847 0.016248 0.301309
0.174693 0.016163 0.301314
0.174610 0.016020 0.301271
0.174528 0.015877 0.301228
0.174445 0.015734 0.301184
0.174362 0.015591 0.301141
0.174279 0.015448 0.301097
0.174196 0.015305 0.301054
0.174113 0.015162 0.301010
0.174030 0.015019 0.300967
0.173947 0.014876 0.300923
0.173933 0.014672 0.300830
0.173850 0.014529 0.300786
0.173836 0.014325 0.300693
0.173753 0.014182 0.300649
0.173738 0.013977 0.300555
0.173655 0.013833 0.300511
0.173640 0.013627 0.300417
0.173625 0.013422 0.300323
0.173610 0.013215 0.300229
0.173526 0.013071 0.300185
0.173442 0.012927 0.300141
0.173427 0.012719 0.300046
0.173343 0.012575 0.300002
0.173327 0.012367 0.299908
0.173243 0.012222 0.299864
0.173159 0.012078 0.299820
0.173075 0.011933 0.299776
0.173058 0.011724 0.299680
0.172974 0.011579 0.299636
0.172890 0.011434 0.299592
0.172806 0.011289 0.299548
0.172722 0.011144 0.299504
0.172638 0.010999 0.299460
0.172554 0.010855 0.299416
0.172470 0.010710 0.299372
0.172385 0.010565 0.299328
0.172301 0.010420 0.299284
0.172217 0.010275 0.299240
0.172133 0.010130 0.299196
0.172115 0.009918 0.299100
0.172031 0.009773 0.299056
0.171946 0.009628 0.299012
0.171862 0.009483 0.298968
0.171843 0.009270 0.298871
0.171759 0.009125 0.298827
0.171740 0.008911 0.298731
0.171655 0.008766 0.298687
0.171635 0.008552 0.298590
0.171551 0.008406 0.298545
0.171531 0.008191 0.298449
0.171510 0.007976 0.298351
0.171490 0.007761 0.298254
0.171533 0.007475 0.298104
0.171512 0.007258 0.298007
0.171490 0.007041 0.297909
0.171468 0.006824 0.297811
0.171510 0.006535 0.297660
0.171488 0.006317 0.297562
0.171402 0.006169 0.297517
0.171379 0.005950 0.297419
0.171356 0.005730 0.297320
0.171333 0.005510 0.297222
0.171372 0.005218 0.297070
0.171411 0.004925 0.296917
0.171512 0.004559 0.296711
0.171612 0.004191 0.296504
0.171649 0.003895 0.296351
0.171686 0.003598 0.296197
0.171660 0.003374 0.296097
0.171696 0.003075 0.295943
0.171669 0.002849 0.295843
0.171580 0.002697 0.295797
0.171554 0.002470 0.295696
0.171526 0.002243 0.295596
0.171438 0.002090 0.295549
0.171349 0.001937 0.295503
0.171260 0.001784 0.295456
0.171232 0.001556 0.295355
0.171265 0.001253 0.295200
0.189846 0.024123 0.300313
0.189750 0.023958 0.300263
0.189735 0.023753 0.300168
0.189640 0.023588 0.300118
0.189544 0.023423 0.300068
0.189288 0.023341 0.300107
0.188952 0.023301 0.300191
0.188697 0.023221 0.300230
0.188443 0.023142 0.300270
0.188109 0.023106 0.300355
0.187697 0.023114 0.300485
0.187206 0.023167 0.300661
0.187112 0.023006 0.300612
0.186227 0.023278 0.301014
0.186135 0.023120 0.300966
0.185491 0.023267 0.301234
0.185163 0.023242 0.301322
0.184994 0.023130 0.301320
0.184825 0.023018 0.301318
0.184656 0.022907 0.301316
0.184566 0.022751 0.301269
0.184476 0.022596 0.301221
0.184307 0.022485 0.301220
0.184139 0.022375 0.301218
0.184049 0.022220 0.301171
0.183881 0.022111 0.301170
0.183714 0.022002 0.301169
0.183547 0.021894 0.301168
0.183380 0.021785 0.301167
0.183213 0.021678 0.301166
0.182969 0.021617 0.301211
0.182803 0.021511 0.301211
0.182637 0.021405 0.301211
0.182395 0.021347 0.301257
0.182230 0.021241 0.301257
0.182065 0.021137 0.301257
0.181824 0.021081 0.301304
0.181659 0.020977 0.301304
0.181495 0.020874 0.301305
0.181331 0.020771 0.301306
0.181092 0.020718 0.301353
0.180853 0.020665 0.301401
0.180614 0.020614 0.301449
0.180376 0.020563 0.301498
0.180139 0.020513 0.301546
0.179902 0.020464 0.301595
0.179665 0.020416 0.301645
0.179504 0.020318 0.301647
0.179343 0.020221 0.301649
0.179108 0.020175 0.301699
0.178948 0.020078 0.301702
0.178713 0.020034 0.301752
0.178554 0.019939 0.301755
0.178394 0.019844 0.301758
0.178161 0.019801 0.301809
0.178003 0.019708 0.301812
0.177844 0.019614 0.301816
0.177686 0.019521 0.301820
0.177528 0.019429 0.301823
0.177444 0.019284 0.301779
0.177360 0.019139 0.301735
0.177202 0.019047 0.301739
0.177118 0.018902 0.301695
0.177034 0.018757 0.301651
0.176950 0.018612 0.301607
0.176866 0.018467 0.301563
0.176709 0.018377 0.301568
0.176625 0.018232 0.301524
0.176541 0.018088 0.301480
0.176385 0.017998 0.301484
0.176229 0.017909 0.301489
0.176145 0.017765 0.301445
0.175990 0.017676 0.301450
0.175906 0.017532 0.301407
0.175751 0.017445 0.301412
0.175668 0.017301 0.301368
0.175584 0.017157 0.301325
0.175429 0.017070 0.301330
0.175346 0.016926 0.301286
0.175192 0.016840 0.301292
0.175108 0.016697 0.301248
0.174954 0.016611 0.301254
0.174871 0.016468 0.301211
0.174718 0.016383 0.301217
0.174635 0.016240 0.301174
0.174552 0.016097 0.301130
0.174469 0.015954 0.301087
0.174386 0.015811 0.301043
0.174303 0.015668 0.301000
0.174220 0.015525 0.300956
0.174137 0.015382 0.300913
0.174054 0.015239 0.300869
0.173971 0.015096 0.300826
0.173888 0.014953 0.300782
0.173874 0.014749 0.300689
0.173791 0.014606 0.300645
0.173708 0.014463 0.300602
0.173694 0.014259 0.300508
0.173611 0.014115 0.300464
0.173596 0.013910 0.300370
0.173581 0.013705 0.300276
0.173566 0.013499 0.300181
0.173483 0.013355 0.300137
0.173467 0.013148 0.300043
0.173383 0.013004 0.299999
0.173367 0.012797 0.299904
0.173284 0.012653 0.299860
0.173200 0.012508 0.299816
0.173116 0.012364 0.299772
0.173032 0.012219 0.299728
0.173016 0.012011 0.299633
0.172932 0.011866 0.299589
0.172848 0.011721 0.299545
0.172764 0.011577 0.299501
0.172680 0.011432 0.299457
0.172596 0.011287 0.299413
0.172512 0.011143 0.299369
0.172428 0.010998 0.299325
0.172344 0.010853 0.299281
0.172260 0.010709 0.299237
0.172176 0.010564 0.299193
0.172158 0.010353 0.299097
0.172074 0.010208 0.299053
0.171990 0.010063 0.299009
0.171971 0.009851 0.298913
0.171887 0.009706 0.298869
0.171803 0.009561 0.298825
0.171719 0.009416 0.298781
0.171699 0.009203 0.298684
0.171615 0.009058 0.298640
0.171595 0.008844 0.298543
0.171511 0.008699 0.298499
0.171491 0.008484 0.298402
0.171471 0.008270 0.298305
0.171450 0.008055 0.298207
0.171430 0.007839 0.298110
0.171409 0.007623 0.298012
0.171387 0.007407 0.297915
0.171430 0.007120 0.297764
0.171408 0.006903 0.297666
0.171449 0.006615 0.297514
0.171427 0.006397 0.297416
0.171404 0.006178 0.297318
0.171381 0.005958 0.297219
0.171358 0.005739 0.297120
0.171335 0.005518 0.297022
0.171374 0.005226 0.296869
0.171412 0.004933 0.296716
0.171450 0.004639 0.296563
0.171488 0.004345 0.296409
0.171525 0.004049 0.296256
0.171561 0.003753 0.296102
0.171536 0.003528 0.296002
0.171509 0.003303 0.295901
0.171483 0.003078 0.295801
0.171395 0.002926 0.295755
0.171368 0.002700 0.295654
0.171341 0.002474 0.295554
0.171252 0.002321 0.295507
0.171164 0.002168 0.295461
0.171136 0.001941 0.295360
0.171109 0.001714 0.295259
0.171020 0.001561 0.295212
0.170992 0.001332 0.295111
0.189764 0.024006 0.300056
0.189668 0.023841 0.300006
0.189572 0.023676 0.299956
0.189476 0.023511 0.299905
0.189140 0.023471 0.299990
0.188805 0.023431 0.300074
0.188550 0.023351 0.300114
0.188376 0.023230 0.300109
0.187963 0.023236 0.300240
0.187392 0.023329 0.300461
0.187140 0.023253 0.300503
0.187047 0.023093 0.300454
0.186162 0.023363 0.300858
0.185676 0.023422 0.301036
0.185348 0.023395 0.301125
0.185099 0.023326 0.301168
0.184930 0.023214 0.301166
0.184761 0.023102 0.301164
0.184592 0.022991 0.301163
0.184502 0.022835 0.301115
0.184412 0.022679 0.301068
0.184244 0.022569 0.301067
0.184076 0.022459 0.301065
0.183986 0.022304 0.301018
0.183818 0.022194 0.301017
0.183650 0.022085 0.301016
0.183406 0.022023 0.301062
0.183239 0.021915 0.301061
0.183073 0.021807 0.301060
0.182829 0.021747 0.301106
0.182663 0.021640 0.301106
0.182498 0.021534 0.301106
0.182256 0.021476 0.301153
0.182091 0.021371 0.301153
0.181926 0.021266 0.301153
0.181685 0.021210 0.301201
0.181521 0.021107 0.301201
0.181357 0.021004 0.301202
0.181193 0.020901 0.301203
0.180954 0.020848 0.301251
0.180715 0.020795 0.301300
0.180553 0.020695 0.301301
0.180239 0.020693 0.301397
0.180002 0.020643 0.301447
0.179765 0.020594 0.301496
0.179529 0.020546 0.301546
0.179293 0.020499 0.301596
0.179133 0.020401 0.301598
0.178973 0.020305 0.301601
0.178813 0.020209 0.301604
0.178653 0.020113 0.301607
0.178419 0.020069 0.301658
0.178260 0.019974 0.301661
0.178101 0.019880 0.301665
0.177943 0.019786 0.301669
0.177784 0.019692 0.301672
0.177626 0.019599 0.301676
0.177542 0.019454 0.301632
0.177458 0.019309 0.301588
0.177300 0.019217 0.301592
0.177216 0.019071 0.301548
0.177132 0.018926 0.301504
0.176975 0.018835 0.301508
0.176891 0.018690 0.301464
0.176806 0.018545 0.301420
0.176722 0.018400 0.301376
0.176566 0.018310 0.301381
0.176410 0.018220 0.301386
0.176326 0.018076 0.301342
0.176170 0.017987 0.301347
0.176014 0.017898 0.301352
0.175931 0.017754 0.301308
0.175775 0.017666 0.301314
0.175692 0.017522 0.301270
0.175609 0.017378 0.301226
0.175454 0.017291 0.301232
0.175370 0.017147 0.301188
0.175216 0.017060 0.301194
0.175133 0.016917 0.301151
0.174979 0.016831 0.301157
0.174896 0.016688 0.301113
0.174813 0.016545 0.301070
0.174659 0.016460 0.301076
0.174576 0.016317 0.301033
0.174493 0.016174 0.300989
0.174410 0.016031 0.300946
0.174327 0.015888 0.300902
0.174244 0.015745 0.300859
0.174161 0.015602 0.300815
0.174078 0.015459 0.300772
0.173995 0.015316 0.300728
0.173913 0.015173 0.300685
0.173830 0.015030 0.300642
0.173816 0.014826 0.300548
0.173733 0.014683 0.300504
0.173650 0.014540 0.300461
0.173566 0.014397 0.300417
0.173552 0.014192 0.300323
0.173537 0.013987 0.300228
0.173454 0.013844 0.300185
0.173439 0.013638 0.300090
0.173423 0.013432 0.299995
0.173340 0.013288 0.299951
0.173256 0.013144 0.299908
0.173240 0.012937 0.299813
0.173157 0.012793 0.299769
0.173073 0.012649 0.299725
0.172989 0.012505 0.299681
0.172906 0.012360 0.299637
0.172822 0.012216 0.299593
0.172738 0.012072 0.299550
0.172655 0.011928 0.299506
0.172571 0.011783 0.299462
0.172487 0.011639 0.299418
0.172403 0.011495 0.299374
0.172386 0.011285 0.299278
0.172302 0.011141 0.299235
0.172218 0.010996 0.299191
0.172135 0.010852 0.299147
0.172117 0.010642 0.299051
0.172033 0.010497 0.299007
0.171949 0.010352 0.298963
0.171930 0.010141 0.298866
0.171846 0.009996 0.298822
0.171762 0.009851 0.298778
0.171678 0.009706 0.298734
0.171659 0.009494 0.298638
0.171575 0.009349 0.298593
0.171555 0.009136 0.298497
0.171471 0.008990 0.298452
0.171451 0.008777 0.298355
0.171431 0.008563 0.298258
0.171347 0.008417 0.298214
0.171326 0.008202 0.298116
0.171370 0.007918 0.297966
0.171349 0.007702 0.297868
0.171327 0.007486 0.297770
0.171306 0.007269 0.297672
0.171347 0.006982 0.297520
0.171389 0.006694 0.297369
0.171366 0.006476 0.297270
0.171407 0.006187 0.297118
0.171383 0.005967 0.297019
0.171360 0.005748 0.296920
0.171336 0.005527 0.296821
0.171375 0.005235 0.296668
0.171351 0.005014 0.296568
0.171389 0.004720 0.296415
0.171364 0.004498 0.296315
0.171339 0.004275 0.296215
0.171375 0.003979 0.296061
0.171350 0.003755 0.295961
0.171385 0.003458 0.295806
0.171297 0.003306 0.295760
0.171271 0.003081 0.295659
0.171183 0.002929 0.295613
0.171156 0.002703 0.295512
0.171129 0.002477 0.295411
0.171040 0.002325 0.295365
0.171013 0.002098 0.295264
0.170985 0.001871 0.295163
0.170957 0.001643 0.295061
0.170929 0.001415 0.294960
0.171082 0.000960 0.294693
0.170992 0.000806 0.294646
0.189776 0.024054 0.299848
0.189681 0.023889 0.299798
0.189585 0.023724 0.299748
0.189489 0.023559 0.299698
0.189073 0.023559 0.299828
0.188738 0.023519 0.299913
0.188483 0.023439 0.299953
0.188229 0.023360 0.299994
0.187817 0.023365 0.300125
0.187247 0.023458 0.300348
0.187153 0.023297 0.300299
0.185532 0.023550 0.300927
0.185205 0.023523 0.301016
0.184957 0.023454 0.301060
0.184866 0.023298 0.301012
0.184697 0.023186 0.301011
0.184607 0.023030 0.300963
0.184438 0.022919 0.300962
0.184348 0.022763 0.300915
0.184180 0.022652 0.300914
0.184012 0.022542 0.300912
0.183922 0.022387 0.300865
0.183677 0.022323 0.300911
0.183510 0.022214 0.300910
0.183343 0.022106 0.300909
0.183099 0.022044 0.300955
0.182932 0.021936 0.300955
0.182690 0.021876 0.301002
0.182524 0.021770 0.301002
0.182282 0.021711 0.301049
0.182193 0.021558 0.301002
0.182028 0.021453 0.301003
0.181787 0.021396 0.301050
0.181547 0.021340 0.301098
0.181459 0.021188 0.301052
0.181219 0.021134 0.301100
0.181056 0.021031 0.301102
0.180817 0.020978 0.301150
0.180578 0.020925 0.301199
0.180491 0.020775 0.301153
0.180103 0.020823 0.301298
0.179866 0.020773 0.301347
0.179554 0.020774 0.301445
0.179319 0.020726 0.301495
0.179233 0.020578 0.301450
0.179073 0.020481 0.301453
0.178838 0.020435 0.301504
0.178678 0.020339 0.301507
0.178519 0.020243 0.301510
0.178359 0.020148 0.301514
0.178200 0.020053 0.301517
0.178042 0.019958 0.301521
0.177883 0.019864 0.301525
0.177798 0.019718 0.301481
0.177640 0.019625 0.301485
0.177556 0.019480 0.301440
0.177398 0.019387 0.301445
0.177314 0.019242 0.301401
0.177156 0.019149 0.301405
0.177072 0.019004 0.301361
0.176988 0.018859 0.301317
0.176831 0.018768 0.301321
0.176747 0.018623 0.301277
0.176663 0.018478 0.301233
0.176507 0.018388 0.301238
0.176350 0.018298 0.301243
0.176194 0.018208 0.301249
0.176111 0.018064 0.301205
0.175955 0.017975 0.301210
0.175800 0.017887 0.301216
0.175716 0.017743 0.301172
0.175562 0.017655 0.301178
0.175478 0.017512 0.301134
0.175395 0.017368 0.301090
0.175240 0.017281 0.301096
0.175157 0.017138 0.301053
0.175003 0.017051 0.301059
0.174920 0.016908 0.301016
0.174837 0.016765 0.300972
0.174683 0.016679 0.300978
0.174601 0.016536 0.300935
0.174518 0.016393 0.300892
0.174435 0.016250 0.300848
0.174352 0.016107 0.300805
0.174269 0.015964 0.300761
0.174186 0.015821 0.300718
0.174103 0.015679 0.300674
0.174020 0.015536 0.300631
0.173937 0.015393 0.300587
0.173854 0.015250 0.300544
0.173771 0.015107 0.300501
0.173688 0.014964 0.300457
0.173674 0.014760 0.300363
0.173591 0.014617 0.300319
0.173508 0.014474 0.300276
0.173493 0.014269 0.300181
0.173478 0.014065 0.300087
0.173395 0.013921 0.300043
0.173380 0.013716 0.299948
0.173296 0.013572 0.299904
0.173213 0.013428 0.299861
0.173197 0.013222 0.299766
0.173114 0.013078 0.299722
0.173030 0.012934 0.299678
0.172947 0.012790 0.299634
0.172863 0.012645 0.299591
0.172779 0.012501 0.299547
0.172696 0.012357 0.299503
0.172612 0.012213 0.299459
0.172529 0.012069 0.299415
0.172445 0.011925 0.299372
0.172361 0.011781 0.299328
0.172278 0.011637 0.299284
0.172261 0.011428 0.299188
0.172177 0.011284 0.299144
0.172093 0.011140 0.299101
0.172010 0.010995 0.299057
0.171992 0.010785 0.298960
0.171908 0.010641 0.298917
0.171889 0.010430 0.298820
0.171806 0.010285 0.298776
0.171722 0.010141 0.298732
0.171638 0.009996 0.298688
0.171619 0.009784 0.298591
0.171535 0.009639 0.298547
0.171515 0.009427 0.298450
0.171431 0.009282 0.298406
0.171412 0.009069 0.298309
0.171327 0.008923 0.298265
0.171307 0.008709 0.298168
0.171287 0.008495 0.298070
0.171266 0.008281 0.297972
0.171310 0.007997 0.297821
0.171288 0.007781 0.297723
0.171267 0.007565 0.297625
0.171245 0.007348 0.297527
0.171287 0.007062 0.297375
0.171328 0.006774 0.297223
0.171369 0.006485 0.297070
0.171346 0.006267 0.296971
0.171322 0.006047 0.296872
0.171362 0.005757 0.296719
0.171338 0.005536 0.296620
0.171314 0.005315 0.296520
0.171352 0.005023 0.296367
0.171327 0.004801 0.296267
0.171302 0.004579 0.296167
0.171277 0.004356 0.296067
0.171251 0.004133 0.295966
0.171226 0.003909 0.295866
0.171200 0.003685 0.295766
0.171173 0.003461 0.295665
0.171086 0.003309 0.295619
0.171059 0.003084 0.295518
0.170971 0.002933 0.295472
0.170944 0.002707 0.295371
0.170917 0.002481 0.295270
0.170889 0.002254 0.295169
0.170862 0.002027 0.295067
0.170894 0.001725 0.294911
0.170866 0.001497 0.294809
0.170958 0.001118 0.294596
0.170929 0.000889 0.294494
0.171020 0.000508 0.294281
0.189709 0.024143 0.299686
0.189613 0.023978 0.299635
0.189517 0.023813 0.299585
0.188163 0.023447 0.299833
0.187750 0.023452 0.299966
0.187101 0.023586 0.300235
0.187008 0.023426 0.300186
0.185468 0.023634 0.300772
0.185141 0.023607 0.300862
0.184893 0.023537 0.300906
0.184802 0.023381 0.300859
0.184633 0.023269 0.300857
0.184543 0.023114 0.300810
0.184374 0.023002 0.300809
0.184206 0.022891 0.300808
0.184038 0.022781 0.300807
0.183871 0.022671 0.300806
0.183781 0.022516 0.300759
0.183613 0.022406 0.300758
0.183369 0.022343 0.300804
0.183125 0.022280 0.300851
0.182959 0.022173 0.300850
0.182716 0.022111 0.300897
0.182550 0.022005 0.300897
0.182384 0.021898 0.300898
0.182219 0.021793 0.300898
0.182054 0.021687 0.300899
0.181889 0.021582 0.300900
0.181649 0.021525 0.300948
0.181485 0.021421 0.300949
0.181321 0.021318 0.300950
0.181157 0.021215 0.300951
0.180918 0.021161 0.301000
0.180755 0.021059 0.301002
0.180517 0.021006 0.301051
0.180430 0.020856 0.301006
0.180042 0.020903 0.301151
0.179730 0.020902 0.301248
0.179494 0.020853 0.301299
0.179258 0.020805 0.301349
0.179098 0.020707 0.301352
0.178937 0.020610 0.301356
0.178778 0.020514 0.301359
0.178618 0.020417 0.301362
0.178458 0.020322 0.301366
0.178373 0.020175 0.301321
0.178140 0.020131 0.301373
0.178056 0.019985 0.301329
0.177897 0.019891 0.301333
0.177739 0.019797 0.301337
0.177654 0.019651 0.301293
0.177496 0.019558 0.301297
0.177412 0.019412 0.301253
0.177254 0.019320 0.301257
0.177170 0.019174 0.301213
0.177086 0.019029 0.301169
0.176929 0.018937 0.301174
0.176844 0.018792 0.301130
0.176688 0.018701 0.301135
0.176604 0.018556 0.301091
0.176447 0.018466 0.301096
0.176291 0.018376 0.301101
0.176135 0.018286 0.301106
0.175980 0.018197 0.301112
0.175896 0.018053 0.301068
0.175741 0.017964 0.301074
0.175586 0.017876 0.301080
0.175503 0.017732 0.301036
0.175419 0.017589 0.300993
0.175336 0.017445 0.300949
0.175182 0.017358 0.300955
0.175098 0.017215 0.300912
0.174944 0.017128 0.300918
0.174861 0.016985 0.300874
0.174708 0.016899 0.300881
0.174625 0.016756 0.300838
0.174542 0.016613 0.300794
0.174459 0.016470 0.300751
0.174376 0.016327 0.300707
0.174293 0.016184 0.300664
0.174210 0.016041 0.300620
0.174127 0.015898 0.300577
0.174044 0.015755 0.300533
0.173961 0.015612 0.300490
0.173878 0.015469 0.300446
0.173795 0.015326 0.300403
0.173712 0.015183 0.300360
0.173629 0.015040 0.300316
0.173615 0.014837 0.300222
0.173532 0.014694 0.300178
0.173518 0.014490 0.300083
0.173434 0.014346 0.300040
0.173351 0.014203 0.299996
0.173336 0.013998 0.299901
0.173253 0.013855 0.299858
0.173169 0.013711 0.299814
0.173086 0.013567 0.299770
0.173071 0.013361 0.299675
0.172987 0.013218 0.299632
0.172904 0.013074 0.299588
0.172820 0.012930 0.299544
0.172737 0.012786 0.299500
0.172653 0.012642 0.299457
0.172570 0.012498 0.299413
0.172486 0.012355 0.299369
0.172403 0.012211 0.299326
0.172319 0.012067 0.299282
0.172302 0.011859 0.299186
0.172219 0.011715 0.299142
0.172135 0.011570 0.299098
0.172052 0.011426 0.299055
0.171968 0.011282 0.299011
0.171950 0.011073 0.298914
0.171867 0.010929 0.298871
0.171783 0.010784 0.298827
0.171765 0.010574 0.298730
0.171681 0.010429 0.298686
0.171662 0.010218 0.298589
0.171578 0.010074 0.298546
0.171559 0.009862 0.298449
0.171475 0.009717 0.298404
0.171456 0.009505 0.298307
0.171372 0.009360 0.298263
0.171352 0.009147 0.298166
0.171268 0.009001 0.298122
0.171248 0.008788 0.298024
0.171227 0.008574 0.297926
0.171207 0.008359 0.297829
0.171250 0.008075 0.297677
0.171228 0.007860 0.297579
0.171207 0.007644 0.297481
0.171249 0.007358 0.297328
0.171227 0.007141 0.297230
0.171267 0.006853 0.297077
0.171308 0.006565 0.296924
0.171348 0.006276 0.296771
0.171324 0.006057 0.296672
0.171301 0.005837 0.296572
0.171339 0.005545 0.296418
0.171315 0.005325 0.296319
0.171290 0.005103 0.296219
0.171265 0.004882 0.296119
0.171240 0.004659 0.296018
0.171215 0.004437 0.295918
0.171128 0.004286 0.295872
0.171102 0.004063 0.295772
0.171076 0.003839 0.295671
0.170988 0.003688 0.295625
0.170962 0.003464 0.295524
0.170874 0.003313 0.295478
0.170848 0.003088 0.295377
0.170821 0.002862 0.295276
0.170794 0.002637 0.295175
0.170827 0.002336 0.295018
0.170799 0.002109 0.294917
0.170832 0.001807 0.294760
0.170803 0.001579 0.294658
0.170895 0.001201 0.294445
0.170986 0.000821 0.294231
0.170956 0.000591 0.294129
0.171166 0.000057 0.293803
0.187036 0.023672 0.300077
0.186942 0.023512 0.300028
0.185652 0.023790 0.300573
0.185325 0.023761 0.300663
0.184998 0.023734 0.300754
0.184829 0.023621 0.300752
0.184738 0.023465 0.300705
0.184569 0.023353 0.300704
0.184401 0.023241 0.300703
0.184311 0.023086 0.300655
0.184065 0.023019 0.300701
0.183897 0.022909 0.300700
0.183729 0.022799 0.300700
0.183640 0.022644 0.300653
0.183473 0.022535 0.300652
0.183228 0.022471 0.300699
0.182985 0.022409 0.300746
0.182819 0.022301 0.300746
0.182576 0.022240 0.300793
0.182410 0.022133 0.300794
0.182245 0.022027 0.300794
0.182004 0.021968 0.300842
0.181839 0.021863 0.300843
0.181751 0.021711 0.300797
0.181586 0.021607 0.300798
0.181346 0.021550 0.300847
0.181183 0.021447 0.300848
0.180944 0.021392 0.300897
0.180781 0.021290 0.300899
0.180542 0.021236 0.300949
0.180304 0.021184 0.300999
0.180067 0.021132 0.301049
0.179981 0.020983 0.301003
0.179594 0.021032 0.301150
0.179358 0.020982 0.301201
0.179123 0.020934 0.301252
0.179037 0.020787 0.301207
0.178877 0.020689 0.301210
0.178717 0.020593 0.301214
0.178558 0.020496 0.301217
0.178398 0.020400 0.301221
0.178313 0.020254 0.301177
0.178154 0.020158 0.301181
0.177996 0.020064 0.301185
0.177837 0.019969 0.301189
0.177752 0.019823 0.301145
0.177594 0.019729 0.301149
0.177510 0.019584 0.301105
0.177352 0.019490 0.301109
0.177268 0.019345 0.301065
0.177110 0.019252 0.301070
0.177026 0.019107 0.301026
0.176869 0.019015 0.301031
0.176785 0.018870 0.300987
0.176628 0.018779 0.300992
0.176544 0.018634 0.300948
0.176388 0.018543 0.300953
0.176232 0.018453 0.300959
0.176076 0.018363 0.300964
0.175921 0.018274 0.300970
0.175765 0.018185 0.300976
0.175682 0.018041 0.300932
0.175527 0.017953 0.300938
0.175372 0.017865 0.300944
0.175289 0.017722 0.300901
0.175206 0.017579 0.300857
0.175123 0.017435 0.300814
0.174969 0.017348 0.300820
0.174886 0.017205 0.300777
0.174803 0.017062 0.300733
0.174649 0.016976 0.300740
0.174566 0.016833 0.300697
0.174483 0.016690 0.300653
0.174400 0.016547 0.300610
0.174317 0.016404 0.300566
0.174234 0.016261 0.300523
0.174151 0.016118 0.300479
0.174068 0.015975 0.300436
0.173986 0.015832 0.300392
0.173903 0.015689 0.300349
0.173820 0.015546 0.300306
0.173737 0.015403 0.300262
0.173654 0.015260 0.300219
0.173640 0.015057 0.300124
0.173557 0.014914 0.300081
0.173473 0.014771 0.300037
0.173390 0.014628 0.299993
0.173376 0.014424 0.299899
0.173292 0.014280 0.299855
0.173209 0.014137 0.299811
0.173126 0.013993 0.299768
0.173111 0.013788 0.299673
0.173027 0.013645 0.299629
0.172944 0.013501 0.299585
0.172861 0.013357 0.299542
0.172777 0.013214 0.299498
0.172694 0.013070 0.299454
0.172611 0.012926 0.299411
0.172527 0.012783 0.299367
0.172444 0.012639 0.299323
0.172361 0.012496 0.299280
0.172277 0.012352 0.299236
0.172260 0.012144 0.299140
0.172177 0.012000 0.299096
0.172094 0.011857 0.299053
0.172010 0.011713 0.299009
0.171927 0.011569 0.298965
0.171909 0.011360 0.298869
0.171826 0.011216 0.298825
0.171742 0.011072 0.298781
0.171724 0.010862 0.298685
0.171640 0.010718 0.298641
0.171622 0.010507 0.298544
0.171538 0.010363 0.298500
0.171519 0.010151 0.298403
0.171435 0.010007 0.298359
0.171416 0.009795 0.298262
0.171332 0.009650 0.298218
0.171312 0.009438 0.298120
0.171228 0.009293 0.298076
0.171208 0.009079 0.297978
0.171188 0.008866 0.297881
0.171167 0.008652 0.297783
0.171147 0.008438 0.297685
0.171190 0.008154 0.297533
0.171168 0.007939 0.297434
0.171210 0.007654 0.297282
0.171188 0.007437 0.297183
0.171229 0.007150 0.297030
0.171270 0.006863 0.296877
0.171310 0.006575 0.296724
0.171287 0.006356 0.296624
0.171326 0.006066 0.296470
0.171302 0.005846 0.296371
0.171340 0.005555 0.296216
0.171253 0.005405 0.296171
0.171229 0.005184 0.296071
0.171204 0.004962 0.295970
0.171179 0.004740 0.295870
0.171091 0.004590 0.295824
0.171066 0.004367 0.295724
0.170979 0.004217 0.295678
0.170953 0.003993 0.295577
0.170865 0.003842 0.295531
0.170839 0.003618 0.295430
0.170812 0.003394 0.295329
0.170725 0.003243 0.295283
0.170759 0.002944 0.295127
0.170731 0.002718 0.295025
0.170764 0.002418 0.294868
0.170737 0.002191 0.294766
0.170769 0.001890 0.294609
0.170801 0.001587 0.294451
0.170952 0.001134 0.294182
0.170923 0.000904 0.294079
0.170953 0.000599 0.293920
0.171042 0.000217 0.293706
0.185509 0.023917 0.300464
0.185182 0.023889 0.300555
0.184934 0.023818 0.300600
0.184765 0.023705 0.300598
0.184596 0.023593 0.300597
0.184506 0.023437 0.300550
0.184337 0.023325 0.300549
0.184169 0.023214 0.300548
0.184001 0.023103 0.300548
0.183833 0.022992 0.300547
0.183589 0.022927 0.300594
0.183499 0.022772 0.300547
0.183255 0.022708 0.300594
0.183011 0.022645 0.300641
0.182845 0.022537 0.300641
0.182602 0.022475 0.300689
0.182436 0.022368 0.300689
0.182271 0.022262 0.300690
0.182029 0.022202 0.300738
0.181865 0.022097 0.300739
0.181777 0.021945 0.300693
0.181612 0.021840 0.300695
0.181372 0.021783 0.300744
0.181208 0.021679 0.300745
0.181045 0.021576 0.300747
0.180806 0.021521 0.300797
0.180643 0.021419 0.300799
0.180405 0.021366 0.300849
0.180168 0.021313 0.300899
0.179931 0.021261 0.300950
0.179844 0.021112 0.300904
0.179458 0.021160 0.301052
0.179223 0.021111 0.301103
0.179062 0.021013 0.301106
0.178977 0.020866 0.301062
0.178742 0.020819 0.301114
0.178657 0.020672 0.301069
0.178498 0.020575 0.301073
0.178338 0.020479 0.301077
0.178179 0.020384 0.301081
0.178094 0.020237 0.301036
0.177936 0.020142 0.301041
0.177851 0.019996 0.300996
0.177693 0.019902 0.301001
0.177608 0.019756 0.300956
0.177450 0.019662 0.300961
0.177366 0.019516 0.300917
0.177208 0.019423 0.300922
0.177124 0.019278 0.300877
0.176966 0.019185 0.300882
0.176882 0.019040 0.300838
0.176725 0.018948 0.300843
0.176569 0.018857 0.300849
0.176485 0.018712 0.300805
0.176329 0.018621 0.300810
0.176101 0.018585 0.300866
0.175945 0.018496 0.300872
0.175862 0.018352 0.300828
0.175706 0.018263 0.300834
0.175552 0.018174 0.300840
0.175468 0.018030 0.300797
0.175314 0.017942 0.300803
0.175230 0.017799 0.300759
0.175147 0.017656 0.300716
0.175064 0.017512 0.300672
0.174910 0.017425 0.300679
0.174827 0.017282 0.300636
0.174744 0.017139 0.300592
0.174591 0.017053 0.300599
0.174508 0.016910 0.300556
0.174425 0.016767 0.300512
0.174342 0.016624 0.300469
0.174259 0.016481 0.300425
0.174176 0.016338 0.300382
0.174093 0.016195 0.300338
0.174010 0.016052 0.300295
0.173927 0.015909 0.300251
0.173844 0.015766 0.300208
0.173761 0.015623 0.300165
0.173678 0.015480 0.300121
0.173595 0.015337 0.300078
0.173581 0.015134 0.299983
0.173498 0.014991 0.299939
0.173415 0.014848 0.299896
0.173332 0.014705 0.299852
0.173317 0.014501 0.299757
0.173234 0.014357 0.299714
0.173150 0.014214 0.299670
0.173067 0.014070 0.299626
0.172984 0.013927 0.299583
0.172901 0.013784 0.299539
0.172818 0.013640 0.299496
0.172734 0.013497 0.299452
0.172651 0.013353 0.299408
0.172568 0.013210 0.299365
0.172485 0.013067 0.299321
0.172468 0.012860 0.299225
0.172385 0.012716 0.299182
0.172302 0.012573 0.299138
0.172218 0.012429 0.299094
0.172135 0.012285 0.299051
0.172052 0.012142 0.299007
0.171968 0.011998 0.298964
0.171885 0.011855 0.298920
0.171868 0.011646 0.298823
0.171784 0.011502 0.298780
0.171701 0.011358 0.298736
0.171683 0.011149 0.298639
0.171599 0.011005 0.298595
0.171581 0.010795 0.298499
0.171497 0.010651 0.298455
0.171479 0.010440 0.298358
0.171460 0.010229 0.298260
0.171376 0.010085 0.298216
0.171292 0.009940 0.298172
0.171272 0.009728 0.298075
0.171188 0.009583 0.298031
0.171169 0.009371 0.297933
0.171148 0.009158 0.297835
0.171128 0.008944 0.297737
0.171108 0.008730 0.297639
0.171087 0.008516 0.297541
0.171130 0.008233 0.297388
0.171108 0.008017 0.297290
0.171150 0.007733 0.297137
0.171128 0.007516 0.297038
0.171232 0.007160 0.296830
0.171272 0.006873 0.296677
0.171312 0.006585 0.296523
0.171351 0.006295 0.296369
0.171327 0.006076 0.296269
0.171303 0.005856 0.296169
0.171279 0.005635 0.296069
0.171254 0.005415 0.295968
0.171229 0.005193 0.295868
0.171142 0.005043 0.295822
0.171117 0.004821 0.295722
0.171030 0.004671 0.295676
0.170942 0.004520 0.295630
0.170917 0.004297 0.295529
0.170829 0.004147 0.295484
0.170803 0.003923 0.295383
0.170777 0.003700 0.295281
0.170689 0.003548 0.295236
0.170662 0.003324 0.295134
0.170696 0.003025 0.294977
0.170669 0.002800 0.294875
0.170702 0.002500 0.294718
0.170734 0.002199 0.294560
0.170766 0.001897 0.294402
0.170798 0.001595 0.294244
0.170889 0.001216 0.294030
0.170919 0.000912 0.293871
0.170949 0.000607 0.293712
0.170979 0.000300 0.293552
0.185444 0.024002 0.300309
0.185117 0.023973 0.300400
0.184870 0.023902 0.300445
0.184701 0.023789 0.300445
0.184532 0.023676 0.300444
0.184442 0.023521 0.300396
0.184273 0.023409 0.300396
0.184105 0.023297 0.300395
0.183860 0.023230 0.300442
0.183692 0.023120 0.300442
0.183448 0.023054 0.300489
0.183358 0.022900 0.300442
0.183114 0.022836 0.300489
0.182871 0.022773 0.300537
0.182628 0.022711 0.300584
0.182462 0.022603 0.300585
0.182297 0.022496 0.300586
0.182055 0.022436 0.300635
0.181891 0.022330 0.300636
0.181726 0.022225 0.300637
0.181562 0.022120 0.300639
0.181398 0.022016 0.300640
0.181234 0.021912 0.300642
0.181071 0.021808 0.300644
0.180907 0.021705 0.300646
0.180744 0.021602 0.300648
0.180506 0.021548 0.300699
0.180269 0.021494 0.300749
0.180031 0.021442 0.300800
0.179795 0.021390 0.300851
0.179633 0.021290 0.300854
0.179397 0.021240 0.300906
0.179162 0.021191 0.300957
0.179002 0.021093 0.300961
0.178842 0.020995 0.300965
0.178682 0.020898 0.300969
0.178522 0.020801 0.300973
0.178437 0.020654 0.300928
0.178278 0.020558 0.300932
0.178119 0.020462 0.300936
0.178034 0.020316 0.300892
0.177876 0.020221 0.300896
0.177791 0.020075 0.300852
0.177633 0.019980 0.300857
0.177548 0.019834 0.300812
0.177390 0.019740 0.300817
0.177306 0.019595 0.300773
0.177221 0.019449 0.300729
0.177064 0.019356 0.300734
0.176907 0.019263 0.300739
0.176823 0.019118 0.300695
0.176666 0.019026 0.300700
0.176509 0.018935 0.300706
0.176353 0.018844 0.300712
0.176197 0.018753 0.300718
0.176042 0.018663 0.300724
0.175886 0.018573 0.300730
0.175731 0.018484 0.300736
0.175647 0.018340 0.300692
0.175493 0.018251 0.300699
0.175338 0.018163 0.300705
0.175255 0.018019 0.300662
0.175172 0.017876 0.300618
0.175088 0.017733 0.300575
0.174935 0.017645 0.300581
0.174851 0.017502 0.300538
0.174768 0.017359 0.300494
0.174685 0.017216 0.300451
0.174532 0.017130 0.300458
0.174449 0.016987 0.300415
0.174366 0.016844 0.300371
0.174283 0.016701 0.300328
0.174200 0.016558 0.300284
0.174117 0.016415 0.300241
0.174034 0.016272 0.300197
0.173951 0.016129 0.300154
0.173868 0.015986 0.300110
0.173785 0.015843 0.300067
0.173702 0.015700 0.300024
0.173619 0.015557 0.299980
0.173536 0.015414 0.299937
0.173522 0.015211 0.299842
0.173439 0.015068 0.299798
0.173356 0.014925 0.299755
0.173273 0.014782 0.299711
0.173190 0.014638 0.299668
0.173107 0.014495 0.299624
0.173024 0.014352 0.299581
0.172941 0.014209 0.299537
0.172858 0.014066 0.299494
0.172774 0.013922 0.299450
0.172691 0.013779 0.299407
0.172676 0.013574 0.299311
0.172592 0.013430 0.299267
0.172509 0.013287 0.299224
0.172426 0.013144 0.299180
0.172343 0.013000 0.299136
0.172260 0.012857 0.299093
0.172176 0.012713 0.299049
0.172093 0.012570 0.299006
0.172010 0.012427 0.298962
0.171927 0.012283 0.298918
0.171910 0.012075 0.298822
0.171826 0.011932 0.298778
0.171743 0.011788 0.298735
0.171660 0.011645 0.298691
0.171642 0.011436 0.298594
0.171558 0.011292 0.298550
0.171540 0.011083 0.298453
0.171457 0.010938 0.298410
0.171438 0.010728 0.298312
0.171354 0.010584 0.298269
0.171336 0.010373 0.298171
0.171252 0.010229 0.298127
0.171232 0.010018 0.298030
0.171149 0.009873 0.297986
0.171129 0.009661 0.297888
0.171109 0.009449 0.297790
0.171089 0.009236 0.297692
0.171005 0.009090 0.297648
0.171048 0.008809 0.297495
0.171027 0.008595 0.297397
0.171070 0.008311 0.297244
0.171111 0.008027 0.297091
0.171153 0.007743 0.296938
0.171131 0.007526 0.296838
0.171234 0.007170 0.296630
0.171274 0.006883 0.296476
0.171391 0.006016 0.296012
0.171304 0.005866 0.295966
0.171280 0.005645 0.295866
0.171193 0.005495 0.295820
0.171106 0.005345 0.295775
0.171019 0.005195 0.295729
0.170994 0.004974 0.295629
0.170968 0.004752 0.295528
0.170881 0.004601 0.295482
0.170793 0.004451 0.295436
0.170768 0.004228 0.295335
0.170680 0.004077 0.295289
0.170654 0.003854 0.295188
0.170627 0.003630 0.295087
0.170600 0.003405 0.294985
0.170634 0.003107 0.294828
0.170607 0.002882 0.294726
0.170639 0.002582 0.294568
0.170672 0.002281 0.294410
0.170764 0.001905 0.294195
0.170795 0.001603 0.294036
0.170826 0.001299 0.293877
0.170916 0.000920 0.293662
0.170945 0.000615 0.293502
0.170974 0.000309 0.293343
0.171003 0.000002 0.293183
0.193506 0.023150 0.297043
0.184637 0.023873 0.300291
0.184468 0.023760 0.300290
0.184300 0.023648 0.300290
0.184210 0.023492 0.300242
0.183964 0.023425 0.300289
0.183719 0.023358 0.300336
0.183551 0.023247 0.300336
0.183307 0.023182 0.300384
0.183218 0.023028 0.300337
0.182974 0.022964 0.300385
0.182731 0.022901 0.300433
0.182488 0.022838 0.300481
0.182323 0.022731 0.300482
0.182081 0.022670 0.300531
0.181916 0.022564 0.300532
0.181752 0.022458 0.300534
0.181588 0.022353 0.300535
0.181424 0.022248 0.300537
0.181260 0.022144 0.300539
0.181096 0.022040 0.300541
0.180857 0.021984 0.300591
0.180770 0.021833 0.300546
0.180532 0.021778 0.300596
0.180369 0.021676 0.300599
0.180132 0.021623 0.300650
0.179895 0.021570 0.300701
0.179734 0.021470 0.300704
0.179572 0.021370 0.300708
0.179337 0.021320 0.300760
0.179102 0.021270 0.300812
0.178941 0.021172 0.300816
0.178781 0.021074 0.300820
0.178622 0.020977 0.300824
0.178462 0.020880 0.300828
0.178303 0.020783 0.300832
0.178218 0.020637 0.300788
0.178059 0.020541 0.300792
0.177901 0.020446 0.300797
0.177816 0.020299 0.300752
0.177658 0.020205 0.300757
0.177573 0.020059 0.300713
0.177488 0.019913 0.300668
0.177331 0.019819 0.300674
0.177246 0.019673 0.300629
0.177161 0.019527 0.300585
0.177004 0.019434 0.300590
0.176847 0.019341 0.300596
0.176763 0.019196 0.300552
0.176606 0.019104 0.300557
0.176450 0.019013 0.300563
0.176294 0.018921 0.300569
0.176138 0.018831 0.300575
0.175982 0.018740 0.300581
0.175827 0.018650 0.300588
0.175672 0.018561 0.300594
0.175517 0.018472 0.300601
0.175434 0.018328 0.300557
0.175279 0.018240 0.300564
0.175196 0.018097 0.300520
0.175113 0.017953 0.300477
0.175030 0.017810 0.300433
0.174876 0.017722 0.300440
0.174793 0.017579 0.300397
0.174710 0.017436 0.300353
0.174627 0.017293 0.300310
0.174473 0.017207 0.300317
0.174390 0.017064 0.300274
0.174307 0.016921 0.300230
0.174224 0.016778 0.300187
0.174141 0.016635 0.300143
0.174059 0.016492 0.300100
0.173976 0.016349 0.300056
0.173893 0.016206 0.300013
0.173810 0.016063 0.299970
0.173727 0.015920 0.299926
0.173644 0.015777 0.299883
0.173561 0.015634 0.299839
0.173478 0.015491 0.299796
0.173395 0.015348 0.299752
0.173380 0.015145 0.299657
0.173297 0.015002 0.299613
0.173214 0.014859 0.299570
0.173131 0.014715 0.299526
0.173048 0.014572 0.299483
0.172965 0.014429 0.299439
0.172882 0.014286 0.299396
0.172799 0.014143 0.299352
0.172716 0.013999 0.299309
0.172633 0.013856 0.299265
0.172550 0.013713 0.299222
0.172467 0.013570 0.299178
0.172383 0.013427 0.299135
0.172300 0.013283 0.299091
0.172217 0.013140 0.299048
0.172201 0.012934 0.298951
0.172118 0.012790 0.298908
0.172034 0.012647 0.298864
0.171951 0.012504 0.298821
0.171868 0.012360 0.298777
0.171785 0.012217 0.298734
0.171702 0.012073 0.298690
0.171684 0.011865 0.298593
0.171601 0.011722 0.298549
0.171517 0.011578 0.298506
0.171499 0.011369 0.298409
0.171416 0.011225 0.298365
0.171333 0.011082 0.298321
0.171314 0.010872 0.298224
0.171295 0.010662 0.298126
0.171212 0.010517 0.298083
0.171128 0.010373 0.298039
0.171109 0.010162 0.297941
0.171089 0.009951 0.297843
0.171005 0.009806 0.297799
0.171050 0.009527 0.297647
0.170965 0.009381 0.297603
0.170945 0.009168 0.297504
0.170988 0.008887 0.297352
0.171031 0.008605 0.297199
0.171073 0.008322 0.297045
0.171051 0.008106 0.296946
0.171156 0.007753 0.296738
0.171133 0.007536 0.296638
0.171237 0.007181 0.296429
0.171267 0.006166 0.295919
0.171181 0.006017 0.295874
0.171156 0.005796 0.295773
0.171069 0.005647 0.295728
0.171044 0.005426 0.295627
0.170957 0.005276 0.295581
0.170932 0.005054 0.295480
0.170845 0.004904 0.295435
0.170819 0.004682 0.295334
0.170732 0.004532 0.295288
0.170645 0.004381 0.295242
0.170618 0.004158 0.295141
0.170592 0.003935 0.295039
0.170565 0.003711 0.294938
0.170538 0.003487 0.294836
0.170572 0.003189 0.294678
0.170605 0.002890 0.294520
0.170637 0.002590 0.294361
0.170669 0.002289 0.294203
0.170701 0.001988 0.294044
0.170792 0.001611 0.293828
0.170822 0.001308 0.293669
0.170852 0.001003 0.293509
0.170882 0.000698 0.293349
0.170911 0.000392 0.293189
0.170939 0.000086 0.293029
0.193435 0.023244 0.296871
0.193413 0.023029 0.296771
0.184236 0.023731 0.300136
0.184068 0.023619 0.300136
0.183900 0.023508 0.300136
0.183655 0.023441 0.300184
0.183411 0.023375 0.300231
0.183167 0.023309 0.300279
0.183077 0.023155 0.300232
0.182834 0.023091 0.300281
0.182591 0.023028 0.300329
0.182349 0.022966 0.300378
0.182107 0.022904 0.300427
0.181942 0.022798 0.300429
0.181778 0.022692 0.300430
0.181613 0.022586 0.300432
0.181449 0.022481 0.300434
0.181286 0.022376 0.300436
0.181122 0.022272 0.300438
0.180959 0.022168 0.300441
0.180796 0.022065 0.300443
0.180633 0.021962 0.300446
0.180395 0.021907 0.300497
0.180233 0.021805 0.300500
0.179996 0.021751 0.300551
0.179834 0.021650 0.300554
0.179598 0.021598 0.300606
0.179437 0.021499 0.300610
0.179276 0.021399 0.300614
0.179041 0.021349 0.300666
0.178881 0.021251 0.300670
0.178647 0.021203 0.300723
0.178561 0.021056 0.300679
0.178402 0.020959 0.300683
0.178243 0.020862 0.300688
0.178084 0.020766 0.300692
0.177999 0.020620 0.300648
0.177841 0.020524 0.300653
0.177756 0.020378 0.300608
0.177598 0.020283 0.300613
0.177513 0.020137 0.300569
0.177355 0.020043 0.300574
0.177271 0.019897 0.300530
0.177113 0.019803 0.300535
0.177029 0.019658 0.300491
0.176872 0.019565 0.300497
0.176788 0.019420 0.300453
0.176631 0.019327 0.300458
0.176475 0.019235 0.300464
0.176319 0.019144 0.300470
0.176163 0.019053 0.300477
0.176007 0.018962 0.300483
0.175923 0.018818 0.300439
0.175768 0.018728 0.300446
0.175613 0.018638 0.300452
0.175458 0.018549 0.300459
0.175375 0.018406 0.300415
0.175220 0.018317 0.300422
0.175137 0.018174 0.300379
0.175054 0.018030 0.300335
0.174971 0.017887 0.300292
0.174817 0.017799 0.300299
0.174734 0.017656 0.300256
0.174651 0.017513 0.300212
0.174568 0.017370 0.300169
0.174485 0.017227 0.300125
0.174332 0.017140 0.300133
0.174249 0.016997 0.300089
0.174166 0.016854 0.300046
0.174083 0.016712 0.300002
0.174000 0.016569 0.299959
0.173917 0.016426 0.299915
0.173834 0.016283 0.299872
0.173751 0.016140 0.299829
0.173668 0.015997 0.299785
0.173585 0.015854 0.299742
0.173502 0.015711 0.299698
0.173419 0.015568 0.299655
0.173336 0.015425 0.299611
0.173253 0.015282 0.299568
0.173170 0.015139 0.299524
0.173087 0.014996 0.299481
0.173004 0.014853 0.299437
0.172989 0.014649 0.299342
0.172906 0.014506 0.299298
0.172823 0.014363 0.299255
0.172740 0.014220 0.299211
0.172657 0.014076 0.299168
0.172574 0.013933 0.299124
0.172491 0.013790 0.299081
0.172408 0.013647 0.299037
0.172325 0.013504 0.298994
0.172242 0.013360 0.298950
0.172159 0.013217 0.298907
0.172075 0.013074 0.298863
0.171992 0.012931 0.298820
0.171909 0.012788 0.298776
0.171892 0.012581 0.298679
0.171809 0.012437 0.298636
0.171726 0.012294 0.298592
0.171643 0.012151 0.298549
0.171560 0.012007 0.298505
0.171542 0.011799 0.298408
0.171459 0.011655 0.298364
0.171375 0.011512 0.298321
0.171357 0.011303 0.298223
0.171274 0.011159 0.298179
0.171255 0.010949 0.298082
0.171171 0.010805 0.298038
0.171152 0.010595 0.297940
0.171069 0.010451 0.297896
0.171049 0.010240 0.297798
0.171030 0.010028 0.297700
0.170946 0.009884 0.297656
0.170990 0.009604 0.297504
0.170906 0.009459 0.297460
0.170885 0.009247 0.297361
0.170928 0.008965 0.297208
0.170971 0.008683 0.297054
0.171013 0.008400 0.296901
0.171054 0.008117 0.296747
0.171095 0.007832 0.296592
0.171136 0.007547 0.296438
0.171176 0.007260 0.296283
0.171206 0.006247 0.295772
0.171119 0.006097 0.295726
0.171095 0.005877 0.295626
0.171008 0.005727 0.295580
0.170983 0.005506 0.295479
0.170896 0.005356 0.295433
0.170870 0.005135 0.295332
0.170783 0.004985 0.295287
0.170757 0.004763 0.295185
0.170670 0.004612 0.295140
0.170583 0.004462 0.295094
0.170557 0.004239 0.294992
0.170530 0.004016 0.294891
0.170503 0.003792 0.294789
0.170476 0.003568 0.294687
0.170510 0.003270 0.294528
0.170543 0.002971 0.294370
0.170635 0.002598 0.294155
0.170667 0.002298 0.293996
0.170698 0.001996 0.293836
0.170729 0.001694 0.293677
0.170819 0.001316 0.293460
0.170848 0.001012 0.293300
0.170878 0.000707 0.293139
0.170906 0.000401 0.292979
0.170875 0.000169 0.292875
0.193282 0.023377 0.296744
0.193341 0.023124 0.296599
0.184431 0.024083 0.300030
0.184341 0.023928 0.299983
0.184172 0.023815 0.299983
0.184004 0.023703 0.299983
0.183759 0.023635 0.300031
0.183514 0.023568 0.300078
0.183347 0.023458 0.300079
0.183104 0.023392 0.300127
0.183014 0.023238 0.300081
0.182694 0.023218 0.300177
0.182452 0.023155 0.300226
0.182210 0.023093 0.300275
0.181968 0.023031 0.300325
0.181804 0.022925 0.300327
0.181563 0.022865 0.300377
0.181399 0.022760 0.300379
0.181235 0.022655 0.300381
0.181072 0.022550 0.300384
0.180909 0.022446 0.300386
0.180746 0.022343 0.300389
0.180583 0.022240 0.300392
0.180496 0.022090 0.300346
0.180258 0.022035 0.300398
0.180096 0.021933 0.300401
0.179934 0.021831 0.300404
0.179773 0.021730 0.300408
0.179537 0.021678 0.300460
0.179376 0.021578 0.300464
0.179215 0.021479 0.300468
0.178980 0.021429 0.300521
0.178820 0.021330 0.300525
0.178586 0.021282 0.300578
0.178501 0.021135 0.300534
0.178342 0.021038 0.300538
0.178183 0.020941 0.300543
0.178024 0.020845 0.300548
0.177866 0.020749 0.300553
0.177781 0.020603 0.300508
0.177623 0.020507 0.300514
0.177538 0.020361 0.300469
0.177380 0.020267 0.300475
0.177296 0.020121 0.300430
0.177138 0.020027 0.300436
0.177054 0.019882 0.300392
0.176897 0.019788 0.300398
0.176812 0.019643 0.300353
0.176656 0.019550 0.300359
0.176499 0.019458 0.300365
0.176415 0.019313 0.300321
0.176259 0.019222 0.300328
0.176032 0.019184 0.300385
0.175948 0.019040 0.300341
0.175793 0.018949 0.300347
0.175637 0.018859 0.300354
0.175483 0.018770 0.300361
0.175399 0.018626 0.300318
0.175245 0.018538 0.300325
0.175162 0.018394 0.300281
0.175078 0.018251 0.300238
0.174995 0.018107 0.300194
0.174912 0.017964 0.300150
0.174758 0.017876 0.300158
0.174675 0.017733 0.300114
0.174592 0.017590 0.300071
0.174509 0.017447 0.300027
0.174426 0.017304 0.299984
0.174273 0.017217 0.299992
0.174190 0.017074 0.299948
0.174107 0.016931 0.299905
0.174024 0.016788 0.299861
0.173941 0.016645 0.299818
0.173858 0.016502 0.299774
0.173775 0.016359 0.299731
0.173692 0.016216 0.299688
0.173609 0.016073 0.299644
0.173527 0.015930 0.299601
0.173444 0.015787 0.299557
0.173361 0.015645 0.299514
0.173278 0.015502 0.299470
0.173195 0.015359 0.299427
0.173112 0.015216 0.299383
0.173029 0.015073 0.299340
0.172946 0.014930 0.299297
0.172931 0.014726 0.299201
0.172848 0.014583 0.299157
0.172764 0.014440 0.299114
0.172681 0.014296 0.299070
0.172598 0.014153 0.299026
0.172515 0.014010 0.298983
0.172432 0.013867 0.298939
0.172349 0.013724 0.298896
0.172266 0.013581 0.298852
0.172183 0.013437 0.298809
0.172100 0.013294 0.298765
0.172017 0.013151 0.298722
0.171934 0.013008 0.298678
0.171851 0.012865 0.298635
0.171834 0.012658 0.298538
0.171750 0.012514 0.298494
0.171667 0.012371 0.298451
0.171584 0.012228 0.298407
0.171501 0.012084 0.298364
0.171483 0.011876 0.298266
0.171400 0.011733 0.298223
0.171316 0.011589 0.298179
0.171298 0.011380 0.298081
0.171215 0.011236 0.298038
0.171196 0.011027 0.297940
0.171112 0.010883 0.297896
0.171093 0.010672 0.297798
0.171010 0.010528 0.297754
0.170990 0.010317 0.297656
0.170971 0.010106 0.297558
0.170887 0.009962 0.297514
0.170867 0.009750 0.297415
0.170846 0.009537 0.297317
0.170826 0.009325 0.297218
0.170869 0.009044 0.297064
0.170911 0.008762 0.296910
0.170953 0.008479 0.296756
0.170994 0.008196 0.296602
0.171035 0.007911 0.296447
0.171075 0.007626 0.296292
0.171115 0.007340 0.296137
0.171092 0.007122 0.296037
0.171131 0.006835 0.295881
0.171107 0.006616 0.295780
0.171082 0.006397 0.295680
0.171058 0.006178 0.295579
0.170971 0.006028 0.295533
0.170884 0.005878 0.295488
0.170859 0.005658 0.295387
0.170772 0.005508 0.295341
0.170747 0.005287 0.295240
0.170660 0.005137 0.295194
0.170634 0.004915 0.295093
0.170608 0.004693 0.294991
0.170521 0.004543 0.294946
0.170495 0.004320 0.294844
0.170407 0.004169 0.294798
0.170441 0.003873 0.294640
0.170414 0.003649 0.294537
0.170447 0.003352 0.294379
0.170480 0.003053 0.294220
0.170573 0.002680 0.294004
0.170604 0.002380 0.293845
0.170635 0.002079 0.293685
0.170666 0.001777 0.293525
0.170755 0.001399 0.293308
0.170785 0.001095 0.293147
0.170814 0.000790 0.292986
0.170842 0.000485 0.292825
0.170811 0.000253 0.292720
0.170779 0.000022 0.292616
0.193211 0.023471 0.296571
0.193189 0.023257 0.296472
0.193247 0.023003 0.296326
0.184717 0.024592 0.299972
0.184548 0.024479 0.299971
0.184457 0.024323 0.299924
0.184367 0.024167 0.299877
0.184199 0.024054 0.299877
0.184109 0.023899 0.299830
0.183941 0.023786 0.299830
0.183696 0.023718 0.299878
0.183451 0.023651 0.299926
0.183207 0.023584 0.299975
0.182963 0.023519 0.300023
0.182874 0.023365 0.299977
0.182631 0.023301 0.300026
0.182312 0.023282 0.300123
0.182071 0.023220 0.300173
0.181829 0.023158 0.300223
0.181665 0.023052 0.300225
0.181425 0.022992 0.300276
0.181261 0.022887 0.300278
0.181097 0.022782 0.300281
0.180934 0.022678 0.300284
0.180771 0.022574 0.300286
0.180608 0.022470 0.300289
0.180446 0.022367 0.300292
0.180284 0.022265 0.300296
0.180122 0.022163 0.300299
0.179960 0.022061 0.300302
0.179798 0.021960 0.300306
0.179637 0.021859 0.300310
0.179476 0.021758 0.300314
0.179315 0.021658 0.300317
0.179080 0.021607 0.300371
0.178920 0.021508 0.300375
0.178760 0.021410 0.300379
0.178526 0.021361 0.300433
0.178367 0.021263 0.300438
0.178208 0.021166 0.300443
0.178123 0.021020 0.300399
0.177964 0.020923 0.300404
0.177806 0.020827 0.300409
0.177721 0.020681 0.300364
0.177563 0.020586 0.300370
0.177478 0.020440 0.300325
0.177320 0.020345 0.300331
0.177236 0.020199 0.300287
0.177079 0.020105 0.300293
0.176921 0.020012 0.300298
0.176837 0.019866 0.300254
0.176680 0.019773 0.300260
0.176524 0.019681 0.300267
0.176440 0.019536 0.300223
0.176356 0.019391 0.300179
0.176200 0.019299 0.300185
0.175972 0.019261 0.300242
0.175889 0.019117 0.300198
0.175733 0.019027 0.300205
0.175579 0.018937 0.300212
0.175424 0.018847 0.300220
0.175340 0.018704 0.300176
0.175186 0.018615 0.300183
0.175103 0.018471 0.300140
0.175020 0.018328 0.300096
0.174936 0.018184 0.300053
0.174853 0.018041 0.300009
0.174700 0.017953 0.300017
0.174617 0.017810 0.299973
0.174534 0.017667 0.299930
0.174450 0.017524 0.299886
0.174367 0.017381 0.299843
0.174284 0.017237 0.299799
0.174132 0.017151 0.299807
0.174049 0.017008 0.299764
0.173966 0.016865 0.299720
0.173883 0.016722 0.299677
0.173800 0.016579 0.299634
0.173717 0.016436 0.299590
0.173634 0.016293 0.299547
0.173551 0.016150 0.299503
0.173468 0.016007 0.299460
0.173385 0.015864 0.299416
0.173302 0.015721 0.299373
0.173219 0.015578 0.299329
0.173136 0.015435 0.299286
0.173053 0.015292 0.299242
0.172970 0.015149 0.299199
0.172887 0.015006 0.299156
0.172804 0.014863 0.299112
0.172721 0.014720 0.299069
0.172638 0.014578 0.299025
0.172555 0.014435 0.298982
0.172472 0.014292 0.298938
0.172389 0.014149 0.298895
0.172307 0.014006 0.298851
0.172224 0.013863 0.298808
0.172141 0.013720 0.298765
0.172124 0.013514 0.298668
0.172041 0.013371 0.298624
0.171958 0.013228 0.298581
0.171875 0.013085 0.298537
0.171792 0.012942 0.298494
0.171709 0.012798 0.298450
0.171626 0.012655 0.298407
0.171608 0.012448 0.298309
0.171525 0.012305 0.298266
0.171442 0.012161 0.298222
0.171359 0.012018 0.298179
0.171341 0.011810 0.298081
0.171257 0.011666 0.298037
0.171174 0.011522 0.297994
0.171156 0.011314 0.297896
0.171072 0.011170 0.297852
0.171053 0.010960 0.297754
0.171034 0.010750 0.297656
0.170950 0.010606 0.297612
0.170867 0.010462 0.297568
0.170847 0.010251 0.297470
0.170827 0.010039 0.297371
0.170807 0.009828 0.297272
0.170787 0.009615 0.297174
0.170766 0.009403 0.297075
0.170809 0.009122 0.296920
0.170851 0.008840 0.296766
0.170893 0.008558 0.296612
0.170934 0.008275 0.296457
0.170974 0.007991 0.296302
0.170952 0.007774 0.296202
0.170992 0.007489 0.296046
0.170968 0.007271 0.295946
0.171007 0.006984 0.295790
0.170921 0.006836 0.295744
0.170897 0.006617 0.295644
0.170810 0.006468 0.295598
0.170786 0.006249 0.295497
0.170761 0.006029 0.295396
0.170736 0.005809 0.295295
0.170649 0.005660 0.295249
0.170624 0.005439 0.295148
0.170599 0.005218 0.295046
0.170512 0.005068 0.295001
0.170486 0.004846 0.294899
0.170459 0.004624 0.294797
0.170372 0.004473 0.294751
0.170346 0.004250 0.294649
0.170379 0.003955 0.294491
0.170413 0.003658 0.294332
0.170446 0.003360 0.294173
0.170478 0.003062 0.294013
0.170570 0.002689 0.293797
0.170601 0.002389 0.293637
0.170692 0.002014 0.293420
0.170722 0.001711 0.293259
0.170752 0.001408 0.293098
0.170781 0.001104 0.292937
0.170750 0.000874 0.292833
0.170837 0.000494 0.292614
0.170806 0.000262 0.292509
0.170774 0.000030 0.292404
0.193160 0.023779 0.296498
0.193139 0.023565 0.296399
0.193117 0.023351 0.296299
0.193175 0.023098 0.296153
0.193233 0.022843 0.296006
0.184574 0.024718 0.299865
0.184484 0.024562 0.299818
0.184394 0.024407 0.299770
0.184225 0.024293 0.299771
0.184135 0.024138 0.299723
0.184045 0.023982 0.299676
0.183800 0.023913 0.299724
0.183632 0.023802 0.299725
0.183310 0.023778 0.299822
0.183144 0.023667 0.299823
0.182900 0.023601 0.299872
0.182811 0.023448 0.299825
0.182492 0.023428 0.299923
0.182250 0.023364 0.299973
0.181932 0.023347 0.300072
0.181767 0.023240 0.300074
0.181527 0.023179 0.300124
0.181287 0.023119 0.300175
0.181123 0.023014 0.300178
0.180960 0.022909 0.300181
0.180797 0.022805 0.300184
0.180634 0.022701 0.300187
0.180471 0.022598 0.300190
0.180309 0.022495 0.300194
0.180222 0.022345 0.300148
0.180060 0.022243 0.300152
0.179899 0.022141 0.300155
0.179737 0.022040 0.300159
0.179576 0.021939 0.300163
0.179415 0.021838 0.300167
0.179254 0.021738 0.300171
0.179019 0.021687 0.300225
0.178859 0.021588 0.300229
0.178700 0.021489 0.300234
0.178466 0.021440 0.300288
0.178307 0.021342 0.300293
0.178148 0.021245 0.300299
0.178063 0.021099 0.300254
0.177904 0.021002 0.300259
0.177746 0.020906 0.300265
0.177661 0.020760 0.300220
0.177503 0.020664 0.300226
0.177418 0.020518 0.300182
0.177261 0.020424 0.300187
0.177176 0.020278 0.300143
0.177019 0.020184 0.300149
0.176862 0.020090 0.300155
0.176778 0.019945 0.300111
0.176621 0.019851 0.300117
0.176465 0.019759 0.300124
0.176308 0.019666 0.300130
0.176224 0.019522 0.300086
0.175997 0.019483 0.300144
0.175913 0.019339 0.300100
0.175758 0.019248 0.300107
0.175603 0.019158 0.300114
0.175520 0.019014 0.300071
0.175365 0.018924 0.300078
0.175211 0.018835 0.300085
0.175127 0.018692 0.300042
0.175044 0.018548 0.299998
0.174961 0.018405 0.299955
0.174878 0.018261 0.299911
0.174794 0.018118 0.299868
0.174641 0.018030 0.299876
0.174558 0.017887 0.299832
0.174475 0.017744 0.299789
0.174392 0.017601 0.299745
0.174309 0.017457 0.299701
0.174226 0.017314 0.299658
0.174073 0.017228 0.299666
0.173990 0.017085 0.299623
0.173907 0.016942 0.299579
0.173824 0.016799 0.299536
0.173672 0.016714 0.299545
0.173589 0.016571 0.299501
0.173506 0.016428 0.299458
0.173424 0.016286 0.299415
0.173341 0.016143 0.299371
0.173258 0.016000 0.299328
0.173175 0.015857 0.299284
0.173092 0.015714 0.299241
0.173009 0.015572 0.299198
0.172994 0.015369 0.299102
0.172912 0.015226 0.299058
0.172829 0.015083 0.299015
0.172746 0.014940 0.298971
0.172663 0.014797 0.298928
0.172580 0.014654 0.298884
0.172497 0.014511 0.298841
0.172414 0.014368 0.298797
0.172331 0.014225 0.298754
0.172248 0.014082 0.298710
0.172165 0.013939 0.298667
0.172082 0.013796 0.298624
0.171999 0.013653 0.298580
0.171982 0.013448 0.298483
0.171899 0.013305 0.298440
0.171816 0.013162 0.298396
0.171733 0.013018 0.298353
0.171650 0.012875 0.298309
0.171567 0.012732 0.298265
0.171484 0.012589 0.298222
0.171401 0.012446 0.298178
0.171383 0.012238 0.298081
0.171300 0.012095 0.298037
0.171217 0.011952 0.297994
0.171134 0.011808 0.297950
0.171115 0.011600 0.297852
0.171032 0.011456 0.297808
0.171013 0.011247 0.297710
0.170930 0.011103 0.297667
0.170911 0.010893 0.297568
0.170827 0.010749 0.297524
0.170808 0.010539 0.297426
0.170788 0.010328 0.297327
0.170768 0.010117 0.297228
0.170748 0.009905 0.297130
0.170727 0.009693 0.297030
0.170707 0.009481 0.296931
0.170749 0.009200 0.296777
0.170791 0.008919 0.296622
0.170833 0.008637 0.296467
0.170874 0.008354 0.296312
0.170914 0.008070 0.296156
0.170891 0.007854 0.296056
0.170868 0.007637 0.295956
0.170907 0.007351 0.295799
0.170884 0.007134 0.295699
0.170798 0.006985 0.295653
0.170774 0.006767 0.295553
0.170687 0.006618 0.295507
0.170601 0.006469 0.295462
0.170576 0.006250 0.295361
0.170552 0.006031 0.295260
0.170527 0.005811 0.295158
0.170501 0.005590 0.295057
0.170476 0.005370 0.294955
0.170389 0.005220 0.294909
0.170363 0.004998 0.294807
0.170337 0.004776 0.294705
0.170310 0.004554 0.294603
0.170284 0.004331 0.294501
0.170318 0.004036 0.294342
0.170351 0.003739 0.294182
0.170383 0.003442 0.294023
0.170476 0.003071 0.293806
0.170507 0.002771 0.293646
0.170598 0.002398 0.293428
0.170688 0.002023 0.293211
0.170718 0.001720 0.293050
0.170748 0.001417 0.292888
0.170717 0.001188 0.292784
0.170745 0.000883 0.292622
0.170773 0.000578 0.292460
0.170742 0.000346 0.292355
0.170769 0.000039 0.292193
0.193089 0.023873 0.296326
0.193067 0.023659 0.296226
0.193046 0.023445 0.296126
0.193024 0.023231 0.296026
0.193002 0.023016 0.295926
0.184510 0.024802 0.299712
0.184420 0.024646 0.299664
0.184330 0.024490 0.299617
0.184161 0.024377 0.299617
0.184071 0.024221 0.299570
0.183981 0.024066 0.299523
0.183736 0.023997 0.299571
0.183569 0.023885 0.299572
0.183247 0.023861 0.299670
0.183081 0.023750 0.299671
0.182837 0.023684 0.299721
0.182748 0.023530 0.299674
0.182429 0.023510 0.299772
0.182187 0.023446 0.299823
0.181869 0.023428 0.299922
0.181705 0.023321 0.299924
0.181465 0.023260 0.299975
0.181225 0.023200 0.300027
0.181061 0.023095 0.300030
0.180898 0.022990 0.300033
0.180735 0.022886 0.300036
0.180572 0.022782 0.300039
0.180410 0.022678 0.300042
0.180248 0.022575 0.300046
0.180086 0.022473 0.300050
0.179924 0.022370 0.300054
0.179837 0.022221 0.300008
0.179601 0.022167 0.300062
0.179440 0.022066 0.300066
0.179280 0.021966 0.300070
0.179119 0.021866 0.300075
0.178959 0.021766 0.300079
0.178799 0.021667 0.300084
0.178639 0.021568 0.300089
0.178406 0.021519 0.300144
0.178247 0.021421 0.300149
0.178088 0.021324 0.300154
0.178003 0.021177 0.300109
0.177844 0.021081 0.300115
0.177686 0.020985 0.300121
0.177528 0.020889 0.300126
0.177443 0.020743 0.300082
0.177285 0.020648 0.300088
0.177201 0.020502 0.300044
0.177044 0.020407 0.300050
0.176887 0.020313 0.300056
0.176730 0.020220 0.300062
0.176646 0.020075 0.300018
0.176489 0.019982 0.300025
0.176333 0.019889 0.300032
0.176177 0.019797 0.300039
0.176021 0.019705 0.300046
0.175938 0.019561 0.300002
0.175783 0.019470 0.300009
0.175627 0.019379 0.300016
0.175544 0.019235 0.299973
0.175389 0.019145 0.299980
0.175235 0.019056 0.299988
0.175152 0.018912 0.299944
0.175069 0.018769 0.299901
0.174985 0.018625 0.299857
0.174902 0.018482 0.299813
0.174819 0.018339 0.299770
0.174736 0.018195 0.299726
0.174582 0.018107 0.299734
0.174499 0.017964 0.299691
0.174416 0.017821 0.299647
0.174333 0.017678 0.299604
0.174250 0.017534 0.299560
0.174167 0.017391 0.299517
0.174014 0.017305 0.299525
0.173931 0.017162 0.299482
0.173848 0.017019 0.299439
0.173765 0.016876 0.299395
0.173613 0.016791 0.299404
0.173531 0.016648 0.299361
0.173448 0.016505 0.299317
0.173365 0.016362 0.299274
0.173282 0.016220 0.299230
0.173199 0.016077 0.299187
0.173116 0.015934 0.299144
0.173034 0.015791 0.299100
0.172951 0.015648 0.299057
0.172868 0.015506 0.299014
0.172785 0.015363 0.298970
0.172702 0.015220 0.298927
0.172620 0.015077 0.298883
0.172537 0.014935 0.298840
0.172454 0.014792 0.298797
0.172371 0.014649 0.298753
0.172355 0.014445 0.298656
0.172272 0.014302 0.298613
0.172189 0.014159 0.298570
0.172106 0.014016 0.298526
0.172023 0.013873 0.298483
0.171940 0.013730 0.298439
0.171857 0.013587 0.298396
0.171841 0.013382 0.298298
0.171758 0.013239 0.298255
0.171674 0.013095 0.298211
0.171591 0.012952 0.298168
0.171508 0.012809 0.298124
0.171425 0.012666 0.298081
0.171342 0.012523 0.298037
0.171259 0.012379 0.297994
0.171241 0.012172 0.297896
0.171158 0.012029 0.297852
0.171075 0.011885 0.297809
0.170992 0.011742 0.297765
0.170973 0.011533 0.297667
0.170890 0.011390 0.297623
0.170871 0.011180 0.297525
0.170852 0.010971 0.297426
0.170768 0.010827 0.297382
0.170748 0.010617 0.297284
0.170729 0.010406 0.297185
0.170709 0.010195 0.297086
0.170688 0.009983 0.296987
0.170668 0.009771 0.296887
0.170647 0.009559 0.296788
0.170689 0.009279 0.296633
0.170731 0.008998 0.296478
0.170772 0.008716 0.296322
0.170750 0.008501 0.296222
0.170728 0.008286 0.296122
0.170768 0.008002 0.295966
0.170745 0.007785 0.295866
0.170722 0.007569 0.295765
0.170698 0.007352 0.295664
0.170674 0.007134 0.295563
0.170588 0.006986 0.295518
0.170564 0.006768 0.295417
0.170478 0.006619 0.295372
0.170454 0.006401 0.295270
0.170367 0.006252 0.295225
0.170342 0.006032 0.295124
0.170317 0.005812 0.295022
0.170292 0.005592 0.294920
0.170266 0.005372 0.294818
0.170301 0.005079 0.294659
0.170275 0.004857 0.294557
0.170249 0.004635 0.294455
0.170222 0.004412 0.294352
0.170256 0.004117 0.294193
0.170349 0.003748 0.293976
0.170381 0.003451 0.293816
0.170413 0.003153 0.293656
0.170504 0.002780 0.293438
0.170595 0.002407 0.293220
0.170685 0.002032 0.293001
0.170714 0.001730 0.292840
0.170684 0.001501 0.292735
0.170713 0.001197 0.292573
0.170682 0.000967 0.292468
0.170709 0.000662 0.292306
0.170737 0.000355 0.292143
0.170705 0.000124 0.292038
0.193017 0.023967 0.296154
0.192995 0.023753 0.296054
0.192974 0.023540 0.295954
0.192952 0.023325 0.295853
0.192930 0.023111 0.295753
0.184447 0.024886 0.299558
0.184356 0.024730 0.299511
0.184266 0.024574 0.299463
0.184098 0.024461 0.299464
0.184007 0.024305 0.299417
0.183840 0.024192 0.299417
0.183672 0.024080 0.299418
0.183428 0.024011 0.299468
0.183184 0.023944 0.299517
0.183017 0.023833 0.299519
0.182698 0.023810 0.299617
0.182609 0.023657 0.299571
0.182366 0.023592 0.299621
0.182125 0.023528 0.299672
0.181807 0.023510 0.299772
0.181567 0.023448 0.299823
0.181327 0.023387 0.299875
0.181163 0.023281 0.299878
0.180924 0.023221 0.299930
0.180761 0.023117 0.299933
0.180598 0.023012 0.299937
0.180435 0.022909 0.299940
0.180273 0.022805 0.299944
0.180111 0.022702 0.299948
0.179949 0.022600 0.299952
0.179863 0.022451 0.299906
0.179701 0.022349 0.299911
0.179540 0.022247 0.299915
0.179379 0.022146 0.299919
0.179219 0.022046 0.299924
0.179058 0.021945 0.299929
0.178824 0.021894 0.299983
0.178664 0.021795 0.299988
0.178505 0.021696 0.299993
0.178345 0.021598 0.299999
0.178186 0.021500 0.300004
0.178028 0.021403 0.300009
0.177942 0.021256 0.299965
0.177784 0.021159 0.299971
0.177626 0.021063 0.299976
0.177468 0.020967 0.299982
0.177383 0.020821 0.299938
0.177226 0.020726 0.299944
0.177068 0.020631 0.299951
0.176984 0.020486 0.299906
0.176827 0.020391 0.299913
0.176670 0.020298 0.299919
0.176514 0.020204 0.299926
0.176358 0.020111 0.299933
0.176202 0.020019 0.299940
0.176046 0.019927 0.299947
0.175891 0.019835 0.299954
0.175807 0.019691 0.299911
0.175652 0.019600 0.299918
0.175497 0.019510 0.299926
0.175414 0.019366 0.299882
0.175330 0.019222 0.299838
0.175176 0.019133 0.299846
0.175093 0.018989 0.299803
0.175010 0.018846 0.299759
0.174927 0.018702 0.299716
0.174773 0.018614 0.299724
0.174690 0.018471 0.299680
0.174607 0.018327 0.299637
0.174524 0.018184 0.299593
0.174440 0.018041 0.299550
0.174357 0.017898 0.299506
0.174274 0.017755 0.299463
0.174191 0.017611 0.299419
0.174108 0.017468 0.299376
0.173956 0.017382 0.299384
0.173873 0.017239 0.299341
0.173790 0.017096 0.299298
0.173638 0.017010 0.299307
0.173555 0.016867 0.299263
0.173472 0.016725 0.299220
0.173389 0.016582 0.299176
0.173306 0.016439 0.299133
0.173155 0.016355 0.299143
0.173073 0.016212 0.299099
0.172990 0.016070 0.299056
0.172907 0.015927 0.299013
0.172824 0.015784 0.298969
0.172809 0.015582 0.298873
0.172727 0.015440 0.298829
0.172644 0.015297 0.298786
0.172561 0.015154 0.298743
0.172478 0.015011 0.298699
0.172395 0.014869 0.298656
0.172312 0.014726 0.298612
0.172230 0.014583 0.298569
0.172147 0.014440 0.298526
0.172131 0.014236 0.298429
0.172048 0.014093 0.298385
0.171965 0.013950 0.298342
0.171882 0.013807 0.298298
0.171799 0.013664 0.298255
0.171716 0.013521 0.298211
0.171699 0.013316 0.298114
0.171616 0.013172 0.298070
0.171533 0.013029 0.298027
0.171450 0.012886 0.297983
0.171367 0.012743 0.297940
0.171283 0.012600 0.297896
0.171200 0.012456 0.297853
0.171117 0.012313 0.297809
0.171034 0.012170 0.297766
0.170951 0.012027 0.297722
0.170933 0.011819 0.297624
0.170914 0.011610 0.297525
0.170831 0.011467 0.297482
0.170812 0.011258 0.297383
0.170793 0.011048 0.297284
0.170709 0.010904 0.297240
0.170689 0.010694 0.297141
0.170669 0.010484 0.297042
0.170649 0.010273 0.296943
0.170629 0.010061 0.296844
0.170608 0.009849 0.296744
0.170588 0.009637 0.296645
0.170630 0.009357 0.296489
0.170608 0.009144 0.296389
0.170649 0.008862 0.296234
0.170627 0.008648 0.296133
0.170668 0.008365 0.295977
0.170645 0.008149 0.295877
0.170622 0.007933 0.295776
0.170599 0.007717 0.295675
0.170575 0.007500 0.295574
0.170489 0.007353 0.295529
0.170404 0.007205 0.295484
0.170380 0.006987 0.295383
0.170294 0.006839 0.295338
0.170269 0.006621 0.295236
0.170245 0.006402 0.295135
0.170220 0.006183 0.295033
0.170195 0.005963 0.294931
0.170170 0.005744 0.294829
0.170144 0.005523 0.294727
0.170179 0.005231 0.294568
0.170153 0.005010 0.294466
0.170187 0.004716 0.294306
0.170160 0.004493 0.294204
0.170194 0.004198 0.294044
0.170287 0.003830 0.293827
0.170319 0.003532 0.293666
0.170411 0.003162 0.293448
0.170442 0.002863 0.293287
0.170532 0.002489 0.293068
0.170622 0.002115 0.292849
0.170651 0.001813 0.292687
0.170680 0.001510 0.292525
0.170649 0.001280 0.292420
0.170559 0.001125 0.292373
0.170645 0.000745 0.292152
0.170614 0.000514 0.292047
0.170640 0.000208 0.291883
0.170725 -0.000175 0.291662
0.192945 0.024061 0.295981
0.192924 0.023847 0.295881
0.192902 0.023634 0.295781
0.192800 0.023459 0.295728
0.192778 0.023244 0.295627
0.184292 0.024814 0.299357
0.184124 0.024700 0.299358
0.184034 0.024544 0.299311
0.183944 0.024389 0.299263
0.183776 0.024276 0.299264
0.183609 0.024163 0.299266
0.183364 0.024094 0.299315
0.183198 0.023983 0.299317
0.182954 0.023916 0.299367
0.182635 0.023893 0.299466
0.182546 0.023739 0.299420
0.182304 0.023674 0.299471
0.182062 0.023610 0.299522
0.181745 0.023592 0.299622
0.181504 0.023529 0.299674
0.181189 0.023513 0.299775
0.180949 0.023452 0.299827
0.180786 0.023348 0.299831
0.180623 0.023243 0.299834
0.180385 0.023185 0.299887
0.180223 0.023081 0.299891
0.180137 0.022932 0.299846
0.179975 0.022829 0.299850
0.179813 0.022727 0.299854
0.179727 0.022578 0.299809
0.179566 0.022476 0.299813
0.179405 0.022375 0.299818
0.179244 0.022274 0.299823
0.179084 0.022173 0.299828
0.178923 0.022073 0.299832
0.178763 0.021973 0.299838
0.178604 0.021874 0.299843
0.178444 0.021775 0.299848
0.178285 0.021677 0.299854
0.178126 0.021579 0.299859
0.177967 0.021482 0.299865
0.177882 0.021335 0.299820
0.177724 0.021238 0.299826
0.177566 0.021142 0.299832
0.177408 0.021046 0.299839
0.177323 0.020900 0.299794
0.177166 0.020804 0.299801
0.177009 0.020709 0.299807
0.176852 0.020615 0.299814
0.176695 0.020521 0.299820
0.176539 0.020427 0.299827
0.176382 0.020334 0.299834
0.176226 0.020241 0.299842
0.176071 0.020149 0.299849
0.175915 0.020057 0.299856
0.175760 0.019965 0.299864
0.175676 0.019821 0.299820
0.175522 0.019730 0.299828
0.175438 0.019587 0.299784
0.175284 0.019497 0.299792
0.175201 0.019353 0.299748
0.175117 0.019210 0.299705
0.175034 0.019066 0.299661
0.174880 0.018977 0.299670
0.174797 0.018834 0.299626
0.174714 0.018691 0.299583
0.174631 0.018548 0.299539
0.174548 0.018404 0.299496
0.174465 0.018261 0.299452
0.174382 0.018118 0.299408
0.174299 0.017975 0.299365
0.174216 0.017832 0.299321
0.174133 0.017688 0.299278
0.173980 0.017602 0.299287
0.173897 0.017459 0.299243
0.173814 0.017316 0.299200
0.173662 0.017230 0.299209
0.173579 0.017087 0.299166
0.173496 0.016944 0.299122
0.173414 0.016801 0.299079
0.173262 0.016716 0.299089
0.173179 0.016574 0.299045
0.173097 0.016431 0.299002
0.173014 0.016289 0.298959
0.172931 0.016146 0.298915
0.172849 0.016004 0.298872
0.172766 0.015861 0.298829
0.172683 0.015718 0.298785
0.172601 0.015576 0.298742
0.172518 0.015433 0.298699
0.172435 0.015291 0.298655
0.172352 0.015148 0.298612
0.172337 0.014945 0.298515
0.172254 0.014803 0.298472
0.172171 0.014660 0.298428
0.172088 0.014517 0.298385
0.172005 0.014374 0.298342
0.171989 0.014170 0.298244
0.171906 0.014027 0.298201
0.171823 0.013884 0.298157
0.171740 0.013741 0.298114
0.171657 0.013598 0.298070
0.171574 0.013455 0.298027
0.171491 0.013312 0.297983
0.171408 0.013169 0.297940
0.171325 0.013026 0.297897
0.171242 0.012883 0.297853
0.171160 0.012740 0.297810
0.171142 0.012533 0.297711
0.171059 0.012390 0.297668
0.170976 0.012247 0.297624
0.170892 0.012104 0.297581
0.170874 0.011896 0.297482
0.170791 0.011753 0.297439
0.170772 0.011544 0.297340
0.170753 0.011335 0.297241
0.170733 0.011126 0.297142
0.170650 0.010982 0.297098
0.170630 0.010772 0.296999
0.170610 0.010561 0.296900
0.170590 0.010350 0.296801
0.170570 0.010139 0.296701
0.170549 0.009927 0.296601
0.170528 0.009715 0.296501
0.170507 0.009503 0.296402
0.170548 0.009222 0.296246
0.170526 0.009009 0.296145
0.170567 0.008727 0.295989
0.170545 0.008512 0.295888
0.170522 0.008297 0.295788
0.170499 0.008081 0.295687
0.170476 0.007865 0.295586
0.170390 0.007718 0.295541
0.170305 0.007570 0.295496
0.170281 0.007353 0.295395
0.170195 0.007206 0.295350
0.170110 0.007058 0.295305
0.170086 0.006840 0.295204
0.170061 0.006622 0.295102
0.170037 0.006404 0.295000
0.170012 0.006185 0.294898
0.170047 0.005895 0.294739
0.170022 0.005675 0.294637
0.170057 0.005383 0.294478
0.170091 0.005090 0.294318
0.170125 0.004797 0.294158
0.170099 0.004574 0.294055
0.170132 0.004279 0.293895
0.170224 0.003911 0.293677
0.170256 0.003614 0.293516
0.170348 0.003244 0.293297
0.170379 0.002945 0.293136
0.170469 0.002572 0.292916
0.170558 0.002198 0.292697
0.170587 0.001896 0.292534
0.170557 0.001667 0.292429
0.170526 0.001438 0.292324
0.170495 0.001209 0.292219
0.170581 0.000829 0.291998
0.170549 0.000599 0.291892
0.170576 0.000292 0.291729
0.170602 -0.000015 0.291565
0.192895 0.024367 0.295909
0.192874 0.024155 0.295809
0.192852 0.023942 0.295709
0.192830 0.023728 0.295608
0.192728 0.023553 0.295555
0.192706 0.023339 0.295454
0.192684 0.023124 0.295353
0.184319 0.025053 0.299251
0.184228 0.024897 0.299203
0.184060 0.024783 0.299204
0.183970 0.024628 0.299157
0.183880 0.024472 0.299110
0.183712 0.024359 0.299111
0.183545 0.024247 0.299113
0.183378 0.024135 0.299114
0.183134 0.024066 0.299165
0.182891 0.023999 0.299215
0.182648 0.023932 0.299266
0.182559 0.023778 0.299219
0.182317 0.023713 0.299271
0.182000 0.023692 0.299371
0.181683 0.023673 0.299472
0.181442 0.023611 0.299525
0.181127 0.023594 0.299626
0.180888 0.023533 0.299679
0.180725 0.023428 0.299683
0.180486 0.023369 0.299736
0.180324 0.023265 0.299740
0.180162 0.023162 0.299744
0.180000 0.023058 0.299748
0.179839 0.022956 0.299753
0.179677 0.022853 0.299757
0.179591 0.022705 0.299712
0.179430 0.022603 0.299717
0.179269 0.022502 0.299722
0.179109 0.022401 0.299727
0.179023 0.022253 0.299682
0.178863 0.022153 0.299687
0.178703 0.022053 0.299692
0.178543 0.021953 0.299697
0.178384 0.021855 0.299703
0.178225 0.021756 0.299709
0.178139 0.021609 0.299664
0.177907 0.021560 0.299720
0.177822 0.021414 0.299676
0.177664 0.021317 0.299682
0.177506 0.021220 0.299688
0.177421 0.021074 0.299644
0.177264 0.020978 0.299650
0.177179 0.020832 0.299606
0.176949 0.020788 0.299664
0.176792 0.020693 0.299670
0.176636 0.020599 0.299677
0.176479 0.020505 0.299684
0.176323 0.020412 0.299692
0.176095 0.020370 0.299750
0.175940 0.020278 0.299758
0.175784 0.020186 0.299766
0.175629 0.020095 0.299773
0.175546 0.019951 0.299730
0.175391 0.019860 0.299738
0.175308 0.019717 0.299694
0.175225 0.019574 0.299651
0.175142 0.019430 0.299607
0.174988 0.019340 0.299615
0.174905 0.019197 0.299572
0.174822 0.019054 0.299528
0.174738 0.018911 0.299485
0.174655 0.018768 0.299441
0.174572 0.018625 0.299398
0.174489 0.018481 0.299354
0.174406 0.018338 0.299311
0.174323 0.018195 0.299267
0.174240 0.018052 0.299224
0.174157 0.017909 0.299180
0.174004 0.017821 0.299189
0.173921 0.017678 0.299146
0.173838 0.017535 0.299102
0.173686 0.017449 0.299112
0.173604 0.017306 0.299068
0.173521 0.017164 0.299025
0.173369 0.017078 0.299035
0.173286 0.016936 0.298991
0.173204 0.016793 0.298948
0.173121 0.016650 0.298905
0.173038 0.016508 0.298861
0.172956 0.016365 0.298818
0.172873 0.016223 0.298775
0.172790 0.016080 0.298732
0.172707 0.015938 0.298688
0.172625 0.015795 0.298645
0.172542 0.015653 0.298602
0.172459 0.015510 0.298558
0.172377 0.015367 0.298515
0.172294 0.015225 0.298472
0.172211 0.015082 0.298428
0.172195 0.014879 0.298331
0.172113 0.014737 0.298288
0.172030 0.014594 0.298244
0.171947 0.014451 0.298201
0.171930 0.014247 0.298103
0.171848 0.014104 0.298060
0.171765 0.013961 0.298016
0.171682 0.013818 0.297973
0.171599 0.013675 0.297929
0.171516 0.013532 0.297886
0.171433 0.013389 0.297842
0.171350 0.013246 0.297799
0.171267 0.013103 0.297756
0.171184 0.012960 0.297712
0.171101 0.012817 0.297669
0.171018 0.012674 0.297625
0.171000 0.012467 0.297527
0.170917 0.012324 0.297483
0.170834 0.012181 0.297440
0.170815 0.011973 0.297341
0.170732 0.011830 0.297297
0.170713 0.011621 0.297198
0.170694 0.011412 0.297099
0.170674 0.011203 0.297000
0.170591 0.011059 0.296956
0.170571 0.010849 0.296857
0.170551 0.010639 0.296758
0.170531 0.010428 0.296658
0.170510 0.010217 0.296558
0.170489 0.010005 0.296458
0.170468 0.009793 0.296358
0.170447 0.009581 0.296258
0.170426 0.009368 0.296158
0.170404 0.009155 0.296057
0.170382 0.008941 0.295957
0.170359 0.008727 0.295856
0.170337 0.008512 0.295755
0.170314 0.008297 0.295654
0.170291 0.008082 0.295553
0.170206 0.007935 0.295509
0.170121 0.007788 0.295464
0.170097 0.007571 0.295363
0.170012 0.007424 0.295318
0.169926 0.007277 0.295273
0.169902 0.007060 0.295171
0.169878 0.006842 0.295070
0.169853 0.006624 0.294968
0.169890 0.006335 0.294809
0.169865 0.006116 0.294707
0.169900 0.005826 0.294547
0.169996 0.005463 0.294330
0.170030 0.005171 0.294170
0.170064 0.004878 0.294010
0.170097 0.004583 0.293849
0.170070 0.004361 0.293746
0.170162 0.003993 0.293527
0.170194 0.003696 0.293366
0.170225 0.003399 0.293204
0.170316 0.003027 0.292985
0.170346 0.002728 0.292823
0.170376 0.002428 0.292660
0.170405 0.002126 0.292497
0.170434 0.001824 0.292334
0.170403 0.001596 0.292229
0.170372 0.001366 0.292124
0.170400 0.001062 0.291960
0.170427 0.000757 0.291796
0.170395 0.000526 0.291691
0.170479 0.000145 0.291468
0.192903 0.024423 0.295690
0.192882 0.024211 0.295589
0.192860 0.023997 0.295489
0.192758 0.023822 0.295435
0.192736 0.023608 0.295335
0.192713 0.023394 0.295234
0.192612 0.023218 0.295180
0.184255 0.025137 0.299097
0.184165 0.024981 0.299050
0.183997 0.024867 0.299051
0.183906 0.024712 0.299004
0.183816 0.024556 0.298957
0.183649 0.024443 0.298958
0.183481 0.024330 0.298960
0.183315 0.024218 0.298961
0.183071 0.024149 0.299012
0.182828 0.024081 0.299063
0.182585 0.024014 0.299115
0.182343 0.023948 0.299166
0.182255 0.023795 0.299120
0.182013 0.023730 0.299172
0.181696 0.023710 0.299273
0.181380 0.023692 0.299375
0.181065 0.023675 0.299478
0.180826 0.023614 0.299531
0.180587 0.023554 0.299584
0.180350 0.023495 0.299638
0.180187 0.023391 0.299642
0.180026 0.023288 0.299647
0.179864 0.023185 0.299651
0.179703 0.023082 0.299656
0.179616 0.022933 0.299611
0.179455 0.022831 0.299615
0.179294 0.022730 0.299620
0.179208 0.022581 0.299575
0.179048 0.022480 0.299581
0.178888 0.022380 0.299586
0.178728 0.022280 0.299591
0.178642 0.022132 0.299546
0.178483 0.022033 0.299552
0.178324 0.021934 0.299558
0.178165 0.021835 0.299564
0.178079 0.021688 0.299519
0.177921 0.021590 0.299525
0.177762 0.021493 0.299531
0.177677 0.021346 0.299487
0.177519 0.021249 0.299493
0.177361 0.021153 0.299500
0.177204 0.021057 0.299506
0.177119 0.020911 0.299462
0.176962 0.020815 0.299469
0.176733 0.020771 0.299527
0.176576 0.020677 0.299534
0.176420 0.020583 0.299542
0.176192 0.020541 0.299601
0.176036 0.020448 0.299608
0.175881 0.020356 0.299616
0.175725 0.020264 0.299624
0.175570 0.020172 0.299632
0.175416 0.020081 0.299640
0.175333 0.019938 0.299596
0.175249 0.019794 0.299553
0.175095 0.019704 0.299561
0.175012 0.019561 0.299518
0.174929 0.019417 0.299474
0.174846 0.019274 0.299431
0.174763 0.019131 0.299387
0.174680 0.018988 0.299344
0.174597 0.018845 0.299300
0.174514 0.018701 0.299257
0.174431 0.018558 0.299213
0.174347 0.018415 0.299170
0.174264 0.018272 0.299126
0.174112 0.018184 0.299135
0.174029 0.018041 0.299092
0.173946 0.017898 0.299048
0.173863 0.017755 0.299005
0.173711 0.017669 0.299015
0.173628 0.017526 0.298971
0.173545 0.017383 0.298928
0.173393 0.017297 0.298937
0.173311 0.017155 0.298894
0.173228 0.017012 0.298851
0.173145 0.016870 0.298808
0.173063 0.016727 0.298764
0.172912 0.016643 0.298774
0.172829 0.016500 0.298731
0.172747 0.016358 0.298688
0.172664 0.016216 0.298645
0.172581 0.016073 0.298601
0.172499 0.015931 0.298558
0.172416 0.015789 0.298515
0.172401 0.015587 0.298418
0.172318 0.015444 0.298374
0.172236 0.015302 0.298331
0.172153 0.015159 0.298288
0.172070 0.015016 0.298244
0.172054 0.014813 0.298147
0.171971 0.014670 0.298103
0.171888 0.014528 0.298060
0.171872 0.014324 0.297962
0.171789 0.014181 0.297919
0.171706 0.014038 0.297875
0.171623 0.013895 0.297832
0.171540 0.013752 0.297788
0.171457 0.013609 0.297745
0.171374 0.013466 0.297701
0.171291 0.013323 0.297658
0.171208 0.013180 0.297615
0.171125 0.013037 0.297571
0.171042 0.012894 0.297528
0.170959 0.012751 0.297484
0.170876 0.012608 0.297441
0.170858 0.012401 0.297342
0.170775 0.012258 0.297299
0.170692 0.012115 0.297255
0.170673 0.011907 0.297156
0.170654 0.011698 0.297057
0.170635 0.011490 0.296958
0.170615 0.011281 0.296858
0.170532 0.011136 0.296814
0.170512 0.010927 0.296715
0.170492 0.010717 0.296615
0.170471 0.010506 0.296515
0.170451 0.010295 0.296415
0.170430 0.010083 0.296315
0.170346 0.009938 0.296271
0.170324 0.009726 0.296171
0.170303 0.009514 0.296070
0.170281 0.009301 0.295970
0.170259 0.009087 0.295869
0.170237 0.008873 0.295768
0.170152 0.008727 0.295724
0.170130 0.008513 0.295623
0.170107 0.008298 0.295522
0.170022 0.008151 0.295477
0.169998 0.007936 0.295376
0.169913 0.007789 0.295331
0.169828 0.007642 0.295286
0.169743 0.007495 0.295242
0.169719 0.007279 0.295140
0.169695 0.007062 0.295038
0.169732 0.006774 0.294879
0.169768 0.006485 0.294720
0.169804 0.006196 0.294560
0.169839 0.005906 0.294400
0.169874 0.005615 0.294240
0.169968 0.005251 0.294022
0.170002 0.004958 0.293862
0.170035 0.004665 0.293701
0.170008 0.004442 0.293597
0.170100 0.004074 0.293378
0.170132 0.003778 0.293216
0.170163 0.003481 0.293054
0.170194 0.003182 0.292892
0.170224 0.002883 0.292729
0.170253 0.002584 0.292566
0.170283 0.002283 0.292403
0.170311 0.001981 0.292240
0.170222 0.001827 0.292193
0.170191 0.001598 0.292087
0.170277 0.001220 0.291865
0.170304 0.000916 0.291701
0.170330 0.000610 0.291536
0.170356 0.000304 0.291372
0.192912 0.024480 0.295470
0.192890 0.024267 0.295369
0.192868 0.024053 0.295268
0.192766 0.023878 0.295215
0.192664 0.023703 0.295162
0.192641 0.023488 0.295060
0.192619 0.023274 0.294959
0.192675 0.023020 0.294810
0.184101 0.025065 0.298896
0.183933 0.024951 0.298898
0.183843 0.024795 0.298850
0.183752 0.024640 0.298803
0.183585 0.024526 0.298805
0.183418 0.024414 0.298807
0.183251 0.024301 0.298809
0.183084 0.024189 0.298811
0.182841 0.024121 0.298862
0.182599 0.024053 0.298914
0.182281 0.024031 0.299015
0.182192 0.023877 0.298969
0.181951 0.023812 0.299021
0.181634 0.023792 0.299123
0.181318 0.023774 0.299226
0.181003 0.023756 0.299329
0.180764 0.023695 0.299382
0.180526 0.023635 0.299436
0.180288 0.023576 0.299490
0.180051 0.023517 0.299545
0.179889 0.023414 0.299550
0.179728 0.023311 0.299554
0.179642 0.023162 0.299509
0.179481 0.023060 0.299514
0.179320 0.022958 0.299519
0.179234 0.022809 0.299474
0.179073 0.022708 0.299480
0.178987 0.022560 0.299435
0.178827 0.022459 0.299440
0.178667 0.022359 0.299446
0.178582 0.022212 0.299401
0.178422 0.022112 0.299407
0.178263 0.022013 0.299413
0.178178 0.021866 0.299368
0.178019 0.021767 0.299374
0.177860 0.021669 0.299380
0.177775 0.021522 0.299336
0.177617 0.021425 0.299342
0.177532 0.021278 0.299298
0.177374 0.021181 0.299304
0.177217 0.021085 0.299311
0.177059 0.020989 0.299318
0.176902 0.020894 0.299325
0.176745 0.020798 0.299332
0.176517 0.020755 0.299391
0.176360 0.020661 0.299399
0.176132 0.020618 0.299458
0.175905 0.020577 0.299518
0.175750 0.020485 0.299526
0.175595 0.020393 0.299534
0.175440 0.020301 0.299542
0.175286 0.020210 0.299551
0.175203 0.020067 0.299507
0.175120 0.019924 0.299464
0.175036 0.019781 0.299420
0.174953 0.019638 0.299377
0.174870 0.019494 0.299333
0.174717 0.019405 0.299342
0.174634 0.019262 0.299299
0.174551 0.019119 0.299255
0.174468 0.018976 0.299212
0.174385 0.018833 0.299168
0.174302 0.018690 0.299125
0.174219 0.018547 0.299081
0.174136 0.018404 0.299038
0.174053 0.018261 0.298994
0.173970 0.018118 0.298951
0.173818 0.018031 0.298961
0.173735 0.017888 0.298917
0.173652 0.017745 0.298874
0.173569 0.017603 0.298830
0.173418 0.017516 0.298840
0.173335 0.017374 0.298797
0.173252 0.017231 0.298754
0.173170 0.017089 0.298710
0.173087 0.016946 0.298667
0.172936 0.016861 0.298677
0.172853 0.016719 0.298634
0.172771 0.016577 0.298591
0.172688 0.016434 0.298548
0.172606 0.016292 0.298504
0.172523 0.016150 0.298461
0.172440 0.016007 0.298418
0.172358 0.015865 0.298375
0.172275 0.015723 0.298331
0.172260 0.015521 0.298234
0.172177 0.015378 0.298191
0.172094 0.015236 0.298147
0.172012 0.015093 0.298104
0.171996 0.014890 0.298006
0.171913 0.014747 0.297963
0.171830 0.014604 0.297919
0.171813 0.014401 0.297821
0.171730 0.014258 0.297778
0.171647 0.014115 0.297734
0.171564 0.013972 0.297691
0.171481 0.013829 0.297647
0.171398 0.013686 0.297604
0.171315 0.013543 0.297561
0.171233 0.013400 0.297517
0.171150 0.013257 0.297474
0.171067 0.013114 0.297430
0.170984 0.012971 0.297387
0.170901 0.012828 0.297343
0.170818 0.012685 0.297300
0.170799 0.012478 0.297201
0.170716 0.012335 0.297157
0.170633 0.012192 0.297114
0.170614 0.011984 0.297015
0.170595 0.011776 0.296915
0.170576 0.011567 0.296816
0.170556 0.011358 0.296716
0.170473 0.011214 0.296672
0.170453 0.011004 0.296573
0.170433 0.010794 0.296473
0.170412 0.010584 0.296373
0.170391 0.010373 0.296272
0.170307 0.010228 0.296228
0.170286 0.010016 0.296128
0.170265 0.009804 0.296027
0.170181 0.009659 0.295983
0.170159 0.009446 0.295883
0.170137 0.009233 0.295782
0.170052 0.009087 0.295737
0.170030 0.008874 0.295636
0.170007 0.008660 0.295535
0.169923 0.008513 0.295491
0.169838 0.008367 0.295446
0.169815 0.008152 0.295345
0.169791 0.007937 0.295243
0.169706 0.007790 0.295199
0.169621 0.007644 0.295154
0.169597 0.007427 0.295052
0.169573 0.007211 0.294951
0.169610 0.006923 0.294791
0.169646 0.006635 0.294631
0.169682 0.006346 0.294471
0.169717 0.006057 0.294311
0.169812 0.005695 0.294093
0.169907 0.005332 0.293874
0.169940 0.005039 0.293713
0.169973 0.004746 0.293552
0.170006 0.004451 0.293390
0.170038 0.004156 0.293228
0.170010 0.003932 0.293124
0.170041 0.003635 0.292962
0.170071 0.003337 0.292799
0.170101 0.003039 0.292636
0.170131 0.002739 0.292473
0.170160 0.002439 0.292309
0.170130 0.002212 0.292204
0.170099 0.001984 0.292099
0.170068 0.001755 0.291993
0.170037 0.001526 0.291888
0.170123 0.001148 0.291664
0.170091 0.000918 0.291558
0.170292 0.000388 0.291217
0.192999 0.024499 0.295202
0.192897 0.024323 0.295149
0.192796 0.024148 0.295095
0.192773 0.023934 0.294994
0.192671 0.023758 0.294941
0.192569 0.023583 0.294887
0.192626 0.023330 0.294738
0.192602 0.023114 0.294636
0.183779 0.024879 0.298697
0.183689 0.024723 0.298650
0.183521 0.024610 0.298652
0.183354 0.024497 0.298654
0.183187 0.024384 0.298656
0.183021 0.024272 0.298658
0.182778 0.024204 0.298710
0.182536 0.024136 0.298762
0.182218 0.024113 0.298864
0.182129 0.023960 0.298817
0.181888 0.023894 0.298870
0.181572 0.023874 0.298973
0.181256 0.023855 0.299076
0.180941 0.023837 0.299180
0.180854 0.023686 0.299134
0.180389 0.023761 0.299338
0.180152 0.023701 0.299393
0.179990 0.023597 0.299398
0.179753 0.023539 0.299453
0.179667 0.023391 0.299408
0.179506 0.023288 0.299413
0.179420 0.023139 0.299368
0.179259 0.023037 0.299373
0.179098 0.022936 0.299379
0.179013 0.022788 0.299334
0.178852 0.022687 0.299339
0.178767 0.022539 0.299294
0.178607 0.022439 0.299300
0.178521 0.022291 0.299255
0.178362 0.022191 0.299261
0.178276 0.022044 0.299216
0.178117 0.021945 0.299223
0.177959 0.021846 0.299229
0.177873 0.021699 0.299184
0.177715 0.021601 0.299191
0.177630 0.021454 0.299146
0.177472 0.021357 0.299153
0.177314 0.021260 0.299160
0.177229 0.021114 0.299115
0.177072 0.021017 0.299123
0.176915 0.020922 0.299130
0.176686 0.020877 0.299189
0.176457 0.020833 0.299248
0.176229 0.020790 0.299308
0.176001 0.020747 0.299368
0.175846 0.020654 0.299376
0.175619 0.020614 0.299436
0.175465 0.020522 0.299444
0.175381 0.020378 0.299401
0.175227 0.020287 0.299409
0.175144 0.020144 0.299366
0.175061 0.020001 0.299322
0.174978 0.019858 0.299279
0.174824 0.019768 0.299288
0.174741 0.019625 0.299244
0.174658 0.019482 0.299201
0.174575 0.019339 0.299158
0.174492 0.019196 0.299114
0.174409 0.019053 0.299071
0.174326 0.018910 0.299027
0.174243 0.018767 0.298984
0.174160 0.018624 0.298940
0.174077 0.018481 0.298897
0.173925 0.018393 0.298907
0.173842 0.018250 0.298863
0.173759 0.018108 0.298820
0.173676 0.017965 0.298776
0.173594 0.017822 0.298733
0.173442 0.017736 0.298743
0.173359 0.017593 0.298700
0.173277 0.017451 0.298656
0.173194 0.017308 0.298613
0.173043 0.017223 0.298624
0.172960 0.017080 0.298580
0.172878 0.016938 0.298537
0.172795 0.016796 0.298494
0.172712 0.016653 0.298450
0.172630 0.016511 0.298407
0.172547 0.016369 0.298364
0.172465 0.016226 0.298321
0.172382 0.016084 0.298277
0.172300 0.015942 0.298234
0.172217 0.015799 0.298191
0.172201 0.015597 0.298093
0.172119 0.015455 0.298050
0.172036 0.015312 0.298007
0.171953 0.015170 0.297963
0.171870 0.015027 0.297920
0.171854 0.014824 0.297822
0.171771 0.014681 0.297779
0.171688 0.014538 0.297735
0.171672 0.014334 0.297637
0.171589 0.014191 0.297593
0.171506 0.014048 0.297550
0.171423 0.013905 0.297506
0.171340 0.013762 0.297463
0.171257 0.013620 0.297420
0.171174 0.013477 0.297376
0.171091 0.013334 0.297333
0.171008 0.013191 0.297289
0.170925 0.013048 0.297246
0.170842 0.012905 0.297202
0.170759 0.012762 0.297159
0.170676 0.012619 0.297115
0.170658 0.012412 0.297016
0.170575 0.012268 0.296973
0.170556 0.012061 0.296873
0.170536 0.011853 0.296774
0.170517 0.011644 0.296674
0.170497 0.011435 0.296574
0.170414 0.011291 0.296530
0.170394 0.011082 0.296430
0.170310 0.010938 0.296387
0.170289 0.010727 0.296286
0.170269 0.010517 0.296186
0.170248 0.010306 0.296085
0.170164 0.010161 0.296041
0.170143 0.009949 0.295941
0.170058 0.009804 0.295897
0.170037 0.009592 0.295796
0.170015 0.009379 0.295695
0.169930 0.009233 0.295651
0.169908 0.009020 0.295549
0.169823 0.008874 0.295505
0.169801 0.008660 0.295404
0.169716 0.008514 0.295359
0.169693 0.008300 0.295258
0.169608 0.008153 0.295213
0.169585 0.007938 0.295112
0.169500 0.007792 0.295067
0.169476 0.007576 0.294965
0.169452 0.007359 0.294863
0.169489 0.007073 0.294703
0.169525 0.006785 0.294543
0.169561 0.006496 0.294383
0.169656 0.006136 0.294164
0.169751 0.005775 0.293946
0.169845 0.005413 0.293726
0.169879 0.005120 0.293565
0.169912 0.004827 0.293403
0.169944 0.004532 0.293241
0.169976 0.004237 0.293079
0.169947 0.004014 0.292974
0.169919 0.003789 0.292870
0.169949 0.003492 0.292707
0.169979 0.003194 0.292543
0.169950 0.002968 0.292438
0.169979 0.002668 0.292275
0.169949 0.002441 0.292169
0.169918 0.002214 0.292064
0.169888 0.001986 0.291958
0.169857 0.001758 0.291853
0.169825 0.001529 0.291747
0.169852 0.001225 0.291582
0.193109 0.024731 0.295034
0.193007 0.024555 0.294981
0.192905 0.024380 0.294928
0.192803 0.024204 0.294874
0.192781 0.023990 0.294773
0.192679 0.023815 0.294719
0.192577 0.023639 0.294666
0.192553 0.023424 0.294564
0.192530 0.023209 0.294462
0.183715 0.024962 0.298544
0.183548 0.024849 0.298546
0.183458 0.024693 0.298499
0.183291 0.024580 0.298501
0.183124 0.024468 0.298503
0.182958 0.024356 0.298506
0.182715 0.024287 0.298558
0.182473 0.024219 0.298610
0.182231 0.024152 0.298663
0.182142 0.023998 0.298617
0.181901 0.023933 0.298670
0.181509 0.023956 0.298823
0.181194 0.023936 0.298927
0.180879 0.023918 0.299031
0.180792 0.023767 0.298985
0.180328 0.023841 0.299191
0.180090 0.023781 0.299246
0.179854 0.023723 0.299301
0.179692 0.023619 0.299306
0.179531 0.023516 0.299312
0.179445 0.023368 0.299266
0.179284 0.023265 0.299272
0.179124 0.023164 0.299277
0.179038 0.023015 0.299232
0.178878 0.022914 0.299238
0.178792 0.022766 0.299193
0.178632 0.022666 0.299199
0.178546 0.022518 0.299154
0.178461 0.022370 0.299110
0.178301 0.022270 0.299116
0.178216 0.022123 0.299071
0.178057 0.022024 0.299078
0.177972 0.021877 0.299033
0.177813 0.021778 0.299039
0.177728 0.021631 0.298995
0.177570 0.021533 0.299002
0.177484 0.021386 0.298957
0.177327 0.021289 0.298964
0.177169 0.021192 0.298971
0.177084 0.021046 0.298927
0.176855 0.021000 0.298986
0.176698 0.020904 0.298993
0.176398 0.020911 0.299105
0.176170 0.020867 0.299165
0.175942 0.020825 0.299225
0.175859 0.020681 0.299181
0.175560 0.020691 0.299294
0.175406 0.020599 0.299303
0.175251 0.020508 0.299312
0.175168 0.020364 0.299268
0.175085 0.020221 0.299225
0.174931 0.020131 0.299234
0.174848 0.019988 0.299190
0.174765 0.019845 0.299147
0.174682 0.019702 0.299103
0.174599 0.019559 0.299060
0.174516 0.019416 0.299017
0.174363 0.019326 0.299026
0.174281 0.019184 0.298983
0.174198 0.019041 0.298939
0.174115 0.018898 0.298896
0.174032 0.018755 0.298853
0.173949 0.018613 0.298809
0.173866 0.018470 0.298766
0.173784 0.018327 0.298722
0.173701 0.018184 0.298679
0.173549 0.018097 0.298689
0.173466 0.017955 0.298646
0.173383 0.017812 0.298603
0.173301 0.017670 0.298559
0.173218 0.017527 0.298516
0.173135 0.017385 0.298473
0.172984 0.017299 0.298483
0.172902 0.017157 0.298440
0.172819 0.017014 0.298397
0.172737 0.016872 0.298353
0.172654 0.016730 0.298310
0.172571 0.016587 0.298267
0.172489 0.016445 0.298224
0.172406 0.016303 0.298180
0.172324 0.016160 0.298137
0.172241 0.016018 0.298094
0.172159 0.015876 0.298051
0.172076 0.015733 0.298007
0.172060 0.015531 0.297909
0.171977 0.015389 0.297866
0.171895 0.015246 0.297823
0.171812 0.015104 0.297779
0.171729 0.014961 0.297736
0.171713 0.014758 0.297638
0.171630 0.014615 0.297594
0.171547 0.014472 0.297551
0.171464 0.014330 0.297508
0.171447 0.014125 0.297409
0.171364 0.013982 0.297365
0.171281 0.013839 0.297322
0.171198 0.013696 0.297279
0.171115 0.013553 0.297235
0.171032 0.013410 0.297192
0.170949 0.013267 0.297148
0.170866 0.013124 0.297105
0.170783 0.012981 0.297061
0.170701 0.012838 0.297018
0.170618 0.012695 0.296974
0.170599 0.012489 0.296875
0.170516 0.012345 0.296831
0.170497 0.012138 0.296732
0.170477 0.011930 0.296632
0.170458 0.011722 0.296532
0.170438 0.011513 0.296432
0.170355 0.011369 0.296388
0.170334 0.011159 0.296288
0.170251 0.011015 0.296244
0.170230 0.010805 0.296144
0.170209 0.010594 0.296043
0.170126 0.010450 0.295999
0.170104 0.010239 0.295899
0.170020 0.010094 0.295855
0.169999 0.009882 0.295754
0.169915 0.009737 0.295710
0.169893 0.009524 0.295608
0.169808 0.009379 0.295564
0.169786 0.009166 0.295463
0.169702 0.009021 0.295419
0.169679 0.008807 0.295317
0.169595 0.008661 0.295273
0.169572 0.008447 0.295171
0.169487 0.008301 0.295127
0.169463 0.008086 0.295025
0.169379 0.007940 0.294980
0.169355 0.007724 0.294878
0.169331 0.007508 0.294776
0.169368 0.007222 0.294616
0.169404 0.006934 0.294455
0.169500 0.006576 0.294237
0.169595 0.006216 0.294018
0.169690 0.005855 0.293798
0.169784 0.005493 0.293579
0.169817 0.005201 0.293417
0.169910 0.004836 0.293196
0.169882 0.004614 0.293092
0.169854 0.004391 0.292987
0.169885 0.004095 0.292824
0.169797 0.003943 0.292778
0.169827 0.003646 0.292615
0.169798 0.003421 0.292510
0.169828 0.003123 0.292346
0.169798 0.002897 0.292241
0.169768 0.002671 0.292135
0.169738 0.002444 0.292030
0.169707 0.002216 0.291924
0.169676 0.001988 0.291818
0.169645 0.001760 0.291712
0.169614 0.001532 0.291606
0.193196 0.024751 0.294765
0.193094 0.024575 0.294712
0.192913 0.024437 0.294706
0.192810 0.024261 0.294653
0.192708 0.024085 0.294599
0.192685 0.023871 0.294498
0.192583 0.023695 0.294444
0.192481 0.023519 0.294391
0.192458 0.023304 0.294288
0.183651 0.025046 0.298390
0.183484 0.024932 0.298393
0.183394 0.024777 0.298345
0.183227 0.024664 0.298348
0.183060 0.024551 0.298350
0.182894 0.024439 0.298353
0.182652 0.024370 0.298406
0.182410 0.024302 0.298459
0.182168 0.024234 0.298512
0.182079 0.024081 0.298465
0.181838 0.024015 0.298519
0.181447 0.024038 0.298673
0.181132 0.024018 0.298778
0.180817 0.023999 0.298883
0.180730 0.023849 0.298837
0.180266 0.023922 0.299043
0.180029 0.023862 0.299098
0.179792 0.023803 0.299154
0.179631 0.023699 0.299160
0.179470 0.023596 0.299165
0.179309 0.023493 0.299171
0.179223 0.023345 0.299126
0.179063 0.023243 0.299131
0.178977 0.023095 0.299086
0.178817 0.022994 0.299093
0.178731 0.022846 0.299048
0.178572 0.022745 0.299054
0.178486 0.022597 0.299009
0.178400 0.022450 0.298964
0.178241 0.022350 0.298970
0.178155 0.022202 0.298926
0.178070 0.022055 0.298881
0.177911 0.021956 0.298888
0.177826 0.021809 0.298843
0.177667 0.021710 0.298850
0.177582 0.021563 0.298805
0.177424 0.021465 0.298812
0.177267 0.021368 0.298819
0.177181 0.021221 0.298775
0.177024 0.021125 0.298782
0.176795 0.021078 0.298842
0.176638 0.020983 0.298850
0.176338 0.020989 0.298962
0.176110 0.020945 0.299022
0.175883 0.020902 0.299083
0.175656 0.020860 0.299144
0.175502 0.020768 0.299153
0.175347 0.020676 0.299162
0.175193 0.020584 0.299171
0.175039 0.020493 0.299180
0.174956 0.020350 0.299136
0.174873 0.020207 0.299093
0.174790 0.020064 0.299049
0.174707 0.019921 0.299006
0.174624 0.019778 0.298963
0.174471 0.019689 0.298972
0.174388 0.019546 0.298929
0.174305 0.019403 0.298885
0.174222 0.019260 0.298842
0.174139 0.019118 0.298799
0.174056 0.018975 0.298755
0.173974 0.018832 0.298712
0.173891 0.018689 0.298668
0.173739 0.018602 0.298679
0.173656 0.018459 0.298635
0.173573 0.018317 0.298592
0.173490 0.018174 0.298549
0.173408 0.018031 0.298505
0.173325 0.017889 0.298462
0.173174 0.017803 0.298473
0.173091 0.017660 0.298429
0.173009 0.017518 0.298386
0.172926 0.017376 0.298343
0.172843 0.017233 0.298300
0.172761 0.017091 0.298256
0.172678 0.016949 0.298213
0.172596 0.016806 0.298170
0.172513 0.016664 0.298127
0.172431 0.016522 0.298083
0.172348 0.016379 0.298040
0.172265 0.016237 0.297997
0.172183 0.016095 0.297954
0.172100 0.015952 0.297910
0.172018 0.015810 0.297867
0.172002 0.015608 0.297769
0.171919 0.015465 0.297726
0.171836 0.015323 0.297682
0.171754 0.015180 0.297639
0.171671 0.015038 0.297596
0.171654 0.014835 0.297497
0.171571 0.014692 0.297454
0.171489 0.014549 0.297410
0.171406 0.014406 0.297367
0.171388 0.014202 0.297268
0.171306 0.014059 0.297225
0.171223 0.013916 0.297181
0.171140 0.013773 0.297138
0.171057 0.013630 0.297094
0.170974 0.013487 0.297051
0.170891 0.013344 0.297007
0.170808 0.013201 0.296964
0.170725 0.013058 0.296920
0.170642 0.012915 0.296877
0.170623 0.012709 0.296777
0.170540 0.012566 0.296734
0.170521 0.012358 0.296634
0.170438 0.012215 0.296590
0.170419 0.012007 0.296490
0.170399 0.011799 0.296390
0.170316 0.011655 0.296347
0.170232 0.011511 0.296303
0.170212 0.011302 0.296203
0.170192 0.011093 0.296102
0.170108 0.010948 0.296058
0.170087 0.010738 0.295958
0.170066 0.010528 0.295857
0.169982 0.010383 0.295813
0.169898 0.010238 0.295769
0.169877 0.010027 0.295668
0.169793 0.009882 0.295624
0.169771 0.009670 0.295522
0.169687 0.009525 0.295478
0.169665 0.009312 0.295377
0.169580 0.009167 0.295333
0.169558 0.008953 0.295231
0.169535 0.008739 0.295129
0.169450 0.008594 0.295085
0.169427 0.008379 0.294983
0.169342 0.008233 0.294939
0.169319 0.008018 0.294836
0.169234 0.007872 0.294792
0.169271 0.007587 0.294632
0.169307 0.007301 0.294471
0.169343 0.007014 0.294310
0.169439 0.006656 0.294091
0.169534 0.006296 0.293871
0.169629 0.005936 0.293651
0.169722 0.005574 0.293431
0.169815 0.005211 0.293210
0.169848 0.004918 0.293047
0.169820 0.004695 0.292943
0.169792 0.004472 0.292838
0.169763 0.004249 0.292733
0.169735 0.004025 0.292628
0.169706 0.003801 0.292523
0.169676 0.003576 0.292418
0.169647 0.003351 0.292313
0.169617 0.003125 0.292208
0.169588 0.002899 0.292102
0.169557 0.002673 0.291997
0.169469 0.002520 0.291950
0.169438 0.002293 0.291844
0.169407 0.002065 0.291738
0.169551 0.001615 0.291454
0.193283 0.024772 0.294495
0.193101 0.024633 0.294490
0.192999 0.024456 0.294436
0.192818 0.024318 0.294431
0.192715 0.024142 0.294377
0.192613 0.023966 0.294324
0.192511 0.023790 0.294270
0.192409 0.023613 0.294217
0.192385 0.023399 0.294115
0.192362 0.023184 0.294012
0.183587 0.025130 0.298237
0.183420 0.025016 0.298239
0.183253 0.024902 0.298242
0.183087 0.024789 0.298245
0.182997 0.024634 0.298198
0.182831 0.024522 0.298201
0.182588 0.024453 0.298254
0.182347 0.024384 0.298307
0.182029 0.024360 0.298411
0.181940 0.024207 0.298364
0.181700 0.024141 0.298418
0.181384 0.024119 0.298523
0.181070 0.024099 0.298628
0.180756 0.024081 0.298734
0.180442 0.024063 0.298840
0.180205 0.024002 0.298895
0.179968 0.023942 0.298951
0.179731 0.023883 0.299007
0.179570 0.023779 0.299013
0.179409 0.023676 0.299019
0.179249 0.023573 0.299024
0.179088 0.023471 0.299030
0.179002 0.023323 0.298985
0.178842 0.023221 0.298992
0.178756 0.023073 0.298947
0.178597 0.022972 0.298953
0.178511 0.022824 0.298908
0.178425 0.022677 0.298863
0.178340 0.022529 0.298818
0.178181 0.022429 0.298825
0.178095 0.022282 0.298780
0.178009 0.022134 0.298735
0.177924 0.021987 0.298691
0.177765 0.021888 0.298698
0.177680 0.021740 0.298653
0.177522 0.021642 0.298660
0.177364 0.021544 0.298667
0.177279 0.021397 0.298623
0.177121 0.021300 0.298630
0.176964 0.021203 0.298638
0.176807 0.021107 0.298646
0.176579 0.021061 0.298706
0.176279 0.021067 0.298819
0.176194 0.020922 0.298775
0.175597 0.020938 0.299002
0.175371 0.020897 0.299064
0.175217 0.020805 0.299073
0.175134 0.020661 0.299029
0.174980 0.020570 0.299039
0.174897 0.020427 0.298995
0.174814 0.020284 0.298952
0.174731 0.020141 0.298908
0.174648 0.019998 0.298865
0.174495 0.019908 0.298875
0.174412 0.019765 0.298831
0.174329 0.019623 0.298788
0.174246 0.019480 0.298745
0.174164 0.019337 0.298701
0.174011 0.019248 0.298711
0.173928 0.019106 0.298668
0.173846 0.018963 0.298625
0.173763 0.018821 0.298581
0.173680 0.018678 0.298538
0.173597 0.018536 0.298495
0.173515 0.018393 0.298451
0.173363 0.018306 0.298462
0.173281 0.018164 0.298419
0.173198 0.018021 0.298376
0.173115 0.017879 0.298332
0.173033 0.017737 0.298289
0.172950 0.017594 0.298246
0.172868 0.017452 0.298203
0.172785 0.017310 0.298159
0.172703 0.017167 0.298116
0.172620 0.017025 0.298073
0.172537 0.016883 0.298029
0.172455 0.016740 0.297986
0.172372 0.016598 0.297943
0.172290 0.016456 0.297900
0.172207 0.016313 0.297856
0.172124 0.016171 0.297813
0.172042 0.016029 0.297770
0.171959 0.015886 0.297727
0.171877 0.015744 0.297683
0.171861 0.015542 0.297585
0.171778 0.015400 0.297542
0.171695 0.015257 0.297498
0.171612 0.015114 0.297455
0.171596 0.014911 0.297356
0.171513 0.014769 0.297313
0.171430 0.014626 0.297269
0.171347 0.014483 0.297226
0.171264 0.014340 0.297183
0.171247 0.014136 0.297084
0.171164 0.013993 0.297040
0.171081 0.013850 0.296997
0.170998 0.013707 0.296953
0.170915 0.013564 0.296910
0.170832 0.013421 0.296866
0.170749 0.013278 0.296823
0.170666 0.013135 0.296779
0.170648 0.012929 0.296680
0.170565 0.012786 0.296636
0.170481 0.012643 0.296593
0.170462 0.012435 0.296493
0.170379 0.012292 0.296449
0.170360 0.012084 0.296349
0.170340 0.011876 0.296249
0.170257 0.011732 0.296205
0.170173 0.011589 0.296161
0.170153 0.011380 0.296061
0.170069 0.011236 0.296017
0.170049 0.011026 0.295916
0.169965 0.010882 0.295872
0.169881 0.010737 0.295828
0.169860 0.010527 0.295727
0.169839 0.010316 0.295626
0.169755 0.010171 0.295582
0.169733 0.009960 0.295481
0.169649 0.009815 0.295437
0.169627 0.009603 0.295335
0.169543 0.009458 0.295291
0.169521 0.009245 0.295189
0.169436 0.009099 0.295145
0.169414 0.008886 0.295043
0.169329 0.008740 0.294999
0.169306 0.008526 0.294897
0.169282 0.008312 0.294795
0.169198 0.008166 0.294750
0.169174 0.007951 0.294648
0.169150 0.007735 0.294545
0.169186 0.007449 0.294384
0.169283 0.007093 0.294165
0.169378 0.006735 0.293945
0.169473 0.006376 0.293724
0.169567 0.006016 0.293504
0.169661 0.005655 0.293283
0.169754 0.005292 0.293061
0.169786 0.004999 0.292898
0.169758 0.004776 0.292793
0.169729 0.004554 0.292689
0.169701 0.004330 0.292584
0.169672 0.004107 0.292479
0.169584 0.003955 0.292432
0.169555 0.003730 0.292327
0.169526 0.003505 0.292222
0.169496 0.003280 0.292116
0.169407 0.003128 0.292070
0.169377 0.002902 0.291964
0.169347 0.002676 0.291858
0.169258 0.002523 0.291812
0.169228 0.002296 0.291706
0.193290 0.024830 0.294272
0.193108 0.024690 0.294267
0.192927 0.024551 0.294262
0.192825 0.024375 0.294209
0.192643 0.024236 0.294204
0.192541 0.024060 0.294150
0.192439 0.023884 0.294097
0.192415 0.023670 0.293994
0.192313 0.023493 0.293941
0.192289 0.023278 0.293838
0.183447 0.025255 0.298133
0.183280 0.025141 0.298136
0.183190 0.024986 0.298089
0.183023 0.024872 0.298092
0.182857 0.024760 0.298095
0.182691 0.024647 0.298098
0.182449 0.024578 0.298152
0.182207 0.024510 0.298206
0.181966 0.024442 0.298260
0.181878 0.024289 0.298213
0.181637 0.024223 0.298268
0.181247 0.024245 0.298424
0.180932 0.024225 0.298530
0.180694 0.024162 0.298585
0.180381 0.024144 0.298692
0.180143 0.024083 0.298748
0.179907 0.024022 0.298804
0.179670 0.023963 0.298861
0.179509 0.023859 0.298866
0.179348 0.023756 0.298872
0.179188 0.023653 0.298878
0.179027 0.023550 0.298884
0.178942 0.023402 0.298839
0.178782 0.023300 0.298846
0.178696 0.023153 0.298801
0.178536 0.023051 0.298807
0.178450 0.022904 0.298763
0.178365 0.022756 0.298718
0.178279 0.022608 0.298673
0.178120 0.022508 0.298680
0.178034 0.022361 0.298635
0.177949 0.022213 0.298590
0.177863 0.022066 0.298545
0.177705 0.021967 0.298552
0.177620 0.021820 0.298508
0.177462 0.021721 0.298515
0.177304 0.021623 0.298523
0.177146 0.021526 0.298530
0.177061 0.021379 0.298486
0.176832 0.021332 0.298546
0.176675 0.021235 0.298554
0.176375 0.021240 0.298667
0.176147 0.021195 0.298728
0.176063 0.021050 0.298684
0.175538 0.021015 0.298860
0.175313 0.020974 0.298922
0.175158 0.020882 0.298932
0.175075 0.020738 0.298888
0.174921 0.020647 0.298898
0.174838 0.020504 0.298854
0.174755 0.020361 0.298811
0.174672 0.020218 0.298768
0.174519 0.020128 0.298777
0.174436 0.019985 0.298734
0.174353 0.019842 0.298691
0.174271 0.019699 0.298647
0.174118 0.019610 0.298657
0.174035 0.019468 0.298614
0.173953 0.019325 0.298571
0.173870 0.019183 0.298527
0.173787 0.019040 0.298484
0.173704 0.018897 0.298441
0.173553 0.018810 0.298451
0.173470 0.018667 0.298408
0.173387 0.018525 0.298365
0.173305 0.018383 0.298322
0.173222 0.018240 0.298278
0.173140 0.018098 0.298235
0.173057 0.017956 0.298192
0.172974 0.017813 0.298149
0.172892 0.017671 0.298105
0.172809 0.017529 0.298062
0.172727 0.017386 0.298019
0.172644 0.017244 0.297976
0.172562 0.017102 0.297932
0.172479 0.016959 0.297889
0.172396 0.016817 0.297846
0.172314 0.016675 0.297803
0.172231 0.016532 0.297759
0.172149 0.016390 0.297716
0.172066 0.016248 0.297673
0.171983 0.016105 0.297630
0.171901 0.015963 0.297586
0.171818 0.015821 0.297543
0.171802 0.015619 0.297444
0.171719 0.015476 0.297401
0.171637 0.015334 0.297358
0.171554 0.015191 0.297314
0.171537 0.014988 0.297216
0.171454 0.014845 0.297172
0.171372 0.014703 0.297129
0.171289 0.014560 0.297085
0.171206 0.014417 0.297042
0.171188 0.014213 0.296943
0.171105 0.014070 0.296899
0.171022 0.013927 0.296856
0.170939 0.013784 0.296812
0.170856 0.013641 0.296769
0.170774 0.013498 0.296725
0.170691 0.013355 0.296682
0.170608 0.013212 0.296638
0.170589 0.013006 0.296539
0.170506 0.012863 0.296495
0.170423 0.012720 0.296451
0.170404 0.012513 0.296351
0.170384 0.012305 0.296251
0.170301 0.012162 0.296207
0.170218 0.012018 0.296164
0.170198 0.011810 0.296063
0.170114 0.011666 0.296019
0.170031 0.011522 0.295976
0.170010 0.011313 0.295875
0.169927 0.011169 0.295831
0.169906 0.010959 0.295730
0.169822 0.010815 0.295686
0.169739 0.010671 0.295642
0.169717 0.010460 0.295541
0.169696 0.010249 0.295440
0.169612 0.010104 0.295396
0.169590 0.009893 0.295294
0.169506 0.009748 0.295250
0.169484 0.009536 0.295148
0.169399 0.009390 0.295104
0.169377 0.009177 0.295002
0.169292 0.009032 0.294958
0.169269 0.008819 0.294856
0.169246 0.008605 0.294753
0.169162 0.008459 0.294709
0.169138 0.008244 0.294606
0.169114 0.008029 0.294504
0.169090 0.007814 0.294401
0.169126 0.007528 0.294239
0.169222 0.007172 0.294019
0.169318 0.006815 0.293799
0.169412 0.006456 0.293578
0.169506 0.006096 0.293357
0.169599 0.005735 0.293135
0.169692 0.005373 0.292913
0.169724 0.005080 0.292749
0.169696 0.004858 0.292644
0.169667 0.004635 0.292539
0.169639 0.004412 0.292434
0.169551 0.004260 0.292388
0.169522 0.004036 0.292283
0.169434 0.003884 0.292236
0.169404 0.003660 0.292131
0.169375 0.003435 0.292025
0.169345 0.003210 0.291919
0.169256 0.003057 0.291873
0.169168 0.002905 0.291827
0.169079 0.002752 0.291780
0.169049 0.002526 0.291674
0.193297 0.024888 0.294049
0.193115 0.024748 0.294044
0.192934 0.024609 0.294040
0.192752 0.024470 0.294035
0.192650 0.024293 0.293981
0.192469 0.024155 0.293977
0.192367 0.023979 0.293923
0.192343 0.023764 0.293821
0.192319 0.023550 0.293718
0.192217 0.023373 0.293664
0.183473 0.025493 0.298027
0.183306 0.025379 0.298030
0.183216 0.025224 0.297983
0.183050 0.025111 0.297986
0.182960 0.024956 0.297939
0.182794 0.024843 0.297942
0.182628 0.024730 0.297946
0.182386 0.024661 0.298000
0.182144 0.024592 0.298054
0.181828 0.024568 0.298159
0.181739 0.024415 0.298113
0.181499 0.024348 0.298168
0.181184 0.024327 0.298274
0.180870 0.024306 0.298380
0.180632 0.024243 0.298436
0.180319 0.024224 0.298543
0.180082 0.024163 0.298600
0.179845 0.024103 0.298657
0.179609 0.024043 0.298714
0.179374 0.023984 0.298771
0.179287 0.023836 0.298726
0.179127 0.023733 0.298732
0.178967 0.023630 0.298738
0.178807 0.023528 0.298745
0.178721 0.023380 0.298700
0.178561 0.023278 0.298707
0.178476 0.023131 0.298662
0.178390 0.022983 0.298617
0.178304 0.022835 0.298572
0.178219 0.022688 0.298527
0.178060 0.022587 0.298534
0.177974 0.022440 0.298490
0.177888 0.022293 0.298445
0.177803 0.022145 0.298400
0.177717 0.021998 0.298355
0.177559 0.021899 0.298363
0.177401 0.021800 0.298370
0.177244 0.021702 0.298378
0.177086 0.021604 0.298386
0.176857 0.021556 0.298446
0.176700 0.021460 0.298455
0.176544 0.021364 0.298463
0.176244 0.021368 0.298577
0.176016 0.021323 0.298638
0.175789 0.021279 0.298700
0.175706 0.021135 0.298656
0.175408 0.021143 0.298772
0.175254 0.021051 0.298781
0.175100 0.020959 0.298791
0.175017 0.020815 0.298747
0.174863 0.020724 0.298757
0.174780 0.020581 0.298713
0.174697 0.020438 0.298670
0.174614 0.020295 0.298627
0.174461 0.020204 0.298637
0.174378 0.020062 0.298593
0.174295 0.019919 0.298550
0.174212 0.019776 0.298506
0.174059 0.019687 0.298517
0.173977 0.019544 0.298474
0.173894 0.019402 0.298430
0.173811 0.019259 0.298387
0.173729 0.019117 0.298344
0.173577 0.019029 0.298354
0.173494 0.018886 0.298311
0.173412 0.018744 0.298268
0.173329 0.018601 0.298225
0.173246 0.018459 0.298181
0.173164 0.018317 0.298138
0.173081 0.018174 0.298095
0.172999 0.018032 0.298052
0.172916 0.017890 0.298008
0.172834 0.017747 0.297965
0.172751 0.017605 0.297922
0.172668 0.017463 0.297879
0.172586 0.017320 0.297835
0.172503 0.017178 0.297792
0.172421 0.017036 0.297749
0.172338 0.016893 0.297706
0.172255 0.016751 0.297662
0.172173 0.016609 0.297619
0.172090 0.016466 0.297576
0.172008 0.016324 0.297533
0.171925 0.016182 0.297489
0.171843 0.016039 0.297446
0.171760 0.015897 0.297403
0.171744 0.015695 0.297304
0.171661 0.015553 0.297261
0.171578 0.015410 0.297217
0.171496 0.015268 0.297174
0.171413 0.015125 0.297131
0.171396 0.014922 0.297031
0.171313 0.014779 0.296988
0.171230 0.014637 0.296945
0.171147 0.014494 0.296901
0.171130 0.014290 0.296802
0.171047 0.014147 0.296758
0.170964 0.014004 0.296715
0.170881 0.013861 0.296671
0.170798 0.013718 0.296628
0.170715 0.013575 0.296584
0.170696 0.013369 0.296484
0.170613 0.013226 0.296441
0.170530 0.013083 0.296397
0.170447 0.012940 0.296354
0.170428 0.012733 0.296253
0.170345 0.012590 0.296210
0.170262 0.012446 0.296166
0.170242 0.012239 0.296066
0.170159 0.012095 0.296022
0.170075 0.011951 0.295978
0.170055 0.011743 0.295878
0.169972 0.011599 0.295834
0.169888 0.011455 0.295790
0.169868 0.011246 0.295689
0.169784 0.011102 0.295645
0.169763 0.010892 0.295544
0.169679 0.010748 0.295500
0.169596 0.010604 0.295456
0.169574 0.010393 0.295355
0.169552 0.010182 0.295253
0.169469 0.010037 0.295209
0.169446 0.009826 0.295107
0.169362 0.009681 0.295063
0.169340 0.009468 0.294961
0.169256 0.009323 0.294917
0.169233 0.009110 0.294814
0.169210 0.008897 0.294712
0.169125 0.008751 0.294668
0.169102 0.008537 0.294565
0.169078 0.008323 0.294462
0.168993 0.008177 0.294418
0.169030 0.007892 0.294257
0.169066 0.007607 0.294095
0.169101 0.007321 0.293933
0.169197 0.006964 0.293712
0.169291 0.006606 0.293490
0.169385 0.006247 0.293268
0.169538 0.005816 0.292987
0.169630 0.005454 0.292764
0.169662 0.005161 0.292600
0.169634 0.004939 0.292495
0.169605 0.004716 0.292390
0.169577 0.004493 0.292284
0.169489 0.004342 0.292238
0.169400 0.004190 0.292192
0.169371 0.003966 0.292087
0.169283 0.003814 0.292040
0.169254 0.003590 0.291935
0.169165 0.003437 0.291888
0.169135 0.003212 0.291782
0.169047 0.003060 0.291736
0.168959 0.002907 0.291690
0.168870 0.002755 0.291644
0.193304 0.024947 0.293826
0.193043 0.024843 0.293870
0.192861 0.024703 0.293866
0.192759 0.024527 0.293812
0.192578 0.024388 0.293808
0.192397 0.024249 0.293803
0.192295 0.024073 0.293750
0.192271 0.023859 0.293647
0.192247 0.023645 0.293544
0.183409 0.025577 0.297874
0.183243 0.025463 0.297877
0.183153 0.025308 0.297830
0.182986 0.025194 0.297834
0.182820 0.025081 0.297837
0.182654 0.024968 0.297841
0.182412 0.024898 0.297895
0.182247 0.024786 0.297899
0.181930 0.024760 0.298004
0.181689 0.024693 0.298059
0.181601 0.024540 0.298013
0.181361 0.024474 0.298068
0.181122 0.024408 0.298124
0.180733 0.024431 0.298282
0.180570 0.024324 0.298288
0.180257 0.024305 0.298395
0.180021 0.024244 0.298452
0.179784 0.024183 0.298509
0.179548 0.024123 0.298567
0.179313 0.024064 0.298624
0.179227 0.023915 0.298579
0.178992 0.023858 0.298637
0.178906 0.023710 0.298592
0.178746 0.023607 0.298599
0.178660 0.023459 0.298554
0.178501 0.023358 0.298561
0.178415 0.023210 0.298516
0.178329 0.023062 0.298471
0.178170 0.022962 0.298479
0.178085 0.022814 0.298434
0.177999 0.022667 0.298389
0.177914 0.022519 0.298344
0.177828 0.022372 0.298299
0.177742 0.022224 0.298255
0.177657 0.022077 0.298210
0.177499 0.021978 0.298217
0.177341 0.021879 0.298225
0.177111 0.021830 0.298286
0.176954 0.021732 0.298294
0.176725 0.021684 0.298355
0.176568 0.021588 0.298364
0.176340 0.021541 0.298425
0.176113 0.021496 0.298487
0.175885 0.021451 0.298549
0.175730 0.021357 0.298558
0.175504 0.021314 0.298621
0.175349 0.021220 0.298630
0.175195 0.021128 0.298640
0.175041 0.021036 0.298649
0.174958 0.020892 0.298606
0.174875 0.020749 0.298562
0.174721 0.020658 0.298572
0.174638 0.020515 0.298529
0.174555 0.020372 0.298486
0.174402 0.020281 0.298496
0.174319 0.020138 0.298452
0.174236 0.019996 0.298409
0.174154 0.019853 0.298366
0.174001 0.019763 0.298376
0.173918 0.019621 0.298333
0.173836 0.019478 0.298290
0.173753 0.019336 0.298246
0.173670 0.019193 0.298203
0.173518 0.019105 0.298214
0.173436 0.018963 0.298171
0.173353 0.018820 0.298128
0.173271 0.018678 0.298084
0.173188 0.018536 0.298041
0.173106 0.018393 0.297998
0.173023 0.018251 0.297955
0.172940 0.018109 0.297911
0.172858 0.017966 0.297868
0.172775 0.017824 0.297825
0.172693 0.017682 0.297781
0.172610 0.017539 0.297738
0.172527 0.017397 0.297695
0.172445 0.017255 0.297652
0.172362 0.017112 0.297608
0.172280 0.016970 0.297565
0.172197 0.016828 0.297522
0.172115 0.016685 0.297479
0.172032 0.016543 0.297435
0.171949 0.016401 0.297392
0.171867 0.016258 0.297349
0.171784 0.016116 0.297306
0.171702 0.015974 0.297262
0.171619 0.015831 0.297219
0.171536 0.015689 0.297176
0.171520 0.015487 0.297077
0.171437 0.015344 0.297033
0.171354 0.015202 0.296990
0.171272 0.015059 0.296947
0.171254 0.014856 0.296847
0.171172 0.014713 0.296804
0.171089 0.014571 0.296760
0.171071 0.014367 0.296661
0.170988 0.014224 0.296617
0.170905 0.014081 0.296574
0.170822 0.013938 0.296530
0.170739 0.013795 0.296487
0.170721 0.013589 0.296387
0.170638 0.013446 0.296343
0.170555 0.013303 0.296300
0.170472 0.013160 0.296256
0.170452 0.012954 0.296156
0.170369 0.012810 0.296112
0.170286 0.012667 0.296068
0.170203 0.012523 0.296025
0.170183 0.012316 0.295924
0.170100 0.012172 0.295880
0.170016 0.012029 0.295837
0.169933 0.011885 0.295793
0.169850 0.011741 0.295750
0.169829 0.011533 0.295648
0.169746 0.011389 0.295605
0.169725 0.011180 0.295503
0.169641 0.011036 0.295459
0.169558 0.010892 0.295416
0.169537 0.010681 0.295314
0.169515 0.010471 0.295212
0.169431 0.010326 0.295168
0.169409 0.010115 0.295066
0.169325 0.009971 0.295022
0.169303 0.009759 0.294920
0.169219 0.009614 0.294876
0.169196 0.009401 0.294774
0.169173 0.009188 0.294671
0.169089 0.009043 0.294627
0.169066 0.008829 0.294524
0.169042 0.008615 0.294421
0.168957 0.008470 0.294377
0.168934 0.008255 0.294274
0.168909 0.008040 0.294171
0.169006 0.007686 0.293950
0.169041 0.007400 0.293787
0.169136 0.007044 0.293566
0.169230 0.006686 0.293344
0.169324 0.006327 0.293121
0.169417 0.005967 0.292898
0.169509 0.005605 0.292675
0.169600 0.005242 0.292451
0.169572 0.005020 0.292346
0.169543 0.004798 0.292240
0.169455 0.004646 0.292194
0.169426 0.004423 0.292089
0.169338 0.004271 0.292043
0.169250 0.004120 0.291997
0.169221 0.003896 0.291891
0.169133 0.003744 0.291845
0.169045 0.003592 0.291798
0.168956 0.003440 0.291752
0.168868 0.003288 0.291706
0.168780 0.003136 0.291660
0.168692 0.002984 0.291614
0.168604 0.002832 0.291567
0.193493 0.025146 0.293607
0.193311 0.025005 0.293602
0.193050 0.024901 0.293647
0.192789 0.024798 0.293692
0.192687 0.024622 0.293638
0.192505 0.024483 0.293634
0.192403 0.024306 0.293580
0.192301 0.024130 0.293527
0.192199 0.023954 0.293473
0.192175 0.023739 0.293370
0.183436 0.025816 0.297768
0.183269 0.025701 0.297772
0.183102 0.025587 0.297775
0.183012 0.025432 0.297728
0.182846 0.025319 0.297731
0.182680 0.025206 0.297735
0.182514 0.025093 0.297739
0.182273 0.025023 0.297794
0.182032 0.024954 0.297849
0.181867 0.024843 0.297853
0.181551 0.024818 0.297960
0.181463 0.024665 0.297913
0.181223 0.024599 0.297969
0.180909 0.024577 0.298077
0.180671 0.024512 0.298133
0.180508 0.024405 0.298139
0.180271 0.024342 0.298196
0.179959 0.024324 0.298305
0.179723 0.024263 0.298362
0.179562 0.024158 0.298368
0.179326 0.024099 0.298426
0.179166 0.023995 0.298433
0.178931 0.023937 0.298491
0.178845 0.023789 0.298446
0.178685 0.023687 0.298453
0.178526 0.023585 0.298460
0.178440 0.023437 0.298416
0.178354 0.023290 0.298371
0.178269 0.023142 0.298326
0.178110 0.023041 0.298333
0.178024 0.022893 0.298288
0.177939 0.022746 0.298244
0.177853 0.022599 0.298199
0.177768 0.022451 0.298154
0.177609 0.022351 0.298162
0.177524 0.022204 0.298117
0.177366 0.022105 0.298125
0.177208 0.022007 0.298133
0.176979 0.021957 0.298194
0.176750 0.021909 0.298256
0.176521 0.021861 0.298317
0.176365 0.021765 0.298326
0.176137 0.021718 0.298388
0.175910 0.021673 0.298450
0.175826 0.021529 0.298406
0.175600 0.021485 0.298469
0.175374 0.021441 0.298532
0.175219 0.021348 0.298542
0.175065 0.021256 0.298552
0.174982 0.021112 0.298508
0.174899 0.020969 0.298465
0.174816 0.020826 0.298421
0.174662 0.020735 0.298431
0.174580 0.020592 0.298388
0.174497 0.020449 0.298345
0.174344 0.020358 0.298355
0.174261 0.020215 0.298312
0.174178 0.020072 0.298268
0.174095 0.019930 0.298225
0.173943 0.019840 0.298236
0.173860 0.019697 0.298192
0.173777 0.019555 0.298149
0.173694 0.019412 0.298106
0.173612 0.019270 0.298063
0.173529 0.019127 0.298019
0.173378 0.019039 0.298030
0.173295 0.018897 0.297987
0.173212 0.018755 0.297944
0.173130 0.018612 0.297901
0.173047 0.018470 0.297857
0.172965 0.018327 0.297814
0.172882 0.018185 0.297771
0.172799 0.018043 0.297728
0.172717 0.017900 0.297684
0.172634 0.017758 0.297641
0.172552 0.017616 0.297598
0.172469 0.017473 0.297555
0.172386 0.017331 0.297511
0.172304 0.017189 0.297468
0.172154 0.017104 0.297480
0.172072 0.016962 0.297437
0.171989 0.016820 0.297394
0.171907 0.016677 0.297351
0.171824 0.016535 0.297308
0.171742 0.016393 0.297264
0.171726 0.016192 0.297165
0.171643 0.016050 0.297122
0.171561 0.015908 0.297079
0.171478 0.015765 0.297036
0.171395 0.015623 0.296992
0.171313 0.015481 0.296949
0.171296 0.015278 0.296850
0.171213 0.015136 0.296806
0.171131 0.014993 0.296763
0.171113 0.014790 0.296663
0.171030 0.014647 0.296620
0.170947 0.014504 0.296576
0.170929 0.014300 0.296476
0.170847 0.014157 0.296433
0.170764 0.014014 0.296389
0.170681 0.013871 0.296346
0.170662 0.013666 0.296246
0.170579 0.013523 0.296202
0.170496 0.013380 0.296158
0.170477 0.013174 0.296058
0.170394 0.013031 0.296014
0.170310 0.012887 0.295971
0.170227 0.012744 0.295927
0.170144 0.012600 0.295884
0.170061 0.012457 0.295840
0.170041 0.012250 0.295739
0.169958 0.012106 0.295695
0.169874 0.011962 0.295652
0.169791 0.011819 0.295608
0.169708 0.011675 0.295564
0.169687 0.011466 0.295463
0.169603 0.011322 0.295419
0.169582 0.011113 0.295317
0.169499 0.010969 0.295274
0.169477 0.010759 0.295172
0.169394 0.010615 0.295128
0.169372 0.010404 0.295026
0.169350 0.010193 0.294924
0.169266 0.010048 0.294880
0.169244 0.009837 0.294777
0.169159 0.009692 0.294733
0.169137 0.009479 0.294631
0.169114 0.009266 0.294528
0.169029 0.009121 0.294484
0.169006 0.008908 0.294381
0.168982 0.008694 0.294278
0.168898 0.008548 0.294233
0.168874 0.008334 0.294130
0.168849 0.008119 0.294027
0.168885 0.007834 0.293864
0.168981 0.007479 0.293642
0.169015 0.007193 0.293479
0.169109 0.006836 0.293256
0.169203 0.006477 0.293033
0.169295 0.006118 0.292810
0.169387 0.005757 0.292586
0.169479 0.005394 0.292362
0.169450 0.005173 0.292256
0.169422 0.004950 0.292151
0.169393 0.004728 0.292045
0.169305 0.004576 0.291999
0.169217 0.004425 0.291953
0.169188 0.004201 0.291847
0.169100 0.004050 0.291801
0.169012 0.003898 0.291755
0.168924 0.003746 0.291709
0.168836 0.003594 0.291663
0.168748 0.003443 0.291616
0.168660 0.003291 0.291570
0.168572 0.003139 0.291524
0.168484 0.002987 0.291478
0.193500 0.025205 0.293383
0.193317 0.025064 0.293378
0.193056 0.024960 0.293423
0.192796 0.024856 0.293468
0.192614 0.024717 0.293464
0.192433 0.024577 0.293460
0.192331 0.024401 0.293406
0.192229 0.024225 0.293353
0.192126 0.024049 0.293299
0.183372 0.025899 0.297615
0.183205 0.025785 0.297619
0.182962 0.025711 0.297673
0.182873 0.025557 0.297626
0.182706 0.025443 0.297630
0.182541 0.025330 0.297634
0.182299 0.025259 0.297689
0.182134 0.025147 0.297693
0.181893 0.025078 0.297749
0.181804 0.024925 0.297702
0.181413 0.024942 0.297861
0.181325 0.024790 0.297814
0.181161 0.024680 0.297819
0.180847 0.024658 0.297927
0.180684 0.024550 0.297933
0.180446 0.024486 0.297990
0.180209 0.024423 0.298047
0.179972 0.024361 0.298105
0.179736 0.024299 0.298163
0.179501 0.024239 0.298221
0.179265 0.024179 0.298280
0.179105 0.024075 0.298286
0.178945 0.023972 0.298293
0.178785 0.023869 0.298300
0.178625 0.023766 0.298308
0.178465 0.023664 0.298315
0.178380 0.023517 0.298270
0.178294 0.023369 0.298225
0.178208 0.023221 0.298180
0.178123 0.023074 0.298135
0.177964 0.022973 0.298143
0.177878 0.022825 0.298098
0.177793 0.022678 0.298053
0.177707 0.022530 0.298009
0.177549 0.022431 0.298017
0.177464 0.022283 0.297972
0.177306 0.022184 0.297980
0.177076 0.022134 0.298041
0.176847 0.022084 0.298103
0.176618 0.022036 0.298165
0.176462 0.021939 0.298174
0.176162 0.021941 0.298289
0.176006 0.021846 0.298298
0.175851 0.021751 0.298308
0.175624 0.021706 0.298371
0.175469 0.021612 0.298381
0.175315 0.021518 0.298390
0.175161 0.021425 0.298400
0.175007 0.021333 0.298411
0.174923 0.021189 0.298367
0.174840 0.021046 0.298324
0.174757 0.020903 0.298280
0.174604 0.020811 0.298291
0.174521 0.020668 0.298247
0.174438 0.020525 0.298204
0.174355 0.020382 0.298160
0.174202 0.020292 0.298171
0.174119 0.020149 0.298128
0.174036 0.020006 0.298084
0.173954 0.019864 0.298041
0.173801 0.019774 0.298052
0.173719 0.019632 0.298009
0.173636 0.019489 0.297965
0.173553 0.019346 0.297922
0.173471 0.019204 0.297879
0.173319 0.019116 0.297890
0.173237 0.018973 0.297847
0.173154 0.018831 0.297804
0.173071 0.018689 0.297760
0.172989 0.018546 0.297717
0.172906 0.018404 0.297674
0.172824 0.018262 0.297631
0.172741 0.018119 0.297587
0.172658 0.017977 0.297544
0.172576 0.017835 0.297501
0.172493 0.017692 0.297458
0.172411 0.017550 0.297414
0.172328 0.017408 0.297371
0.172246 0.017265 0.297328
0.172096 0.017180 0.297340
0.172013 0.017038 0.297297
0.171931 0.016896 0.297254
0.171849 0.016754 0.297211
0.171766 0.016612 0.297168
0.171684 0.016470 0.297124
0.171601 0.016327 0.297081
0.171519 0.016185 0.297038
0.171502 0.015984 0.296939
0.171420 0.015842 0.296895
0.171337 0.015700 0.296852
0.171255 0.015557 0.296809
0.171237 0.015355 0.296709
0.171155 0.015212 0.296666
0.171072 0.015070 0.296622
0.171055 0.014867 0.296522
0.170972 0.014724 0.296479
0.170889 0.014581 0.296436
0.170871 0.014377 0.296335
0.170788 0.014234 0.296292
0.170705 0.014091 0.296248
0.170622 0.013948 0.296205
0.170603 0.013743 0.296104
0.170520 0.013600 0.296061
0.170437 0.013457 0.296017
0.170354 0.013314 0.295974
0.170271 0.013171 0.295930
0.170252 0.012964 0.295829
0.170168 0.012821 0.295786
0.170085 0.012677 0.295742
0.170002 0.012534 0.295699
0.169919 0.012391 0.295655
0.169899 0.012183 0.295554
0.169815 0.012039 0.295510
0.169732 0.011896 0.295466
0.169649 0.011752 0.295423
0.169565 0.011609 0.295379
0.169544 0.011400 0.295277
0.169461 0.011256 0.295234
0.169440 0.011046 0.295132
0.169418 0.010837 0.295030
0.169335 0.010692 0.294986
0.169313 0.010482 0.294883
0.169229 0.010337 0.294839
0.169207 0.010126 0.294737
0.169184 0.009914 0.294634
0.169100 0.009770 0.294590
0.169077 0.009557 0.294488
0.168993 0.009412 0.294443
0.168970 0.009199 0.294340
0.168946 0.008986 0.294237
0.168923 0.008772 0.294134
0.168838 0.008626 0.294090
0.168814 0.008412 0.293986
0.168790 0.008197 0.293883
0.168825 0.007913 0.293720
0.168920 0.007558 0.293497
0.168955 0.007272 0.293334
0.169049 0.006915 0.293110
0.169082 0.006627 0.292946
0.169234 0.006198 0.292662
0.169266 0.005908 0.292498
0.169357 0.005546 0.292273
0.169329 0.005325 0.292167
0.169360 0.005032 0.292002
0.169272 0.004880 0.291956
0.169243 0.004658 0.291850
0.169155 0.004506 0.291804
0.169067 0.004355 0.291758
0.168979 0.004203 0.291711
0.168950 0.003979 0.291605
0.168804 0.003900 0.291619
0.168716 0.003749 0.291573
0.168628 0.003597 0.291527
0.168598 0.003372 0.291421
0.168510 0.003221 0.291375
0.168422 0.003069 0.291329
0.168334 0.002917 0.291282
0.193506 0.025265 0.293158
0.193244 0.025160 0.293203
0.193062 0.025018 0.293199
0.192802 0.024915 0.293244
0.192542 0.024812 0.293290
0.192361 0.024672 0.293286
0.192259 0.024496 0.293233
0.192156 0.024320 0.293179
0.192054 0.024143 0.293125
0.183476 0.026098 0.297458
0.183232 0.026023 0.297513
0.183142 0.025868 0.297466
0.182899 0.025794 0.297520
0.182733 0.025681 0.297524
0.182567 0.025567 0.297529
0.182401 0.025455 0.297533
0.182160 0.025384 0.297588
0.182071 0.025230 0.297542
0.181830 0.025161 0.297598
0.181514 0.025134 0.297705
0.181275 0.025067 0.297762
0.181187 0.024914 0.297716
0.181023 0.024805 0.297721
0.180710 0.024783 0.297830
0.180547 0.024675 0.297835
0.180384 0.024567 0.297841
0.180147 0.024504 0.297899
0.179911 0.024441 0.297957
0.179675 0.024380 0.298016
0.179439 0.024319 0.298074
0.179279 0.024214 0.298081
0.179044 0.024155 0.298140
0.178884 0.024051 0.298147
0.178724 0.023948 0.298154
0.178564 0.023846 0.298162
0.178478 0.023698 0.298117
0.178319 0.023596 0.298124
0.178233 0.023448 0.298079
0.178148 0.023301 0.298035
0.178062 0.023153 0.297990
0.177903 0.023052 0.297998
0.177818 0.022905 0.297953
0.177732 0.022757 0.297908
0.177647 0.022610 0.297863
0.177561 0.022462 0.297818
0.177403 0.022362 0.297827
0.177173 0.022311 0.297888
0.176944 0.022261 0.297950
0.176715 0.022212 0.298012
0.176558 0.022114 0.298021
0.176258 0.022115 0.298137
0.176031 0.022068 0.298200
0.175804 0.022022 0.298263
0.175720 0.021878 0.298219
0.175494 0.021833 0.298283
0.175411 0.021689 0.298239
0.175256 0.021596 0.298249
0.175102 0.021502 0.298259
0.175019 0.021359 0.298216
0.174865 0.021266 0.298226
0.174782 0.021123 0.298182
0.174699 0.020980 0.298139
0.174616 0.020837 0.298095
0.174462 0.020745 0.298106
0.174379 0.020602 0.298063
0.174296 0.020459 0.298019
0.174213 0.020316 0.297976
0.174130 0.020173 0.297932
0.173978 0.020083 0.297943
0.173895 0.019940 0.297900
0.173812 0.019798 0.297857
0.173660 0.019708 0.297868
0.173578 0.019566 0.297825
0.173495 0.019423 0.297781
0.173412 0.019281 0.297738
0.173329 0.019138 0.297695
0.173178 0.019050 0.297707
0.173096 0.018908 0.297663
0.173013 0.018765 0.297620
0.172930 0.018623 0.297577
0.172848 0.018480 0.297534
0.172765 0.018338 0.297490
0.172683 0.018196 0.297447
0.172600 0.018053 0.297404
0.172518 0.017911 0.297361
0.172435 0.017769 0.297317
0.172352 0.017626 0.297274
0.172270 0.017484 0.297231
0.172187 0.017342 0.297187
0.172038 0.017257 0.297200
0.171955 0.017115 0.297157
0.171873 0.016972 0.297114
0.171790 0.016830 0.297071
0.171708 0.016688 0.297027
0.171625 0.016546 0.296984
0.171543 0.016404 0.296941
0.171460 0.016262 0.296898
0.171444 0.016061 0.296798
0.171361 0.015918 0.296755
0.171279 0.015776 0.296712
0.171196 0.015634 0.296668
0.171114 0.015491 0.296625
0.171096 0.015289 0.296525
0.171014 0.015146 0.296482
0.170931 0.015004 0.296438
0.170913 0.014801 0.296338
0.170830 0.014658 0.296295
0.170748 0.014515 0.296251
0.170729 0.014311 0.296151
0.170646 0.014168 0.296107
0.170563 0.014025 0.296064
0.170480 0.013882 0.296021
0.170462 0.013677 0.295920
0.170378 0.013534 0.295876
0.170295 0.013391 0.295833
0.170212 0.013248 0.295789
0.170193 0.013041 0.295688
0.170110 0.012898 0.295644
0.170026 0.012755 0.295601
0.169943 0.012611 0.295557
0.169860 0.012468 0.295514
0.169777 0.012324 0.295470
0.169756 0.012117 0.295368
0.169673 0.011973 0.295325
0.169590 0.011829 0.295281
0.169506 0.011686 0.295237
0.169485 0.011477 0.295135
0.169402 0.011333 0.295092
0.169381 0.011124 0.294990
0.169297 0.010980 0.294946
0.169275 0.010770 0.294843
0.169192 0.010626 0.294800
0.169170 0.010415 0.294697
0.169147 0.010204 0.294594
0.169063 0.010059 0.294550
0.169041 0.009847 0.294448
0.168957 0.009702 0.294403
0.168933 0.009490 0.294300
0.168910 0.009277 0.294197
0.168887 0.009064 0.294094
0.168863 0.008850 0.293990
0.168778 0.008705 0.293946
0.168754 0.008490 0.293842
0.168790 0.008207 0.293679
0.168765 0.007992 0.293575
0.168800 0.007707 0.293412
0.168894 0.007352 0.293188
0.168928 0.007065 0.293024
0.169021 0.006707 0.292799
0.169054 0.006418 0.292635
0.169145 0.006059 0.292410
0.169236 0.005697 0.292184
0.169208 0.005476 0.292078
0.169180 0.005255 0.291973
0.169151 0.005033 0.291867
0.169122 0.004810 0.291760
0.169034 0.004659 0.291714
0.168947 0.004508 0.291669
0.168917 0.004285 0.291562
0.168829 0.004133 0.291516
0.168741 0.003982 0.291470
0.168653 0.003830 0.291424
0.168566 0.003679 0.291378
0.168478 0.003527 0.291332
0.168390 0.003375 0.291286
0.168302 0.003224 0.291240
0.168214 0.003072 0.291194
0.193433 0.025361 0.292982
0.193251 0.025219 0.292978
0.192990 0.025114 0.293024
0.192808 0.024973 0.293020
0.192470 0.024906 0.293116
0.192289 0.024767 0.293112
0.192186 0.024591 0.293059
0.192084 0.024414 0.293005
0.183412 0.026182 0.297305
0.183168 0.026107 0.297360
0.183078 0.025951 0.297313
0.182835 0.025878 0.297368
0.182669 0.025764 0.297372
0.182427 0.025691 0.297428
0.182262 0.025579 0.297432
0.182097 0.025466 0.297437
0.181856 0.025396 0.297493
0.181616 0.025327 0.297550
0.181376 0.025258 0.297606
0.181137 0.025191 0.297663
0.181049 0.025039 0.297617
0.180886 0.024930 0.297623
0.180648 0.024864 0.297680
0.180485 0.024756 0.297686
0.180323 0.024648 0.297693
0.180086 0.024585 0.297751
0.179849 0.024522 0.297809
0.179688 0.024416 0.297816
0.179452 0.024355 0.297875
0.179292 0.024250 0.297882
0.179057 0.024190 0.297941
0.178897 0.024086 0.297948
0.178737 0.023983 0.297956
0.178577 0.023880 0.297963
0.178418 0.023777 0.297971
0.178332 0.023630 0.297926
0.178246 0.023482 0.297881
0.178087 0.023380 0.297889
0.178001 0.023232 0.297844
0.177916 0.023085 0.297799
0.177757 0.022984 0.297807
0.177672 0.022836 0.297763
0.177586 0.022689 0.297718
0.177428 0.022589 0.297726
0.177343 0.022442 0.297681
0.177041 0.022438 0.297797
0.176812 0.022388 0.297859
0.176655 0.022290 0.297868
0.176570 0.022144 0.297824
0.176127 0.022242 0.298047
0.175900 0.022195 0.298111
0.175673 0.022149 0.298174
0.175518 0.022054 0.298184
0.175435 0.021910 0.298141
0.175280 0.021816 0.298151
0.175197 0.021673 0.298107
0.175043 0.021579 0.298118
0.174960 0.021436 0.298074
0.174877 0.021293 0.298031
0.174793 0.021149 0.297987
0.174640 0.021057 0.297998
0.174557 0.020914 0.297954
0.174474 0.020771 0.297911
0.174391 0.020627 0.297867
0.174238 0.020536 0.297878
0.174155 0.020393 0.297835
0.174072 0.020250 0.297791
0.173919 0.020160 0.297803
0.173837 0.020017 0.297759
0.173754 0.019874 0.297716
0.173671 0.019732 0.297673
0.173588 0.019589 0.297629
0.173505 0.019446 0.297586
0.173354 0.019357 0.297598
0.173271 0.019215 0.297554
0.173188 0.019072 0.297511
0.173106 0.018929 0.297468
0.172955 0.018842 0.297480
0.172872 0.018699 0.297436
0.172790 0.018557 0.297393
0.172707 0.018415 0.297350
0.172624 0.018272 0.297307
0.172542 0.018130 0.297263
0.172459 0.017988 0.297220
0.172377 0.017845 0.297177
0.172294 0.017703 0.297134
0.172144 0.017617 0.297146
0.172062 0.017475 0.297103
0.171979 0.017333 0.297060
0.171897 0.017191 0.297017
0.171814 0.017049 0.296974
0.171732 0.016907 0.296930
0.171650 0.016765 0.296887
0.171567 0.016622 0.296844
0.171485 0.016480 0.296801
0.171402 0.016338 0.296758
0.171386 0.016137 0.296658
0.171303 0.015995 0.296615
0.171220 0.015853 0.296571
0.171138 0.015710 0.296528
0.171055 0.015568 0.296485
0.171038 0.015366 0.296385
0.170955 0.015223 0.296341
0.170872 0.015081 0.296298
0.170790 0.014938 0.296255
0.170772 0.014735 0.296154
0.170689 0.014592 0.296111
0.170606 0.014449 0.296067
0.170588 0.014245 0.295966
0.170505 0.014102 0.295923
0.170422 0.013959 0.295880
0.170339 0.013816 0.295836
0.170256 0.013673 0.295793
0.170237 0.013468 0.295691
0.170154 0.013324 0.295648
0.170071 0.013181 0.295604
0.169987 0.013038 0.295561
0.169968 0.012832 0.295459
0.169884 0.012688 0.295416
0.169801 0.012545 0.295372
0.169718 0.012401 0.295329
0.169698 0.012194 0.295227
0.169614 0.012050 0.295183
0.169531 0.011907 0.295139
0.169448 0.011763 0.295096
0.169427 0.011554 0.294994
0.169343 0.011411 0.294950
0.169322 0.011201 0.294848
0.169238 0.011057 0.294804
0.169216 0.010847 0.294701
0.169133 0.010703 0.294657
0.169110 0.010493 0.294555
0.169088 0.010282 0.294452
0.169004 0.010137 0.294408
0.168981 0.009925 0.294305
0.168897 0.009780 0.294261
0.168874 0.009568 0.294157
0.168851 0.009355 0.294054
0.168827 0.009142 0.293950
0.168803 0.008929 0.293847
0.168718 0.008783 0.293802
0.168694 0.008569 0.293699
0.168730 0.008286 0.293535
0.168705 0.008070 0.293431
0.168740 0.007786 0.293267
0.168774 0.007500 0.293102
0.168808 0.007214 0.292938
0.168901 0.006857 0.292713
0.168933 0.006569 0.292548
0.169025 0.006209 0.292322
0.169056 0.005919 0.292156
0.169087 0.005628 0.291990
0.169118 0.005336 0.291824
0.169030 0.005185 0.291778
0.169001 0.004963 0.291672
0.168914 0.004812 0.291626
0.168885 0.004589 0.291519
0.168797 0.004438 0.291473
0.168709 0.004287 0.291427
0.168621 0.004135 0.291381
0.168533 0.003984 0.291335
0.168446 0.003833 0.291289
0.168416 0.003608 0.291183
0.168328 0.003457 0.291136
0.168240 0.003305 0.291090
0.168152 0.003154 0.291044
0.193439 0.025420 0.292757
0.193336 0.025242 0.292703
0.192996 0.025173 0.292799
0.192736 0.025068 0.292845
0.192476 0.024965 0.292892
0.192295 0.024825 0.292888
0.192114 0.024685 0.292885
0.192012 0.024509 0.292831
0.183913 0.026379 0.296991
0.183669 0.026302 0.297046
0.183425 0.026225 0.297101
0.183181 0.026150 0.297156
0.182938 0.026075 0.297211
0.182772 0.025961 0.297215
0.182530 0.025888 0.297271
0.182288 0.025815 0.297327
0.182123 0.025703 0.297332
0.181882 0.025632 0.297389
0.181718 0.025520 0.297394
0.181478 0.025451 0.297451
0.181239 0.025382 0.297508
0.181075 0.025272 0.297514
0.180987 0.025120 0.297467
0.180824 0.025011 0.297473
0.180586 0.024945 0.297531
0.180423 0.024837 0.297537
0.180261 0.024729 0.297544
0.180024 0.024665 0.297602
0.179862 0.024559 0.297609
0.179627 0.024496 0.297668
0.179465 0.024391 0.297675
0.179305 0.024286 0.297682
0.179070 0.024225 0.297742
0.178910 0.024121 0.297749
0.178750 0.024018 0.297757
0.178516 0.023960 0.297817
0.178431 0.023811 0.297772
0.178345 0.023663 0.297727
0.178185 0.023561 0.297735
0.178100 0.023413 0.297690
0.177941 0.023312 0.297699
0.177855 0.023164 0.297654
0.177697 0.023063 0.297662
0.177611 0.022916 0.297617
0.177526 0.022768 0.297572
0.177368 0.022668 0.297581
0.177210 0.022568 0.297590
0.176909 0.022565 0.297706
0.176680 0.022514 0.297769
0.176595 0.022368 0.297724
0.175996 0.022368 0.297958
0.175769 0.022322 0.298022
0.175614 0.022226 0.298032
0.175459 0.022132 0.298043
0.175376 0.021988 0.297999
0.175222 0.021894 0.298009
0.175138 0.021750 0.297966
0.174984 0.021657 0.297976
0.174901 0.021513 0.297933
0.174818 0.021370 0.297889
0.174735 0.021226 0.297846
0.174581 0.021134 0.297857
0.174498 0.020991 0.297813
0.174415 0.020848 0.297770
0.174332 0.020704 0.297726
0.174179 0.020613 0.297737
0.174096 0.020470 0.297694
0.174013 0.020327 0.297650
0.173930 0.020184 0.297607
0.173778 0.020094 0.297619
0.173695 0.019951 0.297575
0.173612 0.019808 0.297532
0.173530 0.019666 0.297488
0.173447 0.019523 0.297445
0.173364 0.019380 0.297402
0.173213 0.019291 0.297414
0.173130 0.019149 0.297370
0.173047 0.019006 0.297327
0.172964 0.018864 0.297284
0.172882 0.018721 0.297240
0.172799 0.018578 0.297197
0.172649 0.018491 0.297210
0.172566 0.018349 0.297166
0.172483 0.018206 0.297123
0.172401 0.018064 0.297080
0.172318 0.017922 0.297037
0.172236 0.017779 0.296993
0.172086 0.017694 0.297006
0.172004 0.017552 0.296963
0.171921 0.017409 0.296920
0.171839 0.017267 0.296877
0.171756 0.017125 0.296834
0.171674 0.016983 0.296790
0.171591 0.016841 0.296747
0.171509 0.016699 0.296704
0.171426 0.016557 0.296661
0.171344 0.016415 0.296618
0.171261 0.016272 0.296574
0.171179 0.016130 0.296531
0.171162 0.015929 0.296431
0.171079 0.015787 0.296388
0.170997 0.015644 0.296344
0.170914 0.015502 0.296301
0.170897 0.015300 0.296201
0.170814 0.015157 0.296157
0.170731 0.015015 0.296114
0.170713 0.014811 0.296013
0.170630 0.014669 0.295970
0.170548 0.014526 0.295927
0.170465 0.014383 0.295883
0.170382 0.014240 0.295840
0.170363 0.014036 0.295739
0.170280 0.013893 0.295695
0.170197 0.013750 0.295652
0.170114 0.013607 0.295608
0.170095 0.013401 0.295507
0.170012 0.013258 0.295463
0.169929 0.013115 0.295420
0.169909 0.012909 0.295318
0.169826 0.012765 0.295274
0.169742 0.012622 0.295231
0.169659 0.012478 0.295187
0.169576 0.012335 0.295144
0.169493 0.012192 0.295100
0.169472 0.011984 0.294998
0.169389 0.011840 0.294954
0.169305 0.011697 0.294911
0.169284 0.011488 0.294808
0.169201 0.011344 0.294764
0.169179 0.011135 0.294662
0.169157 0.010925 0.294559
0.169073 0.010781 0.294515
0.169051 0.010570 0.294412
0.169029 0.010359 0.294309
0.168945 0.010215 0.294265
0.168922 0.010003 0.294162
0.168838 0.009858 0.294118
0.168814 0.009646 0.294014
0.168791 0.009434 0.293911
0.168767 0.009221 0.293807
0.168743 0.009007 0.293703
0.168719 0.008793 0.293599
0.168695 0.008579 0.293495
0.168670 0.008364 0.293391
0.168705 0.008081 0.293226
0.168679 0.007865 0.293122
0.168713 0.007579 0.292957
0.168747 0.007293 0.292792
0.168780 0.007006 0.292626
0.168813 0.006718 0.292461
0.168845 0.006430 0.292295
0.168877 0.006140 0.292129
0.168908 0.005850 0.291963
0.168938 0.005558 0.291796
0.168910 0.005337 0.291690
0.168822 0.005186 0.291644
0.168793 0.004964 0.291538
0.168706 0.004813 0.291492
0.168677 0.004591 0.291385
0.168589 0.004440 0.291339
0.168501 0.004289 0.291293
0.168471 0.004065 0.291186
0.168384 0.003914 0.291140
0.168296 0.003763 0.291094
0.168208 0.003611 0.291048
0.168120 0.003460 0.291002
0.168032 0.003309 0.290956
0.193366 0.025516 0.292581
0.193262 0.025338 0.292527
0.192741 0.025127 0.292620
0.192482 0.025023 0.292667
0.192222 0.024920 0.292714
0.192120 0.024743 0.292661
0.184094 0.026541 0.296782
0.183849 0.026463 0.296837
0.183605 0.026386 0.296892
0.183361 0.026309 0.296947
0.183270 0.026153 0.296900
0.182875 0.026158 0.297058
0.182632 0.026084 0.297114
0.182391 0.026011 0.297171
0.182225 0.025898 0.297176
0.181984 0.025826 0.297232
0.181820 0.025714 0.297238
0.181579 0.025644 0.297295
0.181340 0.025574 0.297352
0.181101 0.025506 0.297410
0.180937 0.025396 0.297416
0.180849 0.025244 0.297370
0.180686 0.025135 0.297376
0.180449 0.025069 0.297434
0.180361 0.024918 0.297389
0.180199 0.024810 0.297395
0.180037 0.024703 0.297402
0.179801 0.024639 0.297461
0.179639 0.024533 0.297468
0.179478 0.024427 0.297475
0.179317 0.024322 0.297482
0.179083 0.024261 0.297542
0.178923 0.024157 0.297550
0.178689 0.024097 0.297610
0.178529 0.023994 0.297618
0.178443 0.023846 0.297573
0.178284 0.023743 0.297581
0.178198 0.023595 0.297536
0.178112 0.023447 0.297491
0.177953 0.023345 0.297500
0.177795 0.023243 0.297508
0.177709 0.023096 0.297463
0.177551 0.022995 0.297472
0.177465 0.022847 0.297427
0.177307 0.022747 0.297436
0.177078 0.022695 0.297499
0.176849 0.022643 0.297561
0.176548 0.022641 0.297679
0.176463 0.022495 0.297634
0.175865 0.022495 0.297870
0.175710 0.022399 0.297880
0.175555 0.022304 0.297890
0.175400 0.022209 0.297901
0.175317 0.022065 0.297857
0.175163 0.021971 0.297868
0.175079 0.021827 0.297824
0.174925 0.021734 0.297835
0.174842 0.021590 0.297791
0.174759 0.021447 0.297748
0.174676 0.021303 0.297704
0.174593 0.021160 0.297661
0.174439 0.021068 0.297672
0.174356 0.020925 0.297628
0.174273 0.020781 0.297585
0.174190 0.020638 0.297541
0.174107 0.020495 0.297498
0.173955 0.020404 0.297509
0.173872 0.020261 0.297466
0.173789 0.020118 0.297423
0.173706 0.019975 0.297379
0.173623 0.019832 0.297336
0.173540 0.019689 0.297292
0.173457 0.019546 0.297249
0.173305 0.019457 0.297261
0.173223 0.019314 0.297217
0.173140 0.019171 0.297174
0.173057 0.019028 0.297131
0.172906 0.018940 0.297143
0.172823 0.018798 0.297100
0.172741 0.018655 0.297057
0.172658 0.018512 0.297013
0.172508 0.018425 0.297026
0.172425 0.018283 0.296983
0.172342 0.018141 0.296939
0.172260 0.017998 0.296896
0.172177 0.017856 0.296853
0.172028 0.017770 0.296866
0.171945 0.017628 0.296823
0.171863 0.017486 0.296780
0.171780 0.017344 0.296737
0.171698 0.017202 0.296693
0.171615 0.017059 0.296650
0.171533 0.016917 0.296607
0.171451 0.016775 0.296564
0.171368 0.016633 0.296521
0.171286 0.016491 0.296477
0.171203 0.016349 0.296434
0.171121 0.016207 0.296391
0.171038 0.016065 0.296348
0.171021 0.015863 0.296247
0.170939 0.015721 0.296204
0.170856 0.015579 0.296161
0.170773 0.015436 0.296118
0.170756 0.015234 0.296017
0.170673 0.015091 0.295974
0.170590 0.014949 0.295930
0.170572 0.014745 0.295829
0.170489 0.014603 0.295786
0.170406 0.014460 0.295742
0.170323 0.014317 0.295699
0.170241 0.014174 0.295656
0.170158 0.014032 0.295612
0.170139 0.013827 0.295511
0.170056 0.013684 0.295467
0.169973 0.013541 0.295424
0.169953 0.013335 0.295322
0.169870 0.013192 0.295279
0.169787 0.013049 0.295235
0.169767 0.012842 0.295133
0.169684 0.012699 0.295089
0.169600 0.012556 0.295046
0.169517 0.012412 0.295002
0.169434 0.012269 0.294959
0.169413 0.012061 0.294856
0.169330 0.011917 0.294813
0.169246 0.011774 0.294769
0.169225 0.011565 0.294666
0.169142 0.011421 0.294623
0.169120 0.011212 0.294520
0.169036 0.011068 0.294476
0.169014 0.010858 0.294373
0.168931 0.010714 0.294329
0.168908 0.010503 0.294226
0.168885 0.010292 0.294122
0.168862 0.010081 0.294019
0.168778 0.009936 0.293975
0.168755 0.009724 0.293871
0.168731 0.009512 0.293767
0.168708 0.009299 0.293663
0.168683 0.009086 0.293559
0.168659 0.008872 0.293455
0.168635 0.008658 0.293351
0.168610 0.008443 0.293246
0.168645 0.008159 0.293081
0.168619 0.007944 0.292977
0.168653 0.007659 0.292811
0.168627 0.007442 0.292706
0.168660 0.007155 0.292541
0.168693 0.006868 0.292375
0.168725 0.006580 0.292209
0.168697 0.006361 0.292103
0.168728 0.006071 0.291936
0.168700 0.005851 0.291830
0.168672 0.005630 0.291724
0.168644 0.005409 0.291617
0.168615 0.005188 0.291511
0.168586 0.004966 0.291404
0.168498 0.004815 0.291358
0.168469 0.004593 0.291251
0.168381 0.004442 0.291205
0.168352 0.004219 0.291098
0.168264 0.004068 0.291052
0.168176 0.003917 0.291006
0.168089 0.003766 0.290961
0.168001 0.003614 0.290915
0.167970 0.003390 0.290807
0.193293 0.025612 0.292406
0.193189 0.025434 0.292352
0.192929 0.025328 0.292398
0.192669 0.025222 0.292445
0.192566 0.025045 0.292392
0.192463 0.024868 0.292338
0.184029 0.026626 0.296627
0.183861 0.026508 0.296631
0.183617 0.026430 0.296686
0.183297 0.026393 0.296793
0.183206 0.026237 0.296746
0.182569 0.026167 0.296962
0.182327 0.026094 0.297019
0.182086 0.026021 0.297076
0.181846 0.025950 0.297133
0.181681 0.025838 0.297139
0.181441 0.025767 0.297196
0.181202 0.025698 0.297254
0.181038 0.025588 0.297260
0.180800 0.025520 0.297319
0.180712 0.025368 0.297273
0.180549 0.025259 0.297279
0.180387 0.025151 0.297285
0.180225 0.025042 0.297292
0.180062 0.024935 0.297299
0.179901 0.024827 0.297306
0.179739 0.024720 0.297313
0.179578 0.024614 0.297320
0.179417 0.024508 0.297327
0.179256 0.024402 0.297335
0.179022 0.024341 0.297395
0.178861 0.024237 0.297403
0.178701 0.024132 0.297411
0.178542 0.024029 0.297419
0.178456 0.023880 0.297374
0.178296 0.023777 0.297382
0.178137 0.023674 0.297390
0.178051 0.023526 0.297345
0.177965 0.023378 0.297300
0.177734 0.023323 0.297362
0.177648 0.023175 0.297318
0.177490 0.023074 0.297326
0.177333 0.022974 0.297335
0.177175 0.022873 0.297345
0.176946 0.022821 0.297408
0.176645 0.022817 0.297525
0.176488 0.022719 0.297535
0.176404 0.022573 0.297491
0.175961 0.022669 0.297717
0.175806 0.022572 0.297727
0.175651 0.022477 0.297738
0.175496 0.022381 0.297748
0.175342 0.022286 0.297759
0.175258 0.022142 0.297715
0.175175 0.021999 0.297672
0.175021 0.021904 0.297683
0.174937 0.021761 0.297639
0.174854 0.021617 0.297595
0.174700 0.021524 0.297606
0.174617 0.021380 0.297563
0.174534 0.021237 0.297519
0.174451 0.021094 0.297476
0.174298 0.021001 0.297487
0.174215 0.020858 0.297444
0.174131 0.020715 0.297400
0.174048 0.020572 0.297357
0.173965 0.020429 0.297313
0.173882 0.020286 0.297270
0.173799 0.020142 0.297226
0.173716 0.019999 0.297183
0.173564 0.019909 0.297195
0.173481 0.019766 0.297151
0.173398 0.019623 0.297108
0.173315 0.019480 0.297064
0.173232 0.019337 0.297021
0.173081 0.019248 0.297033
0.172998 0.019105 0.296990
0.172916 0.018962 0.296947
0.172833 0.018820 0.296903
0.172682 0.018732 0.296916
0.172599 0.018589 0.296873
0.172517 0.018447 0.296829
0.172434 0.018304 0.296786
0.172284 0.018217 0.296799
0.172202 0.018075 0.296756
0.172119 0.017932 0.296713
0.172036 0.017790 0.296669
0.171887 0.017704 0.296683
0.171805 0.017562 0.296640
0.171722 0.017420 0.296596
0.171640 0.017278 0.296553
0.171557 0.017136 0.296510
0.171475 0.016994 0.296467
0.171392 0.016852 0.296424
0.171310 0.016709 0.296381
0.171227 0.016567 0.296337
0.171145 0.016425 0.296294
0.171062 0.016283 0.296251
0.170980 0.016141 0.296208
0.170898 0.015999 0.296165
0.170880 0.015797 0.296064
0.170798 0.015655 0.296021
0.170715 0.015513 0.295977
0.170632 0.015370 0.295934
0.170614 0.015168 0.295833
0.170532 0.015025 0.295790
0.170449 0.014883 0.295746
0.170366 0.014740 0.295703
0.170284 0.014598 0.295660
0.170265 0.014394 0.295558
0.170182 0.014251 0.295515
0.170099 0.014108 0.295471
0.170016 0.013966 0.295428
0.169997 0.013761 0.295326
0.169914 0.013618 0.295283
0.169894 0.013412 0.295181
0.169811 0.013269 0.295137
0.169728 0.013126 0.295094
0.169708 0.012919 0.294992
0.169625 0.012776 0.294948
0.169542 0.012633 0.294904
0.169458 0.012489 0.294861
0.169375 0.012346 0.294817
0.169354 0.012138 0.294715
0.169271 0.011995 0.294671
0.169188 0.011851 0.294627
0.169104 0.011707 0.294584
0.169083 0.011499 0.294481
0.168999 0.011355 0.294437
0.168977 0.011145 0.294334
0.168894 0.011001 0.294290
0.168871 0.010791 0.294187
0.168849 0.010581 0.294083
0.168826 0.010370 0.293980
0.168742 0.010225 0.293936
0.168719 0.010014 0.293832
0.168696 0.009802 0.293728
0.168672 0.009590 0.293624
0.168648 0.009377 0.293520
0.168624 0.009164 0.293416
0.168599 0.008950 0.293311
0.168575 0.008736 0.293207
0.168610 0.008453 0.293042
0.168584 0.008238 0.292937
0.168559 0.008023 0.292832
0.168533 0.007807 0.292727
0.168566 0.007521 0.292561
0.168540 0.007304 0.292455
0.168573 0.007017 0.292289
0.168546 0.006799 0.292183
0.168518 0.006581 0.292077
0.168550 0.006292 0.291910
0.168522 0.006072 0.291804
0.168494 0.005852 0.291698
0.168465 0.005632 0.291591
0.168437 0.005411 0.291485
0.168349 0.005261 0.291439
0.168320 0.005039 0.291332
0.168291 0.004817 0.291225
0.168204 0.004667 0.291179
0.168174 0.004444 0.291072
0.168144 0.004221 0.290965
0.168057 0.004070 0.290919
0.168027 0.003847 0.290812
0.167939 0.003696 0.290766
0.167851 0.003545 0.290720
0.193220 0.025708 0.292230
0.193038 0.025565 0.292226
0.192856 0.025423 0.292223
0.192674 0.025282 0.292220
0.192493 0.025140 0.292217
0.192390 0.024963 0.292163
0.184133 0.026829 0.296468
0.184042 0.026671 0.296421
0.183797 0.026592 0.296476
0.183553 0.026514 0.296532
0.183309 0.026437 0.296588
0.183066 0.026361 0.296644
0.182824 0.026285 0.296701
0.182506 0.026250 0.296810
0.182188 0.026217 0.296919
0.182023 0.026104 0.296924
0.181783 0.026032 0.296982
0.181543 0.025961 0.297040
0.181379 0.025849 0.297046
0.181140 0.025780 0.297104
0.180901 0.025711 0.297163
0.180738 0.025601 0.297169
0.180650 0.025450 0.297123
0.180413 0.025383 0.297182
0.180325 0.025232 0.297137
0.180163 0.025123 0.297143
0.180001 0.025015 0.297150
0.179839 0.024908 0.297157
0.179678 0.024801 0.297165
0.179516 0.024694 0.297172
0.179355 0.024588 0.297180
0.179195 0.024482 0.297187
0.179034 0.024377 0.297195
0.178874 0.024272 0.297203
0.178714 0.024168 0.297211
0.178554 0.024064 0.297219
0.178395 0.023960 0.297227
0.178309 0.023811 0.297182
0.178149 0.023708 0.297191
0.177991 0.023606 0.297199
0.177905 0.023458 0.297154
0.177746 0.023356 0.297163
0.177588 0.023254 0.297172
0.177430 0.023153 0.297181
0.177200 0.023100 0.297244
0.177043 0.023000 0.297254
0.176814 0.022947 0.297317
0.176585 0.022896 0.297381
0.176500 0.022750 0.297337
0.175902 0.022746 0.297574
0.175747 0.022650 0.297585
0.175592 0.022554 0.297596
0.175437 0.022459 0.297606
0.175354 0.022315 0.297563
0.175199 0.022220 0.297573
0.175116 0.022076 0.297530
0.174962 0.021982 0.297541
0.174878 0.021838 0.297497
0.174795 0.021694 0.297454
0.174712 0.021551 0.297410
0.174558 0.021458 0.297421
0.174475 0.021314 0.297378
0.174392 0.021171 0.297334
0.174309 0.021027 0.297291
0.174225 0.020884 0.297247
0.174142 0.020741 0.297204
0.173990 0.020649 0.297215
0.173907 0.020506 0.297172
0.173823 0.020362 0.297128
0.173740 0.020219 0.297085
0.173657 0.020076 0.297041
0.173574 0.019933 0.296998
0.173491 0.019790 0.296954
0.173408 0.019646 0.296911
0.173257 0.019557 0.296923
0.173174 0.019414 0.296880
0.173091 0.019271 0.296836
0.173008 0.019128 0.296793
0.172857 0.019039 0.296806
0.172774 0.018896 0.296762
0.172691 0.018754 0.296719
0.172541 0.018666 0.296732
0.172458 0.018523 0.296689
0.172376 0.018381 0.296645
0.172293 0.018238 0.296602
0.172143 0.018151 0.296616
0.172061 0.018009 0.296572
0.171978 0.017867 0.296529
0.171895 0.017724 0.296486
0.171746 0.017639 0.296500
0.171664 0.017496 0.296456
0.171581 0.017354 0.296413
0.171499 0.017212 0.296370
0.171416 0.017070 0.296327
0.171334 0.016928 0.296284
0.171252 0.016786 0.296240
0.171169 0.016644 0.296197
0.171087 0.016502 0.296154
0.171004 0.016359 0.296111
0.170922 0.016217 0.296068
0.170839 0.016075 0.296024
0.170822 0.015874 0.295924
0.170739 0.015732 0.295880
0.170657 0.015589 0.295837
0.170574 0.015447 0.295794
0.170491 0.015304 0.295750
0.170409 0.015162 0.295707
0.170391 0.014959 0.295606
0.170308 0.014817 0.295563
0.170225 0.014674 0.295519
0.170142 0.014532 0.295476
0.170060 0.014389 0.295433
0.170041 0.014185 0.295331
0.169958 0.014042 0.295287
0.169875 0.013899 0.295244
0.169855 0.013695 0.295142
0.169773 0.013552 0.295098
0.169753 0.013346 0.294996
0.169670 0.013203 0.294953
0.169649 0.012997 0.294850
0.169566 0.012853 0.294807
0.169483 0.012710 0.294763
0.169400 0.012566 0.294720
0.169316 0.012423 0.294676
0.169233 0.012279 0.294632
0.169212 0.012072 0.294529
0.169129 0.011928 0.294486
0.169045 0.011784 0.294442
0.168962 0.011641 0.294399
0.168940 0.011432 0.294295
0.168857 0.011288 0.294252
0.168835 0.011079 0.294148
0.168812 0.010869 0.294045
0.168729 0.010725 0.294001
0.168706 0.010514 0.293897
0.168683 0.010303 0.293793
0.168660 0.010092 0.293689
0.168636 0.009880 0.293585
0.168612 0.009668 0.293481
0.168588 0.009455 0.293376
0.168624 0.009175 0.293212
0.168600 0.008961 0.293107
0.168575 0.008747 0.293002
0.168550 0.008532 0.292897
0.168524 0.008317 0.292792
0.168499 0.008102 0.292687
0.168473 0.007886 0.292581
0.168447 0.007670 0.292476
0.168420 0.007453 0.292370
0.168453 0.007167 0.292204
0.168426 0.006949 0.292098
0.168398 0.006731 0.291992
0.168371 0.006512 0.291885
0.168343 0.006293 0.291779
0.168315 0.006073 0.291673
0.168229 0.005924 0.291627
0.168200 0.005704 0.291521
0.168172 0.005484 0.291414
0.168143 0.005263 0.291307
0.168056 0.005113 0.291261
0.168085 0.004819 0.291093
0.167997 0.004669 0.291047
0.167968 0.004447 0.290940
0.167938 0.004224 0.290832
0.167850 0.004073 0.290786
0.167820 0.003850 0.290679
0.167732 0.003699 0.290633
0.193147 0.025803 0.292054
0.192965 0.025661 0.292051
0.192861 0.025483 0.291997
0.192680 0.025341 0.291994
0.192577 0.025163 0.291940
0.184068 0.026913 0.296313
0.183900 0.026795 0.296317
0.183733 0.026677 0.296322
0.183489 0.026598 0.296378
0.183245 0.026521 0.296434
0.183003 0.026444 0.296491
0.182760 0.026368 0.296548
0.182442 0.026333 0.296657
0.182125 0.026300 0.296767
0.181960 0.026187 0.296773
0.181720 0.026114 0.296831
0.181480 0.026043 0.296889
0.181241 0.025973 0.296948
0.181002 0.025903 0.297007
0.180839 0.025793 0.297013
0.180601 0.025724 0.297073
0.180513 0.025573 0.297027
0.180351 0.025464 0.297033
0.180188 0.025355 0.297040
0.180101 0.025204 0.296995
0.179939 0.025096 0.297002
0.179777 0.024989 0.297009
0.179616 0.024882 0.297017
0.179455 0.024775 0.297024
0.179294 0.024669 0.297032
0.179133 0.024563 0.297040
0.178973 0.024457 0.297048
0.178813 0.024352 0.297056
0.178653 0.024248 0.297064
0.178493 0.024144 0.297072
0.178407 0.023995 0.297027
0.178248 0.023891 0.297036
0.178161 0.023743 0.296991
0.178003 0.023640 0.296999
0.177844 0.023537 0.297008
0.177686 0.023435 0.297017
0.177455 0.023380 0.297080
0.177297 0.023279 0.297090
0.177140 0.023179 0.297099
0.176910 0.023125 0.297163
0.176682 0.023073 0.297227
0.176525 0.022974 0.297237
0.176226 0.022971 0.297356
0.175998 0.022921 0.297421
0.175843 0.022824 0.297432
0.175688 0.022728 0.297443
0.175533 0.022632 0.297453
0.175378 0.022536 0.297464
0.175294 0.022392 0.297421
0.175211 0.022248 0.297377
0.175057 0.022153 0.297388
0.174973 0.022009 0.297344
0.174819 0.021915 0.297356
0.174736 0.021772 0.297312
0.174653 0.021628 0.297268
0.174499 0.021535 0.297280
0.174416 0.021391 0.297236
0.174333 0.021248 0.297193
0.174250 0.021104 0.297149
0.174167 0.020961 0.297106
0.174083 0.020818 0.297062
0.173931 0.020726 0.297074
0.173848 0.020583 0.297031
0.173765 0.020439 0.296987
0.173682 0.020296 0.296944
0.173599 0.020153 0.296900
0.173516 0.020010 0.296857
0.173432 0.019867 0.296813
0.173349 0.019723 0.296770
0.173266 0.019580 0.296726
0.173183 0.019437 0.296683
0.173032 0.019348 0.296695
0.172949 0.019205 0.296652
0.172866 0.019062 0.296609
0.172716 0.018973 0.296622
0.172633 0.018830 0.296578
0.172550 0.018688 0.296535
0.172400 0.018600 0.296548
0.172317 0.018457 0.296505
0.172234 0.018315 0.296462
0.172152 0.018172 0.296418
0.172002 0.018085 0.296432
0.171920 0.017943 0.296389
0.171837 0.017801 0.296345
0.171688 0.017715 0.296359
0.171606 0.017573 0.296316
0.171523 0.017431 0.296273
0.171441 0.017289 0.296230
0.171358 0.017146 0.296187
0.171276 0.017004 0.296143
0.171193 0.016862 0.296100
0.171111 0.016720 0.296057
0.171028 0.016578 0.296014
0.170946 0.016436 0.295971
0.170863 0.016294 0.295928
0.170781 0.016152 0.295884
0.170699 0.016009 0.295841
0.170616 0.015867 0.295798
0.170598 0.015666 0.295697
0.170516 0.015523 0.295653
0.170433 0.015381 0.295610
0.170351 0.015239 0.295567
0.170268 0.015096 0.295524
0.170185 0.014954 0.295480
0.170167 0.014751 0.295379
0.170084 0.014608 0.295335
0.170001 0.014466 0.295292
0.169982 0.014262 0.295190
0.169899 0.014119 0.295147
0.169816 0.013976 0.295103
0.169797 0.013771 0.295001
0.169714 0.013628 0.294957
0.169694 0.013423 0.294855
0.169611 0.013280 0.294812
0.169590 0.013074 0.294709
0.169507 0.012930 0.294665
0.169424 0.012787 0.294622
0.169341 0.012643 0.294578
0.169258 0.012500 0.294535
0.169174 0.012357 0.294491
0.169091 0.012213 0.294447
0.169070 0.012005 0.294344
0.168986 0.011862 0.294301
0.168903 0.011718 0.294257
0.168820 0.011574 0.294213
0.168798 0.011366 0.294110
0.168714 0.011222 0.294066
0.168692 0.011012 0.293962
0.168669 0.010802 0.293859
0.168647 0.010592 0.293755
0.168623 0.010381 0.293651
0.168600 0.010170 0.293546
0.168577 0.009958 0.293442
0.168553 0.009746 0.293337
0.168589 0.009466 0.293172
0.168564 0.009253 0.293068
0.168540 0.009040 0.292963
0.168515 0.008826 0.292858
0.168489 0.008611 0.292753
0.168464 0.008396 0.292647
0.168438 0.008181 0.292542
0.168412 0.007965 0.292436
0.168386 0.007749 0.292330
0.168360 0.007532 0.292225
0.168333 0.007315 0.292119
0.168306 0.007098 0.292013
0.168220 0.006950 0.291968
0.168193 0.006732 0.291861
0.168165 0.006513 0.291755
0.168079 0.006365 0.291710
0.168051 0.006146 0.291603
0.168023 0.005926 0.291496
0.167994 0.005706 0.291390
0.167966 0.005486 0.291283
0.167937 0.005265 0.291175
0.167850 0.005115 0.291130
0.167878 0.004822 0.290961
0.167791 0.004672 0.290915
0.167761 0.004450 0.290808
0.167731 0.004227 0.290700
0.167701 0.004004 0.290592
0.167671 0.003780 0.290484
0.192995 0.025935 0.291930
0.192892 0.025757 0.291876
0.192789 0.025579 0.291821
0.192685 0.025401 0.291767
0.184095 0.027155 0.296206
0.184004 0.026998 0.296158
0.183836 0.026879 0.296162
0.183668 0.026761 0.296167
0.183425 0.026682 0.296223
0.183334 0.026526 0.296176
0.182939 0.026528 0.296338
0.182697 0.026452 0.296395
0.182379 0.026416 0.296505
0.182062 0.026383 0.296616
0.181897 0.026269 0.296621
0.181657 0.026197 0.296680
0.181342 0.026166 0.296791
0.181103 0.026095 0.296850
0.180865 0.026026 0.296910
0.180627 0.025957 0.296969
0.180539 0.025806 0.296923
0.180451 0.025654 0.296877
0.180289 0.025545 0.296885
0.180126 0.025436 0.296892
0.179965 0.025328 0.296899
0.179803 0.025220 0.296907
0.179642 0.025113 0.296914
0.179480 0.025006 0.296922
0.179393 0.024856 0.296876
0.179233 0.024749 0.296884
0.179072 0.024643 0.296892
0.178912 0.024538 0.296900
0.178752 0.024433 0.296909
0.178665 0.024283 0.296863
0.178505 0.024179 0.296872
0.178346 0.024075 0.296881
0.178260 0.023926 0.296835
0.178101 0.023823 0.296844
0.177942 0.023720 0.296853
0.177783 0.023617 0.296862
0.177553 0.023561 0.296926
0.177395 0.023459 0.296935
0.177237 0.023358 0.296945
0.177007 0.023304 0.297009
0.176850 0.023204 0.297019
0.176622 0.023152 0.297083
0.176537 0.023005 0.297039
0.176094 0.023096 0.297268
0.175939 0.022999 0.297278
0.175784 0.022902 0.297289
0.175628 0.022805 0.297300
0.175474 0.022709 0.297311
0.175390 0.022565 0.297267
0.175235 0.022469 0.297279
0.175152 0.022325 0.297235
0.175068 0.022181 0.297191
0.174914 0.022087 0.297202
0.174831 0.021943 0.297159
0.174677 0.021849 0.297170
0.174594 0.021705 0.297127
0.174441 0.021612 0.297139
0.174357 0.021468 0.297095
0.174274 0.021325 0.297052
0.174191 0.021182 0.297008
0.174108 0.021038 0.296964
0.174025 0.020895 0.296921
0.173872 0.020803 0.296933
0.173789 0.020660 0.296890
0.173706 0.020516 0.296846
0.173623 0.020373 0.296803
0.173540 0.020230 0.296759
0.173457 0.020087 0.296716
0.173374 0.019944 0.296672
0.173291 0.019800 0.296629
0.173208 0.019657 0.296585
0.173125 0.019514 0.296541
0.173041 0.019371 0.296498
0.172891 0.019281 0.296511
0.172808 0.019139 0.296468
0.172725 0.018996 0.296424
0.172574 0.018907 0.296438
0.172491 0.018764 0.296394
0.172409 0.018622 0.296351
0.172259 0.018534 0.296364
0.172176 0.018391 0.296321
0.172093 0.018249 0.296278
0.171944 0.018162 0.296292
0.171861 0.018020 0.296248
0.171779 0.017877 0.296205
0.171696 0.017735 0.296162
0.171547 0.017649 0.296176
0.171465 0.017507 0.296133
0.171382 0.017365 0.296090
0.171300 0.017223 0.296047
0.171217 0.017081 0.296003
0.171135 0.016939 0.295960
0.171053 0.016796 0.295917
0.170970 0.016654 0.295874
0.170888 0.016512 0.295831
0.170805 0.016370 0.295787
0.170723 0.016228 0.295744
0.170640 0.016086 0.295701
0.170558 0.015944 0.295658
0.170475 0.015802 0.295615
0.170457 0.015600 0.295513
0.170375 0.015457 0.295470
0.170292 0.015315 0.295427
0.170210 0.015173 0.295383
0.170127 0.015030 0.295340
0.170108 0.014827 0.295238
0.170026 0.014685 0.295195
0.169943 0.014542 0.295151
0.169924 0.014338 0.295049
0.169841 0.014196 0.295006
0.169758 0.014053 0.294962
0.169738 0.013848 0.294860
0.169655 0.013705 0.294817
0.169635 0.013500 0.294714
0.169552 0.013357 0.294670
0.169532 0.013151 0.294567
0.169448 0.013007 0.294524
0.169365 0.012864 0.294480
0.169282 0.012720 0.294437
0.169199 0.012577 0.294393
0.169116 0.012434 0.294350
0.169032 0.012290 0.294306
0.168949 0.012147 0.294262
0.168866 0.012003 0.294219
0.168844 0.011795 0.294115
0.168761 0.011652 0.294072
0.168678 0.011508 0.294028
0.168655 0.011299 0.293924
0.168633 0.011090 0.293820
0.168549 0.010946 0.293777
0.168527 0.010735 0.293673
0.168564 0.010459 0.293508
0.168541 0.010248 0.293403
0.168517 0.010036 0.293299
0.168553 0.009757 0.293134
0.168529 0.009545 0.293029
0.168504 0.009332 0.292924
0.168480 0.009118 0.292819
0.168514 0.008836 0.292653
0.168489 0.008622 0.292547
0.168463 0.008407 0.292441
0.168378 0.008260 0.292397
0.168352 0.008044 0.292291
0.168326 0.007828 0.292185
0.168299 0.007612 0.292079
0.168213 0.007464 0.292034
0.168187 0.007247 0.291928
0.168101 0.007099 0.291883
0.168015 0.006951 0.291838
0.167988 0.006733 0.291732
0.167902 0.006585 0.291687
0.167874 0.006367 0.291580
0.167846 0.006148 0.291473
0.167760 0.005999 0.291428
0.167731 0.005779 0.291321
0.167703 0.005559 0.291214
0.167674 0.005339 0.291106
0.167702 0.005046 0.290937
0.167672 0.004824 0.290829
0.167643 0.004602 0.290722
0.167613 0.004380 0.290614
0.167582 0.004157 0.290506
0.167609 0.003861 0.290335
0.192922 0.026030 0.291754
0.192819 0.025852 0.291700
0.192716 0.025674 0.291646
0.192534 0.025532 0.291643
0.192431 0.025354 0.291589
0.184031 0.027240 0.296051
0.183939 0.027082 0.296003
0.183772 0.026964 0.296008
0.183604 0.026845 0.296012
0.183361 0.026766 0.296069
0.183194 0.026649 0.296074
0.182875 0.026611 0.296184
0.182633 0.026535 0.296242
0.182391 0.026460 0.296300
0.182075 0.026425 0.296411
0.181834 0.026352 0.296470
0.181594 0.026279 0.296529
0.181280 0.026248 0.296641
0.180966 0.026218 0.296753
0.180802 0.026107 0.296760
0.180565 0.026038 0.296820
0.180402 0.025929 0.296827
0.180314 0.025778 0.296781
0.180152 0.025668 0.296789
0.179990 0.025560 0.296796
0.179829 0.025452 0.296804
0.179741 0.025301 0.296758
0.179580 0.025193 0.296766
0.179419 0.025086 0.296774
0.179332 0.024936 0.296728
0.179171 0.024830 0.296737
0.179011 0.024724 0.296745
0.178850 0.024618 0.296753
0.178690 0.024513 0.296762
0.178604 0.024364 0.296716
0.178444 0.024259 0.296725
0.178285 0.024155 0.296734
0.178199 0.024006 0.296689
0.178040 0.023902 0.296698
0.177881 0.023799 0.296707
0.177722 0.023697 0.296716
0.177492 0.023640 0.296780
0.177334 0.023539 0.296790
0.177104 0.023484 0.296854
0.176875 0.023430 0.296919
0.176647 0.023376 0.296983
0.176562 0.023230 0.296939
0.176262 0.023225 0.297059
0.176035 0.023174 0.297125
0.175879 0.023077 0.297136
0.175724 0.022980 0.297147
0.175640 0.022835 0.297103
0.175485 0.022739 0.297114
0.175331 0.022642 0.297125
0.175247 0.022498 0.297081
0.175163 0.022354 0.297037
0.175009 0.022259 0.297049
0.174855 0.022164 0.297061
0.174772 0.022020 0.297017
0.174688 0.021876 0.296973
0.174535 0.021782 0.296985
0.174382 0.021689 0.296997
0.174299 0.021545 0.296954
0.174215 0.021402 0.296910
0.174063 0.021309 0.296922
0.173980 0.021166 0.296879
0.173897 0.021023 0.296835
0.173814 0.020880 0.296792
0.173730 0.020737 0.296748
0.173647 0.020593 0.296705
0.173564 0.020450 0.296661
0.173481 0.020307 0.296618
0.173398 0.020164 0.296574
0.173315 0.020021 0.296531
0.173232 0.019877 0.296487
0.173149 0.019734 0.296444
0.173066 0.019591 0.296400
0.172983 0.019448 0.296357
0.172832 0.019358 0.296370
0.172749 0.019215 0.296327
0.172666 0.019072 0.296283
0.172516 0.018984 0.296297
0.172433 0.018841 0.296253
0.172350 0.018698 0.296210
0.172200 0.018610 0.296224
0.172118 0.018468 0.296181
0.172035 0.018325 0.296137
0.171886 0.018238 0.296151
0.171803 0.018096 0.296108
0.171720 0.017954 0.296065
0.171638 0.017811 0.296022
0.171555 0.017669 0.295978
0.171407 0.017583 0.295993
0.171324 0.017441 0.295950
0.171242 0.017299 0.295906
0.171159 0.017157 0.295863
0.171077 0.017015 0.295820
0.170994 0.016873 0.295777
0.170912 0.016731 0.295734
0.170829 0.016589 0.295690
0.170747 0.016446 0.295647
0.170664 0.016304 0.295604
0.170582 0.016162 0.295561
0.170500 0.016020 0.295518
0.170417 0.015878 0.295474
0.170335 0.015736 0.295431
0.170316 0.015534 0.295329
0.170234 0.015392 0.295286
0.170151 0.015249 0.295243
0.170069 0.015107 0.295200
0.170050 0.014904 0.295098
0.169967 0.014762 0.295054
0.169884 0.014619 0.295011
0.169865 0.014415 0.294908
0.169782 0.014272 0.294865
0.169763 0.014068 0.294762
0.169680 0.013925 0.294719
0.169597 0.013782 0.294676
0.169576 0.013577 0.294573
0.169493 0.013434 0.294529
0.169473 0.013228 0.294426
0.169390 0.013084 0.294383
0.169306 0.012941 0.294339
0.169223 0.012798 0.294295
0.169140 0.012654 0.294252
0.169057 0.012511 0.294208
0.168974 0.012367 0.294165
0.168890 0.012224 0.294121
0.168807 0.012080 0.294077
0.168724 0.011937 0.294034
0.168641 0.011794 0.293990
0.168619 0.011585 0.293886
0.168535 0.011442 0.293843
0.168513 0.011232 0.293739
0.168490 0.011023 0.293635
0.168467 0.010813 0.293530
0.168505 0.010537 0.293365
0.168481 0.010326 0.293261
0.168458 0.010114 0.293156
0.168494 0.009835 0.292990
0.168469 0.009623 0.292885
0.168505 0.009343 0.292719
0.168480 0.009129 0.292614
0.168454 0.008915 0.292508
0.168429 0.008701 0.292402
0.168403 0.008486 0.292296
0.168318 0.008339 0.292252
0.168292 0.008123 0.292146
0.168206 0.007976 0.292101
0.168180 0.007760 0.291995
0.168094 0.007613 0.291950
0.168009 0.007465 0.291905
0.167982 0.007248 0.291799
0.167896 0.007100 0.291754
0.167810 0.006953 0.291709
0.167724 0.006805 0.291664
0.167697 0.006587 0.291557
0.167611 0.006439 0.291512
0.167583 0.006221 0.291405
0.167555 0.006001 0.291298
0.167526 0.005782 0.291191
0.167498 0.005562 0.291084
0.167526 0.005270 0.290914
0.167497 0.005049 0.290806
0.167581 0.004683 0.290574
0.167551 0.004461 0.290466
0.167521 0.004238 0.290357
0.192849 0.026126 0.291579
0.192746 0.025948 0.291525
0.192643 0.025770 0.291471
0.192461 0.025628 0.291468
0.192358 0.025450 0.291414
0.183966 0.027324 0.295896
0.183875 0.027167 0.295848
0.183707 0.027048 0.295853
0.183540 0.026930 0.295858
0.183373 0.026812 0.295862
0.183130 0.026733 0.295920
0.182887 0.026656 0.295978
0.182645 0.026579 0.296036
0.182328 0.026543 0.296148
0.182087 0.026468 0.296206
0.181771 0.026434 0.296318
0.181531 0.026361 0.296378
0.181217 0.026330 0.296490
0.180903 0.026300 0.296604
0.180665 0.026230 0.296664
0.180428 0.026161 0.296724
0.180265 0.026051 0.296732
0.180178 0.025900 0.296686
0.180016 0.025791 0.296694
0.179928 0.025641 0.296648
0.179767 0.025532 0.296656
0.179605 0.025424 0.296664
0.179444 0.025317 0.296672
0.179357 0.025167 0.296626
0.179197 0.025060 0.296634
0.179036 0.024954 0.296643
0.178949 0.024804 0.296597
0.178789 0.024698 0.296606
0.178629 0.024593 0.296615
0.178470 0.024488 0.296623
0.178383 0.024339 0.296578
0.178224 0.024235 0.296587
0.178065 0.024131 0.296596
0.177906 0.024027 0.296606
0.177748 0.023924 0.296615
0.177589 0.023822 0.296625
0.177359 0.023765 0.296689
0.177202 0.023664 0.296699
0.176972 0.023609 0.296764
0.176815 0.023508 0.296774
0.176587 0.023455 0.296839
0.176359 0.023402 0.296905
0.176131 0.023351 0.296971
0.175975 0.023252 0.296982
0.175820 0.023155 0.296993
0.175665 0.023058 0.297004
0.175581 0.022913 0.296960
0.175426 0.022816 0.296971
0.175272 0.022720 0.296983
0.175188 0.022576 0.296939
0.175104 0.022431 0.296895
0.174950 0.022336 0.296907
0.174867 0.022192 0.296863
0.174713 0.022097 0.296875
0.174629 0.021954 0.296831
0.174476 0.021860 0.296844
0.174323 0.021766 0.296856
0.174240 0.021622 0.296812
0.174157 0.021479 0.296769
0.174004 0.021386 0.296781
0.173921 0.021243 0.296738
0.173838 0.021100 0.296694
0.173755 0.020957 0.296651
0.173672 0.020814 0.296607
0.173589 0.020670 0.296564
0.173506 0.020527 0.296520
0.173423 0.020384 0.296477
0.173339 0.020241 0.296433
0.173256 0.020098 0.296390
0.173173 0.019954 0.296346
0.173090 0.019811 0.296303
0.173007 0.019668 0.296259
0.172924 0.019525 0.296216
0.172841 0.019382 0.296172
0.172690 0.019292 0.296186
0.172607 0.019149 0.296142
0.172524 0.019006 0.296099
0.172374 0.018918 0.296113
0.172292 0.018775 0.296069
0.172209 0.018632 0.296026
0.172059 0.018545 0.296040
0.171976 0.018402 0.295997
0.171894 0.018259 0.295953
0.171745 0.018173 0.295968
0.171662 0.018030 0.295924
0.171579 0.017888 0.295881
0.171497 0.017746 0.295838
0.171348 0.017660 0.295853
0.171266 0.017518 0.295809
0.171183 0.017376 0.295766
0.171101 0.017233 0.295723
0.171018 0.017091 0.295680
0.170936 0.016949 0.295637
0.170854 0.016807 0.295594
0.170771 0.016665 0.295550
0.170689 0.016523 0.295507
0.170606 0.016381 0.295464
0.170524 0.016239 0.295421
0.170441 0.016096 0.295378
0.170359 0.015954 0.295334
0.170276 0.015812 0.295291
0.170258 0.015611 0.295189
0.170175 0.015468 0.295146
0.170093 0.015326 0.295103
0.170010 0.015183 0.295059
0.169991 0.014981 0.294957
0.169909 0.014838 0.294914
0.169826 0.014696 0.294870
0.169807 0.014492 0.294768
0.169724 0.014349 0.294724
0.169704 0.014145 0.294621
0.169621 0.014002 0.294578
0.169601 0.013797 0.294475
0.169518 0.013654 0.294432
0.169435 0.013511 0.294388
0.169414 0.013305 0.294285
0.169331 0.013161 0.294241
0.169248 0.013018 0.294198
0.169164 0.012875 0.294154
0.169081 0.012731 0.294110
0.168998 0.012588 0.294067
0.168915 0.012444 0.294023
0.168832 0.012301 0.293980
0.168748 0.012158 0.293936
0.168665 0.012014 0.293893
0.168582 0.011871 0.293849
0.168499 0.011727 0.293805
0.168477 0.011519 0.293701
0.168393 0.011375 0.293658
0.168371 0.011166 0.293553
0.168408 0.010891 0.293388
0.168385 0.010680 0.293283
0.168422 0.010403 0.293118
0.168398 0.010192 0.293013
0.168434 0.009914 0.292847
0.168469 0.009634 0.292680
0.168445 0.009421 0.292575
0.168420 0.009208 0.292469
0.168394 0.008994 0.292363
0.168369 0.008780 0.292258
0.168283 0.008633 0.292213
0.168257 0.008418 0.292107
0.168172 0.008271 0.292062
0.168087 0.008124 0.292018
0.168060 0.007908 0.291911
0.167975 0.007761 0.291866
0.167889 0.007614 0.291822
0.167863 0.007397 0.291715
0.167719 0.007319 0.291732
0.167633 0.007172 0.291687
0.167606 0.006955 0.291581
0.167520 0.006807 0.291536
0.167435 0.006660 0.291491
0.167407 0.006441 0.291384
0.167379 0.006223 0.291277
0.167351 0.006004 0.291169
0.167322 0.005784 0.291062
0.167293 0.005565 0.290954
0.167321 0.005273 0.290784
0.192854 0.026187 0.291352
0.192751 0.026008 0.291297
0.192570 0.025866 0.291295
0.192388 0.025723 0.291293
0.192285 0.025545 0.291239
0.183567 0.027171 0.295751
0.183476 0.027014 0.295703
0.183232 0.026935 0.295761
0.183066 0.026817 0.295766
0.182823 0.026739 0.295824
0.182581 0.026662 0.295883
0.182340 0.026586 0.295942
0.182024 0.026551 0.296054
0.181708 0.026517 0.296167
0.181393 0.026484 0.296280
0.181004 0.026493 0.296447
0.180916 0.026341 0.296400
0.180528 0.026352 0.296568
0.180366 0.026242 0.296575
0.180204 0.026132 0.296583
0.180116 0.025981 0.296537
0.179880 0.025914 0.296599
0.179792 0.025764 0.296553
0.179631 0.025655 0.296561
0.179544 0.025505 0.296515
0.179383 0.025398 0.296524
0.179222 0.025290 0.296532
0.179062 0.025184 0.296541
0.178975 0.025034 0.296495
0.178815 0.024928 0.296504
0.178655 0.024822 0.296513
0.178495 0.024717 0.296522
0.178409 0.024568 0.296477
0.178249 0.024463 0.296486
0.178090 0.024359 0.296495
0.177931 0.024255 0.296505
0.177773 0.024152 0.296514
0.177615 0.024049 0.296524
0.177457 0.023947 0.296534
0.177227 0.023890 0.296599
0.177069 0.023789 0.296609
0.176912 0.023688 0.296619
0.176683 0.023633 0.296685
0.176455 0.023580 0.296750
0.176299 0.023481 0.296761
0.176072 0.023429 0.296827
0.175916 0.023330 0.296839
0.175761 0.023233 0.296850
0.175606 0.023135 0.296861
0.175522 0.022991 0.296817
0.175367 0.022894 0.296829
0.175283 0.022749 0.296785
0.175199 0.022605 0.296741
0.175045 0.022509 0.296753
0.174961 0.022365 0.296709
0.174807 0.022270 0.296721
0.174654 0.022175 0.296733
0.174570 0.022031 0.296690
0.174417 0.021937 0.296702
0.174264 0.021843 0.296715
0.174181 0.021700 0.296671
0.174098 0.021556 0.296627
0.173945 0.021463 0.296640
0.173862 0.021320 0.296597
0.173779 0.021177 0.296553
0.173696 0.021034 0.296510
0.173613 0.020890 0.296466
0.173530 0.020747 0.296423
0.173447 0.020604 0.296379
0.173364 0.020461 0.296336
0.173281 0.020318 0.296292
0.173198 0.020175 0.296248
0.173115 0.020031 0.296205
0.173031 0.019888 0.296161
0.172948 0.019745 0.296118
0.172865 0.019602 0.296074
0.172782 0.019459 0.296031
0.172632 0.019369 0.296045
0.172549 0.019226 0.296001
0.172466 0.019083 0.295958
0.172316 0.018994 0.295972
0.172233 0.018852 0.295929
0.172150 0.018709 0.295885
0.172001 0.018621 0.295899
0.171918 0.018479 0.295856
0.171835 0.018336 0.295813
0.171686 0.018249 0.295827
0.171604 0.018107 0.295784
0.171521 0.017964 0.295741
0.171438 0.017822 0.295698
0.171356 0.017680 0.295654
0.171273 0.017537 0.295611
0.171125 0.017452 0.295626
0.171043 0.017310 0.295583
0.170960 0.017168 0.295540
0.170878 0.017026 0.295497
0.170795 0.016884 0.295453
0.170713 0.016741 0.295410
0.170630 0.016599 0.295367
0.170548 0.016457 0.295324
0.170465 0.016315 0.295281
0.170383 0.016173 0.295237
0.170301 0.016031 0.295194
0.170282 0.015829 0.295092
0.170200 0.015687 0.295049
0.170117 0.015545 0.295006
0.170035 0.015402 0.294962
0.169952 0.015260 0.294919
0.169933 0.015057 0.294816
0.169850 0.014915 0.294773
0.169831 0.014711 0.294670
0.169748 0.014569 0.294627
0.169665 0.014426 0.294584
0.169645 0.014222 0.294481
0.169562 0.014079 0.294437
0.169542 0.013874 0.294334
0.169459 0.013731 0.294290
0.169376 0.013588 0.294247
0.169293 0.013444 0.294203
0.169272 0.013238 0.294100
0.169189 0.013095 0.294056
0.169106 0.012952 0.294013
0.169022 0.012808 0.293969
0.168939 0.012665 0.293925
0.168856 0.012521 0.293882
0.168773 0.012378 0.293838
0.168690 0.012235 0.293795
0.168606 0.012091 0.293751
0.168523 0.011948 0.293708
0.168440 0.011804 0.293664
0.168418 0.011596 0.293560
0.168334 0.011452 0.293516
0.168312 0.011243 0.293411
0.168349 0.010968 0.293246
0.168326 0.010758 0.293141
0.168362 0.010481 0.292975
0.168339 0.010270 0.292870
0.168374 0.009992 0.292703
0.168410 0.009713 0.292536
0.168385 0.009500 0.292431
0.168359 0.009287 0.292325
0.168334 0.009073 0.292219
0.168308 0.008859 0.292113
0.168223 0.008712 0.292068
0.168138 0.008565 0.292024
0.168112 0.008350 0.291917
0.168027 0.008203 0.291873
0.167941 0.008056 0.291828
0.167856 0.007909 0.291783
0.167771 0.007762 0.291739
0.167685 0.007615 0.291694
0.167600 0.007468 0.291649
0.167515 0.007321 0.291604
0.167487 0.007104 0.291498
0.167402 0.006957 0.291453
0.167317 0.006809 0.291408
0.167289 0.006591 0.291301
0.167203 0.006444 0.291256
0.167175 0.006226 0.291149
0.167147 0.006007 0.291041
0.167118 0.005787 0.290933
0.167260 0.005353 0.290637
0.192781 0.026282 0.291176
0.192678 0.026104 0.291122
0.192575 0.025926 0.291068
0.183670 0.027374 0.295591
0.183502 0.027255 0.295596
0.183335 0.027137 0.295601
0.183168 0.027019 0.295607
0.183002 0.026901 0.295612
0.182759 0.026823 0.295671
0.182593 0.026707 0.295677
0.182277 0.026670 0.295789
0.182036 0.026594 0.295849
0.181645 0.026599 0.296015
0.181331 0.026566 0.296129
0.180942 0.026575 0.296297
0.180854 0.026423 0.296250
0.180392 0.026474 0.296472
0.180229 0.026364 0.296480
0.180067 0.026255 0.296488
0.179980 0.026104 0.296442
0.179818 0.025995 0.296450
0.179731 0.025845 0.296405
0.179569 0.025736 0.296413
0.179408 0.025628 0.296421
0.179321 0.025478 0.296376
0.179161 0.025371 0.296384
0.179000 0.025264 0.296393
0.178840 0.025158 0.296402
0.178680 0.025052 0.296411
0.178594 0.024902 0.296366
0.178434 0.024797 0.296375
0.178275 0.024692 0.296384
0.178116 0.024588 0.296394
0.177957 0.024483 0.296403
0.177798 0.024380 0.296413
0.177640 0.024276 0.296423
0.177482 0.024174 0.296433
0.177324 0.024071 0.296443
0.177094 0.024015 0.296509
0.176937 0.023913 0.296519
0.176780 0.023813 0.296530
0.176552 0.023758 0.296596
0.176395 0.023658 0.296606
0.176239 0.023559 0.296617
0.176012 0.023507 0.296684
0.175856 0.023408 0.296695
0.175701 0.023311 0.296707
0.175617 0.023166 0.296663
0.175462 0.023068 0.296675
0.175378 0.022924 0.296631
0.175294 0.022779 0.296587
0.175140 0.022683 0.296599
0.175056 0.022538 0.296555
0.174902 0.022442 0.296567
0.174748 0.022347 0.296579
0.174595 0.022252 0.296592
0.174511 0.022108 0.296548
0.174358 0.022014 0.296560
0.174205 0.021920 0.296573
0.174122 0.021777 0.296530
0.174039 0.021633 0.296486
0.173887 0.021540 0.296499
0.173804 0.021397 0.296455
0.173720 0.021254 0.296412
0.173637 0.021111 0.296368
0.173554 0.020967 0.296325
0.173471 0.020824 0.296281
0.173388 0.020681 0.296238
0.173305 0.020538 0.296194
0.173222 0.020395 0.296151
0.173071 0.020304 0.296164
0.172988 0.020161 0.296121
0.172905 0.020018 0.296078
0.172890 0.019822 0.295977
0.172807 0.019679 0.295933
0.172656 0.019589 0.295947
0.172573 0.019446 0.295904
0.172490 0.019303 0.295860
0.172407 0.019160 0.295817
0.172324 0.019017 0.295773
0.172174 0.018928 0.295788
0.172092 0.018786 0.295744
0.172009 0.018643 0.295701
0.171859 0.018555 0.295716
0.171777 0.018413 0.295672
0.171694 0.018270 0.295629
0.171611 0.018128 0.295586
0.171463 0.018041 0.295601
0.171380 0.017899 0.295557
0.171298 0.017756 0.295514
0.171215 0.017614 0.295471
0.171132 0.017472 0.295428
0.170984 0.017386 0.295443
0.170902 0.017244 0.295400
0.170819 0.017102 0.295356
0.170737 0.016960 0.295313
0.170655 0.016818 0.295270
0.170572 0.016676 0.295227
0.170490 0.016534 0.295184
0.170407 0.016391 0.295141
0.170325 0.016249 0.295097
0.170307 0.016048 0.294995
0.170224 0.015906 0.294952
0.170141 0.015764 0.294908
0.170059 0.015621 0.294865
0.169976 0.015479 0.294822
0.169957 0.015276 0.294719
0.169874 0.015134 0.294676
0.169792 0.014991 0.294633
0.169772 0.014788 0.294530
0.169689 0.014645 0.294486
0.169670 0.014442 0.294383
0.169587 0.014299 0.294340
0.169504 0.014156 0.294296
0.169483 0.013951 0.294193
0.169400 0.013808 0.294149
0.169317 0.013665 0.294106
0.169234 0.013521 0.294062
0.169151 0.013378 0.294019
0.169068 0.013235 0.293975
0.169047 0.013029 0.293871
0.168964 0.012885 0.293828
0.168880 0.012742 0.293784
0.168797 0.012599 0.293740
0.168714 0.012455 0.293697
0.168631 0.012312 0.293653
0.168548 0.012168 0.293610
0.168464 0.012025 0.293566
0.168381 0.011881 0.293523
0.168359 0.011673 0.293418
0.168275 0.011530 0.293374
0.168253 0.011321 0.293270
0.168290 0.011046 0.293104
0.168267 0.010836 0.292999
0.168243 0.010625 0.292893
0.168279 0.010348 0.292727
0.168315 0.010070 0.292560
0.168350 0.009791 0.292392
0.168325 0.009579 0.292287
0.168299 0.009365 0.292181
0.168274 0.009152 0.292074
0.168189 0.009005 0.292030
0.168163 0.008791 0.291923
0.168078 0.008644 0.291879
0.167993 0.008497 0.291834
0.167907 0.008350 0.291790
0.167881 0.008135 0.291683
0.167796 0.007988 0.291638
0.167710 0.007841 0.291594
0.167625 0.007694 0.291549
0.167540 0.007547 0.291504
0.167454 0.007400 0.291460
0.167369 0.007253 0.291415
0.167284 0.007106 0.291370
0.167198 0.006959 0.291325
0.167171 0.006741 0.291218
0.167143 0.006523 0.291111
0.167057 0.006376 0.291066
0.166972 0.006228 0.291021
0.166943 0.006010 0.290913
0.192786 0.026343 0.290948
0.192683 0.026165 0.290894
0.192579 0.025987 0.290840
0.183605 0.027458 0.295436
0.183438 0.027339 0.295441
0.183271 0.027221 0.295447
0.183104 0.027103 0.295452
0.182938 0.026985 0.295458
0.182771 0.026868 0.295464
0.182530 0.026790 0.295523
0.182289 0.026713 0.295583
0.182048 0.026638 0.295643
0.181958 0.026483 0.295596
0.180330 0.026556 0.296323
0.180167 0.026445 0.296331
0.180005 0.026336 0.296340
0.179918 0.026185 0.296294
0.179756 0.026076 0.296302
0.179595 0.025967 0.296311
0.179508 0.025817 0.296265
0.179347 0.025709 0.296273
0.179186 0.025601 0.296282
0.179026 0.025494 0.296291
0.178865 0.025387 0.296300
0.178705 0.025281 0.296309
0.178619 0.025132 0.296264
0.178459 0.025026 0.296273
0.178300 0.024921 0.296283
0.178141 0.024816 0.296293
0.177982 0.024711 0.296302
0.177823 0.024607 0.296312
0.177665 0.024504 0.296322
0.177507 0.024401 0.296332
0.177349 0.024298 0.296343
0.177191 0.024196 0.296353
0.177034 0.024094 0.296364
0.176877 0.023992 0.296374
0.176648 0.023937 0.296440
0.176492 0.023837 0.296451
0.176335 0.023737 0.296463
0.176179 0.023637 0.296474
0.175952 0.023585 0.296541
0.175868 0.023440 0.296497
0.175713 0.023341 0.296508
0.175558 0.023243 0.296520
0.175474 0.023099 0.296476
0.175319 0.023001 0.296488
0.175235 0.022857 0.296444
0.175081 0.022760 0.296456
0.174927 0.022664 0.296468
0.174843 0.022520 0.296425
0.174689 0.022424 0.296437
0.174536 0.022329 0.296450
0.174383 0.022235 0.296462
0.174299 0.022091 0.296419
0.174147 0.021997 0.296432
0.174063 0.021854 0.296388
0.173911 0.021760 0.296401
0.173828 0.021617 0.296358
0.173745 0.021474 0.296314
0.173662 0.021331 0.296271
0.173579 0.021188 0.296227
0.173427 0.021096 0.296241
0.173344 0.020953 0.296197
0.173261 0.020810 0.296154
0.173178 0.020667 0.296110
0.173095 0.020524 0.296067
0.173012 0.020381 0.296023
0.172929 0.020238 0.295980
0.172846 0.020095 0.295937
0.172763 0.019952 0.295893
0.172680 0.019809 0.295850
0.172597 0.019666 0.295806
0.172514 0.019523 0.295763
0.172432 0.019380 0.295719
0.172349 0.019237 0.295676
0.172266 0.019094 0.295632
0.172116 0.019005 0.295647
0.172033 0.018862 0.295604
0.171950 0.018720 0.295560
0.171867 0.018577 0.295517
0.171718 0.018489 0.295532
0.171636 0.018347 0.295488
0.171553 0.018204 0.295445
0.171470 0.018062 0.295402
0.171387 0.017919 0.295358
0.171239 0.017833 0.295374
0.171157 0.017690 0.295330
0.171074 0.017548 0.295287
0.170991 0.017406 0.295244
0.170909 0.017263 0.295201
0.170761 0.017178 0.295216
0.170679 0.017036 0.295173
0.170596 0.016894 0.295130
0.170578 0.016694 0.295028
0.170496 0.016552 0.294984
0.170413 0.016409 0.294941
0.170331 0.016267 0.294898
0.170248 0.016125 0.294855
0.170166 0.015982 0.294811
0.170083 0.015840 0.294768
0.170000 0.015698 0.294725
0.169981 0.015496 0.294622
0.169899 0.015353 0.294579
0.169816 0.015211 0.294535
0.169797 0.015008 0.294432
0.169714 0.014865 0.294389
0.169631 0.014722 0.294345
0.169611 0.014518 0.294242
0.169528 0.014375 0.294199
0.169508 0.014171 0.294095
0.169425 0.014028 0.294051
0.169342 0.013885 0.294008
0.169259 0.013741 0.293964
0.169175 0.013598 0.293921
0.169092 0.013455 0.293877
0.169009 0.013312 0.293834
0.168926 0.013169 0.293790
0.168843 0.013026 0.293747
0.168822 0.012819 0.293643
0.168738 0.012676 0.293599
0.168655 0.012532 0.293555
0.168572 0.012389 0.293512
0.168489 0.012245 0.293468
0.168406 0.012102 0.293425
0.168322 0.011959 0.293381
0.168300 0.011750 0.293276
0.168217 0.011607 0.293233
0.168194 0.011398 0.293128
0.168171 0.011189 0.293023
0.168207 0.010913 0.292856
0.168184 0.010703 0.292751
0.168220 0.010426 0.292584
0.168255 0.010148 0.292416
0.168230 0.009936 0.292310
0.168205 0.009724 0.292204
0.168180 0.009511 0.292098
0.168155 0.009298 0.291992
0.168129 0.009084 0.291885
0.168044 0.008937 0.291841
0.168018 0.008723 0.291734
0.167932 0.008576 0.291689
0.167847 0.008429 0.291645
0.167762 0.008282 0.291600
0.167735 0.008067 0.291493
0.167650 0.007920 0.291449
0.167565 0.007773 0.291404
0.167479 0.007626 0.291359
0.167394 0.007479 0.291315
0.167309 0.007332 0.291270
0.167223 0.007185 0.291225
0.167138 0.007038 0.291180
0.167110 0.006820 0.291073
0.167025 0.006673 0.291028
0.166939 0.006526 0.290983
0.166911 0.006308 0.290876
0.166883 0.006089 0.290768
0.192713 0.026439 0.290772
0.192610 0.026261 0.290718
0.192506 0.026082 0.290664
0.183465 0.027581 0.295334
0.183374 0.027424 0.295287
0.183207 0.027305 0.295292
0.183116 0.027148 0.295245
0.182949 0.027030 0.295251
0.182783 0.026913 0.295257
0.182541 0.026835 0.295316
0.182300 0.026758 0.295376
0.182210 0.026602 0.295329
0.180193 0.026677 0.296228
0.180031 0.026567 0.296237
0.179944 0.026417 0.296191
0.179856 0.026266 0.296145
0.179695 0.026157 0.296154
0.179533 0.026048 0.296162
0.179446 0.025898 0.296117
0.179285 0.025789 0.296126
0.179125 0.025682 0.296135
0.178964 0.025574 0.296144
0.178804 0.025468 0.296153
0.178644 0.025361 0.296162
0.178485 0.025255 0.296172
0.178325 0.025149 0.296181
0.178166 0.025044 0.296191
0.178007 0.024939 0.296201
0.177849 0.024835 0.296211
0.177690 0.024731 0.296221
0.177532 0.024628 0.296232
0.177374 0.024525 0.296242
0.177216 0.024422 0.296253
0.177059 0.024320 0.296263
0.176902 0.024218 0.296274
0.176745 0.024117 0.296285
0.176588 0.024016 0.296296
0.176432 0.023915 0.296307
0.176276 0.023815 0.296319
0.176120 0.023716 0.296330
0.175964 0.023616 0.296342
0.175808 0.023518 0.296353
0.175653 0.023419 0.296365
0.175498 0.023321 0.296377
0.175414 0.023176 0.296333
0.175260 0.023079 0.296345
0.175176 0.022935 0.296301
0.175022 0.022838 0.296314
0.174868 0.022742 0.296326
0.174784 0.022597 0.296282
0.174630 0.022502 0.296295
0.174477 0.022407 0.296308
0.174324 0.022312 0.296321
0.174241 0.022168 0.296277
0.174088 0.022074 0.296290
0.173935 0.021981 0.296304
0.173852 0.021837 0.296260
0.173769 0.021694 0.296217
0.173686 0.021551 0.296173
0.173603 0.021408 0.296130
0.173451 0.021315 0.296143
0.173368 0.021172 0.296100
0.173285 0.021029 0.296056
0.173202 0.020886 0.296013
0.173120 0.020743 0.295969
0.173037 0.020600 0.295926
0.172954 0.020457 0.295883
0.172871 0.020314 0.295839
0.172788 0.020172 0.295796
0.172705 0.020029 0.295752
0.172622 0.019886 0.295709
0.172539 0.019743 0.295665
0.172456 0.019600 0.295622
0.172373 0.019457 0.295578
0.172290 0.019314 0.295535
0.172207 0.019171 0.295491
0.172057 0.019082 0.295506
0.171975 0.018939 0.295463
0.171892 0.018796 0.295419
0.171809 0.018654 0.295376
0.171726 0.018511 0.295333
0.171643 0.018368 0.295289
0.171494 0.018281 0.295305
0.171412 0.018138 0.295261
0.171329 0.017996 0.295218
0.171246 0.017853 0.295175
0.171098 0.017767 0.295190
0.171016 0.017625 0.295147
0.170933 0.017482 0.295104
0.170850 0.017340 0.295060
0.170768 0.017198 0.295017
0.170685 0.017055 0.294974
0.170603 0.016913 0.294931
0.170520 0.016771 0.294887
0.170438 0.016628 0.294844
0.170355 0.016486 0.294801
0.170272 0.016344 0.294758
0.170190 0.016201 0.294714
0.170107 0.016059 0.294671
0.170088 0.015857 0.294568
0.170006 0.015715 0.294525
0.169923 0.015572 0.294481
0.169840 0.015430 0.294438
0.169821 0.015227 0.294335
0.169738 0.015084 0.294291
0.169655 0.014942 0.294248
0.169635 0.014738 0.294145
0.169552 0.014595 0.294101
0.169469 0.014452 0.294058
0.169387 0.014309 0.294014
0.169366 0.014105 0.293910
0.169283 0.013962 0.293867
0.169200 0.013818 0.293823
0.169117 0.013675 0.293780
0.169034 0.013532 0.293736
0.168951 0.013389 0.293693
0.168868 0.013246 0.293649
0.168784 0.013102 0.293606
0.168763 0.012896 0.293501
0.168680 0.012753 0.293458
0.168596 0.012609 0.293414
0.168513 0.012466 0.293371
0.168430 0.012322 0.293327
0.168347 0.012179 0.293283
0.168264 0.012036 0.293240
0.168241 0.011828 0.293135
0.168158 0.011684 0.293091
0.168135 0.011475 0.292986
0.168111 0.011266 0.292881
0.168088 0.011056 0.292775
0.168124 0.010781 0.292608
0.168100 0.010570 0.292502
0.168136 0.010293 0.292335
0.168170 0.010015 0.292167
0.168145 0.009802 0.292060
0.168061 0.009656 0.292016
0.168035 0.009443 0.291909
0.168010 0.009230 0.291803
0.167984 0.009016 0.291696
0.167899 0.008869 0.291652
0.167872 0.008655 0.291545
0.167787 0.008508 0.291500
0.167702 0.008361 0.291455
0.167617 0.008214 0.291411
0.167590 0.007999 0.291304
0.167504 0.007852 0.291259
0.167419 0.007705 0.291214
0.167334 0.007558 0.291170
0.167249 0.007411 0.291125
0.167163 0.007264 0.291080
0.167078 0.007117 0.291036
0.167050 0.006899 0.290928
0.166965 0.006752 0.290883
0.166879 0.006605 0.290838
0.166851 0.006387 0.290730
0.192640 0.026535 0.290596
0.192537 0.026357 0.290542
0.192511 0.026143 0.290435
0.192407 0.025965 0.290381
0.183400 0.027665 0.295180
0.183309 0.027508 0.295132
0.183142 0.027389 0.295138
0.183052 0.027233 0.295090
0.182885 0.027114 0.295096
0.182719 0.026997 0.295103
0.182477 0.026919 0.295163
0.182387 0.026763 0.295115
0.180131 0.026758 0.296080
0.179969 0.026648 0.296088
0.179882 0.026498 0.296042
0.179720 0.026388 0.296051
0.179633 0.026238 0.296005
0.179546 0.026087 0.295960
0.179385 0.025978 0.295969
0.179224 0.025870 0.295978
0.179063 0.025762 0.295987
0.178903 0.025655 0.295996
0.178743 0.025548 0.296006
0.178583 0.025441 0.296015
0.178351 0.025378 0.296080
0.178191 0.025273 0.296090
0.178032 0.025168 0.296100
0.177874 0.025063 0.296110
0.177715 0.024959 0.296120
0.177557 0.024855 0.296131
0.177399 0.024751 0.296142
0.177241 0.024648 0.296152
0.177084 0.024546 0.296163
0.176927 0.024444 0.296174
0.176842 0.024297 0.296129
0.176685 0.024196 0.296140
0.176528 0.024095 0.296152
0.176372 0.023994 0.296163
0.176216 0.023894 0.296175
0.176060 0.023794 0.296186
0.175904 0.023695 0.296198
0.175749 0.023596 0.296210
0.175594 0.023497 0.296222
0.175510 0.023352 0.296178
0.175355 0.023254 0.296190
0.175271 0.023109 0.296146
0.175116 0.023012 0.296159
0.174962 0.022916 0.296171
0.174808 0.022819 0.296184
0.174655 0.022723 0.296197
0.174501 0.022628 0.296210
0.174418 0.022484 0.296166
0.174265 0.022389 0.296179
0.174112 0.022295 0.296193
0.174029 0.022151 0.296149
0.173877 0.022057 0.296162
0.173794 0.021914 0.296119
0.173711 0.021771 0.296075
0.173627 0.021628 0.296032
0.173476 0.021535 0.296046
0.173393 0.021392 0.296002
0.173310 0.021249 0.295959
0.173227 0.021106 0.295915
0.173144 0.020963 0.295872
0.173061 0.020820 0.295828
0.172978 0.020677 0.295785
0.172895 0.020534 0.295742
0.172812 0.020391 0.295698
0.172729 0.020248 0.295655
0.172646 0.020105 0.295611
0.172563 0.019962 0.295568
0.172480 0.019819 0.295524
0.172397 0.019676 0.295481
0.172314 0.019533 0.295437
0.172231 0.019390 0.295394
0.172148 0.019248 0.295351
0.172065 0.019105 0.295307
0.171916 0.019016 0.295322
0.171833 0.018873 0.295279
0.171750 0.018730 0.295235
0.171668 0.018588 0.295192
0.171585 0.018445 0.295149
0.171502 0.018302 0.295105
0.171419 0.018159 0.295062
0.171271 0.018072 0.295077
0.171188 0.017930 0.295034
0.171105 0.017787 0.294991
0.171022 0.017645 0.294947
0.170875 0.017559 0.294963
0.170792 0.017416 0.294920
0.170710 0.017274 0.294877
0.170627 0.017132 0.294834
0.170544 0.016989 0.294790
0.170462 0.016847 0.294747
0.170379 0.016705 0.294704
0.170297 0.016562 0.294661
0.170278 0.016362 0.294558
0.170195 0.016219 0.294514
0.170113 0.016077 0.294471
0.170030 0.015934 0.294428
0.169947 0.015791 0.294384
0.169865 0.015649 0.294341
0.169845 0.015447 0.294237
0.169762 0.015304 0.294194
0.169680 0.015161 0.294151
0.169597 0.015018 0.294107
0.169577 0.014815 0.294004
0.169494 0.014672 0.293960
0.169411 0.014529 0.293917
0.169328 0.014386 0.293873
0.169245 0.014243 0.293830
0.169162 0.014100 0.293786
0.169141 0.013895 0.293682
0.169058 0.013752 0.293639
0.168975 0.013609 0.293595
0.168892 0.013466 0.293552
0.168870 0.013260 0.293447
0.168787 0.013117 0.293403
0.168704 0.012973 0.293360
0.168621 0.012830 0.293316
0.168538 0.012686 0.293273
0.168454 0.012543 0.293229
0.168371 0.012400 0.293186
0.168288 0.012256 0.293142
0.168205 0.012113 0.293098
0.168182 0.011905 0.292993
0.168159 0.011696 0.292888
0.168076 0.011553 0.292844
0.168052 0.011343 0.292739
0.168029 0.011134 0.292633
0.168065 0.010858 0.292465
0.168041 0.010648 0.292359
0.168016 0.010437 0.292253
0.168051 0.010159 0.292085
0.168026 0.009947 0.291979
0.168001 0.009735 0.291872
0.167975 0.009522 0.291765
0.167891 0.009376 0.291721
0.167865 0.009162 0.291614
0.167838 0.008948 0.291507
0.167753 0.008802 0.291463
0.167727 0.008587 0.291355
0.167642 0.008440 0.291311
0.167556 0.008293 0.291266
0.167529 0.008078 0.291159
0.167444 0.007931 0.291114
0.167359 0.007784 0.291069
0.167274 0.007637 0.291025
0.167188 0.007490 0.290980
0.167103 0.007343 0.290935
0.167018 0.007196 0.290891
0.166990 0.006979 0.290783
0.166904 0.006831 0.290738
0.166876 0.006614 0.290630
0.192645 0.026597 0.290368
0.192541 0.026418 0.290314
0.192438 0.026239 0.290259
0.192334 0.026061 0.290205
0.183336 0.027749 0.295025
0.183245 0.027592 0.294977
0.183078 0.027473 0.294984
0.182987 0.027317 0.294936
0.182821 0.027199 0.294942
0.182655 0.027081 0.294949
0.182489 0.026963 0.294955
0.182398 0.026807 0.294908
0.180144 0.026799 0.295877
0.179982 0.026689 0.295885
0.179820 0.026579 0.295894
0.179659 0.026469 0.295903
0.179571 0.026318 0.295857
0.179484 0.026168 0.295811
0.179323 0.026059 0.295821
0.179162 0.025951 0.295830
0.179002 0.025843 0.295839
0.178842 0.025735 0.295849
0.178682 0.025628 0.295858
0.178449 0.025564 0.295923
0.178290 0.025458 0.295933
0.178130 0.025352 0.295944
0.177899 0.025291 0.296009
0.177740 0.025186 0.296020
0.177582 0.025082 0.296030
0.177424 0.024978 0.296041
0.177266 0.024875 0.296052
0.177109 0.024772 0.296063
0.177024 0.024625 0.296018
0.176867 0.024523 0.296029
0.176710 0.024421 0.296041
0.176553 0.024320 0.296052
0.176397 0.024219 0.296063
0.176312 0.024073 0.296019
0.176156 0.023972 0.296031
0.176000 0.023872 0.296043
0.175845 0.023773 0.296055
0.175760 0.023627 0.296010
0.175605 0.023529 0.296023
0.175450 0.023430 0.296035
0.175295 0.023332 0.296047
0.175211 0.023187 0.296003
0.175057 0.023090 0.296016
0.174903 0.022993 0.296029
0.174749 0.022897 0.296042
0.174596 0.022801 0.296055
0.174442 0.022705 0.296068
0.174289 0.022610 0.296081
0.174206 0.022466 0.296038
0.174053 0.022372 0.296051
0.173970 0.022228 0.296008
0.173818 0.022134 0.296021
0.173735 0.021991 0.295978
0.173652 0.021848 0.295934
0.173500 0.021755 0.295948
0.173417 0.021612 0.295905
0.173334 0.021469 0.295861
0.173251 0.021326 0.295818
0.173168 0.021183 0.295774
0.173085 0.021040 0.295731
0.173002 0.020897 0.295687
0.172851 0.020806 0.295702
0.172769 0.020663 0.295659
0.172686 0.020520 0.295615
0.172603 0.020378 0.295572
0.172520 0.020235 0.295528
0.172505 0.020039 0.295427
0.172422 0.019896 0.295383
0.172339 0.019753 0.295340
0.172256 0.019610 0.295296
0.172173 0.019467 0.295253
0.172090 0.019324 0.295210
0.172007 0.019181 0.295166
0.171924 0.019038 0.295123
0.171775 0.018950 0.295138
0.171692 0.018807 0.295095
0.171609 0.018664 0.295051
0.171526 0.018522 0.295008
0.171443 0.018379 0.294964
0.171360 0.018236 0.294921
0.171278 0.018093 0.294878
0.171129 0.018006 0.294894
0.171047 0.017864 0.294850
0.170964 0.017721 0.294807
0.170881 0.017579 0.294764
0.170799 0.017436 0.294720
0.170716 0.017294 0.294677
0.170633 0.017151 0.294634
0.170550 0.017008 0.294590
0.170468 0.016866 0.294547
0.170385 0.016723 0.294504
0.170302 0.016581 0.294460
0.170220 0.016438 0.294417
0.170137 0.016296 0.294374
0.170054 0.016153 0.294330
0.169972 0.016011 0.294287
0.169889 0.015868 0.294244
0.169870 0.015666 0.294140
0.169787 0.015523 0.294097
0.169704 0.015381 0.294053
0.169621 0.015238 0.294010
0.169538 0.015095 0.293967
0.169455 0.014952 0.293923
0.169435 0.014749 0.293819
0.169352 0.014606 0.293776
0.169269 0.014463 0.293732
0.169186 0.014320 0.293689
0.169103 0.014177 0.293645
0.169020 0.014034 0.293602
0.168937 0.013891 0.293558
0.168916 0.013686 0.293454
0.168833 0.013543 0.293410
0.168750 0.013400 0.293367
0.168728 0.013194 0.293262
0.168645 0.013050 0.293218
0.168562 0.012907 0.293175
0.168479 0.012763 0.293131
0.168396 0.012620 0.293088
0.168312 0.012477 0.293044
0.168229 0.012333 0.293001
0.168207 0.012126 0.292895
0.168123 0.011982 0.292852
0.168100 0.011774 0.292746
0.168017 0.011630 0.292702
0.167993 0.011421 0.292597
0.167970 0.011212 0.292491
0.167946 0.011002 0.292385
0.167981 0.010726 0.292217
0.167957 0.010515 0.292110
0.167932 0.010304 0.292004
0.167907 0.010092 0.291897
0.167882 0.009880 0.291791
0.167856 0.009667 0.291684
0.167831 0.009454 0.291577
0.167746 0.009308 0.291532
0.167720 0.009094 0.291425
0.167693 0.008880 0.291318
0.167608 0.008734 0.291273
0.167581 0.008519 0.291166
0.167496 0.008372 0.291121
0.167469 0.008157 0.291014
0.167384 0.008010 0.290969
0.167299 0.007863 0.290924
0.167213 0.007716 0.290880
0.167186 0.007499 0.290772
0.167100 0.007352 0.290727
0.167015 0.007205 0.290682
0.166986 0.006988 0.290574
0.166958 0.006770 0.290466
0.166872 0.006622 0.290421
0.192649 0.026658 0.290139
0.192468 0.026514 0.290137
0.192364 0.026335 0.290083
0.183272 0.027833 0.294870
0.183181 0.027677 0.294823
0.183014 0.027558 0.294829
0.182923 0.027401 0.294781
0.182757 0.027283 0.294788
0.182591 0.027165 0.294795
0.182425 0.027047 0.294801
0.182334 0.026891 0.294754
0.180156 0.026840 0.295673
0.179994 0.026729 0.295682
0.179832 0.026619 0.295691
0.179671 0.026509 0.295700
0.179583 0.026358 0.295654
0.179422 0.026249 0.295663
0.179261 0.026140 0.295672
0.179101 0.026031 0.295682
0.178940 0.025923 0.295691
0.178780 0.025816 0.295701
0.178620 0.025708 0.295711
0.178388 0.025644 0.295777
0.178229 0.025538 0.295787
0.177997 0.025475 0.295853
0.177838 0.025370 0.295863
0.177607 0.025309 0.295929
0.177449 0.025205 0.295940
0.177292 0.025101 0.295951
0.177134 0.024998 0.295962
0.176977 0.024895 0.295974
0.176892 0.024749 0.295929
0.176735 0.024646 0.295941
0.176650 0.024500 0.295896
0.176493 0.024398 0.295908
0.176337 0.024297 0.295919
0.176252 0.024151 0.295875
0.176096 0.024051 0.295887
0.176011 0.023905 0.295843
0.175856 0.023805 0.295855
0.175700 0.023706 0.295867
0.175616 0.023560 0.295823
0.175461 0.023461 0.295835
0.175306 0.023363 0.295848
0.175152 0.023265 0.295861
0.174998 0.023168 0.295873
0.174844 0.023071 0.295886
0.174690 0.022974 0.295900
0.174537 0.022878 0.295913
0.174384 0.022782 0.295926
0.174231 0.022687 0.295940
0.174078 0.022592 0.295953
0.173995 0.022449 0.295910
0.173842 0.022355 0.295924
0.173759 0.022211 0.295880
0.173676 0.022068 0.295837
0.173593 0.021925 0.295793
0.173441 0.021832 0.295807
0.173358 0.021689 0.295764
0.173275 0.021546 0.295720
0.173193 0.021403 0.295677
0.173110 0.021260 0.295633
0.172959 0.021168 0.295648
0.172876 0.021025 0.295605
0.172793 0.020883 0.295561
0.172710 0.020740 0.295518
0.172627 0.020597 0.295474
0.172544 0.020454 0.295431
0.172462 0.020311 0.295388
0.172379 0.020169 0.295344
0.172296 0.020026 0.295301
0.172213 0.019883 0.295258
0.172130 0.019740 0.295214
0.172114 0.019544 0.295112
0.172031 0.019401 0.295069
0.171948 0.019258 0.295025
0.171865 0.019115 0.294982
0.171716 0.019027 0.294997
0.171633 0.018884 0.294954
0.171550 0.018741 0.294910
0.171468 0.018598 0.294867
0.171385 0.018455 0.294824
0.171302 0.018313 0.294780
0.171219 0.018170 0.294737
0.171136 0.018027 0.294694
0.171053 0.017884 0.294650
0.170906 0.017798 0.294666
0.170823 0.017655 0.294623
0.170740 0.017513 0.294580
0.170657 0.017370 0.294536
0.170575 0.017228 0.294493
0.170492 0.017085 0.294450
0.170409 0.016943 0.294406
0.170327 0.016800 0.294363
0.170244 0.016657 0.294320
0.170161 0.016515 0.294276
0.170079 0.016372 0.294233
0.170059 0.016171 0.294130
0.169977 0.016028 0.294086
0.169894 0.015886 0.294043
0.169811 0.015743 0.293999
0.169728 0.015600 0.293956
0.169645 0.015457 0.293913
0.169562 0.015315 0.293869
0.169480 0.015172 0.293826
0.169397 0.015029 0.293782
0.169314 0.014886 0.293739
0.169231 0.014744 0.293696
0.169148 0.014601 0.293652
0.169065 0.014458 0.293609
0.169045 0.014254 0.293504
0.168962 0.014111 0.293461
0.168879 0.013968 0.293418
0.168858 0.013763 0.293313
0.168774 0.013620 0.293269
0.168691 0.013477 0.293226
0.168670 0.013271 0.293121
0.168586 0.013127 0.293077
0.168503 0.012984 0.293034
0.168420 0.012841 0.292990
0.168337 0.012697 0.292946
0.168254 0.012554 0.292903
0.168170 0.012410 0.292859
0.168148 0.012203 0.292754
0.168064 0.012059 0.292710
0.168041 0.011851 0.292604
0.168018 0.011642 0.292498
0.167934 0.011498 0.292455
0.167911 0.011289 0.292349
0.167887 0.011079 0.292242
0.167862 0.010869 0.292136
0.167838 0.010659 0.292030
0.167813 0.010448 0.291923
0.167788 0.010236 0.291816
0.167763 0.010025 0.291710
0.167738 0.009812 0.291603
0.167712 0.009600 0.291496
0.167686 0.009387 0.291388
0.167660 0.009173 0.291281
0.167633 0.008959 0.291173
0.167548 0.008813 0.291129
0.167521 0.008598 0.291021
0.167436 0.008451 0.290977
0.167409 0.008236 0.290869
0.167324 0.008089 0.290824
0.167238 0.007942 0.290779
0.167211 0.007726 0.290671
0.167125 0.007579 0.290626
0.167097 0.007362 0.290518
0.167069 0.007145 0.290410
0.167040 0.006927 0.290301
0.167011 0.006709 0.290192
0.192395 0.026610 0.289961
0.192291 0.026431 0.289907
0.183116 0.027761 0.294668
0.182950 0.027642 0.294675
0.182783 0.027523 0.294681
0.182693 0.027367 0.294634
0.182527 0.027249 0.294641
0.182286 0.027170 0.294702
0.182045 0.027092 0.294764
0.181955 0.026936 0.294717
0.180006 0.026770 0.295478
0.179845 0.026659 0.295487
0.179683 0.026549 0.295496
0.179595 0.026398 0.295450
0.179361 0.026330 0.295515
0.179273 0.026179 0.295469
0.179113 0.026070 0.295479
0.178952 0.025962 0.295488
0.178719 0.025896 0.295554
0.178559 0.025789 0.295564
0.178327 0.025724 0.295630
0.178095 0.025661 0.295696
0.177936 0.025555 0.295706
0.177705 0.025493 0.295773
0.177547 0.025388 0.295784
0.177317 0.025328 0.295851
0.177159 0.025224 0.295862
0.177002 0.025121 0.295874
0.176917 0.024974 0.295829
0.176760 0.024872 0.295841
0.176675 0.024725 0.295796
0.176589 0.024579 0.295751
0.176433 0.024477 0.295763
0.176277 0.024376 0.295775
0.176192 0.024230 0.295731
0.176036 0.024129 0.295743
0.175951 0.023983 0.295699
0.175796 0.023883 0.295711
0.175711 0.023738 0.295667
0.175556 0.023638 0.295679
0.175402 0.023539 0.295692
0.175247 0.023441 0.295705
0.175093 0.023343 0.295718
0.174938 0.023246 0.295731
0.174785 0.023148 0.295744
0.174631 0.023052 0.295757
0.174478 0.022956 0.295771
0.174325 0.022860 0.295784
0.174172 0.022764 0.295798
0.174019 0.022669 0.295812
0.173936 0.022526 0.295768
0.173784 0.022432 0.295782
0.173701 0.022288 0.295739
0.173549 0.022195 0.295753
0.173466 0.022052 0.295710
0.173383 0.021909 0.295666
0.173300 0.021766 0.295623
0.173217 0.021623 0.295579
0.173134 0.021480 0.295536
0.172983 0.021388 0.295551
0.172900 0.021245 0.295507
0.172817 0.021102 0.295464
0.172734 0.020959 0.295420
0.172652 0.020817 0.295377
0.172569 0.020674 0.295334
0.172486 0.020531 0.295290
0.172403 0.020388 0.295247
0.172320 0.020245 0.295204
0.172237 0.020103 0.295160
0.172155 0.019960 0.295117
0.172072 0.019817 0.295073
0.171989 0.019674 0.295030
0.171906 0.019532 0.294987
0.171823 0.019389 0.294943
0.171740 0.019246 0.294900
0.171658 0.019103 0.294856
0.171575 0.018961 0.294813
0.171492 0.018818 0.294770
0.171409 0.018675 0.294726
0.171326 0.018532 0.294683
0.171243 0.018389 0.294640
0.171161 0.018247 0.294596
0.171078 0.018104 0.294553
0.170995 0.017961 0.294509
0.170912 0.017818 0.294466
0.170829 0.017676 0.294423
0.170682 0.017589 0.294439
0.170599 0.017447 0.294396
0.170516 0.017304 0.294352
0.170434 0.017162 0.294309
0.170415 0.016962 0.294206
0.170332 0.016819 0.294162
0.170249 0.016676 0.294119
0.170167 0.016533 0.294076
0.170084 0.016391 0.294032
0.170001 0.016248 0.293989
0.169918 0.016105 0.293945
0.169835 0.015962 0.293902
0.169752 0.015820 0.293859
0.169670 0.015677 0.293815
0.169587 0.015534 0.293772
0.169504 0.015391 0.293728
0.169421 0.015249 0.293685
0.169338 0.015106 0.293642
0.169255 0.014963 0.293598
0.169173 0.014820 0.293555
0.169090 0.014678 0.293512
0.169007 0.014535 0.293468
0.168924 0.014392 0.293425
0.168841 0.014249 0.293381
0.168820 0.014045 0.293277
0.168737 0.013902 0.293233
0.168716 0.013697 0.293128
0.168633 0.013554 0.293085
0.168611 0.013348 0.292979
0.168528 0.013204 0.292936
0.168444 0.013061 0.292892
0.168361 0.012918 0.292849
0.168278 0.012774 0.292805
0.168195 0.012631 0.292761
0.168172 0.012424 0.292656
0.168089 0.012280 0.292612
0.168066 0.012072 0.292506
0.167982 0.011928 0.292462
0.167959 0.011720 0.292356
0.167875 0.011576 0.292313
0.167851 0.011367 0.292206
0.167827 0.011157 0.292100
0.167803 0.010947 0.291993
0.167778 0.010737 0.291887
0.167754 0.010526 0.291780
0.167729 0.010315 0.291673
0.167703 0.010103 0.291566
0.167678 0.009891 0.291459
0.167652 0.009678 0.291352
0.167626 0.009465 0.291244
0.167600 0.009252 0.291137
0.167573 0.009038 0.291029
0.167488 0.008891 0.290984
0.167461 0.008677 0.290876
0.167376 0.008530 0.290832
0.167349 0.008315 0.290724
0.167263 0.008168 0.290679
0.167236 0.007952 0.290571
0.167150 0.007805 0.290526
0.167122 0.007589 0.290418
0.167094 0.007372 0.290309
0.167065 0.007155 0.290200
0.167037 0.006937 0.290091
0.167121 0.006579 0.289854
0.167289 0.005859 0.289379
0.167202 0.005709 0.289334
0.167227 0.005417 0.289160
0.192399 0.026672 0.289732
0.192295 0.026493 0.289678
0.182976 0.027883 0.294568
0.182886 0.027726 0.294520
0.182719 0.027607 0.294527
0.182553 0.027489 0.294534
0.182387 0.027371 0.294541
0.182147 0.027292 0.294603
0.181907 0.027214 0.294665
0.181817 0.027059 0.294618
0.180966 0.027103 0.295018
0.180728 0.027028 0.295082
0.180491 0.026955 0.295145
0.180254 0.026883 0.295209
0.180166 0.026731 0.295163
0.179856 0.026700 0.295283
0.179621 0.026630 0.295347
0.179534 0.026479 0.295301
0.179373 0.026370 0.295311
0.179212 0.026260 0.295321
0.179051 0.026151 0.295330
0.178891 0.026043 0.295340
0.178658 0.025976 0.295406
0.178498 0.025869 0.295417
0.178266 0.025804 0.295483
0.178034 0.025740 0.295549
0.177803 0.025677 0.295616
0.177644 0.025572 0.295627
0.177414 0.025511 0.295694
0.177256 0.025407 0.295706
0.177099 0.025303 0.295717
0.176942 0.025200 0.295729
0.176785 0.025097 0.295741
0.176699 0.024951 0.295696
0.176543 0.024848 0.295708
0.176458 0.024702 0.295663
0.176373 0.024556 0.295619
0.176217 0.024454 0.295631
0.176132 0.024308 0.295587
0.176047 0.024162 0.295542
0.175892 0.024062 0.295555
0.175807 0.023916 0.295510
0.175652 0.023816 0.295523
0.175567 0.023670 0.295479
0.175412 0.023571 0.295492
0.175258 0.023472 0.295505
0.175103 0.023374 0.295518
0.174949 0.023276 0.295531
0.174725 0.023226 0.295602
0.174572 0.023129 0.295615
0.174419 0.023033 0.295629
0.174266 0.022937 0.295643
0.174113 0.022841 0.295657
0.173960 0.022746 0.295671
0.173808 0.022652 0.295685
0.173725 0.022509 0.295641
0.173642 0.022365 0.295598
0.173490 0.022272 0.295612
0.173407 0.022129 0.295569
0.173324 0.021986 0.295525
0.173241 0.021843 0.295482
0.173158 0.021700 0.295438
0.173075 0.021557 0.295395
0.172924 0.021464 0.295410
0.172842 0.021322 0.295366
0.172759 0.021179 0.295323
0.172676 0.021036 0.295280
0.172593 0.020893 0.295236
0.172510 0.020750 0.295193
0.172427 0.020608 0.295150
0.172345 0.020465 0.295106
0.172262 0.020322 0.295063
0.172179 0.020179 0.295019
0.172096 0.020037 0.294976
0.172013 0.019894 0.294933
0.171930 0.019751 0.294889
0.171848 0.019608 0.294846
0.171765 0.019466 0.294802
0.171682 0.019323 0.294759
0.171599 0.019180 0.294716
0.171516 0.019037 0.294672
0.171433 0.018894 0.294629
0.171351 0.018752 0.294586
0.171268 0.018609 0.294542
0.171185 0.018466 0.294499
0.171102 0.018323 0.294455
0.171019 0.018181 0.294412
0.170936 0.018038 0.294369
0.170854 0.017895 0.294325
0.170771 0.017752 0.294282
0.170688 0.017610 0.294238
0.170605 0.017467 0.294195
0.170522 0.017324 0.294152
0.170439 0.017181 0.294108
0.170357 0.017039 0.294065
0.170274 0.016896 0.294022
0.170191 0.016753 0.293978
0.170108 0.016610 0.293935
0.170025 0.016467 0.293891
0.169942 0.016325 0.293848
0.169860 0.016182 0.293805
0.169777 0.016039 0.293761
0.169694 0.015896 0.293718
0.169611 0.015754 0.293674
0.169528 0.015611 0.293631
0.169445 0.015468 0.293588
0.169363 0.015325 0.293544
0.169280 0.015183 0.293501
0.169135 0.015100 0.293519
0.169052 0.014957 0.293476
0.169031 0.014754 0.293371
0.168948 0.014611 0.293327
0.168866 0.014469 0.293284
0.168783 0.014326 0.293241
0.168762 0.014122 0.293136
0.168679 0.013979 0.293092
0.168657 0.013774 0.292987
0.168574 0.013630 0.292943
0.168552 0.013425 0.292838
0.168469 0.013281 0.292794
0.168386 0.013138 0.292751
0.168302 0.012995 0.292707
0.168219 0.012851 0.292664
0.168197 0.012644 0.292558
0.168113 0.012501 0.292514
0.168030 0.012357 0.292470
0.168007 0.012149 0.292364
0.167923 0.012006 0.292321
0.167900 0.011797 0.292214
0.167816 0.011653 0.292171
0.167792 0.011444 0.292064
0.167768 0.011235 0.291958
0.167684 0.011090 0.291914
0.167660 0.010880 0.291807
0.167635 0.010670 0.291700
0.167610 0.010459 0.291593
0.167585 0.010247 0.291486
0.167559 0.010036 0.291378
0.167533 0.009823 0.291271
0.167507 0.009611 0.291163
0.167481 0.009398 0.291056
0.167455 0.009184 0.290948
0.167428 0.008970 0.290840
0.167401 0.008756 0.290732
0.167316 0.008609 0.290687
0.167288 0.008394 0.290579
0.167261 0.008179 0.290470
0.167175 0.008031 0.290426
0.167147 0.007815 0.290317
0.167119 0.007599 0.290208
0.167091 0.007382 0.290099
0.167119 0.007095 0.289926
0.167090 0.006877 0.289817
0.167174 0.006519 0.289579
0.167258 0.006160 0.289341
0.167227 0.005940 0.289231
0.167140 0.005789 0.289186
0.167166 0.005498 0.289011
0.192326 0.026768 0.289556
0.192222 0.026589 0.289501
0.182912 0.027967 0.294413
0.182746 0.027848 0.294420
0.182580 0.027729 0.294428
0.182414 0.027611 0.294435
0.182173 0.027531 0.294497
0.182008 0.027414 0.294505
0.181694 0.027374 0.294622
0.181529 0.027258 0.294630
0.181216 0.027221 0.294748
0.180903 0.027185 0.294867
0.180666 0.027111 0.294931
0.180429 0.027037 0.294995
0.180192 0.026965 0.295059
0.180104 0.026813 0.295013
0.180016 0.026661 0.294967
0.179707 0.026630 0.295087
0.179619 0.026479 0.295041
0.179384 0.026410 0.295107
0.179223 0.026300 0.295117
0.179063 0.026191 0.295127
0.178829 0.026123 0.295193
0.178669 0.026015 0.295203
0.178437 0.025949 0.295269
0.178205 0.025884 0.295336
0.177973 0.025820 0.295403
0.177742 0.025757 0.295470
0.177584 0.025652 0.295481
0.177354 0.025590 0.295549
0.177124 0.025529 0.295617
0.176967 0.025426 0.295629
0.176809 0.025323 0.295641
0.176724 0.025176 0.295596
0.176568 0.025074 0.295608
0.176483 0.024927 0.295564
0.176398 0.024781 0.295519
0.176242 0.024679 0.295531
0.176157 0.024533 0.295487
0.176072 0.024387 0.295443
0.175987 0.024241 0.295398
0.175832 0.024140 0.295411
0.175747 0.023994 0.295366
0.175592 0.023894 0.295379
0.175507 0.023748 0.295335
0.175353 0.023649 0.295348
0.175198 0.023550 0.295361
0.175044 0.023452 0.295375
0.174890 0.023354 0.295388
0.174736 0.023256 0.295402
0.174513 0.023207 0.295473
0.174360 0.023110 0.295487
0.174137 0.023062 0.295559
0.173985 0.022967 0.295573
0.173901 0.022823 0.295529
0.173749 0.022729 0.295544
0.173666 0.022586 0.295500
0.173583 0.022442 0.295457
0.173431 0.022348 0.295471
0.173348 0.022205 0.295428
0.173266 0.022062 0.295384
0.173183 0.021919 0.295341
0.173100 0.021776 0.295297
0.173017 0.021633 0.295254
0.172866 0.021541 0.295269
0.172783 0.021398 0.295226
0.172700 0.021256 0.295182
0.172617 0.021113 0.295139
0.172534 0.020970 0.295096
0.172452 0.020827 0.295052
0.172369 0.020684 0.295009
0.172286 0.020542 0.294965
0.172203 0.020399 0.294922
0.172120 0.020256 0.294879
0.172038 0.020113 0.294835
0.171955 0.019971 0.294792
0.171872 0.019828 0.294748
0.171789 0.019685 0.294705
0.171706 0.019542 0.294662
0.171623 0.019400 0.294618
0.171541 0.019257 0.294575
0.171458 0.019114 0.294532
0.171375 0.018971 0.294488
0.171292 0.018828 0.294445
0.171209 0.018686 0.294401
0.171126 0.018543 0.294358
0.171044 0.018400 0.294315
0.170961 0.018257 0.294271
0.170878 0.018115 0.294228
0.170795 0.017972 0.294184
0.170712 0.017829 0.294141
0.170629 0.017686 0.294098
0.170547 0.017544 0.294054
0.170464 0.017401 0.294011
0.170381 0.017258 0.293968
0.170298 0.017115 0.293924
0.170215 0.016972 0.293881
0.170132 0.016830 0.293837
0.170050 0.016687 0.293794
0.169967 0.016544 0.293751
0.169884 0.016401 0.293707
0.169801 0.016259 0.293664
0.169718 0.016116 0.293620
0.169635 0.015973 0.293577
0.169553 0.015830 0.293534
0.169470 0.015688 0.293490
0.169387 0.015545 0.293447
0.169242 0.015462 0.293465
0.169159 0.015319 0.293422
0.169076 0.015177 0.293378
0.168993 0.015034 0.293335
0.168911 0.014892 0.293292
0.168828 0.014749 0.293248
0.168807 0.014545 0.293143
0.168724 0.014403 0.293100
0.168641 0.014260 0.293056
0.168620 0.014055 0.292951
0.168598 0.013851 0.292846
0.168515 0.013707 0.292802
0.168493 0.013502 0.292697
0.168410 0.013359 0.292653
0.168327 0.013215 0.292609
0.168244 0.013072 0.292566
0.168221 0.012865 0.292460
0.168138 0.012722 0.292416
0.168054 0.012578 0.292373
0.167971 0.012434 0.292329
0.167948 0.012227 0.292223
0.167864 0.012083 0.292179
0.167841 0.011875 0.292072
0.167757 0.011731 0.292029
0.167733 0.011522 0.291922
0.167649 0.011377 0.291878
0.167625 0.011168 0.291771
0.167600 0.010958 0.291664
0.167576 0.010748 0.291557
0.167550 0.010537 0.291450
0.167525 0.010325 0.291342
0.167500 0.010114 0.291235
0.167474 0.009902 0.291127
0.167448 0.009689 0.291019
0.167421 0.009476 0.290911
0.167395 0.009263 0.290803
0.167368 0.009049 0.290695
0.167341 0.008835 0.290587
0.167313 0.008620 0.290479
0.167228 0.008473 0.290434
0.167200 0.008258 0.290325
0.167172 0.008042 0.290216
0.167144 0.007826 0.290108
0.167116 0.007609 0.289999
0.167144 0.007323 0.289825
0.167115 0.007106 0.289716
0.167143 0.006818 0.289542
0.167283 0.006390 0.289239
0.167196 0.006240 0.289194
0.167166 0.006020 0.289084
0.167191 0.005729 0.288909
0.167217 0.005438 0.288734
0.192252 0.026864 0.289379
0.182682 0.027932 0.294266
0.182516 0.027813 0.294274
0.182275 0.027732 0.294336
0.182110 0.027615 0.294344
0.181870 0.027536 0.294407
0.181555 0.027496 0.294525
0.181317 0.027419 0.294588
0.181078 0.027343 0.294652
0.180840 0.027267 0.294716
0.180603 0.027193 0.294780
0.180366 0.027119 0.294845
0.180204 0.027006 0.294854
0.180042 0.026894 0.294863
0.179954 0.026742 0.294817
0.179645 0.026712 0.294938
0.179557 0.026560 0.294892
0.179322 0.026491 0.294958
0.179235 0.026340 0.294912
0.179001 0.026271 0.294978
0.178841 0.026162 0.294989
0.178608 0.026096 0.295055
0.178448 0.025988 0.295066
0.178216 0.025922 0.295133
0.177912 0.025900 0.295256
0.177754 0.025794 0.295268
0.177523 0.025731 0.295336
0.177293 0.025669 0.295404
0.177063 0.025608 0.295472
0.176906 0.025505 0.295484
0.176749 0.025401 0.295496
0.176593 0.025299 0.295508
0.176508 0.025152 0.295464
0.176423 0.025006 0.295419
0.176267 0.024904 0.295432
0.176182 0.024758 0.295387
0.176097 0.024612 0.295343
0.176012 0.024465 0.295298
0.175927 0.024319 0.295254
0.175772 0.024219 0.295267
0.175687 0.024073 0.295223
0.175603 0.023927 0.295178
0.175448 0.023827 0.295191
0.175363 0.023681 0.295147
0.175138 0.023628 0.295218
0.174984 0.023530 0.295231
0.174830 0.023432 0.295245
0.174677 0.023334 0.295259
0.174454 0.023284 0.295331
0.174300 0.023188 0.295345
0.174078 0.023139 0.295417
0.173926 0.023044 0.295431
0.173843 0.022901 0.295388
0.173691 0.022806 0.295402
0.173607 0.022662 0.295359
0.173524 0.022519 0.295315
0.173373 0.022425 0.295330
0.173290 0.022282 0.295287
0.173207 0.022139 0.295243
0.173124 0.021996 0.295200
0.173041 0.021853 0.295156
0.172958 0.021710 0.295113
0.172807 0.021618 0.295128
0.172724 0.021475 0.295085
0.172642 0.021332 0.295042
0.172559 0.021189 0.294998
0.172476 0.021047 0.294955
0.172393 0.020904 0.294911
0.172310 0.020761 0.294868
0.172227 0.020618 0.294825
0.172145 0.020476 0.294781
0.172062 0.020333 0.294738
0.171979 0.020190 0.294695
0.171896 0.020047 0.294651
0.171813 0.019905 0.294608
0.171730 0.019762 0.294564
0.171648 0.019619 0.294521
0.171565 0.019476 0.294478
0.171482 0.019333 0.294434
0.171399 0.019191 0.294391
0.171251 0.019102 0.294407
0.171168 0.018960 0.294364
0.171085 0.018817 0.294321
0.171003 0.018675 0.294277
0.170920 0.018532 0.294234
0.170837 0.018389 0.294191
0.170755 0.018247 0.294147
0.170736 0.018049 0.294044
0.170654 0.017906 0.294000
0.170571 0.017763 0.293957
0.170488 0.017620 0.293914
0.170405 0.017478 0.293870
0.170322 0.017335 0.293827
0.170240 0.017192 0.293783
0.170157 0.017049 0.293740
0.170074 0.016906 0.293697
0.169991 0.016764 0.293653
0.169908 0.016621 0.293610
0.169825 0.016478 0.293566
0.169743 0.016335 0.293523
0.169660 0.016193 0.293480
0.169577 0.016050 0.293436
0.169494 0.015907 0.293393
0.169411 0.015764 0.293350
0.169266 0.015681 0.293368
0.169183 0.015538 0.293324
0.169100 0.015396 0.293281
0.169018 0.015253 0.293238
0.168935 0.015111 0.293194
0.168852 0.014968 0.293151
0.168770 0.014826 0.293108
0.168749 0.014622 0.293002
0.168666 0.014479 0.292959
0.168583 0.014337 0.292916
0.168561 0.014132 0.292810
0.168540 0.013928 0.292705
0.168457 0.013784 0.292661
0.168434 0.013579 0.292555
0.168351 0.013436 0.292512
0.168268 0.013292 0.292468
0.168185 0.013149 0.292424
0.168162 0.012942 0.292318
0.168079 0.012799 0.292275
0.167995 0.012655 0.292231
0.167972 0.012448 0.292125
0.167889 0.012304 0.292081
0.167805 0.012160 0.292037
0.167782 0.011952 0.291930
0.167698 0.011808 0.291887
0.167674 0.011599 0.291780
0.167590 0.011455 0.291736
0.167566 0.011246 0.291629
0.167541 0.011036 0.291522
0.167457 0.010891 0.291478
0.167432 0.010680 0.291370
0.167407 0.010470 0.291263
0.167381 0.010258 0.291155
0.167414 0.009980 0.290983
0.167388 0.009768 0.290875
0.167361 0.009555 0.290767
0.167335 0.009342 0.290659
0.167308 0.009128 0.290551
0.167280 0.008914 0.290442
0.167253 0.008699 0.290334
0.167168 0.008552 0.290289
0.167140 0.008337 0.290180
0.167112 0.008121 0.290071
0.167084 0.007905 0.289962
0.167112 0.007620 0.289788
0.167140 0.007334 0.289614
0.167111 0.007116 0.289505
0.167138 0.006829 0.289331
0.167222 0.006470 0.289091
0.167191 0.006251 0.288981
0.167161 0.006031 0.288871
0.167186 0.005740 0.288696
0.167155 0.005519 0.288585
0.182136 0.027854 0.294238
0.181971 0.027736 0.294245
0.181657 0.027695 0.294364
0.181417 0.027617 0.294428
0.181179 0.027540 0.294492
0.180941 0.027464 0.294556
0.180778 0.027350 0.294565
0.180540 0.027275 0.294630
0.180378 0.027161 0.294639
0.180141 0.027088 0.294704
0.179979 0.026976 0.294714
0.179818 0.026864 0.294723
0.179656 0.026753 0.294733
0.179568 0.026601 0.294687
0.179334 0.026531 0.294753
0.179173 0.026421 0.294763
0.179012 0.026311 0.294774
0.178852 0.026202 0.294784
0.178619 0.026135 0.294851
0.178387 0.026068 0.294918
0.178155 0.026002 0.294986
0.177924 0.025938 0.295054
0.177693 0.025874 0.295122
0.177462 0.025811 0.295190
0.177233 0.025749 0.295258
0.177003 0.025687 0.295327
0.176846 0.025584 0.295339
0.176689 0.025480 0.295351
0.176533 0.025377 0.295364
0.176448 0.025231 0.295319
0.176292 0.025129 0.295332
0.176207 0.024982 0.295288
0.176122 0.024836 0.295243
0.176037 0.024690 0.295199
0.175952 0.024544 0.295154
0.175797 0.024443 0.295167
0.175712 0.024297 0.295123
0.175627 0.024151 0.295079
0.175543 0.024005 0.295034
0.175388 0.023905 0.295048
0.175303 0.023759 0.295003
0.175149 0.023660 0.295017
0.174925 0.023608 0.295088
0.174771 0.023510 0.295102
0.174617 0.023412 0.295116
0.174394 0.023362 0.295188
0.174241 0.023265 0.295203
0.174019 0.023217 0.295275
0.173867 0.023121 0.295290
0.173784 0.022978 0.295246
0.173632 0.022883 0.295261
0.173549 0.022739 0.295218
0.173466 0.022596 0.295174
0.173314 0.022502 0.295189
0.173231 0.022359 0.295146
0.173148 0.022216 0.295102
0.173065 0.022073 0.295059
0.172982 0.021930 0.295016
0.172899 0.021787 0.294972
0.172816 0.021644 0.294929
0.172666 0.021552 0.294944
0.172583 0.021409 0.294901
0.172500 0.021266 0.294857
0.172417 0.021123 0.294814
0.172335 0.020981 0.294771
0.172252 0.020838 0.294727
0.172169 0.020695 0.294684
0.172086 0.020552 0.294641
0.172003 0.020410 0.294597
0.171920 0.020267 0.294554
0.171838 0.020124 0.294510
0.171755 0.019981 0.294467
0.171672 0.019839 0.294424
0.171589 0.019696 0.294380
0.171440 0.019607 0.294397
0.171358 0.019464 0.294353
0.171275 0.019321 0.294310
0.171192 0.019179 0.294267
0.171110 0.019036 0.294224
0.171027 0.018894 0.294180
0.170944 0.018751 0.294137
0.170861 0.018609 0.294094
0.170779 0.018466 0.294050
0.170696 0.018324 0.294007
0.170613 0.018181 0.293964
0.170531 0.018038 0.293920
0.170448 0.017896 0.293877
0.170429 0.017697 0.293773
0.170347 0.017554 0.293729
0.170264 0.017411 0.293686
0.170181 0.017269 0.293643
0.170098 0.017126 0.293599
0.170015 0.016983 0.293556
0.169932 0.016840 0.293513
0.169850 0.016698 0.293469
0.169767 0.016555 0.293426
0.169684 0.016412 0.293382
0.169601 0.016269 0.293339
0.169518 0.016127 0.293296
0.169373 0.016043 0.293314
0.169290 0.015900 0.293270
0.169207 0.015758 0.293227
0.169125 0.015615 0.293184
0.169042 0.015472 0.293141
0.168959 0.015330 0.293097
0.168876 0.015187 0.293054
0.168794 0.015045 0.293011
0.168711 0.014902 0.292967
0.168628 0.014760 0.292924
0.168607 0.014556 0.292818
0.168524 0.014413 0.292775
0.168503 0.014209 0.292669
0.168481 0.014005 0.292563
0.168398 0.013861 0.292520
0.168376 0.013656 0.292414
0.168292 0.013513 0.292370
0.168209 0.013369 0.292327
0.168126 0.013226 0.292283
0.168103 0.013020 0.292177
0.168020 0.012876 0.292133
0.167937 0.012732 0.292089
0.167913 0.012525 0.291983
0.167830 0.012381 0.291939
0.167746 0.012237 0.291895
0.167723 0.012029 0.291788
0.167639 0.011885 0.291745
0.167615 0.011677 0.291637
0.167531 0.011532 0.291594
0.167447 0.011388 0.291550
0.167423 0.011179 0.291442
0.167398 0.010969 0.291335
0.167373 0.010758 0.291227
0.167347 0.010548 0.291120
0.167322 0.010336 0.291012
0.167296 0.010125 0.290904
0.167270 0.009913 0.290796
0.167301 0.009633 0.290623
0.167275 0.009420 0.290515
0.167248 0.009207 0.290406
0.167220 0.008993 0.290297
0.167135 0.008846 0.290253
0.167107 0.008631 0.290144
0.167080 0.008416 0.290035
0.167051 0.008201 0.289926
0.167080 0.007916 0.289752
0.167051 0.007700 0.289642
0.167079 0.007414 0.289468
0.167107 0.007127 0.289294
0.167134 0.006839 0.289119
0.167160 0.006551 0.288944
0.167186 0.006262 0.288768
0.167155 0.006041 0.288658
0.167124 0.005821 0.288547
0.167093 0.005600 0.288436
0.182072 0.027938 0.294084
0.181907 0.027820 0.294092
0.181593 0.027779 0.294212
0.181280 0.027739 0.294331
0.181041 0.027661 0.294396
0.180804 0.027585 0.294460
0.180641 0.027471 0.294470
0.180478 0.027357 0.294479
0.180315 0.027243 0.294488
0.180079 0.027170 0.294554
0.179917 0.027058 0.294564
0.179755 0.026946 0.294574
0.179594 0.026834 0.294584
0.179506 0.026683 0.294538
0.179345 0.026572 0.294548
0.179184 0.026461 0.294558
0.179024 0.026351 0.294569
0.178790 0.026283 0.294636
0.178558 0.026215 0.294703
0.178326 0.026148 0.294771
0.178094 0.026083 0.294839
0.177863 0.026018 0.294907
0.177632 0.025954 0.294975
0.177402 0.025890 0.295044
0.177172 0.025828 0.295113
0.176943 0.025766 0.295182
0.176714 0.025706 0.295251
0.176629 0.025559 0.295207
0.176473 0.025456 0.295220
0.176316 0.025353 0.295232
0.176232 0.025207 0.295188
0.176147 0.025061 0.295143
0.176062 0.024915 0.295099
0.175906 0.024813 0.295112
0.175822 0.024667 0.295068
0.175737 0.024521 0.295023
0.175652 0.024375 0.294979
0.175568 0.024229 0.294935
0.175483 0.024083 0.294890
0.175398 0.023938 0.294846
0.175244 0.023838 0.294860
0.175089 0.023738 0.294873
0.174935 0.023639 0.294887
0.174781 0.023541 0.294901
0.174558 0.023490 0.294974
0.174335 0.023439 0.295046
0.174182 0.023343 0.295061
0.174030 0.023246 0.295075
0.173877 0.023150 0.295090
0.173725 0.023055 0.295105
0.173573 0.022960 0.295120
0.173490 0.022816 0.295077
0.173407 0.022673 0.295033
0.173256 0.022579 0.295048
0.173173 0.022436 0.295005
0.173090 0.022293 0.294961
0.173007 0.022150 0.294918
0.172924 0.022007 0.294875
0.172841 0.021864 0.294831
0.172758 0.021721 0.294788
0.172675 0.021578 0.294744
0.172592 0.021435 0.294701
0.172509 0.021292 0.294657
0.172426 0.021149 0.294614
0.172343 0.021006 0.294570
0.172260 0.020863 0.294527
0.172110 0.020772 0.294543
0.172028 0.020629 0.294500
0.171945 0.020486 0.294456
0.171862 0.020344 0.294413
0.171779 0.020201 0.294370
0.171696 0.020058 0.294326
0.171613 0.019915 0.294283
0.171531 0.019772 0.294239
0.171382 0.019683 0.294256
0.171299 0.019541 0.294213
0.171217 0.019398 0.294170
0.171134 0.019255 0.294126
0.171051 0.019113 0.294083
0.170968 0.018970 0.294040
0.170886 0.018828 0.293996
0.170803 0.018685 0.293953
0.170720 0.018543 0.293910
0.170638 0.018400 0.293866
0.170555 0.018258 0.293823
0.170472 0.018115 0.293780
0.170389 0.017972 0.293736
0.170307 0.017830 0.293693
0.170224 0.017687 0.293650
0.170141 0.017545 0.293606
0.170122 0.017345 0.293502
0.170040 0.017203 0.293459
0.169957 0.017060 0.293415
0.169874 0.016917 0.293372
0.169791 0.016774 0.293328
0.169708 0.016632 0.293285
0.169625 0.016489 0.293242
0.169480 0.016404 0.293260
0.169397 0.016262 0.293217
0.169314 0.016119 0.293173
0.169232 0.015977 0.293130
0.169149 0.015834 0.293087
0.169066 0.015692 0.293043
0.168983 0.015549 0.293000
0.168901 0.015407 0.292957
0.168818 0.015264 0.292913
0.168735 0.015121 0.292870
0.168653 0.014979 0.292827
0.168570 0.014836 0.292783
0.168549 0.014633 0.292678
0.168466 0.014490 0.292634
0.168444 0.014286 0.292528
0.168422 0.014082 0.292422
0.168339 0.013938 0.292379
0.168317 0.013733 0.292272
0.168234 0.013590 0.292229
0.168150 0.013446 0.292185
0.168128 0.013240 0.292079
0.168044 0.013097 0.292035
0.167961 0.012953 0.291991
0.167878 0.012810 0.291948
0.167854 0.012602 0.291841
0.167771 0.012459 0.291797
0.167687 0.012315 0.291753
0.167664 0.012107 0.291646
0.167580 0.011963 0.291603
0.167556 0.011754 0.291495
0.167472 0.011610 0.291451
0.167388 0.011466 0.291408
0.167364 0.011256 0.291300
0.167339 0.011047 0.291192
0.167313 0.010836 0.291084
0.167288 0.010626 0.290976
0.167262 0.010414 0.290868
0.167236 0.010203 0.290760
0.167210 0.009991 0.290652
0.167183 0.009779 0.290543
0.167215 0.009499 0.290370
0.167187 0.009285 0.290262
0.167102 0.009139 0.290217
0.167075 0.008925 0.290108
0.167047 0.008710 0.289999
0.167019 0.008495 0.289890
0.166991 0.008280 0.289780
0.167020 0.007996 0.289606
0.167048 0.007711 0.289432
0.167019 0.007494 0.289322
0.167103 0.007138 0.289082
0.167129 0.006851 0.288907
0.167155 0.006562 0.288731
0.167125 0.006342 0.288620
0.167094 0.006122 0.288509
0.167006 0.005972 0.288464
0.166975 0.005751 0.288353
0.181142 0.027860 0.294235
0.180904 0.027782 0.294300
0.180741 0.027668 0.294309
0.180578 0.027553 0.294319
0.180415 0.027439 0.294328
0.180179 0.027365 0.294394
0.180017 0.027252 0.294404
0.179855 0.027139 0.294414
0.179693 0.027027 0.294424
0.179532 0.026915 0.294434
0.179444 0.026764 0.294388
0.179283 0.026653 0.294399
0.179122 0.026542 0.294409
0.178962 0.026432 0.294420
0.178729 0.026364 0.294488
0.178496 0.026296 0.294555
0.178337 0.026187 0.294567
0.178105 0.026121 0.294635
0.177802 0.026098 0.294760
0.177571 0.026033 0.294829
0.177341 0.025970 0.294898
0.177112 0.025907 0.294967
0.176883 0.025845 0.295037
0.176654 0.025784 0.295107
0.176569 0.025638 0.295062
0.176413 0.025535 0.295075
0.176256 0.025432 0.295088
0.176172 0.025286 0.295044
0.176087 0.025140 0.294999
0.175931 0.025038 0.295013
0.175846 0.024892 0.294968
0.175762 0.024746 0.294924
0.175677 0.024600 0.294880
0.175592 0.024454 0.294835
0.175508 0.024308 0.294791
0.175423 0.024162 0.294746
0.175338 0.024016 0.294702
0.175184 0.023916 0.294716
0.175099 0.023770 0.294672
0.174875 0.023717 0.294744
0.174722 0.023619 0.294758
0.174499 0.023567 0.294831
0.174345 0.023470 0.294845
0.174123 0.023420 0.294919
0.173971 0.023324 0.294934
0.173818 0.023227 0.294949
0.173666 0.023132 0.294964
0.173583 0.022988 0.294920
0.173431 0.022893 0.294935
0.173348 0.022750 0.294892
0.173197 0.022656 0.294907
0.173114 0.022513 0.294864
0.173031 0.022370 0.294820
0.172948 0.022227 0.294777
0.172865 0.022084 0.294734
0.172782 0.021941 0.294690
0.172699 0.021798 0.294647
0.172616 0.021655 0.294603
0.172533 0.021512 0.294560
0.172450 0.021369 0.294516
0.172367 0.021226 0.294473
0.172284 0.021083 0.294429
0.172201 0.020940 0.294386
0.172119 0.020797 0.294343
0.172036 0.020654 0.294299
0.171886 0.020563 0.294316
0.171803 0.020420 0.294272
0.171721 0.020278 0.294229
0.171638 0.020135 0.294185
0.171555 0.019992 0.294142
0.171406 0.019902 0.294159
0.171324 0.019760 0.294116
0.171241 0.019617 0.294072
0.171158 0.019475 0.294029
0.171075 0.019332 0.293986
0.170993 0.019190 0.293942
0.170910 0.019047 0.293899
0.170762 0.018959 0.293917
0.170680 0.018817 0.293873
0.170597 0.018674 0.293830
0.170515 0.018532 0.293787
0.170432 0.018390 0.293744
0.170414 0.018192 0.293639
0.170331 0.018049 0.293596
0.170248 0.017907 0.293553
0.170166 0.017764 0.293509
0.170083 0.017621 0.293466
0.170000 0.017479 0.293423
0.169918 0.017336 0.293379
0.169835 0.017194 0.293336
0.169815 0.016994 0.293231
0.169733 0.016851 0.293188
0.169650 0.016708 0.293144
0.169504 0.016624 0.293163
0.169421 0.016481 0.293119
0.169339 0.016338 0.293076
0.169256 0.016196 0.293033
0.169173 0.016053 0.292989
0.169090 0.015911 0.292946
0.169008 0.015768 0.292903
0.168925 0.015626 0.292859
0.168842 0.015483 0.292816
0.168760 0.015341 0.292773
0.168677 0.015198 0.292729
0.168594 0.015055 0.292686
0.168573 0.014852 0.292580
0.168490 0.014710 0.292537
0.168407 0.014567 0.292493
0.168386 0.014363 0.292387
0.168364 0.014158 0.292281
0.168280 0.014015 0.292237
0.168258 0.013810 0.292131
0.168175 0.013667 0.292087
0.168092 0.013523 0.292044
0.168069 0.013318 0.291937
0.167985 0.013174 0.291893
0.167902 0.013030 0.291850
0.167819 0.012887 0.291806
0.167795 0.012680 0.291699
0.167712 0.012536 0.291655
0.167688 0.012328 0.291548
0.167604 0.012184 0.291504
0.167521 0.012040 0.291461
0.167497 0.011832 0.291353
0.167413 0.011688 0.291309
0.167388 0.011478 0.291201
0.167363 0.011269 0.291094
0.167279 0.011124 0.291050
0.167254 0.010914 0.290942
0.167228 0.010704 0.290833
0.167202 0.010493 0.290725
0.167176 0.010281 0.290617
0.167150 0.010069 0.290508
0.167123 0.009857 0.290399
0.167097 0.009644 0.290291
0.167127 0.009364 0.290117
0.167042 0.009218 0.290073
0.167015 0.009004 0.289963
0.166987 0.008789 0.289854
0.166959 0.008574 0.289744
0.166988 0.008291 0.289570
0.166959 0.008075 0.289460
0.166987 0.007790 0.289285
0.167014 0.007505 0.289110
0.167041 0.007218 0.288935
0.167068 0.006931 0.288759
0.167037 0.006712 0.288648
0.167007 0.006493 0.288538
0.166976 0.006273 0.288427
0.166889 0.006123 0.288381
0.181317 0.028021 0.294018
0.181079 0.027942 0.294083
0.180841 0.027865 0.294149
0.180678 0.027750 0.294158
0.180515 0.027635 0.294168
0.180279 0.027560 0.294234
0.180116 0.027447 0.294244
0.179954 0.027334 0.294254
0.179793 0.027221 0.294264
0.179631 0.027109 0.294275
0.179470 0.026997 0.294285
0.179382 0.026845 0.294239
0.179221 0.026734 0.294250
0.179060 0.026624 0.294260
0.178900 0.026513 0.294271
0.178740 0.026403 0.294282
0.178580 0.026294 0.294294
0.178275 0.026268 0.294419
0.178044 0.026201 0.294488
0.177813 0.026136 0.294556
0.177582 0.026071 0.294626
0.177352 0.026007 0.294695
0.177051 0.025986 0.294822
0.176822 0.025924 0.294892
0.176594 0.025863 0.294962
0.176509 0.025717 0.294918
0.176353 0.025613 0.294931
0.176197 0.025511 0.294944
0.176112 0.025364 0.294900
0.175956 0.025262 0.294913
0.175871 0.025116 0.294869
0.175787 0.024970 0.294824
0.175702 0.024824 0.294780
0.175617 0.024678 0.294736
0.175533 0.024532 0.294691
0.175448 0.024386 0.294647
0.175363 0.024240 0.294603
0.175278 0.024094 0.294558
0.175194 0.023948 0.294514
0.175039 0.023849 0.294528
0.174816 0.023796 0.294601
0.174662 0.023697 0.294615
0.174509 0.023598 0.294630
0.174286 0.023548 0.294703
0.174064 0.023497 0.294777
0.173912 0.023401 0.294792
0.173760 0.023305 0.294807
0.173607 0.023209 0.294822
0.173524 0.023065 0.294779
0.173373 0.022970 0.294794
0.173290 0.022827 0.294751
0.173207 0.022684 0.294707
0.173055 0.022590 0.294723
0.172972 0.022447 0.294680
0.172889 0.022304 0.294636
0.172807 0.022161 0.294593
0.172724 0.022018 0.294549
0.172641 0.021875 0.294506
0.172558 0.021732 0.294462
0.172475 0.021589 0.294419
0.172392 0.021446 0.294375
0.172309 0.021303 0.294332
0.172226 0.021160 0.294288
0.172143 0.021017 0.294245
0.172060 0.020874 0.294202
0.171977 0.020731 0.294158
0.171828 0.020640 0.294175
0.171745 0.020497 0.294131
0.171662 0.020354 0.294088
0.171579 0.020212 0.294045
0.171431 0.020121 0.294062
0.171348 0.019979 0.294018
0.171265 0.019836 0.293975
0.171182 0.019694 0.293932
0.171034 0.019605 0.293949
0.170952 0.019463 0.293906
0.170869 0.019320 0.293863
0.170787 0.019178 0.293819
0.170704 0.019036 0.293776
0.170621 0.018893 0.293733
0.170539 0.018751 0.293690
0.170456 0.018608 0.293646
0.170374 0.018466 0.293603
0.170291 0.018324 0.293560
0.170209 0.018181 0.293517
0.170126 0.018039 0.293473
0.170043 0.017897 0.293430
0.170024 0.017698 0.293325
0.169942 0.017556 0.293282
0.169859 0.017413 0.293239
0.169776 0.017270 0.293195
0.169694 0.017128 0.293152
0.169611 0.016985 0.293109
0.169528 0.016843 0.293065
0.169446 0.016700 0.293022
0.169363 0.016558 0.292979
0.169280 0.016415 0.292935
0.169197 0.016273 0.292892
0.169115 0.016130 0.292849
0.169032 0.015987 0.292806
0.168949 0.015845 0.292762
0.168867 0.015702 0.292719
0.168784 0.015560 0.292676
0.168701 0.015417 0.292632
0.168618 0.015275 0.292589
0.168536 0.015132 0.292546
0.168514 0.014929 0.292439
0.168432 0.014786 0.292396
0.168349 0.014644 0.292353
0.168327 0.014440 0.292246
0.168305 0.014235 0.292140
0.168222 0.014092 0.292096
0.168199 0.013887 0.291990
0.168116 0.013744 0.291946
0.168033 0.013601 0.291902
0.168010 0.013395 0.291795
0.167927 0.013251 0.291752
0.167843 0.013108 0.291708
0.167820 0.012901 0.291601
0.167736 0.012757 0.291557
0.167653 0.012613 0.291514
0.167629 0.012406 0.291406
0.167545 0.012262 0.291362
0.167521 0.012054 0.291255
0.167437 0.011909 0.291211
0.167354 0.011765 0.291167
0.167329 0.011556 0.291059
0.167304 0.011347 0.290951
0.167220 0.011202 0.290907
0.167194 0.010992 0.290799
0.167169 0.010782 0.290690
0.167143 0.010571 0.290582
0.167117 0.010359 0.290473
0.167090 0.010148 0.290364
0.167064 0.009935 0.290256
0.167037 0.009723 0.290146
0.167067 0.009443 0.289973
0.166982 0.009296 0.289928
0.166955 0.009083 0.289819
0.166927 0.008868 0.289709
0.166898 0.008654 0.289599
0.166927 0.008370 0.289424
0.166955 0.008087 0.289249
0.166983 0.007802 0.289074
0.166953 0.007585 0.288964
0.166980 0.007298 0.288788
0.166950 0.007080 0.288677
0.166976 0.006793 0.288501
0.166889 0.006643 0.288455
0.166858 0.006423 0.288344
0.166771 0.006273 0.288298
0.181254 0.028103 0.293866
0.181016 0.028025 0.293932
0.180927 0.027871 0.293885
0.180379 0.027756 0.294073
0.180216 0.027642 0.294084
0.179980 0.027567 0.294150
0.179892 0.027415 0.294104
0.179730 0.027303 0.294114
0.179569 0.027190 0.294125
0.179481 0.027039 0.294079
0.179393 0.026887 0.294033
0.179232 0.026775 0.294044
0.179071 0.026664 0.294054
0.178911 0.026554 0.294066
0.178678 0.026484 0.294134
0.178518 0.026375 0.294145
0.178286 0.026307 0.294214
0.178055 0.026240 0.294283
0.177824 0.026174 0.294352
0.177522 0.026151 0.294479
0.177292 0.026087 0.294549
0.177062 0.026023 0.294619
0.176762 0.026003 0.294747
0.176605 0.025899 0.294760
0.176449 0.025795 0.294773
0.176293 0.025692 0.294787
0.176137 0.025589 0.294800
0.176052 0.025443 0.294756
0.175896 0.025341 0.294769
0.175811 0.025195 0.294725
0.175727 0.025049 0.294680
0.175642 0.024903 0.294636
0.175557 0.024757 0.294592
0.175473 0.024611 0.294547
0.175388 0.024465 0.294503
0.175303 0.024319 0.294459
0.175219 0.024173 0.294414
0.175134 0.024027 0.294370
0.174910 0.023973 0.294443
0.174756 0.023874 0.294457
0.174603 0.023775 0.294472
0.174449 0.023676 0.294487
0.174227 0.023625 0.294561
0.174005 0.023575 0.294635
0.173853 0.023478 0.294650
0.173701 0.023382 0.294665
0.173617 0.023238 0.294622
0.173465 0.023143 0.294637
0.173314 0.023047 0.294653
0.173231 0.022904 0.294610
0.173148 0.022761 0.294566
0.172997 0.022666 0.294582
0.172914 0.022524 0.294539
0.172831 0.022381 0.294495
0.172748 0.022238 0.294452
0.172665 0.022095 0.294408
0.172582 0.021952 0.294365
0.172499 0.021809 0.294321
0.172416 0.021666 0.294278
0.172333 0.021523 0.294234
0.172250 0.021380 0.294191
0.172167 0.021237 0.294147
0.172084 0.021094 0.294104
0.172001 0.020951 0.294061
0.171852 0.020859 0.294078
0.171769 0.020717 0.294034
0.171686 0.020574 0.293991
0.171603 0.020431 0.293947
0.171455 0.020341 0.293965
0.171372 0.020198 0.293921
0.171289 0.020056 0.293878
0.171207 0.019913 0.293835
0.171124 0.019770 0.293791
0.170976 0.019681 0.293809
0.170893 0.019539 0.293766
0.170811 0.019397 0.293722
0.170728 0.019254 0.293679
0.170646 0.019112 0.293636
0.170563 0.018970 0.293593
0.170480 0.018827 0.293549
0.170398 0.018685 0.293506
0.170251 0.018598 0.293524
0.170169 0.018456 0.293481
0.170150 0.018258 0.293376
0.170068 0.018116 0.293333
0.169985 0.017973 0.293290
0.169902 0.017831 0.293247
0.169820 0.017689 0.293203
0.169737 0.017546 0.293160
0.169718 0.017347 0.293055
0.169635 0.017204 0.293012
0.169552 0.017062 0.292968
0.169470 0.016919 0.292925
0.169387 0.016777 0.292882
0.169304 0.016634 0.292838
0.169222 0.016492 0.292795
0.169139 0.016349 0.292752
0.169056 0.016207 0.292708
0.168974 0.016064 0.292665
0.168891 0.015921 0.292622
0.168808 0.015779 0.292578
0.168725 0.015636 0.292535
0.168643 0.015494 0.292492
0.168560 0.015351 0.292448
0.168539 0.015149 0.292342
0.168456 0.015006 0.292299
0.168373 0.014863 0.292255
0.168351 0.014660 0.292149
0.168268 0.014517 0.292105
0.168246 0.014312 0.291999
0.168163 0.014169 0.291955
0.168140 0.013964 0.291848
0.168057 0.013821 0.291805
0.167974 0.013678 0.291761
0.167951 0.013472 0.291654
0.167868 0.013328 0.291610
0.167784 0.013185 0.291567
0.167761 0.012978 0.291459
0.167677 0.012834 0.291415
0.167654 0.012627 0.291308
0.167570 0.012483 0.291264
0.167486 0.012339 0.291220
0.167462 0.012131 0.291112
0.167378 0.011987 0.291069
0.167353 0.011778 0.290960
0.167270 0.011634 0.290917
0.167245 0.011425 0.290808
0.167219 0.011215 0.290700
0.167135 0.011070 0.290656
0.167109 0.010860 0.290547
0.167083 0.010649 0.290439
0.167057 0.010438 0.290330
0.167031 0.010226 0.290221
0.167004 0.010014 0.290112
0.166977 0.009801 0.290002
0.167007 0.009522 0.289828
0.166980 0.009308 0.289718
0.166952 0.009094 0.289609
0.166866 0.008947 0.289564
0.166895 0.008665 0.289389
0.166867 0.008450 0.289279
0.166895 0.008166 0.289103
0.166922 0.007882 0.288927
0.166892 0.007665 0.288817
0.166919 0.007379 0.288641
0.166889 0.007161 0.288530
0.166858 0.006942 0.288419
0.166828 0.006723 0.288307
0.166741 0.006573 0.288262
0.166710 0.006354 0.288150
0.180316 0.027838 0.293923
0.180154 0.027724 0.293933
0.179918 0.027649 0.294000
0.179830 0.027497 0.293954
0.179668 0.027384 0.293965
0.179507 0.027272 0.293975
0.179419 0.027120 0.293929
0.179331 0.026968 0.293883
0.179170 0.026857 0.293894
0.179009 0.026746 0.293905
0.178849 0.026635 0.293917
0.178616 0.026565 0.293985
0.178456 0.026456 0.293997
0.178225 0.026388 0.294066
0.177993 0.026320 0.294135
0.177763 0.026254 0.294205
0.177676 0.026105 0.294160
0.177303 0.026124 0.294345
0.177002 0.026103 0.294474
0.176773 0.026040 0.294544
0.176545 0.025978 0.294615
0.176389 0.025874 0.294629
0.176233 0.025771 0.294642
0.176148 0.025624 0.294598
0.175992 0.025521 0.294611
0.175907 0.025375 0.294567
0.175822 0.025229 0.294523
0.175737 0.025083 0.294478
0.175653 0.024937 0.294434
0.175568 0.024791 0.294389
0.175483 0.024644 0.294345
0.175398 0.024498 0.294300
0.175313 0.024352 0.294256
0.175229 0.024206 0.294212
0.175074 0.024105 0.294226
0.174850 0.024051 0.294299
0.174697 0.023952 0.294314
0.174543 0.023853 0.294329
0.174321 0.023801 0.294403
0.174168 0.023703 0.294418
0.173946 0.023652 0.294493
0.173794 0.023555 0.294508
0.173642 0.023459 0.294524
0.173558 0.023315 0.294480
0.173407 0.023220 0.294496
0.173255 0.023124 0.294512
0.173172 0.022981 0.294468
0.173089 0.022838 0.294425
0.172938 0.022743 0.294441
0.172855 0.022600 0.294398
0.172772 0.022457 0.294354
0.172689 0.022314 0.294311
0.172606 0.022171 0.294267
0.172523 0.022028 0.294224
0.172440 0.021885 0.294180
0.172357 0.021742 0.294137
0.172274 0.021599 0.294093
0.172192 0.021457 0.294050
0.172109 0.021314 0.294007
0.172026 0.021171 0.293963
0.171876 0.021079 0.293980
0.171793 0.020936 0.293937
0.171711 0.020793 0.293893
0.171628 0.020651 0.293850
0.171545 0.020508 0.293807
0.171396 0.020417 0.293824
0.171314 0.020275 0.293781
0.171231 0.020132 0.293737
0.171148 0.019990 0.293694
0.171000 0.019900 0.293712
0.170918 0.019758 0.293669
0.170835 0.019616 0.293625
0.170752 0.019473 0.293582
0.170670 0.019331 0.293539
0.170587 0.019189 0.293496
0.170440 0.019101 0.293514
0.170358 0.018958 0.293471
0.170275 0.018816 0.293427
0.170193 0.018674 0.293384
0.170110 0.018532 0.293341
0.170028 0.018390 0.293298
0.169945 0.018248 0.293255
0.169863 0.018106 0.293211
0.169844 0.017907 0.293106
0.169761 0.017765 0.293063
0.169679 0.017623 0.293020
0.169596 0.017480 0.292976
0.169514 0.017338 0.292933
0.169431 0.017196 0.292890
0.169349 0.017053 0.292847
0.169329 0.016853 0.292741
0.169246 0.016711 0.292698
0.169163 0.016568 0.292654
0.169081 0.016426 0.292611
0.168998 0.016283 0.292568
0.168915 0.016141 0.292524
0.168832 0.015998 0.292481
0.168750 0.015856 0.292438
0.168667 0.015713 0.292394
0.168584 0.015570 0.292351
0.168563 0.015368 0.292245
0.168480 0.015225 0.292201
0.168397 0.015083 0.292158
0.168376 0.014879 0.292051
0.168293 0.014736 0.292008
0.168210 0.014593 0.291964
0.168187 0.014389 0.291857
0.168104 0.014246 0.291814
0.168082 0.014042 0.291707
0.167998 0.013898 0.291663
0.167915 0.013755 0.291620
0.167892 0.013549 0.291512
0.167809 0.013406 0.291469
0.167785 0.013199 0.291361
0.167702 0.013056 0.291317
0.167618 0.012912 0.291274
0.167594 0.012705 0.291166
0.167511 0.012561 0.291122
0.167487 0.012353 0.291014
0.167403 0.012209 0.290970
0.167319 0.012064 0.290926
0.167294 0.011856 0.290818
0.167210 0.011711 0.290774
0.167185 0.011502 0.290666
0.167160 0.011293 0.290557
0.167134 0.011083 0.290448
0.167108 0.010872 0.290339
0.167082 0.010661 0.290230
0.167055 0.010450 0.290121
0.167029 0.010238 0.290012
0.167002 0.010026 0.289903
0.166974 0.009814 0.289793
0.166947 0.009601 0.289683
0.166919 0.009387 0.289574
0.166891 0.009173 0.289464
0.166863 0.008959 0.289354
0.166835 0.008744 0.289244
0.166863 0.008462 0.289068
0.166834 0.008246 0.288957
0.166861 0.007961 0.288781
0.166831 0.007745 0.288670
0.166858 0.007459 0.288494
0.166828 0.007241 0.288382
0.166797 0.007023 0.288271
0.166710 0.006873 0.288226
0.166679 0.006654 0.288114
0.166592 0.006504 0.288069
0.180253 0.027920 0.293772
0.180091 0.027806 0.293783
0.179929 0.027692 0.293793
0.179767 0.027579 0.293804
0.179606 0.027466 0.293815
0.179518 0.027314 0.293769
0.179356 0.027202 0.293780
0.179268 0.027050 0.293734
0.179108 0.026938 0.293745
0.178947 0.026827 0.293756
0.178787 0.026716 0.293768
0.178554 0.026646 0.293837
0.178467 0.026496 0.293791
0.178235 0.026427 0.293860
0.178004 0.026360 0.293930
0.177773 0.026293 0.294000
0.177687 0.026143 0.293955
0.177242 0.026204 0.294199
0.177013 0.026140 0.294270
0.176784 0.026077 0.294341
0.176556 0.026014 0.294413
0.176400 0.025910 0.294426
0.176244 0.025806 0.294440
0.176159 0.025660 0.294395
0.176073 0.025513 0.294351
0.175918 0.025410 0.294364
0.175833 0.025264 0.294320
0.175748 0.025117 0.294275
0.175663 0.024971 0.294231
0.175578 0.024825 0.294187
0.175493 0.024678 0.294142
0.175408 0.024532 0.294098
0.175323 0.024385 0.294053
0.175238 0.024239 0.294009
0.175084 0.024138 0.294023
0.174860 0.024084 0.294097
0.174637 0.024030 0.294171
0.174414 0.023977 0.294245
0.174261 0.023879 0.294260
0.174040 0.023827 0.294335
0.173887 0.023730 0.294351
0.173735 0.023633 0.294366
0.173651 0.023489 0.294323
0.173500 0.023393 0.294339
0.173348 0.023297 0.294355
0.173265 0.023153 0.294311
0.173113 0.023058 0.294327
0.173030 0.022915 0.294284
0.172947 0.022772 0.294240
0.172797 0.022677 0.294257
0.172714 0.022534 0.294213
0.172631 0.022391 0.294170
0.172548 0.022248 0.294126
0.172465 0.022105 0.294083
0.172382 0.021962 0.294039
0.172299 0.021819 0.293996
0.172216 0.021676 0.293952
0.172133 0.021533 0.293909
0.172050 0.021390 0.293866
0.171967 0.021247 0.293822
0.171818 0.021156 0.293839
0.171735 0.021013 0.293796
0.171652 0.020870 0.293753
0.171569 0.020727 0.293709
0.171486 0.020584 0.293666
0.171338 0.020494 0.293683
0.171255 0.020351 0.293640
0.171172 0.020209 0.293597
0.171090 0.020066 0.293554
0.170942 0.019977 0.293572
0.170859 0.019834 0.293528
0.170777 0.019692 0.293485
0.170694 0.019550 0.293442
0.170612 0.019407 0.293398
0.170529 0.019265 0.293355
0.170382 0.019177 0.293374
0.170299 0.019035 0.293330
0.170217 0.018893 0.293287
0.170135 0.018751 0.293244
0.170052 0.018609 0.293201
0.169970 0.018466 0.293158
0.169887 0.018324 0.293115
0.169805 0.018182 0.293071
0.169722 0.018040 0.293028
0.169640 0.017898 0.292985
0.169557 0.017756 0.292942
0.169538 0.017557 0.292836
0.169455 0.017415 0.292793
0.169373 0.017272 0.292750
0.169290 0.017130 0.292706
0.169208 0.016988 0.292663
0.169187 0.016787 0.292557
0.169105 0.016645 0.292514
0.169022 0.016502 0.292471
0.168939 0.016360 0.292427
0.168857 0.016217 0.292384
0.168774 0.016075 0.292341
0.168691 0.015932 0.292297
0.168609 0.015790 0.292254
0.168587 0.015588 0.292147
0.168504 0.015445 0.292104
0.168422 0.015302 0.292061
0.168339 0.015159 0.292017
0.168317 0.014956 0.291910
0.168234 0.014813 0.291867
0.168212 0.014610 0.291760
0.168129 0.014466 0.291716
0.168046 0.014323 0.291673
0.168023 0.014119 0.291565
0.167940 0.013975 0.291522
0.167856 0.013832 0.291478
0.167833 0.013626 0.291371
0.167750 0.013483 0.291327
0.167726 0.013277 0.291219
0.167643 0.013133 0.291176
0.167619 0.012926 0.291068
0.167535 0.012782 0.291024
0.167452 0.012638 0.290980
0.167427 0.012430 0.290872
0.167344 0.012286 0.290828
0.167319 0.012078 0.290720
0.167235 0.011934 0.290676
0.167210 0.011725 0.290567
0.167126 0.011580 0.290523
0.167100 0.011371 0.290414
0.167075 0.011161 0.290305
0.167048 0.010950 0.290196
0.167022 0.010740 0.290087
0.166996 0.010528 0.289978
0.166969 0.010317 0.289868
0.166942 0.010105 0.289759
0.166914 0.009892 0.289649
0.166887 0.009679 0.289539
0.166859 0.009466 0.289429
0.166831 0.009252 0.289319
0.166803 0.009038 0.289209
0.166831 0.008756 0.289033
0.166802 0.008541 0.288922
0.166773 0.008325 0.288811
0.166800 0.008041 0.288635
0.166770 0.007825 0.288524
0.166797 0.007539 0.288346
0.166710 0.007390 0.288301
0.166680 0.007172 0.288190
0.166649 0.006953 0.288078
0.166562 0.006804 0.288033
0.166531 0.006585 0.287921
0.181212 0.028278 0.293296
0.180901 0.028235 0.293420
0.180811 0.028081 0.293373
0.180191 0.028003 0.293622
0.180028 0.027888 0.293632
0.179866 0.027774 0.293643
0.179705 0.027661 0.293654
0.179617 0.027509 0.293608
0.179455 0.027396 0.293619
0.179294 0.027283 0.293630
0.179206 0.027131 0.293584
0.179045 0.027020 0.293595
0.178885 0.026908 0.293607
0.178725 0.026797 0.293619
0.178565 0.026687 0.293630
0.178405 0.026577 0.293642
0.178174 0.026508 0.293712
0.177943 0.026440 0.293783
0.177856 0.026290 0.293737
0.177482 0.026307 0.293924
0.177253 0.026242 0.293995
0.177024 0.026177 0.294066
0.176795 0.026114 0.294138
0.176567 0.026051 0.294209
0.176411 0.025946 0.294223
0.176254 0.025842 0.294237
0.176169 0.025695 0.294192
0.176084 0.025549 0.294147
0.175999 0.025402 0.294103
0.175914 0.025255 0.294058
0.175828 0.025108 0.294014
0.175743 0.024961 0.293969
0.175658 0.024815 0.293924
0.175024 0.024217 0.293879
0.174800 0.024162 0.293953
0.174716 0.024016 0.293909
0.174355 0.024055 0.294102
0.174202 0.023956 0.294118
0.173980 0.023905 0.294193
0.173828 0.023807 0.294209
0.173744 0.023663 0.294165
0.173592 0.023566 0.294181
0.173441 0.023470 0.294197
0.173289 0.023374 0.294213
0.173206 0.023230 0.294170
0.173055 0.023135 0.294186
0.172972 0.022992 0.294142
0.172889 0.022849 0.294099
0.172806 0.022705 0.294055
0.172655 0.022611 0.294072
0.172572 0.022468 0.294029
0.172489 0.022325 0.293985
0.172406 0.022182 0.293942
0.172323 0.022039 0.293898
0.172240 0.021896 0.293855
0.172157 0.021753 0.293812
0.172074 0.021610 0.293768
0.171991 0.021467 0.293725
0.171908 0.021324 0.293681
0.171825 0.021181 0.293638
0.171742 0.021038 0.293594
0.171594 0.020947 0.293612
0.171511 0.020804 0.293568
0.171428 0.020661 0.293525
0.171345 0.020518 0.293482
0.171197 0.020428 0.293500
0.171114 0.020285 0.293456
0.171031 0.020143 0.293413
0.170949 0.020000 0.293370
0.170801 0.019911 0.293388
0.170718 0.019769 0.293345
0.170636 0.019626 0.293301
0.170553 0.019484 0.293258
0.170471 0.019342 0.293215
0.170324 0.019253 0.293234
0.170241 0.019111 0.293190
0.170159 0.018969 0.293147
0.170076 0.018827 0.293104
0.169930 0.018740 0.293123
0.169848 0.018598 0.293080
0.169765 0.018456 0.293037
0.169683 0.018314 0.292994
0.169601 0.018172 0.292950
0.169581 0.017974 0.292845
0.169499 0.017832 0.292802
0.169417 0.017690 0.292758
0.169397 0.017491 0.292653
0.169314 0.017349 0.292609
0.169232 0.017206 0.292566
0.169149 0.017064 0.292523
0.169129 0.016864 0.292417
0.169046 0.016722 0.292373
0.168964 0.016579 0.292330
0.168881 0.016436 0.292287
0.168798 0.016294 0.292243
0.168715 0.016151 0.292200
0.168694 0.015950 0.292093
0.168612 0.015807 0.292050
0.168529 0.015664 0.292007
0.168446 0.015522 0.291963
0.168424 0.015319 0.291856
0.168341 0.015176 0.291813
0.168258 0.015033 0.291769
0.168236 0.014830 0.291662
0.168153 0.014687 0.291619
0.168070 0.014543 0.291575
0.168047 0.014339 0.291468
0.167964 0.014196 0.291424
0.167881 0.014052 0.291380
0.167798 0.013909 0.291337
0.167774 0.013704 0.291229
0.167691 0.013560 0.291185
0.167667 0.013354 0.291077
0.167584 0.013210 0.291034
0.167560 0.013004 0.290926
0.167476 0.012860 0.290882
0.167452 0.012652 0.290773
0.167368 0.012508 0.290730
0.167285 0.012364 0.290686
0.167260 0.012156 0.290577
0.167234 0.011947 0.290468
0.167151 0.011802 0.290424
0.167125 0.011593 0.290315
0.167041 0.011448 0.290271
0.167015 0.011239 0.290162
0.166989 0.011028 0.290053
0.166962 0.010818 0.289943
0.166936 0.010607 0.289834
0.166909 0.010395 0.289724
0.166882 0.010183 0.289614
0.166912 0.009905 0.289439
0.166884 0.009692 0.289329
0.166856 0.009478 0.289219
0.166828 0.009265 0.289108
0.166799 0.009050 0.288998
0.166771 0.008836 0.288887
0.166798 0.008553 0.288710
0.166769 0.008337 0.288599
0.166739 0.008121 0.288488
0.166709 0.007904 0.288377
0.166736 0.007619 0.288199
0.166649 0.007470 0.288154
0.166618 0.007252 0.288042
0.166588 0.007034 0.287931
0.166501 0.006884 0.287885
0.166414 0.006735 0.287840
0.181149 0.028361 0.293144
0.180838 0.028318 0.293268
0.180748 0.028164 0.293221
0.180202 0.028047 0.293414
0.180039 0.027932 0.293424
0.179877 0.027818 0.293435
0.179716 0.027704 0.293446
0.179554 0.027590 0.293458
0.179393 0.027477 0.293469
0.179305 0.027325 0.293423
0.179144 0.027213 0.293434
0.179056 0.027061 0.293388
0.178895 0.026950 0.293400
0.178735 0.026838 0.293412
0.178503 0.026768 0.293482
0.178343 0.026658 0.293494
0.178112 0.026589 0.293564
0.177881 0.026521 0.293635
0.177651 0.026453 0.293706
0.177421 0.026387 0.293777
0.177192 0.026322 0.293848
0.176963 0.026257 0.293920
0.176735 0.026193 0.293992
0.176578 0.026088 0.294006
0.176421 0.025983 0.294019
0.176265 0.025878 0.294033
0.176180 0.025731 0.293989
0.176094 0.025584 0.293944
0.176009 0.025437 0.293899
0.175924 0.025290 0.293855
0.175838 0.025143 0.293810
0.175753 0.024996 0.293765
0.175668 0.024849 0.293720
0.175652 0.024658 0.293617
0.175567 0.024510 0.293572
0.174212 0.023988 0.293915
0.173990 0.023936 0.293991
0.173838 0.023838 0.294007
0.173685 0.023741 0.294023
0.173533 0.023644 0.294039
0.173382 0.023547 0.294055
0.173298 0.023403 0.294012
0.173147 0.023307 0.294028
0.173064 0.023164 0.293985
0.172913 0.023069 0.294001
0.172830 0.022926 0.293958
0.172747 0.022782 0.293914
0.172664 0.022639 0.293871
0.172513 0.022545 0.293888
0.172430 0.022402 0.293844
0.172347 0.022259 0.293801
0.172265 0.022116 0.293757
0.172182 0.021973 0.293714
0.172099 0.021830 0.293671
0.172016 0.021687 0.293627
0.171933 0.021544 0.293584
0.171850 0.021401 0.293540
0.171767 0.021258 0.293497
0.171684 0.021115 0.293453
0.171601 0.020972 0.293410
0.171452 0.020881 0.293428
0.171369 0.020738 0.293384
0.171287 0.020595 0.293341
0.171204 0.020452 0.293298
0.171056 0.020362 0.293316
0.170973 0.020219 0.293272
0.170890 0.020077 0.293229
0.170807 0.019934 0.293186
0.170660 0.019845 0.293204
0.170577 0.019703 0.293161
0.170495 0.019560 0.293118
0.170412 0.019418 0.293075
0.170265 0.019330 0.293093
0.170183 0.019188 0.293050
0.170100 0.019046 0.293007
0.170018 0.018903 0.292964
0.169872 0.018816 0.292983
0.169789 0.018674 0.292940
0.169707 0.018532 0.292897
0.169625 0.018390 0.292854
0.169542 0.018249 0.292810
0.169460 0.018107 0.292767
0.169441 0.017909 0.292661
0.169358 0.017766 0.292618
0.169276 0.017624 0.292575
0.169256 0.017425 0.292469
0.169173 0.017283 0.292426
0.169091 0.017141 0.292382
0.169071 0.016941 0.292276
0.168988 0.016798 0.292233
0.168905 0.016656 0.292189
0.168822 0.016513 0.292146
0.168802 0.016312 0.292039
0.168719 0.016169 0.291996
0.168636 0.016027 0.291953
0.168553 0.015884 0.291909
0.168470 0.015741 0.291866
0.168449 0.015539 0.291759
0.168366 0.015396 0.291715
0.168283 0.015253 0.291672
0.168261 0.015050 0.291564
0.168177 0.014907 0.291521
0.168094 0.014763 0.291477
0.168011 0.014620 0.291434
0.167989 0.014416 0.291326
0.167905 0.014273 0.291283
0.167822 0.014129 0.291239
0.167799 0.013924 0.291131
0.167716 0.013781 0.291088
0.167692 0.013575 0.290979
0.167608 0.013431 0.290936
0.167584 0.013225 0.290827
0.167501 0.013081 0.290784
0.167417 0.012937 0.290740
0.167393 0.012730 0.290631
0.167309 0.012586 0.290587
0.167284 0.012378 0.290479
0.167200 0.012233 0.290435
0.167175 0.012025 0.290326
0.167091 0.011880 0.290282
0.167066 0.011671 0.290173
0.167040 0.011462 0.290063
0.167014 0.011252 0.289954
0.166987 0.011042 0.289844
0.166961 0.010831 0.289734
0.166934 0.010620 0.289625
0.166907 0.010408 0.289515
0.166879 0.010196 0.289405
0.166852 0.009984 0.289294
0.166824 0.009771 0.289184
0.166796 0.009557 0.289074
0.166767 0.009344 0.288963
0.166739 0.009130 0.288852
0.166767 0.008848 0.288675
0.166738 0.008633 0.288564
0.166708 0.008417 0.288453
0.166735 0.008133 0.288275
0.166705 0.007916 0.288164
0.166674 0.007699 0.288052
0.166588 0.007550 0.288007
0.166557 0.007332 0.287895
0.166470 0.007183 0.287850
0.166384 0.007034 0.287804
0.181086 0.028444 0.292991
0.180774 0.028401 0.293116
0.180537 0.028322 0.293184
0.180301 0.028244 0.293252
0.180139 0.028129 0.293263
0.179977 0.028014 0.293274
0.179815 0.027900 0.293285
0.179726 0.027747 0.293239
0.179565 0.027633 0.293250
0.179403 0.027520 0.293261
0.179242 0.027407 0.293273
0.179082 0.027295 0.293285
0.178994 0.027143 0.293239
0.178833 0.027031 0.293251
0.178673 0.026920 0.293263
0.178441 0.026849 0.293333
0.178354 0.026698 0.293287
0.178122 0.026629 0.293358
0.177892 0.026560 0.293429
0.177590 0.026534 0.293558
0.177360 0.026467 0.293630
0.177202 0.026360 0.293643
0.176973 0.026295 0.293715
0.176745 0.026230 0.293788
0.176588 0.026125 0.293801
0.176432 0.026020 0.293815
0.176275 0.025915 0.293829
0.176190 0.025768 0.293785
0.176105 0.025620 0.293740
0.176019 0.025473 0.293695
0.175934 0.025326 0.293650
0.175848 0.025179 0.293606
0.175763 0.025031 0.293561
0.175677 0.024884 0.293516
0.175592 0.024737 0.293471
0.175437 0.024634 0.293486
0.175352 0.024487 0.293441
0.174152 0.024066 0.293772
0.173931 0.024013 0.293848
0.173778 0.023915 0.293865
0.173695 0.023771 0.293821
0.173543 0.023674 0.293837
0.173391 0.023577 0.293853
0.173240 0.023481 0.293870
0.173156 0.023337 0.293826
0.173005 0.023241 0.293843
0.172922 0.023098 0.293800
0.172771 0.023003 0.293817
0.172688 0.022859 0.293773
0.172605 0.022716 0.293730
0.172522 0.022573 0.293686
0.172439 0.022430 0.293643
0.172356 0.022287 0.293599
0.172206 0.022193 0.293616
0.172123 0.022050 0.293573
0.172040 0.021907 0.293530
0.171957 0.021764 0.293486
0.171874 0.021621 0.293443
0.171791 0.021478 0.293399
0.171708 0.021335 0.293356
0.171625 0.021192 0.293312
0.171542 0.021049 0.293269
0.171459 0.020906 0.293225
0.171311 0.020815 0.293244
0.171228 0.020672 0.293200
0.171145 0.020529 0.293157
0.171062 0.020386 0.293113
0.170914 0.020296 0.293132
0.170832 0.020154 0.293089
0.170749 0.020011 0.293045
0.170666 0.019868 0.293002
0.170519 0.019779 0.293021
0.170436 0.019637 0.292977
0.170354 0.019495 0.292934
0.170207 0.019406 0.292953
0.170125 0.019264 0.292910
0.170042 0.019122 0.292867
0.169960 0.018980 0.292824
0.169814 0.018893 0.292843
0.169731 0.018751 0.292800
0.169649 0.018609 0.292757
0.169567 0.018467 0.292714
0.169484 0.018325 0.292671
0.169402 0.018183 0.292627
0.169382 0.017985 0.292521
0.169300 0.017843 0.292478
0.169218 0.017701 0.292435
0.169198 0.017502 0.292329
0.169115 0.017359 0.292285
0.169095 0.017160 0.292179
0.169012 0.017017 0.292136
0.168929 0.016875 0.292092
0.168909 0.016674 0.291985
0.168826 0.016532 0.291942
0.168743 0.016389 0.291899
0.168660 0.016246 0.291855
0.168639 0.016045 0.291748
0.168556 0.015902 0.291705
0.168473 0.015759 0.291661
0.168390 0.015616 0.291618
0.168307 0.015473 0.291574
0.168285 0.015270 0.291467
0.168202 0.015127 0.291423
0.168119 0.014984 0.291380
0.168036 0.014840 0.291336
0.168013 0.014637 0.291228
0.167930 0.014493 0.291185
0.167847 0.014350 0.291141
0.167763 0.014206 0.291098
0.167740 0.014002 0.290990
0.167657 0.013858 0.290946
0.167633 0.013652 0.290838
0.167549 0.013509 0.290794
0.167525 0.013302 0.290685
0.167442 0.013158 0.290642
0.167417 0.012952 0.290533
0.167334 0.012807 0.290489
0.167309 0.012600 0.290380
0.167225 0.012455 0.290336
0.167200 0.012247 0.290227
0.167116 0.012103 0.290183
0.167090 0.011894 0.290074
0.167006 0.011749 0.290030
0.166980 0.011540 0.289920
0.166954 0.011330 0.289810
0.166928 0.011120 0.289701
0.166901 0.010909 0.289591
0.166874 0.010698 0.289481
0.166847 0.010487 0.289371
0.166819 0.010275 0.289260
0.166792 0.010062 0.289150
0.166821 0.009784 0.288973
0.166793 0.009570 0.288863
0.166764 0.009356 0.288752
0.166735 0.009142 0.288641
0.166763 0.008860 0.288463
0.166733 0.008645 0.288352
0.166704 0.008429 0.288240
0.166674 0.008213 0.288129
0.166644 0.007997 0.288017
0.166613 0.007779 0.287905
0.166527 0.007630 0.287860
0.166496 0.007413 0.287748
0.166409 0.007263 0.287703
0.166323 0.007114 0.287657
0.180711 0.028484 0.292964
0.180475 0.028405 0.293032
0.180238 0.028326 0.293101
0.180149 0.028173 0.293054
0.179987 0.028058 0.293065
0.179825 0.027943 0.293077
0.179664 0.027829 0.293088
0.179502 0.027715 0.293100
0.179414 0.027563 0.293053
0.179253 0.027450 0.293065
0.179092 0.027337 0.293077
0.179004 0.027185 0.293031
0.178843 0.027073 0.293043
0.178611 0.027001 0.293113
0.178451 0.026890 0.293126
0.178292 0.026779 0.293138
0.178061 0.026710 0.293209
0.177830 0.026641 0.293281
0.177600 0.026573 0.293353
0.177370 0.026506 0.293424
0.177141 0.026440 0.293497
0.176913 0.026374 0.293569
0.176685 0.026310 0.293642
0.176528 0.026204 0.293656
0.176442 0.026056 0.293611
0.176286 0.025951 0.293625
0.176200 0.025804 0.293580
0.176115 0.025656 0.293536
0.176029 0.025509 0.293491
0.175944 0.025361 0.293446
0.175858 0.025214 0.293401
0.175772 0.025067 0.293356
0.175617 0.024963 0.293371
0.175532 0.024816 0.293326
0.175377 0.024713 0.293341
0.175291 0.024566 0.293297
0.175206 0.024419 0.293252
0.174314 0.024197 0.293554
0.174093 0.024144 0.293630
0.173940 0.024045 0.293646
0.173788 0.023947 0.293662
0.173636 0.023849 0.293678
0.173484 0.023751 0.293695
0.173400 0.023607 0.293651
0.173249 0.023510 0.293668
0.173097 0.023414 0.293685
0.173014 0.023270 0.293641
0.172863 0.023175 0.293658
0.172780 0.023031 0.293615
0.172697 0.022888 0.293571
0.172546 0.022793 0.293588
0.172463 0.022650 0.293545
0.172380 0.022507 0.293501
0.172297 0.022363 0.293458
0.172214 0.022220 0.293414
0.172131 0.022077 0.293371
0.172048 0.021934 0.293327
0.171965 0.021791 0.293284
0.171815 0.021698 0.293302
0.171733 0.021555 0.293258
0.171650 0.021412 0.293215
0.171567 0.021269 0.293171
0.171484 0.021126 0.293128
0.171401 0.020983 0.293084
0.171318 0.020840 0.293041
0.171169 0.020749 0.293059
0.171087 0.020606 0.293016
0.171004 0.020463 0.292973
0.170921 0.020320 0.292929
0.170773 0.020230 0.292948
0.170691 0.020088 0.292905
0.170608 0.019945 0.292861
0.170525 0.019802 0.292818
0.170378 0.019713 0.292837
0.170296 0.019571 0.292794
0.170213 0.019429 0.292751
0.170066 0.019340 0.292770
0.169984 0.019198 0.292727
0.169901 0.019056 0.292684
0.169819 0.018914 0.292640
0.169737 0.018772 0.292597
0.169654 0.018630 0.292554
0.169508 0.018543 0.292574
0.169426 0.018401 0.292531
0.169344 0.018259 0.292488
0.169324 0.018061 0.292381
0.169242 0.017919 0.292338
0.169222 0.017721 0.292232
0.169139 0.017578 0.292188
0.169119 0.017379 0.292082
0.169036 0.017237 0.292038
0.168954 0.017094 0.291995
0.168933 0.016894 0.291888
0.168850 0.016751 0.291845
0.168767 0.016608 0.291801
0.168746 0.016407 0.291694
0.168663 0.016264 0.291651
0.168580 0.016122 0.291607
0.168497 0.015979 0.291564
0.168414 0.015836 0.291520
0.168392 0.015633 0.291413
0.168309 0.015490 0.291369
0.168226 0.015347 0.291326
0.168143 0.015204 0.291282
0.168060 0.015061 0.291239
0.168037 0.014857 0.291131
0.167954 0.014714 0.291087
0.167871 0.014570 0.291043
0.167788 0.014427 0.291000
0.167705 0.014283 0.290956
0.167681 0.014079 0.290848
0.167598 0.013935 0.290804
0.167574 0.013730 0.290696
0.167490 0.013586 0.290652
0.167466 0.013380 0.290543
0.167383 0.013236 0.290500
0.167358 0.013029 0.290391
0.167274 0.012885 0.290347
0.167250 0.012678 0.290238
0.167166 0.012533 0.290194
0.167140 0.012325 0.290084
0.167057 0.012180 0.290040
0.167031 0.011972 0.289931
0.166947 0.011827 0.289887
0.166921 0.011618 0.289777
0.166894 0.011408 0.289667
0.166868 0.011198 0.289557
0.166841 0.010988 0.289447
0.166872 0.010711 0.289271
0.166787 0.010565 0.289226
0.166817 0.010288 0.289050
0.166789 0.010075 0.288939
0.166761 0.009863 0.288828
0.166732 0.009649 0.288717
0.166760 0.009369 0.288540
0.166731 0.009155 0.288429
0.166702 0.008940 0.288317
0.166673 0.008725 0.288206
0.166643 0.008509 0.288094
0.166613 0.008293 0.287982
0.166583 0.008077 0.287870
0.166552 0.007860 0.287758
0.166466 0.007710 0.287713
0.166435 0.007493 0.287601
0.166348 0.007344 0.287555
0.166317 0.007125 0.287443
0.180722 0.028530 0.292755
0.180485 0.028450 0.292823
0.180249 0.028371 0.292892
0.180087 0.028256 0.292903
0.179925 0.028140 0.292915
0.179763 0.028025 0.292926
0.179674 0.027873 0.292880
0.179513 0.027758 0.292891
0.179351 0.027645 0.292903
0.179190 0.027531 0.292915
0.179030 0.027418 0.292927
0.178942 0.027266 0.292881
0.178781 0.027154 0.292893
0.178621 0.027042 0.292906
0.178389 0.026971 0.292977
0.178230 0.026860 0.292990
0.177999 0.026790 0.293061
0.177769 0.026721 0.293133
0.177539 0.026653 0.293205
0.177309 0.026586 0.293277
0.177080 0.026520 0.293350
0.176923 0.026412 0.293364
0.176695 0.026348 0.293437
0.176538 0.026241 0.293451
0.176382 0.026136 0.293465
0.176296 0.025988 0.293420
0.176140 0.025883 0.293435
0.176054 0.025736 0.293390
0.175969 0.025588 0.293345
0.175883 0.025441 0.293301
0.175798 0.025293 0.293256
0.175712 0.025146 0.293211
0.175557 0.025042 0.293226
0.175471 0.024895 0.293181
0.175316 0.024792 0.293196
0.175231 0.024645 0.293152
0.175007 0.024588 0.293227
0.174784 0.024531 0.293302
0.174630 0.024430 0.293318
0.174408 0.024375 0.293394
0.174255 0.024275 0.293410
0.174102 0.024176 0.293426
0.173949 0.024077 0.293443
0.173797 0.023978 0.293459
0.173645 0.023880 0.293476
0.173493 0.023782 0.293492
0.173341 0.023685 0.293509
0.173257 0.023541 0.293465
0.173106 0.023444 0.293482
0.172955 0.023348 0.293500
0.172872 0.023204 0.293456
0.172788 0.023060 0.293412
0.172638 0.022965 0.293430
0.172555 0.022822 0.293386
0.172472 0.022678 0.293343
0.172388 0.022535 0.293299
0.172238 0.022440 0.293317
0.172155 0.022297 0.293273
0.172072 0.022154 0.293230
0.171989 0.022011 0.293186
0.171906 0.021868 0.293143
0.171823 0.021724 0.293099
0.171740 0.021581 0.293056
0.171657 0.021438 0.293012
0.171574 0.021295 0.292969
0.171491 0.021152 0.292925
0.171342 0.021060 0.292944
0.171259 0.020917 0.292900
0.171176 0.020774 0.292857
0.171093 0.020631 0.292813
0.170945 0.020540 0.292832
0.170862 0.020397 0.292789
0.170780 0.020254 0.292745
0.170697 0.020112 0.292702
0.170614 0.019969 0.292658
0.170467 0.019879 0.292678
0.170384 0.019737 0.292634
0.170301 0.019594 0.292591
0.170155 0.019505 0.292610
0.170072 0.019363 0.292567
0.169989 0.019221 0.292524
0.169907 0.019078 0.292481
0.169761 0.018990 0.292500
0.169678 0.018848 0.292457
0.169596 0.018706 0.292414
0.169513 0.018564 0.292371
0.169431 0.018422 0.292328
0.169348 0.018280 0.292284
0.169266 0.018138 0.292241
0.169183 0.017996 0.292198
0.169164 0.017797 0.292091
0.169081 0.017655 0.292048
0.169061 0.017456 0.291941
0.168978 0.017313 0.291898
0.168957 0.017113 0.291791
0.168874 0.016971 0.291747
0.168853 0.016770 0.291640
0.168770 0.016627 0.291597
0.168687 0.016484 0.291553
0.168605 0.016341 0.291510
0.168583 0.016140 0.291402
0.168500 0.015997 0.291359
0.168417 0.015854 0.291315
0.168334 0.015710 0.291272
0.168251 0.015567 0.291228
0.168167 0.015424 0.291184
0.168084 0.015281 0.291141
0.168062 0.015078 0.291033
0.167979 0.014934 0.290989
0.167895 0.014791 0.290946
0.167812 0.014647 0.290902
0.167789 0.014443 0.290794
0.167706 0.014300 0.290750
0.167622 0.014156 0.290706
0.167539 0.014012 0.290663
0.167515 0.013807 0.290554
0.167491 0.013601 0.290445
0.167407 0.013457 0.290401
0.167383 0.013251 0.290292
0.167299 0.013107 0.290248
0.167274 0.012900 0.290139
0.167190 0.012755 0.290095
0.167165 0.012548 0.289986
0.167081 0.012403 0.289942
0.166997 0.012258 0.289898
0.166971 0.012050 0.289788
0.166945 0.011841 0.289678
0.166861 0.011696 0.289634
0.166835 0.011486 0.289524
0.166866 0.011212 0.289348
0.166839 0.011001 0.289237
0.166812 0.010790 0.289127
0.166784 0.010578 0.289016
0.166756 0.010367 0.288905
0.166729 0.010154 0.288794
0.166700 0.009942 0.288683
0.166729 0.009662 0.288506
0.166700 0.009448 0.288394
0.166727 0.009168 0.288216
0.166698 0.008953 0.288105
0.166668 0.008737 0.287993
0.166638 0.008522 0.287881
0.166608 0.008306 0.287769
0.166577 0.008089 0.287656
0.166491 0.007940 0.287611
0.166404 0.007791 0.287566
0.166318 0.007641 0.287520
0.166231 0.007492 0.287475
0.166200 0.007274 0.287363
0.180422 0.028533 0.292671
0.180186 0.028454 0.292741
0.180024 0.028338 0.292752
0.179935 0.028185 0.292706
0.179773 0.028069 0.292717
0.179611 0.027955 0.292729
0.179523 0.027802 0.292683
0.179362 0.027688 0.292695
0.179201 0.027574 0.292707
0.179040 0.027461 0.292719
0.178952 0.027309 0.292673
0.178791 0.027196 0.292685
0.178559 0.027124 0.292756
0.178327 0.027052 0.292828
0.178168 0.026941 0.292841
0.177937 0.026871 0.292913
0.177707 0.026802 0.292985
0.177477 0.026734 0.293058
0.177248 0.026666 0.293130
0.177090 0.026558 0.293144
0.176862 0.026492 0.293217
0.176705 0.026385 0.293232
0.176477 0.026321 0.293305
0.176392 0.026173 0.293260
0.176235 0.026068 0.293275
0.176150 0.025920 0.293230
0.176064 0.025772 0.293185
0.175978 0.025624 0.293140
0.175823 0.025520 0.293155
0.175737 0.025373 0.293110
0.175652 0.025225 0.293066
0.175496 0.025121 0.293081
0.175341 0.025018 0.293096
0.175187 0.024915 0.293111
0.175102 0.024769 0.293067
0.174947 0.024666 0.293082
0.174724 0.024610 0.293158
0.174570 0.024509 0.293174
0.174348 0.024453 0.293251
0.174195 0.024353 0.293267
0.174042 0.024254 0.293283
0.173890 0.024154 0.293300
0.173737 0.024056 0.293317
0.173654 0.023911 0.293273
0.173502 0.023813 0.293289
0.173350 0.023715 0.293306
0.173266 0.023571 0.293263
0.173115 0.023474 0.293280
0.172964 0.023377 0.293297
0.172880 0.023234 0.293253
0.172797 0.023090 0.293210
0.172646 0.022994 0.293227
0.172563 0.022850 0.293183
0.172480 0.022707 0.293140
0.172330 0.022612 0.293158
0.172246 0.022468 0.293114
0.172163 0.022325 0.293070
0.172080 0.022182 0.293027
0.171997 0.022038 0.292983
0.171913 0.021895 0.292940
0.171764 0.021801 0.292958
0.171681 0.021658 0.292914
0.171598 0.021515 0.292871
0.171515 0.021372 0.292827
0.171432 0.021229 0.292784
0.171349 0.021085 0.292740
0.171266 0.020942 0.292697
0.171118 0.020851 0.292716
0.171035 0.020708 0.292672
0.170952 0.020565 0.292629
0.170869 0.020422 0.292585
0.170721 0.020331 0.292604
0.170638 0.020188 0.292561
0.170555 0.020045 0.292518
0.170473 0.019903 0.292474
0.170326 0.019813 0.292494
0.170243 0.019671 0.292450
0.170160 0.019528 0.292407
0.170077 0.019386 0.292364
0.169931 0.019297 0.292383
0.169848 0.019155 0.292340
0.169766 0.019012 0.292297
0.169683 0.018870 0.292254
0.169601 0.018728 0.292210
0.169518 0.018585 0.292167
0.169373 0.018498 0.292187
0.169290 0.018356 0.292144
0.169270 0.018158 0.292037
0.169188 0.018016 0.291994
0.169105 0.017874 0.291951
0.169085 0.017675 0.291844
0.169002 0.017532 0.291801
0.168982 0.017333 0.291693
0.168899 0.017190 0.291650
0.168878 0.016990 0.291543
0.168795 0.016847 0.291499
0.168773 0.016646 0.291391
0.168690 0.016503 0.291348
0.168607 0.016360 0.291304
0.168524 0.016217 0.291261
0.168441 0.016074 0.291217
0.168358 0.015930 0.291174
0.168275 0.015787 0.291130
0.168192 0.015644 0.291087
0.168169 0.015441 0.290979
0.168086 0.015298 0.290935
0.168003 0.015155 0.290891
0.167920 0.015011 0.290848
0.167837 0.014868 0.290804
0.167753 0.014724 0.290761
0.167730 0.014520 0.290652
0.167647 0.014377 0.290608
0.167563 0.014233 0.290565
0.167539 0.014028 0.290456
0.167456 0.013884 0.290412
0.167432 0.013679 0.290303
0.167348 0.013535 0.290259
0.167324 0.013328 0.290150
0.167240 0.013184 0.290106
0.167215 0.012977 0.289997
0.167190 0.012770 0.289887
0.167106 0.012625 0.289843
0.167022 0.012481 0.289799
0.166996 0.012273 0.289689
0.166912 0.012128 0.289645
0.166886 0.011919 0.289535
0.166860 0.011710 0.289425
0.166833 0.011500 0.289314
0.166806 0.011290 0.289204
0.166779 0.011079 0.289093
0.166752 0.010869 0.288983
0.166724 0.010657 0.288872
0.166754 0.010380 0.288694
0.166668 0.010233 0.288650
0.166697 0.009955 0.288472
0.166668 0.009742 0.288360
0.166696 0.009462 0.288182
0.166667 0.009247 0.288070
0.166637 0.009032 0.287958
0.166607 0.008817 0.287846
0.166577 0.008602 0.287734
0.166547 0.008386 0.287622
0.166516 0.008169 0.287509
0.166430 0.008020 0.287464
0.166343 0.007871 0.287419
0.166257 0.007722 0.287373
0.166170 0.007572 0.287328
0.180359 0.028615 0.292520
0.180196 0.028499 0.292531
0.180034 0.028383 0.292543
0.179872 0.028267 0.292555
0.179783 0.028114 0.292508
0.179622 0.027999 0.292520
0.179460 0.027884 0.292532
0.179299 0.027770 0.292544
0.179210 0.027617 0.292498
0.178977 0.027543 0.292569
0.178889 0.027391 0.292523
0.178729 0.027278 0.292535
0.178569 0.027166 0.292548
0.178337 0.027094 0.292620
0.178106 0.027022 0.292692
0.177947 0.026912 0.292705
0.177717 0.026842 0.292778
0.177487 0.026773 0.292851
0.177258 0.026705 0.292924
0.177029 0.026638 0.292997
0.176872 0.026531 0.293012
0.176644 0.026465 0.293085
0.176487 0.026359 0.293100
0.176331 0.026253 0.293115
0.176245 0.026105 0.293070
0.176089 0.025999 0.293084
0.176003 0.025852 0.293040
0.175918 0.025704 0.292995
0.175762 0.025599 0.293010
0.175677 0.025452 0.292965
0.175521 0.025348 0.292980
0.175436 0.025201 0.292936
0.175281 0.025097 0.292951
0.175127 0.024994 0.292967
0.174972 0.024892 0.292982
0.174818 0.024790 0.292998
0.174664 0.024688 0.293014
0.174511 0.024587 0.293030
0.174357 0.024486 0.293047
0.174204 0.024386 0.293063
0.174051 0.024286 0.293080
0.173899 0.024187 0.293096
0.173746 0.024087 0.293113
0.173662 0.023943 0.293069
0.173510 0.023844 0.293086
0.173359 0.023746 0.293103
0.173275 0.023602 0.293059
0.173123 0.023504 0.293076
0.173040 0.023360 0.293033
0.172889 0.023263 0.293050
0.172805 0.023119 0.293006
0.172654 0.023023 0.293024
0.172571 0.022879 0.292980
0.172488 0.022736 0.292937
0.172337 0.022640 0.292955
0.172254 0.022497 0.292911
0.172171 0.022353 0.292867
0.172087 0.022209 0.292824
0.172004 0.022066 0.292780
0.171855 0.021972 0.292798
0.171771 0.021829 0.292755
0.171688 0.021685 0.292711
0.171605 0.021542 0.292668
0.171522 0.021398 0.292624
0.171439 0.021255 0.292580
0.171355 0.021111 0.292537
0.171207 0.021019 0.292556
0.171124 0.020876 0.292512
0.171041 0.020733 0.292469
0.170958 0.020590 0.292425
0.170810 0.020498 0.292444
0.170727 0.020356 0.292401
0.170644 0.020213 0.292357
0.170561 0.020070 0.292314
0.170414 0.019979 0.292333
0.170331 0.019837 0.292290
0.170248 0.019694 0.292247
0.170166 0.019551 0.292203
0.170019 0.019462 0.292223
0.169936 0.019320 0.292180
0.169854 0.019177 0.292137
0.169771 0.019034 0.292093
0.169625 0.018947 0.292113
0.169542 0.018804 0.292070
0.169460 0.018662 0.292027
0.169377 0.018519 0.291984
0.169295 0.018377 0.291940
0.169212 0.018235 0.291897
0.169192 0.018037 0.291790
0.169109 0.017894 0.291747
0.169026 0.017751 0.291703
0.169006 0.017552 0.291596
0.168923 0.017410 0.291553
0.168902 0.017210 0.291445
0.168819 0.017067 0.291402
0.168798 0.016867 0.291294
0.168715 0.016723 0.291250
0.168632 0.016580 0.291207
0.168610 0.016379 0.291099
0.168527 0.016236 0.291055
0.168443 0.016092 0.291012
0.168360 0.015949 0.290968
0.168277 0.015805 0.290924
0.168194 0.015662 0.290881
0.168111 0.015519 0.290837
0.168027 0.015375 0.290794
0.167944 0.015232 0.290750
0.167861 0.015088 0.290706
0.167778 0.014945 0.290663
0.167695 0.014802 0.290619
0.167671 0.014598 0.290510
0.167588 0.014454 0.290467
0.167504 0.014310 0.290423
0.167480 0.014105 0.290314
0.167397 0.013962 0.290270
0.167373 0.013756 0.290161
0.167289 0.013612 0.290117
0.167264 0.013406 0.290008
0.167240 0.013199 0.289898
0.167156 0.013055 0.289854
0.167130 0.012848 0.289744
0.167046 0.012703 0.289700
0.167021 0.012495 0.289590
0.166937 0.012350 0.289546
0.166911 0.012142 0.289436
0.166826 0.011997 0.289392
0.166800 0.011788 0.289282
0.166773 0.011578 0.289171
0.166746 0.011368 0.289060
0.166719 0.011158 0.288949
0.166692 0.010947 0.288839
0.166721 0.010671 0.288661
0.166693 0.010459 0.288550
0.166608 0.010312 0.288505
0.166636 0.010034 0.288327
0.166608 0.009821 0.288215
0.166579 0.009607 0.288103
0.166606 0.009327 0.287924
0.166576 0.009112 0.287812
0.166546 0.008897 0.287700
0.166516 0.008682 0.287587
0.166486 0.008466 0.287475
0.166399 0.008317 0.287430
0.166369 0.008100 0.287317
0.166282 0.007951 0.287272
0.166196 0.007802 0.287226
0.166109 0.007653 0.287181
0.180207 0.028544 0.292321
0.180044 0.028428 0.292333
0.179882 0.028312 0.292345
0.179720 0.028196 0.292357
0.179631 0.028043 0.292310
0.179470 0.027928 0.292323
0.179309 0.027813 0.292335
0.179148 0.027699 0.292347
0.178987 0.027586 0.292360
0.178899 0.027433 0.292314
0.178738 0.027320 0.292326
0.178507 0.027247 0.292398
0.178275 0.027175 0.292471
0.178044 0.027104 0.292543
0.177885 0.026993 0.292557
0.177655 0.026923 0.292630
0.177426 0.026854 0.292703
0.177197 0.026786 0.292777
0.176968 0.026718 0.292850
0.176811 0.026611 0.292865
0.176654 0.026503 0.292879
0.176427 0.026438 0.292954
0.176270 0.026332 0.292969
0.176185 0.026184 0.292924
0.176099 0.026036 0.292879
0.175943 0.025931 0.292894
0.175857 0.025783 0.292849
0.175702 0.025679 0.292864
0.175616 0.025531 0.292820
0.175461 0.025427 0.292835
0.175306 0.025323 0.292851
0.175221 0.025176 0.292806
0.175066 0.025073 0.292822
0.174912 0.024971 0.292838
0.174758 0.024869 0.292854
0.174604 0.024767 0.292870
0.174451 0.024665 0.292886
0.174298 0.024565 0.292903
0.174145 0.024464 0.292920
0.173992 0.024364 0.292936
0.173907 0.024219 0.292892
0.173755 0.024119 0.292909
0.173603 0.024020 0.292926
0.173519 0.023876 0.292882
0.173367 0.023777 0.292899
0.173283 0.023633 0.292855
0.173132 0.023535 0.292873
0.172980 0.023438 0.292890
0.172897 0.023293 0.292847
0.172813 0.023149 0.292803
0.172662 0.023053 0.292821
0.172579 0.022909 0.292777
0.172495 0.022765 0.292733
0.172345 0.022669 0.292751
0.172262 0.022525 0.292707
0.172178 0.022381 0.292664
0.172095 0.022238 0.292620
0.172011 0.022094 0.292576
0.171862 0.021999 0.292595
0.171779 0.021856 0.292551
0.171695 0.021712 0.292507
0.171612 0.021569 0.292464
0.171529 0.021425 0.292420
0.171445 0.021281 0.292377
0.171362 0.021138 0.292333
0.171213 0.021045 0.292352
0.171130 0.020902 0.292308
0.171047 0.020758 0.292265
0.170899 0.020667 0.292284
0.170816 0.020523 0.292240
0.170733 0.020380 0.292197
0.170650 0.020237 0.292153
0.170503 0.020146 0.292173
0.170420 0.020003 0.292130
0.170337 0.019860 0.292086
0.170254 0.019717 0.292043
0.170107 0.019628 0.292063
0.170024 0.019485 0.292019
0.169941 0.019342 0.291976
0.169858 0.019200 0.291932
0.169712 0.019111 0.291953
0.169630 0.018969 0.291909
0.169547 0.018826 0.291866
0.169464 0.018683 0.291823
0.169382 0.018541 0.291779
0.169299 0.018398 0.291736
0.169216 0.018256 0.291693
0.169133 0.018113 0.291649
0.169051 0.017971 0.291606
0.169030 0.017772 0.291499
0.168947 0.017629 0.291455
0.168926 0.017430 0.291347
0.168843 0.017287 0.291304
0.168822 0.017087 0.291196
0.168739 0.016944 0.291153
0.168717 0.016743 0.291044
0.168634 0.016600 0.291001
0.168551 0.016456 0.290957
0.168468 0.016313 0.290914
0.168385 0.016169 0.290870
0.168301 0.016026 0.290827
0.168218 0.015882 0.290783
0.168135 0.015739 0.290739
0.168052 0.015596 0.290696
0.167969 0.015452 0.290652
0.167885 0.015309 0.290609
0.167802 0.015165 0.290565
0.167719 0.015022 0.290522
0.167696 0.014818 0.290413
0.167612 0.014675 0.290369
0.167529 0.014531 0.290325
0.167446 0.014388 0.290282
0.167422 0.014183 0.290172
0.167397 0.013978 0.290063
0.167314 0.013834 0.290019
0.167289 0.013628 0.289909
0.167205 0.013484 0.289865
0.167180 0.013277 0.289756
0.167155 0.013070 0.289646
0.167071 0.012926 0.289602
0.167045 0.012718 0.289492
0.166961 0.012573 0.289447
0.166877 0.012428 0.289403
0.166851 0.012220 0.289293
0.166825 0.012011 0.289182
0.166740 0.011866 0.289138
0.166771 0.011592 0.288961
0.166744 0.011382 0.288850
0.166717 0.011172 0.288739
0.166689 0.010961 0.288628
0.166661 0.010750 0.288516
0.166633 0.010538 0.288405
0.166548 0.010391 0.288360
0.166576 0.010113 0.288181
0.166547 0.009900 0.288070
0.166518 0.009687 0.287958
0.166489 0.009473 0.287845
0.166459 0.009258 0.287733
0.166485 0.008977 0.287553
0.166455 0.008762 0.287441
0.166369 0.008613 0.287396
0.166338 0.008397 0.287283
0.166252 0.008248 0.287238
0.166165 0.008099 0.287192
0.166134 0.007882 0.287079
0.166048 0.007733 0.287034
0.180217 0.028590 0.292111
0.179981 0.028510 0.292182
0.179819 0.028394 0.292194
0.179730 0.028241 0.292147
0.179641 0.028087 0.292100
0.179480 0.027972 0.292113
0.179319 0.027857 0.292125
0.179158 0.027743 0.292138
0.178997 0.027629 0.292151
0.178908 0.027476 0.292104
0.178676 0.027402 0.292176
0.178516 0.027289 0.292190
0.178285 0.027217 0.292262
0.178054 0.027145 0.292335
0.177895 0.027034 0.292349
0.177665 0.026963 0.292422
0.177435 0.026894 0.292496
0.177207 0.026825 0.292570
0.177120 0.026676 0.292524
0.176750 0.026691 0.292718
0.176593 0.026583 0.292733
0.176436 0.026476 0.292748
0.176280 0.026370 0.292763
0.176194 0.026222 0.292718
0.176038 0.026116 0.292733
0.175882 0.026010 0.292748
0.175797 0.025863 0.292703
0.175641 0.025758 0.292719
0.175556 0.025610 0.292674
0.175401 0.025506 0.292690
0.175246 0.025402 0.292706
0.175091 0.025299 0.292722
0.175006 0.025152 0.292677
0.174852 0.025049 0.292693
0.174698 0.024947 0.292710
0.174544 0.024845 0.292726
0.174391 0.024744 0.292743
0.174306 0.024598 0.292698
0.174153 0.024497 0.292715
0.174000 0.024397 0.292732
0.173848 0.024297 0.292749
0.173764 0.024152 0.292705
0.173611 0.024052 0.292722
0.173527 0.023907 0.292678
0.173375 0.023809 0.292695
0.173224 0.023710 0.292713
0.173140 0.023566 0.292669
0.172989 0.023468 0.292686
0.172905 0.023324 0.292643
0.172754 0.023227 0.292660
0.172670 0.023082 0.292617
0.172587 0.022938 0.292573
0.172503 0.022794 0.292529
0.172353 0.022698 0.292547
0.172269 0.022554 0.292503
0.172185 0.022410 0.292460
0.172102 0.022266 0.292416
0.171952 0.022171 0.292434
0.171869 0.022027 0.292391
0.171785 0.021883 0.292347
0.171702 0.021739 0.292303
0.171619 0.021596 0.292260
0.171535 0.021452 0.292216
0.171386 0.021359 0.292235
0.171303 0.021215 0.292191
0.171220 0.021071 0.292148
0.171136 0.020928 0.292104
0.170988 0.020835 0.292123
0.170905 0.020692 0.292080
0.170822 0.020549 0.292036
0.170674 0.020457 0.292056
0.170591 0.020314 0.292012
0.170508 0.020171 0.291969
0.170425 0.020028 0.291925
0.170278 0.019937 0.291945
0.170195 0.019794 0.291902
0.170112 0.019651 0.291858
0.170029 0.019508 0.291815
0.169946 0.019365 0.291771
0.169800 0.019276 0.291792
0.169717 0.019134 0.291748
0.169634 0.018991 0.291705
0.169551 0.018848 0.291662
0.169469 0.018705 0.291618
0.169386 0.018562 0.291575
0.169303 0.018420 0.291531
0.169220 0.018277 0.291488
0.169137 0.018134 0.291445
0.169054 0.017991 0.291401
0.169034 0.017793 0.291293
0.168951 0.017650 0.291250
0.168868 0.017507 0.291207
0.168847 0.017307 0.291098
0.168763 0.017164 0.291055
0.168742 0.016963 0.290947
0.168659 0.016820 0.290903
0.168575 0.016677 0.290860
0.168492 0.016533 0.290816
0.168409 0.016390 0.290772
0.168326 0.016246 0.290729
0.168243 0.016103 0.290685
0.168159 0.015960 0.290642
0.168076 0.015816 0.290598
0.167993 0.015673 0.290554
0.167910 0.015529 0.290511
0.167827 0.015386 0.290467
0.167743 0.015243 0.290424
0.167720 0.015039 0.290315
0.167637 0.014896 0.290271
0.167553 0.014752 0.290227
0.167529 0.014548 0.290118
0.167446 0.014404 0.290074
0.167363 0.014260 0.290030
0.167338 0.014055 0.289921
0.167255 0.013911 0.289877
0.167230 0.013705 0.289767
0.167205 0.013499 0.289657
0.167121 0.013355 0.289613
0.167096 0.013148 0.289503
0.167070 0.012941 0.289393
0.166986 0.012796 0.289349
0.166902 0.012651 0.289305
0.166876 0.012443 0.289194
0.166849 0.012235 0.289083
0.166765 0.012089 0.289039
0.166738 0.011880 0.288928
0.166711 0.011671 0.288817
0.166684 0.011461 0.288706
0.166657 0.011250 0.288595
0.166629 0.011040 0.288483
0.166601 0.010828 0.288372
0.166573 0.010617 0.288260
0.166544 0.010405 0.288148
0.166459 0.010258 0.288104
0.166487 0.009979 0.287924
0.166458 0.009766 0.287812
0.166428 0.009552 0.287700
0.166398 0.009338 0.287587
0.166425 0.009057 0.287407
0.166338 0.008908 0.287362
0.166308 0.008693 0.287249
0.166277 0.008477 0.287136
0.166191 0.008328 0.287091
0.166104 0.008179 0.287045
0.166018 0.008030 0.287000
0.165987 0.007813 0.286887
0.180226 0.028636 0.291900
0.179991 0.028556 0.291971
0.179829 0.028439 0.291983
0.179740 0.028286 0.291937
0.179578 0.028170 0.291949
0.179417 0.028054 0.291962
0.179328 0.027901 0.291915
0.179167 0.027786 0.291928
0.179006 0.027672 0.291941
0.178918 0.027519 0.291894
0.178757 0.027406 0.291907
0.178525 0.027332 0.291980
0.178294 0.027258 0.292053
0.178063 0.027186 0.292126
0.177833 0.027115 0.292200
0.177603 0.027044 0.292274
0.177374 0.026975 0.292348
0.177145 0.026906 0.292422
0.176917 0.026838 0.292497
0.176760 0.026730 0.292512
0.176603 0.026622 0.292526
0.176376 0.026556 0.292602
0.176219 0.026449 0.292617
0.176133 0.026301 0.292572
0.175977 0.026195 0.292587
0.175892 0.026047 0.292542
0.175736 0.025942 0.292558
0.175581 0.025837 0.292574
0.175495 0.025690 0.292529
0.175340 0.025585 0.292545
0.175186 0.025481 0.292561
0.175031 0.025378 0.292577
0.174877 0.025275 0.292593
0.174792 0.025128 0.292549
0.174638 0.025026 0.292565
0.174484 0.024924 0.292582
0.174331 0.024822 0.292599
0.174246 0.024676 0.292554
0.174093 0.024576 0.292571
0.174009 0.024430 0.292527
0.173856 0.024330 0.292544
0.173704 0.024230 0.292561
0.173620 0.024084 0.292517
0.173468 0.023985 0.292535
0.173383 0.023840 0.292491
0.173232 0.023741 0.292508
0.173148 0.023597 0.292464
0.172997 0.023499 0.292482
0.172913 0.023354 0.292438
0.172762 0.023257 0.292456
0.172678 0.023112 0.292412
0.172594 0.022968 0.292368
0.172444 0.022871 0.292387
0.172360 0.022727 0.292343
0.172276 0.022583 0.292299
0.172126 0.022487 0.292318
0.172043 0.022343 0.292274
0.171959 0.022199 0.292230
0.171876 0.022055 0.292186
0.171726 0.021961 0.292205
0.171643 0.021817 0.292161
0.171560 0.021673 0.292118
0.171476 0.021529 0.292074
0.171393 0.021385 0.292030
0.171309 0.021241 0.291987
0.171161 0.021148 0.292006
0.171077 0.021005 0.291962
0.170994 0.020861 0.291919
0.170846 0.020769 0.291938
0.170763 0.020626 0.291895
0.170680 0.020482 0.291851
0.170597 0.020339 0.291808
0.170449 0.020248 0.291828
0.170366 0.020105 0.291784
0.170283 0.019961 0.291741
0.170200 0.019818 0.291697
0.170117 0.019675 0.291654
0.170034 0.019532 0.291610
0.169888 0.019442 0.291630
0.169805 0.019299 0.291587
0.169722 0.019156 0.291543
0.169639 0.019013 0.291500
0.169556 0.018870 0.291457
0.169410 0.018782 0.291477
0.169327 0.018639 0.291434
0.169244 0.018496 0.291391
0.169162 0.018354 0.291347
0.169079 0.018211 0.291304
0.169058 0.018012 0.291196
0.168975 0.017869 0.291152
0.168892 0.017726 0.291109
0.168809 0.017583 0.291066
0.168788 0.017384 0.290957
0.168705 0.017241 0.290914
0.168683 0.017040 0.290805
0.168600 0.016897 0.290762
0.168517 0.016754 0.290718
0.168433 0.016610 0.290675
0.168350 0.016467 0.290631
0.168267 0.016323 0.290587
0.168184 0.016180 0.290544
0.168101 0.016037 0.290500
0.168017 0.015893 0.290457
0.167934 0.015750 0.290413
0.167911 0.015547 0.290304
0.167828 0.015404 0.290260
0.167744 0.015260 0.290217
0.167661 0.015116 0.290173
0.167578 0.014973 0.290129
0.167554 0.014769 0.290020
0.167470 0.014625 0.289976
0.167387 0.014481 0.289932
0.167363 0.014277 0.289823
0.167279 0.014132 0.289779
0.167254 0.013927 0.289669
0.167171 0.013783 0.289625
0.167146 0.013577 0.289515
0.167120 0.013371 0.289404
0.167095 0.013164 0.289294
0.167011 0.013019 0.289250
0.166927 0.012874 0.289206
0.166901 0.012666 0.289095
0.166874 0.012458 0.288984
0.166790 0.012313 0.288940
0.166763 0.012104 0.288829
0.166736 0.011895 0.288718
0.166709 0.011685 0.288606
0.166682 0.011475 0.288495
0.166654 0.011265 0.288383
0.166626 0.011054 0.288272
0.166541 0.010907 0.288227
0.166513 0.010696 0.288115
0.166484 0.010484 0.288003
0.166399 0.010337 0.287959
0.166426 0.010059 0.287779
0.166397 0.009845 0.287666
0.166368 0.009632 0.287554
0.166338 0.009418 0.287441
0.166308 0.009203 0.287328
0.166277 0.008988 0.287215
0.166247 0.008773 0.287102
0.166161 0.008624 0.287057
0.166130 0.008408 0.286944
0.166043 0.008259 0.286899
0.165957 0.008110 0.286853
0.180001 0.028601 0.291760
0.179839 0.028485 0.291773
0.179677 0.028368 0.291785
0.179588 0.028215 0.291739
0.179426 0.028099 0.291751
0.179337 0.027945 0.291705
0.179176 0.027830 0.291717
0.179015 0.027716 0.291731
0.178927 0.027563 0.291684
0.178695 0.027488 0.291757
0.178535 0.027374 0.291770
0.178303 0.027301 0.291844
0.178073 0.027228 0.291917
0.177842 0.027156 0.291991
0.177542 0.027125 0.292125
0.177312 0.027055 0.292200
0.177084 0.026986 0.292275
0.176856 0.026918 0.292350
0.176769 0.026769 0.292304
0.176542 0.026702 0.292380
0.176385 0.026594 0.292395
0.176229 0.026487 0.292410
0.176073 0.026381 0.292426
0.175987 0.026233 0.292381
0.175831 0.026127 0.292396
0.175676 0.026021 0.292412
0.175590 0.025874 0.292367
0.175435 0.025769 0.292383
0.175280 0.025664 0.292400
0.175125 0.025560 0.292416
0.174971 0.025457 0.292432
0.174817 0.025354 0.292449
0.174732 0.025207 0.292404
0.174578 0.025105 0.292421
0.174425 0.025002 0.292438
0.174271 0.024901 0.292455
0.174187 0.024755 0.292410
0.174034 0.024654 0.292428
0.173949 0.024508 0.292383
0.173865 0.024362 0.292339
0.173712 0.024262 0.292356
0.173560 0.024162 0.292374
0.173476 0.024017 0.292330
0.173324 0.023918 0.292348
0.173240 0.023773 0.292303
0.173088 0.023674 0.292321
0.173004 0.023530 0.292277
0.172853 0.023432 0.292296
0.172769 0.023287 0.292252
0.172685 0.023142 0.292208
0.172535 0.023045 0.292226
0.172451 0.022901 0.292182
0.172367 0.022756 0.292138
0.172217 0.022660 0.292157
0.172133 0.022516 0.292113
0.172050 0.022372 0.292069
0.171900 0.022277 0.292088
0.171817 0.022133 0.292044
0.171733 0.021989 0.292001
0.171650 0.021844 0.291957
0.171566 0.021700 0.291913
0.171417 0.021606 0.291932
0.171334 0.021463 0.291889
0.171250 0.021319 0.291845
0.171167 0.021175 0.291801
0.171019 0.021082 0.291821
0.170935 0.020938 0.291777
0.170852 0.020795 0.291734
0.170704 0.020703 0.291753
0.170621 0.020559 0.291710
0.170538 0.020416 0.291666
0.170455 0.020273 0.291623
0.170371 0.020129 0.291579
0.170225 0.020038 0.291599
0.170141 0.019895 0.291556
0.170058 0.019752 0.291512
0.169975 0.019609 0.291469
0.169892 0.019466 0.291425
0.169809 0.019322 0.291382
0.169726 0.019179 0.291338
0.169643 0.019036 0.291295
0.169497 0.018947 0.291316
0.169414 0.018804 0.291272
0.169331 0.018661 0.291229
0.169248 0.018518 0.291185
0.169165 0.018375 0.291142
0.169082 0.018232 0.291098
0.168999 0.018089 0.291055
0.168978 0.017890 0.290947
0.168895 0.017747 0.290903
0.168812 0.017604 0.290860
0.168729 0.017461 0.290816
0.168707 0.017261 0.290707
0.168624 0.017118 0.290664
0.168541 0.016974 0.290620
0.168458 0.016831 0.290577
0.168375 0.016687 0.290533
0.168291 0.016544 0.290490
0.168269 0.016343 0.290381
0.168185 0.016199 0.290337
0.168102 0.016055 0.290293
0.168019 0.015912 0.290250
0.167936 0.015768 0.290206
0.167852 0.015624 0.290162
0.167769 0.015481 0.290119
0.167686 0.015337 0.290075
0.167602 0.015194 0.290031
0.167519 0.015050 0.289988
0.167495 0.014846 0.289878
0.167411 0.014702 0.289834
0.167328 0.014559 0.289791
0.167304 0.014354 0.289681
0.167279 0.014149 0.289570
0.167195 0.014005 0.289526
0.167170 0.013799 0.289416
0.167145 0.013593 0.289306
0.167061 0.013448 0.289262
0.167035 0.013242 0.289151
0.167009 0.013034 0.289040
0.166925 0.012889 0.288996
0.166899 0.012682 0.288885
0.166815 0.012536 0.288841
0.166788 0.012328 0.288730
0.166761 0.012119 0.288618
0.166734 0.011910 0.288507
0.166707 0.011700 0.288395
0.166622 0.011554 0.288351
0.166594 0.011343 0.288239
0.166566 0.011133 0.288127
0.166538 0.010921 0.288015
0.166453 0.010775 0.287971
0.166424 0.010563 0.287858
0.166395 0.010350 0.287746
0.166366 0.010138 0.287633
0.166337 0.009925 0.287521
0.166307 0.009711 0.287408
0.166277 0.009497 0.287295
0.166247 0.009283 0.287182
0.166217 0.009068 0.287069
0.166186 0.008853 0.286956
0.166100 0.008704 0.286910
0.166069 0.008488 0.286797
0.165982 0.008339 0.286752
0.180010 0.028647 0.291549
0.179848 0.028530 0.291562
0.179759 0.028376 0.291515
0.179597 0.028260 0.291528
0.179436 0.028143 0.291540
0.179347 0.027990 0.291494
0.179185 0.027874 0.291507
0.179025 0.027759 0.291520
0.178936 0.027606 0.291473
0.178704 0.027531 0.291547
0.178544 0.027417 0.291560
0.178312 0.027343 0.291634
0.178082 0.027270 0.291708
0.177851 0.027198 0.291782
0.177622 0.027126 0.291857
0.177393 0.027056 0.291931
0.177093 0.027026 0.292067
0.176865 0.026958 0.292142
0.176708 0.026849 0.292157
0.176551 0.026741 0.292173
0.176324 0.026674 0.292249
0.176168 0.026567 0.292264
0.176082 0.026419 0.292219
0.175926 0.026312 0.292235
0.175840 0.026164 0.292190
0.175685 0.026058 0.292206
0.175529 0.025953 0.292222
0.175374 0.025848 0.292238
0.175220 0.025744 0.292254
0.175065 0.025639 0.292271
0.174911 0.025536 0.292287
0.174826 0.025389 0.292243
0.174672 0.025286 0.292260
0.174518 0.025183 0.292277
0.174365 0.025081 0.292294
0.174280 0.024935 0.292249
0.174127 0.024833 0.292266
0.174042 0.024687 0.292222
0.173889 0.024586 0.292240
0.173805 0.024441 0.292195
0.173652 0.024340 0.292213
0.173568 0.024195 0.292169
0.173416 0.024095 0.292186
0.173332 0.023950 0.292142
0.173180 0.023851 0.292160
0.173096 0.023706 0.292116
0.172945 0.023607 0.292134
0.172861 0.023463 0.292090
0.172777 0.023318 0.292046
0.172626 0.023220 0.292065
0.172542 0.023075 0.292021
0.172458 0.022931 0.291977
0.172308 0.022834 0.291996
0.172224 0.022690 0.291952
0.172074 0.022594 0.291971
0.171991 0.022449 0.291927
0.171907 0.022305 0.291883
0.171823 0.022161 0.291839
0.171674 0.022066 0.291858
0.171590 0.021922 0.291815
0.171507 0.021778 0.291771
0.171423 0.021634 0.291727
0.171340 0.021490 0.291683
0.171191 0.021396 0.291703
0.171108 0.021252 0.291659
0.171024 0.021108 0.291616
0.170876 0.021016 0.291636
0.170793 0.020872 0.291592
0.170710 0.020728 0.291548
0.170562 0.020636 0.291568
0.170479 0.020493 0.291525
0.170396 0.020350 0.291481
0.170313 0.020206 0.291438
0.170229 0.020063 0.291394
0.170146 0.019919 0.291351
0.170063 0.019776 0.291307
0.169980 0.019633 0.291263
0.169833 0.019543 0.291284
0.169750 0.019399 0.291241
0.169667 0.019256 0.291197
0.169584 0.019113 0.291154
0.169501 0.018970 0.291110
0.169418 0.018827 0.291067
0.169335 0.018683 0.291023
0.169252 0.018540 0.290980
0.169169 0.018397 0.290936
0.169086 0.018254 0.290892
0.169003 0.018111 0.290849
0.168920 0.017967 0.290805
0.168837 0.017824 0.290762
0.168753 0.017681 0.290718
0.168732 0.017481 0.290610
0.168649 0.017338 0.290566
0.168565 0.017195 0.290523
0.168482 0.017051 0.290479
0.168399 0.016908 0.290435
0.168316 0.016764 0.290392
0.168233 0.016621 0.290348
0.168210 0.016420 0.290239
0.168127 0.016276 0.290195
0.168043 0.016132 0.290152
0.167960 0.015989 0.290108
0.167877 0.015845 0.290064
0.167793 0.015702 0.290021
0.167710 0.015558 0.289977
0.167627 0.015414 0.289933
0.167603 0.015211 0.289824
0.167519 0.015067 0.289780
0.167436 0.014924 0.289736
0.167412 0.014719 0.289626
0.167328 0.014575 0.289582
0.167304 0.014371 0.289472
0.167220 0.014226 0.289428
0.167195 0.014021 0.289318
0.167111 0.013877 0.289274
0.167086 0.013671 0.289163
0.167060 0.013464 0.289052
0.167034 0.013258 0.288941
0.166950 0.013112 0.288897
0.166924 0.012905 0.288786
0.166897 0.012697 0.288675
0.166813 0.012552 0.288630
0.166786 0.012343 0.288519
0.166759 0.012134 0.288407
0.166731 0.011925 0.288296
0.166647 0.011778 0.288251
0.166619 0.011568 0.288139
0.166591 0.011358 0.288027
0.166563 0.011147 0.287915
0.166478 0.011000 0.287870
0.166449 0.010789 0.287758
0.166420 0.010577 0.287645
0.166335 0.010430 0.287601
0.166305 0.010217 0.287488
0.166276 0.010004 0.287375
0.166246 0.009791 0.287262
0.166216 0.009577 0.287149
0.166186 0.009362 0.287036
0.166156 0.009148 0.286923
0.166125 0.008933 0.286809
0.166039 0.008784 0.286764
0.180165 0.028620 0.291218
0.179858 0.028576 0.291350
0.179768 0.028422 0.291303
0.179606 0.028305 0.291316
0.179445 0.028188 0.291329
0.179356 0.028035 0.291282
0.179266 0.027881 0.291236
0.179033 0.027803 0.291309
0.178944 0.027650 0.291262
0.178784 0.027535 0.291276
0.178481 0.027499 0.291410
0.178321 0.027386 0.291424
0.178091 0.027312 0.291498
0.178002 0.027160 0.291452
0.177631 0.027167 0.291647
0.177331 0.027136 0.291783
0.177102 0.027066 0.291859
0.176874 0.026997 0.291934
0.176647 0.026929 0.292010
0.176490 0.026821 0.292026
0.176334 0.026713 0.292041
0.176177 0.026606 0.292057
0.176091 0.026457 0.292012
0.175935 0.026350 0.292028
0.175779 0.026244 0.292044
0.175624 0.026138 0.292060
0.175469 0.026032 0.292076
0.175383 0.025885 0.292031
0.175228 0.025780 0.292048
0.175074 0.025675 0.292064
0.174919 0.025571 0.292081
0.174765 0.025468 0.292098
0.174612 0.025365 0.292115
0.174458 0.025262 0.292132
0.174373 0.025116 0.292088
0.174220 0.025013 0.292105
0.174135 0.024867 0.292061
0.173982 0.024766 0.292078
0.173898 0.024620 0.292034
0.173745 0.024519 0.292052
0.173660 0.024373 0.292007
0.173508 0.024273 0.292025
0.173357 0.024173 0.292043
0.173272 0.024028 0.291999
0.173121 0.023929 0.292017
0.173037 0.023784 0.291973
0.172952 0.023639 0.291929
0.172801 0.023540 0.291948
0.172717 0.023396 0.291904
0.172633 0.023251 0.291860
0.172483 0.023153 0.291878
0.172399 0.023009 0.291834
0.172315 0.022864 0.291790
0.172165 0.022767 0.291809
0.172081 0.022623 0.291765
0.171997 0.022478 0.291722
0.171848 0.022383 0.291741
0.171764 0.022238 0.291697
0.171680 0.022094 0.291653
0.171531 0.021999 0.291673
0.171448 0.021855 0.291629
0.171364 0.021711 0.291585
0.171281 0.021567 0.291541
0.171197 0.021423 0.291498
0.171049 0.021330 0.291518
0.170965 0.021186 0.291474
0.170818 0.021093 0.291494
0.170734 0.020949 0.291450
0.170651 0.020806 0.291407
0.170503 0.020713 0.291427
0.170420 0.020570 0.291383
0.170337 0.020427 0.291340
0.170254 0.020283 0.291296
0.170171 0.020140 0.291253
0.170087 0.019996 0.291209
0.170004 0.019853 0.291166
0.169921 0.019710 0.291122
0.169838 0.019566 0.291078
0.169755 0.019423 0.291035
0.169671 0.019279 0.290991
0.169588 0.019136 0.290948
0.169442 0.019047 0.290969
0.169359 0.018904 0.290925
0.169276 0.018760 0.290882
0.169193 0.018617 0.290838
0.169110 0.018474 0.290795
0.169027 0.018331 0.290751
0.168944 0.018188 0.290708
0.168861 0.018044 0.290664
0.168778 0.017901 0.290621
0.168756 0.017702 0.290512
0.168673 0.017559 0.290468
0.168590 0.017415 0.290425
0.168507 0.017272 0.290381
0.168423 0.017128 0.290338
0.168340 0.016985 0.290294
0.168257 0.016841 0.290250
0.168174 0.016698 0.290207
0.168091 0.016555 0.290163
0.168007 0.016411 0.290120
0.167984 0.016210 0.290010
0.167901 0.016066 0.289966
0.167818 0.015922 0.289923
0.167734 0.015779 0.289879
0.167651 0.015635 0.289835
0.167627 0.015432 0.289725
0.167544 0.015288 0.289682
0.167460 0.015145 0.289638
0.167436 0.014941 0.289528
0.167353 0.014797 0.289484
0.167269 0.014653 0.289440
0.167244 0.014448 0.289330
0.167161 0.014304 0.289286
0.167136 0.014099 0.289175
0.167110 0.013893 0.289064
0.167085 0.013687 0.288953
0.167001 0.013542 0.288909
0.166975 0.013336 0.288798
0.166948 0.013128 0.288687
0.166922 0.012921 0.288575
0.166895 0.012713 0.288464
0.166811 0.012567 0.288420
0.166784 0.012358 0.288308
0.166756 0.012149 0.288196
0.166729 0.011940 0.288084
0.166701 0.011730 0.287972
0.166616 0.011583 0.287927
0.166588 0.011373 0.287815
0.166559 0.011162 0.287702
0.166474 0.011015 0.287658
0.166389 0.010868 0.287613
0.166360 0.010656 0.287500
0.166274 0.010509 0.287456
0.166245 0.010296 0.287343
0.166215 0.010083 0.287230
0.166186 0.009870 0.287116
0.166156 0.009656 0.287003
0.166070 0.009508 0.286958
0.166095 0.009228 0.286776
0.166009 0.009079 0.286731
0.165978 0.008864 0.286617
0.180482 0.028712 0.290874
0.180101 0.028703 0.291066
0.179867 0.028622 0.291138
0.179777 0.028467 0.291091
0.179615 0.028350 0.291104
0.179454 0.028234 0.291117
0.179364 0.028079 0.291071
0.179203 0.027963 0.291084
0.179042 0.027848 0.291097
0.178953 0.027694 0.291051
0.178721 0.027618 0.291125
0.178561 0.027503 0.291138
0.178330 0.027428 0.291213
0.178170 0.027315 0.291227
0.177940 0.027242 0.291302
0.177640 0.027209 0.291438
0.177340 0.027177 0.291574
0.177111 0.027107 0.291650
0.176813 0.027078 0.291787
0.176656 0.026969 0.291802
0.176429 0.026901 0.291879
0.176273 0.026793 0.291895
0.176186 0.026644 0.291849
0.176030 0.026537 0.291865
0.175874 0.026430 0.291882
0.175788 0.026282 0.291836
0.175633 0.026175 0.291853
0.175478 0.026070 0.291869
0.175323 0.025964 0.291886
0.175168 0.025859 0.291902
0.175013 0.025755 0.291919
0.174859 0.025650 0.291936
0.174705 0.025547 0.291953
0.174620 0.025400 0.291909
0.174466 0.025297 0.291926
0.174313 0.025194 0.291943
0.174160 0.025092 0.291961
0.174075 0.024946 0.291917
0.173922 0.024844 0.291934
0.173838 0.024698 0.291890
0.173685 0.024597 0.291908
0.173601 0.024452 0.291864
0.173449 0.024351 0.291882
0.173364 0.024206 0.291837
0.173213 0.024106 0.291856
0.173128 0.023961 0.291812
0.172977 0.023862 0.291830
0.172893 0.023717 0.291786
0.172742 0.023618 0.291805
0.172658 0.023473 0.291761
0.172574 0.023329 0.291717
0.172490 0.023184 0.291673
0.172340 0.023086 0.291692
0.172256 0.022942 0.291648
0.172172 0.022797 0.291604
0.172022 0.022700 0.291623
0.171938 0.022556 0.291579
0.171854 0.022412 0.291535
0.171705 0.022316 0.291555
0.171621 0.022172 0.291511
0.171538 0.022027 0.291467
0.171454 0.021883 0.291423
0.171370 0.021739 0.291379
0.171222 0.021645 0.291399
0.171138 0.021501 0.291356
0.170990 0.021407 0.291376
0.170906 0.021263 0.291332
0.170823 0.021119 0.291288
0.170675 0.021026 0.291309
0.170592 0.020883 0.291265
0.170445 0.020791 0.291286
0.170361 0.020647 0.291242
0.170278 0.020504 0.291198
0.170195 0.020360 0.291155
0.170112 0.020217 0.291111
0.170029 0.020074 0.291068
0.169945 0.019930 0.291024
0.169862 0.019787 0.290981
0.169779 0.019643 0.290937
0.169696 0.019500 0.290893
0.169613 0.019356 0.290850
0.169529 0.019213 0.290806
0.169446 0.019070 0.290763
0.169363 0.018926 0.290719
0.169280 0.018783 0.290676
0.169197 0.018639 0.290632
0.169113 0.018496 0.290588
0.169030 0.018353 0.290545
0.168947 0.018209 0.290501
0.168864 0.018066 0.290458
0.168781 0.017922 0.290414
0.168697 0.017779 0.290370
0.168614 0.017636 0.290327
0.168531 0.017492 0.290283
0.168448 0.017349 0.290240
0.168365 0.017205 0.290196
0.168281 0.017062 0.290153
0.168198 0.016919 0.290109
0.168115 0.016775 0.290065
0.168032 0.016632 0.290022
0.167949 0.016488 0.289978
0.167926 0.016287 0.289868
0.167842 0.016143 0.289825
0.167759 0.016000 0.289781
0.167676 0.015856 0.289738
0.167652 0.015653 0.289627
0.167568 0.015510 0.289584
0.167485 0.015366 0.289540
0.167461 0.015162 0.289430
0.167377 0.015018 0.289386
0.167353 0.014814 0.289275
0.167269 0.014670 0.289231
0.167185 0.014526 0.289187
0.167160 0.014321 0.289077
0.167135 0.014116 0.288966
0.167109 0.013910 0.288855
0.167084 0.013704 0.288743
0.166999 0.013559 0.288699
0.166973 0.013352 0.288588
0.166947 0.013145 0.288476
0.166862 0.012999 0.288432
0.166836 0.012791 0.288320
0.166751 0.012645 0.288276
0.166724 0.012437 0.288164
0.166696 0.012228 0.288052
0.166669 0.012019 0.287940
0.166641 0.011809 0.287827
0.166556 0.011662 0.287783
0.166527 0.011452 0.287670
0.166499 0.011241 0.287557
0.166414 0.011094 0.287513
0.166328 0.010947 0.287468
0.166299 0.010735 0.287355
0.166270 0.010523 0.287242
0.166241 0.010310 0.287129
0.166155 0.010163 0.287084
0.166125 0.009950 0.286971
0.166095 0.009736 0.286857
0.166009 0.009588 0.286812
0.165978 0.009374 0.286698
0.165948 0.009159 0.286585
0.165917 0.008944 0.286471
0.180799 0.028807 0.290528
0.180418 0.028796 0.290720
0.180183 0.028713 0.290793
0.179948 0.028631 0.290866
0.179786 0.028513 0.290879
0.179624 0.028396 0.290892
0.179462 0.028279 0.290905
0.179373 0.028125 0.290858
0.179212 0.028008 0.290872
0.179051 0.027892 0.290885
0.178890 0.027777 0.290899
0.178801 0.027623 0.290852
0.178569 0.027547 0.290927
0.178409 0.027433 0.290941
0.178179 0.027358 0.291016
0.177878 0.027323 0.291152
0.177790 0.027171 0.291106
0.177349 0.027219 0.291365
0.177120 0.027148 0.291441
0.176822 0.027118 0.291578
0.176595 0.027049 0.291655
0.176438 0.026940 0.291671
0.176351 0.026791 0.291625
0.176125 0.026724 0.291703
0.176039 0.026575 0.291658
0.175883 0.026468 0.291674
0.175727 0.026361 0.291690
0.175572 0.026255 0.291707
0.175486 0.026107 0.291662
0.175331 0.026001 0.291678
0.175176 0.025896 0.291695
0.175022 0.025791 0.291712
0.174868 0.025686 0.291729
0.174714 0.025582 0.291747
0.174560 0.025479 0.291764
0.174406 0.025376 0.291781
0.174321 0.025229 0.291737
0.174168 0.025127 0.291755
0.174015 0.025024 0.291772
0.173930 0.024878 0.291728
0.173778 0.024777 0.291746
0.173693 0.024631 0.291702
0.173541 0.024530 0.291720
0.173456 0.024384 0.291676
0.173305 0.024284 0.291694
0.173153 0.024184 0.291713
0.173069 0.024039 0.291668
0.172918 0.023940 0.291687
0.172833 0.023795 0.291643
0.172749 0.023650 0.291599
0.172599 0.023551 0.291618
0.172514 0.023406 0.291574
0.172430 0.023261 0.291530
0.172346 0.023117 0.291486
0.172196 0.023019 0.291505
0.172112 0.022875 0.291461
0.172028 0.022730 0.291417
0.171879 0.022634 0.291437
0.171795 0.022489 0.291393
0.171711 0.022345 0.291349
0.171562 0.022249 0.291369
0.171478 0.022105 0.291325
0.171395 0.021961 0.291281
0.171311 0.021816 0.291237
0.171163 0.021722 0.291257
0.171079 0.021578 0.291214
0.170995 0.021434 0.291170
0.170847 0.021340 0.291190
0.170764 0.021196 0.291147
0.170616 0.021104 0.291167
0.170533 0.020960 0.291123
0.170386 0.020868 0.291144
0.170303 0.020724 0.291101
0.170219 0.020581 0.291057
0.170136 0.020437 0.291014
0.170053 0.020294 0.290970
0.169970 0.020151 0.290926
0.169887 0.020007 0.290883
0.169803 0.019864 0.290839
0.169720 0.019720 0.290796
0.169637 0.019577 0.290752
0.169554 0.019434 0.290708
0.169471 0.019290 0.290665
0.169387 0.019147 0.290621
0.169304 0.019003 0.290578
0.169221 0.018860 0.290534
0.169138 0.018717 0.290491
0.169055 0.018573 0.290447
0.168971 0.018430 0.290403
0.168888 0.018286 0.290360
0.168805 0.018143 0.290316
0.168722 0.017999 0.290273
0.168639 0.017856 0.290229
0.168555 0.017713 0.290186
0.168472 0.017569 0.290142
0.168389 0.017426 0.290098
0.168306 0.017282 0.290055
0.168223 0.017139 0.290011
0.168139 0.016996 0.289968
0.168056 0.016852 0.289924
0.167973 0.016709 0.289880
0.167890 0.016565 0.289837
0.167867 0.016364 0.289727
0.167783 0.016220 0.289683
0.167700 0.016077 0.289640
0.167676 0.015875 0.289529
0.167593 0.015731 0.289486
0.167509 0.015587 0.289442
0.167426 0.015443 0.289398
0.167402 0.015240 0.289288
0.167318 0.015096 0.289244
0.167293 0.014892 0.289133
0.167210 0.014748 0.289089
0.167126 0.014603 0.289045
0.167101 0.014399 0.288934
0.167076 0.014193 0.288823
0.167050 0.013988 0.288712
0.167024 0.013782 0.288600
0.166940 0.013637 0.288556
0.166914 0.013430 0.288444
0.166887 0.013223 0.288333
0.166860 0.013015 0.288221
0.166833 0.012807 0.288109
0.166806 0.012599 0.287997
0.166721 0.012453 0.287952
0.166694 0.012244 0.287840
0.166666 0.012034 0.287727
0.166638 0.011824 0.287615
0.166552 0.011678 0.287570
0.166524 0.011467 0.287457
0.166439 0.011320 0.287412
0.166410 0.011109 0.287299
0.166381 0.010897 0.287186
0.166295 0.010750 0.287142
0.166266 0.010538 0.287028
0.166180 0.010390 0.286983
0.166150 0.010177 0.286870
0.166064 0.010029 0.286825
0.166034 0.009816 0.286711
0.165948 0.009667 0.286666
0.165918 0.009453 0.286552
0.165887 0.009239 0.286438
0.180735 0.028891 0.290374
0.180499 0.028807 0.290446
0.180264 0.028724 0.290519
0.180029 0.028641 0.290593
0.179867 0.028523 0.290606
0.179705 0.028405 0.290619
0.179543 0.028287 0.290632
0.179381 0.028170 0.290646
0.179220 0.028053 0.290659
0.179059 0.027937 0.290673
0.178898 0.027821 0.290687
0.178809 0.027667 0.290640
0.178578 0.027591 0.290715
0.178489 0.027437 0.290668
0.178258 0.027362 0.290744
0.177957 0.027327 0.290880
0.177727 0.027253 0.290956
0.177639 0.027101 0.290910
0.177129 0.027189 0.291231
0.176831 0.027158 0.291369
0.176604 0.027089 0.291446
0.176447 0.026980 0.291462
0.176290 0.026871 0.291478
0.176134 0.026763 0.291495
0.175978 0.026655 0.291511
0.175892 0.026507 0.291466
0.175736 0.026399 0.291482
0.175581 0.026293 0.291499
0.175425 0.026186 0.291516
0.175339 0.026038 0.291471
0.175185 0.025933 0.291488
0.175030 0.025827 0.291505
0.174876 0.025723 0.291522
0.174722 0.025618 0.291539
0.174568 0.025514 0.291557
0.174414 0.025411 0.291575
0.174261 0.025308 0.291592
0.174176 0.025161 0.291548
0.174023 0.025059 0.291566
0.173870 0.024957 0.291584
0.173786 0.024811 0.291539
0.173633 0.024709 0.291558
0.173549 0.024563 0.291513
0.173397 0.024463 0.291532
0.173312 0.024317 0.291488
0.173160 0.024217 0.291506
0.173009 0.024117 0.291525
0.172925 0.023972 0.291481
0.172774 0.023873 0.291500
0.172690 0.023728 0.291456
0.172539 0.023629 0.291475
0.172455 0.023484 0.291431
0.172371 0.023339 0.291387
0.172287 0.023194 0.291343
0.172137 0.023097 0.291362
0.172053 0.022952 0.291318
0.171969 0.022808 0.291274
0.171885 0.022663 0.291230
0.171736 0.022567 0.291250
0.171652 0.022422 0.291206
0.171568 0.022278 0.291163
0.171419 0.022182 0.291183
0.171336 0.022038 0.291139
0.171252 0.021894 0.291095
0.171168 0.021750 0.291051
0.171020 0.021655 0.291072
0.170936 0.021511 0.291028
0.170788 0.021418 0.291048
0.170705 0.021274 0.291005
0.170558 0.021181 0.291026
0.170474 0.021037 0.290982
0.170327 0.020945 0.291003
0.170244 0.020801 0.290959
0.170161 0.020658 0.290916
0.170077 0.020515 0.290872
0.169994 0.020371 0.290829
0.169911 0.020228 0.290785
0.169828 0.020084 0.290741
0.169745 0.019941 0.290698
0.169661 0.019797 0.290654
0.169578 0.019654 0.290611
0.169495 0.019511 0.290567
0.169412 0.019367 0.290523
0.169329 0.019224 0.290480
0.169245 0.019080 0.290436
0.169162 0.018937 0.290393
0.169079 0.018794 0.290349
0.168996 0.018650 0.290306
0.168913 0.018507 0.290262
0.168829 0.018363 0.290218
0.168746 0.018220 0.290175
0.168663 0.018077 0.290131
0.168580 0.017933 0.290088
0.168497 0.017790 0.290044
0.168413 0.017646 0.290001
0.168330 0.017503 0.289957
0.168247 0.017360 0.289913
0.168164 0.017216 0.289870
0.168081 0.017073 0.289826
0.167997 0.016929 0.289783
0.167914 0.016786 0.289739
0.167831 0.016642 0.289696
0.167808 0.016441 0.289585
0.167724 0.016298 0.289542
0.167641 0.016154 0.289498
0.167617 0.015952 0.289387
0.167534 0.015808 0.289344
0.167450 0.015664 0.289300
0.167426 0.015461 0.289189
0.167343 0.015317 0.289145
0.167318 0.015114 0.289035
0.167234 0.014969 0.288991
0.167151 0.014825 0.288947
0.167126 0.014621 0.288836
0.167100 0.014416 0.288724
0.167075 0.014211 0.288613
0.166990 0.014066 0.288569
0.166965 0.013860 0.288457
0.166938 0.013653 0.288345
0.166912 0.013447 0.288233
0.166885 0.013239 0.288121
0.166858 0.013032 0.288009
0.166831 0.012824 0.287897
0.166803 0.012615 0.287784
0.166776 0.012406 0.287672
0.166691 0.012260 0.287627
0.166663 0.012050 0.287514
0.166634 0.011840 0.287402
0.166549 0.011693 0.287357
0.166520 0.011482 0.287244
0.166435 0.011335 0.287199
0.166406 0.011124 0.287086
0.166320 0.010976 0.287041
0.166291 0.010765 0.286927
0.166205 0.010617 0.286883
0.166175 0.010404 0.286769
0.166090 0.010256 0.286724
0.166004 0.010109 0.286679
0.165973 0.009895 0.286565
0.165943 0.009681 0.286451
0.165857 0.009533 0.286406
0.180435 0.028891 0.290293
0.180200 0.028807 0.290366
0.180037 0.028688 0.290379
0.179875 0.028569 0.290392
0.179713 0.028451 0.290406
0.179551 0.028333 0.290419
0.179390 0.028216 0.290433
0.179228 0.028098 0.290446
0.179067 0.027982 0.290460
0.178907 0.027866 0.290474
0.178817 0.027712 0.290428
0.178657 0.027596 0.290442
0.178497 0.027481 0.290456
0.178266 0.027405 0.290532
0.178177 0.027252 0.290485
0.178088 0.027099 0.290439
0.177208 0.027190 0.290960
0.176910 0.027159 0.291098
0.176612 0.027129 0.291237
0.176386 0.027060 0.291315
0.176299 0.026911 0.291270
0.176143 0.026802 0.291286
0.175986 0.026694 0.291302
0.175831 0.026587 0.291319
0.175675 0.026479 0.291336
0.175589 0.026331 0.291291
0.175434 0.026224 0.291308
0.175279 0.026118 0.291325
0.175124 0.026012 0.291342
0.174970 0.025907 0.291359
0.174815 0.025802 0.291377
0.174730 0.025655 0.291332
0.174576 0.025550 0.291350
0.174422 0.025446 0.291367
0.174269 0.025343 0.291385
0.174116 0.025240 0.291403
0.174031 0.025093 0.291359
0.173878 0.024991 0.291377
0.173726 0.024889 0.291395
0.173641 0.024743 0.291351
0.173489 0.024642 0.291369
0.173404 0.024496 0.291325
0.173252 0.024395 0.291344
0.173168 0.024249 0.291300
0.173016 0.024149 0.291319
0.172865 0.024050 0.291338
0.172781 0.023904 0.291293
0.172630 0.023806 0.291313
0.172546 0.023660 0.291269
0.172396 0.023562 0.291288
0.172312 0.023417 0.291244
0.172228 0.023272 0.291200
0.172078 0.023175 0.291220
0.171994 0.023030 0.291176
0.171910 0.022886 0.291132
0.171826 0.022741 0.291088
0.171742 0.022596 0.291044
0.171593 0.022500 0.291064
0.171509 0.022356 0.291020
0.171425 0.022211 0.290976
0.171341 0.022067 0.290932
0.171193 0.021972 0.290953
0.171109 0.021827 0.290909
0.170961 0.021733 0.290930
0.170877 0.021589 0.290886
0.170730 0.021495 0.290907
0.170646 0.021351 0.290863
0.170499 0.021258 0.290884
0.170415 0.021114 0.290840
0.170268 0.021022 0.290861
0.170185 0.020878 0.290818
0.170102 0.020735 0.290774
0.170019 0.020592 0.290731
0.169935 0.020448 0.290687
0.169852 0.020305 0.290644
0.169769 0.020161 0.290600
0.169686 0.020018 0.290556
0.169603 0.019875 0.290513
0.169519 0.019731 0.290469
0.169436 0.019588 0.290426
0.169353 0.019444 0.290382
0.169332 0.019247 0.290273
0.169187 0.019158 0.290295
0.169103 0.019014 0.290251
0.169020 0.018871 0.290208
0.168937 0.018727 0.290164
0.168854 0.018584 0.290121
0.168771 0.018440 0.290077
0.168687 0.018297 0.290033
0.168604 0.018154 0.289990
0.168521 0.018010 0.289946
0.168438 0.017867 0.289903
0.168355 0.017723 0.289859
0.168271 0.017580 0.289816
0.168188 0.017437 0.289772
0.168105 0.017293 0.289728
0.168022 0.017150 0.289685
0.167939 0.017006 0.289641
0.167855 0.016863 0.289598
0.167772 0.016720 0.289554
0.167749 0.016518 0.289444
0.167666 0.016375 0.289400
0.167642 0.016173 0.289289
0.167558 0.016029 0.289246
0.167534 0.015827 0.289135
0.167451 0.015683 0.289091
0.167426 0.015480 0.288980
0.167343 0.015335 0.288936
0.167259 0.015191 0.288892
0.167234 0.014987 0.288781
0.167150 0.014843 0.288737
0.167125 0.014638 0.288626
0.167099 0.014433 0.288514
0.167015 0.014288 0.288470
0.166989 0.014083 0.288358
0.166963 0.013877 0.288246
0.166937 0.013670 0.288134
0.166910 0.013463 0.288022
0.166883 0.013256 0.287910
0.166856 0.013048 0.287797
0.166828 0.012840 0.287685
0.166801 0.012632 0.287572
0.166773 0.012423 0.287459
0.166688 0.012276 0.287414
0.166659 0.012066 0.287301
0.166631 0.011856 0.287188
0.166545 0.011709 0.287143
0.166516 0.011498 0.287030
0.166431 0.011351 0.286985
0.166402 0.011139 0.286872
0.166316 0.010992 0.286827
0.166230 0.010844 0.286782
0.166201 0.010632 0.286668
0.166170 0.010419 0.286554
0.166085 0.010271 0.286509
0.165999 0.010123 0.286464
0.165913 0.009975 0.286419
0.165882 0.009761 0.286305
0.165796 0.009613 0.286260
0.180842 0.029145 0.289992
0.180606 0.029059 0.290065
0.180371 0.028975 0.290138
0.180208 0.028855 0.290152
0.179973 0.028772 0.290226
0.179811 0.028653 0.290239
0.179649 0.028534 0.290253
0.179488 0.028416 0.290266
0.179398 0.028261 0.290219
0.179236 0.028144 0.290233
0.179075 0.028027 0.290247
0.178843 0.027948 0.290322
0.178754 0.027794 0.290276
0.178665 0.027640 0.290229
0.178504 0.027525 0.290243
0.178345 0.027410 0.290258
0.178114 0.027334 0.290334
0.178025 0.027181 0.290288
0.177426 0.027113 0.290564
0.176918 0.027200 0.290888
0.176621 0.027170 0.291028
0.176394 0.027100 0.291106
0.176238 0.026991 0.291122
0.176081 0.026882 0.291139
0.175925 0.026774 0.291156
0.175770 0.026666 0.291172
0.175683 0.026518 0.291127
0.175528 0.026411 0.291144
0.175442 0.026262 0.291099
0.175287 0.026156 0.291116
0.175132 0.026049 0.291134
0.174978 0.025944 0.291151
0.174823 0.025839 0.291169
0.174669 0.025734 0.291187
0.174516 0.025629 0.291204
0.174362 0.025525 0.291222
0.174277 0.025378 0.291178
0.174124 0.025275 0.291196
0.174038 0.025128 0.291151
0.173886 0.025026 0.291170
0.173733 0.024923 0.291188
0.173648 0.024777 0.291144
0.173496 0.024675 0.291162
0.173411 0.024529 0.291118
0.173260 0.024428 0.291137
0.173108 0.024328 0.291156
0.173023 0.024182 0.291112
0.172872 0.024082 0.291131
0.172721 0.023983 0.291150
0.172637 0.023837 0.291106
0.172487 0.023738 0.291126
0.172402 0.023593 0.291081
0.172252 0.023495 0.291101
0.172168 0.023350 0.291057
0.172084 0.023205 0.291013
0.171934 0.023108 0.291033
0.171850 0.022963 0.290989
0.171766 0.022819 0.290945
0.171683 0.022674 0.290901
0.171599 0.022529 0.290857
0.171450 0.022433 0.290878
0.171366 0.022289 0.290834
0.171282 0.022144 0.290790
0.171198 0.022000 0.290746
0.171050 0.021905 0.290767
0.170966 0.021761 0.290723
0.170818 0.021666 0.290744
0.170671 0.021572 0.290765
0.170587 0.021428 0.290721
0.170440 0.021335 0.290742
0.170356 0.021192 0.290699
0.170209 0.021099 0.290720
0.170126 0.020955 0.290677
0.170043 0.020812 0.290633
0.169960 0.020669 0.290589
0.169877 0.020525 0.290546
0.169793 0.020382 0.290502
0.169710 0.020238 0.290459
0.169627 0.020095 0.290415
0.169544 0.019952 0.290371
0.169461 0.019808 0.290328
0.169377 0.019665 0.290284
0.169294 0.019521 0.290241
0.169273 0.019324 0.290131
0.169190 0.019181 0.290088
0.169107 0.019037 0.290044
0.169023 0.018894 0.290000
0.168940 0.018750 0.289957
0.168857 0.018606 0.289913
0.168773 0.018463 0.289869
0.168690 0.018319 0.289826
0.168607 0.018175 0.289782
0.168462 0.018087 0.289805
0.168379 0.017944 0.289761
0.168296 0.017801 0.289718
0.168213 0.017657 0.289674
0.168129 0.017514 0.289631
0.168046 0.017370 0.289587
0.167963 0.017227 0.289543
0.167880 0.017083 0.289500
0.167797 0.016940 0.289456
0.167773 0.016739 0.289346
0.167690 0.016596 0.289302
0.167607 0.016452 0.289258
0.167583 0.016250 0.289148
0.167499 0.016107 0.289104
0.167475 0.015904 0.288993
0.167451 0.015702 0.288882
0.167367 0.015557 0.288838
0.167342 0.015354 0.288726
0.167259 0.015209 0.288682
0.167233 0.015005 0.288571
0.167149 0.014861 0.288527
0.167124 0.014656 0.288415
0.167040 0.014511 0.288371
0.167014 0.014306 0.288259
0.166988 0.014100 0.288147
0.166961 0.013894 0.288035
0.166935 0.013688 0.287923
0.166908 0.013481 0.287810
0.166881 0.013273 0.287697
0.166853 0.013065 0.287585
0.166826 0.012857 0.287472
0.166798 0.012648 0.287359
0.166770 0.012439 0.287246
0.166684 0.012292 0.287201
0.166656 0.012082 0.287088
0.166627 0.011872 0.286974
0.166542 0.011725 0.286929
0.166512 0.011514 0.286816
0.166427 0.011366 0.286771
0.166341 0.011219 0.286726
0.166311 0.011007 0.286612
0.166226 0.010859 0.286567
0.166196 0.010647 0.286453
0.166110 0.010499 0.286408
0.166079 0.010286 0.286294
0.165993 0.010137 0.286249
0.165907 0.009989 0.286204
0.165821 0.009841 0.286159
0.165790 0.009627 0.286044
0.180778 0.029229 0.289837
0.180542 0.029143 0.289911
0.180307 0.029059 0.289984
0.180144 0.028939 0.289998
0.179982 0.028819 0.290011
0.179819 0.028700 0.290025
0.179657 0.028581 0.290039
0.179496 0.028463 0.290052
0.179334 0.028345 0.290066
0.179173 0.028227 0.290081
0.179083 0.028072 0.290034
0.178922 0.027956 0.290048
0.178833 0.027801 0.290001
0.178672 0.027685 0.290015
0.178512 0.027569 0.290030
0.178352 0.027454 0.290045
0.178192 0.027339 0.290060
0.178033 0.027224 0.290075
0.177944 0.027071 0.290028
0.177364 0.027194 0.290414
0.176996 0.027201 0.290616
0.176699 0.027170 0.290756
0.176403 0.027140 0.290896
0.176246 0.027031 0.290913
0.176020 0.026963 0.290992
0.175934 0.026813 0.290947
0.175709 0.026746 0.291026
0.175622 0.026598 0.290981
0.175536 0.026449 0.290935
0.175381 0.026342 0.290953
0.175226 0.026235 0.290970
0.175140 0.026087 0.290925
0.174985 0.025981 0.290943
0.174831 0.025875 0.290960
0.174677 0.025770 0.290978
0.174523 0.025666 0.290996
0.174438 0.025518 0.290951
0.174284 0.025414 0.290970
0.174131 0.025310 0.290988
0.173978 0.025207 0.291007
0.173893 0.025060 0.290962
0.173741 0.024958 0.290981
0.173655 0.024811 0.290936
0.173503 0.024709 0.290955
0.173351 0.024608 0.290974
0.173267 0.024462 0.290929
0.173115 0.024361 0.290949
0.172964 0.024260 0.290968
0.172879 0.024115 0.290924
0.172728 0.024015 0.290943
0.172577 0.023915 0.290963
0.172493 0.023770 0.290919
0.172343 0.023671 0.290938
0.172259 0.023526 0.290894
0.172109 0.023428 0.290914
0.172025 0.023283 0.290870
0.171941 0.023138 0.290826
0.171791 0.023041 0.290847
0.171707 0.022896 0.290803
0.171623 0.022752 0.290759
0.171539 0.022607 0.290715
0.171390 0.022511 0.290735
0.171307 0.022366 0.290691
0.171223 0.022222 0.290647
0.171139 0.022077 0.290604
0.170991 0.021982 0.290624
0.170907 0.021838 0.290581
0.170759 0.021744 0.290602
0.170612 0.021650 0.290623
0.170528 0.021506 0.290579
0.170381 0.021412 0.290601
0.170298 0.021269 0.290557
0.170151 0.021176 0.290579
0.170067 0.021033 0.290535
0.169984 0.020889 0.290492
0.169901 0.020746 0.290448
0.169818 0.020602 0.290404
0.169735 0.020459 0.290361
0.169651 0.020316 0.290317
0.169568 0.020172 0.290274
0.169485 0.020029 0.290230
0.169402 0.019885 0.290187
0.169381 0.019689 0.290077
0.169298 0.019545 0.290033
0.169214 0.019402 0.289990
0.169131 0.019258 0.289946
0.169048 0.019114 0.289902
0.168964 0.018971 0.289859
0.168881 0.018827 0.289815
0.168798 0.018684 0.289771
0.168714 0.018540 0.289728
0.168631 0.018396 0.289684
0.168548 0.018253 0.289641
0.168464 0.018109 0.289597
0.168381 0.017965 0.289553
0.168298 0.017822 0.289510
0.168214 0.017678 0.289466
0.168131 0.017535 0.289422
0.168048 0.017391 0.289379
0.167964 0.017247 0.289335
0.167881 0.017104 0.289291
0.167798 0.016960 0.289248
0.167714 0.016816 0.289204
0.167691 0.016615 0.289093
0.167607 0.016472 0.289049
0.167583 0.016270 0.288938
0.167500 0.016126 0.288895
0.167475 0.015923 0.288783
0.167392 0.015779 0.288739
0.167367 0.015576 0.288628
0.167342 0.015373 0.288516
0.167258 0.015228 0.288472
0.167233 0.015024 0.288360
0.167149 0.014879 0.288316
0.167123 0.014674 0.288204
0.167039 0.014529 0.288160
0.167012 0.014324 0.288048
0.166986 0.014118 0.287936
0.166960 0.013912 0.287823
0.166933 0.013705 0.287710
0.166906 0.013498 0.287598
0.166878 0.013290 0.287485
0.166851 0.013082 0.287372
0.166823 0.012874 0.287259
0.166795 0.012665 0.287145
0.166709 0.012518 0.287101
0.166681 0.012309 0.286987
0.166652 0.012099 0.286874
0.166623 0.011889 0.286760
0.166538 0.011741 0.286715
0.166452 0.011593 0.286670
0.166422 0.011382 0.286556
0.166337 0.011234 0.286511
0.166307 0.011023 0.286397
0.166221 0.010874 0.286352
0.166135 0.010726 0.286307
0.166105 0.010514 0.286193
0.166019 0.010365 0.286148
0.165933 0.010217 0.286102
0.165902 0.010004 0.285988
0.165816 0.009855 0.285943
0.165784 0.009641 0.285828
0.180550 0.029192 0.289695
0.180315 0.029107 0.289770
0.180080 0.029022 0.289844
0.179918 0.028903 0.289858
0.179756 0.028783 0.289872
0.179594 0.028664 0.289885
0.179432 0.028546 0.289899
0.179342 0.028391 0.289852
0.179181 0.028273 0.289867
0.179020 0.028156 0.289881
0.178930 0.028001 0.289834
0.178840 0.027846 0.289787
0.178680 0.027730 0.289802
0.178520 0.027613 0.289816
0.178360 0.027498 0.289831
0.178200 0.027382 0.289846
0.177970 0.027307 0.289923
0.177881 0.027153 0.289877
0.177442 0.027197 0.290141
0.177354 0.027045 0.290094
0.176777 0.027171 0.290483
0.176480 0.027141 0.290624
0.176254 0.027071 0.290703
0.176028 0.027002 0.290782
0.175873 0.026894 0.290799
0.175717 0.026785 0.290817
0.175630 0.026636 0.290771
0.175475 0.026529 0.290789
0.175389 0.026380 0.290744
0.175234 0.026273 0.290761
0.175079 0.026167 0.290779
0.174993 0.026018 0.290734
0.174839 0.025912 0.290752
0.174685 0.025807 0.290770
0.174531 0.025702 0.290788
0.174377 0.025597 0.290806
0.174292 0.025450 0.290761
0.174139 0.025346 0.290780
0.173986 0.025242 0.290798
0.173900 0.025095 0.290754
0.173748 0.024992 0.290773
0.173663 0.024846 0.290728
0.173510 0.024743 0.290747
0.173425 0.024597 0.290702
0.173273 0.024495 0.290722
0.173122 0.024394 0.290741
0.172970 0.024293 0.290760
0.172886 0.024147 0.290716
0.172735 0.024047 0.290736
0.172518 0.023993 0.290819
0.172434 0.023848 0.290775
0.172283 0.023749 0.290795
0.172199 0.023604 0.290751
0.172049 0.023506 0.290771
0.171965 0.023361 0.290727
0.171881 0.023216 0.290683
0.171732 0.023119 0.290704
0.171648 0.022974 0.290660
0.171564 0.022829 0.290616
0.171480 0.022685 0.290572
0.171396 0.022540 0.290528
0.171247 0.022444 0.290549
0.171164 0.022300 0.290505
0.171080 0.022155 0.290461
0.170996 0.022011 0.290417
0.170848 0.021916 0.290438
0.170700 0.021821 0.290460
0.170617 0.021677 0.290416
0.170469 0.021583 0.290437
0.170386 0.021439 0.290394
0.170239 0.021346 0.290415
0.170155 0.021202 0.290372
0.170009 0.021110 0.290394
0.169925 0.020966 0.290350
0.169842 0.020823 0.290307
0.169759 0.020679 0.290263
0.169676 0.020536 0.290219
0.169593 0.020393 0.290176
0.169509 0.020249 0.290132
0.169426 0.020106 0.290089
0.169405 0.019910 0.289979
0.169322 0.019766 0.289935
0.169239 0.019622 0.289892
0.169155 0.019479 0.289848
0.169134 0.019282 0.289738
0.169050 0.019138 0.289694
0.168967 0.018994 0.289651
0.168884 0.018850 0.289607
0.168800 0.018706 0.289563
0.168717 0.018563 0.289520
0.168633 0.018419 0.289476
0.168550 0.018275 0.289432
0.168466 0.018131 0.289388
0.168383 0.017987 0.289345
0.168299 0.017843 0.289301
0.168216 0.017699 0.289257
0.168133 0.017556 0.289214
0.168049 0.017412 0.289170
0.167966 0.017268 0.289126
0.167882 0.017124 0.289082
0.167799 0.016980 0.289039
0.167715 0.016836 0.288995
0.167632 0.016693 0.288951
0.167608 0.016491 0.288840
0.167584 0.016289 0.288729
0.167500 0.016145 0.288685
0.167475 0.015943 0.288573
0.167451 0.015740 0.288462
0.167367 0.015595 0.288418
0.167341 0.015391 0.288306
0.167257 0.015247 0.288262
0.167232 0.015042 0.288149
0.167148 0.014897 0.288105
0.167063 0.014752 0.288061
0.167037 0.014547 0.287949
0.167011 0.014342 0.287836
0.166984 0.014136 0.287724
0.166900 0.013990 0.287679
0.166873 0.013783 0.287567
0.166846 0.013576 0.287454
0.166818 0.013369 0.287341
0.166791 0.013161 0.287227
0.166820 0.012891 0.287045
0.166734 0.012744 0.287000
0.166706 0.012535 0.286887
0.166677 0.012326 0.286773
0.166648 0.012116 0.286659
0.166563 0.011968 0.286614
0.166533 0.011758 0.286500
0.166448 0.011610 0.286455
0.166418 0.011398 0.286341
0.166332 0.011250 0.286296
0.166246 0.011102 0.286251
0.166160 0.010954 0.286206
0.166130 0.010742 0.286091
0.166044 0.010593 0.286046
0.166013 0.010381 0.285932
0.165927 0.010232 0.285886
0.165841 0.010083 0.285841
0.165755 0.009935 0.285796
0.165723 0.009721 0.285681
0.179854 0.028986 0.289704
0.179692 0.028867 0.289718
0.179530 0.028748 0.289732
0.179369 0.028629 0.289747
0.179279 0.028474 0.289699
0.179117 0.028356 0.289714
0.178956 0.028239 0.289728
0.178867 0.028084 0.289681
0.178777 0.027929 0.289634
0.178687 0.027775 0.289587
0.178527 0.027658 0.289602
0.178437 0.027504 0.289555
0.178207 0.027426 0.289633
0.178047 0.027311 0.289648
0.177818 0.027236 0.289726
0.177729 0.027082 0.289679
0.177361 0.027087 0.289882
0.177063 0.027054 0.290023
0.176558 0.027142 0.290351
0.176262 0.027111 0.290493
0.176037 0.027042 0.290573
0.175881 0.026933 0.290590
0.175656 0.026865 0.290670
0.175569 0.026717 0.290624
0.175414 0.026609 0.290642
0.175328 0.026460 0.290597
0.175242 0.026311 0.290552
0.175087 0.026204 0.290570
0.174932 0.026098 0.290588
0.174778 0.025992 0.290606
0.174692 0.025844 0.290561
0.174538 0.025739 0.290579
0.174385 0.025634 0.290597
0.174299 0.025486 0.290552
0.174146 0.025382 0.290571
0.173925 0.025321 0.290653
0.173840 0.025174 0.290609
0.173688 0.025071 0.290628
0.173602 0.024925 0.290583
0.173450 0.024822 0.290602
0.173365 0.024676 0.290558
0.173213 0.024574 0.290577
0.173062 0.024473 0.290597
0.172911 0.024372 0.290616
0.172826 0.024226 0.290572
0.172675 0.024125 0.290592
0.172524 0.024026 0.290612
0.172374 0.023926 0.290632
0.172290 0.023781 0.290588
0.172140 0.023682 0.290608
0.172055 0.023537 0.290564
0.171906 0.023439 0.290585
0.171822 0.023294 0.290541
0.171738 0.023149 0.290496
0.171588 0.023052 0.290517
0.171505 0.022907 0.290473
0.171421 0.022763 0.290429
0.171337 0.022618 0.290385
0.171253 0.022473 0.290341
0.171169 0.022328 0.290297
0.171085 0.022184 0.290253
0.170937 0.022088 0.290275
0.170853 0.021944 0.290231
0.170705 0.021849 0.290252
0.170557 0.021754 0.290274
0.170474 0.021610 0.290230
0.170327 0.021517 0.290252
0.170243 0.021373 0.290208
0.170096 0.021279 0.290230
0.170013 0.021136 0.290187
0.169930 0.020992 0.290143
0.169846 0.020849 0.290099
0.169763 0.020705 0.290056
0.169680 0.020561 0.290012
0.169597 0.020418 0.289968
0.169513 0.020274 0.289925
0.169430 0.020131 0.289881
0.169347 0.019987 0.289837
0.169263 0.019843 0.289794
0.169242 0.019647 0.289684
0.169158 0.019503 0.289640
0.169075 0.019359 0.289596
0.169053 0.019162 0.289486
0.168970 0.019017 0.289442
0.168886 0.018873 0.289398
0.168802 0.018729 0.289355
0.168719 0.018585 0.289311
0.168635 0.018441 0.289267
0.168552 0.018297 0.289223
0.168468 0.018153 0.289180
0.168385 0.018009 0.289136
0.168240 0.017921 0.289159
0.168157 0.017777 0.289116
0.168074 0.017633 0.289072
0.167990 0.017489 0.289028
0.167907 0.017345 0.288984
0.167823 0.017201 0.288941
0.167800 0.017001 0.288829
0.167716 0.016857 0.288786
0.167632 0.016713 0.288742
0.167608 0.016511 0.288630
0.167524 0.016367 0.288586
0.167500 0.016165 0.288475
0.167475 0.015962 0.288363
0.167391 0.015817 0.288319
0.167366 0.015614 0.288207
0.167341 0.015411 0.288095
0.167256 0.015266 0.288050
0.167172 0.015120 0.288006
0.167146 0.014916 0.287894
0.167062 0.014771 0.287850
0.166978 0.014625 0.287806
0.166951 0.014420 0.287693
0.166925 0.014214 0.287580
0.166898 0.014008 0.287467
0.166871 0.013801 0.287354
0.166843 0.013594 0.287241
0.166815 0.013387 0.287127
0.166788 0.013179 0.287014
0.166759 0.012970 0.286900
0.166731 0.012762 0.286786
0.166702 0.012552 0.286673
0.166674 0.012343 0.286558
0.166588 0.012195 0.286514
0.166559 0.011985 0.286399
0.166473 0.011837 0.286354
0.166443 0.011626 0.286240
0.166357 0.011478 0.286195
0.166271 0.011330 0.286150
0.166241 0.011118 0.286035
0.166155 0.010970 0.285990
0.166069 0.010821 0.285945
0.166038 0.010609 0.285830
0.165952 0.010460 0.285785
0.165866 0.010312 0.285740
0.165835 0.010098 0.285625
0.165749 0.009950 0.285580
0.165662 0.009801 0.285534
0.179862 0.029034 0.289489
0.179628 0.028951 0.289565
0.179538 0.028795 0.289517
0.179376 0.028676 0.289532
0.179215 0.028558 0.289546
0.179125 0.028402 0.289499
0.178964 0.028285 0.289514
0.178803 0.028167 0.289529
0.178713 0.028012 0.289482
0.178624 0.027858 0.289435
0.178534 0.027703 0.289388
0.178374 0.027587 0.289403
0.178214 0.027471 0.289418
0.178054 0.027355 0.289434
0.177895 0.027240 0.289449
0.177806 0.027086 0.289403
0.177298 0.027169 0.289731
0.177001 0.027135 0.289873
0.176913 0.026983 0.289827
0.176339 0.027112 0.290220
0.176114 0.027042 0.290299
0.175888 0.026973 0.290380
0.175664 0.026905 0.290460
0.175577 0.026756 0.290415
0.175353 0.026689 0.290495
0.175267 0.026540 0.290450
0.175181 0.026391 0.290405
0.175026 0.026284 0.290423
0.174872 0.026178 0.290441
0.174717 0.026072 0.290460
0.174631 0.025924 0.290415
0.174478 0.025818 0.290433
0.174324 0.025713 0.290452
0.174238 0.025565 0.290407
0.174085 0.025461 0.290426
0.174000 0.025313 0.290381
0.173847 0.025210 0.290400
0.173694 0.025106 0.290419
0.173609 0.024959 0.290374
0.173457 0.024857 0.290394
0.173372 0.024710 0.290349
0.173220 0.024608 0.290369
0.173068 0.024506 0.290388
0.172917 0.024405 0.290408
0.172832 0.024259 0.290364
0.172681 0.024158 0.290384
0.172531 0.024058 0.290404
0.172380 0.023958 0.290424
0.172230 0.023859 0.290445
0.172146 0.023714 0.290400
0.171996 0.023615 0.290421
0.171912 0.023470 0.290377
0.171762 0.023372 0.290398
0.171678 0.023227 0.290354
0.171594 0.023082 0.290310
0.171510 0.022937 0.290266
0.171361 0.022840 0.290287
0.171277 0.022696 0.290243
0.171193 0.022551 0.290199
0.171109 0.022406 0.290155
0.171025 0.022262 0.290111
0.170942 0.022117 0.290067
0.170794 0.022021 0.290088
0.170710 0.021877 0.290045
0.170562 0.021782 0.290066
0.170478 0.021638 0.290022
0.170331 0.021544 0.290044
0.170248 0.021400 0.290001
0.170101 0.021306 0.290023
0.170017 0.021162 0.289979
0.169871 0.021069 0.290001
0.169788 0.020926 0.289958
0.169704 0.020782 0.289914
0.169621 0.020639 0.289870
0.169538 0.020495 0.289827
0.169454 0.020351 0.289783
0.169371 0.020208 0.289739
0.169350 0.020012 0.289629
0.169266 0.019868 0.289586
0.169183 0.019724 0.289542
0.169161 0.019527 0.289432
0.169078 0.019383 0.289388
0.168994 0.019239 0.289344
0.168910 0.019095 0.289300
0.168888 0.018897 0.289189
0.168805 0.018753 0.289146
0.168721 0.018608 0.289102
0.168637 0.018464 0.289058
0.168553 0.018320 0.289014
0.168409 0.018231 0.289038
0.168325 0.018087 0.288994
0.168242 0.017943 0.288950
0.168158 0.017798 0.288906
0.168075 0.017654 0.288862
0.167991 0.017510 0.288819
0.167908 0.017366 0.288775
0.167824 0.017222 0.288731
0.167740 0.017078 0.288687
0.167716 0.016877 0.288576
0.167633 0.016733 0.288532
0.167608 0.016531 0.288420
0.167525 0.016387 0.288376
0.167500 0.016185 0.288264
0.167475 0.015982 0.288152
0.167391 0.015837 0.288108
0.167365 0.015634 0.287996
0.167281 0.015489 0.287951
0.167255 0.015285 0.287839
0.167171 0.015139 0.287795
0.167087 0.014994 0.287751
0.167002 0.014849 0.287706
0.166976 0.014644 0.287594
0.166949 0.014438 0.287481
0.166865 0.014292 0.287436
0.166838 0.014086 0.287323
0.166811 0.013880 0.287210
0.166840 0.013612 0.287027
0.166813 0.013404 0.286914
0.166784 0.013196 0.286800
0.166699 0.013049 0.286755
0.166671 0.012841 0.286641
0.166642 0.012632 0.286527
0.166613 0.012422 0.286413
0.166527 0.012275 0.286368
0.166498 0.012064 0.286254
0.166412 0.011916 0.286209
0.166382 0.011706 0.286094
0.166297 0.011558 0.286049
0.166211 0.011409 0.286004
0.166180 0.011198 0.285889
0.166150 0.010986 0.285774
0.166064 0.010837 0.285729
0.165978 0.010689 0.285684
0.165891 0.010540 0.285639
0.165860 0.010327 0.285523
0.165774 0.010178 0.285478
0.179726 0.029154 0.289397
0.179564 0.029034 0.289411
0.179474 0.028879 0.289364
0.179313 0.028760 0.289379
0.179222 0.028604 0.289332
0.179061 0.028486 0.289346
0.178900 0.028368 0.289361
0.178811 0.028213 0.289314
0.178721 0.028058 0.289267
0.178560 0.027941 0.289282
0.178470 0.027786 0.289235
0.178310 0.027670 0.289251
0.178151 0.027554 0.289266
0.177991 0.027438 0.289282
0.177832 0.027323 0.289298
0.177673 0.027208 0.289314
0.177236 0.027251 0.289581
0.176939 0.027217 0.289723
0.176781 0.027105 0.289740
0.176278 0.027193 0.290071
0.176052 0.027123 0.290152
0.175827 0.027053 0.290232
0.175603 0.026985 0.290313
0.175516 0.026836 0.290268
0.175361 0.026728 0.290286
0.175274 0.026579 0.290240
0.175120 0.026471 0.290258
0.175033 0.026322 0.290213
0.174879 0.026216 0.290232
0.174793 0.026067 0.290186
0.174639 0.025961 0.290205
0.174485 0.025855 0.290224
0.174399 0.025707 0.290179
0.174245 0.025602 0.290197
0.174092 0.025497 0.290216
0.174007 0.025349 0.290172
0.173854 0.025245 0.290191
0.173768 0.025098 0.290146
0.173616 0.024994 0.290165
0.173464 0.024891 0.290185
0.173378 0.024744 0.290140
0.173226 0.024642 0.290160
0.173075 0.024540 0.290180
0.172923 0.024438 0.290200
0.172772 0.024337 0.290220
0.172688 0.024191 0.290175
0.172537 0.024091 0.290196
0.172386 0.023991 0.290216
0.172236 0.023891 0.290236
0.172086 0.023792 0.290257
0.171936 0.023693 0.290278
0.171852 0.023548 0.290234
0.171768 0.023403 0.290190
0.171619 0.023305 0.290211
0.171535 0.023160 0.290167
0.171451 0.023015 0.290123
0.171367 0.022870 0.290079
0.171283 0.022725 0.290035
0.171134 0.022629 0.290056
0.171050 0.022484 0.290012
0.170966 0.022339 0.289968
0.170882 0.022195 0.289924
0.170798 0.022050 0.289880
0.170651 0.021955 0.289902
0.170567 0.021810 0.289858
0.170419 0.021715 0.289880
0.170336 0.021571 0.289836
0.170189 0.021477 0.289859
0.170105 0.021333 0.289815
0.169958 0.021240 0.289837
0.169875 0.021096 0.289793
0.169792 0.020952 0.289750
0.169708 0.020808 0.289706
0.169625 0.020664 0.289662
0.169541 0.020520 0.289619
0.169458 0.020377 0.289575
0.169374 0.020233 0.289531
0.169291 0.020089 0.289488
0.169269 0.019893 0.289377
0.169186 0.019749 0.289333
0.169102 0.019604 0.289290
0.169080 0.019407 0.289179
0.168996 0.019263 0.289135
0.168913 0.019119 0.289091
0.168829 0.018974 0.289047
0.168806 0.018776 0.288936
0.168723 0.018632 0.288892
0.168639 0.018487 0.288848
0.168555 0.018343 0.288804
0.168411 0.018253 0.288828
0.168327 0.018109 0.288784
0.168243 0.017965 0.288740
0.168159 0.017820 0.288697
0.168076 0.017676 0.288653
0.167992 0.017532 0.288609
0.167908 0.017388 0.288565
0.167825 0.017243 0.288521
0.167741 0.017099 0.288477
0.167717 0.016898 0.288365
0.167633 0.016753 0.288322
0.167608 0.016552 0.288209
0.167524 0.016407 0.288165
0.167499 0.016205 0.288053
0.167474 0.016002 0.287941
0.167390 0.015857 0.287897
0.167364 0.015653 0.287784
0.167280 0.015508 0.287740
0.167196 0.015363 0.287696
0.167170 0.015158 0.287583
0.167085 0.015013 0.287539
0.167001 0.014867 0.287494
0.166974 0.014662 0.287381
0.166890 0.014517 0.287337
0.166863 0.014311 0.287224
0.166835 0.014105 0.287110
0.166808 0.013898 0.286996
0.166780 0.013691 0.286883
0.166752 0.013483 0.286769
0.166724 0.013276 0.286655
0.166696 0.013067 0.286541
0.166667 0.012858 0.286427
0.166581 0.012711 0.286382
0.166552 0.012502 0.286267
0.166523 0.012292 0.286153
0.166494 0.012081 0.286038
0.166408 0.011933 0.285993
0.166322 0.011785 0.285948
0.166292 0.011574 0.285833
0.166206 0.011426 0.285788
0.166175 0.011214 0.285673
0.166089 0.011066 0.285628
0.166058 0.010853 0.285512
0.165972 0.010704 0.285467
0.165886 0.010556 0.285422
0.165854 0.010342 0.285306
0.179662 0.029238 0.289243
0.179501 0.029118 0.289258
0.179410 0.028962 0.289211
0.179249 0.028843 0.289226
0.179159 0.028688 0.289178
0.178998 0.028569 0.289193
0.178837 0.028451 0.289209
0.178747 0.028296 0.289161
0.178657 0.028141 0.289114
0.178497 0.028024 0.289130
0.178407 0.027869 0.289083
0.178247 0.027753 0.289098
0.178157 0.027598 0.289052
0.177998 0.027482 0.289067
0.177839 0.027367 0.289083
0.177610 0.027291 0.289162
0.177521 0.027137 0.289116
0.177432 0.026983 0.289069
0.176719 0.027186 0.289590
0.176631 0.027035 0.289544
0.176129 0.027123 0.289877
0.175904 0.027053 0.289958
0.175679 0.026984 0.290039
0.175523 0.026875 0.290057
0.175368 0.026767 0.290075
0.175282 0.026618 0.290030
0.175127 0.026510 0.290048
0.174972 0.026402 0.290067
0.174886 0.026254 0.290021
0.174732 0.026147 0.290040
0.174646 0.025998 0.289995
0.174492 0.025892 0.290014
0.174406 0.025744 0.289969
0.174252 0.025638 0.289988
0.174166 0.025490 0.289943
0.174013 0.025385 0.289962
0.173860 0.025281 0.289981
0.173775 0.025133 0.289936
0.173622 0.025030 0.289956
0.173537 0.024882 0.289911
0.173384 0.024779 0.289931
0.173233 0.024676 0.289950
0.173147 0.024529 0.289906
0.172996 0.024427 0.289926
0.172845 0.024326 0.289946
0.172694 0.024224 0.289966
0.172543 0.024124 0.289987
0.172392 0.024023 0.290007
0.172242 0.023923 0.290028
0.172092 0.023824 0.290049
0.171942 0.023725 0.290070
0.171858 0.023579 0.290026
0.171709 0.023481 0.290047
0.171624 0.023336 0.290003
0.171475 0.023238 0.290024
0.171391 0.023093 0.289980
0.171307 0.022948 0.289936
0.171223 0.022803 0.289892
0.171139 0.022658 0.289848
0.171055 0.022513 0.289804
0.170971 0.022368 0.289760
0.170823 0.022272 0.289782
0.170739 0.022128 0.289738
0.170655 0.021983 0.289694
0.170571 0.021838 0.289650
0.170424 0.021743 0.289672
0.170340 0.021599 0.289628
0.170193 0.021504 0.289650
0.170109 0.021360 0.289606
0.170025 0.021216 0.289563
0.169879 0.021122 0.289585
0.169795 0.020978 0.289541
0.169712 0.020834 0.289498
0.169628 0.020690 0.289454
0.169545 0.020546 0.289410
0.169461 0.020402 0.289366
0.169377 0.020258 0.289323
0.169294 0.020114 0.289279
0.169210 0.019970 0.289235
0.169188 0.019773 0.289124
0.169105 0.019629 0.289080
0.169082 0.019432 0.288969
0.168999 0.019287 0.288925
0.168915 0.019143 0.288882
0.168892 0.018945 0.288770
0.168808 0.018800 0.288726
0.168724 0.018655 0.288682
0.168640 0.018510 0.288638
0.168556 0.018366 0.288594
0.168472 0.018221 0.288550
0.168388 0.018076 0.288506
0.168305 0.017932 0.288462
0.168221 0.017787 0.288419
0.168077 0.017698 0.288443
0.167993 0.017554 0.288399
0.167909 0.017409 0.288355
0.167825 0.017265 0.288311
0.167801 0.017064 0.288199
0.167717 0.016919 0.288155
0.167633 0.016774 0.288111
0.167608 0.016572 0.287998
0.167524 0.016428 0.287954
0.167499 0.016225 0.287842
0.167415 0.016080 0.287798
0.167389 0.015877 0.287685
0.167305 0.015732 0.287641
0.167279 0.015528 0.287528
0.167194 0.015382 0.287484
0.167168 0.015178 0.287370
0.167084 0.015032 0.287326
0.166999 0.014886 0.287282
0.166914 0.014741 0.287237
0.166888 0.014535 0.287124
0.166860 0.014329 0.287010
0.166776 0.014183 0.286966
0.166805 0.013916 0.286783
0.166720 0.013770 0.286738
0.166692 0.013562 0.286624
0.166664 0.013355 0.286510
0.166635 0.013146 0.286396
0.166607 0.012938 0.286281
0.166578 0.012729 0.286167
0.166492 0.012581 0.286122
0.166462 0.012371 0.286007
0.166433 0.012161 0.285892
0.166347 0.012013 0.285847
0.166261 0.011865 0.285802
0.166231 0.011654 0.285687
0.166200 0.011442 0.285572
0.166170 0.011231 0.285456
0.166084 0.011082 0.285411
0.166053 0.010869 0.285295
0.166021 0.010656 0.285180
0.165935 0.010507 0.285134
0.165958 0.010229 0.284948
0.179598 0.029321 0.289090
0.179437 0.029201 0.289105
0.179275 0.029082 0.289120
0.179185 0.028927 0.289072
0.179095 0.028771 0.289025
0.178934 0.028653 0.289040
0.178773 0.028534 0.289056
0.178683 0.028379 0.289009
0.178594 0.028225 0.288962
0.178433 0.028107 0.288977
0.178344 0.027952 0.288930
0.178254 0.027798 0.288883
0.178094 0.027681 0.288899
0.178005 0.027527 0.288852
0.177845 0.027411 0.288868
0.177617 0.027334 0.288948
0.177458 0.027220 0.288964
0.177369 0.027066 0.288917
0.177280 0.026912 0.288871
0.176569 0.027116 0.289394
0.176481 0.026964 0.289348
0.175980 0.027054 0.289683
0.175755 0.026984 0.289765
0.175531 0.026915 0.289846
0.175376 0.026806 0.289864
0.175221 0.026698 0.289883
0.175134 0.026549 0.289837
0.174979 0.026441 0.289856
0.174893 0.026292 0.289811
0.174739 0.026185 0.289830
0.174652 0.026036 0.289784
0.174499 0.025930 0.289803
0.174412 0.025781 0.289758
0.174259 0.025675 0.289777
0.174173 0.025527 0.289732
0.174020 0.025422 0.289752
0.173934 0.025274 0.289707
0.173781 0.025169 0.289726
0.173628 0.025065 0.289746
0.173543 0.024917 0.289701
0.173391 0.024814 0.289721
0.173305 0.024666 0.289676
0.173087 0.024608 0.289761
0.173002 0.024461 0.289716
0.172850 0.024359 0.289736
0.172699 0.024258 0.289757
0.172549 0.024157 0.289777
0.172398 0.024056 0.289798
0.172248 0.023956 0.289819
0.172032 0.023902 0.289905
0.171883 0.023803 0.289926
0.171798 0.023657 0.289882
0.171649 0.023559 0.289904
0.171565 0.023414 0.289860
0.171481 0.023269 0.289815
0.171332 0.023171 0.289837
0.171248 0.023026 0.289793
0.171164 0.022881 0.289749
0.171080 0.022736 0.289705
0.170996 0.022591 0.289661
0.170912 0.022446 0.289617
0.170827 0.022301 0.289573
0.170743 0.022157 0.289529
0.170659 0.022012 0.289485
0.170512 0.021916 0.289507
0.170428 0.021771 0.289463
0.170344 0.021627 0.289419
0.170260 0.021482 0.289375
0.170113 0.021388 0.289398
0.169966 0.021293 0.289420
0.169883 0.021149 0.289377
0.169799 0.021005 0.289333
0.169715 0.020861 0.289289
0.169631 0.020716 0.289245
0.169485 0.020624 0.289268
0.169402 0.020480 0.289224
0.169380 0.020284 0.289114
0.169297 0.020139 0.289070
0.169213 0.019995 0.289026
0.169191 0.019798 0.288915
0.169107 0.019654 0.288871
0.169085 0.019456 0.288760
0.169001 0.019312 0.288716
0.168917 0.019167 0.288672
0.168833 0.019022 0.288628
0.168810 0.018824 0.288516
0.168726 0.018679 0.288472
0.168642 0.018534 0.288428
0.168558 0.018389 0.288384
0.168473 0.018244 0.288340
0.168389 0.018099 0.288296
0.168305 0.017954 0.288252
0.168221 0.017810 0.288208
0.168137 0.017665 0.288164
0.168053 0.017520 0.288120
0.167969 0.017375 0.288076
0.167885 0.017230 0.288032
0.167801 0.017085 0.287988
0.167717 0.016940 0.287944
0.167633 0.016795 0.287900
0.167608 0.016593 0.287787
0.167524 0.016448 0.287743
0.167498 0.016246 0.287630
0.167414 0.016100 0.287586
0.167388 0.015897 0.287473
0.167304 0.015752 0.287428
0.167278 0.015548 0.287315
0.167193 0.015402 0.287271
0.167108 0.015256 0.287227
0.167082 0.015052 0.287113
0.166997 0.014906 0.287069
0.166912 0.014760 0.287024
0.166828 0.014614 0.286980
0.166800 0.014408 0.286866
0.166773 0.014202 0.286752
0.166745 0.013995 0.286638
0.166717 0.013788 0.286524
0.166689 0.013581 0.286410
0.166604 0.013434 0.286365
0.166632 0.013164 0.286181
0.166546 0.013017 0.286136
0.166517 0.012808 0.286021
0.166488 0.012599 0.285906
0.166402 0.012451 0.285861
0.166372 0.012241 0.285746
0.166286 0.012093 0.285701
0.166256 0.011882 0.285586
0.166226 0.011671 0.285470
0.166195 0.011459 0.285355
0.166164 0.011247 0.285239
0.166078 0.011098 0.285194
0.166070 0.010609 0.284891
0.165983 0.010459 0.284846
0.165897 0.010310 0.284800
0.187623 0.027654 0.283301
0.187521 0.027477 0.283247
0.179212 0.029165 0.288966
0.179121 0.029010 0.288919
0.179031 0.028855 0.288872
0.178870 0.028736 0.288887
0.178780 0.028581 0.288840
0.178620 0.028463 0.288856
0.178530 0.028308 0.288809
0.178370 0.028190 0.288825
0.178280 0.028036 0.288778
0.178190 0.027881 0.288731
0.178101 0.027726 0.288684
0.177941 0.027610 0.288700
0.177852 0.027455 0.288653
0.177692 0.027340 0.288669
0.177464 0.027263 0.288749
0.177306 0.027149 0.288766
0.177147 0.027034 0.288783
0.177058 0.026881 0.288736
0.176418 0.027046 0.289199
0.176262 0.026934 0.289216
0.175831 0.026984 0.289489
0.175606 0.026914 0.289571
0.175383 0.026846 0.289653
0.175228 0.026737 0.289672
0.175141 0.026588 0.289626
0.174986 0.026480 0.289645
0.174900 0.026331 0.289600
0.174745 0.026223 0.289619
0.174659 0.026074 0.289573
0.174505 0.025967 0.289592
0.174419 0.025819 0.289547
0.174265 0.025712 0.289567
0.174179 0.025564 0.289521
0.174026 0.025458 0.289541
0.173873 0.025353 0.289561
0.173787 0.025205 0.289516
0.173701 0.025057 0.289471
0.173549 0.024953 0.289490
0.173397 0.024849 0.289510
0.173245 0.024746 0.289531
0.173159 0.024598 0.289486
0.173007 0.024496 0.289506
0.172856 0.024393 0.289526
0.172705 0.024291 0.289547
0.172554 0.024190 0.289568
0.172338 0.024134 0.289654
0.172188 0.024034 0.289675
0.172038 0.023934 0.289696
0.171888 0.023835 0.289718
0.171739 0.023735 0.289739
0.171654 0.023590 0.289695
0.171505 0.023492 0.289716
0.171421 0.023347 0.289672
0.171337 0.023201 0.289628
0.171188 0.023104 0.289650
0.171104 0.022959 0.289606
0.171020 0.022814 0.289562
0.170936 0.022669 0.289518
0.170852 0.022524 0.289474
0.170768 0.022379 0.289430
0.170684 0.022234 0.289386
0.170600 0.022090 0.289342
0.170516 0.021945 0.289298
0.170432 0.021800 0.289254
0.170348 0.021655 0.289210
0.170264 0.021510 0.289166
0.170117 0.021415 0.289188
0.170033 0.021270 0.289145
0.169949 0.021126 0.289101
0.169802 0.021032 0.289124
0.169718 0.020887 0.289080
0.169635 0.020743 0.289036
0.169551 0.020598 0.288992
0.169467 0.020454 0.288948
0.169383 0.020309 0.288904
0.169299 0.020165 0.288860
0.169277 0.019968 0.288749
0.169193 0.019824 0.288705
0.169109 0.019679 0.288661
0.169087 0.019481 0.288549
0.169003 0.019336 0.288505
0.168919 0.019192 0.288461
0.168834 0.019047 0.288417
0.168750 0.018902 0.288373
0.168666 0.018757 0.288329
0.168643 0.018558 0.288217
0.168559 0.018413 0.288173
0.168474 0.018268 0.288129
0.168390 0.018122 0.288085
0.168306 0.017977 0.288041
0.168222 0.017832 0.287997
0.168138 0.017687 0.287953
0.168053 0.017542 0.287908
0.167969 0.017397 0.287864
0.167885 0.017252 0.287820
0.167801 0.017107 0.287776
0.167717 0.016962 0.287732
0.167632 0.016816 0.287688
0.167607 0.016614 0.287575
0.167523 0.016469 0.287531
0.167497 0.016266 0.287418
0.167413 0.016121 0.287373
0.167387 0.015918 0.287260
0.167302 0.015772 0.287216
0.167218 0.015626 0.287172
0.167191 0.015422 0.287058
0.167107 0.015276 0.287014
0.167022 0.015130 0.286969
0.166937 0.014984 0.286925
0.166853 0.014838 0.286881
0.166825 0.014633 0.286767
0.166798 0.014427 0.286652
0.166713 0.014280 0.286608
0.166685 0.014074 0.286494
0.166657 0.013867 0.286379
0.166629 0.013660 0.286265
0.166600 0.013452 0.286150
0.166571 0.013244 0.286035
0.166486 0.013096 0.285990
0.166456 0.012887 0.285875
0.166427 0.012678 0.285760
0.166397 0.012468 0.285645
0.166311 0.012320 0.285600
0.166281 0.012110 0.285485
0.166195 0.011962 0.285439
0.166220 0.011688 0.285253
0.166190 0.011476 0.285137
0.166159 0.011264 0.285021
0.166238 0.010925 0.284764
0.166151 0.010775 0.284718
0.166119 0.010562 0.284602
0.166087 0.010348 0.284485
0.188047 0.027972 0.282987
0.187726 0.027893 0.283119
0.187478 0.027783 0.283189
0.187231 0.027673 0.283259
0.187129 0.027497 0.283205
0.178807 0.028819 0.288735
0.178717 0.028664 0.288687
0.178556 0.028546 0.288703
0.178467 0.028391 0.288656
0.178377 0.028236 0.288609
0.178287 0.028081 0.288562
0.178197 0.027926 0.288515
0.178037 0.027809 0.288531
0.177947 0.027655 0.288484
0.177788 0.027538 0.288501
0.177699 0.027384 0.288454
0.177540 0.027268 0.288470
0.177312 0.027192 0.288551
0.177085 0.027117 0.288631
0.176995 0.026963 0.288585
0.176563 0.027008 0.288857
0.176200 0.027016 0.289067
0.175975 0.026944 0.289149
0.175682 0.026914 0.289295
0.175458 0.026845 0.289378
0.175303 0.026736 0.289396
0.175148 0.026627 0.289415
0.174993 0.026519 0.289434
0.174839 0.026411 0.289453
0.174752 0.026262 0.289407
0.174598 0.026154 0.289427
0.174512 0.026005 0.289381
0.174425 0.025856 0.289336
0.174272 0.025750 0.289355
0.174185 0.025601 0.289310
0.174032 0.025495 0.289330
0.173879 0.025390 0.289350
0.173793 0.025241 0.289305
0.173640 0.025137 0.289324
0.173554 0.024989 0.289279
0.173402 0.024884 0.289300
0.173250 0.024781 0.289320
0.173165 0.024633 0.289275
0.173013 0.024530 0.289295
0.172862 0.024427 0.289316
0.172711 0.024325 0.289337
0.172494 0.024269 0.289423
0.172344 0.024168 0.289444
0.172193 0.024067 0.289465
0.172043 0.023967 0.289487
0.171894 0.023867 0.289508
0.171744 0.023767 0.289530
0.171595 0.023668 0.289552
0.171511 0.023523 0.289507
0.171362 0.023425 0.289529
0.171277 0.023279 0.289485
0.171193 0.023134 0.289441
0.171109 0.022989 0.289397
0.171025 0.022844 0.289353
0.170941 0.022699 0.289309
0.170857 0.022554 0.289265
0.170772 0.022409 0.289221
0.170688 0.022264 0.289176
0.170604 0.022119 0.289132
0.170520 0.021973 0.289088
0.170436 0.021828 0.289044
0.170351 0.021683 0.289000
0.170267 0.021538 0.288956
0.170183 0.021393 0.288912
0.170036 0.021298 0.288935
0.169952 0.021153 0.288891
0.169868 0.021008 0.288847
0.169722 0.020914 0.288870
0.169638 0.020769 0.288826
0.169554 0.020625 0.288782
0.169470 0.020480 0.288738
0.169386 0.020335 0.288694
0.169302 0.020191 0.288650
0.169279 0.019994 0.288539
0.169195 0.019849 0.288494
0.169111 0.019704 0.288450
0.169027 0.019559 0.288406
0.169004 0.019361 0.288295
0.168920 0.019216 0.288250
0.168836 0.019071 0.288206
0.168752 0.018926 0.288162
0.168667 0.018781 0.288118
0.168583 0.018636 0.288074
0.168499 0.018491 0.288030
0.168415 0.018346 0.287986
0.168331 0.018200 0.287942
0.168247 0.018055 0.287898
0.168162 0.017910 0.287854
0.168078 0.017765 0.287809
0.167994 0.017620 0.287765
0.167910 0.017475 0.287721
0.167826 0.017330 0.287677
0.167801 0.017128 0.287564
0.167716 0.016983 0.287520
0.167632 0.016838 0.287476
0.167548 0.016693 0.287432
0.167522 0.016490 0.287318
0.167438 0.016345 0.287274
0.167412 0.016142 0.287161
0.167327 0.015996 0.287116
0.167243 0.015850 0.287072
0.167216 0.015646 0.286958
0.167131 0.015500 0.286914
0.167047 0.015354 0.286870
0.167020 0.015150 0.286756
0.166935 0.015004 0.286711
0.166850 0.014857 0.286667
0.166765 0.014711 0.286622
0.166738 0.014505 0.286508
0.166710 0.014299 0.286394
0.166682 0.014093 0.286279
0.166597 0.013946 0.286234
0.166568 0.013739 0.286120
0.166540 0.013531 0.286005
0.166511 0.013323 0.285890
0.166482 0.013114 0.285775
0.166396 0.012967 0.285730
0.166366 0.012758 0.285614
0.166337 0.012548 0.285499
0.166307 0.012338 0.285383
0.166276 0.012128 0.285268
0.166190 0.011979 0.285223
0.166215 0.011705 0.285036
0.166184 0.011494 0.284920
0.166153 0.011282 0.284803
0.166176 0.011006 0.284616
0.166089 0.010856 0.284570
0.166057 0.010643 0.284454
0.166025 0.010429 0.284337
0.187653 0.027988 0.282944
0.187406 0.027878 0.283014
0.187159 0.027768 0.283085
0.187057 0.027591 0.283032
0.178563 0.028592 0.288487
0.178473 0.028437 0.288440
0.178383 0.028282 0.288393
0.178223 0.028164 0.288409
0.178133 0.028010 0.288362
0.178043 0.027855 0.288315
0.177954 0.027700 0.288268
0.177794 0.027583 0.288285
0.177704 0.027428 0.288238
0.177546 0.027312 0.288254
0.177387 0.027197 0.288271
0.177159 0.027121 0.288352
0.176933 0.027046 0.288434
0.176775 0.026932 0.288451
0.176343 0.026978 0.288725
0.176050 0.026946 0.288871
0.175825 0.026875 0.288954
0.175533 0.026845 0.289101
0.175309 0.026776 0.289184
0.175154 0.026667 0.289203
0.175000 0.026558 0.289222
0.174913 0.026408 0.289176
0.174758 0.026300 0.289196
0.174604 0.026193 0.289215
0.174518 0.026043 0.289170
0.174364 0.025936 0.289189
0.174278 0.025787 0.289144
0.174124 0.025681 0.289164
0.174038 0.025532 0.289118
0.173885 0.025427 0.289138
0.173799 0.025278 0.289093
0.173646 0.025173 0.289113
0.173494 0.025068 0.289133
0.173408 0.024920 0.289088
0.173256 0.024816 0.289109
0.173104 0.024712 0.289129
0.172953 0.024609 0.289150
0.172867 0.024462 0.289105
0.172650 0.024404 0.289192
0.172499 0.024302 0.289213
0.172349 0.024201 0.289234
0.172199 0.024100 0.289255
0.172049 0.023999 0.289277
0.171834 0.023945 0.289365
0.171749 0.023799 0.289320
0.171600 0.023700 0.289342
0.171451 0.023601 0.289364
0.171367 0.023456 0.289320
0.171218 0.023357 0.289342
0.171134 0.023212 0.289298
0.171050 0.023067 0.289254
0.170965 0.022922 0.289210
0.170881 0.022777 0.289166
0.170797 0.022632 0.289122
0.170713 0.022487 0.289078
0.170629 0.022342 0.289033
0.170544 0.022197 0.288989
0.170523 0.022002 0.288878
0.170439 0.021857 0.288834
0.170355 0.021712 0.288790
0.170271 0.021566 0.288746
0.170186 0.021421 0.288702
0.170039 0.021326 0.288725
0.169955 0.021181 0.288681
0.169871 0.021036 0.288637
0.169787 0.020891 0.288592
0.169703 0.020745 0.288548
0.169618 0.020600 0.288504
0.169534 0.020455 0.288460
0.169450 0.020310 0.288416
0.169366 0.020165 0.288372
0.169282 0.020020 0.288328
0.169197 0.019875 0.288284
0.169113 0.019730 0.288240
0.169029 0.019584 0.288196
0.168945 0.019439 0.288151
0.168921 0.019241 0.288039
0.168837 0.019096 0.287995
0.168753 0.018951 0.287951
0.168669 0.018805 0.287907
0.168584 0.018660 0.287863
0.168500 0.018515 0.287818
0.168416 0.018369 0.287774
0.168331 0.018224 0.287730
0.168247 0.018079 0.287686
0.168163 0.017933 0.287642
0.168078 0.017788 0.287598
0.167994 0.017643 0.287553
0.167910 0.017497 0.287509
0.167825 0.017352 0.287465
0.167741 0.017207 0.287421
0.167657 0.017061 0.287377
0.167572 0.016916 0.287333
0.167547 0.016714 0.287219
0.167462 0.016568 0.287175
0.167436 0.016366 0.287061
0.167352 0.016220 0.287017
0.167326 0.016017 0.286903
0.167241 0.015871 0.286859
0.167156 0.015725 0.286815
0.167130 0.015521 0.286700
0.167045 0.015374 0.286656
0.166960 0.015228 0.286612
0.166875 0.015082 0.286567
0.166848 0.014877 0.286453
0.166763 0.014731 0.286408
0.166735 0.014525 0.286294
0.166650 0.014378 0.286249
0.166622 0.014172 0.286134
0.166593 0.013965 0.286019
0.166565 0.013757 0.285904
0.166536 0.013550 0.285789
0.166507 0.013341 0.285674
0.166421 0.013194 0.285629
0.166392 0.012985 0.285514
0.166362 0.012776 0.285398
0.166332 0.012566 0.285282
0.166302 0.012356 0.285166
0.166271 0.012145 0.285050
0.166185 0.011997 0.285005
0.166209 0.011723 0.284818
0.166178 0.011511 0.284701
0.166202 0.011236 0.284514
0.166170 0.011023 0.284397
0.166083 0.010873 0.284352
0.166051 0.010660 0.284235
0.166018 0.010446 0.284118
0.187508 0.028116 0.282832
0.187261 0.028006 0.282903
0.187087 0.027862 0.282911
0.186984 0.027686 0.282858
0.178480 0.028484 0.288224
0.178320 0.028366 0.288240
0.178230 0.028210 0.288193
0.178140 0.028055 0.288146
0.177980 0.027938 0.288162
0.177890 0.027783 0.288115
0.177800 0.027628 0.288068
0.177641 0.027512 0.288085
0.177551 0.027357 0.288038
0.177393 0.027241 0.288055
0.177165 0.027165 0.288136
0.177007 0.027050 0.288154
0.176712 0.027014 0.288300
0.176623 0.026861 0.288253
0.176192 0.026907 0.288529
0.175900 0.026876 0.288676
0.175675 0.026805 0.288759
0.175384 0.026775 0.288907
0.175297 0.026625 0.288861
0.175074 0.026556 0.288945
0.174919 0.026447 0.288964
0.174765 0.026339 0.288983
0.174678 0.026189 0.288938
0.174524 0.026082 0.288958
0.174370 0.025974 0.288977
0.174284 0.025825 0.288932
0.174130 0.025718 0.288952
0.173977 0.025612 0.288972
0.173891 0.025463 0.288927
0.173738 0.025358 0.288947
0.173652 0.025209 0.288902
0.173499 0.025104 0.288922
0.173413 0.024956 0.288877
0.173261 0.024852 0.288897
0.173109 0.024748 0.288918
0.172958 0.024644 0.288939
0.172807 0.024541 0.288960
0.172655 0.024438 0.288981
0.172505 0.024336 0.289002
0.172354 0.024234 0.289024
0.172204 0.024133 0.289045
0.171989 0.024078 0.289133
0.171839 0.023978 0.289155
0.171690 0.023878 0.289177
0.171605 0.023732 0.289132
0.171456 0.023633 0.289154
0.171307 0.023534 0.289177
0.171223 0.023389 0.289132
0.171138 0.023243 0.289088
0.171054 0.023098 0.289044
0.170970 0.022953 0.289000
0.170886 0.022807 0.288956
0.170801 0.022662 0.288912
0.170717 0.022517 0.288868
0.170633 0.022371 0.288823
0.170548 0.022226 0.288779
0.170464 0.022081 0.288735
0.170380 0.021935 0.288691
0.170358 0.021741 0.288579
0.170274 0.021595 0.288535
0.170189 0.021450 0.288491
0.170105 0.021304 0.288447
0.170020 0.021158 0.288402
0.169874 0.021063 0.288426
0.169789 0.020918 0.288382
0.169705 0.020773 0.288338
0.169621 0.020627 0.288293
0.169536 0.020482 0.288249
0.169452 0.020337 0.288205
0.169368 0.020191 0.288161
0.169283 0.020046 0.288117
0.169199 0.019901 0.288073
0.169115 0.019755 0.288028
0.169031 0.019610 0.287984
0.168946 0.019465 0.287940
0.168862 0.019319 0.287896
0.168778 0.019174 0.287852
0.168693 0.019029 0.287808
0.168609 0.018883 0.287763
0.168525 0.018738 0.287719
0.168440 0.018593 0.287675
0.168356 0.018447 0.287631
0.168272 0.018302 0.287587
0.168187 0.018157 0.287543
0.168103 0.018011 0.287498
0.168019 0.017866 0.287454
0.167934 0.017721 0.287410
0.167850 0.017575 0.287366
0.167766 0.017430 0.287322
0.167681 0.017285 0.287278
0.167656 0.017083 0.287164
0.167572 0.016938 0.287120
0.167487 0.016792 0.287076
0.167461 0.016590 0.286962
0.167377 0.016444 0.286918
0.167350 0.016241 0.286804
0.167266 0.016095 0.286759
0.167239 0.015892 0.286645
0.167154 0.015745 0.286601
0.167070 0.015599 0.286556
0.167042 0.015395 0.286442
0.166958 0.015248 0.286397
0.166873 0.015102 0.286353
0.166845 0.014897 0.286238
0.166760 0.014750 0.286194
0.166732 0.014544 0.286079
0.166647 0.014397 0.286034
0.166618 0.014191 0.285919
0.166590 0.013984 0.285804
0.166561 0.013776 0.285689
0.166475 0.013629 0.285644
0.166446 0.013421 0.285528
0.166417 0.013212 0.285413
0.166387 0.013003 0.285297
0.166357 0.012794 0.285181
0.166327 0.012584 0.285065
0.166241 0.012436 0.285020
0.166210 0.012225 0.284904
0.166179 0.012014 0.284787
0.166204 0.011741 0.284600
0.166172 0.011529 0.284483
0.166196 0.011254 0.284295
0.166108 0.011104 0.284249
0.166076 0.010891 0.284132
0.166044 0.010677 0.284015
0.166011 0.010463 0.283898
0.187189 0.028101 0.282729
0.187014 0.027957 0.282738
0.186912 0.027781 0.282684
0.178416 0.028567 0.288070
0.178326 0.028412 0.288023
0.178236 0.028257 0.287976
0.178146 0.028101 0.287929
0.177986 0.027984 0.287946
0.177896 0.027828 0.287898
0.177806 0.027673 0.287851
0.177647 0.027556 0.287868
0.177557 0.027401 0.287821
0.177398 0.027285 0.287838
0.177240 0.027169 0.287856
0.177013 0.027093 0.287938
0.176786 0.027018 0.288020
0.176629 0.026904 0.288038
0.176267 0.026910 0.288250
0.176178 0.026757 0.288203
0.175749 0.026805 0.288481
0.175526 0.026735 0.288564
0.175370 0.026624 0.288583
0.175148 0.026555 0.288667
0.174993 0.026446 0.288686
0.174838 0.026337 0.288706
0.174684 0.026228 0.288725
0.174530 0.026120 0.288745
0.174443 0.025971 0.288700
0.174289 0.025863 0.288720
0.174136 0.025756 0.288740
0.173983 0.025650 0.288760
0.173830 0.025543 0.288780
0.173743 0.025395 0.288735
0.173591 0.025289 0.288755
0.173505 0.025141 0.288710
0.173352 0.025036 0.288731
0.173200 0.024931 0.288751
0.173115 0.024783 0.288706
0.172963 0.024679 0.288727
0.172812 0.024576 0.288749
0.172661 0.024473 0.288770
0.172510 0.024370 0.288791
0.172359 0.024268 0.288813
0.172144 0.024212 0.288901
0.171994 0.024111 0.288922
0.171844 0.024010 0.288944
0.171694 0.023910 0.288966
0.171545 0.023810 0.288989
0.171461 0.023664 0.288944
0.171312 0.023565 0.288967
0.171227 0.023420 0.288922
0.171079 0.023321 0.288945
0.170995 0.023176 0.288901
0.170910 0.023031 0.288857
0.170826 0.022885 0.288813
0.170805 0.022692 0.288701
0.170657 0.022595 0.288724
0.170573 0.022449 0.288680
0.170552 0.022255 0.288569
0.170467 0.022110 0.288524
0.170383 0.021964 0.288480
0.170299 0.021819 0.288436
0.170214 0.021673 0.288392
0.170192 0.021478 0.288280
0.170108 0.021332 0.288236
0.170023 0.021187 0.288191
0.169939 0.021041 0.288147
0.169792 0.020946 0.288171
0.169707 0.020800 0.288126
0.169623 0.020654 0.288082
0.169539 0.020509 0.288038
0.169454 0.020363 0.287994
0.169370 0.020218 0.287949
0.169285 0.020072 0.287905
0.169201 0.019927 0.287861
0.169116 0.019781 0.287817
0.169032 0.019636 0.287773
0.168947 0.019490 0.287728
0.168863 0.019345 0.287684
0.168779 0.019199 0.287640
0.168694 0.019054 0.287596
0.168610 0.018908 0.287551
0.168525 0.018762 0.287507
0.168441 0.018617 0.287463
0.168356 0.018471 0.287419
0.168272 0.018326 0.287374
0.168187 0.018180 0.287330
0.168043 0.018089 0.287355
0.167959 0.017944 0.287311
0.167875 0.017799 0.287267
0.167790 0.017653 0.287223
0.167706 0.017508 0.287179
0.167622 0.017363 0.287134
0.167596 0.017161 0.287021
0.167512 0.017016 0.286976
0.167486 0.016814 0.286863
0.167402 0.016668 0.286818
0.167375 0.016466 0.286704
0.167291 0.016320 0.286660
0.167264 0.016116 0.286545
0.167237 0.015913 0.286431
0.167152 0.015766 0.286387
0.167125 0.015562 0.286272
0.167040 0.015415 0.286227
0.166955 0.015269 0.286183
0.166870 0.015122 0.286138
0.166842 0.014917 0.286023
0.166757 0.014770 0.285979
0.166672 0.014623 0.285934
0.166643 0.014417 0.285819
0.166615 0.014210 0.285704
0.166529 0.014063 0.285659
0.166501 0.013856 0.285543
0.166471 0.013648 0.285428
0.166442 0.013440 0.285312
0.166412 0.013231 0.285196
0.166326 0.013083 0.285151
0.166296 0.012874 0.285035
0.166266 0.012664 0.284919
0.166235 0.012454 0.284802
0.166205 0.012244 0.284686
0.166174 0.012033 0.284569
0.166142 0.011821 0.284452
0.166111 0.011609 0.284335
0.166134 0.011335 0.284147
0.166047 0.011185 0.284101
0.166015 0.010971 0.283984
0.165982 0.010758 0.283867
0.186942 0.028052 0.282564
0.186840 0.027876 0.282510
0.178632 0.028504 0.287662
0.178541 0.028348 0.287614
0.178242 0.028303 0.287759
0.178082 0.028185 0.287776
0.177992 0.028029 0.287728
0.177902 0.027874 0.287681
0.177742 0.027757 0.287698
0.177652 0.027601 0.287651
0.177493 0.027485 0.287669
0.177403 0.027330 0.287621
0.177176 0.027253 0.287704
0.177018 0.027137 0.287721
0.176792 0.027061 0.287804
0.176566 0.026986 0.287886
0.176477 0.026833 0.287840
0.176116 0.026839 0.288053
0.175823 0.026807 0.288201
0.175599 0.026735 0.288285
0.175444 0.026624 0.288304
0.175221 0.026555 0.288389
0.175066 0.026445 0.288408
0.174911 0.026335 0.288427
0.174757 0.026226 0.288447
0.174603 0.026117 0.288467
0.174449 0.026009 0.288487
0.174295 0.025901 0.288507
0.174141 0.025794 0.288527
0.173988 0.025687 0.288547
0.173835 0.025581 0.288568
0.173682 0.025475 0.288588
0.173596 0.025326 0.288543
0.173444 0.025220 0.288564
0.173358 0.025072 0.288518
0.173206 0.024967 0.288539
0.173054 0.024863 0.288560
0.172968 0.024715 0.288515
0.172817 0.024611 0.288537
0.172665 0.024508 0.288558
0.172515 0.024405 0.288580
0.172299 0.024347 0.288668
0.172149 0.024245 0.288689
0.171999 0.024144 0.288711
0.171849 0.024043 0.288734
0.171699 0.023943 0.288756
0.171550 0.023842 0.288778
0.171465 0.023697 0.288734
0.171316 0.023597 0.288756
0.171168 0.023498 0.288779
0.171083 0.023352 0.288735
0.170999 0.023207 0.288691
0.170914 0.023061 0.288646
0.170830 0.022916 0.288602
0.170745 0.022770 0.288558
0.170661 0.022625 0.288514
0.170577 0.022479 0.288469
0.170492 0.022334 0.288425
0.170471 0.022139 0.288313
0.170386 0.021994 0.288269
0.170302 0.021848 0.288225
0.170217 0.021702 0.288180
0.170132 0.021556 0.288136
0.170110 0.021361 0.288024
0.170026 0.021215 0.287980
0.169879 0.021119 0.288003
0.169794 0.020973 0.287959
0.169710 0.020828 0.287915
0.169625 0.020682 0.287870
0.169540 0.020536 0.287826
0.169456 0.020390 0.287782
0.169371 0.020245 0.287738
0.169287 0.020099 0.287693
0.169141 0.020005 0.287717
0.169057 0.019859 0.287673
0.168972 0.019714 0.287629
0.168888 0.019568 0.287585
0.168803 0.019423 0.287541
0.168719 0.019277 0.287496
0.168634 0.019132 0.287452
0.168550 0.018986 0.287408
0.168466 0.018841 0.287364
0.168381 0.018695 0.287319
0.168297 0.018550 0.287275
0.168212 0.018404 0.287231
0.168128 0.018259 0.287187
0.168043 0.018113 0.287143
0.167959 0.017967 0.287098
0.167874 0.017822 0.287054
0.167790 0.017676 0.287010
0.167706 0.017531 0.286966
0.167621 0.017385 0.286921
0.167537 0.017240 0.286877
0.167511 0.017038 0.286763
0.167485 0.016836 0.286649
0.167400 0.016690 0.286605
0.167374 0.016487 0.286490
0.167289 0.016341 0.286446
0.167262 0.016138 0.286331
0.167235 0.015934 0.286216
0.167150 0.015787 0.286172
0.167123 0.015583 0.286057
0.167037 0.015436 0.286012
0.166952 0.015289 0.285968
0.166867 0.015142 0.285923
0.166839 0.014937 0.285808
0.166754 0.014790 0.285763
0.166668 0.014643 0.285719
0.166640 0.014437 0.285603
0.166611 0.014230 0.285488
0.166526 0.014082 0.285443
0.166496 0.013875 0.285327
0.166411 0.013727 0.285282
0.166437 0.013459 0.285095
0.166352 0.013311 0.285050
0.166322 0.013102 0.284934
0.166291 0.012892 0.284817
0.166261 0.012683 0.284701
0.166174 0.012534 0.284656
0.166144 0.012324 0.284539
0.166112 0.012113 0.284422
0.166081 0.011901 0.284305
0.166049 0.011690 0.284188
0.166018 0.011478 0.284071
0.165985 0.011265 0.283953
0.165953 0.011052 0.283836
0.165866 0.010902 0.283790
0.186870 0.028147 0.282390
0.186767 0.027970 0.282336
0.178568 0.028588 0.287508
0.178477 0.028432 0.287460
0.178247 0.028350 0.287541
0.178088 0.028231 0.287558
0.177997 0.028075 0.287511
0.177907 0.027920 0.287464
0.177748 0.027802 0.287481
0.177658 0.027647 0.287434
0.177499 0.027530 0.287451
0.177340 0.027413 0.287469
0.177181 0.027297 0.287486
0.177023 0.027181 0.287504
0.176797 0.027105 0.287587
0.176639 0.026990 0.287605
0.176482 0.026876 0.287624
0.176189 0.026841 0.287772
0.175897 0.026808 0.287921
0.175673 0.026736 0.288005
0.175449 0.026665 0.288090
0.175294 0.026554 0.288109
0.175139 0.026444 0.288128
0.174917 0.026375 0.288214
0.174762 0.026266 0.288233
0.174675 0.026115 0.288188
0.174454 0.026048 0.288273
0.174367 0.025898 0.288228
0.174147 0.025832 0.288314
0.173993 0.025725 0.288334
0.173840 0.025618 0.288355
0.173754 0.025469 0.288309
0.173601 0.025363 0.288330
0.173449 0.025257 0.288351
0.173297 0.025152 0.288372
0.173211 0.025003 0.288327
0.173059 0.024898 0.288348
0.172907 0.024794 0.288369
0.172821 0.024646 0.288324
0.172670 0.024542 0.288346
0.172519 0.024439 0.288368
0.172368 0.024336 0.288389
0.172218 0.024234 0.288411
0.172068 0.024132 0.288433
0.171918 0.024031 0.288455
0.171768 0.023930 0.288478
0.171619 0.023829 0.288500
0.171470 0.023729 0.288523
0.171321 0.023629 0.288545
0.171236 0.023483 0.288501
0.171087 0.023384 0.288524
0.171003 0.023238 0.288480
0.170918 0.023092 0.288435
0.170834 0.022947 0.288391
0.170749 0.022801 0.288347
0.170665 0.022655 0.288303
0.170580 0.022509 0.288258
0.170496 0.022364 0.288214
0.170411 0.022218 0.288170
0.170326 0.022072 0.288125
0.170242 0.021926 0.288081
0.170220 0.021731 0.287969
0.170135 0.021585 0.287924
0.170050 0.021439 0.287880
0.169966 0.021293 0.287836
0.169881 0.021148 0.287791
0.169796 0.021002 0.287747
0.169712 0.020856 0.287703
0.169627 0.020710 0.287658
0.169542 0.020564 0.287614
0.169396 0.020469 0.287638
0.169312 0.020323 0.287594
0.169227 0.020177 0.287550
0.169142 0.020031 0.287505
0.169058 0.019886 0.287461
0.168973 0.019740 0.287417
0.168889 0.019594 0.287372
0.168804 0.019448 0.287328
0.168720 0.019303 0.287284
0.168635 0.019157 0.287239
0.168551 0.019011 0.287195
0.168406 0.018919 0.287220
0.168321 0.018773 0.287176
0.168237 0.018628 0.287132
0.168153 0.018482 0.287088
0.168068 0.018337 0.287043
0.167984 0.018191 0.286999
0.167899 0.018046 0.286955
0.167815 0.017900 0.286911
0.167730 0.017755 0.286866
0.167646 0.017609 0.286822
0.167620 0.017408 0.286708
0.167536 0.017262 0.286664
0.167510 0.017060 0.286549
0.167425 0.016914 0.286505
0.167399 0.016712 0.286390
0.167372 0.016509 0.286276
0.167345 0.016306 0.286161
0.167260 0.016159 0.286117
0.167233 0.015955 0.286002
0.167148 0.015809 0.285957
0.167120 0.015604 0.285842
0.167035 0.015457 0.285797
0.166949 0.015310 0.285752
0.166864 0.015163 0.285708
0.166836 0.014957 0.285592
0.166750 0.014810 0.285547
0.166722 0.014604 0.285432
0.166636 0.014457 0.285387
0.166551 0.014309 0.285342
0.166522 0.014102 0.285226
0.166492 0.013894 0.285110
0.166406 0.013747 0.285065
0.166377 0.013538 0.284949
0.166347 0.013330 0.284833
0.166317 0.013121 0.284716
0.166230 0.012972 0.284671
0.166200 0.012763 0.284554
0.166169 0.012553 0.284437
0.166138 0.012342 0.284320
0.166051 0.012193 0.284275
0.166020 0.011982 0.284158
0.165988 0.011770 0.284040
0.165956 0.011558 0.283923
0.165924 0.011346 0.283805
0.165837 0.011196 0.283760
0.179503 0.028357 0.286566
0.179410 0.028198 0.286517
0.178301 0.028166 0.287147
0.178141 0.028047 0.287164
0.177982 0.027928 0.287181
0.177822 0.027810 0.287198
0.177663 0.027692 0.287216
0.177573 0.027537 0.287168
0.177345 0.027458 0.287251
0.177255 0.027303 0.287204
0.177028 0.027225 0.287287
0.176870 0.027110 0.287305
0.176644 0.027034 0.287388
0.176419 0.026958 0.287472
0.176194 0.026884 0.287556
0.175970 0.026811 0.287640
0.175746 0.026738 0.287725
0.175522 0.026666 0.287809
0.175367 0.026555 0.287829
0.175144 0.026484 0.287914
0.174989 0.026374 0.287934
0.174835 0.026264 0.287953
0.174680 0.026155 0.287973
0.174526 0.026046 0.287994
0.174372 0.025937 0.288014
0.174218 0.025829 0.288034
0.174065 0.025721 0.288055
0.173912 0.025613 0.288075
0.173759 0.025507 0.288096
0.173606 0.025400 0.288117
0.173454 0.025294 0.288138
0.173302 0.025188 0.288159
0.173215 0.025040 0.288114
0.173063 0.024934 0.288135
0.172912 0.024830 0.288157
0.172761 0.024726 0.288178
0.172675 0.024578 0.288133
0.172524 0.024474 0.288155
0.172373 0.024371 0.288177
0.172222 0.024268 0.288199
0.172072 0.024166 0.288221
0.171922 0.024064 0.288244
0.171773 0.023963 0.288266
0.171687 0.023816 0.288221
0.171538 0.023715 0.288244
0.171389 0.023615 0.288267
0.171240 0.023515 0.288290
0.171091 0.023416 0.288313
0.171007 0.023270 0.288268
0.170922 0.023124 0.288224
0.170837 0.022978 0.288180
0.170753 0.022832 0.288135
0.170668 0.022686 0.288091
0.170583 0.022540 0.288047
0.170499 0.022394 0.288002
0.170414 0.022248 0.287958
0.170329 0.022102 0.287914
0.170245 0.021956 0.287869
0.170222 0.021761 0.287757
0.170138 0.021615 0.287712
0.170053 0.021468 0.287668
0.169968 0.021322 0.287623
0.169883 0.021176 0.287579
0.169798 0.021030 0.287535
0.169713 0.020884 0.287490
0.169567 0.020788 0.287514
0.169482 0.020642 0.287470
0.169398 0.020496 0.287426
0.169313 0.020350 0.287381
0.169228 0.020204 0.287337
0.169144 0.020058 0.287293
0.168998 0.019964 0.287317
0.168914 0.019818 0.287273
0.168829 0.019673 0.287229
0.168744 0.019527 0.287184
0.168660 0.019381 0.287140
0.168575 0.019235 0.287096
0.168491 0.019090 0.287051
0.168406 0.018944 0.287007
0.168322 0.018798 0.286963
0.168237 0.018652 0.286919
0.168152 0.018507 0.286874
0.168008 0.018415 0.286900
0.167924 0.018269 0.286856
0.167840 0.018124 0.286811
0.167755 0.017978 0.286767
0.167730 0.017778 0.286653
0.167645 0.017632 0.286609
0.167561 0.017486 0.286564
0.167535 0.017285 0.286450
0.167508 0.017083 0.286335
0.167424 0.016937 0.286291
0.167397 0.016734 0.286176
0.167370 0.016531 0.286061
0.167343 0.016328 0.285946
0.167258 0.016181 0.285901
0.167230 0.015977 0.285786
0.167145 0.015830 0.285741
0.167117 0.015626 0.285626
0.167032 0.015478 0.285581
0.166946 0.015331 0.285537
0.166861 0.015184 0.285492
0.166832 0.014978 0.285376
0.166747 0.014831 0.285331
0.166661 0.014683 0.285286
0.166632 0.014477 0.285170
0.166547 0.014329 0.285125
0.166517 0.014122 0.285009
0.166488 0.013914 0.284893
0.166402 0.013766 0.284848
0.166372 0.013558 0.284731
0.166286 0.013410 0.284686
0.166256 0.013201 0.284570
0.166225 0.012991 0.284453
0.166139 0.012843 0.284407
0.166108 0.012633 0.284290
0.166077 0.012422 0.284173
0.165990 0.012273 0.284128
0.165959 0.012062 0.284011
0.165927 0.011851 0.283893
0.165840 0.011701 0.283848
0.165808 0.011489 0.283730
0.180790 0.028584 0.285703
0.180556 0.028494 0.285782
0.180462 0.028332 0.285733
0.179437 0.028442 0.286409
0.179345 0.028283 0.286360
0.179253 0.028124 0.286312
0.178953 0.028076 0.286458
0.178514 0.028102 0.286733
0.178285 0.028019 0.286815
0.178125 0.027900 0.286833
0.177965 0.027781 0.286850
0.177805 0.027662 0.286867
0.177577 0.027582 0.286950
0.177419 0.027465 0.286968
0.177260 0.027348 0.286986
0.177033 0.027270 0.287069
0.176875 0.027154 0.287087
0.176649 0.027077 0.287171
0.176424 0.027002 0.287255
0.176199 0.026927 0.287339
0.175975 0.026853 0.287424
0.175751 0.026780 0.287509
0.175595 0.026667 0.287528
0.175372 0.026596 0.287613
0.175217 0.026485 0.287633
0.175061 0.026374 0.287653
0.174907 0.026263 0.287673
0.174752 0.026153 0.287693
0.174598 0.026043 0.287713
0.174444 0.025934 0.287733
0.174290 0.025826 0.287754
0.174070 0.025759 0.287841
0.173917 0.025652 0.287861
0.173764 0.025544 0.287882
0.173611 0.025437 0.287903
0.173459 0.025331 0.287925
0.173306 0.025225 0.287946
0.173154 0.025119 0.287967
0.173068 0.024971 0.287922
0.172916 0.024866 0.287944
0.172830 0.024717 0.287899
0.172679 0.024613 0.287920
0.172528 0.024509 0.287942
0.172442 0.024361 0.287897
0.172291 0.024258 0.287919
0.172141 0.024155 0.287942
0.171991 0.024053 0.287964
0.171841 0.023951 0.287987
0.171756 0.023803 0.287942
0.171606 0.023702 0.287965
0.171457 0.023601 0.287988
0.171372 0.023454 0.287943
0.171223 0.023354 0.287966
0.171138 0.023208 0.287921
0.170989 0.023108 0.287945
0.170904 0.022962 0.287900
0.170819 0.022815 0.287856
0.170671 0.022716 0.287879
0.170586 0.022570 0.287835
0.170502 0.022424 0.287790
0.170417 0.022278 0.287746
0.170332 0.022132 0.287701
0.170247 0.021986 0.287657
0.170162 0.021839 0.287613
0.170078 0.021693 0.287568
0.169993 0.021547 0.287524
0.169908 0.021401 0.287479
0.169823 0.021255 0.287435
0.169738 0.021108 0.287391
0.169654 0.020962 0.287346
0.169569 0.020816 0.287302
0.169484 0.020670 0.287257
0.169399 0.020524 0.287213
0.169253 0.020429 0.287237
0.169168 0.020283 0.287193
0.169084 0.020137 0.287149
0.168999 0.019991 0.287104
0.168914 0.019845 0.287060
0.168769 0.019751 0.287085
0.168685 0.019605 0.287041
0.168600 0.019459 0.286996
0.168516 0.019314 0.286952
0.168431 0.019168 0.286908
0.168346 0.019022 0.286864
0.168262 0.018876 0.286819
0.168177 0.018731 0.286775
0.168093 0.018585 0.286731
0.168008 0.018439 0.286686
0.167924 0.018293 0.286642
0.167839 0.018148 0.286598
0.167754 0.018002 0.286553
0.167670 0.017856 0.286509
0.167644 0.017655 0.286395
0.167559 0.017509 0.286350
0.167533 0.017308 0.286236
0.167507 0.017106 0.286121
0.167480 0.016903 0.286006
0.167453 0.016701 0.285891
0.167368 0.016554 0.285846
0.167341 0.016350 0.285731
0.167255 0.016203 0.285686
0.167228 0.015999 0.285570
0.167142 0.015852 0.285526
0.167114 0.015647 0.285410
0.167029 0.015500 0.285365
0.166943 0.015352 0.285320
0.166858 0.015205 0.285275
0.166829 0.014999 0.285159
0.166743 0.014851 0.285115
0.166658 0.014704 0.285070
0.166628 0.014497 0.284953
0.166543 0.014349 0.284908
0.166513 0.014142 0.284792
0.166427 0.013994 0.284747
0.166397 0.013786 0.284630
0.166311 0.013638 0.284585
0.166281 0.013429 0.284468
0.166195 0.013280 0.284423
0.166164 0.013071 0.284306
0.166133 0.012862 0.284189
0.166047 0.012713 0.284144
0.165960 0.012564 0.284098
0.165929 0.012353 0.283981
0.165897 0.012142 0.283863
0.165811 0.011993 0.283818
0.165779 0.011781 0.283700
0.165692 0.011632 0.283655
0.181029 0.028729 0.285399
0.180724 0.028672 0.285543
0.180490 0.028580 0.285623
0.180326 0.028454 0.285638
0.180023 0.028400 0.285783
0.179930 0.028240 0.285734
0.179280 0.028369 0.286204
0.179188 0.028210 0.286155
0.178888 0.028161 0.286302
0.178657 0.028076 0.286384
0.178428 0.027993 0.286466
0.178267 0.027872 0.286483
0.178038 0.027790 0.286565
0.177879 0.027671 0.286583
0.177651 0.027590 0.286666
0.177492 0.027472 0.286684
0.177264 0.027393 0.286767
0.177106 0.027276 0.286785
0.176880 0.027198 0.286869
0.176654 0.027121 0.286953
0.176429 0.027045 0.287038
0.176272 0.026930 0.287057
0.175980 0.026896 0.287207
0.175756 0.026822 0.287292
0.175600 0.026709 0.287312
0.175444 0.026597 0.287332
0.175289 0.026485 0.287351
0.175133 0.026374 0.287371
0.174911 0.026304 0.287457
0.174757 0.026193 0.287478
0.174602 0.026083 0.287498
0.174448 0.025974 0.287518
0.174294 0.025865 0.287539
0.174141 0.025756 0.287560
0.173987 0.025648 0.287581
0.173768 0.025582 0.287668
0.173616 0.025475 0.287689
0.173463 0.025368 0.287711
0.173311 0.025262 0.287732
0.173224 0.025113 0.287687
0.173072 0.025007 0.287708
0.172921 0.024902 0.287730
0.172769 0.024797 0.287752
0.172683 0.024649 0.287707
0.172532 0.024544 0.287729
0.172381 0.024441 0.287751
0.172295 0.024293 0.287706
0.172209 0.024144 0.287661
0.172059 0.024041 0.287684
0.171909 0.023939 0.287706
0.171823 0.023791 0.287662
0.171674 0.023689 0.287684
0.171588 0.023542 0.287640
0.171439 0.023441 0.287663
0.171354 0.023294 0.287618
0.171205 0.023193 0.287641
0.171119 0.023046 0.287596
0.170971 0.022946 0.287620
0.170886 0.022799 0.287575
0.170800 0.022652 0.287530
0.170715 0.022506 0.287486
0.170567 0.022407 0.287510
0.170482 0.022260 0.287465
0.170397 0.022114 0.287420
0.170312 0.021967 0.287376
0.170227 0.021820 0.287331
0.170080 0.021723 0.287355
0.169995 0.021576 0.287311
0.169910 0.021430 0.287266
0.169825 0.021284 0.287222
0.169740 0.021137 0.287177
0.169655 0.020991 0.287133
0.169570 0.020844 0.287089
0.169424 0.020748 0.287113
0.169339 0.020602 0.287069
0.169254 0.020456 0.287024
0.169170 0.020310 0.286980
0.169085 0.020164 0.286935
0.168939 0.020069 0.286960
0.168855 0.019923 0.286916
0.168770 0.019777 0.286872
0.168685 0.019631 0.286827
0.168600 0.019485 0.286783
0.168516 0.019339 0.286739
0.168371 0.019246 0.286764
0.168287 0.019100 0.286720
0.168202 0.018955 0.286676
0.168118 0.018809 0.286631
0.168033 0.018663 0.286587
0.167948 0.018517 0.286543
0.167923 0.018318 0.286428
0.167838 0.018172 0.286384
0.167754 0.018026 0.286339
0.167728 0.017825 0.286225
0.167643 0.017679 0.286180
0.167617 0.017477 0.286065
0.167590 0.017275 0.285950
0.167563 0.017073 0.285835
0.167478 0.016926 0.285790
0.167451 0.016723 0.285675
0.167424 0.016520 0.285559
0.167338 0.016373 0.285515
0.167310 0.016169 0.285399
0.167225 0.016021 0.285354
0.167139 0.015874 0.285309
0.167111 0.015669 0.285193
0.167025 0.015521 0.285148
0.166940 0.015374 0.285104
0.166911 0.015168 0.284987
0.166825 0.015020 0.284942
0.166739 0.014872 0.284897
0.166654 0.014724 0.284853
0.166624 0.014518 0.284736
0.166538 0.014370 0.284691
0.166452 0.014222 0.284646
0.166422 0.014014 0.284529
0.166336 0.013866 0.284484
0.166306 0.013657 0.284367
0.166220 0.013509 0.284322
0.166189 0.013300 0.284205
0.166103 0.013151 0.284159
0.166072 0.012942 0.284042
0.165986 0.012793 0.283997
0.165899 0.012644 0.283951
0.165813 0.012495 0.283906
0.165781 0.012284 0.283788
0.165695 0.012135 0.283743
0.165608 0.011986 0.283698
0.181598 0.029133 0.285065
0.181432 0.029004 0.285080
0.181197 0.028909 0.285159
0.180892 0.028851 0.285304
0.180727 0.028724 0.285319
0.180423 0.028667 0.285464
0.180260 0.028541 0.285479
0.179957 0.028487 0.285625
0.179794 0.028362 0.285641
0.179493 0.028310 0.285787
0.179261 0.028223 0.285869
0.179169 0.028063 0.285820
0.178938 0.027977 0.285902
0.178570 0.027966 0.286115
0.178341 0.027883 0.286197
0.178180 0.027762 0.286215
0.177952 0.027680 0.286298
0.177724 0.027599 0.286381
0.177564 0.027480 0.286399
0.177337 0.027400 0.286483
0.177110 0.027321 0.286566
0.176884 0.027243 0.286651
0.176658 0.027165 0.286735
0.176501 0.027050 0.286754
0.176208 0.027013 0.286905
0.176052 0.026899 0.286924
0.175828 0.026825 0.287010
0.175672 0.026711 0.287029
0.175449 0.026639 0.287115
0.175293 0.026526 0.287135
0.175138 0.026415 0.287155
0.174983 0.026303 0.287175
0.174828 0.026192 0.287196
0.174674 0.026082 0.287216
0.174519 0.025972 0.287236
0.174299 0.025904 0.287324
0.174145 0.025795 0.287345
0.173992 0.025686 0.287366
0.173839 0.025578 0.287387
0.173620 0.025513 0.287475
0.173467 0.025406 0.287496
0.173315 0.025299 0.287518
0.173228 0.025150 0.287473
0.173077 0.025044 0.287494
0.172925 0.024938 0.287516
0.172773 0.024833 0.287538
0.172687 0.024684 0.287493
0.172536 0.024580 0.287515
0.172450 0.024431 0.287470
0.172364 0.024283 0.287425
0.172213 0.024179 0.287448
0.172127 0.024031 0.287403
0.171977 0.023928 0.287425
0.171891 0.023780 0.287380
0.171805 0.023632 0.287335
0.171655 0.023529 0.287358
0.171570 0.023382 0.287313
0.171420 0.023280 0.287336
0.171335 0.023132 0.287292
0.171186 0.023031 0.287315
0.171100 0.022884 0.287270
0.171014 0.022737 0.287225
0.170929 0.022589 0.287180
0.170781 0.022489 0.287204
0.170632 0.022390 0.287228
0.170547 0.022243 0.287183
0.170399 0.022144 0.287207
0.170314 0.021997 0.287163
0.170229 0.021850 0.287118
0.170082 0.021752 0.287142
0.169997 0.021606 0.287098
0.169912 0.021459 0.287053
0.169827 0.021313 0.287009
0.169742 0.021166 0.286964
0.169657 0.021019 0.286919
0.169571 0.020873 0.286875
0.169425 0.020777 0.286900
0.169340 0.020630 0.286855
0.169255 0.020484 0.286811
0.169170 0.020337 0.286766
0.169085 0.020191 0.286722
0.169001 0.020045 0.286677
0.168916 0.019898 0.286633
0.168831 0.019752 0.286588
0.168686 0.019658 0.286614
0.168601 0.019511 0.286569
0.168516 0.019365 0.286525
0.168431 0.019219 0.286480
0.168346 0.019073 0.286436
0.168202 0.018980 0.286462
0.168117 0.018834 0.286417
0.168033 0.018688 0.286373
0.167948 0.018542 0.286329
0.167863 0.018396 0.286284
0.167837 0.018196 0.286169
0.167811 0.017995 0.286054
0.167785 0.017794 0.285939
0.167700 0.017647 0.285895
0.167674 0.017446 0.285779
0.167647 0.017244 0.285664
0.167620 0.017041 0.285548
0.167534 0.016894 0.285504
0.167507 0.016691 0.285388
0.167421 0.016543 0.285343
0.167393 0.016339 0.285227
0.167308 0.016192 0.285182
0.167222 0.016044 0.285137
0.167136 0.015896 0.285093
0.167108 0.015691 0.284976
0.167022 0.015543 0.284931
0.166936 0.015396 0.284886
0.166907 0.015190 0.284770
0.166821 0.015042 0.284725
0.166735 0.014894 0.284680
0.166649 0.014745 0.284635
0.166563 0.014597 0.284590
0.166478 0.014449 0.284545
0.166448 0.014242 0.284428
0.166362 0.014094 0.284383
0.166331 0.013886 0.284266
0.166245 0.013737 0.284221
0.166215 0.013529 0.284103
0.166128 0.013380 0.284058
0.166042 0.013231 0.284013
0.165956 0.013082 0.283968
0.165870 0.012934 0.283922
0.165783 0.012785 0.283877
0.165752 0.012575 0.283759
0.165665 0.012426 0.283714
0.165634 0.012215 0.283596
0.181767 0.029317 0.284825
0.181531 0.029221 0.284904
0.181365 0.029092 0.284919
0.181130 0.028997 0.284999
0.180825 0.028938 0.285143
0.180661 0.028811 0.285159
0.180427 0.028719 0.285239
0.180263 0.028592 0.285255
0.179961 0.028538 0.285401
0.179728 0.028448 0.285483
0.179427 0.028396 0.285629
0.179196 0.028308 0.285711
0.179103 0.028149 0.285663
0.178873 0.028063 0.285745
0.178643 0.027978 0.285828
0.178413 0.027893 0.285911
0.178253 0.027772 0.285928
0.178024 0.027689 0.286011
0.177865 0.027570 0.286029
0.177637 0.027488 0.286113
0.177409 0.027408 0.286197
0.177115 0.027366 0.286347
0.176956 0.027249 0.286366
0.176731 0.027171 0.286451
0.176505 0.027094 0.286536
0.176280 0.027017 0.286621
0.176056 0.026942 0.286707
0.175832 0.026867 0.286792
0.175676 0.026754 0.286812
0.175453 0.026681 0.286898
0.175298 0.026568 0.286918
0.175142 0.026456 0.286939
0.174987 0.026344 0.286959
0.174832 0.026233 0.286979
0.174678 0.026122 0.287000
0.174523 0.026012 0.287021
0.174369 0.025902 0.287041
0.174216 0.025792 0.287062
0.174062 0.025683 0.287083
0.173843 0.025617 0.287172
0.173690 0.025509 0.287193
0.173537 0.025401 0.287215
0.173385 0.025294 0.287236
0.173233 0.025187 0.287258
0.173081 0.025081 0.287280
0.172929 0.024975 0.287302
0.172777 0.024869 0.287324
0.172691 0.024720 0.287279
0.172540 0.024616 0.287301
0.172454 0.024467 0.287256
0.172367 0.024318 0.287211
0.172281 0.024169 0.287166
0.172195 0.024021 0.287121
0.172044 0.023917 0.287143
0.171958 0.023769 0.287098
0.171872 0.023620 0.287053
0.171786 0.023471 0.287008
0.171636 0.023369 0.287031
0.171550 0.023221 0.286986
0.171401 0.023119 0.287009
0.171315 0.022971 0.286964
0.171229 0.022823 0.286919
0.171080 0.022722 0.286943
0.170994 0.022574 0.286898
0.170908 0.022426 0.286853
0.170760 0.022326 0.286877
0.170674 0.022178 0.286832
0.170526 0.022078 0.286856
0.170378 0.021979 0.286880
0.170231 0.021881 0.286904
0.170146 0.021734 0.286860
0.169998 0.021636 0.286884
0.169852 0.021538 0.286909
0.169767 0.021391 0.286864
0.169681 0.021245 0.286819
0.169596 0.021098 0.286775
0.169511 0.020952 0.286730
0.169426 0.020805 0.286686
0.169341 0.020658 0.286641
0.169256 0.020512 0.286597
0.169171 0.020365 0.286552
0.169086 0.020219 0.286508
0.169001 0.020072 0.286463
0.168916 0.019925 0.286418
0.168831 0.019779 0.286374
0.168746 0.019632 0.286329
0.168661 0.019486 0.286285
0.168576 0.019339 0.286240
0.168491 0.019192 0.286196
0.168406 0.019046 0.286151
0.168261 0.018952 0.286177
0.168176 0.018806 0.286133
0.168091 0.018659 0.286088
0.168006 0.018513 0.286044
0.167980 0.018313 0.285928
0.167895 0.018166 0.285884
0.167869 0.017965 0.285769
0.167784 0.017818 0.285724
0.167757 0.017617 0.285608
0.167730 0.017415 0.285493
0.167703 0.017212 0.285377
0.167617 0.017065 0.285332
0.167590 0.016862 0.285216
0.167504 0.016714 0.285171
0.167476 0.016510 0.285055
0.167390 0.016362 0.285010
0.167305 0.016214 0.284965
0.167219 0.016067 0.284920
0.167133 0.015919 0.284875
0.167104 0.015714 0.284759
0.167018 0.015566 0.284714
0.166932 0.015417 0.284669
0.166846 0.015269 0.284624
0.166761 0.015121 0.284579
0.166675 0.014973 0.284534
0.166645 0.014767 0.284417
0.166559 0.014618 0.284372
0.166473 0.014470 0.284327
0.166387 0.014322 0.284282
0.166357 0.014114 0.284164
0.166271 0.013966 0.284119
0.166184 0.013817 0.284074
0.166154 0.013609 0.283957
0.166067 0.013460 0.283911
0.165981 0.013311 0.283866
0.165895 0.013162 0.283821
0.165809 0.013014 0.283776
0.165722 0.012865 0.283731
0.165691 0.012655 0.283612
0.165604 0.012506 0.283567
0.181700 0.029405 0.284663
0.181464 0.029309 0.284743
0.181298 0.029179 0.284758
0.181063 0.029085 0.284838
0.180899 0.028956 0.284853
0.180664 0.028863 0.284934
0.180431 0.028771 0.285015
0.180197 0.028679 0.285096
0.179964 0.028589 0.285177
0.179732 0.028499 0.285259
0.179500 0.028410 0.285341
0.179269 0.028322 0.285423
0.179176 0.028162 0.285375
0.178946 0.028075 0.285457
0.178715 0.027989 0.285540
0.178486 0.027904 0.285623
0.178325 0.027783 0.285641
0.178097 0.027699 0.285725
0.177868 0.027617 0.285808
0.177641 0.027535 0.285892
0.177413 0.027454 0.285977
0.177187 0.027373 0.286061
0.176960 0.027294 0.286146
0.176735 0.027216 0.286231
0.176509 0.027138 0.286317
0.176285 0.027061 0.286402
0.176060 0.026985 0.286488
0.175837 0.026910 0.286575
0.175680 0.026796 0.286594
0.175457 0.026723 0.286681
0.175302 0.026610 0.286701
0.175146 0.026498 0.286722
0.174991 0.026386 0.286742
0.174837 0.026274 0.286763
0.174682 0.026163 0.286783
0.174528 0.026052 0.286804
0.174373 0.025942 0.286825
0.174220 0.025832 0.286846
0.174066 0.025722 0.286867
0.173913 0.025613 0.286889
0.173694 0.025547 0.286978
0.173541 0.025439 0.286999
0.173389 0.025332 0.287021
0.173236 0.025225 0.287043
0.173084 0.025118 0.287065
0.172933 0.025012 0.287087
0.172781 0.024906 0.287110
0.172695 0.024757 0.287064
0.172608 0.024608 0.287019
0.172457 0.024503 0.287042
0.172371 0.024354 0.286996
0.172284 0.024205 0.286951
0.172198 0.024056 0.286906
0.172111 0.023907 0.286861
0.172025 0.023758 0.286815
0.171938 0.023609 0.286770
0.171788 0.023506 0.286793
0.171702 0.023357 0.286748
0.171616 0.023208 0.286703
0.171530 0.023059 0.286658
0.171380 0.022957 0.286681
0.171294 0.022809 0.286636
0.171208 0.022660 0.286591
0.171122 0.022512 0.286546
0.171035 0.022363 0.286500
0.170824 0.022310 0.286593
0.170738 0.022162 0.286548
0.170590 0.022062 0.286572
0.170442 0.021962 0.286596
0.170295 0.021863 0.286621
0.170147 0.021764 0.286645
0.170000 0.021666 0.286670
0.169915 0.021519 0.286625
0.169768 0.021421 0.286650
0.169683 0.021274 0.286605
0.169598 0.021127 0.286561
0.169512 0.020980 0.286516
0.169427 0.020834 0.286472
0.169342 0.020687 0.286427
0.169257 0.020540 0.286382
0.169172 0.020393 0.286338
0.169086 0.020246 0.286293
0.169001 0.020100 0.286248
0.168976 0.019901 0.286134
0.168891 0.019754 0.286089
0.168806 0.019607 0.286044
0.168720 0.019460 0.286000
0.168635 0.019313 0.285955
0.168550 0.019166 0.285910
0.168464 0.019019 0.285866
0.168320 0.018925 0.285892
0.168235 0.018778 0.285847
0.168149 0.018631 0.285802
0.168064 0.018484 0.285758
0.168038 0.018284 0.285642
0.167953 0.018137 0.285598
0.167926 0.017936 0.285482
0.167841 0.017788 0.285437
0.167814 0.017586 0.285321
0.167786 0.017384 0.285205
0.167701 0.017236 0.285160
0.167673 0.017033 0.285044
0.167587 0.016885 0.284999
0.167501 0.016738 0.284954
0.167473 0.016534 0.284838
0.167387 0.016386 0.284793
0.167301 0.016238 0.284748
0.167215 0.016089 0.284703
0.167129 0.015941 0.284658
0.167101 0.015736 0.284541
0.167015 0.015588 0.284496
0.166928 0.015440 0.284451
0.166842 0.015291 0.284406
0.166756 0.015143 0.284361
0.166670 0.014995 0.284316
0.166584 0.014846 0.284271
0.166498 0.014698 0.284226
0.166468 0.014491 0.284108
0.166382 0.014342 0.284063
0.166296 0.014194 0.284018
0.166210 0.014045 0.283973
0.166179 0.013837 0.283855
0.166093 0.013689 0.283810
0.166006 0.013540 0.283765
0.165920 0.013391 0.283719
0.165834 0.013242 0.283674
0.165748 0.013094 0.283629
0.165661 0.012945 0.283584
0.165575 0.012796 0.283539
0.165543 0.012586 0.283420
0.181869 0.029591 0.284421
0.181703 0.029460 0.284436
0.181467 0.029363 0.284516
0.181302 0.029233 0.284531
0.181066 0.029138 0.284612
0.180902 0.029009 0.284628
0.180668 0.028916 0.284709
0.180504 0.028788 0.284724
0.180270 0.028696 0.284806
0.180037 0.028605 0.284888
0.179805 0.028514 0.284970
0.179573 0.028425 0.285052
0.179342 0.028336 0.285134
0.179249 0.028176 0.285086
0.179018 0.028088 0.285169
0.178788 0.028002 0.285252
0.178558 0.027916 0.285335
0.178397 0.027794 0.285353
0.178169 0.027710 0.285437
0.177872 0.027664 0.285587
0.177644 0.027581 0.285671
0.177417 0.027500 0.285756
0.177190 0.027419 0.285841
0.176964 0.027340 0.285926
0.176739 0.027261 0.286012
0.176513 0.027183 0.286098
0.176289 0.027105 0.286184
0.176064 0.027029 0.286270
0.175841 0.026954 0.286356
0.175684 0.026839 0.286376
0.175462 0.026765 0.286463
0.175306 0.026652 0.286484
0.175151 0.026539 0.286504
0.174995 0.026427 0.286525
0.174841 0.026315 0.286545
0.174686 0.026204 0.286566
0.174531 0.026093 0.286587
0.174377 0.025982 0.286608
0.174223 0.025872 0.286630
0.174070 0.025762 0.286651
0.173916 0.025653 0.286673
0.173698 0.025586 0.286762
0.173545 0.025478 0.286784
0.173392 0.025370 0.286806
0.173240 0.025262 0.286828
0.173088 0.025155 0.286850
0.172936 0.025049 0.286872
0.172849 0.024899 0.286827
0.172698 0.024793 0.286849
0.172611 0.024644 0.286804
0.172525 0.024494 0.286758
0.172438 0.024345 0.286713
0.172351 0.024196 0.286668
0.172201 0.024091 0.286691
0.172114 0.023942 0.286645
0.172028 0.023793 0.286600
0.171941 0.023644 0.286555
0.171855 0.023494 0.286509
0.171768 0.023345 0.286464
0.171681 0.023196 0.286419
0.171595 0.023047 0.286373
0.171445 0.022944 0.286397
0.171359 0.022795 0.286352
0.171210 0.022693 0.286375
0.171123 0.022544 0.286330
0.171037 0.022396 0.286285
0.170888 0.022294 0.286309
0.170802 0.022146 0.286264
0.170654 0.022045 0.286288
0.170506 0.021945 0.286312
0.170358 0.021845 0.286337
0.170210 0.021746 0.286361
0.170001 0.021696 0.286455
0.169916 0.021549 0.286411
0.169769 0.021451 0.286436
0.169684 0.021304 0.286391
0.169599 0.021157 0.286346
0.169513 0.021010 0.286302
0.169428 0.020862 0.286257
0.169343 0.020715 0.286212
0.169318 0.020518 0.286097
0.169233 0.020371 0.286053
0.169147 0.020223 0.286008
0.169062 0.020076 0.285963
0.169036 0.019878 0.285848
0.168951 0.019730 0.285803
0.168865 0.019583 0.285758
0.168780 0.019435 0.285714
0.168694 0.019288 0.285669
0.168609 0.019140 0.285624
0.168523 0.018993 0.285579
0.168437 0.018845 0.285534
0.168352 0.018698 0.285490
0.168266 0.018550 0.285445
0.168181 0.018403 0.285400
0.168095 0.018255 0.285355
0.168068 0.018054 0.285239
0.167983 0.017906 0.285194
0.167955 0.017704 0.285078
0.167870 0.017557 0.285033
0.167842 0.017354 0.284917
0.167756 0.017206 0.284872
0.167670 0.017058 0.284827
0.167584 0.016910 0.284782
0.167556 0.016706 0.284665
0.167470 0.016558 0.284620
0.167384 0.016409 0.284575
0.167298 0.016261 0.284530
0.167212 0.016113 0.284485
0.167126 0.015964 0.284440
0.167040 0.015816 0.284395
0.167011 0.015611 0.284278
0.166924 0.015462 0.284233
0.166838 0.015313 0.284187
0.166752 0.015165 0.284142
0.166666 0.015016 0.284097
0.166580 0.014868 0.284052
0.166493 0.014719 0.284007
0.166407 0.014571 0.283962
0.166321 0.014422 0.283917
0.166291 0.014215 0.283799
0.166204 0.014066 0.283754
0.166118 0.013917 0.283708
0.166032 0.013768 0.283663
0.165945 0.013620 0.283618
0.165859 0.013471 0.283573
0.165773 0.013322 0.283528
0.165687 0.013174 0.283482
0.165600 0.013025 0.283437
0.165514 0.012876 0.283392
0.181801 0.029679 0.284259
0.181636 0.029548 0.284274
0.181470 0.029417 0.284289
0.181305 0.029287 0.284305
0.181140 0.029157 0.284320
0.180905 0.029063 0.284401
0.180740 0.028934 0.284417
0.180576 0.028806 0.284433
0.180343 0.028713 0.284515
0.180110 0.028621 0.284597
0.179947 0.028494 0.284614
0.179714 0.028404 0.284696
0.179483 0.028314 0.284779
0.179389 0.028153 0.284730
0.179090 0.028101 0.284879
0.178928 0.027978 0.284896
0.178630 0.027928 0.285046
0.178401 0.027842 0.285130
0.178172 0.027758 0.285214
0.177944 0.027674 0.285299
0.177716 0.027591 0.285384
0.177489 0.027509 0.285469
0.177194 0.027465 0.285620
0.176968 0.027385 0.285706
0.176742 0.027306 0.285792
0.176517 0.027227 0.285878
0.176292 0.027150 0.285964
0.176068 0.027073 0.286051
0.175845 0.026997 0.286138
0.175688 0.026882 0.286158
0.175465 0.026808 0.286245
0.175310 0.026694 0.286266
0.175154 0.026581 0.286286
0.174999 0.026469 0.286307
0.174844 0.026356 0.286328
0.174690 0.026245 0.286349
0.174535 0.026133 0.286370
0.174381 0.026022 0.286391
0.174227 0.025912 0.286413
0.174073 0.025802 0.286434
0.173920 0.025692 0.286456
0.173767 0.025583 0.286478
0.173614 0.025474 0.286500
0.173396 0.025408 0.286590
0.173309 0.025258 0.286544
0.173092 0.025193 0.286634
0.173005 0.025043 0.286589
0.172853 0.024936 0.286611
0.172701 0.024830 0.286634
0.172615 0.024680 0.286588
0.172528 0.024531 0.286543
0.172441 0.024381 0.286497
0.172354 0.024232 0.286452
0.172267 0.024082 0.286406
0.172181 0.023932 0.286361
0.172094 0.023783 0.286316
0.172007 0.023633 0.286270
0.171920 0.023484 0.286225
0.171770 0.023380 0.286248
0.171683 0.023230 0.286203
0.171597 0.023081 0.286157
0.171510 0.022932 0.286112
0.171361 0.022829 0.286136
0.171274 0.022680 0.286090
0.171188 0.022530 0.286045
0.171101 0.022381 0.286000
0.170952 0.022279 0.286024
0.170866 0.022130 0.285978
0.170779 0.021981 0.285933
0.170569 0.021929 0.286027
0.170421 0.021828 0.286051
0.170273 0.021728 0.286076
0.170126 0.021629 0.286101
0.169978 0.021530 0.286126
0.169831 0.021431 0.286151
0.169746 0.021284 0.286106
0.169660 0.021137 0.286061
0.169575 0.020989 0.286016
0.169489 0.020842 0.285972
0.169404 0.020694 0.285927
0.169379 0.020496 0.285812
0.169293 0.020349 0.285767
0.169207 0.020201 0.285722
0.169122 0.020053 0.285677
0.169096 0.019854 0.285562
0.169010 0.019706 0.285517
0.168924 0.019559 0.285472
0.168839 0.019411 0.285427
0.168753 0.019263 0.285382
0.168667 0.019115 0.285337
0.168581 0.018967 0.285292
0.168495 0.018819 0.285247
0.168410 0.018671 0.285202
0.168324 0.018523 0.285157
0.168297 0.018322 0.285041
0.168211 0.018174 0.284996
0.168125 0.018026 0.284951
0.168039 0.017878 0.284906
0.168012 0.017675 0.284790
0.167926 0.017527 0.284744
0.167839 0.017379 0.284699
0.167811 0.017176 0.284583
0.167725 0.017027 0.284537
0.167639 0.016879 0.284492
0.167553 0.016730 0.284447
0.167467 0.016582 0.284402
0.167381 0.016433 0.284357
0.167294 0.016284 0.284312
0.167208 0.016136 0.284267
0.167122 0.015987 0.284222
0.167036 0.015839 0.284176
0.166950 0.015690 0.284131
0.166863 0.015542 0.284086
0.166777 0.015393 0.284041
0.166691 0.015245 0.283996
0.166605 0.015096 0.283951
0.166519 0.014948 0.283906
0.166489 0.014741 0.283788
0.166402 0.014592 0.283743
0.166316 0.014443 0.283697
0.166230 0.014295 0.283652
0.166199 0.014087 0.283534
0.166112 0.013938 0.283489
0.166026 0.013789 0.283444
0.165940 0.013640 0.283398
0.165853 0.013491 0.283353
0.165767 0.013342 0.283308
0.165680 0.013193 0.283262
0.165594 0.013044 0.283217
0.181638 0.029603 0.284047
0.181473 0.029472 0.284062
0.181307 0.029341 0.284078
0.181142 0.029211 0.284093
0.180977 0.029082 0.284109
0.180813 0.028953 0.284125
0.180648 0.028824 0.284141
0.180484 0.028695 0.284157
0.180251 0.028603 0.284240
0.180088 0.028475 0.284256
0.179855 0.028384 0.284339
0.179624 0.028294 0.284422
0.179530 0.028132 0.284373
0.179230 0.028079 0.284522
0.179000 0.027991 0.284606
0.178770 0.027904 0.284690
0.178472 0.027854 0.284841
0.178175 0.027806 0.284992
0.177947 0.027721 0.285076
0.177651 0.027675 0.285228
0.177424 0.027593 0.285313
0.177198 0.027512 0.285399
0.176971 0.027431 0.285485
0.176746 0.027351 0.285571
0.176521 0.027272 0.285658
0.176229 0.027233 0.285811
0.176072 0.027117 0.285831
0.175781 0.027080 0.285986
0.175625 0.026965 0.286006
0.175403 0.026890 0.286094
0.175247 0.026777 0.286115
0.175158 0.026624 0.286068
0.174937 0.026551 0.286156
0.174782 0.026438 0.286178
0.174693 0.026286 0.286131
0.174539 0.026174 0.286152
0.174385 0.026063 0.286174
0.174231 0.025952 0.286195
0.174077 0.025842 0.286217
0.173923 0.025732 0.286239
0.173770 0.025622 0.286261
0.173617 0.025513 0.286283
0.173464 0.025404 0.286305
0.173312 0.025296 0.286327
0.173160 0.025188 0.286350
0.173008 0.025081 0.286372
0.172856 0.024974 0.286395
0.172769 0.024823 0.286349
0.172618 0.024717 0.286372
0.172531 0.024567 0.286327
0.172444 0.024417 0.286281
0.172357 0.024268 0.286236
0.172270 0.024118 0.286190
0.172183 0.023968 0.286145
0.172096 0.023818 0.286099
0.171946 0.023714 0.286123
0.171859 0.023564 0.286077
0.171772 0.023414 0.286032
0.171685 0.023265 0.285986
0.171598 0.023115 0.285941
0.171512 0.022966 0.285895
0.171425 0.022816 0.285850
0.171338 0.022666 0.285804
0.171251 0.022517 0.285759
0.171102 0.022414 0.285783
0.170953 0.022312 0.285807
0.170867 0.022163 0.285762
0.170780 0.022014 0.285717
0.170632 0.021913 0.285741
0.170545 0.021764 0.285696
0.170521 0.021566 0.285581
0.170188 0.021611 0.285815
0.170041 0.021512 0.285840
0.169955 0.021364 0.285795
0.169808 0.021265 0.285820
0.169722 0.021117 0.285775
0.169636 0.020969 0.285730
0.169550 0.020821 0.285685
0.169464 0.020673 0.285641
0.169439 0.020475 0.285525
0.169353 0.020327 0.285480
0.169267 0.020179 0.285435
0.169181 0.020031 0.285390
0.169155 0.019832 0.285274
0.169069 0.019683 0.285229
0.168983 0.019535 0.285184
0.168897 0.019387 0.285139
0.168811 0.019238 0.285094
0.168785 0.019038 0.284978
0.168698 0.018889 0.284933
0.168612 0.018741 0.284888
0.168526 0.018592 0.284842
0.168440 0.018444 0.284797
0.168354 0.018295 0.284752
0.168268 0.018147 0.284707
0.168240 0.017944 0.284590
0.168154 0.017796 0.284545
0.168067 0.017647 0.284500
0.167981 0.017498 0.284455
0.167895 0.017349 0.284410
0.167808 0.017201 0.284364
0.167664 0.017107 0.284391
0.167578 0.016958 0.284346
0.167492 0.016810 0.284301
0.167406 0.016661 0.284256
0.167320 0.016513 0.284211
0.167233 0.016364 0.284165
0.167147 0.016216 0.284120
0.167061 0.016067 0.284075
0.167032 0.015862 0.283958
0.166945 0.015713 0.283912
0.166859 0.015565 0.283867
0.166773 0.015416 0.283822
0.166686 0.015267 0.283777
0.166600 0.015118 0.283732
0.166514 0.014970 0.283686
0.166428 0.014821 0.283641
0.166341 0.014672 0.283596
0.166255 0.014523 0.283551
0.166169 0.014375 0.283506
0.166138 0.014167 0.283387
0.166051 0.014018 0.283342
0.165965 0.013869 0.283297
0.165879 0.013720 0.283251
0.165792 0.013571 0.283206
0.165706 0.013422 0.283161
0.165619 0.013273 0.283116
0.181476 0.029527 0.283834
0.181310 0.029396 0.283850
0.181215 0.029232 0.283800
0.181050 0.029101 0.283816
0.180955 0.028937 0.283766
0.180720 0.028842 0.283848
0.180556 0.028713 0.283865
0.180392 0.028585 0.283881
0.180228 0.028457 0.283898
0.179996 0.028365 0.283981
0.179695 0.028309 0.284130
0.179601 0.028147 0.284081
0.179370 0.028057 0.284164
0.179071 0.028005 0.284315
0.178841 0.027917 0.284399
0.178543 0.027866 0.284550
0.178246 0.027817 0.284702
0.178154 0.027658 0.284653
0.177654 0.027723 0.285006
0.177360 0.027678 0.285158
0.177201 0.027558 0.285178
0.176975 0.027477 0.285264
0.176749 0.027397 0.285350
0.176457 0.027356 0.285504
0.176232 0.027278 0.285592
0.176009 0.027200 0.285679
0.175785 0.027123 0.285767
0.175629 0.027008 0.285787
0.175406 0.026933 0.285875
0.175251 0.026819 0.285896
0.175095 0.026706 0.285917
0.174940 0.026593 0.285938
0.174785 0.026480 0.285959
0.174697 0.026327 0.285913
0.174542 0.026215 0.285934
0.174388 0.026104 0.285956
0.174234 0.025992 0.285978
0.174080 0.025882 0.285999
0.173927 0.025771 0.286021
0.173773 0.025661 0.286043
0.173620 0.025552 0.286066
0.173468 0.025443 0.286088
0.173315 0.025334 0.286110
0.173163 0.025226 0.286133
0.173011 0.025118 0.286156
0.172859 0.025011 0.286179
0.172772 0.024861 0.286133
0.172620 0.024754 0.286156
0.172533 0.024604 0.286110
0.172446 0.024454 0.286065
0.172359 0.024304 0.286019
0.172272 0.024154 0.285974
0.172122 0.024049 0.285997
0.172035 0.023899 0.285951
0.171948 0.023749 0.285906
0.171861 0.023599 0.285860
0.171774 0.023449 0.285815
0.171687 0.023300 0.285769
0.171600 0.023150 0.285724
0.171513 0.023000 0.285678
0.171426 0.022850 0.285633
0.171277 0.022747 0.285657
0.171190 0.022597 0.285611
0.171103 0.022448 0.285566
0.171016 0.022298 0.285521
0.170930 0.022148 0.285475
0.170781 0.022046 0.285500
0.170632 0.021945 0.285524
0.170546 0.021796 0.285479
0.170459 0.021647 0.285433
0.170434 0.021449 0.285318
0.170016 0.021346 0.285508
0.169930 0.021197 0.285463
0.169783 0.021098 0.285489
0.169697 0.020950 0.285444
0.169672 0.020751 0.285328
0.169585 0.020603 0.285283
0.169499 0.020454 0.285238
0.169413 0.020306 0.285192
0.169327 0.020157 0.285147
0.169241 0.020009 0.285102
0.169214 0.019809 0.284986
0.169128 0.019661 0.284941
0.169042 0.019512 0.284896
0.168956 0.019363 0.284851
0.168869 0.019214 0.284805
0.168842 0.019014 0.284689
0.168756 0.018865 0.284644
0.168669 0.018716 0.284598
0.168583 0.018567 0.284553
0.168497 0.018418 0.284508
0.168410 0.018269 0.284462
0.168324 0.018120 0.284417
0.168237 0.017971 0.284372
0.168151 0.017822 0.284327
0.168064 0.017673 0.284281
0.167978 0.017524 0.284236
0.167834 0.017429 0.284263
0.167747 0.017281 0.284218
0.167661 0.017132 0.284173
0.167575 0.016983 0.284127
0.167489 0.016834 0.284082
0.167402 0.016686 0.284037
0.167316 0.016537 0.283992
0.167230 0.016388 0.283947
0.167143 0.016239 0.283901
0.167057 0.016091 0.283856
0.166971 0.015942 0.283811
0.166884 0.015793 0.283766
0.166798 0.015645 0.283720
0.166712 0.015496 0.283675
0.166626 0.015347 0.283630
0.166595 0.015141 0.283512
0.166509 0.014992 0.283467
0.166422 0.014843 0.283421
0.166336 0.014694 0.283376
0.166250 0.014545 0.283331
0.166163 0.014396 0.283286
0.166077 0.014247 0.283240
0.165990 0.014098 0.283195
0.165904 0.013949 0.283150
0.165817 0.013800 0.283105
0.165731 0.013651 0.283059
0.165645 0.013502 0.283014
0.181478 0.029582 0.283606
0.181382 0.029417 0.283556
0.181287 0.029252 0.283506
0.181122 0.029122 0.283522
0.180957 0.028991 0.283538
0.180861 0.028827 0.283488
0.180697 0.028697 0.283505
0.180533 0.028568 0.283521
0.180368 0.028439 0.283538
0.180273 0.028276 0.283488
0.179835 0.028290 0.283771
0.179740 0.028127 0.283721
0.179646 0.027964 0.283672
0.179278 0.027946 0.283889
0.178980 0.027894 0.284041
0.178614 0.027879 0.284259
0.178249 0.027866 0.284478
0.178088 0.027744 0.284496
0.177590 0.027808 0.284850
0.177363 0.027725 0.284936
0.177136 0.027643 0.285023
0.176911 0.027561 0.285109
0.176685 0.027481 0.285196
0.176460 0.027401 0.285284
0.176303 0.027284 0.285304
0.176012 0.027245 0.285459
0.175789 0.027167 0.285547
0.175566 0.027091 0.285635
0.175410 0.026977 0.285656
0.175254 0.026862 0.285677
0.175032 0.026788 0.285766
0.174944 0.026635 0.285719
0.174789 0.026522 0.285741
0.174700 0.026369 0.285694
0.174480 0.026297 0.285784
0.174391 0.026145 0.285738
0.174237 0.026033 0.285759
0.174083 0.025922 0.285781
0.173930 0.025811 0.285803
0.173776 0.025701 0.285826
0.173623 0.025591 0.285848
0.173470 0.025482 0.285870
0.173318 0.025373 0.285893
0.173166 0.025265 0.285916
0.173014 0.025156 0.285939
0.172862 0.025049 0.285962
0.172774 0.024898 0.285916
0.172623 0.024791 0.285939
0.172536 0.024641 0.285893
0.172449 0.024491 0.285848
0.172362 0.024341 0.285802
0.172211 0.024235 0.285826
0.172124 0.024085 0.285780
0.172037 0.023935 0.285735
0.171950 0.023785 0.285689
0.171863 0.023635 0.285643
0.171775 0.023485 0.285598
0.171688 0.023334 0.285552
0.171601 0.023184 0.285507
0.171514 0.023034 0.285461
0.171427 0.022884 0.285415
0.171340 0.022734 0.285370
0.171253 0.022584 0.285324
0.171166 0.022434 0.285279
0.171017 0.022331 0.285303
0.170930 0.022182 0.285257
0.170781 0.022079 0.285282
0.170695 0.021930 0.285237
0.170608 0.021780 0.285191
0.170460 0.021679 0.285216
0.170373 0.021529 0.285171
0.170347 0.021331 0.285055
0.170261 0.021182 0.285009
0.170113 0.021081 0.285034
0.169844 0.021079 0.285201
0.169758 0.020930 0.285156
0.169671 0.020782 0.285111
0.169585 0.020633 0.285065
0.169559 0.020434 0.284949
0.169473 0.020285 0.284904
0.169386 0.020136 0.284859
0.169360 0.019937 0.284742
0.169273 0.019787 0.284697
0.169187 0.019638 0.284652
0.169100 0.019489 0.284606
0.169013 0.019340 0.284561
0.168927 0.019191 0.284516
0.168840 0.019042 0.284470
0.168813 0.018840 0.284354
0.168726 0.018691 0.284308
0.168640 0.018542 0.284263
0.168553 0.018392 0.284217
0.168466 0.018243 0.284172
0.168380 0.018093 0.284127
0.168293 0.017944 0.284081
0.168148 0.017848 0.284108
0.168061 0.017699 0.284062
0.167975 0.017550 0.284017
0.167888 0.017401 0.283972
0.167802 0.017252 0.283926
0.167658 0.017157 0.283954
0.167571 0.017008 0.283908
0.167485 0.016859 0.283863
0.167398 0.016710 0.283818
0.167312 0.016561 0.283772
0.167226 0.016412 0.283727
0.167139 0.016263 0.283682
0.167053 0.016114 0.283637
0.166966 0.015965 0.283591
0.166880 0.015817 0.283546
0.166793 0.015668 0.283501
0.166707 0.015519 0.283456
0.166621 0.015370 0.283410
0.166534 0.015221 0.283365
0.166448 0.015072 0.283320
0.166417 0.014865 0.283201
0.166331 0.014716 0.283156
0.166244 0.014567 0.283111
0.166157 0.014417 0.283065
0.166071 0.014268 0.283020
0.165984 0.014119 0.282975
0.165953 0.013911 0.282856
0.165866 0.013761 0.282810
0.165779 0.013612 0.282765
0.165693 0.013462 0.282719
0.181385 0.029472 0.283328
0.181289 0.029307 0.283278
0.181193 0.029142 0.283227
0.181028 0.029011 0.283244
0.180933 0.028847 0.283194
0.180768 0.028716 0.283210
0.180603 0.028587 0.283226
0.180439 0.028457 0.283243
0.180206 0.028364 0.283327
0.179974 0.028271 0.283410
0.179879 0.028107 0.283361
0.179785 0.027944 0.283311
0.179690 0.027781 0.283261
0.179118 0.027872 0.283681
0.179024 0.027710 0.283632
0.178387 0.027842 0.284119
0.178023 0.027829 0.284339
0.177593 0.027856 0.284627
0.177366 0.027772 0.284714
0.177139 0.027689 0.284801
0.176914 0.027608 0.284888
0.176688 0.027527 0.284975
0.176463 0.027447 0.285063
0.176239 0.027368 0.285150
0.176015 0.027289 0.285238
0.175792 0.027212 0.285327
0.175569 0.027135 0.285415
0.175347 0.027059 0.285504
0.175257 0.026905 0.285458
0.175036 0.026831 0.285547
0.174947 0.026677 0.285500
0.174792 0.026564 0.285522
0.174637 0.026451 0.285543
0.174483 0.026339 0.285565
0.174394 0.026186 0.285519
0.174240 0.026074 0.285541
0.174086 0.025963 0.285563
0.173933 0.025852 0.285585
0.173779 0.025741 0.285607
0.173626 0.025631 0.285630
0.173473 0.025521 0.285653
0.173321 0.025412 0.285675
0.173168 0.025303 0.285698
0.173016 0.025195 0.285721
0.172929 0.025044 0.285675
0.172777 0.024936 0.285699
0.172625 0.024829 0.285722
0.172538 0.024678 0.285676
0.172451 0.024528 0.285630
0.172364 0.024377 0.285585
0.172213 0.024271 0.285608
0.172126 0.024121 0.285563
0.172038 0.023971 0.285517
0.171951 0.023820 0.285471
0.171864 0.023670 0.285426
0.171714 0.023565 0.285450
0.171627 0.023415 0.285404
0.171540 0.023265 0.285359
0.171453 0.023115 0.285313
0.171366 0.022965 0.285267
0.171279 0.022815 0.285222
0.171192 0.022665 0.285176
0.171105 0.022515 0.285131
0.171018 0.022365 0.285085
0.170931 0.022215 0.285040
0.170844 0.022065 0.284994
0.170695 0.021962 0.285019
0.170608 0.021813 0.284973
0.170521 0.021663 0.284928
0.170373 0.021561 0.284953
0.170286 0.021412 0.284907
0.170199 0.021262 0.284862
0.170052 0.021161 0.284887
0.169965 0.021012 0.284842
0.169878 0.020863 0.284796
0.169792 0.020713 0.284751
0.169705 0.020564 0.284706
0.169618 0.020414 0.284660
0.169532 0.020265 0.284615
0.169445 0.020116 0.284569
0.169358 0.019966 0.284524
0.169272 0.019817 0.284479
0.169185 0.019667 0.284433
0.169158 0.019467 0.284316
0.169071 0.019317 0.284271
0.168984 0.019168 0.284225
0.168897 0.019018 0.284180
0.168811 0.018869 0.284135
0.168724 0.018719 0.284089
0.168637 0.018569 0.284044
0.168550 0.018420 0.283998
0.168463 0.018270 0.283953
0.168377 0.018121 0.283907
0.168290 0.017971 0.283862
0.168203 0.017821 0.283816
0.168058 0.017726 0.283843
0.167972 0.017576 0.283798
0.167885 0.017427 0.283752
0.167798 0.017277 0.283707
0.167654 0.017183 0.283734
0.167568 0.017033 0.283689
0.167481 0.016884 0.283643
0.167395 0.016735 0.283598
0.167308 0.016586 0.283553
0.167221 0.016437 0.283507
0.167135 0.016288 0.283462
0.167048 0.016138 0.283417
0.166962 0.015989 0.283371
0.166875 0.015840 0.283326
0.166789 0.015691 0.283281
0.166702 0.015542 0.283235
0.166616 0.015393 0.283190
0.166529 0.015243 0.283145
0.166498 0.015037 0.283026
0.166412 0.014887 0.282981
0.166380 0.014680 0.282862
0.166294 0.014530 0.282816
0.166207 0.014381 0.282771
0.166120 0.014231 0.282725
0.166033 0.014081 0.282680
0.166001 0.013873 0.282560
0.165914 0.013723 0.282515
0.165828 0.013573 0.282469
0.181360 0.029329 0.282982
0.181195 0.029197 0.282998
0.181099 0.029032 0.282948
0.181003 0.028867 0.282898
0.180838 0.028736 0.282914
0.180674 0.028606 0.282931
0.180578 0.028441 0.282881
0.180345 0.028346 0.282965
0.180181 0.028217 0.282982
0.179949 0.028124 0.283066
0.179854 0.027961 0.283016
0.179623 0.027869 0.283101
0.179324 0.027814 0.283252
0.178958 0.027797 0.283472
0.178864 0.027635 0.283423
0.177369 0.027820 0.284491
0.177142 0.027737 0.284578
0.176916 0.027654 0.284665
0.176758 0.027535 0.284685
0.176466 0.027493 0.284841
0.176376 0.027336 0.284793
0.176218 0.027219 0.284814
0.175862 0.027217 0.285038
0.175639 0.027140 0.285127
0.175483 0.027025 0.285148
0.175261 0.026949 0.285238
0.175105 0.026834 0.285259
0.174950 0.026720 0.285281
0.174795 0.026606 0.285302
0.174640 0.026493 0.285324
0.174551 0.026340 0.285278
0.174331 0.026268 0.285368
0.174243 0.026115 0.285322
0.174089 0.026004 0.285344
0.173935 0.025892 0.285366
0.173782 0.025781 0.285389
0.173629 0.025671 0.285411
0.173476 0.025561 0.285434
0.173323 0.025451 0.285457
0.173171 0.025342 0.285480
0.173019 0.025233 0.285503
0.172931 0.025082 0.285457
0.172779 0.024974 0.285481
0.172692 0.024823 0.285435
0.172540 0.024716 0.285458
0.172453 0.024565 0.285413
0.172366 0.024414 0.285367
0.172215 0.024308 0.285391
0.172127 0.024157 0.285345
0.172040 0.024007 0.285299
0.171953 0.023856 0.285254
0.171803 0.023751 0.285278
0.171715 0.023601 0.285232
0.171628 0.023450 0.285186
0.171541 0.023300 0.285141
0.171454 0.023150 0.285095
0.171367 0.023000 0.285049
0.171280 0.022849 0.285004
0.171192 0.022699 0.284958
0.171043 0.022596 0.284983
0.170956 0.022446 0.284937
0.170931 0.022249 0.284821
0.170782 0.022146 0.284846
0.170695 0.021996 0.284800
0.170608 0.021846 0.284755
0.170521 0.021695 0.284709
0.170434 0.021545 0.284664
0.170347 0.021395 0.284618
0.170199 0.021294 0.284643
0.170112 0.021144 0.284598
0.170025 0.020994 0.284552
0.169938 0.020845 0.284507
0.169791 0.020744 0.284533
0.169704 0.020594 0.284487
0.169617 0.020445 0.284442
0.169530 0.020295 0.284396
0.169444 0.020146 0.284351
0.169417 0.019946 0.284234
0.169330 0.019796 0.284188
0.169243 0.019646 0.284143
0.169156 0.019496 0.284097
0.169069 0.019346 0.284052
0.168982 0.019197 0.284006
0.168895 0.019047 0.283961
0.168808 0.018897 0.283915
0.168721 0.018747 0.283870
0.168693 0.018545 0.283752
0.168547 0.018448 0.283778
0.168461 0.018298 0.283733
0.168374 0.018148 0.283687
0.168287 0.017998 0.283642
0.168200 0.017848 0.283596
0.168113 0.017698 0.283551
0.167968 0.017603 0.283578
0.167881 0.017453 0.283532
0.167795 0.017303 0.283487
0.167708 0.017154 0.283442
0.167564 0.017059 0.283469
0.167477 0.016909 0.283423
0.167390 0.016760 0.283378
0.167304 0.016611 0.283333
0.167217 0.016461 0.283287
0.167130 0.016312 0.283242
0.167044 0.016163 0.283197
0.166957 0.016013 0.283151
0.166870 0.015864 0.283106
0.166840 0.015658 0.282987
0.166753 0.015508 0.282941
0.166666 0.015359 0.282896
0.166579 0.015209 0.282851
0.166493 0.015059 0.282805
0.166461 0.014852 0.282686
0.166375 0.014702 0.282640
0.166343 0.014494 0.282521
0.166256 0.014344 0.282475
0.166224 0.014136 0.282356
0.166137 0.013986 0.282310
0.166050 0.013835 0.282264
0.165962 0.013685 0.282219
0.181170 0.029053 0.282652
0.181005 0.028921 0.282668
0.180909 0.028756 0.282618
0.180744 0.028625 0.282635
0.180579 0.028495 0.282652
0.180415 0.028365 0.282668
0.180251 0.028235 0.282686
0.180087 0.028106 0.282703
0.179992 0.027942 0.282653
0.179760 0.027849 0.282738
0.179665 0.027685 0.282688
0.179638 0.027485 0.282570
0.178434 0.027707 0.283485
0.177935 0.027767 0.283842
0.177371 0.027867 0.284267
0.177145 0.027784 0.284355
0.176919 0.027701 0.284443
0.176761 0.027582 0.284463
0.176536 0.027501 0.284551
0.176312 0.027420 0.284639
0.176155 0.027302 0.284660
0.176064 0.027146 0.284613
0.175774 0.027107 0.284770
0.175552 0.027030 0.284859
0.175396 0.026914 0.284881
0.175240 0.026799 0.284902
0.175019 0.026723 0.284992
0.174863 0.026609 0.285014
0.174709 0.026495 0.285036
0.174554 0.026382 0.285058
0.174400 0.026269 0.285080
0.174245 0.026157 0.285102
0.174091 0.026045 0.285125
0.173938 0.025933 0.285147
0.173784 0.025822 0.285170
0.173631 0.025711 0.285193
0.173478 0.025601 0.285215
0.173326 0.025491 0.285239
0.173173 0.025381 0.285262
0.173021 0.025272 0.285285
0.172933 0.025121 0.285239
0.172781 0.025012 0.285263
0.172694 0.024861 0.285217
0.172606 0.024710 0.285171
0.172455 0.024603 0.285194
0.172367 0.024452 0.285149
0.172216 0.024345 0.285173
0.172129 0.024194 0.285127
0.172042 0.024043 0.285081
0.171954 0.023893 0.285035
0.171804 0.023787 0.285059
0.171717 0.023636 0.285014
0.171629 0.023486 0.284968
0.171542 0.023336 0.284922
0.171392 0.023231 0.284947
0.171305 0.023080 0.284901
0.171218 0.022930 0.284856
0.171131 0.022780 0.284810
0.171044 0.022630 0.284764
0.170956 0.022480 0.284719
0.170869 0.022329 0.284673
0.170782 0.022179 0.284627
0.170695 0.022029 0.284582
0.170608 0.021879 0.284536
0.170521 0.021728 0.284490
0.170433 0.021578 0.284445
0.170285 0.021476 0.284470
0.170198 0.021326 0.284425
0.170111 0.021176 0.284379
0.170024 0.021026 0.284333
0.169937 0.020876 0.284288
0.169790 0.020775 0.284314
0.169703 0.020625 0.284268
0.169676 0.020426 0.284151
0.169529 0.020326 0.284177
0.169442 0.020176 0.284132
0.169415 0.019976 0.284014
0.169328 0.019826 0.283969
0.169241 0.019676 0.283923
0.169154 0.019526 0.283877
0.169067 0.019376 0.283832
0.168980 0.019226 0.283786
0.168893 0.019076 0.283741
0.168806 0.018926 0.283695
0.168719 0.018776 0.283650
0.168632 0.018626 0.283604
0.168545 0.018476 0.283558
0.168457 0.018326 0.283513
0.168370 0.018176 0.283467
0.168283 0.018026 0.283422
0.168196 0.017876 0.283376
0.168109 0.017725 0.283330
0.167965 0.017629 0.283358
0.167878 0.017479 0.283312
0.167791 0.017330 0.283267
0.167704 0.017180 0.283221
0.167560 0.017085 0.283249
0.167473 0.016935 0.283203
0.167386 0.016785 0.283158
0.167299 0.016636 0.283112
0.167213 0.016486 0.283067
0.167126 0.016337 0.283021
0.167039 0.016187 0.282976
0.166952 0.016037 0.282930
0.166865 0.015888 0.282885
0.166835 0.015682 0.282766
0.166804 0.015475 0.282647
0.166717 0.015325 0.282601
0.166630 0.015175 0.282555
0.166543 0.015025 0.282510
0.166511 0.014817 0.282390
0.166424 0.014667 0.282345
0.166392 0.014459 0.282225
0.166305 0.014309 0.282179
0.166272 0.014100 0.282059
0.166185 0.013949 0.282013
0.166097 0.013798 0.281968
0.181006 0.028976 0.282438
0.180910 0.028811 0.282388
0.180745 0.028679 0.282405
0.180649 0.028514 0.282354
0.180485 0.028384 0.282371
0.180320 0.028253 0.282389
0.180156 0.028124 0.282406
0.180061 0.027959 0.282356
0.179897 0.027830 0.282373
0.179666 0.027737 0.282459
0.179571 0.027573 0.282409
0.179137 0.027591 0.282698
0.178368 0.027793 0.283326
0.177870 0.027853 0.283684
0.177508 0.027841 0.283908
0.177215 0.027794 0.284063
0.176922 0.027748 0.284219
0.176763 0.027629 0.284240
0.176539 0.027547 0.284328
0.176448 0.027390 0.284281
0.176224 0.027310 0.284370
0.176066 0.027192 0.284391
0.175976 0.027036 0.284343
0.175687 0.026996 0.284501
0.175530 0.026880 0.284522
0.175308 0.026803 0.284613
0.175153 0.026688 0.284634
0.174997 0.026573 0.284656
0.174777 0.026498 0.284747
0.174622 0.026384 0.284769
0.174467 0.026271 0.284791
0.174248 0.026198 0.284882
0.174094 0.026086 0.284905
0.173875 0.026015 0.284997
0.173722 0.025904 0.285020
0.173634 0.025751 0.284973
0.173416 0.025682 0.285066
0.173328 0.025530 0.285020
0.173175 0.025420 0.285043
0.173087 0.025269 0.284997
0.172935 0.025160 0.285020
0.172847 0.025008 0.284974
0.172696 0.024899 0.284998
0.172608 0.024748 0.284952
0.172457 0.024640 0.284976
0.172369 0.024489 0.284930
0.172281 0.024338 0.284884
0.172130 0.024231 0.284908
0.172043 0.024080 0.284862
0.171955 0.023929 0.284816
0.171805 0.023823 0.284841
0.171718 0.023672 0.284795
0.171630 0.023522 0.284749
0.171480 0.023416 0.284774
0.171393 0.023266 0.284728
0.171306 0.023115 0.284683
0.171218 0.022965 0.284637
0.171131 0.022815 0.284591
0.171044 0.022664 0.284545
0.170957 0.022514 0.284500
0.170869 0.022363 0.284454
0.170782 0.022213 0.284408
0.170633 0.022110 0.284434
0.170546 0.021959 0.284388
0.170520 0.021761 0.284271
0.170433 0.021611 0.284225
0.170346 0.021461 0.284180
0.170258 0.021310 0.284134
0.170110 0.021208 0.284160
0.170023 0.021058 0.284114
0.169936 0.020908 0.284068
0.169789 0.020807 0.284094
0.169702 0.020657 0.284049
0.169615 0.020507 0.284003
0.169587 0.020307 0.283886
0.169440 0.020206 0.283912
0.169353 0.020056 0.283866
0.169326 0.019856 0.283749
0.169239 0.019706 0.283703
0.169152 0.019556 0.283657
0.169064 0.019405 0.283612
0.168977 0.019255 0.283566
0.168890 0.019105 0.283520
0.168803 0.018955 0.283475
0.168716 0.018804 0.283429
0.168629 0.018654 0.283384
0.168541 0.018504 0.283338
0.168454 0.018354 0.283292
0.168367 0.018203 0.283247
0.168280 0.018053 0.283201
0.168193 0.017903 0.283155
0.168106 0.017753 0.283110
0.167961 0.017656 0.283137
0.167874 0.017506 0.283091
0.167787 0.017356 0.283046
0.167700 0.017206 0.283000
0.167613 0.017056 0.282955
0.167526 0.016906 0.282909
0.167439 0.016756 0.282863
0.167351 0.016606 0.282818
0.167264 0.016456 0.282772
0.167177 0.016306 0.282727
0.167090 0.016156 0.282681
0.167003 0.016006 0.282635
0.166916 0.015856 0.282590
0.166829 0.015706 0.282544
0.166798 0.015499 0.282425
0.166711 0.015349 0.282379
0.166624 0.015199 0.282333
0.166592 0.014991 0.282214
0.166505 0.014841 0.282168
0.166473 0.014633 0.282048
0.166440 0.014424 0.281928
0.166353 0.014273 0.281882
0.166320 0.014064 0.281762
0.166233 0.013913 0.281716
0.180842 0.028900 0.282225
0.180746 0.028734 0.282174
0.180581 0.028603 0.282191
0.180485 0.028438 0.282141
0.180321 0.028307 0.282158
0.180157 0.028177 0.282176
0.180061 0.028012 0.282126
0.179898 0.027883 0.282143
0.179734 0.027754 0.282161
0.179503 0.027661 0.282247
0.179071 0.027678 0.282537
0.178504 0.027771 0.282963
0.178208 0.027719 0.283118
0.178115 0.027558 0.283070
0.177284 0.027805 0.283771
0.176924 0.027796 0.283996
0.176766 0.027676 0.284016
0.176608 0.027556 0.284037
0.176516 0.027398 0.283989
0.176359 0.027279 0.284010
0.176135 0.027199 0.284099
0.175978 0.027081 0.284120
0.175821 0.026963 0.284142
0.175599 0.026885 0.284232
0.175442 0.026769 0.284253
0.175286 0.026652 0.284275
0.175065 0.026576 0.284366
0.174910 0.026461 0.284388
0.174689 0.026387 0.284479
0.174535 0.026273 0.284501
0.174315 0.026200 0.284593
0.174096 0.026127 0.284685
0.173942 0.026015 0.284708
0.173724 0.025944 0.284800
0.173571 0.025833 0.284823
0.173483 0.025681 0.284777
0.173330 0.025570 0.284800
0.173177 0.025460 0.284824
0.173089 0.025308 0.284777
0.172937 0.025199 0.284801
0.172849 0.025047 0.284755
0.172697 0.024938 0.284779
0.172609 0.024786 0.284733
0.172458 0.024678 0.284757
0.172370 0.024527 0.284711
0.172282 0.024376 0.284665
0.172195 0.024224 0.284619
0.172044 0.024117 0.284643
0.171956 0.023966 0.284597
0.171806 0.023859 0.284622
0.171718 0.023709 0.284576
0.171568 0.023603 0.284601
0.171481 0.023452 0.284555
0.171394 0.023301 0.284509
0.171244 0.023196 0.284534
0.171157 0.023046 0.284488
0.171069 0.022895 0.284443
0.170982 0.022745 0.284397
0.170895 0.022595 0.284351
0.170808 0.022444 0.284306
0.170720 0.022294 0.284260
0.170633 0.022143 0.284214
0.170546 0.021993 0.284168
0.170458 0.021842 0.284123
0.170371 0.021692 0.284077
0.170284 0.021541 0.284031
0.170197 0.021391 0.283986
0.170109 0.021240 0.283940
0.170022 0.021090 0.283894
0.169935 0.020940 0.283848
0.169847 0.020789 0.283803
0.169760 0.020639 0.283757
0.169673 0.020488 0.283711
0.169586 0.020338 0.283666
0.169498 0.020187 0.283620
0.169411 0.020037 0.283574
0.169324 0.019886 0.283528
0.169236 0.019736 0.283483
0.169149 0.019586 0.283437
0.169062 0.019435 0.283391
0.168974 0.019285 0.283346
0.168887 0.019134 0.283300
0.168800 0.018984 0.283254
0.168713 0.018833 0.283208
0.168625 0.018683 0.283163
0.168538 0.018532 0.283117
0.168451 0.018382 0.283071
0.168363 0.018231 0.283025
0.168276 0.018081 0.282980
0.168189 0.017931 0.282934
0.168102 0.017780 0.282888
0.168014 0.017630 0.282843
0.167927 0.017479 0.282797
0.167782 0.017383 0.282824
0.167695 0.017232 0.282779
0.167608 0.017082 0.282733
0.167521 0.016932 0.282688
0.167434 0.016782 0.282642
0.167347 0.016632 0.282596
0.167259 0.016481 0.282551
0.167172 0.016331 0.282505
0.167085 0.016181 0.282459
0.166998 0.016031 0.282414
0.166911 0.015880 0.282368
0.166880 0.015674 0.282248
0.166792 0.015523 0.282203
0.166705 0.015373 0.282157
0.166673 0.015166 0.282037
0.166586 0.015015 0.281991
0.166554 0.014807 0.281871
0.166521 0.014598 0.281751
0.166434 0.014447 0.281705
0.166401 0.014238 0.281584
0.166368 0.014029 0.281464
0.180678 0.028823 0.282011
0.180513 0.028692 0.282028
0.180417 0.028526 0.281978
0.180253 0.028396 0.281996
0.180089 0.028266 0.282013
0.179994 0.028101 0.281963
0.179830 0.027971 0.281981
0.179667 0.027842 0.281999
0.179504 0.027714 0.282017
0.179071 0.027730 0.282308
0.178640 0.027748 0.282599
0.178142 0.027805 0.282960
0.178049 0.027645 0.282911
0.177353 0.027816 0.283478
0.177060 0.027769 0.283635
0.176835 0.027685 0.283724
0.176743 0.027527 0.283676
0.176585 0.027407 0.283697
0.176427 0.027288 0.283717
0.176270 0.027168 0.283738
0.176112 0.027050 0.283760
0.175955 0.026931 0.283781
0.175732 0.026852 0.283871
0.175576 0.026735 0.283893
0.175420 0.026618 0.283914
0.175198 0.026541 0.284005
0.175042 0.026425 0.284027
0.174822 0.026350 0.284119
0.174602 0.026275 0.284210
0.174382 0.026201 0.284302
0.174163 0.026129 0.284395
0.173944 0.026057 0.284487
0.173791 0.025944 0.284510
0.173573 0.025874 0.284603
0.173420 0.025763 0.284627
0.173332 0.025610 0.284580
0.173179 0.025500 0.284604
0.173091 0.025348 0.284558
0.172939 0.025238 0.284581
0.172851 0.025086 0.284535
0.172762 0.024934 0.284489
0.172611 0.024825 0.284513
0.172523 0.024673 0.284467
0.172371 0.024565 0.284491
0.172284 0.024413 0.284445
0.172196 0.024262 0.284399
0.172045 0.024154 0.284424
0.171957 0.024003 0.284378
0.171869 0.023852 0.284332
0.171719 0.023745 0.284357
0.171569 0.023639 0.284381
0.171481 0.023488 0.284336
0.171394 0.023337 0.284290
0.171244 0.023232 0.284315
0.171157 0.023081 0.284269
0.171070 0.022930 0.284223
0.170982 0.022780 0.284178
0.170895 0.022629 0.284132
0.170807 0.022478 0.284086
0.170720 0.022328 0.284040
0.170632 0.022177 0.283994
0.170545 0.022026 0.283949
0.170458 0.021876 0.283903
0.170370 0.021725 0.283857
0.170283 0.021574 0.283811
0.170195 0.021424 0.283765
0.170108 0.021273 0.283720
0.170021 0.021122 0.283674
0.169933 0.020972 0.283628
0.169846 0.020821 0.283582
0.169758 0.020670 0.283537
0.169671 0.020520 0.283491
0.169583 0.020369 0.283445
0.169496 0.020218 0.283399
0.169409 0.020068 0.283353
0.169262 0.019967 0.283380
0.169175 0.019817 0.283334
0.169087 0.019666 0.283289
0.169000 0.019516 0.283243
0.168913 0.019365 0.283197
0.168826 0.019215 0.283151
0.168797 0.019013 0.283033
0.168709 0.018862 0.282987
0.168622 0.018712 0.282941
0.168535 0.018561 0.282896
0.168447 0.018410 0.282850
0.168360 0.018260 0.282804
0.168272 0.018109 0.282758
0.168185 0.017958 0.282712
0.168097 0.017808 0.282667
0.168010 0.017657 0.282621
0.167923 0.017506 0.282575
0.167835 0.017356 0.282529
0.167748 0.017205 0.282484
0.167603 0.017109 0.282511
0.167516 0.016958 0.282466
0.167429 0.016808 0.282420
0.167342 0.016657 0.282374
0.167254 0.016507 0.282329
0.167167 0.016356 0.282283
0.167136 0.016151 0.282163
0.167049 0.016000 0.282117
0.166961 0.015849 0.282071
0.166930 0.015642 0.281951
0.166842 0.015491 0.281906
0.166754 0.015341 0.281860
0.166667 0.015190 0.281814
0.166635 0.014982 0.281693
0.166602 0.014773 0.281573
0.166514 0.014622 0.281527
0.166482 0.014413 0.281406
0.166449 0.014204 0.281286
0.180446 0.028781 0.281865
0.180281 0.028650 0.281883
0.180186 0.028485 0.281833
0.180022 0.028354 0.281851
0.179926 0.028190 0.281800
0.179763 0.028060 0.281819
0.179532 0.027966 0.281905
0.179369 0.027838 0.281923
0.179072 0.027782 0.282079
0.178977 0.027618 0.282029
0.177129 0.027780 0.283341
0.176903 0.027696 0.283431
0.176745 0.027575 0.283451
0.176653 0.027417 0.283403
0.176495 0.027296 0.283424
0.176337 0.027177 0.283445
0.176180 0.027057 0.283466
0.176023 0.026938 0.283488
0.175866 0.026820 0.283509
0.175709 0.026702 0.283531
0.175552 0.026584 0.283552
0.175331 0.026506 0.283644
0.175109 0.026429 0.283735
0.174954 0.026314 0.283757
0.174733 0.026238 0.283849
0.174514 0.026163 0.283941
0.174230 0.026130 0.284104
0.174011 0.026058 0.284196
0.173793 0.025986 0.284289
0.173639 0.025874 0.284313
0.173486 0.025762 0.284336
0.173333 0.025651 0.284360
0.173181 0.025540 0.284384
0.173092 0.025387 0.284337
0.172940 0.025277 0.284361
0.172852 0.025125 0.284315
0.172764 0.024973 0.284269
0.172612 0.024864 0.284293
0.172524 0.024712 0.284247
0.172436 0.024560 0.284201
0.172285 0.024451 0.284225
0.172196 0.024300 0.284179
0.172046 0.024192 0.284204
0.171958 0.024040 0.284158
0.171870 0.023889 0.284112
0.171720 0.023782 0.284137
0.171632 0.023630 0.284091
0.171482 0.023524 0.284116
0.171394 0.023373 0.284070
0.171245 0.023267 0.284095
0.171157 0.023116 0.284049
0.171069 0.022966 0.284003
0.170982 0.022815 0.283958
0.170894 0.022664 0.283912
0.170745 0.022559 0.283937
0.170658 0.022409 0.283892
0.170571 0.022258 0.283846
0.170544 0.022060 0.283728
0.170457 0.021909 0.283682
0.170369 0.021759 0.283637
0.170282 0.021608 0.283591
0.170194 0.021457 0.283545
0.170107 0.021306 0.283499
0.170019 0.021155 0.283453
0.169931 0.021004 0.283407
0.169844 0.020853 0.283362
0.169756 0.020702 0.283316
0.169669 0.020551 0.283270
0.169581 0.020401 0.283224
0.169494 0.020250 0.283178
0.169406 0.020099 0.283132
0.169319 0.019948 0.283086
0.169172 0.019847 0.283113
0.169085 0.019697 0.283068
0.169056 0.019495 0.282949
0.168969 0.019344 0.282903
0.168881 0.019194 0.282857
0.168793 0.019043 0.282811
0.168706 0.018892 0.282766
0.168618 0.018741 0.282720
0.168531 0.018590 0.282674
0.168443 0.018439 0.282628
0.168356 0.018288 0.282582
0.168326 0.018085 0.282463
0.168238 0.017934 0.282417
0.168151 0.017783 0.282371
0.168063 0.017632 0.282325
0.167918 0.017534 0.282353
0.167831 0.017383 0.282307
0.167743 0.017232 0.282261
0.167655 0.017081 0.282215
0.167568 0.016930 0.282169
0.167480 0.016780 0.282124
0.167393 0.016629 0.282078
0.167305 0.016478 0.282032
0.167218 0.016327 0.281986
0.167130 0.016176 0.281940
0.167043 0.016025 0.281894
0.166955 0.015874 0.281849
0.166923 0.015667 0.281728
0.166891 0.015460 0.281608
0.166804 0.015309 0.281562
0.166716 0.015157 0.281516
0.166683 0.014949 0.281395
0.166650 0.014741 0.281274
0.166562 0.014589 0.281228
0.166529 0.014380 0.281107
0.180214 0.028739 0.281720
0.180118 0.028573 0.281670
0.179954 0.028443 0.281688
0.179858 0.028278 0.281638
0.179695 0.028148 0.281656
0.179464 0.028055 0.281743
0.179302 0.027926 0.281762
0.179005 0.027870 0.281917
0.178910 0.027706 0.281868
0.177197 0.027791 0.283047
0.176971 0.027706 0.283137
0.176813 0.027585 0.283157
0.176655 0.027464 0.283178
0.176497 0.027344 0.283199
0.176339 0.027223 0.283221
0.176247 0.027066 0.283173
0.176090 0.026946 0.283194
0.175932 0.026827 0.283216
0.175776 0.026708 0.283237
0.175619 0.026590 0.283259
0.175462 0.026472 0.283281
0.175241 0.026395 0.283372
0.175085 0.026278 0.283395
0.174865 0.026202 0.283487
0.174580 0.026166 0.283649
0.174360 0.026092 0.283742
0.174077 0.026059 0.283905
0.173859 0.025986 0.283998
0.173641 0.025915 0.284092
0.173488 0.025803 0.284115
0.173335 0.025691 0.284139
0.173182 0.025580 0.284163
0.173094 0.025427 0.284117
0.172942 0.025317 0.284141
0.172853 0.025165 0.284095
0.172765 0.025012 0.284048
0.172676 0.024860 0.284002
0.172588 0.024708 0.283956
0.172437 0.024598 0.283980
0.172348 0.024446 0.283934
0.172197 0.024338 0.283959
0.172109 0.024186 0.283912
0.172021 0.024034 0.283866
0.171870 0.023926 0.283891
0.171782 0.023774 0.283845
0.171632 0.023667 0.283870
0.171482 0.023560 0.283895
0.171394 0.023409 0.283849
0.171244 0.023303 0.283875
0.171157 0.023152 0.283829
0.171008 0.023047 0.283855
0.170920 0.022896 0.283809
0.170832 0.022745 0.283763
0.170745 0.022594 0.283717
0.170657 0.022443 0.283671
0.170570 0.022292 0.283625
0.170482 0.022141 0.283580
0.170395 0.021990 0.283534
0.170368 0.021792 0.283416
0.170280 0.021641 0.283370
0.170193 0.021490 0.283324
0.170105 0.021339 0.283278
0.170017 0.021188 0.283232
0.169930 0.021037 0.283186
0.169842 0.020886 0.283140
0.169754 0.020735 0.283094
0.169667 0.020583 0.283048
0.169579 0.020432 0.283003
0.169491 0.020281 0.282957
0.169404 0.020130 0.282911
0.169316 0.019979 0.282865
0.169228 0.019828 0.282819
0.169141 0.019677 0.282773
0.169053 0.019526 0.282727
0.168965 0.019375 0.282681
0.168878 0.019224 0.282635
0.168790 0.019073 0.282589
0.168702 0.018921 0.282543
0.168673 0.018719 0.282424
0.168585 0.018567 0.282378
0.168497 0.018416 0.282332
0.168409 0.018265 0.282286
0.168322 0.018113 0.282240
0.168234 0.017962 0.282194
0.168146 0.017811 0.282148
0.168058 0.017660 0.282102
0.167971 0.017508 0.282056
0.167883 0.017357 0.282010
0.167795 0.017206 0.281964
0.167707 0.017054 0.281918
0.167619 0.016903 0.281872
0.167532 0.016752 0.281826
0.167444 0.016600 0.281780
0.167356 0.016449 0.281734
0.167268 0.016298 0.281688
0.167180 0.016147 0.281642
0.167093 0.015995 0.281597
0.167005 0.015844 0.281551
0.166973 0.015637 0.281430
0.166885 0.015485 0.281384
0.166797 0.015334 0.281338
0.166709 0.015182 0.281292
0.166676 0.014974 0.281171
0.166643 0.014765 0.281050
0.166555 0.014613 0.281003
0.180050 0.028662 0.281507
0.179887 0.028532 0.281525
0.179791 0.028367 0.281475
0.179628 0.028237 0.281494
0.179397 0.028143 0.281581
0.179167 0.028050 0.281668
0.178938 0.027957 0.281756
0.178507 0.027974 0.282051
0.178413 0.027811 0.282001
0.177784 0.027940 0.282504
0.177491 0.027890 0.282662
0.177198 0.027840 0.282821
0.176973 0.027755 0.282911
0.176814 0.027633 0.282932
0.176656 0.027512 0.282953
0.176498 0.027391 0.282974
0.176406 0.027233 0.282926
0.176248 0.027112 0.282947
0.176091 0.026992 0.282969
0.175999 0.026835 0.282921
0.175842 0.026715 0.282943
0.175685 0.026597 0.282965
0.175529 0.026478 0.282986
0.175372 0.026360 0.283009
0.175216 0.026243 0.283031
0.174995 0.026166 0.283123
0.174710 0.026130 0.283286
0.174426 0.026095 0.283449
0.174207 0.026020 0.283542
0.173924 0.025988 0.283706
0.173707 0.025915 0.283800
0.173489 0.025844 0.283894
0.173336 0.025732 0.283918
0.173248 0.025579 0.283872
0.173095 0.025468 0.283896
0.173006 0.025315 0.283849
0.172918 0.025162 0.283803
0.172829 0.025009 0.283756
0.172677 0.024899 0.283781
0.172589 0.024747 0.283735
0.172500 0.024594 0.283688
0.172412 0.024441 0.283642
0.172260 0.024332 0.283667
0.172172 0.024180 0.283620
0.172021 0.024071 0.283645
0.171933 0.023919 0.283599
0.171782 0.023811 0.283624
0.171632 0.023704 0.283649
0.171482 0.023597 0.283675
0.171394 0.023445 0.283629
0.171244 0.023339 0.283654
0.171157 0.023188 0.283608
0.171007 0.023082 0.283634
0.170920 0.022931 0.283588
0.170832 0.022780 0.283542
0.170744 0.022629 0.283496
0.170657 0.022478 0.283450
0.170569 0.022327 0.283405
0.170481 0.022176 0.283359
0.170394 0.022024 0.283313
0.170366 0.021826 0.283195
0.170279 0.021675 0.283149
0.170191 0.021523 0.283103
0.170103 0.021372 0.283057
0.170015 0.021221 0.283011
0.169928 0.021070 0.282965
0.169900 0.020870 0.282846
0.169812 0.020718 0.282800
0.169724 0.020567 0.282754
0.169576 0.020464 0.282781
0.169489 0.020313 0.282735
0.169401 0.020162 0.282689
0.169313 0.020010 0.282643
0.169225 0.019859 0.282597
0.169137 0.019708 0.282551
0.169050 0.019557 0.282505
0.168962 0.019405 0.282459
0.168874 0.019254 0.282413
0.168845 0.019051 0.282293
0.168757 0.018900 0.282247
0.168669 0.018748 0.282201
0.168581 0.018597 0.282155
0.168493 0.018445 0.282109
0.168405 0.018294 0.282063
0.168375 0.018090 0.281943
0.168287 0.017938 0.281897
0.168199 0.017787 0.281851
0.168111 0.017635 0.281805
0.168023 0.017483 0.281759
0.167935 0.017331 0.281713
0.167847 0.017180 0.281667
0.167758 0.017028 0.281621
0.167670 0.016876 0.281574
0.167582 0.016724 0.281528
0.167494 0.016573 0.281482
0.167406 0.016421 0.281436
0.167318 0.016269 0.281390
0.167230 0.016117 0.281344
0.167142 0.015966 0.281298
0.167054 0.015814 0.281252
0.167022 0.015606 0.281131
0.166934 0.015455 0.281085
0.166845 0.015303 0.281038
0.166757 0.015151 0.280992
0.166724 0.014942 0.280871
0.166636 0.014790 0.280825
0.179723 0.028455 0.281313
0.179560 0.028326 0.281331
0.179330 0.028231 0.281419
0.179100 0.028138 0.281507
0.178803 0.028081 0.281664
0.178441 0.028061 0.281891
0.178079 0.028043 0.282118
0.177718 0.028027 0.282346
0.177425 0.027976 0.282505
0.177133 0.027926 0.282664
0.176974 0.027803 0.282685
0.176749 0.027718 0.282775
0.176657 0.027560 0.282727
0.176499 0.027438 0.282748
0.176407 0.027280 0.282700
0.176249 0.027159 0.282722
0.176157 0.027001 0.282674
0.176000 0.026881 0.282695
0.175843 0.026762 0.282717
0.175751 0.026604 0.282669
0.175594 0.026485 0.282691
0.175438 0.026366 0.282714
0.175282 0.026248 0.282736
0.175061 0.026170 0.282829
0.174840 0.026094 0.282921
0.174556 0.026057 0.283085
0.174273 0.026023 0.283249
0.173990 0.025989 0.283413
0.173772 0.025916 0.283507
0.173554 0.025844 0.283602
0.173401 0.025732 0.283626
0.173249 0.025620 0.283650
0.173096 0.025508 0.283674
0.173007 0.025355 0.283628
0.172918 0.025202 0.283581
0.172830 0.025049 0.283535
0.172678 0.024939 0.283559
0.172589 0.024786 0.283513
0.172500 0.024633 0.283466
0.172349 0.024523 0.283491
0.172261 0.024371 0.283445
0.172172 0.024218 0.283399
0.172083 0.024066 0.283352
0.171933 0.023957 0.283377
0.171844 0.023805 0.283331
0.171694 0.023697 0.283356
0.171544 0.023589 0.283382
0.171455 0.023437 0.283336
0.171306 0.023330 0.283361
0.171156 0.023224 0.283387
0.171007 0.023118 0.283413
0.170919 0.022967 0.283367
0.170831 0.022815 0.283321
0.170743 0.022664 0.283275
0.170656 0.022513 0.283229
0.170568 0.022361 0.283183
0.170480 0.022210 0.283137
0.170392 0.022059 0.283091
0.170365 0.021860 0.282973
0.170277 0.021709 0.282927
0.170189 0.021557 0.282881
0.170161 0.021358 0.282762
0.170073 0.021206 0.282716
0.169985 0.021054 0.282670
0.169897 0.020903 0.282624
0.169809 0.020751 0.282578
0.169721 0.020599 0.282531
0.169633 0.020447 0.282485
0.169545 0.020296 0.282439
0.169398 0.020194 0.282466
0.169310 0.020042 0.282420
0.169222 0.019891 0.282374
0.169134 0.019739 0.282328
0.169105 0.019537 0.282209
0.169017 0.019385 0.282163
0.168929 0.019234 0.282117
0.168841 0.019082 0.282070
0.168753 0.018930 0.282024
0.168665 0.018778 0.281978
0.168634 0.018575 0.281858
0.168546 0.018423 0.281812
0.168458 0.018271 0.281766
0.168370 0.018119 0.281720
0.168282 0.017967 0.281674
0.168194 0.017815 0.281627
0.168106 0.017663 0.281581
0.168074 0.017458 0.281461
0.167986 0.017306 0.281414
0.167898 0.017154 0.281368
0.167809 0.017002 0.281322
0.167665 0.016904 0.281350
0.167577 0.016752 0.281304
0.167488 0.016600 0.281258
0.167400 0.016448 0.281212
0.167312 0.016296 0.281166
0.167280 0.016089 0.281045
0.167136 0.015992 0.281073
0.167048 0.015840 0.281027
0.167015 0.015632 0.280906
0.166927 0.015480 0.280860
0.166838 0.015328 0.280813
0.166750 0.015176 0.280767
0.166717 0.014967 0.280645
0.179492 0.028414 0.281169
0.179262 0.028320 0.281257
0.179033 0.028226 0.281345
0.178669 0.028204 0.281572
0.178374 0.028148 0.281731
0.178013 0.028130 0.281959
0.177652 0.028113 0.282187
0.177360 0.028062 0.282347
0.177134 0.027975 0.282437
0.176909 0.027889 0.282528
0.176750 0.027767 0.282549
0.176592 0.027645 0.282571
0.176500 0.027486 0.282522
0.176342 0.027365 0.282544
0.176250 0.027206 0.282496
0.176158 0.027048 0.282448
0.176000 0.026928 0.282469
0.175843 0.026808 0.282491
0.175752 0.026650 0.282443
0.175595 0.026531 0.282466
0.175438 0.026412 0.282488
0.175282 0.026293 0.282510
0.175126 0.026176 0.282533
0.174905 0.026098 0.282626
0.174621 0.026061 0.282790
0.174338 0.026026 0.282955
0.174247 0.025870 0.282907
0.173837 0.025918 0.283214
0.173619 0.025845 0.283309
0.173466 0.025732 0.283333
0.173313 0.025620 0.283357
0.173160 0.025507 0.283381
0.173071 0.025354 0.283335
0.172982 0.025201 0.283288
0.172830 0.025089 0.283313
0.172741 0.024936 0.283266
0.172652 0.024783 0.283220
0.172563 0.024630 0.283173
0.172412 0.024519 0.283198
0.172323 0.024366 0.283151
0.172234 0.024213 0.283105
0.172146 0.024060 0.283058
0.171995 0.023951 0.283084
0.171906 0.023798 0.283037
0.171755 0.023690 0.283063
0.171667 0.023537 0.283016
0.171517 0.023429 0.283042
0.171367 0.023322 0.283068
0.171217 0.023215 0.283094
0.171067 0.023108 0.283120
0.170979 0.022957 0.283074
0.170891 0.022805 0.283027
0.170742 0.022699 0.283054
0.170654 0.022548 0.283008
0.170566 0.022396 0.282962
0.170539 0.022198 0.282843
0.170451 0.022046 0.282797
0.170363 0.021895 0.282751
0.170335 0.021696 0.282632
0.170247 0.021544 0.282586
0.170159 0.021392 0.282540
0.170071 0.021240 0.282493
0.169983 0.021088 0.282447
0.169894 0.020936 0.282401
0.169806 0.020784 0.282355
0.169718 0.020632 0.282309
0.169630 0.020480 0.282263
0.169542 0.020328 0.282216
0.169454 0.020176 0.282170
0.169366 0.020024 0.282124
0.169277 0.019872 0.282078
0.169189 0.019720 0.282032
0.169101 0.019568 0.281985
0.169013 0.019416 0.281939
0.168925 0.019264 0.281893
0.168837 0.019113 0.281847
0.168806 0.018909 0.281727
0.168718 0.018757 0.281681
0.168630 0.018605 0.281634
0.168542 0.018453 0.281588
0.168453 0.018301 0.281542
0.168422 0.018096 0.281421
0.168334 0.017944 0.281375
0.168246 0.017792 0.281329
0.168157 0.017639 0.281282
0.168069 0.017487 0.281236
0.167980 0.017335 0.281190
0.167892 0.017182 0.281144
0.167804 0.017030 0.281097
0.167715 0.016878 0.281051
0.167627 0.016725 0.281005
0.167538 0.016573 0.280958
0.167450 0.016420 0.280912
0.167306 0.016323 0.280941
0.167217 0.016171 0.280895
0.167185 0.015963 0.280773
0.167096 0.015811 0.280727
0.167008 0.015659 0.280680
0.166920 0.015506 0.280634
0.166831 0.015354 0.280588
0.166743 0.015201 0.280542
0.178603 0.028292 0.281412
0.178308 0.028236 0.281570
0.177880 0.028253 0.281869
0.177587 0.028199 0.282029
0.177360 0.028111 0.282119
0.177068 0.028061 0.282280
0.176910 0.027938 0.282301
0.176751 0.027815 0.282323
0.176593 0.027693 0.282344
0.176435 0.027571 0.282366
0.176343 0.027413 0.282318
0.176250 0.027254 0.282269
0.176093 0.027133 0.282291
0.176001 0.026975 0.282243
0.175844 0.026854 0.282265
0.175752 0.026696 0.282217
0.175595 0.026577 0.282239
0.175438 0.026458 0.282262
0.175282 0.026339 0.282285
0.175126 0.026221 0.282307
0.174906 0.026143 0.282401
0.174686 0.026065 0.282495
0.174466 0.025989 0.282589
0.174184 0.025954 0.282754
0.173965 0.025879 0.282849
0.173748 0.025806 0.282944
0.173530 0.025733 0.283039
0.173377 0.025620 0.283063
0.173224 0.025507 0.283088
0.173135 0.025353 0.283041
0.172983 0.025241 0.283065
0.172894 0.025088 0.283019
0.172804 0.024934 0.282972
0.172715 0.024780 0.282925
0.172626 0.024627 0.282879
0.172474 0.024516 0.282904
0.172385 0.024362 0.282857
0.172296 0.024209 0.282810
0.172207 0.024056 0.282764
0.172118 0.023902 0.282717
0.172029 0.023749 0.282671
0.171878 0.023639 0.282696
0.171728 0.023531 0.282722
0.171639 0.023378 0.282675
0.171489 0.023269 0.282701
0.171339 0.023162 0.282727
0.171189 0.023054 0.282753
0.171100 0.022902 0.282707
0.170951 0.022795 0.282733
0.170802 0.022689 0.282759
0.170714 0.022537 0.282713
0.170626 0.022385 0.282667
0.170537 0.022233 0.282621
0.170510 0.022034 0.282502
0.170421 0.021882 0.282455
0.170333 0.021730 0.282409
0.170305 0.021531 0.282290
0.170216 0.021378 0.282243
0.170128 0.021226 0.282197
0.170040 0.021073 0.282151
0.169951 0.020921 0.282105
0.169863 0.020769 0.282058
0.169774 0.020616 0.282012
0.169686 0.020464 0.281966
0.169598 0.020312 0.281919
0.169509 0.020159 0.281873
0.169362 0.020056 0.281900
0.169274 0.019904 0.281854
0.169185 0.019752 0.281808
0.169156 0.019550 0.281688
0.169067 0.019397 0.281642
0.168979 0.019245 0.281595
0.168890 0.019093 0.281549
0.168860 0.018889 0.281428
0.168771 0.018737 0.281382
0.168683 0.018584 0.281336
0.168594 0.018431 0.281289
0.168506 0.018279 0.281243
0.168475 0.018074 0.281122
0.168386 0.017921 0.281076
0.168297 0.017769 0.281029
0.168209 0.017616 0.280983
0.168120 0.017463 0.280936
0.168031 0.017310 0.280890
0.167943 0.017157 0.280844
0.167854 0.017005 0.280797
0.167709 0.016906 0.280826
0.167620 0.016753 0.280779
0.167532 0.016600 0.280733
0.167443 0.016448 0.280687
0.167355 0.016295 0.280640
0.167266 0.016143 0.280594
0.167178 0.015990 0.280547
0.167089 0.015838 0.280501
0.167001 0.015685 0.280455
0.166912 0.015532 0.280408
0.166824 0.015380 0.280362
0.177814 0.028339 0.281710
0.177521 0.028286 0.281870
0.177295 0.028197 0.281961
0.177069 0.028110 0.282052
0.176844 0.028023 0.282144
0.176752 0.027864 0.282096
0.176593 0.027742 0.282117
0.176435 0.027620 0.282139
0.176343 0.027461 0.282091
0.176251 0.027302 0.282042
0.176093 0.027180 0.282065
0.176001 0.027022 0.282016
0.175844 0.026901 0.282039
0.175752 0.026743 0.281990
0.175595 0.026623 0.282013
0.175503 0.026465 0.281965
0.175347 0.026345 0.281987
0.175190 0.026227 0.282010
0.174970 0.026148 0.282104
0.174814 0.026030 0.282127
0.174531 0.025993 0.282293
0.174312 0.025917 0.282387
0.174093 0.025841 0.282482
0.173876 0.025767 0.282577
0.173658 0.025693 0.282673
0.173505 0.025579 0.282697
0.173352 0.025466 0.282722
0.173199 0.025353 0.282746
0.173046 0.025240 0.282771
0.172957 0.025086 0.282724
0.172867 0.024932 0.282677
0.172778 0.024778 0.282630
0.172688 0.024624 0.282584
0.172536 0.024513 0.282609
0.172447 0.024359 0.282562
0.172420 0.024162 0.282443
0.172331 0.024008 0.282396
0.172241 0.023854 0.282349
0.172090 0.023743 0.282375
0.172001 0.023590 0.282328
0.171912 0.023436 0.282281
0.171822 0.023282 0.282235
0.171672 0.023173 0.282260
0.171521 0.023064 0.282286
0.171371 0.022956 0.282312
0.171282 0.022802 0.282266
0.171132 0.022695 0.282292
0.170983 0.022588 0.282318
0.170894 0.022435 0.282272
0.170805 0.022282 0.282225
0.170656 0.022176 0.282252
0.170568 0.022023 0.282205
0.170479 0.021870 0.282159
0.170391 0.021718 0.282113
0.170302 0.021565 0.282066
0.170214 0.021413 0.282020
0.170125 0.021260 0.281974
0.170037 0.021107 0.281927
0.169948 0.020955 0.281881
0.169860 0.020802 0.281834
0.169771 0.020650 0.281788
0.169683 0.020497 0.281742
0.169594 0.020345 0.281695
0.169506 0.020192 0.281649
0.169417 0.020039 0.281603
0.169328 0.019887 0.281556
0.169240 0.019734 0.281510
0.169210 0.019532 0.281389
0.169121 0.019379 0.281343
0.169032 0.019226 0.281297
0.168944 0.019073 0.281250
0.168855 0.018920 0.281204
0.168766 0.018768 0.281157
0.168735 0.018563 0.281036
0.168647 0.018410 0.280990
0.168558 0.018257 0.280943
0.168469 0.018104 0.280897
0.168437 0.017899 0.280776
0.168348 0.017746 0.280729
0.168260 0.017593 0.280682
0.168171 0.017440 0.280636
0.168082 0.017286 0.280589
0.167993 0.017133 0.280543
0.167904 0.016980 0.280496
0.167759 0.016880 0.280525
0.167670 0.016727 0.280478
0.167581 0.016574 0.280432
0.167493 0.016421 0.280385
0.167404 0.016268 0.280339
0.167315 0.016115 0.280292
0.167226 0.015962 0.280246
0.167137 0.015809 0.280199
0.167104 0.015601 0.280077
0.167015 0.015448 0.280031
0.177455 0.028372 0.281712
0.177229 0.028284 0.281803
0.177070 0.028160 0.281825
0.176845 0.028073 0.281917
0.176686 0.027950 0.281938
0.176594 0.027790 0.281890
0.176436 0.027668 0.281912
0.176343 0.027509 0.281864
0.176251 0.027350 0.281815
0.176093 0.027228 0.281837
0.176001 0.027069 0.281789
0.175909 0.026910 0.281741
0.175752 0.026790 0.281763
0.175660 0.026631 0.281715
0.175503 0.026511 0.281738
0.175346 0.026391 0.281761
0.175190 0.026272 0.281783
0.175034 0.026154 0.281807
0.174814 0.026075 0.281901
0.174659 0.025957 0.281924
0.174440 0.025880 0.282019
0.174221 0.025804 0.282114
0.174003 0.025729 0.282210
0.173785 0.025654 0.282305
0.173632 0.025540 0.282330
0.173478 0.025425 0.282354
0.173325 0.025312 0.282379
0.173235 0.025157 0.282332
0.173082 0.025044 0.282357
0.172992 0.024889 0.282310
0.172840 0.024776 0.282334
0.172750 0.024622 0.282288
0.172661 0.024467 0.282241
0.172571 0.024313 0.282194
0.172481 0.024158 0.282147
0.172392 0.024004 0.282100
0.172302 0.023849 0.282053
0.172212 0.023695 0.282006
0.172123 0.023540 0.281959
0.172033 0.023386 0.281912
0.171882 0.023276 0.281938
0.171793 0.023121 0.281891
0.171642 0.023012 0.281917
0.171553 0.022858 0.281870
0.171463 0.022704 0.281823
0.171313 0.022595 0.281849
0.171163 0.022487 0.281875
0.171074 0.022333 0.281829
0.170985 0.022180 0.281782
0.170835 0.022072 0.281808
0.170746 0.021919 0.281762
0.170597 0.021812 0.281789
0.170508 0.021659 0.281742
0.170419 0.021506 0.281695
0.170330 0.021353 0.281649
0.170241 0.021199 0.281602
0.170153 0.021046 0.281556
0.170004 0.020941 0.281583
0.169916 0.020788 0.281536
0.169827 0.020635 0.281490
0.169738 0.020482 0.281443
0.169649 0.020329 0.281397
0.169560 0.020176 0.281350
0.169472 0.020023 0.281304
0.169383 0.019870 0.281257
0.169294 0.019717 0.281211
0.169205 0.019564 0.281164
0.169175 0.019361 0.281044
0.169086 0.019207 0.280997
0.168997 0.019054 0.280950
0.168908 0.018901 0.280904
0.168819 0.018748 0.280857
0.168788 0.018543 0.280736
0.168699 0.018390 0.280689
0.168610 0.018236 0.280643
0.168521 0.018083 0.280596
0.168489 0.017877 0.280475
0.168399 0.017724 0.280428
0.168310 0.017570 0.280381
0.168221 0.017417 0.280335
0.168132 0.017263 0.280288
0.168043 0.017109 0.280241
0.167954 0.016956 0.280194
0.167865 0.016802 0.280148
0.167775 0.016648 0.280101
0.167630 0.016549 0.280130
0.167541 0.016395 0.280083
0.167508 0.016187 0.279961
0.167419 0.016034 0.279914
0.167330 0.015880 0.279868
0.167240 0.015726 0.279821
0.176436 0.027716 0.281684
0.176344 0.027557 0.281636
0.176251 0.027398 0.281587
0.176159 0.027238 0.281539
0.176001 0.027117 0.281561
0.175909 0.026957 0.281513
0.175751 0.026837 0.281536
0.175659 0.026678 0.281487
0.175502 0.026557 0.281510
0.175346 0.026437 0.281533
0.175254 0.026279 0.281485
0.175098 0.026160 0.281508
0.174878 0.026080 0.281603
0.174722 0.025962 0.281626
0.174567 0.025845 0.281650
0.174348 0.025768 0.281745
0.174193 0.025651 0.281769
0.173975 0.025575 0.281865
0.173821 0.025460 0.281889
0.173667 0.025345 0.281914
0.173514 0.025230 0.281938
0.173360 0.025116 0.281963
0.173270 0.024960 0.281916
0.173117 0.024846 0.281941
0.173027 0.024691 0.281893
0.172874 0.024578 0.281918
0.172784 0.024423 0.281871
0.172694 0.024268 0.281824
0.172604 0.024113 0.281777
0.172514 0.023957 0.281730
0.172424 0.023802 0.281683
0.172273 0.023691 0.281708
0.172183 0.023536 0.281661
0.172093 0.023381 0.281614
0.172003 0.023226 0.281567
0.171852 0.023115 0.281593
0.171762 0.022961 0.281546
0.171611 0.022851 0.281572
0.171461 0.022742 0.281598
0.171371 0.022587 0.281551
0.171282 0.022433 0.281504
0.171132 0.022324 0.281531
0.171042 0.022170 0.281484
0.170893 0.022062 0.281510
0.170803 0.021909 0.281464
0.170654 0.021801 0.281490
0.170565 0.021648 0.281444
0.170476 0.021494 0.281397
0.170387 0.021340 0.281350
0.170298 0.021187 0.281304
0.170208 0.021033 0.281257
0.170119 0.020879 0.281210
0.169971 0.020774 0.281238
0.169882 0.020620 0.281191
0.169793 0.020467 0.281144
0.169704 0.020314 0.281098
0.169615 0.020160 0.281051
0.169526 0.020007 0.281004
0.169437 0.019853 0.280958
0.169348 0.019700 0.280911
0.169259 0.019546 0.280865
0.169170 0.019393 0.280818
0.169081 0.019239 0.280771
0.169050 0.019036 0.280650
0.168960 0.018882 0.280603
0.168929 0.018677 0.280482
0.168840 0.018524 0.280435
0.168750 0.018370 0.280388
0.168661 0.018216 0.280341
0.168572 0.018062 0.280295
0.168482 0.017908 0.280248
0.168393 0.017754 0.280201
0.168361 0.017548 0.280079
0.168271 0.017394 0.280032
0.168182 0.017240 0.279985
0.168092 0.017086 0.279939
0.168003 0.016932 0.279892
0.167914 0.016778 0.279845
0.167824 0.016624 0.279798
0.167679 0.016523 0.279827
0.167590 0.016369 0.279780
0.167556 0.016161 0.279658
0.167522 0.015953 0.279535
0.167433 0.015798 0.279488
0.176714 0.028244 0.281602
0.176687 0.028048 0.281483
0.176594 0.027888 0.281434
0.176436 0.027765 0.281456
0.176344 0.027606 0.281408
0.176251 0.027446 0.281359
0.176158 0.027286 0.281311
0.176066 0.027127 0.281262
0.175908 0.027005 0.281285
0.175816 0.026846 0.281236
0.175659 0.026725 0.281259
0.175566 0.026565 0.281211
0.175410 0.026445 0.281234
0.175253 0.026325 0.281257
0.175097 0.026206 0.281281
0.174941 0.026086 0.281304
0.174785 0.025968 0.281328
0.174630 0.025850 0.281351
0.174474 0.025732 0.281375
0.174319 0.025614 0.281399
0.174165 0.025497 0.281423
0.174010 0.025381 0.281447
0.173856 0.025265 0.281472
0.173702 0.025149 0.281496
0.173548 0.025034 0.281521
0.173395 0.024919 0.281546
0.173304 0.024763 0.281498
0.173151 0.024648 0.281523
0.172998 0.024535 0.281548
0.172908 0.024379 0.281501
0.172755 0.024266 0.281526
0.172665 0.024110 0.281479
0.172575 0.023955 0.281431
0.172484 0.023799 0.281384
0.172394 0.023643 0.281337
0.172304 0.023488 0.281290
0.172152 0.023376 0.281315
0.172062 0.023221 0.281268
0.171972 0.023066 0.281221
0.171882 0.022910 0.281174
0.171731 0.022800 0.281200
0.171580 0.022689 0.281226
0.171490 0.022535 0.281179
0.171340 0.022425 0.281205
0.171250 0.022270 0.281158
0.171160 0.022116 0.281111
0.171010 0.022007 0.281138
0.170860 0.021899 0.281164
0.170771 0.021744 0.281118
0.170622 0.021637 0.281145
0.170532 0.021483 0.281098
0.170443 0.021329 0.281051
0.170353 0.021175 0.281004
0.170205 0.021068 0.281031
0.170115 0.020914 0.280985
0.170026 0.020760 0.280938
0.169937 0.020606 0.280891
0.169848 0.020453 0.280844
0.169758 0.020299 0.280798
0.169669 0.020145 0.280751
0.169580 0.019991 0.280704
0.169491 0.019837 0.280657
0.169401 0.019683 0.280611
0.169312 0.019529 0.280564
0.169223 0.019376 0.280517
0.169134 0.019222 0.280470
0.169102 0.019018 0.280349
0.169013 0.018863 0.280302
0.168981 0.018659 0.280180
0.168891 0.018504 0.280133
0.168802 0.018350 0.280086
0.168712 0.018196 0.280039
0.168622 0.018041 0.279992
0.168533 0.017887 0.279945
0.168443 0.017733 0.279899
0.168411 0.017526 0.279776
0.168321 0.017372 0.279729
0.168231 0.017217 0.279682
0.168142 0.017063 0.279635
0.168052 0.016908 0.279588
0.167962 0.016754 0.279541
0.167873 0.016599 0.279494
0.167783 0.016445 0.279447
0.167693 0.016290 0.279401
0.167659 0.016082 0.279277
0.176529 0.027974 0.281276
0.176436 0.027814 0.281228
0.176343 0.027654 0.281179
0.176251 0.027495 0.281131
0.176158 0.027335 0.281082
0.176065 0.027175 0.281034
0.175972 0.027015 0.280985
0.175880 0.026855 0.280936
0.175722 0.026734 0.280959
0.175630 0.026574 0.280911
0.175473 0.026453 0.280934
0.175316 0.026333 0.280957
0.175160 0.026213 0.280981
0.175004 0.026093 0.281004
0.174848 0.025974 0.281028
0.174692 0.025855 0.281052
0.174537 0.025736 0.281076
0.174382 0.025619 0.281100
0.174290 0.025461 0.281052
0.174135 0.025343 0.281076
0.173981 0.025226 0.281100
0.173826 0.025110 0.281125
0.173735 0.024953 0.281077
0.173581 0.024837 0.281102
0.173428 0.024722 0.281126
0.173274 0.024607 0.281151
0.173121 0.024492 0.281176
0.173030 0.024336 0.281129
0.172877 0.024222 0.281154
0.172787 0.024066 0.281107
0.172634 0.023952 0.281132
0.172544 0.023796 0.281085
0.172453 0.023640 0.281037
0.172301 0.023528 0.281063
0.172211 0.023372 0.281016
0.172121 0.023216 0.280968
0.172030 0.023061 0.280921
0.171879 0.022949 0.280947
0.171789 0.022794 0.280900
0.171698 0.022638 0.280853
0.171608 0.022483 0.280805
0.171457 0.022372 0.280832
0.171367 0.022217 0.280784
0.171217 0.022107 0.280811
0.171067 0.021998 0.280838
0.170977 0.021843 0.280791
0.170827 0.021735 0.280818
0.170738 0.021580 0.280771
0.170648 0.021425 0.280724
0.170499 0.021317 0.280751
0.170409 0.021163 0.280704
0.170260 0.021056 0.280731
0.170171 0.020902 0.280684
0.170081 0.020747 0.280637
0.169992 0.020593 0.280590
0.169902 0.020439 0.280544
0.169754 0.020333 0.280571
0.169665 0.020179 0.280524
0.169575 0.020025 0.280478
0.169544 0.019822 0.280356
0.169454 0.019667 0.280309
0.169365 0.019513 0.280262
0.169275 0.019359 0.280215
0.169186 0.019204 0.280168
0.169096 0.019050 0.280122
0.169064 0.018845 0.279999
0.168975 0.018691 0.279952
0.168942 0.018486 0.279830
0.168852 0.018331 0.279783
0.168763 0.018176 0.279736
0.168673 0.018021 0.279689
0.168583 0.017867 0.279642
0.168493 0.017712 0.279595
0.168404 0.017557 0.279548
0.168314 0.017402 0.279501
0.168224 0.017248 0.279454
0.168134 0.017093 0.279407
0.168101 0.016885 0.279284
0.168011 0.016730 0.279237
0.167921 0.016575 0.279190
0.167886 0.016367 0.279067
0.167852 0.016158 0.278943
0.176408 0.027667 0.280879
0.176315 0.027506 0.280830
0.176222 0.027346 0.280782
0.176129 0.027186 0.280733
0.176036 0.027026 0.280684
0.175943 0.026865 0.280636
0.175850 0.026705 0.280587
0.175629 0.026621 0.280682
0.175536 0.026462 0.280633
0.175379 0.026341 0.280656
0.175287 0.026181 0.280608
0.175130 0.026061 0.280631
0.174974 0.025941 0.280655
0.174754 0.025861 0.280751
0.174599 0.025742 0.280775
0.174507 0.025583 0.280727
0.174352 0.025465 0.280751
0.174197 0.025347 0.280775
0.174105 0.025189 0.280727
0.173950 0.025072 0.280752
0.173796 0.024955 0.280777
0.173642 0.024839 0.280801
0.173551 0.024681 0.280753
0.173397 0.024565 0.280778
0.173243 0.024450 0.280804
0.173090 0.024335 0.280829
0.172999 0.024178 0.280781
0.172846 0.024064 0.280807
0.172756 0.023908 0.280759
0.172603 0.023794 0.280785
0.172512 0.023638 0.280737
0.172422 0.023481 0.280689
0.172270 0.023368 0.280715
0.172179 0.023212 0.280668
0.172088 0.023056 0.280620
0.171998 0.022900 0.280573
0.171907 0.022744 0.280525
0.171816 0.022587 0.280478
0.171726 0.022431 0.280430
0.171575 0.022320 0.280457
0.171484 0.022164 0.280409
0.171394 0.022008 0.280362
0.171243 0.021898 0.280389
0.171153 0.021742 0.280341
0.171003 0.021633 0.280368
0.170913 0.021477 0.280321
0.170763 0.021368 0.280348
0.170673 0.021213 0.280301
0.170583 0.021058 0.280254
0.170433 0.020949 0.280281
0.170343 0.020794 0.280234
0.170194 0.020687 0.280261
0.170104 0.020532 0.280214
0.170015 0.020377 0.280167
0.169866 0.020271 0.280195
0.169776 0.020116 0.280148
0.169687 0.019961 0.280101
0.169597 0.019806 0.280054
0.169507 0.019652 0.280007
0.169417 0.019497 0.279960
0.169328 0.019342 0.279913
0.169238 0.019188 0.279866
0.169206 0.018983 0.279743
0.169116 0.018828 0.279696
0.169026 0.018673 0.279649
0.168936 0.018518 0.279602
0.168846 0.018363 0.279555
0.168756 0.018208 0.279508
0.168666 0.018053 0.279461
0.168633 0.017847 0.279338
0.168543 0.017691 0.279291
0.168453 0.017536 0.279244
0.168363 0.017381 0.279197
0.168273 0.017226 0.279149
0.168183 0.017071 0.279102
0.168149 0.016863 0.278979
0.168059 0.016707 0.278932
0.168024 0.016499 0.278808
0.176157 0.027432 0.280624
0.176128 0.027235 0.280503
0.176035 0.027074 0.280454
0.175942 0.026914 0.280406
0.175849 0.026753 0.280357
0.175756 0.026593 0.280308
0.175663 0.026432 0.280259
0.175506 0.026310 0.280283
0.175285 0.026228 0.280378
0.175192 0.026068 0.280330
0.175036 0.025947 0.280354
0.174880 0.025827 0.280377
0.174724 0.025708 0.280401
0.174568 0.025589 0.280426
0.174413 0.025470 0.280450
0.174258 0.025351 0.280474
0.174166 0.025193 0.280426
0.174011 0.025075 0.280451
0.173919 0.024917 0.280403
0.173765 0.024800 0.280427
0.173611 0.024683 0.280452
0.173457 0.024567 0.280477
0.173365 0.024409 0.280429
0.173212 0.024293 0.280455
0.173059 0.024178 0.280480
0.172967 0.024021 0.280432
0.172815 0.023906 0.280458
0.172723 0.023749 0.280410
0.172571 0.023635 0.280436
0.172480 0.023478 0.280388
0.172389 0.023322 0.280340
0.172237 0.023209 0.280366
0.172146 0.023052 0.280319
0.172055 0.022895 0.280271
0.171964 0.022739 0.280224
0.171934 0.022537 0.280102
0.171843 0.022381 0.280054
0.171692 0.022269 0.280081
0.171601 0.022112 0.280033
0.171510 0.021955 0.279986
0.171419 0.021799 0.279938
0.171328 0.021642 0.279890
0.171178 0.021532 0.279917
0.171087 0.021375 0.279870
0.170937 0.021265 0.279897
0.170846 0.021109 0.279849
0.170696 0.021000 0.279876
0.170606 0.020844 0.279829
0.170456 0.020735 0.279856
0.170366 0.020580 0.279809
0.170276 0.020424 0.279762
0.170127 0.020316 0.279789
0.170036 0.020161 0.279742
0.169946 0.020005 0.279695
0.169856 0.019849 0.279648
0.169708 0.019743 0.279676
0.169617 0.019587 0.279628
0.169527 0.019432 0.279581
0.169437 0.019277 0.279534
0.169347 0.019121 0.279487
0.169257 0.018966 0.279439
0.169167 0.018811 0.279392
0.169077 0.018655 0.279345
0.168986 0.018500 0.279298
0.168896 0.018345 0.279251
0.168806 0.018189 0.279203
0.168716 0.018034 0.279156
0.168626 0.017878 0.279109
0.168592 0.017671 0.278986
0.168502 0.017516 0.278938
0.168412 0.017360 0.278891
0.168321 0.017205 0.278844
0.168231 0.017049 0.278797
0.168197 0.016841 0.278673
0.168106 0.016685 0.278626
0.176127 0.027283 0.280273
0.176034 0.027123 0.280224
0.176005 0.026924 0.280103
0.175847 0.026801 0.280127
0.175754 0.026641 0.280078
0.175661 0.026480 0.280029
0.175504 0.026358 0.280052
0.175411 0.026197 0.280004
0.175254 0.026076 0.280027
0.175097 0.025955 0.280051
0.174941 0.025834 0.280075
0.174785 0.025714 0.280099
0.174629 0.025594 0.280123
0.174474 0.025475 0.280148
0.174319 0.025356 0.280172
0.174164 0.025237 0.280197
0.174072 0.025079 0.280149
0.173979 0.024920 0.280100
0.173825 0.024802 0.280125
0.173671 0.024685 0.280150
0.173579 0.024527 0.280102
0.173425 0.024410 0.280127
0.173271 0.024294 0.280153
0.173180 0.024136 0.280105
0.173026 0.024021 0.280130
0.172873 0.023905 0.280156
0.172782 0.023748 0.280108
0.172690 0.023590 0.280060
0.172599 0.023433 0.280012
0.172508 0.023276 0.279964
0.172416 0.023118 0.279916
0.172325 0.022961 0.279869
0.172234 0.022803 0.279821
0.172142 0.022646 0.279773
0.172051 0.022488 0.279725
0.171959 0.022331 0.279677
0.171868 0.022173 0.279629
0.171777 0.022016 0.279581
0.171685 0.021858 0.279534
0.171534 0.021746 0.279560
0.171443 0.021589 0.279512
0.171352 0.021432 0.279465
0.171260 0.021274 0.279417
0.171110 0.021164 0.279444
0.171019 0.021006 0.279396
0.170869 0.020896 0.279423
0.170778 0.020739 0.279376
0.170628 0.020630 0.279403
0.170537 0.020473 0.279355
0.170446 0.020317 0.279308
0.170297 0.020208 0.279335
0.170206 0.020052 0.279288
0.170057 0.019943 0.279316
0.169966 0.019787 0.279268
0.169818 0.019680 0.279296
0.169727 0.019524 0.279249
0.169579 0.019417 0.279277
0.169489 0.019261 0.279229
0.169398 0.019106 0.279182
0.169308 0.018950 0.279135
0.169217 0.018794 0.279087
0.169127 0.018638 0.279040
0.169037 0.018482 0.278993
0.168889 0.018377 0.279021
0.168799 0.018222 0.278974
0.168709 0.018066 0.278927
0.168619 0.017911 0.278880
0.168528 0.017755 0.278832
0.168494 0.017548 0.278709
0.168404 0.017392 0.278661
0.168314 0.017236 0.278614
0.168279 0.017028 0.278490
0.176003 0.026973 0.279872
0.175910 0.026812 0.279823
0.175816 0.026651 0.279774
0.175659 0.026528 0.279798
0.175566 0.026367 0.279749
0.175409 0.026245 0.279773
0.175252 0.026123 0.279797
0.175159 0.025963 0.279748
0.174939 0.025881 0.279845
0.174783 0.025760 0.279869
0.174627 0.025640 0.279893
0.174535 0.025481 0.279845
0.174379 0.025361 0.279869
0.174224 0.025242 0.279894
0.174132 0.025083 0.279846
0.173977 0.024964 0.279871
0.173885 0.024805 0.279822
0.173792 0.024646 0.279774
0.173638 0.024529 0.279799
0.173484 0.024412 0.279824
0.173392 0.024253 0.279776
0.173238 0.024137 0.279802
0.173146 0.023978 0.279753
0.172993 0.023863 0.279779
0.172901 0.023704 0.279731
0.172810 0.023546 0.279683
0.172718 0.023388 0.279635
0.172626 0.023230 0.279587
0.172534 0.023072 0.279539
0.172443 0.022914 0.279491
0.172351 0.022756 0.279443
0.172259 0.022598 0.279395
0.172167 0.022439 0.279347
0.172076 0.022281 0.279299
0.171984 0.022123 0.279251
0.171892 0.021965 0.279202
0.171800 0.021807 0.279154
0.171709 0.021649 0.279106
0.171557 0.021536 0.279133
0.171466 0.021378 0.279085
0.171374 0.021220 0.279037
0.171282 0.021063 0.278989
0.171132 0.020951 0.279016
0.171040 0.020793 0.278968
0.170949 0.020636 0.278920
0.170798 0.020525 0.278948
0.170707 0.020368 0.278900
0.170557 0.020258 0.278927
0.170466 0.020101 0.278879
0.170375 0.019943 0.278832
0.170225 0.019834 0.278859
0.170134 0.019677 0.278812
0.169985 0.019569 0.278840
0.169836 0.019461 0.278868
0.169746 0.019304 0.278820
0.169655 0.019148 0.278772
0.169506 0.019041 0.278801
0.169416 0.018884 0.278753
0.169268 0.018778 0.278782
0.169177 0.018622 0.278734
0.169030 0.018516 0.278763
0.168939 0.018360 0.278716
0.168849 0.018204 0.278668
0.168758 0.018048 0.278621
0.168668 0.017892 0.278573
0.168577 0.017736 0.278526
0.168487 0.017580 0.278479
0.168396 0.017424 0.278431
0.175657 0.026577 0.279567
0.175563 0.026415 0.279518
0.175406 0.026293 0.279541
0.175250 0.026171 0.279565
0.175156 0.026010 0.279517
0.174937 0.025928 0.279614
0.174844 0.025767 0.279565
0.174688 0.025647 0.279590
0.174532 0.025527 0.279614
0.174376 0.025407 0.279639
0.174284 0.025247 0.279590
0.174129 0.025128 0.279615
0.174036 0.024969 0.279567
0.173882 0.024850 0.279592
0.173789 0.024691 0.279544
0.173697 0.024532 0.279495
0.173543 0.024414 0.279521
0.173450 0.024255 0.279472
0.173358 0.024096 0.279424
0.173204 0.023979 0.279450
0.173051 0.023863 0.279475
0.172959 0.023704 0.279427
0.172867 0.023546 0.279379
0.172836 0.023344 0.279257
0.172744 0.023185 0.279208
0.172652 0.023027 0.279160
0.172560 0.022868 0.279112
0.172467 0.022709 0.279064
0.172375 0.022550 0.279015
0.172283 0.022391 0.278967
0.172251 0.022188 0.278844
0.172099 0.022074 0.278871
0.172007 0.021915 0.278822
0.171915 0.021756 0.278774
0.171763 0.021643 0.278801
0.171671 0.021484 0.278753
0.171579 0.021326 0.278704
0.171487 0.021167 0.278656
0.171395 0.021009 0.278608
0.171244 0.020897 0.278635
0.171152 0.020738 0.278587
0.171060 0.020580 0.278539
0.170910 0.020469 0.278566
0.170818 0.020311 0.278518
0.170668 0.020200 0.278545
0.170576 0.020042 0.278498
0.170485 0.019884 0.278450
0.170335 0.019774 0.278477
0.170244 0.019617 0.278429
0.170152 0.019459 0.278381
0.170003 0.019350 0.278409
0.169854 0.019242 0.278438
0.169763 0.019084 0.278390
0.169614 0.018976 0.278418
0.169523 0.018819 0.278370
0.169375 0.018712 0.278399
0.169284 0.018555 0.278351
0.169136 0.018449 0.278380
0.169045 0.018292 0.278332
0.168898 0.018186 0.278361
0.168807 0.018030 0.278314
0.168660 0.017924 0.278343
0.175404 0.026341 0.279310
0.175247 0.026218 0.279334
0.175154 0.026057 0.279285
0.174997 0.025936 0.279309
0.174841 0.025814 0.279334
0.174685 0.025693 0.279358
0.174529 0.025573 0.279383
0.174374 0.025453 0.279408
0.174218 0.025333 0.279433
0.174126 0.025173 0.279384
0.174033 0.025014 0.279336
0.173878 0.024895 0.279361
0.173786 0.024735 0.279313
0.173693 0.024576 0.279264
0.173539 0.024458 0.279290
0.173447 0.024299 0.279241
0.173354 0.024140 0.279193
0.173262 0.023980 0.279145
0.173108 0.023863 0.279171
0.173016 0.023704 0.279122
0.172924 0.023546 0.279074
0.172832 0.023387 0.279026
0.172800 0.023184 0.278903
0.172708 0.023025 0.278854
0.172616 0.022866 0.278806
0.172523 0.022707 0.278758
0.172431 0.022548 0.278709
0.172338 0.022388 0.278661
0.172306 0.022185 0.278538
0.172154 0.022070 0.278564
0.172061 0.021911 0.278516
0.171969 0.021752 0.278467
0.171877 0.021592 0.278419
0.171784 0.021433 0.278371
0.171692 0.021274 0.278322
0.171540 0.021161 0.278349
0.171448 0.021002 0.278301
0.171297 0.020889 0.278328
0.171205 0.020730 0.278280
0.171113 0.020572 0.278232
0.171021 0.020413 0.278183
0.170928 0.020254 0.278135
0.170778 0.020143 0.278163
0.170686 0.019984 0.278114
0.170594 0.019825 0.278066
0.170502 0.019667 0.278018
0.170352 0.019557 0.278046
0.170203 0.019447 0.278074
0.170111 0.019289 0.278026
0.169962 0.019179 0.278054
0.169870 0.019021 0.278006
0.169721 0.018913 0.278034
0.169573 0.018805 0.278063
0.169424 0.018697 0.278091
0.169333 0.018540 0.278044
0.169242 0.018382 0.277996
0.169094 0.018275 0.278025
0.174278 0.025339 0.279128
0.174185 0.025179 0.279079
0.174030 0.025059 0.279105
0.173875 0.024940 0.279130
0.173783 0.024780 0.279082
0.173690 0.024621 0.279033
0.173597 0.024461 0.278985
0.173443 0.024343 0.279010
0.173351 0.024183 0.278962
0.173197 0.024066 0.278988
0.173104 0.023907 0.278939
0.173012 0.023748 0.278891
0.172920 0.023588 0.278843
0.172888 0.023386 0.278720
0.172796 0.023227 0.278671
0.172703 0.023068 0.278623
0.172611 0.022908 0.278574
0.172518 0.022749 0.278526
0.172426 0.022589 0.278477
0.172393 0.022386 0.278354
0.172301 0.022226 0.278305
0.172208 0.022067 0.278257
0.172115 0.021907 0.278208
0.171963 0.021792 0.278235
0.171871 0.021633 0.278187
0.171778 0.021473 0.278138
0.171686 0.021314 0.278090
0.171534 0.021200 0.278117
0.171442 0.021041 0.278069
0.171350 0.020882 0.278020
0.171257 0.020723 0.277972
0.171165 0.020564 0.277923
0.171072 0.020404 0.277875
0.170980 0.020245 0.277827
0.170829 0.020133 0.277854
0.170679 0.020022 0.277882
0.170587 0.019863 0.277834
0.170495 0.019704 0.277785
0.170345 0.019594 0.277813
0.170253 0.019435 0.277765
0.170161 0.019276 0.277717
0.170012 0.019167 0.277745
0.169863 0.019057 0.277774
0.169771 0.018899 0.277726
0.169622 0.018790 0.277754
0.169531 0.018633 0.277706
0.173532 0.024547 0.278827
0.173439 0.024387 0.278779
0.173347 0.024227 0.278730
0.173254 0.024068 0.278682
0.173161 0.023908 0.278633
0.173008 0.023791 0.278659
0.172915 0.023631 0.278611
0.172884 0.023429 0.278488
0.172791 0.023270 0.278439
0.172698 0.023110 0.278391
0.172666 0.022907 0.278267
0.172513 0.022791 0.278294
0.172421 0.022631 0.278245
0.172328 0.022472 0.278197
0.172235 0.022312 0.278148
0.172143 0.022152 0.278100
0.172050 0.021993 0.278051
0.171957 0.021833 0.278003
0.171865 0.021673 0.277954
0.171772 0.021514 0.277906
0.171680 0.021354 0.277857
0.171528 0.021240 0.277884
0.171435 0.021081 0.277836
0.171343 0.020921 0.277787
0.171251 0.020762 0.277739
0.171158 0.020603 0.277691
0.171066 0.020443 0.277642
0.170973 0.020284 0.277594
0.170881 0.020124 0.277545
0.170730 0.020012 0.277573
0.170638 0.019853 0.277525
0.170545 0.019694 0.277476
0.170395 0.019583 0.277504
0.170303 0.019424 0.277456
0.170153 0.019313 0.277484
0.170061 0.019154 0.277436
0.169912 0.019045 0.277464
