ply
format ascii 1.0
element vertex 27678
property float x
property float y
property float z
end_header
0.007411 0.018006 0.087800
0.007394 0.018188 0.087600
0.007386 0.018390 0.087500
0.007386 0.018614 0.087500
0.007386 0.018837 0.087500
0.007386 0.019060 0.087500
0.007386 0.019283 0.087500
0.007377 0.019483 0.087400
0.007369 0.019684 0.087300
0.007369 0.019906 0.087300
0.007369 0.020129 0.087300
0.007195 0.017578 0.087900
0.007178 0.017762 0.087700
0.007170 0.017965 0.087600
0.007162 0.018167 0.087500
0.007154 0.018369 0.087400
0.007154 0.018592 0.087400
0.007154 0.018815 0.087400
0.007154 0.019038 0.087400
0.007154 0.019261 0.087400
0.007146 0.019461 0.087300
0.007146 0.019684 0.087300
0.007146 0.019906 0.087300
0.007146 0.020129 0.087300
0.007146 0.020351 0.087300
0.007146 0.020574 0.087300
0.007187 0.020916 0.087800
0.007187 0.021139 0.087800
0.007203 0.021412 0.088000
0.006962 0.017558 0.087800
0.006946 0.017742 0.087600
0.006938 0.017944 0.087500
0.006931 0.018147 0.087400
0.006923 0.018348 0.087300
0.006923 0.018571 0.087300
0.006923 0.018794 0.087300
0.006923 0.019016 0.087300
0.006923 0.019239 0.087300
0.006915 0.019439 0.087200
0.006915 0.019661 0.087200
0.006915 0.019883 0.087200
0.006915 0.020106 0.087200
0.006923 0.020351 0.087300
0.006923 0.020574 0.087300
0.006962 0.020916 0.087800
0.006962 0.021139 0.087800
0.006978 0.021412 0.088000
0.006723 0.017518 0.087600
0.006715 0.017721 0.087500
0.006707 0.017924 0.087400
0.006700 0.018126 0.087300
0.006692 0.018327 0.087200
0.006692 0.018550 0.087200
0.006692 0.018772 0.087200
0.006692 0.018994 0.087200
0.006692 0.019217 0.087200
0.006692 0.019439 0.087200
0.006692 0.019661 0.087200
0.006692 0.019883 0.087200
0.006692 0.020106 0.087200
0.006700 0.020351 0.087300
0.006707 0.020597 0.087400
0.006730 0.020892 0.087700
0.006476 0.017681 0.087300
0.006469 0.017883 0.087200
0.006469 0.018105 0.087200
0.006462 0.018306 0.087100
0.006454 0.018507 0.087000
0.006454 0.018729 0.087000
0.006454 0.018951 0.087000
0.006454 0.019172 0.087000
0.006454 0.019394 0.087000
0.006454 0.019616 0.087000
0.006462 0.019861 0.087100
0.006469 0.020106 0.087200
0.006476 0.020351 0.087300
0.006484 0.020597 0.087400
0.006499 0.020868 0.087600
0.006521 0.021163 0.087900
0.006218 0.007180 0.086800
0.006218 0.007401 0.086800
0.006225 0.007631 0.086900
0.006225 0.007853 0.086900
0.006232 0.008083 0.087000
0.006232 0.008305 0.087000
0.006246 0.008547 0.087200
0.006261 0.008789 0.087400
0.006268 0.009022 0.087500
0.006246 0.017883 0.087200
0.006246 0.018105 0.087200
0.006239 0.018306 0.087100
0.006232 0.018507 0.087000
0.006232 0.018729 0.087000
0.006232 0.018951 0.087000
0.006232 0.019172 0.087000
0.006232 0.019394 0.087000
0.006232 0.019616 0.087000
0.006239 0.019861 0.087100
0.006246 0.020106 0.087200
0.006253 0.020351 0.087300
0.006261 0.020597 0.087400
0.006275 0.020868 0.087600
0.006296 0.021163 0.087900
0.005975 0.006493 0.086500
0.005975 0.006714 0.086500
0.005975 0.006934 0.086500
0.005982 0.007163 0.086600
0.005989 0.007392 0.086700
0.005989 0.007613 0.086700
0.005989 0.007835 0.086700
0.005996 0.008065 0.086800
0.006003 0.008296 0.086900
0.006010 0.008527 0.087000
0.006023 0.008769 0.087200
0.006037 0.009012 0.087400
0.006044 0.009245 0.087500
0.006003 0.018264 0.086900
0.005996 0.018465 0.086800
0.005996 0.018686 0.086800
0.006003 0.018929 0.086900
0.006003 0.019150 0.086900
0.006003 0.019372 0.086900
0.006003 0.019593 0.086900
0.006010 0.019838 0.087000
0.006017 0.020083 0.087100
0.006023 0.020328 0.087200
0.006037 0.020597 0.087400
0.006051 0.020868 0.087600
0.006072 0.021163 0.087900
0.005754 0.006493 0.086500
0.005754 0.006714 0.086500
0.005754 0.006934 0.086500
0.005761 0.007163 0.086600
0.005767 0.007392 0.086700
0.005767 0.007613 0.086700
0.005767 0.007835 0.086700
0.005774 0.008065 0.086800
0.005781 0.008296 0.086900
0.005787 0.008527 0.087000
0.005801 0.008769 0.087200
0.005814 0.009012 0.087400
0.005821 0.009245 0.087500
0.005767 0.018664 0.086700
0.005767 0.018885 0.086700
0.005774 0.019128 0.086800
0.005774 0.019350 0.086800
0.005781 0.019593 0.086900
0.005787 0.019838 0.087000
0.005794 0.020083 0.087100
0.005801 0.020328 0.087200
0.005814 0.020597 0.087400
0.005834 0.020892 0.087700
0.005847 0.021163 0.087900
0.005527 0.006266 0.086400
0.005520 0.006478 0.086300
0.005520 0.006698 0.086300
0.005514 0.006910 0.086200
0.005514 0.007130 0.086200
0.005520 0.007358 0.086300
0.005520 0.007578 0.086300
0.005520 0.007798 0.086300
0.005527 0.008028 0.086400
0.005533 0.008257 0.086500
0.005546 0.008498 0.086700
0.005559 0.008739 0.086900
0.005565 0.008971 0.087000
0.005578 0.009213 0.087200
0.005533 0.018842 0.086500
0.005539 0.019084 0.086600
0.005546 0.019327 0.086700
0.005552 0.019571 0.086800
0.005565 0.019838 0.087000
0.005571 0.020083 0.087100
0.005584 0.020351 0.087300
0.005597 0.020621 0.087500
0.005616 0.020916 0.087800
0.005629 0.021188 0.088000
0.005324 0.005403 0.086700
0.005312 0.005611 0.086500
0.005312 0.005832 0.086500
0.005294 0.006031 0.086200
0.005294 0.006251 0.086200
0.005281 0.006456 0.086000
0.005281 0.006675 0.086000
0.005275 0.006886 0.085900
0.005275 0.007105 0.085900
0.005275 0.007324 0.085900
0.005275 0.007543 0.085900
0.005275 0.007762 0.085900
0.005281 0.007990 0.086000
0.005287 0.008219 0.086100
0.005300 0.008458 0.086300
0.005312 0.008698 0.086500
0.005318 0.008929 0.086600
0.005330 0.009171 0.086800
0.005337 0.009403 0.086900
0.005306 0.019040 0.086400
0.005318 0.019305 0.086600
0.005330 0.019571 0.086800
0.005343 0.019838 0.087000
0.005355 0.020106 0.087200
0.005361 0.020351 0.087300
0.005380 0.020645 0.087600
0.005392 0.020916 0.087800
0.005404 0.021188 0.088000
0.005115 0.004973 0.086900
0.005091 0.005170 0.086500
0.005079 0.005378 0.086300
0.005073 0.005592 0.086200
0.005067 0.005805 0.086100
0.005062 0.006017 0.086000
0.005056 0.006229 0.085900
0.005044 0.006433 0.085700
0.005044 0.006652 0.085700
0.005038 0.006862 0.085600
0.005038 0.007080 0.085600
0.005038 0.007299 0.085600
0.005038 0.007517 0.085600
0.005038 0.007735 0.085600
0.005038 0.007953 0.085600
0.005044 0.008181 0.085700
0.005056 0.008419 0.085900
0.005067 0.008658 0.086100
0.005073 0.008888 0.086200
0.005079 0.009118 0.086300
0.005091 0.009360 0.086500
0.005097 0.009592 0.086600
0.005079 0.019018 0.086300
0.005091 0.019283 0.086500
0.005103 0.019548 0.086700
0.005120 0.019838 0.087000
0.005132 0.020106 0.087200
0.005144 0.020375 0.087400
0.005156 0.020645 0.087600
0.005167 0.020916 0.087800
0.005179 0.021188 0.088000
0.004943 0.004353 0.087800
0.004926 0.004561 0.087500
0.004892 0.004751 0.086900
0.004876 0.004956 0.086600
0.004859 0.005158 0.086300
0.004847 0.005366 0.086100
0.004842 0.005579 0.086000
0.004836 0.005791 0.085900
0.004825 0.005996 0.085700
0.004819 0.006208 0.085600
0.004808 0.006411 0.085400
0.004802 0.006621 0.085300
0.004802 0.006838 0.085300
0.004797 0.007047 0.085200
0.004797 0.007265 0.085200
0.004791 0.007473 0.085100
0.004791 0.007690 0.085100
0.004791 0.007907 0.085100
0.004797 0.008133 0.085200
0.004802 0.008360 0.085300
0.004814 0.008598 0.085500
0.004825 0.008836 0.085700
0.004831 0.009066 0.085800
0.004842 0.009306 0.086000
0.004853 0.009547 0.086200
0.004859 0.009778 0.086300
0.004847 0.018974 0.086100
0.004864 0.019261 0.086400
0.004881 0.019548 0.086700
0.004892 0.019815 0.086900
0.004909 0.020106 0.087200
0.004921 0.020375 0.087400
0.004938 0.020668 0.087700
0.004949 0.020939 0.087900
0.004960 0.021212 0.088100
0.004954 0.022758 0.088000
0.004954 0.022982 0.088000
0.004949 0.023180 0.087900
0.004949 0.023404 0.087900
0.004954 0.023655 0.088000
0.004954 0.023879 0.088000
0.004960 0.024131 0.088100
0.004724 0.004134 0.087900
0.004697 0.004333 0.087400
0.004676 0.004535 0.087000
0.004649 0.004729 0.086500
0.004638 0.004938 0.086300
0.004617 0.005134 0.085900
0.004606 0.005341 0.085700
0.004601 0.005553 0.085600
0.004595 0.005764 0.085500
0.004584 0.005968 0.085300
0.004579 0.006179 0.085200
0.004574 0.006388 0.085100
0.004563 0.006590 0.084900
0.004558 0.006798 0.084800
0.004552 0.007006 0.084700
0.004552 0.007222 0.084700
0.004547 0.007429 0.084600
0.004547 0.007645 0.084600
0.004552 0.007870 0.084700
0.004558 0.008095 0.084800
0.004563 0.008321 0.084900
0.004568 0.008548 0.085000
0.004579 0.008785 0.085200
0.004584 0.009013 0.085300
0.004595 0.009252 0.085500
0.004606 0.009492 0.085700
0.004611 0.009722 0.085800
0.004617 0.009952 0.085900
0.004617 0.010171 0.085900
0.004622 0.018952 0.086000
0.004633 0.019216 0.086200
0.004649 0.019503 0.086500
0.004665 0.019792 0.086800
0.004676 0.020060 0.087000
0.004692 0.020351 0.087300
0.004703 0.020621 0.087500
0.004719 0.020916 0.087800
0.004730 0.021188 0.088000
0.004730 0.022085 0.088000
0.004730 0.022309 0.088000
0.004724 0.022508 0.087900
0.004719 0.022706 0.087800
0.004713 0.022904 0.087700
0.004713 0.023127 0.087700
0.004708 0.023324 0.087600
0.004708 0.023548 0.087600
0.004713 0.023798 0.087700
0.004719 0.024049 0.087800
0.004730 0.024328 0.088000
0.004500 0.003685 0.087900
0.004489 0.003901 0.087700
0.004474 0.004110 0.087400
0.004454 0.004313 0.087000
0.004433 0.004514 0.086600
0.004418 0.004718 0.086300
0.004402 0.004921 0.086000
0.004392 0.005129 0.085800
0.004382 0.005335 0.085600
0.004372 0.005540 0.085400
0.004361 0.005744 0.085200
0.004356 0.005954 0.085100
0.004351 0.006164 0.085000
0.004341 0.006366 0.084800
0.004331 0.006566 0.084600
0.004326 0.006774 0.084500
0.004315 0.006973 0.084300
0.004310 0.007179 0.084200
0.004310 0.007394 0.084200
0.004310 0.007609 0.084200
0.004310 0.007823 0.084200
0.004315 0.008047 0.084300
0.004320 0.008272 0.084400
0.004326 0.008497 0.084500
0.004336 0.008733 0.084700
0.004341 0.008960 0.084800
0.004351 0.009198 0.085000
0.004361 0.009437 0.085200
0.004366 0.009665 0.085300
0.004377 0.009906 0.085500
0.004377 0.010124 0.085500
0.004377 0.010342 0.085500
0.004392 0.018908 0.085800
0.004407 0.019194 0.086100
0.004423 0.019481 0.086400
0.004433 0.019747 0.086600
0.004448 0.020037 0.086900
0.004459 0.020305 0.087100
0.004469 0.020574 0.087300
0.004484 0.020868 0.087600
0.004489 0.021115 0.087700
0.004500 0.021388 0.087900
0.004500 0.021612 0.087900
0.004500 0.021836 0.087900
0.004494 0.022035 0.087800
0.004494 0.022258 0.087800
0.004489 0.022457 0.087700
0.004479 0.022629 0.087500
0.004474 0.022825 0.087400
0.004469 0.023022 0.087300
0.004464 0.023218 0.087200
0.004464 0.023440 0.087200
0.004464 0.023662 0.087200
0.004469 0.023912 0.087300
0.004474 0.024162 0.087400
0.004484 0.024441 0.087600
0.004500 0.024749 0.087900
0.004275 0.003237 0.087900
0.004270 0.003457 0.087800
0.004260 0.003673 0.087600
0.004246 0.003883 0.087300
0.004236 0.004096 0.087100
0.004217 0.004298 0.086700
0.004202 0.004504 0.086400
0.004187 0.004707 0.086100
0.004183 0.004921 0.086000
0.004163 0.005117 0.085600
0.004149 0.005316 0.085300
0.004139 0.005521 0.085100
0.004134 0.005731 0.085000
0.004124 0.005933 0.084800
0.004114 0.006135 0.084600
0.004105 0.006336 0.084400
0.004100 0.006543 0.084300
0.004095 0.006750 0.084200
0.004085 0.006948 0.084000
0.004080 0.007154 0.083900
0.004080 0.007368 0.083900
0.004080 0.007581 0.083900
0.004080 0.007795 0.083900
0.004080 0.008009 0.083900
0.004085 0.008233 0.084000
0.004090 0.008457 0.084100
0.004095 0.008682 0.084200
0.004105 0.008918 0.084400
0.004114 0.009154 0.084600
0.004124 0.009392 0.084800
0.004129 0.009620 0.084900
0.004134 0.009848 0.085000
0.004134 0.010064 0.085000
0.004134 0.010281 0.085000
0.004129 0.015030 0.084900
0.004168 0.018886 0.085700
0.004178 0.019149 0.085900
0.004192 0.019436 0.086200
0.004202 0.019701 0.086400
0.004217 0.019990 0.086700
0.004221 0.020235 0.086800
0.004236 0.020527 0.087100
0.004246 0.020796 0.087300
0.004256 0.021067 0.087500
0.004260 0.021315 0.087600
0.004270 0.021587 0.087800
0.004265 0.021786 0.087700
0.004260 0.021984 0.087600
0.004260 0.022208 0.087600
0.004256 0.022405 0.087500
0.004246 0.022577 0.087300
0.004241 0.022773 0.087200
0.004231 0.022943 0.087000
0.004226 0.023138 0.086900
0.004226 0.023359 0.086900
0.004226 0.023581 0.086900
0.004226 0.023803 0.086900
0.004231 0.024052 0.087000
0.004241 0.024329 0.087200
0.004251 0.024608 0.087400
0.004060 0.002571 0.088100
0.004055 0.002792 0.088000
0.004046 0.003010 0.087800
0.004037 0.003226 0.087600
0.004032 0.003446 0.087500
0.004023 0.003660 0.087300
0.004009 0.003870 0.087000
0.004000 0.004082 0.086800
0.003995 0.004298 0.086700
0.003981 0.004504 0.086400
0.003967 0.004707 0.086100
0.003944 0.004898 0.085600
0.003931 0.005099 0.085300
0.003921 0.005304 0.085100
0.003912 0.005508 0.084900
0.003903 0.005711 0.084700
0.003894 0.005912 0.084500
0.003884 0.006113 0.084300
0.003880 0.006321 0.084200
0.003871 0.006520 0.084000
0.003861 0.006718 0.083800
0.003857 0.006923 0.083700
0.003857 0.007137 0.083700
0.003852 0.007341 0.083600
0.003852 0.007554 0.083600
0.003852 0.007767 0.083600
0.003857 0.007990 0.083700
0.003857 0.008204 0.083700
0.003866 0.008437 0.083900
0.003871 0.008661 0.084000
0.003875 0.008886 0.084100
0.003880 0.009111 0.084200
0.003889 0.009348 0.084400
0.003894 0.009574 0.084500
0.003898 0.009801 0.084600
0.003894 0.010005 0.084500
0.003894 0.010221 0.084500
0.003889 0.010424 0.084400
0.003908 0.014797 0.084800
0.003908 0.015013 0.084800
0.003908 0.015229 0.084800
0.003903 0.015427 0.084700
0.003935 0.018602 0.085400
0.003940 0.018842 0.085500
0.003954 0.019127 0.085800
0.003963 0.019391 0.086000
0.003972 0.019655 0.086200
0.003981 0.019921 0.086400
0.003990 0.020188 0.086600
0.004000 0.020456 0.086800
0.004009 0.020725 0.087000
0.004018 0.020995 0.087200
0.004027 0.021266 0.087400
0.004032 0.021513 0.087500
0.004027 0.021711 0.087400
0.004023 0.021909 0.087300
0.004023 0.022132 0.087300
0.004018 0.022329 0.087200
0.004014 0.022525 0.087100
0.004004 0.022695 0.086900
0.004000 0.022890 0.086800
0.003990 0.023058 0.086600
0.003990 0.023279 0.086600
0.003990 0.023500 0.086600
0.003990 0.023720 0.086600
0.003995 0.023969 0.086700
0.004004 0.024246 0.086900
0.004004 0.024467 0.086900
0.004041 0.024916 0.087700
0.004041 0.025139 0.087700
0.003830 0.002344 0.088000
0.003826 0.002565 0.087900
0.003817 0.002783 0.087700
0.003813 0.003003 0.087600
0.003804 0.003219 0.087400
0.003795 0.003434 0.087200
0.003787 0.003648 0.087000
0.003778 0.003861 0.086800
0.003765 0.004068 0.086500
0.003765 0.004288 0.086500
0.003730 0.004686 0.085700
0.003717 0.004887 0.085400
0.003704 0.005087 0.085100
0.003691 0.005285 0.084800
0.003682 0.005488 0.084600
0.003673 0.005690 0.084400
0.003665 0.005891 0.084200
0.003660 0.006099 0.084100
0.003652 0.006298 0.083900
0.003647 0.006504 0.083800
0.003639 0.006702 0.083600
0.003639 0.006915 0.083600
0.003634 0.007120 0.083500
0.003634 0.007332 0.083500
0.003634 0.007545 0.083500
0.003634 0.007758 0.083500
0.003634 0.007971 0.083500
0.003639 0.008194 0.083600
0.003643 0.008417 0.083700
0.003643 0.008630 0.083700
0.003652 0.008865 0.083900
0.003656 0.009089 0.084000
0.003660 0.009315 0.084100
0.003665 0.009540 0.084200
0.003669 0.009767 0.084300
0.003669 0.009982 0.084300
0.003669 0.010196 0.084300
0.003665 0.010399 0.084200
0.003660 0.010601 0.084100
0.003656 0.010803 0.084000
0.003678 0.014313 0.084500
0.003678 0.014529 0.084500
0.003691 0.014797 0.084800
0.003682 0.014977 0.084600
0.003682 0.015193 0.084600
0.003687 0.015427 0.084700
0.003708 0.018559 0.085200
0.003717 0.018820 0.085400
0.003726 0.019082 0.085600
0.003734 0.019345 0.085800
0.003743 0.019610 0.086000
0.003752 0.019875 0.086200
0.003760 0.020142 0.086400
0.003765 0.020385 0.086500
0.003774 0.020653 0.086700
0.003782 0.020923 0.086900
0.003787 0.021169 0.087000
0.003795 0.021439 0.087200
0.003795 0.021662 0.087200
0.003787 0.021834 0.087000
0.003787 0.022056 0.087000
0.003782 0.022252 0.086900
0.003778 0.022447 0.086800
0.003774 0.022643 0.086700
0.003765 0.022811 0.086500
0.003760 0.023005 0.086400
0.003760 0.023225 0.086400
0.003760 0.023445 0.086400
0.003760 0.023666 0.086400
0.003760 0.023886 0.086400
0.003769 0.024162 0.086600
0.003769 0.024383 0.086600
0.003778 0.024660 0.086800
0.003813 0.025111 0.087600
0.003609 0.001897 0.088100
0.003601 0.002117 0.087900
0.003597 0.002338 0.087800
0.003593 0.002559 0.087700
0.003585 0.002777 0.087500
0.003581 0.002996 0.087400
0.003573 0.003212 0.087200
0.003564 0.003426 0.087000
0.003556 0.003639 0.086800
0.003548 0.003852 0.086600
0.003540 0.004063 0.086400
0.003527 0.004268 0.086100
0.003515 0.004472 0.085800
0.003503 0.004675 0.085500
0.003491 0.004875 0.085200
0.003474 0.005069 0.084800
0.003466 0.005272 0.084600
0.003458 0.005475 0.084400
0.003445 0.005670 0.084100
0.003441 0.005877 0.084000
0.003433 0.006077 0.083800
0.003429 0.006283 0.083700
0.003421 0.006481 0.083500
0.003417 0.006686 0.083400
0.003417 0.006898 0.083400
0.003417 0.007111 0.083400
0.003417 0.007324 0.083400
0.003417 0.007536 0.083400
0.003417 0.007749 0.083400
0.003417 0.007962 0.083400
0.003421 0.008184 0.083500
0.003421 0.008397 0.083500
0.003425 0.008620 0.083600
0.003429 0.008844 0.083700
0.003433 0.009068 0.083800
0.003441 0.009304 0.084000
0.003445 0.009529 0.084100
0.003450 0.009755 0.084200
0.003450 0.009970 0.084200
0.003450 0.010184 0.084200
0.003445 0.010387 0.084100
0.003441 0.010588 0.084000
0.003441 0.010803 0.084000
0.003433 0.010990 0.083800
0.003425 0.011177 0.083600
0.003429 0.013751 0.083700
0.003441 0.014015 0.084000
0.003454 0.014279 0.084300
0.003458 0.014512 0.084400
0.003462 0.014744 0.084500
0.003462 0.014960 0.084500
0.003462 0.015175 0.084500
0.003462 0.015390 0.084500
0.003462 0.015606 0.084500
0.003486 0.018537 0.085100
0.003491 0.018776 0.085200
0.003499 0.019038 0.085400
0.003507 0.019300 0.085600
0.003515 0.019564 0.085800
0.003519 0.019806 0.085900
0.003523 0.020048 0.086000
0.003532 0.020315 0.086200
0.003536 0.020558 0.086300
0.003544 0.020826 0.086500
0.003548 0.021071 0.086600
0.003552 0.021317 0.086700
0.003556 0.021562 0.086800
0.003556 0.021784 0.086800
0.003564 0.022056 0.087000
0.003560 0.022252 0.086900
0.003548 0.022396 0.086600
0.003540 0.022564 0.086400
0.003536 0.022758 0.086300
0.003532 0.022952 0.086200
0.003532 0.023171 0.086200
0.003527 0.023364 0.086100
0.003527 0.023583 0.086100
0.003532 0.023831 0.086200
0.003536 0.024078 0.086300
0.003536 0.024298 0.086300
0.003540 0.024547 0.086400
0.003548 0.024824 0.086600
0.003384 0.001223 0.088100
0.003384 0.001448 0.088100
0.003380 0.001671 0.088000
0.003377 0.001893 0.087900
0.003373 0.002115 0.087800
0.003365 0.002333 0.087600
0.003361 0.002553 0.087500
0.003354 0.002770 0.087300
0.003350 0.002989 0.087200
0.003342 0.003204 0.087000
0.003334 0.003418 0.086800
0.003330 0.003635 0.086700
0.003323 0.003847 0.086500
0.003315 0.004058 0.086300
0.003304 0.004264 0.086000
0.003292 0.004467 0.085700
0.003281 0.004669 0.085400
0.003269 0.004870 0.085100
0.003254 0.005063 0.084700
0.003238 0.005254 0.084300
0.003231 0.005456 0.084100
0.003223 0.005657 0.083900
0.003215 0.005856 0.083700
0.003208 0.006055 0.083500
0.003208 0.006268 0.083500
0.003200 0.006466 0.083300
0.003196 0.006670 0.083200
0.003196 0.006882 0.083200
0.003196 0.007094 0.083200
0.003196 0.007306 0.083200
0.003196 0.007518 0.083200
0.003196 0.007730 0.083200
0.003200 0.007952 0.083300
0.003200 0.008164 0.083300
0.003204 0.008387 0.083400
0.003204 0.008599 0.083400
0.003208 0.008823 0.083500
0.003211 0.009046 0.083600
0.003219 0.009281 0.083800
0.003223 0.009506 0.083900
0.003227 0.009732 0.084000
0.003231 0.009958 0.084100
0.003231 0.010172 0.084100
0.003231 0.010387 0.084100
0.003227 0.010588 0.084000
0.003227 0.010803 0.084000
0.003219 0.010990 0.083800
0.003211 0.011177 0.083600
0.003204 0.011363 0.083400
0.003196 0.011548 0.083200
0.003188 0.011732 0.083000
0.003173 0.012518 0.082600
0.003173 0.012728 0.082600
0.003177 0.012954 0.082700
0.003181 0.013181 0.082800
0.003192 0.013441 0.083100
0.003215 0.013751 0.083700
0.003215 0.013964 0.083700
0.003227 0.014229 0.084000
0.003234 0.014477 0.084200
0.003238 0.014709 0.084300
0.003242 0.014942 0.084400
0.003242 0.015157 0.084400
0.003242 0.015372 0.084400
0.003242 0.015587 0.084400
0.003242 0.015803 0.084400
0.003261 0.018493 0.084900
0.003269 0.018754 0.085100
0.003273 0.018993 0.085200
0.003277 0.019233 0.085300
0.003284 0.019496 0.085500
0.003288 0.019737 0.085600
0.003292 0.019978 0.085700
0.003296 0.020220 0.085800
0.003304 0.020487 0.086000
0.003307 0.020730 0.086100
0.003311 0.020974 0.086200
0.003319 0.021243 0.086400
0.003319 0.021463 0.086400
0.003319 0.021683 0.086400
0.003315 0.022318 0.086300
0.003311 0.022512 0.086200
0.003307 0.022705 0.086100
0.003304 0.022898 0.086000
0.003304 0.023118 0.086000
0.003300 0.023310 0.085900
0.003300 0.023529 0.085900
0.003304 0.023775 0.086000
0.003304 0.023994 0.086000
0.003304 0.024214 0.086000
0.003156 0.000773 0.088000
0.003152 0.000997 0.087900
0.003152 0.001221 0.087900
0.003148 0.001443 0.087800
0.003148 0.001667 0.087800
0.003148 0.001891 0.087800
0.003141 0.002110 0.087600
0.003138 0.002330 0.087500
0.003130 0.002548 0.087300
0.003127 0.002767 0.087200
0.003123 0.002986 0.087100
0.003116 0.003201 0.086900
0.003109 0.003414 0.086700
0.003105 0.003631 0.086600
0.003098 0.003843 0.086400
0.003087 0.004049 0.086100
0.003080 0.004259 0.085900
0.003070 0.004462 0.085600
0.003059 0.004664 0.085300
0.003048 0.004864 0.085000
0.003034 0.005057 0.084600
0.003019 0.005248 0.084200
0.003012 0.005449 0.084000
0.003005 0.005650 0.083800
0.002998 0.005849 0.083600
0.002991 0.006048 0.083400
0.002987 0.006253 0.083300
0.002980 0.006450 0.083100
0.002980 0.006662 0.083100
0.002980 0.006874 0.083100
0.002980 0.007086 0.083100
0.002980 0.007297 0.083100
0.002980 0.007509 0.083100
0.002980 0.007721 0.083100
0.002980 0.007933 0.083100
0.002983 0.008155 0.083200
0.002983 0.008367 0.083200
0.002987 0.008589 0.083300
0.002991 0.008812 0.083400
0.002994 0.009035 0.083500
0.002998 0.009259 0.083600
0.003005 0.009495 0.083800
0.003005 0.009709 0.083800
0.003009 0.009934 0.083900
0.003012 0.010160 0.084000
0.003012 0.010374 0.084000
0.003012 0.010588 0.084000
0.003009 0.010790 0.083900
0.003005 0.010990 0.083800
0.002998 0.011177 0.083600
0.002987 0.011350 0.083300
0.002980 0.011534 0.083100
0.002973 0.011718 0.082900
0.002966 0.011900 0.082700
0.002958 0.012082 0.082500
0.002955 0.012277 0.082400
0.002955 0.012487 0.082400
0.002955 0.012697 0.082400
0.002955 0.012907 0.082400
0.002962 0.013149 0.082600
0.002969 0.013392 0.082800
0.002980 0.013653 0.083100
0.002991 0.013914 0.083400
0.003001 0.014178 0.083700
0.003009 0.014426 0.083900
0.003016 0.014674 0.084100
0.003019 0.014906 0.084200
0.003019 0.015121 0.084200
0.003019 0.015336 0.084200
0.003019 0.015550 0.084200
0.003019 0.015765 0.084200
0.003019 0.015980 0.084200
0.003019 0.016194 0.084200
0.003041 0.018471 0.084800
0.003044 0.018710 0.084900
0.003048 0.018948 0.085000
0.003052 0.019188 0.085100
0.003055 0.019427 0.085200
0.003062 0.019691 0.085400
0.003066 0.019932 0.085500
0.003066 0.020150 0.085500
0.003070 0.020391 0.085600
0.003073 0.020634 0.085700
0.003077 0.020877 0.085800
0.003084 0.021144 0.086000
0.003087 0.021389 0.086100
0.003084 0.021583 0.086000
0.003084 0.021802 0.086000
0.003084 0.022021 0.086000
0.003084 0.022241 0.086000
0.003084 0.022460 0.086000
0.003080 0.022653 0.085900
0.003077 0.022845 0.085800
0.003077 0.023064 0.085800
0.003077 0.023282 0.085800
0.003077 0.023501 0.085800
0.002934 0.000325 0.088100
0.002921 0.000547 0.087700
0.002917 0.000770 0.087600
0.002914 0.000992 0.087500
0.002914 0.001215 0.087500
0.002914 0.001438 0.087500
0.002911 0.001659 0.087400
0.002911 0.001882 0.087400
0.002904 0.002100 0.087200
0.002901 0.002320 0.087100
0.002897 0.002539 0.087000
0.002894 0.002757 0.086900
0.002891 0.002976 0.086800
0.002887 0.003193 0.086700
0.002884 0.003410 0.086600
0.002881 0.003627 0.086500
0.002874 0.003838 0.086300
0.002867 0.004049 0.086100
0.002861 0.004259 0.085900
0.002851 0.004462 0.085600
0.002841 0.004664 0.085300
0.002827 0.004858 0.084900
0.002814 0.005051 0.084500
0.002804 0.005248 0.084200
0.002791 0.005436 0.083800
0.002788 0.005643 0.083700
0.002778 0.005835 0.083400
0.002771 0.006034 0.083200
0.002768 0.006238 0.083100
0.002764 0.006442 0.083000
0.002764 0.006654 0.083000
0.002764 0.006865 0.083000
0.002764 0.007077 0.083000
0.002764 0.007289 0.083000
0.002764 0.007500 0.083000
0.002764 0.007712 0.083000
0.002764 0.007923 0.083000
0.002768 0.008145 0.083100
0.002768 0.008357 0.083100
0.002771 0.008579 0.083200
0.002774 0.008801 0.083300
0.002774 0.009014 0.083300
0.002778 0.009237 0.083400
0.002784 0.009472 0.083600
0.002788 0.009697 0.083700
0.002791 0.009922 0.083800
0.002794 0.010148 0.083900
0.002794 0.010362 0.083900
0.002794 0.010576 0.083900
0.002794 0.010790 0.083900
0.002788 0.010977 0.083700
0.002778 0.011151 0.083400
0.002771 0.011336 0.083200
0.002761 0.011506 0.082900
0.002761 0.011718 0.082900
0.002748 0.011871 0.082500
0.002748 0.012082 0.082500
0.002741 0.012262 0.082300
0.002738 0.012457 0.082200
0.002738 0.012667 0.082200
0.002741 0.012892 0.082300
0.002744 0.013117 0.082400
0.002751 0.013360 0.082600
0.002754 0.013587 0.082700
0.002768 0.013864 0.083100
0.002774 0.014110 0.083300
0.002781 0.014357 0.083500
0.002788 0.014605 0.083700
0.002791 0.014836 0.083800
0.002794 0.015067 0.083900
0.002797 0.015299 0.084000
0.002797 0.015513 0.084000
0.002801 0.015746 0.084100
0.002801 0.015961 0.084100
0.002801 0.016175 0.084100
0.002801 0.016390 0.084100
0.002801 0.016604 0.084100
0.002814 0.018406 0.084500
0.002817 0.018644 0.084600
0.002821 0.018882 0.084700
0.002824 0.019120 0.084800
0.002827 0.019359 0.084900
0.002834 0.019622 0.085100
0.002837 0.019862 0.085200
0.002837 0.020079 0.085200
0.002841 0.020320 0.085300
0.002844 0.020562 0.085400
0.002847 0.020804 0.085500
0.002851 0.021046 0.085600
0.002851 0.021264 0.085600
0.002854 0.021508 0.085700
0.002854 0.021726 0.085700
0.002854 0.021945 0.085700
0.002854 0.022163 0.085700
0.002854 0.022381 0.085700
0.002854 0.022600 0.085700
0.002851 0.022792 0.085600
0.002851 0.023010 0.085600
0.002700 0.000100 0.087800
0.002687 0.000323 0.087400
0.002681 0.000544 0.087200
0.002681 0.000766 0.087200
0.002678 0.000988 0.087100
0.002678 0.001210 0.087100
0.002681 0.001433 0.087200
0.002681 0.001656 0.087200
0.002675 0.001874 0.087000
0.002672 0.002093 0.086900
0.002669 0.002312 0.086800
0.002666 0.002530 0.086700
0.002663 0.002748 0.086600
0.002663 0.002969 0.086600
0.002660 0.003186 0.086500
0.002660 0.003406 0.086500
0.002657 0.003623 0.086400
0.002654 0.003838 0.086300
0.002644 0.004044 0.086000
0.002641 0.004259 0.085900
0.002632 0.004462 0.085600
0.002623 0.004664 0.085300
0.002611 0.004858 0.084900
0.002598 0.005051 0.084500
0.002586 0.005241 0.084100
0.002577 0.005436 0.083800
0.002567 0.005630 0.083500
0.002558 0.005821 0.083200
0.002555 0.006026 0.083100
0.002552 0.006231 0.083000
0.002549 0.006434 0.082900
0.002549 0.006646 0.082900
0.002549 0.006857 0.082900
0.002549 0.007068 0.082900
0.002549 0.007280 0.082900
0.002549 0.007491 0.082900
0.002549 0.007702 0.082900
0.002549 0.007914 0.082900
0.002552 0.008135 0.083000
0.002552 0.008347 0.083000
0.002555 0.008568 0.083100
0.002555 0.008780 0.083100
0.002558 0.009003 0.083200
0.002561 0.009226 0.083300
0.002567 0.009461 0.083500
0.002571 0.009686 0.083600
0.002577 0.009922 0.083800
0.002577 0.010136 0.083800
0.002577 0.010350 0.083800
0.002577 0.010563 0.083800
0.002577 0.010777 0.083800
0.002571 0.010964 0.083600
0.002558 0.011124 0.083200
0.002552 0.011309 0.083000
0.002549 0.011506 0.082900
0.002537 0.011661 0.082500
0.002537 0.011871 0.082500
0.002528 0.012038 0.082200
0.002524 0.012233 0.082100
0.002521 0.012427 0.082000
0.002521 0.012636 0.082000
0.002524 0.012860 0.082100
0.002528 0.013086 0.082200
0.002531 0.013311 0.082300
0.002537 0.013554 0.082500
0.002546 0.013814 0.082800
0.002552 0.014059 0.083000
0.002555 0.014288 0.083100
0.002561 0.014535 0.083300
0.002567 0.014783 0.083500
0.002571 0.015013 0.083600
0.002574 0.015245 0.083700
0.002577 0.015477 0.083800
0.002577 0.015690 0.083800
0.002580 0.015923 0.083900
0.002583 0.016156 0.084000
0.002583 0.016370 0.084000
0.002583 0.016584 0.084000
0.002583 0.016798 0.084000
0.002586 0.017033 0.084100
0.002589 0.017912 0.084200
0.002589 0.018126 0.084200
0.002589 0.018341 0.084200
0.002595 0.018600 0.084400
0.002598 0.018837 0.084500
0.002601 0.019075 0.084600
0.002604 0.019313 0.084700
0.002611 0.019575 0.084900
0.002614 0.019815 0.085000
0.002617 0.020055 0.085100
0.002617 0.020272 0.085100
0.002620 0.020513 0.085200
0.002623 0.020755 0.085300
0.002623 0.020972 0.085300
0.002626 0.021215 0.085400
0.002626 0.021432 0.085400
0.002626 0.021650 0.085400
0.002626 0.021868 0.085400
0.002626 0.022085 0.085400
0.002626 0.022303 0.085400
0.002629 0.022547 0.085500
0.002629 0.022765 0.085500
0.002629 0.022983 0.085500
0.002470 -0.000123 0.087600
0.002464 0.000100 0.087400
0.002458 0.000322 0.087200
0.002453 0.000543 0.087000
0.002450 0.000764 0.086900
0.002447 0.000984 0.086800
0.002447 0.001205 0.086800
0.002444 0.001425 0.086700
0.002442 0.001644 0.086600
0.002442 0.001865 0.086600
0.002439 0.002083 0.086500
0.002436 0.002301 0.086400
0.002436 0.002521 0.086400
0.002430 0.002735 0.086200
0.002430 0.002955 0.086200
0.002430 0.003175 0.086200
0.002433 0.003398 0.086300
0.002433 0.003618 0.086300
0.002430 0.003834 0.086200
0.002425 0.004044 0.086000
0.002419 0.004254 0.085800
0.002413 0.004462 0.085600
0.002405 0.004664 0.085300
0.002394 0.004858 0.084900
0.002380 0.005045 0.084400
0.002371 0.005241 0.084100
0.002357 0.005423 0.083600
0.002351 0.005623 0.083400
0.002343 0.005814 0.083100
0.002337 0.006012 0.082900
0.002334 0.006216 0.082800
0.002332 0.006419 0.082700
0.002332 0.006630 0.082700
0.002332 0.006841 0.082700
0.002332 0.007051 0.082700
0.002332 0.007262 0.082700
0.002334 0.007482 0.082800
0.002334 0.007693 0.082800
0.002334 0.007904 0.082800
0.002334 0.008115 0.082800
0.002337 0.008336 0.082900
0.002340 0.008558 0.083000
0.002340 0.008770 0.083000
0.002343 0.008992 0.083100
0.002346 0.009215 0.083200
0.002348 0.009438 0.083300
0.002354 0.009674 0.083500
0.002357 0.009899 0.083600
0.002360 0.010124 0.083700
0.002360 0.010337 0.083700
0.002357 0.010538 0.083600
0.002357 0.010751 0.083600
0.002348 0.010925 0.083300
0.002346 0.011124 0.083200
0.002332 0.011268 0.082700
0.002326 0.011451 0.082500
0.002320 0.011633 0.082300
0.002315 0.011814 0.082100
0.002312 0.012009 0.082000
0.002312 0.012218 0.082000
0.002309 0.012411 0.081900
0.002309 0.012620 0.081900
0.002312 0.012845 0.082000
0.002312 0.013054 0.082000
0.002315 0.013279 0.082100
0.002317 0.013505 0.082200
0.002323 0.013748 0.082400
0.002329 0.013992 0.082600
0.002332 0.014219 0.082700
0.002337 0.014465 0.082900
0.002343 0.014712 0.083100
0.002346 0.014942 0.083200
0.002351 0.015190 0.083400
0.002354 0.015421 0.083500
0.002357 0.015653 0.083600
0.002360 0.015885 0.083700
0.002363 0.016117 0.083800
0.002363 0.016331 0.083800
0.002363 0.016545 0.083800
0.002365 0.016778 0.083900
0.002365 0.016992 0.083900
0.002368 0.017227 0.084000
0.002365 0.017420 0.083900
0.002365 0.017634 0.083900
0.002365 0.017848 0.083900
0.002368 0.018083 0.084000
0.002368 0.018297 0.084000
0.002371 0.018533 0.084100
0.002374 0.018770 0.084200
0.002377 0.019007 0.084300
0.002380 0.019245 0.084400
0.002385 0.019506 0.084600
0.002388 0.019745 0.084700
0.002391 0.019985 0.084800
0.002394 0.020225 0.084900
0.002396 0.020465 0.085000
0.002396 0.020682 0.085000
0.002399 0.020923 0.085100
0.002399 0.021140 0.085100
0.002399 0.021357 0.085100
0.002399 0.021574 0.085100
0.002399 0.021791 0.085100
0.002399 0.022008 0.085100
0.002402 0.022251 0.085200
0.002405 0.022494 0.085300
0.002405 0.022712 0.085300
0.002408 0.022956 0.085400
0.002238 -0.000123 0.087300
0.002233 0.000099 0.087100
0.002228 0.000321 0.086900
0.002223 0.000541 0.086700
0.002220 0.000761 0.086600
0.002215 0.000980 0.086400
0.002210 0.001197 0.086200
0.002207 0.001415 0.086100
0.002207 0.001635 0.086100
0.002207 0.001854 0.086100
0.002207 0.002074 0.086100
0.002207 0.002293 0.086100
0.002207 0.002513 0.086100
0.002207 0.002732 0.086100
0.002200 0.002941 0.085800
0.002200 0.003160 0.085800
0.002202 0.003383 0.085900
0.002207 0.003610 0.086100
0.002210 0.003834 0.086200
0.002205 0.004044 0.086000
0.002200 0.004254 0.085800
0.002195 0.004462 0.085600
0.002189 0.004669 0.085400
0.002177 0.004858 0.084900
0.002161 0.005039 0.084300
0.002161 0.005254 0.084300
0.002141 0.005417 0.083500
0.002133 0.005609 0.083200
0.002125 0.005800 0.082900
0.002120 0.005997 0.082700
0.002120 0.006208 0.082700
0.002120 0.006419 0.082700
0.002118 0.006622 0.082600
0.002118 0.006832 0.082600
0.002120 0.007051 0.082700
0.002120 0.007262 0.082700
0.002120 0.007473 0.082700
0.002120 0.007684 0.082700
0.002123 0.007904 0.082800
0.002123 0.008115 0.082800
0.002125 0.008336 0.082900
0.002125 0.008548 0.082900
0.002128 0.008770 0.083000
0.002128 0.008981 0.083000
0.002131 0.009204 0.083100
0.002133 0.009427 0.083200
0.002136 0.009651 0.083300
0.002141 0.009887 0.083500
0.002141 0.010100 0.083500
0.002141 0.010313 0.083500
0.002143 0.010538 0.083600
0.002136 0.010713 0.083300
0.002136 0.010925 0.083300
0.002120 0.011057 0.082700
0.002113 0.011227 0.082400
0.002113 0.011437 0.082400
0.002102 0.011591 0.082000
0.002100 0.011785 0.081900
0.002097 0.011979 0.081800
0.002095 0.012173 0.081700
0.002095 0.012381 0.081700
0.002095 0.012589 0.081700
0.002095 0.012798 0.081700
0.002097 0.013022 0.081800
0.002097 0.013230 0.081800
0.002100 0.013455 0.081900
0.002102 0.013681 0.082000
0.002107 0.013924 0.082200
0.002110 0.014151 0.082300
0.002115 0.014395 0.082500
0.002120 0.014641 0.082700
0.002125 0.014888 0.082900
0.002131 0.015135 0.083100
0.002136 0.015384 0.083300
0.002138 0.015615 0.083400
0.002141 0.015847 0.083500
0.002143 0.016079 0.083600
0.002146 0.016312 0.083700
0.002146 0.016525 0.083700
0.002148 0.016758 0.083800
0.002148 0.016972 0.083800
0.002148 0.017186 0.083800
0.002146 0.017378 0.083700
0.002146 0.017592 0.083700
0.002146 0.017805 0.083700
0.002146 0.018019 0.083700
0.002146 0.018232 0.083700
0.002151 0.018489 0.083900
0.002151 0.018703 0.083900
0.002154 0.018940 0.084000
0.002159 0.019199 0.084200
0.002161 0.019437 0.084300
0.002164 0.019675 0.084400
0.002169 0.019938 0.084600
0.002169 0.020153 0.084600
0.002169 0.020369 0.084600
0.002172 0.020609 0.084700
0.002174 0.020849 0.084800
0.002174 0.021066 0.084800
0.002177 0.021307 0.084900
0.002177 0.021523 0.084900
0.002177 0.021740 0.084900
0.002179 0.021982 0.085000
0.002182 0.022225 0.085100
0.002184 0.022468 0.085200
0.002184 0.022685 0.085200
0.002184 0.022902 0.085200
0.002015 -0.000345 0.087300
0.002008 -0.000123 0.087000
0.002006 0.000099 0.086900
0.001999 0.000320 0.086600
0.001994 0.000539 0.086400
0.001992 0.000758 0.086300
0.001985 0.000975 0.086000
0.001981 0.001192 0.085800
0.001974 0.001405 0.085500
0.001969 0.001619 0.085300
0.001964 0.001833 0.085100
0.001964 0.002050 0.085100
0.001960 0.002261 0.084900
0.001960 0.002478 0.084900
0.001987 0.002732 0.086100
0.001969 0.002924 0.085300
0.001969 0.003142 0.085300
0.001971 0.003363 0.085400
0.001978 0.003593 0.085700
0.001981 0.003816 0.085800
0.001983 0.004040 0.085900
0.001978 0.004249 0.085700
0.001976 0.004462 0.085600
0.001971 0.004669 0.085400
0.001957 0.004853 0.084800
0.001946 0.005039 0.084300
0.001946 0.005254 0.084300
0.001925 0.005410 0.083400
0.001918 0.005603 0.083100
0.001911 0.005793 0.082800
0.001907 0.005990 0.082600
0.001904 0.006193 0.082500
0.001904 0.006403 0.082500
0.001904 0.006614 0.082500
0.001904 0.006824 0.082500
0.001907 0.007043 0.082600
0.001907 0.007253 0.082600
0.001909 0.007473 0.082700
0.001909 0.007684 0.082700
0.001909 0.007895 0.082700
0.001911 0.008115 0.082800
0.001911 0.008326 0.082800
0.001911 0.008537 0.082800
0.001914 0.008759 0.082900
0.001914 0.008970 0.082900
0.001918 0.009204 0.083100
0.001918 0.009416 0.083100
0.001920 0.009639 0.083200
0.001927 0.009887 0.083500
0.001927 0.010100 0.083500
0.001927 0.010313 0.083500
0.001923 0.010713 0.083300
0.001907 0.010833 0.082600
0.001900 0.011004 0.082300
0.001900 0.011213 0.082300
0.001902 0.011437 0.082400
0.001888 0.011562 0.081800
0.001886 0.011756 0.081700
0.001884 0.011950 0.081600
0.001881 0.012143 0.081500
0.001881 0.012351 0.081500
0.001881 0.012559 0.081500
0.001881 0.012766 0.081500
0.001884 0.012990 0.081600
0.001884 0.013198 0.081600
0.001886 0.013423 0.081700
0.001888 0.013647 0.081800
0.001890 0.013873 0.081900
0.001895 0.014116 0.082100
0.001897 0.014343 0.082200
0.001902 0.014588 0.082400
0.001907 0.014834 0.082600
0.001911 0.015081 0.082800
0.001916 0.015329 0.083000
0.001918 0.015559 0.083100
0.001923 0.015809 0.083300
0.001927 0.016060 0.083500
0.001927 0.016273 0.083500
0.001930 0.016505 0.083600
0.001930 0.016718 0.083600
0.001932 0.016952 0.083700
0.001930 0.017145 0.083600
0.001930 0.017358 0.083600
0.001930 0.017571 0.083600
0.001930 0.017784 0.083600
0.001930 0.017997 0.083600
0.001930 0.018210 0.083600
0.001930 0.018423 0.083600
0.001932 0.018659 0.083700
0.001934 0.018895 0.083800
0.001937 0.019131 0.083900
0.001946 0.019437 0.084300
0.001944 0.019629 0.084200
0.001944 0.019843 0.084200
0.001944 0.020058 0.084200
0.001946 0.020297 0.084300
0.001948 0.020536 0.084400
0.001948 0.020751 0.084400
0.001951 0.020991 0.084500
0.001953 0.021232 0.084600
0.001953 0.021447 0.084600
0.001953 0.021663 0.084600
0.001955 0.021904 0.084700
0.001957 0.022146 0.084800
0.001960 0.022389 0.084900
0.001962 0.022632 0.085000
0.001782 -0.000786 0.086800
0.001782 -0.000565 0.086800
0.001780 -0.000343 0.086700
0.001780 -0.000122 0.086700
0.001778 0.000099 0.086600
0.001774 0.000319 0.086400
0.001767 0.000537 0.086100
0.001763 0.000755 0.085900
0.001757 0.000971 0.085600
0.001753 0.001186 0.085400
0.001747 0.001399 0.085100
0.001741 0.001610 0.084800
0.001735 0.001820 0.084500
0.001728 0.002028 0.084200
0.001722 0.002235 0.083900
0.001722 0.002448 0.083900
0.001728 0.002672 0.084200
0.001751 0.002924 0.085300
0.001745 0.003131 0.085000
0.001745 0.003347 0.085000
0.001749 0.003572 0.085200
0.001753 0.003798 0.085400
0.001755 0.004021 0.085500
0.001753 0.004234 0.085400
0.001751 0.004446 0.085300
0.001745 0.004647 0.085000
0.001735 0.004835 0.084500
0.001735 0.005051 0.084500
0.001712 0.005410 0.083400
0.001700 0.005582 0.082800
0.001696 0.005779 0.082600
0.001691 0.005976 0.082400
0.001691 0.006186 0.082400
0.001691 0.006396 0.082400
0.001691 0.006606 0.082400
0.001691 0.006816 0.082400
0.001694 0.007034 0.082500
0.001696 0.007253 0.082600
0.001696 0.007464 0.082600
0.001698 0.007684 0.082700
0.001698 0.007895 0.082700
0.001700 0.008115 0.082800
0.001700 0.008326 0.082800
0.001700 0.008537 0.082800
0.001702 0.008759 0.082900
0.001702 0.008970 0.082900
0.001704 0.009193 0.083000
0.001706 0.009416 0.083100
0.001708 0.009639 0.083200
0.001689 0.010794 0.082300
0.001689 0.011004 0.082300
0.001689 0.011213 0.082300
0.001677 0.011340 0.081700
0.001673 0.011520 0.081500
0.001673 0.011728 0.081500
0.001671 0.011921 0.081400
0.001671 0.012128 0.081400
0.001671 0.012336 0.081400
0.001671 0.012543 0.081400
0.001671 0.012751 0.081400
0.001671 0.012958 0.081400
0.001671 0.013166 0.081400
0.001671 0.013373 0.081400
0.001673 0.013597 0.081500
0.001675 0.013822 0.081600
0.001679 0.014065 0.081800
0.001681 0.014291 0.081900
0.001683 0.014517 0.082000
0.001689 0.014780 0.082300
0.001694 0.015026 0.082500
0.001698 0.015273 0.082700
0.001702 0.015522 0.082900
0.001706 0.015771 0.083100
0.001708 0.016002 0.083200
0.001710 0.016234 0.083300
0.001712 0.016466 0.083400
0.001714 0.016698 0.083500
0.001714 0.016911 0.083500
0.001716 0.017145 0.083600
0.001714 0.017337 0.083500
0.001712 0.017529 0.083400
0.001712 0.017741 0.083400
0.001714 0.017975 0.083500
0.001714 0.018188 0.083500
0.001714 0.018401 0.083500
0.001714 0.018614 0.083500
0.001720 0.018895 0.083800
0.001722 0.019131 0.083900
0.001728 0.019629 0.084200
0.001724 0.019796 0.084000
0.001724 0.020010 0.084000
0.001724 0.020224 0.084000
0.001724 0.020439 0.084000
0.001726 0.020677 0.084100
0.001728 0.020917 0.084200
0.001728 0.021131 0.084200
0.001730 0.021371 0.084300
0.001730 0.021586 0.084300
0.001733 0.021827 0.084400
0.001735 0.022068 0.084500
0.001739 0.022336 0.084700
0.001743 0.022605 0.084900
0.001573 -0.001239 0.087500
0.001556 -0.001005 0.086600
0.001555 -0.000783 0.086500
0.001555 -0.000563 0.086500
0.001553 -0.000342 0.086400
0.001553 -0.000122 0.086400
0.001549 0.000098 0.086200
0.001546 0.000317 0.086000
0.001540 0.000535 0.085700
0.001537 0.000751 0.085500
0.001537 0.000969 0.085500
0.001528 0.001180 0.085000
0.001522 0.001392 0.084700
0.001517 0.001602 0.084400
0.001513 0.001813 0.084200
0.001508 0.002021 0.083900
0.001504 0.002229 0.083700
0.001504 0.002443 0.083700
0.001506 0.002659 0.083800
0.001508 0.002876 0.083900
0.001528 0.003131 0.085000
0.001528 0.003347 0.085000
0.001531 0.003572 0.085200
0.001529 0.003785 0.085100
0.001529 0.004002 0.085100
0.001528 0.004214 0.085000
0.001524 0.004420 0.084800
0.001520 0.004625 0.084600
0.001519 0.004835 0.084500
0.001503 0.004997 0.083600
0.001495 0.005185 0.083200
0.001495 0.005397 0.083200
0.001485 0.005569 0.082600
0.001481 0.005766 0.082400
0.001479 0.005968 0.082300
0.001479 0.006178 0.082300
0.001477 0.006380 0.082200
0.001477 0.006590 0.082200
0.001479 0.006808 0.082300
0.001481 0.007026 0.082400
0.001483 0.007245 0.082500
0.001485 0.007464 0.082600
0.001485 0.007675 0.082600
0.001486 0.007895 0.082700
0.001486 0.008106 0.082700
0.001488 0.008326 0.082800
0.001490 0.008548 0.082900
0.001490 0.008759 0.082900
0.001490 0.008970 0.082900
0.001490 0.009182 0.082900
0.001477 0.010571 0.082200
0.001474 0.010754 0.082000
0.001474 0.010963 0.082000
0.001467 0.011118 0.081600
0.001465 0.011312 0.081500
0.001463 0.011506 0.081400
0.001461 0.011699 0.081300
0.001459 0.011891 0.081200
0.001459 0.012098 0.081200
0.001459 0.012305 0.081200
0.001459 0.012512 0.081200
0.001459 0.012719 0.081200
0.001459 0.012926 0.081200
0.001459 0.013133 0.081200
0.001461 0.013357 0.081300
0.001461 0.013564 0.081300
0.001463 0.013788 0.081400
0.001465 0.014013 0.081500
0.001467 0.014238 0.081600
0.001470 0.014482 0.081800
0.001474 0.014726 0.082000
0.001476 0.014953 0.082100
0.001481 0.015218 0.082400
0.001485 0.015465 0.082600
0.001488 0.015714 0.082800
0.001492 0.015964 0.083000
0.001494 0.016195 0.083100
0.001495 0.016426 0.083200
0.001497 0.016658 0.083300
0.001499 0.016891 0.083400
0.001499 0.017104 0.083400
0.001499 0.017316 0.083400
0.001497 0.017508 0.083300
0.001497 0.017720 0.083300
0.001499 0.017954 0.083400
0.001497 0.018145 0.083300
0.001497 0.018357 0.083300
0.001497 0.018569 0.083300
0.001497 0.018782 0.083300
0.001497 0.018994 0.083300
0.001499 0.019230 0.083400
0.001499 0.019442 0.083400
0.001501 0.019678 0.083500
0.001501 0.019891 0.083500
0.001503 0.020128 0.083600
0.001503 0.020341 0.083600
0.001504 0.020579 0.083700
0.001506 0.020817 0.083800
0.001508 0.021056 0.083900
0.001510 0.021295 0.084000
0.001510 0.021509 0.084000
0.001511 0.021749 0.084100
0.001515 0.022016 0.084300
0.001519 0.022283 0.084500
0.001358 -0.001921 0.088100
0.001358 -0.001696 0.088100
0.001334 -0.001224 0.086500
0.001331 -0.001002 0.086300
0.001329 -0.000781 0.086200
0.001329 -0.000561 0.086200
0.001327 -0.000341 0.086100
0.001326 -0.000121 0.086000
0.001324 0.000098 0.085900
0.001321 0.000316 0.085700
0.001317 0.000533 0.085400
0.001314 0.000749 0.085200
0.001310 0.000964 0.085000
0.001304 0.001175 0.084600
0.001300 0.001386 0.084300
0.001295 0.001595 0.084000
0.001292 0.001805 0.083800
0.001289 0.002013 0.083600
0.001286 0.002221 0.083400
0.001286 0.002434 0.083400
0.001286 0.002646 0.083400
0.001286 0.002859 0.083400
0.001300 0.003535 0.084300
0.001300 0.003749 0.084300
0.001303 0.003974 0.084500
0.001301 0.004184 0.084400
0.001300 0.004394 0.084300
0.001297 0.004598 0.084100
0.001297 0.004813 0.084100
0.001289 0.004997 0.083600
0.001283 0.005185 0.083200
0.001273 0.005358 0.082600
0.001270 0.005555 0.082400
0.001267 0.005752 0.082200
0.001266 0.005954 0.082100
0.001266 0.006163 0.082100
0.001266 0.006372 0.082100
0.001266 0.006582 0.082100
0.001267 0.006799 0.082200
0.001269 0.007017 0.082300
0.001270 0.007236 0.082400
0.001272 0.007455 0.082500
0.001273 0.007675 0.082600
0.001275 0.007895 0.082700
0.001275 0.008106 0.082700
0.001277 0.008326 0.082800
0.001278 0.008548 0.082900
0.001278 0.008759 0.082900
0.001278 0.008970 0.082900
0.001278 0.009182 0.082900
0.001273 0.009780 0.082600
0.001273 0.009991 0.082600
0.001273 0.010201 0.082600
0.001263 0.010532 0.081900
0.001260 0.010715 0.081700
0.001260 0.010923 0.081700
0.001255 0.011091 0.081400
0.001253 0.011284 0.081300
0.001252 0.011477 0.081200
0.001250 0.011670 0.081100
0.001250 0.011877 0.081100
0.001249 0.012069 0.081000
0.001249 0.012275 0.081000
0.001250 0.012497 0.081100
0.001250 0.012704 0.081100
0.001250 0.012910 0.081100
0.001250 0.013117 0.081100
0.001250 0.013324 0.081100
0.001252 0.013547 0.081200
0.001252 0.013754 0.081200
0.001253 0.013979 0.081300
0.001255 0.014203 0.081400
0.001257 0.014428 0.081500
0.001260 0.014672 0.081700
0.001263 0.014917 0.081900
0.001266 0.015163 0.082100
0.001269 0.015409 0.082300
0.001272 0.015657 0.082500
0.001275 0.015906 0.082700
0.001277 0.016136 0.082800
0.001278 0.016367 0.082900
0.001280 0.016598 0.083000
0.001281 0.016830 0.083100
0.001283 0.017062 0.083200
0.001283 0.017275 0.083200
0.001281 0.017466 0.083100
0.001281 0.017678 0.083100
0.001281 0.017889 0.083100
0.001281 0.018101 0.083100
0.001280 0.018291 0.083000
0.001280 0.018503 0.083000
0.001278 0.018692 0.082900
0.001278 0.018903 0.082900
0.001278 0.019114 0.082900
0.001280 0.019349 0.083000
0.001280 0.019560 0.083000
0.001281 0.019796 0.083100
0.001281 0.020008 0.083100
0.001281 0.020220 0.083100
0.001284 0.020481 0.083300
0.001284 0.020693 0.083300
0.001287 0.020955 0.083500
0.001289 0.021194 0.083600
0.001289 0.021407 0.083600
0.001295 0.021723 0.084000
0.001295 0.021938 0.084000
0.001298 0.022204 0.084200
0.001133 -0.001921 0.088100
0.001133 -0.001696 0.088100
0.001106 -0.001437 0.086000
0.001106 -0.001217 0.086000
0.001106 -0.000998 0.086000
0.001106 -0.000779 0.086000
0.001105 -0.000559 0.085900
0.001104 -0.000340 0.085800
0.001102 -0.000121 0.085700
0.001101 0.000098 0.085600
0.001100 0.000316 0.085500
0.001097 0.000532 0.085300
0.001093 0.000747 0.085000
0.001089 0.000960 0.084700
0.001086 0.001172 0.084400
0.001082 0.001382 0.084100
0.001077 0.001589 0.083700
0.001074 0.001798 0.083500
0.001071 0.002006 0.083300
0.001070 0.002216 0.083200
0.001069 0.002425 0.083100
0.001069 0.002637 0.083100
0.001069 0.002849 0.083100
0.001069 0.003061 0.083100
0.001070 0.003276 0.083200
0.001073 0.003497 0.083400
0.001077 0.003723 0.083700
0.001079 0.003946 0.083900
0.001078 0.004154 0.083800
0.001078 0.004368 0.083800
0.001075 0.004571 0.083600
0.001075 0.004784 0.083600
0.001066 0.004955 0.082900
0.001066 0.005166 0.082900
0.001059 0.005339 0.082300
0.001056 0.005535 0.082100
0.001055 0.005738 0.082000
0.001055 0.005947 0.082000
0.001055 0.006156 0.082000
0.001055 0.006365 0.082000
0.001056 0.006582 0.082100
0.001057 0.006799 0.082200
0.001059 0.007017 0.082300
0.001060 0.007236 0.082400
0.001061 0.007455 0.082500
0.001062 0.007675 0.082600
0.001064 0.007895 0.082700
0.001065 0.008115 0.082800
0.001066 0.008336 0.082900
0.001066 0.008548 0.082900
0.001068 0.008770 0.083000
0.001068 0.008981 0.083000
0.001068 0.009193 0.083000
0.001061 0.009768 0.082500
0.001061 0.009979 0.082500
0.001061 0.010189 0.082500
0.001055 0.010336 0.082000
0.001051 0.010507 0.081700
0.001048 0.010689 0.081500
0.001048 0.010897 0.081500
0.001044 0.011063 0.081200
0.001043 0.011257 0.081100
0.001042 0.011449 0.081000
0.001042 0.011656 0.081000
0.001042 0.011862 0.081000
0.001041 0.012054 0.080900
0.001041 0.012260 0.080900
0.001041 0.012466 0.080900
0.001042 0.012688 0.081000
0.001042 0.012895 0.081000
0.001042 0.013101 0.081000
0.001042 0.013308 0.081000
0.001043 0.013531 0.081100
0.001043 0.013737 0.081100
0.001044 0.013961 0.081200
0.001046 0.014186 0.081300
0.001047 0.014411 0.081400
0.001048 0.014636 0.081500
0.001051 0.014880 0.081700
0.001053 0.015126 0.081900
0.001056 0.015372 0.082100
0.001059 0.015619 0.082300
0.001060 0.015848 0.082400
0.001061 0.016078 0.082500
0.001062 0.016308 0.082600
0.001064 0.016538 0.082700
0.001065 0.016769 0.082800
0.001065 0.016980 0.082800
0.001066 0.017212 0.082900
0.001066 0.017424 0.082900
0.001066 0.017635 0.082900
0.001066 0.017846 0.082900
0.001065 0.018036 0.082800
0.001064 0.018225 0.082700
0.001064 0.018436 0.082700
0.001062 0.018624 0.082600
0.001062 0.018835 0.082600
0.001061 0.019022 0.082500
0.001061 0.019232 0.082500
0.001061 0.019443 0.082500
0.001062 0.019677 0.082600
0.001062 0.019887 0.082600
0.001064 0.020122 0.082700
0.001065 0.020358 0.082800
0.001066 0.020594 0.082900
0.001068 0.020830 0.083000
0.001070 0.021092 0.083200
0.001070 0.021304 0.083200
0.001073 0.021568 0.083400
0.001079 0.021911 0.083900
0.001079 0.022125 0.083900
0.000885 -0.001435 0.085900
0.000885 -0.001216 0.085900
0.000885 -0.000997 0.085900
0.000884 -0.000777 0.085800
0.000883 -0.000558 0.085700
0.000882 -0.000339 0.085600
0.000882 -0.000121 0.085600
0.000880 0.000097 0.085400
0.000879 0.000315 0.085300
0.000877 0.000531 0.085100
0.000874 0.000745 0.084800
0.000871 0.000958 0.084500
0.000868 0.001169 0.084200
0.000865 0.001379 0.083900
0.000862 0.001587 0.083600
0.000859 0.001794 0.083300
0.000857 0.002001 0.083100
0.000855 0.002211 0.083000
0.000853 0.002416 0.082800
0.000853 0.002627 0.082800
0.000852 0.002835 0.082700
0.000852 0.003046 0.082700
0.000852 0.003257 0.082700
0.000854 0.003476 0.082900
0.000857 0.003696 0.083100
0.000859 0.003917 0.083300
0.000858 0.004125 0.083200
0.000857 0.004332 0.083100
0.000854 0.004533 0.082900
0.000852 0.004732 0.082700
0.000852 0.004943 0.082700
0.000848 0.005129 0.082300
0.000846 0.005326 0.082100
0.000844 0.005522 0.081900
0.000843 0.005724 0.081800
0.000843 0.005932 0.081800
0.000843 0.006141 0.081800
0.000844 0.006357 0.081900
0.000844 0.006566 0.081900
0.000845 0.006783 0.082000
0.000848 0.007017 0.082300
0.000848 0.007227 0.082300
0.000849 0.007446 0.082400
0.000851 0.007675 0.082600
0.000853 0.007904 0.082800
0.000854 0.008125 0.082900
0.000855 0.008347 0.083000
0.000855 0.008558 0.083000
0.000857 0.008780 0.083100
0.000857 0.008992 0.083100
0.000845 0.009709 0.082000
0.000845 0.009918 0.082000
0.000845 0.010127 0.082000
0.000841 0.010286 0.081600
0.000839 0.010468 0.081400
0.000837 0.010649 0.081200
0.000836 0.010843 0.081100
0.000835 0.011036 0.081000
0.000835 0.011243 0.081000
0.000834 0.011435 0.080900
0.000833 0.011627 0.080800
0.000833 0.011833 0.080800
0.000833 0.012039 0.080800
0.000833 0.012245 0.080800
0.000833 0.012451 0.080800
0.000833 0.012657 0.080800
0.000834 0.012879 0.080900
0.000834 0.013085 0.080900
0.000834 0.013291 0.080900
0.000834 0.013497 0.080900
0.000835 0.013721 0.081000
0.000836 0.013944 0.081100
0.000837 0.014168 0.081200
0.000838 0.014393 0.081300
0.000839 0.014618 0.081400
0.000840 0.014844 0.081500
0.000842 0.015089 0.081700
0.000843 0.015316 0.081800
0.000845 0.015562 0.082000
0.000846 0.015790 0.082100
0.000847 0.016019 0.082200
0.000848 0.016249 0.082300
0.000849 0.016478 0.082400
0.000849 0.016688 0.082400
0.000850 0.016919 0.082500
0.000851 0.017150 0.082600
0.000851 0.017361 0.082600
0.000851 0.017571 0.082600
0.000851 0.017782 0.082600
0.000850 0.017970 0.082500
0.000849 0.018159 0.082400
0.000848 0.018347 0.082300
0.000848 0.018556 0.082300
0.000848 0.018766 0.082300
0.000846 0.018930 0.082100
0.000846 0.019139 0.082100
0.000846 0.019348 0.082100
0.000846 0.019558 0.082100
0.000847 0.019791 0.082200
0.000848 0.020025 0.082300
0.000848 0.020235 0.082300
0.000850 0.020494 0.082500
0.000851 0.020730 0.082600
0.000852 0.020966 0.082700
0.000852 0.021176 0.082700
0.000855 0.021465 0.083000
0.000858 0.021729 0.083200
0.000865 0.022125 0.083900
0.000666 -0.001435 0.085900
0.000665 -0.001214 0.085800
0.000665 -0.000996 0.085800
0.000664 -0.000776 0.085700
0.000664 -0.000557 0.085600
0.000663 -0.000338 0.085500
0.000662 -0.000120 0.085400
0.000661 0.000097 0.085300
0.000660 0.000314 0.085100
0.000658 0.000530 0.084900
0.000657 0.000744 0.084700
0.000655 0.000958 0.084500
0.000653 0.001169 0.084200
0.000650 0.001377 0.083800
0.000647 0.001585 0.083500
0.000645 0.001792 0.083200
0.000643 0.001999 0.083000
0.000641 0.002203 0.082700
0.000640 0.002410 0.082600
0.000639 0.002615 0.082400
0.000638 0.002821 0.082300
0.000638 0.003031 0.082300
0.000638 0.003241 0.082300
0.000638 0.003451 0.082300
0.000639 0.003665 0.082400
0.000639 0.003875 0.082400
0.000639 0.004085 0.082400
0.000638 0.004290 0.082300
0.000636 0.004489 0.082100
0.000636 0.004692 0.082000
0.000634 0.004889 0.081800
0.000633 0.005092 0.081700
0.000633 0.005293 0.081600
0.000632 0.005495 0.081500
0.000632 0.005703 0.081500
0.000633 0.005918 0.081600
0.000633 0.006126 0.081600
0.000633 0.006334 0.081600
0.000633 0.006550 0.081700
0.000634 0.006766 0.081800
0.000635 0.006983 0.081900
0.000637 0.007218 0.082200
0.000637 0.007428 0.082200
0.000638 0.007647 0.082300
0.000640 0.007876 0.082500
0.000641 0.008106 0.082700
0.000643 0.008336 0.082900
0.000644 0.008568 0.083100
0.000644 0.008780 0.083100
0.000636 0.009709 0.082000
0.000636 0.009918 0.082000
0.000636 0.010127 0.082000
0.000633 0.010286 0.081600
0.000629 0.010430 0.081100
0.000628 0.010623 0.081000
0.000626 0.010803 0.080800
0.000626 0.011009 0.080800
0.000626 0.011215 0.080800
0.000626 0.011421 0.080800
0.000626 0.011612 0.080700
0.000626 0.011818 0.080700
0.000626 0.012024 0.080700
0.000626 0.012230 0.080700
0.000626 0.012435 0.080700
0.000626 0.012657 0.080800
0.000626 0.012863 0.080800
0.000626 0.013069 0.080800
0.000626 0.013275 0.080800
0.000626 0.013481 0.080800
0.000627 0.013704 0.080900
0.000628 0.013927 0.081000
0.000629 0.014151 0.081100
0.000629 0.014375 0.081200
0.000630 0.014600 0.081300
0.000631 0.014826 0.081400
0.000632 0.015052 0.081500
0.000633 0.015278 0.081600
0.000633 0.015505 0.081700
0.000634 0.015733 0.081800
0.000635 0.015961 0.081900
0.000636 0.016189 0.082000
0.000636 0.016398 0.082000
0.000636 0.016607 0.082000
0.000636 0.016816 0.082000
0.000636 0.017046 0.082100
0.000637 0.017277 0.082200
0.000640 0.017571 0.082600
0.000637 0.017696 0.082200
0.000637 0.017905 0.082200
0.000636 0.018093 0.082100
0.000636 0.018302 0.082100
0.000636 0.018489 0.082000
0.000635 0.018675 0.081900
0.000634 0.018861 0.081800
0.000633 0.019046 0.081700
0.000633 0.019254 0.081700
0.000634 0.019486 0.081800
0.000634 0.019695 0.081800
0.000634 0.019903 0.081800
0.000635 0.020136 0.081900
0.000636 0.020370 0.082000
0.000636 0.020604 0.082100
0.000637 0.020839 0.082200
0.000637 0.021048 0.082200
0.000640 0.021335 0.082500
0.000642 0.021624 0.082800
0.000644 0.021914 0.083100
0.000445 -0.001432 0.085700
0.000445 -0.001213 0.085700
0.000445 -0.000995 0.085700
0.000445 -0.000775 0.085600
0.000444 -0.000556 0.085500
0.000444 -0.000338 0.085400
0.000443 -0.000120 0.085300
0.000443 0.000097 0.085200
0.000442 0.000314 0.085100
0.000441 0.000529 0.084800
0.000440 0.000744 0.084600
0.000439 0.000957 0.084400
0.000437 0.001168 0.084100
0.000435 0.001376 0.083700
0.000433 0.001583 0.083400
0.000432 0.001790 0.083100
0.000430 0.001994 0.082800
0.000429 0.002200 0.082600
0.000428 0.002405 0.082400
0.000428 0.002611 0.082300
0.000427 0.002818 0.082200
0.000427 0.003024 0.082100
0.000427 0.003233 0.082100
0.000426 0.003438 0.082000
0.000426 0.003647 0.082000
0.000426 0.003851 0.081900
0.000425 0.004050 0.081700
0.000424 0.004253 0.081600
0.000423 0.004450 0.081400
0.000423 0.004658 0.081400
0.000422 0.004860 0.081300
0.000422 0.005067 0.081300
0.000422 0.005274 0.081300
0.000422 0.005475 0.081200
0.000422 0.005682 0.081200
0.000422 0.005896 0.081300
0.000422 0.006103 0.081300
0.000423 0.006318 0.081400
0.000423 0.006526 0.081400
0.000423 0.006733 0.081400
0.000424 0.006958 0.081600
0.000425 0.007174 0.081700
0.000425 0.007392 0.081800
0.000426 0.007610 0.081900
0.000427 0.007837 0.082100
0.000428 0.008076 0.082400
0.000431 0.008336 0.082900
0.000421 0.010430 0.081100
0.000420 0.010597 0.080800
0.000419 0.010776 0.080600
0.000419 0.010982 0.080600
0.000419 0.011187 0.080600
0.000419 0.011393 0.080600
0.000419 0.011598 0.080600
0.000419 0.011804 0.080600
0.000419 0.012009 0.080600
0.000419 0.012214 0.080600
0.000419 0.012420 0.080600
0.000419 0.012625 0.080600
0.000419 0.012847 0.080700
0.000419 0.013053 0.080700
0.000419 0.013258 0.080700
0.000420 0.013481 0.080800
0.000420 0.013687 0.080800
0.000420 0.013910 0.080900
0.000421 0.014133 0.081000
0.000421 0.014340 0.081000
0.000421 0.014564 0.081100
0.000422 0.014789 0.081200
0.000422 0.015015 0.081300
0.000423 0.015241 0.081400
0.000424 0.015467 0.081500
0.000424 0.015675 0.081500
0.000424 0.015883 0.081500
0.000424 0.016110 0.081600
0.000425 0.016338 0.081700
0.000425 0.016547 0.081700
0.000425 0.016755 0.081700
0.000426 0.017005 0.081900
0.000426 0.017213 0.081900
0.000426 0.017422 0.081900
0.000427 0.017696 0.082200
0.000427 0.017905 0.082200
0.000427 0.018093 0.082100
0.000425 0.018213 0.081700
0.000425 0.018421 0.081700
0.000424 0.018584 0.081500
0.000423 0.018768 0.081400
0.000423 0.018976 0.081400
0.000423 0.019183 0.081400
0.000423 0.019391 0.081400
0.000422 0.019574 0.081300
0.000422 0.019782 0.081300
0.000423 0.020013 0.081400
0.000424 0.020246 0.081500
0.000424 0.020479 0.081600
0.000425 0.020712 0.081700
0.000425 0.020920 0.081700
0.000426 0.021180 0.081900
0.000427 0.021467 0.082200
0.000429 0.021782 0.082600
0.000226 -0.001430 0.085600
0.000226 -0.001212 0.085600
0.000226 -0.000992 0.085500
0.000226 -0.000773 0.085400
0.000226 -0.000556 0.085400
0.000225 -0.000338 0.085300
0.000225 -0.000120 0.085200
0.000225 0.000097 0.085100
0.000225 0.000314 0.085000
0.000224 0.000528 0.084700
0.000223 0.000743 0.084500
0.000223 0.000957 0.084400
0.000222 0.001168 0.084100
0.000221 0.001376 0.083700
0.000220 0.001580 0.083200
0.000220 0.001790 0.083100
0.000218 0.001989 0.082600
0.000218 0.002195 0.082400
0.000217 0.002402 0.082300
0.000217 0.002608 0.082200
0.000217 0.002811 0.082000
0.000217 0.003020 0.082000
0.000216 0.003221 0.081800
0.000216 0.003430 0.081800
0.000216 0.003634 0.081700
0.000216 0.003837 0.081600
0.000215 0.004035 0.081400
0.000215 0.004238 0.081300
0.000214 0.004434 0.081100
0.000214 0.004641 0.081100
0.000214 0.004842 0.081000
0.000214 0.005048 0.081000
0.000214 0.005255 0.081000
0.000214 0.005461 0.081000
0.000214 0.005668 0.081000
0.000214 0.005874 0.081000
0.000214 0.006081 0.081000
0.000214 0.006295 0.081100
0.000214 0.006502 0.081100
0.000214 0.006708 0.081100
0.000214 0.006924 0.081200
0.000215 0.007148 0.081400
0.000215 0.007356 0.081400
0.000215 0.007572 0.081500
0.000216 0.007790 0.081600
0.000217 0.008037 0.082000
0.000213 0.010597 0.080800
0.000212 0.010749 0.080400
0.000212 0.010954 0.080400
0.000212 0.011159 0.080400
0.000212 0.011364 0.080400
0.000212 0.011569 0.080400
0.000213 0.011789 0.080500
0.000213 0.011994 0.080500
0.000213 0.012199 0.080500
0.000213 0.012405 0.080500
0.000213 0.012610 0.080500
0.000213 0.012831 0.080600
0.000213 0.013036 0.080600
0.000213 0.013242 0.080600
0.000213 0.013464 0.080700
0.000213 0.013670 0.080700
0.000213 0.013893 0.080800
0.000213 0.014099 0.080800
0.000213 0.014305 0.080800
0.000214 0.014529 0.080900
0.000214 0.014753 0.081000
0.000214 0.014959 0.081000
0.000214 0.015185 0.081100
0.000214 0.015391 0.081100
0.000214 0.015617 0.081200
0.000214 0.015824 0.081200
0.000215 0.016051 0.081300
0.000215 0.016258 0.081300
0.000215 0.016466 0.081300
0.000215 0.016673 0.081300
0.000215 0.016901 0.081400
0.000215 0.017108 0.081400
0.000215 0.017295 0.081300
0.000215 0.017502 0.081300
0.000215 0.018124 0.081300
0.000214 0.018308 0.081200
0.000214 0.018493 0.081100
0.000214 0.018676 0.081000
0.000214 0.018859 0.080900
0.000214 0.019066 0.080900
0.000214 0.019272 0.080900
0.000214 0.019478 0.080900
0.000214 0.019709 0.081000
0.000214 0.019915 0.081000
0.000214 0.020122 0.081000
0.000214 0.020353 0.081100
0.000214 0.020585 0.081200
0.000214 0.020792 0.081200
0.000215 0.021025 0.081300
0.000216 0.021337 0.081700
0.000217 0.021624 0.082000
0.000007 -0.001430 0.085600
0.000007 -0.001210 0.085500
0.000007 -0.000992 0.085500
0.000007 -0.000773 0.085400
0.000007 -0.000556 0.085400
0.000007 -0.000337 0.085200
0.000007 -0.000120 0.085200
0.000007 0.000097 0.085100
0.000007 0.000313 0.084900
0.000007 0.000528 0.084700
0.000007 0.000742 0.084400
0.000007 0.000952 0.084000
0.000007 0.001167 0.084000
0.000007 0.001369 0.083300
0.000007 0.001580 0.083200
0.000007 0.001779 0.082600
0.000007 0.001985 0.082400
0.000007 0.002192 0.082300
0.000007 0.002396 0.082100
0.000007 0.002602 0.082000
0.000007 0.002808 0.081900
0.000007 0.003009 0.081700
0.000007 0.003217 0.081700
0.000007 0.003417 0.081500
0.000007 0.003620 0.081400
0.000007 0.003819 0.081200
0.000007 0.004021 0.081100
0.000007 0.004222 0.081000
0.000007 0.004423 0.080900
0.000007 0.004624 0.080800
0.000007 0.004830 0.080800
0.000007 0.005036 0.080800
0.000007 0.005242 0.080800
0.000007 0.005448 0.080800
0.000007 0.005654 0.080800
0.000007 0.005860 0.080800
0.000007 0.006066 0.080800
0.000007 0.006271 0.080800
0.000007 0.006477 0.080800
0.000007 0.006683 0.080800
0.000007 0.006898 0.080900
0.000007 0.007113 0.081000
0.000007 0.007319 0.081000
0.000007 0.007526 0.081000
0.000007 0.007780 0.081500
0.000007 0.008037 0.082000
0.000007 0.008743 0.080800
0.000007 0.008949 0.080800
0.000007 0.009110 0.080400
0.000007 0.009303 0.080300
0.000007 0.009508 0.080300
0.000007 0.010327 0.080300
0.000007 0.010518 0.080200
0.000007 0.010723 0.080200
0.000007 0.010927 0.080200
0.000007 0.011132 0.080200
0.000007 0.011350 0.080300
0.000007 0.011555 0.080300
0.000007 0.011760 0.080300
0.000007 0.011964 0.080300
0.000007 0.012169 0.080300
0.000007 0.012389 0.080400
0.000007 0.012594 0.080400
0.000007 0.012799 0.080400
0.000007 0.013020 0.080500
0.000007 0.013225 0.080500
0.000007 0.013431 0.080500
0.000007 0.013653 0.080600
0.000007 0.013858 0.080600
0.000007 0.014081 0.080700
0.000007 0.014287 0.080700
0.000007 0.014493 0.080700
0.000007 0.014717 0.080800
0.000007 0.014922 0.080800
0.000007 0.015128 0.080800
0.000007 0.015353 0.080900
0.000007 0.015540 0.080800
0.000007 0.015746 0.080800
0.000007 0.015952 0.080800
0.000007 0.016158 0.080800
0.000007 0.016385 0.080900
0.000007 0.016570 0.080800
0.000007 0.016776 0.080800
0.000007 0.016982 0.080800
0.000007 0.017167 0.080700
0.000007 0.017373 0.080700
0.000007 0.017578 0.080700
0.000007 0.017806 0.080800
0.000007 0.017990 0.080700
0.000007 0.018196 0.080700
0.000007 0.018378 0.080600
0.000007 0.018584 0.080600
0.000007 0.018766 0.080500
0.000007 0.018971 0.080500
0.000007 0.019177 0.080500
0.000007 0.019382 0.080500
0.000007 0.019587 0.080500
0.000007 0.019792 0.080500
0.000007 0.020022 0.080600
0.000007 0.020253 0.080700
0.000007 0.020459 0.080700
0.000007 0.020664 0.080700
0.000007 0.020922 0.080900
0.000007 0.021180 0.081100
0.000007 0.021466 0.081400
-0.000211 -0.001426 0.085400
-0.000211 -0.001209 0.085400
-0.000211 -0.000991 0.085400
-0.000211 -0.000772 0.085300
-0.000211 -0.000555 0.085300
-0.000210 -0.000337 0.085200
-0.000210 -0.000120 0.085100
-0.000210 0.000097 0.085000
-0.000209 0.000313 0.084700
-0.000208 0.000527 0.084400
-0.000208 0.000739 0.084100
-0.000207 0.000949 0.083700
-0.000207 0.001162 0.083700
-0.000205 0.001364 0.083000
-0.000205 0.001576 0.083000
-0.000203 0.001774 0.082400
-0.000203 0.001980 0.082200
-0.000202 0.002184 0.082000
-0.000202 0.002393 0.082000
-0.000202 0.002596 0.081800
-0.000202 0.002801 0.081700
-0.000201 0.003005 0.081600
-0.000201 0.003209 0.081500
-0.000201 0.003409 0.081300
-0.000200 0.003607 0.081100
-0.000200 0.003809 0.081000
-0.000200 0.004011 0.080900
-0.000199 0.004207 0.080700
-0.000199 0.004407 0.080600
-0.000199 0.004612 0.080600
-0.000199 0.004818 0.080600
-0.000199 0.005023 0.080600
-0.000199 0.005229 0.080600
-0.000199 0.005434 0.080600
-0.000199 0.005640 0.080600
-0.000199 0.005845 0.080600
-0.000199 0.006043 0.080500
-0.000199 0.006248 0.080500
-0.000199 0.006453 0.080500
-0.000199 0.006659 0.080500
-0.000199 0.006872 0.080600
-0.000199 0.007078 0.080600
-0.000199 0.007283 0.080600
-0.000199 0.007489 0.080600
-0.000199 0.007694 0.080600
-0.000198 0.008667 0.080100
-0.000198 0.008861 0.080000
-0.000197 0.009053 0.079900
-0.000197 0.009257 0.079900
-0.000197 0.009461 0.079900
-0.000197 0.009664 0.079900
-0.000197 0.009868 0.079900
-0.000197 0.010072 0.079900
-0.000197 0.010275 0.079900
-0.000197 0.010479 0.079900
-0.000197 0.010683 0.079900
-0.000197 0.010886 0.079900
-0.000197 0.011090 0.079900
-0.000198 0.011322 0.080100
-0.000198 0.011526 0.080100
-0.000198 0.011730 0.080100
-0.000198 0.011949 0.080200
-0.000198 0.012154 0.080200
-0.000198 0.012358 0.080200
-0.000198 0.012563 0.080200
-0.000198 0.012783 0.080300
-0.000198 0.012988 0.080300
-0.000198 0.013209 0.080400
-0.000198 0.013414 0.080400
-0.000198 0.013619 0.080400
-0.000199 0.013841 0.080500
-0.000199 0.014046 0.080500
-0.000199 0.014251 0.080500
-0.000199 0.014457 0.080500
-0.000199 0.014680 0.080600
-0.000199 0.014886 0.080600
-0.000199 0.015091 0.080600
-0.000199 0.015296 0.080600
-0.000199 0.015483 0.080500
-0.000199 0.015688 0.080500
-0.000198 0.015873 0.080400
-0.000198 0.016078 0.080400
-0.000198 0.016263 0.080300
-0.000198 0.016468 0.080300
-0.000198 0.016652 0.080200
-0.000198 0.016835 0.080100
-0.000198 0.017018 0.080000
-0.000198 0.017222 0.080000
-0.000198 0.017426 0.080000
-0.000198 0.017652 0.080100
-0.000198 0.017856 0.080100
-0.000198 0.018060 0.080100
-0.000198 0.018264 0.080100
-0.000198 0.018469 0.080100
-0.000198 0.018673 0.080100
-0.000198 0.018877 0.080100
-0.000198 0.019081 0.080100
-0.000198 0.019285 0.080100
-0.000198 0.019490 0.080100
-0.000198 0.019718 0.080200
-0.000198 0.019948 0.080300
-0.000198 0.020178 0.080400
-0.000198 0.020382 0.080400
-0.000198 0.020587 0.080400
-0.000199 0.020844 0.080600
-0.000199 0.021102 0.080800
-0.000200 0.021361 0.081000
-0.000201 0.021674 0.081400
-0.000429 -0.001426 0.085400
-0.000429 -0.001209 0.085400
-0.000429 -0.000990 0.085300
-0.000429 -0.000772 0.085300
-0.000429 -0.000555 0.085300
-0.000428 -0.000337 0.085200
-0.000427 -0.000120 0.085000
-0.000426 0.000097 0.084800
-0.000424 0.000311 0.084400
-0.000423 0.000525 0.084100
-0.000421 0.000736 0.083700
-0.000419 0.000946 0.083400
-0.000419 0.001158 0.083400
-0.000417 0.001364 0.083000
-0.000417 0.001576 0.083000
-0.000412 0.001768 0.082100
-0.000412 0.001975 0.082000
-0.000411 0.002181 0.081900
-0.000411 0.002387 0.081800
-0.000410 0.002592 0.081700
-0.000409 0.002794 0.081500
-0.000409 0.002998 0.081400
-0.000408 0.003202 0.081300
-0.000407 0.003400 0.081100
-0.000406 0.003598 0.080900
-0.000406 0.003800 0.080800
-0.000405 0.004001 0.080700
-0.000405 0.004201 0.080600
-0.000404 0.004401 0.080500
-0.000404 0.004601 0.080400
-0.000404 0.004806 0.080400
-0.000404 0.005011 0.080400
-0.000404 0.005216 0.080400
-0.000404 0.005421 0.080400
-0.000404 0.005626 0.080400
-0.000404 0.005831 0.080400
-0.000404 0.006035 0.080400
-0.000403 0.006233 0.080300
-0.000403 0.006437 0.080300
-0.000403 0.006642 0.080300
-0.000403 0.006847 0.080300
-0.000403 0.007051 0.080300
-0.000403 0.007247 0.080200
-0.000403 0.007452 0.080200
-0.000403 0.007656 0.080200
-0.000401 0.008646 0.079900
-0.000401 0.008849 0.079900
-0.000401 0.009042 0.079800
-0.000400 0.009234 0.079700
-0.000400 0.009437 0.079700
-0.000400 0.009640 0.079700
-0.000400 0.009843 0.079700
-0.000400 0.010046 0.079700
-0.000400 0.010250 0.079700
-0.000400 0.010453 0.079700
-0.000400 0.010656 0.079700
-0.000400 0.010859 0.079700
-0.000401 0.011076 0.079800
-0.000401 0.011294 0.079900
-0.000401 0.011497 0.079900
-0.000401 0.011701 0.079900
-0.000402 0.011920 0.080000
-0.000402 0.012124 0.080000
-0.000402 0.012343 0.080100
-0.000402 0.012547 0.080100
-0.000402 0.012751 0.080100
-0.000403 0.012972 0.080200
-0.000403 0.013176 0.080200
-0.000403 0.013381 0.080200
-0.000403 0.013602 0.080300
-0.000403 0.013807 0.080300
-0.000403 0.014011 0.080300
-0.000403 0.014216 0.080300
-0.000403 0.014421 0.080300
-0.000404 0.014644 0.080400
-0.000404 0.014849 0.080400
-0.000404 0.015054 0.080400
-0.000403 0.015240 0.080300
-0.000403 0.015425 0.080200
-0.000403 0.015629 0.080200
-0.000402 0.015814 0.080100
-0.000402 0.015998 0.080000
-0.000402 0.016202 0.080000
-0.000401 0.016365 0.079800
-0.000400 0.016548 0.079700
-0.000400 0.016730 0.079600
-0.000400 0.016933 0.079600
-0.000399 0.017114 0.079500
-0.000399 0.017317 0.079500
-0.000400 0.017542 0.079600
-0.000400 0.017745 0.079600
-0.000400 0.017948 0.079600
-0.000400 0.018150 0.079600
-0.000400 0.018353 0.079600
-0.000400 0.018556 0.079600
-0.000400 0.018783 0.079700
-0.000400 0.018986 0.079700
-0.000401 0.019213 0.079800
-0.000401 0.019417 0.079800
-0.000401 0.019645 0.079900
-0.000402 0.019873 0.080000
-0.000402 0.020102 0.080100
-0.000403 0.020332 0.080200
-0.000403 0.020536 0.080200
-0.000403 0.020767 0.080300
-0.000404 0.021023 0.080500
-0.000405 0.021281 0.080700
-0.000406 0.021540 0.080900
-0.000408 0.021854 0.081300
-0.000410 0.022170 0.081700
-0.000647 -0.001860 0.085300
-0.000647 -0.001642 0.085300
-0.000647 -0.001425 0.085300
-0.000647 -0.001207 0.085300
-0.000647 -0.000990 0.085300
-0.000647 -0.000772 0.085300
-0.000646 -0.000554 0.085200
-0.000645 -0.000337 0.085100
-0.000643 -0.000120 0.084900
-0.000641 0.000097 0.084600
-0.000638 0.000311 0.084200
-0.000634 0.000522 0.083700
-0.000632 0.000733 0.083400
-0.000629 0.000941 0.083000
-0.000626 0.001147 0.082600
-0.000625 0.001354 0.082400
-0.000622 0.001559 0.082100
-0.000621 0.001764 0.081900
-0.000620 0.001970 0.081800
-0.000619 0.002176 0.081700
-0.000618 0.002381 0.081600
-0.000618 0.002586 0.081500
-0.000617 0.002790 0.081400
-0.000615 0.002991 0.081200
-0.000615 0.003194 0.081100
-0.000613 0.003392 0.080900
-0.000612 0.003594 0.080800
-0.000611 0.003790 0.080600
-0.000610 0.003991 0.080500
-0.000609 0.004191 0.080400
-0.000609 0.004396 0.080400
-0.000609 0.004595 0.080300
-0.000609 0.004800 0.080300
-0.000609 0.005004 0.080300
-0.000608 0.005203 0.080200
-0.000608 0.005407 0.080200
-0.000608 0.005612 0.080200
-0.000608 0.005816 0.080200
-0.000607 0.006013 0.080100
-0.000607 0.006217 0.080100
-0.000606 0.006413 0.080000
-0.000606 0.006617 0.080000
-0.000606 0.006821 0.080000
-0.000606 0.007016 0.079900
-0.000606 0.007220 0.079900
-0.000606 0.007424 0.079900
-0.000605 0.007618 0.079800
-0.000605 0.007821 0.079800
-0.000605 0.008228 0.079800
-0.000604 0.008421 0.079700
-0.000604 0.008624 0.079700
-0.000604 0.008827 0.079700
-0.000603 0.009019 0.079600
-0.000603 0.009222 0.079600
-0.000603 0.009425 0.079600
-0.000603 0.009628 0.079600
-0.000603 0.009819 0.079500
-0.000603 0.010021 0.079500
-0.000603 0.010224 0.079500
-0.000603 0.010426 0.079500
-0.000603 0.010629 0.079500
-0.000603 0.010832 0.079500
-0.000603 0.011048 0.079600
-0.000603 0.011251 0.079600
-0.000604 0.011469 0.079700
-0.000605 0.011686 0.079800
-0.000605 0.011890 0.079800
-0.000606 0.012108 0.079900
-0.000606 0.012312 0.079900
-0.000606 0.012516 0.079900
-0.000606 0.012735 0.080000
-0.000606 0.012939 0.080000
-0.000606 0.013143 0.080000
-0.000607 0.013364 0.080100
-0.000607 0.013568 0.080100
-0.000607 0.013772 0.080100
-0.000607 0.013976 0.080100
-0.000607 0.014181 0.080100
-0.000607 0.014385 0.080100
-0.000607 0.014589 0.080100
-0.000607 0.014793 0.080100
-0.000607 0.014997 0.080100
-0.000607 0.015202 0.080100
-0.000606 0.015367 0.079900
-0.000606 0.015571 0.079900
-0.000605 0.015755 0.079800
-0.000604 0.015938 0.079700
-0.000603 0.016121 0.079600
-0.000603 0.016324 0.079600
-0.000603 0.016506 0.079500
-0.000602 0.016688 0.079400
-0.000601 0.016869 0.079300
-0.000601 0.017071 0.079300
-0.000601 0.017273 0.079300
-0.000602 0.017498 0.079400
-0.000602 0.017700 0.079400
-0.000602 0.017902 0.079400
-0.000601 0.018082 0.079300
-0.000601 0.018284 0.079300
-0.000602 0.018510 0.079400
-0.000603 0.018736 0.079500
-0.000603 0.018938 0.079500
-0.000603 0.019141 0.079500
-0.000603 0.019368 0.079600
-0.000603 0.019571 0.079600
-0.000604 0.019799 0.079700
-0.000605 0.020027 0.079800
-0.000606 0.020256 0.079900
-0.000606 0.020459 0.079900
-0.000606 0.020689 0.080000
-0.000608 0.020945 0.080200
-0.000608 0.021150 0.080200
-0.000609 0.021407 0.080400
-0.000612 0.021720 0.080800
-0.000616 0.022061 0.081300
-0.000864 -0.001860 0.085300
-0.000864 -0.001642 0.085300
-0.000864 -0.001425 0.085300
-0.000864 -0.001207 0.085300
-0.000864 -0.000990 0.085300
-0.000864 -0.000772 0.085300
-0.000863 -0.000554 0.085200
-0.000862 -0.000337 0.085100
-0.000860 -0.000120 0.084900
-0.000857 0.000097 0.084600
-0.000853 0.000311 0.084200
-0.000848 0.000522 0.083700
-0.000845 0.000733 0.083400
-0.000841 0.000941 0.083000
-0.000835 0.001144 0.082400
-0.000833 0.001351 0.082200
-0.000831 0.001557 0.082000
-0.000830 0.001764 0.081900
-0.000828 0.001968 0.081700
-0.000828 0.002176 0.081700
-0.000826 0.002378 0.081500
-0.000825 0.002583 0.081400
-0.000823 0.002784 0.081200
-0.000822 0.002987 0.081100
-0.000820 0.003186 0.080900
-0.000818 0.003384 0.080700
-0.000817 0.003585 0.080600
-0.000816 0.003786 0.080500
-0.000815 0.003986 0.080400
-0.000814 0.004186 0.080300
-0.000813 0.004385 0.080200
-0.000813 0.004589 0.080200
-0.000813 0.004794 0.080200
-0.000812 0.004992 0.080100
-0.000812 0.005196 0.080100
-0.000812 0.005400 0.080100
-0.000812 0.005605 0.080100
-0.000811 0.005802 0.080000
-0.000810 0.005998 0.079900
-0.000810 0.006202 0.079900
-0.000809 0.006397 0.079800
-0.000808 0.006592 0.079700
-0.000808 0.006796 0.079700
-0.000807 0.006990 0.079600
-0.000807 0.007193 0.079600
-0.000806 0.007387 0.079500
-0.000806 0.007589 0.079500
-0.000806 0.007792 0.079500
-0.000809 0.008228 0.079800
-0.000806 0.008400 0.079500
-0.000806 0.008603 0.079500
-0.000806 0.008805 0.079500
-0.000805 0.008997 0.079400
-0.000805 0.009199 0.079400
-0.000805 0.009401 0.079400
-0.000805 0.009604 0.079400
-0.000804 0.009794 0.079300
-0.000804 0.009996 0.079300
-0.000804 0.010198 0.079300
-0.000804 0.010400 0.079300
-0.000804 0.010602 0.079300
-0.000804 0.010805 0.079300
-0.000805 0.011021 0.079400
-0.000806 0.011237 0.079500
-0.000806 0.011440 0.079500
-0.000807 0.011657 0.079600
-0.000808 0.011875 0.079700
-0.000808 0.012078 0.079700
-0.000808 0.012281 0.079700
-0.000809 0.012500 0.079800
-0.000810 0.012719 0.079900
-0.000810 0.012923 0.079900
-0.000810 0.013127 0.079900
-0.000811 0.013347 0.080000
-0.000811 0.013551 0.080000
-0.000811 0.013755 0.080000
-0.000811 0.013959 0.080000
-0.000810 0.014145 0.079900
-0.000810 0.014349 0.079900
-0.000810 0.014553 0.079900
-0.000810 0.014756 0.079900
-0.000810 0.014960 0.079900
-0.000809 0.015145 0.079800
-0.000808 0.015329 0.079700
-0.000807 0.015513 0.079600
-0.000807 0.015715 0.079600
-0.000806 0.015898 0.079500
-0.000804 0.016061 0.079300
-0.000804 0.016263 0.079300
-0.000803 0.016444 0.079200
-0.000803 0.016646 0.079200
-0.000802 0.016827 0.079100
-0.000802 0.017028 0.079100
-0.000803 0.017252 0.079200
-0.000803 0.017454 0.079200
-0.000803 0.017655 0.079200
-0.000803 0.017857 0.079200
-0.000803 0.018059 0.079200
-0.000803 0.018261 0.079200
-0.000803 0.018463 0.079200
-0.000804 0.018689 0.079300
-0.000804 0.018891 0.079300
-0.000804 0.019093 0.079300
-0.000805 0.019319 0.079400
-0.000806 0.019546 0.079500
-0.000806 0.019749 0.079500
-0.000807 0.019977 0.079600
-0.000808 0.020205 0.079700
-0.000808 0.020408 0.079700
-0.000810 0.020663 0.079900
-0.000811 0.020893 0.080000
-0.000811 0.021097 0.080000
-0.000813 0.021354 0.080200
-0.000814 0.021585 0.080300
-0.000818 0.021899 0.080700
-0.000824 0.022269 0.081300
-0.001081 -0.001858 0.085200
-0.001081 -0.001640 0.085200
-0.001081 -0.001423 0.085200
-0.001081 -0.001206 0.085200
-0.001081 -0.000989 0.085200
-0.001081 -0.000772 0.085200
-0.001080 -0.000554 0.085100
-0.001077 -0.000336 0.084900
-0.001077 -0.000120 0.084900
-0.001079 0.000097 0.085000
-0.001079 0.000314 0.085000
-0.001048 0.000726 0.082600
-0.001044 0.000933 0.082300
-0.001043 0.001142 0.082200
-0.001041 0.001348 0.082000
-0.001038 0.001553 0.081800
-0.001037 0.001759 0.081700
-0.001035 0.001965 0.081600
-0.001034 0.002171 0.081500
-0.001033 0.002375 0.081400
-0.001032 0.002580 0.081300
-0.001029 0.002780 0.081100
-0.001027 0.002980 0.080900
-0.001024 0.003178 0.080700
-0.001023 0.003379 0.080600
-0.001020 0.003576 0.080400
-0.001019 0.003776 0.080300
-0.001019 0.003981 0.080300
-0.001018 0.004180 0.080200
-0.001018 0.004385 0.080200
-0.001016 0.004584 0.080100
-0.001016 0.004788 0.080100
-0.001016 0.004992 0.080100
-0.001016 0.005196 0.080100
-0.001015 0.005394 0.080000
-0.001015 0.005598 0.080000
-0.001014 0.005794 0.079900
-0.001014 0.005998 0.079900
-0.001013 0.006194 0.079800
-0.001011 0.006389 0.079700
-0.001010 0.006584 0.079600
-0.001009 0.006779 0.079500
-0.001009 0.006981 0.079500
-0.001008 0.007175 0.079400
-0.001006 0.007368 0.079300
-0.001006 0.007570 0.079300
-0.001006 0.007772 0.079300
-0.001006 0.007974 0.079300
-0.001006 0.008177 0.079300
-0.001005 0.008368 0.079200
-0.001005 0.008570 0.079200
-0.001005 0.008772 0.079200
-0.001004 0.008963 0.079100
-0.001004 0.009164 0.079100
-0.001004 0.009366 0.079100
-0.001004 0.009567 0.079100
-0.001004 0.009769 0.079100
-0.001002 0.009958 0.079000
-0.001002 0.010160 0.079000
-0.001004 0.010374 0.079100
-0.001004 0.010576 0.079100
-0.001004 0.010777 0.079100
-0.001005 0.010993 0.079200
-0.001006 0.011209 0.079300
-0.001006 0.011411 0.079300
-0.001008 0.011628 0.079400
-0.001009 0.011845 0.079500
-0.001010 0.012063 0.079600
-0.001010 0.012266 0.079600
-0.001011 0.012484 0.079700
-0.001011 0.012688 0.079700
-0.001011 0.012891 0.079700
-0.001013 0.013110 0.079800
-0.001013 0.013314 0.079800
-0.001014 0.013534 0.079900
-0.001014 0.013738 0.079900
-0.001013 0.013924 0.079800
-0.001013 0.014128 0.079800
-0.001013 0.014331 0.079800
-0.001013 0.014534 0.079800
-0.001011 0.014719 0.079700
-0.001011 0.014923 0.079700
-0.001010 0.015107 0.079600
-0.001009 0.015290 0.079500
-0.001008 0.015474 0.079400
-0.001008 0.015676 0.079400
-0.001006 0.015858 0.079300
-0.001005 0.016040 0.079200
-0.001004 0.016222 0.079100
-0.001004 0.016423 0.079100
-0.001002 0.016604 0.079000
-0.001002 0.016805 0.079000
-0.001002 0.017007 0.079000
-0.001002 0.017208 0.079000
-0.001004 0.017432 0.079100
-0.001004 0.017633 0.079100
-0.001004 0.017835 0.079100
-0.001004 0.018036 0.079100
-0.001004 0.018238 0.079100
-0.001004 0.018440 0.079100
-0.001004 0.018641 0.079100
-0.001004 0.018843 0.079100
-0.001005 0.019069 0.079200
-0.001005 0.019271 0.079200
-0.001006 0.019497 0.079300
-0.001008 0.019724 0.079400
-0.001009 0.019952 0.079500
-0.001010 0.020180 0.079600
-0.001010 0.020383 0.079600
-0.001011 0.020611 0.079700
-0.001013 0.020841 0.079800
-0.001014 0.021070 0.079900
-0.001015 0.021301 0.080000
-0.001018 0.021558 0.080200
-0.001020 0.021817 0.080400
-0.001024 0.022104 0.080700
-0.001030 0.022448 0.081200
-0.001297 -0.002072 0.085100
-0.001297 -0.001855 0.085100
-0.001297 -0.001638 0.085100
-0.001297 -0.001421 0.085100
-0.001297 -0.001205 0.085100
-0.001297 -0.000988 0.085100
-0.001294 -0.000769 0.084900
-0.001293 -0.000552 0.084800
-0.001293 -0.000336 0.084800
-0.001294 -0.000120 0.084900
-0.001253 0.000722 0.082200
-0.001250 0.000930 0.082000
-0.001249 0.001137 0.081900
-0.001247 0.001344 0.081800
-0.001245 0.001551 0.081700
-0.001245 0.001759 0.081700
-0.001242 0.001963 0.081500
-0.001241 0.002168 0.081400
-0.001238 0.002370 0.081200
-0.001236 0.002573 0.081100
-0.001235 0.002777 0.081000
-0.001232 0.002976 0.080800
-0.001229 0.003174 0.080600
-0.001227 0.003375 0.080500
-0.001226 0.003576 0.080400
-0.001224 0.003776 0.080300
-0.001223 0.003976 0.080200
-0.001223 0.004180 0.080200
-0.001223 0.004385 0.080200
-0.001221 0.004584 0.080100
-0.001221 0.004788 0.080100
-0.001221 0.004992 0.080100
-0.001220 0.005190 0.080000
-0.001220 0.005394 0.080000
-0.001218 0.005591 0.079900
-0.001218 0.005794 0.079900
-0.001217 0.005990 0.079800
-0.001215 0.006186 0.079700
-0.001213 0.006381 0.079600
-0.001212 0.006576 0.079500
-0.001210 0.006770 0.079400
-0.001209 0.006964 0.079300
-0.001209 0.007166 0.079300
-0.001207 0.007359 0.079200
-0.001207 0.007561 0.079200
-0.001207 0.007762 0.079200
-0.001206 0.007954 0.079100
-0.001206 0.008156 0.079100
-0.001204 0.008347 0.079000
-0.001204 0.008548 0.079000
-0.001203 0.008739 0.078900
-0.001203 0.008940 0.078900
-0.001203 0.009141 0.078900
-0.001201 0.009330 0.078800
-0.001201 0.009531 0.078800
-0.001201 0.009732 0.078800
-0.001201 0.009933 0.078800
-0.001201 0.010134 0.078800
-0.001201 0.010335 0.078800
-0.001203 0.010549 0.078900
-0.001203 0.010750 0.078900
-0.001204 0.010965 0.079000
-0.001206 0.011181 0.079100
-0.001207 0.011397 0.079200
-0.001207 0.011599 0.079200
-0.001209 0.011815 0.079300
-0.001210 0.012033 0.079400
-0.001212 0.012250 0.079500
-0.001212 0.012453 0.079500
-0.001212 0.012656 0.079500
-0.001213 0.012875 0.079600
-0.001215 0.013094 0.079700
-0.001215 0.013297 0.079700
-0.001215 0.013500 0.079700
-0.001215 0.013703 0.079700
-0.001215 0.013907 0.079700
-0.001215 0.014110 0.079700
-0.001215 0.014313 0.079700
-0.001213 0.014498 0.079600
-0.001213 0.014701 0.079600
-0.001212 0.014885 0.079500
-0.001212 0.015088 0.079500
-0.001209 0.015252 0.079300
-0.001207 0.015435 0.079200
-0.001207 0.015636 0.079200
-0.001206 0.015818 0.079100
-0.001204 0.016000 0.079000
-0.001203 0.016181 0.078900
-0.001203 0.016382 0.078900
-0.001203 0.016583 0.078900
-0.001203 0.016784 0.078900
-0.001203 0.016985 0.078900
-0.001203 0.017186 0.078900
-0.001203 0.017387 0.078900
-0.001203 0.017589 0.078900
-0.001204 0.017812 0.079000
-0.001204 0.018014 0.079000
-0.001204 0.018215 0.079000
-0.001204 0.018416 0.079000
-0.001204 0.018618 0.079000
-0.001204 0.018819 0.079000
-0.001206 0.019045 0.079100
-0.001206 0.019246 0.079100
-0.001207 0.019473 0.079200
-0.001209 0.019699 0.079300
-0.001209 0.019901 0.079300
-0.001212 0.020154 0.079500
-0.001212 0.020357 0.079500
-0.001212 0.020560 0.079500
-0.001215 0.020815 0.079700
-0.001217 0.021044 0.079800
-0.001218 0.021274 0.079900
-0.001220 0.021505 0.080000
-0.001223 0.021763 0.080200
-0.001226 0.022022 0.080400
-0.001230 0.022310 0.080700
-0.001238 0.022655 0.081200
-0.001244 0.022975 0.081600
-0.001515 -0.002072 0.085100
-0.001509 -0.001849 0.084800
-0.001509 -0.001633 0.084800
-0.001509 -0.001416 0.084800
-0.001509 -0.001200 0.084800
-0.001508 -0.000983 0.084700
-0.001506 -0.000766 0.084600
-0.001501 -0.000549 0.084300
-0.001501 -0.000334 0.084300
-0.001460 0.000512 0.082000
-0.001458 0.000720 0.081900
-0.001456 0.000927 0.081800
-0.001454 0.001135 0.081700
-0.001454 0.001343 0.081700
-0.001452 0.001549 0.081600
-0.001451 0.001755 0.081500
-0.001449 0.001960 0.081400
-0.001447 0.002165 0.081300
-0.001444 0.002367 0.081100
-0.001442 0.002570 0.081000
-0.001438 0.002770 0.080800
-0.001435 0.002968 0.080600
-0.001433 0.003170 0.080500
-0.001431 0.003371 0.080400
-0.001428 0.003567 0.080200
-0.001428 0.003772 0.080200
-0.001428 0.003976 0.080200
-0.001426 0.004175 0.080100
-0.001426 0.004379 0.080100
-0.001426 0.004584 0.080100
-0.001424 0.004782 0.080000
-0.001424 0.004986 0.080000
-0.001424 0.005190 0.080000
-0.001424 0.005394 0.080000
-0.001422 0.005591 0.079900
-0.001420 0.005787 0.079800
-0.001419 0.005983 0.079700
-0.001417 0.006178 0.079600
-0.001415 0.006373 0.079500
-0.001413 0.006568 0.079400
-0.001412 0.006762 0.079300
-0.001410 0.006955 0.079200
-0.001410 0.007157 0.079200
-0.001408 0.007349 0.079100
-0.001408 0.007551 0.079100
-0.001406 0.007743 0.079000
-0.001406 0.007944 0.079000
-0.001406 0.008146 0.079000
-0.001404 0.008336 0.078900
-0.001403 0.008527 0.078800
-0.001401 0.008717 0.078700
-0.001401 0.008917 0.078700
-0.001399 0.009106 0.078600
-0.001399 0.009307 0.078600
-0.001399 0.009507 0.078600
-0.001399 0.009707 0.078600
-0.001399 0.009908 0.078600
-0.001399 0.010108 0.078600
-0.001399 0.010308 0.078600
-0.001401 0.010522 0.078700
-0.001401 0.010723 0.078700
-0.001403 0.010937 0.078800
-0.001404 0.011152 0.078900
-0.001406 0.011368 0.079000
-0.001408 0.011584 0.079100
-0.001408 0.011786 0.079100
-0.001410 0.012002 0.079200
-0.001412 0.012220 0.079300
-0.001413 0.012437 0.079400
-0.001413 0.012640 0.079400
-0.001415 0.012858 0.079500
-0.001415 0.013061 0.079500
-0.001417 0.013280 0.079600
-0.001417 0.013483 0.079600
-0.001417 0.013686 0.079600
-0.001417 0.013889 0.079600
-0.001415 0.014074 0.079500
-0.001415 0.014277 0.079500
-0.001415 0.014480 0.079500
-0.001413 0.014664 0.079400
-0.001412 0.014848 0.079300
-0.001412 0.015050 0.079300
-0.001410 0.015233 0.079200
-0.001408 0.015415 0.079100
-0.001406 0.015597 0.079000
-0.001404 0.015778 0.078900
-0.001403 0.015959 0.078800
-0.001403 0.016160 0.078800
-0.001403 0.016361 0.078800
-0.001403 0.016562 0.078800
-0.001403 0.016763 0.078800
-0.001403 0.016964 0.078800
-0.001403 0.017165 0.078800
-0.001403 0.017365 0.078800
-0.001403 0.017566 0.078800
-0.001403 0.017767 0.078800
-0.001403 0.017968 0.078800
-0.001403 0.018169 0.078800
-0.001404 0.018393 0.078900
-0.001404 0.018594 0.078900
-0.001404 0.018795 0.078900
-0.001404 0.018997 0.078900
-0.001406 0.019222 0.079000
-0.001406 0.019423 0.079000
-0.001410 0.019674 0.079200
-0.001410 0.019876 0.079200
-0.001412 0.020104 0.079300
-0.001412 0.020306 0.079300
-0.001413 0.020534 0.079400
-0.001415 0.020762 0.079500
-0.001419 0.021018 0.079700
-0.001420 0.021247 0.079800
-0.001422 0.021478 0.079900
-0.001426 0.021736 0.080100
-0.001429 0.021995 0.080300
-0.001433 0.022255 0.080500
-0.001436 0.022516 0.080700
-0.001442 0.022806 0.081000
-0.001449 0.023126 0.081400
-0.001722 -0.002060 0.084600
-0.001722 -0.001844 0.084600
-0.001720 -0.001627 0.084500
-0.001720 -0.001411 0.084500
-0.001718 -0.001195 0.084400
-0.001714 -0.000977 0.084200
-0.001712 -0.000762 0.084100
-0.001706 -0.000545 0.083800
-0.001706 -0.000332 0.083800
-0.001667 0.000302 0.081900
-0.001661 0.000509 0.081600
-0.001659 0.000716 0.081500
-0.001659 0.000924 0.081500
-0.001659 0.001132 0.081500
-0.001659 0.001340 0.081500
-0.001659 0.001547 0.081500
-0.001657 0.001753 0.081400
-0.001655 0.001958 0.081300
-0.001653 0.002163 0.081200
-0.001649 0.002364 0.081000
-0.001649 0.002570 0.081000
-0.001643 0.002766 0.080700
-0.001639 0.002965 0.080500
-0.001637 0.003166 0.080400
-0.001632 0.003363 0.080200
-0.001632 0.003567 0.080200
-0.001630 0.003767 0.080100
-0.001630 0.003971 0.080100
-0.001630 0.004175 0.080100
-0.001628 0.004374 0.080000
-0.001628 0.004578 0.080000
-0.001628 0.004782 0.080000
-0.001628 0.004986 0.080000
-0.001628 0.005190 0.080000
-0.001626 0.005387 0.079900
-0.001626 0.005591 0.079900
-0.001624 0.005787 0.079800
-0.001622 0.005983 0.079700
-0.001620 0.006178 0.079600
-0.001618 0.006373 0.079500
-0.001614 0.006559 0.079300
-0.001614 0.006762 0.079300
-0.001612 0.006955 0.079200
-0.001610 0.007148 0.079100
-0.001608 0.007340 0.079000
-0.001606 0.007532 0.078900
-0.001606 0.007733 0.078900
-0.001604 0.007924 0.078800
-0.001604 0.008125 0.078800
-0.001602 0.008315 0.078700
-0.001600 0.008505 0.078600
-0.001598 0.008694 0.078500
-0.001598 0.008895 0.078500
-0.001598 0.009095 0.078500
-0.001598 0.009295 0.078500
-0.001598 0.009495 0.078500
-0.001596 0.009683 0.078400
-0.001596 0.009883 0.078400
-0.001596 0.010082 0.078400
-0.001598 0.010295 0.078500
-0.001598 0.010495 0.078500
-0.001598 0.010696 0.078500
-0.001600 0.010910 0.078600
-0.001602 0.011124 0.078700
-0.001604 0.011339 0.078800
-0.001604 0.011540 0.078800
-0.001608 0.011771 0.079000
-0.001610 0.011987 0.079100
-0.001612 0.012204 0.079200
-0.001612 0.012406 0.079200
-0.001614 0.012624 0.079300
-0.001614 0.012826 0.079300
-0.001616 0.013045 0.079400
-0.001618 0.013264 0.079500
-0.001618 0.013466 0.079500
-0.001618 0.013669 0.079500
-0.001616 0.013854 0.079400
-0.001616 0.014057 0.079400
-0.001616 0.014259 0.079400
-0.001614 0.014443 0.079300
-0.001614 0.014645 0.079300
-0.001612 0.014829 0.079200
-0.001610 0.015012 0.079100
-0.001608 0.015194 0.079000
-0.001606 0.015376 0.078900
-0.001604 0.015558 0.078800
-0.001602 0.015738 0.078700
-0.001602 0.015939 0.078700
-0.001600 0.016119 0.078600
-0.001600 0.016320 0.078600
-0.001600 0.016520 0.078600
-0.001600 0.016720 0.078600
-0.001602 0.016942 0.078700
-0.001602 0.017143 0.078700
-0.001602 0.017343 0.078700
-0.001602 0.017544 0.078700
-0.001602 0.017745 0.078700
-0.001604 0.017968 0.078800
-0.001604 0.018169 0.078800
-0.001604 0.018370 0.078800
-0.001604 0.018571 0.078800
-0.001604 0.018772 0.078800
-0.001604 0.018972 0.078800
-0.001606 0.019198 0.078900
-0.001606 0.019399 0.078900
-0.001608 0.019625 0.079000
-0.001610 0.019851 0.079100
-0.001612 0.020078 0.079200
-0.001612 0.020280 0.079200
-0.001614 0.020508 0.079300
-0.001616 0.020736 0.079400
-0.001620 0.020991 0.079600
-0.001622 0.021221 0.079700
-0.001624 0.021451 0.079800
-0.001628 0.021709 0.080000
-0.001632 0.021967 0.080200
-0.001637 0.022227 0.080400
-0.001639 0.022460 0.080500
-0.001641 0.022693 0.080600
-0.001647 0.022984 0.080900
-0.001655 0.023305 0.081300
-0.001663 0.023628 0.081700
-0.001931 -0.002053 0.084300
-0.001929 -0.001836 0.084200
-0.001929 -0.001621 0.084200
-0.001927 -0.001405 0.084100
-0.001922 -0.001188 0.083900
-0.001920 -0.000973 0.083800
-0.001915 -0.000757 0.083600
-0.001915 -0.000544 0.083600
-0.001920 -0.000332 0.083800
-0.001881 0.000094 0.082100
-0.001872 0.000301 0.081700
-0.001867 0.000509 0.081500
-0.001867 0.000716 0.081500
-0.001867 0.000924 0.081500
-0.001867 0.001132 0.081500
-0.001867 0.001340 0.081500
-0.001865 0.001545 0.081400
-0.001863 0.001751 0.081300
-0.001860 0.001956 0.081200
-0.001858 0.002160 0.081100
-0.001853 0.002361 0.080900
-0.001849 0.002561 0.080700
-0.001844 0.002760 0.080500
-0.001842 0.002961 0.080400
-0.001840 0.003162 0.080300
-0.001835 0.003358 0.080100
-0.001835 0.003563 0.080100
-0.001833 0.003762 0.080000
-0.001833 0.003966 0.080000
-0.001833 0.004170 0.080000
-0.001833 0.004374 0.080000
-0.001833 0.004578 0.080000
-0.001833 0.004782 0.080000
-0.001833 0.004986 0.080000
-0.001831 0.005183 0.079900
-0.001831 0.005387 0.079900
-0.001831 0.005591 0.079900
-0.001828 0.005787 0.079800
-0.001826 0.005983 0.079700
-0.001821 0.006171 0.079500
-0.001819 0.006365 0.079400
-0.001817 0.006559 0.079300
-0.001814 0.006753 0.079200
-0.001814 0.006955 0.079200
-0.001810 0.007139 0.079000
-0.001808 0.007331 0.078900
-0.001805 0.007522 0.078800
-0.001805 0.007723 0.078800
-0.001805 0.007924 0.078800
-0.001803 0.008115 0.078700
-0.001801 0.008305 0.078600
-0.001798 0.008494 0.078500
-0.001796 0.008683 0.078400
-0.001794 0.008872 0.078300
-0.001794 0.009071 0.078300
-0.001794 0.009271 0.078300
-0.001794 0.009471 0.078300
-0.001794 0.009670 0.078300
-0.001794 0.009870 0.078300
-0.001794 0.010070 0.078300
-0.001794 0.010269 0.078300
-0.001794 0.010469 0.078300
-0.001796 0.010682 0.078400
-0.001796 0.010882 0.078400
-0.001798 0.011096 0.078500
-0.001801 0.011310 0.078600
-0.001803 0.011525 0.078700
-0.001805 0.011741 0.078800
-0.001808 0.011957 0.078900
-0.001810 0.012173 0.079000
-0.001812 0.012390 0.079100
-0.001814 0.012608 0.079200
-0.001814 0.012810 0.079200
-0.001817 0.013028 0.079300
-0.001817 0.013230 0.079300
-0.001817 0.013433 0.079300
-0.001817 0.013635 0.079300
-0.001817 0.013837 0.079300
-0.001814 0.014021 0.079200
-0.001814 0.014223 0.079200
-0.001812 0.014407 0.079100
-0.001810 0.014590 0.079000
-0.001810 0.014791 0.079000
-0.001805 0.014955 0.078800
-0.001805 0.015156 0.078800
-0.001803 0.015337 0.078700
-0.001801 0.015518 0.078600
-0.001801 0.015718 0.078600
-0.001801 0.015919 0.078600
-0.001798 0.016099 0.078500
-0.001798 0.016299 0.078500
-0.001798 0.016499 0.078500
-0.001798 0.016699 0.078500
-0.001801 0.016921 0.078600
-0.001801 0.017121 0.078600
-0.001801 0.017321 0.078600
-0.001801 0.017522 0.078600
-0.001801 0.017722 0.078600
-0.001803 0.017945 0.078700
-0.001803 0.018146 0.078700
-0.001803 0.018346 0.078700
-0.001803 0.018547 0.078700
-0.001805 0.018772 0.078800
-0.001805 0.018972 0.078800
-0.001805 0.019173 0.078800
-0.001808 0.019399 0.078900
-0.001808 0.019600 0.078900
-0.001810 0.019826 0.079000
-0.001812 0.020053 0.079100
-0.001812 0.020255 0.079100
-0.001814 0.020482 0.079200
-0.001817 0.020710 0.079300
-0.001819 0.020939 0.079400
-0.001824 0.021194 0.079600
-0.001826 0.021424 0.079700
-0.001831 0.021681 0.079900
-0.001835 0.021940 0.080100
-0.001840 0.022199 0.080300
-0.001840 0.022404 0.080300
-0.001844 0.022665 0.080500
-0.001847 0.022899 0.080600
-0.001851 0.023162 0.080800
-0.001863 0.023512 0.081300
-0.001869 0.023807 0.081600
-0.001911 0.024545 0.083400
-0.002147 -0.002053 0.084300
-0.002144 -0.001836 0.084200
-0.002144 -0.001621 0.084200
-0.002131 -0.001398 0.083700
-0.002131 -0.001185 0.083700
-0.002134 -0.000973 0.083800
-0.002116 -0.000753 0.083100
-0.002116 -0.000541 0.083100
-0.002103 -0.000327 0.082600
-0.002093 -0.000116 0.082200
-0.002086 0.000093 0.081900
-0.002078 0.000301 0.081600
-0.002073 0.000508 0.081400
-0.002073 0.000715 0.081400
-0.002073 0.000923 0.081400
-0.002073 0.001130 0.081400
-0.002073 0.001338 0.081400
-0.002073 0.001545 0.081400
-0.002068 0.001749 0.081200
-0.002065 0.001953 0.081100
-0.002060 0.002155 0.080900
-0.002058 0.002358 0.080800
-0.002053 0.002558 0.080600
-0.002047 0.002756 0.080400
-0.002045 0.002957 0.080300
-0.002042 0.003158 0.080200
-0.002040 0.003358 0.080100
-0.002037 0.003558 0.080000
-0.002037 0.003762 0.080000
-0.002035 0.003961 0.079900
-0.002035 0.004165 0.079900
-0.002035 0.004368 0.079900
-0.002035 0.004572 0.079900
-0.002035 0.004776 0.079900
-0.002035 0.004980 0.079900
-0.002035 0.005183 0.079900
-0.002035 0.005387 0.079900
-0.002032 0.005584 0.079800
-0.002030 0.005780 0.079700
-0.002027 0.005975 0.079600
-0.002024 0.006171 0.079500
-0.002019 0.006357 0.079300
-0.002019 0.006559 0.079300
-0.002017 0.006753 0.079200
-0.002014 0.006946 0.079100
-0.002009 0.007130 0.078900
-0.002007 0.007322 0.078800
-0.002004 0.007513 0.078700
-0.002004 0.007713 0.078700
-0.002002 0.007904 0.078600
-0.001999 0.008094 0.078500
-0.001999 0.008294 0.078500
-0.001996 0.008484 0.078400
-0.001994 0.008672 0.078300
-0.001991 0.008861 0.078200
-0.001991 0.009060 0.078200
-0.001991 0.009259 0.078200
-0.001991 0.009459 0.078200
-0.001991 0.009658 0.078200
-0.001991 0.009857 0.078200
-0.001991 0.010057 0.078200
-0.001991 0.010256 0.078200
-0.001991 0.010455 0.078200
-0.001991 0.010655 0.078200
-0.001994 0.010868 0.078300
-0.001996 0.011082 0.078400
-0.001999 0.011296 0.078500
-0.002002 0.011511 0.078600
-0.002002 0.011711 0.078600
-0.002004 0.011927 0.078700
-0.002007 0.012143 0.078800
-0.002009 0.012359 0.078900
-0.002012 0.012576 0.079000
-0.002014 0.012794 0.079100
-0.002014 0.012995 0.079100
-0.002017 0.013214 0.079200
-0.002017 0.013416 0.079200
-0.002017 0.013618 0.079200
-0.002017 0.013819 0.079200
-0.002014 0.014004 0.079100
-0.002012 0.014187 0.079000
-0.002009 0.014370 0.078900
-0.002007 0.014553 0.078800
-0.002004 0.014735 0.078700
-0.002002 0.014917 0.078600
-0.001999 0.015098 0.078500
-0.001999 0.015298 0.078500
-0.001999 0.015498 0.078500
-0.001996 0.015678 0.078400
-0.001996 0.015878 0.078400
-0.001996 0.016078 0.078400
-0.001996 0.016278 0.078400
-0.001996 0.016478 0.078400
-0.001996 0.016678 0.078400
-0.001999 0.016899 0.078500
-0.001999 0.017099 0.078500
-0.001999 0.017299 0.078500
-0.001999 0.017499 0.078500
-0.002002 0.017722 0.078600
-0.002002 0.017922 0.078600
-0.002002 0.018123 0.078600
-0.002002 0.018323 0.078600
-0.002002 0.018524 0.078600
-0.002002 0.018724 0.078600
-0.002004 0.018948 0.078700
-0.002004 0.019149 0.078700
-0.002007 0.019374 0.078800
-0.002007 0.019575 0.078800
-0.002009 0.019801 0.078900
-0.002012 0.020028 0.079000
-0.002012 0.020229 0.079000
-0.002014 0.020456 0.079100
-0.002017 0.020684 0.079200
-0.002019 0.020912 0.079300
-0.002024 0.021168 0.079500
-0.002030 0.021424 0.079700
-0.002035 0.021681 0.079900
-0.002037 0.021913 0.080000
-0.002040 0.022144 0.080100
-0.002045 0.022404 0.080300
-0.002047 0.022637 0.080400
-0.002050 0.022870 0.080500
-0.002053 0.023104 0.080600
-0.002058 0.023368 0.080800
-0.002065 0.023661 0.081100
-0.002078 0.024015 0.081600
-0.002088 0.024342 0.082000
-0.002103 0.024730 0.082600
-0.002331 -0.001390 0.083200
-0.002329 -0.001176 0.083100
-0.002323 -0.000962 0.082900
-0.002317 -0.000749 0.082700
-0.002312 -0.000537 0.082500
-0.002306 -0.000326 0.082300
-0.002298 -0.000115 0.082000
-0.002292 0.000093 0.081800
-0.002286 0.000301 0.081600
-0.002281 0.000508 0.081400
-0.002281 0.000715 0.081400
-0.002281 0.000923 0.081400
-0.002278 0.001129 0.081300
-0.002278 0.001336 0.081300
-0.002275 0.001542 0.081200
-0.002272 0.001746 0.081100
-0.002270 0.001951 0.081000
-0.002264 0.002152 0.080800
-0.002261 0.002355 0.080700
-0.002258 0.002558 0.080600
-0.002253 0.002756 0.080400
-0.002247 0.002954 0.080200
-0.002244 0.003154 0.080100
-0.002242 0.003354 0.080000
-0.002239 0.003554 0.079900
-0.002239 0.003757 0.079900
-0.002239 0.003961 0.079900
-0.002239 0.004165 0.079900
-0.002239 0.004368 0.079900
-0.002239 0.004572 0.079900
-0.002239 0.004776 0.079900
-0.002239 0.004980 0.079900
-0.002239 0.005183 0.079900
-0.002236 0.005380 0.079800
-0.002233 0.005577 0.079700
-0.002233 0.005780 0.079700
-0.002228 0.005968 0.079500
-0.002225 0.006163 0.079400
-0.002222 0.006357 0.079300
-0.002219 0.006551 0.079200
-0.002216 0.006744 0.079100
-0.002214 0.006937 0.079000
-0.002211 0.007130 0.078900
-0.002205 0.007312 0.078700
-0.002205 0.007513 0.078700
-0.002202 0.007704 0.078600
-0.002200 0.007894 0.078500
-0.002200 0.008094 0.078500
-0.002197 0.008284 0.078400
-0.002194 0.008473 0.078300
-0.002191 0.008661 0.078200
-0.002188 0.008849 0.078100
-0.002188 0.009048 0.078100
-0.002188 0.009247 0.078100
-0.002188 0.009447 0.078100
-0.002188 0.009646 0.078100
-0.002188 0.009845 0.078100
-0.002188 0.010044 0.078100
-0.002188 0.010243 0.078100
-0.002188 0.010442 0.078100
-0.002188 0.010641 0.078100
-0.002191 0.010854 0.078200
-0.002191 0.011053 0.078200
-0.002194 0.011267 0.078300
-0.002197 0.011481 0.078400
-0.002200 0.011696 0.078500
-0.002202 0.011911 0.078600
-0.002205 0.012127 0.078700
-0.002208 0.012343 0.078800
-0.002208 0.012544 0.078800
-0.002214 0.012778 0.079000
-0.002214 0.012979 0.079000
-0.002214 0.013180 0.079000
-0.002216 0.013399 0.079100
-0.002216 0.013600 0.079100
-0.002214 0.013785 0.079000
-0.002211 0.013968 0.078900
-0.002208 0.014151 0.078800
-0.002205 0.014334 0.078700
-0.002202 0.014516 0.078600
-0.002200 0.014698 0.078500
-0.002200 0.014898 0.078500
-0.002197 0.015079 0.078400
-0.002194 0.015259 0.078300
-0.002194 0.015459 0.078300
-0.002194 0.015658 0.078300
-0.002191 0.015838 0.078200
-0.002191 0.016037 0.078200
-0.002194 0.016257 0.078300
-0.002194 0.016457 0.078300
-0.002194 0.016656 0.078300
-0.002194 0.016856 0.078300
-0.002197 0.017077 0.078400
-0.002197 0.017277 0.078400
-0.002197 0.017477 0.078400
-0.002200 0.017700 0.078500
-0.002200 0.017900 0.078500
-0.002200 0.018100 0.078500
-0.002200 0.018300 0.078500
-0.002200 0.018500 0.078500
-0.002202 0.018724 0.078600
-0.002202 0.018924 0.078600
-0.002202 0.019125 0.078600
-0.002205 0.019350 0.078700
-0.002205 0.019550 0.078700
-0.002208 0.019776 0.078800
-0.002211 0.020002 0.078900
-0.002211 0.020203 0.078900
-0.002214 0.020430 0.079000
-0.002216 0.020658 0.079100
-0.002219 0.020886 0.079200
-0.002225 0.021141 0.079400
-0.002228 0.021370 0.079500
-0.002233 0.021627 0.079700
-0.002239 0.021885 0.079900
-0.002244 0.022144 0.080100
-0.002247 0.022376 0.080200
-0.002247 0.022581 0.080200
-0.002253 0.022842 0.080400
-0.002253 0.023047 0.080400
-0.002256 0.023281 0.080500
-0.002261 0.023544 0.080700
-0.002270 0.023838 0.081000
-0.002286 0.024223 0.081600
-0.002312 0.024700 0.082500
-0.002312 0.024911 0.082500
-0.002326 0.025273 0.083000
-0.002544 -0.001390 0.083200
-0.002529 -0.001171 0.082700
-0.002522 -0.000957 0.082500
-0.002516 -0.000745 0.082300
-0.002513 -0.000535 0.082200
-0.002507 -0.000325 0.082000
-0.002501 -0.000115 0.081800
-0.002495 0.000093 0.081600
-0.002489 0.000300 0.081400
-0.002489 0.000508 0.081400
-0.002486 0.000715 0.081300
-0.002486 0.000922 0.081300
-0.002483 0.001128 0.081200
-0.002483 0.001335 0.081200
-0.002483 0.001542 0.081200
-0.002477 0.001744 0.081000
-0.002474 0.001948 0.080900
-0.002471 0.002152 0.080800
-0.002464 0.002352 0.080600
-0.002461 0.002554 0.080500
-0.002455 0.002753 0.080300
-0.002452 0.002954 0.080200
-0.002449 0.003154 0.080100
-0.002443 0.003350 0.079900
-0.002443 0.003554 0.079900
-0.002443 0.003757 0.079900
-0.002443 0.003961 0.079900
-0.002443 0.004165 0.079900
-0.002443 0.004368 0.079900
-0.002440 0.004566 0.079800
-0.002440 0.004770 0.079800
-0.002440 0.004973 0.079800
-0.002440 0.005177 0.079800
-0.002437 0.005373 0.079700
-0.002437 0.005577 0.079700
-0.002434 0.005773 0.079600
-0.002431 0.005968 0.079500
-0.002425 0.006155 0.079300
-0.002422 0.006349 0.079200
-0.002422 0.006551 0.079200
-0.002415 0.006736 0.079000
-0.002415 0.006937 0.079000
-0.002409 0.007121 0.078800
-0.002406 0.007312 0.078700
-0.002403 0.007503 0.078600
-0.002400 0.007694 0.078500
-0.002397 0.007884 0.078400
-0.002394 0.008073 0.078300
-0.002394 0.008273 0.078300
-0.002391 0.008462 0.078200
-0.002388 0.008650 0.078100
-0.002385 0.008838 0.078000
-0.002385 0.009037 0.078000
-0.002385 0.009236 0.078000
-0.002385 0.009434 0.078000
-0.002385 0.009633 0.078000
-0.002385 0.009832 0.078000
-0.002385 0.010031 0.078000
-0.002385 0.010230 0.078000
-0.002385 0.010429 0.078000
-0.002385 0.010627 0.078000
-0.002388 0.010840 0.078100
-0.002391 0.011053 0.078200
-0.002391 0.011253 0.078200
-0.002394 0.011467 0.078300
-0.002394 0.011666 0.078300
-0.002397 0.011881 0.078400
-0.002400 0.012096 0.078500
-0.002403 0.012312 0.078600
-0.002406 0.012528 0.078700
-0.002409 0.012745 0.078800
-0.002412 0.012963 0.078900
-0.002412 0.013164 0.078900
-0.002415 0.013382 0.079000
-0.002415 0.013583 0.079000
-0.002412 0.013767 0.078900
-0.002409 0.013950 0.078800
-0.002406 0.014133 0.078700
-0.002403 0.014316 0.078600
-0.002397 0.014479 0.078400
-0.002394 0.014660 0.078300
-0.002391 0.014841 0.078200
-0.002391 0.015040 0.078200
-0.002391 0.015240 0.078200
-0.002388 0.015419 0.078100
-0.002388 0.015618 0.078100
-0.002388 0.015818 0.078100
-0.002388 0.016017 0.078100
-0.002388 0.016216 0.078100
-0.002388 0.016415 0.078100
-0.002391 0.016635 0.078200
-0.002391 0.016834 0.078200
-0.002391 0.017034 0.078200
-0.002391 0.017233 0.078200
-0.002394 0.017455 0.078300
-0.002394 0.017654 0.078300
-0.002394 0.017854 0.078300
-0.002394 0.018054 0.078300
-0.002397 0.018277 0.078400
-0.002397 0.018476 0.078400
-0.002400 0.018700 0.078500
-0.002400 0.018900 0.078500
-0.002403 0.019125 0.078600
-0.002403 0.019325 0.078600
-0.002403 0.019525 0.078600
-0.002406 0.019751 0.078700
-0.002409 0.019977 0.078800
-0.002409 0.020178 0.078800
-0.002409 0.020379 0.078800
-0.002415 0.020632 0.079000
-0.002419 0.020859 0.079100
-0.002425 0.021114 0.079300
-0.002428 0.021343 0.079400
-0.002434 0.021600 0.079600
-0.002440 0.021858 0.079800
-0.002443 0.022089 0.079900
-0.002449 0.022348 0.080100
-0.002452 0.022581 0.080200
-0.002452 0.022785 0.080200
-0.002455 0.023018 0.080300
-0.002458 0.023252 0.080400
-0.002461 0.023486 0.080500
-0.002471 0.023779 0.080800
-0.002480 0.024075 0.081100
-0.002498 0.024461 0.081700
-0.002510 0.024790 0.082100
-0.002526 0.025151 0.082600
-0.002538 0.025485 0.083000
-0.002733 -0.001378 0.082500
-0.002727 -0.001165 0.082300
-0.002723 -0.000954 0.082200
-0.002717 -0.000743 0.082000
-0.002717 -0.000534 0.082000
-0.002713 -0.000324 0.081900
-0.002707 -0.000115 0.081700
-0.002703 0.000093 0.081600
-0.002697 0.000300 0.081400
-0.002694 0.000507 0.081300
-0.002690 0.000714 0.081200
-0.002690 0.000921 0.081200
-0.002687 0.001126 0.081100
-0.002687 0.001333 0.081100
-0.002687 0.001540 0.081100
-0.002684 0.001744 0.081000
-0.002677 0.001946 0.080800
-0.002677 0.002152 0.080800
-0.002670 0.002352 0.080600
-0.002667 0.002554 0.080500
-0.002660 0.002753 0.080300
-0.002657 0.002954 0.080200
-0.002654 0.003154 0.080100
-0.002647 0.003350 0.079900
-0.002647 0.003554 0.079900
-0.002647 0.003757 0.079900
-0.002644 0.003956 0.079800
-0.002644 0.004160 0.079800
-0.002644 0.004363 0.079800
-0.002644 0.004566 0.079800
-0.002644 0.004770 0.079800
-0.002641 0.004967 0.079700
-0.002641 0.005170 0.079700
-0.002641 0.005373 0.079700
-0.002637 0.005570 0.079600
-0.002634 0.005765 0.079500
-0.002631 0.005960 0.079400
-0.002627 0.006155 0.079300
-0.002621 0.006341 0.079100
-0.002621 0.006543 0.079100
-0.002617 0.006736 0.079000
-0.002614 0.006929 0.078900
-0.002611 0.007121 0.078800
-0.002604 0.007303 0.078600
-0.002601 0.007494 0.078500
-0.002601 0.007694 0.078500
-0.002594 0.007874 0.078300
-0.002591 0.008063 0.078200
-0.002591 0.008263 0.078200
-0.002588 0.008451 0.078100
-0.002584 0.008639 0.078000
-0.002584 0.008838 0.078000
-0.002584 0.009037 0.078000
-0.002584 0.009236 0.078000
-0.002584 0.009434 0.078000
-0.002581 0.009621 0.077900
-0.002581 0.009819 0.077900
-0.002581 0.010018 0.077900
-0.002581 0.010217 0.077900
-0.002584 0.010429 0.078000
-0.002584 0.010627 0.078000
-0.002584 0.010826 0.078000
-0.002584 0.011025 0.078000
-0.002588 0.011238 0.078100
-0.002591 0.011452 0.078200
-0.002591 0.011651 0.078200
-0.002594 0.011866 0.078300
-0.002594 0.012066 0.078300
-0.002597 0.012281 0.078400
-0.002604 0.012513 0.078600
-0.002604 0.012713 0.078600
-0.002607 0.012930 0.078700
-0.002611 0.013147 0.078800
-0.002611 0.013348 0.078800
-0.002611 0.013549 0.078800
-0.002607 0.013732 0.078700
-0.002604 0.013915 0.078600
-0.002601 0.014097 0.078500
-0.002597 0.014279 0.078400
-0.002591 0.014442 0.078200
-0.002588 0.014623 0.078100
-0.002584 0.014803 0.078000
-0.002584 0.015002 0.078000
-0.002584 0.015201 0.078000
-0.002581 0.015380 0.077900
-0.002581 0.015578 0.077900
-0.002581 0.015777 0.077900
-0.002581 0.015976 0.077900
-0.002581 0.016174 0.077900
-0.002584 0.016394 0.078000
-0.002584 0.016593 0.078000
-0.002584 0.016791 0.078000
-0.002584 0.016990 0.078000
-0.002588 0.017211 0.078100
-0.002588 0.017410 0.078100
-0.002591 0.017632 0.078200
-0.002591 0.017831 0.078200
-0.002591 0.018031 0.078200
-0.002594 0.018253 0.078300
-0.002594 0.018453 0.078300
-0.002594 0.018652 0.078300
-0.002597 0.018876 0.078400
-0.002597 0.019076 0.078400
-0.002601 0.019300 0.078500
-0.002601 0.019501 0.078500
-0.002604 0.019726 0.078600
-0.002604 0.019926 0.078600
-0.002607 0.020152 0.078700
-0.002607 0.020353 0.078700
-0.002611 0.020579 0.078800
-0.002617 0.020833 0.079000
-0.002621 0.021061 0.079100
-0.002624 0.021290 0.079200
-0.002631 0.021546 0.079400
-0.002637 0.021803 0.079600
-0.002644 0.022061 0.079800
-0.002647 0.022293 0.079900
-0.002650 0.022524 0.080000
-0.002657 0.022785 0.080200
-0.002657 0.022990 0.080200
-0.002664 0.023252 0.080400
-0.002667 0.023486 0.080500
-0.002670 0.023721 0.080600
-0.002680 0.024015 0.080900
-0.002697 0.024371 0.081400
-0.002707 0.024669 0.081700
-0.002720 0.024999 0.082100
-0.002733 0.025331 0.082500
-0.002747 0.025665 0.082900
-0.002937 -0.001375 0.082300
-0.002930 -0.001162 0.082100
-0.002926 -0.000952 0.082000
-0.002923 -0.000742 0.081900
-0.002923 -0.000533 0.081900
-0.002919 -0.000324 0.081800
-0.002912 -0.000115 0.081600
-0.002908 0.000093 0.081500
-0.002905 0.000300 0.081400
-0.002898 0.000507 0.081200
-0.002898 0.000714 0.081200
-0.002894 0.000919 0.081100
-0.002894 0.001126 0.081100
-0.002891 0.001331 0.081000
-0.002887 0.001536 0.080900
-0.002883 0.001740 0.080800
-0.002883 0.001946 0.080800
-0.002880 0.002149 0.080700
-0.002876 0.002352 0.080600
-0.002873 0.002554 0.080500
-0.002866 0.002753 0.080300
-0.002862 0.002954 0.080200
-0.002858 0.003154 0.080100
-0.002851 0.003350 0.079900
-0.002851 0.003554 0.079900
-0.002851 0.003757 0.079900
-0.002848 0.003956 0.079800
-0.002848 0.004160 0.079800
-0.002848 0.004363 0.079800
-0.002848 0.004566 0.079800
-0.002844 0.004764 0.079700
-0.002844 0.004967 0.079700
-0.002841 0.005164 0.079600
-0.002837 0.005360 0.079500
-0.002837 0.005563 0.079500
-0.002833 0.005758 0.079400
-0.002830 0.005953 0.079300
-0.002826 0.006147 0.079200
-0.002823 0.006341 0.079100
-0.002819 0.006535 0.079000
-0.002816 0.006727 0.078900
-0.002812 0.006920 0.078800
-0.002808 0.007112 0.078700
-0.002801 0.007294 0.078500
-0.002798 0.007484 0.078400
-0.002794 0.007674 0.078300
-0.002791 0.007864 0.078200
-0.002791 0.008063 0.078200
-0.002787 0.008252 0.078100
-0.002784 0.008440 0.078000
-0.002780 0.008628 0.077900
-0.002780 0.008827 0.077900
-0.002780 0.009025 0.077900
-0.002780 0.009224 0.077900
-0.002780 0.009422 0.077900
-0.002780 0.009621 0.077900
-0.002780 0.009819 0.077900
-0.002780 0.010018 0.077900
-0.002780 0.010217 0.077900
-0.002780 0.010415 0.077900
-0.002780 0.010614 0.077900
-0.002780 0.010812 0.077900
-0.002780 0.011011 0.077900
-0.002784 0.011224 0.078000
-0.002784 0.011423 0.078000
-0.002784 0.011622 0.078000
-0.002787 0.011836 0.078100
-0.002791 0.012050 0.078200
-0.002794 0.012265 0.078300
-0.002798 0.012481 0.078400
-0.002801 0.012697 0.078500
-0.002801 0.012897 0.078500
-0.002805 0.013114 0.078600
-0.002805 0.013314 0.078600
-0.002805 0.013514 0.078600
-0.002805 0.013715 0.078600
-0.002801 0.013897 0.078500
-0.002794 0.014062 0.078300
-0.002791 0.014243 0.078200
-0.002787 0.014424 0.078100
-0.002780 0.014585 0.077900
-0.002780 0.014784 0.077900
-0.002776 0.014963 0.077800
-0.002776 0.015162 0.077800
-0.002773 0.015340 0.077700
-0.002773 0.015538 0.077700
-0.002773 0.015736 0.077700
-0.002773 0.015935 0.077700
-0.002776 0.016153 0.077800
-0.002776 0.016352 0.077800
-0.002780 0.016571 0.077900
-0.002780 0.016770 0.077900
-0.002780 0.016969 0.077900
-0.002780 0.017167 0.077900
-0.002780 0.017366 0.077900
-0.002784 0.017587 0.078000
-0.002784 0.017786 0.078000
-0.002787 0.018008 0.078100
-0.002787 0.018207 0.078100
-0.002791 0.018429 0.078200
-0.002791 0.018629 0.078200
-0.002794 0.018852 0.078300
-0.002794 0.019052 0.078300
-0.002798 0.019276 0.078400
-0.002798 0.019476 0.078400
-0.002801 0.019701 0.078500
-0.002801 0.019901 0.078500
-0.002801 0.020101 0.078500
-0.002801 0.020301 0.078500
-0.002805 0.020527 0.078600
-0.002812 0.020780 0.078800
-0.002816 0.021008 0.078900
-0.002819 0.021236 0.079000
-0.002826 0.021492 0.079200
-0.002833 0.021748 0.079400
-0.002841 0.022006 0.079600
-0.002844 0.022237 0.079700
-0.002851 0.022496 0.079900
-0.002855 0.022728 0.080000
-0.002862 0.022990 0.080200
-0.002866 0.023223 0.080300
-0.002869 0.023457 0.080400
-0.002876 0.023721 0.080600
-0.002883 0.023985 0.080800
-0.002894 0.024281 0.081100
-0.002905 0.024579 0.081400
-0.002919 0.024908 0.081800
-0.002930 0.025209 0.082100
-0.002944 0.025542 0.082500
-0.002955 0.025846 0.082800
-0.003293 -0.003633 0.086100
-0.003281 -0.003402 0.085800
-0.003281 -0.003183 0.085800
-0.003254 -0.002940 0.085100
-0.003243 -0.002714 0.084800
-0.003212 -0.002474 0.084000
-0.003212 -0.002260 0.084000
-0.003147 -0.001375 0.082300
-0.003140 -0.001162 0.082100
-0.003136 -0.000952 0.082000
-0.003132 -0.000742 0.081900
-0.003128 -0.000532 0.081800
-0.003124 -0.000323 0.081700
-0.003120 -0.000115 0.081600
-0.003117 0.000093 0.081500
-0.003113 0.000300 0.081400
-0.003105 0.000507 0.081200
-0.003101 0.000713 0.081100
-0.003101 0.000919 0.081100
-0.003098 0.001125 0.081000
-0.003094 0.001330 0.080900
-0.003090 0.001534 0.080800
-0.003086 0.001738 0.080700
-0.003086 0.001944 0.080700
-0.003082 0.002147 0.080600
-0.003078 0.002349 0.080500
-0.003075 0.002551 0.080400
-0.003071 0.002753 0.080300
-0.003067 0.002954 0.080200
-0.003063 0.003154 0.080100
-0.003055 0.003350 0.079900
-0.003055 0.003554 0.079900
-0.003055 0.003757 0.079900
-0.003052 0.003956 0.079800
-0.003048 0.004154 0.079700
-0.003048 0.004358 0.079700
-0.003048 0.004561 0.079700
-0.003048 0.004764 0.079700
-0.003044 0.004961 0.079600
-0.003040 0.005157 0.079500
-0.003040 0.005360 0.079500
-0.003036 0.005556 0.079400
-0.003033 0.005751 0.079300
-0.003029 0.005945 0.079200
-0.003025 0.006140 0.079100
-0.003021 0.006333 0.079000
-0.003017 0.006526 0.078900
-0.003013 0.006719 0.078800
-0.003013 0.006920 0.078800
-0.003006 0.007103 0.078600
-0.003002 0.007294 0.078500
-0.002998 0.007484 0.078400
-0.002994 0.007674 0.078300
-0.002990 0.007864 0.078200
-0.002983 0.008043 0.078000
-0.002983 0.008241 0.078000
-0.002979 0.008429 0.077900
-0.002975 0.008617 0.077800
-0.002975 0.008815 0.077800
-0.002975 0.009014 0.077800
-0.002975 0.009212 0.077800
-0.002975 0.009410 0.077800
-0.002975 0.009609 0.077800
-0.002975 0.009807 0.077800
-0.002975 0.010005 0.077800
-0.002975 0.010204 0.077800
-0.002975 0.010402 0.077800
-0.002975 0.010600 0.077800
-0.002975 0.010799 0.077800
-0.002979 0.011011 0.077900
-0.002979 0.011210 0.077900
-0.002979 0.011408 0.077900
-0.002979 0.011607 0.077900
-0.002983 0.011820 0.078000
-0.002983 0.012019 0.078000
-0.002987 0.012234 0.078100
-0.002990 0.012449 0.078200
-0.002994 0.012664 0.078300
-0.002998 0.012880 0.078400
-0.002998 0.013080 0.078400
-0.002998 0.013280 0.078400
-0.002998 0.013480 0.078400
-0.002994 0.013662 0.078300
-0.002990 0.013844 0.078200
-0.002987 0.014026 0.078100
-0.002983 0.014207 0.078000
-0.002975 0.014368 0.077800
-0.002971 0.014548 0.077700
-0.002971 0.014746 0.077700
-0.002968 0.014925 0.077600
-0.002968 0.015123 0.077600
-0.002968 0.015321 0.077600
-0.002968 0.015518 0.077600
-0.002968 0.015716 0.077600
-0.002968 0.015914 0.077600
-0.002968 0.016112 0.077600
-0.002968 0.016310 0.077600
-0.002971 0.016529 0.077700
-0.002971 0.016727 0.077700
-0.002971 0.016925 0.077700
-0.002971 0.017123 0.077700
-0.002975 0.017343 0.077800
-0.002975 0.017542 0.077800
-0.002979 0.017763 0.077900
-0.002979 0.017961 0.077900
-0.002983 0.018183 0.078000
-0.002983 0.018382 0.078000
-0.002983 0.018581 0.078000
-0.002987 0.018804 0.078100
-0.002990 0.019027 0.078200
-0.002994 0.019251 0.078300
-0.002994 0.019451 0.078300
-0.002994 0.019650 0.078300
-0.002998 0.019875 0.078400
-0.002998 0.020075 0.078400
-0.002998 0.020275 0.078400
-0.003002 0.020501 0.078500
-0.003006 0.020728 0.078600
-0.003010 0.020955 0.078700
-0.003013 0.021182 0.078800
-0.003017 0.021410 0.078900
-0.003025 0.021666 0.079100
-0.003033 0.021923 0.079300
-0.003040 0.022181 0.079500
-0.003048 0.022440 0.079700
-0.003052 0.022671 0.079800
-0.003059 0.022932 0.080000
-0.003067 0.023194 0.080200
-0.003071 0.023428 0.080300
-0.003078 0.023691 0.080500
-0.003086 0.023956 0.080700
-0.003094 0.024221 0.080900
-0.003105 0.024518 0.081200
-0.003113 0.024786 0.081400
-0.003124 0.025086 0.081700
-0.003140 0.025418 0.082100
-0.003151 0.025721 0.082400
-0.003529 -0.003870 0.086500
-0.003513 -0.003633 0.086100
-0.003496 -0.003398 0.085700
-0.003496 -0.003179 0.085700
-0.003468 -0.002937 0.085000
-0.003460 -0.002714 0.084800
-0.003419 -0.002468 0.083800
-0.003394 -0.002238 0.083200
-0.003394 -0.002026 0.083200
-0.003358 -0.001375 0.082300
-0.003349 -0.001162 0.082100
-0.003341 -0.000950 0.081900
-0.003337 -0.000741 0.081800
-0.003337 -0.000532 0.081800
-0.003333 -0.000323 0.081700
-0.003329 -0.000115 0.081600
-0.003321 0.000093 0.081400
-0.003317 0.000300 0.081300
-0.003313 0.000507 0.081200
-0.003309 0.000713 0.081100
-0.003305 0.000918 0.081000
-0.003300 0.001123 0.080900
-0.003296 0.001328 0.080800
-0.003292 0.001532 0.080700
-0.003288 0.001736 0.080600
-0.003288 0.001941 0.080600
-0.003288 0.002147 0.080600
-0.003284 0.002349 0.080500
-0.003280 0.002551 0.080400
-0.003276 0.002753 0.080300
-0.003272 0.002954 0.080200
-0.003268 0.003154 0.080100
-0.003260 0.003350 0.079900
-0.003260 0.003554 0.079900
-0.003260 0.003757 0.079900
-0.003256 0.003956 0.079800
-0.003251 0.004154 0.079700
-0.003251 0.004358 0.079700
-0.003251 0.004561 0.079700
-0.003247 0.004758 0.079600
-0.003247 0.004961 0.079600
-0.003243 0.005157 0.079500
-0.003239 0.005353 0.079400
-0.003239 0.005556 0.079400
-0.003231 0.005743 0.079200
-0.003227 0.005938 0.079100
-0.003227 0.006140 0.079100
-0.003223 0.006333 0.079000
-0.003219 0.006526 0.078900
-0.003215 0.006719 0.078800
-0.003211 0.006911 0.078700
-0.003207 0.007103 0.078600
-0.003203 0.007294 0.078500
-0.003194 0.007475 0.078300
-0.003190 0.007664 0.078200
-0.003186 0.007854 0.078100
-0.003182 0.008043 0.078000
-0.003178 0.008231 0.077900
-0.003174 0.008419 0.077800
-0.003170 0.008606 0.077700
-0.003170 0.008804 0.077700
-0.003170 0.009002 0.077700
-0.003170 0.009200 0.077700
-0.003170 0.009398 0.077700
-0.003170 0.009596 0.077700
-0.003170 0.009794 0.077700
-0.003170 0.009992 0.077700
-0.003170 0.010190 0.077700
-0.003170 0.010388 0.077700
-0.003170 0.010587 0.077700
-0.003170 0.010785 0.077700
-0.003170 0.010983 0.077700
-0.003174 0.011195 0.077800
-0.003174 0.011394 0.077800
-0.003174 0.011592 0.077800
-0.003174 0.011790 0.077800
-0.003178 0.012004 0.077900
-0.003182 0.012218 0.078000
-0.003186 0.012433 0.078100
-0.003186 0.012632 0.078100
-0.003190 0.012848 0.078200
-0.003190 0.013047 0.078200
-0.003190 0.013246 0.078200
-0.003190 0.013446 0.078200
-0.003190 0.013645 0.078200
-0.003182 0.013809 0.078000
-0.003178 0.013990 0.077900
-0.003170 0.014152 0.077700
-0.003166 0.014332 0.077600
-0.003166 0.014529 0.077600
-0.003162 0.014708 0.077500
-0.003158 0.014886 0.077400
-0.003158 0.015084 0.077400
-0.003158 0.015281 0.077400
-0.003158 0.015478 0.077400
-0.003158 0.015676 0.077400
-0.003158 0.015873 0.077400
-0.003158 0.016070 0.077400
-0.003162 0.016289 0.077500
-0.003162 0.016486 0.077500
-0.003162 0.016684 0.077500
-0.003162 0.016881 0.077500
-0.003166 0.017101 0.077600
-0.003166 0.017299 0.077600
-0.003166 0.017497 0.077600
-0.003170 0.017717 0.077700
-0.003170 0.017915 0.077700
-0.003170 0.018113 0.077700
-0.003174 0.018335 0.077800
-0.003174 0.018533 0.077800
-0.003178 0.018756 0.077900
-0.003186 0.019003 0.078100
-0.003186 0.019202 0.078100
-0.003190 0.019426 0.078200
-0.003190 0.019625 0.078200
-0.003190 0.019825 0.078200
-0.003194 0.020050 0.078300
-0.003194 0.020249 0.078300
-0.003194 0.020449 0.078300
-0.003198 0.020675 0.078400
-0.003203 0.020901 0.078500
-0.003207 0.021128 0.078600
-0.003211 0.021356 0.078700
-0.003215 0.021584 0.078800
-0.003223 0.021840 0.079000
-0.003231 0.022097 0.079200
-0.003239 0.022355 0.079400
-0.003247 0.022615 0.079600
-0.003256 0.022875 0.079800
-0.003264 0.023136 0.080000
-0.003272 0.023398 0.080200
-0.003280 0.023662 0.080400
-0.003288 0.023926 0.080600
-0.003296 0.024191 0.080800
-0.003305 0.024458 0.081000
-0.003317 0.024756 0.081300
-0.003325 0.025024 0.081500
-0.003337 0.025325 0.081800
-0.003349 0.025627 0.082100
-0.003358 0.025899 0.082300
-0.003754 -0.004096 0.086600
-0.003750 -0.003870 0.086500
-0.003733 -0.003633 0.086100
-0.003715 -0.003398 0.085700
-0.003694 -0.003161 0.085200
-0.003681 -0.002933 0.084900
-0.003659 -0.002701 0.084400
-0.003624 -0.002462 0.083600
-0.003607 -0.002238 0.083200
-0.003594 -0.002019 0.082900
-0.003594 -0.001807 0.082900
-0.003572 -0.001376 0.082400
-0.003559 -0.001162 0.082100
-0.003550 -0.000950 0.081900
-0.003546 -0.000741 0.081800
-0.003546 -0.000532 0.081800
-0.003542 -0.000323 0.081700
-0.003537 -0.000115 0.081600
-0.003529 0.000093 0.081400
-0.003524 0.000300 0.081300
-0.003516 0.000506 0.081100
-0.003511 0.000712 0.081000
-0.003507 0.000917 0.080900
-0.003503 0.001122 0.080800
-0.003498 0.001326 0.080700
-0.003494 0.001530 0.080600
-0.003494 0.001736 0.080600
-0.003494 0.001941 0.080600
-0.003490 0.002144 0.080500
-0.003490 0.002349 0.080500
-0.003485 0.002551 0.080400
-0.003481 0.002753 0.080300
-0.003477 0.002954 0.080200
-0.003472 0.003154 0.080100
-0.003468 0.003354 0.080000
-0.003464 0.003554 0.079900
-0.003464 0.003757 0.079900
-0.003459 0.003956 0.079800
-0.003455 0.004154 0.079700
-0.003455 0.004358 0.079700
-0.003451 0.004555 0.079600
-0.003451 0.004758 0.079600
-0.003446 0.004955 0.079500
-0.003442 0.005151 0.079400
-0.003442 0.005353 0.079400
-0.003442 0.005556 0.079400
-0.003433 0.005743 0.079200
-0.003429 0.005938 0.079100
-0.003425 0.006132 0.079000
-0.003420 0.006325 0.078900
-0.003420 0.006526 0.078900
-0.003416 0.006719 0.078800
-0.003412 0.006911 0.078700
-0.003407 0.007103 0.078600
-0.003399 0.007284 0.078400
-0.003394 0.007475 0.078300
-0.003386 0.007655 0.078100
-0.003381 0.007844 0.078000
-0.003377 0.008032 0.077900
-0.003368 0.008210 0.077700
-0.003368 0.008408 0.077700
-0.003364 0.008595 0.077600
-0.003364 0.008793 0.077600
-0.003364 0.008990 0.077600
-0.003364 0.009188 0.077600
-0.003364 0.009386 0.077600
-0.003364 0.009584 0.077600
-0.003364 0.009782 0.077600
-0.003364 0.009979 0.077600
-0.003364 0.010177 0.077600
-0.003364 0.010375 0.077600
-0.003364 0.010573 0.077600
-0.003364 0.010771 0.077600
-0.003368 0.010983 0.077700
-0.003368 0.011181 0.077700
-0.003368 0.011379 0.077700
-0.003368 0.011577 0.077700
-0.003368 0.011775 0.077700
-0.003373 0.011988 0.077800
-0.003377 0.012202 0.077900
-0.003377 0.012401 0.077900
-0.003381 0.012616 0.078000
-0.003381 0.012815 0.078000
-0.003381 0.013014 0.078000
-0.003381 0.013212 0.078000
-0.003381 0.013411 0.078000
-0.003381 0.013610 0.078000
-0.003373 0.013773 0.077800
-0.003368 0.013954 0.077700
-0.003364 0.014134 0.077600
-0.003360 0.014313 0.077500
-0.003355 0.014492 0.077400
-0.003351 0.014670 0.077300
-0.003351 0.014867 0.077300
-0.003351 0.015064 0.077300
-0.003347 0.015242 0.077200
-0.003347 0.015438 0.077200
-0.003351 0.015655 0.077300
-0.003351 0.015853 0.077300
-0.003351 0.016050 0.077300
-0.003351 0.016247 0.077300
-0.003351 0.016444 0.077300
-0.003351 0.016641 0.077300
-0.003351 0.016838 0.077300
-0.003355 0.017057 0.077400
-0.003355 0.017254 0.077400
-0.003355 0.017452 0.077400
-0.003360 0.017672 0.077500
-0.003360 0.017869 0.077500
-0.003364 0.018090 0.077600
-0.003364 0.018288 0.077600
-0.003364 0.018486 0.077600
-0.003368 0.018708 0.077700
-0.003373 0.018930 0.077800
-0.003377 0.019153 0.077900
-0.003381 0.019376 0.078000
-0.003381 0.019575 0.078000
-0.003381 0.019774 0.078000
-0.003386 0.019998 0.078100
-0.003386 0.020198 0.078100
-0.003390 0.020423 0.078200
-0.003390 0.020622 0.078200
-0.003394 0.020848 0.078300
-0.003394 0.021048 0.078300
-0.003399 0.021274 0.078400
-0.003407 0.021529 0.078600
-0.003412 0.021757 0.078700
-0.003420 0.022014 0.078900
-0.003429 0.022271 0.079100
-0.003438 0.022529 0.079300
-0.003451 0.022818 0.079600
-0.003459 0.023078 0.079800
-0.003472 0.023369 0.080100
-0.003481 0.023632 0.080300
-0.003490 0.023896 0.080500
-0.003498 0.024162 0.080700
-0.003507 0.024428 0.080900
-0.003516 0.024695 0.081100
-0.003524 0.024963 0.081300
-0.003533 0.025232 0.081500
-0.003546 0.025533 0.081800
-0.003559 0.025836 0.082100
-0.003985 -0.004326 0.086800
-0.003976 -0.004096 0.086600
-0.003971 -0.003870 0.086500
-0.003953 -0.003633 0.086100
-0.003930 -0.003394 0.085600
-0.003911 -0.003161 0.085200
-0.003893 -0.002930 0.084800
-0.003865 -0.002694 0.084200
-0.003833 -0.002459 0.083500
-0.003819 -0.002238 0.083200
-0.003806 -0.002019 0.082900
-0.003806 -0.001807 0.082900
-0.003783 -0.001376 0.082400
-0.003769 -0.001162 0.082100
-0.003764 -0.000952 0.082000
-0.003755 -0.000741 0.081800
-0.003755 -0.000532 0.081800
-0.003751 -0.000323 0.081700
-0.003746 -0.000115 0.081600
-0.003737 0.000093 0.081400
-0.003732 0.000300 0.081300
-0.003723 0.000506 0.081100
-0.003718 0.000712 0.081000
-0.003714 0.000917 0.080900
-0.003709 0.001122 0.080800
-0.003705 0.001326 0.080700
-0.003700 0.001530 0.080600
-0.003695 0.001734 0.080500
-0.003695 0.001939 0.080500
-0.003695 0.002144 0.080500
-0.003695 0.002349 0.080500
-0.003691 0.002551 0.080400
-0.003686 0.002753 0.080300
-0.003682 0.002954 0.080200
-0.003677 0.003154 0.080100
-0.003673 0.003354 0.080000
-0.003668 0.003554 0.079900
-0.003668 0.003757 0.079900
-0.003663 0.003956 0.079800
-0.003659 0.004154 0.079700
-0.003654 0.004352 0.079600
-0.003654 0.004555 0.079600
-0.003650 0.004752 0.079500
-0.003645 0.004948 0.079400
-0.003645 0.005151 0.079400
-0.003645 0.005353 0.079400
-0.003631 0.005736 0.079100
-0.003627 0.005930 0.079000
-0.003622 0.006124 0.078900
-0.003622 0.006325 0.078900
-0.003617 0.006518 0.078800
-0.003617 0.006719 0.078800
-0.003613 0.006911 0.078700
-0.003604 0.007094 0.078500
-0.003599 0.007284 0.078400
-0.003590 0.007465 0.078200
-0.003581 0.007645 0.078000
-0.003576 0.007834 0.077900
-0.003567 0.008012 0.077700
-0.003562 0.008199 0.077600
-0.003562 0.008397 0.077600
-0.003558 0.008584 0.077500
-0.003558 0.008781 0.077500
-0.003558 0.008979 0.077500
-0.003553 0.009165 0.077400
-0.003553 0.009362 0.077400
-0.003553 0.009559 0.077400
-0.003553 0.009756 0.077400
-0.003553 0.009954 0.077400
-0.003553 0.010151 0.077400
-0.003558 0.010362 0.077500
-0.003558 0.010559 0.077500
-0.003558 0.010757 0.077500
-0.003558 0.010954 0.077500
-0.003562 0.011166 0.077600
-0.003562 0.011364 0.077600
-0.003562 0.011562 0.077600
-0.003562 0.011760 0.077600
-0.003562 0.011958 0.077600
-0.003567 0.012171 0.077700
-0.003572 0.012385 0.077800
-0.003572 0.012583 0.077800
-0.003572 0.012782 0.077800
-0.003576 0.012997 0.077900
-0.003576 0.013195 0.077900
-0.003572 0.013377 0.077800
-0.003572 0.013575 0.077800
-0.003567 0.013756 0.077700
-0.003562 0.013936 0.077600
-0.003553 0.014097 0.077400
-0.003553 0.014295 0.077400
-0.003549 0.014473 0.077300
-0.003549 0.014670 0.077300
-0.003544 0.014848 0.077200
-0.003539 0.015025 0.077100
-0.003539 0.015222 0.077100
-0.003539 0.015418 0.077100
-0.003539 0.015615 0.077100
-0.003539 0.015812 0.077100
-0.003539 0.016008 0.077100
-0.003539 0.016205 0.077100
-0.003539 0.016401 0.077100
-0.003539 0.016598 0.077100
-0.003544 0.016816 0.077200
-0.003544 0.017013 0.077200
-0.003544 0.017210 0.077200
-0.003549 0.017429 0.077300
-0.003549 0.017626 0.077300
-0.003549 0.017823 0.077300
-0.003549 0.018020 0.077300
-0.003553 0.018241 0.077400
-0.003553 0.018438 0.077400
-0.003558 0.018659 0.077500
-0.003562 0.018881 0.077600
-0.003567 0.019104 0.077700
-0.003567 0.019302 0.077700
-0.003572 0.019525 0.077800
-0.003576 0.019749 0.077900
-0.003576 0.019947 0.077900
-0.003576 0.020146 0.077900
-0.003581 0.020371 0.078000
-0.003581 0.020569 0.078000
-0.003585 0.020795 0.078100
-0.003585 0.020994 0.078100
-0.003590 0.021220 0.078200
-0.003594 0.021447 0.078300
-0.003604 0.021702 0.078500
-0.003608 0.021930 0.078600
-0.003617 0.022186 0.078800
-0.003627 0.022444 0.079000
-0.003640 0.022732 0.079300
-0.003654 0.023020 0.079600
-0.003668 0.023311 0.079900
-0.003682 0.023603 0.080200
-0.003691 0.023867 0.080400
-0.003700 0.024132 0.080600
-0.003709 0.024397 0.080800
-0.003718 0.024664 0.081000
-0.003723 0.024901 0.081100
-0.003737 0.025201 0.081400
-0.003746 0.025471 0.081600
-0.003755 0.025742 0.081800
-0.003764 0.026014 0.082000
-0.004206 -0.004548 0.086800
-0.004206 -0.004326 0.086800
-0.004202 -0.004100 0.086700
-0.004192 -0.003870 0.086500
-0.004173 -0.003633 0.086100
-0.004148 -0.003394 0.085600
-0.004124 -0.003157 0.085100
-0.004100 -0.002923 0.084600
-0.004080 -0.002694 0.084200
-0.004047 -0.002459 0.083500
-0.004032 -0.002238 0.083200
-0.004022 -0.002021 0.083000
-0.004013 -0.001805 0.082800
-0.003998 -0.001588 0.082500
-0.003998 -0.001378 0.082500
-0.003984 -0.001163 0.082200
-0.003974 -0.000952 0.082000
-0.003969 -0.000742 0.081900
-0.003964 -0.000532 0.081800
-0.003959 -0.000323 0.081700
-0.003954 -0.000115 0.081600
-0.003945 0.000093 0.081400
-0.003940 0.000300 0.081300
-0.003930 0.000506 0.081100
-0.003925 0.000712 0.081000
-0.003921 0.000917 0.080900
-0.003911 0.001121 0.080700
-0.003906 0.001325 0.080600
-0.003901 0.001528 0.080500
-0.003896 0.001731 0.080400
-0.003896 0.001936 0.080400
-0.003896 0.002141 0.080400
-0.003896 0.002346 0.080400
-0.003896 0.002551 0.080400
-0.003891 0.002753 0.080300
-0.003887 0.002954 0.080200
-0.003882 0.003154 0.080100
-0.003877 0.003354 0.080000
-0.003872 0.003554 0.079900
-0.003867 0.003753 0.079800
-0.003862 0.003951 0.079700
-0.003858 0.004149 0.079600
-0.003853 0.004347 0.079500
-0.003853 0.004549 0.079500
-0.003848 0.004746 0.079400
-0.003843 0.004942 0.079300
-0.003838 0.005138 0.079200
-0.003833 0.005333 0.079100
-0.003828 0.005528 0.079000
-0.003828 0.005729 0.079000
-0.003824 0.005923 0.078900
-0.003819 0.006116 0.078800
-0.003819 0.006317 0.078800
-0.003819 0.006518 0.078800
-0.003814 0.006710 0.078700
-0.003809 0.006902 0.078600
-0.003804 0.007094 0.078500
-0.003795 0.007275 0.078300
-0.003785 0.007456 0.078100
-0.003775 0.007635 0.077900
-0.003765 0.007814 0.077700
-0.003761 0.008001 0.077600
-0.003756 0.008189 0.077500
-0.003751 0.008375 0.077400
-0.003751 0.008573 0.077400
-0.003746 0.008759 0.077300
-0.003746 0.008956 0.077300
-0.003746 0.009153 0.077300
-0.003746 0.009350 0.077300
-0.003746 0.009547 0.077300
-0.003746 0.009744 0.077300
-0.003746 0.009941 0.077300
-0.003746 0.010138 0.077300
-0.003746 0.010335 0.077300
-0.003746 0.010532 0.077300
-0.003746 0.010729 0.077300
-0.003751 0.010940 0.077400
-0.003751 0.011138 0.077400
-0.003751 0.011335 0.077400
-0.003751 0.011532 0.077400
-0.003751 0.011730 0.077400
-0.003756 0.011942 0.077500
-0.003756 0.012140 0.077500
-0.003761 0.012353 0.077600
-0.003761 0.012551 0.077600
-0.003761 0.012749 0.077600
-0.003761 0.012947 0.077600
-0.003761 0.013145 0.077600
-0.003761 0.013342 0.077600
-0.003761 0.013540 0.077600
-0.003756 0.013720 0.077500
-0.003751 0.013900 0.077400
-0.003751 0.014097 0.077400
-0.003746 0.014276 0.077300
-0.003741 0.014454 0.077200
-0.003736 0.014632 0.077100
-0.003736 0.014829 0.077100
-0.003732 0.015006 0.077000
-0.003732 0.015202 0.077000
-0.003732 0.015398 0.077000
-0.003732 0.015595 0.077000
-0.003732 0.015791 0.077000
-0.003732 0.015987 0.077000
-0.003732 0.016184 0.077000
-0.003732 0.016380 0.077000
-0.003732 0.016576 0.077000
-0.003732 0.016772 0.077000
-0.003732 0.016969 0.077000
-0.003732 0.017165 0.077000
-0.003736 0.017384 0.077100
-0.003736 0.017580 0.077100
-0.003736 0.017777 0.077100
-0.003736 0.017974 0.077100
-0.003736 0.018170 0.077100
-0.003741 0.018390 0.077200
-0.003746 0.018611 0.077300
-0.003751 0.018833 0.077400
-0.003756 0.019055 0.077500
-0.003756 0.019252 0.077500
-0.003761 0.019475 0.077600
-0.003765 0.019698 0.077700
-0.003765 0.019896 0.077700
-0.003765 0.020094 0.077700
-0.003770 0.020318 0.077800
-0.003775 0.020543 0.077900
-0.003775 0.020742 0.077900
-0.003780 0.020967 0.078000
-0.003780 0.021166 0.078000
-0.003785 0.021392 0.078100
-0.003795 0.021647 0.078300
-0.003799 0.021874 0.078400
-0.003804 0.022102 0.078500
-0.003819 0.022387 0.078800
-0.003828 0.022646 0.079000
-0.003843 0.022934 0.079300
-0.003862 0.023253 0.079700
-0.003877 0.023544 0.080000
-0.003891 0.023837 0.080300
-0.003901 0.024102 0.080500
-0.003911 0.024367 0.080700
-0.003921 0.024634 0.080900
-0.003925 0.024871 0.081000
-0.003935 0.025139 0.081200
-0.003945 0.025409 0.081400
-0.003954 0.025679 0.081600
-0.003959 0.025919 0.081700
-0.004428 -0.004548 0.086800
-0.004423 -0.004321 0.086700
-0.004418 -0.004096 0.086600
-0.004408 -0.003866 0.086400
-0.004387 -0.003629 0.086000
-0.004387 -0.003410 0.086000
-0.004342 -0.003157 0.085100
-0.004316 -0.002923 0.084600
-0.004285 -0.002688 0.084000
-0.004255 -0.002456 0.083400
-0.004245 -0.002238 0.083200
-0.004234 -0.002021 0.083000
-0.004219 -0.001803 0.082700
-0.004209 -0.001588 0.082500
-0.004209 -0.001378 0.082500
-0.004199 -0.001165 0.082300
-0.004188 -0.000953 0.082100
-0.004183 -0.000743 0.082000
-0.004178 -0.000533 0.081900
-0.004173 -0.000324 0.081800
-0.004163 -0.000115 0.081600
-0.004158 0.000093 0.081500
-0.004148 0.000300 0.081300
-0.004137 0.000506 0.081100
-0.004127 0.000711 0.080900
-0.004122 0.000916 0.080800
-0.004117 0.001121 0.080700
-0.004112 0.001325 0.080600
-0.004102 0.001526 0.080400
-0.004102 0.001731 0.080400
-0.004102 0.001936 0.080400
-0.004097 0.002139 0.080300
-0.004097 0.002343 0.080300
-0.004097 0.002548 0.080300
-0.004092 0.002749 0.080200
-0.004092 0.002954 0.080200
-0.004081 0.003150 0.080000
-0.004076 0.003350 0.079900
-0.004071 0.003549 0.079800
-0.004066 0.003748 0.079700
-0.004061 0.003946 0.079600
-0.004051 0.004139 0.079400
-0.004046 0.004336 0.079300
-0.004041 0.004532 0.079200
-0.004035 0.004728 0.079100
-0.004030 0.004923 0.079000
-0.004030 0.005125 0.079000
-0.004025 0.005319 0.078900
-0.004020 0.005514 0.078800
-0.004020 0.005714 0.078800
-0.004020 0.005915 0.078800
-0.004020 0.006116 0.078800
-0.004015 0.006309 0.078700
-0.004015 0.006510 0.078700
-0.004010 0.006702 0.078600
-0.004005 0.006893 0.078500
-0.003995 0.007075 0.078300
-0.003990 0.007266 0.078200
-0.003984 0.007456 0.078100
-0.003969 0.007625 0.077800
-0.003959 0.007803 0.077600
-0.003949 0.007981 0.077400
-0.003949 0.008178 0.077400
-0.003944 0.008364 0.077300
-0.003944 0.008562 0.077300
-0.003939 0.008747 0.077200
-0.003939 0.008944 0.077200
-0.003939 0.009141 0.077200
-0.003939 0.009338 0.077200
-0.003939 0.009534 0.077200
-0.003939 0.009731 0.077200
-0.003933 0.009915 0.077100
-0.003933 0.010112 0.077100
-0.003933 0.010308 0.077100
-0.003933 0.010505 0.077100
-0.003939 0.010715 0.077200
-0.003939 0.010912 0.077200
-0.003939 0.011109 0.077200
-0.003939 0.011306 0.077200
-0.003944 0.011517 0.077300
-0.003944 0.011714 0.077300
-0.003949 0.011927 0.077400
-0.003949 0.012124 0.077400
-0.003954 0.012337 0.077500
-0.003954 0.012535 0.077500
-0.003949 0.012716 0.077400
-0.003949 0.012913 0.077400
-0.003949 0.013111 0.077400
-0.003949 0.013308 0.077400
-0.003949 0.013505 0.077400
-0.003944 0.013685 0.077300
-0.003944 0.013882 0.077300
-0.003939 0.014061 0.077200
-0.003933 0.014239 0.077100
-0.003933 0.014436 0.077100
-0.003933 0.014632 0.077100
-0.003928 0.014810 0.077000
-0.003928 0.015006 0.077000
-0.003923 0.015182 0.076900
-0.003923 0.015378 0.076900
-0.003923 0.015574 0.076900
-0.003923 0.015771 0.076900
-0.003923 0.015967 0.076900
-0.003923 0.016163 0.076900
-0.003923 0.016359 0.076900
-0.003923 0.016555 0.076900
-0.003923 0.016751 0.076900
-0.003923 0.016947 0.076900
-0.003923 0.017143 0.076900
-0.003923 0.017339 0.076900
-0.003923 0.017535 0.076900
-0.003928 0.017754 0.077000
-0.003928 0.017950 0.077000
-0.003928 0.018146 0.077000
-0.003928 0.018343 0.077000
-0.003928 0.018539 0.077000
-0.003939 0.018784 0.077200
-0.003939 0.018981 0.077200
-0.003944 0.019202 0.077300
-0.003949 0.019425 0.077400
-0.003954 0.019647 0.077500
-0.003959 0.019870 0.077600
-0.003959 0.020068 0.077600
-0.003964 0.020292 0.077700
-0.003969 0.020517 0.077800
-0.003969 0.020715 0.077800
-0.003969 0.020913 0.077800
-0.003974 0.021139 0.077900
-0.003979 0.021365 0.078000
-0.003984 0.021591 0.078100
-0.003990 0.021818 0.078200
-0.003995 0.022046 0.078300
-0.004005 0.022302 0.078500
-0.004020 0.022588 0.078800
-0.004035 0.022876 0.079100
-0.004056 0.023194 0.079500
-0.004071 0.023485 0.079800
-0.004086 0.023778 0.080100
-0.004102 0.024072 0.080400
-0.004112 0.024337 0.080600
-0.004122 0.024603 0.080800
-0.004127 0.024840 0.080900
-0.004137 0.025108 0.081100
-0.004148 0.025377 0.081300
-0.004153 0.025616 0.081400
-0.004158 0.025855 0.081500
-0.004650 -0.004990 0.086800
-0.004650 -0.004769 0.086800
-0.004645 -0.004542 0.086700
-0.004639 -0.004316 0.086600
-0.004634 -0.004091 0.086500
-0.004629 -0.003866 0.086400
-0.004607 -0.003629 0.086000
-0.004607 -0.003410 0.086000
-0.004495 -0.002685 0.083900
-0.004463 -0.002453 0.083300
-0.004452 -0.002235 0.083100
-0.004441 -0.002019 0.082900
-0.004430 -0.001803 0.082700
-0.004425 -0.001590 0.082600
-0.004425 -0.001380 0.082600
-0.004414 -0.001166 0.082400
-0.004404 -0.000954 0.082200
-0.004393 -0.000743 0.082000
-0.004388 -0.000533 0.081900
-0.004382 -0.000324 0.081800
-0.004377 -0.000115 0.081700
-0.004366 0.000093 0.081500
-0.004355 0.000300 0.081300
-0.004345 0.000506 0.081100
-0.004334 0.000711 0.080900
-0.004329 0.000916 0.080800
-0.004318 0.001119 0.080600
-0.004313 0.001323 0.080500
-0.004307 0.001526 0.080400
-0.004302 0.001729 0.080300
-0.004296 0.001932 0.080200
-0.004296 0.002136 0.080200
-0.004296 0.002340 0.080200
-0.004291 0.002542 0.080100
-0.004286 0.002742 0.080000
-0.004280 0.002943 0.079900
-0.004275 0.003142 0.079800
-0.004270 0.003342 0.079700
-0.004264 0.003540 0.079600
-0.004259 0.003739 0.079500
-0.004248 0.003931 0.079300
-0.004243 0.004128 0.079200
-0.004238 0.004325 0.079100
-0.004232 0.004521 0.079000
-0.004221 0.004710 0.078800
-0.004216 0.004905 0.078700
-0.004216 0.005105 0.078700
-0.004211 0.005299 0.078600
-0.004211 0.005500 0.078600
-0.004211 0.005700 0.078600
-0.004211 0.005900 0.078600
-0.004216 0.006108 0.078700
-0.004211 0.006301 0.078600
-0.004211 0.006501 0.078600
-0.004211 0.006702 0.078600
-0.004205 0.006893 0.078500
-0.004195 0.007075 0.078300
-0.004189 0.007266 0.078200
-0.004189 0.007465 0.078200
-0.004157 0.007606 0.077600
-0.004152 0.007793 0.077500
-0.004141 0.007970 0.077300
-0.004141 0.008167 0.077300
-0.004136 0.008354 0.077200
-0.004130 0.008539 0.077100
-0.004130 0.008736 0.077100
-0.004130 0.008932 0.077100
-0.004130 0.009129 0.077100
-0.004130 0.009326 0.077100
-0.004130 0.009522 0.077100
-0.004125 0.009706 0.077000
-0.004125 0.009902 0.077000
-0.004125 0.010099 0.077000
-0.004125 0.010295 0.077000
-0.004125 0.010491 0.077000
-0.004125 0.010687 0.077000
-0.004125 0.010884 0.077000
-0.004130 0.011094 0.077100
-0.004130 0.011291 0.077100
-0.004130 0.011488 0.077100
-0.004136 0.011699 0.077200
-0.004136 0.011896 0.077200
-0.004141 0.012109 0.077300
-0.004141 0.012306 0.077300
-0.004141 0.012503 0.077300
-0.004141 0.012700 0.077300
-0.004141 0.012897 0.077300
-0.004141 0.013094 0.077300
-0.004141 0.013291 0.077300
-0.004141 0.013488 0.077300
-0.004141 0.013685 0.077300
-0.004136 0.013864 0.077200
-0.004130 0.014043 0.077100
-0.004130 0.014239 0.077100
-0.004125 0.014417 0.077000
-0.004125 0.014613 0.077000
-0.004120 0.014790 0.076900
-0.004120 0.014986 0.076900
-0.004120 0.015182 0.076900
-0.004114 0.015358 0.076800
-0.004114 0.015554 0.076800
-0.004114 0.015750 0.076800
-0.004114 0.015946 0.076800
-0.004114 0.016142 0.076800
-0.004114 0.016337 0.076800
-0.004114 0.016533 0.076800
-0.004114 0.016729 0.076800
-0.004114 0.016925 0.076800
-0.004114 0.017120 0.076800
-0.004114 0.017316 0.076800
-0.004114 0.017512 0.076800
-0.004114 0.017708 0.076800
-0.004114 0.017904 0.076800
-0.004114 0.018099 0.076800
-0.004120 0.018319 0.076900
-0.004120 0.018515 0.076900
-0.004125 0.018735 0.077000
-0.004125 0.018932 0.077000
-0.004130 0.019153 0.077100
-0.004136 0.019374 0.077200
-0.004141 0.019597 0.077300
-0.004146 0.019819 0.077400
-0.004146 0.020017 0.077400
-0.004152 0.020240 0.077500
-0.004157 0.020464 0.077600
-0.004163 0.020688 0.077700
-0.004163 0.020886 0.077700
-0.004163 0.021084 0.077700
-0.004173 0.021337 0.077900
-0.004173 0.021536 0.077900
-0.004184 0.021790 0.078100
-0.004189 0.022018 0.078200
-0.004200 0.022274 0.078400
-0.004211 0.022531 0.078600
-0.004227 0.022818 0.078900
-0.004248 0.023136 0.079300
-0.004264 0.023426 0.079600
-0.004280 0.023718 0.079900
-0.004296 0.024012 0.080200
-0.004313 0.024307 0.080500
-0.004323 0.024573 0.080700
-0.004329 0.024809 0.080800
-0.004339 0.025077 0.081000
-0.004345 0.025315 0.081100
-0.004350 0.025553 0.081200
-0.004361 0.025824 0.081400
-0.004866 -0.004984 0.086700
-0.004866 -0.004763 0.086700
-0.004861 -0.004537 0.086600
-0.004861 -0.004316 0.086600
-0.004855 -0.004091 0.086500
-0.004849 -0.003866 0.086400
-0.004827 -0.003629 0.086000
-0.004827 -0.003410 0.086000
-0.004698 -0.002678 0.083700
-0.004670 -0.002450 0.083200
-0.004664 -0.002235 0.083100
-0.004653 -0.002019 0.082900
-0.004642 -0.001803 0.082700
-0.004636 -0.001590 0.082600
-0.004636 -0.001380 0.082600
-0.004625 -0.001166 0.082400
-0.004619 -0.000955 0.082300
-0.004602 -0.000743 0.082000
-0.004602 -0.000534 0.082000
-0.004591 -0.000324 0.081800
-0.004586 -0.000115 0.081700
-0.004574 0.000093 0.081500
-0.004563 0.000300 0.081300
-0.004552 0.000506 0.081100
-0.004541 0.000711 0.080900
-0.004529 0.000915 0.080700
-0.004524 0.001119 0.080600
-0.004513 0.001321 0.080400
-0.004501 0.001523 0.080200
-0.004496 0.001725 0.080100
-0.004490 0.001927 0.080000
-0.004490 0.002131 0.080000
-0.004485 0.002332 0.079900
-0.004485 0.002535 0.079900
-0.004473 0.002732 0.079700
-0.004473 0.002935 0.079700
-0.004468 0.003135 0.079600
-0.004462 0.003333 0.079500
-0.004457 0.003532 0.079400
-0.004451 0.003729 0.079300
-0.004445 0.003926 0.079200
-0.004434 0.004118 0.079000
-0.004428 0.004314 0.078900
-0.004417 0.004503 0.078700
-0.004412 0.004698 0.078600
-0.004412 0.004899 0.078600
-0.004406 0.005092 0.078500
-0.004406 0.005293 0.078500
-0.004406 0.005493 0.078500
-0.004406 0.005693 0.078500
-0.004406 0.005893 0.078500
-0.004406 0.006093 0.078500
-0.004406 0.006293 0.078500
-0.004406 0.006493 0.078500
-0.004400 0.006685 0.078400
-0.004395 0.006876 0.078300
-0.004384 0.007057 0.078100
-0.004372 0.007238 0.077900
-0.004355 0.007408 0.077600
-0.004344 0.007586 0.077400
-0.004333 0.007763 0.077200
-0.004327 0.007950 0.077100
-0.004327 0.008146 0.077100
-0.004327 0.008343 0.077100
-0.004322 0.008528 0.077000
-0.004322 0.008725 0.077000
-0.004322 0.008921 0.077000
-0.004322 0.009117 0.077000
-0.004322 0.009313 0.077000
-0.004322 0.009510 0.077000
-0.004322 0.009706 0.077000
-0.004322 0.009902 0.077000
-0.004322 0.010099 0.077000
-0.004316 0.010282 0.076900
-0.004316 0.010478 0.076900
-0.004316 0.010674 0.076900
-0.004316 0.010870 0.076900
-0.004322 0.011080 0.077000
-0.004322 0.011276 0.077000
-0.004322 0.011473 0.077000
-0.004322 0.011669 0.077000
-0.004327 0.011881 0.077100
-0.004327 0.012077 0.077100
-0.004333 0.012290 0.077200
-0.004333 0.012486 0.077200
-0.004333 0.012683 0.077200
-0.004333 0.012880 0.077200
-0.004333 0.013077 0.077200
-0.004333 0.013274 0.077200
-0.004333 0.013470 0.077200
-0.004327 0.013650 0.077100
-0.004327 0.013846 0.077100
-0.004322 0.014024 0.077000
-0.004322 0.014221 0.077000
-0.004316 0.014398 0.076900
-0.004316 0.014594 0.076900
-0.004311 0.014771 0.076800
-0.004311 0.014967 0.076800
-0.004311 0.015163 0.076800
-0.004305 0.015338 0.076700
-0.004305 0.015534 0.076700
-0.004305 0.015729 0.076700
-0.004305 0.015925 0.076700
-0.004305 0.016121 0.076700
-0.004305 0.016316 0.076700
-0.004305 0.016512 0.076700
-0.004305 0.016707 0.076700
-0.004305 0.016903 0.076700
-0.004305 0.017098 0.076700
-0.004305 0.017294 0.076700
-0.004305 0.017489 0.076700
-0.004305 0.017685 0.076700
-0.004305 0.017880 0.076700
-0.004305 0.018076 0.076700
-0.004305 0.018271 0.076700
-0.004311 0.018491 0.076800
-0.004311 0.018687 0.076800
-0.004316 0.018907 0.076900
-0.004322 0.019128 0.077000
-0.004327 0.019349 0.077100
-0.004327 0.019546 0.077100
-0.004339 0.019794 0.077300
-0.004339 0.019991 0.077300
-0.004344 0.020214 0.077400
-0.004350 0.020438 0.077500
-0.004350 0.020635 0.077500
-0.004355 0.020860 0.077600
-0.004361 0.021084 0.077700
-0.004367 0.021310 0.077800
-0.004372 0.021536 0.077900
-0.004378 0.021762 0.078000
-0.004384 0.021989 0.078100
-0.004389 0.022217 0.078200
-0.004400 0.022474 0.078400
-0.004417 0.022760 0.078700
-0.004440 0.023078 0.079100
-0.004457 0.023367 0.079400
-0.004473 0.023659 0.079700
-0.004490 0.023952 0.080000
-0.004507 0.024246 0.080300
-0.004524 0.024542 0.080600
-0.004535 0.024809 0.080800
-0.004541 0.025046 0.080900
-0.004546 0.025284 0.081000
-0.004552 0.025522 0.081100
-0.004563 0.025792 0.081300
-0.004569 0.026031 0.081400
-0.005082 -0.004979 0.086600
-0.005082 -0.004758 0.086600
-0.005076 -0.004532 0.086500
-0.005076 -0.004311 0.086500
-0.005076 -0.004091 0.086500
-0.005070 -0.003866 0.086400
-0.005047 -0.003629 0.086000
-0.005047 -0.003410 0.086000
-0.004976 -0.003146 0.084800
-0.004941 -0.002909 0.084200
-0.004912 -0.002678 0.083700
-0.004877 -0.002447 0.083100
-0.004871 -0.002233 0.083000
-0.004859 -0.002016 0.082800
-0.004853 -0.001803 0.082700
-0.004847 -0.001590 0.082600
-0.004847 -0.001380 0.082600
-0.004841 -0.001168 0.082500
-0.004830 -0.000955 0.082300
-0.004824 -0.000744 0.082200
-0.004812 -0.000534 0.082000
-0.004806 -0.000324 0.081900
-0.004794 -0.000115 0.081700
-0.004788 0.000093 0.081600
-0.004771 0.000300 0.081300
-0.004759 0.000506 0.081100
-0.004742 0.000710 0.080800
-0.004730 0.000914 0.080600
-0.004724 0.001118 0.080500
-0.004712 0.001320 0.080300
-0.004700 0.001521 0.080100
-0.004689 0.001721 0.079900
-0.004683 0.001922 0.079800
-0.004677 0.002123 0.079700
-0.004677 0.002326 0.079700
-0.004671 0.002526 0.079600
-0.004665 0.002725 0.079500
-0.004659 0.002924 0.079400
-0.004654 0.003123 0.079300
-0.004648 0.003321 0.079200
-0.004642 0.003518 0.079100
-0.004636 0.003715 0.079000
-0.004630 0.003912 0.078900
-0.004624 0.004107 0.078800
-0.004612 0.004297 0.078600
-0.004607 0.004492 0.078500
-0.004607 0.004692 0.078500
-0.004595 0.004880 0.078300
-0.004595 0.005079 0.078300
-0.004595 0.005279 0.078300
-0.004595 0.005479 0.078300
-0.004595 0.005678 0.078300
-0.004595 0.005878 0.078300
-0.004595 0.006077 0.078300
-0.004595 0.006277 0.078300
-0.004589 0.006468 0.078200
-0.004583 0.006659 0.078100
-0.004583 0.006858 0.078100
-0.004566 0.007030 0.077800
-0.004548 0.007201 0.077500
-0.004548 0.007398 0.077500
-0.004519 0.007547 0.077000
-0.004519 0.007743 0.077000
-0.004513 0.007929 0.076900
-0.004513 0.008125 0.076900
-0.004513 0.008321 0.076900
-0.004513 0.008517 0.076900
-0.004513 0.008713 0.076900
-0.004513 0.008909 0.076900
-0.004513 0.009105 0.076900
-0.004513 0.009301 0.076900
-0.004513 0.009497 0.076900
-0.004513 0.009693 0.076900
-0.004513 0.009889 0.076900
-0.004513 0.010085 0.076900
-0.004507 0.010268 0.076800
-0.004507 0.010464 0.076800
-0.004507 0.010660 0.076800
-0.004507 0.010856 0.076800
-0.004513 0.011066 0.076900
-0.004513 0.011262 0.076900
-0.004513 0.011458 0.076900
-0.004513 0.011654 0.076900
-0.004513 0.011850 0.076900
-0.004519 0.012062 0.077000
-0.004524 0.012274 0.077100
-0.004524 0.012470 0.077100
-0.004524 0.012667 0.077100
-0.004524 0.012863 0.077100
-0.004524 0.013060 0.077100
-0.004524 0.013256 0.077100
-0.004524 0.013453 0.077100
-0.004519 0.013632 0.077000
-0.004519 0.013828 0.077000
-0.004519 0.014024 0.077000
-0.004513 0.014202 0.076900
-0.004513 0.014398 0.076900
-0.004507 0.014575 0.076800
-0.004501 0.014752 0.076700
-0.004501 0.014947 0.076700
-0.004501 0.015143 0.076700
-0.004501 0.015338 0.076700
-0.004501 0.015534 0.076700
-0.004501 0.015729 0.076700
-0.004501 0.015925 0.076700
-0.004495 0.016100 0.076600
-0.004495 0.016295 0.076600
-0.004495 0.016490 0.076600
-0.004495 0.016685 0.076600
-0.004495 0.016881 0.076600
-0.004495 0.017076 0.076600
-0.004495 0.017271 0.076600
-0.004495 0.017466 0.076600
-0.004495 0.017662 0.076600
-0.004495 0.017857 0.076600
-0.004495 0.018052 0.076600
-0.004495 0.018247 0.076600
-0.004495 0.018443 0.076600
-0.004501 0.018662 0.076700
-0.004501 0.018858 0.076700
-0.004507 0.019078 0.076800
-0.004513 0.019299 0.076900
-0.004519 0.019521 0.077000
-0.004524 0.019742 0.077100
-0.004524 0.019939 0.077100
-0.004530 0.020162 0.077200
-0.004536 0.020385 0.077300
-0.004542 0.020608 0.077400
-0.004548 0.020833 0.077500
-0.004554 0.021057 0.077600
-0.004560 0.021283 0.077700
-0.004566 0.021508 0.077800
-0.004571 0.021735 0.077900
-0.004577 0.021961 0.078000
-0.004589 0.022217 0.078200
-0.004595 0.022445 0.078300
-0.004607 0.022702 0.078500
-0.004624 0.022990 0.078800
-0.004648 0.023309 0.079200
-0.004665 0.023600 0.079500
-0.004683 0.023892 0.079800
-0.004706 0.024216 0.080200
-0.004718 0.024482 0.080400
-0.004736 0.024779 0.080700
-0.004742 0.025015 0.080800
-0.004747 0.025253 0.080900
-0.004759 0.025522 0.081100
-0.004765 0.025760 0.081200
-0.004771 0.025999 0.081300
-0.005297 -0.004973 0.086500
-0.005291 -0.004747 0.086400
-0.005291 -0.004527 0.086400
-0.005285 -0.004301 0.086300
-0.005285 -0.004081 0.086300
-0.005273 -0.003853 0.086100
-0.005248 -0.003616 0.085700
-0.005248 -0.003398 0.085700
-0.005187 -0.003142 0.084700
-0.005156 -0.002909 0.084200
-0.005156 -0.002694 0.084200
-0.005089 -0.002447 0.083100
-0.005083 -0.002233 0.083000
-0.005070 -0.002016 0.082800
-0.005064 -0.001803 0.082700
-0.005058 -0.001590 0.082600
-0.005058 -0.001380 0.082600
-0.005052 -0.001168 0.082500
-0.005046 -0.000956 0.082400
-0.005034 -0.000744 0.082200
-0.005021 -0.000534 0.082000
-0.005015 -0.000324 0.081900
-0.005003 -0.000115 0.081700
-0.004997 0.000093 0.081600
-0.004979 0.000300 0.081300
-0.004960 0.000505 0.081000
-0.004948 0.000710 0.080800
-0.004936 0.000914 0.080600
-0.004924 0.001117 0.080400
-0.004911 0.001318 0.080200
-0.004899 0.001519 0.080000
-0.004887 0.001718 0.079800
-0.004875 0.001917 0.079600
-0.004868 0.002117 0.079500
-0.004862 0.002317 0.079400
-0.004856 0.002516 0.079300
-0.004850 0.002715 0.079200
-0.004844 0.002913 0.079100
-0.004838 0.003111 0.079000
-0.004832 0.003308 0.078900
-0.004832 0.003509 0.078900
-0.004826 0.003706 0.078800
-0.004813 0.003897 0.078600
-0.004807 0.004092 0.078500
-0.004801 0.004286 0.078400
-0.004795 0.004481 0.078300
-0.004789 0.004674 0.078200
-0.004783 0.004867 0.078100
-0.004777 0.005060 0.078000
-0.004777 0.005259 0.078000
-0.004777 0.005458 0.078000
-0.004777 0.005656 0.078000
-0.004777 0.005855 0.078000
-0.004783 0.006062 0.078100
-0.004777 0.006253 0.078000
-0.004770 0.006444 0.077900
-0.004770 0.006642 0.077900
-0.004752 0.006814 0.077600
-0.004740 0.006994 0.077400
-0.004721 0.007164 0.077100
-0.004709 0.007341 0.076900
-0.004697 0.007517 0.076700
-0.004697 0.007713 0.076700
-0.004691 0.007898 0.076600
-0.004691 0.008093 0.076600
-0.004697 0.008300 0.076700
-0.004697 0.008495 0.076700
-0.004703 0.008702 0.076800
-0.004703 0.008898 0.076800
-0.004697 0.009082 0.076700
-0.004697 0.009277 0.076700
-0.004697 0.009473 0.076700
-0.004697 0.009668 0.076700
-0.004697 0.009864 0.076700
-0.004697 0.010059 0.076700
-0.004697 0.010255 0.076700
-0.004697 0.010450 0.076700
-0.004697 0.010646 0.076700
-0.004697 0.010841 0.076700
-0.004697 0.011037 0.076700
-0.004697 0.011232 0.076700
-0.004697 0.011428 0.076700
-0.004697 0.011623 0.076700
-0.004703 0.011834 0.076800
-0.004709 0.012046 0.076900
-0.004709 0.012242 0.076900
-0.004709 0.012438 0.076900
-0.004709 0.012634 0.076900
-0.004709 0.012830 0.076900
-0.004715 0.013043 0.077000
-0.004715 0.013239 0.077000
-0.004715 0.013436 0.077000
-0.004709 0.013614 0.076900
-0.004709 0.013810 0.076900
-0.004709 0.014006 0.076900
-0.004703 0.014184 0.076800
-0.004703 0.014380 0.076800
-0.004697 0.014556 0.076700
-0.004697 0.014752 0.076700
-0.004697 0.014947 0.076700
-0.004697 0.015143 0.076700
-0.004691 0.015318 0.076600
-0.004691 0.015514 0.076600
-0.004691 0.015709 0.076600
-0.004691 0.015904 0.076600
-0.004691 0.016100 0.076600
-0.004691 0.016295 0.076600
-0.004691 0.016490 0.076600
-0.004685 0.016664 0.076500
-0.004685 0.016859 0.076500
-0.004685 0.017054 0.076500
-0.004685 0.017249 0.076500
-0.004685 0.017444 0.076500
-0.004685 0.017639 0.076500
-0.004685 0.017834 0.076500
-0.004685 0.018029 0.076500
-0.004685 0.018224 0.076500
-0.004691 0.018443 0.076600
-0.004691 0.018638 0.076600
-0.004697 0.018858 0.076700
-0.004697 0.019053 0.076700
-0.004703 0.019274 0.076800
-0.004709 0.019495 0.076900
-0.004721 0.019742 0.077100
-0.004721 0.019939 0.077100
-0.004721 0.020135 0.077100
-0.004734 0.020385 0.077300
-0.004740 0.020608 0.077400
-0.004746 0.020833 0.077500
-0.004752 0.021057 0.077600
-0.004758 0.021283 0.077700
-0.004758 0.021481 0.077700
-0.004764 0.021707 0.077800
-0.004770 0.021933 0.077900
-0.004777 0.022160 0.078000
-0.004789 0.022416 0.078200
-0.004801 0.022673 0.078400
-0.004819 0.022961 0.078700
-0.004850 0.023309 0.079200
-0.004856 0.023540 0.079300
-0.004875 0.023832 0.079600
-0.004893 0.024126 0.079900
-0.004917 0.024451 0.080300
-0.004930 0.024717 0.080500
-0.004936 0.024953 0.080600
-0.004948 0.025221 0.080800
-0.004954 0.025459 0.080900
-0.004966 0.025728 0.081100
-0.004973 0.025967 0.081200
-0.004979 0.026206 0.081300
-0.005505 -0.004961 0.086300
-0.005499 -0.004736 0.086200
-0.005499 -0.004516 0.086200
-0.005493 -0.004292 0.086100
-0.005486 -0.004067 0.086000
-0.005473 -0.003839 0.085800
-0.005467 -0.003616 0.085700
-0.005467 -0.003398 0.085700
-0.005403 -0.003142 0.084700
-0.005371 -0.002909 0.084200
-0.005327 -0.002672 0.083500
-0.005301 -0.002447 0.083100
-0.005295 -0.002233 0.083000
-0.005282 -0.002016 0.082800
-0.005276 -0.001803 0.082700
-0.005276 -0.001592 0.082700
-0.005276 -0.001381 0.082700
-0.005263 -0.001168 0.082500
-0.005257 -0.000956 0.082400
-0.005250 -0.000745 0.082300
-0.005237 -0.000534 0.082100
-0.005225 -0.000324 0.081900
-0.005212 -0.000115 0.081700
-0.005205 0.000093 0.081600
-0.005186 0.000300 0.081300
-0.005167 0.000505 0.081000
-0.005148 0.000709 0.080700
-0.005129 0.000912 0.080400
-0.005123 0.001115 0.080300
-0.005103 0.001315 0.080000
-0.005091 0.001515 0.079800
-0.005078 0.001714 0.079600
-0.005065 0.001912 0.079400
-0.005059 0.002112 0.079300
-0.005059 0.002314 0.079300
-0.005040 0.002507 0.079000
-0.005033 0.002705 0.078900
-0.005027 0.002902 0.078800
-0.005027 0.003103 0.078800
-0.005021 0.003300 0.078700
-0.005014 0.003496 0.078600
-0.005008 0.003692 0.078500
-0.005001 0.003887 0.078400
-0.004995 0.004081 0.078300
-0.004989 0.004276 0.078200
-0.004982 0.004469 0.078100
-0.004969 0.004656 0.077900
-0.004963 0.004849 0.077800
-0.004957 0.005040 0.077700
-0.004957 0.005239 0.077700
-0.004957 0.005437 0.077700
-0.004957 0.005635 0.077700
-0.004957 0.005833 0.077700
-0.004957 0.006031 0.077700
-0.004957 0.006229 0.077700
-0.004950 0.006419 0.077600
-0.004950 0.006617 0.077600
-0.004950 0.006814 0.077600
-0.004938 0.006994 0.077400
-0.004893 0.007126 0.076700
-0.004880 0.007303 0.076500
-0.004874 0.007488 0.076400
-0.004874 0.007683 0.076400
-0.004874 0.007878 0.076400
-0.004874 0.008072 0.076400
-0.004874 0.008267 0.076400
-0.004880 0.008473 0.076500
-0.004880 0.008668 0.076500
-0.004887 0.008875 0.076600
-0.004887 0.009070 0.076600
-0.004887 0.009265 0.076600
-0.004887 0.009460 0.076600
-0.004887 0.009656 0.076600
-0.004887 0.009851 0.076600
-0.004887 0.010046 0.076600
-0.004887 0.010241 0.076600
-0.004887 0.010437 0.076600
-0.004887 0.010632 0.076600
-0.004887 0.010827 0.076600
-0.004887 0.011023 0.076600
-0.004887 0.011218 0.076600
-0.004887 0.011413 0.076600
-0.004887 0.011608 0.076600
-0.004887 0.011804 0.076600
-0.004893 0.012015 0.076700
-0.004893 0.012210 0.076700
-0.004893 0.012406 0.076700
-0.004893 0.012601 0.076700
-0.004893 0.012797 0.076700
-0.004893 0.012992 0.076700
-0.004893 0.013188 0.076700
-0.004893 0.013383 0.076700
-0.004893 0.013579 0.076700
-0.004893 0.013774 0.076700
-0.004893 0.013970 0.076700
-0.004893 0.014165 0.076700
-0.004893 0.014361 0.076700
-0.004893 0.014556 0.076700
-0.004887 0.014733 0.076600
-0.004887 0.014928 0.076600
-0.004887 0.015123 0.076600
-0.004887 0.015318 0.076600
-0.004887 0.015514 0.076600
-0.004887 0.015709 0.076600
-0.004887 0.015904 0.076600
-0.004880 0.016079 0.076500
-0.004880 0.016274 0.076500
-0.004880 0.016469 0.076500
-0.004880 0.016664 0.076500
-0.004880 0.016859 0.076500
-0.004874 0.017031 0.076400
-0.004874 0.017226 0.076400
-0.004874 0.017421 0.076400
-0.004874 0.017616 0.076400
-0.004880 0.017834 0.076500
-0.004880 0.018029 0.076500
-0.004880 0.018224 0.076500
-0.004880 0.018419 0.076500
-0.004887 0.018638 0.076600
-0.004887 0.018833 0.076600
-0.004893 0.019053 0.076700
-0.004899 0.019274 0.076800
-0.004906 0.019495 0.076900
-0.004912 0.019717 0.077000
-0.004912 0.019913 0.077000
-0.004918 0.020135 0.077100
-0.004925 0.020358 0.077200
-0.004931 0.020582 0.077300
-0.004938 0.020806 0.077400
-0.004944 0.021030 0.077500
-0.004950 0.021255 0.077600
-0.004957 0.021481 0.077700
-0.004963 0.021707 0.077800
-0.004969 0.021933 0.077900
-0.004976 0.022160 0.078000
-0.004982 0.022388 0.078100
-0.004995 0.022645 0.078300
-0.005008 0.022902 0.078500
-0.005027 0.023191 0.078800
-0.005046 0.023481 0.079100
-0.005065 0.023772 0.079400
-0.005091 0.024095 0.079800
-0.005110 0.024390 0.080100
-0.005129 0.024687 0.080400
-0.005135 0.024922 0.080500
-0.005142 0.025159 0.080600
-0.005154 0.025427 0.080800
-0.005161 0.025665 0.080900
-0.005174 0.025935 0.081100
-0.005180 0.026174 0.081200
-0.005706 -0.004944 0.086000
-0.005699 -0.004720 0.085900
-0.005699 -0.004501 0.085900
-0.005693 -0.004277 0.085800
-0.005679 -0.004048 0.085600
-0.005666 -0.003821 0.085400
-0.005666 -0.003604 0.085400
-0.005540 -0.002672 0.083500
-0.005514 -0.002447 0.083100
-0.005507 -0.002233 0.083000
-0.005494 -0.002016 0.082800
-0.005487 -0.001803 0.082700
-0.005480 -0.001590 0.082600
-0.005480 -0.001380 0.082600
-0.005474 -0.001168 0.082500
-0.005467 -0.000956 0.082400
-0.005460 -0.000745 0.082300
-0.005441 -0.000534 0.082000
-0.005434 -0.000324 0.081900
-0.005421 -0.000115 0.081700
-0.005407 0.000093 0.081500
-0.005387 0.000300 0.081200
-0.005361 0.000504 0.080800
-0.005341 0.000707 0.080500
-0.005328 0.000910 0.080300
-0.005314 0.001112 0.080100
-0.005301 0.001313 0.079900
-0.005288 0.001513 0.079700
-0.005275 0.001712 0.079500
-0.005261 0.001910 0.079300
-0.005261 0.002112 0.079300
-0.005241 0.002305 0.079000
-0.005228 0.002500 0.078800
-0.005222 0.002698 0.078700
-0.005215 0.002895 0.078600
-0.005208 0.003091 0.078500
-0.005202 0.003287 0.078400
-0.005202 0.003487 0.078400
-0.005195 0.003682 0.078300
-0.005188 0.003877 0.078200
-0.005182 0.004071 0.078100
-0.005175 0.004265 0.078000
-0.005169 0.004458 0.077900
-0.005155 0.004644 0.077700
-0.005149 0.004836 0.077600
-0.005142 0.005028 0.077500
-0.005142 0.005225 0.077500
-0.005142 0.005423 0.077500
-0.005142 0.005620 0.077500
-0.005142 0.005818 0.077500
-0.005135 0.006008 0.077400
-0.005129 0.006197 0.077300
-0.005122 0.006386 0.077200
-0.005122 0.006582 0.077200
-0.005089 0.006931 0.076700
-0.005076 0.007108 0.076500
-0.005056 0.007274 0.076200
-0.005056 0.007468 0.076200
-0.005056 0.007663 0.076200
-0.005056 0.007857 0.076200
-0.005056 0.008051 0.076200
-0.005056 0.008245 0.076200
-0.005062 0.008451 0.076300
-0.005062 0.008645 0.076300
-0.005069 0.008851 0.076400
-0.005069 0.009046 0.076400
-0.005069 0.009241 0.076400
-0.005069 0.009436 0.076400
-0.005069 0.009630 0.076400
-0.005069 0.009825 0.076400
-0.005069 0.010020 0.076400
-0.005076 0.010228 0.076500
-0.005076 0.010423 0.076500
-0.005076 0.010618 0.076500
-0.005076 0.010813 0.076500
-0.005076 0.011008 0.076500
-0.005076 0.011203 0.076500
-0.005076 0.011398 0.076500
-0.005076 0.011593 0.076500
-0.005076 0.011788 0.076500
-0.005076 0.011983 0.076500
-0.005076 0.012178 0.076500
-0.005076 0.012373 0.076500
-0.005076 0.012568 0.076500
-0.005076 0.012763 0.076500
-0.005076 0.012958 0.076500
-0.005076 0.013153 0.076500
-0.005076 0.013348 0.076500
-0.005076 0.013543 0.076500
-0.005076 0.013738 0.076500
-0.005076 0.013933 0.076500
-0.005076 0.014128 0.076500
-0.005076 0.014323 0.076500
-0.005076 0.014518 0.076500
-0.005076 0.014713 0.076500
-0.005082 0.014928 0.076600
-0.005082 0.015123 0.076600
-0.005076 0.015298 0.076500
-0.005076 0.015493 0.076500
-0.005076 0.015688 0.076500
-0.005076 0.015883 0.076500
-0.005076 0.016079 0.076500
-0.005076 0.016274 0.076500
-0.005076 0.016469 0.076500
-0.005069 0.016642 0.076400
-0.005069 0.016837 0.076400
-0.005069 0.017031 0.076400
-0.005069 0.017226 0.076400
-0.005069 0.017421 0.076400
-0.005069 0.017616 0.076400
-0.005069 0.017810 0.076400
-0.005069 0.018005 0.076400
-0.005069 0.018200 0.076400
-0.005069 0.018395 0.076400
-0.005076 0.018614 0.076500
-0.005082 0.018833 0.076600
-0.005082 0.019029 0.076600
-0.005089 0.019249 0.076700
-0.005096 0.019470 0.076800
-0.005102 0.019691 0.076900
-0.005102 0.019887 0.076900
-0.005115 0.020135 0.077100
-0.005122 0.020358 0.077200
-0.005129 0.020582 0.077300
-0.005135 0.020806 0.077400
-0.005135 0.021003 0.077400
-0.005142 0.021228 0.077500
-0.005149 0.021453 0.077600
-0.005155 0.021679 0.077700
-0.005162 0.021905 0.077800
-0.005169 0.022132 0.077900
-0.005175 0.022359 0.078000
-0.005188 0.022616 0.078200
-0.005202 0.022873 0.078400
-0.005215 0.023132 0.078600
-0.005235 0.023421 0.078900
-0.005255 0.023712 0.079200
-0.005275 0.024005 0.079500
-0.005301 0.024329 0.079900
-0.005321 0.024625 0.080200
-0.005334 0.024892 0.080400
-0.005341 0.025128 0.080500
-0.005348 0.025364 0.080600
-0.005361 0.025633 0.080800
-0.005374 0.025903 0.081000
-0.005381 0.026142 0.081100
-0.005387 0.026381 0.081200
-0.005926 -0.004944 0.086000
-0.005919 -0.004720 0.085900
-0.005898 -0.004485 0.085600
-0.005884 -0.004257 0.085400
-0.005877 -0.004034 0.085300
-0.005864 -0.003808 0.085100
-0.005843 -0.003578 0.084800
-0.005843 -0.003362 0.084800
-0.005747 -0.002669 0.083400
-0.005726 -0.002447 0.083100
-0.005719 -0.002233 0.083000
-0.005705 -0.002016 0.082800
-0.005698 -0.001803 0.082700
-0.005691 -0.001590 0.082600
-0.005691 -0.001380 0.082600
-0.005685 -0.001168 0.082500
-0.005678 -0.000956 0.082400
-0.005664 -0.000744 0.082200
-0.005650 -0.000534 0.082000
-0.005629 -0.000323 0.081700
-0.005623 -0.000115 0.081600
-0.005602 0.000093 0.081300
-0.005581 0.000299 0.081000
-0.005554 0.000503 0.080600
-0.005540 0.000707 0.080400
-0.005526 0.000909 0.080200
-0.005505 0.001110 0.079900
-0.005492 0.001310 0.079700
-0.005478 0.001509 0.079500
-0.005464 0.001708 0.079300
-0.005450 0.001905 0.079100
-0.005436 0.002101 0.078900
-0.005423 0.002297 0.078700
-0.005416 0.002494 0.078600
-0.005409 0.002691 0.078500
-0.005395 0.002884 0.078300
-0.005395 0.003083 0.078300
-0.005388 0.003279 0.078200
-0.005388 0.003478 0.078200
-0.005381 0.003673 0.078100
-0.005374 0.003867 0.078000
-0.005368 0.004061 0.077900
-0.005361 0.004254 0.077800
-0.005354 0.004446 0.077700
-0.005347 0.004638 0.077600
-0.005340 0.004830 0.077500
-0.005333 0.005021 0.077400
-0.005333 0.005218 0.077400
-0.005326 0.005409 0.077300
-0.005326 0.005606 0.077300
-0.005319 0.005795 0.077200
-0.005312 0.005984 0.077100
-0.005306 0.006173 0.077000
-0.005299 0.006361 0.076900
-0.005285 0.006540 0.076700
-0.005278 0.006727 0.076600
-0.005264 0.006904 0.076400
-0.005250 0.007080 0.076200
-0.005237 0.007255 0.076000
-0.005237 0.007449 0.076000
-0.005237 0.007643 0.076000
-0.005237 0.007836 0.076000
-0.005244 0.008041 0.076100
-0.005244 0.008235 0.076100
-0.005244 0.008429 0.076100
-0.005244 0.008623 0.076100
-0.005244 0.008817 0.076100
-0.005250 0.009022 0.076200
-0.005250 0.009217 0.076200
-0.005250 0.009411 0.076200
-0.005250 0.009605 0.076200
-0.005257 0.009812 0.076300
-0.005257 0.010007 0.076300
-0.005257 0.010201 0.076300
-0.005264 0.010409 0.076400
-0.005264 0.010604 0.076400
-0.005264 0.010799 0.076400
-0.005264 0.010994 0.076400
-0.005257 0.011174 0.076300
-0.005257 0.011368 0.076300
-0.005257 0.011563 0.076300
-0.005257 0.011757 0.076300
-0.005257 0.011952 0.076300
-0.005257 0.012146 0.076300
-0.005257 0.012341 0.076300
-0.005257 0.012535 0.076300
-0.005257 0.012730 0.076300
-0.005257 0.012924 0.076300
-0.005257 0.013119 0.076300
-0.005257 0.013313 0.076300
-0.005264 0.013526 0.076400
-0.005264 0.013720 0.076400
-0.005264 0.013915 0.076400
-0.005264 0.014110 0.076400
-0.005264 0.014305 0.076400
-0.005264 0.014499 0.076400
-0.005271 0.014713 0.076500
-0.005271 0.014908 0.076500
-0.005271 0.015103 0.076500
-0.005271 0.015298 0.076500
-0.005271 0.015493 0.076500
-0.005271 0.015688 0.076500
-0.005271 0.015883 0.076500
-0.005271 0.016079 0.076500
-0.005271 0.016274 0.076500
-0.005271 0.016469 0.076500
-0.005264 0.016642 0.076400
-0.005264 0.016837 0.076400
-0.005264 0.017031 0.076400
-0.005257 0.017203 0.076300
-0.005257 0.017398 0.076300
-0.005257 0.017593 0.076300
-0.005264 0.017810 0.076400
-0.005264 0.018005 0.076400
-0.005264 0.018200 0.076400
-0.005264 0.018395 0.076400
-0.005271 0.018614 0.076500
-0.005271 0.018809 0.076500
-0.005278 0.019029 0.076600
-0.005285 0.019249 0.076700
-0.005292 0.019470 0.076800
-0.005299 0.019691 0.076900
-0.005299 0.019887 0.076900
-0.005306 0.020109 0.077000
-0.005312 0.020332 0.077100
-0.005319 0.020555 0.077200
-0.005326 0.020779 0.077300
-0.005333 0.021003 0.077400
-0.005340 0.021228 0.077500
-0.005347 0.021453 0.077600
-0.005354 0.021679 0.077700
-0.005361 0.021905 0.077800
-0.005368 0.022132 0.077900
-0.005368 0.022330 0.077900
-0.005381 0.022587 0.078100
-0.005395 0.022844 0.078300
-0.005409 0.023103 0.078500
-0.005436 0.023421 0.078900
-0.005450 0.023682 0.079100
-0.005464 0.023944 0.079300
-0.005492 0.024268 0.079700
-0.005505 0.024533 0.079900
-0.005526 0.024830 0.080200
-0.005533 0.025065 0.080300
-0.005547 0.025333 0.080500
-0.005560 0.025602 0.080700
-0.005567 0.025839 0.080800
-0.005581 0.026110 0.081000
-0.005588 0.026349 0.081100
-0.005602 0.026621 0.081300
-0.006088 -0.004464 0.085200
-0.006081 -0.004242 0.085100
-0.006067 -0.004015 0.084900
-0.006053 -0.003790 0.084700
-0.006031 -0.003561 0.084400
-0.006017 -0.003338 0.084200
-0.005988 -0.003109 0.083800
-0.005988 -0.002895 0.083800
-0.005945 -0.002662 0.083200
-0.005931 -0.002444 0.083000
-0.005924 -0.002230 0.082900
-0.005910 -0.002014 0.082700
-0.005902 -0.001801 0.082600
-0.005902 -0.001590 0.082600
-0.005902 -0.001380 0.082600
-0.005888 -0.001166 0.082400
-0.005881 -0.000955 0.082300
-0.005860 -0.000743 0.082000
-0.005845 -0.000532 0.081800
-0.005831 -0.000323 0.081600
-0.005817 -0.000115 0.081400
-0.005795 0.000093 0.081100
-0.005774 0.000298 0.080800
-0.005752 0.000502 0.080500
-0.005731 0.000705 0.080200
-0.005731 0.000909 0.080200
-0.005702 0.001108 0.079800
-0.005688 0.001308 0.079600
-0.005667 0.001506 0.079300
-0.005652 0.001703 0.079100
-0.005638 0.001900 0.078900
-0.005631 0.002099 0.078800
-0.005617 0.002294 0.078600
-0.005602 0.002488 0.078400
-0.005595 0.002684 0.078300
-0.005588 0.002880 0.078200
-0.005588 0.003079 0.078200
-0.005581 0.003275 0.078100
-0.005574 0.003469 0.078000
-0.005574 0.003668 0.078000
-0.005567 0.003862 0.077900
-0.005567 0.004061 0.077900
-0.005552 0.004248 0.077700
-0.005545 0.004441 0.077600
-0.005538 0.004632 0.077500
-0.005531 0.004824 0.077400
-0.005524 0.005015 0.077300
-0.005517 0.005205 0.077200
-0.005517 0.005402 0.077200
-0.005509 0.005591 0.077100
-0.005502 0.005780 0.077000
-0.005495 0.005969 0.076900
-0.005488 0.006157 0.076800
-0.005481 0.006344 0.076700
-0.005467 0.006523 0.076500
-0.005459 0.006709 0.076400
-0.005452 0.006895 0.076300
-0.005438 0.007071 0.076100
-0.005424 0.007246 0.075900
-0.005424 0.007439 0.075900
-0.005424 0.007633 0.075900
-0.005424 0.007826 0.075900
-0.005424 0.008019 0.075900
-0.005424 0.008213 0.075900
-0.005431 0.008418 0.076000
-0.005431 0.008611 0.076000
-0.005431 0.008805 0.076000
-0.005431 0.008999 0.076000
-0.005438 0.009205 0.076100
-0.005438 0.009399 0.076100
-0.005438 0.009593 0.076100
-0.005438 0.009787 0.076100
-0.005445 0.009994 0.076200
-0.005445 0.010188 0.076200
-0.005445 0.010382 0.076200
-0.005445 0.010576 0.076200
-0.005452 0.010785 0.076300
-0.005445 0.010965 0.076200
-0.005445 0.011159 0.076200
-0.005445 0.011353 0.076200
-0.005445 0.011548 0.076200
-0.005445 0.011742 0.076200
-0.005445 0.011936 0.076200
-0.005438 0.012115 0.076100
-0.005438 0.012309 0.076100
-0.005438 0.012503 0.076100
-0.005438 0.012697 0.076100
-0.005438 0.012891 0.076100
-0.005438 0.013085 0.076100
-0.005445 0.013296 0.076200
-0.005445 0.013490 0.076200
-0.005445 0.013684 0.076200
-0.005452 0.013897 0.076300
-0.005452 0.014091 0.076300
-0.005452 0.014286 0.076300
-0.005452 0.014480 0.076300
-0.005459 0.014694 0.076400
-0.005459 0.014889 0.076400
-0.005467 0.015103 0.076500
-0.005467 0.015298 0.076500
-0.005467 0.015493 0.076500
-0.005467 0.015688 0.076500
-0.005467 0.015883 0.076500
-0.005467 0.016079 0.076500
-0.005467 0.016274 0.076500
-0.005459 0.016447 0.076400
-0.005459 0.016642 0.076400
-0.005459 0.016837 0.076400
-0.005452 0.017009 0.076300
-0.005452 0.017203 0.076300
-0.005452 0.017398 0.076300
-0.005452 0.017593 0.076300
-0.005452 0.017787 0.076300
-0.005452 0.017982 0.076300
-0.005452 0.018176 0.076300
-0.005452 0.018371 0.076300
-0.005459 0.018589 0.076400
-0.005459 0.018784 0.076400
-0.005467 0.019004 0.076500
-0.005474 0.019224 0.076600
-0.005481 0.019444 0.076700
-0.005495 0.019691 0.076900
-0.005495 0.019887 0.076900
-0.005502 0.020109 0.077000
-0.005509 0.020332 0.077100
-0.005517 0.020555 0.077200
-0.005524 0.020779 0.077300
-0.005531 0.021003 0.077400
-0.005531 0.021200 0.077400
-0.005538 0.021425 0.077500
-0.005545 0.021651 0.077600
-0.005552 0.021877 0.077700
-0.005559 0.022103 0.077800
-0.005567 0.022330 0.077900
-0.005574 0.022558 0.078000
-0.005588 0.022815 0.078200
-0.005602 0.023073 0.078400
-0.005617 0.023332 0.078600
-0.005638 0.023623 0.078900
-0.005660 0.023914 0.079200
-0.005681 0.024208 0.079500
-0.005695 0.024472 0.079700
-0.005710 0.024737 0.079900
-0.005731 0.025034 0.080200
-0.005745 0.025301 0.080400
-0.005752 0.025538 0.080500
-0.005767 0.025807 0.080700
-0.005781 0.026077 0.080900
-0.005788 0.026316 0.081000
-0.005802 0.026588 0.081200
-0.006269 -0.004438 0.084700
-0.006262 -0.004217 0.084600
-0.006247 -0.003992 0.084400
-0.006239 -0.003772 0.084300
-0.006225 -0.003549 0.084100
-0.006202 -0.003322 0.083800
-0.006188 -0.003101 0.083600
-0.006165 -0.002878 0.083300
-0.006151 -0.002659 0.083100
-0.006143 -0.002444 0.083000
-0.006128 -0.002227 0.082800
-0.006121 -0.002014 0.082700
-0.006114 -0.001801 0.082600
-0.006106 -0.001588 0.082500
-0.006106 -0.001378 0.082500
-0.006099 -0.001166 0.082400
-0.006084 -0.000954 0.082200
-0.006062 -0.000742 0.081900
-0.006047 -0.000532 0.081700
-0.006025 -0.000322 0.081400
-0.006003 -0.000114 0.081100
-0.005988 0.000092 0.080900
-0.005965 0.000297 0.080600
-0.005943 0.000501 0.080300
-0.005928 0.000704 0.080100
-0.005914 0.000906 0.079900
-0.005899 0.001107 0.079700
-0.005877 0.001305 0.079400
-0.005862 0.001504 0.079200
-0.005847 0.001701 0.079000
-0.005840 0.001900 0.078900
-0.005825 0.002096 0.078700
-0.005810 0.002291 0.078500
-0.005803 0.002488 0.078400
-0.005795 0.002684 0.078300
-0.005788 0.002880 0.078200
-0.005780 0.003076 0.078100
-0.005780 0.003275 0.078100
-0.005773 0.003469 0.078000
-0.005773 0.003668 0.078000
-0.005766 0.003862 0.077900
-0.005758 0.004055 0.077800
-0.005751 0.004248 0.077700
-0.005743 0.004441 0.077600
-0.005729 0.004626 0.077400
-0.005721 0.004817 0.077300
-0.005714 0.005008 0.077200
-0.005706 0.005198 0.077100
-0.005699 0.005388 0.077000
-0.005692 0.005577 0.076900
-0.005684 0.005765 0.076800
-0.005677 0.005953 0.076700
-0.005669 0.006141 0.076600
-0.005662 0.006328 0.076500
-0.005655 0.006514 0.076400
-0.005647 0.006700 0.076300
-0.005632 0.006877 0.076100
-0.005625 0.007061 0.076000
-0.005618 0.007246 0.075900
-0.005610 0.007429 0.075800
-0.005610 0.007622 0.075800
-0.005618 0.007826 0.075900
-0.005618 0.008019 0.075900
-0.005618 0.008213 0.075900
-0.005618 0.008406 0.075900
-0.005618 0.008600 0.075900
-0.005618 0.008793 0.075900
-0.005625 0.008999 0.076000
-0.005625 0.009193 0.076000
-0.005625 0.009386 0.076000
-0.005625 0.009580 0.076000
-0.005625 0.009774 0.076000
-0.005632 0.009981 0.076100
-0.005632 0.010175 0.076100
-0.005632 0.010369 0.076100
-0.005640 0.010576 0.076200
-0.005640 0.010771 0.076200
-0.005640 0.010965 0.076200
-0.005632 0.011145 0.076100
-0.005632 0.011339 0.076100
-0.005632 0.011533 0.076100
-0.005632 0.011727 0.076100
-0.005625 0.011905 0.076000
-0.005625 0.012099 0.076000
-0.005625 0.012292 0.076000
-0.005625 0.012486 0.076000
-0.005625 0.012680 0.076000
-0.005625 0.012874 0.076000
-0.005625 0.013067 0.076000
-0.005625 0.013261 0.076000
-0.005625 0.013455 0.076000
-0.005632 0.013666 0.076100
-0.005632 0.013860 0.076100
-0.005640 0.014073 0.076200
-0.005640 0.014267 0.076200
-0.005640 0.014461 0.076200
-0.005647 0.014675 0.076300
-0.005655 0.014889 0.076400
-0.005655 0.015084 0.076400
-0.005655 0.015278 0.076400
-0.005662 0.015493 0.076500
-0.005662 0.015688 0.076500
-0.005662 0.015883 0.076500
-0.005662 0.016079 0.076500
-0.005655 0.016252 0.076400
-0.005655 0.016447 0.076400
-0.005655 0.016642 0.076400
-0.005647 0.016814 0.076300
-0.005647 0.017009 0.076300
-0.005647 0.017203 0.076300
-0.005640 0.017375 0.076200
-0.005640 0.017569 0.076200
-0.005640 0.017764 0.076200
-0.005640 0.017958 0.076200
-0.005647 0.018176 0.076300
-0.005647 0.018371 0.076300
-0.005647 0.018565 0.076300
-0.005655 0.018784 0.076400
-0.005662 0.019004 0.076500
-0.005669 0.019224 0.076600
-0.005677 0.019444 0.076700
-0.005684 0.019666 0.076800
-0.005684 0.019861 0.076800
-0.005692 0.020083 0.076900
-0.005699 0.020306 0.077000
-0.005706 0.020529 0.077100
-0.005714 0.020752 0.077200
-0.005721 0.020976 0.077300
-0.005729 0.021200 0.077400
-0.005736 0.021425 0.077500
-0.005743 0.021651 0.077600
-0.005751 0.021877 0.077700
-0.005751 0.022075 0.077700
-0.005758 0.022302 0.077800
-0.005773 0.022558 0.078000
-0.005780 0.022786 0.078100
-0.005803 0.023073 0.078400
-0.005810 0.023303 0.078500
-0.005832 0.023593 0.078800
-0.005847 0.023854 0.079000
-0.005869 0.024147 0.079300
-0.005891 0.024441 0.079600
-0.005899 0.024675 0.079700
-0.005914 0.024940 0.079900
-0.005928 0.025207 0.080100
-0.005943 0.025475 0.080300
-0.005958 0.025743 0.080500
-0.005973 0.026013 0.080700
-0.005988 0.026284 0.080900
-0.006003 0.026555 0.081100
-0.006017 0.026828 0.081300
-0.006485 -0.004438 0.084700
-0.006439 -0.004192 0.084100
-0.006432 -0.003973 0.084000
-0.006424 -0.003754 0.083900
-0.006409 -0.003532 0.083700
-0.006401 -0.003314 0.083600
-0.006386 -0.003094 0.083400
-0.006371 -0.002874 0.083200
-0.006355 -0.002656 0.083000
-0.006340 -0.002438 0.082800
-0.006332 -0.002225 0.082700
-0.006332 -0.002014 0.082700
-0.006325 -0.001801 0.082600
-0.006309 -0.001586 0.082400
-0.006309 -0.001376 0.082400
-0.006302 -0.001165 0.082300
-0.006279 -0.000952 0.082000
-0.006256 -0.000740 0.081700
-0.006233 -0.000530 0.081400
-0.006233 -0.000322 0.081400
-0.006194 -0.000114 0.080900
-0.006171 0.000092 0.080600
-0.006156 0.000297 0.080400
-0.006133 0.000500 0.080100
-0.006133 0.000704 0.080100
-0.006103 0.000904 0.079700
-0.006087 0.001104 0.079500
-0.006072 0.001303 0.079300
-0.006057 0.001502 0.079100
-0.006041 0.001699 0.078900
-0.006034 0.001898 0.078800
-0.006026 0.002096 0.078700
-0.006011 0.002291 0.078500
-0.006003 0.002488 0.078400
-0.005995 0.002684 0.078300
-0.005988 0.002880 0.078200
-0.005980 0.003076 0.078100
-0.005980 0.003275 0.078100
-0.005972 0.003469 0.078000
-0.005972 0.003668 0.078000
-0.005965 0.003862 0.077900
-0.005957 0.004055 0.077800
-0.005949 0.004248 0.077700
-0.005934 0.004435 0.077500
-0.005926 0.004626 0.077400
-0.005919 0.004817 0.077300
-0.005903 0.005002 0.077100
-0.005896 0.005191 0.077000
-0.005888 0.005381 0.076900
-0.005880 0.005569 0.076800
-0.005865 0.005750 0.076600
-0.005858 0.005938 0.076500
-0.005850 0.006125 0.076400
-0.005842 0.006311 0.076300
-0.005835 0.006497 0.076200
-0.005827 0.006683 0.076100
-0.005819 0.006868 0.076000
-0.005812 0.007052 0.075900
-0.005804 0.007236 0.075800
-0.005804 0.007429 0.075800
-0.005804 0.007622 0.075800
-0.005804 0.007816 0.075800
-0.005804 0.008009 0.075800
-0.005804 0.008202 0.075800
-0.005804 0.008395 0.075800
-0.005804 0.008589 0.075800
-0.005812 0.008793 0.075900
-0.005812 0.008987 0.075900
-0.005812 0.009180 0.075900
-0.005812 0.009374 0.075900
-0.005812 0.009567 0.075900
-0.005812 0.009761 0.075900
-0.005819 0.009967 0.076000
-0.005819 0.010161 0.076000
-0.005827 0.010369 0.076100
-0.005827 0.010563 0.076100
-0.005827 0.010757 0.076100
-0.005827 0.010951 0.076100
-0.005827 0.011145 0.076100
-0.005819 0.011324 0.076000
-0.005819 0.011517 0.076000
-0.005819 0.011711 0.076000
-0.005819 0.011905 0.076000
-0.005812 0.012083 0.075900
-0.005812 0.012276 0.075900
-0.005812 0.012470 0.075900
-0.005812 0.012663 0.075900
-0.005812 0.012857 0.075900
-0.005812 0.013050 0.075900
-0.005812 0.013244 0.075900
-0.005819 0.013455 0.076000
-0.005819 0.013649 0.076000
-0.005819 0.013842 0.076000
-0.005827 0.014054 0.076100
-0.005827 0.014248 0.076100
-0.005827 0.014442 0.076100
-0.005835 0.014656 0.076200
-0.005835 0.014850 0.076200
-0.005842 0.015064 0.076300
-0.005850 0.015278 0.076400
-0.005850 0.015473 0.076400
-0.005850 0.015668 0.076400
-0.005850 0.015863 0.076400
-0.005850 0.016057 0.076400
-0.005850 0.016252 0.076400
-0.005850 0.016447 0.076400
-0.005850 0.016642 0.076400
-0.005842 0.016814 0.076300
-0.005842 0.017009 0.076300
-0.005835 0.017181 0.076200
-0.005835 0.017375 0.076200
-0.005835 0.017569 0.076200
-0.005835 0.017764 0.076200
-0.005835 0.017958 0.076200
-0.005835 0.018152 0.076200
-0.005835 0.018346 0.076200
-0.005835 0.018541 0.076200
-0.005842 0.018760 0.076300
-0.005850 0.018979 0.076400
-0.005858 0.019199 0.076500
-0.005865 0.019419 0.076600
-0.005873 0.019640 0.076700
-0.005873 0.019836 0.076700
-0.005880 0.020057 0.076800
-0.005896 0.020306 0.077000
-0.005903 0.020529 0.077100
-0.005911 0.020752 0.077200
-0.005919 0.020976 0.077300
-0.005926 0.021200 0.077400
-0.005926 0.021398 0.077400
-0.005934 0.021623 0.077500
-0.005942 0.021849 0.077600
-0.005949 0.022075 0.077700
-0.005957 0.022302 0.077800
-0.005965 0.022529 0.077900
-0.005980 0.022786 0.078100
-0.005995 0.023044 0.078300
-0.006011 0.023303 0.078500
-0.006026 0.023563 0.078700
-0.006041 0.023824 0.078900
-0.006064 0.024116 0.079200
-0.006080 0.024380 0.079400
-0.006087 0.024613 0.079500
-0.006103 0.024878 0.079700
-0.006118 0.025144 0.079900
-0.006133 0.025411 0.080100
-0.006148 0.025679 0.080300
-0.006164 0.025949 0.080500
-0.006194 0.026284 0.080900
-0.006210 0.026555 0.081100
-0.006225 0.026828 0.081300
-0.006233 0.027069 0.081400
-0.006631 -0.004818 0.083800
-0.006631 -0.004604 0.083800
-0.006631 -0.004391 0.083800
-0.006654 -0.004192 0.084100
-0.006615 -0.003954 0.083600
-0.006615 -0.003741 0.083600
-0.006615 -0.003528 0.083600
-0.006591 -0.003303 0.083300
-0.006583 -0.003086 0.083200
-0.006575 -0.002871 0.083100
-0.006567 -0.002656 0.083000
-0.006551 -0.002438 0.082800
-0.006544 -0.002225 0.082700
-0.006536 -0.002011 0.082600
-0.006520 -0.001796 0.082400
-0.006512 -0.001585 0.082300
-0.006512 -0.001375 0.082300
-0.006488 -0.001161 0.082000
-0.006472 -0.000949 0.081800
-0.006449 -0.000738 0.081500
-0.006425 -0.000528 0.081200
-0.006401 -0.000320 0.080900
-0.006377 -0.000114 0.080600
-0.006362 0.000092 0.080400
-0.006346 0.000296 0.080200
-0.006338 0.000500 0.080100
-0.006314 0.000701 0.079800
-0.006298 0.000902 0.079600
-0.006282 0.001103 0.079400
-0.006267 0.001302 0.079200
-0.006251 0.001500 0.079000
-0.006243 0.001699 0.078900
-0.006235 0.001898 0.078800
-0.006227 0.002096 0.078700
-0.006211 0.002291 0.078500
-0.006203 0.002488 0.078400
-0.006195 0.002684 0.078300
-0.006187 0.002880 0.078200
-0.006187 0.003079 0.078200
-0.006180 0.003275 0.078100
-0.006172 0.003469 0.078000
-0.006172 0.003668 0.078000
-0.006164 0.003862 0.077900
-0.006156 0.004055 0.077800
-0.006148 0.004248 0.077700
-0.006132 0.004435 0.077500
-0.006116 0.004620 0.077300
-0.006108 0.004811 0.077200
-0.006093 0.004995 0.077000
-0.006085 0.005185 0.076900
-0.006077 0.005374 0.076800
-0.006061 0.005555 0.076600
-0.006053 0.005743 0.076500
-0.006045 0.005930 0.076400
-0.006037 0.006117 0.076300
-0.006029 0.006303 0.076200
-0.006021 0.006489 0.076100
-0.006021 0.006683 0.076100
-0.006013 0.006868 0.076000
-0.006006 0.007052 0.075900
-0.005998 0.007236 0.075800
-0.005998 0.007429 0.075800
-0.005998 0.007622 0.075800
-0.005998 0.007816 0.075800
-0.005998 0.008009 0.075800
-0.005998 0.008202 0.075800
-0.005998 0.008395 0.075800
-0.005998 0.008589 0.075800
-0.005998 0.008782 0.075800
-0.005998 0.008975 0.075800
-0.005998 0.009168 0.075800
-0.005998 0.009362 0.075800
-0.005998 0.009555 0.075800
-0.006006 0.009761 0.075900
-0.006006 0.009954 0.075900
-0.006013 0.010161 0.076000
-0.006013 0.010355 0.076000
-0.006013 0.010549 0.076000
-0.006013 0.010742 0.076000
-0.006013 0.010936 0.076000
-0.006013 0.011130 0.076000
-0.006006 0.011309 0.075900
-0.006006 0.011502 0.075900
-0.006006 0.011696 0.075900
-0.005998 0.011874 0.075800
-0.005998 0.012067 0.075800
-0.005998 0.012260 0.075800
-0.005998 0.012453 0.075800
-0.005998 0.012646 0.075800
-0.005998 0.012840 0.075800
-0.005998 0.013033 0.075800
-0.006006 0.013244 0.075900
-0.006006 0.013437 0.075900
-0.006006 0.013631 0.075900
-0.006006 0.013824 0.075900
-0.006013 0.014036 0.076000
-0.006013 0.014230 0.076000
-0.006021 0.014442 0.076100
-0.006021 0.014636 0.076100
-0.006029 0.014850 0.076200
-0.006037 0.015064 0.076300
-0.006037 0.015258 0.076300
-0.006045 0.015473 0.076400
-0.006045 0.015668 0.076400
-0.006045 0.015863 0.076400
-0.006045 0.016057 0.076400
-0.006045 0.016252 0.076400
-0.006045 0.016447 0.076400
-0.006037 0.016620 0.076300
-0.006037 0.016814 0.076300
-0.006029 0.016987 0.076200
-0.006029 0.017181 0.076200
-0.006029 0.017375 0.076200
-0.006029 0.017569 0.076200
-0.006029 0.017764 0.076200
-0.006029 0.017958 0.076200
-0.006029 0.018152 0.076200
-0.006029 0.018346 0.076200
-0.006029 0.018541 0.076200
-0.006029 0.018735 0.076200
-0.006037 0.018954 0.076300
-0.006045 0.019174 0.076400
-0.006053 0.019394 0.076500
-0.006061 0.019614 0.076600
-0.006061 0.019810 0.076600
-0.006069 0.020031 0.076700
-0.006077 0.020253 0.076800
-0.006085 0.020475 0.076900
-0.006100 0.020725 0.077100
-0.006100 0.020922 0.077100
-0.006116 0.021173 0.077300
-0.006116 0.021370 0.077300
-0.006124 0.021595 0.077400
-0.006132 0.021820 0.077500
-0.006140 0.022046 0.077600
-0.006148 0.022273 0.077700
-0.006156 0.022500 0.077800
-0.006172 0.022757 0.078000
-0.006187 0.023014 0.078200
-0.006211 0.023303 0.078500
-0.006227 0.023563 0.078700
-0.006243 0.023824 0.078900
-0.006267 0.024116 0.079200
-0.006282 0.024380 0.079400
-0.006290 0.024613 0.079500
-0.006306 0.024878 0.079700
-0.006322 0.025144 0.079900
-0.006338 0.025411 0.080100
-0.006354 0.025679 0.080300
-0.006369 0.025949 0.080500
-0.006385 0.026219 0.080700
-0.006401 0.026490 0.080900
-0.006425 0.026795 0.081200
-0.006441 0.027069 0.081400
-0.006457 0.027343 0.081600
-0.006845 -0.004818 0.083800
-0.006820 -0.004588 0.083500
-0.006820 -0.004375 0.083500
-0.006812 -0.004157 0.083400
-0.006812 -0.003944 0.083400
-0.006804 -0.003727 0.083300
-0.006796 -0.003511 0.083200
-0.006788 -0.003295 0.083100
-0.006779 -0.003079 0.083000
-0.006771 -0.002864 0.082900
-0.006755 -0.002646 0.082700
-0.006755 -0.002435 0.082700
-0.006747 -0.002222 0.082600
-0.006739 -0.002009 0.082500
-0.006722 -0.001794 0.082300
-0.006706 -0.001581 0.082100
-0.006706 -0.001371 0.082100
-0.006681 -0.001158 0.081800
-0.006681 -0.000949 0.081800
-0.006632 -0.000735 0.081200
-0.006608 -0.000526 0.080900
-0.006583 -0.000319 0.080600
-0.006567 -0.000113 0.080400
-0.006551 0.000091 0.080200
-0.006526 0.000295 0.079900
-0.006518 0.000498 0.079800
-0.006510 0.000700 0.079700
-0.006493 0.000901 0.079500
-0.006477 0.001101 0.079300
-0.006469 0.001302 0.079200
-0.006453 0.001500 0.079000
-0.006444 0.001699 0.078900
-0.006436 0.001898 0.078800
-0.006428 0.002096 0.078700
-0.006412 0.002291 0.078500
-0.006404 0.002488 0.078400
-0.006395 0.002684 0.078300
-0.006395 0.002884 0.078300
-0.006387 0.003079 0.078200
-0.006379 0.003275 0.078100
-0.006371 0.003469 0.078000
-0.006371 0.003668 0.078000
-0.006363 0.003862 0.077900
-0.006355 0.004055 0.077800
-0.006346 0.004248 0.077700
-0.006330 0.004435 0.077500
-0.006314 0.004620 0.077300
-0.006297 0.004805 0.077100
-0.006289 0.004995 0.077000
-0.006273 0.005178 0.076800
-0.006265 0.005367 0.076700
-0.006248 0.005548 0.076500
-0.006240 0.005735 0.076400
-0.006224 0.005914 0.076200
-0.006224 0.006109 0.076200
-0.006216 0.006295 0.076100
-0.006208 0.006480 0.076000
-0.006208 0.006674 0.076000
-0.006199 0.006859 0.075900
-0.006191 0.007043 0.075800
-0.006191 0.007236 0.075800
-0.006183 0.007419 0.075700
-0.006183 0.007612 0.075700
-0.006183 0.007805 0.075700
-0.006183 0.007998 0.075700
-0.006183 0.008191 0.075700
-0.006183 0.008384 0.075700
-0.006183 0.008577 0.075700
-0.006183 0.008770 0.075700
-0.006191 0.008975 0.075800
-0.006191 0.009168 0.075800
-0.006191 0.009362 0.075800
-0.006191 0.009555 0.075800
-0.006191 0.009748 0.075800
-0.006191 0.009941 0.075800
-0.006199 0.010148 0.075900
-0.006199 0.010341 0.075900
-0.006199 0.010535 0.075900
-0.006199 0.010728 0.075900
-0.006199 0.010922 0.075900
-0.006199 0.011115 0.075900
-0.006191 0.011294 0.075800
-0.006191 0.011487 0.075800
-0.006191 0.011680 0.075800
-0.006191 0.011874 0.075800
-0.006191 0.012067 0.075800
-0.006183 0.012244 0.075700
-0.006183 0.012437 0.075700
-0.006183 0.012630 0.075700
-0.006183 0.012823 0.075700
-0.006183 0.013016 0.075700
-0.006183 0.013209 0.075700
-0.006191 0.013419 0.075800
-0.006191 0.013613 0.075800
-0.006191 0.013806 0.075800
-0.006199 0.014018 0.075900
-0.006199 0.014211 0.075900
-0.006208 0.014423 0.076000
-0.006208 0.014617 0.076000
-0.006216 0.014830 0.076100
-0.006224 0.015044 0.076200
-0.006232 0.015258 0.076300
-0.006232 0.015453 0.076300
-0.006240 0.015668 0.076400
-0.006240 0.015863 0.076400
-0.006240 0.016057 0.076400
-0.006240 0.016252 0.076400
-0.006240 0.016447 0.076400
-0.006232 0.016620 0.076300
-0.006232 0.016814 0.076300
-0.006224 0.016987 0.076200
-0.006224 0.017181 0.076200
-0.006224 0.017375 0.076200
-0.006224 0.017569 0.076200
-0.006216 0.017740 0.076100
-0.006216 0.017934 0.076100
-0.006216 0.018128 0.076100
-0.006216 0.018322 0.076100
-0.006216 0.018516 0.076100
-0.006224 0.018735 0.076200
-0.006224 0.018929 0.076200
-0.006232 0.019149 0.076300
-0.006232 0.019343 0.076300
-0.006240 0.019563 0.076400
-0.006240 0.019758 0.076400
-0.006257 0.020005 0.076600
-0.006257 0.020200 0.076600
-0.006265 0.020422 0.076700
-0.006281 0.020671 0.076900
-0.006297 0.020922 0.077100
-0.006314 0.021173 0.077300
-0.006314 0.021370 0.077300
-0.006322 0.021595 0.077400
-0.006330 0.021820 0.077500
-0.006338 0.022046 0.077600
-0.006346 0.022273 0.077700
-0.006355 0.022500 0.077800
-0.006371 0.022757 0.078000
-0.006387 0.023014 0.078200
-0.006404 0.023273 0.078400
-0.006420 0.023533 0.078600
-0.006436 0.023794 0.078800
-0.006453 0.024055 0.079000
-0.006469 0.024318 0.079200
-0.006485 0.024582 0.079400
-0.006493 0.024816 0.079500
-0.006510 0.025081 0.079700
-0.006526 0.025348 0.079900
-0.006542 0.025615 0.080100
-0.006559 0.025884 0.080300
-0.006583 0.026186 0.080600
-0.006600 0.026457 0.080800
-0.006624 0.026762 0.081100
-0.006641 0.027035 0.081300
-0.006657 0.027310 0.081500
-0.006673 0.027585 0.081700
-0.007000 -0.004566 0.083100
-0.007000 -0.004354 0.083100
-0.007000 -0.004142 0.083100
-0.007000 -0.003930 0.083100
-0.006991 -0.003714 0.083000
-0.006991 -0.003502 0.083000
-0.006983 -0.003287 0.082900
-0.006975 -0.003072 0.082800
-0.006966 -0.002857 0.082700
-0.006958 -0.002643 0.082600
-0.006949 -0.002430 0.082500
-0.006949 -0.002219 0.082500
-0.006932 -0.002004 0.082300
-0.006916 -0.001790 0.082100
-0.006899 -0.001577 0.081900
-0.006899 -0.001368 0.081900
-0.006874 -0.001155 0.081600
-0.006848 -0.000944 0.081300
-0.006840 -0.000735 0.081200
-0.006789 -0.000524 0.080600
-0.006764 -0.000318 0.080300
-0.006747 -0.000113 0.080100
-0.006730 0.000091 0.079900
-0.006722 0.000294 0.079800
-0.006705 0.000497 0.079600
-0.006697 0.000699 0.079500
-0.006688 0.000900 0.079400
-0.006680 0.001101 0.079300
-0.006671 0.001302 0.079200
-0.006655 0.001500 0.079000
-0.006646 0.001699 0.078900
-0.006638 0.001898 0.078800
-0.006629 0.002096 0.078700
-0.006621 0.002294 0.078600
-0.006604 0.002488 0.078400
-0.006604 0.002688 0.078400
-0.006596 0.002884 0.078300
-0.006587 0.003079 0.078200
-0.006579 0.003275 0.078100
-0.006570 0.003469 0.078000
-0.006570 0.003668 0.078000
-0.006562 0.003862 0.077900
-0.006553 0.004055 0.077800
-0.006537 0.004243 0.077600
-0.006520 0.004429 0.077400
-0.006511 0.004620 0.077300
-0.006494 0.004805 0.077100
-0.006478 0.004989 0.076900
-0.006469 0.005178 0.076800
-0.006452 0.005360 0.076600
-0.006435 0.005540 0.076400
-0.006427 0.005728 0.076300
-0.006410 0.005907 0.076100
-0.006410 0.006101 0.076100
-0.006402 0.006286 0.076000
-0.006402 0.006480 0.076000
-0.006393 0.006665 0.075900
-0.006385 0.006850 0.075800
-0.006385 0.007043 0.075800
-0.006385 0.007236 0.075800
-0.006377 0.007419 0.075700
-0.006377 0.007612 0.075700
-0.006377 0.007805 0.075700
-0.006377 0.007998 0.075700
-0.006377 0.008191 0.075700
-0.006377 0.008384 0.075700
-0.006368 0.008566 0.075600
-0.006368 0.008759 0.075600
-0.006377 0.008963 0.075700
-0.006377 0.009156 0.075700
-0.006377 0.009349 0.075700
-0.006377 0.009542 0.075700
-0.006377 0.009735 0.075700
-0.006377 0.009928 0.075700
-0.006377 0.010121 0.075700
-0.006385 0.010328 0.075800
-0.006385 0.010521 0.075800
-0.006385 0.010714 0.075800
-0.006385 0.010907 0.075800
-0.006385 0.011101 0.075800
-0.006385 0.011294 0.075800
-0.006377 0.011472 0.075700
-0.006377 0.011665 0.075700
-0.006377 0.011858 0.075700
-0.006377 0.012051 0.075700
-0.006368 0.012228 0.075600
-0.006368 0.012420 0.075600
-0.006368 0.012613 0.075600
-0.006368 0.012806 0.075600
-0.006368 0.012999 0.075600
-0.006377 0.013209 0.075700
-0.006377 0.013402 0.075700
-0.006377 0.013595 0.075700
-0.006385 0.013806 0.075800
-0.006385 0.013999 0.075800
-0.006393 0.014211 0.075900
-0.006393 0.014405 0.075900
-0.006402 0.014617 0.076000
-0.006402 0.014811 0.076000
-0.006410 0.015024 0.076100
-0.006419 0.015238 0.076200
-0.006419 0.015433 0.076200
-0.006427 0.015647 0.076300
-0.006427 0.015842 0.076300
-0.006427 0.016036 0.076300
-0.006427 0.016231 0.076300
-0.006427 0.016425 0.076300
-0.006427 0.016620 0.076300
-0.006419 0.016792 0.076200
-0.006419 0.016987 0.076200
-0.006419 0.017181 0.076200
-0.006410 0.017352 0.076100
-0.006410 0.017546 0.076100
-0.006410 0.017740 0.076100
-0.006410 0.017934 0.076100
-0.006410 0.018128 0.076100
-0.006410 0.018322 0.076100
-0.006410 0.018516 0.076100
-0.006419 0.018735 0.076200
-0.006419 0.018929 0.076200
-0.006427 0.019149 0.076300
-0.006427 0.019343 0.076300
-0.006435 0.019563 0.076400
-0.006435 0.019758 0.076400
-0.006452 0.020005 0.076600
-0.006452 0.020200 0.076600
-0.006461 0.020422 0.076700
-0.006478 0.020671 0.076900
-0.006486 0.020895 0.077000
-0.006494 0.021118 0.077100
-0.006503 0.021342 0.077200
-0.006511 0.021567 0.077300
-0.006520 0.021792 0.077400
-0.006528 0.022018 0.077500
-0.006537 0.022244 0.077600
-0.006553 0.022500 0.077800
-0.006562 0.022727 0.077900
-0.006579 0.022985 0.078100
-0.006596 0.023243 0.078300
-0.006612 0.023503 0.078500
-0.006629 0.023763 0.078700
-0.006646 0.024025 0.078900
-0.006663 0.024287 0.079100
-0.006671 0.024520 0.079200
-0.006680 0.024753 0.079300
-0.006697 0.025018 0.079500
-0.006705 0.025253 0.079600
-0.006722 0.025519 0.079800
-0.006747 0.025820 0.080100
-0.006772 0.026121 0.080400
-0.006789 0.026392 0.080600
-0.006815 0.026696 0.080900
-0.006840 0.027002 0.081200
-0.006865 0.027310 0.081500
-0.006882 0.027585 0.081700
-0.007195 -0.004555 0.082900
-0.007195 -0.004343 0.082900
-0.007195 -0.004132 0.082900
-0.007186 -0.003916 0.082800
-0.007177 -0.003700 0.082700
-0.007177 -0.003490 0.082700
-0.007177 -0.003279 0.082700
-0.007169 -0.003064 0.082600
-0.007160 -0.002850 0.082500
-0.007151 -0.002637 0.082400
-0.007143 -0.002424 0.082300
-0.007143 -0.002214 0.082300
-0.007125 -0.001999 0.082100
-0.007108 -0.001786 0.081900
-0.007082 -0.001571 0.081600
-0.007082 -0.001363 0.081600
-0.007082 -0.001155 0.081600
-0.007030 -0.000940 0.081000
-0.007030 -0.000734 0.081000
-0.006978 -0.000523 0.080400
-0.006943 -0.000317 0.080000
-0.006926 -0.000112 0.079800
-0.006917 0.000091 0.079700
-0.006908 0.000294 0.079600
-0.006900 0.000496 0.079500
-0.006891 0.000698 0.079400
-0.006891 0.000900 0.079400
-0.006882 0.001101 0.079300
-0.006865 0.001300 0.079100
-0.006856 0.001500 0.079000
-0.006856 0.001701 0.079000
-0.006839 0.001898 0.078800
-0.006830 0.002096 0.078700
-0.006822 0.002294 0.078600
-0.006813 0.002491 0.078500
-0.006804 0.002688 0.078400
-0.006796 0.002884 0.078300
-0.006787 0.003079 0.078200
-0.006787 0.003279 0.078200
-0.006778 0.003474 0.078100
-0.006770 0.003668 0.078000
-0.006761 0.003862 0.077900
-0.006744 0.004050 0.077700
-0.006735 0.004243 0.077600
-0.006718 0.004429 0.077400
-0.006700 0.004614 0.077200
-0.006683 0.004799 0.077000
-0.006665 0.004982 0.076800
-0.006657 0.005171 0.076700
-0.006639 0.005353 0.076500
-0.006622 0.005533 0.076300
-0.006613 0.005720 0.076200
-0.006605 0.005907 0.076100
-0.006596 0.006093 0.076000
-0.006587 0.006278 0.075900
-0.006587 0.006472 0.075900
-0.006579 0.006656 0.075800
-0.006579 0.006850 0.075800
-0.006570 0.007033 0.075700
-0.006570 0.007226 0.075700
-0.006570 0.007419 0.075700
-0.006570 0.007612 0.075700
-0.006561 0.007795 0.075600
-0.006561 0.007988 0.075600
-0.006561 0.008181 0.075600
-0.006561 0.008373 0.075600
-0.006561 0.008566 0.075600
-0.006561 0.008759 0.075600
-0.006561 0.008951 0.075600
-0.006561 0.009144 0.075600
-0.006561 0.009337 0.075600
-0.006561 0.009530 0.075600
-0.006561 0.009722 0.075600
-0.006561 0.009915 0.075600
-0.006570 0.010121 0.075700
-0.006570 0.010314 0.075700
-0.006570 0.010507 0.075700
-0.006570 0.010700 0.075700
-0.006570 0.010893 0.075700
-0.006570 0.011086 0.075700
-0.006570 0.011279 0.075700
-0.006570 0.011472 0.075700
-0.006561 0.011649 0.075600
-0.006561 0.011842 0.075600
-0.006561 0.012035 0.075600
-0.006561 0.012228 0.075600
-0.006561 0.012420 0.075600
-0.006553 0.012596 0.075500
-0.006553 0.012789 0.075500
-0.006561 0.012999 0.075600
-0.006561 0.013191 0.075600
-0.006561 0.013384 0.075600
-0.006561 0.013577 0.075600
-0.006570 0.013788 0.075700
-0.006570 0.013981 0.075700
-0.006570 0.014174 0.075700
-0.006579 0.014386 0.075800
-0.006587 0.014598 0.075900
-0.006596 0.014811 0.076000
-0.006596 0.015005 0.076000
-0.006605 0.015218 0.076100
-0.006613 0.015433 0.076200
-0.006613 0.015627 0.076200
-0.006622 0.015842 0.076300
-0.006622 0.016036 0.076300
-0.006622 0.016231 0.076300
-0.006622 0.016425 0.076300
-0.006622 0.016620 0.076300
-0.006613 0.016792 0.076200
-0.006613 0.016987 0.076200
-0.006613 0.017181 0.076200
-0.006605 0.017352 0.076100
-0.006605 0.017546 0.076100
-0.006605 0.017740 0.076100
-0.006605 0.017934 0.076100
-0.006605 0.018128 0.076100
-0.006605 0.018322 0.076100
-0.006605 0.018516 0.076100
-0.006605 0.018710 0.076100
-0.006605 0.018904 0.076100
-0.006613 0.019123 0.076200
-0.006613 0.019318 0.076200
-0.006622 0.019538 0.076300
-0.006622 0.019732 0.076300
-0.006631 0.019953 0.076400
-0.006639 0.020174 0.076500
-0.006648 0.020395 0.076600
-0.006657 0.020618 0.076700
-0.006665 0.020840 0.076800
-0.006674 0.021063 0.076900
-0.006683 0.021287 0.077000
-0.006691 0.021511 0.077100
-0.006700 0.021736 0.077200
-0.006709 0.021961 0.077300
-0.006718 0.022187 0.077400
-0.006735 0.022442 0.077600
-0.006752 0.022698 0.077800
-0.006770 0.022955 0.078000
-0.006787 0.023214 0.078200
-0.006804 0.023473 0.078400
-0.006822 0.023733 0.078600
-0.006839 0.023994 0.078800
-0.006848 0.024226 0.078900
-0.006856 0.024458 0.079000
-0.006874 0.024722 0.079200
-0.006882 0.024955 0.079300
-0.006891 0.025189 0.079400
-0.006908 0.025456 0.079600
-0.006934 0.025755 0.079900
-0.006961 0.026056 0.080200
-0.006987 0.026359 0.080500
-0.007013 0.026663 0.080800
-0.007039 0.026969 0.081100
-0.007073 0.027310 0.081500
-0.007091 0.027585 0.081700
-0.007117 0.027895 0.082000
-0.007407 -0.004555 0.082900
-0.007389 -0.004333 0.082700
-0.007389 -0.004122 0.082700
-0.007380 -0.003907 0.082600
-0.007380 -0.003696 0.082600
-0.007371 -0.003481 0.082500
-0.007362 -0.003267 0.082400
-0.007362 -0.003057 0.082400
-0.007344 -0.002840 0.082200
-0.007344 -0.002630 0.082200
-0.007335 -0.002418 0.082100
-0.007326 -0.002206 0.082000
-0.007317 -0.001994 0.081900
-0.007299 -0.001781 0.081700
-0.007273 -0.001567 0.081400
-0.007273 -0.001360 0.081400
-0.007246 -0.001148 0.081100
-0.007237 -0.000940 0.081000
-0.007183 -0.000728 0.080400
-0.007157 -0.000521 0.080100
-0.007130 -0.000316 0.079800
-0.007121 -0.000112 0.079700
-0.007103 0.000091 0.079500
-0.007103 0.000293 0.079500
-0.007094 0.000495 0.079400
-0.007094 0.000698 0.079400
-0.007076 0.000898 0.079200
-0.007076 0.001100 0.079200
-0.007067 0.001300 0.079100
-0.007058 0.001500 0.079000
-0.007058 0.001701 0.079000
-0.007040 0.001898 0.078800
-0.007031 0.002096 0.078700
-0.007022 0.002294 0.078600
-0.007014 0.002491 0.078500
-0.007005 0.002688 0.078400
-0.006996 0.002884 0.078300
-0.006987 0.003079 0.078200
-0.006987 0.003279 0.078200
-0.006969 0.003469 0.078000
-0.006960 0.003663 0.077900
-0.006951 0.003857 0.077800
-0.006942 0.004050 0.077700
-0.006924 0.004237 0.077500
-0.006906 0.004423 0.077300
-0.006888 0.004608 0.077100
-0.006871 0.004793 0.076900
-0.006853 0.004976 0.076700
-0.006844 0.005164 0.076600
-0.006826 0.005346 0.076400
-0.006808 0.005526 0.076200
-0.006799 0.005713 0.076100
-0.006790 0.005899 0.076000
-0.006781 0.006085 0.075900
-0.006781 0.006278 0.075900
-0.006772 0.006463 0.075800
-0.006772 0.006656 0.075800
-0.006763 0.006841 0.075700
-0.006763 0.007033 0.075700
-0.006754 0.007217 0.075600
-0.006754 0.007410 0.075600
-0.006754 0.007602 0.075600
-0.006754 0.007795 0.075600
-0.006754 0.007988 0.075600
-0.006754 0.008181 0.075600
-0.006754 0.008373 0.075600
-0.006754 0.008566 0.075600
-0.006754 0.008759 0.075600
-0.006754 0.008951 0.075600
-0.006754 0.009144 0.075600
-0.006754 0.009337 0.075600
-0.006754 0.009530 0.075600
-0.006754 0.009722 0.075600
-0.006754 0.009915 0.075600
-0.006754 0.010108 0.075600
-0.006754 0.010300 0.075600
-0.006754 0.010493 0.075600
-0.006754 0.010686 0.075600
-0.006754 0.010879 0.075600
-0.006754 0.011071 0.075600
-0.006754 0.011264 0.075600
-0.006754 0.011457 0.075600
-0.006754 0.011649 0.075600
-0.006754 0.011842 0.075600
-0.006746 0.012019 0.075500
-0.006746 0.012211 0.075500
-0.006746 0.012404 0.075500
-0.006746 0.012596 0.075500
-0.006746 0.012789 0.075500
-0.006746 0.012981 0.075500
-0.006746 0.013174 0.075500
-0.006746 0.013366 0.075500
-0.006754 0.013577 0.075600
-0.006754 0.013769 0.075600
-0.006763 0.013981 0.075700
-0.006763 0.014174 0.075700
-0.006772 0.014386 0.075800
-0.006781 0.014598 0.075900
-0.006790 0.014811 0.076000
-0.006790 0.015005 0.076000
-0.006799 0.015218 0.076100
-0.006808 0.015433 0.076200
-0.006808 0.015627 0.076200
-0.006817 0.015842 0.076300
-0.006817 0.016036 0.076300
-0.006817 0.016231 0.076300
-0.006817 0.016425 0.076300
-0.006808 0.016598 0.076200
-0.006808 0.016792 0.076200
-0.006808 0.016987 0.076200
-0.006799 0.017158 0.076100
-0.006799 0.017352 0.076100
-0.006799 0.017546 0.076100
-0.006799 0.017740 0.076100
-0.006799 0.017934 0.076100
-0.006799 0.018128 0.076100
-0.006799 0.018322 0.076100
-0.006799 0.018516 0.076100
-0.006799 0.018710 0.076100
-0.006799 0.018904 0.076100
-0.006799 0.019098 0.076100
-0.006799 0.019292 0.076100
-0.006808 0.019512 0.076200
-0.006808 0.019706 0.076200
-0.006808 0.019900 0.076200
-0.006817 0.020121 0.076300
-0.006826 0.020342 0.076400
-0.006835 0.020564 0.076500
-0.006844 0.020786 0.076600
-0.006853 0.021009 0.076700
-0.006862 0.021232 0.076800
-0.006871 0.021456 0.076900
-0.006880 0.021680 0.077000
-0.006888 0.021904 0.077100
-0.006906 0.022158 0.077300
-0.006915 0.022384 0.077400
-0.006942 0.022669 0.077700
-0.006960 0.022926 0.077900
-0.006978 0.023184 0.078100
-0.006996 0.023443 0.078300
-0.007014 0.023703 0.078500
-0.007022 0.023934 0.078600
-0.007040 0.024195 0.078800
-0.007049 0.024427 0.078900
-0.007058 0.024659 0.079000
-0.007067 0.024892 0.079100
-0.007076 0.025126 0.079200
-0.007094 0.025392 0.079400
-0.007121 0.025691 0.079700
-0.007148 0.025991 0.080000
-0.007183 0.026326 0.080400
-0.007210 0.026630 0.080700
-0.007246 0.026969 0.081100
-0.007273 0.027276 0.081400
-0.007299 0.027585 0.081700
-0.007326 0.027895 0.082000
-0.007353 0.028207 0.082300
-0.007582 -0.004322 0.082500
-0.007582 -0.004112 0.082500
-0.007573 -0.003897 0.082400
-0.007563 -0.003683 0.082300
-0.007563 -0.003473 0.082300
-0.007554 -0.003259 0.082200
-0.007554 -0.003049 0.082200
-0.007545 -0.002836 0.082100
-0.007536 -0.002624 0.082000
-0.007527 -0.002412 0.081900
-0.007527 -0.002203 0.081900
-0.007508 -0.001989 0.081700
-0.007481 -0.001775 0.081400
-0.007462 -0.001563 0.081200
-0.007462 -0.001356 0.081200
-0.007453 -0.001148 0.081100
-0.007407 -0.000935 0.080600
-0.007380 -0.000727 0.080300
-0.007343 -0.000520 0.079900
-0.007324 -0.000315 0.079700
-0.007306 -0.000112 0.079500
-0.007297 0.000091 0.079400
-0.007297 0.000293 0.079400
-0.007297 0.000495 0.079400
-0.007288 0.000697 0.079300
-0.007278 0.000898 0.079200
-0.007278 0.001100 0.079200
-0.007269 0.001300 0.079100
-0.007260 0.001500 0.079000
-0.007260 0.001701 0.079000
-0.007242 0.001898 0.078800
-0.007233 0.002096 0.078700
-0.007223 0.002294 0.078600
-0.007214 0.002491 0.078500
-0.007214 0.002691 0.078500
-0.007196 0.002884 0.078300
-0.007196 0.003083 0.078300
-0.007187 0.003279 0.078200
-0.007168 0.003469 0.078000
-0.007159 0.003663 0.077900
-0.007141 0.003852 0.077700
-0.007131 0.004045 0.077600
-0.007113 0.004232 0.077400
-0.007085 0.004412 0.077100
-0.007067 0.004597 0.076900
-0.007058 0.004786 0.076800
-0.007040 0.004969 0.076600
-0.007030 0.005158 0.076500
-0.007012 0.005339 0.076300
-0.006994 0.005519 0.076100
-0.006984 0.005705 0.076000
-0.006975 0.005891 0.075900
-0.006966 0.006077 0.075800
-0.006966 0.006270 0.075800
-0.006957 0.006455 0.075700
-0.006957 0.006648 0.075700
-0.006957 0.006841 0.075700
-0.006948 0.007024 0.075600
-0.006948 0.007217 0.075600
-0.006948 0.007410 0.075600
-0.006948 0.007602 0.075600
-0.006938 0.007785 0.075500
-0.006938 0.007977 0.075500
-0.006938 0.008170 0.075500
-0.006938 0.008362 0.075500
-0.006938 0.008555 0.075500
-0.006938 0.008747 0.075500
-0.006938 0.008940 0.075500
-0.006938 0.009132 0.075500
-0.006938 0.009324 0.075500
-0.006938 0.009517 0.075500
-0.006938 0.009709 0.075500
-0.006938 0.009902 0.075500
-0.006938 0.010094 0.075500
-0.006938 0.010287 0.075500
-0.006938 0.010479 0.075500
-0.006938 0.010672 0.075500
-0.006948 0.010879 0.075600
-0.006948 0.011071 0.075600
-0.006948 0.011264 0.075600
-0.006938 0.011442 0.075500
-0.006938 0.011634 0.075500
-0.006938 0.011827 0.075500
-0.006938 0.012019 0.075500
-0.006938 0.012211 0.075500
-0.006938 0.012404 0.075500
-0.006938 0.012596 0.075500
-0.006938 0.012789 0.075500
-0.006938 0.012981 0.075500
-0.006938 0.013174 0.075500
-0.006938 0.013366 0.075500
-0.006948 0.013577 0.075600
-0.006948 0.013769 0.075600
-0.006948 0.013962 0.075600
-0.006957 0.014174 0.075700
-0.006957 0.014367 0.075700
-0.006966 0.014579 0.075800
-0.006975 0.014791 0.075900
-0.006975 0.014985 0.075900
-0.006984 0.015198 0.076000
-0.006994 0.015412 0.076100
-0.006994 0.015606 0.076100
-0.007003 0.015821 0.076200
-0.007003 0.016015 0.076200
-0.007003 0.016210 0.076200
-0.007003 0.016404 0.076200
-0.007003 0.016598 0.076200
-0.007003 0.016792 0.076200
-0.006994 0.016964 0.076100
-0.006994 0.017158 0.076100
-0.006994 0.017352 0.076100
-0.006994 0.017546 0.076100
-0.006994 0.017740 0.076100
-0.006994 0.017934 0.076100
-0.006984 0.018105 0.076000
-0.006984 0.018298 0.076000
-0.006984 0.018492 0.076000
-0.006984 0.018686 0.076000
-0.006984 0.018880 0.076000
-0.006984 0.019073 0.076000
-0.006994 0.019292 0.076100
-0.006994 0.019486 0.076100
-0.006994 0.019680 0.076100
-0.006994 0.019874 0.076100
-0.007003 0.020095 0.076200
-0.007003 0.020289 0.076200
-0.007021 0.020537 0.076400
-0.007021 0.020732 0.076400
-0.007030 0.020954 0.076500
-0.007040 0.021177 0.076600
-0.007049 0.021400 0.076700
-0.007058 0.021623 0.076800
-0.007067 0.021848 0.076900
-0.007085 0.022101 0.077100
-0.007095 0.022326 0.077200
-0.007122 0.022611 0.077500
-0.007141 0.022867 0.077700
-0.007159 0.023125 0.077900
-0.007187 0.023413 0.078200
-0.007196 0.023643 0.078300
-0.007214 0.023903 0.078500
-0.007233 0.024165 0.078700
-0.007242 0.024396 0.078800
-0.007242 0.024597 0.078800
-0.007251 0.024829 0.078900
-0.007269 0.025094 0.079100
-0.007278 0.025328 0.079200
-0.007306 0.025626 0.079500
-0.007343 0.025959 0.079900
-0.007370 0.026261 0.080200
-0.007407 0.026597 0.080600
-0.007444 0.026936 0.081000
-0.007481 0.027276 0.081400
-0.007508 0.027585 0.081700
-0.007536 0.027895 0.082000
-0.007554 0.028173 0.082200
-0.007573 0.028451 0.082400
-0.007774 -0.004312 0.082300
-0.007764 -0.004097 0.082200
-0.007764 -0.003888 0.082200
-0.007764 -0.003678 0.082200
-0.007755 -0.003464 0.082100
-0.007745 -0.003251 0.082000
-0.007745 -0.003042 0.082000
-0.007726 -0.002826 0.081800
-0.007726 -0.002618 0.081800
-0.007717 -0.002406 0.081700
-0.007708 -0.002195 0.081600
-0.007689 -0.001982 0.081400
-0.007670 -0.001770 0.081200
-0.007651 -0.001559 0.081000
-0.007651 -0.001353 0.081000
-0.007651 -0.001147 0.081000
-0.007604 -0.000934 0.080500
-0.007575 -0.000726 0.080200
-0.007547 -0.000520 0.079900
-0.007528 -0.000315 0.079700
-0.007509 -0.000112 0.079500
-0.007500 0.000091 0.079400
-0.007500 0.000293 0.079400
-0.007490 0.000495 0.079300
-0.007490 0.000697 0.079300
-0.007490 0.000899 0.079300
-0.007481 0.001100 0.079200
-0.007471 0.001300 0.079100
-0.007462 0.001500 0.079000
-0.007462 0.001701 0.079000
-0.007443 0.001898 0.078800
-0.007434 0.002096 0.078700
-0.007424 0.002294 0.078600
-0.007415 0.002491 0.078500
-0.007405 0.002688 0.078400
-0.007396 0.002884 0.078300
-0.007386 0.003079 0.078200
-0.007367 0.003270 0.078000
-0.007349 0.003460 0.077800
-0.007339 0.003654 0.077700
-0.007320 0.003842 0.077500
-0.007301 0.004029 0.077300
-0.007282 0.004215 0.077100
-0.007264 0.004400 0.076900
-0.007245 0.004585 0.076700
-0.007235 0.004774 0.076600
-0.007226 0.004963 0.076500
-0.007207 0.005144 0.076300
-0.007197 0.005332 0.076200
-0.007179 0.005511 0.076000
-0.007169 0.005698 0.075900
-0.007160 0.005883 0.075800
-0.007150 0.006069 0.075700
-0.007150 0.006262 0.075700
-0.007150 0.006455 0.075700
-0.007141 0.006639 0.075600
-0.007141 0.006831 0.075600
-0.007131 0.007015 0.075500
-0.007131 0.007207 0.075500
-0.007131 0.007400 0.075500
-0.007131 0.007592 0.075500
-0.007122 0.007774 0.075400
-0.007122 0.007967 0.075400
-0.007122 0.008159 0.075400
-0.007122 0.008351 0.075400
-0.007122 0.008543 0.075400
-0.007122 0.008736 0.075400
-0.007122 0.008928 0.075400
-0.007122 0.009120 0.075400
-0.007122 0.009312 0.075400
-0.007122 0.009504 0.075400
-0.007122 0.009697 0.075400
-0.007131 0.009902 0.075500
-0.007131 0.010094 0.075500
-0.007131 0.010287 0.075500
-0.007131 0.010479 0.075500
-0.007131 0.010672 0.075500
-0.007141 0.010879 0.075600
-0.007141 0.011071 0.075600
-0.007141 0.011264 0.075600
-0.007131 0.011442 0.075500
-0.007131 0.011634 0.075500
-0.007131 0.011827 0.075500
-0.007122 0.012003 0.075400
-0.007122 0.012195 0.075400
-0.007122 0.012388 0.075400
-0.007122 0.012580 0.075400
-0.007122 0.012772 0.075400
-0.007122 0.012964 0.075400
-0.007122 0.013156 0.075400
-0.007122 0.013349 0.075400
-0.007131 0.013559 0.075500
-0.007131 0.013751 0.075500
-0.007141 0.013962 0.075600
-0.007141 0.014155 0.075600
-0.007150 0.014367 0.075700
-0.007150 0.014560 0.075700
-0.007160 0.014772 0.075800
-0.007160 0.014965 0.075800
-0.007169 0.015178 0.075900
-0.007179 0.015392 0.076000
-0.007179 0.015586 0.076000
-0.007188 0.015800 0.076100
-0.007188 0.015994 0.076100
-0.007188 0.016188 0.076100
-0.007188 0.016382 0.076100
-0.007188 0.016576 0.076100
-0.007188 0.016770 0.076100
-0.007188 0.016964 0.076100
-0.007188 0.017158 0.076100
-0.007188 0.017352 0.076100
-0.007179 0.017523 0.076000
-0.007179 0.017717 0.076000
-0.007179 0.017911 0.076000
-0.007179 0.018105 0.076000
-0.007179 0.018298 0.076000
-0.007179 0.018492 0.076000
-0.007179 0.018686 0.076000
-0.007179 0.018880 0.076000
-0.007179 0.019073 0.076000
-0.007179 0.019267 0.076000
-0.007179 0.019461 0.076000
-0.007179 0.019654 0.076000
-0.007188 0.019874 0.076100
-0.007188 0.020068 0.076100
-0.007197 0.020289 0.076200
-0.007197 0.020483 0.076200
-0.007207 0.020705 0.076300
-0.007216 0.020926 0.076400
-0.007226 0.021149 0.076500
-0.007226 0.021344 0.076500
-0.007235 0.021567 0.076600
-0.007245 0.021791 0.076700
-0.007264 0.022044 0.076900
-0.007273 0.022269 0.077000
-0.007301 0.022552 0.077300
-0.007320 0.022808 0.077500
-0.007349 0.023095 0.077800
-0.007367 0.023353 0.078000
-0.007386 0.023612 0.078200
-0.007405 0.023873 0.078400
-0.007424 0.024134 0.078600
-0.007424 0.024334 0.078600
-0.007434 0.024566 0.078700
-0.007443 0.024798 0.078800
-0.007452 0.025031 0.078900
-0.007471 0.025296 0.079100
-0.007500 0.025594 0.079400
-0.007528 0.025894 0.079700
-0.007566 0.026228 0.080100
-0.007604 0.026564 0.080500
-0.007641 0.026902 0.080900
-0.007679 0.027243 0.081300
-0.007717 0.027585 0.081700
-0.007736 0.027861 0.081900
-0.007755 0.028139 0.082100
-0.007774 0.028417 0.082300
-0.007984 -0.004312 0.082300
-0.007974 -0.004097 0.082200
-0.007955 -0.003878 0.082000
-0.007935 -0.003660 0.081800
-0.007935 -0.003452 0.081800
-0.007935 -0.003243 0.081800
-0.007916 -0.003027 0.081600
-0.007906 -0.002816 0.081500
-0.007906 -0.002608 0.081500
-0.007897 -0.002397 0.081400
-0.007897 -0.002190 0.081400
-0.007877 -0.001977 0.081200
-0.007858 -0.001766 0.081000
-0.007838 -0.001556 0.080800
-0.007838 -0.001350 0.080800
-0.007819 -0.001141 0.080600
-0.007800 -0.000933 0.080400
-0.007780 -0.000726 0.080200
-0.007751 -0.000520 0.079900
-0.007732 -0.000315 0.079700
-0.007712 -0.000112 0.079500
-0.007703 0.000091 0.079400
-0.007703 0.000293 0.079400
-0.007693 0.000495 0.079300
-0.007693 0.000697 0.079300
-0.007683 0.000898 0.079200
-0.007683 0.001100 0.079200
-0.007673 0.001300 0.079100
-0.007664 0.001500 0.079000
-0.007664 0.001701 0.079000
-0.007644 0.001898 0.078800
-0.007635 0.002096 0.078700
-0.007625 0.002294 0.078600
-0.007615 0.002491 0.078500
-0.007606 0.002688 0.078400
-0.007596 0.002884 0.078300
-0.007586 0.003079 0.078200
-0.007557 0.003266 0.077900
-0.007538 0.003456 0.077700
-0.007518 0.003645 0.077500
-0.007499 0.003832 0.077300
-0.007479 0.004019 0.077100
-0.007460 0.004204 0.076900
-0.007441 0.004389 0.076700
-0.007431 0.004579 0.076600
-0.007421 0.004768 0.076500
-0.007402 0.004950 0.076300
-0.007392 0.005137 0.076200
-0.007382 0.005325 0.076100
-0.007373 0.005511 0.076000
-0.007353 0.005690 0.075800
-0.007344 0.005876 0.075700
-0.007344 0.006069 0.075700
-0.007334 0.006253 0.075600
-0.007334 0.006446 0.075600
-0.007324 0.006630 0.075500
-0.007324 0.006822 0.075500
-0.007315 0.007006 0.075400
-0.007315 0.007198 0.075400
-0.007315 0.007390 0.075400
-0.007315 0.007582 0.075400
-0.007315 0.007774 0.075400
-0.007315 0.007967 0.075400
-0.007315 0.008159 0.075400
-0.007315 0.008351 0.075400
-0.007315 0.008543 0.075400
-0.007315 0.008736 0.075400
-0.007315 0.008928 0.075400
-0.007315 0.009120 0.075400
-0.007315 0.009312 0.075400
-0.007315 0.009504 0.075400
-0.007315 0.009697 0.075400
-0.007315 0.009889 0.075400
-0.007315 0.010081 0.075400
-0.007315 0.010273 0.075400
-0.007315 0.010465 0.075400
-0.007315 0.010658 0.075400
-0.007315 0.010850 0.075400
-0.007315 0.011042 0.075400
-0.007315 0.011234 0.075400
-0.007315 0.011426 0.075400
-0.007315 0.011619 0.075400
-0.007315 0.011811 0.075400
-0.007315 0.012003 0.075400
-0.007315 0.012195 0.075400
-0.007315 0.012388 0.075400
-0.007305 0.012563 0.075300
-0.007305 0.012755 0.075300
-0.007305 0.012947 0.075300
-0.007305 0.013139 0.075300
-0.007315 0.013349 0.075400
-0.007315 0.013541 0.075400
-0.007315 0.013733 0.075400
-0.007324 0.013944 0.075500
-0.007324 0.014136 0.075500
-0.007334 0.014348 0.075600
-0.007334 0.014540 0.075600
-0.007344 0.014753 0.075700
-0.007344 0.014945 0.075700
-0.007353 0.015158 0.075800
-0.007363 0.015372 0.075900
-0.007363 0.015565 0.075900
-0.007373 0.015780 0.076000
-0.007373 0.015973 0.076000
-0.007373 0.016167 0.076000
-0.007373 0.016361 0.076000
-0.007373 0.016555 0.076000
-0.007373 0.016748 0.076000
-0.007373 0.016942 0.076000
-0.007373 0.017136 0.076000
-0.007373 0.017330 0.076000
-0.007373 0.017523 0.076000
-0.007373 0.017717 0.076000
-0.007373 0.017911 0.076000
-0.007373 0.018105 0.076000
-0.007373 0.018298 0.076000
-0.007373 0.018492 0.076000
-0.007373 0.018686 0.076000
-0.007373 0.018880 0.076000
-0.007373 0.019073 0.076000
-0.007373 0.019267 0.076000
-0.007373 0.019461 0.076000
-0.007373 0.019654 0.076000
-0.007373 0.019848 0.076000
-0.007373 0.020042 0.076000
-0.007382 0.020262 0.076100
-0.007382 0.020456 0.076100
-0.007392 0.020677 0.076200
-0.007392 0.020872 0.076200
-0.007402 0.021094 0.076300
-0.007412 0.021316 0.076400
-0.007421 0.021539 0.076500
-0.007431 0.021762 0.076600
-0.007441 0.021986 0.076700
-0.007460 0.022240 0.076900
-0.007479 0.022494 0.077100
-0.007499 0.022749 0.077300
-0.007528 0.023036 0.077600
-0.007547 0.023293 0.077800
-0.007567 0.023552 0.078000
-0.007586 0.023812 0.078200
-0.007606 0.024072 0.078400
-0.007615 0.024303 0.078500
-0.007625 0.024535 0.078600
-0.007625 0.024735 0.078600
-0.007644 0.024999 0.078800
-0.007664 0.025264 0.079000
-0.007683 0.025529 0.079200
-0.007722 0.025861 0.079600
-0.007761 0.026195 0.080000
-0.007800 0.026531 0.080400
-0.007838 0.026869 0.080800
-0.007877 0.027209 0.081200
-0.007916 0.027551 0.081600
-0.007945 0.027861 0.081900
-0.007955 0.028104 0.082000
-0.007984 0.028417 0.082300
-0.008164 -0.003878 0.082000
-0.008144 -0.003660 0.081800
-0.008125 -0.003443 0.081600
-0.008125 -0.003235 0.081600
-0.008105 -0.003020 0.081400
-0.008105 -0.002812 0.081400
-0.008095 -0.002602 0.081300
-0.008095 -0.002394 0.081300
-0.008075 -0.002182 0.081100
-0.008065 -0.001972 0.081000
-0.008045 -0.001762 0.080800
-0.008035 -0.001554 0.080700
-0.008035 -0.001348 0.080700
-0.008015 -0.001139 0.080500
-0.007995 -0.000932 0.080300
-0.007975 -0.000725 0.080100
-0.007955 -0.000520 0.079900
-0.007935 -0.000315 0.079700
-0.007915 -0.000112 0.079500
-0.007905 0.000091 0.079400
-0.007896 0.000293 0.079300
-0.007896 0.000495 0.079300
-0.007896 0.000697 0.079300
-0.007886 0.000898 0.079200
-0.007886 0.001100 0.079200
-0.007876 0.001300 0.079100
-0.007866 0.001500 0.079000
-0.007866 0.001701 0.079000
-0.007846 0.001898 0.078800
-0.007846 0.002099 0.078800
-0.007826 0.002294 0.078600
-0.007806 0.002488 0.078400
-0.007796 0.002684 0.078300
-0.007786 0.002880 0.078200
-0.007776 0.003076 0.078100
-0.007746 0.003262 0.077800
-0.007726 0.003451 0.077600
-0.007716 0.003645 0.077500
-0.007676 0.003822 0.077100
-0.007657 0.004008 0.076900
-0.007637 0.004194 0.076700
-0.007617 0.004378 0.076500
-0.007607 0.004567 0.076400
-0.007597 0.004755 0.076300
-0.007587 0.004943 0.076200
-0.007577 0.005131 0.076100
-0.007567 0.005318 0.076000
-0.007557 0.005504 0.075900
-0.007547 0.005690 0.075800
-0.007537 0.005876 0.075700
-0.007537 0.006069 0.075700
-0.007527 0.006253 0.075600
-0.007527 0.006446 0.075600
-0.007517 0.006630 0.075500
-0.007517 0.006822 0.075500
-0.007507 0.007006 0.075400
-0.007507 0.007198 0.075400
-0.007507 0.007390 0.075400
-0.007507 0.007582 0.075400
-0.007507 0.007774 0.075400
-0.007507 0.007967 0.075400
-0.007507 0.008159 0.075400
-0.007507 0.008351 0.075400
-0.007507 0.008543 0.075400
-0.007507 0.008736 0.075400
-0.007497 0.008916 0.075300
-0.007497 0.009108 0.075300
-0.007497 0.009300 0.075300
-0.007497 0.009492 0.075300
-0.007497 0.009684 0.075300
-0.007497 0.009876 0.075300
-0.007497 0.010068 0.075300
-0.007497 0.010260 0.075300
-0.007497 0.010452 0.075300
-0.007497 0.010643 0.075300
-0.007507 0.010850 0.075400
-0.007497 0.011027 0.075300
-0.007497 0.011219 0.075300
-0.007497 0.011411 0.075300
-0.007497 0.011603 0.075300
-0.007497 0.011795 0.075300
-0.007497 0.011987 0.075300
-0.007497 0.012179 0.075300
-0.007487 0.012355 0.075200
-0.007487 0.012546 0.075200
-0.007487 0.012738 0.075200
-0.007497 0.012947 0.075300
-0.007497 0.013139 0.075300
-0.007497 0.013331 0.075300
-0.007497 0.013523 0.075300
-0.007497 0.013715 0.075300
-0.007507 0.013925 0.075400
-0.007507 0.014117 0.075400
-0.007517 0.014329 0.075500
-0.007517 0.014521 0.075500
-0.007527 0.014733 0.075600
-0.007537 0.014945 0.075700
-0.007537 0.015138 0.075700
-0.007537 0.015331 0.075700
-0.007547 0.015545 0.075800
-0.007547 0.015738 0.075800
-0.007557 0.015952 0.075900
-0.007557 0.016146 0.075900
-0.007557 0.016339 0.075900
-0.007557 0.016533 0.075900
-0.007557 0.016726 0.075900
-0.007557 0.016920 0.075900
-0.007557 0.017113 0.075900
-0.007557 0.017307 0.075900
-0.007557 0.017500 0.075900
-0.007557 0.017694 0.075900
-0.007567 0.017911 0.076000
-0.007567 0.018105 0.076000
-0.007567 0.018298 0.076000
-0.007557 0.018468 0.075900
-0.007557 0.018661 0.075900
-0.007557 0.018855 0.075900
-0.007557 0.019048 0.075900
-0.007567 0.019267 0.076000
-0.007567 0.019461 0.076000
-0.007567 0.019654 0.076000
-0.007567 0.019848 0.076000
-0.007567 0.020042 0.076000
-0.007567 0.020236 0.076000
-0.007567 0.020429 0.076000
-0.007577 0.020650 0.076100
-0.007577 0.020844 0.076100
-0.007587 0.021066 0.076200
-0.007597 0.021288 0.076300
-0.007597 0.021483 0.076300
-0.007607 0.021706 0.076400
-0.007617 0.021929 0.076500
-0.007637 0.022182 0.076700
-0.007657 0.022436 0.076900
-0.007686 0.022720 0.077200
-0.007706 0.022976 0.077400
-0.007736 0.023263 0.077700
-0.007756 0.023522 0.077900
-0.007776 0.023781 0.078100
-0.007796 0.024042 0.078300
-0.007806 0.024272 0.078400
-0.007816 0.024503 0.078500
-0.007816 0.024704 0.078500
-0.007826 0.024935 0.078600
-0.007846 0.025200 0.078800
-0.007876 0.025497 0.079100
-0.007915 0.025829 0.079500
-0.007945 0.026130 0.079800
-0.007985 0.026465 0.080200
-0.008025 0.026803 0.080600
-0.008075 0.027176 0.081100
-0.008115 0.027517 0.081500
-0.008144 0.027827 0.081800
-0.008154 0.028070 0.081900
-0.008174 0.028348 0.082100
-0.008184 0.028592 0.082200
-0.008323 -0.003647 0.081500
-0.008313 -0.003435 0.081400
-0.008313 -0.003227 0.081400
-0.008302 -0.003016 0.081300
-0.008282 -0.002802 0.081100
-0.008282 -0.002595 0.081100
-0.008272 -0.002385 0.081000
-0.008262 -0.002176 0.080900
-0.008251 -0.001968 0.080800
-0.008231 -0.001757 0.080600
-0.008221 -0.001550 0.080500
-0.008221 -0.001345 0.080500
-0.008200 -0.001137 0.080300
-0.008190 -0.000931 0.080200
-0.008170 -0.000724 0.080000
-0.008149 -0.000519 0.079800
-0.008129 -0.000315 0.079600
-0.008119 -0.000112 0.079500
-0.008108 0.000091 0.079400
-0.008098 0.000293 0.079300
-0.008098 0.000495 0.079300
-0.008088 0.000696 0.079200
-0.008088 0.000898 0.079200
-0.008078 0.001098 0.079100
-0.008068 0.001298 0.079000
-0.008057 0.001498 0.078900
-0.008057 0.001699 0.078900
-0.008047 0.001898 0.078800
-0.008037 0.002096 0.078700
-0.008016 0.002291 0.078500
-0.008006 0.002488 0.078400
-0.007996 0.002684 0.078300
-0.007976 0.002876 0.078100
-0.007955 0.003068 0.077900
-0.007925 0.003254 0.077600
-0.007925 0.003451 0.077600
-0.007873 0.003626 0.077100
-0.007873 0.003822 0.077100
-0.007853 0.004008 0.076900
-0.007833 0.004194 0.076700
-0.007812 0.004378 0.076500
-0.007802 0.004567 0.076400
-0.007792 0.004755 0.076300
-0.007782 0.004943 0.076200
-0.007771 0.005131 0.076100
-0.007761 0.005318 0.076000
-0.007751 0.005504 0.075900
-0.007741 0.005690 0.075800
-0.007731 0.005876 0.075700
-0.007720 0.006061 0.075600
-0.007710 0.006245 0.075500
-0.007710 0.006438 0.075500
-0.007700 0.006621 0.075400
-0.007700 0.006813 0.075400
-0.007700 0.007006 0.075400
-0.007700 0.007198 0.075400
-0.007690 0.007380 0.075300
-0.007690 0.007572 0.075300
-0.007690 0.007764 0.075300
-0.007690 0.007956 0.075300
-0.007690 0.008148 0.075300
-0.007690 0.008340 0.075300
-0.007690 0.008532 0.075300
-0.007690 0.008724 0.075300
-0.007690 0.008916 0.075300
-0.007690 0.009108 0.075300
-0.007690 0.009300 0.075300
-0.007679 0.009479 0.075200
-0.007679 0.009671 0.075200
-0.007679 0.009863 0.075200
-0.007679 0.010054 0.075200
-0.007679 0.010246 0.075200
-0.007679 0.010438 0.075200
-0.007679 0.010629 0.075200
-0.007679 0.010821 0.075200
-0.007690 0.011027 0.075300
-0.007690 0.011219 0.075300
-0.007679 0.011396 0.075200
-0.007679 0.011588 0.075200
-0.007679 0.011780 0.075200
-0.007679 0.011971 0.075200
-0.007679 0.012163 0.075200
-0.007679 0.012355 0.075200
-0.007679 0.012546 0.075200
-0.007679 0.012738 0.075200
-0.007679 0.012930 0.075200
-0.007679 0.013121 0.075200
-0.007679 0.013313 0.075200
-0.007679 0.013505 0.075200
-0.007690 0.013715 0.075300
-0.007690 0.013907 0.075300
-0.007690 0.014099 0.075300
-0.007700 0.014310 0.075400
-0.007700 0.014502 0.075400
-0.007710 0.014714 0.075500
-0.007710 0.014906 0.075500
-0.007720 0.015118 0.075600
-0.007720 0.015311 0.075600
-0.007731 0.015524 0.075700
-0.007731 0.015717 0.075700
-0.007731 0.015910 0.075700
-0.007741 0.016125 0.075800
-0.007741 0.016318 0.075800
-0.007741 0.016511 0.075800
-0.007741 0.016704 0.075800
-0.007741 0.016898 0.075800
-0.007741 0.017091 0.075800
-0.007751 0.017307 0.075900
-0.007751 0.017500 0.075900
-0.007751 0.017694 0.075900
-0.007751 0.017887 0.075900
-0.007751 0.018081 0.075900
-0.007751 0.018274 0.075900
-0.007751 0.018468 0.075900
-0.007751 0.018661 0.075900
-0.007751 0.018855 0.075900
-0.007751 0.019048 0.075900
-0.007751 0.019242 0.075900
-0.007751 0.019435 0.075900
-0.007751 0.019629 0.075900
-0.007751 0.019822 0.075900
-0.007751 0.020016 0.075900
-0.007761 0.020236 0.076000
-0.007761 0.020429 0.076000
-0.007761 0.020623 0.076000
-0.007771 0.020844 0.076100
-0.007771 0.021038 0.076100
-0.007782 0.021260 0.076200
-0.007782 0.021454 0.076200
-0.007792 0.021677 0.076300
-0.007802 0.021900 0.076400
-0.007822 0.022153 0.076600
-0.007843 0.022407 0.076800
-0.007863 0.022661 0.077000
-0.007894 0.022946 0.077300
-0.007914 0.023203 0.077500
-0.007945 0.023492 0.077800
-0.007965 0.023751 0.078000
-0.007986 0.024011 0.078200
-0.007996 0.024241 0.078300
-0.008006 0.024472 0.078400
-0.008016 0.024704 0.078500
-0.008016 0.024904 0.078500
-0.008037 0.025168 0.078700
-0.008057 0.025433 0.078900
-0.008098 0.025764 0.079300
-0.008139 0.026097 0.079700
-0.008180 0.026432 0.080100
-0.008221 0.026769 0.080500
-0.008262 0.027109 0.080900
-0.008313 0.027484 0.081400
-0.008343 0.027793 0.081700
-0.008353 0.028036 0.081800
-0.008374 0.028313 0.082000
-0.008374 0.028522 0.082000
-0.008531 -0.003647 0.081500
-0.008500 -0.003426 0.081200
-0.008489 -0.003215 0.081100
-0.008489 -0.003009 0.081100
-0.008479 -0.002798 0.081000
-0.008468 -0.002589 0.080900
-0.008468 -0.002382 0.080900
-0.008447 -0.002171 0.080700
-0.008437 -0.001963 0.080600
-0.008426 -0.001755 0.080500
-0.008416 -0.001548 0.080400
-0.008416 -0.001343 0.080400
-0.008405 -0.001137 0.080300
-0.008385 -0.000930 0.080100
-0.008374 -0.000724 0.080000
-0.008353 -0.000519 0.079800
-0.008332 -0.000315 0.079600
-0.008322 -0.000112 0.079500
-0.008301 0.000090 0.079300
-0.008301 0.000293 0.079300
-0.008290 0.000494 0.079200
-0.008290 0.000696 0.079200
-0.008280 0.000897 0.079100
-0.008269 0.001097 0.079000
-0.008259 0.001297 0.078900
-0.008259 0.001498 0.078900
-0.008259 0.001699 0.078900
-0.008248 0.001898 0.078800
-0.008238 0.002096 0.078700
-0.008217 0.002291 0.078500
-0.008207 0.002488 0.078400
-0.008196 0.002684 0.078300
-0.008175 0.002876 0.078100
-0.008154 0.003068 0.077900
-0.008123 0.003254 0.077600
-0.008123 0.003451 0.077600
-0.008070 0.003626 0.077100
-0.008070 0.003822 0.077100
-0.008018 0.003993 0.076600
-0.008008 0.004183 0.076500
-0.007987 0.004366 0.076300
-0.007976 0.004555 0.076200
-0.007976 0.004749 0.076200
-0.007955 0.004930 0.076000
-0.007955 0.005124 0.076000
-0.007945 0.005311 0.075900
-0.007934 0.005497 0.075800
-0.007924 0.005683 0.075700
-0.007913 0.005868 0.075600
-0.007903 0.006053 0.075500
-0.007903 0.006245 0.075500
-0.007893 0.006429 0.075400
-0.007893 0.006621 0.075400
-0.007882 0.006804 0.075300
-0.007882 0.006996 0.075300
-0.007882 0.007188 0.075300
-0.007882 0.007380 0.075300
-0.007882 0.007572 0.075300
-0.007882 0.007764 0.075300
-0.007882 0.007956 0.075300
-0.007882 0.008148 0.075300
-0.007882 0.008340 0.075300
-0.007882 0.008532 0.075300
-0.007872 0.008712 0.075200
-0.007872 0.008904 0.075200
-0.007872 0.009096 0.075200
-0.007872 0.009287 0.075200
-0.007872 0.009479 0.075200
-0.007872 0.009671 0.075200
-0.007872 0.009863 0.075200
-0.007861 0.010041 0.075100
-0.007861 0.010232 0.075100
-0.007861 0.010424 0.075100
-0.007861 0.010615 0.075100
-0.007861 0.010807 0.075100
-0.007861 0.010998 0.075100
-0.007872 0.011204 0.075200
-0.007872 0.011396 0.075200
-0.007861 0.011572 0.075100
-0.007861 0.011764 0.075100
-0.007861 0.011955 0.075100
-0.007861 0.012147 0.075100
-0.007861 0.012338 0.075100
-0.007861 0.012530 0.075100
-0.007861 0.012721 0.075100
-0.007861 0.012913 0.075100
-0.007861 0.013104 0.075100
-0.007861 0.013295 0.075100
-0.007861 0.013487 0.075100
-0.007872 0.013697 0.075200
-0.007872 0.013888 0.075200
-0.007872 0.014080 0.075200
-0.007882 0.014291 0.075300
-0.007882 0.014483 0.075300
-0.007882 0.014675 0.075300
-0.007893 0.014886 0.075400
-0.007893 0.015078 0.075400
-0.007903 0.015291 0.075500
-0.007903 0.015483 0.075500
-0.007913 0.015697 0.075600
-0.007913 0.015889 0.075600
-0.007913 0.016082 0.075600
-0.007924 0.016296 0.075700
-0.007924 0.016489 0.075700
-0.007924 0.016682 0.075700
-0.007924 0.016875 0.075700
-0.007924 0.017068 0.075700
-0.007934 0.017284 0.075800
-0.007934 0.017477 0.075800
-0.007934 0.017670 0.075800
-0.007934 0.017864 0.075800
-0.007945 0.018081 0.075900
-0.007945 0.018274 0.075900
-0.007945 0.018468 0.075900
-0.007945 0.018661 0.075900
-0.007945 0.018855 0.075900
-0.007945 0.019048 0.075900
-0.007945 0.019242 0.075900
-0.007945 0.019435 0.075900
-0.007945 0.019629 0.075900
-0.007945 0.019822 0.075900
-0.007945 0.020016 0.075900
-0.007945 0.020209 0.075900
-0.007955 0.020429 0.076000
-0.007955 0.020623 0.076000
-0.007955 0.020817 0.076000
-0.007966 0.021038 0.076100
-0.007966 0.021232 0.076100
-0.007976 0.021454 0.076200
-0.007987 0.021677 0.076300
-0.007987 0.021872 0.076300
-0.008008 0.022124 0.076500
-0.008018 0.022348 0.076600
-0.008050 0.022632 0.076900
-0.008081 0.022917 0.077200
-0.008102 0.023173 0.077400
-0.008123 0.023431 0.077600
-0.008154 0.023720 0.077900
-0.008165 0.023950 0.078000
-0.008186 0.024210 0.078200
-0.008196 0.024441 0.078300
-0.008196 0.024641 0.078300
-0.008207 0.024872 0.078400
-0.008228 0.025136 0.078600
-0.008248 0.025401 0.078800
-0.008290 0.025731 0.079200
-0.008332 0.026064 0.079600
-0.008374 0.026399 0.080000
-0.008416 0.026736 0.080400
-0.008468 0.027109 0.080900
-0.008510 0.027450 0.081300
-0.008542 0.027759 0.081600
-0.008552 0.028002 0.081700
-0.008562 0.028244 0.081800
-0.008573 0.028488 0.081900
-0.008696 -0.003629 0.081100
-0.008686 -0.003418 0.081000
-0.008675 -0.003207 0.080900
-0.008664 -0.002997 0.080800
-0.008664 -0.002791 0.080800
-0.008664 -0.002586 0.080800
-0.008643 -0.002374 0.080600
-0.008643 -0.002168 0.080600
-0.008632 -0.001960 0.080500
-0.008621 -0.001753 0.080400
-0.008611 -0.001546 0.080300
-0.008611 -0.001341 0.080300
-0.008600 -0.001135 0.080200
-0.008578 -0.000928 0.080000
-0.008568 -0.000724 0.079900
-0.008546 -0.000519 0.079700
-0.008536 -0.000315 0.079600
-0.008525 -0.000112 0.079500
-0.008503 0.000090 0.079300
-0.008503 0.000293 0.079300
-0.008493 0.000494 0.079200
-0.008493 0.000696 0.079200
-0.008482 0.000897 0.079100
-0.008471 0.001097 0.079000
-0.008461 0.001297 0.078900
-0.008461 0.001498 0.078900
-0.008450 0.001697 0.078800
-0.008439 0.001895 0.078700
-0.008428 0.002093 0.078600
-0.008418 0.002291 0.078500
-0.008396 0.002485 0.078300
-0.008385 0.002681 0.078200
-0.008353 0.002869 0.077900
-0.008353 0.003068 0.077900
-0.008321 0.003254 0.077600
-0.008321 0.003451 0.077600
-0.008235 0.003612 0.076800
-0.008203 0.003793 0.076500
-0.008192 0.003982 0.076400
-0.008171 0.004166 0.076200
-0.008160 0.004355 0.076100
-0.008150 0.004543 0.076000
-0.008150 0.004736 0.076000
-0.008139 0.004924 0.075900
-0.008128 0.005110 0.075800
-0.008128 0.005304 0.075800
-0.008117 0.005490 0.075700
-0.008107 0.005675 0.075600
-0.008107 0.005868 0.075600
-0.008096 0.006053 0.075500
-0.008085 0.006237 0.075400
-0.008085 0.006429 0.075400
-0.008074 0.006612 0.075300
-0.008074 0.006804 0.075300
-0.008074 0.006996 0.075300
-0.008074 0.007188 0.075300
-0.008074 0.007380 0.075300
-0.008074 0.007572 0.075300
-0.008074 0.007764 0.075300
-0.008074 0.007956 0.075300
-0.008064 0.008137 0.075200
-0.008064 0.008329 0.075200
-0.008064 0.008521 0.075200
-0.008064 0.008712 0.075200
-0.008064 0.008904 0.075200
-0.008064 0.009096 0.075200
-0.008064 0.009287 0.075200
-0.008053 0.009467 0.075100
-0.008053 0.009658 0.075100
-0.008053 0.009849 0.075100
-0.008053 0.010041 0.075100
-0.008042 0.010219 0.075000
-0.008042 0.010410 0.075000
-0.008042 0.010601 0.075000
-0.008042 0.010792 0.075000
-0.008042 0.010983 0.075000
-0.008042 0.011175 0.075000
-0.008053 0.011381 0.075100
-0.008053 0.011572 0.075100
-0.008042 0.011748 0.075000
-0.008042 0.011939 0.075000
-0.008042 0.012131 0.075000
-0.008042 0.012322 0.075000
-0.008042 0.012513 0.075000
-0.008042 0.012704 0.075000
-0.008042 0.012895 0.075000
-0.008042 0.013087 0.075000
-0.008042 0.013278 0.075000
-0.008053 0.013487 0.075100
-0.008053 0.013678 0.075100
-0.008053 0.013870 0.075100
-0.008053 0.014061 0.075100
-0.008064 0.014272 0.075200
-0.008064 0.014463 0.075200
-0.008064 0.014655 0.075200
-0.008074 0.014867 0.075300
-0.008074 0.015058 0.075300
-0.008085 0.015271 0.075400
-0.008085 0.015463 0.075400
-0.008085 0.015655 0.075400
-0.008096 0.015868 0.075500
-0.008096 0.016061 0.075500
-0.008107 0.016275 0.075600
-0.008107 0.016468 0.075600
-0.008107 0.016660 0.075600
-0.008107 0.016853 0.075600
-0.008107 0.017046 0.075600
-0.008117 0.017261 0.075700
-0.008117 0.017454 0.075700
-0.008117 0.017647 0.075700
-0.008117 0.017840 0.075700
-0.008128 0.018057 0.075800
-0.008128 0.018250 0.075800
-0.008128 0.018443 0.075800
-0.008128 0.018637 0.075800
-0.008139 0.018855 0.075900
-0.008139 0.019048 0.075900
-0.008139 0.019242 0.075900
-0.008139 0.019435 0.075900
-0.008139 0.019629 0.075900
-0.008139 0.019822 0.075900
-0.008139 0.020016 0.075900
-0.008139 0.020209 0.075900
-0.008150 0.020429 0.076000
-0.008150 0.020623 0.076000
-0.008150 0.020817 0.076000
-0.008160 0.021038 0.076100
-0.008160 0.021232 0.076100
-0.008160 0.021426 0.076100
-0.008171 0.021649 0.076200
-0.008182 0.021872 0.076300
-0.008192 0.022095 0.076400
-0.008214 0.022348 0.076600
-0.008235 0.022602 0.076800
-0.008257 0.022857 0.077000
-0.008289 0.023144 0.077300
-0.008321 0.023431 0.077600
-0.008343 0.023690 0.077800
-0.008353 0.023919 0.077900
-0.008375 0.024179 0.078100
-0.008385 0.024410 0.078200
-0.008396 0.024641 0.078300
-0.008396 0.024840 0.078300
-0.008418 0.025104 0.078500
-0.008439 0.025368 0.078700
-0.008471 0.025666 0.079000
-0.008514 0.025999 0.079400
-0.008557 0.026333 0.079800
-0.008611 0.026703 0.080300
-0.008654 0.027042 0.080700
-0.008696 0.027382 0.081100
-0.008739 0.027725 0.081500
-0.008761 0.028002 0.081700
-0.008761 0.028210 0.081700
-0.008904 -0.003629 0.081100
-0.008860 -0.003405 0.080700
-0.008860 -0.003199 0.080700
-0.008849 -0.002990 0.080600
-0.008849 -0.002785 0.080600
-0.008849 -0.002579 0.080600
-0.008849 -0.002374 0.080600
-0.008849 -0.002168 0.080600
-0.008838 -0.001960 0.080500
-0.008827 -0.001753 0.080400
-0.008816 -0.001546 0.080300
-0.008816 -0.001341 0.080300
-0.008805 -0.001135 0.080200
-0.008783 -0.000928 0.080000
-0.008772 -0.000724 0.079900
-0.008750 -0.000519 0.079700
-0.008739 -0.000315 0.079600
-0.008717 -0.000112 0.079400
-0.008706 0.000090 0.079300
-0.008695 0.000292 0.079200
-0.008695 0.000494 0.079200
-0.008684 0.000695 0.079100
-0.008673 0.000896 0.079000
-0.008673 0.001097 0.079000
-0.008651 0.001295 0.078800
-0.008651 0.001496 0.078800
-0.008651 0.001697 0.078800
-0.008640 0.001895 0.078700
-0.008629 0.002093 0.078600
-0.008585 0.002282 0.078200
-0.008563 0.002475 0.078000
-0.008563 0.002674 0.078000
-0.008552 0.002869 0.077900
-0.008552 0.003068 0.077900
-0.008432 0.003612 0.076800
-0.008366 0.003778 0.076200
-0.008344 0.003962 0.076000
-0.008333 0.004150 0.075900
-0.008333 0.004343 0.075900
-0.008333 0.004537 0.075900
-0.008322 0.004724 0.075800
-0.008322 0.004917 0.075800
-0.008322 0.005110 0.075800
-0.008311 0.005297 0.075700
-0.008300 0.005482 0.075600
-0.008300 0.005675 0.075600
-0.008289 0.005860 0.075500
-0.008278 0.006045 0.075400
-0.008278 0.006237 0.075400
-0.008267 0.006420 0.075300
-0.008267 0.006612 0.075300
-0.008267 0.006804 0.075300
-0.008267 0.006996 0.075300
-0.008267 0.007188 0.075300
-0.008267 0.007380 0.075300
-0.008267 0.007572 0.075300
-0.008267 0.007764 0.075300
-0.008256 0.007946 0.075200
-0.008256 0.008137 0.075200
-0.008256 0.008329 0.075200
-0.008256 0.008521 0.075200
-0.008256 0.008712 0.075200
-0.008245 0.008892 0.075100
-0.008245 0.009084 0.075100
-0.008245 0.009275 0.075100
-0.008245 0.009467 0.075100
-0.008234 0.009645 0.075000
-0.008234 0.009836 0.075000
-0.008234 0.010028 0.075000
-0.008223 0.010205 0.074900
-0.008223 0.010396 0.074900
-0.008223 0.010587 0.074900
-0.008223 0.010778 0.074900
-0.008223 0.010969 0.074900
-0.008223 0.011160 0.074900
-0.008223 0.011351 0.074900
-0.008223 0.011542 0.074900
-0.008223 0.011733 0.074900
-0.008223 0.011923 0.074900
-0.008223 0.012114 0.074900
-0.008223 0.012305 0.074900
-0.008223 0.012496 0.074900
-0.008223 0.012687 0.074900
-0.008223 0.012878 0.074900
-0.008223 0.013069 0.074900
-0.008223 0.013260 0.074900
-0.008234 0.013469 0.075000
-0.008234 0.013660 0.075000
-0.008234 0.013851 0.075000
-0.008245 0.014061 0.075100
-0.008245 0.014253 0.075100
-0.008245 0.014444 0.075100
-0.008256 0.014655 0.075200
-0.008256 0.014847 0.075200
-0.008256 0.015038 0.075200
-0.008267 0.015250 0.075300
-0.008267 0.015442 0.075300
-0.008267 0.015634 0.075300
-0.008278 0.015847 0.075400
-0.008278 0.016040 0.075400
-0.008289 0.016253 0.075500
-0.008289 0.016446 0.075500
-0.008289 0.016638 0.075500
-0.008289 0.016831 0.075500
-0.008289 0.017023 0.075500
-0.008300 0.017238 0.075600
-0.008300 0.017431 0.075600
-0.008300 0.017624 0.075600
-0.008311 0.017840 0.075700
-0.008311 0.018033 0.075700
-0.008322 0.018250 0.075800
-0.008322 0.018443 0.075800
-0.008322 0.018637 0.075800
-0.008322 0.018830 0.075800
-0.008333 0.019048 0.075900
-0.008333 0.019242 0.075900
-0.008333 0.019435 0.075900
-0.008333 0.019629 0.075900
-0.008333 0.019822 0.075900
-0.008333 0.020016 0.075900
-0.008333 0.020209 0.075900
-0.008344 0.020429 0.076000
-0.008344 0.020623 0.076000
-0.008344 0.020817 0.076000
-0.008355 0.021038 0.076100
-0.008355 0.021232 0.076100
-0.008355 0.021426 0.076100
-0.008366 0.021649 0.076200
-0.008366 0.021843 0.076200
-0.008377 0.022066 0.076300
-0.008399 0.022319 0.076500
-0.008421 0.022573 0.076700
-0.008443 0.022828 0.076900
-0.008475 0.023114 0.077200
-0.008497 0.023371 0.077400
-0.008530 0.023659 0.077700
-0.008552 0.023919 0.077900
-0.008563 0.024148 0.078000
-0.008574 0.024379 0.078100
-0.008585 0.024609 0.078200
-0.008585 0.024808 0.078200
-0.008607 0.025072 0.078400
-0.008618 0.025304 0.078500
-0.008662 0.025634 0.078900
-0.008695 0.025933 0.079200
-0.008739 0.026267 0.079600
-0.008794 0.026636 0.080100
-0.008838 0.026975 0.080500
-0.008893 0.027349 0.081000
-0.008926 0.027657 0.081300
-0.008948 0.027933 0.081500
-0.008959 0.028175 0.081600
-0.009066 -0.003405 0.080700
-0.009066 -0.003199 0.080700
-0.009055 -0.002990 0.080600
-0.009055 -0.002785 0.080600
-0.009055 -0.002579 0.080600
-0.009043 -0.002371 0.080500
-0.009032 -0.002163 0.080400
-0.009021 -0.001955 0.080300
-0.009010 -0.001749 0.080200
-0.008999 -0.001542 0.080100
-0.008999 -0.001338 0.080100
-0.008987 -0.001132 0.080000
-0.008976 -0.000927 0.079900
-0.008965 -0.000723 0.079800
-0.008954 -0.000519 0.079700
-0.008931 -0.000315 0.079500
-0.008920 -0.000112 0.079400
-0.008909 0.000090 0.079300
-0.008897 0.000292 0.079200
-0.008897 0.000494 0.079200
-0.008886 0.000695 0.079100
-0.008864 0.000895 0.078900
-0.008852 0.001094 0.078800
-0.008841 0.001294 0.078700
-0.008830 0.001492 0.078600
-0.008830 0.001693 0.078600
-0.008808 0.001888 0.078400
-0.008785 0.002083 0.078200
-0.008751 0.002273 0.077900
-0.008718 0.002462 0.077600
-0.008718 0.002660 0.077600
-0.008560 0.003389 0.076200
-0.008538 0.003574 0.076000
-0.008527 0.003763 0.075900
-0.008515 0.003951 0.075800
-0.008504 0.004139 0.075700
-0.008504 0.004332 0.075700
-0.008504 0.004525 0.075700
-0.008504 0.004718 0.075700
-0.008504 0.004911 0.075700
-0.008504 0.005104 0.075700
-0.008493 0.005290 0.075600
-0.008493 0.005482 0.075600
-0.008482 0.005668 0.075500
-0.008482 0.005860 0.075500
-0.008471 0.006045 0.075400
-0.008459 0.006228 0.075300
-0.008459 0.006420 0.075300
-0.008459 0.006612 0.075300
-0.008459 0.006804 0.075300
-0.008459 0.006996 0.075300
-0.008459 0.007188 0.075300
-0.008459 0.007380 0.075300
-0.008448 0.007562 0.075200
-0.008448 0.007754 0.075200
-0.008448 0.007946 0.075200
-0.008448 0.008137 0.075200
-0.008448 0.008329 0.075200
-0.008448 0.008521 0.075200
-0.008448 0.008712 0.075200
-0.008437 0.008892 0.075100
-0.008437 0.009084 0.075100
-0.008437 0.009275 0.075100
-0.008426 0.009454 0.075000
-0.008426 0.009645 0.075000
-0.008426 0.009836 0.075000
-0.008414 0.010014 0.074900
-0.008414 0.010205 0.074900
-0.008403 0.010382 0.074800
-0.008403 0.010573 0.074800
-0.008403 0.010763 0.074800
-0.008403 0.010954 0.074800
-0.008403 0.011145 0.074800
-0.008414 0.011351 0.074900
-0.008414 0.011542 0.074900
-0.008403 0.011717 0.074800
-0.008403 0.011908 0.074800
-0.008414 0.012114 0.074900
-0.008414 0.012305 0.074900
-0.008403 0.012480 0.074800
-0.008403 0.012670 0.074800
-0.008403 0.012861 0.074800
-0.008403 0.013052 0.074800
-0.008414 0.013260 0.074900
-0.008414 0.013451 0.074900
-0.008414 0.013642 0.074900
-0.008426 0.013851 0.075000
-0.008426 0.014043 0.075000
-0.008426 0.014234 0.075000
-0.008426 0.014425 0.075000
-0.008426 0.014616 0.075000
-0.008437 0.014827 0.075100
-0.008437 0.015018 0.075100
-0.008448 0.015230 0.075200
-0.008448 0.015422 0.075200
-0.008459 0.015634 0.075300
-0.008459 0.015826 0.075300
-0.008471 0.016040 0.075400
-0.008471 0.016232 0.075400
-0.008471 0.016424 0.075400
-0.008471 0.016616 0.075400
-0.008471 0.016808 0.075400
-0.008482 0.017023 0.075500
-0.008482 0.017216 0.075500
-0.008482 0.017408 0.075500
-0.008493 0.017624 0.075600
-0.008493 0.017817 0.075600
-0.008504 0.018033 0.075700
-0.008504 0.018226 0.075700
-0.008504 0.018419 0.075700
-0.008515 0.018637 0.075800
-0.008515 0.018830 0.075800
-0.008515 0.019023 0.075800
-0.008527 0.019242 0.075900
-0.008527 0.019435 0.075900
-0.008527 0.019629 0.075900
-0.008527 0.019822 0.075900
-0.008527 0.020016 0.075900
-0.008527 0.020209 0.075900
-0.008538 0.020429 0.076000
-0.008538 0.020623 0.076000
-0.008538 0.020817 0.076000
-0.008549 0.021038 0.076100
-0.008549 0.021232 0.076100
-0.008549 0.021426 0.076100
-0.008560 0.021649 0.076200
-0.008560 0.021843 0.076200
-0.008572 0.022066 0.076300
-0.008583 0.022290 0.076400
-0.008605 0.022543 0.076600
-0.008639 0.022828 0.076900
-0.008662 0.023084 0.077100
-0.008695 0.023371 0.077400
-0.008718 0.023629 0.077600
-0.008740 0.023888 0.077800
-0.008751 0.024118 0.077900
-0.008763 0.024347 0.078000
-0.008774 0.024578 0.078100
-0.008785 0.024808 0.078200
-0.008796 0.025040 0.078300
-0.008808 0.025272 0.078400
-0.008830 0.025536 0.078600
-0.008875 0.025868 0.079000
-0.008942 0.026267 0.079600
-0.008999 0.026636 0.080100
-0.009021 0.026908 0.080300
-0.009066 0.027247 0.080700
-0.009111 0.027589 0.081100
-0.009145 0.027899 0.081400
-0.009156 0.028141 0.081500
-0.009272 -0.003405 0.080700
-0.009272 -0.003199 0.080700
-0.009261 -0.002990 0.080600
-0.009238 -0.002778 0.080400
-0.009238 -0.002573 0.080400
-0.009238 -0.002368 0.080400
-0.009226 -0.002160 0.080300
-0.009215 -0.001953 0.080200
-0.009203 -0.001746 0.080100
-0.009192 -0.001540 0.080000
-0.009192 -0.001336 0.080000
-0.009180 -0.001131 0.079900
-0.009180 -0.000927 0.079900
-0.009157 -0.000722 0.079700
-0.009134 -0.000517 0.079500
-0.009134 -0.000315 0.079500
-0.009111 -0.000112 0.079300
-0.009100 0.000090 0.079200
-0.009100 0.000292 0.079200
-0.009088 0.000494 0.079100
-0.009077 0.000694 0.079000
-0.009065 0.000895 0.078900
-0.009054 0.001094 0.078800
-0.009031 0.001292 0.078600
-0.009019 0.001490 0.078500
-0.008996 0.001686 0.078300
-0.008973 0.001881 0.078100
-0.008939 0.002072 0.077800
-0.008916 0.002265 0.077600
-0.008916 0.002462 0.077600
-0.008847 0.002640 0.077000
-0.008847 0.002836 0.077000
-0.008721 0.003376 0.075900
-0.008709 0.003565 0.075800
-0.008698 0.003753 0.075700
-0.008686 0.003941 0.075600
-0.008686 0.004133 0.075600
-0.008686 0.004326 0.075600
-0.008686 0.004519 0.075600
-0.008686 0.004712 0.075600
-0.008686 0.004904 0.075600
-0.008686 0.005097 0.075600
-0.008686 0.005290 0.075600
-0.008675 0.005475 0.075500
-0.008675 0.005668 0.075500
-0.008663 0.005852 0.075400
-0.008663 0.006045 0.075400
-0.008652 0.006228 0.075300
-0.008652 0.006420 0.075300
-0.008652 0.006612 0.075300
-0.008652 0.006804 0.075300
-0.008652 0.006996 0.075300
-0.008652 0.007188 0.075300
-0.008652 0.007380 0.075300
-0.008640 0.007562 0.075200
-0.008640 0.007754 0.075200
-0.008640 0.007946 0.075200
-0.008640 0.008137 0.075200
-0.008640 0.008329 0.075200
-0.008640 0.008521 0.075200
-0.008640 0.008712 0.075200
-0.008629 0.008892 0.075100
-0.008629 0.009084 0.075100
-0.008629 0.009275 0.075100
-0.008617 0.009454 0.075000
-0.008617 0.009645 0.075000
-0.008606 0.009823 0.074900
-0.008606 0.010014 0.074900
-0.008594 0.010191 0.074800
-0.008594 0.010382 0.074800
-0.008594 0.010573 0.074800
-0.008583 0.010749 0.074700
-0.008583 0.010940 0.074700
-0.008583 0.011130 0.074700
-0.008583 0.011320 0.074700
-0.008583 0.011511 0.074700
-0.008583 0.011701 0.074700
-0.008583 0.011892 0.074700
-0.008583 0.012082 0.074700
-0.008583 0.012273 0.074700
-0.008594 0.012480 0.074800
-0.008594 0.012670 0.074800
-0.008594 0.012861 0.074800
-0.008594 0.013052 0.074800
-0.008594 0.013242 0.074800
-0.008594 0.013433 0.074800
-0.008594 0.013624 0.074800
-0.008606 0.013833 0.074900
-0.008606 0.014024 0.074900
-0.008606 0.014215 0.074900
-0.008606 0.014406 0.074900
-0.008606 0.014597 0.074900
-0.008617 0.014807 0.075000
-0.008617 0.014998 0.075000
-0.008629 0.015210 0.075100
-0.008629 0.015401 0.075100
-0.008640 0.015614 0.075200
-0.008640 0.015805 0.075200
-0.008652 0.016018 0.075300
-0.008652 0.016210 0.075300
-0.008652 0.016402 0.075300
-0.008652 0.016594 0.075300
-0.008663 0.016808 0.075400
-0.008663 0.017001 0.075400
-0.008663 0.017193 0.075400
-0.008663 0.017385 0.075400
-0.008675 0.017601 0.075500
-0.008675 0.017793 0.075500
-0.008686 0.018009 0.075600
-0.008686 0.018202 0.075600
-0.008698 0.018419 0.075700
-0.008698 0.018612 0.075700
-0.008709 0.018830 0.075800
-0.008709 0.019023 0.075800
-0.008709 0.019216 0.075800
-0.008721 0.019435 0.075900
-0.008721 0.019629 0.075900
-0.008721 0.019822 0.075900
-0.008721 0.020016 0.075900
-0.008732 0.020236 0.076000
-0.008732 0.020429 0.076000
-0.008732 0.020623 0.076000
-0.008732 0.020817 0.076000
-0.008744 0.021038 0.076100
-0.008744 0.021232 0.076100
-0.008744 0.021426 0.076100
-0.008755 0.021649 0.076200
-0.008755 0.021843 0.076200
-0.008767 0.022066 0.076300
-0.008778 0.022290 0.076400
-0.008801 0.022543 0.076600
-0.008824 0.022798 0.076800
-0.008859 0.023084 0.077100
-0.008881 0.023341 0.077300
-0.008916 0.023629 0.077600
-0.008927 0.023858 0.077700
-0.008950 0.024118 0.077900
-0.008962 0.024347 0.078000
-0.008962 0.024546 0.078000
-0.008973 0.024777 0.078100
-0.008985 0.025008 0.078200
-0.008996 0.025239 0.078300
-0.009019 0.025504 0.078500
-0.009054 0.025802 0.078800
-0.009100 0.026135 0.079200
-0.009203 0.026636 0.080100
-0.009203 0.026841 0.080100
-0.009261 0.027214 0.080600
-0.009307 0.027555 0.081000
-0.009341 0.027864 0.081300
-0.009353 0.028106 0.081400
-0.009431 -0.002774 0.080300
-0.009431 -0.002570 0.080300
-0.009431 -0.002365 0.080300
-0.009420 -0.002157 0.080200
-0.009408 -0.001951 0.080100
-0.009396 -0.001744 0.080000
-0.009396 -0.001540 0.080000
-0.009396 -0.001336 0.080000
-0.009384 -0.001131 0.079900
-0.009361 -0.000925 0.079700
-0.009361 -0.000722 0.079700
-0.009337 -0.000517 0.079500
-0.009326 -0.000314 0.079400
-0.009314 -0.000112 0.079300
-0.009302 0.000090 0.079200
-0.009290 0.000292 0.079100
-0.009279 0.000493 0.079000
-0.009279 0.000694 0.079000
-0.009255 0.000893 0.078800
-0.009243 0.001093 0.078700
-0.009220 0.001290 0.078500
-0.009196 0.001487 0.078300
-0.009173 0.001682 0.078100
-0.009149 0.001876 0.077900
-0.009114 0.002067 0.077600
-0.009114 0.002265 0.077600
-0.009032 0.002440 0.076900
-0.009032 0.002636 0.076900
-0.008962 0.002810 0.076300
-0.008962 0.003005 0.076300
-0.008915 0.003182 0.075900
-0.008891 0.003367 0.075700
-0.008879 0.003555 0.075600
-0.008879 0.003748 0.075600
-0.008868 0.003935 0.075500
-0.008868 0.004128 0.075500
-0.008879 0.004326 0.075600
-0.008879 0.004519 0.075600
-0.008879 0.004712 0.075600
-0.008879 0.004904 0.075600
-0.008868 0.005090 0.075500
-0.008868 0.005283 0.075500
-0.008868 0.005475 0.075500
-0.008868 0.005668 0.075500
-0.008856 0.005852 0.075400
-0.008856 0.006045 0.075400
-0.008844 0.006228 0.075300
-0.008844 0.006420 0.075300
-0.008844 0.006612 0.075300
-0.008844 0.006804 0.075300
-0.008844 0.006996 0.075300
-0.008844 0.007188 0.075300
-0.008832 0.007370 0.075200
-0.008832 0.007562 0.075200
-0.008832 0.007754 0.075200
-0.008832 0.007946 0.075200
-0.008832 0.008137 0.075200
-0.008832 0.008329 0.075200
-0.008821 0.008509 0.075100
-0.008821 0.008701 0.075100
-0.008821 0.008892 0.075100
-0.008809 0.009072 0.075000
-0.008809 0.009263 0.075000
-0.008809 0.009454 0.075000
-0.008797 0.009632 0.074900
-0.008797 0.009823 0.074900
-0.008785 0.010001 0.074800
-0.008785 0.010191 0.074800
-0.008774 0.010368 0.074700
-0.008774 0.010559 0.074700
-0.008774 0.010749 0.074700
-0.008774 0.010940 0.074700
-0.008774 0.011130 0.074700
-0.008762 0.011305 0.074600
-0.008762 0.011495 0.074600
-0.008762 0.011686 0.074600
-0.008762 0.011876 0.074600
-0.008762 0.012066 0.074600
-0.008774 0.012273 0.074700
-0.008774 0.012463 0.074700
-0.008774 0.012653 0.074700
-0.008774 0.012844 0.074700
-0.008774 0.013034 0.074700
-0.008774 0.013225 0.074700
-0.008774 0.013415 0.074700
-0.008785 0.013624 0.074800
-0.008785 0.013814 0.074800
-0.008785 0.014005 0.074800
-0.008785 0.014196 0.074800
-0.008797 0.014406 0.074900
-0.008797 0.014597 0.074900
-0.008797 0.014788 0.074900
-0.008809 0.014998 0.075000
-0.008809 0.015190 0.075000
-0.008809 0.015381 0.075000
-0.008821 0.015593 0.075100
-0.008832 0.015805 0.075200
-0.008832 0.015997 0.075200
-0.008832 0.016189 0.075200
-0.008832 0.016380 0.075200
-0.008844 0.016594 0.075300
-0.008844 0.016786 0.075300
-0.008844 0.016978 0.075300
-0.008844 0.017170 0.075300
-0.008844 0.017362 0.075300
-0.008856 0.017577 0.075400
-0.008856 0.017769 0.075400
-0.008868 0.017985 0.075500
-0.008879 0.018202 0.075600
-0.008879 0.018395 0.075600
-0.008891 0.018612 0.075700
-0.008891 0.018805 0.075700
-0.008903 0.019023 0.075800
-0.008903 0.019216 0.075800
-0.008915 0.019435 0.075900
-0.008915 0.019629 0.075900
-0.008915 0.019822 0.075900
-0.008915 0.020016 0.075900
-0.008926 0.020236 0.076000
-0.008926 0.020429 0.076000
-0.008926 0.020623 0.076000
-0.008938 0.020844 0.076100
-0.008938 0.021038 0.076100
-0.008938 0.021232 0.076100
-0.008938 0.021426 0.076100
-0.008950 0.021649 0.076200
-0.008950 0.021843 0.076200
-0.008962 0.022066 0.076300
-0.008973 0.022290 0.076400
-0.008997 0.022543 0.076600
-0.009020 0.022798 0.076800
-0.009056 0.023084 0.077100
-0.009079 0.023341 0.077300
-0.009102 0.023599 0.077500
-0.009126 0.023858 0.077700
-0.009149 0.024118 0.077900
-0.009161 0.024347 0.078000
-0.009161 0.024546 0.078000
-0.009161 0.024745 0.078000
-0.009173 0.024976 0.078100
-0.009185 0.025207 0.078200
-0.009208 0.025471 0.078400
-0.009243 0.025770 0.078700
-0.009290 0.026102 0.079100
-0.009384 0.026570 0.079900
-0.009384 0.026774 0.079900
-0.009443 0.027146 0.080400
-0.009490 0.027487 0.080800
-0.009537 0.027830 0.081200
-0.009561 0.028106 0.081400
-0.009637 -0.002774 0.080300
-0.009637 -0.002570 0.080300
-0.009637 -0.002365 0.080300
-0.009625 -0.002157 0.080200
-0.009613 -0.001951 0.080100
-0.009601 -0.001744 0.080000
-0.009589 -0.001538 0.079900
-0.009589 -0.001335 0.079900
-0.009577 -0.001130 0.079800
-0.009565 -0.000925 0.079700
-0.009565 -0.000722 0.079700
-0.009541 -0.000517 0.079500
-0.009529 -0.000314 0.079400
-0.009505 -0.000112 0.079200
-0.009493 0.000090 0.079100
-0.009481 0.000292 0.079000
-0.009481 0.000493 0.079000
-0.009469 0.000693 0.078900
-0.009445 0.000892 0.078700
-0.009433 0.001092 0.078600
-0.009409 0.001289 0.078400
-0.009385 0.001485 0.078200
-0.009361 0.001680 0.078000
-0.009325 0.001871 0.077700
-0.009277 0.002059 0.077300
-0.009241 0.002247 0.077000
-0.009229 0.002440 0.076900
-0.009169 0.002619 0.076400
-0.009145 0.002806 0.076200
-0.009121 0.002993 0.076000
-0.009097 0.003178 0.075800
-0.009085 0.003367 0.075700
-0.009073 0.003555 0.075600
-0.009073 0.003748 0.075600
-0.009061 0.003935 0.075500
-0.009061 0.004128 0.075500
-0.009073 0.004326 0.075600
-0.009073 0.004519 0.075600
-0.009073 0.004712 0.075600
-0.009073 0.004904 0.075600
-0.009061 0.005090 0.075500
-0.009061 0.005283 0.075500
-0.009061 0.005475 0.075500
-0.009049 0.005660 0.075400
-0.009049 0.005852 0.075400
-0.009037 0.006037 0.075300
-0.009037 0.006228 0.075300
-0.009037 0.006420 0.075300
-0.009037 0.006612 0.075300
-0.009037 0.006804 0.075300
-0.009037 0.006996 0.075300
-0.009037 0.007188 0.075300
-0.009024 0.007370 0.075200
-0.009024 0.007562 0.075200
-0.009024 0.007754 0.075200
-0.009024 0.007946 0.075200
-0.009024 0.008137 0.075200
-0.009024 0.008329 0.075200
-0.009012 0.008509 0.075100
-0.009012 0.008701 0.075100
-0.009000 0.008880 0.075000
-0.009000 0.009072 0.075000
-0.009000 0.009263 0.075000
-0.008988 0.009441 0.074900
-0.008988 0.009632 0.074900
-0.008976 0.009810 0.074800
-0.008976 0.010001 0.074800
-0.008964 0.010178 0.074700
-0.008964 0.010368 0.074700
-0.008952 0.010545 0.074600
-0.008952 0.010735 0.074600
-0.008952 0.010925 0.074600
-0.008952 0.011115 0.074600
-0.008952 0.011305 0.074600
-0.008952 0.011495 0.074600
-0.008952 0.011686 0.074600
-0.008952 0.011876 0.074600
-0.008952 0.012066 0.074600
-0.008952 0.012256 0.074600
-0.008952 0.012446 0.074600
-0.008952 0.012636 0.074600
-0.008952 0.012827 0.074600
-0.008952 0.013017 0.074600
-0.008964 0.013225 0.074700
-0.008964 0.013415 0.074700
-0.008964 0.013605 0.074700
-0.008964 0.013796 0.074700
-0.008964 0.013986 0.074700
-0.008976 0.014196 0.074800
-0.008976 0.014386 0.074800
-0.008976 0.014577 0.074800
-0.008976 0.014768 0.074800
-0.008988 0.014978 0.074900
-0.008988 0.015169 0.074900
-0.008988 0.015360 0.074900
-0.009000 0.015572 0.075000
-0.009000 0.015763 0.075000
-0.009012 0.015976 0.075100
-0.009024 0.016189 0.075200
-0.009024 0.016380 0.075200
-0.009024 0.016572 0.075200
-0.009024 0.016764 0.075200
-0.009024 0.016955 0.075200
-0.009037 0.017170 0.075300
-0.009037 0.017362 0.075300
-0.009037 0.017554 0.075300
-0.009049 0.017769 0.075400
-0.009049 0.017962 0.075400
-0.009061 0.018178 0.075500
-0.009073 0.018395 0.075600
-0.009073 0.018587 0.075600
-0.009085 0.018805 0.075700
-0.009085 0.018998 0.075700
-0.009097 0.019216 0.075800
-0.009097 0.019410 0.075800
-0.009109 0.019629 0.075900
-0.009109 0.019822 0.075900
-0.009109 0.020016 0.075900
-0.009121 0.020236 0.076000
-0.009121 0.020429 0.076000
-0.009133 0.020650 0.076100
-0.009133 0.020844 0.076100
-0.009133 0.021038 0.076100
-0.009133 0.021232 0.076100
-0.009133 0.021426 0.076100
-0.009145 0.021649 0.076200
-0.009145 0.021843 0.076200
-0.009157 0.022066 0.076300
-0.009169 0.022290 0.076400
-0.009193 0.022543 0.076600
-0.009229 0.022828 0.076900
-0.009253 0.023084 0.077100
-0.009277 0.023341 0.077300
-0.009301 0.023599 0.077500
-0.009325 0.023858 0.077700
-0.009337 0.024087 0.077800
-0.009349 0.024316 0.077900
-0.009361 0.024546 0.078000
-0.009361 0.024745 0.078000
-0.009373 0.024976 0.078100
-0.009385 0.025207 0.078200
-0.009397 0.025439 0.078300
-0.009433 0.025737 0.078600
-0.009481 0.026069 0.079000
-0.009529 0.026404 0.079400
-0.009589 0.026774 0.079900
-0.009637 0.027112 0.080300
-0.009685 0.027453 0.080700
-0.009721 0.027762 0.081000
-0.009757 0.028072 0.081300
-0.009757 0.028279 0.081300
-0.009842 -0.002570 0.080300
-0.009842 -0.002365 0.080300
-0.009829 -0.002157 0.080200
-0.009817 -0.001951 0.080100
-0.009805 -0.001744 0.080000
-0.009793 -0.001538 0.079900
-0.009793 -0.001335 0.079900
-0.009780 -0.001130 0.079800
-0.009768 -0.000925 0.079700
-0.009768 -0.000722 0.079700
-0.009744 -0.000517 0.079500
-0.009719 -0.000314 0.079300
-0.009707 -0.000112 0.079200
-0.009695 0.000090 0.079100
-0.009682 0.000292 0.079000
-0.009670 0.000492 0.078900
-0.009658 0.000693 0.078800
-0.009633 0.000891 0.078600
-0.009621 0.001090 0.078500
-0.009597 0.001287 0.078300
-0.009572 0.001483 0.078100
-0.009548 0.001678 0.077900
-0.009499 0.001866 0.077500
-0.009462 0.002056 0.077200
-0.009425 0.002244 0.076900
-0.009425 0.002440 0.076900
-0.009364 0.002619 0.076400
-0.009327 0.002803 0.076100
-0.009302 0.002989 0.075900
-0.009290 0.003178 0.075800
-0.009278 0.003367 0.075700
-0.009278 0.003560 0.075700
-0.009266 0.003748 0.075600
-0.009266 0.003941 0.075600
-0.009266 0.004133 0.075600
-0.009266 0.004326 0.075600
-0.009266 0.004519 0.075600
-0.009266 0.004712 0.075600
-0.009253 0.004898 0.075500
-0.009253 0.005090 0.075500
-0.009253 0.005283 0.075500
-0.009241 0.005468 0.075400
-0.009241 0.005660 0.075400
-0.009241 0.005852 0.075400
-0.009229 0.006037 0.075300
-0.009229 0.006228 0.075300
-0.009229 0.006420 0.075300
-0.009229 0.006612 0.075300
-0.009229 0.006804 0.075300
-0.009229 0.006996 0.075300
-0.009217 0.007179 0.075200
-0.009217 0.007370 0.075200
-0.009217 0.007562 0.075200
-0.009217 0.007754 0.075200
-0.009204 0.007935 0.075100
-0.009204 0.008126 0.075100
-0.009204 0.008318 0.075100
-0.009192 0.008498 0.075000
-0.009192 0.008689 0.075000
-0.009180 0.008869 0.074900
-0.009180 0.009059 0.074900
-0.009180 0.009250 0.074900
-0.009168 0.009429 0.074800
-0.009168 0.009619 0.074800
-0.009155 0.009797 0.074700
-0.009155 0.009987 0.074700
-0.009143 0.010164 0.074600
-0.009143 0.010354 0.074600
-0.009131 0.010530 0.074500
-0.009131 0.010720 0.074500
-0.009131 0.010910 0.074500
-0.009131 0.011100 0.074500
-0.009131 0.011290 0.074500
-0.009131 0.011480 0.074500
-0.009131 0.011670 0.074500
-0.009131 0.011860 0.074500
-0.009131 0.012050 0.074500
-0.009131 0.012240 0.074500
-0.009131 0.012430 0.074500
-0.009143 0.012636 0.074600
-0.009143 0.012827 0.074600
-0.009143 0.013017 0.074600
-0.009143 0.013207 0.074600
-0.009143 0.013397 0.074600
-0.009143 0.013587 0.074600
-0.009155 0.013796 0.074700
-0.009155 0.013986 0.074700
-0.009155 0.014177 0.074700
-0.009155 0.014367 0.074700
-0.009155 0.014558 0.074700
-0.009155 0.014748 0.074700
-0.009168 0.014958 0.074800
-0.009168 0.015149 0.074800
-0.009168 0.015340 0.074800
-0.009180 0.015551 0.074900
-0.009180 0.015742 0.074900
-0.009192 0.015954 0.075000
-0.009204 0.016167 0.075100
-0.009204 0.016359 0.075100
-0.009204 0.016550 0.075100
-0.009204 0.016741 0.075100
-0.009217 0.016955 0.075200
-0.009217 0.017147 0.075200
-0.009217 0.017339 0.075200
-0.009229 0.017554 0.075300
-0.009229 0.017746 0.075300
-0.009229 0.017938 0.075300
-0.009241 0.018154 0.075400
-0.009253 0.018370 0.075500
-0.009266 0.018587 0.075600
-0.009266 0.018780 0.075600
-0.009278 0.018998 0.075700
-0.009290 0.019216 0.075800
-0.009290 0.019410 0.075800
-0.009302 0.019629 0.075900
-0.009302 0.019822 0.075900
-0.009302 0.020016 0.075900
-0.009315 0.020236 0.076000
-0.009315 0.020429 0.076000
-0.009327 0.020650 0.076100
-0.009327 0.020844 0.076100
-0.009327 0.021038 0.076100
-0.009339 0.021260 0.076200
-0.009339 0.021454 0.076200
-0.009339 0.021649 0.076200
-0.009351 0.021872 0.076300
-0.009351 0.022066 0.076300
-0.009376 0.022319 0.076500
-0.009388 0.022543 0.076600
-0.009425 0.022828 0.076900
-0.009450 0.023084 0.077100
-0.009474 0.023341 0.077300
-0.009499 0.023599 0.077500
-0.009511 0.023827 0.077600
-0.009535 0.024087 0.077800
-0.009548 0.024316 0.077900
-0.009548 0.024515 0.077900
-0.009560 0.024745 0.078000
-0.009572 0.024976 0.078100
-0.009584 0.025207 0.078200
-0.009597 0.025439 0.078300
-0.009633 0.025737 0.078600
-0.009670 0.026036 0.078900
-0.009719 0.026370 0.079300
-0.009817 0.026841 0.080100
-0.009817 0.027045 0.080100
-0.009866 0.027385 0.080500
-0.009915 0.027727 0.080900
-0.009952 0.028037 0.081200
-0.009964 0.028279 0.081300
-0.010087 0.030935 0.082300
-0.010072 -0.002576 0.080500
-0.010059 -0.002368 0.080400
-0.010047 -0.002160 0.080300
-0.010034 -0.001953 0.080200
-0.010034 -0.001749 0.080200
-0.009997 -0.001131 0.079900
-0.009972 -0.000925 0.079700
-0.009972 -0.000722 0.079700
-0.009947 -0.000517 0.079500
-0.009922 -0.000314 0.079300
-0.009909 -0.000112 0.079200
-0.009897 0.000090 0.079100
-0.009884 0.000292 0.079000
-0.009872 0.000492 0.078900
-0.009859 0.000693 0.078800
-0.009834 0.000891 0.078600
-0.009809 0.001089 0.078400
-0.009797 0.001287 0.078300
-0.009747 0.001479 0.077900
-0.009722 0.001673 0.077700
-0.009672 0.001862 0.077300
-0.009621 0.002048 0.076900
-0.009596 0.002238 0.076700
-0.009571 0.002427 0.076500
-0.009546 0.002616 0.076300
-0.009521 0.002803 0.076100
-0.009496 0.002989 0.075900
-0.009484 0.003178 0.075800
-0.009484 0.003371 0.075800
-0.009471 0.003560 0.075700
-0.009471 0.003753 0.075700
-0.009459 0.003941 0.075600
-0.009459 0.004133 0.075600
-0.009459 0.004326 0.075600
-0.009459 0.004519 0.075600
-0.009446 0.004705 0.075500
-0.009446 0.004898 0.075500
-0.009446 0.005090 0.075500
-0.009434 0.005276 0.075400
-0.009434 0.005468 0.075400
-0.009434 0.005660 0.075400
-0.009421 0.005845 0.075300
-0.009421 0.006037 0.075300
-0.009421 0.006228 0.075300
-0.009421 0.006420 0.075300
-0.009421 0.006612 0.075300
-0.009421 0.006804 0.075300
-0.009409 0.006987 0.075200
-0.009409 0.007179 0.075200
-0.009409 0.007370 0.075200
-0.009396 0.007552 0.075100
-0.009396 0.007744 0.075100
-0.009396 0.007935 0.075100
-0.009384 0.008116 0.075000
-0.009384 0.008307 0.075000
-0.009371 0.008487 0.074900
-0.009371 0.008678 0.074900
-0.009359 0.008857 0.074800
-0.009359 0.009047 0.074800
-0.009359 0.009238 0.074800
-0.009346 0.009416 0.074700
-0.009346 0.009607 0.074700
-0.009334 0.009784 0.074600
-0.009334 0.009974 0.074600
-0.009321 0.010151 0.074500
-0.009321 0.010340 0.074500
-0.009309 0.010516 0.074400
-0.009309 0.010706 0.074400
-0.009296 0.010881 0.074300
-0.009296 0.011070 0.074300
-0.009309 0.011275 0.074400
-0.009309 0.011465 0.074400
-0.009309 0.011654 0.074400
-0.009309 0.011844 0.074400
-0.009309 0.012034 0.074400
-0.009309 0.012223 0.074400
-0.009321 0.012430 0.074500
-0.009321 0.012619 0.074500
-0.009321 0.012809 0.074500
-0.009321 0.012999 0.074500
-0.009321 0.013189 0.074500
-0.009334 0.013397 0.074600
-0.009334 0.013587 0.074600
-0.009334 0.013777 0.074600
-0.009334 0.013968 0.074600
-0.009334 0.014158 0.074600
-0.009334 0.014348 0.074600
-0.009334 0.014538 0.074600
-0.009346 0.014748 0.074700
-0.009346 0.014938 0.074700
-0.009346 0.015129 0.074700
-0.009346 0.015319 0.074700
-0.009359 0.015531 0.074800
-0.009371 0.015742 0.074900
-0.009371 0.015933 0.074900
-0.009384 0.016146 0.075000
-0.009384 0.016337 0.075000
-0.009384 0.016528 0.075000
-0.009384 0.016719 0.075000
-0.009396 0.016933 0.075100
-0.009396 0.017124 0.075100
-0.009409 0.017339 0.075200
-0.009409 0.017531 0.075200
-0.009409 0.017722 0.075200
-0.009421 0.017938 0.075300
-0.009434 0.018154 0.075400
-0.009434 0.018346 0.075400
-0.009446 0.018563 0.075500
-0.009459 0.018780 0.075600
-0.009471 0.018998 0.075700
-0.009471 0.019191 0.075700
-0.009484 0.019410 0.075800
-0.009496 0.019629 0.075900
-0.009496 0.019822 0.075900
-0.009496 0.020016 0.075900
-0.009509 0.020236 0.076000
-0.009509 0.020429 0.076000
-0.009521 0.020650 0.076100
-0.009521 0.020844 0.076100
-0.009534 0.021066 0.076200
-0.009534 0.021260 0.076200
-0.009546 0.021483 0.076300
-0.009546 0.021677 0.076300
-0.009546 0.021872 0.076300
-0.009559 0.022095 0.076400
-0.009571 0.022319 0.076500
-0.009596 0.022573 0.076700
-0.009621 0.022828 0.076900
-0.009647 0.023084 0.077100
-0.009672 0.023341 0.077300
-0.009697 0.023599 0.077500
-0.009709 0.023827 0.077600
-0.009722 0.024056 0.077700
-0.009747 0.024316 0.077900
-0.009747 0.024515 0.077900
-0.009759 0.024745 0.078000
-0.009772 0.024976 0.078100
-0.009784 0.025207 0.078200
-0.009797 0.025439 0.078300
-0.009834 0.025737 0.078600
-0.009872 0.026036 0.078900
-0.009922 0.026370 0.079300
-0.010022 0.026841 0.080100
-0.010022 0.027045 0.080100
-0.010059 0.027351 0.080400
-0.010109 0.027693 0.080800
-0.010147 0.028003 0.081100
-0.010159 0.028244 0.081200
-0.010159 0.028451 0.081200
-0.010172 0.028693 0.081300
-0.010485 0.031712 0.083800
-0.010485 0.031926 0.083800
-0.010572 0.032408 0.084500
-0.011120 -0.005007 0.087100
-0.011120 -0.004785 0.087100
-0.010290 -0.002374 0.080600
-0.010265 -0.002163 0.080400
-0.010265 -0.001958 0.080400
-0.010265 -0.001753 0.080400
-0.010239 -0.001544 0.080200
-0.010239 -0.001340 0.080200
-0.010201 -0.001131 0.079900
-0.010175 -0.000925 0.079700
-0.010175 -0.000722 0.079700
-0.010150 -0.000517 0.079500
-0.010124 -0.000314 0.079300
-0.010112 -0.000112 0.079200
-0.010099 0.000090 0.079100
-0.010086 0.000292 0.079000
-0.010073 0.000492 0.078900
-0.010061 0.000693 0.078800
-0.010035 0.000891 0.078600
-0.010009 0.001089 0.078400
-0.010009 0.001289 0.078400
-0.009946 0.001479 0.077900
-0.009920 0.001673 0.077700
-0.009869 0.001862 0.077300
-0.009792 0.002043 0.076700
-0.009767 0.002232 0.076500
-0.009754 0.002424 0.076400
-0.009729 0.002612 0.076200
-0.009703 0.002799 0.076000
-0.009690 0.002989 0.075900
-0.009678 0.003178 0.075800
-0.009678 0.003371 0.075800
-0.009665 0.003560 0.075700
-0.009665 0.003753 0.075700
-0.009652 0.003941 0.075600
-0.009652 0.004133 0.075600
-0.009652 0.004326 0.075600
-0.009652 0.004519 0.075600
-0.009639 0.004705 0.075500
-0.009639 0.004898 0.075500
-0.009626 0.005084 0.075400
-0.009626 0.005276 0.075400
-0.009626 0.005468 0.075400
-0.009614 0.005653 0.075300
-0.009614 0.005845 0.075300
-0.009614 0.006037 0.075300
-0.009614 0.006228 0.075300
-0.009614 0.006420 0.075300
-0.009614 0.006612 0.075300
-0.009601 0.006795 0.075200
-0.009601 0.006987 0.075200
-0.009588 0.007169 0.075100
-0.009588 0.007361 0.075100
-0.009588 0.007552 0.075100
-0.009575 0.007733 0.075000
-0.009563 0.007914 0.074900
-0.009563 0.008105 0.074900
-0.009550 0.008285 0.074800
-0.009550 0.008475 0.074800
-0.009550 0.008666 0.074800
-0.009537 0.008845 0.074700
-0.009537 0.009035 0.074700
-0.009537 0.009226 0.074700
-0.009524 0.009404 0.074600
-0.009524 0.009594 0.074600
-0.009512 0.009771 0.074500
-0.009512 0.009961 0.074500
-0.009499 0.010137 0.074400
-0.009499 0.010327 0.074400
-0.009486 0.010502 0.074300
-0.009486 0.010692 0.074300
-0.009486 0.010881 0.074300
-0.009486 0.011070 0.074300
-0.009486 0.011260 0.074300
-0.009486 0.011449 0.074300
-0.009486 0.011639 0.074300
-0.009486 0.011828 0.074300
-0.009486 0.012017 0.074300
-0.009499 0.012223 0.074400
-0.009499 0.012413 0.074400
-0.009499 0.012603 0.074400
-0.009512 0.012809 0.074500
-0.009512 0.012999 0.074500
-0.009512 0.013189 0.074500
-0.009512 0.013379 0.074500
-0.009512 0.013569 0.074500
-0.009524 0.013777 0.074600
-0.009524 0.013968 0.074600
-0.009524 0.014158 0.074600
-0.009524 0.014348 0.074600
-0.009524 0.014538 0.074600
-0.009524 0.014728 0.074600
-0.009524 0.014918 0.074600
-0.009524 0.015109 0.074600
-0.009537 0.015319 0.074700
-0.009537 0.015510 0.074700
-0.009550 0.015721 0.074800
-0.009550 0.015912 0.074800
-0.009563 0.016124 0.074900
-0.009563 0.016315 0.074900
-0.009563 0.016506 0.074900
-0.009575 0.016719 0.075000
-0.009588 0.016933 0.075100
-0.009588 0.017124 0.075100
-0.009588 0.017316 0.075100
-0.009601 0.017531 0.075200
-0.009601 0.017722 0.075200
-0.009601 0.017914 0.075200
-0.009614 0.018130 0.075300
-0.009626 0.018346 0.075400
-0.009639 0.018563 0.075500
-0.009652 0.018780 0.075600
-0.009652 0.018973 0.075600
-0.009665 0.019191 0.075700
-0.009678 0.019410 0.075800
-0.009690 0.019629 0.075900
-0.009690 0.019822 0.075900
-0.009690 0.020016 0.075900
-0.009703 0.020236 0.076000
-0.009716 0.020456 0.076100
-0.009716 0.020650 0.076100
-0.009729 0.020872 0.076200
-0.009729 0.021066 0.076200
-0.009741 0.021288 0.076300
-0.009741 0.021483 0.076300
-0.009754 0.021706 0.076400
-0.009754 0.021900 0.076400
-0.009767 0.022124 0.076500
-0.009780 0.022348 0.076600
-0.009792 0.022573 0.076700
-0.009818 0.022828 0.076900
-0.009844 0.023084 0.077100
-0.009869 0.023341 0.077300
-0.009882 0.023568 0.077400
-0.009907 0.023827 0.077600
-0.009920 0.024056 0.077700
-0.009946 0.024316 0.077900
-0.009958 0.024546 0.078000
-0.009971 0.024777 0.078100
-0.009971 0.024976 0.078100
-0.009984 0.025207 0.078200
-0.009997 0.025439 0.078300
-0.010035 0.025737 0.078600
-0.010073 0.026036 0.078900
-0.010124 0.026370 0.079300
-0.010163 0.026673 0.079600
-0.010214 0.027011 0.080000
-0.010265 0.027351 0.080400
-0.010303 0.027659 0.080700
-0.010341 0.027968 0.081000
-0.010354 0.028209 0.081100
-0.010367 0.028451 0.081200
-0.010380 0.028693 0.081300
-0.010380 0.028901 0.081300
-0.010393 0.029144 0.081400
-0.010648 0.031348 0.083400
-0.010648 0.031561 0.083400
-0.010699 0.031926 0.083800
-0.010788 0.032408 0.084500
-0.010852 0.032816 0.085000
-0.010852 0.033033 0.085000
-0.010878 0.033328 0.085200
-0.010903 0.033624 0.085400
-0.011382 -0.005248 0.087400
-0.011330 -0.005002 0.087000
-0.011304 -0.004769 0.086800
-0.011304 -0.004548 0.086800
-0.011095 -0.004029 0.085200
-0.011095 -0.003812 0.085200
-0.010496 -0.001963 0.080600
-0.010470 -0.001753 0.080400
-0.010444 -0.001544 0.080200
-0.010444 -0.001340 0.080200
-0.010431 -0.001134 0.080100
-0.010392 -0.000926 0.079800
-0.010379 -0.000722 0.079700
-0.010353 -0.000517 0.079500
-0.010340 -0.000314 0.079400
-0.010314 -0.000112 0.079200
-0.010301 0.000090 0.079100
-0.010288 0.000292 0.079000
-0.010275 0.000492 0.078900
-0.010262 0.000693 0.078800
-0.010236 0.000891 0.078600
-0.010210 0.001089 0.078400
-0.010171 0.001284 0.078100
-0.010119 0.001475 0.077700
-0.010080 0.001667 0.077400
-0.010028 0.001854 0.077000
-0.009988 0.002043 0.076700
-0.009962 0.002232 0.076500
-0.009936 0.002421 0.076300
-0.009923 0.002612 0.076200
-0.009897 0.002799 0.076000
-0.009897 0.002993 0.076000
-0.009884 0.003182 0.075900
-0.009871 0.003371 0.075800
-0.009871 0.003565 0.075800
-0.009858 0.003753 0.075700
-0.009858 0.003946 0.075700
-0.009845 0.004133 0.075600
-0.009845 0.004326 0.075600
-0.009845 0.004519 0.075600
-0.009832 0.004705 0.075500
-0.009832 0.004898 0.075500
-0.009819 0.005084 0.075400
-0.009806 0.005269 0.075300
-0.009806 0.005461 0.075300
-0.009806 0.005653 0.075300
-0.009806 0.005845 0.075300
-0.009793 0.006029 0.075200
-0.009793 0.006220 0.075200
-0.009793 0.006412 0.075200
-0.009793 0.006604 0.075200
-0.009793 0.006795 0.075200
-0.009780 0.006978 0.075100
-0.009780 0.007169 0.075100
-0.009767 0.007351 0.075000
-0.009754 0.007532 0.074900
-0.009754 0.007723 0.074900
-0.009741 0.007903 0.074800
-0.009741 0.008094 0.074800
-0.009728 0.008274 0.074700
-0.009728 0.008464 0.074700
-0.009715 0.008643 0.074600
-0.009715 0.008833 0.074600
-0.009702 0.009011 0.074500
-0.009702 0.009201 0.074500
-0.009702 0.009391 0.074500
-0.009702 0.009581 0.074500
-0.009689 0.009758 0.074400
-0.009689 0.009947 0.074400
-0.009676 0.010123 0.074300
-0.009676 0.010313 0.074300
-0.009663 0.010488 0.074200
-0.009663 0.010677 0.074200
-0.009663 0.010866 0.074200
-0.009663 0.011055 0.074200
-0.009663 0.011245 0.074200
-0.009663 0.011434 0.074200
-0.009663 0.011623 0.074200
-0.009663 0.011812 0.074200
-0.009676 0.012017 0.074300
-0.009676 0.012207 0.074300
-0.009689 0.012413 0.074400
-0.009689 0.012603 0.074400
-0.009689 0.012792 0.074400
-0.009689 0.012982 0.074400
-0.009702 0.013189 0.074500
-0.009702 0.013379 0.074500
-0.009702 0.013569 0.074500
-0.009702 0.013759 0.074500
-0.009702 0.013949 0.074500
-0.009702 0.014139 0.074500
-0.009702 0.014329 0.074500
-0.009702 0.014519 0.074500
-0.009702 0.014709 0.074500
-0.009702 0.014898 0.074500
-0.009715 0.015109 0.074600
-0.009715 0.015299 0.074600
-0.009715 0.015489 0.074600
-0.009728 0.015700 0.074700
-0.009728 0.015891 0.074700
-0.009741 0.016103 0.074800
-0.009741 0.016293 0.074800
-0.009754 0.016506 0.074900
-0.009754 0.016697 0.074900
-0.009767 0.016910 0.075000
-0.009767 0.017102 0.075000
-0.009780 0.017316 0.075100
-0.009780 0.017507 0.075100
-0.009793 0.017722 0.075200
-0.009793 0.017914 0.075200
-0.009806 0.018130 0.075300
-0.009806 0.018322 0.075300
-0.009819 0.018538 0.075400
-0.009832 0.018755 0.075500
-0.009845 0.018973 0.075600
-0.009858 0.019191 0.075700
-0.009871 0.019410 0.075800
-0.009884 0.019629 0.075900
-0.009884 0.019822 0.075900
-0.009884 0.020016 0.075900
-0.009897 0.020236 0.076000
-0.009910 0.020456 0.076100
-0.009923 0.020677 0.076200
-0.009936 0.020899 0.076300
-0.009936 0.021094 0.076300
-0.009949 0.021316 0.076400
-0.009949 0.021511 0.076400
-0.009962 0.021734 0.076500
-0.009962 0.021929 0.076500
-0.009962 0.022124 0.076500
-0.009975 0.022348 0.076600
-0.009988 0.022573 0.076700
-0.010014 0.022828 0.076900
-0.010028 0.023054 0.077000
-0.010054 0.023310 0.077200
-0.010067 0.023538 0.077300
-0.010093 0.023796 0.077500
-0.010106 0.024025 0.077600
-0.010132 0.024285 0.077800
-0.010158 0.024546 0.078000
-0.010171 0.024777 0.078100
-0.010184 0.025008 0.078200
-0.010197 0.025239 0.078300
-0.010210 0.025471 0.078400
-0.010236 0.025737 0.078600
-0.010275 0.026036 0.078900
-0.010327 0.026370 0.079300
-0.010366 0.026673 0.079600
-0.010405 0.026977 0.079900
-0.010444 0.027283 0.080200
-0.010496 0.027624 0.080600
-0.010535 0.027934 0.080900
-0.010548 0.028175 0.081000
-0.010561 0.028416 0.081100
-0.010574 0.028658 0.081200
-0.010587 0.028901 0.081300
-0.010601 0.029144 0.081400
-0.010861 0.031348 0.083400
-0.010861 0.031561 0.083400
-0.010952 0.032040 0.084100
-0.011030 0.032484 0.084700
-0.011069 0.032816 0.085000
-0.011069 0.033033 0.085000
-0.011095 0.033328 0.085200
-0.011121 0.033624 0.085400
-0.011121 0.033841 0.085400
-0.011605 -0.005248 0.087400
-0.011552 -0.005002 0.087000
-0.011512 -0.004763 0.086700
-0.011446 -0.004516 0.086200
-0.011393 -0.004277 0.085800
-0.011313 -0.004029 0.085200
-0.011260 -0.003794 0.084800
-0.011220 -0.003566 0.084500
-0.011167 -0.003334 0.084100
-0.011101 -0.003101 0.083600
-0.011008 -0.002864 0.082900
-0.010888 -0.002624 0.082000
-0.010822 -0.002400 0.081500
-0.010769 -0.002182 0.081100
-0.010702 -0.001963 0.080600
-0.010676 -0.001753 0.080400
-0.010662 -0.001546 0.080300
-0.010649 -0.001340 0.080200
-0.010636 -0.001134 0.080100
-0.010609 -0.000927 0.079900
-0.010596 -0.000723 0.079800
-0.010569 -0.000518 0.079600
-0.010543 -0.000314 0.079400
-0.010530 -0.000112 0.079300
-0.010516 0.000090 0.079200
-0.010503 0.000292 0.079100
-0.010490 0.000493 0.079000
-0.010477 0.000693 0.078900
-0.010437 0.000891 0.078600
-0.010397 0.001087 0.078300
-0.010370 0.001284 0.078100
-0.010317 0.001475 0.077700
-0.010277 0.001667 0.077400
-0.010224 0.001854 0.077000
-0.010224 0.002051 0.077000
-0.010145 0.002230 0.076400
-0.010131 0.002421 0.076300
-0.010118 0.002612 0.076200
-0.010105 0.002803 0.076100
-0.010091 0.002993 0.076000
-0.010078 0.003182 0.075900
-0.010065 0.003371 0.075800
-0.010065 0.003565 0.075800
-0.010052 0.003753 0.075700
-0.010052 0.003946 0.075700
-0.010052 0.004139 0.075700
-0.010038 0.004326 0.075600
-0.010038 0.004519 0.075600
-0.010025 0.004705 0.075500
-0.010012 0.004891 0.075400
-0.010012 0.005084 0.075400
-0.009999 0.005269 0.075300
-0.009999 0.005461 0.075300
-0.009985 0.005645 0.075200
-0.009985 0.005837 0.075200
-0.009985 0.006029 0.075200
-0.009985 0.006220 0.075200
-0.009972 0.006403 0.075100
-0.009972 0.006595 0.075100
-0.009972 0.006786 0.075100
-0.009959 0.006968 0.075000
-0.009959 0.007160 0.075000
-0.009945 0.007341 0.074900
-0.009932 0.007522 0.074800
-0.009932 0.007713 0.074800
-0.009919 0.007893 0.074700
-0.009919 0.008083 0.074700
-0.009906 0.008262 0.074600
-0.009906 0.008453 0.074600
-0.009892 0.008631 0.074500
-0.009892 0.008821 0.074500
-0.009892 0.009011 0.074500
-0.009892 0.009201 0.074500
-0.009879 0.009378 0.074400
-0.009879 0.009568 0.074400
-0.009866 0.009745 0.074300
-0.009866 0.009934 0.074300
-0.009852 0.010110 0.074200
-0.009852 0.010299 0.074200
-0.009852 0.010488 0.074200
-0.009852 0.010677 0.074200
-0.009839 0.010852 0.074100
-0.009839 0.011041 0.074100
-0.009839 0.011229 0.074100
-0.009852 0.011434 0.074200
-0.009852 0.011623 0.074200
-0.009852 0.011812 0.074200
-0.009852 0.012001 0.074200
-0.009866 0.012207 0.074300
-0.009866 0.012396 0.074300
-0.009866 0.012586 0.074300
-0.009879 0.012792 0.074400
-0.009879 0.012982 0.074400
-0.009879 0.013172 0.074400
-0.009892 0.013379 0.074500
-0.009892 0.013569 0.074500
-0.009892 0.013759 0.074500
-0.009892 0.013949 0.074500
-0.009892 0.014139 0.074500
-0.009892 0.014329 0.074500
-0.009892 0.014519 0.074500
-0.009892 0.014709 0.074500
-0.009892 0.014898 0.074500
-0.009892 0.015088 0.074500
-0.009892 0.015278 0.074500
-0.009906 0.015489 0.074600
-0.009906 0.015679 0.074600
-0.009906 0.015869 0.074600
-0.009919 0.016081 0.074700
-0.009932 0.016293 0.074800
-0.009932 0.016484 0.074800
-0.009945 0.016697 0.074900
-0.009945 0.016888 0.074900
-0.009959 0.017102 0.075000
-0.009959 0.017293 0.075000
-0.009972 0.017507 0.075100
-0.009972 0.017699 0.075100
-0.009985 0.017914 0.075200
-0.009985 0.018106 0.075200
-0.009999 0.018322 0.075300
-0.010012 0.018538 0.075400
-0.010025 0.018755 0.075500
-0.010038 0.018973 0.075600
-0.010052 0.019191 0.075700
-0.010065 0.019410 0.075800
-0.010078 0.019629 0.075900
-0.010078 0.019822 0.075900
-0.010091 0.020042 0.076000
-0.010105 0.020262 0.076100
-0.010118 0.020483 0.076200
-0.010118 0.020677 0.076200
-0.010131 0.020899 0.076300
-0.010145 0.021121 0.076400
-0.010145 0.021316 0.076400
-0.010158 0.021539 0.076500
-0.010158 0.021734 0.076500
-0.010171 0.021958 0.076600
-0.010171 0.022153 0.076600
-0.010184 0.022377 0.076700
-0.010184 0.022573 0.076700
-0.010211 0.022828 0.076900
-0.010224 0.023054 0.077000
-0.010238 0.023280 0.077100
-0.010251 0.023507 0.077200
-0.010277 0.023765 0.077400
-0.010304 0.024025 0.077600
-0.010330 0.024285 0.077800
-0.010344 0.024515 0.077900
-0.010370 0.024777 0.078100
-0.010384 0.025008 0.078200
-0.010397 0.025239 0.078300
-0.010423 0.025504 0.078500
-0.010450 0.025770 0.078700
-0.010477 0.026036 0.078900
-0.010516 0.026337 0.079200
-0.010556 0.026639 0.079500
-0.010596 0.026943 0.079800
-0.010636 0.027249 0.080100
-0.010676 0.027556 0.080400
-0.010716 0.027864 0.080700
-0.010742 0.028140 0.080900
-0.010769 0.028416 0.081100
-0.010782 0.028658 0.081200
-0.010795 0.028901 0.081300
-0.010808 0.029144 0.081400
-0.011114 0.031461 0.083700
-0.011114 0.031674 0.083700
-0.011194 0.032116 0.084300
-0.011287 0.032599 0.085000
-0.011300 0.032855 0.085100
-0.011300 0.033072 0.085100
-0.011313 0.033328 0.085200
-0.011326 0.033584 0.085300
-0.011340 0.033841 0.085400
-0.011856 -0.005483 0.087600
-0.011829 -0.005248 0.087400
-0.011829 -0.005025 0.087400
-0.011734 -0.004763 0.086700
-0.011666 -0.004516 0.086200
-0.011612 -0.004277 0.085800
-0.011544 -0.004034 0.085300
-0.011477 -0.003794 0.084800
-0.011436 -0.003566 0.084500
-0.011382 -0.003334 0.084100
-0.011301 -0.003098 0.083500
-0.011206 -0.002861 0.082800
-0.011098 -0.002624 0.082000
-0.011030 -0.002400 0.081500
-0.010976 -0.002182 0.081100
-0.010935 -0.001968 0.080800
-0.010908 -0.001757 0.080600
-0.010881 -0.001548 0.080400
-0.010854 -0.001340 0.080200
-0.010854 -0.001135 0.080200
-0.010827 -0.000928 0.080000
-0.010813 -0.000724 0.079900
-0.010786 -0.000519 0.079700
-0.010759 -0.000315 0.079500
-0.010732 -0.000112 0.079300
-0.010719 0.000090 0.079200
-0.010705 0.000292 0.079100
-0.010692 0.000493 0.079000
-0.010692 0.000694 0.079000
-0.010651 0.000892 0.078700
-0.010597 0.001087 0.078300
-0.010597 0.001287 0.078300
-0.010435 0.001660 0.077100
-0.010380 0.001847 0.076700
-0.010353 0.002037 0.076500
-0.010340 0.002230 0.076400
-0.010326 0.002421 0.076300
-0.010313 0.002612 0.076200
-0.010299 0.002803 0.076100
-0.010286 0.002993 0.076000
-0.010286 0.003187 0.076000
-0.010272 0.003376 0.075900
-0.010259 0.003565 0.075800
-0.010259 0.003758 0.075800
-0.010245 0.003946 0.075700
-0.010245 0.004139 0.075700
-0.010232 0.004326 0.075600
-0.010232 0.004519 0.075600
-0.010218 0.004705 0.075500
-0.010204 0.004891 0.075400
-0.010204 0.005084 0.075400
-0.010191 0.005269 0.075300
-0.010191 0.005461 0.075300
-0.010177 0.005645 0.075200
-0.010177 0.005837 0.075200
-0.010164 0.006021 0.075100
-0.010164 0.006212 0.075100
-0.010164 0.006403 0.075100
-0.010150 0.006586 0.075000
-0.010150 0.006777 0.075000
-0.010137 0.006959 0.074900
-0.010137 0.007150 0.074900
-0.010123 0.007331 0.074800
-0.010110 0.007512 0.074700
-0.010110 0.007702 0.074700
-0.010096 0.007882 0.074600
-0.010096 0.008072 0.074600
-0.010083 0.008251 0.074500
-0.010083 0.008441 0.074500
-0.010069 0.008620 0.074400
-0.010069 0.008809 0.074400
-0.010056 0.008987 0.074300
-0.010056 0.009176 0.074300
-0.010056 0.009366 0.074300
-0.010056 0.009555 0.074300
-0.010056 0.009745 0.074300
-0.010042 0.009921 0.074200
-0.010042 0.010110 0.074200
-0.010029 0.010285 0.074100
-0.010029 0.010474 0.074100
-0.010029 0.010663 0.074100
-0.010029 0.010852 0.074100
-0.010029 0.011041 0.074100
-0.010029 0.011229 0.074100
-0.010029 0.011418 0.074100
-0.010029 0.011607 0.074100
-0.010042 0.011812 0.074200
-0.010042 0.012001 0.074200
-0.010042 0.012190 0.074200
-0.010056 0.012396 0.074300
-0.010056 0.012586 0.074300
-0.010069 0.012792 0.074400
-0.010069 0.012982 0.074400
-0.010069 0.013172 0.074400
-0.010069 0.013361 0.074400
-0.010069 0.013551 0.074400
-0.010069 0.013741 0.074400
-0.010083 0.013949 0.074500
-0.010069 0.014120 0.074400
-0.010069 0.014310 0.074400
-0.010069 0.014499 0.074400
-0.010069 0.014689 0.074400
-0.010083 0.014898 0.074500
-0.010083 0.015088 0.074500
-0.010083 0.015278 0.074500
-0.010083 0.015468 0.074500
-0.010083 0.015658 0.074500
-0.010096 0.015869 0.074600
-0.010096 0.016060 0.074600
-0.010110 0.016271 0.074700
-0.010123 0.016484 0.074800
-0.010123 0.016675 0.074800
-0.010137 0.016888 0.074900
-0.010137 0.017079 0.074900
-0.010150 0.017293 0.075000
-0.010150 0.017484 0.075000
-0.010164 0.017699 0.075100
-0.010164 0.017890 0.075100
-0.010177 0.018106 0.075200
-0.010177 0.018297 0.075200
-0.010191 0.018514 0.075300
-0.010204 0.018730 0.075400
-0.010218 0.018948 0.075500
-0.010232 0.019166 0.075600
-0.010259 0.019410 0.075800
-0.010259 0.019603 0.075800
-0.010259 0.019796 0.075800
-0.010286 0.020042 0.076000
-0.010299 0.020262 0.076100
-0.010313 0.020483 0.076200
-0.010326 0.020705 0.076300
-0.010340 0.020926 0.076400
-0.010340 0.021121 0.076400
-0.010353 0.021344 0.076500
-0.010353 0.021539 0.076500
-0.010367 0.021762 0.076600
-0.010367 0.021958 0.076600
-0.010367 0.022153 0.076600
-0.010380 0.022377 0.076700
-0.010380 0.022573 0.076700
-0.010394 0.022798 0.076800
-0.010407 0.023024 0.076900
-0.010421 0.023250 0.077000
-0.010448 0.023507 0.077200
-0.010462 0.023735 0.077300
-0.010489 0.023994 0.077500
-0.010516 0.024254 0.077700
-0.010543 0.024515 0.077900
-0.010570 0.024777 0.078100
-0.010583 0.025008 0.078200
-0.010610 0.025272 0.078400
-0.010624 0.025504 0.078500
-0.010651 0.025770 0.078700
-0.010678 0.026036 0.078900
-0.010719 0.026337 0.079200
-0.010759 0.026639 0.079500
-0.010786 0.026910 0.079700
-0.010841 0.027249 0.080100
-0.010881 0.027556 0.080400
-0.010908 0.027830 0.080600
-0.010935 0.028105 0.080800
-0.010962 0.028381 0.081000
-0.010976 0.028623 0.081100
-0.011003 0.028901 0.081300
-0.011016 0.029144 0.081400
-0.011016 0.029351 0.081400
-0.011016 0.029559 0.081400
-0.011165 0.030589 0.082500
-0.011368 0.031574 0.084000
-0.011368 0.031788 0.084000
-0.011450 0.032230 0.084600
-0.011517 0.032638 0.085100
-0.011531 0.032893 0.085200
-0.011531 0.033111 0.085200
-0.011531 0.033328 0.085200
-0.011544 0.033584 0.085300
-0.011558 0.033841 0.085400
-0.012066 -0.005477 0.087500
-0.012066 -0.005254 0.087500
-0.012010 -0.005007 0.087100
-0.011942 -0.004758 0.086600
-0.011873 -0.004511 0.086100
-0.011817 -0.004272 0.085700
-0.011762 -0.004034 0.085300
-0.011707 -0.003799 0.084900
-0.011652 -0.003566 0.084500
-0.011583 -0.003330 0.084000
-0.011500 -0.003094 0.083400
-0.011418 -0.002861 0.082800
-0.011321 -0.002627 0.082100
-0.011238 -0.002400 0.081500
-0.011197 -0.002184 0.081200
-0.011142 -0.001968 0.080800
-0.011128 -0.001759 0.080700
-0.011100 -0.001550 0.080500
-0.011059 -0.001340 0.080200
-0.011059 -0.001135 0.080200
-0.011045 -0.000930 0.080100
-0.011018 -0.000724 0.079900
-0.010990 -0.000519 0.079700
-0.010976 -0.000315 0.079600
-0.010949 -0.000112 0.079400
-0.010935 0.000090 0.079300
-0.010921 0.000292 0.079200
-0.010921 0.000494 0.079200
-0.010894 0.000694 0.079000
-0.010852 0.000892 0.078700
-0.010852 0.001093 0.078700
-0.010632 0.001660 0.077100
-0.010576 0.001847 0.076700
-0.010549 0.002037 0.076500
-0.010535 0.002230 0.076400
-0.010521 0.002421 0.076300
-0.010507 0.002612 0.076200
-0.010494 0.002803 0.076100
-0.010480 0.002993 0.076000
-0.010480 0.003187 0.076000
-0.010466 0.003376 0.075900
-0.010452 0.003565 0.075800
-0.010452 0.003758 0.075800
-0.010438 0.003946 0.075700
-0.010438 0.004139 0.075700
-0.010425 0.004326 0.075600
-0.010425 0.004519 0.075600
-0.010411 0.004705 0.075500
-0.010397 0.004891 0.075400
-0.010383 0.005077 0.075300
-0.010383 0.005269 0.075300
-0.010370 0.005453 0.075200
-0.010370 0.005645 0.075200
-0.010356 0.005829 0.075100
-0.010356 0.006021 0.075100
-0.010342 0.006204 0.075000
-0.010342 0.006395 0.075000
-0.010342 0.006586 0.075000
-0.010328 0.006768 0.074900
-0.010314 0.006950 0.074800
-0.010314 0.007141 0.074800
-0.010301 0.007321 0.074700
-0.010287 0.007502 0.074600
-0.010287 0.007692 0.074600
-0.010273 0.007872 0.074500
-0.010259 0.008051 0.074400
-0.010259 0.008240 0.074400
-0.010259 0.008430 0.074400
-0.010245 0.008608 0.074300
-0.010245 0.008797 0.074300
-0.010245 0.008987 0.074300
-0.010232 0.009164 0.074200
-0.010232 0.009353 0.074200
-0.010232 0.009542 0.074200
-0.010232 0.009731 0.074200
-0.010218 0.009907 0.074100
-0.010218 0.010096 0.074100
-0.010218 0.010285 0.074100
-0.010218 0.010474 0.074100
-0.010204 0.010648 0.074000
-0.010204 0.010837 0.074000
-0.010204 0.011026 0.074000
-0.010218 0.011229 0.074100
-0.010218 0.011418 0.074100
-0.010218 0.011607 0.074100
-0.010218 0.011796 0.074100
-0.010218 0.011985 0.074100
-0.010232 0.012190 0.074200
-0.010232 0.012380 0.074200
-0.010245 0.012586 0.074300
-0.010245 0.012775 0.074300
-0.010259 0.012982 0.074400
-0.010259 0.013172 0.074400
-0.010259 0.013361 0.074400
-0.010259 0.013551 0.074400
-0.010259 0.013741 0.074400
-0.010259 0.013930 0.074400
-0.010259 0.014120 0.074400
-0.010259 0.014310 0.074400
-0.010259 0.014499 0.074400
-0.010259 0.014689 0.074400
-0.010259 0.014878 0.074400
-0.010259 0.015068 0.074400
-0.010259 0.015258 0.074400
-0.010273 0.015468 0.074500
-0.010273 0.015658 0.074500
-0.010273 0.015848 0.074500
-0.010287 0.016060 0.074600
-0.010301 0.016271 0.074700
-0.010301 0.016462 0.074700
-0.010314 0.016675 0.074800
-0.010328 0.016888 0.074900
-0.010328 0.017079 0.074900
-0.010342 0.017293 0.075000
-0.010342 0.017484 0.075000
-0.010356 0.017699 0.075100
-0.010356 0.017890 0.075100
-0.010356 0.018082 0.075100
-0.010370 0.018297 0.075200
-0.010383 0.018514 0.075300
-0.010383 0.018706 0.075300
-0.010411 0.018948 0.075500
-0.010425 0.019166 0.075600
-0.010438 0.019384 0.075700
-0.010452 0.019603 0.075800
-0.010452 0.019796 0.075800
-0.010480 0.020042 0.076000
-0.010494 0.020262 0.076100
-0.010507 0.020483 0.076200
-0.010521 0.020705 0.076300
-0.010535 0.020926 0.076400
-0.010549 0.021149 0.076500
-0.010549 0.021344 0.076500
-0.010563 0.021567 0.076600
-0.010563 0.021762 0.076600
-0.010563 0.021958 0.076600
-0.010563 0.022153 0.076600
-0.010576 0.022377 0.076700
-0.010576 0.022573 0.076700
-0.010590 0.022798 0.076800
-0.010604 0.023024 0.076900
-0.010618 0.023250 0.077000
-0.010632 0.023477 0.077100
-0.010645 0.023704 0.077200
-0.010673 0.023963 0.077400
-0.010700 0.024222 0.077600
-0.010742 0.024515 0.077900
-0.010769 0.024777 0.078100
-0.010783 0.025008 0.078200
-0.010811 0.025272 0.078400
-0.010838 0.025536 0.078600
-0.010866 0.025802 0.078800
-0.010894 0.026069 0.079000
-0.010921 0.026337 0.079200
-0.010949 0.026606 0.079400
-0.010990 0.026910 0.079700
-0.011018 0.027181 0.079900
-0.011059 0.027487 0.080200
-0.011100 0.027795 0.080500
-0.011142 0.028105 0.080800
-0.011156 0.028346 0.080900
-0.011183 0.028623 0.081100
-0.011197 0.028865 0.081200
-0.011224 0.029144 0.081400
-0.011224 0.029351 0.081400
-0.011238 0.029595 0.081500
-0.011266 0.029876 0.081700
-0.011321 0.030232 0.082100
-0.011404 0.030663 0.082700
-0.011611 0.031649 0.084200
-0.011611 0.031863 0.084200
-0.011680 0.032268 0.084700
-0.011735 0.032638 0.085100
-0.011735 0.032855 0.085100
-0.011735 0.033072 0.085100
-0.011748 0.033328 0.085200
-0.011762 0.033584 0.085300
-0.011776 0.033841 0.085400
-0.012303 -0.005706 0.087600
-0.012275 -0.005470 0.087400
-0.012247 -0.005236 0.087200
-0.012205 -0.004996 0.086900
-0.012135 -0.004747 0.086400
-0.012079 -0.004506 0.086000
-0.012008 -0.004262 0.085500
-0.011966 -0.004029 0.085200
-0.011924 -0.003799 0.084900
-0.011868 -0.003566 0.084500
-0.011798 -0.003330 0.084000
-0.011713 -0.003094 0.083400
-0.011713 -0.002881 0.083400
-0.011531 -0.002627 0.082100
-0.011447 -0.002400 0.081500
-0.011390 -0.002182 0.081100
-0.011362 -0.001970 0.080900
-0.011334 -0.001759 0.080700
-0.011306 -0.001550 0.080500
-0.011292 -0.001343 0.080400
-0.011292 -0.001138 0.080400
-0.011250 -0.000930 0.080100
-0.011250 -0.000725 0.080100
-0.011222 -0.000520 0.079900
-0.011194 -0.000315 0.079700
-0.011166 -0.000112 0.079500
-0.011152 0.000091 0.079400
-0.011138 0.000293 0.079300
-0.011123 0.000494 0.079200
-0.011123 0.000696 0.079200
-0.011067 0.000893 0.078800
-0.011067 0.001094 0.078800
-0.010829 0.001660 0.077100
-0.010758 0.001845 0.076600
-0.010744 0.002037 0.076500
-0.010730 0.002230 0.076400
-0.010716 0.002421 0.076300
-0.010702 0.002612 0.076200
-0.010688 0.002803 0.076100
-0.010688 0.002997 0.076100
-0.010674 0.003187 0.076000
-0.010660 0.003376 0.075900
-0.010660 0.003569 0.075900
-0.010646 0.003758 0.075800
-0.010646 0.003951 0.075800
-0.010632 0.004139 0.075700
-0.010618 0.004326 0.075600
-0.010618 0.004519 0.075600
-0.010604 0.004705 0.075500
-0.010590 0.004891 0.075400
-0.010576 0.005077 0.075300
-0.010576 0.005269 0.075300
-0.010562 0.005453 0.075200
-0.010562 0.005645 0.075200
-0.010548 0.005829 0.075100
-0.010534 0.006012 0.075000
-0.010534 0.006204 0.075000
-0.010520 0.006386 0.074900
-0.010520 0.006577 0.074900
-0.010506 0.006759 0.074800
-0.010491 0.006941 0.074700
-0.010491 0.007131 0.074700
-0.010477 0.007312 0.074600
-0.010463 0.007492 0.074500
-0.010463 0.007682 0.074500
-0.010449 0.007861 0.074400
-0.010435 0.008040 0.074300
-0.010435 0.008229 0.074300
-0.010435 0.008419 0.074300
-0.010435 0.008608 0.074300
-0.010421 0.008786 0.074200
-0.010421 0.008975 0.074200
-0.010407 0.009152 0.074100
-0.010407 0.009340 0.074100
-0.010407 0.009529 0.074100
-0.010407 0.009718 0.074100
-0.010393 0.009894 0.074000
-0.010393 0.010082 0.074000
-0.010393 0.010271 0.074000
-0.010393 0.010460 0.074000
-0.010393 0.010648 0.074000
-0.010393 0.010837 0.074000
-0.010393 0.011026 0.074000
-0.010393 0.011214 0.074000
-0.010393 0.011403 0.074000
-0.010407 0.011607 0.074100
-0.010407 0.011796 0.074100
-0.010407 0.011985 0.074100
-0.010421 0.012190 0.074200
-0.010421 0.012380 0.074200
-0.010421 0.012569 0.074200
-0.010435 0.012775 0.074300
-0.010435 0.012964 0.074300
-0.010449 0.013172 0.074400
-0.010449 0.013361 0.074400
-0.010449 0.013551 0.074400
-0.010449 0.013741 0.074400
-0.010449 0.013930 0.074400
-0.010449 0.014120 0.074400
-0.010449 0.014310 0.074400
-0.010449 0.014499 0.074400
-0.010449 0.014689 0.074400
-0.010449 0.014878 0.074400
-0.010449 0.015068 0.074400
-0.010449 0.015258 0.074400
-0.010463 0.015468 0.074500
-0.010463 0.015658 0.074500
-0.010463 0.015848 0.074500
-0.010477 0.016060 0.074600
-0.010477 0.016250 0.074600
-0.010491 0.016462 0.074700
-0.010491 0.016652 0.074700
-0.010506 0.016865 0.074800
-0.010520 0.017079 0.074900
-0.010520 0.017270 0.074900
-0.010534 0.017484 0.075000
-0.010534 0.017675 0.075000
-0.010534 0.017866 0.075000
-0.010548 0.018082 0.075100
-0.010562 0.018297 0.075200
-0.010562 0.018489 0.075200
-0.010576 0.018706 0.075300
-0.010590 0.018923 0.075400
-0.010604 0.019140 0.075500
-0.010632 0.019384 0.075700
-0.010646 0.019603 0.075800
-0.010646 0.019796 0.075800
-0.010660 0.020016 0.075900
-0.010688 0.020262 0.076100
-0.010702 0.020483 0.076200
-0.010716 0.020705 0.076300
-0.010730 0.020926 0.076400
-0.010744 0.021149 0.076500
-0.010744 0.021344 0.076500
-0.010758 0.021567 0.076600
-0.010758 0.021762 0.076600
-0.010758 0.021958 0.076600
-0.010758 0.022153 0.076600
-0.010758 0.022348 0.076600
-0.010758 0.022543 0.076600
-0.010772 0.022768 0.076700
-0.010786 0.022994 0.076800
-0.010800 0.023220 0.076900
-0.010814 0.023446 0.077000
-0.010829 0.023673 0.077100
-0.010871 0.023963 0.077400
-0.010899 0.024222 0.077600
-0.010941 0.024515 0.077900
-0.010969 0.024777 0.078100
-0.010997 0.025040 0.078300
-0.011025 0.025304 0.078500
-0.011039 0.025536 0.078600
-0.011067 0.025802 0.078800
-0.011081 0.026036 0.078900
-0.011109 0.026304 0.079100
-0.011138 0.026572 0.079300
-0.011166 0.026842 0.079500
-0.011208 0.027147 0.079800
-0.011250 0.027453 0.080100
-0.011292 0.027761 0.080400
-0.011320 0.028035 0.080600
-0.011348 0.028311 0.080800
-0.011390 0.028623 0.081100
-0.011404 0.028865 0.081200
-0.011432 0.029144 0.081400
-0.011447 0.029387 0.081500
-0.011447 0.029595 0.081500
-0.011489 0.029913 0.081800
-0.011559 0.030305 0.082300
-0.011615 0.030663 0.082700
-0.011755 0.031247 0.083700
-0.011755 0.031461 0.083700
-0.011826 0.031863 0.084200
-0.011896 0.032268 0.084700
-0.011952 0.032638 0.085100
-0.011952 0.032855 0.085100
-0.011952 0.033072 0.085100
-0.011966 0.033328 0.085200
-0.011980 0.033584 0.085300
-0.011994 0.033841 0.085400
-0.012527 -0.005706 0.087600
-0.012498 -0.005470 0.087400
-0.012470 -0.005236 0.087200
-0.012413 -0.004990 0.086800
-0.012355 -0.004747 0.086400
-0.012298 -0.004506 0.086000
-0.012227 -0.004262 0.085500
-0.012184 -0.004029 0.085200
-0.012155 -0.003803 0.085000
-0.012098 -0.003570 0.084600
-0.012098 -0.003354 0.084600
-0.011640 -0.002397 0.081400
-0.011598 -0.002182 0.081100
-0.011569 -0.001970 0.080900
-0.011555 -0.001762 0.080800
-0.011526 -0.001552 0.080600
-0.011497 -0.001343 0.080400
-0.011497 -0.001138 0.080400
-0.011469 -0.000931 0.080200
-0.011455 -0.000725 0.080100
-0.011426 -0.000520 0.079900
-0.011412 -0.000316 0.079800
-0.011383 -0.000112 0.079600
-0.011369 0.000091 0.079500
-0.011354 0.000293 0.079400
-0.011340 0.000495 0.079300
-0.011340 0.000697 0.079300
-0.011269 0.000893 0.078800
-0.011269 0.001094 0.078800
-0.011011 0.001658 0.077000
-0.010954 0.001845 0.076600
-0.010940 0.002037 0.076500
-0.010925 0.002230 0.076400
-0.010925 0.002424 0.076400
-0.010897 0.002612 0.076200
-0.010883 0.002803 0.076100
-0.010883 0.002997 0.076100
-0.010868 0.003187 0.076000
-0.010868 0.003380 0.076000
-0.010854 0.003569 0.075900
-0.010840 0.003758 0.075800
-0.010840 0.003951 0.075800
-0.010825 0.004139 0.075700
-0.010825 0.004332 0.075700
-0.010811 0.004519 0.075600
-0.010797 0.004705 0.075500
-0.010782 0.004891 0.075400
-0.010768 0.005077 0.075300
-0.010768 0.005269 0.075300
-0.010754 0.005453 0.075200
-0.010740 0.005638 0.075100
-0.010740 0.005829 0.075100
-0.010725 0.006012 0.075000
-0.010711 0.006195 0.074900
-0.010711 0.006386 0.074900
-0.010697 0.006569 0.074800
-0.010682 0.006750 0.074700
-0.010682 0.006941 0.074700
-0.010668 0.007121 0.074600
-0.010654 0.007302 0.074500
-0.010654 0.007492 0.074500
-0.010639 0.007671 0.074400
-0.010625 0.007850 0.074300
-0.010625 0.008040 0.074300
-0.010611 0.008218 0.074200
-0.010611 0.008407 0.074200
-0.010611 0.008596 0.074200
-0.010611 0.008786 0.074200
-0.010597 0.008963 0.074100
-0.010597 0.009152 0.074100
-0.010597 0.009340 0.074100
-0.010597 0.009529 0.074100
-0.010582 0.009705 0.074000
-0.010582 0.009894 0.074000
-0.010582 0.010082 0.074000
-0.010582 0.010271 0.074000
-0.010568 0.010446 0.073900
-0.010568 0.010634 0.073900
-0.010568 0.010822 0.073900
-0.010568 0.011011 0.073900
-0.010568 0.011199 0.073900
-0.010582 0.011403 0.074000
-0.010582 0.011592 0.074000
-0.010582 0.011780 0.074000
-0.010597 0.011985 0.074100
-0.010597 0.012174 0.074100
-0.010597 0.012363 0.074100
-0.010611 0.012569 0.074200
-0.010611 0.012758 0.074200
-0.010625 0.012964 0.074300
-0.010625 0.013154 0.074300
-0.010625 0.013343 0.074300
-0.010625 0.013533 0.074300
-0.010639 0.013741 0.074400
-0.010639 0.013930 0.074400
-0.010639 0.014120 0.074400
-0.010639 0.014310 0.074400
-0.010639 0.014499 0.074400
-0.010639 0.014689 0.074400
-0.010639 0.014878 0.074400
-0.010639 0.015068 0.074400
-0.010639 0.015258 0.074400
-0.010639 0.015447 0.074400
-0.010654 0.015658 0.074500
-0.010654 0.015848 0.074500
-0.010654 0.016038 0.074500
-0.010668 0.016250 0.074600
-0.010682 0.016462 0.074700
-0.010682 0.016652 0.074700
-0.010697 0.016865 0.074800
-0.010711 0.017079 0.074900
-0.010711 0.017270 0.074900
-0.010711 0.017461 0.074900
-0.010725 0.017675 0.075000
-0.010725 0.017866 0.075000
-0.010740 0.018082 0.075100
-0.010740 0.018273 0.075100
-0.010754 0.018489 0.075200
-0.010754 0.018681 0.075200
-0.010768 0.018898 0.075300
-0.010782 0.019115 0.075400
-0.010811 0.019358 0.075600
-0.010825 0.019577 0.075700
-0.010825 0.019770 0.075700
-0.010854 0.020016 0.075900
-0.010868 0.020236 0.076000
-0.010897 0.020483 0.076200
-0.010911 0.020705 0.076300
-0.010925 0.020926 0.076400
-0.010940 0.021149 0.076500
-0.010940 0.021344 0.076500
-0.010940 0.021539 0.076500
-0.010954 0.021762 0.076600
-0.010940 0.021929 0.076500
-0.010940 0.022124 0.076500
-0.010940 0.022319 0.076500
-0.010954 0.022543 0.076600
-0.010954 0.022739 0.076600
-0.010968 0.022964 0.076700
-0.010983 0.023190 0.076800
-0.010997 0.023416 0.076900
-0.011011 0.023643 0.077000
-0.011054 0.023932 0.077300
-0.011097 0.024222 0.077600
-0.011126 0.024483 0.077800
-0.011154 0.024745 0.078000
-0.011197 0.025040 0.078300
-0.011226 0.025304 0.078500
-0.011240 0.025536 0.078600
-0.011269 0.025802 0.078800
-0.011283 0.026036 0.078900
-0.011312 0.026304 0.079100
-0.011326 0.026539 0.079200
-0.011354 0.026808 0.079400
-0.011383 0.027079 0.079600
-0.011426 0.027385 0.079900
-0.011469 0.027692 0.080200
-0.011512 0.028001 0.080500
-0.011555 0.028311 0.080800
-0.011583 0.028588 0.081000
-0.011626 0.028901 0.081300
-0.011640 0.029144 0.081400
-0.011655 0.029387 0.081500
-0.011669 0.029631 0.081600
-0.011698 0.029913 0.081800
-0.011769 0.030305 0.082300
-0.011841 0.030700 0.082800
-0.011969 0.031247 0.083700
-0.011969 0.031461 0.083700
-0.012041 0.031863 0.084200
-0.012112 0.032268 0.084700
-0.012170 0.032638 0.085100
-0.012170 0.032855 0.085100
-0.012170 0.033072 0.085100
-0.012170 0.033289 0.085100
-0.012198 0.033584 0.085300
-0.012212 0.033841 0.085400
-0.012751 -0.005706 0.087600
-0.012693 -0.005458 0.087200
-0.012649 -0.005218 0.086900
-0.012620 -0.004984 0.086700
-0.012547 -0.004736 0.086200
-0.012547 -0.004516 0.086200
-0.012372 -0.003803 0.085000
-0.012314 -0.003570 0.084600
-0.012314 -0.003354 0.084600
-0.011834 -0.002394 0.081300
-0.011790 -0.002179 0.081000
-0.011776 -0.001970 0.080900
-0.011747 -0.001759 0.080700
-0.011732 -0.001552 0.080600
-0.011703 -0.001343 0.080400
-0.011703 -0.001138 0.080400
-0.011688 -0.000932 0.080300
-0.011659 -0.000725 0.080100
-0.011645 -0.000521 0.080000
-0.011630 -0.000316 0.079900
-0.011601 -0.000112 0.079700
-0.011586 0.000091 0.079600
-0.011557 0.000293 0.079400
-0.011557 0.000495 0.079400
-0.011543 0.000697 0.079300
-0.011470 0.000893 0.078800
-0.011470 0.001094 0.078800
-0.011193 0.001656 0.076900
-0.011150 0.001845 0.076600
-0.011135 0.002037 0.076500
-0.011121 0.002230 0.076400
-0.011121 0.002424 0.076400
-0.011092 0.002612 0.076200
-0.011092 0.002806 0.076200
-0.011077 0.002997 0.076100
-0.011062 0.003187 0.076000
-0.011062 0.003380 0.076000
-0.011048 0.003569 0.075900
-0.011033 0.003758 0.075800
-0.011033 0.003951 0.075800
-0.011019 0.004139 0.075700
-0.011019 0.004332 0.075700
-0.011004 0.004519 0.075600
-0.010990 0.004705 0.075500
-0.010975 0.004891 0.075400
-0.010961 0.005077 0.075300
-0.010961 0.005269 0.075300
-0.010946 0.005453 0.075200
-0.010931 0.005638 0.075100
-0.010931 0.005829 0.075100
-0.010917 0.006012 0.075000
-0.010902 0.006195 0.074900
-0.010888 0.006378 0.074800
-0.010888 0.006569 0.074800
-0.010873 0.006750 0.074700
-0.010859 0.006931 0.074600
-0.010859 0.007121 0.074600
-0.010844 0.007302 0.074500
-0.010830 0.007482 0.074400
-0.010830 0.007671 0.074400
-0.010815 0.007850 0.074300
-0.010815 0.008040 0.074300
-0.010800 0.008218 0.074200
-0.010786 0.008396 0.074100
-0.010786 0.008585 0.074100
-0.010786 0.008774 0.074100
-0.010771 0.008951 0.074000
-0.010771 0.009139 0.074000
-0.010771 0.009328 0.074000
-0.010771 0.009517 0.074000
-0.010771 0.009705 0.074000
-0.010757 0.009880 0.073900
-0.010757 0.010069 0.073900
-0.010757 0.010257 0.073900
-0.010757 0.010446 0.073900
-0.010757 0.010634 0.073900
-0.010757 0.010822 0.073900
-0.010757 0.011011 0.073900
-0.010757 0.011199 0.073900
-0.010757 0.011388 0.073900
-0.010771 0.011592 0.074000
-0.010771 0.011780 0.074000
-0.010771 0.011969 0.074000
-0.010771 0.012158 0.074000
-0.010786 0.012363 0.074100
-0.010786 0.012552 0.074100
-0.010800 0.012758 0.074200
-0.010800 0.012947 0.074200
-0.010800 0.013136 0.074200
-0.010815 0.013343 0.074300
-0.010815 0.013533 0.074300
-0.010815 0.013722 0.074300
-0.010815 0.013911 0.074300
-0.010815 0.014101 0.074300
-0.010815 0.014290 0.074300
-0.010815 0.014480 0.074300
-0.010830 0.014689 0.074400
-0.010830 0.014878 0.074400
-0.010830 0.015068 0.074400
-0.010830 0.015258 0.074400
-0.010830 0.015447 0.074400
-0.010830 0.015637 0.074400
-0.010844 0.015848 0.074500
-0.010844 0.016038 0.074500
-0.010859 0.016250 0.074600
-0.010859 0.016440 0.074600
-0.010873 0.016652 0.074700
-0.010888 0.016865 0.074800
-0.010888 0.017056 0.074800
-0.010902 0.017270 0.074900
-0.010902 0.017461 0.074900
-0.010902 0.017652 0.074900
-0.010917 0.017866 0.075000
-0.010917 0.018058 0.075000
-0.010917 0.018249 0.075000
-0.010931 0.018465 0.075100
-0.010946 0.018681 0.075200
-0.010946 0.018872 0.075200
-0.010961 0.019090 0.075300
-0.010990 0.019333 0.075500
-0.011019 0.019577 0.075700
-0.011019 0.019770 0.075700
-0.011033 0.019989 0.075800
-0.011062 0.020236 0.076000
-0.011077 0.020456 0.076100
-0.011092 0.020677 0.076200
-0.011106 0.020899 0.076300
-0.011121 0.021121 0.076400
-0.011121 0.021316 0.076400
-0.011135 0.021539 0.076500
-0.011135 0.021734 0.076500
-0.011135 0.021929 0.076500
-0.011135 0.022124 0.076500
-0.011135 0.022319 0.076500
-0.011135 0.022514 0.076500
-0.011135 0.022709 0.076500
-0.011150 0.022934 0.076600
-0.011164 0.023159 0.076700
-0.011179 0.023385 0.076800
-0.011208 0.023643 0.077000
-0.011252 0.023932 0.077300
-0.011295 0.024222 0.077600
-0.011324 0.024483 0.077800
-0.011354 0.024745 0.078000
-0.011397 0.025040 0.078300
-0.011426 0.025304 0.078500
-0.011441 0.025536 0.078600
-0.011455 0.025770 0.078700
-0.011485 0.026036 0.078900
-0.011499 0.026271 0.079000
-0.011514 0.026505 0.079100
-0.011543 0.026775 0.079300
-0.011572 0.027045 0.079500
-0.011616 0.027350 0.079800
-0.011659 0.027657 0.080100
-0.011703 0.027966 0.080400
-0.011747 0.028276 0.080700
-0.011790 0.028588 0.081000
-0.011834 0.028901 0.081300
-0.011863 0.029180 0.081500
-0.011878 0.029423 0.081600
-0.011892 0.029668 0.081700
-0.011921 0.029949 0.081900
-0.011979 0.030305 0.082300
-0.012052 0.030700 0.082800
-0.012169 0.031210 0.083600
-0.012169 0.031423 0.083600
-0.012241 0.031826 0.084100
-0.012300 0.032192 0.084500
-0.012358 0.032561 0.084900
-0.012387 0.032855 0.085100
-0.012387 0.033072 0.085100
-0.012387 0.033289 0.085100
-0.012416 0.033584 0.085300
-0.012431 0.033841 0.085400
-0.012915 -0.005458 0.087200
-0.012871 -0.005218 0.086900
-0.012841 -0.004984 0.086700
-0.012753 -0.004730 0.086100
-0.012753 -0.004511 0.086100
-0.012575 -0.003799 0.084900
-0.012575 -0.003582 0.084900
-0.012012 -0.002388 0.081100
-0.011997 -0.002179 0.081000
-0.011982 -0.001970 0.080900
-0.011953 -0.001759 0.080700
-0.011938 -0.001552 0.080600
-0.011908 -0.001343 0.080400
-0.011908 -0.001138 0.080400
-0.011894 -0.000932 0.080300
-0.011879 -0.000726 0.080200
-0.011849 -0.000521 0.080000
-0.011834 -0.000316 0.079900
-0.011819 -0.000112 0.079800
-0.011790 0.000091 0.079600
-0.011775 0.000293 0.079500
-0.011745 0.000495 0.079300
-0.011731 0.000696 0.079200
-0.011671 0.000893 0.078800
-0.011671 0.001094 0.078800
-0.011390 0.001656 0.076900
-0.011345 0.001845 0.076600
-0.011345 0.002040 0.076600
-0.011331 0.002232 0.076500
-0.011316 0.002424 0.076400
-0.011316 0.002619 0.076400
-0.011301 0.002810 0.076300
-0.011286 0.003001 0.076200
-0.011271 0.003191 0.076100
-0.011257 0.003380 0.076000
-0.011242 0.003569 0.075900
-0.011242 0.003763 0.075900
-0.011227 0.003951 0.075800
-0.011227 0.004144 0.075800
-0.011212 0.004332 0.075700
-0.011197 0.004519 0.075600
-0.011197 0.004712 0.075600
-0.011183 0.004898 0.075500
-0.011168 0.005084 0.075400
-0.011153 0.005269 0.075300
-0.011138 0.005453 0.075200
-0.011123 0.005638 0.075100
-0.011109 0.005821 0.075000
-0.011109 0.006012 0.075000
-0.011094 0.006195 0.074900
-0.011079 0.006378 0.074800
-0.011064 0.006560 0.074700
-0.011064 0.006750 0.074700
-0.011049 0.006931 0.074600
-0.011034 0.007112 0.074500
-0.011020 0.007292 0.074400
-0.011020 0.007482 0.074400
-0.011005 0.007661 0.074300
-0.011005 0.007850 0.074300
-0.010990 0.008029 0.074200
-0.010975 0.008207 0.074100
-0.010975 0.008396 0.074100
-0.010975 0.008585 0.074100
-0.010960 0.008762 0.074000
-0.010960 0.008951 0.074000
-0.010960 0.009139 0.074000
-0.010960 0.009328 0.074000
-0.010946 0.009504 0.073900
-0.010946 0.009692 0.073900
-0.010946 0.009880 0.073900
-0.010946 0.010069 0.073900
-0.010946 0.010257 0.073900
-0.010946 0.010446 0.073900
-0.010946 0.010634 0.073900
-0.010946 0.010822 0.073900
-0.010946 0.011011 0.073900
-0.010946 0.011199 0.073900
-0.010946 0.011388 0.073900
-0.010946 0.011576 0.073900
-0.010946 0.011764 0.073900
-0.010960 0.011969 0.074000
-0.010960 0.012158 0.074000
-0.010960 0.012346 0.074000
-0.010975 0.012552 0.074100
-0.010975 0.012741 0.074100
-0.010975 0.012930 0.074100
-0.010990 0.013136 0.074200
-0.010990 0.013325 0.074200
-0.010990 0.013514 0.074200
-0.011005 0.013722 0.074300
-0.011005 0.013911 0.074300
-0.011005 0.014101 0.074300
-0.011005 0.014290 0.074300
-0.011005 0.014480 0.074300
-0.011005 0.014669 0.074300
-0.011005 0.014858 0.074300
-0.011005 0.015048 0.074300
-0.011020 0.015258 0.074400
-0.011020 0.015447 0.074400
-0.011020 0.015637 0.074400
-0.011034 0.015848 0.074500
-0.011034 0.016038 0.074500
-0.011049 0.016250 0.074600
-0.011049 0.016440 0.074600
-0.011064 0.016652 0.074700
-0.011064 0.016843 0.074700
-0.011079 0.017056 0.074800
-0.011079 0.017247 0.074800
-0.011094 0.017461 0.074900
-0.011094 0.017652 0.074900
-0.011094 0.017843 0.074900
-0.011094 0.018033 0.074900
-0.011109 0.018249 0.075000
-0.011109 0.018440 0.075000
-0.011123 0.018656 0.075100
-0.011123 0.018847 0.075100
-0.011138 0.019064 0.075200
-0.011153 0.019281 0.075300
-0.011183 0.019525 0.075500
-0.011183 0.019718 0.075500
-0.011212 0.019963 0.075700
-0.011242 0.020209 0.075900
-0.011257 0.020429 0.076000
-0.011271 0.020650 0.076100
-0.011286 0.020872 0.076200
-0.011301 0.021094 0.076300
-0.011301 0.021288 0.076300
-0.011316 0.021511 0.076400
-0.011316 0.021706 0.076400
-0.011316 0.021900 0.076400
-0.011316 0.022095 0.076400
-0.011316 0.022290 0.076400
-0.011316 0.022485 0.076400
-0.011331 0.022709 0.076500
-0.011331 0.022904 0.076500
-0.011345 0.023129 0.076600
-0.011375 0.023385 0.076800
-0.011405 0.023643 0.077000
-0.011449 0.023932 0.077300
-0.011479 0.024191 0.077500
-0.011523 0.024483 0.077800
-0.011553 0.024745 0.078000
-0.011597 0.025040 0.078300
-0.011627 0.025304 0.078500
-0.011642 0.025536 0.078600
-0.011657 0.025770 0.078700
-0.011671 0.026003 0.078800
-0.011701 0.026271 0.079000
-0.011716 0.026505 0.079100
-0.011731 0.026741 0.079200
-0.011760 0.027011 0.079400
-0.011805 0.027316 0.079700
-0.011849 0.027623 0.080000
-0.011894 0.027931 0.080300
-0.011953 0.028276 0.080700
-0.011997 0.028588 0.081000
-0.012042 0.028901 0.081300
-0.012071 0.029180 0.081500
-0.012086 0.029423 0.081600
-0.012101 0.029668 0.081700
-0.012145 0.029986 0.082000
-0.012205 0.030342 0.082400
-0.012249 0.030663 0.082700
-0.012367 0.031173 0.083500
-0.012367 0.031386 0.083500
-0.012427 0.031750 0.083900
-0.012486 0.032116 0.084300
-0.012545 0.032484 0.084700
-0.012575 0.032778 0.084900
-0.012575 0.032994 0.084900
-0.012590 0.033250 0.085000
-0.012619 0.033545 0.085200
-0.012634 0.033802 0.085300
-0.012973 -0.004730 0.086100
-0.012912 -0.004490 0.085700
-0.012882 -0.004262 0.085500
-0.012837 -0.004029 0.085200
-0.012792 -0.003799 0.084900
-0.012792 -0.003582 0.084900
-0.012219 -0.002388 0.081100
-0.012204 -0.002179 0.081000
-0.012189 -0.001970 0.080900
-0.012159 -0.001759 0.080700
-0.012144 -0.001552 0.080600
-0.012114 -0.001343 0.080400
-0.012114 -0.001138 0.080400
-0.012099 -0.000932 0.080300
-0.012069 -0.000725 0.080100
-0.012053 -0.000521 0.080000
-0.012023 -0.000316 0.079800
-0.012008 -0.000112 0.079700
-0.011978 0.000091 0.079500
-0.011948 0.000293 0.079300
-0.011918 0.000494 0.079100
-0.011888 0.000693 0.078900
-0.011812 0.000889 0.078400
-0.011812 0.001089 0.078400
-0.011601 0.001658 0.077000
-0.011556 0.001847 0.076700
-0.011541 0.002040 0.076600
-0.011526 0.002232 0.076500
-0.011526 0.002427 0.076500
-0.011511 0.002619 0.076400
-0.011496 0.002810 0.076300
-0.011481 0.003001 0.076200
-0.011481 0.003195 0.076200
-0.011466 0.003385 0.076100
-0.011451 0.003574 0.076000
-0.011436 0.003763 0.075900
-0.011436 0.003956 0.075900
-0.011421 0.004144 0.075800
-0.011421 0.004338 0.075800
-0.011406 0.004525 0.075700
-0.011391 0.004712 0.075600
-0.011375 0.004898 0.075500
-0.011360 0.005084 0.075400
-0.011345 0.005269 0.075300
-0.011330 0.005453 0.075200
-0.011315 0.005638 0.075100
-0.011300 0.005821 0.075000
-0.011285 0.006004 0.074900
-0.011285 0.006195 0.074900
-0.011270 0.006378 0.074800
-0.011255 0.006560 0.074700
-0.011255 0.006750 0.074700
-0.011240 0.006931 0.074600
-0.011225 0.007112 0.074500
-0.011210 0.007292 0.074400
-0.011210 0.007482 0.074400
-0.011195 0.007661 0.074300
-0.011180 0.007840 0.074200
-0.011180 0.008029 0.074200
-0.011165 0.008207 0.074100
-0.011165 0.008396 0.074100
-0.011149 0.008573 0.074000
-0.011149 0.008762 0.074000
-0.011149 0.008951 0.074000
-0.011134 0.009127 0.073900
-0.011134 0.009315 0.073900
-0.011134 0.009504 0.073900
-0.011134 0.009692 0.073900
-0.011134 0.009880 0.073900
-0.011134 0.010069 0.073900
-0.011134 0.010257 0.073900
-0.011134 0.010446 0.073900
-0.011134 0.010634 0.073900
-0.011134 0.010822 0.073900
-0.011134 0.011011 0.073900
-0.011134 0.011199 0.073900
-0.011134 0.011388 0.073900
-0.011134 0.011576 0.073900
-0.011134 0.011764 0.073900
-0.011134 0.011953 0.073900
-0.011134 0.012141 0.073900
-0.011149 0.012346 0.074000
-0.011149 0.012535 0.074000
-0.011149 0.012723 0.074000
-0.011149 0.012912 0.074000
-0.011165 0.013118 0.074100
-0.011165 0.013307 0.074100
-0.011165 0.013496 0.074100
-0.011180 0.013704 0.074200
-0.011180 0.013893 0.074200
-0.011180 0.014082 0.074200
-0.011180 0.014271 0.074200
-0.011180 0.014460 0.074200
-0.011180 0.014649 0.074200
-0.011195 0.014858 0.074300
-0.011195 0.015048 0.074300
-0.011195 0.015237 0.074300
-0.011210 0.015447 0.074400
-0.011210 0.015637 0.074400
-0.011225 0.015848 0.074500
-0.011225 0.016038 0.074500
-0.011240 0.016250 0.074600
-0.011240 0.016440 0.074600
-0.011255 0.016652 0.074700
-0.011255 0.016843 0.074700
-0.011270 0.017056 0.074800
-0.011270 0.017247 0.074800
-0.011270 0.017437 0.074800
-0.011285 0.017652 0.074900
-0.011285 0.017843 0.074900
-0.011285 0.018033 0.074900
-0.011285 0.018224 0.074900
-0.011285 0.018415 0.074900
-0.011285 0.018606 0.074900
-0.011300 0.018822 0.075000
-0.011300 0.019013 0.075000
-0.011315 0.019230 0.075100
-0.011330 0.019448 0.075200
-0.011330 0.019639 0.075200
-0.011360 0.019884 0.075400
-0.011391 0.020129 0.075600
-0.011421 0.020376 0.075800
-0.011436 0.020596 0.075900
-0.011451 0.020817 0.076000
-0.011466 0.021038 0.076100
-0.011481 0.021260 0.076200
-0.011481 0.021454 0.076200
-0.011481 0.021649 0.076200
-0.011481 0.021843 0.076200
-0.011481 0.022037 0.076200
-0.011481 0.022231 0.076200
-0.011496 0.022455 0.076300
-0.011511 0.022679 0.076400
-0.011526 0.022904 0.076500
-0.011541 0.023129 0.076600
-0.011556 0.023355 0.076700
-0.011601 0.023643 0.077000
-0.011647 0.023932 0.077300
-0.011677 0.024191 0.077500
-0.011722 0.024483 0.077800
-0.011752 0.024745 0.078000
-0.011797 0.025040 0.078300
-0.011812 0.025272 0.078400
-0.011827 0.025504 0.078500
-0.011843 0.025737 0.078600
-0.011873 0.026003 0.078800
-0.011888 0.026237 0.078900
-0.011903 0.026472 0.079000
-0.011918 0.026707 0.079100
-0.011948 0.026977 0.079300
-0.011993 0.027282 0.079600
-0.012038 0.027588 0.079900
-0.012099 0.027931 0.080300
-0.012144 0.028241 0.080600
-0.012189 0.028552 0.080900
-0.012249 0.028901 0.081300
-0.012279 0.029180 0.081500
-0.012310 0.029459 0.081700
-0.012310 0.029668 0.081700
-0.012355 0.029986 0.082000
-0.012400 0.030305 0.082300
-0.012445 0.030626 0.082600
-0.012551 0.031098 0.083300
-0.012551 0.031310 0.083300
-0.012596 0.031636 0.083600
-0.012671 0.032040 0.084100
-0.012716 0.032369 0.084400
-0.012747 0.032662 0.084600
-0.012747 0.032877 0.084600
-0.012777 0.033171 0.084800
-0.012792 0.033427 0.084900
-0.012822 0.033723 0.085100
-0.013131 -0.004490 0.085700
-0.013101 -0.004262 0.085500
-0.013055 -0.004029 0.085200
-0.013055 -0.003812 0.085200
-0.012426 -0.002388 0.081100
-0.012411 -0.002179 0.081000
-0.012396 -0.001970 0.080900
-0.012365 -0.001759 0.080700
-0.012350 -0.001552 0.080600
-0.012319 -0.001343 0.080400
-0.012319 -0.001138 0.080400
-0.012304 -0.000932 0.080300
-0.012273 -0.000725 0.080100
-0.012243 -0.000520 0.079900
-0.012212 -0.000315 0.079700
-0.012197 -0.000112 0.079600
-0.012151 0.000090 0.079300
-0.012135 0.000292 0.079200
-0.012105 0.000493 0.079000
-0.012089 0.000693 0.078900
-0.011997 0.000888 0.078300
-0.011997 0.001087 0.078300
-0.011798 0.001658 0.077000
-0.011768 0.001850 0.076800
-0.011752 0.002043 0.076700
-0.011737 0.002235 0.076600
-0.011722 0.002427 0.076500
-0.011722 0.002622 0.076500
-0.011706 0.002814 0.076400
-0.011691 0.003005 0.076300
-0.011676 0.003195 0.076200
-0.011660 0.003385 0.076100
-0.011660 0.003579 0.076100
-0.011645 0.003768 0.076000
-0.011645 0.003962 0.076000
-0.011630 0.004150 0.075900
-0.011630 0.004343 0.075900
-0.011614 0.004531 0.075800
-0.011599 0.004718 0.075700
-0.011584 0.004904 0.075600
-0.011568 0.005090 0.075500
-0.011553 0.005276 0.075400
-0.011522 0.005453 0.075200
-0.011522 0.005645 0.075200
-0.011492 0.005821 0.075000
-0.011476 0.006004 0.074900
-0.011461 0.006187 0.074800
-0.011461 0.006378 0.074800
-0.011446 0.006560 0.074700
-0.011430 0.006741 0.074600
-0.011415 0.006922 0.074500
-0.011415 0.007112 0.074500
-0.011400 0.007292 0.074400
-0.011385 0.007472 0.074300
-0.011385 0.007661 0.074300
-0.011369 0.007840 0.074200
-0.011354 0.008018 0.074100
-0.011354 0.008207 0.074100
-0.011339 0.008385 0.074000
-0.011339 0.008573 0.074000
-0.011339 0.008762 0.074000
-0.011323 0.008938 0.073900
-0.011323 0.009127 0.073900
-0.011323 0.009315 0.073900
-0.011323 0.009504 0.073900
-0.011323 0.009692 0.073900
-0.011323 0.009880 0.073900
-0.011308 0.010055 0.073800
-0.011308 0.010243 0.073800
-0.011308 0.010431 0.073800
-0.011308 0.010620 0.073800
-0.011308 0.010808 0.073800
-0.011308 0.010996 0.073800
-0.011308 0.011184 0.073800
-0.011308 0.011372 0.073800
-0.011308 0.011560 0.073800
-0.011308 0.011748 0.073800
-0.011308 0.011937 0.073800
-0.011323 0.012141 0.073900
-0.011323 0.012329 0.073900
-0.011323 0.012518 0.073900
-0.011323 0.012706 0.073900
-0.011323 0.012895 0.073900
-0.011339 0.013101 0.074000
-0.011339 0.013289 0.074000
-0.011339 0.013478 0.074000
-0.011354 0.013685 0.074100
-0.011354 0.013874 0.074100
-0.011354 0.014063 0.074100
-0.011354 0.014252 0.074100
-0.011354 0.014441 0.074100
-0.011369 0.014649 0.074200
-0.011369 0.014838 0.074200
-0.011369 0.015028 0.074200
-0.011385 0.015237 0.074300
-0.011385 0.015427 0.074300
-0.011400 0.015637 0.074400
-0.011415 0.015848 0.074500
-0.011415 0.016038 0.074500
-0.011430 0.016250 0.074600
-0.011430 0.016440 0.074600
-0.011446 0.016652 0.074700
-0.011446 0.016843 0.074700
-0.011461 0.017056 0.074800
-0.011461 0.017247 0.074800
-0.011461 0.017437 0.074800
-0.011461 0.017628 0.074800
-0.011461 0.017819 0.074800
-0.011461 0.018009 0.074800
-0.011461 0.018200 0.074800
-0.011461 0.018391 0.074800
-0.011461 0.018581 0.074800
-0.011461 0.018772 0.074800
-0.011476 0.018988 0.074900
-0.011492 0.019205 0.075000
-0.011507 0.019422 0.075100
-0.011507 0.019613 0.075100
-0.011522 0.019831 0.075200
-0.011538 0.020049 0.075300
-0.011568 0.020295 0.075500
-0.011584 0.020515 0.075600
-0.011614 0.020762 0.075800
-0.011630 0.020983 0.075900
-0.011630 0.021177 0.075900
-0.011645 0.021398 0.076000
-0.011645 0.021592 0.076000
-0.011660 0.021814 0.076100
-0.011660 0.022008 0.076100
-0.011676 0.022231 0.076200
-0.011676 0.022426 0.076200
-0.011691 0.022650 0.076300
-0.011706 0.022874 0.076400
-0.011722 0.023099 0.076500
-0.011752 0.023355 0.076700
-0.011798 0.023643 0.077000
-0.011844 0.023932 0.077300
-0.011875 0.024191 0.077500
-0.011921 0.024483 0.077800
-0.011951 0.024745 0.078000
-0.011982 0.025008 0.078200
-0.012013 0.025272 0.078400
-0.012028 0.025504 0.078500
-0.012043 0.025737 0.078600
-0.012059 0.025970 0.078700
-0.012074 0.026204 0.078800
-0.012089 0.026438 0.078900
-0.012105 0.026673 0.079000
-0.012135 0.026943 0.079200
-0.012181 0.027247 0.079500
-0.012227 0.027554 0.079800
-0.012289 0.027896 0.080200
-0.012335 0.028206 0.080500
-0.012396 0.028552 0.080900
-0.012457 0.028901 0.081300
-0.012488 0.029180 0.081500
-0.012518 0.029459 0.081700
-0.012534 0.029704 0.081800
-0.012580 0.030022 0.082100
-0.012610 0.030305 0.082300
-0.012641 0.030589 0.082500
-0.012718 0.030986 0.083000
-0.012718 0.031198 0.083000
-0.012779 0.031561 0.083400
-0.012825 0.031888 0.083700
-0.012901 0.032293 0.084200
-0.012932 0.032585 0.084400
-0.012932 0.032800 0.084400
-0.012947 0.033054 0.084500
-0.012978 0.033348 0.084700
-0.013009 0.033643 0.084900
-0.012727 -0.002823 0.081700
-0.012680 -0.002605 0.081400
-0.012634 -0.002388 0.081100
-0.012618 -0.002179 0.081000
-0.012603 -0.001970 0.080900
-0.012587 -0.001762 0.080800
-0.012556 -0.001552 0.080600
-0.012525 -0.001343 0.080400
-0.012525 -0.001138 0.080400
-0.012493 -0.000931 0.080200
-0.012462 -0.000724 0.080000
-0.012447 -0.000520 0.079900
-0.012416 -0.000315 0.079700
-0.012384 -0.000112 0.079500
-0.012338 0.000090 0.079200
-0.012307 0.000292 0.079000
-0.012307 0.000493 0.079000
-0.012307 0.000694 0.079000
-0.012182 0.000887 0.078200
-0.012120 0.001080 0.077800
-0.012073 0.001274 0.077500
-0.012073 0.001471 0.077500
-0.011995 0.001658 0.077000
-0.011964 0.001850 0.076800
-0.011948 0.002043 0.076700
-0.011933 0.002235 0.076600
-0.011933 0.002431 0.076600
-0.011917 0.002622 0.076500
-0.011902 0.002814 0.076400
-0.011902 0.003009 0.076400
-0.011886 0.003199 0.076300
-0.011870 0.003389 0.076200
-0.011855 0.003579 0.076100
-0.011855 0.003773 0.076100
-0.011839 0.003962 0.076000
-0.011839 0.004155 0.076000
-0.011824 0.004343 0.075900
-0.011808 0.004531 0.075800
-0.011792 0.004718 0.075700
-0.011792 0.004911 0.075700
-0.011761 0.005090 0.075500
-0.011746 0.005276 0.075400
-0.011730 0.005461 0.075300
-0.011715 0.005645 0.075200
-0.011683 0.005821 0.075000
-0.011668 0.006004 0.074900
-0.011652 0.006187 0.074800
-0.011652 0.006378 0.074800
-0.011637 0.006560 0.074700
-0.011621 0.006741 0.074600
-0.011606 0.006922 0.074500
-0.011606 0.007112 0.074500
-0.011590 0.007292 0.074400
-0.011574 0.007472 0.074300
-0.011559 0.007651 0.074200
-0.011559 0.007840 0.074200
-0.011543 0.008018 0.074100
-0.011543 0.008207 0.074100
-0.011528 0.008385 0.074000
-0.011528 0.008573 0.074000
-0.011512 0.008750 0.073900
-0.011512 0.008938 0.073900
-0.011512 0.009127 0.073900
-0.011512 0.009315 0.073900
-0.011512 0.009504 0.073900
-0.011512 0.009692 0.073900
-0.011496 0.009867 0.073800
-0.011496 0.010055 0.073800
-0.011496 0.010243 0.073800
-0.011496 0.010431 0.073800
-0.011496 0.010620 0.073800
-0.011496 0.010808 0.073800
-0.011496 0.010996 0.073800
-0.011496 0.011184 0.073800
-0.011496 0.011372 0.073800
-0.011496 0.011560 0.073800
-0.011496 0.011748 0.073800
-0.011496 0.011937 0.073800
-0.011496 0.012125 0.073800
-0.011496 0.012313 0.073800
-0.011496 0.012501 0.073800
-0.011496 0.012689 0.073800
-0.011496 0.012877 0.073800
-0.011512 0.013083 0.073900
-0.011512 0.013271 0.073900
-0.011512 0.013460 0.073900
-0.011512 0.013648 0.073900
-0.011528 0.013855 0.074000
-0.011528 0.014044 0.074000
-0.011528 0.014233 0.074000
-0.011528 0.014421 0.074000
-0.011528 0.014610 0.074000
-0.011543 0.014818 0.074100
-0.011543 0.015007 0.074100
-0.011559 0.015217 0.074200
-0.011559 0.015406 0.074200
-0.011574 0.015616 0.074300
-0.011590 0.015827 0.074400
-0.011606 0.016038 0.074500
-0.011606 0.016228 0.074500
-0.011621 0.016440 0.074600
-0.011621 0.016630 0.074600
-0.011637 0.016843 0.074700
-0.011637 0.017033 0.074700
-0.011652 0.017247 0.074800
-0.011652 0.017437 0.074800
-0.011637 0.017604 0.074700
-0.011637 0.017795 0.074700
-0.011637 0.017985 0.074700
-0.011637 0.018176 0.074700
-0.011637 0.018366 0.074700
-0.011637 0.018557 0.074700
-0.011637 0.018747 0.074700
-0.011637 0.018937 0.074700
-0.011652 0.019153 0.074800
-0.011652 0.019344 0.074800
-0.011652 0.019535 0.074800
-0.011668 0.019752 0.074900
-0.011683 0.019969 0.075000
-0.011715 0.020214 0.075200
-0.011730 0.020433 0.075300
-0.011761 0.020680 0.075500
-0.011777 0.020900 0.075600
-0.011792 0.021121 0.075700
-0.011808 0.021342 0.075800
-0.011824 0.021563 0.075900
-0.011839 0.021786 0.076000
-0.011839 0.021979 0.076000
-0.011839 0.022173 0.076000
-0.011855 0.022396 0.076100
-0.011870 0.022620 0.076200
-0.011886 0.022844 0.076300
-0.011902 0.023069 0.076400
-0.011948 0.023355 0.076700
-0.011995 0.023643 0.077000
-0.012026 0.023901 0.077200
-0.012073 0.024191 0.077500
-0.012120 0.024483 0.077800
-0.012151 0.024745 0.078000
-0.012182 0.025008 0.078200
-0.012213 0.025272 0.078400
-0.012229 0.025504 0.078500
-0.012244 0.025737 0.078600
-0.012244 0.025937 0.078600
-0.012275 0.026204 0.078800
-0.012291 0.026438 0.078900
-0.012307 0.026673 0.079000
-0.012322 0.026909 0.079100
-0.012369 0.027213 0.079400
-0.012416 0.027519 0.079700
-0.012478 0.027862 0.080100
-0.012525 0.028171 0.080400
-0.012587 0.028517 0.080800
-0.012649 0.028865 0.081200
-0.012696 0.029180 0.081500
-0.012727 0.029459 0.081700
-0.012743 0.029704 0.081800
-0.012774 0.029986 0.082000
-0.012805 0.030268 0.082200
-0.012836 0.030552 0.082400
-0.012867 0.030837 0.082600
-0.012899 0.031122 0.082800
-0.012945 0.031447 0.083100
-0.013039 0.031888 0.083700
-0.013101 0.032254 0.084100
-0.013101 0.032469 0.084100
-0.013101 0.032683 0.084100
-0.013117 0.032937 0.084200
-0.013148 0.033230 0.084400
-0.013179 0.033524 0.084600
-0.012936 -0.002823 0.081700
-0.012888 -0.002605 0.081400
-0.012873 -0.002394 0.081300
-0.012841 -0.002182 0.081100
-0.012825 -0.001972 0.081000
-0.012793 -0.001762 0.080800
-0.012778 -0.001554 0.080700
-0.012730 -0.001343 0.080400
-0.012730 -0.001138 0.080400
-0.012698 -0.000931 0.080200
-0.012667 -0.000724 0.080000
-0.012635 -0.000519 0.079800
-0.012603 -0.000315 0.079600
-0.012556 -0.000112 0.079300
-0.012524 0.000090 0.079100
-0.012477 0.000291 0.078800
-0.012429 0.000490 0.078500
-0.012429 0.000690 0.078500
-0.012350 0.000884 0.078000
-0.012303 0.001079 0.077700
-0.012255 0.001272 0.077400
-0.012223 0.001466 0.077200
-0.012192 0.001658 0.077000
-0.012176 0.001852 0.076900
-0.012160 0.002045 0.076800
-0.012144 0.002238 0.076700
-0.012128 0.002431 0.076600
-0.012128 0.002626 0.076600
-0.012113 0.002817 0.076500
-0.012097 0.003009 0.076400
-0.012097 0.003203 0.076400
-0.012081 0.003394 0.076300
-0.012065 0.003583 0.076200
-0.012049 0.003773 0.076100
-0.012049 0.003967 0.076100
-0.012033 0.004155 0.076000
-0.012033 0.004349 0.076000
-0.012018 0.004537 0.075900
-0.012002 0.004724 0.075800
-0.011986 0.004911 0.075700
-0.011970 0.005097 0.075600
-0.011938 0.005276 0.075400
-0.011923 0.005461 0.075300
-0.011907 0.005645 0.075200
-0.011891 0.005829 0.075100
-0.011859 0.006004 0.074900
-0.011843 0.006187 0.074800
-0.011843 0.006378 0.074800
-0.011828 0.006560 0.074700
-0.011812 0.006741 0.074600
-0.011796 0.006922 0.074500
-0.011796 0.007112 0.074500
-0.011780 0.007292 0.074400
-0.011764 0.007472 0.074300
-0.011748 0.007651 0.074200
-0.011748 0.007840 0.074200
-0.011733 0.008018 0.074100
-0.011733 0.008207 0.074100
-0.011717 0.008385 0.074000
-0.011717 0.008573 0.074000
-0.011701 0.008750 0.073900
-0.011701 0.008938 0.073900
-0.011701 0.009127 0.073900
-0.011701 0.009315 0.073900
-0.011701 0.009504 0.073900
-0.011701 0.009692 0.073900
-0.011685 0.009867 0.073800
-0.011685 0.010055 0.073800
-0.011685 0.010243 0.073800
-0.011685 0.010431 0.073800
-0.011685 0.010620 0.073800
-0.011685 0.010808 0.073800
-0.011669 0.010981 0.073700
-0.011669 0.011169 0.073700
-0.011669 0.011357 0.073700
-0.011669 0.011545 0.073700
-0.011669 0.011732 0.073700
-0.011669 0.011920 0.073700
-0.011669 0.012108 0.073700
-0.011669 0.012296 0.073700
-0.011669 0.012484 0.073700
-0.011669 0.012672 0.073700
-0.011669 0.012860 0.073700
-0.011669 0.013048 0.073700
-0.011685 0.013253 0.073800
-0.011685 0.013442 0.073800
-0.011685 0.013630 0.073800
-0.011685 0.013818 0.073800
-0.011685 0.014006 0.073800
-0.011701 0.014213 0.073900
-0.011701 0.014402 0.073900
-0.011701 0.014590 0.073900
-0.011717 0.014798 0.074000
-0.011717 0.014987 0.074000
-0.011733 0.015196 0.074100
-0.011748 0.015406 0.074200
-0.011764 0.015616 0.074300
-0.011780 0.015827 0.074400
-0.011796 0.016038 0.074500
-0.011796 0.016228 0.074500
-0.011812 0.016440 0.074600
-0.011812 0.016630 0.074600
-0.011812 0.016820 0.074600
-0.011828 0.017033 0.074700
-0.011828 0.017224 0.074700
-0.011828 0.017414 0.074700
-0.011828 0.017604 0.074700
-0.011828 0.017795 0.074700
-0.011812 0.017961 0.074600
-0.011812 0.018151 0.074600
-0.011812 0.018342 0.074600
-0.011812 0.018532 0.074600
-0.011812 0.018722 0.074600
-0.011812 0.018912 0.074600
-0.011812 0.019102 0.074600
-0.011828 0.019318 0.074700
-0.011828 0.019509 0.074700
-0.011828 0.019699 0.074700
-0.011843 0.019916 0.074800
-0.011859 0.020134 0.074900
-0.011891 0.020379 0.075100
-0.011907 0.020598 0.075200
-0.011923 0.020817 0.075300
-0.011954 0.021065 0.075500
-0.011970 0.021286 0.075600
-0.011986 0.021507 0.075700
-0.012002 0.021728 0.075800
-0.012018 0.021950 0.075900
-0.012018 0.022144 0.075900
-0.012033 0.022367 0.076000
-0.012049 0.022590 0.076100
-0.012065 0.022814 0.076200
-0.012081 0.023039 0.076300
-0.012128 0.023325 0.076600
-0.012176 0.023612 0.076900
-0.012208 0.023870 0.077100
-0.012255 0.024160 0.077400
-0.012303 0.024452 0.077700
-0.012350 0.024745 0.078000
-0.012382 0.025008 0.078200
-0.012398 0.025239 0.078300
-0.012429 0.025504 0.078500
-0.012429 0.025704 0.078500
-0.012445 0.025937 0.078600
-0.012461 0.026171 0.078700
-0.012477 0.026405 0.078800
-0.012493 0.026640 0.078900
-0.012524 0.026909 0.079100
-0.012556 0.027179 0.079300
-0.012603 0.027485 0.079600
-0.012667 0.027827 0.080000
-0.012730 0.028171 0.080400
-0.012778 0.028482 0.080700
-0.012841 0.028830 0.081100
-0.012904 0.029180 0.081500
-0.012936 0.029459 0.081700
-0.012936 0.029668 0.081700
-0.012968 0.029949 0.081900
-0.012999 0.030232 0.082100
-0.013031 0.030515 0.082300
-0.013047 0.030762 0.082400
-0.013063 0.031010 0.082500
-0.013094 0.031296 0.082700
-0.013158 0.031659 0.083100
-0.013205 0.031986 0.083400
-0.013316 0.032469 0.084100
-0.013316 0.032683 0.084100
-0.013300 0.032858 0.084000
-0.013300 0.033072 0.084000
-0.013145 -0.002823 0.081700
-0.013096 -0.002605 0.081400
-0.013080 -0.002394 0.081300
-0.013048 -0.002182 0.081100
-0.013032 -0.001972 0.081000
-0.013000 -0.001762 0.080800
-0.012984 -0.001554 0.080700
-0.012952 -0.001345 0.080500
-0.012952 -0.001139 0.080500
-0.012919 -0.000932 0.080300
-0.012871 -0.000724 0.080000
-0.012823 -0.000519 0.079700
-0.012775 -0.000314 0.079400
-0.012742 -0.000112 0.079200
-0.012678 0.000090 0.078800
-0.012646 0.000290 0.078600
-0.012598 0.000489 0.078300
-0.012565 0.000686 0.078100
-0.012517 0.000882 0.077800
-0.012485 0.001078 0.077600
-0.012453 0.001272 0.077400
-0.012421 0.001466 0.077200
-0.012388 0.001658 0.077000
-0.012372 0.001852 0.076900
-0.012356 0.002045 0.076800
-0.012340 0.002238 0.076700
-0.012340 0.002434 0.076700
-0.012324 0.002626 0.076600
-0.012308 0.002817 0.076500
-0.012308 0.003013 0.076500
-0.012292 0.003203 0.076400
-0.012276 0.003394 0.076300
-0.012260 0.003583 0.076200
-0.012260 0.003778 0.076200
-0.012244 0.003967 0.076100
-0.012244 0.004161 0.076100
-0.012228 0.004349 0.076000
-0.012212 0.004537 0.075900
-0.012195 0.004724 0.075800
-0.012179 0.004911 0.075700
-0.012163 0.005097 0.075600
-0.012147 0.005283 0.075500
-0.012115 0.005461 0.075300
-0.012099 0.005645 0.075200
-0.012083 0.005829 0.075100
-0.012051 0.006004 0.074900
-0.012035 0.006187 0.074800
-0.012035 0.006378 0.074800
-0.012018 0.006560 0.074700
-0.012002 0.006741 0.074600
-0.011986 0.006922 0.074500
-0.011986 0.007112 0.074500
-0.011970 0.007292 0.074400
-0.011954 0.007472 0.074300
-0.011938 0.007651 0.074200
-0.011938 0.007840 0.074200
-0.011922 0.008018 0.074100
-0.011922 0.008207 0.074100
-0.011906 0.008385 0.074000
-0.011906 0.008573 0.074000
-0.011906 0.008762 0.074000
-0.011890 0.008938 0.073900
-0.011890 0.009127 0.073900
-0.011890 0.009315 0.073900
-0.011890 0.009504 0.073900
-0.011874 0.009679 0.073800
-0.011874 0.009867 0.073800
-0.011874 0.010055 0.073800
-0.011874 0.010243 0.073800
-0.011874 0.010431 0.073800
-0.011858 0.010605 0.073700
-0.011858 0.010793 0.073700
-0.011858 0.010981 0.073700
-0.011858 0.011169 0.073700
-0.011858 0.011357 0.073700
-0.011858 0.011545 0.073700
-0.011858 0.011732 0.073700
-0.011858 0.011920 0.073700
-0.011841 0.012092 0.073600
-0.011841 0.012279 0.073600
-0.011841 0.012467 0.073600
-0.011841 0.012655 0.073600
-0.011841 0.012842 0.073600
-0.011841 0.013030 0.073600
-0.011841 0.013218 0.073600
-0.011858 0.013423 0.073700
-0.011858 0.013611 0.073700
-0.011858 0.013799 0.073700
-0.011858 0.013987 0.073700
-0.011858 0.014175 0.073700
-0.011858 0.014363 0.073700
-0.011874 0.014570 0.073800
-0.011874 0.014758 0.073800
-0.011890 0.014967 0.073900
-0.011906 0.015176 0.074000
-0.011922 0.015385 0.074100
-0.011938 0.015595 0.074200
-0.011954 0.015806 0.074300
-0.011970 0.016016 0.074400
-0.011986 0.016228 0.074500
-0.011986 0.016418 0.074500
-0.012002 0.016630 0.074600
-0.012002 0.016820 0.074600
-0.012002 0.017010 0.074600
-0.012002 0.017201 0.074600
-0.012002 0.017391 0.074600
-0.012002 0.017581 0.074600
-0.012002 0.017771 0.074600
-0.012002 0.017961 0.074600
-0.011986 0.018127 0.074500
-0.011986 0.018317 0.074500
-0.011986 0.018507 0.074500
-0.011986 0.018697 0.074500
-0.011986 0.018887 0.074500
-0.011986 0.019077 0.074500
-0.011986 0.019267 0.074500
-0.012002 0.019483 0.074600
-0.012002 0.019673 0.074600
-0.012002 0.019863 0.074600
-0.012018 0.020080 0.074700
-0.012051 0.020325 0.074900
-0.012067 0.020543 0.075000
-0.012099 0.020790 0.075200
-0.012115 0.021009 0.075300
-0.012131 0.021229 0.075400
-0.012163 0.021478 0.075600
-0.012179 0.021700 0.075700
-0.012195 0.021922 0.075800
-0.012195 0.022115 0.075800
-0.012212 0.022337 0.075900
-0.012228 0.022561 0.076000
-0.012244 0.022784 0.076100
-0.012260 0.023008 0.076200
-0.012308 0.023294 0.076500
-0.012356 0.023581 0.076800
-0.012405 0.023870 0.077100
-0.012453 0.024160 0.077400
-0.012501 0.024452 0.077700
-0.012533 0.024713 0.077900
-0.012582 0.025008 0.078200
-0.012598 0.025239 0.078300
-0.012614 0.025471 0.078400
-0.012630 0.025704 0.078500
-0.012646 0.025937 0.078600
-0.012646 0.026138 0.078600
-0.012678 0.026405 0.078800
-0.012678 0.026606 0.078800
-0.012710 0.026875 0.079000
-0.012742 0.027145 0.079200
-0.012791 0.027450 0.079500
-0.012855 0.027792 0.079900
-0.012919 0.028136 0.080300
-0.012968 0.028446 0.080600
-0.013048 0.028830 0.081100
-0.013096 0.029144 0.081400
-0.013129 0.029423 0.081600
-0.013145 0.029668 0.081700
-0.013161 0.029913 0.081800
-0.013177 0.030158 0.081900
-0.013209 0.030441 0.082100
-0.013225 0.030687 0.082200
-0.013241 0.030935 0.082300
-0.013257 0.031182 0.082400
-0.013306 0.031507 0.082700
-0.013354 0.031832 0.083000
-0.013402 0.032160 0.083300
-0.013402 0.032372 0.083300
-0.013418 0.032624 0.083400
-0.013450 0.032915 0.083600
-0.013468 -0.003267 0.082400
-0.013402 -0.003042 0.082000
-0.013353 -0.002823 0.081700
-0.013353 -0.002614 0.081700
-0.013288 -0.002394 0.081300
-0.013255 -0.002182 0.081100
-0.013255 -0.001975 0.081100
-0.013223 -0.001764 0.080900
-0.013190 -0.001554 0.080700
-0.013157 -0.001345 0.080500
-0.013157 -0.001139 0.080500
-0.013125 -0.000932 0.080300
-0.013076 -0.000724 0.080000
-0.013027 -0.000519 0.079700
-0.012961 -0.000314 0.079300
-0.012912 -0.000111 0.079000
-0.012847 0.000090 0.078600
-0.012814 0.000289 0.078400
-0.012765 0.000487 0.078100
-0.012732 0.000685 0.077900
-0.012700 0.000881 0.077700
-0.012651 0.001075 0.077400
-0.012618 0.001269 0.077200
-0.012602 0.001464 0.077100
-0.012585 0.001658 0.077000
-0.012569 0.001852 0.076900
-0.012553 0.002045 0.076800
-0.012536 0.002238 0.076700
-0.012536 0.002434 0.076700
-0.012520 0.002626 0.076600
-0.012520 0.002821 0.076600
-0.012504 0.003013 0.076500
-0.012487 0.003203 0.076400
-0.012487 0.003398 0.076400
-0.012471 0.003588 0.076300
-0.012454 0.003778 0.076200
-0.012454 0.003972 0.076200
-0.012438 0.004161 0.076100
-0.012438 0.004355 0.076100
-0.012422 0.004543 0.076000
-0.012405 0.004730 0.075900
-0.012389 0.004917 0.075800
-0.012356 0.005097 0.075600
-0.012340 0.005283 0.075500
-0.012324 0.005468 0.075400
-0.012291 0.005645 0.075200
-0.012275 0.005829 0.075100
-0.012242 0.006004 0.074900
-0.012226 0.006187 0.074800
-0.012209 0.006369 0.074700
-0.012209 0.006560 0.074700
-0.012193 0.006741 0.074600
-0.012177 0.006922 0.074500
-0.012177 0.007112 0.074500
-0.012160 0.007292 0.074400
-0.012144 0.007472 0.074300
-0.012128 0.007651 0.074200
-0.012128 0.007840 0.074200
-0.012111 0.008018 0.074100
-0.012111 0.008207 0.074100
-0.012095 0.008385 0.074000
-0.012095 0.008573 0.074000
-0.012095 0.008762 0.074000
-0.012079 0.008938 0.073900
-0.012079 0.009127 0.073900
-0.012079 0.009315 0.073900
-0.012079 0.009504 0.073900
-0.012062 0.009679 0.073800
-0.012062 0.009867 0.073800
-0.012062 0.010055 0.073800
-0.012062 0.010243 0.073800
-0.012046 0.010417 0.073700
-0.012046 0.010605 0.073700
-0.012046 0.010793 0.073700
-0.012046 0.010981 0.073700
-0.012046 0.011169 0.073700
-0.012046 0.011357 0.073700
-0.012030 0.011529 0.073600
-0.012030 0.011717 0.073600
-0.012030 0.011904 0.073600
-0.012030 0.012092 0.073600
-0.012013 0.012263 0.073500
-0.012013 0.012450 0.073500
-0.012013 0.012637 0.073500
-0.012013 0.012825 0.073500
-0.012013 0.013012 0.073500
-0.012030 0.013218 0.073600
-0.012030 0.013405 0.073600
-0.012030 0.013593 0.073600
-0.012030 0.013780 0.073600
-0.012030 0.013968 0.073600
-0.012030 0.014156 0.073600
-0.012046 0.014363 0.073700
-0.012046 0.014551 0.073700
-0.012046 0.014738 0.073700
-0.012062 0.014947 0.073800
-0.012079 0.015155 0.073900
-0.012079 0.015344 0.073900
-0.012111 0.015574 0.074100
-0.012128 0.015784 0.074200
-0.012128 0.015973 0.074200
-0.012160 0.016206 0.074400
-0.012160 0.016396 0.074400
-0.012177 0.016608 0.074500
-0.012177 0.016798 0.074500
-0.012177 0.016988 0.074500
-0.012177 0.017177 0.074500
-0.012177 0.017367 0.074500
-0.012177 0.017557 0.074500
-0.012177 0.017747 0.074500
-0.012160 0.017913 0.074400
-0.012160 0.018103 0.074400
-0.012160 0.018292 0.074400
-0.012160 0.018482 0.074400
-0.012160 0.018672 0.074400
-0.012160 0.018861 0.074400
-0.012160 0.019051 0.074400
-0.012160 0.019241 0.074400
-0.012160 0.019430 0.074400
-0.012160 0.019620 0.074400
-0.012177 0.019836 0.074500
-0.012193 0.020053 0.074600
-0.012209 0.020270 0.074700
-0.012226 0.020488 0.074800
-0.012258 0.020734 0.075000
-0.012275 0.020953 0.075100
-0.012307 0.021201 0.075300
-0.012324 0.021421 0.075400
-0.012356 0.021671 0.075600
-0.012373 0.021893 0.075700
-0.012389 0.022115 0.075800
-0.012389 0.022308 0.075800
-0.012405 0.022531 0.075900
-0.012422 0.022754 0.076000
-0.012438 0.022978 0.076100
-0.012487 0.023264 0.076400
-0.012536 0.023550 0.076700
-0.012585 0.023839 0.077000
-0.012634 0.024129 0.077300
-0.012683 0.024420 0.077600
-0.012732 0.024713 0.077900
-0.012765 0.024976 0.078100
-0.012798 0.025239 0.078300
-0.012814 0.025471 0.078400
-0.012830 0.025704 0.078500
-0.012847 0.025937 0.078600
-0.012847 0.026138 0.078600
-0.012863 0.026371 0.078700
-0.012879 0.026606 0.078800
-0.012896 0.026841 0.078900
-0.012928 0.027110 0.079100
-0.012977 0.027416 0.079400
-0.013043 0.027757 0.079800
-0.013108 0.028101 0.080200
-0.013174 0.028446 0.080600
-0.013223 0.028758 0.080900
-0.013288 0.029108 0.081300
-0.013321 0.029387 0.081500
-0.013353 0.029668 0.081700
-0.013370 0.029913 0.081800
-0.013386 0.030158 0.081900
-0.013386 0.030367 0.081900
-0.013402 0.030613 0.082000
-0.013419 0.030859 0.082100
-0.013435 0.031107 0.082200
-0.013468 0.031392 0.082400
-0.013517 0.031717 0.082700
-0.013533 0.031967 0.082800
-0.013533 0.032178 0.082800
-0.013566 0.032467 0.083000
-0.013664 0.032915 0.083600
-0.013678 -0.003267 0.082400
-0.013595 -0.003038 0.081900
-0.013562 -0.002823 0.081700
-0.013562 -0.002614 0.081700
-0.013512 -0.002397 0.081400
-0.013479 -0.002184 0.081200
-0.013463 -0.001975 0.081100
-0.013429 -0.001764 0.080900
-0.013413 -0.001556 0.080800
-0.013380 -0.001346 0.080600
-0.013380 -0.001141 0.080600
-0.013346 -0.000933 0.080400
-0.013280 -0.000724 0.080000
-0.013230 -0.000519 0.079700
-0.013164 -0.000314 0.079300
-0.013081 -0.000111 0.078800
-0.013031 0.000090 0.078500
-0.012981 0.000289 0.078200
-0.012948 0.000487 0.078000
-0.012915 0.000684 0.077800
-0.012882 0.000880 0.077600
-0.012848 0.001075 0.077400
-0.012815 0.001269 0.077200
-0.012799 0.001464 0.077100
-0.012782 0.001658 0.077000
-0.012765 0.001852 0.076900
-0.012749 0.002045 0.076800
-0.012732 0.002238 0.076700
-0.012732 0.002434 0.076700
-0.012716 0.002626 0.076600
-0.012716 0.002821 0.076600
-0.012699 0.003013 0.076500
-0.012699 0.003208 0.076500
-0.012682 0.003398 0.076400
-0.012666 0.003588 0.076300
-0.012649 0.003778 0.076200
-0.012649 0.003972 0.076200
-0.012633 0.004161 0.076100
-0.012633 0.004355 0.076100
-0.012616 0.004543 0.076000
-0.012599 0.004730 0.075900
-0.012583 0.004917 0.075800
-0.012566 0.005104 0.075700
-0.012533 0.005283 0.075500
-0.012516 0.005468 0.075400
-0.012483 0.005645 0.075200
-0.012467 0.005829 0.075100
-0.012433 0.006004 0.074900
-0.012417 0.006187 0.074800
-0.012400 0.006369 0.074700
-0.012400 0.006560 0.074700
-0.012384 0.006741 0.074600
-0.012367 0.006922 0.074500
-0.012350 0.007102 0.074400
-0.012350 0.007292 0.074400
-0.012334 0.007472 0.074300
-0.012317 0.007651 0.074200
-0.012317 0.007840 0.074200
-0.012301 0.008018 0.074100
-0.012301 0.008207 0.074100
-0.012301 0.008396 0.074100
-0.012284 0.008573 0.074000
-0.012284 0.008762 0.074000
-0.012284 0.008951 0.074000
-0.012267 0.009127 0.073900
-0.012267 0.009315 0.073900
-0.012267 0.009504 0.073900
-0.012267 0.009692 0.073900
-0.012251 0.009867 0.073800
-0.012251 0.010055 0.073800
-0.012251 0.010243 0.073800
-0.012234 0.010417 0.073700
-0.012234 0.010605 0.073700
-0.012234 0.010793 0.073700
-0.012234 0.010981 0.073700
-0.012218 0.011154 0.073600
-0.012218 0.011341 0.073600
-0.012218 0.011529 0.073600
-0.012218 0.011717 0.073600
-0.012201 0.011888 0.073500
-0.012201 0.012075 0.073500
-0.012201 0.012263 0.073500
-0.012201 0.012450 0.073500
-0.012201 0.012637 0.073500
-0.012201 0.012825 0.073500
-0.012201 0.013012 0.073500
-0.012201 0.013200 0.073500
-0.012201 0.013387 0.073500
-0.012201 0.013574 0.073500
-0.012201 0.013762 0.073500
-0.012201 0.013949 0.073500
-0.012218 0.014156 0.073600
-0.012218 0.014343 0.073600
-0.012218 0.014531 0.073600
-0.012234 0.014738 0.073700
-0.012234 0.014926 0.073700
-0.012234 0.015114 0.073700
-0.012251 0.015323 0.073800
-0.012267 0.015532 0.073900
-0.012284 0.015742 0.074000
-0.012301 0.015952 0.074100
-0.012317 0.016163 0.074200
-0.012334 0.016374 0.074300
-0.012334 0.016563 0.074300
-0.012350 0.016775 0.074400
-0.012350 0.016965 0.074400
-0.012367 0.017177 0.074500
-0.012350 0.017344 0.074400
-0.012350 0.017534 0.074400
-0.012350 0.017723 0.074400
-0.012350 0.017913 0.074400
-0.012350 0.018103 0.074400
-0.012350 0.018292 0.074400
-0.012334 0.018457 0.074300
-0.012334 0.018647 0.074300
-0.012334 0.018836 0.074300
-0.012334 0.019025 0.074300
-0.012334 0.019215 0.074300
-0.012334 0.019404 0.074300
-0.012334 0.019594 0.074300
-0.012350 0.019810 0.074400
-0.012350 0.019999 0.074400
-0.012384 0.020243 0.074600
-0.012400 0.020461 0.074700
-0.012433 0.020707 0.074900
-0.012450 0.020925 0.075000
-0.012483 0.021173 0.075200
-0.012500 0.021393 0.075300
-0.012533 0.021642 0.075500
-0.012550 0.021864 0.075600
-0.012566 0.022086 0.075700
-0.012583 0.022308 0.075800
-0.012583 0.022501 0.075800
-0.012599 0.022724 0.075900
-0.012616 0.022948 0.076000
-0.012666 0.023233 0.076300
-0.012716 0.023520 0.076600
-0.012765 0.023808 0.076900
-0.012832 0.024129 0.077300
-0.012865 0.024389 0.077500
-0.012915 0.024682 0.077800
-0.012965 0.024976 0.078100
-0.012998 0.025239 0.078300
-0.013014 0.025471 0.078400
-0.013031 0.025704 0.078500
-0.013031 0.025904 0.078500
-0.013048 0.026138 0.078600
-0.013064 0.026371 0.078700
-0.013064 0.026572 0.078700
-0.013081 0.026807 0.078800
-0.013114 0.027076 0.079000
-0.013164 0.027381 0.079300
-0.013230 0.027722 0.079700
-0.013297 0.028066 0.080100
-0.013346 0.028376 0.080400
-0.013413 0.028723 0.080800
-0.013463 0.029036 0.081100
-0.013512 0.029351 0.081400
-0.013546 0.029631 0.081600
-0.013562 0.029876 0.081700
-0.013579 0.030121 0.081800
-0.013579 0.030330 0.081800
-0.013579 0.030538 0.081800
-0.013612 0.030822 0.082000
-0.013612 0.031031 0.082000
-0.013629 0.031278 0.082100
-0.013662 0.031564 0.082300
-0.013695 0.031851 0.082500
-0.013695 0.032061 0.082500
-0.013695 0.032272 0.082500
-0.013889 -0.003267 0.082400
-0.013805 -0.003038 0.081900
-0.013754 -0.002819 0.081600
-0.013754 -0.002611 0.081600
-0.013720 -0.002397 0.081400
-0.013687 -0.002184 0.081200
-0.013670 -0.001975 0.081100
-0.013653 -0.001766 0.081000
-0.013636 -0.001558 0.080900
-0.013586 -0.001346 0.080600
-0.013586 -0.001141 0.080600
-0.013552 -0.000933 0.080400
-0.013484 -0.000724 0.080000
-0.013417 -0.000518 0.079600
-0.013333 -0.000313 0.079100
-0.013282 -0.000111 0.078800
-0.013198 0.000089 0.078300
-0.013164 0.000288 0.078100
-0.013130 0.000486 0.077900
-0.013097 0.000683 0.077700
-0.013063 0.000879 0.077500
-0.013046 0.001075 0.077400
-0.013012 0.001269 0.077200
-0.012996 0.001464 0.077100
-0.012979 0.001658 0.077000
-0.012962 0.001852 0.076900
-0.012945 0.002045 0.076800
-0.012928 0.002238 0.076700
-0.012928 0.002434 0.076700
-0.012911 0.002626 0.076600
-0.012911 0.002821 0.076600
-0.012894 0.003013 0.076500
-0.012878 0.003203 0.076400
-0.012878 0.003398 0.076400
-0.012861 0.003588 0.076300
-0.012844 0.003778 0.076200
-0.012844 0.003972 0.076200
-0.012827 0.004161 0.076100
-0.012827 0.004355 0.076100
-0.012810 0.004543 0.076000
-0.012793 0.004730 0.075900
-0.012776 0.004917 0.075800
-0.012743 0.005097 0.075600
-0.012726 0.005283 0.075500
-0.012709 0.005468 0.075400
-0.012675 0.005645 0.075200
-0.012658 0.005829 0.075100
-0.012625 0.006004 0.074900
-0.012608 0.006187 0.074800
-0.012591 0.006369 0.074700
-0.012574 0.006551 0.074600
-0.012574 0.006741 0.074600
-0.012557 0.006922 0.074500
-0.012540 0.007102 0.074400
-0.012540 0.007292 0.074400
-0.012524 0.007472 0.074300
-0.012524 0.007661 0.074300
-0.012507 0.007840 0.074200
-0.012507 0.008029 0.074200
-0.012490 0.008207 0.074100
-0.012490 0.008396 0.074100
-0.012473 0.008573 0.074000
-0.012473 0.008762 0.074000
-0.012473 0.008951 0.074000
-0.012456 0.009127 0.073900
-0.012456 0.009315 0.073900
-0.012456 0.009504 0.073900
-0.012456 0.009692 0.073900
-0.012439 0.009867 0.073800
-0.012439 0.010055 0.073800
-0.012422 0.010229 0.073700
-0.012422 0.010417 0.073700
-0.012422 0.010605 0.073700
-0.012422 0.010793 0.073700
-0.012406 0.010966 0.073600
-0.012406 0.011154 0.073600
-0.012406 0.011341 0.073600
-0.012406 0.011529 0.073600
-0.012389 0.011701 0.073500
-0.012389 0.011888 0.073500
-0.012389 0.012075 0.073500
-0.012389 0.012263 0.073500
-0.012372 0.012433 0.073400
-0.012372 0.012620 0.073400
-0.012372 0.012807 0.073400
-0.012372 0.012994 0.073400
-0.012372 0.013182 0.073400
-0.012372 0.013369 0.073400
-0.012372 0.013556 0.073400
-0.012372 0.013743 0.073400
-0.012389 0.013949 0.073500
-0.012389 0.014136 0.073500
-0.012389 0.014324 0.073500
-0.012389 0.014511 0.073500
-0.012406 0.014719 0.073600
-0.012406 0.014906 0.073600
-0.012422 0.015114 0.073700
-0.012422 0.015302 0.073700
-0.012439 0.015511 0.073800
-0.012456 0.015720 0.073900
-0.012473 0.015930 0.074000
-0.012490 0.016141 0.074100
-0.012507 0.016352 0.074200
-0.012507 0.016541 0.074200
-0.012524 0.016753 0.074300
-0.012524 0.016942 0.074300
-0.012524 0.017131 0.074300
-0.012524 0.017321 0.074300
-0.012524 0.017510 0.074300
-0.012524 0.017700 0.074300
-0.012524 0.017889 0.074300
-0.012524 0.018078 0.074300
-0.012507 0.018243 0.074200
-0.012507 0.018432 0.074200
-0.012507 0.018622 0.074200
-0.012507 0.018811 0.074200
-0.012507 0.019000 0.074200
-0.012507 0.019189 0.074200
-0.012507 0.019378 0.074200
-0.012507 0.019567 0.074200
-0.012524 0.019783 0.074300
-0.012540 0.019999 0.074400
-0.012540 0.020189 0.074400
-0.012574 0.020433 0.074600
-0.012608 0.020679 0.074800
-0.012625 0.020898 0.074900
-0.012658 0.021145 0.075100
-0.012692 0.021393 0.075300
-0.012709 0.021614 0.075400
-0.012743 0.021864 0.075600
-0.012743 0.022056 0.075600
-0.012760 0.022279 0.075700
-0.012776 0.022501 0.075800
-0.012793 0.022724 0.075900
-0.012810 0.022948 0.076000
-0.012844 0.023203 0.076200
-0.012878 0.023458 0.076400
-0.012928 0.023746 0.076700
-0.013029 0.024129 0.077300
-0.013029 0.024326 0.077300
-0.013080 0.024618 0.077600
-0.013147 0.024944 0.078000
-0.013181 0.025207 0.078200
-0.013198 0.025439 0.078300
-0.013215 0.025671 0.078400
-0.013232 0.025904 0.078500
-0.013248 0.026138 0.078600
-0.013248 0.026338 0.078600
-0.013265 0.026572 0.078700
-0.013282 0.026807 0.078800
-0.013316 0.027076 0.079000
-0.013350 0.027347 0.079200
-0.013417 0.027688 0.079600
-0.013468 0.027996 0.079900
-0.013535 0.028340 0.080300
-0.013602 0.028687 0.080700
-0.013670 0.029036 0.081100
-0.013720 0.029351 0.081400
-0.013737 0.029595 0.081500
-0.013771 0.029876 0.081700
-0.013771 0.030084 0.081700
-0.013771 0.030292 0.081700
-0.013788 0.030538 0.081800
-0.013788 0.030747 0.081800
-0.013788 0.030955 0.081800
-0.013821 0.031240 0.082000
-0.013855 0.031526 0.082200
-0.013855 0.031735 0.082200
-0.013855 0.031945 0.082200
-0.013872 0.032193 0.082300
-0.013963 -0.002819 0.081600
-0.013928 -0.002605 0.081400
-0.013911 -0.002394 0.081300
-0.013894 -0.002184 0.081200
-0.013877 -0.001975 0.081100
-0.013877 -0.001768 0.081100
-0.013843 -0.001558 0.080900
-0.013809 -0.001348 0.080700
-0.013809 -0.001142 0.080700
-0.013774 -0.000934 0.080500
-0.013774 -0.000729 0.080500
-0.013620 -0.000518 0.079600
-0.013518 -0.000313 0.079000
-0.013449 -0.000111 0.078600
-0.013381 0.000089 0.078200
-0.013347 0.000288 0.078000
-0.013312 0.000485 0.077800
-0.013295 0.000683 0.077700
-0.013261 0.000879 0.077500
-0.013244 0.001075 0.077400
-0.013210 0.001269 0.077200
-0.013193 0.001464 0.077100
-0.013175 0.001658 0.077000
-0.013158 0.001852 0.076900
-0.013141 0.002045 0.076800
-0.013124 0.002238 0.076700
-0.013107 0.002431 0.076600
-0.013107 0.002626 0.076600
-0.013090 0.002817 0.076500
-0.013090 0.003013 0.076500
-0.013073 0.003203 0.076400
-0.013056 0.003394 0.076300
-0.013056 0.003588 0.076300
-0.013039 0.003778 0.076200
-0.013021 0.003967 0.076100
-0.013021 0.004161 0.076100
-0.013004 0.004349 0.076000
-0.012987 0.004537 0.075900
-0.012970 0.004724 0.075800
-0.012953 0.004911 0.075700
-0.012936 0.005097 0.075600
-0.012902 0.005276 0.075400
-0.012885 0.005461 0.075300
-0.012867 0.005645 0.075200
-0.012833 0.005821 0.075000
-0.012816 0.006004 0.074900
-0.012799 0.006187 0.074800
-0.012782 0.006369 0.074700
-0.012765 0.006551 0.074600
-0.012765 0.006741 0.074600
-0.012748 0.006922 0.074500
-0.012731 0.007102 0.074400
-0.012731 0.007292 0.074400
-0.012713 0.007472 0.074300
-0.012713 0.007661 0.074300
-0.012696 0.007840 0.074200
-0.012696 0.008029 0.074200
-0.012679 0.008207 0.074100
-0.012679 0.008396 0.074100
-0.012679 0.008585 0.074100
-0.012662 0.008762 0.074000
-0.012662 0.008951 0.074000
-0.012662 0.009139 0.074000
-0.012662 0.009328 0.074000
-0.012645 0.009504 0.073900
-0.012645 0.009692 0.073900
-0.012628 0.009867 0.073800
-0.012628 0.010055 0.073800
-0.012611 0.010229 0.073700
-0.012611 0.010417 0.073700
-0.012611 0.010605 0.073700
-0.012611 0.010793 0.073700
-0.012594 0.010966 0.073600
-0.012594 0.011154 0.073600
-0.012594 0.011341 0.073600
-0.012594 0.011529 0.073600
-0.012577 0.011701 0.073500
-0.012577 0.011888 0.073500
-0.012577 0.012075 0.073500
-0.012559 0.012246 0.073400
-0.012559 0.012433 0.073400
-0.012559 0.012620 0.073400
-0.012559 0.012807 0.073400
-0.012559 0.012994 0.073400
-0.012559 0.013182 0.073400
-0.012559 0.013369 0.073400
-0.012559 0.013556 0.073400
-0.012559 0.013743 0.073400
-0.012559 0.013930 0.073400
-0.012559 0.014117 0.073400
-0.012577 0.014324 0.073500
-0.012577 0.014511 0.073500
-0.012577 0.014699 0.073500
-0.012594 0.014906 0.073600
-0.012594 0.015094 0.073600
-0.012611 0.015302 0.073700
-0.012611 0.015490 0.073700
-0.012628 0.015699 0.073800
-0.012645 0.015909 0.073900
-0.012662 0.016119 0.074000
-0.012679 0.016330 0.074100
-0.012679 0.016519 0.074100
-0.012696 0.016730 0.074200
-0.012696 0.016919 0.074200
-0.012696 0.017108 0.074200
-0.012696 0.017297 0.074200
-0.012696 0.017487 0.074200
-0.012696 0.017676 0.074200
-0.012696 0.017865 0.074200
-0.012696 0.018054 0.074200
-0.012696 0.018243 0.074200
-0.012696 0.018432 0.074200
-0.012696 0.018622 0.074200
-0.012696 0.018811 0.074200
-0.012696 0.019000 0.074200
-0.012696 0.019189 0.074200
-0.012696 0.019378 0.074200
-0.012696 0.019567 0.074200
-0.012696 0.019756 0.074200
-0.012713 0.019972 0.074300
-0.012731 0.020189 0.074400
-0.012748 0.020406 0.074500
-0.012782 0.020651 0.074700
-0.012816 0.020898 0.074900
-0.012833 0.021117 0.075000
-0.012867 0.021365 0.075200
-0.012902 0.021614 0.075400
-0.012936 0.021864 0.075600
-0.012936 0.022056 0.075600
-0.012953 0.022279 0.075700
-0.012970 0.022501 0.075800
-0.012970 0.022694 0.075800
-0.012987 0.022918 0.075900
-0.013021 0.023172 0.076100
-0.013056 0.023428 0.076300
-0.013107 0.023715 0.076600
-0.013210 0.024098 0.077200
-0.013210 0.024294 0.077200
-0.013261 0.024586 0.077500
-0.013312 0.024880 0.077800
-0.013364 0.025175 0.078100
-0.013398 0.025439 0.078300
-0.013415 0.025671 0.078400
-0.013415 0.025871 0.078400
-0.013432 0.026104 0.078500
-0.013449 0.026338 0.078600
-0.013466 0.026572 0.078700
-0.013466 0.026773 0.078700
-0.013501 0.027042 0.078900
-0.013552 0.027347 0.079200
-0.013603 0.027653 0.079500
-0.013672 0.027996 0.079900
-0.013723 0.028305 0.080200
-0.013791 0.028652 0.080600
-0.013860 0.029001 0.081000
-0.013894 0.029279 0.081200
-0.013945 0.029595 0.081500
-0.013963 0.029839 0.081600
-0.013963 0.030047 0.081600
-0.013980 0.030292 0.081700
-0.013980 0.030501 0.081700
-0.013997 0.030747 0.081800
-0.013997 0.030955 0.081800
-0.014014 0.031202 0.081900
-0.014031 0.031449 0.082000
-0.014031 0.031658 0.082000
-0.014031 0.031867 0.082000
-0.014031 0.032076 0.082000
-0.014136 -0.002605 0.081400
-0.014119 -0.002394 0.081300
-0.014102 -0.002184 0.081200
-0.014084 -0.001975 0.081100
-0.014084 -0.001768 0.081100
-0.014067 -0.001559 0.081000
-0.014032 -0.001350 0.080800
-0.014032 -0.001144 0.080800
-0.013720 -0.000313 0.079000
-0.013650 -0.000111 0.078600
-0.013581 0.000089 0.078200
-0.013546 0.000288 0.078000
-0.013511 0.000485 0.077800
-0.013494 0.000683 0.077700
-0.013459 0.000879 0.077500
-0.013442 0.001075 0.077400
-0.013407 0.001269 0.077200
-0.013390 0.001464 0.077100
-0.013372 0.001658 0.077000
-0.013355 0.001852 0.076900
-0.013337 0.002045 0.076800
-0.013320 0.002238 0.076700
-0.013303 0.002431 0.076600
-0.013303 0.002626 0.076600
-0.013285 0.002817 0.076500
-0.013268 0.003009 0.076400
-0.013268 0.003203 0.076400
-0.013251 0.003394 0.076300
-0.013233 0.003583 0.076200
-0.013233 0.003778 0.076200
-0.013216 0.003967 0.076100
-0.013216 0.004161 0.076100
-0.013199 0.004349 0.076000
-0.013181 0.004537 0.075900
-0.013164 0.004724 0.075800
-0.013146 0.004911 0.075700
-0.013112 0.005090 0.075500
-0.013094 0.005276 0.075400
-0.013077 0.005461 0.075300
-0.013042 0.005638 0.075100
-0.013025 0.005821 0.075000
-0.013008 0.006004 0.074900
-0.012990 0.006187 0.074800
-0.012973 0.006369 0.074700
-0.012955 0.006551 0.074600
-0.012938 0.006732 0.074500
-0.012938 0.006922 0.074500
-0.012921 0.007102 0.074400
-0.012921 0.007292 0.074400
-0.012903 0.007472 0.074300
-0.012903 0.007661 0.074300
-0.012886 0.007840 0.074200
-0.012886 0.008029 0.074200
-0.012886 0.008218 0.074200
-0.012869 0.008396 0.074100
-0.012869 0.008585 0.074100
-0.012869 0.008774 0.074100
-0.012851 0.008951 0.074000
-0.012851 0.009139 0.074000
-0.012851 0.009328 0.074000
-0.012851 0.009517 0.074000
-0.012834 0.009692 0.073900
-0.012834 0.009880 0.073900
-0.012816 0.010055 0.073800
-0.012816 0.010243 0.073800
-0.012799 0.010417 0.073700
-0.012799 0.010605 0.073700
-0.012799 0.010793 0.073700
-0.012782 0.010966 0.073600
-0.012782 0.011154 0.073600
-0.012782 0.011341 0.073600
-0.012782 0.011529 0.073600
-0.012764 0.011701 0.073500
-0.012764 0.011888 0.073500
-0.012764 0.012075 0.073500
-0.012747 0.012246 0.073400
-0.012747 0.012433 0.073400
-0.012747 0.012620 0.073400
-0.012747 0.012807 0.073400
-0.012747 0.012994 0.073400
-0.012747 0.013182 0.073400
-0.012747 0.013369 0.073400
-0.012747 0.013556 0.073400
-0.012747 0.013743 0.073400
-0.012747 0.013930 0.073400
-0.012747 0.014117 0.073400
-0.012747 0.014304 0.073400
-0.012764 0.014511 0.073500
-0.012764 0.014699 0.073500
-0.012764 0.014886 0.073500
-0.012782 0.015094 0.073600
-0.012782 0.015281 0.073600
-0.012799 0.015490 0.073700
-0.012799 0.015678 0.073700
-0.012816 0.015887 0.073800
-0.012834 0.016097 0.073900
-0.012834 0.016286 0.073900
-0.012851 0.016496 0.074000
-0.012869 0.016707 0.074100
-0.012869 0.016896 0.074100
-0.012869 0.017085 0.074100
-0.012886 0.017297 0.074200
-0.012886 0.017487 0.074200
-0.012886 0.017676 0.074200
-0.012886 0.017865 0.074200
-0.012886 0.018054 0.074200
-0.012886 0.018243 0.074200
-0.012886 0.018432 0.074200
-0.012886 0.018622 0.074200
-0.012886 0.018811 0.074200
-0.012886 0.019000 0.074200
-0.012886 0.019189 0.074200
-0.012886 0.019378 0.074200
-0.012886 0.019567 0.074200
-0.012886 0.019756 0.074200
-0.012903 0.019972 0.074300
-0.012921 0.020189 0.074400
-0.012938 0.020406 0.074500
-0.012973 0.020651 0.074700
-0.012990 0.020870 0.074800
-0.013025 0.021117 0.075000
-0.013060 0.021365 0.075200
-0.013094 0.021614 0.075400
-0.013129 0.021864 0.075600
-0.013146 0.022086 0.075700
-0.013146 0.022279 0.075700
-0.013164 0.022501 0.075800
-0.013164 0.022694 0.075800
-0.013181 0.022918 0.075900
-0.013199 0.023142 0.076000
-0.013233 0.023397 0.076200
-0.013268 0.023653 0.076400
-0.013320 0.023942 0.076700
-0.013372 0.024231 0.077000
-0.013442 0.024555 0.077400
-0.013494 0.024848 0.077700
-0.013546 0.025143 0.078000
-0.013581 0.025406 0.078200
-0.013615 0.025671 0.078400
-0.013615 0.025871 0.078400
-0.013633 0.026104 0.078500
-0.013650 0.026338 0.078600
-0.013650 0.026538 0.078600
-0.013667 0.026773 0.078700
-0.013685 0.027008 0.078800
-0.013737 0.027312 0.079100
-0.013789 0.027618 0.079400
-0.013858 0.027961 0.079800
-0.013928 0.028305 0.080200
-0.013980 0.028616 0.080500
-0.014032 0.028929 0.080800
-0.014102 0.029279 0.081200
-0.014136 0.029559 0.081400
-0.014154 0.029803 0.081500
-0.014171 0.030047 0.081600
-0.014188 0.030292 0.081700
-0.014188 0.030501 0.081700
-0.014188 0.030709 0.081700
-0.014206 0.030955 0.081800
-0.014206 0.031164 0.081800
-0.014223 0.031411 0.081900
-0.014223 0.031619 0.081900
-0.014223 0.031828 0.081900
-0.014241 0.032076 0.082000
-0.014327 -0.002602 0.081300
-0.014309 -0.002391 0.081200
-0.014309 -0.002184 0.081200
-0.014291 -0.001975 0.081100
-0.014291 -0.001768 0.081100
-0.014274 -0.001559 0.081000
-0.014239 -0.001350 0.080800
-0.014203 -0.001141 0.080600
-0.014203 -0.000935 0.080600
-0.014203 -0.000730 0.080600
-0.013921 -0.000313 0.079000
-0.013921 -0.000111 0.079000
-0.013763 0.000089 0.078100
-0.013728 0.000287 0.077900
-0.013710 0.000485 0.077800
-0.013692 0.000683 0.077700
-0.013657 0.000879 0.077500
-0.013639 0.001075 0.077400
-0.013604 0.001269 0.077200
-0.013587 0.001464 0.077100
-0.013569 0.001658 0.077000
-0.013551 0.001852 0.076900
-0.013534 0.002045 0.076800
-0.013516 0.002238 0.076700
-0.013498 0.002431 0.076600
-0.013481 0.002622 0.076500
-0.013481 0.002817 0.076500
-0.013463 0.003009 0.076400
-0.013463 0.003203 0.076400
-0.013446 0.003394 0.076300
-0.013428 0.003583 0.076200
-0.013410 0.003773 0.076100
-0.013410 0.003967 0.076100
-0.013393 0.004155 0.076000
-0.013375 0.004343 0.075900
-0.013358 0.004531 0.075800
-0.013340 0.004718 0.075700
-0.013322 0.004904 0.075600
-0.013287 0.005084 0.075400
-0.013269 0.005269 0.075300
-0.013252 0.005453 0.075200
-0.013234 0.005638 0.075100
-0.013199 0.005814 0.074900
-0.013181 0.005996 0.074800
-0.013164 0.006179 0.074700
-0.013146 0.006361 0.074600
-0.013146 0.006551 0.074600
-0.013128 0.006732 0.074500
-0.013128 0.006922 0.074500
-0.013111 0.007102 0.074400
-0.013111 0.007292 0.074400
-0.013093 0.007472 0.074300
-0.013093 0.007661 0.074300
-0.013093 0.007850 0.074300
-0.013093 0.008040 0.074300
-0.013076 0.008218 0.074200
-0.013076 0.008407 0.074200
-0.013076 0.008596 0.074200
-0.013058 0.008774 0.074100
-0.013058 0.008963 0.074100
-0.013040 0.009139 0.074000
-0.013040 0.009328 0.074000
-0.013040 0.009517 0.074000
-0.013023 0.009692 0.073900
-0.013023 0.009880 0.073900
-0.013005 0.010055 0.073800
-0.013005 0.010243 0.073800
-0.012987 0.010417 0.073700
-0.012987 0.010605 0.073700
-0.012987 0.010793 0.073700
-0.012970 0.010966 0.073600
-0.012970 0.011154 0.073600
-0.012970 0.011341 0.073600
-0.012970 0.011529 0.073600
-0.012970 0.011717 0.073600
-0.012952 0.011888 0.073500
-0.012952 0.012075 0.073500
-0.012952 0.012263 0.073500
-0.012952 0.012450 0.073500
-0.012935 0.012620 0.073400
-0.012935 0.012807 0.073400
-0.012935 0.012994 0.073400
-0.012935 0.013182 0.073400
-0.012935 0.013369 0.073400
-0.012935 0.013556 0.073400
-0.012935 0.013743 0.073400
-0.012935 0.013930 0.073400
-0.012935 0.014117 0.073400
-0.012935 0.014304 0.073400
-0.012952 0.014511 0.073500
-0.012952 0.014699 0.073500
-0.012952 0.014886 0.073500
-0.012970 0.015094 0.073600
-0.012970 0.015281 0.073600
-0.012970 0.015469 0.073600
-0.012987 0.015678 0.073700
-0.012987 0.015866 0.073700
-0.013005 0.016075 0.073800
-0.013005 0.016264 0.073800
-0.013023 0.016474 0.073900
-0.013040 0.016685 0.074000
-0.013040 0.016874 0.074000
-0.013058 0.017085 0.074100
-0.013058 0.017274 0.074100
-0.013058 0.017463 0.074100
-0.013058 0.017652 0.074100
-0.013058 0.017841 0.074100
-0.013058 0.018030 0.074100
-0.013076 0.018243 0.074200
-0.013076 0.018432 0.074200
-0.013076 0.018622 0.074200
-0.013076 0.018811 0.074200
-0.013076 0.019000 0.074200
-0.013076 0.019189 0.074200
-0.013076 0.019378 0.074200
-0.013076 0.019567 0.074200
-0.013076 0.019756 0.074200
-0.013093 0.019972 0.074300
-0.013111 0.020189 0.074400
-0.013128 0.020406 0.074500
-0.013164 0.020651 0.074700
-0.013181 0.020870 0.074800
-0.013217 0.021117 0.075000
-0.013252 0.021365 0.075200
-0.013287 0.021614 0.075400
-0.013322 0.021864 0.075600
-0.013322 0.022056 0.075600
-0.013340 0.022279 0.075700
-0.013340 0.022472 0.075700
-0.013358 0.022694 0.075800
-0.013358 0.022888 0.075800
-0.013375 0.023111 0.075900
-0.013410 0.023366 0.076100
-0.013446 0.023622 0.076300
-0.013498 0.023910 0.076600
-0.013551 0.024200 0.076900
-0.013604 0.024491 0.077200
-0.013675 0.024816 0.077600
-0.013728 0.025110 0.077900
-0.013780 0.025406 0.078200
-0.013798 0.025639 0.078300
-0.013816 0.025871 0.078400
-0.013833 0.026104 0.078500
-0.013833 0.026304 0.078500
-0.013851 0.026538 0.078600
-0.013869 0.026773 0.078700
-0.013886 0.027008 0.078800
-0.013921 0.027278 0.079000
-0.013974 0.027583 0.079300
-0.014045 0.027926 0.079700
-0.014098 0.028235 0.080000
-0.014168 0.028581 0.080400
-0.014239 0.028929 0.080800
-0.014291 0.029243 0.081100
-0.014344 0.029559 0.081400
-0.014362 0.029803 0.081500
-0.014380 0.030047 0.081600
-0.014380 0.030255 0.081600
-0.014397 0.030501 0.081700
-0.014397 0.030709 0.081700
-0.014415 0.030955 0.081800
-0.014415 0.031164 0.081800
-0.014432 0.031411 0.081900
-0.014432 0.031619 0.081900
-0.014432 0.031828 0.081900
-0.014432 0.032037 0.081900
-0.014534 -0.002602 0.081300
-0.014517 -0.002391 0.081200
-0.014517 -0.002184 0.081200
-0.014499 -0.001975 0.081100
-0.014499 -0.001768 0.081100
-0.014481 -0.001559 0.081000
-0.014463 -0.001351 0.080900
-0.014409 -0.001141 0.080600
-0.014409 -0.000935 0.080600
-0.014409 -0.000730 0.080600
-0.014123 -0.000313 0.079000
-0.014123 -0.000111 0.079000
-0.013962 0.000089 0.078100
-0.013927 0.000287 0.077900
-0.013909 0.000485 0.077800
-0.013891 0.000683 0.077700
-0.013855 0.000879 0.077500
-0.013837 0.001075 0.077400
-0.013819 0.001271 0.077300
-0.013784 0.001464 0.077100
-0.013766 0.001658 0.077000
-0.013748 0.001852 0.076900
-0.013730 0.002045 0.076800
-0.013712 0.002238 0.076700
-0.013694 0.002431 0.076600
-0.013676 0.002622 0.076500
-0.013658 0.002814 0.076400
-0.013658 0.003009 0.076400
-0.013641 0.003199 0.076300
-0.013623 0.003389 0.076200
-0.013623 0.003583 0.076200
-0.013605 0.003773 0.076100
-0.013587 0.003962 0.076000
-0.013587 0.004155 0.076000
-0.013569 0.004343 0.075900
-0.013551 0.004531 0.075800
-0.013515 0.004712 0.075600
-0.013498 0.004898 0.075500
-0.013462 0.005077 0.075300
-0.013444 0.005262 0.075200
-0.013426 0.005446 0.075100
-0.013408 0.005630 0.075000
-0.013390 0.005814 0.074900
-0.013372 0.005996 0.074800
-0.013355 0.006179 0.074700
-0.013337 0.006361 0.074600
-0.013319 0.006542 0.074500
-0.013319 0.006732 0.074500
-0.013301 0.006913 0.074400
-0.013301 0.007102 0.074400
-0.013301 0.007292 0.074400
-0.013283 0.007472 0.074300
-0.013283 0.007661 0.074300
-0.013283 0.007850 0.074300
-0.013283 0.008040 0.074300
-0.013283 0.008229 0.074300
-0.013265 0.008407 0.074200
-0.013265 0.008596 0.074200
-0.013265 0.008786 0.074200
-0.013247 0.008963 0.074100
-0.013247 0.009152 0.074100
-0.013247 0.009340 0.074100
-0.013229 0.009517 0.074000
-0.013229 0.009705 0.074000
-0.013212 0.009880 0.073900
-0.013212 0.010069 0.073900
-0.013194 0.010243 0.073800
-0.013176 0.010417 0.073700
-0.013176 0.010605 0.073700
-0.013176 0.010793 0.073700
-0.013158 0.010966 0.073600
-0.013158 0.011154 0.073600
-0.013158 0.011341 0.073600
-0.013158 0.011529 0.073600
-0.013158 0.011717 0.073600
-0.013140 0.011888 0.073500
-0.013140 0.012075 0.073500
-0.013140 0.012263 0.073500
-0.013140 0.012450 0.073500
-0.013140 0.012637 0.073500
-0.013140 0.012825 0.073500
-0.013140 0.013012 0.073500
-0.013140 0.013200 0.073500
-0.013140 0.013387 0.073500
-0.013140 0.013574 0.073500
-0.013140 0.013762 0.073500
-0.013140 0.013949 0.073500
-0.013140 0.014136 0.073500
-0.013140 0.014324 0.073500
-0.013140 0.014511 0.073500
-0.013140 0.014699 0.073500
-0.013140 0.014886 0.073500
-0.013158 0.015094 0.073600
-0.013158 0.015281 0.073600
-0.013158 0.015469 0.073600
-0.013176 0.015678 0.073700
-0.013176 0.015866 0.073700
-0.013194 0.016075 0.073800
-0.013194 0.016264 0.073800
-0.013212 0.016474 0.073900
-0.013212 0.016662 0.073900
-0.013229 0.016874 0.074000
-0.013229 0.017062 0.074000
-0.013229 0.017251 0.074000
-0.013247 0.017463 0.074100
-0.013247 0.017652 0.074100
-0.013247 0.017841 0.074100
-0.013247 0.018030 0.074100
-0.013265 0.018243 0.074200
-0.013265 0.018432 0.074200
-0.013265 0.018622 0.074200
-0.013265 0.018811 0.074200
-0.013265 0.019000 0.074200
-0.013265 0.019189 0.074200
-0.013265 0.019378 0.074200
-0.013265 0.019567 0.074200
-0.013265 0.019756 0.074200
-0.013283 0.019972 0.074300
-0.013301 0.020189 0.074400
-0.013319 0.020406 0.074500
-0.013355 0.020651 0.074700
-0.013372 0.020870 0.074800
-0.013408 0.021117 0.075000
-0.013444 0.021365 0.075200
-0.013480 0.021614 0.075400
-0.013515 0.021864 0.075600
-0.013515 0.022056 0.075600
-0.013533 0.022279 0.075700
-0.013533 0.022472 0.075700
-0.013551 0.022694 0.075800
-0.013551 0.022888 0.075800
-0.013569 0.023111 0.075900
-0.013587 0.023336 0.076000
-0.013623 0.023591 0.076200
-0.013676 0.023879 0.076500
-0.013730 0.024169 0.076800
-0.013784 0.024459 0.077100
-0.013837 0.024752 0.077400
-0.013909 0.025078 0.077800
-0.013962 0.025374 0.078100
-0.013998 0.025639 0.078300
-0.014016 0.025871 0.078400
-0.014016 0.026071 0.078400
-0.014034 0.026304 0.078500
-0.014052 0.026538 0.078600
-0.014052 0.026739 0.078600
-0.014070 0.026973 0.078700
-0.014105 0.027243 0.078900
-0.014177 0.027583 0.079300
-0.014231 0.027891 0.079600
-0.014302 0.028235 0.080000
-0.014356 0.028545 0.080300
-0.014427 0.028893 0.080700
-0.014499 0.029243 0.081100
-0.014552 0.029559 0.081400
-0.014570 0.029803 0.081500
-0.014588 0.030047 0.081600
-0.014588 0.030255 0.081600
-0.014606 0.030501 0.081700
-0.014606 0.030709 0.081700
-0.014606 0.030917 0.081700
-0.014624 0.031164 0.081800
-0.014642 0.031411 0.081900
-0.014642 0.031619 0.081900
-0.014642 0.031828 0.081900
-0.014642 0.032037 0.081900
-0.014760 -0.002605 0.081400
-0.014742 -0.002394 0.081300
-0.014724 -0.002184 0.081200
-0.014706 -0.001975 0.081100
-0.014706 -0.001768 0.081100
-0.014688 -0.001559 0.081000
-0.014652 -0.001350 0.080800
-0.014597 -0.001139 0.080500
-0.014597 -0.000934 0.080500
-0.014506 -0.000724 0.080000
-0.014506 -0.000521 0.080000
-0.014325 -0.000313 0.079000
-0.014253 -0.000111 0.078600
-0.014162 0.000089 0.078100
-0.014126 0.000287 0.077900
-0.014108 0.000485 0.077800
-0.014089 0.000683 0.077700
-0.014071 0.000880 0.077600
-0.014035 0.001075 0.077400
-0.014017 0.001271 0.077300
-0.013999 0.001466 0.077200
-0.013962 0.001658 0.077000
-0.013944 0.001852 0.076900
-0.013926 0.002045 0.076800
-0.013908 0.002238 0.076700
-0.013890 0.002431 0.076600
-0.013872 0.002622 0.076500
-0.013854 0.002814 0.076400
-0.013836 0.003005 0.076300
-0.013836 0.003199 0.076300
-0.013817 0.003389 0.076200
-0.013799 0.003579 0.076100
-0.013799 0.003773 0.076100
-0.013781 0.003962 0.076000
-0.013763 0.004150 0.075900
-0.013763 0.004343 0.075900
-0.013727 0.004525 0.075700
-0.013709 0.004712 0.075600
-0.013672 0.004891 0.075400
-0.013654 0.005077 0.075300
-0.013618 0.005255 0.075100
-0.013600 0.005439 0.075000
-0.013582 0.005623 0.074900
-0.013564 0.005806 0.074800
-0.013545 0.005988 0.074700
-0.013527 0.006171 0.074600
-0.013509 0.006352 0.074500
-0.013509 0.006542 0.074500
-0.013509 0.006732 0.074500
-0.013491 0.006913 0.074400
-0.013491 0.007102 0.074400
-0.013473 0.007282 0.074300
-0.013473 0.007472 0.074300
-0.013473 0.007661 0.074300
-0.013473 0.007850 0.074300
-0.013473 0.008040 0.074300
-0.013473 0.008229 0.074300
-0.013455 0.008407 0.074200
-0.013455 0.008596 0.074200
-0.013455 0.008786 0.074200
-0.013455 0.008975 0.074200
-0.013437 0.009152 0.074100
-0.013437 0.009340 0.074100
-0.013437 0.009529 0.074100
-0.013418 0.009705 0.074000
-0.013418 0.009894 0.074000
-0.013400 0.010069 0.073900
-0.013382 0.010243 0.073800
-0.013382 0.010431 0.073800
-0.013364 0.010605 0.073700
-0.013364 0.010793 0.073700
-0.013346 0.010966 0.073600
-0.013346 0.011154 0.073600
-0.013346 0.011341 0.073600
-0.013346 0.011529 0.073600
-0.013346 0.011717 0.073600
-0.013346 0.011904 0.073600
-0.013346 0.012092 0.073600
-0.013328 0.012263 0.073500
-0.013328 0.012450 0.073500
-0.013328 0.012637 0.073500
-0.013328 0.012825 0.073500
-0.013328 0.013012 0.073500
-0.013328 0.013200 0.073500
-0.013346 0.013405 0.073600
-0.013346 0.013593 0.073600
-0.013346 0.013780 0.073600
-0.013346 0.013968 0.073600
-0.013346 0.014156 0.073600
-0.013346 0.014343 0.073600
-0.013346 0.014531 0.073600
-0.013346 0.014719 0.073600
-0.013346 0.014906 0.073600
-0.013346 0.015094 0.073600
-0.013346 0.015281 0.073600
-0.013346 0.015469 0.073600
-0.013346 0.015657 0.073600
-0.013364 0.015866 0.073700
-0.013364 0.016054 0.073700
-0.013382 0.016264 0.073800
-0.013382 0.016452 0.073800
-0.013400 0.016662 0.073900
-0.013400 0.016851 0.073900
-0.013418 0.017062 0.074000
-0.013418 0.017251 0.074000
-0.013437 0.017463 0.074100
-0.013437 0.017652 0.074100
-0.013437 0.017841 0.074100
-0.013437 0.018030 0.074100
-0.013455 0.018243 0.074200
-0.013455 0.018432 0.074200
-0.013455 0.018622 0.074200
-0.013455 0.018811 0.074200
-0.013455 0.019000 0.074200
-0.013455 0.019189 0.074200
-0.013455 0.019378 0.074200
-0.013455 0.019567 0.074200
-0.013455 0.019756 0.074200
-0.013473 0.019972 0.074300
-0.013491 0.020189 0.074400
-0.013509 0.020406 0.074500
-0.013545 0.020651 0.074700
-0.013564 0.020870 0.074800
-0.013600 0.021117 0.075000
-0.013636 0.021365 0.075200
-0.013672 0.021614 0.075400
-0.013709 0.021864 0.075600
-0.013709 0.022056 0.075600
-0.013727 0.022279 0.075700
-0.013727 0.022472 0.075700
-0.013727 0.022665 0.075700
-0.013745 0.022888 0.075800
-0.013763 0.023111 0.075900
-0.013781 0.023336 0.076000
-0.013799 0.023560 0.076100
-0.013854 0.023848 0.076400
-0.013890 0.024106 0.076600
-0.013962 0.024428 0.077000
-0.014017 0.024720 0.077300
-0.014071 0.025014 0.077600
-0.014144 0.025342 0.078000
-0.014180 0.025606 0.078200
-0.014198 0.025838 0.078300
-0.014216 0.026071 0.078400
-0.014216 0.026271 0.078400
-0.014234 0.026505 0.078500
-0.014253 0.026739 0.078600
-0.014271 0.026973 0.078700
-0.014289 0.027208 0.078800
-0.014361 0.027548 0.079200
-0.014416 0.027855 0.079500
-0.014488 0.028199 0.079900
-0.014561 0.028545 0.080300
-0.014615 0.028857 0.080600
-0.014688 0.029207 0.081000
-0.014742 0.029522 0.081300
-0.014778 0.029803 0.081500
-0.014797 0.030047 0.081600
-0.014797 0.030255 0.081600
-0.014815 0.030501 0.081700
-0.014815 0.030709 0.081700
-0.014815 0.030917 0.081700
-0.014833 0.031164 0.081800
-0.014833 0.031372 0.081800
-0.014851 0.031619 0.081900
-0.014851 0.031828 0.081900
-0.014851 0.032037 0.081900
-0.014968 -0.002605 0.081400
-0.014950 -0.002394 0.081300
-0.014950 -0.002187 0.081300
-0.014913 -0.001975 0.081100
-0.014895 -0.001766 0.081000
-0.014876 -0.001558 0.080900
-0.014858 -0.001350 0.080800
-0.014803 -0.001139 0.080500
-0.014803 -0.000934 0.080500
-0.014711 -0.000724 0.080000
-0.014711 -0.000521 0.080000
-0.014453 -0.000111 0.078600
-0.014398 0.000089 0.078300
-0.014343 0.000288 0.078000
-0.014325 0.000486 0.077900
-0.014306 0.000684 0.077800
-0.014270 0.000880 0.077600
-0.014251 0.001076 0.077500
-0.014214 0.001271 0.077300
-0.014196 0.001466 0.077200
-0.014178 0.001660 0.077100
-0.014141 0.001852 0.076900
-0.014122 0.002045 0.076800
-0.014104 0.002238 0.076700
-0.014086 0.002431 0.076600
-0.014067 0.002622 0.076500
-0.014049 0.002814 0.076400
-0.014030 0.003005 0.076300
-0.014012 0.003195 0.076200
-0.013994 0.003385 0.076100
-0.013994 0.003579 0.076100
-0.013975 0.003768 0.076000
-0.013975 0.003962 0.076000
-0.013957 0.004150 0.075900
-0.013920 0.004332 0.075700
-0.013920 0.004525 0.075700
-0.013865 0.004699 0.075400
-0.013847 0.004885 0.075300
-0.013810 0.005063 0.075100
-0.013791 0.005248 0.075000
-0.013773 0.005432 0.074900
-0.013755 0.005615 0.074800
-0.013736 0.005798 0.074700
-0.013718 0.005980 0.074600
-0.013718 0.006171 0.074600
-0.013699 0.006352 0.074500
-0.013699 0.006542 0.074500
-0.013681 0.006723 0.074400
-0.013681 0.006913 0.074400
-0.013663 0.007093 0.074300
-0.013663 0.007282 0.074300
-0.013663 0.007472 0.074300
-0.013663 0.007661 0.074300
-0.013663 0.007850 0.074300
-0.013663 0.008040 0.074300
-0.013644 0.008218 0.074200
-0.013644 0.008407 0.074200
-0.013644 0.008596 0.074200
-0.013644 0.008786 0.074200
-0.013644 0.008975 0.074200
-0.013626 0.009152 0.074100
-0.013626 0.009340 0.074100
-0.013626 0.009529 0.074100
-0.013608 0.009705 0.074000
-0.013608 0.009894 0.074000
-0.013589 0.010069 0.073900
-0.013571 0.010243 0.073800
-0.013571 0.010431 0.073800
-0.013552 0.010605 0.073700
-0.013552 0.010793 0.073700
-0.013534 0.010966 0.073600
-0.013534 0.011154 0.073600
-0.013534 0.011341 0.073600
-0.013534 0.011529 0.073600
-0.013534 0.011717 0.073600
-0.013534 0.011904 0.073600
-0.013534 0.012092 0.073600
-0.013534 0.012279 0.073600
-0.013534 0.012467 0.073600
-0.013534 0.012655 0.073600
-0.013534 0.012842 0.073600
-0.013534 0.013030 0.073600
-0.013534 0.013218 0.073600
-0.013552 0.013423 0.073700
-0.013552 0.013611 0.073700
-0.013552 0.013799 0.073700
-0.013552 0.013987 0.073700
-0.013552 0.014175 0.073700
-0.013552 0.014363 0.073700
-0.013534 0.014531 0.073600
-0.013534 0.014719 0.073600
-0.013534 0.014906 0.073600
-0.013534 0.015094 0.073600
-0.013534 0.015281 0.073600
-0.013534 0.015469 0.073600
-0.013534 0.015657 0.073600
-0.013552 0.015866 0.073700
-0.013552 0.016054 0.073700
-0.013571 0.016264 0.073800
-0.013571 0.016452 0.073800
-0.013589 0.016662 0.073900
-0.013589 0.016851 0.073900
-0.013608 0.017062 0.074000
-0.013608 0.017251 0.074000
-0.013608 0.017439 0.074000
-0.013626 0.017652 0.074100
-0.013626 0.017841 0.074100
-0.013626 0.018030 0.074100
-0.013644 0.018243 0.074200
-0.013644 0.018432 0.074200
-0.013644 0.018622 0.074200
-0.013644 0.018811 0.074200
-0.013644 0.019000 0.074200
-0.013644 0.019189 0.074200
-0.013644 0.019378 0.074200
-0.013644 0.019567 0.074200
-0.013663 0.019783 0.074300
-0.013663 0.019972 0.074300
-0.013681 0.020189 0.074400
-0.013718 0.020433 0.074600
-0.013736 0.020651 0.074700
-0.013773 0.020898 0.074900
-0.013791 0.021117 0.075000
-0.013828 0.021365 0.075200
-0.013865 0.021614 0.075400
-0.013883 0.021835 0.075500
-0.013902 0.022056 0.075600
-0.013902 0.022249 0.075600
-0.013920 0.022472 0.075700
-0.013920 0.022665 0.075700
-0.013939 0.022888 0.075800
-0.013939 0.023081 0.075800
-0.013957 0.023305 0.075900
-0.013994 0.023560 0.076100
-0.014049 0.023848 0.076400
-0.014086 0.024106 0.076600
-0.014159 0.024428 0.077000
-0.014196 0.024688 0.077200
-0.014270 0.025014 0.077600
-0.014325 0.025309 0.077900
-0.014380 0.025606 0.078200
-0.014398 0.025838 0.078300
-0.014398 0.026038 0.078300
-0.014417 0.026271 0.078400
-0.014435 0.026505 0.078500
-0.014435 0.026705 0.078500
-0.014453 0.026939 0.078600
-0.014490 0.027208 0.078800
-0.014564 0.027548 0.079200
-0.014619 0.027855 0.079500
-0.014692 0.028199 0.079900
-0.014748 0.028510 0.080200
-0.014821 0.028857 0.080600
-0.014876 0.029171 0.080900
-0.014950 0.029522 0.081300
-0.014987 0.029803 0.081500
-0.015005 0.030047 0.081600
-0.015005 0.030255 0.081600
-0.015023 0.030501 0.081700
-0.015023 0.030709 0.081700
-0.015042 0.030955 0.081800
-0.015042 0.031164 0.081800
-0.015042 0.031372 0.081800
-0.015060 0.031619 0.081900
-0.015060 0.031828 0.081900
-0.015060 0.032037 0.081900
-0.015214 -0.002611 0.081600
-0.015176 -0.002397 0.081400
-0.015158 -0.002187 0.081300
-0.015120 -0.001975 0.081100
-0.015102 -0.001766 0.081000
-0.015083 -0.001558 0.080900
-0.015027 -0.001346 0.080600
-0.014990 -0.001138 0.080400
-0.014990 -0.000933 0.080400
-0.014897 -0.000724 0.079900
-0.014897 -0.000520 0.079900
-0.014673 -0.000111 0.078700
-0.014598 0.000089 0.078300
-0.014542 0.000288 0.078000
-0.014524 0.000486 0.077900
-0.014505 0.000684 0.077800
-0.014468 0.000880 0.077600
-0.014449 0.001076 0.077500
-0.014431 0.001272 0.077400
-0.014393 0.001466 0.077200
-0.014375 0.001660 0.077100
-0.014356 0.001854 0.077000
-0.014319 0.002045 0.076800
-0.014300 0.002238 0.076700
-0.014281 0.002431 0.076600
-0.014263 0.002622 0.076500
-0.014244 0.002814 0.076400
-0.014225 0.003005 0.076300
-0.014207 0.003195 0.076200
-0.014188 0.003385 0.076100
-0.014170 0.003574 0.076000
-0.014170 0.003768 0.076000
-0.014151 0.003956 0.075900
-0.014114 0.004139 0.075700
-0.014095 0.004326 0.075600
-0.014095 0.004519 0.075600
-0.014039 0.004693 0.075300
-0.014002 0.004872 0.075100
-0.013983 0.005057 0.075000
-0.013946 0.005234 0.074800
-0.013927 0.005417 0.074700
-0.013927 0.005608 0.074700
-0.013909 0.005790 0.074600
-0.013909 0.005980 0.074600
-0.013890 0.006162 0.074500
-0.013890 0.006352 0.074500
-0.013871 0.006533 0.074400
-0.013871 0.006723 0.074400
-0.013853 0.006903 0.074300
-0.013853 0.007093 0.074300
-0.013853 0.007282 0.074300
-0.013853 0.007472 0.074300
-0.013853 0.007661 0.074300
-0.013834 0.007840 0.074200
-0.013834 0.008029 0.074200
-0.013834 0.008218 0.074200
-0.013834 0.008407 0.074200
-0.013834 0.008596 0.074200
-0.013834 0.008786 0.074200
-0.013834 0.008975 0.074200
-0.013815 0.009152 0.074100
-0.013815 0.009340 0.074100
-0.013815 0.009529 0.074100
-0.013797 0.009705 0.074000
-0.013797 0.009894 0.074000
-0.013778 0.010069 0.073900
-0.013759 0.010243 0.073800
-0.013759 0.010431 0.073800
-0.013741 0.010605 0.073700
-0.013741 0.010793 0.073700
-0.013722 0.010966 0.073600
-0.013722 0.011154 0.073600
-0.013722 0.011341 0.073600
-0.013722 0.011529 0.073600
-0.013722 0.011717 0.073600
-0.013722 0.011904 0.073600
-0.013741 0.012108 0.073700
-0.013741 0.012296 0.073700
-0.013741 0.012484 0.073700
-0.013741 0.012672 0.073700
-0.013741 0.012860 0.073700
-0.013741 0.013048 0.073700
-0.013759 0.013253 0.073800
-0.013759 0.013442 0.073800
-0.013759 0.013630 0.073800
-0.013759 0.013818 0.073800
-0.013759 0.014006 0.073800
-0.013741 0.014175 0.073700
-0.013741 0.014363 0.073700
-0.013741 0.014551 0.073700
-0.013741 0.014738 0.073700
-0.013741 0.014926 0.073700
-0.013741 0.015114 0.073700
-0.013741 0.015302 0.073700
-0.013741 0.015490 0.073700
-0.013741 0.015678 0.073700
-0.013741 0.015866 0.073700
-0.013741 0.016054 0.073700
-0.013759 0.016264 0.073800
-0.013759 0.016452 0.073800
-0.013759 0.016640 0.073800
-0.013778 0.016851 0.073900
-0.013778 0.017039 0.073900
-0.013797 0.017251 0.074000
-0.013797 0.017439 0.074000
-0.013815 0.017652 0.074100
-0.013815 0.017841 0.074100
-0.013815 0.018030 0.074100
-0.013834 0.018243 0.074200
-0.013834 0.018432 0.074200
-0.013834 0.018622 0.074200
-0.013834 0.018811 0.074200
-0.013834 0.019000 0.074200
-0.013834 0.019189 0.074200
-0.013853 0.019404 0.074300
-0.013853 0.019594 0.074300
-0.013853 0.019783 0.074300
-0.013871 0.019999 0.074400
-0.013890 0.020216 0.074500
-0.013909 0.020433 0.074600
-0.013927 0.020651 0.074700
-0.013964 0.020898 0.074900
-0.013983 0.021117 0.075000
-0.014020 0.021365 0.075200
-0.014039 0.021585 0.075300
-0.014058 0.021806 0.075400
-0.014076 0.022027 0.075500
-0.014095 0.022249 0.075600
-0.014095 0.022442 0.075600
-0.014114 0.022665 0.075700
-0.014132 0.022888 0.075800
-0.014132 0.023081 0.075800
-0.014151 0.023305 0.075900
-0.014188 0.023560 0.076100
-0.014225 0.023817 0.076300
-0.014281 0.024106 0.076600
-0.014337 0.024396 0.076900
-0.014375 0.024656 0.077100
-0.014431 0.024949 0.077400
-0.014505 0.025277 0.077800
-0.014542 0.025540 0.078000
-0.014580 0.025805 0.078200
-0.014598 0.026038 0.078300
-0.014617 0.026271 0.078400
-0.014617 0.026471 0.078400
-0.014636 0.026705 0.078500
-0.014654 0.026939 0.078600
-0.014692 0.027208 0.078800
-0.014747 0.027514 0.079100
-0.014822 0.027855 0.079500
-0.014878 0.028164 0.079800
-0.014953 0.028510 0.080200
-0.015027 0.028857 0.080600
-0.015083 0.029171 0.080900
-0.015158 0.029522 0.081300
-0.015195 0.029803 0.081500
-0.015214 0.030047 0.081600
-0.015214 0.030255 0.081600
-0.015232 0.030501 0.081700
-0.015232 0.030709 0.081700
-0.015251 0.030955 0.081800
-0.015251 0.031164 0.081800
-0.015270 0.031411 0.081900
-0.015270 0.031619 0.081900
-0.015288 0.031867 0.082000
-0.015288 0.032076 0.082000
-0.015517 -0.003046 0.082100
-0.015517 -0.002836 0.082100
-0.015422 -0.002611 0.081600
-0.015384 -0.002397 0.081400
-0.015365 -0.002187 0.081300
-0.015346 -0.001977 0.081200
-0.015309 -0.001766 0.081000
-0.015271 -0.001556 0.080800
-0.015233 -0.001346 0.080600
-0.015176 -0.001137 0.080300
-0.015176 -0.000932 0.080300
-0.015101 -0.000724 0.079900
-0.015101 -0.000520 0.079900
-0.014893 -0.000111 0.078800
-0.014817 0.000089 0.078400
-0.014761 0.000288 0.078100
-0.014742 0.000487 0.078000
-0.014704 0.000684 0.077800
-0.014685 0.000881 0.077700
-0.014666 0.001078 0.077600
-0.014628 0.001272 0.077400
-0.014609 0.001468 0.077300
-0.014591 0.001662 0.077200
-0.014553 0.001854 0.077000
-0.014534 0.002048 0.076900
-0.014496 0.002238 0.076700
-0.014477 0.002431 0.076600
-0.014458 0.002622 0.076500
-0.014439 0.002814 0.076400
-0.014420 0.003005 0.076300
-0.014402 0.003195 0.076200
-0.014364 0.003380 0.076000
-0.014364 0.003574 0.076000
-0.014345 0.003763 0.075900
-0.014326 0.003951 0.075800
-0.014288 0.004133 0.075600
-0.014250 0.004315 0.075400
-0.014213 0.004495 0.075200
-0.014194 0.004680 0.075100
-0.014156 0.004859 0.074900
-0.014137 0.005043 0.074800
-0.014118 0.005227 0.074700
-0.014099 0.005410 0.074600
-0.014099 0.005600 0.074600
-0.014080 0.005782 0.074500
-0.014080 0.005972 0.074500
-0.014080 0.006162 0.074500
-0.014061 0.006344 0.074400
-0.014061 0.006533 0.074400
-0.014061 0.006723 0.074400
-0.014042 0.006903 0.074300
-0.014042 0.007093 0.074300
-0.014024 0.007272 0.074200
-0.014024 0.007462 0.074200
-0.014024 0.007651 0.074200
-0.014024 0.007840 0.074200
-0.014024 0.008029 0.074200
-0.014024 0.008218 0.074200
-0.014024 0.008407 0.074200
-0.014024 0.008596 0.074200
-0.014005 0.008774 0.074100
-0.014005 0.008963 0.074100
-0.014005 0.009152 0.074100
-0.014005 0.009340 0.074100
-0.014005 0.009529 0.074100
-0.013986 0.009705 0.074000
-0.013967 0.009880 0.073900
-0.013967 0.010069 0.073900
-0.013948 0.010243 0.073800
-0.013948 0.010431 0.073800
-0.013929 0.010605 0.073700
-0.013929 0.010793 0.073700
-0.013910 0.010966 0.073600
-0.013910 0.011154 0.073600
-0.013910 0.011341 0.073600
-0.013910 0.011529 0.073600
-0.013910 0.011717 0.073600
-0.013929 0.011920 0.073700
-0.013929 0.012108 0.073700
-0.013929 0.012296 0.073700
-0.013929 0.012484 0.073700
-0.013929 0.012672 0.073700
-0.013948 0.012877 0.073800
-0.013948 0.013065 0.073800
-0.013948 0.013253 0.073800
-0.013967 0.013460 0.073900
-0.013967 0.013648 0.073900
-0.013967 0.013837 0.073900
-0.013948 0.014006 0.073800
-0.013948 0.014194 0.073800
-0.013948 0.014382 0.073800
-0.013948 0.014570 0.073800
-0.013948 0.014758 0.073800
-0.013929 0.014926 0.073700
-0.013929 0.015114 0.073700
-0.013929 0.015302 0.073700
-0.013929 0.015490 0.073700
-0.013929 0.015678 0.073700
-0.013929 0.015866 0.073700
-0.013929 0.016054 0.073700
-0.013948 0.016264 0.073800
-0.013948 0.016452 0.073800
-0.013948 0.016640 0.073800
-0.013967 0.016851 0.073900
-0.013967 0.017039 0.073900
-0.013986 0.017251 0.074000
-0.013986 0.017439 0.074000
-0.014005 0.017652 0.074100
-0.014005 0.017841 0.074100
-0.014024 0.018054 0.074200
-0.014024 0.018243 0.074200
-0.014024 0.018432 0.074200
-0.014024 0.018622 0.074200
-0.014024 0.018811 0.074200
-0.014042 0.019025 0.074300
-0.014042 0.019215 0.074300
-0.014042 0.019404 0.074300
-0.014042 0.019594 0.074300
-0.014042 0.019783 0.074300
-0.014061 0.019999 0.074400
-0.014080 0.020216 0.074500
-0.014099 0.020433 0.074600
-0.014118 0.020651 0.074700
-0.014156 0.020898 0.074900
-0.014175 0.021117 0.075000
-0.014213 0.021365 0.075200
-0.014231 0.021585 0.075300
-0.014250 0.021806 0.075400
-0.014269 0.022027 0.075500
-0.014288 0.022249 0.075600
-0.014288 0.022442 0.075600
-0.014307 0.022665 0.075700
-0.014307 0.022857 0.075700
-0.014326 0.023081 0.075800
-0.014345 0.023305 0.075900
-0.014383 0.023560 0.076100
-0.014402 0.023785 0.076200
-0.014458 0.024074 0.076500
-0.014515 0.024364 0.076800
-0.014553 0.024624 0.077000
-0.014628 0.024949 0.077400
-0.014666 0.025212 0.077600
-0.014723 0.025508 0.077900
-0.014742 0.025739 0.078000
-0.014780 0.026005 0.078200
-0.014798 0.026237 0.078300
-0.014798 0.026437 0.078300
-0.014836 0.026705 0.078500
-0.014855 0.026939 0.078600
-0.014893 0.027208 0.078800
-0.014950 0.027514 0.079100
-0.015006 0.027820 0.079400
-0.015082 0.028164 0.079800
-0.015139 0.028474 0.080100
-0.015214 0.028821 0.080500
-0.015271 0.029135 0.080800
-0.015346 0.029486 0.081200
-0.015403 0.029803 0.081500
-0.015422 0.030047 0.081600
-0.015441 0.030292 0.081700
-0.015441 0.030501 0.081700
-0.015460 0.030747 0.081800
-0.015460 0.030955 0.081800
-0.015479 0.031202 0.081900
-0.015479 0.031411 0.081900
-0.015498 0.031658 0.082000
-0.015498 0.031867 0.082000
-0.015726 -0.003046 0.082100
-0.015707 -0.002833 0.082000
-0.015650 -0.002614 0.081700
-0.015611 -0.002400 0.081500
-0.015592 -0.002190 0.081400
-0.015535 -0.001975 0.081100
-0.015516 -0.001766 0.081000
-0.015477 -0.001556 0.080800
-0.015439 -0.001346 0.080600
-0.015362 -0.001135 0.080200
-0.015362 -0.000931 0.080200
-0.015305 -0.000724 0.079900
-0.015247 -0.000518 0.079600
-0.015190 -0.000314 0.079300
-0.015113 -0.000111 0.078900
-0.015037 0.000090 0.078500
-0.014979 0.000289 0.078200
-0.014960 0.000487 0.078100
-0.014922 0.000685 0.077900
-0.014884 0.000881 0.077700
-0.014864 0.001078 0.077600
-0.014845 0.001274 0.077500
-0.014807 0.001468 0.077300
-0.014788 0.001662 0.077200
-0.014769 0.001857 0.077100
-0.014730 0.002048 0.076900
-0.014711 0.002241 0.076800
-0.014673 0.002431 0.076600
-0.014654 0.002622 0.076500
-0.014635 0.002814 0.076400
-0.014615 0.003005 0.076300
-0.014596 0.003195 0.076200
-0.014558 0.003380 0.076000
-0.014539 0.003569 0.075900
-0.014520 0.003758 0.075800
-0.014500 0.003946 0.075700
-0.014443 0.004122 0.075400
-0.014443 0.004315 0.075400
-0.014405 0.004495 0.075200
-0.014347 0.004668 0.074900
-0.014309 0.004846 0.074700
-0.014290 0.005030 0.074600
-0.014271 0.005213 0.074500
-0.014271 0.005403 0.074500
-0.014251 0.005585 0.074400
-0.014251 0.005775 0.074400
-0.014251 0.005964 0.074400
-0.014251 0.006154 0.074400
-0.014251 0.006344 0.074400
-0.014251 0.006533 0.074400
-0.014232 0.006714 0.074300
-0.014232 0.006903 0.074300
-0.014232 0.007093 0.074300
-0.014213 0.007272 0.074200
-0.014213 0.007462 0.074200
-0.014213 0.007651 0.074200
-0.014213 0.007840 0.074200
-0.014213 0.008029 0.074200
-0.014194 0.008207 0.074100
-0.014194 0.008396 0.074100
-0.014194 0.008585 0.074100
-0.014194 0.008774 0.074100
-0.014175 0.008951 0.074000
-0.014175 0.009139 0.074000
-0.014175 0.009328 0.074000
-0.014175 0.009517 0.074000
-0.014156 0.009692 0.073900
-0.014156 0.009880 0.073900
-0.014136 0.010055 0.073800
-0.014117 0.010229 0.073700
-0.014117 0.010417 0.073700
-0.014098 0.010591 0.073600
-0.014098 0.010778 0.073600
-0.014098 0.010966 0.073600
-0.014098 0.011154 0.073600
-0.014098 0.011341 0.073600
-0.014098 0.011529 0.073600
-0.014098 0.011717 0.073600
-0.014098 0.011904 0.073600
-0.014117 0.012108 0.073700
-0.014117 0.012296 0.073700
-0.014117 0.012484 0.073700
-0.014136 0.012689 0.073800
-0.014136 0.012877 0.073800
-0.014156 0.013083 0.073900
-0.014156 0.013271 0.073900
-0.014156 0.013460 0.073900
-0.014156 0.013648 0.073900
-0.014156 0.013837 0.073900
-0.014156 0.014025 0.073900
-0.014156 0.014213 0.073900
-0.014136 0.014382 0.073800
-0.014136 0.014570 0.073800
-0.014136 0.014758 0.073800
-0.014136 0.014947 0.073800
-0.014136 0.015135 0.073800
-0.014136 0.015323 0.073800
-0.014117 0.015490 0.073700
-0.014117 0.015678 0.073700
-0.014136 0.015887 0.073800
-0.014136 0.016075 0.073800
-0.014136 0.016264 0.073800
-0.014136 0.016452 0.073800
-0.014156 0.016662 0.073900
-0.014156 0.016851 0.073900
-0.014175 0.017062 0.074000
-0.014175 0.017251 0.074000
-0.014194 0.017463 0.074100
-0.014194 0.017652 0.074100
-0.014213 0.017865 0.074200
-0.014213 0.018054 0.074200
-0.014213 0.018243 0.074200
-0.014213 0.018432 0.074200
-0.014232 0.018647 0.074300
-0.014232 0.018836 0.074300
-0.014232 0.019025 0.074300
-0.014232 0.019215 0.074300
-0.014232 0.019404 0.074300
-0.014232 0.019594 0.074300
-0.014251 0.019810 0.074400
-0.014271 0.020026 0.074500
-0.014290 0.020243 0.074600
-0.014309 0.020461 0.074700
-0.014328 0.020679 0.074800
-0.014347 0.020898 0.074900
-0.014366 0.021117 0.075000
-0.014405 0.021365 0.075200
-0.014424 0.021585 0.075300
-0.014443 0.021806 0.075400
-0.014462 0.022027 0.075500
-0.014481 0.022249 0.075600
-0.014481 0.022442 0.075600
-0.014500 0.022665 0.075700
-0.014500 0.022857 0.075700
-0.014520 0.023081 0.075800
-0.014539 0.023305 0.075900
-0.014577 0.023560 0.076100
-0.014596 0.023785 0.076200
-0.014654 0.024074 0.076500
-0.014692 0.024333 0.076700
-0.014749 0.024624 0.077000
-0.014807 0.024917 0.077300
-0.014845 0.025179 0.077500
-0.014884 0.025442 0.077700
-0.014922 0.025706 0.077900
-0.014960 0.025971 0.078100
-0.014979 0.026204 0.078200
-0.014998 0.026437 0.078300
-0.015018 0.026671 0.078400
-0.015037 0.026905 0.078500
-0.015075 0.027174 0.078700
-0.015133 0.027479 0.079000
-0.015190 0.027785 0.079300
-0.015267 0.028129 0.079700
-0.015324 0.028439 0.080000
-0.015382 0.028750 0.080300
-0.015439 0.029063 0.080600
-0.015516 0.029413 0.081000
-0.015592 0.029766 0.081400
-0.015611 0.030011 0.081500
-0.015631 0.030255 0.081600
-0.015650 0.030501 0.081700
-0.015669 0.030747 0.081800
-0.015688 0.030993 0.081900
-0.015688 0.031202 0.081900
-0.015688 0.031411 0.081900
-0.015707 0.031658 0.082000
-0.015707 0.031867 0.082000
-0.016286 -0.003754 0.083900
-0.016286 -0.003540 0.083900
-0.015956 -0.003049 0.082200
-0.015917 -0.002833 0.082000
-0.015878 -0.002618 0.081800
-0.015820 -0.002400 0.081500
-0.015800 -0.002190 0.081400
-0.015742 -0.001975 0.081100
-0.015723 -0.001766 0.081000
-0.015684 -0.001556 0.080800
-0.015626 -0.001345 0.080500
-0.015567 -0.001135 0.080200
-0.015567 -0.000931 0.080200
-0.015509 -0.000724 0.079900
-0.015451 -0.000518 0.079600
-0.015393 -0.000314 0.079300
-0.015315 -0.000111 0.078900
-0.015257 0.000090 0.078600
-0.015199 0.000289 0.078300
-0.015160 0.000487 0.078100
-0.015140 0.000686 0.078000
-0.015101 0.000882 0.077800
-0.015082 0.001079 0.077700
-0.015063 0.001275 0.077600
-0.015024 0.001469 0.077400
-0.015004 0.001665 0.077300
-0.014985 0.001859 0.077200
-0.014946 0.002051 0.077000
-0.014927 0.002244 0.076900
-0.014888 0.002434 0.076700
-0.014849 0.002622 0.076500
-0.014830 0.002814 0.076400
-0.014810 0.003005 0.076300
-0.014791 0.003195 0.076200
-0.014752 0.003380 0.076000
-0.014733 0.003569 0.075900
-0.014694 0.003753 0.075700
-0.014655 0.003935 0.075500
-0.014616 0.004117 0.075300
-0.014577 0.004297 0.075100
-0.014539 0.004477 0.074900
-0.014519 0.004662 0.074800
-0.014480 0.004839 0.074600
-0.014461 0.005023 0.074500
-0.014461 0.005213 0.074500
-0.014442 0.005395 0.074400
-0.014442 0.005585 0.074400
-0.014442 0.005775 0.074400
-0.014442 0.005964 0.074400
-0.014442 0.006154 0.074400
-0.014442 0.006344 0.074400
-0.014442 0.006533 0.074400
-0.014422 0.006714 0.074300
-0.014422 0.006903 0.074300
-0.014403 0.007083 0.074200
-0.014403 0.007272 0.074200
-0.014403 0.007462 0.074200
-0.014403 0.007651 0.074200
-0.014383 0.007829 0.074100
-0.014383 0.008018 0.074100
-0.014383 0.008207 0.074100
-0.014364 0.008385 0.074000
-0.014364 0.008573 0.074000
-0.014364 0.008762 0.074000
-0.014364 0.008951 0.074000
-0.014344 0.009127 0.073900
-0.014344 0.009315 0.073900
-0.014344 0.009504 0.073900
-0.014325 0.009679 0.073800
-0.014325 0.009867 0.073800
-0.014306 0.010042 0.073700
-0.014306 0.010229 0.073700
-0.014286 0.010403 0.073600
-0.014286 0.010591 0.073600
-0.014267 0.010764 0.073500
-0.014267 0.010951 0.073500
-0.014267 0.011139 0.073500
-0.014267 0.011326 0.073500
-0.014267 0.011513 0.073500
-0.014267 0.011701 0.073500
-0.014286 0.011904 0.073600
-0.014286 0.012092 0.073600
-0.014306 0.012296 0.073700
-0.014306 0.012484 0.073700
-0.014325 0.012689 0.073800
-0.014325 0.012877 0.073800
-0.014344 0.013083 0.073900
-0.014344 0.013271 0.073900
-0.014344 0.013460 0.073900
-0.014344 0.013648 0.073900
-0.014344 0.013837 0.073900
-0.014344 0.014025 0.073900
-0.014344 0.014213 0.073900
-0.014325 0.014382 0.073800
-0.014325 0.014570 0.073800
-0.014325 0.014758 0.073800
-0.014325 0.014947 0.073800
-0.014325 0.015135 0.073800
-0.014325 0.015323 0.073800
-0.014325 0.015511 0.073800
-0.014325 0.015699 0.073800
-0.014325 0.015887 0.073800
-0.014325 0.016075 0.073800
-0.014325 0.016264 0.073800
-0.014344 0.016474 0.073900
-0.014344 0.016662 0.073900
-0.014364 0.016874 0.074000
-0.014364 0.017062 0.074000
-0.014364 0.017251 0.074000
-0.014383 0.017463 0.074100
-0.014383 0.017652 0.074100
-0.014403 0.017865 0.074200
-0.014403 0.018054 0.074200
-0.014403 0.018243 0.074200
-0.014422 0.018457 0.074300
-0.014422 0.018647 0.074300
-0.014422 0.018836 0.074300
-0.014422 0.019025 0.074300
-0.014422 0.019215 0.074300
-0.014442 0.019430 0.074400
-0.014442 0.019620 0.074400
-0.014442 0.019810 0.074400
-0.014461 0.020026 0.074500
-0.014480 0.020243 0.074600
-0.014500 0.020461 0.074700
-0.014519 0.020679 0.074800
-0.014539 0.020898 0.074900
-0.014558 0.021117 0.075000
-0.014597 0.021365 0.075200
-0.014616 0.021585 0.075300
-0.014636 0.021806 0.075400
-0.014655 0.022027 0.075500
-0.014655 0.022220 0.075500
-0.014674 0.022442 0.075600
-0.014694 0.022665 0.075700
-0.014694 0.022857 0.075700
-0.014713 0.023081 0.075800
-0.014733 0.023305 0.075900
-0.014772 0.023560 0.076100
-0.014791 0.023785 0.076200
-0.014830 0.024043 0.076400
-0.014888 0.024333 0.076700
-0.014927 0.024592 0.076900
-0.014985 0.024885 0.077200
-0.015024 0.025147 0.077400
-0.015063 0.025409 0.077600
-0.015101 0.025673 0.077800
-0.015140 0.025938 0.078000
-0.015160 0.026170 0.078100
-0.015179 0.026403 0.078200
-0.015218 0.026671 0.078400
-0.015237 0.026905 0.078500
-0.015276 0.027174 0.078700
-0.015334 0.027479 0.079000
-0.015393 0.027785 0.079300
-0.015451 0.028093 0.079600
-0.015509 0.028403 0.079900
-0.015567 0.028714 0.080200
-0.015626 0.029027 0.080500
-0.015703 0.029377 0.080900
-0.015781 0.029730 0.081300
-0.015800 0.029974 0.081400
-0.015839 0.030255 0.081600
-0.015859 0.030501 0.081700
-0.015878 0.030747 0.081800
-0.015897 0.030993 0.081900
-0.015897 0.031202 0.081900
-0.015917 0.031449 0.082000
-0.015917 0.031658 0.082000
-0.015936 0.031906 0.082100
-0.016500 -0.003754 0.083900
-0.016500 -0.003540 0.083900
-0.016185 -0.003053 0.082300
-0.016146 -0.002836 0.082100
-0.016107 -0.002621 0.081900
-0.016048 -0.002403 0.081600
-0.016008 -0.002190 0.081400
-0.015969 -0.001977 0.081200
-0.015930 -0.001766 0.081000
-0.015890 -0.001556 0.080800
-0.015831 -0.001345 0.080500
-0.015772 -0.001135 0.080200
-0.015772 -0.000931 0.080200
-0.015713 -0.000724 0.079900
-0.015654 -0.000518 0.079600
-0.015595 -0.000314 0.079300
-0.015536 -0.000111 0.079000
-0.015477 0.000090 0.078700
-0.015418 0.000289 0.078400
-0.015379 0.000488 0.078200
-0.015359 0.000686 0.078100
-0.015320 0.000883 0.077900
-0.015300 0.001080 0.077800
-0.015281 0.001277 0.077700
-0.015261 0.001473 0.077600
-0.015222 0.001667 0.077400
-0.015202 0.001862 0.077300
-0.015163 0.002053 0.077100
-0.015123 0.002244 0.076900
-0.015104 0.002437 0.076800
-0.015064 0.002626 0.076600
-0.015045 0.002817 0.076500
-0.015005 0.003005 0.076300
-0.014986 0.003195 0.076200
-0.014946 0.003380 0.076000
-0.014907 0.003565 0.075800
-0.014868 0.003748 0.075600
-0.014828 0.003930 0.075400
-0.014789 0.004112 0.075200
-0.014750 0.004292 0.075000
-0.014730 0.004477 0.074900
-0.014710 0.004662 0.074800
-0.014671 0.004839 0.074600
-0.014651 0.005023 0.074500
-0.014632 0.005206 0.074400
-0.014632 0.005395 0.074400
-0.014632 0.005585 0.074400
-0.014632 0.005775 0.074400
-0.014632 0.005964 0.074400
-0.014632 0.006154 0.074400
-0.014632 0.006344 0.074400
-0.014632 0.006533 0.074400
-0.014612 0.006714 0.074300
-0.014612 0.006903 0.074300
-0.014592 0.007083 0.074200
-0.014592 0.007272 0.074200
-0.014592 0.007462 0.074200
-0.014573 0.007640 0.074100
-0.014573 0.007829 0.074100
-0.014553 0.008007 0.074000
-0.014553 0.008196 0.074000
-0.014553 0.008385 0.074000
-0.014533 0.008562 0.073900
-0.014533 0.008750 0.073900
-0.014533 0.008938 0.073900
-0.014514 0.009115 0.073800
-0.014514 0.009303 0.073800
-0.014514 0.009491 0.073800
-0.014494 0.009666 0.073700
-0.014494 0.009854 0.073700
-0.014474 0.010028 0.073600
-0.014474 0.010216 0.073600
-0.014455 0.010389 0.073500
-0.014455 0.010576 0.073500
-0.014455 0.010764 0.073500
-0.014455 0.010951 0.073500
-0.014435 0.011123 0.073400
-0.014435 0.011310 0.073400
-0.014455 0.011513 0.073500
-0.014455 0.011701 0.073500
-0.014474 0.011904 0.073600
-0.014474 0.012092 0.073600
-0.014494 0.012296 0.073700
-0.014494 0.012484 0.073700
-0.014514 0.012689 0.073800
-0.014514 0.012877 0.073800
-0.014533 0.013083 0.073900
-0.014533 0.013271 0.073900
-0.014533 0.013460 0.073900
-0.014533 0.013648 0.073900
-0.014533 0.013837 0.073900
-0.014533 0.014025 0.073900
-0.014533 0.014213 0.073900
-0.014533 0.014402 0.073900
-0.014533 0.014590 0.073900
-0.014514 0.014758 0.073800
-0.014514 0.014947 0.073800
-0.014514 0.015135 0.073800
-0.014514 0.015323 0.073800
-0.014514 0.015511 0.073800
-0.014514 0.015699 0.073800
-0.014514 0.015887 0.073800
-0.014514 0.016075 0.073800
-0.014533 0.016286 0.073900
-0.014533 0.016474 0.073900
-0.014533 0.016662 0.073900
-0.014553 0.016874 0.074000
-0.014553 0.017062 0.074000
-0.014573 0.017274 0.074100
-0.014573 0.017463 0.074100
-0.014592 0.017676 0.074200
-0.014592 0.017865 0.074200
-0.014592 0.018054 0.074200
-0.014592 0.018243 0.074200
-0.014612 0.018457 0.074300
-0.014612 0.018647 0.074300
-0.014612 0.018836 0.074300
-0.014612 0.019025 0.074300
-0.014632 0.019241 0.074400
-0.014632 0.019430 0.074400
-0.014632 0.019620 0.074400
-0.014632 0.019810 0.074400
-0.014651 0.020026 0.074500
-0.014671 0.020243 0.074600
-0.014691 0.020461 0.074700
-0.014710 0.020679 0.074800
-0.014730 0.020898 0.074900
-0.014750 0.021117 0.075000
-0.014769 0.021336 0.075100
-0.014809 0.021585 0.075300
-0.014828 0.021806 0.075400
-0.014828 0.021998 0.075400
-0.014848 0.022220 0.075500
-0.014868 0.022442 0.075600
-0.014887 0.022665 0.075700
-0.014887 0.022857 0.075700
-0.014907 0.023081 0.075800
-0.014927 0.023305 0.075900
-0.014966 0.023560 0.076100
-0.014986 0.023785 0.076200
-0.015025 0.024043 0.076400
-0.015064 0.024301 0.076600
-0.015123 0.024592 0.076900
-0.015163 0.024853 0.077100
-0.015202 0.025114 0.077300
-0.015241 0.025377 0.077500
-0.015281 0.025640 0.077700
-0.015320 0.025905 0.077900
-0.015340 0.026137 0.078000
-0.015379 0.026403 0.078200
-0.015399 0.026637 0.078300
-0.015438 0.026905 0.078500
-0.015477 0.027174 0.078700
-0.015536 0.027479 0.079000
-0.015595 0.027785 0.079300
-0.015635 0.028058 0.079500
-0.015694 0.028367 0.079800
-0.015753 0.028678 0.080100
-0.015812 0.028991 0.080400
-0.015871 0.029305 0.080700
-0.015930 0.029620 0.081000
-0.015989 0.029937 0.081300
-0.016008 0.030181 0.081400
-0.016048 0.030463 0.081600
-0.016087 0.030747 0.081800
-0.016107 0.030993 0.081900
-0.016107 0.031202 0.081900
-0.016126 0.031449 0.082000
-0.016126 0.031658 0.082000
-0.016146 0.031906 0.082100
-0.016953 -0.004025 0.085100
-0.016953 -0.003808 0.085100
-0.016495 -0.003494 0.082800
-0.016495 -0.003283 0.082800
-0.016415 -0.003057 0.082400
-0.016376 -0.002840 0.082200
-0.016336 -0.002624 0.082000
-0.016276 -0.002406 0.081700
-0.016276 -0.002198 0.081700
-0.016097 -0.001556 0.080800
-0.016037 -0.001345 0.080500
-0.015977 -0.001135 0.080200
-0.015977 -0.000931 0.080200
-0.015917 -0.000724 0.079900
-0.015878 -0.000519 0.079700
-0.015818 -0.000314 0.079400
-0.015758 -0.000111 0.079100
-0.015698 0.000090 0.078800
-0.015639 0.000290 0.078500
-0.015599 0.000489 0.078300
-0.015579 0.000687 0.078200
-0.015539 0.000884 0.078000
-0.015519 0.001082 0.077900
-0.015499 0.001279 0.077800
-0.015479 0.001475 0.077700
-0.015459 0.001671 0.077600
-0.015419 0.001864 0.077400
-0.015380 0.002056 0.077200
-0.015340 0.002247 0.077000
-0.015320 0.002440 0.076900
-0.015280 0.002629 0.076700
-0.015240 0.002817 0.076500
-0.015200 0.003005 0.076300
-0.015160 0.003191 0.076100
-0.015121 0.003376 0.075900
-0.015101 0.003565 0.075800
-0.015061 0.003748 0.075600
-0.015021 0.003930 0.075400
-0.014981 0.004112 0.075200
-0.014941 0.004292 0.075000
-0.014921 0.004477 0.074900
-0.014901 0.004662 0.074800
-0.014862 0.004839 0.074600
-0.014842 0.005023 0.074500
-0.014822 0.005206 0.074400
-0.014822 0.005395 0.074400
-0.014822 0.005585 0.074400
-0.014822 0.005775 0.074400
-0.014822 0.005964 0.074400
-0.014822 0.006154 0.074400
-0.014822 0.006344 0.074400
-0.014822 0.006533 0.074400
-0.014822 0.006723 0.074400
-0.014802 0.006903 0.074300
-0.014802 0.007093 0.074300
-0.014782 0.007272 0.074200
-0.014782 0.007462 0.074200
-0.014762 0.007640 0.074100
-0.014762 0.007829 0.074100
-0.014742 0.008007 0.074000
-0.014722 0.008185 0.073900
-0.014722 0.008373 0.073900
-0.014722 0.008562 0.073900
-0.014702 0.008738 0.073800
-0.014702 0.008926 0.073800
-0.014682 0.009102 0.073700
-0.014682 0.009290 0.073700
-0.014682 0.009478 0.073700
-0.014662 0.009653 0.073600
-0.014662 0.009840 0.073600
-0.014642 0.010014 0.073500
-0.014642 0.010202 0.073500
-0.014623 0.010375 0.073400
-0.014623 0.010562 0.073400
-0.014623 0.010749 0.073400
-0.014623 0.010936 0.073400
-0.014623 0.011123 0.073400
-0.014623 0.011310 0.073400
-0.014623 0.011498 0.073400
-0.014623 0.011685 0.073400
-0.014642 0.011888 0.073500
-0.014642 0.012075 0.073500
-0.014662 0.012279 0.073600
-0.014682 0.012484 0.073700
-0.014682 0.012672 0.073700
-0.014702 0.012877 0.073800
-0.014702 0.013065 0.073800
-0.014722 0.013271 0.073900
-0.014722 0.013460 0.073900
-0.014722 0.013648 0.073900
-0.014722 0.013837 0.073900
-0.014722 0.014025 0.073900
-0.014722 0.014213 0.073900
-0.014722 0.014402 0.073900
-0.014722 0.014590 0.073900
-0.014722 0.014778 0.073900
-0.014702 0.014947 0.073800
-0.014702 0.015135 0.073800
-0.014702 0.015323 0.073800
-0.014702 0.015511 0.073800
-0.014702 0.015699 0.073800
-0.014702 0.015887 0.073800
-0.014722 0.016097 0.073900
-0.014722 0.016286 0.073900
-0.014722 0.016474 0.073900
-0.014742 0.016685 0.074000
-0.014742 0.016874 0.074000
-0.014762 0.017085 0.074100
-0.014762 0.017274 0.074100
-0.014762 0.017463 0.074100
-0.014782 0.017676 0.074200
-0.014782 0.017865 0.074200
-0.014782 0.018054 0.074200
-0.014802 0.018268 0.074300
-0.014802 0.018457 0.074300
-0.014802 0.018647 0.074300
-0.014802 0.018836 0.074300
-0.014802 0.019025 0.074300
-0.014822 0.019241 0.074400
-0.014822 0.019430 0.074400
-0.014822 0.019620 0.074400
-0.014822 0.019810 0.074400
-0.014842 0.020026 0.074500
-0.014862 0.020243 0.074600
-0.014882 0.020461 0.074700
-0.014901 0.020679 0.074800
-0.014921 0.020898 0.074900
-0.014941 0.021117 0.075000
-0.014961 0.021336 0.075100
-0.015001 0.021585 0.075300
-0.015021 0.021806 0.075400
-0.015021 0.021998 0.075400
-0.015041 0.022220 0.075500
-0.015061 0.022442 0.075600
-0.015081 0.022665 0.075700
-0.015101 0.022888 0.075800
-0.015101 0.023081 0.075800
-0.015140 0.023336 0.076000
-0.015160 0.023560 0.076100
-0.015180 0.023785 0.076200
-0.015220 0.024043 0.076400
-0.015260 0.024301 0.076600
-0.015300 0.024560 0.076800
-0.015340 0.024820 0.077000
-0.015380 0.025082 0.077200
-0.015419 0.025344 0.077400
-0.015459 0.025607 0.077600
-0.015499 0.025872 0.077800
-0.015519 0.026103 0.077900
-0.015559 0.026369 0.078100
-0.015599 0.026637 0.078300
-0.015639 0.026905 0.078500
-0.015678 0.027174 0.078700
-0.015738 0.027479 0.079000
-0.015798 0.027785 0.079300
-0.015838 0.028058 0.079500
-0.015878 0.028332 0.079700
-0.015917 0.028607 0.079900
-0.016017 0.028991 0.080400
-0.016037 0.029232 0.080500
-0.016097 0.029547 0.080800
-0.016156 0.029863 0.081100
-0.016196 0.030144 0.081300
-0.016216 0.030389 0.081400
-0.016256 0.030671 0.081600
-0.016276 0.030917 0.081700
-0.016296 0.031164 0.081800
-0.016336 0.031449 0.082000
-0.016336 0.031658 0.082000
-0.016356 0.031906 0.082100
-0.017171 -0.004025 0.085100
-0.017171 -0.003808 0.085100
-0.016687 -0.003490 0.082700
-0.016687 -0.003279 0.082700
-0.016586 -0.002840 0.082200
-0.016545 -0.002624 0.082000
-0.016505 -0.002409 0.081800
-0.016465 -0.002195 0.081600
-0.016424 -0.001982 0.081400
-0.016364 -0.001768 0.081100
-0.016303 -0.001556 0.080800
-0.016243 -0.001345 0.080500
-0.016202 -0.001137 0.080300
-0.016202 -0.000932 0.080300
-0.016142 -0.000724 0.080000
-0.016081 -0.000519 0.079700
-0.016021 -0.000314 0.079400
-0.015960 -0.000111 0.079100
-0.015920 0.000090 0.078900
-0.015859 0.000290 0.078600
-0.015839 0.000490 0.078500
-0.015799 0.000688 0.078300
-0.015779 0.000887 0.078200
-0.015738 0.001083 0.078000
-0.015718 0.001280 0.077900
-0.015698 0.001477 0.077800
-0.015678 0.001673 0.077700
-0.015637 0.001866 0.077500
-0.015597 0.002059 0.077300
-0.015557 0.002250 0.077100
-0.015516 0.002440 0.076900
-0.015476 0.002629 0.076700
-0.015436 0.002817 0.076500
-0.015415 0.003009 0.076400
-0.015355 0.003191 0.076100
-0.015315 0.003376 0.075900
-0.015294 0.003565 0.075800
-0.015294 0.003758 0.075800
-0.015173 0.004112 0.075200
-0.015133 0.004292 0.075000
-0.015113 0.004477 0.074900
-0.015093 0.004662 0.074800
-0.015052 0.004839 0.074600
-0.015032 0.005023 0.074500
-0.015032 0.005213 0.074500
-0.015032 0.005403 0.074500
-0.015032 0.005593 0.074500
-0.015032 0.005782 0.074500
-0.015032 0.005972 0.074500
-0.015012 0.006154 0.074400
-0.015012 0.006344 0.074400
-0.015012 0.006533 0.074400
-0.015012 0.006723 0.074400
-0.014992 0.006903 0.074300
-0.014992 0.007093 0.074300
-0.014971 0.007272 0.074200
-0.014971 0.007462 0.074200
-0.014951 0.007640 0.074100
-0.014951 0.007829 0.074100
-0.014931 0.008007 0.074000
-0.014911 0.008185 0.073900
-0.014891 0.008362 0.073800
-0.014891 0.008550 0.073800
-0.014871 0.008726 0.073700
-0.014871 0.008914 0.073700
-0.014850 0.009090 0.073600
-0.014850 0.009277 0.073600
-0.014850 0.009465 0.073600
-0.014830 0.009640 0.073500
-0.014830 0.009827 0.073500
-0.014810 0.010001 0.073400
-0.014810 0.010188 0.073400
-0.014790 0.010361 0.073300
-0.014790 0.010548 0.073300
-0.014790 0.010735 0.073300
-0.014790 0.010921 0.073300
-0.014790 0.011108 0.073300
-0.014790 0.011295 0.073300
-0.014790 0.011482 0.073300
-0.014810 0.011685 0.073400
-0.014830 0.011888 0.073500
-0.014830 0.012075 0.073500
-0.014830 0.012263 0.073500
-0.014850 0.012467 0.073600
-0.014871 0.012672 0.073700
-0.014871 0.012860 0.073700
-0.014891 0.013065 0.073800
-0.014891 0.013253 0.073800
-0.014891 0.013442 0.073800
-0.014891 0.013630 0.073800
-0.014891 0.013818 0.073800
-0.014891 0.014006 0.073800
-0.014891 0.014194 0.073800
-0.014891 0.014382 0.073800
-0.014891 0.014570 0.073800
-0.014891 0.014758 0.073800
-0.014891 0.014947 0.073800
-0.014891 0.015135 0.073800
-0.014891 0.015323 0.073800
-0.014911 0.015532 0.073900
-0.014911 0.015720 0.073900
-0.014911 0.015909 0.073900
-0.014911 0.016097 0.073900
-0.014911 0.016286 0.073900
-0.014931 0.016496 0.074000
-0.014931 0.016685 0.074000
-0.014931 0.016874 0.074000
-0.014951 0.017085 0.074100
-0.014951 0.017274 0.074100
-0.014971 0.017487 0.074200
-0.014971 0.017676 0.074200
-0.014971 0.017865 0.074200
-0.014992 0.018078 0.074300
-0.014992 0.018268 0.074300
-0.014992 0.018457 0.074300
-0.014992 0.018647 0.074300
-0.014992 0.018836 0.074300
-0.014992 0.019025 0.074300
-0.015012 0.019241 0.074400
-0.015012 0.019430 0.074400
-0.015012 0.019620 0.074400
-0.015012 0.019810 0.074400
-0.015032 0.020026 0.074500
-0.015052 0.020243 0.074600
-0.015072 0.020461 0.074700
-0.015093 0.020679 0.074800
-0.015113 0.020898 0.074900
-0.015133 0.021117 0.075000
-0.015173 0.021365 0.075200
-0.015193 0.021585 0.075300
-0.015214 0.021806 0.075400
-0.015234 0.022027 0.075500
-0.015234 0.022220 0.075500
-0.015254 0.022442 0.075600
-0.015274 0.022665 0.075700
-0.015294 0.022888 0.075800
-0.015315 0.023111 0.075900
-0.015335 0.023336 0.076000
-0.015355 0.023560 0.076100
-0.015395 0.023817 0.076300
-0.015415 0.024043 0.076400
-0.015456 0.024301 0.076600
-0.015496 0.024560 0.076800
-0.015516 0.024788 0.076900
-0.015557 0.025049 0.077100
-0.015597 0.025311 0.077300
-0.015617 0.025541 0.077400
-0.015678 0.025838 0.077700
-0.015698 0.026070 0.077800
-0.015758 0.026369 0.078100
-0.015799 0.026637 0.078300
-0.015839 0.026905 0.078500
-0.015879 0.027174 0.078700
-0.015940 0.027479 0.079000
-0.015980 0.027750 0.079200
-0.016021 0.028023 0.079400
-0.016061 0.028296 0.079600
-0.016101 0.028571 0.079800
-0.016142 0.028846 0.080000
-0.016202 0.029159 0.080300
-0.016303 0.029547 0.080800
-0.016303 0.029753 0.080800
-0.016364 0.030070 0.081100
-0.016404 0.030351 0.081300
-0.016424 0.030596 0.081400
-0.016465 0.030879 0.081600
-0.016485 0.031126 0.081700
-0.016525 0.031411 0.081900
-0.016545 0.031658 0.082000
-0.016877 -0.003485 0.082600
-0.016877 -0.003275 0.082600
-0.016837 -0.003057 0.082400
-0.016796 -0.002840 0.082200
-0.016796 -0.002630 0.082200
-0.016714 -0.002409 0.081800
-0.016673 -0.002195 0.081600
-0.016632 -0.001982 0.081400
-0.016571 -0.001768 0.081100
-0.016510 -0.001556 0.080800
-0.016448 -0.001345 0.080500
-0.016407 -0.001137 0.080300
-0.016407 -0.000932 0.080300
-0.016346 -0.000724 0.080000
-0.016305 -0.000519 0.079800
-0.016244 -0.000315 0.079500
-0.016203 -0.000112 0.079300
-0.016142 0.000090 0.079000
-0.016101 0.000291 0.078800
-0.016060 0.000490 0.078600
-0.016019 0.000689 0.078400
-0.015999 0.000888 0.078300
-0.015978 0.001086 0.078200
-0.015938 0.001282 0.078000
-0.015917 0.001479 0.077900
-0.015897 0.001675 0.077800
-0.015876 0.001871 0.077700
-0.015835 0.002064 0.077500
-0.015794 0.002256 0.077300
-0.015733 0.002443 0.077000
-0.015692 0.002633 0.076800
-0.015651 0.002821 0.076600
-0.015611 0.003009 0.076400
-0.015549 0.003191 0.076100
-0.015508 0.003376 0.075900
-0.015508 0.003569 0.075900
-0.015406 0.003930 0.075400
-0.015365 0.004112 0.075200
-0.015325 0.004292 0.075000
-0.015304 0.004477 0.074900
-0.015284 0.004662 0.074800
-0.015263 0.004846 0.074700
-0.015243 0.005030 0.074600
-0.015243 0.005220 0.074600
-0.015222 0.005403 0.074500
-0.015222 0.005593 0.074500
-0.015222 0.005782 0.074500
-0.015222 0.005972 0.074500
-0.015222 0.006162 0.074500
-0.015222 0.006352 0.074500
-0.015222 0.006542 0.074500
-0.015202 0.006723 0.074400
-0.015202 0.006913 0.074400
-0.015182 0.007093 0.074300
-0.015182 0.007282 0.074300
-0.015161 0.007462 0.074200
-0.015141 0.007640 0.074100
-0.015141 0.007829 0.074100
-0.015120 0.008007 0.074000
-0.015100 0.008185 0.073900
-0.015079 0.008362 0.073800
-0.015059 0.008539 0.073700
-0.015059 0.008726 0.073700
-0.015038 0.008902 0.073600
-0.015018 0.009077 0.073500
-0.015018 0.009265 0.073500
-0.015018 0.009452 0.073500
-0.014998 0.009626 0.073400
-0.014998 0.009814 0.073400
-0.014977 0.009987 0.073300
-0.014977 0.010174 0.073300
-0.014977 0.010361 0.073300
-0.014957 0.010533 0.073200
-0.014957 0.010720 0.073200
-0.014957 0.010906 0.073200
-0.014977 0.011108 0.073300
-0.014977 0.011295 0.073300
-0.014977 0.011482 0.073300
-0.014977 0.011669 0.073300
-0.014998 0.011872 0.073400
-0.014998 0.012059 0.073400
-0.015018 0.012263 0.073500
-0.015018 0.012450 0.073500
-0.015038 0.012655 0.073600
-0.015038 0.012842 0.073600
-0.015059 0.013048 0.073700
-0.015059 0.013235 0.073700
-0.015059 0.013423 0.073700
-0.015079 0.013630 0.073800
-0.015079 0.013818 0.073800
-0.015079 0.014006 0.073800
-0.015079 0.014194 0.073800
-0.015079 0.014382 0.073800
-0.015079 0.014570 0.073800
-0.015079 0.014758 0.073800
-0.015079 0.014947 0.073800
-0.015079 0.015135 0.073800
-0.015079 0.015323 0.073800
-0.015100 0.015532 0.073900
-0.015100 0.015720 0.073900
-0.015100 0.015909 0.073900
-0.015100 0.016097 0.073900
-0.015100 0.016286 0.073900
-0.015120 0.016496 0.074000
-0.015120 0.016685 0.074000
-0.015141 0.016896 0.074100
-0.015141 0.017085 0.074100
-0.015141 0.017274 0.074100
-0.015161 0.017487 0.074200
-0.015161 0.017676 0.074200
-0.015161 0.017865 0.074200
-0.015182 0.018078 0.074300
-0.015182 0.018268 0.074300
-0.015182 0.018457 0.074300
-0.015182 0.018647 0.074300
-0.015182 0.018836 0.074300
-0.015182 0.019025 0.074300
-0.015202 0.019241 0.074400
-0.015202 0.019430 0.074400
-0.015202 0.019620 0.074400
-0.015202 0.019810 0.074400
-0.015222 0.020026 0.074500
-0.015243 0.020243 0.074600
-0.015263 0.020461 0.074700
-0.015284 0.020679 0.074800
-0.015304 0.020898 0.074900
-0.015325 0.021117 0.075000
-0.015365 0.021365 0.075200
-0.015386 0.021585 0.075300
-0.015406 0.021806 0.075400
-0.015427 0.022027 0.075500
-0.015447 0.022249 0.075600
-0.015468 0.022472 0.075700
-0.015468 0.022665 0.075700
-0.015488 0.022888 0.075800
-0.015508 0.023111 0.075900
-0.015529 0.023336 0.076000
-0.015570 0.023591 0.076200
-0.015590 0.023817 0.076300
-0.015611 0.024043 0.076400
-0.015651 0.024301 0.076600
-0.015692 0.024560 0.076800
-0.015713 0.024788 0.076900
-0.015733 0.025017 0.077000
-0.015754 0.025246 0.077100
-0.015815 0.025541 0.077400
-0.015856 0.025805 0.077600
-0.015897 0.026070 0.077800
-0.015938 0.026336 0.078000
-0.015978 0.026603 0.078200
-0.016040 0.026905 0.078500
-0.016081 0.027174 0.078700
-0.016142 0.027479 0.079000
-0.016162 0.027715 0.079100
-0.016203 0.027988 0.079300
-0.016224 0.028225 0.079400
-0.016285 0.028535 0.079700
-0.016305 0.028774 0.079800
-0.016367 0.029087 0.080100
-0.016407 0.029364 0.080300
-0.016510 0.029753 0.080800
-0.016510 0.029959 0.080800
-0.016551 0.030239 0.081000
-0.016612 0.030559 0.081300
-0.016632 0.030804 0.081400
-0.016673 0.031087 0.081600
-0.016694 0.031334 0.081700
-0.016734 0.031619 0.081900
-0.017088 -0.003485 0.082600
-0.017088 -0.003275 0.082600
-0.017006 -0.003049 0.082200
-0.016985 -0.002836 0.082100
-0.016964 -0.002624 0.082000
-0.016902 -0.002406 0.081700
-0.016882 -0.002195 0.081600
-0.016840 -0.001982 0.081400
-0.016778 -0.001768 0.081100
-0.016716 -0.001556 0.080800
-0.016654 -0.001345 0.080500
-0.016613 -0.001137 0.080300
-0.016613 -0.000932 0.080300
-0.016551 -0.000724 0.080000
-0.016509 -0.000519 0.079800
-0.016468 -0.000315 0.079600
-0.016406 -0.000112 0.079300
-0.016364 0.000090 0.079100
-0.016323 0.000291 0.078900
-0.016282 0.000491 0.078700
-0.016240 0.000690 0.078500
-0.016220 0.000889 0.078400
-0.016199 0.001087 0.078300
-0.016178 0.001285 0.078200
-0.016137 0.001481 0.078000
-0.016137 0.001680 0.078000
-0.016095 0.001874 0.077800
-0.016054 0.002067 0.077600
-0.016013 0.002259 0.077400
-0.015951 0.002446 0.077100
-0.015909 0.002636 0.076900
-0.015847 0.002821 0.076600
-0.015806 0.003009 0.076400
-0.015744 0.003191 0.076100
-0.015723 0.003380 0.076000
-0.015723 0.003574 0.076000
-0.015599 0.003930 0.075400
-0.015558 0.004112 0.075200
-0.015516 0.004292 0.075000
-0.015495 0.004477 0.074900
-0.015475 0.004662 0.074800
-0.015475 0.004852 0.074800
-0.015454 0.005036 0.074700
-0.015433 0.005220 0.074600
-0.015433 0.005410 0.074600
-0.015413 0.005593 0.074500
-0.015413 0.005782 0.074500
-0.015433 0.005980 0.074600
-0.015413 0.006162 0.074500
-0.015413 0.006352 0.074500
-0.015413 0.006542 0.074500
-0.015413 0.006732 0.074500
-0.015392 0.006913 0.074400
-0.015392 0.007102 0.074400
-0.015371 0.007282 0.074300
-0.015371 0.007472 0.074300
-0.015351 0.007651 0.074200
-0.015330 0.007829 0.074100
-0.015309 0.008007 0.074000
-0.015289 0.008185 0.073900
-0.015268 0.008362 0.073800
-0.015247 0.008539 0.073700
-0.015227 0.008715 0.073600
-0.015206 0.008890 0.073500
-0.015185 0.009065 0.073400
-0.015185 0.009252 0.073400
-0.015185 0.009439 0.073400
-0.015164 0.009613 0.073300
-0.015164 0.009800 0.073300
-0.015144 0.009973 0.073200
-0.015144 0.010160 0.073200
-0.015144 0.010347 0.073200
-0.015144 0.010533 0.073200
-0.015144 0.010720 0.073200
-0.015144 0.010906 0.073200
-0.015144 0.011093 0.073200
-0.015144 0.011280 0.073200
-0.015144 0.011466 0.073200
-0.015144 0.011653 0.073200
-0.015164 0.011856 0.073300
-0.015164 0.012043 0.073300
-0.015185 0.012246 0.073400
-0.015206 0.012450 0.073500
-0.015206 0.012637 0.073500
-0.015227 0.012842 0.073600
-0.015227 0.013030 0.073600
-0.015247 0.013235 0.073700
-0.015247 0.013423 0.073700
-0.015247 0.013611 0.073700
-0.015247 0.013799 0.073700
-0.015247 0.013987 0.073700
-0.015247 0.014175 0.073700
-0.015247 0.014363 0.073700
-0.015268 0.014570 0.073800
-0.015268 0.014758 0.073800
-0.015268 0.014947 0.073800
-0.015268 0.015135 0.073800
-0.015268 0.015323 0.073800
-0.015268 0.015511 0.073800
-0.015289 0.015720 0.073900
-0.015289 0.015909 0.073900
-0.015289 0.016097 0.073900
-0.015309 0.016308 0.074000
-0.015309 0.016496 0.074000
-0.015309 0.016685 0.074000
-0.015330 0.016896 0.074100
-0.015330 0.017085 0.074100
-0.015351 0.017297 0.074200
-0.015351 0.017487 0.074200
-0.015351 0.017676 0.074200
-0.015351 0.017865 0.074200
-0.015371 0.018078 0.074300
-0.015371 0.018268 0.074300
-0.015371 0.018457 0.074300
-0.015371 0.018647 0.074300
-0.015371 0.018836 0.074300
-0.015371 0.019025 0.074300
-0.015371 0.019215 0.074300
-0.015392 0.019430 0.074400
-0.015392 0.019620 0.074400
-0.015392 0.019810 0.074400
-0.015413 0.020026 0.074500
-0.015413 0.020216 0.074500
-0.015433 0.020433 0.074600
-0.015454 0.020651 0.074700
-0.015495 0.020898 0.074900
-0.015516 0.021117 0.075000
-0.015558 0.021365 0.075200
-0.015578 0.021585 0.075300
-0.015599 0.021806 0.075400
-0.015620 0.022027 0.075500
-0.015640 0.022249 0.075600
-0.015661 0.022472 0.075700
-0.015682 0.022694 0.075800
-0.015702 0.022918 0.075900
-0.015723 0.023142 0.076000
-0.015744 0.023366 0.076100
-0.015764 0.023591 0.076200
-0.015785 0.023817 0.076300
-0.015827 0.024074 0.076500
-0.015847 0.024301 0.076600
-0.015868 0.024528 0.076700
-0.015909 0.024788 0.076900
-0.015930 0.025017 0.077000
-0.015951 0.025246 0.077100
-0.015992 0.025508 0.077300
-0.016033 0.025772 0.077500
-0.016075 0.026036 0.077700
-0.016137 0.026336 0.078000
-0.016178 0.026603 0.078200
-0.016240 0.026905 0.078500
-0.016282 0.027174 0.078700
-0.016344 0.027479 0.079000
-0.016364 0.027715 0.079100
-0.016406 0.027988 0.079300
-0.016406 0.028190 0.079300
-0.016447 0.028463 0.079500
-0.016489 0.028738 0.079700
-0.016509 0.028978 0.079800
-0.016571 0.029291 0.080100
-0.016613 0.029569 0.080300
-0.016675 0.029885 0.080600
-0.016757 0.030239 0.081000
-0.016757 0.030446 0.081000
-0.016799 0.030728 0.081200
-0.016840 0.031011 0.081400
-0.016882 0.031295 0.081600
-0.016944 0.031619 0.081900
-0.017237 -0.003473 0.082300
-0.017216 -0.003259 0.082200
-0.017195 -0.003046 0.082100
-0.017174 -0.002833 0.082000
-0.017153 -0.002621 0.081900
-0.017090 -0.002403 0.081600
-0.017069 -0.002192 0.081500
-0.017027 -0.001980 0.081300
-0.016985 -0.001768 0.081100
-0.016923 -0.001556 0.080800
-0.016881 -0.001346 0.080600
-0.016818 -0.001137 0.080300
-0.016818 -0.000932 0.080300
-0.016776 -0.000725 0.080100
-0.016734 -0.000520 0.079900
-0.016671 -0.000315 0.079600
-0.016629 -0.000112 0.079400
-0.016587 0.000090 0.079200
-0.016546 0.000292 0.079000
-0.016504 0.000492 0.078800
-0.016462 0.000691 0.078600
-0.016441 0.000890 0.078500
-0.016420 0.001089 0.078400
-0.016399 0.001287 0.078300
-0.016378 0.001485 0.078200
-0.016357 0.001682 0.078100
-0.016336 0.001879 0.078000
-0.016273 0.002069 0.077700
-0.016231 0.002262 0.077500
-0.016190 0.002453 0.077300
-0.016127 0.002640 0.077000
-0.016064 0.002825 0.076700
-0.016001 0.003009 0.076400
-0.015959 0.003195 0.076200
-0.015917 0.003380 0.076000
-0.015896 0.003569 0.075900
-0.015854 0.003753 0.075700
-0.015792 0.003930 0.075400
-0.015771 0.004117 0.075300
-0.015729 0.004297 0.075100
-0.015708 0.004483 0.075000
-0.015687 0.004668 0.074900
-0.015666 0.004852 0.074800
-0.015645 0.005036 0.074700
-0.015645 0.005227 0.074700
-0.015624 0.005410 0.074600
-0.015624 0.005600 0.074600
-0.015624 0.005790 0.074600
-0.015624 0.005980 0.074600
-0.015624 0.006171 0.074600
-0.015624 0.006361 0.074600
-0.015624 0.006551 0.074600
-0.015624 0.006741 0.074600
-0.015603 0.006922 0.074500
-0.015603 0.007112 0.074500
-0.015582 0.007292 0.074400
-0.015561 0.007472 0.074300
-0.015540 0.007651 0.074200
-0.015519 0.007829 0.074100
-0.015498 0.008007 0.074000
-0.015477 0.008185 0.073900
-0.015456 0.008362 0.073800
-0.015436 0.008539 0.073700
-0.015415 0.008715 0.073600
-0.015394 0.008890 0.073500
-0.015373 0.009065 0.073400
-0.015373 0.009252 0.073400
-0.015373 0.009439 0.073400
-0.015352 0.009613 0.073300
-0.015331 0.009787 0.073200
-0.015331 0.009973 0.073200
-0.015331 0.010160 0.073200
-0.015310 0.010333 0.073100
-0.015310 0.010519 0.073100
-0.015310 0.010705 0.073100
-0.015310 0.010892 0.073100
-0.015331 0.011093 0.073200
-0.015331 0.011280 0.073200
-0.015331 0.011466 0.073200
-0.015331 0.011653 0.073200
-0.015352 0.011856 0.073300
-0.015352 0.012043 0.073300
-0.015373 0.012246 0.073400
-0.015373 0.012433 0.073400
-0.015394 0.012637 0.073500
-0.015394 0.012825 0.073500
-0.015415 0.013030 0.073600
-0.015415 0.013218 0.073600
-0.015415 0.013405 0.073600
-0.015415 0.013593 0.073600
-0.015436 0.013799 0.073700
-0.015436 0.013987 0.073700
-0.015436 0.014175 0.073700
-0.015436 0.014363 0.073700
-0.015436 0.014551 0.073700
-0.015436 0.014738 0.073700
-0.015456 0.014947 0.073800
-0.015456 0.015135 0.073800
-0.015456 0.015323 0.073800
-0.015456 0.015511 0.073800
-0.015456 0.015699 0.073800
-0.015477 0.015909 0.073900
-0.015477 0.016097 0.073900
-0.015477 0.016286 0.073900
-0.015498 0.016496 0.074000
-0.015498 0.016685 0.074000
-0.015519 0.016896 0.074100
-0.015519 0.017085 0.074100
-0.015540 0.017297 0.074200
-0.015540 0.017487 0.074200
-0.015540 0.017676 0.074200
-0.015540 0.017865 0.074200
-0.015561 0.018078 0.074300
-0.015561 0.018268 0.074300
-0.015561 0.018457 0.074300
-0.015561 0.018647 0.074300
-0.015561 0.018836 0.074300
-0.015561 0.019025 0.074300
-0.015561 0.019215 0.074300
-0.015561 0.019404 0.074300
-0.015582 0.019620 0.074400
-0.015582 0.019810 0.074400
-0.015582 0.019999 0.074400
-0.015603 0.020216 0.074500
-0.015624 0.020433 0.074600
-0.015645 0.020651 0.074700
-0.015666 0.020870 0.074800
-0.015708 0.021117 0.075000
-0.015750 0.021365 0.075200
-0.015771 0.021585 0.075300
-0.015813 0.021835 0.075500
-0.015833 0.022056 0.075600
-0.015854 0.022279 0.075700
-0.015875 0.022501 0.075800
-0.015896 0.022724 0.075900
-0.015896 0.022918 0.075900
-0.015917 0.023142 0.076000
-0.015938 0.023366 0.076100
-0.015959 0.023591 0.076200
-0.015980 0.023817 0.076300
-0.016001 0.024043 0.076400
-0.016043 0.024301 0.076600
-0.016064 0.024528 0.076700
-0.016085 0.024756 0.076800
-0.016106 0.024984 0.076900
-0.016127 0.025213 0.077000
-0.016169 0.025475 0.077200
-0.016210 0.025739 0.077400
-0.016273 0.026036 0.077700
-0.016336 0.026336 0.078000
-0.016378 0.026603 0.078200
-0.016441 0.026905 0.078500
-0.016483 0.027174 0.078700
-0.016546 0.027479 0.079000
-0.016567 0.027715 0.079100
-0.016587 0.027952 0.079200
-0.016608 0.028190 0.079300
-0.016629 0.028428 0.079400
-0.016650 0.028666 0.079500
-0.016692 0.028941 0.079700
-0.016734 0.029218 0.079900
-0.016776 0.029495 0.080100
-0.016818 0.029773 0.080300
-0.016881 0.030090 0.080600
-0.016923 0.030371 0.080800
-0.016964 0.030652 0.081000
-0.017006 0.030935 0.081200
-0.017069 0.031257 0.081500
-0.017447 -0.003473 0.082300
-0.017383 -0.003251 0.082000
-0.017383 -0.003042 0.082000
-0.017341 -0.002826 0.081800
-0.017320 -0.002614 0.081700
-0.017277 -0.002400 0.081500
-0.017256 -0.002190 0.081400
-0.017214 -0.001977 0.081200
-0.017193 -0.001768 0.081100
-0.017129 -0.001556 0.080800
-0.017087 -0.001346 0.080600
-0.017044 -0.001138 0.080400
-0.017044 -0.000933 0.080400
-0.016981 -0.000725 0.080100
-0.016938 -0.000520 0.079900
-0.016896 -0.000315 0.079700
-0.016853 -0.000112 0.079500
-0.016811 0.000090 0.079300
-0.016769 0.000292 0.079100
-0.016726 0.000492 0.078900
-0.016705 0.000693 0.078800
-0.016663 0.000891 0.078600
-0.016641 0.001090 0.078500
-0.016620 0.001289 0.078400
-0.016599 0.001487 0.078300
-0.016578 0.001684 0.078200
-0.016557 0.001881 0.078100
-0.016514 0.002075 0.077900
-0.016451 0.002265 0.077600
-0.016408 0.002456 0.077400
-0.016408 0.002653 0.077400
-0.016260 0.002825 0.076700
-0.016217 0.003013 0.076500
-0.016154 0.003195 0.076200
-0.016111 0.003380 0.076000
-0.016090 0.003569 0.075900
-0.016048 0.003753 0.075700
-0.016005 0.003935 0.075500
-0.015963 0.004117 0.075300
-0.015942 0.004303 0.075200
-0.015921 0.004489 0.075100
-0.015899 0.004674 0.075000
-0.015878 0.004859 0.074900
-0.015878 0.005050 0.074900
-0.015857 0.005234 0.074800
-0.015857 0.005424 0.074800
-0.015836 0.005608 0.074700
-0.015836 0.005798 0.074700
-0.015836 0.005988 0.074700
-0.015836 0.006179 0.074700
-0.015836 0.006369 0.074700
-0.015836 0.006560 0.074700
-0.015815 0.006741 0.074600
-0.015815 0.006931 0.074600
-0.015793 0.007112 0.074500
-0.015793 0.007302 0.074500
-0.015772 0.007482 0.074400
-0.015751 0.007661 0.074300
-0.015730 0.007840 0.074200
-0.015687 0.008007 0.074000
-0.015666 0.008185 0.073900
-0.015645 0.008362 0.073800
-0.015624 0.008539 0.073700
-0.015603 0.008715 0.073600
-0.015581 0.008890 0.073500
-0.015560 0.009065 0.073400
-0.015539 0.009240 0.073300
-0.015539 0.009426 0.073300
-0.015539 0.009613 0.073300
-0.015518 0.009787 0.073200
-0.015518 0.009973 0.073200
-0.015518 0.010160 0.073200
-0.015497 0.010333 0.073100
-0.015497 0.010519 0.073100
-0.015497 0.010705 0.073100
-0.015497 0.010892 0.073100
-0.015497 0.011078 0.073100
-0.015518 0.011280 0.073200
-0.015518 0.011466 0.073200
-0.015518 0.011653 0.073200
-0.015539 0.011856 0.073300
-0.015539 0.012043 0.073300
-0.015560 0.012246 0.073400
-0.015560 0.012433 0.073400
-0.015560 0.012620 0.073400
-0.015581 0.012825 0.073500
-0.015581 0.013012 0.073500
-0.015581 0.013200 0.073500
-0.015603 0.013405 0.073600
-0.015603 0.013593 0.073600
-0.015603 0.013780 0.073600
-0.015603 0.013968 0.073600
-0.015624 0.014175 0.073700
-0.015624 0.014363 0.073700
-0.015624 0.014551 0.073700
-0.015624 0.014738 0.073700
-0.015624 0.014926 0.073700
-0.015624 0.015114 0.073700
-0.015645 0.015323 0.073800
-0.015645 0.015511 0.073800
-0.015645 0.015699 0.073800
-0.015645 0.015887 0.073800
-0.015666 0.016097 0.073900
-0.015666 0.016286 0.073900
-0.015687 0.016496 0.074000
-0.015687 0.016685 0.074000
-0.015709 0.016896 0.074100
-0.015709 0.017085 0.074100
-0.015730 0.017297 0.074200
-0.015730 0.017487 0.074200
-0.015730 0.017676 0.074200
-0.015730 0.017865 0.074200
-0.015751 0.018078 0.074300
-0.015751 0.018268 0.074300
-0.015751 0.018457 0.074300
-0.015751 0.018647 0.074300
-0.015751 0.018836 0.074300
-0.015751 0.019025 0.074300
-0.015751 0.019215 0.074300
-0.015751 0.019404 0.074300
-0.015751 0.019594 0.074300
-0.015751 0.019783 0.074300
-0.015772 0.019999 0.074400
-0.015772 0.020189 0.074400
-0.015793 0.020406 0.074500
-0.015815 0.020624 0.074600
-0.015857 0.020870 0.074800
-0.015899 0.021117 0.075000
-0.015942 0.021365 0.075200
-0.015963 0.021585 0.075300
-0.016005 0.021835 0.075500
-0.016027 0.022056 0.075600
-0.016048 0.022279 0.075700
-0.016069 0.022501 0.075800
-0.016090 0.022724 0.075900
-0.016111 0.022948 0.076000
-0.016111 0.023142 0.076000
-0.016133 0.023366 0.076100
-0.016154 0.023591 0.076200
-0.016175 0.023817 0.076300
-0.016196 0.024043 0.076400
-0.016217 0.024269 0.076500
-0.016239 0.024496 0.076600
-0.016260 0.024724 0.076700
-0.016281 0.024952 0.076800
-0.016323 0.025213 0.077000
-0.016366 0.025475 0.077200
-0.016408 0.025739 0.077400
-0.016472 0.026036 0.077700
-0.016514 0.026302 0.077900
-0.016578 0.026603 0.078200
-0.016641 0.026905 0.078500
-0.016684 0.027174 0.078700
-0.016747 0.027479 0.079000
-0.016769 0.027715 0.079100
-0.016790 0.027952 0.079200
-0.016811 0.028190 0.079300
-0.016832 0.028428 0.079400
-0.016853 0.028666 0.079500
-0.016875 0.028905 0.079600
-0.016896 0.029145 0.079700
-0.016938 0.029421 0.079900
-0.016981 0.029699 0.080100
-0.017023 0.029978 0.080300
-0.017065 0.030258 0.080500
-0.017129 0.030577 0.080800
-0.017214 0.030935 0.081200
-0.017235 0.031180 0.081300
-0.017593 -0.003460 0.082000
-0.017571 -0.003247 0.081900
-0.017550 -0.003035 0.081800
-0.017550 -0.002826 0.081800
-0.017507 -0.002611 0.081600
-0.017486 -0.002400 0.081500
-0.017464 -0.002190 0.081400
-0.017421 -0.001977 0.081200
-0.017378 -0.001766 0.081000
-0.017335 -0.001556 0.080800
-0.017293 -0.001346 0.080600
-0.017250 -0.001138 0.080400
-0.017250 -0.000933 0.080400
-0.017207 -0.000726 0.080200
-0.017164 -0.000521 0.080000
-0.017121 -0.000316 0.079800
-0.017057 -0.000112 0.079500
-0.017014 0.000090 0.079300
-0.016992 0.000292 0.079200
-0.016949 0.000493 0.079000
-0.016906 0.000693 0.078800
-0.016885 0.000892 0.078700
-0.016863 0.001092 0.078600
-0.016842 0.001290 0.078500
-0.016821 0.001488 0.078400
-0.016799 0.001686 0.078300
-0.016778 0.001883 0.078200
-0.016713 0.002075 0.077900
-0.016713 0.002273 0.077900
-0.016606 0.002456 0.077400
-0.016606 0.002653 0.077400
-0.016477 0.002829 0.076800
-0.016413 0.003013 0.076500
-0.016370 0.003199 0.076300
-0.016306 0.003380 0.076000
-0.016284 0.003569 0.075900
-0.016241 0.003753 0.075700
-0.016220 0.003941 0.075600
-0.016177 0.004122 0.075400
-0.016155 0.004309 0.075300
-0.016134 0.004495 0.075200
-0.016113 0.004680 0.075100
-0.016113 0.004872 0.075100
-0.016091 0.005057 0.075000
-0.016070 0.005241 0.074900
-0.016070 0.005432 0.074900
-0.016048 0.005615 0.074800
-0.016048 0.005806 0.074800
-0.016048 0.005996 0.074800
-0.016048 0.006187 0.074800
-0.016048 0.006378 0.074800
-0.016027 0.006560 0.074700
-0.016027 0.006750 0.074700
-0.016027 0.006941 0.074700
-0.016005 0.007121 0.074600
-0.016005 0.007312 0.074600
-0.015984 0.007492 0.074500
-0.015962 0.007671 0.074400
-0.015919 0.007840 0.074200
-0.015898 0.008018 0.074100
-0.015877 0.008196 0.074000
-0.015834 0.008362 0.073800
-0.015812 0.008539 0.073700
-0.015791 0.008715 0.073600
-0.015769 0.008890 0.073500
-0.015748 0.009065 0.073400
-0.015726 0.009240 0.073300
-0.015726 0.009426 0.073300
-0.015705 0.009600 0.073200
-0.015705 0.009787 0.073200
-0.015705 0.009973 0.073200
-0.015683 0.010146 0.073100
-0.015683 0.010333 0.073100
-0.015683 0.010519 0.073100
-0.015683 0.010705 0.073100
-0.015683 0.010892 0.073100
-0.015683 0.011078 0.073100
-0.015705 0.011280 0.073200
-0.015705 0.011466 0.073200
-0.015705 0.011653 0.073200
-0.015726 0.011856 0.073300
-0.015726 0.012043 0.073300
-0.015726 0.012229 0.073300
-0.015748 0.012433 0.073400
-0.015748 0.012620 0.073400
-0.015748 0.012807 0.073400
-0.015769 0.013012 0.073500
-0.015769 0.013200 0.073500
-0.015769 0.013387 0.073500
-0.015769 0.013574 0.073500
-0.015791 0.013780 0.073600
-0.015791 0.013968 0.073600
-0.015791 0.014156 0.073600
-0.015791 0.014343 0.073600
-0.015791 0.014531 0.073600
-0.015812 0.014738 0.073700
-0.015812 0.014926 0.073700
-0.015812 0.015114 0.073700
-0.015812 0.015302 0.073700
-0.015812 0.015490 0.073700
-0.015834 0.015699 0.073800
-0.015834 0.015887 0.073800
-0.015855 0.016097 0.073900
-0.015855 0.016286 0.073900
-0.015877 0.016496 0.074000
-0.015877 0.016685 0.074000
-0.015898 0.016896 0.074100
-0.015898 0.017085 0.074100
-0.015919 0.017297 0.074200
-0.015919 0.017487 0.074200
-0.015919 0.017676 0.074200
-0.015919 0.017865 0.074200
-0.015941 0.018078 0.074300
-0.015941 0.018268 0.074300
-0.015941 0.018457 0.074300
-0.015941 0.018647 0.074300
-0.015941 0.018836 0.074300
-0.015941 0.019025 0.074300
-0.015941 0.019215 0.074300
-0.015941 0.019404 0.074300
-0.015941 0.019594 0.074300
-0.015941 0.019783 0.074300
-0.015941 0.019972 0.074300
-0.015962 0.020189 0.074400
-0.015984 0.020406 0.074500
-0.016005 0.020624 0.074600
-0.016027 0.020842 0.074700
-0.016070 0.021088 0.074900
-0.016113 0.021336 0.075100
-0.016155 0.021585 0.075300
-0.016198 0.021835 0.075500
-0.016241 0.022086 0.075700
-0.016263 0.022308 0.075800
-0.016284 0.022531 0.075900
-0.016306 0.022754 0.076000
-0.016306 0.022948 0.076000
-0.016327 0.023172 0.076100
-0.016327 0.023366 0.076100
-0.016349 0.023591 0.076200
-0.016370 0.023817 0.076300
-0.016391 0.024043 0.076400
-0.016413 0.024269 0.076500
-0.016413 0.024464 0.076500
-0.016434 0.024691 0.076600
-0.016456 0.024919 0.076700
-0.016499 0.025180 0.076900
-0.016542 0.025442 0.077100
-0.016606 0.025739 0.077400
-0.016670 0.026036 0.077700
-0.016713 0.026302 0.077900
-0.016778 0.026603 0.078200
-0.016842 0.026905 0.078500
-0.016906 0.027208 0.078800
-0.016949 0.027479 0.079000
-0.016971 0.027715 0.079100
-0.016992 0.027952 0.079200
-0.017014 0.028190 0.079300
-0.017035 0.028428 0.079400
-0.017035 0.028630 0.079400
-0.017057 0.028869 0.079500
-0.017078 0.029108 0.079600
-0.017099 0.029348 0.079700
-0.017142 0.029625 0.079900
-0.017185 0.029903 0.080100
-0.017228 0.030183 0.080300
-0.017271 0.030463 0.080500
-0.017443 0.030973 0.081300
-0.017443 0.031180 0.081300
-0.017781 -0.003456 0.081900
-0.017737 -0.003239 0.081700
-0.017737 -0.003031 0.081700
-0.017716 -0.002819 0.081600
-0.017694 -0.002608 0.081500
-0.017672 -0.002397 0.081400
-0.017650 -0.002187 0.081300
-0.017629 -0.001977 0.081200
-0.017585 -0.001766 0.081000
-0.017542 -0.001556 0.080800
-0.017520 -0.001348 0.080700
-0.017477 -0.001139 0.080500
-0.017477 -0.000934 0.080500
-0.017412 -0.000726 0.080200
-0.017368 -0.000521 0.080000
-0.017325 -0.000316 0.079800
-0.017281 -0.000112 0.079600
-0.017238 0.000091 0.079400
-0.017195 0.000292 0.079200
-0.017173 0.000494 0.079100
-0.017129 0.000693 0.078900
-0.017108 0.000893 0.078800
-0.017064 0.001092 0.078600
-0.017043 0.001290 0.078500
-0.017021 0.001488 0.078400
-0.016999 0.001686 0.078300
-0.016956 0.001881 0.078100
-0.016912 0.002075 0.077900
-0.016912 0.002273 0.077900
-0.016804 0.002456 0.077400
-0.016804 0.002653 0.077400
-0.016674 0.002829 0.076800
-0.016608 0.003013 0.076500
-0.016565 0.003199 0.076300
-0.016500 0.003380 0.076000
-0.016500 0.003574 0.076000
-0.016456 0.003758 0.075800
-0.016435 0.003946 0.075700
-0.016413 0.004133 0.075600
-0.016370 0.004315 0.075400
-0.016348 0.004501 0.075300
-0.016326 0.004687 0.075200
-0.016326 0.004878 0.075200
-0.016304 0.005063 0.075100
-0.016283 0.005248 0.075000
-0.016283 0.005439 0.075000
-0.016261 0.005623 0.074900
-0.016261 0.005814 0.074900
-0.016261 0.006004 0.074900
-0.016261 0.006195 0.074900
-0.016239 0.006378 0.074800
-0.016239 0.006569 0.074800
-0.016239 0.006759 0.074800
-0.016218 0.006941 0.074700
-0.016218 0.007131 0.074700
-0.016196 0.007312 0.074600
-0.016174 0.007492 0.074500
-0.016152 0.007671 0.074400
-0.016131 0.007850 0.074300
-0.016109 0.008029 0.074200
-0.016066 0.008196 0.074000
-0.016044 0.008373 0.073900
-0.016000 0.008539 0.073700
-0.015979 0.008715 0.073600
-0.015957 0.008890 0.073500
-0.015935 0.009065 0.073400
-0.015914 0.009240 0.073300
-0.015914 0.009426 0.073300
-0.015892 0.009600 0.073200
-0.015892 0.009787 0.073200
-0.015892 0.009973 0.073200
-0.015870 0.010146 0.073100
-0.015870 0.010333 0.073100
-0.015870 0.010519 0.073100
-0.015870 0.010705 0.073100
-0.015870 0.010892 0.073100
-0.015892 0.011093 0.073200
-0.015892 0.011280 0.073200
-0.015892 0.011466 0.073200
-0.015892 0.011653 0.073200
-0.015914 0.011856 0.073300
-0.015914 0.012043 0.073300
-0.015914 0.012229 0.073300
-0.015935 0.012433 0.073400
-0.015935 0.012620 0.073400
-0.015935 0.012807 0.073400
-0.015935 0.012994 0.073400
-0.015957 0.013200 0.073500
-0.015957 0.013387 0.073500
-0.015957 0.013574 0.073500
-0.015957 0.013762 0.073500
-0.015957 0.013949 0.073500
-0.015979 0.014156 0.073600
-0.015979 0.014343 0.073600
-0.015979 0.014531 0.073600
-0.015979 0.014719 0.073600
-0.015979 0.014906 0.073600
-0.016000 0.015114 0.073700
-0.016000 0.015302 0.073700
-0.016000 0.015490 0.073700
-0.016000 0.015678 0.073700
-0.016022 0.015887 0.073800
-0.016022 0.016075 0.073800
-0.016044 0.016286 0.073900
-0.016066 0.016496 0.074000
-0.016066 0.016685 0.074000
-0.016087 0.016896 0.074100
-0.016087 0.017085 0.074100
-0.016109 0.017297 0.074200
-0.016109 0.017487 0.074200
-0.016109 0.017676 0.074200
-0.016109 0.017865 0.074200
-0.016131 0.018078 0.074300
-0.016109 0.018243 0.074200
-0.016109 0.018432 0.074200
-0.016109 0.018622 0.074200
-0.016109 0.018811 0.074200
-0.016109 0.019000 0.074200
-0.016109 0.019189 0.074200
-0.016131 0.019404 0.074300
-0.016131 0.019594 0.074300
-0.016131 0.019783 0.074300
-0.016131 0.019972 0.074300
-0.016131 0.020162 0.074300
-0.016152 0.020379 0.074400
-0.016174 0.020596 0.074500
-0.016196 0.020814 0.074600
-0.016239 0.021060 0.074800
-0.016283 0.021308 0.075000
-0.016326 0.021556 0.075200
-0.016370 0.021806 0.075400
-0.016413 0.022056 0.075600
-0.016456 0.022308 0.075800
-0.016478 0.022531 0.075900
-0.016500 0.022754 0.076000
-0.016500 0.022948 0.076000
-0.016522 0.023172 0.076100
-0.016522 0.023366 0.076100
-0.016543 0.023591 0.076200
-0.016565 0.023817 0.076300
-0.016565 0.024011 0.076300
-0.016587 0.024237 0.076400
-0.016608 0.024464 0.076500
-0.016630 0.024691 0.076600
-0.016652 0.024919 0.076700
-0.016695 0.025180 0.076900
-0.016739 0.025442 0.077100
-0.016804 0.025739 0.077400
-0.016869 0.026036 0.077700
-0.016912 0.026302 0.077900
-0.016977 0.026603 0.078200
-0.017043 0.026905 0.078500
-0.017108 0.027208 0.078800
-0.017173 0.027514 0.079100
-0.017195 0.027750 0.079200
-0.017195 0.027952 0.079200
-0.017216 0.028190 0.079300
-0.017216 0.028392 0.079300
-0.017238 0.028630 0.079400
-0.017260 0.028869 0.079500
-0.017260 0.029071 0.079500
-0.017303 0.029348 0.079700
-0.017325 0.029588 0.079800
-0.017368 0.029866 0.080000
-0.017390 0.030108 0.080100
-0.017477 0.030463 0.080500
-0.017990 -0.003456 0.081900
-0.017946 -0.003239 0.081700
-0.017924 -0.003027 0.081600
-0.017902 -0.002816 0.081500
-0.017902 -0.002608 0.081500
-0.017858 -0.002394 0.081300
-0.017836 -0.002184 0.081200
-0.017814 -0.001975 0.081100
-0.017792 -0.001766 0.081000
-0.017748 -0.001556 0.080800
-0.017704 -0.001346 0.080600
-0.017682 -0.001139 0.080500
-0.017639 -0.000932 0.080300
-0.017639 -0.000727 0.080300
-0.017595 -0.000521 0.080100
-0.017551 -0.000316 0.079900
-0.017507 -0.000112 0.079700
-0.017463 0.000091 0.079500
-0.017419 0.000293 0.079300
-0.017375 0.000494 0.079100
-0.017331 0.000693 0.078900
-0.017287 0.000892 0.078700
-0.017265 0.001092 0.078600
-0.017221 0.001289 0.078400
-0.017199 0.001487 0.078300
-0.017177 0.001684 0.078200
-0.017133 0.001879 0.078000
-0.017089 0.002072 0.077800
-0.017045 0.002265 0.077600
-0.016980 0.002453 0.077300
-0.016980 0.002650 0.077300
-0.016870 0.002829 0.076800
-0.016804 0.003013 0.076500
-0.016760 0.003199 0.076300
-0.016716 0.003385 0.076100
-0.016694 0.003574 0.076000
-0.016650 0.003758 0.075800
-0.016628 0.003946 0.075700
-0.016606 0.004133 0.075600
-0.016584 0.004320 0.075500
-0.016562 0.004507 0.075400
-0.016540 0.004693 0.075300
-0.016540 0.004885 0.075300
-0.016518 0.005070 0.075200
-0.016496 0.005255 0.075100
-0.016474 0.005439 0.075000
-0.016474 0.005630 0.075000
-0.016474 0.005821 0.075000
-0.016452 0.006004 0.074900
-0.016452 0.006195 0.074900
-0.016452 0.006386 0.074900
-0.016430 0.006569 0.074800
-0.016430 0.006759 0.074800
-0.016430 0.006950 0.074800
-0.016408 0.007131 0.074700
-0.016408 0.007321 0.074700
-0.016387 0.007502 0.074600
-0.016365 0.007682 0.074500
-0.016321 0.007850 0.074300
-0.016299 0.008029 0.074200
-0.016255 0.008196 0.074000
-0.016233 0.008373 0.073900
-0.016189 0.008539 0.073700
-0.016167 0.008715 0.073600
-0.016145 0.008890 0.073500
-0.016123 0.009065 0.073400
-0.016101 0.009240 0.073300
-0.016101 0.009426 0.073300
-0.016079 0.009600 0.073200
-0.016079 0.009787 0.073200
-0.016079 0.009973 0.073200
-0.016079 0.010160 0.073200
-0.016057 0.010333 0.073100
-0.016057 0.010519 0.073100
-0.016057 0.010705 0.073100
-0.016079 0.010906 0.073200
-0.016079 0.011093 0.073200
-0.016079 0.011280 0.073200
-0.016079 0.011466 0.073200
-0.016079 0.011653 0.073200
-0.016101 0.011856 0.073300
-0.016101 0.012043 0.073300
-0.016101 0.012229 0.073300
-0.016123 0.012433 0.073400
-0.016123 0.012620 0.073400
-0.016123 0.012807 0.073400
-0.016123 0.012994 0.073400
-0.016123 0.013182 0.073400
-0.016123 0.013369 0.073400
-0.016145 0.013574 0.073500
-0.016145 0.013762 0.073500
-0.016145 0.013949 0.073500
-0.016145 0.014136 0.073500
-0.016145 0.014324 0.073500
-0.016167 0.014531 0.073600
-0.016167 0.014719 0.073600
-0.016167 0.014906 0.073600
-0.016167 0.015094 0.073600
-0.016189 0.015302 0.073700
-0.016189 0.015490 0.073700
-0.016189 0.015678 0.073700
-0.016211 0.015887 0.073800
-0.016211 0.016075 0.073800
-0.016233 0.016286 0.073900
-0.016255 0.016496 0.074000
-0.016255 0.016685 0.074000
-0.016277 0.016896 0.074100
-0.016277 0.017085 0.074100
-0.016299 0.017297 0.074200
-0.016299 0.017487 0.074200
-0.016299 0.017676 0.074200
-0.016299 0.017865 0.074200
-0.016299 0.018054 0.074200
-0.016299 0.018243 0.074200
-0.016299 0.018432 0.074200
-0.016299 0.018622 0.074200
-0.016299 0.018811 0.074200
-0.016299 0.019000 0.074200
-0.016299 0.019189 0.074200
-0.016299 0.019378 0.074200
-0.016299 0.019567 0.074200
-0.016299 0.019756 0.074200
-0.016299 0.019946 0.074200
-0.016321 0.020162 0.074300
-0.016321 0.020351 0.074300
-0.016343 0.020568 0.074400
-0.016365 0.020786 0.074500
-0.016408 0.021032 0.074700
-0.016452 0.021279 0.074900
-0.016496 0.021528 0.075100
-0.016562 0.021806 0.075400
-0.016606 0.022056 0.075600
-0.016650 0.022308 0.075800
-0.016672 0.022531 0.075900
-0.016694 0.022754 0.076000
-0.016694 0.022948 0.076000
-0.016694 0.023142 0.076000
-0.016716 0.023366 0.076100
-0.016738 0.023591 0.076200
-0.016738 0.023785 0.076200
-0.016760 0.024011 0.076300
-0.016782 0.024237 0.076400
-0.016782 0.024432 0.076400
-0.016804 0.024659 0.076500
-0.016826 0.024887 0.076600
-0.016870 0.025147 0.076800
-0.016936 0.025442 0.077100
-0.017002 0.025739 0.077400
-0.017067 0.026036 0.077700
-0.017133 0.026336 0.078000
-0.017177 0.026603 0.078200
-0.017265 0.026939 0.078600
-0.017309 0.027208 0.078800
-0.017375 0.027514 0.079100
-0.017397 0.027750 0.079200
-0.017397 0.027952 0.079200
-0.017419 0.028190 0.079300
-0.017419 0.028392 0.079300
-0.017441 0.028630 0.079400
-0.017441 0.028832 0.079400
-0.017463 0.029071 0.079500
-0.017507 0.029348 0.079700
-0.017529 0.029588 0.079800
-0.017551 0.029829 0.079900
-0.017595 0.030108 0.080100
-0.018155 -0.003239 0.081700
-0.018110 -0.003023 0.081500
-0.018088 -0.002812 0.081400
-0.018088 -0.002605 0.081400
-0.018066 -0.002394 0.081300
-0.018022 -0.002182 0.081100
-0.017999 -0.001972 0.081000
-0.017977 -0.001764 0.080900
-0.017955 -0.001556 0.080800
-0.017910 -0.001346 0.080600
-0.017888 -0.001139 0.080500
-0.017844 -0.000932 0.080300
-0.017844 -0.000727 0.080300
-0.017799 -0.000521 0.080100
-0.017755 -0.000316 0.079900
-0.017710 -0.000112 0.079700
-0.017666 0.000091 0.079500
-0.017622 0.000293 0.079300
-0.017577 0.000494 0.079100
-0.017533 0.000693 0.078900
-0.017466 0.000891 0.078600
-0.017444 0.001090 0.078500
-0.017399 0.001287 0.078300
-0.017377 0.001485 0.078200
-0.017333 0.001680 0.078000
-0.017310 0.001876 0.077900
-0.017266 0.002069 0.077700
-0.017222 0.002262 0.077500
-0.017155 0.002450 0.077200
-0.017110 0.002640 0.077000
-0.017044 0.002825 0.076700
-0.016999 0.003013 0.076500
-0.016955 0.003199 0.076300
-0.016933 0.003389 0.076200
-0.016888 0.003574 0.076000
-0.016866 0.003763 0.075900
-0.016844 0.003951 0.075800
-0.016822 0.004139 0.075700
-0.016799 0.004326 0.075600
-0.016777 0.004513 0.075500
-0.016755 0.004699 0.075400
-0.016733 0.004885 0.075300
-0.016710 0.005070 0.075200
-0.016710 0.005262 0.075200
-0.016688 0.005446 0.075100
-0.016688 0.005638 0.075100
-0.016666 0.005821 0.075000
-0.016666 0.006012 0.075000
-0.016666 0.006204 0.075000
-0.016644 0.006386 0.074900
-0.016644 0.006577 0.074900
-0.016622 0.006759 0.074800
-0.016622 0.006950 0.074800
-0.016599 0.007131 0.074700
-0.016599 0.007321 0.074700
-0.016577 0.007502 0.074600
-0.016555 0.007682 0.074500
-0.016510 0.007850 0.074300
-0.016488 0.008029 0.074200
-0.016466 0.008207 0.074100
-0.016422 0.008373 0.073900
-0.016399 0.008550 0.073800
-0.016377 0.008726 0.073700
-0.016333 0.008890 0.073500
-0.016310 0.009065 0.073400
-0.016288 0.009240 0.073300
-0.016288 0.009426 0.073300
-0.016288 0.009613 0.073300
-0.016266 0.009787 0.073200
-0.016266 0.009973 0.073200
-0.016266 0.010160 0.073200
-0.016266 0.010347 0.073200
-0.016266 0.010533 0.073200
-0.016266 0.010720 0.073200
-0.016266 0.010906 0.073200
-0.016266 0.011093 0.073200
-0.016266 0.011280 0.073200
-0.016288 0.011482 0.073300
-0.016288 0.011669 0.073300
-0.016288 0.011856 0.073300
-0.016288 0.012043 0.073300
-0.016288 0.012229 0.073300
-0.016310 0.012433 0.073400
-0.016310 0.012620 0.073400
-0.016310 0.012807 0.073400
-0.016310 0.012994 0.073400
-0.016310 0.013182 0.073400
-0.016310 0.013369 0.073400
-0.016310 0.013556 0.073400
-0.016310 0.013743 0.073400
-0.016333 0.013949 0.073500
-0.016333 0.014136 0.073500
-0.016333 0.014324 0.073500
-0.016333 0.014511 0.073500
-0.016333 0.014699 0.073500
-0.016355 0.014906 0.073600
-0.016355 0.015094 0.073600
-0.016355 0.015281 0.073600
-0.016377 0.015490 0.073700
-0.016377 0.015678 0.073700
-0.016377 0.015866 0.073700
-0.016399 0.016075 0.073800
-0.016422 0.016286 0.073900
-0.016444 0.016496 0.074000
-0.016444 0.016685 0.074000
-0.016466 0.016896 0.074100
-0.016466 0.017085 0.074100
-0.016488 0.017297 0.074200
-0.016488 0.017487 0.074200
-0.016488 0.017676 0.074200
-0.016488 0.017865 0.074200
-0.016488 0.018054 0.074200
-0.016488 0.018243 0.074200
-0.016488 0.018432 0.074200
-0.016488 0.018622 0.074200
-0.016488 0.018811 0.074200
-0.016488 0.019000 0.074200
-0.016488 0.019189 0.074200
-0.016488 0.019378 0.074200
-0.016488 0.019567 0.074200
-0.016488 0.019756 0.074200
-0.016488 0.019946 0.074200
-0.016488 0.020135 0.074200
-0.016510 0.020351 0.074300
-0.016510 0.020541 0.074300
-0.016555 0.020786 0.074500
-0.016577 0.021004 0.074600
-0.016622 0.021251 0.074800
-0.016666 0.021499 0.075000
-0.016733 0.021777 0.075300
-0.016777 0.022027 0.075500
-0.016822 0.022279 0.075700
-0.016866 0.022531 0.075900
-0.016888 0.022754 0.076000
-0.016888 0.022948 0.076000
-0.016888 0.023142 0.076000
-0.016910 0.023366 0.076100
-0.016910 0.023560 0.076100
-0.016933 0.023785 0.076200
-0.016933 0.023980 0.076200
-0.016955 0.024206 0.076300
-0.016977 0.024432 0.076400
-0.016999 0.024659 0.076500
-0.016999 0.024854 0.076500
-0.017066 0.025147 0.076800
-0.017133 0.025442 0.077100
-0.017199 0.025739 0.077400
-0.017266 0.026036 0.077700
-0.017333 0.026336 0.078000
-0.017377 0.026603 0.078200
-0.017466 0.026939 0.078600
-0.017510 0.027208 0.078800
-0.017577 0.027514 0.079100
-0.017599 0.027750 0.079200
-0.017599 0.027952 0.079200
-0.017622 0.028190 0.079300
-0.017622 0.028392 0.079300
-0.017644 0.028630 0.079400
-0.017644 0.028832 0.079400
-0.017666 0.029071 0.079500
-0.017710 0.029348 0.079700
-0.017733 0.029588 0.079800
-0.017755 0.029829 0.079900
-0.018296 -0.003020 0.081400
-0.018274 -0.002809 0.081300
-0.018274 -0.002602 0.081300
-0.018251 -0.002391 0.081200
-0.018229 -0.002182 0.081100
-0.018206 -0.001972 0.081000
-0.018184 -0.001764 0.080900
-0.018161 -0.001556 0.080800
-0.018116 -0.001346 0.080600
-0.018094 -0.001139 0.080500
-0.018071 -0.000933 0.080400
-0.018071 -0.000728 0.080400
-0.018026 -0.000522 0.080200
-0.017981 -0.000317 0.080000
-0.017937 -0.000112 0.079800
-0.017869 0.000091 0.079500
-0.017824 0.000293 0.079300
-0.017779 0.000494 0.079100
-0.017734 0.000693 0.078900
-0.017667 0.000891 0.078600
-0.017622 0.001089 0.078400
-0.017599 0.001287 0.078300
-0.017532 0.001481 0.078000
-0.017532 0.001680 0.078000
-0.017487 0.001874 0.077800
-0.017442 0.002067 0.077600
-0.017397 0.002259 0.077400
-0.017352 0.002450 0.077200
-0.017307 0.002640 0.077000
-0.017240 0.002825 0.076700
-0.017195 0.003013 0.076500
-0.017172 0.003203 0.076400
-0.017127 0.003389 0.076200
-0.017105 0.003579 0.076100
-0.017060 0.003763 0.075900
-0.017037 0.003951 0.075800
-0.017037 0.004144 0.075800
-0.017015 0.004332 0.075700
-0.016993 0.004519 0.075600
-0.016970 0.004705 0.075500
-0.016948 0.004891 0.075400
-0.016925 0.005077 0.075300
-0.016903 0.005262 0.075200
-0.016903 0.005453 0.075200
-0.016880 0.005638 0.075100
-0.016880 0.005829 0.075100
-0.016880 0.006021 0.075100
-0.016858 0.006204 0.075000
-0.016858 0.006395 0.075000
-0.016835 0.006577 0.074900
-0.016813 0.006759 0.074800
-0.016813 0.006950 0.074800
-0.016790 0.007131 0.074700
-0.016768 0.007312 0.074600
-0.016745 0.007492 0.074500
-0.016723 0.007671 0.074400
-0.016700 0.007850 0.074300
-0.016678 0.008029 0.074200
-0.016633 0.008196 0.074000
-0.016610 0.008373 0.073900
-0.016588 0.008550 0.073800
-0.016565 0.008726 0.073700
-0.016543 0.008902 0.073600
-0.016498 0.009065 0.073400
-0.016476 0.009240 0.073300
-0.016476 0.009426 0.073300
-0.016476 0.009613 0.073300
-0.016453 0.009787 0.073200
-0.016453 0.009973 0.073200
-0.016453 0.010160 0.073200
-0.016453 0.010347 0.073200
-0.016453 0.010533 0.073200
-0.016453 0.010720 0.073200
-0.016453 0.010906 0.073200
-0.016476 0.011108 0.073300
-0.016476 0.011295 0.073300
-0.016476 0.011482 0.073300
-0.016476 0.011669 0.073300
-0.016476 0.011856 0.073300
-0.016476 0.012043 0.073300
-0.016476 0.012229 0.073300
-0.016476 0.012416 0.073300
-0.016476 0.012603 0.073300
-0.016476 0.012790 0.073300
-0.016476 0.012977 0.073300
-0.016498 0.013182 0.073400
-0.016498 0.013369 0.073400
-0.016498 0.013556 0.073400
-0.016498 0.013743 0.073400
-0.016498 0.013930 0.073400
-0.016498 0.014117 0.073400
-0.016520 0.014324 0.073500
-0.016520 0.014511 0.073500
-0.016520 0.014699 0.073500
-0.016520 0.014886 0.073500
-0.016543 0.015094 0.073600
-0.016543 0.015281 0.073600
-0.016543 0.015469 0.073600
-0.016565 0.015678 0.073700
-0.016565 0.015866 0.073700
-0.016588 0.016075 0.073800
-0.016610 0.016286 0.073900
-0.016633 0.016496 0.074000
-0.016633 0.016685 0.074000
-0.016655 0.016896 0.074100
-0.016678 0.017108 0.074200
-0.016678 0.017297 0.074200
-0.016678 0.017487 0.074200
-0.016678 0.017676 0.074200
-0.016678 0.017865 0.074200
-0.016678 0.018054 0.074200
-0.016678 0.018243 0.074200
-0.016678 0.018432 0.074200
-0.016655 0.018596 0.074100
-0.016655 0.018785 0.074100
-0.016655 0.018974 0.074100
-0.016655 0.019163 0.074100
-0.016655 0.019352 0.074100
-0.016655 0.019541 0.074100
-0.016655 0.019730 0.074100
-0.016655 0.019919 0.074100
-0.016655 0.020108 0.074100
-0.016678 0.020324 0.074200
-0.016678 0.020513 0.074200
-0.016700 0.020730 0.074300
-0.016745 0.020976 0.074500
-0.016790 0.021223 0.074700
-0.016835 0.021470 0.074900
-0.016880 0.021719 0.075100
-0.016948 0.021998 0.075400
-0.016993 0.022249 0.075600
-0.017037 0.022501 0.075800
-0.017060 0.022724 0.075900
-0.017082 0.022948 0.076000
-0.017082 0.023142 0.076000
-0.017105 0.023366 0.076100
-0.017105 0.023560 0.076100
-0.017105 0.023754 0.076100
-0.017127 0.023980 0.076200
-0.017127 0.024174 0.076200
-0.017150 0.024400 0.076300
-0.017172 0.024627 0.076400
-0.017195 0.024854 0.076500
-0.017240 0.025115 0.076700
-0.017307 0.025409 0.077000
-0.017375 0.025705 0.077300
-0.017442 0.026003 0.077600
-0.017509 0.026302 0.077900
-0.017577 0.026603 0.078200
-0.017667 0.026939 0.078600
-0.017734 0.027243 0.078900
-0.017779 0.027514 0.079100
-0.017802 0.027750 0.079200
-0.017802 0.027952 0.079200
-0.017824 0.028190 0.079300
-0.017824 0.028392 0.079300
-0.017847 0.028630 0.079400
-0.017847 0.028832 0.079400
-0.017869 0.029071 0.079500
-0.017914 0.029348 0.079700
-0.017937 0.029588 0.079800
-0.017959 0.029829 0.079900
-0.018504 -0.003020 0.081400
-0.018481 -0.002809 0.081300
-0.018459 -0.002598 0.081200
-0.018436 -0.002388 0.081100
-0.018436 -0.002182 0.081100
-0.018413 -0.001972 0.081000
-0.018390 -0.001764 0.080900
-0.018368 -0.001556 0.080800
-0.018345 -0.001348 0.080700
-0.018322 -0.001141 0.080600
-0.018277 -0.000933 0.080400
-0.018277 -0.000728 0.080400
-0.018231 -0.000522 0.080200
-0.018209 -0.000317 0.080100
-0.018163 -0.000113 0.079900
-0.018095 0.000091 0.079600
-0.018050 0.000293 0.079400
-0.017981 0.000494 0.079100
-0.017936 0.000693 0.078900
-0.017868 0.000891 0.078600
-0.017822 0.001089 0.078400
-0.017777 0.001285 0.078200
-0.017731 0.001481 0.078000
-0.017686 0.001675 0.077800
-0.017663 0.001871 0.077700
-0.017618 0.002064 0.077500
-0.017572 0.002256 0.077300
-0.017527 0.002446 0.077100
-0.017504 0.002640 0.077000
-0.017436 0.002825 0.076700
-0.017390 0.003013 0.076500
-0.017368 0.003203 0.076400
-0.017322 0.003389 0.076200
-0.017299 0.003579 0.076100
-0.017277 0.003768 0.076000
-0.017254 0.003956 0.075900
-0.017231 0.004144 0.075800
-0.017208 0.004332 0.075700
-0.017186 0.004519 0.075600
-0.017186 0.004712 0.075600
-0.017140 0.004891 0.075400
-0.017140 0.005084 0.075400
-0.017117 0.005269 0.075300
-0.017095 0.005453 0.075200
-0.017095 0.005645 0.075200
-0.017072 0.005829 0.075100
-0.017072 0.006021 0.075100
-0.017049 0.006204 0.075000
-0.017049 0.006395 0.075000
-0.017027 0.006577 0.074900
-0.017004 0.006759 0.074800
-0.016981 0.006941 0.074700
-0.016958 0.007121 0.074600
-0.016936 0.007302 0.074500
-0.016913 0.007482 0.074400
-0.016890 0.007661 0.074300
-0.016867 0.007840 0.074200
-0.016845 0.008018 0.074100
-0.016822 0.008196 0.074000
-0.016799 0.008373 0.073900
-0.016776 0.008550 0.073800
-0.016754 0.008726 0.073700
-0.016731 0.008902 0.073600
-0.016708 0.009077 0.073500
-0.016686 0.009252 0.073400
-0.016686 0.009439 0.073400
-0.016663 0.009613 0.073300
-0.016663 0.009800 0.073300
-0.016663 0.009987 0.073300
-0.016663 0.010174 0.073300
-0.016663 0.010361 0.073300
-0.016663 0.010548 0.073300
-0.016663 0.010735 0.073300
-0.016663 0.010921 0.073300
-0.016663 0.011108 0.073300
-0.016663 0.011295 0.073300
-0.016663 0.011482 0.073300
-0.016663 0.011669 0.073300
-0.016663 0.011856 0.073300
-0.016663 0.012043 0.073300
-0.016663 0.012229 0.073300
-0.016663 0.012416 0.073300
-0.016663 0.012603 0.073300
-0.016663 0.012790 0.073300
-0.016663 0.012977 0.073300
-0.016663 0.013164 0.073300
-0.016686 0.013369 0.073400
-0.016686 0.013556 0.073400
-0.016686 0.013743 0.073400
-0.016686 0.013930 0.073400
-0.016686 0.014117 0.073400
-0.016686 0.014304 0.073400
-0.016708 0.014511 0.073500
-0.016708 0.014699 0.073500
-0.016708 0.014886 0.073500
-0.016708 0.015073 0.073500
-0.016731 0.015281 0.073600
-0.016731 0.015469 0.073600
-0.016754 0.015678 0.073700
-0.016754 0.015866 0.073700
-0.016776 0.016075 0.073800
-0.016799 0.016286 0.073900
-0.016822 0.016496 0.074000
-0.016845 0.016707 0.074100
-0.016845 0.016896 0.074100
-0.016867 0.017108 0.074200
-0.016867 0.017297 0.074200
-0.016890 0.017510 0.074300
-0.016867 0.017676 0.074200
-0.016867 0.017865 0.074200
-0.016867 0.018054 0.074200
-0.016867 0.018243 0.074200
-0.016845 0.018408 0.074100
-0.016845 0.018596 0.074100
-0.016845 0.018785 0.074100
-0.016845 0.018974 0.074100
-0.016845 0.019163 0.074100
-0.016845 0.019352 0.074100
-0.016845 0.019541 0.074100
-0.016845 0.019730 0.074100
-0.016845 0.019919 0.074100
-0.016845 0.020108 0.074100
-0.016845 0.020296 0.074100
-0.016845 0.020485 0.074100
-0.016867 0.020702 0.074200
-0.016913 0.020948 0.074400
-0.016958 0.021194 0.074600
-0.017004 0.021442 0.074800
-0.017049 0.021690 0.075000
-0.017117 0.021969 0.075300
-0.017163 0.022220 0.075500
-0.017208 0.022472 0.075700
-0.017254 0.022724 0.075900
-0.017254 0.022918 0.075900
-0.017277 0.023142 0.076000
-0.017277 0.023336 0.076000
-0.017299 0.023560 0.076100
-0.017299 0.023754 0.076100
-0.017322 0.023980 0.076200
-0.017322 0.024174 0.076200
-0.017322 0.024368 0.076200
-0.017345 0.024595 0.076300
-0.017368 0.024822 0.076400
-0.017413 0.025082 0.076600
-0.017481 0.025376 0.076900
-0.017549 0.025672 0.077200
-0.017618 0.025969 0.077500
-0.017709 0.026302 0.077900
-0.017777 0.026603 0.078200
-0.017845 0.026905 0.078500
-0.017913 0.027208 0.078800
-0.017959 0.027479 0.079000
-0.018004 0.027750 0.079200
-0.018004 0.027952 0.079200
-0.018027 0.028190 0.079300
-0.018027 0.028392 0.079300
-0.018050 0.028630 0.079400
-0.018072 0.028869 0.079500
-0.018072 0.029071 0.079500
-0.018118 0.029348 0.079700
-0.018140 0.029588 0.079800
-0.018163 0.029829 0.079900
-0.018666 -0.002805 0.081200
-0.018643 -0.002595 0.081100
-0.018643 -0.002388 0.081100
-0.018620 -0.002179 0.081000
-0.018620 -0.001972 0.081000
-0.018597 -0.001764 0.080900
-0.018574 -0.001556 0.080800
-0.018551 -0.001348 0.080700
-0.018528 -0.001141 0.080600
-0.018505 -0.000934 0.080500
-0.018505 -0.000729 0.080500
-0.018459 -0.000522 0.080300
-0.018436 -0.000317 0.080200
-0.018390 -0.000113 0.080000
-0.018321 0.000091 0.079700
-0.018275 0.000293 0.079500
-0.018206 0.000494 0.079200
-0.018137 0.000693 0.078900
-0.018068 0.000891 0.078600
-0.018023 0.001089 0.078400
-0.017977 0.001285 0.078200
-0.017931 0.001481 0.078000
-0.017862 0.001673 0.077700
-0.017839 0.001869 0.077600
-0.017816 0.002064 0.077500
-0.017770 0.002256 0.077300
-0.017724 0.002446 0.077100
-0.017678 0.002636 0.076900
-0.017632 0.002825 0.076700
-0.017609 0.003016 0.076600
-0.017563 0.003203 0.076400
-0.017517 0.003389 0.076200
-0.017494 0.003579 0.076100
-0.017471 0.003768 0.076000
-0.017448 0.003956 0.075900
-0.017425 0.004144 0.075800
-0.017425 0.004338 0.075800
-0.017402 0.004525 0.075700
-0.017379 0.004712 0.075600
-0.017356 0.004898 0.075500
-0.017333 0.005084 0.075400
-0.017310 0.005269 0.075300
-0.017310 0.005461 0.075300
-0.017287 0.005645 0.075200
-0.017287 0.005837 0.075200
-0.017264 0.006021 0.075100
-0.017241 0.006204 0.075000
-0.017241 0.006395 0.075000
-0.017218 0.006577 0.074900
-0.017195 0.006759 0.074800
-0.017172 0.006941 0.074700
-0.017149 0.007121 0.074600
-0.017126 0.007302 0.074500
-0.017103 0.007482 0.074400
-0.017080 0.007661 0.074300
-0.017057 0.007840 0.074200
-0.017034 0.008018 0.074100
-0.017011 0.008196 0.074000
-0.016965 0.008362 0.073800
-0.016942 0.008539 0.073700
-0.016942 0.008726 0.073700
-0.016919 0.008902 0.073600
-0.016896 0.009077 0.073500
-0.016873 0.009252 0.073400
-0.016873 0.009439 0.073400
-0.016850 0.009613 0.073300
-0.016850 0.009800 0.073300
-0.016850 0.009987 0.073300
-0.016850 0.010174 0.073300
-0.016850 0.010361 0.073300
-0.016850 0.010548 0.073300
-0.016850 0.010735 0.073300
-0.016850 0.010921 0.073300
-0.016850 0.011108 0.073300
-0.016850 0.011295 0.073300
-0.016850 0.011482 0.073300
-0.016850 0.011669 0.073300
-0.016850 0.011856 0.073300
-0.016850 0.012043 0.073300
-0.016850 0.012229 0.073300
-0.016850 0.012416 0.073300
-0.016850 0.012603 0.073300
-0.016850 0.012790 0.073300
-0.016850 0.012977 0.073300
-0.016850 0.013164 0.073300
-0.016850 0.013351 0.073300
-0.016850 0.013537 0.073300
-0.016850 0.013724 0.073300
-0.016873 0.013930 0.073400
-0.016873 0.014117 0.073400
-0.016873 0.014304 0.073400
-0.016873 0.014491 0.073400
-0.016896 0.014699 0.073500
-0.016896 0.014886 0.073500
-0.016896 0.015073 0.073500
-0.016919 0.015281 0.073600
-0.016919 0.015469 0.073600
-0.016942 0.015678 0.073700
-0.016942 0.015866 0.073700
-0.016965 0.016075 0.073800
-0.016988 0.016286 0.073900
-0.017011 0.016496 0.074000
-0.017034 0.016707 0.074100
-0.017034 0.016896 0.074100
-0.017057 0.017108 0.074200
-0.017057 0.017297 0.074200
-0.017080 0.017510 0.074300
-0.017057 0.017676 0.074200
-0.017057 0.017865 0.074200
-0.017057 0.018054 0.074200
-0.017034 0.018219 0.074100
-0.017034 0.018408 0.074100
-0.017034 0.018596 0.074100
-0.017011 0.018760 0.074000
-0.017011 0.018949 0.074000
-0.017011 0.019137 0.074000
-0.017011 0.019326 0.074000
-0.017011 0.019515 0.074000
-0.017011 0.019703 0.074000
-0.017011 0.019892 0.074000
-0.017011 0.020080 0.074000
-0.017011 0.020269 0.074000
-0.017034 0.020485 0.074100
-0.017057 0.020702 0.074200
-0.017080 0.020920 0.074300
-0.017103 0.021137 0.074400
-0.017172 0.021413 0.074700
-0.017241 0.021690 0.075000
-0.017264 0.021911 0.075100
-0.017333 0.022190 0.075400
-0.017379 0.022442 0.075600
-0.017425 0.022694 0.075800
-0.017448 0.022918 0.075900
-0.017471 0.023142 0.076000
-0.017471 0.023336 0.076000
-0.017471 0.023529 0.076000
-0.017494 0.023754 0.076100
-0.017494 0.023948 0.076100
-0.017517 0.024174 0.076200
-0.017517 0.024368 0.076200
-0.017540 0.024595 0.076300
-0.017563 0.024822 0.076400
-0.017609 0.025082 0.076600
-0.017655 0.025343 0.076800
-0.017724 0.025639 0.077100
-0.017793 0.025936 0.077400
-0.017885 0.026268 0.077800
-0.017977 0.026603 0.078200
-0.018045 0.026905 0.078500
-0.018114 0.027208 0.078800
-0.018160 0.027479 0.079000
-0.018206 0.027750 0.079200
-0.018206 0.027952 0.079200
-0.018229 0.028190 0.079300
-0.018229 0.028392 0.079300
-0.018252 0.028630 0.079400
-0.018252 0.028832 0.079400
-0.018275 0.029071 0.079500
-0.018321 0.029348 0.079700
-0.018367 0.029625 0.079900
-0.018390 0.029866 0.080000
-0.018505 0.030258 0.080500
-0.018505 0.030463 0.080500
-0.018574 0.030783 0.080800
-0.018874 -0.002805 0.081200
-0.018850 -0.002595 0.081100
-0.018850 -0.002388 0.081100
-0.018827 -0.002179 0.081000
-0.018827 -0.001972 0.081000
-0.018804 -0.001764 0.080900
-0.018781 -0.001556 0.080800
-0.018757 -0.001348 0.080700
-0.018734 -0.001141 0.080600
-0.018711 -0.000934 0.080500
-0.018711 -0.000729 0.080500
-0.018688 -0.000523 0.080400
-0.018641 -0.000317 0.080200
-0.018618 -0.000113 0.080100
-0.018571 0.000091 0.079900
-0.018502 0.000294 0.079600
-0.018432 0.000495 0.079300
-0.018362 0.000694 0.079000
-0.018293 0.000892 0.078700
-0.018223 0.001089 0.078400
-0.018176 0.001285 0.078200
-0.018107 0.001479 0.077900
-0.018060 0.001673 0.077700
-0.018014 0.001866 0.077500
-0.017990 0.002061 0.077400
-0.017944 0.002253 0.077200
-0.017897 0.002443 0.077000
-0.017874 0.002636 0.076900
-0.017828 0.002825 0.076700
-0.017781 0.003013 0.076500
-0.017758 0.003203 0.076400
-0.017711 0.003389 0.076200
-0.017688 0.003579 0.076100
-0.017665 0.003768 0.076000
-0.017642 0.003956 0.075900
-0.017642 0.004150 0.075900
-0.017619 0.004338 0.075800
-0.017595 0.004525 0.075700
-0.017572 0.004712 0.075600
-0.017549 0.004898 0.075500
-0.017526 0.005084 0.075400
-0.017526 0.005276 0.075400
-0.017502 0.005461 0.075300
-0.017479 0.005645 0.075200
-0.017479 0.005837 0.075200
-0.017456 0.006021 0.075100
-0.017433 0.006204 0.075000
-0.017409 0.006386 0.074900
-0.017386 0.006569 0.074800
-0.017363 0.006750 0.074700
-0.017340 0.006931 0.074600
-0.017316 0.007112 0.074500
-0.017293 0.007292 0.074400
-0.017270 0.007472 0.074300
-0.017247 0.007651 0.074200
-0.017223 0.007829 0.074100
-0.017200 0.008007 0.074000
-0.017177 0.008185 0.073900
-0.017154 0.008362 0.073800
-0.017130 0.008539 0.073700
-0.017107 0.008715 0.073600
-0.017084 0.008890 0.073500
-0.017084 0.009077 0.073500
-0.017061 0.009252 0.073400
-0.017061 0.009439 0.073400
-0.017037 0.009613 0.073300
-0.017037 0.009800 0.073300
-0.017037 0.009987 0.073300
-0.017037 0.010174 0.073300
-0.017037 0.010361 0.073300
-0.017037 0.010548 0.073300
-0.017037 0.010735 0.073300
-0.017037 0.010921 0.073300
-0.017061 0.011123 0.073400
-0.017037 0.011295 0.073300
-0.017037 0.011482 0.073300
-0.017037 0.011669 0.073300
-0.017037 0.011856 0.073300
-0.017037 0.012043 0.073300
-0.017037 0.012229 0.073300
-0.017037 0.012416 0.073300
-0.017037 0.012603 0.073300
-0.017037 0.012790 0.073300
-0.017037 0.012977 0.073300
-0.017037 0.013164 0.073300
-0.017037 0.013351 0.073300
-0.017037 0.013537 0.073300
-0.017037 0.013724 0.073300
-0.017037 0.013911 0.073300
-0.017037 0.014098 0.073300
-0.017061 0.014304 0.073400
-0.017061 0.014491 0.073400
-0.017061 0.014679 0.073400
-0.017061 0.014866 0.073400
-0.017084 0.015073 0.073500
-0.017084 0.015261 0.073500
-0.017107 0.015469 0.073600
-0.017130 0.015678 0.073700
-0.017154 0.015887 0.073800
-0.017154 0.016075 0.073800
-0.017177 0.016286 0.073900
-0.017200 0.016496 0.074000
-0.017223 0.016707 0.074100
-0.017247 0.016919 0.074200
-0.017247 0.017108 0.074200
-0.017270 0.017321 0.074300
-0.017270 0.017510 0.074300
-0.017247 0.017676 0.074200
-0.017247 0.017865 0.074200
-0.017247 0.018054 0.074200
-0.017223 0.018219 0.074100
-0.017223 0.018408 0.074100
-0.017223 0.018596 0.074100
-0.017200 0.018760 0.074000
-0.017200 0.018949 0.074000
-0.017200 0.019137 0.074000
-0.017200 0.019326 0.074000
-0.017200 0.019515 0.074000
-0.017200 0.019703 0.074000
-0.017200 0.019892 0.074000
-0.017200 0.020080 0.074000
-0.017200 0.020269 0.074000
-0.017223 0.020485 0.074100
-0.017223 0.020674 0.074100
-0.017247 0.020891 0.074200
-0.017270 0.021109 0.074300
-0.017340 0.021384 0.074600
-0.017386 0.021632 0.074800
-0.017433 0.021881 0.075000
-0.017479 0.022131 0.075200
-0.017549 0.022412 0.075500
-0.017595 0.022665 0.075700
-0.017619 0.022888 0.075800
-0.017642 0.023111 0.075900
-0.017665 0.023336 0.076000
-0.017665 0.023529 0.076000
-0.017665 0.023723 0.076000
-0.017688 0.023948 0.076100
-0.017688 0.024142 0.076100
-0.017711 0.024368 0.076200
-0.017711 0.024562 0.076200
-0.017735 0.024789 0.076300
-0.017804 0.025082 0.076600
-0.017851 0.025343 0.076800
-0.017921 0.025639 0.077100
-0.017990 0.025936 0.077400
-0.018083 0.026268 0.077800
-0.018153 0.026569 0.078100
-0.018246 0.026905 0.078500
-0.018316 0.027208 0.078800
-0.018362 0.027479 0.079000
-0.018386 0.027715 0.079100
-0.018409 0.027952 0.079200
-0.018409 0.028154 0.079200
-0.018432 0.028392 0.079300
-0.018432 0.028594 0.079300
-0.018455 0.028832 0.079400
-0.018502 0.029108 0.079600
-0.018548 0.029385 0.079800
-0.018595 0.029662 0.080000
-0.018618 0.029903 0.080100
-0.018711 0.030258 0.080500
-0.018711 0.030463 0.080500
-0.018781 0.030783 0.080800
-0.019058 -0.002595 0.081100
-0.019058 -0.002388 0.081100
-0.019034 -0.002179 0.081000
-0.019034 -0.001972 0.081000
-0.019011 -0.001764 0.080900
-0.018987 -0.001556 0.080800
-0.018964 -0.001348 0.080700
-0.018964 -0.001142 0.080700
-0.018940 -0.000935 0.080600
-0.018940 -0.000730 0.080600
-0.018893 -0.000523 0.080400
-0.018870 -0.000318 0.080300
-0.018823 -0.000113 0.080100
-0.018776 0.000091 0.079900
-0.018729 0.000294 0.079700
-0.018658 0.000495 0.079400
-0.018588 0.000695 0.079100
-0.018517 0.000893 0.078800
-0.018447 0.001090 0.078500
-0.018376 0.001285 0.078200
-0.018306 0.001479 0.077900
-0.018259 0.001673 0.077700
-0.018212 0.001866 0.077500
-0.018165 0.002059 0.077300
-0.018118 0.002250 0.077100
-0.018094 0.002443 0.077000
-0.018047 0.002633 0.076800
-0.018024 0.002825 0.076700
-0.017977 0.003013 0.076500
-0.017953 0.003203 0.076400
-0.017930 0.003394 0.076300
-0.017906 0.003583 0.076200
-0.017883 0.003773 0.076100
-0.017859 0.003962 0.076000
-0.017836 0.004150 0.075900
-0.017812 0.004338 0.075800
-0.017789 0.004525 0.075700
-0.017789 0.004718 0.075700
-0.017765 0.004904 0.075600
-0.017742 0.005090 0.075500
-0.017718 0.005276 0.075400
-0.017695 0.005461 0.075300
-0.017671 0.005645 0.075200
-0.017648 0.005829 0.075100
-0.017648 0.006021 0.075100
-0.017624 0.006204 0.075000
-0.017601 0.006386 0.074900
-0.017577 0.006569 0.074800
-0.017554 0.006750 0.074700
-0.017530 0.006931 0.074600
-0.017483 0.007102 0.074400
-0.017460 0.007282 0.074300
-0.017436 0.007462 0.074200
-0.017413 0.007640 0.074100
-0.017389 0.007819 0.074000
-0.017366 0.007997 0.073900
-0.017342 0.008174 0.073800
-0.017319 0.008351 0.073700
-0.017319 0.008539 0.073700
-0.017295 0.008715 0.073600
-0.017272 0.008890 0.073500
-0.017272 0.009077 0.073500
-0.017248 0.009252 0.073400
-0.017248 0.009439 0.073400
-0.017248 0.009626 0.073400
-0.017248 0.009814 0.073400
-0.017225 0.009987 0.073300
-0.017225 0.010174 0.073300
-0.017225 0.010361 0.073300
-0.017225 0.010548 0.073300
-0.017225 0.010735 0.073300
-0.017248 0.010936 0.073400
-0.017248 0.011123 0.073400
-0.017225 0.011295 0.073300
-0.017225 0.011482 0.073300
-0.017225 0.011669 0.073300
-0.017225 0.011856 0.073300
-0.017225 0.012043 0.073300
-0.017225 0.012229 0.073300
-0.017201 0.012399 0.073200
-0.017201 0.012586 0.073200
-0.017201 0.012772 0.073200
-0.017201 0.012959 0.073200
-0.017201 0.013146 0.073200
-0.017201 0.013332 0.073200
-0.017201 0.013519 0.073200
-0.017201 0.013705 0.073200
-0.017225 0.013911 0.073300
-0.017225 0.014098 0.073300
-0.017225 0.014285 0.073300
-0.017225 0.014472 0.073300
-0.017248 0.014679 0.073400
-0.017248 0.014866 0.073400
-0.017248 0.015053 0.073400
-0.017272 0.015261 0.073500
-0.017295 0.015469 0.073600
-0.017319 0.015678 0.073700
-0.017342 0.015887 0.073800
-0.017366 0.016097 0.073900
-0.017366 0.016286 0.073900
-0.017389 0.016496 0.074000
-0.017413 0.016707 0.074100
-0.017436 0.016919 0.074200
-0.017460 0.017131 0.074300
-0.017460 0.017321 0.074300
-0.017460 0.017510 0.074300
-0.017436 0.017676 0.074200
-0.017436 0.017865 0.074200
-0.017436 0.018054 0.074200
-0.017413 0.018219 0.074100
-0.017413 0.018408 0.074100
-0.017389 0.018571 0.074000
-0.017389 0.018760 0.074000
-0.017389 0.018949 0.074000
-0.017389 0.019137 0.074000
-0.017389 0.019326 0.074000
-0.017389 0.019515 0.074000
-0.017389 0.019703 0.074000
-0.017389 0.019892 0.074000
-0.017389 0.020080 0.074000
-0.017389 0.020269 0.074000
-0.017389 0.020458 0.074000
-0.017413 0.020674 0.074100
-0.017436 0.020891 0.074200
-0.017460 0.021109 0.074300
-0.017507 0.021356 0.074500
-0.017554 0.021603 0.074700
-0.017601 0.021852 0.074900
-0.017648 0.022102 0.075100
-0.017718 0.022382 0.075400
-0.017765 0.022635 0.075600
-0.017812 0.022888 0.075800
-0.017836 0.023111 0.075900
-0.017836 0.023305 0.075900
-0.017859 0.023529 0.076000
-0.017859 0.023723 0.076000
-0.017883 0.023948 0.076100
-0.017883 0.024142 0.076100
-0.017906 0.024368 0.076200
-0.017906 0.024562 0.076200
-0.017930 0.024789 0.076300
-0.017977 0.025049 0.076500
-0.018024 0.025310 0.076700
-0.018094 0.025605 0.077000
-0.018188 0.025936 0.077400
-0.018259 0.026234 0.077700
-0.018329 0.026535 0.078000
-0.018423 0.026870 0.078400
-0.018494 0.027174 0.078700
-0.018541 0.027444 0.078900
-0.018564 0.027680 0.079000
-0.018588 0.027917 0.079100
-0.018611 0.028154 0.079200
-0.018635 0.028392 0.079300
-0.018635 0.028594 0.079300
-0.018682 0.028869 0.079500
-0.018705 0.029108 0.079600
-0.018776 0.029421 0.079900
-0.018846 0.029736 0.080200
-0.018870 0.029978 0.080300
-0.018964 0.030333 0.080700
-0.018964 0.030539 0.080700
-0.019034 0.030859 0.081000
-0.019241 -0.002179 0.081000
-0.019241 -0.001972 0.081000
-0.019217 -0.001764 0.080900
-0.019194 -0.001556 0.080800
-0.019194 -0.001350 0.080800
-0.019170 -0.001142 0.080700
-0.019146 -0.000935 0.080600
-0.019146 -0.000730 0.080600
-0.019122 -0.000524 0.080500
-0.019099 -0.000318 0.080400
-0.019051 -0.000113 0.080200
-0.018980 0.000091 0.079900
-0.018956 0.000294 0.079800
-0.018885 0.000496 0.079500
-0.018814 0.000696 0.079200
-0.018719 0.000893 0.078800
-0.018647 0.001090 0.078500
-0.018576 0.001285 0.078200
-0.018505 0.001479 0.077900
-0.018457 0.001673 0.077700
-0.018410 0.001866 0.077500
-0.018362 0.002059 0.077300
-0.018315 0.002250 0.077100
-0.018291 0.002443 0.077000
-0.018243 0.002633 0.076800
-0.018220 0.002825 0.076700
-0.018172 0.003013 0.076500
-0.018148 0.003203 0.076400
-0.018125 0.003394 0.076300
-0.018101 0.003583 0.076200
-0.018077 0.003773 0.076100
-0.018053 0.003962 0.076000
-0.018030 0.004150 0.075900
-0.018006 0.004338 0.075800
-0.018006 0.004531 0.075800
-0.017982 0.004718 0.075700
-0.017958 0.004904 0.075600
-0.017935 0.005090 0.075500
-0.017911 0.005276 0.075400
-0.017887 0.005461 0.075300
-0.017863 0.005645 0.075200
-0.017840 0.005829 0.075100
-0.017816 0.006012 0.075000
-0.017792 0.006195 0.074900
-0.017768 0.006378 0.074800
-0.017745 0.006560 0.074700
-0.017721 0.006741 0.074600
-0.017697 0.006922 0.074500
-0.017673 0.007102 0.074400
-0.017650 0.007282 0.074300
-0.017602 0.007452 0.074100
-0.017578 0.007630 0.074000
-0.017555 0.007808 0.073900
-0.017531 0.007986 0.073800
-0.017507 0.008163 0.073700
-0.017507 0.008351 0.073700
-0.017483 0.008527 0.073600
-0.017460 0.008703 0.073500
-0.017460 0.008890 0.073500
-0.017436 0.009065 0.073400
-0.017436 0.009252 0.073400
-0.017436 0.009439 0.073400
-0.017436 0.009626 0.073400
-0.017436 0.009814 0.073400
-0.017436 0.010001 0.073400
-0.017412 0.010174 0.073300
-0.017412 0.010361 0.073300
-0.017412 0.010548 0.073300
-0.017412 0.010735 0.073300
-0.017412 0.010921 0.073300
-0.017412 0.011108 0.073300
-0.017412 0.011295 0.073300
-0.017412 0.011482 0.073300
-0.017412 0.011669 0.073300
-0.017412 0.011856 0.073300
-0.017388 0.012026 0.073200
-0.017388 0.012213 0.073200
-0.017388 0.012399 0.073200
-0.017388 0.012586 0.073200
-0.017388 0.012772 0.073200
-0.017388 0.012959 0.073200
-0.017388 0.013146 0.073200
-0.017388 0.013332 0.073200
-0.017388 0.013519 0.073200
-0.017388 0.013705 0.073200
-0.017388 0.013892 0.073200
-0.017388 0.014079 0.073200
-0.017412 0.014285 0.073300
-0.017412 0.014472 0.073300
-0.017412 0.014659 0.073300
-0.017436 0.014866 0.073400
-0.017436 0.015053 0.073400
-0.017460 0.015261 0.073500
-0.017483 0.015469 0.073600
-0.017507 0.015678 0.073700
-0.017507 0.015866 0.073700
-0.017555 0.016097 0.073900
-0.017555 0.016286 0.073900
-0.017602 0.016519 0.074100
-0.017602 0.016707 0.074100
-0.017626 0.016919 0.074200
-0.017650 0.017131 0.074300
-0.017650 0.017321 0.074300
-0.017650 0.017510 0.074300
-0.017626 0.017676 0.074200
-0.017626 0.017865 0.074200
-0.017602 0.018030 0.074100
-0.017602 0.018219 0.074100
-0.017578 0.018383 0.074000
-0.017578 0.018571 0.074000
-0.017578 0.018760 0.074000
-0.017578 0.018949 0.074000
-0.017578 0.019137 0.074000
-0.017578 0.019326 0.074000
-0.017578 0.019515 0.074000
-0.017578 0.019703 0.074000
-0.017578 0.019892 0.074000
-0.017578 0.020080 0.074000
-0.017578 0.020269 0.074000
-0.017578 0.020458 0.074000
-0.017602 0.020674 0.074100
-0.017602 0.020863 0.074100
-0.017626 0.021080 0.074200
-0.017673 0.021327 0.074400
-0.017721 0.021574 0.074600
-0.017768 0.021823 0.074800
-0.017840 0.022102 0.075100
-0.017911 0.022382 0.075400
-0.017958 0.022635 0.075600
-0.018006 0.022888 0.075800
-0.018030 0.023111 0.075900
-0.018030 0.023305 0.075900
-0.018030 0.023498 0.075900
-0.018053 0.023723 0.076000
-0.018077 0.023948 0.076100
-0.018077 0.024142 0.076100
-0.018101 0.024368 0.076200
-0.018101 0.024562 0.076200
-0.018125 0.024789 0.076300
-0.018172 0.025049 0.076500
-0.018220 0.025310 0.076700
-0.018291 0.025605 0.077000
-0.018362 0.025902 0.077300
-0.018433 0.026201 0.077600
-0.018505 0.026501 0.077900
-0.018600 0.026836 0.078300
-0.018671 0.027139 0.078600
-0.018719 0.027409 0.078800
-0.018766 0.027680 0.079000
-0.018766 0.027882 0.079000
-0.018790 0.028119 0.079100
-0.018814 0.028356 0.079200
-0.018837 0.028594 0.079300
-0.018885 0.028869 0.079500
-0.018932 0.029145 0.079700
-0.019004 0.029458 0.080000
-0.019075 0.029773 0.080300
-0.019146 0.030090 0.080600
-0.019170 0.030333 0.080700
-0.019217 0.030615 0.080900
-0.019289 0.030935 0.081200
-0.019448 -0.001972 0.081000
-0.019424 -0.001764 0.080900
-0.019400 -0.001556 0.080800
-0.019400 -0.001350 0.080800
-0.019376 -0.001142 0.080700
-0.019352 -0.000935 0.080600
-0.019352 -0.000730 0.080600
-0.019328 -0.000524 0.080500
-0.019304 -0.000318 0.080400
-0.019256 -0.000113 0.080200
-0.019208 0.000091 0.080000
-0.019160 0.000294 0.079800
-0.019088 0.000496 0.079500
-0.019040 0.000697 0.079300
-0.018968 0.000896 0.079000
-0.018872 0.001092 0.078600
-0.018800 0.001287 0.078300
-0.018728 0.001481 0.078000
-0.018656 0.001673 0.077700
-0.018632 0.001869 0.077600
-0.018560 0.002059 0.077300
-0.018512 0.002250 0.077100
-0.018464 0.002440 0.076900
-0.018416 0.002629 0.076700
-0.018392 0.002821 0.076600
-0.018368 0.003013 0.076500
-0.018344 0.003203 0.076400
-0.018320 0.003394 0.076300
-0.018296 0.003583 0.076200
-0.018272 0.003773 0.076100
-0.018248 0.003962 0.076000
-0.018224 0.004150 0.075900
-0.018200 0.004338 0.075800
-0.018176 0.004525 0.075700
-0.018152 0.004712 0.075600
-0.018128 0.004898 0.075500
-0.018104 0.005084 0.075400
-0.018080 0.005269 0.075300
-0.018055 0.005453 0.075200
-0.018031 0.005638 0.075100
-0.018007 0.005821 0.075000
-0.017983 0.006004 0.074900
-0.017959 0.006187 0.074800
-0.017935 0.006369 0.074700
-0.017911 0.006551 0.074600
-0.017887 0.006732 0.074500
-0.017863 0.006913 0.074400
-0.017839 0.007093 0.074300
-0.017815 0.007272 0.074200
-0.017791 0.007452 0.074100
-0.017767 0.007630 0.074000
-0.017743 0.007808 0.073900
-0.017719 0.007986 0.073800
-0.017695 0.008163 0.073700
-0.017671 0.008339 0.073600
-0.017671 0.008527 0.073600
-0.017647 0.008703 0.073500
-0.017647 0.008890 0.073500
-0.017623 0.009065 0.073400
-0.017623 0.009252 0.073400
-0.017623 0.009439 0.073400
-0.017623 0.009626 0.073400
-0.017623 0.009814 0.073400
-0.017623 0.010001 0.073400
-0.017599 0.010174 0.073300
-0.017599 0.010361 0.073300
-0.017599 0.010548 0.073300
-0.017599 0.010735 0.073300
-0.017599 0.010921 0.073300
-0.017599 0.011108 0.073300
-0.017599 0.011295 0.073300
-0.017599 0.011482 0.073300
-0.017599 0.011669 0.073300
-0.017575 0.011839 0.073200
-0.017575 0.012026 0.073200
-0.017575 0.012213 0.073200
-0.017575 0.012399 0.073200
-0.017575 0.012586 0.073200
-0.017551 0.012755 0.073100
-0.017551 0.012941 0.073100
-0.017551 0.013128 0.073100
-0.017551 0.013314 0.073100
-0.017551 0.013500 0.073100
-0.017551 0.013687 0.073100
-0.017575 0.013892 0.073200
-0.017575 0.014079 0.073200
-0.017575 0.014265 0.073200
-0.017575 0.014452 0.073200
-0.017599 0.014659 0.073300
-0.017623 0.014866 0.073400
-0.017623 0.015053 0.073400
-0.017647 0.015261 0.073500
-0.017671 0.015469 0.073600
-0.017671 0.015657 0.073600
-0.017695 0.015866 0.073700
-0.017719 0.016075 0.073800
-0.017743 0.016286 0.073900
-0.017767 0.016496 0.074000
-0.017791 0.016707 0.074100
-0.017815 0.016919 0.074200
-0.017815 0.017108 0.074200
-0.017815 0.017297 0.074200
-0.017815 0.017487 0.074200
-0.017815 0.017676 0.074200
-0.017815 0.017865 0.074200
-0.017791 0.018030 0.074100
-0.017791 0.018219 0.074100
-0.017767 0.018383 0.074000
-0.017767 0.018571 0.074000
-0.017767 0.018760 0.074000
-0.017767 0.018949 0.074000
-0.017767 0.019137 0.074000
-0.017767 0.019326 0.074000
-0.017767 0.019515 0.074000
-0.017767 0.019703 0.074000
-0.017767 0.019892 0.074000
-0.017767 0.020080 0.074000
-0.017767 0.020269 0.074000
-0.017767 0.020458 0.074000
-0.017791 0.020674 0.074100
-0.017791 0.020863 0.074100
-0.017815 0.021080 0.074200
-0.017863 0.021327 0.074400
-0.017911 0.021574 0.074600
-0.017959 0.021823 0.074800
-0.018007 0.022073 0.075000
-0.018080 0.022353 0.075300
-0.018152 0.022635 0.075600
-0.018176 0.022857 0.075700
-0.018224 0.023111 0.075900
-0.018224 0.023305 0.075900
-0.018224 0.023498 0.075900
-0.018248 0.023723 0.076000
-0.018272 0.023948 0.076100
-0.018272 0.024142 0.076100
-0.018296 0.024368 0.076200
-0.018296 0.024562 0.076200
-0.018320 0.024789 0.076300
-0.018344 0.025016 0.076400
-0.018392 0.025277 0.076600
-0.018464 0.025572 0.076900
-0.018536 0.025869 0.077200
-0.018632 0.026201 0.077600
-0.018704 0.026501 0.077900
-0.018776 0.026802 0.078200
-0.018848 0.027105 0.078500
-0.018896 0.027375 0.078700
-0.018944 0.027645 0.078900
-0.018968 0.027882 0.079000
-0.018992 0.028119 0.079100
-0.019016 0.028356 0.079200
-0.019040 0.028594 0.079300
-0.019088 0.028869 0.079500
-0.019136 0.029145 0.079700
-0.019232 0.029495 0.080100
-0.019304 0.029810 0.080400
-0.019352 0.030090 0.080600
-0.019400 0.030371 0.080800
-0.019472 0.030690 0.081100
-0.019544 0.031011 0.081400
-0.019655 -0.001972 0.081000
-0.019631 -0.001764 0.080900
-0.019607 -0.001556 0.080800
-0.019582 -0.001348 0.080700
-0.019558 -0.001141 0.080600
-0.019558 -0.000935 0.080600
-0.019558 -0.000730 0.080600
-0.019534 -0.000524 0.080500
-0.019509 -0.000318 0.080400
-0.019461 -0.000113 0.080200
-0.019437 0.000091 0.080100
-0.019388 0.000295 0.079900
-0.019315 0.000497 0.079600
-0.019243 0.000697 0.079300
-0.019170 0.000896 0.079000
-0.019097 0.001093 0.078700
-0.019024 0.001289 0.078400
-0.018927 0.001481 0.078000
-0.018879 0.001675 0.077800
-0.018830 0.001869 0.077600
-0.018781 0.002061 0.077400
-0.018709 0.002250 0.077100
-0.018660 0.002440 0.076900
-0.018612 0.002629 0.076700
-0.018587 0.002821 0.076600
-0.018563 0.003013 0.076500
-0.018539 0.003203 0.076400
-0.018515 0.003394 0.076300
-0.018490 0.003583 0.076200
-0.018466 0.003773 0.076100
-0.018442 0.003962 0.076000
-0.018417 0.004150 0.075900
-0.018393 0.004338 0.075800
-0.018369 0.004525 0.075700
-0.018345 0.004712 0.075600
-0.018296 0.004891 0.075400
-0.018272 0.005077 0.075300
-0.018248 0.005262 0.075200
-0.018223 0.005446 0.075100
-0.018199 0.005630 0.075000
-0.018175 0.005814 0.074900
-0.018151 0.005996 0.074800
-0.018126 0.006179 0.074700
-0.018102 0.006361 0.074600
-0.018102 0.006551 0.074600
-0.018078 0.006732 0.074500
-0.018054 0.006913 0.074400
-0.018005 0.007083 0.074200
-0.017981 0.007263 0.074100
-0.017956 0.007441 0.074000
-0.017932 0.007620 0.073900
-0.017908 0.007798 0.073800
-0.017884 0.007975 0.073700
-0.017884 0.008163 0.073700
-0.017859 0.008339 0.073600
-0.017835 0.008515 0.073500
-0.017835 0.008703 0.073500
-0.017835 0.008890 0.073500
-0.017811 0.009065 0.073400
-0.017811 0.009252 0.073400
-0.017811 0.009439 0.073400
-0.017811 0.009626 0.073400
-0.017811 0.009814 0.073400
-0.017811 0.010001 0.073400
-0.017811 0.010188 0.073400
-0.017787 0.010361 0.073300
-0.017787 0.010548 0.073300
-0.017787 0.010735 0.073300
-0.017787 0.010921 0.073300
-0.017787 0.011108 0.073300
-0.017787 0.011295 0.073300
-0.017787 0.011482 0.073300
-0.017762 0.011653 0.073200
-0.017762 0.011839 0.073200
-0.017762 0.012026 0.073200
-0.017762 0.012213 0.073200
-0.017738 0.012382 0.073100
-0.017738 0.012569 0.073100
-0.017738 0.012755 0.073100
-0.017738 0.012941 0.073100
-0.017738 0.013128 0.073100
-0.017738 0.013314 0.073100
-0.017738 0.013500 0.073100
-0.017738 0.013687 0.073100
-0.017738 0.013873 0.073100
-0.017762 0.014079 0.073200
-0.017762 0.014265 0.073200
-0.017762 0.014452 0.073200
-0.017787 0.014659 0.073300
-0.017811 0.014866 0.073400
-0.017811 0.015053 0.073400
-0.017835 0.015261 0.073500
-0.017835 0.015448 0.073500
-0.017859 0.015657 0.073600
-0.017884 0.015866 0.073700
-0.017908 0.016075 0.073800
-0.017932 0.016286 0.073900
-0.017956 0.016496 0.074000
-0.017956 0.016685 0.074000
-0.017981 0.016896 0.074100
-0.018005 0.017108 0.074200
-0.018005 0.017297 0.074200
-0.018005 0.017487 0.074200
-0.018005 0.017676 0.074200
-0.017981 0.017841 0.074100
-0.017981 0.018030 0.074100
-0.017981 0.018219 0.074100
-0.017956 0.018383 0.074000
-0.017956 0.018571 0.074000
-0.017956 0.018760 0.074000
-0.017956 0.018949 0.074000
-0.017956 0.019137 0.074000
-0.017956 0.019326 0.074000
-0.017956 0.019515 0.074000
-0.017956 0.019703 0.074000
-0.017956 0.019892 0.074000
-0.017956 0.020080 0.074000
-0.017956 0.020269 0.074000
-0.017956 0.020458 0.074000
-0.017981 0.020674 0.074100
-0.017981 0.020863 0.074100
-0.018005 0.021080 0.074200
-0.018029 0.021298 0.074300
-0.018078 0.021546 0.074500
-0.018126 0.021794 0.074700
-0.018175 0.022043 0.074900
-0.018248 0.022323 0.075200
-0.018296 0.022575 0.075400
-0.018369 0.022857 0.075700
-0.018393 0.023081 0.075800
-0.018417 0.023305 0.075900
-0.018417 0.023498 0.075900
-0.018442 0.023723 0.076000
-0.018466 0.023948 0.076100
-0.018466 0.024142 0.076100
-0.018490 0.024368 0.076200
-0.018490 0.024562 0.076200
-0.018515 0.024789 0.076300
-0.018539 0.025016 0.076400
-0.018587 0.025277 0.076600
-0.018660 0.025572 0.076900
-0.018733 0.025869 0.077200
-0.018806 0.026167 0.077500
-0.018879 0.026467 0.077800
-0.018951 0.026768 0.078100
-0.019000 0.027036 0.078300
-0.019073 0.027340 0.078600
-0.019121 0.027610 0.078800
-0.019145 0.027846 0.078900
-0.019170 0.028083 0.079000
-0.019194 0.028320 0.079100
-0.019218 0.028558 0.079200
-0.019291 0.028869 0.079500
-0.019364 0.029181 0.079800
-0.019461 0.029532 0.080200
-0.019607 0.029959 0.080800
-0.019607 0.030165 0.080800
-0.019655 0.030446 0.081000
-0.019728 0.030766 0.081300
-0.019776 0.031049 0.081500
-0.019813 -0.001556 0.080800
-0.019788 -0.001348 0.080700
-0.019764 -0.001141 0.080600
-0.019739 -0.000934 0.080500
-0.019739 -0.000729 0.080500
-0.019739 -0.000524 0.080500
-0.019715 -0.000318 0.080400
-0.019690 -0.000113 0.080300
-0.019641 0.000091 0.080100
-0.019592 0.000295 0.079900
-0.019543 0.000497 0.079700
-0.019470 0.000698 0.079400
-0.019396 0.000897 0.079100
-0.019298 0.001093 0.078700
-0.019224 0.001289 0.078400
-0.019175 0.001485 0.078200
-0.019102 0.001678 0.077900
-0.019028 0.001869 0.077600
-0.018979 0.002061 0.077400
-0.018930 0.002253 0.077200
-0.018881 0.002443 0.077000
-0.018832 0.002633 0.076800
-0.018783 0.002821 0.076600
-0.018759 0.003013 0.076500
-0.018734 0.003203 0.076400
-0.018710 0.003394 0.076300
-0.018685 0.003583 0.076200
-0.018660 0.003773 0.076100
-0.018636 0.003962 0.076000
-0.018611 0.004150 0.075900
-0.018587 0.004338 0.075800
-0.018538 0.004519 0.075600
-0.018513 0.004705 0.075500
-0.018489 0.004891 0.075400
-0.018464 0.005077 0.075300
-0.018440 0.005262 0.075200
-0.018391 0.005439 0.075000
-0.018366 0.005623 0.074900
-0.018342 0.005806 0.074800
-0.018317 0.005988 0.074700
-0.018293 0.006171 0.074600
-0.018268 0.006352 0.074500
-0.018268 0.006542 0.074500
-0.018244 0.006723 0.074400
-0.018219 0.006903 0.074300
-0.018195 0.007083 0.074200
-0.018170 0.007263 0.074100
-0.018146 0.007441 0.074000
-0.018121 0.007620 0.073900
-0.018096 0.007798 0.073800
-0.018072 0.007975 0.073700
-0.018047 0.008152 0.073600
-0.018047 0.008339 0.073600
-0.018023 0.008515 0.073500
-0.018023 0.008703 0.073500
-0.018023 0.008890 0.073500
-0.017998 0.009065 0.073400
-0.017998 0.009252 0.073400
-0.017998 0.009439 0.073400
-0.017998 0.009626 0.073400
-0.017998 0.009814 0.073400
-0.017998 0.010001 0.073400
-0.017998 0.010188 0.073400
-0.017974 0.010361 0.073300
-0.017974 0.010548 0.073300
-0.017974 0.010735 0.073300
-0.017974 0.010921 0.073300
-0.017974 0.011108 0.073300
-0.017974 0.011295 0.073300
-0.017949 0.011466 0.073200
-0.017949 0.011653 0.073200
-0.017949 0.011839 0.073200
-0.017949 0.012026 0.073200
-0.017925 0.012196 0.073100
-0.017925 0.012382 0.073100
-0.017925 0.012569 0.073100
-0.017925 0.012755 0.073100
-0.017925 0.012941 0.073100
-0.017900 0.013110 0.073000
-0.017900 0.013296 0.073000
-0.017925 0.013500 0.073100
-0.017925 0.013687 0.073100
-0.017925 0.013873 0.073100
-0.017925 0.014059 0.073100
-0.017949 0.014265 0.073200
-0.017949 0.014452 0.073200
-0.017949 0.014639 0.073200
-0.017974 0.014845 0.073300
-0.017974 0.015032 0.073300
-0.017998 0.015240 0.073400
-0.018023 0.015448 0.073500
-0.018047 0.015657 0.073600
-0.018072 0.015866 0.073700
-0.018072 0.016054 0.073700
-0.018096 0.016264 0.073800
-0.018121 0.016474 0.073900
-0.018146 0.016685 0.074000
-0.018146 0.016874 0.074000
-0.018170 0.017085 0.074100
-0.018195 0.017297 0.074200
-0.018195 0.017487 0.074200
-0.018195 0.017676 0.074200
-0.018170 0.017841 0.074100
-0.018170 0.018030 0.074100
-0.018170 0.018219 0.074100
-0.018170 0.018408 0.074100
-0.018146 0.018571 0.074000
-0.018146 0.018760 0.074000
-0.018146 0.018949 0.074000
-0.018146 0.019137 0.074000
-0.018146 0.019326 0.074000
-0.018146 0.019515 0.074000
-0.018146 0.019703 0.074000
-0.018146 0.019892 0.074000
-0.018146 0.020080 0.074000
-0.018146 0.020269 0.074000
-0.018146 0.020458 0.074000
-0.018170 0.020674 0.074100
-0.018170 0.020863 0.074100
-0.018195 0.021080 0.074200
-0.018219 0.021298 0.074300
-0.018268 0.021546 0.074500
-0.018317 0.021794 0.074700
-0.018366 0.022043 0.074900
-0.018440 0.022323 0.075200
-0.018489 0.022575 0.075400
-0.018538 0.022827 0.075600
-0.018587 0.023081 0.075800
-0.018611 0.023305 0.075900
-0.018611 0.023498 0.075900
-0.018636 0.023723 0.076000
-0.018660 0.023948 0.076100
-0.018660 0.024142 0.076100
-0.018685 0.024368 0.076200
-0.018685 0.024562 0.076200
-0.018710 0.024789 0.076300
-0.018734 0.025016 0.076400
-0.018783 0.025277 0.076600
-0.018857 0.025572 0.076900
-0.018906 0.025835 0.077100
-0.018979 0.026133 0.077400
-0.019053 0.026432 0.077700
-0.019126 0.026733 0.078000
-0.019200 0.027036 0.078300
-0.019249 0.027305 0.078500
-0.019274 0.027540 0.078600
-0.019323 0.027811 0.078800
-0.019347 0.028048 0.078900
-0.019372 0.028284 0.079000
-0.019421 0.028558 0.079200
-0.019494 0.028869 0.079500
-0.019592 0.029218 0.079900
-0.019666 0.029532 0.080200
-0.019764 0.029885 0.080600
-0.019813 0.030165 0.080800
-0.019887 0.030483 0.081100
-0.019960 0.030804 0.081400
-0.019970 -0.001141 0.080600
-0.019920 -0.000933 0.080400
-0.019920 -0.000728 0.080400
-0.019920 -0.000523 0.080400
-0.019896 -0.000318 0.080300
-0.019871 -0.000113 0.080200
-0.019846 0.000091 0.080100
-0.019796 0.000295 0.079900
-0.019747 0.000497 0.079700
-0.019673 0.000698 0.079400
-0.019598 0.000897 0.079100
-0.019524 0.001094 0.078800
-0.019450 0.001290 0.078500
-0.019375 0.001485 0.078200
-0.019326 0.001680 0.078000
-0.019251 0.001871 0.077700
-0.019202 0.002064 0.077500
-0.019152 0.002256 0.077300
-0.019078 0.002443 0.077000
-0.019028 0.002633 0.076800
-0.019004 0.002825 0.076700
-0.018979 0.003016 0.076600
-0.018954 0.003208 0.076500
-0.018904 0.003394 0.076300
-0.018880 0.003583 0.076200
-0.018855 0.003773 0.076100
-0.018830 0.003962 0.076000
-0.018805 0.004150 0.075900
-0.018756 0.004332 0.075700
-0.018731 0.004519 0.075600
-0.018681 0.004699 0.075400
-0.018657 0.004885 0.075300
-0.018632 0.005070 0.075200
-0.018582 0.005248 0.075000
-0.018582 0.005439 0.075000
-0.018533 0.005615 0.074800
-0.018508 0.005798 0.074700
-0.018483 0.005980 0.074600
-0.018459 0.006162 0.074500
-0.018434 0.006344 0.074400
-0.018434 0.006533 0.074400
-0.018409 0.006714 0.074300
-0.018384 0.006894 0.074200
-0.018359 0.007074 0.074100
-0.018335 0.007253 0.074000
-0.018310 0.007431 0.073900
-0.018285 0.007609 0.073800
-0.018260 0.007787 0.073700
-0.018260 0.007975 0.073700
-0.018236 0.008152 0.073600
-0.018236 0.008339 0.073600
-0.018211 0.008515 0.073500
-0.018211 0.008703 0.073500
-0.018211 0.008890 0.073500
-0.018186 0.009065 0.073400
-0.018186 0.009252 0.073400
-0.018186 0.009439 0.073400
-0.018186 0.009626 0.073400
-0.018186 0.009814 0.073400
-0.018186 0.010001 0.073400
-0.018186 0.010188 0.073400
-0.018161 0.010361 0.073300
-0.018161 0.010548 0.073300
-0.018161 0.010735 0.073300
-0.018161 0.010921 0.073300
-0.018161 0.011108 0.073300
-0.018161 0.011295 0.073300
-0.018136 0.011466 0.073200
-0.018136 0.011653 0.073200
-0.018136 0.011839 0.073200
-0.018112 0.012010 0.073100
-0.018112 0.012196 0.073100
-0.018112 0.012382 0.073100
-0.018112 0.012569 0.073100
-0.018087 0.012738 0.073000
-0.018087 0.012924 0.073000
-0.018087 0.013110 0.073000
-0.018087 0.013296 0.073000
-0.018087 0.013482 0.073000
-0.018112 0.013687 0.073100
-0.018112 0.013873 0.073100
-0.018112 0.014059 0.073100
-0.018112 0.014246 0.073100
-0.018136 0.014452 0.073200
-0.018136 0.014639 0.073200
-0.018161 0.014845 0.073300
-0.018161 0.015032 0.073300
-0.018161 0.015219 0.073300
-0.018186 0.015427 0.073400
-0.018211 0.015635 0.073500
-0.018236 0.015844 0.073600
-0.018260 0.016054 0.073700
-0.018285 0.016264 0.073800
-0.018285 0.016452 0.073800
-0.018335 0.016685 0.074000
-0.018335 0.016874 0.074000
-0.018359 0.017085 0.074100
-0.018384 0.017297 0.074200
-0.018384 0.017487 0.074200
-0.018384 0.017676 0.074200
-0.018359 0.017841 0.074100
-0.018359 0.018030 0.074100
-0.018359 0.018219 0.074100
-0.018359 0.018408 0.074100
-0.018335 0.018571 0.074000
-0.018335 0.018760 0.074000
-0.018335 0.018949 0.074000
-0.018335 0.019137 0.074000
-0.018335 0.019326 0.074000
-0.018335 0.019515 0.074000
-0.018335 0.019703 0.074000
-0.018335 0.019892 0.074000
-0.018335 0.020080 0.074000
-0.018359 0.020296 0.074100
-0.018359 0.020485 0.074100
-0.018359 0.020674 0.074100
-0.018359 0.020863 0.074100
-0.018409 0.021109 0.074300
-0.018434 0.021327 0.074400
-0.018459 0.021546 0.074500
-0.018508 0.021794 0.074700
-0.018558 0.022043 0.074900
-0.018607 0.022293 0.075100
-0.018657 0.022545 0.075300
-0.018731 0.022827 0.075600
-0.018781 0.023081 0.075800
-0.018805 0.023305 0.075900
-0.018805 0.023498 0.075900
-0.018830 0.023723 0.076000
-0.018855 0.023948 0.076100
-0.018855 0.024142 0.076100
-0.018880 0.024368 0.076200
-0.018904 0.024595 0.076300
-0.018904 0.024789 0.076300
-0.018954 0.025049 0.076500
-0.018979 0.025277 0.076600
-0.019053 0.025572 0.076900
-0.019103 0.025835 0.077100
-0.019177 0.026133 0.077400
-0.019227 0.026398 0.077600
-0.019301 0.026699 0.077900
-0.019350 0.026967 0.078100
-0.019400 0.027235 0.078300
-0.019450 0.027505 0.078500
-0.019474 0.027740 0.078600
-0.019524 0.028012 0.078800
-0.019549 0.028249 0.078900
-0.019623 0.028558 0.079200
-0.019697 0.028869 0.079500
-0.019772 0.029181 0.079800
-0.019871 0.029532 0.080200
-0.019970 0.029885 0.080600
-0.020019 0.030165 0.080800
-0.020094 0.030483 0.081100
-0.020168 0.030804 0.081400
-0.020126 -0.000933 0.080400
-0.020126 -0.000728 0.080400
-0.020126 -0.000523 0.080400
-0.020101 -0.000318 0.080300
-0.020076 -0.000113 0.080200
-0.020026 0.000091 0.080000
-0.019976 0.000294 0.079800
-0.019925 0.000497 0.079600
-0.019875 0.000698 0.079400
-0.019800 0.000897 0.079100
-0.019725 0.001094 0.078800
-0.019675 0.001292 0.078600
-0.019600 0.001487 0.078300
-0.019525 0.001680 0.078000
-0.019475 0.001874 0.077800
-0.019475 0.002072 0.077800
-0.019375 0.002259 0.077400
-0.019300 0.002446 0.077100
-0.019250 0.002636 0.076900
-0.019200 0.002825 0.076700
-0.019175 0.003016 0.076600
-0.019150 0.003208 0.076500
-0.019124 0.003398 0.076400
-0.019074 0.003583 0.076200
-0.019049 0.003773 0.076100
-0.019024 0.003962 0.076000
-0.018974 0.004144 0.075800
-0.018949 0.004332 0.075700
-0.018899 0.004513 0.075500
-0.018849 0.004693 0.075300
-0.018799 0.004872 0.075100
-0.018799 0.005063 0.075100
-0.018749 0.005241 0.074900
-0.018724 0.005424 0.074800
-0.018699 0.005608 0.074700
-0.018674 0.005790 0.074600
-0.018649 0.005972 0.074500
-0.018624 0.006154 0.074400
-0.018624 0.006344 0.074400
-0.018599 0.006525 0.074300
-0.018574 0.006705 0.074200
-0.018549 0.006885 0.074100
-0.018524 0.007064 0.074000
-0.018524 0.007253 0.074000
-0.018499 0.007431 0.073900
-0.018474 0.007609 0.073800
-0.018449 0.007787 0.073700
-0.018449 0.007975 0.073700
-0.018424 0.008152 0.073600
-0.018424 0.008339 0.073600
-0.018399 0.008515 0.073500
-0.018399 0.008703 0.073500
-0.018399 0.008890 0.073500
-0.018374 0.009065 0.073400
-0.018374 0.009252 0.073400
-0.018374 0.009439 0.073400
-0.018374 0.009626 0.073400
-0.018374 0.009814 0.073400
-0.018374 0.010001 0.073400
-0.018374 0.010188 0.073400
-0.018348 0.010361 0.073300
-0.018348 0.010548 0.073300
-0.018348 0.010735 0.073300
-0.018348 0.010921 0.073300
-0.018348 0.011108 0.073300
-0.018323 0.011280 0.073200
-0.018323 0.011466 0.073200
-0.018323 0.011653 0.073200
-0.018323 0.011839 0.073200
-0.018298 0.012010 0.073100
-0.018298 0.012196 0.073100
-0.018298 0.012382 0.073100
-0.018298 0.012569 0.073100
-0.018273 0.012738 0.073000
-0.018273 0.012924 0.073000
-0.018273 0.013110 0.073000
-0.018273 0.013296 0.073000
-0.018273 0.013482 0.073000
-0.018273 0.013668 0.073000
-0.018298 0.013873 0.073100
-0.018298 0.014059 0.073100
-0.018298 0.014246 0.073100
-0.018298 0.014432 0.073100
-0.018323 0.014639 0.073200
-0.018323 0.014825 0.073200
-0.018348 0.015032 0.073300
-0.018348 0.015219 0.073300
-0.018374 0.015427 0.073400
-0.018399 0.015635 0.073500
-0.018424 0.015844 0.073600
-0.018449 0.016054 0.073700
-0.018474 0.016264 0.073800
-0.018474 0.016452 0.073800
-0.018499 0.016662 0.073900
-0.018524 0.016874 0.074000
-0.018524 0.017062 0.074000
-0.018549 0.017274 0.074100
-0.018549 0.017463 0.074100
-0.018549 0.017652 0.074100
-0.018549 0.017841 0.074100
-0.018549 0.018030 0.074100
-0.018549 0.018219 0.074100
-0.018549 0.018408 0.074100
-0.018549 0.018596 0.074100
-0.018524 0.018760 0.074000
-0.018524 0.018949 0.074000
-0.018549 0.019163 0.074100
-0.018549 0.019352 0.074100
-0.018549 0.019541 0.074100
-0.018549 0.019730 0.074100
-0.018549 0.019919 0.074100
-0.018549 0.020108 0.074100
-0.018549 0.020296 0.074100
-0.018549 0.020485 0.074100
-0.018574 0.020702 0.074200
-0.018574 0.020891 0.074200
-0.018599 0.021109 0.074300
-0.018599 0.021298 0.074300
-0.018649 0.021546 0.074500
-0.018699 0.021794 0.074700
-0.018749 0.022043 0.074900
-0.018799 0.022293 0.075100
-0.018849 0.022545 0.075300
-0.018924 0.022827 0.075600
-0.018974 0.023081 0.075800
-0.018999 0.023305 0.075900
-0.018999 0.023498 0.075900
-0.019024 0.023723 0.076000
-0.019049 0.023948 0.076100
-0.019074 0.024174 0.076200
-0.019074 0.024368 0.076200
-0.019099 0.024595 0.076300
-0.019124 0.024822 0.076400
-0.019150 0.025049 0.076500
-0.019200 0.025310 0.076700
-0.019250 0.025572 0.076900
-0.019300 0.025835 0.077100
-0.019350 0.026099 0.077300
-0.019425 0.026398 0.077600
-0.019475 0.026665 0.077800
-0.019525 0.026932 0.078000
-0.019575 0.027201 0.078200
-0.019625 0.027470 0.078400
-0.019650 0.027705 0.078500
-0.019675 0.027941 0.078600
-0.019725 0.028213 0.078800
-0.019800 0.028522 0.079100
-0.019875 0.028832 0.079400
-0.019976 0.029181 0.079800
-0.020076 0.029532 0.080200
-0.020151 0.029848 0.080500
-0.020226 0.030165 0.080800
-0.020301 0.030483 0.081100
-0.020376 0.030804 0.081400
-0.020331 -0.000523 0.080400
-0.020281 -0.000317 0.080200
-0.020281 -0.000113 0.080200
-0.020205 0.000091 0.079900
-0.020179 0.000294 0.079800
-0.020129 0.000497 0.079600
-0.020078 0.000698 0.079400
-0.019977 0.000896 0.079000
-0.019901 0.001093 0.078700
-0.019876 0.001292 0.078600
-0.019800 0.001487 0.078300
-0.019750 0.001682 0.078100
-0.019699 0.001876 0.077900
-0.019674 0.002072 0.077800
-0.019598 0.002262 0.077500
-0.019522 0.002450 0.077200
-0.019471 0.002640 0.077000
-0.019421 0.002829 0.076800
-0.019396 0.003020 0.076700
-0.019345 0.003208 0.076500
-0.019345 0.003403 0.076500
-0.019294 0.003588 0.076300
-0.019244 0.003773 0.076100
-0.019219 0.003962 0.076000
-0.019168 0.004144 0.075800
-0.019117 0.004326 0.075600
-0.019067 0.004507 0.075400
-0.019016 0.004687 0.075200
-0.018966 0.004865 0.075000
-0.018940 0.005050 0.074900
-0.018915 0.005234 0.074800
-0.018890 0.005417 0.074700
-0.018865 0.005600 0.074600
-0.018839 0.005782 0.074500
-0.018814 0.005964 0.074400
-0.018789 0.006146 0.074300
-0.018789 0.006335 0.074300
-0.018763 0.006516 0.074200
-0.018738 0.006696 0.074100
-0.018738 0.006885 0.074100
-0.018713 0.007064 0.074000
-0.018687 0.007243 0.073900
-0.018662 0.007421 0.073800
-0.018662 0.007609 0.073800
-0.018637 0.007787 0.073700
-0.018637 0.007975 0.073700
-0.018612 0.008152 0.073600
-0.018612 0.008339 0.073600
-0.018586 0.008515 0.073500
-0.018586 0.008703 0.073500
-0.018586 0.008890 0.073500
-0.018586 0.009077 0.073500
-0.018561 0.009252 0.073400
-0.018561 0.009439 0.073400
-0.018561 0.009626 0.073400
-0.018561 0.009814 0.073400
-0.018561 0.010001 0.073400
-0.018561 0.010188 0.073400
-0.018536 0.010361 0.073300
-0.018536 0.010548 0.073300
-0.018536 0.010735 0.073300
-0.018536 0.010921 0.073300
-0.018536 0.011108 0.073300
-0.018510 0.011280 0.073200
-0.018510 0.011466 0.073200
-0.018510 0.011653 0.073200
-0.018510 0.011839 0.073200
-0.018485 0.012010 0.073100
-0.018485 0.012196 0.073100
-0.018485 0.012382 0.073100
-0.018485 0.012569 0.073100
-0.018460 0.012738 0.073000
-0.018460 0.012924 0.073000
-0.018460 0.013110 0.073000
-0.018460 0.013296 0.073000
-0.018460 0.013482 0.073000
-0.018460 0.013668 0.073000
-0.018460 0.013854 0.073000
-0.018485 0.014059 0.073100
-0.018485 0.014246 0.073100
-0.018485 0.014432 0.073100
-0.018510 0.014639 0.073200
-0.018510 0.014825 0.073200
-0.018536 0.015032 0.073300
-0.018536 0.015219 0.073300
-0.018561 0.015427 0.073400
-0.018586 0.015635 0.073500
-0.018586 0.015823 0.073500
-0.018612 0.016032 0.073600
-0.018637 0.016242 0.073700
-0.018637 0.016429 0.073700
-0.018662 0.016640 0.073800
-0.018687 0.016851 0.073900
-0.018713 0.017062 0.074000
-0.018713 0.017251 0.074000
-0.018738 0.017463 0.074100
-0.018738 0.017652 0.074100
-0.018738 0.017841 0.074100
-0.018738 0.018030 0.074100
-0.018738 0.018219 0.074100
-0.018738 0.018408 0.074100
-0.018738 0.018596 0.074100
-0.018738 0.018785 0.074100
-0.018738 0.018974 0.074100
-0.018738 0.019163 0.074100
-0.018738 0.019352 0.074100
-0.018738 0.019541 0.074100
-0.018738 0.019730 0.074100
-0.018738 0.019919 0.074100
-0.018763 0.020135 0.074200
-0.018763 0.020324 0.074200
-0.018763 0.020513 0.074200
-0.018763 0.020702 0.074200
-0.018763 0.020891 0.074200
-0.018789 0.021109 0.074300
-0.018789 0.021298 0.074300
-0.018839 0.021546 0.074500
-0.018865 0.021765 0.074600
-0.018940 0.022043 0.074900
-0.018966 0.022264 0.075000
-0.019042 0.022545 0.075300
-0.019092 0.022797 0.075500
-0.019168 0.023081 0.075800
-0.019193 0.023305 0.075900
-0.019193 0.023498 0.075900
-0.019244 0.023754 0.076100
-0.019244 0.023948 0.076100
-0.019269 0.024174 0.076200
-0.019294 0.024400 0.076300
-0.019320 0.024627 0.076400
-0.019345 0.024854 0.076500
-0.019370 0.025082 0.076600
-0.019396 0.025310 0.076700
-0.019446 0.025572 0.076900
-0.019497 0.025835 0.077100
-0.019547 0.026099 0.077300
-0.019598 0.026364 0.077500
-0.019648 0.026631 0.077700
-0.019699 0.026898 0.077900
-0.019750 0.027166 0.078100
-0.019800 0.027435 0.078300
-0.019825 0.027670 0.078400
-0.019851 0.027905 0.078500
-0.019901 0.028177 0.078700
-0.019977 0.028486 0.079000
-0.020078 0.028832 0.079400
-0.020154 0.029145 0.079700
-0.020255 0.029495 0.080100
-0.020331 0.029810 0.080400
-0.020407 0.030127 0.080700
-0.020483 0.030446 0.081000
-0.020559 0.030766 0.081300
-0.020486 -0.000317 0.080200
-0.020486 -0.000113 0.080200
-0.020409 0.000091 0.079900
-0.020409 0.000295 0.079900
-0.020153 0.000895 0.078900
-0.020102 0.001093 0.078700
-0.020051 0.001290 0.078500
-0.020000 0.001487 0.078300
-0.019975 0.001684 0.078200
-0.019924 0.001879 0.078000
-0.019873 0.002072 0.077800
-0.019821 0.002265 0.077600
-0.019745 0.002453 0.077300
-0.019694 0.002643 0.077100
-0.019643 0.002832 0.076900
-0.019617 0.003024 0.076800
-0.019592 0.003216 0.076700
-0.019540 0.003403 0.076500
-0.019489 0.003588 0.076300
-0.019438 0.003773 0.076100
-0.019413 0.003962 0.076000
-0.019362 0.004144 0.075800
-0.019311 0.004326 0.075600
-0.019234 0.004501 0.075300
-0.019183 0.004680 0.075100
-0.019132 0.004859 0.074900
-0.019081 0.005036 0.074700
-0.019081 0.005227 0.074700
-0.019030 0.005403 0.074500
-0.019030 0.005593 0.074500
-0.019004 0.005775 0.074400
-0.018978 0.005956 0.074300
-0.018953 0.006138 0.074200
-0.018953 0.006327 0.074200
-0.018927 0.006507 0.074100
-0.018927 0.006696 0.074100
-0.018902 0.006876 0.074000
-0.018876 0.007055 0.073900
-0.018876 0.007243 0.073900
-0.018851 0.007421 0.073800
-0.018825 0.007599 0.073700
-0.018825 0.007787 0.073700
-0.018800 0.007964 0.073600
-0.018800 0.008152 0.073600
-0.018800 0.008339 0.073600
-0.018774 0.008515 0.073500
-0.018774 0.008703 0.073500
-0.018774 0.008890 0.073500
-0.018774 0.009077 0.073500
-0.018749 0.009252 0.073400
-0.018749 0.009439 0.073400
-0.018749 0.009626 0.073400
-0.018749 0.009814 0.073400
-0.018749 0.010001 0.073400
-0.018749 0.010188 0.073400
-0.018723 0.010361 0.073300
-0.018723 0.010548 0.073300
-0.018723 0.010735 0.073300
-0.018723 0.010921 0.073300
-0.018723 0.011108 0.073300
-0.018698 0.011280 0.073200
-0.018698 0.011466 0.073200
-0.018698 0.011653 0.073200
-0.018698 0.011839 0.073200
-0.018672 0.012010 0.073100
-0.018672 0.012196 0.073100
-0.018672 0.012382 0.073100
-0.018672 0.012569 0.073100
-0.018646 0.012738 0.073000
-0.018646 0.012924 0.073000
-0.018646 0.013110 0.073000
-0.018646 0.013296 0.073000
-0.018646 0.013482 0.073000
-0.018646 0.013668 0.073000
-0.018646 0.013854 0.073000
-0.018672 0.014059 0.073100
-0.018672 0.014246 0.073100
-0.018672 0.014432 0.073100
-0.018672 0.014619 0.073100
-0.018698 0.014825 0.073200
-0.018698 0.015012 0.073200
-0.018698 0.015198 0.073200
-0.018723 0.015406 0.073300
-0.018749 0.015614 0.073400
-0.018774 0.015823 0.073500
-0.018774 0.016010 0.073500
-0.018800 0.016219 0.073600
-0.018825 0.016429 0.073700
-0.018825 0.016617 0.073700
-0.018851 0.016828 0.073800
-0.018876 0.017039 0.073900
-0.018902 0.017251 0.074000
-0.018902 0.017439 0.074000
-0.018927 0.017652 0.074100
-0.018927 0.017841 0.074100
-0.018927 0.018030 0.074100
-0.018953 0.018243 0.074200
-0.018953 0.018432 0.074200
-0.018953 0.018622 0.074200
-0.018927 0.018785 0.074100
-0.018927 0.018974 0.074100
-0.018953 0.019189 0.074200
-0.018953 0.019378 0.074200
-0.018953 0.019567 0.074200
-0.018953 0.019756 0.074200
-0.018953 0.019946 0.074200
-0.018953 0.020135 0.074200
-0.018953 0.020324 0.074200
-0.018953 0.020513 0.074200
-0.018978 0.020730 0.074300
-0.018978 0.020920 0.074300
-0.018978 0.021109 0.074300
-0.019004 0.021327 0.074400
-0.019030 0.021546 0.074500
-0.019055 0.021765 0.074600
-0.019106 0.022014 0.074800
-0.019157 0.022264 0.075000
-0.019208 0.022515 0.075200
-0.019285 0.022797 0.075500
-0.019362 0.023081 0.075800
-0.019387 0.023305 0.075900
-0.019413 0.023529 0.076000
-0.019438 0.023754 0.076100
-0.019464 0.023980 0.076200
-0.019489 0.024206 0.076300
-0.019515 0.024432 0.076400
-0.019540 0.024659 0.076500
-0.019540 0.024854 0.076500
-0.019566 0.025082 0.076600
-0.019617 0.025343 0.076800
-0.019668 0.025605 0.077000
-0.019694 0.025835 0.077100
-0.019745 0.026099 0.077300
-0.019796 0.026364 0.077500
-0.019821 0.026596 0.077600
-0.019873 0.026863 0.077800
-0.019924 0.027131 0.078000
-0.019949 0.027365 0.078100
-0.019975 0.027599 0.078200
-0.020000 0.027834 0.078300
-0.020077 0.028141 0.078600
-0.020153 0.028450 0.078900
-0.020256 0.028796 0.079300
-0.020332 0.029108 0.079600
-0.020434 0.029458 0.080000
-0.020537 0.029810 0.080400
-0.020588 0.030090 0.080600
-0.020664 0.030408 0.080900
-0.020741 0.030728 0.081200
-0.020329 0.000893 0.078800
-0.020278 0.001092 0.078600
-0.020252 0.001290 0.078500
-0.020200 0.001487 0.078300
-0.020174 0.001684 0.078200
-0.020123 0.001879 0.078000
-0.020097 0.002075 0.077900
-0.020020 0.002265 0.077600
-0.019968 0.002456 0.077400
-0.019917 0.002646 0.077200
-0.019865 0.002836 0.077000
-0.019839 0.003028 0.076900
-0.019813 0.003220 0.076800
-0.019762 0.003407 0.076600
-0.019710 0.003593 0.076400
-0.019659 0.003778 0.076200
-0.019607 0.003962 0.076000
-0.019555 0.004144 0.075800
-0.019504 0.004326 0.075600
-0.019426 0.004501 0.075300
-0.019349 0.004674 0.075000
-0.019297 0.004852 0.074800
-0.019272 0.005036 0.074700
-0.019246 0.005220 0.074600
-0.019194 0.005395 0.074400
-0.019194 0.005585 0.074400
-0.019168 0.005767 0.074300
-0.019143 0.005948 0.074200
-0.019143 0.006138 0.074200
-0.019117 0.006318 0.074100
-0.019117 0.006507 0.074100
-0.019091 0.006687 0.074000
-0.019091 0.006876 0.074000
-0.019065 0.007055 0.073900
-0.019039 0.007233 0.073800
-0.019039 0.007421 0.073800
-0.019014 0.007599 0.073700
-0.019014 0.007787 0.073700
-0.018988 0.007964 0.073600
-0.018988 0.008152 0.073600
-0.018988 0.008339 0.073600
-0.018962 0.008515 0.073500
-0.018962 0.008703 0.073500
-0.018962 0.008890 0.073500
-0.018962 0.009077 0.073500
-0.018962 0.009265 0.073500
-0.018936 0.009439 0.073400
-0.018936 0.009626 0.073400
-0.018936 0.009814 0.073400
-0.018936 0.010001 0.073400
-0.018936 0.010188 0.073400
-0.018910 0.010361 0.073300
-0.018910 0.010548 0.073300
-0.018910 0.010735 0.073300
-0.018910 0.010921 0.073300
-0.018910 0.011108 0.073300
-0.018885 0.011280 0.073200
-0.018885 0.011466 0.073200
-0.018885 0.011653 0.073200
-0.018885 0.011839 0.073200
-0.018859 0.012010 0.073100
-0.018859 0.012196 0.073100
-0.018859 0.012382 0.073100
-0.018859 0.012569 0.073100
-0.018833 0.012738 0.073000
-0.018833 0.012924 0.073000
-0.018833 0.013110 0.073000
-0.018833 0.013296 0.073000
-0.018833 0.013482 0.073000
-0.018833 0.013668 0.073000
-0.018833 0.013854 0.073000
-0.018833 0.014040 0.073000
-0.018833 0.014226 0.073000
-0.018859 0.014432 0.073100
-0.018859 0.014619 0.073100
-0.018859 0.014805 0.073100
-0.018885 0.015012 0.073200
-0.018885 0.015198 0.073200
-0.018910 0.015406 0.073300
-0.018910 0.015593 0.073300
-0.018936 0.015801 0.073400
-0.018962 0.016010 0.073500
-0.018962 0.016197 0.073500
-0.018988 0.016407 0.073600
-0.019014 0.016617 0.073700
-0.019014 0.016805 0.073700
-0.019039 0.017016 0.073800
-0.019065 0.017228 0.073900
-0.019091 0.017439 0.074000
-0.019091 0.017628 0.074000
-0.019117 0.017841 0.074100
-0.019117 0.018030 0.074100
-0.019143 0.018243 0.074200
-0.019143 0.018432 0.074200
-0.019143 0.018622 0.074200
-0.019143 0.018811 0.074200
-0.019143 0.019000 0.074200
-0.019143 0.019189 0.074200
-0.019143 0.019378 0.074200
-0.019143 0.019567 0.074200
-0.019143 0.019756 0.074200
-0.019143 0.019946 0.074200
-0.019143 0.020135 0.074200
-0.019168 0.020351 0.074300
-0.019168 0.020541 0.074300
-0.019168 0.020730 0.074300
-0.019168 0.020920 0.074300
-0.019168 0.021109 0.074300
-0.019194 0.021327 0.074400
-0.019220 0.021546 0.074500
-0.019246 0.021765 0.074600
-0.019297 0.022014 0.074800
-0.019349 0.022264 0.075000
-0.019401 0.022515 0.075200
-0.019478 0.022797 0.075500
-0.019530 0.023050 0.075700
-0.019581 0.023305 0.075900
-0.019607 0.023529 0.076000
-0.019633 0.023754 0.076100
-0.019659 0.023980 0.076200
-0.019710 0.024237 0.076400
-0.019736 0.024464 0.076500
-0.019736 0.024659 0.076500
-0.019762 0.024887 0.076600
-0.019788 0.025115 0.076700
-0.019813 0.025343 0.076800
-0.019865 0.025605 0.077000
-0.019891 0.025835 0.077100
-0.019942 0.026099 0.077300
-0.019968 0.026330 0.077400
-0.020020 0.026596 0.077600
-0.020045 0.026829 0.077700
-0.020097 0.027096 0.077900
-0.020123 0.027330 0.078000
-0.020149 0.027564 0.078100
-0.020174 0.027799 0.078200
-0.020252 0.028105 0.078500
-0.020329 0.028414 0.078800
-0.020432 0.028760 0.079200
-0.020510 0.029071 0.079500
-0.020587 0.029385 0.079800
-0.020690 0.029736 0.080200
-0.020742 0.030015 0.080400
-0.020845 0.030371 0.080800
-0.020505 0.000892 0.078700
-0.020479 0.001092 0.078600
-0.020452 0.001290 0.078500
-0.020400 0.001487 0.078300
-0.020374 0.001684 0.078200
-0.020348 0.001881 0.078100
-0.020296 0.002075 0.077900
-0.020244 0.002267 0.077700
-0.020192 0.002459 0.077500
-0.020140 0.002650 0.077300
-0.020088 0.002840 0.077100
-0.020062 0.003032 0.077000
-0.020036 0.003224 0.076900
-0.019983 0.003411 0.076700
-0.019931 0.003598 0.076500
-0.019879 0.003783 0.076300
-0.019879 0.003977 0.076300
-0.019749 0.004144 0.075800
-0.019697 0.004326 0.075600
-0.019619 0.004501 0.075300
-0.019541 0.004674 0.075000
-0.019488 0.004852 0.074800
-0.019436 0.005030 0.074600
-0.019410 0.005213 0.074500
-0.019384 0.005395 0.074400
-0.019384 0.005585 0.074400
-0.019358 0.005767 0.074300
-0.019332 0.005948 0.074200
-0.019306 0.006129 0.074100
-0.019306 0.006318 0.074100
-0.019280 0.006498 0.074000
-0.019280 0.006687 0.074000
-0.019254 0.006866 0.073900
-0.019254 0.007055 0.073900
-0.019228 0.007233 0.073800
-0.019202 0.007411 0.073700
-0.019202 0.007599 0.073700
-0.019202 0.007787 0.073700
-0.019176 0.007964 0.073600
-0.019176 0.008152 0.073600
-0.019176 0.008339 0.073600
-0.019176 0.008527 0.073600
-0.019150 0.008703 0.073500
-0.019150 0.008890 0.073500
-0.019150 0.009077 0.073500
-0.019150 0.009265 0.073500
-0.019124 0.009439 0.073400
-0.019124 0.009626 0.073400
-0.019124 0.009814 0.073400
-0.019124 0.010001 0.073400
-0.019124 0.010188 0.073400
-0.019098 0.010361 0.073300
-0.019098 0.010548 0.073300
-0.019098 0.010735 0.073300
-0.019098 0.010921 0.073300
-0.019098 0.011108 0.073300
-0.019072 0.011280 0.073200
-0.019072 0.011466 0.073200
-0.019072 0.011653 0.073200
-0.019072 0.011839 0.073200
-0.019046 0.012010 0.073100
-0.019046 0.012196 0.073100
-0.019046 0.012382 0.073100
-0.019046 0.012569 0.073100
-0.019019 0.012738 0.073000
-0.019019 0.012924 0.073000
-0.019019 0.013110 0.073000
-0.019019 0.013296 0.073000
-0.019019 0.013482 0.073000
-0.019019 0.013668 0.073000
-0.019019 0.013854 0.073000
-0.019019 0.014040 0.073000
-0.019019 0.014226 0.073000
-0.019046 0.014432 0.073100
-0.019046 0.014619 0.073100
-0.019046 0.014805 0.073100
-0.019072 0.015012 0.073200
-0.019072 0.015198 0.073200
-0.019072 0.015385 0.073200
-0.019098 0.015593 0.073300
-0.019098 0.015780 0.073300
-0.019124 0.015988 0.073400
-0.019150 0.016197 0.073500
-0.019150 0.016385 0.073500
-0.019176 0.016595 0.073600
-0.019202 0.016805 0.073700
-0.019202 0.016993 0.073700
-0.019228 0.017204 0.073800
-0.019254 0.017416 0.073900
-0.019280 0.017628 0.074000
-0.019306 0.017841 0.074100
-0.019306 0.018030 0.074100
-0.019332 0.018243 0.074200
-0.019332 0.018432 0.074200
-0.019332 0.018622 0.074200
-0.019332 0.018811 0.074200
-0.019332 0.019000 0.074200
-0.019332 0.019189 0.074200
-0.019332 0.019378 0.074200
-0.019332 0.019567 0.074200
-0.019332 0.019756 0.074200
-0.019332 0.019946 0.074200
-0.019358 0.020162 0.074300
-0.019358 0.020351 0.074300
-0.019358 0.020541 0.074300
-0.019358 0.020730 0.074300
-0.019358 0.020920 0.074300
-0.019358 0.021109 0.074300
-0.019384 0.021327 0.074400
-0.019410 0.021546 0.074500
-0.019436 0.021765 0.074600
-0.019488 0.022014 0.074800
-0.019541 0.022264 0.075000
-0.019593 0.022515 0.075200
-0.019645 0.022767 0.075400
-0.019723 0.023050 0.075700
-0.019775 0.023305 0.075900
-0.019801 0.023529 0.076000
-0.019827 0.023754 0.076100
-0.019879 0.024011 0.076300
-0.019905 0.024237 0.076400
-0.019931 0.024464 0.076500
-0.019957 0.024691 0.076600
-0.019983 0.024919 0.076700
-0.020010 0.025147 0.076800
-0.020036 0.025376 0.076900
-0.020062 0.025605 0.077000
-0.020088 0.025835 0.077100
-0.020114 0.026066 0.077200
-0.020166 0.026330 0.077400
-0.020192 0.026562 0.077500
-0.020218 0.026794 0.077600
-0.020244 0.027027 0.077700
-0.020296 0.027295 0.077900
-0.020322 0.027529 0.078000
-0.020348 0.027763 0.078100
-0.020400 0.028034 0.078300
-0.020505 0.028378 0.078700
-0.020583 0.028687 0.079000
-0.020661 0.028998 0.079300
-0.020765 0.029348 0.079700
-0.020843 0.029662 0.080000
-0.020921 0.029978 0.080300
-0.021000 0.030296 0.080600
-0.020706 0.000892 0.078700
-0.020679 0.001092 0.078600
-0.020653 0.001290 0.078500
-0.020627 0.001488 0.078400
-0.020574 0.001684 0.078200
-0.020548 0.001881 0.078100
-0.020521 0.002077 0.078000
-0.020469 0.002270 0.077800
-0.020416 0.002462 0.077600
-0.020364 0.002653 0.077400
-0.020337 0.002847 0.077300
-0.020285 0.003036 0.077100
-0.020258 0.003228 0.077000
-0.020179 0.003411 0.076700
-0.020153 0.003602 0.076600
-0.020101 0.003788 0.076400
-0.020101 0.003982 0.076400
-0.019916 0.004332 0.075700
-0.019811 0.004501 0.075300
-0.019732 0.004674 0.075000
-0.019680 0.004852 0.074800
-0.019627 0.005030 0.074600
-0.019601 0.005213 0.074500
-0.019574 0.005395 0.074400
-0.019548 0.005578 0.074300
-0.019522 0.005759 0.074200
-0.019522 0.005948 0.074200
-0.019495 0.006129 0.074100
-0.019495 0.006318 0.074100
-0.019469 0.006498 0.074000
-0.019443 0.006678 0.073900
-0.019443 0.006866 0.073900
-0.019416 0.007045 0.073800
-0.019416 0.007233 0.073800
-0.019390 0.007411 0.073700
-0.019390 0.007599 0.073700
-0.019364 0.007776 0.073600
-0.019364 0.007964 0.073600
-0.019364 0.008152 0.073600
-0.019364 0.008339 0.073600
-0.019338 0.008515 0.073500
-0.019338 0.008703 0.073500
-0.019338 0.008890 0.073500
-0.019338 0.009077 0.073500
-0.019338 0.009265 0.073500
-0.019311 0.009439 0.073400
-0.019311 0.009626 0.073400
-0.019311 0.009814 0.073400
-0.019311 0.010001 0.073400
-0.019311 0.010188 0.073400
-0.019285 0.010361 0.073300
-0.019285 0.010548 0.073300
-0.019285 0.010735 0.073300
-0.019285 0.010921 0.073300
-0.019259 0.011093 0.073200
-0.019259 0.011280 0.073200
-0.019259 0.011466 0.073200
-0.019259 0.011653 0.073200
-0.019259 0.011839 0.073200
-0.019232 0.012010 0.073100
-0.019232 0.012196 0.073100
-0.019232 0.012382 0.073100
-0.019232 0.012569 0.073100
-0.019206 0.012738 0.073000
-0.019206 0.012924 0.073000
-0.019206 0.013110 0.073000
-0.019206 0.013296 0.073000
-0.019206 0.013482 0.073000
-0.019206 0.013668 0.073000
-0.019206 0.013854 0.073000
-0.019206 0.014040 0.073000
-0.019206 0.014226 0.073000
-0.019206 0.014412 0.073000
-0.019232 0.014619 0.073100
-0.019232 0.014805 0.073100
-0.019232 0.014991 0.073100
-0.019232 0.015178 0.073100
-0.019259 0.015385 0.073200
-0.019259 0.015572 0.073200
-0.019285 0.015780 0.073300
-0.019311 0.015988 0.073400
-0.019311 0.016175 0.073400
-0.019338 0.016385 0.073500
-0.019338 0.016572 0.073500
-0.019364 0.016782 0.073600
-0.019390 0.016993 0.073700
-0.019416 0.017204 0.073800
-0.019443 0.017416 0.073900
-0.019469 0.017628 0.074000
-0.019495 0.017841 0.074100
-0.019495 0.018030 0.074100
-0.019522 0.018243 0.074200
-0.019522 0.018432 0.074200
-0.019522 0.018622 0.074200
-0.019522 0.018811 0.074200
-0.019522 0.019000 0.074200
-0.019548 0.019215 0.074300
-0.019548 0.019404 0.074300
-0.019548 0.019594 0.074300
-0.019548 0.019783 0.074300
-0.019548 0.019972 0.074300
-0.019548 0.020162 0.074300
-0.019548 0.020351 0.074300
-0.019548 0.020541 0.074300
-0.019548 0.020730 0.074300
-0.019548 0.020920 0.074300
-0.019548 0.021109 0.074300
-0.019574 0.021327 0.074400
-0.019601 0.021546 0.074500
-0.019627 0.021765 0.074600
-0.019680 0.022014 0.074800
-0.019706 0.022234 0.074900
-0.019759 0.022485 0.075100
-0.019837 0.022767 0.075400
-0.019890 0.023020 0.075600
-0.019943 0.023274 0.075800
-0.019969 0.023498 0.075900
-0.020022 0.023754 0.076100
-0.020074 0.024011 0.076300
-0.020101 0.024237 0.076400
-0.020127 0.024464 0.076500
-0.020153 0.024691 0.076600
-0.020179 0.024919 0.076700
-0.020206 0.025147 0.076800
-0.020232 0.025376 0.076900
-0.020258 0.025605 0.077000
-0.020285 0.025835 0.077100
-0.020311 0.026066 0.077200
-0.020337 0.026296 0.077300
-0.020364 0.026528 0.077400
-0.020390 0.026760 0.077500
-0.020416 0.026992 0.077600
-0.020443 0.027225 0.077700
-0.020495 0.027493 0.077900
-0.020521 0.027728 0.078000
-0.020574 0.027998 0.078200
-0.020653 0.028306 0.078500
-0.020732 0.028615 0.078800
-0.020837 0.028962 0.079200
-0.020890 0.029237 0.079400
-0.020995 0.029588 0.079800
-0.021048 0.029866 0.080000
-0.021179 0.030258 0.080500
-0.020907 0.001093 0.078700
-0.020880 0.001292 0.078600
-0.020854 0.001490 0.078500
-0.020800 0.001686 0.078300
-0.020774 0.001883 0.078200
-0.020721 0.002077 0.078000
-0.020694 0.002273 0.077900
-0.020641 0.002466 0.077700
-0.020615 0.002660 0.077600
-0.020561 0.002851 0.077400
-0.020482 0.003036 0.077100
-0.020455 0.003228 0.077000
-0.020402 0.003416 0.076800
-0.020375 0.003607 0.076700
-0.020322 0.003793 0.076500
-0.020322 0.003988 0.076500
-0.020216 0.004161 0.076100
-0.020110 0.004332 0.075700
-0.020030 0.004507 0.075400
-0.019950 0.004680 0.075100
-0.019897 0.004859 0.074900
-0.019844 0.005036 0.074700
-0.019818 0.005220 0.074600
-0.019764 0.005395 0.074400
-0.019738 0.005578 0.074300
-0.019711 0.005759 0.074200
-0.019711 0.005948 0.074200
-0.019685 0.006129 0.074100
-0.019685 0.006318 0.074100
-0.019658 0.006498 0.074000
-0.019632 0.006678 0.073900
-0.019632 0.006866 0.073900
-0.019605 0.007045 0.073800
-0.019579 0.007223 0.073700
-0.019579 0.007411 0.073700
-0.019552 0.007589 0.073600
-0.019552 0.007776 0.073600
-0.019552 0.007964 0.073600
-0.019552 0.008152 0.073600
-0.019552 0.008339 0.073600
-0.019525 0.008515 0.073500
-0.019525 0.008703 0.073500
-0.019525 0.008890 0.073500
-0.019525 0.009077 0.073500
-0.019525 0.009265 0.073500
-0.019499 0.009439 0.073400
-0.019499 0.009626 0.073400
-0.019499 0.009814 0.073400
-0.019499 0.010001 0.073400
-0.019499 0.010188 0.073400
-0.019472 0.010361 0.073300
-0.019472 0.010548 0.073300
-0.019472 0.010735 0.073300
-0.019472 0.010921 0.073300
-0.019446 0.011093 0.073200
-0.019446 0.011280 0.073200
-0.019446 0.011466 0.073200
-0.019446 0.011653 0.073200
-0.019446 0.011839 0.073200
-0.019419 0.012010 0.073100
-0.019419 0.012196 0.073100
-0.019419 0.012382 0.073100
-0.019419 0.012569 0.073100
-0.019393 0.012738 0.073000
-0.019393 0.012924 0.073000
-0.019393 0.013110 0.073000
-0.019393 0.013296 0.073000
-0.019393 0.013482 0.073000
-0.019393 0.013668 0.073000
-0.019393 0.013854 0.073000
-0.019393 0.014040 0.073000
-0.019393 0.014226 0.073000
-0.019393 0.014412 0.073000
-0.019419 0.014619 0.073100
-0.019419 0.014805 0.073100
-0.019419 0.014991 0.073100
-0.019419 0.015178 0.073100
-0.019446 0.015385 0.073200
-0.019446 0.015572 0.073200
-0.019446 0.015758 0.073200
-0.019472 0.015967 0.073300
-0.019472 0.016153 0.073300
-0.019499 0.016363 0.073400
-0.019525 0.016572 0.073500
-0.019525 0.016760 0.073500
-0.019552 0.016970 0.073600
-0.019579 0.017181 0.073700
-0.019605 0.017392 0.073800
-0.019632 0.017604 0.073900
-0.019658 0.017817 0.074000
-0.019685 0.018030 0.074100
-0.019685 0.018219 0.074100
-0.019711 0.018432 0.074200
-0.019711 0.018622 0.074200
-0.019711 0.018811 0.074200
-0.019711 0.019000 0.074200
-0.019711 0.019189 0.074200
-0.019711 0.019378 0.074200
-0.019711 0.019567 0.074200
-0.019711 0.019756 0.074200
-0.019711 0.019946 0.074200
-0.019711 0.020135 0.074200
-0.019738 0.020351 0.074300
-0.019738 0.020541 0.074300
-0.019738 0.020730 0.074300
-0.019738 0.020920 0.074300
-0.019738 0.021109 0.074300
-0.019764 0.021327 0.074400
-0.019791 0.021546 0.074500
-0.019818 0.021765 0.074600
-0.019871 0.022014 0.074800
-0.019897 0.022234 0.074900
-0.019950 0.022485 0.075100
-0.020004 0.022737 0.075300
-0.020083 0.023020 0.075600
-0.020136 0.023274 0.075800
-0.020163 0.023498 0.075900
-0.020216 0.023754 0.076100
-0.020243 0.023980 0.076200
-0.020296 0.024237 0.076400
-0.020322 0.024464 0.076500
-0.020349 0.024691 0.076600
-0.020375 0.024919 0.076700
-0.020402 0.025147 0.076800
-0.020429 0.025376 0.076900
-0.020455 0.025605 0.077000
-0.020482 0.025835 0.077100
-0.020482 0.026032 0.077100
-0.020508 0.026262 0.077200
-0.020535 0.026493 0.077300
-0.020561 0.026725 0.077400
-0.020588 0.026957 0.077500
-0.020615 0.027190 0.077600
-0.020641 0.027423 0.077700
-0.020668 0.027656 0.077800
-0.020721 0.027926 0.078000
-0.020800 0.028233 0.078300
-0.020880 0.028542 0.078600
-0.020986 0.028889 0.079000
-0.021040 0.029164 0.079200
-0.021119 0.029477 0.079500
-0.021199 0.029791 0.079800
-0.021305 0.030145 0.080200
-0.021161 0.001297 0.078900
-0.021108 0.001494 0.078700
-0.021054 0.001690 0.078500
-0.021001 0.001886 0.078300
-0.020947 0.002080 0.078100
-0.020893 0.002273 0.077900
-0.020840 0.002466 0.077700
-0.020813 0.002660 0.077600
-0.020759 0.002851 0.077400
-0.020706 0.003040 0.077200
-0.020679 0.003233 0.077100
-0.020625 0.003420 0.076900
-0.020598 0.003612 0.076800
-0.020545 0.003798 0.076600
-0.020518 0.003988 0.076500
-0.020411 0.004161 0.076100
-0.020330 0.004338 0.075800
-0.020276 0.004519 0.075600
-0.020276 0.004712 0.075600
-0.020115 0.004865 0.075000
-0.020062 0.005043 0.074800
-0.020008 0.005220 0.074600
-0.019955 0.005395 0.074400
-0.019928 0.005578 0.074300
-0.019901 0.005759 0.074200
-0.019874 0.005940 0.074100
-0.019874 0.006129 0.074100
-0.019874 0.006318 0.074100
-0.019847 0.006498 0.074000
-0.019820 0.006678 0.073900
-0.019820 0.006866 0.073900
-0.019794 0.007045 0.073800
-0.019767 0.007223 0.073700
-0.019767 0.007411 0.073700
-0.019740 0.007589 0.073600
-0.019740 0.007776 0.073600
-0.019740 0.007964 0.073600
-0.019740 0.008152 0.073600
-0.019713 0.008328 0.073500
-0.019713 0.008515 0.073500
-0.019713 0.008703 0.073500
-0.019713 0.008890 0.073500
-0.019686 0.009065 0.073400
-0.019686 0.009252 0.073400
-0.019686 0.009439 0.073400
-0.019686 0.009626 0.073400
-0.019686 0.009814 0.073400
-0.019660 0.009987 0.073300
-0.019660 0.010174 0.073300
-0.019660 0.010361 0.073300
-0.019660 0.010548 0.073300
-0.019660 0.010735 0.073300
-0.019633 0.010906 0.073200
-0.019633 0.011093 0.073200
-0.019633 0.011280 0.073200
-0.019633 0.011466 0.073200
-0.019633 0.011653 0.073200
-0.019606 0.011823 0.073100
-0.019606 0.012010 0.073100
-0.019606 0.012196 0.073100
-0.019606 0.012382 0.073100
-0.019606 0.012569 0.073100
-0.019579 0.012738 0.073000
-0.019579 0.012924 0.073000
-0.019579 0.013110 0.073000
-0.019579 0.013296 0.073000
-0.019579 0.013482 0.073000
-0.019579 0.013668 0.073000
-0.019579 0.013854 0.073000
-0.019579 0.014040 0.073000
-0.019579 0.014226 0.073000
-0.019579 0.014412 0.073000
-0.019579 0.014599 0.073000
-0.019579 0.014785 0.073000
-0.019606 0.014991 0.073100
-0.019606 0.015178 0.073100
-0.019606 0.015364 0.073100
-0.019633 0.015572 0.073200
-0.019633 0.015758 0.073200
-0.019633 0.015945 0.073200
-0.019660 0.016153 0.073300
-0.019686 0.016363 0.073400
-0.019686 0.016550 0.073400
-0.019713 0.016760 0.073500
-0.019740 0.016970 0.073600
-0.019767 0.017181 0.073700
-0.019794 0.017392 0.073800
-0.019820 0.017604 0.073900
-0.019820 0.017793 0.073900
-0.019847 0.018005 0.074000
-0.019874 0.018219 0.074100
-0.019874 0.018408 0.074100
-0.019874 0.018596 0.074100
-0.019874 0.018785 0.074100
-0.019901 0.019000 0.074200
-0.019901 0.019189 0.074200
-0.019901 0.019378 0.074200
-0.019901 0.019567 0.074200
-0.019901 0.019756 0.074200
-0.019901 0.019946 0.074200
-0.019901 0.020135 0.074200
-0.019901 0.020324 0.074200
-0.019901 0.020513 0.074200
-0.019928 0.020730 0.074300
-0.019928 0.020920 0.074300
-0.019928 0.021109 0.074300
-0.019955 0.021327 0.074400
-0.019981 0.021546 0.074500
-0.020008 0.021765 0.074600
-0.020035 0.021984 0.074700
-0.020089 0.022234 0.074900
-0.020142 0.022485 0.075100
-0.020196 0.022737 0.075300
-0.020250 0.022990 0.075500
-0.020303 0.023243 0.075700
-0.020357 0.023498 0.075900
-0.020411 0.023754 0.076100
-0.020437 0.023980 0.076200
-0.020491 0.024237 0.076400
-0.020518 0.024464 0.076500
-0.020545 0.024691 0.076600
-0.020571 0.024919 0.076700
-0.020598 0.025147 0.076800
-0.020625 0.025376 0.076900
-0.020652 0.025605 0.077000
-0.020652 0.025802 0.077000
-0.020679 0.026032 0.077100
-0.020706 0.026262 0.077200
-0.020732 0.026493 0.077300
-0.020732 0.026691 0.077300
-0.020759 0.026922 0.077400
-0.020786 0.027155 0.077500
-0.020813 0.027388 0.077600
-0.020840 0.027621 0.077700
-0.020893 0.027891 0.077900
-0.020974 0.028197 0.078200
-0.021027 0.028469 0.078400
-0.021108 0.028779 0.078700
-0.021188 0.029090 0.079000
-0.021269 0.029403 0.079300
-0.021322 0.029679 0.079500
-0.021430 0.030032 0.079900
-0.021661 0.000703 0.080000
-0.021661 0.000907 0.080000
-0.021444 0.001302 0.079200
-0.021390 0.001500 0.079000
-0.021309 0.001695 0.078700
-0.021255 0.001891 0.078500
-0.021201 0.002085 0.078300
-0.021146 0.002279 0.078100
-0.021092 0.002472 0.077900
-0.021038 0.002664 0.077700
-0.020984 0.002854 0.077500
-0.020930 0.003044 0.077300
-0.020876 0.003233 0.077100
-0.020849 0.003425 0.077000
-0.020794 0.003612 0.076800
-0.020767 0.003802 0.076700
-0.020713 0.003988 0.076500
-0.020632 0.004166 0.076200
-0.020578 0.004349 0.076000
-0.020524 0.004531 0.075800
-0.020443 0.004705 0.075500
-0.020334 0.004872 0.075100
-0.020253 0.005043 0.074800
-0.020226 0.005227 0.074700
-0.020172 0.005403 0.074500
-0.020118 0.005578 0.074300
-0.020091 0.005759 0.074200
-0.020063 0.005940 0.074100
-0.020063 0.006129 0.074100
-0.020063 0.006318 0.074100
-0.020036 0.006498 0.074000
-0.020009 0.006678 0.073900
-0.020009 0.006866 0.073900
-0.019982 0.007045 0.073800
-0.019955 0.007223 0.073700
-0.019955 0.007411 0.073700
-0.019928 0.007589 0.073600
-0.019928 0.007776 0.073600
-0.019928 0.007964 0.073600
-0.019901 0.008141 0.073500
-0.019901 0.008328 0.073500
-0.019901 0.008515 0.073500
-0.019874 0.008691 0.073400
-0.019874 0.008878 0.073400
-0.019874 0.009065 0.073400
-0.019874 0.009252 0.073400
-0.019847 0.009426 0.073300
-0.019847 0.009613 0.073300
-0.019847 0.009800 0.073300
-0.019847 0.009987 0.073300
-0.019847 0.010174 0.073300
-0.019820 0.010347 0.073200
-0.019820 0.010533 0.073200
-0.019820 0.010720 0.073200
-0.019820 0.010906 0.073200
-0.019820 0.011093 0.073200
-0.019793 0.011264 0.073100
-0.019793 0.011451 0.073100
-0.019793 0.011637 0.073100
-0.019793 0.011823 0.073100
-0.019793 0.012010 0.073100
-0.019793 0.012196 0.073100
-0.019766 0.012365 0.073000
-0.019766 0.012551 0.073000
-0.019766 0.012738 0.073000
-0.019766 0.012924 0.073000
-0.019766 0.013110 0.073000
-0.019766 0.013296 0.073000
-0.019766 0.013482 0.073000
-0.019766 0.013668 0.073000
-0.019766 0.013854 0.073000
-0.019766 0.014040 0.073000
-0.019766 0.014226 0.073000
-0.019766 0.014412 0.073000
-0.019766 0.014599 0.073000
-0.019766 0.014785 0.073000
-0.019766 0.014971 0.073000
-0.019793 0.015178 0.073100
-0.019793 0.015364 0.073100
-0.019793 0.015550 0.073100
-0.019820 0.015758 0.073200
-0.019820 0.015945 0.073200
-0.019820 0.016131 0.073200
-0.019847 0.016340 0.073300
-0.019874 0.016550 0.073400
-0.019901 0.016760 0.073500
-0.019901 0.016947 0.073500
-0.019928 0.017158 0.073600
-0.019955 0.017369 0.073700
-0.019982 0.017580 0.073800
-0.020009 0.017793 0.073900
-0.020009 0.017981 0.073900
-0.020036 0.018194 0.074000
-0.020063 0.018408 0.074100
-0.020063 0.018596 0.074100
-0.020063 0.018785 0.074100
-0.020063 0.018974 0.074100
-0.020063 0.019163 0.074100
-0.020063 0.019352 0.074100
-0.020063 0.019541 0.074100
-0.020063 0.019730 0.074100
-0.020063 0.019919 0.074100
-0.020091 0.020135 0.074200
-0.020091 0.020324 0.074200
-0.020091 0.020513 0.074200
-0.020091 0.020702 0.074200
-0.020091 0.020891 0.074200
-0.020118 0.021109 0.074300
-0.020118 0.021298 0.074300
-0.020145 0.021517 0.074400
-0.020172 0.021735 0.074500
-0.020226 0.021984 0.074700
-0.020253 0.022204 0.074800
-0.020307 0.022455 0.075000
-0.020361 0.022707 0.075200
-0.020415 0.022959 0.075400
-0.020470 0.023213 0.075600
-0.020524 0.023467 0.075800
-0.020578 0.023723 0.076000
-0.020632 0.023980 0.076200
-0.020659 0.024206 0.076300
-0.020713 0.024464 0.076500
-0.020740 0.024691 0.076600
-0.020767 0.024919 0.076700
-0.020767 0.025115 0.076700
-0.020822 0.025376 0.076900
-0.020822 0.025572 0.076900
-0.020849 0.025802 0.077000
-0.020849 0.025998 0.077000
-0.020876 0.026228 0.077100
-0.020903 0.026459 0.077200
-0.020930 0.026691 0.077300
-0.020930 0.026888 0.077300
-0.020957 0.027120 0.077400
-0.020984 0.027352 0.077500
-0.021011 0.027585 0.077600
-0.021065 0.027855 0.077800
-0.021119 0.028125 0.078000
-0.021201 0.028433 0.078300
-0.021255 0.028706 0.078500
-0.021390 0.029090 0.079000
-0.021390 0.029291 0.079000
-0.021526 0.029679 0.079500
-0.021634 0.030032 0.079900
-0.021865 0.000703 0.080000
-0.021865 0.000907 0.080000
-0.021838 0.001110 0.079900
-0.021811 0.001312 0.079800
-0.021674 0.001506 0.079300
-0.021592 0.001701 0.079000
-0.021510 0.001895 0.078700
-0.021455 0.002091 0.078500
-0.021373 0.002282 0.078200
-0.021319 0.002475 0.078000
-0.021237 0.002664 0.077700
-0.021209 0.002858 0.077600
-0.021127 0.003044 0.077300
-0.021073 0.003233 0.077100
-0.021045 0.003425 0.077000
-0.021018 0.003616 0.076900
-0.020963 0.003802 0.076700
-0.020936 0.003993 0.076600
-0.020854 0.004172 0.076300
-0.020772 0.004349 0.076000
-0.020717 0.004531 0.075800
-0.020635 0.004705 0.075500
-0.020581 0.004885 0.075300
-0.020499 0.005057 0.075000
-0.020444 0.005234 0.074800
-0.020362 0.005403 0.074500
-0.020307 0.005578 0.074300
-0.020280 0.005759 0.074200
-0.020253 0.005940 0.074100
-0.020253 0.006129 0.074100
-0.020253 0.006318 0.074100
-0.020225 0.006498 0.074000
-0.020198 0.006678 0.073900
-0.020198 0.006866 0.073900
-0.020171 0.007045 0.073800
-0.020143 0.007223 0.073700
-0.020143 0.007411 0.073700
-0.020116 0.007589 0.073600
-0.020116 0.007776 0.073600
-0.020089 0.007953 0.073500
-0.020089 0.008141 0.073500
-0.020089 0.008328 0.073500
-0.020061 0.008504 0.073400
-0.020061 0.008691 0.073400
-0.020034 0.008866 0.073300
-0.020034 0.009053 0.073300
-0.020034 0.009240 0.073300
-0.020034 0.009426 0.073300
-0.020034 0.009613 0.073300
-0.020007 0.009787 0.073200
-0.020007 0.009973 0.073200
-0.020007 0.010160 0.073200
-0.020007 0.010347 0.073200
-0.020007 0.010533 0.073200
-0.019979 0.010705 0.073100
-0.019979 0.010892 0.073100
-0.019979 0.011078 0.073100
-0.019979 0.011264 0.073100
-0.019952 0.011435 0.073000
-0.019952 0.011621 0.073000
-0.019952 0.011807 0.073000
-0.019952 0.011993 0.073000
-0.019925 0.012163 0.072900
-0.019925 0.012348 0.072900
-0.019925 0.012534 0.072900
-0.019925 0.012720 0.072900
-0.019925 0.012906 0.072900
-0.019925 0.013092 0.072900
-0.019925 0.013278 0.072900
-0.019925 0.013463 0.072900
-0.019925 0.013649 0.072900
-0.019925 0.013835 0.072900
-0.019925 0.014021 0.072900
-0.019952 0.014226 0.073000
-0.019952 0.014412 0.073000
-0.019952 0.014599 0.073000
-0.019952 0.014785 0.073000
-0.019952 0.014971 0.073000
-0.019952 0.015157 0.073000
-0.019979 0.015364 0.073100
-0.019979 0.015550 0.073100
-0.019979 0.015737 0.073100
-0.019979 0.015923 0.073100
-0.020007 0.016131 0.073200
-0.020007 0.016318 0.073200
-0.020034 0.016527 0.073300
-0.020061 0.016737 0.073400
-0.020089 0.016947 0.073500
-0.020089 0.017134 0.073500
-0.020116 0.017345 0.073600
-0.020143 0.017557 0.073700
-0.020171 0.017769 0.073800
-0.020198 0.017981 0.073900
-0.020225 0.018194 0.074000
-0.020225 0.018383 0.074000
-0.020225 0.018571 0.074000
-0.020225 0.018760 0.074000
-0.020225 0.018949 0.074000
-0.020225 0.019137 0.074000
-0.020225 0.019326 0.074000
-0.020225 0.019515 0.074000
-0.020253 0.019730 0.074100
-0.020253 0.019919 0.074100
-0.020253 0.020108 0.074100
-0.020253 0.020296 0.074100
-0.020253 0.020485 0.074100
-0.020280 0.020702 0.074200
-0.020280 0.020891 0.074200
-0.020280 0.021080 0.074200
-0.020307 0.021298 0.074300
-0.020335 0.021517 0.074400
-0.020362 0.021735 0.074500
-0.020389 0.021955 0.074600
-0.020417 0.022175 0.074700
-0.020471 0.022425 0.074900
-0.020526 0.022676 0.075100
-0.020581 0.022929 0.075300
-0.020663 0.023213 0.075600
-0.020690 0.023436 0.075700
-0.020745 0.023692 0.075900
-0.020799 0.023948 0.076100
-0.020854 0.024206 0.076300
-0.020909 0.024464 0.076500
-0.020936 0.024691 0.076600
-0.020963 0.024919 0.076700
-0.020963 0.025115 0.076700
-0.020991 0.025343 0.076800
-0.021018 0.025572 0.076900
-0.021018 0.025768 0.076900
-0.021045 0.025998 0.077000
-0.021045 0.026194 0.077000
-0.021073 0.026425 0.077100
-0.021100 0.026656 0.077200
-0.021127 0.026888 0.077300
-0.021155 0.027120 0.077400
-0.021182 0.027352 0.077500
-0.021209 0.027585 0.077600
-0.021237 0.027819 0.077700
-0.021319 0.028125 0.078000
-0.021346 0.028360 0.078100
-0.021428 0.028669 0.078400
-0.021455 0.028906 0.078500
-0.021592 0.029291 0.079000
-0.022125 0.000705 0.080200
-0.022097 0.000908 0.080100
-0.022042 0.001110 0.079900
-0.022015 0.001312 0.079800
-0.021987 0.001513 0.079700
-0.021987 0.001716 0.079700
-0.021766 0.001900 0.078900
-0.021684 0.002093 0.078600
-0.021601 0.002285 0.078300
-0.021546 0.002478 0.078100
-0.021463 0.002667 0.077800
-0.021408 0.002858 0.077600
-0.021352 0.003048 0.077400
-0.021297 0.003237 0.077200
-0.021242 0.003425 0.077000
-0.021215 0.003616 0.076900
-0.021159 0.003802 0.076700
-0.021132 0.003993 0.076600
-0.021049 0.004172 0.076300
-0.020966 0.004349 0.076000
-0.020911 0.004531 0.075800
-0.020828 0.004705 0.075500
-0.020773 0.004885 0.075300
-0.020690 0.005057 0.075000
-0.020635 0.005234 0.074800
-0.020580 0.005410 0.074600
-0.020525 0.005585 0.074400
-0.020497 0.005767 0.074300
-0.020470 0.005948 0.074200
-0.020470 0.006138 0.074200
-0.020442 0.006318 0.074100
-0.020415 0.006498 0.074000
-0.020415 0.006687 0.074000
-0.020387 0.006866 0.073900
-0.020359 0.007045 0.073800
-0.020332 0.007223 0.073700
-0.020332 0.007411 0.073700
-0.020304 0.007589 0.073600
-0.020304 0.007776 0.073600
-0.020277 0.007953 0.073500
-0.020277 0.008141 0.073500
-0.020249 0.008317 0.073400
-0.020249 0.008504 0.073400
-0.020221 0.008679 0.073300
-0.020221 0.008866 0.073300
-0.020194 0.009040 0.073200
-0.020194 0.009227 0.073200
-0.020194 0.009414 0.073200
-0.020194 0.009600 0.073200
-0.020194 0.009787 0.073200
-0.020166 0.009960 0.073100
-0.020166 0.010146 0.073100
-0.020166 0.010333 0.073100
-0.020166 0.010519 0.073100
-0.020166 0.010705 0.073100
-0.020139 0.010877 0.073000
-0.020139 0.011063 0.073000
-0.020139 0.011249 0.073000
-0.020139 0.011435 0.073000
-0.020111 0.011605 0.072900
-0.020111 0.011791 0.072900
-0.020111 0.011977 0.072900
-0.020111 0.012163 0.072900
-0.020111 0.012348 0.072900
-0.020083 0.012517 0.072800
-0.020083 0.012703 0.072800
-0.020111 0.012906 0.072900
-0.020111 0.013092 0.072900
-0.020111 0.013278 0.072900
-0.020111 0.013463 0.072900
-0.020111 0.013649 0.072900
-0.020111 0.013835 0.072900
-0.020111 0.014021 0.072900
-0.020111 0.014207 0.072900
-0.020111 0.014393 0.072900
-0.020111 0.014579 0.072900
-0.020111 0.014764 0.072900
-0.020139 0.014971 0.073000
-0.020139 0.015157 0.073000
-0.020139 0.015343 0.073000
-0.020139 0.015529 0.073000
-0.020139 0.015715 0.073000
-0.020166 0.015923 0.073100
-0.020166 0.016109 0.073100
-0.020166 0.016296 0.073100
-0.020194 0.016505 0.073200
-0.020221 0.016714 0.073300
-0.020249 0.016924 0.073400
-0.020249 0.017111 0.073400
-0.020277 0.017322 0.073500
-0.020304 0.017533 0.073600
-0.020332 0.017745 0.073700
-0.020359 0.017957 0.073800
-0.020387 0.018169 0.073900
-0.020387 0.018358 0.073900
-0.020387 0.018546 0.073900
-0.020415 0.018760 0.074000
-0.020415 0.018949 0.074000
-0.020415 0.019137 0.074000
-0.020415 0.019326 0.074000
-0.020415 0.019515 0.074000
-0.020415 0.019703 0.074000
-0.020415 0.019892 0.074000
-0.020415 0.020080 0.074000
-0.020442 0.020296 0.074100
-0.020442 0.020485 0.074100
-0.020442 0.020674 0.074100
-0.020470 0.020891 0.074200
-0.020470 0.021080 0.074200
-0.020497 0.021298 0.074300
-0.020497 0.021488 0.074300
-0.020552 0.021735 0.074500
-0.020580 0.021955 0.074600
-0.020608 0.022175 0.074700
-0.020663 0.022425 0.074900
-0.020690 0.022646 0.075000
-0.020746 0.022898 0.075200
-0.020801 0.023151 0.075400
-0.020884 0.023436 0.075700
-0.020911 0.023661 0.075800
-0.020966 0.023917 0.076000
-0.021021 0.024174 0.076200
-0.021077 0.024432 0.076400
-0.021132 0.024691 0.076600
-0.021159 0.024919 0.076700
-0.021159 0.025115 0.076700
-0.021187 0.025343 0.076800
-0.021215 0.025572 0.076900
-0.021215 0.025768 0.076900
-0.021242 0.025998 0.077000
-0.021242 0.026194 0.077000
-0.021270 0.026425 0.077100
-0.021270 0.026621 0.077100
-0.021297 0.026853 0.077200
-0.021325 0.027085 0.077300
-0.021352 0.027317 0.077400
-0.021380 0.027550 0.077500
-0.021435 0.027819 0.077700
-0.021490 0.028089 0.077900
-0.021546 0.028360 0.078100
-0.021601 0.028633 0.078300
-0.021601 0.028832 0.078300
-0.022386 0.000707 0.080400
-0.022358 0.000910 0.080300
-0.022330 0.001114 0.080200
-0.022274 0.001315 0.080000
-0.022191 0.001513 0.079700
-0.022191 0.001716 0.079700
-0.021912 0.002096 0.078700
-0.021912 0.002297 0.078700
-0.021745 0.002478 0.078100
-0.021689 0.002670 0.077900
-0.021606 0.002858 0.077600
-0.021550 0.003048 0.077400
-0.021495 0.003237 0.077200
-0.021439 0.003425 0.077000
-0.021411 0.003616 0.076900
-0.021355 0.003802 0.076700
-0.021328 0.003993 0.076600
-0.021272 0.004177 0.076400
-0.021216 0.004360 0.076200
-0.021160 0.004543 0.076000
-0.021105 0.004724 0.075800
-0.021021 0.004898 0.075500
-0.020938 0.005070 0.075200
-0.020882 0.005248 0.075000
-0.020826 0.005424 0.074800
-0.020771 0.005600 0.074600
-0.020743 0.005782 0.074500
-0.020687 0.005956 0.074300
-0.020659 0.006138 0.074200
-0.020631 0.006318 0.074100
-0.020631 0.006507 0.074100
-0.020604 0.006687 0.074000
-0.020576 0.006866 0.073900
-0.020548 0.007045 0.073800
-0.020548 0.007233 0.073800
-0.020520 0.007411 0.073700
-0.020492 0.007589 0.073600
-0.020492 0.007776 0.073600
-0.020464 0.007953 0.073500
-0.020437 0.008130 0.073400
-0.020437 0.008317 0.073400
-0.020409 0.008492 0.073300
-0.020409 0.008679 0.073300
-0.020381 0.008854 0.073200
-0.020381 0.009040 0.073200
-0.020353 0.009214 0.073100
-0.020353 0.009401 0.073100
-0.020353 0.009587 0.073100
-0.020353 0.009773 0.073100
-0.020353 0.009960 0.073100
-0.020325 0.010132 0.073000
-0.020325 0.010318 0.073000
-0.020325 0.010504 0.073000
-0.020325 0.010691 0.073000
-0.020325 0.010877 0.073000
-0.020325 0.011063 0.073000
-0.020297 0.011233 0.072900
-0.020297 0.011419 0.072900
-0.020297 0.011605 0.072900
-0.020269 0.011775 0.072800
-0.020269 0.011960 0.072800
-0.020269 0.012146 0.072800
-0.020269 0.012332 0.072800
-0.020269 0.012517 0.072800
-0.020269 0.012703 0.072800
-0.020269 0.012888 0.072800
-0.020269 0.013074 0.072800
-0.020269 0.013259 0.072800
-0.020297 0.013463 0.072900
-0.020297 0.013649 0.072900
-0.020297 0.013835 0.072900
-0.020297 0.014021 0.072900
-0.020297 0.014207 0.072900
-0.020297 0.014393 0.072900
-0.020297 0.014579 0.072900
-0.020297 0.014764 0.072900
-0.020297 0.014950 0.072900
-0.020325 0.015157 0.073000
-0.020325 0.015343 0.073000
-0.020325 0.015529 0.073000
-0.020325 0.015715 0.073000
-0.020325 0.015901 0.073000
-0.020325 0.016087 0.073000
-0.020353 0.016296 0.073100
-0.020353 0.016482 0.073100
-0.020381 0.016691 0.073200
-0.020409 0.016901 0.073300
-0.020409 0.017088 0.073300
-0.020437 0.017298 0.073400
-0.020464 0.017509 0.073500
-0.020492 0.017720 0.073600
-0.020520 0.017932 0.073700
-0.020548 0.018145 0.073800
-0.020548 0.018333 0.073800
-0.020576 0.018546 0.073900
-0.020576 0.018735 0.073900
-0.020576 0.018923 0.073900
-0.020576 0.019111 0.073900
-0.020576 0.019300 0.073900
-0.020576 0.019488 0.073900
-0.020576 0.019677 0.073900
-0.020576 0.019865 0.073900
-0.020604 0.020080 0.074000
-0.020604 0.020269 0.074000
-0.020604 0.020458 0.074000
-0.020631 0.020674 0.074100
-0.020631 0.020863 0.074100
-0.020659 0.021080 0.074200
-0.020659 0.021270 0.074200
-0.020687 0.021488 0.074300
-0.020715 0.021706 0.074400
-0.020771 0.021955 0.074600
-0.020799 0.022175 0.074700
-0.020826 0.022395 0.074800
-0.020882 0.022646 0.075000
-0.020910 0.022868 0.075100
-0.020993 0.023151 0.075400
-0.021049 0.023405 0.075600
-0.021077 0.023629 0.075700
-0.021133 0.023885 0.075900
-0.021188 0.024142 0.076100
-0.021244 0.024400 0.076300
-0.021300 0.024659 0.076500
-0.021328 0.024887 0.076600
-0.021355 0.025115 0.076700
-0.021355 0.025310 0.076700
-0.021383 0.025539 0.076800
-0.021411 0.025768 0.076900
-0.021411 0.025964 0.076900
-0.021439 0.026194 0.077000
-0.021467 0.026425 0.077100
-0.021467 0.026621 0.077100
-0.021495 0.026853 0.077200
-0.021522 0.027085 0.077300
-0.021550 0.027317 0.077400
-0.021578 0.027550 0.077500
-0.021634 0.027819 0.077700
-0.021689 0.028089 0.077900
-0.021717 0.028324 0.078000
-0.021773 0.028596 0.078200
-0.021801 0.028832 0.078300
-0.022619 0.000707 0.080500
-0.022591 0.000912 0.080400
-0.022535 0.001114 0.080200
-0.022479 0.001315 0.080000
-0.022394 0.001513 0.079700
-0.022338 0.001712 0.079500
-0.022254 0.001907 0.079200
-0.022113 0.002096 0.078700
-0.022057 0.002291 0.078500
-0.021945 0.002478 0.078100
-0.021889 0.002670 0.077900
-0.021804 0.002858 0.077600
-0.021748 0.003048 0.077400
-0.021692 0.003237 0.077200
-0.021636 0.003425 0.077000
-0.021608 0.003616 0.076900
-0.021551 0.003802 0.076700
-0.021551 0.003998 0.076700
-0.021495 0.004183 0.076500
-0.021467 0.004372 0.076400
-0.021411 0.004555 0.076200
-0.021355 0.004736 0.076000
-0.021298 0.004917 0.075800
-0.021214 0.005090 0.075500
-0.021130 0.005262 0.075200
-0.021074 0.005439 0.075000
-0.021017 0.005615 0.074800
-0.020961 0.005790 0.074600
-0.020905 0.005964 0.074400
-0.020877 0.006146 0.074300
-0.020821 0.006318 0.074100
-0.020821 0.006507 0.074100
-0.020793 0.006687 0.074000
-0.020765 0.006866 0.073900
-0.020765 0.007055 0.073900
-0.020736 0.007233 0.073800
-0.020708 0.007411 0.073700
-0.020680 0.007589 0.073600
-0.020680 0.007776 0.073600
-0.020652 0.007953 0.073500
-0.020624 0.008130 0.073400
-0.020596 0.008305 0.073300
-0.020568 0.008481 0.073200
-0.020568 0.008667 0.073200
-0.020540 0.008842 0.073100
-0.020540 0.009028 0.073100
-0.020540 0.009214 0.073100
-0.020512 0.009388 0.073000
-0.020512 0.009574 0.073000
-0.020512 0.009760 0.073000
-0.020512 0.009946 0.073000
-0.020512 0.010132 0.073000
-0.020512 0.010318 0.073000
-0.020512 0.010504 0.073000
-0.020484 0.010676 0.072900
-0.020484 0.010862 0.072900
-0.020484 0.011048 0.072900
-0.020484 0.011233 0.072900
-0.020484 0.011419 0.072900
-0.020456 0.011589 0.072800
-0.020456 0.011775 0.072800
-0.020427 0.011944 0.072700
-0.020427 0.012129 0.072700
-0.020427 0.012315 0.072700
-0.020427 0.012500 0.072700
-0.020456 0.012703 0.072800
-0.020456 0.012888 0.072800
-0.020456 0.013074 0.072800
-0.020456 0.013259 0.072800
-0.020456 0.013445 0.072800
-0.020484 0.013649 0.072900
-0.020484 0.013835 0.072900
-0.020484 0.014021 0.072900
-0.020484 0.014207 0.072900
-0.020484 0.014393 0.072900
-0.020484 0.014579 0.072900
-0.020484 0.014764 0.072900
-0.020484 0.014950 0.072900
-0.020484 0.015136 0.072900
-0.020484 0.015322 0.072900
-0.020512 0.015529 0.073000
-0.020512 0.015715 0.073000
-0.020512 0.015901 0.073000
-0.020512 0.016087 0.073000
-0.020512 0.016273 0.073000
-0.020512 0.016459 0.073000
-0.020540 0.016668 0.073100
-0.020540 0.016855 0.073100
-0.020568 0.017064 0.073200
-0.020596 0.017275 0.073300
-0.020624 0.017485 0.073400
-0.020652 0.017696 0.073500
-0.020680 0.017908 0.073600
-0.020708 0.018120 0.073700
-0.020708 0.018308 0.073700
-0.020708 0.018496 0.073700
-0.020736 0.018709 0.073800
-0.020736 0.018897 0.073800
-0.020736 0.019086 0.073800
-0.020736 0.019274 0.073800
-0.020765 0.019488 0.073900
-0.020765 0.019677 0.073900
-0.020765 0.019865 0.073900
-0.020765 0.020053 0.073900
-0.020793 0.020269 0.074000
-0.020793 0.020458 0.074000
-0.020793 0.020646 0.074000
-0.020821 0.020863 0.074100
-0.020821 0.021052 0.074100
-0.020849 0.021270 0.074200
-0.020877 0.021488 0.074300
-0.020905 0.021706 0.074400
-0.020933 0.021925 0.074500
-0.020989 0.022175 0.074700
-0.021017 0.022395 0.074800
-0.021046 0.022616 0.074900
-0.021102 0.022868 0.075100
-0.021158 0.023121 0.075300
-0.021242 0.023405 0.075600
-0.021270 0.023629 0.075700
-0.021327 0.023885 0.075900
-0.021383 0.024142 0.076100
-0.021439 0.024400 0.076300
-0.021467 0.024627 0.076400
-0.021523 0.024887 0.076600
-0.021523 0.025082 0.076600
-0.021551 0.025310 0.076700
-0.021579 0.025539 0.076800
-0.021608 0.025768 0.076900
-0.021608 0.025964 0.076900
-0.021636 0.026194 0.077000
-0.021664 0.026425 0.077100
-0.021664 0.026621 0.077100
-0.021692 0.026853 0.077200
-0.021720 0.027085 0.077300
-0.021748 0.027317 0.077400
-0.021804 0.027585 0.077600
-0.021832 0.027819 0.077700
-0.021889 0.028089 0.077900
-0.021917 0.028324 0.078000
-0.021973 0.028596 0.078200
-0.022001 0.028832 0.078300
-0.022825 0.000707 0.080500
-0.022796 0.000912 0.080400
-0.022740 0.001114 0.080200
-0.022711 0.001317 0.080100
-0.022655 0.001517 0.079900
-0.022541 0.001712 0.079500
-0.022456 0.001907 0.079200
-0.022343 0.002099 0.078800
-0.022258 0.002291 0.078500
-0.022173 0.002481 0.078200
-0.022088 0.002670 0.077900
-0.022031 0.002862 0.077700
-0.021946 0.003048 0.077400
-0.021917 0.003241 0.077300
-0.021861 0.003429 0.077100
-0.021832 0.003621 0.077000
-0.021776 0.003807 0.076800
-0.021747 0.003998 0.076700
-0.021719 0.004188 0.076600
-0.021691 0.004378 0.076500
-0.021662 0.004567 0.076400
-0.021606 0.004749 0.076200
-0.021549 0.004930 0.076000
-0.021464 0.005104 0.075700
-0.021464 0.005297 0.075700
-0.021379 0.005468 0.075400
-0.021265 0.005630 0.075000
-0.021180 0.005798 0.074700
-0.021124 0.005972 0.074500
-0.021095 0.006154 0.074400
-0.021038 0.006327 0.074200
-0.021038 0.006516 0.074200
-0.021010 0.006696 0.074100
-0.020982 0.006876 0.074000
-0.020953 0.007055 0.073900
-0.020925 0.007233 0.073800
-0.020897 0.007411 0.073700
-0.020868 0.007589 0.073600
-0.020868 0.007776 0.073600
-0.020840 0.007953 0.073500
-0.020812 0.008130 0.073400
-0.020783 0.008305 0.073300
-0.020755 0.008481 0.073200
-0.020727 0.008655 0.073100
-0.020727 0.008842 0.073100
-0.020698 0.009016 0.073000
-0.020698 0.009202 0.073000
-0.020670 0.009375 0.072900
-0.020670 0.009561 0.072900
-0.020670 0.009747 0.072900
-0.020670 0.009933 0.072900
-0.020670 0.010118 0.072900
-0.020670 0.010304 0.072900
-0.020670 0.010490 0.072900
-0.020670 0.010676 0.072900
-0.020670 0.010862 0.072900
-0.020670 0.011048 0.072900
-0.020642 0.011218 0.072800
-0.020642 0.011404 0.072800
-0.020642 0.011589 0.072800
-0.020613 0.011759 0.072700
-0.020613 0.011944 0.072700
-0.020613 0.012129 0.072700
-0.020613 0.012315 0.072700
-0.020613 0.012500 0.072700
-0.020613 0.012685 0.072700
-0.020613 0.012871 0.072700
-0.020642 0.013074 0.072800
-0.020642 0.013259 0.072800
-0.020642 0.013445 0.072800
-0.020670 0.013649 0.072900
-0.020670 0.013835 0.072900
-0.020670 0.014021 0.072900
-0.020670 0.014207 0.072900
-0.020670 0.014393 0.072900
-0.020670 0.014579 0.072900
-0.020670 0.014764 0.072900
-0.020670 0.014950 0.072900
-0.020670 0.015136 0.072900
-0.020670 0.015322 0.072900
-0.020670 0.015508 0.072900
-0.020670 0.015694 0.072900
-0.020670 0.015879 0.072900
-0.020670 0.016065 0.072900
-0.020670 0.016251 0.072900
-0.020698 0.016459 0.073000
-0.020698 0.016646 0.073000
-0.020698 0.016832 0.073000
-0.020727 0.017041 0.073100
-0.020755 0.017251 0.073200
-0.020755 0.017438 0.073200
-0.020783 0.017648 0.073300
-0.020840 0.017884 0.073500
-0.020840 0.018071 0.073500
-0.020868 0.018283 0.073600
-0.020868 0.018471 0.073600
-0.020897 0.018684 0.073700
-0.020897 0.018872 0.073700
-0.020897 0.019060 0.073700
-0.020925 0.019274 0.073800
-0.020925 0.019462 0.073800
-0.020925 0.019650 0.073800
-0.020925 0.019838 0.073800
-0.020953 0.020053 0.073900
-0.020953 0.020242 0.073900
-0.020982 0.020458 0.074000
-0.020982 0.020646 0.074000
-0.020982 0.020835 0.074000
-0.021010 0.021052 0.074100
-0.021038 0.021270 0.074200
-0.021067 0.021488 0.074300
-0.021095 0.021706 0.074400
-0.021124 0.021925 0.074500
-0.021152 0.022145 0.074600
-0.021180 0.022365 0.074700
-0.021237 0.022616 0.074900
-0.021294 0.022868 0.075100
-0.021350 0.023121 0.075300
-0.021407 0.023374 0.075500
-0.021464 0.023629 0.075700
-0.021492 0.023854 0.075800
-0.021549 0.024111 0.076000
-0.021606 0.024368 0.076200
-0.021662 0.024627 0.076400
-0.021691 0.024854 0.076500
-0.021719 0.025082 0.076600
-0.021719 0.025277 0.076600
-0.021747 0.025506 0.076700
-0.021804 0.025768 0.076900
-0.021804 0.025964 0.076900
-0.021832 0.026194 0.077000
-0.021861 0.026425 0.077100
-0.021861 0.026621 0.077100
-0.021889 0.026853 0.077200
-0.021917 0.027085 0.077300
-0.021974 0.027352 0.077500
-0.022003 0.027585 0.077600
-0.022031 0.027819 0.077700
-0.022088 0.028089 0.077900
-0.022116 0.028324 0.078000
-0.022173 0.028596 0.078200
-0.022201 0.028832 0.078300
-0.022258 0.029106 0.078500
-0.023030 0.000707 0.080500
-0.023002 0.000912 0.080400
-0.022973 0.001115 0.080300
-0.022945 0.001318 0.080200
-0.022887 0.001519 0.080000
-0.022802 0.001716 0.079700
-0.022687 0.001910 0.079300
-0.022573 0.002101 0.078900
-0.022487 0.002294 0.078600
-0.022487 0.002494 0.078600
-0.022315 0.002674 0.078000
-0.022229 0.002862 0.077700
-0.022229 0.003060 0.077700
-0.022115 0.003241 0.077300
-0.022086 0.003434 0.077200
-0.022029 0.003621 0.077000
-0.021972 0.003807 0.076800
-0.021943 0.003998 0.076700
-0.021915 0.004188 0.076600
-0.021886 0.004378 0.076500
-0.021886 0.004573 0.076500
-0.021829 0.004755 0.076300
-0.021772 0.004937 0.076100
-0.021714 0.005117 0.075900
-0.021657 0.005297 0.075700
-0.021571 0.005468 0.075400
-0.021486 0.005638 0.075100
-0.021428 0.005814 0.074900
-0.021371 0.005988 0.074700
-0.021314 0.006162 0.074500
-0.021257 0.006335 0.074300
-0.021228 0.006516 0.074200
-0.021199 0.006696 0.074100
-0.021171 0.006876 0.074000
-0.021142 0.007055 0.073900
-0.021114 0.007233 0.073800
-0.021085 0.007411 0.073700
-0.021056 0.007589 0.073600
-0.021056 0.007776 0.073600
-0.021028 0.007953 0.073500
-0.020999 0.008130 0.073400
-0.020971 0.008305 0.073300
-0.020942 0.008481 0.073200
-0.020913 0.008655 0.073100
-0.020885 0.008830 0.073000
-0.020885 0.009016 0.073000
-0.020856 0.009189 0.072900
-0.020856 0.009375 0.072900
-0.020856 0.009561 0.072900
-0.020856 0.009747 0.072900
-0.020856 0.009933 0.072900
-0.020856 0.010118 0.072900
-0.020856 0.010304 0.072900
-0.020856 0.010490 0.072900
-0.020856 0.010676 0.072900
-0.020828 0.010847 0.072800
-0.020828 0.011032 0.072800
-0.020828 0.011218 0.072800
-0.020799 0.011388 0.072700
-0.020799 0.011573 0.072700
-0.020799 0.011759 0.072700
-0.020799 0.011944 0.072700
-0.020799 0.012129 0.072700
-0.020799 0.012315 0.072700
-0.020799 0.012500 0.072700
-0.020799 0.012685 0.072700
-0.020799 0.012871 0.072700
-0.020828 0.013074 0.072800
-0.020828 0.013259 0.072800
-0.020828 0.013445 0.072800
-0.020828 0.013631 0.072800
-0.020856 0.013835 0.072900
-0.020856 0.014021 0.072900
-0.020856 0.014207 0.072900
-0.020856 0.014393 0.072900
-0.020856 0.014579 0.072900
-0.020856 0.014764 0.072900
-0.020856 0.014950 0.072900
-0.020856 0.015136 0.072900
-0.020856 0.015322 0.072900
-0.020856 0.015508 0.072900
-0.020856 0.015694 0.072900
-0.020856 0.015879 0.072900
-0.020856 0.016065 0.072900
-0.020856 0.016251 0.072900
-0.020856 0.016437 0.072900
-0.020885 0.016646 0.073000
-0.020885 0.016832 0.073000
-0.020885 0.017018 0.073000
-0.020913 0.017227 0.073100
-0.020942 0.017438 0.073200
-0.020971 0.017648 0.073300
-0.020999 0.017859 0.073400
-0.021028 0.018071 0.073500
-0.021028 0.018258 0.073500
-0.021028 0.018446 0.073500
-0.021056 0.018659 0.073600
-0.021056 0.018846 0.073600
-0.021085 0.019060 0.073700
-0.021085 0.019248 0.073700
-0.021114 0.019462 0.073800
-0.021114 0.019650 0.073800
-0.021114 0.019838 0.073800
-0.021114 0.020026 0.073800
-0.021142 0.020242 0.073900
-0.021142 0.020430 0.073900
-0.021171 0.020646 0.074000
-0.021171 0.020835 0.074000
-0.021171 0.021024 0.074000
-0.021199 0.021241 0.074100
-0.021228 0.021459 0.074200
-0.021257 0.021677 0.074300
-0.021285 0.021896 0.074400
-0.021314 0.022115 0.074500
-0.021371 0.022365 0.074700
-0.021400 0.022586 0.074800
-0.021457 0.022837 0.075000
-0.021514 0.023090 0.075200
-0.021600 0.023374 0.075500
-0.021629 0.023598 0.075600
-0.021686 0.023854 0.075800
-0.021743 0.024111 0.076000
-0.021800 0.024368 0.076200
-0.021829 0.024595 0.076300
-0.021857 0.024822 0.076400
-0.021886 0.025049 0.076500
-0.021915 0.025277 0.076600
-0.021943 0.025506 0.076700
-0.021972 0.025735 0.076800
-0.022001 0.025964 0.076900
-0.022029 0.026194 0.077000
-0.022058 0.026425 0.077100
-0.022086 0.026656 0.077200
-0.022115 0.026888 0.077300
-0.022144 0.027120 0.077400
-0.022172 0.027352 0.077500
-0.022229 0.027621 0.077700
-0.022258 0.027855 0.077800
-0.022315 0.028125 0.078000
-0.022344 0.028360 0.078100
-0.022401 0.028633 0.078300
-0.022430 0.028869 0.078400
-0.022458 0.029106 0.078500
-0.022515 0.029381 0.078700
-0.023236 0.000707 0.080500
-0.023207 0.000912 0.080400
-0.023178 0.001115 0.080300
-0.023150 0.001318 0.080200
-0.023092 0.001519 0.080000
-0.023005 0.001716 0.079700
-0.022890 0.001910 0.079300
-0.022803 0.002104 0.079000
-0.022717 0.002297 0.078700
-0.022717 0.002497 0.078700
-0.022543 0.002677 0.078100
-0.022486 0.002869 0.077900
-0.022428 0.003060 0.077700
-0.022428 0.003258 0.077700
-0.022284 0.003434 0.077200
-0.022255 0.003626 0.077100
-0.022197 0.003812 0.076900
-0.022168 0.004003 0.076800
-0.022139 0.004194 0.076700
-0.022110 0.004383 0.076600
-0.022110 0.004579 0.076600
-0.022053 0.004761 0.076400
-0.022024 0.004950 0.076300
-0.021966 0.005131 0.076100
-0.021880 0.005304 0.075800
-0.021822 0.005482 0.075600
-0.021822 0.005675 0.075600
-0.021649 0.005821 0.075000
-0.021591 0.005996 0.074800
-0.021533 0.006171 0.074600
-0.021475 0.006344 0.074400
-0.021447 0.006525 0.074300
-0.021418 0.006705 0.074200
-0.021389 0.006885 0.074100
-0.021360 0.007064 0.074000
-0.021331 0.007243 0.073900
-0.021302 0.007421 0.073800
-0.021273 0.007599 0.073700
-0.021244 0.007776 0.073600
-0.021216 0.007953 0.073500
-0.021187 0.008130 0.073400
-0.021158 0.008305 0.073300
-0.021129 0.008481 0.073200
-0.021100 0.008655 0.073100
-0.021071 0.008830 0.073000
-0.021071 0.009016 0.073000
-0.021042 0.009189 0.072900
-0.021042 0.009375 0.072900
-0.021042 0.009561 0.072900
-0.021042 0.009747 0.072900
-0.021042 0.009933 0.072900
-0.021042 0.010118 0.072900
-0.021042 0.010304 0.072900
-0.021042 0.010490 0.072900
-0.021014 0.010661 0.072800
-0.021014 0.010847 0.072800
-0.021014 0.011032 0.072800
-0.020985 0.011203 0.072700
-0.020985 0.011388 0.072700
-0.020985 0.011573 0.072700
-0.020985 0.011759 0.072700
-0.020985 0.011944 0.072700
-0.020985 0.012129 0.072700
-0.020985 0.012315 0.072700
-0.020985 0.012500 0.072700
-0.020985 0.012685 0.072700
-0.020985 0.012871 0.072700
-0.020985 0.013056 0.072700
-0.021014 0.013259 0.072800
-0.021014 0.013445 0.072800
-0.021014 0.013631 0.072800
-0.021042 0.013835 0.072900
-0.021042 0.014021 0.072900
-0.021042 0.014207 0.072900
-0.021042 0.014393 0.072900
-0.021042 0.014579 0.072900
-0.021042 0.014764 0.072900
-0.021042 0.014950 0.072900
-0.021042 0.015136 0.072900
-0.021042 0.015322 0.072900
-0.021042 0.015508 0.072900
-0.021042 0.015694 0.072900
-0.021042 0.015879 0.072900
-0.021042 0.016065 0.072900
-0.021042 0.016251 0.072900
-0.021042 0.016437 0.072900
-0.021042 0.016623 0.072900
-0.021042 0.016809 0.072900
-0.021071 0.017018 0.073000
-0.021071 0.017204 0.073000
-0.021100 0.017414 0.073100
-0.021129 0.017624 0.073200
-0.021187 0.017859 0.073400
-0.021187 0.018047 0.073400
-0.021216 0.018258 0.073500
-0.021216 0.018446 0.073500
-0.021244 0.018659 0.073600
-0.021244 0.018846 0.073600
-0.021244 0.019034 0.073600
-0.021273 0.019248 0.073700
-0.021273 0.019435 0.073700
-0.021302 0.019650 0.073800
-0.021302 0.019838 0.073800
-0.021302 0.020026 0.073800
-0.021302 0.020214 0.073800
-0.021331 0.020430 0.073900
-0.021331 0.020618 0.073900
-0.021360 0.020835 0.074000
-0.021360 0.021024 0.074000
-0.021389 0.021241 0.074100
-0.021418 0.021459 0.074200
-0.021418 0.021648 0.074200
-0.021475 0.021896 0.074400
-0.021504 0.022115 0.074500
-0.021533 0.022335 0.074600
-0.021591 0.022586 0.074800
-0.021620 0.022807 0.074900
-0.021706 0.023090 0.075200
-0.021764 0.023344 0.075400
-0.021822 0.023598 0.075600
-0.021851 0.023822 0.075700
-0.021908 0.024079 0.075900
-0.021966 0.024336 0.076100
-0.021995 0.024562 0.076200
-0.022053 0.024822 0.076400
-0.022082 0.025049 0.076500
-0.022110 0.025277 0.076600
-0.022139 0.025506 0.076700
-0.022168 0.025735 0.076800
-0.022197 0.025964 0.076900
-0.022226 0.026194 0.077000
-0.022255 0.026425 0.077100
-0.022284 0.026656 0.077200
-0.022312 0.026888 0.077300
-0.022370 0.027155 0.077500
-0.022399 0.027388 0.077600
-0.022457 0.027656 0.077800
-0.022486 0.027891 0.077900
-0.022543 0.028161 0.078100
-0.022572 0.028397 0.078200
-0.022630 0.028669 0.078400
-0.022659 0.028906 0.078500
-0.022688 0.029143 0.078600
-0.022717 0.029381 0.078700
-0.023413 0.000912 0.080400
-0.023384 0.001115 0.080300
-0.023354 0.001318 0.080200
-0.023296 0.001519 0.080000
-0.023180 0.001714 0.079600
-0.023063 0.001907 0.079200
-0.022976 0.002101 0.078900
-0.022947 0.002300 0.078800
-0.022859 0.002491 0.078500
-0.022772 0.002681 0.078200
-0.022685 0.002869 0.077900
-0.022626 0.003060 0.077700
-0.022626 0.003258 0.077700
-0.022510 0.003438 0.077300
-0.022452 0.003626 0.077100
-0.022423 0.003817 0.077000
-0.022364 0.004003 0.076800
-0.022335 0.004194 0.076700
-0.022306 0.004383 0.076600
-0.022306 0.004579 0.076600
-0.022248 0.004761 0.076400
-0.022248 0.004956 0.076400
-0.022161 0.005131 0.076100
-0.022102 0.005311 0.075900
-0.022044 0.005490 0.075700
-0.022015 0.005675 0.075600
-0.021898 0.005837 0.075200
-0.021811 0.006004 0.074900
-0.021753 0.006179 0.074700
-0.021724 0.006361 0.074600
-0.021666 0.006533 0.074400
-0.021636 0.006714 0.074300
-0.021607 0.006894 0.074200
-0.021549 0.007064 0.074000
-0.021520 0.007243 0.073900
-0.021491 0.007421 0.073800
-0.021462 0.007599 0.073700
-0.021433 0.007776 0.073600
-0.021403 0.007953 0.073500
-0.021374 0.008130 0.073400
-0.021345 0.008305 0.073300
-0.021316 0.008481 0.073200
-0.021287 0.008655 0.073100
-0.021258 0.008830 0.073000
-0.021258 0.009016 0.073000
-0.021229 0.009189 0.072900
-0.021229 0.009375 0.072900
-0.021229 0.009561 0.072900
-0.021229 0.009747 0.072900
-0.021229 0.009933 0.072900
-0.021229 0.010118 0.072900
-0.021229 0.010304 0.072900
-0.021229 0.010490 0.072900
-0.021200 0.010661 0.072800
-0.021200 0.010847 0.072800
-0.021200 0.011032 0.072800
-0.021170 0.011203 0.072700
-0.021170 0.011388 0.072700
-0.021170 0.011573 0.072700
-0.021170 0.011759 0.072700
-0.021170 0.011944 0.072700
-0.021141 0.012113 0.072600
-0.021141 0.012298 0.072600
-0.021170 0.012500 0.072700
-0.021170 0.012685 0.072700
-0.021170 0.012871 0.072700
-0.021170 0.013056 0.072700
-0.021200 0.013259 0.072800
-0.021200 0.013445 0.072800
-0.021200 0.013631 0.072800
-0.021229 0.013835 0.072900
-0.021229 0.014021 0.072900
-0.021229 0.014207 0.072900
-0.021229 0.014393 0.072900
-0.021229 0.014579 0.072900
-0.021229 0.014764 0.072900
-0.021229 0.014950 0.072900
-0.021229 0.015136 0.072900
-0.021229 0.015322 0.072900
-0.021229 0.015508 0.072900
-0.021229 0.015694 0.072900
-0.021229 0.015879 0.072900
-0.021229 0.016065 0.072900
-0.021229 0.016251 0.072900
-0.021229 0.016437 0.072900
-0.021229 0.016623 0.072900
-0.021229 0.016809 0.072900
-0.021258 0.017018 0.073000
-0.021258 0.017204 0.073000
-0.021287 0.017414 0.073100
-0.021316 0.017624 0.073200
-0.021345 0.017835 0.073300
-0.021374 0.018047 0.073400
-0.021374 0.018234 0.073400
-0.021403 0.018446 0.073500
-0.021403 0.018633 0.073500
-0.021433 0.018846 0.073600
-0.021433 0.019034 0.073600
-0.021433 0.019221 0.073600
-0.021462 0.019435 0.073700
-0.021462 0.019623 0.073700
-0.021462 0.019811 0.073700
-0.021462 0.019999 0.073700
-0.021491 0.020214 0.073800
-0.021491 0.020402 0.073800
-0.021520 0.020618 0.073900
-0.021520 0.020807 0.073900
-0.021549 0.021024 0.074000
-0.021549 0.021212 0.074000
-0.021578 0.021430 0.074100
-0.021607 0.021648 0.074200
-0.021636 0.021867 0.074300
-0.021695 0.022115 0.074500
-0.021724 0.022335 0.074600
-0.021782 0.022586 0.074800
-0.021811 0.022807 0.074900
-0.021898 0.023090 0.075200
-0.021957 0.023344 0.075400
-0.022015 0.023598 0.075600
-0.022044 0.023822 0.075700
-0.022102 0.024079 0.075900
-0.022131 0.024304 0.076000
-0.022190 0.024562 0.076200
-0.022219 0.024789 0.076300
-0.022248 0.025016 0.076400
-0.022277 0.025244 0.076500
-0.022335 0.025506 0.076700
-0.022364 0.025735 0.076800
-0.022394 0.025964 0.076900
-0.022423 0.026194 0.077000
-0.022452 0.026425 0.077100
-0.022510 0.026691 0.077300
-0.022539 0.026922 0.077400
-0.022597 0.027190 0.077600
-0.022626 0.027423 0.077700
-0.022685 0.027692 0.077900
-0.022714 0.027926 0.078000
-0.022772 0.028197 0.078200
-0.022830 0.028469 0.078400
-0.022859 0.028706 0.078500
-0.022889 0.028943 0.078600
-0.022918 0.029180 0.078700
-0.022947 0.029418 0.078800
-0.023589 0.001115 0.080300
-0.023471 0.001313 0.079900
-0.023383 0.001511 0.079600
-0.023295 0.001708 0.079300
-0.023236 0.001905 0.079100
-0.023148 0.002099 0.078800
-0.023089 0.002294 0.078600
-0.023060 0.002491 0.078500
-0.023001 0.002684 0.078300
-0.022913 0.002873 0.078000
-0.022854 0.003064 0.077800
-0.022796 0.003254 0.077600
-0.022796 0.003451 0.077600
-0.022678 0.003630 0.077200
-0.022619 0.003817 0.077000
-0.022561 0.004003 0.076800
-0.022531 0.004194 0.076700
-0.022502 0.004383 0.076600
-0.022502 0.004579 0.076600
-0.022443 0.004761 0.076400
-0.022443 0.004956 0.076400
-0.022384 0.005137 0.076200
-0.022326 0.005318 0.076000
-0.022267 0.005497 0.075800
-0.022208 0.005675 0.075600
-0.022120 0.005845 0.075300
-0.022061 0.006021 0.075100
-0.022002 0.006195 0.074900
-0.021944 0.006369 0.074700
-0.021885 0.006542 0.074500
-0.021856 0.006723 0.074400
-0.021826 0.006903 0.074300
-0.021767 0.007074 0.074100
-0.021738 0.007253 0.074000
-0.021679 0.007421 0.073800
-0.021679 0.007609 0.073800
-0.021650 0.007787 0.073700
-0.021591 0.007953 0.073500
-0.021562 0.008130 0.073400
-0.021532 0.008305 0.073300
-0.021503 0.008481 0.073200
-0.021474 0.008655 0.073100
-0.021444 0.008830 0.073000
-0.021444 0.009016 0.073000
-0.021415 0.009189 0.072900
-0.021415 0.009375 0.072900
-0.021415 0.009561 0.072900
-0.021415 0.009747 0.072900
-0.021415 0.009933 0.072900
-0.021415 0.010118 0.072900
-0.021415 0.010304 0.072900
-0.021415 0.010490 0.072900
-0.021386 0.010661 0.072800
-0.021386 0.010847 0.072800
-0.021386 0.011032 0.072800
-0.021386 0.011218 0.072800
-0.021356 0.011388 0.072700
-0.021356 0.011573 0.072700
-0.021356 0.011759 0.072700
-0.021356 0.011944 0.072700
-0.021327 0.012113 0.072600
-0.021327 0.012298 0.072600
-0.021356 0.012500 0.072700
-0.021356 0.012685 0.072700
-0.021356 0.012871 0.072700
-0.021356 0.013056 0.072700
-0.021386 0.013259 0.072800
-0.021386 0.013445 0.072800
-0.021386 0.013631 0.072800
-0.021415 0.013835 0.072900
-0.021415 0.014021 0.072900
-0.021415 0.014207 0.072900
-0.021415 0.014393 0.072900
-0.021415 0.014579 0.072900
-0.021415 0.014764 0.072900
-0.021415 0.014950 0.072900
-0.021415 0.015136 0.072900
-0.021415 0.015322 0.072900
-0.021415 0.015508 0.072900
-0.021415 0.015694 0.072900
-0.021415 0.015879 0.072900
-0.021415 0.016065 0.072900
-0.021415 0.016251 0.072900
-0.021415 0.016437 0.072900
-0.021415 0.016623 0.072900
-0.021415 0.016809 0.072900
-0.021415 0.016994 0.072900
-0.021444 0.017204 0.073000
-0.021444 0.017390 0.073000
-0.021474 0.017600 0.073100
-0.021503 0.017811 0.073200
-0.021532 0.018022 0.073300
-0.021532 0.018209 0.073300
-0.021562 0.018421 0.073400
-0.021591 0.018633 0.073500
-0.021591 0.018821 0.073500
-0.021591 0.019008 0.073500
-0.021621 0.019221 0.073600
-0.021621 0.019409 0.073600
-0.021650 0.019623 0.073700
-0.021650 0.019811 0.073700
-0.021650 0.019999 0.073700
-0.021650 0.020187 0.073700
-0.021679 0.020402 0.073800
-0.021679 0.020591 0.073800
-0.021709 0.020807 0.073900
-0.021709 0.020995 0.073900
-0.021738 0.021212 0.074000
-0.021767 0.021430 0.074100
-0.021797 0.021648 0.074200
-0.021826 0.021867 0.074300
-0.021856 0.022086 0.074400
-0.021914 0.022335 0.074600
-0.021944 0.022556 0.074700
-0.022002 0.022807 0.074900
-0.022091 0.023090 0.075200
-0.022149 0.023344 0.075400
-0.022179 0.023567 0.075500
-0.022237 0.023822 0.075700
-0.022296 0.024079 0.075900
-0.022326 0.024304 0.076000
-0.022355 0.024530 0.076100
-0.022384 0.024757 0.076200
-0.022443 0.025016 0.076400
-0.022473 0.025244 0.076500
-0.022502 0.025472 0.076600
-0.022561 0.025735 0.076800
-0.022619 0.025998 0.077000
-0.022619 0.026194 0.077000
-0.022678 0.026459 0.077200
-0.022737 0.026725 0.077400
-0.022766 0.026957 0.077500
-0.022825 0.027225 0.077700
-0.022884 0.027493 0.077900
-0.022913 0.027728 0.078000
-0.022972 0.027998 0.078200
-0.023001 0.028233 0.078300
-0.023060 0.028506 0.078500
-0.023089 0.028742 0.078600
-0.023119 0.028980 0.078700
-0.023148 0.029217 0.078800
-0.023148 0.029418 0.078800
-0.023675 0.001313 0.079900
-0.023498 0.001506 0.079300
-0.023438 0.001703 0.079100
-0.023379 0.001900 0.078900
-0.023320 0.002096 0.078700
-0.023261 0.002291 0.078500
-0.023231 0.002488 0.078400
-0.023201 0.002684 0.078300
-0.023112 0.002873 0.078000
-0.023053 0.003064 0.077800
-0.022994 0.003254 0.077600
-0.022994 0.003451 0.077600
-0.022875 0.003630 0.077200
-0.022816 0.003817 0.077000
-0.022757 0.004003 0.076800
-0.022727 0.004194 0.076700
-0.022727 0.004389 0.076700
-0.022668 0.004573 0.076500
-0.022638 0.004761 0.076400
-0.022638 0.004956 0.076400
-0.022579 0.005137 0.076200
-0.022520 0.005318 0.076000
-0.022490 0.005504 0.075900
-0.022431 0.005683 0.075700
-0.022342 0.005852 0.075400
-0.022283 0.006029 0.075200
-0.022224 0.006204 0.075000
-0.022164 0.006378 0.074800
-0.022135 0.006560 0.074700
-0.022075 0.006732 0.074500
-0.022046 0.006913 0.074400
-0.021986 0.007083 0.074200
-0.021957 0.007263 0.074100
-0.021898 0.007431 0.073900
-0.021868 0.007609 0.073800
-0.021838 0.007787 0.073700
-0.021809 0.007964 0.073600
-0.021749 0.008130 0.073400
-0.021720 0.008305 0.073300
-0.021690 0.008481 0.073200
-0.021661 0.008655 0.073100
-0.021661 0.008842 0.073100
-0.021631 0.009016 0.073000
-0.021631 0.009202 0.073000
-0.021601 0.009375 0.072900
-0.021601 0.009561 0.072900
-0.021601 0.009747 0.072900
-0.021601 0.009933 0.072900
-0.021601 0.010118 0.072900
-0.021601 0.010304 0.072900
-0.021601 0.010490 0.072900
-0.021601 0.010676 0.072900
-0.021572 0.010847 0.072800
-0.021572 0.011032 0.072800
-0.021572 0.011218 0.072800
-0.021572 0.011404 0.072800
-0.021542 0.011573 0.072700
-0.021542 0.011759 0.072700
-0.021542 0.011944 0.072700
-0.021542 0.012129 0.072700
-0.021542 0.012315 0.072700
-0.021542 0.012500 0.072700
-0.021542 0.012685 0.072700
-0.021542 0.012871 0.072700
-0.021572 0.013074 0.072800
-0.021572 0.013259 0.072800
-0.021572 0.013445 0.072800
-0.021601 0.013649 0.072900
-0.021601 0.013835 0.072900
-0.021601 0.014021 0.072900
-0.021601 0.014207 0.072900
-0.021601 0.014393 0.072900
-0.021601 0.014579 0.072900
-0.021601 0.014764 0.072900
-0.021601 0.014950 0.072900
-0.021601 0.015136 0.072900
-0.021601 0.015322 0.072900
-0.021601 0.015508 0.072900
-0.021601 0.015694 0.072900
-0.021601 0.015879 0.072900
-0.021601 0.016065 0.072900
-0.021601 0.016251 0.072900
-0.021601 0.016437 0.072900
-0.021601 0.016623 0.072900
-0.021601 0.016809 0.072900
-0.021601 0.016994 0.072900
-0.021601 0.017180 0.072900
-0.021631 0.017390 0.073000
-0.021631 0.017576 0.073000
-0.021661 0.017786 0.073100
-0.021690 0.017997 0.073200
-0.021690 0.018184 0.073200
-0.021720 0.018396 0.073300
-0.021720 0.018583 0.073300
-0.021749 0.018795 0.073400
-0.021749 0.018982 0.073400
-0.021779 0.019195 0.073500
-0.021809 0.019409 0.073600
-0.021809 0.019597 0.073600
-0.021809 0.019784 0.073600
-0.021838 0.019999 0.073700
-0.021838 0.020187 0.073700
-0.021838 0.020375 0.073700
-0.021868 0.020591 0.073800
-0.021868 0.020779 0.073800
-0.021898 0.020995 0.073900
-0.021898 0.021184 0.073900
-0.021927 0.021401 0.074000
-0.021957 0.021619 0.074100
-0.021986 0.021837 0.074200
-0.022016 0.022056 0.074300
-0.022105 0.022335 0.074600
-0.022105 0.022525 0.074600
-0.022164 0.022776 0.074800
-0.022253 0.023059 0.075100
-0.022342 0.023344 0.075400
-0.022372 0.023567 0.075500
-0.022431 0.023822 0.075700
-0.022461 0.024047 0.075800
-0.022490 0.024272 0.075900
-0.022520 0.024498 0.076000
-0.022579 0.024757 0.076200
-0.022609 0.024984 0.076300
-0.022668 0.025244 0.076500
-0.022698 0.025472 0.076600
-0.022757 0.025735 0.076800
-0.022816 0.025998 0.077000
-0.022846 0.026228 0.077100
-0.022905 0.026493 0.077300
-0.022935 0.026725 0.077400
-0.022994 0.026992 0.077600
-0.023053 0.027260 0.077800
-0.023112 0.027529 0.078000
-0.023172 0.027799 0.078200
-0.023201 0.028034 0.078300
-0.023231 0.028269 0.078400
-0.023290 0.028542 0.078600
-0.023320 0.028779 0.078700
-0.023320 0.028980 0.078700
-0.023349 0.029217 0.078800
-0.023349 0.029418 0.078800
-0.023700 0.001506 0.079300
-0.023581 0.001699 0.078900
-0.023521 0.001895 0.078700
-0.023491 0.002093 0.078600
-0.023461 0.002291 0.078500
-0.023431 0.002488 0.078400
-0.023401 0.002684 0.078300
-0.023342 0.002876 0.078100
-0.023282 0.003068 0.077900
-0.023222 0.003258 0.077700
-0.023162 0.003447 0.077500
-0.023103 0.003635 0.077300
-0.023043 0.003822 0.077100
-0.022983 0.004008 0.076900
-0.022923 0.004194 0.076700
-0.022893 0.004383 0.076600
-0.022863 0.004573 0.076500
-0.022834 0.004761 0.076400
-0.022774 0.004943 0.076200
-0.022744 0.005131 0.076100
-0.022714 0.005318 0.076000
-0.022654 0.005497 0.075800
-0.022624 0.005683 0.075700
-0.022565 0.005860 0.075500
-0.022505 0.006037 0.075300
-0.022445 0.006212 0.075100
-0.022385 0.006386 0.074900
-0.022355 0.006569 0.074800
-0.022296 0.006741 0.074600
-0.022266 0.006922 0.074500
-0.022206 0.007093 0.074300
-0.022176 0.007272 0.074200
-0.022116 0.007441 0.074000
-0.022086 0.007620 0.073900
-0.022027 0.007787 0.073700
-0.021997 0.007964 0.073600
-0.021967 0.008141 0.073500
-0.021937 0.008317 0.073400
-0.021907 0.008492 0.073300
-0.021877 0.008667 0.073200
-0.021847 0.008842 0.073100
-0.021847 0.009028 0.073100
-0.021817 0.009202 0.073000
-0.021817 0.009388 0.073000
-0.021817 0.009574 0.073000
-0.021817 0.009760 0.073000
-0.021788 0.009933 0.072900
-0.021788 0.010118 0.072900
-0.021788 0.010304 0.072900
-0.021788 0.010490 0.072900
-0.021788 0.010676 0.072900
-0.021788 0.010862 0.072900
-0.021758 0.011032 0.072800
-0.021758 0.011218 0.072800
-0.021758 0.011404 0.072800
-0.021758 0.011589 0.072800
-0.021728 0.011759 0.072700
-0.021728 0.011944 0.072700
-0.021728 0.012129 0.072700
-0.021728 0.012315 0.072700
-0.021728 0.012500 0.072700
-0.021758 0.012703 0.072800
-0.021758 0.012888 0.072800
-0.021758 0.013074 0.072800
-0.021788 0.013278 0.072900
-0.021788 0.013463 0.072900
-0.021788 0.013649 0.072900
-0.021788 0.013835 0.072900
-0.021788 0.014021 0.072900
-0.021788 0.014207 0.072900
-0.021788 0.014393 0.072900
-0.021817 0.014599 0.073000
-0.021788 0.014764 0.072900
-0.021788 0.014950 0.072900
-0.021788 0.015136 0.072900
-0.021788 0.015322 0.072900
-0.021788 0.015508 0.072900
-0.021788 0.015694 0.072900
-0.021788 0.015879 0.072900
-0.021788 0.016065 0.072900
-0.021788 0.016251 0.072900
-0.021788 0.016437 0.072900
-0.021788 0.016623 0.072900
-0.021788 0.016809 0.072900
-0.021788 0.016994 0.072900
-0.021788 0.017180 0.072900
-0.021788 0.017366 0.072900
-0.021817 0.017576 0.073000
-0.021817 0.017762 0.073000
-0.021847 0.017973 0.073100
-0.021877 0.018184 0.073200
-0.021877 0.018371 0.073200
-0.021907 0.018583 0.073300
-0.021907 0.018769 0.073300
-0.021937 0.018982 0.073400
-0.021937 0.019169 0.073400
-0.021967 0.019383 0.073500
-0.021967 0.019570 0.073500
-0.021967 0.019757 0.073500
-0.021997 0.019972 0.073600
-0.021997 0.020160 0.073600
-0.022027 0.020375 0.073700
-0.022027 0.020563 0.073700
-0.022056 0.020779 0.073800
-0.022056 0.020967 0.073800
-0.022086 0.021184 0.073900
-0.022116 0.021401 0.074000
-0.022146 0.021619 0.074100
-0.022176 0.021837 0.074200
-0.022206 0.022056 0.074300
-0.022236 0.022275 0.074400
-0.022296 0.022525 0.074600
-0.022325 0.022746 0.074700
-0.022415 0.023028 0.075000
-0.022505 0.023313 0.075300
-0.022565 0.023567 0.075500
-0.022594 0.023791 0.075600
-0.022654 0.024047 0.075800
-0.022684 0.024272 0.075900
-0.022714 0.024498 0.076000
-0.022744 0.024724 0.076100
-0.022774 0.024951 0.076200
-0.022834 0.025211 0.076400
-0.022893 0.025472 0.076600
-0.022953 0.025735 0.076800
-0.023013 0.025998 0.077000
-0.023043 0.026228 0.077100
-0.023103 0.026493 0.077300
-0.023162 0.026760 0.077500
-0.023222 0.027027 0.077700
-0.023282 0.027295 0.077900
-0.023342 0.027564 0.078100
-0.023372 0.027799 0.078200
-0.023401 0.028034 0.078300
-0.023461 0.028306 0.078500
-0.023491 0.028542 0.078600
-0.023521 0.028779 0.078700
-0.023521 0.028980 0.078700
-0.023551 0.029217 0.078800
-0.023551 0.029418 0.078800
-0.023581 0.029657 0.078900
-0.023722 0.001695 0.078700
-0.023692 0.001893 0.078600
-0.023662 0.002091 0.078500
-0.023632 0.002288 0.078400
-0.023632 0.002488 0.078400
-0.023601 0.002684 0.078300
-0.023541 0.002876 0.078100
-0.023481 0.003068 0.077900
-0.023421 0.003258 0.077700
-0.023360 0.003447 0.077500
-0.023330 0.003640 0.077400
-0.023240 0.003822 0.077100
-0.023179 0.004008 0.076900
-0.023149 0.004199 0.076800
-0.023089 0.004383 0.076600
-0.023059 0.004573 0.076500
-0.023029 0.004761 0.076400
-0.022968 0.004943 0.076200
-0.022938 0.005131 0.076100
-0.022908 0.005318 0.076000
-0.022848 0.005497 0.075800
-0.022818 0.005683 0.075700
-0.022788 0.005868 0.075600
-0.022697 0.006037 0.075300
-0.022667 0.006220 0.075200
-0.022607 0.006395 0.075000
-0.022577 0.006577 0.074900
-0.022516 0.006750 0.074700
-0.022486 0.006931 0.074600
-0.022426 0.007102 0.074400
-0.022366 0.007272 0.074200
-0.022335 0.007452 0.074100
-0.022275 0.007620 0.073900
-0.022245 0.007798 0.073800
-0.022215 0.007975 0.073700
-0.022185 0.008152 0.073600
-0.022125 0.008317 0.073400
-0.022094 0.008492 0.073300
-0.022094 0.008679 0.073300
-0.022064 0.008854 0.073200
-0.022034 0.009028 0.073100
-0.022034 0.009214 0.073100
-0.022034 0.009401 0.073100
-0.022004 0.009574 0.073000
-0.022004 0.009760 0.073000
-0.022004 0.009946 0.073000
-0.022004 0.010132 0.073000
-0.022004 0.010318 0.073000
-0.021974 0.010490 0.072900
-0.021974 0.010676 0.072900
-0.021974 0.010862 0.072900
-0.021974 0.011048 0.072900
-0.021974 0.011233 0.072900
-0.021944 0.011404 0.072800
-0.021944 0.011589 0.072800
-0.021944 0.011775 0.072800
-0.021944 0.011960 0.072800
-0.021944 0.012146 0.072800
-0.021944 0.012332 0.072800
-0.021944 0.012517 0.072800
-0.021944 0.012703 0.072800
-0.021944 0.012888 0.072800
-0.021974 0.013092 0.072900
-0.021974 0.013278 0.072900
-0.021974 0.013463 0.072900
-0.021974 0.013649 0.072900
-0.021974 0.013835 0.072900
-0.022004 0.014040 0.073000
-0.022004 0.014226 0.073000
-0.022004 0.014412 0.073000
-0.022004 0.014599 0.073000
-0.022004 0.014785 0.073000
-0.022004 0.014971 0.073000
-0.022004 0.015157 0.073000
-0.021974 0.015322 0.072900
-0.021974 0.015508 0.072900
-0.021974 0.015694 0.072900
-0.021974 0.015879 0.072900
-0.021974 0.016065 0.072900
-0.021974 0.016251 0.072900
-0.021974 0.016437 0.072900
-0.021974 0.016623 0.072900
-0.021974 0.016809 0.072900
-0.021974 0.016994 0.072900
-0.021974 0.017180 0.072900
-0.021974 0.017366 0.072900
-0.021974 0.017552 0.072900
-0.022004 0.017762 0.073000
-0.022004 0.017948 0.073000
-0.022034 0.018159 0.073100
-0.022034 0.018345 0.073100
-0.022064 0.018557 0.073200
-0.022064 0.018744 0.073200
-0.022094 0.018956 0.073300
-0.022125 0.019169 0.073400
-0.022125 0.019356 0.073400
-0.022155 0.019570 0.073500
-0.022155 0.019757 0.073500
-0.022155 0.019945 0.073500
-0.022185 0.020160 0.073600
-0.022215 0.020375 0.073700
-0.022215 0.020563 0.073700
-0.022245 0.020779 0.073800
-0.022245 0.020967 0.073800
-0.022275 0.021184 0.073900
-0.022305 0.021401 0.074000
-0.022305 0.021590 0.074000
-0.022366 0.021837 0.074200
-0.022396 0.022056 0.074300
-0.022426 0.022275 0.074400
-0.022486 0.022525 0.074600
-0.022516 0.022746 0.074700
-0.022607 0.023028 0.075000
-0.022667 0.023282 0.075200
-0.022727 0.023536 0.075400
-0.022788 0.023791 0.075600
-0.022848 0.024047 0.075800
-0.022878 0.024272 0.075900
-0.022908 0.024498 0.076000
-0.022938 0.024724 0.076100
-0.022968 0.024951 0.076200
-0.023029 0.025211 0.076400
-0.023089 0.025472 0.076600
-0.023149 0.025735 0.076800
-0.023210 0.025998 0.077000
-0.023270 0.026262 0.077200
-0.023330 0.026528 0.077400
-0.023390 0.026794 0.077600
-0.023451 0.027061 0.077800
-0.023511 0.027330 0.078000
-0.023541 0.027564 0.078100
-0.023601 0.027834 0.078300
-0.023632 0.028070 0.078400
-0.023662 0.028306 0.078500
-0.023692 0.028542 0.078600
-0.023722 0.028779 0.078700
-0.023722 0.028980 0.078700
-0.023752 0.029217 0.078800
-0.023752 0.029418 0.078800
-0.023752 0.029619 0.078800
-0.023893 0.001693 0.078600
-0.023893 0.001893 0.078600
-0.023862 0.002091 0.078500
-0.023832 0.002288 0.078400
-0.023802 0.002485 0.078300
-0.023802 0.002684 0.078300
-0.023771 0.002880 0.078200
-0.023710 0.003072 0.078000
-0.023650 0.003262 0.077800
-0.023589 0.003451 0.077600
-0.023528 0.003640 0.077400
-0.023437 0.003822 0.077100
-0.023376 0.004008 0.076900
-0.023346 0.004199 0.076800
-0.023285 0.004383 0.076600
-0.023254 0.004573 0.076500
-0.023194 0.004755 0.076300
-0.023133 0.004937 0.076100
-0.023133 0.005131 0.076100
-0.023102 0.005318 0.076000
-0.023042 0.005497 0.075800
-0.023011 0.005683 0.075700
-0.022981 0.005868 0.075600
-0.022920 0.006045 0.075400
-0.022890 0.006228 0.075300
-0.022829 0.006403 0.075100
-0.022768 0.006577 0.074900
-0.022738 0.006759 0.074800
-0.022677 0.006931 0.074600
-0.022646 0.007112 0.074500
-0.022586 0.007282 0.074300
-0.022525 0.007452 0.074100
-0.022494 0.007630 0.074000
-0.022464 0.007808 0.073900
-0.022403 0.007975 0.073700
-0.022373 0.008152 0.073600
-0.022342 0.008328 0.073500
-0.022312 0.008504 0.073400
-0.022282 0.008679 0.073300
-0.022282 0.008866 0.073300
-0.022251 0.009040 0.073200
-0.022251 0.009227 0.073200
-0.022221 0.009401 0.073100
-0.022221 0.009587 0.073100
-0.022221 0.009773 0.073100
-0.022221 0.009960 0.073100
-0.022190 0.010132 0.073000
-0.022190 0.010318 0.073000
-0.022190 0.010504 0.073000
-0.022190 0.010691 0.073000
-0.022160 0.010862 0.072900
-0.022160 0.011048 0.072900
-0.022160 0.011233 0.072900
-0.022160 0.011419 0.072900
-0.022130 0.011589 0.072800
-0.022130 0.011775 0.072800
-0.022130 0.011960 0.072800
-0.022130 0.012146 0.072800
-0.022130 0.012332 0.072800
-0.022130 0.012517 0.072800
-0.022160 0.012720 0.072900
-0.022160 0.012906 0.072900
-0.022160 0.013092 0.072900
-0.022160 0.013278 0.072900
-0.022160 0.013463 0.072900
-0.022160 0.013649 0.072900
-0.022190 0.013854 0.073000
-0.022190 0.014040 0.073000
-0.022190 0.014226 0.073000
-0.022190 0.014412 0.073000
-0.022190 0.014599 0.073000
-0.022190 0.014785 0.073000
-0.022190 0.014971 0.073000
-0.022190 0.015157 0.073000
-0.022190 0.015343 0.073000
-0.022160 0.015508 0.072900
-0.022160 0.015694 0.072900
-0.022160 0.015879 0.072900
-0.022160 0.016065 0.072900
-0.022160 0.016251 0.072900
-0.022160 0.016437 0.072900
-0.022160 0.016623 0.072900
-0.022160 0.016809 0.072900
-0.022160 0.016994 0.072900
-0.022160 0.017180 0.072900
-0.022160 0.017366 0.072900
-0.022160 0.017552 0.072900
-0.022160 0.017738 0.072900
-0.022190 0.017948 0.073000
-0.022190 0.018134 0.073000
-0.022221 0.018345 0.073100
-0.022221 0.018532 0.073100
-0.022251 0.018744 0.073200
-0.022251 0.018930 0.073200
-0.022282 0.019143 0.073300
-0.022312 0.019356 0.073400
-0.022312 0.019543 0.073400
-0.022312 0.019731 0.073400
-0.022342 0.019945 0.073500
-0.022373 0.020160 0.073600
-0.022373 0.020347 0.073600
-0.022403 0.020563 0.073700
-0.022403 0.020751 0.073700
-0.022434 0.020967 0.073800
-0.022464 0.021184 0.073900
-0.022464 0.021372 0.073900
-0.022494 0.021590 0.074000
-0.022525 0.021808 0.074100
-0.022555 0.022026 0.074200
-0.022616 0.022275 0.074400
-0.022707 0.022556 0.074700
-0.022707 0.022746 0.074700
-0.022798 0.023028 0.075000
-0.022859 0.023282 0.075200
-0.022920 0.023536 0.075400
-0.022981 0.023791 0.075600
-0.023011 0.024015 0.075700
-0.023042 0.024240 0.075800
-0.023072 0.024466 0.075900
-0.023133 0.024724 0.076100
-0.023163 0.024951 0.076200
-0.023224 0.025211 0.076400
-0.023285 0.025472 0.076600
-0.023346 0.025735 0.076800
-0.023406 0.025998 0.077000
-0.023467 0.026262 0.077200
-0.023528 0.026528 0.077400
-0.023619 0.026829 0.077700
-0.023680 0.027096 0.077900
-0.023741 0.027365 0.078100
-0.023771 0.027599 0.078200
-0.023802 0.027834 0.078300
-0.023832 0.028070 0.078400
-0.023862 0.028306 0.078500
-0.023893 0.028542 0.078600
-0.023893 0.028742 0.078600
-0.023893 0.028943 0.078600
-0.023923 0.029180 0.078700
-0.023923 0.029381 0.078700
-0.023954 0.029619 0.078800
-0.024094 0.001693 0.078600
-0.024094 0.001893 0.078600
-0.024063 0.002091 0.078500
-0.024063 0.002291 0.078500
-0.024002 0.002485 0.078300
-0.024002 0.002684 0.078300
-0.023971 0.002880 0.078200
-0.023910 0.003072 0.078000
-0.023879 0.003266 0.077900
-0.023787 0.003451 0.077600
-0.023726 0.003640 0.077400
-0.023664 0.003827 0.077200
-0.023603 0.004014 0.077000
-0.023542 0.004199 0.076800
-0.023481 0.004383 0.076600
-0.023450 0.004573 0.076500
-0.023389 0.004755 0.076300
-0.023327 0.004937 0.076100
-0.023327 0.005131 0.076100
-0.023266 0.005311 0.075900
-0.023235 0.005497 0.075800
-0.023205 0.005683 0.075700
-0.023174 0.005868 0.075600
-0.023113 0.006045 0.075400
-0.023082 0.006228 0.075300
-0.023051 0.006412 0.075200
-0.022990 0.006586 0.075000
-0.022959 0.006768 0.074900
-0.022898 0.006941 0.074700
-0.022867 0.007121 0.074600
-0.022806 0.007292 0.074400
-0.022745 0.007462 0.074200
-0.022714 0.007640 0.074100
-0.022653 0.007808 0.073900
-0.022622 0.007986 0.073800
-0.022592 0.008163 0.073700
-0.022561 0.008339 0.073600
-0.022530 0.008515 0.073500
-0.022500 0.008691 0.073400
-0.022469 0.008866 0.073300
-0.022469 0.009053 0.073300
-0.022438 0.009227 0.073200
-0.022438 0.009414 0.073200
-0.022438 0.009600 0.073200
-0.022438 0.009787 0.073200
-0.022408 0.009960 0.073100
-0.022408 0.010146 0.073100
-0.022408 0.010333 0.073100
-0.022377 0.010504 0.073000
-0.022377 0.010691 0.073000
-0.022377 0.010877 0.073000
-0.022346 0.011048 0.072900
-0.022346 0.011233 0.072900
-0.022346 0.011419 0.072900
-0.022346 0.011605 0.072900
-0.022346 0.011791 0.072900
-0.022346 0.011977 0.072900
-0.022346 0.012163 0.072900
-0.022346 0.012348 0.072900
-0.022346 0.012534 0.072900
-0.022346 0.012720 0.072900
-0.022346 0.012906 0.072900
-0.022346 0.013092 0.072900
-0.022346 0.013278 0.072900
-0.022346 0.013463 0.072900
-0.022377 0.013668 0.073000
-0.022377 0.013854 0.073000
-0.022377 0.014040 0.073000
-0.022377 0.014226 0.073000
-0.022377 0.014412 0.073000
-0.022377 0.014599 0.073000
-0.022377 0.014785 0.073000
-0.022377 0.014971 0.073000
-0.022377 0.015157 0.073000
-0.022377 0.015343 0.073000
-0.022346 0.015508 0.072900
-0.022346 0.015694 0.072900
-0.022346 0.015879 0.072900
-0.022346 0.016065 0.072900
-0.022346 0.016251 0.072900
-0.022346 0.016437 0.072900
-0.022346 0.016623 0.072900
-0.022346 0.016809 0.072900
-0.022346 0.016994 0.072900
-0.022346 0.017180 0.072900
-0.022346 0.017366 0.072900
-0.022346 0.017552 0.072900
-0.022346 0.017738 0.072900
-0.022346 0.017924 0.072900
-0.022377 0.018134 0.073000
-0.022377 0.018320 0.073000
-0.022408 0.018532 0.073100
-0.022408 0.018718 0.073100
-0.022438 0.018930 0.073200
-0.022438 0.019117 0.073200
-0.022469 0.019330 0.073300
-0.022500 0.019543 0.073400
-0.022500 0.019731 0.073400
-0.022500 0.019918 0.073400
-0.022530 0.020132 0.073500
-0.022561 0.020347 0.073600
-0.022592 0.020563 0.073700
-0.022592 0.020751 0.073700
-0.022592 0.020938 0.073700
-0.022622 0.021155 0.073800
-0.022653 0.021372 0.073900
-0.022684 0.021590 0.074000
-0.022714 0.021808 0.074100
-0.022745 0.022026 0.074200
-0.022775 0.022245 0.074300
-0.022837 0.022495 0.074500
-0.022898 0.022746 0.074700
-0.022990 0.023028 0.075000
-0.023051 0.023282 0.075200
-0.023113 0.023536 0.075400
-0.023143 0.023759 0.075500
-0.023205 0.024015 0.075700
-0.023235 0.024240 0.075800
-0.023266 0.024466 0.075900
-0.023327 0.024724 0.076100
-0.023358 0.024951 0.076200
-0.023419 0.025211 0.076400
-0.023481 0.025472 0.076600
-0.023542 0.025735 0.076800
-0.023603 0.025998 0.077000
-0.023664 0.026262 0.077200
-0.023756 0.026562 0.077500
-0.023818 0.026829 0.077700
-0.023879 0.027096 0.077900
-0.023940 0.027365 0.078100
-0.023971 0.027599 0.078200
-0.024002 0.027834 0.078300
-0.024032 0.028070 0.078400
-0.024063 0.028306 0.078500
-0.024063 0.028506 0.078500
-0.024094 0.028742 0.078600
-0.024094 0.028943 0.078600
-0.024124 0.029180 0.078700
-0.024124 0.029381 0.078700
-0.024155 0.029619 0.078800
-0.024294 0.001693 0.078600
-0.024294 0.001893 0.078600
-0.024264 0.002091 0.078500
-0.024264 0.002291 0.078500
-0.024233 0.002488 0.078400
-0.024202 0.002684 0.078300
-0.024171 0.002880 0.078200
-0.024109 0.003072 0.078000
-0.024078 0.003266 0.077900
-0.024016 0.003456 0.077700
-0.023954 0.003645 0.077500
-0.023893 0.003832 0.077300
-0.023831 0.004019 0.077100
-0.023769 0.004204 0.076900
-0.023707 0.004389 0.076700
-0.023645 0.004573 0.076500
-0.023584 0.004755 0.076300
-0.023522 0.004937 0.076100
-0.023522 0.005131 0.076100
-0.023460 0.005311 0.075900
-0.023429 0.005497 0.075800
-0.023398 0.005683 0.075700
-0.023336 0.005860 0.075500
-0.023305 0.006045 0.075400
-0.023274 0.006228 0.075300
-0.023244 0.006412 0.075200
-0.023182 0.006586 0.075000
-0.023151 0.006768 0.074900
-0.023120 0.006950 0.074800
-0.023058 0.007121 0.074600
-0.023027 0.007302 0.074500
-0.022965 0.007472 0.074300
-0.022904 0.007640 0.074100
-0.022873 0.007819 0.074000
-0.022842 0.007997 0.073900
-0.022780 0.008163 0.073700
-0.022780 0.008351 0.073700
-0.022749 0.008527 0.073600
-0.022718 0.008703 0.073500
-0.022687 0.008878 0.073400
-0.022656 0.009053 0.073300
-0.022656 0.009240 0.073300
-0.022656 0.009426 0.073300
-0.022625 0.009600 0.073200
-0.022625 0.009787 0.073200
-0.022625 0.009973 0.073200
-0.022625 0.010160 0.073200
-0.022594 0.010333 0.073100
-0.022594 0.010519 0.073100
-0.022564 0.010691 0.073000
-0.022564 0.010877 0.073000
-0.022564 0.011063 0.073000
-0.022533 0.011233 0.072900
-0.022533 0.011419 0.072900
-0.022533 0.011605 0.072900
-0.022533 0.011791 0.072900
-0.022533 0.011977 0.072900
-0.022533 0.012163 0.072900
-0.022533 0.012348 0.072900
-0.022533 0.012534 0.072900
-0.022533 0.012720 0.072900
-0.022533 0.012906 0.072900
-0.022533 0.013092 0.072900
-0.022533 0.013278 0.072900
-0.022564 0.013482 0.073000
-0.022564 0.013668 0.073000
-0.022564 0.013854 0.073000
-0.022564 0.014040 0.073000
-0.022564 0.014226 0.073000
-0.022564 0.014412 0.073000
-0.022564 0.014599 0.073000
-0.022564 0.014785 0.073000
-0.022564 0.014971 0.073000
-0.022564 0.015157 0.073000
-0.022564 0.015343 0.073000
-0.022564 0.015529 0.073000
-0.022533 0.015694 0.072900
-0.022533 0.015879 0.072900
-0.022533 0.016065 0.072900
-0.022533 0.016251 0.072900
-0.022533 0.016437 0.072900
-0.022533 0.016623 0.072900
-0.022502 0.016786 0.072800
-0.022502 0.016971 0.072800
-0.022502 0.017157 0.072800
-0.022502 0.017342 0.072800
-0.022533 0.017552 0.072900
-0.022533 0.017738 0.072900
-0.022533 0.017924 0.072900
-0.022533 0.018109 0.072900
-0.022564 0.018320 0.073000
-0.022564 0.018506 0.073000
-0.022594 0.018718 0.073100
-0.022594 0.018905 0.073100
-0.022625 0.019117 0.073200
-0.022656 0.019330 0.073300
-0.022687 0.019543 0.073400
-0.022687 0.019731 0.073400
-0.022687 0.019918 0.073400
-0.022718 0.020132 0.073500
-0.022749 0.020347 0.073600
-0.022749 0.020535 0.073600
-0.022780 0.020751 0.073700
-0.022780 0.020938 0.073700
-0.022811 0.021155 0.073800
-0.022842 0.021372 0.073900
-0.022873 0.021590 0.074000
-0.022904 0.021808 0.074100
-0.022934 0.022026 0.074200
-0.022965 0.022245 0.074300
-0.023027 0.022495 0.074500
-0.023089 0.022746 0.074700
-0.023151 0.022998 0.074900
-0.023213 0.023251 0.075100
-0.023274 0.023505 0.075300
-0.023336 0.023759 0.075500
-0.023398 0.024015 0.075700
-0.023429 0.024240 0.075800
-0.023460 0.024466 0.075900
-0.023491 0.024692 0.076000
-0.023553 0.024951 0.076200
-0.023614 0.025211 0.076400
-0.023676 0.025472 0.076600
-0.023738 0.025735 0.076800
-0.023800 0.025998 0.077000
-0.023862 0.026262 0.077200
-0.023954 0.026562 0.077500
-0.024016 0.026829 0.077700
-0.024078 0.027096 0.077900
-0.024140 0.027365 0.078100
-0.024171 0.027599 0.078200
-0.024202 0.027834 0.078300
-0.024233 0.028070 0.078400
-0.024233 0.028269 0.078400
-0.024264 0.028506 0.078500
-0.024294 0.028742 0.078600
-0.024294 0.028943 0.078600
-0.024294 0.029143 0.078600
-0.024294 0.029343 0.078600
-0.024325 0.029581 0.078700
-0.024495 0.001693 0.078600
-0.024495 0.001893 0.078600
-0.024464 0.002091 0.078500
-0.024464 0.002291 0.078500
-0.024433 0.002488 0.078400
-0.024433 0.002688 0.078400
-0.024402 0.002884 0.078300
-0.024371 0.003079 0.078200
-0.024308 0.003270 0.078000
-0.024277 0.003465 0.077900
-0.024215 0.003654 0.077700
-0.024152 0.003842 0.077500
-0.024059 0.004024 0.077200
-0.023997 0.004210 0.077000
-0.023934 0.004395 0.076800
-0.023872 0.004579 0.076600
-0.023810 0.004761 0.076400
-0.023747 0.004943 0.076200
-0.023716 0.005131 0.076100
-0.023654 0.005311 0.075900
-0.023623 0.005497 0.075800
-0.023560 0.005675 0.075600
-0.023529 0.005860 0.075500
-0.023498 0.006045 0.075400
-0.023467 0.006228 0.075300
-0.023436 0.006412 0.075200
-0.023373 0.006586 0.075000
-0.023342 0.006768 0.074900
-0.023311 0.006950 0.074800
-0.023249 0.007121 0.074600
-0.023218 0.007302 0.074500
-0.023155 0.007472 0.074300
-0.023124 0.007651 0.074200
-0.023062 0.007819 0.074000
-0.023031 0.007997 0.073900
-0.022999 0.008174 0.073800
-0.022968 0.008351 0.073700
-0.022937 0.008527 0.073600
-0.022906 0.008703 0.073500
-0.022906 0.008890 0.073500
-0.022875 0.009065 0.073400
-0.022875 0.009252 0.073400
-0.022844 0.009426 0.073300
-0.022844 0.009613 0.073300
-0.022844 0.009800 0.073300
-0.022812 0.009973 0.073200
-0.022812 0.010160 0.073200
-0.022781 0.010333 0.073100
-0.022781 0.010519 0.073100
-0.022781 0.010705 0.073100
-0.022750 0.010877 0.073000
-0.022750 0.011063 0.073000
-0.022750 0.011249 0.073000
-0.022719 0.011419 0.072900
-0.022719 0.011605 0.072900
-0.022719 0.011791 0.072900
-0.022719 0.011977 0.072900
-0.022719 0.012163 0.072900
-0.022719 0.012348 0.072900
-0.022719 0.012534 0.072900
-0.022719 0.012720 0.072900
-0.022719 0.012906 0.072900
-0.022719 0.013092 0.072900
-0.022719 0.013278 0.072900
-0.022750 0.013482 0.073000
-0.022750 0.013668 0.073000
-0.022750 0.013854 0.073000
-0.022750 0.014040 0.073000
-0.022750 0.014226 0.073000
-0.022750 0.014412 0.073000
-0.022750 0.014599 0.073000
-0.022750 0.014785 0.073000
-0.022750 0.014971 0.073000
-0.022750 0.015157 0.073000
-0.022750 0.015343 0.073000
-0.022719 0.015508 0.072900
-0.022719 0.015694 0.072900
-0.022719 0.015879 0.072900
-0.022719 0.016065 0.072900
-0.022719 0.016251 0.072900
-0.022688 0.016414 0.072800
-0.022688 0.016600 0.072800
-0.022688 0.016786 0.072800
-0.022688 0.016971 0.072800
-0.022688 0.017157 0.072800
-0.022688 0.017342 0.072800
-0.022688 0.017528 0.072800
-0.022688 0.017713 0.072800
-0.022719 0.017924 0.072900
-0.022719 0.018109 0.072900
-0.022719 0.018295 0.072900
-0.022719 0.018481 0.072900
-0.022750 0.018693 0.073000
-0.022781 0.018905 0.073100
-0.022812 0.019117 0.073200
-0.022812 0.019304 0.073200
-0.022844 0.019517 0.073300
-0.022875 0.019731 0.073400
-0.022875 0.019918 0.073400
-0.022906 0.020132 0.073500
-0.022906 0.020320 0.073500
-0.022937 0.020535 0.073600
-0.022968 0.020751 0.073700
-0.022968 0.020938 0.073700
-0.022999 0.021155 0.073800
-0.023031 0.021372 0.073900
-0.023062 0.021590 0.074000
-0.023093 0.021808 0.074100
-0.023124 0.022026 0.074200
-0.023155 0.022245 0.074300
-0.023218 0.022495 0.074500
-0.023249 0.022716 0.074600
-0.023342 0.022998 0.074900
-0.023404 0.023251 0.075100
-0.023467 0.023505 0.075300
-0.023529 0.023759 0.075500
-0.023591 0.024015 0.075700
-0.023623 0.024240 0.075800
-0.023654 0.024466 0.075900
-0.023685 0.024692 0.076000
-0.023716 0.024918 0.076100
-0.023778 0.025178 0.076300
-0.023841 0.025439 0.076500
-0.023903 0.025701 0.076700
-0.023997 0.025998 0.077000
-0.024059 0.026262 0.077200
-0.024121 0.026528 0.077400
-0.024215 0.026829 0.077700
-0.024277 0.027096 0.077900
-0.024339 0.027365 0.078100
-0.024371 0.027599 0.078200
-0.024402 0.027834 0.078300
-0.024402 0.028034 0.078300
-0.024433 0.028269 0.078400
-0.024464 0.028506 0.078500
-0.024464 0.028706 0.078500
-0.024495 0.028943 0.078600
-0.024495 0.029143 0.078600
-0.024495 0.029343 0.078600
-0.024495 0.029544 0.078600
-0.024526 0.029782 0.078700
-0.024696 0.001693 0.078600
-0.024696 0.001893 0.078600
-0.024665 0.002091 0.078500
-0.024665 0.002291 0.078500
-0.024633 0.002488 0.078400
-0.024633 0.002688 0.078400
-0.024602 0.002884 0.078300
-0.024570 0.003079 0.078200
-0.024508 0.003270 0.078000
-0.024476 0.003465 0.077900
-0.024445 0.003659 0.077800
-0.024382 0.003847 0.077600
-0.024382 0.004045 0.077600
-0.024225 0.004215 0.077100
-0.024162 0.004400 0.076900
-0.024099 0.004585 0.076700
-0.024036 0.004768 0.076500
-0.023942 0.004943 0.076200
-0.023911 0.005131 0.076100
-0.023848 0.005311 0.075900
-0.023785 0.005490 0.075700
-0.023753 0.005675 0.075600
-0.023691 0.005852 0.075400
-0.023659 0.006037 0.075300
-0.023628 0.006220 0.075200
-0.023596 0.006403 0.075100
-0.023565 0.006586 0.075000
-0.023534 0.006768 0.074900
-0.023502 0.006950 0.074800
-0.023471 0.007131 0.074700
-0.023408 0.007302 0.074500
-0.023376 0.007482 0.074400
-0.023314 0.007651 0.074200
-0.023282 0.007829 0.074100
-0.023251 0.008007 0.074000
-0.023219 0.008185 0.073900
-0.023157 0.008351 0.073700
-0.023157 0.008539 0.073700
-0.023125 0.008715 0.073600
-0.023094 0.008890 0.073500
-0.023094 0.009077 0.073500
-0.023062 0.009252 0.073400
-0.023062 0.009439 0.073400
-0.023031 0.009613 0.073300
-0.023031 0.009800 0.073300
-0.023031 0.009987 0.073300
-0.022999 0.010160 0.073200
-0.022999 0.010347 0.073200
-0.022968 0.010519 0.073100
-0.022968 0.010705 0.073100
-0.022968 0.010892 0.073100
-0.022937 0.011063 0.073000
-0.022937 0.011249 0.073000
-0.022937 0.011435 0.073000
-0.022905 0.011605 0.072900
-0.022905 0.011791 0.072900
-0.022905 0.011977 0.072900
-0.022905 0.012163 0.072900
-0.022905 0.012348 0.072900
-0.022905 0.012534 0.072900
-0.022905 0.012720 0.072900
-0.022905 0.012906 0.072900
-0.022905 0.013092 0.072900
-0.022905 0.013278 0.072900
-0.022937 0.013482 0.073000
-0.022937 0.013668 0.073000
-0.022937 0.013854 0.073000
-0.022937 0.014040 0.073000
-0.022937 0.014226 0.073000
-0.022937 0.014412 0.073000
-0.022937 0.014599 0.073000
-0.022937 0.014785 0.073000
-0.022937 0.014971 0.073000
-0.022937 0.015157 0.073000
-0.022937 0.015343 0.073000
-0.022905 0.015508 0.072900
-0.022905 0.015694 0.072900
-0.022905 0.015879 0.072900
-0.022905 0.016065 0.072900
-0.022905 0.016251 0.072900
-0.022874 0.016414 0.072800
-0.022874 0.016600 0.072800
-0.022874 0.016786 0.072800
-0.022874 0.016971 0.072800
-0.022874 0.017157 0.072800
-0.022874 0.017342 0.072800
-0.022874 0.017528 0.072800
-0.022874 0.017713 0.072800
-0.022874 0.017899 0.072800
-0.022905 0.018109 0.072900
-0.022905 0.018295 0.072900
-0.022905 0.018481 0.072900
-0.022937 0.018693 0.073000
-0.022968 0.018905 0.073100
-0.022999 0.019117 0.073200
-0.022999 0.019304 0.073200
-0.023031 0.019517 0.073300
-0.023062 0.019731 0.073400
-0.023062 0.019918 0.073400
-0.023062 0.020105 0.073400
-0.023094 0.020320 0.073500
-0.023125 0.020535 0.073600
-0.023125 0.020722 0.073600
-0.023157 0.020938 0.073700
-0.023188 0.021155 0.073800
-0.023219 0.021372 0.073900
-0.023251 0.021590 0.074000
-0.023282 0.021808 0.074100
-0.023314 0.022026 0.074200
-0.023345 0.022245 0.074300
-0.023376 0.022465 0.074400
-0.023439 0.022716 0.074600
-0.023502 0.022967 0.074800
-0.023565 0.023220 0.075000
-0.023628 0.023473 0.075200
-0.023691 0.023728 0.075400
-0.023753 0.023984 0.075600
-0.023785 0.024208 0.075700
-0.023816 0.024434 0.075800
-0.023848 0.024659 0.075900
-0.023911 0.024918 0.076100
-0.023973 0.025178 0.076300
-0.024036 0.025439 0.076500
-0.024099 0.025701 0.076700
-0.024193 0.025998 0.077000
-0.024256 0.026262 0.077200
-0.024319 0.026528 0.077400
-0.024382 0.026794 0.077600
-0.024476 0.027096 0.077900
-0.024508 0.027330 0.078000
-0.024539 0.027564 0.078100
-0.024570 0.027799 0.078200
-0.024602 0.028034 0.078300
-0.024602 0.028233 0.078300
-0.024633 0.028469 0.078400
-0.024665 0.028706 0.078500
-0.024665 0.028906 0.078500
-0.024665 0.029106 0.078500
-0.024665 0.029306 0.078500
-0.024665 0.029506 0.078500
-0.024897 0.001893 0.078600
-0.024897 0.002093 0.078600
-0.024865 0.002291 0.078500
-0.024865 0.002491 0.078500
-0.024834 0.002688 0.078400
-0.024802 0.002884 0.078300
-0.024802 0.003083 0.078300
-0.024770 0.003279 0.078200
-0.024739 0.003474 0.078100
-0.024675 0.003663 0.077900
-0.024612 0.003852 0.077700
-0.024612 0.004050 0.077700
-0.024612 0.004248 0.077700
-0.024390 0.004406 0.077000
-0.024327 0.004591 0.076800
-0.024232 0.004768 0.076500
-0.024168 0.004950 0.076300
-0.024105 0.005131 0.076100
-0.024042 0.005311 0.075900
-0.023978 0.005490 0.075700
-0.023947 0.005675 0.075600
-0.023883 0.005852 0.075400
-0.023852 0.006037 0.075300
-0.023820 0.006220 0.075200
-0.023788 0.006403 0.075100
-0.023757 0.006586 0.075000
-0.023725 0.006768 0.074900
-0.023693 0.006950 0.074800
-0.023662 0.007131 0.074700
-0.023598 0.007302 0.074500
-0.023567 0.007482 0.074400
-0.023535 0.007661 0.074300
-0.023472 0.007829 0.074100
-0.023440 0.008007 0.074000
-0.023408 0.008185 0.073900
-0.023376 0.008362 0.073800
-0.023345 0.008539 0.073700
-0.023313 0.008715 0.073600
-0.023313 0.008902 0.073600
-0.023281 0.009077 0.073500
-0.023250 0.009252 0.073400
-0.023250 0.009439 0.073400
-0.023250 0.009626 0.073400
-0.023250 0.009814 0.073400
-0.023218 0.009987 0.073300
-0.023218 0.010174 0.073300
-0.023186 0.010347 0.073200
-0.023186 0.010533 0.073200
-0.023155 0.010705 0.073100
-0.023155 0.010892 0.073100
-0.023123 0.011063 0.073000
-0.023123 0.011249 0.073000
-0.023123 0.011435 0.073000
-0.023123 0.011621 0.073000
-0.023091 0.011791 0.072900
-0.023091 0.011977 0.072900
-0.023091 0.012163 0.072900
-0.023091 0.012348 0.072900
-0.023091 0.012534 0.072900
-0.023091 0.012720 0.072900
-0.023091 0.012906 0.072900
-0.023091 0.013092 0.072900
-0.023091 0.013278 0.072900
-0.023091 0.013463 0.072900
-0.023091 0.013649 0.072900
-0.023091 0.013835 0.072900
-0.023123 0.014040 0.073000
-0.023123 0.014226 0.073000
-0.023123 0.014412 0.073000
-0.023123 0.014599 0.073000
-0.023123 0.014785 0.073000
-0.023123 0.014971 0.073000
-0.023123 0.015157 0.073000
-0.023123 0.015343 0.073000
-0.023091 0.015508 0.072900
-0.023091 0.015694 0.072900
-0.023091 0.015879 0.072900
-0.023091 0.016065 0.072900
-0.023091 0.016251 0.072900
-0.023060 0.016414 0.072800
-0.023060 0.016600 0.072800
-0.023060 0.016786 0.072800
-0.023060 0.016971 0.072800
-0.023060 0.017157 0.072800
-0.023060 0.017342 0.072800
-0.023060 0.017528 0.072800
-0.023060 0.017713 0.072800
-0.023060 0.017899 0.072800
-0.023060 0.018085 0.072800
-0.023091 0.018295 0.072900
-0.023091 0.018481 0.072900
-0.023123 0.018693 0.073000
-0.023123 0.018879 0.073000
-0.023155 0.019091 0.073100
-0.023186 0.019304 0.073200
-0.023186 0.019490 0.073200
-0.023218 0.019704 0.073300
-0.023218 0.019891 0.073300
-0.023250 0.020105 0.073400
-0.023281 0.020320 0.073500
-0.023281 0.020507 0.073500
-0.023313 0.020722 0.073600
-0.023345 0.020938 0.073700
-0.023376 0.021155 0.073800
-0.023408 0.021372 0.073900
-0.023440 0.021590 0.074000
-0.023472 0.021808 0.074100
-0.023503 0.022026 0.074200
-0.023535 0.022245 0.074300
-0.023567 0.022465 0.074400
-0.023630 0.022716 0.074600
-0.023693 0.022967 0.074800
-0.023757 0.023220 0.075000
-0.023820 0.023473 0.075200
-0.023883 0.023728 0.075400
-0.023947 0.023984 0.075600
-0.023978 0.024208 0.075700
-0.024010 0.024434 0.075800
-0.024042 0.024659 0.075900
-0.024073 0.024885 0.076000
-0.024137 0.025145 0.076200
-0.024232 0.025439 0.076500
-0.024295 0.025701 0.076700
-0.024358 0.025964 0.076900
-0.024422 0.026228 0.077100
-0.024517 0.026528 0.077400
-0.024580 0.026794 0.077600
-0.024644 0.027061 0.077800
-0.024707 0.027330 0.078000
-0.024739 0.027564 0.078100
-0.024770 0.027799 0.078200
-0.024770 0.027998 0.078200
-0.024802 0.028233 0.078300
-0.024802 0.028433 0.078300
-0.024834 0.028669 0.078400
-0.024865 0.028906 0.078500
-0.024865 0.029106 0.078500
-0.024865 0.029306 0.078500
-0.024865 0.029506 0.078500
-0.024897 0.029744 0.078600
-0.025098 0.001893 0.078600
-0.025098 0.002093 0.078600
-0.025066 0.002291 0.078500
-0.025066 0.002491 0.078500
-0.025066 0.002691 0.078500
-0.025034 0.002887 0.078400
-0.025034 0.003087 0.078400
-0.025002 0.003283 0.078300
-0.024970 0.003478 0.078200
-0.024906 0.003668 0.078000
-0.024874 0.003862 0.077900
-0.024810 0.004050 0.077700
-0.024778 0.004243 0.077600
-0.024651 0.004418 0.077200
-0.024555 0.004597 0.076900
-0.024491 0.004780 0.076700
-0.024395 0.004956 0.076400
-0.024299 0.005131 0.076100
-0.024236 0.005311 0.075900
-0.024172 0.005490 0.075700
-0.024140 0.005675 0.075600
-0.024076 0.005852 0.075400
-0.024012 0.006029 0.075200
-0.023980 0.006212 0.075100
-0.023948 0.006395 0.075000
-0.023916 0.006577 0.074900
-0.023884 0.006759 0.074800
-0.023852 0.006941 0.074700
-0.023852 0.007131 0.074700
-0.023789 0.007302 0.074500
-0.023757 0.007482 0.074400
-0.023725 0.007661 0.074300
-0.023693 0.007840 0.074200
-0.023661 0.008018 0.074100
-0.023629 0.008196 0.074000
-0.023565 0.008362 0.073800
-0.023533 0.008539 0.073700
-0.023533 0.008726 0.073700
-0.023501 0.008902 0.073600
-0.023469 0.009077 0.073500
-0.023469 0.009265 0.073500
-0.023437 0.009439 0.073400
-0.023437 0.009626 0.073400
-0.023437 0.009814 0.073400
-0.023405 0.009987 0.073300
-0.023405 0.010174 0.073300
-0.023373 0.010347 0.073200
-0.023373 0.010533 0.073200
-0.023373 0.010720 0.073200
-0.023342 0.010892 0.073100
-0.023342 0.011078 0.073100
-0.023310 0.011249 0.073000
-0.023310 0.011435 0.073000
-0.023310 0.011621 0.073000
-0.023310 0.011807 0.073000
-0.023278 0.011977 0.072900
-0.023278 0.012163 0.072900
-0.023278 0.012348 0.072900
-0.023278 0.012534 0.072900
-0.023278 0.012720 0.072900
-0.023278 0.012906 0.072900
-0.023278 0.013092 0.072900
-0.023278 0.013278 0.072900
-0.023278 0.013463 0.072900
-0.023278 0.013649 0.072900
-0.023278 0.013835 0.072900
-0.023278 0.014021 0.072900
-0.023310 0.014226 0.073000
-0.023310 0.014412 0.073000
-0.023278 0.014579 0.072900
-0.023278 0.014764 0.072900
-0.023310 0.014971 0.073000
-0.023278 0.015136 0.072900
-0.023278 0.015322 0.072900
-0.023278 0.015508 0.072900
-0.023278 0.015694 0.072900
-0.023278 0.015879 0.072900
-0.023278 0.016065 0.072900
-0.023278 0.016251 0.072900
-0.023278 0.016437 0.072900
-0.023246 0.016600 0.072800
-0.023246 0.016786 0.072800
-0.023246 0.016971 0.072800
-0.023246 0.017157 0.072800
-0.023246 0.017342 0.072800
-0.023246 0.017528 0.072800
-0.023246 0.017713 0.072800
-0.023246 0.017899 0.072800
-0.023246 0.018085 0.072800
-0.023278 0.018295 0.072900
-0.023278 0.018481 0.072900
-0.023310 0.018693 0.073000
-0.023310 0.018879 0.073000
-0.023342 0.019091 0.073100
-0.023342 0.019277 0.073100
-0.023373 0.019490 0.073200
-0.023405 0.019704 0.073300
-0.023405 0.019891 0.073300
-0.023437 0.020105 0.073400
-0.023469 0.020320 0.073500
-0.023469 0.020507 0.073500
-0.023501 0.020722 0.073600
-0.023533 0.020938 0.073700
-0.023565 0.021155 0.073800
-0.023597 0.021372 0.073900
-0.023629 0.021590 0.074000
-0.023661 0.021808 0.074100
-0.023693 0.022026 0.074200
-0.023757 0.022275 0.074400
-0.023789 0.022495 0.074500
-0.023852 0.022746 0.074700
-0.023916 0.022998 0.074900
-0.023948 0.023220 0.075000
-0.024012 0.023473 0.075200
-0.024076 0.023728 0.075400
-0.024108 0.023952 0.075500
-0.024140 0.024176 0.075600
-0.024172 0.024401 0.075700
-0.024204 0.024627 0.075800
-0.024268 0.024885 0.076000
-0.024299 0.025112 0.076100
-0.024395 0.025406 0.076400
-0.024459 0.025668 0.076600
-0.024555 0.025964 0.076900
-0.024619 0.026228 0.077100
-0.024683 0.026493 0.077300
-0.024778 0.026794 0.077600
-0.024842 0.027061 0.077800
-0.024874 0.027295 0.077900
-0.024938 0.027564 0.078100
-0.024970 0.027799 0.078200
-0.024970 0.027998 0.078200
-0.025002 0.028233 0.078300
-0.025002 0.028433 0.078300
-0.025034 0.028669 0.078400
-0.025034 0.028869 0.078400
-0.025066 0.029106 0.078500
-0.025066 0.029306 0.078500
-0.025066 0.029506 0.078500
-0.025066 0.029706 0.078500
-0.025299 0.001893 0.078600
-0.025299 0.002093 0.078600
-0.025299 0.002294 0.078600
-0.025266 0.002491 0.078500
-0.025266 0.002691 0.078500
-0.025266 0.002891 0.078500
-0.025234 0.003087 0.078400
-0.025202 0.003283 0.078300
-0.025202 0.003483 0.078300
-0.025170 0.003677 0.078200
-0.025105 0.003867 0.078000
-0.025041 0.004055 0.077800
-0.024977 0.004243 0.077600
-0.024880 0.004423 0.077300
-0.024816 0.004608 0.077100
-0.024719 0.004786 0.076800
-0.024623 0.004963 0.076500
-0.024526 0.005137 0.076200
-0.024462 0.005318 0.076000
-0.024397 0.005497 0.075800
-0.024333 0.005675 0.075600
-0.024269 0.005852 0.075400
-0.024204 0.006029 0.075200
-0.024172 0.006212 0.075100
-0.024140 0.006395 0.075000
-0.024108 0.006577 0.074900
-0.024076 0.006759 0.074800
-0.024043 0.006941 0.074700
-0.024011 0.007121 0.074600
-0.024011 0.007312 0.074600
-0.023947 0.007482 0.074400
-0.023915 0.007661 0.074300
-0.023882 0.007840 0.074200
-0.023850 0.008018 0.074100
-0.023818 0.008196 0.074000
-0.023786 0.008373 0.073900
-0.023754 0.008550 0.073800
-0.023721 0.008726 0.073700
-0.023689 0.008902 0.073600
-0.023689 0.009090 0.073600
-0.023657 0.009265 0.073500
-0.023625 0.009439 0.073400
-0.023625 0.009626 0.073400
-0.023625 0.009814 0.073400
-0.023625 0.010001 0.073400
-0.023593 0.010174 0.073300
-0.023593 0.010361 0.073300
-0.023561 0.010533 0.073200
-0.023561 0.010720 0.073200
-0.023528 0.010892 0.073100
-0.023528 0.011078 0.073100
-0.023528 0.011264 0.073100
-0.023496 0.011435 0.073000
-0.023496 0.011621 0.073000
-0.023496 0.011807 0.073000
-0.023496 0.011993 0.073000
-0.023464 0.012163 0.072900
-0.023464 0.012348 0.072900
-0.023464 0.012534 0.072900
-0.023464 0.012720 0.072900
-0.023464 0.012906 0.072900
-0.023464 0.013092 0.072900
-0.023464 0.013278 0.072900
-0.023464 0.013463 0.072900
-0.023464 0.013649 0.072900
-0.023464 0.013835 0.072900
-0.023464 0.014021 0.072900
-0.023464 0.014207 0.072900
-0.023464 0.014393 0.072900
-0.023464 0.014579 0.072900
-0.023464 0.014764 0.072900
-0.023464 0.014950 0.072900
-0.023464 0.015136 0.072900
-0.023464 0.015322 0.072900
-0.023464 0.015508 0.072900
-0.023464 0.015694 0.072900
-0.023464 0.015879 0.072900
-0.023464 0.016065 0.072900
-0.023464 0.016251 0.072900
-0.023464 0.016437 0.072900
-0.023432 0.016600 0.072800
-0.023432 0.016786 0.072800
-0.023432 0.016971 0.072800
-0.023432 0.017157 0.072800
-0.023432 0.017342 0.072800
-0.023432 0.017528 0.072800
-0.023432 0.017713 0.072800
-0.023432 0.017899 0.072800
-0.023432 0.018085 0.072800
-0.023464 0.018295 0.072900
-0.023464 0.018481 0.072900
-0.023464 0.018667 0.072900
-0.023496 0.018879 0.073000
-0.023496 0.019065 0.073000
-0.023528 0.019277 0.073100
-0.023561 0.019490 0.073200
-0.023593 0.019704 0.073300
-0.023593 0.019891 0.073300
-0.023625 0.020105 0.073400
-0.023657 0.020320 0.073500
-0.023657 0.020507 0.073500
-0.023689 0.020722 0.073600
-0.023721 0.020938 0.073700
-0.023754 0.021155 0.073800
-0.023786 0.021372 0.073900
-0.023818 0.021590 0.074000
-0.023850 0.021808 0.074100
-0.023882 0.022026 0.074200
-0.023947 0.022275 0.074400
-0.023979 0.022495 0.074500
-0.024043 0.022746 0.074700
-0.024108 0.022998 0.074900
-0.024140 0.023220 0.075000
-0.024204 0.023473 0.075200
-0.024236 0.023696 0.075300
-0.024269 0.023920 0.075400
-0.024301 0.024144 0.075500
-0.024333 0.024369 0.075600
-0.024397 0.024627 0.075800
-0.024430 0.024853 0.075900
-0.024494 0.025112 0.076100
-0.024558 0.025373 0.076300
-0.024655 0.025668 0.076600
-0.024719 0.025931 0.076800
-0.024784 0.026194 0.077000
-0.024880 0.026493 0.077300
-0.024945 0.026760 0.077500
-0.025041 0.027061 0.077800
-0.025073 0.027295 0.077900
-0.025105 0.027529 0.078000
-0.025138 0.027763 0.078100
-0.025170 0.027998 0.078200
-0.025202 0.028233 0.078300
-0.025202 0.028433 0.078300
-0.025234 0.028669 0.078400
-0.025234 0.028869 0.078400
-0.025234 0.029069 0.078400
-0.025266 0.029306 0.078500
-0.025266 0.029506 0.078500
-0.025266 0.029706 0.078500
-0.025499 0.001893 0.078600
-0.025499 0.002093 0.078600
-0.025499 0.002294 0.078600
-0.025499 0.002494 0.078600
-0.025499 0.002694 0.078600
-0.025499 0.002895 0.078600
-0.025467 0.003091 0.078500
-0.025435 0.003287 0.078400
-0.025435 0.003487 0.078400
-0.025402 0.003682 0.078300
-0.025370 0.003877 0.078200
-0.025305 0.004066 0.078000
-0.025207 0.004248 0.077700
-0.025143 0.004435 0.077500
-0.025045 0.004614 0.077200
-0.024948 0.004793 0.076900
-0.024883 0.004976 0.076700
-0.024786 0.005151 0.076400
-0.024688 0.005325 0.076100
-0.024623 0.005504 0.075900
-0.024559 0.005683 0.075700
-0.024461 0.005852 0.075400
-0.024396 0.006029 0.075200
-0.024364 0.006212 0.075100
-0.024332 0.006395 0.075000
-0.024299 0.006577 0.074900
-0.024267 0.006759 0.074800
-0.024234 0.006941 0.074700
-0.024202 0.007121 0.074600
-0.024202 0.007312 0.074600
-0.024169 0.007492 0.074500
-0.024137 0.007671 0.074400
-0.024104 0.007850 0.074300
-0.024040 0.008018 0.074100
-0.024040 0.008207 0.074100
-0.023975 0.008373 0.073900
-0.023942 0.008550 0.073800
-0.023910 0.008726 0.073700
-0.023910 0.008914 0.073700
-0.023877 0.009090 0.073600
-0.023845 0.009265 0.073500
-0.023812 0.009439 0.073400
-0.023812 0.009626 0.073400
-0.023812 0.009814 0.073400
-0.023812 0.010001 0.073400
-0.023780 0.010174 0.073300
-0.023780 0.010361 0.073300
-0.023780 0.010548 0.073300
-0.023748 0.010720 0.073200
-0.023748 0.010906 0.073200
-0.023715 0.011078 0.073100
-0.023715 0.011264 0.073100
-0.023683 0.011435 0.073000
-0.023683 0.011621 0.073000
-0.023683 0.011807 0.073000
-0.023650 0.011977 0.072900
-0.023650 0.012163 0.072900
-0.023650 0.012348 0.072900
-0.023650 0.012534 0.072900
-0.023650 0.012720 0.072900
-0.023650 0.012906 0.072900
-0.023650 0.013092 0.072900
-0.023650 0.013278 0.072900
-0.023650 0.013463 0.072900
-0.023650 0.013649 0.072900
-0.023650 0.013835 0.072900
-0.023650 0.014021 0.072900
-0.023650 0.014207 0.072900
-0.023650 0.014393 0.072900
-0.023650 0.014579 0.072900
-0.023650 0.014764 0.072900
-0.023650 0.014950 0.072900
-0.023650 0.015136 0.072900
-0.023650 0.015322 0.072900
-0.023650 0.015508 0.072900
-0.023650 0.015694 0.072900
-0.023650 0.015879 0.072900
-0.023650 0.016065 0.072900
-0.023650 0.016251 0.072900
-0.023650 0.016437 0.072900
-0.023650 0.016623 0.072900
-0.023618 0.016786 0.072800
-0.023618 0.016971 0.072800
-0.023618 0.017157 0.072800
-0.023618 0.017342 0.072800
-0.023618 0.017528 0.072800
-0.023618 0.017713 0.072800
-0.023618 0.017899 0.072800
-0.023618 0.018085 0.072800
-0.023650 0.018295 0.072900
-0.023650 0.018481 0.072900
-0.023650 0.018667 0.072900
-0.023683 0.018879 0.073000
-0.023683 0.019065 0.073000
-0.023715 0.019277 0.073100
-0.023748 0.019490 0.073200
-0.023748 0.019677 0.073200
-0.023748 0.019863 0.073200
-0.023780 0.020077 0.073300
-0.023812 0.020292 0.073400
-0.023845 0.020507 0.073500
-0.023877 0.020722 0.073600
-0.023910 0.020938 0.073700
-0.023942 0.021155 0.073800
-0.023975 0.021372 0.073900
-0.024007 0.021590 0.074000
-0.024072 0.021837 0.074200
-0.024104 0.022056 0.074300
-0.024137 0.022275 0.074400
-0.024202 0.022525 0.074600
-0.024234 0.022746 0.074700
-0.024267 0.022967 0.074800
-0.024332 0.023220 0.075000
-0.024364 0.023442 0.075100
-0.024396 0.023665 0.075200
-0.024429 0.023888 0.075300
-0.024461 0.024112 0.075400
-0.024526 0.024369 0.075600
-0.024559 0.024594 0.075700
-0.024591 0.024820 0.075800
-0.024656 0.025079 0.076000
-0.024721 0.025339 0.076200
-0.024786 0.025601 0.076400
-0.024883 0.025897 0.076700
-0.024948 0.026160 0.076900
-0.025045 0.026459 0.077200
-0.025143 0.026760 0.077500
-0.025207 0.027027 0.077700
-0.025272 0.027295 0.077900
-0.025305 0.027529 0.078000
-0.025337 0.027763 0.078100
-0.025337 0.027962 0.078100
-0.025370 0.028197 0.078200
-0.025402 0.028433 0.078300
-0.025402 0.028633 0.078300
-0.025435 0.028869 0.078400
-0.025435 0.029069 0.078400
-0.025435 0.029269 0.078400
-0.025435 0.029469 0.078400
-0.025467 0.029706 0.078500
-0.025766 0.002300 0.078800
-0.025733 0.002497 0.078700
-0.025733 0.002698 0.078700
-0.025700 0.002895 0.078600
-0.025700 0.003095 0.078600
-0.025700 0.003296 0.078600
-0.025668 0.003491 0.078500
-0.025635 0.003687 0.078400
-0.025602 0.003882 0.078300
-0.025537 0.004071 0.078100
-0.025471 0.004259 0.077900
-0.025406 0.004446 0.077700
-0.025308 0.004626 0.077400
-0.025210 0.004805 0.077100
-0.025112 0.004982 0.076800
-0.025014 0.005158 0.076500
-0.024916 0.005332 0.076200
-0.024817 0.005504 0.075900
-0.024752 0.005683 0.075700
-0.024654 0.005852 0.075400
-0.024589 0.006029 0.075200
-0.024556 0.006212 0.075100
-0.024523 0.006395 0.075000
-0.024490 0.006577 0.074900
-0.024458 0.006759 0.074800
-0.024425 0.006941 0.074700
-0.024425 0.007131 0.074700
-0.024392 0.007312 0.074600
-0.024360 0.007492 0.074500
-0.024327 0.007671 0.074400
-0.024294 0.007850 0.074300
-0.024262 0.008029 0.074200
-0.024229 0.008207 0.074100
-0.024163 0.008373 0.073900
-0.024131 0.008550 0.073800
-0.024098 0.008726 0.073700
-0.024065 0.008902 0.073600
-0.024033 0.009077 0.073500
-0.024000 0.009252 0.073400
-0.024000 0.009439 0.073400
-0.024000 0.009626 0.073400
-0.024000 0.009814 0.073400
-0.024000 0.010001 0.073400
-0.024000 0.010188 0.073400
-0.023967 0.010361 0.073300
-0.023967 0.010548 0.073300
-0.023935 0.010720 0.073200
-0.023935 0.010906 0.073200
-0.023902 0.011078 0.073100
-0.023902 0.011264 0.073100
-0.023869 0.011435 0.073000
-0.023869 0.011621 0.073000
-0.023837 0.011791 0.072900
-0.023837 0.011977 0.072900
-0.023837 0.012163 0.072900
-0.023804 0.012332 0.072800
-0.023804 0.012517 0.072800
-0.023804 0.012703 0.072800
-0.023804 0.012888 0.072800
-0.023804 0.013074 0.072800
-0.023804 0.013259 0.072800
-0.023804 0.013445 0.072800
-0.023804 0.013631 0.072800
-0.023804 0.013816 0.072800
-0.023804 0.014002 0.072800
-0.023804 0.014187 0.072800
-0.023804 0.014373 0.072800
-0.023804 0.014559 0.072800
-0.023804 0.014744 0.072800
-0.023837 0.014950 0.072900
-0.023837 0.015136 0.072900
-0.023837 0.015322 0.072900
-0.023837 0.015508 0.072900
-0.023837 0.015694 0.072900
-0.023837 0.015879 0.072900
-0.023837 0.016065 0.072900
-0.023837 0.016251 0.072900
-0.023837 0.016437 0.072900
-0.023837 0.016623 0.072900
-0.023837 0.016809 0.072900
-0.023837 0.016994 0.072900
-0.023837 0.017180 0.072900
-0.023837 0.017366 0.072900
-0.023837 0.017552 0.072900
-0.023837 0.017738 0.072900
-0.023837 0.017924 0.072900
-0.023837 0.018109 0.072900
-0.023837 0.018295 0.072900
-0.023837 0.018481 0.072900
-0.023837 0.018667 0.072900
-0.023869 0.018879 0.073000
-0.023869 0.019065 0.073000
-0.023902 0.019277 0.073100
-0.023902 0.019464 0.073100
-0.023935 0.019677 0.073200
-0.023935 0.019863 0.073200
-0.023967 0.020077 0.073300
-0.024000 0.020292 0.073400
-0.024000 0.020479 0.073400
-0.024033 0.020694 0.073500
-0.024065 0.020910 0.073600
-0.024098 0.021126 0.073700
-0.024163 0.021372 0.073900
-0.024196 0.021590 0.074000
-0.024229 0.021808 0.074100
-0.024294 0.022056 0.074300
-0.024327 0.022275 0.074400
-0.024392 0.022525 0.074600
-0.024425 0.022746 0.074700
-0.024458 0.022967 0.074800
-0.024490 0.023189 0.074900
-0.024523 0.023411 0.075000
-0.024556 0.023634 0.075100
-0.024621 0.023888 0.075300
-0.024621 0.024080 0.075300
-0.024687 0.024337 0.075500
-0.024687 0.024529 0.075500
-0.024752 0.024787 0.075700
-0.024817 0.025046 0.075900
-0.024850 0.025273 0.076000
-0.024948 0.025567 0.076300
-0.025046 0.025863 0.076600
-0.025112 0.026126 0.076800
-0.025210 0.026425 0.077100
-0.025275 0.026691 0.077300
-0.025373 0.026992 0.077600
-0.025439 0.027260 0.077800
-0.025504 0.027529 0.078000
-0.025537 0.027763 0.078100
-0.025537 0.027962 0.078100
-0.025569 0.028197 0.078200
-0.025569 0.028397 0.078200
-0.025602 0.028633 0.078300
-0.025602 0.028832 0.078300
-0.025635 0.029069 0.078400
-0.025635 0.029269 0.078400
-0.025635 0.029469 0.078400
-0.025668 0.029706 0.078500
-0.025967 0.002300 0.078800
-0.025967 0.002500 0.078800
-0.025967 0.002701 0.078800
-0.025967 0.002902 0.078800
-0.025934 0.003099 0.078700
-0.025934 0.003300 0.078700
-0.025901 0.003496 0.078600
-0.025868 0.003692 0.078500
-0.025835 0.003887 0.078400
-0.025769 0.004076 0.078200
-0.025703 0.004265 0.078000
-0.025605 0.004446 0.077700
-0.025572 0.004638 0.077600
-0.025473 0.004817 0.077300
-0.025341 0.004989 0.076900
-0.025242 0.005164 0.076600
-0.025242 0.005360 0.076600
-0.025044 0.005511 0.076000
-0.024945 0.005683 0.075700
-0.024880 0.005860 0.075500
-0.024814 0.006037 0.075300
-0.024781 0.006220 0.075200
-0.024715 0.006395 0.075000
-0.024715 0.006586 0.075000
-0.024682 0.006768 0.074900
-0.024649 0.006950 0.074800
-0.024616 0.007131 0.074700
-0.024583 0.007312 0.074600
-0.024550 0.007492 0.074500
-0.024517 0.007671 0.074400
-0.024484 0.007850 0.074300
-0.024451 0.008029 0.074200
-0.024418 0.008207 0.074100
-0.024352 0.008373 0.073900
-0.024319 0.008550 0.073800
-0.024286 0.008726 0.073700
-0.024253 0.008902 0.073600
-0.024220 0.009077 0.073500
-0.024188 0.009252 0.073400
-0.024188 0.009439 0.073400
-0.024188 0.009626 0.073400
-0.024188 0.009814 0.073400
-0.024188 0.010001 0.073400
-0.024188 0.010188 0.073400
-0.024155 0.010361 0.073300
-0.024155 0.010548 0.073300
-0.024155 0.010735 0.073300
-0.024122 0.010906 0.073200
-0.024122 0.011093 0.073200
-0.024089 0.011264 0.073100
-0.024056 0.011435 0.073000
-0.024056 0.011621 0.073000
-0.024023 0.011791 0.072900
-0.024023 0.011977 0.072900
-0.023990 0.012146 0.072800
-0.023990 0.012332 0.072800
-0.023990 0.012517 0.072800
-0.023990 0.012703 0.072800
-0.023957 0.012871 0.072700
-0.023957 0.013056 0.072700
-0.023957 0.013241 0.072700
-0.023990 0.013445 0.072800
-0.023990 0.013631 0.072800
-0.023990 0.013816 0.072800
-0.023990 0.014002 0.072800
-0.023990 0.014187 0.072800
-0.023990 0.014373 0.072800
-0.023990 0.014559 0.072800
-0.023990 0.014744 0.072800
-0.023990 0.014930 0.072800
-0.023990 0.015115 0.072800
-0.024023 0.015322 0.072900
-0.024023 0.015508 0.072900
-0.024023 0.015694 0.072900
-0.024023 0.015879 0.072900
-0.024023 0.016065 0.072900
-0.024023 0.016251 0.072900
-0.024023 0.016437 0.072900
-0.024023 0.016623 0.072900
-0.024023 0.016809 0.072900
-0.024023 0.016994 0.072900
-0.024023 0.017180 0.072900
-0.024023 0.017366 0.072900
-0.024023 0.017552 0.072900
-0.024023 0.017738 0.072900
-0.024023 0.017924 0.072900
-0.024023 0.018109 0.072900
-0.024023 0.018295 0.072900
-0.024023 0.018481 0.072900
-0.024056 0.018693 0.073000
-0.024056 0.018879 0.073000
-0.024056 0.019065 0.073000
-0.024089 0.019277 0.073100
-0.024089 0.019464 0.073100
-0.024122 0.019677 0.073200
-0.024122 0.019863 0.073200
-0.024155 0.020077 0.073300
-0.024155 0.020264 0.073300
-0.024188 0.020479 0.073400
-0.024220 0.020694 0.073500
-0.024253 0.020910 0.073600
-0.024286 0.021126 0.073700
-0.024352 0.021372 0.073900
-0.024385 0.021590 0.074000
-0.024418 0.021808 0.074100
-0.024451 0.022026 0.074200
-0.024517 0.022275 0.074400
-0.024550 0.022495 0.074500
-0.024616 0.022746 0.074700
-0.024616 0.022936 0.074700
-0.024682 0.023189 0.074900
-0.024682 0.023380 0.074900
-0.024715 0.023602 0.075000
-0.024748 0.023825 0.075100
-0.024781 0.024048 0.075200
-0.024814 0.024272 0.075300
-0.024847 0.024497 0.075400
-0.024913 0.024754 0.075600
-0.024945 0.024980 0.075700
-0.025011 0.025240 0.075900
-0.025077 0.025500 0.076100
-0.025176 0.025795 0.076400
-0.025242 0.026058 0.076600
-0.025341 0.026356 0.076900
-0.025440 0.026656 0.077200
-0.025539 0.026957 0.077500
-0.025605 0.027225 0.077700
-0.025670 0.027493 0.077900
-0.025703 0.027728 0.078000
-0.025736 0.027962 0.078100
-0.025736 0.028161 0.078100
-0.025769 0.028397 0.078200
-0.025769 0.028596 0.078200
-0.025802 0.028832 0.078300
-0.025802 0.029032 0.078300
-0.025835 0.029269 0.078400
-0.025835 0.029469 0.078400
-0.025868 0.029706 0.078500
-0.026301 0.002311 0.079200
-0.026235 0.002507 0.079000
-0.026235 0.002708 0.079000
-0.026202 0.002906 0.078900
-0.026168 0.003103 0.078800
-0.026168 0.003304 0.078800
-0.026135 0.003500 0.078700
-0.026102 0.003696 0.078600
-0.026069 0.003892 0.078500
-0.026002 0.004081 0.078300
-0.025936 0.004270 0.078100
-0.025869 0.004458 0.077900
-0.025803 0.004644 0.077700
-0.025703 0.004824 0.077400
-0.025604 0.005002 0.077100
-0.025504 0.005178 0.076800
-0.025438 0.005360 0.076600
-0.025305 0.005526 0.076200
-0.025205 0.005698 0.075900
-0.025106 0.005868 0.075600
-0.025039 0.006045 0.075400
-0.024973 0.006220 0.075200
-0.024940 0.006403 0.075100
-0.024906 0.006586 0.075000
-0.024873 0.006768 0.074900
-0.024840 0.006950 0.074800
-0.024807 0.007131 0.074700
-0.024774 0.007312 0.074600
-0.024740 0.007492 0.074500
-0.024707 0.007671 0.074400
-0.024674 0.007850 0.074300
-0.024641 0.008029 0.074200
-0.024574 0.008196 0.074000
-0.024541 0.008373 0.073900
-0.024508 0.008550 0.073800
-0.024475 0.008726 0.073700
-0.024442 0.008902 0.073600
-0.024408 0.009077 0.073500
-0.024375 0.009252 0.073400
-0.024375 0.009439 0.073400
-0.024375 0.009626 0.073400
-0.024375 0.009814 0.073400
-0.024375 0.010001 0.073400
-0.024375 0.010188 0.073400
-0.024342 0.010361 0.073300
-0.024342 0.010548 0.073300
-0.024342 0.010735 0.073300
-0.024309 0.010906 0.073200
-0.024309 0.011093 0.073200
-0.024275 0.011264 0.073100
-0.024242 0.011435 0.073000
-0.024209 0.011605 0.072900
-0.024209 0.011791 0.072900
-0.024176 0.011960 0.072800
-0.024176 0.012146 0.072800
-0.024143 0.012315 0.072700
-0.024143 0.012500 0.072700
-0.024143 0.012685 0.072700
-0.024143 0.012871 0.072700
-0.024143 0.013056 0.072700
-0.024143 0.013241 0.072700
-0.024143 0.013427 0.072700
-0.024143 0.013612 0.072700
-0.024143 0.013797 0.072700
-0.024143 0.013983 0.072700
-0.024143 0.014168 0.072700
-0.024143 0.014353 0.072700
-0.024143 0.014539 0.072700
-0.024143 0.014724 0.072700
-0.024176 0.014930 0.072800
-0.024176 0.015115 0.072800
-0.024176 0.015301 0.072800
-0.024209 0.015508 0.072900
-0.024209 0.015694 0.072900
-0.024209 0.015879 0.072900
-0.024209 0.016065 0.072900
-0.024209 0.016251 0.072900
-0.024209 0.016437 0.072900
-0.024209 0.016623 0.072900
-0.024209 0.016809 0.072900
-0.024209 0.016994 0.072900
-0.024209 0.017180 0.072900
-0.024209 0.017366 0.072900
-0.024209 0.017552 0.072900
-0.024209 0.017738 0.072900
-0.024209 0.017924 0.072900
-0.024209 0.018109 0.072900
-0.024209 0.018295 0.072900
-0.024242 0.018506 0.073000
-0.024242 0.018693 0.073000
-0.024242 0.018879 0.073000
-0.024242 0.019065 0.073000
-0.024275 0.019277 0.073100
-0.024275 0.019464 0.073100
-0.024309 0.019677 0.073200
-0.024309 0.019863 0.073200
-0.024309 0.020050 0.073200
-0.024342 0.020264 0.073300
-0.024342 0.020451 0.073300
-0.024375 0.020666 0.073400
-0.024408 0.020882 0.073500
-0.024475 0.021126 0.073700
-0.024508 0.021343 0.073800
-0.024541 0.021560 0.073900
-0.024608 0.021808 0.074100
-0.024641 0.022026 0.074200
-0.024674 0.022245 0.074300
-0.024740 0.022495 0.074500
-0.024774 0.022716 0.074600
-0.024807 0.022936 0.074700
-0.024840 0.023158 0.074800
-0.024873 0.023380 0.074900
-0.024906 0.023602 0.075000
-0.024906 0.023793 0.075000
-0.024940 0.024016 0.075100
-0.024973 0.024240 0.075200
-0.025006 0.024464 0.075300
-0.025039 0.024689 0.075400
-0.025106 0.024947 0.075600
-0.025172 0.025206 0.075800
-0.025239 0.025467 0.076000
-0.025305 0.025728 0.076200
-0.025405 0.026024 0.076500
-0.025471 0.026288 0.076700
-0.025571 0.026587 0.077000
-0.025670 0.026888 0.077300
-0.025737 0.027155 0.077500
-0.025803 0.027423 0.077700
-0.025869 0.027692 0.077900
-0.025903 0.027926 0.078000
-0.025936 0.028161 0.078100
-0.025969 0.028397 0.078200
-0.025969 0.028596 0.078200
-0.026002 0.028832 0.078300
-0.026002 0.029032 0.078300
-0.026036 0.029269 0.078400
-0.026036 0.029469 0.078400
-0.026069 0.029706 0.078500
-0.026637 0.000902 0.079600
-0.026738 0.001924 0.079900
-0.026637 0.002120 0.079600
-0.026504 0.002311 0.079200
-0.026504 0.002513 0.079200
-0.026504 0.002715 0.079200
-0.026470 0.002913 0.079100
-0.026437 0.003111 0.079000
-0.026437 0.003312 0.079000
-0.026370 0.003505 0.078800
-0.026370 0.003706 0.078800
-0.026303 0.003897 0.078600
-0.026269 0.004092 0.078500
-0.026169 0.004276 0.078200
-0.026102 0.004463 0.078000
-0.026035 0.004650 0.077800
-0.025968 0.004836 0.077600
-0.025834 0.005008 0.077200
-0.025734 0.005185 0.076900
-0.025633 0.005360 0.076600
-0.025533 0.005533 0.076300
-0.025533 0.005728 0.076300
-0.025366 0.005883 0.075800
-0.025265 0.006053 0.075500
-0.025198 0.006228 0.075300
-0.025132 0.006403 0.075100
-0.025098 0.006586 0.075000
-0.025065 0.006768 0.074900
-0.025065 0.006959 0.074900
-0.025031 0.007141 0.074800
-0.024998 0.007321 0.074700
-0.024964 0.007502 0.074600
-0.024897 0.007671 0.074400
-0.024864 0.007850 0.074300
-0.024797 0.008018 0.074100
-0.024763 0.008196 0.074000
-0.024696 0.008362 0.073800
-0.024663 0.008539 0.073700
-0.024630 0.008715 0.073600
-0.024596 0.008890 0.073500
-0.024596 0.009077 0.073500
-0.024563 0.009252 0.073400
-0.024563 0.009439 0.073400
-0.024563 0.009626 0.073400
-0.024563 0.009814 0.073400
-0.024563 0.010001 0.073400
-0.024563 0.010188 0.073400
-0.024563 0.010375 0.073400
-0.024529 0.010548 0.073300
-0.024529 0.010735 0.073300
-0.024496 0.010906 0.073200
-0.024496 0.011093 0.073200
-0.024462 0.011264 0.073100
-0.024429 0.011435 0.073000
-0.024395 0.011605 0.072900
-0.024395 0.011791 0.072900
-0.024362 0.011960 0.072800
-0.024328 0.012129 0.072700
-0.024328 0.012315 0.072700
-0.024328 0.012500 0.072700
-0.024295 0.012668 0.072600
-0.024295 0.012853 0.072600
-0.024295 0.013038 0.072600
-0.024295 0.013223 0.072600
-0.024295 0.013408 0.072600
-0.024295 0.013593 0.072600
-0.024295 0.013778 0.072600
-0.024295 0.013963 0.072600
-0.024295 0.014148 0.072600
-0.024295 0.014333 0.072600
-0.024295 0.014519 0.072600
-0.024328 0.014724 0.072700
-0.024328 0.014909 0.072700
-0.024362 0.015115 0.072800
-0.024362 0.015301 0.072800
-0.024395 0.015508 0.072900
-0.024395 0.015694 0.072900
-0.024395 0.015879 0.072900
-0.024395 0.016065 0.072900
-0.024395 0.016251 0.072900
-0.024395 0.016437 0.072900
-0.024395 0.016623 0.072900
-0.024429 0.016832 0.073000
-0.024429 0.017018 0.073000
-0.024429 0.017204 0.073000
-0.024429 0.017390 0.073000
-0.024429 0.017576 0.073000
-0.024429 0.017762 0.073000
-0.024429 0.017948 0.073000
-0.024429 0.018134 0.073000
-0.024429 0.018320 0.073000
-0.024429 0.018506 0.073000
-0.024429 0.018693 0.073000
-0.024429 0.018879 0.073000
-0.024429 0.019065 0.073000
-0.024462 0.019277 0.073100
-0.024462 0.019464 0.073100
-0.024462 0.019650 0.073100
-0.024462 0.019836 0.073100
-0.024496 0.020050 0.073200
-0.024529 0.020264 0.073300
-0.024529 0.020451 0.073300
-0.024529 0.020638 0.073300
-0.024596 0.020882 0.073500
-0.024630 0.021098 0.073600
-0.024663 0.021314 0.073700
-0.024696 0.021531 0.073800
-0.024763 0.021778 0.074000
-0.024797 0.021997 0.074100
-0.024864 0.022245 0.074300
-0.024897 0.022465 0.074400
-0.024931 0.022685 0.074500
-0.024964 0.022906 0.074600
-0.024998 0.023127 0.074700
-0.025031 0.023348 0.074800
-0.025065 0.023571 0.074900
-0.025098 0.023793 0.075000
-0.025132 0.024016 0.075100
-0.025165 0.024240 0.075200
-0.025198 0.024464 0.075300
-0.025232 0.024689 0.075400
-0.025265 0.024914 0.075500
-0.025332 0.025173 0.075700
-0.025399 0.025433 0.075900
-0.025466 0.025694 0.076100
-0.025533 0.025956 0.076300
-0.025633 0.026254 0.076600
-0.025734 0.026552 0.076900
-0.025801 0.026818 0.077100
-0.025868 0.027085 0.077300
-0.025968 0.027388 0.077600
-0.026002 0.027621 0.077700
-0.026069 0.027891 0.077900
-0.026102 0.028125 0.078000
-0.026135 0.028360 0.078100
-0.026169 0.028596 0.078200
-0.026202 0.028832 0.078300
-0.026202 0.029032 0.078300
-0.026202 0.029231 0.078300
-0.026236 0.029469 0.078400
-0.026875 0.001107 0.079700
-0.026942 0.001924 0.079900
-0.026841 0.002120 0.079600
-0.026807 0.002320 0.079500
-0.026773 0.002519 0.079400
-0.026773 0.002722 0.079400
-0.026740 0.002921 0.079300
-0.026706 0.003119 0.079200
-0.026672 0.003317 0.079100
-0.026638 0.003514 0.079000
-0.026605 0.003710 0.078900
-0.026537 0.003902 0.078700
-0.026470 0.004092 0.078500
-0.026402 0.004281 0.078300
-0.026335 0.004469 0.078100
-0.026268 0.004656 0.077900
-0.026166 0.004836 0.077600
-0.026065 0.005015 0.077300
-0.025964 0.005191 0.077000
-0.025930 0.005381 0.076900
-0.025829 0.005555 0.076600
-0.025728 0.005728 0.076300
-0.025593 0.005891 0.075900
-0.025526 0.006069 0.075700
-0.025425 0.006237 0.075400
-0.025391 0.006420 0.075300
-0.025323 0.006595 0.075100
-0.025290 0.006777 0.075000
-0.025256 0.006959 0.074900
-0.025222 0.007141 0.074800
-0.025189 0.007321 0.074700
-0.025155 0.007502 0.074600
-0.025087 0.007671 0.074400
-0.025054 0.007850 0.074300
-0.024986 0.008018 0.074100
-0.024953 0.008196 0.074000
-0.024885 0.008362 0.073800
-0.024851 0.008539 0.073700
-0.024818 0.008715 0.073600
-0.024784 0.008890 0.073500
-0.024750 0.009065 0.073400
-0.024750 0.009252 0.073400
-0.024750 0.009439 0.073400
-0.024750 0.009626 0.073400
-0.024750 0.009814 0.073400
-0.024750 0.010001 0.073400
-0.024750 0.010188 0.073400
-0.024750 0.010375 0.073400
-0.024750 0.010562 0.073400
-0.024716 0.010735 0.073300
-0.024716 0.010921 0.073300
-0.024683 0.011093 0.073200
-0.024649 0.011264 0.073100
-0.024615 0.011435 0.073000
-0.024615 0.011621 0.073000
-0.024582 0.011791 0.072900
-0.024548 0.011960 0.072800
-0.024514 0.012129 0.072700
-0.024514 0.012315 0.072700
-0.024480 0.012483 0.072600
-0.024480 0.012668 0.072600
-0.024480 0.012853 0.072600
-0.024480 0.013038 0.072600
-0.024480 0.013223 0.072600
-0.024480 0.013408 0.072600
-0.024480 0.013593 0.072600
-0.024480 0.013778 0.072600
-0.024480 0.013963 0.072600
-0.024480 0.014148 0.072600
-0.024480 0.014333 0.072600
-0.024480 0.014519 0.072600
-0.024514 0.014724 0.072700
-0.024514 0.014909 0.072700
-0.024548 0.015115 0.072800
-0.024548 0.015301 0.072800
-0.024582 0.015508 0.072900
-0.024582 0.015694 0.072900
-0.024582 0.015879 0.072900
-0.024582 0.016065 0.072900
-0.024582 0.016251 0.072900
-0.024582 0.016437 0.072900
-0.024615 0.016646 0.073000
-0.024615 0.016832 0.073000
-0.024615 0.017018 0.073000
-0.024615 0.017204 0.073000
-0.024615 0.017390 0.073000
-0.024615 0.017576 0.073000
-0.024615 0.017762 0.073000
-0.024615 0.017948 0.073000
-0.024615 0.018134 0.073000
-0.024615 0.018320 0.073000
-0.024615 0.018506 0.073000
-0.024615 0.018693 0.073000
-0.024615 0.018879 0.073000
-0.024649 0.019091 0.073100
-0.024649 0.019277 0.073100
-0.024649 0.019464 0.073100
-0.024649 0.019650 0.073100
-0.024649 0.019836 0.073100
-0.024683 0.020050 0.073200
-0.024683 0.020237 0.073200
-0.024716 0.020451 0.073300
-0.024716 0.020638 0.073300
-0.024750 0.020853 0.073400
-0.024784 0.021069 0.073500
-0.024851 0.021314 0.073700
-0.024885 0.021531 0.073800
-0.024919 0.021749 0.073900
-0.024953 0.021967 0.074000
-0.024986 0.022185 0.074100
-0.025054 0.022435 0.074300
-0.025087 0.022655 0.074400
-0.025121 0.022875 0.074500
-0.025155 0.023096 0.074600
-0.025189 0.023317 0.074700
-0.025222 0.023539 0.074800
-0.025256 0.023762 0.074900
-0.025290 0.023984 0.075000
-0.025323 0.024208 0.075100
-0.025357 0.024432 0.075200
-0.025391 0.024656 0.075300
-0.025425 0.024881 0.075400
-0.025492 0.025140 0.075600
-0.025559 0.025400 0.075800
-0.025627 0.025660 0.076000
-0.025694 0.025922 0.076200
-0.025762 0.026185 0.076400
-0.025930 0.026552 0.076900
-0.025930 0.026748 0.076900
-0.026032 0.027050 0.077200
-0.026099 0.027317 0.077400
-0.026166 0.027585 0.077600
-0.026200 0.027819 0.077700
-0.026268 0.028089 0.077900
-0.026301 0.028324 0.078000
-0.026335 0.028559 0.078100
-0.026369 0.028795 0.078200
-0.026369 0.028995 0.078200
-0.026402 0.029231 0.078300
-0.026402 0.029431 0.078300
-0.027112 0.001312 0.079800
-0.027214 0.001521 0.080100
-0.027180 0.001927 0.080000
-0.027078 0.002123 0.079700
-0.027078 0.002326 0.079700
-0.027078 0.002529 0.079700
-0.027010 0.002725 0.079500
-0.027010 0.002928 0.079500
-0.026976 0.003127 0.079400
-0.026908 0.003321 0.079200
-0.026908 0.003523 0.079200
-0.026840 0.003715 0.079000
-0.026772 0.003907 0.078800
-0.026738 0.004102 0.078700
-0.026670 0.004292 0.078500
-0.026569 0.004475 0.078200
-0.026501 0.004662 0.078000
-0.026399 0.004842 0.077700
-0.026331 0.005028 0.077500
-0.026195 0.005198 0.077100
-0.026127 0.005381 0.076900
-0.026025 0.005555 0.076600
-0.025923 0.005728 0.076300
-0.025889 0.005914 0.076200
-0.025787 0.006085 0.075900
-0.025685 0.006253 0.075600
-0.025651 0.006438 0.075500
-0.025583 0.006612 0.075300
-0.025549 0.006795 0.075200
-0.025481 0.006968 0.075000
-0.025447 0.007150 0.074900
-0.025413 0.007331 0.074800
-0.025345 0.007502 0.074600
-0.025311 0.007682 0.074500
-0.025244 0.007850 0.074300
-0.025176 0.008018 0.074100
-0.025142 0.008196 0.074000
-0.025074 0.008362 0.073800
-0.025040 0.008539 0.073700
-0.025006 0.008715 0.073600
-0.024972 0.008890 0.073500
-0.024938 0.009065 0.073400
-0.024938 0.009252 0.073400
-0.024938 0.009439 0.073400
-0.024938 0.009626 0.073400
-0.024938 0.009814 0.073400
-0.024938 0.010001 0.073400
-0.024938 0.010188 0.073400
-0.024938 0.010375 0.073400
-0.024938 0.010562 0.073400
-0.024904 0.010735 0.073300
-0.024904 0.010921 0.073300
-0.024870 0.011093 0.073200
-0.024836 0.011264 0.073100
-0.024836 0.011451 0.073100
-0.024802 0.011621 0.073000
-0.024768 0.011791 0.072900
-0.024734 0.011960 0.072800
-0.024700 0.012129 0.072700
-0.024700 0.012315 0.072700
-0.024666 0.012483 0.072600
-0.024666 0.012668 0.072600
-0.024666 0.012853 0.072600
-0.024666 0.013038 0.072600
-0.024666 0.013223 0.072600
-0.024666 0.013408 0.072600
-0.024666 0.013593 0.072600
-0.024666 0.013778 0.072600
-0.024666 0.013963 0.072600
-0.024666 0.014148 0.072600
-0.024666 0.014333 0.072600
-0.024666 0.014519 0.072600
-0.024700 0.014724 0.072700
-0.024700 0.014909 0.072700
-0.024734 0.015115 0.072800
-0.024734 0.015301 0.072800
-0.024768 0.015508 0.072900
-0.024768 0.015694 0.072900
-0.024768 0.015879 0.072900
-0.024768 0.016065 0.072900
-0.024802 0.016273 0.073000
-0.024802 0.016459 0.073000
-0.024802 0.016646 0.073000
-0.024802 0.016832 0.073000
-0.024802 0.017018 0.073000
-0.024802 0.017204 0.073000
-0.024802 0.017390 0.073000
-0.024802 0.017576 0.073000
-0.024802 0.017762 0.073000
-0.024802 0.017948 0.073000
-0.024802 0.018134 0.073000
-0.024802 0.018320 0.073000
-0.024802 0.018506 0.073000
-0.024802 0.018693 0.073000
-0.024802 0.018879 0.073000
-0.024836 0.019091 0.073100
-0.024836 0.019277 0.073100
-0.024836 0.019464 0.073100
-0.024836 0.019650 0.073100
-0.024836 0.019836 0.073100
-0.024870 0.020050 0.073200
-0.024870 0.020237 0.073200
-0.024904 0.020451 0.073300
-0.024904 0.020638 0.073300
-0.024938 0.020853 0.073400
-0.024972 0.021069 0.073500
-0.025006 0.021285 0.073600
-0.025040 0.021502 0.073700
-0.025074 0.021719 0.073800
-0.025142 0.021967 0.074000
-0.025176 0.022185 0.074100
-0.025210 0.022405 0.074200
-0.025244 0.022624 0.074300
-0.025277 0.022844 0.074400
-0.025311 0.023065 0.074500
-0.025379 0.023317 0.074700
-0.025379 0.023508 0.074700
-0.025413 0.023730 0.074800
-0.025481 0.023984 0.075000
-0.025515 0.024208 0.075100
-0.025549 0.024432 0.075200
-0.025583 0.024656 0.075300
-0.025617 0.024881 0.075400
-0.025685 0.025140 0.075600
-0.025719 0.025366 0.075700
-0.025787 0.025627 0.075900
-0.025855 0.025888 0.076100
-0.025923 0.026151 0.076300
-0.025991 0.026414 0.076500
-0.026093 0.026714 0.076800
-0.026161 0.026980 0.077000
-0.026263 0.027282 0.077300
-0.026331 0.027550 0.077500
-0.026365 0.027783 0.077600
-0.026433 0.028053 0.077800
-0.026467 0.028288 0.077900
-0.026535 0.028559 0.078100
-0.026569 0.028795 0.078200
-0.026569 0.028995 0.078200
-0.026603 0.029231 0.078300
-0.026603 0.029431 0.078300
-0.027350 0.001517 0.079900
-0.027419 0.001725 0.080100
-0.027385 0.001927 0.080000
-0.027350 0.002128 0.079900
-0.027350 0.002332 0.079900
-0.027282 0.002529 0.079700
-0.027282 0.002732 0.079700
-0.027248 0.002932 0.079600
-0.027213 0.003131 0.079500
-0.027179 0.003329 0.079400
-0.027145 0.003527 0.079300
-0.027111 0.003725 0.079200
-0.027076 0.003921 0.079100
-0.026974 0.004107 0.078800
-0.026905 0.004297 0.078600
-0.026803 0.004481 0.078300
-0.026700 0.004662 0.078000
-0.026597 0.004842 0.077700
-0.026563 0.005034 0.077600
-0.026460 0.005212 0.077300
-0.026358 0.005388 0.077000
-0.026255 0.005562 0.076700
-0.026186 0.005743 0.076500
-0.026084 0.005914 0.076200
-0.026050 0.006101 0.076100
-0.025947 0.006270 0.075800
-0.025878 0.006446 0.075600
-0.025844 0.006630 0.075500
-0.025776 0.006804 0.075300
-0.025741 0.006987 0.075200
-0.025673 0.007160 0.075000
-0.025639 0.007341 0.074900
-0.025570 0.007512 0.074700
-0.025502 0.007682 0.074500
-0.025433 0.007850 0.074300
-0.025365 0.008018 0.074100
-0.025331 0.008196 0.074000
-0.025262 0.008362 0.073800
-0.025228 0.008539 0.073700
-0.025194 0.008715 0.073600
-0.025160 0.008890 0.073500
-0.025125 0.009065 0.073400
-0.025125 0.009252 0.073400
-0.025125 0.009439 0.073400
-0.025125 0.009626 0.073400
-0.025125 0.009814 0.073400
-0.025125 0.010001 0.073400
-0.025125 0.010188 0.073400
-0.025125 0.010375 0.073400
-0.025125 0.010562 0.073400
-0.025125 0.010749 0.073400
-0.025091 0.010921 0.073300
-0.025091 0.011108 0.073300
-0.025057 0.011280 0.073200
-0.025023 0.011451 0.073100
-0.024988 0.011621 0.073000
-0.024954 0.011791 0.072900
-0.024920 0.011960 0.072800
-0.024920 0.012146 0.072800
-0.024886 0.012315 0.072700
-0.024886 0.012500 0.072700
-0.024886 0.012685 0.072700
-0.024851 0.012853 0.072600
-0.024851 0.013038 0.072600
-0.024851 0.013223 0.072600
-0.024851 0.013408 0.072600
-0.024851 0.013593 0.072600
-0.024851 0.013778 0.072600
-0.024851 0.013963 0.072600
-0.024851 0.014148 0.072600
-0.024851 0.014333 0.072600
-0.024851 0.014519 0.072600
-0.024886 0.014724 0.072700
-0.024886 0.014909 0.072700
-0.024920 0.015115 0.072800
-0.024920 0.015301 0.072800
-0.024954 0.015508 0.072900
-0.024954 0.015694 0.072900
-0.024954 0.015879 0.072900
-0.024954 0.016065 0.072900
-0.024988 0.016273 0.073000
-0.024988 0.016459 0.073000
-0.024988 0.016646 0.073000
-0.024988 0.016832 0.073000
-0.024988 0.017018 0.073000
-0.024988 0.017204 0.073000
-0.025023 0.017414 0.073100
-0.025023 0.017600 0.073100
-0.025023 0.017786 0.073100
-0.025023 0.017973 0.073100
-0.025023 0.018159 0.073100
-0.025023 0.018345 0.073100
-0.025023 0.018532 0.073100
-0.025023 0.018718 0.073100
-0.025023 0.018905 0.073100
-0.025023 0.019091 0.073100
-0.025023 0.019277 0.073100
-0.025023 0.019464 0.073100
-0.025023 0.019650 0.073100
-0.025023 0.019836 0.073100
-0.025057 0.020050 0.073200
-0.025057 0.020237 0.073200
-0.025091 0.020451 0.073300
-0.025091 0.020638 0.073300
-0.025125 0.020853 0.073400
-0.025160 0.021069 0.073500
-0.025194 0.021285 0.073600
-0.025228 0.021502 0.073700
-0.025262 0.021719 0.073800
-0.025296 0.021937 0.073900
-0.025331 0.022156 0.074000
-0.025365 0.022374 0.074100
-0.025433 0.022624 0.074300
-0.025468 0.022844 0.074400
-0.025502 0.023065 0.074500
-0.025570 0.023317 0.074700
-0.025570 0.023508 0.074700
-0.025605 0.023730 0.074800
-0.025673 0.023984 0.075000
-0.025707 0.024208 0.075100
-0.025741 0.024432 0.075200
-0.025776 0.024656 0.075300
-0.025810 0.024881 0.075400
-0.025878 0.025140 0.075600
-0.025913 0.025366 0.075700
-0.025981 0.025627 0.075900
-0.026015 0.025854 0.076000
-0.026084 0.026116 0.076200
-0.026152 0.026380 0.076400
-0.026255 0.026679 0.076700
-0.026358 0.026980 0.077000
-0.026426 0.027246 0.077200
-0.026495 0.027514 0.077400
-0.026563 0.027783 0.077600
-0.026631 0.028053 0.077800
-0.026666 0.028288 0.077900
-0.026700 0.028523 0.078000
-0.026734 0.028759 0.078100
-0.026768 0.028995 0.078200
-0.026768 0.029194 0.078200
-0.026803 0.029431 0.078300
-0.027554 0.001517 0.079900
-0.027589 0.001723 0.080000
-0.027623 0.001929 0.080100
-0.027589 0.002131 0.080000
-0.027589 0.002335 0.080000
-0.027554 0.002535 0.079900
-0.027554 0.002739 0.079900
-0.027520 0.002939 0.079800
-0.027485 0.003139 0.079700
-0.027451 0.003337 0.079600
-0.027416 0.003536 0.079500
-0.027348 0.003729 0.079300
-0.027313 0.003926 0.079200
-0.027244 0.004118 0.079000
-0.027141 0.004303 0.078700
-0.027037 0.004486 0.078400
-0.027037 0.004686 0.078400
-0.026830 0.004849 0.077800
-0.026761 0.005034 0.077600
-0.026658 0.005212 0.077300
-0.026554 0.005388 0.077000
-0.026485 0.005569 0.076800
-0.026416 0.005750 0.076600
-0.026347 0.005930 0.076400
-0.026244 0.006101 0.076100
-0.026244 0.006295 0.076100
-0.026141 0.006463 0.075800
-0.026106 0.006648 0.075700
-0.026037 0.006822 0.075500
-0.025968 0.006996 0.075300
-0.025899 0.007169 0.075100
-0.025865 0.007351 0.075000
-0.025796 0.007522 0.074800
-0.025727 0.007692 0.074600
-0.025658 0.007861 0.074400
-0.025554 0.008018 0.074100
-0.025520 0.008196 0.074000
-0.025451 0.008362 0.073800
-0.025416 0.008539 0.073700
-0.025382 0.008715 0.073600
-0.025347 0.008890 0.073500
-0.025347 0.009077 0.073500
-0.025313 0.009252 0.073400
-0.025313 0.009439 0.073400
-0.025313 0.009626 0.073400
-0.025313 0.009814 0.073400
-0.025347 0.010014 0.073500
-0.025347 0.010202 0.073500
-0.025347 0.010389 0.073500
-0.025347 0.010576 0.073500
-0.025313 0.010749 0.073400
-0.025313 0.010936 0.073400
-0.025278 0.011108 0.073300
-0.025278 0.011295 0.073300
-0.025244 0.011466 0.073200
-0.025209 0.011637 0.073100
-0.025175 0.011807 0.073000
-0.025140 0.011977 0.072900
-0.025106 0.012146 0.072800
-0.025106 0.012332 0.072800
-0.025071 0.012500 0.072700
-0.025071 0.012685 0.072700
-0.025071 0.012871 0.072700
-0.025071 0.013056 0.072700
-0.025071 0.013241 0.072700
-0.025071 0.013427 0.072700
-0.025071 0.013612 0.072700
-0.025071 0.013797 0.072700
-0.025071 0.013983 0.072700
-0.025071 0.014168 0.072700
-0.025071 0.014353 0.072700
-0.025071 0.014539 0.072700
-0.025071 0.014724 0.072700
-0.025106 0.014930 0.072800
-0.025106 0.015115 0.072800
-0.025106 0.015301 0.072800
-0.025140 0.015508 0.072900
-0.025140 0.015694 0.072900
-0.025175 0.015901 0.073000
-0.025175 0.016087 0.073000
-0.025175 0.016273 0.073000
-0.025175 0.016459 0.073000
-0.025175 0.016646 0.073000
-0.025209 0.016855 0.073100
-0.025209 0.017041 0.073100
-0.025209 0.017227 0.073100
-0.025209 0.017414 0.073100
-0.025209 0.017600 0.073100
-0.025209 0.017786 0.073100
-0.025209 0.017973 0.073100
-0.025209 0.018159 0.073100
-0.025209 0.018345 0.073100
-0.025209 0.018532 0.073100
-0.025209 0.018718 0.073100
-0.025209 0.018905 0.073100
-0.025209 0.019091 0.073100
-0.025209 0.019277 0.073100
-0.025244 0.019490 0.073200
-0.025244 0.019677 0.073200
-0.025244 0.019863 0.073200
-0.025244 0.020050 0.073200
-0.025278 0.020264 0.073300
-0.025278 0.020451 0.073300
-0.025278 0.020638 0.073300
-0.025313 0.020853 0.073400
-0.025347 0.021069 0.073500
-0.025382 0.021285 0.073600
-0.025416 0.021502 0.073700
-0.025451 0.021719 0.073800
-0.025485 0.021937 0.073900
-0.025520 0.022156 0.074000
-0.025554 0.022374 0.074100
-0.025589 0.022594 0.074200
-0.025658 0.022844 0.074400
-0.025692 0.023065 0.074500
-0.025761 0.023317 0.074700
-0.025796 0.023539 0.074800
-0.025830 0.023762 0.074900
-0.025865 0.023984 0.075000
-0.025899 0.024208 0.075100
-0.025934 0.024432 0.075200
-0.025968 0.024656 0.075300
-0.026003 0.024881 0.075400
-0.026072 0.025140 0.075600
-0.026106 0.025366 0.075700
-0.026175 0.025627 0.075900
-0.026209 0.025854 0.076000
-0.026278 0.026116 0.076200
-0.026347 0.026380 0.076400
-0.026416 0.026644 0.076600
-0.026520 0.026944 0.076900
-0.026589 0.027211 0.077100
-0.026658 0.027479 0.077300
-0.026727 0.027747 0.077500
-0.026796 0.028017 0.077700
-0.026830 0.028251 0.077800
-0.026899 0.028523 0.078000
-0.026934 0.028759 0.078100
-0.026934 0.028958 0.078100
-0.026968 0.029194 0.078200
-0.026968 0.029393 0.078200
-0.027793 0.001723 0.080000
-0.027828 0.001929 0.080100
-0.027863 0.002136 0.080200
-0.027828 0.002337 0.080100
-0.027793 0.002539 0.080000
-0.027793 0.002742 0.080000
-0.027759 0.002943 0.079900
-0.027724 0.003142 0.079800
-0.027689 0.003342 0.079700
-0.027689 0.003545 0.079700
-0.027620 0.003739 0.079500
-0.027585 0.003936 0.079400
-0.027515 0.004128 0.079200
-0.027376 0.004308 0.078800
-0.027272 0.004492 0.078500
-0.027133 0.004668 0.078100
-0.027029 0.004849 0.077800
-0.026960 0.005034 0.077600
-0.026890 0.005218 0.077400
-0.026786 0.005395 0.077100
-0.026716 0.005577 0.076900
-0.026647 0.005758 0.076700
-0.026577 0.005938 0.076500
-0.026508 0.006117 0.076300
-0.026473 0.006303 0.076200
-0.026404 0.006480 0.076000
-0.026334 0.006656 0.075800
-0.026265 0.006831 0.075600
-0.026230 0.007015 0.075500
-0.026160 0.007188 0.075300
-0.026091 0.007361 0.075100
-0.026022 0.007532 0.074900
-0.025952 0.007702 0.074700
-0.025883 0.007872 0.074500
-0.025778 0.008029 0.074200
-0.025709 0.008196 0.074000
-0.025639 0.008362 0.073800
-0.025605 0.008539 0.073700
-0.025570 0.008715 0.073600
-0.025535 0.008890 0.073500
-0.025535 0.009077 0.073500
-0.025535 0.009265 0.073500
-0.025535 0.009452 0.073500
-0.025535 0.009640 0.073500
-0.025535 0.009827 0.073500
-0.025535 0.010014 0.073500
-0.025535 0.010202 0.073500
-0.025535 0.010389 0.073500
-0.025535 0.010576 0.073500
-0.025535 0.010764 0.073500
-0.025535 0.010951 0.073500
-0.025500 0.011123 0.073400
-0.025466 0.011295 0.073300
-0.025431 0.011466 0.073200
-0.025396 0.011637 0.073100
-0.025361 0.011807 0.073000
-0.025361 0.011993 0.073000
-0.025327 0.012163 0.072900
-0.025327 0.012348 0.072900
-0.025292 0.012517 0.072800
-0.025292 0.012703 0.072800
-0.025292 0.012888 0.072800
-0.025257 0.013056 0.072700
-0.025257 0.013241 0.072700
-0.025257 0.013427 0.072700
-0.025257 0.013612 0.072700
-0.025257 0.013797 0.072700
-0.025257 0.013983 0.072700
-0.025257 0.014168 0.072700
-0.025257 0.014353 0.072700
-0.025257 0.014539 0.072700
-0.025292 0.014744 0.072800
-0.025292 0.014930 0.072800
-0.025292 0.015115 0.072800
-0.025327 0.015322 0.072900
-0.025327 0.015508 0.072900
-0.025327 0.015694 0.072900
-0.025361 0.015901 0.073000
-0.025361 0.016087 0.073000
-0.025361 0.016273 0.073000
-0.025361 0.016459 0.073000
-0.025396 0.016668 0.073100
-0.025396 0.016855 0.073100
-0.025396 0.017041 0.073100
-0.025396 0.017227 0.073100
-0.025396 0.017414 0.073100
-0.025396 0.017600 0.073100
-0.025396 0.017786 0.073100
-0.025431 0.017997 0.073200
-0.025431 0.018184 0.073200
-0.025431 0.018371 0.073200
-0.025431 0.018557 0.073200
-0.025431 0.018744 0.073200
-0.025431 0.018930 0.073200
-0.025431 0.019117 0.073200
-0.025431 0.019304 0.073200
-0.025431 0.019490 0.073200
-0.025431 0.019677 0.073200
-0.025431 0.019863 0.073200
-0.025466 0.020077 0.073300
-0.025466 0.020264 0.073300
-0.025466 0.020451 0.073300
-0.025500 0.020666 0.073400
-0.025500 0.020853 0.073400
-0.025535 0.021069 0.073500
-0.025570 0.021285 0.073600
-0.025605 0.021502 0.073700
-0.025605 0.021690 0.073700
-0.025639 0.021908 0.073800
-0.025709 0.022156 0.074000
-0.025744 0.022374 0.074100
-0.025778 0.022594 0.074200
-0.025848 0.022844 0.074400
-0.025883 0.023065 0.074500
-0.025952 0.023317 0.074700
-0.025987 0.023539 0.074800
-0.026022 0.023762 0.074900
-0.026056 0.023984 0.075000
-0.026126 0.024240 0.075200
-0.026160 0.024464 0.075300
-0.026195 0.024689 0.075400
-0.026230 0.024914 0.075500
-0.026265 0.025140 0.075600
-0.026299 0.025366 0.075700
-0.026369 0.025627 0.075900
-0.026404 0.025854 0.076000
-0.026473 0.026116 0.076200
-0.026508 0.026345 0.076300
-0.026612 0.026644 0.076600
-0.026682 0.026909 0.076800
-0.026751 0.027176 0.077000
-0.026821 0.027443 0.077200
-0.026890 0.027712 0.077400
-0.026960 0.027981 0.077600
-0.027029 0.028251 0.077800
-0.027064 0.028486 0.077900
-0.027099 0.028722 0.078000
-0.027099 0.028921 0.078000
-0.027133 0.029157 0.078100
-0.027168 0.029393 0.078200
-0.028068 0.001932 0.080200
-0.028138 0.002141 0.080400
-0.028138 0.002551 0.080400
-0.028033 0.002746 0.080100
-0.028033 0.002950 0.080100
-0.027998 0.003150 0.080000
-0.027963 0.003350 0.079900
-0.027928 0.003549 0.079800
-0.027893 0.003748 0.079700
-0.027823 0.003941 0.079500
-0.027788 0.004139 0.079400
-0.027648 0.004319 0.079000
-0.027473 0.004492 0.078500
-0.027333 0.004668 0.078100
-0.027263 0.004855 0.077900
-0.027158 0.005034 0.077600
-0.027088 0.005218 0.077400
-0.026983 0.005395 0.077100
-0.026948 0.005584 0.077000
-0.026878 0.005765 0.076800
-0.026808 0.005945 0.076600
-0.026773 0.006133 0.076500
-0.026703 0.006311 0.076300
-0.026633 0.006489 0.076100
-0.026598 0.006674 0.076000
-0.026528 0.006850 0.075800
-0.026458 0.007024 0.075600
-0.026388 0.007198 0.075400
-0.026318 0.007370 0.075200
-0.026248 0.007542 0.075000
-0.026178 0.007713 0.074800
-0.026073 0.007872 0.074500
-0.026003 0.008040 0.074300
-0.025898 0.008196 0.074000
-0.025828 0.008362 0.073800
-0.025793 0.008539 0.073700
-0.025758 0.008715 0.073600
-0.025758 0.008902 0.073600
-0.025758 0.009090 0.073600
-0.025758 0.009277 0.073600
-0.025723 0.009452 0.073500
-0.025723 0.009640 0.073500
-0.025758 0.009840 0.073600
-0.025758 0.010028 0.073600
-0.025758 0.010216 0.073600
-0.025758 0.010403 0.073600
-0.025758 0.010591 0.073600
-0.025723 0.010764 0.073500
-0.025723 0.010951 0.073500
-0.025688 0.011123 0.073400
-0.025688 0.011310 0.073400
-0.025653 0.011482 0.073300
-0.025618 0.011653 0.073200
-0.025583 0.011823 0.073100
-0.025548 0.011993 0.073000
-0.025548 0.012179 0.073000
-0.025513 0.012348 0.072900
-0.025513 0.012534 0.072900
-0.025513 0.012720 0.072900
-0.025478 0.012888 0.072800
-0.025478 0.013074 0.072800
-0.025478 0.013259 0.072800
-0.025478 0.013445 0.072800
-0.025478 0.013631 0.072800
-0.025478 0.013816 0.072800
-0.025478 0.014002 0.072800
-0.025478 0.014187 0.072800
-0.025478 0.014373 0.072800
-0.025478 0.014559 0.072800
-0.025478 0.014744 0.072800
-0.025513 0.014950 0.072900
-0.025513 0.015136 0.072900
-0.025513 0.015322 0.072900
-0.025548 0.015529 0.073000
-0.025548 0.015715 0.073000
-0.025548 0.015901 0.073000
-0.025548 0.016087 0.073000
-0.025583 0.016296 0.073100
-0.025583 0.016482 0.073100
-0.025583 0.016668 0.073100
-0.025583 0.016855 0.073100
-0.025583 0.017041 0.073100
-0.025583 0.017227 0.073100
-0.025583 0.017414 0.073100
-0.025583 0.017600 0.073100
-0.025618 0.017811 0.073200
-0.025618 0.017997 0.073200
-0.025618 0.018184 0.073200
-0.025618 0.018371 0.073200
-0.025618 0.018557 0.073200
-0.025618 0.018744 0.073200
-0.025618 0.018930 0.073200
-0.025618 0.019117 0.073200
-0.025618 0.019304 0.073200
-0.025618 0.019490 0.073200
-0.025653 0.019704 0.073300
-0.025653 0.019891 0.073300
-0.025653 0.020077 0.073300
-0.025653 0.020264 0.073300
-0.025688 0.020479 0.073400
-0.025688 0.020666 0.073400
-0.025688 0.020853 0.073400
-0.025723 0.021069 0.073500
-0.025758 0.021285 0.073600
-0.025793 0.021502 0.073700
-0.025793 0.021690 0.073700
-0.025828 0.021908 0.073800
-0.025898 0.022156 0.074000
-0.025933 0.022374 0.074100
-0.025968 0.022594 0.074200
-0.026038 0.022844 0.074400
-0.026108 0.023096 0.074600
-0.026143 0.023317 0.074700
-0.026178 0.023539 0.074800
-0.026248 0.023793 0.075000
-0.026283 0.024016 0.075100
-0.026318 0.024240 0.075200
-0.026388 0.024497 0.075400
-0.026423 0.024722 0.075500
-0.026458 0.024947 0.075600
-0.026493 0.025173 0.075700
-0.026528 0.025400 0.075800
-0.026563 0.025627 0.075900
-0.026598 0.025854 0.076000
-0.026668 0.026116 0.076200
-0.026703 0.026345 0.076300
-0.026808 0.026644 0.076600
-0.026878 0.026909 0.076800
-0.026948 0.027176 0.077000
-0.027018 0.027443 0.077200
-0.027053 0.027676 0.077300
-0.027158 0.027981 0.077600
-0.027193 0.028215 0.077700
-0.027263 0.028486 0.077900
-0.027263 0.028685 0.077900
-0.027298 0.028921 0.078000
-0.027333 0.029157 0.078100
-0.027368 0.029393 0.078200
-0.028343 0.001936 0.080400
-0.028343 0.002141 0.080400
-0.028414 0.002352 0.080600
-0.028343 0.002551 0.080400
-0.028308 0.002753 0.080300
-0.028308 0.002957 0.080300
-0.028273 0.003158 0.080200
-0.028237 0.003358 0.080100
-0.028237 0.003563 0.080100
-0.028167 0.003757 0.079900
-0.028132 0.003956 0.079800
-0.028061 0.004149 0.079600
-0.028061 0.004352 0.079600
-0.027779 0.004509 0.078800
-0.027603 0.004680 0.078300
-0.027462 0.004855 0.077900
-0.027356 0.005034 0.077600
-0.027286 0.005218 0.077400
-0.027215 0.005402 0.077200
-0.027180 0.005591 0.077100
-0.027109 0.005773 0.076900
-0.027039 0.005953 0.076700
-0.027004 0.006141 0.076600
-0.026968 0.006328 0.076500
-0.026898 0.006506 0.076300
-0.026827 0.006683 0.076100
-0.026792 0.006868 0.076000
-0.026722 0.007043 0.075800
-0.026722 0.007236 0.075800
-0.026651 0.007410 0.075600
-0.026475 0.007552 0.075100
-0.026369 0.007713 0.074800
-0.026299 0.007882 0.074600
-0.026228 0.008051 0.074400
-0.026158 0.008218 0.074200
-0.026052 0.008373 0.073900
-0.026017 0.008550 0.073800
-0.026017 0.008738 0.073800
-0.025981 0.008914 0.073700
-0.025981 0.009102 0.073700
-0.025981 0.009290 0.073700
-0.025981 0.009478 0.073700
-0.025981 0.009666 0.073700
-0.025981 0.009854 0.073700
-0.025981 0.010042 0.073700
-0.025981 0.010229 0.073700
-0.025981 0.010417 0.073700
-0.025946 0.010591 0.073600
-0.025946 0.010778 0.073600
-0.025946 0.010966 0.073600
-0.025911 0.011139 0.073500
-0.025911 0.011326 0.073500
-0.025875 0.011498 0.073400
-0.025840 0.011669 0.073300
-0.025805 0.011839 0.073200
-0.025770 0.012010 0.073100
-0.025770 0.012196 0.073100
-0.025734 0.012365 0.073000
-0.025699 0.012534 0.072900
-0.025699 0.012720 0.072900
-0.025699 0.012906 0.072900
-0.025699 0.013092 0.072900
-0.025699 0.013278 0.072900
-0.025699 0.013463 0.072900
-0.025699 0.013649 0.072900
-0.025664 0.013816 0.072800
-0.025664 0.014002 0.072800
-0.025664 0.014187 0.072800
-0.025664 0.014373 0.072800
-0.025699 0.014579 0.072900
-0.025699 0.014764 0.072900
-0.025699 0.014950 0.072900
-0.025699 0.015136 0.072900
-0.025699 0.015322 0.072900
-0.025734 0.015529 0.073000
-0.025734 0.015715 0.073000
-0.025770 0.015923 0.073100
-0.025770 0.016109 0.073100
-0.025770 0.016296 0.073100
-0.025770 0.016482 0.073100
-0.025770 0.016668 0.073100
-0.025770 0.016855 0.073100
-0.025770 0.017041 0.073100
-0.025770 0.017227 0.073100
-0.025770 0.017414 0.073100
-0.025805 0.017624 0.073200
-0.025805 0.017811 0.073200
-0.025805 0.017997 0.073200
-0.025805 0.018184 0.073200
-0.025805 0.018371 0.073200
-0.025805 0.018557 0.073200
-0.025805 0.018744 0.073200
-0.025805 0.018930 0.073200
-0.025805 0.019117 0.073200
-0.025840 0.019330 0.073300
-0.025840 0.019517 0.073300
-0.025840 0.019704 0.073300
-0.025840 0.019891 0.073300
-0.025875 0.020105 0.073400
-0.025875 0.020292 0.073400
-0.025875 0.020479 0.073400
-0.025911 0.020694 0.073500
-0.025911 0.020882 0.073500
-0.025911 0.021069 0.073500
-0.025946 0.021285 0.073600
-0.025981 0.021502 0.073700
-0.026017 0.021719 0.073800
-0.026052 0.021937 0.073900
-0.026087 0.022156 0.074000
-0.026122 0.022374 0.074100
-0.026158 0.022594 0.074200
-0.026228 0.022844 0.074400
-0.026299 0.023096 0.074600
-0.026369 0.023348 0.074800
-0.026404 0.023571 0.074900
-0.026440 0.023793 0.075000
-0.026510 0.024048 0.075200
-0.026545 0.024272 0.075300
-0.026616 0.024529 0.075500
-0.026651 0.024754 0.075600
-0.026686 0.024980 0.075700
-0.026722 0.025206 0.075800
-0.026757 0.025433 0.075900
-0.026792 0.025660 0.076000
-0.026827 0.025888 0.076100
-0.026863 0.026116 0.076200
-0.026933 0.026380 0.076400
-0.027004 0.026644 0.076600
-0.027074 0.026909 0.076800
-0.027145 0.027176 0.077000
-0.027180 0.027408 0.077100
-0.027250 0.027676 0.077300
-0.027321 0.027945 0.077500
-0.027356 0.028179 0.077600
-0.027427 0.028450 0.077800
-0.027462 0.028685 0.077900
-0.027497 0.028921 0.078000
-0.027532 0.029157 0.078100
-0.027532 0.029356 0.078100
-0.028620 0.002147 0.080600
-0.028620 0.002352 0.080600
-0.028620 0.002558 0.080600
-0.028549 0.002961 0.080400
-0.028549 0.003166 0.080400
-0.028513 0.003367 0.080300
-0.028513 0.003572 0.080300
-0.028478 0.003772 0.080200
-0.028442 0.003971 0.080100
-0.028442 0.004175 0.080100
-0.027838 0.004686 0.078400
-0.027696 0.004861 0.078000
-0.027554 0.005034 0.077600
-0.027519 0.005225 0.077500
-0.027448 0.005409 0.077300
-0.027377 0.005591 0.077100
-0.027341 0.005780 0.077000
-0.027306 0.005969 0.076900
-0.027235 0.006149 0.076700
-0.027199 0.006336 0.076600
-0.027128 0.006514 0.076400
-0.027093 0.006700 0.076300
-0.027022 0.006877 0.076100
-0.026986 0.007061 0.076000
-0.026915 0.007236 0.075800
-0.026844 0.007410 0.075600
-0.026738 0.007572 0.075300
-0.026631 0.007733 0.075000
-0.026560 0.007903 0.074800
-0.026489 0.008072 0.074600
-0.026418 0.008240 0.074400
-0.026312 0.008396 0.074100
-0.026276 0.008573 0.074000
-0.026276 0.008762 0.074000
-0.026241 0.008938 0.073900
-0.026241 0.009127 0.073900
-0.026205 0.009303 0.073800
-0.026205 0.009491 0.073800
-0.026205 0.009679 0.073800
-0.026205 0.009867 0.073800
-0.026205 0.010055 0.073800
-0.026205 0.010243 0.073800
-0.026170 0.010417 0.073700
-0.026170 0.010605 0.073700
-0.026170 0.010793 0.073700
-0.026170 0.010981 0.073700
-0.026134 0.011154 0.073600
-0.026134 0.011341 0.073600
-0.026099 0.011513 0.073500
-0.026063 0.011685 0.073400
-0.026028 0.011856 0.073300
-0.026028 0.012043 0.073300
-0.025992 0.012213 0.073200
-0.025957 0.012382 0.073100
-0.025957 0.012569 0.073100
-0.025921 0.012738 0.073000
-0.025921 0.012924 0.073000
-0.025921 0.013110 0.073000
-0.025885 0.013278 0.072900
-0.025885 0.013463 0.072900
-0.025885 0.013649 0.072900
-0.025885 0.013835 0.072900
-0.025885 0.014021 0.072900
-0.025885 0.014207 0.072900
-0.025885 0.014393 0.072900
-0.025885 0.014579 0.072900
-0.025885 0.014764 0.072900
-0.025885 0.014950 0.072900
-0.025921 0.015157 0.073000
-0.025921 0.015343 0.073000
-0.025957 0.015550 0.073100
-0.025957 0.015737 0.073100
-0.025957 0.015923 0.073100
-0.025957 0.016109 0.073100
-0.025957 0.016296 0.073100
-0.025957 0.016482 0.073100
-0.025957 0.016668 0.073100
-0.025992 0.016878 0.073200
-0.025992 0.017064 0.073200
-0.025992 0.017251 0.073200
-0.025992 0.017438 0.073200
-0.025992 0.017624 0.073200
-0.025992 0.017811 0.073200
-0.025992 0.017997 0.073200
-0.025992 0.018184 0.073200
-0.025992 0.018371 0.073200
-0.025992 0.018557 0.073200
-0.025992 0.018744 0.073200
-0.025992 0.018930 0.073200
-0.026028 0.019143 0.073300
-0.026028 0.019330 0.073300
-0.026063 0.019543 0.073400
-0.026063 0.019731 0.073400
-0.026063 0.019918 0.073400
-0.026063 0.020105 0.073400
-0.026099 0.020320 0.073500
-0.026099 0.020507 0.073500
-0.026099 0.020694 0.073500
-0.026134 0.020910 0.073600
-0.026134 0.021098 0.073600
-0.026170 0.021314 0.073700
-0.026170 0.021502 0.073700
-0.026205 0.021719 0.073800
-0.026241 0.021937 0.073900
-0.026276 0.022156 0.074000
-0.026312 0.022374 0.074100
-0.026347 0.022594 0.074200
-0.026418 0.022844 0.074400
-0.026489 0.023096 0.074600
-0.026560 0.023348 0.074800
-0.026596 0.023571 0.074900
-0.026667 0.023825 0.075100
-0.026702 0.024048 0.075200
-0.026773 0.024305 0.075400
-0.026844 0.024562 0.075600
-0.026880 0.024787 0.075700
-0.026915 0.025013 0.075800
-0.026951 0.025240 0.075900
-0.026986 0.025467 0.076000
-0.027022 0.025694 0.076100
-0.027057 0.025922 0.076200
-0.027093 0.026151 0.076300
-0.027164 0.026414 0.076500
-0.027199 0.026644 0.076600
-0.027270 0.026909 0.076800
-0.027306 0.027141 0.076900
-0.027377 0.027408 0.077100
-0.027412 0.027640 0.077200
-0.027483 0.027909 0.077400
-0.027554 0.028179 0.077600
-0.027590 0.028413 0.077700
-0.027625 0.028648 0.077800
-0.027696 0.028921 0.078000
-0.027696 0.029119 0.078000
-0.027732 0.029356 0.078100
-0.028790 0.003375 0.080500
-0.028790 0.003580 0.080500
-0.028754 0.003781 0.080400
-0.028683 0.003976 0.080200
-0.028683 0.004180 0.080200
-0.027896 0.004861 0.078000
-0.027753 0.005034 0.077600
-0.027717 0.005225 0.077500
-0.027645 0.005409 0.077300
-0.027610 0.005598 0.077200
-0.027574 0.005788 0.077100
-0.027538 0.005977 0.077000
-0.027502 0.006165 0.076900
-0.027431 0.006344 0.076700
-0.027395 0.006531 0.076600
-0.027324 0.006709 0.076400
-0.027288 0.006895 0.076300
-0.027216 0.007071 0.076100
-0.027145 0.007246 0.075900
-0.027109 0.007429 0.075800
-0.027002 0.007592 0.075500
-0.026930 0.007764 0.075300
-0.026823 0.007924 0.075000
-0.026751 0.008094 0.074800
-0.026680 0.008262 0.074600
-0.026608 0.008430 0.074400
-0.026572 0.008608 0.074300
-0.026537 0.008786 0.074200
-0.026501 0.008963 0.074100
-0.026465 0.009139 0.074000
-0.026465 0.009328 0.074000
-0.026465 0.009517 0.074000
-0.026429 0.009692 0.073900
-0.026429 0.009880 0.073900
-0.026429 0.010069 0.073900
-0.026429 0.010257 0.073900
-0.026429 0.010446 0.073900
-0.026394 0.010620 0.073800
-0.026394 0.010808 0.073800
-0.026394 0.010996 0.073800
-0.026358 0.011169 0.073700
-0.026358 0.011357 0.073700
-0.026322 0.011529 0.073600
-0.026286 0.011701 0.073500
-0.026286 0.011888 0.073500
-0.026251 0.012059 0.073400
-0.026215 0.012229 0.073300
-0.026179 0.012399 0.073200
-0.026179 0.012586 0.073200
-0.026179 0.012772 0.073200
-0.026143 0.012941 0.073100
-0.026143 0.013128 0.073100
-0.026143 0.013314 0.073100
-0.026143 0.013500 0.073100
-0.026108 0.013668 0.073000
-0.026108 0.013854 0.073000
-0.026108 0.014040 0.073000
-0.026108 0.014226 0.073000
-0.026108 0.014412 0.073000
-0.026108 0.014599 0.073000
-0.026108 0.014785 0.073000
-0.026108 0.014971 0.073000
-0.026108 0.015157 0.073000
-0.026143 0.015364 0.073100
-0.026143 0.015550 0.073100
-0.026143 0.015737 0.073100
-0.026179 0.015945 0.073200
-0.026179 0.016131 0.073200
-0.026179 0.016318 0.073200
-0.026179 0.016505 0.073200
-0.026179 0.016691 0.073200
-0.026179 0.016878 0.073200
-0.026179 0.017064 0.073200
-0.026179 0.017251 0.073200
-0.026179 0.017438 0.073200
-0.026179 0.017624 0.073200
-0.026179 0.017811 0.073200
-0.026179 0.017997 0.073200
-0.026179 0.018184 0.073200
-0.026179 0.018371 0.073200
-0.026179 0.018557 0.073200
-0.026215 0.018769 0.073300
-0.026215 0.018956 0.073300
-0.026215 0.019143 0.073300
-0.026251 0.019356 0.073400
-0.026251 0.019543 0.073400
-0.026251 0.019731 0.073400
-0.026286 0.019945 0.073500
-0.026286 0.020132 0.073500
-0.026286 0.020320 0.073500
-0.026322 0.020535 0.073600
-0.026322 0.020722 0.073600
-0.026322 0.020910 0.073600
-0.026358 0.021126 0.073700
-0.026358 0.021314 0.073700
-0.026394 0.021531 0.073800
-0.026429 0.021749 0.073900
-0.026429 0.021937 0.073900
-0.026465 0.022156 0.074000
-0.026501 0.022374 0.074100
-0.026572 0.022624 0.074300
-0.026644 0.022875 0.074500
-0.026716 0.023127 0.074700
-0.026751 0.023348 0.074800
-0.026823 0.023602 0.075000
-0.026894 0.023857 0.075200
-0.026930 0.024080 0.075300
-0.027002 0.024337 0.075500
-0.027073 0.024594 0.075700
-0.027109 0.024820 0.075800
-0.027145 0.025046 0.075900
-0.027180 0.025273 0.076000
-0.027216 0.025500 0.076100
-0.027252 0.025728 0.076200
-0.027288 0.025956 0.076300
-0.027324 0.026185 0.076400
-0.027359 0.026414 0.076500
-0.027395 0.026644 0.076600
-0.027467 0.026909 0.076800
-0.027502 0.027141 0.076900
-0.027574 0.027408 0.077100
-0.027610 0.027640 0.077200
-0.027681 0.027909 0.077400
-0.027753 0.028179 0.077600
-0.027788 0.028413 0.077700
-0.027824 0.028648 0.077800
-0.027896 0.028921 0.078000
-0.027896 0.029119 0.078000
-0.029104 0.002358 0.080800
-0.029104 0.002770 0.080800
-0.029104 0.002976 0.080800
-0.029104 0.003182 0.080800
-0.029032 0.003379 0.080600
-0.029032 0.003585 0.080600
-0.028996 0.003786 0.080500
-0.028996 0.003991 0.080500
-0.028959 0.004191 0.080400
-0.028959 0.004396 0.080400
-0.028635 0.004549 0.079500
-0.028635 0.004752 0.079500
-0.028167 0.004874 0.078200
-0.028023 0.005047 0.077800
-0.027951 0.005232 0.077600
-0.027879 0.005416 0.077400
-0.027843 0.005606 0.077300
-0.027807 0.005795 0.077200
-0.027771 0.005984 0.077100
-0.027735 0.006173 0.077000
-0.027699 0.006361 0.076900
-0.027627 0.006540 0.076700
-0.027591 0.006727 0.076600
-0.027519 0.006904 0.076400
-0.027447 0.007080 0.076200
-0.027411 0.007265 0.076100
-0.027375 0.007449 0.076000
-0.027303 0.007622 0.075800
-0.027195 0.007785 0.075500
-0.027123 0.007956 0.075300
-0.027050 0.008126 0.075100
-0.026978 0.008296 0.074900
-0.026906 0.008464 0.074700
-0.026834 0.008631 0.074500
-0.026798 0.008809 0.074400
-0.026762 0.008987 0.074300
-0.026726 0.009164 0.074200
-0.026726 0.009353 0.074200
-0.026690 0.009529 0.074100
-0.026690 0.009718 0.074100
-0.026690 0.009907 0.074100
-0.026690 0.010096 0.074100
-0.026654 0.010271 0.074000
-0.026654 0.010460 0.074000
-0.026654 0.010648 0.074000
-0.026618 0.010822 0.073900
-0.026618 0.011011 0.073900
-0.026582 0.011184 0.073800
-0.026582 0.011372 0.073800
-0.026546 0.011545 0.073700
-0.026510 0.011717 0.073600
-0.026510 0.011904 0.073600
-0.026474 0.012075 0.073500
-0.026438 0.012246 0.073400
-0.026402 0.012416 0.073300
-0.026402 0.012603 0.073300
-0.026402 0.012790 0.073300
-0.026366 0.012959 0.073200
-0.026366 0.013146 0.073200
-0.026366 0.013332 0.073200
-0.026330 0.013500 0.073100
-0.026330 0.013687 0.073100
-0.026330 0.013873 0.073100
-0.026330 0.014059 0.073100
-0.026330 0.014246 0.073100
-0.026330 0.014432 0.073100
-0.026330 0.014619 0.073100
-0.026330 0.014805 0.073100
-0.026330 0.014991 0.073100
-0.026330 0.015178 0.073100
-0.026330 0.015364 0.073100
-0.026366 0.015572 0.073200
-0.026366 0.015758 0.073200
-0.026366 0.015945 0.073200
-0.026366 0.016131 0.073200
-0.026366 0.016318 0.073200
-0.026366 0.016505 0.073200
-0.026366 0.016691 0.073200
-0.026366 0.016878 0.073200
-0.026366 0.017064 0.073200
-0.026366 0.017251 0.073200
-0.026366 0.017438 0.073200
-0.026366 0.017624 0.073200
-0.026366 0.017811 0.073200
-0.026366 0.017997 0.073200
-0.026366 0.018184 0.073200
-0.026366 0.018371 0.073200
-0.026366 0.018557 0.073200
-0.026366 0.018744 0.073200
-0.026402 0.018956 0.073300
-0.026402 0.019143 0.073300
-0.026438 0.019356 0.073400
-0.026438 0.019543 0.073400
-0.026438 0.019731 0.073400
-0.026474 0.019945 0.073500
-0.026474 0.020132 0.073500
-0.026474 0.020320 0.073500
-0.026510 0.020535 0.073600
-0.026510 0.020722 0.073600
-0.026546 0.020938 0.073700
-0.026546 0.021126 0.073700
-0.026546 0.021314 0.073700
-0.026582 0.021531 0.073800
-0.026618 0.021749 0.073900
-0.026654 0.021967 0.074000
-0.026690 0.022185 0.074100
-0.026726 0.022405 0.074200
-0.026798 0.022655 0.074400
-0.026834 0.022875 0.074500
-0.026906 0.023127 0.074700
-0.026978 0.023380 0.074900
-0.027050 0.023634 0.075100
-0.027086 0.023857 0.075200
-0.027159 0.024112 0.075400
-0.027231 0.024369 0.075600
-0.027267 0.024594 0.075700
-0.027303 0.024820 0.075800
-0.027375 0.025079 0.076000
-0.027411 0.025306 0.076100
-0.027411 0.025500 0.076100
-0.027447 0.025728 0.076200
-0.027519 0.025990 0.076400
-0.027555 0.026219 0.076500
-0.027591 0.026449 0.076600
-0.027627 0.026679 0.076700
-0.027663 0.026909 0.076800
-0.027735 0.027176 0.077000
-0.027771 0.027408 0.077100
-0.027807 0.027640 0.077200
-0.027879 0.027909 0.077400
-0.027951 0.028179 0.077600
-0.027987 0.028413 0.077700
-0.028023 0.028648 0.077800
-0.028095 0.028921 0.078000
-0.029310 0.002564 0.080800
-0.029310 0.002770 0.080800
-0.029310 0.002976 0.080800
-0.029310 0.003182 0.080800
-0.029274 0.003384 0.080700
-0.029274 0.003589 0.080700
-0.029237 0.003790 0.080600
-0.029237 0.003996 0.080600
-0.029165 0.004191 0.080400
-0.029165 0.004396 0.080400
-0.028838 0.004549 0.079500
-0.028838 0.004752 0.079500
-0.028294 0.005060 0.078000
-0.028222 0.005245 0.077800
-0.028149 0.005430 0.077600
-0.028077 0.005613 0.077400
-0.028040 0.005803 0.077300
-0.028004 0.005992 0.077200
-0.027968 0.006181 0.077100
-0.027932 0.006369 0.077000
-0.027859 0.006548 0.076800
-0.027823 0.006735 0.076700
-0.027750 0.006913 0.076500
-0.027714 0.007099 0.076400
-0.027678 0.007284 0.076300
-0.027605 0.007459 0.076100
-0.027569 0.007643 0.076000
-0.027496 0.007816 0.075800
-0.027424 0.007988 0.075600
-0.027351 0.008159 0.075400
-0.027279 0.008329 0.075200
-0.027206 0.008498 0.075000
-0.027134 0.008666 0.074800
-0.027097 0.008845 0.074700
-0.027025 0.009011 0.074500
-0.027025 0.009201 0.074500
-0.026988 0.009378 0.074400
-0.026952 0.009555 0.074300
-0.026916 0.009731 0.074200
-0.026916 0.009921 0.074200
-0.026916 0.010110 0.074200
-0.026916 0.010299 0.074200
-0.026916 0.010488 0.074200
-0.026880 0.010663 0.074100
-0.026880 0.010852 0.074100
-0.026843 0.011026 0.074000
-0.026807 0.011199 0.073900
-0.026807 0.011388 0.073900
-0.026771 0.011560 0.073800
-0.026735 0.011732 0.073700
-0.026735 0.011920 0.073700
-0.026698 0.012092 0.073600
-0.026662 0.012263 0.073500
-0.026626 0.012433 0.073400
-0.026626 0.012620 0.073400
-0.026589 0.012790 0.073300
-0.026589 0.012977 0.073300
-0.026589 0.013164 0.073300
-0.026589 0.013351 0.073300
-0.026553 0.013519 0.073200
-0.026553 0.013705 0.073200
-0.026553 0.013892 0.073200
-0.026553 0.014079 0.073200
-0.026553 0.014265 0.073200
-0.026517 0.014432 0.073100
-0.026517 0.014619 0.073100
-0.026517 0.014805 0.073100
-0.026517 0.014991 0.073100
-0.026553 0.015198 0.073200
-0.026553 0.015385 0.073200
-0.026553 0.015572 0.073200
-0.026553 0.015758 0.073200
-0.026553 0.015945 0.073200
-0.026553 0.016131 0.073200
-0.026553 0.016318 0.073200
-0.026553 0.016505 0.073200
-0.026553 0.016691 0.073200
-0.026553 0.016878 0.073200
-0.026553 0.017064 0.073200
-0.026553 0.017251 0.073200
-0.026553 0.017438 0.073200
-0.026553 0.017624 0.073200
-0.026553 0.017811 0.073200
-0.026553 0.017997 0.073200
-0.026553 0.018184 0.073200
-0.026553 0.018371 0.073200
-0.026553 0.018557 0.073200
-0.026553 0.018744 0.073200
-0.026589 0.018956 0.073300
-0.026589 0.019143 0.073300
-0.026626 0.019356 0.073400
-0.026626 0.019543 0.073400
-0.026626 0.019731 0.073400
-0.026662 0.019945 0.073500
-0.026662 0.020132 0.073500
-0.026662 0.020320 0.073500
-0.026698 0.020535 0.073600
-0.026698 0.020722 0.073600
-0.026735 0.020938 0.073700
-0.026735 0.021126 0.073700
-0.026735 0.021314 0.073700
-0.026771 0.021531 0.073800
-0.026807 0.021749 0.073900
-0.026843 0.021967 0.074000
-0.026880 0.022185 0.074100
-0.026916 0.022405 0.074200
-0.026988 0.022655 0.074400
-0.027061 0.022906 0.074600
-0.027134 0.023158 0.074800
-0.027170 0.023380 0.074900
-0.027242 0.023634 0.075100
-0.027315 0.023888 0.075300
-0.027387 0.024144 0.075500
-0.027460 0.024401 0.075700
-0.027496 0.024627 0.075800
-0.027533 0.024853 0.075900
-0.027569 0.025079 0.076000
-0.027605 0.025306 0.076100
-0.027641 0.025534 0.076200
-0.027678 0.025762 0.076300
-0.027714 0.025990 0.076400
-0.027750 0.026219 0.076500
-0.027786 0.026449 0.076600
-0.027823 0.026679 0.076700
-0.027895 0.026944 0.076900
-0.027932 0.027176 0.077000
-0.027968 0.027408 0.077100
-0.028004 0.027640 0.077200
-0.028077 0.027909 0.077400
-0.028149 0.028179 0.077600
-0.028186 0.028413 0.077700
-0.028222 0.028648 0.077800
-0.028258 0.028884 0.077900
-0.029553 0.002773 0.080900
-0.029553 0.002980 0.080900
-0.029516 0.003182 0.080800
-0.029516 0.003388 0.080800
-0.029516 0.003594 0.080800
-0.029480 0.003795 0.080700
-0.029443 0.003996 0.080600
-0.029407 0.004196 0.080500
-0.029407 0.004401 0.080500
-0.029115 0.004561 0.079700
-0.029115 0.004764 0.079700
-0.028567 0.005073 0.078200
-0.028457 0.005252 0.077900
-0.028384 0.005437 0.077700
-0.028311 0.005620 0.077500
-0.028274 0.005810 0.077400
-0.028238 0.006000 0.077300
-0.028201 0.006189 0.077200
-0.028165 0.006377 0.077100
-0.028092 0.006557 0.076900
-0.028055 0.006744 0.076800
-0.027982 0.006922 0.076600
-0.027982 0.007117 0.076600
-0.027909 0.007293 0.076400
-0.027873 0.007478 0.076300
-0.027836 0.007663 0.076200
-0.027763 0.007836 0.076000
-0.027690 0.008009 0.075800
-0.027617 0.008181 0.075600
-0.027544 0.008351 0.075400
-0.027471 0.008521 0.075200
-0.027398 0.008689 0.075000
-0.027361 0.008869 0.074900
-0.027325 0.009047 0.074800
-0.027252 0.009213 0.074600
-0.027252 0.009404 0.074600
-0.027215 0.009581 0.074500
-0.027179 0.009758 0.074400
-0.027179 0.009947 0.074400
-0.027142 0.010123 0.074300
-0.027142 0.010313 0.074300
-0.027142 0.010502 0.074300
-0.027105 0.010677 0.074200
-0.027105 0.010866 0.074200
-0.027069 0.011041 0.074100
-0.027032 0.011214 0.074000
-0.026996 0.011388 0.073900
-0.026996 0.011576 0.073900
-0.026959 0.011748 0.073800
-0.026923 0.011920 0.073700
-0.026886 0.012092 0.073600
-0.026886 0.012279 0.073600
-0.026850 0.012450 0.073500
-0.026813 0.012620 0.073400
-0.026813 0.012807 0.073400
-0.026813 0.012994 0.073400
-0.026777 0.013164 0.073300
-0.026777 0.013351 0.073300
-0.026777 0.013537 0.073300
-0.026777 0.013724 0.073300
-0.026740 0.013892 0.073200
-0.026740 0.014079 0.073200
-0.026740 0.014265 0.073200
-0.026740 0.014452 0.073200
-0.026740 0.014639 0.073200
-0.026740 0.014825 0.073200
-0.026740 0.015012 0.073200
-0.026740 0.015198 0.073200
-0.026740 0.015385 0.073200
-0.026740 0.015572 0.073200
-0.026740 0.015758 0.073200
-0.026740 0.015945 0.073200
-0.026740 0.016131 0.073200
-0.026740 0.016318 0.073200
-0.026740 0.016505 0.073200
-0.026740 0.016691 0.073200
-0.026740 0.016878 0.073200
-0.026740 0.017064 0.073200
-0.026740 0.017251 0.073200
-0.026740 0.017438 0.073200
-0.026740 0.017624 0.073200
-0.026740 0.017811 0.073200
-0.026740 0.017997 0.073200
-0.026740 0.018184 0.073200
-0.026740 0.018371 0.073200
-0.026740 0.018557 0.073200
-0.026740 0.018744 0.073200
-0.026777 0.018956 0.073300
-0.026777 0.019143 0.073300
-0.026777 0.019330 0.073300
-0.026813 0.019543 0.073400
-0.026813 0.019731 0.073400
-0.026850 0.019945 0.073500
-0.026850 0.020132 0.073500
-0.026850 0.020320 0.073500
-0.026886 0.020535 0.073600
-0.026886 0.020722 0.073600
-0.026886 0.020910 0.073600
-0.026923 0.021126 0.073700
-0.026959 0.021343 0.073800
-0.026959 0.021531 0.073800
-0.027032 0.021778 0.074000
-0.027032 0.021967 0.074000
-0.027069 0.022185 0.074100
-0.027142 0.022435 0.074300
-0.027179 0.022655 0.074400
-0.027252 0.022906 0.074600
-0.027288 0.023127 0.074700
-0.027361 0.023380 0.074900
-0.027434 0.023634 0.075100
-0.027507 0.023888 0.075300
-0.027580 0.024144 0.075500
-0.027653 0.024401 0.075700
-0.027690 0.024627 0.075800
-0.027763 0.024885 0.076000
-0.027800 0.025112 0.076100
-0.027836 0.025339 0.076200
-0.027873 0.025567 0.076300
-0.027909 0.025795 0.076400
-0.027946 0.026024 0.076500
-0.027982 0.026254 0.076600
-0.028019 0.026483 0.076700
-0.028019 0.026679 0.076700
-0.028092 0.026944 0.076900
-0.028128 0.027176 0.077000
-0.028165 0.027408 0.077100
-0.028201 0.027640 0.077200
-0.028274 0.027909 0.077400
-0.028348 0.028179 0.077600
-0.028421 0.028450 0.077800
-0.028421 0.028648 0.077800
-0.028457 0.028884 0.077900
-0.028494 0.029119 0.078000
-0.029760 0.002980 0.080900
-0.029760 0.003186 0.080900
-0.029723 0.003388 0.080800
-0.029723 0.003594 0.080800
-0.029686 0.003795 0.080700
-0.029649 0.003996 0.080600
-0.029613 0.004196 0.080500
-0.029576 0.004396 0.080400
-0.029429 0.004578 0.080000
-0.029429 0.004782 0.080000
-0.028730 0.005266 0.078100
-0.028656 0.005451 0.077900
-0.028546 0.005627 0.077600
-0.028509 0.005818 0.077500
-0.028472 0.006008 0.077400
-0.028435 0.006197 0.077300
-0.028362 0.006377 0.077100
-0.028325 0.006565 0.077000
-0.028288 0.006753 0.076900
-0.028252 0.006940 0.076800
-0.028215 0.007126 0.076700
-0.028178 0.007312 0.076600
-0.028141 0.007498 0.076500
-0.028068 0.007673 0.076300
-0.028031 0.007857 0.076200
-0.027957 0.008030 0.076000
-0.027884 0.008202 0.075800
-0.027810 0.008373 0.075600
-0.027737 0.008543 0.075400
-0.027700 0.008724 0.075300
-0.027626 0.008892 0.075100
-0.027553 0.009059 0.074900
-0.027516 0.009238 0.074800
-0.027479 0.009416 0.074700
-0.027442 0.009594 0.074600
-0.027405 0.009771 0.074500
-0.027405 0.009961 0.074500
-0.027369 0.010137 0.074400
-0.027369 0.010327 0.074400
-0.027369 0.010516 0.074400
-0.027369 0.010706 0.074400
-0.027332 0.010881 0.074300
-0.027295 0.011055 0.074200
-0.027258 0.011229 0.074100
-0.027222 0.011403 0.074000
-0.027222 0.011592 0.074000
-0.027148 0.011748 0.073800
-0.027148 0.011937 0.073800
-0.027111 0.012108 0.073700
-0.027074 0.012279 0.073600
-0.027038 0.012450 0.073500
-0.027038 0.012637 0.073500
-0.027001 0.012807 0.073400
-0.027001 0.012994 0.073400
-0.027001 0.013182 0.073400
-0.026964 0.013351 0.073300
-0.026964 0.013537 0.073300
-0.026964 0.013724 0.073300
-0.026964 0.013911 0.073300
-0.026964 0.014098 0.073300
-0.026927 0.014265 0.073200
-0.026927 0.014452 0.073200
-0.026927 0.014639 0.073200
-0.026927 0.014825 0.073200
-0.026927 0.015012 0.073200
-0.026927 0.015198 0.073200
-0.026927 0.015385 0.073200
-0.026927 0.015572 0.073200
-0.026927 0.015758 0.073200
-0.026927 0.015945 0.073200
-0.026927 0.016131 0.073200
-0.026927 0.016318 0.073200
-0.026927 0.016505 0.073200
-0.026927 0.016691 0.073200
-0.026927 0.016878 0.073200
-0.026927 0.017064 0.073200
-0.026927 0.017251 0.073200
-0.026890 0.017414 0.073100
-0.026890 0.017600 0.073100
-0.026927 0.017811 0.073200
-0.026927 0.017997 0.073200
-0.026927 0.018184 0.073200
-0.026927 0.018371 0.073200
-0.026927 0.018557 0.073200
-0.026927 0.018744 0.073200
-0.026927 0.018930 0.073200
-0.026964 0.019143 0.073300
-0.026964 0.019330 0.073300
-0.027001 0.019543 0.073400
-0.027001 0.019731 0.073400
-0.027001 0.019918 0.073400
-0.027001 0.020105 0.073400
-0.027038 0.020320 0.073500
-0.027038 0.020507 0.073500
-0.027074 0.020722 0.073600
-0.027074 0.020910 0.073600
-0.027111 0.021126 0.073700
-0.027111 0.021314 0.073700
-0.027148 0.021531 0.073800
-0.027185 0.021749 0.073900
-0.027222 0.021967 0.074000
-0.027258 0.022185 0.074100
-0.027295 0.022405 0.074200
-0.027369 0.022655 0.074400
-0.027405 0.022875 0.074500
-0.027479 0.023127 0.074700
-0.027553 0.023380 0.074900
-0.027626 0.023634 0.075100
-0.027700 0.023888 0.075300
-0.027773 0.024144 0.075500
-0.027847 0.024401 0.075700
-0.027884 0.024627 0.075800
-0.027957 0.024885 0.076000
-0.027994 0.025112 0.076100
-0.028031 0.025339 0.076200
-0.028068 0.025567 0.076300
-0.028104 0.025795 0.076400
-0.028141 0.026024 0.076500
-0.028178 0.026254 0.076600
-0.028215 0.026483 0.076700
-0.028252 0.026714 0.076800
-0.028288 0.026944 0.076900
-0.028325 0.027176 0.077000
-0.028362 0.027408 0.077100
-0.028399 0.027640 0.077200
-0.028472 0.027909 0.077400
-0.028619 0.028450 0.077800
-0.028619 0.028648 0.077800
-0.028656 0.028884 0.077900
-0.028693 0.029119 0.078000
-0.029966 0.003186 0.080900
-0.029966 0.003392 0.080900
-0.029929 0.003594 0.080800
-0.029929 0.003800 0.080800
-0.029892 0.004001 0.080700
-0.029818 0.004196 0.080500
-0.029781 0.004396 0.080400
-0.029633 0.004578 0.080000
-0.029559 0.004770 0.079800
-0.029559 0.004973 0.079800
-0.029003 0.005279 0.078300
-0.028892 0.005458 0.078000
-0.028818 0.005642 0.077800
-0.028744 0.005825 0.077600
-0.028707 0.006015 0.077500
-0.028633 0.006197 0.077300
-0.028633 0.006394 0.077300
-0.028559 0.006574 0.077100
-0.028522 0.006762 0.077000
-0.028485 0.006949 0.076900
-0.028448 0.007136 0.076800
-0.028411 0.007322 0.076700
-0.028374 0.007508 0.076600
-0.028337 0.007693 0.076500
-0.028263 0.007867 0.076300
-0.028188 0.008041 0.076100
-0.028151 0.008224 0.076000
-0.028077 0.008395 0.075800
-0.028003 0.008566 0.075600
-0.027929 0.008736 0.075400
-0.027855 0.008904 0.075200
-0.027818 0.009084 0.075100
-0.027781 0.009263 0.075000
-0.027707 0.009429 0.074800
-0.027707 0.009619 0.074800
-0.027670 0.009797 0.074700
-0.027633 0.009974 0.074600
-0.027633 0.010164 0.074600
-0.027633 0.010354 0.074600
-0.027596 0.010530 0.074500
-0.027559 0.010706 0.074400
-0.027559 0.010896 0.074400
-0.027522 0.011070 0.074300
-0.027485 0.011245 0.074200
-0.027448 0.011418 0.074100
-0.027411 0.011592 0.074000
-0.027374 0.011764 0.073900
-0.027337 0.011937 0.073800
-0.027299 0.012108 0.073700
-0.027299 0.012296 0.073700
-0.027262 0.012467 0.073600
-0.027225 0.012637 0.073500
-0.027225 0.012825 0.073500
-0.027188 0.012994 0.073400
-0.027188 0.013182 0.073400
-0.027188 0.013369 0.073400
-0.027188 0.013556 0.073400
-0.027151 0.013724 0.073300
-0.027151 0.013911 0.073300
-0.027151 0.014098 0.073300
-0.027151 0.014285 0.073300
-0.027151 0.014472 0.073300
-0.027151 0.014659 0.073300
-0.027114 0.014825 0.073200
-0.027114 0.015012 0.073200
-0.027114 0.015198 0.073200
-0.027114 0.015385 0.073200
-0.027114 0.015572 0.073200
-0.027114 0.015758 0.073200
-0.027114 0.015945 0.073200
-0.027114 0.016131 0.073200
-0.027077 0.016296 0.073100
-0.027077 0.016482 0.073100
-0.027077 0.016668 0.073100
-0.027077 0.016855 0.073100
-0.027077 0.017041 0.073100
-0.027077 0.017227 0.073100
-0.027077 0.017414 0.073100
-0.027077 0.017600 0.073100
-0.027114 0.017811 0.073200
-0.027114 0.017997 0.073200
-0.027114 0.018184 0.073200
-0.027114 0.018371 0.073200
-0.027114 0.018557 0.073200
-0.027114 0.018744 0.073200
-0.027114 0.018930 0.073200
-0.027151 0.019143 0.073300
-0.027151 0.019330 0.073300
-0.027188 0.019543 0.073400
-0.027188 0.019731 0.073400
-0.027188 0.019918 0.073400
-0.027188 0.020105 0.073400
-0.027225 0.020320 0.073500
-0.027225 0.020507 0.073500
-0.027225 0.020694 0.073500
-0.027262 0.020910 0.073600
-0.027299 0.021126 0.073700
-0.027299 0.021314 0.073700
-0.027337 0.021531 0.073800
-0.027374 0.021749 0.073900
-0.027411 0.021967 0.074000
-0.027448 0.022185 0.074100
-0.027485 0.022405 0.074200
-0.027522 0.022624 0.074300
-0.027596 0.022875 0.074500
-0.027670 0.023127 0.074700
-0.027744 0.023380 0.074900
-0.027818 0.023634 0.075100
-0.027855 0.023857 0.075200
-0.027929 0.024112 0.075400
-0.028040 0.024401 0.075700
-0.028114 0.024659 0.075900
-0.028151 0.024885 0.076000
-0.028188 0.025112 0.076100
-0.028263 0.025373 0.076300
-0.028300 0.025601 0.076400
-0.028337 0.025829 0.076500
-0.028374 0.026058 0.076600
-0.028411 0.026288 0.076700
-0.028411 0.026483 0.076700
-0.028485 0.026748 0.076900
-0.028485 0.026944 0.076900
-0.028522 0.027176 0.077000
-0.028559 0.027408 0.077100
-0.028633 0.027676 0.077300
-0.028744 0.027981 0.077600
-0.028744 0.028179 0.077600
-0.028781 0.028413 0.077700
-0.028818 0.028648 0.077800
-0.028855 0.028884 0.077900
-0.028892 0.029119 0.078000
-0.030173 0.003392 0.080900
-0.030173 0.003598 0.080900
-0.030136 0.003800 0.080800
-0.030099 0.004001 0.080700
-0.030061 0.004201 0.080600
-0.030024 0.004401 0.080500
-0.029912 0.004589 0.080200
-0.029763 0.004770 0.079800
-0.029614 0.004948 0.079400
-0.029614 0.005151 0.079400
-0.029315 0.005299 0.078600
-0.029129 0.005465 0.078100
-0.029054 0.005649 0.077900
-0.028980 0.005833 0.077700
-0.028942 0.006023 0.077600
-0.028905 0.006213 0.077500
-0.028868 0.006402 0.077400
-0.028793 0.006582 0.077200
-0.028756 0.006770 0.077100
-0.028719 0.006958 0.077000
-0.028681 0.007145 0.076900
-0.028681 0.007341 0.076900
-0.028607 0.007517 0.076700
-0.028569 0.007703 0.076600
-0.028532 0.007888 0.076500
-0.028457 0.008062 0.076300
-0.028383 0.008235 0.076100
-0.028308 0.008406 0.075900
-0.028234 0.008577 0.075700
-0.028196 0.008759 0.075600
-0.028122 0.008928 0.075400
-0.028047 0.009096 0.075200
-0.028010 0.009275 0.075100
-0.027973 0.009454 0.075000
-0.027935 0.009632 0.074900
-0.027898 0.009810 0.074800
-0.027861 0.009987 0.074700
-0.027861 0.010178 0.074700
-0.027861 0.010368 0.074700
-0.027823 0.010545 0.074600
-0.027823 0.010735 0.074600
-0.027786 0.010910 0.074500
-0.027749 0.011085 0.074400
-0.027712 0.011260 0.074300
-0.027674 0.011434 0.074200
-0.027637 0.011607 0.074100
-0.027600 0.011780 0.074000
-0.027562 0.011953 0.073900
-0.027525 0.012125 0.073800
-0.027488 0.012296 0.073700
-0.027450 0.012467 0.073600
-0.027413 0.012637 0.073500
-0.027413 0.012825 0.073500
-0.027413 0.013012 0.073500
-0.027413 0.013200 0.073500
-0.027376 0.013369 0.073400
-0.027376 0.013556 0.073400
-0.027376 0.013743 0.073400
-0.027376 0.013930 0.073400
-0.027339 0.014098 0.073300
-0.027339 0.014285 0.073300
-0.027339 0.014472 0.073300
-0.027339 0.014659 0.073300
-0.027339 0.014845 0.073300
-0.027339 0.015032 0.073300
-0.027301 0.015198 0.073200
-0.027301 0.015385 0.073200
-0.027301 0.015572 0.073200
-0.027301 0.015758 0.073200
-0.027301 0.015945 0.073200
-0.027301 0.016131 0.073200
-0.027264 0.016296 0.073100
-0.027264 0.016482 0.073100
-0.027264 0.016668 0.073100
-0.027264 0.016855 0.073100
-0.027264 0.017041 0.073100
-0.027264 0.017227 0.073100
-0.027264 0.017414 0.073100
-0.027264 0.017600 0.073100
-0.027301 0.017811 0.073200
-0.027301 0.017997 0.073200
-0.027301 0.018184 0.073200
-0.027301 0.018371 0.073200
-0.027301 0.018557 0.073200
-0.027301 0.018744 0.073200
-0.027301 0.018930 0.073200
-0.027339 0.019143 0.073300
-0.027339 0.019330 0.073300
-0.027339 0.019517 0.073300
-0.027376 0.019731 0.073400
-0.027376 0.019918 0.073400
-0.027376 0.020105 0.073400
-0.027376 0.020292 0.073400
-0.027413 0.020507 0.073500
-0.027413 0.020694 0.073500
-0.027413 0.020882 0.073500
-0.027450 0.021098 0.073600
-0.027488 0.021314 0.073700
-0.027488 0.021502 0.073700
-0.027525 0.021719 0.073800
-0.027562 0.021937 0.073900
-0.027600 0.022156 0.074000
-0.027674 0.022405 0.074200
-0.027712 0.022624 0.074300
-0.027786 0.022875 0.074500
-0.027823 0.023096 0.074600
-0.027898 0.023348 0.074800
-0.027973 0.023602 0.075000
-0.028047 0.023857 0.075200
-0.028122 0.024112 0.075400
-0.028234 0.024401 0.075700
-0.028308 0.024659 0.075900
-0.028346 0.024885 0.076000
-0.028420 0.025145 0.076200
-0.028457 0.025373 0.076300
-0.028495 0.025601 0.076400
-0.028569 0.025863 0.076600
-0.028607 0.026092 0.076700
-0.028607 0.026288 0.076700
-0.028644 0.026518 0.076800
-0.028681 0.026748 0.076900
-0.028719 0.026980 0.077000
-0.028756 0.027211 0.077100
-0.028793 0.027443 0.077200
-0.028830 0.027676 0.077300
-0.028905 0.027945 0.077500
-0.028942 0.028179 0.077600
-0.028980 0.028413 0.077700
-0.029017 0.028648 0.077800
-0.029054 0.028884 0.077900
-0.030342 0.003800 0.080800
-0.030342 0.004006 0.080800
-0.030305 0.004207 0.080700
-0.030267 0.004407 0.080600
-0.030155 0.004595 0.080300
-0.030004 0.004776 0.079900
-0.029817 0.004948 0.079400
-0.029817 0.005151 0.079400
-0.029516 0.005299 0.078600
-0.029441 0.005486 0.078400
-0.029291 0.005656 0.078000
-0.029216 0.005840 0.077800
-0.029178 0.006031 0.077700
-0.029141 0.006221 0.077600
-0.029066 0.006402 0.077400
-0.029028 0.006591 0.077300
-0.029028 0.006788 0.077300
-0.028990 0.006976 0.077200
-0.028915 0.007154 0.077000
-0.028915 0.007351 0.077000
-0.028878 0.007537 0.076900
-0.028803 0.007713 0.076700
-0.028765 0.007898 0.076600
-0.028690 0.008072 0.076400
-0.028615 0.008245 0.076200
-0.028577 0.008429 0.076100
-0.028502 0.008600 0.075900
-0.028427 0.008770 0.075700
-0.028352 0.008940 0.075500
-0.028277 0.009108 0.075300
-0.028239 0.009287 0.075200
-0.028202 0.009467 0.075100
-0.028164 0.009645 0.075000
-0.028127 0.009823 0.074900
-0.028089 0.010001 0.074800
-0.028089 0.010191 0.074800
-0.028089 0.010382 0.074800
-0.028052 0.010559 0.074700
-0.028014 0.010735 0.074600
-0.028014 0.010925 0.074600
-0.027977 0.011100 0.074500
-0.027939 0.011275 0.074400
-0.027901 0.011449 0.074300
-0.027864 0.011623 0.074200
-0.027789 0.011780 0.074000
-0.027751 0.011953 0.073900
-0.027714 0.012125 0.073800
-0.027676 0.012296 0.073700
-0.027676 0.012484 0.073700
-0.027639 0.012655 0.073600
-0.027601 0.012825 0.073500
-0.027601 0.013012 0.073500
-0.027601 0.013200 0.073500
-0.027601 0.013387 0.073500
-0.027563 0.013556 0.073400
-0.027563 0.013743 0.073400
-0.027563 0.013930 0.073400
-0.027563 0.014117 0.073400
-0.027563 0.014304 0.073400
-0.027563 0.014491 0.073400
-0.027526 0.014659 0.073300
-0.027526 0.014845 0.073300
-0.027526 0.015032 0.073300
-0.027526 0.015219 0.073300
-0.027526 0.015406 0.073300
-0.027488 0.015572 0.073200
-0.027488 0.015758 0.073200
-0.027488 0.015945 0.073200
-0.027488 0.016131 0.073200
-0.027488 0.016318 0.073200
-0.027488 0.016505 0.073200
-0.027488 0.016691 0.073200
-0.027488 0.016878 0.073200
-0.027488 0.017064 0.073200
-0.027488 0.017251 0.073200
-0.027488 0.017438 0.073200
-0.027488 0.017624 0.073200
-0.027488 0.017811 0.073200
-0.027488 0.017997 0.073200
-0.027488 0.018184 0.073200
-0.027488 0.018371 0.073200
-0.027488 0.018557 0.073200
-0.027488 0.018744 0.073200
-0.027526 0.018956 0.073300
-0.027526 0.019143 0.073300
-0.027526 0.019330 0.073300
-0.027526 0.019517 0.073300
-0.027563 0.019731 0.073400
-0.027563 0.019918 0.073400
-0.027563 0.020105 0.073400
-0.027563 0.020292 0.073400
-0.027563 0.020479 0.073400
-0.027601 0.020694 0.073500
-0.027601 0.020882 0.073500
-0.027639 0.021098 0.073600
-0.027639 0.021285 0.073600
-0.027676 0.021502 0.073700
-0.027714 0.021719 0.073800
-0.027751 0.021937 0.073900
-0.027789 0.022156 0.074000
-0.027864 0.022405 0.074200
-0.027901 0.022624 0.074300
-0.027977 0.022875 0.074500
-0.028014 0.023096 0.074600
-0.028089 0.023348 0.074800
-0.028164 0.023602 0.075000
-0.028239 0.023857 0.075200
-0.028314 0.024112 0.075400
-0.028427 0.024401 0.075700
-0.028502 0.024659 0.075900
-0.028577 0.024918 0.076100
-0.028615 0.025145 0.076200
-0.028652 0.025373 0.076300
-0.028728 0.025634 0.076500
-0.028765 0.025863 0.076600
-0.028803 0.026092 0.076700
-0.028840 0.026322 0.076800
-0.028878 0.026552 0.076900
-0.028878 0.026748 0.076900
-0.028915 0.026980 0.077000
-0.028953 0.027211 0.077100
-0.028990 0.027443 0.077200
-0.029066 0.027712 0.077400
-0.029103 0.027945 0.077500
-0.029141 0.028179 0.077600
-0.029178 0.028413 0.077700
-0.029253 0.028685 0.077900
-0.029253 0.028884 0.077900
-0.030511 0.004001 0.080700
-0.030473 0.004201 0.080600
-0.030473 0.004407 0.080600
-0.030398 0.004601 0.080400
-0.030246 0.004782 0.080000
-0.030057 0.004955 0.079500
-0.030057 0.005157 0.079500
-0.029641 0.005486 0.078400
-0.029528 0.005664 0.078100
-0.029452 0.005848 0.077900
-0.029415 0.006039 0.077800
-0.029377 0.006229 0.077700
-0.029339 0.006419 0.077600
-0.029263 0.006600 0.077400
-0.029225 0.006788 0.077300
-0.029225 0.006985 0.077300
-0.029188 0.007173 0.077200
-0.029150 0.007360 0.077100
-0.029112 0.007547 0.077000
-0.029074 0.007733 0.076900
-0.028999 0.007908 0.076700
-0.028923 0.008083 0.076500
-0.028847 0.008256 0.076300
-0.028772 0.008429 0.076100
-0.028696 0.008600 0.075900
-0.028621 0.008770 0.075700
-0.028583 0.008951 0.075600
-0.028507 0.009120 0.075400
-0.028432 0.009287 0.075200
-0.028394 0.009467 0.075100
-0.028356 0.009645 0.075000
-0.028356 0.009836 0.075000
-0.028318 0.010014 0.074900
-0.028280 0.010191 0.074800
-0.028280 0.010382 0.074800
-0.028280 0.010573 0.074800
-0.028242 0.010749 0.074700
-0.028205 0.010925 0.074600
-0.028205 0.011115 0.074600
-0.028167 0.011290 0.074500
-0.028091 0.011449 0.074300
-0.028053 0.011623 0.074200
-0.028016 0.011796 0.074100
-0.027978 0.011969 0.074000
-0.027940 0.012141 0.073900
-0.027902 0.012313 0.073800
-0.027864 0.012484 0.073700
-0.027827 0.012655 0.073600
-0.027827 0.012842 0.073600
-0.027789 0.013012 0.073500
-0.027789 0.013200 0.073500
-0.027789 0.013387 0.073500
-0.027789 0.013574 0.073500
-0.027789 0.013762 0.073500
-0.027789 0.013949 0.073500
-0.027789 0.014136 0.073500
-0.027751 0.014304 0.073400
-0.027751 0.014491 0.073400
-0.027751 0.014679 0.073400
-0.027713 0.014845 0.073300
-0.027713 0.015032 0.073300
-0.027713 0.015219 0.073300
-0.027713 0.015406 0.073300
-0.027713 0.015593 0.073300
-0.027675 0.015758 0.073200
-0.027675 0.015945 0.073200
-0.027675 0.016131 0.073200
-0.027675 0.016318 0.073200
-0.027675 0.016505 0.073200
-0.027675 0.016691 0.073200
-0.027675 0.016878 0.073200
-0.027675 0.017064 0.073200
-0.027675 0.017251 0.073200
-0.027675 0.017438 0.073200
-0.027675 0.017624 0.073200
-0.027675 0.017811 0.073200
-0.027675 0.017997 0.073200
-0.027675 0.018184 0.073200
-0.027675 0.018371 0.073200
-0.027713 0.018583 0.073300
-0.027713 0.018769 0.073300
-0.027713 0.018956 0.073300
-0.027713 0.019143 0.073300
-0.027713 0.019330 0.073300
-0.027713 0.019517 0.073300
-0.027751 0.019731 0.073400
-0.027751 0.019918 0.073400
-0.027751 0.020105 0.073400
-0.027751 0.020292 0.073400
-0.027751 0.020479 0.073400
-0.027789 0.020694 0.073500
-0.027789 0.020882 0.073500
-0.027827 0.021098 0.073600
-0.027827 0.021285 0.073600
-0.027864 0.021502 0.073700
-0.027902 0.021719 0.073800
-0.027940 0.021937 0.073900
-0.027978 0.022156 0.074000
-0.028053 0.022405 0.074200
-0.028091 0.022624 0.074300
-0.028167 0.022875 0.074500
-0.028205 0.023096 0.074600
-0.028318 0.023380 0.074900
-0.028356 0.023602 0.075000
-0.028432 0.023857 0.075200
-0.028507 0.024112 0.075400
-0.028621 0.024401 0.075700
-0.028696 0.024659 0.075900
-0.028772 0.024918 0.076100
-0.028810 0.025145 0.076200
-0.028885 0.025406 0.076400
-0.028923 0.025634 0.076500
-0.028999 0.025897 0.076700
-0.029036 0.026126 0.076800
-0.029074 0.026356 0.076900
-0.029112 0.026587 0.077000
-0.029112 0.026783 0.077000
-0.029150 0.027015 0.077100
-0.029188 0.027246 0.077200
-0.029263 0.027514 0.077400
-0.029263 0.027712 0.077400
-0.029339 0.027981 0.077600
-0.029377 0.028215 0.077700
-0.029377 0.028413 0.077700
-0.029452 0.028685 0.077900
-0.029452 0.028884 0.077900
-0.030679 0.004201 0.080600
-0.030679 0.004407 0.080600
-0.030603 0.004601 0.080400
-0.030489 0.004788 0.080100
-0.030298 0.004961 0.079600
-0.030298 0.005164 0.079600
-0.029918 0.005500 0.078600
-0.029766 0.005671 0.078200
-0.029689 0.005855 0.078000
-0.029651 0.006046 0.077900
-0.029613 0.006237 0.077800
-0.029575 0.006427 0.077700
-0.029537 0.006617 0.077600
-0.029499 0.006806 0.077500
-0.029461 0.006994 0.077400
-0.029423 0.007182 0.077300
-0.029385 0.007370 0.077200
-0.029347 0.007557 0.077100
-0.029309 0.007743 0.077000
-0.029233 0.007919 0.076800
-0.029157 0.008093 0.076600
-0.029080 0.008267 0.076400
-0.029004 0.008440 0.076200
-0.028890 0.008600 0.075900
-0.028852 0.008782 0.075800
-0.028776 0.008951 0.075600
-0.028700 0.009120 0.075400
-0.028662 0.009300 0.075300
-0.028624 0.009479 0.075200
-0.028586 0.009658 0.075100
-0.028548 0.009836 0.075000
-0.028548 0.010028 0.075000
-0.028509 0.010205 0.074900
-0.028509 0.010396 0.074900
-0.028471 0.010573 0.074800
-0.028471 0.010763 0.074800
-0.028433 0.010940 0.074700
-0.028395 0.011115 0.074600
-0.028357 0.011290 0.074500
-0.028319 0.011465 0.074400
-0.028281 0.011639 0.074300
-0.028243 0.011812 0.074200
-0.028167 0.011969 0.074000
-0.028129 0.012141 0.073900
-0.028091 0.012313 0.073800
-0.028053 0.012484 0.073700
-0.028053 0.012672 0.073700
-0.028015 0.012842 0.073600
-0.028015 0.013030 0.073600
-0.028015 0.013218 0.073600
-0.028015 0.013405 0.073600
-0.028015 0.013593 0.073600
-0.027977 0.013762 0.073500
-0.027977 0.013949 0.073500
-0.027977 0.014136 0.073500
-0.027977 0.014324 0.073500
-0.027977 0.014511 0.073500
-0.027939 0.014679 0.073400
-0.027939 0.014866 0.073400
-0.027939 0.015053 0.073400
-0.027900 0.015219 0.073300
-0.027900 0.015406 0.073300
-0.027900 0.015593 0.073300
-0.027900 0.015780 0.073300
-0.027900 0.015967 0.073300
-0.027862 0.016131 0.073200
-0.027862 0.016318 0.073200
-0.027862 0.016505 0.073200
-0.027862 0.016691 0.073200
-0.027862 0.016878 0.073200
-0.027862 0.017064 0.073200
-0.027862 0.017251 0.073200
-0.027862 0.017438 0.073200
-0.027862 0.017624 0.073200
-0.027900 0.017835 0.073300
-0.027900 0.018022 0.073300
-0.027900 0.018209 0.073300
-0.027900 0.018396 0.073300
-0.027900 0.018583 0.073300
-0.027900 0.018769 0.073300
-0.027900 0.018956 0.073300
-0.027900 0.019143 0.073300
-0.027900 0.019330 0.073300
-0.027939 0.019543 0.073400
-0.027939 0.019731 0.073400
-0.027939 0.019918 0.073400
-0.027939 0.020105 0.073400
-0.027939 0.020292 0.073400
-0.027939 0.020479 0.073400
-0.027977 0.020694 0.073500
-0.027977 0.020882 0.073500
-0.028015 0.021098 0.073600
-0.028015 0.021285 0.073600
-0.028053 0.021502 0.073700
-0.028091 0.021719 0.073800
-0.028129 0.021937 0.073900
-0.028167 0.022156 0.074000
-0.028243 0.022405 0.074200
-0.028281 0.022624 0.074300
-0.028357 0.022875 0.074500
-0.028395 0.023096 0.074600
-0.028509 0.023380 0.074900
-0.028586 0.023634 0.075100
-0.028624 0.023857 0.075200
-0.028700 0.024112 0.075400
-0.028814 0.024401 0.075700
-0.028890 0.024659 0.075900
-0.028966 0.024918 0.076100
-0.029004 0.025145 0.076200
-0.029080 0.025406 0.076400
-0.029118 0.025634 0.076500
-0.029195 0.025897 0.076700
-0.029233 0.026126 0.076800
-0.029309 0.026391 0.077000
-0.029347 0.026621 0.077100
-0.029347 0.026818 0.077100
-0.029385 0.027050 0.077200
-0.029423 0.027282 0.077300
-0.029461 0.027514 0.077400
-0.029499 0.027747 0.077500
-0.029537 0.027981 0.077600
-0.029575 0.028215 0.077700
-0.029613 0.028450 0.077800
-0.029613 0.028648 0.077800
-0.029651 0.028884 0.077900
-0.030885 0.004612 0.080600
-0.030732 0.004794 0.080200
-0.030540 0.004967 0.079700
-0.030387 0.005144 0.079300
-0.030272 0.005326 0.079000
-0.030119 0.005500 0.078600
-0.030042 0.005685 0.078400
-0.029965 0.005870 0.078200
-0.029889 0.006054 0.078000
-0.029850 0.006245 0.077900
-0.029812 0.006435 0.077800
-0.029774 0.006625 0.077700
-0.029735 0.006814 0.077600
-0.029697 0.007003 0.077500
-0.029697 0.007201 0.077500
-0.029659 0.007389 0.077400
-0.029582 0.007566 0.077200
-0.029506 0.007743 0.077000
-0.029467 0.007929 0.076900
-0.029391 0.008104 0.076700
-0.029276 0.008267 0.076400
-0.029199 0.008440 0.076200
-0.029084 0.008600 0.075900
-0.029046 0.008782 0.075800
-0.028969 0.008951 0.075600
-0.028892 0.009120 0.075400
-0.028854 0.009300 0.075300
-0.028816 0.009479 0.075200
-0.028778 0.009658 0.075100
-0.028739 0.009836 0.075000
-0.028739 0.010028 0.075000
-0.028701 0.010205 0.074900
-0.028701 0.010396 0.074900
-0.028701 0.010587 0.074900
-0.028663 0.010763 0.074800
-0.028663 0.010954 0.074800
-0.028624 0.011130 0.074700
-0.028586 0.011305 0.074600
-0.028509 0.011465 0.074400
-0.028471 0.011639 0.074300
-0.028433 0.011812 0.074200
-0.028394 0.011985 0.074100
-0.028356 0.012158 0.074000
-0.028318 0.012329 0.073900
-0.028279 0.012501 0.073800
-0.028241 0.012672 0.073700
-0.028241 0.012860 0.073700
-0.028241 0.013048 0.073700
-0.028203 0.013218 0.073600
-0.028203 0.013405 0.073600
-0.028203 0.013593 0.073600
-0.028203 0.013780 0.073600
-0.028203 0.013968 0.073600
-0.028203 0.014156 0.073600
-0.028203 0.014343 0.073600
-0.028164 0.014511 0.073500
-0.028164 0.014699 0.073500
-0.028164 0.014886 0.073500
-0.028126 0.015053 0.073400
-0.028126 0.015240 0.073400
-0.028126 0.015427 0.073400
-0.028088 0.015593 0.073300
-0.028088 0.015780 0.073300
-0.028088 0.015967 0.073300
-0.028088 0.016153 0.073300
-0.028088 0.016340 0.073300
-0.028088 0.016527 0.073300
-0.028088 0.016714 0.073300
-0.028088 0.016901 0.073300
-0.028088 0.017088 0.073300
-0.028088 0.017275 0.073300
-0.028088 0.017461 0.073300
-0.028088 0.017648 0.073300
-0.028088 0.017835 0.073300
-0.028088 0.018022 0.073300
-0.028088 0.018209 0.073300
-0.028088 0.018396 0.073300
-0.028088 0.018583 0.073300
-0.028126 0.018795 0.073400
-0.028126 0.018982 0.073400
-0.028126 0.019169 0.073400
-0.028126 0.019356 0.073400
-0.028126 0.019543 0.073400
-0.028126 0.019731 0.073400
-0.028126 0.019918 0.073400
-0.028126 0.020105 0.073400
-0.028126 0.020292 0.073400
-0.028164 0.020507 0.073500
-0.028164 0.020694 0.073500
-0.028164 0.020882 0.073500
-0.028203 0.021098 0.073600
-0.028203 0.021285 0.073600
-0.028241 0.021502 0.073700
-0.028279 0.021719 0.073800
-0.028318 0.021937 0.073900
-0.028356 0.022156 0.074000
-0.028433 0.022405 0.074200
-0.028471 0.022624 0.074300
-0.028548 0.022875 0.074500
-0.028624 0.023127 0.074700
-0.028701 0.023380 0.074900
-0.028778 0.023634 0.075100
-0.028816 0.023857 0.075200
-0.028892 0.024112 0.075400
-0.029007 0.024401 0.075700
-0.029084 0.024659 0.075900
-0.029161 0.024918 0.076100
-0.029199 0.025145 0.076200
-0.029276 0.025406 0.076400
-0.029352 0.025668 0.076600
-0.029391 0.025897 0.076700
-0.029467 0.026160 0.076900
-0.029506 0.026391 0.077000
-0.029544 0.026621 0.077100
-0.029582 0.026853 0.077200
-0.029621 0.027085 0.077300
-0.029659 0.027317 0.077400
-0.029697 0.027550 0.077500
-0.029735 0.027783 0.077600
-0.029774 0.028017 0.077700
-0.029774 0.028215 0.077700
-0.029812 0.028450 0.077800
-0.029812 0.028648 0.077800
-0.029850 0.028884 0.077900
-0.030937 0.004794 0.080200
-0.030744 0.004967 0.079700
-0.030590 0.005144 0.079300
-0.030474 0.005326 0.079000
-0.030397 0.005514 0.078800
-0.030281 0.005693 0.078500
-0.030204 0.005878 0.078300
-0.030204 0.006077 0.078300
-0.030127 0.006261 0.078100
-0.030088 0.006452 0.078000
-0.030049 0.006642 0.077900
-0.030049 0.006841 0.077900
-0.029972 0.007021 0.077700
-0.029972 0.007219 0.077700
-0.029895 0.007398 0.077500
-0.029857 0.007586 0.077400
-0.029779 0.007763 0.077200
-0.029702 0.007939 0.077000
-0.029587 0.008104 0.076700
-0.029509 0.008278 0.076500
-0.029394 0.008440 0.076200
-0.029278 0.008600 0.075900
-0.029239 0.008782 0.075800
-0.029162 0.008951 0.075600
-0.029085 0.009120 0.075400
-0.029047 0.009300 0.075300
-0.029008 0.009479 0.075200
-0.029008 0.009671 0.075200
-0.028969 0.009849 0.075100
-0.028931 0.010028 0.075000
-0.028931 0.010219 0.075000
-0.028931 0.010410 0.075000
-0.028892 0.010587 0.074900
-0.028892 0.010778 0.074900
-0.028854 0.010954 0.074800
-0.028815 0.011130 0.074700
-0.028777 0.011305 0.074600
-0.028738 0.011480 0.074500
-0.028699 0.011654 0.074400
-0.028661 0.011828 0.074300
-0.028584 0.011985 0.074100
-0.028545 0.012158 0.074000
-0.028507 0.012329 0.073900
-0.028468 0.012501 0.073800
-0.028468 0.012689 0.073800
-0.028429 0.012860 0.073700
-0.028429 0.013048 0.073700
-0.028429 0.013235 0.073700
-0.028429 0.013423 0.073700
-0.028429 0.013611 0.073700
-0.028429 0.013799 0.073700
-0.028429 0.013987 0.073700
-0.028429 0.014175 0.073700
-0.028391 0.014343 0.073600
-0.028391 0.014531 0.073600
-0.028391 0.014719 0.073600
-0.028352 0.014886 0.073500
-0.028352 0.015073 0.073500
-0.028314 0.015240 0.073400
-0.028314 0.015427 0.073400
-0.028314 0.015614 0.073400
-0.028314 0.015801 0.073400
-0.028275 0.015967 0.073300
-0.028275 0.016153 0.073300
-0.028275 0.016340 0.073300
-0.028275 0.016527 0.073300
-0.028275 0.016714 0.073300
-0.028275 0.016901 0.073300
-0.028275 0.017088 0.073300
-0.028275 0.017275 0.073300
-0.028314 0.017485 0.073400
-0.028314 0.017672 0.073400
-0.028314 0.017859 0.073400
-0.028314 0.018047 0.073400
-0.028314 0.018234 0.073400
-0.028314 0.018421 0.073400
-0.028314 0.018608 0.073400
-0.028314 0.018795 0.073400
-0.028314 0.018982 0.073400
-0.028314 0.019169 0.073400
-0.028314 0.019356 0.073400
-0.028314 0.019543 0.073400
-0.028314 0.019731 0.073400
-0.028314 0.019918 0.073400
-0.028314 0.020105 0.073400
-0.028352 0.020320 0.073500
-0.028352 0.020507 0.073500
-0.028352 0.020694 0.073500
-0.028352 0.020882 0.073500
-0.028391 0.021098 0.073600
-0.028429 0.021314 0.073700
-0.028429 0.021502 0.073700
-0.028468 0.021719 0.073800
-0.028507 0.021937 0.073900
-0.028545 0.022156 0.074000
-0.028622 0.022405 0.074200
-0.028661 0.022624 0.074300
-0.028738 0.022875 0.074500
-0.028815 0.023127 0.074700
-0.028892 0.023380 0.074900
-0.028969 0.023634 0.075100
-0.029008 0.023857 0.075200
-0.029085 0.024112 0.075400
-0.029201 0.024401 0.075700
-0.029278 0.024659 0.075900
-0.029355 0.024918 0.076100
-0.029394 0.025145 0.076200
-0.029471 0.025406 0.076400
-0.029548 0.025668 0.076600
-0.029587 0.025897 0.076700
-0.029664 0.026160 0.076900
-0.029702 0.026391 0.077000
-0.029779 0.026656 0.077200
-0.029779 0.026853 0.077200
-0.029818 0.027085 0.077300
-0.029857 0.027317 0.077400
-0.029895 0.027550 0.077500
-0.029934 0.027783 0.077600
-0.029972 0.028017 0.077700
-0.029972 0.028215 0.077700
-0.030011 0.028450 0.077800
-0.030011 0.028648 0.077800
-0.030947 0.004967 0.079700
-0.030947 0.005170 0.079700
-0.030714 0.005333 0.079100
-0.030637 0.005521 0.078900
-0.030520 0.005700 0.078600
-0.030482 0.005893 0.078500
-0.030482 0.006093 0.078500
-0.030482 0.006293 0.078500
-0.030365 0.006468 0.078200
-0.030326 0.006659 0.078100
-0.030287 0.006850 0.078000
-0.030249 0.007039 0.077900
-0.030210 0.007229 0.077800
-0.030171 0.007417 0.077700
-0.030132 0.007606 0.077600
-0.030054 0.007783 0.077400
-0.029938 0.007950 0.077100
-0.029821 0.008115 0.076800
-0.029705 0.008278 0.076500
-0.029588 0.008440 0.076200
-0.029472 0.008600 0.075900
-0.029433 0.008782 0.075800
-0.029355 0.008951 0.075600
-0.029317 0.009132 0.075500
-0.029278 0.009312 0.075400
-0.029200 0.009479 0.075200
-0.029200 0.009671 0.075200
-0.029161 0.009849 0.075100
-0.029161 0.010041 0.075100
-0.029122 0.010219 0.075000
-0.029122 0.010410 0.075000
-0.029122 0.010601 0.075000
-0.029084 0.010778 0.074900
-0.029045 0.010954 0.074800
-0.029045 0.011145 0.074800
-0.028967 0.011305 0.074600
-0.028928 0.011480 0.074500
-0.028889 0.011654 0.074400
-0.028851 0.011828 0.074300
-0.028812 0.012001 0.074200
-0.028773 0.012174 0.074100
-0.028734 0.012346 0.074000
-0.028695 0.012518 0.073900
-0.028657 0.012689 0.073800
-0.028657 0.012877 0.073800
-0.028618 0.013048 0.073700
-0.028618 0.013235 0.073700
-0.028618 0.013423 0.073700
-0.028618 0.013611 0.073700
-0.028618 0.013799 0.073700
-0.028618 0.013987 0.073700
-0.028618 0.014175 0.073700
-0.028618 0.014363 0.073700
-0.028618 0.014551 0.073700
-0.028579 0.014719 0.073600
-0.028579 0.014906 0.073600
-0.028579 0.015094 0.073600
-0.028540 0.015261 0.073500
-0.028540 0.015448 0.073500
-0.028540 0.015635 0.073500
-0.028501 0.015801 0.073400
-0.028501 0.015988 0.073400
-0.028501 0.016175 0.073400
-0.028501 0.016363 0.073400
-0.028501 0.016550 0.073400
-0.028501 0.016737 0.073400
-0.028501 0.016924 0.073400
-0.028501 0.017111 0.073400
-0.028501 0.017298 0.073400
-0.028501 0.017485 0.073400
-0.028501 0.017672 0.073400
-0.028540 0.017884 0.073500
-0.028540 0.018071 0.073500
-0.028540 0.018258 0.073500
-0.028540 0.018446 0.073500
-0.028540 0.018633 0.073500
-0.028540 0.018821 0.073500
-0.028540 0.019008 0.073500
-0.028540 0.019195 0.073500
-0.028540 0.019383 0.073500
-0.028540 0.019570 0.073500
-0.028540 0.019757 0.073500
-0.028540 0.019945 0.073500
-0.028540 0.020132 0.073500
-0.028540 0.020320 0.073500
-0.028540 0.020507 0.073500
-0.028540 0.020694 0.073500
-0.028579 0.020910 0.073600
-0.028579 0.021098 0.073600
-0.028618 0.021314 0.073700
-0.028657 0.021531 0.073800
-0.028657 0.021719 0.073800
-0.028695 0.021937 0.073900
-0.028773 0.022185 0.074100
-0.028812 0.022405 0.074200
-0.028889 0.022655 0.074400
-0.028928 0.022875 0.074500
-0.029006 0.023127 0.074700
-0.029084 0.023380 0.074900
-0.029161 0.023634 0.075100
-0.029239 0.023888 0.075300
-0.029278 0.024112 0.075400
-0.029355 0.024369 0.075600
-0.029472 0.024659 0.075900
-0.029550 0.024918 0.076100
-0.029588 0.025145 0.076200
-0.029666 0.025406 0.076400
-0.029744 0.025668 0.076600
-0.029783 0.025897 0.076700
-0.029860 0.026160 0.076900
-0.029899 0.026391 0.077000
-0.029977 0.026656 0.077200
-0.029977 0.026853 0.077200
-0.030016 0.027085 0.077300
-0.030054 0.027317 0.077400
-0.030093 0.027550 0.077500
-0.030132 0.027783 0.077600
-0.030171 0.028017 0.077700
-0.030171 0.028215 0.077700
-0.030210 0.028450 0.077800
-0.030210 0.028648 0.077800
-0.030956 0.005340 0.079200
-0.030838 0.005521 0.078900
-0.030760 0.005707 0.078700
-0.030721 0.005900 0.078600
-0.030682 0.006093 0.078500
-0.030682 0.006293 0.078500
-0.030643 0.006485 0.078400
-0.030604 0.006676 0.078300
-0.030565 0.006867 0.078200
-0.030526 0.007057 0.078100
-0.030487 0.007247 0.078000
-0.030448 0.007436 0.077900
-0.030369 0.007615 0.077700
-0.030291 0.007793 0.077500
-0.030174 0.007960 0.077200
-0.030057 0.008125 0.076900
-0.029900 0.008278 0.076500
-0.029783 0.008440 0.076200
-0.029705 0.008611 0.076000
-0.029627 0.008782 0.075800
-0.029549 0.008951 0.075600
-0.029510 0.009132 0.075500
-0.029470 0.009312 0.075400
-0.029431 0.009492 0.075300
-0.029392 0.009671 0.075200
-0.029353 0.009849 0.075100
-0.029353 0.010041 0.075100
-0.029353 0.010232 0.075100
-0.029353 0.010424 0.075100
-0.029314 0.010601 0.075000
-0.029275 0.010778 0.074900
-0.029275 0.010969 0.074900
-0.029236 0.011145 0.074800
-0.029197 0.011320 0.074700
-0.029158 0.011495 0.074600
-0.029119 0.011670 0.074500
-0.029080 0.011844 0.074400
-0.029001 0.012001 0.074200
-0.028962 0.012174 0.074100
-0.028923 0.012346 0.074000
-0.028923 0.012535 0.074000
-0.028884 0.012706 0.073900
-0.028884 0.012895 0.073900
-0.028845 0.013065 0.073800
-0.028845 0.013253 0.073800
-0.028845 0.013442 0.073800
-0.028845 0.013630 0.073800
-0.028845 0.013818 0.073800
-0.028845 0.014006 0.073800
-0.028845 0.014194 0.073800
-0.028845 0.014382 0.073800
-0.028806 0.014551 0.073700
-0.028806 0.014738 0.073700
-0.028806 0.014926 0.073700
-0.028767 0.015094 0.073600
-0.028767 0.015281 0.073600
-0.028767 0.015469 0.073600
-0.028728 0.015635 0.073500
-0.028728 0.015823 0.073500
-0.028728 0.016010 0.073500
-0.028728 0.016197 0.073500
-0.028728 0.016385 0.073500
-0.028728 0.016572 0.073500
-0.028728 0.016760 0.073500
-0.028728 0.016947 0.073500
-0.028728 0.017134 0.073500
-0.028728 0.017322 0.073500
-0.028728 0.017509 0.073500
-0.028728 0.017696 0.073500
-0.028728 0.017884 0.073500
-0.028728 0.018071 0.073500
-0.028728 0.018258 0.073500
-0.028767 0.018471 0.073600
-0.028728 0.018633 0.073500
-0.028728 0.018821 0.073500
-0.028728 0.019008 0.073500
-0.028728 0.019195 0.073500
-0.028728 0.019383 0.073500
-0.028728 0.019570 0.073500
-0.028728 0.019757 0.073500
-0.028728 0.019945 0.073500
-0.028728 0.020132 0.073500
-0.028728 0.020320 0.073500
-0.028767 0.020535 0.073600
-0.028767 0.020722 0.073600
-0.028767 0.020910 0.073600
-0.028806 0.021126 0.073700
-0.028806 0.021314 0.073700
-0.028845 0.021531 0.073800
-0.028884 0.021749 0.073900
-0.028923 0.021967 0.074000
-0.028962 0.022185 0.074100
-0.029001 0.022405 0.074200
-0.029080 0.022655 0.074400
-0.029158 0.022906 0.074600
-0.029197 0.023127 0.074700
-0.029275 0.023380 0.074900
-0.029353 0.023634 0.075100
-0.029431 0.023888 0.075300
-0.029470 0.024112 0.075400
-0.029549 0.024369 0.075600
-0.029666 0.024659 0.075900
-0.029744 0.024918 0.076100
-0.029783 0.025145 0.076200
-0.029861 0.025406 0.076400
-0.029939 0.025668 0.076600
-0.029979 0.025897 0.076700
-0.030057 0.026160 0.076900
-0.030135 0.026425 0.077100
-0.030174 0.026656 0.077200
-0.030213 0.026888 0.077300
-0.030252 0.027120 0.077400
-0.030252 0.027317 0.077400
-0.030291 0.027550 0.077500
-0.030330 0.027783 0.077600
-0.030369 0.028017 0.077700
-0.030369 0.028215 0.077700
-0.030408 0.028450 0.077800
-0.031040 0.005521 0.078900
-0.031001 0.005714 0.078800
-0.030961 0.005908 0.078700
-0.030961 0.006108 0.078700
-0.030922 0.006301 0.078600
-0.030883 0.006493 0.078500
-0.030883 0.006693 0.078500
-0.030843 0.006885 0.078400
-0.030804 0.007075 0.078300
-0.030765 0.007266 0.078200
-0.030725 0.007456 0.078100
-0.030647 0.007635 0.077900
-0.030529 0.007803 0.077600
-0.030529 0.008001 0.077600
-0.030253 0.008125 0.076900
-0.030253 0.008321 0.076900
-0.029938 0.008429 0.076100
-0.029899 0.008611 0.076000
-0.029820 0.008782 0.075800
-0.029742 0.008951 0.075600
-0.029702 0.009132 0.075500
-0.029663 0.009312 0.075400
-0.029624 0.009492 0.075300
-0.029624 0.009684 0.075300
-0.029584 0.009863 0.075200
-0.029545 0.010041 0.075100
-0.029545 0.010232 0.075100
-0.029545 0.010424 0.075100
-0.029506 0.010601 0.075000
-0.029506 0.010792 0.075000
-0.029466 0.010969 0.074900
-0.029427 0.011145 0.074800
-0.029388 0.011320 0.074700
-0.029348 0.011495 0.074600
-0.029309 0.011670 0.074500
-0.029270 0.011844 0.074400
-0.029230 0.012017 0.074300
-0.029191 0.012190 0.074200
-0.029152 0.012363 0.074100
-0.029112 0.012535 0.074000
-0.029112 0.012723 0.074000
-0.029073 0.012895 0.073900
-0.029073 0.013083 0.073900
-0.029073 0.013271 0.073900
-0.029073 0.013460 0.073900
-0.029073 0.013648 0.073900
-0.029073 0.013837 0.073900
-0.029073 0.014025 0.073900
-0.029073 0.014213 0.073900
-0.029034 0.014382 0.073800
-0.029034 0.014570 0.073800
-0.029034 0.014758 0.073800
-0.028994 0.014926 0.073700
-0.028994 0.015114 0.073700
-0.028994 0.015302 0.073700
-0.028994 0.015490 0.073700
-0.028955 0.015657 0.073600
-0.028955 0.015844 0.073600
-0.028955 0.016032 0.073600
-0.028955 0.016219 0.073600
-0.028955 0.016407 0.073600
-0.028955 0.016595 0.073600
-0.028955 0.016782 0.073600
-0.028955 0.016970 0.073600
-0.028955 0.017158 0.073600
-0.028955 0.017345 0.073600
-0.028955 0.017533 0.073600
-0.028955 0.017720 0.073600
-0.028955 0.017908 0.073600
-0.028955 0.018096 0.073600
-0.028955 0.018283 0.073600
-0.028955 0.018471 0.073600
-0.028955 0.018659 0.073600
-0.028955 0.018846 0.073600
-0.028955 0.019034 0.073600
-0.028955 0.019221 0.073600
-0.028955 0.019409 0.073600
-0.028955 0.019597 0.073600
-0.028955 0.019784 0.073600
-0.028955 0.019972 0.073600
-0.028955 0.020160 0.073600
-0.028955 0.020347 0.073600
-0.028955 0.020535 0.073600
-0.028994 0.020751 0.073700
-0.028994 0.020938 0.073700
-0.028994 0.021126 0.073700
-0.029034 0.021343 0.073800
-0.029073 0.021560 0.073900
-0.029112 0.021778 0.074000
-0.029112 0.021967 0.074000
-0.029191 0.022215 0.074200
-0.029230 0.022435 0.074300
-0.029270 0.022655 0.074400
-0.029348 0.022906 0.074600
-0.029388 0.023127 0.074700
-0.029466 0.023380 0.074900
-0.029545 0.023634 0.075100
-0.029624 0.023888 0.075300
-0.029663 0.024112 0.075400
-0.029742 0.024369 0.075600
-0.029820 0.024627 0.075800
-0.029899 0.024885 0.076000
-0.029978 0.025145 0.076200
-0.030057 0.025406 0.076400
-0.030096 0.025634 0.076500
-0.030175 0.025897 0.076700
-0.030253 0.026160 0.076900
-0.030293 0.026391 0.077000
-0.030332 0.026621 0.077100
-0.030411 0.026888 0.077300
-0.030411 0.027085 0.077300
-0.030450 0.027317 0.077400
-0.030489 0.027550 0.077500
-0.030529 0.027783 0.077600
-0.030529 0.027981 0.077600
-0.030568 0.028215 0.077700
-0.030607 0.028450 0.077800
-0.031242 0.005722 0.078900
-0.031242 0.005923 0.078900
-0.031202 0.006116 0.078800
-0.031162 0.006309 0.078700
-0.031162 0.006510 0.078700
-0.031123 0.006702 0.078600
-0.031123 0.006902 0.078600
-0.031083 0.007094 0.078500
-0.031044 0.007284 0.078400
-0.031004 0.007475 0.078300
-0.031004 0.007674 0.078300
-0.030648 0.007981 0.077400
-0.030450 0.008125 0.076900
-0.030450 0.008321 0.076900
-0.030133 0.008429 0.076100
-0.030093 0.008611 0.076000
-0.030014 0.008782 0.075800
-0.029935 0.008951 0.075600
-0.029935 0.009144 0.075600
-0.029895 0.009324 0.075500
-0.029856 0.009504 0.075400
-0.029816 0.009684 0.075300
-0.029777 0.009863 0.075200
-0.029777 0.010054 0.075200
-0.029737 0.010232 0.075100
-0.029737 0.010424 0.075100
-0.029737 0.010615 0.075100
-0.029697 0.010792 0.075000
-0.029697 0.010983 0.075000
-0.029658 0.011160 0.074900
-0.029618 0.011336 0.074800
-0.029579 0.011511 0.074700
-0.029539 0.011686 0.074600
-0.029499 0.011860 0.074500
-0.029460 0.012034 0.074400
-0.029420 0.012207 0.074300
-0.029381 0.012380 0.074200
-0.029341 0.012552 0.074100
-0.029341 0.012741 0.074100
-0.029301 0.012912 0.074000
-0.029301 0.013101 0.074000
-0.029301 0.013289 0.074000
-0.029301 0.013478 0.074000
-0.029301 0.013667 0.074000
-0.029301 0.013855 0.074000
-0.029301 0.014044 0.074000
-0.029262 0.014213 0.073900
-0.029262 0.014402 0.073900
-0.029262 0.014590 0.073900
-0.029262 0.014778 0.073900
-0.029222 0.014947 0.073800
-0.029222 0.015135 0.073800
-0.029222 0.015323 0.073800
-0.029183 0.015490 0.073700
-0.029183 0.015678 0.073700
-0.029183 0.015866 0.073700
-0.029183 0.016054 0.073700
-0.029183 0.016242 0.073700
-0.029183 0.016429 0.073700
-0.029183 0.016617 0.073700
-0.029183 0.016805 0.073700
-0.029183 0.016993 0.073700
-0.029183 0.017181 0.073700
-0.029183 0.017369 0.073700
-0.029183 0.017557 0.073700
-0.029183 0.017745 0.073700
-0.029183 0.017932 0.073700
-0.029183 0.018120 0.073700
-0.029183 0.018308 0.073700
-0.029143 0.018471 0.073600
-0.029143 0.018659 0.073600
-0.029143 0.018846 0.073600
-0.029143 0.019034 0.073600
-0.029143 0.019221 0.073600
-0.029143 0.019409 0.073600
-0.029143 0.019597 0.073600
-0.029143 0.019784 0.073600
-0.029183 0.019999 0.073700
-0.029183 0.020187 0.073700
-0.029183 0.020375 0.073700
-0.029183 0.020563 0.073700
-0.029183 0.020751 0.073700
-0.029222 0.020967 0.073800
-0.029222 0.021155 0.073800
-0.029262 0.021372 0.073900
-0.029262 0.021560 0.073900
-0.029301 0.021778 0.074000
-0.029341 0.021997 0.074100
-0.029381 0.022215 0.074200
-0.029420 0.022435 0.074300
-0.029499 0.022685 0.074500
-0.029539 0.022906 0.074600
-0.029618 0.023158 0.074800
-0.029658 0.023380 0.074900
-0.029737 0.023634 0.075100
-0.029816 0.023888 0.075300
-0.029856 0.024112 0.075400
-0.029935 0.024369 0.075600
-0.030014 0.024627 0.075800
-0.030093 0.024885 0.076000
-0.030173 0.025145 0.076200
-0.030212 0.025373 0.076300
-0.030291 0.025634 0.076500
-0.030371 0.025897 0.076700
-0.030450 0.026160 0.076900
-0.030489 0.026391 0.077000
-0.030529 0.026621 0.077100
-0.030568 0.026853 0.077200
-0.030608 0.027085 0.077300
-0.030648 0.027317 0.077400
-0.030648 0.027514 0.077400
-0.030727 0.027783 0.077600
-0.030727 0.027981 0.077600
-0.030766 0.028215 0.077700
-0.030766 0.028413 0.077700
-0.031443 0.005923 0.078900
-0.031443 0.006124 0.078900
-0.031443 0.006325 0.078900
-0.031403 0.006518 0.078800
-0.031403 0.006719 0.078800
-0.031364 0.006911 0.078700
-0.031324 0.007103 0.078600
-0.031284 0.007294 0.078500
-0.031244 0.007484 0.078400
-0.031204 0.007674 0.078300
-0.031204 0.007874 0.078300
-0.030845 0.007981 0.077400
-0.030686 0.008136 0.077000
-0.030487 0.008278 0.076500
-0.030367 0.008440 0.076200
-0.030288 0.008611 0.076000
-0.030208 0.008782 0.075800
-0.030208 0.008975 0.075800
-0.030128 0.009144 0.075600
-0.030128 0.009337 0.075600
-0.030048 0.009504 0.075400
-0.030048 0.009697 0.075400
-0.030009 0.009876 0.075300
-0.030009 0.010068 0.075300
-0.029969 0.010246 0.075200
-0.029969 0.010438 0.075200
-0.029969 0.010629 0.075200
-0.029929 0.010807 0.075100
-0.029889 0.010983 0.075000
-0.029849 0.011160 0.074900
-0.029809 0.011336 0.074800
-0.029769 0.011511 0.074700
-0.029730 0.011686 0.074600
-0.029690 0.011860 0.074500
-0.029650 0.012034 0.074400
-0.029610 0.012207 0.074300
-0.029570 0.012380 0.074200
-0.029570 0.012569 0.074200
-0.029530 0.012741 0.074100
-0.029530 0.012930 0.074100
-0.029530 0.013118 0.074100
-0.029530 0.013307 0.074100
-0.029530 0.013496 0.074100
-0.029530 0.013685 0.074100
-0.029530 0.013874 0.074100
-0.029490 0.014044 0.074000
-0.029490 0.014233 0.074000
-0.029490 0.014421 0.074000
-0.029490 0.014610 0.074000
-0.029451 0.014778 0.073900
-0.029451 0.014967 0.073900
-0.029451 0.015155 0.073900
-0.029411 0.015323 0.073800
-0.029411 0.015511 0.073800
-0.029411 0.015699 0.073800
-0.029411 0.015887 0.073800
-0.029411 0.016075 0.073800
-0.029411 0.016264 0.073800
-0.029371 0.016429 0.073700
-0.029371 0.016617 0.073700
-0.029371 0.016805 0.073700
-0.029371 0.016993 0.073700
-0.029371 0.017181 0.073700
-0.029371 0.017369 0.073700
-0.029371 0.017557 0.073700
-0.029371 0.017745 0.073700
-0.029371 0.017932 0.073700
-0.029371 0.018120 0.073700
-0.029371 0.018308 0.073700
-0.029371 0.018496 0.073700
-0.029371 0.018684 0.073700
-0.029371 0.018872 0.073700
-0.029371 0.019060 0.073700
-0.029371 0.019248 0.073700
-0.029371 0.019435 0.073700
-0.029371 0.019623 0.073700
-0.029371 0.019811 0.073700
-0.029371 0.019999 0.073700
-0.029371 0.020187 0.073700
-0.029371 0.020375 0.073700
-0.029371 0.020563 0.073700
-0.029411 0.020779 0.073800
-0.029411 0.020967 0.073800
-0.029451 0.021184 0.073900
-0.029451 0.021372 0.073900
-0.029490 0.021590 0.074000
-0.029490 0.021778 0.074000
-0.029530 0.021997 0.074100
-0.029570 0.022215 0.074200
-0.029610 0.022435 0.074300
-0.029690 0.022685 0.074500
-0.029730 0.022906 0.074600
-0.029809 0.023158 0.074800
-0.029849 0.023380 0.074900
-0.029929 0.023634 0.075100
-0.029969 0.023857 0.075200
-0.030048 0.024112 0.075400
-0.030128 0.024369 0.075600
-0.030208 0.024627 0.075800
-0.030248 0.024853 0.075900
-0.030327 0.025112 0.076100
-0.030407 0.025373 0.076300
-0.030487 0.025634 0.076500
-0.030527 0.025863 0.076600
-0.030606 0.026126 0.076800
-0.030646 0.026356 0.076900
-0.030726 0.026621 0.077100
-0.030766 0.026853 0.077200
-0.030806 0.027085 0.077300
-0.030806 0.027282 0.077300
-0.030845 0.027514 0.077400
-0.030885 0.027747 0.077500
-0.030925 0.027981 0.077600
-0.030925 0.028179 0.077600
-0.031685 0.006132 0.079000
-0.031685 0.006333 0.079000
-0.031685 0.006535 0.079000
-0.031645 0.006727 0.078900
-0.031645 0.006929 0.078900
-0.031605 0.007121 0.078800
-0.031565 0.007312 0.078700
-0.031484 0.007494 0.078500
-0.031404 0.007674 0.078300
-0.031404 0.007874 0.078300
-0.031043 0.007981 0.077400
-0.031043 0.008178 0.077400
-0.030682 0.008278 0.076500
-0.030562 0.008440 0.076200
-0.030522 0.008623 0.076100
-0.030442 0.008793 0.075900
-0.030402 0.008975 0.075800
-0.030361 0.009156 0.075700
-0.030321 0.009337 0.075600
-0.030321 0.009530 0.075600
-0.030281 0.009709 0.075500
-0.030241 0.009889 0.075400
-0.030201 0.010068 0.075300
-0.030201 0.010260 0.075300
-0.030161 0.010438 0.075200
-0.030161 0.010629 0.075200
-0.030161 0.010821 0.075200
-0.030121 0.010998 0.075100
-0.030081 0.011175 0.075000
-0.030041 0.011351 0.074900
-0.030000 0.011526 0.074800
-0.029960 0.011701 0.074700
-0.029920 0.011876 0.074600
-0.029880 0.012050 0.074500
-0.029840 0.012223 0.074400
-0.029800 0.012396 0.074300
-0.029800 0.012586 0.074300
-0.029760 0.012758 0.074200
-0.029760 0.012947 0.074200
-0.029760 0.013136 0.074200
-0.029760 0.013325 0.074200
-0.029720 0.013496 0.074100
-0.029720 0.013685 0.074100
-0.029720 0.013874 0.074100
-0.029720 0.014063 0.074100
-0.029720 0.014252 0.074100
-0.029720 0.014441 0.074100
-0.029680 0.014610 0.074000
-0.029680 0.014798 0.074000
-0.029680 0.014987 0.074000
-0.029680 0.015176 0.074000
-0.029639 0.015344 0.073900
-0.029639 0.015532 0.073900
-0.029639 0.015720 0.073900
-0.029639 0.015909 0.073900
-0.029599 0.016075 0.073800
-0.029599 0.016264 0.073800
-0.029599 0.016452 0.073800
-0.029599 0.016640 0.073800
-0.029599 0.016828 0.073800
-0.029599 0.017016 0.073800
-0.029599 0.017204 0.073800
-0.029599 0.017392 0.073800
-0.029559 0.017557 0.073700
-0.029559 0.017745 0.073700
-0.029559 0.017932 0.073700
-0.029559 0.018120 0.073700
-0.029559 0.018308 0.073700
-0.029559 0.018496 0.073700
-0.029559 0.018684 0.073700
-0.029559 0.018872 0.073700
-0.029559 0.019060 0.073700
-0.029559 0.019248 0.073700
-0.029559 0.019435 0.073700
-0.029559 0.019623 0.073700
-0.029559 0.019811 0.073700
-0.029559 0.019999 0.073700
-0.029559 0.020187 0.073700
-0.029559 0.020375 0.073700
-0.029599 0.020591 0.073800
-0.029599 0.020779 0.073800
-0.029639 0.020995 0.073900
-0.029639 0.021184 0.073900
-0.029639 0.021372 0.073900
-0.029680 0.021590 0.074000
-0.029680 0.021778 0.074000
-0.029720 0.021997 0.074100
-0.029760 0.022215 0.074200
-0.029800 0.022435 0.074300
-0.029880 0.022685 0.074500
-0.029920 0.022906 0.074600
-0.030000 0.023158 0.074800
-0.030041 0.023380 0.074900
-0.030081 0.023602 0.075000
-0.030161 0.023857 0.075200
-0.030241 0.024112 0.075400
-0.030321 0.024369 0.075600
-0.030361 0.024594 0.075700
-0.030442 0.024853 0.075900
-0.030522 0.025112 0.076100
-0.030562 0.025339 0.076200
-0.030642 0.025601 0.076400
-0.030722 0.025863 0.076600
-0.030762 0.026092 0.076700
-0.030843 0.026356 0.076900
-0.030883 0.026587 0.077000
-0.030923 0.026818 0.077100
-0.030963 0.027050 0.077200
-0.031003 0.027282 0.077300
-0.031043 0.027514 0.077400
-0.031043 0.027712 0.077400
-0.031123 0.027981 0.077600
-0.031123 0.028179 0.077600
-0.031968 0.006349 0.079200
-0.031968 0.006551 0.079200
-0.031887 0.006736 0.079000
-0.031887 0.006937 0.079000
-0.031887 0.007139 0.079000
-0.031806 0.007322 0.078800
-0.031725 0.007503 0.078600
-0.031604 0.007674 0.078300
-0.031604 0.007874 0.078300
-0.031241 0.007981 0.077400
-0.031241 0.008178 0.077400
-0.030878 0.008278 0.076500
-0.030797 0.008451 0.076300
-0.030716 0.008623 0.076100
-0.030676 0.008805 0.076000
-0.030636 0.008987 0.075900
-0.030595 0.009168 0.075800
-0.030555 0.009349 0.075700
-0.030514 0.009530 0.075600
-0.030474 0.009709 0.075500
-0.030474 0.009902 0.075500
-0.030434 0.010081 0.075400
-0.030434 0.010273 0.075400
-0.030393 0.010452 0.075300
-0.030393 0.010643 0.075300
-0.030353 0.010821 0.075200
-0.030353 0.011013 0.075200
-0.030313 0.011190 0.075100
-0.030272 0.011366 0.075000
-0.030232 0.011542 0.074900
-0.030192 0.011717 0.074800
-0.030111 0.011876 0.074600
-0.030111 0.012066 0.074600
-0.030070 0.012240 0.074500
-0.030030 0.012413 0.074400
-0.029990 0.012586 0.074300
-0.029990 0.012775 0.074300
-0.029990 0.012964 0.074300
-0.029949 0.013136 0.074200
-0.029949 0.013325 0.074200
-0.029949 0.013514 0.074200
-0.029949 0.013704 0.074200
-0.029949 0.013893 0.074200
-0.029949 0.014082 0.074200
-0.029949 0.014271 0.074200
-0.029909 0.014441 0.074100
-0.029909 0.014630 0.074100
-0.029909 0.014818 0.074100
-0.029909 0.015007 0.074100
-0.029869 0.015176 0.074000
-0.029869 0.015364 0.074000
-0.029869 0.015553 0.074000
-0.029869 0.015742 0.074000
-0.029828 0.015909 0.073900
-0.029828 0.016097 0.073900
-0.029828 0.016286 0.073900
-0.029828 0.016474 0.073900
-0.029828 0.016662 0.073900
-0.029788 0.016828 0.073800
-0.029788 0.017016 0.073800
-0.029788 0.017204 0.073800
-0.029788 0.017392 0.073800
-0.029788 0.017580 0.073800
-0.029748 0.017745 0.073700
-0.029748 0.017932 0.073700
-0.029748 0.018120 0.073700
-0.029748 0.018308 0.073700
-0.029748 0.018496 0.073700
-0.029748 0.018684 0.073700
-0.029748 0.018872 0.073700
-0.029748 0.019060 0.073700
-0.029748 0.019248 0.073700
-0.029748 0.019435 0.073700
-0.029748 0.019623 0.073700
-0.029748 0.019811 0.073700
-0.029748 0.019999 0.073700
-0.029748 0.020187 0.073700
-0.029748 0.020375 0.073700
-0.029788 0.020591 0.073800
-0.029788 0.020779 0.073800
-0.029828 0.020995 0.073900
-0.029828 0.021184 0.073900
-0.029828 0.021372 0.073900
-0.029869 0.021590 0.074000
-0.029909 0.021808 0.074100
-0.029909 0.021997 0.074100
-0.029949 0.022215 0.074200
-0.029990 0.022435 0.074300
-0.030070 0.022685 0.074500
-0.030111 0.022906 0.074600
-0.030151 0.023127 0.074700
-0.030232 0.023380 0.074900
-0.030272 0.023602 0.075000
-0.030353 0.023857 0.075200
-0.030393 0.024080 0.075300
-0.030474 0.024337 0.075500
-0.030555 0.024594 0.075700
-0.030636 0.024853 0.075900
-0.030676 0.025079 0.076000
-0.030757 0.025339 0.076200
-0.030837 0.025601 0.076400
-0.030878 0.025829 0.076500
-0.030958 0.026092 0.076700
-0.030999 0.026322 0.076800
-0.031080 0.026587 0.077000
-0.031120 0.026818 0.077100
-0.031160 0.027050 0.077200
-0.031201 0.027282 0.077300
-0.031241 0.027514 0.077400
-0.031241 0.027712 0.077400
-0.031322 0.027981 0.077600
-0.032211 0.006559 0.079300
-0.032170 0.006753 0.079200
-0.032129 0.006946 0.079100
-0.032129 0.007148 0.079100
-0.032048 0.007331 0.078900
-0.031926 0.007503 0.078600
-0.031926 0.007704 0.078600
-0.031601 0.007824 0.077800
-0.031398 0.007970 0.077300
-0.031276 0.008136 0.077000
-0.031114 0.008289 0.076600
-0.031033 0.008462 0.076400
-0.030951 0.008634 0.076200
-0.030911 0.008817 0.076100
-0.030870 0.008999 0.076000
-0.030829 0.009180 0.075900
-0.030789 0.009362 0.075800
-0.030748 0.009542 0.075700
-0.030748 0.009735 0.075700
-0.030708 0.009915 0.075600
-0.030667 0.010094 0.075500
-0.030626 0.010273 0.075400
-0.030626 0.010465 0.075400
-0.030626 0.010658 0.075400
-0.030586 0.010835 0.075300
-0.030545 0.011013 0.075200
-0.030505 0.011190 0.075100
-0.030464 0.011366 0.075000
-0.030423 0.011542 0.074900
-0.030383 0.011717 0.074800
-0.030342 0.011892 0.074700
-0.030301 0.012066 0.074600
-0.030261 0.012240 0.074500
-0.030261 0.012430 0.074500
-0.030220 0.012603 0.074400
-0.030220 0.012792 0.074400
-0.030180 0.012964 0.074300
-0.030180 0.013154 0.074300
-0.030180 0.013343 0.074300
-0.030180 0.013533 0.074300
-0.030180 0.013722 0.074300
-0.030180 0.013911 0.074300
-0.030139 0.014082 0.074200
-0.030139 0.014271 0.074200
-0.030139 0.014460 0.074200
-0.030139 0.014649 0.074200
-0.030139 0.014838 0.074200
-0.030098 0.015007 0.074100
-0.030098 0.015196 0.074100
-0.030098 0.015385 0.074100
-0.030058 0.015553 0.074000
-0.030058 0.015742 0.074000
-0.030058 0.015930 0.074000
-0.030058 0.016119 0.074000
-0.030058 0.016308 0.074000
-0.030017 0.016474 0.073900
-0.030017 0.016662 0.073900
-0.030017 0.016851 0.073900
-0.030017 0.017039 0.073900
-0.029977 0.017204 0.073800
-0.029977 0.017392 0.073800
-0.029977 0.017580 0.073800
-0.029936 0.017745 0.073700
-0.029936 0.017932 0.073700
-0.029936 0.018120 0.073700
-0.029936 0.018308 0.073700
-0.029936 0.018496 0.073700
-0.029936 0.018684 0.073700
-0.029936 0.018872 0.073700
-0.029936 0.019060 0.073700
-0.029936 0.019248 0.073700
-0.029936 0.019435 0.073700
-0.029936 0.019623 0.073700
-0.029936 0.019811 0.073700
-0.029936 0.019999 0.073700
-0.029977 0.020214 0.073800
-0.029977 0.020402 0.073800
-0.029977 0.020591 0.073800
-0.030017 0.020807 0.073900
-0.030017 0.020995 0.073900
-0.030017 0.021184 0.073900
-0.030058 0.021401 0.074000
-0.030058 0.021590 0.074000
-0.030098 0.021808 0.074100
-0.030139 0.022026 0.074200
-0.030139 0.022215 0.074200
-0.030180 0.022435 0.074300
-0.030220 0.022655 0.074400
-0.030301 0.022906 0.074600
-0.030342 0.023127 0.074700
-0.030383 0.023348 0.074800
-0.030464 0.023602 0.075000
-0.030505 0.023825 0.075100
-0.030586 0.024080 0.075300
-0.030667 0.024337 0.075500
-0.030708 0.024562 0.075600
-0.030789 0.024820 0.075800
-0.030870 0.025079 0.076000
-0.030951 0.025339 0.076200
-0.030992 0.025567 0.076300
-0.031073 0.025829 0.076500
-0.031154 0.026092 0.076700
-0.031195 0.026322 0.076800
-0.031276 0.026587 0.077000
-0.031317 0.026818 0.077100
-0.031358 0.027050 0.077200
-0.031398 0.027282 0.077300
-0.031439 0.027514 0.077400
-0.031439 0.027712 0.077400
-0.031479 0.027945 0.077500
-0.032372 0.006955 0.079200
-0.032372 0.007157 0.079200
-0.032372 0.007359 0.079200
-0.032127 0.007503 0.078600
-0.032127 0.007704 0.078600
-0.031759 0.007814 0.077700
-0.031555 0.007960 0.077200
-0.031432 0.008125 0.076900
-0.031310 0.008289 0.076600
-0.031269 0.008473 0.076500
-0.031228 0.008657 0.076400
-0.031146 0.008828 0.076200
-0.031105 0.009011 0.076100
-0.031064 0.009193 0.076000
-0.031023 0.009374 0.075900
-0.030983 0.009555 0.075800
-0.030983 0.009748 0.075800
-0.030942 0.009928 0.075700
-0.030901 0.010108 0.075600
-0.030901 0.010300 0.075600
-0.030860 0.010479 0.075500
-0.030860 0.010672 0.075500
-0.030819 0.010850 0.075400
-0.030778 0.011027 0.075300
-0.030737 0.011204 0.075200
-0.030696 0.011381 0.075100
-0.030656 0.011557 0.075000
-0.030615 0.011733 0.074900
-0.030574 0.011908 0.074800
-0.030533 0.012082 0.074700
-0.030492 0.012256 0.074600
-0.030451 0.012430 0.074500
-0.030451 0.012619 0.074500
-0.030410 0.012792 0.074400
-0.030410 0.012982 0.074400
-0.030410 0.013172 0.074400
-0.030410 0.013361 0.074400
-0.030369 0.013533 0.074300
-0.030369 0.013722 0.074300
-0.030369 0.013911 0.074300
-0.030369 0.014101 0.074300
-0.030369 0.014290 0.074300
-0.030369 0.014480 0.074300
-0.030329 0.014649 0.074200
-0.030329 0.014838 0.074200
-0.030329 0.015028 0.074200
-0.030329 0.015217 0.074200
-0.030288 0.015385 0.074100
-0.030288 0.015574 0.074100
-0.030288 0.015763 0.074100
-0.030288 0.015952 0.074100
-0.030247 0.016119 0.074000
-0.030247 0.016308 0.074000
-0.030247 0.016496 0.074000
-0.030247 0.016685 0.074000
-0.030206 0.016851 0.073900
-0.030206 0.017039 0.073900
-0.030206 0.017228 0.073900
-0.030165 0.017392 0.073800
-0.030165 0.017580 0.073800
-0.030165 0.017769 0.073800
-0.030124 0.017932 0.073700
-0.030124 0.018120 0.073700
-0.030124 0.018308 0.073700
-0.030124 0.018496 0.073700
-0.030124 0.018684 0.073700
-0.030124 0.018872 0.073700
-0.030124 0.019060 0.073700
-0.030124 0.019248 0.073700
-0.030124 0.019435 0.073700
-0.030124 0.019623 0.073700
-0.030124 0.019811 0.073700
-0.030124 0.019999 0.073700
-0.030165 0.020214 0.073800
-0.030165 0.020402 0.073800
-0.030165 0.020591 0.073800
-0.030206 0.020807 0.073900
-0.030206 0.020995 0.073900
-0.030247 0.021212 0.074000
-0.030247 0.021401 0.074000
-0.030288 0.021619 0.074100
-0.030288 0.021808 0.074100
-0.030329 0.022026 0.074200
-0.030329 0.022215 0.074200
-0.030369 0.022435 0.074300
-0.030410 0.022655 0.074400
-0.030492 0.022906 0.074600
-0.030533 0.023127 0.074700
-0.030574 0.023348 0.074800
-0.030656 0.023602 0.075000
-0.030696 0.023825 0.075100
-0.030778 0.024080 0.075300
-0.030819 0.024305 0.075400
-0.030901 0.024562 0.075600
-0.030983 0.024820 0.075800
-0.031064 0.025079 0.076000
-0.031105 0.025306 0.076100
-0.031187 0.025567 0.076300
-0.031269 0.025829 0.076500
-0.031310 0.026058 0.076600
-0.031391 0.026322 0.076800
-0.031473 0.026587 0.077000
-0.031514 0.026818 0.077100
-0.031555 0.027050 0.077200
-0.031596 0.027282 0.077300
-0.031637 0.027514 0.077400
-0.031677 0.027747 0.077500
-0.031677 0.027945 0.077500
-0.032575 0.007157 0.079200
-0.032451 0.007331 0.078900
-0.032328 0.007503 0.078600
-0.032328 0.007704 0.078600
-0.031958 0.007814 0.077700
-0.031752 0.007960 0.077200
-0.031629 0.008125 0.076900
-0.031505 0.008289 0.076600
-0.031464 0.008473 0.076500
-0.031423 0.008657 0.076400
-0.031382 0.008840 0.076300
-0.031341 0.009022 0.076200
-0.031300 0.009205 0.076100
-0.031258 0.009386 0.076000
-0.031258 0.009580 0.076000
-0.031217 0.009761 0.075900
-0.031176 0.009941 0.075800
-0.031135 0.010121 0.075700
-0.031135 0.010314 0.075700
-0.031094 0.010493 0.075600
-0.031094 0.010686 0.075600
-0.031053 0.010864 0.075500
-0.031012 0.011042 0.075400
-0.030971 0.011219 0.075300
-0.030929 0.011396 0.075200
-0.030888 0.011572 0.075100
-0.030847 0.011748 0.075000
-0.030806 0.011923 0.074900
-0.030765 0.012098 0.074800
-0.030724 0.012273 0.074700
-0.030683 0.012446 0.074600
-0.030642 0.012619 0.074500
-0.030642 0.012809 0.074500
-0.030642 0.012999 0.074500
-0.030600 0.013172 0.074400
-0.030600 0.013361 0.074400
-0.030600 0.013551 0.074400
-0.030600 0.013741 0.074400
-0.030600 0.013930 0.074400
-0.030559 0.014101 0.074300
-0.030559 0.014290 0.074300
-0.030559 0.014480 0.074300
-0.030559 0.014669 0.074300
-0.030559 0.014858 0.074300
-0.030518 0.015028 0.074200
-0.030518 0.015217 0.074200
-0.030518 0.015406 0.074200
-0.030518 0.015595 0.074200
-0.030477 0.015763 0.074100
-0.030477 0.015952 0.074100
-0.030477 0.016141 0.074100
-0.030436 0.016308 0.074000
-0.030436 0.016496 0.074000
-0.030436 0.016685 0.074000
-0.030436 0.016874 0.074000
-0.030395 0.017039 0.073900
-0.030395 0.017228 0.073900
-0.030354 0.017392 0.073800
-0.030354 0.017580 0.073800
-0.030354 0.017769 0.073800
-0.030313 0.017932 0.073700
-0.030313 0.018120 0.073700
-0.030313 0.018308 0.073700
-0.030313 0.018496 0.073700
-0.030271 0.018659 0.073600
-0.030271 0.018846 0.073600
-0.030313 0.019060 0.073700
-0.030313 0.019248 0.073700
-0.030313 0.019435 0.073700
-0.030313 0.019623 0.073700
-0.030313 0.019811 0.073700
-0.030313 0.019999 0.073700
-0.030354 0.020214 0.073800
-0.030354 0.020402 0.073800
-0.030354 0.020591 0.073800
-0.030395 0.020807 0.073900
-0.030395 0.020995 0.073900
-0.030436 0.021212 0.074000
-0.030436 0.021401 0.074000
-0.030436 0.021590 0.074000
-0.030477 0.021808 0.074100
-0.030477 0.021997 0.074100
-0.030518 0.022215 0.074200
-0.030559 0.022435 0.074300
-0.030600 0.022655 0.074400
-0.030642 0.022875 0.074500
-0.030683 0.023096 0.074600
-0.030765 0.023348 0.074800
-0.030806 0.023571 0.074900
-0.030888 0.023825 0.075100
-0.030971 0.024080 0.075300
-0.031012 0.024305 0.075400
-0.031094 0.024562 0.075600
-0.031176 0.024820 0.075800
-0.031258 0.025079 0.076000
-0.031300 0.025306 0.076100
-0.031382 0.025567 0.076300
-0.031464 0.025829 0.076500
-0.031505 0.026058 0.076600
-0.031588 0.026322 0.076800
-0.031670 0.026587 0.077000
-0.031711 0.026818 0.077100
-0.031752 0.027050 0.077200
-0.031793 0.027282 0.077300
-0.031834 0.027514 0.077400
-0.031834 0.027712 0.077400
-0.032653 0.007532 0.078900
-0.032363 0.007664 0.078200
-0.032363 0.007864 0.078200
-0.031908 0.007950 0.077100
-0.031825 0.008125 0.076900
-0.031742 0.008300 0.076700
-0.031701 0.008484 0.076600
-0.031660 0.008668 0.076500
-0.031618 0.008851 0.076400
-0.031577 0.009034 0.076300
-0.031535 0.009217 0.076200
-0.031535 0.009411 0.076200
-0.031494 0.009593 0.076100
-0.031453 0.009774 0.076000
-0.031411 0.009954 0.075900
-0.031411 0.010148 0.075900
-0.031370 0.010328 0.075800
-0.031329 0.010507 0.075700
-0.031329 0.010700 0.075700
-0.031287 0.010879 0.075600
-0.031246 0.011057 0.075500
-0.031163 0.011219 0.075300
-0.031122 0.011396 0.075200
-0.031080 0.011572 0.075100
-0.031039 0.011748 0.075000
-0.030997 0.011923 0.074900
-0.030956 0.012098 0.074800
-0.030915 0.012273 0.074700
-0.030915 0.012463 0.074700
-0.030873 0.012636 0.074600
-0.030832 0.012809 0.074500
-0.030832 0.012999 0.074500
-0.030832 0.013189 0.074500
-0.030791 0.013361 0.074400
-0.030791 0.013551 0.074400
-0.030791 0.013741 0.074400
-0.030791 0.013930 0.074400
-0.030791 0.014120 0.074400
-0.030791 0.014310 0.074400
-0.030791 0.014499 0.074400
-0.030749 0.014669 0.074300
-0.030749 0.014858 0.074300
-0.030749 0.015048 0.074300
-0.030749 0.015237 0.074300
-0.030708 0.015406 0.074200
-0.030708 0.015595 0.074200
-0.030708 0.015784 0.074200
-0.030666 0.015952 0.074100
-0.030666 0.016141 0.074100
-0.030666 0.016330 0.074100
-0.030625 0.016496 0.074000
-0.030625 0.016685 0.074000
-0.030625 0.016874 0.074000
-0.030584 0.017039 0.073900
-0.030584 0.017228 0.073900
-0.030542 0.017392 0.073800
-0.030542 0.017580 0.073800
-0.030542 0.017769 0.073800
-0.030501 0.017932 0.073700
-0.030501 0.018120 0.073700
-0.030501 0.018308 0.073700
-0.030501 0.018496 0.073700
-0.030459 0.018659 0.073600
-0.030459 0.018846 0.073600
-0.030459 0.019034 0.073600
-0.030501 0.019248 0.073700
-0.030501 0.019435 0.073700
-0.030501 0.019623 0.073700
-0.030501 0.019811 0.073700
-0.030501 0.019999 0.073700
-0.030501 0.020187 0.073700
-0.030501 0.020375 0.073700
-0.030542 0.020591 0.073800
-0.030542 0.020779 0.073800
-0.030584 0.020995 0.073900
-0.030584 0.021184 0.073900
-0.030625 0.021401 0.074000
-0.030625 0.021590 0.074000
-0.030666 0.021808 0.074100
-0.030666 0.021997 0.074100
-0.030708 0.022215 0.074200
-0.030708 0.022405 0.074200
-0.030791 0.022655 0.074400
-0.030832 0.022875 0.074500
-0.030873 0.023096 0.074600
-0.030956 0.023348 0.074800
-0.030997 0.023571 0.074900
-0.031080 0.023825 0.075100
-0.031122 0.024048 0.075200
-0.031204 0.024305 0.075400
-0.031287 0.024562 0.075600
-0.031370 0.024820 0.075800
-0.031453 0.025079 0.076000
-0.031535 0.025339 0.076200
-0.031618 0.025601 0.076400
-0.031660 0.025829 0.076500
-0.031742 0.026092 0.076700
-0.031784 0.026322 0.076800
-0.031867 0.026587 0.077000
-0.031908 0.026818 0.077100
-0.031949 0.027050 0.077200
-0.031991 0.027282 0.077300
-0.032032 0.027514 0.077400
-0.032563 0.007864 0.078200
-0.032105 0.007950 0.077100
-0.032022 0.008125 0.076900
-0.031938 0.008300 0.076700
-0.031897 0.008484 0.076600
-0.031897 0.008679 0.076600
-0.031855 0.008863 0.076500
-0.031813 0.009046 0.076400
-0.031813 0.009241 0.076400
-0.031772 0.009423 0.076300
-0.031730 0.009605 0.076200
-0.031689 0.009787 0.076100
-0.031689 0.009981 0.076100
-0.031647 0.010161 0.076000
-0.031605 0.010341 0.075900
-0.031564 0.010521 0.075800
-0.031564 0.010714 0.075800
-0.031522 0.010893 0.075700
-0.031480 0.011071 0.075600
-0.031397 0.011234 0.075400
-0.031355 0.011411 0.075300
-0.031314 0.011588 0.075200
-0.031272 0.011764 0.075100
-0.031230 0.011939 0.075000
-0.031189 0.012114 0.074900
-0.031147 0.012289 0.074800
-0.031106 0.012463 0.074700
-0.031064 0.012636 0.074600
-0.031064 0.012827 0.074600
-0.031022 0.012999 0.074500
-0.031022 0.013189 0.074500
-0.031022 0.013379 0.074500
-0.031022 0.013569 0.074500
-0.030981 0.013741 0.074400
-0.030981 0.013930 0.074400
-0.030981 0.014120 0.074400
-0.030981 0.014310 0.074400
-0.030981 0.014499 0.074400
-0.030981 0.014689 0.074400
-0.030939 0.014858 0.074300
-0.030939 0.015048 0.074300
-0.030939 0.015237 0.074300
-0.030939 0.015427 0.074300
-0.030897 0.015595 0.074200
-0.030897 0.015784 0.074200
-0.030856 0.015952 0.074100
-0.030856 0.016141 0.074100
-0.030856 0.016330 0.074100
-0.030814 0.016496 0.074000
-0.030814 0.016685 0.074000
-0.030814 0.016874 0.074000
-0.030772 0.017039 0.073900
-0.030772 0.017228 0.073900
-0.030731 0.017392 0.073800
-0.030731 0.017580 0.073800
-0.030731 0.017769 0.073800
-0.030689 0.017932 0.073700
-0.030689 0.018120 0.073700
-0.030689 0.018308 0.073700
-0.030689 0.018496 0.073700
-0.030648 0.018659 0.073600
-0.030648 0.018846 0.073600
-0.030648 0.019034 0.073600
-0.030648 0.019221 0.073600
-0.030689 0.019435 0.073700
-0.030689 0.019623 0.073700
-0.030689 0.019811 0.073700
-0.030689 0.019999 0.073700
-0.030689 0.020187 0.073700
-0.030689 0.020375 0.073700
-0.030731 0.020591 0.073800
-0.030731 0.020779 0.073800
-0.030731 0.020967 0.073800
-0.030772 0.021184 0.073900
-0.030772 0.021372 0.073900
-0.030814 0.021590 0.074000
-0.030814 0.021778 0.074000
-0.030856 0.021997 0.074100
-0.030856 0.022185 0.074100
-0.030897 0.022405 0.074200
-0.030939 0.022624 0.074300
-0.031022 0.022875 0.074500
-0.031064 0.023096 0.074600
-0.031147 0.023348 0.074800
-0.031189 0.023571 0.074900
-0.031272 0.023825 0.075100
-0.031314 0.024048 0.075200
-0.031397 0.024305 0.075400
-0.031522 0.024594 0.075700
-0.031564 0.024820 0.075800
-0.031647 0.025079 0.076000
-0.031730 0.025339 0.076200
-0.031813 0.025601 0.076400
-0.031897 0.025863 0.076600
-0.031938 0.026092 0.076700
-0.032022 0.026356 0.076900
-0.032063 0.026587 0.077000
-0.032147 0.026853 0.077200
-0.032188 0.027085 0.077300
-0.032188 0.027282 0.077300
-0.032230 0.027514 0.077400
-0.032344 0.007960 0.077200
-0.032218 0.008125 0.076900
-0.032134 0.008300 0.076700
-0.032134 0.008495 0.076700
-0.032092 0.008679 0.076600
-0.032092 0.008875 0.076600
-0.032051 0.009058 0.076500
-0.032051 0.009253 0.076500
-0.032009 0.009436 0.076400
-0.032009 0.009630 0.076400
-0.031967 0.009812 0.076300
-0.031925 0.009994 0.076200
-0.031883 0.010175 0.076100
-0.031841 0.010355 0.076000
-0.031799 0.010535 0.075900
-0.031799 0.010728 0.075900
-0.031757 0.010907 0.075800
-0.031673 0.011071 0.075600
-0.031632 0.011249 0.075500
-0.031548 0.011411 0.075300
-0.031506 0.011588 0.075200
-0.031464 0.011764 0.075100
-0.031422 0.011939 0.075000
-0.031380 0.012114 0.074900
-0.031338 0.012289 0.074800
-0.031296 0.012463 0.074700
-0.031296 0.012653 0.074700
-0.031255 0.012827 0.074600
-0.031255 0.013017 0.074600
-0.031213 0.013189 0.074500
-0.031213 0.013379 0.074500
-0.031213 0.013569 0.074500
-0.031213 0.013759 0.074500
-0.031213 0.013949 0.074500
-0.031171 0.014120 0.074400
-0.031171 0.014310 0.074400
-0.031171 0.014499 0.074400
-0.031171 0.014689 0.074400
-0.031129 0.014858 0.074300
-0.031129 0.015048 0.074300
-0.031129 0.015237 0.074300
-0.031129 0.015427 0.074300
-0.031087 0.015595 0.074200
-0.031087 0.015784 0.074200
-0.031087 0.015973 0.074200
-0.031045 0.016141 0.074100
-0.031045 0.016330 0.074100
-0.031045 0.016519 0.074100
-0.031003 0.016685 0.074000
-0.031003 0.016874 0.074000
-0.031003 0.017062 0.074000
-0.030961 0.017228 0.073900
-0.030961 0.017416 0.073900
-0.030919 0.017580 0.073800
-0.030919 0.017769 0.073800
-0.030877 0.017932 0.073700
-0.030877 0.018120 0.073700
-0.030877 0.018308 0.073700
-0.030877 0.018496 0.073700
-0.030836 0.018659 0.073600
-0.030836 0.018846 0.073600
-0.030836 0.019034 0.073600
-0.030836 0.019221 0.073600
-0.030877 0.019435 0.073700
-0.030877 0.019623 0.073700
-0.030877 0.019811 0.073700
-0.030877 0.019999 0.073700
-0.030877 0.020187 0.073700
-0.030877 0.020375 0.073700
-0.030877 0.020563 0.073700
-0.030919 0.020779 0.073800
-0.030919 0.020967 0.073800
-0.030961 0.021184 0.073900
-0.030961 0.021372 0.073900
-0.030961 0.021560 0.073900
-0.031003 0.021778 0.074000
-0.031045 0.021997 0.074100
-0.031045 0.022185 0.074100
-0.031087 0.022405 0.074200
-0.031129 0.022624 0.074300
-0.031213 0.022875 0.074500
-0.031255 0.023096 0.074600
-0.031338 0.023348 0.074800
-0.031380 0.023571 0.074900
-0.031464 0.023825 0.075100
-0.031548 0.024080 0.075300
-0.031632 0.024337 0.075500
-0.031715 0.024594 0.075700
-0.031799 0.024853 0.075900
-0.031883 0.025112 0.076100
-0.031925 0.025339 0.076200
-0.032009 0.025601 0.076400
-0.032092 0.025863 0.076600
-0.032176 0.026126 0.076800
-0.032218 0.026356 0.076900
-0.032302 0.026621 0.077100
-0.032344 0.026853 0.077200
-0.032386 0.027085 0.077300
-0.032386 0.027282 0.077300
-0.032372 0.008310 0.076800
-0.032330 0.008495 0.076700
-0.032330 0.008691 0.076700
-0.032330 0.008886 0.076700
-0.032288 0.009070 0.076600
-0.032288 0.009265 0.076600
-0.032246 0.009448 0.076500
-0.032246 0.009643 0.076500
-0.032204 0.009825 0.076400
-0.032162 0.010007 0.076300
-0.032120 0.010188 0.076200
-0.032077 0.010369 0.076100
-0.032035 0.010549 0.076000
-0.032035 0.010742 0.076000
-0.031951 0.010907 0.075800
-0.031909 0.011086 0.075700
-0.031825 0.011249 0.075500
-0.031740 0.011411 0.075300
-0.031698 0.011588 0.075200
-0.031656 0.011764 0.075100
-0.031614 0.011939 0.075000
-0.031572 0.012114 0.074900
-0.031572 0.012305 0.074900
-0.031529 0.012480 0.074800
-0.031487 0.012653 0.074700
-0.031487 0.012844 0.074700
-0.031445 0.013017 0.074600
-0.031445 0.013207 0.074600
-0.031403 0.013379 0.074500
-0.031403 0.013569 0.074500
-0.031403 0.013759 0.074500
-0.031403 0.013949 0.074500
-0.031361 0.014120 0.074400
-0.031361 0.014310 0.074400
-0.031361 0.014499 0.074400
-0.031361 0.014689 0.074400
-0.031361 0.014878 0.074400
-0.031361 0.015068 0.074400
-0.031319 0.015237 0.074300
-0.031319 0.015427 0.074300
-0.031277 0.015595 0.074200
-0.031277 0.015784 0.074200
-0.031277 0.015973 0.074200
-0.031234 0.016141 0.074100
-0.031234 0.016330 0.074100
-0.031234 0.016519 0.074100
-0.031192 0.016685 0.074000
-0.031192 0.016874 0.074000
-0.031192 0.017062 0.074000
-0.031150 0.017228 0.073900
-0.031150 0.017416 0.073900
-0.031108 0.017580 0.073800
-0.031108 0.017769 0.073800
-0.031066 0.017932 0.073700
-0.031066 0.018120 0.073700
-0.031066 0.018308 0.073700
-0.031066 0.018496 0.073700
-0.031024 0.018659 0.073600
-0.031024 0.018846 0.073600
-0.031024 0.019034 0.073600
-0.031024 0.019221 0.073600
-0.031066 0.019435 0.073700
-0.031066 0.019623 0.073700
-0.031066 0.019811 0.073700
-0.031066 0.019999 0.073700
-0.031066 0.020187 0.073700
-0.031066 0.020375 0.073700
-0.031066 0.020563 0.073700
-0.031108 0.020779 0.073800
-0.031108 0.020967 0.073800
-0.031108 0.021155 0.073800
-0.031150 0.021372 0.073900
-0.031150 0.021560 0.073900
-0.031192 0.021778 0.074000
-0.031192 0.021967 0.074000
-0.031234 0.022185 0.074100
-0.031234 0.022374 0.074100
-0.031277 0.022594 0.074200
-0.031361 0.022844 0.074400
-0.031445 0.023096 0.074600
-0.031529 0.023348 0.074800
-0.031572 0.023571 0.074900
-0.031698 0.023857 0.075200
-0.031782 0.024112 0.075400
-0.031867 0.024369 0.075600
-0.031951 0.024627 0.075800
-0.032035 0.024885 0.076000
-0.032120 0.025145 0.076200
-0.032162 0.025373 0.076300
-0.032246 0.025634 0.076500
-0.032330 0.025897 0.076700
-0.032415 0.026160 0.076900
-0.032457 0.026391 0.077000
-0.032499 0.026621 0.077100
-0.032541 0.026853 0.077200
-0.032583 0.027085 0.077300
-0.032569 0.008506 0.076800
-0.032569 0.008702 0.076800
-0.032569 0.008898 0.076800
-0.032526 0.009082 0.076700
-0.032526 0.009277 0.076700
-0.032526 0.009473 0.076700
-0.032484 0.009656 0.076600
-0.032484 0.009851 0.076600
-0.032441 0.010033 0.076500
-0.032399 0.010215 0.076400
-0.032314 0.010382 0.076200
-0.032229 0.010549 0.076000
-0.032229 0.010742 0.076000
-0.032187 0.010922 0.075900
-0.032102 0.011086 0.075700
-0.032017 0.011249 0.075500
-0.031933 0.011411 0.075300
-0.031933 0.011603 0.075300
-0.031848 0.011764 0.075100
-0.031848 0.011955 0.075100
-0.031763 0.012114 0.074900
-0.031763 0.012305 0.074900
-0.031721 0.012480 0.074800
-0.031721 0.012670 0.074800
-0.031678 0.012844 0.074700
-0.031636 0.013017 0.074600
-0.031636 0.013207 0.074600
-0.031593 0.013379 0.074500
-0.031593 0.013569 0.074500
-0.031593 0.013759 0.074500
-0.031593 0.013949 0.074500
-0.031593 0.014139 0.074500
-0.031593 0.014329 0.074500
-0.031593 0.014519 0.074500
-0.031551 0.014689 0.074400
-0.031551 0.014878 0.074400
-0.031551 0.015068 0.074400
-0.031509 0.015237 0.074300
-0.031509 0.015427 0.074300
-0.031466 0.015595 0.074200
-0.031466 0.015784 0.074200
-0.031466 0.015973 0.074200
-0.031424 0.016141 0.074100
-0.031424 0.016330 0.074100
-0.031424 0.016519 0.074100
-0.031381 0.016685 0.074000
-0.031381 0.016874 0.074000
-0.031381 0.017062 0.074000
-0.031339 0.017228 0.073900
-0.031339 0.017416 0.073900
-0.031339 0.017604 0.073900
-0.031297 0.017769 0.073800
-0.031297 0.017957 0.073800
-0.031254 0.018120 0.073700
-0.031254 0.018308 0.073700
-0.031254 0.018496 0.073700
-0.031254 0.018684 0.073700
-0.031254 0.018872 0.073700
-0.031254 0.019060 0.073700
-0.031254 0.019248 0.073700
-0.031254 0.019435 0.073700
-0.031254 0.019623 0.073700
-0.031254 0.019811 0.073700
-0.031254 0.019999 0.073700
-0.031254 0.020187 0.073700
-0.031254 0.020375 0.073700
-0.031254 0.020563 0.073700
-0.031254 0.020751 0.073700
-0.031297 0.020967 0.073800
-0.031297 0.021155 0.073800
-0.031339 0.021372 0.073900
-0.031339 0.021560 0.073900
-0.031381 0.021778 0.074000
-0.031381 0.021967 0.074000
-0.031381 0.022156 0.074000
-0.031424 0.022374 0.074100
-0.031466 0.022594 0.074200
-0.031551 0.022844 0.074400
-0.031636 0.023096 0.074600
-0.031721 0.023348 0.074800
-0.031805 0.023602 0.075000
-0.031890 0.023857 0.075200
-0.031975 0.024112 0.075400
-0.032102 0.024401 0.075700
-0.032187 0.024659 0.075900
-0.032272 0.024918 0.076100
-0.032314 0.025145 0.076200
-0.032399 0.025406 0.076400
-0.032484 0.025668 0.076600
-0.032526 0.025897 0.076700
-0.032611 0.026160 0.076900
-0.032654 0.026391 0.077000
-0.032696 0.026621 0.077100
-0.032738 0.026853 0.077200
-0.032781 0.027085 0.077300
-0.032765 0.008898 0.076800
-0.032765 0.009093 0.076800
-0.032765 0.009289 0.076800
-0.032765 0.009485 0.076800
-0.032765 0.009681 0.076800
-0.032722 0.009864 0.076700
-0.032680 0.010046 0.076600
-0.032637 0.010228 0.076500
-0.032552 0.010396 0.076300
-0.032509 0.010576 0.076200
-0.032509 0.010771 0.076200
-0.032424 0.010936 0.076000
-0.032338 0.011101 0.075800
-0.032253 0.011264 0.075600
-0.032168 0.011426 0.075400
-0.032125 0.011603 0.075300
-0.032040 0.011764 0.075100
-0.032040 0.011955 0.075100
-0.031954 0.012114 0.074900
-0.031954 0.012305 0.074900
-0.031912 0.012480 0.074800
-0.031912 0.012670 0.074800
-0.031869 0.012844 0.074700
-0.031869 0.013034 0.074700
-0.031826 0.013207 0.074600
-0.031826 0.013397 0.074600
-0.031826 0.013587 0.074600
-0.031784 0.013759 0.074500
-0.031784 0.013949 0.074500
-0.031784 0.014139 0.074500
-0.031784 0.014329 0.074500
-0.031784 0.014519 0.074500
-0.031784 0.014709 0.074500
-0.031741 0.014878 0.074400
-0.031741 0.015068 0.074400
-0.031698 0.015237 0.074300
-0.031698 0.015427 0.074300
-0.031656 0.015595 0.074200
-0.031656 0.015784 0.074200
-0.031656 0.015973 0.074200
-0.031613 0.016141 0.074100
-0.031613 0.016330 0.074100
-0.031613 0.016519 0.074100
-0.031613 0.016707 0.074100
-0.031570 0.016874 0.074000
-0.031570 0.017062 0.074000
-0.031570 0.017251 0.074000
-0.031528 0.017416 0.073900
-0.031528 0.017604 0.073900
-0.031528 0.017793 0.073900
-0.031485 0.017957 0.073800
-0.031485 0.018145 0.073800
-0.031485 0.018333 0.073800
-0.031442 0.018496 0.073700
-0.031442 0.018684 0.073700
-0.031442 0.018872 0.073700
-0.031442 0.019060 0.073700
-0.031442 0.019248 0.073700
-0.031442 0.019435 0.073700
-0.031442 0.019623 0.073700
-0.031442 0.019811 0.073700
-0.031442 0.019999 0.073700
-0.031442 0.020187 0.073700
-0.031442 0.020375 0.073700
-0.031442 0.020563 0.073700
-0.031442 0.020751 0.073700
-0.031485 0.020967 0.073800
-0.031485 0.021155 0.073800
-0.031528 0.021372 0.073900
-0.031528 0.021560 0.073900
-0.031528 0.021749 0.073900
-0.031570 0.021967 0.074000
-0.031570 0.022156 0.074000
-0.031613 0.022374 0.074100
-0.031698 0.022624 0.074300
-0.031784 0.022875 0.074500
-0.031869 0.023127 0.074700
-0.031954 0.023380 0.074900
-0.032040 0.023634 0.075100
-0.032125 0.023888 0.075300
-0.032253 0.024176 0.075600
-0.032338 0.024434 0.075800
-0.032424 0.024692 0.076000
-0.032509 0.024951 0.076200
-0.032594 0.025211 0.076400
-0.032637 0.025439 0.076500
-0.032680 0.025668 0.076600
-0.032765 0.025931 0.076800
-0.032808 0.026160 0.076900
-0.032893 0.026425 0.077100
-0.032893 0.026621 0.077100
-0.032936 0.026853 0.077200
-0.033004 0.009105 0.076900
-0.033004 0.009301 0.076900
-0.033004 0.009497 0.076900
-0.033004 0.009693 0.076900
-0.032961 0.009877 0.076800
-0.032918 0.010059 0.076700
-0.032875 0.010241 0.076600
-0.032832 0.010423 0.076500
-0.032747 0.010590 0.076300
-0.032747 0.010785 0.076300
-0.032661 0.010951 0.076100
-0.032532 0.011101 0.075800
-0.032446 0.011264 0.075600
-0.032360 0.011426 0.075400
-0.032317 0.011603 0.075300
-0.032232 0.011764 0.075100
-0.032232 0.011955 0.075100
-0.032189 0.012131 0.075000
-0.032146 0.012305 0.074900
-0.032146 0.012496 0.074900
-0.032103 0.012670 0.074800
-0.032103 0.012861 0.074800
-0.032060 0.013034 0.074700
-0.032060 0.013225 0.074700
-0.032017 0.013397 0.074600
-0.032017 0.013587 0.074600
-0.032017 0.013777 0.074600
-0.032017 0.013968 0.074600
-0.031974 0.014139 0.074500
-0.031974 0.014329 0.074500
-0.031974 0.014519 0.074500
-0.031974 0.014709 0.074500
-0.031931 0.014878 0.074400
-0.031931 0.015068 0.074400
-0.031931 0.015258 0.074400
-0.031888 0.015427 0.074300
-0.031888 0.015616 0.074300
-0.031845 0.015784 0.074200
-0.031845 0.015973 0.074200
-0.031845 0.016163 0.074200
-0.031802 0.016330 0.074100
-0.031802 0.016519 0.074100
-0.031802 0.016707 0.074100
-0.031802 0.016896 0.074100
-0.031759 0.017062 0.074000
-0.031759 0.017251 0.074000
-0.031759 0.017439 0.074000
-0.031717 0.017604 0.073900
-0.031717 0.017793 0.073900
-0.031717 0.017981 0.073900
-0.031674 0.018145 0.073800
-0.031674 0.018333 0.073800
-0.031674 0.018521 0.073800
-0.031674 0.018709 0.073800
-0.031674 0.018897 0.073800
-0.031674 0.019086 0.073800
-0.031674 0.019274 0.073800
-0.031631 0.019435 0.073700
-0.031631 0.019623 0.073700
-0.031631 0.019811 0.073700
-0.031631 0.019999 0.073700
-0.031631 0.020187 0.073700
-0.031631 0.020375 0.073700
-0.031631 0.020563 0.073700
-0.031674 0.020779 0.073800
-0.031674 0.020967 0.073800
-0.031674 0.021155 0.073800
-0.031717 0.021372 0.073900
-0.031717 0.021560 0.073900
-0.031717 0.021749 0.073900
-0.031759 0.021967 0.074000
-0.031802 0.022185 0.074100
-0.031845 0.022405 0.074200
-0.031888 0.022624 0.074300
-0.032017 0.022906 0.074600
-0.032103 0.023158 0.074800
-0.032189 0.023411 0.075000
-0.032275 0.023665 0.075200
-0.032403 0.023952 0.075500
-0.032489 0.024208 0.075700
-0.032575 0.024466 0.075900
-0.032704 0.024757 0.076200
-0.032747 0.024984 0.076300
-0.032790 0.025211 0.076400
-0.032875 0.025472 0.076600
-0.032918 0.025701 0.076700
-0.032961 0.025931 0.076800
-0.033004 0.026160 0.076900
-0.033090 0.026425 0.077100
-0.033133 0.026656 0.077200
-0.033244 0.009510 0.077000
-0.033244 0.009706 0.077000
-0.033201 0.009889 0.076900
-0.033201 0.010085 0.076900
-0.033071 0.010241 0.076600
-0.033028 0.010423 0.076500
-0.032942 0.010590 0.076300
-0.032855 0.010757 0.076100
-0.032855 0.010951 0.076100
-0.032726 0.011101 0.075800
-0.032683 0.011279 0.075700
-0.032553 0.011426 0.075400
-0.032510 0.011603 0.075300
-0.032467 0.011780 0.075200
-0.032423 0.011955 0.075100
-0.032380 0.012131 0.075000
-0.032380 0.012322 0.075000
-0.032337 0.012496 0.074900
-0.032337 0.012687 0.074900
-0.032294 0.012861 0.074800
-0.032294 0.013052 0.074800
-0.032251 0.013225 0.074700
-0.032251 0.013415 0.074700
-0.032251 0.013605 0.074700
-0.032208 0.013777 0.074600
-0.032208 0.013968 0.074600
-0.032208 0.014158 0.074600
-0.032208 0.014348 0.074600
-0.032164 0.014519 0.074500
-0.032164 0.014709 0.074500
-0.032164 0.014898 0.074500
-0.032164 0.015088 0.074500
-0.032121 0.015258 0.074400
-0.032121 0.015447 0.074400
-0.032078 0.015616 0.074300
-0.032078 0.015806 0.074300
-0.032035 0.015973 0.074200
-0.032035 0.016163 0.074200
-0.032035 0.016352 0.074200
-0.031992 0.016519 0.074100
-0.031992 0.016707 0.074100
-0.031992 0.016896 0.074100
-0.031992 0.017085 0.074100
-0.031949 0.017251 0.074000
-0.031949 0.017439 0.074000
-0.031949 0.017628 0.074000
-0.031949 0.017817 0.074000
-0.031905 0.017981 0.073900
-0.031905 0.018169 0.073900
-0.031905 0.018358 0.073900
-0.031905 0.018546 0.073900
-0.031905 0.018735 0.073900
-0.031862 0.018897 0.073800
-0.031862 0.019086 0.073800
-0.031862 0.019274 0.073800
-0.031862 0.019462 0.073800
-0.031862 0.019650 0.073800
-0.031862 0.019838 0.073800
-0.031862 0.020026 0.073800
-0.031862 0.020214 0.073800
-0.031862 0.020402 0.073800
-0.031862 0.020591 0.073800
-0.031862 0.020779 0.073800
-0.031862 0.020967 0.073800
-0.031862 0.021155 0.073800
-0.031905 0.021372 0.073900
-0.031905 0.021560 0.073900
-0.031949 0.021778 0.074000
-0.031949 0.021967 0.074000
-0.032035 0.022215 0.074200
-0.032078 0.022435 0.074300
-0.032121 0.022655 0.074400
-0.032251 0.022936 0.074700
-0.032337 0.023189 0.074900
-0.032467 0.023473 0.075200
-0.032553 0.023728 0.075400
-0.032683 0.024015 0.075700
-0.032769 0.024272 0.075900
-0.032855 0.024530 0.076100
-0.032942 0.024789 0.076300
-0.032985 0.025016 0.076400
-0.033028 0.025244 0.076500
-0.033071 0.025472 0.076600
-0.033157 0.025735 0.076800
-0.033201 0.025964 0.076900
-0.033244 0.026194 0.077000
-0.033287 0.026425 0.077100
-0.033441 0.009706 0.077000
-0.033397 0.009889 0.076900
-0.033397 0.010085 0.076900
-0.033310 0.010255 0.076700
-0.033267 0.010437 0.076600
-0.033137 0.010590 0.076300
-0.033050 0.010757 0.076100
-0.033050 0.010951 0.076100
-0.032963 0.011115 0.075900
-0.032876 0.011279 0.075700
-0.032746 0.011426 0.075400
-0.032702 0.011603 0.075300
-0.032659 0.011780 0.075200
-0.032615 0.011955 0.075100
-0.032615 0.012147 0.075100
-0.032572 0.012322 0.075000
-0.032572 0.012513 0.075000
-0.032529 0.012687 0.074900
-0.032485 0.012861 0.074800
-0.032485 0.013052 0.074800
-0.032485 0.013242 0.074800
-0.032485 0.013433 0.074800
-0.032442 0.013605 0.074700
-0.032442 0.013796 0.074700
-0.032442 0.013986 0.074700
-0.032398 0.014158 0.074600
-0.032398 0.014348 0.074600
-0.032398 0.014538 0.074600
-0.032398 0.014728 0.074600
-0.032355 0.014898 0.074500
-0.032355 0.015088 0.074500
-0.032311 0.015258 0.074400
-0.032311 0.015447 0.074400
-0.032311 0.015637 0.074400
-0.032268 0.015806 0.074300
-0.032268 0.015995 0.074300
-0.032268 0.016184 0.074300
-0.032225 0.016352 0.074200
-0.032225 0.016541 0.074200
-0.032181 0.016707 0.074100
-0.032181 0.016896 0.074100
-0.032181 0.017085 0.074100
-0.032181 0.017274 0.074100
-0.032181 0.017463 0.074100
-0.032181 0.017652 0.074100
-0.032138 0.017817 0.074000
-0.032138 0.018005 0.074000
-0.032138 0.018194 0.074000
-0.032138 0.018383 0.074000
-0.032138 0.018571 0.074000
-0.032138 0.018760 0.074000
-0.032094 0.018923 0.073900
-0.032094 0.019111 0.073900
-0.032094 0.019300 0.073900
-0.032094 0.019488 0.073900
-0.032094 0.019677 0.073900
-0.032094 0.019865 0.073900
-0.032094 0.020053 0.073900
-0.032094 0.020242 0.073900
-0.032094 0.020430 0.073900
-0.032094 0.020618 0.073900
-0.032094 0.020807 0.073900
-0.032094 0.020995 0.073900
-0.032094 0.021184 0.073900
-0.032138 0.021401 0.074000
-0.032138 0.021590 0.074000
-0.032181 0.021808 0.074100
-0.032225 0.022026 0.074200
-0.032268 0.022245 0.074300
-0.032311 0.022465 0.074400
-0.032355 0.022685 0.074500
-0.032485 0.022967 0.074800
-0.032615 0.023251 0.075100
-0.032702 0.023505 0.075300
-0.032789 0.023759 0.075500
-0.032919 0.024047 0.075800
-0.033006 0.024304 0.076000
-0.033093 0.024562 0.076200
-0.033180 0.024822 0.076400
-0.033223 0.025049 0.076500
-0.033267 0.025277 0.076600
-0.033310 0.025506 0.076700
-0.033354 0.025735 0.076800
-0.033397 0.025964 0.076900
-0.033637 0.010099 0.077000
-0.033594 0.010282 0.076900
-0.033506 0.010450 0.076700
-0.033506 0.010646 0.076700
-0.033331 0.010785 0.076300
-0.033331 0.010979 0.076300
-0.033244 0.011145 0.076100
-0.033200 0.011324 0.076000
-0.033026 0.011457 0.075600
-0.032938 0.011619 0.075400
-0.032895 0.011795 0.075300
-0.032851 0.011971 0.075200
-0.032807 0.012147 0.075100
-0.032764 0.012322 0.075000
-0.032764 0.012513 0.075000
-0.032764 0.012704 0.075000
-0.032764 0.012895 0.075000
-0.032720 0.013069 0.074900
-0.032720 0.013260 0.074900
-0.032676 0.013433 0.074800
-0.032676 0.013624 0.074800
-0.032676 0.013814 0.074800
-0.032633 0.013986 0.074700
-0.032633 0.014177 0.074700
-0.032633 0.014367 0.074700
-0.032589 0.014538 0.074600
-0.032589 0.014728 0.074600
-0.032589 0.014918 0.074600
-0.032589 0.015109 0.074600
-0.032545 0.015278 0.074500
-0.032545 0.015468 0.074500
-0.032501 0.015637 0.074400
-0.032501 0.015827 0.074400
-0.032501 0.016016 0.074400
-0.032458 0.016184 0.074300
-0.032458 0.016374 0.074300
-0.032458 0.016563 0.074300
-0.032414 0.016730 0.074200
-0.032414 0.016919 0.074200
-0.032414 0.017108 0.074200
-0.032414 0.017297 0.074200
-0.032370 0.017463 0.074100
-0.032370 0.017652 0.074100
-0.032370 0.017841 0.074100
-0.032370 0.018030 0.074100
-0.032370 0.018219 0.074100
-0.032370 0.018408 0.074100
-0.032327 0.018571 0.074000
-0.032327 0.018760 0.074000
-0.032327 0.018949 0.074000
-0.032327 0.019137 0.074000
-0.032327 0.019326 0.074000
-0.032327 0.019515 0.074000
-0.032327 0.019703 0.074000
-0.032327 0.019892 0.074000
-0.032327 0.020080 0.074000
-0.032327 0.020269 0.074000
-0.032283 0.020430 0.073900
-0.032283 0.020618 0.073900
-0.032327 0.020835 0.074000
-0.032327 0.021024 0.074000
-0.032327 0.021212 0.074000
-0.032327 0.021401 0.074000
-0.032370 0.021619 0.074100
-0.032370 0.021808 0.074100
-0.032414 0.022026 0.074200
-0.032501 0.022275 0.074400
-0.032545 0.022495 0.074500
-0.032676 0.022776 0.074800
-0.032764 0.023028 0.075000
-0.032895 0.023313 0.075300
-0.033069 0.023629 0.075700
-0.033069 0.023822 0.075700
-0.033157 0.024079 0.075900
-0.033244 0.024336 0.076100
-0.033288 0.024562 0.076200
-0.033375 0.024822 0.076400
-0.033419 0.025049 0.076500
-0.033463 0.025277 0.076600
-0.033506 0.025506 0.076700
-0.033550 0.025735 0.076800
-0.033790 0.010478 0.076900
-0.033702 0.010646 0.076700
-0.033614 0.010813 0.076500
-0.033614 0.011008 0.076500
-0.033482 0.011159 0.076200
-0.033395 0.011324 0.076000
-0.033351 0.011502 0.075900
-0.033219 0.011649 0.075600
-0.033131 0.011811 0.075400
-0.033087 0.011987 0.075300
-0.033043 0.012163 0.075200
-0.032999 0.012338 0.075100
-0.032999 0.012530 0.075100
-0.032955 0.012704 0.075000
-0.032955 0.012895 0.075000
-0.032955 0.013087 0.075000
-0.032911 0.013260 0.074900
-0.032911 0.013451 0.074900
-0.032911 0.013642 0.074900
-0.032867 0.013814 0.074800
-0.032867 0.014005 0.074800
-0.032867 0.014196 0.074800
-0.032823 0.014367 0.074700
-0.032823 0.014558 0.074700
-0.032823 0.014748 0.074700
-0.032823 0.014938 0.074700
-0.032779 0.015109 0.074600
-0.032779 0.015299 0.074600
-0.032779 0.015489 0.074600
-0.032736 0.015658 0.074500
-0.032736 0.015848 0.074500
-0.032692 0.016016 0.074400
-0.032692 0.016206 0.074400
-0.032692 0.016396 0.074400
-0.032648 0.016563 0.074300
-0.032648 0.016753 0.074300
-0.032648 0.016942 0.074300
-0.032604 0.017108 0.074200
-0.032604 0.017297 0.074200
-0.032604 0.017487 0.074200
-0.032604 0.017676 0.074200
-0.032604 0.017865 0.074200
-0.032604 0.018054 0.074200
-0.032604 0.018243 0.074200
-0.032560 0.018408 0.074100
-0.032560 0.018596 0.074100
-0.032560 0.018785 0.074100
-0.032560 0.018974 0.074100
-0.032560 0.019163 0.074100
-0.032560 0.019352 0.074100
-0.032560 0.019541 0.074100
-0.032560 0.019730 0.074100
-0.032560 0.019919 0.074100
-0.032560 0.020108 0.074100
-0.032560 0.020296 0.074100
-0.032560 0.020485 0.074100
-0.032560 0.020674 0.074100
-0.032560 0.020863 0.074100
-0.032560 0.021052 0.074100
-0.032560 0.021241 0.074100
-0.032604 0.021459 0.074200
-0.032604 0.021648 0.074200
-0.032648 0.021867 0.074300
-0.032692 0.022086 0.074400
-0.032779 0.022335 0.074600
-0.032867 0.022586 0.074800
-0.032955 0.022837 0.075000
-0.033043 0.023090 0.075200
-0.033175 0.023374 0.075500
-0.033263 0.023629 0.075700
-0.033351 0.023885 0.075900
-0.033395 0.024111 0.076000
-0.033482 0.024368 0.076200
-0.033526 0.024595 0.076300
-0.033614 0.024854 0.076500
-0.033658 0.025082 0.076600
-0.033658 0.025277 0.076600
-0.033702 0.025506 0.076700
-0.033898 0.010841 0.076700
-0.033898 0.011037 0.076700
-0.033854 0.011218 0.076600
-0.033677 0.011353 0.076200
-0.033545 0.011502 0.075900
-0.033545 0.011696 0.075900
-0.033412 0.011842 0.075600
-0.033324 0.012003 0.075400
-0.033279 0.012179 0.075300
-0.033235 0.012355 0.075200
-0.033235 0.012546 0.075200
-0.033191 0.012721 0.075100
-0.033191 0.012913 0.075100
-0.033191 0.013104 0.075100
-0.033147 0.013278 0.075000
-0.033147 0.013469 0.075000
-0.033103 0.013642 0.074900
-0.033103 0.013833 0.074900
-0.033103 0.014024 0.074900
-0.033058 0.014196 0.074800
-0.033058 0.014386 0.074800
-0.033058 0.014577 0.074800
-0.033014 0.014748 0.074700
-0.033014 0.014938 0.074700
-0.033014 0.015129 0.074700
-0.032970 0.015299 0.074600
-0.032970 0.015489 0.074600
-0.032970 0.015679 0.074600
-0.032970 0.015869 0.074600
-0.032926 0.016038 0.074500
-0.032926 0.016228 0.074500
-0.032882 0.016396 0.074400
-0.032882 0.016585 0.074400
-0.032837 0.016753 0.074300
-0.032837 0.016942 0.074300
-0.032837 0.017131 0.074300
-0.032837 0.017321 0.074300
-0.032837 0.017510 0.074300
-0.032837 0.017700 0.074300
-0.032793 0.017865 0.074200
-0.032793 0.018054 0.074200
-0.032793 0.018243 0.074200
-0.032793 0.018432 0.074200
-0.032793 0.018622 0.074200
-0.032793 0.018811 0.074200
-0.032793 0.019000 0.074200
-0.032793 0.019189 0.074200
-0.032793 0.019378 0.074200
-0.032793 0.019567 0.074200
-0.032793 0.019756 0.074200
-0.032793 0.019946 0.074200
-0.032793 0.020135 0.074200
-0.032793 0.020324 0.074200
-0.032793 0.020513 0.074200
-0.032793 0.020702 0.074200
-0.032837 0.020920 0.074300
-0.032837 0.021109 0.074300
-0.032837 0.021298 0.074300
-0.032882 0.021517 0.074400
-0.032926 0.021735 0.074500
-0.032970 0.021955 0.074600
-0.033014 0.022175 0.074700
-0.033103 0.022425 0.074900
-0.033147 0.022646 0.075000
-0.033235 0.022898 0.075200
-0.033368 0.023182 0.075500
-0.033456 0.023436 0.075700
-0.033500 0.023661 0.075800
-0.033589 0.023917 0.076000
-0.033633 0.024142 0.076100
-0.033721 0.024400 0.076300
-0.033766 0.024627 0.076400
-0.033810 0.024854 0.076500
-0.033854 0.025082 0.076600
-0.034183 0.011066 0.076900
-0.034050 0.011218 0.076600
-0.034050 0.011413 0.076600
-0.033827 0.011533 0.076100
-0.033739 0.011696 0.075900
-0.033739 0.011889 0.075900
-0.033605 0.012035 0.075600
-0.033561 0.012211 0.075500
-0.033516 0.012388 0.075400
-0.033472 0.012563 0.075300
-0.033427 0.012738 0.075200
-0.033427 0.012930 0.075200
-0.033383 0.013104 0.075100
-0.033383 0.013295 0.075100
-0.033338 0.013469 0.075000
-0.033338 0.013660 0.075000
-0.033338 0.013851 0.075000
-0.033294 0.014024 0.074900
-0.033294 0.014215 0.074900
-0.033294 0.014406 0.074900
-0.033250 0.014577 0.074800
-0.033250 0.014768 0.074800
-0.033250 0.014958 0.074800
-0.033250 0.015149 0.074800
-0.033205 0.015319 0.074700
-0.033205 0.015510 0.074700
-0.033205 0.015700 0.074700
-0.033205 0.015891 0.074700
-0.033161 0.016060 0.074600
-0.033161 0.016250 0.074600
-0.033116 0.016418 0.074500
-0.033116 0.016608 0.074500
-0.033116 0.016798 0.074500
-0.033072 0.016965 0.074400
-0.033072 0.017154 0.074400
-0.033072 0.017344 0.074400
-0.033027 0.017510 0.074300
-0.033027 0.017700 0.074300
-0.033027 0.017889 0.074300
-0.033027 0.018078 0.074300
-0.033027 0.018268 0.074300
-0.033027 0.018457 0.074300
-0.033027 0.018647 0.074300
-0.033027 0.018836 0.074300
-0.033027 0.019025 0.074300
-0.033027 0.019215 0.074300
-0.033072 0.019430 0.074400
-0.033072 0.019620 0.074400
-0.033072 0.019810 0.074400
-0.033072 0.019999 0.074400
-0.033072 0.020189 0.074400
-0.033072 0.020379 0.074400
-0.033116 0.020596 0.074500
-0.033116 0.020786 0.074500
-0.033116 0.020976 0.074500
-0.033116 0.021166 0.074500
-0.033161 0.021384 0.074600
-0.033205 0.021603 0.074700
-0.033250 0.021823 0.074800
-0.033250 0.022014 0.074800
-0.033338 0.022264 0.075000
-0.033383 0.022485 0.075100
-0.033472 0.022737 0.075300
-0.033650 0.023050 0.075700
-0.033650 0.023243 0.075700
-0.033694 0.023467 0.075800
-0.033783 0.023723 0.076000
-0.033827 0.023948 0.076100
-0.033872 0.024174 0.076200
-0.033916 0.024400 0.076300
-0.033961 0.024627 0.076400
-0.034005 0.024854 0.076500
-0.034245 0.011413 0.076600
-0.034111 0.011563 0.076300
-0.034022 0.011727 0.076100
-0.033932 0.011889 0.075900
-0.033843 0.012051 0.075700
-0.033798 0.012228 0.075600
-0.033754 0.012404 0.075500
-0.033709 0.012580 0.075400
-0.033664 0.012755 0.075300
-0.033664 0.012947 0.075300
-0.033620 0.013121 0.075200
-0.033575 0.013295 0.075100
-0.033575 0.013487 0.075100
-0.033575 0.013678 0.075100
-0.033530 0.013851 0.075000
-0.033530 0.014043 0.075000
-0.033530 0.014234 0.075000
-0.033485 0.014406 0.074900
-0.033485 0.014597 0.074900
-0.033485 0.014788 0.074900
-0.033485 0.014978 0.074900
-0.033485 0.015169 0.074900
-0.033441 0.015340 0.074800
-0.033441 0.015531 0.074800
-0.033441 0.015721 0.074800
-0.033441 0.015912 0.074800
-0.033441 0.016103 0.074800
-0.033396 0.016271 0.074700
-0.033396 0.016462 0.074700
-0.033351 0.016630 0.074600
-0.033351 0.016820 0.074600
-0.033307 0.016988 0.074500
-0.033307 0.017177 0.074500
-0.033262 0.017344 0.074400
-0.033262 0.017534 0.074400
-0.033262 0.017723 0.074400
-0.033262 0.017913 0.074400
-0.033262 0.018103 0.074400
-0.033262 0.018292 0.074400
-0.033262 0.018482 0.074400
-0.033262 0.018672 0.074400
-0.033307 0.018887 0.074500
-0.033307 0.019077 0.074500
-0.033307 0.019267 0.074500
-0.033307 0.019456 0.074500
-0.033351 0.019673 0.074600
-0.033351 0.019863 0.074600
-0.033351 0.020053 0.074600
-0.033351 0.020243 0.074600
-0.033396 0.020461 0.074700
-0.033396 0.020651 0.074700
-0.033396 0.020842 0.074700
-0.033441 0.021060 0.074800
-0.033441 0.021251 0.074800
-0.033485 0.021470 0.074900
-0.033485 0.021661 0.074900
-0.033575 0.021911 0.075100
-0.033620 0.022131 0.075200
-0.033664 0.022353 0.075300
-0.033754 0.022605 0.075500
-0.033888 0.022888 0.075800
-0.033932 0.023111 0.075900
-0.033932 0.023305 0.075900
-0.033977 0.023529 0.076000
-0.034022 0.023754 0.076100
-0.034067 0.023980 0.076200
-0.034111 0.024206 0.076300
-0.034156 0.024432 0.076400
-0.034351 0.011578 0.076400
-0.034261 0.011742 0.076200
-0.034126 0.011889 0.075900
-0.034081 0.012067 0.075800
-0.033992 0.012228 0.075600
-0.033947 0.012404 0.075500
-0.033902 0.012580 0.075400
-0.033902 0.012772 0.075400
-0.033857 0.012947 0.075300
-0.033857 0.013139 0.075300
-0.033812 0.013313 0.075200
-0.033812 0.013505 0.075200
-0.033767 0.013678 0.075100
-0.033767 0.013870 0.075100
-0.033767 0.014061 0.075100
-0.033722 0.014234 0.075000
-0.033722 0.014425 0.075000
-0.033722 0.014616 0.075000
-0.033722 0.014807 0.075000
-0.033722 0.014998 0.075000
-0.033722 0.015190 0.075000
-0.033677 0.015360 0.074900
-0.033677 0.015551 0.074900
-0.033677 0.015742 0.074900
-0.033677 0.015933 0.074900
-0.033677 0.016124 0.074900
-0.033632 0.016293 0.074800
-0.033632 0.016484 0.074800
-0.033587 0.016652 0.074700
-0.033587 0.016843 0.074700
-0.033587 0.017033 0.074700
-0.033542 0.017201 0.074600
-0.033542 0.017391 0.074600
-0.033497 0.017557 0.074500
-0.033497 0.017747 0.074500
-0.033497 0.017937 0.074500
-0.033497 0.018127 0.074500
-0.033497 0.018317 0.074500
-0.033497 0.018507 0.074500
-0.033497 0.018697 0.074500
-0.033542 0.018912 0.074600
-0.033542 0.019102 0.074600
-0.033542 0.019292 0.074600
-0.033542 0.019483 0.074600
-0.033587 0.019699 0.074700
-0.033632 0.019916 0.074800
-0.033632 0.020107 0.074800
-0.033632 0.020298 0.074800
-0.033677 0.020516 0.074900
-0.033677 0.020707 0.074900
-0.033677 0.020898 0.074900
-0.033722 0.021117 0.075000
-0.033767 0.021336 0.075100
-0.033767 0.021528 0.075100
-0.033857 0.021777 0.075300
-0.033857 0.021969 0.075300
-0.033947 0.022220 0.075500
-0.033992 0.022442 0.075600
-0.034037 0.022665 0.075700
-0.034081 0.022888 0.075800
-0.034126 0.023111 0.075900
-0.034171 0.023336 0.076000
-0.034216 0.023560 0.076100
-0.034261 0.023785 0.076200
-0.034261 0.023980 0.076200
-0.034501 0.011757 0.076300
-0.034411 0.011921 0.076100
-0.034275 0.012067 0.075800
-0.034230 0.012244 0.075700
-0.034185 0.012420 0.075600
-0.034139 0.012596 0.075500
-0.034094 0.012772 0.075400
-0.034094 0.012964 0.075400
-0.034049 0.013139 0.075300
-0.034004 0.013313 0.075200
-0.034004 0.013505 0.075200
-0.034004 0.013697 0.075200
-0.033959 0.013870 0.075100
-0.033959 0.014061 0.075100
-0.033959 0.014253 0.075100
-0.033959 0.014444 0.075100
-0.033959 0.014636 0.075100
-0.033959 0.014827 0.075100
-0.033913 0.014998 0.075000
-0.033913 0.015190 0.075000
-0.033913 0.015381 0.075000
-0.033913 0.015572 0.075000
-0.033913 0.015763 0.075000
-0.033913 0.015954 0.075000
-0.033913 0.016146 0.075000
-0.033868 0.016315 0.074900
-0.033868 0.016506 0.074900
-0.033823 0.016675 0.074800
-0.033823 0.016865 0.074800
-0.033823 0.017056 0.074800
-0.033778 0.017224 0.074700
-0.033778 0.017414 0.074700
-0.033733 0.017581 0.074600
-0.033733 0.017771 0.074600
-0.033733 0.017961 0.074600
-0.033733 0.018151 0.074600
-0.033733 0.018342 0.074600
-0.033733 0.018532 0.074600
-0.033733 0.018722 0.074600
-0.033778 0.018937 0.074700
-0.033778 0.019128 0.074700
-0.033778 0.019318 0.074700
-0.033823 0.019535 0.074800
-0.033868 0.019752 0.074900
-0.033868 0.019943 0.074900
-0.033913 0.020161 0.075000
-0.033913 0.020352 0.075000
-0.033959 0.020570 0.075100
-0.034004 0.020790 0.075200
-0.034004 0.020981 0.075200
-0.034049 0.021201 0.075300
-0.034049 0.021393 0.075300
-0.034094 0.021614 0.075400
-0.034185 0.021864 0.075600
-0.034230 0.022086 0.075700
-0.034275 0.022308 0.075800
-0.034275 0.022501 0.075800
-0.034320 0.022724 0.075900
-0.034366 0.022948 0.076000
-0.034411 0.023172 0.076100
-0.034411 0.023366 0.076100
-0.034456 0.023591 0.076200
-0.034605 0.011921 0.076100
-0.034514 0.012083 0.075900
-0.034469 0.012260 0.075800
-0.034378 0.012420 0.075600
-0.034378 0.012613 0.075600
-0.034332 0.012789 0.075500
-0.034287 0.012964 0.075400
-0.034241 0.013139 0.075300
-0.034241 0.013331 0.075300
-0.034196 0.013505 0.075200
-0.034196 0.013697 0.075200
-0.034196 0.013888 0.075200
-0.034196 0.014080 0.075200
-0.034196 0.014272 0.075200
-0.034196 0.014463 0.075200
-0.034151 0.014636 0.075100
-0.034151 0.014827 0.075100
-0.034151 0.015018 0.075100
-0.034151 0.015210 0.075100
-0.034151 0.015401 0.075100
-0.034151 0.015593 0.075100
-0.034151 0.015784 0.075100
-0.034151 0.015976 0.075100
-0.034105 0.016146 0.075000
-0.034105 0.016337 0.075000
-0.034105 0.016528 0.075000
-0.034060 0.016697 0.074900
-0.034060 0.016888 0.074900
-0.034060 0.017079 0.074900
-0.034014 0.017247 0.074800
-0.034014 0.017437 0.074800
-0.033969 0.017604 0.074700
-0.033969 0.017795 0.074700
-0.033969 0.017985 0.074700
-0.033969 0.018176 0.074700
-0.033969 0.018366 0.074700
-0.033969 0.018557 0.074700
-0.033969 0.018747 0.074700
-0.034014 0.018963 0.074800
-0.034014 0.019153 0.074800
-0.034060 0.019370 0.074900
-0.034105 0.019587 0.075000
-0.034105 0.019778 0.075000
-0.034151 0.019996 0.075100
-0.034196 0.020214 0.075200
-0.034196 0.020406 0.075200
-0.034241 0.020625 0.075300
-0.034287 0.020845 0.075400
-0.034287 0.021037 0.075400
-0.034332 0.021257 0.075500
-0.034378 0.021478 0.075600
-0.034423 0.021700 0.075700
-0.034469 0.021922 0.075800
-0.034514 0.022144 0.075900
-0.034560 0.022367 0.076000
-0.034560 0.022561 0.076000
-0.034605 0.022784 0.076100
-0.034651 0.023008 0.076200
-0.034651 0.023203 0.076200
-0.034754 0.012099 0.076000
-0.034663 0.012260 0.075800
-0.034617 0.012437 0.075700
-0.034571 0.012613 0.075600
-0.034571 0.012806 0.075600
-0.034480 0.012964 0.075400
-0.034480 0.013156 0.075400
-0.034480 0.013349 0.075400
-0.034434 0.013523 0.075300
-0.034434 0.013715 0.075300
-0.034434 0.013907 0.075300
-0.034434 0.014099 0.075300
-0.034434 0.014291 0.075300
-0.034388 0.014463 0.075200
-0.034388 0.014655 0.075200
-0.034388 0.014847 0.075200
-0.034388 0.015038 0.075200
-0.034388 0.015230 0.075200
-0.034388 0.015422 0.075200
-0.034388 0.015614 0.075200
-0.034388 0.015805 0.075200
-0.034388 0.015997 0.075200
-0.034388 0.016189 0.075200
-0.034342 0.016359 0.075100
-0.034342 0.016550 0.075100
-0.034342 0.016741 0.075100
-0.034297 0.016910 0.075000
-0.034297 0.017102 0.075000
-0.034251 0.017270 0.074900
-0.034251 0.017461 0.074900
-0.034251 0.017652 0.074900
-0.034251 0.017843 0.074900
-0.034251 0.018033 0.074900
-0.034251 0.018224 0.074900
-0.034251 0.018415 0.074900
-0.034251 0.018606 0.074900
-0.034297 0.018822 0.075000
-0.034297 0.019013 0.075000
-0.034342 0.019230 0.075100
-0.034342 0.019422 0.075100
-0.034388 0.019639 0.075200
-0.034388 0.019831 0.075200
-0.034434 0.020049 0.075300
-0.034480 0.020268 0.075400
-0.034480 0.020460 0.075400
-0.034525 0.020680 0.075500
-0.034571 0.020900 0.075600
-0.034571 0.021093 0.075600
-0.034617 0.021314 0.075700
-0.034663 0.021535 0.075800
-0.034708 0.021757 0.075900
-0.034754 0.021979 0.076000
-0.034800 0.022202 0.076100
-0.034800 0.022396 0.076100
-0.034800 0.022590 0.076100
-0.034845 0.022814 0.076200
-0.034856 0.012260 0.075800
-0.034810 0.012437 0.075700
-0.034810 0.012630 0.075700
-0.034764 0.012806 0.075600
-0.034718 0.012981 0.075500
-0.034718 0.013174 0.075500
-0.034672 0.013349 0.075400
-0.034672 0.013541 0.075400
-0.034672 0.013733 0.075400
-0.034672 0.013925 0.075400
-0.034672 0.014117 0.075400
-0.034672 0.014310 0.075400
-0.034672 0.014502 0.075400
-0.034672 0.014694 0.075400
-0.034672 0.014886 0.075400
-0.034626 0.015058 0.075300
-0.034626 0.015250 0.075300
-0.034626 0.015442 0.075300
-0.034626 0.015634 0.075300
-0.034626 0.015826 0.075300
-0.034626 0.016018 0.075300
-0.034626 0.016210 0.075300
-0.034626 0.016402 0.075300
-0.034626 0.016594 0.075300
-0.034626 0.016786 0.075300
-0.034580 0.016955 0.075200
-0.034580 0.017147 0.075200
-0.034580 0.017339 0.075200
-0.034580 0.017531 0.075200
-0.034580 0.017722 0.075200
-0.034534 0.017890 0.075100
-0.034534 0.018082 0.075100
-0.034580 0.018297 0.075200
-0.034580 0.018489 0.075200
-0.034580 0.018681 0.075200
-0.034580 0.018872 0.075200
-0.034626 0.019090 0.075300
-0.034626 0.019281 0.075300
-0.034626 0.019473 0.075300
-0.034672 0.019692 0.075400
-0.034672 0.019884 0.075400
-0.034718 0.020103 0.075500
-0.034764 0.020322 0.075600
-0.034810 0.020542 0.075700
-0.034856 0.020762 0.075800
-0.034856 0.020955 0.075800
-0.034856 0.021149 0.075800
-0.034902 0.021370 0.075900
-0.034902 0.021563 0.075900
-0.034948 0.021786 0.076000
-0.034994 0.022008 0.076100
-0.034994 0.022202 0.076100
-0.035040 0.022426 0.076200
-0.035004 0.012630 0.075700
-0.034957 0.012806 0.075600
-0.034957 0.012999 0.075600
-0.034911 0.013174 0.075500
-0.034911 0.013366 0.075500
-0.034911 0.013559 0.075500
-0.034911 0.013751 0.075500
-0.034911 0.013944 0.075500
-0.034911 0.014136 0.075500
-0.034911 0.014329 0.075500
-0.034911 0.014521 0.075500
-0.034911 0.014714 0.075500
-0.034911 0.014906 0.075500
-0.034911 0.015098 0.075500
-0.034911 0.015291 0.075500
-0.034911 0.015483 0.075500
-0.034911 0.015676 0.075500
-0.034911 0.015868 0.075500
-0.034911 0.016061 0.075500
-0.034911 0.016253 0.075500
-0.034911 0.016446 0.075500
-0.034865 0.016616 0.075400
-0.034865 0.016808 0.075400
-0.034865 0.017001 0.075400
-0.034865 0.017193 0.075400
-0.034865 0.017385 0.075400
-0.034865 0.017577 0.075400
-0.034865 0.017769 0.075400
-0.034865 0.017962 0.075400
-0.034865 0.018154 0.075400
-0.034865 0.018346 0.075400
-0.034865 0.018538 0.075400
-0.034865 0.018730 0.075400
-0.034911 0.018948 0.075500
-0.034911 0.019140 0.075500
-0.034957 0.019358 0.075600
-0.034957 0.019551 0.075600
-0.035004 0.019770 0.075700
-0.035004 0.019963 0.075700
-0.035004 0.020156 0.075700
-0.035050 0.020376 0.075800
-0.035096 0.020596 0.075900
-0.035096 0.020790 0.075900
-0.035142 0.021011 0.076000
-0.035142 0.021204 0.076000
-0.035189 0.021426 0.076100
-0.035189 0.021620 0.076100
-0.035189 0.021814 0.076100
-0.035235 0.022037 0.076200
-0.035151 0.012999 0.075600
-0.035151 0.013191 0.075600
-0.035151 0.013384 0.075600
-0.035151 0.013577 0.075600
-0.035151 0.013769 0.075600
-0.035151 0.013962 0.075600
-0.035151 0.014155 0.075600
-0.035151 0.014348 0.075600
-0.035151 0.014540 0.075600
-0.035151 0.014733 0.075600
-0.035151 0.014926 0.075600
-0.035151 0.015118 0.075600
-0.035151 0.015311 0.075600
-0.035151 0.015504 0.075600
-0.035151 0.015697 0.075600
-0.035197 0.015910 0.075700
-0.035197 0.016103 0.075700
-0.035197 0.016296 0.075700
-0.035197 0.016489 0.075700
-0.035197 0.016682 0.075700
-0.035197 0.016875 0.075700
-0.035197 0.017068 0.075700
-0.035197 0.017261 0.075700
-0.035197 0.017454 0.075700
-0.035197 0.017647 0.075700
-0.035197 0.017840 0.075700
-0.035197 0.018033 0.075700
-0.035197 0.018226 0.075700
-0.035197 0.018419 0.075700
-0.035197 0.018612 0.075700
-0.035197 0.018805 0.075700
-0.035197 0.018998 0.075700
-0.035244 0.019216 0.075800
-0.035244 0.019410 0.075800
-0.035244 0.019603 0.075800
-0.035290 0.019822 0.075900
-0.035290 0.020016 0.075900
-0.035290 0.020209 0.075900
-0.035337 0.020429 0.076000
-0.035337 0.020623 0.076000
-0.035383 0.020844 0.076100
-0.035383 0.021038 0.076100
-0.035383 0.021232 0.076100
-0.035430 0.021454 0.076200
-0.035430 0.021649 0.076200
-0.035390 0.013209 0.075700
-0.035390 0.013402 0.075700
-0.035390 0.013595 0.075700
-0.035390 0.013788 0.075700
-0.035390 0.013981 0.075700
-0.035390 0.014174 0.075700
-0.035390 0.014367 0.075700
-0.035390 0.014560 0.075700
-0.035437 0.014772 0.075800
-0.035437 0.014965 0.075800
-0.035437 0.015158 0.075800
-0.035437 0.015352 0.075800
-0.035437 0.015545 0.075800
-0.035437 0.015738 0.075800
-0.035437 0.015931 0.075800
-0.035437 0.016125 0.075800
-0.035437 0.016318 0.075800
-0.035437 0.016511 0.075800
-0.035437 0.016704 0.075800
-0.035484 0.016920 0.075900
-0.035484 0.017113 0.075900
-0.035484 0.017307 0.075900
-0.035484 0.017500 0.075900
-0.035484 0.017694 0.075900
-0.035484 0.017887 0.075900
-0.035484 0.018081 0.075900
-0.035484 0.018274 0.075900
-0.035484 0.018468 0.075900
-0.035484 0.018661 0.075900
-0.035484 0.018855 0.075900
-0.035484 0.019048 0.075900
-0.035531 0.019267 0.076000
-0.035531 0.019461 0.076000
-0.035531 0.019654 0.076000
-0.035531 0.019848 0.076000
-0.035577 0.020068 0.076100
-0.035577 0.020262 0.076100
-0.035577 0.020456 0.076100
-0.035624 0.020677 0.076200
-0.035624 0.020872 0.076200
-0.035624 0.021066 0.076200
-0.035671 0.021288 0.076300
-0.035631 0.013613 0.075800
-0.035631 0.013806 0.075800
-0.035631 0.013999 0.075800
-0.035678 0.014211 0.075900
-0.035678 0.014405 0.075900
-0.035678 0.014598 0.075900
-0.035678 0.014791 0.075900
-0.035678 0.014985 0.075900
-0.035678 0.015178 0.075900
-0.035678 0.015372 0.075900
-0.035678 0.015565 0.075900
-0.035678 0.015759 0.075900
-0.035678 0.015952 0.075900
-0.035678 0.016146 0.075900
-0.035678 0.016339 0.075900
-0.035725 0.016555 0.076000
-0.035725 0.016748 0.076000
-0.035725 0.016942 0.076000
-0.035725 0.017136 0.076000
-0.035725 0.017330 0.076000
-0.035725 0.017523 0.076000
-0.035772 0.017740 0.076100
-0.035772 0.017934 0.076100
-0.035772 0.018128 0.076100
-0.035772 0.018322 0.076100
-0.035772 0.018516 0.076100
-0.035772 0.018710 0.076100
-0.035772 0.018904 0.076100
-0.035772 0.019098 0.076100
-0.035772 0.019292 0.076100
-0.035819 0.019512 0.076200
-0.035819 0.019706 0.076200
-0.035819 0.019900 0.076200
-0.035819 0.020095 0.076200
-0.035819 0.020289 0.076200
-0.035866 0.020510 0.076300
-0.035866 0.020705 0.076300
-0.035866 0.020899 0.076300
-0.035966 0.014248 0.076100
-0.035966 0.014442 0.076100
-0.035966 0.014636 0.076100
-0.035919 0.014811 0.076000
-0.035919 0.015005 0.076000
-0.035919 0.015198 0.076000
-0.035919 0.015392 0.076000
-0.035919 0.015586 0.076000
-0.035919 0.015780 0.076000
-0.035919 0.015973 0.076000
-0.035919 0.016167 0.076000
-0.035919 0.016361 0.076000
-0.035966 0.016576 0.076100
-0.035966 0.016770 0.076100
-0.035966 0.016964 0.076100
-0.036014 0.017181 0.076200
-0.036014 0.017375 0.076200
-0.036014 0.017569 0.076200
-0.036014 0.017764 0.076200
-0.036014 0.017958 0.076200
-0.036061 0.018176 0.076300
-0.036061 0.018371 0.076300
-0.036061 0.018565 0.076300
-0.036061 0.018760 0.076300
-0.036061 0.018954 0.076300
-0.036061 0.019149 0.076300
-0.036061 0.019343 0.076300
-0.036061 0.019538 0.076300
-0.036061 0.019732 0.076300
-0.036061 0.019927 0.076300
-0.036108 0.020147 0.076400
-0.036108 0.020342 0.076400
-0.036108 0.020537 0.076400
