{"data_time": 0.10444337050012109, "eta_seconds": 2169.2328964199805, "fast_rcnn/cls_accuracy": 0.8564453125, "fast_rcnn/false_negative": 0.9739583333333334, "fast_rcnn/fg_cls_accuracy": 0.026041666666666664, "iteration": 19, "loss_box_reg": 0.29326073825359344, "loss_cls": 0.523034930229187, "loss_mask": 0.6684718728065491, "loss_rpn_cls": 0.09643668681383133, "loss_rpn_loc": 0.02005246840417385, "lr": 0.00019181000000000002, "mask_rcnn/accuracy": 0.8477408008658008, "mask_rcnn/false_negative": 0.0074953008777050075, "mask_rcnn/false_positive": 0.28835403906756263, "roi_head/num_bg_samples": 464.0, "roi_head/num_fg_samples": 48.0, "rpn/num_neg_anchors": 231.25, "rpn/num_pos_anchors": 24.75, "time": 12.051293868999892, "total_loss": 1.5988967213779688}
{"data_time": 0.09715192399926309, "eta_seconds": 1798.6015498400957, "fast_rcnn/cls_accuracy": 0.9013671875, "fast_rcnn/false_negative": 1.0, "fast_rcnn/fg_cls_accuracy": 0.0, "iteration": 39, "loss_box_reg": 0.29745998978614807, "loss_cls": 0.24701517075300217, "loss_mask": 0.40759092569351196, "loss_rpn_cls": 0.06892656162381172, "loss_rpn_loc": 0.0281405970454216, "lr": 0.00039161, "mask_rcnn/accuracy": 0.8705256200819715, "mask_rcnn/false_negative": 0.0024914527170070795, "mask_rcnn/false_positive": 0.3159520872486853, "roi_head/num_bg_samples": 461.5, "roi_head/num_fg_samples": 50.5, "rpn/num_neg_anchors": 229.5, "rpn/num_pos_anchors": 26.5, "time": 11.13419403250009, "total_loss": 1.0971490982919931}
{"data_time": 0.08767556700058776, "eta_seconds": 1558.7871645500127, "fast_rcnn/cls_accuracy": 0.9150390625, "fast_rcnn/false_negative": 0.7243709561466571, "fast_rcnn/fg_cls_accuracy": 0.2756290438533429, "iteration": 59, "loss_box_reg": 0.39213719964027405, "loss_cls": 0.18935929983854294, "loss_mask": 0.21229521930217743, "loss_rpn_cls": 0.028076195158064365, "loss_rpn_loc": 0.019011870957911015, "lr": 0.00059141, "mask_rcnn/accuracy": 0.9277362730806609, "mask_rcnn/false_negative": 0.013309259032244922, "mask_rcnn/false_positive": 0.14915555647258888, "roi_head/num_bg_samples": 445.5, "roi_head/num_fg_samples": 66.5, "rpn/num_neg_anchors": 234.0, "rpn/num_pos_anchors": 22.0, "time": 11.013692063499548, "total_loss": 0.8238759310916066}
{"data_time": 0.08777232949978497, "eta_seconds": 1348.9511623800718, "fast_rcnn/cls_accuracy": 0.9697265625, "fast_rcnn/false_negative": 0.21012759170653905, "fast_rcnn/fg_cls_accuracy": 0.789872408293461, "iteration": 79, "loss_box_reg": 0.2801634222269058, "loss_cls": 0.10924952104687691, "loss_mask": 0.14050477743148804, "loss_rpn_cls": 0.02351284958422184, "loss_rpn_loc": 0.02148858644068241, "lr": 0.0007912100000000001, "mask_rcnn/accuracy": 0.950252208300957, "mask_rcnn/false_negative": 0.04520877163347667, "mask_rcnn/false_positive": 0.07553118697116074, "roi_head/num_bg_samples": 451.75, "roi_head/num_fg_samples": 60.25, "rpn/num_neg_anchors": 231.5, "rpn/num_pos_anchors": 24.5, "time": 11.451450350499726, "total_loss": 0.6191136087290943}
{"data_time": 0.0860339484997894, "eta_seconds": 1145.1450350499726, "fast_rcnn/cls_accuracy": 0.9638671875, "fast_rcnn/false_negative": 0.14479166666666665, "fast_rcnn/fg_cls_accuracy": 0.8552083333333333, "iteration": 99, "loss_box_reg": 0.20726662129163742, "loss_cls": 0.10873785242438316, "loss_mask": 0.12602537125349045, "loss_rpn_cls": 0.018887531012296677, "loss_rpn_loc": 0.022702082991600037, "lr": 0.00099101, "mask_rcnn/accuracy": 0.9481738187937649, "mask_rcnn/false_negative": 0.041965192712184116, "mask_rcnn/false_positive": 0.07001446886689613, "roi_head/num_bg_samples": 435.0, "roi_head/num_fg_samples": 77.0, "rpn/num_neg_anchors": 228.5, "rpn/num_pos_anchors": 27.5, "time": 12.248830600000474, "total_loss": 0.5170382568612695}
{"data_time": 0.08988454100017407, "eta_seconds": 943.6618978000479, "fast_rcnn/cls_accuracy": 0.970703125, "fast_rcnn/false_negative": 0.11635928961748634, "fast_rcnn/fg_cls_accuracy": 0.8836407103825137, "iteration": 119, "loss_box_reg": 0.17433611303567886, "loss_cls": 0.0898708887398243, "loss_mask": 0.13094473630189896, "loss_rpn_cls": 0.015989070758223534, "loss_rpn_loc": 0.018302428536117077, "lr": 0.00119081, "mask_rcnn/accuracy": 0.9461858776106706, "mask_rcnn/false_negative": 0.045606331637044424, "mask_rcnn/false_positive": 0.05815775826002856, "roi_head/num_bg_samples": 436.5, "roi_head/num_fg_samples": 75.5, "rpn/num_neg_anchors": 234.0, "rpn/num_pos_anchors": 22.0, "time": 13.276396167000712, "total_loss": 0.4067345322109759}
{"data_time": 0.09020646150020184, "eta_seconds": 714.5236880399352, "fast_rcnn/cls_accuracy": 0.96875, "fast_rcnn/false_negative": 0.10706495969653865, "fast_rcnn/fg_cls_accuracy": 0.8929350403034613, "iteration": 139, "loss_box_reg": 0.1592053771018982, "loss_cls": 0.08087588101625443, "loss_mask": 0.11858278885483742, "loss_rpn_cls": 0.01534303743392229, "loss_rpn_loc": 0.02310781553387642, "lr": 0.00139061, "mask_rcnn/accuracy": 0.9497102584165534, "mask_rcnn/false_negative": 0.04037828458632352, "mask_rcnn/false_positive": 0.07488562556678702, "roi_head/num_bg_samples": 433.5, "roi_head/num_fg_samples": 78.5, "rpn/num_neg_anchors": 231.0, "rpn/num_pos_anchors": 25.0, "time": 13.551590952499282, "total_loss": 0.4468654594384134}
{"data_time": 0.0871350835004705, "eta_seconds": 479.70108056000754, "fast_rcnn/cls_accuracy": 0.96923828125, "fast_rcnn/false_negative": 0.14783404300242814, "fast_rcnn/fg_cls_accuracy": 0.8521659569975719, "iteration": 159, "loss_box_reg": 0.14267145097255707, "loss_cls": 0.09252626076340675, "loss_mask": 0.12752112746238708, "loss_rpn_cls": 0.017384745180606842, "loss_rpn_loc": 0.021461340598762035, "lr": 0.0015904100000000002, "mask_rcnn/accuracy": 0.9463833721847984, "mask_rcnn/false_negative": 0.043459769044473975, "mask_rcnn/false_positive": 0.06001770976938543, "roi_head/num_bg_samples": 437.75, "roi_head/num_fg_samples": 74.25, "rpn/num_neg_anchors": 231.0, "rpn/num_pos_anchors": 25.0, "time": 13.333943330999318, "total_loss": 0.4260759465396404}
{"data_time": 0.08613435000006575, "eta_seconds": 241.08192407999013, "fast_rcnn/cls_accuracy": 0.96728515625, "fast_rcnn/false_negative": 0.07981220657276995, "fast_rcnn/fg_cls_accuracy": 0.92018779342723, "iteration": 179, "loss_box_reg": 0.17196132987737656, "loss_cls": 0.0885268822312355, "loss_mask": 0.11232241615653038, "loss_rpn_cls": 0.008459617849439383, "loss_rpn_loc": 0.020565609447658062, "lr": 0.0017902100000000002, "mask_rcnn/accuracy": 0.9533806037105637, "mask_rcnn/false_negative": 0.0372666725828997, "mask_rcnn/false_positive": 0.05268222489667668, "roi_head/num_bg_samples": 424.75, "roi_head/num_fg_samples": 87.25, "rpn/num_neg_anchors": 228.5, "rpn/num_pos_anchors": 27.5, "time": 12.295682937999118, "total_loss": 0.4138979280833155}
{"data_time": 0.08647992099940893, "eta_seconds": 0.0, "fast_rcnn/cls_accuracy": 0.97509765625, "fast_rcnn/false_negative": 0.08556593339068452, "fast_rcnn/fg_cls_accuracy": 0.9144340666093155, "iteration": 199, "loss_box_reg": 0.1634148806333542, "loss_cls": 0.07947662472724915, "loss_mask": 0.11477687954902649, "loss_rpn_cls": 0.007461545057594776, "loss_rpn_loc": 0.019087973050773144, "lr": 0.00199001, "mask_rcnn/accuracy": 0.9519093719310502, "mask_rcnn/false_negative": 0.038986133141122745, "mask_rcnn/false_positive": 0.05626055080493622, "roi_head/num_bg_samples": 418.25, "roi_head/num_fg_samples": 93.75, "rpn/num_neg_anchors": 227.0, "rpn/num_pos_anchors": 29.0, "time": 12.017456921999838, "total_loss": 0.37786819762550294}
