ply
format ascii 1.0
element vertex 14430
property float x
property float y
property float z
end_header
0.184034 0.066227 0.364469
0.184174 0.066436 0.364112
0.184312 0.066642 0.363755
0.184450 0.066847 0.363397
0.184583 0.067057 0.363145
0.184713 0.067275 0.363000
0.184839 0.067501 0.362961
0.184964 0.067726 0.362921
0.185095 0.067933 0.362668
0.185223 0.068148 0.362522
0.185356 0.068343 0.362161
0.185485 0.068546 0.361907
0.185613 0.068747 0.361653
0.185741 0.068947 0.361398
0.185870 0.069136 0.361036
0.185996 0.069333 0.360780
0.186124 0.069519 0.360417
0.186245 0.069735 0.360375
0.186367 0.069940 0.360225
0.186489 0.070144 0.360076
0.186611 0.070347 0.359926
0.186731 0.070561 0.359883
0.181312 0.062226 0.367472
0.181459 0.062462 0.367228
0.181606 0.062696 0.366984
0.181746 0.062934 0.366844
0.181897 0.063162 0.366493
0.182036 0.063397 0.366353
0.182175 0.063631 0.366212
0.182302 0.063875 0.366282
0.182440 0.064108 0.366141
0.182567 0.064351 0.366211
0.182694 0.064593 0.366281
0.182831 0.064825 0.366139
0.182963 0.065061 0.366103
0.183094 0.065297 0.366067
0.183235 0.065520 0.365819
0.183374 0.065741 0.365571
0.183518 0.065954 0.365216
0.183660 0.066165 0.364860
0.183805 0.066368 0.364398
0.183946 0.066575 0.364042
0.184089 0.066773 0.363579
0.184223 0.066985 0.363327
0.184357 0.067196 0.363076
0.184487 0.067414 0.362930
0.184613 0.067639 0.362891
0.184739 0.067864 0.362852
0.184874 0.068061 0.362493
0.184999 0.068285 0.362453
0.185135 0.068470 0.361986
0.185262 0.068682 0.361839
0.185399 0.068853 0.361264
0.185540 0.069001 0.360474
0.185669 0.069188 0.360111
0.185797 0.069372 0.359748
0.185920 0.069577 0.359599
0.186039 0.069803 0.359664
0.186149 0.070074 0.360158
0.186272 0.070277 0.360009
0.186406 0.070398 0.359107
0.186525 0.070611 0.359064
0.186642 0.070835 0.359129
0.186760 0.071059 0.359193
0.180215 0.060917 0.368228
0.180352 0.061164 0.368195
0.180496 0.061408 0.368057
0.180626 0.061657 0.368129
0.180763 0.061903 0.368096
0.180919 0.062138 0.367748
0.181055 0.062382 0.367714
0.181210 0.062615 0.367365
0.181357 0.062849 0.367121
0.181504 0.063083 0.366876
0.181644 0.063319 0.366736
0.181790 0.063550 0.366491
0.181929 0.063785 0.366351
0.182062 0.064023 0.366315
0.182195 0.064262 0.366280
0.182328 0.064499 0.366244
0.182460 0.064737 0.366209
0.182593 0.064974 0.366173
0.182720 0.065216 0.366243
0.182852 0.065453 0.366207
0.183002 0.065662 0.365747
0.183143 0.065883 0.365499
0.183287 0.066096 0.365144
0.183430 0.066306 0.364789
0.183576 0.066508 0.364328
0.183717 0.066715 0.363971
0.183862 0.066913 0.363509
0.183997 0.067124 0.363258
0.184135 0.067326 0.362900
0.184265 0.067543 0.362754
0.184388 0.067777 0.362822
0.184517 0.067993 0.362676
0.184650 0.068199 0.362423
0.184794 0.068365 0.361744
0.184934 0.068539 0.361170
0.185073 0.068709 0.360595
0.185207 0.068888 0.360127
0.185340 0.069064 0.359658
0.185472 0.069237 0.359188
0.185590 0.069463 0.359253
0.185722 0.069622 0.358675
0.185842 0.069835 0.358633
0.185964 0.070036 0.358482
0.186085 0.070236 0.358332
0.186204 0.070448 0.358289
0.186320 0.070670 0.358353
0.186437 0.070893 0.358417
0.186555 0.071103 0.358374
0.186672 0.071326 0.358438
0.179522 0.060329 0.368773
0.179668 0.060577 0.368637
0.179807 0.060825 0.368605
0.179953 0.061071 0.368468
0.180098 0.061316 0.368330
0.180236 0.061563 0.368298
0.180366 0.061813 0.368369
0.180510 0.062056 0.368232
0.180661 0.062294 0.367989
0.180804 0.062535 0.367850
0.180953 0.062772 0.367607
0.181102 0.063007 0.367363
0.181243 0.063245 0.367224
0.181396 0.063473 0.366874
0.181543 0.063704 0.366629
0.181671 0.063948 0.366699
0.181961 0.064405 0.366208
0.182088 0.064648 0.366278
0.182221 0.064886 0.366242
0.182348 0.065129 0.366312
0.182481 0.065366 0.366276
0.182618 0.065596 0.366135
0.182760 0.065818 0.365887
0.182906 0.066032 0.365533
0.183032 0.066273 0.365603
0.183352 0.066641 0.364151
0.183493 0.066847 0.363795
0.183639 0.067044 0.363332
0.183779 0.067246 0.362975
0.183914 0.067456 0.362724
0.184040 0.067681 0.362685
0.184166 0.067906 0.362646
0.184296 0.068121 0.362500
0.184447 0.068280 0.361715
0.184572 0.068502 0.361675
0.184713 0.068674 0.361102
0.184852 0.068844 0.360527
0.185022 0.068909 0.358885
0.185151 0.069093 0.358522
0.185278 0.069285 0.358266
0.185403 0.069476 0.358009
0.185528 0.069666 0.357752
0.185647 0.069877 0.357709
0.185768 0.070076 0.357559
0.185886 0.070286 0.357515
0.186004 0.070495 0.357472
0.186122 0.070704 0.357428
0.186238 0.070925 0.357492
0.186354 0.071146 0.357555
0.186470 0.071367 0.357619
0.186584 0.071601 0.357790
0.178836 0.059731 0.369106
0.178977 0.059982 0.369075
0.179125 0.060231 0.368939
0.179272 0.060479 0.368803
0.179419 0.060727 0.368667
0.179558 0.060975 0.368635
0.179697 0.061224 0.368602
0.179843 0.061469 0.368465
0.179981 0.061716 0.368433
0.180112 0.061966 0.368505
0.180243 0.062216 0.368576
0.180401 0.062452 0.368229
0.180545 0.062693 0.368091
0.180675 0.062942 0.368163
0.182122 0.062903 0.350723
0.182239 0.063110 0.350679
0.182350 0.063322 0.350740
0.182460 0.063533 0.350801
0.182577 0.063739 0.350756
0.182688 0.063951 0.350817
0.182798 0.064162 0.350878
0.183123 0.066781 0.364080
0.183265 0.066987 0.363725
0.183412 0.067183 0.363262
0.183561 0.067368 0.362693
0.183688 0.067594 0.362655
0.183815 0.067819 0.362616
0.183941 0.068044 0.362577
0.184072 0.068259 0.362431
0.184224 0.068416 0.361646
0.184345 0.068648 0.361713
0.184851 0.068897 0.357324
0.184980 0.069077 0.356961
0.185099 0.069287 0.356917
0.185221 0.069486 0.356767
0.185342 0.069684 0.356617
0.185460 0.069893 0.356573
0.185575 0.070113 0.356636
0.185695 0.070309 0.356485
0.185810 0.070529 0.356548
0.185928 0.070736 0.356504
0.186042 0.070955 0.356567
0.186157 0.071174 0.356630
0.186272 0.071394 0.356693
0.186385 0.071626 0.356864
0.186500 0.071846 0.356927
0.178294 0.059378 0.369302
0.178436 0.059631 0.369271
0.178585 0.059881 0.369135
0.178717 0.060134 0.369208
0.181702 0.062600 0.350434
0.181813 0.062812 0.350495
0.181924 0.063023 0.350555
0.182041 0.063230 0.350511
0.182152 0.063441 0.350572
0.182269 0.063647 0.350528
0.182380 0.063858 0.350588
0.182496 0.064063 0.350544
0.182607 0.064274 0.350605
0.182717 0.064485 0.350665
0.182828 0.064696 0.350726
0.182938 0.064907 0.350787
0.183054 0.065111 0.350742
0.183164 0.065322 0.350802
0.183335 0.067506 0.362624
0.183458 0.067741 0.362691
0.184604 0.068570 0.354742
0.184718 0.068787 0.354805
0.184825 0.069025 0.355081
0.184935 0.069254 0.355250
0.185050 0.069472 0.355313
0.185161 0.069701 0.355482
0.185275 0.069919 0.355545
0.185389 0.070137 0.355608
0.185503 0.070355 0.355670
0.185617 0.070573 0.355733
0.185729 0.070803 0.355903
0.185843 0.071021 0.355966
0.185955 0.071252 0.356136
0.186070 0.071471 0.356199
0.186182 0.071702 0.356369
0.186296 0.071921 0.356432
0.186409 0.072153 0.356602
0.186524 0.072372 0.356665
0.177740 0.059024 0.369599
0.181166 0.062090 0.350188
0.181284 0.062298 0.350144
0.181395 0.062509 0.350205
0.181506 0.062720 0.350266
0.181623 0.062927 0.350222
0.181734 0.063138 0.350283
0.181844 0.063349 0.350343
0.181955 0.063560 0.350404
0.182066 0.063772 0.350465
0.182182 0.063977 0.350421
0.182293 0.064188 0.350481
0.182403 0.064399 0.350542
0.182514 0.064610 0.350603
0.182636 0.064807 0.350452
0.182746 0.065018 0.350513
0.182856 0.065228 0.350573
0.182967 0.065439 0.350634
0.183077 0.065649 0.350695
0.183192 0.065852 0.350649
0.183303 0.066062 0.350710
0.184341 0.068328 0.353018
0.184453 0.068542 0.353080
0.184550 0.068798 0.353568
0.184648 0.069056 0.354056
0.184750 0.069305 0.354438
0.184860 0.069532 0.354607
0.184970 0.069760 0.354776
0.185077 0.070000 0.355053
0.185191 0.070217 0.355115
0.185305 0.070435 0.355178
0.185416 0.070664 0.355347
0.185530 0.070881 0.355410
0.185641 0.071111 0.355579
0.185755 0.071329 0.355642
0.185866 0.071560 0.355812
0.185978 0.071791 0.355982
0.186092 0.072009 0.356045
0.186206 0.072227 0.356107
0.186319 0.072459 0.356278
0.186431 0.072691 0.356448
0.186544 0.072924 0.356619
0.180408 0.061157 0.349821
0.180519 0.061368 0.349882
0.180638 0.061577 0.349838
0.180748 0.061788 0.349899
0.180859 0.061999 0.349960
0.180970 0.062211 0.350021
0.181088 0.062418 0.349977
0.181199 0.062629 0.350038
0.181309 0.062840 0.350098
0.181427 0.063047 0.350054
0.181537 0.063258 0.350115
0.181648 0.063469 0.350176
0.181758 0.063679 0.350236
0.181875 0.063885 0.350192
0.181986 0.064095 0.350253
0.182102 0.064300 0.350208
0.182213 0.064511 0.350269
0.182323 0.064721 0.350329
0.182433 0.064932 0.350390
0.182543 0.065142 0.350450
0.182660 0.065345 0.350405
0.182770 0.065556 0.350466
0.182885 0.065758 0.350421
0.182995 0.065968 0.350481
0.183111 0.066170 0.350436
0.183221 0.066380 0.350496
0.183325 0.066599 0.350663
0.183436 0.066809 0.350723
0.183546 0.067019 0.350784
0.183651 0.067238 0.350950
0.183761 0.067448 0.351011
0.183867 0.067668 0.351177
0.183968 0.067898 0.351450
0.184066 0.068140 0.351830
0.184168 0.068372 0.352104
0.184267 0.068615 0.352484
0.184367 0.068860 0.352865
0.184467 0.069107 0.353246
0.184572 0.069343 0.353521
0.184673 0.069592 0.353903
0.184782 0.069818 0.354071
0.184889 0.070057 0.354347
0.184998 0.070285 0.354516
0.185108 0.070513 0.354685
0.185218 0.070742 0.354854
0.185332 0.070959 0.354917
0.185442 0.071188 0.355086
0.185553 0.071418 0.355256
0.185664 0.071648 0.355425
0.185778 0.071865 0.355488
0.185892 0.072082 0.355550
0.186003 0.072313 0.355720
0.186115 0.072545 0.355890
0.186229 0.072762 0.355953
0.186341 0.072994 0.356123
0.186453 0.073227 0.356293
0.186566 0.073460 0.356464
0.179983 0.060858 0.349636
0.180102 0.061067 0.349593
0.180213 0.061279 0.349654
0.180323 0.061490 0.349715
0.180434 0.061701 0.349776
0.180561 0.061905 0.349628
0.180671 0.062116 0.349688
0.180782 0.062327 0.349749
0.180892 0.062538 0.349810
0.181003 0.062749 0.349870
0.181113 0.062960 0.349931
0.181231 0.063166 0.349887
0.181341 0.063377 0.349948
0.181452 0.063588 0.350008
0.181562 0.063798 0.350069
0.181672 0.064009 0.350130
0.181789 0.064214 0.350085
0.181900 0.064424 0.350146
0.182010 0.064635 0.350206
0.182133 0.064832 0.350056
0.182243 0.065042 0.350117
0.182353 0.065252 0.350177
0.182463 0.065462 0.350238
0.182573 0.065672 0.350298
0.182689 0.065874 0.350253
0.182799 0.066084 0.350313
0.182909 0.066294 0.350374
0.183024 0.066495 0.350328
0.183134 0.066705 0.350389
0.183238 0.066924 0.350555
0.183348 0.067133 0.350615
0.183458 0.067343 0.350676
0.183568 0.067553 0.350736
0.183669 0.067783 0.351009
0.183774 0.068003 0.351175
0.183875 0.068234 0.351448
0.183973 0.068476 0.351828
0.184075 0.068709 0.352102
0.184182 0.068932 0.352269
0.184281 0.069177 0.352650
0.184385 0.069413 0.352924
0.184485 0.069661 0.353306
0.184590 0.069898 0.353581
0.184699 0.070125 0.353749
0.184808 0.070352 0.353918
0.184913 0.070591 0.354193
0.185026 0.070807 0.354255
0.185133 0.071048 0.354531
0.185243 0.071277 0.354701
0.185356 0.071492 0.354763
0.185466 0.071722 0.354932
0.185580 0.071938 0.354994
0.185693 0.072154 0.355056
0.185801 0.072399 0.355334
0.185915 0.072616 0.355396
0.186026 0.072847 0.355566
0.186137 0.073078 0.355736
0.186251 0.073295 0.355798
0.186363 0.073528 0.355968
0.186475 0.073761 0.356139
0.186587 0.073994 0.356309
0.179557 0.060560 0.349452
0.179668 0.060772 0.349513
0.179788 0.060980 0.349470
0.179907 0.061189 0.349426
0.180026 0.061397 0.349383
0.180137 0.061608 0.349444
0.180239 0.061822 0.349609
0.180358 0.062030 0.349565
0.180468 0.062241 0.349626
0.180579 0.062452 0.349686
0.180689 0.062663 0.349747
0.180815 0.062864 0.349599
0.180925 0.063075 0.349659
0.181035 0.063285 0.349720
0.181153 0.063491 0.349676
0.181263 0.063701 0.349736
0.181373 0.063911 0.349797
0.181483 0.064121 0.349857
0.181594 0.064332 0.349918
0.181704 0.064542 0.349978
0.181821 0.064746 0.349933
0.181931 0.064956 0.349994
0.182047 0.065159 0.349949
0.182157 0.065369 0.350010
0.182267 0.065578 0.350070
0.182383 0.065781 0.350025
0.182493 0.065990 0.350085
0.182602 0.066200 0.350145
0.182718 0.066401 0.350100
0.182828 0.066610 0.350160
0.182932 0.066829 0.350326
0.183042 0.067038 0.350387
0.183151 0.067248 0.350447
0.183256 0.067467 0.350613
0.183366 0.067677 0.350674
0.183471 0.067897 0.350840
0.183576 0.068117 0.351007
0.183682 0.068338 0.351173
0.183783 0.068569 0.351447
0.183884 0.068802 0.351720
0.183991 0.069024 0.351887
0.184093 0.069258 0.352161
0.184196 0.069493 0.352435
0.184299 0.069729 0.352709
0.184403 0.069965 0.352984
0.184511 0.070191 0.353152
0.184615 0.070429 0.353427
0.184724 0.070656 0.353595
0.184829 0.070895 0.353871
0.184938 0.071123 0.354040
0.185048 0.071351 0.354208
0.185157 0.071580 0.354377
0.185270 0.071795 0.354439
0.185380 0.072024 0.354608
0.185493 0.072240 0.354670
0.185603 0.072470 0.354840
0.185714 0.072700 0.355009
0.185824 0.072930 0.355179
0.185938 0.073147 0.355241
0.186049 0.073378 0.355411
0.186160 0.073610 0.355581
0.186271 0.073842 0.355751
0.186383 0.074075 0.355921
0.186495 0.074308 0.356091
0.178760 0.059632 0.349499
0.178881 0.059843 0.349456
0.179002 0.060053 0.349414
0.179122 0.060264 0.349371
0.179243 0.060473 0.349328
0.179363 0.060682 0.349285
0.179482 0.060891 0.349242
0.179593 0.061102 0.349303
0.179704 0.061314 0.349364
0.179823 0.061521 0.349320
0.179933 0.061732 0.349381
0.180044 0.061943 0.349442
0.180163 0.062150 0.349398
0.180281 0.062357 0.349354
0.180392 0.062567 0.349415
0.180502 0.062778 0.349476
0.180620 0.062984 0.349432
0.180730 0.063194 0.349492
0.180848 0.063399 0.349448
0.180958 0.063609 0.349508
0.181068 0.063819 0.349569
0.181185 0.064023 0.349525
0.181295 0.064233 0.349585
0.181405 0.064443 0.349645
0.181515 0.064653 0.349706
0.181625 0.064863 0.349766
0.181742 0.065066 0.349721
0.181852 0.065275 0.349782
0.181961 0.065485 0.349842
0.182071 0.065695 0.349902
0.182187 0.065896 0.349857
0.182297 0.066106 0.349917
0.182407 0.066315 0.349978
0.182516 0.066525 0.350038
0.182632 0.066725 0.349993
0.182741 0.066934 0.350053
0.182845 0.067153 0.350219
0.182955 0.067362 0.350279
0.183059 0.067581 0.350445
0.183169 0.067791 0.350505
0.183274 0.068011 0.350672
0.183384 0.068220 0.350732
0.183489 0.068441 0.350899
0.183594 0.068661 0.351065
0.183695 0.068894 0.351338
0.183801 0.069115 0.351505
0.183907 0.069338 0.351672
0.184009 0.069572 0.351946
0.184111 0.069807 0.352220
0.184214 0.070043 0.352494
0.184321 0.070268 0.352662
0.184425 0.070506 0.352937
0.184533 0.070731 0.353105
0.184637 0.070971 0.353380
0.184746 0.071197 0.353548
0.184854 0.071425 0.353717
0.184963 0.071652 0.353885
0.185072 0.071881 0.354054
0.185182 0.072109 0.354223
0.185294 0.072324 0.354285
0.185404 0.072554 0.354454
0.185514 0.072783 0.354623
0.185627 0.072999 0.354685
0.185737 0.073229 0.354855
0.185847 0.073460 0.355024
0.185958 0.073691 0.355194
0.186069 0.073923 0.355364
0.186180 0.074155 0.355534
0.186292 0.074388 0.355704
0.186401 0.074637 0.355982
0.186513 0.074871 0.356152
0.178434 0.059546 0.349478
0.178556 0.059757 0.349435
0.178687 0.059966 0.349290
0.178798 0.060178 0.349351
0.178928 0.060386 0.349204
0.179039 0.060598 0.349265
0.179159 0.060807 0.349222
0.179279 0.061016 0.349179
0.179399 0.061224 0.349136
0.179509 0.061435 0.349197
0.179629 0.061642 0.349154
0.179739 0.061853 0.349214
0.179849 0.062064 0.349275
0.179968 0.062271 0.349231
0.180079 0.062481 0.349292
0.180197 0.062687 0.349248
0.180307 0.062897 0.349309
0.180434 0.063098 0.349160
0.180544 0.063308 0.349221
0.180654 0.063518 0.349281
0.180771 0.063722 0.349237
0.180881 0.063932 0.349297
0.180991 0.064141 0.349357
0.181108 0.064345 0.349313
0.181218 0.064554 0.349373
0.181327 0.064763 0.349433
0.181437 0.064973 0.349494
0.181547 0.065182 0.349554
0.181663 0.065384 0.349509
0.181780 0.065586 0.349464
0.181889 0.065795 0.349524
0.181999 0.066004 0.349584
0.182108 0.066213 0.349645
0.182217 0.066422 0.349705
0.182327 0.066631 0.349765
0.182436 0.066840 0.349825
0.182546 0.067049 0.349885
0.182650 0.067267 0.350051
0.182759 0.067476 0.350111
0.182863 0.067695 0.350277
0.182973 0.067905 0.350337
0.183082 0.068114 0.350398
0.183187 0.068334 0.350564
0.183297 0.068543 0.350624
0.183402 0.068764 0.350791
0.183507 0.068985 0.350957
0.183612 0.069206 0.351124
0.183717 0.069428 0.351291
0.183823 0.069650 0.351458
0.183924 0.069885 0.351731
0.184026 0.070120 0.352005
0.184133 0.070344 0.352172
0.184236 0.070581 0.352447
0.184343 0.070806 0.352615
0.184447 0.071045 0.352889
0.184551 0.071284 0.353164
0.184662 0.071497 0.353225
0.184767 0.071738 0.353501
0.184876 0.071966 0.353669
0.184985 0.072194 0.353838
0.185097 0.072408 0.353900
0.185206 0.072637 0.354068
0.185315 0.072866 0.354237
0.185428 0.073081 0.354299
0.185537 0.073311 0.354468
0.185647 0.073541 0.354638
0.185758 0.073772 0.354807
0.185868 0.074003 0.354977
0.185979 0.074234 0.355146
0.186089 0.074466 0.355316
0.186201 0.074699 0.355486
0.186312 0.074932 0.355656
0.186422 0.075182 0.355934
0.186532 0.075433 0.356212
0.177895 0.059033 0.349231
0.178007 0.059246 0.349292
0.178118 0.059459 0.349353
0.178240 0.059670 0.349311
0.178361 0.059881 0.349269
0.178483 0.060092 0.349227
0.178604 0.060302 0.349184
0.178724 0.060511 0.349142
0.178845 0.060720 0.349099
0.178956 0.060932 0.349160
0.179085 0.061137 0.349013
0.179196 0.061348 0.349074
0.179315 0.061556 0.349030
0.179435 0.061763 0.348987
0.179545 0.061974 0.349048
0.179655 0.062184 0.349108
0.179774 0.062391 0.349065
0.179893 0.062597 0.349021
0.180012 0.062802 0.348977
0.180122 0.063012 0.349038
0.180240 0.063217 0.348994
0.180358 0.063421 0.348950
0.180468 0.063630 0.349010
0.180577 0.063840 0.349070
0.180695 0.064043 0.349026
0.180804 0.064253 0.349086
0.180914 0.064462 0.349146
0.181031 0.064664 0.349101
0.181141 0.064873 0.349162
0.181250 0.065082 0.349222
0.181367 0.065284 0.349177
0.181483 0.065485 0.349132
0.181592 0.065694 0.349192
0.181708 0.065895 0.349147
0.181817 0.066103 0.349207
0.181927 0.066311 0.349266
0.182036 0.066519 0.349326
0.182145 0.066728 0.349386
0.182254 0.066936 0.349446
0.182363 0.067144 0.349506
0.182466 0.067362 0.349672
0.182569 0.067580 0.349838
0.182679 0.067789 0.349898
0.182788 0.067998 0.349958
0.182892 0.068217 0.350124
0.183001 0.068426 0.350184
0.183106 0.068646 0.350350
0.183210 0.068866 0.350516
0.183314 0.069086 0.350683
0.183419 0.069307 0.350849
0.183529 0.069517 0.350909
0.183630 0.069751 0.351182
0.183735 0.069973 0.351349
0.183836 0.070208 0.351623
0.183942 0.070432 0.351790
0.184044 0.070668 0.352064
0.184151 0.070893 0.352232
0.184258 0.071118 0.352399
0.184361 0.071356 0.352674
0.184468 0.071582 0.352842
0.184576 0.071809 0.353010
0.184680 0.072050 0.353285
0.184792 0.072263 0.353346
0.184904 0.072477 0.353408
0.185012 0.072705 0.353576
0.185118 0.072948 0.353852
0.185230 0.073162 0.353914
0.185339 0.073391 0.354083
0.185449 0.073621 0.354252
0.185558 0.073851 0.354421
0.185668 0.074082 0.354590
0.185778 0.074313 0.354760
0.185889 0.074545 0.354929
0.185999 0.074777 0.355099
0.186110 0.075009 0.355269
0.186219 0.075259 0.355546
0.186328 0.075510 0.355824
0.186438 0.075761 0.356103
0.177691 0.059159 0.349168
0.177813 0.059370 0.349126
0.177935 0.059582 0.349084
0.178046 0.059794 0.349145
0.178167 0.060005 0.349103
0.178289 0.060215 0.349060
0.178410 0.060424 0.349018
0.178530 0.060634 0.348975
0.178641 0.060845 0.349036
0.178762 0.061054 0.348993
0.178882 0.061262 0.348950
0.179012 0.061466 0.348804
0.179122 0.061677 0.348864
0.179241 0.061884 0.348821
0.179361 0.062090 0.348777
0.179471 0.062300 0.348838
0.179590 0.062506 0.348794
0.179709 0.062711 0.348751
0.179827 0.062916 0.348707
0.179937 0.063126 0.348767
0.180055 0.063330 0.348723
0.180173 0.063534 0.348679
0.180283 0.063743 0.348739
0.180392 0.063952 0.348799
0.180510 0.064155 0.348754
0.180619 0.064363 0.348815
0.180728 0.064572 0.348875
0.180838 0.064781 0.348935
0.180955 0.064983 0.348890
0.181071 0.065184 0.348845
0.181180 0.065392 0.348905
0.181297 0.065593 0.348860
0.181406 0.065801 0.348920
0.181522 0.066001 0.348875
0.181631 0.066209 0.348934
0.181740 0.066417 0.348994
0.181848 0.066625 0.349054
0.181957 0.066833 0.349114
0.182066 0.067041 0.349174
0.182175 0.067249 0.349233
0.182284 0.067457 0.349293
0.182387 0.067674 0.349459
0.182490 0.067892 0.349624
0.182599 0.068101 0.349684
0.182708 0.068309 0.349744
0.182811 0.068528 0.349910
0.182915 0.068747 0.350076
0.183019 0.068967 0.350242
0.183129 0.069176 0.350302
0.183233 0.069397 0.350468
0.183337 0.069618 0.350635
0.183442 0.069839 0.350801
0.183547 0.070061 0.350968
0.183647 0.070295 0.351241
0.183753 0.070518 0.351408
0.183854 0.070754 0.351682
0.183960 0.070978 0.351849
0.184067 0.071203 0.352016
0.184173 0.071428 0.352184
0.184276 0.071667 0.352458
0.184383 0.071893 0.352626
0.184490 0.072119 0.352794
0.184598 0.072346 0.352962
0.184709 0.072559 0.353023
0.184817 0.072786 0.353192
0.184922 0.073029 0.353467
0.185034 0.073242 0.353529
0.185142 0.073471 0.353697
0.185251 0.073701 0.353866
0.185360 0.073930 0.354035
0.185470 0.074160 0.354204
0.185576 0.074407 0.354481
0.185686 0.074638 0.354650
0.185796 0.074870 0.354819
0.185907 0.075102 0.354989
0.186017 0.075335 0.355159
0.186126 0.075585 0.355436
0.186235 0.075836 0.355714
0.186345 0.076089 0.355993
0.186453 0.076360 0.356379
0.177263 0.058859 0.348982
0.177385 0.059071 0.348941
0.177497 0.059283 0.349002
0.177619 0.059495 0.348960
0.177730 0.059707 0.349021
0.177852 0.059918 0.348979
0.177974 0.060128 0.348937
0.178085 0.060340 0.348997
0.178206 0.060549 0.348955
0.178327 0.060758 0.348913
0.178448 0.060967 0.348870
0.178568 0.061175 0.348827
0.178689 0.061383 0.348784
0.178809 0.061591 0.348741
0.178929 0.061798 0.348698
0.179048 0.062004 0.348655
0.179168 0.062210 0.348611
0.179278 0.062420 0.348672
0.179397 0.062625 0.348628
0.179516 0.062830 0.348584
0.179634 0.063035 0.348540
0.179753 0.063239 0.348496
0.179862 0.063448 0.348556
0.179980 0.063651 0.348512
0.180098 0.063854 0.348468
0.180216 0.064057 0.348424
0.180325 0.064265 0.348484
0.180442 0.064467 0.348439
0.180551 0.064675 0.348499
0.180668 0.064877 0.348454
0.180777 0.065085 0.348514
0.180886 0.065292 0.348574
0.181003 0.065493 0.348529
0.181119 0.065693 0.348483
0.181227 0.065900 0.348543
0.181336 0.066108 0.348603
0.181445 0.066315 0.348662
0.181560 0.066514 0.348617
0.181669 0.066721 0.348677
0.181777 0.066928 0.348736
0.181886 0.067136 0.348796
0.181988 0.067352 0.348961
0.182097 0.067560 0.349021
0.182199 0.067777 0.349186
0.182302 0.067995 0.349351
0.182410 0.068203 0.349411
0.182519 0.068411 0.349471
0.182622 0.068629 0.349636
0.182726 0.068848 0.349802
0.182835 0.069057 0.349862
0.182938 0.069276 0.350028
0.183042 0.069497 0.350194
0.183146 0.069717 0.350360
0.183250 0.069938 0.350527
0.183355 0.070160 0.350693
0.183455 0.070394 0.350966
0.183565 0.070604 0.351026
0.183665 0.070840 0.351300
0.183771 0.071063 0.351467
0.183876 0.071287 0.351634
0.183978 0.071525 0.351908
0.184084 0.071750 0.352075
0.184191 0.071976 0.352243
0.184298 0.072202 0.352410
0.184405 0.072428 0.352578
0.184516 0.072640 0.352639
0.184620 0.072882 0.352914
0.184727 0.073109 0.353083
0.184835 0.073338 0.353251
0.184943 0.073566 0.353419
0.185052 0.073795 0.353588
0.185160 0.074024 0.353757
0.185269 0.074254 0.353926
0.185378 0.074484 0.354095
0.185488 0.074715 0.354264
0.185595 0.074963 0.354540
0.185704 0.075195 0.354710
0.185812 0.075445 0.354987
0.185925 0.075660 0.355049
0.186031 0.075928 0.355434
0.186142 0.076162 0.355605
0.186249 0.076433 0.355991
0.186359 0.076687 0.356269
0.177058 0.058984 0.348919
0.177192 0.059195 0.348775
0.177303 0.059408 0.348836
0.177426 0.059619 0.348794
0.177537 0.059831 0.348855
0.177648 0.060043 0.348916
0.177770 0.060253 0.348874
0.177902 0.060460 0.348728
0.178013 0.060672 0.348789
0.178134 0.060880 0.348746
0.178255 0.061089 0.348704
0.178375 0.061297 0.348661
0.178496 0.061504 0.348618
0.178616 0.061711 0.348575
0.178736 0.061918 0.348532
0.178856 0.062124 0.348489
0.178975 0.062330 0.348445
0.179085 0.062539 0.348505
0.179214 0.062740 0.348358
0.179333 0.062944 0.348314
0.179451 0.063148 0.348270
0.179570 0.063352 0.348226
0.179688 0.063555 0.348182
0.179806 0.063758 0.348138
0.179924 0.063960 0.348093
0.180041 0.064162 0.348049
0.180158 0.064363 0.348004
0.180267 0.064570 0.348064
0.180384 0.064771 0.348019
0.180501 0.064971 0.347974
0.180609 0.065178 0.348033
0.180717 0.065385 0.348093
0.180834 0.065585 0.348048
0.180942 0.065792 0.348107
0.181050 0.065998 0.348167
0.181166 0.066197 0.348121
0.181274 0.066404 0.348181
0.181383 0.066610 0.348240
0.181491 0.066817 0.348299
0.181599 0.067023 0.348359
0.181700 0.067239 0.348524
0.181809 0.067446 0.348583
0.181910 0.067663 0.348748
0.182019 0.067870 0.348808
0.182121 0.068087 0.348973
0.182223 0.068304 0.349138
0.182332 0.068512 0.349198
0.182434 0.068730 0.349363
0.182537 0.068949 0.349529
0.182640 0.069168 0.349694
0.182743 0.069388 0.349860
0.182852 0.069596 0.349920
0.182956 0.069817 0.350086
0.183060 0.070037 0.350252
0.183164 0.070259 0.350419
0.183268 0.070480 0.350585
0.183373 0.070702 0.350751
0.183477 0.070925 0.350918
0.183582 0.071148 0.351085
0.183683 0.071385 0.351358
0.183788 0.071609 0.351525
0.183894 0.071833 0.351693
0.184000 0.072058 0.351860
0.184102 0.072298 0.352134
0.184209 0.072524 0.352302
0.184320 0.072735 0.352363
0.184427 0.072962 0.352530
0.184534 0.073189 0.352698
0.184641 0.073417 0.352867
0.184749 0.073645 0.353035
0.184857 0.073873 0.353203
0.184961 0.074118 0.353479
0.185070 0.074348 0.353647
0.185178 0.074577 0.353816
0.185287 0.074808 0.353985
0.185396 0.075039 0.354154
0.185503 0.075287 0.354431
0.185610 0.075537 0.354708
0.185720 0.075769 0.354877
0.185830 0.076002 0.355047
0.185936 0.076272 0.355433
0.186047 0.076506 0.355603
0.186156 0.076760 0.355881
0.186266 0.077014 0.356159
0.175181 0.057346 0.354704
0.176888 0.059108 0.348548
0.176999 0.059320 0.348609
0.177110 0.059532 0.348670
0.177221 0.059744 0.348731
0.177344 0.059954 0.348689
0.177466 0.060164 0.348647
0.177577 0.060376 0.348708
0.177698 0.060585 0.348665
0.177820 0.060794 0.348623
0.177941 0.061002 0.348580
0.178062 0.061210 0.348538
0.178172 0.061421 0.348598
0.178293 0.061628 0.348556
0.178414 0.061835 0.348513
0.178544 0.062038 0.348366
0.178664 0.062244 0.348323
0.178783 0.062449 0.348279
0.178893 0.062659 0.348339
0.179022 0.062859 0.348192
0.179141 0.063063 0.348148
0.179269 0.063261 0.348000
0.179387 0.063464 0.347956
0.179506 0.063667 0.347912
0.179624 0.063869 0.347867
0.179750 0.064065 0.347719
0.179868 0.064266 0.347674
0.179985 0.064466 0.347629
0.180102 0.064666 0.347584
0.180218 0.064866 0.347539
0.180335 0.065065 0.347494
0.180443 0.065271 0.347553
0.180559 0.065470 0.347508
0.180667 0.065676 0.347567
0.180774 0.065882 0.347627
0.180882 0.066088 0.347686
0.180990 0.066294 0.347745
0.181098 0.066499 0.347804
0.181206 0.066705 0.347863
0.181314 0.066911 0.347923
0.181414 0.067126 0.348087
0.181522 0.067333 0.348146
0.181630 0.067539 0.348206
0.181725 0.067765 0.348476
0.181833 0.067971 0.348535
0.181934 0.068188 0.348700
0.182036 0.068406 0.348865
0.182138 0.068623 0.349030
0.182240 0.068842 0.349196
0.182349 0.069049 0.349255
0.182452 0.069268 0.349421
0.182554 0.069487 0.349587
0.182658 0.069707 0.349752
0.182761 0.069927 0.349918
0.182870 0.070136 0.349978
0.182974 0.070357 0.350144
0.183077 0.070578 0.350310
0.183182 0.070800 0.350477
0.183286 0.071022 0.350643
0.183390 0.071245 0.350810
0.183490 0.071481 0.351083
0.183595 0.071705 0.351250
0.183701 0.071929 0.351417
0.183806 0.072154 0.351584
0.183912 0.072379 0.351751
0.184018 0.072604 0.351919
0.184129 0.072815 0.351979
0.184231 0.073057 0.352254
0.184338 0.073283 0.352422
0.184445 0.073511 0.352589
0.184552 0.073738 0.352757
0.184659 0.073966 0.352926
0.184767 0.074195 0.353094
0.184875 0.074424 0.353262
0.184979 0.074670 0.353538
0.185088 0.074900 0.353707
0.185197 0.075131 0.353876
0.185302 0.075379 0.354152
0.185409 0.075628 0.354429
0.185518 0.075860 0.354598
0.185626 0.076111 0.354875
0.185736 0.076344 0.355045
0.185844 0.076597 0.355323
0.185952 0.076850 0.355601
0.186061 0.077104 0.355879
0.186170 0.077359 0.356157
0.186278 0.077634 0.356544
0.174883 0.057256 0.354266
0.174963 0.057479 0.354637
0.176462 0.058809 0.348363
0.176585 0.059020 0.348321
0.176696 0.059232 0.348382
0.176819 0.059442 0.348340
0.176930 0.059654 0.348401
0.177052 0.059864 0.348359
0.177163 0.060075 0.348420
0.177273 0.060287 0.348481
0.177395 0.060496 0.348439
0.177517 0.060705 0.348396
0.177627 0.060916 0.348457
0.177749 0.061124 0.348415
0.177870 0.061332 0.348372
0.177980 0.061542 0.348432
0.178111 0.061746 0.348286
0.178232 0.061952 0.348243
0.178352 0.062158 0.348200
0.178472 0.062363 0.348157
0.178602 0.062564 0.348010
0.178711 0.062773 0.348070
0.178831 0.062977 0.348026
0.178959 0.063176 0.347878
0.179078 0.063379 0.347834
0.179206 0.063576 0.347686
0.179324 0.063778 0.347642
0.179451 0.063974 0.347493
0.179569 0.064174 0.347449
0.179695 0.064369 0.347300
0.179812 0.064568 0.347255
0.179929 0.064768 0.347210
0.180046 0.064967 0.347165
0.180162 0.065165 0.347119
0.180278 0.065363 0.347074
0.180385 0.065568 0.347133
0.180501 0.065766 0.347087
0.180609 0.065971 0.347146
0.180708 0.066184 0.347310
0.180816 0.066389 0.347369
0.180923 0.066595 0.347428
0.181031 0.066800 0.347487
0.181138 0.067005 0.347546
0.181238 0.067220 0.347711
0.181338 0.067435 0.347875
0.181446 0.067641 0.347934
0.181547 0.067856 0.348099
0.181648 0.068073 0.348263
0.181742 0.068300 0.348533
0.181850 0.068506 0.348593
0.181952 0.068724 0.348758
0.182054 0.068942 0.348923
0.182156 0.069160 0.349088
0.182258 0.069379 0.349254
0.182367 0.069586 0.349313
0.182463 0.069818 0.349585
0.182572 0.070026 0.349645
0.182675 0.070246 0.349810
0.182778 0.070467 0.349976
0.182882 0.070688 0.350142
0.182986 0.070910 0.350309
0.183090 0.071132 0.350475
0.183194 0.071355 0.350641
0.183298 0.071578 0.350808
0.183403 0.071801 0.350975
0.183508 0.072025 0.351141
0.183613 0.072249 0.351308
0.183718 0.072474 0.351475
0.183824 0.072699 0.351643
0.183934 0.072909 0.351703
0.184036 0.073151 0.351977
0.184142 0.073377 0.352145
0.184249 0.073604 0.352313
0.184355 0.073831 0.352481
0.184462 0.074059 0.352648
0.184570 0.074287 0.352817
0.184677 0.074516 0.352985
0.184785 0.074745 0.353153
0.184893 0.074975 0.353322
0.184997 0.075222 0.353598
0.185103 0.075470 0.353874
0.185211 0.075701 0.354043
0.185318 0.075951 0.354319
0.185424 0.076202 0.354596
0.185531 0.076453 0.354873
0.185641 0.076687 0.355043
0.185749 0.076940 0.355321
0.185857 0.077194 0.355599
0.185966 0.077448 0.355877
0.186075 0.077704 0.356155
0.186185 0.077960 0.356434
0.174771 0.057397 0.353383
0.175973 0.058510 0.348690
0.176084 0.058723 0.348751
0.176258 0.058934 0.348300
0.176393 0.059144 0.348156
0.176504 0.059356 0.348217
0.176627 0.059566 0.348175
0.176749 0.059776 0.348133
0.176860 0.059987 0.348194
0.176971 0.060198 0.348255
0.177093 0.060407 0.348212
0.177203 0.060618 0.348273
0.177325 0.060827 0.348231
0.177435 0.061037 0.348291
0.177557 0.061245 0.348249
0.177678 0.061453 0.348206
0.177799 0.061659 0.348163
0.177920 0.061866 0.348121
0.178040 0.062072 0.348077
0.178161 0.062277 0.348034
0.178291 0.062478 0.347887
0.178411 0.062683 0.347844
0.178520 0.062891 0.347904
0.178650 0.063090 0.347757
0.178779 0.063288 0.347609
0.178897 0.063491 0.347565
0.179025 0.063687 0.347417
0.179153 0.063883 0.347268
0.179271 0.064084 0.347224
0.179398 0.064278 0.347075
0.179524 0.064471 0.346926
0.179641 0.064670 0.346881
0.179758 0.064868 0.346836
0.179883 0.065059 0.346686
0.179990 0.065264 0.346745
0.180106 0.065461 0.346700
0.180213 0.065666 0.346758
0.180329 0.065863 0.346713
0.180436 0.066067 0.346772
0.180543 0.066271 0.346830
0.180650 0.066476 0.346889
0.180757 0.066680 0.346948
0.180856 0.066894 0.347112
0.180956 0.067108 0.347276
0.181063 0.067312 0.347334
0.181163 0.067527 0.347499
0.181263 0.067742 0.347663
0.181363 0.067957 0.347827
0.181464 0.068173 0.347991
0.181557 0.068400 0.348261
0.181665 0.068606 0.348321
0.181760 0.068835 0.348591
0.181868 0.069041 0.348650
0.181963 0.069271 0.348921
0.182071 0.069478 0.348981
0.182173 0.069697 0.349146
0.182275 0.069916 0.349311
0.182378 0.070136 0.349477
0.182481 0.070356 0.349643
0.182590 0.070564 0.349702
0.182693 0.070785 0.349868
0.182796 0.071006 0.350034
0.182900 0.071228 0.350200
0.183003 0.071451 0.350367
0.183107 0.071673 0.350533
0.183212 0.071896 0.350700
0.183316 0.072120 0.350866
0.183421 0.072344 0.351033
0.183526 0.072568 0.351200
0.183626 0.072808 0.351474
0.183732 0.073034 0.351641
0.183842 0.073244 0.351701
0.183948 0.073470 0.351869
0.184054 0.073697 0.352036
0.184160 0.073924 0.352204
0.184267 0.074151 0.352372
0.184373 0.074379 0.352539
0.184480 0.074608 0.352708
0.184588 0.074837 0.352876
0.184695 0.075066 0.353044
0.184799 0.075313 0.353320
0.184907 0.075543 0.353488
0.185012 0.075792 0.353764
0.185118 0.076041 0.354041
0.185227 0.076273 0.354210
0.185330 0.076543 0.354594
0.185437 0.076795 0.354872
0.185547 0.077029 0.355041
0.185652 0.077302 0.355427
0.185762 0.077537 0.355597
0.185871 0.077793 0.355875
0.185980 0.078049 0.356153
0.186089 0.078306 0.356432
0.186199 0.078564 0.356711
0.174546 0.057314 0.352437
0.174729 0.057540 0.351991
0.174845 0.057761 0.352054
0.175144 0.057988 0.350688
0.175258 0.058206 0.350751
0.175768 0.058636 0.348626
0.175930 0.058847 0.348278
0.176079 0.059057 0.348032
0.176202 0.059268 0.347991
0.176325 0.059478 0.347949
0.176436 0.059689 0.348010
0.176546 0.059901 0.348070
0.176669 0.060110 0.348028
0.176779 0.060321 0.348089
0.176901 0.060530 0.348047
0.177023 0.060738 0.348005
0.177134 0.060948 0.348065
0.177244 0.061159 0.348126
0.177377 0.061363 0.347980
0.177487 0.061573 0.348041
0.177608 0.061780 0.347998
0.177729 0.061986 0.347955
0.177860 0.062188 0.347809
0.177980 0.062393 0.347765
0.178111 0.062593 0.347618
0.178241 0.062792 0.347471
0.178350 0.063000 0.347531
0.178470 0.063203 0.347487
0.178599 0.063400 0.347340
0.178727 0.063597 0.347192
0.178856 0.063792 0.347044
0.178974 0.063993 0.346999
0.179101 0.064187 0.346851
0.179218 0.064387 0.346806
0.179345 0.064579 0.346657
0.179462 0.064777 0.346612
0.179588 0.064968 0.346462
0.179704 0.065166 0.346417
0.179820 0.065363 0.346371
0.179927 0.065567 0.346430
0.180043 0.065763 0.346384
0.180150 0.065967 0.346443
0.180265 0.066163 0.346397
0.180372 0.066366 0.346456
0.180478 0.066570 0.346514
0.180577 0.066783 0.346678
0.180676 0.066996 0.346841
0.180782 0.067200 0.346900
0.180882 0.067414 0.347064
0.180981 0.067628 0.347228
0.181080 0.067843 0.347392
0.181180 0.068058 0.347556
0.181273 0.068284 0.347825
0.181381 0.068490 0.347884
0.181474 0.068717 0.348154
0.181575 0.068934 0.348319
0.181676 0.069152 0.348484
0.181777 0.069370 0.348649
0.181878 0.069588 0.348814
0.181980 0.069807 0.348979
0.182082 0.070026 0.349144
0.182184 0.070246 0.349310
0.182287 0.070466 0.349475
0.182389 0.070687 0.349641
0.182498 0.070895 0.349701
0.182601 0.071116 0.349866
0.182705 0.071338 0.350032
0.182808 0.071560 0.350199
0.182912 0.071782 0.350365
0.183016 0.072005 0.350531
0.183120 0.072229 0.350698
0.183224 0.072453 0.350864
0.183329 0.072677 0.351031
0.183434 0.072902 0.351198
0.183539 0.073127 0.351365
0.183649 0.073337 0.351425
0.183754 0.073563 0.351593
0.183860 0.073789 0.351760
0.183966 0.074016 0.351927
0.184072 0.074243 0.352095
0.184178 0.074471 0.352263
0.184284 0.074699 0.352430
0.184391 0.074927 0.352598
0.184498 0.075156 0.352767
0.184605 0.075386 0.352935
0.184709 0.075633 0.353210
0.184817 0.075864 0.353379
0.184922 0.076113 0.353655
0.185030 0.076344 0.353824
0.185133 0.076614 0.354208
0.185239 0.076865 0.354485
0.185345 0.077118 0.354762
0.185452 0.077371 0.355039
0.185559 0.077626 0.355317
0.185667 0.077881 0.355595
0.185776 0.078137 0.355873
0.185884 0.078394 0.356151
0.185994 0.078652 0.356430
0.186103 0.078911 0.356709
0.174285 0.057228 0.351798
0.174428 0.057451 0.351658
0.174598 0.057675 0.351314
0.174780 0.057897 0.350867
0.174988 0.058117 0.350216
0.175194 0.058335 0.349563
0.175398 0.058549 0.348910
0.175588 0.058761 0.348359
0.175738 0.058972 0.348113
0.175888 0.059181 0.347867
0.176024 0.059391 0.347723
0.176134 0.059601 0.347784
0.176245 0.059812 0.347844
0.176380 0.060020 0.347700
0.176490 0.060230 0.347760
0.176600 0.060441 0.347821
0.176710 0.060651 0.347882
0.176832 0.060859 0.347839
0.176954 0.061067 0.347797
0.177064 0.061277 0.347857
0.177186 0.061484 0.347815
0.177296 0.061694 0.347875
0.177428 0.061896 0.347729
0.177538 0.062106 0.347789
0.177670 0.062307 0.347643
0.177801 0.062507 0.347497
0.177921 0.062711 0.347453
0.178052 0.062910 0.347306
0.178160 0.063118 0.347366
0.178290 0.063315 0.347219
0.178420 0.063512 0.347071
0.178548 0.063708 0.346923
0.178677 0.063902 0.346775
0.178805 0.064096 0.346626
0.178922 0.064296 0.346582
0.179050 0.064488 0.346433
0.179167 0.064687 0.346388
0.179293 0.064878 0.346239
0.179410 0.065075 0.346193
0.179526 0.065271 0.346148
0.179642 0.065468 0.346102
0.179758 0.065664 0.346056
0.179873 0.065859 0.346010
0.179980 0.066062 0.346069
0.180086 0.066266 0.346127
0.180193 0.066469 0.346186
0.180299 0.066672 0.346244
0.180406 0.066876 0.346303
0.180504 0.067088 0.346466
0.180602 0.067301 0.346630
0.180701 0.067515 0.346793
0.180800 0.067729 0.346957
0.180899 0.067943 0.347121
0.180991 0.068169 0.347390
0.181090 0.068384 0.347554
0.181190 0.068600 0.347718
0.181290 0.068816 0.347882
0.181383 0.069044 0.348152
0.181484 0.069262 0.348317
0.181585 0.069480 0.348482
0.181686 0.069698 0.348647
0.181788 0.069917 0.348812
0.181889 0.070136 0.348977
0.181991 0.070356 0.349142
0.182093 0.070576 0.349308
0.182196 0.070796 0.349473
0.182298 0.071017 0.349639
0.182407 0.071225 0.349699
0.182510 0.071447 0.349865
0.182613 0.071669 0.350031
0.182716 0.071891 0.350197
0.182820 0.072114 0.350363
0.182924 0.072338 0.350529
0.183028 0.072561 0.350696
0.183132 0.072786 0.350862
0.183242 0.072995 0.350923
0.183341 0.073236 0.351196
0.183451 0.073445 0.351256
0.183561 0.073655 0.351317
0.183666 0.073881 0.351484
0.183772 0.074108 0.351651
0.183877 0.074335 0.351819
0.183983 0.074562 0.351986
0.184089 0.074790 0.352154
0.184200 0.075001 0.352214
0.184306 0.075229 0.352382
0.184409 0.075475 0.352657
0.184516 0.075705 0.352826
0.184623 0.075935 0.352994
0.184731 0.076165 0.353162
0.184835 0.076415 0.353438
0.184940 0.076665 0.353714
0.185048 0.076897 0.353883
0.185151 0.077168 0.354268
0.185254 0.077440 0.354652
0.185360 0.077694 0.354930
0.185467 0.077949 0.355207
0.185572 0.078225 0.355593
0.185683 0.078461 0.355763
0.185789 0.078739 0.356149
0.185898 0.078998 0.356428
0.186010 0.079236 0.356598
0.173942 0.057137 0.351770
0.174100 0.057361 0.351529
0.174271 0.057585 0.351185
0.174441 0.057807 0.350841
0.174624 0.058027 0.350394
0.174819 0.058246 0.349845
0.175026 0.058462 0.349193
0.175192 0.058675 0.348847
0.175397 0.058886 0.348193
0.175547 0.059096 0.347948
0.175697 0.059305 0.347702
0.175820 0.059515 0.347660
0.175944 0.059725 0.347619
0.176067 0.059934 0.347577
0.176177 0.060144 0.347637
0.176300 0.060353 0.347595
0.176422 0.060561 0.347553
0.176532 0.060771 0.347614
0.176654 0.060978 0.347571
0.176764 0.061188 0.347632
0.176886 0.061395 0.347589
0.177007 0.061601 0.347547
0.177117 0.061810 0.347607
0.177238 0.062016 0.347564
0.177359 0.062221 0.347521
0.177491 0.062422 0.347375
0.177611 0.062626 0.347331
0.177753 0.062820 0.347081
0.177884 0.063018 0.346934
0.177993 0.063225 0.346994
0.178122 0.063422 0.346846
0.178252 0.063617 0.346699
0.178370 0.063818 0.346654
0.178499 0.064012 0.346506
0.178627 0.064205 0.346358
0.178755 0.064398 0.346209
0.178872 0.064596 0.346164
0.178999 0.064787 0.346015
0.179116 0.064984 0.345970
0.179232 0.065181 0.345924
0.179348 0.065377 0.345879
0.179464 0.065573 0.345833
0.179571 0.065776 0.345892
0.179696 0.065963 0.345741
0.179802 0.066166 0.345800
0.179908 0.066368 0.345858
0.180015 0.066571 0.345917
0.180121 0.066774 0.345975
0.180227 0.066977 0.346033
0.180333 0.067180 0.346092
0.180423 0.067402 0.346360
0.180521 0.067615 0.346523
0.180619 0.067829 0.346686
0.180718 0.068043 0.346850
0.180809 0.068268 0.347119
0.180901 0.068494 0.347388
0.181000 0.068710 0.347552
0.181100 0.068926 0.347716
0.181193 0.069154 0.347986
0.181293 0.069372 0.348150
0.181394 0.069590 0.348315
0.181494 0.069808 0.348480
0.181595 0.070027 0.348645
0.181690 0.070258 0.348915
0.181798 0.070465 0.348975
0.181893 0.070698 0.349246
0.182002 0.070906 0.349306
0.182104 0.071127 0.349471
0.182207 0.071348 0.349637
0.182316 0.071556 0.349697
0.182418 0.071778 0.349863
0.182522 0.072000 0.350029
0.182625 0.072223 0.350195
0.182728 0.072446 0.350361
0.182832 0.072670 0.350527
0.182941 0.072879 0.350588
0.183040 0.073119 0.350861
0.183150 0.073328 0.350921
0.183260 0.073537 0.350981
0.183364 0.073763 0.351148
0.183469 0.073989 0.351315
0.183579 0.074199 0.351375
0.183684 0.074425 0.351542
0.183790 0.074652 0.351710
0.183895 0.074880 0.351877
0.184005 0.075090 0.351938
0.184112 0.075318 0.352105
0.184218 0.075547 0.352273
0.184324 0.075776 0.352441
0.184435 0.075987 0.352502
0.184538 0.076235 0.352777
0.184645 0.076465 0.352946
0.184752 0.076696 0.353114
0.184853 0.076965 0.353497
0.184958 0.077217 0.353774
0.185063 0.077469 0.354050
0.185166 0.077742 0.354435
0.185272 0.077996 0.354712
0.185376 0.078271 0.355097
0.185480 0.078548 0.355483
0.185588 0.078805 0.355761
0.185696 0.079063 0.356039
0.185807 0.079301 0.356210
0.185914 0.079582 0.356597
0.173758 0.057269 0.351501
0.173916 0.057493 0.351260
0.174087 0.057716 0.350917
0.174272 0.057937 0.350471
0.174456 0.058156 0.350024
0.174638 0.058373 0.349577
0.174833 0.058588 0.349028
0.175040 0.058800 0.348375
0.175205 0.059010 0.348028
0.175356 0.059220 0.347783
0.175494 0.059430 0.347639
0.175630 0.059638 0.347495
0.175754 0.059847 0.347454
0.175877 0.060056 0.347412
0.176000 0.060264 0.347370
0.176122 0.060472 0.347328
0.176232 0.060682 0.347388
0.176342 0.060892 0.347449
0.176476 0.061096 0.347304
0.176586 0.061306 0.347364
0.176696 0.061515 0.347424
0.176829 0.061717 0.347279
0.176939 0.061926 0.347339
0.177072 0.062128 0.347193
0.177192 0.062332 0.347150
0.177324 0.062532 0.347003
0.177456 0.062730 0.346857
0.177587 0.062928 0.346710
0.177718 0.063125 0.346563
0.177826 0.063332 0.346622
0.177956 0.063527 0.346475
0.178075 0.063728 0.346430
0.178214 0.063916 0.346179
0.178343 0.064109 0.346031
0.178461 0.064307 0.345986
0.178578 0.064505 0.345941
0.178695 0.064703 0.345896
0.178823 0.064893 0.345747
0.178939 0.065090 0.345701
0.179056 0.065286 0.345656
0.179172 0.065481 0.345610
0.179288 0.065677 0.345564
0.179394 0.065880 0.345623
0.179519 0.066066 0.345473
0.179625 0.066268 0.345531
0.179731 0.066471 0.345589
0.179837 0.066673 0.345647
0.179943 0.066875 0.345706
0.180049 0.067078 0.345764
0.180147 0.067290 0.345927
0.180244 0.067502 0.346090
0.180342 0.067715 0.346253
0.180440 0.067929 0.346416
0.180530 0.068153 0.346685
0.180620 0.068378 0.346953
0.180719 0.068593 0.347117
0.180818 0.068809 0.347281
0.180910 0.069036 0.347550
0.181010 0.069253 0.347714
0.181102 0.069481 0.347984
0.181202 0.069699 0.348148
0.181303 0.069917 0.348313
0.181404 0.070136 0.348478
0.181505 0.070355 0.348643
0.181599 0.070587 0.348914
0.181701 0.070807 0.349079
0.181802 0.071028 0.349244
0.181911 0.071235 0.349304
0.182013 0.071457 0.349469
0.182115 0.071678 0.349635
0.182218 0.071900 0.349801
0.182321 0.072123 0.349967
0.182430 0.072331 0.350027
0.182533 0.072554 0.350193
0.182637 0.072778 0.350359
0.182740 0.073002 0.350525
0.182850 0.073211 0.350586
0.182954 0.073436 0.350752
0.183063 0.073645 0.350812
0.183168 0.073870 0.350979
0.183277 0.074080 0.351039
0.183382 0.074306 0.351206
0.183487 0.074532 0.351373
0.183597 0.074742 0.351434
0.183702 0.074969 0.351601
0.183812 0.075179 0.351661
0.183917 0.075407 0.351829
0.184023 0.075635 0.351996
0.184129 0.075864 0.352164
0.184240 0.076075 0.352225
0.184346 0.076304 0.352393
0.184453 0.076534 0.352561
0.184556 0.076783 0.352836
0.184663 0.077014 0.353005
0.184767 0.077265 0.353280
0.184871 0.077516 0.353557
0.184973 0.077789 0.353941
0.185078 0.078042 0.354218
0.185181 0.078317 0.354602
0.185281 0.078614 0.355095
0.185385 0.078891 0.355481
0.185496 0.079128 0.355651
0.185601 0.079408 0.356037
0.185710 0.079668 0.356316
0.185819 0.079929 0.356595
0.173415 0.057178 0.351474
0.173559 0.057400 0.351334
0.173733 0.057624 0.350992
0.173905 0.057846 0.350648
0.174090 0.058066 0.350203
0.174275 0.058285 0.349756
0.174472 0.058501 0.349208
0.174626 0.058715 0.348964
0.174849 0.058925 0.348210
0.175015 0.059135 0.347863
0.175166 0.059344 0.347618
0.175317 0.059552 0.347372
0.175441 0.059761 0.347331
0.175564 0.059970 0.347289
0.175687 0.060178 0.347247
0.175810 0.060386 0.347205
0.175933 0.060594 0.347163
0.176055 0.060801 0.347121
0.176178 0.061008 0.347079
0.176287 0.061217 0.347139
0.176409 0.061423 0.347096
0.176531 0.061628 0.347054
0.176652 0.061833 0.347011
0.176774 0.062038 0.346968
0.176906 0.062238 0.346822
0.177039 0.062438 0.346676
0.177171 0.062636 0.346529
0.177291 0.062838 0.346486
0.177434 0.063030 0.346235
0.177553 0.063231 0.346191
0.177661 0.063437 0.346251
0.177780 0.063638 0.346207
0.177920 0.063826 0.345955
0.178039 0.064025 0.345911
0.178167 0.064217 0.345762
0.178285 0.064415 0.345718
0.178413 0.064606 0.345569
0.178530 0.064803 0.345524
0.178647 0.064999 0.345478
0.178764 0.065195 0.345433
0.178880 0.065391 0.345388
0.178996 0.065586 0.345342
0.179112 0.065780 0.345296
0.179228 0.065975 0.345250
0.179334 0.066177 0.345308
0.179440 0.066379 0.345366
0.179555 0.066572 0.345320
0.179661 0.066774 0.345378
0.179767 0.066976 0.345437
0.179863 0.067188 0.345599
0.179969 0.067390 0.345657
0.180066 0.067602 0.345820
0.180155 0.067825 0.346088
0.180253 0.068038 0.346251
0.180351 0.068252 0.346414
0.180440 0.068477 0.346683
0.180531 0.068703 0.346951
0.180630 0.068918 0.347115
0.180729 0.069134 0.347279
0.180820 0.069362 0.347548
0.180920 0.069579 0.347712
0.181012 0.069808 0.347982
0.181112 0.070027 0.348147
0.181212 0.070245 0.348311
0.181306 0.070477 0.348582
0.181407 0.070696 0.348747
0.181508 0.070916 0.348912
0.181610 0.071137 0.349077
0.181711 0.071358 0.349242
0.181813 0.071579 0.349408
0.181915 0.071801 0.349573
0.182024 0.072009 0.349633
0.182127 0.072231 0.349799
0.182229 0.072454 0.349965
0.182332 0.072677 0.350131
0.182442 0.072886 0.350191
0.182545 0.073110 0.350357
0.182648 0.073334 0.350524
0.182758 0.073543 0.350584
0.182867 0.073752 0.350644
0.182971 0.073978 0.350810
0.183081 0.074187 0.350871
0.183185 0.074413 0.351037
0.183295 0.074622 0.351098
0.183400 0.074849 0.351265
0.183509 0.075058 0.351325
0.183614 0.075286 0.351492
0.183724 0.075496 0.351553
0.183830 0.075723 0.351720
0.183935 0.075952 0.351887
0.184045 0.076162 0.351948
0.184151 0.076391 0.352116
0.184258 0.076621 0.352283
0.184364 0.076850 0.352451
0.184471 0.077081 0.352619
0.184577 0.077312 0.352788
0.184681 0.077563 0.353064
0.184785 0.077814 0.353340
0.184889 0.078067 0.353616
0.184991 0.078341 0.354000
0.185086 0.078658 0.354600
0.185190 0.078935 0.354986
0.185293 0.079214 0.355371
0.185401 0.079472 0.355649
0.185506 0.079753 0.356035
0.185614 0.080013 0.356314
0.185723 0.080275 0.356593
0.173071 0.057086 0.351446
0.173202 0.057308 0.351408
0.173391 0.057533 0.350965
0.173580 0.057756 0.350520
0.173752 0.057977 0.350177
0.173938 0.058196 0.349731
0.174066 0.058412 0.349692
0.174265 0.058628 0.349144
0.174377 0.058843 0.349206
0.174657 0.059050 0.348045
0.174824 0.059259 0.347698
0.174976 0.059467 0.347453
0.175114 0.059676 0.347310
0.175238 0.059885 0.347268
0.175375 0.060092 0.347124
0.175498 0.060300 0.347083
0.175621 0.060508 0.347041
0.175744 0.060715 0.346999
0.175867 0.060922 0.346956
0.176002 0.061125 0.346811
0.176124 0.061331 0.346769
0.176246 0.061536 0.346726
0.176380 0.061737 0.346581
0.176489 0.061945 0.346641
0.176622 0.062145 0.346495
0.176755 0.062344 0.346349
0.176875 0.062547 0.346305
0.177007 0.062744 0.346159
0.177139 0.062941 0.346012
0.177258 0.063142 0.345968
0.177389 0.063337 0.345821
0.177497 0.063542 0.345880
0.177615 0.063742 0.345835
0.177756 0.063929 0.345584
0.177863 0.064133 0.345643
0.177992 0.064325 0.345495
0.178110 0.064522 0.345450
0.178238 0.064713 0.345301
0.178355 0.064909 0.345256
0.178472 0.065105 0.345211
0.178589 0.065300 0.345165
0.178705 0.065495 0.345119
0.178821 0.065689 0.345074
0.178937 0.065883 0.345028
0.179043 0.066085 0.345086
0.179159 0.066279 0.345040
0.179264 0.066481 0.345098
0.179370 0.066682 0.345156
0.179485 0.066875 0.345110
0.179591 0.067076 0.345168
0.179687 0.067288 0.345330
0.179784 0.067499 0.345493
0.179880 0.067711 0.345656
0.179977 0.067924 0.345818
0.180066 0.068147 0.346086
0.180164 0.068361 0.346249
0.180253 0.068586 0.346517
0.180351 0.068801 0.346681
0.180449 0.069016 0.346844
0.180540 0.069243 0.347113
0.180639 0.069459 0.347277
0.180738 0.069676 0.347441
0.180829 0.069905 0.347711
0.180921 0.070135 0.347980
0.181022 0.070354 0.348145
0.181114 0.070586 0.348415
0.181215 0.070805 0.348580
0.181309 0.071039 0.348850
0.181410 0.071259 0.349015
0.181511 0.071480 0.349181
0.181613 0.071702 0.349346
0.181715 0.071924 0.349512
0.181824 0.072131 0.349571
0.181926 0.072354 0.349737
0.182029 0.072577 0.349903
0.182138 0.072785 0.349963
0.182241 0.073009 0.350129
0.182350 0.073218 0.350189
0.182453 0.073442 0.350355
0.182563 0.073651 0.350415
0.182672 0.073859 0.350475
0.182776 0.074085 0.350642
0.182885 0.074294 0.350702
0.182994 0.074503 0.350762
0.183099 0.074729 0.350929
0.183208 0.074938 0.350989
0.183313 0.075165 0.351156
0.183422 0.075374 0.351216
0.183532 0.075583 0.351277
0.183637 0.075811 0.351444
0.183742 0.076039 0.351611
0.183852 0.076249 0.351671
0.183962 0.076459 0.351732
0.184067 0.076688 0.351899
0.184173 0.076917 0.352067
0.184279 0.077147 0.352235
0.184390 0.077357 0.352295
0.184492 0.077608 0.352571
0.184595 0.077859 0.352847
0.184702 0.078091 0.353015
0.184803 0.078364 0.353399
0.184900 0.078660 0.353891
0.184999 0.078957 0.354383
0.185101 0.079235 0.354768
0.185205 0.079514 0.355153
0.185306 0.079816 0.355647
0.185410 0.080098 0.356033
0.185519 0.080359 0.356312
0.185622 0.080666 0.356807
0.172858 0.057216 0.351380
0.172974 0.057437 0.351444
0.173224 0.057665 0.350595
0.173413 0.057887 0.350151
0.173601 0.058106 0.349706
0.173773 0.058324 0.349362
0.173959 0.058539 0.348916
0.174144 0.058752 0.348470
0.174313 0.058964 0.348124
0.174481 0.059174 0.347778
0.174648 0.059382 0.347432
0.174787 0.059591 0.347289
0.174925 0.059799 0.347145
0.175063 0.060006 0.347002
0.175186 0.060214 0.346960
0.175310 0.060422 0.346918
0.175433 0.060629 0.346876
0.175569 0.060833 0.346732
0.175691 0.061040 0.346689
0.175827 0.061242 0.346545
0.175962 0.061444 0.346399
0.176083 0.061649 0.346357
0.176205 0.061853 0.346314
0.176339 0.062052 0.346168
0.176472 0.062251 0.346022
0.176605 0.062449 0.345876
0.176725 0.062651 0.345832
0.176845 0.062852 0.345788
0.176976 0.063048 0.345642
0.177108 0.063242 0.345495
0.177227 0.063442 0.345450
0.177334 0.063646 0.345509
0.177453 0.063845 0.345465
0.177571 0.064044 0.345420
0.177700 0.064235 0.345272
0.177818 0.064432 0.345227
0.177936 0.064629 0.345182
0.178064 0.064819 0.345034
0.178181 0.065014 0.344988
0.178298 0.065209 0.344943
0.178415 0.065404 0.344897
0.178531 0.065599 0.344852
0.178647 0.065793 0.344806
0.178753 0.065994 0.344864
0.178869 0.066188 0.344818
0.178974 0.066389 0.344876
0.179090 0.066582 0.344830
0.179195 0.066783 0.344888
0.179301 0.066984 0.344946
0.179406 0.067186 0.345004
0.179502 0.067397 0.345166
0.179608 0.067598 0.345224
0.179704 0.067810 0.345386
0.179801 0.068022 0.345549
0.179889 0.068246 0.345816
0.179986 0.068459 0.345979
0.180074 0.068684 0.346247
0.180172 0.068898 0.346411
0.180270 0.069113 0.346574
0.180368 0.069328 0.346738
0.180458 0.069556 0.347006
0.180557 0.069772 0.347170
0.180648 0.070001 0.347439
0.180747 0.070219 0.347603
0.180839 0.070450 0.347873
0.180931 0.070681 0.348143
0.181024 0.070914 0.348413
0.181117 0.071147 0.348683
0.181218 0.071368 0.348848
0.181312 0.071603 0.349119
0.181420 0.071810 0.349179
0.181522 0.072032 0.349344
0.181624 0.072254 0.349510
0.181733 0.072462 0.349570
0.181835 0.072685 0.349735
0.181937 0.072908 0.349901
0.182046 0.073117 0.349961
0.182155 0.073325 0.350021
0.182258 0.073549 0.350187
0.182368 0.073758 0.350247
0.182477 0.073966 0.350307
0.182580 0.074191 0.350474
0.182690 0.074400 0.350534
0.182799 0.074609 0.350594
0.182908 0.074818 0.350654
0.183012 0.075044 0.350820
0.183122 0.075253 0.350881
0.183231 0.075462 0.350941
0.183335 0.075689 0.351108
0.183445 0.075898 0.351168
0.183555 0.076107 0.351228
0.183659 0.076335 0.351395
0.183769 0.076545 0.351455
0.183879 0.076754 0.351516
0.183984 0.076983 0.351683
0.184090 0.077212 0.351851
0.184199 0.077422 0.351911
0.184309 0.077632 0.351971
0.184415 0.077862 0.352139
0.184518 0.078113 0.352415
0.184624 0.078344 0.352583
0.184724 0.078618 0.352966
0.184793 0.079083 0.354319
0.184908 0.079276 0.354273
0.185020 0.079490 0.354335
0.185120 0.079791 0.354828
0.185217 0.080115 0.355429
0.185324 0.080376 0.355707
0.185423 0.080704 0.356310
0.185526 0.081012 0.356805
0.172514 0.057124 0.351352
0.172630 0.057346 0.351416
0.172868 0.057573 0.350669
0.173059 0.057796 0.350226
0.173248 0.058017 0.349782
0.173437 0.058235 0.349337
0.173565 0.058451 0.349298
0.173752 0.058666 0.348852
0.173967 0.058877 0.348203
0.174136 0.059088 0.347857
0.174305 0.059297 0.347512
0.174473 0.059504 0.347165
0.174598 0.059714 0.347124
0.174750 0.059920 0.346879
0.174874 0.060128 0.346837
0.174998 0.060336 0.346795
0.175121 0.060543 0.346754
0.175258 0.060748 0.346610
0.175394 0.060951 0.346465
0.175517 0.061157 0.346423
0.175653 0.061359 0.346278
0.175788 0.061560 0.346133
0.175922 0.061760 0.345987
0.176056 0.061960 0.345842
0.176177 0.062162 0.345799
0.176311 0.062360 0.345653
0.176444 0.062557 0.345506
0.176576 0.062753 0.345360
0.176696 0.062954 0.345316
0.176815 0.063153 0.345272
0.176935 0.063353 0.345228
0.177054 0.063551 0.345183
0.177160 0.063756 0.345242
0.177291 0.063948 0.345094
0.177398 0.064152 0.345153
0.177527 0.064342 0.345005
0.177645 0.064539 0.344960
0.177763 0.064735 0.344915
0.177880 0.064931 0.344870
0.178008 0.065119 0.344721
0.178125 0.065314 0.344676
0.178242 0.065508 0.344630
0.178358 0.065702 0.344584
0.178464 0.065903 0.344642
0.178580 0.066097 0.344596
0.178696 0.066289 0.344550
0.178801 0.066490 0.344608
0.178916 0.066682 0.344562
0.179022 0.066883 0.344620
0.179127 0.067084 0.344677
0.179232 0.067285 0.344735
0.179328 0.067496 0.344897
0.179433 0.067697 0.344955
0.179529 0.067908 0.345118
0.179625 0.068120 0.345280
0.179721 0.068333 0.345443
0.179809 0.068556 0.345710
0.179897 0.068781 0.345978
0.179994 0.068995 0.346141
0.180092 0.069210 0.346304
0.180189 0.069425 0.346467
0.180279 0.069652 0.346736
0.180385 0.069856 0.346794
0.180476 0.070085 0.347063
0.180566 0.070314 0.347332
0.180657 0.070545 0.347602
0.180741 0.070790 0.347976
0.180841 0.071009 0.348141
0.180933 0.071242 0.348411
0.181026 0.071476 0.348681
0.181127 0.071697 0.348846
0.181221 0.071932 0.349117
0.181329 0.072140 0.349177
0.181431 0.072362 0.349342
0.181532 0.072585 0.349508
0.181641 0.072792 0.349568
0.181743 0.073016 0.349733
0.181852 0.073224 0.349793
0.181955 0.073448 0.349959
0.182064 0.073656 0.350019
0.182173 0.073864 0.350079
0.182282 0.074073 0.350139
0.182391 0.074281 0.350199
0.182500 0.074489 0.350259
0.182610 0.074698 0.350319
0.182713 0.074923 0.350485
0.182822 0.075132 0.350545
0.182931 0.075340 0.350605
0.183035 0.075567 0.350772
0.183145 0.075776 0.350832
0.183254 0.075984 0.350892
0.183358 0.076212 0.351059
0.183468 0.076421 0.351119
0.183577 0.076630 0.351179
0.183687 0.076839 0.351239
0.183796 0.077048 0.351300
0.183901 0.077277 0.351467
0.184011 0.077486 0.351527
0.184120 0.077695 0.351587
0.184230 0.077904 0.351647
0.184339 0.078113 0.351708
0.184445 0.078343 0.351875
0.184547 0.078595 0.352151
0.184646 0.078869 0.352534
0.184749 0.079122 0.352810
0.184845 0.079420 0.353302
0.184923 0.079851 0.354441
0.185035 0.080065 0.354502
0.185135 0.080369 0.354995
0.185229 0.080720 0.355705
0.185331 0.081027 0.356200
0.185430 0.081359 0.356803
0.172253 0.057251 0.351590
0.172703 0.057705 0.350301
0.172894 0.057926 0.349857
0.173085 0.058146 0.349413
0.173259 0.058363 0.349070
0.173447 0.058578 0.348625
0.173560 0.058792 0.348687
0.173791 0.059002 0.347936
0.173961 0.059212 0.347591
0.174116 0.059421 0.347347
0.174270 0.059629 0.347103
0.174409 0.059837 0.346960
0.174562 0.060042 0.346715
0.174686 0.060250 0.346673
0.174810 0.060457 0.346631
0.174947 0.060662 0.346487
0.175084 0.060866 0.346343
0.175221 0.061069 0.346199
0.175343 0.061274 0.346156
0.175493 0.061472 0.345909
0.175628 0.061672 0.345764
0.175763 0.061871 0.345619
0.175897 0.062070 0.345473
0.176018 0.062272 0.345430
0.176151 0.062469 0.345284
0.176284 0.062665 0.345137
0.176417 0.062860 0.344991
0.176536 0.063059 0.344947
0.176655 0.063258 0.344902
0.176775 0.063457 0.344858
0.176893 0.063655 0.344814
0.177000 0.063858 0.344872
0.177119 0.064056 0.344828
0.177237 0.064253 0.344783
0.177355 0.064449 0.344738
0.177473 0.064645 0.344693
0.177590 0.064841 0.344648
0.177708 0.065036 0.344603
0.177836 0.065224 0.344454
0.177942 0.065425 0.344512
0.178058 0.065619 0.344466
0.178175 0.065813 0.344421
0.178291 0.066006 0.344375
0.178407 0.066198 0.344329
0.178512 0.066399 0.344387
0.178628 0.066591 0.344340
0.178744 0.066783 0.344294
0.178849 0.066983 0.344352
0.178953 0.067184 0.344409
0.179058 0.067384 0.344467
0.179163 0.067584 0.344525
0.179259 0.067795 0.344687
0.179354 0.068006 0.344849
0.179450 0.068218 0.345011
0.179546 0.068430 0.345174
0.179633 0.068653 0.345441
0.179729 0.068867 0.345603
0.179826 0.069080 0.345766
0.179914 0.069306 0.346034
0.180011 0.069521 0.346197
0.180109 0.069736 0.346361
0.180206 0.069951 0.346524
0.180296 0.070180 0.346792
0.180386 0.070409 0.347061
0.180476 0.070640 0.347330
0.180567 0.070871 0.347600
0.180658 0.071103 0.347869
0.180742 0.071350 0.348244
0.180842 0.071570 0.348409
0.180935 0.071805 0.348679
0.181036 0.072026 0.348845
0.181129 0.072262 0.349115
0.181238 0.072470 0.349175
0.181340 0.072692 0.349340
0.181441 0.072915 0.349506
0.181550 0.073123 0.349566
0.181659 0.073331 0.349626
0.181761 0.073555 0.349791
0.181870 0.073763 0.349851
0.181979 0.073971 0.349911
0.182088 0.074179 0.349971
0.182197 0.074387 0.350031
0.182306 0.074595 0.350091
0.182415 0.074803 0.350151
0.182524 0.075011 0.350211
0.182627 0.075237 0.350377
0.182736 0.075445 0.350437
0.182845 0.075654 0.350497
0.182955 0.075862 0.350557
0.183064 0.076070 0.350617
0.183173 0.076279 0.350677
0.183282 0.076487 0.350736
0.183391 0.076695 0.350796
0.183495 0.076923 0.350963
0.183609 0.077112 0.350916
0.183718 0.077320 0.350976
0.183827 0.077529 0.351036
0.183937 0.077737 0.351096
0.184050 0.077925 0.351049
0.184159 0.078133 0.351109
0.184264 0.078362 0.351276
0.184373 0.078570 0.351336
0.184470 0.078843 0.351719
0.184572 0.079095 0.351994
0.184675 0.079348 0.352270
0.184767 0.079669 0.352869
0.184839 0.080125 0.354115
0.184951 0.080338 0.354177
0.185037 0.080733 0.355101
0.185134 0.081063 0.355703
0.185232 0.081395 0.356306
0.185343 0.081636 0.356476
0.172329 0.057613 0.350476
0.172523 0.057835 0.350033
0.172747 0.058056 0.349388
0.172922 0.058274 0.349045
0.173097 0.058490 0.348702
0.173271 0.058704 0.348359
0.173428 0.058916 0.348116
0.173600 0.059127 0.347771
0.173771 0.059336 0.347426
0.173942 0.059543 0.347081
0.174082 0.059752 0.346938
0.174236 0.059957 0.346694
0.174360 0.060166 0.346652
0.174499 0.060371 0.346509
0.174637 0.060576 0.346365
0.174774 0.060780 0.346221
0.174912 0.060983 0.346077
0.175048 0.061185 0.345933
0.175185 0.061387 0.345788
0.175320 0.061587 0.345643
0.175469 0.061783 0.345396
0.175604 0.061982 0.345250
0.175738 0.062179 0.345105
0.175872 0.062376 0.344959
0.175993 0.062576 0.344915
0.176126 0.062772 0.344768
0.176245 0.062971 0.344724
0.176365 0.063170 0.344680
0.176497 0.063363 0.344533
0.176603 0.063566 0.344592
0.176722 0.063763 0.344547
0.176829 0.063966 0.344606
0.176947 0.064163 0.344561
0.177065 0.064360 0.344516
0.177183 0.064556 0.344471
0.177301 0.064751 0.344426
0.177419 0.064946 0.344381
0.177536 0.065141 0.344336
0.177653 0.065335 0.344291
0.177770 0.065529 0.344245
0.177887 0.065722 0.344199
0.178003 0.065915 0.344154
0.178120 0.066108 0.344108
0.178236 0.066300 0.344062
0.178340 0.066500 0.344119
0.178456 0.066691 0.344073
0.178561 0.066892 0.344131
0.178666 0.067092 0.344188
0.178781 0.067282 0.344142
0.178886 0.067482 0.344199
0.178991 0.067682 0.344257
0.179085 0.067893 0.344419
0.179180 0.068104 0.344581
0.179285 0.068304 0.344638
0.179371 0.068526 0.344905
0.179467 0.068739 0.345067
0.179553 0.068963 0.345334
0.179650 0.069176 0.345497
0.179746 0.069390 0.345660
0.179843 0.069604 0.345823
0.179931 0.069831 0.346091
0.180037 0.070033 0.346149
0.180126 0.070262 0.346417
0.180215 0.070491 0.346686
0.180305 0.070721 0.346954
0.180395 0.070951 0.347223
0.180477 0.071197 0.347598
0.180568 0.071430 0.347867
0.180652 0.071677 0.348243
0.180752 0.071898 0.348407
0.180844 0.072133 0.348678
0.180945 0.072355 0.348843
0.181046 0.072577 0.349008
0.181147 0.072799 0.349173
0.181256 0.073007 0.349233
0.181357 0.073230 0.349398
0.181466 0.073438 0.349458
0.181568 0.073661 0.349624
0.181676 0.073869 0.349684
0.181785 0.074077 0.349743
0.181894 0.074285 0.349803
0.182003 0.074493 0.349863
0.182112 0.074701 0.349923
0.182221 0.074909 0.349983
0.182330 0.075117 0.350042
0.182439 0.075324 0.350102
0.182548 0.075532 0.350162
0.182656 0.075740 0.350222
0.182765 0.075948 0.350282
0.182874 0.076156 0.350341
0.182983 0.076364 0.350401
0.183092 0.076572 0.350461
0.183201 0.076780 0.350521
0.183310 0.076987 0.350581
0.183419 0.077195 0.350641
0.183532 0.077383 0.350593
0.183646 0.077571 0.350546
0.183755 0.077778 0.350606
0.183868 0.077965 0.350558
0.183977 0.078172 0.350618
0.184085 0.078379 0.350677
0.184194 0.078587 0.350737
0.184298 0.078815 0.350904
0.184399 0.079066 0.351179
0.184500 0.079318 0.351454
0.184590 0.079637 0.352052
0.184634 0.080251 0.354052
0.184746 0.080464 0.354113
0.184830 0.080860 0.355038
0.184926 0.081191 0.355639
0.185033 0.081454 0.355917
0.185146 0.081670 0.355980
0.171644 0.057287 0.351797
0.171971 0.057521 0.350549
0.172150 0.057744 0.350209
0.172344 0.057965 0.349766
0.172601 0.058185 0.348919
0.172777 0.058401 0.348576
0.172936 0.058616 0.348335
0.173095 0.058829 0.348092
0.173253 0.059041 0.347850
0.173410 0.059252 0.347607
0.173582 0.059460 0.347262
0.173738 0.059668 0.347018
0.173893 0.059874 0.346774
0.174033 0.060081 0.346631
0.174173 0.060288 0.346488
0.174311 0.060493 0.346345
0.174450 0.060697 0.346201
0.174588 0.060901 0.346057
0.174740 0.061100 0.345811
0.174876 0.061302 0.345667
0.175013 0.061502 0.345522
0.175149 0.061702 0.345377
0.175298 0.061897 0.345130
0.175433 0.062095 0.344985
0.175568 0.062292 0.344839
0.175702 0.062488 0.344693
0.175835 0.062683 0.344547
0.175955 0.062882 0.344503
0.176088 0.063076 0.344356
0.176207 0.063274 0.344312
0.176327 0.063471 0.344267
0.176433 0.063674 0.344326
0.176552 0.063871 0.344281
0.176658 0.064074 0.344340
0.176764 0.064277 0.344398
0.176882 0.064473 0.344353
0.177001 0.064668 0.344308
0.177130 0.064856 0.344160
0.177248 0.065051 0.344115
0.177354 0.065252 0.344173
0.177483 0.065439 0.344024
0.177599 0.065632 0.343978
0.177716 0.065825 0.343933
0.177832 0.066017 0.343887
0.177949 0.066209 0.343841
0.178065 0.066400 0.343795
0.178169 0.066600 0.343852
0.178285 0.066791 0.343806
0.178390 0.066991 0.343863
0.178494 0.067191 0.343921
0.178599 0.067390 0.343978
0.178704 0.067590 0.344036
0.178808 0.067790 0.344093
0.178913 0.067990 0.344151
0.179008 0.068200 0.344313
0.179112 0.068400 0.344370
0.179207 0.068611 0.344532
0.179293 0.068834 0.344799
0.179388 0.069047 0.344961
0.179484 0.069259 0.345123
0.179570 0.069485 0.345390
0.179667 0.069698 0.345553
0.179763 0.069913 0.345716
0.179860 0.070127 0.345879
0.179948 0.070355 0.346147
0.180045 0.070571 0.346310
0.180134 0.070801 0.346579
0.180224 0.071031 0.346847
0.180305 0.071276 0.347221
0.180395 0.071509 0.347491
0.180478 0.071756 0.347866
0.180561 0.072005 0.348241
0.180661 0.072226 0.348405
0.180754 0.072462 0.348676
0.180854 0.072684 0.348841
0.180955 0.072906 0.349006
0.181063 0.073114 0.349066
0.181164 0.073337 0.349231
0.181273 0.073544 0.349291
0.181382 0.073752 0.349350
0.181490 0.073959 0.349410
0.181599 0.074166 0.349470
0.181708 0.074374 0.349529
0.181816 0.074581 0.349589
0.181925 0.074789 0.349649
0.182034 0.074996 0.349708
0.182142 0.075204 0.349768
0.182251 0.075411 0.349828
0.182360 0.075619 0.349887
0.182468 0.075826 0.349947
0.182577 0.076033 0.350007
0.182686 0.076241 0.350067
0.182794 0.076448 0.350126
0.182903 0.076656 0.350186
0.183006 0.076883 0.350352
0.183120 0.077071 0.350305
0.183229 0.077278 0.350365
0.183343 0.077465 0.350318
0.183456 0.077652 0.350270
0.183570 0.077839 0.350223
0.183683 0.078025 0.350175
0.183796 0.078210 0.350127
0.183904 0.078417 0.350187
0.184007 0.078644 0.350353
0.184116 0.078851 0.350413
0.184224 0.079057 0.350472
0.184324 0.079308 0.350747
0.184416 0.079605 0.351237
0.184510 0.079903 0.351727
0.184600 0.080225 0.352326
0.184626 0.080964 0.354866
0.184739 0.081179 0.354928
0.184834 0.081511 0.355529
0.184944 0.081751 0.355699
0.185057 0.081967 0.355762
0.171413 0.057418 0.351832
0.171759 0.057651 0.350484
0.171939 0.057873 0.350143
0.172166 0.058094 0.349500
0.172441 0.058313 0.348552
0.172617 0.058528 0.348209
0.172777 0.058741 0.347967
0.172920 0.058954 0.347826
0.173079 0.059165 0.347584
0.173237 0.059375 0.347341
0.173394 0.059584 0.347098
0.173565 0.059790 0.346753
0.173721 0.059995 0.346508
0.173846 0.060203 0.346467
0.174000 0.060407 0.346223
0.174139 0.060611 0.346079
0.174278 0.060815 0.345936
0.174416 0.061018 0.345792
0.174568 0.061217 0.345546
0.174705 0.061418 0.345401
0.174856 0.061614 0.345155
0.174992 0.061813 0.345010
0.175128 0.062011 0.344865
0.175263 0.062208 0.344719
0.175398 0.062404 0.344573
0.175532 0.062600 0.344427
0.175652 0.062799 0.344384
0.175786 0.062993 0.344237
0.175906 0.063191 0.344193
0.176025 0.063388 0.344149
0.176144 0.063586 0.344105
0.176263 0.063782 0.344060
0.176382 0.063979 0.344016
0.176488 0.064181 0.344074
0.176594 0.064383 0.344132
0.176712 0.064579 0.344087
0.176831 0.064774 0.344042
0.176948 0.064968 0.343997
0.177066 0.065162 0.343952
0.177184 0.065356 0.343906
0.177301 0.065549 0.343861
0.177418 0.065742 0.343815
0.177534 0.065935 0.343770
0.177651 0.066127 0.343724
0.177767 0.066318 0.343678
0.177883 0.066509 0.343632
0.177988 0.066709 0.343689
0.178104 0.066900 0.343643
0.178208 0.067099 0.343700
0.178313 0.067299 0.343758
0.178428 0.067488 0.343711
0.178532 0.067688 0.343769
0.178637 0.067887 0.343826
0.178741 0.068086 0.343883
0.178835 0.068296 0.344045
0.178930 0.068507 0.344207
0.179024 0.068718 0.344368
0.179129 0.068918 0.344426
0.179214 0.069142 0.344692
0.179310 0.069354 0.344855
0.179405 0.069567 0.345017
0.179491 0.069793 0.345284
0.179587 0.070007 0.345447
0.179684 0.070221 0.345609
0.179771 0.070449 0.345877
0.179868 0.070664 0.346040
0.179965 0.070880 0.346203
0.180045 0.071124 0.346577
0.180134 0.071355 0.346846
0.180215 0.071601 0.347220
0.180297 0.071849 0.347594
0.180388 0.072083 0.347864
0.180479 0.072318 0.348133
0.180571 0.072554 0.348404
0.180671 0.072776 0.348568
0.180771 0.072998 0.348733
0.180872 0.073220 0.348898
0.180980 0.073427 0.348958
0.181088 0.073634 0.349018
0.181189 0.073858 0.349183
0.181298 0.074065 0.349243
0.181407 0.074272 0.349302
0.181522 0.074462 0.349256
0.181631 0.074669 0.349315
0.181739 0.074876 0.349375
0.181847 0.075083 0.349434
0.181956 0.075290 0.349494
0.182071 0.075479 0.349447
0.182179 0.075686 0.349507
0.182281 0.075911 0.349673
0.182396 0.076100 0.349626
0.182504 0.076306 0.349685
0.182612 0.076513 0.349745
0.182715 0.076739 0.349911
0.182823 0.076946 0.349971
0.182932 0.077153 0.350030
0.183046 0.077340 0.349983
0.183159 0.077527 0.349935
0.183273 0.077713 0.349888
0.183386 0.077898 0.349840
0.183494 0.078105 0.349899
0.183602 0.078311 0.349959
0.183715 0.078496 0.349911
0.183822 0.078701 0.349970
0.183930 0.078907 0.350029
0.184034 0.079135 0.350196
0.184142 0.079341 0.350255
0.184241 0.079592 0.350530
0.184333 0.079890 0.351020
0.184426 0.080189 0.351510
0.184419 0.081091 0.354802
0.184532 0.081306 0.354864
0.184666 0.081379 0.354279
0.184778 0.081593 0.354340
0.184876 0.081902 0.354833
0.184976 0.082214 0.355327
0.171198 0.057549 0.351766
0.172006 0.058223 0.349132
0.172282 0.058440 0.348185
0.172459 0.058654 0.347842
0.172603 0.058867 0.347701
0.172746 0.059079 0.347561
0.172905 0.059289 0.347318
0.173063 0.059498 0.347075
0.173221 0.059706 0.346832
0.173378 0.059912 0.346589
0.173534 0.060117 0.346345
0.173674 0.060323 0.346202
0.173814 0.060528 0.346059
0.173968 0.060730 0.345814
0.174107 0.060933 0.345670
0.174260 0.061132 0.345425
0.174398 0.061333 0.345281
0.174550 0.061530 0.345034
0.174687 0.061729 0.344889
0.174823 0.061927 0.344745
0.174959 0.062124 0.344599
0.175094 0.062320 0.344454
0.175229 0.062516 0.344308
0.175363 0.062711 0.344162
0.175484 0.062909 0.344118
0.175617 0.063102 0.343972
0.175737 0.063300 0.343928
0.175856 0.063497 0.343884
0.175976 0.063694 0.343839
0.176082 0.063896 0.343897
0.176200 0.064092 0.343853
0.176306 0.064294 0.343911
0.176425 0.064489 0.343866
0.176531 0.064691 0.343924
0.176649 0.064886 0.343879
0.176767 0.065080 0.343834
0.176885 0.065274 0.343789
0.177002 0.065467 0.343744
0.177131 0.065652 0.343595
0.177248 0.065844 0.343549
0.177365 0.066036 0.343503
0.177482 0.066228 0.343457
0.177586 0.066427 0.343515
0.177702 0.066618 0.343469
0.177818 0.066808 0.343423
0.177923 0.067008 0.343480
0.178038 0.067197 0.343433
0.178143 0.067397 0.343491
0.178247 0.067596 0.343548
0.178351 0.067795 0.343605
0.178456 0.067994 0.343663
0.178560 0.068193 0.343720
0.178664 0.068392 0.343777
0.178758 0.068603 0.343939
0.178863 0.068802 0.343996
0.178947 0.069025 0.344262
0.179041 0.069236 0.344424
0.179136 0.069448 0.344586
0.179231 0.069661 0.344748
0.179317 0.069886 0.345015
0.179413 0.070100 0.345178
0.179508 0.070314 0.345340
0.179605 0.070529 0.345503
0.179701 0.070743 0.345666
0.179788 0.070972 0.345933
0.179876 0.071202 0.346202
0.179956 0.071447 0.346575
0.180036 0.071693 0.346949
0.180125 0.071926 0.347218
0.180207 0.072175 0.347592
0.180297 0.072410 0.347862
0.180388 0.072645 0.348132
0.180488 0.072867 0.348296
0.180588 0.073088 0.348461
0.180688 0.073311 0.348626
0.180796 0.073517 0.348685
0.180897 0.073740 0.348850
0.181005 0.073947 0.348910
0.181113 0.074154 0.348969
0.181222 0.074360 0.349029
0.181330 0.074567 0.349088
0.181438 0.074774 0.349148
0.181554 0.074963 0.349101
0.181662 0.075170 0.349161
0.181770 0.075376 0.349220
0.181878 0.075583 0.349280
0.181993 0.075771 0.349233
0.182101 0.075977 0.349292
0.182209 0.076184 0.349352
0.182317 0.076390 0.349411
0.182425 0.076596 0.349470
0.182534 0.076803 0.349530
0.182642 0.077009 0.349589
0.182750 0.077216 0.349648
0.182863 0.077402 0.349601
0.182977 0.077587 0.349554
0.183090 0.077773 0.349506
0.183198 0.077978 0.349565
0.183311 0.078163 0.349517
0.183419 0.078368 0.349576
0.183526 0.078574 0.349635
0.183639 0.078758 0.349587
0.183746 0.078963 0.349646
0.183849 0.079190 0.349813
0.183957 0.079396 0.349872
0.184060 0.079624 0.350038
0.184168 0.079830 0.350098
0.184259 0.080127 0.350587
0.184338 0.080497 0.351400
0.184428 0.080822 0.351999
0.184461 0.081505 0.354215
0.184580 0.081671 0.354061
0.184691 0.081884 0.354122
0.184789 0.082195 0.354616
0.171101 0.057686 0.350995
0.171863 0.058352 0.348664
0.172124 0.058566 0.347818
0.172285 0.058779 0.347577
0.172446 0.058991 0.347335
0.172557 0.059204 0.347396
0.172732 0.059412 0.347053
0.172891 0.059621 0.346810
0.173049 0.059827 0.346567
0.173222 0.060031 0.346222
0.173363 0.060237 0.346079
0.173503 0.060442 0.345937
0.173659 0.060644 0.345692
0.173798 0.060847 0.345549
0.173952 0.061047 0.345304
0.174091 0.061248 0.345160
0.174243 0.061445 0.344914
0.174381 0.061644 0.344769
0.174518 0.061843 0.344625
0.174654 0.062040 0.344480
0.174790 0.062237 0.344334
0.174926 0.062432 0.344189
0.175061 0.062627 0.344043
0.175195 0.062821 0.343897
0.175316 0.063019 0.343853
0.175436 0.063217 0.343809
0.175569 0.063408 0.343663
0.175675 0.063611 0.343721
0.175794 0.063807 0.343677
0.175914 0.064003 0.343632
0.176019 0.064205 0.343690
0.176125 0.064406 0.343748
0.176244 0.064601 0.343703
0.176362 0.064796 0.343658
0.176480 0.064990 0.343613
0.176598 0.065184 0.343568
0.176716 0.065377 0.343523
0.176833 0.065570 0.343478
0.176951 0.065762 0.343432
0.177068 0.065954 0.343386
0.177185 0.066146 0.343341
0.177301 0.066337 0.343295
0.177418 0.066527 0.343249
0.177534 0.066717 0.343203
0.177638 0.066917 0.343260
0.177754 0.067106 0.343213
0.177858 0.067305 0.343271
0.177962 0.067504 0.343328
0.178066 0.067703 0.343385
0.178171 0.067902 0.343442
0.178286 0.068090 0.343396
0.178390 0.068289 0.343453
0.178483 0.068499 0.343614
0.178577 0.068709 0.343775
0.178681 0.068908 0.343833
0.178775 0.069119 0.343994
0.178869 0.069330 0.344156
0.178953 0.069554 0.344422
0.179048 0.069767 0.344584
0.179133 0.069992 0.344851
0.179229 0.070206 0.345013
0.179324 0.070420 0.345176
0.179420 0.070634 0.345338
0.179516 0.070849 0.345501
0.179612 0.071064 0.345664
0.179690 0.071308 0.346037
0.179778 0.071539 0.346305
0.179857 0.071785 0.346678
0.179946 0.072018 0.346947
0.180027 0.072266 0.347321
0.180117 0.072501 0.347590
0.180207 0.072736 0.347860
0.180298 0.072973 0.348130
0.180398 0.073194 0.348294
0.180506 0.073401 0.348354
0.180605 0.073623 0.348518
0.180714 0.073829 0.348578
0.180822 0.074036 0.348637
0.180930 0.074242 0.348697
0.181038 0.074448 0.348756
0.181146 0.074655 0.348815
0.181254 0.074861 0.348875
0.181369 0.075050 0.348828
0.181477 0.075256 0.348887
0.181585 0.075462 0.348947
0.181693 0.075668 0.349006
0.181808 0.075856 0.348959
0.181923 0.076043 0.348912
0.182030 0.076248 0.348971
0.182138 0.076454 0.349030
0.182246 0.076660 0.349090
0.182353 0.076866 0.349149
0.182461 0.077071 0.349208
0.182575 0.077257 0.349161
0.182683 0.077462 0.349220
0.182796 0.077647 0.349172
0.182903 0.077853 0.349231
0.183011 0.078058 0.349290
0.183118 0.078263 0.349349
0.183231 0.078447 0.349301
0.183339 0.078652 0.349360
0.183446 0.078857 0.349419
0.183554 0.079062 0.349478
0.183661 0.079267 0.349537
0.183764 0.079495 0.349704
0.183871 0.079700 0.349763
0.183979 0.079905 0.349822
0.184077 0.080157 0.350096
0.184168 0.080456 0.350585
0.184251 0.080804 0.351291
0.184340 0.081131 0.351889
0.184375 0.081797 0.353998
0.184494 0.081961 0.353843
0.184605 0.082174 0.353904
0.184709 0.082436 0.354182
0.170858 0.057599 0.350362
0.171093 0.057823 0.349721
0.171207 0.058042 0.349784
0.171655 0.058479 0.348600
0.171918 0.058692 0.347754
0.172129 0.058903 0.347210
0.172273 0.059115 0.347070
0.172417 0.059325 0.346929
0.172561 0.059535 0.346787
0.172720 0.059742 0.346545
0.172878 0.059948 0.346302
0.173051 0.060151 0.345957
0.173193 0.060357 0.345815
0.173349 0.060559 0.345570
0.173489 0.060762 0.345427
0.173644 0.060962 0.345182
0.173798 0.061160 0.344937
0.173937 0.061360 0.344793
0.174075 0.061560 0.344649
0.174212 0.061758 0.344505
0.174364 0.061952 0.344258
0.174501 0.062149 0.344113
0.174622 0.062349 0.344070
0.174758 0.062544 0.343924
0.174893 0.062738 0.343779
0.175014 0.062936 0.343735
0.175148 0.063128 0.343589
0.175269 0.063326 0.343545
0.175388 0.063522 0.343500
0.175508 0.063718 0.343456
0.175627 0.063914 0.343412
0.175733 0.064116 0.343470
0.175852 0.064311 0.343425
0.175957 0.064512 0.343483
0.176076 0.064706 0.343438
0.176181 0.064908 0.343496
0.176299 0.065101 0.343451
0.176418 0.065295 0.343406
0.176535 0.065488 0.343360
0.176653 0.065680 0.343315
0.176783 0.065864 0.343166
0.176888 0.066064 0.343224
0.177017 0.066246 0.343075
0.177133 0.066437 0.343029
0.177238 0.066636 0.343086
0.177354 0.066826 0.343040
0.177458 0.067025 0.343097
0.177574 0.067214 0.343051
0.177678 0.067412 0.343108
0.177794 0.067601 0.343061
0.177898 0.067799 0.343119
0.178002 0.067998 0.343176
0.178105 0.068196 0.343233
0.178209 0.068395 0.343290
0.178302 0.068605 0.343451
0.178396 0.068815 0.343612
0.178500 0.069014 0.343670
0.178594 0.069225 0.343831
0.178677 0.069448 0.344097
0.178771 0.069660 0.344259
0.178866 0.069872 0.344420
0.178950 0.070098 0.344687
0.179045 0.070311 0.344849
0.179140 0.070525 0.345011
0.179236 0.070739 0.345174
0.179332 0.070954 0.345336
0.179427 0.071169 0.345499
0.179514 0.071399 0.345767
0.179592 0.071644 0.346140
0.179680 0.071876 0.346408
0.179768 0.072108 0.346676
0.179848 0.072357 0.347050
0.179937 0.072591 0.347319
0.180027 0.072827 0.347588
0.180117 0.073063 0.347858
0.180216 0.073284 0.348022
0.180315 0.073506 0.348187
0.180423 0.073712 0.348246
0.180531 0.073918 0.348306
0.180639 0.074124 0.348365
0.180747 0.074330 0.348424
0.180855 0.074536 0.348483
0.180963 0.074742 0.348543
0.181070 0.074948 0.348602
0.181186 0.075136 0.348555
0.181293 0.075341 0.348614
0.181401 0.075547 0.348674
0.181509 0.075753 0.348733
0.181624 0.075940 0.348686
0.181738 0.076126 0.348639
0.181846 0.076332 0.348698
0.181953 0.076537 0.348757
0.182067 0.076722 0.348709
0.182175 0.076927 0.348768
0.182282 0.077133 0.348827
0.182389 0.077338 0.348886
0.182503 0.077522 0.348839
0.182610 0.077727 0.348898
0.182718 0.077932 0.348957
0.182825 0.078137 0.349015
0.182932 0.078341 0.349074
0.183039 0.078546 0.349133
0.183147 0.078751 0.349192
0.183254 0.078956 0.349251
0.183361 0.079161 0.349310
0.183468 0.079366 0.349369
0.183576 0.079570 0.349428
0.183678 0.079798 0.349594
0.183781 0.080026 0.349761
0.183884 0.080255 0.349927
0.183982 0.080507 0.350201
0.184073 0.080808 0.350691
0.184164 0.081111 0.351181
0.184244 0.081487 0.351995
0.184329 0.081843 0.352702
0.184412 0.082226 0.353518
0.184523 0.082438 0.353579
0.184601 0.082875 0.354612
0.170784 0.057734 0.349493
0.170899 0.057953 0.349556
0.170996 0.058171 0.349719
0.171924 0.059029 0.347147
0.172119 0.059238 0.346704
0.172246 0.059448 0.346664
0.172406 0.059656 0.346421
0.172549 0.059864 0.346280
0.172724 0.060067 0.345936
0.172882 0.060271 0.345692
0.173039 0.060473 0.345449
0.173180 0.060677 0.345306
0.173336 0.060877 0.345061
0.173491 0.061075 0.344816
0.173630 0.061276 0.344673
0.173784 0.061472 0.344427
0.173922 0.061671 0.344283
0.174060 0.061868 0.344138
0.174197 0.062065 0.343994
0.174334 0.062261 0.343849
0.174456 0.062460 0.343805
0.174591 0.062654 0.343660
0.174727 0.062848 0.343514
0.174848 0.063045 0.343470
0.174968 0.063243 0.343426
0.175102 0.063434 0.343280
0.175208 0.063636 0.343338
0.175328 0.063831 0.343294
0.175447 0.064027 0.343249
0.175566 0.064222 0.343205
0.175672 0.064423 0.343263
0.175777 0.064624 0.343320
0.175896 0.064818 0.343276
0.176001 0.065019 0.343333
0.176119 0.065212 0.343288
0.176250 0.065398 0.343140
0.176355 0.065598 0.343198
0.176486 0.065782 0.343050
0.176591 0.065982 0.343107
0.176720 0.066164 0.342958
0.176837 0.066355 0.342912
0.176942 0.066554 0.342970
0.177058 0.066744 0.342924
0.177174 0.066934 0.342878
0.177279 0.067132 0.342935
0.177395 0.067321 0.342888
0.177499 0.067520 0.342945
0.177602 0.067718 0.343003
0.177706 0.067917 0.343060
0.177810 0.068115 0.343117
0.177914 0.068313 0.343174
0.178018 0.068512 0.343231
0.178122 0.068710 0.343288
0.178215 0.068920 0.343449
0.178308 0.069131 0.343610
0.178402 0.069342 0.343772
0.178495 0.069553 0.343933
0.178579 0.069778 0.344199
0.178673 0.069990 0.344361
0.178757 0.070216 0.344627
0.178862 0.070416 0.344685
0.178947 0.070644 0.344952
0.179042 0.070858 0.345114
0.179148 0.071059 0.345172
0.179243 0.071274 0.345335
0.179329 0.071504 0.345602
0.179416 0.071735 0.345870
0.179503 0.071966 0.346138
0.179591 0.072199 0.346406
0.179669 0.072447 0.346779
0.179758 0.072681 0.347048
0.179847 0.072917 0.347317
0.179937 0.073153 0.347587
0.180035 0.073374 0.347751
0.180134 0.073595 0.347915
0.180233 0.073817 0.348080
0.180341 0.074023 0.348139
0.180449 0.074228 0.348198
0.180557 0.074434 0.348257
0.180664 0.074640 0.348317
0.180772 0.074846 0.348376
0.180888 0.075034 0.348329
0.180995 0.075239 0.348388
0.181110 0.075426 0.348341
0.181218 0.075632 0.348401
0.181333 0.075818 0.348354
0.181440 0.076023 0.348413
0.181548 0.076228 0.348472
0.181662 0.076414 0.348424
0.181769 0.076619 0.348483
0.181883 0.076804 0.348436
0.181991 0.077009 0.348495
0.182098 0.077213 0.348554
0.182211 0.077397 0.348506
0.182318 0.077602 0.348565
0.182425 0.077806 0.348624
0.182532 0.078011 0.348682
0.182639 0.078215 0.348741
0.182747 0.078419 0.348800
0.182854 0.078624 0.348859
0.182961 0.078828 0.348918
0.183068 0.079032 0.348976
0.183169 0.079259 0.349142
0.183277 0.079464 0.349201
0.183379 0.079691 0.349367
0.183486 0.079896 0.349426
0.183588 0.080124 0.349592
0.183691 0.080352 0.349759
0.183789 0.080605 0.350033
0.183883 0.080882 0.350415
0.183978 0.081161 0.350797
0.184060 0.081514 0.351502
0.184148 0.081845 0.352101
0.184249 0.082103 0.352377
0.184347 0.082388 0.352761
0.184418 0.082850 0.353901
0.170574 0.057863 0.349428
0.170688 0.058082 0.349491
0.171641 0.058941 0.346821
0.171753 0.059153 0.346882
0.171948 0.059360 0.346439
0.172092 0.059569 0.346298
0.172236 0.059777 0.346157
0.172396 0.059983 0.345914
0.172571 0.060185 0.345570
0.172729 0.060388 0.345327
0.172871 0.060592 0.345184
0.173028 0.060792 0.344940
0.173184 0.060991 0.344696
0.173340 0.061188 0.344451
0.173495 0.061385 0.344206
0.173633 0.061583 0.344061
0.173771 0.061781 0.343917
0.173894 0.061981 0.343874
0.174031 0.062177 0.343730
0.174168 0.062372 0.343585
0.174290 0.062571 0.343541
0.174426 0.062765 0.343396
0.174547 0.062962 0.343352
0.174667 0.063160 0.343308
0.174802 0.063351 0.343162
0.174922 0.063547 0.343118
0.175028 0.063749 0.343176
0.175162 0.063938 0.343029
0.175267 0.064139 0.343087
0.175386 0.064334 0.343043
0.175492 0.064535 0.343100
0.175597 0.064736 0.343158
0.175716 0.064929 0.343113
0.175834 0.065123 0.343068
0.175953 0.065316 0.343023
0.176071 0.065508 0.342978
0.176189 0.065700 0.342933
0.176307 0.065892 0.342887
0.176424 0.066083 0.342842
0.176541 0.066273 0.342796
0.176658 0.066464 0.342750
0.176762 0.066662 0.342807
0.176879 0.066852 0.342761
0.176995 0.067041 0.342715
0.177099 0.067240 0.342772
0.177216 0.067428 0.342726
0.177319 0.067626 0.342783
0.177423 0.067825 0.342840
0.177527 0.068023 0.342897
0.177631 0.068221 0.342954
0.177735 0.068419 0.343011
0.177839 0.068618 0.343068
0.177931 0.068827 0.343229
0.178024 0.069038 0.343390
0.178117 0.069248 0.343551
0.178210 0.069459 0.343713
0.178303 0.069671 0.343874
0.178386 0.069895 0.344140
0.178480 0.070108 0.344302
0.178575 0.070321 0.344464
0.178669 0.070535 0.344626
0.178764 0.070749 0.344788
0.178859 0.070963 0.344950
0.178954 0.071178 0.345112
0.179049 0.071393 0.345275
0.179145 0.071609 0.345437
0.179231 0.071839 0.345705
0.179308 0.072086 0.346078
0.179405 0.072303 0.346241
0.179492 0.072537 0.346509
0.179571 0.072786 0.346883
0.179659 0.073022 0.347151
0.179748 0.073258 0.347421
0.179847 0.073479 0.347585
0.179945 0.073700 0.347749
0.180053 0.073905 0.347808
0.180160 0.074111 0.347867
0.180268 0.074316 0.347926
0.180375 0.074521 0.347985
0.180483 0.074726 0.348044
0.180590 0.074932 0.348103
0.180698 0.075137 0.348162
0.180805 0.075342 0.348221
0.180913 0.075547 0.348281
0.181036 0.075716 0.348128
0.181143 0.075920 0.348187
0.181250 0.076125 0.348246
0.181365 0.076311 0.348198
0.181479 0.076496 0.348151
0.181586 0.076700 0.348210
0.181693 0.076905 0.348269
0.181807 0.077089 0.348221
0.181914 0.077293 0.348280
0.182021 0.077498 0.348339
0.182128 0.077702 0.348397
0.182235 0.077906 0.348456
0.182342 0.078110 0.348515
0.182449 0.078314 0.348574
0.182556 0.078518 0.348632
0.182663 0.078722 0.348691
0.182770 0.078927 0.348750
0.182877 0.079131 0.348809
0.182978 0.079357 0.348974
0.183085 0.079562 0.349033
0.183187 0.079789 0.349199
0.183289 0.080017 0.349365
0.183396 0.080222 0.349424
0.183498 0.080450 0.349591
0.183596 0.080703 0.349864
0.183694 0.080956 0.350138
0.183788 0.081235 0.350520
0.183877 0.081539 0.351010
0.183968 0.081845 0.351501
0.184069 0.082103 0.351776
0.184165 0.082387 0.352159
0.184214 0.082976 0.353837
0.184301 0.083342 0.354546
0.170302 0.057775 0.348999
0.170363 0.057992 0.349363
0.170821 0.058429 0.348183
0.170934 0.058645 0.348245
0.171221 0.058856 0.347301
0.171454 0.059065 0.346658
0.171617 0.059275 0.346416
0.171779 0.059483 0.346175
0.171923 0.059691 0.346034
0.172084 0.059897 0.345792
0.172244 0.060101 0.345549
0.172420 0.060302 0.345205
0.172578 0.060504 0.344962
0.172736 0.060704 0.344718
0.172877 0.060906 0.344575
0.173033 0.061104 0.344330
0.173189 0.061301 0.344086
0.173345 0.061496 0.343840
0.173483 0.061693 0.343696
0.173606 0.061894 0.343653
0.173744 0.062090 0.343509
0.173866 0.062289 0.343466
0.174003 0.062483 0.343321
0.174124 0.062682 0.343277
0.174246 0.062879 0.343234
0.174367 0.063077 0.343190
0.174502 0.063268 0.343044
0.174623 0.063465 0.343000
0.174743 0.063660 0.342956
0.174863 0.063856 0.342912
0.174968 0.064057 0.342970
0.175088 0.064252 0.342925
0.175207 0.064446 0.342881
0.175326 0.064640 0.342836
0.175431 0.064840 0.342894
0.175536 0.065040 0.342951
0.175669 0.065226 0.342804
0.175774 0.065426 0.342861
0.175892 0.065618 0.342816
0.176010 0.065810 0.342771
0.176128 0.066001 0.342725
0.176245 0.066192 0.342680
0.176362 0.066382 0.342634
0.176480 0.066572 0.342588
0.176596 0.066761 0.342542
0.176700 0.066960 0.342599
0.176817 0.067149 0.342553
0.176921 0.067347 0.342610
0.177025 0.067545 0.342667
0.177128 0.067743 0.342724
0.177232 0.067942 0.342781
0.177336 0.068140 0.342838
0.177440 0.068338 0.342895
0.177544 0.068536 0.342952
0.177648 0.068735 0.343009
0.177740 0.068945 0.343170
0.177833 0.069155 0.343331
0.177925 0.069366 0.343492
0.178018 0.069577 0.343654
0.178111 0.069789 0.343815
0.178205 0.070001 0.343976
0.178288 0.070226 0.344242
0.178382 0.070439 0.344404
0.178476 0.070653 0.344566
0.178571 0.070867 0.344728
0.178665 0.071081 0.344890
0.178770 0.071282 0.344948
0.178866 0.071497 0.345110
0.178951 0.071728 0.345378
0.179046 0.071944 0.345540
0.179132 0.072175 0.345808
0.179219 0.072408 0.346076
0.179306 0.072641 0.346344
0.179393 0.072875 0.346612
0.179481 0.073111 0.346881
0.179569 0.073347 0.347150
0.179667 0.073567 0.347314
0.179766 0.073788 0.347478
0.179873 0.073993 0.347537
0.179971 0.074215 0.347701
0.180079 0.074420 0.347760
0.180186 0.074625 0.347819
0.180294 0.074830 0.347878
0.180401 0.075035 0.347937
0.180508 0.075240 0.347996
0.180624 0.075427 0.347949
0.180731 0.075632 0.348008
0.180838 0.075836 0.348067
0.180953 0.076022 0.348020
0.181068 0.076208 0.347973
0.181175 0.076412 0.348032
0.181290 0.076597 0.347984
0.181397 0.076801 0.348043
0.181511 0.076985 0.347996
0.181618 0.077189 0.348054
0.181724 0.077393 0.348113
0.181838 0.077577 0.348065
0.181945 0.077780 0.348124
0.182052 0.077984 0.348183
0.182158 0.078188 0.348241
0.182265 0.078392 0.348300
0.182372 0.078595 0.348358
0.182472 0.078821 0.348524
0.182579 0.079025 0.348583
0.182686 0.079229 0.348641
0.182787 0.079455 0.348807
0.182894 0.079660 0.348866
0.183001 0.079864 0.348924
0.183102 0.080091 0.349090
0.183204 0.080319 0.349256
0.183306 0.080547 0.349422
0.183408 0.080776 0.349589
0.183500 0.081053 0.349970
0.183598 0.081308 0.350244
0.183687 0.081612 0.350734
0.183786 0.081869 0.351008
0.183881 0.082151 0.351391
0.183982 0.082410 0.351666
0.184078 0.082694 0.352050
0.184095 0.083468 0.354483
0.170147 0.057905 0.348634
0.170297 0.058123 0.348496
0.170464 0.058340 0.348257
0.170649 0.058556 0.347918
0.170762 0.058772 0.347980
0.171051 0.058981 0.347036
0.171267 0.059190 0.346494
0.171448 0.059397 0.346152
0.171610 0.059605 0.345911
0.171772 0.059811 0.345669
0.171916 0.060017 0.345528
0.172110 0.060217 0.345083
0.172253 0.060421 0.344941
0.172428 0.060619 0.344597
0.172586 0.060819 0.344353
0.172744 0.061017 0.344109
0.172884 0.061216 0.343966
0.173040 0.061412 0.343721
0.173180 0.061610 0.343577
0.173319 0.061806 0.343433
0.173457 0.062002 0.343288
0.173579 0.062201 0.343245
0.173701 0.062400 0.343202
0.173823 0.062598 0.343159
0.173945 0.062796 0.343115
0.174066 0.062994 0.343072
0.174202 0.063186 0.342926
0.174323 0.063382 0.342882
0.174429 0.063583 0.342940
0.174564 0.063773 0.342794
0.174669 0.063974 0.342852
0.174789 0.064169 0.342808
0.174909 0.064363 0.342763
0.175028 0.064557 0.342719
0.175148 0.064751 0.342674
0.175252 0.064951 0.342732
0.175371 0.065144 0.342687
0.175490 0.065336 0.342642
0.175609 0.065528 0.342597
0.175727 0.065720 0.342551
0.175845 0.065911 0.342506
0.175949 0.066110 0.342563
0.176067 0.066300 0.342518
0.176184 0.066490 0.342472
0.176301 0.066680 0.342426
0.176418 0.066869 0.342380
0.176522 0.067067 0.342437
0.176639 0.067256 0.342391
0.176743 0.067454 0.342448
0.176846 0.067652 0.342505
0.176950 0.067850 0.342562
0.177054 0.068048 0.342619
0.177157 0.068246 0.342676
0.177261 0.068444 0.342733
0.177365 0.068642 0.342790
0.177457 0.068852 0.342951
0.177549 0.069062 0.343111
0.177641 0.069272 0.343272
0.177734 0.069483 0.343433
0.177826 0.069694 0.343595
0.177920 0.069906 0.343756
0.178013 0.070118 0.343917
0.178095 0.070344 0.344183
0.178189 0.070557 0.344345
0.178283 0.070771 0.344507
0.178388 0.070972 0.344564
0.178472 0.071200 0.344831
0.178577 0.071401 0.344888
0.178672 0.071616 0.345051
0.178757 0.071846 0.345318
0.178852 0.072063 0.345480
0.178938 0.072295 0.345748
0.179024 0.072527 0.346016
0.179120 0.072746 0.346179
0.179207 0.072980 0.346447
0.179294 0.073215 0.346715
0.179382 0.073451 0.346984
0.179480 0.073671 0.347148
0.179578 0.073892 0.347312
0.179685 0.074097 0.347371
0.179783 0.074319 0.347535
0.179890 0.074523 0.347594
0.179997 0.074728 0.347653
0.180105 0.074933 0.347712
0.180212 0.075138 0.347770
0.180319 0.075343 0.347829
0.180435 0.075529 0.347783
0.180542 0.075734 0.347842
0.180649 0.075938 0.347900
0.180764 0.076124 0.347853
0.180879 0.076309 0.347806
0.180986 0.076513 0.347865
0.181093 0.076718 0.347924
0.181208 0.076902 0.347876
0.181322 0.077086 0.347829
0.181429 0.077289 0.347888
0.181535 0.077493 0.347946
0.181642 0.077697 0.348005
0.181756 0.077880 0.347957
0.181862 0.078083 0.348016
0.181969 0.078287 0.348074
0.182075 0.078490 0.348133
0.182182 0.078694 0.348191
0.182289 0.078897 0.348250
0.182389 0.079123 0.348415
0.182496 0.079327 0.348474
0.182602 0.079530 0.348532
0.182703 0.079757 0.348698
0.182810 0.079961 0.348757
0.182911 0.080188 0.348922
0.183012 0.080416 0.349088
0.183114 0.080644 0.349254
0.183216 0.080873 0.349421
0.183313 0.081126 0.349694
0.183410 0.081380 0.349968
0.183503 0.081660 0.350350
0.183596 0.081941 0.350732
0.183695 0.082198 0.351006
0.183795 0.082457 0.351281
0.183890 0.082741 0.351664
0.169974 0.058034 0.348369
0.170142 0.058252 0.348131
0.170292 0.058468 0.347992
0.170459 0.058683 0.347753
0.170662 0.058896 0.347313
0.170881 0.059106 0.346772
0.171063 0.059315 0.346431
0.171262 0.059521 0.345989
0.171407 0.059729 0.345848
0.171587 0.059933 0.345506
0.171748 0.060137 0.345264
0.171926 0.060338 0.344921
0.172103 0.060537 0.344577
0.172263 0.060737 0.344333
0.172438 0.060932 0.343989
0.172596 0.061129 0.343744
0.172753 0.061325 0.343500
0.172893 0.061522 0.343356
0.173032 0.061719 0.343212
0.173155 0.061919 0.343170
0.173294 0.062114 0.343025
0.173416 0.062313 0.342982
0.173522 0.062515 0.343040
0.173644 0.062713 0.342997
0.173765 0.062911 0.342954
0.173887 0.063108 0.342910
0.174008 0.063305 0.342866
0.174129 0.063501 0.342822
0.174250 0.063697 0.342779
0.174370 0.063892 0.342734
0.174490 0.064087 0.342690
0.174610 0.064281 0.342646
0.174730 0.064475 0.342602
0.174850 0.064669 0.342557
0.174969 0.064862 0.342512
0.175074 0.065062 0.342570
0.175193 0.065254 0.342525
0.175312 0.065446 0.342480
0.175430 0.065638 0.342435
0.175549 0.065829 0.342389
0.175667 0.066020 0.342344
0.175785 0.066210 0.342299
0.175902 0.066400 0.342253
0.176020 0.066589 0.342207
0.176137 0.066778 0.342161
0.176241 0.066976 0.342218
0.176357 0.067165 0.342172
0.176461 0.067363 0.342229
0.176578 0.067550 0.342183
0.176681 0.067748 0.342240
0.176772 0.067956 0.342400
0.176876 0.068154 0.342457
0.176979 0.068352 0.342514
0.177083 0.068550 0.342571
0.177174 0.068759 0.342731
0.177266 0.068969 0.342892
0.177358 0.069179 0.343052
0.177450 0.069389 0.343213
0.177542 0.069600 0.343374
0.177635 0.069812 0.343535
0.177728 0.070024 0.343697
0.177821 0.070236 0.343858
0.177914 0.070449 0.344020
0.178007 0.070662 0.344181
0.178101 0.070876 0.344343
0.178195 0.071090 0.344505
0.178289 0.071304 0.344667
0.178384 0.071519 0.344829
0.178478 0.071735 0.344991
0.178584 0.071936 0.345049
0.178668 0.072167 0.345316
0.178753 0.072399 0.345583
0.178849 0.072616 0.345746
0.178935 0.072850 0.346014
0.179021 0.073084 0.346282
0.179118 0.073303 0.346445
0.179205 0.073539 0.346713
0.179302 0.073759 0.346877
0.179399 0.073980 0.347041
0.179497 0.074201 0.347205
0.179604 0.074405 0.347264
0.179711 0.074610 0.347322
0.179818 0.074814 0.347381
0.179916 0.075036 0.347545
0.180024 0.075241 0.347604
0.180131 0.075445 0.347663
0.180246 0.075631 0.347616
0.180353 0.075836 0.347675
0.180460 0.076040 0.347734
0.180576 0.076225 0.347687
0.180683 0.076430 0.347746
0.180798 0.076614 0.347699
0.180912 0.076798 0.347651
0.181019 0.077002 0.347710
0.181126 0.077206 0.347769
0.181240 0.077389 0.347721
0.181354 0.077572 0.347673
0.181460 0.077775 0.347732
0.181567 0.077979 0.347790
0.181673 0.078182 0.347849
0.181780 0.078385 0.347907
0.181886 0.078588 0.347966
0.181993 0.078792 0.348024
0.182099 0.078995 0.348083
0.182206 0.079198 0.348141
0.182312 0.079402 0.348200
0.182412 0.079628 0.348365
0.182519 0.079831 0.348424
0.182620 0.080058 0.348589
0.182726 0.080262 0.348648
0.182821 0.080513 0.348921
0.182923 0.080741 0.349086
0.183024 0.080970 0.349253
0.183121 0.081223 0.349526
0.183217 0.081477 0.349800
0.183309 0.081757 0.350181
0.183407 0.082013 0.350455
0.183505 0.082270 0.350730
0.183604 0.082528 0.351005
0.183699 0.082813 0.351387
0.169651 0.057945 0.348242
0.169783 0.058163 0.348204
0.169952 0.058379 0.347966
0.170102 0.058595 0.347828
0.170270 0.058810 0.347589
0.170473 0.059021 0.347149
0.170676 0.059231 0.346709
0.170859 0.059440 0.346368
0.171059 0.059645 0.345926
0.171222 0.059852 0.345685
0.171403 0.060055 0.345343
0.171565 0.060258 0.345101
0.171778 0.060454 0.344556
0.171938 0.060654 0.344313
0.172098 0.060853 0.344070
0.172274 0.061048 0.343726
0.172432 0.061244 0.343481
0.172589 0.061439 0.343237
0.172729 0.061636 0.343093
0.172869 0.061832 0.342949
0.172992 0.062031 0.342907
0.173114 0.062230 0.342864
0.173237 0.062428 0.342820
0.173359 0.062626 0.342777
0.173481 0.062823 0.342734
0.173602 0.063020 0.342690
0.173708 0.063222 0.342748
0.173829 0.063418 0.342705
0.173950 0.063614 0.342661
0.174071 0.063809 0.342617
0.174192 0.064004 0.342573
0.174312 0.064199 0.342529
0.174432 0.064393 0.342484
0.174552 0.064587 0.342440
0.174672 0.064780 0.342395
0.174791 0.064973 0.342351
0.174911 0.065165 0.342306
0.175015 0.065365 0.342363
0.175134 0.065556 0.342318
0.175253 0.065748 0.342273
0.175371 0.065938 0.342228
0.175489 0.066129 0.342182
0.175607 0.066319 0.342137
0.175725 0.066508 0.342091
0.175842 0.066697 0.342046
0.175960 0.066886 0.342000
0.176077 0.067074 0.341954
0.176194 0.067262 0.341907
0.176297 0.067459 0.341964
0.176400 0.067657 0.342021
0.176504 0.067854 0.342078
0.176607 0.068051 0.342135
0.176698 0.068260 0.342295
0.176801 0.068457 0.342352
0.176905 0.068655 0.342408
0.176996 0.068864 0.342569
0.177087 0.069074 0.342729
0.177167 0.069296 0.342993
0.177271 0.069494 0.343051
0.177351 0.069718 0.343315
0.177443 0.069929 0.343476
0.177536 0.070141 0.343637
0.177628 0.070354 0.343799
0.177721 0.070567 0.343960
0.177815 0.070780 0.344122
0.177908 0.070994 0.344283
0.178002 0.071208 0.344445
0.178096 0.071423 0.344607
0.178190 0.071638 0.344769
0.178295 0.071839 0.344827
0.178390 0.072054 0.344989
0.178474 0.072286 0.345256
0.178569 0.072503 0.345419
0.178654 0.072735 0.345686
0.178750 0.072953 0.345849
0.178846 0.073172 0.346012
0.178932 0.073407 0.346280
0.179028 0.073626 0.346443
0.179115 0.073863 0.346712
0.179212 0.074083 0.346875
0.179319 0.074287 0.346934
0.179417 0.074508 0.347098
0.179524 0.074713 0.347156
0.179631 0.074917 0.347215
0.179728 0.075139 0.347379
0.179835 0.075343 0.347438
0.179942 0.075548 0.347497
0.180050 0.075752 0.347556
0.180165 0.075938 0.347509
0.180272 0.076142 0.347568
0.180379 0.076346 0.347626
0.180494 0.076531 0.347579
0.180601 0.076735 0.347638
0.180716 0.076919 0.347591
0.180823 0.077122 0.347649
0.180937 0.077306 0.347602
0.181052 0.077489 0.347555
0.181158 0.077692 0.347613
0.181264 0.077895 0.347672
0.181378 0.078077 0.347624
0.181485 0.078280 0.347682
0.181591 0.078483 0.347741
0.181697 0.078686 0.347799
0.181804 0.078890 0.347857
0.181910 0.079093 0.347916
0.182017 0.079296 0.347974
0.182123 0.079499 0.348033
0.182223 0.079725 0.348198
0.182329 0.079928 0.348256
0.182436 0.080131 0.348315
0.182536 0.080358 0.348480
0.182637 0.080586 0.348646
0.182732 0.080837 0.348919
0.182833 0.081066 0.349085
0.182929 0.081319 0.349358
0.183025 0.081574 0.349631
0.183122 0.081829 0.349905
0.183219 0.082085 0.350179
0.183311 0.082367 0.350561
0.183409 0.082625 0.350835
0.183503 0.082910 0.351218
0.169461 0.058074 0.348077
0.169612 0.058291 0.347940
0.169763 0.058507 0.347802
0.169913 0.058722 0.347664
0.170063 0.058936 0.347525
0.170267 0.059148 0.347086
0.170471 0.059357 0.346646
0.170655 0.059565 0.346305
0.170856 0.059770 0.345864
0.171038 0.059974 0.345522
0.171201 0.060178 0.345281
0.171399 0.060377 0.344838
0.171596 0.060574 0.344394
0.171791 0.060769 0.343950
0.171951 0.060967 0.343706
0.172111 0.061163 0.343463
0.172269 0.061358 0.343219
0.172427 0.061552 0.342974
0.172567 0.061749 0.342831
0.172707 0.061944 0.342687
0.172830 0.062142 0.342644
0.172952 0.062341 0.342601
0.173058 0.062543 0.342659
0.173180 0.062740 0.342616
0.173302 0.062937 0.342572
0.173408 0.063139 0.342630
0.173530 0.063335 0.342587
0.173651 0.063531 0.342543
0.173772 0.063727 0.342499
0.173878 0.063928 0.342557
0.173998 0.064123 0.342513
0.174119 0.064317 0.342469
0.174239 0.064511 0.342425
0.174375 0.064698 0.342278
0.174494 0.064891 0.342234
0.174614 0.065083 0.342189
0.174733 0.065275 0.342144
0.174838 0.065475 0.342202
0.174957 0.065666 0.342157
0.175075 0.065857 0.342112
0.175194 0.066047 0.342066
0.175312 0.066237 0.342021
0.175430 0.066427 0.341975
0.175562 0.066607 0.341827
0.175666 0.066805 0.341884
0.175783 0.066993 0.341838
0.175900 0.067181 0.341792
0.176017 0.067368 0.341746
0.176120 0.067565 0.341803
0.176237 0.067752 0.341756
0.176340 0.067949 0.341813
0.176430 0.068157 0.341973
0.176533 0.068354 0.342030
0.176637 0.068551 0.342086
0.176727 0.068760 0.342246
0.176818 0.068969 0.342407
0.176909 0.069179 0.342567
0.177000 0.069389 0.342727
0.177092 0.069599 0.342888
0.177183 0.069810 0.343049
0.177263 0.070034 0.343313
0.177355 0.070246 0.343474
0.177448 0.070458 0.343636
0.177529 0.070685 0.343901
0.177622 0.070898 0.344062
0.177727 0.071098 0.344120
0.177820 0.071312 0.344282
0.177914 0.071527 0.344443
0.178008 0.071742 0.344605
0.178102 0.071957 0.344767
0.178196 0.072173 0.344930
0.178291 0.072389 0.345092
0.178386 0.072606 0.345254
0.178481 0.072823 0.345417
0.178565 0.073057 0.345684
0.178651 0.073291 0.345952
0.178747 0.073510 0.346115
0.178843 0.073730 0.346278
0.178939 0.073949 0.346441
0.179036 0.074170 0.346605
0.179133 0.074390 0.346768
0.179239 0.074594 0.346827
0.179336 0.074815 0.346991
0.179443 0.075019 0.347049
0.179541 0.075241 0.347213
0.179648 0.075446 0.347272
0.179755 0.075650 0.347331
0.179862 0.075854 0.347390
0.179969 0.076058 0.347448
0.180076 0.076262 0.347507
0.180191 0.076447 0.347460
0.180306 0.076631 0.347413
0.180413 0.076835 0.347472
0.180520 0.077039 0.347530
0.180635 0.077222 0.347483
0.180749 0.077405 0.347436
0.180856 0.077609 0.347494
0.180970 0.077791 0.347447
0.181084 0.077973 0.347399
0.181190 0.078176 0.347457
0.181297 0.078379 0.347516
0.181403 0.078581 0.347574
0.181509 0.078784 0.347632
0.181622 0.078965 0.347584
0.181729 0.079167 0.347643
0.181828 0.079393 0.347807
0.181934 0.079596 0.347866
0.182040 0.079798 0.347924
0.182147 0.080001 0.347983
0.182246 0.080228 0.348148
0.182346 0.080455 0.348313
0.182447 0.080682 0.348478
0.182547 0.080910 0.348644
0.182642 0.081162 0.348917
0.182743 0.081391 0.349083
0.182839 0.081645 0.349356
0.182929 0.081925 0.349737
0.183031 0.082156 0.349903
0.183128 0.082412 0.350177
0.183226 0.082670 0.350451
0.183318 0.082954 0.350834
0.169158 0.057985 0.347851
0.169271 0.058202 0.347913
0.169404 0.058418 0.347876
0.169555 0.058634 0.347738
0.169706 0.058849 0.347600
0.169875 0.059063 0.347361
0.170061 0.059274 0.347022
0.170247 0.059483 0.346683
0.170450 0.059690 0.346242
0.170652 0.059894 0.345801
0.170853 0.060096 0.345359
0.171035 0.060298 0.345018
0.171252 0.060494 0.344474
0.171432 0.060691 0.344131
0.171611 0.060888 0.343788
0.171806 0.061079 0.343343
0.171965 0.061275 0.343099
0.172107 0.061472 0.342956
0.172265 0.061665 0.342712
0.172406 0.061861 0.342568
0.172529 0.062059 0.342526
0.172652 0.062258 0.342483
0.172774 0.062455 0.342440
0.172880 0.062657 0.342498
0.173002 0.062855 0.342454
0.173108 0.063056 0.342512
0.173230 0.063253 0.342469
0.173336 0.063454 0.342527
0.173457 0.063650 0.342483
0.173579 0.063846 0.342440
0.173700 0.064040 0.342396
0.173821 0.064235 0.342352
0.173941 0.064429 0.342308
0.174062 0.064623 0.342263
0.174182 0.064816 0.342219
0.174302 0.065009 0.342175
0.174437 0.065193 0.342028
0.174556 0.065385 0.341983
0.174660 0.065584 0.342040
0.174780 0.065775 0.341995
0.174898 0.065966 0.341950
0.175017 0.066156 0.341905
0.175135 0.066346 0.341860
0.175254 0.066535 0.341814
0.175386 0.066714 0.341666
0.175489 0.066912 0.341723
0.175607 0.067100 0.341677
0.175724 0.067287 0.341631
0.175841 0.067474 0.341585
0.175958 0.067661 0.341538
0.176061 0.067858 0.341595
0.176164 0.068055 0.341651
0.176267 0.068251 0.341708
0.176370 0.068448 0.341765
0.176473 0.068645 0.341821
0.176563 0.068853 0.341981
0.176653 0.069062 0.342141
0.176744 0.069271 0.342301
0.176822 0.069493 0.342565
0.176913 0.069703 0.342726
0.177005 0.069914 0.342886
0.177096 0.070125 0.343047
0.177176 0.070350 0.343312
0.177268 0.070562 0.343473
0.177360 0.070775 0.343634
0.177453 0.070988 0.343795
0.177546 0.071202 0.343957
0.177639 0.071416 0.344118
0.177744 0.071616 0.344176
0.177826 0.071845 0.344442
0.177931 0.072046 0.344499
0.178014 0.072277 0.344766
0.178108 0.072493 0.344928
0.178202 0.072709 0.345090
0.178297 0.072927 0.345252
0.178381 0.073160 0.345520
0.178477 0.073378 0.345682
0.178562 0.073613 0.345950
0.178657 0.073833 0.346113
0.178754 0.074052 0.346276
0.178850 0.074273 0.346439
0.178956 0.074476 0.346498
0.179053 0.074697 0.346661
0.179160 0.074900 0.346720
0.179257 0.075122 0.346884
0.179363 0.075325 0.346942
0.179470 0.075529 0.347001
0.179577 0.075733 0.347060
0.179683 0.075937 0.347118
0.179790 0.076140 0.347177
0.179897 0.076344 0.347235
0.180003 0.076548 0.347294
0.180110 0.076751 0.347353
0.180225 0.076935 0.347306
0.180332 0.077139 0.347364
0.180439 0.077342 0.347423
0.180553 0.077525 0.347375
0.180668 0.077708 0.347328
0.180782 0.077890 0.347280
0.180889 0.078092 0.347339
0.181003 0.078274 0.347291
0.181109 0.078476 0.347349
0.181215 0.078679 0.347407
0.181321 0.078882 0.347466
0.181427 0.079084 0.347524
0.181533 0.079287 0.347582
0.181640 0.079490 0.347641
0.181746 0.079692 0.347699
0.181852 0.079895 0.347757
0.181958 0.080098 0.347816
0.182057 0.080324 0.347981
0.182164 0.080527 0.348039
0.182264 0.080754 0.348204
0.182357 0.081005 0.348477
0.182458 0.081233 0.348642
0.182552 0.081487 0.348915
0.182647 0.081741 0.349188
0.182743 0.081996 0.349461
0.182845 0.082226 0.349628
0.182935 0.082508 0.350009
0.183038 0.082740 0.350175
0.183130 0.083025 0.350557
0.168969 0.058113 0.347687
0.169082 0.058329 0.347749
0.169215 0.058546 0.347711
0.169366 0.058761 0.347574
0.169517 0.058976 0.347436
0.169668 0.059189 0.347297
0.169855 0.059400 0.346959
0.170042 0.059609 0.346619
0.170246 0.059815 0.346179
0.170449 0.060018 0.345738
0.170651 0.060220 0.345297
0.170870 0.060417 0.344755
0.171088 0.060611 0.344211
0.171286 0.060806 0.343768
0.171412 0.061009 0.343727
0.171626 0.061197 0.343182
0.171804 0.061389 0.342837
0.171946 0.061585 0.342694
0.172087 0.061781 0.342551
0.172228 0.061976 0.342407
0.172351 0.062175 0.342364
0.172474 0.062373 0.342322
0.172580 0.062575 0.342380
0.172702 0.062772 0.342337
0.172808 0.062974 0.342395
0.172914 0.063175 0.342453
0.173036 0.063372 0.342409
0.173141 0.063573 0.342467
0.173263 0.063769 0.342424
0.173385 0.063964 0.342380
0.173506 0.064159 0.342336
0.173627 0.064353 0.342292
0.173748 0.064547 0.342248
0.173869 0.064741 0.342204
0.174005 0.064927 0.342058
0.174125 0.065119 0.342013
0.174245 0.065311 0.341969
0.174380 0.065495 0.341822
0.174484 0.065694 0.341879
0.174603 0.065884 0.341834
0.174722 0.066074 0.341789
0.174841 0.066264 0.341744
0.174959 0.066454 0.341698
0.175077 0.066642 0.341653
0.175195 0.066831 0.341607
0.175313 0.067019 0.341561
0.175445 0.067197 0.341413
0.175548 0.067394 0.341469
0.175665 0.067580 0.341423
0.175782 0.067767 0.341377
0.175885 0.067963 0.341434
0.175988 0.068160 0.341490
0.176091 0.068356 0.341547
0.176194 0.068553 0.341603
0.176297 0.068749 0.341660
0.176386 0.068957 0.341819
0.176476 0.069166 0.341979
0.176567 0.069375 0.342139
0.176657 0.069585 0.342300
0.176748 0.069795 0.342460
0.176839 0.070005 0.342620
0.176917 0.070229 0.342884
0.177021 0.070428 0.342942
0.177101 0.070653 0.343206
0.177193 0.070865 0.343367
0.177285 0.071078 0.343528
0.177377 0.071291 0.343689
0.177470 0.071505 0.343851
0.177563 0.071719 0.344012
0.177656 0.071934 0.344174
0.177749 0.072149 0.344336
0.177843 0.072364 0.344497
0.177925 0.072596 0.344764
0.178020 0.072812 0.344926
0.178114 0.073029 0.345088
0.178198 0.073263 0.345355
0.178293 0.073481 0.345518
0.178388 0.073700 0.345681
0.178483 0.073919 0.345843
0.178579 0.074138 0.346006
0.178675 0.074358 0.346170
0.178781 0.074561 0.346228
0.178877 0.074781 0.346391
0.178973 0.075002 0.346555
0.179080 0.075206 0.346613
0.179186 0.075409 0.346672
0.179283 0.075631 0.346835
0.179390 0.075834 0.346894
0.179497 0.076038 0.346952
0.179603 0.076241 0.347011
0.179710 0.076445 0.347070
0.179816 0.076648 0.347128
0.179923 0.076852 0.347187
0.180038 0.077035 0.347140
0.180145 0.077238 0.347198
0.180251 0.077442 0.347257
0.180366 0.077624 0.347209
0.180481 0.077806 0.347162
0.180587 0.078009 0.347220
0.180701 0.078191 0.347172
0.180808 0.078393 0.347231
0.180914 0.078596 0.347289
0.181028 0.078777 0.347241
0.181134 0.078979 0.347299
0.181240 0.079181 0.347358
0.181353 0.079361 0.347309
0.181459 0.079563 0.347368
0.181565 0.079766 0.347426
0.181671 0.079968 0.347484
0.181770 0.080193 0.347649
0.181876 0.080396 0.347707
0.181975 0.080622 0.347872
0.182075 0.080849 0.348037
0.182174 0.081076 0.348202
0.182268 0.081329 0.348475
0.182368 0.081557 0.348640
0.182463 0.081811 0.348913
0.182558 0.082066 0.349186
0.182653 0.082322 0.349459
0.182754 0.082553 0.349626
0.182851 0.082810 0.349900
0.182947 0.083068 0.350173
0.168780 0.058241 0.347523
0.168893 0.058457 0.347585
0.169026 0.058673 0.347547
0.169178 0.058888 0.347410
0.169310 0.059103 0.347372
0.169480 0.059315 0.347134
0.169649 0.059526 0.346895
0.169837 0.059735 0.346556
0.170023 0.059942 0.346216
0.170265 0.060141 0.345576
0.170486 0.060340 0.345034
0.170706 0.060535 0.344492
0.170925 0.060729 0.343949
0.171124 0.060922 0.343506
0.171304 0.061116 0.343163
0.171465 0.061311 0.342919
0.171626 0.061505 0.342676
0.171768 0.061702 0.342533
0.171909 0.061897 0.342390
0.172050 0.062092 0.342246
0.172156 0.062294 0.342304
0.172279 0.062492 0.342262
0.172402 0.062689 0.342219
0.172508 0.062891 0.342277
0.172614 0.063093 0.342335
0.172719 0.063294 0.342393
0.172842 0.063491 0.342349
0.172947 0.063692 0.342407
0.173069 0.063888 0.342364
0.173191 0.064083 0.342320
0.173313 0.064277 0.342277
0.173434 0.064472 0.342233
0.173555 0.064665 0.342189
0.173692 0.064852 0.342043
0.173812 0.065044 0.341998
0.173948 0.065229 0.341852
0.174068 0.065421 0.341807
0.174188 0.065612 0.341763
0.174292 0.065811 0.341820
0.174427 0.065993 0.341673
0.174546 0.066183 0.341628
0.174650 0.066381 0.341685
0.174783 0.066561 0.341537
0.174902 0.066750 0.341492
0.175020 0.066938 0.341446
0.175138 0.067126 0.341400
0.175255 0.067313 0.341354
0.175373 0.067500 0.341308
0.175490 0.067686 0.341262
0.175607 0.067872 0.341216
0.175710 0.068068 0.341272
0.175812 0.068265 0.341329
0.175915 0.068461 0.341385
0.176018 0.068657 0.341442
0.176121 0.068853 0.341498
0.176210 0.069062 0.341658
0.176313 0.069258 0.341714
0.176403 0.069467 0.341874
0.176493 0.069676 0.342034
0.176570 0.069899 0.342298
0.176674 0.070096 0.342355
0.176765 0.070307 0.342515
0.176856 0.070518 0.342675
0.176934 0.070743 0.342940
0.177026 0.070955 0.343100
0.177117 0.071167 0.343261
0.177209 0.071380 0.343422
0.177302 0.071594 0.343584
0.177394 0.071808 0.343745
0.177475 0.072037 0.344010
0.177580 0.072237 0.344068
0.177661 0.072467 0.344334
0.177755 0.072683 0.344496
0.177837 0.072915 0.344762
0.177931 0.073132 0.344924
0.178025 0.073350 0.345086
0.178120 0.073567 0.345249
0.178215 0.073786 0.345411
0.178310 0.074004 0.345574
0.178405 0.074223 0.345737
0.178500 0.074443 0.345900
0.178596 0.074663 0.346063
0.178702 0.074866 0.346121
0.178798 0.075086 0.346284
0.178904 0.075289 0.346343
0.179001 0.075510 0.346506
0.179107 0.075713 0.346565
0.179213 0.075916 0.346623
0.179320 0.076120 0.346681
0.179417 0.076342 0.346845
0.179523 0.076545 0.346904
0.179630 0.076749 0.346962
0.179736 0.076952 0.347021
0.179843 0.077155 0.347079
0.179949 0.077358 0.347138
0.180055 0.077562 0.347196
0.180179 0.077723 0.347043
0.180285 0.077926 0.347102
0.180400 0.078108 0.347054
0.180506 0.078310 0.347112
0.180621 0.078491 0.347065
0.180727 0.078694 0.347123
0.180841 0.078874 0.347075
0.180947 0.079076 0.347133
0.181052 0.079278 0.347191
0.181158 0.079480 0.347249
0.181264 0.079683 0.347308
0.181370 0.079885 0.347366
0.181476 0.080087 0.347424
0.181582 0.080289 0.347482
0.181688 0.080491 0.347540
0.181787 0.080718 0.347705
0.181886 0.080944 0.347870
0.181986 0.081172 0.348035
0.182085 0.081399 0.348201
0.182179 0.081652 0.348473
0.182272 0.081906 0.348746
0.182373 0.082136 0.348911
0.182468 0.082391 0.349184
0.182569 0.082622 0.349350
0.182664 0.082879 0.349624
0.182754 0.083163 0.350005
0.182851 0.083422 0.350279
0.182931 0.083762 0.350876
0.168458 0.058152 0.347396
0.168572 0.058368 0.347459
0.168705 0.058584 0.347421
0.168837 0.058800 0.347383
0.168990 0.059014 0.347246
0.169141 0.059228 0.347108
0.169312 0.059440 0.346870
0.169462 0.059651 0.346732
0.169650 0.059859 0.346393
0.169762 0.060072 0.346454
0.170062 0.060265 0.345513
0.170285 0.060463 0.344972
0.170525 0.060656 0.344330
0.170744 0.060848 0.343787
0.170963 0.061038 0.343244
0.171144 0.061231 0.342901
0.171287 0.061428 0.342758
0.171448 0.061622 0.342515
0.171590 0.061818 0.342372
0.171714 0.062017 0.342330
0.171856 0.062211 0.342186
0.171979 0.062409 0.342144
0.172085 0.062611 0.342202
0.172208 0.062808 0.342159
0.172314 0.063010 0.342217
0.172419 0.063212 0.342275
0.172542 0.063408 0.342232
0.172648 0.063609 0.342290
0.172770 0.063805 0.342246
0.172892 0.064000 0.342203
0.172998 0.064201 0.342261
0.173136 0.064389 0.342115
0.173257 0.064583 0.342072
0.173378 0.064777 0.342028
0.173499 0.064970 0.341983
0.173636 0.065155 0.341837
0.173772 0.065339 0.341691
0.173892 0.065530 0.341646
0.174012 0.065721 0.341602
0.174116 0.065920 0.341659
0.174251 0.066102 0.341512
0.174355 0.066300 0.341569
0.174489 0.066480 0.341421
0.174608 0.066669 0.341376
0.174726 0.066857 0.341331
0.174844 0.067045 0.341285
0.174962 0.067232 0.341239
0.175080 0.067419 0.341193
0.175198 0.067605 0.341147
0.175301 0.067802 0.341204
0.175432 0.067977 0.341055
0.175535 0.068173 0.341111
0.175637 0.068369 0.341168
0.175740 0.068565 0.341224
0.175843 0.068761 0.341281
0.175946 0.068957 0.341337
0.176048 0.069153 0.341393
0.176137 0.069362 0.341553
0.176227 0.069571 0.341713
0.176317 0.069780 0.341873
0.176420 0.069976 0.341929
0.176510 0.070186 0.342089
0.176587 0.070410 0.342353
0.176678 0.070621 0.342513
0.176769 0.070832 0.342674
0.176860 0.071044 0.342834
0.176951 0.071256 0.342995
0.177043 0.071469 0.343156
0.177134 0.071682 0.343317
0.177214 0.071910 0.343582
0.177307 0.072125 0.343743
0.177399 0.072339 0.343904
0.177492 0.072554 0.344066
0.177573 0.072786 0.344332
0.177667 0.073002 0.344494
0.177749 0.073235 0.344760
0.177843 0.073452 0.344922
0.177948 0.073653 0.344980
0.178031 0.073888 0.345247
0.178126 0.074106 0.345410
0.178232 0.074308 0.345468
0.178327 0.074527 0.345630
0.178422 0.074747 0.345793
0.178528 0.074949 0.345851
0.178623 0.075170 0.346014
0.178729 0.075372 0.346073
0.178825 0.075593 0.346236
0.178931 0.075796 0.346294
0.179038 0.075998 0.346352
0.179144 0.076201 0.346411
0.179240 0.076423 0.346574
0.179346 0.076626 0.346633
0.179453 0.076829 0.346691
0.179559 0.077031 0.346749
0.179665 0.077234 0.346808
0.179771 0.077437 0.346866
0.179878 0.077640 0.346925
0.179984 0.077843 0.346983
0.180099 0.078025 0.346936
0.180205 0.078227 0.346994
0.180320 0.078408 0.346946
0.180434 0.078589 0.346899
0.180540 0.078791 0.346957
0.180646 0.078993 0.347015
0.180760 0.079173 0.346967
0.180866 0.079375 0.347025
0.180979 0.079554 0.346977
0.181085 0.079755 0.347035
0.181191 0.079957 0.347093
0.181296 0.080159 0.347151
0.181395 0.080385 0.347316
0.181500 0.080587 0.347374
0.181599 0.080813 0.347538
0.181698 0.081039 0.347703
0.181797 0.081267 0.347868
0.181896 0.081494 0.348033
0.181989 0.081747 0.348306
0.182089 0.081976 0.348471
0.182183 0.082231 0.348744
0.182277 0.082486 0.349017
0.182372 0.082743 0.349290
0.182467 0.083000 0.349563
0.182562 0.083258 0.349837
0.182652 0.083544 0.350218
0.182731 0.083885 0.350814
0.168250 0.058280 0.347332
0.168384 0.058496 0.347295
0.168517 0.058711 0.347257
0.168669 0.058926 0.347120
0.168802 0.059141 0.347082
0.168954 0.059354 0.346944
0.169125 0.059565 0.346706
0.169295 0.059775 0.346468
0.169465 0.059983 0.346229
0.169672 0.060186 0.345790
0.169916 0.060383 0.345150
0.170026 0.060593 0.345210
0.170362 0.060773 0.344068
0.170545 0.060970 0.343726
0.170802 0.061153 0.342982
0.170965 0.061348 0.342740
0.171127 0.061542 0.342497
0.171270 0.061738 0.342354
0.171395 0.061937 0.342312
0.171537 0.062132 0.342169
0.171661 0.062330 0.342126
0.171785 0.062528 0.342084
0.171890 0.062730 0.342142
0.172014 0.062927 0.342099
0.172119 0.063129 0.342157
0.172225 0.063331 0.342215
0.172348 0.063527 0.342172
0.172454 0.063728 0.342230
0.172576 0.063924 0.342186
0.172699 0.064119 0.342143
0.172821 0.064314 0.342099
0.172942 0.064508 0.342056
0.173064 0.064701 0.342012
0.173202 0.064888 0.341866
0.173323 0.065080 0.341822
0.173460 0.065265 0.341676
0.173580 0.065457 0.341632
0.173717 0.065640 0.341486
0.173837 0.065830 0.341441
0.173941 0.066029 0.341498
0.174060 0.066219 0.341453
0.174195 0.066399 0.341306
0.174314 0.066588 0.341261
0.174433 0.066776 0.341215
0.174551 0.066964 0.341170
0.174670 0.067151 0.341124
0.174788 0.067338 0.341078
0.174906 0.067525 0.341032
0.175023 0.067711 0.340986
0.175141 0.067897 0.340940
0.175243 0.068093 0.340997
0.175360 0.068278 0.340950
0.175463 0.068474 0.341007
0.175565 0.068669 0.341063
0.175668 0.068865 0.341119
0.175771 0.069061 0.341176
0.175859 0.069269 0.341335
0.175962 0.069465 0.341392
0.176051 0.069674 0.341551
0.176141 0.069883 0.341711
0.176244 0.070079 0.341767
0.176333 0.070289 0.341927
0.176423 0.070499 0.342087
0.176513 0.070710 0.342248
0.176604 0.070921 0.342408
0.176694 0.071133 0.342568
0.176785 0.071344 0.342729
0.176876 0.071557 0.342889
0.176955 0.071784 0.343154
0.177047 0.071998 0.343315
0.177139 0.072212 0.343476
0.177231 0.072426 0.343637
0.177311 0.072657 0.343903
0.177392 0.072888 0.344168
0.177497 0.073088 0.344226
0.177579 0.073320 0.344492
0.177672 0.073537 0.344654
0.177766 0.073755 0.344816
0.177860 0.073973 0.344978
0.177954 0.074191 0.345141
0.178048 0.074410 0.345303
0.178154 0.074611 0.345361
0.178249 0.074831 0.345524
0.178354 0.075032 0.345582
0.178450 0.075252 0.345745
0.178555 0.075454 0.345803
0.178661 0.075656 0.345861
0.178757 0.075877 0.346024
0.178863 0.076079 0.346082
0.178969 0.076282 0.346140
0.179074 0.076484 0.346199
0.179180 0.076686 0.346257
0.179286 0.076888 0.346315
0.179383 0.077111 0.346478
0.179489 0.077313 0.346537
0.179595 0.077515 0.346595
0.179701 0.077718 0.346653
0.179807 0.077920 0.346711
0.179913 0.078123 0.346770
0.180028 0.078304 0.346722
0.180134 0.078506 0.346780
0.180248 0.078686 0.346733
0.180362 0.078866 0.346685
0.180468 0.079067 0.346743
0.180574 0.079269 0.346801
0.180679 0.079471 0.346859
0.180785 0.079673 0.346917
0.180899 0.079851 0.346869
0.181004 0.080053 0.346927
0.181110 0.080254 0.346985
0.181208 0.080480 0.347149
0.181313 0.080682 0.347207
0.181412 0.080908 0.347372
0.181510 0.081134 0.347537
0.181609 0.081361 0.347702
0.181708 0.081589 0.347867
0.181800 0.081842 0.348138
0.181900 0.082071 0.348304
0.181993 0.082325 0.348576
0.182087 0.082581 0.348849
0.182187 0.082811 0.349015
0.182275 0.083095 0.349395
0.182364 0.083379 0.349775
0.182453 0.083666 0.350156
0.168062 0.058407 0.347169
0.168196 0.058623 0.347131
0.168349 0.058838 0.346994
0.168482 0.059052 0.346956
0.168635 0.059266 0.346819
0.168807 0.059477 0.346581
0.168978 0.059687 0.346343
0.169129 0.059897 0.346205
0.169299 0.060105 0.345966
0.169507 0.060307 0.345527
0.169714 0.060507 0.345088
0.169824 0.060717 0.345148
0.170162 0.060896 0.344006
0.170422 0.061080 0.343263
0.170605 0.061273 0.342921
0.170806 0.061462 0.342478
0.170950 0.061658 0.342336
0.171093 0.061854 0.342193
0.171199 0.062057 0.342252
0.171342 0.062252 0.342109
0.171466 0.062450 0.342066
0.171590 0.062647 0.342024
0.171696 0.062849 0.342082
0.171820 0.063046 0.342039
0.171925 0.063248 0.342097
0.172031 0.063450 0.342155
0.172154 0.063646 0.342112
0.172260 0.063847 0.342170
0.172382 0.064043 0.342127
0.172505 0.064237 0.342083
0.172627 0.064432 0.342040
0.172766 0.064619 0.341895
0.172905 0.064806 0.341750
0.173026 0.064998 0.341706
0.173164 0.065183 0.341560
0.173284 0.065375 0.341516
0.173405 0.065566 0.341471
0.173542 0.065749 0.341325
0.173662 0.065939 0.341280
0.173765 0.066137 0.341337
0.173885 0.066327 0.341292
0.174004 0.066516 0.341247
0.174124 0.066704 0.341202
0.174243 0.066893 0.341157
0.174361 0.067080 0.341111
0.174480 0.067268 0.341066
0.174598 0.067454 0.341020
0.174716 0.067641 0.340974
0.174849 0.067816 0.340826
0.174952 0.068012 0.340882
0.175069 0.068197 0.340836
0.175172 0.068393 0.340892
0.175289 0.068578 0.340846
0.175391 0.068773 0.340902
0.175494 0.068969 0.340958
0.175596 0.069165 0.341015
0.175685 0.069372 0.341174
0.175787 0.069568 0.341230
0.175890 0.069764 0.341287
0.175979 0.069973 0.341446
0.176068 0.070182 0.341606
0.176157 0.070392 0.341766
0.176260 0.070588 0.341822
0.176350 0.070799 0.341982
0.176440 0.071009 0.342142
0.176530 0.071221 0.342302
0.176621 0.071432 0.342463
0.176711 0.071644 0.342623
0.176789 0.071872 0.342888
0.176881 0.072085 0.343048
0.176960 0.072314 0.343313
0.177052 0.072528 0.343474
0.177131 0.072758 0.343739
0.177224 0.072974 0.343901
0.177316 0.073190 0.344062
0.177409 0.073406 0.344224
0.177491 0.073639 0.344490
0.177596 0.073840 0.344548
0.177689 0.074057 0.344710
0.177783 0.074275 0.344872
0.177877 0.074494 0.345034
0.177982 0.074695 0.345092
0.178088 0.074896 0.345150
0.178182 0.075115 0.345313
0.178277 0.075335 0.345475
0.178382 0.075536 0.345533
0.178488 0.075738 0.345591
0.178593 0.075939 0.345649
0.178699 0.076141 0.345707
0.178804 0.076342 0.345765
0.178910 0.076544 0.345823
0.179016 0.076745 0.345881
0.179121 0.076947 0.345939
0.179227 0.077149 0.345997
0.179323 0.077371 0.346161
0.179428 0.077572 0.346219
0.179534 0.077774 0.346277
0.179640 0.077976 0.346335
0.179754 0.078156 0.346287
0.179860 0.078358 0.346345
0.179966 0.078559 0.346403
0.180071 0.078761 0.346461
0.180177 0.078962 0.346519
0.180282 0.079164 0.346577
0.180396 0.079343 0.346529
0.180502 0.079544 0.346587
0.180607 0.079745 0.346645
0.180713 0.079947 0.346703
0.180818 0.080148 0.346761
0.180924 0.080349 0.346819
0.181021 0.080575 0.346983
0.181127 0.080776 0.347041
0.181225 0.081002 0.347205
0.181323 0.081229 0.347370
0.181421 0.081456 0.347535
0.181520 0.081683 0.347700
0.181612 0.081936 0.347971
0.181704 0.082190 0.348243
0.181804 0.082420 0.348409
0.181897 0.082675 0.348681
0.181990 0.082932 0.348954
0.182078 0.083216 0.349334
0.182160 0.083527 0.349822
0.182248 0.083814 0.350202
0.182332 0.084129 0.350691
0.167721 0.058319 0.347142
0.167854 0.058535 0.347104
0.168009 0.058750 0.346968
0.168162 0.058964 0.346831
0.168315 0.059178 0.346693
0.168468 0.059390 0.346556
0.168641 0.059601 0.346318
0.168792 0.059811 0.346180
0.168963 0.060020 0.345942
0.169134 0.060226 0.345704
0.169362 0.060425 0.345165
0.169589 0.060622 0.344625
0.169699 0.060831 0.344685
0.170262 0.061195 0.343002
0.170446 0.061388 0.342660
0.170610 0.061582 0.342418
0.170754 0.061778 0.342276
0.170898 0.061974 0.342133
0.171004 0.062177 0.342191
0.171129 0.062375 0.342149
0.171272 0.062569 0.342006
0.171377 0.062771 0.342064
0.171501 0.062968 0.342022
0.171607 0.063170 0.342080
0.171731 0.063367 0.342037
0.171837 0.063569 0.342095
0.171960 0.063764 0.342052
0.172083 0.063960 0.342009
0.172206 0.064155 0.341966
0.172328 0.064350 0.341922
0.172468 0.064537 0.341778
0.172590 0.064731 0.341734
0.172729 0.064916 0.341589
0.172850 0.065109 0.341545
0.172988 0.065293 0.341399
0.173109 0.065485 0.341355
0.173246 0.065667 0.341209
0.173367 0.065858 0.341164
0.173487 0.066047 0.341119
0.173591 0.066245 0.341176
0.173710 0.066435 0.341131
0.173830 0.066623 0.341086
0.173949 0.066812 0.341041
0.174068 0.066999 0.340996
0.174187 0.067187 0.340950
0.174306 0.067374 0.340905
0.174424 0.067560 0.340859
0.174542 0.067746 0.340813
0.174660 0.067932 0.340767
0.174763 0.068128 0.340824
0.174880 0.068313 0.340778
0.174998 0.068497 0.340731
0.175100 0.068693 0.340788
0.175203 0.068889 0.340844
0.175305 0.069084 0.340900
0.175408 0.069280 0.340957
0.175510 0.069476 0.341013
0.175613 0.069671 0.341069
0.175701 0.069880 0.341229
0.175804 0.070076 0.341285
0.175893 0.070285 0.341444
0.175995 0.070481 0.341501
0.176084 0.070691 0.341661
0.176174 0.070901 0.341820
0.176264 0.071111 0.341980
0.176353 0.071323 0.342140
0.176443 0.071534 0.342301
0.176534 0.071746 0.342461
0.176624 0.071958 0.342621
0.176702 0.072187 0.342886
0.176794 0.072400 0.343047
0.176872 0.072630 0.343311
0.176964 0.072844 0.343472
0.177044 0.073075 0.343738
0.177136 0.073291 0.343899
0.177229 0.073507 0.344061
0.177321 0.073724 0.344222
0.177414 0.073941 0.344384
0.177508 0.074158 0.344546
0.177613 0.074359 0.344604
0.177706 0.074577 0.344766
0.177811 0.074777 0.344823
0.177905 0.074996 0.344986
0.178010 0.075197 0.345044
0.178116 0.075398 0.345101
0.178221 0.075599 0.345159
0.178315 0.075819 0.345322
0.178421 0.076020 0.345380
0.178526 0.076221 0.345437
0.178631 0.076422 0.345495
0.178737 0.076623 0.345553
0.178842 0.076824 0.345611
0.178947 0.077025 0.345669
0.179053 0.077226 0.345727
0.179168 0.077407 0.345679
0.179273 0.077608 0.345737
0.179369 0.077830 0.345900
0.179474 0.078031 0.345958
0.179579 0.078232 0.346016
0.179685 0.078433 0.346074
0.179790 0.078634 0.346132
0.179895 0.078835 0.346190
0.180009 0.079014 0.346142
0.180115 0.079215 0.346200
0.180220 0.079416 0.346257
0.180317 0.079640 0.346421
0.180422 0.079841 0.346479
0.180527 0.080042 0.346537
0.180633 0.080243 0.346595
0.180738 0.080444 0.346653
0.180835 0.080669 0.346817
0.180933 0.080895 0.346981
0.181038 0.081097 0.347039
0.181136 0.081323 0.347204
0.181234 0.081550 0.347368
0.181325 0.081802 0.347640
0.181417 0.082056 0.347911
0.181516 0.082285 0.348076
0.181608 0.082540 0.348348
0.181707 0.082769 0.348514
0.181794 0.083052 0.348893
0.181880 0.083337 0.349273
0.181961 0.083649 0.349760
0.182043 0.083963 0.350248
0.182132 0.084252 0.350629
0.182178 0.084734 0.351762
0.167512 0.058446 0.347078
0.167646 0.058662 0.347040
0.167822 0.058876 0.346804
0.167976 0.059090 0.346667
0.168150 0.059302 0.346431
0.168303 0.059514 0.346293
0.168475 0.059724 0.346056
0.168668 0.059931 0.345718
0.168819 0.060139 0.345580
0.168990 0.060345 0.345341
0.169199 0.060545 0.344902
0.169408 0.060743 0.344463
0.169517 0.060952 0.344523
0.170065 0.061317 0.342941
0.170249 0.061508 0.342599
0.170414 0.061702 0.342357
0.170558 0.061898 0.342215
0.170665 0.062102 0.342274
0.170809 0.062296 0.342131
0.170934 0.062495 0.342089
0.171058 0.062693 0.342047
0.171183 0.062890 0.342004
0.171289 0.063093 0.342063
0.171413 0.063289 0.342020
0.171537 0.063486 0.341977
0.171660 0.063682 0.341934
0.171766 0.063883 0.341992
0.171907 0.064073 0.341848
0.172030 0.064267 0.341805
0.172153 0.064461 0.341762
0.172292 0.064648 0.341617
0.172415 0.064842 0.341573
0.172554 0.065027 0.341428
0.172675 0.065219 0.341384
0.172813 0.065403 0.341239
0.172935 0.065594 0.341194
0.173072 0.065776 0.341048
0.173192 0.065966 0.341004
0.173313 0.066156 0.340959
0.173416 0.066353 0.341016
0.173536 0.066542 0.340971
0.173656 0.066731 0.340926
0.173775 0.066918 0.340881
0.173894 0.067106 0.340835
0.174013 0.067293 0.340790
0.174116 0.067490 0.340846
0.174235 0.067676 0.340801
0.174353 0.067862 0.340755
0.174471 0.068048 0.340709
0.174589 0.068233 0.340663
0.174692 0.068428 0.340720
0.174809 0.068613 0.340673
0.174912 0.068808 0.340730
0.175029 0.068992 0.340683
0.175131 0.069188 0.340740
0.175234 0.069383 0.340796
0.175322 0.069591 0.340955
0.175424 0.069787 0.341011
0.175527 0.069982 0.341067
0.175615 0.070191 0.341227
0.175718 0.070387 0.341283
0.175820 0.070583 0.341339
0.175909 0.070792 0.341499
0.175998 0.071003 0.341659
0.176088 0.071213 0.341819
0.176190 0.071410 0.341875
0.176280 0.071621 0.342035
0.176357 0.071847 0.342299
0.176447 0.072060 0.342459
0.176538 0.072273 0.342620
0.176615 0.072501 0.342884
0.176694 0.072731 0.343149
0.176785 0.072946 0.343310
0.176877 0.073160 0.343471
0.176956 0.073392 0.343736
0.177048 0.073608 0.343897
0.177141 0.073825 0.344059
0.177246 0.074025 0.344116
0.177338 0.074242 0.344278
0.177431 0.074459 0.344440
0.177536 0.074660 0.344497
0.177629 0.074878 0.344659
0.177734 0.075078 0.344717
0.177839 0.075279 0.344775
0.177944 0.075479 0.344833
0.178049 0.075680 0.344890
0.178154 0.075880 0.344948
0.178259 0.076080 0.345006
0.178364 0.076281 0.345063
0.178469 0.076481 0.345121
0.178574 0.076682 0.345179
0.178679 0.076882 0.345236
0.178784 0.077083 0.345294
0.178889 0.077283 0.345352
0.178994 0.077484 0.345409
0.179099 0.077684 0.345467
0.179204 0.077884 0.345525
0.179309 0.078085 0.345582
0.179414 0.078285 0.345640
0.179519 0.078486 0.345698
0.179624 0.078686 0.345755
0.179729 0.078887 0.345813
0.179834 0.079087 0.345871
0.179939 0.079288 0.345928
0.180044 0.079488 0.345986
0.180140 0.079712 0.346150
0.180246 0.079912 0.346207
0.180351 0.080113 0.346265
0.180456 0.080314 0.346323
0.180553 0.080538 0.346487
0.180658 0.080739 0.346545
0.180755 0.080965 0.346709
0.180852 0.081191 0.346873
0.180950 0.081417 0.347037
0.181048 0.081644 0.347202
0.181138 0.081896 0.347473
0.181229 0.082150 0.347744
0.181327 0.082378 0.347909
0.181419 0.082634 0.348181
0.181511 0.082889 0.348453
0.181597 0.083173 0.348833
0.181683 0.083457 0.349212
0.181763 0.083770 0.349699
0.181844 0.084085 0.350187
0.181919 0.084429 0.350782
0.181976 0.084858 0.351699
0.167304 0.058574 0.347013
0.167438 0.058789 0.346976
0.167656 0.059002 0.346542
0.167769 0.059217 0.346604
0.167943 0.059429 0.346367
0.168097 0.059640 0.346230
0.168332 0.059845 0.345694
0.168524 0.060051 0.345356
0.168696 0.060257 0.345118
0.168847 0.060463 0.344979
0.169057 0.060662 0.344541
0.169206 0.060866 0.344401
0.169316 0.061075 0.344461
0.169867 0.061438 0.342880
0.170052 0.061629 0.342539
0.170217 0.061822 0.342297
0.170362 0.062018 0.342155
0.170469 0.062221 0.342213
0.170613 0.062416 0.342071
0.170738 0.062614 0.342029
0.170863 0.062812 0.341987
0.170988 0.063010 0.341944
0.171094 0.063212 0.342002
0.171218 0.063409 0.341960
0.171342 0.063605 0.341917
0.171466 0.063801 0.341875
0.171590 0.063996 0.341832
0.171731 0.064185 0.341688
0.171854 0.064379 0.341644
0.171977 0.064573 0.341601
0.172117 0.064760 0.341456
0.172257 0.064945 0.341311
0.172379 0.065137 0.341268
0.172518 0.065321 0.341122
0.172639 0.065512 0.341078
0.172760 0.065703 0.341034
0.172898 0.065885 0.340888
0.173018 0.066075 0.340843
0.173139 0.066264 0.340799
0.173242 0.066461 0.340855
0.173362 0.066650 0.340810
0.173466 0.066847 0.340867
0.173585 0.067035 0.340822
0.173705 0.067222 0.340777
0.173824 0.067409 0.340732
0.173943 0.067595 0.340686
0.174061 0.067782 0.340640
0.174164 0.067978 0.340697
0.174283 0.068163 0.340651
0.174401 0.068348 0.340605
0.174503 0.068544 0.340661
0.174621 0.068728 0.340615
0.174724 0.068924 0.340672
0.174841 0.069107 0.340625
0.174943 0.069303 0.340682
0.175046 0.069498 0.340738
0.175148 0.069694 0.340794
0.175236 0.069902 0.340953
0.175338 0.070098 0.341009
0.175441 0.070293 0.341066
0.175529 0.070502 0.341225
0.175632 0.070698 0.341281
0.175734 0.070894 0.341338
0.175823 0.071104 0.341497
0.175912 0.071315 0.341657
0.176001 0.071526 0.341817
0.176091 0.071737 0.341977
0.176180 0.071949 0.342137
0.176270 0.072161 0.342297
0.176347 0.072389 0.342561
0.176438 0.072602 0.342722
0.176516 0.072832 0.342986
0.176607 0.073047 0.343147
0.176685 0.073278 0.343412
0.176789 0.073477 0.343469
0.176869 0.073709 0.343734
0.176973 0.073909 0.343791
0.177065 0.074125 0.343953
0.177158 0.074342 0.344114
0.177262 0.074542 0.344172
0.177355 0.074760 0.344334
0.177460 0.074960 0.344391
0.177565 0.075160 0.344449
0.177669 0.075360 0.344506
0.177774 0.075560 0.344564
0.177856 0.075798 0.344831
0.177961 0.075998 0.344888
0.178066 0.076199 0.344946
0.178171 0.076399 0.345004
0.178276 0.076600 0.345061
0.178381 0.076800 0.345119
0.178486 0.077000 0.345177
0.178591 0.077201 0.345234
0.178696 0.077401 0.345292
0.178801 0.077602 0.345350
0.178906 0.077802 0.345407
0.179011 0.078003 0.345465
0.179116 0.078203 0.345523
0.179221 0.078404 0.345580
0.179326 0.078604 0.345638
0.179431 0.078804 0.345696
0.179536 0.079005 0.345753
0.179641 0.079205 0.345811
0.179746 0.079406 0.345869
0.179851 0.079606 0.345926
0.179947 0.079830 0.346090
0.180052 0.080031 0.346148
0.180157 0.080231 0.346205
0.180263 0.080432 0.346263
0.180359 0.080657 0.346427
0.180464 0.080858 0.346485
0.180561 0.081083 0.346649
0.180658 0.081309 0.346813
0.180756 0.081536 0.346977
0.180853 0.081763 0.347142
0.180943 0.082016 0.347413
0.181034 0.082269 0.347684
0.181132 0.082498 0.347849
0.181223 0.082753 0.348121
0.181315 0.083010 0.348393
0.181400 0.083293 0.348772
0.181485 0.083578 0.349151
0.181565 0.083892 0.349638
0.181645 0.084207 0.350125
0.181719 0.084552 0.350720
0.181801 0.084871 0.351209
0.167010 0.058702 0.347346
0.167209 0.058917 0.347011
0.167449 0.059129 0.346478
0.167688 0.059338 0.345944
0.167800 0.059552 0.346005
0.168210 0.059964 0.345233
0.168382 0.060170 0.344995
0.168554 0.060375 0.344757
0.168705 0.060580 0.344618
0.168896 0.060780 0.344279
0.169085 0.060978 0.343940
0.169274 0.061175 0.343600
0.169383 0.061382 0.343660
0.169669 0.061559 0.342819
0.169855 0.061750 0.342478
0.170002 0.061946 0.342336
0.170147 0.062142 0.342195
0.170273 0.062341 0.342153
0.170399 0.062540 0.342111
0.170524 0.062739 0.342069
0.170649 0.062936 0.342027
0.170774 0.063134 0.341985
0.170899 0.063331 0.341942
0.171042 0.063522 0.341799
0.171167 0.063718 0.341757
0.171290 0.063914 0.341714
0.171414 0.064109 0.341671
0.171538 0.064303 0.341628
0.171679 0.064491 0.341484
0.171820 0.064678 0.341339
0.171942 0.064870 0.341296
0.172082 0.065056 0.341151
0.172204 0.065247 0.341107
0.172344 0.065431 0.340962
0.172465 0.065622 0.340918
0.172586 0.065812 0.340874
0.172724 0.065993 0.340728
0.172845 0.066183 0.340683
0.172965 0.066371 0.340638
0.173069 0.066569 0.340695
0.173172 0.066766 0.340752
0.173292 0.066954 0.340707
0.173412 0.067141 0.340662
0.173531 0.067328 0.340616
0.173651 0.067515 0.340571
0.173753 0.067711 0.340628
0.173872 0.067897 0.340582
0.173991 0.068083 0.340536
0.174094 0.068279 0.340593
0.174212 0.068464 0.340547
0.174315 0.068659 0.340603
0.174433 0.068844 0.340557
0.174535 0.069039 0.340614
0.174653 0.069223 0.340567
0.174755 0.069418 0.340624
0.174857 0.069614 0.340680
0.174960 0.069809 0.340736
0.175047 0.070017 0.340895
0.175150 0.070213 0.340951
0.175252 0.070409 0.341008
0.175340 0.070618 0.341167
0.175443 0.070814 0.341223
0.175546 0.071010 0.341280
0.175634 0.071220 0.341439
0.175723 0.071430 0.341599
0.175812 0.071641 0.341758
0.175901 0.071853 0.341918
0.175991 0.072065 0.342078
0.176080 0.072277 0.342239
0.176157 0.072506 0.342502
0.176247 0.072719 0.342663
0.176325 0.072949 0.342927
0.176415 0.073164 0.343088
0.176494 0.073395 0.343353
0.176598 0.073594 0.343410
0.176677 0.073827 0.343675
0.176781 0.074026 0.343732
0.176873 0.074243 0.343894
0.176965 0.074460 0.344055
0.177070 0.074660 0.344113
0.177163 0.074878 0.344274
0.177267 0.075078 0.344332
0.177372 0.075278 0.344389
0.177477 0.075478 0.344447
0.177582 0.075678 0.344505
0.177686 0.075878 0.344562
0.177791 0.076078 0.344620
0.177896 0.076278 0.344677
0.178001 0.076478 0.344735
0.178105 0.076678 0.344792
0.178210 0.076878 0.344850
0.178315 0.077078 0.344907
0.178420 0.077278 0.344965
0.178524 0.077478 0.345022
0.178629 0.077678 0.345080
0.178734 0.077878 0.345138
0.178839 0.078078 0.345195
0.178944 0.078278 0.345253
0.179048 0.078478 0.345310
0.179153 0.078678 0.345368
0.179258 0.078878 0.345425
0.179363 0.079078 0.345483
0.179467 0.079278 0.345540
0.179572 0.079478 0.345598
0.179677 0.079678 0.345655
0.179782 0.079878 0.345713
0.179877 0.080102 0.345876
0.179982 0.080302 0.345934
0.180087 0.080502 0.345992
0.180183 0.080727 0.346155
0.180279 0.080952 0.346319
0.180376 0.081177 0.346483
0.180473 0.081403 0.346647
0.180570 0.081629 0.346811
0.180667 0.081856 0.346976
0.180757 0.082109 0.347246
0.180846 0.082363 0.347518
0.180945 0.082592 0.347682
0.181035 0.082847 0.347954
0.181126 0.083103 0.348226
0.181211 0.083387 0.348605
0.181288 0.083699 0.349091
0.181366 0.084013 0.349577
0.181446 0.084329 0.350064
0.181519 0.084674 0.350659
0.181600 0.084994 0.351147
0.167588 0.059458 0.345384
0.167763 0.059667 0.345147
0.167874 0.059879 0.345208
0.168089 0.060082 0.344772
0.168283 0.060285 0.344435
0.168434 0.060490 0.344296
0.168585 0.060695 0.344157
0.168756 0.060896 0.343918
0.168926 0.061095 0.343678
0.169095 0.061294 0.343439
0.169284 0.061488 0.343099
0.169452 0.061683 0.342858
0.169619 0.061878 0.342617
0.169785 0.062071 0.342376
0.169932 0.062266 0.342234
0.170058 0.062466 0.342193
0.170203 0.062660 0.342051
0.170329 0.062858 0.342009
0.170454 0.063056 0.341967
0.170580 0.063253 0.341925
0.170704 0.063450 0.341882
0.170848 0.063641 0.341739
0.170972 0.063837 0.341697
0.171097 0.064032 0.341654
0.171220 0.064227 0.341611
0.171344 0.064422 0.341568
0.171486 0.064609 0.341424
0.171627 0.064795 0.341280
0.171750 0.064988 0.341237
0.171890 0.065173 0.341092
0.172013 0.065365 0.341048
0.172152 0.065548 0.340903
0.172274 0.065739 0.340859
0.172395 0.065929 0.340815
0.172534 0.066110 0.340669
0.172655 0.066299 0.340624
0.172775 0.066488 0.340580
0.172879 0.066685 0.340636
0.172982 0.066882 0.340693
0.173102 0.067070 0.340648
0.173222 0.067258 0.340603
0.173342 0.067444 0.340558
0.173461 0.067631 0.340513
0.173564 0.067827 0.340569
0.173683 0.068013 0.340524
0.173802 0.068198 0.340478
0.173905 0.068394 0.340535
0.174023 0.068579 0.340489
0.174142 0.068763 0.340443
0.174244 0.068959 0.340499
0.174347 0.069155 0.340555
0.174465 0.069338 0.340509
0.174567 0.069533 0.340566
0.174669 0.069729 0.340622
0.174772 0.069924 0.340678
0.174874 0.070120 0.340734
0.174962 0.070328 0.340893
0.175064 0.070524 0.340950
0.175166 0.070720 0.341006
0.175254 0.070929 0.341165
0.175357 0.071125 0.341221
0.175445 0.071335 0.341381
0.175548 0.071532 0.341437
0.175637 0.071742 0.341597
0.175726 0.071954 0.341757
0.175815 0.072166 0.341917
0.175891 0.072394 0.342180
0.175980 0.072606 0.342340
0.176070 0.072820 0.342501
0.176147 0.073050 0.342765
0.176238 0.073264 0.342925
0.176328 0.073479 0.343086
0.176406 0.073711 0.343351
0.176498 0.073927 0.343512
0.176589 0.074144 0.343673
0.176694 0.074343 0.343730
0.176785 0.074560 0.343892
0.176890 0.074760 0.343949
0.176982 0.074978 0.344111
0.177087 0.075177 0.344168
0.177192 0.075377 0.344226
0.177296 0.075577 0.344283
0.177401 0.075777 0.344341
0.177505 0.075976 0.344398
0.177610 0.076176 0.344456
0.177715 0.076376 0.344513
0.177819 0.076576 0.344571
0.177924 0.076776 0.344628
0.178029 0.076975 0.344686
0.178133 0.077175 0.344743
0.178249 0.077354 0.344696
0.178353 0.077554 0.344753
0.178458 0.077753 0.344811
0.178563 0.077953 0.344868
0.178667 0.078152 0.344925
0.178772 0.078352 0.344983
0.178876 0.078552 0.345040
0.178971 0.078773 0.345203
0.179075 0.078973 0.345260
0.179180 0.079173 0.345318
0.179294 0.079350 0.345270
0.179399 0.079549 0.345327
0.179494 0.079772 0.345490
0.179598 0.079972 0.345548
0.179703 0.080172 0.345605
0.179808 0.080372 0.345663
0.179903 0.080596 0.345826
0.180008 0.080796 0.345884
0.180104 0.081021 0.346047
0.180200 0.081246 0.346211
0.180296 0.081471 0.346375
0.180393 0.081697 0.346539
0.180481 0.081950 0.346809
0.180570 0.082203 0.347080
0.180660 0.082456 0.347351
0.180749 0.082711 0.347622
0.180848 0.082940 0.347787
0.180930 0.083223 0.348165
0.181014 0.083508 0.348544
0.181091 0.083820 0.349030
0.181168 0.084135 0.349516
0.181239 0.084479 0.350110
0.181318 0.084797 0.350597
0.181392 0.085145 0.351192
0.167384 0.059584 0.345321
0.167559 0.059792 0.345084
0.167670 0.060004 0.345145
0.167886 0.060206 0.344709
0.168081 0.060408 0.344372
0.168232 0.060614 0.344234
0.168384 0.060818 0.344095
0.168555 0.061019 0.343856
0.168726 0.061218 0.343617
0.168896 0.061416 0.343377
0.169085 0.061609 0.343038
0.169234 0.061808 0.342897
0.169422 0.061998 0.342556
0.169569 0.062195 0.342415
0.169716 0.062391 0.342274
0.169842 0.062590 0.342233
0.169988 0.062784 0.342091
0.170134 0.062978 0.341949
0.170259 0.063176 0.341907
0.170385 0.063373 0.341865
0.170510 0.063570 0.341822
0.170654 0.063760 0.341680
0.170778 0.063956 0.341637
0.170922 0.064145 0.341494
0.171046 0.064339 0.341451
0.171188 0.064527 0.341307
0.171311 0.064720 0.341264
0.171453 0.064906 0.341120
0.171594 0.065091 0.340975
0.171717 0.065283 0.340932
0.171857 0.065467 0.340787
0.171979 0.065657 0.340743
0.172101 0.065848 0.340699
0.172240 0.066029 0.340553
0.172361 0.066218 0.340509
0.172482 0.066407 0.340464
0.172585 0.066604 0.340521
0.172689 0.066802 0.340578
0.172809 0.066989 0.340533
0.172929 0.067177 0.340488
0.173049 0.067364 0.340443
0.173152 0.067560 0.340500
0.173272 0.067747 0.340454
0.173391 0.067933 0.340409
0.173494 0.068129 0.340466
0.173613 0.068314 0.340420
0.173716 0.068510 0.340476
0.173835 0.068695 0.340431
0.173953 0.068879 0.340385
0.174056 0.069074 0.340441
0.174158 0.069270 0.340497
0.174276 0.069453 0.340451
0.174379 0.069649 0.340508
0.174481 0.069844 0.340564
0.174583 0.070039 0.340620
0.174686 0.070235 0.340676
0.174788 0.070430 0.340732
0.174876 0.070639 0.340891
0.174978 0.070835 0.340948
0.175081 0.071031 0.341004
0.175168 0.071241 0.341163
0.175271 0.071437 0.341220
0.175359 0.071647 0.341379
0.175448 0.071858 0.341539
0.175536 0.072070 0.341698
0.175625 0.072282 0.341858
0.175715 0.072494 0.342018
0.175790 0.072723 0.342282
0.175880 0.072936 0.342442
0.175970 0.073150 0.342602
0.176047 0.073381 0.342866
0.176137 0.073596 0.343027
0.176228 0.073812 0.343188
0.176319 0.074028 0.343349
0.176410 0.074244 0.343510
0.176514 0.074443 0.343567
0.176606 0.074660 0.343729
0.176710 0.074859 0.343786
0.176815 0.075059 0.343843
0.176907 0.075277 0.344005
0.177011 0.075476 0.344062
0.177116 0.075676 0.344120
0.177220 0.075875 0.344177
0.177325 0.076075 0.344234
0.177430 0.076274 0.344292
0.177534 0.076474 0.344349
0.177639 0.076674 0.344407
0.177755 0.076853 0.344360
0.177859 0.077052 0.344417
0.177963 0.077252 0.344474
0.178068 0.077451 0.344532
0.178172 0.077650 0.344589
0.178277 0.077850 0.344646
0.178381 0.078049 0.344704
0.178486 0.078248 0.344761
0.178590 0.078448 0.344818
0.178694 0.078647 0.344876
0.178799 0.078846 0.344933
0.178903 0.079046 0.344990
0.179008 0.079245 0.345048
0.179112 0.079444 0.345105
0.179216 0.079644 0.345163
0.179321 0.079843 0.345220
0.179425 0.080042 0.345277
0.179530 0.080242 0.345335
0.179625 0.080465 0.345498
0.179729 0.080665 0.345555
0.179825 0.080889 0.345719
0.179929 0.081089 0.345776
0.180025 0.081314 0.345940
0.180112 0.081564 0.346209
0.180208 0.081790 0.346373
0.180305 0.082017 0.346537
0.180393 0.082270 0.346808
0.180482 0.082523 0.347078
0.180571 0.082778 0.347349
0.180660 0.083033 0.347620
0.180743 0.083316 0.347998
0.180817 0.083628 0.348483
0.180893 0.083941 0.348969
0.180962 0.084284 0.349562
0.181040 0.084601 0.350048
0.181118 0.084919 0.350535
0.181190 0.085268 0.351130
0.167309 0.059701 0.344663
0.167420 0.059912 0.344724
0.167466 0.060129 0.345083
0.167790 0.060320 0.344150
0.167942 0.060525 0.344012
0.168094 0.060730 0.343873
0.168245 0.060933 0.343734
0.168396 0.061136 0.343595
0.168546 0.061337 0.343456
0.168717 0.061535 0.343216
0.168887 0.061731 0.342976
0.169036 0.061929 0.342836
0.169224 0.062119 0.342496
0.169372 0.062316 0.342355
0.169519 0.062511 0.342213
0.169646 0.062710 0.342172
0.169792 0.062904 0.342030
0.169938 0.063097 0.341888
0.170064 0.063295 0.341847
0.170190 0.063492 0.341805
0.170315 0.063689 0.341762
0.170459 0.063879 0.341620
0.170584 0.064075 0.341577
0.170728 0.064263 0.341434
0.170871 0.064451 0.341291
0.170995 0.064645 0.341248
0.171137 0.064831 0.341104
0.171279 0.065017 0.340960
0.171420 0.065201 0.340815
0.171543 0.065393 0.340772
0.171684 0.065576 0.340627
0.171806 0.065766 0.340583
0.171946 0.065948 0.340438
0.172067 0.066137 0.340393
0.172188 0.066326 0.340349
0.172292 0.066523 0.340406
0.172413 0.066711 0.340361
0.172516 0.066908 0.340418
0.172637 0.067096 0.340373
0.172757 0.067283 0.340328
0.172860 0.067480 0.340385
0.172980 0.067666 0.340340
0.173083 0.067863 0.340396
0.173202 0.068048 0.340351
0.173322 0.068234 0.340305
0.173425 0.068430 0.340362
0.173544 0.068614 0.340316
0.173646 0.068810 0.340373
0.173765 0.068994 0.340327
0.173867 0.069190 0.340383
0.173970 0.069385 0.340439
0.174088 0.069569 0.340393
0.174191 0.069764 0.340450
0.174293 0.069959 0.340506
0.174395 0.070155 0.340562
0.174498 0.070350 0.340618
0.174600 0.070546 0.340674
0.174702 0.070741 0.340731
0.174790 0.070950 0.340890
0.174892 0.071146 0.340946
0.174980 0.071356 0.341105
0.175082 0.071552 0.341161
0.175170 0.071763 0.341321
0.175259 0.071974 0.341480
0.175347 0.072186 0.341640
0.175436 0.072398 0.341800
0.175525 0.072610 0.341960
0.175614 0.072823 0.342120
0.175703 0.073037 0.342280
0.175779 0.073267 0.342544
0.175869 0.073481 0.342704
0.175960 0.073696 0.342865
0.176050 0.073912 0.343025
0.176141 0.074128 0.343186
0.176232 0.074344 0.343347
0.176323 0.074561 0.343508
0.176427 0.074760 0.343565
0.176518 0.074977 0.343727
0.176623 0.075176 0.343784
0.176727 0.075376 0.343841
0.176832 0.075575 0.343899
0.176936 0.075774 0.343956
0.177041 0.075974 0.344014
0.177145 0.076173 0.344071
0.177249 0.076372 0.344128
0.177354 0.076572 0.344186
0.177458 0.076771 0.344243
0.177563 0.076971 0.344300
0.177667 0.077170 0.344358
0.177783 0.077348 0.344310
0.177887 0.077547 0.344368
0.177992 0.077747 0.344425
0.178096 0.077946 0.344482
0.178200 0.078145 0.344539
0.178304 0.078344 0.344597
0.178409 0.078543 0.344654
0.178513 0.078742 0.344711
0.178617 0.078941 0.344769
0.178722 0.079141 0.344826
0.178826 0.079340 0.344883
0.178930 0.079539 0.344941
0.179045 0.079714 0.344892
0.179149 0.079913 0.344950
0.179243 0.080136 0.345112
0.179347 0.080335 0.345170
0.179452 0.080534 0.345227
0.179547 0.080758 0.345390
0.179651 0.080957 0.345447
0.179746 0.081182 0.345611
0.179841 0.081407 0.345774
0.179937 0.081632 0.345938
0.180024 0.081883 0.346207
0.180120 0.082109 0.346371
0.180208 0.082362 0.346642
0.180296 0.082616 0.346912
0.180385 0.082871 0.347183
0.180465 0.083153 0.347560
0.180555 0.083409 0.347832
0.180629 0.083721 0.348316
0.180696 0.084062 0.348908
0.180763 0.084405 0.349500
0.180840 0.084723 0.349987
0.180910 0.085070 0.350580
0.180989 0.085391 0.351068
0.166775 0.059627 0.345530
0.167106 0.059825 0.344601
0.167216 0.060037 0.344661
0.167522 0.060230 0.343829
0.167653 0.060437 0.343790
0.167805 0.060642 0.343652
0.167936 0.060848 0.343612
0.168087 0.061050 0.343473
0.168217 0.061255 0.343434
0.168368 0.061456 0.343294
0.168518 0.061657 0.343155
0.168688 0.061852 0.342915
0.168837 0.062051 0.342775
0.169007 0.062244 0.342535
0.169155 0.062440 0.342394
0.169303 0.062636 0.342253
0.169450 0.062831 0.342112
0.169576 0.063029 0.342070
0.169723 0.063222 0.341928
0.169849 0.063420 0.341887
0.169995 0.063612 0.341744
0.170140 0.063802 0.341602
0.170265 0.063998 0.341560
0.170409 0.064187 0.341417
0.170553 0.064375 0.341274
0.170697 0.064563 0.341130
0.170821 0.064756 0.341088
0.170963 0.064942 0.340944
0.171106 0.065127 0.340800
0.171229 0.065319 0.340756
0.171370 0.065502 0.340612
0.171511 0.065685 0.340467
0.171633 0.065875 0.340423
0.171755 0.066064 0.340379
0.171877 0.066254 0.340335
0.171998 0.066442 0.340290
0.172120 0.066630 0.340246
0.172241 0.066818 0.340201
0.172344 0.067015 0.340258
0.172464 0.067202 0.340213
0.172567 0.067399 0.340270
0.172688 0.067586 0.340225
0.172791 0.067782 0.340281
0.172911 0.067968 0.340236
0.173030 0.068153 0.340191
0.173133 0.068349 0.340247
0.173236 0.068545 0.340304
0.173355 0.068730 0.340258
0.173458 0.068926 0.340314
0.173577 0.069110 0.340269
0.173679 0.069305 0.340325
0.173798 0.069488 0.340279
0.173900 0.069684 0.340335
0.174002 0.069879 0.340392
0.174120 0.070062 0.340345
0.174223 0.070257 0.340402
0.174325 0.070452 0.340458
0.174427 0.070647 0.340514
0.174514 0.070856 0.340673
0.174616 0.071052 0.340729
0.174704 0.071261 0.340888
0.174806 0.071457 0.340944
0.174894 0.071668 0.341103
0.174996 0.071863 0.341160
0.175084 0.072075 0.341319
0.175172 0.072286 0.341479
0.175261 0.072498 0.341638
0.175350 0.072711 0.341798
0.175438 0.072923 0.341958
0.175513 0.073153 0.342221
0.175603 0.073367 0.342381
0.175692 0.073581 0.342542
0.175769 0.073813 0.342806
0.175859 0.074029 0.342966
0.175949 0.074245 0.343127
0.176040 0.074461 0.343288
0.176144 0.074660 0.343345
0.176235 0.074877 0.343506
0.176340 0.075076 0.343564
0.176444 0.075275 0.343621
0.176548 0.075475 0.343678
0.176652 0.075674 0.343736
0.176744 0.075892 0.343897
0.176849 0.076091 0.343954
0.176953 0.076291 0.344012
0.177070 0.076470 0.343965
0.177174 0.076669 0.344022
0.177278 0.076868 0.344079
0.177383 0.077068 0.344137
0.177487 0.077267 0.344194
0.177591 0.077466 0.344251
0.177695 0.077665 0.344308
0.177800 0.077864 0.344366
0.177904 0.078063 0.344423
0.178008 0.078262 0.344480
0.178113 0.078461 0.344538
0.178228 0.078638 0.344490
0.178332 0.078837 0.344547
0.178436 0.079036 0.344604
0.178540 0.079235 0.344662
0.178645 0.079434 0.344719
0.178749 0.079633 0.344776
0.178853 0.079832 0.344833
0.178957 0.080031 0.344891
0.179061 0.080230 0.344948
0.179166 0.080429 0.345005
0.179270 0.080627 0.345062
0.179374 0.080826 0.345119
0.179469 0.081050 0.345282
0.179563 0.081274 0.345446
0.179658 0.081499 0.345609
0.179754 0.081724 0.345772
0.179849 0.081950 0.345936
0.179936 0.082202 0.346206
0.180023 0.082455 0.346476
0.180111 0.082708 0.346746
0.180199 0.082963 0.347017
0.180287 0.083219 0.347287
0.180368 0.083502 0.347665
0.180432 0.083841 0.348256
0.180506 0.084156 0.348741
0.180573 0.084499 0.349333
0.180641 0.084845 0.349925
0.180718 0.085165 0.350412
0.180796 0.085486 0.350899
0.166570 0.059753 0.345466
0.166682 0.059966 0.345528
0.167364 0.060350 0.343569
0.167517 0.060554 0.343431
0.167626 0.060762 0.343491
0.167778 0.060965 0.343352
0.167908 0.061170 0.343312
0.168038 0.061375 0.343273
0.168189 0.061575 0.343133
0.168340 0.061775 0.342994
0.168469 0.061978 0.342954
0.168639 0.062172 0.342714
0.168789 0.062369 0.342574
0.168937 0.062566 0.342433
0.169106 0.062756 0.342192
0.169233 0.062956 0.342151
0.169381 0.063149 0.342010
0.169527 0.063342 0.341868
0.169674 0.063534 0.341726
0.169800 0.063731 0.341684
0.169945 0.063921 0.341542
0.170090 0.064111 0.341400
0.170235 0.064300 0.341257
0.170360 0.064494 0.341214
0.170504 0.064681 0.341071
0.170647 0.064867 0.340928
0.170771 0.065060 0.340884
0.170914 0.065245 0.340741
0.171056 0.065429 0.340596
0.171198 0.065612 0.340452
0.171320 0.065802 0.340408
0.171442 0.065992 0.340364
0.171583 0.066173 0.340219
0.171705 0.066361 0.340175
0.171826 0.066550 0.340131
0.171948 0.066737 0.340086
0.172069 0.066925 0.340042
0.172172 0.067122 0.340098
0.172275 0.067318 0.340155
0.172396 0.067505 0.340110
0.172498 0.067701 0.340166
0.172619 0.067887 0.340121
0.172739 0.068073 0.340076
0.172842 0.068269 0.340133
0.172944 0.068465 0.340189
0.173064 0.068650 0.340144
0.173166 0.068845 0.340200
0.173269 0.069041 0.340256
0.173388 0.069225 0.340211
0.173491 0.069421 0.340267
0.173609 0.069604 0.340221
0.173728 0.069786 0.340175
0.173830 0.069981 0.340231
0.173933 0.070177 0.340287
0.174035 0.070372 0.340344
0.174137 0.070567 0.340400
0.174239 0.070762 0.340456
0.174341 0.070957 0.340512
0.174428 0.071167 0.340671
0.174531 0.071362 0.340727
0.174618 0.071572 0.340886
0.174720 0.071768 0.340942
0.174808 0.071979 0.341102
0.174895 0.072190 0.341261
0.174998 0.072386 0.341317
0.175072 0.072614 0.341580
0.175160 0.072827 0.341740
0.175249 0.073040 0.341899
0.175338 0.073253 0.342059
0.175413 0.073484 0.342323
0.175502 0.073698 0.342483
0.175592 0.073913 0.342643
0.175682 0.074129 0.342804
0.175772 0.074344 0.342965
0.175862 0.074561 0.343125
0.175953 0.074777 0.343286
0.176057 0.074976 0.343343
0.176161 0.075175 0.343401
0.176252 0.075393 0.343562
0.176356 0.075592 0.343619
0.176461 0.075791 0.343676
0.176565 0.075990 0.343734
0.176669 0.076189 0.343791
0.176774 0.076388 0.343848
0.176878 0.076588 0.343906
0.176982 0.076787 0.343963
0.177086 0.076986 0.344020
0.177191 0.077185 0.344077
0.177295 0.077384 0.344135
0.177399 0.077583 0.344192
0.177504 0.077782 0.344249
0.177608 0.077982 0.344307
0.177712 0.078181 0.344364
0.177828 0.078358 0.344316
0.177932 0.078557 0.344374
0.178036 0.078756 0.344431
0.178141 0.078955 0.344488
0.178245 0.079153 0.344545
0.178360 0.079329 0.344497
0.178464 0.079528 0.344555
0.178568 0.079727 0.344612
0.178682 0.079902 0.344564
0.178786 0.080100 0.344621
0.178890 0.080299 0.344678
0.178994 0.080497 0.344735
0.179088 0.080720 0.344898
0.179192 0.080919 0.344955
0.179287 0.081143 0.345118
0.179381 0.081367 0.345281
0.179485 0.081566 0.345338
0.179571 0.081816 0.345607
0.179666 0.082042 0.345771
0.179752 0.082294 0.346040
0.179839 0.082547 0.346310
0.179926 0.082801 0.346580
0.180013 0.083055 0.346850
0.180101 0.083311 0.347121
0.180173 0.083622 0.347605
0.180245 0.083934 0.348089
0.180318 0.084249 0.348573
0.180383 0.084593 0.349165
0.180458 0.084911 0.349651
0.180526 0.085259 0.350243
0.180603 0.085581 0.350730
0.167207 0.060468 0.343309
0.167338 0.060674 0.343270
0.167447 0.060882 0.343330
0.167578 0.061088 0.343290
0.167730 0.061289 0.343151
0.167860 0.061494 0.343112
0.167990 0.061697 0.343072
0.168141 0.061897 0.342932
0.168291 0.062096 0.342793
0.168441 0.062293 0.342653
0.168570 0.062495 0.342612
0.168740 0.062686 0.342372
0.168889 0.062882 0.342231
0.169037 0.063076 0.342091
0.169185 0.063269 0.341949
0.169352 0.063456 0.341708
0.169479 0.063654 0.341666
0.169625 0.063844 0.341524
0.169751 0.064040 0.341482
0.169896 0.064230 0.341340
0.170042 0.064418 0.341197
0.170186 0.064606 0.341054
0.170311 0.064799 0.341011
0.170455 0.064985 0.340868
0.170598 0.065170 0.340725
0.170722 0.065362 0.340681
0.170864 0.065546 0.340537
0.171006 0.065729 0.340393
0.171129 0.065919 0.340349
0.171270 0.066100 0.340205
0.171393 0.066289 0.340161
0.171515 0.066478 0.340116
0.171636 0.066666 0.340072
0.171758 0.066854 0.340028
0.171879 0.067041 0.339983
0.171982 0.067238 0.340040
0.172103 0.067424 0.339995
0.172206 0.067621 0.340052
0.172327 0.067807 0.340007
0.172430 0.068003 0.340063
0.172550 0.068188 0.340018
0.172653 0.068385 0.340074
0.172773 0.068569 0.340029
0.172875 0.068765 0.340085
0.172978 0.068961 0.340142
0.173097 0.069145 0.340096
0.173200 0.069340 0.340153
0.173319 0.069523 0.340107
0.173421 0.069719 0.340163
0.173540 0.069901 0.340117
0.173642 0.070097 0.340173
0.173745 0.070292 0.340229
0.173847 0.070487 0.340286
0.173949 0.070682 0.340342
0.174051 0.070877 0.340398
0.174153 0.071073 0.340454
0.174256 0.071268 0.340510
0.174342 0.071478 0.340669
0.174429 0.071688 0.340828
0.174532 0.071883 0.340884
0.174619 0.072094 0.341043
0.174722 0.072290 0.341100
0.174809 0.072502 0.341259
0.174897 0.072714 0.341419
0.174985 0.072926 0.341578
0.175074 0.073139 0.341738
0.175162 0.073353 0.341898
0.175237 0.073583 0.342161
0.175326 0.073798 0.342321
0.175415 0.074013 0.342481
0.175505 0.074228 0.342642
0.175594 0.074444 0.342802
0.175684 0.074660 0.342963
0.175775 0.074877 0.343124
0.175865 0.075094 0.343284
0.175969 0.075293 0.343342
0.176060 0.075510 0.343503
0.176165 0.075709 0.343560
0.176269 0.075909 0.343617
0.176373 0.076108 0.343675
0.176477 0.076307 0.343732
0.176582 0.076506 0.343789
0.176686 0.076705 0.343846
0.176790 0.076904 0.343904
0.176895 0.077103 0.343961
0.176999 0.077302 0.344018
0.177103 0.077502 0.344076
0.177208 0.077701 0.344133
0.177312 0.077900 0.344190
0.177416 0.078099 0.344248
0.177521 0.078298 0.344305
0.177636 0.078475 0.344257
0.177741 0.078674 0.344315
0.177845 0.078873 0.344372
0.177949 0.079072 0.344429
0.178064 0.079248 0.344381
0.178168 0.079446 0.344438
0.178283 0.079622 0.344390
0.178387 0.079820 0.344448
0.178491 0.080019 0.344505
0.178595 0.080217 0.344562
0.178699 0.080416 0.344619
0.178803 0.080614 0.344676
0.178907 0.080813 0.344733
0.179001 0.081036 0.344896
0.179105 0.081235 0.344953
0.179199 0.081459 0.345116
0.179294 0.081683 0.345279
0.179388 0.081908 0.345442
0.179474 0.082160 0.345711
0.179569 0.082386 0.345875
0.179655 0.082639 0.346144
0.179741 0.082893 0.346414
0.179828 0.083147 0.346684
0.179907 0.083430 0.347061
0.179986 0.083714 0.347438
0.180066 0.083999 0.347815
0.180129 0.084342 0.348406
0.180202 0.084658 0.348891
0.180267 0.085004 0.349483
0.180334 0.085353 0.350075
0.180410 0.085675 0.350562
0.167029 0.060589 0.343148
0.167160 0.060795 0.343109
0.167269 0.061002 0.343169
0.167399 0.061207 0.343129
0.167530 0.061412 0.343090
0.167660 0.061616 0.343050
0.167791 0.061819 0.343010
0.167942 0.062019 0.342871
0.168093 0.062217 0.342732
0.168243 0.062415 0.342592
0.168393 0.062611 0.342452
0.168543 0.062807 0.342311
0.168713 0.062997 0.342071
0.168861 0.063191 0.341930
0.169009 0.063384 0.341789
0.169157 0.063576 0.341648
0.169283 0.063773 0.341606
0.169430 0.063964 0.341464
0.169577 0.064153 0.341322
0.169702 0.064349 0.341280
0.169848 0.064537 0.341137
0.169993 0.064724 0.340995
0.170118 0.064918 0.340952
0.170262 0.065103 0.340809
0.170406 0.065288 0.340665
0.170530 0.065480 0.340622
0.170673 0.065663 0.340478
0.170815 0.065846 0.340334
0.170938 0.066036 0.340290
0.171080 0.066217 0.340146
0.171202 0.066406 0.340102
0.171325 0.066594 0.340058
0.171447 0.066782 0.340014
0.171568 0.066970 0.339969
0.171690 0.067157 0.339925
0.171793 0.067354 0.339981
0.171914 0.067540 0.339937
0.172035 0.067726 0.339892
0.172138 0.067923 0.339948
0.172259 0.068108 0.339903
0.172361 0.068304 0.339960
0.172481 0.068489 0.339915
0.172584 0.068685 0.339971
0.172704 0.068869 0.339926
0.172806 0.069064 0.339982
0.172909 0.069260 0.340038
0.173028 0.069443 0.339993
0.173131 0.069639 0.340049
0.173250 0.069821 0.340003
0.173352 0.070017 0.340059
0.173454 0.070212 0.340115
0.173557 0.070407 0.340172
0.173659 0.070602 0.340228
0.173761 0.070797 0.340284
0.173863 0.070992 0.340340
0.173966 0.071188 0.340396
0.174068 0.071383 0.340452
0.174170 0.071578 0.340508
0.174257 0.071788 0.340667
0.174343 0.071999 0.340826
0.174446 0.072195 0.340883
0.174533 0.072406 0.341042
0.174621 0.072618 0.341201
0.174708 0.072830 0.341360
0.174796 0.073042 0.341520
0.174884 0.073255 0.341679
0.174973 0.073469 0.341839
0.175061 0.073683 0.341999
0.175150 0.073897 0.342159
0.175239 0.074112 0.342319
0.175328 0.074327 0.342479
0.175404 0.074561 0.342743
0.175493 0.074777 0.342904
0.175597 0.074975 0.342961
0.175687 0.075192 0.343122
0.175778 0.075410 0.343283
0.175882 0.075609 0.343340
0.175973 0.075827 0.343501
0.176077 0.076026 0.343558
0.176181 0.076225 0.343616
0.176286 0.076424 0.343673
0.176390 0.076623 0.343730
0.176494 0.076823 0.343787
0.176599 0.077022 0.343845
0.176703 0.077221 0.343902
0.176807 0.077420 0.343959
0.176912 0.077619 0.344017
0.177016 0.077818 0.344074
0.177120 0.078017 0.344131
0.177224 0.078216 0.344188
0.177329 0.078416 0.344246
0.177433 0.078615 0.344303
0.177549 0.078791 0.344256
0.177653 0.078990 0.344313
0.177757 0.079189 0.344370
0.177873 0.079365 0.344322
0.177977 0.079564 0.344379
0.178092 0.079739 0.344332
0.178196 0.079937 0.344389
0.178300 0.080136 0.344446
0.178404 0.080334 0.344503
0.178508 0.080533 0.344560
0.178612 0.080731 0.344617
0.178716 0.080930 0.344674
0.178810 0.081153 0.344837
0.178914 0.081352 0.344894
0.179008 0.081576 0.345057
0.179102 0.081801 0.345220
0.179196 0.082026 0.345383
0.179291 0.082251 0.345546
0.179376 0.082504 0.345815
0.179462 0.082757 0.346085
0.179548 0.083011 0.346355
0.179635 0.083266 0.346625
0.179722 0.083522 0.346895
0.179800 0.083806 0.347272
0.179870 0.084119 0.347755
0.179941 0.084434 0.348239
0.180013 0.084751 0.348724
0.180086 0.085069 0.349208
0.180151 0.085418 0.349800
0.180226 0.085740 0.350287
0.166474 0.060308 0.343559
0.166584 0.060517 0.343620
0.166828 0.060712 0.343086
0.166960 0.060917 0.343047
0.167068 0.061125 0.343107
0.167199 0.061330 0.343068
0.167330 0.061534 0.343028
0.167483 0.061735 0.342889
0.167613 0.061938 0.342850
0.167765 0.062137 0.342710
0.167916 0.062335 0.342571
0.168067 0.062532 0.342431
0.168217 0.062728 0.342291
0.168388 0.062918 0.342051
0.168537 0.063113 0.341911
0.168665 0.063311 0.341870
0.168834 0.063498 0.341629
0.168961 0.063696 0.341587
0.169109 0.063887 0.341446
0.169236 0.064083 0.341404
0.169382 0.064272 0.341262
0.169508 0.064468 0.341220
0.169654 0.064655 0.341078
0.169800 0.064842 0.340935
0.169925 0.065036 0.340892
0.170069 0.065221 0.340749
0.170214 0.065406 0.340606
0.170338 0.065598 0.340563
0.170481 0.065781 0.340419
0.170624 0.065963 0.340275
0.170747 0.066153 0.340232
0.170889 0.066333 0.340087
0.171012 0.066522 0.340043
0.171135 0.066711 0.339999
0.171257 0.066898 0.339955
0.171379 0.067086 0.339911
0.171500 0.067273 0.339866
0.171604 0.067470 0.339923
0.171725 0.067656 0.339878
0.171846 0.067842 0.339834
0.171949 0.068038 0.339890
0.172070 0.068224 0.339845
0.172172 0.068420 0.339902
0.172293 0.068604 0.339857
0.172413 0.068789 0.339811
0.172516 0.068984 0.339868
0.172618 0.069180 0.339924
0.172738 0.069363 0.339878
0.172840 0.069559 0.339935
0.172960 0.069741 0.339889
0.173062 0.069936 0.339945
0.173181 0.070118 0.339899
0.173283 0.070313 0.339955
0.173385 0.070508 0.340011
0.173487 0.070703 0.340068
0.173589 0.070898 0.340124
0.173692 0.071093 0.340180
0.173794 0.071288 0.340236
0.173880 0.071498 0.340394
0.173982 0.071693 0.340451
0.174084 0.071888 0.340507
0.174171 0.072099 0.340666
0.174258 0.072310 0.340824
0.174345 0.072521 0.340984
0.174432 0.072733 0.341143
0.174534 0.072929 0.341199
0.174622 0.073142 0.341358
0.174710 0.073355 0.341518
0.174798 0.073568 0.341678
0.174886 0.073782 0.341837
0.174974 0.073996 0.341997
0.175063 0.074211 0.342157
0.175138 0.074444 0.342421
0.175227 0.074660 0.342581
0.175316 0.074876 0.342741
0.175420 0.075074 0.342799
0.175510 0.075291 0.342959
0.175600 0.075508 0.343120
0.175691 0.075726 0.343281
0.175795 0.075925 0.343338
0.175899 0.076124 0.343395
0.175990 0.076343 0.343556
0.176094 0.076542 0.343614
0.176198 0.076741 0.343671
0.176303 0.076940 0.343728
0.176407 0.077139 0.343786
0.176511 0.077338 0.343843
0.176615 0.077537 0.343900
0.176720 0.077737 0.343957
0.176824 0.077936 0.344015
0.176928 0.078135 0.344072
0.177033 0.078334 0.344129
0.177149 0.078511 0.344082
0.177253 0.078710 0.344139
0.177357 0.078909 0.344196
0.177462 0.079108 0.344254
0.177566 0.079307 0.344311
0.177682 0.079482 0.344263
0.177786 0.079681 0.344320
0.177890 0.079880 0.344378
0.178005 0.080054 0.344330
0.178109 0.080253 0.344387
0.178213 0.080451 0.344444
0.178317 0.080650 0.344501
0.178421 0.080848 0.344558
0.178525 0.081047 0.344615
0.178618 0.081270 0.344778
0.178722 0.081469 0.344835
0.178816 0.081693 0.344998
0.178910 0.081918 0.345161
0.179004 0.082143 0.345324
0.179099 0.082369 0.345487
0.179184 0.082622 0.345756
0.179279 0.082848 0.345919
0.179364 0.083103 0.346189
0.179450 0.083358 0.346459
0.179537 0.083613 0.346729
0.179605 0.083925 0.347212
0.179684 0.084211 0.347589
0.179754 0.084527 0.348072
0.179825 0.084844 0.348556
0.179888 0.085191 0.349147
0.179961 0.085512 0.349633
0.180035 0.085834 0.350118
0.166272 0.060431 0.343497
0.166382 0.060641 0.343557
0.166605 0.060837 0.343123
0.166737 0.061043 0.343084
0.166868 0.061248 0.343045
0.166999 0.061452 0.343006
0.167130 0.061657 0.342967
0.167283 0.061857 0.342828
0.167436 0.062056 0.342689
0.167588 0.062254 0.342550
0.167739 0.062452 0.342410
0.167890 0.062648 0.342271
0.168041 0.062844 0.342131
0.168213 0.063034 0.341891
0.168362 0.063228 0.341751
0.168511 0.063421 0.341610
0.168660 0.063613 0.341469
0.168787 0.063810 0.341427
0.168935 0.064000 0.341286
0.169062 0.064196 0.341244
0.169188 0.064391 0.341202
0.169335 0.064580 0.341060
0.169460 0.064774 0.341018
0.169606 0.064961 0.340876
0.169732 0.065154 0.340833
0.169877 0.065339 0.340690
0.170001 0.065531 0.340647
0.170146 0.065715 0.340504
0.170290 0.065898 0.340360
0.170413 0.066088 0.340317
0.170556 0.066270 0.340173
0.170680 0.066459 0.340129
0.170822 0.066639 0.339985
0.170944 0.066827 0.339941
0.171067 0.067015 0.339897
0.171189 0.067202 0.339852
0.171311 0.067389 0.339808
0.171414 0.067586 0.339865
0.171536 0.067772 0.339820
0.171657 0.067958 0.339775
0.171760 0.068154 0.339832
0.171881 0.068339 0.339787
0.172002 0.068524 0.339742
0.172104 0.068720 0.339798
0.172225 0.068904 0.339753
0.172327 0.069100 0.339809
0.172447 0.069283 0.339764
0.172567 0.069466 0.339719
0.172669 0.069661 0.339775
0.172789 0.069844 0.339729
0.172891 0.070039 0.339785
0.172993 0.070233 0.339841
0.173095 0.070428 0.339897
0.173197 0.070623 0.339954
0.173300 0.070818 0.340010
0.173402 0.071013 0.340066
0.173504 0.071208 0.340122
0.173606 0.071403 0.340178
0.173708 0.071598 0.340234
0.173794 0.071808 0.340393
0.173896 0.072004 0.340449
0.173983 0.072214 0.340607
0.174069 0.072425 0.340766
0.174172 0.072621 0.340823
0.174258 0.072833 0.340982
0.174346 0.073045 0.341141
0.174448 0.073241 0.341197
0.174536 0.073454 0.341357
0.174623 0.073667 0.341516
0.174711 0.073881 0.341676
0.174800 0.074095 0.341836
0.174873 0.074327 0.342099
0.174962 0.074543 0.342259
0.175051 0.074758 0.342419
0.175154 0.074956 0.342476
0.175229 0.075191 0.342740
0.175333 0.075389 0.342797
0.175423 0.075607 0.342957
0.175513 0.075824 0.343118
0.175617 0.076023 0.343175
0.175707 0.076241 0.343336
0.175812 0.076440 0.343393
0.175916 0.076639 0.343451
0.176020 0.076838 0.343508
0.176124 0.077037 0.343565
0.176215 0.077257 0.343726
0.176319 0.077456 0.343784
0.176437 0.077634 0.343737
0.176541 0.077833 0.343794
0.176645 0.078031 0.343851
0.176749 0.078230 0.343909
0.176853 0.078429 0.343966
0.176958 0.078628 0.344023
0.177062 0.078827 0.344080
0.177166 0.079026 0.344137
0.177270 0.079225 0.344195
0.177374 0.079424 0.344252
0.177490 0.079599 0.344204
0.177594 0.079798 0.344261
0.177698 0.079997 0.344319
0.177814 0.080171 0.344271
0.177918 0.080370 0.344328
0.178022 0.080568 0.344385
0.178126 0.080767 0.344442
0.178219 0.080990 0.344604
0.178323 0.081189 0.344662
0.178427 0.081388 0.344719
0.178520 0.081612 0.344881
0.178625 0.081811 0.344939
0.178718 0.082036 0.345102
0.178812 0.082261 0.345264
0.178896 0.082513 0.345533
0.178991 0.082740 0.345697
0.179086 0.082967 0.345860
0.179171 0.083221 0.346129
0.179256 0.083476 0.346399
0.179343 0.083732 0.346669
0.179420 0.084017 0.347045
0.179488 0.084331 0.347528
0.179557 0.084647 0.348012
0.179627 0.084964 0.348496
0.179698 0.085284 0.348980
0.179770 0.085605 0.349465
0.179843 0.085928 0.349950
0.166382 0.060963 0.343160
0.166536 0.061165 0.343023
0.166668 0.061370 0.342984
0.166799 0.061575 0.342944
0.166931 0.061779 0.342905
0.167084 0.061979 0.342767
0.167237 0.062178 0.342628
0.167389 0.062376 0.342489
0.167563 0.062569 0.342250
0.167715 0.062765 0.342110
0.167887 0.062955 0.341871
0.168059 0.063144 0.341632
0.168209 0.063337 0.341491
0.168337 0.063535 0.341450
0.168486 0.063726 0.341309
0.168613 0.063923 0.341267
0.168740 0.064119 0.341226
0.168867 0.064315 0.341184
0.169014 0.064504 0.341042
0.169141 0.064698 0.341000
0.169267 0.064893 0.340958
0.169413 0.065079 0.340816
0.169539 0.065272 0.340773
0.169684 0.065457 0.340631
0.169809 0.065649 0.340588
0.169954 0.065833 0.340445
0.170078 0.066024 0.340402
0.170222 0.066206 0.340258
0.170346 0.066395 0.340214
0.170489 0.066576 0.340070
0.170612 0.066765 0.340027
0.170754 0.066943 0.339882
0.170877 0.067131 0.339838
0.171019 0.067308 0.339693
0.171141 0.067495 0.339649
0.171243 0.067691 0.339705
0.171346 0.067888 0.339762
0.171487 0.068063 0.339616
0.171589 0.068259 0.339672
0.171710 0.068444 0.339628
0.171813 0.068640 0.339684
0.171934 0.068824 0.339639
0.172054 0.069007 0.339594
0.172175 0.069191 0.339548
0.172277 0.069386 0.339605
0.172379 0.069581 0.339661
0.172499 0.069764 0.339615
0.172619 0.069946 0.339570
0.172721 0.070140 0.339626
0.172823 0.070335 0.339682
0.172925 0.070530 0.339738
0.173027 0.070725 0.339794
0.173129 0.070919 0.339850
0.173231 0.071114 0.339906
0.173333 0.071309 0.339962
0.173418 0.071518 0.340120
0.173520 0.071713 0.340176
0.173622 0.071908 0.340232
0.173708 0.072119 0.340391
0.173811 0.072314 0.340447
0.173897 0.072525 0.340606
0.173983 0.072736 0.340765
0.174070 0.072948 0.340924
0.174172 0.073144 0.340980
0.174259 0.073357 0.341139
0.174347 0.073570 0.341298
0.174434 0.073783 0.341458
0.174522 0.073997 0.341617
0.174610 0.074211 0.341777
0.174713 0.074408 0.341834
0.174786 0.074641 0.342097
0.174875 0.074857 0.342257
0.174979 0.075054 0.342314
0.175067 0.075271 0.342474
0.175157 0.075487 0.342634
0.175246 0.075705 0.342795
0.175336 0.075922 0.342956
0.175440 0.076121 0.343013
0.175530 0.076339 0.343173
0.175620 0.076558 0.343334
0.175724 0.076756 0.343392
0.175828 0.076955 0.343449
0.175933 0.077154 0.343506
0.176037 0.077353 0.343563
0.176141 0.077552 0.343621
0.176245 0.077751 0.343678
0.176349 0.077950 0.343735
0.176453 0.078149 0.343792
0.176558 0.078348 0.343849
0.176662 0.078547 0.343907
0.176779 0.078723 0.343859
0.176883 0.078922 0.343917
0.176987 0.079121 0.343974
0.177091 0.079319 0.344031
0.177195 0.079518 0.344088
0.177299 0.079717 0.344145
0.177403 0.079915 0.344202
0.177507 0.080114 0.344260
0.177611 0.080313 0.344317
0.177715 0.080511 0.344374
0.177819 0.080710 0.344431
0.177923 0.080909 0.344488
0.178027 0.081107 0.344546
0.178132 0.081306 0.344603
0.178225 0.081530 0.344765
0.178329 0.081729 0.344822
0.178422 0.081954 0.344985
0.178527 0.082153 0.345042
0.178620 0.082379 0.345205
0.178704 0.082631 0.345474
0.178798 0.082858 0.345637
0.178893 0.083085 0.345801
0.178978 0.083339 0.346070
0.179063 0.083595 0.346339
0.179148 0.083851 0.346609
0.179225 0.084136 0.346985
0.179292 0.084451 0.347468
0.179370 0.084739 0.347845
0.179439 0.085057 0.348328
0.179510 0.085376 0.348813
0.179581 0.085698 0.349297
0.179653 0.086021 0.349782
0.166135 0.061091 0.343296
0.166290 0.061294 0.343158
0.166422 0.061499 0.343120
0.166577 0.061701 0.342982
0.166731 0.061901 0.342844
0.166885 0.062101 0.342705
0.167038 0.062300 0.342566
0.167213 0.062493 0.342328
0.167365 0.062690 0.342189
0.167561 0.062876 0.341851
0.167712 0.063071 0.341711
0.167885 0.063259 0.341472
0.168035 0.063452 0.341331
0.168163 0.063649 0.341290
0.168312 0.063840 0.341149
0.168440 0.064036 0.341108
0.168567 0.064232 0.341066
0.168694 0.064428 0.341024
0.168820 0.064623 0.340983
0.168947 0.064817 0.340941
0.169073 0.065011 0.340899
0.169199 0.065205 0.340856
0.169346 0.065390 0.340714
0.169471 0.065583 0.340671
0.169617 0.065767 0.340529
0.169742 0.065959 0.340486
0.169886 0.066141 0.340342
0.170011 0.066331 0.340299
0.170155 0.066512 0.340156
0.170298 0.066693 0.340012
0.170441 0.066872 0.339867
0.170564 0.067060 0.339823
0.170707 0.067238 0.339679
0.170829 0.067424 0.339635
0.170951 0.067611 0.339590
0.171054 0.067807 0.339647
0.171195 0.067982 0.339501
0.171298 0.068178 0.339558
0.171419 0.068363 0.339513
0.171540 0.068548 0.339468
0.171643 0.068744 0.339524
0.171764 0.068927 0.339479
0.171885 0.069111 0.339434
0.171987 0.069306 0.339490
0.172107 0.069489 0.339445
0.172209 0.069684 0.339501
0.172329 0.069866 0.339456
0.172431 0.070060 0.339512
0.172533 0.070255 0.339568
0.172653 0.070436 0.339522
0.172755 0.070631 0.339578
0.172856 0.070825 0.339634
0.172941 0.071034 0.339792
0.173043 0.071229 0.339848
0.173145 0.071424 0.339904
0.173247 0.071618 0.339960
0.173333 0.071828 0.340118
0.173435 0.072023 0.340174
0.173520 0.072234 0.340333
0.173623 0.072429 0.340389
0.173709 0.072640 0.340548
0.173795 0.072852 0.340707
0.173881 0.073064 0.340865
0.173984 0.073260 0.340922
0.174071 0.073472 0.341081
0.174173 0.073668 0.341137
0.174245 0.073899 0.341400
0.174348 0.074095 0.341456
0.174435 0.074310 0.341616
0.174523 0.074524 0.341775
0.174611 0.074739 0.341935
0.174700 0.074955 0.342095
0.174788 0.075171 0.342255
0.174892 0.075369 0.342312
0.174981 0.075585 0.342472
0.175070 0.075802 0.342633
0.175159 0.076020 0.342793
0.175249 0.076238 0.342954
0.175353 0.076436 0.343011
0.175442 0.076655 0.343172
0.175547 0.076853 0.343229
0.175651 0.077052 0.343286
0.175755 0.077251 0.343343
0.175845 0.077470 0.343504
0.175963 0.077648 0.343457
0.176067 0.077847 0.343515
0.176171 0.078046 0.343572
0.176275 0.078244 0.343629
0.176379 0.078443 0.343686
0.176496 0.078619 0.343639
0.176600 0.078818 0.343696
0.176704 0.079016 0.343753
0.176808 0.079215 0.343810
0.176912 0.079413 0.343867
0.177016 0.079612 0.343925
0.177120 0.079810 0.343982
0.177224 0.080009 0.344039
0.177316 0.080231 0.344201
0.177420 0.080430 0.344258
0.177524 0.080629 0.344315
0.177628 0.080827 0.344372
0.177732 0.081026 0.344429
0.177836 0.081225 0.344487
0.177929 0.081449 0.344649
0.178033 0.081648 0.344706
0.178137 0.081847 0.344763
0.178230 0.082071 0.344926
0.178324 0.082297 0.345089
0.178418 0.082523 0.345252
0.178512 0.082749 0.345415
0.178606 0.082976 0.345578
0.178700 0.083203 0.345741
0.178784 0.083458 0.346010
0.178869 0.083713 0.346280
0.178954 0.083970 0.346549
0.179030 0.084256 0.346925
0.179097 0.084571 0.347408
0.179174 0.084859 0.347784
0.179242 0.085177 0.348268
0.179312 0.085498 0.348752
0.179382 0.085819 0.349236
0.179453 0.086143 0.349721
0.164335 0.060252 0.347261
0.164853 0.060435 0.345651
0.165250 0.060622 0.344531
0.165361 0.060835 0.344592
0.165887 0.061221 0.343431
0.166043 0.061424 0.343294
0.166221 0.061622 0.343058
0.166377 0.061823 0.342920
0.166531 0.062024 0.342782
0.166685 0.062223 0.342644
0.166862 0.062417 0.342406
0.167037 0.062610 0.342168
0.167145 0.062816 0.342227
0.167386 0.062992 0.341691
0.167560 0.063181 0.341452
0.167711 0.063374 0.341312
0.167883 0.063560 0.341072
0.167989 0.063763 0.341130
0.168139 0.063953 0.340990
0.168266 0.064149 0.340948
0.168394 0.064345 0.340907
0.168499 0.064547 0.340965
0.168626 0.064741 0.340923
0.168753 0.064936 0.340881
0.168879 0.065130 0.340839
0.169006 0.065323 0.340797
0.169132 0.065517 0.340755
0.169278 0.065701 0.340612
0.169404 0.065893 0.340569
0.169549 0.066076 0.340427
0.169695 0.066259 0.340283
0.169819 0.066449 0.340240
0.169963 0.066630 0.340097
0.170107 0.066809 0.339953
0.170251 0.066988 0.339809
0.170374 0.067176 0.339765
0.170517 0.067354 0.339620
0.170659 0.067530 0.339475
0.170781 0.067716 0.339431
0.170904 0.067902 0.339387
0.171006 0.068098 0.339443
0.171128 0.068283 0.339399
0.171231 0.068479 0.339455
0.171352 0.068663 0.339410
0.171473 0.068847 0.339365
0.171594 0.069031 0.339320
0.171715 0.069214 0.339275
0.171817 0.069409 0.339331
0.171938 0.069591 0.339286
0.172040 0.069786 0.339342
0.172160 0.069968 0.339296
0.172262 0.070162 0.339352
0.172363 0.070357 0.339408
0.172465 0.070551 0.339464
0.172567 0.070746 0.339520
0.172669 0.070940 0.339576
0.172771 0.071135 0.339632
0.172873 0.071329 0.339688
0.172958 0.071539 0.339846
0.173060 0.071733 0.339902
0.173145 0.071943 0.340060
0.173247 0.072138 0.340117
0.173332 0.072349 0.340275
0.173435 0.072544 0.340331
0.173520 0.072755 0.340490
0.173606 0.072967 0.340648
0.173693 0.073179 0.340807
0.173795 0.073375 0.340864
0.173882 0.073588 0.341023
0.173985 0.073784 0.341079
0.174071 0.073997 0.341238
0.174159 0.074211 0.341398
0.174262 0.074408 0.341454
0.174349 0.074622 0.341614
0.174437 0.074837 0.341774
0.174540 0.075034 0.341830
0.174613 0.075269 0.342093
0.174716 0.075466 0.342150
0.174805 0.075683 0.342310
0.174894 0.075900 0.342470
0.174983 0.076117 0.342631
0.175072 0.076335 0.342791
0.175176 0.076533 0.342848
0.175265 0.076752 0.343009
0.175369 0.076950 0.343066
0.175473 0.077149 0.343123
0.175577 0.077347 0.343180
0.175681 0.077546 0.343237
0.175785 0.077744 0.343295
0.175889 0.077943 0.343352
0.175993 0.078141 0.343409
0.176097 0.078339 0.343466
0.176214 0.078516 0.343419
0.176318 0.078714 0.343476
0.176422 0.078912 0.343533
0.176526 0.079110 0.343590
0.176630 0.079309 0.343647
0.176733 0.079507 0.343704
0.176825 0.079729 0.343866
0.176929 0.079927 0.343923
0.177033 0.080126 0.343980
0.177137 0.080324 0.344037
0.177228 0.080547 0.344199
0.177333 0.080746 0.344256
0.177437 0.080944 0.344313
0.177529 0.081168 0.344475
0.177633 0.081367 0.344533
0.177737 0.081566 0.344590
0.177842 0.081765 0.344647
0.177934 0.081990 0.344810
0.178039 0.082189 0.344867
0.178132 0.082414 0.345030
0.178225 0.082640 0.345192
0.178319 0.082867 0.345355
0.178413 0.083094 0.345518
0.178497 0.083348 0.345787
0.178591 0.083576 0.345951
0.178676 0.083832 0.346220
0.178760 0.084089 0.346490
0.178835 0.084375 0.346865
0.178901 0.084690 0.347347
0.178978 0.084979 0.347724
0.179055 0.085269 0.348101
0.179124 0.085590 0.348584
0.179193 0.085912 0.349068
0.179263 0.086236 0.349553
0.164124 0.060381 0.347196
0.164646 0.060562 0.345587
0.165045 0.060747 0.344468
0.165157 0.060960 0.344529
0.165504 0.061143 0.343604
0.165661 0.061347 0.343468
0.165841 0.061547 0.343232
0.166021 0.061745 0.342996
0.166176 0.061946 0.342858
0.166331 0.062146 0.342720
0.166486 0.062345 0.342582
0.166686 0.062534 0.342246
0.166862 0.062727 0.342008
0.167037 0.062918 0.341770
0.167190 0.063112 0.341630
0.167364 0.063301 0.341391
0.167537 0.063488 0.341152
0.167688 0.063680 0.341012
0.167816 0.063876 0.340971
0.167944 0.064073 0.340930
0.168072 0.064268 0.340888
0.168199 0.064464 0.340847
0.168305 0.064666 0.340905
0.168432 0.064860 0.340863
0.168559 0.065055 0.340821
0.168686 0.065248 0.340779
0.168812 0.065442 0.340737
0.168939 0.065635 0.340695
0.169065 0.065827 0.340653
0.169211 0.066011 0.340510
0.169336 0.066203 0.340467
0.169482 0.066385 0.340324
0.169628 0.066566 0.340181
0.169772 0.066747 0.340038
0.169917 0.066926 0.339894
0.170061 0.067105 0.339750
0.170204 0.067283 0.339606
0.170347 0.067460 0.339461
0.170470 0.067646 0.339417
0.170612 0.067822 0.339272
0.170734 0.068007 0.339228
0.170837 0.068203 0.339284
0.170939 0.068399 0.339340
0.171061 0.068583 0.339296
0.171183 0.068767 0.339251
0.171285 0.068962 0.339307
0.171406 0.069146 0.339262
0.171527 0.069329 0.339217
0.171648 0.069511 0.339172
0.171750 0.069706 0.339228
0.171852 0.069901 0.339284
0.171972 0.070082 0.339239
0.172074 0.070277 0.339295
0.172194 0.070458 0.339249
0.172296 0.070652 0.339305
0.172398 0.070846 0.339361
0.172499 0.071041 0.339417
0.172584 0.071249 0.339574
0.172686 0.071444 0.339630
0.172770 0.071653 0.339788
0.172872 0.071848 0.339844
0.172957 0.072058 0.340003
0.173059 0.072253 0.340059
0.173144 0.072464 0.340217
0.173247 0.072659 0.340273
0.173316 0.072887 0.340534
0.173418 0.073082 0.340590
0.173504 0.073295 0.340749
0.173607 0.073491 0.340806
0.173693 0.073704 0.340964
0.173796 0.073900 0.341021
0.173882 0.074113 0.341180
0.173969 0.074327 0.341339
0.174072 0.074524 0.341396
0.174160 0.074738 0.341555
0.174263 0.074935 0.341612
0.174350 0.075151 0.341772
0.174453 0.075347 0.341828
0.174541 0.075563 0.341988
0.174630 0.075780 0.342148
0.174718 0.075997 0.342308
0.174807 0.076214 0.342469
0.174910 0.076412 0.342526
0.174999 0.076630 0.342686
0.175103 0.076828 0.342743
0.175207 0.077026 0.342800
0.175311 0.077224 0.342857
0.175400 0.077443 0.343018
0.175504 0.077641 0.343075
0.175608 0.077840 0.343132
0.175726 0.078016 0.343085
0.175829 0.078214 0.343142
0.175933 0.078412 0.343199
0.176037 0.078610 0.343256
0.176140 0.078808 0.343313
0.176244 0.079006 0.343370
0.176348 0.079204 0.343427
0.176452 0.079402 0.343484
0.176555 0.079600 0.343541
0.176646 0.079822 0.343702
0.176750 0.080020 0.343759
0.176842 0.080243 0.343921
0.176945 0.080441 0.343978
0.177037 0.080664 0.344140
0.177141 0.080863 0.344197
0.177233 0.081087 0.344359
0.177337 0.081286 0.344416
0.177442 0.081484 0.344474
0.177546 0.081683 0.344531
0.177638 0.081908 0.344693
0.177743 0.082107 0.344751
0.177847 0.082306 0.344808
0.177940 0.082532 0.344970
0.178033 0.082758 0.345133
0.178127 0.082985 0.345296
0.178220 0.083212 0.345459
0.178304 0.083466 0.345728
0.178387 0.083722 0.345997
0.178482 0.083951 0.346160
0.178556 0.084236 0.346536
0.178641 0.084494 0.346805
0.178706 0.084810 0.347287
0.178782 0.085099 0.347664
0.178858 0.085390 0.348040
0.178926 0.085711 0.348523
0.178994 0.086033 0.349007
0.179064 0.086358 0.349491
0.164415 0.060691 0.345621
0.164793 0.060878 0.344601
0.165000 0.061079 0.344269
0.165302 0.061267 0.343542
0.165460 0.061471 0.343405
0.165640 0.061670 0.343170
0.165820 0.061868 0.342934
0.165976 0.062069 0.342797
0.166132 0.062268 0.342659
0.166287 0.062467 0.342521
0.166487 0.062656 0.342185
0.166664 0.062848 0.341947
0.166840 0.063038 0.341709
0.167016 0.063228 0.341471
0.167190 0.063416 0.341232
0.167364 0.063602 0.340993
0.167493 0.063799 0.340952
0.167621 0.063996 0.340911
0.167749 0.064192 0.340869
0.167877 0.064388 0.340828
0.168005 0.064583 0.340787
0.168133 0.064778 0.340745
0.168238 0.064979 0.340803
0.168365 0.065173 0.340761
0.168492 0.065367 0.340720
0.168619 0.065560 0.340678
0.168745 0.065753 0.340635
0.168871 0.065946 0.340593
0.169018 0.066129 0.340451
0.169144 0.066320 0.340408
0.169290 0.066502 0.340265
0.169436 0.066683 0.340122
0.169581 0.066864 0.339979
0.169746 0.067033 0.339735
0.169870 0.067221 0.339691
0.170034 0.067389 0.339447
0.170158 0.067576 0.339403
0.170301 0.067752 0.339258
0.170423 0.067937 0.339214
0.170546 0.068122 0.339170
0.170648 0.068318 0.339226
0.170770 0.068503 0.339181
0.170873 0.068698 0.339238
0.170995 0.068882 0.339193
0.171116 0.069066 0.339148
0.171237 0.069249 0.339103
0.171358 0.069431 0.339058
0.171460 0.069626 0.339114
0.171581 0.069808 0.339069
0.171683 0.070002 0.339125
0.171803 0.070184 0.339079
0.171905 0.070378 0.339135
0.172007 0.070572 0.339191
0.172109 0.070767 0.339247
0.172211 0.070961 0.339303
0.172312 0.071155 0.339359
0.172414 0.071350 0.339415
0.172498 0.071559 0.339573
0.172600 0.071753 0.339629
0.172685 0.071963 0.339787
0.172769 0.072173 0.339945
0.172871 0.072368 0.340001
0.172956 0.072579 0.340159
0.173042 0.072790 0.340317
0.173127 0.073002 0.340476
0.173230 0.073198 0.340532
0.173315 0.073410 0.340691
0.173418 0.073606 0.340747
0.173504 0.073819 0.340906
0.173607 0.074015 0.340963
0.173693 0.074229 0.341122
0.173780 0.074443 0.341281
0.173883 0.074640 0.341338
0.173970 0.074855 0.341497
0.174073 0.075051 0.341554
0.174176 0.075248 0.341610
0.174264 0.075464 0.341770
0.174367 0.075661 0.341827
0.174455 0.075877 0.341986
0.174543 0.076094 0.342146
0.174631 0.076311 0.342307
0.174735 0.076509 0.342363
0.174824 0.076726 0.342524
0.174927 0.076924 0.342581
0.175031 0.077122 0.342638
0.175134 0.077320 0.342694
0.175238 0.077518 0.342751
0.175342 0.077716 0.342808
0.175445 0.077913 0.342865
0.175549 0.078111 0.342922
0.175652 0.078309 0.342979
0.175770 0.078485 0.342932
0.175873 0.078682 0.342989
0.175977 0.078880 0.343046
0.176080 0.079077 0.343103
0.176184 0.079275 0.343159
0.176274 0.079496 0.343321
0.176378 0.079694 0.343377
0.176468 0.079915 0.343539
0.176559 0.080137 0.343700
0.176663 0.080336 0.343757
0.176754 0.080558 0.343919
0.176858 0.080757 0.343976
0.176950 0.080980 0.344138
0.177042 0.081204 0.344300
0.177146 0.081403 0.344357
0.177250 0.081602 0.344415
0.177342 0.081826 0.344577
0.177447 0.082026 0.344634
0.177551 0.082225 0.344691
0.177644 0.082450 0.344854
0.177748 0.082650 0.344911
0.177841 0.082876 0.345074
0.177934 0.083102 0.345237
0.178028 0.083330 0.345400
0.178111 0.083585 0.345668
0.178205 0.083813 0.345832
0.178288 0.084069 0.346101
0.178361 0.084355 0.346476
0.178446 0.084613 0.346745
0.178521 0.084901 0.347121
0.178586 0.085220 0.347603
0.178662 0.085510 0.347980
0.178728 0.085832 0.348463
0.178796 0.086155 0.348946
0.178874 0.086450 0.349324
0.164159 0.060823 0.345754
0.164588 0.061003 0.344538
0.164796 0.061204 0.344206
0.165076 0.061394 0.343578
0.165258 0.061594 0.343343
0.165367 0.061804 0.343404
0.165596 0.061995 0.342971
0.165776 0.062191 0.342735
0.165932 0.062391 0.342597
0.166087 0.062589 0.342459
0.166289 0.062778 0.342123
0.166466 0.062969 0.341886
0.166643 0.063159 0.341648
0.166819 0.063348 0.341410
0.166994 0.063536 0.341171
0.167169 0.063722 0.340932
0.167298 0.063919 0.340892
0.167426 0.064115 0.340851
0.167555 0.064311 0.340809
0.167683 0.064507 0.340768
0.167811 0.064702 0.340727
0.167938 0.064897 0.340685
0.168044 0.065098 0.340743
0.168171 0.065292 0.340702
0.168298 0.065486 0.340660
0.168425 0.065679 0.340618
0.168552 0.065872 0.340576
0.168678 0.066064 0.340534
0.168826 0.066247 0.340391
0.168952 0.066438 0.340349
0.169098 0.066620 0.340206
0.169265 0.066792 0.339963
0.169411 0.066971 0.339820
0.169556 0.067150 0.339676
0.169680 0.067338 0.339633
0.169845 0.067505 0.339388
0.169968 0.067692 0.339344
0.170112 0.067867 0.339200
0.170234 0.068053 0.339156
0.170357 0.068238 0.339111
0.170460 0.068434 0.339168
0.170582 0.068618 0.339123
0.170704 0.068802 0.339079
0.170826 0.068986 0.339034
0.170928 0.069181 0.339090
0.171050 0.069364 0.339045
0.171171 0.069546 0.339000
0.171273 0.069741 0.339056
0.171394 0.069923 0.339011
0.171496 0.070117 0.339067
0.171616 0.070298 0.339022
0.171718 0.070493 0.339078
0.171820 0.070687 0.339134
0.171922 0.070881 0.339189
0.172023 0.071076 0.339245
0.172125 0.071270 0.339301
0.172227 0.071464 0.339357
0.172311 0.071673 0.339515
0.172413 0.071868 0.339571
0.172497 0.072078 0.339729
0.172581 0.072288 0.339887
0.172684 0.072483 0.339943
0.172768 0.072694 0.340101
0.172853 0.072906 0.340259
0.172939 0.073118 0.340418
0.173041 0.073313 0.340474
0.173127 0.073526 0.340633
0.173213 0.073739 0.340792
0.173315 0.073935 0.340848
0.173418 0.074131 0.340905
0.173504 0.074345 0.341064
0.173591 0.074559 0.341223
0.173694 0.074756 0.341279
0.173797 0.074952 0.341336
0.173884 0.075167 0.341495
0.173987 0.075364 0.341552
0.174074 0.075580 0.341711
0.174177 0.075777 0.341768
0.174280 0.075974 0.341825
0.174368 0.076190 0.341985
0.174472 0.076388 0.342041
0.174560 0.076605 0.342201
0.174663 0.076802 0.342258
0.174766 0.077000 0.342315
0.174870 0.077197 0.342372
0.174959 0.077416 0.342532
0.175062 0.077613 0.342589
0.175180 0.077789 0.342542
0.175283 0.077987 0.342599
0.175387 0.078184 0.342656
0.175490 0.078381 0.342713
0.175594 0.078579 0.342769
0.175697 0.078776 0.342826
0.175800 0.078973 0.342883
0.175904 0.079171 0.342940
0.176007 0.079368 0.342997
0.176110 0.079566 0.343053
0.176201 0.079787 0.343214
0.176291 0.080008 0.343376
0.176394 0.080206 0.343433
0.176485 0.080428 0.343594
0.176576 0.080651 0.343756
0.176667 0.080874 0.343917
0.176758 0.081097 0.344079
0.176863 0.081296 0.344136
0.176954 0.081520 0.344298
0.177058 0.081719 0.344356
0.177150 0.081944 0.344518
0.177255 0.082143 0.344575
0.177359 0.082342 0.344632
0.177463 0.082541 0.344690
0.177556 0.082767 0.344852
0.177649 0.082993 0.345015
0.177742 0.083220 0.345178
0.177835 0.083447 0.345340
0.177929 0.083675 0.345503
0.178011 0.083931 0.345772
0.178094 0.084188 0.346041
0.178178 0.084446 0.346310
0.178251 0.084733 0.346685
0.178325 0.085021 0.347061
0.178389 0.085340 0.347543
0.178465 0.085631 0.347919
0.178541 0.085924 0.348296
0.178618 0.086217 0.348673
0.178685 0.086542 0.349156
0.163878 0.060958 0.345985
0.164359 0.061132 0.344573
0.164470 0.061344 0.344635
0.164849 0.061521 0.343614
0.165032 0.061722 0.343379
0.165238 0.061917 0.343046
0.165395 0.062118 0.342909
0.165552 0.062318 0.342772
0.165732 0.062513 0.342536
0.165888 0.062711 0.342398
0.166090 0.062899 0.342062
0.166268 0.063090 0.341825
0.166446 0.063280 0.341587
0.166622 0.063469 0.341349
0.166775 0.063661 0.341210
0.166974 0.063842 0.340872
0.167103 0.064038 0.340831
0.167231 0.064235 0.340791
0.167360 0.064430 0.340749
0.167488 0.064626 0.340708
0.167617 0.064821 0.340667
0.167744 0.065015 0.340626
0.167850 0.065217 0.340684
0.167977 0.065411 0.340642
0.168105 0.065604 0.340600
0.168232 0.065797 0.340558
0.168359 0.065990 0.340516
0.168485 0.066182 0.340474
0.168633 0.066365 0.340332
0.168781 0.066547 0.340190
0.168927 0.066728 0.340047
0.169074 0.066909 0.339904
0.169220 0.067088 0.339761
0.169365 0.067267 0.339617
0.169510 0.067445 0.339474
0.169655 0.067621 0.339330
0.169779 0.067808 0.339286
0.169943 0.067972 0.339041
0.170066 0.068158 0.338997
0.170168 0.068353 0.339053
0.170271 0.068549 0.339110
0.170394 0.068734 0.339065
0.170516 0.068917 0.339021
0.170638 0.069101 0.338976
0.170760 0.069284 0.338931
0.170862 0.069479 0.338987
0.170983 0.069661 0.338942
0.171105 0.069843 0.338897
0.171206 0.070037 0.338953
0.171308 0.070232 0.339009
0.171429 0.070413 0.338964
0.171531 0.070607 0.339020
0.171633 0.070802 0.339076
0.171734 0.070996 0.339132
0.171836 0.071190 0.339188
0.171938 0.071385 0.339244
0.172040 0.071579 0.339299
0.172124 0.071788 0.339457
0.172225 0.071983 0.339513
0.172309 0.072193 0.339671
0.172394 0.072403 0.339829
0.172478 0.072614 0.339987
0.172580 0.072809 0.340043
0.172665 0.073021 0.340201
0.172750 0.073233 0.340360
0.172836 0.073445 0.340518
0.172938 0.073641 0.340575
0.173024 0.073854 0.340733
0.173127 0.074051 0.340790
0.173213 0.074264 0.340949
0.173299 0.074478 0.341108
0.173402 0.074675 0.341164
0.173505 0.074871 0.341221
0.173608 0.075068 0.341277
0.173710 0.075265 0.341334
0.173797 0.075480 0.341493
0.173900 0.075677 0.341550
0.174003 0.075873 0.341607
0.174091 0.076090 0.341766
0.174194 0.076287 0.341823
0.174297 0.076484 0.341880
0.174385 0.076701 0.342040
0.174488 0.076898 0.342096
0.174591 0.077095 0.342153
0.174695 0.077292 0.342210
0.174798 0.077490 0.342266
0.174901 0.077687 0.342323
0.175005 0.077884 0.342380
0.175108 0.078081 0.342437
0.175226 0.078256 0.342390
0.175329 0.078453 0.342446
0.175432 0.078650 0.342503
0.175535 0.078847 0.342560
0.175638 0.079044 0.342616
0.175741 0.079241 0.342673
0.175831 0.079461 0.342834
0.175934 0.079658 0.342891
0.176024 0.079879 0.343052
0.176114 0.080101 0.343213
0.176204 0.080323 0.343374
0.176308 0.080521 0.343431
0.176385 0.080768 0.343697
0.176489 0.080966 0.343754
0.176580 0.081189 0.343915
0.176671 0.081413 0.344077
0.176775 0.081612 0.344134
0.176867 0.081836 0.344296
0.176971 0.082035 0.344354
0.177075 0.082234 0.344411
0.177167 0.082460 0.344573
0.177272 0.082659 0.344630
0.177364 0.082885 0.344793
0.177468 0.083084 0.344850
0.177550 0.083338 0.345118
0.177643 0.083565 0.345281
0.177736 0.083793 0.345444
0.177818 0.084049 0.345712
0.177901 0.084307 0.345981
0.177984 0.084564 0.346250
0.178057 0.084852 0.346625
0.178130 0.085141 0.347001
0.178204 0.085431 0.347376
0.178279 0.085722 0.347752
0.178354 0.086015 0.348129
0.178430 0.086309 0.348506
0.178507 0.086604 0.348883
0.164829 0.061845 0.343317
0.165036 0.062040 0.342984
0.165194 0.062241 0.342847
0.165376 0.062437 0.342611
0.165532 0.062635 0.342474
0.165688 0.062833 0.342336
0.165844 0.063031 0.342199
0.166047 0.063217 0.341863
0.166201 0.063412 0.341724
0.166379 0.063600 0.341487
0.166556 0.063787 0.341249
0.166732 0.063973 0.341010
0.166884 0.064164 0.340870
0.167014 0.064360 0.340830
0.167165 0.064550 0.340689
0.167294 0.064745 0.340648
0.167422 0.064940 0.340607
0.167550 0.065134 0.340566
0.167678 0.065328 0.340524
0.167806 0.065522 0.340483
0.167911 0.065723 0.340540
0.168038 0.065916 0.340499
0.168187 0.066100 0.340357
0.168314 0.066292 0.340315
0.168441 0.066483 0.340273
0.168588 0.066665 0.340130
0.168736 0.066846 0.339988
0.168883 0.067026 0.339845
0.169029 0.067205 0.339702
0.169175 0.067384 0.339559
0.169320 0.067561 0.339415
0.169465 0.067738 0.339271
0.169610 0.067913 0.339127
0.169754 0.068088 0.338983
0.169877 0.068273 0.338939
0.169980 0.068469 0.338995
0.170082 0.068665 0.339052
0.170205 0.068849 0.339007
0.170328 0.069033 0.338963
0.170450 0.069216 0.338918
0.170572 0.069399 0.338873
0.170674 0.069594 0.338930
0.170796 0.069776 0.338885
0.170917 0.069958 0.338840
0.171019 0.070152 0.338896
0.171121 0.070347 0.338952
0.171242 0.070528 0.338906
0.171344 0.070722 0.338962
0.171446 0.070916 0.339018
0.171547 0.071111 0.339074
0.171649 0.071305 0.339130
0.171751 0.071499 0.339186
0.171853 0.071693 0.339242
0.171936 0.071903 0.339399
0.172020 0.072113 0.339557
0.172122 0.072308 0.339613
0.172206 0.072518 0.339771
0.172290 0.072729 0.339929
0.172392 0.072925 0.339985
0.172459 0.073153 0.340246
0.172562 0.073348 0.340302
0.172647 0.073561 0.340460
0.172732 0.073774 0.340619
0.172835 0.073970 0.340675
0.172921 0.074184 0.340834
0.173024 0.074380 0.340891
0.173110 0.074594 0.341050
0.173212 0.074791 0.341106
0.173315 0.074987 0.341163
0.173418 0.075184 0.341219
0.173521 0.075380 0.341276
0.173624 0.075577 0.341332
0.173711 0.075793 0.341492
0.173814 0.075989 0.341548
0.173917 0.076186 0.341605
0.174020 0.076383 0.341661
0.174107 0.076600 0.341821
0.174211 0.076797 0.341878
0.174314 0.076994 0.341935
0.174417 0.077191 0.341991
0.174520 0.077388 0.342048
0.174623 0.077585 0.342105
0.174726 0.077782 0.342161
0.174844 0.077957 0.342114
0.174947 0.078153 0.342171
0.175050 0.078350 0.342227
0.175154 0.078547 0.342284
0.175257 0.078744 0.342341
0.175360 0.078940 0.342397
0.175463 0.079137 0.342454
0.175566 0.079334 0.342510
0.175669 0.079531 0.342567
0.175758 0.079751 0.342728
0.175847 0.079972 0.342889
0.175937 0.080193 0.343050
0.176027 0.080415 0.343211
0.176130 0.080613 0.343268
0.176221 0.080835 0.343429
0.176298 0.081083 0.343695
0.176402 0.081281 0.343752
0.176493 0.081505 0.343914
0.176584 0.081729 0.344076
0.176688 0.081928 0.344133
0.176780 0.082153 0.344295
0.176884 0.082352 0.344352
0.176988 0.082550 0.344409
0.177092 0.082749 0.344466
0.177184 0.082975 0.344629
0.177276 0.083202 0.344791
0.177369 0.083428 0.344954
0.177462 0.083656 0.345116
0.177555 0.083883 0.345279
0.177636 0.084140 0.345548
0.177719 0.084397 0.345816
0.177790 0.084683 0.346191
0.177862 0.084971 0.346565
0.177946 0.085231 0.346835
0.178008 0.085551 0.347316
0.178082 0.085843 0.347692
0.178167 0.086106 0.347962
0.178243 0.086400 0.348339
0.178329 0.086666 0.348610
0.164652 0.061965 0.343157
0.164860 0.062159 0.342823
0.165018 0.062360 0.342687
0.165175 0.062559 0.342550
0.165332 0.062758 0.342412
0.165513 0.062951 0.342176
0.165645 0.063152 0.342137
0.165825 0.063343 0.341900
0.166004 0.063533 0.341663
0.166182 0.063721 0.341426
0.166336 0.063914 0.341287
0.166513 0.064099 0.341049
0.166666 0.064290 0.340909
0.166818 0.064480 0.340769
0.166948 0.064676 0.340729
0.167076 0.064871 0.340688
0.167228 0.065059 0.340547
0.167356 0.065253 0.340506
0.167484 0.065447 0.340464
0.167612 0.065640 0.340423
0.167740 0.065833 0.340381
0.167867 0.066026 0.340339
0.167994 0.066218 0.340297
0.168143 0.066401 0.340156
0.168270 0.066592 0.340113
0.168418 0.066773 0.339971
0.168566 0.066954 0.339829
0.168713 0.067133 0.339686
0.168838 0.067322 0.339643
0.168984 0.067500 0.339500
0.169130 0.067677 0.339356
0.169276 0.067854 0.339213
0.169421 0.068029 0.339069
0.169565 0.068204 0.338925
0.169689 0.068389 0.338881
0.169791 0.068585 0.338937
0.169894 0.068780 0.338993
0.170017 0.068964 0.338949
0.170139 0.069148 0.338905
0.170262 0.069331 0.338860
0.170384 0.069514 0.338816
0.170486 0.069709 0.338872
0.170608 0.069891 0.338827
0.170730 0.070072 0.338782
0.170832 0.070267 0.338838
0.170934 0.070461 0.338894
0.171055 0.070642 0.338849
0.171157 0.070837 0.338905
0.171258 0.071031 0.338960
0.171360 0.071225 0.339016
0.171462 0.071419 0.339072
0.171564 0.071614 0.339128
0.171647 0.071823 0.339286
0.171749 0.072018 0.339342
0.171832 0.072228 0.339499
0.171916 0.072438 0.339657
0.172000 0.072649 0.339815
0.172102 0.072845 0.339871
0.172187 0.073056 0.340029
0.172271 0.073268 0.340187
0.172356 0.073481 0.340346
0.172458 0.073677 0.340402
0.172544 0.073890 0.340561
0.172646 0.074086 0.340617
0.172732 0.074300 0.340776
0.172834 0.074496 0.340832
0.172920 0.074710 0.340991
0.173023 0.074907 0.341048
0.173126 0.075103 0.341104
0.173229 0.075300 0.341161
0.173332 0.075496 0.341217
0.173435 0.075693 0.341274
0.173538 0.075889 0.341330
0.173641 0.076086 0.341387
0.173728 0.076302 0.341546
0.173831 0.076499 0.341603
0.173934 0.076696 0.341660
0.174037 0.076892 0.341716
0.174140 0.077089 0.341773
0.174243 0.077286 0.341829
0.174346 0.077483 0.341886
0.174449 0.077679 0.341943
0.174567 0.077854 0.341896
0.174670 0.078051 0.341952
0.174773 0.078247 0.342009
0.174876 0.078444 0.342065
0.174979 0.078640 0.342122
0.175082 0.078837 0.342179
0.175185 0.079033 0.342235
0.175288 0.079230 0.342292
0.175390 0.079426 0.342348
0.175493 0.079623 0.342405
0.175582 0.079843 0.342565
0.175671 0.080064 0.342726
0.175761 0.080285 0.342887
0.175850 0.080507 0.343048
0.175940 0.080729 0.343209
0.176030 0.080952 0.343370
0.176120 0.081175 0.343532
0.176211 0.081398 0.343693
0.176315 0.081596 0.343750
0.176406 0.081820 0.343912
0.176510 0.082019 0.343969
0.176601 0.082244 0.344131
0.176705 0.082442 0.344188
0.176796 0.082668 0.344350
0.176901 0.082867 0.344407
0.176992 0.083093 0.344570
0.177097 0.083292 0.344627
0.177189 0.083519 0.344789
0.177269 0.083774 0.345057
0.177362 0.084001 0.345220
0.177443 0.084258 0.345488
0.177525 0.084515 0.345757
0.177607 0.084774 0.346025
0.177679 0.085062 0.346400
0.177750 0.085351 0.346775
0.177823 0.085642 0.347150
0.177907 0.085904 0.347420
0.177981 0.086197 0.347796
0.178067 0.086461 0.348066
0.178142 0.086757 0.348443
0.164450 0.062089 0.343094
0.164708 0.062274 0.342565
0.164866 0.062474 0.342428
0.165000 0.062677 0.342390
0.165133 0.062880 0.342351
0.165314 0.063073 0.342115
0.165446 0.063274 0.342076
0.165603 0.063470 0.341938
0.165782 0.063659 0.341701
0.165937 0.063853 0.341563
0.166116 0.064040 0.341325
0.166293 0.064226 0.341087
0.166447 0.064416 0.340948
0.166600 0.064606 0.340808
0.166729 0.064802 0.340768
0.166882 0.064990 0.340628
0.167034 0.065178 0.340487
0.167162 0.065372 0.340446
0.167313 0.065558 0.340305
0.167441 0.065751 0.340264
0.167569 0.065944 0.340222
0.167696 0.066136 0.340180
0.167846 0.066319 0.340039
0.167973 0.066510 0.339997
0.168099 0.066701 0.339954
0.168226 0.066891 0.339912
0.168374 0.067071 0.339770
0.168522 0.067251 0.339627
0.168669 0.067429 0.339484
0.168815 0.067607 0.339341
0.168940 0.067794 0.339298
0.169086 0.067970 0.339154
0.169232 0.068145 0.339011
0.169376 0.068319 0.338866
0.169500 0.068504 0.338823
0.169603 0.068700 0.338879
0.169705 0.068896 0.338935
0.169828 0.069080 0.338891
0.169951 0.069263 0.338847
0.170074 0.069446 0.338802
0.170176 0.069641 0.338858
0.170299 0.069824 0.338814
0.170421 0.070006 0.338769
0.170543 0.070187 0.338724
0.170644 0.070382 0.338780
0.170746 0.070576 0.338836
0.170868 0.070757 0.338791
0.170970 0.070951 0.338847
0.171071 0.071145 0.338903
0.171173 0.071340 0.338959
0.171275 0.071534 0.339015
0.171358 0.071743 0.339172
0.171460 0.071938 0.339228
0.171543 0.072148 0.339385
0.171645 0.072343 0.339441
0.171728 0.072553 0.339599
0.171812 0.072764 0.339757
0.171896 0.072976 0.339915
0.171980 0.073188 0.340073
0.172083 0.073384 0.340129
0.172167 0.073596 0.340288
0.172252 0.073809 0.340446
0.172355 0.074005 0.340502
0.172457 0.074201 0.340559
0.172543 0.074415 0.340718
0.172645 0.074612 0.340774
0.172731 0.074826 0.340933
0.172834 0.075023 0.340989
0.172937 0.075219 0.341046
0.173040 0.075416 0.341103
0.173143 0.075612 0.341159
0.173246 0.075809 0.341216
0.173349 0.076005 0.341272
0.173451 0.076202 0.341329
0.173554 0.076398 0.341385
0.173657 0.076595 0.341442
0.173760 0.076791 0.341498
0.173863 0.076988 0.341555
0.173966 0.077184 0.341611
0.174069 0.077381 0.341668
0.174172 0.077577 0.341724
0.174275 0.077774 0.341781
0.174393 0.077948 0.341734
0.174496 0.078145 0.341791
0.174599 0.078341 0.341847
0.174702 0.078537 0.341904
0.174819 0.078711 0.341856
0.174922 0.078907 0.341913
0.175010 0.079126 0.342073
0.175113 0.079322 0.342129
0.175216 0.079519 0.342186
0.175304 0.079739 0.342346
0.175407 0.079935 0.342403
0.175496 0.080156 0.342564
0.175585 0.080377 0.342724
0.175674 0.080599 0.342885
0.175764 0.080821 0.343046
0.175853 0.081043 0.343207
0.175943 0.081266 0.343368
0.176033 0.081490 0.343530
0.176124 0.081713 0.343691
0.176228 0.081912 0.343748
0.176318 0.082136 0.343910
0.176422 0.082334 0.343967
0.176513 0.082560 0.344129
0.176618 0.082758 0.344186
0.176709 0.082984 0.344348
0.176813 0.083183 0.344406
0.176905 0.083409 0.344568
0.176997 0.083636 0.344730
0.177089 0.083863 0.344893
0.177170 0.084119 0.345160
0.177250 0.084376 0.345429
0.177332 0.084634 0.345697
0.177413 0.084892 0.345965
0.177496 0.085152 0.346234
0.177567 0.085441 0.346609
0.177639 0.085732 0.346984
0.177711 0.086024 0.347359
0.177796 0.086288 0.347629
0.177880 0.086552 0.347900
0.177966 0.086817 0.348170
0.161725 0.060913 0.349254
0.161842 0.061137 0.349319
0.162561 0.061527 0.347588
0.162677 0.061747 0.347651
0.164348 0.062197 0.342639
0.164557 0.062389 0.342307
0.164666 0.062596 0.342367
0.164800 0.062800 0.342328
0.164933 0.063002 0.342289
0.165090 0.063200 0.342152
0.165247 0.063396 0.342015
0.165404 0.063592 0.341877
0.165560 0.063786 0.341739
0.165716 0.063980 0.341601
0.165871 0.064173 0.341462
0.166050 0.064359 0.341224
0.166204 0.064549 0.341085
0.166358 0.064740 0.340946
0.166511 0.064929 0.340806
0.166687 0.065110 0.340568
0.166839 0.065297 0.340427
0.166968 0.065491 0.340386
0.167119 0.065677 0.340246
0.167248 0.065870 0.340204
0.167398 0.066054 0.340063
0.167526 0.066246 0.340021
0.167653 0.066437 0.339979
0.167780 0.066628 0.339937
0.167930 0.066809 0.339796
0.168056 0.066999 0.339753
0.168204 0.067179 0.339611
0.168330 0.067368 0.339568
0.168478 0.067546 0.339425
0.168625 0.067723 0.339282
0.168750 0.067910 0.339239
0.168896 0.068086 0.339096
0.169021 0.068272 0.339052
0.169166 0.068446 0.338909
0.169290 0.068631 0.338865
0.169414 0.068816 0.338821
0.169517 0.069011 0.338877
0.169640 0.069195 0.338833
0.169763 0.069378 0.338789
0.169865 0.069574 0.338845
0.169988 0.069757 0.338800
0.170111 0.069939 0.338756
0.170213 0.070134 0.338812
0.170335 0.070315 0.338767
0.170437 0.070510 0.338823
0.170559 0.070691 0.338778
0.170661 0.070885 0.338834
0.170763 0.071080 0.338890
0.170865 0.071275 0.338946
0.170967 0.071469 0.339002
0.171068 0.071664 0.339058
0.171170 0.071858 0.339114
0.171253 0.072068 0.339272
0.171355 0.072263 0.339328
0.171438 0.072473 0.339485
0.171522 0.072684 0.339643
0.171624 0.072880 0.339699
0.171708 0.073091 0.339857
0.171792 0.073303 0.340015
0.171876 0.073516 0.340173
0.171979 0.073712 0.340230
0.172063 0.073925 0.340388
0.172166 0.074121 0.340444
0.172269 0.074317 0.340501
0.172354 0.074531 0.340659
0.172456 0.074727 0.340716
0.172559 0.074924 0.340772
0.172645 0.075139 0.340931
0.172748 0.075335 0.340988
0.172851 0.075532 0.341044
0.172953 0.075728 0.341101
0.173056 0.075925 0.341157
0.173159 0.076121 0.341214
0.173262 0.076318 0.341270
0.173365 0.076514 0.341327
0.173468 0.076711 0.341383
0.173571 0.076907 0.341440
0.173690 0.077083 0.341394
0.173793 0.077279 0.341450
0.173896 0.077475 0.341506
0.174014 0.077650 0.341460
0.174117 0.077846 0.341516
0.174220 0.078042 0.341573
0.174323 0.078238 0.341629
0.174425 0.078434 0.341685
0.174528 0.078630 0.341742
0.174631 0.078827 0.341798
0.174733 0.079023 0.341855
0.174836 0.079219 0.341911
0.174939 0.079415 0.341967
0.175041 0.079611 0.342024
0.175130 0.079831 0.342184
0.175218 0.080051 0.342345
0.175306 0.080272 0.342505
0.175409 0.080469 0.342562
0.175498 0.080690 0.342722
0.175588 0.080912 0.342883
0.175677 0.081135 0.343044
0.175767 0.081357 0.343205
0.175856 0.081581 0.343367
0.175946 0.081804 0.343528
0.176037 0.082029 0.343690
0.176141 0.082227 0.343747
0.176231 0.082452 0.343908
0.176335 0.082650 0.343965
0.176426 0.082875 0.344127
0.176530 0.083074 0.344184
0.176622 0.083300 0.344346
0.176726 0.083499 0.344404
0.176817 0.083726 0.344566
0.176897 0.083981 0.344833
0.176989 0.084209 0.344996
0.177070 0.084466 0.345264
0.177150 0.084724 0.345532
0.177231 0.084982 0.345800
0.177301 0.085271 0.346174
0.177384 0.085531 0.346443
0.177455 0.085822 0.346818
0.177538 0.086085 0.347088
0.177622 0.086348 0.347357
0.177695 0.086642 0.347733
0.177791 0.086877 0.347898
0.161586 0.061038 0.348895
0.161704 0.061261 0.348959
0.162349 0.061657 0.347523
0.162464 0.061877 0.347586
0.164147 0.062320 0.342578
0.164357 0.062511 0.342245
0.164466 0.062719 0.342305
0.164600 0.062922 0.342266
0.164733 0.063125 0.342228
0.164891 0.063322 0.342091
0.165024 0.063523 0.342052
0.165181 0.063719 0.341914
0.165338 0.063914 0.341776
0.165494 0.064107 0.341638
0.165650 0.064300 0.341500
0.165829 0.064486 0.341263
0.165984 0.064676 0.341124
0.166162 0.064859 0.340886
0.166316 0.065048 0.340746
0.166469 0.065236 0.340607
0.166622 0.065424 0.340467
0.166774 0.065610 0.340326
0.166926 0.065795 0.340186
0.167077 0.065980 0.340045
0.167205 0.066172 0.340004
0.167356 0.066355 0.339862
0.167483 0.066546 0.339821
0.167611 0.066737 0.339779
0.167738 0.066927 0.339736
0.167887 0.067107 0.339594
0.168013 0.067296 0.339552
0.168161 0.067475 0.339409
0.168287 0.067663 0.339367
0.168435 0.067840 0.339224
0.168560 0.068027 0.339181
0.168707 0.068202 0.339037
0.168831 0.068388 0.338994
0.168956 0.068573 0.338950
0.169102 0.068747 0.338807
0.169204 0.068943 0.338863
0.169307 0.069139 0.338919
0.169431 0.069323 0.338875
0.169554 0.069506 0.338831
0.169677 0.069689 0.338787
0.169800 0.069872 0.338743
0.169902 0.070067 0.338799
0.170025 0.070249 0.338754
0.170127 0.070444 0.338810
0.170250 0.070625 0.338766
0.170352 0.070820 0.338822
0.170454 0.071014 0.338878
0.170556 0.071209 0.338934
0.170658 0.071404 0.338990
0.170760 0.071599 0.339046
0.170862 0.071793 0.339102
0.170964 0.071988 0.339158
0.171066 0.072183 0.339214
0.171148 0.072393 0.339371
0.171232 0.072604 0.339529
0.171334 0.072800 0.339585
0.171417 0.073011 0.339743
0.171501 0.073223 0.339901
0.171603 0.073419 0.339957
0.171687 0.073631 0.340115
0.171790 0.073827 0.340171
0.171874 0.074041 0.340330
0.171977 0.074237 0.340386
0.172062 0.074451 0.340545
0.172165 0.074647 0.340601
0.172267 0.074843 0.340658
0.172370 0.075039 0.340714
0.172473 0.075236 0.340770
0.172558 0.075451 0.340929
0.172661 0.075648 0.340986
0.172764 0.075844 0.341042
0.172884 0.076021 0.340996
0.172987 0.076217 0.341053
0.173090 0.076413 0.341109
0.173193 0.076610 0.341166
0.173295 0.076806 0.341222
0.173398 0.077002 0.341279
0.173501 0.077199 0.341335
0.173620 0.077374 0.341289
0.173723 0.077570 0.341345
0.173826 0.077766 0.341402
0.173928 0.077962 0.341458
0.174031 0.078158 0.341514
0.174134 0.078354 0.341571
0.174236 0.078550 0.341627
0.174355 0.078723 0.341580
0.174457 0.078919 0.341637
0.174560 0.079115 0.341693
0.174662 0.079311 0.341749
0.174750 0.079530 0.341909
0.174853 0.079726 0.341966
0.174940 0.079947 0.342126
0.175043 0.080143 0.342182
0.175132 0.080364 0.342343
0.175220 0.080585 0.342503
0.175309 0.080806 0.342664
0.175398 0.081029 0.342825
0.175487 0.081251 0.342986
0.175576 0.081474 0.343147
0.175666 0.081697 0.343308
0.175769 0.081895 0.343365
0.175859 0.082119 0.343526
0.175950 0.082344 0.343688
0.176054 0.082542 0.343745
0.176144 0.082767 0.343906
0.176248 0.082966 0.343964
0.176339 0.083191 0.344125
0.176430 0.083418 0.344287
0.176534 0.083617 0.344345
0.176626 0.083843 0.344507
0.176705 0.084099 0.344774
0.176797 0.084327 0.344937
0.176877 0.084584 0.345204
0.176957 0.084842 0.345472
0.177038 0.085101 0.345741
0.177119 0.085360 0.346009
0.177189 0.085650 0.346383
0.177271 0.085912 0.346652
0.177354 0.086175 0.346922
0.177437 0.086438 0.347191
0.177521 0.086702 0.347461
0.161540 0.061388 0.348697
0.162189 0.061780 0.347262
0.162304 0.062000 0.347325
0.163972 0.062439 0.342418
0.164157 0.062634 0.342183
0.164291 0.062837 0.342145
0.164400 0.063045 0.342205
0.164533 0.063247 0.342166
0.164692 0.063444 0.342029
0.164825 0.063645 0.341990
0.164958 0.063846 0.341951
0.165115 0.064041 0.341814
0.165272 0.064235 0.341676
0.165428 0.064427 0.341538
0.165608 0.064613 0.341301
0.165763 0.064804 0.341162
0.165942 0.064986 0.340924
0.166120 0.065168 0.340686
0.166274 0.065356 0.340546
0.166451 0.065535 0.340308
0.166580 0.065729 0.340267
0.166756 0.065906 0.340027
0.166907 0.066090 0.339886
0.167035 0.066282 0.339845
0.167163 0.066473 0.339803
0.167314 0.066655 0.339662
0.167441 0.066845 0.339620
0.167568 0.067035 0.339578
0.167695 0.067224 0.339535
0.167844 0.067403 0.339393
0.167970 0.067592 0.339351
0.168097 0.067779 0.339308
0.168244 0.067956 0.339165
0.168370 0.068143 0.339122
0.168495 0.068329 0.339079
0.168642 0.068504 0.338936
0.168767 0.068689 0.338892
0.168891 0.068874 0.338848
0.169015 0.069059 0.338805
0.169118 0.069255 0.338861
0.169242 0.069438 0.338817
0.169345 0.069634 0.338874
0.169468 0.069817 0.338829
0.169591 0.070000 0.338785
0.169715 0.070182 0.338741
0.169817 0.070377 0.338797
0.169939 0.070559 0.338752
0.170042 0.070754 0.338808
0.170144 0.070949 0.338865
0.170246 0.071144 0.338921
0.170348 0.071339 0.338977
0.170450 0.071534 0.339033
0.170552 0.071729 0.339089
0.170654 0.071924 0.339145
0.170756 0.072118 0.339201
0.170859 0.072313 0.339257
0.170941 0.072524 0.339415
0.171044 0.072719 0.339471
0.171127 0.072931 0.339629
0.171210 0.073143 0.339786
0.171313 0.073338 0.339843
0.171396 0.073551 0.340001
0.171499 0.073747 0.340057
0.171601 0.073943 0.340113
0.171686 0.074156 0.340271
0.171788 0.074352 0.340328
0.171891 0.074548 0.340384
0.171976 0.074763 0.340543
0.172078 0.074959 0.340599
0.172181 0.075155 0.340656
0.172284 0.075352 0.340712
0.172387 0.075548 0.340769
0.172490 0.075744 0.340825
0.172592 0.075940 0.340882
0.172695 0.076137 0.340938
0.172798 0.076333 0.340995
0.172918 0.076509 0.340948
0.173021 0.076705 0.341005
0.173123 0.076901 0.341061
0.173226 0.077097 0.341118
0.173329 0.077293 0.341174
0.173431 0.077489 0.341231
0.173534 0.077685 0.341287
0.173637 0.077881 0.341343
0.173739 0.078078 0.341400
0.173842 0.078274 0.341456
0.173961 0.078447 0.341409
0.174063 0.078643 0.341466
0.174166 0.078839 0.341522
0.174269 0.079035 0.341578
0.174371 0.079231 0.341635
0.174474 0.079426 0.341691
0.174561 0.079646 0.341851
0.174664 0.079842 0.341907
0.174766 0.080038 0.341964
0.174854 0.080259 0.342124
0.174942 0.080480 0.342284
0.175031 0.080701 0.342445
0.175119 0.080923 0.342606
0.175222 0.081120 0.342662
0.175311 0.081342 0.342823
0.175400 0.081565 0.342984
0.175489 0.081788 0.343145
0.175579 0.082012 0.343306
0.175683 0.082210 0.343363
0.175772 0.082434 0.343524
0.175863 0.082659 0.343686
0.175966 0.082857 0.343743
0.176057 0.083083 0.343905
0.176161 0.083281 0.343962
0.176238 0.083535 0.344228
0.176343 0.083734 0.344286
0.176434 0.083961 0.344448
0.176513 0.084217 0.344715
0.176604 0.084445 0.344877
0.176684 0.084702 0.345145
0.176764 0.084960 0.345413
0.176844 0.085219 0.345681
0.176925 0.085479 0.345949
0.177006 0.085740 0.346218
0.177088 0.086002 0.346487
0.177170 0.086264 0.346756
0.177253 0.086528 0.347025
0.177336 0.086792 0.347295
0.161351 0.061516 0.348533
0.161977 0.061910 0.347196
0.162092 0.062130 0.347260
0.163771 0.062562 0.342356
0.163957 0.062756 0.342122
0.164091 0.062960 0.342083
0.164225 0.063162 0.342045
0.164334 0.063370 0.342105
0.164492 0.063566 0.341968
0.164626 0.063767 0.341929
0.164759 0.063968 0.341890
0.164917 0.064163 0.341753
0.165074 0.064356 0.341615
0.165230 0.064549 0.341477
0.165411 0.064733 0.341240
0.165567 0.064924 0.341101
0.165746 0.065106 0.340864
0.165925 0.065288 0.340626
0.166079 0.065475 0.340486
0.166256 0.065654 0.340248
0.166409 0.065839 0.340108
0.166562 0.066024 0.339967
0.166714 0.066208 0.339827
0.166866 0.066391 0.339686
0.166994 0.066582 0.339644
0.167145 0.066763 0.339503
0.167272 0.066953 0.339461
0.167399 0.067143 0.339419
0.167526 0.067332 0.339377
0.167653 0.067520 0.339334
0.167780 0.067709 0.339292
0.167906 0.067896 0.339249
0.168032 0.068084 0.339206
0.168158 0.068270 0.339163
0.168305 0.068446 0.339020
0.168431 0.068631 0.338977
0.168556 0.068817 0.338934
0.168680 0.069002 0.338890
0.168805 0.069186 0.338847
0.168908 0.069382 0.338903
0.169032 0.069566 0.338859
0.169156 0.069750 0.338815
0.169259 0.069945 0.338872
0.169382 0.070128 0.338828
0.169506 0.070310 0.338783
0.169608 0.070506 0.338840
0.169731 0.070687 0.338795
0.169833 0.070883 0.338851
0.169935 0.071078 0.338907
0.170058 0.071259 0.338863
0.170160 0.071454 0.338919
0.170262 0.071649 0.338975
0.170364 0.071844 0.339031
0.170447 0.072054 0.339188
0.170549 0.072249 0.339244
0.170651 0.072444 0.339301
0.170753 0.072639 0.339357
0.170836 0.072851 0.339514
0.170939 0.073046 0.339571
0.171022 0.073258 0.339728
0.171124 0.073454 0.339785
0.171208 0.073667 0.339942
0.171310 0.073862 0.339999
0.171394 0.074076 0.340157
0.171497 0.074272 0.340213
0.171599 0.074468 0.340270
0.171702 0.074664 0.340326
0.171805 0.074860 0.340383
0.171907 0.075056 0.340439
0.171992 0.075271 0.340597
0.172095 0.075467 0.340654
0.172198 0.075664 0.340710
0.172318 0.075840 0.340665
0.172421 0.076036 0.340721
0.172524 0.076233 0.340777
0.172626 0.076429 0.340834
0.172729 0.076625 0.340890
0.172832 0.076821 0.340947
0.172934 0.077017 0.341003
0.173037 0.077213 0.341059
0.173157 0.077388 0.341013
0.173259 0.077584 0.341069
0.173362 0.077779 0.341126
0.173464 0.077975 0.341182
0.173551 0.078193 0.341342
0.173670 0.078367 0.341295
0.173772 0.078563 0.341351
0.173875 0.078759 0.341408
0.173977 0.078954 0.341464
0.174064 0.079173 0.341624
0.174167 0.079370 0.341680
0.174270 0.079566 0.341736
0.174372 0.079762 0.341793
0.174475 0.079958 0.341849
0.174578 0.080154 0.341906
0.174665 0.080374 0.342066
0.174753 0.080595 0.342226
0.174841 0.080817 0.342387
0.174944 0.081014 0.342443
0.175033 0.081236 0.342604
0.175121 0.081458 0.342764
0.175210 0.081681 0.342925
0.175299 0.081905 0.343086
0.175403 0.082102 0.343143
0.175492 0.082326 0.343304
0.175582 0.082551 0.343466
0.175672 0.082776 0.343627
0.175775 0.082974 0.343684
0.175866 0.083200 0.343846
0.175970 0.083398 0.343903
0.176060 0.083624 0.344065
0.176151 0.083851 0.344227
0.176242 0.084078 0.344389
0.176320 0.084334 0.344656
0.176412 0.084563 0.344818
0.176491 0.084820 0.345086
0.176571 0.085079 0.345353
0.176650 0.085338 0.345621
0.176731 0.085598 0.345890
0.176824 0.085829 0.346053
0.176893 0.086121 0.346427
0.176987 0.086354 0.346590
0.177081 0.086587 0.346754
0.177164 0.086851 0.347024
0.161243 0.061635 0.348077
0.161386 0.061854 0.348044
0.161765 0.062040 0.347131
0.162378 0.062186 0.345338
0.162491 0.062402 0.345400
0.163570 0.062685 0.342294
0.163756 0.062879 0.342060
0.163891 0.063082 0.342022
0.164025 0.063284 0.341983
0.164134 0.063492 0.342043
0.164293 0.063688 0.341906
0.164452 0.063884 0.341769
0.164585 0.064084 0.341730
0.164743 0.064278 0.341593
0.164900 0.064471 0.341455
0.165082 0.064656 0.341219
0.165239 0.064847 0.341081
0.165395 0.065037 0.340942
0.165575 0.065219 0.340705
0.165730 0.065407 0.340566
0.165908 0.065587 0.340328
0.166062 0.065773 0.340188
0.166216 0.065958 0.340048
0.166369 0.066143 0.339908
0.166521 0.066326 0.339767
0.166673 0.066509 0.339627
0.166801 0.066700 0.339585
0.166953 0.066881 0.339444
0.167080 0.067071 0.339402
0.167208 0.067260 0.339360
0.167335 0.067449 0.339318
0.167462 0.067637 0.339275
0.167589 0.067825 0.339233
0.167715 0.068013 0.339190
0.167841 0.068200 0.339148
0.167967 0.068387 0.339105
0.168093 0.068573 0.339062
0.168241 0.068748 0.338919
0.168366 0.068933 0.338875
0.168491 0.069118 0.338832
0.168594 0.069314 0.338889
0.168697 0.069511 0.338945
0.168843 0.069682 0.338801
0.168946 0.069878 0.338858
0.169070 0.070061 0.338814
0.169173 0.070257 0.338870
0.169296 0.070439 0.338826
0.169399 0.070635 0.338882
0.169522 0.070817 0.338838
0.169624 0.071012 0.338894
0.169748 0.071193 0.338850
0.169850 0.071388 0.338906
0.169952 0.071583 0.338962
0.170054 0.071779 0.339018
0.170156 0.071974 0.339074
0.170259 0.072169 0.339130
0.170341 0.072380 0.339288
0.170443 0.072575 0.339344
0.170546 0.072771 0.339400
0.170628 0.072982 0.339558
0.170731 0.073178 0.339614
0.170833 0.073374 0.339670
0.170916 0.073586 0.339828
0.171019 0.073782 0.339884
0.171122 0.073978 0.339941
0.171205 0.074191 0.340099
0.171308 0.074388 0.340155
0.171411 0.074584 0.340211
0.171513 0.074780 0.340268
0.171616 0.074976 0.340324
0.171719 0.075172 0.340381
0.171821 0.075368 0.340437
0.171924 0.075564 0.340494
0.172027 0.075760 0.340550
0.172129 0.075956 0.340606
0.172232 0.076152 0.340663
0.172335 0.076348 0.340719
0.172455 0.076524 0.340673
0.172558 0.076720 0.340730
0.172660 0.076916 0.340786
0.172763 0.077111 0.340842
0.172865 0.077307 0.340899
0.172968 0.077503 0.340955
0.173071 0.077699 0.341011
0.173173 0.077895 0.341068
0.173276 0.078091 0.341124
0.173378 0.078287 0.341180
0.173481 0.078482 0.341237
0.173584 0.078678 0.341293
0.173670 0.078897 0.341453
0.173773 0.079093 0.341509
0.173875 0.079289 0.341565
0.173978 0.079485 0.341622
0.174081 0.079681 0.341678
0.174183 0.079877 0.341735
0.174286 0.080073 0.341791
0.174373 0.080294 0.341951
0.174476 0.080490 0.342008
0.174564 0.080711 0.342168
0.174652 0.080933 0.342328
0.174755 0.081130 0.342385
0.174843 0.081352 0.342545
0.174931 0.081575 0.342706
0.175020 0.081798 0.342867
0.175123 0.081995 0.342924
0.175212 0.082219 0.343085
0.175302 0.082443 0.343246
0.175405 0.082641 0.343303
0.175495 0.082866 0.343464
0.175585 0.083091 0.343625
0.175675 0.083317 0.343787
0.175779 0.083515 0.343844
0.175869 0.083742 0.344006
0.175960 0.083968 0.344168
0.176037 0.084224 0.344434
0.176128 0.084452 0.344596
0.176206 0.084709 0.344864
0.176298 0.084938 0.345026
0.176377 0.085197 0.345294
0.176457 0.085457 0.345562
0.176537 0.085717 0.345830
0.176630 0.085948 0.345993
0.176711 0.086210 0.346262
0.176792 0.086473 0.346530
0.176886 0.086706 0.346694
0.161082 0.061760 0.347816
0.161278 0.061971 0.347588
0.161394 0.062192 0.347651
0.162170 0.062314 0.345274
0.162283 0.062529 0.345336
0.163317 0.062817 0.342427
0.163530 0.063007 0.342096
0.163665 0.063210 0.342058
0.163800 0.063412 0.342020
0.163960 0.063609 0.341883
0.164094 0.063810 0.341845
0.164278 0.063999 0.341610
0.164412 0.064200 0.341571
0.164570 0.064393 0.341434
0.164728 0.064585 0.341296
0.164910 0.064770 0.341060
0.165067 0.064961 0.340921
0.165223 0.065150 0.340783
0.165379 0.065339 0.340644
0.165559 0.065519 0.340407
0.165713 0.065706 0.340267
0.165868 0.065892 0.340128
0.166046 0.066069 0.339889
0.166175 0.066261 0.339848
0.166328 0.066444 0.339708
0.166481 0.066627 0.339567
0.166609 0.066818 0.339526
0.166761 0.066998 0.339385
0.166889 0.067188 0.339343
0.167016 0.067377 0.339301
0.167167 0.067556 0.339159
0.167271 0.067754 0.339217
0.167398 0.067942 0.339174
0.167524 0.068130 0.339132
0.167651 0.068317 0.339089
0.167800 0.068492 0.338946
0.167903 0.068690 0.339003
0.168051 0.068864 0.338860
0.168154 0.069061 0.338917
0.168280 0.069246 0.338874
0.168405 0.069430 0.338830
0.168508 0.069627 0.338887
0.168633 0.069810 0.338843
0.168757 0.069994 0.338799
0.168860 0.070190 0.338856
0.168984 0.070372 0.338812
0.169086 0.070568 0.338868
0.169210 0.070750 0.338824
0.169313 0.070946 0.338880
0.169415 0.071141 0.338937
0.169518 0.071337 0.338993
0.169641 0.071518 0.338948
0.169743 0.071713 0.339005
0.169846 0.071909 0.339061
0.169948 0.072104 0.339117
0.170050 0.072300 0.339173
0.170133 0.072511 0.339331
0.170235 0.072707 0.339387
0.170337 0.072902 0.339443
0.170440 0.073098 0.339500
0.170542 0.073293 0.339556
0.170625 0.073506 0.339713
0.170728 0.073702 0.339770
0.170830 0.073898 0.339826
0.170914 0.074111 0.339984
0.171016 0.074307 0.340040
0.171119 0.074503 0.340097
0.171222 0.074699 0.340153
0.171324 0.074895 0.340210
0.171427 0.075091 0.340266
0.171530 0.075287 0.340323
0.171633 0.075483 0.340379
0.171735 0.075680 0.340435
0.171838 0.075876 0.340492
0.171941 0.076072 0.340548
0.172043 0.076268 0.340605
0.172164 0.076444 0.340559
0.172267 0.076639 0.340615
0.172369 0.076835 0.340671
0.172472 0.077031 0.340728
0.172574 0.077227 0.340784
0.172677 0.077423 0.340840
0.172779 0.077619 0.340897
0.172882 0.077815 0.340953
0.172985 0.078010 0.341009
0.173087 0.078206 0.341066
0.173190 0.078402 0.341122
0.173292 0.078598 0.341179
0.173395 0.078794 0.341235
0.173481 0.079013 0.341394
0.173584 0.079209 0.341451
0.173687 0.079405 0.341507
0.173789 0.079601 0.341564
0.173892 0.079797 0.341620
0.173995 0.079993 0.341676
0.174097 0.080189 0.341733
0.174184 0.080410 0.341893
0.174272 0.080631 0.342053
0.174375 0.080827 0.342109
0.174462 0.081049 0.342270
0.174565 0.081246 0.342326
0.174653 0.081468 0.342487
0.174756 0.081665 0.342543
0.174845 0.081888 0.342704
0.174933 0.082111 0.342865
0.175022 0.082335 0.343026
0.175126 0.082533 0.343083
0.175215 0.082758 0.343244
0.175304 0.082983 0.343405
0.175394 0.083208 0.343566
0.175483 0.083434 0.343728
0.175587 0.083632 0.343785
0.175664 0.083887 0.344051
0.175768 0.084086 0.344108
0.175845 0.084342 0.344375
0.175936 0.084570 0.344537
0.176014 0.084827 0.344804
0.176105 0.085056 0.344967
0.176184 0.085315 0.345234
0.176263 0.085575 0.345502
0.176343 0.085836 0.345770
0.176436 0.086067 0.345933
0.176516 0.086330 0.346201
0.176597 0.086593 0.346470
0.176690 0.086826 0.346634
0.160949 0.061880 0.347458
0.161065 0.062101 0.347522
0.161181 0.062323 0.347586
0.163116 0.062940 0.342365
0.163304 0.063134 0.342132
0.163439 0.063337 0.342094
0.163626 0.063529 0.341860
0.163786 0.063725 0.341724
0.163946 0.063921 0.341587
0.164105 0.064115 0.341450
0.164289 0.064302 0.341215
0.164448 0.064495 0.341078
0.164606 0.064686 0.340940
0.164763 0.064877 0.340802
0.164920 0.065067 0.340664
0.165077 0.065256 0.340526
0.165233 0.065444 0.340387
0.165363 0.065639 0.340347
0.165519 0.065825 0.340207
0.165698 0.066003 0.339969
0.165852 0.066187 0.339830
0.165982 0.066380 0.339789
0.166135 0.066563 0.339648
0.166288 0.066745 0.339508
0.166417 0.066935 0.339467
0.166569 0.067116 0.339326
0.166697 0.067306 0.339284
0.166825 0.067495 0.339242
0.166976 0.067673 0.339100
0.167080 0.067872 0.339158
0.167207 0.068059 0.339115
0.167357 0.068236 0.338973
0.167483 0.068423 0.338931
0.167610 0.068609 0.338888
0.167736 0.068795 0.338845
0.167862 0.068980 0.338802
0.167987 0.069165 0.338759
0.168113 0.069349 0.338715
0.168216 0.069546 0.338772
0.168319 0.069742 0.338828
0.168443 0.069926 0.338785
0.168568 0.070109 0.338741
0.168671 0.070305 0.338798
0.168774 0.070501 0.338854
0.168898 0.070684 0.338810
0.169000 0.070880 0.338866
0.169103 0.071075 0.338923
0.169227 0.071257 0.338879
0.169329 0.071453 0.338935
0.169432 0.071648 0.338991
0.169534 0.071844 0.339047
0.169637 0.072039 0.339104
0.169739 0.072235 0.339160
0.169842 0.072431 0.339216
0.169944 0.072626 0.339273
0.170047 0.072822 0.339329
0.170129 0.073034 0.339486
0.170231 0.073230 0.339543
0.170334 0.073426 0.339599
0.170437 0.073621 0.339655
0.170539 0.073817 0.339712
0.170622 0.074031 0.339869
0.170725 0.074227 0.339926
0.170828 0.074423 0.339982
0.170930 0.074619 0.340039
0.171033 0.074815 0.340095
0.171136 0.075011 0.340151
0.171238 0.075207 0.340208
0.171341 0.075403 0.340264
0.171444 0.075599 0.340321
0.171546 0.075795 0.340377
0.171649 0.075991 0.340434
0.171752 0.076187 0.340490
0.171873 0.076363 0.340444
0.171975 0.076559 0.340501
0.172078 0.076755 0.340557
0.172198 0.076930 0.340511
0.172301 0.077126 0.340567
0.172403 0.077321 0.340623
0.172506 0.077517 0.340680
0.172608 0.077713 0.340736
0.172711 0.077908 0.340792
0.172813 0.078104 0.340849
0.172899 0.078322 0.341008
0.173001 0.078518 0.341064
0.173104 0.078713 0.341120
0.173206 0.078909 0.341177
0.173292 0.079128 0.341336
0.173395 0.079324 0.341393
0.173498 0.079520 0.341449
0.173600 0.079717 0.341505
0.173703 0.079913 0.341562
0.173806 0.080109 0.341618
0.173893 0.080329 0.341778
0.173995 0.080525 0.341835
0.174082 0.080747 0.341995
0.174185 0.080943 0.342051
0.174273 0.081165 0.342211
0.174376 0.081362 0.342268
0.174479 0.081558 0.342325
0.174567 0.081781 0.342485
0.174655 0.082004 0.342646
0.174743 0.082228 0.342806
0.174832 0.082452 0.342967
0.174935 0.082650 0.343024
0.175024 0.082874 0.343185
0.175113 0.083099 0.343346
0.175203 0.083325 0.343508
0.175292 0.083551 0.343669
0.175396 0.083749 0.343726
0.175472 0.084004 0.343992
0.175563 0.084232 0.344154
0.175653 0.084459 0.344316
0.175744 0.084687 0.344478
0.175821 0.084945 0.344745
0.175899 0.085204 0.345012
0.175991 0.085434 0.345175
0.176069 0.085694 0.345442
0.176162 0.085925 0.345605
0.176241 0.086186 0.345873
0.176321 0.086449 0.346141
0.176402 0.086712 0.346410
0.176495 0.086946 0.346574
0.160763 0.062007 0.347295
0.160960 0.062217 0.347067
0.161076 0.062437 0.347130
0.162914 0.063064 0.342303
0.163077 0.063262 0.342168
0.163238 0.063460 0.342032
0.163426 0.063652 0.341799
0.163613 0.063842 0.341564
0.163799 0.064030 0.341330
0.163958 0.064224 0.341193
0.164117 0.064417 0.341056
0.164276 0.064609 0.340919
0.164459 0.064793 0.340683
0.164592 0.064990 0.340643
0.164749 0.065180 0.340505
0.164906 0.065368 0.340367
0.165062 0.065556 0.340228
0.165193 0.065750 0.340188
0.165349 0.065936 0.340049
0.165504 0.066122 0.339909
0.165658 0.066306 0.339770
0.165788 0.066498 0.339729
0.165942 0.066681 0.339589
0.166095 0.066863 0.339449
0.166224 0.067053 0.339407
0.166377 0.067234 0.339267
0.166505 0.067423 0.339225
0.166633 0.067612 0.339183
0.166785 0.067790 0.339042
0.166912 0.067978 0.338999
0.167039 0.068165 0.338957
0.167166 0.068352 0.338915
0.167293 0.068539 0.338872
0.167420 0.068725 0.338829
0.167569 0.068899 0.338687
0.167672 0.069096 0.338743
0.167798 0.069281 0.338700
0.167923 0.069465 0.338657
0.168049 0.069649 0.338614
0.168152 0.069846 0.338670
0.168254 0.070042 0.338727
0.168379 0.070225 0.338683
0.168482 0.070421 0.338739
0.168585 0.070617 0.338796
0.168709 0.070799 0.338752
0.168812 0.070995 0.338808
0.168914 0.071191 0.338865
0.169017 0.071387 0.338921
0.169120 0.071583 0.338977
0.169222 0.071778 0.339034
0.169325 0.071974 0.339090
0.169427 0.072170 0.339146
0.169530 0.072366 0.339203
0.169633 0.072562 0.339259
0.169735 0.072758 0.339315
0.169838 0.072954 0.339372
0.169940 0.073149 0.339428
0.170043 0.073345 0.339484
0.170145 0.073541 0.339541
0.170248 0.073737 0.339597
0.170331 0.073950 0.339755
0.170433 0.074146 0.339811
0.170536 0.074342 0.339868
0.170639 0.074538 0.339924
0.170741 0.074734 0.339980
0.170844 0.074931 0.340037
0.170947 0.075127 0.340093
0.171050 0.075323 0.340150
0.171152 0.075519 0.340206
0.171255 0.075715 0.340263
0.171358 0.075911 0.340319
0.171460 0.076107 0.340375
0.171582 0.076283 0.340330
0.171684 0.076479 0.340386
0.171787 0.076675 0.340442
0.171908 0.076850 0.340397
0.172010 0.077045 0.340453
0.172112 0.077241 0.340509
0.172215 0.077437 0.340565
0.172317 0.077632 0.340622
0.172420 0.077828 0.340678
0.172522 0.078024 0.340734
0.172625 0.078219 0.340791
0.172727 0.078415 0.340847
0.172813 0.078633 0.341006
0.172915 0.078829 0.341062
0.173018 0.079025 0.341119
0.173103 0.079244 0.341278
0.173206 0.079440 0.341334
0.173309 0.079636 0.341391
0.173412 0.079832 0.341447
0.173514 0.080028 0.341504
0.173601 0.080249 0.341663
0.173703 0.080445 0.341720
0.173790 0.080666 0.341880
0.173893 0.080863 0.341936
0.173996 0.081059 0.341993
0.174083 0.081281 0.342153
0.174186 0.081478 0.342210
0.174289 0.081674 0.342266
0.174377 0.081897 0.342427
0.174465 0.082121 0.342587
0.174553 0.082344 0.342748
0.174656 0.082542 0.342805
0.174745 0.082766 0.342965
0.174834 0.082991 0.343126
0.174923 0.083216 0.343287
0.175012 0.083442 0.343449
0.175101 0.083668 0.343610
0.175191 0.083895 0.343772
0.175281 0.084122 0.343933
0.175371 0.084349 0.344095
0.175461 0.084577 0.344257
0.175538 0.084834 0.344523
0.175629 0.085063 0.344685
0.175720 0.085293 0.344848
0.175798 0.085552 0.345115
0.175889 0.085783 0.345278
0.175968 0.086044 0.345545
0.176047 0.086305 0.345813
0.176126 0.086568 0.346081
0.176206 0.086832 0.346350
0.160775 0.062343 0.346904
0.160891 0.062563 0.346967
0.161848 0.062879 0.344461
0.162282 0.063036 0.343352
0.162393 0.063247 0.343413
0.162876 0.063385 0.342106
0.163064 0.063577 0.341873
0.163279 0.063763 0.341541
0.163466 0.063952 0.341307
0.163652 0.064140 0.341073
0.163812 0.064333 0.340936
0.163945 0.064532 0.340897
0.164130 0.064716 0.340662
0.164314 0.064900 0.340426
0.164446 0.065096 0.340386
0.164604 0.065285 0.340248
0.164736 0.065480 0.340208
0.164892 0.065667 0.340070
0.165023 0.065862 0.340029
0.165179 0.066047 0.339890
0.165310 0.066240 0.339850
0.165465 0.066424 0.339710
0.165595 0.066617 0.339669
0.165749 0.066799 0.339529
0.165903 0.066981 0.339389
0.166032 0.067171 0.339348
0.166185 0.067351 0.339207
0.166313 0.067540 0.339166
0.166442 0.067729 0.339124
0.166593 0.067907 0.338983
0.166721 0.068095 0.338941
0.166849 0.068282 0.338898
0.166976 0.068469 0.338856
0.167126 0.068644 0.338714
0.167253 0.068830 0.338671
0.167379 0.069015 0.338628
0.167505 0.069200 0.338585
0.167631 0.069385 0.338542
0.167734 0.069581 0.338599
0.167860 0.069765 0.338555
0.167963 0.069961 0.338612
0.168088 0.070145 0.338568
0.168191 0.070341 0.338625
0.168293 0.070537 0.338681
0.168418 0.070719 0.338637
0.168521 0.070915 0.338694
0.168623 0.071111 0.338750
0.168726 0.071306 0.338806
0.168828 0.071502 0.338863
0.168931 0.071698 0.338919
0.169034 0.071894 0.338976
0.169136 0.072090 0.339032
0.169239 0.072286 0.339088
0.169341 0.072482 0.339145
0.169444 0.072677 0.339201
0.169546 0.072873 0.339257
0.169649 0.073069 0.339314
0.169752 0.073265 0.339370
0.169854 0.073461 0.339426
0.169957 0.073657 0.339483
0.170039 0.073870 0.339640
0.170142 0.074066 0.339697
0.170245 0.074262 0.339753
0.170347 0.074458 0.339809
0.170450 0.074654 0.339866
0.170553 0.074850 0.339922
0.170655 0.075046 0.339979
0.170758 0.075242 0.340035
0.170861 0.075438 0.340091
0.170963 0.075634 0.340148
0.171066 0.075830 0.340204
0.171169 0.076026 0.340261
0.171271 0.076223 0.340317
0.171393 0.076398 0.340272
0.171496 0.076594 0.340328
0.171598 0.076790 0.340384
0.171719 0.076965 0.340338
0.171822 0.077161 0.340395
0.171924 0.077357 0.340451
0.172027 0.077552 0.340507
0.172129 0.077748 0.340564
0.172232 0.077943 0.340620
0.172334 0.078139 0.340676
0.172436 0.078335 0.340733
0.172539 0.078530 0.340789
0.172624 0.078749 0.340948
0.172727 0.078945 0.341004
0.172812 0.079164 0.341163
0.172915 0.079360 0.341220
0.173017 0.079556 0.341276
0.173120 0.079752 0.341333
0.173223 0.079948 0.341389
0.173325 0.080144 0.341445
0.173412 0.080364 0.341605
0.173514 0.080561 0.341662
0.173601 0.080782 0.341821
0.173704 0.080978 0.341878
0.173807 0.081175 0.341935
0.173894 0.081397 0.342095
0.173997 0.081594 0.342151
0.174084 0.081817 0.342311
0.174187 0.082013 0.342368
0.174275 0.082237 0.342529
0.174363 0.082461 0.342689
0.174466 0.082658 0.342746
0.174555 0.082883 0.342907
0.174643 0.083108 0.343068
0.174732 0.083333 0.343229
0.174821 0.083559 0.343390
0.174910 0.083785 0.343551
0.174999 0.084012 0.343713
0.175089 0.084239 0.343874
0.175179 0.084466 0.344036
0.175269 0.084694 0.344198
0.175359 0.084923 0.344359
0.175436 0.085181 0.344626
0.175527 0.085411 0.344788
0.175618 0.085641 0.344951
0.175696 0.085901 0.345218
0.175787 0.086132 0.345381
0.175853 0.086424 0.345753
0.175932 0.086687 0.346021
0.176011 0.086951 0.346290
0.160563 0.062472 0.346839
0.160679 0.062693 0.346902
0.161642 0.063005 0.344398
0.162078 0.063160 0.343289
0.162512 0.063310 0.342179
0.162702 0.063503 0.341947
0.162864 0.063700 0.341811
0.163106 0.063879 0.341382
0.163294 0.064068 0.341148
0.163454 0.064261 0.341012
0.163667 0.064441 0.340679
0.163826 0.064632 0.340542
0.163959 0.064830 0.340503
0.164144 0.065013 0.340267
0.164276 0.065209 0.340227
0.164434 0.065397 0.340089
0.164566 0.065592 0.340050
0.164723 0.065779 0.339911
0.164854 0.065973 0.339871
0.164985 0.066166 0.339830
0.165116 0.066359 0.339790
0.165271 0.066543 0.339651
0.165401 0.066735 0.339610
0.165556 0.066917 0.339470
0.165710 0.067099 0.339330
0.165839 0.067289 0.339289
0.165993 0.067469 0.339148
0.166122 0.067658 0.339107
0.166274 0.067836 0.338966
0.166402 0.068024 0.338924
0.166530 0.068212 0.338882
0.166682 0.068388 0.338740
0.166809 0.068575 0.338698
0.166936 0.068761 0.338655
0.167086 0.068935 0.338513
0.167213 0.069120 0.338470
0.167339 0.069304 0.338427
0.167442 0.069501 0.338484
0.167568 0.069685 0.338441
0.167694 0.069868 0.338397
0.167796 0.070064 0.338454
0.167899 0.070260 0.338510
0.168024 0.070443 0.338467
0.168127 0.070639 0.338523
0.168229 0.070834 0.338579
0.168332 0.071030 0.338636
0.168435 0.071226 0.338692
0.168537 0.071422 0.338748
0.168640 0.071618 0.338805
0.168742 0.071814 0.338861
0.168845 0.072010 0.338917
0.168948 0.072205 0.338974
0.169050 0.072401 0.339030
0.169153 0.072597 0.339086
0.169255 0.072793 0.339143
0.169337 0.073005 0.339300
0.169440 0.073201 0.339356
0.169542 0.073397 0.339413
0.169645 0.073593 0.339469
0.169748 0.073789 0.339526
0.169850 0.073985 0.339582
0.169953 0.074181 0.339638
0.170056 0.074378 0.339695
0.170158 0.074574 0.339751
0.170261 0.074770 0.339808
0.170364 0.074966 0.339864
0.170466 0.075162 0.339920
0.170569 0.075358 0.339977
0.170672 0.075554 0.340033
0.170775 0.075750 0.340090
0.170877 0.075946 0.340146
0.170980 0.076142 0.340203
0.171083 0.076338 0.340259
0.171204 0.076514 0.340213
0.171307 0.076710 0.340270
0.171410 0.076906 0.340326
0.171531 0.077081 0.340280
0.171633 0.077276 0.340337
0.171736 0.077472 0.340393
0.171838 0.077668 0.340449
0.171941 0.077863 0.340506
0.172043 0.078059 0.340562
0.172146 0.078254 0.340618
0.172248 0.078450 0.340674
0.172351 0.078646 0.340731
0.172435 0.078864 0.340890
0.172538 0.079060 0.340946
0.172623 0.079279 0.341105
0.172726 0.079475 0.341162
0.172829 0.079671 0.341218
0.172931 0.079867 0.341274
0.173034 0.080063 0.341331
0.173120 0.080284 0.341490
0.173223 0.080480 0.341547
0.173309 0.080701 0.341707
0.173412 0.080898 0.341763
0.173515 0.081094 0.341820
0.173618 0.081291 0.341876
0.173704 0.081513 0.342036
0.173807 0.081710 0.342093
0.173895 0.081933 0.342253
0.173998 0.082130 0.342310
0.174085 0.082353 0.342470
0.174173 0.082577 0.342631
0.174276 0.082775 0.342687
0.174364 0.082999 0.342848
0.174453 0.083224 0.343009
0.174541 0.083450 0.343170
0.174630 0.083676 0.343331
0.174719 0.083902 0.343492
0.174808 0.084129 0.343654
0.174898 0.084356 0.343815
0.174987 0.084584 0.343977
0.175077 0.084812 0.344138
0.175167 0.085041 0.344300
0.175243 0.085299 0.344567
0.175334 0.085529 0.344729
0.175425 0.085759 0.344891
0.175516 0.085989 0.345054
0.175594 0.086251 0.345321
0.175658 0.086543 0.345693
0.175737 0.086807 0.345961
0.175816 0.087071 0.346230
0.160268 0.062615 0.347065
0.160384 0.062836 0.347128
0.161408 0.063137 0.344431
0.161874 0.063285 0.343226
0.162311 0.063433 0.342117
0.162528 0.063620 0.341787
0.162718 0.063811 0.341554
0.162960 0.063989 0.341125
0.163148 0.064177 0.340892
0.163256 0.064382 0.340951
0.163496 0.064555 0.340520
0.163656 0.064746 0.340383
0.163815 0.064936 0.340246
0.164000 0.065118 0.340011
0.164132 0.065314 0.339971
0.164265 0.065509 0.339931
0.164396 0.065704 0.339891
0.164528 0.065898 0.339851
0.164659 0.066092 0.339811
0.164791 0.066285 0.339770
0.164922 0.066478 0.339730
0.165077 0.066662 0.339591
0.165208 0.066854 0.339550
0.165363 0.067036 0.339410
0.165493 0.067226 0.339369
0.165647 0.067407 0.339229
0.165801 0.067586 0.339089
0.165930 0.067775 0.339047
0.166083 0.067953 0.338907
0.166235 0.068131 0.338766
0.166363 0.068318 0.338724
0.166515 0.068494 0.338582
0.166643 0.068680 0.338540
0.166770 0.068865 0.338497
0.166897 0.069051 0.338455
0.167023 0.069236 0.338412
0.167150 0.069420 0.338369
0.167276 0.069604 0.338326
0.167402 0.069788 0.338283
0.167528 0.069971 0.338239
0.167631 0.070167 0.338296
0.167733 0.070362 0.338352
0.167836 0.070558 0.338408
0.167938 0.070754 0.338465
0.168063 0.070936 0.338421
0.168166 0.071132 0.338477
0.168268 0.071327 0.338534
0.168371 0.071523 0.338590
0.168473 0.071718 0.338646
0.168554 0.071929 0.338803
0.168656 0.072125 0.338859
0.168759 0.072321 0.338916
0.168862 0.072517 0.338972
0.168943 0.072729 0.339129
0.169045 0.072925 0.339185
0.169148 0.073121 0.339242
0.169251 0.073317 0.339298
0.169353 0.073513 0.339355
0.169456 0.073709 0.339411
0.169559 0.073905 0.339467
0.169661 0.074101 0.339524
0.169764 0.074297 0.339580
0.169867 0.074493 0.339637
0.169970 0.074689 0.339693
0.170072 0.074885 0.339749
0.170175 0.075081 0.339806
0.170278 0.075277 0.339862
0.170380 0.075474 0.339919
0.170483 0.075670 0.339975
0.170586 0.075866 0.340032
0.170688 0.076062 0.340088
0.170791 0.076258 0.340144
0.170894 0.076454 0.340201
0.170997 0.076650 0.340257
0.171118 0.076825 0.340212
0.171221 0.077021 0.340268
0.171342 0.077196 0.340222
0.171445 0.077392 0.340279
0.171547 0.077587 0.340335
0.171650 0.077783 0.340391
0.171752 0.077979 0.340447
0.171855 0.078174 0.340504
0.171957 0.078370 0.340560
0.172060 0.078565 0.340616
0.172162 0.078761 0.340673
0.172247 0.078980 0.340832
0.172349 0.079176 0.340888
0.172434 0.079395 0.341047
0.172537 0.079591 0.341103
0.172640 0.079787 0.341160
0.172742 0.079983 0.341216
0.172845 0.080179 0.341273
0.172931 0.080400 0.341432
0.173034 0.080596 0.341489
0.173120 0.080817 0.341648
0.173223 0.081014 0.341705
0.173325 0.081210 0.341761
0.173412 0.081432 0.341921
0.173515 0.081629 0.341978
0.173618 0.081826 0.342034
0.173705 0.082049 0.342195
0.173808 0.082246 0.342251
0.173895 0.082469 0.342412
0.173983 0.082694 0.342572
0.174086 0.082891 0.342629
0.174174 0.083116 0.342789
0.174262 0.083341 0.342950
0.174350 0.083567 0.343111
0.174439 0.083793 0.343272
0.174528 0.084019 0.343433
0.174617 0.084246 0.343595
0.174706 0.084474 0.343756
0.174795 0.084701 0.343918
0.174885 0.084930 0.344079
0.174975 0.085158 0.344241
0.175065 0.085387 0.344403
0.175156 0.085617 0.344565
0.175232 0.085877 0.344832
0.175323 0.086108 0.344994
0.175400 0.086369 0.345261
0.175464 0.086662 0.345634
0.175542 0.086926 0.345901
0.160028 0.062749 0.347096
0.160143 0.062970 0.347160
0.161174 0.063268 0.344465
0.161643 0.063415 0.343261
0.162164 0.063546 0.341860
0.162328 0.063743 0.341725
0.162518 0.063934 0.341493
0.162762 0.064111 0.341064
0.162950 0.064298 0.340830
0.163165 0.064478 0.340499
0.163326 0.064669 0.340362
0.163512 0.064853 0.340127
0.163645 0.065049 0.340088
0.163831 0.065231 0.339852
0.163937 0.065433 0.339911
0.164069 0.065628 0.339871
0.164201 0.065823 0.339831
0.164333 0.066017 0.339791
0.164465 0.066211 0.339751
0.164596 0.066404 0.339711
0.164727 0.066597 0.339670
0.164884 0.066780 0.339531
0.165014 0.066972 0.339490
0.165170 0.067154 0.339351
0.165300 0.067344 0.339310
0.165455 0.067525 0.339170
0.165609 0.067704 0.339030
0.165738 0.067893 0.338988
0.165891 0.068071 0.338848
0.166044 0.068248 0.338707
0.166197 0.068424 0.338566
0.166325 0.068610 0.338524
0.166452 0.068796 0.338481
0.166604 0.068970 0.338339
0.166731 0.069155 0.338297
0.166858 0.069339 0.338254
0.166984 0.069524 0.338211
0.167111 0.069707 0.338168
0.167213 0.069903 0.338225
0.167339 0.070086 0.338181
0.167442 0.070282 0.338238
0.167544 0.070478 0.338294
0.167670 0.070660 0.338250
0.167773 0.070856 0.338307
0.167875 0.071051 0.338363
0.167977 0.071247 0.338419
0.168080 0.071443 0.338476
0.168182 0.071638 0.338532
0.168285 0.071834 0.338588
0.168387 0.072029 0.338645
0.168468 0.072241 0.338801
0.168570 0.072436 0.338857
0.168673 0.072632 0.338914
0.168775 0.072828 0.338970
0.168856 0.073040 0.339127
0.168959 0.073236 0.339184
0.169062 0.073432 0.339240
0.169165 0.073629 0.339296
0.169267 0.073825 0.339353
0.169370 0.074021 0.339409
0.169473 0.074217 0.339466
0.169575 0.074413 0.339522
0.169678 0.074609 0.339578
0.169781 0.074805 0.339635
0.169883 0.075001 0.339691
0.169986 0.075197 0.339748
0.170089 0.075393 0.339804
0.170192 0.075589 0.339860
0.170294 0.075785 0.339917
0.170397 0.075981 0.339973
0.170500 0.076177 0.340030
0.170602 0.076373 0.340086
0.170705 0.076569 0.340143
0.170808 0.076766 0.340199
0.170930 0.076941 0.340154
0.171032 0.077137 0.340210
0.171135 0.077333 0.340266
0.171256 0.077507 0.340221
0.171359 0.077703 0.340277
0.171461 0.077898 0.340333
0.171564 0.078094 0.340389
0.171666 0.078290 0.340446
0.171769 0.078485 0.340502
0.171871 0.078681 0.340558
0.171956 0.078899 0.340717
0.172058 0.079095 0.340773
0.172161 0.079291 0.340830
0.172245 0.079510 0.340989
0.172348 0.079707 0.341045
0.172451 0.079903 0.341102
0.172554 0.080099 0.341158
0.172639 0.080319 0.341317
0.172742 0.080515 0.341374
0.172845 0.080712 0.341430
0.172930 0.080933 0.341590
0.173033 0.081130 0.341646
0.173136 0.081326 0.341703
0.173222 0.081548 0.341863
0.173326 0.081745 0.341919
0.173429 0.081942 0.341976
0.173515 0.082165 0.342136
0.173618 0.082362 0.342193
0.173705 0.082586 0.342353
0.173793 0.082810 0.342513
0.173880 0.083035 0.342674
0.173984 0.083232 0.342731
0.174072 0.083458 0.342892
0.174160 0.083683 0.343052
0.174248 0.083910 0.343213
0.174337 0.084136 0.343374
0.174425 0.084363 0.343536
0.174514 0.084591 0.343697
0.174604 0.084819 0.343858
0.174693 0.085047 0.344020
0.174783 0.085276 0.344182
0.174873 0.085505 0.344344
0.174963 0.085735 0.344506
0.175039 0.085995 0.344772
0.175130 0.086226 0.344935
0.175206 0.086488 0.345202
0.175270 0.086781 0.345574
0.175334 0.087076 0.345946
0.159815 0.062880 0.347031
0.160071 0.063077 0.346609
0.160186 0.063297 0.346672
0.160884 0.063410 0.344693
0.160997 0.063625 0.344755
0.161991 0.063663 0.341701
0.162210 0.063848 0.341371
0.162318 0.064056 0.341431
0.162833 0.064400 0.340477
0.163022 0.064585 0.340242
0.163156 0.064783 0.340204
0.163316 0.064973 0.340067
0.163449 0.065169 0.340027
0.163635 0.065350 0.339792
0.163742 0.065553 0.339850
0.163874 0.065748 0.339811
0.164007 0.065942 0.339771
0.164139 0.066136 0.339731
0.164270 0.066330 0.339691
0.164402 0.066523 0.339651
0.164533 0.066716 0.339610
0.164690 0.066899 0.339471
0.164821 0.067091 0.339431
0.164952 0.067282 0.339390
0.165107 0.067463 0.339251
0.165262 0.067642 0.339111
0.165417 0.067822 0.338971
0.165571 0.068000 0.338830
0.165725 0.068177 0.338690
0.165854 0.068364 0.338648
0.166006 0.068540 0.338507
0.166135 0.068727 0.338465
0.166287 0.068901 0.338324
0.166414 0.069086 0.338281
0.166541 0.069271 0.338238
0.166668 0.069455 0.338196
0.166795 0.069639 0.338153
0.166922 0.069823 0.338110
0.167048 0.070006 0.338067
0.167151 0.070202 0.338123
0.167277 0.070384 0.338080
0.167379 0.070580 0.338136
0.167482 0.070775 0.338192
0.167584 0.070971 0.338249
0.167687 0.071167 0.338305
0.167789 0.071362 0.338361
0.167892 0.071558 0.338418
0.167994 0.071754 0.338474
0.168096 0.071949 0.338530
0.168199 0.072145 0.338586
0.168301 0.072340 0.338643
0.168382 0.072552 0.338799
0.168484 0.072748 0.338856
0.168587 0.072944 0.338912
0.168668 0.073156 0.339069
0.168770 0.073352 0.339125
0.168873 0.073548 0.339182
0.168976 0.073744 0.339238
0.169078 0.073940 0.339295
0.169181 0.074136 0.339351
0.169284 0.074332 0.339407
0.169387 0.074528 0.339464
0.169489 0.074724 0.339520
0.169592 0.074921 0.339577
0.169695 0.075117 0.339633
0.169797 0.075313 0.339689
0.169900 0.075509 0.339746
0.169982 0.075724 0.339904
0.170085 0.075920 0.339960
0.170208 0.076097 0.339915
0.170311 0.076293 0.339972
0.170414 0.076489 0.340028
0.170516 0.076685 0.340084
0.170619 0.076881 0.340141
0.170722 0.077077 0.340197
0.170824 0.077273 0.340254
0.170946 0.077448 0.340208
0.171049 0.077644 0.340264
0.171151 0.077840 0.340321
0.171273 0.078014 0.340275
0.171375 0.078209 0.340331
0.171478 0.078405 0.340388
0.171580 0.078601 0.340444
0.171664 0.078819 0.340603
0.171767 0.079015 0.340659
0.171870 0.079211 0.340715
0.171954 0.079430 0.340874
0.172057 0.079626 0.340931
0.172159 0.079822 0.340987
0.172262 0.080018 0.341043
0.172365 0.080214 0.341100
0.172450 0.080435 0.341259
0.172553 0.080631 0.341316
0.172638 0.080853 0.341475
0.172741 0.081049 0.341532
0.172844 0.081246 0.341588
0.172947 0.081442 0.341645
0.173033 0.081664 0.341804
0.173136 0.081861 0.341861
0.173239 0.082058 0.341918
0.173326 0.082281 0.342078
0.173412 0.082505 0.342238
0.173516 0.082702 0.342294
0.173603 0.082926 0.342455
0.173690 0.083151 0.342615
0.173778 0.083376 0.342776
0.173881 0.083574 0.342833
0.173969 0.083800 0.342994
0.174057 0.084027 0.343154
0.174145 0.084253 0.343315
0.174234 0.084481 0.343477
0.174323 0.084708 0.343638
0.174412 0.084936 0.343799
0.174501 0.085165 0.343961
0.174606 0.085364 0.344018
0.174680 0.085623 0.344284
0.174770 0.085853 0.344446
0.174860 0.086083 0.344608
0.174951 0.086314 0.344770
0.175013 0.086607 0.345142
0.175075 0.086900 0.345514
0.175139 0.087196 0.345886
0.159602 0.063010 0.346965
0.159859 0.063207 0.346543
0.159974 0.063427 0.346607
0.161790 0.063786 0.341639
0.162010 0.063971 0.341310
0.162284 0.064142 0.340785
0.162392 0.064348 0.340844
0.162663 0.064515 0.340318
0.162825 0.064706 0.340182
0.162986 0.064896 0.340045
0.163147 0.065086 0.339908
0.163280 0.065282 0.339869
0.163440 0.065470 0.339732
0.163546 0.065673 0.339790
0.163679 0.065867 0.339751
0.163812 0.066062 0.339711
0.163944 0.066256 0.339671
0.164076 0.066449 0.339631
0.164208 0.066642 0.339591
0.164339 0.066835 0.339551
0.164471 0.067027 0.339510
0.164627 0.067209 0.339371
0.164784 0.067390 0.339232
0.164914 0.067581 0.339191
0.165070 0.067760 0.339051
0.165225 0.067939 0.338912
0.165380 0.068117 0.338771
0.165534 0.068294 0.338631
0.165687 0.068470 0.338490
0.165816 0.068657 0.338448
0.165969 0.068832 0.338307
0.166097 0.069017 0.338265
0.166225 0.069202 0.338223
0.166376 0.069375 0.338081
0.166503 0.069559 0.338038
0.166630 0.069742 0.337995
0.166733 0.069938 0.338052
0.166860 0.070121 0.338009
0.166962 0.070317 0.338065
0.167088 0.070500 0.338022
0.167191 0.070695 0.338078
0.167293 0.070891 0.338134
0.167396 0.071086 0.338191
0.167498 0.071282 0.338247
0.167601 0.071478 0.338303
0.167703 0.071673 0.338360
0.167806 0.071869 0.338416
0.167908 0.072065 0.338472
0.168011 0.072260 0.338528
0.168113 0.072456 0.338585
0.168193 0.072667 0.338741
0.168296 0.072863 0.338798
0.168398 0.073059 0.338854
0.168479 0.073272 0.339011
0.168582 0.073468 0.339067
0.168684 0.073664 0.339124
0.168787 0.073860 0.339180
0.168890 0.074056 0.339236
0.168992 0.074252 0.339293
0.169095 0.074448 0.339349
0.169198 0.074644 0.339406
0.169300 0.074840 0.339462
0.169382 0.075055 0.339619
0.169485 0.075251 0.339676
0.169588 0.075447 0.339732
0.169691 0.075644 0.339789
0.169793 0.075840 0.339845
0.169896 0.076036 0.339902
0.169999 0.076232 0.339958
0.170102 0.076429 0.340015
0.170205 0.076625 0.340071
0.170307 0.076821 0.340128
0.170410 0.077018 0.340184
0.170533 0.077193 0.340139
0.170635 0.077389 0.340195
0.170738 0.077585 0.340252
0.170860 0.077759 0.340206
0.170963 0.077955 0.340263
0.171065 0.078151 0.340319
0.171168 0.078347 0.340375
0.171271 0.078543 0.340432
0.171373 0.078739 0.340488
0.171476 0.078935 0.340544
0.171578 0.079130 0.340601
0.171681 0.079326 0.340657
0.171765 0.079546 0.340816
0.171868 0.079742 0.340872
0.171971 0.079938 0.340929
0.172055 0.080158 0.341088
0.172158 0.080354 0.341144
0.172261 0.080551 0.341201
0.172364 0.080747 0.341257
0.172449 0.080968 0.341417
0.172552 0.081165 0.341473
0.172655 0.081361 0.341530
0.172758 0.081558 0.341586
0.172844 0.081781 0.341746
0.172947 0.081977 0.341803
0.173033 0.082200 0.341962
0.173136 0.082397 0.342019
0.173222 0.082621 0.342179
0.173309 0.082845 0.342339
0.173413 0.083043 0.342396
0.173500 0.083268 0.342557
0.173587 0.083493 0.342717
0.173675 0.083719 0.342878
0.173762 0.083945 0.343039
0.173850 0.084172 0.343199
0.173954 0.084370 0.343257
0.174043 0.084598 0.343418
0.174131 0.084826 0.343579
0.174220 0.085054 0.343740
0.174309 0.085282 0.343902
0.174414 0.085482 0.343959
0.174488 0.085741 0.344225
0.174578 0.085971 0.344387
0.174668 0.086201 0.344549
0.174758 0.086432 0.344711
0.174819 0.086725 0.345082
0.174881 0.087019 0.345454
0.159420 0.063376 0.347254
0.162168 0.064244 0.340432
0.162359 0.064431 0.340198
0.162521 0.064622 0.340062
0.162655 0.064820 0.340024
0.162790 0.065017 0.339985
0.162951 0.065206 0.339848
0.163084 0.065402 0.339809
0.163245 0.065590 0.339672
0.163351 0.065792 0.339730
0.163484 0.065987 0.339690
0.163617 0.066181 0.339651
0.163749 0.066375 0.339611
0.163855 0.066577 0.339669
0.164013 0.066761 0.339531
0.164145 0.066954 0.339491
0.164277 0.067146 0.339450
0.164434 0.067327 0.339312
0.164591 0.067508 0.339172
0.164747 0.067689 0.339033
0.164877 0.067878 0.338992
0.165033 0.068057 0.338852
0.165188 0.068234 0.338712
0.165343 0.068411 0.338572
0.165497 0.068587 0.338432
0.165625 0.068774 0.338390
0.165779 0.068948 0.338249
0.165907 0.069133 0.338206
0.166035 0.069318 0.338164
0.166187 0.069491 0.338023
0.166314 0.069675 0.337980
0.166441 0.069858 0.337937
0.166544 0.070054 0.337993
0.166671 0.070237 0.337951
0.166774 0.070433 0.338007
0.166900 0.070615 0.337964
0.167002 0.070811 0.338020
0.167105 0.071006 0.338076
0.167207 0.071202 0.338133
0.167310 0.071397 0.338189
0.167436 0.071578 0.338145
0.167538 0.071774 0.338202
0.167640 0.071969 0.338258
0.167720 0.072180 0.338414
0.167822 0.072376 0.338470
0.167925 0.072571 0.338527
0.168027 0.072767 0.338583
0.168107 0.072979 0.338739
0.168210 0.073175 0.338796
0.168312 0.073371 0.338852
0.168393 0.073583 0.339009
0.168495 0.073779 0.339065
0.168598 0.073975 0.339122
0.168701 0.074172 0.339178
0.168782 0.074385 0.339335
0.168885 0.074582 0.339392
0.168987 0.074778 0.339448
0.169090 0.074974 0.339505
0.169193 0.075171 0.339561
0.169296 0.075367 0.339618
0.169399 0.075563 0.339674
0.169502 0.075759 0.339731
0.169604 0.075956 0.339787
0.169687 0.076172 0.339945
0.169789 0.076368 0.340001
0.169892 0.076565 0.340058
0.169995 0.076761 0.340114
0.170098 0.076958 0.340171
0.170221 0.077133 0.340126
0.170324 0.077330 0.340182
0.170427 0.077526 0.340239
0.170530 0.077722 0.340295
0.170652 0.077897 0.340250
0.170755 0.078093 0.340306
0.170857 0.078289 0.340363
0.170960 0.078485 0.340419
0.171063 0.078681 0.340476
0.171166 0.078877 0.340532
0.171268 0.079073 0.340589
0.171371 0.079269 0.340645
0.171474 0.079465 0.340701
0.171576 0.079661 0.340758
0.171679 0.079857 0.340814
0.171763 0.080078 0.340973
0.171866 0.080274 0.341030
0.171969 0.080470 0.341086
0.172072 0.080667 0.341143
0.172157 0.080888 0.341302
0.172260 0.081084 0.341358
0.172363 0.081281 0.341415
0.172466 0.081477 0.341471
0.172551 0.081700 0.341631
0.172654 0.081897 0.341688
0.172757 0.082093 0.341744
0.172843 0.082317 0.341904
0.172929 0.082540 0.342064
0.173016 0.082765 0.342224
0.173119 0.082962 0.342281
0.173206 0.083187 0.342441
0.173293 0.083412 0.342602
0.173397 0.083610 0.342658
0.173484 0.083836 0.342819
0.173571 0.084062 0.342980
0.173659 0.084289 0.343141
0.173747 0.084516 0.343302
0.173836 0.084744 0.343463
0.173940 0.084943 0.343520
0.174028 0.085171 0.343681
0.174117 0.085400 0.343843
0.174222 0.085599 0.343900
0.174296 0.085859 0.344166
0.174385 0.086089 0.344327
0.174475 0.086319 0.344489
0.174565 0.086550 0.344651
0.174625 0.086844 0.345023
0.174672 0.087170 0.345499
0.159149 0.063517 0.347382
0.162026 0.064353 0.340176
0.162217 0.064538 0.339943
0.162324 0.064743 0.340002
0.162459 0.064940 0.339963
0.162593 0.065137 0.339924
0.162727 0.065333 0.339885
0.162889 0.065522 0.339748
0.162995 0.065725 0.339807
0.163129 0.065920 0.339768
0.163262 0.066115 0.339728
0.163395 0.066309 0.339689
0.163528 0.066503 0.339649
0.163660 0.066696 0.339609
0.163793 0.066889 0.339569
0.163951 0.067073 0.339431
0.164083 0.067264 0.339391
0.164241 0.067446 0.339252
0.164398 0.067627 0.339113
0.164555 0.067806 0.338974
0.164685 0.067996 0.338933
0.164867 0.068164 0.338695
0.164996 0.068352 0.338653
0.165151 0.068528 0.338513
0.165306 0.068704 0.338373
0.165435 0.068890 0.338331
0.165589 0.069064 0.338190
0.165717 0.069250 0.338148
0.165845 0.069435 0.338106
0.165998 0.069607 0.337964
0.166125 0.069790 0.337922
0.166228 0.069987 0.337978
0.166355 0.070170 0.337935
0.166482 0.070352 0.337892
0.166585 0.070548 0.337949
0.166712 0.070730 0.337906
0.166814 0.070926 0.337962
0.166916 0.071122 0.338018
0.167019 0.071317 0.338075
0.167121 0.071513 0.338131
0.167247 0.071694 0.338087
0.167350 0.071889 0.338144
0.167452 0.072084 0.338200
0.167554 0.072280 0.338256
0.167634 0.072491 0.338412
0.167736 0.072687 0.338469
0.167839 0.072882 0.338525
0.167918 0.073094 0.338681
0.168021 0.073290 0.338738
0.168124 0.073486 0.338794
0.168204 0.073699 0.338951
0.168307 0.073895 0.339007
0.168409 0.074091 0.339064
0.168512 0.074287 0.339120
0.168593 0.074501 0.339277
0.168696 0.074697 0.339334
0.168798 0.074894 0.339390
0.168901 0.075090 0.339446
0.169004 0.075286 0.339503
0.169107 0.075483 0.339559
0.169189 0.075698 0.339717
0.169291 0.075895 0.339773
0.169394 0.076091 0.339830
0.169497 0.076288 0.339887
0.169600 0.076484 0.339943
0.169703 0.076681 0.340000
0.169806 0.076877 0.340056
0.169909 0.077074 0.340113
0.170012 0.077270 0.340169
0.170115 0.077467 0.340226
0.170218 0.077663 0.340282
0.170341 0.077838 0.340237
0.170443 0.078034 0.340294
0.170546 0.078231 0.340350
0.170649 0.078427 0.340407
0.170771 0.078601 0.340361
0.170874 0.078797 0.340417
0.170977 0.078993 0.340474
0.171079 0.079189 0.340530
0.171182 0.079385 0.340587
0.171285 0.079581 0.340643
0.171369 0.079801 0.340802
0.171472 0.079997 0.340858
0.171574 0.080193 0.340915
0.171677 0.080390 0.340971
0.171780 0.080586 0.341028
0.171865 0.080807 0.341187
0.171968 0.081004 0.341243
0.172070 0.081200 0.341300
0.172173 0.081397 0.341357
0.172276 0.081593 0.341413
0.172362 0.081816 0.341573
0.172465 0.082013 0.341629
0.172550 0.082236 0.341789
0.172653 0.082433 0.341846
0.172739 0.082657 0.342005
0.172826 0.082881 0.342165
0.172912 0.083106 0.342326
0.172999 0.083331 0.342486
0.173102 0.083529 0.342543
0.173189 0.083755 0.342703
0.173277 0.083981 0.342864
0.173364 0.084208 0.343025
0.173468 0.084406 0.343082
0.173556 0.084633 0.343243
0.173644 0.084861 0.343404
0.173748 0.085060 0.343461
0.173837 0.085289 0.343622
0.173925 0.085518 0.343783
0.174014 0.085747 0.343945
0.174103 0.085977 0.344106
0.174192 0.086207 0.344268
0.174282 0.086438 0.344430
0.174372 0.086669 0.344592
0.174417 0.086994 0.345067
0.158877 0.063659 0.347510
0.161857 0.064467 0.340018
0.162020 0.064659 0.339882
0.162127 0.064863 0.339941
0.162262 0.065060 0.339902
0.162397 0.065257 0.339864
0.162531 0.065453 0.339825
0.162638 0.065657 0.339883
0.162799 0.065845 0.339747
0.162906 0.066048 0.339805
0.163067 0.066235 0.339668
0.163173 0.066437 0.339726
0.163306 0.066631 0.339687
0.163466 0.066816 0.339549
0.163598 0.067009 0.339509
0.163757 0.067191 0.339371
0.163889 0.067383 0.339331
0.164047 0.067564 0.339192
0.164205 0.067745 0.339053
0.164362 0.067924 0.338914
0.164519 0.068103 0.338775
0.164675 0.068281 0.338636
0.164805 0.068469 0.338594
0.164960 0.068645 0.338454
0.165115 0.068821 0.338314
0.165244 0.069007 0.338272
0.165399 0.069181 0.338131
0.165527 0.069366 0.338089
0.165656 0.069551 0.338047
0.165784 0.069735 0.338005
0.165911 0.069919 0.337962
0.166039 0.070102 0.337920
0.166167 0.070285 0.337877
0.166294 0.070468 0.337834
0.166396 0.070664 0.337891
0.166523 0.070846 0.337848
0.166626 0.071041 0.337904
0.166728 0.071237 0.337960
0.166831 0.071433 0.338016
0.166933 0.071628 0.338073
0.167059 0.071809 0.338029
0.167161 0.072004 0.338086
0.167264 0.072200 0.338142
0.167366 0.072395 0.338198
0.167445 0.072606 0.338354
0.167548 0.072802 0.338410
0.167650 0.072998 0.338467
0.167730 0.073210 0.338623
0.167832 0.073406 0.338679
0.167935 0.073602 0.338736
0.168015 0.073815 0.338893
0.168118 0.074011 0.338949
0.168220 0.074207 0.339005
0.168301 0.074421 0.339162
0.168404 0.074617 0.339219
0.168507 0.074813 0.339275
0.168588 0.075028 0.339432
0.168690 0.075225 0.339489
0.168793 0.075421 0.339545
0.168896 0.075618 0.339602
0.168999 0.075814 0.339659
0.169102 0.076011 0.339715
0.169205 0.076207 0.339772
0.169308 0.076404 0.339828
0.169411 0.076600 0.339885
0.169514 0.076797 0.339941
0.169596 0.077014 0.340099
0.169699 0.077211 0.340156
0.169802 0.077407 0.340212
0.169905 0.077604 0.340269
0.170008 0.077801 0.340326
0.170131 0.077976 0.340281
0.170234 0.078172 0.340337
0.170337 0.078369 0.340394
0.170440 0.078565 0.340450
0.170543 0.078762 0.340507
0.170666 0.078935 0.340461
0.170768 0.079132 0.340518
0.170871 0.079328 0.340574
0.170974 0.079524 0.340631
0.171077 0.079720 0.340687
0.171180 0.079917 0.340744
0.171283 0.080113 0.340800
0.171367 0.080334 0.340959
0.171470 0.080530 0.341016
0.171572 0.080727 0.341072
0.171675 0.080923 0.341129
0.171778 0.081120 0.341185
0.171881 0.081316 0.341242
0.171984 0.081513 0.341298
0.172069 0.081735 0.341458
0.172172 0.081932 0.341514
0.172257 0.082155 0.341674
0.172361 0.082352 0.341730
0.172446 0.082576 0.341890
0.172532 0.082800 0.342050
0.172618 0.083025 0.342210
0.172722 0.083222 0.342267
0.172808 0.083448 0.342427
0.172895 0.083673 0.342587
0.172982 0.083900 0.342748
0.173086 0.084098 0.342805
0.173173 0.084325 0.342966
0.173261 0.084552 0.343126
0.173348 0.084780 0.343287
0.173452 0.084979 0.343345
0.173541 0.085207 0.343506
0.173645 0.085406 0.343563
0.173733 0.085635 0.343724
0.173822 0.085865 0.343886
0.173911 0.086095 0.344047
0.174000 0.086325 0.344209
0.174089 0.086556 0.344370
0.174163 0.086818 0.344637
0.174223 0.087112 0.345007
0.161660 0.064588 0.339957
0.161795 0.064786 0.339919
0.161931 0.064984 0.339880
0.162066 0.065181 0.339842
0.162173 0.065385 0.339900
0.162335 0.065574 0.339764
0.162442 0.065777 0.339823
0.162548 0.065981 0.339881
0.162710 0.066168 0.339745
0.162817 0.066371 0.339803
0.162977 0.066557 0.339666
0.163111 0.066751 0.339627
0.163244 0.066944 0.339587
0.163377 0.067137 0.339547
0.163536 0.067320 0.339409
0.163695 0.067502 0.339271
0.163854 0.067683 0.339133
0.164012 0.067863 0.338994
0.164169 0.068042 0.338855
0.164326 0.068221 0.338716
0.164483 0.068398 0.338576
0.164613 0.068586 0.338535
0.164769 0.068762 0.338395
0.164925 0.068938 0.338255
0.165054 0.069124 0.338213
0.165183 0.069309 0.338172
0.165312 0.069495 0.338130
0.165466 0.069667 0.337989
0.165594 0.069851 0.337946
0.165722 0.070035 0.337904
0.165825 0.070231 0.337961
0.165978 0.070401 0.337819
0.166080 0.070597 0.337875
0.166208 0.070779 0.337832
0.166310 0.070975 0.337889
0.166413 0.071171 0.337945
0.166540 0.071352 0.337902
0.166642 0.071548 0.337958
0.166745 0.071744 0.338015
0.166847 0.071939 0.338071
0.166950 0.072135 0.338127
0.167052 0.072331 0.338184
0.167154 0.072526 0.338240
0.167257 0.072722 0.338296
0.167359 0.072917 0.338352
0.167439 0.073130 0.338509
0.167541 0.073325 0.338565
0.167644 0.073521 0.338621
0.167724 0.073734 0.338778
0.167826 0.073930 0.338834
0.167906 0.074144 0.338991
0.168009 0.074340 0.339048
0.168112 0.074536 0.339104
0.168192 0.074751 0.339261
0.168295 0.074947 0.339318
0.168398 0.075144 0.339374
0.168501 0.075340 0.339431
0.168604 0.075537 0.339487
0.168707 0.075734 0.339544
0.168810 0.075930 0.339600
0.168891 0.076146 0.339758
0.168995 0.076343 0.339814
0.169098 0.076540 0.339871
0.169201 0.076736 0.339928
0.169304 0.076933 0.339984
0.169407 0.077130 0.340041
0.169510 0.077327 0.340097
0.169613 0.077523 0.340154
0.169716 0.077720 0.340211
0.169819 0.077917 0.340267
0.169922 0.078113 0.340324
0.170025 0.078310 0.340380
0.170128 0.078507 0.340437
0.170251 0.078681 0.340392
0.170354 0.078878 0.340448
0.170457 0.079074 0.340505
0.170560 0.079271 0.340561
0.170663 0.079467 0.340618
0.170766 0.079664 0.340674
0.170869 0.079860 0.340731
0.170971 0.080057 0.340788
0.171074 0.080253 0.340844
0.171177 0.080450 0.340901
0.171280 0.080646 0.340957
0.171383 0.080843 0.341014
0.171486 0.081039 0.341070
0.171589 0.081236 0.341127
0.171692 0.081432 0.341183
0.171777 0.081654 0.341343
0.171880 0.081851 0.341399
0.171965 0.082074 0.341559
0.172068 0.082271 0.341615
0.172153 0.082495 0.341775
0.172239 0.082719 0.341935
0.172325 0.082944 0.342095
0.172411 0.083169 0.342255
0.172514 0.083366 0.342312
0.172601 0.083592 0.342472
0.172687 0.083818 0.342632
0.172791 0.084016 0.342689
0.172878 0.084243 0.342850
0.172965 0.084470 0.343010
0.173069 0.084669 0.343067
0.173157 0.084897 0.343228
0.173261 0.085096 0.343285
0.173349 0.085324 0.343446
0.173437 0.085553 0.343608
0.173541 0.085753 0.343665
0.173614 0.086013 0.343930
0.173718 0.086212 0.343988
0.173807 0.086443 0.344149
0.173881 0.086705 0.344415
0.173955 0.086967 0.344681
0.161434 0.064716 0.339993
0.161598 0.064907 0.339858
0.161734 0.065104 0.339820
0.161841 0.065309 0.339878
0.161948 0.065513 0.339937
0.162111 0.065702 0.339801
0.162218 0.065906 0.339860
0.162352 0.066101 0.339821
0.162487 0.066296 0.339782
0.162621 0.066491 0.339743
0.162755 0.066686 0.339704
0.162888 0.066880 0.339664
0.163022 0.067073 0.339625
0.163182 0.067256 0.339487
0.163342 0.067439 0.339349
0.163501 0.067621 0.339211
0.163660 0.067801 0.339073
0.163819 0.067981 0.338934
0.163977 0.068160 0.338796
0.164134 0.068339 0.338657
0.164291 0.068516 0.338517
0.164422 0.068704 0.338476
0.164578 0.068879 0.338336
0.164708 0.069066 0.338295
0.164863 0.069240 0.338155
0.164993 0.069426 0.338113
0.165122 0.069611 0.338071
0.165251 0.069796 0.338029
0.165379 0.069980 0.337987
0.165508 0.070164 0.337945
0.165636 0.070347 0.337902
0.165739 0.070544 0.337959
0.165867 0.070727 0.337916
0.165994 0.070909 0.337874
0.166122 0.071091 0.337831
0.166224 0.071287 0.337887
0.166327 0.071482 0.337943
0.166429 0.071678 0.338000
0.166532 0.071874 0.338056
0.166659 0.072055 0.338013
0.166761 0.072250 0.338069
0.166864 0.072446 0.338125
0.166966 0.072642 0.338182
0.167069 0.072837 0.338238
0.167147 0.073049 0.338394
0.167250 0.073245 0.338451
0.167353 0.073441 0.338507
0.167432 0.073654 0.338663
0.167535 0.073850 0.338720
0.167614 0.074063 0.338876
0.167717 0.074260 0.338933
0.167797 0.074474 0.339090
0.167900 0.074670 0.339146
0.168003 0.074867 0.339203
0.168106 0.075063 0.339259
0.168209 0.075260 0.339316
0.168312 0.075456 0.339372
0.168393 0.075672 0.339530
0.168496 0.075869 0.339586
0.168599 0.076066 0.339643
0.168702 0.076262 0.339699
0.168805 0.076459 0.339756
0.168908 0.076656 0.339813
0.169011 0.076852 0.339869
0.169114 0.077049 0.339926
0.169217 0.077246 0.339982
0.169299 0.077464 0.340140
0.169402 0.077661 0.340197
0.169506 0.077858 0.340254
0.169609 0.078055 0.340310
0.169712 0.078252 0.340367
0.169815 0.078449 0.340424
0.169939 0.078623 0.340379
0.170042 0.078820 0.340435
0.170145 0.079016 0.340492
0.170248 0.079213 0.340548
0.170371 0.079386 0.340503
0.170473 0.079583 0.340560
0.170576 0.079779 0.340616
0.170679 0.079976 0.340673
0.170782 0.080172 0.340729
0.170885 0.080369 0.340786
0.170988 0.080565 0.340842
0.171091 0.080762 0.340899
0.171194 0.080959 0.340955
0.171297 0.081155 0.341012
0.171381 0.081377 0.341171
0.171484 0.081574 0.341228
0.171587 0.081771 0.341284
0.171672 0.081993 0.341444
0.171775 0.082190 0.341500
0.171860 0.082414 0.341660
0.171945 0.082638 0.341819
0.172031 0.082863 0.341979
0.172134 0.083060 0.342036
0.172220 0.083285 0.342196
0.172306 0.083511 0.342356
0.172392 0.083737 0.342516
0.172496 0.083935 0.342573
0.172583 0.084162 0.342734
0.172687 0.084360 0.342791
0.172774 0.084588 0.342951
0.172861 0.084815 0.343112
0.172965 0.085014 0.343169
0.173053 0.085243 0.343330
0.173140 0.085472 0.343491
0.173245 0.085671 0.343548
0.173333 0.085900 0.343710
0.173421 0.086130 0.343871
0.173510 0.086361 0.344032
0.173599 0.086592 0.344194
0.173688 0.086823 0.344356
0.158410 0.064263 0.347182
0.161208 0.064844 0.340030
0.161372 0.065035 0.339894
0.161508 0.065232 0.339856
0.161644 0.065429 0.339818
0.161751 0.065634 0.339877
0.161858 0.065838 0.339935
0.161993 0.066034 0.339897
0.162128 0.066230 0.339858
0.162263 0.066425 0.339819
0.162397 0.066620 0.339780
0.162531 0.066814 0.339741
0.162665 0.067008 0.339702
0.162827 0.067193 0.339565
0.162987 0.067376 0.339427
0.163148 0.067558 0.339290
0.163307 0.067739 0.339152
0.163467 0.067920 0.339013
0.163626 0.068100 0.338875
0.163784 0.068278 0.338736
0.163915 0.068467 0.338696
0.164073 0.068645 0.338556
0.164230 0.068821 0.338417
0.164387 0.068997 0.338277
0.164517 0.069183 0.338236
0.164647 0.069369 0.338195
0.164777 0.069555 0.338153
0.164906 0.069740 0.338111
0.165035 0.069925 0.338069
0.165164 0.070109 0.338027
0.165293 0.070293 0.337985
0.165421 0.070477 0.337943
0.165550 0.070660 0.337900
0.165678 0.070842 0.337858
0.165780 0.071039 0.337914
0.165908 0.071221 0.337872
0.166011 0.071417 0.337928
0.166114 0.071613 0.337985
0.166241 0.071794 0.337942
0.166343 0.071990 0.337998
0.166446 0.072185 0.338054
0.166549 0.072381 0.338111
0.166651 0.072577 0.338167
0.166754 0.072773 0.338223
0.166856 0.072969 0.338280
0.166959 0.073165 0.338336
0.167038 0.073377 0.338492
0.167141 0.073573 0.338549
0.167243 0.073769 0.338605
0.167323 0.073983 0.338762
0.167425 0.074179 0.338818
0.167505 0.074393 0.338975
0.167608 0.074590 0.339031
0.167711 0.074786 0.339088
0.167791 0.075001 0.339245
0.167894 0.075198 0.339301
0.167997 0.075395 0.339358
0.168100 0.075591 0.339415
0.168203 0.075788 0.339471
0.168306 0.075985 0.339528
0.168410 0.076182 0.339584
0.168513 0.076378 0.339641
0.168616 0.076575 0.339698
0.168719 0.076772 0.339754
0.168800 0.076989 0.339912
0.168903 0.077186 0.339968
0.169006 0.077383 0.340025
0.169110 0.077580 0.340082
0.169213 0.077777 0.340138
0.169316 0.077974 0.340195
0.169419 0.078171 0.340252
0.169522 0.078368 0.340308
0.169625 0.078565 0.340365
0.169729 0.078762 0.340422
0.169852 0.078936 0.340377
0.169955 0.079132 0.340433
0.170058 0.079329 0.340490
0.170161 0.079526 0.340547
0.170264 0.079723 0.340603
0.170387 0.079895 0.340558
0.170490 0.080092 0.340614
0.170593 0.080288 0.340671
0.170696 0.080485 0.340727
0.170799 0.080681 0.340784
0.170902 0.080878 0.340841
0.171005 0.081074 0.340897
0.171089 0.081296 0.341056
0.171192 0.081493 0.341113
0.171295 0.081690 0.341169
0.171379 0.081913 0.341328
0.171482 0.082110 0.341385
0.171567 0.082333 0.341544
0.171652 0.082557 0.341704
0.171737 0.082782 0.341864
0.171840 0.082979 0.341920
0.171926 0.083204 0.342080
0.172012 0.083430 0.342240
0.172098 0.083656 0.342400
0.172201 0.083854 0.342457
0.172288 0.084080 0.342618
0.172374 0.084307 0.342778
0.172478 0.084506 0.342835
0.172565 0.084734 0.342996
0.172669 0.084933 0.343053
0.172757 0.085161 0.343214
0.172861 0.085360 0.343271
0.172948 0.085589 0.343432
0.173036 0.085819 0.343593
0.173124 0.086048 0.343754
0.173212 0.086279 0.343916
0.173301 0.086510 0.344077
0.173390 0.086741 0.344239
0.173463 0.087004 0.344504
0.158430 0.064592 0.346793
0.158546 0.064813 0.346857
0.161146 0.065163 0.339931
0.161282 0.065360 0.339893
0.161390 0.065565 0.339951
0.161526 0.065762 0.339913
0.161661 0.065958 0.339875
0.161797 0.066155 0.339836
0.161903 0.066359 0.339895
0.162038 0.066554 0.339856
0.162173 0.066749 0.339817
0.162336 0.066934 0.339681
0.162470 0.067128 0.339642
0.162604 0.067322 0.339602
0.162765 0.067505 0.339465
0.162926 0.067687 0.339327
0.163114 0.067858 0.339092
0.163273 0.068038 0.338954
0.163433 0.068218 0.338815
0.163591 0.068396 0.338677
0.163723 0.068585 0.338636
0.163881 0.068762 0.338497
0.164039 0.068938 0.338358
0.164169 0.069125 0.338317
0.164300 0.069312 0.338276
0.164430 0.069498 0.338234
0.164560 0.069684 0.338193
0.164690 0.069869 0.338151
0.164819 0.070054 0.338109
0.164948 0.070239 0.338068
0.165078 0.070423 0.338025
0.165206 0.070606 0.337983
0.165335 0.070789 0.337941
0.165463 0.070972 0.337899
0.165591 0.071154 0.337856
0.165694 0.071351 0.337913
0.165797 0.071547 0.337969
0.165925 0.071728 0.337926
0.166027 0.071924 0.337983
0.166130 0.072120 0.338039
0.166233 0.072317 0.338096
0.166336 0.072513 0.338152
0.166438 0.072709 0.338208
0.166541 0.072905 0.338265
0.166644 0.073101 0.338321
0.166746 0.073297 0.338378
0.166849 0.073493 0.338434
0.166928 0.073706 0.338590
0.167031 0.073902 0.338647
0.167110 0.074116 0.338803
0.167213 0.074313 0.338860
0.167316 0.074509 0.338916
0.167396 0.074724 0.339073
0.167499 0.074921 0.339130
0.167602 0.075117 0.339186
0.167705 0.075314 0.339243
0.167808 0.075511 0.339300
0.167911 0.075707 0.339356
0.168014 0.075904 0.339413
0.168117 0.076101 0.339469
0.168220 0.076298 0.339526
0.168323 0.076494 0.339583
0.168404 0.076711 0.339740
0.168507 0.076908 0.339797
0.168610 0.077105 0.339853
0.168714 0.077302 0.339910
0.168817 0.077499 0.339967
0.168920 0.077696 0.340023
0.169023 0.077893 0.340080
0.169126 0.078090 0.340137
0.169208 0.078309 0.340295
0.169333 0.078484 0.340250
0.169436 0.078681 0.340307
0.169539 0.078878 0.340363
0.169642 0.079075 0.340420
0.169745 0.079272 0.340477
0.169869 0.079445 0.340432
0.169972 0.079642 0.340488
0.170075 0.079839 0.340545
0.170178 0.080035 0.340601
0.170281 0.080232 0.340658
0.170384 0.080429 0.340715
0.170487 0.080626 0.340771
0.170590 0.080822 0.340828
0.170693 0.081019 0.340884
0.170796 0.081216 0.340941
0.170899 0.081412 0.340998
0.171002 0.081609 0.341054
0.171086 0.081832 0.341213
0.171189 0.082029 0.341270
0.171274 0.082252 0.341429
0.171358 0.082476 0.341589
0.171443 0.082700 0.341748
0.171547 0.082898 0.341805
0.171632 0.083123 0.341965
0.171717 0.083348 0.342124
0.171803 0.083574 0.342284
0.171889 0.083801 0.342444
0.171993 0.083999 0.342502
0.172079 0.084226 0.342662
0.172183 0.084425 0.342719
0.172269 0.084652 0.342879
0.172374 0.084851 0.342937
0.172461 0.085079 0.343097
0.172548 0.085308 0.343258
0.172652 0.085507 0.343315
0.172740 0.085737 0.343476
0.172827 0.085967 0.343637
0.172915 0.086197 0.343799
0.173003 0.086427 0.343960
0.173092 0.086659 0.344121
0.173180 0.086890 0.344283
0.158365 0.064691 0.346244
0.158481 0.064911 0.346308
0.160920 0.065291 0.339967
0.161056 0.065489 0.339929
0.161164 0.065694 0.339988
0.161329 0.065883 0.339852
0.161436 0.066087 0.339911
0.161571 0.066283 0.339873
0.161707 0.066479 0.339834
0.161842 0.066674 0.339796
0.161977 0.066869 0.339757
0.162112 0.067064 0.339718
0.162246 0.067258 0.339679
0.162409 0.067441 0.339542
0.162570 0.067624 0.339405
0.162731 0.067806 0.339268
0.162892 0.067987 0.339130
0.163080 0.068157 0.338894
0.163240 0.068336 0.338756
0.163399 0.068514 0.338618
0.163531 0.068703 0.338577
0.163689 0.068880 0.338438
0.163820 0.069067 0.338397
0.163951 0.069255 0.338356
0.164109 0.069429 0.338217
0.164213 0.069628 0.338274
0.164343 0.069813 0.338232
0.164499 0.069986 0.338092
0.164629 0.070171 0.338051
0.164758 0.070355 0.338009
0.164862 0.070552 0.338066
0.165017 0.070722 0.337925
0.165120 0.070919 0.337982
0.165249 0.071102 0.337939
0.165377 0.071285 0.337897
0.165505 0.071466 0.337854
0.165608 0.071663 0.337911
0.165736 0.071844 0.337868
0.165839 0.072040 0.337925
0.165941 0.072236 0.337981
0.166044 0.072432 0.338037
0.166147 0.072628 0.338094
0.166225 0.072840 0.338250
0.166328 0.073037 0.338306
0.166431 0.073233 0.338363
0.166533 0.073429 0.338419
0.166612 0.073643 0.338575
0.166715 0.073839 0.338632
0.166818 0.074036 0.338688
0.166921 0.074232 0.338745
0.167000 0.074446 0.338902
0.167103 0.074643 0.338958
0.167206 0.074840 0.339015
0.167309 0.075037 0.339071
0.167412 0.075233 0.339128
0.167492 0.075449 0.339285
0.167596 0.075646 0.339342
0.167699 0.075843 0.339398
0.167802 0.076040 0.339455
0.167905 0.076237 0.339512
0.168008 0.076434 0.339568
0.168111 0.076631 0.339625
0.168214 0.076828 0.339682
0.168318 0.077025 0.339738
0.168421 0.077222 0.339795
0.168524 0.077418 0.339851
0.168627 0.077615 0.339908
0.168730 0.077812 0.339965
0.168812 0.078031 0.340123
0.168915 0.078228 0.340179
0.169018 0.078425 0.340236
0.169122 0.078623 0.340293
0.169225 0.078820 0.340350
0.169349 0.078994 0.340305
0.169452 0.079191 0.340361
0.169556 0.079388 0.340418
0.169659 0.079585 0.340475
0.169762 0.079782 0.340531
0.169885 0.079955 0.340486
0.169988 0.080151 0.340543
0.170091 0.080348 0.340600
0.170194 0.080545 0.340656
0.170298 0.080742 0.340713
0.170401 0.080938 0.340769
0.170484 0.081160 0.340928
0.170587 0.081357 0.340985
0.170690 0.081554 0.341041
0.170793 0.081751 0.341098
0.170897 0.081948 0.341155
0.170981 0.082171 0.341314
0.171065 0.082395 0.341473
0.171168 0.082593 0.341530
0.171253 0.082817 0.341689
0.171338 0.083042 0.341849
0.171423 0.083267 0.342009
0.171508 0.083493 0.342168
0.171612 0.083691 0.342225
0.171698 0.083918 0.342386
0.171801 0.084116 0.342443
0.171887 0.084343 0.342603
0.171974 0.084571 0.342763
0.172078 0.084770 0.342820
0.172164 0.084998 0.342981
0.172269 0.085197 0.343038
0.172356 0.085426 0.343199
0.172443 0.085655 0.343360
0.172530 0.085885 0.343521
0.172618 0.086115 0.343682
0.172706 0.086345 0.343843
0.172794 0.086576 0.344004
0.172865 0.086839 0.344269
0.172970 0.087040 0.344327
0.158153 0.064821 0.346179
0.158269 0.065041 0.346242
0.160634 0.065435 0.340197
0.160830 0.065617 0.339965
0.160937 0.065823 0.340024
0.161103 0.066012 0.339889
0.161239 0.066208 0.339851
0.161375 0.066404 0.339812
0.161482 0.066608 0.339871
0.161617 0.066804 0.339832
0.161752 0.066999 0.339794
0.161916 0.067184 0.339657
0.162051 0.067377 0.339619
0.162213 0.067561 0.339482
0.162347 0.067754 0.339442
0.162537 0.067925 0.339208
0.162698 0.068106 0.339070
0.162859 0.068286 0.338932
0.163047 0.068454 0.338696
0.163206 0.068632 0.338558
0.163338 0.068821 0.338518
0.163497 0.068997 0.338379
0.163629 0.069185 0.338338
0.163760 0.069372 0.338297
0.163891 0.069558 0.338256
0.164021 0.069745 0.338215
0.164152 0.069930 0.338174
0.164282 0.070116 0.338132
0.164412 0.070301 0.338091
0.164542 0.070485 0.338049
0.164672 0.070669 0.338007
0.164801 0.070852 0.337965
0.164930 0.071036 0.337923
0.165059 0.071218 0.337881
0.165162 0.071415 0.337937
0.165291 0.071597 0.337895
0.165394 0.071793 0.337952
0.165497 0.071990 0.338008
0.165625 0.072171 0.337966
0.165727 0.072367 0.338022
0.165830 0.072564 0.338078
0.165908 0.072776 0.338234
0.166011 0.072972 0.338291
0.166114 0.073169 0.338347
0.166217 0.073365 0.338404
0.166320 0.073562 0.338461
0.166399 0.073776 0.338617
0.166502 0.073972 0.338673
0.166605 0.074169 0.338730
0.166708 0.074366 0.338787
0.166787 0.074580 0.338943
0.166890 0.074777 0.339000
0.166993 0.074974 0.339056
0.167096 0.075171 0.339113
0.167200 0.075368 0.339170
0.167303 0.075565 0.339226
0.167406 0.075762 0.339283
0.167509 0.075959 0.339340
0.167612 0.076156 0.339396
0.167715 0.076353 0.339453
0.167819 0.076550 0.339510
0.167922 0.076747 0.339566
0.168025 0.076944 0.339623
0.168128 0.077141 0.339680
0.168231 0.077338 0.339736
0.168334 0.077535 0.339793
0.168415 0.077753 0.339951
0.168519 0.077950 0.340007
0.168622 0.078147 0.340064
0.168725 0.078345 0.340121
0.168829 0.078542 0.340178
0.168932 0.078739 0.340234
0.169035 0.078936 0.340291
0.169160 0.079110 0.340246
0.169263 0.079307 0.340303
0.169366 0.079504 0.340360
0.169469 0.079701 0.340416
0.169572 0.079898 0.340473
0.169675 0.080095 0.340530
0.169778 0.080292 0.340586
0.169882 0.080489 0.340643
0.169985 0.080686 0.340700
0.170088 0.080883 0.340756
0.170191 0.081080 0.340813
0.170294 0.081276 0.340870
0.170397 0.081473 0.340926
0.170501 0.081670 0.340983
0.170584 0.081893 0.341142
0.170687 0.082091 0.341199
0.170771 0.082314 0.341358
0.170875 0.082512 0.341415
0.170959 0.082736 0.341574
0.171044 0.082961 0.341733
0.171147 0.083159 0.341790
0.171232 0.083384 0.341950
0.171317 0.083610 0.342110
0.171402 0.083836 0.342269
0.171506 0.084035 0.342327
0.171592 0.084262 0.342487
0.171678 0.084489 0.342647
0.171782 0.084688 0.342704
0.171868 0.084916 0.342864
0.171973 0.085115 0.342922
0.172059 0.085344 0.343082
0.172146 0.085573 0.343243
0.172233 0.085803 0.343404
0.172320 0.086033 0.343565
0.172408 0.086263 0.343726
0.172478 0.086525 0.343991
0.172567 0.086756 0.344152
0.172655 0.086988 0.344314
0.157791 0.064983 0.346596
0.157907 0.065205 0.346660
0.159536 0.065309 0.342242
0.160061 0.065417 0.340947
0.160436 0.065556 0.340135
0.160573 0.065754 0.340098
0.160739 0.065944 0.339963
0.160876 0.066141 0.339925
0.161013 0.066337 0.339887
0.161149 0.066533 0.339849
0.161285 0.066729 0.339810
0.161421 0.066924 0.339772
0.161556 0.067119 0.339733
0.161691 0.067313 0.339694
0.161855 0.067497 0.339558
0.162018 0.067681 0.339422
0.162152 0.067873 0.339382
0.162342 0.068044 0.339148
0.162504 0.068225 0.339010
0.162665 0.068405 0.338873
0.162853 0.068573 0.338637
0.163014 0.068750 0.338499
0.163146 0.068939 0.338458
0.163305 0.069115 0.338320
0.163437 0.069302 0.338279
0.163568 0.069489 0.338238
0.163699 0.069676 0.338197
0.163830 0.069862 0.338156
0.163961 0.070047 0.338115
0.164091 0.070232 0.338073
0.164222 0.070417 0.338032
0.164352 0.070601 0.337990
0.164455 0.070799 0.338047
0.164611 0.070969 0.337907
0.164714 0.071166 0.337963
0.164844 0.071349 0.337921
0.164973 0.071531 0.337879
0.165076 0.071728 0.337936
0.165179 0.071924 0.337992
0.165307 0.072106 0.337950
0.165410 0.072302 0.338006
0.165513 0.072499 0.338063
0.165616 0.072695 0.338119
0.165694 0.072908 0.338275
0.165797 0.073105 0.338332
0.165900 0.073301 0.338389
0.165978 0.073515 0.338545
0.166082 0.073712 0.338601
0.166185 0.073909 0.338658
0.166288 0.074106 0.338715
0.166391 0.074303 0.338771
0.166494 0.074500 0.338828
0.166597 0.074697 0.338885
0.166700 0.074894 0.338941
0.166804 0.075091 0.338998
0.166907 0.075287 0.339055
0.167010 0.075484 0.339111
0.167113 0.075681 0.339168
0.167216 0.075878 0.339225
0.167319 0.076075 0.339281
0.167423 0.076272 0.339338
0.167526 0.076469 0.339395
0.167629 0.076666 0.339451
0.167732 0.076863 0.339508
0.167835 0.077060 0.339565
0.167938 0.077257 0.339621
0.168019 0.077475 0.339779
0.168122 0.077672 0.339835
0.168226 0.077869 0.339892
0.168329 0.078067 0.339949
0.168432 0.078264 0.340006
0.168535 0.078461 0.340062
0.168639 0.078658 0.340119
0.168742 0.078855 0.340176
0.168845 0.079052 0.340232
0.168949 0.079249 0.340289
0.169052 0.079447 0.340346
0.169155 0.079644 0.340403
0.169258 0.079841 0.340459
0.169382 0.080014 0.340415
0.169486 0.080211 0.340471
0.169589 0.080408 0.340528
0.169692 0.080605 0.340585
0.169795 0.080802 0.340641
0.169898 0.080999 0.340698
0.169981 0.081221 0.340857
0.170084 0.081418 0.340913
0.170188 0.081615 0.340970
0.170291 0.081813 0.341027
0.170375 0.082036 0.341186
0.170478 0.082233 0.341242
0.170581 0.082431 0.341299
0.170665 0.082655 0.341458
0.170749 0.082880 0.341618
0.170853 0.083077 0.341675
0.170938 0.083303 0.341834
0.171022 0.083529 0.341994
0.171126 0.083727 0.342051
0.171211 0.083953 0.342211
0.171297 0.084180 0.342371
0.171401 0.084379 0.342428
0.171486 0.084606 0.342588
0.171591 0.084805 0.342645
0.171677 0.085034 0.342805
0.171763 0.085262 0.342966
0.171849 0.085491 0.343126
0.171936 0.085721 0.343287
0.172023 0.085951 0.343448
0.172110 0.086181 0.343609
0.172180 0.086442 0.343873
0.172268 0.086674 0.344035
0.172356 0.086906 0.344196
0.172444 0.087138 0.344357
0.157694 0.065335 0.346594
0.159333 0.065434 0.342179
0.159861 0.065539 0.340886
0.159970 0.065747 0.340945
0.160345 0.065883 0.340134
0.160512 0.066073 0.339999
0.160679 0.066262 0.339864
0.160786 0.066467 0.339923
0.160923 0.066663 0.339885
0.161088 0.066849 0.339750
0.161224 0.067045 0.339711
0.161360 0.067239 0.339673
0.161495 0.067433 0.339634
0.161659 0.067617 0.339498
0.161822 0.067800 0.339361
0.161957 0.067993 0.339322
0.162148 0.068164 0.339088
0.162310 0.068344 0.338950
0.162471 0.068523 0.338813
0.162660 0.068691 0.338577
0.162793 0.068880 0.338537
0.162953 0.069057 0.338399
0.163113 0.069233 0.338261
0.163245 0.069420 0.338220
0.163377 0.069607 0.338179
0.163508 0.069793 0.338138
0.163639 0.069979 0.338097
0.163770 0.070164 0.338056
0.163874 0.070363 0.338113
0.164031 0.070534 0.337973
0.164135 0.070732 0.338030
0.164265 0.070916 0.337988
0.164395 0.071099 0.337947
0.164525 0.071282 0.337905
0.164628 0.071479 0.337962
0.164757 0.071662 0.337919
0.164860 0.071859 0.337976
0.164963 0.072056 0.338033
0.165092 0.072237 0.337990
0.165195 0.072434 0.338047
0.165298 0.072631 0.338104
0.165401 0.072827 0.338160
0.165479 0.073040 0.338316
0.165582 0.073237 0.338373
0.165686 0.073434 0.338429
0.165764 0.073648 0.338586
0.165867 0.073845 0.338642
0.165970 0.074042 0.338699
0.166074 0.074240 0.338756
0.166177 0.074437 0.338813
0.166280 0.074634 0.338869
0.166383 0.074831 0.338926
0.166487 0.075028 0.338983
0.166590 0.075225 0.339039
0.166693 0.075423 0.339096
0.166796 0.075620 0.339153
0.166900 0.075817 0.339210
0.167003 0.076014 0.339266
0.167106 0.076211 0.339323
0.167233 0.076388 0.339279
0.167336 0.076585 0.339336
0.167439 0.076782 0.339393
0.167542 0.076979 0.339449
0.167645 0.077176 0.339506
0.167726 0.077394 0.339663
0.167829 0.077591 0.339720
0.167932 0.077788 0.339777
0.168036 0.077986 0.339834
0.168139 0.078183 0.339890
0.168242 0.078380 0.339947
0.168346 0.078577 0.340004
0.168427 0.078797 0.340162
0.168552 0.078971 0.340117
0.168655 0.079169 0.340174
0.168759 0.079366 0.340231
0.168862 0.079563 0.340287
0.168965 0.079760 0.340344
0.169068 0.079957 0.340401
0.169172 0.080154 0.340458
0.169275 0.080352 0.340514
0.169378 0.080549 0.340571
0.169482 0.080746 0.340628
0.169585 0.080943 0.340685
0.169688 0.081140 0.340741
0.169771 0.081363 0.340900
0.169874 0.081560 0.340957
0.169978 0.081758 0.341013
0.170081 0.081955 0.341070
0.170184 0.082152 0.341127
0.170268 0.082376 0.341286
0.170371 0.082574 0.341343
0.170455 0.082798 0.341502
0.170559 0.082996 0.341559
0.170643 0.083222 0.341718
0.170728 0.083447 0.341878
0.170831 0.083646 0.341935
0.170916 0.083872 0.342095
0.171020 0.084070 0.342152
0.171105 0.084297 0.342312
0.171191 0.084525 0.342472
0.171295 0.084724 0.342529
0.171381 0.084952 0.342689
0.171466 0.085180 0.342849
0.171571 0.085380 0.342907
0.171639 0.085639 0.343170
0.171726 0.085869 0.343331
0.171812 0.086099 0.343492
0.171882 0.086360 0.343756
0.171969 0.086592 0.343917
0.172057 0.086823 0.344078
0.172127 0.087087 0.344343
0.159100 0.065566 0.342213
0.159210 0.065777 0.342274
0.160117 0.066013 0.340169
0.160285 0.066202 0.340035
0.160452 0.066391 0.339900
0.160589 0.066588 0.339862
0.160725 0.066784 0.339824
0.160891 0.066970 0.339689
0.161027 0.067165 0.339651
0.161163 0.067360 0.339612
0.161299 0.067554 0.339574
0.161463 0.067737 0.339437
0.161627 0.067920 0.339301
0.161762 0.068112 0.339262
0.161953 0.068283 0.339028
0.162116 0.068463 0.338891
0.162278 0.068642 0.338753
0.162467 0.068809 0.338518
0.162628 0.068986 0.338380
0.162761 0.069174 0.338340
0.162921 0.069350 0.338201
0.163053 0.069537 0.338161
0.163185 0.069724 0.338120
0.163344 0.069897 0.337981
0.163448 0.070096 0.338038
0.163579 0.070281 0.337997
0.163683 0.070479 0.338054
0.163814 0.070664 0.338013
0.163944 0.070848 0.337971
0.164075 0.071032 0.337930
0.164178 0.071230 0.337987
0.164308 0.071413 0.337945
0.164412 0.071610 0.338002
0.164541 0.071793 0.337960
0.164671 0.071975 0.337918
0.164774 0.072172 0.337974
0.164877 0.072369 0.338031
0.164980 0.072566 0.338088
0.165083 0.072763 0.338144
0.165161 0.072976 0.338300
0.165264 0.073173 0.338357
0.165342 0.073387 0.338513
0.165445 0.073584 0.338570
0.165549 0.073781 0.338626
0.165652 0.073979 0.338683
0.165756 0.074176 0.338740
0.165859 0.074374 0.338797
0.165962 0.074571 0.338854
0.166066 0.074768 0.338910
0.166169 0.074966 0.338967
0.166272 0.075163 0.339024
0.166376 0.075361 0.339081
0.166503 0.075539 0.339038
0.166607 0.075736 0.339094
0.166710 0.075933 0.339151
0.166813 0.076130 0.339208
0.166916 0.076327 0.339265
0.167020 0.076525 0.339321
0.167123 0.076722 0.339378
0.167226 0.076919 0.339435
0.167330 0.077116 0.339491
0.167433 0.077313 0.339548
0.167536 0.077510 0.339605
0.167639 0.077708 0.339662
0.167743 0.077905 0.339718
0.167846 0.078102 0.339775
0.167949 0.078299 0.339832
0.168052 0.078496 0.339889
0.168156 0.078693 0.339945
0.168259 0.078891 0.340002
0.168362 0.079088 0.340059
0.168465 0.079285 0.340115
0.168569 0.079482 0.340172
0.168672 0.079679 0.340229
0.168775 0.079876 0.340286
0.168879 0.080074 0.340342
0.168960 0.080295 0.340501
0.169064 0.080492 0.340557
0.169167 0.080690 0.340614
0.169271 0.080887 0.340671
0.169374 0.081084 0.340728
0.169477 0.081282 0.340784
0.169581 0.081479 0.340841
0.169684 0.081677 0.340898
0.169788 0.081874 0.340955
0.169871 0.082098 0.341114
0.169974 0.082295 0.341171
0.170078 0.082493 0.341227
0.170161 0.082717 0.341386
0.170265 0.082915 0.341443
0.170349 0.083140 0.341603
0.170433 0.083366 0.341762
0.170537 0.083564 0.341819
0.170621 0.083790 0.341979
0.170725 0.083989 0.342036
0.170829 0.084187 0.342093
0.170914 0.084415 0.342253
0.170999 0.084642 0.342412
0.171103 0.084841 0.342470
0.171189 0.085069 0.342630
0.171274 0.085298 0.342790
0.171360 0.085527 0.342950
0.171447 0.085757 0.343111
0.171515 0.086017 0.343375
0.171583 0.086278 0.343639
0.171670 0.086509 0.343800
0.171740 0.086772 0.344064
0.171828 0.087004 0.344225
0.171915 0.087237 0.344387
0.157329 0.065582 0.346270
0.158298 0.065597 0.343633
0.158866 0.065698 0.342247
0.158977 0.065909 0.342308
0.159690 0.065960 0.340435
0.159889 0.066143 0.340205
0.160057 0.066332 0.340071
0.160224 0.066521 0.339936
0.160391 0.066708 0.339801
0.160528 0.066904 0.339763
0.160694 0.067091 0.339628
0.160801 0.067295 0.339687
0.160967 0.067480 0.339552
0.161103 0.067674 0.339513
0.161268 0.067857 0.339377
0.161432 0.068040 0.339241
0.161567 0.068232 0.339202
0.161759 0.068402 0.338968
0.161922 0.068582 0.338831
0.162084 0.068761 0.338694
0.162274 0.068927 0.338458
0.162436 0.069104 0.338321
0.162569 0.069292 0.338280
0.162729 0.069468 0.338142
0.162861 0.069655 0.338102
0.163021 0.069829 0.337963
0.163153 0.070014 0.337922
0.163257 0.070213 0.337979
0.163388 0.070398 0.337938
0.163519 0.070583 0.337897
0.163623 0.070781 0.337954
0.163754 0.070965 0.337913
0.163857 0.071163 0.337970
0.163988 0.071346 0.337928
0.164091 0.071544 0.337985
0.164221 0.071727 0.337943
0.164325 0.071924 0.338000
0.164428 0.072122 0.338057
0.164532 0.072319 0.338113
0.164661 0.072501 0.338071
0.164764 0.072698 0.338128
0.164842 0.072911 0.338284
0.164945 0.073108 0.338341
0.165049 0.073306 0.338397
0.165152 0.073503 0.338454
0.165255 0.073701 0.338511
0.165359 0.073898 0.338568
0.165462 0.074095 0.338625
0.165540 0.074310 0.338781
0.165669 0.074490 0.338738
0.165772 0.074687 0.338795
0.165876 0.074885 0.338852
0.165979 0.075082 0.338909
0.166082 0.075280 0.338965
0.166186 0.075477 0.339022
0.166289 0.075674 0.339079
0.166393 0.075872 0.339136
0.166520 0.076049 0.339093
0.166623 0.076247 0.339149
0.166727 0.076444 0.339206
0.166830 0.076641 0.339263
0.166933 0.076838 0.339319
0.167036 0.077035 0.339376
0.167140 0.077232 0.339433
0.167243 0.077430 0.339490
0.167346 0.077627 0.339546
0.167449 0.077824 0.339603
0.167553 0.078021 0.339660
0.167656 0.078218 0.339717
0.167759 0.078415 0.339773
0.167863 0.078613 0.339830
0.167966 0.078810 0.339887
0.168069 0.079007 0.339943
0.168172 0.079204 0.340000
0.168276 0.079401 0.340057
0.168379 0.079598 0.340114
0.168482 0.079796 0.340170
0.168564 0.080017 0.340328
0.168667 0.080214 0.340385
0.168770 0.080411 0.340442
0.168874 0.080609 0.340499
0.168977 0.080806 0.340556
0.169081 0.081004 0.340612
0.169184 0.081201 0.340669
0.169266 0.081424 0.340828
0.169370 0.081621 0.340884
0.169473 0.081819 0.340941
0.169577 0.082017 0.340998
0.169680 0.082214 0.341055
0.169763 0.082438 0.341214
0.169867 0.082636 0.341271
0.169971 0.082834 0.341328
0.170054 0.083059 0.341487
0.170138 0.083285 0.341646
0.170242 0.083483 0.341703
0.170326 0.083709 0.341862
0.170430 0.083908 0.341920
0.170534 0.084106 0.341977
0.170619 0.084333 0.342136
0.170703 0.084561 0.342296
0.170808 0.084759 0.342353
0.170893 0.084988 0.342513
0.170978 0.085216 0.342674
0.171064 0.085445 0.342834
0.171150 0.085675 0.342994
0.171217 0.085935 0.343258
0.171303 0.086165 0.343418
0.171372 0.086427 0.343682
0.171459 0.086658 0.343843
0.171528 0.086921 0.344108
0.171615 0.087154 0.344269
0.158091 0.065723 0.343569
0.158204 0.065938 0.343631
0.159491 0.066082 0.340374
0.159660 0.066273 0.340240
0.159828 0.066462 0.340106
0.159996 0.066651 0.339972
0.160164 0.066838 0.339837
0.160331 0.067025 0.339703
0.160497 0.067211 0.339568
0.160605 0.067416 0.339626
0.160770 0.067600 0.339491
0.160907 0.067794 0.339453
0.161072 0.067977 0.339317
0.161236 0.068159 0.339181
0.161372 0.068351 0.339142
0.161564 0.068521 0.338908
0.161728 0.068701 0.338771
0.161890 0.068879 0.338634
0.162053 0.069057 0.338497
0.162243 0.069222 0.338261
0.162376 0.069410 0.338221
0.162537 0.069585 0.338083
0.162670 0.069772 0.338043
0.162830 0.069946 0.337904
0.162962 0.070132 0.337863
0.163093 0.070317 0.337822
0.163197 0.070515 0.337879
0.163329 0.070700 0.337838
0.163432 0.070898 0.337895
0.163563 0.071082 0.337854
0.163667 0.071280 0.337911
0.163771 0.071477 0.337968
0.163901 0.071660 0.337926
0.164005 0.071858 0.337983
0.164108 0.072056 0.338040
0.164238 0.072238 0.337998
0.164342 0.072435 0.338055
0.164445 0.072633 0.338112
0.164548 0.072830 0.338169
0.164626 0.073044 0.338324
0.164729 0.073241 0.338381
0.164833 0.073439 0.338438
0.164936 0.073636 0.338495
0.165040 0.073834 0.338552
0.165143 0.074032 0.338608
0.165247 0.074229 0.338665
0.165350 0.074427 0.338722
0.165454 0.074624 0.338779
0.165582 0.074804 0.338736
0.165686 0.075001 0.338793
0.165789 0.075199 0.338850
0.165892 0.075396 0.338907
0.165996 0.075593 0.338964
0.166099 0.075791 0.339020
0.166202 0.075988 0.339077
0.166306 0.076185 0.339134
0.166409 0.076383 0.339191
0.166537 0.076560 0.339147
0.166640 0.076757 0.339204
0.166743 0.076954 0.339261
0.166846 0.077152 0.339318
0.166950 0.077349 0.339374
0.167053 0.077546 0.339431
0.167156 0.077743 0.339488
0.167260 0.077940 0.339545
0.167363 0.078137 0.339601
0.167466 0.078335 0.339658
0.167569 0.078532 0.339715
0.167673 0.078729 0.339771
0.167776 0.078926 0.339828
0.167879 0.079123 0.339885
0.167982 0.079320 0.339942
0.168086 0.079517 0.339998
0.168189 0.079715 0.340055
0.168270 0.079936 0.340213
0.168374 0.080133 0.340270
0.168477 0.080330 0.340327
0.168580 0.080528 0.340383
0.168684 0.080725 0.340440
0.168787 0.080923 0.340497
0.168869 0.081145 0.340655
0.168973 0.081343 0.340712
0.169076 0.081540 0.340769
0.169180 0.081738 0.340826
0.169262 0.081962 0.340984
0.169366 0.082159 0.341041
0.169469 0.082357 0.341098
0.169573 0.082555 0.341155
0.169656 0.082780 0.341314
0.169760 0.082978 0.341371
0.169843 0.083203 0.341530
0.169947 0.083402 0.341587
0.170031 0.083628 0.341746
0.170135 0.083826 0.341804
0.170239 0.084025 0.341861
0.170323 0.084252 0.342020
0.170427 0.084450 0.342077
0.170512 0.084678 0.342237
0.170597 0.084906 0.342397
0.170701 0.085105 0.342454
0.170786 0.085334 0.342614
0.170853 0.085593 0.342877
0.170938 0.085823 0.343038
0.171005 0.086083 0.343301
0.171073 0.086344 0.343565
0.171160 0.086576 0.343726
0.171228 0.086839 0.343990
0.171316 0.087071 0.344151
0.171385 0.087336 0.344416
0.159261 0.066213 0.340409
0.159430 0.066403 0.340275
0.159599 0.066592 0.340142
0.159798 0.066772 0.339911
0.159966 0.066959 0.339776
0.160134 0.067146 0.339642
0.160301 0.067332 0.339507
0.160408 0.067536 0.339566
0.160544 0.067730 0.339528
0.160710 0.067914 0.339392
0.160876 0.068097 0.339256
0.161041 0.068279 0.339121
0.161176 0.068471 0.339082
0.161341 0.068651 0.338945
0.161534 0.068819 0.338711
0.161697 0.068998 0.338574
0.161860 0.069175 0.338437
0.162022 0.069352 0.338300
0.162184 0.069528 0.338162
0.162345 0.069703 0.338024
0.162478 0.069890 0.337983
0.162639 0.070063 0.337845
0.162771 0.070249 0.337804
0.162903 0.070434 0.337763
0.163006 0.070632 0.337821
0.163138 0.070817 0.337779
0.163242 0.071015 0.337836
0.163373 0.071198 0.337795
0.163476 0.071396 0.337852
0.163580 0.071594 0.337909
0.163684 0.071792 0.337966
0.163787 0.071990 0.338023
0.163891 0.072188 0.338080
0.164021 0.072370 0.338038
0.164125 0.072567 0.338095
0.164228 0.072765 0.338152
0.164332 0.072963 0.338209
0.164409 0.073177 0.338364
0.164513 0.073374 0.338421
0.164616 0.073572 0.338478
0.164720 0.073770 0.338535
0.164823 0.073968 0.338592
0.164953 0.074148 0.338550
0.165056 0.074346 0.338607
0.165160 0.074543 0.338664
0.165263 0.074741 0.338720
0.165392 0.074920 0.338678
0.165495 0.075118 0.338735
0.165599 0.075315 0.338791
0.165702 0.075512 0.338848
0.165806 0.075710 0.338905
0.165909 0.075907 0.338962
0.166012 0.076105 0.339019
0.166116 0.076302 0.339075
0.166219 0.076499 0.339132
0.166347 0.076676 0.339089
0.166450 0.076874 0.339146
0.166553 0.077071 0.339202
0.166657 0.077268 0.339259
0.166760 0.077465 0.339316
0.166863 0.077662 0.339373
0.166966 0.077859 0.339429
0.167070 0.078056 0.339486
0.167173 0.078254 0.339543
0.167276 0.078451 0.339599
0.167380 0.078648 0.339656
0.167483 0.078845 0.339713
0.167586 0.079042 0.339770
0.167689 0.079239 0.339826
0.167793 0.079437 0.339883
0.167896 0.079634 0.339940
0.167977 0.079855 0.340098
0.168080 0.080052 0.340154
0.168183 0.080249 0.340211
0.168287 0.080447 0.340268
0.168390 0.080644 0.340325
0.168472 0.080867 0.340483
0.168575 0.081064 0.340540
0.168679 0.081262 0.340597
0.168782 0.081459 0.340653
0.168864 0.081683 0.340812
0.168968 0.081881 0.340869
0.169072 0.082078 0.340926
0.169175 0.082276 0.340983
0.169279 0.082474 0.341040
0.169362 0.082699 0.341198
0.169445 0.082924 0.341357
0.169548 0.083122 0.341414
0.169652 0.083320 0.341471
0.169736 0.083546 0.341630
0.169840 0.083745 0.341688
0.169924 0.083971 0.341847
0.170028 0.084170 0.341904
0.170112 0.084397 0.342064
0.170216 0.084596 0.342121
0.170320 0.084795 0.342178
0.170405 0.085023 0.342338
0.170490 0.085252 0.342498
0.170575 0.085481 0.342658
0.170641 0.085740 0.342921
0.170727 0.085971 0.343081
0.170812 0.086201 0.343242
0.170880 0.086463 0.343505
0.170929 0.086756 0.343872
0.170997 0.087020 0.344136
0.171066 0.087284 0.344401
0.158798 0.066169 0.340770
0.159031 0.066343 0.340444
0.159231 0.066525 0.340214
0.159401 0.066714 0.340080
0.159570 0.066902 0.339946
0.159738 0.067090 0.339812
0.159906 0.067276 0.339678
0.160074 0.067462 0.339543
0.160211 0.067657 0.339505
0.160348 0.067851 0.339467
0.160514 0.068034 0.339332
0.160651 0.068227 0.339293
0.160816 0.068409 0.339157
0.160981 0.068590 0.339021
0.161146 0.068770 0.338885
0.161310 0.068950 0.338749
0.161503 0.069116 0.338515
0.161666 0.069294 0.338377
0.161829 0.069470 0.338240
0.161991 0.069646 0.338103
0.162153 0.069820 0.337965
0.162286 0.070007 0.337924
0.162447 0.070180 0.337786
0.162579 0.070366 0.337745
0.162712 0.070551 0.337705
0.162815 0.070749 0.337762
0.162919 0.070947 0.337819
0.163051 0.071131 0.337778
0.163155 0.071329 0.337835
0.163258 0.071527 0.337892
0.163362 0.071725 0.337949
0.163466 0.071924 0.338006
0.163570 0.072122 0.338063
0.163673 0.072320 0.338120
0.163804 0.072502 0.338078
0.163908 0.072700 0.338135
0.164011 0.072898 0.338192
0.164115 0.073095 0.338249
0.164218 0.073293 0.338306
0.164322 0.073491 0.338363
0.164426 0.073689 0.338419
0.164529 0.073887 0.338476
0.164633 0.074085 0.338533
0.164737 0.074282 0.338590
0.164866 0.074462 0.338548
0.164970 0.074660 0.338605
0.165073 0.074858 0.338662
0.165202 0.075037 0.338619
0.165305 0.075234 0.338676
0.165409 0.075431 0.338733
0.165512 0.075629 0.338790
0.165616 0.075826 0.338846
0.165719 0.076024 0.338903
0.165822 0.076221 0.338960
0.165926 0.076418 0.339017
0.166029 0.076616 0.339074
0.166132 0.076813 0.339130
0.166236 0.077010 0.339187
0.166339 0.077208 0.339244
0.166467 0.077384 0.339201
0.166570 0.077581 0.339257
0.166673 0.077778 0.339314
0.166777 0.077976 0.339371
0.166880 0.078173 0.339428
0.166983 0.078370 0.339484
0.167086 0.078567 0.339541
0.167190 0.078764 0.339598
0.167293 0.078961 0.339654
0.167396 0.079159 0.339711
0.167499 0.079356 0.339768
0.167603 0.079553 0.339825
0.167706 0.079750 0.339881
0.167787 0.079971 0.340039
0.167890 0.080169 0.340096
0.167993 0.080366 0.340153
0.168097 0.080563 0.340209
0.168178 0.080785 0.340367
0.168281 0.080983 0.340424
0.168385 0.081181 0.340481
0.168488 0.081378 0.340538
0.168570 0.081602 0.340696
0.168674 0.081799 0.340753
0.168777 0.081997 0.340810
0.168860 0.082221 0.340969
0.168963 0.082419 0.341026
0.169067 0.082617 0.341083
0.169150 0.082842 0.341241
0.169254 0.083041 0.341298
0.169358 0.083239 0.341355
0.169441 0.083465 0.341514
0.169545 0.083663 0.341572
0.169628 0.083890 0.341731
0.169732 0.084089 0.341788
0.169816 0.084316 0.341947
0.169920 0.084515 0.342005
0.170024 0.084714 0.342062
0.170109 0.084942 0.342221
0.170193 0.085170 0.342381
0.170278 0.085399 0.342541
0.170363 0.085629 0.342701
0.170448 0.085858 0.342861
0.170514 0.086119 0.343125
0.170600 0.086350 0.343285
0.170667 0.086612 0.343548
0.170716 0.086906 0.343915
0.170765 0.087201 0.344282
0.170814 0.087498 0.344650
0.158598 0.066292 0.340708
0.158707 0.066500 0.340768
0.159001 0.066656 0.340249
0.159110 0.066863 0.340309
0.159371 0.067024 0.339885
0.159479 0.067230 0.339945
0.159709 0.067397 0.339617
0.159877 0.067583 0.339482
0.160014 0.067777 0.339444
0.160181 0.067961 0.339309
0.160318 0.068154 0.339271
0.160455 0.068347 0.339233
0.160621 0.068529 0.339097
0.160786 0.068710 0.338961
0.160951 0.068890 0.338825
0.161116 0.069069 0.338689
0.161280 0.069247 0.338552
0.161444 0.069424 0.338415
0.161607 0.069601 0.338278
0.161770 0.069776 0.338141
0.161932 0.069951 0.338003
0.162094 0.070124 0.337865
0.162227 0.070310 0.337825
0.162360 0.070496 0.337784
0.162492 0.070681 0.337744
0.162625 0.070866 0.337703
0.162728 0.071064 0.337760
0.162832 0.071262 0.337817
0.162936 0.071461 0.337874
0.163040 0.071659 0.337931
0.163144 0.071857 0.337988
0.163248 0.072055 0.338045
0.163351 0.072254 0.338102
0.163455 0.072452 0.338159
0.163586 0.072634 0.338118
0.163690 0.072832 0.338175
0.163794 0.073031 0.338232
0.163897 0.073229 0.338289
0.164001 0.073427 0.338346
0.164105 0.073625 0.338403
0.164235 0.073806 0.338361
0.164339 0.074003 0.338418
0.164442 0.074201 0.338475
0.164546 0.074399 0.338532
0.164676 0.074579 0.338489
0.164779 0.074777 0.338546
0.164909 0.074956 0.338504
0.165012 0.075153 0.338561
0.165115 0.075350 0.338617
0.165219 0.075548 0.338674
0.165322 0.075745 0.338731
0.165425 0.075943 0.338788
0.165529 0.076140 0.338845
0.165632 0.076337 0.338901
0.165736 0.076535 0.338958
0.165839 0.076732 0.339015
0.165942 0.076930 0.339072
0.166046 0.077127 0.339129
0.166149 0.077324 0.339185
0.166277 0.077500 0.339142
0.166380 0.077698 0.339199
0.166483 0.077895 0.339256
0.166587 0.078092 0.339312
0.166690 0.078289 0.339369
0.166793 0.078486 0.339426
0.166896 0.078683 0.339482
0.167000 0.078881 0.339539
0.167103 0.079078 0.339596
0.167206 0.079275 0.339653
0.167310 0.079472 0.339709
0.167413 0.079669 0.339766
0.167516 0.079866 0.339823
0.167619 0.080064 0.339880
0.167700 0.080285 0.340037
0.167803 0.080482 0.340094
0.167907 0.080680 0.340151
0.167988 0.080902 0.340309
0.168091 0.081100 0.340366
0.168195 0.081297 0.340422
0.168276 0.081520 0.340581
0.168380 0.081718 0.340637
0.168483 0.081916 0.340694
0.168587 0.082114 0.340751
0.168669 0.082338 0.340910
0.168751 0.082563 0.341068
0.168855 0.082761 0.341125
0.168959 0.082959 0.341182
0.169063 0.083158 0.341240
0.169146 0.083383 0.341398
0.169250 0.083582 0.341456
0.169333 0.083808 0.341615
0.169416 0.084035 0.341774
0.169520 0.084234 0.341831
0.169625 0.084433 0.341888
0.169708 0.084661 0.342048
0.169813 0.084860 0.342105
0.169897 0.085088 0.342265
0.170001 0.085288 0.342322
0.170066 0.085547 0.342584
0.170151 0.085776 0.342745
0.170236 0.086007 0.342905
0.170302 0.086268 0.343168
0.170388 0.086499 0.343328
0.170435 0.086792 0.343694
0.170483 0.087087 0.344061
0.170513 0.087414 0.344531
0.158178 0.066474 0.341320
0.158288 0.066683 0.341380
0.158802 0.066778 0.340188
0.158910 0.066985 0.340247
0.159111 0.067164 0.340017
0.159219 0.067370 0.340077
0.159511 0.067518 0.339556
0.159680 0.067703 0.339422
0.159817 0.067898 0.339384
0.159985 0.068081 0.339249
0.160122 0.068275 0.339211
0.160259 0.068467 0.339172
0.160425 0.068649 0.339037
0.160591 0.068829 0.338901
0.160727 0.069021 0.338862
0.160892 0.069199 0.338726
0.161057 0.069378 0.338590
0.161221 0.069555 0.338453
0.161385 0.069731 0.338316
0.161577 0.069894 0.338081
0.161711 0.070081 0.338041
0.161874 0.070255 0.337904
0.162036 0.070428 0.337766
0.162169 0.070613 0.337725
0.162301 0.070798 0.337685
0.162434 0.070983 0.337644
0.162537 0.071181 0.337701
0.162641 0.071379 0.337758
0.162745 0.071578 0.337815
0.162849 0.071776 0.337872
0.162953 0.071974 0.337929
0.163057 0.072172 0.337986
0.163160 0.072371 0.338043
0.163264 0.072569 0.338100
0.163368 0.072767 0.338157
0.163472 0.072965 0.338214
0.163576 0.073164 0.338271
0.163680 0.073362 0.338329
0.163810 0.073543 0.338287
0.163914 0.073741 0.338344
0.164018 0.073939 0.338401
0.164148 0.074120 0.338359
0.164252 0.074318 0.338416
0.164356 0.074516 0.338473
0.164485 0.074695 0.338431
0.164589 0.074893 0.338488
0.164718 0.075072 0.338445
0.164822 0.075270 0.338502
0.164925 0.075467 0.338559
0.165029 0.075664 0.338616
0.165132 0.075862 0.338672
0.165235 0.076059 0.338729
0.165339 0.076256 0.338786
0.165442 0.076454 0.338843
0.165546 0.076651 0.338900
0.165649 0.076849 0.338956
0.165752 0.077046 0.339013
0.165856 0.077243 0.339070
0.165959 0.077441 0.339127
0.166087 0.077617 0.339084
0.166190 0.077814 0.339140
0.166294 0.078011 0.339197
0.166397 0.078208 0.339254
0.166500 0.078405 0.339310
0.166603 0.078603 0.339367
0.166707 0.078800 0.339424
0.166810 0.078997 0.339481
0.166913 0.079194 0.339537
0.167016 0.079391 0.339594
0.167120 0.079588 0.339651
0.167223 0.079785 0.339708
0.167326 0.079983 0.339764
0.167430 0.080180 0.339821
0.167510 0.080401 0.339979
0.167613 0.080599 0.340035
0.167717 0.080796 0.340092
0.167820 0.080994 0.340149
0.167901 0.081216 0.340307
0.168004 0.081414 0.340364
0.168108 0.081611 0.340421
0.168189 0.081835 0.340579
0.168293 0.082033 0.340636
0.168375 0.082257 0.340794
0.168478 0.082455 0.340851
0.168560 0.082680 0.341010
0.168664 0.082878 0.341067
0.168768 0.083076 0.341124
0.168851 0.083302 0.341282
0.168954 0.083501 0.341339
0.169037 0.083727 0.341498
0.169120 0.083954 0.341658
0.169225 0.084153 0.341715
0.169308 0.084380 0.341874
0.169412 0.084579 0.341931
0.169517 0.084778 0.341989
0.169601 0.085007 0.342148
0.169705 0.085206 0.342206
0.169789 0.085435 0.342365
0.169874 0.085665 0.342525
0.169958 0.085894 0.342685
0.170023 0.086155 0.342948
0.170089 0.086417 0.343211
0.170174 0.086648 0.343371
0.170221 0.086942 0.343737
0.170249 0.087269 0.344207
0.170259 0.087628 0.344779
0.157251 0.066794 0.343470
0.157615 0.066939 0.342762
0.157726 0.067152 0.342823
0.158913 0.067286 0.339956
0.159021 0.067492 0.340015
0.159314 0.067639 0.339495
0.159513 0.067814 0.339264
0.159651 0.068008 0.339226
0.159758 0.068212 0.339285
0.159926 0.068395 0.339150
0.160032 0.068599 0.339209
0.160199 0.068780 0.339074
0.160366 0.068960 0.338938
0.160532 0.069140 0.338802
0.160668 0.069330 0.338763
0.160833 0.069509 0.338627
0.160998 0.069686 0.338491
0.161162 0.069862 0.338354
0.161326 0.070037 0.338217
0.161519 0.070199 0.337982
0.161682 0.070373 0.337845
0.161815 0.070559 0.337804
0.161948 0.070744 0.337764
0.162081 0.070929 0.337723
0.162214 0.071114 0.337683
0.162318 0.071312 0.337740
0.162450 0.071496 0.337699
0.162554 0.071695 0.337756
0.162658 0.071893 0.337813
0.162762 0.072091 0.337870
0.162866 0.072289 0.337927
0.162970 0.072488 0.337984
0.163073 0.072686 0.338041
0.163177 0.072884 0.338099
0.163281 0.073082 0.338156
0.163385 0.073281 0.338213
0.163489 0.073479 0.338270
0.163620 0.073660 0.338228
0.163724 0.073858 0.338285
0.163827 0.074056 0.338342
0.163958 0.074237 0.338300
0.164061 0.074435 0.338357
0.164165 0.074632 0.338414
0.164295 0.074812 0.338372
0.164399 0.075010 0.338429
0.164502 0.075207 0.338486
0.164632 0.075386 0.338443
0.164735 0.075583 0.338500
0.164839 0.075781 0.338557
0.164942 0.075978 0.338614
0.165045 0.076175 0.338671
0.165149 0.076373 0.338727
0.165252 0.076570 0.338784
0.165355 0.076768 0.338841
0.165459 0.076965 0.338898
0.165562 0.077162 0.338955
0.165666 0.077360 0.339011
0.165769 0.077557 0.339068
0.165897 0.077733 0.339025
0.166000 0.077930 0.339082
0.166104 0.078127 0.339139
0.166207 0.078325 0.339195
0.166310 0.078522 0.339252
0.166413 0.078719 0.339309
0.166517 0.078916 0.339365
0.166620 0.079113 0.339422
0.166723 0.079310 0.339479
0.166827 0.079507 0.339536
0.166930 0.079705 0.339592
0.167033 0.079902 0.339649
0.167136 0.080099 0.339706
0.167240 0.080296 0.339763
0.167320 0.080518 0.339920
0.167423 0.080715 0.339977
0.167527 0.080913 0.340034
0.167630 0.081110 0.340090
0.167711 0.081333 0.340248
0.167814 0.081530 0.340305
0.167918 0.081728 0.340362
0.167999 0.081952 0.340520
0.168102 0.082149 0.340577
0.168184 0.082374 0.340735
0.168288 0.082572 0.340792
0.168369 0.082797 0.340951
0.168473 0.082995 0.341008
0.168555 0.083221 0.341166
0.168659 0.083419 0.341223
0.168742 0.083645 0.341382
0.168825 0.083872 0.341541
0.168929 0.084071 0.341599
0.169012 0.084298 0.341758
0.169116 0.084498 0.341815
0.169221 0.084697 0.341872
0.169304 0.084925 0.342032
0.169409 0.085124 0.342089
0.169492 0.085353 0.342249
0.169577 0.085583 0.342408
0.169661 0.085812 0.342568
0.169745 0.086043 0.342728
0.169810 0.086304 0.342991
0.169895 0.086535 0.343151
0.169941 0.086829 0.343517
0.169988 0.087123 0.343883
0.169976 0.087514 0.344557
0.157044 0.066921 0.343406
0.157409 0.067065 0.342699
0.157521 0.067278 0.342760
0.158714 0.067407 0.339895
0.158822 0.067614 0.339954
0.159147 0.067750 0.339338
0.159317 0.067934 0.339204
0.159454 0.068128 0.339166
0.159561 0.068333 0.339225
0.159699 0.068526 0.339187
0.159836 0.068719 0.339148
0.160004 0.068900 0.339013
0.160171 0.069080 0.338878
0.160307 0.069271 0.338839
0.160473 0.069450 0.338703
0.160639 0.069628 0.338567
0.160774 0.069817 0.338528
0.160939 0.069993 0.338391
0.161133 0.070156 0.338157
0.161297 0.070330 0.338020
0.161431 0.070517 0.337980
0.161594 0.070689 0.337843
0.161728 0.070875 0.337803
0.161861 0.071060 0.337762
0.162023 0.071231 0.337624
0.162127 0.071429 0.337681
0.162259 0.071613 0.337640
0.162363 0.071811 0.337697
0.162467 0.072010 0.337754
0.162571 0.072208 0.337811
0.162675 0.072406 0.337869
0.162779 0.072604 0.337926
0.162882 0.072803 0.337983
0.162986 0.073001 0.338040
0.163090 0.073199 0.338097
0.163194 0.073398 0.338154
0.163298 0.073596 0.338211
0.163429 0.073777 0.338169
0.163533 0.073975 0.338226
0.163637 0.074173 0.338283
0.163767 0.074353 0.338242
0.163871 0.074551 0.338298
0.163975 0.074749 0.338355
0.164105 0.074929 0.338313
0.164208 0.075126 0.338370
0.164312 0.075324 0.338427
0.164415 0.075521 0.338484
0.164545 0.075700 0.338442
0.164648 0.075897 0.338498
0.164752 0.076095 0.338555
0.164855 0.076292 0.338612
0.164959 0.076489 0.338669
0.165062 0.076687 0.338726
0.165165 0.076884 0.338782
0.165269 0.077081 0.338839
0.165372 0.077279 0.338896
0.165476 0.077476 0.338953
0.165579 0.077674 0.339010
0.165707 0.077849 0.338967
0.165811 0.078046 0.339023
0.165914 0.078244 0.339080
0.166017 0.078441 0.339137
0.166120 0.078638 0.339193
0.166224 0.078835 0.339250
0.166327 0.079032 0.339307
0.166430 0.079229 0.339364
0.166533 0.079427 0.339420
0.166637 0.079624 0.339477
0.166740 0.079821 0.339534
0.166843 0.080018 0.339591
0.166946 0.080215 0.339647
0.167050 0.080412 0.339704
0.167130 0.080634 0.339861
0.167233 0.080832 0.339918
0.167336 0.081029 0.339975
0.167440 0.081226 0.340032
0.167543 0.081424 0.340089
0.167624 0.081647 0.340246
0.167727 0.081844 0.340303
0.167808 0.082068 0.340461
0.167912 0.082266 0.340518
0.167993 0.082491 0.340676
0.168075 0.082715 0.340835
0.168178 0.082914 0.340892
0.168282 0.083112 0.340949
0.168364 0.083338 0.341107
0.168468 0.083536 0.341165
0.168551 0.083763 0.341323
0.168633 0.083989 0.341482
0.168737 0.084188 0.341540
0.168820 0.084416 0.341699
0.168924 0.084615 0.341756
0.169008 0.084843 0.341915
0.169112 0.085043 0.341973
0.169196 0.085271 0.342132
0.169280 0.085501 0.342292
0.169364 0.085730 0.342451
0.169468 0.085930 0.342509
0.169532 0.086191 0.342771
0.169617 0.086422 0.342931
0.169682 0.086684 0.343194
0.169727 0.086978 0.343560
0.169753 0.087305 0.344028
0.169780 0.087634 0.344497
0.158950 0.067871 0.339277
0.159120 0.068055 0.339143
0.159258 0.068249 0.339105
0.159365 0.068453 0.339164
0.159502 0.068646 0.339126
0.159640 0.068839 0.339088
0.159808 0.069020 0.338953
0.159945 0.069211 0.338914
0.160081 0.069402 0.338876
0.160248 0.069581 0.338740
0.160384 0.069771 0.338701
0.160550 0.069948 0.338565
0.160716 0.070125 0.338429
0.160881 0.070300 0.338292
0.161045 0.070474 0.338156
0.161209 0.070648 0.338018
0.161373 0.070821 0.337881
0.161536 0.070993 0.337743
0.161669 0.071178 0.337703
0.161803 0.071362 0.337663
0.161936 0.071546 0.337622
0.162040 0.071745 0.337679
0.162144 0.071943 0.337736
0.162248 0.072142 0.337793
0.162380 0.072325 0.337753
0.162484 0.072523 0.337810
0.162588 0.072721 0.337867
0.162692 0.072920 0.337924
0.162795 0.073118 0.337981
0.162899 0.073316 0.338038
0.163003 0.073514 0.338095
0.163107 0.073713 0.338152
0.163238 0.073894 0.338111
0.163342 0.074092 0.338168
0.163446 0.074290 0.338225
0.163577 0.074470 0.338183
0.163680 0.074668 0.338240
0.163784 0.074866 0.338297
0.163888 0.075064 0.338354
0.164018 0.075243 0.338312
0.164122 0.075440 0.338368
0.164225 0.075638 0.338425
0.164329 0.075836 0.338482
0.164432 0.076033 0.338539
0.164562 0.076211 0.338497
0.164665 0.076408 0.338553
0.164769 0.076606 0.338610
0.164872 0.076803 0.338667
0.164975 0.077000 0.338724
0.165079 0.077198 0.338781
0.165182 0.077395 0.338837
0.165285 0.077593 0.338894
0.165389 0.077790 0.338951
0.165517 0.077966 0.338908
0.165621 0.078163 0.338965
0.165724 0.078360 0.339021
0.165827 0.078557 0.339078
0.165930 0.078754 0.339135
0.166034 0.078951 0.339192
0.166137 0.079149 0.339248
0.166240 0.079346 0.339305
0.166344 0.079543 0.339362
0.166447 0.079740 0.339419
0.166550 0.079937 0.339475
0.166653 0.080134 0.339532
0.166757 0.080332 0.339589
0.166860 0.080529 0.339645
0.166940 0.080751 0.339803
0.167043 0.080948 0.339860
0.167146 0.081145 0.339916
0.167250 0.081343 0.339973
0.167353 0.081540 0.340030
0.167434 0.081763 0.340188
0.167537 0.081961 0.340245
0.167618 0.082185 0.340403
0.167721 0.082383 0.340460
0.167802 0.082607 0.340618
0.167884 0.082832 0.340776
0.167988 0.083031 0.340833
0.168091 0.083229 0.340890
0.168173 0.083455 0.341049
0.168255 0.083681 0.341207
0.168337 0.083908 0.341366
0.168442 0.084107 0.341423
0.168524 0.084334 0.341582
0.168628 0.084533 0.341639
0.168711 0.084761 0.341799
0.168816 0.084961 0.341856
0.168899 0.085190 0.342015
0.168982 0.085419 0.342175
0.169087 0.085618 0.342232
0.169171 0.085848 0.342392
0.169255 0.086079 0.342552
0.169339 0.086309 0.342712
0.169403 0.086571 0.342974
0.169447 0.086865 0.343339
0.169512 0.087129 0.343602
0.169437 0.087613 0.344583
0.158923 0.068176 0.339082
0.159061 0.068369 0.339045
0.159168 0.068573 0.339103
0.159306 0.068766 0.339065
0.159444 0.068959 0.339027
0.159581 0.069151 0.338989
0.159718 0.069343 0.338951
0.159886 0.069522 0.338816
0.160023 0.069713 0.338777
0.160190 0.069890 0.338641
0.160326 0.070080 0.338603
0.160492 0.070256 0.338466
0.160657 0.070431 0.338330
0.160822 0.070606 0.338193
0.160987 0.070779 0.338056
0.161151 0.070952 0.337919
0.161315 0.071124 0.337782
0.161448 0.071309 0.337742
0.161582 0.071494 0.337701
0.161715 0.071678 0.337661
0.161848 0.071862 0.337620
0.161952 0.072060 0.337677
0.162056 0.072259 0.337735
0.162160 0.072457 0.337792
0.162293 0.072640 0.337751
0.162397 0.072838 0.337808
0.162501 0.073037 0.337865
0.162604 0.073235 0.337922
0.162708 0.073433 0.337979
0.162812 0.073631 0.338036
0.162944 0.073813 0.337995
0.163048 0.074011 0.338052
0.163151 0.074209 0.338109
0.163255 0.074407 0.338166
0.163359 0.074605 0.338223
0.163490 0.074785 0.338181
0.163594 0.074982 0.338238
0.163697 0.075180 0.338295
0.163801 0.075378 0.338352
0.163931 0.075557 0.338310
0.164035 0.075754 0.338367
0.164138 0.075952 0.338423
0.164242 0.076150 0.338480
0.164345 0.076347 0.338537
0.164449 0.076545 0.338594
0.164578 0.076722 0.338552
0.164682 0.076919 0.338608
0.164785 0.077117 0.338665
0.164889 0.077314 0.338722
0.164992 0.077512 0.338779
0.165095 0.077709 0.338836
0.165199 0.077906 0.338892
0.165328 0.078082 0.338849
0.165431 0.078279 0.338906
0.165534 0.078476 0.338963
0.165637 0.078673 0.339020
0.165741 0.078871 0.339076
0.165844 0.079068 0.339133
0.165947 0.079265 0.339190
0.166050 0.079462 0.339247
0.166154 0.079659 0.339303
0.166257 0.079856 0.339360
0.166360 0.080054 0.339417
0.166463 0.080251 0.339473
0.166567 0.080448 0.339530
0.166670 0.080645 0.339587
0.166749 0.080867 0.339744
0.166853 0.081064 0.339801
0.166956 0.081262 0.339858
0.167060 0.081459 0.339915
0.167163 0.081657 0.339971
0.167243 0.081880 0.340129
0.167347 0.082078 0.340186
0.167450 0.082275 0.340243
0.167531 0.082499 0.340401
0.167612 0.082724 0.340559
0.167693 0.082949 0.340717
0.167797 0.083148 0.340774
0.167900 0.083346 0.340831
0.167982 0.083572 0.340990
0.168064 0.083798 0.341148
0.168146 0.084025 0.341307
0.168250 0.084224 0.341364
0.168332 0.084452 0.341523
0.168415 0.084680 0.341682
0.168519 0.084879 0.341739
0.168602 0.085108 0.341899
0.168685 0.085337 0.342058
0.168790 0.085537 0.342116
0.168874 0.085766 0.342275
0.168957 0.085996 0.342435
0.169041 0.086227 0.342595
0.169125 0.086458 0.342754
0.169189 0.086720 0.343017
0.169233 0.087015 0.343382
0.169277 0.087310 0.343747
0.169180 0.087828 0.344830
0.158726 0.068296 0.339022
0.158865 0.068490 0.338984
0.158971 0.068694 0.339043
0.159078 0.068898 0.339101
0.159216 0.069091 0.339064
0.159354 0.069283 0.339026
0.159523 0.069463 0.338891
0.159660 0.069654 0.338852
0.159797 0.069845 0.338814
0.159934 0.070035 0.338775
0.160101 0.070212 0.338640
0.160267 0.070388 0.338504
0.160433 0.070563 0.338367
0.160599 0.070738 0.338231
0.160764 0.070911 0.338094
0.160929 0.071084 0.337957
0.161093 0.071256 0.337820
0.161227 0.071441 0.337780
0.161361 0.071626 0.337740
0.161524 0.071795 0.337602
0.161657 0.071979 0.337561
0.161761 0.072177 0.337619
0.161865 0.072376 0.337676
0.161998 0.072559 0.337635
0.162102 0.072757 0.337692
0.162206 0.072955 0.337749
0.162310 0.073154 0.337806
0.162414 0.073352 0.337863
0.162517 0.073550 0.337920
0.162621 0.073748 0.337977
0.162753 0.073929 0.337936
0.162857 0.074127 0.337993
0.162961 0.074325 0.338050
0.163064 0.074523 0.338107
0.163168 0.074722 0.338164
0.163272 0.074920 0.338221
0.163403 0.075099 0.338179
0.163507 0.075297 0.338236
0.163610 0.075495 0.338293
0.163714 0.075693 0.338350
0.163817 0.075890 0.338407
0.163948 0.076069 0.338365
0.164051 0.076266 0.338422
0.164155 0.076464 0.338479
0.164258 0.076661 0.338535
0.164362 0.076859 0.338592
0.164492 0.077036 0.338550
0.164595 0.077233 0.338607
0.164698 0.077431 0.338663
0.164802 0.077628 0.338720
0.164905 0.077825 0.338777
0.165034 0.078001 0.338734
0.165138 0.078198 0.338791
0.165241 0.078395 0.338848
0.165344 0.078593 0.338904
0.165447 0.078790 0.338961
0.165551 0.078987 0.339018
0.165654 0.079184 0.339075
0.165757 0.079381 0.339131
0.165861 0.079578 0.339188
0.165964 0.079775 0.339245
0.166067 0.079973 0.339301
0.166170 0.080170 0.339358
0.166274 0.080367 0.339415
0.166377 0.080564 0.339472
0.166480 0.080761 0.339528
0.166583 0.080958 0.339585
0.166663 0.081181 0.339742
0.166766 0.081378 0.339799
0.166870 0.081576 0.339856
0.166973 0.081773 0.339913
0.167076 0.081970 0.339970
0.167156 0.082194 0.340127
0.167260 0.082392 0.340184
0.167340 0.082616 0.340342
0.167421 0.082841 0.340500
0.167502 0.083066 0.340658
0.167606 0.083265 0.340715
0.167710 0.083463 0.340772
0.167791 0.083689 0.340931
0.167872 0.083916 0.341089
0.167954 0.084143 0.341248
0.168036 0.084370 0.341407
0.168141 0.084569 0.341464
0.168223 0.084797 0.341623
0.168306 0.085026 0.341782
0.168410 0.085225 0.341839
0.168493 0.085455 0.341999
0.168576 0.085684 0.342158
0.168681 0.085884 0.342216
0.168743 0.086145 0.342477
0.168806 0.086406 0.342739
0.168890 0.086638 0.342899
0.168954 0.086901 0.343162
0.169018 0.087165 0.343424
0.158636 0.068621 0.339020
0.158775 0.068814 0.338982
0.158882 0.069018 0.339041
0.159020 0.069211 0.339003
0.159158 0.069403 0.338965
0.159296 0.069595 0.338927
0.159433 0.069786 0.338889
0.159571 0.069977 0.338850
0.159708 0.070167 0.338812
0.159875 0.070344 0.338677
0.160042 0.070520 0.338541
0.160209 0.070695 0.338405
0.160375 0.070870 0.338268
0.160541 0.071043 0.338132
0.160706 0.071216 0.337995
0.160871 0.071388 0.337858
0.161035 0.071559 0.337721
0.161169 0.071743 0.337681
0.161303 0.071927 0.337640
0.161437 0.072111 0.337600
0.161570 0.072295 0.337560
0.161674 0.072493 0.337617
0.161807 0.072676 0.337576
0.161911 0.072874 0.337633
0.162015 0.073072 0.337690
0.162119 0.073270 0.337747
0.162223 0.073469 0.337804
0.162326 0.073667 0.337861
0.162430 0.073865 0.337918
0.162534 0.074064 0.337975
0.162638 0.074262 0.338032
0.162742 0.074460 0.338089
0.162874 0.074640 0.338048
0.162977 0.074838 0.338105
0.163081 0.075036 0.338162
0.163185 0.075234 0.338219
0.163289 0.075432 0.338276
0.163420 0.075611 0.338234
0.163523 0.075809 0.338291
0.163627 0.076007 0.338348
0.163731 0.076205 0.338405
0.163861 0.076383 0.338363
0.163965 0.076580 0.338420
0.164068 0.076778 0.338477
0.164172 0.076976 0.338534
0.164275 0.077173 0.338590
0.164405 0.077350 0.338548
0.164508 0.077547 0.338605
0.164612 0.077744 0.338662
0.164715 0.077942 0.338718
0.164844 0.078117 0.338676
0.164948 0.078314 0.338732
0.165051 0.078512 0.338789
0.165154 0.078709 0.338846
0.165258 0.078906 0.338903
0.165361 0.079103 0.338959
0.165464 0.079300 0.339016
0.165567 0.079497 0.339073
0.165671 0.079695 0.339130
0.165774 0.079892 0.339186
0.165877 0.080089 0.339243
0.165980 0.080286 0.339300
0.166084 0.080483 0.339356
0.166187 0.080680 0.339413
0.166290 0.080878 0.339470
0.166394 0.081075 0.339527
0.166497 0.081272 0.339583
0.166576 0.081495 0.339741
0.166679 0.081692 0.339797
0.166783 0.081889 0.339854
0.166886 0.082087 0.339911
0.166966 0.082311 0.340069
0.167070 0.082508 0.340126
0.167150 0.082733 0.340283
0.167230 0.082958 0.340441
0.167311 0.083183 0.340599
0.167415 0.083381 0.340656
0.167519 0.083580 0.340713
0.167600 0.083806 0.340872
0.167681 0.084033 0.341030
0.167763 0.084260 0.341189
0.167844 0.084487 0.341348
0.167927 0.084715 0.341506
0.168031 0.084915 0.341564
0.168091 0.085173 0.341824
0.168196 0.085373 0.341882
0.168301 0.085572 0.341939
0.168384 0.085802 0.342099
0.168488 0.086002 0.342156
0.168550 0.086263 0.342418
0.168612 0.086525 0.342680
0.168696 0.086757 0.342839
0.168760 0.087020 0.343102
0.168823 0.087284 0.343364
0.168699 0.087833 0.344548
0.158408 0.068753 0.339055
0.158546 0.068946 0.339018
0.158654 0.069150 0.339077
0.158792 0.069343 0.339039
0.158930 0.069535 0.339001
0.159069 0.069727 0.338963
0.159238 0.069906 0.338828
0.159375 0.070097 0.338790
0.159513 0.070287 0.338752
0.159650 0.070477 0.338713
0.159817 0.070653 0.338578
0.159984 0.070828 0.338442
0.160151 0.071002 0.338306
0.160317 0.071176 0.338169
0.160483 0.071348 0.338033
0.160648 0.071520 0.337896
0.160813 0.071691 0.337759
0.160977 0.071861 0.337622
0.161112 0.072045 0.337581
0.161245 0.072228 0.337541
0.161379 0.072412 0.337501
0.161483 0.072610 0.337558
0.161587 0.072809 0.337615
0.161720 0.072991 0.337574
0.161824 0.073189 0.337631
0.161928 0.073387 0.337688
0.162032 0.073586 0.337745
0.162136 0.073784 0.337802
0.162239 0.073982 0.337860
0.162343 0.074180 0.337917
0.162447 0.074379 0.337974
0.162551 0.074577 0.338031
0.162655 0.074775 0.338088
0.162759 0.074973 0.338145
0.162862 0.075172 0.338202
0.162966 0.075370 0.338259
0.163098 0.075549 0.338217
0.163202 0.075747 0.338274
0.163305 0.075945 0.338331
0.163436 0.076124 0.338289
0.163540 0.076322 0.338346
0.163644 0.076519 0.338403
0.163774 0.076697 0.338361
0.163878 0.076895 0.338418
0.163981 0.077092 0.338475
0.164085 0.077290 0.338532
0.164215 0.077466 0.338489
0.164318 0.077664 0.338546
0.164422 0.077861 0.338603
0.164525 0.078058 0.338660
0.164655 0.078234 0.338617
0.164758 0.078431 0.338674
0.164861 0.078628 0.338731
0.164964 0.078825 0.338787
0.165068 0.079022 0.338844
0.165171 0.079219 0.338901
0.165274 0.079417 0.338958
0.165377 0.079614 0.339014
0.165481 0.079811 0.339071
0.165584 0.080008 0.339128
0.165687 0.080205 0.339184
0.165791 0.080402 0.339241
0.165894 0.080600 0.339298
0.165997 0.080797 0.339355
0.166100 0.080994 0.339411
0.166204 0.081191 0.339468
0.166307 0.081388 0.339525
0.166386 0.081611 0.339682
0.166489 0.081808 0.339739
0.166593 0.082006 0.339796
0.166696 0.082203 0.339852
0.166776 0.082427 0.340010
0.166879 0.082625 0.340067
0.166959 0.082849 0.340225
0.167040 0.083075 0.340383
0.167120 0.083300 0.340541
0.167224 0.083498 0.340598
0.167328 0.083697 0.340655
0.167409 0.083923 0.340813
0.167490 0.084150 0.340971
0.167571 0.084377 0.341130
0.167653 0.084605 0.341288
0.167735 0.084833 0.341447
0.167839 0.085032 0.341505
0.167899 0.085291 0.341765
0.168004 0.085490 0.341823
0.168086 0.085720 0.341982
0.168191 0.085920 0.342039
0.168252 0.086181 0.342301
0.168335 0.086412 0.342460
0.168419 0.086643 0.342620
0.168481 0.086906 0.342882
0.168544 0.087170 0.343144
0.168586 0.087466 0.343509
0.158178 0.068885 0.339091
0.158286 0.069089 0.339150
0.158425 0.069283 0.339112
0.158564 0.069475 0.339075
0.158702 0.069668 0.339037
0.158841 0.069859 0.338999
0.158979 0.070051 0.338961
0.159148 0.070229 0.338827
0.159286 0.070419 0.338788
0.159423 0.070609 0.338750
0.159592 0.070785 0.338615
0.159759 0.070960 0.338479
0.159957 0.071121 0.338246
0.160124 0.071294 0.338110
0.160290 0.071466 0.337973
0.160456 0.071638 0.337837
0.160621 0.071808 0.337700
0.160786 0.071978 0.337562
0.160920 0.072162 0.337522
0.161054 0.072346 0.337482
0.161188 0.072529 0.337442
0.161292 0.072727 0.337499
0.161396 0.072926 0.337556
0.161529 0.073108 0.337515
0.161633 0.073306 0.337572
0.161737 0.073504 0.337630
0.161841 0.073703 0.337687
0.161945 0.073901 0.337744
0.162048 0.074099 0.337801
0.162152 0.074297 0.337858
0.162256 0.074496 0.337915
0.162360 0.074694 0.337972
0.162464 0.074892 0.338029
0.162568 0.075090 0.338086
0.162671 0.075289 0.338143
0.162775 0.075487 0.338200
0.162879 0.075685 0.338257
0.163011 0.075864 0.338215
0.163115 0.076062 0.338272
0.163218 0.076260 0.338329
0.163350 0.076438 0.338288
0.163453 0.076636 0.338345
0.163584 0.076813 0.338303
0.163688 0.077011 0.338359
0.163791 0.077209 0.338416
0.163895 0.077406 0.338473
0.164025 0.077583 0.338431
0.164128 0.077780 0.338488
0.164232 0.077977 0.338544
0.164335 0.078175 0.338601
0.164465 0.078350 0.338559
0.164568 0.078547 0.338615
0.164671 0.078744 0.338672
0.164775 0.078941 0.338729
0.164878 0.079139 0.338786
0.164981 0.079336 0.338842
0.165084 0.079533 0.338899
0.165188 0.079730 0.338956
0.165291 0.079927 0.339012
0.165394 0.080124 0.339069
0.165497 0.080322 0.339126
0.165601 0.080519 0.339183
0.165704 0.080716 0.339239
0.165807 0.080913 0.339296
0.165911 0.081110 0.339353
0.166014 0.081307 0.339410
0.166117 0.081504 0.339466
0.166196 0.081728 0.339623
0.166299 0.081925 0.339680
0.166403 0.082122 0.339737
0.166506 0.082320 0.339794
0.166586 0.082544 0.339951
0.166689 0.082741 0.340008
0.166769 0.082966 0.340166
0.166849 0.083191 0.340324
0.166929 0.083417 0.340482
0.167010 0.083643 0.340640
0.167113 0.083842 0.340697
0.167217 0.084040 0.340754
0.167275 0.084296 0.341014
0.167357 0.084523 0.341172
0.167461 0.084722 0.341229
0.167543 0.084951 0.341388
0.167624 0.085179 0.341547
0.167707 0.085409 0.341706
0.167789 0.085638 0.341865
0.167894 0.085838 0.341922
0.167954 0.086099 0.342183
0.168037 0.086330 0.342343
0.168120 0.086561 0.342503
0.168182 0.086824 0.342764
0.168244 0.087087 0.343026
0.168307 0.087352 0.343288
0.168306 0.087712 0.343857
0.157615 0.068890 0.339740
0.157884 0.069039 0.339319
0.158024 0.069233 0.339282
0.158164 0.069427 0.339244
0.158335 0.069608 0.339111
0.158474 0.069800 0.339073
0.158613 0.069992 0.339035
0.158783 0.070171 0.338901
0.158921 0.070362 0.338863
0.159059 0.070552 0.338825
0.159197 0.070742 0.338786
0.159365 0.070918 0.338651
0.159534 0.071093 0.338516
0.159732 0.071254 0.338283
0.159899 0.071427 0.338147
0.160066 0.071599 0.338011
0.160263 0.071756 0.337777
0.160398 0.071941 0.337738
0.160564 0.072111 0.337601
0.160698 0.072295 0.337561
0.160863 0.072463 0.337423
0.160967 0.072661 0.337480
0.161101 0.072844 0.337440
0.161205 0.073043 0.337497
0.161309 0.073241 0.337554
0.161413 0.073440 0.337611
0.161546 0.073621 0.337571
0.161650 0.073820 0.337628
0.161754 0.074018 0.337685
0.161858 0.074216 0.337742
0.161961 0.074414 0.337799
0.162065 0.074613 0.337856
0.162169 0.074811 0.337913
0.162273 0.075009 0.337970
0.162377 0.075207 0.338027
0.162481 0.075406 0.338084
0.162584 0.075604 0.338141
0.162688 0.075802 0.338198
0.162792 0.076000 0.338255
0.162924 0.076179 0.338214
0.163028 0.076377 0.338271
0.163159 0.076555 0.338229
0.163263 0.076753 0.338286
0.163366 0.076951 0.338343
0.163497 0.077128 0.338301
0.163601 0.077325 0.338358
0.163704 0.077523 0.338414
0.163835 0.077699 0.338372
0.163938 0.077896 0.338429
0.164042 0.078094 0.338486
0.164145 0.078291 0.338543
0.164275 0.078466 0.338500
0.164378 0.078663 0.338557
0.164481 0.078861 0.338614
0.164585 0.079058 0.338670
0.164688 0.079255 0.338727
0.164791 0.079452 0.338784
0.164894 0.079649 0.338840
0.164998 0.079846 0.338897
0.165101 0.080043 0.338954
0.165204 0.080241 0.339011
0.165308 0.080438 0.339067
0.165411 0.080635 0.339124
0.165514 0.080832 0.339181
0.165617 0.081029 0.339238
0.165721 0.081226 0.339294
0.165824 0.081424 0.339351
0.165927 0.081621 0.339408
0.166006 0.081844 0.339565
0.166109 0.082041 0.339622
0.166213 0.082239 0.339678
0.166316 0.082436 0.339735
0.166395 0.082660 0.339893
0.166499 0.082858 0.339950
0.166578 0.083083 0.340107
0.166658 0.083308 0.340265
0.166738 0.083534 0.340423
0.166818 0.083760 0.340581
0.166922 0.083959 0.340638
0.167003 0.084186 0.340796
0.167084 0.084413 0.340954
0.167165 0.084641 0.341113
0.167246 0.084869 0.341272
0.167328 0.085098 0.341430
0.167409 0.085327 0.341589
0.167491 0.085556 0.341748
0.167551 0.085816 0.342009
0.167656 0.086016 0.342066
0.167716 0.086278 0.342327
0.167799 0.086509 0.342487
0.167883 0.086741 0.342646
0.167966 0.086973 0.342806
0.168006 0.087269 0.343170
0.168003 0.087628 0.343738
0.156674 0.068771 0.341095
0.157111 0.068871 0.340195
0.157416 0.069011 0.339679
0.157524 0.069218 0.339738
0.157762 0.069378 0.339413
0.157934 0.069560 0.339280
0.158106 0.069741 0.339146
0.158245 0.069933 0.339109
0.158384 0.070125 0.339071
0.158523 0.070317 0.339033
0.158693 0.070495 0.338899
0.158832 0.070685 0.338861
0.158970 0.070875 0.338823
0.159139 0.071051 0.338688
0.159339 0.071213 0.338456
0.159507 0.071387 0.338320
0.159706 0.071545 0.338087
0.159873 0.071717 0.337951
0.160040 0.071889 0.337815
0.160206 0.072059 0.337678
0.160372 0.072228 0.337541
0.160506 0.072412 0.337502
0.160641 0.072596 0.337462
0.160775 0.072779 0.337421
0.160879 0.072977 0.337479
0.161014 0.073160 0.337438
0.161117 0.073358 0.337495
0.161221 0.073557 0.337552
0.161325 0.073755 0.337610
0.161429 0.073954 0.337667
0.161533 0.074152 0.337724
0.161637 0.074351 0.337781
0.161741 0.074549 0.337838
0.161845 0.074748 0.337895
0.161949 0.074946 0.337952
0.162053 0.075145 0.338009
0.162157 0.075343 0.338066
0.162290 0.075523 0.338025
0.162393 0.075721 0.338082
0.162497 0.075919 0.338139
0.162601 0.076117 0.338196
0.162733 0.076296 0.338155
0.162837 0.076494 0.338212
0.162969 0.076672 0.338170
0.163072 0.076869 0.338227
0.163176 0.077067 0.338284
0.163307 0.077244 0.338242
0.163410 0.077442 0.338299
0.163514 0.077639 0.338356
0.163645 0.077815 0.338314
0.163748 0.078013 0.338370
0.163851 0.078210 0.338427
0.163955 0.078408 0.338484
0.164085 0.078583 0.338442
0.164188 0.078780 0.338498
0.164292 0.078977 0.338555
0.164395 0.079174 0.338612
0.164498 0.079371 0.338668
0.164601 0.079568 0.338725
0.164705 0.079765 0.338782
0.164808 0.079963 0.338839
0.164911 0.080160 0.338895
0.165014 0.080357 0.338952
0.165118 0.080554 0.339009
0.165221 0.080751 0.339066
0.165324 0.080948 0.339122
0.165427 0.081146 0.339179
0.165531 0.081343 0.339236
0.165634 0.081540 0.339292
0.165737 0.081737 0.339349
0.165816 0.081960 0.339506
0.165919 0.082158 0.339563
0.166023 0.082355 0.339620
0.166126 0.082553 0.339677
0.166205 0.082777 0.339834
0.166284 0.083002 0.339992
0.166388 0.083200 0.340048
0.166467 0.083425 0.340206
0.166547 0.083651 0.340364
0.166627 0.083877 0.340522
0.166731 0.084076 0.340579
0.166812 0.084303 0.340737
0.166892 0.084530 0.340895
0.166973 0.084758 0.341054
0.167054 0.084986 0.341212
0.167112 0.085245 0.341472
0.167194 0.085474 0.341631
0.167276 0.085704 0.341790
0.167335 0.085964 0.342051
0.167418 0.086195 0.342210
0.167478 0.086457 0.342471
0.167561 0.086689 0.342630
0.167644 0.086922 0.342790
0.167706 0.087186 0.343052
0.167679 0.087576 0.343721
0.167786 0.087780 0.343780
0.156030 0.068793 0.341930
0.156471 0.068895 0.341033
0.156911 0.068994 0.340134
0.157184 0.069145 0.339714
0.157325 0.069340 0.339677
0.157498 0.069523 0.339544
0.157671 0.069705 0.339411
0.157844 0.069886 0.339278
0.158016 0.070066 0.339144
0.158155 0.070258 0.339107
0.158294 0.070450 0.339069
0.158465 0.070628 0.338935
0.158604 0.070819 0.338897
0.158774 0.070995 0.338763
0.158944 0.071171 0.338628
0.159113 0.071346 0.338493
0.159281 0.071520 0.338357
0.159481 0.071678 0.338125
0.159649 0.071850 0.337989
0.159816 0.072022 0.337853
0.159983 0.072192 0.337716
0.160149 0.072361 0.337579
0.160315 0.072530 0.337442
0.160449 0.072713 0.337402
0.160554 0.072912 0.337460
0.160688 0.073095 0.337420
0.160792 0.073293 0.337477
0.160926 0.073475 0.337436
0.161030 0.073674 0.337494
0.161134 0.073872 0.337551
0.161238 0.074071 0.337608
0.161342 0.074269 0.337665
0.161446 0.074468 0.337722
0.161550 0.074666 0.337779
0.161654 0.074865 0.337836
0.161758 0.075063 0.337893
0.161862 0.075262 0.337950
0.161966 0.075460 0.338007
0.162099 0.075639 0.337966
0.162203 0.075838 0.338023
0.162306 0.076036 0.338080
0.162410 0.076234 0.338138
0.162542 0.076413 0.338096
0.162646 0.076611 0.338153
0.162778 0.076788 0.338111
0.162882 0.076986 0.338168
0.162985 0.077184 0.338225
0.163117 0.077361 0.338183
0.163220 0.077558 0.338240
0.163324 0.077756 0.338297
0.163427 0.077954 0.338354
0.163558 0.078129 0.338312
0.163661 0.078327 0.338369
0.163765 0.078524 0.338425
0.163895 0.078699 0.338383
0.163998 0.078896 0.338440
0.164102 0.079093 0.338497
0.164205 0.079290 0.338553
0.164308 0.079487 0.338610
0.164438 0.079661 0.338567
0.164541 0.079858 0.338624
0.164644 0.080055 0.338681
0.164747 0.080252 0.338737
0.164850 0.080449 0.338794
0.164954 0.080646 0.338850
0.165057 0.080843 0.338907
0.165160 0.081040 0.338964
0.165238 0.081262 0.339121
0.165341 0.081459 0.339177
0.165444 0.081656 0.339234
0.165547 0.081853 0.339291
0.165626 0.082077 0.339448
0.165729 0.082274 0.339504
0.165832 0.082472 0.339561
0.165936 0.082669 0.339618
0.166015 0.082893 0.339775
0.166094 0.083118 0.339933
0.166197 0.083316 0.339990
0.166277 0.083542 0.340147
0.166356 0.083768 0.340305
0.166436 0.083994 0.340463
0.166540 0.084193 0.340520
0.166620 0.084420 0.340678
0.166677 0.084676 0.340937
0.166758 0.084905 0.341096
0.166815 0.085163 0.341355
0.166897 0.085392 0.341514
0.166978 0.085622 0.341673
0.167037 0.085882 0.341933
0.167096 0.086143 0.342194
0.167179 0.086375 0.342353
0.167239 0.086637 0.342614
0.167322 0.086870 0.342774
0.167382 0.087134 0.343035
0.167376 0.087493 0.343602
0.167483 0.087696 0.343661
0.155825 0.068918 0.341867
0.156236 0.069030 0.341066
0.156678 0.069128 0.340168
0.156952 0.069278 0.339748
0.157093 0.069473 0.339712
0.157201 0.069680 0.339771
0.157441 0.069838 0.339446
0.157614 0.070019 0.339313
0.157786 0.070200 0.339180
0.157926 0.070392 0.339142
0.158098 0.070571 0.339009
0.158237 0.070762 0.338971
0.158376 0.070952 0.338933
0.158546 0.071129 0.338799
0.158716 0.071305 0.338664
0.158918 0.071465 0.338432
0.159087 0.071639 0.338297
0.159287 0.071797 0.338065
0.159455 0.071969 0.337929
0.159623 0.072140 0.337793
0.159790 0.072310 0.337657
0.159957 0.072479 0.337520
0.160123 0.072647 0.337383
0.160258 0.072830 0.337343
0.160362 0.073029 0.337401
0.160497 0.073212 0.337361
0.160601 0.073410 0.337418
0.160705 0.073609 0.337475
0.160839 0.073791 0.337435
0.160943 0.073989 0.337492
0.161047 0.074188 0.337549
0.161151 0.074386 0.337606
0.161255 0.074585 0.337663
0.161359 0.074783 0.337720
0.161463 0.074982 0.337777
0.161567 0.075180 0.337834
0.161671 0.075379 0.337891
0.161775 0.075577 0.337949
0.161879 0.075776 0.338006
0.161983 0.075974 0.338063
0.162115 0.076153 0.338022
0.162219 0.076351 0.338079
0.162323 0.076549 0.338136
0.162455 0.076727 0.338094
0.162559 0.076925 0.338151
0.162691 0.077103 0.338110
0.162795 0.077301 0.338167
0.162898 0.077498 0.338224
0.163030 0.077675 0.338182
0.163133 0.077872 0.338239
0.163237 0.078070 0.338295
0.163368 0.078246 0.338253
0.163471 0.078443 0.338310
0.163575 0.078640 0.338367
0.163705 0.078815 0.338325
0.163809 0.079012 0.338381
0.163912 0.079209 0.338438
0.164015 0.079407 0.338495
0.164145 0.079580 0.338452
0.164248 0.079777 0.338509
0.164351 0.079974 0.338565
0.164455 0.080171 0.338622
0.164558 0.080368 0.338679
0.164661 0.080565 0.338735
0.164764 0.080762 0.338792
0.164867 0.080959 0.338849
0.164970 0.081156 0.338905
0.165048 0.081378 0.339062
0.165151 0.081575 0.339119
0.165254 0.081772 0.339175
0.165358 0.081970 0.339232
0.165436 0.082193 0.339389
0.165539 0.082391 0.339446
0.165642 0.082588 0.339503
0.165721 0.082812 0.339660
0.165824 0.083010 0.339717
0.165903 0.083235 0.339874
0.165982 0.083461 0.340032
0.166062 0.083687 0.340189
0.166141 0.083913 0.340347
0.166245 0.084111 0.340404
0.166349 0.084310 0.340461
0.166405 0.084566 0.340720
0.166485 0.084794 0.340878
0.166566 0.085022 0.341037
0.166623 0.085281 0.341296
0.166681 0.085540 0.341556
0.166762 0.085770 0.341715
0.166820 0.086030 0.341975
0.166879 0.086292 0.342236
0.166939 0.086554 0.342496
0.166998 0.086818 0.342757
0.167081 0.087051 0.342917
0.167074 0.087409 0.343483
0.167180 0.087613 0.343542
0.167220 0.087911 0.343905
0.156000 0.069166 0.341099
0.156377 0.069285 0.340393
0.156686 0.069424 0.339878
0.156894 0.069595 0.339650
0.157035 0.069790 0.339614
0.157242 0.069960 0.339385
0.157416 0.070141 0.339252
0.157589 0.070321 0.339119
0.157729 0.070513 0.339082
0.157901 0.070691 0.338948
0.158040 0.070882 0.338910
0.158179 0.071073 0.338873
0.158350 0.071249 0.338738
0.158521 0.071424 0.338604
0.158691 0.071599 0.338469
0.158861 0.071773 0.338334
0.159061 0.071931 0.338102
0.159230 0.072102 0.337966
0.159430 0.072258 0.337734
0.159597 0.072428 0.337597
0.159733 0.072612 0.337558
0.159900 0.072780 0.337421
0.160035 0.072964 0.337381
0.160171 0.073147 0.337342
0.160275 0.073345 0.337399
0.160410 0.073528 0.337359
0.160514 0.073726 0.337416
0.160618 0.073925 0.337473
0.160722 0.074124 0.337530
0.160826 0.074322 0.337587
0.160930 0.074521 0.337645
0.161034 0.074720 0.337702
0.161138 0.074919 0.337759
0.161242 0.075117 0.337816
0.161346 0.075316 0.337873
0.161480 0.075496 0.337833
0.161584 0.075694 0.337890
0.161688 0.075893 0.337947
0.161792 0.076091 0.338004
0.161925 0.076270 0.337963
0.162028 0.076468 0.338020
0.162132 0.076666 0.338077
0.162265 0.076844 0.338035
0.162368 0.077042 0.338092
0.162501 0.077219 0.338051
0.162604 0.077417 0.338108
0.162708 0.077615 0.338165
0.162840 0.077791 0.338123
0.162943 0.077989 0.338180
0.163047 0.078187 0.338237
0.163178 0.078362 0.338195
0.163281 0.078559 0.338252
0.163385 0.078757 0.338308
0.163515 0.078931 0.338266
0.163619 0.079129 0.338323
0.163722 0.079326 0.338379
0.163825 0.079523 0.338436
0.163955 0.079696 0.338394
0.164059 0.079893 0.338450
0.164162 0.080090 0.338507
0.164265 0.080287 0.338564
0.164368 0.080484 0.338620
0.164471 0.080681 0.338677
0.164574 0.080878 0.338734
0.164677 0.081075 0.338790
0.164781 0.081272 0.338847
0.164884 0.081469 0.338904
0.164961 0.081692 0.339060
0.165064 0.081889 0.339117
0.165168 0.082086 0.339174
0.165246 0.082310 0.339331
0.165349 0.082507 0.339387
0.165427 0.082731 0.339544
0.165531 0.082929 0.339601
0.165609 0.083154 0.339758
0.165713 0.083352 0.339815
0.165792 0.083577 0.339973
0.165871 0.083804 0.340130
0.165950 0.084030 0.340288
0.166054 0.084229 0.340345
0.166158 0.084427 0.340402
0.166213 0.084683 0.340661
0.166293 0.084911 0.340819
0.166350 0.085169 0.341078
0.166407 0.085428 0.341338
0.166464 0.085688 0.341598
0.166522 0.085948 0.341858
0.166580 0.086209 0.342118
0.166639 0.086472 0.342378
0.166698 0.086735 0.342639
0.166757 0.086999 0.342900
0.166840 0.087233 0.343060
0.166878 0.087529 0.343423
0.166916 0.087828 0.343786
0.155797 0.069290 0.341037
0.156176 0.069408 0.340331
0.156486 0.069546 0.339817
0.156661 0.069729 0.339685
0.156836 0.069912 0.339552
0.157011 0.070094 0.339420
0.157185 0.070275 0.339287
0.157358 0.070454 0.339154
0.157531 0.070634 0.339021
0.157671 0.070825 0.338983
0.157844 0.071003 0.338850
0.157983 0.071193 0.338812
0.158122 0.071383 0.338774
0.158293 0.071558 0.338640
0.158464 0.071733 0.338505
0.158666 0.071892 0.338274
0.158836 0.072064 0.338139
0.159036 0.072221 0.337907
0.159205 0.072391 0.337771
0.159373 0.072561 0.337635
0.159541 0.072730 0.337499
0.159708 0.072898 0.337362
0.159844 0.073081 0.337322
0.159948 0.073280 0.337380
0.160083 0.073463 0.337340
0.160187 0.073662 0.337397
0.160292 0.073861 0.337454
0.160396 0.074059 0.337511
0.160500 0.074258 0.337569
0.160604 0.074457 0.337626
0.160739 0.074638 0.337586
0.160843 0.074837 0.337643
0.160947 0.075036 0.337700
0.161051 0.075234 0.337757
0.161155 0.075433 0.337814
0.161259 0.075632 0.337871
0.161393 0.075811 0.337831
0.161496 0.076010 0.337888
0.161600 0.076208 0.337945
0.161734 0.076387 0.337904
0.161837 0.076585 0.337961
0.161941 0.076783 0.338018
0.162074 0.076961 0.337977
0.162178 0.077159 0.338034
0.162310 0.077336 0.337992
0.162414 0.077534 0.338049
0.162517 0.077732 0.338106
0.162649 0.077908 0.338064
0.162753 0.078106 0.338121
0.162856 0.078303 0.338178
0.162988 0.078478 0.338136
0.163091 0.078676 0.338193
0.163194 0.078873 0.338250
0.163325 0.079048 0.338207
0.163429 0.079245 0.338264
0.163532 0.079442 0.338321
0.163663 0.079616 0.338278
0.163766 0.079813 0.338335
0.163869 0.080009 0.338392
0.163972 0.080206 0.338448
0.164075 0.080403 0.338505
0.164178 0.080600 0.338562
0.164282 0.080797 0.338618
0.164385 0.080994 0.338675
0.164488 0.081191 0.338732
0.164591 0.081388 0.338788
0.164694 0.081585 0.338845
0.164771 0.081808 0.339002
0.164875 0.082005 0.339058
0.164952 0.082229 0.339215
0.165055 0.082426 0.339272
0.165159 0.082623 0.339329
0.165237 0.082848 0.339486
0.165340 0.083046 0.339543
0.165419 0.083271 0.339700
0.165497 0.083496 0.339857
0.165576 0.083722 0.340015
0.165680 0.083920 0.340072
0.165759 0.084147 0.340229
0.165838 0.084374 0.340387
0.165942 0.084573 0.340444
0.165997 0.084830 0.340703
0.166077 0.085058 0.340861
0.166133 0.085316 0.341120
0.166190 0.085576 0.341379
0.166247 0.085836 0.341639
0.166304 0.086097 0.341899
0.166362 0.086359 0.342159
0.166397 0.086652 0.342521
0.166480 0.086885 0.342680
0.166539 0.087149 0.342941
0.166599 0.087415 0.343202
0.166612 0.087744 0.343667
0.166650 0.088043 0.344030
0.155594 0.069414 0.340974
0.155941 0.069543 0.340365
0.156253 0.069680 0.339851
0.156462 0.069851 0.339623
0.156637 0.070034 0.339491
0.156812 0.070215 0.339359
0.156987 0.070396 0.339226
0.157161 0.070576 0.339093
0.157301 0.070768 0.339056
0.157441 0.070959 0.339019
0.157614 0.071137 0.338885
0.157754 0.071327 0.338848
0.157926 0.071503 0.338714
0.158097 0.071678 0.338580
0.158268 0.071853 0.338445
0.158439 0.072026 0.338310
0.158641 0.072183 0.338079
0.158811 0.072355 0.337944
0.158980 0.072525 0.337808
0.159180 0.072679 0.337575
0.159348 0.072848 0.337439
0.159485 0.073032 0.337400
0.159620 0.073215 0.337360
0.159756 0.073398 0.337321
0.159892 0.073580 0.337281
0.159996 0.073779 0.337338
0.160100 0.073978 0.337395
0.160204 0.074177 0.337452
0.160308 0.074376 0.337510
0.160413 0.074575 0.337567
0.160517 0.074774 0.337624
0.160621 0.074972 0.337681
0.160725 0.075171 0.337739
0.160829 0.075370 0.337796
0.160963 0.075550 0.337755
0.161068 0.075749 0.337812
0.161172 0.075948 0.337870
0.161305 0.076127 0.337829
0.161409 0.076325 0.337886
0.161543 0.076504 0.337845
0.161647 0.076702 0.337902
0.161750 0.076900 0.337959
0.161883 0.077078 0.337918
0.161987 0.077276 0.337975
0.162120 0.077453 0.337934
0.162223 0.077651 0.337990
0.162327 0.077848 0.338047
0.162459 0.078025 0.338006
0.162562 0.078222 0.338063
0.162694 0.078398 0.338021
0.162798 0.078595 0.338078
0.162901 0.078792 0.338134
0.163032 0.078967 0.338092
0.163136 0.079164 0.338149
0.163239 0.079361 0.338206
0.163342 0.079558 0.338262
0.163473 0.079732 0.338220
0.163576 0.079929 0.338277
0.163679 0.080126 0.338333
0.163782 0.080323 0.338390
0.163886 0.080519 0.338447
0.163989 0.080716 0.338503
0.164092 0.080913 0.338560
0.164195 0.081110 0.338617
0.164298 0.081307 0.338673
0.164401 0.081504 0.338730
0.164504 0.081701 0.338787
0.164581 0.081924 0.338943
0.164685 0.082121 0.339000
0.164762 0.082345 0.339157
0.164865 0.082542 0.339213
0.164943 0.082767 0.339370
0.165046 0.082964 0.339427
0.165124 0.083189 0.339584
0.165203 0.083415 0.339741
0.165306 0.083613 0.339798
0.165385 0.083839 0.339956
0.165464 0.084066 0.340113
0.165543 0.084293 0.340271
0.165622 0.084520 0.340429
0.165726 0.084719 0.340486
0.165806 0.084947 0.340644
0.165861 0.085205 0.340903
0.165917 0.085464 0.341162
0.165973 0.085724 0.341421
0.166030 0.085984 0.341681
0.166087 0.086246 0.341940
0.166120 0.086538 0.342302
0.166179 0.086802 0.342562
0.166261 0.087035 0.342721
0.166296 0.087331 0.343084
0.166356 0.087597 0.343345
0.166369 0.087928 0.343809
0.155706 0.069678 0.340399
0.156019 0.069815 0.339885
0.156263 0.069974 0.339562
0.156405 0.070168 0.339526
0.156614 0.070337 0.339298
0.156789 0.070517 0.339165
0.156930 0.070710 0.339128
0.157070 0.070902 0.339091
0.157244 0.071080 0.338958
0.157417 0.071257 0.338825
0.157524 0.071462 0.338884
0.157697 0.071638 0.338750
0.157869 0.071813 0.338616
0.158041 0.071987 0.338481
0.158212 0.072160 0.338347
0.158415 0.072317 0.338116
0.158617 0.072473 0.337884
0.158786 0.072644 0.337748
0.158956 0.072813 0.337613
0.159124 0.072982 0.337477
0.159292 0.073149 0.337341
0.159428 0.073332 0.337301
0.159564 0.073515 0.337261
0.159669 0.073714 0.337319
0.159804 0.073896 0.337279
0.159908 0.074095 0.337336
0.160013 0.074294 0.337393
0.160117 0.074493 0.337451
0.160221 0.074692 0.337508
0.160325 0.074891 0.337565
0.160429 0.075090 0.337622
0.160534 0.075289 0.337680
0.160638 0.075488 0.337737
0.160772 0.075667 0.337696
0.160876 0.075866 0.337754
0.161010 0.076045 0.337713
0.161114 0.076244 0.337770
0.161218 0.076442 0.337827
0.161352 0.076621 0.337786
0.161456 0.076819 0.337843
0.161559 0.077017 0.337900
0.161693 0.077195 0.337859
0.161825 0.077372 0.337818
0.161929 0.077569 0.337875
0.162033 0.077767 0.337932
0.162165 0.077943 0.337890
0.162269 0.078141 0.337947
0.162372 0.078339 0.338004
0.162504 0.078514 0.337962
0.162608 0.078711 0.338019
0.162711 0.078909 0.338076
0.162842 0.079083 0.338034
0.162946 0.079280 0.338090
0.163049 0.079477 0.338147
0.163180 0.079651 0.338105
0.163283 0.079848 0.338162
0.163386 0.080045 0.338218
0.163490 0.080242 0.338275
0.163593 0.080439 0.338332
0.163696 0.080636 0.338388
0.163799 0.080833 0.338445
0.163902 0.081030 0.338502
0.164005 0.081226 0.338558
0.164108 0.081423 0.338615
0.164212 0.081620 0.338672
0.164315 0.081817 0.338728
0.164392 0.082041 0.338885
0.164495 0.082238 0.338941
0.164572 0.082462 0.339098
0.164675 0.082659 0.339155
0.164753 0.082883 0.339312
0.164830 0.083108 0.339468
0.164934 0.083306 0.339525
0.165012 0.083532 0.339683
0.165090 0.083758 0.339840
0.165194 0.083956 0.339897
0.165273 0.084183 0.340054
0.165351 0.084410 0.340212
0.165430 0.084637 0.340369
0.165535 0.084836 0.340427
0.165589 0.085094 0.340685
0.165644 0.085352 0.340944
0.165724 0.085582 0.341102
0.165755 0.085872 0.341462
0.165812 0.086133 0.341722
0.165869 0.086395 0.341982
0.165902 0.086688 0.342343
0.165960 0.086952 0.342603
0.166018 0.087217 0.342864
0.166077 0.087483 0.343124
0.166112 0.087781 0.343487
0.155750 0.069962 0.340014
0.155995 0.070120 0.339692
0.156206 0.070290 0.339464
0.156415 0.070458 0.339236
0.156590 0.070638 0.339104
0.156698 0.070844 0.339163
0.156873 0.071023 0.339030
0.157014 0.071214 0.338993
0.157154 0.071406 0.338956
0.157328 0.071582 0.338823
0.157468 0.071772 0.338785
0.157640 0.071947 0.338652
0.157845 0.072107 0.338421
0.158017 0.072280 0.338287
0.158220 0.072437 0.338056
0.158391 0.072608 0.337921
0.158593 0.072762 0.337689
0.158763 0.072931 0.337553
0.158932 0.073100 0.337417
0.159068 0.073283 0.337378
0.159236 0.073450 0.337242
0.159373 0.073633 0.337202
0.159477 0.073832 0.337260
0.159581 0.074031 0.337317
0.159717 0.074213 0.337277
0.159821 0.074411 0.337334
0.159925 0.074610 0.337392
0.160029 0.074809 0.337449
0.160134 0.075008 0.337506
0.160238 0.075207 0.337563
0.160342 0.075406 0.337621
0.160446 0.075605 0.337678
0.160581 0.075785 0.337637
0.160685 0.075983 0.337695
0.160819 0.076162 0.337654
0.160923 0.076361 0.337711
0.161027 0.076559 0.337768
0.161161 0.076738 0.337727
0.161265 0.076936 0.337784
0.161398 0.077113 0.337743
0.161502 0.077311 0.337800
0.161635 0.077488 0.337759
0.161739 0.077686 0.337816
0.161871 0.077862 0.337775
0.161975 0.078060 0.337832
0.162078 0.078258 0.337888
0.162211 0.078433 0.337847
0.162314 0.078630 0.337904
0.162417 0.078828 0.337960
0.162521 0.079025 0.338017
0.162653 0.079199 0.337975
0.162756 0.079397 0.338032
0.162859 0.079594 0.338089
0.162990 0.079767 0.338046
0.163094 0.079964 0.338103
0.163197 0.080161 0.338160
0.163300 0.080358 0.338216
0.163403 0.080555 0.338273
0.163506 0.080752 0.338330
0.163609 0.080949 0.338386
0.163713 0.081146 0.338443
0.163816 0.081343 0.338500
0.163919 0.081540 0.338556
0.164022 0.081737 0.338613
0.164125 0.081933 0.338670
0.164202 0.082157 0.338826
0.164278 0.082381 0.338983
0.164382 0.082578 0.339039
0.164459 0.082802 0.339196
0.164562 0.083000 0.339253
0.164640 0.083225 0.339410
0.164717 0.083451 0.339567
0.164795 0.083677 0.339724
0.164899 0.083875 0.339781
0.164977 0.084101 0.339938
0.165056 0.084328 0.340096
0.165160 0.084527 0.340153
0.165213 0.084784 0.340411
0.165293 0.085012 0.340569
0.165397 0.085212 0.340626
0.165452 0.085470 0.340885
0.165507 0.085730 0.341144
0.165562 0.085990 0.341403
0.165618 0.086252 0.341662
0.165650 0.086544 0.342023
0.165683 0.086838 0.342384
0.165740 0.087103 0.342644
0.165798 0.087368 0.342904
0.165857 0.087634 0.343165
0.155761 0.070255 0.339726
0.156007 0.070412 0.339403
0.156217 0.070580 0.339175
0.156359 0.070773 0.339139
0.156500 0.070966 0.339102
0.156675 0.071144 0.338969
0.156816 0.071335 0.338932
0.156957 0.071526 0.338895
0.157131 0.071703 0.338762
0.157271 0.071893 0.338725
0.157444 0.072067 0.338591
0.157617 0.072241 0.338457
0.157821 0.072399 0.338227
0.157993 0.072571 0.338092
0.158197 0.072727 0.337861
0.158367 0.072897 0.337726
0.158569 0.073050 0.337494
0.158739 0.073218 0.337358
0.158876 0.073401 0.337319
0.159045 0.073568 0.337183
0.159181 0.073750 0.337143
0.159285 0.073949 0.337201
0.159421 0.074131 0.337161
0.159525 0.074330 0.337218
0.159629 0.074529 0.337275
0.159734 0.074728 0.337333
0.159838 0.074927 0.337390
0.159942 0.075126 0.337447
0.160046 0.075324 0.337504
0.160150 0.075523 0.337561
0.160285 0.075703 0.337521
0.160389 0.075902 0.337578
0.160493 0.076101 0.337636
0.160628 0.076280 0.337595
0.160732 0.076478 0.337652
0.160866 0.076656 0.337611
0.160970 0.076855 0.337669
0.161074 0.077053 0.337726
0.161207 0.077230 0.337685
0.161341 0.077407 0.337644
0.161444 0.077605 0.337700
0.161578 0.077781 0.337659
0.161681 0.077979 0.337716
0.161785 0.078177 0.337773
0.161917 0.078352 0.337731
0.162021 0.078549 0.337788
0.162124 0.078747 0.337845
0.162256 0.078921 0.337803
0.162359 0.079119 0.337860
0.162463 0.079316 0.337917
0.162566 0.079513 0.337973
0.162698 0.079686 0.337931
0.162801 0.079883 0.337988
0.162904 0.080080 0.338045
0.163007 0.080277 0.338101
0.163110 0.080474 0.338158
0.163213 0.080671 0.338215
0.163317 0.080868 0.338271
0.163420 0.081065 0.338328
0.163523 0.081262 0.338385
0.163626 0.081459 0.338441
0.163729 0.081656 0.338498
0.163832 0.081853 0.338555
0.163935 0.082050 0.338611
0.164012 0.082273 0.338768
0.164088 0.082497 0.338924
0.164192 0.082694 0.338981
0.164269 0.082919 0.339137
0.164346 0.083144 0.339294
0.164449 0.083342 0.339351
0.164527 0.083567 0.339508
0.164604 0.083793 0.339665
0.164682 0.084020 0.339822
0.164786 0.084218 0.339879
0.164865 0.084446 0.340037
0.164943 0.084673 0.340194
0.165022 0.084901 0.340352
0.165101 0.085130 0.340510
0.165205 0.085329 0.340567
0.165259 0.085588 0.340825
0.165314 0.085848 0.341084
0.165369 0.086109 0.341343
0.165400 0.086401 0.341703
0.165456 0.086663 0.341963
0.165512 0.086927 0.342223
0.165545 0.087222 0.342584
0.165602 0.087488 0.342844
0.165636 0.087786 0.343206
0.155562 0.070378 0.339664
0.155807 0.070534 0.339341
0.156018 0.070702 0.339114
0.156160 0.070894 0.339078
0.156302 0.071087 0.339041
0.156444 0.071279 0.339004
0.156585 0.071470 0.338968
0.156760 0.071647 0.338835
0.156900 0.071838 0.338798
0.157074 0.072013 0.338664
0.157248 0.072188 0.338531
0.157421 0.072361 0.338397
0.157593 0.072534 0.338263
0.157798 0.072690 0.338032
0.157970 0.072861 0.337897
0.158173 0.073015 0.337666
0.158344 0.073184 0.337531
0.158514 0.073352 0.337395
0.158683 0.073519 0.337260
0.158853 0.073685 0.337124
0.158989 0.073867 0.337084
0.159093 0.074067 0.337141
0.159230 0.074248 0.337102
0.159334 0.074447 0.337159
0.159438 0.074646 0.337216
0.159542 0.074845 0.337274
0.159646 0.075044 0.337331
0.159750 0.075243 0.337388
0.159855 0.075442 0.337445
0.159959 0.075641 0.337502
0.160094 0.075820 0.337462
0.160198 0.076019 0.337519
0.160302 0.076218 0.337577
0.160437 0.076397 0.337536
0.160541 0.076595 0.337593
0.160675 0.076773 0.337553
0.160779 0.076971 0.337610
0.160913 0.077149 0.337569
0.161017 0.077347 0.337626
0.161150 0.077524 0.337585
0.161254 0.077722 0.337642
0.161387 0.077898 0.337601
0.161491 0.078096 0.337657
0.161624 0.078271 0.337616
0.161727 0.078468 0.337673
0.161831 0.078666 0.337730
0.161963 0.078841 0.337688
0.162066 0.079038 0.337745
0.162170 0.079235 0.337801
0.162273 0.079432 0.337858
0.162405 0.079606 0.337816
0.162508 0.079803 0.337873
0.162611 0.079999 0.337929
0.162714 0.080196 0.337986
0.162817 0.080393 0.338043
0.162921 0.080590 0.338099
0.163024 0.080787 0.338156
0.163127 0.080984 0.338213
0.163230 0.081181 0.338269
0.163333 0.081378 0.338326
0.163436 0.081575 0.338383
0.163539 0.081772 0.338439
0.163643 0.081969 0.338496
0.163719 0.082192 0.338652
0.163822 0.082389 0.338709
0.163898 0.082613 0.338865
0.163975 0.082838 0.339022
0.164078 0.083035 0.339079
0.164155 0.083261 0.339235
0.164232 0.083486 0.339392
0.164310 0.083712 0.339549
0.164413 0.083910 0.339606
0.164491 0.084137 0.339763
0.164569 0.084364 0.339921
0.164647 0.084592 0.340078
0.164751 0.084791 0.340135
0.164830 0.085019 0.340293
0.164883 0.085277 0.340551
0.164988 0.085476 0.340608
0.165041 0.085736 0.340867
0.165121 0.085966 0.341025
0.165176 0.086227 0.341284
0.165206 0.086519 0.341643
0.165261 0.086782 0.341903
0.165318 0.087046 0.342163
0.165350 0.087342 0.342523
0.165407 0.087608 0.342784
0.155574 0.070669 0.339376
0.155785 0.070836 0.339148
0.155962 0.071016 0.339016
0.156104 0.071208 0.338980
0.156246 0.071400 0.338943
0.156387 0.071591 0.338907
0.156529 0.071782 0.338870
0.156703 0.071958 0.338737
0.156844 0.072148 0.338700
0.157018 0.072323 0.338566
0.157225 0.072481 0.338336
0.157398 0.072654 0.338202
0.157570 0.072825 0.338068
0.157775 0.072980 0.337837
0.157980 0.073134 0.337606
0.158151 0.073302 0.337471
0.158321 0.073470 0.337336
0.158491 0.073637 0.337200
0.158628 0.073820 0.337161
0.158765 0.074002 0.337122
0.158902 0.074184 0.337082
0.159038 0.074366 0.337043
0.159142 0.074565 0.337100
0.159246 0.074763 0.337157
0.159351 0.074962 0.337214
0.159455 0.075161 0.337272
0.159559 0.075360 0.337329
0.159694 0.075540 0.337289
0.159799 0.075739 0.337346
0.159903 0.075938 0.337403
0.160038 0.076117 0.337363
0.160142 0.076315 0.337420
0.160246 0.076514 0.337477
0.160380 0.076692 0.337437
0.160484 0.076890 0.337494
0.160588 0.077088 0.337551
0.160722 0.077266 0.337510
0.160856 0.077443 0.337469
0.160960 0.077641 0.337526
0.161093 0.077817 0.337485
0.161197 0.078014 0.337542
0.161330 0.078190 0.337501
0.161434 0.078387 0.337557
0.161537 0.078585 0.337614
0.161670 0.078760 0.337573
0.161773 0.078957 0.337629
0.161876 0.079154 0.337686
0.162009 0.079328 0.337644
0.162112 0.079525 0.337701
0.162215 0.079722 0.337758
0.162318 0.079919 0.337814
0.162421 0.080116 0.337871
0.162525 0.080313 0.337928
0.162628 0.080509 0.337984
0.162731 0.080706 0.338041
0.162834 0.080903 0.338098
0.162937 0.081100 0.338154
0.163040 0.081297 0.338211
0.163144 0.081494 0.338268
0.163247 0.081691 0.338324
0.163350 0.081888 0.338381
0.163425 0.082111 0.338537
0.163529 0.082309 0.338594
0.163605 0.082532 0.338750
0.163708 0.082730 0.338807
0.163784 0.082954 0.338963
0.163861 0.083179 0.339120
0.163965 0.083377 0.339177
0.164042 0.083603 0.339333
0.164119 0.083829 0.339490
0.164196 0.084056 0.339647
0.164274 0.084283 0.339804
0.164352 0.084510 0.339962
0.164456 0.084709 0.340019
0.164534 0.084937 0.340176
0.164612 0.085166 0.340334
0.164691 0.085395 0.340491
0.164795 0.085594 0.340549
0.164849 0.085854 0.340807
0.164928 0.086084 0.340965
0.164982 0.086345 0.341224
0.165012 0.086638 0.341584
0.165067 0.086901 0.341843
0.165123 0.087165 0.342103
0.165154 0.087462 0.342463
0.155305 0.070817 0.339505
0.155552 0.070971 0.339183
0.155729 0.071151 0.339051
0.155906 0.071329 0.338919
0.156014 0.071535 0.338978
0.156190 0.071712 0.338846
0.156331 0.071903 0.338809
0.156472 0.072094 0.338772
0.156647 0.072269 0.338639
0.156822 0.072443 0.338506
0.156996 0.072616 0.338372
0.157203 0.072773 0.338142
0.157375 0.072945 0.338008
0.157581 0.073099 0.337778
0.157753 0.073269 0.337643
0.157924 0.073437 0.337508
0.158128 0.073588 0.337276
0.158266 0.073771 0.337237
0.158436 0.073937 0.337102
0.158573 0.074120 0.337063
0.158710 0.074302 0.337023
0.158814 0.074501 0.337081
0.158951 0.074682 0.337041
0.159055 0.074881 0.337098
0.159159 0.075080 0.337155
0.159263 0.075279 0.337213
0.159367 0.075477 0.337270
0.159503 0.075657 0.337230
0.159607 0.075856 0.337287
0.159711 0.076055 0.337344
0.159847 0.076234 0.337304
0.159951 0.076432 0.337361
0.160055 0.076631 0.337418
0.160189 0.076809 0.337378
0.160293 0.077007 0.337435
0.160428 0.077185 0.337394
0.160562 0.077362 0.337354
0.160666 0.077559 0.337410
0.160800 0.077736 0.337370
0.160903 0.077933 0.337426
0.161037 0.078109 0.337385
0.161140 0.078307 0.337442
0.161244 0.078504 0.337499
0.161377 0.078679 0.337457
0.161480 0.078876 0.337514
0.161613 0.079050 0.337473
0.161716 0.079247 0.337529
0.161819 0.079444 0.337586
0.161922 0.079641 0.337643
0.162025 0.079838 0.337699
0.162129 0.080035 0.337756
0.162232 0.080232 0.337813
0.162335 0.080429 0.337869
0.162438 0.080626 0.337926
0.162541 0.080823 0.337983
0.162644 0.081020 0.338039
0.162748 0.081216 0.338096
0.162851 0.081413 0.338153
0.162954 0.081610 0.338209
0.163057 0.081807 0.338266
0.163132 0.082030 0.338422
0.163236 0.082228 0.338479
0.163311 0.082451 0.338635
0.163415 0.082649 0.338691
0.163491 0.082873 0.338848
0.163594 0.083071 0.338905
0.163671 0.083296 0.339061
0.163747 0.083522 0.339218
0.163824 0.083748 0.339374
0.163901 0.083974 0.339531
0.164005 0.084173 0.339588
0.164082 0.084400 0.339745
0.164160 0.084627 0.339903
0.164264 0.084826 0.339960
0.164342 0.085055 0.340117
0.164420 0.085283 0.340275
0.164473 0.085542 0.340532
0.164577 0.085742 0.340590
0.164656 0.085972 0.340748
0.164710 0.086233 0.341006
0.164764 0.086494 0.341265
0.164818 0.086757 0.341524
0.164873 0.087020 0.341783
0.164928 0.087285 0.342043
0.155283 0.071120 0.339312
0.155461 0.071300 0.339181
0.155673 0.071465 0.338953
0.155816 0.071657 0.338917
0.155992 0.071834 0.338785
0.156099 0.072039 0.338844
0.156275 0.072214 0.338711
0.156450 0.072389 0.338578
0.156625 0.072563 0.338445
0.156800 0.072736 0.338312
0.156974 0.072909 0.338178
0.157181 0.073064 0.337948
0.157353 0.073234 0.337814
0.157559 0.073387 0.337583
0.157731 0.073556 0.337448
0.157902 0.073723 0.337313
0.158073 0.073889 0.337178
0.158211 0.074072 0.337139
0.158381 0.074237 0.337003
0.158518 0.074419 0.336964
0.158622 0.074618 0.337021
0.158759 0.074799 0.336982
0.158863 0.074998 0.337039
0.158967 0.075197 0.337096
0.159072 0.075396 0.337154
0.159208 0.075576 0.337114
0.159312 0.075775 0.337171
0.159416 0.075973 0.337228
0.159520 0.076172 0.337285
0.159655 0.076351 0.337245
0.159759 0.076549 0.337302
0.159895 0.076728 0.337262
0.159999 0.076926 0.337319
0.160133 0.077103 0.337279
0.160237 0.077301 0.337335
0.160372 0.077478 0.337295
0.160506 0.077655 0.337254
0.160609 0.077852 0.337311
0.160743 0.078028 0.337270
0.160847 0.078226 0.337327
0.160950 0.078423 0.337383
0.161084 0.078598 0.337342
0.161187 0.078795 0.337399
0.161320 0.078969 0.337357
0.161423 0.079166 0.337414
0.161526 0.079363 0.337471
0.161629 0.079560 0.337527
0.161733 0.079757 0.337584
0.161836 0.079954 0.337641
0.161939 0.080151 0.337697
0.162042 0.080348 0.337754
0.162145 0.080545 0.337811
0.162248 0.080742 0.337867
0.162352 0.080939 0.337924
0.162455 0.081136 0.337981
0.162558 0.081333 0.338037
0.162661 0.081530 0.338094
0.162764 0.081727 0.338151
0.162839 0.081950 0.338307
0.162942 0.082147 0.338363
0.163018 0.082371 0.338519
0.163121 0.082568 0.338576
0.163197 0.082792 0.338732
0.163300 0.082990 0.338789
0.163376 0.083215 0.338945
0.163453 0.083440 0.339102
0.163529 0.083666 0.339258
0.163633 0.083865 0.339316
0.163710 0.084091 0.339472
0.163787 0.084318 0.339629
0.163864 0.084546 0.339786
0.163968 0.084745 0.339844
0.164046 0.084973 0.340001
0.164124 0.085201 0.340158
0.164202 0.085430 0.340316
0.164280 0.085660 0.340473
0.164385 0.085860 0.340531
0.164464 0.086090 0.340688
0.164517 0.086351 0.340947
0.164570 0.086613 0.341205
0.164624 0.086876 0.341464
0.164679 0.087139 0.341723
0.155193 0.071449 0.339310
0.155405 0.071614 0.339083
0.155583 0.071792 0.338952
0.155760 0.071969 0.338819
0.155902 0.072160 0.338783
0.156078 0.072335 0.338650
0.156254 0.072510 0.338518
0.156463 0.072668 0.338289
0.156604 0.072856 0.338251
0.156778 0.073028 0.338118
0.156952 0.073199 0.337984
0.157159 0.073353 0.337754
0.157332 0.073522 0.337620
0.157538 0.073674 0.337389
0.157709 0.073841 0.337254
0.157881 0.074007 0.337119
0.158018 0.074190 0.337080
0.158156 0.074372 0.337041
0.158293 0.074554 0.337002
0.158431 0.074736 0.336962
0.158535 0.074935 0.337020
0.158672 0.075115 0.336980
0.158776 0.075314 0.337037
0.158880 0.075513 0.337095
0.159016 0.075693 0.337055
0.159120 0.075892 0.337112
0.159225 0.076090 0.337169
0.159360 0.076269 0.337129
0.159464 0.076468 0.337186
0.159568 0.076666 0.337243
0.159704 0.076844 0.337203
0.159808 0.077043 0.337260
0.159943 0.077220 0.337220
0.160077 0.077397 0.337179
0.160181 0.077595 0.337236
0.160316 0.077771 0.337195
0.160419 0.077969 0.337252
0.160553 0.078145 0.337211
0.160657 0.078342 0.337268
0.160790 0.078517 0.337227
0.160894 0.078714 0.337284
0.161027 0.078889 0.337242
0.161130 0.079086 0.337299
0.161234 0.079282 0.337356
0.161337 0.079479 0.337412
0.161440 0.079676 0.337469
0.161543 0.079873 0.337526
0.161646 0.080070 0.337582
0.161749 0.080267 0.337639
0.161852 0.080464 0.337696
0.161956 0.080661 0.337752
0.162059 0.080858 0.337809
0.162162 0.081055 0.337866
0.162265 0.081252 0.337922
0.162368 0.081449 0.337979
0.162443 0.081672 0.338135
0.162546 0.081869 0.338191
0.162649 0.082066 0.338248
0.162724 0.082290 0.338404
0.162828 0.082487 0.338461
0.162903 0.082711 0.338617
0.163007 0.082909 0.338674
0.163082 0.083134 0.338830
0.163186 0.083332 0.338887
0.163234 0.083585 0.339143
0.163338 0.083783 0.339200
0.163415 0.084010 0.339356
0.163492 0.084237 0.339513
0.163568 0.084464 0.339670
0.163673 0.084663 0.339727
0.163750 0.084891 0.339884
0.163854 0.085090 0.339942
0.163932 0.085319 0.340099
0.164010 0.085548 0.340256
0.164088 0.085778 0.340414
0.164193 0.085977 0.340471
0.164271 0.086208 0.340629
0.164324 0.086469 0.340887
0.164377 0.086731 0.341146
0.164430 0.086994 0.341404
0.164484 0.087258 0.341663
0.155172 0.071750 0.339118
0.155350 0.071928 0.338986
0.155562 0.072090 0.338758
0.155704 0.072281 0.338722
0.155881 0.072456 0.338590
0.156057 0.072630 0.338457
0.156267 0.072788 0.338228
0.156408 0.072976 0.338191
0.156582 0.073148 0.338058
0.156757 0.073319 0.337924
0.156931 0.073489 0.337790
0.157138 0.073641 0.337560
0.157310 0.073809 0.337425
0.157483 0.073976 0.337291
0.157655 0.074143 0.337156
0.157826 0.074308 0.337021
0.157964 0.074490 0.336982
0.158101 0.074672 0.336942
0.158239 0.074853 0.336903
0.158343 0.075052 0.336960
0.158480 0.075233 0.336921
0.158584 0.075432 0.336978
0.158688 0.075631 0.337036
0.158825 0.075810 0.336996
0.158929 0.076009 0.337053
0.159033 0.076208 0.337110
0.159169 0.076387 0.337070
0.159273 0.076585 0.337127
0.159409 0.076763 0.337087
0.159513 0.076961 0.337144
0.159648 0.077139 0.337104
0.159783 0.077316 0.337064
0.159887 0.077514 0.337120
0.160022 0.077690 0.337080
0.160125 0.077888 0.337137
0.160260 0.078064 0.337096
0.160363 0.078261 0.337153
0.160467 0.078458 0.337209
0.160601 0.078633 0.337168
0.160704 0.078830 0.337225
0.160838 0.079005 0.337184
0.160941 0.079202 0.337241
0.161044 0.079399 0.337297
0.161147 0.079596 0.337354
0.161250 0.079793 0.337411
0.161353 0.079989 0.337467
0.161456 0.080186 0.337524
0.161560 0.080383 0.337581
0.161663 0.080580 0.337637
0.161766 0.080777 0.337694
0.161869 0.080974 0.337751
0.161972 0.081171 0.337807
0.162046 0.081394 0.337963
0.162150 0.081591 0.338019
0.162253 0.081788 0.338076
0.162327 0.082011 0.338232
0.162431 0.082209 0.338288
0.162534 0.082406 0.338345
0.162609 0.082630 0.338501
0.162713 0.082828 0.338558
0.162788 0.083053 0.338714
0.162864 0.083278 0.338870
0.162968 0.083476 0.338927
0.163043 0.083702 0.339084
0.163120 0.083928 0.339240
0.163196 0.084155 0.339397
0.163273 0.084383 0.339554
0.163377 0.084582 0.339611
0.163454 0.084809 0.339768
0.163558 0.085009 0.339825
0.163636 0.085237 0.339982
0.163713 0.085466 0.340140
0.163791 0.085696 0.340297
0.163869 0.085926 0.340455
0.163974 0.086126 0.340512
0.164052 0.086356 0.340670
0.164104 0.086618 0.340928
0.164183 0.086850 0.341086
0.164236 0.087113 0.341345
0.155151 0.072050 0.338925
0.155329 0.072226 0.338793
0.155506 0.072402 0.338661
0.155683 0.072577 0.338529
0.155860 0.072751 0.338396
0.156071 0.072909 0.338168
0.156246 0.073081 0.338035
0.156387 0.073268 0.337997
0.156562 0.073438 0.337864
0.156736 0.073608 0.337730
0.156910 0.073777 0.337596
0.157117 0.073928 0.337366
0.157290 0.074095 0.337231
0.157428 0.074278 0.337193
0.157600 0.074443 0.337058
0.157738 0.074626 0.337019
0.157876 0.074807 0.336980
0.158014 0.074989 0.336941
0.158151 0.075170 0.336901
0.158256 0.075369 0.336959
0.158393 0.075549 0.336919
0.158497 0.075748 0.336976
0.158634 0.075927 0.336937
0.158738 0.076126 0.336994
0.158842 0.076325 0.337051
0.158978 0.076504 0.337011
0.159082 0.076702 0.337068
0.159218 0.076880 0.337028
0.159322 0.077078 0.337085
0.159457 0.077256 0.337045
0.159593 0.077433 0.337005
0.159696 0.077631 0.337062
0.159832 0.077807 0.337021
0.159935 0.078004 0.337078
0.160070 0.078180 0.337037
0.160173 0.078377 0.337094
0.160276 0.078575 0.337151
0.160411 0.078750 0.337110
0.160514 0.078947 0.337167
0.160648 0.079121 0.337125
0.160751 0.079318 0.337182
0.160854 0.079515 0.337239
0.160957 0.079712 0.337295
0.161060 0.079909 0.337352
0.161164 0.080106 0.337409
0.161267 0.080303 0.337465
0.161370 0.080500 0.337522
0.161473 0.080696 0.337579
0.161576 0.080893 0.337635
0.161679 0.081090 0.337692
0.161753 0.081313 0.337847
0.161856 0.081510 0.337904
0.161931 0.081733 0.338060
0.162034 0.081930 0.338116
0.162137 0.082128 0.338173
0.162212 0.082352 0.338329
0.162316 0.082549 0.338386
0.162419 0.082747 0.338443
0.162494 0.082972 0.338598
0.162569 0.083197 0.338755
0.162645 0.083422 0.338911
0.162749 0.083621 0.338968
0.162825 0.083847 0.339124
0.162901 0.084074 0.339281
0.162977 0.084301 0.339437
0.163081 0.084500 0.339495
0.163158 0.084728 0.339652
0.163235 0.084956 0.339808
0.163339 0.085155 0.339866
0.163416 0.085384 0.340023
0.163494 0.085614 0.340180
0.163598 0.085814 0.340238
0.163676 0.086044 0.340395
0.163781 0.086244 0.340453
0.163833 0.086505 0.340711
0.163911 0.086736 0.340868
0.163963 0.086999 0.341127
0.154917 0.072186 0.338959
0.155131 0.072348 0.338732
0.155309 0.072523 0.338600
0.155486 0.072698 0.338468
0.155698 0.072856 0.338240
0.155874 0.073029 0.338107
0.156050 0.073201 0.337974
0.156191 0.073388 0.337937
0.156366 0.073558 0.337804
0.156541 0.073727 0.337670
0.156715 0.073896 0.337536
0.156889 0.074064 0.337402
0.157062 0.074230 0.337268
0.157235 0.074396 0.337133
0.157408 0.074561 0.336998
0.157546 0.074743 0.336959
0.157651 0.074943 0.337017
0.157822 0.075106 0.336881
0.157926 0.075306 0.336939
0.158064 0.075486 0.336900
0.158201 0.075666 0.336860
0.158305 0.075865 0.336917
0.158442 0.076045 0.336878
0.158546 0.076243 0.336935
0.158650 0.076442 0.336992
0.158787 0.076621 0.336952
0.158891 0.076819 0.337010
0.159027 0.076997 0.336970
0.159131 0.077195 0.337027
0.159267 0.077373 0.336986
0.159402 0.077549 0.336946
0.159506 0.077747 0.337003
0.159641 0.077923 0.336963
0.159745 0.078121 0.337019
0.159880 0.078297 0.336979
0.159983 0.078494 0.337035
0.160086 0.078691 0.337092
0.160221 0.078866 0.337051
0.160324 0.079063 0.337108
0.160458 0.079237 0.337067
0.160561 0.079434 0.337124
0.160665 0.079631 0.337180
0.160768 0.079828 0.337237
0.160871 0.080025 0.337294
0.160974 0.080222 0.337350
0.161077 0.080419 0.337407
0.161180 0.080616 0.337464
0.161283 0.080813 0.337520
0.161387 0.081010 0.337577
0.161460 0.081232 0.337732
0.161563 0.081429 0.337789
0.161637 0.081652 0.337944
0.161741 0.081849 0.338001
0.161844 0.082047 0.338058
0.161918 0.082271 0.338213
0.162022 0.082468 0.338270
0.162096 0.082693 0.338426
0.162200 0.082890 0.338483
0.162275 0.083116 0.338639
0.162350 0.083341 0.338795
0.162426 0.083567 0.338951
0.162529 0.083766 0.339008
0.162605 0.083992 0.339165
0.162681 0.084219 0.339321
0.162757 0.084447 0.339478
0.162862 0.084646 0.339535
0.162938 0.084874 0.339692
0.163015 0.085103 0.339849
0.163092 0.085332 0.340006
0.163197 0.085532 0.340064
0.163274 0.085762 0.340221
0.163379 0.085962 0.340278
0.163457 0.086192 0.340436
0.163562 0.086392 0.340493
0.163613 0.086654 0.340751
0.163691 0.086886 0.340909
0.155111 0.072644 0.338539
0.155289 0.072819 0.338407
0.155501 0.072976 0.338179
0.155678 0.073149 0.338047
0.155855 0.073320 0.337914
0.156030 0.073491 0.337781
0.156171 0.073677 0.337744
0.156346 0.073847 0.337610
0.156521 0.074015 0.337476
0.156661 0.074200 0.337438
0.156869 0.074349 0.337208
0.157008 0.074532 0.337170
0.157147 0.074715 0.337131
0.157320 0.074879 0.336996
0.157458 0.075061 0.336958
0.157596 0.075242 0.336919
0.157734 0.075423 0.336880
0.157872 0.075604 0.336840
0.158010 0.075784 0.336801
0.158114 0.075983 0.336858
0.158218 0.076181 0.336916
0.158355 0.076361 0.336876
0.158459 0.076559 0.336933
0.158596 0.076738 0.336893
0.158700 0.076936 0.336951
0.158836 0.077114 0.336911
0.158940 0.077312 0.336968
0.159076 0.077489 0.336928
0.159212 0.077666 0.336887
0.159315 0.077864 0.336944
0.159451 0.078040 0.336904
0.159554 0.078238 0.336961
0.159690 0.078413 0.336920
0.159793 0.078610 0.336977
0.159896 0.078808 0.337034
0.160031 0.078982 0.336993
0.160134 0.079179 0.337050
0.160237 0.079377 0.337106
0.160341 0.079574 0.337163
0.160475 0.079747 0.337122
0.160578 0.079944 0.337178
0.160681 0.080141 0.337235
0.160784 0.080338 0.337292
0.160887 0.080535 0.337348
0.160991 0.080732 0.337405
0.161094 0.080929 0.337462
0.161167 0.081151 0.337617
0.161270 0.081348 0.337674
0.161373 0.081545 0.337730
0.161447 0.081768 0.337886
0.161550 0.081966 0.337942
0.161624 0.082190 0.338098
0.161728 0.082387 0.338155
0.161802 0.082612 0.338310
0.161906 0.082809 0.338367
0.161980 0.083034 0.338523
0.162055 0.083260 0.338679
0.162130 0.083486 0.338835
0.162234 0.083684 0.338892
0.162281 0.083939 0.339148
0.162385 0.084138 0.339205
0.162461 0.084365 0.339361
0.162538 0.084593 0.339518
0.162642 0.084793 0.339575
0.162718 0.085021 0.339732
0.162795 0.085250 0.339889
0.162900 0.085450 0.339947
0.162977 0.085680 0.340104
0.163082 0.085880 0.340161
0.163159 0.086110 0.340319
0.163237 0.086341 0.340476
0.163342 0.086541 0.340534
0.163392 0.086803 0.340792
0.154913 0.072765 0.338478
0.155127 0.072924 0.338251
0.155305 0.073097 0.338119
0.155482 0.073269 0.337986
0.155659 0.073440 0.337854
0.155835 0.073611 0.337721
0.155976 0.073797 0.337683
0.156117 0.073983 0.337646
0.156292 0.074151 0.337512
0.156467 0.074318 0.337379
0.156641 0.074485 0.337244
0.156781 0.074668 0.337206
0.156954 0.074833 0.337072
0.157093 0.075015 0.337033
0.157232 0.075197 0.336995
0.157370 0.075379 0.336956
0.157509 0.075560 0.336917
0.157647 0.075740 0.336878
0.157785 0.075920 0.336839
0.157922 0.076100 0.336799
0.158026 0.076299 0.336857
0.158164 0.076478 0.336817
0.158268 0.076676 0.336874
0.158405 0.076855 0.336835
0.158509 0.077053 0.336892
0.158645 0.077231 0.336852
0.158749 0.077429 0.336909
0.158885 0.077606 0.336869
0.159021 0.077783 0.336829
0.159125 0.077981 0.336886
0.159229 0.078178 0.336942
0.159364 0.078354 0.336902
0.159468 0.078552 0.336959
0.159603 0.078727 0.336918
0.159706 0.078924 0.336975
0.159810 0.079122 0.337032
0.159913 0.079319 0.337089
0.160048 0.079493 0.337048
0.160151 0.079690 0.337104
0.160254 0.079887 0.337161
0.160357 0.080084 0.337218
0.160461 0.080281 0.337275
0.160564 0.080479 0.337331
0.160667 0.080676 0.337388
0.160771 0.080873 0.337445
0.160874 0.081070 0.337502
0.160977 0.081267 0.337558
0.161080 0.081464 0.337615
0.161154 0.081687 0.337770
0.161257 0.081885 0.337827
0.161360 0.082082 0.337884
0.161434 0.082306 0.338039
0.161508 0.082530 0.338195
0.161612 0.082728 0.338252
0.161686 0.082953 0.338407
0.161761 0.083179 0.338563
0.161835 0.083404 0.338719
0.161910 0.083631 0.338875
0.161986 0.083857 0.339031
0.162090 0.084056 0.339089
0.162165 0.084284 0.339245
0.162241 0.084511 0.339402
0.162317 0.084740 0.339558
0.162393 0.084968 0.339715
0.162498 0.085168 0.339772
0.162575 0.085398 0.339929
0.162651 0.085627 0.340087
0.162756 0.085828 0.340144
0.162834 0.086058 0.340301
0.162939 0.086258 0.340359
0.163016 0.086489 0.340517
0.163121 0.086690 0.340574
0.163172 0.086953 0.340832
0.154930 0.073044 0.338190
0.155108 0.073217 0.338058
0.155286 0.073389 0.337926
0.155428 0.073577 0.337889
0.155605 0.073747 0.337756
0.155746 0.073933 0.337719
0.155887 0.074119 0.337682
0.156063 0.074287 0.337548
0.156238 0.074455 0.337415
0.156413 0.074621 0.337281
0.156553 0.074805 0.337243
0.156692 0.074988 0.337204
0.156866 0.075152 0.337070
0.157005 0.075334 0.337031
0.157144 0.075515 0.336993
0.157283 0.075696 0.336954
0.157455 0.075858 0.336819
0.157593 0.076038 0.336780
0.157697 0.076237 0.336837
0.157835 0.076416 0.336798
0.157939 0.076615 0.336855
0.158043 0.076814 0.336912
0.158181 0.076992 0.336872
0.158318 0.077170 0.336833
0.158421 0.077369 0.336890
0.158558 0.077546 0.336850
0.158662 0.077744 0.336907
0.158798 0.077921 0.336867
0.158934 0.078097 0.336827
0.159038 0.078295 0.336884
0.159142 0.078493 0.336941
0.159277 0.078668 0.336900
0.159381 0.078866 0.336957
0.159484 0.079063 0.337014
0.159620 0.079238 0.336973
0.159723 0.079435 0.337030
0.159826 0.079633 0.337087
0.159930 0.079830 0.337144
0.160033 0.080027 0.337200
0.160168 0.080201 0.337159
0.160271 0.080398 0.337216
0.160374 0.080595 0.337273
0.160477 0.080792 0.337330
0.160581 0.080989 0.337386
0.160684 0.081186 0.337443
0.160787 0.081384 0.337500
0.160860 0.081606 0.337655
0.160964 0.081804 0.337712
0.161067 0.082001 0.337768
0.161140 0.082225 0.337924
0.161244 0.082423 0.337981
0.161318 0.082647 0.338136
0.161392 0.082872 0.338292
0.161466 0.083097 0.338447
0.161540 0.083323 0.338603
0.161615 0.083549 0.338759
0.161690 0.083776 0.338915
0.161765 0.084003 0.339071
0.161840 0.084230 0.339228
0.161945 0.084430 0.339285
0.162020 0.084658 0.339442
0.162096 0.084886 0.339598
0.162173 0.085115 0.339755
0.162277 0.085315 0.339813
0.162354 0.085545 0.339969
0.162431 0.085775 0.340127
0.162536 0.085976 0.340184
0.162640 0.086176 0.340242
0.162690 0.086438 0.340499
0.162795 0.086639 0.340557
0.162900 0.086840 0.340615
0.154912 0.073338 0.337998
0.155090 0.073509 0.337865
0.155232 0.073697 0.337829
0.155409 0.073867 0.337696
0.155551 0.074053 0.337659
0.155692 0.074239 0.337621
0.155833 0.074424 0.337584
0.156009 0.074591 0.337451
0.156184 0.074758 0.337317
0.156324 0.074941 0.337279
0.156499 0.075106 0.337145
0.156639 0.075289 0.337106
0.156778 0.075471 0.337068
0.156951 0.075633 0.336933
0.157056 0.075833 0.336991
0.157195 0.076014 0.336952
0.157367 0.076175 0.336817
0.157472 0.076374 0.336874
0.157610 0.076553 0.336835
0.157747 0.076732 0.336796
0.157852 0.076931 0.336853
0.157956 0.077130 0.336910
0.158093 0.077308 0.336871
0.158230 0.077486 0.336831
0.158334 0.077684 0.336888
0.158471 0.077861 0.336848
0.158575 0.078060 0.336905
0.158711 0.078236 0.336865
0.158815 0.078434 0.336922
0.158951 0.078610 0.336882
0.159055 0.078807 0.336939
0.159158 0.079005 0.336996
0.159262 0.079203 0.337053
0.159398 0.079378 0.337012
0.159501 0.079575 0.337069
0.159605 0.079773 0.337126
0.159740 0.079946 0.337085
0.159843 0.080144 0.337142
0.159946 0.080341 0.337199
0.160050 0.080539 0.337255
0.160153 0.080736 0.337312
0.160257 0.080933 0.337369
0.160360 0.081131 0.337426
0.160463 0.081328 0.337483
0.160567 0.081526 0.337539
0.160670 0.081723 0.337596
0.160773 0.081920 0.337653
0.160847 0.082144 0.337808
0.160950 0.082342 0.337865
0.161023 0.082566 0.338020
0.161097 0.082791 0.338176
0.161171 0.083016 0.338331
0.161245 0.083242 0.338487
0.161319 0.083468 0.338643
0.161394 0.083694 0.338799
0.161469 0.083921 0.338955
0.161544 0.084149 0.339111
0.161648 0.084348 0.339168
0.161695 0.084605 0.339424
0.161799 0.084805 0.339481
0.161875 0.085033 0.339638
0.161951 0.085263 0.339795
0.162028 0.085493 0.339952
0.162132 0.085693 0.340009
0.162209 0.085924 0.340166
0.162286 0.086154 0.340324
0.162363 0.086386 0.340481
0.162440 0.086618 0.340638
0.162518 0.086850 0.340796
0.162624 0.087051 0.340854
0.154893 0.073630 0.337805
0.155036 0.073817 0.337768
0.155178 0.074003 0.337731
0.155320 0.074190 0.337694
0.155462 0.074375 0.337657
0.155603 0.074561 0.337620
0.155779 0.074728 0.337486
0.155955 0.074894 0.337353
0.156096 0.075078 0.337315
0.156236 0.075261 0.337277
0.156376 0.075444 0.337239
0.156550 0.075608 0.337105
0.156690 0.075789 0.337066
0.156829 0.075970 0.337028
0.156968 0.076151 0.336989
0.157107 0.076332 0.336950
0.157246 0.076511 0.336911
0.157384 0.076691 0.336872
0.157522 0.076870 0.336833
0.157627 0.077069 0.336890
0.157731 0.077268 0.336948
0.157869 0.077446 0.336908
0.157973 0.077645 0.336966
0.158110 0.077823 0.336926
0.158247 0.078000 0.336886
0.158351 0.078198 0.336943
0.158455 0.078397 0.337000
0.158592 0.078573 0.336960
0.158696 0.078771 0.337018
0.158799 0.078970 0.337075
0.158936 0.079145 0.337034
0.159039 0.079343 0.337091
0.159175 0.079518 0.337051
0.159279 0.079715 0.337108
0.159382 0.079913 0.337165
0.159518 0.080087 0.337124
0.159621 0.080285 0.337181
0.159725 0.080482 0.337238
0.159828 0.080680 0.337295
0.159932 0.080877 0.337352
0.160035 0.081075 0.337408
0.160139 0.081273 0.337465
0.160242 0.081470 0.337522
0.160346 0.081668 0.337579
0.160449 0.081865 0.337636
0.160553 0.082063 0.337693
0.160656 0.082261 0.337749
0.160729 0.082485 0.337905
0.160803 0.082709 0.338060
0.160876 0.082935 0.338215
0.160980 0.083133 0.338272
0.161054 0.083359 0.338428
0.161098 0.083613 0.338683
0.161173 0.083840 0.338839
0.161247 0.084067 0.338995
0.161352 0.084266 0.339052
0.161398 0.084523 0.339307
0.161473 0.084751 0.339464
0.161549 0.084980 0.339620
0.161624 0.085210 0.339777
0.161729 0.085410 0.339835
0.161806 0.085641 0.339991
0.161911 0.085841 0.340049
0.161959 0.086102 0.340306
0.162036 0.086334 0.340463
0.162113 0.086566 0.340620
0.162162 0.086829 0.340877
0.162211 0.087093 0.341135
0.154804 0.073953 0.337803
0.154982 0.074123 0.337671
0.155124 0.074309 0.337634
0.155231 0.074512 0.337692
0.155408 0.074680 0.337559
0.155514 0.074883 0.337618
0.155690 0.075050 0.337484
0.155831 0.075233 0.337447
0.155972 0.075417 0.337409
0.156113 0.075600 0.337371
0.156288 0.075764 0.337237
0.156428 0.075946 0.337199
0.156567 0.076127 0.337161
0.156707 0.076308 0.337122
0.156880 0.076469 0.336987
0.157019 0.076649 0.336948
0.157158 0.076829 0.336910
0.157297 0.077008 0.336871
0.157401 0.077207 0.336928
0.157505 0.077407 0.336985
0.157643 0.077585 0.336946
0.157748 0.077784 0.337003
0.157885 0.077962 0.336964
0.157990 0.078160 0.337021
0.158094 0.078359 0.337078
0.158231 0.078536 0.337039
0.158335 0.078735 0.337096
0.158472 0.078911 0.337056
0.158576 0.079109 0.337113
0.158712 0.079285 0.337073
0.158816 0.079483 0.337130
0.158920 0.079681 0.337187
0.159056 0.079856 0.337147
0.159160 0.080054 0.337204
0.159295 0.080228 0.337163
0.159399 0.080425 0.337220
0.159503 0.080623 0.337277
0.159606 0.080821 0.337334
0.159710 0.081019 0.337391
0.159845 0.081191 0.337350
0.159948 0.081389 0.337407
0.160052 0.081587 0.337463
0.160155 0.081784 0.337520
0.160228 0.082008 0.337675
0.160332 0.082206 0.337732
0.160435 0.082404 0.337789
0.160508 0.082628 0.337944
0.160581 0.082853 0.338100
0.160685 0.083052 0.338157
0.160759 0.083277 0.338312
0.160833 0.083503 0.338468
0.160907 0.083730 0.338624
0.160951 0.083985 0.338878
0.161056 0.084184 0.338935
0.161101 0.084441 0.339190
0.161176 0.084669 0.339347
0.161251 0.084898 0.339503
0.161326 0.085128 0.339660
0.161402 0.085358 0.339816
0.161478 0.085588 0.339973
0.161554 0.085819 0.340130
0.161660 0.086020 0.340188
0.161736 0.086251 0.340345
0.161813 0.086483 0.340502
0.161862 0.086746 0.340759
0.161911 0.087010 0.341016
0.154750 0.074260 0.337706
0.154893 0.074446 0.337669
0.155035 0.074632 0.337632
0.155141 0.074835 0.337690
0.155283 0.075020 0.337653
0.155425 0.075205 0.337616
0.155566 0.075389 0.337578
0.155708 0.075573 0.337541
0.155884 0.075738 0.337407
0.156024 0.075920 0.337369
0.156165 0.076103 0.337331
0.156305 0.076285 0.337293
0.156445 0.076466 0.337255
0.156619 0.076627 0.337120
0.156758 0.076807 0.337082
0.156897 0.076987 0.337043
0.157036 0.077167 0.337004
0.157141 0.077366 0.337062
0.157246 0.077566 0.337119
0.157384 0.077745 0.337080
0.157522 0.077923 0.337041
0.157627 0.078122 0.337098
0.157764 0.078300 0.337059
0.157869 0.078499 0.337116
0.157973 0.078698 0.337173
0.158110 0.078875 0.337134
0.158215 0.079073 0.337191
0.158319 0.079272 0.337248
0.158456 0.079448 0.337208
0.158560 0.079647 0.337265
0.158697 0.079822 0.337225
0.158800 0.080020 0.337282
0.158937 0.080195 0.337242
0.159041 0.080393 0.337299
0.159144 0.080591 0.337356
0.159280 0.080765 0.337316
0.159384 0.080963 0.337373
0.159488 0.081161 0.337430
0.159623 0.081333 0.337389
0.159727 0.081531 0.337446
0.159830 0.081729 0.337503
0.159934 0.081927 0.337560
0.160037 0.082125 0.337616
0.160110 0.082349 0.337771
0.160214 0.082547 0.337828
0.160287 0.082772 0.337984
0.160360 0.082997 0.338139
0.160464 0.083196 0.338196
0.160537 0.083422 0.338352
0.160611 0.083648 0.338507
0.160685 0.083875 0.338663
0.160759 0.084103 0.338819
0.160804 0.084359 0.339074
0.160878 0.084587 0.339230
0.160953 0.084816 0.339386
0.161028 0.085046 0.339543
0.161074 0.085305 0.339798
0.161150 0.085535 0.339955
0.161255 0.085736 0.340013
0.161332 0.085967 0.340170
0.161437 0.086169 0.340228
0.161513 0.086400 0.340385
0.161561 0.086663 0.340641
0.161638 0.086896 0.340799
0.154661 0.074584 0.337704
0.154804 0.074770 0.337667
0.154910 0.074973 0.337726
0.155052 0.075158 0.337689
0.155194 0.075343 0.337651
0.155300 0.075546 0.337710
0.155442 0.075730 0.337672
0.155619 0.075895 0.337539
0.155760 0.076078 0.337501
0.155901 0.076260 0.337463
0.156041 0.076442 0.337425
0.156216 0.076604 0.337291
0.156356 0.076785 0.337253
0.156496 0.076966 0.337215
0.156636 0.077146 0.337176
0.156775 0.077326 0.337137
0.156914 0.077505 0.337099
0.157019 0.077705 0.337156
0.157124 0.077905 0.337214
0.157262 0.078084 0.337175
0.157367 0.078283 0.337232
0.157472 0.078483 0.337290
0.157610 0.078661 0.337250
0.157714 0.078860 0.337308
0.157852 0.079037 0.337268
0.157957 0.079237 0.337326
0.158061 0.079436 0.337383
0.158199 0.079612 0.337343
0.158303 0.079811 0.337401
0.158440 0.079986 0.337361
0.158544 0.080185 0.337418
0.158648 0.080384 0.337475
0.158785 0.080559 0.337435
0.158921 0.080733 0.337395
0.159025 0.080931 0.337452
0.159129 0.081130 0.337509
0.159265 0.081303 0.337468
0.159369 0.081501 0.337526
0.159473 0.081699 0.337583
0.159577 0.081898 0.337640
0.159680 0.082096 0.337697
0.159784 0.082294 0.337754
0.159888 0.082492 0.337811
0.159961 0.082717 0.337966
0.160065 0.082916 0.338023
0.160138 0.083142 0.338178
0.160211 0.083368 0.338334
0.160285 0.083594 0.338489
0.160358 0.083822 0.338645
0.160432 0.084049 0.338801
0.160506 0.084277 0.338957
0.160581 0.084505 0.339113
0.160625 0.084763 0.339368
0.160700 0.084992 0.339524
0.160776 0.085222 0.339681
0.160851 0.085453 0.339837
0.160956 0.085654 0.339895
0.161003 0.085915 0.340151
0.161108 0.086116 0.340209
0.161185 0.086348 0.340366
0.161261 0.086580 0.340523
0.161338 0.086813 0.340680
0.154572 0.074907 0.337702
0.154678 0.075111 0.337761
0.154785 0.075314 0.337819
0.154927 0.075499 0.337782
0.155069 0.075684 0.337745
0.155211 0.075868 0.337708
0.155318 0.076071 0.337766
0.155495 0.076235 0.337633
0.155636 0.076418 0.337595
0.155777 0.076601 0.337558
0.155918 0.076783 0.337520
0.156093 0.076944 0.337386
0.156233 0.077125 0.337347
0.156373 0.077306 0.337309
0.156513 0.077486 0.337271
0.156653 0.077665 0.337232
0.156758 0.077866 0.337290
0.156863 0.078066 0.337347
0.156968 0.078267 0.337405
0.157107 0.078445 0.337366
0.157212 0.078645 0.337424
0.157350 0.078823 0.337385
0.157455 0.079023 0.337442
0.157560 0.079223 0.337500
0.157698 0.079400 0.337460
0.157803 0.079600 0.337518
0.157907 0.079800 0.337575
0.158045 0.079976 0.337536
0.158182 0.080152 0.337496
0.158287 0.080351 0.337553
0.158391 0.080550 0.337611
0.158528 0.080725 0.337571
0.158633 0.080924 0.337628
0.158769 0.081098 0.337588
0.158873 0.081297 0.337645
0.158978 0.081496 0.337702
0.159114 0.081669 0.337662
0.159218 0.081868 0.337719
0.159322 0.082067 0.337776
0.159426 0.082265 0.337833
0.159530 0.082464 0.337891
0.159634 0.082663 0.337948
0.159707 0.082888 0.338103
0.159811 0.083087 0.338160
0.159884 0.083314 0.338316
0.159988 0.083513 0.338373
0.160031 0.083768 0.338627
0.160105 0.083995 0.338782
0.160179 0.084223 0.338938
0.160253 0.084452 0.339094
0.160327 0.084681 0.339251
0.160372 0.084939 0.339505
0.160447 0.085169 0.339662
0.160522 0.085399 0.339818
0.160627 0.085601 0.339876
0.160703 0.085832 0.340033
0.160779 0.086063 0.340190
0.160855 0.086295 0.340347
0.160931 0.086528 0.340504
0.161037 0.086730 0.340562
0.154446 0.075249 0.337796
0.154553 0.075453 0.337854
0.154695 0.075638 0.337817
0.154838 0.075823 0.337780
0.154944 0.076026 0.337839
0.155087 0.076210 0.337802
0.155229 0.076394 0.337764
0.155370 0.076577 0.337727
0.155547 0.076740 0.337593
0.155688 0.076922 0.337556
0.155829 0.077104 0.337518
0.155970 0.077285 0.337480
0.156110 0.077466 0.337442
0.156250 0.077646 0.337403
0.156356 0.077847 0.337461
0.156461 0.078048 0.337519
0.156601 0.078228 0.337481
0.156706 0.078428 0.337538
0.156811 0.078629 0.337596
0.156951 0.078808 0.337557
0.157056 0.079009 0.337615
0.157195 0.079187 0.337576
0.157300 0.079387 0.337634
0.157405 0.079587 0.337692
0.157543 0.079765 0.337652
0.157648 0.079965 0.337710
0.157786 0.080141 0.337671
0.157891 0.080341 0.337728
0.158029 0.080517 0.337688
0.158133 0.080717 0.337746
0.158271 0.080892 0.337706
0.158375 0.081091 0.337764
0.158513 0.081266 0.337724
0.158617 0.081465 0.337781
0.158721 0.081665 0.337838
0.158858 0.081838 0.337798
0.158962 0.082037 0.337855
0.159067 0.082236 0.337913
0.159171 0.082435 0.337970
0.159275 0.082635 0.338027
0.159380 0.082834 0.338085
0.159452 0.083060 0.338240
0.159557 0.083259 0.338297
0.159598 0.083514 0.338551
0.159703 0.083713 0.338608
0.159777 0.083941 0.338764
0.159819 0.084198 0.339018
0.159924 0.084398 0.339076
0.159999 0.084627 0.339232
0.160042 0.084885 0.339486
0.160117 0.085116 0.339643
0.160192 0.085346 0.339799
0.160268 0.085577 0.339956
0.160373 0.085779 0.340014
0.160449 0.086011 0.340171
0.160525 0.086243 0.340328
0.160631 0.086445 0.340386
0.160707 0.086678 0.340543
0.154356 0.075573 0.337794
0.154463 0.075777 0.337852
0.154570 0.075980 0.337911
0.154713 0.076165 0.337874
0.154855 0.076349 0.337837
0.154962 0.076552 0.337896
0.155139 0.076716 0.337763
0.155246 0.076919 0.337821
0.155423 0.077081 0.337687
0.155564 0.077263 0.337650
0.155705 0.077445 0.337612
0.155846 0.077626 0.337574
0.155952 0.077828 0.337632
0.156092 0.078008 0.337594
0.156198 0.078210 0.337652
0.156303 0.078411 0.337710
0.156444 0.078591 0.337672
0.156549 0.078792 0.337729
0.156689 0.078971 0.337691
0.156794 0.079172 0.337749
0.156899 0.079373 0.337807
0.157039 0.079551 0.337768
0.157144 0.079752 0.337826
0.157249 0.079953 0.337883
0.157388 0.080130 0.337844
0.157493 0.080331 0.337902
0.157632 0.080507 0.337863
0.157737 0.080708 0.337920
0.157875 0.080884 0.337881
0.157980 0.081084 0.337939
0.158117 0.081259 0.337899
0.158222 0.081459 0.337956
0.158360 0.081634 0.337917
0.158464 0.081833 0.337974
0.158569 0.082033 0.338032
0.158673 0.082233 0.338089
0.158778 0.082433 0.338147
0.158883 0.082633 0.338204
0.158987 0.082832 0.338261
0.159092 0.083032 0.338319
0.159197 0.083232 0.338376
0.159270 0.083459 0.338532
0.159343 0.083687 0.338687
0.159416 0.083915 0.338843
0.159490 0.084143 0.338999
0.159564 0.084372 0.339155
0.159638 0.084602 0.339311
0.159712 0.084832 0.339467
0.159787 0.085062 0.339623
0.159862 0.085293 0.339780
0.159937 0.085524 0.339936
0.160043 0.085726 0.339995
0.160149 0.085928 0.340053
0.160194 0.086190 0.340308
0.160300 0.086392 0.340367
0.160406 0.086595 0.340425
0.154194 0.075934 0.337983
0.154301 0.076139 0.338041
0.154444 0.076323 0.338005
0.154587 0.076508 0.337968
0.154730 0.076692 0.337931
0.154872 0.076876 0.337894
0.154979 0.077079 0.337952
0.155157 0.077241 0.337819
0.155263 0.077444 0.337877
0.155440 0.077606 0.337744
0.155546 0.077808 0.337802
0.155687 0.077989 0.337764
0.155793 0.078191 0.337822
0.155899 0.078394 0.337881
0.156040 0.078574 0.337843
0.156180 0.078754 0.337804
0.156286 0.078956 0.337862
0.156392 0.079157 0.337920
0.156497 0.079359 0.337979
0.156637 0.079538 0.337940
0.156743 0.079739 0.337998
0.156882 0.079918 0.337959
0.156988 0.080119 0.338017
0.157127 0.080296 0.337978
0.157232 0.080497 0.338036
0.157371 0.080674 0.337997
0.157477 0.080875 0.338055
0.157582 0.081076 0.338113
0.157720 0.081252 0.338073
0.157825 0.081453 0.338131
0.157963 0.081628 0.338092
0.158068 0.081828 0.338149
0.158206 0.082003 0.338110
0.158311 0.082203 0.338167
0.158416 0.082403 0.338225
0.158521 0.082604 0.338282
0.158626 0.082804 0.338340
0.158731 0.083004 0.338398
0.158803 0.083231 0.338553
0.158908 0.083432 0.338611
0.158982 0.083660 0.338766
0.159055 0.083888 0.338922
0.159160 0.084089 0.338980
0.159234 0.084318 0.339136
0.159308 0.084548 0.339292
0.159382 0.084778 0.339448
0.159456 0.085008 0.339604
0.159531 0.085239 0.339760
0.159606 0.085470 0.339917
0.159681 0.085702 0.340073
0.159787 0.085904 0.340132
0.159893 0.086107 0.340190
0.159968 0.086340 0.340347
0.154102 0.076521 0.338326
0.154246 0.076706 0.338289
0.154389 0.076891 0.338253
0.154568 0.077056 0.338120
0.154711 0.077239 0.338083
0.154854 0.077423 0.338046
0.154996 0.077605 0.338009
0.155174 0.077767 0.337876
0.155280 0.077970 0.337934
0.155422 0.078151 0.337896
0.155528 0.078354 0.337955
0.155634 0.078556 0.338013
0.155740 0.078759 0.338071
0.155881 0.078939 0.338033
0.155987 0.079142 0.338091
0.156128 0.079322 0.338053
0.156234 0.079524 0.338112
0.156340 0.079726 0.338170
0.156480 0.079905 0.338131
0.156586 0.080107 0.338189
0.156726 0.080285 0.338151
0.156831 0.080487 0.338209
0.156971 0.080664 0.338170
0.157076 0.080866 0.338228
0.157182 0.081067 0.338286
0.157321 0.081244 0.338247
0.157427 0.081445 0.338305
0.157565 0.081622 0.338266
0.157671 0.081823 0.338324
0.157776 0.082024 0.338382
0.157914 0.082199 0.338342
0.158020 0.082400 0.338400
0.158125 0.082601 0.338458
0.158230 0.082802 0.338515
0.158335 0.083002 0.338573
0.158441 0.083203 0.338631
0.158546 0.083404 0.338689
0.158619 0.083633 0.338844
0.158724 0.083834 0.338902
0.158797 0.084063 0.339058
0.158871 0.084292 0.339214
0.158945 0.084522 0.339370
0.159019 0.084752 0.339526
0.159093 0.084983 0.339682
0.159168 0.085214 0.339839
0.159242 0.085446 0.339995
0.159317 0.085678 0.340152
0.159424 0.085881 0.340210
0.159499 0.086114 0.340367
0.159605 0.086317 0.340425
0.154047 0.077092 0.338574
0.154227 0.077257 0.338442
0.154406 0.077421 0.338310
0.154549 0.077604 0.338273
0.154728 0.077767 0.338140
0.154871 0.077950 0.338103
0.155013 0.078132 0.338065
0.155155 0.078314 0.338028
0.155297 0.078495 0.337990
0.155403 0.078698 0.338049
0.155510 0.078901 0.338107
0.155616 0.079104 0.338166
0.155757 0.079284 0.338128
0.155863 0.079486 0.338186
0.155969 0.079689 0.338244
0.156076 0.079892 0.338303
0.156182 0.080094 0.338361
0.156322 0.080273 0.338323
0.156428 0.080476 0.338381
0.156569 0.080654 0.338342
0.156674 0.080856 0.338401
0.156780 0.081058 0.338459
0.156920 0.081236 0.338420
0.157026 0.081438 0.338478
0.157165 0.081615 0.338439
0.157271 0.081816 0.338497
0.157377 0.082018 0.338555
0.157516 0.082194 0.338516
0.157621 0.082396 0.338574
0.157727 0.082597 0.338632
0.157832 0.082799 0.338690
0.157938 0.083000 0.338748
0.158044 0.083202 0.338806
0.158149 0.083403 0.338864
0.158255 0.083605 0.338922
0.158328 0.083834 0.339078
0.158434 0.084036 0.339136
0.158507 0.084265 0.339292
0.158581 0.084496 0.339448
0.158655 0.084726 0.339604
0.158761 0.084929 0.339662
0.158835 0.085160 0.339818
0.158910 0.085392 0.339975
0.158984 0.085624 0.340131
0.159059 0.085857 0.340288
0.159166 0.086060 0.340347
0.154208 0.077808 0.338595
0.154424 0.077950 0.338367
0.154567 0.078133 0.338330
0.154710 0.078316 0.338293
0.154852 0.078498 0.338255
0.154995 0.078680 0.338218
0.155101 0.078884 0.338277
0.155243 0.079065 0.338239
0.155350 0.079268 0.338298
0.155491 0.079449 0.338260
0.155598 0.079652 0.338318
0.155704 0.079855 0.338377
0.155811 0.080058 0.338435
0.155952 0.080237 0.338397
0.156058 0.080440 0.338455
0.156164 0.080643 0.338514
0.156271 0.080846 0.338572
0.156411 0.081024 0.338534
0.156517 0.081227 0.338592
0.156623 0.081430 0.338650
0.156729 0.081632 0.338709
0.156870 0.081810 0.338670
0.156976 0.082012 0.338728
0.157115 0.082189 0.338690
0.157221 0.082391 0.338748
0.157327 0.082593 0.338806
0.157433 0.082795 0.338864
0.157539 0.082997 0.338922
0.157645 0.083200 0.338980
0.157751 0.083402 0.339039
0.157857 0.083604 0.339097
0.157962 0.083806 0.339155
0.158036 0.084036 0.339311
0.158109 0.084266 0.339467
0.158215 0.084469 0.339525
0.158322 0.084672 0.339583
0.158395 0.084903 0.339740
0.158502 0.085106 0.339798
0.158576 0.085338 0.339954
0.158651 0.085570 0.340111
0.158757 0.085773 0.340169
0.158832 0.086006 0.340326
0.154441 0.078479 0.338423
0.154584 0.078662 0.338386
0.154763 0.078822 0.338253
0.154869 0.079026 0.338312
0.154976 0.079230 0.338371
0.155118 0.079411 0.338333
0.155225 0.079614 0.338392
0.155332 0.079818 0.338450
0.155473 0.079998 0.338413
0.155580 0.080201 0.338471
0.155686 0.080405 0.338530
0.155793 0.080608 0.338588
0.155934 0.080787 0.338550
0.156040 0.080990 0.338609
0.156112 0.081218 0.338764
0.156253 0.081396 0.338725
0.156360 0.081599 0.338784
0.156466 0.081802 0.338842
0.156606 0.081980 0.338804
0.156713 0.082183 0.338862
0.156819 0.082386 0.338921
0.156925 0.082588 0.338979
0.157031 0.082791 0.339037
0.157138 0.082994 0.339096
0.157277 0.083170 0.339057
0.157383 0.083373 0.339115
0.157490 0.083575 0.339173
0.157563 0.083806 0.339329
0.157669 0.084008 0.339388
0.157775 0.084211 0.339446
0.157881 0.084414 0.339504
0.157955 0.084645 0.339660
0.158061 0.084848 0.339719
0.158135 0.085080 0.339875
0.158242 0.085283 0.339933
0.158316 0.085516 0.340090
0.158423 0.085719 0.340148
0.154494 0.078986 0.338385
0.154637 0.079168 0.338347
0.154744 0.079372 0.338406
0.154887 0.079553 0.338369
0.154993 0.079757 0.338427
0.155136 0.079938 0.338390
0.155242 0.080141 0.338449
0.155349 0.080345 0.338507
0.155455 0.080548 0.338566
0.155562 0.080752 0.338624
0.155669 0.080955 0.338683
0.155775 0.081159 0.338741
0.155917 0.081338 0.338703
0.156023 0.081541 0.338762
0.156129 0.081744 0.338820
0.156236 0.081947 0.338879
0.156342 0.082151 0.338937
0.156449 0.082354 0.338996
0.156555 0.082557 0.339054
0.156662 0.082761 0.339113
0.156768 0.082964 0.339171
0.156909 0.083140 0.339133
0.157015 0.083344 0.339191
0.157121 0.083547 0.339249
0.157228 0.083750 0.339308
0.157334 0.083953 0.339366
0.157440 0.084156 0.339425
0.157514 0.084387 0.339581
0.157620 0.084590 0.339639
0.157727 0.084793 0.339698
0.157833 0.084997 0.339756
0.157940 0.085200 0.339815
0.157981 0.085461 0.340069
0.154546 0.079765 0.338692
0.154689 0.079947 0.338655
0.154797 0.080151 0.338714
0.154939 0.080332 0.338676
0.155046 0.080536 0.338735
0.155224 0.080692 0.338601
0.155331 0.080896 0.338660
0.155437 0.081100 0.338719
0.155544 0.081303 0.338777
0.155651 0.081507 0.338836
0.155758 0.081711 0.338895
0.155864 0.081915 0.338953
0.155971 0.082118 0.339012
0.156078 0.082322 0.339070
0.156184 0.082526 0.339129
0.156325 0.082703 0.339091
0.156432 0.082907 0.339149
0.156539 0.083110 0.339208
0.156645 0.083314 0.339266
0.156752 0.083517 0.339325
0.156858 0.083721 0.339384
0.156965 0.083924 0.339442
0.157072 0.084128 0.339501
0.157178 0.084331 0.339559
0.157285 0.084535 0.339618
0.157391 0.084738 0.339676
0.157498 0.084942 0.339735
0.157572 0.085174 0.339891
0.154921 0.080885 0.338829
0.155099 0.081040 0.338696
0.155206 0.081244 0.338755
0.155313 0.081448 0.338813
0.155419 0.081652 0.338872
0.155526 0.081856 0.338931
0.155598 0.082086 0.339086
0.155705 0.082290 0.339145
0.155847 0.082468 0.339107
0.155954 0.082672 0.339165
0.156060 0.082876 0.339224
0.156167 0.083080 0.339283
0.156274 0.083284 0.339341
0.156415 0.083461 0.339303
0.156522 0.083665 0.339362
0.156628 0.083868 0.339420
0.156735 0.084072 0.339479
0.156842 0.084276 0.339537
0.156949 0.084479 0.339596
0.157055 0.084683 0.339655
0.157162 0.084887 0.339713
0.155188 0.081798 0.338908
0.155295 0.082002 0.338966
0.155366 0.082232 0.339122
0.155473 0.082436 0.339180
0.155580 0.082640 0.339239
0.155688 0.082845 0.339298
0.155795 0.083049 0.339357
0.155902 0.083253 0.339416
0.156009 0.083458 0.339474
0.156116 0.083662 0.339533
0.156257 0.083839 0.339495
0.156364 0.084043 0.339554
0.156471 0.084248 0.339613
0.156578 0.084452 0.339671
