[0.000000] (-) TimerEvent: {}
[0.001037] (meca500_ros2) JobQueued: {'identifier': 'meca500_ros2', 'dependencies': OrderedDict()}
[0.001624] (strawberry_camera) JobQueued: {'identifier': 'strawberry_camera', 'dependencies': OrderedDict()}
[0.001705] (strawberry_cluster) JobQueued: {'identifier': 'strawberry_cluster', 'dependencies': OrderedDict()}
[0.001731] (strawberry_msgs) JobQueued: {'identifier': 'strawberry_msgs', 'dependencies': OrderedDict()}
[0.001760] (strawberry_segmentation) JobQueued: {'identifier': 'strawberry_segmentation', 'dependencies': OrderedDict()}
[0.001869] (strawberry_bringup) JobQueued: {'identifier': 'strawberry_bringup', 'dependencies': OrderedDict([('strawberry_camera', '/home/parallels/Forschsemrep/strawberry_ws/install/strawberry_camera'), ('strawberry_cluster', '/home/parallels/Forschsemrep/strawberry_ws/install/strawberry_cluster'), ('strawberry_msgs', '/home/parallels/Forschsemrep/strawberry_ws/install/strawberry_msgs'), ('strawberry_segmentation', '/home/parallels/Forschsemrep/strawberry_ws/install/strawberry_segmentation')])}
[0.001948] (strawberry_tools) JobQueued: {'identifier': 'strawberry_tools', 'dependencies': OrderedDict([('strawberry_msgs', '/home/parallels/Forschsemrep/strawberry_ws/install/strawberry_msgs')])}
[0.001994] (strawberry_msgs) JobStarted: {'identifier': 'strawberry_msgs'}
[0.023967] (strawberry_camera) JobStarted: {'identifier': 'strawberry_camera'}
[0.044307] (strawberry_cluster) JobStarted: {'identifier': 'strawberry_cluster'}
[0.055709] (strawberry_segmentation) JobStarted: {'identifier': 'strawberry_segmentation'}
[0.070797] (strawberry_msgs) JobProgress: {'identifier': 'strawberry_msgs', 'progress': 'cmake'}
[0.076429] (strawberry_msgs) JobProgress: {'identifier': 'strawberry_msgs', 'progress': 'build'}
[0.076828] (strawberry_msgs) Command: {'cmd': ['/usr/bin/cmake', '--build', '/home/parallels/Forschsemrep/strawberry_ws/build/strawberry_msgs', '--', '-j4', '-l4'], 'cwd': '/home/parallels/Forschsemrep/strawberry_ws/build/strawberry_msgs', 'env': OrderedDict([('GJS_DEBUG_TOPICS', 'JS ERROR;JS LOG'), ('LESSOPEN', '| /usr/bin/lesspipe %s'), ('USER', 'parallels'), ('XDG_SESSION_TYPE', 'wayland'), ('SHLVL', '1'), ('LD_LIBRARY_PATH', '/home/parallels/Forschsemrep/strawberry_ws/install/strawberry_msgs/lib:/usr/lib/x86_64-linux-gnu/gazebo-11/plugins:/opt/ros/humble/opt/rviz_ogre_vendor/lib:/opt/ros/humble/lib/x86_64-linux-gnu:/opt/ros/humble/lib'), ('HOME', '/home/parallels'), ('CONDA_SHLVL', '0'), ('OLDPWD', '/home/parallels'), ('DESKTOP_SESSION', 'ubuntu'), ('GIO_LAUNCHED_DESKTOP_FILE', '/usr/share/applications/terminator.desktop'), ('ROS_PYTHON_VERSION', '3'), ('GNOME_SHELL_SESSION_MODE', 'ubuntu'), ('GTK_MODULES', 'gail:atk-bridge'), ('MANAGERPID', '3032'), ('SYSTEMD_EXEC_PID', '3221'), ('DBUS_SESSION_BUS_ADDRESS', 'unix:path=/run/user/1000/bus'), ('COLORTERM', 'truecolor'), ('TERMINATOR_DBUS_NAME', 'net.tenshu.Terminator25ef4b219e3b005583550f2b0f9f990c3'), ('GIO_LAUNCHED_DESKTOP_FILE_PID', '5529'), ('IM_CONFIG_PHASE', '1'), ('WAYLAND_DISPLAY', 'wayland-0'), ('COLCON_PREFIX_PATH', '/home/parallels/Forschsemrep/strawberry_ws/install'), ('ROS_DISTRO', 'humble'), ('LOGNAME', 'parallels'), ('JOURNAL_STREAM', '8:19956'), ('_', '/usr/bin/colcon'), ('ROS_VERSION', '2'), ('XDG_SESSION_CLASS', 'user'), ('USERNAME', 'parallels'), ('TERM', 'xterm-256color'), ('GNOME_DESKTOP_SESSION_ID', 'this-is-deprecated'), ('ROS_LOCALHOST_ONLY', '0'), ('PATH', '/opt/ros/humble/bin:/home/parallels/.local/bin:/home/parallels/miniforge3/condabin:/home/parallels/.local/bin:/usr/local/sbin:/usr/local/bin:/usr/sbin:/usr/bin:/sbin:/bin:/usr/games:/usr/local/games:/snap/bin:/snap/bin:/home/parallels/.dotnet/tools:/opt/mssql-tools/bin'), ('SESSION_MANAGER', 'local/parallels-Parallels-Virtual-Platform:@/tmp/.ICE-unix/3192,unix/parallels-Parallels-Virtual-Platform:/tmp/.ICE-unix/3192'), ('INVOCATION_ID', '454f23c05d8143398ea19d319ea9d664'), ('XDG_MENU_PREFIX', 'gnome-'), ('GNOME_SETUP_DISPLAY', ':1'), ('XDG_RUNTIME_DIR', '/run/user/1000'), ('MAMBA_ROOT_PREFIX', '/home/parallels/miniforge3'), ('DISPLAY', ':0'), ('TERMINATOR_DBUS_PATH', '/net/tenshu/Terminator2'), ('LANG', 'en_US.UTF-8'), ('XDG_CURRENT_DESKTOP', 'ubuntu:GNOME'), ('DOTNET_BUNDLE_EXTRACT_BASE_DIR', '/home/parallels/.cache/dotnet_bundle_extract'), ('IBUS_DISABLE_SNOOPER', '1'), ('XMODIFIERS', '@im=ibus'), ('XDG_SESSION_DESKTOP', 'ubuntu'), ('XAUTHORITY', '/run/user/1000/.mutter-Xwaylandauth.INPBJ3'), ('LS_COLORS', 'rs=0:di=01;34:ln=01;36:mh=00:pi=40;33:so=01;35:do=01;35:bd=40;33;01:cd=40;33;01:or=40;31;01:mi=00:su=37;41:sg=30;43:ca=30;41:tw=30;42:ow=34;42:st=37;44:ex=01;32:*.tar=01;31:*.tgz=01;31:*.arc=01;31:*.arj=01;31:*.taz=01;31:*.lha=01;31:*.lz4=01;31:*.lzh=01;31:*.lzma=01;31:*.tlz=01;31:*.txz=01;31:*.tzo=01;31:*.t7z=01;31:*.zip=01;31:*.z=01;31:*.dz=01;31:*.gz=01;31:*.lrz=01;31:*.lz=01;31:*.lzo=01;31:*.xz=01;31:*.zst=01;31:*.tzst=01;31:*.bz2=01;31:*.bz=01;31:*.tbz=01;31:*.tbz2=01;31:*.tz=01;31:*.deb=01;31:*.rpm=01;31:*.jar=01;31:*.war=01;31:*.ear=01;31:*.sar=01;31:*.rar=01;31:*.alz=01;31:*.ace=01;31:*.zoo=01;31:*.cpio=01;31:*.7z=01;31:*.rz=01;31:*.cab=01;31:*.wim=01;31:*.swm=01;31:*.dwm=01;31:*.esd=01;31:*.jpg=01;35:*.jpeg=01;35:*.mjpg=01;35:*.mjpeg=01;35:*.gif=01;35:*.bmp=01;35:*.pbm=01;35:*.pgm=01;35:*.ppm=01;35:*.tga=01;35:*.xbm=01;35:*.xpm=01;35:*.tif=01;35:*.tiff=01;35:*.png=01;35:*.svg=01;35:*.svgz=01;35:*.mng=01;35:*.pcx=01;35:*.mov=01;35:*.mpg=01;35:*.mpeg=01;35:*.m2v=01;35:*.mkv=01;35:*.webm=01;35:*.webp=01;35:*.ogm=01;35:*.mp4=01;35:*.m4v=01;35:*.mp4v=01;35:*.vob=01;35:*.qt=01;35:*.nuv=01;35:*.wmv=01;35:*.asf=01;35:*.rm=01;35:*.rmvb=01;35:*.flc=01;35:*.avi=01;35:*.fli=01;35:*.flv=01;35:*.gl=01;35:*.dl=01;35:*.xcf=01;35:*.xwd=01;35:*.yuv=01;35:*.cgm=01;35:*.emf=01;35:*.ogv=01;35:*.ogx=01;35:*.aac=00;36:*.au=00;36:*.flac=00;36:*.m4a=00;36:*.mid=00;36:*.midi=00;36:*.mka=00;36:*.mp3=00;36:*.mpc=00;36:*.ogg=00;36:*.ra=00;36:*.wav=00;36:*.oga=00;36:*.opus=00;36:*.spx=00;36:*.xspf=00;36:'), ('SSH_AGENT_LAUNCHER', 'gnome-keyring'), ('SSH_AUTH_SOCK', '/run/user/1000/keyring/ssh'), ('AMENT_PREFIX_PATH', '/home/parallels/Forschsemrep/strawberry_ws/install/strawberry_tools:/home/parallels/Forschsemrep/strawberry_ws/install/strawberry_bringup:/home/parallels/Forschsemrep/strawberry_ws/install/strawberry_segmentation:/home/parallels/Forschsemrep/strawberry_ws/install/strawberry_msgs:/home/parallels/Forschsemrep/strawberry_ws/install/strawberry_cluster:/home/parallels/Forschsemrep/strawberry_ws/install/strawberry_camera:/home/parallels/Forschsemrep/strawberry_ws/install/meca500_ros2:/opt/ros/humble'), ('CONDA_PYTHON_EXE', '/home/parallels/miniforge3/bin/python'), ('SHELL', '/bin/bash'), ('TERMINATOR_UUID', 'urn:uuid:5deb69e9-cad9-4bb8-a9b5-ba7971cb10ed'), ('QT_ACCESSIBILITY', '1'), ('GDMSESSION', 'ubuntu'), ('LESSCLOSE', '/usr/bin/lesspipe %s %s'), ('GJS_DEBUG_OUTPUT', 'stderr'), ('MAMBA_EXE', '/home/parallels/miniforge3/bin/mamba'), ('QT_IM_MODULE', 'ibus'), ('PWD', '/home/parallels/Forschsemrep/strawberry_ws/build/strawberry_msgs'), ('XDG_CONFIG_DIRS', '/etc/xdg/xdg-ubuntu:/etc/xdg'), ('CONDA_EXE', '/home/parallels/miniforge3/bin/conda'), ('XDG_DATA_DIRS', '/usr/share/ubuntu:/usr/local/share/:/usr/share/:/var/lib/snapd/desktop'), ('PYTHONPATH', '/home/parallels/Forschsemrep/strawberry_ws/build/strawberry_tools:/home/parallels/Forschsemrep/strawberry_ws/install/strawberry_tools/lib/python3.10/site-packages:/home/parallels/Forschsemrep/strawberry_ws/build/strawberry_bringup:/home/parallels/Forschsemrep/strawberry_ws/install/strawberry_bringup/lib/python3.10/site-packages:/home/parallels/Forschsemrep/strawberry_ws/build/strawberry_segmentation:/home/parallels/Forschsemrep/strawberry_ws/install/strawberry_segmentation/lib/python3.10/site-packages:/home/parallels/Forschsemrep/strawberry_ws/install/strawberry_msgs/local/lib/python3.10/dist-packages:/home/parallels/Forschsemrep/strawberry_ws/build/strawberry_cluster:/home/parallels/Forschsemrep/strawberry_ws/install/strawberry_cluster/lib/python3.10/site-packages:/home/parallels/Forschsemrep/strawberry_ws/build/strawberry_camera:/home/parallels/Forschsemrep/strawberry_ws/install/strawberry_camera/lib/python3.10/site-packages:/home/parallels/Forschsemrep/strawberry_ws/build/meca500_ros2:/home/parallels/Forschsemrep/strawberry_ws/install/meca500_ros2/lib/python3.10/site-packages:/opt/ros/humble/lib/python3.10/site-packages:/opt/ros/humble/local/lib/python3.10/dist-packages'), ('COLCON', '1'), ('VTE_VERSION', '6800'), ('CMAKE_PREFIX_PATH', '/home/parallels/Forschsemrep/strawberry_ws/install/strawberry_msgs:/home/parallels/Forschsemrep/strawberry_ws/install/strawberry_tools:/home/parallels/Forschsemrep/strawberry_ws/install/strawberry_bringup:/home/parallels/Forschsemrep/strawberry_ws/install/strawberry_segmentation:/home/parallels/Forschsemrep/strawberry_ws/install/strawberry_cluster:/home/parallels/Forschsemrep/strawberry_ws/install/strawberry_camera:/home/parallels/Forschsemrep/strawberry_ws/install/meca500_ros2:/opt/ros/humble')]), 'shell': False}
[0.101010] (-) TimerEvent: {}
[0.201636] (-) TimerEvent: {}
[0.306652] (-) TimerEvent: {}
[0.407347] (-) TimerEvent: {}
[0.507999] (-) TimerEvent: {}
[0.612678] (-) TimerEvent: {}
[0.713186] (-) TimerEvent: {}
[0.813796] (-) TimerEvent: {}
[0.914655] (-) TimerEvent: {}
[1.016684] (-) TimerEvent: {}
[1.117518] (-) TimerEvent: {}
[1.221119] (-) TimerEvent: {}
[1.321662] (-) TimerEvent: {}
[1.423719] (-) TimerEvent: {}
[1.524297] (-) TimerEvent: {}
[1.624881] (-) TimerEvent: {}
[1.725463] (-) TimerEvent: {}
[1.827932] (-) TimerEvent: {}
[1.929046] (-) TimerEvent: {}
[2.032272] (-) TimerEvent: {}
[2.136917] (-) TimerEvent: {}
[2.240976] (-) TimerEvent: {}
[2.350661] (strawberry_msgs) StdoutLine: {'line': b'[  2%] Built target strawberry_msgs__cpp\n'}
[2.351134] (-) TimerEvent: {}
[2.351879] (strawberry_msgs) StdoutLine: {'line': b'[ 12%] Built target strawberry_msgs__rosidl_generator_c\n'}
[2.352362] (strawberry_msgs) StdoutLine: {'line': b'[ 12%] Built target ament_cmake_python_symlink_strawberry_msgs\n'}
[2.365502] (strawberry_msgs) StdoutLine: {'line': b'[ 23%] Built target strawberry_msgs__rosidl_typesupport_cpp\n'}
[2.365703] (strawberry_msgs) StdoutLine: {'line': b'[ 33%] Built target strawberry_msgs__rosidl_typesupport_fastrtps_cpp\n'}
[2.365788] (strawberry_msgs) StdoutLine: {'line': b'[ 43%] Built target strawberry_msgs__rosidl_typesupport_introspection_cpp\n'}
[2.365874] (strawberry_msgs) StdoutLine: {'line': b'[ 53%] Built target strawberry_msgs__rosidl_typesupport_introspection_c\n'}
[2.365945] (strawberry_msgs) StdoutLine: {'line': b'[ 64%] Built target strawberry_msgs__rosidl_typesupport_fastrtps_c\n'}
[2.366065] (strawberry_msgs) StdoutLine: {'line': b'[ 74%] Built target strawberry_msgs__rosidl_typesupport_c\n'}
[2.372888] (strawberry_msgs) StdoutLine: {'line': b'[ 74%] Built target strawberry_msgs\n'}
[2.373170] (strawberry_msgs) StdoutLine: {'line': b'[ 76%] Built target strawberry_msgs__py\n'}
[2.373533] (strawberry_msgs) StdoutLine: {'line': b'[ 84%] Built target strawberry_msgs__rosidl_generator_py\n'}
[2.373739] (strawberry_msgs) StdoutLine: {'line': b'[ 89%] Built target strawberry_msgs__rosidl_typesupport_fastrtps_c__pyext\n'}
[2.373914] (strawberry_msgs) StdoutLine: {'line': b'[ 94%] Built target strawberry_msgs__rosidl_typesupport_introspection_c__pyext\n'}
[2.374026] (strawberry_msgs) StdoutLine: {'line': b'[100%] Built target strawberry_msgs__rosidl_typesupport_c__pyext\n'}
[2.374131] (strawberry_msgs) StdoutLine: {'line': b'running egg_info\n'}
[2.374328] (strawberry_msgs) StdoutLine: {'line': b'writing strawberry_msgs.egg-info/PKG-INFO\n'}
[2.374456] (strawberry_msgs) StdoutLine: {'line': b'writing dependency_links to strawberry_msgs.egg-info/dependency_links.txt\n'}
[2.374933] (strawberry_msgs) StdoutLine: {'line': b'writing top-level names to strawberry_msgs.egg-info/top_level.txt\n'}
[2.375267] (strawberry_msgs) StdoutLine: {'line': b"reading manifest file 'strawberry_msgs.egg-info/SOURCES.txt'\n"}
[2.375407] (strawberry_msgs) StdoutLine: {'line': b"writing manifest file 'strawberry_msgs.egg-info/SOURCES.txt'\n"}
[2.381641] (strawberry_msgs) StdoutLine: {'line': b'[100%] Built target ament_cmake_python_build_strawberry_msgs_egg\n'}
[2.381742] (strawberry_msgs) CommandEnded: {'returncode': 0}
[2.393810] (strawberry_msgs) JobProgress: {'identifier': 'strawberry_msgs', 'progress': 'install'}
[2.451335] (-) TimerEvent: {}
[2.454465] (strawberry_msgs) Command: {'cmd': ['/usr/bin/cmake', '--install', '/home/parallels/Forschsemrep/strawberry_ws/build/strawberry_msgs'], 'cwd': '/home/parallels/Forschsemrep/strawberry_ws/build/strawberry_msgs', 'env': OrderedDict([('GJS_DEBUG_TOPICS', 'JS ERROR;JS LOG'), ('LESSOPEN', '| /usr/bin/lesspipe %s'), ('USER', 'parallels'), ('XDG_SESSION_TYPE', 'wayland'), ('SHLVL', '1'), ('LD_LIBRARY_PATH', '/home/parallels/Forschsemrep/strawberry_ws/install/strawberry_msgs/lib:/usr/lib/x86_64-linux-gnu/gazebo-11/plugins:/opt/ros/humble/opt/rviz_ogre_vendor/lib:/opt/ros/humble/lib/x86_64-linux-gnu:/opt/ros/humble/lib'), ('HOME', '/home/parallels'), ('CONDA_SHLVL', '0'), ('OLDPWD', '/home/parallels'), ('DESKTOP_SESSION', 'ubuntu'), ('GIO_LAUNCHED_DESKTOP_FILE', '/usr/share/applications/terminator.desktop'), ('ROS_PYTHON_VERSION', '3'), ('GNOME_SHELL_SESSION_MODE', 'ubuntu'), ('GTK_MODULES', 'gail:atk-bridge'), ('MANAGERPID', '3032'), ('SYSTEMD_EXEC_PID', '3221'), ('DBUS_SESSION_BUS_ADDRESS', 'unix:path=/run/user/1000/bus'), ('COLORTERM', 'truecolor'), ('TERMINATOR_DBUS_NAME', 'net.tenshu.Terminator25ef4b219e3b005583550f2b0f9f990c3'), ('GIO_LAUNCHED_DESKTOP_FILE_PID', '5529'), ('IM_CONFIG_PHASE', '1'), ('WAYLAND_DISPLAY', 'wayland-0'), ('COLCON_PREFIX_PATH', '/home/parallels/Forschsemrep/strawberry_ws/install'), ('ROS_DISTRO', 'humble'), ('LOGNAME', 'parallels'), ('JOURNAL_STREAM', '8:19956'), ('_', '/usr/bin/colcon'), ('ROS_VERSION', '2'), ('XDG_SESSION_CLASS', 'user'), ('USERNAME', 'parallels'), ('TERM', 'xterm-256color'), ('GNOME_DESKTOP_SESSION_ID', 'this-is-deprecated'), ('ROS_LOCALHOST_ONLY', '0'), ('PATH', '/opt/ros/humble/bin:/home/parallels/.local/bin:/home/parallels/miniforge3/condabin:/home/parallels/.local/bin:/usr/local/sbin:/usr/local/bin:/usr/sbin:/usr/bin:/sbin:/bin:/usr/games:/usr/local/games:/snap/bin:/snap/bin:/home/parallels/.dotnet/tools:/opt/mssql-tools/bin'), ('SESSION_MANAGER', 'local/parallels-Parallels-Virtual-Platform:@/tmp/.ICE-unix/3192,unix/parallels-Parallels-Virtual-Platform:/tmp/.ICE-unix/3192'), ('INVOCATION_ID', '454f23c05d8143398ea19d319ea9d664'), ('XDG_MENU_PREFIX', 'gnome-'), ('GNOME_SETUP_DISPLAY', ':1'), ('XDG_RUNTIME_DIR', '/run/user/1000'), ('MAMBA_ROOT_PREFIX', '/home/parallels/miniforge3'), ('DISPLAY', ':0'), ('TERMINATOR_DBUS_PATH', '/net/tenshu/Terminator2'), ('LANG', 'en_US.UTF-8'), ('XDG_CURRENT_DESKTOP', 'ubuntu:GNOME'), ('DOTNET_BUNDLE_EXTRACT_BASE_DIR', '/home/parallels/.cache/dotnet_bundle_extract'), ('IBUS_DISABLE_SNOOPER', '1'), ('XMODIFIERS', '@im=ibus'), ('XDG_SESSION_DESKTOP', 'ubuntu'), ('XAUTHORITY', '/run/user/1000/.mutter-Xwaylandauth.INPBJ3'), ('LS_COLORS', 'rs=0:di=01;34:ln=01;36:mh=00:pi=40;33:so=01;35:do=01;35:bd=40;33;01:cd=40;33;01:or=40;31;01:mi=00:su=37;41:sg=30;43:ca=30;41:tw=30;42:ow=34;42:st=37;44:ex=01;32:*.tar=01;31:*.tgz=01;31:*.arc=01;31:*.arj=01;31:*.taz=01;31:*.lha=01;31:*.lz4=01;31:*.lzh=01;31:*.lzma=01;31:*.tlz=01;31:*.txz=01;31:*.tzo=01;31:*.t7z=01;31:*.zip=01;31:*.z=01;31:*.dz=01;31:*.gz=01;31:*.lrz=01;31:*.lz=01;31:*.lzo=01;31:*.xz=01;31:*.zst=01;31:*.tzst=01;31:*.bz2=01;31:*.bz=01;31:*.tbz=01;31:*.tbz2=01;31:*.tz=01;31:*.deb=01;31:*.rpm=01;31:*.jar=01;31:*.war=01;31:*.ear=01;31:*.sar=01;31:*.rar=01;31:*.alz=01;31:*.ace=01;31:*.zoo=01;31:*.cpio=01;31:*.7z=01;31:*.rz=01;31:*.cab=01;31:*.wim=01;31:*.swm=01;31:*.dwm=01;31:*.esd=01;31:*.jpg=01;35:*.jpeg=01;35:*.mjpg=01;35:*.mjpeg=01;35:*.gif=01;35:*.bmp=01;35:*.pbm=01;35:*.pgm=01;35:*.ppm=01;35:*.tga=01;35:*.xbm=01;35:*.xpm=01;35:*.tif=01;35:*.tiff=01;35:*.png=01;35:*.svg=01;35:*.svgz=01;35:*.mng=01;35:*.pcx=01;35:*.mov=01;35:*.mpg=01;35:*.mpeg=01;35:*.m2v=01;35:*.mkv=01;35:*.webm=01;35:*.webp=01;35:*.ogm=01;35:*.mp4=01;35:*.m4v=01;35:*.mp4v=01;35:*.vob=01;35:*.qt=01;35:*.nuv=01;35:*.wmv=01;35:*.asf=01;35:*.rm=01;35:*.rmvb=01;35:*.flc=01;35:*.avi=01;35:*.fli=01;35:*.flv=01;35:*.gl=01;35:*.dl=01;35:*.xcf=01;35:*.xwd=01;35:*.yuv=01;35:*.cgm=01;35:*.emf=01;35:*.ogv=01;35:*.ogx=01;35:*.aac=00;36:*.au=00;36:*.flac=00;36:*.m4a=00;36:*.mid=00;36:*.midi=00;36:*.mka=00;36:*.mp3=00;36:*.mpc=00;36:*.ogg=00;36:*.ra=00;36:*.wav=00;36:*.oga=00;36:*.opus=00;36:*.spx=00;36:*.xspf=00;36:'), ('SSH_AGENT_LAUNCHER', 'gnome-keyring'), ('SSH_AUTH_SOCK', '/run/user/1000/keyring/ssh'), ('AMENT_PREFIX_PATH', '/home/parallels/Forschsemrep/strawberry_ws/install/strawberry_tools:/home/parallels/Forschsemrep/strawberry_ws/install/strawberry_bringup:/home/parallels/Forschsemrep/strawberry_ws/install/strawberry_segmentation:/home/parallels/Forschsemrep/strawberry_ws/install/strawberry_msgs:/home/parallels/Forschsemrep/strawberry_ws/install/strawberry_cluster:/home/parallels/Forschsemrep/strawberry_ws/install/strawberry_camera:/home/parallels/Forschsemrep/strawberry_ws/install/meca500_ros2:/opt/ros/humble'), ('CONDA_PYTHON_EXE', '/home/parallels/miniforge3/bin/python'), ('SHELL', '/bin/bash'), ('TERMINATOR_UUID', 'urn:uuid:5deb69e9-cad9-4bb8-a9b5-ba7971cb10ed'), ('QT_ACCESSIBILITY', '1'), ('GDMSESSION', 'ubuntu'), ('LESSCLOSE', '/usr/bin/lesspipe %s %s'), ('GJS_DEBUG_OUTPUT', 'stderr'), ('MAMBA_EXE', '/home/parallels/miniforge3/bin/mamba'), ('QT_IM_MODULE', 'ibus'), ('PWD', '/home/parallels/Forschsemrep/strawberry_ws/build/strawberry_msgs'), ('XDG_CONFIG_DIRS', '/etc/xdg/xdg-ubuntu:/etc/xdg'), ('CONDA_EXE', '/home/parallels/miniforge3/bin/conda'), ('XDG_DATA_DIRS', '/usr/share/ubuntu:/usr/local/share/:/usr/share/:/var/lib/snapd/desktop'), ('PYTHONPATH', '/home/parallels/Forschsemrep/strawberry_ws/build/strawberry_tools:/home/parallels/Forschsemrep/strawberry_ws/install/strawberry_tools/lib/python3.10/site-packages:/home/parallels/Forschsemrep/strawberry_ws/build/strawberry_bringup:/home/parallels/Forschsemrep/strawberry_ws/install/strawberry_bringup/lib/python3.10/site-packages:/home/parallels/Forschsemrep/strawberry_ws/build/strawberry_segmentation:/home/parallels/Forschsemrep/strawberry_ws/install/strawberry_segmentation/lib/python3.10/site-packages:/home/parallels/Forschsemrep/strawberry_ws/install/strawberry_msgs/local/lib/python3.10/dist-packages:/home/parallels/Forschsemrep/strawberry_ws/build/strawberry_cluster:/home/parallels/Forschsemrep/strawberry_ws/install/strawberry_cluster/lib/python3.10/site-packages:/home/parallels/Forschsemrep/strawberry_ws/build/strawberry_camera:/home/parallels/Forschsemrep/strawberry_ws/install/strawberry_camera/lib/python3.10/site-packages:/home/parallels/Forschsemrep/strawberry_ws/build/meca500_ros2:/home/parallels/Forschsemrep/strawberry_ws/install/meca500_ros2/lib/python3.10/site-packages:/opt/ros/humble/lib/python3.10/site-packages:/opt/ros/humble/local/lib/python3.10/dist-packages'), ('COLCON', '1'), ('VTE_VERSION', '6800'), ('CMAKE_PREFIX_PATH', '/home/parallels/Forschsemrep/strawberry_ws/install/strawberry_msgs:/home/parallels/Forschsemrep/strawberry_ws/install/strawberry_tools:/home/parallels/Forschsemrep/strawberry_ws/install/strawberry_bringup:/home/parallels/Forschsemrep/strawberry_ws/install/strawberry_segmentation:/home/parallels/Forschsemrep/strawberry_ws/install/strawberry_cluster:/home/parallels/Forschsemrep/strawberry_ws/install/strawberry_camera:/home/parallels/Forschsemrep/strawberry_ws/install/meca500_ros2:/opt/ros/humble')]), 'shell': False}
[2.552979] (-) TimerEvent: {}
[2.653370] (-) TimerEvent: {}
[2.760739] (-) TimerEvent: {}
[2.861300] (-) TimerEvent: {}
[2.963329] (-) TimerEvent: {}
[3.074775] (-) TimerEvent: {}
[3.176099] (-) TimerEvent: {}
[3.281594] (-) TimerEvent: {}
[3.382591] (-) TimerEvent: {}
[3.489325] (-) TimerEvent: {}
[3.591892] (-) TimerEvent: {}
[3.651857] (strawberry_msgs) StdoutLine: {'line': b'-- Install configuration: "Debug"\n'}
[3.652160] (strawberry_msgs) StdoutLine: {'line': b'-- Execute custom install script\n'}
[3.652281] (strawberry_msgs) StdoutLine: {'line': b'-- Up-to-date symlink: /home/parallels/Forschsemrep/strawberry_ws/install/strawberry_msgs/share/ament_index/resource_index/rosidl_interfaces/strawberry_msgs\n'}
[3.652383] (strawberry_msgs) StdoutLine: {'line': b'-- Up-to-date symlink: /home/parallels/Forschsemrep/strawberry_ws/install/strawberry_msgs/include/strawberry_msgs/strawberry_msgs/msg/detail/frame_info__functions.h\n'}
[3.652513] (strawberry_msgs) StdoutLine: {'line': b'-- Up-to-date symlink: /home/parallels/Forschsemrep/strawberry_ws/install/strawberry_msgs/include/strawberry_msgs/strawberry_msgs/msg/detail/frame_info__struct.h\n'}
[3.652707] (strawberry_msgs) StdoutLine: {'line': b'-- Up-to-date symlink: /home/parallels/Forschsemrep/strawberry_ws/install/strawberry_msgs/include/strawberry_msgs/strawberry_msgs/msg/detail/frame_info__type_support.h\n'}
[3.652834] (strawberry_msgs) StdoutLine: {'line': b'-- Up-to-date symlink: /home/parallels/Forschsemrep/strawberry_ws/install/strawberry_msgs/include/strawberry_msgs/strawberry_msgs/msg/frame_info.h\n'}
[3.652947] (strawberry_msgs) StdoutLine: {'line': b'-- Up-to-date symlink: /home/parallels/Forschsemrep/strawberry_ws/install/strawberry_msgs/include/strawberry_msgs/strawberry_msgs/msg/rosidl_generator_c__visibility_control.h\n'}
[3.653046] (strawberry_msgs) StdoutLine: {'line': b'-- Up-to-date symlink: /home/parallels/Forschsemrep/strawberry_ws/install/strawberry_msgs/include/strawberry_msgs/strawberry_msgs/srv/capture_snapshot.h\n'}
[3.653148] (strawberry_msgs) StdoutLine: {'line': b'-- Up-to-date symlink: /home/parallels/Forschsemrep/strawberry_ws/install/strawberry_msgs/include/strawberry_msgs/strawberry_msgs/srv/detail/capture_snapshot__functions.h\n'}
[3.653243] (strawberry_msgs) StdoutLine: {'line': b'-- Up-to-date symlink: /home/parallels/Forschsemrep/strawberry_ws/install/strawberry_msgs/include/strawberry_msgs/strawberry_msgs/srv/detail/capture_snapshot__struct.h\n'}
[3.653330] (strawberry_msgs) StdoutLine: {'line': b'-- Up-to-date symlink: /home/parallels/Forschsemrep/strawberry_ws/install/strawberry_msgs/include/strawberry_msgs/strawberry_msgs/srv/detail/capture_snapshot__type_support.h\n'}
[3.653416] (strawberry_msgs) StdoutLine: {'line': b'-- Up-to-date symlink: /home/parallels/Forschsemrep/strawberry_ws/install/strawberry_msgs/share/strawberry_msgs/environment/library_path.sh\n'}
[3.653616] (strawberry_msgs) StdoutLine: {'line': b'-- Up-to-date symlink: /home/parallels/Forschsemrep/strawberry_ws/install/strawberry_msgs/share/strawberry_msgs/environment/library_path.dsv\n'}
[3.653745] (strawberry_msgs) StdoutLine: {'line': b'-- Up-to-date symlink: /home/parallels/Forschsemrep/strawberry_ws/install/strawberry_msgs/include/strawberry_msgs/strawberry_msgs/msg/detail/frame_info__rosidl_typesupport_fastrtps_c.h\n'}
[3.653878] (strawberry_msgs) StdoutLine: {'line': b'-- Up-to-date symlink: /home/parallels/Forschsemrep/strawberry_ws/install/strawberry_msgs/include/strawberry_msgs/strawberry_msgs/msg/rosidl_typesupport_fastrtps_c__visibility_control.h\n'}
[3.653970] (strawberry_msgs) StdoutLine: {'line': b'-- Up-to-date symlink: /home/parallels/Forschsemrep/strawberry_ws/install/strawberry_msgs/include/strawberry_msgs/strawberry_msgs/srv/detail/capture_snapshot__rosidl_typesupport_fastrtps_c.h\n'}
[3.654066] (strawberry_msgs) StdoutLine: {'line': b'-- Up-to-date symlink: /home/parallels/Forschsemrep/strawberry_ws/install/strawberry_msgs/include/strawberry_msgs/strawberry_msgs/msg/detail/frame_info__rosidl_typesupport_introspection_c.h\n'}
[3.654715] (strawberry_msgs) StdoutLine: {'line': b'-- Up-to-date symlink: /home/parallels/Forschsemrep/strawberry_ws/install/strawberry_msgs/include/strawberry_msgs/strawberry_msgs/msg/rosidl_typesupport_introspection_c__visibility_control.h\n'}
[3.659104] (strawberry_msgs) StdoutLine: {'line': b'-- Up-to-date symlink: /home/parallels/Forschsemrep/strawberry_ws/install/strawberry_msgs/include/strawberry_msgs/strawberry_msgs/srv/detail/capture_snapshot__rosidl_typesupport_introspection_c.h\n'}
[3.659769] (strawberry_msgs) StdoutLine: {'line': b'-- Up-to-date symlink: /home/parallels/Forschsemrep/strawberry_ws/install/strawberry_msgs/include/strawberry_msgs/strawberry_msgs/msg/detail/frame_info__builder.hpp\n'}
[3.660262] (strawberry_msgs) StdoutLine: {'line': b'-- Up-to-date symlink: /home/parallels/Forschsemrep/strawberry_ws/install/strawberry_msgs/include/strawberry_msgs/strawberry_msgs/msg/detail/frame_info__struct.hpp\n'}
[3.661010] (strawberry_msgs) StdoutLine: {'line': b'-- Up-to-date symlink: /home/parallels/Forschsemrep/strawberry_ws/install/strawberry_msgs/include/strawberry_msgs/strawberry_msgs/msg/detail/frame_info__traits.hpp\n'}
[3.661434] (strawberry_msgs) StdoutLine: {'line': b'-- Up-to-date symlink: /home/parallels/Forschsemrep/strawberry_ws/install/strawberry_msgs/include/strawberry_msgs/strawberry_msgs/msg/detail/frame_info__type_support.hpp\n'}
[3.666649] (strawberry_msgs) StdoutLine: {'line': b'-- Up-to-date symlink: /home/parallels/Forschsemrep/strawberry_ws/install/strawberry_msgs/include/strawberry_msgs/strawberry_msgs/msg/frame_info.hpp\n'}
[3.667111] (strawberry_msgs) StdoutLine: {'line': b'-- Up-to-date symlink: /home/parallels/Forschsemrep/strawberry_ws/install/strawberry_msgs/include/strawberry_msgs/strawberry_msgs/msg/rosidl_generator_cpp__visibility_control.hpp\n'}
[3.667323] (strawberry_msgs) StdoutLine: {'line': b'-- Up-to-date symlink: /home/parallels/Forschsemrep/strawberry_ws/install/strawberry_msgs/include/strawberry_msgs/strawberry_msgs/srv/capture_snapshot.hpp\n'}
[3.667583] (strawberry_msgs) StdoutLine: {'line': b'-- Up-to-date symlink: /home/parallels/Forschsemrep/strawberry_ws/install/strawberry_msgs/include/strawberry_msgs/strawberry_msgs/srv/detail/capture_snapshot__builder.hpp\n'}
[3.678430] (strawberry_msgs) StdoutLine: {'line': b'-- Up-to-date symlink: /home/parallels/Forschsemrep/strawberry_ws/install/strawberry_msgs/include/strawberry_msgs/strawberry_msgs/srv/detail/capture_snapshot__struct.hpp\n'}
[3.679275] (strawberry_msgs) StdoutLine: {'line': b'-- Up-to-date symlink: /home/parallels/Forschsemrep/strawberry_ws/install/strawberry_msgs/include/strawberry_msgs/strawberry_msgs/srv/detail/capture_snapshot__traits.hpp\n'}
[3.679497] (strawberry_msgs) StdoutLine: {'line': b'-- Up-to-date symlink: /home/parallels/Forschsemrep/strawberry_ws/install/strawberry_msgs/include/strawberry_msgs/strawberry_msgs/srv/detail/capture_snapshot__type_support.hpp\n'}
[3.679775] (strawberry_msgs) StdoutLine: {'line': b'-- Up-to-date symlink: /home/parallels/Forschsemrep/strawberry_ws/install/strawberry_msgs/include/strawberry_msgs/strawberry_msgs/msg/detail/frame_info__rosidl_typesupport_fastrtps_cpp.hpp\n'}
[3.679903] (strawberry_msgs) StdoutLine: {'line': b'-- Up-to-date symlink: /home/parallels/Forschsemrep/strawberry_ws/install/strawberry_msgs/include/strawberry_msgs/strawberry_msgs/msg/rosidl_typesupport_fastrtps_cpp__visibility_control.h\n'}
[3.680008] (strawberry_msgs) StdoutLine: {'line': b'-- Up-to-date symlink: /home/parallels/Forschsemrep/strawberry_ws/install/strawberry_msgs/include/strawberry_msgs/strawberry_msgs/srv/detail/capture_snapshot__rosidl_typesupport_fastrtps_cpp.hpp\n'}
[3.680112] (strawberry_msgs) StdoutLine: {'line': b'-- Up-to-date symlink: /home/parallels/Forschsemrep/strawberry_ws/install/strawberry_msgs/include/strawberry_msgs/strawberry_msgs/msg/detail/frame_info__rosidl_typesupport_introspection_cpp.hpp\n'}
[3.685820] (strawberry_msgs) StdoutLine: {'line': b'-- Up-to-date symlink: /home/parallels/Forschsemrep/strawberry_ws/install/strawberry_msgs/include/strawberry_msgs/strawberry_msgs/srv/detail/capture_snapshot__rosidl_typesupport_introspection_cpp.hpp\n'}
[3.685985] (strawberry_msgs) StdoutLine: {'line': b'-- Up-to-date symlink: /home/parallels/Forschsemrep/strawberry_ws/install/strawberry_msgs/share/strawberry_msgs/environment/pythonpath.sh\n'}
[3.686050] (strawberry_msgs) StdoutLine: {'line': b'-- Up-to-date symlink: /home/parallels/Forschsemrep/strawberry_ws/install/strawberry_msgs/share/strawberry_msgs/environment/pythonpath.dsv\n'}
[3.686108] (strawberry_msgs) StdoutLine: {'line': b'-- Up-to-date symlink: /home/parallels/Forschsemrep/strawberry_ws/install/strawberry_msgs/local/lib/python3.10/dist-packages/strawberry_msgs-0.0.1-py3.10.egg-info/PKG-INFO\n'}
[3.686164] (strawberry_msgs) StdoutLine: {'line': b'-- Up-to-date symlink: /home/parallels/Forschsemrep/strawberry_ws/install/strawberry_msgs/local/lib/python3.10/dist-packages/strawberry_msgs-0.0.1-py3.10.egg-info/SOURCES.txt\n'}
[3.686239] (strawberry_msgs) StdoutLine: {'line': b'-- Up-to-date symlink: /home/parallels/Forschsemrep/strawberry_ws/install/strawberry_msgs/local/lib/python3.10/dist-packages/strawberry_msgs-0.0.1-py3.10.egg-info/dependency_links.txt\n'}
[3.686297] (strawberry_msgs) StdoutLine: {'line': b'-- Up-to-date symlink: /home/parallels/Forschsemrep/strawberry_ws/install/strawberry_msgs/local/lib/python3.10/dist-packages/strawberry_msgs-0.0.1-py3.10.egg-info/top_level.txt\n'}
[3.686359] (strawberry_msgs) StdoutLine: {'line': b'-- Up-to-date symlink: /home/parallels/Forschsemrep/strawberry_ws/install/strawberry_msgs/local/lib/python3.10/dist-packages/strawberry_msgs/__init__.py\n'}
[3.686413] (strawberry_msgs) StdoutLine: {'line': b'-- Up-to-date symlink: /home/parallels/Forschsemrep/strawberry_ws/install/strawberry_msgs/local/lib/python3.10/dist-packages/strawberry_msgs/_strawberry_msgs_s.ep.rosidl_typesupport_c.c\n'}
[3.686465] (strawberry_msgs) StdoutLine: {'line': b'-- Up-to-date symlink: /home/parallels/Forschsemrep/strawberry_ws/install/strawberry_msgs/local/lib/python3.10/dist-packages/strawberry_msgs/_strawberry_msgs_s.ep.rosidl_typesupport_fastrtps_c.c\n'}
[3.686534] (strawberry_msgs) StdoutLine: {'line': b'-- Up-to-date symlink: /home/parallels/Forschsemrep/strawberry_ws/install/strawberry_msgs/local/lib/python3.10/dist-packages/strawberry_msgs/_strawberry_msgs_s.ep.rosidl_typesupport_introspection_c.c\n'}
[3.686680] (strawberry_msgs) StdoutLine: {'line': b'-- Up-to-date symlink: /home/parallels/Forschsemrep/strawberry_ws/install/strawberry_msgs/local/lib/python3.10/dist-packages/strawberry_msgs/libstrawberry_msgs__rosidl_generator_py.so\n'}
[3.686742] (strawberry_msgs) StdoutLine: {'line': b'-- Up-to-date symlink: /home/parallels/Forschsemrep/strawberry_ws/install/strawberry_msgs/local/lib/python3.10/dist-packages/strawberry_msgs/msg/__init__.py\n'}
[3.686796] (strawberry_msgs) StdoutLine: {'line': b'-- Up-to-date symlink: /home/parallels/Forschsemrep/strawberry_ws/install/strawberry_msgs/local/lib/python3.10/dist-packages/strawberry_msgs/msg/_frame_info.py\n'}
[3.686848] (strawberry_msgs) StdoutLine: {'line': b'-- Up-to-date symlink: /home/parallels/Forschsemrep/strawberry_ws/install/strawberry_msgs/local/lib/python3.10/dist-packages/strawberry_msgs/msg/_frame_info_s.c\n'}
[3.686899] (strawberry_msgs) StdoutLine: {'line': b'-- Up-to-date symlink: /home/parallels/Forschsemrep/strawberry_ws/install/strawberry_msgs/local/lib/python3.10/dist-packages/strawberry_msgs/srv/__init__.py\n'}
[3.686966] (strawberry_msgs) StdoutLine: {'line': b'-- Up-to-date symlink: /home/parallels/Forschsemrep/strawberry_ws/install/strawberry_msgs/local/lib/python3.10/dist-packages/strawberry_msgs/srv/_capture_snapshot.py\n'}
[3.687021] (strawberry_msgs) StdoutLine: {'line': b'-- Up-to-date symlink: /home/parallels/Forschsemrep/strawberry_ws/install/strawberry_msgs/local/lib/python3.10/dist-packages/strawberry_msgs/srv/_capture_snapshot_s.c\n'}
[3.687103] (strawberry_msgs) StdoutLine: {'line': b'-- Up-to-date symlink: /home/parallels/Forschsemrep/strawberry_ws/install/strawberry_msgs/local/lib/python3.10/dist-packages/strawberry_msgs/strawberry_msgs_s__rosidl_typesupport_c.cpython-310-x86_64-linux-gnu.so\n'}
[3.687242] (strawberry_msgs) StdoutLine: {'line': b'-- Up-to-date symlink: /home/parallels/Forschsemrep/strawberry_ws/install/strawberry_msgs/local/lib/python3.10/dist-packages/strawberry_msgs/strawberry_msgs_s__rosidl_typesupport_fastrtps_c.cpython-310-x86_64-linux-gnu.so\n'}
[3.687387] (strawberry_msgs) StdoutLine: {'line': b'-- Up-to-date symlink: /home/parallels/Forschsemrep/strawberry_ws/install/strawberry_msgs/local/lib/python3.10/dist-packages/strawberry_msgs/strawberry_msgs_s__rosidl_typesupport_introspection_c.cpython-310-x86_64-linux-gnu.so\n'}
[3.687494] (strawberry_msgs) StdoutLine: {'line': b'-- Up-to-date symlink: /home/parallels/Forschsemrep/strawberry_ws/install/strawberry_msgs/local/lib/python3.10/dist-packages/strawberry_msgs/strawberry_msgs_s__rosidl_typesupport_fastrtps_c.cpython-310-x86_64-linux-gnu.so\n'}
[3.687694] (strawberry_msgs) StdoutLine: {'line': b'-- Up-to-date symlink: /home/parallels/Forschsemrep/strawberry_ws/install/strawberry_msgs/local/lib/python3.10/dist-packages/strawberry_msgs/strawberry_msgs_s__rosidl_typesupport_introspection_c.cpython-310-x86_64-linux-gnu.so\n'}
[3.687806] (strawberry_msgs) StdoutLine: {'line': b'-- Up-to-date symlink: /home/parallels/Forschsemrep/strawberry_ws/install/strawberry_msgs/local/lib/python3.10/dist-packages/strawberry_msgs/strawberry_msgs_s__rosidl_typesupport_c.cpython-310-x86_64-linux-gnu.so\n'}
[3.687905] (strawberry_msgs) StdoutLine: {'line': b'-- Up-to-date symlink: /home/parallels/Forschsemrep/strawberry_ws/install/strawberry_msgs/share/strawberry_msgs/msg/FrameInfo.idl\n'}
[3.687994] (strawberry_msgs) StdoutLine: {'line': b'-- Up-to-date symlink: /home/parallels/Forschsemrep/strawberry_ws/install/strawberry_msgs/share/strawberry_msgs/srv/CaptureSnapshot.idl\n'}
[3.688081] (strawberry_msgs) StdoutLine: {'line': b'-- Up-to-date symlink: /home/parallels/Forschsemrep/strawberry_ws/install/strawberry_msgs/share/strawberry_msgs/msg/FrameInfo.msg\n'}
[3.688194] (strawberry_msgs) StdoutLine: {'line': b'-- Up-to-date symlink: /home/parallels/Forschsemrep/strawberry_ws/install/strawberry_msgs/share/strawberry_msgs/srv/CaptureSnapshot.srv\n'}
[3.688416] (strawberry_msgs) StdoutLine: {'line': b'-- Up-to-date symlink: /home/parallels/Forschsemrep/strawberry_ws/install/strawberry_msgs/share/strawberry_msgs/srv/CaptureSnapshot_Request.msg\n'}
[3.688485] (strawberry_msgs) StdoutLine: {'line': b'-- Up-to-date symlink: /home/parallels/Forschsemrep/strawberry_ws/install/strawberry_msgs/share/strawberry_msgs/srv/CaptureSnapshot_Response.msg\n'}
[3.688538] (strawberry_msgs) StdoutLine: {'line': b'-- Up-to-date symlink: /home/parallels/Forschsemrep/strawberry_ws/install/strawberry_msgs/share/ament_index/resource_index/package_run_dependencies/strawberry_msgs\n'}
[3.692117] (-) TimerEvent: {}
[3.692384] (strawberry_msgs) StdoutLine: {'line': b'-- Up-to-date symlink: /home/parallels/Forschsemrep/strawberry_ws/install/strawberry_msgs/share/ament_index/resource_index/parent_prefix_path/strawberry_msgs\n'}
[3.692837] (strawberry_msgs) StdoutLine: {'line': b'-- Up-to-date symlink: /home/parallels/Forschsemrep/strawberry_ws/install/strawberry_msgs/share/strawberry_msgs/environment/ament_prefix_path.sh\n'}
[3.693651] (strawberry_msgs) StdoutLine: {'line': b'-- Up-to-date symlink: /home/parallels/Forschsemrep/strawberry_ws/install/strawberry_msgs/share/strawberry_msgs/environment/ament_prefix_path.dsv\n'}
[3.694227] (strawberry_msgs) StdoutLine: {'line': b'-- Up-to-date symlink: /home/parallels/Forschsemrep/strawberry_ws/install/strawberry_msgs/share/strawberry_msgs/environment/path.sh\n'}
[3.705042] (strawberry_msgs) StdoutLine: {'line': b'-- Up-to-date symlink: /home/parallels/Forschsemrep/strawberry_ws/install/strawberry_msgs/share/strawberry_msgs/environment/path.dsv\n'}
[3.705313] (strawberry_msgs) StdoutLine: {'line': b'-- Up-to-date symlink: /home/parallels/Forschsemrep/strawberry_ws/install/strawberry_msgs/share/strawberry_msgs/local_setup.bash\n'}
[3.705428] (strawberry_msgs) StdoutLine: {'line': b'-- Up-to-date symlink: /home/parallels/Forschsemrep/strawberry_ws/install/strawberry_msgs/share/strawberry_msgs/local_setup.sh\n'}
[3.705523] (strawberry_msgs) StdoutLine: {'line': b'-- Up-to-date symlink: /home/parallels/Forschsemrep/strawberry_ws/install/strawberry_msgs/share/strawberry_msgs/local_setup.zsh\n'}
[3.705689] (strawberry_msgs) StdoutLine: {'line': b'-- Up-to-date symlink: /home/parallels/Forschsemrep/strawberry_ws/install/strawberry_msgs/share/strawberry_msgs/local_setup.dsv\n'}
[3.705818] (strawberry_msgs) StdoutLine: {'line': b'-- Symlinking: /home/parallels/Forschsemrep/strawberry_ws/install/strawberry_msgs/share/strawberry_msgs/package.dsv\n'}
[3.705890] (strawberry_msgs) StdoutLine: {'line': b'-- Up-to-date symlink: /home/parallels/Forschsemrep/strawberry_ws/install/strawberry_msgs/share/ament_index/resource_index/packages/strawberry_msgs\n'}
[3.705952] (strawberry_msgs) StdoutLine: {'line': b'-- Up-to-date symlink: /home/parallels/Forschsemrep/strawberry_ws/install/strawberry_msgs/share/strawberry_msgs/cmake/rosidl_cmake-extras.cmake\n'}
[3.706003] (strawberry_msgs) StdoutLine: {'line': b'-- Up-to-date symlink: /home/parallels/Forschsemrep/strawberry_ws/install/strawberry_msgs/share/strawberry_msgs/cmake/ament_cmake_export_dependencies-extras.cmake\n'}
[3.706055] (strawberry_msgs) StdoutLine: {'line': b'-- Up-to-date symlink: /home/parallels/Forschsemrep/strawberry_ws/install/strawberry_msgs/share/strawberry_msgs/cmake/ament_cmake_export_include_directories-extras.cmake\n'}
[3.706105] (strawberry_msgs) StdoutLine: {'line': b'-- Up-to-date symlink: /home/parallels/Forschsemrep/strawberry_ws/install/strawberry_msgs/share/strawberry_msgs/cmake/ament_cmake_export_libraries-extras.cmake\n'}
[3.706155] (strawberry_msgs) StdoutLine: {'line': b'-- Up-to-date symlink: /home/parallels/Forschsemrep/strawberry_ws/install/strawberry_msgs/share/strawberry_msgs/cmake/ament_cmake_export_targets-extras.cmake\n'}
[3.706205] (strawberry_msgs) StdoutLine: {'line': b'-- Up-to-date symlink: /home/parallels/Forschsemrep/strawberry_ws/install/strawberry_msgs/share/strawberry_msgs/cmake/rosidl_cmake_export_typesupport_targets-extras.cmake\n'}
[3.706308] (strawberry_msgs) StdoutLine: {'line': b'-- Up-to-date symlink: /home/parallels/Forschsemrep/strawberry_ws/install/strawberry_msgs/share/strawberry_msgs/cmake/rosidl_cmake_export_typesupport_libraries-extras.cmake\n'}
[3.706428] (strawberry_msgs) StdoutLine: {'line': b'-- Up-to-date symlink: /home/parallels/Forschsemrep/strawberry_ws/install/strawberry_msgs/share/strawberry_msgs/cmake/strawberry_msgsConfig.cmake\n'}
[3.706591] (strawberry_msgs) StdoutLine: {'line': b'-- Up-to-date symlink: /home/parallels/Forschsemrep/strawberry_ws/install/strawberry_msgs/share/strawberry_msgs/cmake/strawberry_msgsConfig-version.cmake\n'}
[3.706762] (strawberry_msgs) StdoutLine: {'line': b'-- Up-to-date symlink: /home/parallels/Forschsemrep/strawberry_ws/install/strawberry_msgs/share/strawberry_msgs/package.xml\n'}
[3.706915] (strawberry_msgs) StdoutLine: {'line': b'-- Up-to-date: /home/parallels/Forschsemrep/strawberry_ws/install/strawberry_msgs/lib/libstrawberry_msgs__rosidl_generator_c.so\n'}
[3.707339] (strawberry_msgs) StdoutLine: {'line': b'-- Up-to-date: /home/parallels/Forschsemrep/strawberry_ws/install/strawberry_msgs/lib/libstrawberry_msgs__rosidl_typesupport_fastrtps_c.so\n'}
[3.707536] (strawberry_msgs) StdoutLine: {'line': b'-- Up-to-date: /home/parallels/Forschsemrep/strawberry_ws/install/strawberry_msgs/lib/libstrawberry_msgs__rosidl_typesupport_introspection_c.so\n'}
[3.716454] (strawberry_msgs) StdoutLine: {'line': b'-- Up-to-date: /home/parallels/Forschsemrep/strawberry_ws/install/strawberry_msgs/lib/libstrawberry_msgs__rosidl_typesupport_c.so\n'}
[3.716582] (strawberry_msgs) StdoutLine: {'line': b'-- Up-to-date: /home/parallels/Forschsemrep/strawberry_ws/install/strawberry_msgs/lib/libstrawberry_msgs__rosidl_typesupport_fastrtps_cpp.so\n'}
[3.716667] (strawberry_msgs) StdoutLine: {'line': b'-- Up-to-date: /home/parallels/Forschsemrep/strawberry_ws/install/strawberry_msgs/lib/libstrawberry_msgs__rosidl_typesupport_introspection_cpp.so\n'}
[3.716721] (strawberry_msgs) StdoutLine: {'line': b'-- Up-to-date: /home/parallels/Forschsemrep/strawberry_ws/install/strawberry_msgs/lib/libstrawberry_msgs__rosidl_typesupport_cpp.so\n'}
[3.716791] (strawberry_msgs) StdoutLine: {'line': b"Listing '/home/parallels/Forschsemrep/strawberry_ws/install/strawberry_msgs/local/lib/python3.10/dist-packages/strawberry_msgs'...\n"}
[3.716844] (strawberry_msgs) StdoutLine: {'line': b"Listing '/home/parallels/Forschsemrep/strawberry_ws/install/strawberry_msgs/local/lib/python3.10/dist-packages/strawberry_msgs/msg'...\n"}
[3.716893] (strawberry_msgs) StdoutLine: {'line': b"Listing '/home/parallels/Forschsemrep/strawberry_ws/install/strawberry_msgs/local/lib/python3.10/dist-packages/strawberry_msgs/srv'...\n"}
[3.716951] (strawberry_msgs) StdoutLine: {'line': b'-- Up-to-date: /home/parallels/Forschsemrep/strawberry_ws/install/strawberry_msgs/lib/libstrawberry_msgs__rosidl_generator_py.so\n'}
[3.717008] (strawberry_msgs) StdoutLine: {'line': b'-- Up-to-date: /home/parallels/Forschsemrep/strawberry_ws/install/strawberry_msgs/share/strawberry_msgs/cmake/export_strawberry_msgs__rosidl_generator_cExport.cmake\n'}
[3.717136] (strawberry_msgs) StdoutLine: {'line': b'-- Up-to-date: /home/parallels/Forschsemrep/strawberry_ws/install/strawberry_msgs/share/strawberry_msgs/cmake/export_strawberry_msgs__rosidl_generator_cExport-debug.cmake\n'}
[3.717273] (strawberry_msgs) StdoutLine: {'line': b'-- Up-to-date: /home/parallels/Forschsemrep/strawberry_ws/install/strawberry_msgs/share/strawberry_msgs/cmake/export_strawberry_msgs__rosidl_typesupport_fastrtps_cExport.cmake\n'}
[3.717382] (strawberry_msgs) StdoutLine: {'line': b'-- Up-to-date: /home/parallels/Forschsemrep/strawberry_ws/install/strawberry_msgs/share/strawberry_msgs/cmake/export_strawberry_msgs__rosidl_typesupport_fastrtps_cExport-debug.cmake\n'}
[3.717533] (strawberry_msgs) StdoutLine: {'line': b'-- Up-to-date: /home/parallels/Forschsemrep/strawberry_ws/install/strawberry_msgs/share/strawberry_msgs/cmake/strawberry_msgs__rosidl_typesupport_introspection_cExport.cmake\n'}
[3.717713] (strawberry_msgs) StdoutLine: {'line': b'-- Up-to-date: /home/parallels/Forschsemrep/strawberry_ws/install/strawberry_msgs/share/strawberry_msgs/cmake/strawberry_msgs__rosidl_typesupport_introspection_cExport-debug.cmake\n'}
[3.717796] (strawberry_msgs) StdoutLine: {'line': b'-- Up-to-date: /home/parallels/Forschsemrep/strawberry_ws/install/strawberry_msgs/share/strawberry_msgs/cmake/strawberry_msgs__rosidl_typesupport_cExport.cmake\n'}
[3.717852] (strawberry_msgs) StdoutLine: {'line': b'-- Up-to-date: /home/parallels/Forschsemrep/strawberry_ws/install/strawberry_msgs/share/strawberry_msgs/cmake/strawberry_msgs__rosidl_typesupport_cExport-debug.cmake\n'}
[3.717903] (strawberry_msgs) StdoutLine: {'line': b'-- Up-to-date: /home/parallels/Forschsemrep/strawberry_ws/install/strawberry_msgs/share/strawberry_msgs/cmake/export_strawberry_msgs__rosidl_generator_cppExport.cmake\n'}
[3.717953] (strawberry_msgs) StdoutLine: {'line': b'-- Up-to-date: /home/parallels/Forschsemrep/strawberry_ws/install/strawberry_msgs/share/strawberry_msgs/cmake/export_strawberry_msgs__rosidl_typesupport_fastrtps_cppExport.cmake\n'}
[3.718004] (strawberry_msgs) StdoutLine: {'line': b'-- Up-to-date: /home/parallels/Forschsemrep/strawberry_ws/install/strawberry_msgs/share/strawberry_msgs/cmake/export_strawberry_msgs__rosidl_typesupport_fastrtps_cppExport-debug.cmake\n'}
[3.718055] (strawberry_msgs) StdoutLine: {'line': b'-- Up-to-date: /home/parallels/Forschsemrep/strawberry_ws/install/strawberry_msgs/share/strawberry_msgs/cmake/strawberry_msgs__rosidl_typesupport_introspection_cppExport.cmake\n'}
[3.718104] (strawberry_msgs) StdoutLine: {'line': b'-- Up-to-date: /home/parallels/Forschsemrep/strawberry_ws/install/strawberry_msgs/share/strawberry_msgs/cmake/strawberry_msgs__rosidl_typesupport_introspection_cppExport-debug.cmake\n'}
[3.718155] (strawberry_msgs) StdoutLine: {'line': b'-- Up-to-date: /home/parallels/Forschsemrep/strawberry_ws/install/strawberry_msgs/share/strawberry_msgs/cmake/strawberry_msgs__rosidl_typesupport_cppExport.cmake\n'}
[3.718336] (strawberry_msgs) StdoutLine: {'line': b'-- Up-to-date: /home/parallels/Forschsemrep/strawberry_ws/install/strawberry_msgs/share/strawberry_msgs/cmake/strawberry_msgs__rosidl_typesupport_cppExport-debug.cmake\n'}
[3.718457] (strawberry_msgs) StdoutLine: {'line': b'-- Up-to-date: /home/parallels/Forschsemrep/strawberry_ws/install/strawberry_msgs/share/strawberry_msgs/cmake/export_strawberry_msgs__rosidl_generator_pyExport.cmake\n'}
[3.718618] (strawberry_msgs) StdoutLine: {'line': b'-- Up-to-date: /home/parallels/Forschsemrep/strawberry_ws/install/strawberry_msgs/share/strawberry_msgs/cmake/export_strawberry_msgs__rosidl_generator_pyExport-debug.cmake\n'}
[3.720818] (strawberry_msgs) CommandEnded: {'returncode': 0}
[3.796669] (-) TimerEvent: {}
[3.863271] (strawberry_msgs) JobEnded: {'identifier': 'strawberry_msgs', 'rc': 0}
[3.871159] (meca500_ros2) JobStarted: {'identifier': 'meca500_ros2'}
[3.897802] (-) TimerEvent: {}
[3.998304] (-) TimerEvent: {}
[4.104635] (-) TimerEvent: {}
[4.206462] (-) TimerEvent: {}
[4.309651] (-) TimerEvent: {}
[4.410322] (-) TimerEvent: {}
[4.510931] (-) TimerEvent: {}
[4.615646] (-) TimerEvent: {}
[4.720755] (-) TimerEvent: {}
[4.821151] (-) TimerEvent: {}
[4.921796] (-) TimerEvent: {}
[5.025839] (-) TimerEvent: {}
[5.126744] (-) TimerEvent: {}
[5.231197] (-) TimerEvent: {}
[5.337775] (-) TimerEvent: {}
[5.440005] (-) TimerEvent: {}
[5.543669] (-) TimerEvent: {}
[5.582763] (strawberry_segmentation) Command: {'cmd': ['/usr/bin/python3', '-W', 'ignore:setup.py install is deprecated', '-W', 'ignore:easy_install command is deprecated', 'setup.py', 'develop', '--editable', '--build-directory', '/home/parallels/Forschsemrep/strawberry_ws/build/strawberry_segmentation/build', '--no-deps', 'symlink_data'], 'cwd': '/home/parallels/Forschsemrep/strawberry_ws/build/strawberry_segmentation', 'env': {'GJS_DEBUG_TOPICS': 'JS ERROR;JS LOG', 'LESSOPEN': '| /usr/bin/lesspipe %s', 'USER': 'parallels', 'XDG_SESSION_TYPE': 'wayland', 'SHLVL': '1', 'LD_LIBRARY_PATH': '/home/parallels/Forschsemrep/strawberry_ws/install/strawberry_msgs/lib:/usr/lib/x86_64-linux-gnu/gazebo-11/plugins:/opt/ros/humble/opt/rviz_ogre_vendor/lib:/opt/ros/humble/lib/x86_64-linux-gnu:/opt/ros/humble/lib', 'HOME': '/home/parallels', 'CONDA_SHLVL': '0', 'OLDPWD': '/home/parallels', 'DESKTOP_SESSION': 'ubuntu', 'GIO_LAUNCHED_DESKTOP_FILE': '/usr/share/applications/terminator.desktop', 'ROS_PYTHON_VERSION': '3', 'GNOME_SHELL_SESSION_MODE': 'ubuntu', 'GTK_MODULES': 'gail:atk-bridge', 'MANAGERPID': '3032', 'SYSTEMD_EXEC_PID': '3221', 'DBUS_SESSION_BUS_ADDRESS': 'unix:path=/run/user/1000/bus', 'COLORTERM': 'truecolor', 'TERMINATOR_DBUS_NAME': 'net.tenshu.Terminator25ef4b219e3b005583550f2b0f9f990c3', 'GIO_LAUNCHED_DESKTOP_FILE_PID': '5529', 'IM_CONFIG_PHASE': '1', 'WAYLAND_DISPLAY': 'wayland-0', 'COLCON_PREFIX_PATH': '/home/parallels/Forschsemrep/strawberry_ws/install', 'ROS_DISTRO': 'humble', 'LOGNAME': 'parallels', 'JOURNAL_STREAM': '8:19956', '_': '/usr/bin/colcon', 'ROS_VERSION': '2', 'XDG_SESSION_CLASS': 'user', 'USERNAME': 'parallels', 'TERM': 'xterm-256color', 'GNOME_DESKTOP_SESSION_ID': 'this-is-deprecated', 'ROS_LOCALHOST_ONLY': '0', 'PATH': '/opt/ros/humble/bin:/home/parallels/.local/bin:/home/parallels/miniforge3/condabin:/home/parallels/.local/bin:/usr/local/sbin:/usr/local/bin:/usr/sbin:/usr/bin:/sbin:/bin:/usr/games:/usr/local/games:/snap/bin:/snap/bin:/home/parallels/.dotnet/tools:/opt/mssql-tools/bin', 'SESSION_MANAGER': 'local/parallels-Parallels-Virtual-Platform:@/tmp/.ICE-unix/3192,unix/parallels-Parallels-Virtual-Platform:/tmp/.ICE-unix/3192', 'INVOCATION_ID': '454f23c05d8143398ea19d319ea9d664', 'XDG_MENU_PREFIX': 'gnome-', 'GNOME_SETUP_DISPLAY': ':1', 'XDG_RUNTIME_DIR': '/run/user/1000', 'MAMBA_ROOT_PREFIX': '/home/parallels/miniforge3', 'DISPLAY': ':0', 'TERMINATOR_DBUS_PATH': '/net/tenshu/Terminator2', 'LANG': 'en_US.UTF-8', 'XDG_CURRENT_DESKTOP': 'ubuntu:GNOME', 'DOTNET_BUNDLE_EXTRACT_BASE_DIR': '/home/parallels/.cache/dotnet_bundle_extract', 'IBUS_DISABLE_SNOOPER': '1', 'XMODIFIERS': '@im=ibus', 'XDG_SESSION_DESKTOP': 'ubuntu', 'XAUTHORITY': '/run/user/1000/.mutter-Xwaylandauth.INPBJ3', 'LS_COLORS': 'rs=0:di=01;34:ln=01;36:mh=00:pi=40;33:so=01;35:do=01;35:bd=40;33;01:cd=40;33;01:or=40;31;01:mi=00:su=37;41:sg=30;43:ca=30;41:tw=30;42:ow=34;42:st=37;44:ex=01;32:*.tar=01;31:*.tgz=01;31:*.arc=01;31:*.arj=01;31:*.taz=01;31:*.lha=01;31:*.lz4=01;31:*.lzh=01;31:*.lzma=01;31:*.tlz=01;31:*.txz=01;31:*.tzo=01;31:*.t7z=01;31:*.zip=01;31:*.z=01;31:*.dz=01;31:*.gz=01;31:*.lrz=01;31:*.lz=01;31:*.lzo=01;31:*.xz=01;31:*.zst=01;31:*.tzst=01;31:*.bz2=01;31:*.bz=01;31:*.tbz=01;31:*.tbz2=01;31:*.tz=01;31:*.deb=01;31:*.rpm=01;31:*.jar=01;31:*.war=01;31:*.ear=01;31:*.sar=01;31:*.rar=01;31:*.alz=01;31:*.ace=01;31:*.zoo=01;31:*.cpio=01;31:*.7z=01;31:*.rz=01;31:*.cab=01;31:*.wim=01;31:*.swm=01;31:*.dwm=01;31:*.esd=01;31:*.jpg=01;35:*.jpeg=01;35:*.mjpg=01;35:*.mjpeg=01;35:*.gif=01;35:*.bmp=01;35:*.pbm=01;35:*.pgm=01;35:*.ppm=01;35:*.tga=01;35:*.xbm=01;35:*.xpm=01;35:*.tif=01;35:*.tiff=01;35:*.png=01;35:*.svg=01;35:*.svgz=01;35:*.mng=01;35:*.pcx=01;35:*.mov=01;35:*.mpg=01;35:*.mpeg=01;35:*.m2v=01;35:*.mkv=01;35:*.webm=01;35:*.webp=01;35:*.ogm=01;35:*.mp4=01;35:*.m4v=01;35:*.mp4v=01;35:*.vob=01;35:*.qt=01;35:*.nuv=01;35:*.wmv=01;35:*.asf=01;35:*.rm=01;35:*.rmvb=01;35:*.flc=01;35:*.avi=01;35:*.fli=01;35:*.flv=01;35:*.gl=01;35:*.dl=01;35:*.xcf=01;35:*.xwd=01;35:*.yuv=01;35:*.cgm=01;35:*.emf=01;35:*.ogv=01;35:*.ogx=01;35:*.aac=00;36:*.au=00;36:*.flac=00;36:*.m4a=00;36:*.mid=00;36:*.midi=00;36:*.mka=00;36:*.mp3=00;36:*.mpc=00;36:*.ogg=00;36:*.ra=00;36:*.wav=00;36:*.oga=00;36:*.opus=00;36:*.spx=00;36:*.xspf=00;36:', 'SSH_AGENT_LAUNCHER': 'gnome-keyring', 'SSH_AUTH_SOCK': '/run/user/1000/keyring/ssh', 'AMENT_PREFIX_PATH': '/home/parallels/Forschsemrep/strawberry_ws/install/strawberry_tools:/home/parallels/Forschsemrep/strawberry_ws/install/strawberry_bringup:/home/parallels/Forschsemrep/strawberry_ws/install/strawberry_segmentation:/home/parallels/Forschsemrep/strawberry_ws/install/strawberry_msgs:/home/parallels/Forschsemrep/strawberry_ws/install/strawberry_cluster:/home/parallels/Forschsemrep/strawberry_ws/install/strawberry_camera:/home/parallels/Forschsemrep/strawberry_ws/install/meca500_ros2:/opt/ros/humble', 'CONDA_PYTHON_EXE': '/home/parallels/miniforge3/bin/python', 'SHELL': '/bin/bash', 'TERMINATOR_UUID': 'urn:uuid:5deb69e9-cad9-4bb8-a9b5-ba7971cb10ed', 'QT_ACCESSIBILITY': '1', 'GDMSESSION': 'ubuntu', 'LESSCLOSE': '/usr/bin/lesspipe %s %s', 'GJS_DEBUG_OUTPUT': 'stderr', 'MAMBA_EXE': '/home/parallels/miniforge3/bin/mamba', 'QT_IM_MODULE': 'ibus', 'PWD': '/home/parallels/Forschsemrep/strawberry_ws/build/strawberry_segmentation', 'XDG_CONFIG_DIRS': '/etc/xdg/xdg-ubuntu:/etc/xdg', 'CONDA_EXE': '/home/parallels/miniforge3/bin/conda', 'XDG_DATA_DIRS': '/usr/share/ubuntu:/usr/local/share/:/usr/share/:/var/lib/snapd/desktop', 'PYTHONPATH': '/home/parallels/Forschsemrep/strawberry_ws/build/strawberry_segmentation/prefix_override:/usr/lib/python3/dist-packages/colcon_core/task/python/colcon_distutils_commands:/home/parallels/Forschsemrep/strawberry_ws/install/strawberry_segmentation/lib/python3.10/site-packages:/home/parallels/Forschsemrep/strawberry_ws/build/strawberry_tools:/home/parallels/Forschsemrep/strawberry_ws/install/strawberry_tools/lib/python3.10/site-packages:/home/parallels/Forschsemrep/strawberry_ws/build/strawberry_bringup:/home/parallels/Forschsemrep/strawberry_ws/install/strawberry_bringup/lib/python3.10/site-packages:/home/parallels/Forschsemrep/strawberry_ws/build/strawberry_segmentation:/home/parallels/Forschsemrep/strawberry_ws/install/strawberry_segmentation/lib/python3.10/site-packages:/home/parallels/Forschsemrep/strawberry_ws/install/strawberry_msgs/local/lib/python3.10/dist-packages:/home/parallels/Forschsemrep/strawberry_ws/build/strawberry_cluster:/home/parallels/Forschsemrep/strawberry_ws/install/strawberry_cluster/lib/python3.10/site-packages:/home/parallels/Forschsemrep/strawberry_ws/build/strawberry_camera:/home/parallels/Forschsemrep/strawberry_ws/install/strawberry_camera/lib/python3.10/site-packages:/home/parallels/Forschsemrep/strawberry_ws/build/meca500_ros2:/home/parallels/Forschsemrep/strawberry_ws/install/meca500_ros2/lib/python3.10/site-packages:/opt/ros/humble/lib/python3.10/site-packages:/opt/ros/humble/local/lib/python3.10/dist-packages', 'COLCON': '1', 'VTE_VERSION': '6800', 'CMAKE_PREFIX_PATH': '/home/parallels/Forschsemrep/strawberry_ws/install/strawberry_msgs'}, 'shell': False}
[5.600071] (strawberry_camera) Command: {'cmd': ['/usr/bin/python3', '-W', 'ignore:setup.py install is deprecated', '-W', 'ignore:easy_install command is deprecated', 'setup.py', 'develop', '--editable', '--build-directory', '/home/parallels/Forschsemrep/strawberry_ws/build/strawberry_camera/build', '--no-deps', 'symlink_data'], 'cwd': '/home/parallels/Forschsemrep/strawberry_ws/build/strawberry_camera', 'env': {'GJS_DEBUG_TOPICS': 'JS ERROR;JS LOG', 'LESSOPEN': '| /usr/bin/lesspipe %s', 'USER': 'parallels', 'XDG_SESSION_TYPE': 'wayland', 'SHLVL': '1', 'LD_LIBRARY_PATH': '/home/parallels/Forschsemrep/strawberry_ws/install/strawberry_msgs/lib:/usr/lib/x86_64-linux-gnu/gazebo-11/plugins:/opt/ros/humble/opt/rviz_ogre_vendor/lib:/opt/ros/humble/lib/x86_64-linux-gnu:/opt/ros/humble/lib', 'HOME': '/home/parallels', 'CONDA_SHLVL': '0', 'OLDPWD': '/home/parallels', 'DESKTOP_SESSION': 'ubuntu', 'GIO_LAUNCHED_DESKTOP_FILE': '/usr/share/applications/terminator.desktop', 'ROS_PYTHON_VERSION': '3', 'GNOME_SHELL_SESSION_MODE': 'ubuntu', 'GTK_MODULES': 'gail:atk-bridge', 'MANAGERPID': '3032', 'SYSTEMD_EXEC_PID': '3221', 'DBUS_SESSION_BUS_ADDRESS': 'unix:path=/run/user/1000/bus', 'COLORTERM': 'truecolor', 'TERMINATOR_DBUS_NAME': 'net.tenshu.Terminator25ef4b219e3b005583550f2b0f9f990c3', 'GIO_LAUNCHED_DESKTOP_FILE_PID': '5529', 'IM_CONFIG_PHASE': '1', 'WAYLAND_DISPLAY': 'wayland-0', 'COLCON_PREFIX_PATH': '/home/parallels/Forschsemrep/strawberry_ws/install', 'ROS_DISTRO': 'humble', 'LOGNAME': 'parallels', 'JOURNAL_STREAM': '8:19956', '_': '/usr/bin/colcon', 'ROS_VERSION': '2', 'XDG_SESSION_CLASS': 'user', 'USERNAME': 'parallels', 'TERM': 'xterm-256color', 'GNOME_DESKTOP_SESSION_ID': 'this-is-deprecated', 'ROS_LOCALHOST_ONLY': '0', 'PATH': '/opt/ros/humble/bin:/home/parallels/.local/bin:/home/parallels/miniforge3/condabin:/home/parallels/.local/bin:/usr/local/sbin:/usr/local/bin:/usr/sbin:/usr/bin:/sbin:/bin:/usr/games:/usr/local/games:/snap/bin:/snap/bin:/home/parallels/.dotnet/tools:/opt/mssql-tools/bin', 'SESSION_MANAGER': 'local/parallels-Parallels-Virtual-Platform:@/tmp/.ICE-unix/3192,unix/parallels-Parallels-Virtual-Platform:/tmp/.ICE-unix/3192', 'INVOCATION_ID': '454f23c05d8143398ea19d319ea9d664', 'XDG_MENU_PREFIX': 'gnome-', 'GNOME_SETUP_DISPLAY': ':1', 'XDG_RUNTIME_DIR': '/run/user/1000', 'MAMBA_ROOT_PREFIX': '/home/parallels/miniforge3', 'DISPLAY': ':0', 'TERMINATOR_DBUS_PATH': '/net/tenshu/Terminator2', 'LANG': 'en_US.UTF-8', 'XDG_CURRENT_DESKTOP': 'ubuntu:GNOME', 'DOTNET_BUNDLE_EXTRACT_BASE_DIR': '/home/parallels/.cache/dotnet_bundle_extract', 'IBUS_DISABLE_SNOOPER': '1', 'XMODIFIERS': '@im=ibus', 'XDG_SESSION_DESKTOP': 'ubuntu', 'XAUTHORITY': '/run/user/1000/.mutter-Xwaylandauth.INPBJ3', 'LS_COLORS': 'rs=0:di=01;34:ln=01;36:mh=00:pi=40;33:so=01;35:do=01;35:bd=40;33;01:cd=40;33;01:or=40;31;01:mi=00:su=37;41:sg=30;43:ca=30;41:tw=30;42:ow=34;42:st=37;44:ex=01;32:*.tar=01;31:*.tgz=01;31:*.arc=01;31:*.arj=01;31:*.taz=01;31:*.lha=01;31:*.lz4=01;31:*.lzh=01;31:*.lzma=01;31:*.tlz=01;31:*.txz=01;31:*.tzo=01;31:*.t7z=01;31:*.zip=01;31:*.z=01;31:*.dz=01;31:*.gz=01;31:*.lrz=01;31:*.lz=01;31:*.lzo=01;31:*.xz=01;31:*.zst=01;31:*.tzst=01;31:*.bz2=01;31:*.bz=01;31:*.tbz=01;31:*.tbz2=01;31:*.tz=01;31:*.deb=01;31:*.rpm=01;31:*.jar=01;31:*.war=01;31:*.ear=01;31:*.sar=01;31:*.rar=01;31:*.alz=01;31:*.ace=01;31:*.zoo=01;31:*.cpio=01;31:*.7z=01;31:*.rz=01;31:*.cab=01;31:*.wim=01;31:*.swm=01;31:*.dwm=01;31:*.esd=01;31:*.jpg=01;35:*.jpeg=01;35:*.mjpg=01;35:*.mjpeg=01;35:*.gif=01;35:*.bmp=01;35:*.pbm=01;35:*.pgm=01;35:*.ppm=01;35:*.tga=01;35:*.xbm=01;35:*.xpm=01;35:*.tif=01;35:*.tiff=01;35:*.png=01;35:*.svg=01;35:*.svgz=01;35:*.mng=01;35:*.pcx=01;35:*.mov=01;35:*.mpg=01;35:*.mpeg=01;35:*.m2v=01;35:*.mkv=01;35:*.webm=01;35:*.webp=01;35:*.ogm=01;35:*.mp4=01;35:*.m4v=01;35:*.mp4v=01;35:*.vob=01;35:*.qt=01;35:*.nuv=01;35:*.wmv=01;35:*.asf=01;35:*.rm=01;35:*.rmvb=01;35:*.flc=01;35:*.avi=01;35:*.fli=01;35:*.flv=01;35:*.gl=01;35:*.dl=01;35:*.xcf=01;35:*.xwd=01;35:*.yuv=01;35:*.cgm=01;35:*.emf=01;35:*.ogv=01;35:*.ogx=01;35:*.aac=00;36:*.au=00;36:*.flac=00;36:*.m4a=00;36:*.mid=00;36:*.midi=00;36:*.mka=00;36:*.mp3=00;36:*.mpc=00;36:*.ogg=00;36:*.ra=00;36:*.wav=00;36:*.oga=00;36:*.opus=00;36:*.spx=00;36:*.xspf=00;36:', 'SSH_AGENT_LAUNCHER': 'gnome-keyring', 'SSH_AUTH_SOCK': '/run/user/1000/keyring/ssh', 'AMENT_PREFIX_PATH': '/home/parallels/Forschsemrep/strawberry_ws/install/strawberry_tools:/home/parallels/Forschsemrep/strawberry_ws/install/strawberry_bringup:/home/parallels/Forschsemrep/strawberry_ws/install/strawberry_segmentation:/home/parallels/Forschsemrep/strawberry_ws/install/strawberry_msgs:/home/parallels/Forschsemrep/strawberry_ws/install/strawberry_cluster:/home/parallels/Forschsemrep/strawberry_ws/install/strawberry_camera:/home/parallels/Forschsemrep/strawberry_ws/install/meca500_ros2:/opt/ros/humble', 'CONDA_PYTHON_EXE': '/home/parallels/miniforge3/bin/python', 'SHELL': '/bin/bash', 'TERMINATOR_UUID': 'urn:uuid:5deb69e9-cad9-4bb8-a9b5-ba7971cb10ed', 'QT_ACCESSIBILITY': '1', 'GDMSESSION': 'ubuntu', 'LESSCLOSE': '/usr/bin/lesspipe %s %s', 'GJS_DEBUG_OUTPUT': 'stderr', 'MAMBA_EXE': '/home/parallels/miniforge3/bin/mamba', 'QT_IM_MODULE': 'ibus', 'PWD': '/home/parallels/Forschsemrep/strawberry_ws/build/strawberry_camera', 'XDG_CONFIG_DIRS': '/etc/xdg/xdg-ubuntu:/etc/xdg', 'CONDA_EXE': '/home/parallels/miniforge3/bin/conda', 'XDG_DATA_DIRS': '/usr/share/ubuntu:/usr/local/share/:/usr/share/:/var/lib/snapd/desktop', 'PYTHONPATH': '/home/parallels/Forschsemrep/strawberry_ws/build/strawberry_camera/prefix_override:/usr/lib/python3/dist-packages/colcon_core/task/python/colcon_distutils_commands:/home/parallels/Forschsemrep/strawberry_ws/install/strawberry_camera/lib/python3.10/site-packages:/home/parallels/Forschsemrep/strawberry_ws/build/strawberry_tools:/home/parallels/Forschsemrep/strawberry_ws/install/strawberry_tools/lib/python3.10/site-packages:/home/parallels/Forschsemrep/strawberry_ws/build/strawberry_bringup:/home/parallels/Forschsemrep/strawberry_ws/install/strawberry_bringup/lib/python3.10/site-packages:/home/parallels/Forschsemrep/strawberry_ws/build/strawberry_segmentation:/home/parallels/Forschsemrep/strawberry_ws/install/strawberry_segmentation/lib/python3.10/site-packages:/home/parallels/Forschsemrep/strawberry_ws/install/strawberry_msgs/local/lib/python3.10/dist-packages:/home/parallels/Forschsemrep/strawberry_ws/build/strawberry_cluster:/home/parallels/Forschsemrep/strawberry_ws/install/strawberry_cluster/lib/python3.10/site-packages:/home/parallels/Forschsemrep/strawberry_ws/build/strawberry_camera:/home/parallels/Forschsemrep/strawberry_ws/install/strawberry_camera/lib/python3.10/site-packages:/home/parallels/Forschsemrep/strawberry_ws/build/meca500_ros2:/home/parallels/Forschsemrep/strawberry_ws/install/meca500_ros2/lib/python3.10/site-packages:/opt/ros/humble/lib/python3.10/site-packages:/opt/ros/humble/local/lib/python3.10/dist-packages', 'COLCON': '1', 'VTE_VERSION': '6800', 'CMAKE_PREFIX_PATH': '/home/parallels/Forschsemrep/strawberry_ws/install/strawberry_msgs'}, 'shell': False}
[5.619226] (strawberry_cluster) Command: {'cmd': ['/usr/bin/python3', '-W', 'ignore:setup.py install is deprecated', '-W', 'ignore:easy_install command is deprecated', 'setup.py', 'develop', '--editable', '--build-directory', '/home/parallels/Forschsemrep/strawberry_ws/build/strawberry_cluster/build', '--no-deps', 'symlink_data'], 'cwd': '/home/parallels/Forschsemrep/strawberry_ws/build/strawberry_cluster', 'env': {'GJS_DEBUG_TOPICS': 'JS ERROR;JS LOG', 'LESSOPEN': '| /usr/bin/lesspipe %s', 'USER': 'parallels', 'XDG_SESSION_TYPE': 'wayland', 'SHLVL': '1', 'LD_LIBRARY_PATH': '/home/parallels/Forschsemrep/strawberry_ws/install/strawberry_msgs/lib:/usr/lib/x86_64-linux-gnu/gazebo-11/plugins:/opt/ros/humble/opt/rviz_ogre_vendor/lib:/opt/ros/humble/lib/x86_64-linux-gnu:/opt/ros/humble/lib', 'HOME': '/home/parallels', 'CONDA_SHLVL': '0', 'OLDPWD': '/home/parallels', 'DESKTOP_SESSION': 'ubuntu', 'GIO_LAUNCHED_DESKTOP_FILE': '/usr/share/applications/terminator.desktop', 'ROS_PYTHON_VERSION': '3', 'GNOME_SHELL_SESSION_MODE': 'ubuntu', 'GTK_MODULES': 'gail:atk-bridge', 'MANAGERPID': '3032', 'SYSTEMD_EXEC_PID': '3221', 'DBUS_SESSION_BUS_ADDRESS': 'unix:path=/run/user/1000/bus', 'COLORTERM': 'truecolor', 'TERMINATOR_DBUS_NAME': 'net.tenshu.Terminator25ef4b219e3b005583550f2b0f9f990c3', 'GIO_LAUNCHED_DESKTOP_FILE_PID': '5529', 'IM_CONFIG_PHASE': '1', 'WAYLAND_DISPLAY': 'wayland-0', 'COLCON_PREFIX_PATH': '/home/parallels/Forschsemrep/strawberry_ws/install', 'ROS_DISTRO': 'humble', 'LOGNAME': 'parallels', 'JOURNAL_STREAM': '8:19956', '_': '/usr/bin/colcon', 'ROS_VERSION': '2', 'XDG_SESSION_CLASS': 'user', 'USERNAME': 'parallels', 'TERM': 'xterm-256color', 'GNOME_DESKTOP_SESSION_ID': 'this-is-deprecated', 'ROS_LOCALHOST_ONLY': '0', 'PATH': '/opt/ros/humble/bin:/home/parallels/.local/bin:/home/parallels/miniforge3/condabin:/home/parallels/.local/bin:/usr/local/sbin:/usr/local/bin:/usr/sbin:/usr/bin:/sbin:/bin:/usr/games:/usr/local/games:/snap/bin:/snap/bin:/home/parallels/.dotnet/tools:/opt/mssql-tools/bin', 'SESSION_MANAGER': 'local/parallels-Parallels-Virtual-Platform:@/tmp/.ICE-unix/3192,unix/parallels-Parallels-Virtual-Platform:/tmp/.ICE-unix/3192', 'INVOCATION_ID': '454f23c05d8143398ea19d319ea9d664', 'XDG_MENU_PREFIX': 'gnome-', 'GNOME_SETUP_DISPLAY': ':1', 'XDG_RUNTIME_DIR': '/run/user/1000', 'MAMBA_ROOT_PREFIX': '/home/parallels/miniforge3', 'DISPLAY': ':0', 'TERMINATOR_DBUS_PATH': '/net/tenshu/Terminator2', 'LANG': 'en_US.UTF-8', 'XDG_CURRENT_DESKTOP': 'ubuntu:GNOME', 'DOTNET_BUNDLE_EXTRACT_BASE_DIR': '/home/parallels/.cache/dotnet_bundle_extract', 'IBUS_DISABLE_SNOOPER': '1', 'XMODIFIERS': '@im=ibus', 'XDG_SESSION_DESKTOP': 'ubuntu', 'XAUTHORITY': '/run/user/1000/.mutter-Xwaylandauth.INPBJ3', 'LS_COLORS': 'rs=0:di=01;34:ln=01;36:mh=00:pi=40;33:so=01;35:do=01;35:bd=40;33;01:cd=40;33;01:or=40;31;01:mi=00:su=37;41:sg=30;43:ca=30;41:tw=30;42:ow=34;42:st=37;44:ex=01;32:*.tar=01;31:*.tgz=01;31:*.arc=01;31:*.arj=01;31:*.taz=01;31:*.lha=01;31:*.lz4=01;31:*.lzh=01;31:*.lzma=01;31:*.tlz=01;31:*.txz=01;31:*.tzo=01;31:*.t7z=01;31:*.zip=01;31:*.z=01;31:*.dz=01;31:*.gz=01;31:*.lrz=01;31:*.lz=01;31:*.lzo=01;31:*.xz=01;31:*.zst=01;31:*.tzst=01;31:*.bz2=01;31:*.bz=01;31:*.tbz=01;31:*.tbz2=01;31:*.tz=01;31:*.deb=01;31:*.rpm=01;31:*.jar=01;31:*.war=01;31:*.ear=01;31:*.sar=01;31:*.rar=01;31:*.alz=01;31:*.ace=01;31:*.zoo=01;31:*.cpio=01;31:*.7z=01;31:*.rz=01;31:*.cab=01;31:*.wim=01;31:*.swm=01;31:*.dwm=01;31:*.esd=01;31:*.jpg=01;35:*.jpeg=01;35:*.mjpg=01;35:*.mjpeg=01;35:*.gif=01;35:*.bmp=01;35:*.pbm=01;35:*.pgm=01;35:*.ppm=01;35:*.tga=01;35:*.xbm=01;35:*.xpm=01;35:*.tif=01;35:*.tiff=01;35:*.png=01;35:*.svg=01;35:*.svgz=01;35:*.mng=01;35:*.pcx=01;35:*.mov=01;35:*.mpg=01;35:*.mpeg=01;35:*.m2v=01;35:*.mkv=01;35:*.webm=01;35:*.webp=01;35:*.ogm=01;35:*.mp4=01;35:*.m4v=01;35:*.mp4v=01;35:*.vob=01;35:*.qt=01;35:*.nuv=01;35:*.wmv=01;35:*.asf=01;35:*.rm=01;35:*.rmvb=01;35:*.flc=01;35:*.avi=01;35:*.fli=01;35:*.flv=01;35:*.gl=01;35:*.dl=01;35:*.xcf=01;35:*.xwd=01;35:*.yuv=01;35:*.cgm=01;35:*.emf=01;35:*.ogv=01;35:*.ogx=01;35:*.aac=00;36:*.au=00;36:*.flac=00;36:*.m4a=00;36:*.mid=00;36:*.midi=00;36:*.mka=00;36:*.mp3=00;36:*.mpc=00;36:*.ogg=00;36:*.ra=00;36:*.wav=00;36:*.oga=00;36:*.opus=00;36:*.spx=00;36:*.xspf=00;36:', 'SSH_AGENT_LAUNCHER': 'gnome-keyring', 'SSH_AUTH_SOCK': '/run/user/1000/keyring/ssh', 'AMENT_PREFIX_PATH': '/home/parallels/Forschsemrep/strawberry_ws/install/strawberry_tools:/home/parallels/Forschsemrep/strawberry_ws/install/strawberry_bringup:/home/parallels/Forschsemrep/strawberry_ws/install/strawberry_segmentation:/home/parallels/Forschsemrep/strawberry_ws/install/strawberry_msgs:/home/parallels/Forschsemrep/strawberry_ws/install/strawberry_cluster:/home/parallels/Forschsemrep/strawberry_ws/install/strawberry_camera:/home/parallels/Forschsemrep/strawberry_ws/install/meca500_ros2:/opt/ros/humble', 'CONDA_PYTHON_EXE': '/home/parallels/miniforge3/bin/python', 'SHELL': '/bin/bash', 'TERMINATOR_UUID': 'urn:uuid:5deb69e9-cad9-4bb8-a9b5-ba7971cb10ed', 'QT_ACCESSIBILITY': '1', 'GDMSESSION': 'ubuntu', 'LESSCLOSE': '/usr/bin/lesspipe %s %s', 'GJS_DEBUG_OUTPUT': 'stderr', 'MAMBA_EXE': '/home/parallels/miniforge3/bin/mamba', 'QT_IM_MODULE': 'ibus', 'PWD': '/home/parallels/Forschsemrep/strawberry_ws/build/strawberry_cluster', 'XDG_CONFIG_DIRS': '/etc/xdg/xdg-ubuntu:/etc/xdg', 'CONDA_EXE': '/home/parallels/miniforge3/bin/conda', 'XDG_DATA_DIRS': '/usr/share/ubuntu:/usr/local/share/:/usr/share/:/var/lib/snapd/desktop', 'PYTHONPATH': '/home/parallels/Forschsemrep/strawberry_ws/build/strawberry_cluster/prefix_override:/usr/lib/python3/dist-packages/colcon_core/task/python/colcon_distutils_commands:/home/parallels/Forschsemrep/strawberry_ws/install/strawberry_cluster/lib/python3.10/site-packages:/home/parallels/Forschsemrep/strawberry_ws/build/strawberry_tools:/home/parallels/Forschsemrep/strawberry_ws/install/strawberry_tools/lib/python3.10/site-packages:/home/parallels/Forschsemrep/strawberry_ws/build/strawberry_bringup:/home/parallels/Forschsemrep/strawberry_ws/install/strawberry_bringup/lib/python3.10/site-packages:/home/parallels/Forschsemrep/strawberry_ws/build/strawberry_segmentation:/home/parallels/Forschsemrep/strawberry_ws/install/strawberry_segmentation/lib/python3.10/site-packages:/home/parallels/Forschsemrep/strawberry_ws/install/strawberry_msgs/local/lib/python3.10/dist-packages:/home/parallels/Forschsemrep/strawberry_ws/build/strawberry_cluster:/home/parallels/Forschsemrep/strawberry_ws/install/strawberry_cluster/lib/python3.10/site-packages:/home/parallels/Forschsemrep/strawberry_ws/build/strawberry_camera:/home/parallels/Forschsemrep/strawberry_ws/install/strawberry_camera/lib/python3.10/site-packages:/home/parallels/Forschsemrep/strawberry_ws/build/meca500_ros2:/home/parallels/Forschsemrep/strawberry_ws/install/meca500_ros2/lib/python3.10/site-packages:/opt/ros/humble/lib/python3.10/site-packages:/opt/ros/humble/local/lib/python3.10/dist-packages', 'COLCON': '1', 'VTE_VERSION': '6800', 'CMAKE_PREFIX_PATH': '/home/parallels/Forschsemrep/strawberry_ws/install/strawberry_msgs'}, 'shell': False}
[5.649712] (-) TimerEvent: {}
[5.750145] (-) TimerEvent: {}
[5.850946] (-) TimerEvent: {}
[5.952913] (-) TimerEvent: {}
[6.054895] (-) TimerEvent: {}
[6.158659] (-) TimerEvent: {}
[6.261665] (-) TimerEvent: {}
[6.362440] (-) TimerEvent: {}
[6.398976] (meca500_ros2) Command: {'cmd': ['/usr/bin/python3', '-W', 'ignore:setup.py install is deprecated', '-W', 'ignore:easy_install command is deprecated', 'setup.py', 'develop', '--editable', '--build-directory', '/home/parallels/Forschsemrep/strawberry_ws/build/meca500_ros2/build', '--no-deps', 'symlink_data'], 'cwd': '/home/parallels/Forschsemrep/strawberry_ws/build/meca500_ros2', 'env': {'GJS_DEBUG_TOPICS': 'JS ERROR;JS LOG', 'LESSOPEN': '| /usr/bin/lesspipe %s', 'USER': 'parallels', 'XDG_SESSION_TYPE': 'wayland', 'SHLVL': '1', 'LD_LIBRARY_PATH': '/home/parallels/Forschsemrep/strawberry_ws/install/strawberry_msgs/lib:/usr/lib/x86_64-linux-gnu/gazebo-11/plugins:/opt/ros/humble/opt/rviz_ogre_vendor/lib:/opt/ros/humble/lib/x86_64-linux-gnu:/opt/ros/humble/lib', 'HOME': '/home/parallels', 'CONDA_SHLVL': '0', 'OLDPWD': '/home/parallels', 'DESKTOP_SESSION': 'ubuntu', 'GIO_LAUNCHED_DESKTOP_FILE': '/usr/share/applications/terminator.desktop', 'ROS_PYTHON_VERSION': '3', 'GNOME_SHELL_SESSION_MODE': 'ubuntu', 'GTK_MODULES': 'gail:atk-bridge', 'MANAGERPID': '3032', 'SYSTEMD_EXEC_PID': '3221', 'DBUS_SESSION_BUS_ADDRESS': 'unix:path=/run/user/1000/bus', 'COLORTERM': 'truecolor', 'TERMINATOR_DBUS_NAME': 'net.tenshu.Terminator25ef4b219e3b005583550f2b0f9f990c3', 'GIO_LAUNCHED_DESKTOP_FILE_PID': '5529', 'IM_CONFIG_PHASE': '1', 'WAYLAND_DISPLAY': 'wayland-0', 'COLCON_PREFIX_PATH': '/home/parallels/Forschsemrep/strawberry_ws/install', 'ROS_DISTRO': 'humble', 'LOGNAME': 'parallels', 'JOURNAL_STREAM': '8:19956', '_': '/usr/bin/colcon', 'ROS_VERSION': '2', 'XDG_SESSION_CLASS': 'user', 'USERNAME': 'parallels', 'TERM': 'xterm-256color', 'GNOME_DESKTOP_SESSION_ID': 'this-is-deprecated', 'ROS_LOCALHOST_ONLY': '0', 'PATH': '/opt/ros/humble/bin:/home/parallels/.local/bin:/home/parallels/miniforge3/condabin:/home/parallels/.local/bin:/usr/local/sbin:/usr/local/bin:/usr/sbin:/usr/bin:/sbin:/bin:/usr/games:/usr/local/games:/snap/bin:/snap/bin:/home/parallels/.dotnet/tools:/opt/mssql-tools/bin', 'SESSION_MANAGER': 'local/parallels-Parallels-Virtual-Platform:@/tmp/.ICE-unix/3192,unix/parallels-Parallels-Virtual-Platform:/tmp/.ICE-unix/3192', 'INVOCATION_ID': '454f23c05d8143398ea19d319ea9d664', 'XDG_MENU_PREFIX': 'gnome-', 'GNOME_SETUP_DISPLAY': ':1', 'XDG_RUNTIME_DIR': '/run/user/1000', 'MAMBA_ROOT_PREFIX': '/home/parallels/miniforge3', 'DISPLAY': ':0', 'TERMINATOR_DBUS_PATH': '/net/tenshu/Terminator2', 'LANG': 'en_US.UTF-8', 'XDG_CURRENT_DESKTOP': 'ubuntu:GNOME', 'DOTNET_BUNDLE_EXTRACT_BASE_DIR': '/home/parallels/.cache/dotnet_bundle_extract', 'IBUS_DISABLE_SNOOPER': '1', 'XMODIFIERS': '@im=ibus', 'XDG_SESSION_DESKTOP': 'ubuntu', 'XAUTHORITY': '/run/user/1000/.mutter-Xwaylandauth.INPBJ3', 'LS_COLORS': 'rs=0:di=01;34:ln=01;36:mh=00:pi=40;33:so=01;35:do=01;35:bd=40;33;01:cd=40;33;01:or=40;31;01:mi=00:su=37;41:sg=30;43:ca=30;41:tw=30;42:ow=34;42:st=37;44:ex=01;32:*.tar=01;31:*.tgz=01;31:*.arc=01;31:*.arj=01;31:*.taz=01;31:*.lha=01;31:*.lz4=01;31:*.lzh=01;31:*.lzma=01;31:*.tlz=01;31:*.txz=01;31:*.tzo=01;31:*.t7z=01;31:*.zip=01;31:*.z=01;31:*.dz=01;31:*.gz=01;31:*.lrz=01;31:*.lz=01;31:*.lzo=01;31:*.xz=01;31:*.zst=01;31:*.tzst=01;31:*.bz2=01;31:*.bz=01;31:*.tbz=01;31:*.tbz2=01;31:*.tz=01;31:*.deb=01;31:*.rpm=01;31:*.jar=01;31:*.war=01;31:*.ear=01;31:*.sar=01;31:*.rar=01;31:*.alz=01;31:*.ace=01;31:*.zoo=01;31:*.cpio=01;31:*.7z=01;31:*.rz=01;31:*.cab=01;31:*.wim=01;31:*.swm=01;31:*.dwm=01;31:*.esd=01;31:*.jpg=01;35:*.jpeg=01;35:*.mjpg=01;35:*.mjpeg=01;35:*.gif=01;35:*.bmp=01;35:*.pbm=01;35:*.pgm=01;35:*.ppm=01;35:*.tga=01;35:*.xbm=01;35:*.xpm=01;35:*.tif=01;35:*.tiff=01;35:*.png=01;35:*.svg=01;35:*.svgz=01;35:*.mng=01;35:*.pcx=01;35:*.mov=01;35:*.mpg=01;35:*.mpeg=01;35:*.m2v=01;35:*.mkv=01;35:*.webm=01;35:*.webp=01;35:*.ogm=01;35:*.mp4=01;35:*.m4v=01;35:*.mp4v=01;35:*.vob=01;35:*.qt=01;35:*.nuv=01;35:*.wmv=01;35:*.asf=01;35:*.rm=01;35:*.rmvb=01;35:*.flc=01;35:*.avi=01;35:*.fli=01;35:*.flv=01;35:*.gl=01;35:*.dl=01;35:*.xcf=01;35:*.xwd=01;35:*.yuv=01;35:*.cgm=01;35:*.emf=01;35:*.ogv=01;35:*.ogx=01;35:*.aac=00;36:*.au=00;36:*.flac=00;36:*.m4a=00;36:*.mid=00;36:*.midi=00;36:*.mka=00;36:*.mp3=00;36:*.mpc=00;36:*.ogg=00;36:*.ra=00;36:*.wav=00;36:*.oga=00;36:*.opus=00;36:*.spx=00;36:*.xspf=00;36:', 'SSH_AGENT_LAUNCHER': 'gnome-keyring', 'SSH_AUTH_SOCK': '/run/user/1000/keyring/ssh', 'AMENT_PREFIX_PATH': '/home/parallels/Forschsemrep/strawberry_ws/install/strawberry_tools:/home/parallels/Forschsemrep/strawberry_ws/install/strawberry_bringup:/home/parallels/Forschsemrep/strawberry_ws/install/strawberry_segmentation:/home/parallels/Forschsemrep/strawberry_ws/install/strawberry_msgs:/home/parallels/Forschsemrep/strawberry_ws/install/strawberry_cluster:/home/parallels/Forschsemrep/strawberry_ws/install/strawberry_camera:/home/parallels/Forschsemrep/strawberry_ws/install/meca500_ros2:/opt/ros/humble', 'CONDA_PYTHON_EXE': '/home/parallels/miniforge3/bin/python', 'SHELL': '/bin/bash', 'TERMINATOR_UUID': 'urn:uuid:5deb69e9-cad9-4bb8-a9b5-ba7971cb10ed', 'QT_ACCESSIBILITY': '1', 'GDMSESSION': 'ubuntu', 'LESSCLOSE': '/usr/bin/lesspipe %s %s', 'GJS_DEBUG_OUTPUT': 'stderr', 'MAMBA_EXE': '/home/parallels/miniforge3/bin/mamba', 'QT_IM_MODULE': 'ibus', 'PWD': '/home/parallels/Forschsemrep/strawberry_ws/build/meca500_ros2', 'XDG_CONFIG_DIRS': '/etc/xdg/xdg-ubuntu:/etc/xdg', 'CONDA_EXE': '/home/parallels/miniforge3/bin/conda', 'XDG_DATA_DIRS': '/usr/share/ubuntu:/usr/local/share/:/usr/share/:/var/lib/snapd/desktop', 'PYTHONPATH': '/home/parallels/Forschsemrep/strawberry_ws/build/meca500_ros2/prefix_override:/usr/lib/python3/dist-packages/colcon_core/task/python/colcon_distutils_commands:/home/parallels/Forschsemrep/strawberry_ws/install/meca500_ros2/lib/python3.10/site-packages:/home/parallels/Forschsemrep/strawberry_ws/build/strawberry_tools:/home/parallels/Forschsemrep/strawberry_ws/install/strawberry_tools/lib/python3.10/site-packages:/home/parallels/Forschsemrep/strawberry_ws/build/strawberry_bringup:/home/parallels/Forschsemrep/strawberry_ws/install/strawberry_bringup/lib/python3.10/site-packages:/home/parallels/Forschsemrep/strawberry_ws/build/strawberry_segmentation:/home/parallels/Forschsemrep/strawberry_ws/install/strawberry_segmentation/lib/python3.10/site-packages:/home/parallels/Forschsemrep/strawberry_ws/install/strawberry_msgs/local/lib/python3.10/dist-packages:/home/parallels/Forschsemrep/strawberry_ws/build/strawberry_cluster:/home/parallels/Forschsemrep/strawberry_ws/install/strawberry_cluster/lib/python3.10/site-packages:/home/parallels/Forschsemrep/strawberry_ws/build/strawberry_camera:/home/parallels/Forschsemrep/strawberry_ws/install/strawberry_camera/lib/python3.10/site-packages:/home/parallels/Forschsemrep/strawberry_ws/build/meca500_ros2:/home/parallels/Forschsemrep/strawberry_ws/install/meca500_ros2/lib/python3.10/site-packages:/opt/ros/humble/lib/python3.10/site-packages:/opt/ros/humble/local/lib/python3.10/dist-packages', 'COLCON': '1', 'VTE_VERSION': '6800', 'CMAKE_PREFIX_PATH': '/home/parallels/Forschsemrep/strawberry_ws/install/strawberry_msgs'}, 'shell': False}
[6.468106] (-) TimerEvent: {}
[6.570644] (-) TimerEvent: {}
[6.578823] (strawberry_camera) StdoutLine: {'line': b'running develop\n'}
[6.670776] (-) TimerEvent: {}
[6.739903] (strawberry_cluster) StdoutLine: {'line': b'running develop\n'}
[6.773682] (-) TimerEvent: {}
[6.874153] (-) TimerEvent: {}
[6.976404] (-) TimerEvent: {}
[7.049586] (strawberry_segmentation) StdoutLine: {'line': b'running develop\n'}
[7.076528] (-) TimerEvent: {}
[7.180443] (-) TimerEvent: {}
[7.281105] (-) TimerEvent: {}
[7.383653] (-) TimerEvent: {}
[7.484625] (-) TimerEvent: {}
[7.524461] (strawberry_camera) StdoutLine: {'line': b'running egg_info\n'}
[7.526469] (strawberry_camera) StdoutLine: {'line': b'writing strawberry_camera.egg-info/PKG-INFO\n'}
[7.527212] (strawberry_camera) StdoutLine: {'line': b'writing dependency_links to strawberry_camera.egg-info/dependency_links.txt\n'}
[7.530900] (strawberry_camera) StdoutLine: {'line': b'writing entry points to strawberry_camera.egg-info/entry_points.txt\n'}
[7.531943] (strawberry_camera) StdoutLine: {'line': b'writing requirements to strawberry_camera.egg-info/requires.txt\n'}
[7.535749] (strawberry_camera) StdoutLine: {'line': b'writing top-level names to strawberry_camera.egg-info/top_level.txt\n'}
[7.541401] (strawberry_camera) StdoutLine: {'line': b"reading manifest file 'strawberry_camera.egg-info/SOURCES.txt'\n"}
[7.545804] (strawberry_camera) StdoutLine: {'line': b"writing manifest file 'strawberry_camera.egg-info/SOURCES.txt'\n"}
[7.551081] (strawberry_camera) StdoutLine: {'line': b'running build_ext\n'}
[7.551773] (strawberry_camera) StdoutLine: {'line': b'Creating /home/parallels/Forschsemrep/strawberry_ws/install/strawberry_camera/lib/python3.10/site-packages/strawberry-camera.egg-link (link to .)\n'}
[7.556923] (strawberry_camera) StdoutLine: {'line': b'Installing camera_dummy script to /home/parallels/Forschsemrep/strawberry_ws/install/strawberry_camera/lib/strawberry_camera\n'}
[7.560760] (strawberry_camera) StdoutLine: {'line': b'Installing camera_folder script to /home/parallels/Forschsemrep/strawberry_ws/install/strawberry_camera/lib/strawberry_camera\n'}
[7.561704] (strawberry_camera) StdoutLine: {'line': b'\n'}
[7.561941] (strawberry_camera) StdoutLine: {'line': b'Installed /home/parallels/Forschsemrep/strawberry_ws/build/strawberry_camera\n'}
[7.562170] (strawberry_camera) StdoutLine: {'line': b'running symlink_data\n'}
[7.584754] (-) TimerEvent: {}
[7.599645] (strawberry_cluster) StdoutLine: {'line': b'running egg_info\n'}
[7.599835] (strawberry_cluster) StdoutLine: {'line': b'writing strawberry_cluster.egg-info/PKG-INFO\n'}
[7.600199] (strawberry_cluster) StdoutLine: {'line': b'writing dependency_links to strawberry_cluster.egg-info/dependency_links.txt\n'}
[7.600633] (strawberry_cluster) StdoutLine: {'line': b'writing entry points to strawberry_cluster.egg-info/entry_points.txt\n'}
[7.601287] (strawberry_cluster) StdoutLine: {'line': b'writing requirements to strawberry_cluster.egg-info/requires.txt\n'}
[7.602311] (strawberry_cluster) StdoutLine: {'line': b'writing top-level names to strawberry_cluster.egg-info/top_level.txt\n'}
[7.611123] (strawberry_cluster) StdoutLine: {'line': b"reading manifest file 'strawberry_cluster.egg-info/SOURCES.txt'\n"}
[7.614620] (strawberry_cluster) StdoutLine: {'line': b"writing manifest file 'strawberry_cluster.egg-info/SOURCES.txt'\n"}
[7.618712] (strawberry_cluster) StdoutLine: {'line': b'running build_ext\n'}
[7.619326] (strawberry_cluster) StdoutLine: {'line': b'Creating /home/parallels/Forschsemrep/strawberry_ws/install/strawberry_cluster/lib/python3.10/site-packages/strawberry-cluster.egg-link (link to .)\n'}
[7.625861] (strawberry_cluster) StdoutLine: {'line': b'Installing cluster_diagnostic script to /home/parallels/Forschsemrep/strawberry_ws/install/strawberry_cluster/lib/strawberry_cluster\n'}
[7.626670] (strawberry_cluster) StdoutLine: {'line': b'Installing raw_cloud_saver script to /home/parallels/Forschsemrep/strawberry_ws/install/strawberry_cluster/lib/strawberry_cluster\n'}
[7.626917] (strawberry_cluster) StdoutLine: {'line': b'Installing strawberry_cluster script to /home/parallels/Forschsemrep/strawberry_ws/install/strawberry_cluster/lib/strawberry_cluster\n'}
[7.629323] (strawberry_cluster) StdoutLine: {'line': b'\n'}
[7.629628] (strawberry_cluster) StdoutLine: {'line': b'Installed /home/parallels/Forschsemrep/strawberry_ws/build/strawberry_cluster\n'}
[7.629847] (strawberry_cluster) StdoutLine: {'line': b'running symlink_data\n'}
[7.669998] (strawberry_camera) CommandEnded: {'returncode': 0}
[7.692889] (-) TimerEvent: {}
[7.714821] (meca500_ros2) StdoutLine: {'line': b'running develop\n'}
[7.721848] (strawberry_camera) JobEnded: {'identifier': 'strawberry_camera', 'rc': 0}
[7.726044] (strawberry_tools) JobStarted: {'identifier': 'strawberry_tools'}
[7.754412] (strawberry_cluster) CommandEnded: {'returncode': 0}
[7.777063] (strawberry_segmentation) StdoutLine: {'line': b'running egg_info\n'}
[7.790147] (strawberry_segmentation) StdoutLine: {'line': b'writing strawberry_segmentation.egg-info/PKG-INFO\n'}
[7.790426] (strawberry_segmentation) StdoutLine: {'line': b'writing dependency_links to strawberry_segmentation.egg-info/dependency_links.txt\n'}
[7.790617] (strawberry_segmentation) StdoutLine: {'line': b'writing entry points to strawberry_segmentation.egg-info/entry_points.txt\n'}
[7.791171] (strawberry_segmentation) StdoutLine: {'line': b'writing requirements to strawberry_segmentation.egg-info/requires.txt\n'}
[7.792178] (strawberry_segmentation) StdoutLine: {'line': b'writing top-level names to strawberry_segmentation.egg-info/top_level.txt\n'}
[7.792629] (strawberry_segmentation) StdoutLine: {'line': b"reading manifest file 'strawberry_segmentation.egg-info/SOURCES.txt'\n"}
[7.798709] (strawberry_segmentation) StdoutLine: {'line': b"writing manifest file 'strawberry_segmentation.egg-info/SOURCES.txt'\n"}
[7.798905] (-) TimerEvent: {}
[7.810380] (strawberry_cluster) JobEnded: {'identifier': 'strawberry_cluster', 'rc': 0}
[7.813003] (strawberry_segmentation) StdoutLine: {'line': b'running build_ext\n'}
[7.813353] (strawberry_segmentation) StdoutLine: {'line': b'Creating /home/parallels/Forschsemrep/strawberry_ws/install/strawberry_segmentation/lib/python3.10/site-packages/strawberry-segmentation.egg-link (link to .)\n'}
[7.820800] (strawberry_segmentation) StdoutLine: {'line': b'Installing depth_mask script to /home/parallels/Forschsemrep/strawberry_ws/install/strawberry_segmentation/lib/strawberry_segmentation\n'}
[7.821232] (strawberry_segmentation) StdoutLine: {'line': b'Installing seg_ultra script to /home/parallels/Forschsemrep/strawberry_ws/install/strawberry_segmentation/lib/strawberry_segmentation\n'}
[7.821488] (strawberry_segmentation) StdoutLine: {'line': b'Installing strawberry_features script to /home/parallels/Forschsemrep/strawberry_ws/install/strawberry_segmentation/lib/strawberry_segmentation\n'}
[7.822266] (strawberry_segmentation) StdoutLine: {'line': b'Installing strawberry_selected_overlay script to /home/parallels/Forschsemrep/strawberry_ws/install/strawberry_segmentation/lib/strawberry_segmentation\n'}
[7.822951] (strawberry_segmentation) StdoutLine: {'line': b'\n'}
[7.823503] (strawberry_segmentation) StdoutLine: {'line': b'Installed /home/parallels/Forschsemrep/strawberry_ws/build/strawberry_segmentation\n'}
[7.829417] (strawberry_segmentation) StdoutLine: {'line': b'running symlink_data\n'}
[7.899115] (-) TimerEvent: {}
[7.999655] (-) TimerEvent: {}
[8.101677] (-) TimerEvent: {}
[8.202168] (-) TimerEvent: {}
[8.303738] (-) TimerEvent: {}
[8.404504] (-) TimerEvent: {}
[8.421427] (meca500_ros2) StdoutLine: {'line': b'running egg_info\n'}
[8.422092] (meca500_ros2) StdoutLine: {'line': b'writing meca500_ros2.egg-info/PKG-INFO\n'}
[8.422526] (meca500_ros2) StdoutLine: {'line': b'writing dependency_links to meca500_ros2.egg-info/dependency_links.txt\n'}
[8.425952] (meca500_ros2) StdoutLine: {'line': b'writing entry points to meca500_ros2.egg-info/entry_points.txt\n'}
[8.426507] (meca500_ros2) StdoutLine: {'line': b'writing requirements to meca500_ros2.egg-info/requires.txt\n'}
[8.426738] (meca500_ros2) StdoutLine: {'line': b'writing top-level names to meca500_ros2.egg-info/top_level.txt\n'}
[8.432453] (meca500_ros2) StdoutLine: {'line': b"reading manifest file 'meca500_ros2.egg-info/SOURCES.txt'\n"}
[8.434459] (meca500_ros2) StdoutLine: {'line': b"writing manifest file 'meca500_ros2.egg-info/SOURCES.txt'\n"}
[8.437625] (meca500_ros2) StdoutLine: {'line': b'running build_ext\n'}
[8.438768] (meca500_ros2) StdoutLine: {'line': b'Creating /home/parallels/Forschsemrep/strawberry_ws/install/meca500_ros2/lib/python3.10/site-packages/meca500-ros2.egg-link (link to .)\n'}
[8.445135] (meca500_ros2) StdoutLine: {'line': b'Installing robot_dummy script to /home/parallels/Forschsemrep/strawberry_ws/install/meca500_ros2/lib/meca500_ros2\n'}
[8.445485] (meca500_ros2) StdoutLine: {'line': b'\n'}
[8.445673] (meca500_ros2) StdoutLine: {'line': b'Installed /home/parallels/Forschsemrep/strawberry_ws/build/meca500_ros2\n'}
[8.445759] (meca500_ros2) StdoutLine: {'line': b'running symlink_data\n'}
[8.505653] (-) TimerEvent: {}
[8.606202] (-) TimerEvent: {}
[8.692175] (strawberry_segmentation) CommandEnded: {'returncode': 0}
[8.706793] (-) TimerEvent: {}
[8.723515] (strawberry_segmentation) JobEnded: {'identifier': 'strawberry_segmentation', 'rc': 0}
[8.729108] (strawberry_bringup) JobStarted: {'identifier': 'strawberry_bringup'}
[8.747667] (meca500_ros2) CommandEnded: {'returncode': 0}
[8.784733] (meca500_ros2) JobEnded: {'identifier': 'meca500_ros2', 'rc': 0}
[8.808660] (-) TimerEvent: {}
[8.911057] (-) TimerEvent: {}
[9.013684] (-) TimerEvent: {}
[9.114154] (-) TimerEvent: {}
[9.216630] (-) TimerEvent: {}
[9.317011] (-) TimerEvent: {}
[9.419788] (-) TimerEvent: {}
[9.521742] (-) TimerEvent: {}
[9.622709] (-) TimerEvent: {}
[9.725720] (-) TimerEvent: {}
[9.737069] (strawberry_tools) Command: {'cmd': ['/usr/bin/python3', '-W', 'ignore:setup.py install is deprecated', '-W', 'ignore:easy_install command is deprecated', 'setup.py', 'develop', '--editable', '--build-directory', '/home/parallels/Forschsemrep/strawberry_ws/build/strawberry_tools/build', '--no-deps', 'symlink_data'], 'cwd': '/home/parallels/Forschsemrep/strawberry_ws/build/strawberry_tools', 'env': {'GJS_DEBUG_TOPICS': 'JS ERROR;JS LOG', 'LESSOPEN': '| /usr/bin/lesspipe %s', 'USER': 'parallels', 'XDG_SESSION_TYPE': 'wayland', 'SHLVL': '1', 'LD_LIBRARY_PATH': '/home/parallels/Forschsemrep/strawberry_ws/install/strawberry_msgs/lib:/usr/lib/x86_64-linux-gnu/gazebo-11/plugins:/opt/ros/humble/opt/rviz_ogre_vendor/lib:/opt/ros/humble/lib/x86_64-linux-gnu:/opt/ros/humble/lib', 'HOME': '/home/parallels', 'CONDA_SHLVL': '0', 'OLDPWD': '/home/parallels', 'DESKTOP_SESSION': 'ubuntu', 'GIO_LAUNCHED_DESKTOP_FILE': '/usr/share/applications/terminator.desktop', 'ROS_PYTHON_VERSION': '3', 'GNOME_SHELL_SESSION_MODE': 'ubuntu', 'GTK_MODULES': 'gail:atk-bridge', 'MANAGERPID': '3032', 'SYSTEMD_EXEC_PID': '3221', 'DBUS_SESSION_BUS_ADDRESS': 'unix:path=/run/user/1000/bus', 'COLORTERM': 'truecolor', 'TERMINATOR_DBUS_NAME': 'net.tenshu.Terminator25ef4b219e3b005583550f2b0f9f990c3', 'GIO_LAUNCHED_DESKTOP_FILE_PID': '5529', 'IM_CONFIG_PHASE': '1', 'WAYLAND_DISPLAY': 'wayland-0', 'COLCON_PREFIX_PATH': '/home/parallels/Forschsemrep/strawberry_ws/install', 'ROS_DISTRO': 'humble', 'LOGNAME': 'parallels', 'JOURNAL_STREAM': '8:19956', '_': '/usr/bin/colcon', 'ROS_VERSION': '2', 'XDG_SESSION_CLASS': 'user', 'USERNAME': 'parallels', 'TERM': 'xterm-256color', 'GNOME_DESKTOP_SESSION_ID': 'this-is-deprecated', 'ROS_LOCALHOST_ONLY': '0', 'PATH': '/opt/ros/humble/bin:/home/parallels/.local/bin:/home/parallels/miniforge3/condabin:/home/parallels/.local/bin:/usr/local/sbin:/usr/local/bin:/usr/sbin:/usr/bin:/sbin:/bin:/usr/games:/usr/local/games:/snap/bin:/snap/bin:/home/parallels/.dotnet/tools:/opt/mssql-tools/bin', 'SESSION_MANAGER': 'local/parallels-Parallels-Virtual-Platform:@/tmp/.ICE-unix/3192,unix/parallels-Parallels-Virtual-Platform:/tmp/.ICE-unix/3192', 'INVOCATION_ID': '454f23c05d8143398ea19d319ea9d664', 'XDG_MENU_PREFIX': 'gnome-', 'GNOME_SETUP_DISPLAY': ':1', 'XDG_RUNTIME_DIR': '/run/user/1000', 'MAMBA_ROOT_PREFIX': '/home/parallels/miniforge3', 'DISPLAY': ':0', 'TERMINATOR_DBUS_PATH': '/net/tenshu/Terminator2', 'LANG': 'en_US.UTF-8', 'XDG_CURRENT_DESKTOP': 'ubuntu:GNOME', 'DOTNET_BUNDLE_EXTRACT_BASE_DIR': '/home/parallels/.cache/dotnet_bundle_extract', 'IBUS_DISABLE_SNOOPER': '1', 'XMODIFIERS': '@im=ibus', 'XDG_SESSION_DESKTOP': 'ubuntu', 'XAUTHORITY': '/run/user/1000/.mutter-Xwaylandauth.INPBJ3', 'LS_COLORS': 'rs=0:di=01;34:ln=01;36:mh=00:pi=40;33:so=01;35:do=01;35:bd=40;33;01:cd=40;33;01:or=40;31;01:mi=00:su=37;41:sg=30;43:ca=30;41:tw=30;42:ow=34;42:st=37;44:ex=01;32:*.tar=01;31:*.tgz=01;31:*.arc=01;31:*.arj=01;31:*.taz=01;31:*.lha=01;31:*.lz4=01;31:*.lzh=01;31:*.lzma=01;31:*.tlz=01;31:*.txz=01;31:*.tzo=01;31:*.t7z=01;31:*.zip=01;31:*.z=01;31:*.dz=01;31:*.gz=01;31:*.lrz=01;31:*.lz=01;31:*.lzo=01;31:*.xz=01;31:*.zst=01;31:*.tzst=01;31:*.bz2=01;31:*.bz=01;31:*.tbz=01;31:*.tbz2=01;31:*.tz=01;31:*.deb=01;31:*.rpm=01;31:*.jar=01;31:*.war=01;31:*.ear=01;31:*.sar=01;31:*.rar=01;31:*.alz=01;31:*.ace=01;31:*.zoo=01;31:*.cpio=01;31:*.7z=01;31:*.rz=01;31:*.cab=01;31:*.wim=01;31:*.swm=01;31:*.dwm=01;31:*.esd=01;31:*.jpg=01;35:*.jpeg=01;35:*.mjpg=01;35:*.mjpeg=01;35:*.gif=01;35:*.bmp=01;35:*.pbm=01;35:*.pgm=01;35:*.ppm=01;35:*.tga=01;35:*.xbm=01;35:*.xpm=01;35:*.tif=01;35:*.tiff=01;35:*.png=01;35:*.svg=01;35:*.svgz=01;35:*.mng=01;35:*.pcx=01;35:*.mov=01;35:*.mpg=01;35:*.mpeg=01;35:*.m2v=01;35:*.mkv=01;35:*.webm=01;35:*.webp=01;35:*.ogm=01;35:*.mp4=01;35:*.m4v=01;35:*.mp4v=01;35:*.vob=01;35:*.qt=01;35:*.nuv=01;35:*.wmv=01;35:*.asf=01;35:*.rm=01;35:*.rmvb=01;35:*.flc=01;35:*.avi=01;35:*.fli=01;35:*.flv=01;35:*.gl=01;35:*.dl=01;35:*.xcf=01;35:*.xwd=01;35:*.yuv=01;35:*.cgm=01;35:*.emf=01;35:*.ogv=01;35:*.ogx=01;35:*.aac=00;36:*.au=00;36:*.flac=00;36:*.m4a=00;36:*.mid=00;36:*.midi=00;36:*.mka=00;36:*.mp3=00;36:*.mpc=00;36:*.ogg=00;36:*.ra=00;36:*.wav=00;36:*.oga=00;36:*.opus=00;36:*.spx=00;36:*.xspf=00;36:', 'SSH_AGENT_LAUNCHER': 'gnome-keyring', 'SSH_AUTH_SOCK': '/run/user/1000/keyring/ssh', 'AMENT_PREFIX_PATH': '/home/parallels/Forschsemrep/strawberry_ws/install/strawberry_tools:/home/parallels/Forschsemrep/strawberry_ws/install/strawberry_bringup:/home/parallels/Forschsemrep/strawberry_ws/install/strawberry_segmentation:/home/parallels/Forschsemrep/strawberry_ws/install/strawberry_msgs:/home/parallels/Forschsemrep/strawberry_ws/install/strawberry_cluster:/home/parallels/Forschsemrep/strawberry_ws/install/strawberry_camera:/home/parallels/Forschsemrep/strawberry_ws/install/meca500_ros2:/opt/ros/humble', 'CONDA_PYTHON_EXE': '/home/parallels/miniforge3/bin/python', 'SHELL': '/bin/bash', 'TERMINATOR_UUID': 'urn:uuid:5deb69e9-cad9-4bb8-a9b5-ba7971cb10ed', 'QT_ACCESSIBILITY': '1', 'GDMSESSION': 'ubuntu', 'LESSCLOSE': '/usr/bin/lesspipe %s %s', 'GJS_DEBUG_OUTPUT': 'stderr', 'MAMBA_EXE': '/home/parallels/miniforge3/bin/mamba', 'QT_IM_MODULE': 'ibus', 'PWD': '/home/parallels/Forschsemrep/strawberry_ws/build/strawberry_tools', 'XDG_CONFIG_DIRS': '/etc/xdg/xdg-ubuntu:/etc/xdg', 'CONDA_EXE': '/home/parallels/miniforge3/bin/conda', 'XDG_DATA_DIRS': '/usr/share/ubuntu:/usr/local/share/:/usr/share/:/var/lib/snapd/desktop', 'PYTHONPATH': '/home/parallels/Forschsemrep/strawberry_ws/build/strawberry_tools/prefix_override:/usr/lib/python3/dist-packages/colcon_core/task/python/colcon_distutils_commands:/home/parallels/Forschsemrep/strawberry_ws/install/strawberry_tools/lib/python3.10/site-packages:/home/parallels/Forschsemrep/strawberry_ws/build/strawberry_tools:/home/parallels/Forschsemrep/strawberry_ws/install/strawberry_tools/lib/python3.10/site-packages:/home/parallels/Forschsemrep/strawberry_ws/build/strawberry_bringup:/home/parallels/Forschsemrep/strawberry_ws/install/strawberry_bringup/lib/python3.10/site-packages:/home/parallels/Forschsemrep/strawberry_ws/build/strawberry_segmentation:/home/parallels/Forschsemrep/strawberry_ws/install/strawberry_segmentation/lib/python3.10/site-packages:/home/parallels/Forschsemrep/strawberry_ws/install/strawberry_msgs/local/lib/python3.10/dist-packages:/home/parallels/Forschsemrep/strawberry_ws/build/strawberry_cluster:/home/parallels/Forschsemrep/strawberry_ws/install/strawberry_cluster/lib/python3.10/site-packages:/home/parallels/Forschsemrep/strawberry_ws/build/strawberry_camera:/home/parallels/Forschsemrep/strawberry_ws/install/strawberry_camera/lib/python3.10/site-packages:/home/parallels/Forschsemrep/strawberry_ws/build/meca500_ros2:/home/parallels/Forschsemrep/strawberry_ws/install/meca500_ros2/lib/python3.10/site-packages:/opt/ros/humble/lib/python3.10/site-packages:/opt/ros/humble/local/lib/python3.10/dist-packages', 'COLCON': '1', 'VTE_VERSION': '6800', 'CMAKE_PREFIX_PATH': '/home/parallels/Forschsemrep/strawberry_ws/install/strawberry_msgs'}, 'shell': False}
[9.826899] (-) TimerEvent: {}
[9.931124] (-) TimerEvent: {}
[10.032387] (-) TimerEvent: {}
[10.136032] (-) TimerEvent: {}
[10.236910] (-) TimerEvent: {}
[10.337493] (-) TimerEvent: {}
[10.439398] (-) TimerEvent: {}
[10.458645] (strawberry_tools) StdoutLine: {'line': b'running develop\n'}
[10.531109] (strawberry_bringup) Command: {'cmd': ['/usr/bin/python3', '-W', 'ignore:setup.py install is deprecated', '-W', 'ignore:easy_install command is deprecated', 'setup.py', 'develop', '--editable', '--build-directory', '/home/parallels/Forschsemrep/strawberry_ws/build/strawberry_bringup/build', '--no-deps', 'symlink_data'], 'cwd': '/home/parallels/Forschsemrep/strawberry_ws/build/strawberry_bringup', 'env': {'GJS_DEBUG_TOPICS': 'JS ERROR;JS LOG', 'LESSOPEN': '| /usr/bin/lesspipe %s', 'USER': 'parallels', 'XDG_SESSION_TYPE': 'wayland', 'SHLVL': '1', 'LD_LIBRARY_PATH': '/home/parallels/Forschsemrep/strawberry_ws/install/strawberry_msgs/lib:/usr/lib/x86_64-linux-gnu/gazebo-11/plugins:/opt/ros/humble/opt/rviz_ogre_vendor/lib:/opt/ros/humble/lib/x86_64-linux-gnu:/opt/ros/humble/lib', 'HOME': '/home/parallels', 'CONDA_SHLVL': '0', 'OLDPWD': '/home/parallels', 'DESKTOP_SESSION': 'ubuntu', 'GIO_LAUNCHED_DESKTOP_FILE': '/usr/share/applications/terminator.desktop', 'ROS_PYTHON_VERSION': '3', 'GNOME_SHELL_SESSION_MODE': 'ubuntu', 'GTK_MODULES': 'gail:atk-bridge', 'MANAGERPID': '3032', 'SYSTEMD_EXEC_PID': '3221', 'DBUS_SESSION_BUS_ADDRESS': 'unix:path=/run/user/1000/bus', 'COLORTERM': 'truecolor', 'TERMINATOR_DBUS_NAME': 'net.tenshu.Terminator25ef4b219e3b005583550f2b0f9f990c3', 'GIO_LAUNCHED_DESKTOP_FILE_PID': '5529', 'IM_CONFIG_PHASE': '1', 'WAYLAND_DISPLAY': 'wayland-0', 'COLCON_PREFIX_PATH': '/home/parallels/Forschsemrep/strawberry_ws/install', 'ROS_DISTRO': 'humble', 'LOGNAME': 'parallels', 'JOURNAL_STREAM': '8:19956', '_': '/usr/bin/colcon', 'ROS_VERSION': '2', 'XDG_SESSION_CLASS': 'user', 'USERNAME': 'parallels', 'TERM': 'xterm-256color', 'GNOME_DESKTOP_SESSION_ID': 'this-is-deprecated', 'ROS_LOCALHOST_ONLY': '0', 'PATH': '/opt/ros/humble/bin:/home/parallels/.local/bin:/home/parallels/miniforge3/condabin:/home/parallels/.local/bin:/usr/local/sbin:/usr/local/bin:/usr/sbin:/usr/bin:/sbin:/bin:/usr/games:/usr/local/games:/snap/bin:/snap/bin:/home/parallels/.dotnet/tools:/opt/mssql-tools/bin', 'SESSION_MANAGER': 'local/parallels-Parallels-Virtual-Platform:@/tmp/.ICE-unix/3192,unix/parallels-Parallels-Virtual-Platform:/tmp/.ICE-unix/3192', 'INVOCATION_ID': '454f23c05d8143398ea19d319ea9d664', 'XDG_MENU_PREFIX': 'gnome-', 'GNOME_SETUP_DISPLAY': ':1', 'XDG_RUNTIME_DIR': '/run/user/1000', 'MAMBA_ROOT_PREFIX': '/home/parallels/miniforge3', 'DISPLAY': ':0', 'TERMINATOR_DBUS_PATH': '/net/tenshu/Terminator2', 'LANG': 'en_US.UTF-8', 'XDG_CURRENT_DESKTOP': 'ubuntu:GNOME', 'DOTNET_BUNDLE_EXTRACT_BASE_DIR': '/home/parallels/.cache/dotnet_bundle_extract', 'IBUS_DISABLE_SNOOPER': '1', 'XMODIFIERS': '@im=ibus', 'XDG_SESSION_DESKTOP': 'ubuntu', 'XAUTHORITY': '/run/user/1000/.mutter-Xwaylandauth.INPBJ3', 'LS_COLORS': 'rs=0:di=01;34:ln=01;36:mh=00:pi=40;33:so=01;35:do=01;35:bd=40;33;01:cd=40;33;01:or=40;31;01:mi=00:su=37;41:sg=30;43:ca=30;41:tw=30;42:ow=34;42:st=37;44:ex=01;32:*.tar=01;31:*.tgz=01;31:*.arc=01;31:*.arj=01;31:*.taz=01;31:*.lha=01;31:*.lz4=01;31:*.lzh=01;31:*.lzma=01;31:*.tlz=01;31:*.txz=01;31:*.tzo=01;31:*.t7z=01;31:*.zip=01;31:*.z=01;31:*.dz=01;31:*.gz=01;31:*.lrz=01;31:*.lz=01;31:*.lzo=01;31:*.xz=01;31:*.zst=01;31:*.tzst=01;31:*.bz2=01;31:*.bz=01;31:*.tbz=01;31:*.tbz2=01;31:*.tz=01;31:*.deb=01;31:*.rpm=01;31:*.jar=01;31:*.war=01;31:*.ear=01;31:*.sar=01;31:*.rar=01;31:*.alz=01;31:*.ace=01;31:*.zoo=01;31:*.cpio=01;31:*.7z=01;31:*.rz=01;31:*.cab=01;31:*.wim=01;31:*.swm=01;31:*.dwm=01;31:*.esd=01;31:*.jpg=01;35:*.jpeg=01;35:*.mjpg=01;35:*.mjpeg=01;35:*.gif=01;35:*.bmp=01;35:*.pbm=01;35:*.pgm=01;35:*.ppm=01;35:*.tga=01;35:*.xbm=01;35:*.xpm=01;35:*.tif=01;35:*.tiff=01;35:*.png=01;35:*.svg=01;35:*.svgz=01;35:*.mng=01;35:*.pcx=01;35:*.mov=01;35:*.mpg=01;35:*.mpeg=01;35:*.m2v=01;35:*.mkv=01;35:*.webm=01;35:*.webp=01;35:*.ogm=01;35:*.mp4=01;35:*.m4v=01;35:*.mp4v=01;35:*.vob=01;35:*.qt=01;35:*.nuv=01;35:*.wmv=01;35:*.asf=01;35:*.rm=01;35:*.rmvb=01;35:*.flc=01;35:*.avi=01;35:*.fli=01;35:*.flv=01;35:*.gl=01;35:*.dl=01;35:*.xcf=01;35:*.xwd=01;35:*.yuv=01;35:*.cgm=01;35:*.emf=01;35:*.ogv=01;35:*.ogx=01;35:*.aac=00;36:*.au=00;36:*.flac=00;36:*.m4a=00;36:*.mid=00;36:*.midi=00;36:*.mka=00;36:*.mp3=00;36:*.mpc=00;36:*.ogg=00;36:*.ra=00;36:*.wav=00;36:*.oga=00;36:*.opus=00;36:*.spx=00;36:*.xspf=00;36:', 'SSH_AGENT_LAUNCHER': 'gnome-keyring', 'SSH_AUTH_SOCK': '/run/user/1000/keyring/ssh', 'AMENT_PREFIX_PATH': '/home/parallels/Forschsemrep/strawberry_ws/install/strawberry_segmentation:/home/parallels/Forschsemrep/strawberry_ws/install/strawberry_cluster:/home/parallels/Forschsemrep/strawberry_ws/install/strawberry_camera:/home/parallels/Forschsemrep/strawberry_ws/install/strawberry_tools:/home/parallels/Forschsemrep/strawberry_ws/install/strawberry_bringup:/home/parallels/Forschsemrep/strawberry_ws/install/strawberry_msgs:/home/parallels/Forschsemrep/strawberry_ws/install/meca500_ros2:/opt/ros/humble', 'CONDA_PYTHON_EXE': '/home/parallels/miniforge3/bin/python', 'SHELL': '/bin/bash', 'TERMINATOR_UUID': 'urn:uuid:5deb69e9-cad9-4bb8-a9b5-ba7971cb10ed', 'QT_ACCESSIBILITY': '1', 'GDMSESSION': 'ubuntu', 'LESSCLOSE': '/usr/bin/lesspipe %s %s', 'GJS_DEBUG_OUTPUT': 'stderr', 'MAMBA_EXE': '/home/parallels/miniforge3/bin/mamba', 'QT_IM_MODULE': 'ibus', 'PWD': '/home/parallels/Forschsemrep/strawberry_ws/build/strawberry_bringup', 'XDG_CONFIG_DIRS': '/etc/xdg/xdg-ubuntu:/etc/xdg', 'CONDA_EXE': '/home/parallels/miniforge3/bin/conda', 'XDG_DATA_DIRS': '/usr/share/ubuntu:/usr/local/share/:/usr/share/:/var/lib/snapd/desktop', 'PYTHONPATH': '/home/parallels/Forschsemrep/strawberry_ws/build/strawberry_bringup/prefix_override:/usr/lib/python3/dist-packages/colcon_core/task/python/colcon_distutils_commands:/home/parallels/Forschsemrep/strawberry_ws/install/strawberry_bringup/lib/python3.10/site-packages:/home/parallels/Forschsemrep/strawberry_ws/build/strawberry_segmentation:/home/parallels/Forschsemrep/strawberry_ws/install/strawberry_segmentation/lib/python3.10/site-packages:/home/parallels/Forschsemrep/strawberry_ws/build/strawberry_cluster:/home/parallels/Forschsemrep/strawberry_ws/install/strawberry_cluster/lib/python3.10/site-packages:/home/parallels/Forschsemrep/strawberry_ws/build/strawberry_camera:/home/parallels/Forschsemrep/strawberry_ws/install/strawberry_camera/lib/python3.10/site-packages:/home/parallels/Forschsemrep/strawberry_ws/build/strawberry_tools:/home/parallels/Forschsemrep/strawberry_ws/install/strawberry_tools/lib/python3.10/site-packages:/home/parallels/Forschsemrep/strawberry_ws/build/strawberry_bringup:/home/parallels/Forschsemrep/strawberry_ws/install/strawberry_bringup/lib/python3.10/site-packages:/home/parallels/Forschsemrep/strawberry_ws/install/strawberry_msgs/local/lib/python3.10/dist-packages:/home/parallels/Forschsemrep/strawberry_ws/build/meca500_ros2:/home/parallels/Forschsemrep/strawberry_ws/install/meca500_ros2/lib/python3.10/site-packages:/opt/ros/humble/lib/python3.10/site-packages:/opt/ros/humble/local/lib/python3.10/dist-packages', 'COLCON': '1', 'VTE_VERSION': '6800', 'CMAKE_PREFIX_PATH': '/home/parallels/Forschsemrep/strawberry_ws/install/strawberry_msgs'}, 'shell': False}
[10.540182] (-) TimerEvent: {}
[10.640697] (-) TimerEvent: {}
[10.741249] (-) TimerEvent: {}
[10.844971] (-) TimerEvent: {}
[10.945760] (-) TimerEvent: {}
[11.048820] (strawberry_tools) StdoutLine: {'line': b'running egg_info\n'}
[11.049046] (-) TimerEvent: {}
[11.050867] (strawberry_tools) StdoutLine: {'line': b'writing strawberry_tools.egg-info/PKG-INFO\n'}
[11.053905] (strawberry_tools) StdoutLine: {'line': b'writing dependency_links to strawberry_tools.egg-info/dependency_links.txt\n'}
[11.054046] (strawberry_tools) StdoutLine: {'line': b'writing entry points to strawberry_tools.egg-info/entry_points.txt\n'}
[11.054124] (strawberry_tools) StdoutLine: {'line': b'writing requirements to strawberry_tools.egg-info/requires.txt\n'}
[11.054244] (strawberry_tools) StdoutLine: {'line': b'writing top-level names to strawberry_tools.egg-info/top_level.txt\n'}
[11.063987] (strawberry_tools) StdoutLine: {'line': b"reading manifest file 'strawberry_tools.egg-info/SOURCES.txt'\n"}
[11.068933] (strawberry_tools) StdoutLine: {'line': b"writing manifest file 'strawberry_tools.egg-info/SOURCES.txt'\n"}
[11.080216] (strawberry_tools) StdoutLine: {'line': b'running build_ext\n'}
[11.082111] (strawberry_tools) StdoutLine: {'line': b'Creating /home/parallels/Forschsemrep/strawberry_ws/install/strawberry_tools/lib/python3.10/site-packages/strawberry-tools.egg-link (link to .)\n'}
[11.086727] (strawberry_tools) StdoutLine: {'line': b'Installing sync_audit script to /home/parallels/Forschsemrep/strawberry_ws/install/strawberry_tools/lib/strawberry_tools\n'}
[11.088383] (strawberry_tools) StdoutLine: {'line': b'\n'}
[11.091178] (strawberry_tools) StdoutLine: {'line': b'Installed /home/parallels/Forschsemrep/strawberry_ws/build/strawberry_tools\n'}
[11.093374] (strawberry_tools) StdoutLine: {'line': b'running symlink_data\n'}
[11.150939] (-) TimerEvent: {}
[11.197183] (strawberry_tools) CommandEnded: {'returncode': 0}
[11.208262] (strawberry_bringup) StdoutLine: {'line': b'running develop\n'}
[11.217523] (strawberry_tools) JobEnded: {'identifier': 'strawberry_tools', 'rc': 0}
[11.251152] (-) TimerEvent: {}
[11.351790] (-) TimerEvent: {}
[11.452320] (-) TimerEvent: {}
[11.523784] (strawberry_bringup) StdoutLine: {'line': b'running egg_info\n'}
[11.524099] (strawberry_bringup) StdoutLine: {'line': b'writing strawberry_bringup.egg-info/PKG-INFO\n'}
[11.524589] (strawberry_bringup) StdoutLine: {'line': b'writing dependency_links to strawberry_bringup.egg-info/dependency_links.txt\n'}
[11.524986] (strawberry_bringup) StdoutLine: {'line': b'writing entry points to strawberry_bringup.egg-info/entry_points.txt\n'}
[11.525359] (strawberry_bringup) StdoutLine: {'line': b'writing requirements to strawberry_bringup.egg-info/requires.txt\n'}
[11.525457] (strawberry_bringup) StdoutLine: {'line': b'writing top-level names to strawberry_bringup.egg-info/top_level.txt\n'}
[11.527641] (strawberry_bringup) StdoutLine: {'line': b"reading manifest file 'strawberry_bringup.egg-info/SOURCES.txt'\n"}
[11.528943] (strawberry_bringup) StdoutLine: {'line': b"writing manifest file 'strawberry_bringup.egg-info/SOURCES.txt'\n"}
[11.530793] (strawberry_bringup) StdoutLine: {'line': b'running build_ext\n'}
[11.531117] (strawberry_bringup) StdoutLine: {'line': b'Creating /home/parallels/Forschsemrep/strawberry_ws/install/strawberry_bringup/lib/python3.10/site-packages/strawberry-bringup.egg-link (link to .)\n'}
[11.531945] (strawberry_bringup) StdoutLine: {'line': b'\n'}
[11.532243] (strawberry_bringup) StdoutLine: {'line': b'Installed /home/parallels/Forschsemrep/strawberry_ws/build/strawberry_bringup\n'}
[11.532690] (strawberry_bringup) StdoutLine: {'line': b'running symlink_data\n'}
[11.552628] (-) TimerEvent: {}
[11.568455] (strawberry_bringup) CommandEnded: {'returncode': 0}
[11.583404] (strawberry_bringup) JobEnded: {'identifier': 'strawberry_bringup', 'rc': 0}
[11.585772] (-) EventReactorShutdown: {}
