[0.369s] [34mcolcon[0m [1;30mDEBUG[0m [32mCommand line arguments: ['/usr/bin/colcon', 'build', '--symlink-install'][0m
[0.369s] [34mcolcon[0m [1;30mDEBUG[0m [32mParsed command line arguments: Namespace(log_base=None, log_level=None, verb_name='build', build_base='build', install_base='install', merge_install=False, symlink_install=True, test_result_base=None, continue_on_error=False, executor='parallel', parallel_workers=4, event_handlers=None, ignore_user_meta=False, metas=['./colcon.meta'], base_paths=['.'], packages_ignore=None, packages_ignore_regex=None, paths=None, packages_up_to=None, packages_up_to_regex=None, packages_above=None, packages_above_and_dependencies=None, packages_above_depth=None, packages_select_by_dep=None, packages_skip_by_dep=None, packages_skip_up_to=None, packages_select_build_failed=False, packages_skip_build_finished=False, packages_select_test_failures=False, packages_skip_test_passed=False, packages_select=None, packages_skip=None, packages_select_regex=None, packages_skip_regex=None, packages_start=None, packages_end=None, allow_overriding=[], cmake_args=None, cmake_target=None, cmake_target_skip_unavailable=False, cmake_clean_cache=False, cmake_clean_first=False, cmake_force_configure=False, ament_cmake_args=None, catkin_cmake_args=None, catkin_skip_building_tests=False, mixin_files=None, mixin=None, verb_parser=<colcon_mixin.mixin.mixin_argument.MixinArgumentDecorator object at 0x76f8e98d7c10>, verb_extension=<colcon_core.verb.build.BuildVerb object at 0x76f8e9a20c70>, main=<bound method BuildVerb.main of <colcon_core.verb.build.BuildVerb object at 0x76f8e9a20c70>>, mixin_verb=('build',))[0m
[0.962s] [34mcolcon.colcon_core.package_discovery[0m [1;30mLevel 1[0m discover_packages(colcon_meta) check parameters
[0.962s] [34mcolcon.colcon_core.package_discovery[0m [1;30mLevel 1[0m discover_packages(recursive) check parameters
[0.962s] [34mcolcon.colcon_core.package_discovery[0m [1;30mLevel 1[0m discover_packages(ignore) check parameters
[0.962s] [34mcolcon.colcon_core.package_discovery[0m [1;30mLevel 1[0m discover_packages(path) check parameters
[0.962s] [34mcolcon.colcon_core.package_discovery[0m [1;30mLevel 1[0m discover_packages(colcon_meta) discover
[0.962s] [34mcolcon.colcon_core.package_discovery[0m [1;30mLevel 1[0m discover_packages(recursive) discover
[0.962s] [34mcolcon.colcon_core.package_discovery[0m [1;30mINFO[0m Crawling recursively for packages in '/home/parallels/Forschsemrep/strawberry_ws'
[0.963s] [34mcolcon.colcon_core.package_identification[0m [1;30mLevel 1[0m _identify(.) by extensions ['ignore', 'ignore_ament_install']
[0.963s] [34mcolcon.colcon_core.package_identification[0m [1;30mLevel 1[0m _identify(.) by extension 'ignore'
[0.964s] [34mcolcon.colcon_core.package_identification[0m [1;30mLevel 1[0m _identify(.) by extension 'ignore_ament_install'
[0.964s] [34mcolcon.colcon_core.package_identification[0m [1;30mLevel 1[0m _identify(.) by extensions ['colcon_pkg']
[0.964s] [34mcolcon.colcon_core.package_identification[0m [1;30mLevel 1[0m _identify(.) by extension 'colcon_pkg'
[0.964s] [34mcolcon.colcon_core.package_identification[0m [1;30mLevel 1[0m _identify(.) by extensions ['colcon_meta']
[0.964s] [34mcolcon.colcon_core.package_identification[0m [1;30mLevel 1[0m _identify(.) by extension 'colcon_meta'
[0.964s] [34mcolcon.colcon_core.package_identification[0m [1;30mLevel 1[0m _identify(.) by extensions ['ros']
[0.965s] [34mcolcon.colcon_core.package_identification[0m [1;30mLevel 1[0m _identify(.) by extension 'ros'
[1.025s] [34mcolcon.colcon_core.package_identification[0m [1;30mLevel 1[0m _identify(.) by extensions ['cmake', 'python']
[1.025s] [34mcolcon.colcon_core.package_identification[0m [1;30mLevel 1[0m _identify(.) by extension 'cmake'
[1.026s] [34mcolcon.colcon_core.package_identification[0m [1;30mLevel 1[0m _identify(.) by extension 'python'
[1.026s] [34mcolcon.colcon_core.package_identification[0m [1;30mLevel 1[0m _identify(.) by extensions ['python_setup_py']
[1.026s] [34mcolcon.colcon_core.package_identification[0m [1;30mLevel 1[0m _identify(.) by extension 'python_setup_py'
[1.027s] [34mcolcon.colcon_core.package_identification[0m [1;30mLevel 1[0m _identify(build) by extensions ['ignore', 'ignore_ament_install']
[1.027s] [34mcolcon.colcon_core.package_identification[0m [1;30mLevel 1[0m _identify(build) by extension 'ignore'
[1.028s] [34mcolcon.colcon_core.package_identification[0m [1;30mLevel 1[0m _identify(build) ignored
[1.028s] [34mcolcon.colcon_core.package_identification[0m [1;30mLevel 1[0m _identify(data) by extensions ['ignore', 'ignore_ament_install']
[1.028s] [34mcolcon.colcon_core.package_identification[0m [1;30mLevel 1[0m _identify(data) by extension 'ignore'
[1.029s] [34mcolcon.colcon_core.package_identification[0m [1;30mLevel 1[0m _identify(data) by extension 'ignore_ament_install'
[1.029s] [34mcolcon.colcon_core.package_identification[0m [1;30mLevel 1[0m _identify(data) by extensions ['colcon_pkg']
[1.029s] [34mcolcon.colcon_core.package_identification[0m [1;30mLevel 1[0m _identify(data) by extension 'colcon_pkg'
[1.029s] [34mcolcon.colcon_core.package_identification[0m [1;30mLevel 1[0m _identify(data) by extensions ['colcon_meta']
[1.029s] [34mcolcon.colcon_core.package_identification[0m [1;30mLevel 1[0m _identify(data) by extension 'colcon_meta'
[1.029s] [34mcolcon.colcon_core.package_identification[0m [1;30mLevel 1[0m _identify(data) by extensions ['ros']
[1.029s] [34mcolcon.colcon_core.package_identification[0m [1;30mLevel 1[0m _identify(data) by extension 'ros'
[1.029s] [34mcolcon.colcon_core.package_identification[0m [1;30mLevel 1[0m _identify(data) by extensions ['cmake', 'python']
[1.030s] [34mcolcon.colcon_core.package_identification[0m [1;30mLevel 1[0m _identify(data) by extension 'cmake'
[1.030s] [34mcolcon.colcon_core.package_identification[0m [1;30mLevel 1[0m _identify(data) by extension 'python'
[1.030s] [34mcolcon.colcon_core.package_identification[0m [1;30mLevel 1[0m _identify(data) by extensions ['python_setup_py']
[1.030s] [34mcolcon.colcon_core.package_identification[0m [1;30mLevel 1[0m _identify(data) by extension 'python_setup_py'
[1.030s] [34mcolcon.colcon_core.package_identification[0m [1;30mLevel 1[0m _identify(data/backup) by extensions ['ignore', 'ignore_ament_install']
[1.030s] [34mcolcon.colcon_core.package_identification[0m [1;30mLevel 1[0m _identify(data/backup) by extension 'ignore'
[1.030s] [34mcolcon.colcon_core.package_identification[0m [1;30mLevel 1[0m _identify(data/backup) by extension 'ignore_ament_install'
[1.030s] [34mcolcon.colcon_core.package_identification[0m [1;30mLevel 1[0m _identify(data/backup) by extensions ['colcon_pkg']
[1.031s] [34mcolcon.colcon_core.package_identification[0m [1;30mLevel 1[0m _identify(data/backup) by extension 'colcon_pkg'
[1.031s] [34mcolcon.colcon_core.package_identification[0m [1;30mLevel 1[0m _identify(data/backup) by extensions ['colcon_meta']
[1.031s] [34mcolcon.colcon_core.package_identification[0m [1;30mLevel 1[0m _identify(data/backup) by extension 'colcon_meta'
[1.031s] [34mcolcon.colcon_core.package_identification[0m [1;30mLevel 1[0m _identify(data/backup) by extensions ['ros']
[1.031s] [34mcolcon.colcon_core.package_identification[0m [1;30mLevel 1[0m _identify(data/backup) by extension 'ros'
[1.031s] [34mcolcon.colcon_core.package_identification[0m [1;30mLevel 1[0m _identify(data/backup) by extensions ['cmake', 'python']
[1.031s] [34mcolcon.colcon_core.package_identification[0m [1;30mLevel 1[0m _identify(data/backup) by extension 'cmake'
[1.031s] [34mcolcon.colcon_core.package_identification[0m [1;30mLevel 1[0m _identify(data/backup) by extension 'python'
[1.031s] [34mcolcon.colcon_core.package_identification[0m [1;30mLevel 1[0m _identify(data/backup) by extensions ['python_setup_py']
[1.031s] [34mcolcon.colcon_core.package_identification[0m [1;30mLevel 1[0m _identify(data/backup) by extension 'python_setup_py'
[1.032s] [34mcolcon.colcon_core.package_identification[0m [1;30mLevel 1[0m _identify(data/plant_views) by extensions ['ignore', 'ignore_ament_install']
[1.032s] [34mcolcon.colcon_core.package_identification[0m [1;30mLevel 1[0m _identify(data/plant_views) by extension 'ignore'
[1.032s] [34mcolcon.colcon_core.package_identification[0m [1;30mLevel 1[0m _identify(data/plant_views) by extension 'ignore_ament_install'
[1.033s] [34mcolcon.colcon_core.package_identification[0m [1;30mLevel 1[0m _identify(data/plant_views) by extensions ['colcon_pkg']
[1.033s] [34mcolcon.colcon_core.package_identification[0m [1;30mLevel 1[0m _identify(data/plant_views) by extension 'colcon_pkg'
[1.033s] [34mcolcon.colcon_core.package_identification[0m [1;30mLevel 1[0m _identify(data/plant_views) by extensions ['colcon_meta']
[1.033s] [34mcolcon.colcon_core.package_identification[0m [1;30mLevel 1[0m _identify(data/plant_views) by extension 'colcon_meta'
[1.034s] [34mcolcon.colcon_core.package_identification[0m [1;30mLevel 1[0m _identify(data/plant_views) by extensions ['ros']
[1.034s] [34mcolcon.colcon_core.package_identification[0m [1;30mLevel 1[0m _identify(data/plant_views) by extension 'ros'
[1.034s] [34mcolcon.colcon_core.package_identification[0m [1;30mLevel 1[0m _identify(data/plant_views) by extensions ['cmake', 'python']
[1.034s] [34mcolcon.colcon_core.package_identification[0m [1;30mLevel 1[0m _identify(data/plant_views) by extension 'cmake'
[1.034s] [34mcolcon.colcon_core.package_identification[0m [1;30mLevel 1[0m _identify(data/plant_views) by extension 'python'
[1.034s] [34mcolcon.colcon_core.package_identification[0m [1;30mLevel 1[0m _identify(data/plant_views) by extensions ['python_setup_py']
[1.035s] [34mcolcon.colcon_core.package_identification[0m [1;30mLevel 1[0m _identify(data/plant_views) by extension 'python_setup_py'
[1.035s] [34mcolcon.colcon_core.package_identification[0m [1;30mLevel 1[0m _identify(data/plant_views/plant_000) by extensions ['ignore', 'ignore_ament_install']
[1.035s] [34mcolcon.colcon_core.package_identification[0m [1;30mLevel 1[0m _identify(data/plant_views/plant_000) by extension 'ignore'
[1.036s] [34mcolcon.colcon_core.package_identification[0m [1;30mLevel 1[0m _identify(data/plant_views/plant_000) by extension 'ignore_ament_install'
[1.036s] [34mcolcon.colcon_core.package_identification[0m [1;30mLevel 1[0m _identify(data/plant_views/plant_000) by extensions ['colcon_pkg']
[1.036s] [34mcolcon.colcon_core.package_identification[0m [1;30mLevel 1[0m _identify(data/plant_views/plant_000) by extension 'colcon_pkg'
[1.037s] [34mcolcon.colcon_core.package_identification[0m [1;30mLevel 1[0m _identify(data/plant_views/plant_000) by extensions ['colcon_meta']
[1.037s] [34mcolcon.colcon_core.package_identification[0m [1;30mLevel 1[0m _identify(data/plant_views/plant_000) by extension 'colcon_meta'
[1.037s] [34mcolcon.colcon_core.package_identification[0m [1;30mLevel 1[0m _identify(data/plant_views/plant_000) by extensions ['ros']
[1.037s] [34mcolcon.colcon_core.package_identification[0m [1;30mLevel 1[0m _identify(data/plant_views/plant_000) by extension 'ros'
[1.038s] [34mcolcon.colcon_core.package_identification[0m [1;30mLevel 1[0m _identify(data/plant_views/plant_000) by extensions ['cmake', 'python']
[1.038s] [34mcolcon.colcon_core.package_identification[0m [1;30mLevel 1[0m _identify(data/plant_views/plant_000) by extension 'cmake'
[1.038s] [34mcolcon.colcon_core.package_identification[0m [1;30mLevel 1[0m _identify(data/plant_views/plant_000) by extension 'python'
[1.039s] [34mcolcon.colcon_core.package_identification[0m [1;30mLevel 1[0m _identify(data/plant_views/plant_000) by extensions ['python_setup_py']
[1.039s] [34mcolcon.colcon_core.package_identification[0m [1;30mLevel 1[0m _identify(data/plant_views/plant_000) by extension 'python_setup_py'
[1.039s] [34mcolcon.colcon_core.package_identification[0m [1;30mLevel 1[0m _identify(data/plant_views/plant_001) by extensions ['ignore', 'ignore_ament_install']
[1.040s] [34mcolcon.colcon_core.package_identification[0m [1;30mLevel 1[0m _identify(data/plant_views/plant_001) by extension 'ignore'
[1.040s] [34mcolcon.colcon_core.package_identification[0m [1;30mLevel 1[0m _identify(data/plant_views/plant_001) by extension 'ignore_ament_install'
[1.040s] [34mcolcon.colcon_core.package_identification[0m [1;30mLevel 1[0m _identify(data/plant_views/plant_001) by extensions ['colcon_pkg']
[1.040s] [34mcolcon.colcon_core.package_identification[0m [1;30mLevel 1[0m _identify(data/plant_views/plant_001) by extension 'colcon_pkg'
[1.040s] [34mcolcon.colcon_core.package_identification[0m [1;30mLevel 1[0m _identify(data/plant_views/plant_001) by extensions ['colcon_meta']
[1.041s] [34mcolcon.colcon_core.package_identification[0m [1;30mLevel 1[0m _identify(data/plant_views/plant_001) by extension 'colcon_meta'
[1.041s] [34mcolcon.colcon_core.package_identification[0m [1;30mLevel 1[0m _identify(data/plant_views/plant_001) by extensions ['ros']
[1.041s] [34mcolcon.colcon_core.package_identification[0m [1;30mLevel 1[0m _identify(data/plant_views/plant_001) by extension 'ros'
[1.041s] [34mcolcon.colcon_core.package_identification[0m [1;30mLevel 1[0m _identify(data/plant_views/plant_001) by extensions ['cmake', 'python']
[1.042s] [34mcolcon.colcon_core.package_identification[0m [1;30mLevel 1[0m _identify(data/plant_views/plant_001) by extension 'cmake'
[1.042s] [34mcolcon.colcon_core.package_identification[0m [1;30mLevel 1[0m _identify(data/plant_views/plant_001) by extension 'python'
[1.042s] [34mcolcon.colcon_core.package_identification[0m [1;30mLevel 1[0m _identify(data/plant_views/plant_001) by extensions ['python_setup_py']
[1.042s] [34mcolcon.colcon_core.package_identification[0m [1;30mLevel 1[0m _identify(data/plant_views/plant_001) by extension 'python_setup_py'
[1.043s] [34mcolcon.colcon_core.package_identification[0m [1;30mLevel 1[0m _identify(data/plant_views/plant_002) by extensions ['ignore', 'ignore_ament_install']
[1.043s] [34mcolcon.colcon_core.package_identification[0m [1;30mLevel 1[0m _identify(data/plant_views/plant_002) by extension 'ignore'
[1.043s] [34mcolcon.colcon_core.package_identification[0m [1;30mLevel 1[0m _identify(data/plant_views/plant_002) by extension 'ignore_ament_install'
[1.043s] [34mcolcon.colcon_core.package_identification[0m [1;30mLevel 1[0m _identify(data/plant_views/plant_002) by extensions ['colcon_pkg']
[1.043s] [34mcolcon.colcon_core.package_identification[0m [1;30mLevel 1[0m _identify(data/plant_views/plant_002) by extension 'colcon_pkg'
[1.044s] [34mcolcon.colcon_core.package_identification[0m [1;30mLevel 1[0m _identify(data/plant_views/plant_002) by extensions ['colcon_meta']
[1.044s] [34mcolcon.colcon_core.package_identification[0m [1;30mLevel 1[0m _identify(data/plant_views/plant_002) by extension 'colcon_meta'
[1.044s] [34mcolcon.colcon_core.package_identification[0m [1;30mLevel 1[0m _identify(data/plant_views/plant_002) by extensions ['ros']
[1.044s] [34mcolcon.colcon_core.package_identification[0m [1;30mLevel 1[0m _identify(data/plant_views/plant_002) by extension 'ros'
[1.044s] [34mcolcon.colcon_core.package_identification[0m [1;30mLevel 1[0m _identify(data/plant_views/plant_002) by extensions ['cmake', 'python']
[1.044s] [34mcolcon.colcon_core.package_identification[0m [1;30mLevel 1[0m _identify(data/plant_views/plant_002) by extension 'cmake'
[1.044s] [34mcolcon.colcon_core.package_identification[0m [1;30mLevel 1[0m _identify(data/plant_views/plant_002) by extension 'python'
[1.045s] [34mcolcon.colcon_core.package_identification[0m [1;30mLevel 1[0m _identify(data/plant_views/plant_002) by extensions ['python_setup_py']
[1.045s] [34mcolcon.colcon_core.package_identification[0m [1;30mLevel 1[0m _identify(data/plant_views/plant_002) by extension 'python_setup_py'
[1.045s] [34mcolcon.colcon_core.package_identification[0m [1;30mLevel 1[0m _identify(data/plant_views/plant_003) by extensions ['ignore', 'ignore_ament_install']
[1.045s] [34mcolcon.colcon_core.package_identification[0m [1;30mLevel 1[0m _identify(data/plant_views/plant_003) by extension 'ignore'
[1.045s] [34mcolcon.colcon_core.package_identification[0m [1;30mLevel 1[0m _identify(data/plant_views/plant_003) by extension 'ignore_ament_install'
[1.046s] [34mcolcon.colcon_core.package_identification[0m [1;30mLevel 1[0m _identify(data/plant_views/plant_003) by extensions ['colcon_pkg']
[1.046s] [34mcolcon.colcon_core.package_identification[0m [1;30mLevel 1[0m _identify(data/plant_views/plant_003) by extension 'colcon_pkg'
[1.046s] [34mcolcon.colcon_core.package_identification[0m [1;30mLevel 1[0m _identify(data/plant_views/plant_003) by extensions ['colcon_meta']
[1.046s] [34mcolcon.colcon_core.package_identification[0m [1;30mLevel 1[0m _identify(data/plant_views/plant_003) by extension 'colcon_meta'
[1.046s] [34mcolcon.colcon_core.package_identification[0m [1;30mLevel 1[0m _identify(data/plant_views/plant_003) by extensions ['ros']
[1.046s] [34mcolcon.colcon_core.package_identification[0m [1;30mLevel 1[0m _identify(data/plant_views/plant_003) by extension 'ros'
[1.046s] [34mcolcon.colcon_core.package_identification[0m [1;30mLevel 1[0m _identify(data/plant_views/plant_003) by extensions ['cmake', 'python']
[1.046s] [34mcolcon.colcon_core.package_identification[0m [1;30mLevel 1[0m _identify(data/plant_views/plant_003) by extension 'cmake'
[1.047s] [34mcolcon.colcon_core.package_identification[0m [1;30mLevel 1[0m _identify(data/plant_views/plant_003) by extension 'python'
[1.047s] [34mcolcon.colcon_core.package_identification[0m [1;30mLevel 1[0m _identify(data/plant_views/plant_003) by extensions ['python_setup_py']
[1.047s] [34mcolcon.colcon_core.package_identification[0m [1;30mLevel 1[0m _identify(data/plant_views/plant_003) by extension 'python_setup_py'
[1.047s] [34mcolcon.colcon_core.package_identification[0m [1;30mLevel 1[0m _identify(data/plant_views/plant_004) by extensions ['ignore', 'ignore_ament_install']
[1.048s] [34mcolcon.colcon_core.package_identification[0m [1;30mLevel 1[0m _identify(data/plant_views/plant_004) by extension 'ignore'
[1.048s] [34mcolcon.colcon_core.package_identification[0m [1;30mLevel 1[0m _identify(data/plant_views/plant_004) by extension 'ignore_ament_install'
[1.048s] [34mcolcon.colcon_core.package_identification[0m [1;30mLevel 1[0m _identify(data/plant_views/plant_004) by extensions ['colcon_pkg']
[1.048s] [34mcolcon.colcon_core.package_identification[0m [1;30mLevel 1[0m _identify(data/plant_views/plant_004) by extension 'colcon_pkg'
[1.048s] [34mcolcon.colcon_core.package_identification[0m [1;30mLevel 1[0m _identify(data/plant_views/plant_004) by extensions ['colcon_meta']
[1.048s] [34mcolcon.colcon_core.package_identification[0m [1;30mLevel 1[0m _identify(data/plant_views/plant_004) by extension 'colcon_meta'
[1.048s] [34mcolcon.colcon_core.package_identification[0m [1;30mLevel 1[0m _identify(data/plant_views/plant_004) by extensions ['ros']
[1.049s] [34mcolcon.colcon_core.package_identification[0m [1;30mLevel 1[0m _identify(data/plant_views/plant_004) by extension 'ros'
[1.049s] [34mcolcon.colcon_core.package_identification[0m [1;30mLevel 1[0m _identify(data/plant_views/plant_004) by extensions ['cmake', 'python']
[1.049s] [34mcolcon.colcon_core.package_identification[0m [1;30mLevel 1[0m _identify(data/plant_views/plant_004) by extension 'cmake'
[1.049s] [34mcolcon.colcon_core.package_identification[0m [1;30mLevel 1[0m _identify(data/plant_views/plant_004) by extension 'python'
[1.049s] [34mcolcon.colcon_core.package_identification[0m [1;30mLevel 1[0m _identify(data/plant_views/plant_004) by extensions ['python_setup_py']
[1.049s] [34mcolcon.colcon_core.package_identification[0m [1;30mLevel 1[0m _identify(data/plant_views/plant_004) by extension 'python_setup_py'
[1.050s] [34mcolcon.colcon_core.package_identification[0m [1;30mLevel 1[0m _identify(data/plant_views/plant_005) by extensions ['ignore', 'ignore_ament_install']
[1.050s] [34mcolcon.colcon_core.package_identification[0m [1;30mLevel 1[0m _identify(data/plant_views/plant_005) by extension 'ignore'
[1.050s] [34mcolcon.colcon_core.package_identification[0m [1;30mLevel 1[0m _identify(data/plant_views/plant_005) by extension 'ignore_ament_install'
[1.050s] [34mcolcon.colcon_core.package_identification[0m [1;30mLevel 1[0m _identify(data/plant_views/plant_005) by extensions ['colcon_pkg']
[1.051s] [34mcolcon.colcon_core.package_identification[0m [1;30mLevel 1[0m _identify(data/plant_views/plant_005) by extension 'colcon_pkg'
[1.051s] [34mcolcon.colcon_core.package_identification[0m [1;30mLevel 1[0m _identify(data/plant_views/plant_005) by extensions ['colcon_meta']
[1.051s] [34mcolcon.colcon_core.package_identification[0m [1;30mLevel 1[0m _identify(data/plant_views/plant_005) by extension 'colcon_meta'
[1.051s] [34mcolcon.colcon_core.package_identification[0m [1;30mLevel 1[0m _identify(data/plant_views/plant_005) by extensions ['ros']
[1.051s] [34mcolcon.colcon_core.package_identification[0m [1;30mLevel 1[0m _identify(data/plant_views/plant_005) by extension 'ros'
[1.051s] [34mcolcon.colcon_core.package_identification[0m [1;30mLevel 1[0m _identify(data/plant_views/plant_005) by extensions ['cmake', 'python']
[1.052s] [34mcolcon.colcon_core.package_identification[0m [1;30mLevel 1[0m _identify(data/plant_views/plant_005) by extension 'cmake'
[1.052s] [34mcolcon.colcon_core.package_identification[0m [1;30mLevel 1[0m _identify(data/plant_views/plant_005) by extension 'python'
[1.052s] [34mcolcon.colcon_core.package_identification[0m [1;30mLevel 1[0m _identify(data/plant_views/plant_005) by extensions ['python_setup_py']
[1.052s] [34mcolcon.colcon_core.package_identification[0m [1;30mLevel 1[0m _identify(data/plant_views/plant_005) by extension 'python_setup_py'
[1.053s] [34mcolcon.colcon_core.package_identification[0m [1;30mLevel 1[0m _identify(data/plant_views/plant_006) by extensions ['ignore', 'ignore_ament_install']
[1.053s] [34mcolcon.colcon_core.package_identification[0m [1;30mLevel 1[0m _identify(data/plant_views/plant_006) by extension 'ignore'
[1.053s] [34mcolcon.colcon_core.package_identification[0m [1;30mLevel 1[0m _identify(data/plant_views/plant_006) by extension 'ignore_ament_install'
[1.053s] [34mcolcon.colcon_core.package_identification[0m [1;30mLevel 1[0m _identify(data/plant_views/plant_006) by extensions ['colcon_pkg']
[1.053s] [34mcolcon.colcon_core.package_identification[0m [1;30mLevel 1[0m _identify(data/plant_views/plant_006) by extension 'colcon_pkg'
[1.053s] [34mcolcon.colcon_core.package_identification[0m [1;30mLevel 1[0m _identify(data/plant_views/plant_006) by extensions ['colcon_meta']
[1.054s] [34mcolcon.colcon_core.package_identification[0m [1;30mLevel 1[0m _identify(data/plant_views/plant_006) by extension 'colcon_meta'
[1.054s] [34mcolcon.colcon_core.package_identification[0m [1;30mLevel 1[0m _identify(data/plant_views/plant_006) by extensions ['ros']
[1.054s] [34mcolcon.colcon_core.package_identification[0m [1;30mLevel 1[0m _identify(data/plant_views/plant_006) by extension 'ros'
[1.054s] [34mcolcon.colcon_core.package_identification[0m [1;30mLevel 1[0m _identify(data/plant_views/plant_006) by extensions ['cmake', 'python']
[1.054s] [34mcolcon.colcon_core.package_identification[0m [1;30mLevel 1[0m _identify(data/plant_views/plant_006) by extension 'cmake'
[1.054s] [34mcolcon.colcon_core.package_identification[0m [1;30mLevel 1[0m _identify(data/plant_views/plant_006) by extension 'python'
[1.054s] [34mcolcon.colcon_core.package_identification[0m [1;30mLevel 1[0m _identify(data/plant_views/plant_006) by extensions ['python_setup_py']
[1.055s] [34mcolcon.colcon_core.package_identification[0m [1;30mLevel 1[0m _identify(data/plant_views/plant_006) by extension 'python_setup_py'
[1.055s] [34mcolcon.colcon_core.package_identification[0m [1;30mLevel 1[0m _identify(data/plant_views/plant_007) by extensions ['ignore', 'ignore_ament_install']
[1.055s] [34mcolcon.colcon_core.package_identification[0m [1;30mLevel 1[0m _identify(data/plant_views/plant_007) by extension 'ignore'
[1.055s] [34mcolcon.colcon_core.package_identification[0m [1;30mLevel 1[0m _identify(data/plant_views/plant_007) by extension 'ignore_ament_install'
[1.055s] [34mcolcon.colcon_core.package_identification[0m [1;30mLevel 1[0m _identify(data/plant_views/plant_007) by extensions ['colcon_pkg']
[1.055s] [34mcolcon.colcon_core.package_identification[0m [1;30mLevel 1[0m _identify(data/plant_views/plant_007) by extension 'colcon_pkg'
[1.055s] [34mcolcon.colcon_core.package_identification[0m [1;30mLevel 1[0m _identify(data/plant_views/plant_007) by extensions ['colcon_meta']
[1.055s] [34mcolcon.colcon_core.package_identification[0m [1;30mLevel 1[0m _identify(data/plant_views/plant_007) by extension 'colcon_meta'
[1.056s] [34mcolcon.colcon_core.package_identification[0m [1;30mLevel 1[0m _identify(data/plant_views/plant_007) by extensions ['ros']
[1.056s] [34mcolcon.colcon_core.package_identification[0m [1;30mLevel 1[0m _identify(data/plant_views/plant_007) by extension 'ros'
[1.056s] [34mcolcon.colcon_core.package_identification[0m [1;30mLevel 1[0m _identify(data/plant_views/plant_007) by extensions ['cmake', 'python']
[1.056s] [34mcolcon.colcon_core.package_identification[0m [1;30mLevel 1[0m _identify(data/plant_views/plant_007) by extension 'cmake'
[1.056s] [34mcolcon.colcon_core.package_identification[0m [1;30mLevel 1[0m _identify(data/plant_views/plant_007) by extension 'python'
[1.056s] [34mcolcon.colcon_core.package_identification[0m [1;30mLevel 1[0m _identify(data/plant_views/plant_007) by extensions ['python_setup_py']
[1.056s] [34mcolcon.colcon_core.package_identification[0m [1;30mLevel 1[0m _identify(data/plant_views/plant_007) by extension 'python_setup_py'
[1.056s] [34mcolcon.colcon_core.package_identification[0m [1;30mLevel 1[0m _identify(data/plant_views/plant_008) by extensions ['ignore', 'ignore_ament_install']
[1.056s] [34mcolcon.colcon_core.package_identification[0m [1;30mLevel 1[0m _identify(data/plant_views/plant_008) by extension 'ignore'
[1.056s] [34mcolcon.colcon_core.package_identification[0m [1;30mLevel 1[0m _identify(data/plant_views/plant_008) by extension 'ignore_ament_install'
[1.056s] [34mcolcon.colcon_core.package_identification[0m [1;30mLevel 1[0m _identify(data/plant_views/plant_008) by extensions ['colcon_pkg']
[1.057s] [34mcolcon.colcon_core.package_identification[0m [1;30mLevel 1[0m _identify(data/plant_views/plant_008) by extension 'colcon_pkg'
[1.057s] [34mcolcon.colcon_core.package_identification[0m [1;30mLevel 1[0m _identify(data/plant_views/plant_008) by extensions ['colcon_meta']
[1.057s] [34mcolcon.colcon_core.package_identification[0m [1;30mLevel 1[0m _identify(data/plant_views/plant_008) by extension 'colcon_meta'
[1.057s] [34mcolcon.colcon_core.package_identification[0m [1;30mLevel 1[0m _identify(data/plant_views/plant_008) by extensions ['ros']
[1.057s] [34mcolcon.colcon_core.package_identification[0m [1;30mLevel 1[0m _identify(data/plant_views/plant_008) by extension 'ros'
[1.057s] [34mcolcon.colcon_core.package_identification[0m [1;30mLevel 1[0m _identify(data/plant_views/plant_008) by extensions ['cmake', 'python']
[1.057s] [34mcolcon.colcon_core.package_identification[0m [1;30mLevel 1[0m _identify(data/plant_views/plant_008) by extension 'cmake'
[1.058s] [34mcolcon.colcon_core.package_identification[0m [1;30mLevel 1[0m _identify(data/plant_views/plant_008) by extension 'python'
[1.058s] [34mcolcon.colcon_core.package_identification[0m [1;30mLevel 1[0m _identify(data/plant_views/plant_008) by extensions ['python_setup_py']
[1.058s] [34mcolcon.colcon_core.package_identification[0m [1;30mLevel 1[0m _identify(data/plant_views/plant_008) by extension 'python_setup_py'
[1.059s] [34mcolcon.colcon_core.package_identification[0m [1;30mLevel 1[0m _identify(data/plant_views/plant_009) by extensions ['ignore', 'ignore_ament_install']
[1.059s] [34mcolcon.colcon_core.package_identification[0m [1;30mLevel 1[0m _identify(data/plant_views/plant_009) by extension 'ignore'
[1.059s] [34mcolcon.colcon_core.package_identification[0m [1;30mLevel 1[0m _identify(data/plant_views/plant_009) by extension 'ignore_ament_install'
[1.060s] [34mcolcon.colcon_core.package_identification[0m [1;30mLevel 1[0m _identify(data/plant_views/plant_009) by extensions ['colcon_pkg']
[1.060s] [34mcolcon.colcon_core.package_identification[0m [1;30mLevel 1[0m _identify(data/plant_views/plant_009) by extension 'colcon_pkg'
[1.060s] [34mcolcon.colcon_core.package_identification[0m [1;30mLevel 1[0m _identify(data/plant_views/plant_009) by extensions ['colcon_meta']
[1.060s] [34mcolcon.colcon_core.package_identification[0m [1;30mLevel 1[0m _identify(data/plant_views/plant_009) by extension 'colcon_meta'
[1.060s] [34mcolcon.colcon_core.package_identification[0m [1;30mLevel 1[0m _identify(data/plant_views/plant_009) by extensions ['ros']
[1.060s] [34mcolcon.colcon_core.package_identification[0m [1;30mLevel 1[0m _identify(data/plant_views/plant_009) by extension 'ros'
[1.060s] [34mcolcon.colcon_core.package_identification[0m [1;30mLevel 1[0m _identify(data/plant_views/plant_009) by extensions ['cmake', 'python']
[1.061s] [34mcolcon.colcon_core.package_identification[0m [1;30mLevel 1[0m _identify(data/plant_views/plant_009) by extension 'cmake'
[1.061s] [34mcolcon.colcon_core.package_identification[0m [1;30mLevel 1[0m _identify(data/plant_views/plant_009) by extension 'python'
[1.061s] [34mcolcon.colcon_core.package_identification[0m [1;30mLevel 1[0m _identify(data/plant_views/plant_009) by extensions ['python_setup_py']
[1.061s] [34mcolcon.colcon_core.package_identification[0m [1;30mLevel 1[0m _identify(data/plant_views/plant_009) by extension 'python_setup_py'
[1.061s] [34mcolcon.colcon_core.package_identification[0m [1;30mLevel 1[0m _identify(data/plant_views/plant_010) by extensions ['ignore', 'ignore_ament_install']
[1.062s] [34mcolcon.colcon_core.package_identification[0m [1;30mLevel 1[0m _identify(data/plant_views/plant_010) by extension 'ignore'
[1.062s] [34mcolcon.colcon_core.package_identification[0m [1;30mLevel 1[0m _identify(data/plant_views/plant_010) by extension 'ignore_ament_install'
[1.062s] [34mcolcon.colcon_core.package_identification[0m [1;30mLevel 1[0m _identify(data/plant_views/plant_010) by extensions ['colcon_pkg']
[1.062s] [34mcolcon.colcon_core.package_identification[0m [1;30mLevel 1[0m _identify(data/plant_views/plant_010) by extension 'colcon_pkg'
[1.062s] [34mcolcon.colcon_core.package_identification[0m [1;30mLevel 1[0m _identify(data/plant_views/plant_010) by extensions ['colcon_meta']
[1.062s] [34mcolcon.colcon_core.package_identification[0m [1;30mLevel 1[0m _identify(data/plant_views/plant_010) by extension 'colcon_meta'
[1.062s] [34mcolcon.colcon_core.package_identification[0m [1;30mLevel 1[0m _identify(data/plant_views/plant_010) by extensions ['ros']
[1.062s] [34mcolcon.colcon_core.package_identification[0m [1;30mLevel 1[0m _identify(data/plant_views/plant_010) by extension 'ros'
[1.063s] [34mcolcon.colcon_core.package_identification[0m [1;30mLevel 1[0m _identify(data/plant_views/plant_010) by extensions ['cmake', 'python']
[1.063s] [34mcolcon.colcon_core.package_identification[0m [1;30mLevel 1[0m _identify(data/plant_views/plant_010) by extension 'cmake'
[1.063s] [34mcolcon.colcon_core.package_identification[0m [1;30mLevel 1[0m _identify(data/plant_views/plant_010) by extension 'python'
[1.063s] [34mcolcon.colcon_core.package_identification[0m [1;30mLevel 1[0m _identify(data/plant_views/plant_010) by extensions ['python_setup_py']
[1.063s] [34mcolcon.colcon_core.package_identification[0m [1;30mLevel 1[0m _identify(data/plant_views/plant_010) by extension 'python_setup_py'
[1.063s] [34mcolcon.colcon_core.package_identification[0m [1;30mLevel 1[0m _identify(data/plant_views/plant_011) by extensions ['ignore', 'ignore_ament_install']
[1.064s] [34mcolcon.colcon_core.package_identification[0m [1;30mLevel 1[0m _identify(data/plant_views/plant_011) by extension 'ignore'
[1.064s] [34mcolcon.colcon_core.package_identification[0m [1;30mLevel 1[0m _identify(data/plant_views/plant_011) by extension 'ignore_ament_install'
[1.064s] [34mcolcon.colcon_core.package_identification[0m [1;30mLevel 1[0m _identify(data/plant_views/plant_011) by extensions ['colcon_pkg']
[1.064s] [34mcolcon.colcon_core.package_identification[0m [1;30mLevel 1[0m _identify(data/plant_views/plant_011) by extension 'colcon_pkg'
[1.064s] [34mcolcon.colcon_core.package_identification[0m [1;30mLevel 1[0m _identify(data/plant_views/plant_011) by extensions ['colcon_meta']
[1.064s] [34mcolcon.colcon_core.package_identification[0m [1;30mLevel 1[0m _identify(data/plant_views/plant_011) by extension 'colcon_meta'
[1.064s] [34mcolcon.colcon_core.package_identification[0m [1;30mLevel 1[0m _identify(data/plant_views/plant_011) by extensions ['ros']
[1.064s] [34mcolcon.colcon_core.package_identification[0m [1;30mLevel 1[0m _identify(data/plant_views/plant_011) by extension 'ros'
[1.064s] [34mcolcon.colcon_core.package_identification[0m [1;30mLevel 1[0m _identify(data/plant_views/plant_011) by extensions ['cmake', 'python']
[1.065s] [34mcolcon.colcon_core.package_identification[0m [1;30mLevel 1[0m _identify(data/plant_views/plant_011) by extension 'cmake'
[1.065s] [34mcolcon.colcon_core.package_identification[0m [1;30mLevel 1[0m _identify(data/plant_views/plant_011) by extension 'python'
[1.065s] [34mcolcon.colcon_core.package_identification[0m [1;30mLevel 1[0m _identify(data/plant_views/plant_011) by extensions ['python_setup_py']
[1.065s] [34mcolcon.colcon_core.package_identification[0m [1;30mLevel 1[0m _identify(data/plant_views/plant_011) by extension 'python_setup_py'
[1.065s] [34mcolcon.colcon_core.package_identification[0m [1;30mLevel 1[0m _identify(data/plant_views/plant_012) by extensions ['ignore', 'ignore_ament_install']
[1.065s] [34mcolcon.colcon_core.package_identification[0m [1;30mLevel 1[0m _identify(data/plant_views/plant_012) by extension 'ignore'
[1.066s] [34mcolcon.colcon_core.package_identification[0m [1;30mLevel 1[0m _identify(data/plant_views/plant_012) by extension 'ignore_ament_install'
[1.066s] [34mcolcon.colcon_core.package_identification[0m [1;30mLevel 1[0m _identify(data/plant_views/plant_012) by extensions ['colcon_pkg']
[1.066s] [34mcolcon.colcon_core.package_identification[0m [1;30mLevel 1[0m _identify(data/plant_views/plant_012) by extension 'colcon_pkg'
[1.066s] [34mcolcon.colcon_core.package_identification[0m [1;30mLevel 1[0m _identify(data/plant_views/plant_012) by extensions ['colcon_meta']
[1.066s] [34mcolcon.colcon_core.package_identification[0m [1;30mLevel 1[0m _identify(data/plant_views/plant_012) by extension 'colcon_meta'
[1.066s] [34mcolcon.colcon_core.package_identification[0m [1;30mLevel 1[0m _identify(data/plant_views/plant_012) by extensions ['ros']
[1.066s] [34mcolcon.colcon_core.package_identification[0m [1;30mLevel 1[0m _identify(data/plant_views/plant_012) by extension 'ros'
[1.067s] [34mcolcon.colcon_core.package_identification[0m [1;30mLevel 1[0m _identify(data/plant_views/plant_012) by extensions ['cmake', 'python']
[1.067s] [34mcolcon.colcon_core.package_identification[0m [1;30mLevel 1[0m _identify(data/plant_views/plant_012) by extension 'cmake'
[1.067s] [34mcolcon.colcon_core.package_identification[0m [1;30mLevel 1[0m _identify(data/plant_views/plant_012) by extension 'python'
[1.067s] [34mcolcon.colcon_core.package_identification[0m [1;30mLevel 1[0m _identify(data/plant_views/plant_012) by extensions ['python_setup_py']
[1.067s] [34mcolcon.colcon_core.package_identification[0m [1;30mLevel 1[0m _identify(data/plant_views/plant_012) by extension 'python_setup_py'
[1.067s] [34mcolcon.colcon_core.package_identification[0m [1;30mLevel 1[0m _identify(data/plant_views/plant_013) by extensions ['ignore', 'ignore_ament_install']
[1.067s] [34mcolcon.colcon_core.package_identification[0m [1;30mLevel 1[0m _identify(data/plant_views/plant_013) by extension 'ignore'
[1.068s] [34mcolcon.colcon_core.package_identification[0m [1;30mLevel 1[0m _identify(data/plant_views/plant_013) by extension 'ignore_ament_install'
[1.068s] [34mcolcon.colcon_core.package_identification[0m [1;30mLevel 1[0m _identify(data/plant_views/plant_013) by extensions ['colcon_pkg']
[1.068s] [34mcolcon.colcon_core.package_identification[0m [1;30mLevel 1[0m _identify(data/plant_views/plant_013) by extension 'colcon_pkg'
[1.068s] [34mcolcon.colcon_core.package_identification[0m [1;30mLevel 1[0m _identify(data/plant_views/plant_013) by extensions ['colcon_meta']
[1.068s] [34mcolcon.colcon_core.package_identification[0m [1;30mLevel 1[0m _identify(data/plant_views/plant_013) by extension 'colcon_meta'
[1.068s] [34mcolcon.colcon_core.package_identification[0m [1;30mLevel 1[0m _identify(data/plant_views/plant_013) by extensions ['ros']
[1.068s] [34mcolcon.colcon_core.package_identification[0m [1;30mLevel 1[0m _identify(data/plant_views/plant_013) by extension 'ros'
[1.069s] [34mcolcon.colcon_core.package_identification[0m [1;30mLevel 1[0m _identify(data/plant_views/plant_013) by extensions ['cmake', 'python']
[1.069s] [34mcolcon.colcon_core.package_identification[0m [1;30mLevel 1[0m _identify(data/plant_views/plant_013) by extension 'cmake'
[1.069s] [34mcolcon.colcon_core.package_identification[0m [1;30mLevel 1[0m _identify(data/plant_views/plant_013) by extension 'python'
[1.069s] [34mcolcon.colcon_core.package_identification[0m [1;30mLevel 1[0m _identify(data/plant_views/plant_013) by extensions ['python_setup_py']
[1.069s] [34mcolcon.colcon_core.package_identification[0m [1;30mLevel 1[0m _identify(data/plant_views/plant_013) by extension 'python_setup_py'
[1.070s] [34mcolcon.colcon_core.package_identification[0m [1;30mLevel 1[0m _identify(data/plant_views/plant_014) by extensions ['ignore', 'ignore_ament_install']
[1.070s] [34mcolcon.colcon_core.package_identification[0m [1;30mLevel 1[0m _identify(data/plant_views/plant_014) by extension 'ignore'
[1.070s] [34mcolcon.colcon_core.package_identification[0m [1;30mLevel 1[0m _identify(data/plant_views/plant_014) by extension 'ignore_ament_install'
[1.070s] [34mcolcon.colcon_core.package_identification[0m [1;30mLevel 1[0m _identify(data/plant_views/plant_014) by extensions ['colcon_pkg']
[1.071s] [34mcolcon.colcon_core.package_identification[0m [1;30mLevel 1[0m _identify(data/plant_views/plant_014) by extension 'colcon_pkg'
[1.071s] [34mcolcon.colcon_core.package_identification[0m [1;30mLevel 1[0m _identify(data/plant_views/plant_014) by extensions ['colcon_meta']
[1.071s] [34mcolcon.colcon_core.package_identification[0m [1;30mLevel 1[0m _identify(data/plant_views/plant_014) by extension 'colcon_meta'
[1.071s] [34mcolcon.colcon_core.package_identification[0m [1;30mLevel 1[0m _identify(data/plant_views/plant_014) by extensions ['ros']
[1.071s] [34mcolcon.colcon_core.package_identification[0m [1;30mLevel 1[0m _identify(data/plant_views/plant_014) by extension 'ros'
[1.071s] [34mcolcon.colcon_core.package_identification[0m [1;30mLevel 1[0m _identify(data/plant_views/plant_014) by extensions ['cmake', 'python']
[1.071s] [34mcolcon.colcon_core.package_identification[0m [1;30mLevel 1[0m _identify(data/plant_views/plant_014) by extension 'cmake'
[1.071s] [34mcolcon.colcon_core.package_identification[0m [1;30mLevel 1[0m _identify(data/plant_views/plant_014) by extension 'python'
[1.072s] [34mcolcon.colcon_core.package_identification[0m [1;30mLevel 1[0m _identify(data/plant_views/plant_014) by extensions ['python_setup_py']
[1.072s] [34mcolcon.colcon_core.package_identification[0m [1;30mLevel 1[0m _identify(data/plant_views/plant_014) by extension 'python_setup_py'
[1.072s] [34mcolcon.colcon_core.package_identification[0m [1;30mLevel 1[0m _identify(data/plant_views/plant_015) by extensions ['ignore', 'ignore_ament_install']
[1.072s] [34mcolcon.colcon_core.package_identification[0m [1;30mLevel 1[0m _identify(data/plant_views/plant_015) by extension 'ignore'
[1.072s] [34mcolcon.colcon_core.package_identification[0m [1;30mLevel 1[0m _identify(data/plant_views/plant_015) by extension 'ignore_ament_install'
[1.073s] [34mcolcon.colcon_core.package_identification[0m [1;30mLevel 1[0m _identify(data/plant_views/plant_015) by extensions ['colcon_pkg']
[1.073s] [34mcolcon.colcon_core.package_identification[0m [1;30mLevel 1[0m _identify(data/plant_views/plant_015) by extension 'colcon_pkg'
[1.073s] [34mcolcon.colcon_core.package_identification[0m [1;30mLevel 1[0m _identify(data/plant_views/plant_015) by extensions ['colcon_meta']
[1.073s] [34mcolcon.colcon_core.package_identification[0m [1;30mLevel 1[0m _identify(data/plant_views/plant_015) by extension 'colcon_meta'
[1.073s] [34mcolcon.colcon_core.package_identification[0m [1;30mLevel 1[0m _identify(data/plant_views/plant_015) by extensions ['ros']
[1.073s] [34mcolcon.colcon_core.package_identification[0m [1;30mLevel 1[0m _identify(data/plant_views/plant_015) by extension 'ros'
[1.074s] [34mcolcon.colcon_core.package_identification[0m [1;30mLevel 1[0m _identify(data/plant_views/plant_015) by extensions ['cmake', 'python']
[1.074s] [34mcolcon.colcon_core.package_identification[0m [1;30mLevel 1[0m _identify(data/plant_views/plant_015) by extension 'cmake'
[1.074s] [34mcolcon.colcon_core.package_identification[0m [1;30mLevel 1[0m _identify(data/plant_views/plant_015) by extension 'python'
[1.074s] [34mcolcon.colcon_core.package_identification[0m [1;30mLevel 1[0m _identify(data/plant_views/plant_015) by extensions ['python_setup_py']
[1.074s] [34mcolcon.colcon_core.package_identification[0m [1;30mLevel 1[0m _identify(data/plant_views/plant_015) by extension 'python_setup_py'
[1.074s] [34mcolcon.colcon_core.package_identification[0m [1;30mLevel 1[0m _identify(data/plant_views/plant_016) by extensions ['ignore', 'ignore_ament_install']
[1.075s] [34mcolcon.colcon_core.package_identification[0m [1;30mLevel 1[0m _identify(data/plant_views/plant_016) by extension 'ignore'
[1.075s] [34mcolcon.colcon_core.package_identification[0m [1;30mLevel 1[0m _identify(data/plant_views/plant_016) by extension 'ignore_ament_install'
[1.076s] [34mcolcon.colcon_core.package_identification[0m [1;30mLevel 1[0m _identify(data/plant_views/plant_016) by extensions ['colcon_pkg']
[1.076s] [34mcolcon.colcon_core.package_identification[0m [1;30mLevel 1[0m _identify(data/plant_views/plant_016) by extension 'colcon_pkg'
[1.076s] [34mcolcon.colcon_core.package_identification[0m [1;30mLevel 1[0m _identify(data/plant_views/plant_016) by extensions ['colcon_meta']
[1.076s] [34mcolcon.colcon_core.package_identification[0m [1;30mLevel 1[0m _identify(data/plant_views/plant_016) by extension 'colcon_meta'
[1.076s] [34mcolcon.colcon_core.package_identification[0m [1;30mLevel 1[0m _identify(data/plant_views/plant_016) by extensions ['ros']
[1.076s] [34mcolcon.colcon_core.package_identification[0m [1;30mLevel 1[0m _identify(data/plant_views/plant_016) by extension 'ros'
[1.077s] [34mcolcon.colcon_core.package_identification[0m [1;30mLevel 1[0m _identify(data/plant_views/plant_016) by extensions ['cmake', 'python']
[1.077s] [34mcolcon.colcon_core.package_identification[0m [1;30mLevel 1[0m _identify(data/plant_views/plant_016) by extension 'cmake'
[1.077s] [34mcolcon.colcon_core.package_identification[0m [1;30mLevel 1[0m _identify(data/plant_views/plant_016) by extension 'python'
[1.077s] [34mcolcon.colcon_core.package_identification[0m [1;30mLevel 1[0m _identify(data/plant_views/plant_016) by extensions ['python_setup_py']
[1.077s] [34mcolcon.colcon_core.package_identification[0m [1;30mLevel 1[0m _identify(data/plant_views/plant_016) by extension 'python_setup_py'
[1.078s] [34mcolcon.colcon_core.package_identification[0m [1;30mLevel 1[0m _identify(data/plant_views/plant_017) by extensions ['ignore', 'ignore_ament_install']
[1.078s] [34mcolcon.colcon_core.package_identification[0m [1;30mLevel 1[0m _identify(data/plant_views/plant_017) by extension 'ignore'
[1.078s] [34mcolcon.colcon_core.package_identification[0m [1;30mLevel 1[0m _identify(data/plant_views/plant_017) by extension 'ignore_ament_install'
[1.078s] [34mcolcon.colcon_core.package_identification[0m [1;30mLevel 1[0m _identify(data/plant_views/plant_017) by extensions ['colcon_pkg']
[1.078s] [34mcolcon.colcon_core.package_identification[0m [1;30mLevel 1[0m _identify(data/plant_views/plant_017) by extension 'colcon_pkg'
[1.078s] [34mcolcon.colcon_core.package_identification[0m [1;30mLevel 1[0m _identify(data/plant_views/plant_017) by extensions ['colcon_meta']
[1.078s] [34mcolcon.colcon_core.package_identification[0m [1;30mLevel 1[0m _identify(data/plant_views/plant_017) by extension 'colcon_meta'
[1.078s] [34mcolcon.colcon_core.package_identification[0m [1;30mLevel 1[0m _identify(data/plant_views/plant_017) by extensions ['ros']
[1.079s] [34mcolcon.colcon_core.package_identification[0m [1;30mLevel 1[0m _identify(data/plant_views/plant_017) by extension 'ros'
[1.079s] [34mcolcon.colcon_core.package_identification[0m [1;30mLevel 1[0m _identify(data/plant_views/plant_017) by extensions ['cmake', 'python']
[1.079s] [34mcolcon.colcon_core.package_identification[0m [1;30mLevel 1[0m _identify(data/plant_views/plant_017) by extension 'cmake'
[1.079s] [34mcolcon.colcon_core.package_identification[0m [1;30mLevel 1[0m _identify(data/plant_views/plant_017) by extension 'python'
[1.079s] [34mcolcon.colcon_core.package_identification[0m [1;30mLevel 1[0m _identify(data/plant_views/plant_017) by extensions ['python_setup_py']
[1.079s] [34mcolcon.colcon_core.package_identification[0m [1;30mLevel 1[0m _identify(data/plant_views/plant_017) by extension 'python_setup_py'
[1.080s] [34mcolcon.colcon_core.package_identification[0m [1;30mLevel 1[0m _identify(data/plant_views/plant_018) by extensions ['ignore', 'ignore_ament_install']
[1.087s] [34mcolcon.colcon_core.package_identification[0m [1;30mLevel 1[0m _identify(data/plant_views/plant_018) by extension 'ignore'
[1.092s] [34mcolcon.colcon_core.package_identification[0m [1;30mLevel 1[0m _identify(data/plant_views/plant_018) by extension 'ignore_ament_install'
[1.093s] [34mcolcon.colcon_core.package_identification[0m [1;30mLevel 1[0m _identify(data/plant_views/plant_018) by extensions ['colcon_pkg']
[1.093s] [34mcolcon.colcon_core.package_identification[0m [1;30mLevel 1[0m _identify(data/plant_views/plant_018) by extension 'colcon_pkg'
[1.097s] [34mcolcon.colcon_core.package_identification[0m [1;30mLevel 1[0m _identify(data/plant_views/plant_018) by extensions ['colcon_meta']
[1.098s] [34mcolcon.colcon_core.package_identification[0m [1;30mLevel 1[0m _identify(data/plant_views/plant_018) by extension 'colcon_meta'
[1.099s] [34mcolcon.colcon_core.package_identification[0m [1;30mLevel 1[0m _identify(data/plant_views/plant_018) by extensions ['ros']
[1.100s] [34mcolcon.colcon_core.package_identification[0m [1;30mLevel 1[0m _identify(data/plant_views/plant_018) by extension 'ros'
[1.100s] [34mcolcon.colcon_core.package_identification[0m [1;30mLevel 1[0m _identify(data/plant_views/plant_018) by extensions ['cmake', 'python']
[1.100s] [34mcolcon.colcon_core.package_identification[0m [1;30mLevel 1[0m _identify(data/plant_views/plant_018) by extension 'cmake'
[1.100s] [34mcolcon.colcon_core.package_identification[0m [1;30mLevel 1[0m _identify(data/plant_views/plant_018) by extension 'python'
[1.100s] [34mcolcon.colcon_core.package_identification[0m [1;30mLevel 1[0m _identify(data/plant_views/plant_018) by extensions ['python_setup_py']
[1.100s] [34mcolcon.colcon_core.package_identification[0m [1;30mLevel 1[0m _identify(data/plant_views/plant_018) by extension 'python_setup_py'
[1.100s] [34mcolcon.colcon_core.package_identification[0m [1;30mLevel 1[0m _identify(data/plant_views/plant_019) by extensions ['ignore', 'ignore_ament_install']
[1.101s] [34mcolcon.colcon_core.package_identification[0m [1;30mLevel 1[0m _identify(data/plant_views/plant_019) by extension 'ignore'
[1.104s] [34mcolcon.colcon_core.package_identification[0m [1;30mLevel 1[0m _identify(data/plant_views/plant_019) by extension 'ignore_ament_install'
[1.106s] [34mcolcon.colcon_core.package_identification[0m [1;30mLevel 1[0m _identify(data/plant_views/plant_019) by extensions ['colcon_pkg']
[1.106s] [34mcolcon.colcon_core.package_identification[0m [1;30mLevel 1[0m _identify(data/plant_views/plant_019) by extension 'colcon_pkg'
[1.108s] [34mcolcon.colcon_core.package_identification[0m [1;30mLevel 1[0m _identify(data/plant_views/plant_019) by extensions ['colcon_meta']
[1.108s] [34mcolcon.colcon_core.package_identification[0m [1;30mLevel 1[0m _identify(data/plant_views/plant_019) by extension 'colcon_meta'
[1.108s] [34mcolcon.colcon_core.package_identification[0m [1;30mLevel 1[0m _identify(data/plant_views/plant_019) by extensions ['ros']
[1.108s] [34mcolcon.colcon_core.package_identification[0m [1;30mLevel 1[0m _identify(data/plant_views/plant_019) by extension 'ros'
[1.108s] [34mcolcon.colcon_core.package_identification[0m [1;30mLevel 1[0m _identify(data/plant_views/plant_019) by extensions ['cmake', 'python']
[1.108s] [34mcolcon.colcon_core.package_identification[0m [1;30mLevel 1[0m _identify(data/plant_views/plant_019) by extension 'cmake'
[1.110s] [34mcolcon.colcon_core.package_identification[0m [1;30mLevel 1[0m _identify(data/plant_views/plant_019) by extension 'python'
[1.113s] [34mcolcon.colcon_core.package_identification[0m [1;30mLevel 1[0m _identify(data/plant_views/plant_019) by extensions ['python_setup_py']
[1.113s] [34mcolcon.colcon_core.package_identification[0m [1;30mLevel 1[0m _identify(data/plant_views/plant_019) by extension 'python_setup_py'
[1.114s] [34mcolcon.colcon_core.package_identification[0m [1;30mLevel 1[0m _identify(data/plant_views/plant_020) by extensions ['ignore', 'ignore_ament_install']
[1.114s] [34mcolcon.colcon_core.package_identification[0m [1;30mLevel 1[0m _identify(data/plant_views/plant_020) by extension 'ignore'
[1.114s] [34mcolcon.colcon_core.package_identification[0m [1;30mLevel 1[0m _identify(data/plant_views/plant_020) by extension 'ignore_ament_install'
[1.114s] [34mcolcon.colcon_core.package_identification[0m [1;30mLevel 1[0m _identify(data/plant_views/plant_020) by extensions ['colcon_pkg']
[1.114s] [34mcolcon.colcon_core.package_identification[0m [1;30mLevel 1[0m _identify(data/plant_views/plant_020) by extension 'colcon_pkg'
[1.114s] [34mcolcon.colcon_core.package_identification[0m [1;30mLevel 1[0m _identify(data/plant_views/plant_020) by extensions ['colcon_meta']
[1.114s] [34mcolcon.colcon_core.package_identification[0m [1;30mLevel 1[0m _identify(data/plant_views/plant_020) by extension 'colcon_meta'
[1.116s] [34mcolcon.colcon_core.package_identification[0m [1;30mLevel 1[0m _identify(data/plant_views/plant_020) by extensions ['ros']
[1.119s] [34mcolcon.colcon_core.package_identification[0m [1;30mLevel 1[0m _identify(data/plant_views/plant_020) by extension 'ros'
[1.123s] [34mcolcon.colcon_core.package_identification[0m [1;30mLevel 1[0m _identify(data/plant_views/plant_020) by extensions ['cmake', 'python']
[1.123s] [34mcolcon.colcon_core.package_identification[0m [1;30mLevel 1[0m _identify(data/plant_views/plant_020) by extension 'cmake'
[1.124s] [34mcolcon.colcon_core.package_identification[0m [1;30mLevel 1[0m _identify(data/plant_views/plant_020) by extension 'python'
[1.124s] [34mcolcon.colcon_core.package_identification[0m [1;30mLevel 1[0m _identify(data/plant_views/plant_020) by extensions ['python_setup_py']
[1.124s] [34mcolcon.colcon_core.package_identification[0m [1;30mLevel 1[0m _identify(data/plant_views/plant_020) by extension 'python_setup_py'
[1.124s] [34mcolcon.colcon_core.package_identification[0m [1;30mLevel 1[0m _identify(data/test_depth) by extensions ['ignore', 'ignore_ament_install']
[1.124s] [34mcolcon.colcon_core.package_identification[0m [1;30mLevel 1[0m _identify(data/test_depth) by extension 'ignore'
[1.126s] [34mcolcon.colcon_core.package_identification[0m [1;30mLevel 1[0m _identify(data/test_depth) by extension 'ignore_ament_install'
[1.127s] [34mcolcon.colcon_core.package_identification[0m [1;30mLevel 1[0m _identify(data/test_depth) by extensions ['colcon_pkg']
[1.127s] [34mcolcon.colcon_core.package_identification[0m [1;30mLevel 1[0m _identify(data/test_depth) by extension 'colcon_pkg'
[1.129s] [34mcolcon.colcon_core.package_identification[0m [1;30mLevel 1[0m _identify(data/test_depth) by extensions ['colcon_meta']
[1.130s] [34mcolcon.colcon_core.package_identification[0m [1;30mLevel 1[0m _identify(data/test_depth) by extension 'colcon_meta'
[1.132s] [34mcolcon.colcon_core.package_identification[0m [1;30mLevel 1[0m _identify(data/test_depth) by extensions ['ros']
[1.132s] [34mcolcon.colcon_core.package_identification[0m [1;30mLevel 1[0m _identify(data/test_depth) by extension 'ros'
[1.133s] [34mcolcon.colcon_core.package_identification[0m [1;30mLevel 1[0m _identify(data/test_depth) by extensions ['cmake', 'python']
[1.133s] [34mcolcon.colcon_core.package_identification[0m [1;30mLevel 1[0m _identify(data/test_depth) by extension 'cmake'
[1.133s] [34mcolcon.colcon_core.package_identification[0m [1;30mLevel 1[0m _identify(data/test_depth) by extension 'python'
[1.135s] [34mcolcon.colcon_core.package_identification[0m [1;30mLevel 1[0m _identify(data/test_depth) by extensions ['python_setup_py']
[1.135s] [34mcolcon.colcon_core.package_identification[0m [1;30mLevel 1[0m _identify(data/test_depth) by extension 'python_setup_py'
[1.135s] [34mcolcon.colcon_core.package_identification[0m [1;30mLevel 1[0m _identify(data/test_rgb) by extensions ['ignore', 'ignore_ament_install']
[1.135s] [34mcolcon.colcon_core.package_identification[0m [1;30mLevel 1[0m _identify(data/test_rgb) by extension 'ignore'
[1.136s] [34mcolcon.colcon_core.package_identification[0m [1;30mLevel 1[0m _identify(data/test_rgb) by extension 'ignore_ament_install'
[1.136s] [34mcolcon.colcon_core.package_identification[0m [1;30mLevel 1[0m _identify(data/test_rgb) by extensions ['colcon_pkg']
[1.136s] [34mcolcon.colcon_core.package_identification[0m [1;30mLevel 1[0m _identify(data/test_rgb) by extension 'colcon_pkg'
[1.136s] [34mcolcon.colcon_core.package_identification[0m [1;30mLevel 1[0m _identify(data/test_rgb) by extensions ['colcon_meta']
[1.136s] [34mcolcon.colcon_core.package_identification[0m [1;30mLevel 1[0m _identify(data/test_rgb) by extension 'colcon_meta'
[1.136s] [34mcolcon.colcon_core.package_identification[0m [1;30mLevel 1[0m _identify(data/test_rgb) by extensions ['ros']
[1.136s] [34mcolcon.colcon_core.package_identification[0m [1;30mLevel 1[0m _identify(data/test_rgb) by extension 'ros'
[1.137s] [34mcolcon.colcon_core.package_identification[0m [1;30mLevel 1[0m _identify(data/test_rgb) by extensions ['cmake', 'python']
[1.137s] [34mcolcon.colcon_core.package_identification[0m [1;30mLevel 1[0m _identify(data/test_rgb) by extension 'cmake'
[1.137s] [34mcolcon.colcon_core.package_identification[0m [1;30mLevel 1[0m _identify(data/test_rgb) by extension 'python'
[1.139s] [34mcolcon.colcon_core.package_identification[0m [1;30mLevel 1[0m _identify(data/test_rgb) by extensions ['python_setup_py']
[1.139s] [34mcolcon.colcon_core.package_identification[0m [1;30mLevel 1[0m _identify(data/test_rgb) by extension 'python_setup_py'
[1.139s] [34mcolcon.colcon_core.package_identification[0m [1;30mLevel 1[0m _identify(data/tools) by extensions ['ignore', 'ignore_ament_install']
[1.139s] [34mcolcon.colcon_core.package_identification[0m [1;30mLevel 1[0m _identify(data/tools) by extension 'ignore'
[1.140s] [34mcolcon.colcon_core.package_identification[0m [1;30mLevel 1[0m _identify(data/tools) by extension 'ignore_ament_install'
[1.140s] [34mcolcon.colcon_core.package_identification[0m [1;30mLevel 1[0m _identify(data/tools) by extensions ['colcon_pkg']
[1.140s] [34mcolcon.colcon_core.package_identification[0m [1;30mLevel 1[0m _identify(data/tools) by extension 'colcon_pkg'
[1.140s] [34mcolcon.colcon_core.package_identification[0m [1;30mLevel 1[0m _identify(data/tools) by extensions ['colcon_meta']
[1.141s] [34mcolcon.colcon_core.package_identification[0m [1;30mLevel 1[0m _identify(data/tools) by extension 'colcon_meta'
[1.141s] [34mcolcon.colcon_core.package_identification[0m [1;30mLevel 1[0m _identify(data/tools) by extensions ['ros']
[1.141s] [34mcolcon.colcon_core.package_identification[0m [1;30mLevel 1[0m _identify(data/tools) by extension 'ros'
[1.141s] [34mcolcon.colcon_core.package_identification[0m [1;30mLevel 1[0m _identify(data/tools) by extensions ['cmake', 'python']
[1.142s] [34mcolcon.colcon_core.package_identification[0m [1;30mLevel 1[0m _identify(data/tools) by extension 'cmake'
[1.142s] [34mcolcon.colcon_core.package_identification[0m [1;30mLevel 1[0m _identify(data/tools) by extension 'python'
[1.142s] [34mcolcon.colcon_core.package_identification[0m [1;30mLevel 1[0m _identify(data/tools) by extensions ['python_setup_py']
[1.142s] [34mcolcon.colcon_core.package_identification[0m [1;30mLevel 1[0m _identify(data/tools) by extension 'python_setup_py'
[1.142s] [34mcolcon.colcon_core.package_identification[0m [1;30mLevel 1[0m _identify(env) by extensions ['ignore', 'ignore_ament_install']
[1.142s] [34mcolcon.colcon_core.package_identification[0m [1;30mLevel 1[0m _identify(env) by extension 'ignore'
[1.142s] [34mcolcon.colcon_core.package_identification[0m [1;30mLevel 1[0m _identify(env) by extension 'ignore_ament_install'
[1.143s] [34mcolcon.colcon_core.package_identification[0m [1;30mLevel 1[0m _identify(env) by extensions ['colcon_pkg']
[1.143s] [34mcolcon.colcon_core.package_identification[0m [1;30mLevel 1[0m _identify(env) by extension 'colcon_pkg'
[1.143s] [34mcolcon.colcon_core.package_identification[0m [1;30mLevel 1[0m _identify(env) by extensions ['colcon_meta']
[1.143s] [34mcolcon.colcon_core.package_identification[0m [1;30mLevel 1[0m _identify(env) by extension 'colcon_meta'
[1.143s] [34mcolcon.colcon_core.package_identification[0m [1;30mLevel 1[0m _identify(env) by extensions ['ros']
[1.143s] [34mcolcon.colcon_core.package_identification[0m [1;30mLevel 1[0m _identify(env) by extension 'ros'
[1.143s] [34mcolcon.colcon_core.package_identification[0m [1;30mLevel 1[0m _identify(env) by extensions ['cmake', 'python']
[1.143s] [34mcolcon.colcon_core.package_identification[0m [1;30mLevel 1[0m _identify(env) by extension 'cmake'
[1.143s] [34mcolcon.colcon_core.package_identification[0m [1;30mLevel 1[0m _identify(env) by extension 'python'
[1.143s] [34mcolcon.colcon_core.package_identification[0m [1;30mLevel 1[0m _identify(env) by extensions ['python_setup_py']
[1.144s] [34mcolcon.colcon_core.package_identification[0m [1;30mLevel 1[0m _identify(env) by extension 'python_setup_py'
[1.144s] [34mcolcon.colcon_core.package_identification[0m [1;30mLevel 1[0m _identify(install) by extensions ['ignore', 'ignore_ament_install']
[1.144s] [34mcolcon.colcon_core.package_identification[0m [1;30mLevel 1[0m _identify(install) by extension 'ignore'
[1.144s] [34mcolcon.colcon_core.package_identification[0m [1;30mLevel 1[0m _identify(install) ignored
[1.144s] [34mcolcon.colcon_core.package_identification[0m [1;30mLevel 1[0m _identify(log) by extensions ['ignore', 'ignore_ament_install']
[1.145s] [34mcolcon.colcon_core.package_identification[0m [1;30mLevel 1[0m _identify(log) by extension 'ignore'
[1.145s] [34mcolcon.colcon_core.package_identification[0m [1;30mLevel 1[0m _identify(log) ignored
[1.145s] [34mcolcon.colcon_core.package_identification[0m [1;30mLevel 1[0m _identify(src) by extensions ['ignore', 'ignore_ament_install']
[1.145s] [34mcolcon.colcon_core.package_identification[0m [1;30mLevel 1[0m _identify(src) by extension 'ignore'
[1.145s] [34mcolcon.colcon_core.package_identification[0m [1;30mLevel 1[0m _identify(src) by extension 'ignore_ament_install'
[1.145s] [34mcolcon.colcon_core.package_identification[0m [1;30mLevel 1[0m _identify(src) by extensions ['colcon_pkg']
[1.145s] [34mcolcon.colcon_core.package_identification[0m [1;30mLevel 1[0m _identify(src) by extension 'colcon_pkg'
[1.145s] [34mcolcon.colcon_core.package_identification[0m [1;30mLevel 1[0m _identify(src) by extensions ['colcon_meta']
[1.145s] [34mcolcon.colcon_core.package_identification[0m [1;30mLevel 1[0m _identify(src) by extension 'colcon_meta'
[1.145s] [34mcolcon.colcon_core.package_identification[0m [1;30mLevel 1[0m _identify(src) by extensions ['ros']
[1.145s] [34mcolcon.colcon_core.package_identification[0m [1;30mLevel 1[0m _identify(src) by extension 'ros'
[1.146s] [34mcolcon.colcon_core.package_identification[0m [1;30mLevel 1[0m _identify(src) by extensions ['cmake', 'python']
[1.146s] [34mcolcon.colcon_core.package_identification[0m [1;30mLevel 1[0m _identify(src) by extension 'cmake'
[1.146s] [34mcolcon.colcon_core.package_identification[0m [1;30mLevel 1[0m _identify(src) by extension 'python'
[1.146s] [34mcolcon.colcon_core.package_identification[0m [1;30mLevel 1[0m _identify(src) by extensions ['python_setup_py']
[1.146s] [34mcolcon.colcon_core.package_identification[0m [1;30mLevel 1[0m _identify(src) by extension 'python_setup_py'
[1.146s] [34mcolcon.colcon_core.package_identification[0m [1;30mLevel 1[0m _identify(src/meca500_ros2) by extensions ['ignore', 'ignore_ament_install']
[1.146s] [34mcolcon.colcon_core.package_identification[0m [1;30mLevel 1[0m _identify(src/meca500_ros2) by extension 'ignore'
[1.147s] [34mcolcon.colcon_core.package_identification[0m [1;30mLevel 1[0m _identify(src/meca500_ros2) by extension 'ignore_ament_install'
[1.147s] [34mcolcon.colcon_core.package_identification[0m [1;30mLevel 1[0m _identify(src/meca500_ros2) by extensions ['colcon_pkg']
[1.147s] [34mcolcon.colcon_core.package_identification[0m [1;30mLevel 1[0m _identify(src/meca500_ros2) by extension 'colcon_pkg'
[1.147s] [34mcolcon.colcon_core.package_identification[0m [1;30mLevel 1[0m _identify(src/meca500_ros2) by extensions ['colcon_meta']
[1.147s] [34mcolcon.colcon_core.package_identification[0m [1;30mLevel 1[0m _identify(src/meca500_ros2) by extension 'colcon_meta'
[1.147s] [34mcolcon.colcon_core.package_identification[0m [1;30mLevel 1[0m _identify(src/meca500_ros2) by extensions ['ros']
[1.147s] [34mcolcon.colcon_core.package_identification[0m [1;30mLevel 1[0m _identify(src/meca500_ros2) by extension 'ros'
[1.156s] [34mcolcon.colcon_core.package_identification[0m [1;30mDEBUG[0m [32mPackage 'src/meca500_ros2' with type 'ros.ament_python' and name 'meca500_ros2'[0m
[1.157s] [34mcolcon.colcon_core.package_identification[0m [1;30mLevel 1[0m _identify(src/strawberry_bringup) by extensions ['ignore', 'ignore_ament_install']
[1.158s] [34mcolcon.colcon_core.package_identification[0m [1;30mLevel 1[0m _identify(src/strawberry_bringup) by extension 'ignore'
[1.159s] [34mcolcon.colcon_core.package_identification[0m [1;30mLevel 1[0m _identify(src/strawberry_bringup) by extension 'ignore_ament_install'
[1.159s] [34mcolcon.colcon_core.package_identification[0m [1;30mLevel 1[0m _identify(src/strawberry_bringup) by extensions ['colcon_pkg']
[1.159s] [34mcolcon.colcon_core.package_identification[0m [1;30mLevel 1[0m _identify(src/strawberry_bringup) by extension 'colcon_pkg'
[1.160s] [34mcolcon.colcon_core.package_identification[0m [1;30mLevel 1[0m _identify(src/strawberry_bringup) by extensions ['colcon_meta']
[1.160s] [34mcolcon.colcon_core.package_identification[0m [1;30mLevel 1[0m _identify(src/strawberry_bringup) by extension 'colcon_meta'
[1.160s] [34mcolcon.colcon_core.package_identification[0m [1;30mLevel 1[0m _identify(src/strawberry_bringup) by extensions ['ros']
[1.160s] [34mcolcon.colcon_core.package_identification[0m [1;30mLevel 1[0m _identify(src/strawberry_bringup) by extension 'ros'
[1.162s] [34mcolcon.colcon_core.package_identification[0m [1;30mDEBUG[0m [32mPackage 'src/strawberry_bringup' with type 'ros.ament_python' and name 'strawberry_bringup'[0m
[1.162s] [34mcolcon.colcon_core.package_identification[0m [1;30mLevel 1[0m _identify(src/strawberry_camera) by extensions ['ignore', 'ignore_ament_install']
[1.162s] [34mcolcon.colcon_core.package_identification[0m [1;30mLevel 1[0m _identify(src/strawberry_camera) by extension 'ignore'
[1.163s] [34mcolcon.colcon_core.package_identification[0m [1;30mLevel 1[0m _identify(src/strawberry_camera) by extension 'ignore_ament_install'
[1.163s] [34mcolcon.colcon_core.package_identification[0m [1;30mLevel 1[0m _identify(src/strawberry_camera) by extensions ['colcon_pkg']
[1.163s] [34mcolcon.colcon_core.package_identification[0m [1;30mLevel 1[0m _identify(src/strawberry_camera) by extension 'colcon_pkg'
[1.163s] [34mcolcon.colcon_core.package_identification[0m [1;30mLevel 1[0m _identify(src/strawberry_camera) by extensions ['colcon_meta']
[1.163s] [34mcolcon.colcon_core.package_identification[0m [1;30mLevel 1[0m _identify(src/strawberry_camera) by extension 'colcon_meta'
[1.163s] [34mcolcon.colcon_core.package_identification[0m [1;30mLevel 1[0m _identify(src/strawberry_camera) by extensions ['ros']
[1.163s] [34mcolcon.colcon_core.package_identification[0m [1;30mLevel 1[0m _identify(src/strawberry_camera) by extension 'ros'
[1.164s] [34mcolcon.colcon_core.package_identification[0m [1;30mDEBUG[0m [32mPackage 'src/strawberry_camera' with type 'ros.ament_python' and name 'strawberry_camera'[0m
[1.164s] [34mcolcon.colcon_core.package_identification[0m [1;30mLevel 1[0m _identify(src/strawberry_cluster) by extensions ['ignore', 'ignore_ament_install']
[1.165s] [34mcolcon.colcon_core.package_identification[0m [1;30mLevel 1[0m _identify(src/strawberry_cluster) by extension 'ignore'
[1.165s] [34mcolcon.colcon_core.package_identification[0m [1;30mLevel 1[0m _identify(src/strawberry_cluster) by extension 'ignore_ament_install'
[1.165s] [34mcolcon.colcon_core.package_identification[0m [1;30mLevel 1[0m _identify(src/strawberry_cluster) by extensions ['colcon_pkg']
[1.165s] [34mcolcon.colcon_core.package_identification[0m [1;30mLevel 1[0m _identify(src/strawberry_cluster) by extension 'colcon_pkg'
[1.165s] [34mcolcon.colcon_core.package_identification[0m [1;30mLevel 1[0m _identify(src/strawberry_cluster) by extensions ['colcon_meta']
[1.165s] [34mcolcon.colcon_core.package_identification[0m [1;30mLevel 1[0m _identify(src/strawberry_cluster) by extension 'colcon_meta'
[1.165s] [34mcolcon.colcon_core.package_identification[0m [1;30mLevel 1[0m _identify(src/strawberry_cluster) by extensions ['ros']
[1.165s] [34mcolcon.colcon_core.package_identification[0m [1;30mLevel 1[0m _identify(src/strawberry_cluster) by extension 'ros'
[1.167s] [34mcolcon.colcon_core.package_identification[0m [1;30mDEBUG[0m [32mPackage 'src/strawberry_cluster' with type 'ros.ament_python' and name 'strawberry_cluster'[0m
[1.169s] [34mcolcon.colcon_core.package_identification[0m [1;30mLevel 1[0m _identify(src/strawberry_msgs) by extensions ['ignore', 'ignore_ament_install']
[1.169s] [34mcolcon.colcon_core.package_identification[0m [1;30mLevel 1[0m _identify(src/strawberry_msgs) by extension 'ignore'
[1.169s] [34mcolcon.colcon_core.package_identification[0m [1;30mLevel 1[0m _identify(src/strawberry_msgs) by extension 'ignore_ament_install'
[1.169s] [34mcolcon.colcon_core.package_identification[0m [1;30mLevel 1[0m _identify(src/strawberry_msgs) by extensions ['colcon_pkg']
[1.169s] [34mcolcon.colcon_core.package_identification[0m [1;30mLevel 1[0m _identify(src/strawberry_msgs) by extension 'colcon_pkg'
[1.170s] [34mcolcon.colcon_core.package_identification[0m [1;30mLevel 1[0m _identify(src/strawberry_msgs) by extensions ['colcon_meta']
[1.170s] [34mcolcon.colcon_core.package_identification[0m [1;30mLevel 1[0m _identify(src/strawberry_msgs) by extension 'colcon_meta'
[1.170s] [34mcolcon.colcon_core.package_identification[0m [1;30mLevel 1[0m _identify(src/strawberry_msgs) by extensions ['ros']
[1.170s] [34mcolcon.colcon_core.package_identification[0m [1;30mLevel 1[0m _identify(src/strawberry_msgs) by extension 'ros'
[1.172s] [34mcolcon.colcon_core.package_identification[0m [1;30mDEBUG[0m [32mPackage 'src/strawberry_msgs' with type 'ros.ament_cmake' and name 'strawberry_msgs'[0m
[1.173s] [34mcolcon.colcon_core.package_identification[0m [1;30mLevel 1[0m _identify(src/strawberry_segmentation) by extensions ['ignore', 'ignore_ament_install']
[1.173s] [34mcolcon.colcon_core.package_identification[0m [1;30mLevel 1[0m _identify(src/strawberry_segmentation) by extension 'ignore'
[1.173s] [34mcolcon.colcon_core.package_identification[0m [1;30mLevel 1[0m _identify(src/strawberry_segmentation) by extension 'ignore_ament_install'
[1.174s] [34mcolcon.colcon_core.package_identification[0m [1;30mLevel 1[0m _identify(src/strawberry_segmentation) by extensions ['colcon_pkg']
[1.174s] [34mcolcon.colcon_core.package_identification[0m [1;30mLevel 1[0m _identify(src/strawberry_segmentation) by extension 'colcon_pkg'
[1.174s] [34mcolcon.colcon_core.package_identification[0m [1;30mLevel 1[0m _identify(src/strawberry_segmentation) by extensions ['colcon_meta']
[1.174s] [34mcolcon.colcon_core.package_identification[0m [1;30mLevel 1[0m _identify(src/strawberry_segmentation) by extension 'colcon_meta'
[1.174s] [34mcolcon.colcon_core.package_identification[0m [1;30mLevel 1[0m _identify(src/strawberry_segmentation) by extensions ['ros']
[1.174s] [34mcolcon.colcon_core.package_identification[0m [1;30mLevel 1[0m _identify(src/strawberry_segmentation) by extension 'ros'
[1.175s] [34mcolcon.colcon_core.package_identification[0m [1;30mDEBUG[0m [32mPackage 'src/strawberry_segmentation' with type 'ros.ament_python' and name 'strawberry_segmentation'[0m
[1.176s] [34mcolcon.colcon_core.package_identification[0m [1;30mLevel 1[0m _identify(src/strawberry_tools) by extensions ['ignore', 'ignore_ament_install']
[1.176s] [34mcolcon.colcon_core.package_identification[0m [1;30mLevel 1[0m _identify(src/strawberry_tools) by extension 'ignore'
[1.176s] [34mcolcon.colcon_core.package_identification[0m [1;30mLevel 1[0m _identify(src/strawberry_tools) by extension 'ignore_ament_install'
[1.177s] [34mcolcon.colcon_core.package_identification[0m [1;30mLevel 1[0m _identify(src/strawberry_tools) by extensions ['colcon_pkg']
[1.177s] [34mcolcon.colcon_core.package_identification[0m [1;30mLevel 1[0m _identify(src/strawberry_tools) by extension 'colcon_pkg'
[1.177s] [34mcolcon.colcon_core.package_identification[0m [1;30mLevel 1[0m _identify(src/strawberry_tools) by extensions ['colcon_meta']
[1.177s] [34mcolcon.colcon_core.package_identification[0m [1;30mLevel 1[0m _identify(src/strawberry_tools) by extension 'colcon_meta'
[1.177s] [34mcolcon.colcon_core.package_identification[0m [1;30mLevel 1[0m _identify(src/strawberry_tools) by extensions ['ros']
[1.177s] [34mcolcon.colcon_core.package_identification[0m [1;30mLevel 1[0m _identify(src/strawberry_tools) by extension 'ros'
[1.180s] [34mcolcon.colcon_core.package_identification[0m [1;30mDEBUG[0m [32mPackage 'src/strawberry_tools' with type 'ros.ament_python' and name 'strawberry_tools'[0m
[1.180s] [34mcolcon.colcon_core.package_discovery[0m [1;30mLevel 1[0m discover_packages(recursive) using defaults
[1.180s] [34mcolcon.colcon_core.package_discovery[0m [1;30mLevel 1[0m discover_packages(ignore) discover
[1.180s] [34mcolcon.colcon_core.package_discovery[0m [1;30mLevel 1[0m discover_packages(ignore) using defaults
[1.180s] [34mcolcon.colcon_core.package_discovery[0m [1;30mLevel 1[0m discover_packages(path) discover
[1.180s] [34mcolcon.colcon_core.package_discovery[0m [1;30mLevel 1[0m discover_packages(path) using defaults
[1.266s] [34mcolcon.colcon_core.package_discovery[0m [1;30mLevel 1[0m discover_packages(prefix_path) check parameters
[1.267s] [34mcolcon.colcon_core.package_discovery[0m [1;30mLevel 1[0m discover_packages(prefix_path) discover
[1.278s] [34mcolcon.colcon_installed_package_information.package_discovery[0m [1;30mDEBUG[0m [32mFound 7 installed packages in /home/parallels/Forschsemrep/strawberry_ws/install[0m
[1.285s] [34mcolcon.colcon_installed_package_information.package_discovery[0m [1;30mDEBUG[0m [32mFound 400 installed packages in /opt/ros/humble[0m
[1.289s] [34mcolcon.colcon_core.package_discovery[0m [1;30mLevel 1[0m discover_packages(prefix_path) using defaults
[1.397s] [34mcolcon.colcon_core.verb[0m [1;30mLevel 5[0m set package 'meca500_ros2' build argument 'cmake_args' from command line to 'None'
[1.398s] [34mcolcon.colcon_core.verb[0m [1;30mLevel 5[0m set package 'meca500_ros2' build argument 'cmake_target' from command line to 'None'
[1.398s] [34mcolcon.colcon_core.verb[0m [1;30mLevel 5[0m set package 'meca500_ros2' build argument 'cmake_target_skip_unavailable' from command line to 'False'
[1.398s] [34mcolcon.colcon_core.verb[0m [1;30mLevel 5[0m set package 'meca500_ros2' build argument 'cmake_clean_cache' from command line to 'False'
[1.398s] [34mcolcon.colcon_core.verb[0m [1;30mLevel 5[0m set package 'meca500_ros2' build argument 'cmake_clean_first' from command line to 'False'
[1.398s] [34mcolcon.colcon_core.verb[0m [1;30mLevel 5[0m set package 'meca500_ros2' build argument 'cmake_force_configure' from command line to 'False'
[1.398s] [34mcolcon.colcon_core.verb[0m [1;30mLevel 5[0m set package 'meca500_ros2' build argument 'ament_cmake_args' from command line to 'None'
[1.398s] [34mcolcon.colcon_core.verb[0m [1;30mLevel 5[0m set package 'meca500_ros2' build argument 'catkin_cmake_args' from command line to 'None'
[1.398s] [34mcolcon.colcon_core.verb[0m [1;30mLevel 5[0m set package 'meca500_ros2' build argument 'catkin_skip_building_tests' from command line to 'False'
[1.398s] [34mcolcon.colcon_core.verb[0m [1;30mDEBUG[0m [32mBuilding package 'meca500_ros2' with the following arguments: {'ament_cmake_args': None, 'build_base': '/home/parallels/Forschsemrep/strawberry_ws/build/meca500_ros2', 'catkin_cmake_args': None, 'catkin_skip_building_tests': False, 'cmake_args': None, 'cmake_clean_cache': False, 'cmake_clean_first': False, 'cmake_force_configure': False, 'cmake_target': None, 'cmake_target_skip_unavailable': False, 'install_base': '/home/parallels/Forschsemrep/strawberry_ws/install/meca500_ros2', 'merge_install': False, 'path': '/home/parallels/Forschsemrep/strawberry_ws/src/meca500_ros2', 'symlink_install': True, 'test_result_base': None}[0m
[1.399s] [34mcolcon.colcon_core.verb[0m [1;30mLevel 5[0m set package 'strawberry_camera' build argument 'cmake_args' from command line to 'None'
[1.400s] [34mcolcon.colcon_core.verb[0m [1;30mLevel 5[0m set package 'strawberry_camera' build argument 'cmake_target' from command line to 'None'
[1.400s] [34mcolcon.colcon_core.verb[0m [1;30mLevel 5[0m set package 'strawberry_camera' build argument 'cmake_target_skip_unavailable' from command line to 'False'
[1.400s] [34mcolcon.colcon_core.verb[0m [1;30mLevel 5[0m set package 'strawberry_camera' build argument 'cmake_clean_cache' from command line to 'False'
[1.400s] [34mcolcon.colcon_core.verb[0m [1;30mLevel 5[0m set package 'strawberry_camera' build argument 'cmake_clean_first' from command line to 'False'
[1.400s] [34mcolcon.colcon_core.verb[0m [1;30mLevel 5[0m set package 'strawberry_camera' build argument 'cmake_force_configure' from command line to 'False'
[1.400s] [34mcolcon.colcon_core.verb[0m [1;30mLevel 5[0m set package 'strawberry_camera' build argument 'ament_cmake_args' from command line to 'None'
[1.400s] [34mcolcon.colcon_core.verb[0m [1;30mLevel 5[0m set package 'strawberry_camera' build argument 'catkin_cmake_args' from command line to 'None'
[1.400s] [34mcolcon.colcon_core.verb[0m [1;30mLevel 5[0m set package 'strawberry_camera' build argument 'catkin_skip_building_tests' from command line to 'False'
[1.400s] [34mcolcon.colcon_core.verb[0m [1;30mDEBUG[0m [32mBuilding package 'strawberry_camera' with the following arguments: {'ament_cmake_args': None, 'build_base': '/home/parallels/Forschsemrep/strawberry_ws/build/strawberry_camera', 'catkin_cmake_args': None, 'catkin_skip_building_tests': False, 'cmake_args': None, 'cmake_clean_cache': False, 'cmake_clean_first': False, 'cmake_force_configure': False, 'cmake_target': None, 'cmake_target_skip_unavailable': False, 'install_base': '/home/parallels/Forschsemrep/strawberry_ws/install/strawberry_camera', 'merge_install': False, 'path': '/home/parallels/Forschsemrep/strawberry_ws/src/strawberry_camera', 'symlink_install': True, 'test_result_base': None}[0m
[1.401s] [34mcolcon.colcon_core.verb[0m [1;30mLevel 5[0m set package 'strawberry_cluster' build argument 'cmake_args' from command line to 'None'
[1.402s] [34mcolcon.colcon_core.verb[0m [1;30mLevel 5[0m set package 'strawberry_cluster' build argument 'cmake_target' from command line to 'None'
[1.402s] [34mcolcon.colcon_core.verb[0m [1;30mLevel 5[0m set package 'strawberry_cluster' build argument 'cmake_target_skip_unavailable' from command line to 'False'
[1.402s] [34mcolcon.colcon_core.verb[0m [1;30mLevel 5[0m set package 'strawberry_cluster' build argument 'cmake_clean_cache' from command line to 'False'
[1.402s] [34mcolcon.colcon_core.verb[0m [1;30mLevel 5[0m set package 'strawberry_cluster' build argument 'cmake_clean_first' from command line to 'False'
[1.402s] [34mcolcon.colcon_core.verb[0m [1;30mLevel 5[0m set package 'strawberry_cluster' build argument 'cmake_force_configure' from command line to 'False'
[1.402s] [34mcolcon.colcon_core.verb[0m [1;30mLevel 5[0m set package 'strawberry_cluster' build argument 'ament_cmake_args' from command line to 'None'
[1.402s] [34mcolcon.colcon_core.verb[0m [1;30mLevel 5[0m set package 'strawberry_cluster' build argument 'catkin_cmake_args' from command line to 'None'
[1.402s] [34mcolcon.colcon_core.verb[0m [1;30mLevel 5[0m set package 'strawberry_cluster' build argument 'catkin_skip_building_tests' from command line to 'False'
[1.402s] [34mcolcon.colcon_core.verb[0m [1;30mDEBUG[0m [32mBuilding package 'strawberry_cluster' with the following arguments: {'ament_cmake_args': None, 'build_base': '/home/parallels/Forschsemrep/strawberry_ws/build/strawberry_cluster', 'catkin_cmake_args': None, 'catkin_skip_building_tests': False, 'cmake_args': None, 'cmake_clean_cache': False, 'cmake_clean_first': False, 'cmake_force_configure': False, 'cmake_target': None, 'cmake_target_skip_unavailable': False, 'install_base': '/home/parallels/Forschsemrep/strawberry_ws/install/strawberry_cluster', 'merge_install': False, 'path': '/home/parallels/Forschsemrep/strawberry_ws/src/strawberry_cluster', 'symlink_install': True, 'test_result_base': None}[0m
[1.403s] [34mcolcon.colcon_core.verb[0m [1;30mLevel 5[0m set package 'strawberry_msgs' build argument 'cmake_args' from command line to 'None'
[1.403s] [34mcolcon.colcon_core.verb[0m [1;30mLevel 5[0m set package 'strawberry_msgs' build argument 'cmake_target' from command line to 'None'
[1.403s] [34mcolcon.colcon_core.verb[0m [1;30mLevel 5[0m set package 'strawberry_msgs' build argument 'cmake_target_skip_unavailable' from command line to 'False'
[1.403s] [34mcolcon.colcon_core.verb[0m [1;30mLevel 5[0m set package 'strawberry_msgs' build argument 'cmake_clean_cache' from command line to 'False'
[1.403s] [34mcolcon.colcon_core.verb[0m [1;30mLevel 5[0m set package 'strawberry_msgs' build argument 'cmake_clean_first' from command line to 'False'
[1.403s] [34mcolcon.colcon_core.verb[0m [1;30mLevel 5[0m set package 'strawberry_msgs' build argument 'cmake_force_configure' from command line to 'False'
[1.403s] [34mcolcon.colcon_core.verb[0m [1;30mLevel 5[0m set package 'strawberry_msgs' build argument 'ament_cmake_args' from command line to 'None'
[1.403s] [34mcolcon.colcon_core.verb[0m [1;30mLevel 5[0m set package 'strawberry_msgs' build argument 'catkin_cmake_args' from command line to 'None'
[1.403s] [34mcolcon.colcon_core.verb[0m [1;30mLevel 5[0m set package 'strawberry_msgs' build argument 'catkin_skip_building_tests' from command line to 'False'
[1.403s] [34mcolcon.colcon_core.verb[0m [1;30mDEBUG[0m [32mBuilding package 'strawberry_msgs' with the following arguments: {'ament_cmake_args': None, 'build_base': '/home/parallels/Forschsemrep/strawberry_ws/build/strawberry_msgs', 'catkin_cmake_args': None, 'catkin_skip_building_tests': False, 'cmake_args': None, 'cmake_clean_cache': False, 'cmake_clean_first': False, 'cmake_force_configure': False, 'cmake_target': None, 'cmake_target_skip_unavailable': False, 'install_base': '/home/parallels/Forschsemrep/strawberry_ws/install/strawberry_msgs', 'merge_install': False, 'path': '/home/parallels/Forschsemrep/strawberry_ws/src/strawberry_msgs', 'symlink_install': True, 'test_result_base': None}[0m
[1.404s] [34mcolcon.colcon_core.verb[0m [1;30mLevel 5[0m set package 'strawberry_segmentation' build argument 'cmake_args' from command line to 'None'
[1.404s] [34mcolcon.colcon_core.verb[0m [1;30mLevel 5[0m set package 'strawberry_segmentation' build argument 'cmake_target' from command line to 'None'
[1.404s] [34mcolcon.colcon_core.verb[0m [1;30mLevel 5[0m set package 'strawberry_segmentation' build argument 'cmake_target_skip_unavailable' from command line to 'False'
[1.404s] [34mcolcon.colcon_core.verb[0m [1;30mLevel 5[0m set package 'strawberry_segmentation' build argument 'cmake_clean_cache' from command line to 'False'
[1.404s] [34mcolcon.colcon_core.verb[0m [1;30mLevel 5[0m set package 'strawberry_segmentation' build argument 'cmake_clean_first' from command line to 'False'
[1.404s] [34mcolcon.colcon_core.verb[0m [1;30mLevel 5[0m set package 'strawberry_segmentation' build argument 'cmake_force_configure' from command line to 'False'
[1.404s] [34mcolcon.colcon_core.verb[0m [1;30mLevel 5[0m set package 'strawberry_segmentation' build argument 'ament_cmake_args' from command line to 'None'
[1.404s] [34mcolcon.colcon_core.verb[0m [1;30mLevel 5[0m set package 'strawberry_segmentation' build argument 'catkin_cmake_args' from command line to 'None'
[1.404s] [34mcolcon.colcon_core.verb[0m [1;30mLevel 5[0m set package 'strawberry_segmentation' build argument 'catkin_skip_building_tests' from command line to 'False'
[1.405s] [34mcolcon.colcon_core.verb[0m [1;30mDEBUG[0m [32mBuilding package 'strawberry_segmentation' with the following arguments: {'ament_cmake_args': None, 'build_base': '/home/parallels/Forschsemrep/strawberry_ws/build/strawberry_segmentation', 'catkin_cmake_args': None, 'catkin_skip_building_tests': False, 'cmake_args': None, 'cmake_clean_cache': False, 'cmake_clean_first': False, 'cmake_force_configure': False, 'cmake_target': None, 'cmake_target_skip_unavailable': False, 'install_base': '/home/parallels/Forschsemrep/strawberry_ws/install/strawberry_segmentation', 'merge_install': False, 'path': '/home/parallels/Forschsemrep/strawberry_ws/src/strawberry_segmentation', 'symlink_install': True, 'test_result_base': None}[0m
[1.405s] [34mcolcon.colcon_core.verb[0m [1;30mLevel 5[0m set package 'strawberry_bringup' build argument 'cmake_args' from command line to 'None'
[1.405s] [34mcolcon.colcon_core.verb[0m [1;30mLevel 5[0m set package 'strawberry_bringup' build argument 'cmake_target' from command line to 'None'
[1.405s] [34mcolcon.colcon_core.verb[0m [1;30mLevel 5[0m set package 'strawberry_bringup' build argument 'cmake_target_skip_unavailable' from command line to 'False'
[1.405s] [34mcolcon.colcon_core.verb[0m [1;30mLevel 5[0m set package 'strawberry_bringup' build argument 'cmake_clean_cache' from command line to 'False'
[1.405s] [34mcolcon.colcon_core.verb[0m [1;30mLevel 5[0m set package 'strawberry_bringup' build argument 'cmake_clean_first' from command line to 'False'
[1.405s] [34mcolcon.colcon_core.verb[0m [1;30mLevel 5[0m set package 'strawberry_bringup' build argument 'cmake_force_configure' from command line to 'False'
[1.405s] [34mcolcon.colcon_core.verb[0m [1;30mLevel 5[0m set package 'strawberry_bringup' build argument 'ament_cmake_args' from command line to 'None'
[1.405s] [34mcolcon.colcon_core.verb[0m [1;30mLevel 5[0m set package 'strawberry_bringup' build argument 'catkin_cmake_args' from command line to 'None'
[1.405s] [34mcolcon.colcon_core.verb[0m [1;30mLevel 5[0m set package 'strawberry_bringup' build argument 'catkin_skip_building_tests' from command line to 'False'
[1.406s] [34mcolcon.colcon_core.verb[0m [1;30mDEBUG[0m [32mBuilding package 'strawberry_bringup' with the following arguments: {'ament_cmake_args': None, 'build_base': '/home/parallels/Forschsemrep/strawberry_ws/build/strawberry_bringup', 'catkin_cmake_args': None, 'catkin_skip_building_tests': False, 'cmake_args': None, 'cmake_clean_cache': False, 'cmake_clean_first': False, 'cmake_force_configure': False, 'cmake_target': None, 'cmake_target_skip_unavailable': False, 'install_base': '/home/parallels/Forschsemrep/strawberry_ws/install/strawberry_bringup', 'merge_install': False, 'path': '/home/parallels/Forschsemrep/strawberry_ws/src/strawberry_bringup', 'symlink_install': True, 'test_result_base': None}[0m
[1.406s] [34mcolcon.colcon_core.verb[0m [1;30mLevel 5[0m set package 'strawberry_tools' build argument 'cmake_args' from command line to 'None'
[1.406s] [34mcolcon.colcon_core.verb[0m [1;30mLevel 5[0m set package 'strawberry_tools' build argument 'cmake_target' from command line to 'None'
[1.406s] [34mcolcon.colcon_core.verb[0m [1;30mLevel 5[0m set package 'strawberry_tools' build argument 'cmake_target_skip_unavailable' from command line to 'False'
[1.407s] [34mcolcon.colcon_core.verb[0m [1;30mLevel 5[0m set package 'strawberry_tools' build argument 'cmake_clean_cache' from command line to 'False'
[1.407s] [34mcolcon.colcon_core.verb[0m [1;30mLevel 5[0m set package 'strawberry_tools' build argument 'cmake_clean_first' from command line to 'False'
[1.407s] [34mcolcon.colcon_core.verb[0m [1;30mLevel 5[0m set package 'strawberry_tools' build argument 'cmake_force_configure' from command line to 'False'
[1.407s] [34mcolcon.colcon_core.verb[0m [1;30mLevel 5[0m set package 'strawberry_tools' build argument 'ament_cmake_args' from command line to 'None'
[1.407s] [34mcolcon.colcon_core.verb[0m [1;30mLevel 5[0m set package 'strawberry_tools' build argument 'catkin_cmake_args' from command line to 'None'
[1.407s] [34mcolcon.colcon_core.verb[0m [1;30mLevel 5[0m set package 'strawberry_tools' build argument 'catkin_skip_building_tests' from command line to 'False'
[1.407s] [34mcolcon.colcon_core.verb[0m [1;30mDEBUG[0m [32mBuilding package 'strawberry_tools' with the following arguments: {'ament_cmake_args': None, 'build_base': '/home/parallels/Forschsemrep/strawberry_ws/build/strawberry_tools', 'catkin_cmake_args': None, 'catkin_skip_building_tests': False, 'cmake_args': None, 'cmake_clean_cache': False, 'cmake_clean_first': False, 'cmake_force_configure': False, 'cmake_target': None, 'cmake_target_skip_unavailable': False, 'install_base': '/home/parallels/Forschsemrep/strawberry_ws/install/strawberry_tools', 'merge_install': False, 'path': '/home/parallels/Forschsemrep/strawberry_ws/src/strawberry_tools', 'symlink_install': True, 'test_result_base': None}[0m
[1.407s] [34mcolcon.colcon_core.executor[0m [1;30mINFO[0m Executing jobs using 'parallel' executor
[1.408s] [34mcolcon.colcon_parallel_executor.executor.parallel[0m [1;30mDEBUG[0m [32mrun_until_complete[0m
[1.409s] [34mcolcon.colcon_ros.task.ament_cmake.build[0m [1;30mINFO[0m Building ROS package in '/home/parallels/Forschsemrep/strawberry_ws/src/strawberry_msgs' with build type 'ament_cmake'
[1.409s] [34mcolcon.colcon_cmake.task.cmake.build[0m [1;30mINFO[0m Building CMake package in '/home/parallels/Forschsemrep/strawberry_ws/src/strawberry_msgs'
[1.417s] [34mcolcon.colcon_core.plugin_system[0m [1;30mINFO[0m Skipping extension 'colcon_core.shell.bat': Not used on non-Windows systems
[1.418s] [34mcolcon.colcon_core.shell[0m [1;30mINFO[0m Skip shell extension 'powershell' for command environment: Not usable outside of PowerShell
[1.418s] [34mcolcon.colcon_core.shell[0m [1;30mDEBUG[0m [32mSkip shell extension 'dsv' for command environment[0m
[1.432s] [34mcolcon.colcon_ros.task.ament_python.build[0m [1;30mINFO[0m Building ROS package in '/home/parallels/Forschsemrep/strawberry_ws/src/strawberry_camera' with build type 'ament_python'
[1.433s] [34mcolcon.colcon_core.shell[0m [1;30mLevel 1[0m create_environment_hook('strawberry_camera', 'ament_prefix_path')
[1.433s] [34mcolcon.colcon_core.shell[0m [1;30mINFO[0m Creating environment hook '/home/parallels/Forschsemrep/strawberry_ws/install/strawberry_camera/share/strawberry_camera/hook/ament_prefix_path.ps1'
[1.436s] [34mcolcon.colcon_core.shell[0m [1;30mINFO[0m Creating environment descriptor '/home/parallels/Forschsemrep/strawberry_ws/install/strawberry_camera/share/strawberry_camera/hook/ament_prefix_path.dsv'
[1.438s] [34mcolcon.colcon_core.shell[0m [1;30mINFO[0m Creating environment hook '/home/parallels/Forschsemrep/strawberry_ws/install/strawberry_camera/share/strawberry_camera/hook/ament_prefix_path.sh'
[1.441s] [34mcolcon.colcon_core.shell[0m [1;30mINFO[0m Skip shell extension 'powershell' for command environment: Not usable outside of PowerShell
[1.441s] [34mcolcon.colcon_core.shell[0m [1;30mDEBUG[0m [32mSkip shell extension 'dsv' for command environment[0m
[1.452s] [34mcolcon.colcon_ros.task.ament_python.build[0m [1;30mINFO[0m Building ROS package in '/home/parallels/Forschsemrep/strawberry_ws/src/strawberry_cluster' with build type 'ament_python'
[1.453s] [34mcolcon.colcon_core.shell[0m [1;30mLevel 1[0m create_environment_hook('strawberry_cluster', 'ament_prefix_path')
[1.454s] [34mcolcon.colcon_core.shell[0m [1;30mINFO[0m Creating environment hook '/home/parallels/Forschsemrep/strawberry_ws/install/strawberry_cluster/share/strawberry_cluster/hook/ament_prefix_path.ps1'
[1.455s] [34mcolcon.colcon_core.shell[0m [1;30mINFO[0m Creating environment descriptor '/home/parallels/Forschsemrep/strawberry_ws/install/strawberry_cluster/share/strawberry_cluster/hook/ament_prefix_path.dsv'
[1.456s] [34mcolcon.colcon_core.shell[0m [1;30mINFO[0m Creating environment hook '/home/parallels/Forschsemrep/strawberry_ws/install/strawberry_cluster/share/strawberry_cluster/hook/ament_prefix_path.sh'
[1.457s] [34mcolcon.colcon_core.shell[0m [1;30mINFO[0m Skip shell extension 'powershell' for command environment: Not usable outside of PowerShell
[1.457s] [34mcolcon.colcon_core.shell[0m [1;30mDEBUG[0m [32mSkip shell extension 'dsv' for command environment[0m
[1.464s] [34mcolcon.colcon_ros.task.ament_python.build[0m [1;30mINFO[0m Building ROS package in '/home/parallels/Forschsemrep/strawberry_ws/src/strawberry_segmentation' with build type 'ament_python'
[1.464s] [34mcolcon.colcon_core.shell[0m [1;30mLevel 1[0m create_environment_hook('strawberry_segmentation', 'ament_prefix_path')
[1.465s] [34mcolcon.colcon_core.shell[0m [1;30mINFO[0m Creating environment hook '/home/parallels/Forschsemrep/strawberry_ws/install/strawberry_segmentation/share/strawberry_segmentation/hook/ament_prefix_path.ps1'
[1.467s] [34mcolcon.colcon_core.shell[0m [1;30mINFO[0m Creating environment descriptor '/home/parallels/Forschsemrep/strawberry_ws/install/strawberry_segmentation/share/strawberry_segmentation/hook/ament_prefix_path.dsv'
[1.468s] [34mcolcon.colcon_core.shell[0m [1;30mINFO[0m Creating environment hook '/home/parallels/Forschsemrep/strawberry_ws/install/strawberry_segmentation/share/strawberry_segmentation/hook/ament_prefix_path.sh'
[1.470s] [34mcolcon.colcon_core.shell[0m [1;30mINFO[0m Skip shell extension 'powershell' for command environment: Not usable outside of PowerShell
[1.470s] [34mcolcon.colcon_core.shell[0m [1;30mDEBUG[0m [32mSkip shell extension 'dsv' for command environment[0m
[1.493s] [34mcolcon.colcon_core.event_handler.log_command[0m [1;30mDEBUG[0m [32mInvoking command in '/home/parallels/Forschsemrep/strawberry_ws/build/strawberry_msgs': CMAKE_PREFIX_PATH=${CMAKE_PREFIX_PATH}:/home/parallels/Forschsemrep/strawberry_ws/install/strawberry_tools:/home/parallels/Forschsemrep/strawberry_ws/install/strawberry_bringup:/home/parallels/Forschsemrep/strawberry_ws/install/strawberry_segmentation:/home/parallels/Forschsemrep/strawberry_ws/install/strawberry_cluster:/home/parallels/Forschsemrep/strawberry_ws/install/strawberry_camera:/home/parallels/Forschsemrep/strawberry_ws/install/meca500_ros2:/opt/ros/humble /usr/bin/cmake --build /home/parallels/Forschsemrep/strawberry_ws/build/strawberry_msgs -- -j4 -l4[0m
[2.684s] [34mcolcon.colcon_core.task.python.build[0m [1;30mINFO[0m Building Python package in '/home/parallels/Forschsemrep/strawberry_ws/src/strawberry_camera'
[2.684s] [34mcolcon.colcon_core.shell[0m [1;30mINFO[0m Skip shell extension 'powershell' for command environment: Not usable outside of PowerShell
[2.684s] [34mcolcon.colcon_core.shell[0m [1;30mDEBUG[0m [32mSkip shell extension 'dsv' for command environment[0m
[3.707s] [34mcolcon.colcon_core.task.python.build[0m [1;30mINFO[0m Building Python package in '/home/parallels/Forschsemrep/strawberry_ws/src/strawberry_cluster'
[3.711s] [34mcolcon.colcon_core.shell[0m [1;30mINFO[0m Skip shell extension 'powershell' for command environment: Not usable outside of PowerShell
[3.713s] [34mcolcon.colcon_core.shell[0m [1;30mDEBUG[0m [32mSkip shell extension 'dsv' for command environment[0m
[3.791s] [34mcolcon.colcon_core.event_handler.log_command[0m [1;30mDEBUG[0m [32mInvoked command in '/home/parallels/Forschsemrep/strawberry_ws/build/strawberry_msgs' returned '0': CMAKE_PREFIX_PATH=${CMAKE_PREFIX_PATH}:/home/parallels/Forschsemrep/strawberry_ws/install/strawberry_tools:/home/parallels/Forschsemrep/strawberry_ws/install/strawberry_bringup:/home/parallels/Forschsemrep/strawberry_ws/install/strawberry_segmentation:/home/parallels/Forschsemrep/strawberry_ws/install/strawberry_cluster:/home/parallels/Forschsemrep/strawberry_ws/install/strawberry_camera:/home/parallels/Forschsemrep/strawberry_ws/install/meca500_ros2:/opt/ros/humble /usr/bin/cmake --build /home/parallels/Forschsemrep/strawberry_ws/build/strawberry_msgs -- -j4 -l4[0m
[3.863s] [34mcolcon.colcon_core.event_handler.log_command[0m [1;30mDEBUG[0m [32mInvoking command in '/home/parallels/Forschsemrep/strawberry_ws/build/strawberry_msgs': CMAKE_PREFIX_PATH=${CMAKE_PREFIX_PATH}:/home/parallels/Forschsemrep/strawberry_ws/install/strawberry_tools:/home/parallels/Forschsemrep/strawberry_ws/install/strawberry_bringup:/home/parallels/Forschsemrep/strawberry_ws/install/strawberry_segmentation:/home/parallels/Forschsemrep/strawberry_ws/install/strawberry_cluster:/home/parallels/Forschsemrep/strawberry_ws/install/strawberry_camera:/home/parallels/Forschsemrep/strawberry_ws/install/meca500_ros2:/opt/ros/humble /usr/bin/cmake --install /home/parallels/Forschsemrep/strawberry_ws/build/strawberry_msgs[0m
[5.043s] [34mcolcon.colcon_core.task.python.build[0m [1;30mINFO[0m Building Python package in '/home/parallels/Forschsemrep/strawberry_ws/src/strawberry_segmentation'
[5.044s] [34mcolcon.colcon_core.shell[0m [1;30mINFO[0m Skip shell extension 'powershell' for command environment: Not usable outside of PowerShell
[5.044s] [34mcolcon.colcon_core.shell[0m [1;30mDEBUG[0m [32mSkip shell extension 'dsv' for command environment[0m
[5.127s] [34mcolcon.colcon_core.environment[0m [1;30mLevel 1[0m create_environment_scripts_only(strawberry_msgs)
[5.130s] [34mcolcon.colcon_core.event_handler.log_command[0m [1;30mDEBUG[0m [32mInvoked command in '/home/parallels/Forschsemrep/strawberry_ws/build/strawberry_msgs' returned '0': CMAKE_PREFIX_PATH=${CMAKE_PREFIX_PATH}:/home/parallels/Forschsemrep/strawberry_ws/install/strawberry_tools:/home/parallels/Forschsemrep/strawberry_ws/install/strawberry_bringup:/home/parallels/Forschsemrep/strawberry_ws/install/strawberry_segmentation:/home/parallels/Forschsemrep/strawberry_ws/install/strawberry_cluster:/home/parallels/Forschsemrep/strawberry_ws/install/strawberry_camera:/home/parallels/Forschsemrep/strawberry_ws/install/meca500_ros2:/opt/ros/humble /usr/bin/cmake --install /home/parallels/Forschsemrep/strawberry_ws/build/strawberry_msgs[0m
[5.151s] [34mcolcon.colcon_core.environment[0m [1;30mLevel 1[0m checking '/home/parallels/Forschsemrep/strawberry_ws/install/strawberry_msgs' for CMake module files
[5.153s] [34mcolcon.colcon_core.environment[0m [1;30mLevel 1[0m checking '/home/parallels/Forschsemrep/strawberry_ws/install/strawberry_msgs' for CMake config files
[5.159s] [34mcolcon.colcon_core.shell[0m [1;30mLevel 1[0m create_environment_hook('strawberry_msgs', 'cmake_prefix_path')
[5.159s] [34mcolcon.colcon_core.shell[0m [1;30mINFO[0m Creating environment hook '/home/parallels/Forschsemrep/strawberry_ws/install/strawberry_msgs/share/strawberry_msgs/hook/cmake_prefix_path.ps1'
[5.161s] [34mcolcon.colcon_core.shell[0m [1;30mINFO[0m Creating environment descriptor '/home/parallels/Forschsemrep/strawberry_ws/install/strawberry_msgs/share/strawberry_msgs/hook/cmake_prefix_path.dsv'
[5.165s] [34mcolcon.colcon_core.shell[0m [1;30mINFO[0m Creating environment hook '/home/parallels/Forschsemrep/strawberry_ws/install/strawberry_msgs/share/strawberry_msgs/hook/cmake_prefix_path.sh'
[5.169s] [34mcolcon.colcon_core.environment[0m [1;30mLevel 1[0m checking '/home/parallels/Forschsemrep/strawberry_ws/install/strawberry_msgs/lib'
[5.173s] [34mcolcon.colcon_core.shell[0m [1;30mLevel 1[0m create_environment_hook('strawberry_msgs', 'ld_library_path_lib')
[5.173s] [34mcolcon.colcon_core.shell[0m [1;30mINFO[0m Creating environment hook '/home/parallels/Forschsemrep/strawberry_ws/install/strawberry_msgs/share/strawberry_msgs/hook/ld_library_path_lib.ps1'
[5.174s] [34mcolcon.colcon_core.shell[0m [1;30mINFO[0m Creating environment descriptor '/home/parallels/Forschsemrep/strawberry_ws/install/strawberry_msgs/share/strawberry_msgs/hook/ld_library_path_lib.dsv'
[5.176s] [34mcolcon.colcon_core.shell[0m [1;30mINFO[0m Creating environment hook '/home/parallels/Forschsemrep/strawberry_ws/install/strawberry_msgs/share/strawberry_msgs/hook/ld_library_path_lib.sh'
[5.185s] [34mcolcon.colcon_core.environment[0m [1;30mLevel 1[0m checking '/home/parallels/Forschsemrep/strawberry_ws/install/strawberry_msgs/bin'
[5.186s] [34mcolcon.colcon_core.environment[0m [1;30mLevel 1[0m checking '/home/parallels/Forschsemrep/strawberry_ws/install/strawberry_msgs/lib/pkgconfig/strawberry_msgs.pc'
[5.189s] [34mcolcon.colcon_core.environment[0m [1;30mLevel 1[0m checking '/home/parallels/Forschsemrep/strawberry_ws/install/strawberry_msgs/lib/python3.10/site-packages'
[5.190s] [34mcolcon.colcon_core.environment[0m [1;30mLevel 1[0m checking '/home/parallels/Forschsemrep/strawberry_ws/install/strawberry_msgs/bin'
[5.191s] [34mcolcon.colcon_core.shell[0m [1;30mINFO[0m Creating package script '/home/parallels/Forschsemrep/strawberry_ws/install/strawberry_msgs/share/strawberry_msgs/package.ps1'
[5.199s] [34mcolcon.colcon_core.shell[0m [1;30mINFO[0m Creating package descriptor '/home/parallels/Forschsemrep/strawberry_ws/install/strawberry_msgs/share/strawberry_msgs/package.dsv'
[5.202s] [34mcolcon.colcon_core.shell[0m [1;30mINFO[0m Creating package script '/home/parallels/Forschsemrep/strawberry_ws/install/strawberry_msgs/share/strawberry_msgs/package.sh'
[5.210s] [34mcolcon.colcon_core.shell[0m [1;30mINFO[0m Creating package script '/home/parallels/Forschsemrep/strawberry_ws/install/strawberry_msgs/share/strawberry_msgs/package.bash'
[5.212s] [34mcolcon.colcon_core.shell[0m [1;30mINFO[0m Creating package script '/home/parallels/Forschsemrep/strawberry_ws/install/strawberry_msgs/share/strawberry_msgs/package.zsh'
[5.220s] [34mcolcon.colcon_core.environment[0m [1;30mLevel 1[0m create_file_with_runtime_dependencies(/home/parallels/Forschsemrep/strawberry_ws/install/strawberry_msgs/share/colcon-core/packages/strawberry_msgs)
[5.225s] [34mcolcon.colcon_core.environment[0m [1;30mLevel 1[0m create_environment_scripts_only(strawberry_msgs)
[5.226s] [34mcolcon.colcon_core.environment[0m [1;30mLevel 1[0m checking '/home/parallels/Forschsemrep/strawberry_ws/install/strawberry_msgs' for CMake module files
[5.231s] [34mcolcon.colcon_core.environment[0m [1;30mLevel 1[0m checking '/home/parallels/Forschsemrep/strawberry_ws/install/strawberry_msgs' for CMake config files
[5.232s] [34mcolcon.colcon_core.shell[0m [1;30mLevel 1[0m create_environment_hook('strawberry_msgs', 'cmake_prefix_path')
[5.233s] [34mcolcon.colcon_core.shell[0m [1;30mINFO[0m Creating environment hook '/home/parallels/Forschsemrep/strawberry_ws/install/strawberry_msgs/share/strawberry_msgs/hook/cmake_prefix_path.ps1'
[5.243s] [34mcolcon.colcon_core.shell[0m [1;30mINFO[0m Creating environment descriptor '/home/parallels/Forschsemrep/strawberry_ws/install/strawberry_msgs/share/strawberry_msgs/hook/cmake_prefix_path.dsv'
[5.244s] [34mcolcon.colcon_core.shell[0m [1;30mINFO[0m Creating environment hook '/home/parallels/Forschsemrep/strawberry_ws/install/strawberry_msgs/share/strawberry_msgs/hook/cmake_prefix_path.sh'
[5.248s] [34mcolcon.colcon_core.environment[0m [1;30mLevel 1[0m checking '/home/parallels/Forschsemrep/strawberry_ws/install/strawberry_msgs/lib'
[5.248s] [34mcolcon.colcon_core.shell[0m [1;30mLevel 1[0m create_environment_hook('strawberry_msgs', 'ld_library_path_lib')
[5.249s] [34mcolcon.colcon_core.shell[0m [1;30mINFO[0m Creating environment hook '/home/parallels/Forschsemrep/strawberry_ws/install/strawberry_msgs/share/strawberry_msgs/hook/ld_library_path_lib.ps1'
[5.251s] [34mcolcon.colcon_core.shell[0m [1;30mINFO[0m Creating environment descriptor '/home/parallels/Forschsemrep/strawberry_ws/install/strawberry_msgs/share/strawberry_msgs/hook/ld_library_path_lib.dsv'
[5.252s] [34mcolcon.colcon_core.shell[0m [1;30mINFO[0m Creating environment hook '/home/parallels/Forschsemrep/strawberry_ws/install/strawberry_msgs/share/strawberry_msgs/hook/ld_library_path_lib.sh'
[5.253s] [34mcolcon.colcon_core.environment[0m [1;30mLevel 1[0m checking '/home/parallels/Forschsemrep/strawberry_ws/install/strawberry_msgs/bin'
[5.254s] [34mcolcon.colcon_core.environment[0m [1;30mLevel 1[0m checking '/home/parallels/Forschsemrep/strawberry_ws/install/strawberry_msgs/lib/pkgconfig/strawberry_msgs.pc'
[5.255s] [34mcolcon.colcon_core.environment[0m [1;30mLevel 1[0m checking '/home/parallels/Forschsemrep/strawberry_ws/install/strawberry_msgs/lib/python3.10/site-packages'
[5.257s] [34mcolcon.colcon_core.environment[0m [1;30mLevel 1[0m checking '/home/parallels/Forschsemrep/strawberry_ws/install/strawberry_msgs/bin'
[5.258s] [34mcolcon.colcon_core.shell[0m [1;30mINFO[0m Creating package script '/home/parallels/Forschsemrep/strawberry_ws/install/strawberry_msgs/share/strawberry_msgs/package.ps1'
[5.262s] [34mcolcon.colcon_core.shell[0m [1;30mINFO[0m Creating package descriptor '/home/parallels/Forschsemrep/strawberry_ws/install/strawberry_msgs/share/strawberry_msgs/package.dsv'
[5.262s] [34mcolcon.colcon_core.shell[0m [1;30mINFO[0m Creating package script '/home/parallels/Forschsemrep/strawberry_ws/install/strawberry_msgs/share/strawberry_msgs/package.sh'
[5.264s] [34mcolcon.colcon_core.shell[0m [1;30mINFO[0m Creating package script '/home/parallels/Forschsemrep/strawberry_ws/install/strawberry_msgs/share/strawberry_msgs/package.bash'
[5.267s] [34mcolcon.colcon_core.shell[0m [1;30mINFO[0m Creating package script '/home/parallels/Forschsemrep/strawberry_ws/install/strawberry_msgs/share/strawberry_msgs/package.zsh'
[5.268s] [34mcolcon.colcon_core.environment[0m [1;30mLevel 1[0m create_file_with_runtime_dependencies(/home/parallels/Forschsemrep/strawberry_ws/install/strawberry_msgs/share/colcon-core/packages/strawberry_msgs)
[5.274s] [34mcolcon.colcon_ros.task.ament_python.build[0m [1;30mINFO[0m Building ROS package in '/home/parallels/Forschsemrep/strawberry_ws/src/meca500_ros2' with build type 'ament_python'
[5.274s] [34mcolcon.colcon_core.shell[0m [1;30mLevel 1[0m create_environment_hook('meca500_ros2', 'ament_prefix_path')
[5.275s] [34mcolcon.colcon_core.shell[0m [1;30mINFO[0m Creating environment hook '/home/parallels/Forschsemrep/strawberry_ws/install/meca500_ros2/share/meca500_ros2/hook/ament_prefix_path.ps1'
[5.276s] [34mcolcon.colcon_core.shell[0m [1;30mINFO[0m Creating environment descriptor '/home/parallels/Forschsemrep/strawberry_ws/install/meca500_ros2/share/meca500_ros2/hook/ament_prefix_path.dsv'
[5.277s] [34mcolcon.colcon_core.shell[0m [1;30mINFO[0m Creating environment hook '/home/parallels/Forschsemrep/strawberry_ws/install/meca500_ros2/share/meca500_ros2/hook/ament_prefix_path.sh'
[5.282s] [34mcolcon.colcon_core.shell[0m [1;30mINFO[0m Skip shell extension 'powershell' for command environment: Not usable outside of PowerShell
[5.282s] [34mcolcon.colcon_core.shell[0m [1;30mDEBUG[0m [32mSkip shell extension 'dsv' for command environment[0m
[6.427s] [34mcolcon.colcon_core.task.python.build[0m [1;30mINFO[0m Building Python package in '/home/parallels/Forschsemrep/strawberry_ws/src/meca500_ros2'
[6.428s] [34mcolcon.colcon_core.shell[0m [1;30mINFO[0m Skip shell extension 'powershell' for command environment: Not usable outside of PowerShell
[6.428s] [34mcolcon.colcon_core.shell[0m [1;30mDEBUG[0m [32mSkip shell extension 'dsv' for command environment[0m
[6.992s] [34mcolcon.colcon_core.event_handler.log_command[0m [1;30mDEBUG[0m [32mInvoking command in '/home/parallels/Forschsemrep/strawberry_ws/build/strawberry_segmentation': PYTHONPATH=/home/parallels/Forschsemrep/strawberry_ws/build/strawberry_segmentation/prefix_override:/usr/lib/python3/dist-packages/colcon_core/task/python/colcon_distutils_commands:/home/parallels/Forschsemrep/strawberry_ws/install/strawberry_segmentation/lib/python3.10/site-packages:${PYTHONPATH} /usr/bin/python3 -W ignore:setup.py install is deprecated -W ignore:easy_install command is deprecated setup.py develop --editable --build-directory /home/parallels/Forschsemrep/strawberry_ws/build/strawberry_segmentation/build --no-deps symlink_data[0m
[7.009s] [34mcolcon.colcon_core.event_handler.log_command[0m [1;30mDEBUG[0m [32mInvoking command in '/home/parallels/Forschsemrep/strawberry_ws/build/strawberry_camera': PYTHONPATH=/home/parallels/Forschsemrep/strawberry_ws/build/strawberry_camera/prefix_override:/usr/lib/python3/dist-packages/colcon_core/task/python/colcon_distutils_commands:/home/parallels/Forschsemrep/strawberry_ws/install/strawberry_camera/lib/python3.10/site-packages:${PYTHONPATH} /usr/bin/python3 -W ignore:setup.py install is deprecated -W ignore:easy_install command is deprecated setup.py develop --editable --build-directory /home/parallels/Forschsemrep/strawberry_ws/build/strawberry_camera/build --no-deps symlink_data[0m
[7.029s] [34mcolcon.colcon_core.event_handler.log_command[0m [1;30mDEBUG[0m [32mInvoking command in '/home/parallels/Forschsemrep/strawberry_ws/build/strawberry_cluster': PYTHONPATH=/home/parallels/Forschsemrep/strawberry_ws/build/strawberry_cluster/prefix_override:/usr/lib/python3/dist-packages/colcon_core/task/python/colcon_distutils_commands:/home/parallels/Forschsemrep/strawberry_ws/install/strawberry_cluster/lib/python3.10/site-packages:${PYTHONPATH} /usr/bin/python3 -W ignore:setup.py install is deprecated -W ignore:easy_install command is deprecated setup.py develop --editable --build-directory /home/parallels/Forschsemrep/strawberry_ws/build/strawberry_cluster/build --no-deps symlink_data[0m
[7.815s] [34mcolcon.colcon_core.event_handler.log_command[0m [1;30mDEBUG[0m [32mInvoking command in '/home/parallels/Forschsemrep/strawberry_ws/build/meca500_ros2': PYTHONPATH=/home/parallels/Forschsemrep/strawberry_ws/build/meca500_ros2/prefix_override:/usr/lib/python3/dist-packages/colcon_core/task/python/colcon_distutils_commands:/home/parallels/Forschsemrep/strawberry_ws/install/meca500_ros2/lib/python3.10/site-packages:${PYTHONPATH} /usr/bin/python3 -W ignore:setup.py install is deprecated -W ignore:easy_install command is deprecated setup.py develop --editable --build-directory /home/parallels/Forschsemrep/strawberry_ws/build/meca500_ros2/build --no-deps symlink_data[0m
[9.077s] [34mcolcon.colcon_core.shell[0m [1;30mLevel 1[0m create_environment_hook('strawberry_camera', 'pythonpath_develop')
[9.078s] [34mcolcon.colcon_core.shell[0m [1;30mINFO[0m Creating environment hook '/home/parallels/Forschsemrep/strawberry_ws/build/strawberry_camera/share/strawberry_camera/hook/pythonpath_develop.ps1'
[9.080s] [34mcolcon.colcon_core.event_handler.log_command[0m [1;30mDEBUG[0m [32mInvoked command in '/home/parallels/Forschsemrep/strawberry_ws/build/strawberry_camera' returned '0': PYTHONPATH=/home/parallels/Forschsemrep/strawberry_ws/build/strawberry_camera/prefix_override:/usr/lib/python3/dist-packages/colcon_core/task/python/colcon_distutils_commands:/home/parallels/Forschsemrep/strawberry_ws/install/strawberry_camera/lib/python3.10/site-packages:${PYTHONPATH} /usr/bin/python3 -W ignore:setup.py install is deprecated -W ignore:easy_install command is deprecated setup.py develop --editable --build-directory /home/parallels/Forschsemrep/strawberry_ws/build/strawberry_camera/build --no-deps symlink_data[0m
[9.083s] [34mcolcon.colcon_core.shell[0m [1;30mINFO[0m Creating environment descriptor '/home/parallels/Forschsemrep/strawberry_ws/build/strawberry_camera/share/strawberry_camera/hook/pythonpath_develop.dsv'
[9.088s] [34mcolcon.colcon_core.shell[0m [1;30mINFO[0m Creating environment hook '/home/parallels/Forschsemrep/strawberry_ws/build/strawberry_camera/share/strawberry_camera/hook/pythonpath_develop.sh'
[9.091s] [34mcolcon.colcon_core.environment[0m [1;30mLevel 1[0m checking '/home/parallels/Forschsemrep/strawberry_ws/install/strawberry_camera' for CMake module files
[9.092s] [34mcolcon.colcon_core.environment[0m [1;30mLevel 1[0m checking '/home/parallels/Forschsemrep/strawberry_ws/install/strawberry_camera' for CMake config files
[9.094s] [34mcolcon.colcon_core.environment[0m [1;30mLevel 1[0m checking '/home/parallels/Forschsemrep/strawberry_ws/install/strawberry_camera/lib'
[9.095s] [34mcolcon.colcon_core.environment[0m [1;30mLevel 1[0m checking '/home/parallels/Forschsemrep/strawberry_ws/install/strawberry_camera/bin'
[9.095s] [34mcolcon.colcon_core.environment[0m [1;30mLevel 1[0m checking '/home/parallels/Forschsemrep/strawberry_ws/install/strawberry_camera/lib/pkgconfig/strawberry_camera.pc'
[9.096s] [34mcolcon.colcon_core.environment[0m [1;30mLevel 1[0m checking '/home/parallels/Forschsemrep/strawberry_ws/install/strawberry_camera/lib/python3.10/site-packages'
[9.096s] [34mcolcon.colcon_core.shell[0m [1;30mLevel 1[0m create_environment_hook('strawberry_camera', 'pythonpath')
[9.096s] [34mcolcon.colcon_core.shell[0m [1;30mINFO[0m Creating environment hook '/home/parallels/Forschsemrep/strawberry_ws/install/strawberry_camera/share/strawberry_camera/hook/pythonpath.ps1'
[9.103s] [34mcolcon.colcon_core.shell[0m [1;30mINFO[0m Creating environment descriptor '/home/parallels/Forschsemrep/strawberry_ws/install/strawberry_camera/share/strawberry_camera/hook/pythonpath.dsv'
[9.104s] [34mcolcon.colcon_core.shell[0m [1;30mINFO[0m Creating environment hook '/home/parallels/Forschsemrep/strawberry_ws/install/strawberry_camera/share/strawberry_camera/hook/pythonpath.sh'
[9.108s] [34mcolcon.colcon_core.environment[0m [1;30mLevel 1[0m checking '/home/parallels/Forschsemrep/strawberry_ws/install/strawberry_camera/bin'
[9.108s] [34mcolcon.colcon_core.environment[0m [1;30mLevel 1[0m create_environment_scripts_only(strawberry_camera)
[9.110s] [34mcolcon.colcon_core.shell[0m [1;30mINFO[0m Creating package script '/home/parallels/Forschsemrep/strawberry_ws/install/strawberry_camera/share/strawberry_camera/package.ps1'
[9.114s] [34mcolcon.colcon_core.shell[0m [1;30mINFO[0m Creating package descriptor '/home/parallels/Forschsemrep/strawberry_ws/install/strawberry_camera/share/strawberry_camera/package.dsv'
[9.118s] [34mcolcon.colcon_core.shell[0m [1;30mINFO[0m Creating package script '/home/parallels/Forschsemrep/strawberry_ws/install/strawberry_camera/share/strawberry_camera/package.sh'
[9.122s] [34mcolcon.colcon_core.shell[0m [1;30mINFO[0m Creating package script '/home/parallels/Forschsemrep/strawberry_ws/install/strawberry_camera/share/strawberry_camera/package.bash'
[9.125s] [34mcolcon.colcon_core.shell[0m [1;30mINFO[0m Creating package script '/home/parallels/Forschsemrep/strawberry_ws/install/strawberry_camera/share/strawberry_camera/package.zsh'
[9.127s] [34mcolcon.colcon_core.environment[0m [1;30mLevel 1[0m create_file_with_runtime_dependencies(/home/parallels/Forschsemrep/strawberry_ws/install/strawberry_camera/share/colcon-core/packages/strawberry_camera)
[9.130s] [34mcolcon.colcon_ros.task.ament_python.build[0m [1;30mINFO[0m Building ROS package in '/home/parallels/Forschsemrep/strawberry_ws/src/strawberry_tools' with build type 'ament_python'
[9.131s] [34mcolcon.colcon_core.shell[0m [1;30mLevel 1[0m create_environment_hook('strawberry_tools', 'ament_prefix_path')
[9.133s] [34mcolcon.colcon_core.shell[0m [1;30mINFO[0m Creating environment hook '/home/parallels/Forschsemrep/strawberry_ws/install/strawberry_tools/share/strawberry_tools/hook/ament_prefix_path.ps1'
[9.139s] [34mcolcon.colcon_core.shell[0m [1;30mINFO[0m Creating environment descriptor '/home/parallels/Forschsemrep/strawberry_ws/install/strawberry_tools/share/strawberry_tools/hook/ament_prefix_path.dsv'
[9.141s] [34mcolcon.colcon_core.shell[0m [1;30mINFO[0m Creating environment hook '/home/parallels/Forschsemrep/strawberry_ws/install/strawberry_tools/share/strawberry_tools/hook/ament_prefix_path.sh'
[9.145s] [34mcolcon.colcon_core.shell[0m [1;30mINFO[0m Skip shell extension 'powershell' for command environment: Not usable outside of PowerShell
[9.145s] [34mcolcon.colcon_core.shell[0m [1;30mDEBUG[0m [32mSkip shell extension 'dsv' for command environment[0m
[9.159s] [34mcolcon.colcon_core.shell[0m [1;30mLevel 1[0m create_environment_hook('strawberry_cluster', 'pythonpath_develop')
[9.160s] [34mcolcon.colcon_core.shell[0m [1;30mINFO[0m Creating environment hook '/home/parallels/Forschsemrep/strawberry_ws/build/strawberry_cluster/share/strawberry_cluster/hook/pythonpath_develop.ps1'
[9.161s] [34mcolcon.colcon_core.shell[0m [1;30mINFO[0m Creating environment descriptor '/home/parallels/Forschsemrep/strawberry_ws/build/strawberry_cluster/share/strawberry_cluster/hook/pythonpath_develop.dsv'
[9.162s] [34mcolcon.colcon_core.shell[0m [1;30mINFO[0m Creating environment hook '/home/parallels/Forschsemrep/strawberry_ws/build/strawberry_cluster/share/strawberry_cluster/hook/pythonpath_develop.sh'
[9.163s] [34mcolcon.colcon_core.event_handler.log_command[0m [1;30mDEBUG[0m [32mInvoked command in '/home/parallels/Forschsemrep/strawberry_ws/build/strawberry_cluster' returned '0': PYTHONPATH=/home/parallels/Forschsemrep/strawberry_ws/build/strawberry_cluster/prefix_override:/usr/lib/python3/dist-packages/colcon_core/task/python/colcon_distutils_commands:/home/parallels/Forschsemrep/strawberry_ws/install/strawberry_cluster/lib/python3.10/site-packages:${PYTHONPATH} /usr/bin/python3 -W ignore:setup.py install is deprecated -W ignore:easy_install command is deprecated setup.py develop --editable --build-directory /home/parallels/Forschsemrep/strawberry_ws/build/strawberry_cluster/build --no-deps symlink_data[0m
[9.164s] [34mcolcon.colcon_core.environment[0m [1;30mLevel 1[0m checking '/home/parallels/Forschsemrep/strawberry_ws/install/strawberry_cluster' for CMake module files
[9.167s] [34mcolcon.colcon_core.environment[0m [1;30mLevel 1[0m checking '/home/parallels/Forschsemrep/strawberry_ws/install/strawberry_cluster' for CMake config files
[9.169s] [34mcolcon.colcon_core.environment[0m [1;30mLevel 1[0m checking '/home/parallels/Forschsemrep/strawberry_ws/install/strawberry_cluster/lib'
[9.170s] [34mcolcon.colcon_core.environment[0m [1;30mLevel 1[0m checking '/home/parallels/Forschsemrep/strawberry_ws/install/strawberry_cluster/bin'
[9.170s] [34mcolcon.colcon_core.environment[0m [1;30mLevel 1[0m checking '/home/parallels/Forschsemrep/strawberry_ws/install/strawberry_cluster/lib/pkgconfig/strawberry_cluster.pc'
[9.171s] [34mcolcon.colcon_core.environment[0m [1;30mLevel 1[0m checking '/home/parallels/Forschsemrep/strawberry_ws/install/strawberry_cluster/lib/python3.10/site-packages'
[9.172s] [34mcolcon.colcon_core.shell[0m [1;30mLevel 1[0m create_environment_hook('strawberry_cluster', 'pythonpath')
[9.173s] [34mcolcon.colcon_core.shell[0m [1;30mINFO[0m Creating environment hook '/home/parallels/Forschsemrep/strawberry_ws/install/strawberry_cluster/share/strawberry_cluster/hook/pythonpath.ps1'
[9.174s] [34mcolcon.colcon_core.shell[0m [1;30mINFO[0m Creating environment descriptor '/home/parallels/Forschsemrep/strawberry_ws/install/strawberry_cluster/share/strawberry_cluster/hook/pythonpath.dsv'
[9.176s] [34mcolcon.colcon_core.shell[0m [1;30mINFO[0m Creating environment hook '/home/parallels/Forschsemrep/strawberry_ws/install/strawberry_cluster/share/strawberry_cluster/hook/pythonpath.sh'
[9.181s] [34mcolcon.colcon_core.environment[0m [1;30mLevel 1[0m checking '/home/parallels/Forschsemrep/strawberry_ws/install/strawberry_cluster/bin'
[9.181s] [34mcolcon.colcon_core.environment[0m [1;30mLevel 1[0m create_environment_scripts_only(strawberry_cluster)
[9.185s] [34mcolcon.colcon_core.shell[0m [1;30mINFO[0m Creating package script '/home/parallels/Forschsemrep/strawberry_ws/install/strawberry_cluster/share/strawberry_cluster/package.ps1'
[9.194s] [34mcolcon.colcon_core.shell[0m [1;30mINFO[0m Creating package descriptor '/home/parallels/Forschsemrep/strawberry_ws/install/strawberry_cluster/share/strawberry_cluster/package.dsv'
[9.202s] [34mcolcon.colcon_core.shell[0m [1;30mINFO[0m Creating package script '/home/parallels/Forschsemrep/strawberry_ws/install/strawberry_cluster/share/strawberry_cluster/package.sh'
[9.206s] [34mcolcon.colcon_core.shell[0m [1;30mINFO[0m Creating package script '/home/parallels/Forschsemrep/strawberry_ws/install/strawberry_cluster/share/strawberry_cluster/package.bash'
[9.210s] [34mcolcon.colcon_core.shell[0m [1;30mINFO[0m Creating package script '/home/parallels/Forschsemrep/strawberry_ws/install/strawberry_cluster/share/strawberry_cluster/package.zsh'
[9.215s] [34mcolcon.colcon_core.environment[0m [1;30mLevel 1[0m create_file_with_runtime_dependencies(/home/parallels/Forschsemrep/strawberry_ws/install/strawberry_cluster/share/colcon-core/packages/strawberry_cluster)
[10.086s] [34mcolcon.colcon_core.task.python.build[0m [1;30mINFO[0m Building Python package in '/home/parallels/Forschsemrep/strawberry_ws/src/strawberry_tools'
[10.086s] [34mcolcon.colcon_core.shell[0m [1;30mINFO[0m Skip shell extension 'powershell' for command environment: Not usable outside of PowerShell
[10.086s] [34mcolcon.colcon_core.shell[0m [1;30mDEBUG[0m [32mSkip shell extension 'dsv' for command environment[0m
[10.100s] [34mcolcon.colcon_core.shell[0m [1;30mLevel 1[0m create_environment_hook('strawberry_segmentation', 'pythonpath_develop')
[10.103s] [34mcolcon.colcon_core.shell[0m [1;30mINFO[0m Creating environment hook '/home/parallels/Forschsemrep/strawberry_ws/build/strawberry_segmentation/share/strawberry_segmentation/hook/pythonpath_develop.ps1'
[10.101s] [34mcolcon.colcon_core.event_handler.log_command[0m [1;30mDEBUG[0m [32mInvoked command in '/home/parallels/Forschsemrep/strawberry_ws/build/strawberry_segmentation' returned '0': PYTHONPATH=/home/parallels/Forschsemrep/strawberry_ws/build/strawberry_segmentation/prefix_override:/usr/lib/python3/dist-packages/colcon_core/task/python/colcon_distutils_commands:/home/parallels/Forschsemrep/strawberry_ws/install/strawberry_segmentation/lib/python3.10/site-packages:${PYTHONPATH} /usr/bin/python3 -W ignore:setup.py install is deprecated -W ignore:easy_install command is deprecated setup.py develop --editable --build-directory /home/parallels/Forschsemrep/strawberry_ws/build/strawberry_segmentation/build --no-deps symlink_data[0m
[10.107s] [34mcolcon.colcon_core.shell[0m [1;30mINFO[0m Creating environment descriptor '/home/parallels/Forschsemrep/strawberry_ws/build/strawberry_segmentation/share/strawberry_segmentation/hook/pythonpath_develop.dsv'
[10.109s] [34mcolcon.colcon_core.shell[0m [1;30mINFO[0m Creating environment hook '/home/parallels/Forschsemrep/strawberry_ws/build/strawberry_segmentation/share/strawberry_segmentation/hook/pythonpath_develop.sh'
[10.110s] [34mcolcon.colcon_core.environment[0m [1;30mLevel 1[0m checking '/home/parallels/Forschsemrep/strawberry_ws/install/strawberry_segmentation' for CMake module files
[10.112s] [34mcolcon.colcon_core.environment[0m [1;30mLevel 1[0m checking '/home/parallels/Forschsemrep/strawberry_ws/install/strawberry_segmentation' for CMake config files
[10.113s] [34mcolcon.colcon_core.environment[0m [1;30mLevel 1[0m checking '/home/parallels/Forschsemrep/strawberry_ws/install/strawberry_segmentation/lib'
[10.114s] [34mcolcon.colcon_core.environment[0m [1;30mLevel 1[0m checking '/home/parallels/Forschsemrep/strawberry_ws/install/strawberry_segmentation/bin'
[10.116s] [34mcolcon.colcon_core.environment[0m [1;30mLevel 1[0m checking '/home/parallels/Forschsemrep/strawberry_ws/install/strawberry_segmentation/lib/pkgconfig/strawberry_segmentation.pc'
[10.116s] [34mcolcon.colcon_core.environment[0m [1;30mLevel 1[0m checking '/home/parallels/Forschsemrep/strawberry_ws/install/strawberry_segmentation/lib/python3.10/site-packages'
[10.116s] [34mcolcon.colcon_core.shell[0m [1;30mLevel 1[0m create_environment_hook('strawberry_segmentation', 'pythonpath')
[10.117s] [34mcolcon.colcon_core.shell[0m [1;30mINFO[0m Creating environment hook '/home/parallels/Forschsemrep/strawberry_ws/install/strawberry_segmentation/share/strawberry_segmentation/hook/pythonpath.ps1'
[10.118s] [34mcolcon.colcon_core.shell[0m [1;30mINFO[0m Creating environment descriptor '/home/parallels/Forschsemrep/strawberry_ws/install/strawberry_segmentation/share/strawberry_segmentation/hook/pythonpath.dsv'
[10.119s] [34mcolcon.colcon_core.shell[0m [1;30mINFO[0m Creating environment hook '/home/parallels/Forschsemrep/strawberry_ws/install/strawberry_segmentation/share/strawberry_segmentation/hook/pythonpath.sh'
[10.120s] [34mcolcon.colcon_core.environment[0m [1;30mLevel 1[0m checking '/home/parallels/Forschsemrep/strawberry_ws/install/strawberry_segmentation/bin'
[10.120s] [34mcolcon.colcon_core.environment[0m [1;30mLevel 1[0m create_environment_scripts_only(strawberry_segmentation)
[10.121s] [34mcolcon.colcon_core.shell[0m [1;30mINFO[0m Creating package script '/home/parallels/Forschsemrep/strawberry_ws/install/strawberry_segmentation/share/strawberry_segmentation/package.ps1'
[10.123s] [34mcolcon.colcon_core.shell[0m [1;30mINFO[0m Creating package descriptor '/home/parallels/Forschsemrep/strawberry_ws/install/strawberry_segmentation/share/strawberry_segmentation/package.dsv'
[10.124s] [34mcolcon.colcon_core.shell[0m [1;30mINFO[0m Creating package script '/home/parallels/Forschsemrep/strawberry_ws/install/strawberry_segmentation/share/strawberry_segmentation/package.sh'
[10.127s] [34mcolcon.colcon_core.shell[0m [1;30mINFO[0m Creating package script '/home/parallels/Forschsemrep/strawberry_ws/install/strawberry_segmentation/share/strawberry_segmentation/package.bash'
[10.129s] [34mcolcon.colcon_core.shell[0m [1;30mINFO[0m Creating package script '/home/parallels/Forschsemrep/strawberry_ws/install/strawberry_segmentation/share/strawberry_segmentation/package.zsh'
[10.130s] [34mcolcon.colcon_core.environment[0m [1;30mLevel 1[0m create_file_with_runtime_dependencies(/home/parallels/Forschsemrep/strawberry_ws/install/strawberry_segmentation/share/colcon-core/packages/strawberry_segmentation)
[10.133s] [34mcolcon.colcon_ros.task.ament_python.build[0m [1;30mINFO[0m Building ROS package in '/home/parallels/Forschsemrep/strawberry_ws/src/strawberry_bringup' with build type 'ament_python'
[10.134s] [34mcolcon.colcon_core.shell[0m [1;30mLevel 1[0m create_environment_hook('strawberry_bringup', 'ament_prefix_path')
[10.137s] [34mcolcon.colcon_core.shell[0m [1;30mINFO[0m Creating environment hook '/home/parallels/Forschsemrep/strawberry_ws/install/strawberry_bringup/share/strawberry_bringup/hook/ament_prefix_path.ps1'
[10.140s] [34mcolcon.colcon_core.shell[0m [1;30mINFO[0m Creating environment descriptor '/home/parallels/Forschsemrep/strawberry_ws/install/strawberry_bringup/share/strawberry_bringup/hook/ament_prefix_path.dsv'
[10.140s] [34mcolcon.colcon_core.shell[0m [1;30mINFO[0m Creating environment hook '/home/parallels/Forschsemrep/strawberry_ws/install/strawberry_bringup/share/strawberry_bringup/hook/ament_prefix_path.sh'
[10.143s] [34mcolcon.colcon_core.shell[0m [1;30mINFO[0m Skip shell extension 'powershell' for command environment: Not usable outside of PowerShell
[10.143s] [34mcolcon.colcon_core.shell[0m [1;30mDEBUG[0m [32mSkip shell extension 'dsv' for command environment[0m
[10.155s] [34mcolcon.colcon_core.shell[0m [1;30mLevel 1[0m create_environment_hook('meca500_ros2', 'pythonpath_develop')
[10.157s] [34mcolcon.colcon_core.shell[0m [1;30mINFO[0m Creating environment hook '/home/parallels/Forschsemrep/strawberry_ws/build/meca500_ros2/share/meca500_ros2/hook/pythonpath_develop.ps1'
[10.158s] [34mcolcon.colcon_core.shell[0m [1;30mINFO[0m Creating environment descriptor '/home/parallels/Forschsemrep/strawberry_ws/build/meca500_ros2/share/meca500_ros2/hook/pythonpath_develop.dsv'
[10.159s] [34mcolcon.colcon_core.shell[0m [1;30mINFO[0m Creating environment hook '/home/parallels/Forschsemrep/strawberry_ws/build/meca500_ros2/share/meca500_ros2/hook/pythonpath_develop.sh'
[10.156s] [34mcolcon.colcon_core.event_handler.log_command[0m [1;30mDEBUG[0m [32mInvoked command in '/home/parallels/Forschsemrep/strawberry_ws/build/meca500_ros2' returned '0': PYTHONPATH=/home/parallels/Forschsemrep/strawberry_ws/build/meca500_ros2/prefix_override:/usr/lib/python3/dist-packages/colcon_core/task/python/colcon_distutils_commands:/home/parallels/Forschsemrep/strawberry_ws/install/meca500_ros2/lib/python3.10/site-packages:${PYTHONPATH} /usr/bin/python3 -W ignore:setup.py install is deprecated -W ignore:easy_install command is deprecated setup.py develop --editable --build-directory /home/parallels/Forschsemrep/strawberry_ws/build/meca500_ros2/build --no-deps symlink_data[0m
[10.162s] [34mcolcon.colcon_core.environment[0m [1;30mLevel 1[0m checking '/home/parallels/Forschsemrep/strawberry_ws/install/meca500_ros2' for CMake module files
[10.166s] [34mcolcon.colcon_core.environment[0m [1;30mLevel 1[0m checking '/home/parallels/Forschsemrep/strawberry_ws/install/meca500_ros2' for CMake config files
[10.168s] [34mcolcon.colcon_core.environment[0m [1;30mLevel 1[0m checking '/home/parallels/Forschsemrep/strawberry_ws/install/meca500_ros2/lib'
[10.169s] [34mcolcon.colcon_core.environment[0m [1;30mLevel 1[0m checking '/home/parallels/Forschsemrep/strawberry_ws/install/meca500_ros2/bin'
[10.170s] [34mcolcon.colcon_core.environment[0m [1;30mLevel 1[0m checking '/home/parallels/Forschsemrep/strawberry_ws/install/meca500_ros2/lib/pkgconfig/meca500_ros2.pc'
[10.173s] [34mcolcon.colcon_core.environment[0m [1;30mLevel 1[0m checking '/home/parallels/Forschsemrep/strawberry_ws/install/meca500_ros2/lib/python3.10/site-packages'
[10.173s] [34mcolcon.colcon_core.shell[0m [1;30mLevel 1[0m create_environment_hook('meca500_ros2', 'pythonpath')
[10.174s] [34mcolcon.colcon_core.shell[0m [1;30mINFO[0m Creating environment hook '/home/parallels/Forschsemrep/strawberry_ws/install/meca500_ros2/share/meca500_ros2/hook/pythonpath.ps1'
[10.175s] [34mcolcon.colcon_core.shell[0m [1;30mINFO[0m Creating environment descriptor '/home/parallels/Forschsemrep/strawberry_ws/install/meca500_ros2/share/meca500_ros2/hook/pythonpath.dsv'
[10.179s] [34mcolcon.colcon_core.shell[0m [1;30mINFO[0m Creating environment hook '/home/parallels/Forschsemrep/strawberry_ws/install/meca500_ros2/share/meca500_ros2/hook/pythonpath.sh'
[10.181s] [34mcolcon.colcon_core.environment[0m [1;30mLevel 1[0m checking '/home/parallels/Forschsemrep/strawberry_ws/install/meca500_ros2/bin'
[10.182s] [34mcolcon.colcon_core.environment[0m [1;30mLevel 1[0m create_environment_scripts_only(meca500_ros2)
[10.183s] [34mcolcon.colcon_core.shell[0m [1;30mINFO[0m Creating package script '/home/parallels/Forschsemrep/strawberry_ws/install/meca500_ros2/share/meca500_ros2/package.ps1'
[10.187s] [34mcolcon.colcon_core.shell[0m [1;30mINFO[0m Creating package descriptor '/home/parallels/Forschsemrep/strawberry_ws/install/meca500_ros2/share/meca500_ros2/package.dsv'
[10.188s] [34mcolcon.colcon_core.shell[0m [1;30mINFO[0m Creating package script '/home/parallels/Forschsemrep/strawberry_ws/install/meca500_ros2/share/meca500_ros2/package.sh'
[10.189s] [34mcolcon.colcon_core.shell[0m [1;30mINFO[0m Creating package script '/home/parallels/Forschsemrep/strawberry_ws/install/meca500_ros2/share/meca500_ros2/package.bash'
[10.190s] [34mcolcon.colcon_core.shell[0m [1;30mINFO[0m Creating package script '/home/parallels/Forschsemrep/strawberry_ws/install/meca500_ros2/share/meca500_ros2/package.zsh'
[10.192s] [34mcolcon.colcon_core.environment[0m [1;30mLevel 1[0m create_file_with_runtime_dependencies(/home/parallels/Forschsemrep/strawberry_ws/install/meca500_ros2/share/colcon-core/packages/meca500_ros2)
[10.977s] [34mcolcon.colcon_core.task.python.build[0m [1;30mINFO[0m Building Python package in '/home/parallels/Forschsemrep/strawberry_ws/src/strawberry_bringup'
[10.978s] [34mcolcon.colcon_core.shell[0m [1;30mINFO[0m Skip shell extension 'powershell' for command environment: Not usable outside of PowerShell
[10.978s] [34mcolcon.colcon_core.shell[0m [1;30mDEBUG[0m [32mSkip shell extension 'dsv' for command environment[0m
[11.147s] [34mcolcon.colcon_core.event_handler.log_command[0m [1;30mDEBUG[0m [32mInvoking command in '/home/parallels/Forschsemrep/strawberry_ws/build/strawberry_tools': PYTHONPATH=/home/parallels/Forschsemrep/strawberry_ws/build/strawberry_tools/prefix_override:/usr/lib/python3/dist-packages/colcon_core/task/python/colcon_distutils_commands:/home/parallels/Forschsemrep/strawberry_ws/install/strawberry_tools/lib/python3.10/site-packages:${PYTHONPATH} /usr/bin/python3 -W ignore:setup.py install is deprecated -W ignore:easy_install command is deprecated setup.py develop --editable --build-directory /home/parallels/Forschsemrep/strawberry_ws/build/strawberry_tools/build --no-deps symlink_data[0m
[11.941s] [34mcolcon.colcon_core.event_handler.log_command[0m [1;30mDEBUG[0m [32mInvoking command in '/home/parallels/Forschsemrep/strawberry_ws/build/strawberry_bringup': AMENT_PREFIX_PATH=/home/parallels/Forschsemrep/strawberry_ws/install/strawberry_segmentation:/home/parallels/Forschsemrep/strawberry_ws/install/strawberry_cluster:/home/parallels/Forschsemrep/strawberry_ws/install/strawberry_camera:/home/parallels/Forschsemrep/strawberry_ws/install/strawberry_tools:/home/parallels/Forschsemrep/strawberry_ws/install/strawberry_bringup:/home/parallels/Forschsemrep/strawberry_ws/install/strawberry_msgs:/home/parallels/Forschsemrep/strawberry_ws/install/meca500_ros2:/opt/ros/humble PYTHONPATH=/home/parallels/Forschsemrep/strawberry_ws/build/strawberry_bringup/prefix_override:/usr/lib/python3/dist-packages/colcon_core/task/python/colcon_distutils_commands:/home/parallels/Forschsemrep/strawberry_ws/install/strawberry_bringup/lib/python3.10/site-packages:/home/parallels/Forschsemrep/strawberry_ws/build/strawberry_segmentation:/home/parallels/Forschsemrep/strawberry_ws/install/strawberry_segmentation/lib/python3.10/site-packages:/home/parallels/Forschsemrep/strawberry_ws/build/strawberry_cluster:/home/parallels/Forschsemrep/strawberry_ws/install/strawberry_cluster/lib/python3.10/site-packages:/home/parallels/Forschsemrep/strawberry_ws/build/strawberry_camera:/home/parallels/Forschsemrep/strawberry_ws/install/strawberry_camera/lib/python3.10/site-packages:/home/parallels/Forschsemrep/strawberry_ws/build/strawberry_tools:/home/parallels/Forschsemrep/strawberry_ws/install/strawberry_tools/lib/python3.10/site-packages:/home/parallels/Forschsemrep/strawberry_ws/build/strawberry_bringup:/home/parallels/Forschsemrep/strawberry_ws/install/strawberry_bringup/lib/python3.10/site-packages:/home/parallels/Forschsemrep/strawberry_ws/install/strawberry_msgs/local/lib/python3.10/dist-packages:/home/parallels/Forschsemrep/strawberry_ws/build/meca500_ros2:/home/parallels/Forschsemrep/strawberry_ws/install/meca500_ros2/lib/python3.10/site-packages:/opt/ros/humble/lib/python3.10/site-packages:/opt/ros/humble/local/lib/python3.10/dist-packages /usr/bin/python3 -W ignore:setup.py install is deprecated -W ignore:easy_install command is deprecated setup.py develop --editable --build-directory /home/parallels/Forschsemrep/strawberry_ws/build/strawberry_bringup/build --no-deps symlink_data[0m
[12.605s] [34mcolcon.colcon_core.shell[0m [1;30mLevel 1[0m create_environment_hook('strawberry_tools', 'pythonpath_develop')
[12.606s] [34mcolcon.colcon_core.event_handler.log_command[0m [1;30mDEBUG[0m [32mInvoked command in '/home/parallels/Forschsemrep/strawberry_ws/build/strawberry_tools' returned '0': PYTHONPATH=/home/parallels/Forschsemrep/strawberry_ws/build/strawberry_tools/prefix_override:/usr/lib/python3/dist-packages/colcon_core/task/python/colcon_distutils_commands:/home/parallels/Forschsemrep/strawberry_ws/install/strawberry_tools/lib/python3.10/site-packages:${PYTHONPATH} /usr/bin/python3 -W ignore:setup.py install is deprecated -W ignore:easy_install command is deprecated setup.py develop --editable --build-directory /home/parallels/Forschsemrep/strawberry_ws/build/strawberry_tools/build --no-deps symlink_data[0m
[12.606s] [34mcolcon.colcon_core.shell[0m [1;30mINFO[0m Creating environment hook '/home/parallels/Forschsemrep/strawberry_ws/build/strawberry_tools/share/strawberry_tools/hook/pythonpath_develop.ps1'
[12.608s] [34mcolcon.colcon_core.shell[0m [1;30mINFO[0m Creating environment descriptor '/home/parallels/Forschsemrep/strawberry_ws/build/strawberry_tools/share/strawberry_tools/hook/pythonpath_develop.dsv'
[12.608s] [34mcolcon.colcon_core.shell[0m [1;30mINFO[0m Creating environment hook '/home/parallels/Forschsemrep/strawberry_ws/build/strawberry_tools/share/strawberry_tools/hook/pythonpath_develop.sh'
[12.609s] [34mcolcon.colcon_core.environment[0m [1;30mLevel 1[0m checking '/home/parallels/Forschsemrep/strawberry_ws/install/strawberry_tools' for CMake module files
[12.610s] [34mcolcon.colcon_core.environment[0m [1;30mLevel 1[0m checking '/home/parallels/Forschsemrep/strawberry_ws/install/strawberry_tools' for CMake config files
[12.610s] [34mcolcon.colcon_core.environment[0m [1;30mLevel 1[0m checking '/home/parallels/Forschsemrep/strawberry_ws/install/strawberry_tools/lib'
[12.611s] [34mcolcon.colcon_core.environment[0m [1;30mLevel 1[0m checking '/home/parallels/Forschsemrep/strawberry_ws/install/strawberry_tools/bin'
[12.611s] [34mcolcon.colcon_core.environment[0m [1;30mLevel 1[0m checking '/home/parallels/Forschsemrep/strawberry_ws/install/strawberry_tools/lib/pkgconfig/strawberry_tools.pc'
[12.611s] [34mcolcon.colcon_core.environment[0m [1;30mLevel 1[0m checking '/home/parallels/Forschsemrep/strawberry_ws/install/strawberry_tools/lib/python3.10/site-packages'
[12.611s] [34mcolcon.colcon_core.shell[0m [1;30mLevel 1[0m create_environment_hook('strawberry_tools', 'pythonpath')
[12.611s] [34mcolcon.colcon_core.shell[0m [1;30mINFO[0m Creating environment hook '/home/parallels/Forschsemrep/strawberry_ws/install/strawberry_tools/share/strawberry_tools/hook/pythonpath.ps1'
[12.612s] [34mcolcon.colcon_core.shell[0m [1;30mINFO[0m Creating environment descriptor '/home/parallels/Forschsemrep/strawberry_ws/install/strawberry_tools/share/strawberry_tools/hook/pythonpath.dsv'
[12.612s] [34mcolcon.colcon_core.shell[0m [1;30mINFO[0m Creating environment hook '/home/parallels/Forschsemrep/strawberry_ws/install/strawberry_tools/share/strawberry_tools/hook/pythonpath.sh'
[12.614s] [34mcolcon.colcon_core.environment[0m [1;30mLevel 1[0m checking '/home/parallels/Forschsemrep/strawberry_ws/install/strawberry_tools/bin'
[12.618s] [34mcolcon.colcon_core.environment[0m [1;30mLevel 1[0m create_environment_scripts_only(strawberry_tools)
[12.619s] [34mcolcon.colcon_core.shell[0m [1;30mINFO[0m Creating package script '/home/parallels/Forschsemrep/strawberry_ws/install/strawberry_tools/share/strawberry_tools/package.ps1'
[12.621s] [34mcolcon.colcon_core.shell[0m [1;30mINFO[0m Creating package descriptor '/home/parallels/Forschsemrep/strawberry_ws/install/strawberry_tools/share/strawberry_tools/package.dsv'
[12.622s] [34mcolcon.colcon_core.shell[0m [1;30mINFO[0m Creating package script '/home/parallels/Forschsemrep/strawberry_ws/install/strawberry_tools/share/strawberry_tools/package.sh'
[12.623s] [34mcolcon.colcon_core.shell[0m [1;30mINFO[0m Creating package script '/home/parallels/Forschsemrep/strawberry_ws/install/strawberry_tools/share/strawberry_tools/package.bash'
[12.624s] [34mcolcon.colcon_core.shell[0m [1;30mINFO[0m Creating package script '/home/parallels/Forschsemrep/strawberry_ws/install/strawberry_tools/share/strawberry_tools/package.zsh'
[12.625s] [34mcolcon.colcon_core.environment[0m [1;30mLevel 1[0m create_file_with_runtime_dependencies(/home/parallels/Forschsemrep/strawberry_ws/install/strawberry_tools/share/colcon-core/packages/strawberry_tools)
[12.977s] [34mcolcon.colcon_core.shell[0m [1;30mLevel 1[0m create_environment_hook('strawberry_bringup', 'pythonpath_develop')
[12.977s] [34mcolcon.colcon_core.shell[0m [1;30mINFO[0m Creating environment hook '/home/parallels/Forschsemrep/strawberry_ws/build/strawberry_bringup/share/strawberry_bringup/hook/pythonpath_develop.ps1'
[12.979s] [34mcolcon.colcon_core.event_handler.log_command[0m [1;30mDEBUG[0m [32mInvoked command in '/home/parallels/Forschsemrep/strawberry_ws/build/strawberry_bringup' returned '0': AMENT_PREFIX_PATH=/home/parallels/Forschsemrep/strawberry_ws/install/strawberry_segmentation:/home/parallels/Forschsemrep/strawberry_ws/install/strawberry_cluster:/home/parallels/Forschsemrep/strawberry_ws/install/strawberry_camera:/home/parallels/Forschsemrep/strawberry_ws/install/strawberry_tools:/home/parallels/Forschsemrep/strawberry_ws/install/strawberry_bringup:/home/parallels/Forschsemrep/strawberry_ws/install/strawberry_msgs:/home/parallels/Forschsemrep/strawberry_ws/install/meca500_ros2:/opt/ros/humble PYTHONPATH=/home/parallels/Forschsemrep/strawberry_ws/build/strawberry_bringup/prefix_override:/usr/lib/python3/dist-packages/colcon_core/task/python/colcon_distutils_commands:/home/parallels/Forschsemrep/strawberry_ws/install/strawberry_bringup/lib/python3.10/site-packages:/home/parallels/Forschsemrep/strawberry_ws/build/strawberry_segmentation:/home/parallels/Forschsemrep/strawberry_ws/install/strawberry_segmentation/lib/python3.10/site-packages:/home/parallels/Forschsemrep/strawberry_ws/build/strawberry_cluster:/home/parallels/Forschsemrep/strawberry_ws/install/strawberry_cluster/lib/python3.10/site-packages:/home/parallels/Forschsemrep/strawberry_ws/build/strawberry_camera:/home/parallels/Forschsemrep/strawberry_ws/install/strawberry_camera/lib/python3.10/site-packages:/home/parallels/Forschsemrep/strawberry_ws/build/strawberry_tools:/home/parallels/Forschsemrep/strawberry_ws/install/strawberry_tools/lib/python3.10/site-packages:/home/parallels/Forschsemrep/strawberry_ws/build/strawberry_bringup:/home/parallels/Forschsemrep/strawberry_ws/install/strawberry_bringup/lib/python3.10/site-packages:/home/parallels/Forschsemrep/strawberry_ws/install/strawberry_msgs/local/lib/python3.10/dist-packages:/home/parallels/Forschsemrep/strawberry_ws/build/meca500_ros2:/home/parallels/Forschsemrep/strawberry_ws/install/meca500_ros2/lib/python3.10/site-packages:/opt/ros/humble/lib/python3.10/site-packages:/opt/ros/humble/local/lib/python3.10/dist-packages /usr/bin/python3 -W ignore:setup.py install is deprecated -W ignore:easy_install command is deprecated setup.py develop --editable --build-directory /home/parallels/Forschsemrep/strawberry_ws/build/strawberry_bringup/build --no-deps symlink_data[0m
[12.979s] [34mcolcon.colcon_core.shell[0m [1;30mINFO[0m Creating environment descriptor '/home/parallels/Forschsemrep/strawberry_ws/build/strawberry_bringup/share/strawberry_bringup/hook/pythonpath_develop.dsv'
[12.980s] [34mcolcon.colcon_core.shell[0m [1;30mINFO[0m Creating environment hook '/home/parallels/Forschsemrep/strawberry_ws/build/strawberry_bringup/share/strawberry_bringup/hook/pythonpath_develop.sh'
[12.981s] [34mcolcon.colcon_core.environment[0m [1;30mLevel 1[0m checking '/home/parallels/Forschsemrep/strawberry_ws/install/strawberry_bringup' for CMake module files
[12.982s] [34mcolcon.colcon_core.environment[0m [1;30mLevel 1[0m checking '/home/parallels/Forschsemrep/strawberry_ws/install/strawberry_bringup' for CMake config files
[12.982s] [34mcolcon.colcon_core.environment[0m [1;30mLevel 1[0m checking '/home/parallels/Forschsemrep/strawberry_ws/install/strawberry_bringup/lib'
[12.982s] [34mcolcon.colcon_core.environment[0m [1;30mLevel 1[0m checking '/home/parallels/Forschsemrep/strawberry_ws/install/strawberry_bringup/bin'
[12.982s] [34mcolcon.colcon_core.environment[0m [1;30mLevel 1[0m checking '/home/parallels/Forschsemrep/strawberry_ws/install/strawberry_bringup/lib/pkgconfig/strawberry_bringup.pc'
[12.983s] [34mcolcon.colcon_core.environment[0m [1;30mLevel 1[0m checking '/home/parallels/Forschsemrep/strawberry_ws/install/strawberry_bringup/lib/python3.10/site-packages'
[12.983s] [34mcolcon.colcon_core.shell[0m [1;30mLevel 1[0m create_environment_hook('strawberry_bringup', 'pythonpath')
[12.983s] [34mcolcon.colcon_core.shell[0m [1;30mINFO[0m Creating environment hook '/home/parallels/Forschsemrep/strawberry_ws/install/strawberry_bringup/share/strawberry_bringup/hook/pythonpath.ps1'
[12.984s] [34mcolcon.colcon_core.shell[0m [1;30mINFO[0m Creating environment descriptor '/home/parallels/Forschsemrep/strawberry_ws/install/strawberry_bringup/share/strawberry_bringup/hook/pythonpath.dsv'
[12.984s] [34mcolcon.colcon_core.shell[0m [1;30mINFO[0m Creating environment hook '/home/parallels/Forschsemrep/strawberry_ws/install/strawberry_bringup/share/strawberry_bringup/hook/pythonpath.sh'
[12.985s] [34mcolcon.colcon_core.environment[0m [1;30mLevel 1[0m checking '/home/parallels/Forschsemrep/strawberry_ws/install/strawberry_bringup/bin'
[12.985s] [34mcolcon.colcon_core.environment[0m [1;30mLevel 1[0m create_environment_scripts_only(strawberry_bringup)
[12.986s] [34mcolcon.colcon_core.shell[0m [1;30mINFO[0m Creating package script '/home/parallels/Forschsemrep/strawberry_ws/install/strawberry_bringup/share/strawberry_bringup/package.ps1'
[12.987s] [34mcolcon.colcon_core.shell[0m [1;30mINFO[0m Creating package descriptor '/home/parallels/Forschsemrep/strawberry_ws/install/strawberry_bringup/share/strawberry_bringup/package.dsv'
[12.987s] [34mcolcon.colcon_core.shell[0m [1;30mINFO[0m Creating package script '/home/parallels/Forschsemrep/strawberry_ws/install/strawberry_bringup/share/strawberry_bringup/package.sh'
[12.988s] [34mcolcon.colcon_core.shell[0m [1;30mINFO[0m Creating package script '/home/parallels/Forschsemrep/strawberry_ws/install/strawberry_bringup/share/strawberry_bringup/package.bash'
[12.989s] [34mcolcon.colcon_core.shell[0m [1;30mINFO[0m Creating package script '/home/parallels/Forschsemrep/strawberry_ws/install/strawberry_bringup/share/strawberry_bringup/package.zsh'
[12.991s] [34mcolcon.colcon_core.environment[0m [1;30mLevel 1[0m create_file_with_runtime_dependencies(/home/parallels/Forschsemrep/strawberry_ws/install/strawberry_bringup/share/colcon-core/packages/strawberry_bringup)
[12.991s] [34mcolcon.colcon_parallel_executor.executor.parallel[0m [1;30mDEBUG[0m [32mclosing loop[0m
[12.992s] [34mcolcon.colcon_parallel_executor.executor.parallel[0m [1;30mDEBUG[0m [32mloop closed[0m
[12.993s] [34mcolcon.colcon_parallel_executor.executor.parallel[0m [1;30mDEBUG[0m [32mrun_until_complete finished with '0'[0m
[12.993s] [34mcolcon.colcon_core.event_reactor[0m [1;30mDEBUG[0m [32mjoining thread[0m
[13.009s] [34mcolcon.colcon_core.plugin_system[0m [1;30mINFO[0m Skipping extension 'colcon_notification.desktop_notification.terminal_notifier': Not used on non-Darwin systems
[13.009s] [34mcolcon.colcon_core.plugin_system[0m [1;30mINFO[0m Skipping extension 'colcon_notification.desktop_notification.win32': Not used on non-Windows systems
[13.009s] [34mcolcon.colcon_notification.desktop_notification[0m [1;30mINFO[0m Sending desktop notification using 'notify2'
[13.074s] [34mcolcon.colcon_core.event_reactor[0m [1;30mDEBUG[0m [32mjoined thread[0m
[13.075s] [34mcolcon.colcon_core.shell[0m [1;30mINFO[0m Creating prefix script '/home/parallels/Forschsemrep/strawberry_ws/install/local_setup.ps1'
[13.077s] [34mcolcon.colcon_core.shell[0m [1;30mINFO[0m Creating prefix util module '/home/parallels/Forschsemrep/strawberry_ws/install/_local_setup_util_ps1.py'
[13.082s] [34mcolcon.colcon_core.shell[0m [1;30mINFO[0m Creating prefix chain script '/home/parallels/Forschsemrep/strawberry_ws/install/setup.ps1'
[13.086s] [34mcolcon.colcon_core.shell[0m [1;30mINFO[0m Creating prefix script '/home/parallels/Forschsemrep/strawberry_ws/install/local_setup.sh'
[13.087s] [34mcolcon.colcon_core.shell[0m [1;30mINFO[0m Creating prefix util module '/home/parallels/Forschsemrep/strawberry_ws/install/_local_setup_util_sh.py'
[13.088s] [34mcolcon.colcon_core.shell[0m [1;30mINFO[0m Creating prefix chain script '/home/parallels/Forschsemrep/strawberry_ws/install/setup.sh'
[13.090s] [34mcolcon.colcon_core.shell[0m [1;30mINFO[0m Creating prefix script '/home/parallels/Forschsemrep/strawberry_ws/install/local_setup.bash'
[13.092s] [34mcolcon.colcon_core.shell[0m [1;30mINFO[0m Creating prefix chain script '/home/parallels/Forschsemrep/strawberry_ws/install/setup.bash'
[13.095s] [34mcolcon.colcon_core.shell[0m [1;30mINFO[0m Creating prefix script '/home/parallels/Forschsemrep/strawberry_ws/install/local_setup.zsh'
[13.098s] [34mcolcon.colcon_core.shell[0m [1;30mINFO[0m Creating prefix chain script '/home/parallels/Forschsemrep/strawberry_ws/install/setup.zsh'
