ply
format ascii 1.0
element vertex 32683
property float x
property float y
property float z
end_header
0.191483 0.107236 0.162479
0.191669 0.107109 0.162454
0.191850 0.106930 0.162524
0.192034 0.106804 0.162500
0.192214 0.106625 0.162570
0.192397 0.106500 0.162546
0.192575 0.106322 0.162618
0.192753 0.106144 0.162690
0.192934 0.106019 0.162667
0.193116 0.105894 0.162645
0.193291 0.105717 0.162718
0.193471 0.105592 0.162696
0.193657 0.105520 0.162580
0.191366 0.106986 0.162513
0.191547 0.106807 0.162583
0.191732 0.106681 0.162558
0.191916 0.106556 0.162534
0.192096 0.106377 0.162605
0.192279 0.106252 0.162582
0.192458 0.106074 0.162653
0.192635 0.105897 0.162725
0.192817 0.105772 0.162703
0.192992 0.105596 0.162776
0.193173 0.105471 0.162754
0.193353 0.105347 0.162733
0.193533 0.105223 0.162712
0.193712 0.105099 0.162691
0.193891 0.104975 0.162670
0.194076 0.104903 0.162554
0.194261 0.104831 0.162438
0.194447 0.104759 0.162321
0.194624 0.104636 0.162301
0.186454 0.105588 0.170705
0.186632 0.105519 0.170593
0.186809 0.105450 0.170482
0.191252 0.106790 0.162453
0.191434 0.106611 0.162523
0.191618 0.106486 0.162499
0.191803 0.106360 0.162475
0.191983 0.106182 0.162546
0.192166 0.106057 0.162522
0.192345 0.105880 0.162594
0.192522 0.105703 0.162666
0.192704 0.105578 0.162644
0.192880 0.105402 0.162717
0.193061 0.105278 0.162696
0.193241 0.105154 0.162674
0.193421 0.105030 0.162653
0.193601 0.104906 0.162632
0.193780 0.104783 0.162612
0.193965 0.104711 0.162495
0.194150 0.104639 0.162379
0.194335 0.104566 0.162263
0.194513 0.104443 0.162243
0.194698 0.104371 0.162127
0.194883 0.104299 0.162011
0.195067 0.104227 0.161895
0.186011 0.105160 0.171504
0.186187 0.105091 0.171394
0.186360 0.105077 0.171193
0.186536 0.105009 0.171082
0.186712 0.104940 0.170972
0.186885 0.104980 0.170679
0.187063 0.104857 0.170659
0.187239 0.104789 0.170549
0.191138 0.106593 0.162394
0.191320 0.106415 0.162463
0.191501 0.106237 0.162534
0.191686 0.106112 0.162510
0.191865 0.105935 0.162581
0.192049 0.105810 0.162558
0.192227 0.105633 0.162630
0.192405 0.105457 0.162702
0.192591 0.105384 0.162585
0.192763 0.105157 0.162754
0.192938 0.104981 0.162827
0.193118 0.104858 0.162806
0.193298 0.104734 0.162786
0.193477 0.104611 0.162765
0.193656 0.104488 0.162745
0.193834 0.104365 0.162725
0.194019 0.104293 0.162609
0.194203 0.104221 0.162493
0.194381 0.104098 0.162474
0.194558 0.103976 0.162454
0.194742 0.103904 0.162339
0.194918 0.103782 0.162320
0.195102 0.103710 0.162205
0.195286 0.103639 0.162089
0.195470 0.103567 0.161974
0.185394 0.104909 0.172231
0.185569 0.104841 0.172121
0.185743 0.104773 0.172011
0.185905 0.104977 0.171449
0.186088 0.104746 0.171610
0.186263 0.104677 0.171500
0.186438 0.104609 0.171390
0.186612 0.104595 0.171189
0.186787 0.104527 0.171079
0.186964 0.104405 0.171060
0.187140 0.104283 0.171041
0.187318 0.104107 0.171114
0.187492 0.104039 0.171005
0.187669 0.103757 0.171262
0.187843 0.103689 0.171153
0.191388 0.106042 0.162474
0.191572 0.105917 0.162450
0.191748 0.105688 0.162616
0.191928 0.105512 0.162688
0.192110 0.105387 0.162666
0.192292 0.105263 0.162643
0.192479 0.105190 0.162526
0.192651 0.104964 0.162695
0.192826 0.104788 0.162769
0.192996 0.104563 0.162939
0.193181 0.104491 0.162823
0.193366 0.104419 0.162707
0.193521 0.104092 0.163070
0.193705 0.104020 0.162955
0.193888 0.103948 0.162839
0.194066 0.103826 0.162820
0.194236 0.103653 0.162898
0.194419 0.103582 0.162782
0.194595 0.103460 0.162764
0.194771 0.103338 0.162746
0.194953 0.103267 0.162631
0.195136 0.103196 0.162516
0.195359 0.103376 0.161916
0.185121 0.104687 0.172465
0.185295 0.104619 0.172356
0.185469 0.104551 0.172246
0.185644 0.104483 0.172137
0.185982 0.104563 0.171555
0.186157 0.104495 0.171445
0.186333 0.104427 0.171335
0.186506 0.104413 0.171134
0.186681 0.104344 0.171023
0.186858 0.104222 0.171005
0.187035 0.104101 0.170986
0.187212 0.103925 0.171059
0.187387 0.103857 0.170950
0.187564 0.103576 0.171207
0.187738 0.103508 0.171098
0.188258 0.102457 0.172248
0.188429 0.102390 0.172141
0.189768 0.101179 0.172501
0.189934 0.101062 0.172489
0.190097 0.100892 0.172571
0.190264 0.100827 0.172466
0.191635 0.105493 0.162557
0.191815 0.105317 0.162629
0.191993 0.105142 0.162701
0.192180 0.105069 0.162584
0.192884 0.104370 0.162880
0.193053 0.104145 0.163051
0.193226 0.103972 0.163127
0.193404 0.103850 0.163108
0.193582 0.103727 0.163089
0.193765 0.103656 0.162974
0.193936 0.103483 0.163051
0.194105 0.103311 0.163129
0.194281 0.103190 0.163111
0.194456 0.103068 0.163093
0.194639 0.102997 0.162979
0.194843 0.103077 0.162573
0.195026 0.103006 0.162459
0.185015 0.104505 0.172410
0.185190 0.104437 0.172301
0.185364 0.104369 0.172191
0.185542 0.104248 0.172172
0.185716 0.104180 0.172063
0.185890 0.104112 0.171953
0.186064 0.104044 0.171844
0.186238 0.103976 0.171734
0.186413 0.103908 0.171625
0.186587 0.103841 0.171516
0.186763 0.103719 0.171498
0.186938 0.103598 0.171480
0.187115 0.103424 0.171554
0.187289 0.103303 0.171537
0.187466 0.103023 0.171796
0.187642 0.102638 0.172240
0.187814 0.102465 0.172317
0.187985 0.102293 0.172394
0.188156 0.102121 0.172472
0.188325 0.102002 0.172458
0.188495 0.101883 0.172444
0.188664 0.101817 0.172337
0.188831 0.101542 0.172603
0.188997 0.101371 0.172683
0.189164 0.101253 0.172670
0.189331 0.101135 0.172658
0.189497 0.101018 0.172646
0.189663 0.100901 0.172635
0.189829 0.100783 0.172623
0.189991 0.100614 0.172706
0.190156 0.100498 0.172695
0.190320 0.100381 0.172685
0.190478 0.100161 0.172863
0.190644 0.100097 0.172759
0.191881 0.104948 0.162643
0.192067 0.104875 0.162525
0.192227 0.104496 0.162980
0.192403 0.104322 0.163054
0.192578 0.104148 0.163129
0.192747 0.103924 0.163300
0.192926 0.103802 0.163281
0.193099 0.103629 0.163357
0.193282 0.103557 0.163242
0.193453 0.103385 0.163319
0.193636 0.103314 0.163204
0.193819 0.103243 0.163090
0.193995 0.103121 0.163071
0.194171 0.103000 0.163053
0.194346 0.102879 0.163036
0.194529 0.102808 0.162921
0.198349 0.103961 0.155899
0.182753 0.107213 0.170098
0.184043 0.104609 0.172992
0.184222 0.104487 0.172972
0.184396 0.104419 0.172863
0.184570 0.104351 0.172754
0.184926 0.104108 0.172716
0.185103 0.103986 0.172697
0.185276 0.103919 0.172588
0.185450 0.103851 0.172479
0.185623 0.103784 0.172370
0.185796 0.103716 0.172261
0.185970 0.103649 0.172152
0.186143 0.103581 0.172044
0.186317 0.103514 0.171935
0.186492 0.103393 0.171917
0.186667 0.103272 0.171900
0.186841 0.103152 0.171883
0.187017 0.102978 0.171958
0.187192 0.102805 0.172033
0.187367 0.102579 0.172201
0.187540 0.102407 0.172278
0.187712 0.102182 0.172447
0.187883 0.102011 0.172525
0.188053 0.101892 0.172511
0.188223 0.101721 0.172589
0.188392 0.101497 0.172761
0.188559 0.101327 0.172841
0.188727 0.101209 0.172828
0.188894 0.101092 0.172816
0.189061 0.100974 0.172804
0.189229 0.100909 0.172699
0.189395 0.100792 0.172687
0.189559 0.100623 0.172769
0.189724 0.100506 0.172758
0.189889 0.100389 0.172747
0.190051 0.100221 0.172830
0.190212 0.100053 0.172914
0.190378 0.099989 0.172810
0.190543 0.099924 0.172706
0.191006 0.099219 0.173342
0.191166 0.099104 0.173334
0.191329 0.099040 0.173231
0.192115 0.104303 0.162921
0.192291 0.104130 0.162996
0.192467 0.103956 0.163071
0.192636 0.103733 0.163242
0.192815 0.103611 0.163223
0.192988 0.103438 0.163299
0.193171 0.103367 0.163184
0.193343 0.103195 0.163261
0.193526 0.103124 0.163147
0.193708 0.103053 0.163032
0.198254 0.103857 0.155639
0.198447 0.103782 0.155518
0.198900 0.103921 0.154677
0.182318 0.106836 0.170801
0.182525 0.106546 0.171042
0.182724 0.106312 0.171195
0.182928 0.106023 0.171438
0.183136 0.105681 0.171771
0.183314 0.105612 0.171660
0.183573 0.104726 0.172888
0.183759 0.104550 0.172957
0.183938 0.104428 0.172937
0.184122 0.104252 0.173007
0.184296 0.104184 0.172898
0.184474 0.104062 0.172879
0.184647 0.103995 0.172770
0.184829 0.103819 0.172841
0.185006 0.103698 0.172823
0.185179 0.103631 0.172714
0.185355 0.103510 0.172696
0.185528 0.103443 0.172588
0.185701 0.103376 0.172479
0.185876 0.103255 0.172462
0.186051 0.103134 0.172444
0.186224 0.103067 0.172336
0.186398 0.102947 0.172319
0.186572 0.102827 0.172303
0.186748 0.102654 0.172378
0.186922 0.102482 0.172454
0.187096 0.102310 0.172530
0.187268 0.102190 0.172515
0.187440 0.102019 0.172592
0.187612 0.101847 0.172670
0.187782 0.101676 0.172748
0.187952 0.101506 0.172827
0.188121 0.101388 0.172814
0.188290 0.101218 0.172894
0.188458 0.101100 0.172881
0.188625 0.100982 0.172868
0.188792 0.100865 0.172856
0.188959 0.100748 0.172844
0.189125 0.100631 0.172833
0.189291 0.100514 0.172821
0.189457 0.100397 0.172810
0.189620 0.100229 0.172893
0.189784 0.100113 0.172882
0.189946 0.099945 0.172966
0.190112 0.099881 0.172862
0.190267 0.099611 0.173135
0.190427 0.099445 0.173221
0.190585 0.099278 0.173307
0.190743 0.099112 0.173393
0.190904 0.098998 0.173385
0.191060 0.098832 0.173472
0.191223 0.098769 0.173370
0.191386 0.098705 0.173268
0.191549 0.098642 0.173165
0.198806 0.103815 0.154417
0.199000 0.103739 0.154294
0.199206 0.103711 0.154072
0.199413 0.103683 0.153850
0.181832 0.106898 0.170795
0.182013 0.106827 0.170681
0.182209 0.106647 0.170744
0.182456 0.106031 0.171518
0.182654 0.105798 0.171672
0.182832 0.105728 0.171560
0.183029 0.105496 0.171715
0.183282 0.104721 0.172764
0.183473 0.104490 0.172922
0.183659 0.104314 0.172991
0.183838 0.104192 0.172972
0.184017 0.104071 0.172952
0.184196 0.103949 0.172933
0.184378 0.103774 0.173004
0.184551 0.103707 0.172895
0.184729 0.103586 0.172877
0.184905 0.103465 0.172859
0.185082 0.103344 0.172841
0.185254 0.103277 0.172732
0.185430 0.103156 0.172715
0.185606 0.103036 0.172697
0.185781 0.102916 0.172680
0.185955 0.102796 0.172664
0.186130 0.102676 0.172647
0.186303 0.102556 0.172631
0.186477 0.102437 0.172615
0.186650 0.102318 0.172599
0.186824 0.102146 0.172675
0.186996 0.102027 0.172660
0.187170 0.101803 0.172830
0.187341 0.101685 0.172815
0.187512 0.101514 0.172894
0.187682 0.101396 0.172880
0.187851 0.101278 0.172867
0.188020 0.101108 0.172946
0.188188 0.100991 0.172933
0.188356 0.100873 0.172921
0.188523 0.100756 0.172908
0.188690 0.100587 0.172990
0.188856 0.100470 0.172978
0.189022 0.100354 0.172967
0.189188 0.100237 0.172956
0.189353 0.100121 0.172945
0.189518 0.100005 0.172934
0.189680 0.099837 0.173018
0.189846 0.099773 0.172914
0.190007 0.099606 0.172998
0.190168 0.099440 0.173083
0.190325 0.099222 0.173263
0.190484 0.099057 0.173349
0.190641 0.098891 0.173436
0.190802 0.098777 0.173428
0.190958 0.098612 0.173516
0.191121 0.098548 0.173414
0.191280 0.098434 0.173407
0.191443 0.098371 0.173304
0.191605 0.098308 0.173202
0.193213 0.097526 0.172471
0.193375 0.097463 0.172369
0.193537 0.097400 0.172267
0.193699 0.097336 0.172166
0.193861 0.097273 0.172064
0.199157 0.103794 0.153410
0.199330 0.103623 0.153487
0.199526 0.103547 0.153365
0.199733 0.103518 0.153141
0.199917 0.103394 0.153119
0.200100 0.103271 0.153097
0.200270 0.103101 0.153176
0.181989 0.105984 0.171686
0.182175 0.105860 0.171662
0.182381 0.105573 0.171905
0.182572 0.105395 0.171971
0.182769 0.105163 0.172127
0.182946 0.105094 0.172016
0.183182 0.104485 0.172798
0.183368 0.104309 0.172867
0.183559 0.104079 0.173026
0.183744 0.103904 0.173096
0.183917 0.103836 0.172987
0.184101 0.103661 0.173058
0.184278 0.103540 0.173039
0.184451 0.103473 0.172931
0.184628 0.103352 0.172912
0.184805 0.103232 0.172894
0.184982 0.103111 0.172877
0.185158 0.102991 0.172859
0.185330 0.102924 0.172751
0.185508 0.102751 0.172825
0.185680 0.102684 0.172717
0.185855 0.102565 0.172701
0.186029 0.102445 0.172684
0.186202 0.102326 0.172668
0.186376 0.102206 0.172652
0.186551 0.102035 0.172729
0.186723 0.101916 0.172713
0.186896 0.101745 0.172791
0.187068 0.101627 0.172776
0.187240 0.101456 0.172854
0.187411 0.101286 0.172933
0.187580 0.101168 0.172919
0.187750 0.101050 0.172906
0.187919 0.100881 0.172986
0.188087 0.100712 0.173066
0.188255 0.100595 0.173054
0.188422 0.100478 0.173042
0.188588 0.100362 0.173030
0.188754 0.100194 0.173112
0.188920 0.100077 0.173101
0.189086 0.100013 0.172997
0.189250 0.099845 0.173080
0.189416 0.099781 0.172976
0.189577 0.099563 0.173154
0.189740 0.099447 0.173144
0.189901 0.099281 0.173229
0.190064 0.099166 0.173220
0.190223 0.099001 0.173306
0.190382 0.098835 0.173392
0.190543 0.098721 0.173384
0.190700 0.098556 0.173472
0.190856 0.098392 0.173560
0.191019 0.098329 0.173457
0.191182 0.098265 0.173355
0.191340 0.098152 0.173349
0.191499 0.098038 0.173342
0.191661 0.097975 0.173240
0.191823 0.097912 0.173138
0.192295 0.097573 0.173121
0.192456 0.097510 0.173020
0.192618 0.097447 0.172918
0.192780 0.097384 0.172817
0.192941 0.097321 0.172715
0.193103 0.097258 0.172614
0.193265 0.097196 0.172512
0.193426 0.097133 0.172411
0.193595 0.097119 0.172212
0.193757 0.097056 0.172110
0.193919 0.096993 0.172008
0.194080 0.096930 0.171907
0.194258 0.096964 0.171609
0.194420 0.096901 0.171507
0.194835 0.097309 0.170223
0.195000 0.097245 0.170120
0.195312 0.098003 0.168342
0.195480 0.097937 0.168237
0.195703 0.098161 0.167539
0.195909 0.098288 0.167037
0.199039 0.103590 0.153348
0.199235 0.103514 0.153225
0.199443 0.103485 0.153002
0.200177 0.102992 0.152913
0.200360 0.102869 0.152891
0.200555 0.102793 0.152768
0.200697 0.102531 0.153051
0.200865 0.102362 0.153132
0.201018 0.102147 0.153315
0.181739 0.105596 0.172184
0.181925 0.105472 0.172161
0.182117 0.105294 0.172227
0.182308 0.105117 0.172293
0.182498 0.104940 0.172360
0.182694 0.104709 0.172517
0.182895 0.104425 0.172763
0.183082 0.104249 0.172832
0.183269 0.104074 0.172901
0.183460 0.103845 0.173061
0.183639 0.103723 0.173041
0.183818 0.103602 0.173022
0.183996 0.103481 0.173003
0.184179 0.103307 0.173075
0.184351 0.103240 0.172966
0.184524 0.103173 0.172858
0.184705 0.102999 0.172931
0.184882 0.102879 0.172913
0.185057 0.102759 0.172896
0.185233 0.102639 0.172879
0.185408 0.102520 0.172862
0.185583 0.102400 0.172845
0.185757 0.102281 0.172829
0.185931 0.102162 0.172813
0.186104 0.102043 0.172797
0.186277 0.101924 0.172782
0.186452 0.101753 0.172858
0.186624 0.101634 0.172844
0.186797 0.101464 0.172921
0.186968 0.101346 0.172907
0.187140 0.101176 0.172985
0.187310 0.101058 0.172972
0.187480 0.100889 0.173051
0.187649 0.100772 0.173038
0.187818 0.100603 0.173118
0.187986 0.100486 0.173106
0.188154 0.100318 0.173187
0.188321 0.100201 0.173176
0.188487 0.100085 0.173164
0.188653 0.099969 0.173153
0.188819 0.099853 0.173142
0.188983 0.099686 0.173225
0.189148 0.099571 0.173215
0.189312 0.099455 0.173205
0.189475 0.099340 0.173196
0.189637 0.099174 0.173280
0.189798 0.099008 0.173366
0.189958 0.098843 0.173452
0.190119 0.098729 0.173443
0.190278 0.098564 0.173530
0.190438 0.098450 0.173523
0.190598 0.098336 0.173515
0.190758 0.098223 0.173508
0.190917 0.098109 0.173501
0.191080 0.098046 0.173399
0.191242 0.097983 0.173297
0.191397 0.097820 0.173387
0.191559 0.097756 0.173285
0.191712 0.097594 0.173375
0.191874 0.097531 0.173273
0.192030 0.097418 0.173268
0.192192 0.097355 0.173167
0.192353 0.097293 0.173065
0.192515 0.097230 0.172964
0.192676 0.097167 0.172862
0.192838 0.097104 0.172761
0.192999 0.097041 0.172660
0.193161 0.096978 0.172558
0.193329 0.096964 0.172359
0.193490 0.096901 0.172258
0.193652 0.096839 0.172156
0.193814 0.096776 0.172055
0.193975 0.096713 0.171953
0.194152 0.096747 0.171656
0.194314 0.096684 0.171554
0.194484 0.096669 0.171354
0.194663 0.096703 0.171056
0.194901 0.097073 0.170068
0.195211 0.097828 0.168289
0.195335 0.097522 0.168677
0.195502 0.097457 0.168572
0.195724 0.097680 0.167873
0.195911 0.097710 0.167570
0.196287 0.097769 0.166960
0.196457 0.097703 0.166854
0.196626 0.097637 0.166748
0.196796 0.097571 0.166641
0.181485 0.105263 0.172594
0.181670 0.105140 0.172571
0.181854 0.105017 0.172548
0.182045 0.104840 0.172615
0.182236 0.104663 0.172682
0.182418 0.104541 0.172661
0.182614 0.104311 0.172818
0.182802 0.104135 0.172886
0.182983 0.104014 0.172866
0.183169 0.103839 0.172936
0.183361 0.103610 0.173095
0.183540 0.103489 0.173076
0.183718 0.103369 0.173057
0.183902 0.103195 0.173129
0.184079 0.103074 0.173111
0.184252 0.103007 0.173002
0.184429 0.102887 0.172984
0.184606 0.102767 0.172967
0.184782 0.102647 0.172949
0.184958 0.102528 0.172932
0.185133 0.102408 0.172915
0.185308 0.102289 0.172899
0.185483 0.102169 0.172882
0.185660 0.101998 0.172958
0.185833 0.101879 0.172942
0.186006 0.101761 0.172927
0.186179 0.101642 0.172911
0.186354 0.101472 0.172988
0.186525 0.101354 0.172974
0.186699 0.101184 0.173052
0.186869 0.101066 0.173038
0.187041 0.100897 0.173117
0.187211 0.100780 0.173104
0.187380 0.100662 0.173091
0.187549 0.100494 0.173171
0.187718 0.100377 0.173158
0.187886 0.100209 0.173239
0.188053 0.100042 0.173321
0.188220 0.099926 0.173310
0.188386 0.099810 0.173298
0.188552 0.099694 0.173288
0.188717 0.099578 0.173277
0.188881 0.099412 0.173361
0.189047 0.099348 0.173257
0.189209 0.099182 0.173341
0.189371 0.099016 0.173426
0.189534 0.098901 0.173417
0.189695 0.098737 0.173503
0.189857 0.098622 0.173495
0.190016 0.098458 0.173581
0.190177 0.098344 0.173574
0.190337 0.098230 0.173566
0.190497 0.098117 0.173559
0.190657 0.098003 0.173552
0.190816 0.097890 0.173545
0.190975 0.097777 0.173539
0.191137 0.097714 0.173437
0.191295 0.097601 0.173431
0.191453 0.097489 0.173425
0.191614 0.097426 0.173324
0.191772 0.097313 0.173318
0.191928 0.097201 0.173313
0.192090 0.097138 0.173212
0.192251 0.097075 0.173111
0.192412 0.097013 0.173009
0.192573 0.096950 0.172908
0.192735 0.096887 0.172807
0.192896 0.096824 0.172706
0.193063 0.096810 0.172507
0.193225 0.096748 0.172406
0.193386 0.096685 0.172304
0.193554 0.096670 0.172105
0.193716 0.096607 0.172004
0.193878 0.096545 0.171902
0.194047 0.096530 0.171703
0.194209 0.096467 0.171601
0.194371 0.096404 0.171499
0.194549 0.096437 0.171201
0.195234 0.097348 0.168624
0.195401 0.097283 0.168519
0.195622 0.097505 0.167820
0.195809 0.097534 0.167516
0.196117 0.097261 0.167603
0.196285 0.097195 0.167497
0.196463 0.097177 0.167292
0.196642 0.097159 0.167086
0.197136 0.096915 0.166869
0.197294 0.096803 0.166864
0.197462 0.096737 0.166758
0.197630 0.096672 0.166653
0.197798 0.096607 0.166547
0.197966 0.096541 0.166442
0.198134 0.096476 0.166336
0.198302 0.096410 0.166231
0.198470 0.096345 0.166125
0.198625 0.096233 0.166121
0.198793 0.096168 0.166015
0.198961 0.096103 0.165910
0.199128 0.096037 0.165805
0.202285 0.101007 0.152530
0.202463 0.100887 0.152512
0.202640 0.100766 0.152494
0.181410 0.104862 0.172892
0.181594 0.104740 0.172870
0.181777 0.104617 0.172848
0.181961 0.104495 0.172826
0.182151 0.104319 0.172893
0.182333 0.104197 0.172872
0.182522 0.104022 0.172941
0.182703 0.103900 0.172921
0.182890 0.103725 0.172990
0.183076 0.103551 0.173060
0.183262 0.103377 0.173130
0.183446 0.103203 0.173201
0.183625 0.103082 0.173183
0.183803 0.102962 0.173164
0.183980 0.102842 0.173146
0.184153 0.102775 0.173038
0.184330 0.102655 0.173020
0.184506 0.102535 0.173003
0.184686 0.102363 0.173077
0.184858 0.102296 0.172969
0.185037 0.102125 0.173043
0.185212 0.102006 0.173027
0.185386 0.101887 0.173011
0.185560 0.101768 0.172995
0.185733 0.101650 0.172980
0.185909 0.101479 0.173056
0.186082 0.101361 0.173041
0.186256 0.101191 0.173119
0.186428 0.101074 0.173105
0.186599 0.100956 0.173091
0.186771 0.100787 0.173169
0.186941 0.100670 0.173156
0.187110 0.100553 0.173143
0.187281 0.100385 0.173223
0.187450 0.100217 0.173303
0.187618 0.100101 0.173291
0.187786 0.099984 0.173280
0.187953 0.099817 0.173361
0.188120 0.099701 0.173350
0.188286 0.099535 0.173433
0.188451 0.099420 0.173423
0.188616 0.099304 0.173412
0.188781 0.099189 0.173402
0.188944 0.099024 0.173487
0.189108 0.098909 0.173477
0.189271 0.098795 0.173468
0.189432 0.098630 0.173554
0.189593 0.098465 0.173640
0.189752 0.098301 0.173727
0.189913 0.098188 0.173719
0.190074 0.098074 0.173712
0.190234 0.097961 0.173705
0.190394 0.097848 0.173698
0.190553 0.097735 0.173691
0.190709 0.097572 0.173780
0.190870 0.097509 0.173679
0.191028 0.097397 0.173673
0.191186 0.097284 0.173667
0.191347 0.097222 0.173566
0.191508 0.097159 0.173465
0.191665 0.097047 0.173460
0.191822 0.096935 0.173455
0.191983 0.096872 0.173354
0.192148 0.096859 0.173156
0.192310 0.096796 0.173055
0.192471 0.096733 0.172954
0.192632 0.096671 0.172853
0.192799 0.096657 0.172655
0.192960 0.096594 0.172553
0.193121 0.096531 0.172452
0.193289 0.096517 0.172253
0.193450 0.096454 0.172152
0.193612 0.096391 0.172050
0.193773 0.096328 0.171949
0.193942 0.096313 0.171750
0.194104 0.096250 0.171648
0.194273 0.096235 0.171448
0.194443 0.096220 0.171248
0.194613 0.096205 0.171048
0.194783 0.096190 0.170847
0.195579 0.096695 0.168852
0.195745 0.096631 0.168748
0.195930 0.096661 0.168445
0.196184 0.097021 0.167444
0.196362 0.097002 0.167239
0.196510 0.096843 0.167333
0.196678 0.096777 0.167227
0.196867 0.096806 0.166922
0.197035 0.096740 0.166816
0.197192 0.096628 0.166811
0.197360 0.096563 0.166705
0.197528 0.096497 0.166600
0.197685 0.096385 0.166595
0.197852 0.096320 0.166489
0.198020 0.096255 0.166384
0.198188 0.096189 0.166279
0.198356 0.096124 0.166173
0.198524 0.096059 0.166068
0.198692 0.095993 0.165962
0.198859 0.095928 0.165857
0.199027 0.095863 0.165752
0.199182 0.095752 0.165748
0.199349 0.095686 0.165643
0.202184 0.100852 0.152366
0.202362 0.100732 0.152348
0.202524 0.100567 0.152433
0.202685 0.100402 0.152519
0.202877 0.100327 0.152398
0.203053 0.100208 0.152381
0.180756 0.104993 0.172992
0.180942 0.104870 0.172969
0.181135 0.104693 0.173035
0.181311 0.104625 0.172924
0.181495 0.104502 0.172902
0.181679 0.104380 0.172881
0.181869 0.104205 0.172948
0.182052 0.104083 0.172927
0.182241 0.103908 0.172996
0.182423 0.103786 0.172975
0.182611 0.103612 0.173044
0.182798 0.103438 0.173114
0.182984 0.103264 0.173184
0.183163 0.103143 0.173165
0.183348 0.102970 0.173237
0.183526 0.102850 0.173218
0.183704 0.102730 0.173200
0.183881 0.102610 0.173182
0.184054 0.102543 0.173074
0.184230 0.102423 0.173057
0.184407 0.102304 0.173039
0.184587 0.102132 0.173113
0.184759 0.102066 0.173006
0.184938 0.101895 0.173080
0.185112 0.101776 0.173064
0.185287 0.101657 0.173048
0.185460 0.101539 0.173033
0.185637 0.101369 0.173109
0.185810 0.101251 0.173094
0.185985 0.101081 0.173172
0.186156 0.100964 0.173157
0.186328 0.100846 0.173143
0.186501 0.100678 0.173222
0.186671 0.100561 0.173209
0.186843 0.100392 0.173288
0.187012 0.100276 0.173275
0.187182 0.100108 0.173356
0.187350 0.099992 0.173344
0.187518 0.099876 0.173332
0.187686 0.099709 0.173413
0.187853 0.099593 0.173402
0.188020 0.099427 0.173485
0.188185 0.099312 0.173474
0.188351 0.099197 0.173464
0.188515 0.099031 0.173548
0.188680 0.098916 0.173538
0.188844 0.098802 0.173529
0.189007 0.098688 0.173520
0.189169 0.098523 0.173605
0.189330 0.098359 0.173691
0.189491 0.098195 0.173778
0.189650 0.098032 0.173865
0.189809 0.097869 0.173952
0.189969 0.097755 0.173945
0.190126 0.097593 0.174034
0.190285 0.097480 0.174028
0.190441 0.097318 0.174117
0.190602 0.097255 0.174016
0.190760 0.097143 0.174010
0.190917 0.097031 0.174005
0.191078 0.096969 0.173904
0.191238 0.096906 0.173803
0.191395 0.096795 0.173799
0.191555 0.096732 0.173698
0.191716 0.096670 0.173597
0.191876 0.096607 0.173496
0.192042 0.096594 0.173299
0.192202 0.096531 0.173198
0.192363 0.096469 0.173097
0.192523 0.096406 0.172996
0.192690 0.096392 0.172798
0.192857 0.096378 0.172600
0.193018 0.096315 0.172499
0.193179 0.096252 0.172397
0.193346 0.096238 0.172198
0.193508 0.096175 0.172097
0.193669 0.096112 0.171996
0.193830 0.096049 0.171895
0.193991 0.095987 0.171793
0.194160 0.095972 0.171594
0.194329 0.095956 0.171394
0.194491 0.095893 0.171292
0.194661 0.095878 0.171092
0.194831 0.095862 0.170891
0.195010 0.095894 0.170592
0.195182 0.095878 0.170390
0.195371 0.095956 0.169990
0.195645 0.096458 0.168695
0.195830 0.096488 0.168392
0.196378 0.096528 0.167579
0.196546 0.096463 0.167474
0.196744 0.096537 0.167069
0.196912 0.096472 0.166963
0.197069 0.096360 0.166958
0.197237 0.096295 0.166853
0.197404 0.096230 0.166748
0.197572 0.096165 0.166643
0.197739 0.096099 0.166537
0.197907 0.096034 0.166432
0.198075 0.095969 0.166327
0.198242 0.095904 0.166221
0.198410 0.095838 0.166116
0.198578 0.095773 0.166011
0.198745 0.095708 0.165906
0.198913 0.095642 0.165800
0.199080 0.095577 0.165695
0.199248 0.095512 0.165590
0.199416 0.095447 0.165485
0.202408 0.100367 0.152372
0.202569 0.100202 0.152458
0.202746 0.100083 0.152441
0.202922 0.099964 0.152424
0.203097 0.099845 0.152408
0.203288 0.099770 0.152288
0.203463 0.099652 0.152271
0.179549 0.107306 0.169784
0.180658 0.104755 0.173024
0.180852 0.104579 0.173090
0.181028 0.104510 0.172979
0.181221 0.104334 0.173046
0.181405 0.104212 0.173024
0.181596 0.104037 0.173092
0.181779 0.103915 0.173071
0.181961 0.103794 0.173050
0.182143 0.103673 0.173030
0.182331 0.103498 0.173099
0.182519 0.103325 0.173168
0.182699 0.103204 0.173149
0.182885 0.103031 0.173219
0.183065 0.102910 0.173201
0.183243 0.102790 0.173182
0.183428 0.102618 0.173254
0.183605 0.102498 0.173236
0.183783 0.102378 0.173218
0.183960 0.102259 0.173201
0.184132 0.102192 0.173093
0.184308 0.102073 0.173076
0.184484 0.101954 0.173059
0.184664 0.101783 0.173134
0.184839 0.101665 0.173118
0.185013 0.101546 0.173102
0.185187 0.101428 0.173086
0.185364 0.101258 0.173162
0.185538 0.101140 0.173147
0.185713 0.100971 0.173224
0.185885 0.100854 0.173210
0.186060 0.100685 0.173288
0.186231 0.100568 0.173274
0.186401 0.100451 0.173261
0.186574 0.100283 0.173340
0.186743 0.100167 0.173328
0.186914 0.099999 0.173408
0.187083 0.099883 0.173396
0.187251 0.099767 0.173384
0.187419 0.099601 0.173465
0.187587 0.099434 0.173547
0.187754 0.099319 0.173536
0.187920 0.099153 0.173619
0.188086 0.099039 0.173609
0.188251 0.098873 0.173693
0.188415 0.098759 0.173683
0.188579 0.098645 0.173674
0.188742 0.098480 0.173759
0.188906 0.098366 0.173751
0.189067 0.098203 0.173837
0.189227 0.097989 0.174018
0.189388 0.097876 0.174010
0.189547 0.097713 0.174098
0.189705 0.097551 0.174186
0.189863 0.097388 0.174275
0.190019 0.097227 0.174364
0.190177 0.097114 0.174358
0.190335 0.097003 0.174352
0.190493 0.096891 0.174347
0.190650 0.096779 0.174342
0.190810 0.096717 0.174242
0.190967 0.096605 0.174237
0.191126 0.096543 0.174137
0.191286 0.096481 0.174037
0.191446 0.096419 0.173936
0.191606 0.096357 0.173836
0.191766 0.096294 0.173735
0.191925 0.096232 0.173635
0.192085 0.096170 0.173535
0.192250 0.096156 0.173337
0.192416 0.096142 0.173140
0.192582 0.096128 0.172942
0.192742 0.096066 0.172841
0.192908 0.096051 0.172643
0.193069 0.095989 0.172542
0.193236 0.095974 0.172343
0.193404 0.095959 0.172144
0.193565 0.095897 0.172043
0.193726 0.095834 0.171942
0.193887 0.095771 0.171841
0.194048 0.095709 0.171740
0.194216 0.095693 0.171540
0.194386 0.095678 0.171340
0.194547 0.095615 0.171238
0.194717 0.095599 0.171038
0.194887 0.095584 0.170837
0.195057 0.095568 0.170637
0.195237 0.095599 0.170336
0.195409 0.095582 0.170135
0.196278 0.096354 0.167527
0.196435 0.096242 0.167522
0.196602 0.096177 0.167417
0.196800 0.096251 0.167011
0.196968 0.096186 0.166905
0.197135 0.096121 0.166800
0.197303 0.096055 0.166695
0.197471 0.095990 0.166590
0.197638 0.095925 0.166484
0.197806 0.095860 0.166379
0.197974 0.095794 0.166274
0.198141 0.095729 0.166169
0.198309 0.095664 0.166063
0.198464 0.095553 0.166060
0.198631 0.095488 0.165954
0.198812 0.095468 0.165747
0.198966 0.095358 0.165744
0.199134 0.095292 0.165639
0.199301 0.095227 0.165534
0.199468 0.095162 0.165429
0.202454 0.100003 0.152398
0.202615 0.099839 0.152484
0.202790 0.099720 0.152467
0.202966 0.099602 0.152451
0.203141 0.099483 0.152435
0.203332 0.099409 0.152315
0.203522 0.099334 0.152195
0.203696 0.099216 0.152179
0.203887 0.099142 0.152060
0.179118 0.106987 0.170395
0.179302 0.106915 0.170280
0.180133 0.105085 0.172574
0.180357 0.104748 0.172903
0.180561 0.104518 0.173057
0.180746 0.104395 0.173034
0.180939 0.104220 0.173101
0.181131 0.104045 0.173168
0.181315 0.103923 0.173147
0.181498 0.103802 0.173125
0.181688 0.103627 0.173194
0.181870 0.103506 0.173173
0.182052 0.103385 0.173153
0.182240 0.103211 0.173223
0.182428 0.103038 0.173293
0.182608 0.102918 0.173273
0.182787 0.102798 0.173255
0.182966 0.102678 0.173236
0.183151 0.102505 0.173308
0.183329 0.102386 0.173290
0.183507 0.102267 0.173272
0.183690 0.102095 0.173345
0.183861 0.102028 0.173237
0.184033 0.101962 0.173129
0.184214 0.101791 0.173203
0.184385 0.101724 0.173096
0.184565 0.101554 0.173171
0.184740 0.101435 0.173155
0.184914 0.101317 0.173139
0.185088 0.101199 0.173124
0.185266 0.101030 0.173200
0.185439 0.100912 0.173185
0.185614 0.100744 0.173263
0.185786 0.100627 0.173249
0.185961 0.100458 0.173327
0.186132 0.100342 0.173314
0.186302 0.100225 0.173300
0.186474 0.100058 0.173380
0.186644 0.099941 0.173367
0.186813 0.099825 0.173355
0.186983 0.099659 0.173436
0.187151 0.099543 0.173424
0.187321 0.099326 0.173599
0.187488 0.099211 0.173588
0.187655 0.099046 0.173671
0.187822 0.098881 0.173754
0.187987 0.098716 0.173838
0.188152 0.098551 0.173923
0.188316 0.098387 0.174007
0.188479 0.098223 0.174093
0.188641 0.098110 0.174084
0.188803 0.097947 0.174171
0.188964 0.097784 0.174257
0.189124 0.097621 0.174345
0.189283 0.097459 0.174433
0.189441 0.097297 0.174521
0.189599 0.097135 0.174610
0.189757 0.097023 0.174604
0.189913 0.096862 0.174694
0.190071 0.096750 0.174689
0.190228 0.096639 0.174684
0.190388 0.096577 0.174584
0.190544 0.096466 0.174579
0.190701 0.096355 0.174575
0.190860 0.096293 0.174475
0.191015 0.096182 0.174471
0.191174 0.096120 0.174371
0.191333 0.096058 0.174271
0.191492 0.095996 0.174172
0.191651 0.095934 0.174072
0.191815 0.095921 0.173875
0.191974 0.095859 0.173775
0.192133 0.095797 0.173675
0.192298 0.095783 0.173478
0.192463 0.095769 0.173280
0.192628 0.095755 0.173083
0.192794 0.095740 0.172885
0.192960 0.095726 0.172686
0.193120 0.095664 0.172586
0.193287 0.095649 0.172387
0.193447 0.095586 0.172286
0.193615 0.095571 0.172087
0.193775 0.095509 0.171986
0.193943 0.095494 0.171787
0.194104 0.095431 0.171686
0.194265 0.095368 0.171585
0.194434 0.095353 0.171385
0.194595 0.095290 0.171284
0.194764 0.095274 0.171084
0.194934 0.095259 0.170883
0.195104 0.095242 0.170682
0.195275 0.095226 0.170481
0.195455 0.095256 0.170180
0.196324 0.096022 0.167569
0.196491 0.095957 0.167464
0.196689 0.096031 0.167058
0.196856 0.095966 0.166953
0.197024 0.095900 0.166848
0.197202 0.095881 0.166642
0.197370 0.095816 0.166537
0.197537 0.095751 0.166431
0.197705 0.095685 0.166326
0.197872 0.095620 0.166221
0.198040 0.095555 0.166116
0.198195 0.095444 0.166112
0.198363 0.095379 0.166007
0.198530 0.095314 0.165902
0.198698 0.095249 0.165796
0.198865 0.095183 0.165691
0.199032 0.095118 0.165586
0.199186 0.095008 0.165583
0.199354 0.094943 0.165478
0.199521 0.094878 0.165373
0.202499 0.099640 0.152423
0.202628 0.099389 0.152718
0.202803 0.099271 0.152702
0.202994 0.099197 0.152582
0.203184 0.099122 0.152463
0.203358 0.099005 0.152447
0.203532 0.098887 0.152432
0.203705 0.098769 0.152417
0.203895 0.098695 0.152298
0.204050 0.098534 0.152388
0.178895 0.106489 0.171065
0.179109 0.106256 0.171213
0.179291 0.106185 0.171099
0.179800 0.105238 0.172190
0.180045 0.104793 0.172694
0.180259 0.104510 0.172935
0.180454 0.104334 0.173001
0.180648 0.104159 0.173067
0.180842 0.103984 0.173134
0.181034 0.103809 0.173201
0.181217 0.103688 0.173180
0.181408 0.103513 0.173248
0.181591 0.103393 0.173228
0.181780 0.103219 0.173297
0.181962 0.103098 0.173277
0.182150 0.102925 0.173347
0.182330 0.102805 0.173327
0.182517 0.102633 0.173398
0.182696 0.102513 0.173380
0.182875 0.102393 0.173361
0.183053 0.102274 0.173343
0.183231 0.102155 0.173325
0.183409 0.102036 0.173308
0.183586 0.101917 0.173291
0.183763 0.101798 0.173274
0.183935 0.101731 0.173166
0.184111 0.101613 0.173149
0.184291 0.101443 0.173224
0.184466 0.101324 0.173208
0.184641 0.101206 0.173192
0.184816 0.101089 0.173177
0.184993 0.100920 0.173253
0.185167 0.100802 0.173238
0.185343 0.100634 0.173316
0.185516 0.100517 0.173301
0.185690 0.100349 0.173380
0.185862 0.100232 0.173366
0.186035 0.100065 0.173445
0.186206 0.099948 0.173432
0.186375 0.099832 0.173420
0.186545 0.099716 0.173407
0.186714 0.099601 0.173395
0.186883 0.099485 0.173383
0.187052 0.099319 0.173465
0.187223 0.099053 0.173733
0.187392 0.098838 0.173909
0.187559 0.098673 0.173993
0.187725 0.098458 0.174170
0.187889 0.098344 0.174161
0.188053 0.098181 0.174246
0.188217 0.098017 0.174332
0.188379 0.097854 0.174418
0.188541 0.097741 0.174410
0.188702 0.097579 0.174497
0.188862 0.097416 0.174584
0.189022 0.097255 0.174672
0.189180 0.097093 0.174761
0.189338 0.096932 0.174850
0.189495 0.096771 0.174939
0.189653 0.096659 0.174934
0.189808 0.096499 0.175025
0.189968 0.096437 0.174925
0.190124 0.096326 0.174920
0.190281 0.096215 0.174916
0.190437 0.096105 0.174912
0.190595 0.096043 0.174813
0.190754 0.095981 0.174713
0.190912 0.095919 0.174613
0.191067 0.095809 0.174610
0.191226 0.095748 0.174511
0.191384 0.095686 0.174411
0.191542 0.095624 0.174312
0.191705 0.095611 0.174115
0.191864 0.095549 0.174016
0.192023 0.095487 0.173916
0.192186 0.095473 0.173719
0.192345 0.095412 0.173619
0.192515 0.095445 0.173325
0.192674 0.095383 0.173225
0.192839 0.095369 0.173027
0.193005 0.095354 0.172829
0.193171 0.095340 0.172631
0.193331 0.095277 0.172530
0.193497 0.095263 0.172331
0.193664 0.095247 0.172133
0.193825 0.095185 0.172032
0.193985 0.095123 0.171931
0.194153 0.095107 0.171732
0.194313 0.095045 0.171631
0.194490 0.095076 0.171332
0.194659 0.095060 0.171132
0.194820 0.094997 0.171031
0.194989 0.094981 0.170830
0.195151 0.094918 0.170729
0.195339 0.094995 0.170328
0.195529 0.095071 0.169927
0.196008 0.095683 0.168122
0.196174 0.095618 0.168017
0.196380 0.095738 0.167512
0.196567 0.095765 0.167206
0.196745 0.095746 0.167001
0.196922 0.095726 0.166795
0.197090 0.095661 0.166690
0.197257 0.095596 0.166585
0.197425 0.095531 0.166480
0.197592 0.095466 0.166374
0.197760 0.095400 0.166269
0.197927 0.095335 0.166164
0.198094 0.095270 0.166059
0.198262 0.095205 0.165954
0.198417 0.095095 0.165951
0.198584 0.095030 0.165845
0.198751 0.094964 0.165740
0.198918 0.094899 0.165635
0.199086 0.094834 0.165530
0.199253 0.094769 0.165425
0.199420 0.094704 0.165320
0.199587 0.094639 0.165215
0.199754 0.094574 0.165110
0.199922 0.094509 0.165005
0.202513 0.099191 0.152658
0.202688 0.099073 0.152642
0.202863 0.098955 0.152626
0.203053 0.098881 0.152507
0.203227 0.098763 0.152491
0.203401 0.098646 0.152476
0.203574 0.098528 0.152462
0.203747 0.098411 0.152447
0.203936 0.098337 0.152328
0.204108 0.098220 0.152314
0.178624 0.106262 0.171297
0.178838 0.106030 0.171445
0.179051 0.105798 0.171594
0.179273 0.105513 0.171831
0.179453 0.105443 0.171718
0.179721 0.104891 0.172397
0.179938 0.104608 0.172638
0.180153 0.104326 0.172880
0.180357 0.104097 0.173034
0.180551 0.103923 0.173100
0.180753 0.103695 0.173256
0.180937 0.103574 0.173235
0.181128 0.103400 0.173303
0.181319 0.103226 0.173371
0.181501 0.103106 0.173351
0.181691 0.102933 0.173420
0.181872 0.102812 0.173401
0.182060 0.102640 0.173471
0.182240 0.102520 0.173452
0.182419 0.102401 0.173434
0.182599 0.102281 0.173415
0.182777 0.102162 0.173397
0.182962 0.101991 0.173469
0.183134 0.101924 0.173362
0.183311 0.101805 0.173344
0.183489 0.101686 0.173327
0.183665 0.101568 0.173310
0.183836 0.101501 0.173203
0.184013 0.101383 0.173186
0.184193 0.101213 0.173261
0.184368 0.101096 0.173245
0.184543 0.100978 0.173230
0.184721 0.100809 0.173306
0.184899 0.100641 0.173383
0.185076 0.100472 0.173460
0.185248 0.100356 0.173446
0.185424 0.100188 0.173524
0.185595 0.100072 0.173511
0.185766 0.099955 0.173497
0.185937 0.099839 0.173484
0.186107 0.099723 0.173472
0.186277 0.099608 0.173459
0.186446 0.099492 0.173447
0.186615 0.099377 0.173435
0.186782 0.099312 0.173330
0.186953 0.099096 0.173505
0.187126 0.098780 0.173868
0.187296 0.098516 0.174138
0.187465 0.098202 0.174502
0.187630 0.098038 0.174587
0.187794 0.097875 0.174673
0.187956 0.097762 0.174665
0.188119 0.097550 0.174845
0.188281 0.097387 0.174932
0.188441 0.097275 0.174925
0.188602 0.097113 0.175013
0.188761 0.097002 0.175007
0.188920 0.096841 0.175095
0.189079 0.096729 0.175090
0.189236 0.096568 0.175179
0.189394 0.096457 0.175174
0.189550 0.096297 0.175265
0.189707 0.096187 0.175260
0.189863 0.096076 0.175256
0.190021 0.096014 0.175157
0.190177 0.095904 0.175153
0.190335 0.095843 0.175054
0.190494 0.095781 0.174954
0.190649 0.095671 0.174951
0.190807 0.095609 0.174852
0.190965 0.095548 0.174753
0.191123 0.095486 0.174654
0.191280 0.095425 0.174554
0.191438 0.095363 0.174455
0.191596 0.095302 0.174356
0.191754 0.095240 0.174257
0.191917 0.095227 0.174060
0.192075 0.095165 0.173961
0.192239 0.095151 0.173764
0.192403 0.095137 0.173567
0.192567 0.095123 0.173370
0.192726 0.095061 0.173270
0.192890 0.095046 0.173072
0.193056 0.095032 0.172874
0.193215 0.094970 0.172774
0.193381 0.094955 0.172576
0.193540 0.094893 0.172476
0.193707 0.094878 0.172277
0.193866 0.094816 0.172177
0.194033 0.094800 0.171978
0.194193 0.094738 0.171877
0.194361 0.094722 0.171678
0.194529 0.094706 0.171478
0.194698 0.094691 0.171278
0.194858 0.094628 0.171177
0.195027 0.094612 0.170977
0.195206 0.094642 0.170676
0.195394 0.094717 0.170275
0.195908 0.095510 0.168069
0.196074 0.095446 0.167965
0.196279 0.095564 0.167459
0.196466 0.095591 0.167153
0.196644 0.095572 0.166948
0.196811 0.095507 0.166843
0.196989 0.095487 0.166637
0.197156 0.095422 0.166532
0.197324 0.095357 0.166427
0.197491 0.095291 0.166321
0.197647 0.095181 0.166318
0.197814 0.095116 0.166213
0.197981 0.095051 0.166108
0.198149 0.094986 0.166003
0.198316 0.094921 0.165898
0.198483 0.094856 0.165793
0.198650 0.094790 0.165688
0.198817 0.094725 0.165583
0.198971 0.094616 0.165580
0.199138 0.094551 0.165475
0.199305 0.094486 0.165370
0.199472 0.094421 0.165265
0.199639 0.094356 0.165160
0.199806 0.094291 0.165056
0.199959 0.094182 0.165054
0.200126 0.094117 0.164949
0.202748 0.098757 0.152566
0.202938 0.098683 0.152446
0.203112 0.098566 0.152431
0.203286 0.098448 0.152416
0.203459 0.098331 0.152402
0.203632 0.098214 0.152387
0.203805 0.098097 0.152373
0.203994 0.098024 0.152254
0.204166 0.097907 0.152241
0.204355 0.097834 0.152122
0.178557 0.105858 0.171589
0.178771 0.105626 0.171738
0.178983 0.105395 0.171888
0.179195 0.105165 0.172038
0.179374 0.105095 0.171925
0.179633 0.104599 0.172517
0.179840 0.104370 0.172670
0.180055 0.104089 0.172912
0.180260 0.103861 0.173067
0.180463 0.103634 0.173222
0.180656 0.103460 0.173289
0.180848 0.103286 0.173357
0.181040 0.103113 0.173425
0.181231 0.102940 0.173494
0.181420 0.102767 0.173564
0.181602 0.102647 0.173544
0.181782 0.102527 0.173525
0.181963 0.102408 0.173506
0.182150 0.102236 0.173577
0.182329 0.102117 0.173559
0.182508 0.101998 0.173541
0.182687 0.101879 0.173523
0.182865 0.101760 0.173505
0.183042 0.101642 0.173488
0.183214 0.101575 0.173381
0.183391 0.101457 0.173364
0.183568 0.101338 0.173347
0.183738 0.101272 0.173240
0.183920 0.101103 0.173314
0.184095 0.100985 0.173299
0.184275 0.100816 0.173374
0.184449 0.100699 0.173359
0.184628 0.100530 0.173436
0.184805 0.100363 0.173513
0.184982 0.100195 0.173590
0.185158 0.100028 0.173669
0.185329 0.099912 0.173655
0.185500 0.099796 0.173642
0.185671 0.099680 0.173629
0.185839 0.099614 0.173524
0.186009 0.099499 0.173511
0.186178 0.099383 0.173499
0.186345 0.099318 0.173394
0.186514 0.099203 0.173382
0.186683 0.099088 0.173371
0.186860 0.098723 0.173826
0.187031 0.098459 0.174096
0.187207 0.097946 0.174834
0.187370 0.097882 0.174732
0.187536 0.097570 0.175098
0.187700 0.097358 0.175279
0.187861 0.097296 0.175178
0.188023 0.097134 0.175265
0.188183 0.096973 0.175352
0.188343 0.096861 0.175346
0.188503 0.096749 0.175340
0.188662 0.096589 0.175429
0.188820 0.096478 0.175424
0.188978 0.096367 0.175419
0.189135 0.096207 0.175509
0.189292 0.096096 0.175505
0.189449 0.095986 0.175501
0.189607 0.095924 0.175401
0.189763 0.095814 0.175397
0.189921 0.095753 0.175298
0.190077 0.095643 0.175295
0.190235 0.095581 0.175196
0.190392 0.095520 0.175097
0.190550 0.095458 0.174998
0.190705 0.095349 0.174995
0.190862 0.095288 0.174896
0.191020 0.095226 0.174797
0.191177 0.095165 0.174698
0.191339 0.095151 0.174502
0.191497 0.095090 0.174403
0.191655 0.095028 0.174304
0.191812 0.094967 0.174205
0.191975 0.094953 0.174008
0.192133 0.094892 0.173909
0.192291 0.094830 0.173810
0.192454 0.094816 0.173613
0.192613 0.094754 0.173514
0.192777 0.094740 0.173316
0.192941 0.094725 0.173119
0.193100 0.094663 0.173019
0.193265 0.094648 0.172821
0.193424 0.094587 0.172721
0.193590 0.094572 0.172523
0.193756 0.094556 0.172324
0.193915 0.094494 0.172224
0.194074 0.094432 0.172124
0.194241 0.094417 0.171925
0.194408 0.094401 0.171725
0.194576 0.094385 0.171526
0.194736 0.094323 0.171425
0.194904 0.094307 0.171225
0.195073 0.094290 0.171025
0.195261 0.094366 0.170624
0.195541 0.094899 0.169222
0.195705 0.094835 0.169119
0.195935 0.095091 0.168314
0.196199 0.095482 0.167206
0.196366 0.095417 0.167101
0.196533 0.095352 0.166996
0.196710 0.095333 0.166790
0.196877 0.095268 0.166685
0.197044 0.095202 0.166580
0.197223 0.095182 0.166374
0.197379 0.095072 0.166370
0.197546 0.095007 0.166265
0.197713 0.094942 0.166160
0.197869 0.094832 0.166157
0.198036 0.094767 0.166052
0.198203 0.094702 0.165947
0.198370 0.094637 0.165842
0.198537 0.094572 0.165737
0.198704 0.094507 0.165632
0.198871 0.094442 0.165527
0.199024 0.094333 0.165525
0.199191 0.094268 0.165420
0.199358 0.094203 0.165316
0.199511 0.094094 0.165314
0.199663 0.093985 0.165312
0.199815 0.093877 0.165311
0.199967 0.093768 0.165310
0.200118 0.093660 0.165310
0.200284 0.093595 0.165205
0.202824 0.098485 0.152386
0.202998 0.098368 0.152371
0.203172 0.098251 0.152356
0.203345 0.098134 0.152342
0.203518 0.098017 0.152327
0.203691 0.097901 0.152313
0.203880 0.097827 0.152195
0.204069 0.097753 0.152076
0.204241 0.097637 0.152062
0.204430 0.097563 0.151944
0.178244 0.105847 0.171471
0.178481 0.105509 0.171795
0.178694 0.105278 0.171944
0.178906 0.105048 0.172094
0.179117 0.104818 0.172245
0.179327 0.104589 0.172397
0.179526 0.104414 0.172461
0.179733 0.104186 0.172614
0.179949 0.103905 0.172856
0.180163 0.103625 0.173099
0.180357 0.103451 0.173166
0.180560 0.103225 0.173323
0.180752 0.103052 0.173391
0.180943 0.102879 0.173459
0.181142 0.102654 0.173618
0.181332 0.102482 0.173688
0.181513 0.102363 0.173668
0.181693 0.102243 0.173650
0.181874 0.102124 0.173631
0.182053 0.102005 0.173613
0.182240 0.101834 0.173684
0.182411 0.101767 0.173577
0.182590 0.101649 0.173559
0.182768 0.101530 0.173542
0.182945 0.101412 0.173524
0.183123 0.101294 0.173508
0.183299 0.101176 0.173491
0.183476 0.101058 0.173475
0.183646 0.100992 0.173368
0.183822 0.100874 0.173352
0.184008 0.100654 0.173519
0.184182 0.100537 0.173503
0.184366 0.100318 0.173672
0.184543 0.100151 0.173749
0.184720 0.099984 0.173827
0.184892 0.099868 0.173813
0.185064 0.099752 0.173800
0.185239 0.099585 0.173879
0.185410 0.099470 0.173866
0.185577 0.099405 0.173761
0.185744 0.099340 0.173656
0.185911 0.099275 0.173551
0.186080 0.099160 0.173539
0.186247 0.099095 0.173434
0.186414 0.099030 0.173330
0.186583 0.098915 0.173318
0.186760 0.098551 0.173773
0.186932 0.098288 0.174043
0.187109 0.097776 0.174782
0.187271 0.097713 0.174680
0.187446 0.097056 0.175704
0.187607 0.096944 0.175698
0.187767 0.096881 0.175597
0.187927 0.096721 0.175685
0.188087 0.096609 0.175679
0.188247 0.096498 0.175674
0.188405 0.096338 0.175763
0.188564 0.096276 0.175663
0.188722 0.096165 0.175658
0.188880 0.096055 0.175654
0.189037 0.095945 0.175649
0.189194 0.095834 0.175645
0.189351 0.095724 0.175641
0.189508 0.095663 0.175542
0.189666 0.095601 0.175443
0.189822 0.095492 0.175440
0.189979 0.095430 0.175341
0.190134 0.095321 0.175338
0.190292 0.095260 0.175239
0.190449 0.095198 0.175140
0.190607 0.095137 0.175041
0.190764 0.095076 0.174943
0.190921 0.095015 0.174844
0.191079 0.094953 0.174745
0.191236 0.094892 0.174646
0.191397 0.094878 0.174450
0.191555 0.094817 0.174351
0.191713 0.094756 0.174252
0.191870 0.094694 0.174153
0.192028 0.094633 0.174054
0.192185 0.094572 0.173955
0.192348 0.094557 0.173759
0.192506 0.094496 0.173660
0.192670 0.094481 0.173462
0.192828 0.094420 0.173363
0.192986 0.094358 0.173264
0.193150 0.094343 0.173066
0.193308 0.094282 0.172967
0.193473 0.094267 0.172769
0.193632 0.094205 0.172669
0.193790 0.094143 0.172570
0.193956 0.094128 0.172371
0.194122 0.094112 0.172172
0.194289 0.094097 0.171973
0.194448 0.094035 0.171873
0.194615 0.094019 0.171674
0.194783 0.094003 0.171474
0.194959 0.094032 0.171174
0.195137 0.094061 0.170874
0.195342 0.094227 0.170272
0.195606 0.094665 0.169068
0.195788 0.094692 0.168764
0.196098 0.095309 0.167153
0.196265 0.095244 0.167048
0.196432 0.095179 0.166943
0.196609 0.095159 0.166737
0.196776 0.095094 0.166632
0.196943 0.095029 0.166527
0.197122 0.095008 0.166321
0.197278 0.094898 0.166317
0.197445 0.094833 0.166212
0.197612 0.094768 0.166107
0.197768 0.094658 0.166104
0.197935 0.094593 0.165999
0.198102 0.094528 0.165894
0.198269 0.094463 0.165789
0.198423 0.094354 0.165787
0.198590 0.094289 0.165682
0.198744 0.094180 0.165680
0.198897 0.094071 0.165678
0.199064 0.094007 0.165573
0.199230 0.093942 0.165469
0.199383 0.093833 0.165467
0.199535 0.093725 0.165466
0.199687 0.093617 0.165465
0.199838 0.093509 0.165465
0.199989 0.093401 0.165464
0.200154 0.093336 0.165361
0.200320 0.093272 0.165257
0.203593 0.097746 0.152149
0.203766 0.097630 0.152135
0.203955 0.097557 0.152016
0.204144 0.097483 0.151897
0.204333 0.097409 0.151778
0.204504 0.097293 0.151765
0.177987 0.105568 0.171790
0.178168 0.105497 0.171676
0.178416 0.105107 0.172088
0.178618 0.104931 0.172150
0.178819 0.104755 0.172213
0.179030 0.104526 0.172364
0.179219 0.104404 0.172340
0.179428 0.104176 0.172493
0.179636 0.103948 0.172646
0.179852 0.103669 0.172889
0.180057 0.103442 0.173044
0.180251 0.103269 0.173111
0.180454 0.103043 0.173267
0.180655 0.102818 0.173425
0.180856 0.102594 0.173583
0.181046 0.102422 0.173652
0.181236 0.102250 0.173722
0.181417 0.102131 0.173703
0.181605 0.101960 0.173774
0.181785 0.101841 0.173756
0.181964 0.101722 0.173738
0.182143 0.101604 0.173720
0.182322 0.101485 0.173703
0.182493 0.101419 0.173595
0.182671 0.101300 0.173578
0.182855 0.101131 0.173652
0.183032 0.101013 0.173635
0.183208 0.100896 0.173619
0.183390 0.100727 0.173694
0.183560 0.100661 0.173587
0.183741 0.100493 0.173663
0.183926 0.100274 0.173830
0.184105 0.100107 0.173907
0.184283 0.099940 0.173985
0.184460 0.099773 0.174062
0.184636 0.099607 0.174141
0.184812 0.099441 0.174220
0.184983 0.099325 0.174207
0.185153 0.099210 0.174195
0.185319 0.099145 0.174090
0.185486 0.099080 0.173986
0.185652 0.099016 0.173881
0.185819 0.098951 0.173777
0.185985 0.098886 0.173672
0.186151 0.098821 0.173568
0.186313 0.098856 0.173277
0.186480 0.098791 0.173172
0.187038 0.096717 0.176417
0.187197 0.096655 0.176317
0.187354 0.096642 0.176123
0.187514 0.096580 0.176023
0.187674 0.096469 0.176017
0.187833 0.096358 0.176012
0.187992 0.096247 0.176007
0.188151 0.096186 0.175907
0.188309 0.096026 0.175997
0.188467 0.095965 0.175897
0.188625 0.095855 0.175893
0.188782 0.095744 0.175889
0.188940 0.095683 0.175790
0.189096 0.095573 0.175786
0.189253 0.095463 0.175782
0.189410 0.095402 0.175684
0.189567 0.095341 0.175585
0.189723 0.095232 0.175582
0.189880 0.095170 0.175483
0.190037 0.095109 0.175384
0.190194 0.095048 0.175286
0.190351 0.094987 0.175187
0.190509 0.094926 0.175088
0.190666 0.094864 0.174990
0.190823 0.094803 0.174891
0.190980 0.094742 0.174792
0.191137 0.094681 0.174693
0.191298 0.094667 0.174498
0.191456 0.094606 0.174399
0.191613 0.094545 0.174300
0.191770 0.094483 0.174201
0.191928 0.094422 0.174102
0.192085 0.094361 0.174003
0.192243 0.094299 0.173905
0.192400 0.094238 0.173806
0.192563 0.094224 0.173609
0.192720 0.094162 0.173510
0.192878 0.094101 0.173411
0.193036 0.094040 0.173312
0.193193 0.093978 0.173213
0.193351 0.093917 0.173114
0.193508 0.093856 0.173015
0.193666 0.093794 0.172916
0.193823 0.093733 0.172817
0.193989 0.093717 0.172619
0.194146 0.093656 0.172520
0.194312 0.093640 0.172321
0.194470 0.093579 0.172222
0.194628 0.093517 0.172122
0.194863 0.093866 0.171123
0.195040 0.093895 0.170823
0.195245 0.094059 0.170221
0.195526 0.094585 0.168815
0.195689 0.094522 0.168712
0.196007 0.095180 0.166999
0.196174 0.095115 0.166894
0.196341 0.095050 0.166789
0.196518 0.095030 0.166583
0.196686 0.094965 0.166478
0.196853 0.094899 0.166373
0.197021 0.094834 0.166268
0.197177 0.094724 0.166264
0.197344 0.094659 0.166159
0.197500 0.094550 0.166156
0.197667 0.094485 0.166051
0.197834 0.094420 0.165946
0.197989 0.094311 0.165943
0.198144 0.094201 0.165941
0.198310 0.094137 0.165836
0.198464 0.094028 0.165834
0.198630 0.093963 0.165730
0.198784 0.093854 0.165728
0.198923 0.093702 0.165830
0.199089 0.093638 0.165725
0.199255 0.093573 0.165621
0.199407 0.093465 0.165620
0.199558 0.093357 0.165620
0.199724 0.093293 0.165516
0.199875 0.093185 0.165516
0.200040 0.093121 0.165412
0.200190 0.093014 0.165412
0.200355 0.092950 0.165309
0.200520 0.092885 0.165205
0.203479 0.097550 0.152089
0.203668 0.097476 0.151970
0.203841 0.097360 0.151956
0.204030 0.097286 0.151837
0.204219 0.097213 0.151719
0.204408 0.097139 0.151600
0.177877 0.105379 0.171733
0.178127 0.104990 0.172144
0.178341 0.104761 0.172294
0.178532 0.104638 0.172269
0.178733 0.104463 0.172332
0.178933 0.104288 0.172396
0.179122 0.104165 0.172372
0.179321 0.103991 0.172437
0.179529 0.103764 0.172590
0.179745 0.103485 0.172833
0.179951 0.103259 0.172988
0.180145 0.103086 0.173056
0.180349 0.102862 0.173212
0.180550 0.102637 0.173370
0.180751 0.102413 0.173528
0.180950 0.102190 0.173687
0.181140 0.102019 0.173757
0.181321 0.101900 0.173738
0.181509 0.101729 0.173810
0.181689 0.101610 0.173792
0.181868 0.101492 0.173774
0.182047 0.101374 0.173756
0.182226 0.101256 0.173739
0.182411 0.101086 0.173812
0.182581 0.101020 0.173705
0.182759 0.100902 0.173688
0.182942 0.100734 0.173763
0.183124 0.100566 0.173838
0.183306 0.100398 0.173913
0.183475 0.100332 0.173807
0.183661 0.100114 0.173974
0.183845 0.099896 0.174143
0.184029 0.099679 0.174312
0.184206 0.099512 0.174390
0.184373 0.099447 0.174285
0.184536 0.099433 0.174088
0.184733 0.099016 0.174627
0.184903 0.098901 0.174615
0.185072 0.098786 0.174604
0.185241 0.098672 0.174592
0.185406 0.098608 0.174489
0.185568 0.098593 0.174292
0.185737 0.098479 0.174281
0.185902 0.098415 0.174177
0.186051 0.098648 0.173515
0.186947 0.096404 0.176648
0.187105 0.096342 0.176548
0.187263 0.096280 0.176449
0.187423 0.096170 0.176443
0.187581 0.096108 0.176344
0.187739 0.096047 0.176245
0.187898 0.095936 0.176240
0.188056 0.095875 0.176141
0.188214 0.095813 0.176041
0.188371 0.095703 0.176037
0.188529 0.095593 0.176033
0.188686 0.095532 0.175934
0.188843 0.095422 0.175930
0.189000 0.095361 0.175832
0.189156 0.095252 0.175828
0.189314 0.095190 0.175730
0.189471 0.095129 0.175631
0.189626 0.095020 0.175628
0.189783 0.094959 0.175529
0.189940 0.094898 0.175431
0.190097 0.094837 0.175332
0.190254 0.094776 0.175234
0.190411 0.094715 0.175135
0.190568 0.094654 0.175037
0.190728 0.094640 0.174841
0.190885 0.094579 0.174742
0.191042 0.094517 0.174644
0.191199 0.094456 0.174545
0.191357 0.094395 0.174446
0.191514 0.094334 0.174348
0.191671 0.094273 0.174249
0.191828 0.094212 0.174150
0.191985 0.094150 0.174051
0.192142 0.094089 0.173953
0.192294 0.093981 0.173952
0.192451 0.093920 0.173854
0.192602 0.093813 0.173853
0.192759 0.093752 0.173755
0.192910 0.093645 0.173755
0.193066 0.093584 0.173657
0.193216 0.093477 0.173657
0.193373 0.093416 0.173559
0.193529 0.093355 0.173461
0.193692 0.093340 0.173263
0.193849 0.093279 0.173165
0.194013 0.093264 0.172967
0.194170 0.093203 0.172869
0.194327 0.093142 0.172770
0.194533 0.093353 0.172073
0.195906 0.095006 0.166947
0.196073 0.094941 0.166841
0.196240 0.094876 0.166736
0.196417 0.094856 0.166530
0.196585 0.094790 0.166425
0.196752 0.094725 0.166320
0.196920 0.094660 0.166215
0.197076 0.094550 0.166211
0.197232 0.094441 0.166208
0.197399 0.094376 0.166103
0.197555 0.094267 0.166100
0.197710 0.094158 0.166098
0.197864 0.094049 0.166095
0.198019 0.093940 0.166093
0.198173 0.093832 0.166091
0.198326 0.093724 0.166089
0.198492 0.093659 0.165985
0.198645 0.093551 0.165984
0.198797 0.093443 0.165983
0.198962 0.093379 0.165879
0.199128 0.093314 0.165775
0.199279 0.093207 0.165775
0.199431 0.093099 0.165775
0.199596 0.093035 0.165671
0.199761 0.092971 0.165567
0.199925 0.092906 0.165464
0.200090 0.092842 0.165360
0.200240 0.092735 0.165361
0.200405 0.092671 0.165257
0.200585 0.092650 0.165049
0.200750 0.092585 0.164946
0.200915 0.092521 0.164842
0.201096 0.092499 0.164634
0.203554 0.097279 0.151910
0.203743 0.097205 0.151791
0.203916 0.097089 0.151778
0.204105 0.097016 0.151659
0.204294 0.096942 0.151540
0.204501 0.096910 0.151315
0.204690 0.096836 0.151196
0.177850 0.104820 0.172288
0.178053 0.104644 0.172350
0.178256 0.104469 0.172413
0.178457 0.104294 0.172476
0.178658 0.104119 0.172539
0.178836 0.104049 0.172428
0.179036 0.103875 0.172492
0.179224 0.103753 0.172469
0.179422 0.103580 0.172534
0.179629 0.103354 0.172689
0.179835 0.103129 0.172844
0.180040 0.102904 0.173000
0.180243 0.102680 0.173157
0.180445 0.102456 0.173315
0.180646 0.102233 0.173473
0.180846 0.102010 0.173632
0.181036 0.101839 0.173703
0.181225 0.101669 0.173774
0.181422 0.101447 0.173935
0.181601 0.101329 0.173917
0.181788 0.101160 0.173990
0.181966 0.101042 0.173972
0.182144 0.100924 0.173956
0.182322 0.100807 0.173939
0.182506 0.100638 0.174013
0.182682 0.100521 0.173997
0.182865 0.100353 0.174072
0.183047 0.100186 0.174148
0.183234 0.099968 0.174315
0.183402 0.099903 0.174209
0.183587 0.099685 0.174378
0.183771 0.099469 0.174547
0.183938 0.099404 0.174442
0.184135 0.099037 0.174887
0.184311 0.098872 0.174967
0.184485 0.098707 0.175047
0.184655 0.098593 0.175036
0.184824 0.098479 0.175024
0.184992 0.098365 0.175013
0.185164 0.098201 0.175095
0.185332 0.098088 0.175085
0.185496 0.098024 0.174982
0.185659 0.097960 0.174879
0.185802 0.098243 0.174125
0.186696 0.096202 0.176885
0.186854 0.096141 0.176785
0.187012 0.096079 0.176686
0.187172 0.095969 0.176681
0.187330 0.095908 0.176582
0.187487 0.095846 0.176483
0.187645 0.095785 0.176384
0.187803 0.095675 0.176379
0.187961 0.095565 0.176375
0.188119 0.095504 0.176276
0.188276 0.095442 0.176177
0.188433 0.095333 0.176173
0.188590 0.095272 0.176075
0.188747 0.095211 0.175976
0.188904 0.095101 0.175973
0.189060 0.095040 0.175874
0.189217 0.094979 0.175776
0.189374 0.094918 0.175677
0.189531 0.094857 0.175578
0.189688 0.094796 0.175480
0.189845 0.094735 0.175381
0.190002 0.094674 0.175283
0.190159 0.094613 0.175184
0.190316 0.094551 0.175086
0.190473 0.094490 0.174987
0.190630 0.094429 0.174888
0.190787 0.094368 0.174790
0.190944 0.094307 0.174691
0.191101 0.094246 0.174593
0.191258 0.094185 0.174494
0.191415 0.094124 0.174395
0.191567 0.094016 0.174395
0.191724 0.093955 0.174296
0.191876 0.093847 0.174296
0.192027 0.093740 0.174295
0.192184 0.093679 0.174197
0.192335 0.093572 0.174197
0.192485 0.093465 0.174198
0.192641 0.093404 0.174100
0.192791 0.093298 0.174100
0.192941 0.093191 0.174101
0.193096 0.093131 0.174004
0.193252 0.093070 0.173906
0.193407 0.093010 0.173808
0.193563 0.092949 0.173711
0.193718 0.092889 0.173613
0.193881 0.092873 0.173416
0.194037 0.092813 0.173318
0.194185 0.092707 0.173320
0.194340 0.092646 0.173222
0.194504 0.092631 0.173024
0.195805 0.094832 0.166894
0.195972 0.094767 0.166789
0.196149 0.094747 0.166583
0.196316 0.094681 0.166477
0.196494 0.094661 0.166271
0.196661 0.094595 0.166166
0.196808 0.094442 0.166264
0.196964 0.094332 0.166260
0.197120 0.094223 0.166257
0.197276 0.094114 0.166254
0.197431 0.094006 0.166252
0.197598 0.093941 0.166147
0.197764 0.093876 0.166043
0.197894 0.093680 0.166245
0.198048 0.093572 0.166244
0.198189 0.093421 0.166345
0.198354 0.093356 0.166241
0.198519 0.093292 0.166138
0.198658 0.093141 0.166240
0.198823 0.093077 0.166137
0.198988 0.093013 0.166033
0.199139 0.092906 0.166033
0.199303 0.092842 0.165930
0.199468 0.092777 0.165826
0.199632 0.092713 0.165723
0.199797 0.092649 0.165620
0.199962 0.092585 0.165516
0.200126 0.092521 0.165413
0.200291 0.092457 0.165310
0.200455 0.092393 0.165206
0.200635 0.092371 0.164998
0.200800 0.092307 0.164895
0.200981 0.092285 0.164687
0.201146 0.092221 0.164583
0.201327 0.092199 0.164374
0.203818 0.096934 0.151612
0.204008 0.096861 0.151493
0.204197 0.096787 0.151374
0.204386 0.096713 0.151255
0.204576 0.096640 0.151137
0.204765 0.096566 0.151018
0.177562 0.104703 0.172344
0.177777 0.104475 0.172493
0.177980 0.104300 0.172556
0.178194 0.104072 0.172707
0.178383 0.103950 0.172683
0.178561 0.103881 0.172571
0.178761 0.103707 0.172636
0.178939 0.103638 0.172524
0.179117 0.103569 0.172413
0.179315 0.103395 0.172478
0.179522 0.103170 0.172633
0.179729 0.102946 0.172788
0.179924 0.102773 0.172856
0.180138 0.102498 0.173102
0.180340 0.102275 0.173260
0.180542 0.102052 0.173418
0.180742 0.101830 0.173578
0.180932 0.101660 0.173648
0.181130 0.101438 0.173809
0.181326 0.101217 0.173971
0.181514 0.101048 0.174043
0.181700 0.100880 0.174116
0.181886 0.100711 0.174189
0.182064 0.100594 0.174173
0.182248 0.100426 0.174247
0.182431 0.100258 0.174322
0.182607 0.100142 0.174306
0.182796 0.099924 0.174473
0.182977 0.099757 0.174549
0.183163 0.099541 0.174717
0.183330 0.099475 0.174612
0.183515 0.099259 0.174782
0.183698 0.099044 0.174952
0.183864 0.098979 0.174847
0.184056 0.098664 0.175202
0.184231 0.098500 0.175282
0.184405 0.098336 0.175363
0.184574 0.098222 0.175352
0.184742 0.098108 0.175342
0.184910 0.097995 0.175331
0.185081 0.097832 0.175414
0.185255 0.097620 0.175589
0.185418 0.097557 0.175487
0.185560 0.097790 0.174827
0.186124 0.096272 0.177039
0.186285 0.096161 0.177033
0.186445 0.096051 0.177027
0.186603 0.095989 0.176928
0.186761 0.095928 0.176829
0.186919 0.095866 0.176730
0.187077 0.095805 0.176631
0.187234 0.095743 0.176532
0.187393 0.095634 0.176527
0.187552 0.095524 0.176523
0.187709 0.095463 0.176424
0.187867 0.095353 0.176420
0.188024 0.095292 0.176321
0.188181 0.095183 0.176317
0.188338 0.095121 0.176219
0.188495 0.095060 0.176120
0.188651 0.094951 0.176117
0.188808 0.094890 0.176019
0.188965 0.094829 0.175920
0.189122 0.094768 0.175822
0.189278 0.094707 0.175723
0.189435 0.094646 0.175625
0.189592 0.094585 0.175526
0.189749 0.094524 0.175428
0.189905 0.094463 0.175330
0.190062 0.094402 0.175231
0.190219 0.094341 0.175133
0.190375 0.094280 0.175034
0.190532 0.094219 0.174936
0.190689 0.094158 0.174837
0.190846 0.094097 0.174739
0.191002 0.094036 0.174640
0.191155 0.093928 0.174639
0.191308 0.093821 0.174639
0.191460 0.093714 0.174638
0.191612 0.093607 0.174638
0.191767 0.093546 0.174540
0.191918 0.093439 0.174540
0.192069 0.093332 0.174541
0.192219 0.093226 0.174541
0.192375 0.093165 0.174444
0.192524 0.093059 0.174445
0.192673 0.092953 0.174446
0.192822 0.092847 0.174448
0.192977 0.092786 0.174351
0.193132 0.092726 0.174253
0.193286 0.092666 0.174156
0.193434 0.092560 0.174158
0.193588 0.092500 0.174061
0.193736 0.092395 0.174064
0.193890 0.092335 0.173967
0.194044 0.092275 0.173870
0.194190 0.092170 0.173873
0.194345 0.092110 0.173777
0.194507 0.092095 0.173580
0.194661 0.092034 0.173483
0.195713 0.094703 0.166740
0.195880 0.094638 0.166635
0.196048 0.094572 0.166530
0.196225 0.094552 0.166323
0.196393 0.094486 0.166218
0.196560 0.094421 0.166113
0.196707 0.094268 0.166211
0.196864 0.094159 0.166207
0.197020 0.094050 0.166204
0.197164 0.093897 0.166303
0.197320 0.093789 0.166301
0.197474 0.093680 0.166299
0.197629 0.093572 0.166297
0.197794 0.093508 0.166193
0.197948 0.093400 0.166191
0.198065 0.093162 0.166498
0.198217 0.093055 0.166498
0.198369 0.092948 0.166497
0.198520 0.092840 0.166497
0.198684 0.092777 0.166394
0.198848 0.092713 0.166291
0.198999 0.092606 0.166292
0.199163 0.092542 0.166189
0.199313 0.092436 0.166189
0.199477 0.092372 0.166087
0.199655 0.092351 0.165880
0.199819 0.092287 0.165777
0.199983 0.092223 0.165674
0.200161 0.092202 0.165466
0.200326 0.092138 0.165363
0.200505 0.092116 0.165156
0.200685 0.092094 0.164948
0.200850 0.092030 0.164844
0.201030 0.092008 0.164636
0.201211 0.091985 0.164427
0.201392 0.091963 0.164218
0.203893 0.096664 0.151433
0.204083 0.096590 0.151315
0.204272 0.096516 0.151196
0.204462 0.096443 0.151077
0.204669 0.096410 0.150851
0.204858 0.096336 0.150732
0.177502 0.104305 0.172637
0.177717 0.104078 0.172787
0.177920 0.103904 0.172850
0.178109 0.103782 0.172826
0.178299 0.103660 0.172803
0.178476 0.103591 0.172691
0.178654 0.103522 0.172580
0.178832 0.103453 0.172468
0.179009 0.103384 0.172356
0.179197 0.103263 0.172333
0.179406 0.103038 0.172488
0.179612 0.102814 0.172644
0.179818 0.102591 0.172800
0.180022 0.102368 0.172957
0.180226 0.102145 0.173115
0.180428 0.101923 0.173274
0.180637 0.101650 0.173523
0.180837 0.101429 0.173683
0.181035 0.101208 0.173844
0.181240 0.100937 0.174096
0.181427 0.100769 0.174169
0.181621 0.100549 0.174332
0.181807 0.100382 0.174406
0.181991 0.100214 0.174481
0.182168 0.100098 0.174465
0.182358 0.099880 0.174631
0.182540 0.099714 0.174707
0.182721 0.099547 0.174784
0.182908 0.099331 0.174952
0.183094 0.099115 0.175121
0.183260 0.099051 0.175016
0.183444 0.098835 0.175186
0.183627 0.098621 0.175357
0.183803 0.098457 0.175437
0.183983 0.098243 0.175609
0.184152 0.098129 0.175598
0.184325 0.097966 0.175680
0.184493 0.097853 0.175669
0.184656 0.097789 0.175567
0.184828 0.097627 0.175649
0.184991 0.097564 0.175547
0.185157 0.097451 0.175538
0.185345 0.097043 0.176086
0.185517 0.096833 0.176264
0.185697 0.096476 0.176722
0.185865 0.096267 0.176902
0.186032 0.096058 0.177082
0.186190 0.095997 0.176983
0.186350 0.095886 0.176978
0.186508 0.095825 0.176878
0.186666 0.095764 0.176779
0.186825 0.095654 0.176774
0.186983 0.095592 0.176675
0.187142 0.095483 0.176671
0.187299 0.095421 0.176572
0.187457 0.095360 0.176473
0.187615 0.095251 0.176469
0.187772 0.095141 0.176465
0.187929 0.095080 0.176366
0.188086 0.094971 0.176363
0.188243 0.094910 0.176264
0.188400 0.094849 0.176166
0.188556 0.094741 0.176163
0.188713 0.094680 0.176065
0.188869 0.094619 0.175966
0.189025 0.094510 0.175964
0.189181 0.094450 0.175866
0.189337 0.094389 0.175768
0.189495 0.094375 0.175573
0.189652 0.094314 0.175475
0.189809 0.094253 0.175376
0.189965 0.094192 0.175278
0.190122 0.094131 0.175180
0.190278 0.094070 0.175081
0.190432 0.093963 0.175080
0.190588 0.093902 0.174982
0.190741 0.093794 0.174981
0.190897 0.093734 0.174883
0.191053 0.093673 0.174785
0.191206 0.093566 0.174785
0.191357 0.093459 0.174784
0.191509 0.093352 0.174784
0.191660 0.093245 0.174785
0.191810 0.093139 0.174785
0.191955 0.092987 0.174885
0.192110 0.092927 0.174787
0.192259 0.092821 0.174789
0.192408 0.092715 0.174791
0.192563 0.092655 0.174694
0.192711 0.092549 0.174696
0.192865 0.092489 0.174599
0.193019 0.092429 0.174502
0.193166 0.092324 0.174505
0.193320 0.092264 0.174408
0.193474 0.092204 0.174311
0.193621 0.092099 0.174314
0.193774 0.092040 0.174218
0.193928 0.091980 0.174121
0.194074 0.091875 0.174125
0.194227 0.091815 0.174029
0.194381 0.091756 0.173932
0.194534 0.091696 0.173836
0.194679 0.091592 0.173840
0.194832 0.091532 0.173744
0.195966 0.094487 0.166275
0.196134 0.094421 0.166169
0.196301 0.094356 0.166064
0.196459 0.094247 0.166060
0.196606 0.094094 0.166158
0.196763 0.093985 0.166155
0.196919 0.093876 0.166152
0.197064 0.093724 0.166251
0.197208 0.093572 0.166351
0.197363 0.093464 0.166349
0.197517 0.093357 0.166347
0.197659 0.093206 0.166448
0.197800 0.093055 0.166550
0.197953 0.092948 0.166549
0.198093 0.092798 0.166652
0.198244 0.092691 0.166652
0.198396 0.092584 0.166652
0.198559 0.092520 0.166549
0.198723 0.092457 0.166446
0.198873 0.092350 0.166447
0.199037 0.092287 0.166344
0.199200 0.092223 0.166242
0.199350 0.092117 0.166243
0.199513 0.092053 0.166140
0.199691 0.092032 0.165933
0.199854 0.091968 0.165831
0.200018 0.091905 0.165728
0.200196 0.091883 0.165521
0.200375 0.091861 0.165313
0.200539 0.091797 0.165210
0.200719 0.091775 0.165002
0.200899 0.091753 0.164794
0.201079 0.091731 0.164586
0.201260 0.091708 0.164377
0.201458 0.091727 0.164062
0.201656 0.091745 0.163747
0.204365 0.096287 0.150911
0.204554 0.096213 0.150792
0.204744 0.096139 0.150672
0.204933 0.096065 0.150553
0.177215 0.104189 0.172693
0.177444 0.103910 0.172930
0.177646 0.103735 0.172994
0.177836 0.103614 0.172970
0.178026 0.103493 0.172946
0.178203 0.103424 0.172835
0.178381 0.103354 0.172723
0.178558 0.103285 0.172612
0.178725 0.103268 0.172412
0.178902 0.103199 0.172300
0.179090 0.103078 0.172277
0.179289 0.102906 0.172343
0.179496 0.102682 0.172499
0.179702 0.102459 0.172656
0.179878 0.102391 0.172545
0.180111 0.102015 0.172971
0.180313 0.101793 0.173130
0.180524 0.101521 0.173379
0.180733 0.101250 0.173629
0.180940 0.100979 0.173880
0.181154 0.100658 0.174222
0.181349 0.100439 0.174385
0.181535 0.100271 0.174459
0.181728 0.100053 0.174624
0.181912 0.099887 0.174699
0.182103 0.099670 0.174865
0.182285 0.099504 0.174941
0.182467 0.099338 0.175018
0.182654 0.099122 0.175186
0.182834 0.098957 0.175264
0.183000 0.098892 0.175159
0.183160 0.098878 0.174964
0.183368 0.098464 0.175500
0.183550 0.098250 0.175672
0.183726 0.098087 0.175752
0.183900 0.097923 0.175833
0.184069 0.097810 0.175823
0.184242 0.097648 0.175905
0.184409 0.097535 0.175895
0.184576 0.097422 0.175885
0.184739 0.097359 0.175783
0.184918 0.097099 0.176052
0.185091 0.096889 0.176229
0.185259 0.096728 0.176314
0.185431 0.096519 0.176492
0.185604 0.096261 0.176765
0.185775 0.096004 0.177038
0.185937 0.095894 0.177032
0.186094 0.095832 0.176933
0.186255 0.095722 0.176928
0.186413 0.095661 0.176829
0.186573 0.095551 0.176823
0.186730 0.095490 0.176725
0.186888 0.095428 0.176626
0.187047 0.095319 0.176621
0.187204 0.095258 0.176522
0.187363 0.095148 0.176518
0.187521 0.095039 0.176514
0.187678 0.094930 0.176510
0.187835 0.094869 0.176412
0.187992 0.094761 0.176408
0.188149 0.094652 0.176405
0.188305 0.094591 0.176307
0.188461 0.094483 0.176305
0.188617 0.094422 0.176207
0.188773 0.094361 0.176108
0.188929 0.094301 0.176010
0.189086 0.094240 0.175912
0.189242 0.094179 0.175814
0.189398 0.094118 0.175716
0.189554 0.094057 0.175618
0.189710 0.093997 0.175520
0.189866 0.093936 0.175422
0.190020 0.093828 0.175421
0.190176 0.093768 0.175323
0.190332 0.093707 0.175225
0.190485 0.093600 0.175224
0.190637 0.093493 0.175224
0.190793 0.093433 0.175126
0.190945 0.093326 0.175126
0.191100 0.093265 0.175028
0.191247 0.093113 0.175127
0.191398 0.093007 0.175127
0.191548 0.092901 0.175128
0.191698 0.092795 0.175129
0.191852 0.092735 0.175032
0.192002 0.092629 0.175034
0.192150 0.092523 0.175036
0.192304 0.092464 0.174939
0.192452 0.092358 0.174941
0.192606 0.092298 0.174845
0.192754 0.092193 0.174848
0.192907 0.092134 0.174751
0.193061 0.092074 0.174655
0.193214 0.092014 0.174558
0.193361 0.091910 0.174562
0.193514 0.091850 0.174465
0.193667 0.091790 0.174369
0.193820 0.091731 0.174273
0.193966 0.091626 0.174277
0.194119 0.091567 0.174181
0.194272 0.091507 0.174085
0.194425 0.091448 0.173988
0.194578 0.091388 0.173892
0.194731 0.091328 0.173796
0.194884 0.091269 0.173700
0.195037 0.091209 0.173604
0.196042 0.094291 0.166015
0.196210 0.094225 0.165909
0.196368 0.094116 0.165905
0.196515 0.093963 0.166003
0.196683 0.093898 0.165898
0.197097 0.093356 0.166400
0.197252 0.093249 0.166399
0.197417 0.093184 0.166295
0.197536 0.092948 0.166601
0.197677 0.092798 0.166703
0.197818 0.092648 0.166806
0.197969 0.092541 0.166806
0.198121 0.092435 0.166806
0.198271 0.092328 0.166807
0.198435 0.092265 0.166704
0.198585 0.092159 0.166705
0.198748 0.092095 0.166603
0.198911 0.092032 0.166500
0.199061 0.091926 0.166502
0.199224 0.091863 0.166399
0.199386 0.091799 0.166297
0.199549 0.091736 0.166195
0.199727 0.091714 0.165988
0.199890 0.091651 0.165885
0.200068 0.091629 0.165678
0.200231 0.091566 0.165576
0.200410 0.091544 0.165368
0.200573 0.091480 0.165266
0.200768 0.091499 0.164952
0.200932 0.091435 0.164849
0.201128 0.091454 0.164536
0.201309 0.091431 0.164327
0.201523 0.091491 0.163906
0.201722 0.091508 0.163591
0.201921 0.091526 0.163275
0.202122 0.091543 0.162959
0.202323 0.091560 0.162642
0.204629 0.095942 0.150613
0.204819 0.095868 0.150494
0.205027 0.095835 0.150268
0.176902 0.104177 0.172574
0.177107 0.104002 0.172636
0.177374 0.103568 0.173137
0.177564 0.103446 0.173113
0.177753 0.103325 0.173089
0.177930 0.103256 0.172978
0.178108 0.103187 0.172867
0.178273 0.103170 0.172667
0.178451 0.103101 0.172556
0.178617 0.103083 0.172356
0.178795 0.103014 0.172244
0.178983 0.102894 0.172221
0.179171 0.102773 0.172199
0.179369 0.102601 0.172265
0.179576 0.102379 0.172422
0.179762 0.102259 0.172400
0.179996 0.101884 0.172826
0.180199 0.101663 0.172985
0.180410 0.101392 0.173234
0.180629 0.101070 0.173574
0.180845 0.100750 0.173916
0.181051 0.100480 0.174168
0.181272 0.100110 0.174602
0.181465 0.099893 0.174767
0.181658 0.099676 0.174932
0.181849 0.099460 0.175099
0.182032 0.099294 0.175175
0.182214 0.099129 0.175252
0.182402 0.098914 0.175420
0.182582 0.098749 0.175498
0.182761 0.098585 0.175576
0.182946 0.098371 0.175746
0.183110 0.098307 0.175643
0.183293 0.098093 0.175814
0.183469 0.097930 0.175895
0.183638 0.097817 0.175884
0.183813 0.097655 0.175966
0.183986 0.097492 0.176047
0.184154 0.097380 0.176038
0.184321 0.097268 0.176028
0.184488 0.097155 0.176019
0.184659 0.096994 0.176102
0.184833 0.096784 0.176279
0.185002 0.096624 0.176364
0.185174 0.096415 0.176542
0.185345 0.096207 0.176721
0.185511 0.096047 0.176808
0.185680 0.095840 0.176988
0.185841 0.095730 0.176982
0.185999 0.095668 0.176883
0.186160 0.095558 0.176878
0.186318 0.095497 0.176779
0.186478 0.095387 0.176774
0.186637 0.095278 0.176769
0.186795 0.095217 0.176670
0.186952 0.095155 0.176571
0.187111 0.095046 0.176567
0.187269 0.094937 0.176563
0.187427 0.094828 0.176559
0.187585 0.094720 0.176556
0.187742 0.094611 0.176552
0.187898 0.094503 0.176549
0.188055 0.094442 0.176451
0.188211 0.094334 0.176449
0.188366 0.094226 0.176446
0.188522 0.094165 0.176349
0.188678 0.094105 0.176251
0.188834 0.094044 0.176153
0.188989 0.093984 0.176055
0.189145 0.093923 0.175957
0.189301 0.093862 0.175860
0.189456 0.093802 0.175762
0.189612 0.093741 0.175664
0.189766 0.093634 0.175663
0.189921 0.093573 0.175565
0.190077 0.093513 0.175468
0.190230 0.093406 0.175467
0.190382 0.093299 0.175467
0.190534 0.093193 0.175467
0.190689 0.093133 0.175369
0.190840 0.093026 0.175370
0.190991 0.092920 0.175370
0.191146 0.092860 0.175273
0.191292 0.092709 0.175372
0.191442 0.092603 0.175374
0.191591 0.092498 0.175375
0.191745 0.092438 0.175279
0.191894 0.092333 0.175281
0.192047 0.092273 0.175185
0.192201 0.092213 0.175088
0.192349 0.092108 0.175091
0.192502 0.092048 0.174995
0.192655 0.091989 0.174898
0.192808 0.091929 0.174802
0.192955 0.091825 0.174805
0.193108 0.091765 0.174709
0.193261 0.091705 0.174613
0.193414 0.091646 0.174517
0.193567 0.091586 0.174421
0.193720 0.091527 0.174325
0.193874 0.091467 0.174228
0.194027 0.091408 0.174132
0.194172 0.091304 0.174137
0.194324 0.091244 0.174041
0.194486 0.091229 0.173844
0.194630 0.091125 0.173849
0.194783 0.091066 0.173753
0.194936 0.091006 0.173657
0.195089 0.090947 0.173561
0.196530 0.093508 0.166355
0.196697 0.093443 0.166250
0.196821 0.093205 0.166554
0.196975 0.093098 0.166553
0.197130 0.092991 0.166551
0.197272 0.092840 0.166653
0.197414 0.092691 0.166754
0.197555 0.092541 0.166857
0.197695 0.092392 0.166960
0.197846 0.092286 0.166960
0.197997 0.092180 0.166961
0.198148 0.092074 0.166962
0.198311 0.092010 0.166859
0.198461 0.091905 0.166861
0.198623 0.091841 0.166758
0.198773 0.091736 0.166760
0.198935 0.091673 0.166658
0.199098 0.091609 0.166556
0.199260 0.091546 0.166454
0.199423 0.091483 0.166352
0.199585 0.091420 0.166250
0.199748 0.091356 0.166148
0.199925 0.091335 0.165941
0.200088 0.091271 0.165839
0.200266 0.091249 0.165632
0.200444 0.091227 0.165424
0.200623 0.091205 0.165216
0.200802 0.091182 0.165008
0.200997 0.091201 0.164695
0.201194 0.091219 0.164380
0.201391 0.091237 0.164066
0.201589 0.091255 0.163750
0.201788 0.091272 0.163435
0.201987 0.091289 0.163118
0.202188 0.091305 0.162801
0.202389 0.091321 0.162484
0.202556 0.091256 0.162379
0.202740 0.091232 0.162168
0.202907 0.091167 0.162063
0.205120 0.095604 0.149982
0.205310 0.095530 0.149862
0.176794 0.103990 0.172517
0.177089 0.103452 0.173192
0.177304 0.103227 0.173344
0.177481 0.103158 0.173232
0.177658 0.103089 0.173121
0.177835 0.103020 0.173010
0.178001 0.103003 0.172811
0.178178 0.102934 0.172699
0.178344 0.102916 0.172499
0.178521 0.102847 0.172388
0.178688 0.102829 0.172188
0.178865 0.102760 0.172076
0.179064 0.102589 0.172143
0.179252 0.102469 0.172120
0.179449 0.102298 0.172188
0.179656 0.102076 0.172345
0.179871 0.101804 0.172592
0.180075 0.101584 0.172751
0.180296 0.101262 0.173090
0.180470 0.101195 0.172981
0.180742 0.100571 0.173862
0.180913 0.100505 0.173754
0.181169 0.099934 0.174549
0.181414 0.099416 0.175256
0.181597 0.099250 0.175332
0.181788 0.099035 0.175499
0.181970 0.098870 0.175576
0.182143 0.098756 0.175562
0.182324 0.098591 0.175640
0.182503 0.098427 0.175719
0.182689 0.098214 0.175889
0.182866 0.098051 0.175969
0.183030 0.097987 0.175866
0.183207 0.097824 0.175946
0.183383 0.097661 0.176027
0.183557 0.097499 0.176108
0.183726 0.097387 0.176098
0.183899 0.097225 0.176180
0.184066 0.097113 0.176171
0.184233 0.097001 0.176162
0.184405 0.096840 0.176245
0.184571 0.096729 0.176237
0.184745 0.096520 0.176414
0.184918 0.096311 0.176592
0.185086 0.096152 0.176678
0.185257 0.095944 0.176857
0.185419 0.095834 0.176851
0.185584 0.095675 0.176938
0.185746 0.095565 0.176933
0.185907 0.095456 0.176927
0.186065 0.095394 0.176828
0.186222 0.095333 0.176729
0.186382 0.095223 0.176724
0.186542 0.095114 0.176719
0.186700 0.095053 0.176620
0.186859 0.094944 0.176616
0.187017 0.094835 0.176612
0.187176 0.094726 0.176608
0.187334 0.094618 0.176605
0.187491 0.094509 0.176601
0.187649 0.094354 0.176693
0.187805 0.094246 0.176691
0.187961 0.094185 0.176593
0.188117 0.094078 0.176591
0.188272 0.093970 0.176589
0.188428 0.093910 0.176491
0.188583 0.093849 0.176393
0.188738 0.093789 0.176296
0.188894 0.093728 0.176198
0.189049 0.093668 0.176101
0.189204 0.093607 0.176003
0.189359 0.093547 0.175906
0.189513 0.093440 0.175905
0.189668 0.093380 0.175807
0.189823 0.093319 0.175710
0.189976 0.093213 0.175710
0.190128 0.093106 0.175710
0.190280 0.093000 0.175710
0.190432 0.092894 0.175710
0.190586 0.092834 0.175613
0.190737 0.092728 0.175614
0.190887 0.092623 0.175615
0.191038 0.092517 0.175616
0.191187 0.092412 0.175618
0.191337 0.092307 0.175620
0.191490 0.092247 0.175524
0.191638 0.092142 0.175526
0.191792 0.092083 0.175430
0.191945 0.092023 0.175334
0.192098 0.091963 0.175238
0.192245 0.091859 0.175240
0.192398 0.091799 0.175144
0.192551 0.091740 0.175048
0.192704 0.091680 0.174952
0.192857 0.091621 0.174856
0.193009 0.091561 0.174760
0.193162 0.091502 0.174664
0.193315 0.091442 0.174568
0.193468 0.091383 0.174472
0.193621 0.091323 0.174376
0.193774 0.091264 0.174280
0.193927 0.091204 0.174184
0.194079 0.091145 0.174088
0.194232 0.091085 0.173992
0.194385 0.091026 0.173896
0.194538 0.090966 0.173800
0.194691 0.090907 0.173704
0.194844 0.090847 0.173608
0.194996 0.090788 0.173512
0.195140 0.090685 0.173518
0.195293 0.090625 0.173422
0.196430 0.093335 0.166302
0.196596 0.093270 0.166198
0.196721 0.093033 0.166502
0.196843 0.092797 0.166807
0.196997 0.092690 0.166806
0.197150 0.092584 0.166806
0.197292 0.092434 0.166908
0.197444 0.092328 0.166908
0.197584 0.092179 0.167011
0.197736 0.092074 0.167012
0.197862 0.091883 0.167219
0.198012 0.091778 0.167220
0.198175 0.091714 0.167118
0.198324 0.091609 0.167120
0.198473 0.091504 0.167122
0.198635 0.091441 0.167020
0.198784 0.091336 0.167023
0.198945 0.091273 0.166921
0.199107 0.091210 0.166820
0.199283 0.091189 0.166614
0.199444 0.091126 0.166512
0.199606 0.091063 0.166410
0.199783 0.091041 0.166204
0.199945 0.090978 0.166102
0.200122 0.090956 0.165895
0.200300 0.090934 0.165688
0.200478 0.090912 0.165481
0.200656 0.090890 0.165273
0.200851 0.090908 0.164960
0.201030 0.090885 0.164751
0.201242 0.090944 0.164331
0.201456 0.091001 0.163910
0.201671 0.091059 0.163488
0.201870 0.091076 0.163172
0.202070 0.091092 0.162855
0.202254 0.091067 0.162644
0.202438 0.091043 0.162433
0.202622 0.091018 0.162222
0.202789 0.090953 0.162117
0.202955 0.090888 0.162012
0.205196 0.095332 0.149802
0.205386 0.095258 0.149683
0.177007 0.103163 0.173311
0.177210 0.102991 0.173375
0.177387 0.102922 0.173264
0.177564 0.102853 0.173153
0.177729 0.102836 0.172954
0.177906 0.102767 0.172843
0.178071 0.102749 0.172643
0.178237 0.102732 0.172443
0.178414 0.102663 0.172332
0.178581 0.102645 0.172132
0.178758 0.102575 0.172020
0.178936 0.102506 0.171909
0.179135 0.102335 0.171975
0.179332 0.102165 0.172042
0.179529 0.101994 0.172110
0.179745 0.101723 0.172358
0.179921 0.101655 0.172247
0.181313 0.099242 0.175203
0.181538 0.098827 0.175732
0.181720 0.098662 0.175809
0.181901 0.098498 0.175887
0.182074 0.098384 0.175874
0.182254 0.098221 0.175952
0.182425 0.098107 0.175940
0.182604 0.097944 0.176020
0.182781 0.097781 0.176100
0.182945 0.097718 0.175997
0.183121 0.097555 0.176078
0.183296 0.097393 0.176159
0.183465 0.097281 0.176149
0.183639 0.097120 0.176231
0.183807 0.097008 0.176221
0.183979 0.096847 0.176305
0.184146 0.096735 0.176296
0.184317 0.096575 0.176380
0.184488 0.096415 0.176464
0.184657 0.096256 0.176549
0.184826 0.096096 0.176635
0.184994 0.095937 0.176721
0.185161 0.095779 0.176807
0.185327 0.095620 0.176894
0.185489 0.095511 0.176888
0.185650 0.095401 0.176883
0.185812 0.095291 0.176877
0.185969 0.095230 0.176778
0.186130 0.095121 0.176773
0.186287 0.095059 0.176674
0.186447 0.094950 0.176669
0.186607 0.094842 0.176665
0.186766 0.094733 0.176661
0.186924 0.094624 0.176657
0.187084 0.094469 0.176748
0.187242 0.094360 0.176745
0.187399 0.094252 0.176742
0.187556 0.094145 0.176739
0.187712 0.094037 0.176737
0.187868 0.093930 0.176735
0.188023 0.093822 0.176733
0.188179 0.093715 0.176731
0.188334 0.093655 0.176634
0.188488 0.093594 0.176536
0.188643 0.093488 0.176535
0.188797 0.093427 0.176438
0.188952 0.093367 0.176341
0.189107 0.093307 0.176244
0.189262 0.093247 0.176146
0.189415 0.093140 0.176146
0.189569 0.093080 0.176049
0.189722 0.092974 0.176049
0.189874 0.092868 0.176049
0.190028 0.092808 0.175952
0.190179 0.092702 0.175953
0.190327 0.092551 0.176051
0.190481 0.092491 0.175955
0.190631 0.092386 0.175957
0.190784 0.092326 0.175860
0.190930 0.092176 0.175960
0.191083 0.092116 0.175864
0.191232 0.092012 0.175866
0.191384 0.091952 0.175771
0.191537 0.091893 0.175675
0.191690 0.091833 0.175579
0.191842 0.091774 0.175483
0.191995 0.091715 0.175387
0.192148 0.091655 0.175291
0.192300 0.091596 0.175195
0.192453 0.091536 0.175099
0.192606 0.091477 0.175004
0.192764 0.091462 0.174808
0.192917 0.091402 0.174712
0.193070 0.091343 0.174616
0.193223 0.091283 0.174520
0.193376 0.091224 0.174424
0.193529 0.091164 0.174328
0.193674 0.091061 0.174332
0.193827 0.091001 0.174237
0.193979 0.090942 0.174141
0.194132 0.090883 0.174045
0.194285 0.090823 0.173949
0.194437 0.090764 0.173853
0.194590 0.090704 0.173757
0.194743 0.090645 0.173661
0.194895 0.090585 0.173565
0.195048 0.090526 0.173470
0.195201 0.090467 0.173374
0.196744 0.092626 0.166755
0.196898 0.092519 0.166754
0.197051 0.092413 0.166754
0.197193 0.092264 0.166856
0.197345 0.092158 0.166856
0.197486 0.092010 0.166959
0.197590 0.091735 0.167373
0.197740 0.091630 0.167374
0.197853 0.091399 0.167686
0.198014 0.091336 0.167585
0.198176 0.091273 0.167484
0.198324 0.091169 0.167486
0.198472 0.091064 0.167489
0.198633 0.091002 0.167388
0.198794 0.090939 0.167287
0.198954 0.090876 0.167186
0.199129 0.090855 0.166981
0.199290 0.090793 0.166879
0.199466 0.090771 0.166673
0.199627 0.090708 0.166572
0.199803 0.090687 0.166366
0.199979 0.090665 0.166159
0.200156 0.090643 0.165953
0.200333 0.090620 0.165745
0.200527 0.090639 0.165433
0.200705 0.090616 0.165225
0.200915 0.090674 0.164805
0.201111 0.090692 0.164491
0.201307 0.090709 0.164176
0.201521 0.090766 0.163755
0.201736 0.090823 0.163332
0.201936 0.090839 0.163016
0.202136 0.090854 0.162698
0.202320 0.090829 0.162487
0.202486 0.090765 0.162383
0.202652 0.090700 0.162278
0.202837 0.090675 0.162067
0.203022 0.090650 0.161855
0.205289 0.095100 0.149516
0.205480 0.095026 0.149396
0.176940 0.102824 0.173518
0.177116 0.102755 0.173407
0.177293 0.102687 0.173296
0.177470 0.102618 0.173185
0.177634 0.102600 0.172986
0.177799 0.102583 0.172787
0.177964 0.102565 0.172587
0.178130 0.102547 0.172387
0.178307 0.102478 0.172276
0.178473 0.102460 0.172076
0.178651 0.102391 0.171964
0.178829 0.102321 0.171852
0.179017 0.102202 0.171830
0.179205 0.102082 0.171808
0.179403 0.101912 0.171875
0.179579 0.101843 0.171764
0.181471 0.098455 0.176042
0.181652 0.098291 0.176120
0.181825 0.098177 0.176107
0.181997 0.098064 0.176095
0.182169 0.097950 0.176083
0.182348 0.097788 0.176162
0.182519 0.097675 0.176151
0.182696 0.097513 0.176231
0.182859 0.097449 0.176129
0.183036 0.097288 0.176210
0.183205 0.097175 0.176200
0.183379 0.097014 0.176282
0.183547 0.096902 0.176272
0.183721 0.096742 0.176355
0.183888 0.096630 0.176346
0.184059 0.096470 0.176430
0.184225 0.096359 0.176421
0.184396 0.096200 0.176506
0.184565 0.096041 0.176591
0.184734 0.095882 0.176677
0.184902 0.095724 0.176764
0.185069 0.095565 0.176850
0.185235 0.095408 0.176938
0.185397 0.095298 0.176932
0.185555 0.095237 0.176833
0.185716 0.095127 0.176827
0.185877 0.095018 0.176822
0.186035 0.094957 0.176723
0.186195 0.094848 0.176719
0.186355 0.094739 0.176714
0.186514 0.094631 0.176710
0.186673 0.094522 0.176706
0.186833 0.094367 0.176797
0.186991 0.094259 0.176794
0.187150 0.094104 0.176886
0.187307 0.093996 0.176883
0.187464 0.093889 0.176881
0.187620 0.093782 0.176878
0.187776 0.093628 0.176972
0.187931 0.093521 0.176971
0.188085 0.093461 0.176874
0.188240 0.093401 0.176776
0.188394 0.093294 0.176775
0.188548 0.093234 0.176679
0.188702 0.093128 0.176678
0.188856 0.093068 0.176581
0.189010 0.093008 0.176484
0.189163 0.092902 0.176484
0.189317 0.092842 0.176388
0.189469 0.092736 0.176388
0.189621 0.092630 0.176389
0.189774 0.092571 0.176292
0.189926 0.092465 0.176293
0.190076 0.092360 0.176294
0.190227 0.092255 0.176296
0.190379 0.092195 0.176200
0.190529 0.092091 0.176202
0.190678 0.091986 0.176204
0.190827 0.091881 0.176206
0.190980 0.091822 0.176110
0.191132 0.091763 0.176015
0.191284 0.091704 0.175919
0.191436 0.091644 0.175824
0.191589 0.091585 0.175728
0.191741 0.091526 0.175632
0.191898 0.091511 0.175438
0.192050 0.091452 0.175342
0.192203 0.091393 0.175246
0.192355 0.091333 0.175151
0.192513 0.091318 0.174955
0.192666 0.091259 0.174859
0.192819 0.091199 0.174764
0.192971 0.091140 0.174668
0.193124 0.091080 0.174572
0.193277 0.091021 0.174476
0.193429 0.090962 0.174380
0.193582 0.090902 0.174284
0.193727 0.090799 0.174289
0.193880 0.090740 0.174193
0.194040 0.090724 0.173997
0.194185 0.090621 0.174002
0.194337 0.090562 0.173906
0.194498 0.090546 0.173709
0.194650 0.090486 0.173613
0.194803 0.090427 0.173517
0.194956 0.090367 0.173421
0.195108 0.090308 0.173325
0.197492 0.091566 0.167322
0.197594 0.091294 0.167737
0.197744 0.091189 0.167739
0.197905 0.091127 0.167638
0.197953 0.090689 0.168471
0.198112 0.090627 0.168371
0.198323 0.090731 0.167854
0.198483 0.090669 0.167754
0.198643 0.090607 0.167653
0.198803 0.090544 0.167553
0.198977 0.090523 0.167348
0.199151 0.090502 0.167143
0.199326 0.090480 0.166937
0.199501 0.090459 0.166731
0.199676 0.090437 0.166525
0.199852 0.090415 0.166319
0.200028 0.090393 0.166112
0.200220 0.090411 0.165800
0.200398 0.090389 0.165592
0.200575 0.090366 0.165385
0.200769 0.090384 0.165071
0.200980 0.090441 0.164651
0.201192 0.090498 0.164230
0.201389 0.090514 0.163915
0.201603 0.090571 0.163493
0.201802 0.090586 0.163176
0.201984 0.090562 0.162966
0.202185 0.090577 0.162648
0.202368 0.090552 0.162437
0.202552 0.090527 0.162226
0.202718 0.090462 0.162121
0.202885 0.090397 0.162017
0.203069 0.090372 0.161805
0.205383 0.094867 0.149228
0.205574 0.094793 0.149109
0.176833 0.102640 0.173462
0.177010 0.102572 0.173351
0.177186 0.102503 0.173241
0.177363 0.102434 0.173130
0.177527 0.102416 0.172930
0.177692 0.102399 0.172731
0.177857 0.102381 0.172531
0.178023 0.102362 0.172331
0.178200 0.102293 0.172220
0.178366 0.102275 0.172019
0.178544 0.102206 0.171908
0.178721 0.102137 0.171796
0.178899 0.102067 0.171685
0.179087 0.101948 0.171662
0.179265 0.101879 0.171551
0.181397 0.098134 0.176262
0.181578 0.097971 0.176340
0.181742 0.097908 0.176237
0.181914 0.097794 0.176225
0.182086 0.097681 0.176213
0.182257 0.097568 0.176202
0.182435 0.097406 0.176282
0.182612 0.097245 0.176363
0.182775 0.097182 0.176261
0.182944 0.097069 0.176250
0.183113 0.096957 0.176240
0.183288 0.096797 0.176322
0.183456 0.096685 0.176313
0.183629 0.096525 0.176396
0.183796 0.096414 0.176387
0.183968 0.096255 0.176472
0.184134 0.096144 0.176463
0.184309 0.095937 0.176641
0.184474 0.095826 0.176634
0.184642 0.095668 0.176720
0.184810 0.095510 0.176807
0.184978 0.095353 0.176894
0.185140 0.095243 0.176888
0.185302 0.095134 0.176882
0.185463 0.095025 0.176877
0.185625 0.094916 0.176871
0.185785 0.094807 0.176866
0.185943 0.094746 0.176768
0.186103 0.094637 0.176763
0.186262 0.094529 0.176759
0.186422 0.094420 0.176755
0.186583 0.094265 0.176846
0.186743 0.094110 0.176937
0.186901 0.094003 0.176934
0.187059 0.093848 0.177027
0.187216 0.093741 0.177024
0.187372 0.093634 0.177022
0.187528 0.093527 0.177020
0.187683 0.093420 0.177019
0.187838 0.093314 0.177017
0.187993 0.093207 0.177016
0.188147 0.093147 0.176920
0.188301 0.093041 0.176919
0.188454 0.092935 0.176919
0.188607 0.092829 0.176918
0.188761 0.092769 0.176822
0.188913 0.092664 0.176822
0.189067 0.092604 0.176726
0.189219 0.092499 0.176727
0.189372 0.092439 0.176630
0.189523 0.092334 0.176631
0.189674 0.092229 0.176633
0.189826 0.092170 0.176537
0.189977 0.092065 0.176539
0.190127 0.091960 0.176540
0.190279 0.091901 0.176445
0.190431 0.091842 0.176349
0.190580 0.091737 0.176352
0.190732 0.091678 0.176256
0.190884 0.091619 0.176161
0.191036 0.091560 0.176065
0.191188 0.091501 0.175970
0.191340 0.091441 0.175874
0.191492 0.091382 0.175779
0.191644 0.091323 0.175683
0.191796 0.091264 0.175588
0.191953 0.091249 0.175393
0.192106 0.091190 0.175297
0.192263 0.091175 0.175102
0.192416 0.091115 0.175007
0.192568 0.091056 0.174911
0.192721 0.090997 0.174815
0.192873 0.090937 0.174719
0.193025 0.090878 0.174624
0.193178 0.090819 0.174528
0.193330 0.090759 0.174432
0.193483 0.090700 0.174336
0.193635 0.090641 0.174241
0.193788 0.090581 0.174145
0.193940 0.090522 0.174049
0.194093 0.090462 0.173953
0.194245 0.090403 0.173858
0.194397 0.090344 0.173762
0.194550 0.090284 0.173666
0.194702 0.090225 0.173570
0.194855 0.090166 0.173475
0.195007 0.090106 0.173379
0.195160 0.090047 0.173283
0.195312 0.089988 0.173187
0.195464 0.089928 0.173092
0.195627 0.089911 0.172894
0.196259 0.089758 0.172305
0.196412 0.089698 0.172208
0.196576 0.089681 0.172009
0.196730 0.089621 0.171913
0.197497 0.091126 0.167686
0.197646 0.091022 0.167688
0.197807 0.090959 0.167587
0.197857 0.090524 0.168420
0.198016 0.090462 0.168320
0.198124 0.090235 0.168637
0.198282 0.090173 0.168537
0.198467 0.090193 0.168229
0.198626 0.090132 0.168129
0.198812 0.090152 0.167820
0.198999 0.090171 0.167511
0.199172 0.090150 0.167306
0.199361 0.090169 0.166995
0.199536 0.090148 0.166789
0.199711 0.090126 0.166583
0.199901 0.090144 0.166272
0.200077 0.090122 0.166065
0.200269 0.090139 0.165753
0.200462 0.090157 0.165439
0.200640 0.090134 0.165232
0.200834 0.090151 0.164918
0.201029 0.090168 0.164603
0.201241 0.090224 0.164182
0.201454 0.090279 0.163760
0.201652 0.090295 0.163443
0.201868 0.090350 0.163020
0.202050 0.090325 0.162809
0.202233 0.090300 0.162598
0.202416 0.090275 0.162387
0.202582 0.090210 0.162283
0.202766 0.090185 0.162071
0.202951 0.090159 0.161860
0.177811 0.101943 0.172918
0.177987 0.101874 0.172807
0.178140 0.101907 0.172519
0.178316 0.101838 0.172408
0.178470 0.101870 0.172119
0.178636 0.101851 0.171918
0.178803 0.101832 0.171718
0.178980 0.101763 0.171606
0.179158 0.101694 0.171495
0.181014 0.097844 0.176869
0.181177 0.097780 0.176766
0.181332 0.097766 0.176573
0.181496 0.097702 0.176470
0.181668 0.097589 0.176458
0.181831 0.097526 0.176355
0.182002 0.097413 0.176344
0.182173 0.097300 0.176333
0.182351 0.097139 0.176414
0.182521 0.097027 0.176403
0.182684 0.096964 0.176301
0.182853 0.096852 0.176291
0.183022 0.096740 0.176281
0.183190 0.096629 0.176271
0.183364 0.096469 0.176354
0.183532 0.096358 0.176345
0.183704 0.096198 0.176429
0.183871 0.096088 0.176421
0.184047 0.095881 0.176598
0.184218 0.095722 0.176684
0.184387 0.095564 0.176770
0.184556 0.095407 0.176856
0.184719 0.095297 0.176850
0.184886 0.095140 0.176937
0.185053 0.094983 0.177025
0.185214 0.094874 0.177019
0.185376 0.094766 0.177014
0.185536 0.094657 0.177010
0.185697 0.094549 0.177005
0.185854 0.094488 0.176906
0.186014 0.094379 0.176902
0.186176 0.094224 0.176993
0.186334 0.094116 0.176989
0.186493 0.094009 0.176986
0.186653 0.093854 0.177078
0.186812 0.093700 0.177170
0.186969 0.093593 0.177168
0.187127 0.093440 0.177261
0.187282 0.093333 0.177259
0.187438 0.093227 0.177258
0.187592 0.093121 0.177257
0.187747 0.093015 0.177256
0.187901 0.092909 0.177255
0.188055 0.092849 0.177159
0.188208 0.092789 0.177063
0.188361 0.092683 0.177063
0.188514 0.092532 0.177159
0.188666 0.092473 0.177063
0.188819 0.092367 0.177064
0.188970 0.092262 0.177065
0.189123 0.092203 0.176969
0.189274 0.092098 0.176970
0.189426 0.092039 0.176875
0.189576 0.091934 0.176877
0.189728 0.091875 0.176781
0.189880 0.091816 0.176686
0.190030 0.091712 0.176688
0.190182 0.091653 0.176592
0.190333 0.091594 0.176497
0.190485 0.091534 0.176402
0.190634 0.091431 0.176405
0.190785 0.091372 0.176309
0.190937 0.091313 0.176214
0.191093 0.091298 0.176020
0.191244 0.091239 0.175925
0.191396 0.091180 0.175830
0.191548 0.091121 0.175734
0.191705 0.091106 0.175540
0.191857 0.091047 0.175444
0.192014 0.091031 0.175249
0.192166 0.090972 0.175154
0.192324 0.090957 0.174958
0.192476 0.090897 0.174863
0.192629 0.090838 0.174767
0.192781 0.090779 0.174671
0.192933 0.090719 0.174575
0.193086 0.090660 0.174480
0.193238 0.090601 0.174384
0.193391 0.090541 0.174288
0.193536 0.090439 0.174293
0.193688 0.090379 0.174198
0.193840 0.090320 0.174102
0.193993 0.090261 0.174006
0.194145 0.090202 0.173911
0.194297 0.090142 0.173815
0.194449 0.090083 0.173719
0.194602 0.090024 0.173624
0.194763 0.090007 0.173427
0.194915 0.089948 0.173331
0.195068 0.089888 0.173235
0.195220 0.089829 0.173139
0.195372 0.089770 0.173044
0.195525 0.089710 0.172948
0.195677 0.089651 0.172852
0.195840 0.089634 0.172654
0.195993 0.089574 0.172558
0.196156 0.089557 0.172359
0.196320 0.089539 0.172160
0.196473 0.089479 0.172064
0.196637 0.089461 0.171865
0.196813 0.089485 0.171561
0.196979 0.089466 0.171361
0.197240 0.089779 0.170332
0.197395 0.089718 0.170234
0.197551 0.089658 0.170136
0.197757 0.089761 0.169622
0.197964 0.089865 0.169107
0.198122 0.089803 0.169009
0.198292 0.089783 0.168805
0.198476 0.089803 0.168497
0.198662 0.089823 0.168189
0.198834 0.089802 0.167984
0.199006 0.089781 0.167780
0.199193 0.089800 0.167470
0.199381 0.089819 0.167160
0.199555 0.089797 0.166954
0.199745 0.089815 0.166643
0.199935 0.089833 0.166331
0.200126 0.089851 0.166019
0.200302 0.089828 0.165812
0.200495 0.089845 0.165498
0.200688 0.089862 0.165185
0.200882 0.089879 0.164870
0.201077 0.089895 0.164556
0.201273 0.089911 0.164240
0.201469 0.089926 0.163924
0.201667 0.089941 0.163608
0.201848 0.089917 0.163398
0.202030 0.089892 0.163188
0.202229 0.089906 0.162870
0.202429 0.089920 0.162552
0.202630 0.089934 0.162234
0.202832 0.089947 0.161914
0.177704 0.101759 0.172862
0.177880 0.101691 0.172752
0.178033 0.101723 0.172463
0.178210 0.101654 0.172352
0.178364 0.101686 0.172063
0.178529 0.101667 0.171862
0.178696 0.101648 0.171662
0.178873 0.101579 0.171550
0.180761 0.097688 0.177010
0.180924 0.097624 0.176908
0.181087 0.097561 0.176805
0.181251 0.097497 0.176703
0.181414 0.097434 0.176600
0.181586 0.097321 0.176589
0.181749 0.097258 0.176486
0.181920 0.097145 0.176475
0.182090 0.097033 0.176464
0.182260 0.096921 0.176454
0.182430 0.096809 0.176443
0.182593 0.096746 0.176341
0.182762 0.096635 0.176331
0.182930 0.096523 0.176322
0.183099 0.096412 0.176312
0.183273 0.096253 0.176396
0.183440 0.096142 0.176387
0.183613 0.095983 0.176471
0.183779 0.095872 0.176463
0.183951 0.095714 0.176548
0.184127 0.095509 0.176726
0.184296 0.095351 0.176812
0.184465 0.095194 0.176899
0.184633 0.095037 0.176986
0.184800 0.094881 0.177074
0.184966 0.094725 0.177162
0.185127 0.094616 0.177157
0.185288 0.094508 0.177152
0.185449 0.094399 0.177148
0.185609 0.094291 0.177144
0.185769 0.094183 0.177140
0.185928 0.094076 0.177136
0.186087 0.093968 0.177132
0.186248 0.093814 0.177224
0.186406 0.093707 0.177221
0.186566 0.093553 0.177313
0.186724 0.093400 0.177406
0.186881 0.093293 0.177404
0.187036 0.093187 0.177403
0.187192 0.093080 0.177402
0.187347 0.092974 0.177400
0.187502 0.092868 0.177400
0.187656 0.092763 0.177399
0.187809 0.092657 0.177399
0.187963 0.092597 0.177303
0.188116 0.092492 0.177303
0.188268 0.092387 0.177303
0.188421 0.092282 0.177304
0.188573 0.092177 0.177305
0.188724 0.092072 0.177306
0.188875 0.091968 0.177307
0.189027 0.091909 0.177212
0.189178 0.091804 0.177214
0.189329 0.091745 0.177118
0.189481 0.091686 0.177023
0.189633 0.091627 0.176928
0.189784 0.091568 0.176833
0.189936 0.091509 0.176738
0.190087 0.091450 0.176642
0.190236 0.091346 0.176645
0.190388 0.091287 0.176550
0.190542 0.091273 0.176357
0.190691 0.091169 0.176360
0.190842 0.091111 0.176265
0.190997 0.091096 0.176071
0.191149 0.091037 0.175976
0.191300 0.090978 0.175880
0.191456 0.090963 0.175686
0.191608 0.090904 0.175591
0.191765 0.090888 0.175396
0.191917 0.090829 0.175301
0.192074 0.090814 0.175106
0.192226 0.090755 0.175010
0.192379 0.090695 0.174914
0.192537 0.090679 0.174719
0.192689 0.090620 0.174623
0.192841 0.090561 0.174527
0.192994 0.090501 0.174432
0.193146 0.090442 0.174336
0.193299 0.090383 0.174240
0.193444 0.090280 0.174245
0.193596 0.090221 0.174149
0.193749 0.090162 0.174054
0.193901 0.090103 0.173958
0.194045 0.090001 0.173964
0.194197 0.089941 0.173868
0.194349 0.089882 0.173773
0.194501 0.089823 0.173677
0.194653 0.089764 0.173582
0.194814 0.089747 0.173384
0.194966 0.089688 0.173289
0.195119 0.089628 0.173193
0.195271 0.089569 0.173098
0.195423 0.089510 0.173002
0.195585 0.089493 0.172804
0.195738 0.089433 0.172708
0.195901 0.089416 0.172510
0.196053 0.089356 0.172414
0.196217 0.089338 0.172215
0.196369 0.089279 0.172119
0.196533 0.089261 0.171919
0.196709 0.089284 0.171616
0.196874 0.089265 0.171416
0.197040 0.089246 0.171216
0.197206 0.089228 0.171016
0.197360 0.089168 0.170919
0.197539 0.089189 0.170614
0.197769 0.089374 0.169892
0.197950 0.089395 0.169585
0.198132 0.089416 0.169278
0.198315 0.089436 0.168970
0.198499 0.089456 0.168662
0.198683 0.089476 0.168354
0.198855 0.089454 0.168150
0.199041 0.089473 0.167840
0.199228 0.089492 0.167530
0.199401 0.089471 0.167325
0.199590 0.089489 0.167014
0.199779 0.089507 0.166703
0.199954 0.089484 0.166497
0.200159 0.089541 0.166078
0.200335 0.089518 0.165871
0.200528 0.089535 0.165558
0.200721 0.089551 0.165244
0.200931 0.089607 0.164823
0.201109 0.089583 0.164615
0.201288 0.089559 0.164406
0.201468 0.089535 0.164197
0.201681 0.089589 0.163774
0.201862 0.089564 0.163564
0.202026 0.089501 0.163461
0.202259 0.089593 0.162929
0.202495 0.089684 0.162396
0.202714 0.089736 0.161970
0.180518 0.097483 0.177242
0.180681 0.097420 0.177140
0.180844 0.097356 0.177038
0.181007 0.097293 0.176935
0.181161 0.097279 0.176742
0.181333 0.097166 0.176731
0.181496 0.097103 0.176628
0.181667 0.096991 0.176617
0.181829 0.096927 0.176515
0.182000 0.096815 0.176504
0.182170 0.096704 0.176494
0.182340 0.096592 0.176484
0.182502 0.096529 0.176382
0.182664 0.096466 0.176280
0.182833 0.096355 0.176271
0.183001 0.096244 0.176261
0.183176 0.096085 0.176345
0.183349 0.095926 0.176428
0.183522 0.095768 0.176513
0.183694 0.095610 0.176598
0.183865 0.095453 0.176683
0.184041 0.095248 0.176862
0.184210 0.095091 0.176949
0.184379 0.094934 0.177036
0.184547 0.094778 0.177123
0.184714 0.094622 0.177211
0.184880 0.094467 0.177300
0.185041 0.094358 0.177295
0.185205 0.094203 0.177385
0.185365 0.094096 0.177381
0.185525 0.093988 0.177377
0.185684 0.093880 0.177373
0.185843 0.093773 0.177370
0.186002 0.093666 0.177367
0.186162 0.093512 0.177459
0.186320 0.093406 0.177457
0.186479 0.093253 0.177549
0.186635 0.093146 0.177548
0.186791 0.093040 0.177546
0.186947 0.092934 0.177545
0.187102 0.092828 0.177544
0.187257 0.092723 0.177543
0.187411 0.092617 0.177543
0.187565 0.092512 0.177543
0.187718 0.092406 0.177543
0.187872 0.092301 0.177543
0.188024 0.092242 0.177447
0.188176 0.092137 0.177448
0.188328 0.092032 0.177449
0.188480 0.091928 0.177450
0.188631 0.091824 0.177451
0.188782 0.091719 0.177453
0.188934 0.091660 0.177358
0.189084 0.091556 0.177360
0.189235 0.091498 0.177265
0.189386 0.091439 0.177170
0.189537 0.091380 0.177075
0.189689 0.091321 0.176980
0.189840 0.091262 0.176885
0.189991 0.091203 0.176790
0.190142 0.091144 0.176695
0.190293 0.091086 0.176600
0.190445 0.091027 0.176505
0.190596 0.090968 0.176410
0.190747 0.090909 0.176316
0.190898 0.090850 0.176221
0.191053 0.090835 0.176027
0.191205 0.090776 0.175932
0.191360 0.090761 0.175737
0.191517 0.090746 0.175543
0.191668 0.090687 0.175447
0.191825 0.090671 0.175253
0.191977 0.090612 0.175157
0.192134 0.090596 0.174962
0.192287 0.090537 0.174866
0.192439 0.090478 0.174771
0.192591 0.090418 0.174675
0.192743 0.090359 0.174579
0.192896 0.090300 0.174484
0.193048 0.090241 0.174388
0.193200 0.090181 0.174293
0.193352 0.090122 0.174197
0.193505 0.090063 0.174101
0.193649 0.089961 0.174107
0.193801 0.089902 0.174011
0.193953 0.089843 0.173916
0.194105 0.089783 0.173820
0.194249 0.089682 0.173826
0.194401 0.089623 0.173731
0.194562 0.089606 0.173534
0.194714 0.089547 0.173438
0.194866 0.089487 0.173343
0.195018 0.089428 0.173247
0.195179 0.089411 0.173050
0.195331 0.089352 0.172954
0.195484 0.089292 0.172858
0.195646 0.089275 0.172660
0.195798 0.089215 0.172564
0.195961 0.089197 0.172365
0.196124 0.089179 0.172166
0.196277 0.089120 0.172070
0.196441 0.089101 0.171871
0.196605 0.089083 0.171671
0.196782 0.089105 0.171368
0.196947 0.089086 0.171168
0.197113 0.089067 0.170967
0.197267 0.089007 0.170870
0.197433 0.088988 0.170669
0.197625 0.089050 0.170259
0.197805 0.089071 0.169953
0.197986 0.089091 0.169647
0.198168 0.089111 0.169340
0.198351 0.089131 0.169032
0.198534 0.089151 0.168724
0.198705 0.089130 0.168520
0.198890 0.089149 0.168211
0.199076 0.089167 0.167901
0.199248 0.089146 0.167697
0.199435 0.089164 0.167386
0.199609 0.089142 0.167181
0.199797 0.089159 0.166869
0.200017 0.089255 0.166345
0.200208 0.089272 0.166033
0.200399 0.089288 0.165720
0.200576 0.089265 0.165512
0.200737 0.089202 0.165411
0.200946 0.089257 0.164990
0.201108 0.089194 0.164888
0.201270 0.089131 0.164787
0.201431 0.089069 0.164685
0.201593 0.089006 0.164584
0.201806 0.089059 0.164160
0.202073 0.089228 0.163414
0.202272 0.089242 0.163096
0.202471 0.089255 0.162778
0.175947 0.101316 0.175170
0.176120 0.101248 0.175061
0.176536 0.100860 0.175283
0.176736 0.100692 0.175351
0.176907 0.100626 0.175243
0.178269 0.100140 0.174291
0.178441 0.100074 0.174183
0.178636 0.099907 0.174254
0.178807 0.099841 0.174146
0.180420 0.097314 0.177191
0.180583 0.097250 0.177088
0.180746 0.097187 0.176986
0.180909 0.097124 0.176884
0.181080 0.097011 0.176872
0.181243 0.096948 0.176770
0.181406 0.096885 0.176668
0.181569 0.096821 0.176566
0.181739 0.096710 0.176555
0.181910 0.096598 0.176545
0.182080 0.096487 0.176534
0.182242 0.096424 0.176433
0.182404 0.096361 0.176331
0.182573 0.096249 0.176321
0.182742 0.096138 0.176312
0.182910 0.096028 0.176303
0.183078 0.095917 0.176294
0.183252 0.095759 0.176378
0.183425 0.095601 0.176462
0.183604 0.095396 0.176640
0.183775 0.095239 0.176726
0.183951 0.095035 0.176905
0.184125 0.094831 0.177085
0.184294 0.094675 0.177173
0.184461 0.094520 0.177261
0.184628 0.094364 0.177349
0.184794 0.094209 0.177438
0.184959 0.094055 0.177528
0.185119 0.093947 0.177524
0.185279 0.093840 0.177520
0.185442 0.093686 0.177611
0.185601 0.093579 0.177607
0.185759 0.093472 0.177605
0.185917 0.093365 0.177602
0.186077 0.093212 0.177694
0.186234 0.093106 0.177693
0.186391 0.093000 0.177691
0.186547 0.092894 0.177689
0.186702 0.092788 0.177688
0.186858 0.092682 0.177687
0.187013 0.092577 0.177687
0.187167 0.092472 0.177686
0.187321 0.092366 0.177686
0.187475 0.092261 0.177686
0.187628 0.092157 0.177687
0.187780 0.092097 0.177591
0.187933 0.091993 0.177592
0.188085 0.091888 0.177593
0.188237 0.091784 0.177594
0.188388 0.091680 0.177596
0.188539 0.091576 0.177597
0.188690 0.091517 0.177502
0.188841 0.091413 0.177505
0.188992 0.091354 0.177410
0.189141 0.091251 0.177412
0.189292 0.091192 0.177318
0.189443 0.091133 0.177223
0.189594 0.091075 0.177128
0.189747 0.091060 0.176935
0.189898 0.091002 0.176841
0.190049 0.090943 0.176746
0.190200 0.090884 0.176651
0.190351 0.090825 0.176556
0.190502 0.090767 0.176461
0.190653 0.090708 0.176366
0.190807 0.090693 0.176173
0.190958 0.090634 0.176078
0.191109 0.090575 0.175983
0.191265 0.090560 0.175789
0.191421 0.090544 0.175594
0.191572 0.090485 0.175499
0.191729 0.090470 0.175304
0.191880 0.090411 0.175209
0.192037 0.090395 0.175014
0.192189 0.090335 0.174918
0.192347 0.090319 0.174722
0.192499 0.090260 0.174627
0.192651 0.090201 0.174531
0.192804 0.090142 0.174436
0.192956 0.090082 0.174340
0.193102 0.089980 0.174345
0.193254 0.089921 0.174250
0.193406 0.089862 0.174154
0.193558 0.089803 0.174059
0.193702 0.089701 0.174064
0.193854 0.089642 0.173969
0.194006 0.089583 0.173874
0.194158 0.089524 0.173778
0.194310 0.089465 0.173683
0.194461 0.089406 0.173588
0.194613 0.089347 0.173492
0.194765 0.089288 0.173397
0.194926 0.089270 0.173199
0.195078 0.089211 0.173104
0.195230 0.089152 0.173008
0.195382 0.089093 0.172913
0.195544 0.089075 0.172715
0.195706 0.089057 0.172516
0.195859 0.088997 0.172420
0.196022 0.088979 0.172221
0.196174 0.088920 0.172125
0.196338 0.088901 0.171926
0.196502 0.088883 0.171727
0.196677 0.088905 0.171423
0.196842 0.088886 0.171223
0.197008 0.088866 0.171022
0.197162 0.088807 0.170926
0.197328 0.088787 0.170725
0.197494 0.088768 0.170524
0.197674 0.088788 0.170218
0.197854 0.088808 0.169911
0.198022 0.088788 0.169709
0.198204 0.088808 0.169402
0.198373 0.088787 0.169199
0.198542 0.088766 0.168996
0.198740 0.088825 0.168582
0.198910 0.088804 0.168378
0.199096 0.088822 0.168069
0.199296 0.088880 0.167653
0.199454 0.088818 0.167554
0.199627 0.088796 0.167349
0.199905 0.089050 0.166401
0.200096 0.089066 0.166088
0.200287 0.089082 0.165775
0.200479 0.089098 0.165461
0.200592 0.088918 0.165680
0.200753 0.088855 0.165579
0.200913 0.088793 0.165478
0.201090 0.088769 0.165270
0.201251 0.088707 0.165170
0.201411 0.088644 0.165069
0.201572 0.088582 0.164968
0.201750 0.088558 0.164759
0.201911 0.088495 0.164658
0.202142 0.088586 0.164127
0.175857 0.101085 0.175203
0.176059 0.100917 0.175270
0.176260 0.100748 0.175337
0.176474 0.100530 0.175492
0.176660 0.100413 0.175473
0.176872 0.100196 0.175630
0.177056 0.100079 0.175611
0.177240 0.099963 0.175592
0.177410 0.099896 0.175485
0.177593 0.099780 0.175467
0.177763 0.099714 0.175360
0.177933 0.099648 0.175253
0.178103 0.099581 0.175147
0.178285 0.099466 0.175129
0.178479 0.099300 0.175201
0.178683 0.099086 0.175363
0.178886 0.098872 0.175526
0.179054 0.098807 0.175420
0.180138 0.097306 0.177061
0.180312 0.097193 0.177049
0.180484 0.097081 0.177037
0.180647 0.097018 0.176935
0.180810 0.096954 0.176832
0.180982 0.096842 0.176821
0.181145 0.096779 0.176719
0.181308 0.096716 0.176617
0.181479 0.096604 0.176606
0.181650 0.096492 0.176595
0.181820 0.096381 0.176585
0.181982 0.096318 0.176483
0.182144 0.096255 0.176381
0.182306 0.096192 0.176280
0.182476 0.096081 0.176270
0.182644 0.095970 0.176261
0.182813 0.095860 0.176252
0.182988 0.095702 0.176335
0.183162 0.095544 0.176419
0.183341 0.095340 0.176597
0.183513 0.095183 0.176682
0.183690 0.094979 0.176861
0.183866 0.094776 0.177041
0.184035 0.094620 0.177128
0.184209 0.094417 0.177310
0.184376 0.094262 0.177398
0.184538 0.094154 0.177393
0.184709 0.093953 0.177576
0.184873 0.093799 0.177666
0.185033 0.093692 0.177662
0.185197 0.093538 0.177753
0.185356 0.093431 0.177750
0.185514 0.093325 0.177747
0.185672 0.093218 0.177745
0.185833 0.093066 0.177837
0.185990 0.092960 0.177835
0.186147 0.092854 0.177834
0.186303 0.092748 0.177833
0.186459 0.092642 0.177831
0.186614 0.092537 0.177831
0.186769 0.092432 0.177830
0.186924 0.092327 0.177830
0.187078 0.092222 0.177830
0.187232 0.092117 0.177830
0.187384 0.092057 0.177734
0.187537 0.091953 0.177735
0.187690 0.091849 0.177735
0.187842 0.091744 0.177737
0.187994 0.091685 0.177641
0.188145 0.091581 0.177643
0.188297 0.091477 0.177644
0.188447 0.091374 0.177646
0.188598 0.091315 0.177552
0.188749 0.091211 0.177554
0.188899 0.091108 0.177557
0.189049 0.091050 0.177462
0.189200 0.090991 0.177367
0.189349 0.090888 0.177371
0.189499 0.090829 0.177276
0.189649 0.090771 0.177182
0.189800 0.090712 0.177087
0.189950 0.090654 0.176993
0.190103 0.090639 0.176800
0.190254 0.090581 0.176705
0.190404 0.090522 0.176611
0.190558 0.090507 0.176417
0.190709 0.090448 0.176323
0.190860 0.090390 0.176228
0.191014 0.090374 0.176034
0.191169 0.090359 0.175840
0.191321 0.090300 0.175745
0.191476 0.090284 0.175551
0.191628 0.090225 0.175455
0.191784 0.090210 0.175261
0.191941 0.090194 0.175065
0.192092 0.090134 0.174970
0.192250 0.090118 0.174775
0.192402 0.090059 0.174679
0.192554 0.090000 0.174584
0.192706 0.089941 0.174488
0.192858 0.089881 0.174393
0.193010 0.089822 0.174297
0.193162 0.089763 0.174202
0.193307 0.089662 0.174207
0.193452 0.089560 0.174213
0.193603 0.089501 0.174118
0.193747 0.089400 0.174124
0.193891 0.089299 0.174131
0.194042 0.089240 0.174036
0.194194 0.089182 0.173941
0.194345 0.089123 0.173846
0.194496 0.089064 0.173751
0.194647 0.089005 0.173656
0.194807 0.088988 0.173458
0.194968 0.088970 0.173261
0.195129 0.088952 0.173063
0.195290 0.088934 0.172865
0.195442 0.088875 0.172769
0.195594 0.088816 0.172674
0.195756 0.088798 0.172475
0.195919 0.088779 0.172276
0.196082 0.088761 0.172077
0.196246 0.088742 0.171878
0.196409 0.088723 0.171678
0.196574 0.088704 0.171478
0.196738 0.088685 0.171278
0.196903 0.088666 0.171078
0.197057 0.088606 0.170981
0.197223 0.088587 0.170780
0.197389 0.088567 0.170579
0.197555 0.088547 0.170378
0.197735 0.088567 0.170072
0.197902 0.088547 0.169870
0.198070 0.088526 0.169667
0.198239 0.088506 0.169465
0.198421 0.088525 0.169157
0.198590 0.088504 0.168954
0.198774 0.088522 0.168645
0.198944 0.088501 0.168441
0.199115 0.088479 0.168237
0.199301 0.088497 0.167927
0.199473 0.088475 0.167722
0.199660 0.088492 0.167411
0.199999 0.088899 0.166038
0.200190 0.088915 0.165724
0.200432 0.088596 0.166055
0.200592 0.088533 0.165955
0.200768 0.088510 0.165748
0.200928 0.088448 0.165648
0.201088 0.088386 0.165547
0.201197 0.088208 0.165769
0.201356 0.088146 0.165669
0.201464 0.087969 0.165891
0.201623 0.087908 0.165792
0.201799 0.087884 0.165584
0.175535 0.101124 0.174994
0.175753 0.100905 0.175148
0.175969 0.100687 0.175303
0.176185 0.100469 0.175458
0.176371 0.100352 0.175438
0.176584 0.100135 0.175595
0.176782 0.099968 0.175664
0.176966 0.099852 0.175645
0.177163 0.099686 0.175715
0.177346 0.099570 0.175697
0.177529 0.099454 0.175680
0.177699 0.099388 0.175573
0.177880 0.099272 0.175556
0.178062 0.099157 0.175539
0.178243 0.099042 0.175522
0.178448 0.098828 0.175684
0.178651 0.098615 0.175847
0.178819 0.098550 0.175741
0.178952 0.098632 0.175367
0.180040 0.097136 0.177009
0.180213 0.097024 0.176997
0.180376 0.096960 0.176895
0.180549 0.096848 0.176883
0.180712 0.096785 0.176781
0.180884 0.096673 0.176769
0.181047 0.096610 0.176667
0.181218 0.096498 0.176656
0.181381 0.096435 0.176554
0.181552 0.096324 0.176544
0.181722 0.096213 0.176534
0.181884 0.096150 0.176432
0.182054 0.096039 0.176422
0.182216 0.095976 0.176320
0.182385 0.095865 0.176311
0.182547 0.095802 0.176209
0.182723 0.095644 0.176293
0.182897 0.095487 0.176377
0.183071 0.095330 0.176461
0.183244 0.095173 0.176546
0.183429 0.094922 0.176818
0.183606 0.094719 0.176997
0.183782 0.094517 0.177178
0.183951 0.094362 0.177265
0.184119 0.094207 0.177353
0.184287 0.094052 0.177442
0.184453 0.093898 0.177531
0.184619 0.093744 0.177621
0.184784 0.093591 0.177711
0.184948 0.093437 0.177802
0.185111 0.093284 0.177893
0.185270 0.093178 0.177890
0.185428 0.093072 0.177888
0.185586 0.092965 0.177885
0.185743 0.092860 0.177884
0.185900 0.092754 0.177882
0.186057 0.092648 0.177880
0.186216 0.092497 0.177974
0.186371 0.092392 0.177974
0.186526 0.092287 0.177973
0.186679 0.092227 0.177877
0.186833 0.092122 0.177877
0.186987 0.092018 0.177877
0.187141 0.091913 0.177878
0.187294 0.091809 0.177878
0.187447 0.091705 0.177879
0.187599 0.091646 0.177784
0.187751 0.091542 0.177785
0.187903 0.091438 0.177787
0.188054 0.091379 0.177692
0.188205 0.091275 0.177694
0.188356 0.091172 0.177696
0.188507 0.091113 0.177601
0.188656 0.090966 0.177701
0.188807 0.090907 0.177606
0.188956 0.090804 0.177610
0.189106 0.090746 0.177515
0.189257 0.090687 0.177421
0.189407 0.090629 0.177327
0.189557 0.090570 0.177232
0.189707 0.090512 0.177138
0.189857 0.090454 0.177044
0.190007 0.090395 0.176949
0.190158 0.090337 0.176855
0.190308 0.090278 0.176761
0.190461 0.090263 0.176567
0.190611 0.090205 0.176473
0.190765 0.090189 0.176279
0.190916 0.090131 0.176185
0.191070 0.090115 0.175991
0.191225 0.090100 0.175797
0.191381 0.090084 0.175602
0.191532 0.090025 0.175507
0.191688 0.090009 0.175313
0.191839 0.089950 0.175217
0.191996 0.089934 0.175022
0.192147 0.089875 0.174927
0.192304 0.089858 0.174731
0.192456 0.089799 0.174636
0.192608 0.089740 0.174541
0.192760 0.089681 0.174445
0.192905 0.089580 0.174451
0.193057 0.089521 0.174356
0.193202 0.089420 0.174361
0.193346 0.089319 0.174368
0.193490 0.089218 0.174374
0.193634 0.089117 0.174381
0.193777 0.089017 0.174388
0.193928 0.088958 0.174293
0.194078 0.088900 0.174199
0.194229 0.088841 0.174104
0.194388 0.088824 0.173907
0.194539 0.088765 0.173812
0.194698 0.088748 0.173615
0.194858 0.088730 0.173418
0.195019 0.088712 0.173220
0.195180 0.088694 0.173022
0.195331 0.088635 0.172927
0.195493 0.088617 0.172729
0.195655 0.088599 0.172530
0.195817 0.088580 0.172331
0.195980 0.088562 0.172132
0.196143 0.088543 0.171933
0.196295 0.088483 0.171837
0.196470 0.088505 0.171534
0.196634 0.088485 0.171334
0.196799 0.088466 0.171133
0.196953 0.088406 0.171037
0.197118 0.088386 0.170836
0.197284 0.088367 0.170635
0.197450 0.088347 0.170434
0.197617 0.088326 0.170232
0.197771 0.088266 0.170135
0.197951 0.088286 0.169828
0.198119 0.088265 0.169626
0.198287 0.088244 0.169424
0.198456 0.088223 0.169221
0.198625 0.088202 0.169018
0.198794 0.088181 0.168814
0.198964 0.088159 0.168611
0.199134 0.088138 0.168407
0.199320 0.088155 0.168097
0.199491 0.088133 0.167892
0.200336 0.088430 0.166005
0.200464 0.088290 0.166118
0.200623 0.088228 0.166018
0.200766 0.088128 0.166025
0.200909 0.088028 0.166033
0.201035 0.087890 0.166148
0.201159 0.087752 0.166263
0.201300 0.087652 0.166271
0.201441 0.087553 0.166280
0.201598 0.087491 0.166181
0.201774 0.087468 0.165974
0.202265 0.087321 0.165569
0.202423 0.087260 0.165469
0.174990 0.101381 0.174634
0.175211 0.101162 0.174786
0.175445 0.100893 0.175027
0.175663 0.100675 0.175181
0.175865 0.100508 0.175248
0.176081 0.100290 0.175404
0.176281 0.100123 0.175472
0.176495 0.099907 0.175629
0.176693 0.099741 0.175698
0.176877 0.099625 0.175680
0.177074 0.099459 0.175750
0.177257 0.099344 0.175732
0.177440 0.099228 0.175715
0.177622 0.099113 0.175697
0.177804 0.098998 0.175680
0.177972 0.098932 0.175574
0.178166 0.098768 0.175647
0.178370 0.098555 0.175810
0.178550 0.098441 0.175794
0.178718 0.098375 0.175689
0.178976 0.097919 0.176302
0.179176 0.097708 0.176468
0.179374 0.097498 0.176634
0.179571 0.097288 0.176802
0.179757 0.097127 0.176879
0.179931 0.097014 0.176867
0.180094 0.096951 0.176764
0.180278 0.096790 0.176843
0.180441 0.096727 0.176741
0.180614 0.096615 0.176729
0.180786 0.096504 0.176718
0.180949 0.096440 0.176616
0.181120 0.096329 0.176605
0.181283 0.096266 0.176503
0.181454 0.096155 0.176493
0.181624 0.096044 0.176483
0.181795 0.095933 0.176473
0.181956 0.095870 0.176371
0.182118 0.095807 0.176269
0.182288 0.095697 0.176260
0.182457 0.095587 0.176251
0.182632 0.095429 0.176335
0.182807 0.095273 0.176419
0.182974 0.095163 0.176411
0.183135 0.095101 0.176310
0.183346 0.094663 0.176954
0.183523 0.094461 0.177134
0.183698 0.094259 0.177314
0.183867 0.094105 0.177402
0.184035 0.093950 0.177491
0.184203 0.093796 0.177580
0.184369 0.093643 0.177669
0.184535 0.093489 0.177759
0.184695 0.093383 0.177756
0.184859 0.093230 0.177847
0.185022 0.093077 0.177938
0.185181 0.092971 0.177936
0.185339 0.092865 0.177934
0.185497 0.092759 0.177932
0.185654 0.092654 0.177930
0.185811 0.092548 0.177928
0.185970 0.092397 0.178022
0.186126 0.092292 0.178021
0.186281 0.092187 0.178021
0.186436 0.092082 0.178020
0.186591 0.091978 0.178020
0.186745 0.091873 0.178020
0.186899 0.091769 0.178021
0.187052 0.091665 0.178022
0.187204 0.091606 0.177926
0.187357 0.091502 0.177927
0.187509 0.091398 0.177929
0.187660 0.091339 0.177834
0.187812 0.091236 0.177836
0.187963 0.091133 0.177838
0.188114 0.091029 0.177840
0.188265 0.090971 0.177745
0.188415 0.090868 0.177748
0.188566 0.090809 0.177653
0.188715 0.090707 0.177656
0.188865 0.090604 0.177660
0.189015 0.090546 0.177565
0.189165 0.090487 0.177471
0.189313 0.090385 0.177475
0.189463 0.090327 0.177381
0.189613 0.090268 0.177287
0.189762 0.090210 0.177193
0.189912 0.090152 0.177099
0.190062 0.090093 0.177005
0.190212 0.090035 0.176911
0.190364 0.090020 0.176718
0.190514 0.089962 0.176623
0.190668 0.089946 0.176430
0.190821 0.089931 0.176237
0.190972 0.089873 0.176142
0.191126 0.089857 0.175948
0.191281 0.089841 0.175754
0.191432 0.089782 0.175659
0.191587 0.089766 0.175464
0.191743 0.089750 0.175270
0.191894 0.089691 0.175175
0.192051 0.089675 0.174979
0.192202 0.089616 0.174884
0.192353 0.089557 0.174789
0.192511 0.089540 0.174593
0.192656 0.089439 0.174599
0.192801 0.089338 0.174605
0.192953 0.089279 0.174510
0.193090 0.089137 0.174617
0.193234 0.089036 0.174624
0.193371 0.088894 0.174732
0.193514 0.088794 0.174739
0.193656 0.088694 0.174747
0.193806 0.088636 0.174653
0.193956 0.088577 0.174559
0.194106 0.088519 0.174465
0.194264 0.088502 0.174268
0.194414 0.088444 0.174174
0.194581 0.088467 0.173875
0.194740 0.088450 0.173678
0.194909 0.088473 0.173378
0.195069 0.088455 0.173180
0.195221 0.088396 0.173085
0.195382 0.088378 0.172887
0.195543 0.088359 0.172689
0.195705 0.088341 0.172490
0.195867 0.088322 0.172291
0.196029 0.088303 0.172092
0.196192 0.088284 0.171893
0.196356 0.088265 0.171693
0.196531 0.088286 0.171389
0.196695 0.088266 0.171189
0.196848 0.088207 0.171093
0.197013 0.088187 0.170892
0.197179 0.088167 0.170691
0.197345 0.088147 0.170490
0.197511 0.088126 0.170288
0.197665 0.088066 0.170192
0.197832 0.088046 0.169990
0.197986 0.087986 0.169893
0.198154 0.087965 0.169691
0.198322 0.087944 0.169488
0.198490 0.087923 0.169285
0.198659 0.087902 0.169082
0.198800 0.087802 0.169091
0.198955 0.087742 0.168993
0.199124 0.087721 0.168790
0.199294 0.087699 0.168586
0.199479 0.087716 0.168276
0.199680 0.087771 0.167859
0.199958 0.088018 0.166908
0.200116 0.087956 0.166809
0.200321 0.088010 0.166389
0.200496 0.087986 0.166182
0.200638 0.087886 0.166189
0.200781 0.087786 0.166197
0.200922 0.087687 0.166205
0.201047 0.087549 0.166321
0.201205 0.087488 0.166222
0.201346 0.087389 0.166230
0.201503 0.087327 0.166131
0.201661 0.087266 0.166032
0.201818 0.087205 0.165933
0.201976 0.087143 0.165834
0.202152 0.087119 0.165627
0.202328 0.087095 0.165419
0.202560 0.087183 0.164885
0.202719 0.087121 0.164786
0.202934 0.087170 0.164359
0.203113 0.087145 0.164150
0.203311 0.087157 0.163831
0.174406 0.101739 0.174101
0.174646 0.101469 0.174339
0.174884 0.101200 0.174579
0.175121 0.100931 0.174819
0.175341 0.100713 0.174972
0.175574 0.100445 0.175214
0.175791 0.100228 0.175370
0.175992 0.100062 0.175438
0.176207 0.099846 0.175594
0.176406 0.099680 0.175663
0.176605 0.099514 0.175733
0.176802 0.099349 0.175803
0.176986 0.099233 0.175785
0.177168 0.099118 0.175768
0.177351 0.099003 0.175750
0.177533 0.098888 0.175733
0.177714 0.098773 0.175716
0.177896 0.098658 0.175700
0.178089 0.098495 0.175773
0.178281 0.098331 0.175846
0.178473 0.098169 0.175920
0.178675 0.097957 0.176085
0.178876 0.097746 0.176250
0.179076 0.097536 0.176416
0.179275 0.097326 0.176582
0.179472 0.097117 0.176750
0.179658 0.096956 0.176828
0.179832 0.096844 0.176815
0.179996 0.096781 0.176713
0.180169 0.096669 0.176701
0.180343 0.096557 0.176689
0.180506 0.096494 0.176587
0.180678 0.096382 0.176575
0.180850 0.096271 0.176564
0.181022 0.096160 0.176554
0.181185 0.096097 0.176452
0.181364 0.095939 0.176533
0.181527 0.095875 0.176431
0.181705 0.095718 0.176513
0.181867 0.095655 0.176412
0.182028 0.095592 0.176310
0.182198 0.095482 0.176301
0.182367 0.095372 0.176292
0.182542 0.095215 0.176376
0.182724 0.095012 0.176554
0.182884 0.094949 0.176453
0.183084 0.094606 0.176910
0.183250 0.094498 0.176904
0.183440 0.094203 0.177270
0.183615 0.094002 0.177451
0.183784 0.093848 0.177540
0.183946 0.093741 0.177535
0.184114 0.093587 0.177624
0.184280 0.093434 0.177714
0.184446 0.093281 0.177804
0.184606 0.093175 0.177801
0.184770 0.093023 0.177892
0.184929 0.092917 0.177890
0.185092 0.092765 0.177982
0.185250 0.092659 0.177980
0.185407 0.092554 0.177978
0.185565 0.092448 0.177976
0.185721 0.092343 0.177975
0.185878 0.092238 0.177974
0.186037 0.092088 0.178068
0.186192 0.091983 0.178068
0.186347 0.091879 0.178068
0.186502 0.091774 0.178068
0.186656 0.091670 0.178068
0.186809 0.091566 0.178069
0.186963 0.091462 0.178070
0.187116 0.091359 0.178071
0.187267 0.091300 0.177976
0.187419 0.091196 0.177977
0.187571 0.091093 0.177979
0.187722 0.091034 0.177885
0.187873 0.090931 0.177887
0.188024 0.090828 0.177889
0.188174 0.090770 0.177795
0.188324 0.090667 0.177798
0.188474 0.090565 0.177801
0.188624 0.090506 0.177706
0.188773 0.090404 0.177710
0.188923 0.090346 0.177616
0.189072 0.090244 0.177620
0.189221 0.090186 0.177526
0.189371 0.090127 0.177432
0.189520 0.090069 0.177338
0.189670 0.090011 0.177244
0.189820 0.089953 0.177150
0.189969 0.089894 0.177056
0.190119 0.089836 0.176962
0.190268 0.089778 0.176868
0.190418 0.089720 0.176774
0.190571 0.089704 0.176581
0.190724 0.089689 0.176388
0.190874 0.089631 0.176293
0.191028 0.089615 0.176100
0.191182 0.089599 0.175906
0.191332 0.089540 0.175811
0.191487 0.089524 0.175617
0.191642 0.089508 0.175422
0.191793 0.089449 0.175327
0.191949 0.089433 0.175132
0.192100 0.089374 0.175037
0.192251 0.089315 0.174943
0.192402 0.089256 0.174848
0.192553 0.089198 0.174753
0.192692 0.089055 0.174860
0.192836 0.088955 0.174867
0.192980 0.088855 0.174873
0.193117 0.088713 0.174982
0.193253 0.088572 0.175091
0.193402 0.088514 0.174997
0.193537 0.088373 0.175107
0.193686 0.088315 0.175013
0.193834 0.088257 0.174920
0.193983 0.088199 0.174826
0.194141 0.088182 0.174630
0.194290 0.088124 0.174537
0.194456 0.088148 0.174238
0.194614 0.088130 0.174041
0.194782 0.088153 0.173741
0.194951 0.088176 0.173441
0.195111 0.088158 0.173244
0.195261 0.088099 0.173149
0.195432 0.088121 0.172848
0.195593 0.088102 0.172649
0.195755 0.088084 0.172450
0.195917 0.088065 0.172251
0.196079 0.088046 0.172052
0.196253 0.088066 0.171749
0.196416 0.088047 0.171549
0.196591 0.088067 0.171245
0.196744 0.088008 0.171148
0.196909 0.087988 0.170948
0.197074 0.087967 0.170747
0.197240 0.087947 0.170546
0.197406 0.087927 0.170344
0.197560 0.087867 0.170248
0.197726 0.087846 0.170046
0.197880 0.087786 0.169949
0.198047 0.087765 0.169747
0.198202 0.087705 0.169650
0.198370 0.087684 0.169448
0.198524 0.087624 0.169351
0.198678 0.087564 0.169254
0.198833 0.087504 0.169157
0.198987 0.087443 0.169060
0.199156 0.087422 0.168856
0.199355 0.087477 0.168440
0.199555 0.087531 0.168023
0.199817 0.087739 0.167178
0.199975 0.087677 0.167079
0.200179 0.087730 0.166659
0.200352 0.087707 0.166453
0.200511 0.087645 0.166354
0.200669 0.087584 0.166254
0.200811 0.087484 0.166262
0.200952 0.087385 0.166271
0.201093 0.087286 0.166279
0.201234 0.087187 0.166288
0.201391 0.087126 0.166189
0.201548 0.087065 0.166091
0.201706 0.087004 0.165992
0.201863 0.086942 0.165893
0.202038 0.086918 0.165686
0.202214 0.086894 0.165478
0.202446 0.086980 0.164944
0.202604 0.086919 0.164844
0.202801 0.086931 0.164527
0.202998 0.086942 0.164209
0.203195 0.086954 0.163890
0.203375 0.086928 0.163680
0.173831 0.102045 0.173659
0.174058 0.101825 0.173808
0.174316 0.101505 0.174133
0.174556 0.101236 0.174371
0.174795 0.100968 0.174611
0.175032 0.100700 0.174851
0.175267 0.100433 0.175093
0.175485 0.100216 0.175248
0.175717 0.099950 0.175491
0.175903 0.099834 0.175471
0.176118 0.099618 0.175628
0.176318 0.099453 0.175698
0.176516 0.099288 0.175768
0.176714 0.099123 0.175838
0.176897 0.099008 0.175820
0.177080 0.098893 0.175803
0.177262 0.098778 0.175786
0.177444 0.098663 0.175769
0.177638 0.098500 0.175841
0.177807 0.098434 0.175736
0.178000 0.098271 0.175809
0.178192 0.098108 0.175883
0.178396 0.097897 0.176047
0.178575 0.097784 0.176032
0.178788 0.097525 0.176287
0.178976 0.097364 0.176363
0.179176 0.097155 0.176530
0.179373 0.096946 0.176698
0.179548 0.096834 0.176685
0.179723 0.096722 0.176673
0.179897 0.096611 0.176661
0.180061 0.096547 0.176558
0.180244 0.096388 0.176638
0.180407 0.096324 0.176535
0.180580 0.096213 0.176524
0.180752 0.096102 0.176513
0.180924 0.095991 0.176502
0.181096 0.095880 0.176492
0.181267 0.095770 0.176482
0.181437 0.095660 0.176472
0.181608 0.095549 0.176462
0.181777 0.095439 0.176453
0.181939 0.095377 0.176352
0.182108 0.095267 0.176343
0.182284 0.095110 0.176426
0.182460 0.094954 0.176511
0.182628 0.094845 0.176503
0.182788 0.094783 0.176402
0.182988 0.094441 0.176860
0.183180 0.094147 0.177226
0.183357 0.093946 0.177407
0.183527 0.093793 0.177495
0.183695 0.093639 0.177584
0.183863 0.093486 0.177673
0.184025 0.093379 0.177669
0.184191 0.093226 0.177759
0.184352 0.093120 0.177755
0.184517 0.092968 0.177846
0.184681 0.092816 0.177938
0.184840 0.092710 0.177935
0.184999 0.092605 0.177933
0.185157 0.092499 0.177931
0.185315 0.092394 0.177929
0.185476 0.092243 0.178023
0.185632 0.092138 0.178022
0.185789 0.092034 0.178021
0.185948 0.091884 0.178116
0.186103 0.091780 0.178115
0.186258 0.091676 0.178115
0.186412 0.091571 0.178116
0.186566 0.091468 0.178116
0.186720 0.091364 0.178117
0.186873 0.091260 0.178118
0.187024 0.091201 0.178023
0.187177 0.091098 0.178025
0.187329 0.090995 0.178026
0.187480 0.090936 0.177932
0.187631 0.090833 0.177934
0.187783 0.090731 0.177936
0.187933 0.090672 0.177842
0.188084 0.090570 0.177844
0.188234 0.090511 0.177750
0.188384 0.090409 0.177753
0.188533 0.090307 0.177757
0.188683 0.090248 0.177663
0.188832 0.090146 0.177666
0.188981 0.090088 0.177572
0.189131 0.090030 0.177478
0.189279 0.089928 0.177483
0.189428 0.089870 0.177389
0.189578 0.089812 0.177295
0.189727 0.089754 0.177201
0.189877 0.089696 0.177107
0.190026 0.089638 0.177014
0.190175 0.089580 0.176920
0.190325 0.089521 0.176826
0.190477 0.089506 0.176633
0.190627 0.089448 0.176539
0.190780 0.089432 0.176346
0.190933 0.089416 0.176152
0.191087 0.089400 0.175958
0.191237 0.089342 0.175864
0.191392 0.089325 0.175669
0.191542 0.089267 0.175575
0.191693 0.089208 0.175480
0.191848 0.089192 0.175285
0.191999 0.089133 0.175191
0.192149 0.089075 0.175096
0.192300 0.089016 0.175002
0.192450 0.088957 0.174907
0.192601 0.088899 0.174812
0.192745 0.088799 0.174819
0.192889 0.088699 0.174826
0.192993 0.088351 0.175442
0.193142 0.088293 0.175348
0.193312 0.088358 0.174950
0.193425 0.088095 0.175365
0.193566 0.087996 0.175374
0.193714 0.087938 0.175281
0.193862 0.087881 0.175188
0.194018 0.087864 0.174993
0.194175 0.087847 0.174797
0.194332 0.087830 0.174601
0.194498 0.087853 0.174302
0.194665 0.087876 0.174003
0.194824 0.087858 0.173806
0.194983 0.087840 0.173608
0.195151 0.087862 0.173308
0.195312 0.087843 0.173110
0.195472 0.087825 0.172912
0.195643 0.087846 0.172610
0.195804 0.087827 0.172411
0.195966 0.087808 0.172212
0.196139 0.087828 0.171909
0.196313 0.087849 0.171605
0.196488 0.087868 0.171301
0.196641 0.087809 0.171205
0.196805 0.087789 0.171004
0.196970 0.087768 0.170803
0.197135 0.087748 0.170602
0.197289 0.087688 0.170506
0.197454 0.087668 0.170304
0.197621 0.087647 0.170103
0.197775 0.087587 0.170006
0.197941 0.087566 0.169804
0.198095 0.087506 0.169707
0.198250 0.087446 0.169610
0.198417 0.087425 0.169408
0.198571 0.087365 0.169311
0.198726 0.087304 0.169214
0.198894 0.087283 0.169011
0.199063 0.087261 0.168807
0.199247 0.087277 0.168497
0.199432 0.087293 0.168186
0.199692 0.087499 0.167342
0.199849 0.087438 0.167243
0.200037 0.087452 0.166930
0.200226 0.087467 0.166617
0.200399 0.087443 0.166411
0.200541 0.087344 0.166419
0.200683 0.087245 0.166428
0.200824 0.087146 0.166436
0.200981 0.087085 0.166337
0.201122 0.086986 0.166346
0.201279 0.086925 0.166248
0.201436 0.086864 0.166149
0.201593 0.086803 0.166050
0.201768 0.086779 0.165843
0.201925 0.086717 0.165744
0.202119 0.086730 0.165428
0.202295 0.086705 0.165220
0.202490 0.086717 0.164903
0.202686 0.086729 0.164586
0.202882 0.086740 0.164267
0.203080 0.086751 0.163949
0.203278 0.086761 0.163630
0.203458 0.086735 0.163420
0.173512 0.102030 0.173541
0.173724 0.101860 0.173603
0.173984 0.101541 0.173926
0.174226 0.101272 0.174164
0.174466 0.101004 0.174403
0.174705 0.100736 0.174643
0.174942 0.100469 0.174884
0.175178 0.100203 0.175126
0.175396 0.099987 0.175281
0.175614 0.099772 0.175437
0.175830 0.099557 0.175593
0.176030 0.099391 0.175663
0.176244 0.099177 0.175821
0.176442 0.099013 0.175891
0.176640 0.098849 0.175962
0.176823 0.098734 0.175944
0.177005 0.098619 0.175927
0.177187 0.098504 0.175910
0.177369 0.098390 0.175894
0.177550 0.098276 0.175877
0.177731 0.098162 0.175861
0.177924 0.097999 0.175935
0.178116 0.097837 0.176009
0.178307 0.097676 0.176084
0.178498 0.097514 0.176159
0.178699 0.097305 0.176325
0.178888 0.097144 0.176401
0.179076 0.096983 0.176478
0.179263 0.096823 0.176556
0.179449 0.096664 0.176633
0.179624 0.096552 0.176621
0.179798 0.096440 0.176609
0.179962 0.096377 0.176507
0.180136 0.096266 0.176495
0.180309 0.096154 0.176484
0.180482 0.096043 0.176472
0.180654 0.095933 0.176462
0.180826 0.095822 0.176451
0.180998 0.095712 0.176441
0.181169 0.095601 0.176431
0.181348 0.095444 0.176513
0.181518 0.095334 0.176503
0.181688 0.095225 0.176494
0.181849 0.095162 0.176393
0.182027 0.095006 0.176477
0.182203 0.094850 0.176561
0.182363 0.094787 0.176460
0.182524 0.094725 0.176359
0.182927 0.094044 0.177276
0.183105 0.093844 0.177456
0.183275 0.093690 0.177544
0.183444 0.093537 0.177633
0.183607 0.093430 0.177628
0.183775 0.093277 0.177717
0.183936 0.093171 0.177713
0.184103 0.093019 0.177804
0.184263 0.092913 0.177800
0.184429 0.092761 0.177892
0.184588 0.092655 0.177889
0.184747 0.092550 0.177886
0.184906 0.092444 0.177884
0.185064 0.092339 0.177882
0.185222 0.092234 0.177881
0.185383 0.092084 0.177974
0.185540 0.091979 0.177973
0.185700 0.091830 0.178068
0.185856 0.091725 0.178067
0.186014 0.091577 0.178163
0.186169 0.091473 0.178163
0.186323 0.091369 0.178164
0.186477 0.091265 0.178164
0.186631 0.091162 0.178165
0.186784 0.091059 0.178167
0.186935 0.091000 0.178072
0.187087 0.090897 0.178073
0.187239 0.090794 0.178075
0.187390 0.090735 0.177981
0.187541 0.090633 0.177983
0.187693 0.090530 0.177986
0.187843 0.090472 0.177891
0.187993 0.090370 0.177894
0.188143 0.090311 0.177800
0.188293 0.090209 0.177803
0.188443 0.090151 0.177709
0.188592 0.090049 0.177713
0.188742 0.089991 0.177619
0.188890 0.089889 0.177623
0.189040 0.089831 0.177529
0.189189 0.089773 0.177436
0.189337 0.089672 0.177440
0.189486 0.089614 0.177346
0.189635 0.089556 0.177253
0.189784 0.089498 0.177159
0.189933 0.089440 0.177065
0.190083 0.089382 0.176972
0.190232 0.089324 0.176878
0.190384 0.089308 0.176685
0.190533 0.089250 0.176591
0.190686 0.089234 0.176398
0.190836 0.089176 0.176304
0.190989 0.089160 0.176110
0.191143 0.089143 0.175916
0.191293 0.089085 0.175822
0.191443 0.089027 0.175728
0.191597 0.089010 0.175533
0.191747 0.088952 0.175439
0.191887 0.088810 0.175546
0.192037 0.088752 0.175452
0.192182 0.088652 0.175458
0.192331 0.088593 0.175364
0.192878 0.088032 0.175801
0.193025 0.087974 0.175708
0.193167 0.087875 0.175717
0.193307 0.087777 0.175726
0.193455 0.087720 0.175633
0.193610 0.087703 0.175439
0.193757 0.087645 0.175346
0.193905 0.087588 0.175253
0.194061 0.087571 0.175058
0.194217 0.087554 0.174862
0.194382 0.087577 0.174563
0.194557 0.087640 0.174161
0.194706 0.087581 0.174068
0.194865 0.087563 0.173871
0.195033 0.087585 0.173570
0.195192 0.087567 0.173373
0.195361 0.087588 0.173071
0.195522 0.087569 0.172873
0.195693 0.087590 0.172571
0.195854 0.087571 0.172372
0.196027 0.087591 0.172069
0.196200 0.087611 0.171765
0.196374 0.087631 0.171461
0.196526 0.087571 0.171365
0.196701 0.087590 0.171060
0.196866 0.087570 0.170859
0.197031 0.087549 0.170658
0.197196 0.087529 0.170457
0.197349 0.087469 0.170361
0.197515 0.087448 0.170159
0.197682 0.087427 0.169957
0.197836 0.087367 0.169861
0.198002 0.087346 0.169658
0.198157 0.087286 0.169562
0.198311 0.087226 0.169465
0.198465 0.087166 0.169368
0.198633 0.087144 0.169165
0.198787 0.087084 0.169068
0.198955 0.087062 0.168865
0.199139 0.087078 0.168555
0.199338 0.087131 0.168137
0.199598 0.087336 0.167292
0.199755 0.087275 0.167193
0.199927 0.087251 0.166988
0.200115 0.087265 0.166675
0.200288 0.087241 0.166468
0.200414 0.087105 0.166584
0.200572 0.087044 0.166485
0.200713 0.086945 0.166494
0.200870 0.086884 0.166395
0.201010 0.086786 0.166405
0.201167 0.086725 0.166306
0.201324 0.086663 0.166208
0.201481 0.086602 0.166109
0.201656 0.086578 0.165902
0.201830 0.086554 0.165695
0.202006 0.086529 0.165487
0.202200 0.086541 0.165170
0.202376 0.086516 0.164962
0.202571 0.086527 0.164645
0.202768 0.086538 0.164326
0.202965 0.086549 0.164008
0.203162 0.086559 0.163689
0.203342 0.086533 0.163479
0.203541 0.086542 0.163158
0.173192 0.102014 0.173423
0.173421 0.101795 0.173571
0.173650 0.101576 0.173721
0.173894 0.101307 0.173958
0.174153 0.100989 0.174283
0.174393 0.100722 0.174523
0.174616 0.100505 0.174675
0.174853 0.100239 0.174917
0.175074 0.100024 0.175071
0.175308 0.099759 0.175314
0.175525 0.099544 0.175471
0.175742 0.099330 0.175628
0.175957 0.099116 0.175785
0.176156 0.098951 0.175855
0.176354 0.098787 0.175926
0.176566 0.098575 0.176086
0.176749 0.098460 0.176069
0.176931 0.098346 0.176052
0.177113 0.098232 0.176035
0.177294 0.098118 0.176019
0.177475 0.098004 0.176003
0.177655 0.097890 0.175987
0.177836 0.097777 0.175972
0.178028 0.097615 0.176046
0.178219 0.097454 0.176121
0.178410 0.097293 0.176197
0.178600 0.097132 0.176273
0.178789 0.096972 0.176349
0.178977 0.096812 0.176426
0.179164 0.096652 0.176504
0.179350 0.096493 0.176582
0.179514 0.096429 0.176479
0.179689 0.096318 0.176467
0.179863 0.096207 0.176455
0.180037 0.096096 0.176443
0.180210 0.095985 0.176432
0.180383 0.095874 0.176421
0.180556 0.095764 0.176410
0.180737 0.095606 0.176491
0.180909 0.095496 0.176481
0.181080 0.095386 0.176471
0.181260 0.095229 0.176554
0.181430 0.095120 0.176545
0.181608 0.094964 0.176628
0.181769 0.094901 0.176527
0.181945 0.094745 0.176611
0.182121 0.094590 0.176696
0.182281 0.094528 0.176595
0.182845 0.093788 0.177412
0.183023 0.093588 0.177593
0.183193 0.093435 0.177682
0.183363 0.093283 0.177770
0.183519 0.093222 0.177672
0.183687 0.093070 0.177762
0.183848 0.092963 0.177758
0.184009 0.092857 0.177755
0.184175 0.092706 0.177846
0.184335 0.092600 0.177843
0.184495 0.092495 0.177840
0.184654 0.092389 0.177838
0.184813 0.092284 0.177836
0.184971 0.092179 0.177834
0.185129 0.092074 0.177832
0.185291 0.091925 0.177926
0.185448 0.091820 0.177925
0.185608 0.091671 0.178019
0.185767 0.091522 0.178115
0.185922 0.091418 0.178115
0.186080 0.091270 0.178211
0.186234 0.091167 0.178212
0.186388 0.091063 0.178212
0.186542 0.090960 0.178214
0.186695 0.090857 0.178215
0.186845 0.090799 0.178120
0.186998 0.090696 0.178122
0.187149 0.090637 0.178028
0.187300 0.090535 0.178030
0.187452 0.090433 0.178032
0.187602 0.090374 0.177938
0.187753 0.090272 0.177941
0.187903 0.090214 0.177847
0.188053 0.090112 0.177850
0.188203 0.090010 0.177854
0.188352 0.089952 0.177760
0.188502 0.089894 0.177666
0.188651 0.089792 0.177670
0.188800 0.089734 0.177576
0.188948 0.089633 0.177580
0.189098 0.089575 0.177487
0.189247 0.089517 0.177393
0.189396 0.089459 0.177299
0.189543 0.089358 0.177304
0.189692 0.089300 0.177211
0.189841 0.089242 0.177117
0.189990 0.089184 0.177024
0.190139 0.089126 0.176930
0.190288 0.089068 0.176837
0.190440 0.089052 0.176644
0.190589 0.088994 0.176550
0.190742 0.088978 0.176356
0.190895 0.088962 0.176163
0.191044 0.088904 0.176069
0.191194 0.088845 0.175975
0.191344 0.088787 0.175881
0.191493 0.088729 0.175787
0.191638 0.088629 0.175794
0.191782 0.088530 0.175800
0.191932 0.088472 0.175707
0.192091 0.088496 0.175411
0.192180 0.087984 0.176429
0.192327 0.087927 0.176337
0.192622 0.087812 0.176151
0.192763 0.087714 0.176161
0.192910 0.087657 0.176068
0.193057 0.087600 0.175976
0.193204 0.087542 0.175883
0.193351 0.087485 0.175791
0.193498 0.087428 0.175699
0.193653 0.087411 0.175504
0.193800 0.087354 0.175411
0.193956 0.087336 0.175216
0.194111 0.087319 0.175021
0.194268 0.087302 0.174825
0.194433 0.087324 0.174526
0.194599 0.087346 0.174227
0.194756 0.087328 0.174030
0.194915 0.087310 0.173833
0.195083 0.087332 0.173532
0.195242 0.087313 0.173335
0.195411 0.087334 0.173033
0.195571 0.087315 0.172835
0.195742 0.087335 0.172532
0.195914 0.087355 0.172229
0.196087 0.087374 0.171926
0.196271 0.087433 0.171517
0.196434 0.087413 0.171317
0.196598 0.087392 0.171117
0.196762 0.087372 0.170916
0.196927 0.087351 0.170715
0.197092 0.087330 0.170514
0.197257 0.087309 0.170312
0.197410 0.087250 0.170216
0.197576 0.087228 0.170014
0.197730 0.087169 0.169918
0.197897 0.087147 0.169715
0.198050 0.087087 0.169619
0.198218 0.087065 0.169416
0.198372 0.087005 0.169319
0.198540 0.086983 0.169116
0.198694 0.086923 0.169019
0.198862 0.086901 0.168816
0.199045 0.086917 0.168506
0.199675 0.087149 0.167037
0.199832 0.087088 0.166938
0.199989 0.087026 0.166839
0.200162 0.087003 0.166633
0.200303 0.086904 0.166642
0.200445 0.086806 0.166651
0.200602 0.086745 0.166552
0.200742 0.086647 0.166562
0.200899 0.086586 0.166463
0.201056 0.086525 0.166365
0.201212 0.086463 0.166266
0.201386 0.086439 0.166059
0.201543 0.086378 0.165961
0.201718 0.086353 0.165754
0.201911 0.086365 0.165437
0.202086 0.086340 0.165229
0.202281 0.086351 0.164912
0.202457 0.086326 0.164704
0.202653 0.086336 0.164385
0.202850 0.086347 0.164067
0.203028 0.086321 0.163857
0.203226 0.086330 0.163538
0.203425 0.086340 0.163218
0.203604 0.086313 0.163007
0.172870 0.101998 0.173305
0.173101 0.101779 0.173453
0.173331 0.101560 0.173602
0.173577 0.101291 0.173839
0.173821 0.101024 0.174076
0.174063 0.100757 0.174315
0.174288 0.100540 0.174467
0.174511 0.100324 0.174620
0.174749 0.100059 0.174862
0.175001 0.099745 0.175192
0.175220 0.099531 0.175348
0.175437 0.099317 0.175505
0.175654 0.099103 0.175662
0.175869 0.098890 0.175820
0.176068 0.098726 0.175890
0.176281 0.098514 0.176050
0.176478 0.098351 0.176121
0.176661 0.098237 0.176104
0.176843 0.098123 0.176088
0.177025 0.098009 0.176071
0.177206 0.097895 0.176055
0.177387 0.097782 0.176039
0.177567 0.097668 0.176024
0.177760 0.097507 0.176098
0.177952 0.097346 0.176173
0.178131 0.097233 0.176158
0.178322 0.097073 0.176234
0.178512 0.096912 0.176310
0.178689 0.096800 0.176297
0.178877 0.096641 0.176374
0.179065 0.096481 0.176452
0.179240 0.096370 0.176439
0.179415 0.096259 0.176427
0.179590 0.096148 0.176415
0.179765 0.096037 0.176403
0.179938 0.095926 0.176392
0.180112 0.095815 0.176380
0.180295 0.095658 0.176461
0.180458 0.095594 0.176359
0.180639 0.095437 0.176440
0.180811 0.095327 0.176430
0.180992 0.095171 0.176512
0.181171 0.095015 0.176595
0.181350 0.094859 0.176678
0.181528 0.094703 0.176762
0.181688 0.094641 0.176661
0.181873 0.094440 0.176838
0.182049 0.094285 0.176923
0.182231 0.094085 0.177102
0.182390 0.094023 0.177002
0.182593 0.093685 0.177461
0.182764 0.093532 0.177549
0.182935 0.093379 0.177637
0.183106 0.093227 0.177726
0.183268 0.093120 0.177721
0.183431 0.093014 0.177717
0.183593 0.092908 0.177713
0.183754 0.092802 0.177709
0.183921 0.092650 0.177800
0.184082 0.092545 0.177797
0.184242 0.092439 0.177794
0.184402 0.092334 0.177791
0.184561 0.092229 0.177789
0.184720 0.092124 0.177787
0.184878 0.092019 0.177785
0.185037 0.091914 0.177783
0.185198 0.091765 0.177877
0.185359 0.091616 0.177972
0.185516 0.091512 0.177971
0.185675 0.091364 0.178067
0.185834 0.091216 0.178162
0.185992 0.091068 0.178259
0.186146 0.090965 0.178260
0.186300 0.090862 0.178261
0.186453 0.090759 0.178262
0.186606 0.090657 0.178264
0.186756 0.090598 0.178169
0.186909 0.090496 0.178171
0.187059 0.090437 0.178077
0.187211 0.090335 0.178079
0.187361 0.090276 0.177985
0.187512 0.090174 0.177988
0.187662 0.090116 0.177894
0.187813 0.090014 0.177897
0.187963 0.089956 0.177803
0.188112 0.089854 0.177806
0.188262 0.089796 0.177712
0.188411 0.089695 0.177716
0.188561 0.089637 0.177623
0.188709 0.089536 0.177627
0.188858 0.089478 0.177533
0.189008 0.089420 0.177440
0.189155 0.089319 0.177444
0.189304 0.089261 0.177351
0.189453 0.089203 0.177257
0.189600 0.089103 0.177263
0.189749 0.089045 0.177169
0.189898 0.088987 0.177076
0.190047 0.088929 0.176982
0.190195 0.088871 0.176889
0.190344 0.088813 0.176796
0.190496 0.088797 0.176602
0.190645 0.088739 0.176509
0.190797 0.088723 0.176315
0.190947 0.088665 0.176222
0.191096 0.088607 0.176128
0.191245 0.088549 0.176034
0.191394 0.088491 0.175941
0.191534 0.088350 0.176048
0.191678 0.088251 0.176056
0.191826 0.088193 0.175962
0.192091 0.087831 0.176382
0.192238 0.087774 0.176290
0.192509 0.087496 0.176511
0.192655 0.087439 0.176419
0.192802 0.087382 0.176327
0.192948 0.087325 0.176235
0.193102 0.087308 0.176041
0.193248 0.087251 0.175949
0.193395 0.087194 0.175857
0.193549 0.087177 0.175662
0.193704 0.087160 0.175467
0.193859 0.087143 0.175272
0.194014 0.087126 0.175077
0.194170 0.087108 0.174881
0.194326 0.087090 0.174685
0.194491 0.087112 0.174386
0.194649 0.087094 0.174190
0.194806 0.087076 0.173993
0.194974 0.087097 0.173692
0.195132 0.087078 0.173495
0.195291 0.087060 0.173297
0.195461 0.087080 0.172995
0.195631 0.087100 0.172693
0.195802 0.087119 0.172390
0.195985 0.087178 0.171982
0.196158 0.087197 0.171678
0.196331 0.087215 0.171373
0.196483 0.087156 0.171278
0.196658 0.087174 0.170972
0.196823 0.087153 0.170772
0.196987 0.087132 0.170570
0.197152 0.087111 0.170369
0.197306 0.087052 0.170273
0.197471 0.087030 0.170071
0.197637 0.087009 0.169869
0.197791 0.086949 0.169772
0.197945 0.086889 0.169676
0.198111 0.086867 0.169473
0.198279 0.086845 0.169271
0.198433 0.086785 0.169174
0.198601 0.086763 0.168971
0.198769 0.086741 0.168767
0.198952 0.086756 0.168457
0.199737 0.086924 0.166888
0.199894 0.086863 0.166790
0.200067 0.086839 0.166584
0.200177 0.086667 0.166807
0.200334 0.086606 0.166709
0.200491 0.086545 0.166611
0.200648 0.086484 0.166512
0.200804 0.086422 0.166414
0.200961 0.086361 0.166315
0.201118 0.086300 0.166217
0.201274 0.086239 0.166118
0.201449 0.086215 0.165911
0.201623 0.086190 0.165704
0.201798 0.086165 0.165496
0.201973 0.086140 0.165288
0.202167 0.086151 0.164971
0.202343 0.086125 0.164763
0.202539 0.086135 0.164445
0.202716 0.086109 0.164236
0.202913 0.086119 0.163916
0.203110 0.086128 0.163597
0.203309 0.086137 0.163277
0.203469 0.086075 0.163176
0.203668 0.086084 0.162856
0.172511 0.102081 0.173014
0.172762 0.101812 0.173249
0.172993 0.101593 0.173397
0.173241 0.101325 0.173633
0.173487 0.101058 0.173870
0.173715 0.100841 0.174021
0.173957 0.100575 0.174260
0.174133 0.100506 0.174149
0.174692 0.099731 0.175071
0.174913 0.099517 0.175226
0.175132 0.099303 0.175382
0.175349 0.099090 0.175539
0.175566 0.098877 0.175696
0.175781 0.098665 0.175855
0.175981 0.098501 0.175925
0.176194 0.098290 0.176085
0.176391 0.098127 0.176157
0.176588 0.097965 0.176229
0.176770 0.097851 0.176213
0.176951 0.097738 0.176197
0.177132 0.097624 0.176181
0.177313 0.097511 0.176165
0.177480 0.097446 0.176061
0.177673 0.097285 0.176135
0.177852 0.097173 0.176120
0.178043 0.097012 0.176196
0.178222 0.096900 0.176182
0.178412 0.096740 0.176258
0.178589 0.096629 0.176245
0.178778 0.096469 0.176322
0.178966 0.096311 0.176400
0.179141 0.096199 0.176387
0.179317 0.096088 0.176375
0.179491 0.095977 0.176363
0.179666 0.095867 0.176351
0.179840 0.095756 0.176340
0.180013 0.095645 0.176329
0.180197 0.095488 0.176410
0.180369 0.095378 0.176399
0.180551 0.095222 0.176481
0.180732 0.095066 0.176563
0.180903 0.094956 0.176553
0.181083 0.094801 0.176636
0.181270 0.094599 0.176812
0.181448 0.094444 0.176896
0.181608 0.094382 0.176795
0.181793 0.094181 0.176973
0.181977 0.093981 0.177151
0.182135 0.093919 0.177052
0.182332 0.093628 0.177417
0.182512 0.093430 0.177598
0.182684 0.093277 0.177686
0.182855 0.093125 0.177774
0.183018 0.093019 0.177770
0.183181 0.092912 0.177765
0.183343 0.092806 0.177761
0.183505 0.092700 0.177758
0.183666 0.092595 0.177754
0.183828 0.092489 0.177751
0.183988 0.092384 0.177748
0.184149 0.092278 0.177745
0.184308 0.092173 0.177742
0.184468 0.092068 0.177740
0.184627 0.091964 0.177738
0.184786 0.091859 0.177736
0.184944 0.091755 0.177735
0.185106 0.091606 0.177829
0.185267 0.091457 0.177923
0.185427 0.091309 0.178019
0.185587 0.091161 0.178114
0.185745 0.091014 0.178210
0.185903 0.090867 0.178307
0.186060 0.090720 0.178404
0.186211 0.090661 0.178309
0.186364 0.090559 0.178311
0.186517 0.090456 0.178313
0.186668 0.090398 0.178218
0.186820 0.090296 0.178220
0.186970 0.090237 0.178126
0.187122 0.090135 0.178129
0.187272 0.090077 0.178035
0.187423 0.089975 0.178038
0.187573 0.089917 0.177944
0.187723 0.089815 0.177947
0.187873 0.089757 0.177853
0.188022 0.089699 0.177759
0.188172 0.089598 0.177763
0.188321 0.089540 0.177669
0.188470 0.089439 0.177673
0.188619 0.089381 0.177580
0.188768 0.089323 0.177486
0.188917 0.089222 0.177491
0.189066 0.089164 0.177397
0.189214 0.089106 0.177304
0.189362 0.089006 0.177309
0.189511 0.088948 0.177216
0.189659 0.088890 0.177122
0.189808 0.088832 0.177029
0.189957 0.088774 0.176935
0.190106 0.088716 0.176842
0.190254 0.088658 0.176749
0.190403 0.088601 0.176655
0.190552 0.088543 0.176562
0.190701 0.088485 0.176468
0.190849 0.088427 0.176375
0.190998 0.088369 0.176281
0.191147 0.088311 0.176188
0.191291 0.088212 0.176195
0.191435 0.088113 0.176203
0.191574 0.087973 0.176311
0.191712 0.087834 0.176420
0.191860 0.087776 0.176327
0.191976 0.087474 0.176842
0.192117 0.087376 0.176851
0.192263 0.087319 0.176760
0.192409 0.087263 0.176668
0.192555 0.087206 0.176576
0.192701 0.087149 0.176484
0.192853 0.087132 0.176291
0.193000 0.087075 0.176199
0.193153 0.087059 0.176005
0.193299 0.087001 0.175913
0.193453 0.086984 0.175718
0.193607 0.086967 0.175523
0.193762 0.086950 0.175328
0.193917 0.086932 0.175133
0.194064 0.086875 0.175041
0.194229 0.086897 0.174742
0.194385 0.086879 0.174546
0.194550 0.086900 0.174246
0.194708 0.086882 0.174049
0.194865 0.086863 0.173852
0.195023 0.086845 0.173655
0.195182 0.086826 0.173458
0.195351 0.086846 0.173156
0.195520 0.086865 0.172854
0.195691 0.086885 0.172551
0.195872 0.086943 0.172143
0.196045 0.086961 0.171839
0.196218 0.086980 0.171535
0.196370 0.086921 0.171439
0.196544 0.086938 0.171134
0.196719 0.086956 0.170828
0.196883 0.086935 0.170627
0.197048 0.086914 0.170426
0.197201 0.086854 0.170330
0.197366 0.086832 0.170128
0.197520 0.086773 0.170032
0.197685 0.086751 0.169830
0.197839 0.086691 0.169733
0.198005 0.086669 0.169531
0.198159 0.086610 0.169434
0.198326 0.086587 0.169231
0.198494 0.086565 0.169028
0.198662 0.086542 0.168825
0.198844 0.086557 0.168515
0.199028 0.086571 0.168204
0.199197 0.086548 0.167999
0.199382 0.086562 0.167687
0.199568 0.086575 0.167375
0.199895 0.086491 0.167071
0.200052 0.086430 0.166973
0.200208 0.086369 0.166875
0.200364 0.086308 0.166777
0.200521 0.086247 0.166679
0.200677 0.086186 0.166580
0.200833 0.086126 0.166482
0.201006 0.086101 0.166276
0.201163 0.086040 0.166177
0.201337 0.086015 0.165970
0.201511 0.085990 0.165763
0.201685 0.085965 0.165556
0.201860 0.085940 0.165348
0.202036 0.085915 0.165140
0.202230 0.085925 0.164822
0.202406 0.085899 0.164613
0.202601 0.085909 0.164295
0.202798 0.085918 0.163976
0.202995 0.085927 0.163656
0.203173 0.085900 0.163446
0.203372 0.085909 0.163126
0.203552 0.085882 0.162915
0.203712 0.085819 0.162814
0.172168 0.102113 0.172811
0.172421 0.101844 0.173044
0.172672 0.101576 0.173279
0.172921 0.101308 0.173514
0.173134 0.101140 0.173577
0.173380 0.100874 0.173814
0.173557 0.100805 0.173703
0.174160 0.099932 0.174795
0.174383 0.099717 0.174949
0.174604 0.099503 0.175104
0.174841 0.099240 0.175347
0.175044 0.099076 0.175416
0.175262 0.098863 0.175573
0.175479 0.098651 0.175731
0.175679 0.098488 0.175801
0.175893 0.098277 0.175960
0.176092 0.098114 0.176032
0.176304 0.097904 0.176193
0.176501 0.097742 0.176265
0.176683 0.097629 0.176249
0.176864 0.097516 0.176233
0.177045 0.097403 0.176218
0.177225 0.097290 0.176202
0.177405 0.097177 0.176187
0.177585 0.097064 0.176172
0.177764 0.096952 0.176158
0.177943 0.096840 0.176143
0.178122 0.096728 0.176129
0.178312 0.096568 0.176206
0.178490 0.096457 0.176192
0.178667 0.096345 0.176179
0.178855 0.096187 0.176257
0.179031 0.096076 0.176245
0.179218 0.095918 0.176323
0.179393 0.095807 0.176311
0.179567 0.095696 0.176300
0.179741 0.095586 0.176288
0.179925 0.095429 0.176369
0.180099 0.095319 0.176358
0.180271 0.095209 0.176348
0.180453 0.095053 0.176429
0.180635 0.094897 0.176511
0.180815 0.094742 0.176594
0.180995 0.094587 0.176677
0.181183 0.094386 0.176854
0.181369 0.094186 0.177030
0.181529 0.094123 0.176930
0.181722 0.093878 0.177201
0.181905 0.093679 0.177380
0.182079 0.093526 0.177467
0.182253 0.093373 0.177554
0.182425 0.093221 0.177642
0.182597 0.093069 0.177730
0.182768 0.092917 0.177819
0.182931 0.092811 0.177814
0.183093 0.092705 0.177810
0.183249 0.092644 0.177712
0.183411 0.092539 0.177708
0.183573 0.092433 0.177705
0.183734 0.092328 0.177702
0.183895 0.092223 0.177699
0.184055 0.092118 0.177696
0.184215 0.092013 0.177694
0.184375 0.091908 0.177691
0.184534 0.091803 0.177689
0.184693 0.091699 0.177688
0.184851 0.091595 0.177686
0.185013 0.091446 0.177780
0.185179 0.091254 0.177971
0.185339 0.091107 0.178066
0.185495 0.091003 0.178066
0.185657 0.090812 0.178258
0.185815 0.090666 0.178355
0.185969 0.090563 0.178356
0.186126 0.090417 0.178454
0.186276 0.090358 0.178360
0.186429 0.090256 0.178362
0.186579 0.090198 0.178267
0.186731 0.090096 0.178270
0.186881 0.090038 0.178176
0.187031 0.089979 0.178081
0.187183 0.089878 0.178084
0.187332 0.089819 0.177990
0.187483 0.089718 0.177994
0.187633 0.089660 0.177900
0.187782 0.089602 0.177806
0.187932 0.089501 0.177810
0.188082 0.089442 0.177716
0.188231 0.089384 0.177622
0.188380 0.089284 0.177626
0.188529 0.089226 0.177533
0.188678 0.089125 0.177537
0.188827 0.089067 0.177444
0.188975 0.088967 0.177449
0.189123 0.088909 0.177356
0.189272 0.088851 0.177262
0.189421 0.088793 0.177169
0.189568 0.088693 0.177174
0.189716 0.088636 0.177081
0.189865 0.088578 0.176988
0.190013 0.088520 0.176895
0.190162 0.088462 0.176801
0.190310 0.088404 0.176708
0.190459 0.088347 0.176615
0.190607 0.088289 0.176521
0.190756 0.088231 0.176428
0.190901 0.088132 0.176435
0.191049 0.088074 0.176342
0.191197 0.088016 0.176249
0.191346 0.087959 0.176156
0.191485 0.087819 0.176264
0.191623 0.087680 0.176373
0.191751 0.087460 0.176685
0.191887 0.087322 0.176796
0.192028 0.087224 0.176805
0.192174 0.087167 0.176713
0.192321 0.087111 0.176622
0.192467 0.087054 0.176530
0.192613 0.086997 0.176438
0.192759 0.086940 0.176346
0.192911 0.086923 0.176153
0.193065 0.086906 0.175958
0.193211 0.086849 0.175866
0.193365 0.086832 0.175672
0.193519 0.086814 0.175477
0.193673 0.086797 0.175282
0.193820 0.086740 0.175189
0.193976 0.086722 0.174994
0.194131 0.086704 0.174798
0.194296 0.086725 0.174499
0.194443 0.086667 0.174406
0.194600 0.086649 0.174210
0.194767 0.086669 0.173909
0.194924 0.086651 0.173712
0.195083 0.086632 0.173515
0.195241 0.086613 0.173317
0.195410 0.086632 0.173015
0.195580 0.086651 0.172712
0.195761 0.086708 0.172304
0.195932 0.086727 0.172001
0.196105 0.086745 0.171696
0.196256 0.086686 0.171601
0.196430 0.086704 0.171296
0.196604 0.086721 0.170990
0.196768 0.086700 0.170789
0.196932 0.086678 0.170588
0.197085 0.086619 0.170492
0.197250 0.086597 0.170291
0.197415 0.086576 0.170089
0.197568 0.086516 0.169993
0.197734 0.086494 0.169791
0.197887 0.086434 0.169695
0.198053 0.086412 0.169492
0.198220 0.086390 0.169289
0.198374 0.086330 0.169193
0.198541 0.086307 0.168990
0.198709 0.086285 0.168786
0.198892 0.086299 0.168475
0.199075 0.086313 0.168164
0.199274 0.086363 0.167745
0.199429 0.086303 0.167648
0.199600 0.086279 0.167443
0.199770 0.086255 0.167237
0.199926 0.086194 0.167139
0.200082 0.086133 0.167041
0.200238 0.086073 0.166943
0.200410 0.086048 0.166737
0.200566 0.085988 0.166639
0.200722 0.085927 0.166541
0.200895 0.085902 0.166335
0.201052 0.085841 0.166236
0.201225 0.085816 0.166029
0.201399 0.085791 0.165822
0.201573 0.085766 0.165615
0.201748 0.085741 0.165407
0.201923 0.085715 0.165199
0.202116 0.085725 0.164882
0.202292 0.085699 0.164673
0.202487 0.085708 0.164354
0.202683 0.085717 0.164035
0.202880 0.085726 0.163716
0.203058 0.085699 0.163506
0.203237 0.085672 0.163296
0.203435 0.085680 0.162975
0.203595 0.085618 0.162874
0.172151 0.101677 0.173187
0.172385 0.101459 0.173335
0.172635 0.101192 0.173570
0.172813 0.101123 0.173458
0.172992 0.101054 0.173346
0.173881 0.099818 0.174849
0.174105 0.099604 0.175003
0.174311 0.099439 0.175070
0.174516 0.099275 0.175137
0.174753 0.099013 0.175381
0.174972 0.098801 0.175538
0.175174 0.098637 0.175607
0.175391 0.098426 0.175766
0.175592 0.098263 0.175836
0.175806 0.098053 0.175996
0.176005 0.097891 0.176067
0.176217 0.097681 0.176228
0.176400 0.097568 0.176212
0.176596 0.097407 0.176285
0.176777 0.097294 0.176270
0.176958 0.097181 0.176254
0.177125 0.097116 0.176149
0.177305 0.097004 0.176134
0.177485 0.096891 0.176120
0.177664 0.096779 0.176105
0.177856 0.096620 0.176181
0.178034 0.096508 0.176167
0.178212 0.096396 0.176154
0.178390 0.096285 0.176140
0.178567 0.096174 0.176127
0.178755 0.096016 0.176205
0.178943 0.095858 0.176283
0.179119 0.095747 0.176271
0.179294 0.095637 0.176260
0.179468 0.095526 0.176248
0.179653 0.095370 0.176328
0.179827 0.095260 0.176317
0.180011 0.095104 0.176398
0.180183 0.094994 0.176388
0.180366 0.094838 0.176470
0.180547 0.094683 0.176552
0.180727 0.094528 0.176635
0.180916 0.094328 0.176811
0.181104 0.094128 0.176988
0.181291 0.093928 0.177165
0.181450 0.093866 0.177065
0.181643 0.093621 0.177336
0.181826 0.093423 0.177516
0.182000 0.093271 0.177603
0.182173 0.093119 0.177691
0.182346 0.092967 0.177779
0.182517 0.092815 0.177867
0.182673 0.092755 0.177769
0.182837 0.092649 0.177765
0.182999 0.092543 0.177761
0.183162 0.092437 0.177757
0.183324 0.092332 0.177753
0.183485 0.092227 0.177750
0.183646 0.092122 0.177747
0.183801 0.092061 0.177650
0.183962 0.091957 0.177647
0.184122 0.091852 0.177645
0.184282 0.091747 0.177643
0.184441 0.091643 0.177641
0.184595 0.091583 0.177544
0.184758 0.091435 0.177638
0.184925 0.091243 0.177827
0.185087 0.091095 0.177922
0.185251 0.090904 0.178113
0.185411 0.090757 0.178210
0.185570 0.090611 0.178306
0.185728 0.090465 0.178403
0.185881 0.090363 0.178405
0.186038 0.090217 0.178503
0.186188 0.090158 0.178409
0.186341 0.090057 0.178411
0.186491 0.089998 0.178317
0.186641 0.089940 0.178222
0.186793 0.089838 0.178225
0.186943 0.089780 0.178131
0.187094 0.089679 0.178134
0.187243 0.089621 0.178040
0.187393 0.089562 0.177946
0.187542 0.089504 0.177852
0.187693 0.089403 0.177856
0.187842 0.089345 0.177762
0.187991 0.089287 0.177669
0.188141 0.089187 0.177673
0.188290 0.089128 0.177579
0.188439 0.089028 0.177584
0.188588 0.088970 0.177490
0.188737 0.088912 0.177397
0.188885 0.088812 0.177402
0.189034 0.088754 0.177308
0.189182 0.088696 0.177215
0.189329 0.088597 0.177221
0.189478 0.088539 0.177128
0.189625 0.088440 0.177134
0.189773 0.088382 0.177040
0.189921 0.088324 0.176947
0.190070 0.088266 0.176854
0.190218 0.088209 0.176761
0.190363 0.088110 0.176768
0.190511 0.088052 0.176675
0.190660 0.087994 0.176582
0.190804 0.087896 0.176589
0.190952 0.087838 0.176496
0.191100 0.087781 0.176403
0.191235 0.087601 0.176613
0.191378 0.087503 0.176621
0.191525 0.087446 0.176529
0.191658 0.087267 0.176740
0.191794 0.087129 0.176851
0.191935 0.087032 0.176861
0.192081 0.086975 0.176769
0.192227 0.086919 0.176677
0.192373 0.086862 0.176586
0.192518 0.086805 0.176494
0.192671 0.086788 0.176300
0.192817 0.086731 0.176209
0.192969 0.086714 0.176014
0.193123 0.086697 0.175820
0.193276 0.086679 0.175625
0.193430 0.086662 0.175431
0.193577 0.086604 0.175338
0.193732 0.086587 0.175143
0.193887 0.086569 0.174947
0.194042 0.086550 0.174752
0.194198 0.086532 0.174556
0.194354 0.086514 0.174359
0.194502 0.086456 0.174266
0.194659 0.086437 0.174070
0.194816 0.086418 0.173873
0.194974 0.086399 0.173676
0.195142 0.086419 0.173374
0.195310 0.086438 0.173072
0.195479 0.086457 0.172769
0.195649 0.086475 0.172466
0.195820 0.086493 0.172162
0.195992 0.086511 0.171858
0.196143 0.086452 0.171763
0.196316 0.086469 0.171458
0.196479 0.086449 0.171258
0.196653 0.086465 0.170952
0.196817 0.086444 0.170751
0.196981 0.086422 0.170550
0.197133 0.086363 0.170454
0.197298 0.086341 0.170252
0.197451 0.086282 0.170157
0.197616 0.086260 0.169955
0.197769 0.086200 0.169859
0.197935 0.086178 0.169656
0.198101 0.086156 0.169454
0.198268 0.086133 0.169251
0.198435 0.086110 0.169048
0.198602 0.086087 0.168844
0.198770 0.086064 0.168641
0.198939 0.086041 0.168437
0.199136 0.086091 0.168018
0.199291 0.086031 0.167921
0.199461 0.086007 0.167716
0.199631 0.085983 0.167511
0.199802 0.085959 0.167305
0.199957 0.085899 0.167208
0.200128 0.085874 0.167002
0.200284 0.085814 0.166904
0.200440 0.085753 0.166806
0.200612 0.085728 0.166600
0.200784 0.085704 0.166394
0.200941 0.085643 0.166296
0.201114 0.085618 0.166089
0.201304 0.085628 0.165773
0.201478 0.085603 0.165565
0.201635 0.085542 0.165467
0.201828 0.085551 0.165149
0.202003 0.085526 0.164941
0.202179 0.085499 0.164733
0.202373 0.085508 0.164414
0.202550 0.085482 0.164205
0.202746 0.085490 0.163885
0.202943 0.085498 0.163566
0.203121 0.085471 0.163355
0.203300 0.085444 0.163145
0.203460 0.085382 0.163045
0.171788 0.101758 0.172897
0.172061 0.101441 0.173217
0.172313 0.101175 0.173452
0.172528 0.101007 0.173514
0.172706 0.100938 0.173402
0.173568 0.099803 0.174728
0.173827 0.099492 0.175057
0.174034 0.099327 0.175124
0.174240 0.099163 0.175191
0.174445 0.098999 0.175259
0.174666 0.098786 0.175415
0.174869 0.098623 0.175484
0.175087 0.098412 0.175642
0.175304 0.098201 0.175800
0.175490 0.098087 0.175783
0.175705 0.097877 0.175942
0.175918 0.097668 0.176103
0.176116 0.097507 0.176175
0.176313 0.097346 0.176248
0.176509 0.097185 0.176322
0.176676 0.097120 0.176217
0.176857 0.097008 0.176202
0.177038 0.096895 0.176186
0.177218 0.096783 0.176172
0.177398 0.096671 0.176157
0.177577 0.096559 0.176143
0.177756 0.096447 0.176129
0.177934 0.096336 0.176115
0.178112 0.096224 0.176101
0.178290 0.096113 0.176088
0.178480 0.095955 0.176166
0.178656 0.095844 0.176153
0.178844 0.095687 0.176232
0.179020 0.095577 0.176220
0.179206 0.095420 0.176299
0.179392 0.095263 0.176379
0.179566 0.095154 0.176368
0.179740 0.095044 0.176357
0.179923 0.094888 0.176439
0.180096 0.094779 0.176429
0.180278 0.094624 0.176511
0.180449 0.094515 0.176501
0.180640 0.094315 0.176677
0.180820 0.094161 0.176760
0.181026 0.093870 0.177122
0.181222 0.093626 0.177393
0.181380 0.093564 0.177293
0.181565 0.093366 0.177472
0.181748 0.093168 0.177652
0.181922 0.093016 0.177739
0.182095 0.092865 0.177827
0.182259 0.092759 0.177823
0.182423 0.092653 0.177818
0.182594 0.092502 0.177907
0.182750 0.092442 0.177809
0.182912 0.092336 0.177805
0.183075 0.092231 0.177802
0.183230 0.092170 0.177704
0.183392 0.092065 0.177701
0.183553 0.091961 0.177698
0.183714 0.091856 0.177695
0.183868 0.091796 0.177598
0.184029 0.091691 0.177596
0.184189 0.091587 0.177594
0.184343 0.091527 0.177497
0.184507 0.091379 0.177590
0.184666 0.091275 0.177589
0.184833 0.091084 0.177779
0.184994 0.090937 0.177874
0.185159 0.090746 0.178065
0.185323 0.090556 0.178258
0.185482 0.090410 0.178354
0.185643 0.090221 0.178548
0.185797 0.090119 0.178550
0.185950 0.090017 0.178552
0.186100 0.089959 0.178458
0.186253 0.089858 0.178460
0.186403 0.089799 0.178366
0.186553 0.089741 0.178272
0.186704 0.089640 0.178275
0.186854 0.089582 0.178181
0.187004 0.089523 0.178087
0.187153 0.089465 0.177993
0.187303 0.089407 0.177899
0.187453 0.089306 0.177903
0.187603 0.089248 0.177809
0.187752 0.089190 0.177715
0.187902 0.089089 0.177719
0.188051 0.089031 0.177626
0.188200 0.088973 0.177532
0.188349 0.088873 0.177537
0.188498 0.088815 0.177443
0.188646 0.088715 0.177448
0.188795 0.088658 0.177355
0.188944 0.088600 0.177262
0.189091 0.088500 0.177267
0.189240 0.088442 0.177174
0.189387 0.088343 0.177180
0.189535 0.088285 0.177087
0.189681 0.088186 0.177093
0.189829 0.088129 0.177000
0.189978 0.088071 0.176907
0.190123 0.087972 0.176914
0.190271 0.087915 0.176821
0.190419 0.087857 0.176728
0.190567 0.087799 0.176635
0.190711 0.087701 0.176643
0.190855 0.087603 0.176651
0.191003 0.087546 0.176558
0.191146 0.087448 0.176566
0.191285 0.087310 0.176676
0.191423 0.087172 0.176786
0.191560 0.087034 0.176896
0.191706 0.086977 0.176805
0.191847 0.086880 0.176814
0.191993 0.086824 0.176723
0.192139 0.086767 0.176631
0.192285 0.086710 0.176540
0.192430 0.086653 0.176448
0.192582 0.086636 0.176254
0.192729 0.086579 0.176162
0.192881 0.086562 0.175968
0.193034 0.086544 0.175774
0.193188 0.086527 0.175579
0.193342 0.086509 0.175384
0.193488 0.086452 0.175292
0.193643 0.086434 0.175096
0.193798 0.086415 0.174901
0.193953 0.086397 0.174705
0.194109 0.086378 0.174509
0.194257 0.086321 0.174416
0.194413 0.086302 0.174220
0.194570 0.086283 0.174023
0.194727 0.086264 0.173826
0.194875 0.086206 0.173733
0.195042 0.086225 0.173431
0.195210 0.086244 0.173129
0.195379 0.086263 0.172826
0.195539 0.086242 0.172628
0.195709 0.086260 0.172324
0.195880 0.086278 0.172020
0.196031 0.086219 0.171925
0.196203 0.086236 0.171621
0.196365 0.086215 0.171420
0.196539 0.086232 0.171115
0.196690 0.086173 0.171019
0.196854 0.086151 0.170819
0.197017 0.086130 0.170617
0.197182 0.086108 0.170416
0.197334 0.086049 0.170320
0.197499 0.086026 0.170119
0.197664 0.086004 0.169917
0.197816 0.085945 0.169821
0.197982 0.085922 0.169618
0.198162 0.085937 0.169309
0.198315 0.085877 0.169213
0.198482 0.085854 0.169009
0.198649 0.085831 0.168806
0.198817 0.085808 0.168602
0.199000 0.085821 0.168291
0.199154 0.085761 0.168194
0.199338 0.085773 0.167882
0.199507 0.085749 0.167677
0.199677 0.085725 0.167472
0.199833 0.085665 0.167375
0.200003 0.085640 0.167169
0.200159 0.085580 0.167072
0.200330 0.085555 0.166866
0.200485 0.085495 0.166768
0.200657 0.085470 0.166562
0.200830 0.085445 0.166355
0.201002 0.085420 0.166148
0.201176 0.085394 0.165941
0.201366 0.085404 0.165625
0.201541 0.085378 0.165417
0.201715 0.085353 0.165209
0.201890 0.085326 0.165001
0.202066 0.085300 0.164792
0.202260 0.085309 0.164474
0.202436 0.085282 0.164265
0.202632 0.085290 0.163945
0.202828 0.085298 0.163625
0.203006 0.085271 0.163415
0.203184 0.085243 0.163205
0.203344 0.085181 0.163105
0.203543 0.085188 0.162783
0.171223 0.101957 0.172634
0.171404 0.101887 0.172520
0.171755 0.101374 0.173186
0.172046 0.101010 0.173594
0.172261 0.100842 0.173656
0.172511 0.100577 0.173892
0.172688 0.100509 0.173781
0.173532 0.099427 0.175023
0.173757 0.099214 0.175178
0.173964 0.099050 0.175245
0.174153 0.098935 0.175224
0.174358 0.098771 0.175292
0.174562 0.098608 0.175361
0.174766 0.098445 0.175430
0.174985 0.098235 0.175588
0.175202 0.098025 0.175747
0.175403 0.097863 0.175818
0.175618 0.097654 0.175978
0.175817 0.097493 0.176050
0.176030 0.097284 0.176211
0.176212 0.097172 0.176195
0.176408 0.097011 0.176269
0.176590 0.096899 0.176254
0.176757 0.096834 0.176149
0.176937 0.096722 0.176134
0.177118 0.096610 0.176119
0.177297 0.096498 0.176104
0.177477 0.096386 0.176090
0.177656 0.096275 0.176076
0.177834 0.096164 0.176063
0.178013 0.096052 0.176049
0.178203 0.095895 0.176126
0.178380 0.095784 0.176114
0.178569 0.095627 0.176192
0.178757 0.095470 0.176271
0.178944 0.095314 0.176350
0.179119 0.095204 0.176339
0.179305 0.095048 0.176419
0.179479 0.094938 0.176408
0.179652 0.094829 0.176398
0.179836 0.094674 0.176479
0.180008 0.094565 0.176469
0.180180 0.094456 0.176460
0.180362 0.094302 0.176543
0.180543 0.094148 0.176626
0.180751 0.093857 0.176987
0.180949 0.093613 0.177257
0.181144 0.093370 0.177528
0.181303 0.093308 0.177429
0.181496 0.093066 0.177701
0.181653 0.093004 0.177602
0.181844 0.092763 0.177876
0.182008 0.092657 0.177871
0.182173 0.092551 0.177867
0.182337 0.092446 0.177862
0.182500 0.092340 0.177858
0.182663 0.092235 0.177854
0.182819 0.092174 0.177756
0.182981 0.092069 0.177753
0.183143 0.091965 0.177749
0.183305 0.091860 0.177746
0.183459 0.091799 0.177649
0.183620 0.091695 0.177646
0.183775 0.091635 0.177549
0.183935 0.091531 0.177547
0.184095 0.091426 0.177545
0.184255 0.091323 0.177543
0.184414 0.091219 0.177542
0.184578 0.091071 0.177636
0.184745 0.090881 0.177826
0.184902 0.090778 0.177826
0.185068 0.090588 0.178017
0.185236 0.090355 0.178306
0.185395 0.090210 0.178403
0.185556 0.090021 0.178597
0.185710 0.089920 0.178599
0.185863 0.089818 0.178601
0.186013 0.089760 0.178507
0.186163 0.089702 0.178413
0.186315 0.089601 0.178415
0.186465 0.089542 0.178321
0.186614 0.089484 0.178228
0.186764 0.089426 0.178134
0.186913 0.089368 0.178040
0.187063 0.089310 0.177946
0.187214 0.089209 0.177949
0.187363 0.089151 0.177856
0.187512 0.089093 0.177762
0.187663 0.088992 0.177766
0.187812 0.088934 0.177672
0.187961 0.088876 0.177579
0.188110 0.088776 0.177583
0.188259 0.088718 0.177490
0.188408 0.088619 0.177495
0.188557 0.088561 0.177401
0.188705 0.088461 0.177407
0.188853 0.088403 0.177314
0.189002 0.088346 0.177220
0.189149 0.088247 0.177226
0.189297 0.088189 0.177133
0.189444 0.088090 0.177139
0.189592 0.088032 0.177046
0.189738 0.087934 0.177053
0.189886 0.087876 0.176960
0.190031 0.087778 0.176967
0.190179 0.087720 0.176875
0.190324 0.087622 0.176882
0.190471 0.087564 0.176789
0.190619 0.087507 0.176697
0.190763 0.087409 0.176705
0.190906 0.087311 0.176713
0.191049 0.087214 0.176722
0.191188 0.087076 0.176832
0.191330 0.086979 0.176841
0.191467 0.086842 0.176952
0.191613 0.086785 0.176860
0.191754 0.086689 0.176870
0.191900 0.086632 0.176778
0.192045 0.086575 0.176687
0.192191 0.086519 0.176595
0.192342 0.086501 0.176402
0.192494 0.086484 0.176208
0.192640 0.086427 0.176116
0.192793 0.086410 0.175922
0.192946 0.086392 0.175727
0.193099 0.086374 0.175533
0.193253 0.086356 0.175338
0.193400 0.086299 0.175245
0.193554 0.086281 0.175050
0.193709 0.086262 0.174854
0.193864 0.086244 0.174658
0.194012 0.086186 0.174566
0.194167 0.086167 0.174369
0.194324 0.086148 0.174173
0.194472 0.086091 0.174080
0.194628 0.086071 0.173883
0.194776 0.086014 0.173790
0.194943 0.086032 0.173488
0.195101 0.086013 0.173291
0.195269 0.086031 0.172988
0.195438 0.086049 0.172685
0.195608 0.086066 0.172381
0.195769 0.086046 0.172182
0.195919 0.085987 0.172088
0.196090 0.086004 0.171783
0.196263 0.086020 0.171478
0.196425 0.085999 0.171278
0.196576 0.085940 0.171183
0.196739 0.085919 0.170982
0.196902 0.085897 0.170781
0.197066 0.085875 0.170580
0.197218 0.085816 0.170485
0.197382 0.085794 0.170283
0.197546 0.085772 0.170081
0.197711 0.085749 0.169879
0.197877 0.085727 0.169677
0.198043 0.085704 0.169474
0.198209 0.085681 0.169271
0.198389 0.085694 0.168961
0.198543 0.085635 0.168865
0.198710 0.085611 0.168661
0.198892 0.085624 0.168350
0.199046 0.085564 0.168253
0.199230 0.085576 0.167941
0.199384 0.085516 0.167844
0.199554 0.085492 0.167639
0.199724 0.085468 0.167434
0.199879 0.085407 0.167336
0.200049 0.085383 0.167131
0.200220 0.085358 0.166925
0.200375 0.085297 0.166827
0.200547 0.085272 0.166621
0.200719 0.085247 0.166415
0.200891 0.085222 0.166208
0.201081 0.085232 0.165892
0.201255 0.085206 0.165684
0.201429 0.085180 0.165477
0.201603 0.085154 0.165269
0.201777 0.085128 0.165061
0.201953 0.085102 0.164852
0.202146 0.085110 0.164534
0.202322 0.085083 0.164325
0.202517 0.085091 0.164005
0.202713 0.085098 0.163685
0.202891 0.085071 0.163475
0.203069 0.085043 0.163265
0.203228 0.084981 0.163165
0.203407 0.084953 0.162954
0.203606 0.084960 0.162632
0.171113 0.101769 0.172577
0.171295 0.101698 0.172463
0.171722 0.100991 0.173476
0.171994 0.100678 0.173798
0.172172 0.100608 0.173687
0.172405 0.100393 0.173836
0.172708 0.099984 0.174336
0.172884 0.099916 0.174226
0.173201 0.099460 0.174815
0.173463 0.099150 0.175144
0.173670 0.098986 0.175211
0.173877 0.098823 0.175278
0.174066 0.098708 0.175258
0.174254 0.098593 0.175238
0.174459 0.098430 0.175307
0.174663 0.098268 0.175376
0.174882 0.098058 0.175534
0.175100 0.097848 0.175693
0.175316 0.097639 0.175853
0.175516 0.097478 0.175925
0.175731 0.097270 0.176086
0.175929 0.097110 0.176158
0.176126 0.096950 0.176232
0.176308 0.096838 0.176216
0.176489 0.096726 0.176201
0.176670 0.096614 0.176186
0.176851 0.096502 0.176171
0.177017 0.096437 0.176066
0.177197 0.096325 0.176052
0.177390 0.096167 0.176128
0.177569 0.096056 0.176114
0.177748 0.095945 0.176101
0.177938 0.095787 0.176178
0.178116 0.095677 0.176165
0.178305 0.095520 0.176243
0.178494 0.095363 0.176322
0.178670 0.095253 0.176310
0.178857 0.095097 0.176390
0.179032 0.094988 0.176378
0.179218 0.094832 0.176459
0.179392 0.094723 0.176448
0.179576 0.094568 0.176530
0.179759 0.094414 0.176612
0.179932 0.094305 0.176602
0.180103 0.094197 0.176593
0.180285 0.094043 0.176676
0.180485 0.093799 0.176945
0.180674 0.093600 0.177122
0.180853 0.093448 0.177207
0.181067 0.093115 0.177664
0.181225 0.093054 0.177564
0.181410 0.092857 0.177744
0.181567 0.092796 0.177646
0.181758 0.092555 0.177920
0.181922 0.092450 0.177915
0.182087 0.092344 0.177911
0.182258 0.092194 0.178000
0.182414 0.092134 0.177903
0.182569 0.092073 0.177805
0.182732 0.091968 0.177801
0.182894 0.091864 0.177798
0.183049 0.091803 0.177700
0.183211 0.091699 0.177697
0.183372 0.091594 0.177695
0.183527 0.091534 0.177598
0.183688 0.091430 0.177595
0.183842 0.091370 0.177498
0.184002 0.091266 0.177496
0.184162 0.091162 0.177495
0.184326 0.091015 0.177588
0.184490 0.090868 0.177683
0.184658 0.090678 0.177873
0.184810 0.090619 0.177778
0.185145 0.090198 0.178258
0.185312 0.089967 0.178547
0.185469 0.089822 0.178645
0.185623 0.089721 0.178648
0.185776 0.089620 0.178650
0.185926 0.089562 0.178556
0.186075 0.089503 0.178462
0.186225 0.089445 0.178368
0.186374 0.089387 0.178274
0.186524 0.089329 0.178180
0.186676 0.089228 0.178184
0.186825 0.089170 0.178090
0.186974 0.089112 0.177996
0.187124 0.089054 0.177902
0.187273 0.088995 0.177808
0.187422 0.088937 0.177715
0.187573 0.088837 0.177719
0.187722 0.088779 0.177625
0.187871 0.088679 0.177630
0.188020 0.088621 0.177536
0.188169 0.088522 0.177541
0.188318 0.088464 0.177448
0.188466 0.088365 0.177453
0.188615 0.088307 0.177360
0.188763 0.088249 0.177267
0.188911 0.088150 0.177272
0.189058 0.088051 0.177279
0.189206 0.087993 0.177186
0.189353 0.087895 0.177192
0.189501 0.087837 0.177099
0.189647 0.087739 0.177106
0.189792 0.087641 0.177113
0.189937 0.087543 0.177121
0.190085 0.087485 0.177028
0.190229 0.087388 0.177036
0.190376 0.087330 0.176944
0.190523 0.087273 0.176851
0.190667 0.087175 0.176860
0.190810 0.087078 0.176868
0.190953 0.086981 0.176877
0.191096 0.086884 0.176886
0.191238 0.086787 0.176896
0.191379 0.086690 0.176905
0.191525 0.086634 0.176814
0.191666 0.086537 0.176824
0.191812 0.086481 0.176732
0.191957 0.086424 0.176641
0.192103 0.086367 0.176549
0.192254 0.086350 0.176356
0.192400 0.086293 0.176264
0.192552 0.086275 0.176070
0.192705 0.086258 0.175876
0.192857 0.086240 0.175681
0.193011 0.086222 0.175486
0.193157 0.086164 0.175394
0.193311 0.086146 0.175199
0.193465 0.086128 0.175003
0.193620 0.086109 0.174808
0.193767 0.086052 0.174715
0.193923 0.086033 0.174519
0.194078 0.086014 0.174323
0.194226 0.085956 0.174230
0.194382 0.085937 0.174033
0.194530 0.085879 0.173940
0.194687 0.085860 0.173743
0.194844 0.085840 0.173546
0.195011 0.085858 0.173244
0.195170 0.085838 0.173046
0.195338 0.085855 0.172743
0.195498 0.085835 0.172544
0.195657 0.085814 0.172345
0.195807 0.085756 0.172251
0.195978 0.085773 0.171946
0.196150 0.085789 0.171641
0.196312 0.085767 0.171441
0.196474 0.085746 0.171241
0.196625 0.085687 0.171146
0.196787 0.085665 0.170945
0.196950 0.085643 0.170744
0.197102 0.085584 0.170649
0.197266 0.085562 0.170447
0.197430 0.085540 0.170246
0.197594 0.085517 0.170044
0.197772 0.085531 0.169735
0.197937 0.085508 0.169532
0.198103 0.085485 0.169330
0.198270 0.085462 0.169127
0.198436 0.085439 0.168923
0.198604 0.085415 0.168720
0.198771 0.085392 0.168516
0.198939 0.085368 0.168312
0.199108 0.085344 0.168107
0.199262 0.085284 0.168011
0.199446 0.085295 0.167698
0.199600 0.085235 0.167601
0.199770 0.085211 0.167396
0.199940 0.085186 0.167190
0.200095 0.085125 0.167093
0.200266 0.085101 0.166887
0.200437 0.085075 0.166681
0.200609 0.085050 0.166474
0.200797 0.085060 0.166159
0.200970 0.085034 0.165952
0.201143 0.085008 0.165744
0.201317 0.084982 0.165537
0.201508 0.084991 0.165219
0.201683 0.084964 0.165011
0.201858 0.084938 0.164803
0.202033 0.084911 0.164594
0.202209 0.084884 0.164385
0.202403 0.084892 0.164065
0.202599 0.084899 0.163745
0.202776 0.084871 0.163535
0.202954 0.084843 0.163325
0.203113 0.084782 0.163225
0.203291 0.084754 0.163015
0.203490 0.084759 0.162693
0.171614 0.100806 0.173420
0.171887 0.100493 0.173742
0.172177 0.100132 0.174153
0.172408 0.099918 0.174303
0.172657 0.099656 0.174542
0.172904 0.099395 0.174782
0.173132 0.099182 0.174935
0.173358 0.098970 0.175089
0.173566 0.098807 0.175156
0.173773 0.098644 0.175224
0.173962 0.098529 0.175204
0.174167 0.098366 0.175272
0.174356 0.098252 0.175253
0.174576 0.098042 0.175410
0.174795 0.097833 0.175569
0.174997 0.097672 0.175640
0.175214 0.097463 0.175799
0.175430 0.097256 0.175960
0.175629 0.097095 0.176033
0.175827 0.096936 0.176105
0.176025 0.096776 0.176179
0.176207 0.096664 0.176163
0.176388 0.096552 0.176148
0.176570 0.096440 0.176133
0.176750 0.096329 0.176118
0.176931 0.096217 0.176104
0.177111 0.096106 0.176090
0.177290 0.095995 0.176076
0.177469 0.095884 0.176062
0.177661 0.095726 0.176139
0.177839 0.095616 0.176126
0.178029 0.095459 0.176204
0.178219 0.095303 0.176282
0.178407 0.095147 0.176361
0.178595 0.094991 0.176441
0.178770 0.094882 0.176429
0.178957 0.094726 0.176510
0.179131 0.094617 0.176499
0.179316 0.094463 0.176580
0.179500 0.094308 0.176662
0.179673 0.094200 0.176653
0.179845 0.094092 0.176643
0.180017 0.093984 0.176634
0.180198 0.093830 0.176718
0.180389 0.093632 0.176894
0.180578 0.093435 0.177071
0.180738 0.093372 0.176971
0.180972 0.092951 0.177614
0.181130 0.092889 0.177515
0.181315 0.092694 0.177695
0.181507 0.092454 0.177969
0.181681 0.092303 0.178057
0.181837 0.092243 0.177959
0.182001 0.092138 0.177955
0.182164 0.092033 0.177951
0.182328 0.091928 0.177947
0.182483 0.091867 0.177850
0.182646 0.091763 0.177846
0.182801 0.091702 0.177749
0.182963 0.091598 0.177746
0.183124 0.091494 0.177743
0.183279 0.091433 0.177646
0.183440 0.091329 0.177643
0.183595 0.091269 0.177546
0.183755 0.091166 0.177544
0.183915 0.091062 0.177543
0.184075 0.090959 0.177541
0.184239 0.090812 0.177635
0.184408 0.090622 0.177826
0.184565 0.090520 0.177825
0.184742 0.090245 0.178208
0.184907 0.090057 0.178401
0.185070 0.089869 0.178594
0.185225 0.089768 0.178596
0.185383 0.089623 0.178694
0.185536 0.089522 0.178697
0.185686 0.089464 0.178603
0.185835 0.089406 0.178509
0.185988 0.089305 0.178512
0.186137 0.089247 0.178418
0.186287 0.089189 0.178324
0.186436 0.089131 0.178230
0.186585 0.089073 0.178136
0.186735 0.089015 0.178043
0.186884 0.088956 0.177949
0.187034 0.088898 0.177855
0.187183 0.088840 0.177761
0.187333 0.088740 0.177765
0.187483 0.088682 0.177672
0.187633 0.088582 0.177676
0.187781 0.088524 0.177583
0.187931 0.088425 0.177588
0.188080 0.088367 0.177494
0.188228 0.088268 0.177499
0.188377 0.088210 0.177406
0.188525 0.088111 0.177412
0.188673 0.088053 0.177319
0.188821 0.087955 0.177325
0.188969 0.087897 0.177232
0.189116 0.087799 0.177238
0.189262 0.087700 0.177245
0.189410 0.087643 0.177152
0.189556 0.087545 0.177159
0.189701 0.087447 0.177167
0.189846 0.087349 0.177174
0.189993 0.087292 0.177082
0.190138 0.087194 0.177090
0.190285 0.087137 0.176998
0.190428 0.087040 0.177006
0.190575 0.086983 0.176914
0.190718 0.086886 0.176923
0.190865 0.086829 0.176831
0.191007 0.086732 0.176840
0.191149 0.086635 0.176850
0.191291 0.086539 0.176859
0.191432 0.086442 0.176869
0.191578 0.086386 0.176778
0.191719 0.086290 0.176788
0.191864 0.086233 0.176697
0.192015 0.086216 0.176503
0.192161 0.086159 0.176412
0.192306 0.086102 0.176320
0.192458 0.086084 0.176126
0.192610 0.086067 0.175932
0.192763 0.086048 0.175738
0.192915 0.086030 0.175543
0.193069 0.086012 0.175348
0.193222 0.085993 0.175153
0.193377 0.085975 0.174957
0.193531 0.085956 0.174761
0.193678 0.085898 0.174669
0.193834 0.085879 0.174473
0.193981 0.085822 0.174380
0.194137 0.085802 0.174183
0.194285 0.085745 0.174091
0.194441 0.085725 0.173894
0.194589 0.085668 0.173801
0.194746 0.085648 0.173603
0.194903 0.085628 0.173406
0.195070 0.085645 0.173103
0.195229 0.085625 0.172905
0.195398 0.085642 0.172601
0.195557 0.085621 0.172403
0.195707 0.085563 0.172309
0.195867 0.085542 0.172109
0.196038 0.085558 0.171804
0.196199 0.085536 0.171604
0.196360 0.085515 0.171404
0.196511 0.085456 0.171310
0.196673 0.085434 0.171109
0.196836 0.085412 0.170908
0.196999 0.085390 0.170707
0.197150 0.085331 0.170612
0.197313 0.085309 0.170411
0.197477 0.085286 0.170209
0.197654 0.085300 0.169900
0.197819 0.085277 0.169698
0.197985 0.085254 0.169495
0.198151 0.085231 0.169292
0.198317 0.085207 0.169089
0.198483 0.085184 0.168886
0.198650 0.085160 0.168682
0.198804 0.085100 0.168586
0.198971 0.085076 0.168382
0.199139 0.085052 0.168178
0.199308 0.085028 0.167973
0.199492 0.085039 0.167660
0.199661 0.085014 0.167455
0.199816 0.084954 0.167358
0.199986 0.084929 0.167152
0.200156 0.084904 0.166947
0.200327 0.084879 0.166740
0.200515 0.084888 0.166425
0.200687 0.084863 0.166218
0.200859 0.084837 0.166011
0.201049 0.084846 0.165695
0.201222 0.084819 0.165487
0.201396 0.084793 0.165279
0.201570 0.084766 0.165071
0.201745 0.084740 0.164863
0.201920 0.084713 0.164654
0.202113 0.084720 0.164335
0.202290 0.084693 0.164126
0.202485 0.084700 0.163806
0.202662 0.084672 0.163596
0.202839 0.084644 0.163385
0.202998 0.084582 0.163286
0.203176 0.084554 0.163075
0.203355 0.084526 0.162864
0.171621 0.100329 0.173884
0.171799 0.100260 0.173773
0.172108 0.099852 0.174271
0.172302 0.099735 0.174248
0.172588 0.099378 0.174662
0.172817 0.099166 0.174814
0.173045 0.098954 0.174968
0.173254 0.098791 0.175035
0.173462 0.098628 0.175102
0.173669 0.098465 0.175169
0.173858 0.098350 0.175149
0.174064 0.098188 0.175218
0.174252 0.098074 0.175199
0.174473 0.097865 0.175356
0.174693 0.097656 0.175515
0.174911 0.097448 0.175675
0.175128 0.097240 0.175835
0.175328 0.097080 0.175907
0.175528 0.096921 0.175979
0.175726 0.096761 0.176053
0.175924 0.096602 0.176126
0.176106 0.096490 0.176111
0.176302 0.096332 0.176185
0.176484 0.096220 0.176170
0.176650 0.096156 0.176066
0.176844 0.095998 0.176141
0.177024 0.095887 0.176127
0.177204 0.095776 0.176113
0.177396 0.095619 0.176190
0.177574 0.095508 0.176177
0.177765 0.095352 0.176255
0.177956 0.095196 0.176333
0.178145 0.095040 0.176412
0.178321 0.094931 0.176400
0.178509 0.094775 0.176480
0.178696 0.094620 0.176560
0.178870 0.094512 0.176550
0.179056 0.094357 0.176631
0.179241 0.094203 0.176713
0.179414 0.094095 0.176703
0.179597 0.093941 0.176785
0.179769 0.093833 0.176776
0.179940 0.093726 0.176768
0.180122 0.093573 0.176852
0.180323 0.093331 0.177121
0.180482 0.093269 0.177021
0.181247 0.092396 0.177924
0.181431 0.092202 0.178106
0.181586 0.092141 0.178008
0.181751 0.092036 0.178004
0.181915 0.091931 0.178000
0.182079 0.091827 0.177996
0.182234 0.091766 0.177898
0.182397 0.091662 0.177895
0.182559 0.091557 0.177891
0.182714 0.091497 0.177794
0.182876 0.091393 0.177791
0.183038 0.091289 0.177789
0.183192 0.091229 0.177692
0.183353 0.091125 0.177689
0.183514 0.091022 0.177688
0.183668 0.090962 0.177591
0.183828 0.090858 0.177589
0.183993 0.090712 0.177683
0.184163 0.090523 0.177873
0.184316 0.090463 0.177777
0.184493 0.090189 0.178160
0.184650 0.090087 0.178160
0.184825 0.089814 0.178545
0.184984 0.089670 0.178643
0.185143 0.089526 0.178741
0.185296 0.089425 0.178743
0.185446 0.089367 0.178649
0.185599 0.089266 0.178652
0.185748 0.089208 0.178558
0.185898 0.089150 0.178464
0.186047 0.089092 0.178371
0.186197 0.089034 0.178277
0.186346 0.088975 0.178183
0.186495 0.088917 0.178089
0.186645 0.088859 0.177995
0.186794 0.088801 0.177902
0.186943 0.088743 0.177808
0.187093 0.088685 0.177714
0.187243 0.088585 0.177718
0.187393 0.088527 0.177624
0.187543 0.088428 0.177629
0.187692 0.088328 0.177634
0.187841 0.088270 0.177541
0.187990 0.088212 0.177447
0.188139 0.088113 0.177453
0.188287 0.088015 0.177458
0.188435 0.087916 0.177464
0.188583 0.087858 0.177371
0.188731 0.087801 0.177278
0.188878 0.087702 0.177284
0.189025 0.087604 0.177291
0.189172 0.087506 0.177298
0.189318 0.087408 0.177305
0.189465 0.087351 0.177213
0.189610 0.087253 0.177220
0.189755 0.087156 0.177228
0.189900 0.087059 0.177236
0.190046 0.087001 0.177144
0.190190 0.086904 0.177153
0.190337 0.086847 0.177061
0.190483 0.086790 0.176969
0.190630 0.086733 0.176877
0.190773 0.086637 0.176886
0.190915 0.086540 0.176895
0.191057 0.086444 0.176905
0.191199 0.086348 0.176915
0.191345 0.086291 0.176823
0.191486 0.086195 0.176834
0.191631 0.086138 0.176742
0.191776 0.086082 0.176651
0.191922 0.086025 0.176559
0.192067 0.085968 0.176468
0.192213 0.085912 0.176377
0.192364 0.085894 0.176183
0.192522 0.085915 0.175886
0.192668 0.085858 0.175794
0.192821 0.085839 0.175599
0.192980 0.085859 0.175301
0.193127 0.085802 0.175209
0.193281 0.085783 0.175014
0.193435 0.085764 0.174818
0.193590 0.085745 0.174622
0.193737 0.085688 0.174530
0.193892 0.085668 0.174333
0.194040 0.085611 0.174241
0.194195 0.085591 0.174044
0.194343 0.085534 0.173951
0.194500 0.085514 0.173754
0.194647 0.085456 0.173661
0.194805 0.085436 0.173463
0.194962 0.085416 0.173266
0.195120 0.085396 0.173068
0.195288 0.085412 0.172764
0.195447 0.085391 0.172566
0.195596 0.085333 0.172472
0.195756 0.085312 0.172273
0.195915 0.085291 0.172073
0.196076 0.085270 0.171874
0.196237 0.085248 0.171674
0.196398 0.085226 0.171474
0.196559 0.085204 0.171274
0.196721 0.085182 0.171073
0.196884 0.085160 0.170872
0.197046 0.085138 0.170671
0.197210 0.085115 0.170470
0.197373 0.085093 0.170268
0.197537 0.085070 0.170066
0.197715 0.085083 0.169757
0.197880 0.085060 0.169554
0.198045 0.085036 0.169351
0.198211 0.085013 0.169148
0.198377 0.084989 0.168945
0.198530 0.084929 0.168849
0.198697 0.084905 0.168645
0.198864 0.084881 0.168441
0.199032 0.084857 0.168237
0.199200 0.084833 0.168033
0.199384 0.084843 0.167720
0.199538 0.084783 0.167623
0.199707 0.084758 0.167418
0.199877 0.084733 0.167212
0.200047 0.084708 0.167006
0.200234 0.084717 0.166691
0.200405 0.084692 0.166485
0.200577 0.084666 0.166278
0.200765 0.084675 0.165962
0.200938 0.084648 0.165755
0.201111 0.084622 0.165547
0.201301 0.084630 0.165230
0.201476 0.084603 0.165021
0.201650 0.084576 0.164813
0.201825 0.084549 0.164604
0.202000 0.084522 0.164395
0.202194 0.084529 0.164076
0.202371 0.084501 0.163866
0.202547 0.084473 0.163656
0.202724 0.084445 0.163446
0.202883 0.084383 0.163346
0.203061 0.084355 0.163136
0.203239 0.084327 0.162925
0.203418 0.084298 0.162714
0.171514 0.100144 0.173828
0.171844 0.099689 0.174413
0.172058 0.099525 0.174477
0.172233 0.099456 0.174367
0.172520 0.099100 0.174781
0.172730 0.098937 0.174847
0.172958 0.098726 0.175001
0.173167 0.098563 0.175068
0.173358 0.098448 0.175047
0.173548 0.098333 0.175027
0.173754 0.098171 0.175095
0.173960 0.098010 0.175164
0.174166 0.097848 0.175233
0.174387 0.097640 0.175391
0.174606 0.097432 0.175550
0.174825 0.097225 0.175710
0.175026 0.097065 0.175782
0.175243 0.096858 0.175943
0.175442 0.096699 0.176016
0.175641 0.096540 0.176089
0.175838 0.096382 0.176163
0.176020 0.096270 0.176147
0.176202 0.096159 0.176132
0.176383 0.096047 0.176118
0.176564 0.095936 0.176103
0.176758 0.095779 0.176179
0.176938 0.095668 0.176165
0.177131 0.095511 0.176242
0.177310 0.095401 0.176229
0.177502 0.095245 0.176306
0.177692 0.095089 0.176385
0.177882 0.094934 0.176463
0.178046 0.094870 0.176360
0.178247 0.094669 0.176531
0.178435 0.094515 0.176611
0.178622 0.094360 0.176692
0.178796 0.094252 0.176681
0.178982 0.094098 0.176763
0.179155 0.093990 0.176753
0.179339 0.093837 0.176836
0.179522 0.093684 0.176919
0.179683 0.093621 0.176818
0.179854 0.093514 0.176809
0.180036 0.093362 0.176893
0.180237 0.093120 0.177163
0.180396 0.093058 0.177063
0.181162 0.092189 0.177968
0.181336 0.092040 0.178057
0.181501 0.091935 0.178052
0.181666 0.091830 0.178048
0.181830 0.091726 0.178044
0.181993 0.091621 0.178040
0.182148 0.091561 0.177943
0.182311 0.091457 0.177940
0.182466 0.091396 0.177842
0.182628 0.091292 0.177840
0.182790 0.091188 0.177837
0.182945 0.091128 0.177740
0.183106 0.091025 0.177738
0.183267 0.090921 0.177736
0.183427 0.090818 0.177734
0.183587 0.090715 0.177732
0.183747 0.090612 0.177731
0.183918 0.090423 0.177921
0.184082 0.090278 0.178016
0.184234 0.090219 0.177920
0.184402 0.090031 0.178112
0.184578 0.089759 0.178496
0.184739 0.089615 0.178594
0.184903 0.089428 0.178788
0.185057 0.089328 0.178790
0.185210 0.089227 0.178792
0.185360 0.089169 0.178699
0.185509 0.089111 0.178605
0.185658 0.089053 0.178511
0.185808 0.088995 0.178417
0.185957 0.088936 0.178323
0.186106 0.088878 0.178230
0.186256 0.088820 0.178136
0.186405 0.088762 0.178042
0.186555 0.088704 0.177948
0.186704 0.088646 0.177854
0.186853 0.088588 0.177761
0.187003 0.088529 0.177667
0.187153 0.088430 0.177671
0.187304 0.088331 0.177676
0.187453 0.088273 0.177582
0.187603 0.088174 0.177587
0.187751 0.088116 0.177494
0.187900 0.088017 0.177499
0.188049 0.087959 0.177406
0.188198 0.087860 0.177411
0.188346 0.087762 0.177417
0.188494 0.087704 0.177324
0.188641 0.087606 0.177331
0.188788 0.087508 0.177337
0.188935 0.087410 0.177344
0.189081 0.087312 0.177351
0.189227 0.087215 0.177359
0.189373 0.087117 0.177366
0.189520 0.087060 0.177274
0.189664 0.086963 0.177282
0.189809 0.086866 0.177290
0.189955 0.086809 0.177198
0.190099 0.086712 0.177207
0.190246 0.086655 0.177115
0.190392 0.086598 0.177023
0.190538 0.086541 0.176931
0.190681 0.086445 0.176941
0.190823 0.086349 0.176950
0.190965 0.086253 0.176960
0.191107 0.086157 0.176970
0.191252 0.086100 0.176879
0.191398 0.086044 0.176788
0.191543 0.085987 0.176696
0.191684 0.085892 0.176707
0.191829 0.085835 0.176616
0.191974 0.085778 0.176524
0.192125 0.085761 0.176331
0.192271 0.085704 0.176239
0.192428 0.085724 0.175943
0.192580 0.085706 0.175748
0.192732 0.085687 0.175553
0.192885 0.085668 0.175358
0.193038 0.085650 0.175163
0.193192 0.085631 0.174967
0.193346 0.085611 0.174772
0.193493 0.085554 0.174679
0.193648 0.085535 0.174483
0.193795 0.085477 0.174391
0.193951 0.085458 0.174194
0.194098 0.085400 0.174101
0.194254 0.085380 0.173904
0.194402 0.085323 0.173812
0.194558 0.085302 0.173614
0.194706 0.085245 0.173521
0.194863 0.085224 0.173324
0.195021 0.085204 0.173126
0.195179 0.085183 0.172927
0.195337 0.085162 0.172729
0.195486 0.085104 0.172635
0.195645 0.085083 0.172437
0.195804 0.085062 0.172237
0.195964 0.085040 0.172038
0.196124 0.085019 0.171838
0.196285 0.084997 0.171638
0.196446 0.084975 0.171438
0.196607 0.084953 0.171238
0.196769 0.084931 0.171037
0.196943 0.084945 0.170730
0.197106 0.084922 0.170528
0.197270 0.084899 0.170327
0.197433 0.084876 0.170125
0.197610 0.084889 0.169816
0.197775 0.084865 0.169613
0.197940 0.084842 0.169411
0.198106 0.084818 0.169208
0.198258 0.084759 0.169112
0.198424 0.084735 0.168908
0.198591 0.084711 0.168705
0.198758 0.084687 0.168501
0.198925 0.084662 0.168297
0.199093 0.084638 0.168092
0.199261 0.084613 0.167888
0.199430 0.084588 0.167683
0.199599 0.084563 0.167477
0.199768 0.084538 0.167272
0.199954 0.084547 0.166957
0.200109 0.084487 0.166860
0.200295 0.084496 0.166545
0.200467 0.084470 0.166338
0.200655 0.084478 0.166022
0.200827 0.084452 0.165815
0.201000 0.084425 0.165607
0.201190 0.084433 0.165290
0.201364 0.084406 0.165082
0.201538 0.084379 0.164873
0.201712 0.084352 0.164665
0.201887 0.084324 0.164456
0.202081 0.084331 0.164136
0.202257 0.084303 0.163926
0.202433 0.084275 0.163717
0.202610 0.084247 0.163507
0.202768 0.084185 0.163407
0.202946 0.084157 0.163197
0.203124 0.084128 0.162986
0.203302 0.084100 0.162775
0.168022 0.104315 0.168461
0.171738 0.099507 0.174358
0.171952 0.099342 0.174422
0.172240 0.098987 0.174836
0.172452 0.098824 0.174901
0.172644 0.098708 0.174880
0.172854 0.098546 0.174946
0.173063 0.098383 0.175013
0.173254 0.098269 0.174993
0.173461 0.098107 0.175060
0.173651 0.097992 0.175041
0.173857 0.097831 0.175109
0.174079 0.097623 0.175267
0.174301 0.097415 0.175426
0.174520 0.097208 0.175585
0.174723 0.097049 0.175656
0.174940 0.096842 0.175817
0.175141 0.096683 0.175890
0.175356 0.096478 0.176052
0.175540 0.096366 0.176036
0.175738 0.096208 0.176110
0.175920 0.096097 0.176095
0.176116 0.095939 0.176170
0.176297 0.095828 0.176155
0.176493 0.095671 0.176231
0.176673 0.095560 0.176217
0.176866 0.095404 0.176293
0.177045 0.095294 0.176280
0.177238 0.095138 0.176358
0.177443 0.094937 0.176526
0.177633 0.094781 0.176605
0.177810 0.094672 0.176593
0.177999 0.094518 0.176673
0.178174 0.094409 0.176662
0.178362 0.094255 0.176743
0.178549 0.094101 0.176824
0.178723 0.093993 0.176813
0.178908 0.093840 0.176895
0.179081 0.093732 0.176886
0.179253 0.093624 0.176877
0.179436 0.093472 0.176960
0.179608 0.093364 0.176952
0.179779 0.093257 0.176943
0.179950 0.093150 0.176935
0.180151 0.092910 0.177205
0.180340 0.092715 0.177384
0.180499 0.092653 0.177284
0.180726 0.092281 0.177836
0.180883 0.092220 0.177738
0.181068 0.092027 0.177919
0.181252 0.091834 0.178101
0.181416 0.091729 0.178097
0.181580 0.091624 0.178093
0.181744 0.091520 0.178089
0.181899 0.091460 0.177991
0.182063 0.091356 0.177988
0.182225 0.091252 0.177985
0.182380 0.091192 0.177888
0.182542 0.091088 0.177885
0.182704 0.090984 0.177883
0.182866 0.090881 0.177880
0.183020 0.090821 0.177784
0.183180 0.090718 0.177782
0.183341 0.090615 0.177780
0.183507 0.090469 0.177874
0.183666 0.090367 0.177873
0.183831 0.090222 0.177968
0.184001 0.090034 0.178159
0.184153 0.089975 0.178064
0.184492 0.089559 0.178545
0.184653 0.089416 0.178642
0.184812 0.089273 0.178740
0.184966 0.089172 0.178743
0.185120 0.089072 0.178745
0.185270 0.089014 0.178651
0.185419 0.088955 0.178558
0.185568 0.088897 0.178464
0.185718 0.088839 0.178370
0.185867 0.088781 0.178276
0.186016 0.088723 0.178182
0.186166 0.088665 0.178089
0.186315 0.088607 0.177995
0.186464 0.088548 0.177901
0.186614 0.088490 0.177807
0.186763 0.088432 0.177713
0.186912 0.088374 0.177619
0.187063 0.088275 0.177624
0.187214 0.088176 0.177628
0.187363 0.088118 0.177535
0.187513 0.088019 0.177540
0.187662 0.087920 0.177545
0.187811 0.087862 0.177452
0.187960 0.087764 0.177458
0.188108 0.087625 0.177563
0.188256 0.087567 0.177470
0.188404 0.087510 0.177377
0.188552 0.087412 0.177383
0.188699 0.087314 0.177390
0.188845 0.087217 0.177397
0.188991 0.087119 0.177405
0.189137 0.087022 0.177412
0.189283 0.086925 0.177420
0.189428 0.086828 0.177428
0.189572 0.086731 0.177436
0.189718 0.086674 0.177345
0.189862 0.086577 0.177353
0.190008 0.086521 0.177262
0.190155 0.086464 0.177170
0.190301 0.086407 0.177078
0.190447 0.086350 0.176986
0.190589 0.086254 0.176996
0.190732 0.086158 0.177006
0.190874 0.086062 0.177016
0.191019 0.086006 0.176924
0.191160 0.085910 0.176935
0.191306 0.085854 0.176844
0.191451 0.085797 0.176752
0.191596 0.085740 0.176661
0.191741 0.085684 0.176570
0.191887 0.085627 0.176479
0.192032 0.085571 0.176387
0.192183 0.085553 0.176193
0.192334 0.085534 0.175999
0.192486 0.085516 0.175805
0.192638 0.085497 0.175610
0.192790 0.085478 0.175415
0.192943 0.085459 0.175220
0.193097 0.085440 0.175024
0.193250 0.085421 0.174829
0.193404 0.085401 0.174633
0.193559 0.085381 0.174436
0.193706 0.085324 0.174344
0.193854 0.085267 0.174251
0.194009 0.085247 0.174055
0.194157 0.085189 0.173962
0.194313 0.085169 0.173765
0.194460 0.085111 0.173672
0.194608 0.085054 0.173579
0.194765 0.085033 0.173382
0.194922 0.085013 0.173184
0.195080 0.084992 0.172986
0.195238 0.084971 0.172787
0.195386 0.084913 0.172694
0.195545 0.084892 0.172495
0.195704 0.084870 0.172296
0.195863 0.084849 0.172097
0.196023 0.084827 0.171897
0.196184 0.084805 0.171697
0.196344 0.084783 0.171497
0.196505 0.084761 0.171297
0.196667 0.084738 0.171096
0.196829 0.084716 0.170895
0.197003 0.084729 0.170587
0.197166 0.084706 0.170386
0.197342 0.084719 0.170077
0.197506 0.084695 0.169875
0.197683 0.084707 0.169565
0.197835 0.084648 0.169470
0.198000 0.084624 0.169267
0.198166 0.084600 0.169064
0.198319 0.084541 0.168968
0.198485 0.084517 0.168764
0.198651 0.084492 0.168560
0.198819 0.084468 0.168356
0.198986 0.084443 0.168152
0.199154 0.084418 0.167947
0.199322 0.084393 0.167742
0.199506 0.084403 0.167429
0.199675 0.084377 0.167223
0.199845 0.084352 0.167017
0.200015 0.084326 0.166811
0.200202 0.084334 0.166496
0.200373 0.084308 0.166289
0.200544 0.084282 0.166082
0.200733 0.084290 0.165766
0.200905 0.084263 0.165558
0.201078 0.084236 0.165350
0.201252 0.084209 0.165142
0.201443 0.084216 0.164824
0.201618 0.084188 0.164615
0.201792 0.084161 0.164406
0.201968 0.084133 0.164197
0.202143 0.084105 0.163987
0.202319 0.084077 0.163777
0.202515 0.084082 0.163456
0.202673 0.084020 0.163357
0.202831 0.083959 0.163258
0.203009 0.083930 0.163047
0.203187 0.083901 0.162836
0.172173 0.098711 0.174955
0.172366 0.098595 0.174934
0.172558 0.098480 0.174912
0.172749 0.098366 0.174891
0.172959 0.098204 0.174958
0.173149 0.098089 0.174938
0.173357 0.097928 0.175006
0.173564 0.097767 0.175075
0.173771 0.097606 0.175144
0.173993 0.097398 0.175302
0.174198 0.097238 0.175372
0.174418 0.097032 0.175532
0.174637 0.096826 0.175692
0.174839 0.096667 0.175764
0.175039 0.096508 0.175836
0.175255 0.096303 0.175999
0.175454 0.096146 0.176073
0.175637 0.096034 0.176057
0.175834 0.095877 0.176132
0.176016 0.095766 0.176117
0.176212 0.095609 0.176192
0.176407 0.095453 0.176268
0.176587 0.095342 0.176255
0.176781 0.095186 0.176332
0.176974 0.095031 0.176409
0.177180 0.094830 0.176578
0.177371 0.094675 0.176656
0.177561 0.094520 0.176735
0.177737 0.094412 0.176724
0.177926 0.094258 0.176804
0.178102 0.094149 0.176793
0.178289 0.093996 0.176874
0.178463 0.093888 0.176864
0.178649 0.093735 0.176946
0.178822 0.093627 0.176936
0.178995 0.093519 0.176927
0.179179 0.093367 0.177010
0.179351 0.093260 0.177002
0.179522 0.093153 0.176993
0.179693 0.093046 0.176985
0.179875 0.092895 0.177070
0.180066 0.092700 0.177248
0.180255 0.092506 0.177427
0.180413 0.092444 0.177327
0.180631 0.092118 0.177787
0.180788 0.092057 0.177688
0.180983 0.091820 0.177963
0.181167 0.091628 0.178145
0.181331 0.091523 0.178141
0.181496 0.091419 0.178137
0.181651 0.091359 0.178040
0.181814 0.091255 0.178036
0.181977 0.091151 0.178033
0.182140 0.091048 0.178030
0.182295 0.090987 0.177933
0.182457 0.090884 0.177931
0.182619 0.090781 0.177929
0.182780 0.090678 0.177926
0.182941 0.090575 0.177925
0.183101 0.090472 0.177923
0.183261 0.090370 0.177922
0.183421 0.090267 0.177921
0.183586 0.090122 0.178016
0.183757 0.089935 0.178206
0.183909 0.089876 0.178111
0.184084 0.089647 0.178399
0.184245 0.089504 0.178496
0.184407 0.089360 0.178593
0.184567 0.089217 0.178691
0.184727 0.089075 0.178789
0.184876 0.089017 0.178695
0.185030 0.088916 0.178698
0.185179 0.088858 0.178604
0.185329 0.088800 0.178510
0.185478 0.088742 0.178417
0.185627 0.088684 0.178323
0.185777 0.088626 0.178229
0.185926 0.088568 0.178135
0.186076 0.088509 0.178041
0.186225 0.088451 0.177948
0.186374 0.088393 0.177854
0.186524 0.088335 0.177760
0.186673 0.088277 0.177666
0.186824 0.088178 0.177670
0.186973 0.088120 0.177577
0.187124 0.088021 0.177581
0.187274 0.087922 0.177586
0.187423 0.087864 0.177493
0.187573 0.087766 0.177498
0.187722 0.087667 0.177504
0.187871 0.087529 0.177609
0.188019 0.087431 0.177615
0.188167 0.087333 0.177621
0.188315 0.087276 0.177529
0.188462 0.087178 0.177536
0.188608 0.087081 0.177543
0.188755 0.086983 0.177550
0.188902 0.086926 0.177458
0.189047 0.086829 0.177466
0.189193 0.086732 0.177474
0.189338 0.086636 0.177482
0.189484 0.086579 0.177390
0.189628 0.086482 0.177399
0.189774 0.086426 0.177307
0.189920 0.086369 0.177215
0.190064 0.086273 0.177225
0.190210 0.086216 0.177133
0.190355 0.086159 0.177041
0.190498 0.086063 0.177051
0.190644 0.086007 0.176960
0.190786 0.085911 0.176970
0.190927 0.085816 0.176980
0.191073 0.085759 0.176889
0.191214 0.085664 0.176900
0.191359 0.085607 0.176808
0.191504 0.085551 0.176717
0.191649 0.085495 0.176626
0.191799 0.085476 0.176433
0.191944 0.085420 0.176341
0.192095 0.085401 0.176147
0.192246 0.085383 0.175953
0.192398 0.085364 0.175759
0.192550 0.085345 0.175564
0.192702 0.085326 0.175369
0.192855 0.085307 0.175174
0.193008 0.085287 0.174978
0.193155 0.085230 0.174886
0.193309 0.085211 0.174690
0.193463 0.085191 0.174494
0.193617 0.085171 0.174297
0.193765 0.085113 0.174205
0.193912 0.085056 0.174112
0.194067 0.085036 0.173915
0.194215 0.084978 0.173823
0.194363 0.084921 0.173730
0.194519 0.084900 0.173533
0.194667 0.084843 0.173440
0.194823 0.084822 0.173242
0.194981 0.084801 0.173044
0.195138 0.084780 0.172845
0.195287 0.084722 0.172752
0.195445 0.084701 0.172554
0.195594 0.084643 0.172460
0.195753 0.084621 0.172261
0.195912 0.084599 0.172062
0.196072 0.084577 0.171862
0.196232 0.084555 0.171662
0.196404 0.084569 0.171356
0.196565 0.084546 0.171155
0.196727 0.084524 0.170954
0.196900 0.084537 0.170646
0.197063 0.084513 0.170445
0.197238 0.084526 0.170136
0.197415 0.084538 0.169827
0.197579 0.084514 0.169624
0.197743 0.084490 0.169422
0.197895 0.084431 0.169326
0.198061 0.084407 0.169123
0.198213 0.084347 0.169027
0.198379 0.084323 0.168824
0.198545 0.084299 0.168620
0.198712 0.084274 0.168416
0.198879 0.084249 0.168212
0.199047 0.084224 0.168007
0.199215 0.084199 0.167802
0.199398 0.084208 0.167489
0.199567 0.084182 0.167283
0.199736 0.084157 0.167077
0.199906 0.084131 0.166872
0.200092 0.084139 0.166556
0.200263 0.084113 0.166349
0.200451 0.084120 0.166033
0.200622 0.084094 0.165826
0.200795 0.084067 0.165618
0.200967 0.084040 0.165411
0.201140 0.084013 0.165203
0.201331 0.084019 0.164884
0.201505 0.083991 0.164675
0.201680 0.083964 0.164467
0.201855 0.083936 0.164257
0.202030 0.083908 0.164048
0.202206 0.083879 0.163838
0.202382 0.083851 0.163628
0.202540 0.083790 0.163529
0.202717 0.083761 0.163319
0.202894 0.083732 0.163108
0.203072 0.083703 0.162897
0.203250 0.083674 0.162686
0.168686 0.102605 0.170162
0.168917 0.102436 0.170217
0.169146 0.102266 0.170272
0.169333 0.102194 0.170154
0.170235 0.100803 0.172174
0.170416 0.100732 0.172059
0.172068 0.098530 0.174900
0.172261 0.098415 0.174879
0.172472 0.098253 0.174945
0.172663 0.098138 0.174925
0.172855 0.098024 0.174904
0.173045 0.097910 0.174884
0.173253 0.097749 0.174952
0.173478 0.097541 0.175109
0.173685 0.097381 0.175178
0.173908 0.097174 0.175336
0.174129 0.096968 0.175496
0.174332 0.096809 0.175567
0.174552 0.096604 0.175728
0.174753 0.096445 0.175800
0.174954 0.096287 0.175873
0.175154 0.096129 0.175946
0.175353 0.095972 0.176020
0.175552 0.095814 0.176094
0.175734 0.095704 0.176079
0.175931 0.095547 0.176154
0.176127 0.095391 0.176230
0.176322 0.095235 0.176306
0.176516 0.095079 0.176383
0.176710 0.094924 0.176460
0.176917 0.094723 0.176629
0.177109 0.094569 0.176707
0.177300 0.094414 0.176786
0.177490 0.094260 0.176866
0.177666 0.094152 0.176855
0.177854 0.093998 0.176935
0.178029 0.093890 0.176925
0.178217 0.093737 0.177006
0.178391 0.093630 0.176996
0.178564 0.093522 0.176986
0.178737 0.093415 0.176977
0.178922 0.093263 0.177060
0.179094 0.093156 0.177052
0.179266 0.093049 0.177043
0.179437 0.092942 0.177035
0.179608 0.092836 0.177027
0.179789 0.092685 0.177112
0.179980 0.092491 0.177290
0.180170 0.092297 0.177470
0.180328 0.092236 0.177370
0.180889 0.091658 0.177913
0.181073 0.091466 0.178096
0.181238 0.091362 0.178092
0.181402 0.091258 0.178088
0.181566 0.091154 0.178085
0.181729 0.091050 0.178082
0.181892 0.090947 0.178079
0.182055 0.090844 0.178076
0.182217 0.090741 0.178073
0.182371 0.090681 0.177977
0.182533 0.090578 0.177974
0.182694 0.090475 0.177973
0.182855 0.090372 0.177971
0.183023 0.090227 0.178065
0.183182 0.090125 0.178064
0.183342 0.090023 0.178063
0.183507 0.089879 0.178158
0.183678 0.089692 0.178350
0.183841 0.089549 0.178446
0.183998 0.089448 0.178447
0.184160 0.089305 0.178544
0.184321 0.089162 0.178642
0.184482 0.089019 0.178740
0.184636 0.088919 0.178742
0.184786 0.088861 0.178648
0.184935 0.088803 0.178554
0.185089 0.088703 0.178557
0.185239 0.088645 0.178463
0.185388 0.088587 0.178369
0.185537 0.088528 0.178276
0.185687 0.088470 0.178182
0.185836 0.088412 0.178088
0.185985 0.088354 0.177994
0.186135 0.088296 0.177900
0.186284 0.088238 0.177806
0.186433 0.088180 0.177713
0.186583 0.088121 0.177619
0.186734 0.088023 0.177623
0.186883 0.087964 0.177530
0.187034 0.087866 0.177534
0.187184 0.087767 0.177539
0.187334 0.087669 0.177545
0.187484 0.087571 0.177550
0.187633 0.087473 0.177556
0.187782 0.087375 0.177562
0.187930 0.087237 0.177667
0.188078 0.087139 0.177674
0.188225 0.087082 0.177582
0.188373 0.086985 0.177589
0.188519 0.086888 0.177596
0.188665 0.086791 0.177604
0.188811 0.086694 0.177612
0.188958 0.086637 0.177520
0.189103 0.086541 0.177528
0.189248 0.086444 0.177536
0.189394 0.086387 0.177444
0.189538 0.086291 0.177453
0.189684 0.086234 0.177362
0.189830 0.086178 0.177270
0.189976 0.086121 0.177179
0.190122 0.086064 0.177087
0.190265 0.085968 0.177097
0.190410 0.085912 0.177005
0.190553 0.085816 0.177015
0.190698 0.085760 0.176924
0.190840 0.085665 0.176934
0.190981 0.085570 0.176945
0.191126 0.085513 0.176854
0.191271 0.085457 0.176763
0.191416 0.085400 0.176672
0.191561 0.085344 0.176580
0.191706 0.085287 0.176489
0.191857 0.085269 0.176296
0.192002 0.085212 0.176204
0.192153 0.085193 0.176010
0.192304 0.085174 0.175816
0.192456 0.085155 0.175621
0.192608 0.085136 0.175426
0.192760 0.085117 0.175231
0.192913 0.085097 0.175035
0.193066 0.085078 0.174840
0.193220 0.085058 0.174644
0.193374 0.085038 0.174447
0.193521 0.084980 0.174355
0.193676 0.084960 0.174158
0.193823 0.084903 0.174066
0.193970 0.084845 0.173973
0.194118 0.084788 0.173881
0.194265 0.084731 0.173788
0.194421 0.084710 0.173591
0.194569 0.084653 0.173498
0.194725 0.084632 0.173300
0.194873 0.084574 0.173208
0.195030 0.084553 0.173009
0.195178 0.084495 0.172917
0.195336 0.084474 0.172718
0.195494 0.084452 0.172519
0.195653 0.084431 0.172320
0.195812 0.084409 0.172121
0.195960 0.084351 0.172027
0.196131 0.084364 0.171721
0.196302 0.084377 0.171415
0.196463 0.084355 0.171214
0.196636 0.084368 0.170907
0.196798 0.084344 0.170706
0.196972 0.084357 0.170397
0.197135 0.084333 0.170195
0.197311 0.084345 0.169886
0.197475 0.084321 0.169684
0.197639 0.084297 0.169481
0.197804 0.084273 0.169278
0.197956 0.084213 0.169183
0.198121 0.084189 0.168979
0.198273 0.084130 0.168884
0.198439 0.084105 0.168680
0.198606 0.084080 0.168476
0.198773 0.084055 0.168272
0.198940 0.084030 0.168067
0.199108 0.084005 0.167863
0.199276 0.083980 0.167658
0.199459 0.083988 0.167343
0.199628 0.083962 0.167138
0.199798 0.083936 0.166932
0.199983 0.083944 0.166616
0.200170 0.083951 0.166300
0.200341 0.083925 0.166093
0.200528 0.083932 0.165777
0.200684 0.083871 0.165679
0.200873 0.083877 0.165361
0.201046 0.083850 0.165153
0.201220 0.083822 0.164945
0.201393 0.083795 0.164736
0.201568 0.083767 0.164527
0.201742 0.083739 0.164318
0.201917 0.083711 0.164109
0.202093 0.083682 0.163899
0.202268 0.083654 0.163689
0.202445 0.083625 0.163479
0.202603 0.083564 0.163380
0.202780 0.083535 0.163169
0.202957 0.083506 0.162958
0.203135 0.083477 0.162747
0.168342 0.102579 0.170049
0.168616 0.102314 0.170275
0.168888 0.102049 0.170502
0.169075 0.101976 0.170385
0.169220 0.101999 0.170095
0.170125 0.100614 0.172116
0.170307 0.100543 0.172002
0.171963 0.098349 0.174846
0.172156 0.098234 0.174824
0.172367 0.098073 0.174891
0.172559 0.097958 0.174870
0.172750 0.097844 0.174849
0.172959 0.097683 0.174917
0.173168 0.097523 0.174986
0.173375 0.097363 0.175054
0.173599 0.097156 0.175213
0.173822 0.096950 0.175371
0.174044 0.096745 0.175531
0.174247 0.096586 0.175602
0.174450 0.096428 0.175674
0.174668 0.096224 0.175836
0.174869 0.096066 0.175909
0.175069 0.095909 0.175982
0.175268 0.095752 0.176056
0.175467 0.095595 0.176131
0.175649 0.095485 0.176116
0.175846 0.095328 0.176192
0.176057 0.095127 0.176358
0.176237 0.095017 0.176344
0.176446 0.094817 0.176512
0.176640 0.094662 0.176589
0.176832 0.094507 0.176668
0.177038 0.094308 0.176837
0.177229 0.094154 0.176916
0.177405 0.094046 0.176905
0.177595 0.093893 0.176986
0.177783 0.093740 0.177066
0.177958 0.093632 0.177056
0.178132 0.093525 0.177046
0.178306 0.093417 0.177037
0.178492 0.093266 0.177119
0.178665 0.093158 0.177110
0.178837 0.093052 0.177102
0.179009 0.092945 0.177093
0.179181 0.092838 0.177085
0.179352 0.092732 0.177077
0.179534 0.092582 0.177162
0.179704 0.092476 0.177155
0.179895 0.092282 0.177333
0.180085 0.092089 0.177513
0.180243 0.092028 0.177413
0.180794 0.091495 0.177864
0.180979 0.091304 0.178047
0.181144 0.091200 0.178043
0.181308 0.091097 0.178039
0.181481 0.090950 0.178130
0.181645 0.090846 0.178127
0.181808 0.090743 0.178124
0.181970 0.090640 0.178121
0.182133 0.090537 0.178119
0.182294 0.090435 0.178117
0.182456 0.090332 0.178115
0.182617 0.090230 0.178114
0.182777 0.090128 0.178113
0.182937 0.090025 0.178112
0.183104 0.089881 0.178206
0.183263 0.089780 0.178206
0.183428 0.089636 0.178301
0.183592 0.089492 0.178397
0.183756 0.089349 0.178494
0.183913 0.089249 0.178495
0.184075 0.089106 0.178592
0.184231 0.089006 0.178594
0.184391 0.088864 0.178692
0.184546 0.088764 0.178695
0.184696 0.088705 0.178601
0.184845 0.088647 0.178507
0.184999 0.088548 0.178510
0.185148 0.088489 0.178416
0.185298 0.088431 0.178322
0.185447 0.088373 0.178228
0.185597 0.088315 0.178135
0.185746 0.088257 0.178041
0.185895 0.088199 0.177947
0.186045 0.088141 0.177853
0.186194 0.088082 0.177759
0.186343 0.088024 0.177665
0.186495 0.087925 0.177670
0.186644 0.087867 0.177576
0.186793 0.087809 0.177482
0.186946 0.087670 0.177586
0.187096 0.087572 0.177591
0.187246 0.087474 0.177596
0.187396 0.087376 0.177602
0.187545 0.087279 0.177608
0.187694 0.087141 0.177714
0.187841 0.087084 0.177621
0.187990 0.086946 0.177727
0.188137 0.086889 0.177635
0.188284 0.086753 0.177742
0.188430 0.086656 0.177749
0.188576 0.086559 0.177757
0.188722 0.086502 0.177665
0.188868 0.086406 0.177674
0.189014 0.086349 0.177582
0.189158 0.086253 0.177591
0.189304 0.086196 0.177499
0.189448 0.086100 0.177508
0.189594 0.086044 0.177416
0.189740 0.085987 0.177325
0.189885 0.085930 0.177233
0.190031 0.085874 0.177142
0.190177 0.085817 0.177051
0.190319 0.085722 0.177060
0.190465 0.085665 0.176969
0.190607 0.085570 0.176979
0.190752 0.085513 0.176888
0.190894 0.085419 0.176899
0.191039 0.085362 0.176808
0.191184 0.085306 0.176717
0.191329 0.085249 0.176626
0.191474 0.085193 0.176535
0.191619 0.085136 0.176443
0.191764 0.085080 0.176352
0.191914 0.085061 0.176158
0.192065 0.085042 0.175964
0.192216 0.085023 0.175770
0.192367 0.085004 0.175575
0.192519 0.084984 0.175380
0.192666 0.084927 0.175288
0.192825 0.084945 0.174989
0.192971 0.084888 0.174897
0.193124 0.084868 0.174701
0.193278 0.084848 0.174505
0.193425 0.084791 0.174413
0.193579 0.084770 0.174216
0.193727 0.084713 0.174124
0.193882 0.084692 0.173927
0.194029 0.084635 0.173834
0.194176 0.084578 0.173742
0.194323 0.084520 0.173649
0.194471 0.084463 0.173557
0.194627 0.084442 0.173359
0.194775 0.084384 0.173266
0.194931 0.084363 0.173068
0.195079 0.084305 0.172975
0.195237 0.084284 0.172777
0.195384 0.084226 0.172684
0.195543 0.084204 0.172485
0.195701 0.084182 0.172286
0.195860 0.084160 0.172086
0.196019 0.084138 0.171887
0.196201 0.084186 0.171474
0.196362 0.084164 0.171273
0.196534 0.084176 0.170966
0.196707 0.084188 0.170658
0.196869 0.084165 0.170457
0.197044 0.084176 0.170148
0.197219 0.084187 0.169838
0.197383 0.084163 0.169636
0.197547 0.084139 0.169433
0.197699 0.084080 0.169338
0.197864 0.084055 0.169135
0.198016 0.083996 0.169039
0.198182 0.083971 0.168836
0.198334 0.083912 0.168740
0.198500 0.083887 0.168536
0.198666 0.083862 0.168332
0.198833 0.083837 0.168127
0.199001 0.083811 0.167923
0.199168 0.083786 0.167718
0.199351 0.083794 0.167404
0.199520 0.083768 0.167198
0.199705 0.083776 0.166883
0.199874 0.083749 0.166677
0.200060 0.083756 0.166361
0.200231 0.083730 0.166154
0.200418 0.083736 0.165837
0.200590 0.083709 0.165630
0.200762 0.083682 0.165422
0.200935 0.083654 0.165214
0.201108 0.083626 0.165005
0.201282 0.083599 0.164797
0.201455 0.083571 0.164588
0.201630 0.083543 0.164379
0.201804 0.083514 0.164170
0.201980 0.083486 0.163960
0.202155 0.083457 0.163750
0.202331 0.083428 0.163540
0.202489 0.083367 0.163441
0.202665 0.083338 0.163231
0.202842 0.083309 0.163020
0.203039 0.083312 0.162697
0.168062 0.102409 0.170194
0.168293 0.102239 0.170248
0.168589 0.101927 0.170561
0.168776 0.101854 0.170443
0.168962 0.101782 0.170326
0.169813 0.100543 0.172086
0.169995 0.100472 0.171972
0.171607 0.098424 0.174550
0.171859 0.098168 0.174791
0.172070 0.098007 0.174857
0.172263 0.097893 0.174836
0.172473 0.097732 0.174903
0.172664 0.097618 0.174883
0.172892 0.097411 0.175039
0.173100 0.097251 0.175108
0.173307 0.097091 0.175177
0.173531 0.096886 0.175336
0.173754 0.096681 0.175495
0.173958 0.096522 0.175566
0.174162 0.096364 0.175638
0.174382 0.096160 0.175799
0.174583 0.096003 0.175872
0.174784 0.095846 0.175945
0.174984 0.095689 0.176019
0.175167 0.095578 0.176004
0.175382 0.095376 0.176168
0.175564 0.095266 0.176154
0.175761 0.095110 0.176229
0.175972 0.094910 0.176396
0.176152 0.094800 0.176382
0.176362 0.094600 0.176550
0.176541 0.094491 0.176538
0.176762 0.094247 0.176797
0.176954 0.094093 0.176876
0.177145 0.093940 0.176956
0.177335 0.093787 0.177036
0.177524 0.093635 0.177117
0.177699 0.093527 0.177107
0.177887 0.093375 0.177188
0.178048 0.093312 0.177087
0.178221 0.093205 0.177078
0.178395 0.093098 0.177068
0.178568 0.092992 0.177060
0.178753 0.092841 0.177143
0.178924 0.092734 0.177135
0.179096 0.092628 0.177127
0.179267 0.092522 0.177119
0.179438 0.092416 0.177112
0.179619 0.092267 0.177197
0.179811 0.092074 0.177376
0.179990 0.091925 0.177463
0.180148 0.091863 0.177364
0.180710 0.091290 0.177908
0.180885 0.091142 0.177998
0.181060 0.090996 0.178088
0.181224 0.090892 0.178084
0.181388 0.090789 0.178081
0.181552 0.090686 0.178078
0.181715 0.090583 0.178075
0.181877 0.090480 0.178073
0.182048 0.090335 0.178165
0.182210 0.090232 0.178163
0.182371 0.090130 0.178162
0.182532 0.090028 0.178160
0.182700 0.089884 0.178254
0.182859 0.089782 0.178254
0.183026 0.089638 0.178349
0.183185 0.089537 0.178349
0.183343 0.089436 0.178349
0.183507 0.089293 0.178445
0.183665 0.089192 0.178446
0.183828 0.089050 0.178543
0.183984 0.088950 0.178545
0.184140 0.088849 0.178547
0.184301 0.088708 0.178645
0.184456 0.088608 0.178647
0.184605 0.088550 0.178554
0.184755 0.088492 0.178460
0.184909 0.088392 0.178463
0.185058 0.088334 0.178369
0.185208 0.088276 0.178275
0.185357 0.088218 0.178181
0.185506 0.088160 0.178087
0.185656 0.088101 0.177994
0.185805 0.088043 0.177900
0.185954 0.087985 0.177806
0.186104 0.087927 0.177712
0.186256 0.087828 0.177716
0.186405 0.087770 0.177623
0.186556 0.087672 0.177627
0.186705 0.087614 0.177534
0.186856 0.087516 0.177539
0.187007 0.087418 0.177544
0.187158 0.087280 0.177648
0.187307 0.087182 0.177654
0.187456 0.087085 0.177660
0.187606 0.086948 0.177766
0.187753 0.086890 0.177674
0.187902 0.086714 0.177879
0.188048 0.086657 0.177787
0.188195 0.086560 0.177795
0.188341 0.086464 0.177803
0.188487 0.086368 0.177811
0.188633 0.086311 0.177719
0.188779 0.086254 0.177627
0.188924 0.086158 0.177636
0.189070 0.086101 0.177544
0.189215 0.086006 0.177553
0.189360 0.085949 0.177462
0.189506 0.085892 0.177370
0.189652 0.085836 0.177279
0.189795 0.085740 0.177289
0.189941 0.085684 0.177197
0.190086 0.085627 0.177106
0.190232 0.085570 0.177014
0.190377 0.085514 0.176923
0.190519 0.085419 0.176934
0.190661 0.085324 0.176944
0.190806 0.085268 0.176853
0.190951 0.085211 0.176762
0.191096 0.085155 0.176671
0.191241 0.085098 0.176580
0.191386 0.085042 0.176489
0.191531 0.084985 0.176398
0.191676 0.084929 0.176307
0.191827 0.084910 0.176112
0.191972 0.084853 0.176021
0.192123 0.084834 0.175827
0.192274 0.084815 0.175632
0.192425 0.084795 0.175437
0.192577 0.084775 0.175242
0.192730 0.084756 0.175046
0.192883 0.084736 0.174851
0.193036 0.084715 0.174655
0.193183 0.084658 0.174563
0.193336 0.084638 0.174366
0.193483 0.084581 0.174274
0.193638 0.084560 0.174077
0.193785 0.084503 0.173985
0.193932 0.084445 0.173892
0.194079 0.084388 0.173800
0.194226 0.084331 0.173708
0.194382 0.084310 0.173510
0.194529 0.084252 0.173418
0.194676 0.084195 0.173325
0.194842 0.084209 0.173021
0.194990 0.084152 0.172929
0.195147 0.084130 0.172730
0.195295 0.084072 0.172637
0.195453 0.084050 0.172438
0.195612 0.084028 0.172239
0.195770 0.084006 0.172040
0.195930 0.083983 0.171840
0.196111 0.084031 0.171427
0.196271 0.084008 0.171226
0.196443 0.084020 0.170919
0.196616 0.084032 0.170611
0.196778 0.084008 0.170409
0.196953 0.084019 0.170100
0.197128 0.084030 0.169791
0.197292 0.084005 0.169588
0.197456 0.083981 0.169385
0.197608 0.083922 0.169290
0.197772 0.083897 0.169087
0.197924 0.083838 0.168991
0.198090 0.083813 0.168787
0.198242 0.083754 0.168692
0.198408 0.083729 0.168488
0.198574 0.083703 0.168284
0.198741 0.083678 0.168079
0.198908 0.083652 0.167874
0.199076 0.083626 0.167669
0.199259 0.083634 0.167355
0.199427 0.083608 0.167149
0.199611 0.083615 0.166834
0.199781 0.083589 0.166628
0.199967 0.083595 0.166312
0.200137 0.083568 0.166105
0.200324 0.083574 0.165788
0.200496 0.083547 0.165580
0.200668 0.083519 0.165373
0.200841 0.083492 0.165164
0.201014 0.083464 0.164956
0.201187 0.083436 0.164747
0.201361 0.083408 0.164539
0.201535 0.083379 0.164329
0.201710 0.083351 0.164120
0.201885 0.083322 0.163910
0.202060 0.083293 0.163701
0.202236 0.083264 0.163490
0.202394 0.083203 0.163391
0.202570 0.083174 0.163181
0.202747 0.083144 0.162970
0.202905 0.083083 0.162871
0.168037 0.102022 0.170478
0.168290 0.101806 0.170619
0.168476 0.101733 0.170502
0.168663 0.101660 0.170384
0.169828 0.100070 0.172549
0.170009 0.100000 0.172436
0.171501 0.098243 0.174495
0.171734 0.098034 0.174648
0.171966 0.097827 0.174802
0.172177 0.097666 0.174869
0.172369 0.097552 0.174849
0.172579 0.097392 0.174916
0.172806 0.097186 0.175073
0.173015 0.097026 0.175142
0.173240 0.096821 0.175300
0.173446 0.096662 0.175371
0.173669 0.096458 0.175530
0.173874 0.096300 0.175602
0.174077 0.096142 0.175673
0.174297 0.095939 0.175835
0.174482 0.095828 0.175819
0.174683 0.095671 0.175892
0.174883 0.095515 0.175966
0.175083 0.095359 0.176041
0.175281 0.095203 0.176116
0.175479 0.095048 0.176191
0.175676 0.094893 0.176267
0.175888 0.094693 0.176434
0.176083 0.094538 0.176511
0.176262 0.094429 0.176498
0.176486 0.094186 0.176758
0.176678 0.094032 0.176836
0.176884 0.093834 0.177007
0.177075 0.093682 0.177087
0.177251 0.093574 0.177076
0.177440 0.093422 0.177157
0.177615 0.093315 0.177147
0.177789 0.093208 0.177137
0.177964 0.093101 0.177128
0.178137 0.092994 0.177119
0.178311 0.092887 0.177110
0.178483 0.092781 0.177101
0.178656 0.092674 0.177092
0.178828 0.092568 0.177084
0.179011 0.092418 0.177169
0.179183 0.092313 0.177161
0.179365 0.092163 0.177247
0.179535 0.092058 0.177240
0.179726 0.091866 0.177419
0.179917 0.091674 0.177599
0.180095 0.091526 0.177687
0.180283 0.091335 0.177868
0.180470 0.091145 0.178050
0.180626 0.091084 0.177953
0.180801 0.090938 0.178042
0.180966 0.090834 0.178039
0.181131 0.090731 0.178035
0.181295 0.090628 0.178032
0.181467 0.090482 0.178123
0.181630 0.090380 0.178121
0.181793 0.090277 0.178119
0.181963 0.090132 0.178211
0.182125 0.090030 0.178210
0.182286 0.089928 0.178208
0.182455 0.089784 0.178302
0.182615 0.089683 0.178301
0.182775 0.089581 0.178301
0.182941 0.089438 0.178396
0.183100 0.089337 0.178396
0.183265 0.089195 0.178492
0.183423 0.089094 0.178493
0.183580 0.088994 0.178494
0.183737 0.088893 0.178496
0.183893 0.088793 0.178497
0.184049 0.088693 0.178499
0.184205 0.088593 0.178501
0.184365 0.088453 0.178600
0.184515 0.088394 0.178506
0.184665 0.088336 0.178412
0.184814 0.088278 0.178318
0.184968 0.088179 0.178322
0.185118 0.088121 0.178228
0.185267 0.088062 0.178134
0.185416 0.088004 0.178040
0.185566 0.087946 0.177946
0.185715 0.087888 0.177852
0.185864 0.087830 0.177759
0.186014 0.087772 0.177665
0.186166 0.087673 0.177669
0.186315 0.087615 0.177575
0.186467 0.087517 0.177580
0.186618 0.087419 0.177585
0.186768 0.087321 0.177590
0.186919 0.087223 0.177596
0.187070 0.087086 0.177700
0.187220 0.086989 0.177707
0.187370 0.086852 0.177812
0.187518 0.086755 0.177819
0.187666 0.086619 0.177925
0.187813 0.086562 0.177833
0.187960 0.086504 0.177741
0.188107 0.086369 0.177848
0.188253 0.086273 0.177856
0.188399 0.086177 0.177865
0.188545 0.086120 0.177773
0.188691 0.086063 0.177682
0.188836 0.085968 0.177690
0.188981 0.085911 0.177599
0.189126 0.085815 0.177608
0.189271 0.085759 0.177517
0.189418 0.085741 0.177324
0.189564 0.085684 0.177233
0.189707 0.085589 0.177243
0.189853 0.085532 0.177151
0.189998 0.085476 0.177060
0.190144 0.085419 0.176969
0.190289 0.085362 0.176877
0.190432 0.085268 0.176888
0.190573 0.085173 0.176898
0.190719 0.085117 0.176807
0.190864 0.085060 0.176716
0.191009 0.085004 0.176625
0.191154 0.084947 0.176534
0.191299 0.084891 0.176443
0.191444 0.084835 0.176352
0.191589 0.084778 0.176261
0.191739 0.084759 0.176067
0.191884 0.084702 0.175975
0.192035 0.084683 0.175781
0.192186 0.084663 0.175586
0.192337 0.084643 0.175391
0.192489 0.084623 0.175196
0.192641 0.084603 0.175000
0.192794 0.084583 0.174804
0.192947 0.084563 0.174608
0.193094 0.084506 0.174516
0.193248 0.084485 0.174320
0.193395 0.084428 0.174227
0.193549 0.084407 0.174031
0.193696 0.084350 0.173938
0.193843 0.084292 0.173846
0.193990 0.084235 0.173753
0.194137 0.084178 0.173661
0.194293 0.084156 0.173463
0.194440 0.084099 0.173371
0.194588 0.084042 0.173278
0.194744 0.084020 0.173080
0.194892 0.083963 0.172988
0.195039 0.083905 0.172895
0.195196 0.083883 0.172696
0.195344 0.083826 0.172604
0.195502 0.083803 0.172405
0.195660 0.083781 0.172205
0.195829 0.083794 0.171899
0.195999 0.083806 0.171593
0.196170 0.083818 0.171286
0.196342 0.083829 0.170978
0.196514 0.083840 0.170670
0.196687 0.083851 0.170361
0.196850 0.083827 0.170160
0.197025 0.083838 0.169850
0.197188 0.083813 0.169648
0.197352 0.083789 0.169445
0.197516 0.083764 0.169242
0.197668 0.083705 0.169146
0.197833 0.083680 0.168943
0.197985 0.083621 0.168848
0.198150 0.083596 0.168644
0.198302 0.083536 0.168548
0.198468 0.083511 0.168344
0.198635 0.083485 0.168140
0.198802 0.083459 0.167935
0.198969 0.083433 0.167730
0.199151 0.083441 0.167416
0.199320 0.083415 0.167210
0.199488 0.083388 0.167004
0.199673 0.083395 0.166689
0.199858 0.083401 0.166373
0.200028 0.083374 0.166166
0.200215 0.083380 0.165849
0.200386 0.083352 0.165641
0.200558 0.083324 0.165433
0.200730 0.083297 0.165225
0.200903 0.083269 0.165017
0.201076 0.083240 0.164808
0.201249 0.083212 0.164600
0.201423 0.083184 0.164391
0.201597 0.083155 0.164181
0.201772 0.083126 0.163972
0.201947 0.083097 0.163762
0.202122 0.083068 0.163552
0.202280 0.083007 0.163453
0.202456 0.082977 0.163242
0.202614 0.082916 0.163143
0.202810 0.082918 0.162821
0.202987 0.082888 0.162609
0.167968 0.101732 0.170591
0.168177 0.101611 0.170560
0.168364 0.101539 0.170443
0.169824 0.099646 0.172926
0.170128 0.099294 0.173335
0.170307 0.099225 0.173223
0.171376 0.098108 0.174352
0.171649 0.097807 0.174681
0.171861 0.097646 0.174747
0.172092 0.097440 0.174902
0.172303 0.097280 0.174970
0.172512 0.097120 0.175039
0.172721 0.096961 0.175107
0.172948 0.096756 0.175265
0.173155 0.096598 0.175335
0.173379 0.096393 0.175494
0.173584 0.096236 0.175565
0.173806 0.096032 0.175726
0.173993 0.095921 0.175709
0.174195 0.095764 0.175782
0.174397 0.095608 0.175855
0.174599 0.095452 0.175929
0.174799 0.095296 0.176003
0.174998 0.095140 0.176078
0.175181 0.095030 0.176063
0.175379 0.094875 0.176139
0.175592 0.094675 0.176305
0.175788 0.094521 0.176382
0.175999 0.094322 0.176549
0.176208 0.094124 0.176718
0.176417 0.093926 0.176887
0.176609 0.093773 0.176967
0.176801 0.093621 0.177046
0.176991 0.093469 0.177127
0.177167 0.093361 0.177116
0.177343 0.093254 0.177106
0.177531 0.093103 0.177187
0.177692 0.093040 0.177086
0.177880 0.092889 0.177169
0.178053 0.092783 0.177160
0.178214 0.092720 0.177059
0.178399 0.092570 0.177142
0.178572 0.092464 0.177134
0.178744 0.092358 0.177126
0.178915 0.092253 0.177118
0.179098 0.092103 0.177204
0.179269 0.091998 0.177196
0.179462 0.091806 0.177375
0.179642 0.091658 0.177462
0.179833 0.091467 0.177642
0.180011 0.091320 0.177730
0.180199 0.091130 0.177912
0.180376 0.090983 0.178001
0.180532 0.090922 0.177903
0.180707 0.090776 0.177993
0.180872 0.090673 0.177990
0.181037 0.090570 0.177986
0.181211 0.090425 0.178077
0.181374 0.090322 0.178075
0.181546 0.090177 0.178167
0.181709 0.090075 0.178164
0.181871 0.089973 0.178163
0.182041 0.089829 0.178256
0.182202 0.089727 0.178255
0.182371 0.089584 0.178349
0.182531 0.089482 0.178348
0.182698 0.089339 0.178443
0.182857 0.089239 0.178444
0.183015 0.089138 0.178444
0.183174 0.089037 0.178445
0.183331 0.088937 0.178446
0.183489 0.088837 0.178447
0.183646 0.088737 0.178448
0.183803 0.088637 0.178450
0.183959 0.088537 0.178452
0.184114 0.088437 0.178454
0.184270 0.088338 0.178456
0.184420 0.088280 0.178362
0.184574 0.088180 0.178365
0.184724 0.088122 0.178271
0.184873 0.088064 0.178177
0.185027 0.087965 0.178181
0.185177 0.087907 0.178087
0.185326 0.087849 0.177993
0.185475 0.087791 0.177899
0.185625 0.087733 0.177805
0.185774 0.087674 0.177711
0.185924 0.087616 0.177618
0.186076 0.087518 0.177622
0.186225 0.087460 0.177528
0.186377 0.087362 0.177533
0.186528 0.087264 0.177538
0.186679 0.087167 0.177543
0.186829 0.087069 0.177549
0.186981 0.086932 0.177654
0.187130 0.086835 0.177660
0.187281 0.086699 0.177765
0.187429 0.086602 0.177772
0.187578 0.086466 0.177879
0.187725 0.086409 0.177787
0.187871 0.086352 0.177695
0.188019 0.086217 0.177802
0.188165 0.086121 0.177810
0.188311 0.086025 0.177819
0.188457 0.085968 0.177727
0.188602 0.085911 0.177635
0.188748 0.085816 0.177644
0.188893 0.085759 0.177553
0.189038 0.085664 0.177562
0.189183 0.085607 0.177471
0.189329 0.085551 0.177379
0.189474 0.085494 0.177288
0.189620 0.085438 0.177197
0.189765 0.085381 0.177105
0.189911 0.085324 0.177014
0.190056 0.085268 0.176923
0.190201 0.085211 0.176831
0.190344 0.085117 0.176842
0.190486 0.085022 0.176853
0.190631 0.084966 0.176761
0.190776 0.084910 0.176670
0.190921 0.084853 0.176579
0.191066 0.084797 0.176488
0.191211 0.084740 0.176397
0.191356 0.084684 0.176306
0.191501 0.084627 0.176215
0.191646 0.084571 0.176124
0.191796 0.084551 0.175929
0.191947 0.084532 0.175735
0.192098 0.084512 0.175540
0.192244 0.084455 0.175449
0.192395 0.084435 0.175253
0.192547 0.084415 0.175058
0.192699 0.084394 0.174862
0.192852 0.084374 0.174666
0.193005 0.084353 0.174470
0.193152 0.084296 0.174378
0.193306 0.084275 0.174181
0.193453 0.084218 0.174089
0.193600 0.084161 0.173997
0.193754 0.084139 0.173799
0.193902 0.084082 0.173707
0.194049 0.084025 0.173615
0.194196 0.083968 0.173522
0.194343 0.083910 0.173430
0.194490 0.083853 0.173337
0.194646 0.083831 0.173139
0.194793 0.083774 0.173047
0.194941 0.083716 0.172954
0.195088 0.083659 0.172862
0.195245 0.083637 0.172663
0.195403 0.083614 0.172464
0.195560 0.083592 0.172265
0.195729 0.083604 0.171959
0.195899 0.083616 0.171652
0.196069 0.083628 0.171345
0.196240 0.083639 0.171038
0.196412 0.083650 0.170730
0.196585 0.083660 0.170421
0.196759 0.083670 0.170112
0.196933 0.083680 0.169802
0.197097 0.083656 0.169600
0.197260 0.083631 0.169397
0.197412 0.083572 0.169302
0.197576 0.083547 0.169098
0.197728 0.083488 0.169003
0.197893 0.083463 0.168799
0.198045 0.083403 0.168704
0.198210 0.083378 0.168500
0.198363 0.083319 0.168404
0.198529 0.083293 0.168200
0.198695 0.083267 0.167995
0.198862 0.083241 0.167791
0.199044 0.083248 0.167476
0.199212 0.083222 0.167271
0.199380 0.083195 0.167065
0.199564 0.083201 0.166749
0.199749 0.083207 0.166433
0.199919 0.083180 0.166226
0.200105 0.083185 0.165909
0.200276 0.083158 0.165702
0.200448 0.083130 0.165494
0.200620 0.083102 0.165286
0.200792 0.083074 0.165078
0.200965 0.083045 0.164870
0.201138 0.083017 0.164661
0.201311 0.082988 0.164452
0.201485 0.082960 0.164243
0.201660 0.082931 0.164033
0.201834 0.082901 0.163823
0.202009 0.082872 0.163613
0.202167 0.082811 0.163514
0.202343 0.082781 0.163304
0.202500 0.082720 0.163205
0.202676 0.082690 0.162994
0.167646 0.101657 0.170563
0.167922 0.101395 0.170790
0.168109 0.101323 0.170673
0.169536 0.099529 0.172982
0.169800 0.099272 0.173217
0.170083 0.098968 0.173540
0.170344 0.098712 0.173777
0.170521 0.098643 0.173666
0.170779 0.098388 0.173904
0.171016 0.098180 0.174056
0.171191 0.098111 0.173946
0.171544 0.097626 0.174626
0.171776 0.097420 0.174780
0.171988 0.097260 0.174848
0.172218 0.097054 0.175004
0.172428 0.096895 0.175072
0.172655 0.096691 0.175230
0.172863 0.096532 0.175300
0.173089 0.096329 0.175459
0.173295 0.096171 0.175529
0.173500 0.096014 0.175601
0.173722 0.095811 0.175762
0.173908 0.095700 0.175745
0.174111 0.095544 0.175818
0.174313 0.095388 0.175892
0.174497 0.095277 0.175876
0.174698 0.095122 0.175950
0.174898 0.094967 0.176025
0.175097 0.094812 0.176100
0.175295 0.094658 0.176176
0.175492 0.094503 0.176253
0.175704 0.094305 0.176420
0.175915 0.094107 0.176588
0.176125 0.093909 0.176757
0.176318 0.093756 0.176836
0.176511 0.093604 0.176915
0.176703 0.093452 0.176995
0.176894 0.093300 0.177075
0.177070 0.093193 0.177065
0.177259 0.093042 0.177146
0.177434 0.092935 0.177137
0.177609 0.092829 0.177127
0.177783 0.092722 0.177118
0.177957 0.092616 0.177109
0.178130 0.092510 0.177100
0.178303 0.092404 0.177092
0.178475 0.092298 0.177084
0.178647 0.092192 0.177076
0.178819 0.092087 0.177068
0.179002 0.091938 0.177153
0.179185 0.091790 0.177239
0.179366 0.091642 0.177325
0.179558 0.091451 0.177505
0.179738 0.091304 0.177593
0.179917 0.091157 0.177681
0.180105 0.090967 0.177863
0.180282 0.090821 0.177952
0.180438 0.090760 0.177854
0.180614 0.090615 0.177944
0.180779 0.090512 0.177941
0.180944 0.090409 0.177937
0.181117 0.090264 0.178028
0.181281 0.090161 0.178026
0.181453 0.090017 0.178118
0.181616 0.089915 0.178116
0.181778 0.089813 0.178114
0.181948 0.089670 0.178208
0.182110 0.089568 0.178206
0.182279 0.089425 0.178301
0.182439 0.089324 0.178300
0.182606 0.089181 0.178396
0.182765 0.089081 0.178396
0.182924 0.088980 0.178396
0.183082 0.088880 0.178397
0.183240 0.088780 0.178398
0.183398 0.088680 0.178399
0.183555 0.088580 0.178400
0.183712 0.088480 0.178402
0.183868 0.088381 0.178404
0.184018 0.088322 0.178310
0.184174 0.088223 0.178312
0.184329 0.088124 0.178315
0.184484 0.088025 0.178318
0.184634 0.087967 0.178224
0.184783 0.087908 0.178130
0.184937 0.087810 0.178133
0.185087 0.087752 0.178039
0.185236 0.087694 0.177946
0.185385 0.087635 0.177852
0.185535 0.087577 0.177758
0.185684 0.087519 0.177664
0.185837 0.087421 0.177669
0.185989 0.087323 0.177673
0.186138 0.087265 0.177580
0.186289 0.087167 0.177585
0.186441 0.087070 0.177590
0.186591 0.086972 0.177595
0.186744 0.086836 0.177700
0.186893 0.086739 0.177706
0.187041 0.086681 0.177613
0.187193 0.086506 0.177818
0.187341 0.086410 0.177825
0.187489 0.086314 0.177833
0.187638 0.086178 0.177940
0.187784 0.086121 0.177848
0.187931 0.086026 0.177856
0.188077 0.085969 0.177764
0.188223 0.085873 0.177773
0.188369 0.085817 0.177681
0.188514 0.085721 0.177690
0.188660 0.085665 0.177598
0.188805 0.085569 0.177607
0.188950 0.085513 0.177516
0.189095 0.085456 0.177425
0.189241 0.085400 0.177333
0.189386 0.085343 0.177242
0.189532 0.085286 0.177151
0.189677 0.085230 0.177059
0.189823 0.085173 0.176968
0.189968 0.085116 0.176877
0.190114 0.085060 0.176785
0.190256 0.084966 0.176796
0.190398 0.084872 0.176807
0.190543 0.084815 0.176716
0.190688 0.084759 0.176624
0.190834 0.084702 0.176533
0.190979 0.084646 0.176442
0.191124 0.084589 0.176351
0.191269 0.084533 0.176260
0.191414 0.084476 0.176169
0.191559 0.084420 0.176078
0.191709 0.084400 0.175883
0.191854 0.084344 0.175792
0.192005 0.084324 0.175597
0.192156 0.084303 0.175402
0.192307 0.084283 0.175207
0.192459 0.084263 0.175012
0.192605 0.084206 0.174920
0.192757 0.084185 0.174724
0.192910 0.084164 0.174528
0.193057 0.084107 0.174436
0.193210 0.084086 0.174239
0.193357 0.084029 0.174147
0.193504 0.083972 0.174055
0.193658 0.083951 0.173858
0.193805 0.083893 0.173766
0.193952 0.083836 0.173673
0.194099 0.083779 0.173581
0.194246 0.083722 0.173489
0.194393 0.083665 0.173396
0.194548 0.083643 0.173199
0.194695 0.083585 0.173106
0.194842 0.083528 0.173014
0.194999 0.083506 0.172815
0.195146 0.083449 0.172723
0.195304 0.083426 0.172524
0.195461 0.083403 0.172325
0.195629 0.083415 0.172019
0.195798 0.083427 0.171712
0.195979 0.083472 0.171298
0.196150 0.083483 0.170990
0.196322 0.083494 0.170682
0.196494 0.083504 0.170373
0.196656 0.083479 0.170172
0.196830 0.083489 0.169862
0.196993 0.083464 0.169659
0.197157 0.083439 0.169457
0.197308 0.083380 0.169362
0.197472 0.083355 0.169158
0.197636 0.083330 0.168955
0.197788 0.083271 0.168860
0.197953 0.083245 0.168656
0.198105 0.083186 0.168560
0.198271 0.083160 0.168356
0.198437 0.083134 0.168152
0.198603 0.083108 0.167947
0.198770 0.083082 0.167742
0.198937 0.083056 0.167537
0.199105 0.083029 0.167332
0.199288 0.083035 0.167016
0.199456 0.083008 0.166810
0.199641 0.083014 0.166494
0.199810 0.082986 0.166287
0.199996 0.082991 0.165970
0.200167 0.082964 0.165763
0.200338 0.082936 0.165555
0.200509 0.082907 0.165347
0.200681 0.082879 0.165139
0.200854 0.082851 0.164931
0.201027 0.082822 0.164722
0.201200 0.082793 0.164513
0.201373 0.082765 0.164304
0.201547 0.082735 0.164095
0.201722 0.082706 0.163885
0.201897 0.082677 0.163675
0.202054 0.082616 0.163576
0.202229 0.082586 0.163366
0.202387 0.082525 0.163267
0.202581 0.082526 0.162944
0.167601 0.101321 0.170762
0.167810 0.101201 0.170732
0.167996 0.101129 0.170615
0.168557 0.100257 0.171967
0.168740 0.100186 0.171852
0.169183 0.099553 0.172778
0.169492 0.099202 0.173186
0.169756 0.098946 0.173421
0.170018 0.098690 0.173658
0.170258 0.098481 0.173808
0.170435 0.098413 0.173697
0.170673 0.098205 0.173848
0.170910 0.097997 0.174001
0.171085 0.097929 0.173890
0.171439 0.097445 0.174571
0.171672 0.097240 0.174726
0.171884 0.097080 0.174793
0.172114 0.096875 0.174950
0.172362 0.096625 0.175195
0.172571 0.096467 0.175264
0.172797 0.096264 0.175423
0.173023 0.096061 0.175582
0.173210 0.095949 0.175565
0.173434 0.095747 0.175725
0.173638 0.095591 0.175798
0.173824 0.095480 0.175781
0.174027 0.095324 0.175854
0.174212 0.095214 0.175839
0.174413 0.095058 0.175913
0.174597 0.094948 0.175897
0.174797 0.094794 0.175972
0.174997 0.094639 0.176048
0.175195 0.094485 0.176124
0.175392 0.094331 0.176200
0.175605 0.094133 0.176368
0.175816 0.093936 0.176536
0.176026 0.093739 0.176705
0.176220 0.093587 0.176784
0.176413 0.093435 0.176864
0.176605 0.093283 0.176944
0.176796 0.093132 0.177024
0.176972 0.093025 0.177014
0.177162 0.092874 0.177095
0.177337 0.092768 0.177086
0.177512 0.092661 0.177076
0.177686 0.092555 0.177067
0.177860 0.092449 0.177058
0.178033 0.092343 0.177050
0.178206 0.092237 0.177041
0.178379 0.092132 0.177033
0.178551 0.092026 0.177025
0.178723 0.091921 0.177018
0.178906 0.091773 0.177103
0.179089 0.091625 0.177189
0.179271 0.091477 0.177275
0.179463 0.091287 0.177455
0.179643 0.091140 0.177543
0.179833 0.090951 0.177725
0.180011 0.090805 0.177813
0.180188 0.090659 0.177903
0.180344 0.090598 0.177805
0.180520 0.090453 0.177895
0.180685 0.090350 0.177891
0.180860 0.090205 0.177982
0.181024 0.090103 0.177980
0.181188 0.090001 0.177977
0.181360 0.089857 0.178069
0.181532 0.089713 0.178162
0.181694 0.089612 0.178160
0.181865 0.089469 0.178254
0.182034 0.089326 0.178348
0.182195 0.089225 0.178348
0.182363 0.089083 0.178443
0.182522 0.088982 0.178443
0.182681 0.088882 0.178443
0.182840 0.088782 0.178444
0.182991 0.088723 0.178349
0.183149 0.088623 0.178350
0.183307 0.088523 0.178351
0.183464 0.088423 0.178353
0.183621 0.088324 0.178355
0.183777 0.088225 0.178357
0.183928 0.088166 0.178262
0.184083 0.088067 0.178265
0.184239 0.087968 0.178268
0.184389 0.087910 0.178173
0.184543 0.087811 0.178177
0.184693 0.087753 0.178083
0.184843 0.087695 0.177989
0.184996 0.087596 0.177992
0.185146 0.087538 0.177898
0.185295 0.087480 0.177805
0.185448 0.087382 0.177809
0.185598 0.087324 0.177715
0.185750 0.087226 0.177720
0.185902 0.087128 0.177724
0.186051 0.087071 0.177631
0.186202 0.086973 0.177636
0.186354 0.086876 0.177641
0.186507 0.086740 0.177746
0.186657 0.086643 0.177752
0.186808 0.086507 0.177857
0.186957 0.086410 0.177864
0.187106 0.086314 0.177871
0.187254 0.086218 0.177878
0.187402 0.086122 0.177886
0.187549 0.086026 0.177893
0.187696 0.085969 0.177802
0.187842 0.085874 0.177810
0.187989 0.085778 0.177818
0.188135 0.085683 0.177827
0.188280 0.085626 0.177735
0.188426 0.085570 0.177644
0.188571 0.085475 0.177653
0.188717 0.085418 0.177561
0.188862 0.085362 0.177470
0.189008 0.085305 0.177379
0.189153 0.085248 0.177287
0.189299 0.085192 0.177196
0.189444 0.085135 0.177105
0.189590 0.085078 0.177013
0.189735 0.085022 0.176922
0.189880 0.084965 0.176831
0.190023 0.084871 0.176841
0.190169 0.084815 0.176750
0.190311 0.084721 0.176761
0.190456 0.084664 0.176670
0.190601 0.084608 0.176579
0.190746 0.084551 0.176488
0.190891 0.084495 0.176396
0.191036 0.084438 0.176305
0.191181 0.084382 0.176214
0.191326 0.084325 0.176123
0.191471 0.084269 0.176032
0.191616 0.084212 0.175941
0.191766 0.084192 0.175746
0.191917 0.084172 0.175552
0.192062 0.084116 0.175460
0.192213 0.084095 0.175265
0.192365 0.084075 0.175069
0.192517 0.084054 0.174874
0.192663 0.083997 0.174782
0.192815 0.083976 0.174586
0.192962 0.083919 0.174494
0.193115 0.083898 0.174297
0.193261 0.083841 0.174205
0.193415 0.083819 0.174009
0.193562 0.083762 0.173916
0.193709 0.083705 0.173824
0.193855 0.083648 0.173732
0.194002 0.083591 0.173640
0.194149 0.083534 0.173548
0.194304 0.083512 0.173350
0.194451 0.083455 0.173258
0.194598 0.083397 0.173166
0.194745 0.083340 0.173073
0.194901 0.083318 0.172875
0.195048 0.083261 0.172782
0.195205 0.083238 0.172584
0.195362 0.083215 0.172385
0.195530 0.083227 0.172078
0.195698 0.083238 0.171772
0.195879 0.083283 0.171358
0.196049 0.083293 0.171050
0.196220 0.083303 0.170742
0.196392 0.083313 0.170433
0.196565 0.083323 0.170124
0.196739 0.083332 0.169814
0.196902 0.083307 0.169612
0.197065 0.083282 0.169409
0.197217 0.083223 0.169314
0.197380 0.083198 0.169111
0.197532 0.083139 0.169015
0.197697 0.083113 0.168812
0.197861 0.083087 0.168608
0.198013 0.083028 0.168512
0.198179 0.083002 0.168308
0.198345 0.082976 0.168104
0.198497 0.082916 0.168008
0.198664 0.082890 0.167803
0.198831 0.082863 0.167598
0.198998 0.082837 0.167392
0.199180 0.082843 0.167077
0.199349 0.082815 0.166871
0.199532 0.082821 0.166555
0.199702 0.082793 0.166349
0.199887 0.082798 0.166032
0.200057 0.082770 0.165824
0.200228 0.082742 0.165617
0.200400 0.082714 0.165409
0.200571 0.082685 0.165201
0.200743 0.082657 0.164992
0.200916 0.082628 0.164784
0.201088 0.082599 0.164575
0.201262 0.082570 0.164366
0.201435 0.082541 0.164156
0.201609 0.082511 0.163947
0.201784 0.082482 0.163737
0.201941 0.082421 0.163638
0.202116 0.082391 0.163428
0.202292 0.082361 0.163217
0.202486 0.082362 0.162894
0.202644 0.082301 0.162795
0.167488 0.101127 0.170704
0.167901 0.100585 0.171449
0.168242 0.100185 0.171938
0.168536 0.099880 0.172256
0.168849 0.099529 0.172661
0.169139 0.099226 0.172982
0.169427 0.098923 0.173303
0.169669 0.098714 0.173452
0.169911 0.098505 0.173602
0.170151 0.098297 0.173752
0.170328 0.098229 0.173641
0.170566 0.098021 0.173793
0.170743 0.097953 0.173682
0.171567 0.097060 0.174671
0.171740 0.096992 0.174562
0.172258 0.096447 0.175141
0.172468 0.096289 0.175210
0.172694 0.096086 0.175369
0.172920 0.095884 0.175529
0.173108 0.095773 0.175511
0.173332 0.095571 0.175672
0.173536 0.095415 0.175744
0.173723 0.095305 0.175728
0.173926 0.095149 0.175801
0.174111 0.095039 0.175786
0.174312 0.094884 0.175860
0.174497 0.094775 0.175845
0.174697 0.094620 0.175920
0.174896 0.094466 0.175995
0.175095 0.094313 0.176071
0.175293 0.094159 0.176148
0.175505 0.093962 0.176316
0.175717 0.093765 0.176484
0.175927 0.093569 0.176654
0.176121 0.093417 0.176733
0.176329 0.093222 0.176903
0.176521 0.093071 0.176984
0.176713 0.092920 0.177064
0.176874 0.092857 0.176963
0.177064 0.092707 0.177044
0.177240 0.092600 0.177035
0.177414 0.092494 0.177025
0.177589 0.092388 0.177016
0.177763 0.092282 0.177007
0.177936 0.092176 0.176999
0.178110 0.092071 0.176991
0.178282 0.091965 0.176983
0.178455 0.091860 0.176975
0.178639 0.091712 0.177060
0.178822 0.091564 0.177146
0.179005 0.091417 0.177232
0.179187 0.091270 0.177318
0.179379 0.091081 0.177499
0.179559 0.090934 0.177587
0.179750 0.090746 0.177769
0.179928 0.090600 0.177858
0.180105 0.090455 0.177947
0.180261 0.090394 0.177850
0.180426 0.090291 0.177846
0.180592 0.090189 0.177842
0.180767 0.090045 0.177934
0.180931 0.089942 0.177931
0.181095 0.089840 0.177928
0.181268 0.089697 0.178021
0.181440 0.089554 0.178114
0.181602 0.089452 0.178112
0.181772 0.089310 0.178206
0.181942 0.089167 0.178300
0.182111 0.089025 0.178395
0.182271 0.088925 0.178395
0.182438 0.088783 0.178491
0.182590 0.088724 0.178396
0.182749 0.088624 0.178396
0.182907 0.088525 0.178397
0.183058 0.088466 0.178302
0.183216 0.088366 0.178304
0.183373 0.088267 0.178305
0.183524 0.088208 0.178211
0.183681 0.088109 0.178213
0.183837 0.088010 0.178215
0.183993 0.087911 0.178217
0.184143 0.087853 0.178123
0.184298 0.087754 0.178126
0.184453 0.087656 0.178129
0.184603 0.087597 0.178035
0.184752 0.087539 0.177941
0.184906 0.087441 0.177945
0.185060 0.087343 0.177949
0.185209 0.087285 0.177855
0.185358 0.087227 0.177762
0.185511 0.087129 0.177766
0.185664 0.087032 0.177771
0.185812 0.086974 0.177677
0.185964 0.086877 0.177682
0.186119 0.086740 0.177786
0.186269 0.086643 0.177792
0.186420 0.086547 0.177798
0.186570 0.086450 0.177804
0.186721 0.086315 0.177910
0.186870 0.086219 0.177917
0.187019 0.086123 0.177924
0.187167 0.086027 0.177931
0.187315 0.085931 0.177939
0.187462 0.085836 0.177947
0.187608 0.085779 0.177855
0.187754 0.085722 0.177764
0.187901 0.085627 0.177772
0.188047 0.085532 0.177781
0.188193 0.085475 0.177689
0.188338 0.085418 0.177598
0.188483 0.085323 0.177607
0.188629 0.085267 0.177516
0.188774 0.085210 0.177424
0.188920 0.085154 0.177333
0.189065 0.085097 0.177241
0.189211 0.085040 0.177150
0.189356 0.084984 0.177059
0.189502 0.084927 0.176967
0.189647 0.084870 0.176876
0.189793 0.084814 0.176785
0.189936 0.084720 0.176795
0.190081 0.084663 0.176704
0.190223 0.084570 0.176715
0.190368 0.084513 0.176624
0.190513 0.084457 0.176533
0.190658 0.084400 0.176442
0.190803 0.084344 0.176351
0.190949 0.084287 0.176259
0.191094 0.084231 0.176168
0.191239 0.084175 0.176077
0.191384 0.084118 0.175986
0.191529 0.084062 0.175895
0.191679 0.084041 0.175700
0.191824 0.083985 0.175609
0.191975 0.083964 0.175414
0.192120 0.083908 0.175323
0.192271 0.083887 0.175127
0.192423 0.083866 0.174932
0.192569 0.083809 0.174840
0.192721 0.083788 0.174644
0.192867 0.083731 0.174552
0.193020 0.083710 0.174356
0.193166 0.083653 0.174264
0.193319 0.083631 0.174067
0.193466 0.083574 0.173975
0.193612 0.083517 0.173883
0.193759 0.083460 0.173791
0.193913 0.083438 0.173594
0.194060 0.083381 0.173501
0.194207 0.083324 0.173409
0.194362 0.083302 0.173211
0.194509 0.083245 0.173119
0.194656 0.083187 0.173027
0.194803 0.083130 0.172935
0.194959 0.083108 0.172736
0.195116 0.083085 0.172537
0.195263 0.083027 0.172445
0.195431 0.083039 0.172138
0.195599 0.083049 0.171832
0.195778 0.083094 0.171418
0.195948 0.083104 0.171110
0.196119 0.083114 0.170802
0.196291 0.083123 0.170493
0.196463 0.083132 0.170184
0.196637 0.083141 0.169874
0.196811 0.083150 0.169564
0.196962 0.083091 0.169469
0.197113 0.083032 0.169374
0.197277 0.083006 0.169171
0.197441 0.082981 0.168967
0.197605 0.082955 0.168764
0.197757 0.082896 0.168668
0.197922 0.082870 0.168464
0.198087 0.082844 0.168260
0.198253 0.082817 0.168055
0.198405 0.082758 0.167960
0.198572 0.082731 0.167755
0.198738 0.082704 0.167550
0.198906 0.082678 0.167344
0.199073 0.082650 0.167138
0.199256 0.082656 0.166823
0.199425 0.082628 0.166616
0.199594 0.082600 0.166410
0.199778 0.082605 0.166093
0.199948 0.082577 0.165885
0.200119 0.082548 0.165678
0.200290 0.082520 0.165470
0.200461 0.082492 0.165262
0.200633 0.082463 0.165054
0.200805 0.082434 0.164845
0.200977 0.082405 0.164636
0.201150 0.082376 0.164427
0.201324 0.082346 0.164218
0.201515 0.082348 0.163897
0.201689 0.082319 0.163687
0.201846 0.082258 0.163589
0.202021 0.082228 0.163378
0.202197 0.082197 0.163168
0.202391 0.082198 0.162845
0.202549 0.082137 0.162746
0.167789 0.100393 0.171391
0.168131 0.099995 0.171880
0.168426 0.099691 0.172198
0.168740 0.099341 0.172604
0.169031 0.099039 0.172925
0.169319 0.098737 0.173247
0.169562 0.098529 0.173396
0.169804 0.098321 0.173546
0.170044 0.098113 0.173696
0.170221 0.098045 0.173585
0.170460 0.097838 0.173737
0.170718 0.097586 0.173977
0.170975 0.097335 0.174219
0.171149 0.097267 0.174109
0.171482 0.096834 0.174704
0.171655 0.096766 0.174596
0.171964 0.096381 0.175106
0.172174 0.096223 0.175175
0.172402 0.096021 0.175334
0.172611 0.095864 0.175404
0.172836 0.095663 0.175564
0.173043 0.095506 0.175636
0.173248 0.095351 0.175708
0.173453 0.095195 0.175781
0.173639 0.095085 0.175764
0.173824 0.094975 0.175748
0.174010 0.094865 0.175733
0.174212 0.094710 0.175807
0.174396 0.094601 0.175792
0.174596 0.094447 0.175867
0.174796 0.094293 0.175943
0.174995 0.094140 0.176019
0.175193 0.093987 0.176096
0.175406 0.093791 0.176264
0.175618 0.093595 0.176432
0.175829 0.093399 0.176602
0.176023 0.093247 0.176681
0.176231 0.093053 0.176852
0.176424 0.092902 0.176932
0.176615 0.092752 0.177013
0.176777 0.092689 0.176912
0.176967 0.092539 0.176993
0.177142 0.092433 0.176984
0.177317 0.092327 0.176975
0.177492 0.092221 0.176966
0.177666 0.092115 0.176957
0.177826 0.092053 0.176856
0.178013 0.091904 0.176940
0.178186 0.091799 0.176932
0.178358 0.091694 0.176924
0.178543 0.091547 0.177010
0.178727 0.091399 0.177095
0.178922 0.091210 0.177275
0.179103 0.091063 0.177362
0.179296 0.090874 0.177542
0.179476 0.090729 0.177631
0.179666 0.090541 0.177813
0.179845 0.090396 0.177902
0.180011 0.090293 0.177898
0.180167 0.090232 0.177800
0.180333 0.090130 0.177797
0.180498 0.090028 0.177793
0.180663 0.089925 0.177790
0.180838 0.089782 0.177882
0.181002 0.089680 0.177879
0.181175 0.089537 0.177972
0.181338 0.089435 0.177970
0.181509 0.089293 0.178064
0.181680 0.089151 0.178158
0.181850 0.089009 0.178252
0.182019 0.088867 0.178347
0.182179 0.088767 0.178347
0.182347 0.088626 0.178443
0.182498 0.088567 0.178348
0.182657 0.088467 0.178348
0.182816 0.088367 0.178349
0.182967 0.088309 0.178255
0.183125 0.088209 0.178256
0.183276 0.088151 0.178161
0.183433 0.088051 0.178163
0.183590 0.087952 0.178165
0.183740 0.087894 0.178071
0.183897 0.087795 0.178073
0.184052 0.087697 0.178076
0.184208 0.087598 0.178079
0.184358 0.087540 0.177985
0.184512 0.087442 0.177988
0.184662 0.087384 0.177894
0.184816 0.087286 0.177898
0.184970 0.087188 0.177902
0.185123 0.087090 0.177906
0.185272 0.087032 0.177813
0.185425 0.086935 0.177817
0.185574 0.086877 0.177724
0.185726 0.086780 0.177729
0.185881 0.086644 0.177833
0.186032 0.086547 0.177838
0.186183 0.086450 0.177844
0.186333 0.086354 0.177850
0.186483 0.086258 0.177857
0.186633 0.086162 0.177864
0.186782 0.086066 0.177870
0.186930 0.085970 0.177878
0.187079 0.085874 0.177885
0.187227 0.085779 0.177893
0.187374 0.085684 0.177901
0.187520 0.085627 0.177809
0.187666 0.085570 0.177717
0.187812 0.085513 0.177626
0.187959 0.085418 0.177634
0.188104 0.085361 0.177543
0.188250 0.085267 0.177552
0.188396 0.085210 0.177460
0.188541 0.085116 0.177470
0.188687 0.085059 0.177378
0.188832 0.085002 0.177287
0.188978 0.084946 0.177195
0.189123 0.084889 0.177104
0.189268 0.084832 0.177013
0.189414 0.084776 0.176921
0.189559 0.084719 0.176830
0.189705 0.084662 0.176739
0.189848 0.084569 0.176749
0.189993 0.084512 0.176658
0.190136 0.084419 0.176669
0.190281 0.084362 0.176578
0.190426 0.084306 0.176487
0.190571 0.084250 0.176396
0.190716 0.084193 0.176305
0.190861 0.084137 0.176214
0.191006 0.084080 0.176123
0.191151 0.084024 0.176031
0.191296 0.083967 0.175940
0.191441 0.083911 0.175849
0.191586 0.083854 0.175758
0.191736 0.083834 0.175563
0.191882 0.083777 0.175472
0.192032 0.083756 0.175277
0.192178 0.083700 0.175185
0.192329 0.083679 0.174990
0.192475 0.083622 0.174898
0.192626 0.083601 0.174702
0.192779 0.083579 0.174506
0.192925 0.083523 0.174414
0.193071 0.083466 0.174323
0.193224 0.083444 0.174126
0.193370 0.083387 0.174034
0.193517 0.083330 0.173942
0.193671 0.083308 0.173745
0.193817 0.083251 0.173653
0.193964 0.083194 0.173561
0.194118 0.083172 0.173363
0.194265 0.083114 0.173271
0.194412 0.083057 0.173179
0.194567 0.083035 0.172980
0.194714 0.082978 0.172888
0.194861 0.082920 0.172796
0.195017 0.082897 0.172597
0.195174 0.082874 0.172398
0.195331 0.082851 0.172199
0.195499 0.082861 0.171892
0.195678 0.082905 0.171478
0.195848 0.082915 0.171170
0.196018 0.082925 0.170862
0.196189 0.082934 0.170553
0.196361 0.082942 0.170244
0.196534 0.082951 0.169934
0.196708 0.082959 0.169624
0.196871 0.082934 0.169421
0.197022 0.082875 0.169326
0.197185 0.082849 0.169123
0.197349 0.082823 0.168919
0.197501 0.082764 0.168824
0.197665 0.082738 0.168620
0.197830 0.082712 0.168416
0.197995 0.082685 0.168212
0.198161 0.082659 0.168007
0.198313 0.082599 0.167912
0.198479 0.082572 0.167707
0.198646 0.082545 0.167501
0.198813 0.082518 0.167296
0.198981 0.082491 0.167090
0.199149 0.082464 0.166884
0.199317 0.082436 0.166678
0.199501 0.082440 0.166361
0.199670 0.082412 0.166154
0.199840 0.082384 0.165947
0.200010 0.082356 0.165739
0.200180 0.082327 0.165532
0.200351 0.082298 0.165324
0.200523 0.082270 0.165115
0.200694 0.082241 0.164907
0.200867 0.082211 0.164698
0.201056 0.082213 0.164378
0.201229 0.082184 0.164169
0.201420 0.082185 0.163848
0.201595 0.082155 0.163637
0.201751 0.082094 0.163539
0.201926 0.082064 0.163328
0.202102 0.082034 0.163118
0.202259 0.081972 0.163019
0.202453 0.081973 0.162696
0.167123 0.100718 0.170875
0.167309 0.100646 0.170758
0.167678 0.100201 0.171332
0.168021 0.099805 0.171822
0.168316 0.099502 0.172141
0.168631 0.099153 0.172547
0.168966 0.098759 0.173042
0.169233 0.098505 0.173277
0.169454 0.098343 0.173340
0.169697 0.098136 0.173490
0.169938 0.097930 0.173640
0.170115 0.097861 0.173529
0.170354 0.097655 0.173681
0.170612 0.097404 0.173922
0.170869 0.097153 0.174163
0.171124 0.096903 0.174406
0.171378 0.096654 0.174650
0.171630 0.096405 0.174894
0.171880 0.096157 0.175140
0.172110 0.095955 0.175298
0.172338 0.095753 0.175457
0.172546 0.095597 0.175528
0.172753 0.095441 0.175599
0.172959 0.095286 0.175671
0.173165 0.095131 0.175744
0.173351 0.095020 0.175727
0.173537 0.094910 0.175711
0.173741 0.094756 0.175785
0.173908 0.094690 0.175680
0.174111 0.094536 0.175754
0.174295 0.094427 0.175739
0.174496 0.094274 0.175814
0.174696 0.094121 0.175890
0.174895 0.093968 0.175967
0.175093 0.093815 0.176044
0.175307 0.093619 0.176212
0.175503 0.093468 0.176290
0.175714 0.093272 0.176459
0.175924 0.093078 0.176630
0.176118 0.092927 0.176709
0.176311 0.092777 0.176790
0.176503 0.092627 0.176871
0.176679 0.092521 0.176861
0.176870 0.092371 0.176942
0.177045 0.092265 0.176933
0.177220 0.092159 0.176924
0.177395 0.092054 0.176915
0.177569 0.091948 0.176906
0.177730 0.091886 0.176805
0.177916 0.091738 0.176889
0.178076 0.091676 0.176789
0.178262 0.091528 0.176874
0.178447 0.091381 0.176959
0.178643 0.091192 0.177138
0.178826 0.091045 0.177225
0.179020 0.090857 0.177405
0.179213 0.090669 0.177586
0.179405 0.090481 0.177768
0.179572 0.090378 0.177763
0.179751 0.090234 0.177853
0.179917 0.090131 0.177849
0.180073 0.090071 0.177751
0.180239 0.089968 0.177748
0.180404 0.089866 0.177744
0.180570 0.089764 0.177741
0.180744 0.089621 0.177833
0.180909 0.089519 0.177831
0.181082 0.089377 0.177923
0.181245 0.089276 0.177922
0.181417 0.089133 0.178015
0.181588 0.088992 0.178109
0.181758 0.088850 0.178204
0.181927 0.088709 0.178299
0.182088 0.088609 0.178299
0.182256 0.088468 0.178395
0.182407 0.088409 0.178300
0.182566 0.088310 0.178301
0.182725 0.088210 0.178302
0.182876 0.088152 0.178207
0.183034 0.088052 0.178208
0.183185 0.087994 0.178114
0.183342 0.087895 0.178116
0.183493 0.087836 0.178021
0.183649 0.087738 0.178023
0.183806 0.087639 0.178026
0.183956 0.087581 0.177931
0.184117 0.087442 0.178031
0.184267 0.087384 0.177937
0.184422 0.087286 0.177941
0.184572 0.087228 0.177847
0.184731 0.087091 0.177948
0.184880 0.087033 0.177855
0.185034 0.086935 0.177859
0.185187 0.086838 0.177864
0.185335 0.086780 0.177770
0.185492 0.086644 0.177873
0.185640 0.086586 0.177780
0.185795 0.086451 0.177884
0.185946 0.086354 0.177890
0.186097 0.086258 0.177896
0.186247 0.086162 0.177903
0.186394 0.086105 0.177810
0.186544 0.086009 0.177817
0.186693 0.085913 0.177824
0.186842 0.085817 0.177831
0.186989 0.085760 0.177739
0.187137 0.085665 0.177747
0.187285 0.085570 0.177755
0.187432 0.085475 0.177763
0.187578 0.085418 0.177671
0.187724 0.085361 0.177579
0.187870 0.085304 0.177488
0.188016 0.085210 0.177496
0.188162 0.085153 0.177405
0.188308 0.085058 0.177414
0.188454 0.085002 0.177323
0.188599 0.084908 0.177332
0.188744 0.084851 0.177241
0.188890 0.084794 0.177149
0.189035 0.084738 0.177058
0.189181 0.084681 0.176967
0.189326 0.084624 0.176875
0.189472 0.084568 0.176784
0.189617 0.084511 0.176693
0.189760 0.084418 0.176703
0.189906 0.084361 0.176612
0.190048 0.084268 0.176623
0.190193 0.084212 0.176532
0.190338 0.084155 0.176441
0.190483 0.084099 0.176350
0.190628 0.084042 0.176259
0.190773 0.083986 0.176168
0.190919 0.083929 0.176077
0.191064 0.083873 0.175986
0.191209 0.083816 0.175894
0.191354 0.083760 0.175803
0.191499 0.083703 0.175712
0.191644 0.083647 0.175621
0.191794 0.083626 0.175426
0.191939 0.083570 0.175335
0.192090 0.083548 0.175139
0.192235 0.083492 0.175048
0.192387 0.083471 0.174852
0.192532 0.083414 0.174761
0.192684 0.083392 0.174565
0.192830 0.083336 0.174473
0.192983 0.083314 0.174276
0.193129 0.083257 0.174185
0.193282 0.083235 0.173988
0.193428 0.083178 0.173896
0.193575 0.083121 0.173804
0.193729 0.083099 0.173606
0.193875 0.083042 0.173514
0.194030 0.083019 0.173317
0.194176 0.082962 0.173224
0.194323 0.082905 0.173132
0.194470 0.082848 0.173040
0.194625 0.082825 0.172842
0.194772 0.082768 0.172749
0.194929 0.082744 0.172551
0.195085 0.082721 0.172351
0.195242 0.082697 0.172152
0.195410 0.082707 0.171845
0.195578 0.082717 0.171538
0.195747 0.082727 0.171230
0.195928 0.082769 0.170815
0.196099 0.082778 0.170506
0.196271 0.082786 0.170197
0.196432 0.082761 0.169994
0.196605 0.082769 0.169684
0.196768 0.082743 0.169481
0.196931 0.082717 0.169278
0.197082 0.082659 0.169183
0.197245 0.082633 0.168980
0.197409 0.082606 0.168776
0.197573 0.082580 0.168572
0.197738 0.082554 0.168368
0.197903 0.082527 0.168164
0.198069 0.082500 0.167959
0.198235 0.082473 0.167754
0.198401 0.082446 0.167549
0.198554 0.082386 0.167453
0.198721 0.082359 0.167247
0.198888 0.082332 0.167042
0.199056 0.082304 0.166835
0.199224 0.082276 0.166629
0.199393 0.082248 0.166422
0.199562 0.082220 0.166216
0.199731 0.082192 0.166008
0.199901 0.082163 0.165801
0.200071 0.082134 0.165593
0.200258 0.082137 0.165275
0.200429 0.082108 0.165066
0.200601 0.082079 0.164858
0.200773 0.082049 0.164649
0.200945 0.082020 0.164440
0.201135 0.082021 0.164119
0.201309 0.081991 0.163909
0.201500 0.081992 0.163588
0.201657 0.081931 0.163489
0.201832 0.081901 0.163279
0.202007 0.081870 0.163068
0.202164 0.081809 0.162969
0.202358 0.081808 0.162646
0.202535 0.081777 0.162434
0.167011 0.100525 0.170816
0.167197 0.100452 0.170699
0.168364 0.098989 0.172690
0.168634 0.098735 0.172924
0.168880 0.098527 0.173072
0.169125 0.098319 0.173221
0.169347 0.098158 0.173283
0.169590 0.097952 0.173434
0.169831 0.097746 0.173585
0.170008 0.097677 0.173473
0.170247 0.097471 0.173626
0.170486 0.097266 0.173779
0.170743 0.097017 0.174020
0.171020 0.096722 0.174351
0.171294 0.096429 0.174683
0.171546 0.096181 0.174928
0.171816 0.095889 0.175263
0.172026 0.095733 0.175333
0.172235 0.095577 0.175403
0.172481 0.095331 0.175652
0.172688 0.095176 0.175724
0.172876 0.095066 0.175707
0.173081 0.094911 0.175780
0.173268 0.094801 0.175764
0.173454 0.094691 0.175748
0.173640 0.094581 0.175732
0.173825 0.094472 0.175716
0.174010 0.094363 0.175701
0.174194 0.094253 0.175686
0.174395 0.094100 0.175762
0.174595 0.093948 0.175838
0.174795 0.093795 0.175914
0.174993 0.093643 0.175991
0.175207 0.093448 0.176160
0.175404 0.093297 0.176238
0.175616 0.093102 0.176408
0.175826 0.092908 0.176578
0.176020 0.092758 0.176658
0.176213 0.092608 0.176739
0.176405 0.092459 0.176820
0.176582 0.092352 0.176810
0.176772 0.092203 0.176891
0.176948 0.092098 0.176882
0.177123 0.091992 0.176873
0.177284 0.091930 0.176772
0.177459 0.091824 0.176763
0.177633 0.091719 0.176755
0.177793 0.091657 0.176654
0.177980 0.091509 0.176738
0.178166 0.091362 0.176823
0.178351 0.091215 0.176909
0.178547 0.091027 0.177088
0.178743 0.090838 0.177268
0.178937 0.090651 0.177449
0.179130 0.090464 0.177630
0.179322 0.090277 0.177812
0.179489 0.090174 0.177808
0.179668 0.090030 0.177897
0.179835 0.089928 0.177894
0.179990 0.089867 0.177796
0.180156 0.089765 0.177793
0.180311 0.089705 0.177695
0.180476 0.089603 0.177692
0.180641 0.089502 0.177690
0.180806 0.089400 0.177687
0.180979 0.089258 0.177780
0.181152 0.089116 0.177873
0.181324 0.088974 0.177967
0.181496 0.088833 0.178061
0.181666 0.088692 0.178156
0.181836 0.088551 0.178251
0.181996 0.088451 0.178251
0.182156 0.088351 0.178251
0.182316 0.088252 0.178252
0.182475 0.088152 0.178253
0.182626 0.088094 0.178158
0.182785 0.087995 0.178159
0.182936 0.087936 0.178064
0.183094 0.087837 0.178066
0.183244 0.087778 0.177971
0.183402 0.087680 0.177973
0.183552 0.087621 0.177879
0.183709 0.087523 0.177881
0.183865 0.087424 0.177884
0.184021 0.087326 0.177887
0.184177 0.087228 0.177890
0.184332 0.087131 0.177894
0.184481 0.087072 0.177800
0.184641 0.086936 0.177901
0.184790 0.086878 0.177808
0.184948 0.086741 0.177910
0.185097 0.086683 0.177817
0.185250 0.086586 0.177821
0.185402 0.086490 0.177827
0.185554 0.086393 0.177832
0.185706 0.086297 0.177838
0.185857 0.086201 0.177844
0.186008 0.086105 0.177850
0.186158 0.086009 0.177856
0.186305 0.085951 0.177764
0.186455 0.085856 0.177771
0.186604 0.085760 0.177778
0.186753 0.085665 0.177785
0.186900 0.085608 0.177693
0.187047 0.085551 0.177601
0.187195 0.085456 0.177609
0.187341 0.085399 0.177517
0.187488 0.085341 0.177424
0.187635 0.085247 0.177433
0.187781 0.085190 0.177341
0.187928 0.085095 0.177350
0.188074 0.085039 0.177258
0.188220 0.084944 0.177267
0.188366 0.084887 0.177176
0.188511 0.084794 0.177185
0.188657 0.084737 0.177094
0.188803 0.084680 0.177002
0.188947 0.084586 0.177012
0.189093 0.084530 0.176921
0.189238 0.084473 0.176829
0.189384 0.084417 0.176738
0.189527 0.084323 0.176749
0.189673 0.084267 0.176657
0.189818 0.084210 0.176566
0.189961 0.084117 0.176577
0.190106 0.084061 0.176486
0.190251 0.084004 0.176395
0.190396 0.083948 0.176304
0.190541 0.083891 0.176213
0.190686 0.083835 0.176122
0.190831 0.083778 0.176031
0.190976 0.083722 0.175940
0.191121 0.083665 0.175849
0.191266 0.083609 0.175757
0.191411 0.083553 0.175666
0.191556 0.083496 0.175575
0.191701 0.083440 0.175484
0.191851 0.083418 0.175289
0.191997 0.083362 0.175198
0.192148 0.083341 0.175002
0.192293 0.083284 0.174911
0.192438 0.083227 0.174819
0.192590 0.083206 0.174623
0.192736 0.083149 0.174532
0.192888 0.083127 0.174335
0.193041 0.083105 0.174139
0.193187 0.083048 0.174047
0.193333 0.082991 0.173955
0.193486 0.082969 0.173758
0.193633 0.082912 0.173666
0.193787 0.082889 0.173468
0.193933 0.082832 0.173376
0.194088 0.082809 0.173178
0.194235 0.082752 0.173086
0.194381 0.082695 0.172994
0.194537 0.082672 0.172795
0.194684 0.082615 0.172703
0.194840 0.082591 0.172504
0.194996 0.082568 0.172305
0.195153 0.082544 0.172105
0.195311 0.082520 0.171906
0.195489 0.082563 0.171491
0.195658 0.082572 0.171183
0.195827 0.082581 0.170875
0.195998 0.082589 0.170566
0.196169 0.082597 0.170257
0.196341 0.082605 0.169947
0.196503 0.082579 0.169744
0.196665 0.082553 0.169542
0.196828 0.082527 0.169339
0.196991 0.082501 0.169136
0.197154 0.082475 0.168932
0.197318 0.082449 0.168728
0.197482 0.082422 0.168524
0.197646 0.082395 0.168320
0.197811 0.082369 0.168116
0.197977 0.082342 0.167911
0.198143 0.082314 0.167706
0.198309 0.082287 0.167501
0.198462 0.082227 0.167405
0.198628 0.082200 0.167199
0.198796 0.082172 0.166993
0.198963 0.082144 0.166787
0.199131 0.082116 0.166580
0.199300 0.082088 0.166374
0.199454 0.082028 0.166277
0.199638 0.082031 0.165960
0.199808 0.082002 0.165752
0.199978 0.081974 0.165544
0.200148 0.081945 0.165336
0.200335 0.081946 0.165017
0.200507 0.081917 0.164809
0.200679 0.081887 0.164600
0.200851 0.081858 0.164391
0.201024 0.081828 0.164181
0.201214 0.081828 0.163860
0.201388 0.081798 0.163650
0.201545 0.081737 0.163552
0.201737 0.081737 0.163229
0.201912 0.081706 0.163018
0.202087 0.081675 0.162807
0.202263 0.081644 0.162596
0.202439 0.081613 0.162384
0.167087 0.099961 0.171448
0.167411 0.099613 0.171850
0.167594 0.099541 0.171735
0.168029 0.098964 0.172573
0.168300 0.098710 0.172807
0.168548 0.098502 0.172954
0.168794 0.098295 0.173103
0.169017 0.098134 0.173165
0.169239 0.097973 0.173227
0.169482 0.097767 0.173377
0.169724 0.097562 0.173529
0.169901 0.097493 0.173418
0.170141 0.097288 0.173570
0.170380 0.097084 0.173723
0.170617 0.096880 0.173877
0.170915 0.096542 0.174296
0.171190 0.096249 0.174629
0.171482 0.095913 0.175051
0.171733 0.095666 0.175298
0.171962 0.095466 0.175457
0.172191 0.095266 0.175616
0.172418 0.095066 0.175777
0.172606 0.094956 0.175760
0.172793 0.094846 0.175743
0.172999 0.094691 0.175816
0.173185 0.094582 0.175800
0.173371 0.094472 0.175784
0.173539 0.094407 0.175679
0.173724 0.094298 0.175664
0.173909 0.094189 0.175648
0.174093 0.094080 0.175633
0.174295 0.093927 0.175709
0.174495 0.093775 0.175785
0.174695 0.093623 0.175862
0.174893 0.093471 0.175939
0.175108 0.093277 0.176108
0.175305 0.093126 0.176186
0.175517 0.092932 0.176356
0.175728 0.092739 0.176526
0.175922 0.092589 0.176607
0.176115 0.092439 0.176687
0.176307 0.092290 0.176768
0.176484 0.092184 0.176758
0.176660 0.092079 0.176749
0.176836 0.091973 0.176739
0.177012 0.091867 0.176730
0.177187 0.091762 0.176721
0.177362 0.091657 0.176712
0.177536 0.091552 0.176704
0.177696 0.091490 0.176603
0.177883 0.091343 0.176688
0.178069 0.091196 0.176773
0.178255 0.091050 0.176859
0.178452 0.090862 0.177038
0.178648 0.090674 0.177218
0.178842 0.090487 0.177399
0.179036 0.090300 0.177580
0.179228 0.090114 0.177763
0.179407 0.089970 0.177852
0.179574 0.089868 0.177848
0.179741 0.089766 0.177845
0.179896 0.089706 0.177747
0.180062 0.089604 0.177744
0.180217 0.089544 0.177646
0.180383 0.089442 0.177643
0.180548 0.089341 0.177641
0.180712 0.089240 0.177638
0.180886 0.089098 0.177731
0.181060 0.088956 0.177824
0.181223 0.088855 0.177823
0.181376 0.088796 0.177727
0.181565 0.088574 0.178012
0.181735 0.088433 0.178107
0.181905 0.088293 0.178203
0.182065 0.088194 0.178203
0.182224 0.088094 0.178204
0.182384 0.087995 0.178205
0.182535 0.087936 0.178110
0.182694 0.087837 0.178111
0.182845 0.087779 0.178017
0.182996 0.087720 0.177922
0.183153 0.087621 0.177924
0.183304 0.087563 0.177829
0.183462 0.087464 0.177831
0.183618 0.087366 0.177834
0.183775 0.087268 0.177836
0.183931 0.087170 0.177839
0.184086 0.087073 0.177843
0.184236 0.087014 0.177749
0.184391 0.086917 0.177752
0.184551 0.086780 0.177854
0.184705 0.086683 0.177858
0.184858 0.086587 0.177863
0.185012 0.086490 0.177868
0.185164 0.086393 0.177873
0.185317 0.086297 0.177878
0.185469 0.086201 0.177884
0.185620 0.086104 0.177890
0.185771 0.086009 0.177896
0.185919 0.085951 0.177803
0.186069 0.085855 0.177810
0.186219 0.085760 0.177816
0.186366 0.085703 0.177724
0.186516 0.085607 0.177731
0.186663 0.085550 0.177639
0.186810 0.085493 0.177547
0.186958 0.085398 0.177554
0.187105 0.085341 0.177462
0.187252 0.085284 0.177370
0.187398 0.085227 0.177278
0.187546 0.085132 0.177286
0.187692 0.085075 0.177194
0.187839 0.085018 0.177102
0.187986 0.084924 0.177111
0.188132 0.084830 0.177120
0.188278 0.084773 0.177028
0.188424 0.084679 0.177038
0.188570 0.084622 0.176946
0.188715 0.084529 0.176956
0.188861 0.084472 0.176865
0.189005 0.084378 0.176875
0.189151 0.084322 0.176783
0.189296 0.084265 0.176692
0.189440 0.084172 0.176703
0.189585 0.084116 0.176612
0.189730 0.084059 0.176520
0.189873 0.083966 0.176532
0.190018 0.083910 0.176441
0.190163 0.083853 0.176349
0.190308 0.083797 0.176258
0.190453 0.083740 0.176167
0.190598 0.083684 0.176076
0.190743 0.083628 0.175985
0.190889 0.083571 0.175894
0.191034 0.083515 0.175803
0.191179 0.083458 0.175712
0.191324 0.083402 0.175621
0.191469 0.083345 0.175529
0.191614 0.083289 0.175438
0.191759 0.083232 0.175347
0.191904 0.083176 0.175256
0.192054 0.083154 0.175061
0.192205 0.083133 0.174865
0.192351 0.083076 0.174773
0.192496 0.083019 0.174682
0.192648 0.082997 0.174486
0.192800 0.082975 0.174289
0.192946 0.082918 0.174198
0.193099 0.082896 0.174001
0.193245 0.082839 0.173909
0.193391 0.082782 0.173817
0.193544 0.082760 0.173620
0.193691 0.082703 0.173528
0.193845 0.082680 0.173330
0.193999 0.082657 0.173132
0.194146 0.082600 0.173040
0.194293 0.082543 0.172947
0.194439 0.082485 0.172855
0.194595 0.082462 0.172657
0.194751 0.082438 0.172458
0.194908 0.082414 0.172258
0.195055 0.082357 0.172166
0.195222 0.082366 0.171859
0.195389 0.082375 0.171552
0.195558 0.082384 0.171244
0.195727 0.082392 0.170935
0.195897 0.082400 0.170627
0.196068 0.082408 0.170317
0.196240 0.082415 0.170007
0.196412 0.082422 0.169697
0.196574 0.082396 0.169494
0.196725 0.082338 0.169399
0.196899 0.082344 0.169088
0.197063 0.082318 0.168884
0.197226 0.082291 0.168680
0.197390 0.082264 0.168476
0.197555 0.082237 0.168272
0.197720 0.082210 0.168068
0.197898 0.082215 0.167754
0.198064 0.082188 0.167548
0.198217 0.082128 0.167452
0.198383 0.082100 0.167247
0.198550 0.082072 0.167041
0.198703 0.082013 0.166945
0.198871 0.081985 0.166738
0.199024 0.081925 0.166642
0.199192 0.081897 0.166435
0.199361 0.081868 0.166228
0.199530 0.081839 0.166021
0.199699 0.081811 0.165814
0.199869 0.081782 0.165606
0.200039 0.081752 0.165398
0.200226 0.081754 0.165079
0.200397 0.081724 0.164871
0.200585 0.081725 0.164551
0.200757 0.081696 0.164341
0.200930 0.081665 0.164132
0.201120 0.081666 0.163811
0.201293 0.081635 0.163600
0.201450 0.081574 0.163502
0.201642 0.081574 0.163179
0.201817 0.081543 0.162969
0.201992 0.081512 0.162757
0.202168 0.081480 0.162546
0.202362 0.081479 0.162222
0.202539 0.081447 0.162010
0.167046 0.099631 0.171648
0.167300 0.099422 0.171792
0.167483 0.099351 0.171677
0.167966 0.098684 0.172689
0.168214 0.098477 0.172837
0.168462 0.098270 0.172984
0.168686 0.098109 0.173046
0.168910 0.097948 0.173108
0.169154 0.097742 0.173258
0.169375 0.097582 0.173321
0.169618 0.097378 0.173473
0.169794 0.097309 0.173362
0.170035 0.097105 0.173514
0.170274 0.096901 0.173668
0.170512 0.096698 0.173822
0.170810 0.096361 0.174241
0.171085 0.096069 0.174574
0.171379 0.095734 0.174997
0.171650 0.095444 0.175332
0.171880 0.095244 0.175492
0.172088 0.095089 0.175563
0.172316 0.094890 0.175723
0.172504 0.094780 0.175706
0.172710 0.094626 0.175779
0.172897 0.094517 0.175763
0.173102 0.094363 0.175836
0.173270 0.094298 0.175731
0.173455 0.094189 0.175716
0.173623 0.094124 0.175611
0.173826 0.093971 0.175686
0.174010 0.093862 0.175671
0.174211 0.093710 0.175747
0.174395 0.093602 0.175733
0.174595 0.093451 0.175810
0.174810 0.093256 0.175978
0.175008 0.093105 0.176055
0.175206 0.092955 0.176134
0.175434 0.092719 0.176395
0.175629 0.092569 0.176475
0.175823 0.092420 0.176555
0.176017 0.092270 0.176636
0.176194 0.092165 0.176626
0.176387 0.092016 0.176707
0.176563 0.091911 0.176698
0.176739 0.091805 0.176688
0.176915 0.091700 0.176679
0.177090 0.091595 0.176670
0.177265 0.091490 0.176662
0.177425 0.091427 0.176561
0.177600 0.091323 0.176552
0.177773 0.091218 0.176544
0.177960 0.091072 0.176630
0.178159 0.090884 0.176808
0.178318 0.090822 0.176708
0.178760 0.090282 0.177442
0.178953 0.090096 0.177624
0.179145 0.089910 0.177807
0.179313 0.089808 0.177803
0.179480 0.089706 0.177799
0.179647 0.089605 0.177795
0.179802 0.089544 0.177698
0.179969 0.089443 0.177695
0.180124 0.089382 0.177597
0.180289 0.089281 0.177594
0.180454 0.089180 0.177592
0.180619 0.089079 0.177590
0.180784 0.088978 0.177588
0.180957 0.088837 0.177681
0.181130 0.088696 0.177775
0.181283 0.088636 0.177678
0.181473 0.088415 0.177964
0.181643 0.088275 0.178059
0.181804 0.088175 0.178059
0.181973 0.088036 0.178155
0.182133 0.087937 0.178156
0.182292 0.087838 0.178157
0.182444 0.087779 0.178062
0.182595 0.087720 0.177967
0.182753 0.087622 0.177969
0.182904 0.087563 0.177874
0.183062 0.087464 0.177876
0.183213 0.087406 0.177781
0.183371 0.087308 0.177784
0.183528 0.087210 0.177786
0.183678 0.087151 0.177692
0.183840 0.087014 0.177792
0.183996 0.086917 0.177795
0.184146 0.086858 0.177701
0.184301 0.086761 0.177705
0.184461 0.086625 0.177807
0.184615 0.086528 0.177811
0.184769 0.086432 0.177816
0.184922 0.086335 0.177821
0.185075 0.086239 0.177826
0.185231 0.086104 0.177930
0.185379 0.086047 0.177837
0.185531 0.085951 0.177843
0.185682 0.085855 0.177849
0.185833 0.085760 0.177856
0.185980 0.085702 0.177763
0.186130 0.085607 0.177770
0.186278 0.085550 0.177678
0.186425 0.085492 0.177585
0.186572 0.085435 0.177493
0.186721 0.085340 0.177500
0.186868 0.085283 0.177408
0.187015 0.085226 0.177316
0.187162 0.085169 0.177223
0.187309 0.085111 0.177131
0.187455 0.085054 0.177039
0.187603 0.084960 0.177047
0.187750 0.084903 0.176955
0.187897 0.084809 0.176964
0.188043 0.084752 0.176872
0.188190 0.084658 0.176881
0.188336 0.084564 0.176890
0.188482 0.084470 0.176900
0.188628 0.084414 0.176808
0.188773 0.084320 0.176818
0.188918 0.084264 0.176727
0.189063 0.084171 0.176737
0.189208 0.084114 0.176646
0.189352 0.084021 0.176657
0.189497 0.083965 0.176566
0.189641 0.083872 0.176577
0.189786 0.083815 0.176486
0.189931 0.083759 0.176395
0.190076 0.083703 0.176304
0.190221 0.083646 0.176212
0.190366 0.083590 0.176121
0.190511 0.083533 0.176030
0.190656 0.083477 0.175939
0.190801 0.083420 0.175848
0.190946 0.083364 0.175757
0.191091 0.083307 0.175666
0.191236 0.083251 0.175575
0.191381 0.083194 0.175484
0.191526 0.083138 0.175392
0.191671 0.083081 0.175301
0.191816 0.083025 0.175210
0.191961 0.082968 0.175119
0.192112 0.082947 0.174923
0.192257 0.082890 0.174832
0.192408 0.082868 0.174636
0.192554 0.082811 0.174545
0.192706 0.082789 0.174348
0.192858 0.082767 0.174151
0.193004 0.082710 0.174060
0.193157 0.082687 0.173863
0.193303 0.082630 0.173771
0.193456 0.082608 0.173573
0.193602 0.082551 0.173481
0.193756 0.082527 0.173284
0.193911 0.082504 0.173085
0.194058 0.082447 0.172993
0.194204 0.082390 0.172901
0.194351 0.082333 0.172809
0.194506 0.082309 0.172610
0.194662 0.082285 0.172411
0.194809 0.082228 0.172319
0.194966 0.082204 0.172119
0.195133 0.082213 0.171812
0.195290 0.082188 0.171612
0.195458 0.082197 0.171304
0.195627 0.082205 0.170996
0.195796 0.082212 0.170687
0.195967 0.082219 0.170378
0.196138 0.082226 0.170068
0.196310 0.082233 0.169757
0.196472 0.082207 0.169555
0.196634 0.082181 0.169352
0.196796 0.082154 0.169149
0.196959 0.082128 0.168945
0.197135 0.082133 0.168633
0.197299 0.082106 0.168428
0.197475 0.082111 0.168115
0.197640 0.082084 0.167910
0.197806 0.082056 0.167705
0.197971 0.082029 0.167500
0.198138 0.082001 0.167295
0.198304 0.081973 0.167089
0.198457 0.081913 0.166992
0.198611 0.081853 0.166896
0.198778 0.081825 0.166690
0.198932 0.081765 0.166593
0.199100 0.081737 0.166387
0.199268 0.081708 0.166180
0.199437 0.081679 0.165973
0.199606 0.081650 0.165765
0.199776 0.081621 0.165557
0.199946 0.081591 0.165349
0.200132 0.081593 0.165030
0.200303 0.081563 0.164822
0.200491 0.081564 0.164501
0.200663 0.081533 0.164292
0.200852 0.081533 0.163971
0.201025 0.081503 0.163761
0.201199 0.081472 0.163551
0.201355 0.081411 0.163452
0.201547 0.081410 0.163130
0.201722 0.081379 0.162919
0.201915 0.081378 0.162595
0.202091 0.081346 0.162384
0.202267 0.081314 0.162172
0.202443 0.081282 0.161960
0.166959 0.099394 0.171677
0.167143 0.099323 0.171561
0.167857 0.098496 0.172632
0.168106 0.098289 0.172780
0.168354 0.098083 0.172928
0.168578 0.097923 0.172989
0.168802 0.097762 0.173052
0.169047 0.097557 0.173202
0.169268 0.097398 0.173265
0.169511 0.097194 0.173417
0.169688 0.097125 0.173306
0.169928 0.096921 0.173459
0.170168 0.096718 0.173612
0.170406 0.096516 0.173766
0.170705 0.096180 0.174186
0.170981 0.095890 0.174520
0.171275 0.095556 0.174943
0.171547 0.095267 0.175278
0.171777 0.095068 0.175438
0.172006 0.094869 0.175598
0.172233 0.094671 0.175759
0.172440 0.094517 0.175832
0.172628 0.094407 0.175815
0.172815 0.094298 0.175799
0.173001 0.094189 0.175784
0.173187 0.094080 0.175768
0.173354 0.094015 0.175663
0.173540 0.093906 0.175648
0.173725 0.093797 0.175633
0.173909 0.093689 0.175618
0.174111 0.093537 0.175694
0.174312 0.093386 0.175771
0.174512 0.093235 0.175848
0.174711 0.093084 0.175925
0.174909 0.092934 0.176003
0.175123 0.092741 0.176173
0.175335 0.092548 0.176343
0.175531 0.092399 0.176423
0.175725 0.092250 0.176504
0.175919 0.092102 0.176585
0.176112 0.091953 0.176666
0.176289 0.091848 0.176656
0.176466 0.091743 0.176647
0.176642 0.091637 0.176637
0.176818 0.091532 0.176628
0.176993 0.091428 0.176619
0.177154 0.091365 0.176518
0.177328 0.091260 0.176510
0.177503 0.091156 0.176502
0.177677 0.091052 0.176494
0.177863 0.090906 0.176579
0.178063 0.090719 0.176758
0.178222 0.090657 0.176658
0.178470 0.090304 0.177211
0.178665 0.090118 0.177393
0.178859 0.089933 0.177575
0.179051 0.089748 0.177758
0.179219 0.089646 0.177754
0.179386 0.089545 0.177750
0.179553 0.089443 0.177746
0.179709 0.089383 0.177649
0.179875 0.089281 0.177646
0.180030 0.089221 0.177548
0.180185 0.089161 0.177451
0.180351 0.089060 0.177448
0.180516 0.088959 0.177446
0.180690 0.088817 0.177539
0.180864 0.088677 0.177632
0.181037 0.088536 0.177726
0.181200 0.088436 0.177725
0.181372 0.088296 0.177820
0.181543 0.088157 0.177915
0.181713 0.088017 0.178011
0.181882 0.087878 0.178108
0.182042 0.087779 0.178108
0.182193 0.087720 0.178013
0.182352 0.087622 0.178014
0.182504 0.087563 0.177920
0.182662 0.087465 0.177921
0.182813 0.087406 0.177826
0.182964 0.087347 0.177731
0.183122 0.087249 0.177734
0.183280 0.087151 0.177736
0.183430 0.087092 0.177641
0.183587 0.086995 0.177644
0.183744 0.086897 0.177647
0.183900 0.086800 0.177650
0.184055 0.086703 0.177654
0.184211 0.086606 0.177658
0.184366 0.086509 0.177662
0.184525 0.086374 0.177764
0.184679 0.086277 0.177769
0.184837 0.086142 0.177872
0.184990 0.086046 0.177878
0.185142 0.085950 0.177883
0.185294 0.085855 0.177889
0.185446 0.085759 0.177895
0.185597 0.085664 0.177902
0.185744 0.085606 0.177809
0.185891 0.085549 0.177717
0.186039 0.085492 0.177624
0.186189 0.085397 0.177631
0.186336 0.085339 0.177539
0.186483 0.085282 0.177446
0.186630 0.085225 0.177354
0.186777 0.085168 0.177261
0.186924 0.085110 0.177169
0.187071 0.085053 0.177077
0.187218 0.084996 0.176984
0.187366 0.084938 0.176892
0.187513 0.084881 0.176799
0.187661 0.084787 0.176808
0.187808 0.084693 0.176817
0.187955 0.084636 0.176724
0.188102 0.084542 0.176734
0.188248 0.084449 0.176743
0.188394 0.084355 0.176752
0.188540 0.084262 0.176762
0.188685 0.084169 0.176772
0.188830 0.084076 0.176783
0.188975 0.084019 0.176691
0.189119 0.083927 0.176702
0.189264 0.083870 0.176611
0.189408 0.083778 0.176622
0.189553 0.083721 0.176531
0.189698 0.083665 0.176440
0.189843 0.083608 0.176349
0.189988 0.083552 0.176258
0.190131 0.083460 0.176270
0.190275 0.083403 0.176179
0.190423 0.083382 0.175984
0.190568 0.083326 0.175893
0.190713 0.083269 0.175802
0.190858 0.083213 0.175711
0.191004 0.083156 0.175620
0.191149 0.083100 0.175529
0.191294 0.083043 0.175438
0.191439 0.082987 0.175347
0.191584 0.082930 0.175256
0.191729 0.082874 0.175164
0.191874 0.082818 0.175073
0.192019 0.082761 0.174982
0.192170 0.082739 0.174786
0.192315 0.082682 0.174695
0.192466 0.082660 0.174499
0.192612 0.082603 0.174407
0.192763 0.082581 0.174211
0.192916 0.082558 0.174014
0.193062 0.082501 0.173922
0.193214 0.082478 0.173725
0.193368 0.082455 0.173527
0.193514 0.082398 0.173435
0.193668 0.082375 0.173237
0.193822 0.082352 0.173039
0.193969 0.082294 0.172947
0.194116 0.082237 0.172855
0.194262 0.082180 0.172763
0.194418 0.082156 0.172564
0.194574 0.082132 0.172365
0.194721 0.082075 0.172272
0.194877 0.082051 0.172073
0.195034 0.082026 0.171873
0.195201 0.082034 0.171565
0.195359 0.082010 0.171365
0.195537 0.082050 0.170949
0.195696 0.082024 0.170748
0.195866 0.082031 0.170438
0.196037 0.082038 0.170128
0.196209 0.082044 0.169818
0.196370 0.082018 0.169615
0.196532 0.081992 0.169412
0.196705 0.081997 0.169101
0.196868 0.081971 0.168897
0.197043 0.081976 0.168585
0.197207 0.081948 0.168380
0.197384 0.081953 0.168067
0.197548 0.081925 0.167862
0.197714 0.081897 0.167657
0.197892 0.081901 0.167342
0.198058 0.081873 0.167137
0.198212 0.081813 0.167040
0.198365 0.081754 0.166944
0.198532 0.081725 0.166738
0.198685 0.081665 0.166641
0.198839 0.081606 0.166545
0.199007 0.081577 0.166338
0.199175 0.081548 0.166131
0.199344 0.081519 0.165924
0.199513 0.081490 0.165716
0.199682 0.081460 0.165509
0.199852 0.081431 0.165301
0.200023 0.081401 0.165092
0.200209 0.081401 0.164772
0.200381 0.081371 0.164564
0.200569 0.081371 0.164243
0.200741 0.081341 0.164033
0.200947 0.081370 0.163600
0.201121 0.081339 0.163389
0.201278 0.081278 0.163291
0.201452 0.081247 0.163080
0.201627 0.081215 0.162869
0.201820 0.081213 0.162545
0.201995 0.081182 0.162334
0.202171 0.081150 0.162122
0.202348 0.081117 0.161910
0.202525 0.081085 0.161697
0.166592 0.099412 0.171475
0.166848 0.099203 0.171618
0.167032 0.099132 0.171503
0.167771 0.098263 0.172662
0.167997 0.098102 0.172723
0.168246 0.097897 0.172871
0.168470 0.097736 0.172933
0.168694 0.097577 0.172995
0.168939 0.097372 0.173146
0.169161 0.097213 0.173209
0.169404 0.097010 0.173361
0.169581 0.096941 0.173250
0.169822 0.096738 0.173403
0.170062 0.096536 0.173557
0.170300 0.096334 0.173711
0.170600 0.095999 0.174131
0.170877 0.095710 0.174465
0.171049 0.095643 0.174356
0.171694 0.094847 0.175473
0.171923 0.094649 0.175634
0.172151 0.094451 0.175795
0.172358 0.094298 0.175868
0.172545 0.094189 0.175852
0.172732 0.094080 0.175836
0.172900 0.094014 0.175731
0.173086 0.093906 0.175715
0.173272 0.093797 0.175700
0.173457 0.093689 0.175685
0.173624 0.093624 0.175580
0.173826 0.093472 0.175656
0.174028 0.093321 0.175732
0.174229 0.093170 0.175809
0.174429 0.093020 0.175886
0.174628 0.092870 0.175964
0.174826 0.092720 0.176042
0.175040 0.092527 0.176212
0.175237 0.092378 0.176292
0.175448 0.092187 0.176463
0.175643 0.092039 0.176544
0.175821 0.091933 0.176533
0.176014 0.091785 0.176615
0.176191 0.091680 0.176605
0.176368 0.091575 0.176596
0.176544 0.091470 0.176586
0.176720 0.091365 0.176577
0.176881 0.091302 0.176476
0.177057 0.091198 0.176467
0.177232 0.091093 0.176459
0.177406 0.090989 0.176451
0.177580 0.090885 0.176443
0.177767 0.090739 0.176529
0.177980 0.090511 0.176801
0.178139 0.090450 0.176701
0.178374 0.090140 0.177162
0.178570 0.089955 0.177343
0.178764 0.089770 0.177525
0.178957 0.089586 0.177709
0.179125 0.089484 0.177705
0.179293 0.089383 0.177701
0.179460 0.089282 0.177697
0.179615 0.089221 0.177600
0.179770 0.089161 0.177502
0.179936 0.089060 0.177499
0.180092 0.088999 0.177402
0.180257 0.088898 0.177399
0.180422 0.088798 0.177397
0.180597 0.088657 0.177490
0.180771 0.088517 0.177584
0.180935 0.088417 0.177582
0.181108 0.088277 0.177677
0.181280 0.088137 0.177772
0.181451 0.087998 0.177867
0.181621 0.087859 0.177963
0.181781 0.087760 0.177964
0.181942 0.087661 0.177964
0.182102 0.087563 0.177965
0.182261 0.087464 0.177967
0.182412 0.087406 0.177872
0.182564 0.087347 0.177777
0.182722 0.087249 0.177779
0.182873 0.087190 0.177684
0.183031 0.087092 0.177686
0.183182 0.087033 0.177591
0.183339 0.086936 0.177594
0.183496 0.086838 0.177597
0.183653 0.086741 0.177600
0.183809 0.086644 0.177603
0.183965 0.086547 0.177607
0.184120 0.086450 0.177610
0.184275 0.086353 0.177615
0.184435 0.086219 0.177717
0.184589 0.086122 0.177722
0.184747 0.085988 0.177825
0.184900 0.085892 0.177831
0.185053 0.085797 0.177836
0.185205 0.085701 0.177842
0.185357 0.085606 0.177849
0.185508 0.085510 0.177855
0.185655 0.085453 0.177762
0.185802 0.085396 0.177670
0.185950 0.085338 0.177577
0.186097 0.085281 0.177485
0.186244 0.085224 0.177392
0.186392 0.085166 0.177300
0.186539 0.085109 0.177207
0.186688 0.085015 0.177215
0.186835 0.084957 0.177123
0.186983 0.084900 0.177030
0.187130 0.084843 0.176938
0.187277 0.084785 0.176845
0.187424 0.084728 0.176753
0.187572 0.084634 0.176761
0.187719 0.084540 0.176770
0.187866 0.084483 0.176678
0.188013 0.084353 0.176789
0.188160 0.084260 0.176798
0.188306 0.084167 0.176808
0.188451 0.084074 0.176818
0.188596 0.083981 0.176828
0.188742 0.083925 0.176737
0.188887 0.083868 0.176645
0.189032 0.083775 0.176656
0.189177 0.083719 0.176565
0.189320 0.083627 0.176576
0.189465 0.083570 0.176485
0.189611 0.083514 0.176394
0.189756 0.083457 0.176303
0.189898 0.083365 0.176315
0.190043 0.083309 0.176224
0.190188 0.083253 0.176133
0.190336 0.083231 0.175939
0.190481 0.083175 0.175847
0.190626 0.083118 0.175756
0.190771 0.083062 0.175665
0.190916 0.083005 0.175574
0.191057 0.082914 0.175587
0.191202 0.082858 0.175496
0.191347 0.082801 0.175405
0.191496 0.082780 0.175210
0.191641 0.082723 0.175119
0.191786 0.082667 0.175027
0.191931 0.082610 0.174936
0.192076 0.082554 0.174845
0.192227 0.082531 0.174649
0.192372 0.082475 0.174558
0.192524 0.082452 0.174361
0.192675 0.082429 0.174165
0.192821 0.082373 0.174073
0.192974 0.082350 0.173876
0.193126 0.082327 0.173679
0.193280 0.082303 0.173481
0.193426 0.082246 0.173389
0.193580 0.082223 0.173191
0.193734 0.082199 0.172993
0.193881 0.082142 0.172901
0.194027 0.082085 0.172808
0.194174 0.082028 0.172716
0.194329 0.082004 0.172517
0.194485 0.081979 0.172318
0.194632 0.081922 0.172226
0.194788 0.081897 0.172026
0.194945 0.081873 0.171826
0.195102 0.081848 0.171626
0.195269 0.081855 0.171318
0.195437 0.081863 0.171010
0.195596 0.081837 0.170808
0.195766 0.081844 0.170499
0.195936 0.081850 0.170189
0.196096 0.081824 0.169987
0.196268 0.081830 0.169676
0.196430 0.081803 0.169473
0.196603 0.081808 0.169162
0.196777 0.081813 0.168849
0.196940 0.081786 0.168646
0.197115 0.081790 0.168332
0.197279 0.081763 0.168128
0.197456 0.081767 0.167814
0.197634 0.081770 0.167499
0.197800 0.081742 0.167294
0.197966 0.081714 0.167088
0.198119 0.081654 0.166992
0.198286 0.081625 0.166786
0.198439 0.081566 0.166689
0.198593 0.081506 0.166593
0.198760 0.081477 0.166386
0.198914 0.081417 0.166290
0.199082 0.081388 0.166083
0.199236 0.081328 0.165986
0.199405 0.081299 0.165778
0.199574 0.081269 0.165571
0.199759 0.081270 0.165252
0.199929 0.081240 0.165043
0.200100 0.081210 0.164835
0.200287 0.081209 0.164514
0.200475 0.081209 0.164194
0.200647 0.081178 0.163984
0.200836 0.081177 0.163662
0.201009 0.081146 0.163452
0.201166 0.081085 0.163353
0.201357 0.081083 0.163030
0.201532 0.081052 0.162819
0.201724 0.081049 0.162496
0.201900 0.081017 0.162284
0.202076 0.080985 0.162072
0.202252 0.080953 0.161860
0.202429 0.080920 0.161647
0.166481 0.099220 0.171417
0.166665 0.099149 0.171301
0.167111 0.098578 0.172138
0.167364 0.098372 0.172284
0.167662 0.098075 0.172605
0.167889 0.097915 0.172666
0.168115 0.097755 0.172727
0.168362 0.097550 0.172876
0.168586 0.097391 0.172939
0.168810 0.097232 0.173002
0.169032 0.097073 0.173065
0.169275 0.096870 0.173217
0.169452 0.096801 0.173106
0.169694 0.096599 0.173259
0.169934 0.096397 0.173413
0.170110 0.096329 0.173302
0.170772 0.095530 0.174410
0.170945 0.095463 0.174302
0.171612 0.094627 0.175508
0.171841 0.094429 0.175669
0.172069 0.094232 0.175831
0.172276 0.094080 0.175904
0.172444 0.094014 0.175799
0.172631 0.093905 0.175783
0.172817 0.093797 0.175767
0.173004 0.093688 0.175752
0.173189 0.093580 0.175737
0.173356 0.093515 0.175632
0.173541 0.093407 0.175617
0.173744 0.093256 0.175693
0.173945 0.093105 0.175770
0.174146 0.092955 0.175847
0.174346 0.092805 0.175925
0.174545 0.092655 0.176003
0.174744 0.092506 0.176081
0.174941 0.092357 0.176160
0.175154 0.092166 0.176331
0.175350 0.092018 0.176412
0.175545 0.091870 0.176492
0.175723 0.091764 0.176482
0.175917 0.091617 0.176564
0.176094 0.091512 0.176554
0.176271 0.091407 0.176545
0.176447 0.091302 0.176535
0.176623 0.091197 0.176526
0.176784 0.091135 0.176425
0.176960 0.091030 0.176417
0.177135 0.090926 0.176408
0.177309 0.090822 0.176400
0.177483 0.090718 0.176392
0.177684 0.090532 0.176571
0.177884 0.090346 0.176751
0.178043 0.090284 0.176651
0.178279 0.089976 0.177112
0.178475 0.089791 0.177293
0.178670 0.089607 0.177476
0.178863 0.089424 0.177659
0.179031 0.089322 0.177655
0.179199 0.089221 0.177652
0.179366 0.089120 0.177648
0.179521 0.089060 0.177551
0.179676 0.088999 0.177453
0.179843 0.088898 0.177450
0.179998 0.088838 0.177353
0.180164 0.088737 0.177350
0.180329 0.088637 0.177348
0.180494 0.088537 0.177346
0.180669 0.088397 0.177440
0.180842 0.088257 0.177534
0.181015 0.088117 0.177628
0.181187 0.087978 0.177723
0.181359 0.087839 0.177819
0.181529 0.087701 0.177915
0.181690 0.087602 0.177916
0.181850 0.087504 0.177916
0.182010 0.087405 0.177918
0.182170 0.087307 0.177919
0.182321 0.087248 0.177824
0.182472 0.087189 0.177729
0.182631 0.087092 0.177731
0.182782 0.087033 0.177636
0.182940 0.086935 0.177638
0.183091 0.086876 0.177544
0.183249 0.086779 0.177546
0.183406 0.086682 0.177549
0.183562 0.086585 0.177552
0.183719 0.086488 0.177556
0.183875 0.086391 0.177559
0.184030 0.086295 0.177563
0.184185 0.086198 0.177567
0.184345 0.086064 0.177670
0.184499 0.085968 0.177675
0.184658 0.085834 0.177779
0.184811 0.085738 0.177784
0.184968 0.085605 0.177888
0.185116 0.085547 0.177796
0.185272 0.085415 0.177901
0.185419 0.085357 0.177808
0.185566 0.085300 0.177716
0.185714 0.085243 0.177623
0.185861 0.085185 0.177531
0.186008 0.085128 0.177438
0.186155 0.085070 0.177346
0.186303 0.085013 0.177253
0.186450 0.084956 0.177161
0.186597 0.084898 0.177068
0.186745 0.084841 0.176976
0.186892 0.084784 0.176883
0.187039 0.084726 0.176791
0.187187 0.084669 0.176698
0.187335 0.084575 0.176706
0.187483 0.084481 0.176715
0.187631 0.084388 0.176724
0.187778 0.084294 0.176733
0.187925 0.084201 0.176742
0.188072 0.084108 0.176752
0.188218 0.084015 0.176762
0.188363 0.083922 0.176772
0.188509 0.083830 0.176782
0.188654 0.083773 0.176691
0.188799 0.083681 0.176702
0.188944 0.083624 0.176610
0.189089 0.083568 0.176519
0.189233 0.083476 0.176530
0.189378 0.083419 0.176439
0.189523 0.083363 0.176348
0.189668 0.083306 0.176257
0.189811 0.083215 0.176269
0.189956 0.083158 0.176178
0.190101 0.083102 0.176087
0.190245 0.083046 0.175996
0.190390 0.082989 0.175905
0.190535 0.082933 0.175814
0.190680 0.082876 0.175723
0.190825 0.082820 0.175632
0.190970 0.082764 0.175541
0.191114 0.082707 0.175450
0.191259 0.082651 0.175359
0.191409 0.082629 0.175164
0.191554 0.082572 0.175073
0.191699 0.082516 0.174982
0.191844 0.082459 0.174891
0.191989 0.082403 0.174799
0.192134 0.082346 0.174708
0.192285 0.082324 0.174512
0.192436 0.082301 0.174315
0.192581 0.082244 0.174224
0.192733 0.082221 0.174027
0.192886 0.082198 0.173830
0.193038 0.082175 0.173632
0.193191 0.082151 0.173435
0.193338 0.082094 0.173343
0.193491 0.082070 0.173145
0.193645 0.082046 0.172946
0.193792 0.081989 0.172854
0.193939 0.081932 0.172762
0.194085 0.081875 0.172670
0.194240 0.081851 0.172471
0.194387 0.081794 0.172379
0.194543 0.081769 0.172179
0.194699 0.081744 0.171980
0.194847 0.081687 0.171887
0.195013 0.081694 0.171579
0.195170 0.081669 0.171379
0.195338 0.081676 0.171070
0.195506 0.081682 0.170761
0.195665 0.081657 0.170560
0.195835 0.081663 0.170250
0.196006 0.081668 0.169940
0.196167 0.081642 0.169737
0.196339 0.081647 0.169426
0.196500 0.081620 0.169223
0.196674 0.081624 0.168910
0.196848 0.081629 0.168598
0.197012 0.081601 0.168394
0.197188 0.081605 0.168080
0.197364 0.081608 0.167766
0.197529 0.081580 0.167561
0.197707 0.081583 0.167245
0.197873 0.081554 0.167040
0.198027 0.081494 0.166943
0.198193 0.081466 0.166737
0.198347 0.081406 0.166641
0.198500 0.081346 0.166544
0.198654 0.081286 0.166448
0.198821 0.081257 0.166241
0.198975 0.081197 0.166145
0.199143 0.081168 0.165937
0.199297 0.081108 0.165841
0.199481 0.081109 0.165522
0.199650 0.081079 0.165314
0.199820 0.081049 0.165106
0.200006 0.081048 0.164786
0.200177 0.081018 0.164577
0.200365 0.081017 0.164256
0.200553 0.081016 0.163934
0.200725 0.080985 0.163725
0.200915 0.080983 0.163402
0.201072 0.080922 0.163304
0.201245 0.080890 0.163093
0.201437 0.080888 0.162770
0.201629 0.080885 0.162446
0.201805 0.080853 0.162234
0.201980 0.080821 0.162022
0.202157 0.080788 0.161810
0.202333 0.080755 0.161597
0.167025 0.098344 0.172168
0.167254 0.098183 0.172227
0.167553 0.097888 0.172548
0.167780 0.097728 0.172609
0.168006 0.097568 0.172670
0.168232 0.097409 0.172732
0.168456 0.097250 0.172795
0.168702 0.097047 0.172946
0.168925 0.096889 0.173009
0.169146 0.096731 0.173073
0.169389 0.096529 0.173226
0.169588 0.096416 0.173203
0.169807 0.096259 0.173269
0.169983 0.096190 0.173158
0.170689 0.095307 0.174444
0.170862 0.095240 0.174336
0.171550 0.094363 0.175633
0.171759 0.094210 0.175705
0.172007 0.093970 0.175956
0.172175 0.093905 0.175851
0.172362 0.093796 0.175835
0.172549 0.093688 0.175820
0.172735 0.093579 0.175804
0.172921 0.093471 0.175789
0.173088 0.093406 0.175684
0.173274 0.093298 0.175670
0.173459 0.093190 0.175655
0.173661 0.093040 0.175731
0.173863 0.092890 0.175808
0.174064 0.092740 0.175885
0.174264 0.092591 0.175963
0.174463 0.092441 0.176042
0.174661 0.092293 0.176120
0.174859 0.092144 0.176200
0.175072 0.091954 0.176371
0.175268 0.091806 0.176452
0.175447 0.091701 0.176441
0.175641 0.091553 0.176522
0.175819 0.091448 0.176513
0.175996 0.091343 0.176503
0.176173 0.091239 0.176493
0.176350 0.091134 0.176484
0.176526 0.091030 0.176475
0.176687 0.090967 0.176374
0.176863 0.090863 0.176366
0.177038 0.090759 0.176358
0.177212 0.090655 0.176350
0.177400 0.090510 0.176435
0.177601 0.090325 0.176614
0.177801 0.090140 0.176794
0.177960 0.090078 0.176694
0.178197 0.089771 0.177155
0.178393 0.089587 0.177337
0.178588 0.089404 0.177520
0.178769 0.089262 0.177610
0.178937 0.089160 0.177606
0.179105 0.089059 0.177602
0.179272 0.088958 0.177599
0.179427 0.088898 0.177502
0.179583 0.088838 0.177404
0.179749 0.088737 0.177401
0.179904 0.088677 0.177304
0.180070 0.088576 0.177301
0.180225 0.088516 0.177204
0.180401 0.088376 0.177297
0.180576 0.088236 0.177391
0.180740 0.088137 0.177390
0.180913 0.087998 0.177484
0.181086 0.087859 0.177579
0.181257 0.087720 0.177675
0.181428 0.087582 0.177771
0.181589 0.087484 0.177772
0.181759 0.087346 0.177869
0.181919 0.087248 0.177870
0.182070 0.087189 0.177775
0.182230 0.087091 0.177776
0.182381 0.087032 0.177681
0.182540 0.086935 0.177683
0.182691 0.086876 0.177588
0.182849 0.086778 0.177591
0.183000 0.086720 0.177496
0.183158 0.086622 0.177499
0.183315 0.086525 0.177502
0.183465 0.086467 0.177407
0.183622 0.086370 0.177410
0.183778 0.086273 0.177414
0.183940 0.086139 0.177516
0.184095 0.086043 0.177520
0.184255 0.085909 0.177623
0.184410 0.085813 0.177628
0.184568 0.085680 0.177732
0.184721 0.085584 0.177737
0.184879 0.085451 0.177842
0.185031 0.085356 0.177848
0.185183 0.085261 0.177854
0.185330 0.085204 0.177762
0.185481 0.085109 0.177769
0.185628 0.085052 0.177676
0.185775 0.084995 0.177584
0.185919 0.084975 0.177392
0.186067 0.084917 0.177299
0.186214 0.084860 0.177207
0.186361 0.084803 0.177114
0.186508 0.084745 0.177022
0.186656 0.084688 0.176929
0.186803 0.084631 0.176837
0.186950 0.084573 0.176744
0.187099 0.084479 0.176752
0.187248 0.084386 0.176761
0.187395 0.084329 0.176669
0.187542 0.084235 0.176677
0.187690 0.084142 0.176687
0.187837 0.084049 0.176696
0.187984 0.083920 0.176807
0.188130 0.083828 0.176817
0.188275 0.083771 0.176726
0.188421 0.083679 0.176736
0.188566 0.083622 0.176645
0.188711 0.083530 0.176656
0.188856 0.083473 0.176564
0.189001 0.083417 0.176473
0.189145 0.083325 0.176485
0.189290 0.083268 0.176393
0.189435 0.083212 0.176302
0.189579 0.083120 0.176314
0.189723 0.083064 0.176223
0.189868 0.083008 0.176132
0.190013 0.082951 0.176041
0.190158 0.082895 0.175950
0.190303 0.082838 0.175859
0.190448 0.082782 0.175768
0.190592 0.082726 0.175677
0.190737 0.082669 0.175586
0.190882 0.082613 0.175495
0.191031 0.082591 0.175300
0.191176 0.082534 0.175209
0.191321 0.082478 0.175118
0.191466 0.082421 0.175027
0.191611 0.082365 0.174936
0.191756 0.082308 0.174845
0.191901 0.082252 0.174754
0.192046 0.082195 0.174662
0.192197 0.082173 0.174466
0.192348 0.082150 0.174269
0.192494 0.082093 0.174178
0.192645 0.082070 0.173981
0.192797 0.082046 0.173784
0.192950 0.082023 0.173586
0.193103 0.081999 0.173388
0.193249 0.081942 0.173297
0.193403 0.081918 0.173098
0.193557 0.081894 0.172900
0.193703 0.081837 0.172808
0.193850 0.081780 0.172716
0.193997 0.081722 0.172624
0.194152 0.081698 0.172424
0.194299 0.081641 0.172332
0.194454 0.081616 0.172133
0.194610 0.081591 0.171933
0.194758 0.081534 0.171840
0.194914 0.081508 0.171640
0.195081 0.081515 0.171332
0.195239 0.081490 0.171131
0.195407 0.081496 0.170822
0.195575 0.081502 0.170513
0.195735 0.081475 0.170311
0.195905 0.081481 0.170001
0.196076 0.081486 0.169690
0.196237 0.081459 0.169487
0.196410 0.081463 0.169175
0.196583 0.081467 0.168863
0.196746 0.081440 0.168659
0.196920 0.081443 0.168346
0.197084 0.081415 0.168141
0.197260 0.081418 0.167827
0.197437 0.081421 0.167512
0.197602 0.081393 0.167307
0.197768 0.081364 0.167101
0.197934 0.081335 0.166895
0.198087 0.081275 0.166799
0.198241 0.081216 0.166702
0.198408 0.081187 0.166496
0.198561 0.081127 0.166399
0.198715 0.081067 0.166303
0.198868 0.081007 0.166207
0.199036 0.080978 0.165999
0.199204 0.080948 0.165792
0.199373 0.080918 0.165584
0.199557 0.080918 0.165265
0.199727 0.080888 0.165057
0.199897 0.080857 0.164848
0.200083 0.080856 0.164528
0.200271 0.080855 0.164207
0.200442 0.080824 0.163997
0.200631 0.080822 0.163675
0.200820 0.080820 0.163353
0.200977 0.080759 0.163254
0.201151 0.080727 0.163043
0.201342 0.080724 0.162720
0.201517 0.080692 0.162508
0.201692 0.080660 0.162297
0.201885 0.080656 0.161972
0.202061 0.080623 0.161759
0.202238 0.080590 0.161547
0.202415 0.080557 0.161334
0.166916 0.098155 0.172110
0.167145 0.097994 0.172170
0.167421 0.097745 0.172404
0.167648 0.097585 0.172465
0.167898 0.097382 0.172614
0.168123 0.097223 0.172676
0.168348 0.097064 0.172738
0.168572 0.096906 0.172802
0.168795 0.096748 0.172865
0.169017 0.096590 0.172929
0.169283 0.096345 0.173170
0.169459 0.096276 0.173059
0.169679 0.096120 0.173125
0.169855 0.096051 0.173014
0.170264 0.095501 0.173878
0.170606 0.095084 0.174479
0.170778 0.095017 0.174370
0.171469 0.094144 0.175669
0.171678 0.093991 0.175741
0.171906 0.093796 0.175903
0.172093 0.093687 0.175887
0.172261 0.093622 0.175782
0.172467 0.093471 0.175856
0.172654 0.093363 0.175841
0.172821 0.093297 0.175736
0.173006 0.093190 0.175722
0.173192 0.093082 0.175707
0.173377 0.092974 0.175693
0.173579 0.092825 0.175769
0.173781 0.092675 0.175846
0.173982 0.092526 0.175924
0.174182 0.092377 0.176002
0.174381 0.092228 0.176081
0.174579 0.092080 0.176160
0.174777 0.091932 0.176239
0.174974 0.091784 0.176320
0.175170 0.091637 0.176400
0.175365 0.091490 0.176481
0.175543 0.091385 0.176471
0.175721 0.091280 0.176461
0.175899 0.091175 0.176452
0.176076 0.091071 0.176442
0.176252 0.090966 0.176433
0.176429 0.090862 0.176425
0.176590 0.090800 0.176323
0.176765 0.090696 0.176315
0.176941 0.090592 0.176307
0.177115 0.090488 0.176299
0.177304 0.090344 0.176384
0.177505 0.090159 0.176563
0.177705 0.089974 0.176743
0.177904 0.089790 0.176924
0.178102 0.089607 0.177106
0.178298 0.089424 0.177288
0.178493 0.089241 0.177471
0.178675 0.089100 0.177561
0.178843 0.088999 0.177557
0.179011 0.088898 0.177553
0.179166 0.088837 0.177456
0.179322 0.088777 0.177358
0.179489 0.088676 0.177355
0.179644 0.088616 0.177257
0.179811 0.088515 0.177255
0.179966 0.088455 0.177157
0.180142 0.088315 0.177250
0.180308 0.088215 0.177248
0.180483 0.088076 0.177342
0.180647 0.087977 0.177341
0.180801 0.087917 0.177244
0.180993 0.087700 0.177531
0.181165 0.087562 0.177627
0.181336 0.087424 0.177723
0.181498 0.087325 0.177723
0.181658 0.087227 0.177724
0.181819 0.087129 0.177725
0.181979 0.087031 0.177727
0.182139 0.086934 0.177728
0.182290 0.086875 0.177633
0.182449 0.086777 0.177635
0.182600 0.086719 0.177541
0.182758 0.086621 0.177543
0.182909 0.086563 0.177448
0.183067 0.086466 0.177451
0.183217 0.086407 0.177356
0.183375 0.086310 0.177360
0.183531 0.086214 0.177363
0.183688 0.086117 0.177367
0.183844 0.086021 0.177371
0.183999 0.085925 0.177375
0.184160 0.085792 0.177478
0.184320 0.085658 0.177581
0.184479 0.085525 0.177685
0.184632 0.085430 0.177690
0.184790 0.085298 0.177795
0.184942 0.085203 0.177801
0.185094 0.085108 0.177808
0.185241 0.085051 0.177715
0.185392 0.084956 0.177722
0.185539 0.084899 0.177630
0.185687 0.084842 0.177537
0.185834 0.084785 0.177445
0.185981 0.084727 0.177353
0.186125 0.084707 0.177160
0.186272 0.084649 0.177068
0.186422 0.084555 0.177075
0.186569 0.084498 0.176983
0.186716 0.084441 0.176891
0.186863 0.084384 0.176798
0.187012 0.084290 0.176807
0.187160 0.084197 0.176815
0.187307 0.084140 0.176723
0.187455 0.084047 0.176732
0.187602 0.083954 0.176742
0.187749 0.083897 0.176650
0.187896 0.083769 0.176761
0.188042 0.083676 0.176771
0.188187 0.083619 0.176680
0.188333 0.083527 0.176690
0.188478 0.083471 0.176599
0.188624 0.083414 0.176508
0.188769 0.083322 0.176519
0.188914 0.083266 0.176427
0.189058 0.083174 0.176439
0.189203 0.083118 0.176348
0.189348 0.083061 0.176257
0.189491 0.082970 0.176268
0.189636 0.082913 0.176177
0.189781 0.082857 0.176086
0.189926 0.082801 0.175995
0.190071 0.082744 0.175905
0.190215 0.082688 0.175814
0.190360 0.082631 0.175723
0.190505 0.082575 0.175632
0.190650 0.082519 0.175541
0.190795 0.082462 0.175450
0.190940 0.082406 0.175359
0.191084 0.082349 0.175268
0.191229 0.082293 0.175177
0.191374 0.082237 0.175086
0.191524 0.082214 0.174890
0.191669 0.082158 0.174799
0.191814 0.082101 0.174708
0.191959 0.082045 0.174617
0.192109 0.082022 0.174420
0.192260 0.081998 0.174223
0.192406 0.081942 0.174132
0.192557 0.081918 0.173935
0.192709 0.081895 0.173738
0.192862 0.081871 0.173540
0.193015 0.081847 0.173342
0.193161 0.081790 0.173250
0.193314 0.081766 0.173052
0.193468 0.081741 0.172854
0.193615 0.081684 0.172761
0.193762 0.081627 0.172669
0.193908 0.081570 0.172577
0.194063 0.081545 0.172378
0.194210 0.081488 0.172286
0.194366 0.081463 0.172086
0.194521 0.081438 0.171886
0.194669 0.081380 0.171794
0.194825 0.081355 0.171594
0.194982 0.081329 0.171393
0.195149 0.081336 0.171085
0.195317 0.081341 0.170775
0.195476 0.081315 0.170574
0.195645 0.081320 0.170264
0.195804 0.081294 0.170062
0.195975 0.081298 0.169751
0.196146 0.081303 0.169439
0.196319 0.081307 0.169127
0.196481 0.081279 0.168924
0.196654 0.081283 0.168611
0.196817 0.081255 0.168407
0.196980 0.081227 0.168202
0.197156 0.081229 0.167888
0.197333 0.081232 0.167574
0.197498 0.081203 0.167368
0.197663 0.081174 0.167162
0.197829 0.081145 0.166956
0.197982 0.081086 0.166860
0.198148 0.081056 0.166654
0.198301 0.080997 0.166558
0.198455 0.080937 0.166461
0.198622 0.080907 0.166255
0.198775 0.080848 0.166158
0.198943 0.080818 0.165951
0.199111 0.080788 0.165743
0.199265 0.080728 0.165647
0.199449 0.080728 0.165328
0.199618 0.080697 0.165119
0.199804 0.080696 0.164799
0.199974 0.080665 0.164590
0.200161 0.080664 0.164269
0.200348 0.080662 0.163948
0.200537 0.080659 0.163626
0.200709 0.080628 0.163415
0.200866 0.080567 0.163317
0.201056 0.080564 0.162994
0.201230 0.080532 0.162783
0.201421 0.080528 0.162459
0.201596 0.080496 0.162247
0.201789 0.080491 0.161922
0.201965 0.080458 0.161709
0.202160 0.080454 0.161384
0.202319 0.080392 0.161284
0.166575 0.098126 0.171993
0.166806 0.097966 0.172053
0.167035 0.097806 0.172112
0.167288 0.097602 0.172260
0.167516 0.097442 0.172321
0.167743 0.097284 0.172382
0.167992 0.097081 0.172532
0.168194 0.096967 0.172507
0.168442 0.096765 0.172657
0.168665 0.096607 0.172721
0.168888 0.096450 0.172785
0.169198 0.096117 0.173203
0.169375 0.096049 0.173092
0.169638 0.095805 0.173334
0.169899 0.095562 0.173578
0.170159 0.095320 0.173823
0.170565 0.094774 0.174690
0.170737 0.094707 0.174583
0.171367 0.093968 0.175615
0.171596 0.093773 0.175777
0.171825 0.093578 0.175940
0.171992 0.093513 0.175834
0.172199 0.093362 0.175909
0.172386 0.093254 0.175893
0.172572 0.093146 0.175878
0.172739 0.093081 0.175774
0.172925 0.092974 0.175759
0.173110 0.092866 0.175745
0.173294 0.092759 0.175731
0.173479 0.092652 0.175717
0.173699 0.092460 0.175885
0.173900 0.092312 0.175963
0.174100 0.092163 0.176041
0.174299 0.092015 0.176120
0.174498 0.091867 0.176199
0.174695 0.091720 0.176279
0.174892 0.091573 0.176359
0.175088 0.091426 0.176440
0.175267 0.091321 0.176430
0.175446 0.091216 0.176420
0.175639 0.091070 0.176502
0.175817 0.090966 0.176493
0.175978 0.090903 0.176391
0.176155 0.090799 0.176382
0.176332 0.090695 0.176374
0.176493 0.090632 0.176272
0.176668 0.090528 0.176264
0.176858 0.090384 0.176349
0.177033 0.090281 0.176341
0.177221 0.090137 0.176427
0.177409 0.089993 0.176513
0.177610 0.089809 0.176693
0.177809 0.089626 0.176874
0.178007 0.089443 0.177056
0.178190 0.089301 0.177144
0.178386 0.089119 0.177328
0.178568 0.088978 0.177417
0.178737 0.088877 0.177413
0.178905 0.088776 0.177410
0.179073 0.088675 0.177407
0.179228 0.088615 0.177309
0.179395 0.088514 0.177306
0.179551 0.088454 0.177208
0.179717 0.088354 0.177206
0.179872 0.088293 0.177108
0.180049 0.088154 0.177201
0.180214 0.088055 0.177200
0.180390 0.087916 0.177293
0.180554 0.087816 0.177292
0.180728 0.087678 0.177387
0.180901 0.087540 0.177483
0.181073 0.087403 0.177578
0.181244 0.087265 0.177675
0.181406 0.087167 0.177675
0.181567 0.087069 0.177676
0.181727 0.086972 0.177677
0.181888 0.086874 0.177679
0.182047 0.086777 0.177681
0.182199 0.086718 0.177586
0.182358 0.086620 0.177588
0.182509 0.086562 0.177493
0.182667 0.086465 0.177495
0.182818 0.086406 0.177401
0.182969 0.086347 0.177306
0.183127 0.086251 0.177309
0.183284 0.086154 0.177312
0.183441 0.086058 0.177315
0.183597 0.085961 0.177319
0.183753 0.085865 0.177323
0.183909 0.085770 0.177327
0.184070 0.085636 0.177430
0.184230 0.085504 0.177534
0.184389 0.085371 0.177638
0.184543 0.085276 0.177644
0.184701 0.085144 0.177748
0.184853 0.085049 0.177755
0.185005 0.084955 0.177761
0.185156 0.084861 0.177768
0.185308 0.084767 0.177775
0.185455 0.084709 0.177683
0.185601 0.084652 0.177591
0.185748 0.084595 0.177498
0.185895 0.084538 0.177406
0.186042 0.084481 0.177314
0.186192 0.084387 0.177322
0.186339 0.084330 0.177230
0.186485 0.084273 0.177138
0.186632 0.084216 0.177045
0.186779 0.084159 0.176953
0.186925 0.084101 0.176861
0.187074 0.084008 0.176870
0.187221 0.083916 0.176879
0.187368 0.083859 0.176787
0.187515 0.083766 0.176797
0.187661 0.083709 0.176705
0.187808 0.083617 0.176715
0.187954 0.083525 0.176725
0.188100 0.083468 0.176634
0.188245 0.083376 0.176644
0.188391 0.083319 0.176553
0.188536 0.083263 0.176462
0.188681 0.083171 0.176473
0.188826 0.083115 0.176381
0.188970 0.083023 0.176393
0.189115 0.082967 0.176302
0.189260 0.082910 0.176211
0.189404 0.082819 0.176223
0.189549 0.082763 0.176132
0.189693 0.082706 0.176041
0.189838 0.082650 0.175950
0.189983 0.082594 0.175859
0.190128 0.082537 0.175768
0.190273 0.082481 0.175677
0.190418 0.082424 0.175586
0.190563 0.082368 0.175495
0.190707 0.082312 0.175404
0.190852 0.082255 0.175313
0.190997 0.082199 0.175222
0.191142 0.082142 0.175131
0.191287 0.082086 0.175040
0.191436 0.082063 0.174844
0.191581 0.082007 0.174753
0.191726 0.081950 0.174662
0.191871 0.081894 0.174571
0.192022 0.081870 0.174374
0.192173 0.081847 0.174177
0.192318 0.081790 0.174086
0.192470 0.081767 0.173889
0.192621 0.081743 0.173692
0.192774 0.081719 0.173494
0.192926 0.081695 0.173296
0.193073 0.081638 0.173204
0.193226 0.081613 0.173006
0.193380 0.081589 0.172807
0.193526 0.081532 0.172715
0.193673 0.081474 0.172623
0.193820 0.081417 0.172531
0.193975 0.081392 0.172332
0.194121 0.081335 0.172239
0.194277 0.081310 0.172040
0.194424 0.081253 0.171947
0.194580 0.081227 0.171747
0.194736 0.081202 0.171547
0.194893 0.081176 0.171347
0.195060 0.081181 0.171038
0.195218 0.081155 0.170837
0.195386 0.081160 0.170527
0.195545 0.081134 0.170325
0.195714 0.081138 0.170015
0.195885 0.081143 0.169704
0.196045 0.081115 0.169501
0.196217 0.081119 0.169189
0.196390 0.081122 0.168876
0.196552 0.081094 0.168672
0.196714 0.081066 0.168468
0.196889 0.081069 0.168155
0.197053 0.081041 0.167950
0.197216 0.081012 0.167745
0.197393 0.081014 0.167430
0.197558 0.080985 0.167224
0.197724 0.080956 0.167018
0.197877 0.080896 0.166922
0.198043 0.080867 0.166716
0.198196 0.080807 0.166620
0.198362 0.080778 0.166413
0.198516 0.080718 0.166317
0.198669 0.080658 0.166220
0.198836 0.080628 0.166013
0.199004 0.080598 0.165806
0.199172 0.080568 0.165598
0.199341 0.080538 0.165390
0.199525 0.080536 0.165070
0.199695 0.080506 0.164862
0.199881 0.080504 0.164541
0.200067 0.080502 0.164220
0.200238 0.080470 0.164010
0.200426 0.080468 0.163688
0.200615 0.080465 0.163366
0.200771 0.080404 0.163268
0.200945 0.080372 0.163057
0.201135 0.080368 0.162733
0.201326 0.080364 0.162409
0.201519 0.080360 0.162084
0.201712 0.080355 0.161759
0.201905 0.080351 0.161433
0.202100 0.080345 0.161107
0.202277 0.080312 0.160893
0.166465 0.097937 0.171936
0.166696 0.097777 0.171995
0.166926 0.097617 0.172055
0.167155 0.097458 0.172116
0.167383 0.097299 0.172176
0.167611 0.097141 0.172238
0.167837 0.096982 0.172300
0.168063 0.096824 0.172362
0.168311 0.096623 0.172513
0.168558 0.096422 0.172665
0.168826 0.096177 0.172905
0.169092 0.095934 0.173147
0.169268 0.095865 0.173036
0.169597 0.095492 0.173544
0.169859 0.095250 0.173789
0.170183 0.094879 0.174300
0.170504 0.094509 0.174814
0.170675 0.094442 0.174706
0.171265 0.093792 0.175562
0.171495 0.093598 0.175724
0.171724 0.093404 0.175887
0.171911 0.093296 0.175871
0.172118 0.093145 0.175945
0.172285 0.093080 0.175841
0.172471 0.092973 0.175826
0.172657 0.092865 0.175811
0.172843 0.092758 0.175797
0.173028 0.092651 0.175783
0.173231 0.092502 0.175859
0.173415 0.092395 0.175846
0.173617 0.092246 0.175923
0.173818 0.092098 0.176001
0.174018 0.091950 0.176080
0.174218 0.091803 0.176159
0.174416 0.091655 0.176239
0.174614 0.091508 0.176319
0.174811 0.091362 0.176400
0.174990 0.091257 0.176389
0.175186 0.091111 0.176471
0.175364 0.091006 0.176461
0.175542 0.090902 0.176451
0.175719 0.090798 0.176442
0.175897 0.090694 0.176433
0.176058 0.090631 0.176331
0.176234 0.090527 0.176323
0.176410 0.090424 0.176314
0.176586 0.090320 0.176306
0.176761 0.090217 0.176298
0.176951 0.090073 0.176384
0.177139 0.089930 0.176470
0.177341 0.089746 0.176649
0.177527 0.089604 0.176736
0.177727 0.089421 0.176918
0.177925 0.089239 0.177100
0.178109 0.089097 0.177189
0.178292 0.088956 0.177278
0.178474 0.088815 0.177368
0.178643 0.088714 0.177364
0.178811 0.088614 0.177361
0.178979 0.088514 0.177357
0.179134 0.088453 0.177260
0.179290 0.088392 0.177162
0.179457 0.088292 0.177159
0.179612 0.088232 0.177062
0.179779 0.088132 0.177059
0.179956 0.087993 0.177152
0.180121 0.087894 0.177151
0.180297 0.087755 0.177245
0.180461 0.087656 0.177244
0.180635 0.087519 0.177339
0.180808 0.087381 0.177434
0.180981 0.087244 0.177530
0.181153 0.087107 0.177627
0.181314 0.087009 0.177627
0.181475 0.086911 0.177628
0.181636 0.086814 0.177630
0.181796 0.086716 0.177631
0.181956 0.086619 0.177633
0.182107 0.086560 0.177538
0.182267 0.086463 0.177540
0.182418 0.086405 0.177445
0.182576 0.086308 0.177448
0.182727 0.086249 0.177353
0.182878 0.086190 0.177258
0.183036 0.086094 0.177261
0.183193 0.085998 0.177264
0.183350 0.085901 0.177268
0.183500 0.085843 0.177174
0.183663 0.085710 0.177276
0.183819 0.085614 0.177280
0.183980 0.085481 0.177383
0.184140 0.085349 0.177487
0.184294 0.085254 0.177492
0.184453 0.085122 0.177597
0.184606 0.085027 0.177603
0.184759 0.084933 0.177609
0.184916 0.084802 0.177715
0.185068 0.084708 0.177722
0.185219 0.084614 0.177729
0.185370 0.084520 0.177736
0.185520 0.084426 0.177744
0.185667 0.084369 0.177652
0.185813 0.084312 0.177560
0.185963 0.084219 0.177568
0.186109 0.084162 0.177476
0.186255 0.084105 0.177384
0.186402 0.084048 0.177292
0.186548 0.083991 0.177200
0.186694 0.083934 0.177109
0.186841 0.083877 0.177017
0.186989 0.083785 0.177026
0.187135 0.083728 0.176934
0.187281 0.083671 0.176842
0.187428 0.083579 0.176852
0.187574 0.083522 0.176761
0.187720 0.083430 0.176771
0.187866 0.083373 0.176679
0.188012 0.083316 0.176588
0.188157 0.083225 0.176598
0.188303 0.083168 0.176507
0.188448 0.083111 0.176416
0.188593 0.083020 0.176427
0.188738 0.082963 0.176335
0.188883 0.082872 0.176347
0.189028 0.082816 0.176256
0.189173 0.082759 0.176165
0.189316 0.082668 0.176177
0.189461 0.082612 0.176086
0.189606 0.082556 0.175995
0.189751 0.082499 0.175904
0.189896 0.082443 0.175813
0.190041 0.082386 0.175722
0.190185 0.082330 0.175631
0.190330 0.082274 0.175540
0.190475 0.082217 0.175449
0.190620 0.082161 0.175358
0.190765 0.082105 0.175267
0.190910 0.082048 0.175176
0.191054 0.081992 0.175085
0.191199 0.081935 0.174994
0.191344 0.081879 0.174903
0.191494 0.081856 0.174707
0.191639 0.081799 0.174616
0.191784 0.081743 0.174525
0.191934 0.081719 0.174328
0.192085 0.081696 0.174131
0.192230 0.081639 0.174040
0.192382 0.081615 0.173843
0.192533 0.081591 0.173645
0.192686 0.081567 0.173448
0.192838 0.081542 0.173250
0.192984 0.081485 0.173158
0.193138 0.081461 0.172959
0.193291 0.081436 0.172761
0.193438 0.081379 0.172669
0.193585 0.081322 0.172577
0.193731 0.081265 0.172484
0.193886 0.081240 0.172285
0.194033 0.081182 0.172193
0.194188 0.081157 0.171993
0.194335 0.081100 0.171901
0.194491 0.081074 0.171701
0.194647 0.081048 0.171500
0.194804 0.081022 0.171300
0.194970 0.081027 0.170991
0.195128 0.081001 0.170790
0.195296 0.081006 0.170480
0.195455 0.080979 0.170278
0.195624 0.080983 0.169967
0.195784 0.080956 0.169765
0.195955 0.080959 0.169453
0.196126 0.080963 0.169141
0.196288 0.080935 0.168938
0.196449 0.080907 0.168734
0.196623 0.080909 0.168421
0.196786 0.080881 0.168216
0.196949 0.080852 0.168011
0.197113 0.080824 0.167806
0.197289 0.080825 0.167491
0.197454 0.080796 0.167286
0.197619 0.080767 0.167080
0.197771 0.080707 0.166984
0.197937 0.080678 0.166778
0.198090 0.080618 0.166682
0.198256 0.080588 0.166475
0.198409 0.080529 0.166379
0.198576 0.080499 0.166172
0.198730 0.080439 0.166076
0.198897 0.080409 0.165868
0.199065 0.080379 0.165661
0.199233 0.080348 0.165453
0.199417 0.080346 0.165133
0.199587 0.080316 0.164925
0.199772 0.080314 0.164604
0.199958 0.080311 0.164283
0.200144 0.080308 0.163961
0.200332 0.080305 0.163639
0.200504 0.080273 0.163429
0.200677 0.080241 0.163218
0.200850 0.080209 0.163007
0.201040 0.080205 0.162683
0.201231 0.080200 0.162359
0.201423 0.080196 0.162034
0.201633 0.080219 0.161596
0.201845 0.080242 0.161156
0.202057 0.080264 0.160716
0.166355 0.097747 0.171878
0.166586 0.097588 0.171938
0.166768 0.097517 0.171824
0.166998 0.097358 0.171884
0.167203 0.097243 0.171857
0.167455 0.097041 0.172006
0.167706 0.096839 0.172155
0.167955 0.096638 0.172306
0.168180 0.096481 0.172369
0.168473 0.096193 0.172697
0.168764 0.095906 0.173026
0.168941 0.095837 0.172914
0.169492 0.095310 0.173489
0.169841 0.094896 0.174088
0.170078 0.094699 0.174246
0.170443 0.094244 0.174938
0.170614 0.094178 0.174830
0.171184 0.093574 0.175598
0.171393 0.093423 0.175671
0.171622 0.093229 0.175834
0.171830 0.093079 0.175908
0.172017 0.092971 0.175893
0.172204 0.092864 0.175878
0.172390 0.092757 0.175863
0.172576 0.092650 0.175849
0.172762 0.092543 0.175834
0.172947 0.092436 0.175820
0.173131 0.092329 0.175807
0.173334 0.092181 0.175884
0.173536 0.092033 0.175962
0.173737 0.091885 0.176040
0.173937 0.091738 0.176119
0.174119 0.091632 0.176107
0.174318 0.091485 0.176187
0.174515 0.091339 0.176267
0.174713 0.091192 0.176348
0.174909 0.091046 0.176429
0.175088 0.090942 0.176419
0.175266 0.090838 0.176410
0.175444 0.090734 0.176400
0.175622 0.090630 0.176391
0.175799 0.090526 0.176382
0.175976 0.090422 0.176373
0.176137 0.090360 0.176272
0.176313 0.090256 0.176263
0.176489 0.090153 0.176255
0.176679 0.090010 0.176340
0.176854 0.089907 0.176333
0.177043 0.089764 0.176419
0.177245 0.089581 0.176599
0.177432 0.089439 0.176686
0.177632 0.089257 0.176868
0.177830 0.089075 0.177050
0.178014 0.088934 0.177139
0.178197 0.088793 0.177229
0.178380 0.088653 0.177319
0.178536 0.088592 0.177221
0.178717 0.088452 0.177311
0.178873 0.088391 0.177214
0.179028 0.088331 0.177116
0.179196 0.088231 0.177113
0.179363 0.088131 0.177110
0.179518 0.088070 0.177013
0.179685 0.087971 0.177010
0.179862 0.087832 0.177104
0.180028 0.087733 0.177102
0.180204 0.087595 0.177196
0.180368 0.087496 0.177195
0.180543 0.087359 0.177290
0.180716 0.087222 0.177386
0.180889 0.087085 0.177482
0.181061 0.086949 0.177579
0.181222 0.086851 0.177579
0.181384 0.086754 0.177580
0.181544 0.086656 0.177582
0.181705 0.086559 0.177583
0.181865 0.086462 0.177585
0.182016 0.086403 0.177490
0.182175 0.086306 0.177492
0.182326 0.086248 0.177397
0.182485 0.086151 0.177400
0.182636 0.086092 0.177305
0.182794 0.085996 0.177308
0.182945 0.085937 0.177214
0.183102 0.085841 0.177217
0.183259 0.085745 0.177221
0.183416 0.085649 0.177224
0.183573 0.085554 0.177229
0.183728 0.085458 0.177233
0.183890 0.085326 0.177336
0.184050 0.085194 0.177440
0.184205 0.085099 0.177445
0.184364 0.084968 0.177550
0.184517 0.084873 0.177556
0.184670 0.084779 0.177562
0.184827 0.084648 0.177668
0.184983 0.084518 0.177775
0.185135 0.084425 0.177782
0.185285 0.084331 0.177790
0.185436 0.084238 0.177797
0.185586 0.084145 0.177806
0.185732 0.084088 0.177714
0.185878 0.084031 0.177622
0.186027 0.083938 0.177631
0.186173 0.083881 0.177539
0.186319 0.083825 0.177447
0.186465 0.083768 0.177356
0.186611 0.083711 0.177264
0.186756 0.083654 0.177173
0.186902 0.083597 0.177081
0.187050 0.083505 0.177091
0.187195 0.083448 0.176999
0.187341 0.083392 0.176908
0.187487 0.083335 0.176816
0.187632 0.083278 0.176725
0.187778 0.083222 0.176633
0.187924 0.083165 0.176542
0.188070 0.083073 0.176552
0.188215 0.083017 0.176461
0.188361 0.082960 0.176370
0.188506 0.082903 0.176278
0.188651 0.082812 0.176290
0.188796 0.082756 0.176198
0.188941 0.082699 0.176107
0.189085 0.082608 0.176119
0.189230 0.082552 0.176028
0.189375 0.082495 0.175937
0.189519 0.082405 0.175949
0.189663 0.082349 0.175858
0.189808 0.082292 0.175767
0.189953 0.082236 0.175676
0.190098 0.082179 0.175585
0.190243 0.082123 0.175494
0.190388 0.082067 0.175403
0.190533 0.082010 0.175312
0.190677 0.081954 0.175221
0.190822 0.081897 0.175130
0.190967 0.081841 0.175039
0.191112 0.081785 0.174948
0.191257 0.081728 0.174857
0.191406 0.081705 0.174661
0.191551 0.081648 0.174570
0.191696 0.081592 0.174479
0.191846 0.081568 0.174282
0.191997 0.081544 0.174086
0.192142 0.081488 0.173994
0.192294 0.081464 0.173797
0.192445 0.081439 0.173599
0.192597 0.081415 0.173402
0.192750 0.081390 0.173203
0.192896 0.081333 0.173112
0.193049 0.081308 0.172913
0.193196 0.081251 0.172821
0.193349 0.081226 0.172622
0.193496 0.081169 0.172530
0.193643 0.081112 0.172438
0.193797 0.081087 0.172239
0.193944 0.081030 0.172146
0.194099 0.081004 0.171947
0.194255 0.080978 0.171747
0.194402 0.080921 0.171654
0.194558 0.080895 0.171454
0.194715 0.080869 0.171253
0.194881 0.080873 0.170944
0.195039 0.080847 0.170743
0.195206 0.080851 0.170433
0.195365 0.080824 0.170231
0.195534 0.080828 0.169920
0.195694 0.080800 0.169718
0.195854 0.080773 0.169515
0.196025 0.080776 0.169203
0.196186 0.080748 0.168999
0.196358 0.080750 0.168686
0.196520 0.080722 0.168482
0.196683 0.080693 0.168278
0.196846 0.080664 0.168073
0.197009 0.080635 0.167868
0.197173 0.080606 0.167663
0.197337 0.080577 0.167458
0.197502 0.080548 0.167252
0.197667 0.080519 0.167046
0.197819 0.080459 0.166950
0.197985 0.080429 0.166744
0.198151 0.080400 0.166537
0.198303 0.080340 0.166442
0.198470 0.080310 0.166235
0.198637 0.080280 0.166027
0.198790 0.080220 0.165931
0.198958 0.080190 0.165723
0.199141 0.080188 0.165404
0.199309 0.080157 0.165196
0.199493 0.080155 0.164876
0.199663 0.080124 0.164667
0.199848 0.080121 0.164346
0.200035 0.080118 0.164024
0.200222 0.080114 0.163702
0.200410 0.080111 0.163379
0.200599 0.080107 0.163056
0.200755 0.080046 0.162958
0.200945 0.080041 0.162634
0.201153 0.080065 0.162196
0.201345 0.080059 0.161871
0.201572 0.080110 0.161319
0.201783 0.080132 0.160880
0.202263 0.080258 0.159657
0.202425 0.080195 0.159556
0.166221 0.097602 0.171734
0.166428 0.097487 0.171706
0.166658 0.097328 0.171766
0.166864 0.097213 0.171739
0.167070 0.097099 0.171713
0.167322 0.096897 0.171861
0.167574 0.096696 0.172011
0.167824 0.096495 0.172161
0.168072 0.096295 0.172312
0.168366 0.096008 0.172640
0.168657 0.095722 0.172970
0.168834 0.095653 0.172859
0.169736 0.094716 0.174034
0.170104 0.094262 0.174724
0.170383 0.093981 0.175061
0.170617 0.093786 0.175222
0.170850 0.093592 0.175383
0.171082 0.093399 0.175545
0.171292 0.093248 0.175618
0.171521 0.093055 0.175781
0.171729 0.092905 0.175855
0.171916 0.092798 0.175840
0.172103 0.092690 0.175825
0.172309 0.092541 0.175900
0.172476 0.092477 0.175796
0.172680 0.092328 0.175872
0.172865 0.092221 0.175859
0.173050 0.092115 0.175845
0.173234 0.092009 0.175832
0.173436 0.091861 0.175910
0.173637 0.091714 0.175988
0.173838 0.091567 0.176067
0.174038 0.091420 0.176147
0.174236 0.091274 0.176227
0.174434 0.091128 0.176307
0.174632 0.090982 0.176388
0.174811 0.090878 0.176378
0.174990 0.090773 0.176368
0.175169 0.090669 0.176358
0.175347 0.090566 0.176349
0.175525 0.090462 0.176340
0.175702 0.090358 0.176331
0.175879 0.090255 0.176322
0.176055 0.090152 0.176314
0.176232 0.090049 0.176305
0.176407 0.089946 0.176298
0.176598 0.089803 0.176383
0.176772 0.089700 0.176376
0.176961 0.089558 0.176462
0.177149 0.089416 0.176549
0.177336 0.089274 0.176636
0.177536 0.089092 0.176818
0.177722 0.088951 0.176906
0.177906 0.088811 0.176995
0.178090 0.088670 0.177085
0.178272 0.088530 0.177175
0.178442 0.088430 0.177171
0.178610 0.088329 0.177168
0.178779 0.088229 0.177164
0.178934 0.088169 0.177067
0.179102 0.088069 0.177064
0.179269 0.087969 0.177061
0.179425 0.087909 0.176963
0.179591 0.087809 0.176961
0.179769 0.087671 0.177055
0.179935 0.087572 0.177053
0.180111 0.087435 0.177147
0.180275 0.087336 0.177146
0.180450 0.087199 0.177242
0.180624 0.087063 0.177337
0.180797 0.086926 0.177434
0.180959 0.086829 0.177434
0.181131 0.086693 0.177531
0.181292 0.086596 0.177532
0.181453 0.086498 0.177534
0.181613 0.086402 0.177535
0.181774 0.086305 0.177537
0.181925 0.086246 0.177442
0.182084 0.086149 0.177444
0.182235 0.086090 0.177350
0.182394 0.085994 0.177352
0.182545 0.085935 0.177258
0.182703 0.085839 0.177261
0.182854 0.085781 0.177166
0.183012 0.085685 0.177169
0.183169 0.085589 0.177173
0.183326 0.085493 0.177177
0.183482 0.085398 0.177181
0.183638 0.085303 0.177186
0.183800 0.085171 0.177289
0.183955 0.085076 0.177294
0.184115 0.084945 0.177398
0.184275 0.084814 0.177503
0.184428 0.084720 0.177509
0.184581 0.084625 0.177516
0.184738 0.084495 0.177622
0.184895 0.084365 0.177728
0.185046 0.084272 0.177736
0.185201 0.084143 0.177843
0.185351 0.084050 0.177851
0.185501 0.083957 0.177859
0.185651 0.083864 0.177868
0.185797 0.083807 0.177776
0.185945 0.083715 0.177785
0.186091 0.083658 0.177694
0.186236 0.083602 0.177603
0.186382 0.083545 0.177511
0.186527 0.083488 0.177420
0.186673 0.083432 0.177329
0.186818 0.083375 0.177237
0.186964 0.083318 0.177146
0.187109 0.083262 0.177055
0.187253 0.083240 0.176862
0.187399 0.083184 0.176770
0.187544 0.083127 0.176679
0.187690 0.083070 0.176587
0.187836 0.083013 0.176496
0.187982 0.082957 0.176404
0.188127 0.082900 0.176313
0.188273 0.082809 0.176324
0.188418 0.082752 0.176232
0.188564 0.082696 0.176141
0.188708 0.082605 0.176152
0.188854 0.082548 0.176061
0.188998 0.082458 0.176073
0.189143 0.082401 0.175982
0.189288 0.082345 0.175891
0.189431 0.082254 0.175903
0.189576 0.082198 0.175812
0.189721 0.082142 0.175721
0.189866 0.082085 0.175630
0.190011 0.082029 0.175539
0.190155 0.081972 0.175448
0.190300 0.081916 0.175357
0.190445 0.081860 0.175267
0.190590 0.081803 0.175176
0.190735 0.081747 0.175085
0.190880 0.081690 0.174994
0.191024 0.081634 0.174903
0.191174 0.081611 0.174707
0.191319 0.081554 0.174615
0.191464 0.081498 0.174524
0.191614 0.081474 0.174328
0.191759 0.081417 0.174237
0.191909 0.081393 0.174040
0.192055 0.081336 0.173948
0.192211 0.081344 0.173645
0.192357 0.081288 0.173553
0.192509 0.081263 0.173355
0.192662 0.081238 0.173157
0.192808 0.081181 0.173065
0.192961 0.081156 0.172867
0.193107 0.081099 0.172775
0.193261 0.081074 0.172576
0.193408 0.081017 0.172484
0.193554 0.080960 0.172392
0.193709 0.080934 0.172192
0.193855 0.080877 0.172100
0.194010 0.080851 0.171900
0.194166 0.080825 0.171700
0.194313 0.080768 0.171608
0.194469 0.080741 0.171407
0.194626 0.080715 0.171206
0.194792 0.080719 0.170897
0.194949 0.080692 0.170696
0.195116 0.080696 0.170386
0.195275 0.080669 0.170184
0.195434 0.080642 0.169982
0.195603 0.080645 0.169670
0.195763 0.080617 0.169467
0.195934 0.080619 0.169155
0.196095 0.080591 0.168952
0.196256 0.080563 0.168748
0.196418 0.080534 0.168544
0.196580 0.080506 0.168340
0.196743 0.080477 0.168135
0.196906 0.080448 0.167930
0.197069 0.080419 0.167725
0.197233 0.080389 0.167520
0.197397 0.080360 0.167314
0.197549 0.080301 0.167219
0.197714 0.080271 0.167013
0.197879 0.080241 0.166806
0.198032 0.080182 0.166711
0.198198 0.080152 0.166504
0.198364 0.080122 0.166297
0.198517 0.080062 0.166201
0.198684 0.080032 0.165994
0.198851 0.080001 0.165786
0.199033 0.079999 0.165467
0.199202 0.079968 0.165259
0.199385 0.079965 0.164939
0.199555 0.079934 0.164730
0.199740 0.079931 0.164409
0.199941 0.079956 0.163975
0.200128 0.079952 0.163653
0.200316 0.079948 0.163330
0.200504 0.079944 0.163007
0.200661 0.079883 0.162908
0.200851 0.079878 0.162584
0.201058 0.079901 0.162146
0.201283 0.079951 0.161595
0.201493 0.079972 0.161156
0.201808 0.080160 0.160036
0.201969 0.080097 0.159935
0.202166 0.080090 0.159606
0.202327 0.080027 0.159505
0.202543 0.080046 0.159062
0.166061 0.097500 0.171502
0.166268 0.097385 0.171474
0.166500 0.097226 0.171534
0.166706 0.097112 0.171507
0.166936 0.096954 0.171568
0.167166 0.096796 0.171629
0.167441 0.096552 0.171866
0.167692 0.096351 0.172017
0.167941 0.096152 0.172168
0.168120 0.096082 0.172055
0.169763 0.094279 0.174511
0.170044 0.093998 0.174848
0.170280 0.093804 0.175008
0.170515 0.093610 0.175168
0.170748 0.093416 0.175329
0.170980 0.093223 0.175491
0.171190 0.093073 0.175564
0.171420 0.092881 0.175728
0.171628 0.092731 0.175802
0.171836 0.092582 0.175877
0.172003 0.092517 0.175772
0.172209 0.092368 0.175848
0.172395 0.092262 0.175834
0.172580 0.092155 0.175820
0.172765 0.092049 0.175806
0.172950 0.091943 0.175793
0.173153 0.091795 0.175870
0.173337 0.091690 0.175858
0.173538 0.091543 0.175936
0.173739 0.091396 0.176015
0.173939 0.091250 0.176095
0.174138 0.091104 0.176175
0.174336 0.090958 0.176256
0.174534 0.090813 0.176337
0.174713 0.090709 0.176327
0.174909 0.090564 0.176409
0.175088 0.090460 0.176399
0.175266 0.090357 0.176390
0.175443 0.090253 0.176381
0.175621 0.090150 0.176372
0.175782 0.090087 0.176271
0.175958 0.089984 0.176263
0.176135 0.089882 0.176255
0.176326 0.089739 0.176340
0.176501 0.089636 0.176332
0.176691 0.089494 0.176418
0.176879 0.089352 0.176505
0.177067 0.089210 0.176592
0.177255 0.089069 0.176680
0.177441 0.088928 0.176768
0.177626 0.088787 0.176857
0.177811 0.088647 0.176946
0.177995 0.088507 0.177035
0.178178 0.088367 0.177126
0.178347 0.088267 0.177122
0.178516 0.088167 0.177118
0.178685 0.088067 0.177115
0.178853 0.087968 0.177112
0.179008 0.087907 0.177015
0.179164 0.087847 0.176917
0.179331 0.087747 0.176914
0.179498 0.087648 0.176912
0.179664 0.087549 0.176910
0.179841 0.087412 0.177004
0.180007 0.087313 0.177003
0.180182 0.087176 0.177098
0.180357 0.087040 0.177193
0.180521 0.086942 0.177193
0.180694 0.086806 0.177289
0.180867 0.086670 0.177386
0.181039 0.086535 0.177483
0.181200 0.086438 0.177484
0.181361 0.086341 0.177486
0.181522 0.086244 0.177487
0.181682 0.086147 0.177489
0.181834 0.086089 0.177394
0.181993 0.085992 0.177397
0.182144 0.085933 0.177302
0.182303 0.085837 0.177305
0.182454 0.085779 0.177210
0.182612 0.085683 0.177213
0.182770 0.085587 0.177216
0.182928 0.085491 0.177220
0.183078 0.085433 0.177126
0.183235 0.085337 0.177130
0.183392 0.085242 0.177134
0.183548 0.085147 0.177138
0.183710 0.085016 0.177242
0.183865 0.084921 0.177247
0.184025 0.084790 0.177351
0.184180 0.084696 0.177357
0.184339 0.084566 0.177462
0.184497 0.084436 0.177568
0.184654 0.084306 0.177675
0.184811 0.084176 0.177781
0.184967 0.084047 0.177889
0.185117 0.083954 0.177897
0.185272 0.083826 0.178005
0.185417 0.083769 0.177913
0.185567 0.083677 0.177922
0.185712 0.083620 0.177831
0.185861 0.083528 0.177840
0.186006 0.083472 0.177749
0.186151 0.083415 0.177657
0.186297 0.083358 0.177566
0.186442 0.083302 0.177475
0.186587 0.083245 0.177384
0.186732 0.083189 0.177293
0.186876 0.083167 0.177100
0.187021 0.083111 0.177009
0.187165 0.083089 0.176816
0.187311 0.083032 0.176724
0.187457 0.082975 0.176633
0.187602 0.082919 0.176541
0.187748 0.082862 0.176450
0.187894 0.082805 0.176358
0.188039 0.082748 0.176267
0.188185 0.082692 0.176175
0.188330 0.082601 0.176186
0.188476 0.082544 0.176095
0.188621 0.082488 0.176004
0.188767 0.082431 0.175912
0.188911 0.082341 0.175924
0.189057 0.082284 0.175833
0.189200 0.082194 0.175845
0.189345 0.082137 0.175754
0.189490 0.082081 0.175663
0.189636 0.082024 0.175572
0.189778 0.081934 0.175585
0.189923 0.081878 0.175494
0.190068 0.081822 0.175403
0.190213 0.081765 0.175312
0.190358 0.081709 0.175221
0.190503 0.081653 0.175130
0.190651 0.081629 0.174934
0.190796 0.081573 0.174843
0.190941 0.081516 0.174752
0.191086 0.081460 0.174661
0.191231 0.081403 0.174570
0.191376 0.081347 0.174478
0.191526 0.081323 0.174282
0.191671 0.081266 0.174191
0.191821 0.081242 0.173994
0.191972 0.081217 0.173796
0.192123 0.081193 0.173599
0.192275 0.081168 0.173401
0.192421 0.081111 0.173309
0.192573 0.081086 0.173111
0.192720 0.081029 0.173019
0.192872 0.081004 0.172821
0.193019 0.080947 0.172729
0.193172 0.080921 0.172530
0.193319 0.080864 0.172437
0.193466 0.080807 0.172345
0.193620 0.080781 0.172146
0.193775 0.080755 0.171946
0.193922 0.080698 0.171854
0.194077 0.080672 0.171654
0.194233 0.080645 0.171453
0.194389 0.080619 0.171253
0.194545 0.080592 0.171052
0.194702 0.080565 0.170851
0.194860 0.080538 0.170649
0.195027 0.080542 0.170339
0.195185 0.080514 0.170137
0.195344 0.080486 0.169935
0.195513 0.080489 0.169623
0.195673 0.080461 0.169420
0.195833 0.080433 0.169217
0.195994 0.080405 0.169013
0.196155 0.080376 0.168810
0.196316 0.080348 0.168606
0.196478 0.080319 0.168401
0.196640 0.080290 0.168197
0.196803 0.080261 0.167992
0.196966 0.080231 0.167787
0.197129 0.080202 0.167582
0.197281 0.080143 0.167487
0.197445 0.080113 0.167281
0.197610 0.080084 0.167075
0.197762 0.080024 0.166980
0.197927 0.079994 0.166773
0.198092 0.079964 0.166567
0.198258 0.079934 0.166360
0.198411 0.079874 0.166264
0.198591 0.079872 0.165946
0.198759 0.079842 0.165738
0.198926 0.079811 0.165530
0.199109 0.079808 0.165210
0.199277 0.079777 0.165002
0.199461 0.079773 0.164681
0.199631 0.079742 0.164472
0.199832 0.079766 0.164038
0.200034 0.079790 0.163603
0.200221 0.079786 0.163280
0.200409 0.079781 0.162957
0.200566 0.079720 0.162859
0.200772 0.079742 0.162421
0.200979 0.079764 0.161984
0.201204 0.079813 0.161432
0.201516 0.080000 0.160313
0.201677 0.079938 0.160212
0.201872 0.079930 0.159884
0.202086 0.079949 0.159442
0.202284 0.079941 0.159113
0.202446 0.079878 0.159011
0.165926 0.097353 0.171357
0.166133 0.097238 0.171329
0.166341 0.097124 0.171302
0.166572 0.096966 0.171362
0.166778 0.096851 0.171335
0.167032 0.096651 0.171484
0.167332 0.096364 0.171809
0.167513 0.096294 0.171696
0.168696 0.094882 0.173830
0.168870 0.094814 0.173720
0.169703 0.094015 0.174635
0.169963 0.093778 0.174883
0.170199 0.093584 0.175043
0.170412 0.093433 0.175114
0.170646 0.093240 0.175276
0.170878 0.093048 0.175438
0.171089 0.092898 0.175511
0.171319 0.092706 0.175675
0.171507 0.092599 0.175659
0.171735 0.092408 0.175824
0.171922 0.092302 0.175810
0.172108 0.092195 0.175795
0.172295 0.092089 0.175781
0.172480 0.091983 0.175767
0.172665 0.091876 0.175754
0.172850 0.091771 0.175740
0.173053 0.091624 0.175818
0.173237 0.091518 0.175806
0.173439 0.091372 0.175884
0.173640 0.091225 0.175963
0.173840 0.091080 0.176043
0.174039 0.090934 0.176124
0.174238 0.090789 0.176204
0.174435 0.090644 0.176286
0.174615 0.090540 0.176276
0.174811 0.090396 0.176358
0.174990 0.090292 0.176348
0.175168 0.090189 0.176339
0.175346 0.090086 0.176330
0.175523 0.089983 0.176321
0.175700 0.089880 0.176313
0.175877 0.089777 0.176305
0.176053 0.089674 0.176297
0.176244 0.089532 0.176382
0.176420 0.089430 0.176375
0.176609 0.089288 0.176461
0.176783 0.089186 0.176455
0.176972 0.089045 0.176542
0.177159 0.088904 0.176630
0.177346 0.088764 0.176718
0.177531 0.088624 0.176807
0.177716 0.088484 0.176896
0.177900 0.088344 0.176986
0.178070 0.088244 0.176982
0.178240 0.088144 0.176978
0.178422 0.088005 0.177069
0.178591 0.087905 0.177066
0.178759 0.087806 0.177063
0.178914 0.087745 0.176965
0.179070 0.087685 0.176868
0.179237 0.087586 0.176865
0.179404 0.087487 0.176863
0.179571 0.087388 0.176861
0.179748 0.087251 0.176955
0.179914 0.087153 0.176954
0.180090 0.087016 0.177049
0.180265 0.086880 0.177145
0.180429 0.086782 0.177144
0.180602 0.086647 0.177241
0.180775 0.086512 0.177338
0.180947 0.086377 0.177435
0.181109 0.086280 0.177436
0.181270 0.086183 0.177438
0.181431 0.086087 0.177440
0.181591 0.085990 0.177442
0.181751 0.085894 0.177444
0.181902 0.085835 0.177349
0.182061 0.085739 0.177352
0.182212 0.085680 0.177257
0.182371 0.085585 0.177260
0.182529 0.085489 0.177263
0.182680 0.085430 0.177169
0.182837 0.085335 0.177172
0.182995 0.085240 0.177176
0.183152 0.085145 0.177181
0.183308 0.085050 0.177185
0.183458 0.084992 0.177091
0.183620 0.084861 0.177195
0.183775 0.084766 0.177200
0.183936 0.084636 0.177304
0.184090 0.084542 0.177310
0.184249 0.084412 0.177416
0.184408 0.084282 0.177522
0.184565 0.084153 0.177628
0.184722 0.084024 0.177735
0.184878 0.083895 0.177842
0.185034 0.083767 0.177950
0.185188 0.083639 0.178059
0.185333 0.083582 0.177968
0.185483 0.083490 0.177977
0.185628 0.083434 0.177885
0.185777 0.083342 0.177895
0.185922 0.083285 0.177804
0.186067 0.083229 0.177712
0.186212 0.083172 0.177621
0.186354 0.083151 0.177429
0.186500 0.083094 0.177338
0.186645 0.083038 0.177247
0.186788 0.083016 0.177054
0.186933 0.082959 0.176963
0.187077 0.082937 0.176769
0.187223 0.082880 0.176678
0.187369 0.082824 0.176586
0.187513 0.082801 0.176393
0.187659 0.082745 0.176301
0.187805 0.082688 0.176210
0.187951 0.082631 0.176118
0.188097 0.082540 0.176129
0.188243 0.082484 0.176038
0.188388 0.082427 0.175946
0.188534 0.082336 0.175958
0.188679 0.082280 0.175866
0.188824 0.082223 0.175775
0.188969 0.082133 0.175787
0.189114 0.082076 0.175696
0.189258 0.081986 0.175708
0.189403 0.081930 0.175617
0.189548 0.081873 0.175526
0.189693 0.081817 0.175435
0.189836 0.081727 0.175448
0.189981 0.081671 0.175357
0.190125 0.081615 0.175266
0.190270 0.081558 0.175175
0.190415 0.081502 0.175084
0.190563 0.081478 0.174888
0.190708 0.081422 0.174797
0.190853 0.081365 0.174706
0.190998 0.081309 0.174615
0.191144 0.081252 0.174524
0.191289 0.081196 0.174433
0.191438 0.081172 0.174236
0.191588 0.081147 0.174039
0.191734 0.081090 0.173948
0.191884 0.081066 0.173750
0.192035 0.081041 0.173553
0.192187 0.081016 0.173355
0.192333 0.080959 0.173263
0.192485 0.080934 0.173065
0.192637 0.080908 0.172866
0.192784 0.080851 0.172774
0.192937 0.080826 0.172575
0.193084 0.080769 0.172483
0.193230 0.080712 0.172391
0.193377 0.080654 0.172299
0.193531 0.080628 0.172099
0.193686 0.080602 0.171900
0.193833 0.080545 0.171807
0.193988 0.080518 0.171607
0.194144 0.080492 0.171407
0.194300 0.080465 0.171206
0.194456 0.080438 0.171005
0.194613 0.080411 0.170804
0.194779 0.080414 0.170494
0.194937 0.080387 0.170292
0.195095 0.080359 0.170090
0.195254 0.080331 0.169887
0.195423 0.080334 0.169576
0.195582 0.080305 0.169373
0.195743 0.080277 0.169170
0.195903 0.080248 0.168966
0.196053 0.080190 0.168872
0.196214 0.080161 0.168668
0.196376 0.080132 0.168464
0.196538 0.080103 0.168259
0.196700 0.080074 0.168054
0.196863 0.080045 0.167849
0.197014 0.079986 0.167755
0.197177 0.079956 0.167549
0.197341 0.079926 0.167344
0.197493 0.079867 0.167248
0.197657 0.079837 0.167042
0.197822 0.079807 0.166836
0.197987 0.079777 0.166630
0.198153 0.079746 0.166423
0.198319 0.079715 0.166216
0.198485 0.079685 0.166009
0.198652 0.079654 0.165801
0.198834 0.079651 0.165482
0.199001 0.079620 0.165273
0.199184 0.079616 0.164953
0.199353 0.079584 0.164744
0.199538 0.079581 0.164423
0.199738 0.079604 0.163989
0.199940 0.079628 0.163554
0.200127 0.079623 0.163231
0.200331 0.079645 0.162795
0.200488 0.079584 0.162696
0.200693 0.079606 0.162259
0.200900 0.079627 0.161821
0.201125 0.079676 0.161268
0.201369 0.079751 0.160602
0.201580 0.079770 0.160161
0.201792 0.079790 0.159719
0.202006 0.079808 0.159277
0.202203 0.079799 0.158947
0.202384 0.079763 0.158732
0.165815 0.097163 0.171299
0.165998 0.097092 0.171184
0.166206 0.096977 0.171157
0.166438 0.096820 0.171217
0.166644 0.096705 0.171190
0.166923 0.096462 0.171427
0.167104 0.096392 0.171313
0.168369 0.094854 0.173707
0.168590 0.094701 0.173774
0.168765 0.094633 0.173665
0.169622 0.093794 0.174669
0.169860 0.093600 0.174829
0.170096 0.093407 0.174989
0.170310 0.093256 0.175061
0.170544 0.093064 0.175222
0.170777 0.092872 0.175385
0.170987 0.092723 0.175458
0.171197 0.092574 0.175532
0.171427 0.092383 0.175696
0.171614 0.092277 0.175681
0.171822 0.092128 0.175757
0.172008 0.092022 0.175743
0.172194 0.091916 0.175729
0.172380 0.091810 0.175715
0.172565 0.091704 0.175701
0.172750 0.091598 0.175688
0.172954 0.091452 0.175766
0.173138 0.091346 0.175753
0.173340 0.091200 0.175832
0.173541 0.091055 0.175912
0.173741 0.090909 0.175992
0.173941 0.090764 0.176072
0.174139 0.090619 0.176153
0.174337 0.090475 0.176234
0.174517 0.090371 0.176224
0.174714 0.090227 0.176307
0.174892 0.090124 0.176297
0.175071 0.090021 0.176288
0.175265 0.089878 0.176372
0.175443 0.089775 0.176363
0.175619 0.089672 0.176355
0.175796 0.089570 0.176347
0.175972 0.089468 0.176339
0.176148 0.089366 0.176332
0.176338 0.089224 0.176418
0.176513 0.089122 0.176411
0.176702 0.088981 0.176498
0.176890 0.088841 0.176585
0.177063 0.088740 0.176580
0.177250 0.088599 0.176668
0.177436 0.088460 0.176757
0.177621 0.088320 0.176846
0.177792 0.088220 0.176842
0.177976 0.088081 0.176932
0.178146 0.087981 0.176929
0.178315 0.087882 0.176925
0.178484 0.087782 0.176922
0.178652 0.087683 0.176919
0.178808 0.087622 0.176821
0.178976 0.087523 0.176819
0.179144 0.087424 0.176816
0.179311 0.087325 0.176814
0.179477 0.087227 0.176812
0.179655 0.087090 0.176907
0.179821 0.086992 0.176905
0.179997 0.086856 0.177000
0.180172 0.086720 0.177096
0.180347 0.086585 0.177192
0.180510 0.086488 0.177192
0.180683 0.086353 0.177290
0.180855 0.086219 0.177387
0.181017 0.086122 0.177388
0.181188 0.085988 0.177487
0.181349 0.085892 0.177489
0.181500 0.085833 0.177394
0.181660 0.085737 0.177396
0.181820 0.085641 0.177399
0.181970 0.085582 0.177304
0.182129 0.085487 0.177307
0.182280 0.085428 0.177212
0.182439 0.085333 0.177216
0.182597 0.085237 0.177219
0.182754 0.085142 0.177223
0.182904 0.085084 0.177129
0.183061 0.084989 0.177133
0.183218 0.084894 0.177138
0.183374 0.084800 0.177142
0.183530 0.084706 0.177148
0.183685 0.084611 0.177153
0.183840 0.084517 0.177158
0.184001 0.084387 0.177263
0.184160 0.084258 0.177369
0.184313 0.084165 0.177375
0.184472 0.084036 0.177482
0.184634 0.083871 0.177689
0.184790 0.083743 0.177796
0.184946 0.083615 0.177904
0.185100 0.083488 0.178013
0.185246 0.083431 0.177922
0.185395 0.083339 0.177931
0.185544 0.083247 0.177940
0.185689 0.083191 0.177849
0.185834 0.083134 0.177758
0.185979 0.083078 0.177667
0.186124 0.083021 0.177575
0.186269 0.082965 0.177484
0.186414 0.082908 0.177393
0.186557 0.082887 0.177201
0.186700 0.082865 0.177008
0.186846 0.082808 0.176917
0.186989 0.082786 0.176723
0.187135 0.082729 0.176632
0.187279 0.082706 0.176438
0.187425 0.082650 0.176347
0.187571 0.082593 0.176255
0.187717 0.082536 0.176164
0.187863 0.082479 0.176072
0.188009 0.082423 0.175980
0.188155 0.082366 0.175889
0.188300 0.082275 0.175900
0.188446 0.082219 0.175809
0.188592 0.082162 0.175717
0.188737 0.082072 0.175729
0.188882 0.082015 0.175637
0.189026 0.081925 0.175650
0.189172 0.081869 0.175559
0.189315 0.081779 0.175571
0.189460 0.081723 0.175480
0.189605 0.081666 0.175389
0.189751 0.081610 0.175298
0.189893 0.081520 0.175311
0.190038 0.081464 0.175220
0.190183 0.081408 0.175129
0.190331 0.081384 0.174933
0.190476 0.081327 0.174842
0.190621 0.081271 0.174751
0.190766 0.081214 0.174660
0.190911 0.081158 0.174569
0.191056 0.081101 0.174478
0.191205 0.081077 0.174281
0.191351 0.081020 0.174190
0.191500 0.080996 0.173993
0.191651 0.080971 0.173796
0.191796 0.080914 0.173704
0.191947 0.080889 0.173507
0.192099 0.080864 0.173309
0.192245 0.080807 0.173217
0.192397 0.080782 0.173019
0.192549 0.080756 0.172820
0.192696 0.080699 0.172728
0.192842 0.080642 0.172636
0.192995 0.080616 0.172437
0.193142 0.080559 0.172345
0.193289 0.080502 0.172253
0.193443 0.080476 0.172053
0.193597 0.080449 0.171853
0.193752 0.080423 0.171653
0.193899 0.080365 0.171560
0.194055 0.080338 0.171360
0.194219 0.080342 0.171051
0.194375 0.080315 0.170850
0.194532 0.080287 0.170648
0.194689 0.080260 0.170447
0.194847 0.080232 0.170245
0.195015 0.080234 0.169934
0.195173 0.080206 0.169731
0.195332 0.080178 0.169529
0.195492 0.080150 0.169325
0.195642 0.080091 0.169231
0.195802 0.080063 0.169028
0.195963 0.080034 0.168824
0.196124 0.080005 0.168620
0.196285 0.079976 0.168416
0.196447 0.079946 0.168211
0.196609 0.079917 0.168007
0.196760 0.079858 0.167912
0.196923 0.079828 0.167707
0.197074 0.079770 0.167612
0.197237 0.079740 0.167406
0.197389 0.079681 0.167311
0.197553 0.079651 0.167105
0.197717 0.079620 0.166899
0.197882 0.079590 0.166693
0.198048 0.079559 0.166486
0.198213 0.079528 0.166279
0.198379 0.079497 0.166072
0.198560 0.079494 0.165753
0.198727 0.079463 0.165545
0.198909 0.079460 0.165225
0.199091 0.079456 0.164904
0.199260 0.079424 0.164695
0.199444 0.079420 0.164374
0.199644 0.079443 0.163940
0.199830 0.079438 0.163617
0.200032 0.079460 0.163182
0.200236 0.079482 0.162745
0.200393 0.079421 0.162647
0.200598 0.079442 0.162209
0.200821 0.079490 0.161657
0.201046 0.079538 0.161105
0.201272 0.079584 0.160551
0.201500 0.079630 0.159997
0.201712 0.079649 0.159555
0.201926 0.079667 0.159112
0.202123 0.079657 0.158782
0.202303 0.079621 0.158566
0.165395 0.097261 0.170921
0.165680 0.097016 0.171154
0.165888 0.096901 0.171127
0.166096 0.096787 0.171099
0.166303 0.096673 0.171072
0.166510 0.096559 0.171045
0.166692 0.096488 0.170930
0.168264 0.094672 0.173652
0.168439 0.094604 0.173542
0.169302 0.093766 0.174545
0.169519 0.093615 0.174615
0.169757 0.093422 0.174775
0.169971 0.093272 0.174846
0.170207 0.093080 0.175007
0.170420 0.092930 0.175079
0.170653 0.092739 0.175242
0.170865 0.092590 0.175315
0.171096 0.092399 0.175479
0.171326 0.092209 0.175644
0.171513 0.092103 0.175629
0.171701 0.091996 0.175614
0.171908 0.091849 0.175690
0.172094 0.091743 0.175676
0.172280 0.091637 0.175662
0.172465 0.091532 0.175649
0.172650 0.091426 0.175636
0.172835 0.091321 0.175623
0.173038 0.091175 0.175701
0.173240 0.091029 0.175780
0.173442 0.090884 0.175860
0.173642 0.090739 0.175940
0.173842 0.090594 0.176020
0.174041 0.090450 0.176101
0.174239 0.090306 0.176183
0.174419 0.090202 0.176173
0.174616 0.090059 0.176255
0.174795 0.089956 0.176246
0.174990 0.089813 0.176329
0.175168 0.089710 0.176321
0.175345 0.089608 0.176312
0.175523 0.089505 0.176304
0.175715 0.089363 0.176389
0.175891 0.089262 0.176382
0.176067 0.089160 0.176374
0.176257 0.089019 0.176461
0.176432 0.088917 0.176454
0.176621 0.088777 0.176541
0.176795 0.088676 0.176535
0.176982 0.088536 0.176623
0.177155 0.088435 0.176618
0.177341 0.088296 0.176707
0.177527 0.088157 0.176797
0.177697 0.088057 0.176792
0.177868 0.087957 0.176788
0.178051 0.087819 0.176879
0.178221 0.087719 0.176876
0.178390 0.087620 0.176873
0.178558 0.087521 0.176870
0.178714 0.087460 0.176772
0.178882 0.087361 0.176769
0.179050 0.087263 0.176767
0.179217 0.087164 0.176765
0.179384 0.087066 0.176763
0.179562 0.086930 0.176858
0.179727 0.086832 0.176857
0.179904 0.086696 0.176952
0.180079 0.086561 0.177048
0.180254 0.086426 0.177144
0.180428 0.086291 0.177241
0.180591 0.086194 0.177241
0.180764 0.086060 0.177339
0.180935 0.085927 0.177437
0.181097 0.085830 0.177439
0.181257 0.085734 0.177441
0.181418 0.085639 0.177443
0.181569 0.085580 0.177348
0.181729 0.085484 0.177351
0.181888 0.085389 0.177354
0.182039 0.085330 0.177259
0.182197 0.085235 0.177263
0.182356 0.085140 0.177266
0.182506 0.085081 0.177172
0.182664 0.084986 0.177176
0.182821 0.084892 0.177180
0.182978 0.084797 0.177184
0.183128 0.084739 0.177090
0.183284 0.084645 0.177095
0.183440 0.084550 0.177100
0.183595 0.084456 0.177106
0.183750 0.084363 0.177111
0.183911 0.084233 0.177216
0.184065 0.084140 0.177223
0.184224 0.084011 0.177329
0.184383 0.083882 0.177435
0.184545 0.083719 0.177642
0.184702 0.083591 0.177750
0.184858 0.083463 0.177858
0.185012 0.083336 0.177967
0.185162 0.083244 0.177976
0.185311 0.083153 0.177985
0.185457 0.083096 0.177894
0.185602 0.083040 0.177803
0.185747 0.082983 0.177712
0.185892 0.082927 0.177621
0.186037 0.082871 0.177530
0.186182 0.082814 0.177438
0.186327 0.082758 0.177347
0.186469 0.082736 0.177155
0.186612 0.082713 0.176962
0.186758 0.082657 0.176871
0.186902 0.082634 0.176677
0.187047 0.082577 0.176586
0.187191 0.082555 0.176392
0.187337 0.082498 0.176301
0.187483 0.082441 0.176209
0.187628 0.082418 0.176015
0.187774 0.082361 0.175923
0.187920 0.082304 0.175831
0.188067 0.082214 0.175843
0.188213 0.082157 0.175751
0.188358 0.082100 0.175659
0.188504 0.082010 0.175671
0.188650 0.081954 0.175579
0.188794 0.081864 0.175592
0.188940 0.081807 0.175500
0.189084 0.081718 0.175513
0.189229 0.081661 0.175421
0.189373 0.081572 0.175434
0.189518 0.081515 0.175343
0.189663 0.081459 0.175252
0.189808 0.081402 0.175161
0.189953 0.081346 0.175070
0.190098 0.081289 0.174979
0.190243 0.081233 0.174888
0.190388 0.081176 0.174796
0.190533 0.081120 0.174705
0.190678 0.081063 0.174614
0.190823 0.081007 0.174523
0.190972 0.080982 0.174327
0.191118 0.080926 0.174235
0.191267 0.080901 0.174038
0.191413 0.080844 0.173947
0.191563 0.080819 0.173750
0.191713 0.080794 0.173552
0.191859 0.080737 0.173460
0.192011 0.080712 0.173262
0.192162 0.080686 0.173064
0.192308 0.080629 0.172972
0.192461 0.080604 0.172774
0.192607 0.080547 0.172682
0.192754 0.080490 0.172590
0.192907 0.080463 0.172390
0.193053 0.080406 0.172298
0.193200 0.080349 0.172206
0.193354 0.080323 0.172007
0.193508 0.080296 0.171807
0.193663 0.080269 0.171606
0.193818 0.080242 0.171406
0.193974 0.080215 0.171205
0.194130 0.080188 0.171004
0.194294 0.080191 0.170695
0.194451 0.080163 0.170493
0.194609 0.080135 0.170291
0.194766 0.080107 0.170089
0.194925 0.080079 0.169887
0.195083 0.080051 0.169684
0.195242 0.080022 0.169481
0.195392 0.079964 0.169387
0.195551 0.079935 0.169184
0.195711 0.079907 0.168981
0.195872 0.079878 0.168777
0.196022 0.079819 0.168682
0.196183 0.079790 0.168478
0.196345 0.079760 0.168274
0.196507 0.079731 0.168069
0.196657 0.079672 0.167974
0.196820 0.079642 0.167769
0.196971 0.079583 0.167674
0.197134 0.079553 0.167469
0.197285 0.079495 0.167374
0.197449 0.079464 0.167168
0.197613 0.079434 0.166962
0.197778 0.079403 0.166756
0.197956 0.079401 0.166438
0.198121 0.079370 0.166231
0.198287 0.079338 0.166023
0.198467 0.079335 0.165704
0.198634 0.079304 0.165496
0.198816 0.079300 0.165176
0.198998 0.079296 0.164856
0.199167 0.079263 0.164647
0.199336 0.079231 0.164437
0.199536 0.079254 0.164003
0.199736 0.079276 0.163568
0.199938 0.079298 0.163132
0.200141 0.079319 0.162696
0.200298 0.079258 0.162597
0.200519 0.079306 0.162046
0.200742 0.079353 0.161494
0.200966 0.079399 0.160941
0.201192 0.079445 0.160387
0.201403 0.079463 0.159946
0.201615 0.079481 0.159504
0.201828 0.079498 0.159061
0.202025 0.079488 0.158731
0.202205 0.079452 0.158515
0.165284 0.097069 0.170863
0.165518 0.096911 0.170922
0.165702 0.096840 0.170807
0.165910 0.096726 0.170779
0.166143 0.096568 0.170839
0.166400 0.096369 0.170987
0.166582 0.096298 0.170873
0.167545 0.095094 0.172847
0.167722 0.095025 0.172736
0.168299 0.094236 0.174127
0.168566 0.094000 0.174372
0.168785 0.093848 0.174441
0.168958 0.093781 0.174332
0.169198 0.093588 0.174491
0.169415 0.093437 0.174561
0.169631 0.093286 0.174632
0.169846 0.093136 0.174703
0.170083 0.092945 0.174864
0.170318 0.092754 0.175026
0.170530 0.092605 0.175099
0.170763 0.092414 0.175262
0.170973 0.092266 0.175336
0.171183 0.092118 0.175411
0.171392 0.091970 0.175486
0.171600 0.091823 0.175561
0.171787 0.091717 0.175547
0.171974 0.091611 0.175533
0.172160 0.091506 0.175519
0.172346 0.091400 0.175506
0.172550 0.091254 0.175583
0.172735 0.091149 0.175570
0.172919 0.091044 0.175558
0.173122 0.090899 0.175637
0.173324 0.090754 0.175716
0.173525 0.090609 0.175796
0.173725 0.090465 0.175877
0.173925 0.090321 0.175958
0.174124 0.090177 0.176040
0.174321 0.090034 0.176122
0.174501 0.089930 0.176112
0.174697 0.089788 0.176195
0.174893 0.089645 0.176278
0.175071 0.089543 0.176270
0.175265 0.089401 0.176354
0.175442 0.089299 0.176346
0.175635 0.089157 0.176432
0.175811 0.089056 0.176424
0.175986 0.088954 0.176417
0.176177 0.088814 0.176504
0.176351 0.088712 0.176497
0.176525 0.088612 0.176491
0.176714 0.088472 0.176579
0.176887 0.088371 0.176573
0.177074 0.088232 0.176662
0.177260 0.088093 0.176752
0.177432 0.087993 0.176747
0.177603 0.087893 0.176743
0.177773 0.087794 0.176739
0.177957 0.087656 0.176830
0.178127 0.087557 0.176826
0.178296 0.087458 0.176823
0.178465 0.087359 0.176820
0.178620 0.087298 0.176723
0.178788 0.087200 0.176720
0.178956 0.087101 0.176718
0.179123 0.087003 0.176716
0.179290 0.086905 0.176714
0.179468 0.086769 0.176809
0.179646 0.086634 0.176904
0.179811 0.086536 0.176903
0.179987 0.086401 0.176999
0.180162 0.086267 0.177095
0.180336 0.086133 0.177192
0.180509 0.085999 0.177290
0.180672 0.085902 0.177291
0.180844 0.085769 0.177389
0.181005 0.085673 0.177391
0.181166 0.085577 0.177393
0.181327 0.085481 0.177395
0.181487 0.085386 0.177398
0.181638 0.085327 0.177303
0.181797 0.085232 0.177306
0.181956 0.085137 0.177310
0.182115 0.085042 0.177313
0.182265 0.084983 0.177219
0.182423 0.084889 0.177223
0.182581 0.084794 0.177227
0.182738 0.084700 0.177231
0.182888 0.084641 0.177137
0.183044 0.084547 0.177142
0.183201 0.084453 0.177147
0.183356 0.084359 0.177152
0.183505 0.084301 0.177059
0.183661 0.084208 0.177064
0.183821 0.084079 0.177170
0.183976 0.083986 0.177176
0.184129 0.083893 0.177182
0.184294 0.083729 0.177389
0.184452 0.083601 0.177496
0.184608 0.083474 0.177604
0.184765 0.083347 0.177712
0.184925 0.083185 0.177921
0.185074 0.083093 0.177930
0.185224 0.083002 0.177939
0.185369 0.082946 0.177848
0.185518 0.082854 0.177858
0.185663 0.082798 0.177767
0.185804 0.082776 0.177575
0.185949 0.082720 0.177484
0.186094 0.082663 0.177393
0.186237 0.082641 0.177200
0.186382 0.082584 0.177109
0.186525 0.082562 0.176916
0.186670 0.082505 0.176825
0.186814 0.082483 0.176631
0.186958 0.082460 0.176438
0.187103 0.082403 0.176346
0.187249 0.082346 0.176255
0.187394 0.082323 0.176060
0.187540 0.082266 0.175969
0.187686 0.082209 0.175877
0.187832 0.082152 0.175785
0.187978 0.082096 0.175693
0.188125 0.082005 0.175705
0.188270 0.081949 0.175613
0.188416 0.081892 0.175522
0.188562 0.081802 0.175533
0.188707 0.081745 0.175442
0.188852 0.081656 0.175454
0.188997 0.081599 0.175363
0.189142 0.081510 0.175375
0.189287 0.081453 0.175284
0.189432 0.081397 0.175193
0.189575 0.081308 0.175206
0.189721 0.081251 0.175115
0.189866 0.081195 0.175024
0.190011 0.081138 0.174933
0.190156 0.081082 0.174842
0.190301 0.081026 0.174751
0.190446 0.080969 0.174659
0.190591 0.080913 0.174568
0.190739 0.080888 0.174372
0.190885 0.080831 0.174281
0.191030 0.080775 0.174189
0.191179 0.080750 0.173992
0.191329 0.080725 0.173795
0.191475 0.080668 0.173704
0.191625 0.080643 0.173506
0.191776 0.080617 0.173308
0.191922 0.080560 0.173216
0.192074 0.080534 0.173018
0.192220 0.080477 0.172926
0.192372 0.080451 0.172727
0.192519 0.080394 0.172635
0.192665 0.080337 0.172543
0.192818 0.080311 0.172344
0.192965 0.080254 0.172252
0.193118 0.080227 0.172052
0.193265 0.080170 0.171960
0.193419 0.080143 0.171760
0.193574 0.080116 0.171560
0.193729 0.080089 0.171359
0.193892 0.080092 0.171050
0.194048 0.080064 0.170849
0.194213 0.080066 0.170539
0.194370 0.080038 0.170338
0.194528 0.080010 0.170136
0.194685 0.079982 0.169933
0.194835 0.079924 0.169840
0.194993 0.079895 0.169637
0.195152 0.079867 0.169434
0.195302 0.079809 0.169340
0.195461 0.079780 0.169137
0.195611 0.079721 0.169043
0.195771 0.079692 0.168839
0.195921 0.079634 0.168745
0.196082 0.079604 0.168541
0.196243 0.079575 0.168336
0.196404 0.079545 0.168132
0.196555 0.079486 0.168037
0.196717 0.079457 0.167832
0.196868 0.079398 0.167737
0.197031 0.079368 0.167532
0.197194 0.079337 0.167326
0.197357 0.079307 0.167120
0.197521 0.079276 0.166914
0.197686 0.079245 0.166708
0.197851 0.079214 0.166501
0.198016 0.079183 0.166294
0.198195 0.079180 0.165975
0.198375 0.079176 0.165656
0.198542 0.079144 0.165448
0.198723 0.079140 0.165128
0.198891 0.079108 0.164919
0.199059 0.079075 0.164710
0.199243 0.079070 0.164389
0.199442 0.079092 0.163954
0.199627 0.079087 0.163631
0.199829 0.079108 0.163196
0.200047 0.079156 0.162646
0.200204 0.079095 0.162547
0.200424 0.079141 0.161996
0.200630 0.079161 0.161557
0.200854 0.079206 0.161004
0.201079 0.079251 0.160450
0.201306 0.079296 0.159895
0.201500 0.079286 0.159566
0.201696 0.079277 0.159237
0.201927 0.079319 0.158680
0.202107 0.079283 0.158463
0.165331 0.096849 0.170602
0.165541 0.096734 0.170574
0.165750 0.096620 0.170546
0.166058 0.096336 0.170869
0.166290 0.096179 0.170930
0.166472 0.096108 0.170815
0.167558 0.094698 0.173232
0.167734 0.094629 0.173121
0.168241 0.093971 0.174249
0.168462 0.093820 0.174318
0.168681 0.093668 0.174386
0.168853 0.093601 0.174278
0.169072 0.093450 0.174348
0.169289 0.093300 0.174418
0.169505 0.093150 0.174488
0.169721 0.093000 0.174559
0.169936 0.092851 0.174631
0.170172 0.092660 0.174793
0.170406 0.092470 0.174955
0.170618 0.092322 0.175029
0.170851 0.092132 0.175193
0.171082 0.091944 0.175358
0.171270 0.091837 0.175343
0.171479 0.091690 0.175418
0.171686 0.091544 0.175494
0.171873 0.091438 0.175480
0.172060 0.091333 0.175467
0.172245 0.091227 0.175453
0.172431 0.091122 0.175440
0.172616 0.091017 0.175427
0.172820 0.090872 0.175506
0.173004 0.090768 0.175493
0.173206 0.090623 0.175573
0.173408 0.090479 0.175653
0.173608 0.090335 0.175733
0.173808 0.090191 0.175814
0.174007 0.090048 0.175896
0.174206 0.089905 0.175978
0.174403 0.089762 0.176061
0.174600 0.089620 0.176144
0.174813 0.089438 0.176320
0.174991 0.089336 0.176312
0.175185 0.089194 0.176396
0.175378 0.089053 0.176481
0.175554 0.088952 0.176474
0.175746 0.088811 0.176560
0.175906 0.088749 0.176460
0.176081 0.088648 0.176453
0.176271 0.088508 0.176541
0.176445 0.088408 0.176535
0.176633 0.088268 0.176623
0.176806 0.088168 0.176617
0.176979 0.088068 0.176612
0.177165 0.087929 0.176702
0.177337 0.087830 0.176697
0.177508 0.087730 0.176693
0.177693 0.087593 0.176784
0.177863 0.087493 0.176780
0.178032 0.087394 0.176777
0.178202 0.087296 0.176774
0.178371 0.087197 0.176771
0.178526 0.087136 0.176673
0.178695 0.087038 0.176671
0.178862 0.086940 0.176669
0.179030 0.086841 0.176667
0.179197 0.086744 0.176665
0.179375 0.086608 0.176760
0.179553 0.086473 0.176855
0.179718 0.086376 0.176855
0.179894 0.086242 0.176951
0.180069 0.086108 0.177047
0.180244 0.085974 0.177144
0.180418 0.085840 0.177242
0.180590 0.085707 0.177340
0.180752 0.085611 0.177341
0.180914 0.085515 0.177343
0.181075 0.085420 0.177345
0.181236 0.085324 0.177348
0.181396 0.085229 0.177350
0.181556 0.085134 0.177353
0.181706 0.085075 0.177259
0.181865 0.084980 0.177262
0.182024 0.084886 0.177266
0.182183 0.084791 0.177269
0.182341 0.084697 0.177273
0.182498 0.084602 0.177278
0.182648 0.084544 0.177184
0.182805 0.084450 0.177188
0.182954 0.084392 0.177095
0.183111 0.084298 0.177100
0.183267 0.084205 0.177105
0.183422 0.084111 0.177111
0.183571 0.084053 0.177017
0.183732 0.083925 0.177123
0.183886 0.083832 0.177129
0.184040 0.083739 0.177136
0.184199 0.083611 0.177242
0.184358 0.083484 0.177350
0.184520 0.083321 0.177557
0.184676 0.083195 0.177666
0.184832 0.083068 0.177775
0.184982 0.082977 0.177784
0.185132 0.082886 0.177793
0.185281 0.082795 0.177802
0.185430 0.082704 0.177812
0.185575 0.082647 0.177721
0.185717 0.082625 0.177529
0.185862 0.082569 0.177438
0.186007 0.082512 0.177347
0.186149 0.082490 0.177154
0.186294 0.082433 0.177063
0.186437 0.082411 0.176870
0.186582 0.082354 0.176779
0.186726 0.082331 0.176585
0.186870 0.082308 0.176392
0.187015 0.082251 0.176300
0.187160 0.082228 0.176106
0.187306 0.082171 0.176014
0.187452 0.082114 0.175923
0.187598 0.082057 0.175831
0.187744 0.082001 0.175739
0.187890 0.081944 0.175647
0.188036 0.081887 0.175556
0.188182 0.081830 0.175464
0.188328 0.081740 0.175475
0.188474 0.081683 0.175384
0.188619 0.081594 0.175396
0.188764 0.081505 0.175408
0.188910 0.081448 0.175317
0.189055 0.081391 0.175225
0.189199 0.081302 0.175238
0.189344 0.081246 0.175147
0.189488 0.081157 0.175160
0.189633 0.081101 0.175069
0.189778 0.081044 0.174978
0.189923 0.080988 0.174887
0.190068 0.080931 0.174796
0.190213 0.080875 0.174705
0.190358 0.080818 0.174614
0.190503 0.080762 0.174523
0.190652 0.080737 0.174326
0.190797 0.080680 0.174235
0.190946 0.080655 0.174038
0.191092 0.080598 0.173946
0.191241 0.080573 0.173749
0.191391 0.080548 0.173551
0.191537 0.080491 0.173460
0.191688 0.080465 0.173262
0.191834 0.080408 0.173170
0.191986 0.080382 0.172972
0.192132 0.080325 0.172880
0.192284 0.080299 0.172681
0.192430 0.080242 0.172589
0.192583 0.080215 0.172390
0.192730 0.080158 0.172298
0.192876 0.080101 0.172206
0.193030 0.080074 0.172006
0.193184 0.080047 0.171806
0.193338 0.080020 0.171606
0.193493 0.079993 0.171405
0.193648 0.079965 0.171205
0.193811 0.079968 0.170896
0.193967 0.079940 0.170694
0.194132 0.079942 0.170384
0.194280 0.079884 0.170291
0.194438 0.079855 0.170089
0.194595 0.079827 0.169886
0.194754 0.079798 0.169684
0.194903 0.079740 0.169590
0.195062 0.079711 0.169387
0.195211 0.079653 0.169293
0.195361 0.079595 0.169199
0.195520 0.079566 0.168995
0.195670 0.079507 0.168901
0.195830 0.079478 0.168697
0.195980 0.079419 0.168603
0.196141 0.079390 0.168399
0.196302 0.079360 0.168194
0.196464 0.079330 0.167989
0.196615 0.079271 0.167895
0.196777 0.079241 0.167690
0.196928 0.079182 0.167595
0.197091 0.079152 0.167389
0.197254 0.079121 0.167183
0.197418 0.079090 0.166977
0.197582 0.079059 0.166771
0.197759 0.079056 0.166453
0.197924 0.079025 0.166246
0.198103 0.079021 0.165927
0.198269 0.078989 0.165719
0.198449 0.078985 0.165399
0.198630 0.078980 0.165079
0.198798 0.078948 0.164870
0.198966 0.078915 0.164661
0.199135 0.078882 0.164452
0.199334 0.078904 0.164018
0.199518 0.078898 0.163695
0.199734 0.078945 0.163146
0.199936 0.078965 0.162709
0.200093 0.078904 0.162611
0.200313 0.078951 0.162060
0.200534 0.078996 0.161507
0.200758 0.079041 0.160954
0.200982 0.079085 0.160399
0.201192 0.079102 0.159958
0.201386 0.079092 0.159629
0.201598 0.079108 0.159186
0.201812 0.079124 0.158742
0.201991 0.079087 0.158526
0.165118 0.096828 0.170194
0.165353 0.096671 0.170253
0.165588 0.096514 0.170312
0.165947 0.096145 0.170811
0.166130 0.096074 0.170696
0.167452 0.094515 0.173176
0.167628 0.094446 0.173066
0.168137 0.093791 0.174194
0.168357 0.093640 0.174263
0.168553 0.093531 0.174243
0.168726 0.093463 0.174134
0.168922 0.093355 0.174115
0.169140 0.093204 0.174185
0.169380 0.093013 0.174345
0.169596 0.092864 0.174416
0.169833 0.092673 0.174577
0.170047 0.092525 0.174649
0.170283 0.092335 0.174812
0.170517 0.092146 0.174975
0.170728 0.091998 0.175050
0.170960 0.091810 0.175214
0.171148 0.091704 0.175199
0.171357 0.091557 0.175275
0.171565 0.091411 0.175351
0.171753 0.091306 0.175337
0.171939 0.091200 0.175323
0.172125 0.091095 0.175310
0.172311 0.090990 0.175296
0.172497 0.090885 0.175283
0.172701 0.090740 0.175362
0.172885 0.090636 0.175350
0.173088 0.090492 0.175429
0.173290 0.090348 0.175509
0.173491 0.090204 0.175590
0.173710 0.090021 0.175763
0.173909 0.089878 0.175845
0.174108 0.089736 0.175927
0.174305 0.089593 0.176010
0.174502 0.089451 0.176093
0.174715 0.089270 0.176269
0.174893 0.089168 0.176261
0.175088 0.089027 0.176346
0.175281 0.088887 0.176431
0.175458 0.088785 0.176424
0.175650 0.088645 0.176510
0.175825 0.088544 0.176503
0.176000 0.088444 0.176497
0.176190 0.088304 0.176584
0.176364 0.088204 0.176578
0.176538 0.088104 0.176573
0.176711 0.088004 0.176568
0.176898 0.087865 0.176657
0.177070 0.087766 0.176652
0.177242 0.087666 0.176648
0.177427 0.087529 0.176738
0.177598 0.087430 0.176734
0.177768 0.087331 0.176731
0.177938 0.087232 0.176728
0.178108 0.087133 0.176725
0.178277 0.087035 0.176722
0.178432 0.086974 0.176624
0.178601 0.086876 0.176622
0.178769 0.086778 0.176620
0.178936 0.086680 0.176618
0.179115 0.086545 0.176712
0.179282 0.086448 0.176711
0.179460 0.086313 0.176806
0.179637 0.086179 0.176902
0.179813 0.086045 0.176998
0.179977 0.085948 0.176999
0.180152 0.085815 0.177096
0.180326 0.085682 0.177194
0.180499 0.085549 0.177292
0.180671 0.085417 0.177390
0.180822 0.085358 0.177295
0.180984 0.085263 0.177298
0.181144 0.085167 0.177300
0.181305 0.085072 0.177303
0.181465 0.084977 0.177306
0.181624 0.084883 0.177309
0.181784 0.084788 0.177312
0.181942 0.084693 0.177316
0.182101 0.084599 0.177320
0.182259 0.084505 0.177324
0.182408 0.084447 0.177230
0.182565 0.084353 0.177235
0.182715 0.084295 0.177141
0.182871 0.084201 0.177146
0.183028 0.084108 0.177152
0.183177 0.084050 0.177058
0.183332 0.083956 0.177064
0.183488 0.083863 0.177070
0.183642 0.083770 0.177076
0.183797 0.083678 0.177082
0.183951 0.083585 0.177089
0.184110 0.083458 0.177196
0.184269 0.083331 0.177303
0.184426 0.083204 0.177411
0.184588 0.083043 0.177620
0.184739 0.082951 0.177628
0.184894 0.082826 0.177738
0.185044 0.082735 0.177747
0.185190 0.082678 0.177656
0.185339 0.082587 0.177665
0.185484 0.082531 0.177574
0.185629 0.082474 0.177483
0.185774 0.082418 0.177392
0.185916 0.082395 0.177200
0.186061 0.082339 0.177108
0.186206 0.082282 0.177017
0.186349 0.082259 0.176824
0.186492 0.082236 0.176631
0.186638 0.082180 0.176539
0.186781 0.082156 0.176346
0.186927 0.082100 0.176254
0.187072 0.082076 0.176060
0.187218 0.082019 0.175968
0.187364 0.081962 0.175876
0.187510 0.081905 0.175785
0.187656 0.081849 0.175693
0.187802 0.081792 0.175601
0.187948 0.081735 0.175509
0.188094 0.081678 0.175418
0.188240 0.081588 0.175429
0.188386 0.081532 0.175338
0.188531 0.081442 0.175350
0.188676 0.081353 0.175362
0.188822 0.081297 0.175271
0.188967 0.081240 0.175179
0.189112 0.081151 0.175192
0.189257 0.081095 0.175101
0.189400 0.081006 0.175114
0.189545 0.080950 0.175023
0.189690 0.080893 0.174932
0.189836 0.080837 0.174841
0.189981 0.080780 0.174750
0.190126 0.080724 0.174659
0.190271 0.080667 0.174568
0.190419 0.080642 0.174371
0.190564 0.080586 0.174280
0.190713 0.080560 0.174083
0.190858 0.080504 0.173992
0.191008 0.080478 0.173794
0.191153 0.080422 0.173703
0.191303 0.080396 0.173505
0.191454 0.080370 0.173307
0.191600 0.080313 0.173216
0.191746 0.080256 0.173124
0.191897 0.080230 0.172925
0.192044 0.080173 0.172834
0.192195 0.080147 0.172635
0.192342 0.080090 0.172543
0.192494 0.080063 0.172343
0.192641 0.080006 0.172251
0.192794 0.079979 0.172052
0.192941 0.079922 0.171959
0.193095 0.079894 0.171759
0.193249 0.079867 0.171559
0.193403 0.079840 0.171359
0.193566 0.079842 0.171050
0.193721 0.079814 0.170849
0.193885 0.079815 0.170539
0.194042 0.079787 0.170337
0.194199 0.079758 0.170135
0.194356 0.079730 0.169933
0.194514 0.079701 0.169730
0.194663 0.079643 0.169636
0.194813 0.079585 0.169543
0.194971 0.079556 0.169339
0.195121 0.079497 0.169246
0.195271 0.079439 0.169152
0.195420 0.079381 0.169058
0.195580 0.079351 0.168854
0.195730 0.079293 0.168760
0.195890 0.079263 0.168556
0.196051 0.079233 0.168351
0.196201 0.079175 0.168257
0.196362 0.079145 0.168052
0.196512 0.079086 0.167958
0.196663 0.079028 0.167863
0.196825 0.078997 0.167658
0.196987 0.078967 0.167453
0.197163 0.078964 0.167136
0.197326 0.078933 0.166929
0.197490 0.078902 0.166723
0.197654 0.078870 0.166516
0.197832 0.078866 0.166198
0.198011 0.078862 0.165879
0.198177 0.078830 0.165671
0.198357 0.078825 0.165351
0.198524 0.078793 0.165143
0.198705 0.078788 0.164822
0.198873 0.078755 0.164613
0.199042 0.078722 0.164403
0.199226 0.078716 0.164081
0.199425 0.078736 0.163646
0.199625 0.078756 0.163210
0.199842 0.078802 0.162660
0.199999 0.078741 0.162561
0.200202 0.078760 0.162123
0.200423 0.078805 0.161571
0.200629 0.078822 0.161131
0.200853 0.078866 0.160576
0.201062 0.078882 0.160135
0.201272 0.078899 0.159692
0.201484 0.078914 0.159249
0.201697 0.078929 0.158805
0.201876 0.078892 0.158589
0.164165 0.097546 0.168799
0.164536 0.097175 0.169292
0.164903 0.096805 0.169786
0.165140 0.096648 0.169844
0.165401 0.096449 0.169991
0.165837 0.095955 0.170753
0.166020 0.095884 0.170638
0.168032 0.093611 0.174140
0.168229 0.093501 0.174119
0.168426 0.093393 0.174100
0.168599 0.093325 0.173991
0.168818 0.093175 0.174060
0.169013 0.093067 0.174041
0.169231 0.092917 0.174112
0.169448 0.092768 0.174183
0.169686 0.092578 0.174344
0.169901 0.092430 0.174416
0.170137 0.092241 0.174579
0.170371 0.092052 0.174742
0.170605 0.091864 0.174906
0.170816 0.091717 0.174981
0.171047 0.091530 0.175146
0.171236 0.091424 0.175132
0.171444 0.091278 0.175208
0.171632 0.091173 0.175194
0.171819 0.091067 0.175180
0.172005 0.090962 0.175166
0.172191 0.090858 0.175153
0.172397 0.090713 0.175231
0.172582 0.090608 0.175218
0.172766 0.090504 0.175206
0.172970 0.090360 0.175285
0.173191 0.090177 0.175457
0.173392 0.090034 0.175538
0.173593 0.089891 0.175619
0.173793 0.089748 0.175701
0.173992 0.089606 0.175783
0.174208 0.089425 0.175958
0.174405 0.089283 0.176042
0.174618 0.089103 0.176218
0.174813 0.088962 0.176303
0.175008 0.088822 0.176388
0.175185 0.088720 0.176380
0.175378 0.088580 0.176466
0.175570 0.088441 0.176553
0.175745 0.088340 0.176546
0.175920 0.088240 0.176540
0.176095 0.088139 0.176534
0.176284 0.088001 0.176622
0.176458 0.087901 0.176617
0.176631 0.087801 0.176612
0.176803 0.087702 0.176607
0.176990 0.087564 0.176697
0.177162 0.087465 0.176693
0.177333 0.087366 0.176689
0.177504 0.087267 0.176685
0.177674 0.087168 0.176681
0.177844 0.087070 0.176678
0.178013 0.086971 0.176675
0.178183 0.086873 0.176673
0.178338 0.086812 0.176575
0.178507 0.086714 0.176573
0.178675 0.086616 0.176571
0.178843 0.086519 0.176569
0.179022 0.086384 0.176663
0.179189 0.086287 0.176662
0.179367 0.086153 0.176758
0.179544 0.086019 0.176854
0.179720 0.085886 0.176950
0.179885 0.085789 0.176950
0.180060 0.085656 0.177048
0.180234 0.085524 0.177145
0.180407 0.085391 0.177244
0.180580 0.085259 0.177343
0.180741 0.085164 0.177345
0.180892 0.085105 0.177250
0.181063 0.084974 0.177350
0.181223 0.084879 0.177353
0.181383 0.084785 0.177356
0.181543 0.084690 0.177359
0.181702 0.084596 0.177363
0.181852 0.084537 0.177269
0.182010 0.084443 0.177273
0.182168 0.084349 0.177277
0.182326 0.084256 0.177282
0.182475 0.084198 0.177188
0.182632 0.084104 0.177193
0.182781 0.084046 0.177099
0.182938 0.083953 0.177105
0.183094 0.083860 0.177110
0.183243 0.083802 0.177017
0.183398 0.083709 0.177023
0.183553 0.083616 0.177029
0.183708 0.083523 0.177035
0.183862 0.083431 0.177042
0.184015 0.083339 0.177049
0.184174 0.083212 0.177157
0.184332 0.083086 0.177264
0.184490 0.082960 0.177373
0.184646 0.082834 0.177482
0.184797 0.082743 0.177491
0.184952 0.082618 0.177600
0.185098 0.082561 0.177509
0.185247 0.082470 0.177519
0.185393 0.082414 0.177427
0.185538 0.082357 0.177336
0.185683 0.082301 0.177245
0.185825 0.082278 0.177052
0.185970 0.082221 0.176961
0.186116 0.082165 0.176869
0.186261 0.082108 0.176778
0.186404 0.082085 0.176585
0.186548 0.082061 0.176391
0.186693 0.082005 0.176299
0.186837 0.081981 0.176105
0.186983 0.081924 0.176014
0.187130 0.081867 0.175922
0.187276 0.081810 0.175830
0.187422 0.081753 0.175738
0.187568 0.081697 0.175647
0.187714 0.081640 0.175555
0.187860 0.081583 0.175463
0.188006 0.081493 0.175475
0.188152 0.081437 0.175383
0.188298 0.081380 0.175292
0.188444 0.081291 0.175304
0.188589 0.081202 0.175316
0.188734 0.081145 0.175225
0.188880 0.081089 0.175134
0.189024 0.081000 0.175146
0.189169 0.080944 0.175055
0.189313 0.080855 0.175069
0.189458 0.080799 0.174977
0.189603 0.080742 0.174886
0.189748 0.080686 0.174795
0.189893 0.080629 0.174704
0.190038 0.080573 0.174613
0.190183 0.080516 0.174522
0.190331 0.080491 0.174325
0.190476 0.080435 0.174234
0.190625 0.080409 0.174037
0.190771 0.080353 0.173946
0.190920 0.080327 0.173748
0.191070 0.080301 0.173551
0.191220 0.080275 0.173353
0.191366 0.080218 0.173261
0.191512 0.080161 0.173169
0.191658 0.080104 0.173078
0.191809 0.080078 0.172879
0.191955 0.080021 0.172787
0.192107 0.079994 0.172588
0.192254 0.079937 0.172496
0.192406 0.079910 0.172297
0.192553 0.079853 0.172205
0.192706 0.079826 0.172005
0.192852 0.079769 0.171913
0.193006 0.079741 0.171713
0.193160 0.079714 0.171513
0.193322 0.079716 0.171204
0.193477 0.079688 0.171003
0.193640 0.079689 0.170694
0.193803 0.079690 0.170384
0.193960 0.079662 0.170182
0.194109 0.079604 0.170088
0.194266 0.079575 0.169886
0.194424 0.079546 0.169683
0.194573 0.079488 0.169589
0.194723 0.079429 0.169495
0.194872 0.079371 0.169402
0.195021 0.079313 0.169308
0.195180 0.079284 0.169104
0.195330 0.079225 0.169010
0.195479 0.079167 0.168916
0.195629 0.079109 0.168822
0.195789 0.079079 0.168618
0.195949 0.079049 0.168414
0.196110 0.079019 0.168210
0.196260 0.078960 0.168115
0.196410 0.078902 0.168021
0.196572 0.078871 0.167816
0.196734 0.078841 0.167610
0.196896 0.078810 0.167405
0.197059 0.078779 0.167199
0.197223 0.078748 0.166993
0.197399 0.078744 0.166675
0.197563 0.078712 0.166468
0.197740 0.078708 0.166150
0.197919 0.078703 0.165830
0.198085 0.078671 0.165623
0.198264 0.078666 0.165303
0.198431 0.078633 0.165094
0.198599 0.078601 0.164885
0.198781 0.078595 0.164564
0.198949 0.078561 0.164355
0.199132 0.078555 0.164032
0.199316 0.078548 0.163710
0.199516 0.078567 0.163273
0.199717 0.078586 0.162836
0.199873 0.078525 0.162738
0.200092 0.078570 0.162187
0.200296 0.078588 0.161747
0.200518 0.078631 0.161194
0.200741 0.078674 0.160640
0.200949 0.078690 0.160198
0.201159 0.078705 0.159755
0.201353 0.078695 0.159426
0.201565 0.078709 0.158982
0.201761 0.078698 0.158652
0.164051 0.097349 0.168739
0.164423 0.096980 0.169232
0.164610 0.096907 0.169115
0.166385 0.094898 0.172253
0.166763 0.094494 0.172846
0.166940 0.094425 0.172734
0.167434 0.093815 0.173772
0.167682 0.093622 0.173928
0.167927 0.093430 0.174085
0.168101 0.093363 0.173976
0.168298 0.093254 0.173956
0.168471 0.093187 0.173847
0.168690 0.093037 0.173917
0.168886 0.092928 0.173898
0.169104 0.092779 0.173968
0.169322 0.092630 0.174039
0.169538 0.092482 0.174111
0.169776 0.092293 0.174272
0.170012 0.092105 0.174435
0.170248 0.091917 0.174599
0.170482 0.091729 0.174763
0.170693 0.091582 0.174837
0.170904 0.091436 0.174912
0.171114 0.091290 0.174988
0.171323 0.091144 0.175064
0.171510 0.091039 0.175050
0.171718 0.090894 0.175127
0.171905 0.090789 0.175114
0.172091 0.090685 0.175100
0.172277 0.090580 0.175087
0.172462 0.090476 0.175075
0.172667 0.090332 0.175154
0.172870 0.090189 0.175233
0.173054 0.090085 0.175222
0.173256 0.089942 0.175302
0.173457 0.089799 0.175383
0.173676 0.089618 0.175557
0.173875 0.089476 0.175639
0.174092 0.089295 0.175815
0.174307 0.089115 0.175991
0.174521 0.088935 0.176167
0.174717 0.088795 0.176252
0.174911 0.088655 0.176337
0.175105 0.088515 0.176423
0.175298 0.088376 0.176509
0.175474 0.088275 0.176502
0.175666 0.088136 0.176590
0.175840 0.088036 0.176583
0.176015 0.087936 0.176578
0.176189 0.087836 0.176572
0.176362 0.087737 0.176567
0.176551 0.087599 0.176656
0.176723 0.087500 0.176651
0.176895 0.087401 0.176647
0.177067 0.087302 0.176643
0.177253 0.087165 0.176734
0.177423 0.087066 0.176730
0.177594 0.086968 0.176727
0.177763 0.086870 0.176724
0.177933 0.086772 0.176721
0.178089 0.086711 0.176624
0.178244 0.086650 0.176526
0.178413 0.086553 0.176524
0.178581 0.086455 0.176522
0.178762 0.086320 0.176616
0.178929 0.086223 0.176615
0.179108 0.086089 0.176710
0.179274 0.085993 0.176709
0.179451 0.085859 0.176805
0.179628 0.085726 0.176902
0.179792 0.085630 0.176902
0.179968 0.085497 0.176999
0.180142 0.085365 0.177097
0.180316 0.085233 0.177196
0.180488 0.085102 0.177295
0.180650 0.085007 0.177297
0.180811 0.084912 0.177299
0.180972 0.084817 0.177302
0.181132 0.084723 0.177305
0.181292 0.084628 0.177308
0.181452 0.084534 0.177312
0.181611 0.084440 0.177316
0.181770 0.084346 0.177320
0.181928 0.084252 0.177324
0.182078 0.084194 0.177230
0.182236 0.084100 0.177234
0.182393 0.084007 0.177239
0.182542 0.083949 0.177146
0.182699 0.083856 0.177151
0.182848 0.083798 0.177057
0.183004 0.083705 0.177063
0.183153 0.083647 0.176970
0.183308 0.083554 0.176976
0.183463 0.083462 0.176982
0.183618 0.083369 0.176989
0.183772 0.083277 0.176995
0.183926 0.083185 0.177003
0.184085 0.083059 0.177110
0.184238 0.082967 0.177118
0.184391 0.082876 0.177126
0.184553 0.082716 0.177335
0.184704 0.082625 0.177344
0.184855 0.082534 0.177353
0.185005 0.082444 0.177362
0.185155 0.082353 0.177372
0.185301 0.082297 0.177280
0.185446 0.082240 0.177189
0.185592 0.082183 0.177098
0.185737 0.082127 0.177006
0.185879 0.082103 0.176813
0.186025 0.082047 0.176722
0.186171 0.081990 0.176630
0.186314 0.081966 0.176437
0.186460 0.081910 0.176345
0.186605 0.081853 0.176253
0.186749 0.081829 0.176059
0.186895 0.081772 0.175968
0.187041 0.081715 0.175876
0.187187 0.081658 0.175784
0.187334 0.081602 0.175692
0.187480 0.081545 0.175601
0.187626 0.081488 0.175509
0.187772 0.081399 0.175520
0.187918 0.081342 0.175429
0.188064 0.081285 0.175337
0.188210 0.081196 0.175349
0.188355 0.081107 0.175362
0.188501 0.081051 0.175270
0.188646 0.080994 0.175179
0.188791 0.080906 0.175192
0.188936 0.080849 0.175101
0.189080 0.080761 0.175114
0.189225 0.080704 0.175023
0.189370 0.080648 0.174932
0.189514 0.080560 0.174945
0.189658 0.080504 0.174854
0.189803 0.080447 0.174763
0.189951 0.080422 0.174567
0.190096 0.080366 0.174476
0.190241 0.080309 0.174385
0.190389 0.080284 0.174188
0.190537 0.080258 0.173991
0.190683 0.080201 0.173900
0.190832 0.080175 0.173702
0.190982 0.080149 0.173505
0.191132 0.080123 0.173307
0.191278 0.080066 0.173215
0.191428 0.080040 0.173017
0.191574 0.079983 0.172925
0.191721 0.079926 0.172833
0.191867 0.079869 0.172741
0.192019 0.079842 0.172542
0.192165 0.079785 0.172450
0.192317 0.079758 0.172251
0.192470 0.079730 0.172051
0.192617 0.079673 0.171959
0.192764 0.079616 0.171867
0.192917 0.079588 0.171667
0.193071 0.079561 0.171466
0.193232 0.079562 0.171157
0.193387 0.079534 0.170956
0.193550 0.079535 0.170647
0.193714 0.079535 0.170336
0.193870 0.079507 0.170134
0.194019 0.079449 0.170041
0.194176 0.079420 0.169838
0.194334 0.079390 0.169636
0.194483 0.079332 0.169542
0.194633 0.079274 0.169448
0.194782 0.079216 0.169354
0.194931 0.079158 0.169260
0.195081 0.079100 0.169167
0.195230 0.079041 0.169073
0.195379 0.078983 0.168979
0.195539 0.078953 0.168775
0.195688 0.078895 0.168681
0.195848 0.078865 0.168477
0.196009 0.078835 0.168272
0.196159 0.078776 0.168178
0.196320 0.078746 0.167973
0.196470 0.078687 0.167879
0.196632 0.078656 0.167674
0.196805 0.078653 0.167357
0.196968 0.078622 0.167151
0.197131 0.078590 0.166945
0.197307 0.078586 0.166627
0.197471 0.078554 0.166420
0.197649 0.078550 0.166102
0.197827 0.078545 0.165782
0.197992 0.078512 0.165574
0.198172 0.078507 0.165254
0.198339 0.078474 0.165046
0.198506 0.078441 0.164837
0.198674 0.078408 0.164628
0.198842 0.078374 0.164419
0.199010 0.078341 0.164209
0.199193 0.078334 0.163886
0.199393 0.078353 0.163450
0.199608 0.078397 0.162900
0.199764 0.078337 0.162802
0.199966 0.078354 0.162364
0.200185 0.078398 0.161811
0.200390 0.078414 0.161371
0.200613 0.078456 0.160817
0.200836 0.078497 0.160261
0.201045 0.078513 0.159819
0.201239 0.078501 0.159490
0.201451 0.078515 0.159046
0.201646 0.078504 0.158715
0.163806 0.097364 0.168243
0.164152 0.097037 0.168649
0.164341 0.096964 0.168530
0.166277 0.094712 0.172196
0.166656 0.094310 0.172790
0.166833 0.094241 0.172678
0.167353 0.093592 0.173805
0.167601 0.093400 0.173962
0.167799 0.093291 0.173941
0.167996 0.093182 0.173921
0.168193 0.093074 0.173901
0.168366 0.093006 0.173792
0.168563 0.092898 0.173773
0.168759 0.092790 0.173754
0.168977 0.092641 0.173824
0.169195 0.092493 0.173895
0.169412 0.092344 0.173967
0.169628 0.092197 0.174039
0.169865 0.092009 0.174201
0.170123 0.091781 0.174455
0.170336 0.091634 0.174529
0.170570 0.091447 0.174694
0.170781 0.091301 0.174769
0.171013 0.091116 0.174935
0.171201 0.091011 0.174921
0.171410 0.090866 0.174997
0.171597 0.090761 0.174983
0.171784 0.090656 0.174970
0.171971 0.090551 0.174957
0.172157 0.090447 0.174943
0.172343 0.090343 0.174931
0.172547 0.090199 0.175010
0.172751 0.090056 0.175089
0.172936 0.089953 0.175078
0.173138 0.089810 0.175158
0.173358 0.089629 0.175331
0.173577 0.089448 0.175505
0.173777 0.089306 0.175588
0.173994 0.089126 0.175763
0.174209 0.088947 0.175939
0.174424 0.088768 0.176116
0.174585 0.088705 0.176015
0.174815 0.088488 0.176287
0.175009 0.088349 0.176372
0.175202 0.088210 0.176459
0.175394 0.088071 0.176546
0.175570 0.087971 0.176539
0.175745 0.087871 0.176533
0.175935 0.087733 0.176621
0.176109 0.087634 0.176616
0.176298 0.087496 0.176705
0.176471 0.087397 0.176701
0.176643 0.087298 0.176696
0.176815 0.087199 0.176692
0.176987 0.087101 0.176688
0.177158 0.087002 0.176684
0.177329 0.086904 0.176681
0.177499 0.086806 0.176678
0.177669 0.086708 0.176675
0.177839 0.086610 0.176672
0.178008 0.086512 0.176670
0.178164 0.086451 0.176572
0.178332 0.086354 0.176570
0.178500 0.086257 0.176568
0.178668 0.086159 0.176567
0.178835 0.086062 0.176566
0.179015 0.085929 0.176661
0.179181 0.085832 0.176660
0.179358 0.085699 0.176756
0.179535 0.085567 0.176853
0.179711 0.085434 0.176950
0.179887 0.085302 0.177048
0.180050 0.085207 0.177049
0.180224 0.085076 0.177148
0.180397 0.084944 0.177247
0.180559 0.084850 0.177249
0.180720 0.084755 0.177252
0.180881 0.084660 0.177254
0.181051 0.084530 0.177355
0.181211 0.084436 0.177359
0.181371 0.084342 0.177362
0.181530 0.084248 0.177366
0.181689 0.084155 0.177370
0.181838 0.084097 0.177276
0.181996 0.084003 0.177281
0.182154 0.083910 0.177286
0.182303 0.083852 0.177192
0.182452 0.083794 0.177099
0.182609 0.083701 0.177104
0.182766 0.083608 0.177109
0.182914 0.083550 0.177016
0.183070 0.083458 0.177022
0.183226 0.083365 0.177028
0.183374 0.083307 0.176935
0.183529 0.083215 0.176942
0.183683 0.083123 0.176949
0.183837 0.083031 0.176956
0.183991 0.082940 0.176963
0.184144 0.082848 0.176971
0.184302 0.082723 0.177079
0.184449 0.082666 0.176987
0.184601 0.082575 0.176995
0.184762 0.082416 0.177206
0.184913 0.082326 0.177215
0.185059 0.082269 0.177123
0.185209 0.082179 0.177133
0.185354 0.082122 0.177042
0.185500 0.082065 0.176950
0.185646 0.082009 0.176859
0.185791 0.081952 0.176767
0.185937 0.081895 0.176676
0.186083 0.081838 0.176584
0.186226 0.081815 0.176390
0.186372 0.081758 0.176299
0.186515 0.081734 0.176105
0.186661 0.081677 0.176013
0.186807 0.081620 0.175921
0.186953 0.081563 0.175830
0.187099 0.081506 0.175738
0.187245 0.081450 0.175646
0.187391 0.081393 0.175554
0.187538 0.081304 0.175566
0.187684 0.081247 0.175474
0.187830 0.081190 0.175383
0.187976 0.081101 0.175395
0.188122 0.081045 0.175303
0.188268 0.080956 0.175316
0.188413 0.080899 0.175224
0.188558 0.080811 0.175237
0.188703 0.080755 0.175146
0.188848 0.080666 0.175159
0.188993 0.080610 0.175068
0.189138 0.080553 0.174977
0.189281 0.080466 0.174991
0.189426 0.080409 0.174900
0.189571 0.080353 0.174809
0.189716 0.080297 0.174718
0.189861 0.080240 0.174627
0.190008 0.080215 0.174430
0.190153 0.080158 0.174339
0.190298 0.080102 0.174248
0.190446 0.080076 0.174051
0.190595 0.080050 0.173854
0.190744 0.080024 0.173656
0.190894 0.079997 0.173459
0.191043 0.079971 0.173261
0.191189 0.079914 0.173169
0.191340 0.079887 0.172970
0.191486 0.079830 0.172879
0.191632 0.079773 0.172787
0.191784 0.079746 0.172588
0.191930 0.079689 0.172496
0.192077 0.079632 0.172404
0.192229 0.079605 0.172204
0.192381 0.079578 0.172005
0.192534 0.079550 0.171805
0.192681 0.079493 0.171712
0.192835 0.079465 0.171512
0.192989 0.079437 0.171311
0.193143 0.079408 0.171111
0.193305 0.079409 0.170801
0.193461 0.079380 0.170600
0.193616 0.079352 0.170398
0.193773 0.079323 0.170196
0.193929 0.079294 0.169994
0.194078 0.079236 0.169900
0.194235 0.079206 0.169698
0.194385 0.079148 0.169604
0.194534 0.079090 0.169510
0.194683 0.079032 0.169417
0.194832 0.078974 0.169323
0.194981 0.078916 0.169229
0.195130 0.078858 0.169136
0.195289 0.078828 0.168932
0.195439 0.078770 0.168838
0.195588 0.078712 0.168744
0.195748 0.078681 0.168540
0.195908 0.078651 0.168336
0.196057 0.078593 0.168242
0.196218 0.078562 0.168037
0.196379 0.078531 0.167832
0.196541 0.078500 0.167626
0.196714 0.078496 0.167310
0.196877 0.078465 0.167104
0.197040 0.078433 0.166897
0.197216 0.078429 0.166579
0.197380 0.078397 0.166372
0.197557 0.078391 0.166053
0.197735 0.078386 0.165734
0.197900 0.078353 0.165526
0.198079 0.078347 0.165206
0.198246 0.078314 0.164997
0.198413 0.078281 0.164788
0.198581 0.078248 0.164579
0.198735 0.078188 0.164483
0.198917 0.078180 0.164160
0.199086 0.078147 0.163950
0.199299 0.078191 0.163401
0.199484 0.078183 0.163077
0.199640 0.078122 0.162979
0.199856 0.078165 0.162428
0.200059 0.078182 0.161989
0.200279 0.078224 0.161435
0.200501 0.078265 0.160880
0.200708 0.078280 0.160439
0.200932 0.078320 0.159882
0.201126 0.078309 0.159553
0.201336 0.078322 0.159109
0.201531 0.078310 0.158779
0.163559 0.097376 0.167746
0.163907 0.097050 0.168152
0.164097 0.096977 0.168032
0.167273 0.093369 0.173839
0.167496 0.093219 0.173907
0.167694 0.093111 0.173886
0.167892 0.093002 0.173866
0.168065 0.092935 0.173757
0.168238 0.092867 0.173649
0.168435 0.092759 0.173629
0.168655 0.092610 0.173699
0.168850 0.092502 0.173680
0.169069 0.092354 0.173751
0.169286 0.092206 0.173823
0.169502 0.092059 0.173895
0.169740 0.091871 0.174057
0.169977 0.091684 0.174221
0.170212 0.091498 0.174385
0.170447 0.091312 0.174550
0.170680 0.091126 0.174716
0.170890 0.090981 0.174791
0.171100 0.090836 0.174868
0.171288 0.090732 0.174854
0.171476 0.090627 0.174840
0.171684 0.090483 0.174917
0.171870 0.090378 0.174904
0.172057 0.090274 0.174891
0.172243 0.090170 0.174878
0.172428 0.090066 0.174866
0.172632 0.089924 0.174945
0.172817 0.089820 0.174933
0.173020 0.089678 0.175014
0.173241 0.089497 0.175187
0.173442 0.089356 0.175269
0.173661 0.089176 0.175444
0.173878 0.088996 0.175619
0.174094 0.088817 0.175796
0.174327 0.088600 0.176066
0.174488 0.088538 0.175964
0.174718 0.088322 0.176236
0.174912 0.088183 0.176322
0.175106 0.088044 0.176408
0.175315 0.087868 0.176589
0.175490 0.087768 0.176583
0.175665 0.087668 0.176577
0.175856 0.087531 0.176665
0.176029 0.087432 0.176660
0.176218 0.087295 0.176750
0.176376 0.087234 0.176651
0.176564 0.087097 0.176741
0.176736 0.086999 0.176737
0.176907 0.086900 0.176733
0.177078 0.086802 0.176730
0.177249 0.086704 0.176726
0.177419 0.086606 0.176723
0.177589 0.086508 0.176721
0.177759 0.086411 0.176718
0.177914 0.086350 0.176621
0.178070 0.086290 0.176523
0.178238 0.086192 0.176521
0.178407 0.086095 0.176519
0.178587 0.085962 0.176614
0.178755 0.085865 0.176613
0.178921 0.085768 0.176612
0.179100 0.085636 0.176708
0.179266 0.085539 0.176708
0.179443 0.085407 0.176805
0.179619 0.085275 0.176902
0.179795 0.085144 0.177000
0.179969 0.085013 0.177098
0.180132 0.084918 0.177100
0.180306 0.084787 0.177199
0.180467 0.084692 0.177201
0.180629 0.084598 0.177204
0.180800 0.084468 0.177304
0.180961 0.084374 0.177308
0.181121 0.084280 0.177311
0.181280 0.084186 0.177315
0.181440 0.084093 0.177319
0.181598 0.083999 0.177323
0.181757 0.083906 0.177328
0.181906 0.083848 0.177234
0.182064 0.083755 0.177239
0.182213 0.083697 0.177145
0.182370 0.083604 0.177150
0.182519 0.083546 0.177057
0.182676 0.083453 0.177062
0.182825 0.083395 0.176969
0.182981 0.083303 0.176975
0.183136 0.083211 0.176981
0.183284 0.083153 0.176888
0.183439 0.083061 0.176895
0.183594 0.082969 0.176902
0.183742 0.082912 0.176809
0.183896 0.082820 0.176816
0.184049 0.082729 0.176824
0.184202 0.082638 0.176832
0.184355 0.082547 0.176840
0.184512 0.082422 0.176949
0.184664 0.082332 0.176958
0.184820 0.082208 0.177068
0.184966 0.082151 0.176976
0.185116 0.082061 0.176986
0.185262 0.082004 0.176894
0.185408 0.081947 0.176802
0.185554 0.081890 0.176711
0.185700 0.081833 0.176619
0.185846 0.081777 0.176528
0.185992 0.081720 0.176436
0.186138 0.081663 0.176344
0.186283 0.081606 0.176253
0.186427 0.081582 0.176059
0.186573 0.081525 0.175967
0.186721 0.081436 0.175978
0.186867 0.081379 0.175886
0.187013 0.081322 0.175795
0.187159 0.081265 0.175703
0.187305 0.081209 0.175611
0.187450 0.081152 0.175520
0.187596 0.081095 0.175428
0.187743 0.081006 0.175440
0.187889 0.080950 0.175349
0.188034 0.080861 0.175361
0.188180 0.080805 0.175270
0.188325 0.080717 0.175282
0.188470 0.080660 0.175191
0.188615 0.080572 0.175204
0.188760 0.080516 0.175113
0.188904 0.080428 0.175127
0.189049 0.080371 0.175036
0.189194 0.080315 0.174945
0.189339 0.080259 0.174854
0.189484 0.080202 0.174763
0.189628 0.080146 0.174672
0.189773 0.080090 0.174581
0.189918 0.080033 0.174490
0.190066 0.080007 0.174293
0.190211 0.079951 0.174202
0.190359 0.079925 0.174005
0.190507 0.079899 0.173808
0.190656 0.079872 0.173610
0.190805 0.079846 0.173413
0.190955 0.079819 0.173214
0.191101 0.079762 0.173123
0.191252 0.079735 0.172924
0.191398 0.079678 0.172832
0.191549 0.079651 0.172634
0.191695 0.079594 0.172542
0.191842 0.079537 0.172449
0.191994 0.079510 0.172250
0.192140 0.079452 0.172158
0.192293 0.079425 0.171958
0.192446 0.079397 0.171758
0.192593 0.079340 0.171666
0.192746 0.079311 0.171466
0.192900 0.079283 0.171265
0.193054 0.079255 0.171064
0.193216 0.079255 0.170754
0.193371 0.079226 0.170553
0.193527 0.079197 0.170351
0.193683 0.079168 0.170149
0.193832 0.079110 0.170056
0.193988 0.079081 0.169853
0.194137 0.079023 0.169760
0.194286 0.078965 0.169666
0.194435 0.078907 0.169573
0.194584 0.078849 0.169479
0.194733 0.078791 0.169385
0.194882 0.078733 0.169292
0.195040 0.078703 0.169088
0.195189 0.078645 0.168995
0.195339 0.078587 0.168901
0.195488 0.078529 0.168807
0.195647 0.078498 0.168603
0.195807 0.078468 0.168399
0.195956 0.078409 0.168305
0.196117 0.078378 0.168100
0.196289 0.078375 0.167784
0.196450 0.078344 0.167579
0.196623 0.078339 0.167262
0.196786 0.078308 0.167056
0.196961 0.078303 0.166738
0.197124 0.078271 0.166531
0.197300 0.078265 0.166213
0.197465 0.078233 0.166005
0.197642 0.078227 0.165686
0.197808 0.078194 0.165478
0.197974 0.078161 0.165269
0.198140 0.078128 0.165061
0.198307 0.078095 0.164852
0.198474 0.078061 0.164643
0.198642 0.078028 0.164434
0.198810 0.077994 0.164224
0.198978 0.077960 0.164015
0.199176 0.077978 0.163578
0.199375 0.077995 0.163141
0.199531 0.077934 0.163043
0.199732 0.077951 0.162605
0.199934 0.077967 0.162166
0.200153 0.078008 0.161613
0.200373 0.078049 0.161058
0.200596 0.078089 0.160502
0.200819 0.078128 0.159946
0.201012 0.078116 0.159616
0.201222 0.078129 0.159172
0.201400 0.078092 0.158957
0.163337 0.097344 0.167336
0.163661 0.097061 0.167654
0.163851 0.096987 0.167534
0.166969 0.093297 0.173805
0.167193 0.093147 0.173872
0.167391 0.093039 0.173852
0.167565 0.092971 0.173743
0.167763 0.092863 0.173723
0.167960 0.092754 0.173703
0.168134 0.092687 0.173594
0.168331 0.092579 0.173574
0.168527 0.092471 0.173555
0.168723 0.092363 0.173536
0.168942 0.092215 0.173607
0.169160 0.092068 0.173679
0.169399 0.091881 0.173841
0.169615 0.091734 0.173913
0.169852 0.091548 0.174077
0.170088 0.091362 0.174241
0.170323 0.091176 0.174406
0.170557 0.090991 0.174572
0.170768 0.090846 0.174648
0.170978 0.090702 0.174724
0.171187 0.090558 0.174801
0.171375 0.090453 0.174787
0.171563 0.090349 0.174773
0.171750 0.090245 0.174760
0.171936 0.090141 0.174747
0.172123 0.090037 0.174734
0.172328 0.089894 0.174813
0.172513 0.089791 0.174801
0.172717 0.089648 0.174881
0.172901 0.089545 0.174870
0.173123 0.089365 0.175043
0.173287 0.089301 0.174940
0.173762 0.088866 0.175475
0.173996 0.088649 0.175744
0.174212 0.088471 0.175922
0.174373 0.088408 0.175820
0.174621 0.088155 0.176185
0.174816 0.088016 0.176271
0.175010 0.087878 0.176358
0.175219 0.087703 0.176539
0.175395 0.087603 0.176533
0.175570 0.087504 0.176527
0.175760 0.087367 0.176616
0.175934 0.087268 0.176610
0.176123 0.087131 0.176700
0.176296 0.087032 0.176695
0.176469 0.086934 0.176691
0.176641 0.086836 0.176687
0.176813 0.086737 0.176684
0.176984 0.086639 0.176680
0.177155 0.086542 0.176677
0.177325 0.086444 0.176674
0.177495 0.086346 0.176672
0.177665 0.086249 0.176669
0.177834 0.086152 0.176667
0.177989 0.086091 0.176569
0.178158 0.085994 0.176568
0.178326 0.085897 0.176566
0.178494 0.085801 0.176565
0.178661 0.085704 0.176564
0.178841 0.085572 0.176660
0.179007 0.085476 0.176659
0.179185 0.085344 0.176756
0.179350 0.085248 0.176756
0.179527 0.085116 0.176854
0.179703 0.084985 0.176952
0.179878 0.084855 0.177050
0.180052 0.084724 0.177149
0.180214 0.084629 0.177151
0.180387 0.084500 0.177251
0.180548 0.084405 0.177254
0.180709 0.084311 0.177257
0.180880 0.084182 0.177358
0.181040 0.084089 0.177362
0.181199 0.083995 0.177366
0.181359 0.083902 0.177370
0.181508 0.083844 0.177276
0.181667 0.083751 0.177280
0.181825 0.083658 0.177285
0.181974 0.083600 0.177192
0.182131 0.083507 0.177197
0.182280 0.083449 0.177103
0.182437 0.083356 0.177109
0.182586 0.083299 0.177015
0.182735 0.083241 0.176922
0.182891 0.083149 0.176928
0.183047 0.083057 0.176935
0.183195 0.082999 0.176841
0.183350 0.082907 0.176848
0.183498 0.082849 0.176755
0.183652 0.082758 0.176762
0.183807 0.082667 0.176770
0.183960 0.082575 0.176777
0.184113 0.082484 0.176785
0.184266 0.082394 0.176793
0.184419 0.082303 0.176802
0.184571 0.082212 0.176811
0.184722 0.082122 0.176820
0.184873 0.082032 0.176829
0.185024 0.081942 0.176838
0.185170 0.081885 0.176747
0.185320 0.081795 0.176756
0.185466 0.081738 0.176665
0.185612 0.081682 0.176573
0.185758 0.081625 0.176482
0.185904 0.081568 0.176390
0.186050 0.081511 0.176298
0.186193 0.081487 0.176104
0.186339 0.081430 0.176013
0.186485 0.081373 0.175921
0.186633 0.081284 0.175932
0.186779 0.081227 0.175840
0.186925 0.081171 0.175749
0.187071 0.081114 0.175657
0.187217 0.081057 0.175565
0.187362 0.081000 0.175474
0.187509 0.080912 0.175486
0.187655 0.080855 0.175394
0.187801 0.080767 0.175406
0.187947 0.080710 0.175315
0.188092 0.080622 0.175328
0.188238 0.080565 0.175237
0.188383 0.080478 0.175250
0.188528 0.080421 0.175159
0.188672 0.080334 0.175172
0.188817 0.080277 0.175081
0.188962 0.080221 0.174990
0.189106 0.080164 0.174899
0.189251 0.080108 0.174808
0.189396 0.080052 0.174717
0.189541 0.079995 0.174626
0.189686 0.079939 0.174535
0.189831 0.079882 0.174444
0.189978 0.079856 0.174247
0.190123 0.079800 0.174156
0.190271 0.079774 0.173959
0.190419 0.079747 0.173762
0.190568 0.079721 0.173564
0.190717 0.079694 0.173366
0.190867 0.079667 0.173168
0.191013 0.079610 0.173077
0.191163 0.079583 0.172878
0.191310 0.079526 0.172786
0.191460 0.079499 0.172587
0.191607 0.079442 0.172495
0.191758 0.079414 0.172296
0.191905 0.079357 0.172204
0.192057 0.079329 0.172004
0.192210 0.079301 0.171804
0.192363 0.079273 0.171604
0.192510 0.079216 0.171511
0.192657 0.079158 0.171419
0.192811 0.079130 0.171218
0.192972 0.079130 0.170909
0.193120 0.079072 0.170816
0.193274 0.079043 0.170615
0.193430 0.079014 0.170413
0.193586 0.078985 0.170211
0.193734 0.078927 0.170118
0.193891 0.078898 0.169915
0.194039 0.078840 0.169822
0.194196 0.078810 0.169619
0.194345 0.078752 0.169525
0.194494 0.078694 0.169432
0.194643 0.078636 0.169338
0.194792 0.078578 0.169245
0.194941 0.078520 0.169151
0.195090 0.078462 0.169058
0.195239 0.078404 0.168964
0.195388 0.078346 0.168871
0.195547 0.078315 0.168666
0.195706 0.078285 0.168462
0.195866 0.078254 0.168258
0.196026 0.078223 0.168053
0.196187 0.078191 0.167848
0.196359 0.078187 0.167531
0.196532 0.078182 0.167214
0.196695 0.078151 0.167008
0.196869 0.078145 0.166690
0.197045 0.078140 0.166372
0.197209 0.078107 0.166165
0.197373 0.078075 0.165957
0.197550 0.078068 0.165637
0.197716 0.078035 0.165429
0.197881 0.078002 0.165221
0.198048 0.077969 0.165013
0.198214 0.077935 0.164804
0.198381 0.077901 0.164595
0.198535 0.077842 0.164498
0.198703 0.077808 0.164289
0.198871 0.077774 0.164079
0.199054 0.077765 0.163756
0.199252 0.077782 0.163319
0.199407 0.077722 0.163221
0.199607 0.077738 0.162783
0.199839 0.077804 0.162117
0.200027 0.077794 0.161790
0.200246 0.077834 0.161236
0.200484 0.077898 0.160566
0.200707 0.077937 0.160009
0.200899 0.077924 0.159680
0.201109 0.077937 0.159236
0.201286 0.077899 0.159020
0.163088 0.097352 0.166838
0.163280 0.097277 0.166717
0.166863 0.093116 0.173750
0.167088 0.092966 0.173817
0.167286 0.092858 0.173797
0.167460 0.092790 0.173688
0.167658 0.092682 0.173668
0.167856 0.092574 0.173648
0.168029 0.092506 0.173539
0.168202 0.092439 0.173430
0.168423 0.092291 0.173500
0.168619 0.092184 0.173481
0.168838 0.092036 0.173552
0.169033 0.091929 0.173534
0.169273 0.091742 0.173696
0.169512 0.091556 0.173859
0.169750 0.091370 0.174023
0.169986 0.091185 0.174187
0.170221 0.091000 0.174353
0.170433 0.090855 0.174428
0.170666 0.090672 0.174594
0.170877 0.090527 0.174671
0.171086 0.090384 0.174748
0.171274 0.090279 0.174734
0.171462 0.090175 0.174720
0.171649 0.090071 0.174707
0.171836 0.089968 0.174694
0.172022 0.089864 0.174681
0.172208 0.089760 0.174669
0.172413 0.089618 0.174749
0.172598 0.089515 0.174737
0.172783 0.089412 0.174725
0.173005 0.089233 0.174899
0.173226 0.089053 0.175073
0.173389 0.088990 0.174970
0.173881 0.088519 0.175600
0.174114 0.088303 0.175871
0.174311 0.088165 0.175956
0.174507 0.088026 0.176041
0.174719 0.087850 0.176221
0.174930 0.087675 0.176401
0.175123 0.087537 0.176489
0.175299 0.087438 0.176483
0.175507 0.087264 0.176665
0.175681 0.087165 0.176660
0.175855 0.087066 0.176655
0.176044 0.086930 0.176744
0.176202 0.086869 0.176646
0.176390 0.086734 0.176736
0.176562 0.086636 0.176732
0.176733 0.086538 0.176729
0.176904 0.086440 0.176726
0.177075 0.086342 0.176723
0.177246 0.086245 0.176720
0.177416 0.086148 0.176718
0.177585 0.086051 0.176715
0.177754 0.085954 0.176714
0.177909 0.085893 0.176616
0.178078 0.085797 0.176615
0.178246 0.085700 0.176613
0.178414 0.085604 0.176612
0.178581 0.085507 0.176612
0.178760 0.085375 0.176707
0.178927 0.085280 0.176707
0.179092 0.085184 0.176707
0.179270 0.085053 0.176805
0.179446 0.084922 0.176902
0.179611 0.084827 0.176903
0.179786 0.084696 0.177002
0.179960 0.084566 0.177101
0.180123 0.084472 0.177103
0.180296 0.084343 0.177203
0.180457 0.084249 0.177206
0.180618 0.084155 0.177209
0.180789 0.084026 0.177311
0.180949 0.083933 0.177314
0.181109 0.083839 0.177318
0.181268 0.083746 0.177323
0.181427 0.083653 0.177327
0.181576 0.083595 0.177233
0.181735 0.083502 0.177238
0.181884 0.083444 0.177144
0.182042 0.083352 0.177150
0.182191 0.083294 0.177056
0.182348 0.083202 0.177062
0.182496 0.083144 0.176968
0.182645 0.083086 0.176875
0.182801 0.082994 0.176881
0.182957 0.082902 0.176888
0.183105 0.082845 0.176794
0.183261 0.082753 0.176801
0.183415 0.082662 0.176808
0.183563 0.082604 0.176716
0.183711 0.082547 0.176623
0.183871 0.082422 0.176731
0.184024 0.082331 0.176739
0.184177 0.082241 0.176747
0.184330 0.082150 0.176755
0.184482 0.082060 0.176764
0.184634 0.081970 0.176773
0.184785 0.081880 0.176783
0.184936 0.081790 0.176792
0.185082 0.081733 0.176700
0.185228 0.081676 0.176609
0.185374 0.081619 0.176517
0.185520 0.081562 0.176425
0.185666 0.081506 0.176333
0.185812 0.081449 0.176242
0.185958 0.081392 0.176150
0.186104 0.081335 0.176058
0.186251 0.081278 0.175966
0.186399 0.081189 0.175977
0.186545 0.081132 0.175886
0.186691 0.081076 0.175794
0.186837 0.081019 0.175702
0.186983 0.080962 0.175611
0.187128 0.080905 0.175519
0.187276 0.080817 0.175531
0.187421 0.080760 0.175440
0.187567 0.080703 0.175348
0.187713 0.080615 0.175360
0.187859 0.080559 0.175269
0.188005 0.080471 0.175282
0.188150 0.080383 0.175295
0.188295 0.080327 0.175204
0.188440 0.080270 0.175113
0.188585 0.080183 0.175126
0.188729 0.080127 0.175035
0.188874 0.080070 0.174944
0.189019 0.080014 0.174853
0.189164 0.079957 0.174762
0.189309 0.079901 0.174671
0.189454 0.079845 0.174580
0.189598 0.079788 0.174489
0.189743 0.079732 0.174398
0.189891 0.079706 0.174202
0.190036 0.079649 0.174110
0.190183 0.079623 0.173913
0.190332 0.079596 0.173716
0.190480 0.079569 0.173518
0.190629 0.079542 0.173320
0.190779 0.079515 0.173122
0.190925 0.079458 0.173030
0.191075 0.079431 0.172832
0.191221 0.079374 0.172740
0.191372 0.079346 0.172541
0.191523 0.079319 0.172342
0.191670 0.079262 0.172250
0.191817 0.079204 0.172157
0.191969 0.079176 0.171958
0.192121 0.079148 0.171758
0.192274 0.079120 0.171557
0.192421 0.079062 0.171465
0.192568 0.079005 0.171372
0.192722 0.078976 0.171172
0.192882 0.078976 0.170862
0.193030 0.078918 0.170769
0.193185 0.078889 0.170568
0.193340 0.078860 0.170366
0.193489 0.078802 0.170273
0.193644 0.078773 0.170071
0.193793 0.078715 0.169977
0.193949 0.078685 0.169775
0.194098 0.078627 0.169681
0.194247 0.078569 0.169588
0.194396 0.078511 0.169494
0.194544 0.078453 0.169401
0.194693 0.078395 0.169308
0.194842 0.078337 0.169214
0.194991 0.078280 0.169121
0.195139 0.078222 0.169027
0.195298 0.078191 0.168823
0.195447 0.078133 0.168730
0.195616 0.078129 0.168415
0.195776 0.078098 0.168210
0.195936 0.078067 0.168005
0.196097 0.078035 0.167800
0.196269 0.078031 0.167484
0.196441 0.078026 0.167167
0.196615 0.078020 0.166849
0.196778 0.077988 0.166642
0.196953 0.077982 0.166324
0.197117 0.077949 0.166117
0.197293 0.077943 0.165797
0.197458 0.077910 0.165589
0.197623 0.077876 0.165381
0.197789 0.077843 0.165173
0.197955 0.077809 0.164964
0.198108 0.077750 0.164868
0.198275 0.077716 0.164659
0.198442 0.077682 0.164450
0.198610 0.077648 0.164240
0.198764 0.077588 0.164143
0.198946 0.077579 0.163820
0.199144 0.077595 0.163383
0.199299 0.077535 0.163286
0.199498 0.077550 0.162847
0.199745 0.077641 0.162067
0.199901 0.077580 0.161969
0.200120 0.077619 0.161414
0.200356 0.077683 0.160744
0.200610 0.077770 0.159959
0.200786 0.077733 0.159744
0.200979 0.077720 0.159414
0.201156 0.077682 0.159199
0.162971 0.097152 0.166777
0.163164 0.097077 0.166656
0.166983 0.092785 0.173762
0.167157 0.092718 0.173653
0.167355 0.092609 0.173633
0.167553 0.092501 0.173613
0.167727 0.092434 0.173504
0.167900 0.092366 0.173395
0.168098 0.092259 0.173375
0.168318 0.092111 0.173446
0.168515 0.092004 0.173427
0.168711 0.091897 0.173408
0.168929 0.091750 0.173480
0.169170 0.091564 0.173642
0.169409 0.091378 0.173805
0.169647 0.091193 0.173969
0.169884 0.091009 0.174134
0.170119 0.090824 0.174299
0.170353 0.090641 0.174465
0.170565 0.090497 0.174541
0.170776 0.090353 0.174618
0.170985 0.090210 0.174695
0.171174 0.090106 0.174681
0.171361 0.090002 0.174668
0.171549 0.089898 0.174655
0.171735 0.089794 0.174642
0.171922 0.089691 0.174629
0.172108 0.089588 0.174616
0.172313 0.089446 0.174696
0.172498 0.089343 0.174685
0.172683 0.089241 0.174673
0.172905 0.089062 0.174847
0.173127 0.088883 0.175021
0.173291 0.088819 0.174918
0.173764 0.088388 0.175456
0.173999 0.088173 0.175727
0.174214 0.087997 0.175905
0.174410 0.087859 0.175991
0.174623 0.087684 0.176170
0.174834 0.087509 0.176351
0.175028 0.087372 0.176438
0.175186 0.087310 0.176339
0.175412 0.087099 0.176615
0.175602 0.086964 0.176704
0.175776 0.086865 0.176699
0.175950 0.086767 0.176695
0.176123 0.086669 0.176691
0.176295 0.086571 0.176687
0.176467 0.086473 0.176683
0.176639 0.086375 0.176680
0.176810 0.086278 0.176676
0.176981 0.086180 0.176674
0.177152 0.086083 0.176671
0.177322 0.085986 0.176669
0.177491 0.085889 0.176666
0.177661 0.085792 0.176665
0.177816 0.085732 0.176567
0.177984 0.085635 0.176566
0.178166 0.085503 0.176660
0.178334 0.085407 0.176660
0.178501 0.085311 0.176659
0.178668 0.085215 0.176659
0.178834 0.085120 0.176659
0.179012 0.084989 0.176756
0.179190 0.084858 0.176853
0.179354 0.084763 0.176854
0.179530 0.084633 0.176952
0.179706 0.084503 0.177051
0.179869 0.084409 0.177053
0.180042 0.084279 0.177153
0.180205 0.084185 0.177156
0.180366 0.084092 0.177159
0.180538 0.083963 0.177260
0.180699 0.083870 0.177263
0.180869 0.083742 0.177365
0.181028 0.083649 0.177369
0.181178 0.083591 0.177275
0.181337 0.083498 0.177280
0.181496 0.083405 0.177285
0.181645 0.083347 0.177191
0.181803 0.083255 0.177196
0.181952 0.083197 0.177103
0.182101 0.083139 0.177009
0.182258 0.083047 0.177015
0.182407 0.082989 0.176921
0.182563 0.082897 0.176928
0.182712 0.082840 0.176834
0.182867 0.082748 0.176841
0.183016 0.082690 0.176748
0.183171 0.082599 0.176755
0.183326 0.082508 0.176762
0.183474 0.082450 0.176669
0.183628 0.082359 0.176676
0.183782 0.082269 0.176684
0.183936 0.082178 0.176692
0.184083 0.082121 0.176600
0.184236 0.082030 0.176608
0.184388 0.081940 0.176617
0.184540 0.081850 0.176626
0.184692 0.081760 0.176635
0.184843 0.081671 0.176644
0.184989 0.081614 0.176553
0.185140 0.081524 0.176562
0.185286 0.081467 0.176471
0.185432 0.081411 0.176379
0.185578 0.081354 0.176287
0.185724 0.081297 0.176195
0.185870 0.081240 0.176104
0.186016 0.081183 0.176012
0.186162 0.081126 0.175920
0.186311 0.081037 0.175931
0.186457 0.080981 0.175840
0.186603 0.080924 0.175748
0.186749 0.080867 0.175656
0.186895 0.080810 0.175565
0.187042 0.080722 0.175577
0.187188 0.080665 0.175485
0.187333 0.080609 0.175394
0.187480 0.080521 0.175406
0.187626 0.080464 0.175314
0.187772 0.080376 0.175327
0.187917 0.080320 0.175236
0.188062 0.080232 0.175249
0.188207 0.080176 0.175158
0.188352 0.080089 0.175171
0.188497 0.080032 0.175080
0.188642 0.079976 0.174989
0.188787 0.079919 0.174898
0.188932 0.079863 0.174807
0.189076 0.079807 0.174717
0.189221 0.079750 0.174626
0.189366 0.079694 0.174535
0.189511 0.079638 0.174444
0.189658 0.079611 0.174247
0.189803 0.079555 0.174156
0.189948 0.079498 0.174065
0.190096 0.079472 0.173867
0.190244 0.079445 0.173670
0.190392 0.079418 0.173472
0.190541 0.079391 0.173274
0.190691 0.079363 0.173076
0.190837 0.079306 0.172984
0.190987 0.079279 0.172786
0.191137 0.079251 0.172587
0.191284 0.079194 0.172495
0.191435 0.079166 0.172295
0.191581 0.079109 0.172203
0.191733 0.079081 0.172004
0.191885 0.079052 0.171804
0.192032 0.078995 0.171711
0.192185 0.078966 0.171511
0.192332 0.078909 0.171418
0.192485 0.078880 0.171218
0.192639 0.078851 0.171017
0.192787 0.078794 0.170924
0.192941 0.078765 0.170723
0.193089 0.078707 0.170630
0.193244 0.078677 0.170428
0.193392 0.078620 0.170335
0.193547 0.078590 0.170133
0.193696 0.078532 0.170040
0.193852 0.078502 0.169837
0.194000 0.078445 0.169744
0.194149 0.078387 0.169650
0.194298 0.078329 0.169557
0.194455 0.078299 0.169354
0.194603 0.078241 0.169261
0.194752 0.078183 0.169167
0.194901 0.078125 0.169074
0.195050 0.078067 0.168980
0.195198 0.078009 0.168887
0.195357 0.077978 0.168683
0.195516 0.077947 0.168479
0.195675 0.077916 0.168274
0.195835 0.077884 0.168069
0.196006 0.077879 0.167753
0.196178 0.077874 0.167436
0.196350 0.077869 0.167119
0.196524 0.077863 0.166801
0.196698 0.077857 0.166483
0.196861 0.077824 0.166276
0.197037 0.077817 0.165957
0.197201 0.077784 0.165749
0.197366 0.077751 0.165541
0.197531 0.077717 0.165333
0.197697 0.077684 0.165124
0.197863 0.077650 0.164916
0.198016 0.077590 0.164819
0.198183 0.077556 0.164610
0.198336 0.077496 0.164514
0.198503 0.077462 0.164304
0.198657 0.077402 0.164208
0.198839 0.077393 0.163885
0.199022 0.077384 0.163561
0.199176 0.077323 0.163464
0.199375 0.077339 0.163026
0.199620 0.077428 0.162245
0.199776 0.077367 0.162147
0.200025 0.077455 0.161364
0.200261 0.077518 0.160694
0.200514 0.077604 0.159908
0.200674 0.077542 0.159808
0.200882 0.077553 0.159364
0.162774 0.097075 0.166454
0.162967 0.097000 0.166332
0.163267 0.096761 0.166562
0.163459 0.096686 0.166441
0.166878 0.092604 0.173707
0.167076 0.092496 0.173687
0.167275 0.092388 0.173667
0.167449 0.092321 0.173558
0.167622 0.092253 0.173449
0.167796 0.092186 0.173340
0.168017 0.092038 0.173410
0.168190 0.091971 0.173301
0.168410 0.091824 0.173372
0.168607 0.091717 0.173354
0.168825 0.091571 0.173425
0.169066 0.091386 0.173588
0.169306 0.091201 0.173751
0.169544 0.091016 0.173915
0.169781 0.090832 0.174080
0.170039 0.090609 0.174336
0.170252 0.090466 0.174412
0.170485 0.090283 0.174579
0.170674 0.090179 0.174565
0.170884 0.090036 0.174642
0.171073 0.089932 0.174628
0.171261 0.089828 0.174615
0.171448 0.089725 0.174602
0.171635 0.089621 0.174589
0.171822 0.089518 0.174576
0.172008 0.089415 0.174564
0.172213 0.089274 0.174644
0.172399 0.089171 0.174632
0.172583 0.089069 0.174621
0.172787 0.088928 0.174702
0.173009 0.088750 0.174877
0.173173 0.088686 0.174774
0.173430 0.088434 0.175135
0.173667 0.088219 0.175405
0.173901 0.088005 0.175676
0.174099 0.087868 0.175761
0.174295 0.087730 0.175846
0.174509 0.087555 0.176026
0.174721 0.087381 0.176207
0.174880 0.087319 0.176107
0.175124 0.087071 0.176476
0.175316 0.086935 0.176565
0.175507 0.086800 0.176654
0.175681 0.086701 0.176649
0.175871 0.086566 0.176740
0.176028 0.086505 0.176641
0.176200 0.086408 0.176637
0.176373 0.086310 0.176634
0.176545 0.086212 0.176630
0.176716 0.086115 0.176627
0.176887 0.086018 0.176624
0.177058 0.085921 0.176622
0.177228 0.085824 0.176619
0.177398 0.085728 0.176617
0.177581 0.085595 0.176711
0.177736 0.085535 0.176614
0.177905 0.085438 0.176613
0.178073 0.085342 0.176612
0.178254 0.085211 0.176707
0.178421 0.085115 0.176707
0.178587 0.085020 0.176707
0.178754 0.084924 0.176707
0.178932 0.084794 0.176804
0.179097 0.084699 0.176805
0.179274 0.084569 0.176903
0.179439 0.084475 0.176904
0.179614 0.084345 0.177003
0.179777 0.084251 0.177005
0.179951 0.084122 0.177105
0.180113 0.084028 0.177108
0.180275 0.083935 0.177111
0.180447 0.083807 0.177212
0.180608 0.083714 0.177216
0.180778 0.083586 0.177318
0.180938 0.083493 0.177322
0.181088 0.083435 0.177228
0.181247 0.083343 0.177233
0.181406 0.083250 0.177238
0.181555 0.083192 0.177144
0.181713 0.083100 0.177149
0.181862 0.083042 0.177056
0.182011 0.082984 0.176962
0.182168 0.082892 0.176968
0.182317 0.082834 0.176874
0.182473 0.082743 0.176881
0.182622 0.082685 0.176787
0.182778 0.082594 0.176794
0.182926 0.082536 0.176701
0.183082 0.082445 0.176708
0.183237 0.082354 0.176715
0.183385 0.082296 0.176622
0.183539 0.082206 0.176630
0.183693 0.082115 0.176637
0.183847 0.082025 0.176646
0.183994 0.081967 0.176553
0.184147 0.081877 0.176562
0.184299 0.081787 0.176570
0.184452 0.081698 0.176579
0.184603 0.081608 0.176589
0.184750 0.081551 0.176497
0.184901 0.081462 0.176506
0.185047 0.081405 0.176414
0.185194 0.081348 0.176323
0.185340 0.081291 0.176231
0.185490 0.081202 0.176241
0.185636 0.081145 0.176149
0.185782 0.081088 0.176057
0.185928 0.081031 0.175966
0.186077 0.080942 0.175977
0.186223 0.080886 0.175885
0.186369 0.080829 0.175793
0.186515 0.080772 0.175702
0.186661 0.080715 0.175610
0.186809 0.080627 0.175622
0.186954 0.080571 0.175530
0.187100 0.080514 0.175439
0.187246 0.080457 0.175347
0.187392 0.080369 0.175360
0.187538 0.080313 0.175268
0.187684 0.080225 0.175281
0.187829 0.080169 0.175190
0.187975 0.080081 0.175203
0.188120 0.080025 0.175112
0.188265 0.079938 0.175126
0.188410 0.079882 0.175035
0.188555 0.079825 0.174944
0.188699 0.079769 0.174853
0.188844 0.079712 0.174762
0.188989 0.079656 0.174671
0.189134 0.079600 0.174580
0.189279 0.079543 0.174489
0.189425 0.079517 0.174292
0.189570 0.079460 0.174201
0.189715 0.079404 0.174110
0.189860 0.079347 0.174019
0.190008 0.079320 0.173822
0.190156 0.079293 0.173624
0.190305 0.079266 0.173426
0.190453 0.079239 0.173228
0.190603 0.079211 0.173030
0.190749 0.079154 0.172938
0.190899 0.079127 0.172739
0.191049 0.079099 0.172540
0.191199 0.079071 0.172341
0.191346 0.079013 0.172249
0.191497 0.078985 0.172049
0.191644 0.078928 0.171957
0.191796 0.078899 0.171757
0.191949 0.078871 0.171557
0.192096 0.078813 0.171464
0.192243 0.078756 0.171372
0.192396 0.078727 0.171171
0.192544 0.078669 0.171078
0.192698 0.078640 0.170877
0.192845 0.078583 0.170784
0.193000 0.078553 0.170583
0.193148 0.078496 0.170490
0.193295 0.078438 0.170397
0.193451 0.078408 0.170195
0.193599 0.078350 0.170102
0.193755 0.078320 0.169900
0.193903 0.078263 0.169806
0.194051 0.078205 0.169713
0.194200 0.078147 0.169620
0.194356 0.078117 0.169417
0.194505 0.078059 0.169324
0.194654 0.078001 0.169230
0.194802 0.077943 0.169137
0.194960 0.077912 0.168933
0.195109 0.077854 0.168840
0.195257 0.077796 0.168746
0.195416 0.077765 0.168542
0.195585 0.077760 0.168227
0.195745 0.077729 0.168022
0.195916 0.077723 0.167705
0.196087 0.077718 0.167389
0.196259 0.077712 0.167071
0.196433 0.077706 0.166753
0.196607 0.077699 0.166435
0.196781 0.077692 0.166116
0.196945 0.077659 0.165908
0.197109 0.077626 0.165701
0.197274 0.077592 0.165493
0.197439 0.077558 0.165284
0.197604 0.077524 0.165076
0.197757 0.077465 0.164980
0.197924 0.077431 0.164771
0.198077 0.077371 0.164675
0.198243 0.077337 0.164465
0.198411 0.077302 0.164256
0.198564 0.077242 0.164159
0.198746 0.077233 0.163836
0.198914 0.077198 0.163626
0.199069 0.077138 0.163529
0.199252 0.077127 0.163204
0.199526 0.077265 0.162196
0.199682 0.077205 0.162098
0.200418 0.077438 0.159858
0.200577 0.077376 0.159757
0.162603 0.096956 0.166217
0.163151 0.096561 0.166502
0.163343 0.096486 0.166381
0.166773 0.092423 0.173652
0.166972 0.092316 0.173632
0.167170 0.092208 0.173612
0.167344 0.092140 0.173503
0.167517 0.092073 0.173394
0.167691 0.092005 0.173285
0.167913 0.091858 0.173355
0.168110 0.091751 0.173336
0.168306 0.091645 0.173318
0.168526 0.091498 0.173389
0.168745 0.091353 0.173461
0.168986 0.091168 0.173624
0.169225 0.090984 0.173788
0.169464 0.090800 0.173952
0.169701 0.090617 0.174117
0.169937 0.090434 0.174283
0.170172 0.090251 0.174450
0.170384 0.090108 0.174526
0.170573 0.090004 0.174512
0.170784 0.089862 0.174589
0.170972 0.089758 0.174576
0.171160 0.089655 0.174562
0.171347 0.089551 0.174549
0.171535 0.089448 0.174536
0.171721 0.089345 0.174524
0.171928 0.089204 0.174604
0.172114 0.089102 0.174592
0.172299 0.088999 0.174580
0.172503 0.088859 0.174661
0.172707 0.088719 0.174743
0.172910 0.088580 0.174825
0.173074 0.088516 0.174722
0.173331 0.088264 0.175084
0.173550 0.088088 0.175260
0.173786 0.087875 0.175531
0.174002 0.087700 0.175710
0.174199 0.087563 0.175796
0.174412 0.087389 0.175976
0.174625 0.087215 0.176156
0.174784 0.087153 0.176056
0.175029 0.086906 0.176426
0.175221 0.086771 0.176515
0.175412 0.086636 0.176604
0.175586 0.086538 0.176600
0.175776 0.086403 0.176690
0.175933 0.086342 0.176591
0.176106 0.086244 0.176588
0.176278 0.086147 0.176584
0.176450 0.086050 0.176581
0.176622 0.085953 0.176578
0.176793 0.085856 0.176575
0.176964 0.085759 0.176572
0.177149 0.085626 0.176666
0.177318 0.085530 0.176664
0.177488 0.085434 0.176662
0.177642 0.085374 0.176565
0.177811 0.085278 0.176564
0.177993 0.085146 0.176659
0.178161 0.085051 0.176658
0.178328 0.084955 0.176658
0.178508 0.084825 0.176755
0.178674 0.084730 0.176755
0.178852 0.084600 0.176852
0.179017 0.084505 0.176853
0.179182 0.084410 0.176855
0.179359 0.084281 0.176953
0.179522 0.084187 0.176955
0.179686 0.084093 0.176957
0.179860 0.083965 0.177057
0.180022 0.083871 0.177060
0.180184 0.083778 0.177063
0.180335 0.083719 0.176968
0.180517 0.083557 0.177168
0.180688 0.083430 0.177270
0.180848 0.083338 0.177275
0.180997 0.083280 0.177181
0.181157 0.083187 0.177185
0.181316 0.083095 0.177190
0.181465 0.083037 0.177097
0.181614 0.082979 0.177003
0.181772 0.082887 0.177009
0.181921 0.082829 0.176915
0.182078 0.082738 0.176921
0.182227 0.082680 0.176827
0.182376 0.082622 0.176734
0.182532 0.082531 0.176740
0.182688 0.082439 0.176747
0.182837 0.082382 0.176654
0.182992 0.082291 0.176661
0.183147 0.082200 0.176668
0.183295 0.082143 0.176575
0.183450 0.082052 0.176583
0.183598 0.081995 0.176490
0.183752 0.081904 0.176498
0.183905 0.081814 0.176507
0.184052 0.081757 0.176414
0.184205 0.081667 0.176423
0.184358 0.081577 0.176432
0.184510 0.081488 0.176441
0.184657 0.081431 0.176349
0.184808 0.081342 0.176358
0.184959 0.081252 0.176368
0.185105 0.081195 0.176276
0.185252 0.081139 0.176184
0.185398 0.081082 0.176093
0.185548 0.080993 0.176103
0.185694 0.080936 0.176011
0.185840 0.080879 0.175920
0.185989 0.080791 0.175931
0.186135 0.080734 0.175839
0.186281 0.080677 0.175747
0.186429 0.080589 0.175759
0.186575 0.080532 0.175667
0.186721 0.080476 0.175576
0.186866 0.080419 0.175484
0.187012 0.080362 0.175393
0.187159 0.080275 0.175405
0.187305 0.080218 0.175314
0.187450 0.080161 0.175223
0.187596 0.080074 0.175235
0.187742 0.080018 0.175144
0.187887 0.079931 0.175157
0.188032 0.079874 0.175066
0.188177 0.079818 0.174975
0.188322 0.079731 0.174989
0.188467 0.079675 0.174898
0.188612 0.079618 0.174807
0.188757 0.079562 0.174716
0.188902 0.079505 0.174625
0.189047 0.079449 0.174534
0.189193 0.079422 0.174337
0.189338 0.079366 0.174246
0.189483 0.079309 0.174155
0.189628 0.079253 0.174064
0.189775 0.079226 0.173867
0.189920 0.079169 0.173776
0.190068 0.079142 0.173578
0.190217 0.079115 0.173380
0.190365 0.079087 0.173182
0.190514 0.079059 0.172984
0.190661 0.079002 0.172892
0.190810 0.078974 0.172693
0.190960 0.078946 0.172494
0.191111 0.078918 0.172295
0.191258 0.078861 0.172203
0.191409 0.078832 0.172003
0.191556 0.078775 0.171911
0.191707 0.078746 0.171711
0.191860 0.078717 0.171510
0.192007 0.078660 0.171418
0.192154 0.078603 0.171325
0.192307 0.078573 0.171124
0.192455 0.078516 0.171032
0.192602 0.078459 0.170939
0.192756 0.078429 0.170738
0.192904 0.078371 0.170645
0.193058 0.078342 0.170443
0.193206 0.078284 0.170350
0.193354 0.078226 0.170257
0.193502 0.078169 0.170164
0.193658 0.078139 0.169962
0.193806 0.078081 0.169869
0.193954 0.078023 0.169776
0.194110 0.077993 0.169573
0.194258 0.077935 0.169480
0.194407 0.077877 0.169387
0.194564 0.077846 0.169183
0.194712 0.077789 0.169090
0.194861 0.077731 0.168997
0.195019 0.077700 0.168793
0.195168 0.077642 0.168699
0.195326 0.077610 0.168495
0.195495 0.077605 0.168180
0.195655 0.077573 0.167975
0.195825 0.077567 0.167658
0.195996 0.077561 0.167341
0.196179 0.077581 0.166912
0.196352 0.077574 0.166594
0.196526 0.077567 0.166275
0.196690 0.077534 0.166068
0.196853 0.077501 0.165860
0.197029 0.077493 0.165540
0.197182 0.077433 0.165444
0.197347 0.077399 0.165236
0.197512 0.077365 0.165028
0.197665 0.077306 0.164931
0.197831 0.077271 0.164723
0.197984 0.077212 0.164626
0.198151 0.077177 0.164417
0.198304 0.077117 0.164321
0.198458 0.077058 0.164224
0.198625 0.077023 0.164014
0.198807 0.077013 0.163691
0.198961 0.076953 0.163594
0.199130 0.076917 0.163383
0.162459 0.096795 0.166068
0.162653 0.096719 0.165946
0.163008 0.096401 0.166353
0.163200 0.096326 0.166232
0.166668 0.092242 0.173597
0.166867 0.092135 0.173577
0.167041 0.092067 0.173468
0.167239 0.091960 0.173448
0.167437 0.091853 0.173429
0.167611 0.091785 0.173320
0.167784 0.091718 0.173211
0.168005 0.091571 0.173282
0.168202 0.091465 0.173263
0.168422 0.091319 0.173335
0.168641 0.091174 0.173407
0.168882 0.090990 0.173570
0.169122 0.090806 0.173734
0.169361 0.090623 0.173898
0.169599 0.090440 0.174064
0.169835 0.090258 0.174230
0.170070 0.090077 0.174397
0.170261 0.089972 0.174382
0.170472 0.089830 0.174459
0.170683 0.089688 0.174536
0.170871 0.089585 0.174523
0.171059 0.089481 0.174510
0.171247 0.089378 0.174497
0.171434 0.089275 0.174484
0.171621 0.089172 0.174471
0.171828 0.089032 0.174551
0.172014 0.088929 0.174539
0.172199 0.088827 0.174528
0.172404 0.088688 0.174609
0.172608 0.088548 0.174691
0.172830 0.088371 0.174866
0.173032 0.088233 0.174949
0.173252 0.088057 0.175125
0.173452 0.087919 0.175209
0.173670 0.087744 0.175387
0.173886 0.087570 0.175566
0.174084 0.087433 0.175651
0.174298 0.087259 0.175831
0.174511 0.087086 0.176012
0.174705 0.086950 0.176100
0.174933 0.086741 0.176376
0.175126 0.086606 0.176465
0.175317 0.086472 0.176555
0.175491 0.086374 0.176550
0.175681 0.086240 0.176640
0.175838 0.086179 0.176542
0.176011 0.086081 0.176538
0.176184 0.085984 0.176535
0.176356 0.085887 0.176531
0.176528 0.085790 0.176528
0.176699 0.085694 0.176526
0.176885 0.085561 0.176619
0.177055 0.085465 0.176617
0.177225 0.085369 0.176615
0.177394 0.085273 0.176613
0.177549 0.085212 0.176516
0.177732 0.085081 0.176611
0.177900 0.084986 0.176610
0.178081 0.084855 0.176706
0.178248 0.084760 0.176706
0.178415 0.084665 0.176706
0.178594 0.084535 0.176803
0.178760 0.084441 0.176804
0.178925 0.084346 0.176805
0.179103 0.084217 0.176904
0.179267 0.084123 0.176905
0.179443 0.083995 0.177005
0.179594 0.083936 0.176909
0.179769 0.083808 0.177010
0.179931 0.083714 0.177012
0.180093 0.083621 0.177015
0.180244 0.083562 0.176921
0.180427 0.083401 0.177121
0.180587 0.083309 0.177125
0.180747 0.083216 0.177129
0.180907 0.083124 0.177133
0.181067 0.083032 0.177138
0.181216 0.082974 0.177044
0.181375 0.082882 0.177050
0.181524 0.082824 0.176956
0.181673 0.082766 0.176862
0.181831 0.082674 0.176868
0.181980 0.082616 0.176774
0.182137 0.082525 0.176780
0.182286 0.082467 0.176687
0.182443 0.082376 0.176693
0.182599 0.082285 0.176700
0.182747 0.082227 0.176607
0.182903 0.082137 0.176614
0.183051 0.082079 0.176521
0.183206 0.081989 0.176528
0.183361 0.081898 0.176536
0.183509 0.081841 0.176443
0.183663 0.081751 0.176452
0.183816 0.081661 0.176460
0.183963 0.081604 0.176367
0.184116 0.081514 0.176376
0.184269 0.081425 0.176385
0.184421 0.081335 0.176394
0.184568 0.081278 0.176302
0.184720 0.081189 0.176312
0.184871 0.081100 0.176322
0.185017 0.081043 0.176230
0.185163 0.080986 0.176138
0.185314 0.080898 0.176149
0.185460 0.080841 0.176057
0.185606 0.080784 0.175965
0.185755 0.080696 0.175976
0.185901 0.080639 0.175884
0.186050 0.080551 0.175896
0.186196 0.080494 0.175804
0.186341 0.080438 0.175713
0.186487 0.080381 0.175621
0.186633 0.080324 0.175530
0.186780 0.080237 0.175542
0.186926 0.080180 0.175451
0.187071 0.080123 0.175359
0.187217 0.080067 0.175268
0.187362 0.080010 0.175177
0.187509 0.079923 0.175189
0.187654 0.079867 0.175098
0.187800 0.079780 0.175111
0.187945 0.079723 0.175020
0.188090 0.079667 0.174929
0.188235 0.079610 0.174838
0.188380 0.079554 0.174747
0.188525 0.079497 0.174656
0.188669 0.079411 0.174670
0.188814 0.079355 0.174579
0.188960 0.079328 0.174383
0.189105 0.079271 0.174292
0.189250 0.079215 0.174200
0.189395 0.079159 0.174109
0.189542 0.079131 0.173912
0.189688 0.079075 0.173821
0.189835 0.079047 0.173623
0.189981 0.078991 0.173532
0.190129 0.078963 0.173334
0.190277 0.078935 0.173136
0.190426 0.078907 0.172937
0.190576 0.078879 0.172739
0.190722 0.078822 0.172647
0.190872 0.078794 0.172448
0.191022 0.078765 0.172248
0.191169 0.078708 0.172156
0.191320 0.078680 0.171956
0.191472 0.078651 0.171756
0.191619 0.078593 0.171664
0.191771 0.078564 0.171464
0.191918 0.078507 0.171371
0.192065 0.078449 0.171279
0.192213 0.078392 0.171186
0.192366 0.078363 0.170985
0.192513 0.078305 0.170892
0.192661 0.078248 0.170800
0.192815 0.078218 0.170598
0.192962 0.078160 0.170505
0.193110 0.078103 0.170413
0.193265 0.078073 0.170211
0.193413 0.078015 0.170118
0.193561 0.077957 0.170025
0.193716 0.077927 0.169822
0.193864 0.077869 0.169729
0.194013 0.077812 0.169636
0.194169 0.077781 0.169433
0.194317 0.077723 0.169340
0.194474 0.077692 0.169136
0.194623 0.077634 0.169043
0.194771 0.077576 0.168950
0.194929 0.077545 0.168746
0.195078 0.077487 0.168652
0.195236 0.077455 0.168448
0.195405 0.077450 0.168132
0.195564 0.077418 0.167927
0.195735 0.077411 0.167611
0.195916 0.077431 0.167182
0.196088 0.077424 0.166864
0.196261 0.077417 0.166546
0.196435 0.077409 0.166227
0.196609 0.077401 0.165908
0.196773 0.077368 0.165700
0.196937 0.077334 0.165492
0.197102 0.077300 0.165284
0.197254 0.077240 0.165188
0.197420 0.077206 0.164979
0.197573 0.077146 0.164883
0.197726 0.077087 0.164787
0.197892 0.077052 0.164578
0.198045 0.076993 0.164482
0.198212 0.076958 0.164272
0.198365 0.076898 0.164176
0.198532 0.076863 0.163966
0.198700 0.076828 0.163756
0.198868 0.076792 0.163545
0.199022 0.076732 0.163448
0.162315 0.096633 0.165919
0.162536 0.096518 0.165885
0.162730 0.096442 0.165763
0.166762 0.091954 0.173522
0.166961 0.091847 0.173502
0.167134 0.091779 0.173393
0.167333 0.091672 0.173374
0.167506 0.091605 0.173265
0.167704 0.091498 0.173246
0.167901 0.091392 0.173227
0.168098 0.091285 0.173208
0.168318 0.091140 0.173280
0.168537 0.090995 0.173352
0.168779 0.090812 0.173516
0.169042 0.090590 0.173770
0.169259 0.090446 0.173844
0.169497 0.090264 0.174010
0.169733 0.090083 0.174176
0.169969 0.089902 0.174343
0.170181 0.089759 0.174420
0.170371 0.089656 0.174406
0.170582 0.089514 0.174484
0.170770 0.089411 0.174470
0.170959 0.089308 0.174457
0.171146 0.089205 0.174444
0.171334 0.089102 0.174431
0.171541 0.088962 0.174511
0.171728 0.088859 0.174499
0.171934 0.088720 0.174579
0.172119 0.088618 0.174568
0.172324 0.088478 0.174649
0.172528 0.088340 0.174731
0.172731 0.088201 0.174814
0.172933 0.088063 0.174897
0.173154 0.087887 0.175074
0.173354 0.087750 0.175158
0.173572 0.087576 0.175336
0.173771 0.087439 0.175421
0.173968 0.087302 0.175507
0.174183 0.087129 0.175687
0.174397 0.086957 0.175868
0.174609 0.086785 0.176050
0.174820 0.086613 0.176232
0.175030 0.086442 0.176415
0.175222 0.086308 0.176505
0.175396 0.086210 0.176500
0.175587 0.086077 0.176591
0.175744 0.086016 0.176492
0.175917 0.085918 0.176488
0.176089 0.085821 0.176485
0.176261 0.085725 0.176482
0.176433 0.085628 0.176479
0.176605 0.085531 0.176476
0.176791 0.085399 0.176570
0.176961 0.085303 0.176568
0.177131 0.085207 0.176566
0.177315 0.085076 0.176660
0.177470 0.085016 0.176563
0.177638 0.084921 0.176562
0.177821 0.084790 0.176658
0.177988 0.084695 0.176658
0.178156 0.084600 0.176657
0.178336 0.084470 0.176754
0.178502 0.084376 0.176755
0.178681 0.084247 0.176853
0.178846 0.084153 0.176854
0.179011 0.084059 0.176855
0.179175 0.083965 0.176857
0.179351 0.083837 0.176957
0.179503 0.083778 0.176861
0.179677 0.083650 0.176962
0.179840 0.083557 0.176965
0.180002 0.083464 0.176968
0.180164 0.083372 0.176971
0.180325 0.083279 0.176975
0.180497 0.083153 0.177077
0.180657 0.083060 0.177082
0.180817 0.082968 0.177086
0.180967 0.082910 0.176992
0.181126 0.082818 0.176997
0.181275 0.082760 0.176903
0.181434 0.082669 0.176909
0.181583 0.082611 0.176815
0.181741 0.082519 0.176821
0.181890 0.082461 0.176727
0.182047 0.082370 0.176733
0.182196 0.082312 0.176640
0.182353 0.082221 0.176646
0.182502 0.082164 0.176553
0.182658 0.082073 0.176560
0.182814 0.081983 0.176567
0.182962 0.081925 0.176474
0.183117 0.081835 0.176482
0.183265 0.081777 0.176389
0.183419 0.081687 0.176397
0.183574 0.081597 0.176405
0.183721 0.081540 0.176312
0.183875 0.081450 0.176321
0.184028 0.081361 0.176330
0.184180 0.081272 0.176339
0.184327 0.081215 0.176247
0.184479 0.081126 0.176256
0.184631 0.081037 0.176266
0.184782 0.080948 0.176276
0.184929 0.080891 0.176184
0.185075 0.080834 0.176092
0.185225 0.080746 0.176102
0.185372 0.080689 0.176011
0.185518 0.080632 0.175919
0.185667 0.080544 0.175930
0.185813 0.080487 0.175838
0.185962 0.080400 0.175850
0.186108 0.080343 0.175758
0.186253 0.080286 0.175667
0.186399 0.080229 0.175575
0.186545 0.080173 0.175484
0.186693 0.080085 0.175496
0.186838 0.080029 0.175405
0.186984 0.079972 0.175313
0.187129 0.079915 0.175222
0.187274 0.079859 0.175131
0.187420 0.079802 0.175039
0.187566 0.079715 0.175052
0.187712 0.079659 0.174961
0.187857 0.079572 0.174975
0.188002 0.079516 0.174883
0.188147 0.079459 0.174792
0.188292 0.079403 0.174701
0.188437 0.079346 0.174610
0.188583 0.079290 0.174519
0.188728 0.079234 0.174428
0.188873 0.079177 0.174337
0.189018 0.079121 0.174246
0.189164 0.079093 0.174049
0.189309 0.079037 0.173957
0.189455 0.078980 0.173866
0.189602 0.078953 0.173669
0.189747 0.078896 0.173577
0.189895 0.078868 0.173380
0.190043 0.078840 0.173181
0.190192 0.078812 0.172983
0.190338 0.078755 0.172891
0.190487 0.078727 0.172692
0.190634 0.078670 0.172601
0.190784 0.078642 0.172401
0.190934 0.078613 0.172202
0.191085 0.078584 0.172002
0.191231 0.078527 0.171910
0.191383 0.078498 0.171710
0.191530 0.078440 0.171618
0.191682 0.078411 0.171417
0.191829 0.078354 0.171325
0.191976 0.078296 0.171232
0.192124 0.078239 0.171140
0.192277 0.078209 0.170938
0.192424 0.078152 0.170846
0.192572 0.078094 0.170753
0.192719 0.078037 0.170661
0.192873 0.078007 0.170459
0.193021 0.077949 0.170366
0.193176 0.077919 0.170164
0.193324 0.077861 0.170071
0.193471 0.077804 0.169978
0.193627 0.077773 0.169775
0.193775 0.077715 0.169682
0.193923 0.077657 0.169589
0.194079 0.077626 0.169386
0.194228 0.077569 0.169293
0.194385 0.077537 0.169089
0.194533 0.077480 0.168996
0.194682 0.077422 0.168903
0.194839 0.077390 0.168699
0.194988 0.077332 0.168605
0.195146 0.077300 0.168401
0.195315 0.077294 0.168085
0.195474 0.077262 0.167880
0.195654 0.077281 0.167452
0.195825 0.077274 0.167134
0.195997 0.077267 0.166817
0.196170 0.077259 0.166498
0.196354 0.077277 0.166067
0.196517 0.077243 0.165860
0.196681 0.077209 0.165652
0.196845 0.077175 0.165444
0.197009 0.077141 0.165236
0.197162 0.077081 0.165140
0.197327 0.077047 0.164931
0.197480 0.076987 0.164835
0.197633 0.076928 0.164739
0.197799 0.076893 0.164529
0.197953 0.076833 0.164433
0.198119 0.076798 0.164223
0.198273 0.076738 0.164127
0.198426 0.076679 0.164031
0.198593 0.076643 0.163821
0.198747 0.076583 0.163724
0.198901 0.076524 0.163628
0.199069 0.076488 0.163417
0.162419 0.096316 0.165824
0.162613 0.096240 0.165702
0.166856 0.091666 0.173448
0.167030 0.091599 0.173339
0.167228 0.091492 0.173319
0.167401 0.091425 0.173210
0.167599 0.091318 0.173191
0.167796 0.091212 0.173172
0.167993 0.091105 0.173154
0.168238 0.090922 0.173316
0.168457 0.090777 0.173388
0.168699 0.090595 0.173552
0.168939 0.090412 0.173716
0.169179 0.090231 0.173881
0.169417 0.090049 0.174047
0.169631 0.089907 0.174123
0.169867 0.089727 0.174290
0.170080 0.089585 0.174367
0.170270 0.089481 0.174353
0.170481 0.089340 0.174431
0.170670 0.089237 0.174417
0.170858 0.089134 0.174404
0.171046 0.089032 0.174391
0.171233 0.088929 0.174379
0.171441 0.088789 0.174458
0.171628 0.088687 0.174446
0.171834 0.088548 0.174527
0.172040 0.088409 0.174608
0.172244 0.088270 0.174690
0.172448 0.088131 0.174772
0.172651 0.087993 0.174855
0.172854 0.087855 0.174938
0.173055 0.087718 0.175022
0.173237 0.087618 0.175013
0.173456 0.087444 0.175191
0.173655 0.087308 0.175276
0.173871 0.087135 0.175456
0.174086 0.086962 0.175636
0.174300 0.086791 0.175817
0.174513 0.086619 0.175999
0.174725 0.086448 0.176182
0.174935 0.086278 0.176365
0.175110 0.086180 0.176360
0.175301 0.086047 0.176451
0.175475 0.085949 0.176446
0.175649 0.085852 0.176443
0.175822 0.085755 0.176439
0.175995 0.085659 0.176436
0.176167 0.085562 0.176433
0.176339 0.085466 0.176430
0.176511 0.085369 0.176427
0.176682 0.085273 0.176425
0.176867 0.085142 0.176518
0.177037 0.085046 0.176517
0.177222 0.084915 0.176611
0.177376 0.084855 0.176514
0.177545 0.084760 0.176513
0.177728 0.084630 0.176609
0.177895 0.084535 0.176609
0.178076 0.084405 0.176706
0.178243 0.084311 0.176706
0.178410 0.084217 0.176707
0.178588 0.084088 0.176805
0.178754 0.083994 0.176806
0.178919 0.083900 0.176807
0.179096 0.083773 0.176907
0.179260 0.083679 0.176909
0.179411 0.083620 0.176814
0.179586 0.083493 0.176914
0.179737 0.083434 0.176819
0.179911 0.083307 0.176920
0.180073 0.083215 0.176924
0.180235 0.083123 0.176927
0.180396 0.083030 0.176931
0.180556 0.082938 0.176936
0.180716 0.082846 0.176940
0.180876 0.082755 0.176945
0.181026 0.082696 0.176851
0.181185 0.082605 0.176856
0.181334 0.082547 0.176762
0.181493 0.082455 0.176768
0.181651 0.082364 0.176774
0.181800 0.082306 0.176680
0.181958 0.082216 0.176686
0.182106 0.082158 0.176593
0.182263 0.082067 0.176600
0.182412 0.082009 0.176506
0.182568 0.081919 0.176513
0.182717 0.081861 0.176420
0.182872 0.081771 0.176427
0.183028 0.081681 0.176435
0.183176 0.081623 0.176342
0.183330 0.081534 0.176350
0.183478 0.081476 0.176257
0.183632 0.081387 0.176266
0.183786 0.081297 0.176274
0.183933 0.081240 0.176182
0.184086 0.081151 0.176191
0.184239 0.081062 0.176200
0.184391 0.080973 0.176210
0.184543 0.080884 0.176219
0.184694 0.080796 0.176229
0.184840 0.080739 0.176138
0.184987 0.080682 0.176046
0.185137 0.080594 0.176056
0.185283 0.080537 0.175965
0.185433 0.080449 0.175976
0.185579 0.080392 0.175884
0.185729 0.080305 0.175895
0.185874 0.080248 0.175804
0.186020 0.080191 0.175712
0.186166 0.080135 0.175621
0.186311 0.080078 0.175529
0.186457 0.080021 0.175438
0.186605 0.079934 0.175450
0.186750 0.079877 0.175359
0.186896 0.079821 0.175267
0.187041 0.079764 0.175176
0.187187 0.079708 0.175085
0.187332 0.079651 0.174993
0.187478 0.079594 0.174902
0.187624 0.079508 0.174915
0.187769 0.079451 0.174824
0.187914 0.079395 0.174733
0.188060 0.079338 0.174641
0.188205 0.079282 0.174550
0.188350 0.079225 0.174459
0.188495 0.079168 0.174368
0.188641 0.079112 0.174276
0.188786 0.079055 0.174185
0.188932 0.079028 0.173988
0.189078 0.078971 0.173897
0.189223 0.078915 0.173805
0.189369 0.078858 0.173714
0.189516 0.078830 0.173516
0.189662 0.078774 0.173425
0.189809 0.078745 0.173227
0.189955 0.078689 0.173135
0.190104 0.078660 0.172937
0.190250 0.078603 0.172845
0.190399 0.078575 0.172646
0.190549 0.078546 0.172447
0.190695 0.078489 0.172355
0.190845 0.078460 0.172156
0.190996 0.078431 0.171956
0.191143 0.078374 0.171864
0.191294 0.078345 0.171663
0.191441 0.078287 0.171571
0.191593 0.078258 0.171371
0.191740 0.078200 0.171278
0.191888 0.078143 0.171186
0.192035 0.078086 0.171093
0.192182 0.078028 0.171000
0.192335 0.077998 0.170799
0.192483 0.077941 0.170707
0.192630 0.077883 0.170614
0.192784 0.077853 0.170412
0.192932 0.077795 0.170319
0.193086 0.077765 0.170117
0.193234 0.077707 0.170024
0.193382 0.077650 0.169931
0.193537 0.077619 0.169729
0.193686 0.077561 0.169636
0.193842 0.077530 0.169432
0.193990 0.077472 0.169339
0.194146 0.077441 0.169136
0.194295 0.077383 0.169043
0.194443 0.077325 0.168949
0.194601 0.077293 0.168745
0.194750 0.077235 0.168652
0.194898 0.077177 0.168558
0.195057 0.077145 0.168354
0.195225 0.077139 0.168038
0.195394 0.077132 0.167721
0.195564 0.077125 0.167404
0.195734 0.077118 0.167087
0.195916 0.077135 0.166657
0.196089 0.077127 0.166338
0.196262 0.077119 0.166019
0.196425 0.077085 0.165812
0.196589 0.077051 0.165604
0.196753 0.077016 0.165396
0.196917 0.076982 0.165187
0.197070 0.076922 0.165091
0.197235 0.076888 0.164882
0.197388 0.076828 0.164786
0.197541 0.076768 0.164690
0.197707 0.076733 0.164481
0.197860 0.076674 0.164385
0.198026 0.076639 0.164175
0.198180 0.076579 0.164079
0.198333 0.076519 0.163982
0.198501 0.076483 0.163772
0.198654 0.076424 0.163676
0.198808 0.076364 0.163579
0.198962 0.076304 0.163482
0.162302 0.096114 0.165762
0.162496 0.096039 0.165641
0.166751 0.091486 0.173393
0.166925 0.091418 0.173284
0.167123 0.091312 0.173264
0.167346 0.091166 0.173335
0.167519 0.091099 0.173226
0.167716 0.090993 0.173208
0.167913 0.090887 0.173189
0.168134 0.090743 0.173261
0.168377 0.090560 0.173425
0.168596 0.090417 0.173498
0.168837 0.090235 0.173662
0.169076 0.090054 0.173828
0.169315 0.089873 0.173994
0.169530 0.089731 0.174070
0.169766 0.089552 0.174237
0.169979 0.089410 0.174314
0.170169 0.089307 0.174300
0.170358 0.089204 0.174286
0.170547 0.089101 0.174273
0.170757 0.088961 0.174351
0.170945 0.088858 0.174339
0.171133 0.088756 0.174326
0.171341 0.088616 0.174406
0.171528 0.088515 0.174394
0.171734 0.088376 0.174475
0.171940 0.088237 0.174556
0.172145 0.088099 0.174638
0.172349 0.087961 0.174720
0.172553 0.087823 0.174803
0.172755 0.087686 0.174887
0.172957 0.087549 0.174971
0.173139 0.087449 0.174962
0.173358 0.087275 0.175140
0.173557 0.087139 0.175225
0.173756 0.087004 0.175311
0.173971 0.086832 0.175492
0.174186 0.086661 0.175673
0.174399 0.086490 0.175855
0.174611 0.086319 0.176037
0.174822 0.086150 0.176221
0.175015 0.086016 0.176311
0.175206 0.085883 0.176401
0.175380 0.085786 0.176397
0.175554 0.085689 0.176393
0.175727 0.085592 0.176389
0.175900 0.085496 0.176386
0.176073 0.085399 0.176383
0.176245 0.085303 0.176380
0.176417 0.085207 0.176378
0.176588 0.085111 0.176376
0.176774 0.084980 0.176469
0.176944 0.084885 0.176468
0.177128 0.084754 0.176563
0.177283 0.084694 0.176465
0.177452 0.084599 0.176465
0.177635 0.084470 0.176560
0.177803 0.084375 0.176560
0.177984 0.084246 0.176657
0.178151 0.084152 0.176657
0.178317 0.084057 0.176658
0.178496 0.083929 0.176756
0.178662 0.083836 0.176758
0.178827 0.083742 0.176759
0.179004 0.083615 0.176859
0.179168 0.083521 0.176861
0.179320 0.083462 0.176766
0.179495 0.083336 0.176866
0.179646 0.083277 0.176771
0.179820 0.083151 0.176873
0.179982 0.083058 0.176876
0.180144 0.082966 0.176880
0.180294 0.082908 0.176785
0.180466 0.082782 0.176888
0.180626 0.082691 0.176893
0.180776 0.082632 0.176799
0.180936 0.082541 0.176804
0.181095 0.082450 0.176809
0.181244 0.082391 0.176715
0.181403 0.082300 0.176721
0.181552 0.082242 0.176627
0.181710 0.082151 0.176633
0.181859 0.082093 0.176540
0.182017 0.082003 0.176546
0.182165 0.081945 0.176452
0.182322 0.081855 0.176459
0.182471 0.081797 0.176366
0.182627 0.081707 0.176373
0.182783 0.081617 0.176381
0.182931 0.081559 0.176288
0.183086 0.081469 0.176295
0.183234 0.081412 0.176202
0.183389 0.081322 0.176211
0.183537 0.081265 0.176118
0.183691 0.081176 0.176126
0.183844 0.081087 0.176135
0.183991 0.081029 0.176043
0.184144 0.080940 0.176052
0.184297 0.080852 0.176061
0.184449 0.080763 0.176071
0.184601 0.080675 0.176081
0.184752 0.080587 0.176091
0.184898 0.080530 0.175999
0.185049 0.080442 0.176010
0.185195 0.080385 0.175918
0.185345 0.080297 0.175929
0.185495 0.080210 0.175941
0.185641 0.080153 0.175849
0.185786 0.080096 0.175758
0.185932 0.080040 0.175666
0.186078 0.079983 0.175575
0.186226 0.079896 0.175587
0.186372 0.079839 0.175495
0.186517 0.079783 0.175404
0.186660 0.079756 0.175209
0.186806 0.079700 0.175117
0.186952 0.079643 0.175026
0.187099 0.079556 0.175039
0.187244 0.079500 0.174947
0.187390 0.079443 0.174856
0.187535 0.079386 0.174764
0.187681 0.079330 0.174673
0.187826 0.079273 0.174582
0.187972 0.079216 0.174490
0.188117 0.079160 0.174399
0.188263 0.079103 0.174308
0.188408 0.079047 0.174216
0.188553 0.078990 0.174125
0.188699 0.078933 0.174034
0.188844 0.078877 0.173942
0.188991 0.078849 0.173745
0.189137 0.078792 0.173653
0.189282 0.078735 0.173562
0.189430 0.078707 0.173364
0.189576 0.078651 0.173272
0.189721 0.078594 0.173181
0.189870 0.078565 0.172982
0.190016 0.078508 0.172891
0.190165 0.078480 0.172692
0.190311 0.078423 0.172600
0.190460 0.078394 0.172401
0.190610 0.078365 0.172201
0.190757 0.078308 0.172109
0.190907 0.078278 0.171909
0.191054 0.078221 0.171817
0.191205 0.078192 0.171617
0.191352 0.078134 0.171525
0.191504 0.078104 0.171324
0.191651 0.078047 0.171231
0.191799 0.077990 0.171139
0.191946 0.077932 0.171046
0.192093 0.077875 0.170954
0.192246 0.077845 0.170753
0.192394 0.077787 0.170660
0.192541 0.077730 0.170567
0.192695 0.077699 0.170365
0.192843 0.077642 0.170273
0.192997 0.077611 0.170070
0.193145 0.077553 0.169977
0.193293 0.077496 0.169885
0.193448 0.077465 0.169682
0.193604 0.077433 0.169479
0.193752 0.077376 0.169386
0.193908 0.077344 0.169182
0.194057 0.077286 0.169089
0.194214 0.077254 0.168885
0.194362 0.077197 0.168792
0.194511 0.077139 0.168698
0.194660 0.077081 0.168605
0.194818 0.077048 0.168400
0.194976 0.077016 0.168196
0.195135 0.076984 0.167991
0.195303 0.076976 0.167674
0.195473 0.076969 0.167357
0.195643 0.076961 0.167039
0.195825 0.076978 0.166609
0.195997 0.076970 0.166290
0.196171 0.076961 0.165971
0.196333 0.076926 0.165763
0.196497 0.076892 0.165556
0.196661 0.076858 0.165347
0.196825 0.076823 0.165139
0.196978 0.076763 0.165043
0.197143 0.076728 0.164834
0.197296 0.076669 0.164738
0.197449 0.076609 0.164642
0.197614 0.076574 0.164432
0.197768 0.076514 0.164336
0.197921 0.076455 0.164240
0.198074 0.076395 0.164144
0.198241 0.076359 0.163934
0.198394 0.076300 0.163837
0.198548 0.076240 0.163741
0.198701 0.076180 0.163645
0.198869 0.076144 0.163434
0.162185 0.095913 0.165701
0.162379 0.095837 0.165579
0.167019 0.091131 0.173209
0.167242 0.090987 0.173280
0.167415 0.090919 0.173172
0.167612 0.090813 0.173153
0.167809 0.090708 0.173135
0.168030 0.090564 0.173207
0.168273 0.090382 0.173370
0.168516 0.090201 0.173534
0.168687 0.090134 0.173427
0.168974 0.089877 0.173774
0.169213 0.089697 0.173940
0.169450 0.089518 0.174107
0.169687 0.089339 0.174275
0.169877 0.089236 0.174261
0.170067 0.089133 0.174247
0.170257 0.089030 0.174233
0.170446 0.088927 0.174220
0.170635 0.088825 0.174207
0.170845 0.088685 0.174286
0.171033 0.088583 0.174273
0.171241 0.088444 0.174353
0.171428 0.088342 0.174342
0.171635 0.088204 0.174423
0.171841 0.088065 0.174504
0.172046 0.087928 0.174586
0.172250 0.087790 0.174668
0.172454 0.087653 0.174752
0.172657 0.087516 0.174835
0.172859 0.087379 0.174919
0.173041 0.087279 0.174910
0.173241 0.087143 0.174995
0.173441 0.087007 0.175081
0.173640 0.086872 0.175167
0.173856 0.086701 0.175347
0.174071 0.086530 0.175528
0.174303 0.086324 0.175804
0.174516 0.086154 0.175987
0.174727 0.085985 0.176171
0.174902 0.085888 0.176166
0.175094 0.085755 0.176256
0.175269 0.085658 0.176252
0.175459 0.085526 0.176343
0.175616 0.085465 0.176245
0.175790 0.085368 0.176241
0.175962 0.085272 0.176238
0.176151 0.085141 0.176331
0.176322 0.085045 0.176329
0.176494 0.084949 0.176326
0.176680 0.084819 0.176420
0.176850 0.084723 0.176419
0.177035 0.084593 0.176514
0.177204 0.084499 0.176513
0.177359 0.084438 0.176416
0.177542 0.084309 0.176512
0.177710 0.084215 0.176512
0.177891 0.084086 0.176609
0.178058 0.083992 0.176609
0.178225 0.083898 0.176610
0.178404 0.083770 0.176708
0.178570 0.083677 0.176709
0.178735 0.083584 0.176711
0.178912 0.083457 0.176811
0.179064 0.083398 0.176715
0.179228 0.083305 0.176718
0.179404 0.083178 0.176818
0.179555 0.083120 0.176723
0.179718 0.083027 0.176727
0.179880 0.082935 0.176730
0.180053 0.082810 0.176832
0.180203 0.082751 0.176738
0.180364 0.082659 0.176742
0.180525 0.082568 0.176747
0.180685 0.082476 0.176751
0.180845 0.082385 0.176756
0.180995 0.082327 0.176663
0.181154 0.082236 0.176668
0.181313 0.082145 0.176674
0.181462 0.082087 0.176580
0.181620 0.081997 0.176586
0.181769 0.081939 0.176492
0.181927 0.081848 0.176499
0.182076 0.081790 0.176405
0.182233 0.081700 0.176412
0.182381 0.081642 0.176319
0.182538 0.081552 0.176326
0.182686 0.081495 0.176233
0.182842 0.081405 0.176241
0.182990 0.081347 0.176148
0.183145 0.081258 0.176156
0.183293 0.081200 0.176063
0.183447 0.081111 0.176071
0.183595 0.081054 0.175978
0.183749 0.080965 0.175987
0.183903 0.080876 0.175996
0.184056 0.080787 0.176005
0.184208 0.080699 0.176015
0.184361 0.080611 0.176025
0.184512 0.080523 0.176035
0.184664 0.080435 0.176045
0.184815 0.080347 0.176056
0.184961 0.080290 0.175964
0.185107 0.080233 0.175872
0.185257 0.080146 0.175883
0.185407 0.080058 0.175895
0.185553 0.080002 0.175803
0.185702 0.079915 0.175815
0.185847 0.079858 0.175724
0.185993 0.079801 0.175632
0.186138 0.079745 0.175541
0.186284 0.079688 0.175449
0.186429 0.079631 0.175358
0.186575 0.079575 0.175267
0.186720 0.079518 0.175175
0.186864 0.079491 0.174980
0.187009 0.079435 0.174888
0.187157 0.079348 0.174901
0.187302 0.079292 0.174810
0.187447 0.079235 0.174719
0.187593 0.079178 0.174627
0.187738 0.079122 0.174536
0.187884 0.079065 0.174444
0.188029 0.079008 0.174353
0.188175 0.078952 0.174262
0.188320 0.078924 0.174065
0.188466 0.078867 0.173973
0.188612 0.078811 0.173882
0.188757 0.078754 0.173790
0.188903 0.078697 0.173699
0.189050 0.078669 0.173501
0.189196 0.078612 0.173410
0.189342 0.078556 0.173318
0.189489 0.078527 0.173120
0.189635 0.078470 0.173028
0.189781 0.078413 0.172936
0.189930 0.078385 0.172737
0.190076 0.078328 0.172646
0.190225 0.078299 0.172447
0.190372 0.078241 0.172355
0.190522 0.078212 0.172155
0.190668 0.078155 0.172063
0.190819 0.078126 0.171863
0.190966 0.078068 0.171771
0.191116 0.078039 0.171570
0.191264 0.077981 0.171478
0.191415 0.077951 0.171277
0.191562 0.077894 0.171185
0.191710 0.077837 0.171092
0.191857 0.077779 0.171000
0.192004 0.077722 0.170907
0.192152 0.077665 0.170815
0.192305 0.077634 0.170613
0.192458 0.077603 0.170411
0.192606 0.077546 0.170319
0.192754 0.077488 0.170226
0.192908 0.077457 0.170024
0.193056 0.077400 0.169931
0.193211 0.077368 0.169728
0.193366 0.077337 0.169525
0.193514 0.077279 0.169432
0.193670 0.077247 0.169229
0.193819 0.077190 0.169135
0.193975 0.077158 0.168931
0.194124 0.077100 0.168838
0.194273 0.077042 0.168745
0.194430 0.077010 0.168540
0.194579 0.076952 0.168447
0.194737 0.076919 0.168242
0.194886 0.076861 0.168148
0.195054 0.076854 0.167832
0.195223 0.076846 0.167515
0.195392 0.076838 0.167198
0.195563 0.076829 0.166880
0.195734 0.076821 0.166561
0.195906 0.076812 0.166243
0.196079 0.076802 0.165923
0.196242 0.076768 0.165715
0.196405 0.076734 0.165507
0.196569 0.076699 0.165299
0.196733 0.076664 0.165091
0.196885 0.076604 0.164995
0.197050 0.076569 0.164786
0.197203 0.076510 0.164690
0.197356 0.076450 0.164593
0.197522 0.076415 0.164384
0.197675 0.076355 0.164288
0.197828 0.076295 0.164192
0.197982 0.076236 0.164095
0.198148 0.076200 0.163885
0.198302 0.076140 0.163789
0.198455 0.076080 0.163692
0.198609 0.076021 0.163596
0.198776 0.075984 0.163385
0.162068 0.095711 0.165640
0.162262 0.095635 0.165518
0.167137 0.090807 0.173226
0.167310 0.090739 0.173117
0.167508 0.090634 0.173098
0.167705 0.090528 0.173080
0.167926 0.090385 0.173153
0.168170 0.090204 0.173316
0.168413 0.090023 0.173480
0.168584 0.089956 0.173373
0.168871 0.089701 0.173720
0.169111 0.089521 0.173887
0.169349 0.089342 0.174054
0.169586 0.089164 0.174222
0.169776 0.089061 0.174208
0.169966 0.088958 0.174194
0.170156 0.088856 0.174180
0.170345 0.088753 0.174167
0.170534 0.088651 0.174154
0.170744 0.088512 0.174233
0.170932 0.088410 0.174221
0.171141 0.088271 0.174301
0.171328 0.088170 0.174289
0.171535 0.088032 0.174370
0.171741 0.087894 0.174452
0.171947 0.087756 0.174534
0.172151 0.087619 0.174617
0.172355 0.087482 0.174700
0.172558 0.087346 0.174783
0.172741 0.087246 0.174774
0.172942 0.087110 0.174859
0.173124 0.087011 0.174850
0.173324 0.086875 0.174936
0.173524 0.086740 0.175022
0.173722 0.086605 0.175108
0.173938 0.086435 0.175289
0.174171 0.086230 0.175565
0.174384 0.086060 0.175748
0.174596 0.085892 0.175932
0.174790 0.085759 0.176022
0.174982 0.085626 0.176112
0.175174 0.085494 0.176202
0.175348 0.085398 0.176199
0.175522 0.085301 0.176195
0.175695 0.085205 0.176192
0.175868 0.085109 0.176189
0.176040 0.085013 0.176186
0.176228 0.084883 0.176279
0.176400 0.084787 0.176277
0.176571 0.084692 0.176275
0.176757 0.084562 0.176370
0.176927 0.084467 0.176369
0.177111 0.084338 0.176464
0.177266 0.084278 0.176367
0.177449 0.084149 0.176463
0.177617 0.084055 0.176463
0.177799 0.083927 0.176560
0.177966 0.083833 0.176561
0.178132 0.083739 0.176561
0.178312 0.083612 0.176660
0.178478 0.083518 0.176661
0.178643 0.083425 0.176663
0.178808 0.083332 0.176665
0.178973 0.083240 0.176667
0.179137 0.083147 0.176670
0.179300 0.083055 0.176673
0.179464 0.082962 0.176676
0.179627 0.082870 0.176679
0.179789 0.082778 0.176682
0.179951 0.082686 0.176686
0.180113 0.082595 0.176690
0.180263 0.082536 0.176596
0.180424 0.082445 0.176600
0.180585 0.082353 0.176605
0.180745 0.082262 0.176610
0.180905 0.082171 0.176615
0.181054 0.082113 0.176521
0.181213 0.082023 0.176527
0.181372 0.081932 0.176533
0.181521 0.081874 0.176439
0.181679 0.081784 0.176445
0.181828 0.081726 0.176352
0.181986 0.081636 0.176358
0.182135 0.081578 0.176265
0.182292 0.081488 0.176272
0.182440 0.081430 0.176179
0.182596 0.081340 0.176186
0.182745 0.081283 0.176093
0.182900 0.081193 0.176101
0.183049 0.081136 0.176008
0.183204 0.081047 0.176016
0.183351 0.080989 0.175923
0.183506 0.080900 0.175932
0.183654 0.080843 0.175839
0.183807 0.080754 0.175848
0.183961 0.080666 0.175857
0.184114 0.080577 0.175867
0.184272 0.080458 0.175978
0.184419 0.080401 0.175886
0.184570 0.080313 0.175896
0.184727 0.080195 0.176010
0.184873 0.080138 0.175918
0.185019 0.080081 0.175826
0.185169 0.079994 0.175837
0.185319 0.079907 0.175849
0.185469 0.079820 0.175860
0.185614 0.079763 0.175769
0.185760 0.079707 0.175678
0.185905 0.079650 0.175586
0.186051 0.079593 0.175495
0.186196 0.079537 0.175403
0.186341 0.079480 0.175312
0.186487 0.079424 0.175221
0.186632 0.079367 0.175129
0.186778 0.079310 0.175038
0.186922 0.079283 0.174842
0.187069 0.079197 0.174855
0.187214 0.079140 0.174764
0.187360 0.079084 0.174673
0.187504 0.079056 0.174476
0.187650 0.078999 0.174385
0.187796 0.078943 0.174293
0.187941 0.078886 0.174202
0.188087 0.078829 0.174110
0.188232 0.078773 0.174019
0.188378 0.078716 0.173927
0.188524 0.078688 0.173730
0.188670 0.078631 0.173638
0.188816 0.078574 0.173547
0.188963 0.078546 0.173349
0.189109 0.078489 0.173257
0.189255 0.078432 0.173165
0.189401 0.078375 0.173074
0.189549 0.078346 0.172875
0.189695 0.078289 0.172783
0.189842 0.078232 0.172691
0.189990 0.078203 0.172492
0.190137 0.078146 0.172400
0.190286 0.078117 0.172201
0.190433 0.078060 0.172109
0.190580 0.078002 0.172017
0.190730 0.077973 0.171817
0.190877 0.077916 0.171724
0.191024 0.077858 0.171632
0.191175 0.077828 0.171432
0.191322 0.077771 0.171339
0.191474 0.077741 0.171138
0.191621 0.077683 0.171046
0.191768 0.077626 0.170953
0.191915 0.077569 0.170861
0.192063 0.077511 0.170768
0.192216 0.077481 0.170567
0.192369 0.077450 0.170365
0.192517 0.077392 0.170272
0.192671 0.077361 0.170070
0.192819 0.077303 0.169977
0.192973 0.077272 0.169774
0.193128 0.077240 0.169571
0.193276 0.077183 0.169478
0.193432 0.077151 0.169275
0.193588 0.077119 0.169071
0.193737 0.077061 0.168978
0.193885 0.077003 0.168884
0.194042 0.076971 0.168680
0.194191 0.076913 0.168587
0.194348 0.076880 0.168382
0.194498 0.076822 0.168289
0.194647 0.076764 0.168195
0.194805 0.076731 0.167990
0.194964 0.076698 0.167785
0.195132 0.076690 0.167468
0.195301 0.076681 0.167150
0.195472 0.076673 0.166832
0.195643 0.076664 0.166514
0.195814 0.076654 0.166195
0.195987 0.076644 0.165875
0.196150 0.076610 0.165667
0.196313 0.076575 0.165459
0.196476 0.076540 0.165251
0.196640 0.076505 0.165042
0.196793 0.076445 0.164946
0.196958 0.076410 0.164737
0.197111 0.076350 0.164641
0.197264 0.076291 0.164545
0.197429 0.076255 0.164336
0.197583 0.076196 0.164239
0.197749 0.076160 0.164029
0.197902 0.076100 0.163933
0.198056 0.076040 0.163837
0.198222 0.076004 0.163626
0.198376 0.075944 0.163530
0.198530 0.075884 0.163433
0.198683 0.075824 0.163337
0.162172 0.095395 0.165545
0.162366 0.095319 0.165424
0.167404 0.090454 0.173044
0.167601 0.090349 0.173026
0.167822 0.090206 0.173098
0.168066 0.090025 0.173262
0.168286 0.089883 0.173336
0.168457 0.089816 0.173228
0.168769 0.089524 0.173667
0.169008 0.089345 0.173833
0.169224 0.089204 0.173909
0.169461 0.089027 0.174077
0.169675 0.088886 0.174155
0.169865 0.088784 0.174141
0.170033 0.088719 0.174036
0.170244 0.088579 0.174114
0.170433 0.088477 0.174101
0.170622 0.088375 0.174088
0.170832 0.088237 0.174168
0.171019 0.088135 0.174156
0.171228 0.087997 0.174237
0.171435 0.087860 0.174318
0.171641 0.087722 0.174400
0.171847 0.087585 0.174482
0.172052 0.087448 0.174565
0.172256 0.087312 0.174648
0.172460 0.087176 0.174732
0.172642 0.087076 0.174723
0.172844 0.086941 0.174807
0.173026 0.086842 0.174799
0.173208 0.086742 0.174791
0.173407 0.086608 0.174877
0.173606 0.086473 0.174963
0.173805 0.086339 0.175050
0.174020 0.086170 0.175232
0.174234 0.086001 0.175415
0.174465 0.085797 0.175692
0.174659 0.085665 0.175782
0.174870 0.085498 0.175967
0.175045 0.085401 0.175963
0.175236 0.085269 0.176054
0.175410 0.085173 0.176050
0.175600 0.085042 0.176142
0.175773 0.084946 0.176139
0.175946 0.084851 0.176137
0.176118 0.084755 0.176134
0.176306 0.084625 0.176228
0.176477 0.084530 0.176226
0.176663 0.084401 0.176321
0.176833 0.084306 0.176320
0.177018 0.084177 0.176415
0.177172 0.084117 0.176318
0.177341 0.084023 0.176318
0.177524 0.083895 0.176414
0.177692 0.083801 0.176415
0.177873 0.083673 0.176512
0.178040 0.083580 0.176513
0.178207 0.083487 0.176514
0.178386 0.083360 0.176613
0.178551 0.083267 0.176615
0.178716 0.083174 0.176617
0.178881 0.083082 0.176619
0.179045 0.082989 0.176622
0.179209 0.082897 0.176625
0.179372 0.082805 0.176628
0.179524 0.082746 0.176533
0.179686 0.082654 0.176536
0.179849 0.082563 0.176540
0.180011 0.082471 0.176544
0.180172 0.082380 0.176548
0.180333 0.082289 0.176553
0.180494 0.082197 0.176558
0.180654 0.082107 0.176563
0.180814 0.082016 0.176568
0.180964 0.081958 0.176474
0.181123 0.081867 0.176480
0.181282 0.081777 0.176486
0.181431 0.081719 0.176392
0.181589 0.081629 0.176398
0.181738 0.081571 0.176305
0.181896 0.081481 0.176311
0.182045 0.081423 0.176218
0.182194 0.081365 0.176125
0.182350 0.081275 0.176132
0.182499 0.081218 0.176039
0.182655 0.081128 0.176046
0.182804 0.081071 0.175953
0.182959 0.080982 0.175961
0.183107 0.080924 0.175868
0.183262 0.080835 0.175876
0.183410 0.080778 0.175783
0.183564 0.080689 0.175792
0.183712 0.080631 0.175699
0.183872 0.080512 0.175810
0.184025 0.080424 0.175820
0.184183 0.080306 0.175932
0.184330 0.080248 0.175840
0.184482 0.080161 0.175850
0.184634 0.080073 0.175861
0.184780 0.080016 0.175769
0.184931 0.079929 0.175780
0.185081 0.079842 0.175791
0.185231 0.079755 0.175803
0.185381 0.079669 0.175814
0.185526 0.079612 0.175723
0.185672 0.079555 0.175632
0.185817 0.079499 0.175540
0.185963 0.079442 0.175449
0.186108 0.079385 0.175357
0.186254 0.079329 0.175266
0.186399 0.079272 0.175175
0.186545 0.079216 0.175083
0.186690 0.079159 0.174992
0.186834 0.079132 0.174796
0.186979 0.079075 0.174705
0.187125 0.079018 0.174613
0.187271 0.078961 0.174522
0.187416 0.078905 0.174430
0.187562 0.078848 0.174339
0.187708 0.078791 0.174247
0.187853 0.078735 0.174156
0.187999 0.078706 0.173959
0.188145 0.078650 0.173867
0.188290 0.078593 0.173775
0.188436 0.078536 0.173684
0.188583 0.078508 0.173486
0.188729 0.078451 0.173394
0.188875 0.078394 0.173303
0.189022 0.078365 0.173104
0.189168 0.078308 0.173013
0.189315 0.078251 0.172921
0.189463 0.078222 0.172722
0.189609 0.078165 0.172630
0.189756 0.078108 0.172538
0.189902 0.078051 0.172446
0.190051 0.078021 0.172247
0.190198 0.077964 0.172154
0.190345 0.077907 0.172062
0.190491 0.077850 0.171970
0.190641 0.077820 0.171770
0.190788 0.077763 0.171678
0.190935 0.077706 0.171586
0.191086 0.077675 0.171385
0.191233 0.077618 0.171293
0.191385 0.077587 0.171092
0.191532 0.077530 0.170999
0.191679 0.077473 0.170907
0.191827 0.077415 0.170814
0.191979 0.077385 0.170613
0.192127 0.077327 0.170520
0.192280 0.077296 0.170318
0.192428 0.077238 0.170225
0.192581 0.077207 0.170023
0.192736 0.077175 0.169820
0.192884 0.077118 0.169727
0.193038 0.077086 0.169524
0.193194 0.077054 0.169321
0.193349 0.077022 0.169118
0.193498 0.076964 0.169024
0.193654 0.076932 0.168820
0.193803 0.076874 0.168727
0.193960 0.076841 0.168523
0.194109 0.076783 0.168429
0.194267 0.076750 0.168224
0.194416 0.076692 0.168130
0.194565 0.076634 0.168037
0.194724 0.076601 0.167832
0.194882 0.076567 0.167626
0.195051 0.076559 0.167309
0.195220 0.076550 0.166991
0.195381 0.076516 0.166785
0.195551 0.076506 0.166466
0.195723 0.076496 0.166147
0.195895 0.076486 0.165827
0.196058 0.076451 0.165619
0.196221 0.076416 0.165411
0.196384 0.076381 0.165203
0.196548 0.076346 0.164994
0.196701 0.076286 0.164898
0.196865 0.076251 0.164689
0.197019 0.076191 0.164593
0.197184 0.076155 0.164383
0.197337 0.076096 0.164287
0.197503 0.076060 0.164077
0.197656 0.076000 0.163981
0.197809 0.075940 0.163885
0.197963 0.075881 0.163788
0.198130 0.075844 0.163578
0.198283 0.075784 0.163481
0.198437 0.075724 0.163385
0.198591 0.075665 0.163288
0.198744 0.075605 0.163192
0.198898 0.075545 0.163095
0.162056 0.095193 0.165484
0.162249 0.095118 0.165362
0.167718 0.090027 0.173044
0.167963 0.089847 0.173208
0.168182 0.089705 0.173282
0.168425 0.089526 0.173447
0.168666 0.089347 0.173613
0.168906 0.089169 0.173780
0.169145 0.088992 0.173947
0.169360 0.088852 0.174024
0.169551 0.088749 0.174010
0.169764 0.088610 0.174088
0.169932 0.088544 0.173983
0.170121 0.088442 0.173969
0.170333 0.088304 0.174048
0.170521 0.088202 0.174036
0.170731 0.088064 0.174116
0.170919 0.087962 0.174104
0.171127 0.087825 0.174184
0.171335 0.087688 0.174266
0.171542 0.087551 0.174348
0.171748 0.087414 0.174430
0.171953 0.087278 0.174513
0.172157 0.087142 0.174596
0.172341 0.087042 0.174587
0.172544 0.086907 0.174671
0.172727 0.086807 0.174662
0.172909 0.086708 0.174654
0.173091 0.086609 0.174645
0.173291 0.086475 0.174731
0.173472 0.086376 0.174724
0.173670 0.086243 0.174811
0.173868 0.086109 0.174898
0.174047 0.086011 0.174891
0.174315 0.085737 0.175358
0.174528 0.085570 0.175542
0.174739 0.085403 0.175727
0.174932 0.085272 0.175818
0.175124 0.085141 0.175909
0.175315 0.085010 0.176001
0.175489 0.084914 0.175997
0.175679 0.084784 0.176090
0.175852 0.084688 0.176087
0.176024 0.084593 0.176085
0.176196 0.084498 0.176083
0.176383 0.084368 0.176177
0.176554 0.084274 0.176175
0.176740 0.084145 0.176271
0.176910 0.084051 0.176270
0.177064 0.083990 0.176173
0.177248 0.083862 0.176269
0.177417 0.083768 0.176269
0.177599 0.083641 0.176366
0.177767 0.083548 0.176367
0.177934 0.083454 0.176367
0.178114 0.083328 0.176466
0.178281 0.083235 0.176467
0.178446 0.083142 0.176469
0.178612 0.083049 0.176471
0.178777 0.082957 0.176473
0.178941 0.082865 0.176476
0.179105 0.082773 0.176479
0.179269 0.082681 0.176482
0.179432 0.082589 0.176485
0.179595 0.082497 0.176489
0.179758 0.082406 0.176492
0.179920 0.082314 0.176496
0.180082 0.082223 0.176501
0.180232 0.082165 0.176406
0.180393 0.082074 0.176411
0.180554 0.081983 0.176416
0.180714 0.081892 0.176421
0.180874 0.081802 0.176427
0.181033 0.081712 0.176432
0.181182 0.081654 0.176339
0.181341 0.081564 0.176345
0.181500 0.081474 0.176351
0.181649 0.081416 0.176258
0.181806 0.081326 0.176264
0.181955 0.081268 0.176171
0.182104 0.081210 0.176078
0.182253 0.081152 0.175984
0.182409 0.081063 0.175992
0.182558 0.081005 0.175898
0.182714 0.080916 0.175906
0.182862 0.080859 0.175813
0.183018 0.080770 0.175821
0.183166 0.080712 0.175728
0.183321 0.080624 0.175737
0.183469 0.080566 0.175644
0.183623 0.080478 0.175653
0.183777 0.080390 0.175662
0.183930 0.080302 0.175671
0.184089 0.080183 0.175783
0.184242 0.080096 0.175794
0.184394 0.080009 0.175804
0.184545 0.079921 0.175815
0.184692 0.079864 0.175723
0.184843 0.079777 0.175734
0.184993 0.079690 0.175745
0.185143 0.079604 0.175757
0.185293 0.079517 0.175768
0.185439 0.079461 0.175677
0.185584 0.079404 0.175586
0.185730 0.079347 0.175494
0.185875 0.079291 0.175403
0.186020 0.079234 0.175311
0.186166 0.079178 0.175220
0.186311 0.079121 0.175129
0.186457 0.079064 0.175037
0.186602 0.079008 0.174946
0.186746 0.078980 0.174750
0.186891 0.078923 0.174659
0.187037 0.078867 0.174567
0.187183 0.078810 0.174476
0.187328 0.078753 0.174384
0.187474 0.078696 0.174293
0.187620 0.078640 0.174201
0.187765 0.078611 0.174004
0.187911 0.078555 0.173913
0.188056 0.078498 0.173821
0.188202 0.078469 0.173623
0.188348 0.078412 0.173532
0.188494 0.078356 0.173440
0.188641 0.078327 0.173242
0.188787 0.078270 0.173150
0.188934 0.078213 0.173058
0.189081 0.078184 0.172860
0.189228 0.078127 0.172768
0.189374 0.078070 0.172676
0.189521 0.078012 0.172584
0.189669 0.077983 0.172384
0.189816 0.077926 0.172292
0.189963 0.077869 0.172200
0.190109 0.077812 0.172108
0.190256 0.077754 0.172016
0.190403 0.077697 0.171924
0.190553 0.077667 0.171724
0.190700 0.077610 0.171631
0.190846 0.077553 0.171539
0.190997 0.077522 0.171339
0.191144 0.077465 0.171246
0.191296 0.077434 0.171045
0.191443 0.077377 0.170953
0.191590 0.077320 0.170860
0.191738 0.077262 0.170768
0.191890 0.077231 0.170566
0.192038 0.077174 0.170473
0.192191 0.077142 0.170271
0.192344 0.077111 0.170069
0.192492 0.077053 0.169976
0.192646 0.077021 0.169774
0.192801 0.076989 0.169571
0.192956 0.076957 0.169368
0.193111 0.076925 0.169164
0.193267 0.076893 0.168960
0.193415 0.076835 0.168867
0.193572 0.076802 0.168663
0.193721 0.076744 0.168569
0.193878 0.076711 0.168365
0.194027 0.076653 0.168271
0.194185 0.076620 0.168066
0.194334 0.076562 0.167972
0.194484 0.076503 0.167878
0.194642 0.076470 0.167673
0.194801 0.076436 0.167467
0.194960 0.076402 0.167261
0.195129 0.076393 0.166943
0.195299 0.076383 0.166625
0.195460 0.076349 0.166418
0.195631 0.076339 0.166099
0.195804 0.076328 0.165779
0.195966 0.076293 0.165571
0.196129 0.076258 0.165363
0.196292 0.076222 0.165154
0.196456 0.076187 0.164946
0.196620 0.076151 0.164737
0.196773 0.076092 0.164641
0.196926 0.076032 0.164544
0.197091 0.075996 0.164335
0.197244 0.075936 0.164239
0.197410 0.075900 0.164029
0.197563 0.075840 0.163932
0.197730 0.075804 0.163722
0.197883 0.075744 0.163626
0.198037 0.075684 0.163529
0.198191 0.075624 0.163433
0.198344 0.075565 0.163336
0.198512 0.075528 0.163125
0.198652 0.075445 0.163143
0.198805 0.075385 0.163047
0.161939 0.094992 0.165423
0.162132 0.094916 0.165301
0.167614 0.089848 0.172989
0.167859 0.089668 0.173153
0.168079 0.089527 0.173227
0.168322 0.089348 0.173393
0.168564 0.089171 0.173559
0.168804 0.088993 0.173726
0.169043 0.088816 0.173894
0.169258 0.088677 0.173971
0.169449 0.088574 0.173957
0.169640 0.088472 0.173943
0.169830 0.088370 0.173930
0.170020 0.088268 0.173917
0.170210 0.088166 0.173904
0.170421 0.088028 0.173983
0.170631 0.087891 0.174063
0.170819 0.087790 0.174051
0.171027 0.087652 0.174132
0.171235 0.087516 0.174213
0.171442 0.087379 0.174295
0.171649 0.087243 0.174378
0.171854 0.087107 0.174461
0.172038 0.087007 0.174451
0.172242 0.086872 0.174535
0.172426 0.086773 0.174526
0.172609 0.086674 0.174517
0.172791 0.086575 0.174508
0.172973 0.086476 0.174500
0.173155 0.086377 0.174492
0.173317 0.086314 0.174390
0.173536 0.086145 0.174571
0.173734 0.086012 0.174658
0.173950 0.085844 0.174840
0.174111 0.085781 0.174739
0.174379 0.085509 0.175208
0.174556 0.085412 0.175202
0.174802 0.085177 0.175578
0.175012 0.085011 0.175764
0.175204 0.084881 0.175856
0.175395 0.084751 0.175948
0.175585 0.084621 0.176040
0.175757 0.084525 0.176038
0.175930 0.084430 0.176036
0.176102 0.084335 0.176033
0.176289 0.084207 0.176128
0.176460 0.084112 0.176126
0.176631 0.084018 0.176125
0.176816 0.083890 0.176221
0.176971 0.083829 0.176124
0.177140 0.083736 0.176123
0.177324 0.083608 0.176220
0.177492 0.083515 0.176220
0.177660 0.083421 0.176221
0.177842 0.083295 0.176319
0.178008 0.083202 0.176320
0.178175 0.083109 0.176322
0.178341 0.083017 0.176323
0.178520 0.082891 0.176423
0.178685 0.082799 0.176425
0.178850 0.082707 0.176428
0.179014 0.082615 0.176431
0.179190 0.082490 0.176532
0.179341 0.082432 0.176437
0.179504 0.082340 0.176441
0.179667 0.082249 0.176445
0.179818 0.082190 0.176350
0.179980 0.082099 0.176354
0.180141 0.082008 0.176359
0.180302 0.081918 0.176364
0.180463 0.081827 0.176369
0.180623 0.081737 0.176374
0.180783 0.081646 0.176379
0.180943 0.081556 0.176385
0.181092 0.081498 0.176291
0.181251 0.081408 0.176298
0.181410 0.081319 0.176304
0.181559 0.081261 0.176211
0.181708 0.081203 0.176117
0.181865 0.081113 0.176124
0.182014 0.081056 0.176031
0.182163 0.080998 0.175937
0.182320 0.080909 0.175945
0.182468 0.080851 0.175851
0.182624 0.080762 0.175859
0.182773 0.080704 0.175766
0.182921 0.080647 0.175673
0.183077 0.080558 0.175681
0.183225 0.080500 0.175588
0.183380 0.080412 0.175597
0.183527 0.080355 0.175504
0.183688 0.080236 0.175615
0.183842 0.080148 0.175625
0.184001 0.080031 0.175737
0.184147 0.079973 0.175645
0.184300 0.079886 0.175655
0.184457 0.079769 0.175768
0.184603 0.079712 0.175676
0.184754 0.079625 0.175688
0.184905 0.079539 0.175699
0.185055 0.079452 0.175710
0.185205 0.079366 0.175722
0.185351 0.079309 0.175631
0.185496 0.079253 0.175540
0.185642 0.079196 0.175448
0.185787 0.079139 0.175357
0.185933 0.079083 0.175266
0.186078 0.079026 0.175174
0.186224 0.078970 0.175083
0.186369 0.078913 0.174991
0.186514 0.078856 0.174900
0.186658 0.078828 0.174704
0.186803 0.078772 0.174613
0.186949 0.078715 0.174521
0.187095 0.078658 0.174430
0.187240 0.078602 0.174338
0.187386 0.078545 0.174247
0.187531 0.078517 0.174050
0.187677 0.078460 0.173958
0.187823 0.078403 0.173866
0.187968 0.078374 0.173669
0.188114 0.078317 0.173577
0.188260 0.078288 0.173379
0.188407 0.078231 0.173288
0.188553 0.078175 0.173196
0.188700 0.078145 0.172997
0.188846 0.078088 0.172905
0.188993 0.078031 0.172813
0.189141 0.078002 0.172615
0.189287 0.077944 0.172522
0.189434 0.077887 0.172430
0.189581 0.077830 0.172338
0.189727 0.077773 0.172246
0.189874 0.077716 0.172154
0.190021 0.077659 0.172062
0.190167 0.077602 0.171970
0.190314 0.077545 0.171877
0.190464 0.077514 0.171677
0.190611 0.077457 0.171585
0.190758 0.077400 0.171493
0.190908 0.077369 0.171292
0.191056 0.077312 0.171200
0.191207 0.077281 0.170999
0.191354 0.077224 0.170906
0.191501 0.077166 0.170814
0.191649 0.077109 0.170721
0.191801 0.077078 0.170519
0.191954 0.077046 0.170318
0.192107 0.077014 0.170115
0.192255 0.076957 0.170022
0.192409 0.076925 0.169820
0.192563 0.076893 0.169617
0.192717 0.076861 0.169414
0.192872 0.076828 0.169211
0.193028 0.076796 0.169007
0.193183 0.076763 0.168803
0.193333 0.076705 0.168709
0.193489 0.076672 0.168505
0.193646 0.076639 0.168301
0.193795 0.076581 0.168207
0.193945 0.076522 0.168113
0.194095 0.076464 0.168019
0.194252 0.076431 0.167814
0.194402 0.076372 0.167720
0.194561 0.076339 0.167514
0.194720 0.076305 0.167308
0.194879 0.076271 0.167102
0.195038 0.076236 0.166896
0.195208 0.076226 0.166577
0.195369 0.076192 0.166370
0.195540 0.076181 0.166051
0.195712 0.076170 0.165731
0.195874 0.076135 0.165523
0.196037 0.076099 0.165315
0.196200 0.076064 0.165106
0.196364 0.076028 0.164897
0.196528 0.075992 0.164688
0.196681 0.075932 0.164592
0.196845 0.075896 0.164383
0.196999 0.075837 0.164287
0.197164 0.075800 0.164077
0.197317 0.075741 0.163980
0.197483 0.075704 0.163770
0.197637 0.075644 0.163674
0.197790 0.075584 0.163577
0.197944 0.075524 0.163481
0.198111 0.075487 0.163270
0.198265 0.075428 0.163173
0.198419 0.075368 0.163076
0.198573 0.075308 0.162980
0.198727 0.075248 0.162883
0.162015 0.094715 0.165240
0.167116 0.089877 0.172970
0.167289 0.089810 0.172862
0.167510 0.089669 0.172935
0.167731 0.089527 0.173008
0.167976 0.089349 0.173173
0.168195 0.089208 0.173248
0.168437 0.089031 0.173414
0.168678 0.088854 0.173581
0.168942 0.088641 0.173841
0.169157 0.088502 0.173918
0.169348 0.088399 0.173904
0.169539 0.088297 0.173890
0.169729 0.088196 0.173877
0.169919 0.088094 0.173864
0.170109 0.087992 0.173851
0.170320 0.087855 0.173930
0.170530 0.087718 0.174010
0.170718 0.087617 0.173999
0.170927 0.087480 0.174080
0.171136 0.087344 0.174161
0.171343 0.087208 0.174243
0.171549 0.087072 0.174326
0.171734 0.086972 0.174316
0.171939 0.086837 0.174399
0.172144 0.086702 0.174483
0.172327 0.086603 0.174474
0.172510 0.086504 0.174466
0.172693 0.086405 0.174457
0.172875 0.086306 0.174449
0.173057 0.086208 0.174441
0.173219 0.086145 0.174339
0.173401 0.086046 0.174331
0.173600 0.085914 0.174418
0.173817 0.085746 0.174600
0.174014 0.085614 0.174689
0.174229 0.085447 0.174872
0.174460 0.085247 0.175152
0.174672 0.085081 0.175337
0.174882 0.084916 0.175523
0.175092 0.084751 0.175710
0.175283 0.084622 0.175803
0.175473 0.084492 0.175895
0.175663 0.084363 0.175988
0.175836 0.084268 0.175986
0.176008 0.084173 0.175984
0.176180 0.084079 0.175982
0.176367 0.083950 0.176077
0.176537 0.083856 0.176076
0.176708 0.083762 0.176075
0.176863 0.083702 0.175978
0.177047 0.083575 0.176075
0.177216 0.083481 0.176074
0.177385 0.083388 0.176075
0.177567 0.083262 0.176172
0.177735 0.083169 0.176173
0.177902 0.083076 0.176174
0.178069 0.082983 0.176176
0.178249 0.082858 0.176275
0.178415 0.082766 0.176277
0.178593 0.082641 0.176377
0.178758 0.082549 0.176380
0.178922 0.082457 0.176383
0.179099 0.082333 0.176484
0.179262 0.082242 0.176488
0.179413 0.082183 0.176393
0.179576 0.082092 0.176397
0.179738 0.082001 0.176401
0.179900 0.081910 0.176406
0.180050 0.081852 0.176311
0.180212 0.081761 0.176316
0.180373 0.081671 0.176321
0.180533 0.081581 0.176327
0.180693 0.081491 0.176332
0.180853 0.081401 0.176338
0.181002 0.081343 0.176244
0.181161 0.081253 0.176251
0.181310 0.081195 0.176157
0.181469 0.081106 0.176163
0.181618 0.081048 0.176070
0.181776 0.080959 0.176077
0.181924 0.080901 0.175984
0.182073 0.080843 0.175890
0.182222 0.080785 0.175797
0.182379 0.080696 0.175804
0.182527 0.080638 0.175711
0.182683 0.080550 0.175719
0.182832 0.080492 0.175626
0.182987 0.080404 0.175634
0.183135 0.080346 0.175541
0.183290 0.080258 0.175550
0.183438 0.080201 0.175457
0.183592 0.080113 0.175467
0.183753 0.079995 0.175578
0.183906 0.079908 0.175588
0.184059 0.079821 0.175598
0.184211 0.079734 0.175609
0.184363 0.079647 0.175619
0.184510 0.079590 0.175527
0.184666 0.079473 0.175641
0.184817 0.079387 0.175653
0.184968 0.079301 0.175664
0.185113 0.079244 0.175573
0.185263 0.079158 0.175585
0.185409 0.079101 0.175494
0.185554 0.079045 0.175402
0.185699 0.078988 0.175311
0.185845 0.078932 0.175220
0.185990 0.078875 0.175128
0.186136 0.078818 0.175037
0.186279 0.078790 0.174841
0.186424 0.078734 0.174750
0.186570 0.078677 0.174658
0.186716 0.078620 0.174567
0.186861 0.078564 0.174475
0.187007 0.078507 0.174384
0.187153 0.078450 0.174292
0.187297 0.078422 0.174095
0.187443 0.078365 0.174004
0.187589 0.078308 0.173912
0.187734 0.078279 0.173715
0.187880 0.078222 0.173623
0.188026 0.078165 0.173531
0.188172 0.078136 0.173333
0.188318 0.078079 0.173241
0.188465 0.078050 0.173043
0.188611 0.077993 0.172951
0.188759 0.077963 0.172752
0.188905 0.077906 0.172660
0.189052 0.077849 0.172568
0.189199 0.077792 0.172476
0.189345 0.077735 0.172384
0.189492 0.077678 0.172292
0.189639 0.077621 0.172200
0.189786 0.077563 0.172107
0.189932 0.077506 0.172015
0.190082 0.077476 0.171815
0.190228 0.077419 0.171723
0.190375 0.077362 0.171631
0.190522 0.077304 0.171539
0.190669 0.077247 0.171446
0.190820 0.077216 0.171246
0.190967 0.077159 0.171153
0.191118 0.077128 0.170952
0.191265 0.077070 0.170860
0.191413 0.077013 0.170767
0.191565 0.076982 0.170565
0.191712 0.076924 0.170473
0.191865 0.076892 0.170271
0.192018 0.076861 0.170069
0.192171 0.076829 0.169866
0.192319 0.076771 0.169773
0.192473 0.076739 0.169570
0.192628 0.076706 0.169367
0.192783 0.076674 0.169164
0.192938 0.076641 0.168960
0.193093 0.076608 0.168756
0.193250 0.076575 0.168552
0.193406 0.076542 0.168347
0.193556 0.076483 0.168253
0.193713 0.076450 0.168049
0.193862 0.076392 0.167954
0.194012 0.076333 0.167860
0.194170 0.076299 0.167655
0.194320 0.076241 0.167561
0.194479 0.076207 0.167355
0.194629 0.076149 0.167261
0.194788 0.076114 0.167055
0.194957 0.076104 0.166736
0.195117 0.076069 0.166530
0.195278 0.076034 0.166323
0.195448 0.076023 0.166003
0.195610 0.075988 0.165795
0.195782 0.075976 0.165475
0.195945 0.075941 0.165266
0.196108 0.075905 0.165058
0.196271 0.075869 0.164849
0.196435 0.075833 0.164640
0.196600 0.075797 0.164431
0.196753 0.075737 0.164334
0.196918 0.075700 0.164125
0.197071 0.075641 0.164028
0.197237 0.075604 0.163818
0.197390 0.075544 0.163722
0.197544 0.075484 0.163625
0.197710 0.075447 0.163414
0.197864 0.075387 0.163318
0.198018 0.075327 0.163221
0.198172 0.075267 0.163124
0.198326 0.075208 0.163028
0.198480 0.075148 0.162931
0.198634 0.075088 0.162835
0.167012 0.089698 0.172916
0.167184 0.089631 0.172807
0.167382 0.089527 0.172790
0.167603 0.089385 0.172863
0.167824 0.089245 0.172937
0.168092 0.089031 0.173194
0.168335 0.088854 0.173361
0.168505 0.088788 0.173254
0.168816 0.088502 0.173696
0.169055 0.088327 0.173865
0.169223 0.088261 0.173759
0.169438 0.088123 0.173837
0.169628 0.088021 0.173824
0.169818 0.087920 0.173811
0.170008 0.087819 0.173798
0.170219 0.087681 0.173878
0.170408 0.087580 0.173865
0.170618 0.087444 0.173946
0.170827 0.087308 0.174027
0.171014 0.087207 0.174016
0.171222 0.087072 0.174098
0.171429 0.086936 0.174181
0.171635 0.086801 0.174264
0.171841 0.086666 0.174348
0.172025 0.086567 0.174338
0.172209 0.086468 0.174329
0.172392 0.086369 0.174320
0.172575 0.086271 0.174312
0.172757 0.086172 0.174303
0.172940 0.086074 0.174295
0.173102 0.086011 0.174193
0.173284 0.085912 0.174185
0.173465 0.085815 0.174178
0.173683 0.085648 0.174360
0.173881 0.085516 0.174448
0.174096 0.085349 0.174632
0.174310 0.085184 0.174816
0.174541 0.084984 0.175097
0.174769 0.084786 0.175378
0.174979 0.084622 0.175565
0.175188 0.084458 0.175753
0.175379 0.084329 0.175846
0.175569 0.084200 0.175939
0.175741 0.084106 0.175937
0.175914 0.084011 0.175935
0.176086 0.083917 0.175933
0.176257 0.083823 0.175932
0.176444 0.083695 0.176027
0.176614 0.083601 0.176026
0.176769 0.083541 0.175929
0.176939 0.083447 0.175929
0.177108 0.083354 0.175929
0.177292 0.083228 0.176026
0.177460 0.083135 0.176026
0.177628 0.083042 0.176027
0.177796 0.082949 0.176028
0.177977 0.082824 0.176127
0.178143 0.082732 0.176129
0.178323 0.082607 0.176229
0.178488 0.082515 0.176231
0.178666 0.082391 0.176332
0.178831 0.082299 0.176335
0.179007 0.082176 0.176437
0.179171 0.082085 0.176440
0.179334 0.081994 0.176444
0.179497 0.081903 0.176448
0.179647 0.081845 0.176354
0.179809 0.081754 0.176358
0.179971 0.081664 0.176363
0.180132 0.081573 0.176368
0.180282 0.081515 0.176274
0.180443 0.081425 0.176279
0.180603 0.081335 0.176285
0.180763 0.081246 0.176291
0.180912 0.081188 0.176197
0.181071 0.081098 0.176203
0.181220 0.081040 0.176110
0.181379 0.080951 0.176116
0.181528 0.080893 0.176023
0.181686 0.080804 0.176030
0.181835 0.080746 0.175937
0.181983 0.080688 0.175843
0.182132 0.080630 0.175750
0.182289 0.080542 0.175757
0.182437 0.080484 0.175664
0.182594 0.080396 0.175672
0.182742 0.080338 0.175579
0.182898 0.080250 0.175588
0.183046 0.080192 0.175495
0.183201 0.080104 0.175503
0.183349 0.080047 0.175411
0.183503 0.079959 0.175420
0.183664 0.079842 0.175532
0.183817 0.079755 0.175542
0.183970 0.079668 0.175552
0.184123 0.079581 0.175562
0.184275 0.079494 0.175573
0.184421 0.079437 0.175481
0.184578 0.079322 0.175595
0.184729 0.079235 0.175607
0.184880 0.079149 0.175618
0.185025 0.079093 0.175527
0.185175 0.079007 0.175539
0.185321 0.078950 0.175448
0.185466 0.078893 0.175356
0.185612 0.078837 0.175265
0.185757 0.078780 0.175174
0.185903 0.078724 0.175082
0.186048 0.078667 0.174991
0.186191 0.078639 0.174795
0.186336 0.078582 0.174703
0.186482 0.078525 0.174612
0.186628 0.078469 0.174520
0.186773 0.078412 0.174429
0.186919 0.078355 0.174337
0.187065 0.078299 0.174246
0.187209 0.078270 0.174049
0.187355 0.078213 0.173957
0.187500 0.078184 0.173760
0.187646 0.078127 0.173668
0.187792 0.078070 0.173577
0.187937 0.078041 0.173379
0.188084 0.077984 0.173287
0.188230 0.077955 0.173089
0.188377 0.077898 0.172997
0.188524 0.077868 0.172798
0.188670 0.077811 0.172706
0.188817 0.077754 0.172614
0.188964 0.077696 0.172522
0.189110 0.077639 0.172430
0.189258 0.077609 0.172230
0.189405 0.077552 0.172138
0.189552 0.077495 0.172046
0.189699 0.077437 0.171953
0.189846 0.077380 0.171861
0.189993 0.077323 0.171769
0.190140 0.077266 0.171677
0.190287 0.077209 0.171584
0.190434 0.077152 0.171492
0.190581 0.077094 0.171400
0.190731 0.077063 0.171199
0.190878 0.077006 0.171107
0.191029 0.076975 0.170906
0.191176 0.076917 0.170813
0.191324 0.076860 0.170721
0.191476 0.076828 0.170519
0.191623 0.076771 0.170426
0.191776 0.076739 0.170224
0.191928 0.076707 0.170022
0.192082 0.076674 0.169819
0.192235 0.076642 0.169616
0.192390 0.076609 0.169413
0.192544 0.076577 0.169210
0.192699 0.076544 0.169006
0.192854 0.076511 0.168802
0.193010 0.076478 0.168598
0.193166 0.076444 0.168394
0.193316 0.076386 0.168300
0.193473 0.076352 0.168095
0.193622 0.076294 0.168001
0.193780 0.076260 0.167796
0.193930 0.076202 0.167702
0.194080 0.076143 0.167608
0.194238 0.076109 0.167402
0.194388 0.076051 0.167308
0.194547 0.076016 0.167102
0.194706 0.075982 0.166895
0.194866 0.075947 0.166689
0.195026 0.075912 0.166482
0.195186 0.075877 0.166275
0.195357 0.075866 0.165955
0.195518 0.075830 0.165747
0.195690 0.075818 0.165427
0.195853 0.075782 0.165218
0.196026 0.075769 0.164897
0.196179 0.075710 0.164801
0.196343 0.075674 0.164592
0.196507 0.075637 0.164382
0.196660 0.075577 0.164286
0.196825 0.075541 0.164076
0.196990 0.075504 0.163866
0.197144 0.075444 0.163770
0.197310 0.075407 0.163559
0.197464 0.075347 0.163462
0.197618 0.075287 0.163366
0.197771 0.075227 0.163269
0.197938 0.075190 0.163058
0.198092 0.075130 0.162961
0.198246 0.075070 0.162865
0.198401 0.075010 0.162768
0.166908 0.089519 0.172861
0.167080 0.089451 0.172753
0.167278 0.089347 0.172735
0.167475 0.089243 0.172718
0.167647 0.089176 0.172610
0.168208 0.088714 0.173216
0.168378 0.088647 0.173109
0.168714 0.088326 0.173643
0.168930 0.088188 0.173720
0.169122 0.088086 0.173706
0.169336 0.087948 0.173784
0.169504 0.087883 0.173679
0.169695 0.087782 0.173666
0.169907 0.087645 0.173745
0.170097 0.087544 0.173732
0.170308 0.087407 0.173813
0.170496 0.087307 0.173801
0.170706 0.087171 0.173882
0.170915 0.087035 0.173964
0.171123 0.086900 0.174046
0.171330 0.086765 0.174129
0.171515 0.086665 0.174119
0.171721 0.086531 0.174202
0.171926 0.086397 0.174286
0.172110 0.086298 0.174277
0.172293 0.086200 0.174269
0.172476 0.086101 0.174260
0.172659 0.086003 0.174252
0.172822 0.085939 0.174149
0.173004 0.085841 0.174141
0.173167 0.085778 0.174039
0.173348 0.085680 0.174032
0.173548 0.085548 0.174119
0.173747 0.085416 0.174207
0.173945 0.085285 0.174296
0.174178 0.085086 0.174575
0.174338 0.085023 0.174474
0.175076 0.084328 0.175608
0.175284 0.084166 0.175796
0.175474 0.084038 0.175890
0.175647 0.083943 0.175887
0.175820 0.083849 0.175886
0.175992 0.083755 0.175884
0.176163 0.083661 0.175883
0.176334 0.083567 0.175882
0.176505 0.083473 0.175881
0.176660 0.083413 0.175783
0.176846 0.083286 0.175880
0.177015 0.083193 0.175880
0.177184 0.083100 0.175880
0.177353 0.083007 0.175880
0.177536 0.082882 0.175979
0.177703 0.082790 0.175980
0.177871 0.082697 0.175981
0.178051 0.082573 0.176081
0.178231 0.082448 0.176181
0.178396 0.082357 0.176183
0.178575 0.082233 0.176284
0.178752 0.082110 0.176385
0.178916 0.082019 0.176389
0.179080 0.081928 0.176393
0.179243 0.081837 0.176396
0.179406 0.081747 0.176401
0.179568 0.081656 0.176405
0.179718 0.081598 0.176311
0.179880 0.081507 0.176316
0.180042 0.081417 0.176321
0.180203 0.081328 0.176326
0.180352 0.081269 0.176232
0.180513 0.081180 0.176238
0.180673 0.081090 0.176244
0.180822 0.081032 0.176150
0.180981 0.080943 0.176156
0.181130 0.080885 0.176063
0.181289 0.080796 0.176069
0.181438 0.080738 0.175976
0.181596 0.080649 0.175983
0.181745 0.080591 0.175889
0.181893 0.080534 0.175796
0.182051 0.080445 0.175804
0.182199 0.080387 0.175710
0.182348 0.080329 0.175617
0.182504 0.080241 0.175625
0.182653 0.080184 0.175532
0.182808 0.080096 0.175541
0.182957 0.080038 0.175448
0.183112 0.079951 0.175457
0.183260 0.079893 0.175364
0.183414 0.079806 0.175373
0.183575 0.079689 0.175485
0.183728 0.079602 0.175495
0.183882 0.079515 0.175505
0.184034 0.079428 0.175516
0.184187 0.079342 0.175527
0.184333 0.079285 0.175435
0.184485 0.079199 0.175446
0.184641 0.079084 0.175561
0.184792 0.078998 0.175572
0.184937 0.078941 0.175481
0.185083 0.078884 0.175389
0.185229 0.078828 0.175298
0.185378 0.078742 0.175310
0.185524 0.078686 0.175219
0.185666 0.078657 0.175023
0.185815 0.078572 0.175036
0.185960 0.078516 0.174945
0.186103 0.078487 0.174749
0.186248 0.078431 0.174657
0.186394 0.078374 0.174566
0.186540 0.078317 0.174474
0.186685 0.078261 0.174383
0.186831 0.078204 0.174291
0.186975 0.078175 0.174095
0.187121 0.078118 0.174003
0.187267 0.078061 0.173911
0.187411 0.078032 0.173714
0.187558 0.077975 0.173622
0.187703 0.077946 0.173424
0.187849 0.077889 0.173333
0.187995 0.077859 0.173134
0.188142 0.077802 0.173042
0.188288 0.077772 0.172844
0.188435 0.077715 0.172752
0.188582 0.077658 0.172660
0.188728 0.077601 0.172568
0.188876 0.077571 0.172368
0.189023 0.077513 0.172276
0.189170 0.077456 0.172184
0.189317 0.077399 0.172092
0.189464 0.077342 0.171999
0.189610 0.077285 0.171907
0.189757 0.077228 0.171815
0.189904 0.077170 0.171723
0.190051 0.077113 0.171630
0.190198 0.077056 0.171538
0.190345 0.076999 0.171446
0.190492 0.076942 0.171353
0.190642 0.076910 0.171153
0.190789 0.076853 0.171060
0.190940 0.076821 0.170859
0.191087 0.076764 0.170766
0.191235 0.076707 0.170674
0.191387 0.076675 0.170472
0.191534 0.076617 0.170380
0.191686 0.076585 0.170177
0.191839 0.076553 0.169975
0.191992 0.076520 0.169772
0.192146 0.076488 0.169569
0.192300 0.076455 0.169366
0.192454 0.076422 0.169163
0.192609 0.076389 0.168959
0.192764 0.076356 0.168755
0.192920 0.076322 0.168551
0.193076 0.076289 0.168347
0.193232 0.076255 0.168142
0.193382 0.076197 0.168048
0.193539 0.076163 0.167843
0.193689 0.076104 0.167749
0.193847 0.076070 0.167543
0.193997 0.076012 0.167449
0.194147 0.075953 0.167354
0.194306 0.075918 0.167148
0.194456 0.075860 0.167054
0.194615 0.075825 0.166848
0.194775 0.075790 0.166641
0.194935 0.075755 0.166434
0.195095 0.075720 0.166227
0.195265 0.075708 0.165907
0.195427 0.075672 0.165699
0.195599 0.075660 0.165379
0.195761 0.075624 0.165170
0.195934 0.075610 0.164848
0.196098 0.075574 0.164639
0.196261 0.075537 0.164430
0.196415 0.075478 0.164334
0.196579 0.075441 0.164124
0.196744 0.075404 0.163914
0.196898 0.075344 0.163817
0.197063 0.075307 0.163607
0.197217 0.075247 0.163510
0.197383 0.075209 0.163300
0.197537 0.075149 0.163203
0.197691 0.075089 0.163106
0.197845 0.075029 0.163009
0.197999 0.074969 0.162913
0.198153 0.074909 0.162816
0.198308 0.074849 0.162719
0.166804 0.089339 0.172807
0.166976 0.089272 0.172698
0.167149 0.089205 0.172590
0.167346 0.089101 0.172573
0.167518 0.089034 0.172464
0.168589 0.088187 0.173498
0.168829 0.088013 0.173667
0.169020 0.087911 0.173653
0.169212 0.087810 0.173639
0.169403 0.087708 0.173626
0.169593 0.087607 0.173613
0.169784 0.087506 0.173600
0.169996 0.087370 0.173680
0.170207 0.087234 0.173760
0.170396 0.087134 0.173748
0.170606 0.086998 0.173830
0.170793 0.086898 0.173818
0.171002 0.086763 0.173901
0.171209 0.086629 0.173983
0.171416 0.086494 0.174067
0.171622 0.086360 0.174150
0.171807 0.086261 0.174141
0.172011 0.086128 0.174226
0.172195 0.086030 0.174217
0.172378 0.085931 0.174208
0.172541 0.085868 0.174106
0.172724 0.085770 0.174098
0.172906 0.085672 0.174090
0.173069 0.085609 0.173988
0.173250 0.085511 0.173980
0.173431 0.085414 0.173973
0.173631 0.085282 0.174061
0.173829 0.085151 0.174150
0.174027 0.085021 0.174239
0.174259 0.084822 0.174519
0.174419 0.084760 0.174418
0.174981 0.084165 0.175558
0.175190 0.084003 0.175747
0.175380 0.083875 0.175840
0.175553 0.083781 0.175838
0.175726 0.083687 0.175836
0.175898 0.083593 0.175835
0.176069 0.083499 0.175833
0.176241 0.083405 0.175832
0.176412 0.083312 0.175832
0.176567 0.083252 0.175734
0.176737 0.083158 0.175734
0.176907 0.083065 0.175734
0.177076 0.082972 0.175734
0.177245 0.082880 0.175734
0.177428 0.082755 0.175833
0.177611 0.082630 0.175931
0.177778 0.082538 0.175933
0.177959 0.082414 0.176032
0.178139 0.082290 0.176133
0.178318 0.082166 0.176233
0.178496 0.082043 0.176334
0.178661 0.081952 0.176338
0.178838 0.081829 0.176440
0.179001 0.081739 0.176444
0.179164 0.081648 0.176448
0.179315 0.081590 0.176353
0.179477 0.081500 0.176358
0.179639 0.081410 0.176362
0.179790 0.081351 0.176268
0.179951 0.081261 0.176273
0.180112 0.081172 0.176279
0.180273 0.081082 0.176284
0.180422 0.081024 0.176190
0.180582 0.080935 0.176196
0.180732 0.080877 0.176103
0.180891 0.080788 0.176109
0.181040 0.080730 0.176015
0.181199 0.080641 0.176022
0.181348 0.080583 0.175929
0.181506 0.080495 0.175936
0.181655 0.080437 0.175842
0.181804 0.080379 0.175749
0.181961 0.080291 0.175757
0.182110 0.080233 0.175664
0.182266 0.080145 0.175672
0.182415 0.080087 0.175578
0.182571 0.079999 0.175587
0.182719 0.079942 0.175494
0.182867 0.079884 0.175401
0.183022 0.079797 0.175410
0.183170 0.079739 0.175317
0.183332 0.079622 0.175429
0.183486 0.079536 0.175439
0.183640 0.079449 0.175449
0.183793 0.079362 0.175459
0.183946 0.079276 0.175470
0.184098 0.079190 0.175480
0.184245 0.079133 0.175388
0.184396 0.079047 0.175400
0.184548 0.078961 0.175411
0.184699 0.078875 0.175423
0.184850 0.078790 0.175435
0.184995 0.078733 0.175343
0.185141 0.078676 0.175252
0.185286 0.078619 0.175160
0.185432 0.078563 0.175069
0.185578 0.078506 0.174977
0.185723 0.078449 0.174886
0.185869 0.078393 0.174794
0.186015 0.078336 0.174703
0.186160 0.078279 0.174611
0.186306 0.078222 0.174520
0.186452 0.078166 0.174428
0.186597 0.078109 0.174337
0.186743 0.078052 0.174245
0.186887 0.078023 0.174048
0.187033 0.077966 0.173957
0.187179 0.077910 0.173865
0.187323 0.077880 0.173668
0.187469 0.077823 0.173576
0.187615 0.077794 0.173378
0.187761 0.077737 0.173286
0.187907 0.077707 0.173088
0.188053 0.077650 0.172996
0.188200 0.077620 0.172798
0.188346 0.077563 0.172705
0.188493 0.077505 0.172613
0.188640 0.077475 0.172414
0.188787 0.077418 0.172322
0.188934 0.077361 0.172230
0.189081 0.077303 0.172137
0.189228 0.077246 0.172045
0.189375 0.077189 0.171953
0.189522 0.077132 0.171861
0.189669 0.077075 0.171768
0.189816 0.077018 0.171676
0.189963 0.076960 0.171584
0.190109 0.076903 0.171492
0.190256 0.076846 0.171399
0.190406 0.076814 0.171199
0.190553 0.076757 0.171106
0.190700 0.076700 0.171014
0.190851 0.076668 0.170812
0.190999 0.076611 0.170720
0.191146 0.076553 0.170627
0.191298 0.076521 0.170426
0.191450 0.076489 0.170224
0.191597 0.076432 0.170131
0.191750 0.076399 0.169928
0.191903 0.076366 0.169726
0.192056 0.076333 0.169523
0.192210 0.076300 0.169319
0.192364 0.076267 0.169116
0.192519 0.076234 0.168912
0.192674 0.076201 0.168708
0.192830 0.076167 0.168504
0.192986 0.076133 0.168299
0.193142 0.076099 0.168095
0.193292 0.076041 0.168001
0.193449 0.076007 0.167795
0.193606 0.075972 0.167590
0.193756 0.075914 0.167496
0.193906 0.075855 0.167401
0.194065 0.075821 0.167195
0.194215 0.075762 0.167101
0.194365 0.075704 0.167006
0.194524 0.075669 0.166800
0.194684 0.075633 0.166593
0.194844 0.075598 0.166386
0.195004 0.075563 0.166179
0.195174 0.075550 0.165859
0.195335 0.075514 0.165651
0.195507 0.075501 0.165330
0.195669 0.075465 0.165122
0.195842 0.075452 0.164800
0.196005 0.075415 0.164591
0.196169 0.075378 0.164382
0.196333 0.075341 0.164172
0.196486 0.075281 0.164075
0.196651 0.075244 0.163865
0.196816 0.075207 0.163655
0.196970 0.075147 0.163558
0.197124 0.075087 0.163462
0.197290 0.075049 0.163251
0.197444 0.074989 0.163154
0.197611 0.074951 0.162943
0.197765 0.074891 0.162846
0.197919 0.074831 0.162749
0.198074 0.074771 0.162652
0.166674 0.089196 0.172662
0.166847 0.089129 0.172553
0.167045 0.089025 0.172536
0.167217 0.088958 0.172427
0.167464 0.088782 0.172592
0.167636 0.088715 0.172484
0.168487 0.088011 0.173444
0.168703 0.087873 0.173522
0.168919 0.087736 0.173600
0.169110 0.087635 0.173586
0.169302 0.087534 0.173573
0.169492 0.087433 0.173560
0.169683 0.087332 0.173547
0.169895 0.087196 0.173627
0.170084 0.087096 0.173615
0.170295 0.086961 0.173696
0.170483 0.086861 0.173684
0.170693 0.086726 0.173766
0.170902 0.086591 0.173848
0.171110 0.086457 0.173931
0.171317 0.086323 0.174015
0.171502 0.086224 0.174005
0.171708 0.086091 0.174089
0.171913 0.085958 0.174174
0.172096 0.085860 0.174165
0.172280 0.085762 0.174157
0.172463 0.085664 0.174149
0.172625 0.085600 0.174046
0.172808 0.085503 0.174039
0.172990 0.085405 0.174031
0.173152 0.085342 0.173929
0.173352 0.085211 0.174017
0.173514 0.085148 0.173915
0.173713 0.085017 0.174004
0.173929 0.084853 0.174188
0.174162 0.084656 0.174468
0.174323 0.084593 0.174368
0.175095 0.083840 0.175697
0.175286 0.083712 0.175791
0.175459 0.083618 0.175789
0.175615 0.083558 0.175691
0.175787 0.083464 0.175689
0.175976 0.083337 0.175784
0.176147 0.083244 0.175783
0.176318 0.083151 0.175783
0.176473 0.083090 0.175685
0.176644 0.082997 0.175685
0.176814 0.082904 0.175685
0.176983 0.082812 0.175685
0.177152 0.082719 0.175686
0.177336 0.082595 0.175784
0.177504 0.082503 0.175785
0.177686 0.082378 0.175884
0.177867 0.082255 0.175984
0.178047 0.082131 0.176084
0.178226 0.082008 0.176185
0.178405 0.081885 0.176286
0.178582 0.081763 0.176388
0.178746 0.081672 0.176392
0.178923 0.081550 0.176495
0.179073 0.081492 0.176400
0.179236 0.081402 0.176405
0.179387 0.081343 0.176310
0.179549 0.081253 0.176315
0.179711 0.081164 0.176320
0.179861 0.081105 0.176226
0.180022 0.081016 0.176231
0.180183 0.080927 0.176237
0.180332 0.080869 0.176143
0.180492 0.080780 0.176149
0.180642 0.080721 0.176055
0.180801 0.080633 0.176062
0.180950 0.080575 0.175968
0.181109 0.080486 0.175975
0.181258 0.080428 0.175882
0.181416 0.080340 0.175889
0.181565 0.080282 0.175795
0.181714 0.080224 0.175702
0.181871 0.080136 0.175710
0.182020 0.080078 0.175617
0.182177 0.079991 0.175625
0.182325 0.079933 0.175532
0.182481 0.079845 0.175540
0.182630 0.079788 0.175447
0.182785 0.079700 0.175456
0.182933 0.079643 0.175363
0.183088 0.079556 0.175373
0.183243 0.079469 0.175382
0.183397 0.079382 0.175392
0.183551 0.079296 0.175402
0.183704 0.079209 0.175413
0.183857 0.079123 0.175423
0.184010 0.079037 0.175434
0.184156 0.078980 0.175342
0.184308 0.078894 0.175353
0.184460 0.078809 0.175365
0.184611 0.078723 0.175377
0.184762 0.078638 0.175389
0.184907 0.078581 0.175297
0.185053 0.078525 0.175206
0.185199 0.078468 0.175114
0.185344 0.078411 0.175023
0.185490 0.078354 0.174931
0.185636 0.078298 0.174840
0.185781 0.078241 0.174748
0.185927 0.078184 0.174657
0.186073 0.078128 0.174565
0.186218 0.078071 0.174474
0.186364 0.078014 0.174382
0.186510 0.077957 0.174291
0.186655 0.077901 0.174199
0.186799 0.077871 0.174002
0.186945 0.077815 0.173911
0.187091 0.077758 0.173819
0.187235 0.077728 0.173622
0.187381 0.077671 0.173530
0.187526 0.077642 0.173332
0.187673 0.077585 0.173240
0.187818 0.077554 0.173042
0.187965 0.077497 0.172950
0.188111 0.077467 0.172751
0.188258 0.077410 0.172659
0.188405 0.077353 0.172567
0.188552 0.077322 0.172368
0.188699 0.077265 0.172276
0.188846 0.077208 0.172183
0.188992 0.077151 0.172091
0.189139 0.077093 0.171999
0.189286 0.077036 0.171906
0.189433 0.076979 0.171814
0.189580 0.076922 0.171722
0.189727 0.076865 0.171630
0.189874 0.076808 0.171537
0.190021 0.076750 0.171445
0.190170 0.076719 0.171244
0.190318 0.076661 0.171152
0.190465 0.076604 0.171060
0.190615 0.076572 0.170858
0.190762 0.076515 0.170766
0.190913 0.076483 0.170564
0.191061 0.076425 0.170472
0.191208 0.076368 0.170379
0.191360 0.076335 0.170177
0.191508 0.076278 0.170084
0.191661 0.076245 0.169882
0.191814 0.076212 0.169679
0.191967 0.076179 0.169476
0.192121 0.076146 0.169272
0.192275 0.076113 0.169069
0.192423 0.076055 0.168975
0.192584 0.076045 0.168661
0.192740 0.076011 0.168457
0.192895 0.075977 0.168252
0.193045 0.075919 0.168158
0.193201 0.075885 0.167953
0.193358 0.075851 0.167748
0.193515 0.075816 0.167542
0.193666 0.075758 0.167448
0.193823 0.075723 0.167242
0.193974 0.075664 0.167148
0.194124 0.075606 0.167053
0.194283 0.075571 0.166847
0.194434 0.075512 0.166752
0.194593 0.075477 0.166546
0.194752 0.075441 0.166339
0.194913 0.075405 0.166131
0.195082 0.075392 0.165811
0.195244 0.075356 0.165603
0.195415 0.075343 0.165282
0.195587 0.075329 0.164961
0.195750 0.075293 0.164752
0.195923 0.075278 0.164429
0.196087 0.075241 0.164220
0.196240 0.075181 0.164123
0.196405 0.075144 0.163913
0.196570 0.075106 0.163703
0.196723 0.075047 0.163606
0.196889 0.075009 0.163396
0.197043 0.074949 0.163299
0.197197 0.074889 0.163202
0.197363 0.074851 0.162991
0.197518 0.074791 0.162894
0.197672 0.074731 0.162797
0.197826 0.074671 0.162700
0.197980 0.074610 0.162603
0.166570 0.089016 0.172607
0.166742 0.088949 0.172498
0.166915 0.088882 0.172390
0.167113 0.088779 0.172373
0.167360 0.088603 0.172538
0.167532 0.088536 0.172430
0.168361 0.087871 0.173299
0.168578 0.087734 0.173376
0.168794 0.087597 0.173454
0.168986 0.087496 0.173441
0.169177 0.087395 0.173427
0.169368 0.087294 0.173414
0.169559 0.087193 0.173401
0.169772 0.087058 0.173481
0.169961 0.086958 0.173469
0.170173 0.086822 0.173550
0.170361 0.086723 0.173539
0.170593 0.086553 0.173714
0.170780 0.086454 0.173703
0.170989 0.086320 0.173786
0.171196 0.086187 0.173869
0.171403 0.086053 0.173953
0.171609 0.085920 0.174037
0.171814 0.085788 0.174122
0.171998 0.085690 0.174114
0.172181 0.085592 0.174105
0.172364 0.085494 0.174097
0.172547 0.085397 0.174089
0.172710 0.085334 0.173987
0.172892 0.085236 0.173980
0.173073 0.085139 0.173972
0.173254 0.085042 0.173966
0.173435 0.084946 0.173959
0.173616 0.084849 0.173952
0.173814 0.084719 0.174042
0.174048 0.084523 0.174322
0.174208 0.084460 0.174222
0.174983 0.083710 0.175551
0.175191 0.083550 0.175741
0.175348 0.083489 0.175643
0.175521 0.083395 0.175641
0.175693 0.083302 0.175640
0.175882 0.083175 0.175735
0.176053 0.083082 0.175734
0.176224 0.082989 0.175734
0.176380 0.082929 0.175636
0.176550 0.082836 0.175636
0.176720 0.082744 0.175636
0.176890 0.082651 0.175636
0.177059 0.082559 0.175637
0.177243 0.082435 0.175735
0.177411 0.082343 0.175736
0.177593 0.082219 0.175836
0.177788 0.082064 0.176034
0.177969 0.081941 0.176134
0.178148 0.081818 0.176235
0.178327 0.081696 0.176337
0.178504 0.081574 0.176439
0.178668 0.081484 0.176443
0.178832 0.081394 0.176447
0.178995 0.081304 0.176451
0.179145 0.081245 0.176357
0.179308 0.081156 0.176362
0.179458 0.081097 0.176267
0.179620 0.081008 0.176273
0.179782 0.080919 0.176278
0.179931 0.080860 0.176184
0.180092 0.080771 0.176190
0.180242 0.080713 0.176096
0.180402 0.080624 0.176102
0.180551 0.080566 0.176008
0.180711 0.080478 0.176015
0.180860 0.080420 0.175921
0.181019 0.080331 0.175928
0.181168 0.080273 0.175835
0.181327 0.080185 0.175842
0.181475 0.080127 0.175748
0.181633 0.080039 0.175756
0.181782 0.079982 0.175663
0.181939 0.079894 0.175671
0.182087 0.079836 0.175578
0.182244 0.079749 0.175586
0.182392 0.079691 0.175493
0.182548 0.079604 0.175502
0.182696 0.079547 0.175409
0.182844 0.079489 0.175316
0.182999 0.079402 0.175326
0.183154 0.079316 0.175336
0.183308 0.079229 0.175345
0.183462 0.079143 0.175356
0.183616 0.079057 0.175366
0.183769 0.078971 0.175377
0.183915 0.078914 0.175285
0.184062 0.078856 0.175193
0.184220 0.078742 0.175307
0.184372 0.078657 0.175319
0.184523 0.078572 0.175331
0.184669 0.078515 0.175239
0.184815 0.078458 0.175147
0.184965 0.078373 0.175160
0.185111 0.078316 0.175068
0.185256 0.078260 0.174977
0.185402 0.078203 0.174885
0.185548 0.078146 0.174794
0.185693 0.078090 0.174702
0.185839 0.078033 0.174611
0.185985 0.077976 0.174519
0.186130 0.077919 0.174428
0.186276 0.077863 0.174336
0.186422 0.077806 0.174245
0.186567 0.077749 0.174153
0.186711 0.077720 0.173956
0.186857 0.077663 0.173865
0.187003 0.077606 0.173773
0.187147 0.077576 0.173575
0.187293 0.077519 0.173484
0.187438 0.077489 0.173286
0.187584 0.077432 0.173194
0.187730 0.077402 0.172996
0.187876 0.077345 0.172904
0.188023 0.077288 0.172812
0.188169 0.077257 0.172613
0.188316 0.077200 0.172521
0.188463 0.077143 0.172428
0.188610 0.077112 0.172229
0.188757 0.077055 0.172137
0.188904 0.076998 0.172045
0.189051 0.076941 0.171952
0.189198 0.076883 0.171860
0.189345 0.076826 0.171768
0.189491 0.076769 0.171675
0.189640 0.076738 0.171475
0.189787 0.076680 0.171383
0.189935 0.076623 0.171290
0.190082 0.076566 0.171198
0.190229 0.076508 0.171106
0.190376 0.076451 0.171013
0.190526 0.076419 0.170812
0.190673 0.076362 0.170719
0.190824 0.076329 0.170518
0.190972 0.076272 0.170425
0.191119 0.076214 0.170332
0.191271 0.076182 0.170130
0.191419 0.076124 0.170037
0.191571 0.076091 0.169835
0.191724 0.076058 0.169632
0.191877 0.076025 0.169429
0.192026 0.075967 0.169336
0.192179 0.075934 0.169132
0.192334 0.075900 0.168928
0.192488 0.075866 0.168724
0.192643 0.075832 0.168520
0.192799 0.075798 0.168316
0.192955 0.075764 0.168111
0.193111 0.075729 0.167906
0.193268 0.075695 0.167701
0.193425 0.075660 0.167495
0.193575 0.075601 0.167401
0.193733 0.075566 0.167195
0.193883 0.075508 0.167100
0.194034 0.075449 0.167006
0.194192 0.075414 0.166799
0.194343 0.075355 0.166705
0.194502 0.075320 0.166498
0.194661 0.075284 0.166291
0.194821 0.075248 0.166084
0.194991 0.075235 0.165763
0.195152 0.075198 0.165555
0.195323 0.075185 0.165234
0.195495 0.075170 0.164912
0.195667 0.075156 0.164590
0.195831 0.075119 0.164381
0.195994 0.075081 0.164171
0.196158 0.075044 0.163961
0.196312 0.074984 0.163865
0.196477 0.074946 0.163654
0.196642 0.074909 0.163444
0.196796 0.074849 0.163347
0.196962 0.074810 0.163136
0.197116 0.074750 0.163039
0.197270 0.074690 0.162942
0.197437 0.074652 0.162731
0.166440 0.088873 0.172462
0.166638 0.088770 0.172444
0.166811 0.088702 0.172335
0.166984 0.088635 0.172227
0.167231 0.088460 0.172392
0.167478 0.088286 0.172559
0.167649 0.088219 0.172451
0.168258 0.087695 0.173245
0.168476 0.087558 0.173323
0.168692 0.087422 0.173401
0.168884 0.087321 0.173388
0.169052 0.087255 0.173282
0.169267 0.087119 0.173361
0.169458 0.087019 0.173348
0.169648 0.086919 0.173336
0.169860 0.086784 0.173416
0.170050 0.086684 0.173404
0.170261 0.086550 0.173486
0.170449 0.086450 0.173475
0.170680 0.086282 0.173650
0.170868 0.086183 0.173640
0.171097 0.086015 0.173817
0.171304 0.085882 0.173901
0.171510 0.085750 0.173986
0.171715 0.085618 0.174071
0.171899 0.085520 0.174062
0.172083 0.085422 0.174054
0.172286 0.085291 0.174140
0.172449 0.085228 0.174038
0.172631 0.085131 0.174030
0.172813 0.085034 0.174023
0.172995 0.084937 0.174016
0.173176 0.084840 0.174009
0.173356 0.084744 0.174003
0.173537 0.084647 0.173997
0.173735 0.084518 0.174086
0.173969 0.084322 0.174367
0.174129 0.084260 0.174267
0.174888 0.083547 0.175502
0.175080 0.083420 0.175596
0.175253 0.083326 0.175594
0.175426 0.083233 0.175592
0.175599 0.083139 0.175591
0.175788 0.083014 0.175686
0.175960 0.082921 0.175685
0.176131 0.082828 0.175685
0.176286 0.082768 0.175587
0.176457 0.082675 0.175587
0.176627 0.082583 0.175587
0.176797 0.082490 0.175587
0.176966 0.082398 0.175588
0.177150 0.082275 0.175687
0.177333 0.082151 0.175786
0.177515 0.082028 0.175885
0.177696 0.081905 0.175986
0.177891 0.081751 0.176184
0.178070 0.081629 0.176286
0.178249 0.081507 0.176388
0.178413 0.081417 0.176391
0.178577 0.081327 0.176395
0.178741 0.081237 0.176399
0.178904 0.081148 0.176404
0.179055 0.081089 0.176309
0.179217 0.081000 0.176314
0.179380 0.080910 0.176319
0.179530 0.080852 0.176225
0.179691 0.080763 0.176231
0.179852 0.080674 0.176236
0.180002 0.080616 0.176142
0.180152 0.080557 0.176049
0.180312 0.080469 0.176055
0.180472 0.080381 0.176061
0.180621 0.080322 0.175968
0.180781 0.080234 0.175975
0.180929 0.080176 0.175881
0.181078 0.080118 0.175787
0.181237 0.080030 0.175795
0.181386 0.079973 0.175701
0.181544 0.079885 0.175709
0.181692 0.079827 0.175616
0.181850 0.079740 0.175624
0.181998 0.079682 0.175531
0.182155 0.079595 0.175540
0.182303 0.079537 0.175447
0.182459 0.079450 0.175455
0.182607 0.079393 0.175363
0.182762 0.079306 0.175372
0.182910 0.079249 0.175279
0.183065 0.079162 0.175289
0.183219 0.079076 0.175299
0.183373 0.078990 0.175309
0.183520 0.078933 0.175217
0.183680 0.078818 0.175330
0.183827 0.078761 0.175238
0.183974 0.078704 0.175146
0.184126 0.078618 0.175157
0.184283 0.078505 0.175273
0.184429 0.078448 0.175181
0.184581 0.078363 0.175193
0.184727 0.078306 0.175101
0.184872 0.078249 0.175010
0.185023 0.078165 0.175022
0.185168 0.078108 0.174931
0.185314 0.078051 0.174839
0.185460 0.077995 0.174748
0.185605 0.077938 0.174656
0.185751 0.077881 0.174565
0.185897 0.077825 0.174473
0.186042 0.077768 0.174382
0.186188 0.077711 0.174290
0.186334 0.077654 0.174199
0.186479 0.077598 0.174107
0.186623 0.077568 0.173910
0.186769 0.077511 0.173819
0.186915 0.077454 0.173727
0.187059 0.077424 0.173529
0.187205 0.077368 0.173438
0.187351 0.077311 0.173346
0.187496 0.077280 0.173148
0.187642 0.077223 0.173056
0.187788 0.077193 0.172857
0.187935 0.077136 0.172765
0.188081 0.077105 0.172566
0.188228 0.077048 0.172474
0.188374 0.076991 0.172382
0.188521 0.076934 0.172290
0.188668 0.076902 0.172090
0.188815 0.076845 0.171998
0.188962 0.076788 0.171906
0.189109 0.076731 0.171814
0.189256 0.076674 0.171721
0.189403 0.076616 0.171629
0.189552 0.076585 0.171429
0.189699 0.076527 0.171336
0.189846 0.076470 0.171244
0.189993 0.076413 0.171151
0.190140 0.076355 0.171059
0.190290 0.076323 0.170858
0.190437 0.076266 0.170765
0.190585 0.076208 0.170673
0.190735 0.076176 0.170471
0.190883 0.076118 0.170378
0.191030 0.076061 0.170286
0.191182 0.076028 0.170083
0.191334 0.075995 0.169881
0.191482 0.075937 0.169788
0.191635 0.075904 0.169585
0.191783 0.075846 0.169492
0.191936 0.075813 0.169289
0.192090 0.075779 0.169085
0.192244 0.075745 0.168881
0.192398 0.075711 0.168677
0.192553 0.075677 0.168473
0.192709 0.075643 0.168268
0.192864 0.075608 0.168064
0.193021 0.075573 0.167859
0.193170 0.075515 0.167764
0.193327 0.075480 0.167559
0.193484 0.075445 0.167353
0.193635 0.075387 0.167259
0.193792 0.075351 0.167053
0.193943 0.075293 0.166958
0.194101 0.075257 0.166752
0.194252 0.075199 0.166657
0.194402 0.075140 0.166563
0.194570 0.075127 0.166243
0.194730 0.075091 0.166036
0.194899 0.075077 0.165715
0.195060 0.075041 0.165507
0.195231 0.075026 0.165186
0.195403 0.075012 0.164864
0.195575 0.074997 0.164542
0.195748 0.074982 0.164219
0.195912 0.074944 0.164009
0.196066 0.074884 0.163913
0.196230 0.074846 0.163702
0.196395 0.074808 0.163492
0.196549 0.074748 0.163395
0.196714 0.074710 0.163184
0.196869 0.074650 0.163087
0.197023 0.074590 0.162990
0.197177 0.074530 0.162894
0.166508 0.088626 0.172298
0.166707 0.088523 0.172281
0.166879 0.088455 0.172172
0.167128 0.088281 0.172338
0.167374 0.088107 0.172504
0.167546 0.088041 0.172397
0.168132 0.087554 0.173100
0.168350 0.087418 0.173178
0.168543 0.087317 0.173164
0.168759 0.087181 0.173242
0.168951 0.087080 0.173229
0.169142 0.086980 0.173216
0.169333 0.086879 0.173203
0.169524 0.086779 0.173190
0.169737 0.086645 0.173271
0.169949 0.086511 0.173352
0.170138 0.086411 0.173340
0.170349 0.086277 0.173422
0.170559 0.086144 0.173505
0.170768 0.086011 0.173588
0.170976 0.085878 0.173671
0.171205 0.085711 0.173849
0.171411 0.085579 0.173934
0.171616 0.085448 0.174019
0.171801 0.085350 0.174010
0.172005 0.085219 0.174097
0.172188 0.085122 0.174089
0.172370 0.085025 0.174081
0.172533 0.084962 0.173979
0.172715 0.084865 0.173972
0.172916 0.084735 0.174060
0.173097 0.084639 0.174053
0.173278 0.084542 0.174047
0.173458 0.084446 0.174041
0.173675 0.084284 0.174226
0.173872 0.084156 0.174317
0.174033 0.084093 0.174216
0.174548 0.083608 0.175071
0.174776 0.083416 0.175356
0.174985 0.083257 0.175546
0.175159 0.083164 0.175544
0.175332 0.083070 0.175543
0.175505 0.082977 0.175541
0.175694 0.082852 0.175637
0.175866 0.082759 0.175636
0.176037 0.082667 0.175636
0.176192 0.082606 0.175538
0.176363 0.082514 0.175538
0.176549 0.082390 0.175636
0.176719 0.082298 0.175636
0.176888 0.082206 0.175637
0.177072 0.082083 0.175736
0.177255 0.081960 0.175835
0.177437 0.081837 0.175935
0.177618 0.081715 0.176035
0.177813 0.081562 0.176235
0.177979 0.081471 0.176238
0.178157 0.081350 0.176340
0.178336 0.081229 0.176442
0.178500 0.081139 0.176446
0.178663 0.081050 0.176451
0.178814 0.080991 0.176356
0.178977 0.080902 0.176361
0.179127 0.080843 0.176267
0.179289 0.080754 0.176272
0.179439 0.080696 0.176178
0.179601 0.080607 0.176183
0.179762 0.080518 0.176189
0.179912 0.080460 0.176095
0.180072 0.080372 0.176101
0.180222 0.080314 0.176008
0.180382 0.080225 0.176014
0.180531 0.080167 0.175920
0.180691 0.080079 0.175927
0.180840 0.080021 0.175834
0.180998 0.079934 0.175841
0.181147 0.079876 0.175748
0.181305 0.079788 0.175756
0.181454 0.079730 0.175662
0.181603 0.079673 0.175569
0.181760 0.079585 0.175577
0.181917 0.079498 0.175586
0.182065 0.079441 0.175493
0.182222 0.079354 0.175502
0.182370 0.079296 0.175409
0.182517 0.079239 0.175316
0.182673 0.079152 0.175325
0.182828 0.079066 0.175335
0.182976 0.079009 0.175242
0.183130 0.078923 0.175252
0.183284 0.078837 0.175263
0.183432 0.078780 0.175170
0.183585 0.078694 0.175181
0.183738 0.078608 0.175192
0.183885 0.078551 0.175100
0.184038 0.078466 0.175111
0.184190 0.078381 0.175123
0.184341 0.078296 0.175135
0.184487 0.078239 0.175043
0.184639 0.078155 0.175055
0.184784 0.078098 0.174964
0.184935 0.078013 0.174976
0.185081 0.077957 0.174885
0.185226 0.077900 0.174793
0.185372 0.077843 0.174702
0.185518 0.077786 0.174610
0.185663 0.077730 0.174519
0.185809 0.077673 0.174427
0.185955 0.077616 0.174336
0.186100 0.077560 0.174244
0.186246 0.077503 0.174153
0.186392 0.077446 0.174061
0.186537 0.077390 0.173970
0.186681 0.077359 0.173772
0.186827 0.077303 0.173681
0.186971 0.077272 0.173483
0.187117 0.077216 0.173391
0.187263 0.077159 0.173300
0.187408 0.077128 0.173101
0.187554 0.077071 0.173010
0.187700 0.077040 0.172811
0.187846 0.076983 0.172719
0.187993 0.076926 0.172627
0.188139 0.076895 0.172428
0.188286 0.076838 0.172336
0.188432 0.076781 0.172244
0.188579 0.076724 0.172151
0.188727 0.076692 0.171952
0.188873 0.076635 0.171859
0.189020 0.076578 0.171767
0.189167 0.076521 0.171675
0.189314 0.076464 0.171583
0.189463 0.076432 0.171382
0.189610 0.076374 0.171290
0.189757 0.076317 0.171197
0.189904 0.076260 0.171105
0.190054 0.076227 0.170904
0.190201 0.076170 0.170811
0.190348 0.076113 0.170719
0.190499 0.076080 0.170517
0.190646 0.076022 0.170424
0.190794 0.075965 0.170332
0.190945 0.075932 0.170130
0.191093 0.075874 0.170037
0.191245 0.075841 0.169834
0.191393 0.075784 0.169741
0.191541 0.075726 0.169648
0.191693 0.075692 0.169445
0.191847 0.075659 0.169242
0.192000 0.075625 0.169038
0.192154 0.075591 0.168834
0.192309 0.075556 0.168630
0.192463 0.075522 0.168426
0.192619 0.075487 0.168221
0.192774 0.075453 0.168016
0.192924 0.075394 0.167922
0.193080 0.075359 0.167717
0.193237 0.075324 0.167512
0.193387 0.075266 0.167417
0.193544 0.075230 0.167211
0.193694 0.075172 0.167117
0.193852 0.075136 0.166911
0.194002 0.075078 0.166816
0.194161 0.075042 0.166610
0.194311 0.074983 0.166515
0.194479 0.074970 0.166195
0.194639 0.074933 0.165988
0.194808 0.074919 0.165667
0.194978 0.074905 0.165346
0.195139 0.074868 0.165138
0.195320 0.074875 0.164703
0.195492 0.074860 0.164380
0.195656 0.074822 0.164171
0.195819 0.074784 0.163961
0.195983 0.074746 0.163750
0.196148 0.074708 0.163540
0.196302 0.074648 0.163443
0.196467 0.074610 0.163232
0.196621 0.074549 0.163136
0.196787 0.074511 0.162924
0.196941 0.074451 0.162827
0.165806 0.088756 0.172298
0.165979 0.088688 0.172188
0.166153 0.088620 0.172079
0.166378 0.088481 0.172153
0.166577 0.088378 0.172135
0.166750 0.088311 0.172026
0.166998 0.088138 0.172192
0.167271 0.087929 0.172450
0.167517 0.087757 0.172617
0.167688 0.087690 0.172510
0.168005 0.087413 0.172954
0.168223 0.087277 0.173032
0.168441 0.087141 0.173110
0.168633 0.087040 0.173097
0.168826 0.086940 0.173083
0.169017 0.086840 0.173070
0.169209 0.086740 0.173057
0.169400 0.086640 0.173044
0.169613 0.086505 0.173125
0.169803 0.086406 0.173113
0.170015 0.086272 0.173194
0.170226 0.086139 0.173276
0.170437 0.086006 0.173359
0.170646 0.085873 0.173442
0.170855 0.085740 0.173525
0.171084 0.085574 0.173703
0.171291 0.085443 0.173788
0.171518 0.085278 0.173967
0.171723 0.085147 0.174053
0.171927 0.085016 0.174139
0.172110 0.084919 0.174132
0.172272 0.084856 0.174030
0.172455 0.084759 0.174022
0.172637 0.084663 0.174015
0.172838 0.084533 0.174104
0.173019 0.084437 0.174097
0.173199 0.084341 0.174091
0.173380 0.084246 0.174085
0.173597 0.084084 0.174271
0.173813 0.083924 0.174457
0.174027 0.083763 0.174644
0.174241 0.083603 0.174832
0.174453 0.083444 0.175021
0.174681 0.083253 0.175306
0.174873 0.083127 0.175400
0.175065 0.083001 0.175495
0.175238 0.082908 0.175493
0.175411 0.082815 0.175492
0.175600 0.082690 0.175588
0.175772 0.082598 0.175587
0.175960 0.082473 0.175684
0.176115 0.082413 0.175586
0.176285 0.082321 0.175586
0.176456 0.082229 0.175587
0.176626 0.082137 0.175587
0.176810 0.082014 0.175686
0.176994 0.081892 0.175785
0.177177 0.081769 0.175885
0.177359 0.081647 0.175985
0.177541 0.081525 0.176086
0.177735 0.081373 0.176285
0.177901 0.081283 0.176288
0.178080 0.081162 0.176391
0.178245 0.081072 0.176395
0.178409 0.080983 0.176399
0.178572 0.080893 0.176403
0.178723 0.080835 0.176309
0.178886 0.080746 0.176314
0.179036 0.080687 0.176219
0.179199 0.080598 0.176225
0.179361 0.080510 0.176230
0.179510 0.080451 0.176136
0.179672 0.080363 0.176142
0.179821 0.080305 0.176048
0.179982 0.080216 0.176054
0.180132 0.080158 0.175960
0.180292 0.080070 0.175967
0.180441 0.080012 0.175873
0.180601 0.079924 0.175880
0.180750 0.079866 0.175787
0.180909 0.079779 0.175794
0.181057 0.079721 0.175701
0.181216 0.079634 0.175709
0.181364 0.079576 0.175615
0.181522 0.079489 0.175624
0.181670 0.079431 0.175530
0.181828 0.079344 0.175539
0.181976 0.079287 0.175446
0.182132 0.079200 0.175455
0.182280 0.079143 0.175362
0.182428 0.079085 0.175269
0.182584 0.078999 0.175279
0.182739 0.078913 0.175288
0.182887 0.078855 0.175196
0.183041 0.078769 0.175206
0.183196 0.078684 0.175216
0.183343 0.078627 0.175124
0.183497 0.078541 0.175135
0.183650 0.078456 0.175146
0.183796 0.078399 0.175053
0.183949 0.078314 0.175065
0.184101 0.078229 0.175077
0.184248 0.078172 0.174985
0.184399 0.078087 0.174997
0.184545 0.078030 0.174905
0.184696 0.077946 0.174917
0.184842 0.077889 0.174826
0.184988 0.077832 0.174734
0.185138 0.077748 0.174747
0.185284 0.077692 0.174656
0.185430 0.077635 0.174564
0.185575 0.077578 0.174473
0.185721 0.077522 0.174381
0.185867 0.077465 0.174290
0.186012 0.077408 0.174198
0.186158 0.077351 0.174107
0.186304 0.077295 0.174015
0.186449 0.077238 0.173924
0.186593 0.077208 0.173726
0.186739 0.077151 0.173635
0.186883 0.077120 0.173437
0.187029 0.077064 0.173345
0.187175 0.077007 0.173253
0.187320 0.076976 0.173055
0.187466 0.076919 0.172963
0.187611 0.076888 0.172765
0.187758 0.076831 0.172673
0.187904 0.076774 0.172581
0.188051 0.076743 0.172381
0.188197 0.076685 0.172289
0.188344 0.076628 0.172197
0.188491 0.076571 0.172105
0.188638 0.076539 0.171905
0.188785 0.076482 0.171813
0.188932 0.076425 0.171721
0.189079 0.076368 0.171628
0.189227 0.076336 0.171428
0.189374 0.076278 0.171336
0.189521 0.076221 0.171243
0.189668 0.076164 0.171151
0.189818 0.076131 0.170950
0.189965 0.076074 0.170857
0.190112 0.076017 0.170765
0.190262 0.075984 0.170563
0.190410 0.075926 0.170470
0.190557 0.075869 0.170378
0.190705 0.075812 0.170285
0.190856 0.075778 0.170083
0.191004 0.075721 0.169990
0.191156 0.075687 0.169787
0.191304 0.075630 0.169694
0.191451 0.075572 0.169602
0.191604 0.075538 0.169398
0.191757 0.075504 0.169195
0.191911 0.075470 0.168991
0.192064 0.075436 0.168787
0.192213 0.075378 0.168694
0.192368 0.075343 0.168490
0.192523 0.075309 0.168285
0.192678 0.075274 0.168080
0.192834 0.075239 0.167875
0.192990 0.075204 0.167670
0.193139 0.075145 0.167576
0.193296 0.075110 0.167370
0.193453 0.075074 0.167164
0.193603 0.075016 0.167070
0.193761 0.074980 0.166863
0.193912 0.074921 0.166769
0.194062 0.074863 0.166674
0.194221 0.074827 0.166467
0.194388 0.074813 0.166148
0.194548 0.074776 0.165940
0.194716 0.074762 0.165620
0.194886 0.074747 0.165298
0.195057 0.074732 0.164977
0.195228 0.074716 0.164655
0.195400 0.074700 0.164332
0.195563 0.074662 0.164122
0.195737 0.074646 0.163798
0.195901 0.074608 0.163588
0.196055 0.074548 0.163491
0.196219 0.074509 0.163281
0.196374 0.074449 0.163184
0.196539 0.074410 0.162973
0.196694 0.074350 0.162875
0.196848 0.074290 0.162778
0.197014 0.074251 0.162567
0.165701 0.088575 0.172243
0.165874 0.088507 0.172134
0.166048 0.088440 0.172025
0.166247 0.088337 0.172007
0.166447 0.088234 0.171989
0.166645 0.088131 0.171972
0.166894 0.087958 0.172138
0.167167 0.087751 0.172396
0.167414 0.087579 0.172563
0.167585 0.087512 0.172456
0.167903 0.087236 0.172901
0.168097 0.087136 0.172886
0.168291 0.087035 0.172872
0.168508 0.086900 0.172951
0.168700 0.086799 0.172937
0.168892 0.086699 0.172924
0.169084 0.086599 0.172911
0.169275 0.086499 0.172898
0.169489 0.086365 0.172979
0.169680 0.086266 0.172967
0.169870 0.086167 0.172955
0.170081 0.086034 0.173037
0.170292 0.085901 0.173119
0.170524 0.085735 0.173296
0.170755 0.085569 0.173473
0.170963 0.085437 0.173557
0.171192 0.085272 0.173736
0.171419 0.085108 0.173916
0.171624 0.084977 0.174002
0.171829 0.084847 0.174088
0.172012 0.084750 0.174080
0.172195 0.084654 0.174073
0.172377 0.084557 0.174066
0.172559 0.084461 0.174059
0.172740 0.084365 0.174053
0.172941 0.084236 0.174142
0.173121 0.084141 0.174136
0.173320 0.084013 0.174226
0.173500 0.083917 0.174220
0.173716 0.083757 0.174407
0.173931 0.083598 0.174594
0.174145 0.083438 0.174782
0.174357 0.083280 0.174971
0.174569 0.083121 0.175160
0.174779 0.082964 0.175351
0.174970 0.082838 0.175445
0.175144 0.082746 0.175444
0.175317 0.082653 0.175443
0.175506 0.082528 0.175539
0.175695 0.082404 0.175635
0.175866 0.082312 0.175635
0.176021 0.082252 0.175537
0.176208 0.082129 0.175635
0.176378 0.082037 0.175636
0.176548 0.081946 0.175636
0.176733 0.081823 0.175735
0.176917 0.081701 0.175835
0.177100 0.081579 0.175934
0.177267 0.081488 0.175937
0.177449 0.081367 0.176037
0.177644 0.081215 0.176237
0.177824 0.081094 0.176339
0.177989 0.081005 0.176343
0.178154 0.080915 0.176347
0.178318 0.080826 0.176351
0.178482 0.080737 0.176356
0.178632 0.080678 0.176261
0.178795 0.080589 0.176266
0.178958 0.080501 0.176271
0.179108 0.080442 0.176177
0.179270 0.080354 0.176183
0.179420 0.080295 0.176089
0.179582 0.080207 0.176095
0.179731 0.080149 0.176001
0.179892 0.080061 0.176007
0.180042 0.080003 0.175913
0.180202 0.079915 0.175920
0.180351 0.079857 0.175826
0.180511 0.079769 0.175833
0.180660 0.079711 0.175740
0.180819 0.079624 0.175747
0.180968 0.079566 0.175654
0.181126 0.079479 0.175662
0.181275 0.079421 0.175568
0.181433 0.079335 0.175577
0.181581 0.079277 0.175483
0.181738 0.079190 0.175492
0.181886 0.079133 0.175399
0.182043 0.079046 0.175408
0.182191 0.078989 0.175315
0.182339 0.078931 0.175222
0.182495 0.078845 0.175232
0.182650 0.078759 0.175242
0.182798 0.078702 0.175149
0.182953 0.078616 0.175159
0.183100 0.078559 0.175067
0.183254 0.078474 0.175077
0.183408 0.078388 0.175088
0.183561 0.078303 0.175099
0.183708 0.078246 0.175007
0.183855 0.078189 0.174915
0.184007 0.078104 0.174927
0.184159 0.078020 0.174938
0.184306 0.077963 0.174847
0.184457 0.077878 0.174859
0.184603 0.077822 0.174767
0.184754 0.077738 0.174780
0.184900 0.077681 0.174688
0.185050 0.077597 0.174701
0.185196 0.077540 0.174610
0.185342 0.077483 0.174518
0.185487 0.077427 0.174427
0.185633 0.077370 0.174335
0.185779 0.077313 0.174244
0.185924 0.077257 0.174152
0.186070 0.077200 0.174061
0.186216 0.077143 0.173969
0.186359 0.077113 0.173772
0.186505 0.077056 0.173680
0.186651 0.076999 0.173589
0.186794 0.076969 0.173391
0.186940 0.076912 0.173299
0.187087 0.076855 0.173207
0.187231 0.076824 0.173009
0.187378 0.076767 0.172917
0.187523 0.076736 0.172718
0.187669 0.076679 0.172626
0.187816 0.076622 0.172534
0.187962 0.076590 0.172335
0.188109 0.076533 0.172243
0.188255 0.076476 0.172151
0.188402 0.076419 0.172059
0.188549 0.076387 0.171859
0.188696 0.076329 0.171767
0.188843 0.076272 0.171674
0.188991 0.076240 0.171474
0.189138 0.076183 0.171382
0.189285 0.076125 0.171289
0.189434 0.076093 0.171088
0.189581 0.076036 0.170996
0.189729 0.075978 0.170903
0.189876 0.075921 0.170811
0.190026 0.075888 0.170609
0.190173 0.075830 0.170516
0.190321 0.075773 0.170424
0.190471 0.075740 0.170222
0.190619 0.075682 0.170129
0.190767 0.075625 0.170036
0.190915 0.075567 0.169943
0.191066 0.075533 0.169741
0.191214 0.075476 0.169648
0.191362 0.075418 0.169555
0.191515 0.075384 0.169352
0.191668 0.075350 0.169148
0.191821 0.075316 0.168944
0.191969 0.075258 0.168851
0.192123 0.075223 0.168647
0.192278 0.075188 0.168443
0.192433 0.075153 0.168238
0.192588 0.075118 0.168033
0.192743 0.075083 0.167828
0.192893 0.075025 0.167734
0.193049 0.074989 0.167528
0.193206 0.074954 0.167323
0.193356 0.074895 0.167228
0.193513 0.074860 0.167022
0.193663 0.074801 0.166928
0.193821 0.074765 0.166721
0.193971 0.074706 0.166627
0.194130 0.074670 0.166420
0.194297 0.074656 0.166100
0.194456 0.074619 0.165892
0.194625 0.074604 0.165572
0.194794 0.074589 0.165250
0.194965 0.074573 0.164929
0.195136 0.074557 0.164606
0.195307 0.074541 0.164283
0.195480 0.074524 0.163960
0.195644 0.074486 0.163750
0.195808 0.074447 0.163539
0.195972 0.074409 0.163329
0.196126 0.074349 0.163232
0.196291 0.074310 0.163021
0.196446 0.074250 0.162924
0.196600 0.074189 0.162827
0.196766 0.074150 0.162615
0.196921 0.074090 0.162518
0.165543 0.088465 0.172006
0.165717 0.088398 0.171897
0.165943 0.088259 0.171970
0.166117 0.088192 0.171861
0.166316 0.088089 0.171843
0.166515 0.087986 0.171826
0.166765 0.087814 0.171992
0.166937 0.087747 0.171883
0.167286 0.087436 0.172418
0.167531 0.087265 0.172586
0.167776 0.087095 0.172755
0.167970 0.086994 0.172741
0.168164 0.086893 0.172726
0.168358 0.086793 0.172712
0.168575 0.086658 0.172791
0.168767 0.086558 0.172778
0.168959 0.086458 0.172765
0.169151 0.086359 0.172752
0.169342 0.086259 0.172740
0.169556 0.086126 0.172821
0.169746 0.086027 0.172809
0.169958 0.085894 0.172891
0.170192 0.085728 0.173067
0.170358 0.085663 0.172962
0.170634 0.085430 0.173327
0.170864 0.085266 0.173505
0.171093 0.085101 0.173684
0.171320 0.084937 0.173864
0.171526 0.084807 0.173950
0.171731 0.084677 0.174037
0.171914 0.084581 0.174029
0.172097 0.084485 0.174022
0.172279 0.084389 0.174015
0.172481 0.084260 0.174103
0.172663 0.084164 0.174097
0.172844 0.084069 0.174091
0.173043 0.083941 0.174180
0.173243 0.083813 0.174270
0.173441 0.083686 0.174361
0.173638 0.083559 0.174452
0.173835 0.083432 0.174544
0.174049 0.083273 0.174732
0.174262 0.083115 0.174921
0.174474 0.082958 0.175111
0.174667 0.082833 0.175205
0.174858 0.082708 0.175299
0.175050 0.082583 0.175395
0.175240 0.082459 0.175490
0.175429 0.082335 0.175586
0.175601 0.082243 0.175586
0.175789 0.082120 0.175683
0.175944 0.082059 0.175586
0.176115 0.081968 0.175586
0.176301 0.081845 0.175684
0.176471 0.081754 0.175685
0.176640 0.081663 0.175687
0.176839 0.081510 0.175884
0.177022 0.081389 0.175984
0.177205 0.081268 0.176085
0.177357 0.081209 0.175989
0.177552 0.081057 0.176189
0.177733 0.080937 0.176291
0.177898 0.080848 0.176295
0.178063 0.080758 0.176299
0.178227 0.080669 0.176304
0.178391 0.080580 0.176308
0.178541 0.080522 0.176214
0.178705 0.080433 0.176219
0.178868 0.080345 0.176224
0.179018 0.080286 0.176130
0.179180 0.080198 0.176135
0.179330 0.080140 0.176041
0.179491 0.080052 0.176047
0.179641 0.079993 0.175953
0.179802 0.079906 0.175960
0.179951 0.079847 0.175866
0.180112 0.079760 0.175873
0.180261 0.079702 0.175779
0.180421 0.079615 0.175786
0.180570 0.079557 0.175693
0.180729 0.079469 0.175700
0.180878 0.079412 0.175607
0.181037 0.079325 0.175615
0.181185 0.079267 0.175521
0.181343 0.079180 0.175530
0.181491 0.079123 0.175437
0.181649 0.079036 0.175445
0.181797 0.078979 0.175352
0.181954 0.078892 0.175361
0.182102 0.078835 0.175268
0.182250 0.078777 0.175176
0.182406 0.078691 0.175185
0.182561 0.078606 0.175195
0.182709 0.078548 0.175102
0.182864 0.078463 0.175113
0.183011 0.078406 0.175020
0.183165 0.078321 0.175031
0.183312 0.078263 0.174938
0.183466 0.078178 0.174949
0.183613 0.078121 0.174857
0.183766 0.078036 0.174869
0.183913 0.077979 0.174776
0.184065 0.077895 0.174788
0.184217 0.077811 0.174800
0.184364 0.077754 0.174708
0.184515 0.077670 0.174721
0.184661 0.077613 0.174629
0.184812 0.077529 0.174642
0.184958 0.077472 0.174550
0.185104 0.077415 0.174459
0.185254 0.077332 0.174472
0.185399 0.077275 0.174381
0.185545 0.077219 0.174289
0.185691 0.077162 0.174198
0.185836 0.077105 0.174106
0.185979 0.077075 0.173909
0.186125 0.077018 0.173817
0.186271 0.076961 0.173726
0.186417 0.076904 0.173634
0.186562 0.076848 0.173542
0.186706 0.076817 0.173345
0.186852 0.076760 0.173253
0.186998 0.076703 0.173161
0.187143 0.076672 0.172963
0.187289 0.076615 0.172871
0.187434 0.076583 0.172672
0.187581 0.076526 0.172580
0.187727 0.076469 0.172488
0.187873 0.076437 0.172289
0.188020 0.076380 0.172197
0.188167 0.076323 0.172104
0.188314 0.076291 0.171905
0.188461 0.076234 0.171812
0.188607 0.076177 0.171720
0.188755 0.076144 0.171520
0.188902 0.076087 0.171427
0.189051 0.076054 0.171227
0.189198 0.075997 0.171134
0.189345 0.075940 0.171042
0.189492 0.075882 0.170949
0.189642 0.075849 0.170748
0.189789 0.075792 0.170655
0.189937 0.075734 0.170562
0.190084 0.075677 0.170470
0.190235 0.075644 0.170268
0.190382 0.075586 0.170175
0.190530 0.075528 0.170082
0.190678 0.075471 0.169989
0.190825 0.075413 0.169897
0.190977 0.075380 0.169694
0.191125 0.075322 0.169601
0.191273 0.075264 0.169508
0.191425 0.075230 0.169305
0.191578 0.075196 0.169101
0.191731 0.075161 0.168897
0.191880 0.075103 0.168804
0.192034 0.075068 0.168600
0.192188 0.075033 0.168395
0.192343 0.074998 0.168191
0.192498 0.074963 0.167986
0.192647 0.074905 0.167892
0.192803 0.074869 0.167687
0.192959 0.074834 0.167481
0.193108 0.074775 0.167387
0.193265 0.074739 0.167181
0.193422 0.074703 0.166975
0.193572 0.074645 0.166880
0.193730 0.074609 0.166674
0.193888 0.074572 0.166467
0.194039 0.074513 0.166372
0.194206 0.074499 0.166052
0.194365 0.074462 0.165845
0.194533 0.074446 0.165524
0.194703 0.074430 0.165202
0.194873 0.074414 0.164880
0.195043 0.074398 0.164558
0.195215 0.074381 0.164235
0.195387 0.074364 0.163911
0.195551 0.074326 0.163701
0.195715 0.074287 0.163491
0.195879 0.074248 0.163280
0.196044 0.074209 0.163069
0.196198 0.074149 0.162972
0.196363 0.074110 0.162760
0.196518 0.074050 0.162663
0.196673 0.073989 0.162566
0.196828 0.073929 0.162469
0.165411 0.088320 0.171860
0.165612 0.088217 0.171842
0.165786 0.088149 0.171733
0.165986 0.088046 0.171715
0.166186 0.087944 0.171697
0.166359 0.087876 0.171588
0.166533 0.087808 0.171479
0.167157 0.087292 0.172272
0.167428 0.087088 0.172532
0.167649 0.086952 0.172609
0.167868 0.086817 0.172687
0.168062 0.086717 0.172673
0.168255 0.086617 0.172659
0.168449 0.086517 0.172645
0.168642 0.086417 0.172632
0.168834 0.086317 0.172619
0.169026 0.086218 0.172606
0.169218 0.086118 0.172593
0.169432 0.085985 0.172674
0.169622 0.085886 0.172662
0.169835 0.085754 0.172744
0.170047 0.085622 0.172827
0.170258 0.085490 0.172909
0.170512 0.085292 0.173181
0.170743 0.085128 0.173359
0.170972 0.084964 0.173538
0.171222 0.084767 0.173812
0.171427 0.084638 0.173898
0.171632 0.084508 0.173985
0.171836 0.084379 0.174072
0.172019 0.084283 0.174065
0.172202 0.084187 0.174059
0.172384 0.084092 0.174052
0.172585 0.083964 0.174141
0.172766 0.083869 0.174135
0.172966 0.083741 0.174225
0.173146 0.083646 0.174220
0.173344 0.083519 0.174310
0.173542 0.083393 0.174402
0.173739 0.083266 0.174493
0.173953 0.083108 0.174682
0.174167 0.082951 0.174871
0.174361 0.082826 0.174965
0.174554 0.082701 0.175059
0.174746 0.082577 0.175153
0.174955 0.082421 0.175345
0.175146 0.082297 0.175441
0.175336 0.082173 0.175537
0.175508 0.082082 0.175537
0.175713 0.081927 0.175731
0.175867 0.081867 0.175634
0.176038 0.081776 0.175635
0.176224 0.081654 0.175733
0.176394 0.081563 0.175735
0.176563 0.081472 0.175736
0.176747 0.081351 0.175836
0.176930 0.081230 0.175936
0.177113 0.081109 0.176037
0.177265 0.081050 0.175941
0.177461 0.080899 0.176141
0.177641 0.080780 0.176244
0.177807 0.080691 0.176247
0.177972 0.080601 0.176252
0.178136 0.080513 0.176256
0.178300 0.080424 0.176261
0.178451 0.080365 0.176166
0.178614 0.080277 0.176171
0.178764 0.080218 0.176077
0.178927 0.080130 0.176082
0.179090 0.080042 0.176088
0.179239 0.079984 0.175994
0.179401 0.079896 0.176000
0.179551 0.079838 0.175906
0.179712 0.079750 0.175913
0.179861 0.079692 0.175819
0.180022 0.079605 0.175826
0.180171 0.079547 0.175732
0.180320 0.079489 0.175638
0.180480 0.079402 0.175646
0.180629 0.079344 0.175552
0.180788 0.079257 0.175560
0.180937 0.079199 0.175466
0.181095 0.079112 0.175474
0.181254 0.079026 0.175483
0.181402 0.078968 0.175390
0.181559 0.078882 0.175398
0.181708 0.078824 0.175305
0.181865 0.078739 0.175315
0.182012 0.078681 0.175222
0.182160 0.078623 0.175129
0.182316 0.078538 0.175138
0.182464 0.078480 0.175046
0.182620 0.078395 0.175056
0.182775 0.078310 0.175066
0.182922 0.078252 0.174974
0.183069 0.078195 0.174881
0.183224 0.078110 0.174892
0.183371 0.078053 0.174799
0.183518 0.077996 0.174707
0.183671 0.077911 0.174718
0.183824 0.077827 0.174730
0.183971 0.077770 0.174638
0.184118 0.077713 0.174546
0.184270 0.077628 0.174558
0.184422 0.077545 0.174570
0.184568 0.077488 0.174478
0.184719 0.077404 0.174491
0.184865 0.077347 0.174399
0.185016 0.077264 0.174413
0.185162 0.077207 0.174321
0.185307 0.077150 0.174229
0.185453 0.077093 0.174138
0.185599 0.077037 0.174046
0.185745 0.076980 0.173954
0.185891 0.076923 0.173863
0.186037 0.076866 0.173771
0.186183 0.076809 0.173680
0.186326 0.076778 0.173482
0.186472 0.076722 0.173390
0.186618 0.076665 0.173298
0.186764 0.076608 0.173207
0.186908 0.076576 0.173008
0.187055 0.076519 0.172916
0.187201 0.076463 0.172825
0.187346 0.076431 0.172626
0.187493 0.076374 0.172534
0.187638 0.076342 0.172335
0.187785 0.076285 0.172242
0.187932 0.076228 0.172150
0.188078 0.076195 0.171950
0.188225 0.076138 0.171858
0.188372 0.076081 0.171766
0.188519 0.076049 0.171566
0.188666 0.075991 0.171473
0.188814 0.075958 0.171273
0.188962 0.075901 0.171180
0.189109 0.075844 0.171088
0.189256 0.075786 0.170995
0.189405 0.075753 0.170794
0.189553 0.075696 0.170701
0.189700 0.075638 0.170608
0.189848 0.075581 0.170516
0.189998 0.075547 0.170314
0.190145 0.075490 0.170221
0.190293 0.075432 0.170128
0.190441 0.075375 0.170036
0.190589 0.075317 0.169943
0.190736 0.075260 0.169850
0.190888 0.075226 0.169647
0.191036 0.075168 0.169554
0.191184 0.075110 0.169461
0.191336 0.075076 0.169258
0.191489 0.075041 0.169054
0.191642 0.075007 0.168850
0.191790 0.074949 0.168757
0.191944 0.074914 0.168553
0.192098 0.074879 0.168348
0.192252 0.074843 0.168144
0.192402 0.074785 0.168050
0.192557 0.074750 0.167845
0.192712 0.074714 0.167639
0.192868 0.074678 0.167434
0.193018 0.074620 0.167340
0.193175 0.074583 0.167134
0.193332 0.074547 0.166927
0.193482 0.074489 0.166833
0.193639 0.074452 0.166626
0.193797 0.074415 0.166419
0.193956 0.074379 0.166212
0.194115 0.074342 0.166005
0.194274 0.074304 0.165797
0.194442 0.074289 0.165476
0.194611 0.074272 0.165154
0.194781 0.074256 0.164832
0.194951 0.074239 0.164510
0.195122 0.074222 0.164186
0.195295 0.074205 0.163863
0.195458 0.074166 0.163653
0.195622 0.074127 0.163442
0.195786 0.074088 0.163231
0.195950 0.074049 0.163020
0.196105 0.073988 0.162923
0.196270 0.073949 0.162712
0.196425 0.073889 0.162614
0.196591 0.073849 0.162403
0.165279 0.088174 0.171714
0.165480 0.088071 0.171696
0.165654 0.088003 0.171586
0.165855 0.087900 0.171568
0.166055 0.087798 0.171551
0.166254 0.087695 0.171533
0.166428 0.087628 0.171424
0.167028 0.087149 0.172125
0.167275 0.086979 0.172294
0.167496 0.086844 0.172371
0.167716 0.086709 0.172449
0.167935 0.086575 0.172527
0.168129 0.086475 0.172513
0.168298 0.086409 0.172406
0.168516 0.086275 0.172486
0.168708 0.086176 0.172473
0.168901 0.086076 0.172460
0.169093 0.085977 0.172447
0.169284 0.085878 0.172434
0.169498 0.085745 0.172516
0.169711 0.085613 0.172598
0.169924 0.085481 0.172680
0.170157 0.085317 0.172857
0.170390 0.085153 0.173034
0.170621 0.084989 0.173213
0.170786 0.084925 0.173109
0.171123 0.084597 0.173760
0.171329 0.084468 0.173847
0.171534 0.084339 0.173934
0.171739 0.084210 0.174021
0.171921 0.084115 0.174014
0.172124 0.083987 0.174102
0.172306 0.083891 0.174096
0.172488 0.083796 0.174090
0.172688 0.083669 0.174180
0.172869 0.083574 0.174174
0.173049 0.083479 0.174169
0.173248 0.083353 0.174260
0.173446 0.083227 0.174351
0.173643 0.083101 0.174443
0.173858 0.082944 0.174632
0.174053 0.082818 0.174725
0.174248 0.082694 0.174818
0.174459 0.082538 0.175009
0.174634 0.082445 0.175007
0.174844 0.082290 0.175199
0.175035 0.082166 0.175295
0.175225 0.082043 0.175391
0.175414 0.081920 0.175488
0.175619 0.081767 0.175683
0.175774 0.081707 0.175586
0.175945 0.081616 0.175586
0.176131 0.081494 0.175685
0.176301 0.081403 0.175686
0.176486 0.081282 0.175786
0.176655 0.081192 0.175787
0.176838 0.081071 0.175888
0.177021 0.080951 0.175989
0.177173 0.080892 0.175893
0.177369 0.080742 0.176093
0.177536 0.080653 0.176097
0.177701 0.080564 0.176101
0.177866 0.080475 0.176105
0.178031 0.080386 0.176109
0.178196 0.080297 0.176114
0.178360 0.080209 0.176119
0.178523 0.080121 0.176124
0.178674 0.080062 0.176029
0.178837 0.079974 0.176035
0.178999 0.079886 0.176041
0.179149 0.079828 0.175947
0.179311 0.079741 0.175953
0.179460 0.079682 0.175859
0.179622 0.079595 0.175865
0.179771 0.079537 0.175772
0.179932 0.079450 0.175778
0.180081 0.079392 0.175685
0.180230 0.079334 0.175591
0.180390 0.079247 0.175599
0.180539 0.079189 0.175505
0.180698 0.079102 0.175513
0.180847 0.079044 0.175419
0.181006 0.078958 0.175428
0.181164 0.078872 0.175436
0.181312 0.078814 0.175343
0.181470 0.078728 0.175352
0.181618 0.078670 0.175259
0.181775 0.078585 0.175268
0.181923 0.078527 0.175175
0.182071 0.078470 0.175082
0.182227 0.078384 0.175092
0.182375 0.078327 0.174999
0.182531 0.078242 0.175009
0.182686 0.078157 0.175020
0.182833 0.078099 0.174927
0.182980 0.078042 0.174834
0.183128 0.077985 0.174742
0.183282 0.077900 0.174753
0.183429 0.077843 0.174661
0.183576 0.077785 0.174568
0.183729 0.077701 0.174580
0.183876 0.077644 0.174487
0.184029 0.077560 0.174499
0.184176 0.077503 0.174407
0.184328 0.077419 0.174420
0.184474 0.077362 0.174328
0.184626 0.077279 0.174340
0.184772 0.077222 0.174248
0.184923 0.077138 0.174262
0.185069 0.077081 0.174170
0.185215 0.077025 0.174078
0.185361 0.076968 0.173986
0.185507 0.076911 0.173894
0.185657 0.076828 0.173908
0.185803 0.076771 0.173817
0.185946 0.076740 0.173619
0.186092 0.076683 0.173528
0.186238 0.076626 0.173436
0.186384 0.076570 0.173344
0.186530 0.076513 0.173252
0.186676 0.076456 0.173161
0.186820 0.076424 0.172962
0.186966 0.076367 0.172870
0.187111 0.076336 0.172671
0.187258 0.076278 0.172579
0.187403 0.076246 0.172380
0.187550 0.076189 0.172288
0.187696 0.076132 0.172196
0.187843 0.076100 0.171996
0.187989 0.076043 0.171904
0.188136 0.075985 0.171812
0.188283 0.075953 0.171612
0.188430 0.075896 0.171519
0.188578 0.075863 0.171319
0.188725 0.075805 0.171226
0.188873 0.075748 0.171134
0.189021 0.075715 0.170932
0.189169 0.075657 0.170840
0.189316 0.075600 0.170747
0.189464 0.075542 0.170655
0.189613 0.075509 0.170453
0.189761 0.075451 0.170360
0.189909 0.075394 0.170267
0.190056 0.075336 0.170174
0.190204 0.075279 0.170082
0.190352 0.075221 0.169989
0.190499 0.075164 0.169896
0.190651 0.075129 0.169693
0.190799 0.075072 0.169600
0.190946 0.075014 0.169507
0.191098 0.074980 0.169304
0.191246 0.074922 0.169211
0.191399 0.074887 0.169007
0.191552 0.074852 0.168804
0.191705 0.074817 0.168599
0.191854 0.074759 0.168506
0.192008 0.074724 0.168301
0.192162 0.074688 0.168096
0.192312 0.074630 0.168003
0.192467 0.074594 0.167798
0.192622 0.074558 0.167592
0.192778 0.074522 0.167386
0.192928 0.074464 0.167292
0.193084 0.074427 0.167086
0.193241 0.074391 0.166880
0.193391 0.074332 0.166785
0.193549 0.074296 0.166579
0.193706 0.074259 0.166372
0.193865 0.074222 0.166164
0.194023 0.074184 0.165957
0.194183 0.074147 0.165749
0.194350 0.074131 0.165428
0.194519 0.074114 0.165106
0.194689 0.074097 0.164784
0.194859 0.074080 0.164461
0.195030 0.074063 0.164138
0.195202 0.074045 0.163814
0.195365 0.074006 0.163604
0.195529 0.073967 0.163393
0.195703 0.073948 0.163068
0.195867 0.073908 0.162857
0.196032 0.073869 0.162645
0.196187 0.073808 0.162548
0.196353 0.073768 0.162336
0.165146 0.088027 0.171568
0.165321 0.087959 0.171459
0.165495 0.087891 0.171349
0.165697 0.087788 0.171331
0.165924 0.087652 0.171404
0.166097 0.087584 0.171295
0.166297 0.087482 0.171277
0.166471 0.087414 0.171168
0.167122 0.086869 0.172056
0.167368 0.086701 0.172225
0.167564 0.086600 0.172210
0.167783 0.086466 0.172288
0.167978 0.086366 0.172274
0.168172 0.086266 0.172260
0.168390 0.086133 0.172339
0.168583 0.086033 0.172326
0.168775 0.085934 0.172313
0.168968 0.085835 0.172300
0.169183 0.085703 0.172381
0.169351 0.085637 0.172276
0.169565 0.085505 0.172357
0.169778 0.085374 0.172440
0.170012 0.085210 0.172616
0.170223 0.085079 0.172700
0.170500 0.084850 0.173066
0.170730 0.084687 0.173245
0.171003 0.084460 0.173614
0.171209 0.084331 0.173701
0.171436 0.084170 0.173882
0.171641 0.084042 0.173970
0.171824 0.083946 0.173963
0.172027 0.083818 0.174051
0.172209 0.083723 0.174045
0.172410 0.083596 0.174134
0.172591 0.083501 0.174129
0.172772 0.083407 0.174123
0.172952 0.083312 0.174118
0.173151 0.083186 0.174209
0.173349 0.083061 0.174301
0.173547 0.082935 0.174393
0.173743 0.082810 0.174485
0.173939 0.082685 0.174578
0.174134 0.082561 0.174672
0.174346 0.082405 0.174863
0.174539 0.082282 0.174957
0.174749 0.082127 0.175150
0.174923 0.082035 0.175148
0.175131 0.081881 0.175342
0.175320 0.081759 0.175439
0.175509 0.081637 0.175536
0.175697 0.081515 0.175634
0.175852 0.081455 0.175537
0.176038 0.081334 0.175636
0.176208 0.081243 0.175637
0.176393 0.081123 0.175737
0.176562 0.081033 0.175739
0.176746 0.080913 0.175840
0.176914 0.080823 0.175842
0.177081 0.080733 0.175845
0.177263 0.080614 0.175947
0.177444 0.080495 0.176049
0.177610 0.080406 0.176053
0.177775 0.080318 0.176057
0.177940 0.080229 0.176062
0.178091 0.080170 0.175967
0.178255 0.080082 0.175972
0.178419 0.079994 0.175977
0.178583 0.079906 0.175982
0.178746 0.079818 0.175988
0.178896 0.079760 0.175893
0.179059 0.079672 0.175899
0.179221 0.079585 0.175905
0.179370 0.079527 0.175812
0.179532 0.079440 0.175818
0.179681 0.079381 0.175724
0.179830 0.079323 0.175631
0.179991 0.079236 0.175638
0.180140 0.079178 0.175544
0.180300 0.079092 0.175551
0.180449 0.079034 0.175458
0.180609 0.078947 0.175466
0.180757 0.078890 0.175372
0.180916 0.078803 0.175381
0.181065 0.078746 0.175287
0.181223 0.078660 0.175296
0.181371 0.078602 0.175203
0.181529 0.078516 0.175212
0.181677 0.078459 0.175119
0.181834 0.078373 0.175128
0.181982 0.078316 0.175035
0.182138 0.078231 0.175045
0.182286 0.078173 0.174952
0.182442 0.078088 0.174963
0.182589 0.078031 0.174870
0.182737 0.077973 0.174777
0.182884 0.077916 0.174685
0.183039 0.077831 0.174695
0.183186 0.077774 0.174603
0.183333 0.077717 0.174510
0.183481 0.077659 0.174418
0.183628 0.077602 0.174325
0.183782 0.077518 0.174337
0.183929 0.077461 0.174245
0.184082 0.077377 0.174257
0.184234 0.077293 0.174269
0.184381 0.077236 0.174177
0.184527 0.077179 0.174084
0.184679 0.077096 0.174097
0.184830 0.077012 0.174110
0.184976 0.076956 0.174018
0.185123 0.076899 0.173927
0.185269 0.076842 0.173835
0.185419 0.076759 0.173848
0.185565 0.076702 0.173757
0.185711 0.076645 0.173665
0.185857 0.076588 0.173573
0.186004 0.076531 0.173481
0.186150 0.076475 0.173390
0.186296 0.076418 0.173298
0.186439 0.076386 0.173100
0.186586 0.076329 0.173008
0.186732 0.076272 0.172916
0.186876 0.076240 0.172717
0.187023 0.076183 0.172625
0.187168 0.076151 0.172426
0.187314 0.076094 0.172334
0.187461 0.076037 0.172242
0.187607 0.076004 0.172042
0.187754 0.075947 0.171950
0.187900 0.075914 0.171750
0.188048 0.075857 0.171657
0.188195 0.075800 0.171565
0.188342 0.075767 0.171365
0.188489 0.075709 0.171272
0.188637 0.075652 0.171180
0.188785 0.075619 0.170978
0.188932 0.075561 0.170886
0.189080 0.075504 0.170793
0.189227 0.075446 0.170701
0.189376 0.075413 0.170499
0.189524 0.075355 0.170406
0.189672 0.075298 0.170313
0.189819 0.075240 0.170220
0.189967 0.075183 0.170128
0.190115 0.075125 0.170035
0.190263 0.075068 0.169942
0.190410 0.075010 0.169849
0.190561 0.074976 0.169647
0.190709 0.074918 0.169554
0.190857 0.074860 0.169461
0.191009 0.074826 0.169257
0.191157 0.074768 0.169164
0.191310 0.074733 0.168961
0.191462 0.074698 0.168757
0.191616 0.074662 0.168552
0.191764 0.074604 0.168459
0.191918 0.074569 0.168254
0.192072 0.074533 0.168049
0.192222 0.074475 0.167956
0.192376 0.074439 0.167750
0.192532 0.074403 0.167545
0.192687 0.074366 0.167339
0.192837 0.074308 0.167245
0.192994 0.074271 0.167039
0.193150 0.074235 0.166832
0.193307 0.074198 0.166626
0.193458 0.074139 0.166531
0.193616 0.074102 0.166324
0.193774 0.074065 0.166117
0.193940 0.074049 0.165796
0.194099 0.074011 0.165588
0.194267 0.073994 0.165267
0.194427 0.073956 0.165058
0.194597 0.073939 0.164736
0.194767 0.073921 0.164413
0.194937 0.073903 0.164090
0.195100 0.073864 0.163880
0.195272 0.073846 0.163555
0.195436 0.073806 0.163345
0.195610 0.073787 0.163019
0.195774 0.073748 0.162808
0.195949 0.073728 0.162482
0.196104 0.073667 0.162385
0.196281 0.073647 0.162058
0.165189 0.087812 0.171312
0.165363 0.087744 0.171202
0.165565 0.087641 0.171184
0.165739 0.087573 0.171074
0.165966 0.087437 0.171148
0.166192 0.087301 0.171222
0.166392 0.087199 0.171205
0.166566 0.087132 0.171096
0.166993 0.086725 0.171909
0.167215 0.086591 0.171986
0.167436 0.086457 0.172064
0.167631 0.086356 0.172049
0.167851 0.086223 0.172128
0.168045 0.086123 0.172114
0.168263 0.085990 0.172193
0.168457 0.085891 0.172180
0.168650 0.085792 0.172166
0.168842 0.085693 0.172154
0.169058 0.085561 0.172235
0.169226 0.085495 0.172129
0.169441 0.085364 0.172211
0.169654 0.085233 0.172293
0.169889 0.085069 0.172470
0.170123 0.084906 0.172647
0.170378 0.084711 0.172920
0.170631 0.084516 0.173193
0.170882 0.084322 0.173468
0.171089 0.084193 0.173554
0.171317 0.084033 0.173736
0.171543 0.083873 0.173919
0.171726 0.083777 0.173912
0.171929 0.083650 0.174000
0.172111 0.083555 0.173994
0.172313 0.083429 0.174083
0.172494 0.083334 0.174078
0.172675 0.083240 0.174073
0.172855 0.083146 0.174067
0.173055 0.083020 0.174159
0.173253 0.082895 0.174250
0.173451 0.082770 0.174342
0.173648 0.082645 0.174435
0.173844 0.082521 0.174528
0.174039 0.082397 0.174622
0.174233 0.082273 0.174716
0.174445 0.082118 0.174908
0.174619 0.082026 0.174906
0.174829 0.081873 0.175099
0.175020 0.081750 0.175196
0.175227 0.081598 0.175390
0.175416 0.081476 0.175487
0.175604 0.081355 0.175586
0.175758 0.081295 0.175489
0.175945 0.081174 0.175587
0.176132 0.081053 0.175687
0.176301 0.080963 0.175689
0.176470 0.080874 0.175691
0.176638 0.080784 0.175693
0.176822 0.080664 0.175794
0.176990 0.080575 0.175797
0.177157 0.080486 0.175800
0.177323 0.080397 0.175803
0.177504 0.080279 0.175906
0.177670 0.080190 0.175910
0.177835 0.080102 0.175915
0.177986 0.080043 0.175820
0.178151 0.079955 0.175824
0.178315 0.079867 0.175829
0.178479 0.079779 0.175835
0.178642 0.079691 0.175840
0.178806 0.079604 0.175846
0.178968 0.079517 0.175852
0.179130 0.079429 0.175858
0.179280 0.079371 0.175764
0.179442 0.079284 0.175771
0.179591 0.079226 0.175677
0.179740 0.079168 0.175583
0.179901 0.079081 0.175590
0.180050 0.079023 0.175497
0.180199 0.078965 0.175403
0.180359 0.078879 0.175411
0.180508 0.078821 0.175317
0.180668 0.078735 0.175325
0.180816 0.078677 0.175232
0.180975 0.078591 0.175240
0.181124 0.078533 0.175147
0.181282 0.078448 0.175156
0.181430 0.078390 0.175063
0.181588 0.078305 0.175072
0.181745 0.078219 0.175081
0.181893 0.078162 0.174989
0.182040 0.078104 0.174896
0.182197 0.078019 0.174906
0.182344 0.077962 0.174813
0.182492 0.077904 0.174720
0.182648 0.077820 0.174731
0.182795 0.077762 0.174638
0.182943 0.077705 0.174545
0.183090 0.077648 0.174453
0.183238 0.077590 0.174360
0.183385 0.077533 0.174267
0.183539 0.077449 0.174279
0.183686 0.077391 0.174186
0.183834 0.077334 0.174094
0.183987 0.077250 0.174106
0.184134 0.077193 0.174013
0.184287 0.077110 0.174026
0.184434 0.077052 0.173933
0.184586 0.076969 0.173946
0.184732 0.076912 0.173854
0.184884 0.076829 0.173867
0.185030 0.076772 0.173775
0.185177 0.076715 0.173683
0.185323 0.076658 0.173591
0.185469 0.076601 0.173499
0.185620 0.076519 0.173513
0.185766 0.076462 0.173421
0.185912 0.076405 0.173329
0.186058 0.076348 0.173237
0.186205 0.076291 0.173145
0.186348 0.076259 0.172947
0.186495 0.076202 0.172855
0.186641 0.076145 0.172763
0.186786 0.076113 0.172564
0.186933 0.076055 0.172472
0.187078 0.076023 0.172273
0.187225 0.075966 0.172180
0.187371 0.075909 0.172088
0.187517 0.075876 0.171888
0.187665 0.075819 0.171796
0.187812 0.075761 0.171703
0.187959 0.075704 0.171611
0.188106 0.075647 0.171519
0.188253 0.075613 0.171318
0.188400 0.075556 0.171225
0.188548 0.075499 0.171133
0.188696 0.075465 0.170932
0.188843 0.075408 0.170839
0.188991 0.075350 0.170747
0.189138 0.075293 0.170654
0.189287 0.075259 0.170452
0.189435 0.075201 0.170359
0.189583 0.075144 0.170267
0.189730 0.075086 0.170174
0.189878 0.075029 0.170081
0.190026 0.074971 0.169988
0.190173 0.074914 0.169895
0.190324 0.074879 0.169693
0.190472 0.074822 0.169600
0.190620 0.074764 0.169507
0.190768 0.074706 0.169414
0.190920 0.074671 0.169211
0.191072 0.074636 0.169007
0.191220 0.074579 0.168914
0.191373 0.074543 0.168710
0.191526 0.074507 0.168505
0.191675 0.074450 0.168412
0.191828 0.074414 0.168207
0.191982 0.074378 0.168002
0.192132 0.074320 0.167908
0.192286 0.074283 0.167703
0.192442 0.074247 0.167498
0.192597 0.074211 0.167292
0.192747 0.074152 0.167198
0.192903 0.074115 0.166991
0.193060 0.074078 0.166785
0.193217 0.074041 0.166578
0.193374 0.074004 0.166371
0.193532 0.073967 0.166164
0.193690 0.073929 0.165956
0.193849 0.073891 0.165748
0.194008 0.073853 0.165540
0.194175 0.073836 0.165219
0.194336 0.073798 0.165010
0.194505 0.073780 0.164688
0.194674 0.073762 0.164365
0.194836 0.073723 0.164155
0.195007 0.073705 0.163831
0.195179 0.073686 0.163507
0.195352 0.073666 0.163182
0.195526 0.073647 0.162856
0.195691 0.073607 0.162645
0.195856 0.073567 0.162433
0.196021 0.073526 0.162221
0.196187 0.073486 0.162009
0.165406 0.087528 0.170946
0.165607 0.087426 0.170928
0.165782 0.087358 0.170818
0.166061 0.087154 0.171076
0.166287 0.087019 0.171150
0.166487 0.086917 0.171133
0.166660 0.086850 0.171025
0.167061 0.086480 0.171747
0.167283 0.086346 0.171825
0.167503 0.086213 0.171903
0.167699 0.086113 0.171888
0.167918 0.085980 0.171967
0.168137 0.085847 0.172046
0.168331 0.085748 0.172033
0.168524 0.085649 0.172020
0.168740 0.085517 0.172100
0.168909 0.085451 0.171994
0.169125 0.085320 0.172076
0.169316 0.085222 0.172064
0.169530 0.085091 0.172146
0.169743 0.084960 0.172229
0.170000 0.084765 0.172500
0.170256 0.084571 0.172773
0.170509 0.084377 0.173047
0.170740 0.084216 0.173227
0.170991 0.084023 0.173503
0.171197 0.083896 0.173590
0.171445 0.083704 0.173867
0.171628 0.083609 0.173860
0.171832 0.083482 0.173949
0.172014 0.083387 0.173943
0.172196 0.083293 0.173937
0.172397 0.083167 0.174027
0.172578 0.083073 0.174022
0.172758 0.082979 0.174017
0.172958 0.082853 0.174108
0.173137 0.082760 0.174104
0.173335 0.082635 0.174196
0.173533 0.082511 0.174288
0.173729 0.082387 0.174382
0.173925 0.082263 0.174475
0.174120 0.082140 0.174570
0.174332 0.081986 0.174761
0.174507 0.081894 0.174760
0.174717 0.081741 0.174953
0.174926 0.081588 0.175146
0.175116 0.081467 0.175243
0.175288 0.081376 0.175243
0.175494 0.081225 0.175439
0.175649 0.081164 0.175342
0.175853 0.081014 0.175539
0.176039 0.080894 0.175638
0.176192 0.080834 0.175542
0.176378 0.080714 0.175642
0.176546 0.080625 0.175645
0.176715 0.080536 0.175647
0.176882 0.080446 0.175650
0.177050 0.080358 0.175653
0.177217 0.080269 0.175657
0.177384 0.080180 0.175660
0.177564 0.080062 0.175763
0.177730 0.079974 0.175768
0.177881 0.079915 0.175673
0.178046 0.079827 0.175677
0.178211 0.079739 0.175682
0.178375 0.079652 0.175687
0.178539 0.079564 0.175693
0.178702 0.079477 0.175698
0.178865 0.079389 0.175704
0.179028 0.079302 0.175711
0.179190 0.079216 0.175717
0.179339 0.079157 0.175623
0.179501 0.079071 0.175630
0.179650 0.079013 0.175536
0.179799 0.078954 0.175442
0.179949 0.078896 0.175348
0.180109 0.078810 0.175356
0.180258 0.078752 0.175262
0.180418 0.078666 0.175270
0.180567 0.078608 0.175177
0.180727 0.078522 0.175185
0.180875 0.078464 0.175091
0.181034 0.078379 0.175100
0.181192 0.078293 0.175109
0.181341 0.078236 0.175016
0.181498 0.078151 0.175025
0.181646 0.078093 0.174932
0.181803 0.078008 0.174942
0.181951 0.077950 0.174849
0.182099 0.077893 0.174756
0.182247 0.077835 0.174663
0.182403 0.077751 0.174673
0.182551 0.077693 0.174581
0.182698 0.077636 0.174488
0.182846 0.077578 0.174395
0.182994 0.077521 0.174302
0.183142 0.077463 0.174209
0.183289 0.077406 0.174117
0.183437 0.077348 0.174024
0.183591 0.077264 0.174035
0.183739 0.077207 0.173943
0.183886 0.077150 0.173850
0.184040 0.077066 0.173862
0.184187 0.077009 0.173770
0.184340 0.076926 0.173782
0.184487 0.076868 0.173690
0.184639 0.076785 0.173702
0.184786 0.076728 0.173610
0.184937 0.076645 0.173623
0.185084 0.076588 0.173531
0.185230 0.076531 0.173439
0.185377 0.076474 0.173347
0.185524 0.076417 0.173255
0.185671 0.076360 0.173163
0.185817 0.076303 0.173070
0.185964 0.076246 0.172978
0.186114 0.076164 0.172993
0.186260 0.076107 0.172901
0.186407 0.076049 0.172809
0.186553 0.075992 0.172717
0.186697 0.075960 0.172518
0.186844 0.075903 0.172425
0.186989 0.075870 0.172226
0.187136 0.075813 0.172134
0.187283 0.075756 0.172042
0.187429 0.075723 0.171842
0.187576 0.075666 0.171749
0.187723 0.075608 0.171657
0.187870 0.075575 0.171456
0.188017 0.075518 0.171364
0.188164 0.075460 0.171271
0.188311 0.075403 0.171179
0.188459 0.075369 0.170978
0.188607 0.075312 0.170885
0.188754 0.075254 0.170793
0.188903 0.075220 0.170591
0.189050 0.075163 0.170498
0.189198 0.075105 0.170405
0.189346 0.075048 0.170313
0.189493 0.074990 0.170220
0.189641 0.074933 0.170127
0.189789 0.074875 0.170034
0.189939 0.074841 0.169832
0.190087 0.074783 0.169739
0.190235 0.074725 0.169646
0.190383 0.074668 0.169553
0.190531 0.074610 0.169460
0.190682 0.074575 0.169257
0.190830 0.074517 0.169164
0.190982 0.074482 0.168960
0.191135 0.074446 0.168756
0.191287 0.074411 0.168552
0.191436 0.074353 0.168458
0.191589 0.074317 0.168254
0.191738 0.074259 0.168160
0.191892 0.074223 0.167955
0.192047 0.074186 0.167750
0.192196 0.074128 0.167656
0.192351 0.074092 0.167450
0.192507 0.074055 0.167244
0.192663 0.074018 0.167038
0.192813 0.073959 0.166944
0.192969 0.073922 0.166737
0.193126 0.073885 0.166530
0.193283 0.073847 0.166323
0.193441 0.073810 0.166116
0.193606 0.073793 0.165796
0.193765 0.073755 0.165588
0.193924 0.073717 0.165379
0.194084 0.073678 0.165171
0.194252 0.073660 0.164849
0.194413 0.073622 0.164639
0.194582 0.073603 0.164316
0.194744 0.073564 0.164107
0.194915 0.073545 0.163783
0.195087 0.073526 0.163458
0.195259 0.073506 0.163133
0.195433 0.073486 0.162807
0.195597 0.073446 0.162596
0.195772 0.073425 0.162269
0.195938 0.073384 0.162057
0.165247 0.087414 0.170707
0.165475 0.087278 0.170781
0.165677 0.087176 0.170763
0.165852 0.087108 0.170653
0.166130 0.086905 0.170911
0.166382 0.086737 0.171079
0.166581 0.086636 0.171062
0.166881 0.086402 0.171416
0.167129 0.086235 0.171585
0.167350 0.086102 0.171663
0.167571 0.085969 0.171741
0.167791 0.085836 0.171820
0.168010 0.085704 0.171899
0.168204 0.085605 0.171886
0.168398 0.085506 0.171873
0.168615 0.085374 0.171953
0.168807 0.085276 0.171941
0.169000 0.085177 0.171929
0.169215 0.085047 0.172010
0.169406 0.084949 0.171999
0.169642 0.084786 0.172176
0.169877 0.084624 0.172353
0.170111 0.084463 0.172532
0.170366 0.084270 0.172806
0.170619 0.084077 0.173080
0.170870 0.083885 0.173356
0.171098 0.083726 0.173538
0.171325 0.083567 0.173721
0.171530 0.083440 0.173809
0.171713 0.083346 0.173803
0.171916 0.083219 0.173892
0.172098 0.083125 0.173886
0.172280 0.083031 0.173880
0.172481 0.082906 0.173971
0.172662 0.082812 0.173966
0.172861 0.082687 0.174057
0.173041 0.082594 0.174053
0.173239 0.082469 0.174145
0.173437 0.082346 0.174238
0.173615 0.082253 0.174235
0.173829 0.082099 0.174425
0.174006 0.082006 0.174423
0.174219 0.081853 0.174615
0.174412 0.081731 0.174710
0.174605 0.081609 0.174806
0.174814 0.081457 0.175000
0.175005 0.081336 0.175097
0.175195 0.081215 0.175194
0.175401 0.081064 0.175390
0.175555 0.081004 0.175293
0.175743 0.080884 0.175392
0.175930 0.080764 0.175492
0.176100 0.080674 0.175493
0.176269 0.080585 0.175495
0.176454 0.080466 0.175596
0.176622 0.080377 0.175599
0.176775 0.080317 0.175503
0.176943 0.080229 0.175506
0.177110 0.080140 0.175509
0.177277 0.080051 0.175513
0.177444 0.079963 0.175517
0.177610 0.079875 0.175521
0.177776 0.079787 0.175525
0.177941 0.079699 0.175530
0.178106 0.079611 0.175535
0.178270 0.079524 0.175540
0.178435 0.079436 0.175545
0.178598 0.079349 0.175551
0.178762 0.079262 0.175557
0.178924 0.079175 0.175563
0.179087 0.079088 0.175569
0.179249 0.079002 0.175576
0.179399 0.078944 0.175482
0.179548 0.078885 0.175388
0.179698 0.078827 0.175294
0.179859 0.078741 0.175301
0.180008 0.078683 0.175207
0.180168 0.078597 0.175215
0.180318 0.078539 0.175121
0.180477 0.078453 0.175130
0.180626 0.078395 0.175036
0.180786 0.078310 0.175044
0.180944 0.078224 0.175053
0.181093 0.078166 0.174960
0.181251 0.078081 0.174969
0.181399 0.078024 0.174876
0.181557 0.077939 0.174885
0.181705 0.077881 0.174792
0.181862 0.077796 0.174802
0.182010 0.077739 0.174709
0.182158 0.077681 0.174616
0.182306 0.077624 0.174523
0.182454 0.077566 0.174430
0.182602 0.077509 0.174338
0.182749 0.077451 0.174245
0.182897 0.077393 0.174152
0.183045 0.077336 0.174059
0.183193 0.077278 0.173966
0.183341 0.077221 0.173873
0.183489 0.077163 0.173780
0.183643 0.077079 0.173792
0.183791 0.077022 0.173699
0.183945 0.076939 0.173711
0.184098 0.076855 0.173723
0.184251 0.076772 0.173735
0.184398 0.076715 0.173643
0.184550 0.076632 0.173656
0.184697 0.076575 0.173564
0.184849 0.076493 0.173577
0.184995 0.076436 0.173485
0.185142 0.076379 0.173393
0.185289 0.076321 0.173300
0.185435 0.076264 0.173208
0.185582 0.076207 0.173116
0.185729 0.076150 0.173024
0.185875 0.076093 0.172932
0.186022 0.076036 0.172840
0.186169 0.075979 0.172748
0.186315 0.075922 0.172655
0.186462 0.075865 0.172563
0.186607 0.075832 0.172364
0.186753 0.075775 0.172272
0.186899 0.075742 0.172072
0.187046 0.075684 0.171980
0.187193 0.075627 0.171888
0.187339 0.075594 0.171687
0.187486 0.075536 0.171595
0.187633 0.075479 0.171502
0.187781 0.075422 0.171410
0.187928 0.075388 0.171209
0.188075 0.075331 0.171117
0.188223 0.075273 0.171024
0.188370 0.075216 0.170931
0.188518 0.075182 0.170730
0.188666 0.075124 0.170637
0.188813 0.075067 0.170544
0.188961 0.075009 0.170452
0.189109 0.074952 0.170359
0.189258 0.074917 0.170157
0.189406 0.074859 0.170064
0.189554 0.074802 0.169971
0.189702 0.074744 0.169878
0.189850 0.074687 0.169785
0.189998 0.074629 0.169692
0.190146 0.074572 0.169599
0.190294 0.074514 0.169506
0.190445 0.074479 0.169303
0.190593 0.074421 0.169210
0.190744 0.074385 0.169006
0.190896 0.074350 0.168802
0.191045 0.074292 0.168709
0.191198 0.074256 0.168505
0.191346 0.074198 0.168411
0.191500 0.074162 0.168207
0.191653 0.074126 0.168002
0.191802 0.074067 0.167908
0.191957 0.074031 0.167703
0.192111 0.073994 0.167497
0.192261 0.073936 0.167403
0.192416 0.073899 0.167197
0.192572 0.073862 0.166991
0.192728 0.073825 0.166784
0.192885 0.073787 0.166577
0.193042 0.073749 0.166370
0.193199 0.073712 0.166163
0.193357 0.073674 0.165956
0.193515 0.073636 0.165748
0.193674 0.073597 0.165540
0.193833 0.073559 0.165331
0.194000 0.073541 0.165009
0.194160 0.073502 0.164800
0.194321 0.073463 0.164591
0.194481 0.073424 0.164382
0.194643 0.073385 0.164172
0.194813 0.073365 0.163848
0.194994 0.073366 0.163409
0.195194 0.073405 0.162741
0.195349 0.073345 0.162644
0.195523 0.073324 0.162318
0.195698 0.073303 0.161991
0.165114 0.087265 0.170560
0.165343 0.087130 0.170634
0.165518 0.087061 0.170523
0.165746 0.086926 0.170597
0.165973 0.086791 0.170672
0.166225 0.086623 0.170839
0.166476 0.086456 0.171007
0.166726 0.086289 0.171176
0.166975 0.086123 0.171346
0.167222 0.085957 0.171516
0.167443 0.085824 0.171595
0.167664 0.085692 0.171673
0.167883 0.085560 0.171753
0.168102 0.085428 0.171832
0.168296 0.085329 0.171819
0.168513 0.085198 0.171900
0.168706 0.085100 0.171888
0.168898 0.085002 0.171875
0.169113 0.084872 0.171957
0.169304 0.084774 0.171946
0.169541 0.084612 0.172123
0.169754 0.084483 0.172206
0.170011 0.084290 0.172479
0.170266 0.084098 0.172753
0.170497 0.083938 0.172934
0.170750 0.083747 0.173210
0.170978 0.083588 0.173392
0.171206 0.083430 0.173574
0.171411 0.083303 0.173663
0.171594 0.083209 0.173656
0.171798 0.083083 0.173745
0.172001 0.082957 0.173835
0.172183 0.082863 0.173830
0.172384 0.082738 0.173920
0.172565 0.082645 0.173915
0.172745 0.082551 0.173911
0.172944 0.082427 0.174003
0.173124 0.082334 0.173999
0.173322 0.082211 0.174091
0.173519 0.082088 0.174185
0.173715 0.081965 0.174279
0.173911 0.081842 0.174373
0.174105 0.081720 0.174468
0.174281 0.081628 0.174466
0.174438 0.081567 0.174367
0.174702 0.081325 0.174853
0.174893 0.081204 0.174950
0.175084 0.081083 0.175048
0.175291 0.080933 0.175244
0.175445 0.080873 0.175146
0.175633 0.080753 0.175245
0.175821 0.080634 0.175345
0.175991 0.080544 0.175347
0.176161 0.080455 0.175349
0.176330 0.080366 0.175351
0.176499 0.080277 0.175353
0.176667 0.080188 0.175356
0.176820 0.080128 0.175260
0.176988 0.080040 0.175263
0.177156 0.079951 0.175266
0.177323 0.079863 0.175270
0.177490 0.079775 0.175274
0.177656 0.079687 0.175278
0.177822 0.079599 0.175282
0.178001 0.079483 0.175387
0.178166 0.079395 0.175392
0.178330 0.079308 0.175397
0.178494 0.079221 0.175403
0.178658 0.079134 0.175409
0.178834 0.079019 0.175515
0.178984 0.078961 0.175421
0.179146 0.078874 0.175428
0.179308 0.078788 0.175435
0.179458 0.078730 0.175341
0.179607 0.078672 0.175247
0.179769 0.078586 0.175254
0.179918 0.078527 0.175160
0.180067 0.078469 0.175066
0.180228 0.078384 0.175074
0.180377 0.078326 0.174981
0.180536 0.078240 0.174989
0.180696 0.078155 0.174997
0.180845 0.078097 0.174904
0.181003 0.078012 0.174913
0.181152 0.077954 0.174820
0.181310 0.077869 0.174829
0.181458 0.077812 0.174736
0.181616 0.077727 0.174745
0.181764 0.077669 0.174652
0.181912 0.077612 0.174559
0.182068 0.077527 0.174570
0.182216 0.077470 0.174477
0.182364 0.077412 0.174384
0.182512 0.077355 0.174291
0.182660 0.077297 0.174198
0.182808 0.077240 0.174105
0.182956 0.077182 0.174012
0.183104 0.077124 0.173919
0.183252 0.077067 0.173826
0.183400 0.077009 0.173733
0.183554 0.076926 0.173745
0.183702 0.076868 0.173652
0.183856 0.076785 0.173664
0.184003 0.076728 0.173572
0.184156 0.076645 0.173584
0.184304 0.076588 0.173491
0.184451 0.076530 0.173399
0.184603 0.076448 0.173412
0.184750 0.076390 0.173319
0.184897 0.076333 0.173227
0.185049 0.076251 0.173240
0.185196 0.076194 0.173148
0.185343 0.076137 0.173056
0.185490 0.076079 0.172964
0.185637 0.076022 0.172871
0.185783 0.075965 0.172779
0.185930 0.075908 0.172687
0.186077 0.075851 0.172595
0.186224 0.075793 0.172502
0.186371 0.075736 0.172410
0.186516 0.075703 0.172211
0.186663 0.075646 0.172118
0.186808 0.075613 0.171918
0.186955 0.075555 0.171826
0.187102 0.075498 0.171733
0.187250 0.075441 0.171641
0.187396 0.075407 0.171441
0.187543 0.075349 0.171348
0.187691 0.075292 0.171255
0.187838 0.075235 0.171163
0.187986 0.075201 0.170962
0.188133 0.075143 0.170869
0.188281 0.075086 0.170776
0.188429 0.075051 0.170574
0.188577 0.074994 0.170482
0.188725 0.074936 0.170389
0.188873 0.074878 0.170296
0.189021 0.074821 0.170203
0.189169 0.074763 0.170110
0.189317 0.074706 0.170017
0.189465 0.074648 0.169924
0.189613 0.074590 0.169831
0.189760 0.074533 0.169738
0.189911 0.074498 0.169535
0.190059 0.074440 0.169442
0.190207 0.074382 0.169349
0.190355 0.074325 0.169256
0.190506 0.074289 0.169053
0.190655 0.074231 0.168959
0.190807 0.074195 0.168755
0.190959 0.074159 0.168551
0.191108 0.074101 0.168458
0.191261 0.074065 0.168253
0.191410 0.074007 0.168159
0.191563 0.073970 0.167954
0.191717 0.073934 0.167749
0.191872 0.073897 0.167544
0.192021 0.073839 0.167450
0.192176 0.073801 0.167244
0.192332 0.073764 0.167037
0.192487 0.073727 0.166831
0.192644 0.073689 0.166624
0.192800 0.073651 0.166417
0.192957 0.073614 0.166210
0.193115 0.073575 0.166003
0.193273 0.073537 0.165795
0.193431 0.073499 0.165587
0.193590 0.073460 0.165379
0.193749 0.073422 0.165170
0.193908 0.073383 0.164961
0.194068 0.073344 0.164752
0.194229 0.073305 0.164543
0.194389 0.073265 0.164333
0.194550 0.073226 0.164124
0.194721 0.073206 0.163800
0.164981 0.087116 0.170413
0.165183 0.087014 0.170395
0.165386 0.086913 0.170376
0.165614 0.086778 0.170450
0.165815 0.086676 0.170432
0.166042 0.086542 0.170507
0.166320 0.086342 0.170768
0.166571 0.086175 0.170937
0.166820 0.086009 0.171106
0.167068 0.085844 0.171276
0.167315 0.085679 0.171448
0.167536 0.085547 0.171526
0.167756 0.085415 0.171606
0.167975 0.085284 0.171685
0.168193 0.085153 0.171766
0.168387 0.085055 0.171753
0.168580 0.084957 0.171740
0.168796 0.084827 0.171822
0.168988 0.084729 0.171810
0.169203 0.084599 0.171893
0.169417 0.084470 0.171976
0.169653 0.084309 0.172154
0.169888 0.084149 0.172332
0.170121 0.083989 0.172512
0.170376 0.083798 0.172787
0.170607 0.083639 0.172968
0.170858 0.083449 0.173245
0.171065 0.083323 0.173333
0.171292 0.083166 0.173516
0.171497 0.083040 0.173605
0.171680 0.082946 0.173599
0.171883 0.082821 0.173688
0.172065 0.082727 0.173683
0.172267 0.082602 0.173773
0.172448 0.082509 0.173769
0.172648 0.082385 0.173860
0.172828 0.082292 0.173856
0.173027 0.082168 0.173948
0.173226 0.082045 0.174041
0.173404 0.081953 0.174038
0.173601 0.081830 0.174132
0.173797 0.081708 0.174226
0.173992 0.081586 0.174321
0.174168 0.081495 0.174319
0.174343 0.081403 0.174317
0.174572 0.081222 0.174609
0.174782 0.081072 0.174803
0.174973 0.080951 0.174901
0.175163 0.080832 0.174999
0.175318 0.080771 0.174901
0.175523 0.080622 0.175098
0.175711 0.080503 0.175198
0.175882 0.080414 0.175200
0.176052 0.080325 0.175202
0.176221 0.080236 0.175204
0.176391 0.080147 0.175206
0.176544 0.080087 0.175110
0.176713 0.079998 0.175113
0.176881 0.079910 0.175116
0.177034 0.079850 0.175020
0.177201 0.079762 0.175023
0.177369 0.079674 0.175027
0.177535 0.079586 0.175031
0.177702 0.079498 0.175035
0.177868 0.079411 0.175039
0.178047 0.079295 0.175144
0.178212 0.079208 0.175149
0.178377 0.079121 0.175155
0.178554 0.079006 0.175261
0.178718 0.078919 0.175267
0.178881 0.078833 0.175273
0.179043 0.078746 0.175280
0.179206 0.078660 0.175286
0.179368 0.078574 0.175293
0.179517 0.078516 0.175199
0.179667 0.078458 0.175105
0.179816 0.078399 0.175012
0.179977 0.078314 0.175019
0.180138 0.078228 0.175027
0.180287 0.078170 0.174933
0.180447 0.078085 0.174942
0.180606 0.078000 0.174950
0.180755 0.077942 0.174857
0.180914 0.077857 0.174866
0.181062 0.077800 0.174773
0.181220 0.077715 0.174782
0.181369 0.077657 0.174689
0.181526 0.077573 0.174699
0.181674 0.077515 0.174606
0.181822 0.077458 0.174513
0.181971 0.077400 0.174419
0.182119 0.077342 0.174326
0.182267 0.077285 0.174233
0.182415 0.077227 0.174140
0.182563 0.077169 0.174047
0.182711 0.077112 0.173954
0.182859 0.077054 0.173861
0.183007 0.076996 0.173768
0.183156 0.076939 0.173675
0.183311 0.076855 0.173687
0.183458 0.076798 0.173594
0.183606 0.076740 0.173501
0.183754 0.076683 0.173408
0.183908 0.076600 0.173420
0.184056 0.076542 0.173327
0.184209 0.076459 0.173340
0.184357 0.076402 0.173247
0.184504 0.076345 0.173154
0.184657 0.076262 0.173167
0.184804 0.076205 0.173075
0.184951 0.076148 0.172982
0.185103 0.076066 0.172996
0.185250 0.076008 0.172903
0.185397 0.075951 0.172811
0.185544 0.075894 0.172718
0.185691 0.075837 0.172626
0.185838 0.075779 0.172534
0.185986 0.075722 0.172441
0.186133 0.075665 0.172349
0.186277 0.075631 0.172149
0.186424 0.075574 0.172057
0.186572 0.075517 0.171964
0.186717 0.075483 0.171765
0.186864 0.075426 0.171672
0.187012 0.075368 0.171579
0.187158 0.075334 0.171379
0.187306 0.075277 0.171286
0.187453 0.075219 0.171193
0.187601 0.075162 0.171100
0.187749 0.075104 0.171008
0.187896 0.075070 0.170806
0.188044 0.075012 0.170713
0.188192 0.074955 0.170621
0.188340 0.074897 0.170528
0.188488 0.074840 0.170435
0.188636 0.074782 0.170342
0.188784 0.074724 0.170249
0.188932 0.074667 0.170156
0.189080 0.074609 0.170063
0.189227 0.074552 0.169970
0.189377 0.074516 0.169768
0.189525 0.074459 0.169675
0.189673 0.074401 0.169581
0.189821 0.074343 0.169488
0.189969 0.074286 0.169395
0.190120 0.074250 0.169192
0.190269 0.074192 0.169099
0.190420 0.074156 0.168895
0.190569 0.074099 0.168802
0.190721 0.074062 0.168597
0.190869 0.074004 0.168504
0.191022 0.073968 0.168299
0.191171 0.073910 0.168206
0.191324 0.073873 0.168001
0.191478 0.073836 0.167796
0.191627 0.073778 0.167702
0.191781 0.073741 0.167496
0.191936 0.073704 0.167290
0.192091 0.073667 0.167084
0.192247 0.073629 0.166878
0.192403 0.073591 0.166671
0.192559 0.073553 0.166464
0.192716 0.073515 0.166257
0.192873 0.073477 0.166050
0.193030 0.073439 0.165842
0.193188 0.073400 0.165634
0.193347 0.073362 0.165426
0.193505 0.073323 0.165218
0.193665 0.073284 0.165009
0.193824 0.073245 0.164800
0.193984 0.073205 0.164591
0.194137 0.073146 0.164495
0.194297 0.073106 0.164285
0.164847 0.086967 0.170266
0.165050 0.086865 0.170247
0.165253 0.086763 0.170229
0.165482 0.086629 0.170303
0.165683 0.086528 0.170285
0.165911 0.086394 0.170360
0.166163 0.086227 0.170528
0.166415 0.086061 0.170697
0.166665 0.085896 0.170866
0.166914 0.085731 0.171036
0.167161 0.085566 0.171207
0.167408 0.085402 0.171379
0.167653 0.085238 0.171552
0.167872 0.085107 0.171632
0.168091 0.084977 0.171712
0.168285 0.084879 0.171699
0.168502 0.084749 0.171781
0.168694 0.084651 0.171769
0.168886 0.084554 0.171757
0.169102 0.084424 0.171839
0.169316 0.084296 0.171923
0.169529 0.084167 0.172006
0.169787 0.083976 0.172280
0.170021 0.083817 0.172459
0.170254 0.083658 0.172640
0.170485 0.083500 0.172821
0.170716 0.083342 0.173003
0.170945 0.083185 0.173186
0.171172 0.083028 0.173369
0.171356 0.082933 0.173363
0.171561 0.082808 0.173452
0.171765 0.082684 0.173542
0.171968 0.082559 0.173632
0.172149 0.082466 0.173627
0.172351 0.082342 0.173718
0.172532 0.082249 0.173713
0.172732 0.082125 0.173805
0.172911 0.082033 0.173801
0.173110 0.081910 0.173894
0.173308 0.081787 0.173988
0.173505 0.081665 0.174082
0.173682 0.081574 0.174079
0.173878 0.081452 0.174174
0.174054 0.081361 0.174172
0.174249 0.081240 0.174268
0.174460 0.081089 0.174462
0.174652 0.080969 0.174559
0.174861 0.080819 0.174754
0.175052 0.080700 0.174852
0.175207 0.080639 0.174754
0.175396 0.080520 0.174853
0.175585 0.080401 0.174953
0.175756 0.080312 0.174954
0.175943 0.080194 0.175054
0.176097 0.080134 0.174958
0.176266 0.080045 0.174960
0.176436 0.079956 0.174962
0.176605 0.079868 0.174965
0.176758 0.079808 0.174869
0.176926 0.079720 0.174872
0.177094 0.079632 0.174875
0.177247 0.079572 0.174779
0.177415 0.079485 0.174783
0.177581 0.079397 0.174787
0.177748 0.079309 0.174791
0.177956 0.079138 0.175096
0.178121 0.079051 0.175101
0.178286 0.078964 0.175107
0.178463 0.078849 0.175213
0.178627 0.078763 0.175219
0.178790 0.078676 0.175226
0.178953 0.078590 0.175232
0.179115 0.078504 0.175239
0.179277 0.078419 0.175246
0.179427 0.078360 0.175152
0.179576 0.078302 0.175058
0.179726 0.078244 0.174964
0.179887 0.078159 0.174972
0.180036 0.078100 0.174878
0.180197 0.078015 0.174886
0.180357 0.077930 0.174895
0.180506 0.077872 0.174801
0.180665 0.077787 0.174810
0.180814 0.077730 0.174717
0.180972 0.077645 0.174726
0.181121 0.077587 0.174632
0.181279 0.077503 0.174642
0.181427 0.077445 0.174549
0.181576 0.077387 0.174456
0.181724 0.077330 0.174362
0.181881 0.077246 0.174373
0.182029 0.077188 0.174280
0.182177 0.077131 0.174187
0.182326 0.077073 0.174094
0.182474 0.077015 0.174000
0.182622 0.076958 0.173907
0.182762 0.076925 0.173710
0.182911 0.076868 0.173617
0.183059 0.076810 0.173524
0.183214 0.076727 0.173535
0.183362 0.076669 0.173442
0.183511 0.076611 0.173349
0.183659 0.076554 0.173256
0.183813 0.076471 0.173268
0.183961 0.076413 0.173175
0.184109 0.076356 0.173082
0.184262 0.076273 0.173095
0.184410 0.076216 0.173002
0.184563 0.076134 0.173015
0.184710 0.076076 0.172922
0.184858 0.076019 0.172830
0.185010 0.075937 0.172843
0.185157 0.075880 0.172751
0.185304 0.075822 0.172658
0.185452 0.075765 0.172566
0.185599 0.075708 0.172473
0.185746 0.075650 0.172381
0.185894 0.075593 0.172288
0.186041 0.075536 0.172195
0.186188 0.075478 0.172103
0.186333 0.075445 0.171903
0.186480 0.075387 0.171811
0.186626 0.075353 0.171610
0.186773 0.075296 0.171518
0.186921 0.075238 0.171425
0.187069 0.075181 0.171332
0.187215 0.075147 0.171131
0.187363 0.075089 0.171038
0.187511 0.075031 0.170945
0.187659 0.074974 0.170853
0.187807 0.074916 0.170760
0.187955 0.074859 0.170667
0.188103 0.074801 0.170574
0.188251 0.074743 0.170481
0.188399 0.074708 0.170279
0.188547 0.074651 0.170186
0.188695 0.074593 0.170093
0.188843 0.074535 0.170000
0.188991 0.074478 0.169907
0.189139 0.074420 0.169814
0.189288 0.074362 0.169721
0.189437 0.074327 0.169518
0.189586 0.074269 0.169425
0.189734 0.074211 0.169331
0.189882 0.074154 0.169238
0.190031 0.074096 0.169145
0.190182 0.074060 0.168941
0.190330 0.074002 0.168848
0.190482 0.073966 0.168644
0.190631 0.073908 0.168550
0.190783 0.073871 0.168346
0.190932 0.073813 0.168252
0.191085 0.073776 0.168047
0.191234 0.073718 0.167954
0.191388 0.073681 0.167749
0.191542 0.073644 0.167543
0.191696 0.073607 0.167337
0.191851 0.073569 0.167131
0.192006 0.073531 0.166925
0.192161 0.073493 0.166718
0.192317 0.073455 0.166511
0.192474 0.073417 0.166304
0.192631 0.073379 0.166097
0.192788 0.073340 0.165889
0.192952 0.073322 0.165569
0.193110 0.073283 0.165360
0.193262 0.073224 0.165265
0.193421 0.073185 0.165056
0.193573 0.073126 0.164961
0.193732 0.073086 0.164752
0.193892 0.073047 0.164542
0.194045 0.072987 0.164447
0.194205 0.072948 0.164237
0.164944 0.086682 0.170192
0.165147 0.086581 0.170173
0.165349 0.086479 0.170155
0.165551 0.086378 0.170137
0.165779 0.086245 0.170212
0.166032 0.086079 0.170380
0.166284 0.085913 0.170549
0.166561 0.085716 0.170811
0.166784 0.085584 0.170889
0.167058 0.085388 0.171153
0.167305 0.085224 0.171325
0.167550 0.085061 0.171498
0.167770 0.084931 0.171578
0.168013 0.084769 0.171752
0.168207 0.084671 0.171740
0.168400 0.084573 0.171727
0.168593 0.084476 0.171715
0.168785 0.084378 0.171704
0.169000 0.084250 0.171786
0.169215 0.084121 0.171870
0.169428 0.083993 0.171953
0.169664 0.083834 0.172132
0.169899 0.083675 0.172312
0.170132 0.083517 0.172493
0.170364 0.083360 0.172674
0.170595 0.083202 0.172856
0.170824 0.083046 0.173039
0.171031 0.082920 0.173127
0.171237 0.082795 0.173216
0.171442 0.082670 0.173305
0.171646 0.082546 0.173395
0.171829 0.082452 0.173389
0.172032 0.082329 0.173480
0.172234 0.082205 0.173571
0.172435 0.082082 0.173662
0.172615 0.081989 0.173658
0.172815 0.081866 0.173751
0.173014 0.081744 0.173844
0.173193 0.081652 0.173840
0.173390 0.081530 0.173934
0.173568 0.081439 0.173932
0.173764 0.081317 0.174027
0.173959 0.081196 0.174122
0.174154 0.081076 0.174218
0.174347 0.080956 0.174314
0.174540 0.080836 0.174411
0.174750 0.080687 0.174607
0.174940 0.080567 0.174705
0.175096 0.080507 0.174607
0.175269 0.080417 0.174608
0.175458 0.080299 0.174707
0.175646 0.080181 0.174807
0.175850 0.080034 0.175006
0.176004 0.079974 0.174909
0.176174 0.079885 0.174911
0.176343 0.079797 0.174914
0.176512 0.079709 0.174917
0.176666 0.079649 0.174820
0.176834 0.079561 0.174824
0.177002 0.079473 0.174827
0.177155 0.079413 0.174731
0.177322 0.079326 0.174735
0.177490 0.079238 0.174739
0.177656 0.079151 0.174743
0.177836 0.079036 0.174848
0.178002 0.078949 0.174853
0.178167 0.078862 0.174858
0.178345 0.078748 0.174964
0.178510 0.078661 0.174970
0.178673 0.078575 0.174976
0.178850 0.078462 0.175084
0.179012 0.078376 0.175091
0.179162 0.078318 0.174996
0.179324 0.078232 0.175003
0.179486 0.078147 0.175011
0.179636 0.078088 0.174917
0.179797 0.078003 0.174925
0.179946 0.077945 0.174831
0.180107 0.077860 0.174839
0.180256 0.077802 0.174746
0.180416 0.077717 0.174754
0.180565 0.077659 0.174661
0.180724 0.077575 0.174670
0.180873 0.077517 0.174576
0.181031 0.077433 0.174585
0.181180 0.077375 0.174492
0.181328 0.077317 0.174399
0.181477 0.077259 0.174306
0.181635 0.077175 0.174316
0.181783 0.077118 0.174222
0.181931 0.077060 0.174129
0.182080 0.077002 0.174036
0.182228 0.076944 0.173943
0.182376 0.076887 0.173850
0.182525 0.076829 0.173757
0.182665 0.076797 0.173559
0.182814 0.076739 0.173466
0.182970 0.076656 0.173477
0.183118 0.076598 0.173384
0.183266 0.076540 0.173291
0.183415 0.076482 0.173198
0.183563 0.076425 0.173104
0.183717 0.076342 0.173116
0.183866 0.076284 0.173023
0.184020 0.076202 0.173036
0.184167 0.076144 0.172943
0.184315 0.076087 0.172850
0.184468 0.076005 0.172863
0.184616 0.075947 0.172770
0.184764 0.075890 0.172677
0.184916 0.075808 0.172690
0.185064 0.075751 0.172598
0.185211 0.075693 0.172505
0.185359 0.075636 0.172412
0.185506 0.075578 0.172320
0.185654 0.075521 0.172227
0.185801 0.075463 0.172135
0.185949 0.075406 0.172042
0.186096 0.075349 0.171949
0.186241 0.075315 0.171749
0.186389 0.075257 0.171656
0.186537 0.075200 0.171564
0.186682 0.075165 0.171363
0.186830 0.075108 0.171270
0.186978 0.075050 0.171177
0.187126 0.074993 0.171085
0.187274 0.074935 0.170992
0.187421 0.074900 0.170790
0.187569 0.074843 0.170697
0.187717 0.074785 0.170604
0.187865 0.074727 0.170511
0.188013 0.074670 0.170418
0.188161 0.074612 0.170325
0.188309 0.074554 0.170232
0.188458 0.074497 0.170139
0.188606 0.074461 0.169937
0.188755 0.074403 0.169844
0.188903 0.074346 0.169750
0.189051 0.074288 0.169657
0.189200 0.074230 0.169564
0.189348 0.074172 0.169471
0.189496 0.074115 0.169378
0.189647 0.074079 0.169174
0.189795 0.074021 0.169081
0.189944 0.073963 0.168988
0.190095 0.073927 0.168784
0.190244 0.073869 0.168690
0.190392 0.073811 0.168597
0.190544 0.073774 0.168392
0.190693 0.073716 0.168299
0.190846 0.073679 0.168094
0.190995 0.073621 0.168000
0.191148 0.073584 0.167795
0.191302 0.073547 0.167590
0.191456 0.073509 0.167384
0.191610 0.073471 0.167178
0.191765 0.073434 0.166972
0.191920 0.073396 0.166765
0.192076 0.073357 0.166558
0.192237 0.073339 0.166239
0.192394 0.073301 0.166031
0.192551 0.073262 0.165824
0.192709 0.073223 0.165616
0.192867 0.073184 0.165408
0.193025 0.073145 0.165199
0.193177 0.073086 0.165104
0.193336 0.073046 0.164895
0.193495 0.073007 0.164686
0.193648 0.072948 0.164590
0.193808 0.072908 0.164380
0.193960 0.072848 0.164285
0.164811 0.086532 0.170044
0.165014 0.086431 0.170025
0.165244 0.086297 0.170100
0.165446 0.086196 0.170082
0.165674 0.086063 0.170157
0.165901 0.085930 0.170232
0.166179 0.085733 0.170494
0.166431 0.085568 0.170664
0.166680 0.085405 0.170834
0.166929 0.085241 0.171006
0.167202 0.085046 0.171271
0.167447 0.084884 0.171444
0.167692 0.084722 0.171618
0.167911 0.084593 0.171699
0.168105 0.084495 0.171686
0.168298 0.084398 0.171674
0.168491 0.084300 0.171662
0.168683 0.084203 0.171650
0.168899 0.084075 0.171733
0.169114 0.083947 0.171817
0.169327 0.083819 0.171901
0.169541 0.083692 0.171985
0.169776 0.083534 0.172165
0.170009 0.083376 0.172345
0.170242 0.083219 0.172527
0.170473 0.083062 0.172709
0.170704 0.082906 0.172892
0.170911 0.082781 0.172980
0.171117 0.082657 0.173069
0.171323 0.082532 0.173158
0.171506 0.082438 0.173152
0.171731 0.082284 0.173338
0.171914 0.082191 0.173332
0.172116 0.082068 0.173424
0.172318 0.081945 0.173515
0.172498 0.081852 0.173511
0.172699 0.081730 0.173603
0.172898 0.081608 0.173697
0.173097 0.081486 0.173790
0.173294 0.081365 0.173884
0.173472 0.081274 0.173882
0.173668 0.081153 0.173977
0.173864 0.081032 0.174072
0.174059 0.080912 0.174168
0.174252 0.080792 0.174265
0.174445 0.080673 0.174362
0.174655 0.080524 0.174557
0.174847 0.080406 0.174656
0.175002 0.080345 0.174558
0.175175 0.080256 0.174559
0.175364 0.080138 0.174658
0.175553 0.080020 0.174758
0.175724 0.079931 0.174760
0.175894 0.079842 0.174762
0.176065 0.079754 0.174764
0.176219 0.079694 0.174667
0.176388 0.079606 0.174670
0.176557 0.079518 0.174673
0.176711 0.079458 0.174576
0.176880 0.079370 0.174579
0.177048 0.079282 0.174583
0.177201 0.079223 0.174487
0.177368 0.079135 0.174491
0.177536 0.079048 0.174495
0.177717 0.078933 0.174599
0.177883 0.078846 0.174604
0.178048 0.078760 0.174609
0.178227 0.078646 0.174715
0.178392 0.078559 0.174721
0.178556 0.078473 0.174727
0.178733 0.078360 0.174834
0.178896 0.078274 0.174841
0.179059 0.078189 0.174848
0.179222 0.078103 0.174855
0.179384 0.078018 0.174862
0.179545 0.077933 0.174870
0.179695 0.077875 0.174776
0.179856 0.077790 0.174784
0.180005 0.077732 0.174690
0.180166 0.077647 0.174698
0.180326 0.077562 0.174707
0.180475 0.077504 0.174613
0.180634 0.077420 0.174622
0.180783 0.077362 0.174529
0.180932 0.077304 0.174436
0.181080 0.077246 0.174342
0.181239 0.077163 0.174352
0.181387 0.077105 0.174259
0.181536 0.077047 0.174165
0.181684 0.076989 0.174072
0.181833 0.076931 0.173979
0.181981 0.076873 0.173885
0.182130 0.076816 0.173792
0.182279 0.076758 0.173699
0.182427 0.076700 0.173606
0.182576 0.076642 0.173512
0.182724 0.076584 0.173419
0.182873 0.076526 0.173326
0.183021 0.076469 0.173232
0.183170 0.076411 0.173139
0.183318 0.076353 0.173046
0.183473 0.076270 0.173057
0.183622 0.076213 0.172964
0.183770 0.076155 0.172871
0.183924 0.076073 0.172883
0.184072 0.076015 0.172790
0.184221 0.075957 0.172697
0.184374 0.075875 0.172710
0.184522 0.075818 0.172617
0.184670 0.075760 0.172524
0.184822 0.075679 0.172538
0.184970 0.075621 0.172445
0.185118 0.075564 0.172352
0.185266 0.075506 0.172259
0.185413 0.075449 0.172166
0.185561 0.075391 0.172074
0.185709 0.075334 0.171981
0.185857 0.075276 0.171888
0.186004 0.075219 0.171795
0.186149 0.075184 0.171595
0.186297 0.075127 0.171502
0.186445 0.075069 0.171409
0.186593 0.075012 0.171316
0.186739 0.074977 0.171116
0.186887 0.074919 0.171023
0.187035 0.074862 0.170930
0.187183 0.074804 0.170837
0.187331 0.074746 0.170744
0.187479 0.074689 0.170650
0.187628 0.074631 0.170557
0.187775 0.074596 0.170356
0.187923 0.074538 0.170262
0.188072 0.074480 0.170169
0.188220 0.074422 0.170076
0.188368 0.074365 0.169983
0.188517 0.074307 0.169890
0.188665 0.074249 0.169797
0.188814 0.074213 0.169594
0.188963 0.074155 0.169500
0.189111 0.074098 0.169407
0.189261 0.074061 0.169204
0.189410 0.074004 0.169110
0.189559 0.073946 0.169017
0.189708 0.073888 0.168924
0.189856 0.073830 0.168830
0.190005 0.073772 0.168737
0.190156 0.073735 0.168532
0.190305 0.073677 0.168439
0.190454 0.073619 0.168345
0.190607 0.073582 0.168141
0.190756 0.073524 0.168047
0.190909 0.073487 0.167842
0.191062 0.073449 0.167636
0.191211 0.073391 0.167542
0.191365 0.073353 0.167337
0.191524 0.073336 0.167018
0.191679 0.073298 0.166812
0.191834 0.073259 0.166605
0.191995 0.073241 0.166286
0.192152 0.073202 0.166079
0.192308 0.073164 0.165871
0.192466 0.073125 0.165663
0.192623 0.073085 0.165455
0.192781 0.073046 0.165247
0.192933 0.072987 0.165151
0.193098 0.072967 0.164829
0.193251 0.072908 0.164733
0.193403 0.072848 0.164638
0.193563 0.072808 0.164428
0.193723 0.072768 0.164218
0.193876 0.072709 0.164122
0.194036 0.072668 0.163912
0.194190 0.072609 0.163816
0.164908 0.086248 0.169970
0.165111 0.086147 0.169952
0.165313 0.086046 0.169934
0.165542 0.085913 0.170009
0.165796 0.085749 0.170177
0.166049 0.085584 0.170346
0.166300 0.085421 0.170516
0.166576 0.085225 0.170780
0.166825 0.085063 0.170951
0.166997 0.084996 0.170844
0.167590 0.084546 0.171564
0.167809 0.084417 0.171645
0.168003 0.084319 0.171633
0.168196 0.084222 0.171621
0.168389 0.084125 0.171609
0.168582 0.084028 0.171597
0.168797 0.083900 0.171680
0.169012 0.083773 0.171764
0.169227 0.083645 0.171848
0.169440 0.083518 0.171932
0.169675 0.083361 0.172112
0.169887 0.083235 0.172198
0.170120 0.083078 0.172379
0.170352 0.082922 0.172562
0.170583 0.082766 0.172745
0.170812 0.082611 0.172928
0.171019 0.082487 0.173017
0.171225 0.082363 0.173107
0.171408 0.082270 0.173100
0.171634 0.082116 0.173287
0.171816 0.082023 0.173281
0.172019 0.081900 0.173373
0.172221 0.081778 0.173465
0.172402 0.081686 0.173460
0.172602 0.081564 0.173553
0.172802 0.081442 0.173646
0.173000 0.081321 0.173740
0.173198 0.081200 0.173834
0.173376 0.081109 0.173832
0.173573 0.080988 0.173927
0.173750 0.080897 0.173925
0.173945 0.080778 0.174021
0.174139 0.080658 0.174117
0.174333 0.080539 0.174215
0.174525 0.080420 0.174312
0.174717 0.080302 0.174410
0.174873 0.080241 0.174312
0.175064 0.080123 0.174411
0.175236 0.080034 0.174412
0.175426 0.079916 0.174512
0.175597 0.079827 0.174513
0.175785 0.079710 0.174614
0.175939 0.079650 0.174517
0.176110 0.079562 0.174519
0.176280 0.079474 0.174522
0.176433 0.079414 0.174425
0.176603 0.079326 0.174428
0.176757 0.079266 0.174332
0.176925 0.079179 0.174335
0.177094 0.079091 0.174338
0.177247 0.079032 0.174242
0.177415 0.078944 0.174246
0.177582 0.078857 0.174250
0.177763 0.078743 0.174355
0.177915 0.078684 0.174260
0.178095 0.078570 0.174365
0.178274 0.078456 0.174471
0.178439 0.078370 0.174477
0.178603 0.078284 0.174483
0.178780 0.078172 0.174591
0.178956 0.078059 0.174699
0.179106 0.078001 0.174604
0.179281 0.077889 0.174713
0.179443 0.077804 0.174721
0.179605 0.077719 0.174728
0.179754 0.077661 0.174635
0.179915 0.077576 0.174643
0.180076 0.077492 0.174651
0.180225 0.077434 0.174558
0.180385 0.077349 0.174566
0.180534 0.077291 0.174473
0.180683 0.077233 0.174379
0.180842 0.077150 0.174389
0.180991 0.077092 0.174295
0.181139 0.077034 0.174202
0.181288 0.076976 0.174108
0.181437 0.076918 0.174015
0.181586 0.076860 0.173921
0.181734 0.076802 0.173828
0.181883 0.076744 0.173735
0.182032 0.076686 0.173641
0.182181 0.076628 0.173548
0.182329 0.076571 0.173454
0.182478 0.076513 0.173361
0.182627 0.076455 0.173268
0.182776 0.076397 0.173174
0.182924 0.076339 0.173081
0.183073 0.076281 0.172987
0.183229 0.076198 0.172999
0.183377 0.076141 0.172906
0.183526 0.076083 0.172812
0.183681 0.076001 0.172824
0.183829 0.075943 0.172731
0.183977 0.075885 0.172638
0.184131 0.075803 0.172651
0.184279 0.075746 0.172557
0.184433 0.075664 0.172570
0.184581 0.075606 0.172478
0.184729 0.075549 0.172385
0.184876 0.075491 0.172292
0.185024 0.075434 0.172199
0.185172 0.075376 0.172106
0.185320 0.075318 0.172013
0.185468 0.075261 0.171920
0.185616 0.075203 0.171827
0.185764 0.075146 0.171734
0.185912 0.075088 0.171641
0.186060 0.075030 0.171548
0.186205 0.074996 0.171348
0.186353 0.074938 0.171255
0.186501 0.074881 0.171162
0.186647 0.074846 0.170961
0.186796 0.074788 0.170868
0.186944 0.074730 0.170775
0.187092 0.074672 0.170681
0.187241 0.074615 0.170588
0.187389 0.074557 0.170495
0.187536 0.074521 0.170293
0.187685 0.074464 0.170200
0.187833 0.074406 0.170107
0.187982 0.074348 0.170013
0.188130 0.074290 0.169920
0.188279 0.074254 0.169717
0.188428 0.074196 0.169624
0.188577 0.074138 0.169531
0.188725 0.074080 0.169437
0.188874 0.074023 0.169344
0.189023 0.073965 0.169250
0.189173 0.073928 0.169047
0.189322 0.073870 0.168953
0.189471 0.073812 0.168860
0.189620 0.073754 0.168766
0.189769 0.073696 0.168672
0.189918 0.073638 0.168579
0.190067 0.073580 0.168485
0.190218 0.073543 0.168281
0.190367 0.073485 0.168187
0.190517 0.073427 0.168093
0.190669 0.073389 0.167888
0.190822 0.073352 0.167683
0.190972 0.073294 0.167589
0.191125 0.073256 0.167383
0.191279 0.073218 0.167177
0.191438 0.073200 0.166859
0.191593 0.073161 0.166652
0.191748 0.073123 0.166445
0.191909 0.073104 0.166126
0.192066 0.073065 0.165918
0.192223 0.073026 0.165710
0.192380 0.072987 0.165502
0.192537 0.072947 0.165294
0.192695 0.072908 0.165085
0.192848 0.072848 0.164990
0.193013 0.072828 0.164667
0.193166 0.072768 0.164572
0.193318 0.072709 0.164476
0.193478 0.072669 0.164266
0.193944 0.072509 0.163864
0.194097 0.072450 0.163768
0.160430 0.089695 0.162920
0.160625 0.089620 0.162798
0.164978 0.085996 0.169804
0.165180 0.085896 0.169786
0.165409 0.085763 0.169861
0.165664 0.085599 0.170029
0.165917 0.085435 0.170199
0.166196 0.085240 0.170461
0.166472 0.085046 0.170725
0.166645 0.084979 0.170617
0.167682 0.084272 0.171498
0.167901 0.084143 0.171579
0.168094 0.084046 0.171567
0.168287 0.083950 0.171555
0.168480 0.083853 0.171544
0.168696 0.083725 0.171627
0.168911 0.083598 0.171711
0.169126 0.083471 0.171795
0.169339 0.083345 0.171880
0.169575 0.083188 0.172060
0.169787 0.083062 0.172146
0.170020 0.082906 0.172327
0.170253 0.082751 0.172510
0.170484 0.082596 0.172693
0.170692 0.082472 0.172781
0.170899 0.082348 0.172870
0.171083 0.082254 0.172863
0.171289 0.082131 0.172953
0.171494 0.082008 0.173043
0.171698 0.081885 0.173134
0.171901 0.081763 0.173225
0.172103 0.081640 0.173317
0.172305 0.081519 0.173409
0.172505 0.081397 0.173502
0.172685 0.081305 0.173499
0.172885 0.081185 0.173592
0.173083 0.081064 0.173687
0.173261 0.080973 0.173684
0.173458 0.080853 0.173779
0.173636 0.080762 0.173777
0.173813 0.080672 0.173776
0.174026 0.080524 0.173970
0.174202 0.080434 0.173969
0.174395 0.080315 0.174067
0.174587 0.080197 0.174164
0.174744 0.080136 0.174066
0.174935 0.080018 0.174165
0.175125 0.079901 0.174264
0.175298 0.079812 0.174265
0.175487 0.079695 0.174366
0.175659 0.079606 0.174367
0.175830 0.079518 0.174369
0.176000 0.079430 0.174371
0.176155 0.079370 0.174274
0.176325 0.079282 0.174277
0.176479 0.079222 0.174180
0.176648 0.079134 0.174183
0.176802 0.079074 0.174087
0.176971 0.078987 0.174090
0.177140 0.078900 0.174094
0.177293 0.078840 0.173997
0.177461 0.078753 0.174001
0.177628 0.078666 0.174006
0.177809 0.078552 0.174111
0.177976 0.078466 0.174116
0.178142 0.078380 0.174121
0.178321 0.078267 0.174227
0.178486 0.078181 0.174233
0.178663 0.078068 0.174340
0.178827 0.077983 0.174347
0.179003 0.077871 0.174455
0.179166 0.077786 0.174462
0.179341 0.077674 0.174572
0.179503 0.077590 0.174579
0.179664 0.077505 0.174587
0.179825 0.077421 0.174596
0.179975 0.077363 0.174502
0.180135 0.077279 0.174510
0.180284 0.077220 0.174417
0.180444 0.077137 0.174426
0.180593 0.077079 0.174332
0.180742 0.077021 0.174239
0.180901 0.076937 0.174248
0.181050 0.076879 0.174155
0.181198 0.076821 0.174061
0.181347 0.076763 0.173968
0.181496 0.076705 0.173874
0.181645 0.076647 0.173781
0.181793 0.076590 0.173688
0.181942 0.076532 0.173594
0.182091 0.076474 0.173501
0.182240 0.076416 0.173407
0.182388 0.076358 0.173314
0.182537 0.076300 0.173221
0.182686 0.076242 0.173127
0.182835 0.076184 0.173034
0.182983 0.076126 0.172940
0.183132 0.076068 0.172847
0.183281 0.076010 0.172753
0.183436 0.075928 0.172765
0.183585 0.075870 0.172672
0.183739 0.075789 0.172684
0.183888 0.075731 0.172591
0.184042 0.075649 0.172604
0.184190 0.075591 0.172511
0.184338 0.075534 0.172418
0.184491 0.075452 0.172431
0.184639 0.075395 0.172338
0.184787 0.075337 0.172245
0.184935 0.075280 0.172152
0.185083 0.075222 0.172059
0.185231 0.075165 0.171966
0.185379 0.075107 0.171873
0.185527 0.075049 0.171780
0.185675 0.074992 0.171688
0.185819 0.074957 0.171487
0.185967 0.074899 0.171394
0.186116 0.074842 0.171301
0.186261 0.074807 0.171100
0.186409 0.074749 0.171007
0.186558 0.074691 0.170914
0.186704 0.074656 0.170713
0.186852 0.074598 0.170619
0.187001 0.074540 0.170526
0.187150 0.074483 0.170433
0.187297 0.074447 0.170231
0.187446 0.074389 0.170137
0.187594 0.074331 0.170044
0.187743 0.074273 0.169951
0.187892 0.074215 0.169857
0.188040 0.074179 0.169654
0.188189 0.074121 0.169561
0.188338 0.074063 0.169467
0.188487 0.074005 0.169374
0.188636 0.073947 0.169280
0.188786 0.073911 0.169077
0.188935 0.073852 0.168983
0.189084 0.073794 0.168889
0.189233 0.073736 0.168796
0.189382 0.073678 0.168702
0.189532 0.073620 0.168608
0.189681 0.073562 0.168515
0.189830 0.073504 0.168421
0.189979 0.073446 0.168327
0.190128 0.073388 0.168234
0.190277 0.073330 0.168140
0.190430 0.073292 0.167935
0.190579 0.073234 0.167841
0.190732 0.073196 0.167636
0.190885 0.073158 0.167430
0.191039 0.073120 0.167224
0.191193 0.073082 0.167018
0.191351 0.073063 0.166699
0.191507 0.073025 0.166492
0.191667 0.073006 0.166173
0.191823 0.072967 0.165965
0.191979 0.072927 0.165758
0.192136 0.072888 0.165550
0.192294 0.072848 0.165341
0.192451 0.072809 0.165133
0.192610 0.072769 0.164924
0.192762 0.072709 0.164828
0.192921 0.072669 0.164619
0.193080 0.072629 0.164410
0.193233 0.072569 0.164314
0.193393 0.072529 0.164104
0.193713 0.072447 0.163684
0.193867 0.072387 0.163587
0.194020 0.072328 0.163491
0.160507 0.089418 0.162737
0.165074 0.085713 0.169731
0.165304 0.085581 0.169806
0.165559 0.085418 0.169974
0.165812 0.085255 0.170144
0.166091 0.085060 0.170407
0.166368 0.084867 0.170671
0.166541 0.084800 0.170563
0.166918 0.084482 0.171203
0.167165 0.084321 0.171376
0.167385 0.084193 0.171457
0.167580 0.084096 0.171444
0.167799 0.083968 0.171526
0.167992 0.083871 0.171514
0.168185 0.083774 0.171502
0.168378 0.083678 0.171491
0.168595 0.083551 0.171574
0.168786 0.083455 0.171563
0.169001 0.083328 0.171647
0.169215 0.083202 0.171732
0.169452 0.083046 0.171912
0.169687 0.082890 0.172093
0.169898 0.082765 0.172180
0.170131 0.082610 0.172362
0.170340 0.082486 0.172450
0.170549 0.082362 0.172538
0.170756 0.082238 0.172627
0.170963 0.082115 0.172716
0.171169 0.081992 0.172806
0.171353 0.081899 0.172800
0.171558 0.081776 0.172890
0.171783 0.081624 0.173078
0.171986 0.081503 0.173170
0.172187 0.081381 0.173262
0.172389 0.081260 0.173355
0.172589 0.081139 0.173448
0.172788 0.081019 0.173542
0.172987 0.080899 0.173636
0.173166 0.080808 0.173634
0.173344 0.080717 0.173632
0.173540 0.080598 0.173727
0.173717 0.080507 0.173726
0.173894 0.080417 0.173724
0.174088 0.080299 0.173821
0.174282 0.080180 0.173919
0.174457 0.080091 0.173919
0.174614 0.080030 0.173820
0.174806 0.079912 0.173919
0.174997 0.079795 0.174018
0.175187 0.079678 0.174117
0.175360 0.079590 0.174119
0.175532 0.079501 0.174120
0.175703 0.079413 0.174122
0.175875 0.079325 0.174124
0.176045 0.079237 0.174126
0.176216 0.079149 0.174129
0.176370 0.079089 0.174032
0.176540 0.079002 0.174035
0.176694 0.078942 0.173938
0.176863 0.078854 0.173941
0.177017 0.078795 0.173845
0.177186 0.078707 0.173848
0.177354 0.078621 0.173852
0.177522 0.078534 0.173857
0.177675 0.078474 0.173760
0.177856 0.078361 0.173866
0.178022 0.078275 0.173871
0.178202 0.078162 0.173977
0.178368 0.078076 0.173983
0.178546 0.077964 0.174090
0.178710 0.077878 0.174096
0.178887 0.077767 0.174204
0.179063 0.077656 0.174313
0.179226 0.077571 0.174320
0.179400 0.077460 0.174430
0.179562 0.077376 0.174438
0.179723 0.077291 0.174446
0.179884 0.077207 0.174455
0.180034 0.077149 0.174361
0.180194 0.077065 0.174370
0.180343 0.077007 0.174276
0.180503 0.076924 0.174285
0.180652 0.076866 0.174192
0.180801 0.076808 0.174098
0.180950 0.076750 0.174004
0.181099 0.076692 0.173911
0.181248 0.076634 0.173817
0.181397 0.076576 0.173724
0.181546 0.076518 0.173630
0.181695 0.076460 0.173537
0.181844 0.076402 0.173443
0.181993 0.076344 0.173350
0.182141 0.076286 0.173256
0.182290 0.076228 0.173162
0.182439 0.076170 0.173069
0.182588 0.076112 0.172975
0.182737 0.076054 0.172882
0.182894 0.075972 0.172893
0.183042 0.075914 0.172800
0.183191 0.075856 0.172706
0.183346 0.075774 0.172718
0.183495 0.075716 0.172625
0.183650 0.075634 0.172637
0.183798 0.075577 0.172544
0.183952 0.075495 0.172557
0.184101 0.075437 0.172464
0.184254 0.075356 0.172477
0.184402 0.075299 0.172384
0.184550 0.075241 0.172291
0.184698 0.075183 0.172198
0.184846 0.075126 0.172105
0.184994 0.075068 0.172012
0.185142 0.075011 0.171919
0.185290 0.074953 0.171827
0.185438 0.074896 0.171734
0.185582 0.074861 0.171533
0.185730 0.074803 0.171440
0.185878 0.074745 0.171347
0.186023 0.074710 0.171147
0.186172 0.074653 0.171053
0.186317 0.074617 0.170852
0.186466 0.074559 0.170759
0.186612 0.074524 0.170558
0.186761 0.074466 0.170464
0.186910 0.074408 0.170371
0.187058 0.074350 0.170277
0.187206 0.074314 0.170075
0.187355 0.074256 0.169982
0.187504 0.074198 0.169888
0.187652 0.074162 0.169685
0.187801 0.074104 0.169592
0.187950 0.074046 0.169498
0.188099 0.074009 0.169295
0.188248 0.073951 0.169201
0.188398 0.073893 0.169107
0.188547 0.073835 0.169013
0.188697 0.073777 0.168920
0.188846 0.073718 0.168826
0.188995 0.073660 0.168732
0.189145 0.073602 0.168638
0.189294 0.073544 0.168544
0.189443 0.073486 0.168451
0.189593 0.073428 0.168357
0.189742 0.073370 0.168263
0.189891 0.073311 0.168169
0.190041 0.073253 0.168075
0.190190 0.073195 0.167982
0.190339 0.073137 0.167888
0.190492 0.073099 0.167682
0.190645 0.073061 0.167477
0.190798 0.073023 0.167271
0.190952 0.072984 0.167065
0.191110 0.072965 0.166746
0.191265 0.072927 0.166539
0.191424 0.072907 0.166220
0.191580 0.072868 0.166013
0.191736 0.072829 0.165805
0.191893 0.072789 0.165597
0.192055 0.072769 0.165276
0.192207 0.072709 0.165180
0.192365 0.072669 0.164972
0.192523 0.072629 0.164763
0.192676 0.072570 0.164667
0.192835 0.072529 0.164458
0.192988 0.072470 0.164362
0.193147 0.072429 0.164152
0.193314 0.072407 0.163828
0.193467 0.072347 0.163732
0.193621 0.072288 0.163635
0.193774 0.072228 0.163539
0.193928 0.072168 0.163442
0.160420 0.089183 0.162767
0.160614 0.089108 0.162645
0.165681 0.085105 0.169995
0.165855 0.085037 0.169886
0.166264 0.084688 0.170617
0.166540 0.084496 0.170882
0.166815 0.084304 0.171149
0.167087 0.084113 0.171416
0.167283 0.084016 0.171403
0.167502 0.083888 0.171485
0.167697 0.083792 0.171472
0.167890 0.083695 0.171461
0.168059 0.083629 0.171354
0.168277 0.083502 0.171437
0.168469 0.083406 0.171426
0.168685 0.083280 0.171510
0.168900 0.083154 0.171594
0.169115 0.083028 0.171679
0.169351 0.082873 0.171860
0.169564 0.082748 0.171946
0.169798 0.082593 0.172127
0.170009 0.082469 0.172215
0.170219 0.082345 0.172302
0.170428 0.082221 0.172390
0.170636 0.082098 0.172479
0.170821 0.082004 0.172472
0.171028 0.081881 0.172562
0.171234 0.081759 0.172652
0.171439 0.081637 0.172743
0.171643 0.081515 0.172834
0.171868 0.081364 0.173022
0.172070 0.081243 0.173114
0.172272 0.081122 0.173207
0.172493 0.080973 0.173398
0.172692 0.080853 0.173492
0.172891 0.080733 0.173586
0.173070 0.080643 0.173584
0.173248 0.080552 0.173582
0.173426 0.080462 0.173580
0.173603 0.080372 0.173578
0.173780 0.080282 0.173577
0.173975 0.080163 0.173674
0.174151 0.080074 0.173673
0.174344 0.079956 0.173771
0.174501 0.079895 0.173672
0.174694 0.079778 0.173771
0.174868 0.079689 0.173771
0.175059 0.079572 0.173871
0.175249 0.079456 0.173971
0.175421 0.079368 0.173972
0.175593 0.079280 0.173974
0.175765 0.079192 0.173976
0.175936 0.079104 0.173978
0.176107 0.079016 0.173980
0.176261 0.078956 0.173883
0.176431 0.078869 0.173886
0.176586 0.078809 0.173789
0.176755 0.078721 0.173793
0.176909 0.078661 0.173696
0.177078 0.078575 0.173699
0.177232 0.078515 0.173603
0.177400 0.078428 0.173607
0.177568 0.078341 0.173611
0.177736 0.078255 0.173616
0.177903 0.078169 0.173620
0.178083 0.078056 0.173727
0.178249 0.077971 0.173732
0.178428 0.077859 0.173839
0.178593 0.077773 0.173845
0.178770 0.077662 0.173953
0.178947 0.077551 0.174062
0.179123 0.077440 0.174171
0.179285 0.077356 0.174178
0.179460 0.077246 0.174288
0.179621 0.077162 0.174296
0.179783 0.077078 0.174305
0.179944 0.076994 0.174313
0.180104 0.076910 0.174322
0.180253 0.076852 0.174229
0.180402 0.076794 0.174135
0.180552 0.076736 0.174041
0.180711 0.076653 0.174051
0.180860 0.076595 0.173957
0.181009 0.076537 0.173864
0.181158 0.076479 0.173770
0.181307 0.076421 0.173677
0.181456 0.076363 0.173583
0.181605 0.076305 0.173490
0.181754 0.076247 0.173396
0.181903 0.076189 0.173302
0.182052 0.076131 0.173209
0.182201 0.076073 0.173115
0.182349 0.076015 0.173022
0.182498 0.075957 0.172928
0.182647 0.075899 0.172835
0.182796 0.075841 0.172741
0.182953 0.075759 0.172753
0.183101 0.075701 0.172659
0.183250 0.075643 0.172566
0.183405 0.075561 0.172578
0.183560 0.075480 0.172590
0.183709 0.075422 0.172497
0.183863 0.075341 0.172510
0.184011 0.075283 0.172417
0.184165 0.075202 0.172430
0.184313 0.075145 0.172337
0.184461 0.075087 0.172244
0.184609 0.075030 0.172151
0.184757 0.074972 0.172059
0.184904 0.074914 0.171966
0.185052 0.074857 0.171873
0.185200 0.074799 0.171780
0.185344 0.074764 0.171580
0.185492 0.074707 0.171487
0.185641 0.074649 0.171394
0.185785 0.074614 0.171193
0.185934 0.074556 0.171100
0.186079 0.074521 0.170899
0.186225 0.074485 0.170697
0.186374 0.074427 0.170604
0.186522 0.074369 0.170511
0.186669 0.074333 0.170309
0.186818 0.074275 0.170215
0.186965 0.074239 0.170013
0.187114 0.074181 0.169919
0.187262 0.074145 0.169717
0.187412 0.074086 0.169623
0.187561 0.074028 0.169529
0.187710 0.073991 0.169326
0.187859 0.073933 0.169232
0.188009 0.073875 0.169138
0.188158 0.073817 0.169044
0.188308 0.073780 0.168840
0.188457 0.073700 0.168856
0.188607 0.073642 0.168762
0.188757 0.073584 0.168668
0.188906 0.073526 0.168574
0.189056 0.073467 0.168481
0.189205 0.073409 0.168387
0.189355 0.073351 0.168293
0.189504 0.073293 0.168199
0.189654 0.073235 0.168105
0.189803 0.073176 0.168011
0.189953 0.073118 0.167917
0.190103 0.073060 0.167823
0.190252 0.073002 0.167729
0.190405 0.072963 0.167523
0.190558 0.072925 0.167318
0.190711 0.072886 0.167112
0.190865 0.072848 0.166905
0.191023 0.072828 0.166587
0.191178 0.072789 0.166380
0.191333 0.072750 0.166172
0.191493 0.072730 0.165852
0.191649 0.072690 0.165644
0.191806 0.072650 0.165436
0.191968 0.072630 0.165115
0.192121 0.072570 0.165019
0.192279 0.072530 0.164810
0.192437 0.072489 0.164601
0.192590 0.072430 0.164505
0.192749 0.072389 0.164296
0.192902 0.072330 0.164200
0.193061 0.072289 0.163990
0.193221 0.072247 0.163779
0.193375 0.072188 0.163683
0.193528 0.072128 0.163587
0.193682 0.072068 0.163490
0.193843 0.072027 0.163279
0.160497 0.088906 0.162584
0.166160 0.084508 0.170562
0.166463 0.084286 0.170921
0.166738 0.084096 0.171188
0.166985 0.083937 0.171363
0.167180 0.083840 0.171350
0.167400 0.083712 0.171431
0.167570 0.083646 0.171325
0.167788 0.083519 0.171407
0.167957 0.083454 0.171301
0.168151 0.083358 0.171290
0.168368 0.083231 0.171373
0.168560 0.083136 0.171362
0.168775 0.083010 0.171446
0.169014 0.082854 0.171626
0.169227 0.082730 0.171712
0.169440 0.082605 0.171798
0.169652 0.082480 0.171884
0.169887 0.082327 0.172067
0.170074 0.082233 0.172059
0.170284 0.082109 0.172147
0.170493 0.081986 0.172235
0.170701 0.081864 0.172325
0.170886 0.081770 0.172318
0.171114 0.081619 0.172504
0.171320 0.081497 0.172595
0.171503 0.081405 0.172589
0.171728 0.081255 0.172778
0.171952 0.081105 0.172967
0.172154 0.080984 0.173060
0.172376 0.080836 0.173250
0.172576 0.080716 0.173344
0.172775 0.080596 0.173439
0.172974 0.080477 0.173534
0.173152 0.080387 0.173531
0.173311 0.080325 0.173432
0.173488 0.080235 0.173430
0.173666 0.080145 0.173429
0.173861 0.080028 0.173526
0.174037 0.079938 0.173525
0.174231 0.079821 0.173623
0.174389 0.079760 0.173524
0.174564 0.079671 0.173524
0.174756 0.079554 0.173623
0.174947 0.079438 0.173722
0.175121 0.079349 0.173723
0.175310 0.079234 0.173824
0.175483 0.079146 0.173825
0.175655 0.079058 0.173827
0.175826 0.078970 0.173829
0.175997 0.078883 0.173832
0.176152 0.078822 0.173735
0.176322 0.078735 0.173737
0.176477 0.078675 0.173640
0.176647 0.078588 0.173644
0.176801 0.078528 0.173547
0.176970 0.078441 0.173550
0.177124 0.078381 0.173454
0.177293 0.078295 0.173457
0.177447 0.078235 0.173361
0.177629 0.078122 0.173466
0.177782 0.078062 0.173370
0.177963 0.077950 0.173476
0.178130 0.077864 0.173481
0.178309 0.077753 0.173588
0.178488 0.077641 0.173696
0.178666 0.077530 0.173804
0.178830 0.077446 0.173810
0.179007 0.077335 0.173919
0.179182 0.077225 0.174029
0.179357 0.077115 0.174139
0.179519 0.077031 0.174147
0.179692 0.076922 0.174258
0.179842 0.076864 0.174164
0.180003 0.076780 0.174172
0.180163 0.076697 0.174182
0.180312 0.076639 0.174088
0.180462 0.076581 0.173994
0.180611 0.076523 0.173901
0.180760 0.076465 0.173807
0.180909 0.076407 0.173713
0.181058 0.076349 0.173619
0.181207 0.076290 0.173526
0.181356 0.076232 0.173432
0.181506 0.076174 0.173338
0.181655 0.076116 0.173245
0.181804 0.076058 0.173151
0.181953 0.076000 0.173057
0.182102 0.075942 0.172964
0.182251 0.075884 0.172870
0.182401 0.075826 0.172776
0.182557 0.075744 0.172788
0.182706 0.075686 0.172694
0.182855 0.075628 0.172601
0.183011 0.075546 0.172612
0.183160 0.075488 0.172519
0.183316 0.075407 0.172531
0.183471 0.075326 0.172544
0.183625 0.075245 0.172556
0.183774 0.075187 0.172463
0.183928 0.075106 0.172476
0.184076 0.075048 0.172383
0.184224 0.074991 0.172291
0.184371 0.074933 0.172198
0.184519 0.074876 0.172105
0.184667 0.074818 0.172012
0.184815 0.074761 0.171919
0.184963 0.074703 0.171826
0.185111 0.074645 0.171733
0.185255 0.074610 0.171533
0.185403 0.074553 0.171440
0.185547 0.074517 0.171239
0.185696 0.074459 0.171146
0.185841 0.074424 0.170945
0.185986 0.074388 0.170744
0.186135 0.074330 0.170650
0.186281 0.074294 0.170449
0.186430 0.074236 0.170355
0.186577 0.074200 0.170153
0.186724 0.074164 0.169951
0.186873 0.074105 0.169857
0.187023 0.074047 0.169763
0.187171 0.074011 0.169561
0.187320 0.073952 0.169467
0.187469 0.073915 0.169263
0.187619 0.073857 0.169169
0.187768 0.073820 0.168966
0.187918 0.073762 0.168872
0.188068 0.073703 0.168777
0.188218 0.073645 0.168683
0.188368 0.073586 0.168589
0.188518 0.073528 0.168495
0.188667 0.073449 0.168511
0.188817 0.073391 0.168417
0.188965 0.073312 0.168433
0.189115 0.073254 0.168339
0.189265 0.073195 0.168245
0.189414 0.073137 0.168151
0.189564 0.073079 0.168058
0.189713 0.073021 0.167964
0.189863 0.072963 0.167870
0.190015 0.072924 0.167664
0.190165 0.072866 0.167570
0.190317 0.072827 0.167364
0.190470 0.072789 0.167158
0.190624 0.072750 0.166952
0.190781 0.072730 0.166634
0.190936 0.072691 0.166427
0.191091 0.072652 0.166220
0.191246 0.072612 0.166012
0.191406 0.072591 0.165692
0.191562 0.072551 0.165484
0.191719 0.072511 0.165275
0.191876 0.072471 0.165067
0.192034 0.072431 0.164858
0.192192 0.072390 0.164649
0.192345 0.072330 0.164553
0.192498 0.072271 0.164457
0.192656 0.072230 0.164247
0.192809 0.072170 0.164151
0.192969 0.072129 0.163941
0.193129 0.072088 0.163731
0.193282 0.072028 0.163635
0.193436 0.071968 0.163538
0.193596 0.071927 0.163327
0.193750 0.071867 0.163231
0.160409 0.088672 0.162614
0.166359 0.084108 0.170867
0.166661 0.083888 0.171228
0.166882 0.083760 0.171309
0.167078 0.083663 0.171296
0.167273 0.083567 0.171284
0.167467 0.083470 0.171271
0.167662 0.083374 0.171259
0.167855 0.083278 0.171248
0.168024 0.083212 0.171142
0.168242 0.083086 0.171225
0.168458 0.082961 0.171309
0.168674 0.082836 0.171393
0.168889 0.082711 0.171478
0.169103 0.082586 0.171564
0.169317 0.082462 0.171650
0.169529 0.082338 0.171736
0.169764 0.082184 0.171919
0.169952 0.082091 0.171911
0.170162 0.081968 0.171999
0.170371 0.081845 0.172088
0.170580 0.081722 0.172177
0.170766 0.081630 0.172170
0.170973 0.081508 0.172260
0.171179 0.081386 0.172350
0.171384 0.081265 0.172442
0.171610 0.081115 0.172630
0.171834 0.080966 0.172819
0.172037 0.080846 0.172912
0.172259 0.080698 0.173102
0.172459 0.080578 0.173196
0.172659 0.080459 0.173291
0.172858 0.080341 0.173386
0.173037 0.080250 0.173384
0.173215 0.080160 0.173382
0.173393 0.080071 0.173380
0.173551 0.080009 0.173281
0.173747 0.079891 0.173378
0.173924 0.079802 0.173377
0.174100 0.079713 0.173376
0.174294 0.079596 0.173474
0.174451 0.079535 0.173376
0.174644 0.079419 0.173475
0.174818 0.079330 0.173475
0.175009 0.079214 0.173575
0.175182 0.079126 0.173576
0.175355 0.079039 0.173578
0.175544 0.078924 0.173679
0.175716 0.078836 0.173681
0.175888 0.078749 0.173683
0.176042 0.078688 0.173586
0.176213 0.078601 0.173589
0.176368 0.078541 0.173491
0.176538 0.078454 0.173495
0.176693 0.078394 0.173398
0.176862 0.078307 0.173401
0.177031 0.078221 0.173405
0.177185 0.078161 0.173308
0.177354 0.078075 0.173312
0.177522 0.077989 0.173317
0.177690 0.077903 0.173321
0.177857 0.077817 0.173326
0.178024 0.077731 0.173331
0.178204 0.077620 0.173438
0.178383 0.077509 0.173546
0.178548 0.077424 0.173552
0.178726 0.077314 0.173660
0.178903 0.077204 0.173769
0.179067 0.077119 0.173777
0.179242 0.077010 0.173886
0.179417 0.076901 0.173997
0.179590 0.076792 0.174108
0.179752 0.076708 0.174116
0.179901 0.076650 0.174022
0.180062 0.076567 0.174031
0.180211 0.076509 0.173938
0.180372 0.076426 0.173947
0.180521 0.076368 0.173853
0.180670 0.076310 0.173760
0.180819 0.076251 0.173666
0.180968 0.076193 0.173572
0.181117 0.076135 0.173479
0.181266 0.076077 0.173385
0.181406 0.076043 0.173187
0.181556 0.075985 0.173093
0.181714 0.075903 0.173104
0.181863 0.075845 0.173010
0.182012 0.075787 0.172917
0.182161 0.075729 0.172823
0.182311 0.075671 0.172729
0.182460 0.075613 0.172635
0.182617 0.075531 0.172647
0.182765 0.075473 0.172553
0.182922 0.075392 0.172565
0.183070 0.075334 0.172472
0.183226 0.075252 0.172484
0.183381 0.075171 0.172497
0.183536 0.075091 0.172509
0.183684 0.075033 0.172416
0.183838 0.074952 0.172430
0.183986 0.074895 0.172337
0.184134 0.074837 0.172244
0.184282 0.074779 0.172151
0.184430 0.074722 0.172058
0.184578 0.074664 0.171965
0.184726 0.074607 0.171872
0.184874 0.074549 0.171779
0.185017 0.074514 0.171579
0.185165 0.074456 0.171486
0.185310 0.074421 0.171286
0.185458 0.074363 0.171192
0.185603 0.074327 0.170991
0.185748 0.074291 0.170790
0.185897 0.074233 0.170697
0.186042 0.074197 0.170495
0.186191 0.074139 0.170402
0.186338 0.074103 0.170200
0.186484 0.074066 0.169998
0.186632 0.074030 0.169795
0.186781 0.073971 0.169701
0.186931 0.073913 0.169607
0.187079 0.073876 0.169404
0.187227 0.073839 0.169201
0.187377 0.073781 0.169107
0.187526 0.073743 0.168903
0.187676 0.073685 0.168809
0.187827 0.073626 0.168715
0.187977 0.073568 0.168620
0.188127 0.073509 0.168526
0.188277 0.073451 0.168432
0.188427 0.073392 0.168337
0.188577 0.073314 0.168353
0.188727 0.073255 0.168259
0.188877 0.073197 0.168165
0.189027 0.073138 0.168071
0.189176 0.073060 0.168087
0.189325 0.073002 0.167993
0.189475 0.072943 0.167899
0.189625 0.072885 0.167805
0.189775 0.072827 0.167711
0.189924 0.072768 0.167617
0.190077 0.072730 0.167411
0.190229 0.072691 0.167205
0.190383 0.072652 0.166999
0.190536 0.072613 0.166793
0.190690 0.072573 0.166586
0.190848 0.072553 0.166267
0.191003 0.072513 0.166059
0.191159 0.072474 0.165852
0.191319 0.072452 0.165531
0.191475 0.072412 0.165323
0.191632 0.072372 0.165114
0.191789 0.072331 0.164906
0.191947 0.072290 0.164697
0.192100 0.072231 0.164601
0.192258 0.072190 0.164391
0.192411 0.072130 0.164295
0.192570 0.072089 0.164085
0.192723 0.072029 0.163989
0.192876 0.071970 0.163893
0.193036 0.071928 0.163682
0.193190 0.071868 0.163586
0.193350 0.071827 0.163375
0.193504 0.071767 0.163279
0.193657 0.071707 0.163182
0.166558 0.083710 0.171174
0.166780 0.083583 0.171255
0.166975 0.083487 0.171242
0.167171 0.083390 0.171230
0.167365 0.083294 0.171218
0.167535 0.083228 0.171112
0.167729 0.083132 0.171100
0.167922 0.083037 0.171088
0.168140 0.082911 0.171172
0.168333 0.082816 0.171161
0.168549 0.082691 0.171245
0.168765 0.082566 0.171330
0.168979 0.082442 0.171416
0.169193 0.082318 0.171502
0.169406 0.082194 0.171588
0.169618 0.082071 0.171675
0.169830 0.081948 0.171763
0.170040 0.081825 0.171851
0.170227 0.081732 0.171843
0.170437 0.081610 0.171932
0.170645 0.081488 0.172022
0.170852 0.081367 0.172112
0.171037 0.081274 0.172106
0.171265 0.081125 0.172293
0.171449 0.081033 0.172288
0.171695 0.080855 0.172574
0.171919 0.080707 0.172764
0.172142 0.080559 0.172954
0.172363 0.080412 0.173146
0.172563 0.080293 0.173240
0.172762 0.080175 0.173336
0.172941 0.080085 0.173333
0.173100 0.080023 0.173234
0.173278 0.079934 0.173232
0.173437 0.079872 0.173132
0.173633 0.079755 0.173229
0.173810 0.079666 0.173228
0.173986 0.079576 0.173228
0.174181 0.079460 0.173326
0.174338 0.079399 0.173227
0.174513 0.079310 0.173227
0.174706 0.079195 0.173327
0.174897 0.079079 0.173426
0.175071 0.078991 0.173428
0.175244 0.078904 0.173429
0.175434 0.078789 0.173530
0.175606 0.078702 0.173532
0.175778 0.078614 0.173534
0.175933 0.078554 0.173437
0.176104 0.078467 0.173440
0.176275 0.078380 0.173443
0.176429 0.078320 0.173345
0.176599 0.078233 0.173349
0.176754 0.078173 0.173252
0.176923 0.078087 0.173255
0.177092 0.078001 0.173259
0.177247 0.077941 0.173163
0.177429 0.077829 0.173268
0.177583 0.077769 0.173172
0.177751 0.077683 0.173176
0.177918 0.077598 0.173181
0.178098 0.077487 0.173288
0.178265 0.077402 0.173294
0.178443 0.077291 0.173402
0.178622 0.077181 0.173511
0.178799 0.077072 0.173619
0.178963 0.076987 0.173627
0.179139 0.076878 0.173736
0.179302 0.076794 0.173744
0.179476 0.076686 0.173855
0.179638 0.076602 0.173863
0.179800 0.076519 0.173872
0.179961 0.076436 0.173881
0.180110 0.076378 0.173787
0.180271 0.076295 0.173797
0.180420 0.076237 0.173703
0.180569 0.076179 0.173609
0.180719 0.076121 0.173515
0.180868 0.076063 0.173421
0.181017 0.076004 0.173328
0.181167 0.075946 0.173234
0.181316 0.075888 0.173140
0.181465 0.075830 0.173046
0.181615 0.075772 0.172952
0.181764 0.075714 0.172859
0.181922 0.075632 0.172869
0.182071 0.075574 0.172776
0.182221 0.075516 0.172682
0.182370 0.075458 0.172588
0.182527 0.075376 0.172600
0.182676 0.075318 0.172506
0.182832 0.075237 0.172518
0.182981 0.075179 0.172425
0.183136 0.075098 0.172437
0.183292 0.075017 0.172450
0.183440 0.074959 0.172357
0.183595 0.074879 0.172370
0.183743 0.074821 0.172277
0.183897 0.074741 0.172290
0.184045 0.074683 0.172197
0.184193 0.074626 0.172104
0.184341 0.074568 0.172011
0.184489 0.074510 0.171918
0.184637 0.074453 0.171825
0.184780 0.074417 0.171625
0.184928 0.074360 0.171532
0.185072 0.074324 0.171332
0.185220 0.074266 0.171239
0.185365 0.074231 0.171038
0.185509 0.074195 0.170837
0.185658 0.074137 0.170743
0.185804 0.074100 0.170542
0.185949 0.074064 0.170340
0.186099 0.074006 0.170246
0.186245 0.073969 0.170044
0.186392 0.073932 0.169842
0.186541 0.073874 0.169748
0.186689 0.073837 0.169545
0.186837 0.073800 0.169342
0.186987 0.073741 0.169248
0.187135 0.073704 0.169044
0.187285 0.073646 0.168950
0.187435 0.073608 0.168746
0.187585 0.073549 0.168652
0.187735 0.073491 0.168557
0.187886 0.073432 0.168463
0.188036 0.073374 0.168368
0.188187 0.073315 0.168274
0.188337 0.073236 0.168290
0.188487 0.073178 0.168195
0.188637 0.073119 0.168101
0.188786 0.073041 0.168117
0.188936 0.072982 0.168023
0.189086 0.072924 0.167929
0.189236 0.072866 0.167835
0.189386 0.072807 0.167741
0.189536 0.072749 0.167646
0.189686 0.072691 0.167552
0.189836 0.072632 0.167458
0.189989 0.072593 0.167252
0.190141 0.072554 0.167046
0.190295 0.072515 0.166840
0.190451 0.072494 0.166521
0.190606 0.072455 0.166314
0.190760 0.072415 0.166107
0.190915 0.072375 0.165899
0.191071 0.072335 0.165691
0.191231 0.072313 0.165370
0.191387 0.072273 0.165162
0.191544 0.072232 0.164953
0.191697 0.072172 0.164857
0.191855 0.072131 0.164648
0.192012 0.072090 0.164439
0.192166 0.072031 0.164343
0.192319 0.071971 0.164247
0.192477 0.071930 0.164037
0.192637 0.071888 0.163827
0.192790 0.071828 0.163730
0.192943 0.071769 0.163634
0.193103 0.071727 0.163423
0.193257 0.071667 0.163327
0.193411 0.071607 0.163230
0.166677 0.083407 0.171201
0.166873 0.083310 0.171189
0.167068 0.083214 0.171176
0.167238 0.083148 0.171070
0.167432 0.083052 0.171058
0.167627 0.082957 0.171046
0.167820 0.082861 0.171035
0.168014 0.082766 0.171024
0.168231 0.082641 0.171108
0.168424 0.082546 0.171097
0.168640 0.082422 0.171182
0.168855 0.082298 0.171268
0.169069 0.082174 0.171354
0.169282 0.082051 0.171440
0.169495 0.081928 0.171527
0.169707 0.081805 0.171615
0.169918 0.081683 0.171703
0.170106 0.081590 0.171695
0.170315 0.081468 0.171784
0.170524 0.081346 0.171874
0.170732 0.081225 0.171964
0.170917 0.081133 0.171957
0.171124 0.081012 0.172048
0.171351 0.080864 0.172237
0.171555 0.080744 0.172329
0.171780 0.080596 0.172519
0.171941 0.080533 0.172417
0.172246 0.080274 0.172998
0.172447 0.080156 0.173092
0.172646 0.080038 0.173188
0.172825 0.079948 0.173185
0.173004 0.079858 0.173183
0.173163 0.079796 0.173084
0.173341 0.079707 0.173082
0.173499 0.079645 0.172983
0.173696 0.079529 0.173080
0.173872 0.079440 0.173079
0.174049 0.079351 0.173079
0.174207 0.079290 0.172980
0.174400 0.079174 0.173078
0.174593 0.079059 0.173178
0.174768 0.078971 0.173179
0.174959 0.078856 0.173279
0.175133 0.078768 0.173280
0.175323 0.078654 0.173381
0.175495 0.078567 0.173383
0.175667 0.078480 0.173386
0.175839 0.078393 0.173388
0.175994 0.078332 0.173291
0.176165 0.078246 0.173293
0.176336 0.078159 0.173297
0.176506 0.078073 0.173300
0.176661 0.078013 0.173203
0.176830 0.077926 0.173207
0.176985 0.077866 0.173110
0.177154 0.077780 0.173114
0.177322 0.077695 0.173118
0.177490 0.077609 0.173123
0.177658 0.077524 0.173128
0.177825 0.077438 0.173133
0.178006 0.077328 0.173240
0.178172 0.077243 0.173246
0.178338 0.077158 0.173252
0.178517 0.077049 0.173360
0.178695 0.076939 0.173469
0.178859 0.076855 0.173477
0.179035 0.076746 0.173586
0.179199 0.076663 0.173594
0.179373 0.076554 0.173705
0.179536 0.076471 0.173713
0.179697 0.076388 0.173722
0.179847 0.076330 0.173628
0.180009 0.076247 0.173637
0.180158 0.076189 0.173543
0.180319 0.076106 0.173552
0.180469 0.076048 0.173458
0.180618 0.075989 0.173364
0.180768 0.075931 0.173270
0.180917 0.075873 0.173176
0.181067 0.075815 0.173082
0.181216 0.075757 0.172988
0.181366 0.075698 0.172895
0.181525 0.075616 0.172905
0.181674 0.075558 0.172811
0.181823 0.075500 0.172717
0.181973 0.075442 0.172624
0.182122 0.075384 0.172530
0.182280 0.075302 0.172541
0.182429 0.075244 0.172448
0.182586 0.075163 0.172459
0.182742 0.075082 0.172471
0.182891 0.075024 0.172378
0.183047 0.074943 0.172390
0.183195 0.074886 0.172297
0.183351 0.074805 0.172310
0.183505 0.074725 0.172323
0.183654 0.074667 0.172230
0.183802 0.074609 0.172137
0.183950 0.074552 0.172044
0.184104 0.074472 0.172057
0.184252 0.074414 0.171964
0.184394 0.074379 0.171765
0.184542 0.074321 0.171671
0.184686 0.074285 0.171471
0.184834 0.074228 0.171378
0.184978 0.074192 0.171177
0.185126 0.074134 0.171084
0.185271 0.074098 0.170883
0.185420 0.074040 0.170790
0.185565 0.074003 0.170588
0.185710 0.073967 0.170386
0.185859 0.073909 0.170293
0.186005 0.073872 0.170091
0.186152 0.073835 0.169888
0.186299 0.073798 0.169686
0.186449 0.073740 0.169592
0.186596 0.073702 0.169389
0.186744 0.073665 0.169186
0.186894 0.073606 0.169091
0.187043 0.073569 0.168888
0.187193 0.073510 0.168793
0.187344 0.073451 0.168699
0.187493 0.073413 0.168495
0.187644 0.073355 0.168400
0.187794 0.073296 0.168305
0.187945 0.073237 0.168211
0.188096 0.073179 0.168116
0.188246 0.073100 0.168132
0.188397 0.073042 0.168037
0.188547 0.072983 0.167943
0.188697 0.072905 0.167959
0.188847 0.072846 0.167865
0.188997 0.072788 0.167771
0.189147 0.072729 0.167676
0.189297 0.072671 0.167582
0.189448 0.072612 0.167488
0.189598 0.072554 0.167393
0.189750 0.072515 0.167187
0.189900 0.072456 0.167093
0.190056 0.072436 0.166775
0.190209 0.072396 0.166568
0.190363 0.072356 0.166361
0.190518 0.072316 0.166154
0.190672 0.072276 0.165946
0.190827 0.072236 0.165739
0.190983 0.072195 0.165531
0.191139 0.072155 0.165322
0.191295 0.072114 0.165114
0.191452 0.072073 0.164905
0.191609 0.072032 0.164696
0.191762 0.071972 0.164600
0.191920 0.071931 0.164391
0.192073 0.071871 0.164294
0.192232 0.071830 0.164085
0.192385 0.071770 0.163988
0.192544 0.071728 0.163778
0.192697 0.071669 0.163682
0.192851 0.071609 0.163585
0.193011 0.071567 0.163375
0.193164 0.071507 0.163278
0.193318 0.071447 0.163182
0.166915 0.083098 0.170934
0.167110 0.083002 0.170922
0.167305 0.082906 0.170910
0.167499 0.082810 0.170898
0.167694 0.082715 0.170887
0.167887 0.082620 0.170876
0.168105 0.082495 0.170960
0.168322 0.082371 0.171044
0.168538 0.082247 0.171129
0.168730 0.082153 0.171119
0.168945 0.082030 0.171205
0.169159 0.081907 0.171292
0.169372 0.081784 0.171379
0.169584 0.081662 0.171466
0.169772 0.081568 0.171458
0.169983 0.081447 0.171547
0.170193 0.081325 0.171636
0.170380 0.081233 0.171629
0.170611 0.081083 0.171815
0.170797 0.080991 0.171809
0.171004 0.080871 0.171900
0.171231 0.080723 0.172088
0.171457 0.080575 0.172278
0.171682 0.080428 0.172467
0.171844 0.080365 0.172366
0.172149 0.080107 0.172947
0.172350 0.079990 0.173042
0.172530 0.079900 0.173039
0.172709 0.079810 0.173037
0.172888 0.079721 0.173035
0.173067 0.079631 0.173034
0.173226 0.079569 0.172934
0.173404 0.079480 0.172932
0.173581 0.079391 0.172931
0.173758 0.079303 0.172931
0.173954 0.079187 0.173029
0.174111 0.079125 0.172930
0.174287 0.079037 0.172930
0.174481 0.078922 0.173029
0.174656 0.078834 0.173030
0.174847 0.078720 0.173130
0.175039 0.078606 0.173231
0.175212 0.078518 0.173232
0.175385 0.078431 0.173234
0.175557 0.078344 0.173236
0.175729 0.078258 0.173239
0.175901 0.078171 0.173242
0.176072 0.078084 0.173244
0.176243 0.077998 0.173248
0.176397 0.077938 0.173150
0.176567 0.077852 0.173154
0.176722 0.077792 0.173057
0.176891 0.077706 0.173061
0.177061 0.077620 0.173065
0.177229 0.077535 0.173070
0.177398 0.077449 0.173074
0.177565 0.077364 0.173079
0.177733 0.077279 0.173085
0.177900 0.077194 0.173090
0.178080 0.077084 0.173198
0.178246 0.077000 0.173204
0.178412 0.076916 0.173210
0.178590 0.076806 0.173319
0.178755 0.076723 0.173326
0.178919 0.076639 0.173334
0.179095 0.076531 0.173444
0.179258 0.076447 0.173452
0.179421 0.076364 0.173460
0.179583 0.076281 0.173468
0.179745 0.076198 0.173477
0.179907 0.076115 0.173486
0.180057 0.076057 0.173392
0.180207 0.075999 0.173298
0.180368 0.075916 0.173307
0.180517 0.075858 0.173213
0.180667 0.075800 0.173119
0.180827 0.075717 0.173129
0.180977 0.075659 0.173035
0.181126 0.075601 0.172941
0.181276 0.075543 0.172847
0.181425 0.075485 0.172753
0.181575 0.075426 0.172659
0.181733 0.075345 0.172670
0.181883 0.075287 0.172576
0.182032 0.075228 0.172483
0.182181 0.075170 0.172389
0.182339 0.075089 0.172400
0.182488 0.075031 0.172307
0.182645 0.074950 0.172319
0.182801 0.074870 0.172331
0.182950 0.074812 0.172237
0.183106 0.074731 0.172250
0.183261 0.074651 0.172263
0.183409 0.074593 0.172170
0.183558 0.074535 0.172077
0.183712 0.074455 0.172090
0.183860 0.074398 0.171997
0.184009 0.074340 0.171904
0.184157 0.074282 0.171811
0.184299 0.074247 0.171611
0.184448 0.074189 0.171518
0.184591 0.074153 0.171317
0.184740 0.074095 0.171224
0.184884 0.074059 0.171023
0.185032 0.074001 0.170929
0.185181 0.073943 0.170836
0.185326 0.073906 0.170635
0.185471 0.073870 0.170433
0.185617 0.073833 0.170231
0.185763 0.073796 0.170029
0.185912 0.073738 0.169935
0.186059 0.073700 0.169733
0.186209 0.073642 0.169638
0.186356 0.073605 0.169436
0.186503 0.073567 0.169232
0.186652 0.073529 0.169029
0.186802 0.073471 0.168935
0.186952 0.073412 0.168840
0.187101 0.073374 0.168636
0.187252 0.073315 0.168542
0.187402 0.073257 0.168447
0.187553 0.073198 0.168352
0.187703 0.073160 0.168148
0.187854 0.073081 0.168163
0.188005 0.073022 0.168069
0.188155 0.072964 0.167974
0.188306 0.072885 0.167990
0.188456 0.072827 0.167895
0.188607 0.072768 0.167801
0.188757 0.072710 0.167707
0.188907 0.072651 0.167612
0.189058 0.072592 0.167518
0.189208 0.072534 0.167423
0.189358 0.072475 0.167329
0.189509 0.072417 0.167234
0.189661 0.072377 0.167028
0.189814 0.072338 0.166822
0.189967 0.072298 0.166615
0.190121 0.072258 0.166408
0.190275 0.072218 0.166201
0.190429 0.072177 0.165994
0.190584 0.072137 0.165786
0.190739 0.072096 0.165578
0.190895 0.072056 0.165370
0.191051 0.072015 0.165161
0.191207 0.071974 0.164953
0.191364 0.071932 0.164744
0.191517 0.071873 0.164648
0.191675 0.071831 0.164438
0.191828 0.071772 0.164342
0.191986 0.071730 0.164132
0.192139 0.071670 0.164036
0.192292 0.071611 0.163940
0.192451 0.071569 0.163730
0.192605 0.071509 0.163633
0.192758 0.071449 0.163537
0.192918 0.071407 0.163326
0.193072 0.071347 0.163230
0.166812 0.082921 0.170881
0.166982 0.082855 0.170774
0.167177 0.082759 0.170762
0.167372 0.082664 0.170750
0.167567 0.082568 0.170738
0.167761 0.082473 0.170727
0.167979 0.082349 0.170811
0.168196 0.082225 0.170896
0.168389 0.082131 0.170885
0.168605 0.082008 0.170971
0.168820 0.081885 0.171057
0.169034 0.081762 0.171143
0.169248 0.081640 0.171231
0.169437 0.081546 0.171222
0.169650 0.081425 0.171310
0.169861 0.081303 0.171398
0.170071 0.081182 0.171487
0.170259 0.081090 0.171480
0.170468 0.080969 0.171570
0.170676 0.080849 0.171661
0.170883 0.080729 0.171751
0.171111 0.080582 0.171940
0.171360 0.080407 0.172226
0.171585 0.080260 0.172416
0.171746 0.080197 0.172315
0.172053 0.079941 0.172897
0.172254 0.079824 0.172991
0.172434 0.079734 0.172989
0.172613 0.079644 0.172987
0.172773 0.079582 0.172887
0.172951 0.079493 0.172885
0.173130 0.079404 0.172884
0.173308 0.079315 0.172882
0.173486 0.079227 0.172881
0.173663 0.079138 0.172881
0.173840 0.079050 0.172880
0.173998 0.078988 0.172781
0.174192 0.078873 0.172880
0.174386 0.078759 0.172979
0.174561 0.078671 0.172980
0.174735 0.078583 0.172981
0.174927 0.078470 0.173082
0.175101 0.078383 0.173083
0.175291 0.078269 0.173185
0.175463 0.078183 0.173187
0.175635 0.078096 0.173190
0.175791 0.078036 0.173092
0.175962 0.077949 0.173095
0.176133 0.077863 0.173098
0.176304 0.077777 0.173102
0.176474 0.077691 0.173105
0.176629 0.077631 0.173008
0.176798 0.077545 0.173012
0.176968 0.077460 0.173016
0.177136 0.077375 0.173021
0.177305 0.077289 0.173026
0.177473 0.077204 0.173031
0.177640 0.077120 0.173036
0.177808 0.077035 0.173042
0.177988 0.076926 0.173149
0.178154 0.076841 0.173156
0.178320 0.076757 0.173162
0.178485 0.076673 0.173169
0.178663 0.076565 0.173278
0.178828 0.076481 0.173286
0.178992 0.076398 0.173293
0.179155 0.076315 0.173301
0.179318 0.076232 0.173309
0.179481 0.076149 0.173318
0.179631 0.076090 0.173223
0.179793 0.076007 0.173232
0.179944 0.075949 0.173137
0.180105 0.075866 0.173147
0.180255 0.075808 0.173052
0.180416 0.075726 0.173062
0.180566 0.075667 0.172968
0.180727 0.075585 0.172978
0.180876 0.075527 0.172884
0.181026 0.075469 0.172789
0.181176 0.075411 0.172695
0.181326 0.075352 0.172601
0.181485 0.075271 0.172612
0.181634 0.075212 0.172518
0.181784 0.075154 0.172424
0.181933 0.075096 0.172330
0.182091 0.075015 0.172342
0.182241 0.074957 0.172248
0.182398 0.074876 0.172260
0.182555 0.074795 0.172272
0.182704 0.074737 0.172178
0.182860 0.074657 0.172190
0.183009 0.074599 0.172097
0.183165 0.074519 0.172110
0.183320 0.074439 0.172123
0.183468 0.074381 0.172030
0.183617 0.074323 0.171936
0.183765 0.074265 0.171843
0.183913 0.074208 0.171750
0.184062 0.074150 0.171657
0.184210 0.074092 0.171564
0.184353 0.074056 0.171363
0.184501 0.073998 0.171270
0.184645 0.073962 0.171069
0.184794 0.073904 0.170976
0.184938 0.073867 0.170775
0.185083 0.073831 0.170573
0.185232 0.073773 0.170480
0.185377 0.073736 0.170278
0.185523 0.073699 0.170076
0.185672 0.073640 0.169982
0.185819 0.073603 0.169779
0.185968 0.073545 0.169685
0.186115 0.073507 0.169482
0.186263 0.073469 0.169279
0.186413 0.073411 0.169185
0.186561 0.073373 0.168981
0.186711 0.073314 0.168887
0.186860 0.073276 0.168683
0.187010 0.073217 0.168589
0.187161 0.073159 0.168494
0.187310 0.073120 0.168290
0.187461 0.073061 0.168195
0.187612 0.073003 0.168100
0.187763 0.072944 0.168005
0.187913 0.072885 0.167911
0.188064 0.072807 0.167926
0.188215 0.072748 0.167832
0.188366 0.072690 0.167737
0.188516 0.072631 0.167643
0.188667 0.072572 0.167548
0.188817 0.072514 0.167453
0.188968 0.072455 0.167359
0.189119 0.072397 0.167264
0.189269 0.072338 0.167170
0.189421 0.072298 0.166964
0.189572 0.072240 0.166869
0.189725 0.072200 0.166662
0.189878 0.072159 0.166455
0.190032 0.072119 0.166248
0.190186 0.072079 0.166041
0.190341 0.072038 0.165833
0.190496 0.071998 0.165625
0.190651 0.071957 0.165417
0.190807 0.071916 0.165209
0.190959 0.071856 0.165113
0.191115 0.071815 0.164904
0.191272 0.071773 0.164695
0.191425 0.071714 0.164599
0.191582 0.071672 0.164390
0.191735 0.071613 0.164294
0.191893 0.071571 0.164084
0.192047 0.071511 0.163988
0.192205 0.071469 0.163778
0.192359 0.071409 0.163681
0.192512 0.071349 0.163585
0.192666 0.071290 0.163488
0.192825 0.071247 0.163278
0.192979 0.071187 0.163181
0.165239 0.083761 0.169204
0.165414 0.083693 0.169094
0.166658 0.082803 0.170638
0.166879 0.082678 0.170720
0.167075 0.082583 0.170708
0.167270 0.082487 0.170696
0.167439 0.082421 0.170590
0.167659 0.082297 0.170674
0.167852 0.082203 0.170663
0.168070 0.082079 0.170747
0.168287 0.081956 0.170832
0.168504 0.081833 0.170918
0.168695 0.081739 0.170908
0.168910 0.081617 0.170995
0.169101 0.081524 0.170986
0.169314 0.081402 0.171073
0.169526 0.081281 0.171161
0.169715 0.081188 0.171153
0.169926 0.081067 0.171242
0.170137 0.080946 0.171332
0.170346 0.080826 0.171421
0.170555 0.080706 0.171512
0.170763 0.080587 0.171603
0.170991 0.080440 0.171791
0.171240 0.080266 0.172078
0.171466 0.080120 0.172268
0.171712 0.079947 0.172557
0.171935 0.079802 0.172748
0.172137 0.079685 0.172843
0.172338 0.079568 0.172939
0.172517 0.079479 0.172937
0.172676 0.079417 0.172837
0.172855 0.079328 0.172835
0.173015 0.079266 0.172735
0.173193 0.079177 0.172734
0.173371 0.079089 0.172733
0.173567 0.078973 0.172831
0.173744 0.078885 0.172830
0.173902 0.078824 0.172731
0.174079 0.078736 0.172731
0.174273 0.078622 0.172830
0.174466 0.078508 0.172930
0.174641 0.078420 0.172931
0.174833 0.078307 0.173032
0.175006 0.078220 0.173034
0.175180 0.078133 0.173036
0.175352 0.078047 0.173038
0.175525 0.077960 0.173040
0.175697 0.077874 0.173043
0.175869 0.077788 0.173046
0.176040 0.077702 0.173049
0.176211 0.077616 0.173053
0.176365 0.077556 0.172956
0.176535 0.077470 0.172959
0.176705 0.077385 0.172963
0.176875 0.077300 0.172968
0.177044 0.077215 0.172972
0.177212 0.077130 0.172977
0.177380 0.077045 0.172982
0.177548 0.076960 0.172988
0.177715 0.076876 0.172993
0.177882 0.076791 0.172999
0.178062 0.076683 0.173108
0.178228 0.076599 0.173114
0.178394 0.076515 0.173121
0.178559 0.076432 0.173128
0.178723 0.076348 0.173135
0.178888 0.076265 0.173143
0.179052 0.076182 0.173151
0.179215 0.076099 0.173159
0.179366 0.076040 0.173064
0.179529 0.075957 0.173072
0.179691 0.075875 0.173081
0.179842 0.075816 0.172986
0.179992 0.075758 0.172892
0.180154 0.075675 0.172901
0.180315 0.075593 0.172911
0.180465 0.075535 0.172816
0.180615 0.075476 0.172722
0.180776 0.075395 0.172732
0.180926 0.075336 0.172638
0.181076 0.075278 0.172543
0.181235 0.075196 0.172554
0.181385 0.075138 0.172460
0.181535 0.075080 0.172366
0.181685 0.075021 0.172272
0.181834 0.074963 0.172178
0.181993 0.074882 0.172189
0.182142 0.074824 0.172095
0.182300 0.074743 0.172107
0.182449 0.074685 0.172013
0.182606 0.074605 0.172025
0.182755 0.074547 0.171931
0.182912 0.074466 0.171944
0.183068 0.074386 0.171957
0.183217 0.074328 0.171863
0.183365 0.074271 0.171770
0.183514 0.074213 0.171676
0.183663 0.074155 0.171583
0.183812 0.074097 0.171489
0.183960 0.074039 0.171396
0.184109 0.073981 0.171303
0.184258 0.073923 0.171209
0.184401 0.073887 0.171008
0.184550 0.073829 0.170915
0.184694 0.073792 0.170713
0.184844 0.073734 0.170620
0.184988 0.073697 0.170418
0.185138 0.073638 0.170324
0.185283 0.073601 0.170122
0.185429 0.073564 0.169920
0.185579 0.073505 0.169826
0.185725 0.073468 0.169623
0.185875 0.073409 0.169529
0.186022 0.073372 0.169326
0.186169 0.073333 0.169123
0.186320 0.073275 0.169028
0.186470 0.073216 0.168934
0.186618 0.073178 0.168730
0.186769 0.073119 0.168635
0.186918 0.073081 0.168431
0.187068 0.073022 0.168337
0.187219 0.072963 0.168242
0.187370 0.072905 0.168147
0.187521 0.072846 0.168052
0.187672 0.072787 0.167958
0.187822 0.072728 0.167863
0.187973 0.072670 0.167768
0.188124 0.072611 0.167674
0.188275 0.072552 0.167579
0.188426 0.072494 0.167484
0.188576 0.072435 0.167389
0.188727 0.072376 0.167295
0.188878 0.072317 0.167200
0.189029 0.072259 0.167105
0.189180 0.072200 0.167011
0.189332 0.072160 0.166804
0.189485 0.072120 0.166598
0.189636 0.072061 0.166503
0.189789 0.072021 0.166296
0.189943 0.071980 0.166088
0.190097 0.071939 0.165881
0.190252 0.071899 0.165673
0.190407 0.071858 0.165465
0.190559 0.071798 0.165369
0.190715 0.071757 0.165161
0.190871 0.071716 0.164952
0.191023 0.071656 0.164856
0.191180 0.071614 0.164647
0.191333 0.071555 0.164551
0.191490 0.071513 0.164342
0.191643 0.071453 0.164245
0.191801 0.071411 0.164036
0.191954 0.071352 0.163939
0.192113 0.071309 0.163729
0.192266 0.071250 0.163633
0.192420 0.071190 0.163536
0.192579 0.071147 0.163325
0.192732 0.071087 0.163229
0.165134 0.083579 0.169149
0.165309 0.083511 0.169039
0.166751 0.082531 0.170572
0.166947 0.082435 0.170560
0.167142 0.082340 0.170548
0.167312 0.082274 0.170441
0.167532 0.082150 0.170525
0.167751 0.082027 0.170609
0.167944 0.081933 0.170599
0.168162 0.081810 0.170684
0.168378 0.081687 0.170769
0.168570 0.081594 0.170760
0.168762 0.081500 0.170750
0.168976 0.081378 0.170837
0.169190 0.081257 0.170925
0.169380 0.081164 0.170916
0.169592 0.081043 0.171005
0.169804 0.080923 0.171093
0.170015 0.080803 0.171183
0.170225 0.080683 0.171273
0.170434 0.080563 0.171363
0.170664 0.080417 0.171551
0.170915 0.080243 0.171837
0.171164 0.080069 0.172124
0.171390 0.079924 0.172314
0.171615 0.079780 0.172506
0.171839 0.079635 0.172698
0.172041 0.079519 0.172793
0.172221 0.079429 0.172790
0.172401 0.079340 0.172788
0.172580 0.079251 0.172786
0.172740 0.079189 0.172686
0.172919 0.079101 0.172685
0.173097 0.079012 0.172683
0.173275 0.078924 0.172682
0.173453 0.078835 0.172682
0.173649 0.078721 0.172780
0.173807 0.078659 0.172681
0.173984 0.078572 0.172681
0.174178 0.078458 0.172781
0.174353 0.078371 0.172781
0.174546 0.078257 0.172882
0.174721 0.078170 0.172883
0.174912 0.078058 0.172985
0.175085 0.077971 0.172987
0.175258 0.077885 0.172989
0.175431 0.077799 0.172991
0.175603 0.077712 0.172994
0.175759 0.077652 0.172897
0.175930 0.077566 0.172900
0.176101 0.077480 0.172903
0.176272 0.077395 0.172907
0.176442 0.077310 0.172911
0.176612 0.077224 0.172915
0.176782 0.077139 0.172919
0.176951 0.077054 0.172924
0.177119 0.076970 0.172929
0.177288 0.076885 0.172934
0.177455 0.076801 0.172939
0.177623 0.076717 0.172945
0.177790 0.076632 0.172951
0.177957 0.076549 0.172957
0.178123 0.076465 0.172964
0.178289 0.076381 0.172970
0.178454 0.076298 0.172977
0.178619 0.076214 0.172985
0.178784 0.076131 0.172992
0.178948 0.076048 0.173000
0.179111 0.075966 0.173008
0.179263 0.075907 0.172913
0.179426 0.075824 0.172921
0.179577 0.075765 0.172826
0.179739 0.075683 0.172835
0.179890 0.075624 0.172740
0.180052 0.075542 0.172750
0.180213 0.075460 0.172759
0.180364 0.075402 0.172665
0.180514 0.075343 0.172570
0.180675 0.075262 0.172580
0.180825 0.075203 0.172486
0.180975 0.075145 0.172391
0.181135 0.075063 0.172402
0.181285 0.075005 0.172308
0.181435 0.074947 0.172213
0.181585 0.074888 0.172119
0.181735 0.074830 0.172025
0.181894 0.074749 0.172036
0.182043 0.074691 0.171942
0.182201 0.074610 0.171954
0.182351 0.074552 0.171860
0.182501 0.074494 0.171766
0.182650 0.074436 0.171672
0.182807 0.074355 0.171684
0.182964 0.074275 0.171697
0.183113 0.074217 0.171603
0.183262 0.074159 0.171509
0.183411 0.074101 0.171416
0.183560 0.074043 0.171322
0.183709 0.073985 0.171228
0.183859 0.073927 0.171135
0.184008 0.073869 0.171041
0.184157 0.073811 0.170947
0.184301 0.073774 0.170746
0.184450 0.073716 0.170652
0.184594 0.073679 0.170451
0.184744 0.073620 0.170357
0.184889 0.073583 0.170155
0.185039 0.073525 0.170061
0.185189 0.073466 0.169967
0.185334 0.073429 0.169764
0.185484 0.073370 0.169670
0.185631 0.073332 0.169467
0.185781 0.073274 0.169373
0.185928 0.073236 0.169170
0.186078 0.073177 0.169075
0.186226 0.073139 0.168872
0.186377 0.073080 0.168777
0.186527 0.073021 0.168682
0.186676 0.072983 0.168478
0.186827 0.072924 0.168384
0.186977 0.072865 0.168289
0.187128 0.072806 0.168194
0.187279 0.072748 0.168099
0.187430 0.072689 0.168005
0.187580 0.072650 0.167800
0.187731 0.072572 0.167815
0.187882 0.072513 0.167721
0.188033 0.072454 0.167626
0.188184 0.072395 0.167531
0.188335 0.072337 0.167436
0.188485 0.072278 0.167342
0.188636 0.072219 0.167247
0.188787 0.072161 0.167152
0.188939 0.072121 0.166946
0.189090 0.072062 0.166851
0.189242 0.072022 0.166645
0.189393 0.071963 0.166550
0.189546 0.071922 0.166343
0.189700 0.071881 0.166136
0.189854 0.071841 0.165928
0.190008 0.071800 0.165720
0.190163 0.071758 0.165512
0.190315 0.071699 0.165417
0.190470 0.071658 0.165208
0.190623 0.071598 0.165113
0.190778 0.071557 0.164904
0.190931 0.071497 0.164808
0.191088 0.071455 0.164599
0.191240 0.071396 0.164503
0.191398 0.071354 0.164293
0.191551 0.071294 0.164197
0.191708 0.071252 0.163987
0.191862 0.071192 0.163891
0.192020 0.071150 0.163680
0.192173 0.071090 0.163584
0.192332 0.071047 0.163373
0.192486 0.070987 0.163277
0.166097 0.082719 0.169977
0.166347 0.082565 0.170152
0.166622 0.082383 0.170424
0.166818 0.082287 0.170411
0.167014 0.082192 0.170399
0.167209 0.082098 0.170388
0.167404 0.082003 0.170376
0.167624 0.081880 0.170461
0.167842 0.081757 0.170545
0.168035 0.081663 0.170535
0.168228 0.081569 0.170525
0.168445 0.081448 0.170611
0.168637 0.081354 0.170601
0.168852 0.081233 0.170688
0.169042 0.081140 0.170680
0.169256 0.081019 0.170767
0.169469 0.080898 0.170856
0.169681 0.080778 0.170945
0.169892 0.080659 0.171034
0.170103 0.080539 0.171124
0.170335 0.080392 0.171311
0.170565 0.080246 0.171499
0.170816 0.080073 0.171785
0.171066 0.079901 0.172073
0.171314 0.079729 0.172361
0.171518 0.079612 0.172455
0.171742 0.079469 0.172647
0.171923 0.079379 0.172644
0.172104 0.079290 0.172642
0.172284 0.079201 0.172640
0.172464 0.079112 0.172638
0.172644 0.079024 0.172636
0.172803 0.078962 0.172536
0.173001 0.078847 0.172633
0.173179 0.078759 0.172632
0.173357 0.078671 0.172632
0.173535 0.078583 0.172631
0.173693 0.078521 0.172532
0.173888 0.078408 0.172631
0.174083 0.078294 0.172731
0.174258 0.078207 0.172732
0.174452 0.078094 0.172832
0.174626 0.078008 0.172834
0.174800 0.077921 0.172835
0.174974 0.077835 0.172837
0.175165 0.077723 0.172940
0.175337 0.077637 0.172942
0.175493 0.077576 0.172844
0.175665 0.077490 0.172847
0.175836 0.077405 0.172851
0.176008 0.077319 0.172854
0.176179 0.077234 0.172858
0.176349 0.077149 0.172862
0.176519 0.077064 0.172866
0.176689 0.076979 0.172870
0.176858 0.076894 0.172875
0.177027 0.076810 0.172880
0.177195 0.076726 0.172885
0.177363 0.076641 0.172891
0.177531 0.076557 0.172897
0.177698 0.076474 0.172903
0.177864 0.076390 0.172909
0.178031 0.076306 0.172915
0.178197 0.076223 0.172922
0.178349 0.076164 0.172827
0.178514 0.076080 0.172834
0.178679 0.075997 0.172841
0.178831 0.075938 0.172746
0.178995 0.075856 0.172754
0.179159 0.075773 0.172762
0.179323 0.075691 0.172770
0.179474 0.075632 0.172675
0.179637 0.075550 0.172684
0.179788 0.075491 0.172589
0.179950 0.075409 0.172598
0.180112 0.075327 0.172607
0.180262 0.075268 0.172513
0.180424 0.075187 0.172523
0.180574 0.075128 0.172428
0.180724 0.075070 0.172334
0.180875 0.075011 0.172239
0.181035 0.074930 0.172250
0.181185 0.074872 0.172155
0.181335 0.074813 0.172061
0.181485 0.074755 0.171967
0.181636 0.074696 0.171872
0.181795 0.074615 0.171883
0.181944 0.074557 0.171789
0.182094 0.074499 0.171695
0.182244 0.074440 0.171601
0.182402 0.074360 0.171613
0.182552 0.074302 0.171519
0.182702 0.074243 0.171425
0.182859 0.074163 0.171437
0.183009 0.074105 0.171343
0.183158 0.074047 0.171249
0.183308 0.073989 0.171155
0.183457 0.073931 0.171061
0.183607 0.073872 0.170967
0.183756 0.073814 0.170873
0.183906 0.073756 0.170779
0.184056 0.073698 0.170685
0.184200 0.073660 0.170484
0.184349 0.073602 0.170390
0.184499 0.073544 0.170296
0.184644 0.073506 0.170094
0.184794 0.073448 0.170000
0.184944 0.073389 0.169905
0.185090 0.073351 0.169703
0.185240 0.073293 0.169608
0.185390 0.073234 0.169514
0.185537 0.073196 0.169311
0.185687 0.073138 0.169217
0.185837 0.073079 0.169122
0.185985 0.073041 0.168919
0.186135 0.072982 0.168824
0.186286 0.072923 0.168729
0.186434 0.072884 0.168525
0.186585 0.072826 0.168431
0.186736 0.072767 0.168336
0.186886 0.072708 0.168241
0.187036 0.072669 0.168037
0.187187 0.072610 0.167942
0.187338 0.072551 0.167847
0.187489 0.072493 0.167752
0.187640 0.072434 0.167657
0.187791 0.072375 0.167562
0.187942 0.072316 0.167467
0.188093 0.072257 0.167373
0.188244 0.072199 0.167278
0.188395 0.072140 0.167183
0.188546 0.072100 0.166977
0.188697 0.072041 0.166882
0.188849 0.071982 0.166787
0.189000 0.071923 0.166692
0.189152 0.071883 0.166485
0.189305 0.071842 0.166278
0.189457 0.071783 0.166183
0.189610 0.071742 0.165975
0.189764 0.071701 0.165768
0.189919 0.071659 0.165560
0.190071 0.071600 0.165464
0.190226 0.071559 0.165256
0.190378 0.071499 0.165160
0.190534 0.071457 0.164951
0.190686 0.071398 0.164856
0.190839 0.071339 0.164760
0.190995 0.071297 0.164550
0.191148 0.071237 0.164454
0.191305 0.071195 0.164245
0.191458 0.071135 0.164149
0.191616 0.071093 0.163939
0.191769 0.071033 0.163842
0.191927 0.070990 0.163632
0.192086 0.070947 0.163421
0.163924 0.083920 0.167776
0.164158 0.083792 0.167852
0.164363 0.083694 0.167834
0.164650 0.083508 0.168099
0.164826 0.083439 0.167988
0.165993 0.082540 0.169922
0.166244 0.082387 0.170098
0.166493 0.082234 0.170275
0.166690 0.082139 0.170263
0.166886 0.082044 0.170251
0.167081 0.081950 0.170239
0.167277 0.081855 0.170228
0.167497 0.081732 0.170312
0.167716 0.081610 0.170397
0.167909 0.081516 0.170386
0.168127 0.081394 0.170472
0.168319 0.081301 0.170462
0.168511 0.081208 0.170452
0.168703 0.081114 0.170443
0.168918 0.080994 0.170530
0.169109 0.080901 0.170522
0.169322 0.080781 0.170610
0.169558 0.080633 0.170795
0.169747 0.080541 0.170788
0.169980 0.080395 0.170975
0.170213 0.080249 0.171162
0.170466 0.080076 0.171448
0.170630 0.080012 0.171345
0.170968 0.079732 0.172021
0.171217 0.079561 0.172310
0.171421 0.079445 0.172404
0.171645 0.079302 0.172596
0.171827 0.079213 0.172594
0.172007 0.079124 0.172591
0.172188 0.079035 0.172589
0.172347 0.078973 0.172489
0.172527 0.078884 0.172487
0.172707 0.078796 0.172486
0.172886 0.078708 0.172484
0.173064 0.078620 0.172483
0.173242 0.078532 0.172483
0.173439 0.078418 0.172581
0.173597 0.078357 0.172482
0.173793 0.078243 0.172581
0.173969 0.078156 0.172582
0.174164 0.078044 0.172682
0.174339 0.077957 0.172683
0.174532 0.077845 0.172784
0.174706 0.077758 0.172786
0.174880 0.077672 0.172788
0.175053 0.077586 0.172790
0.175226 0.077500 0.172793
0.175399 0.077414 0.172795
0.175571 0.077329 0.172798
0.175743 0.077244 0.172802
0.175914 0.077158 0.172805
0.176085 0.077073 0.172809
0.176256 0.076988 0.172813
0.176410 0.076928 0.172716
0.176580 0.076843 0.172720
0.176750 0.076759 0.172725
0.176919 0.076674 0.172730
0.177088 0.076590 0.172735
0.177256 0.076506 0.172740
0.177424 0.076422 0.172746
0.177591 0.076339 0.172752
0.177758 0.076255 0.172758
0.177925 0.076172 0.172765
0.178091 0.076088 0.172771
0.178244 0.076029 0.172676
0.178409 0.075946 0.172683
0.178575 0.075863 0.172690
0.178727 0.075804 0.172595
0.178891 0.075721 0.172602
0.179043 0.075662 0.172507
0.179207 0.075580 0.172515
0.179371 0.075498 0.172524
0.179534 0.075416 0.172532
0.179685 0.075357 0.172437
0.179848 0.075275 0.172446
0.180010 0.075193 0.172456
0.180160 0.075135 0.172361
0.180322 0.075053 0.172371
0.180473 0.074994 0.172276
0.180623 0.074936 0.172181
0.180784 0.074855 0.172192
0.180934 0.074796 0.172097
0.181085 0.074738 0.172003
0.181235 0.074679 0.171908
0.181385 0.074621 0.171814
0.181536 0.074562 0.171719
0.181695 0.074481 0.171731
0.181845 0.074423 0.171636
0.181995 0.074365 0.171542
0.182146 0.074306 0.171448
0.182296 0.074248 0.171353
0.182446 0.074189 0.171259
0.182596 0.074131 0.171165
0.182746 0.074072 0.171070
0.182897 0.074014 0.170976
0.183047 0.073955 0.170882
0.183197 0.073897 0.170787
0.183347 0.073838 0.170693
0.183497 0.073780 0.170599
0.183647 0.073721 0.170504
0.183798 0.073663 0.170410
0.183948 0.073604 0.170316
0.184098 0.073546 0.170221
0.184248 0.073488 0.170127
0.184398 0.073429 0.170033
0.184549 0.073371 0.169938
0.184694 0.073333 0.169736
0.184844 0.073274 0.169641
0.184995 0.073215 0.169547
0.185145 0.073157 0.169452
0.185295 0.073098 0.169358
0.185442 0.073060 0.169155
0.185593 0.073001 0.169060
0.185743 0.072943 0.168966
0.185894 0.072884 0.168871
0.186041 0.072845 0.168667
0.186192 0.072786 0.168572
0.186343 0.072728 0.168478
0.186492 0.072688 0.168273
0.186643 0.072629 0.168178
0.186794 0.072571 0.168084
0.186945 0.072512 0.167989
0.187096 0.072453 0.167894
0.187245 0.072413 0.167689
0.187396 0.072355 0.167594
0.187548 0.072296 0.167499
0.187699 0.072237 0.167404
0.187850 0.072178 0.167309
0.188001 0.072119 0.167214
0.188152 0.072079 0.167008
0.188304 0.072020 0.166913
0.188455 0.071961 0.166818
0.188607 0.071902 0.166723
0.188759 0.071861 0.166516
0.188910 0.071802 0.166421
0.189063 0.071761 0.166213
0.189215 0.071702 0.166118
0.189368 0.071661 0.165911
0.189520 0.071602 0.165815
0.189674 0.071560 0.165607
0.189827 0.071501 0.165512
0.189981 0.071459 0.165303
0.190134 0.071400 0.165208
0.190286 0.071341 0.165112
0.190442 0.071299 0.164903
0.190594 0.071239 0.164807
0.190747 0.071180 0.164711
0.190900 0.071120 0.164616
0.191056 0.071078 0.164406
0.191209 0.071019 0.164310
0.191366 0.070976 0.164100
0.191523 0.070933 0.163890
0.191681 0.070890 0.163680
0.163318 0.084020 0.167477
0.163610 0.083833 0.167738
0.163817 0.083735 0.167720
0.164078 0.083578 0.167890
0.164283 0.083480 0.167872
0.164571 0.083295 0.168137
0.164747 0.083226 0.168026
0.165810 0.082447 0.169584
0.166088 0.082266 0.169855
0.166312 0.082142 0.169937
0.166535 0.082019 0.170019
0.166757 0.081896 0.170102
0.166953 0.081801 0.170090
0.167174 0.081679 0.170174
0.167369 0.081584 0.170163
0.167589 0.081462 0.170248
0.167783 0.081369 0.170237
0.168001 0.081247 0.170323
0.168193 0.081154 0.170313
0.168386 0.081061 0.170303
0.168602 0.080940 0.170390
0.168793 0.080847 0.170381
0.168984 0.080755 0.170373
0.169198 0.080635 0.170461
0.169411 0.080515 0.170550
0.169624 0.080396 0.170639
0.169858 0.080250 0.170825
0.170091 0.080105 0.171013
0.170368 0.079906 0.171396
0.170531 0.079842 0.171293
0.170892 0.079537 0.172068
0.171120 0.079394 0.172259
0.171324 0.079278 0.172353
0.171527 0.079162 0.172448
0.171709 0.079073 0.172445
0.171890 0.078984 0.172443
0.172050 0.078922 0.172342
0.172231 0.078833 0.172340
0.172411 0.078745 0.172338
0.172590 0.078657 0.172337
0.172770 0.078569 0.172335
0.172968 0.078455 0.172433
0.173147 0.078367 0.172432
0.173325 0.078280 0.172432
0.173483 0.078218 0.172333
0.173679 0.078105 0.172432
0.173874 0.077992 0.172532
0.174050 0.077906 0.172533
0.174244 0.077794 0.172633
0.174419 0.077707 0.172635
0.174612 0.077596 0.172737
0.174786 0.077510 0.172739
0.174959 0.077424 0.172741
0.175132 0.077338 0.172743
0.175305 0.077253 0.172746
0.175461 0.077192 0.172648
0.175633 0.077107 0.172652
0.175804 0.077022 0.172655
0.175976 0.076937 0.172659
0.176147 0.076852 0.172663
0.176317 0.076767 0.172667
0.176487 0.076683 0.172671
0.176657 0.076599 0.172676
0.176826 0.076514 0.172681
0.176995 0.076430 0.172686
0.177149 0.076371 0.172590
0.177317 0.076287 0.172596
0.177485 0.076203 0.172601
0.177652 0.076120 0.172608
0.177819 0.076037 0.172614
0.177972 0.075977 0.172518
0.178138 0.075894 0.172525
0.178304 0.075811 0.172532
0.178470 0.075728 0.172539
0.178622 0.075669 0.172443
0.178787 0.075587 0.172451
0.178939 0.075527 0.172356
0.179103 0.075445 0.172364
0.179267 0.075363 0.172372
0.179431 0.075281 0.172381
0.179594 0.075199 0.172390
0.179745 0.075141 0.172295
0.179907 0.075059 0.172304
0.180058 0.075000 0.172209
0.180220 0.074919 0.172219
0.180382 0.074838 0.172228
0.180532 0.074779 0.172134
0.180683 0.074721 0.172039
0.180834 0.074662 0.171945
0.180984 0.074603 0.171850
0.181135 0.074545 0.171756
0.181285 0.074486 0.171661
0.181436 0.074427 0.171566
0.181586 0.074369 0.171472
0.181737 0.074310 0.171377
0.181888 0.074252 0.171283
0.182038 0.074193 0.171188
0.182189 0.074134 0.171093
0.182339 0.074076 0.170999
0.182490 0.074017 0.170904
0.182641 0.073958 0.170810
0.182791 0.073900 0.170715
0.182942 0.073841 0.170621
0.183092 0.073783 0.170526
0.183243 0.073724 0.170431
0.183394 0.073665 0.170337
0.183544 0.073607 0.170242
0.183695 0.073548 0.170148
0.183845 0.073489 0.170053
0.183996 0.073431 0.169958
0.184146 0.073372 0.169864
0.184297 0.073314 0.169769
0.184448 0.073255 0.169675
0.184598 0.073196 0.169580
0.184749 0.073138 0.169486
0.184899 0.073079 0.169391
0.185050 0.073020 0.169296
0.185201 0.072962 0.169202
0.185347 0.072923 0.168998
0.185498 0.072864 0.168904
0.185649 0.072806 0.168809
0.185800 0.072747 0.168714
0.185950 0.072688 0.168619
0.186098 0.072649 0.168415
0.186249 0.072590 0.168320
0.186400 0.072531 0.168226
0.186551 0.072472 0.168131
0.186700 0.072433 0.167926
0.186852 0.072374 0.167831
0.187003 0.072315 0.167736
0.187154 0.072256 0.167641
0.187304 0.072216 0.167435
0.187455 0.072157 0.167340
0.187607 0.072098 0.167245
0.187758 0.072039 0.167150
0.187909 0.071999 0.166944
0.188061 0.071940 0.166849
0.188212 0.071881 0.166754
0.188364 0.071840 0.166547
0.188516 0.071781 0.166452
0.188668 0.071721 0.166356
0.188821 0.071680 0.166149
0.188973 0.071621 0.166054
0.189126 0.071580 0.165846
0.189278 0.071520 0.165750
0.189432 0.071479 0.165542
0.189584 0.071419 0.165447
0.189737 0.071360 0.165351
0.189889 0.071301 0.165255
0.190042 0.071241 0.165159
0.190197 0.071199 0.164951
0.190349 0.071140 0.164855
0.190502 0.071080 0.164759
0.190655 0.071021 0.164663
0.190807 0.070962 0.164567
0.190964 0.070919 0.164358
0.191117 0.070860 0.164262
0.191274 0.070817 0.164052
0.191431 0.070774 0.163842
0.163210 0.083834 0.167420
0.163503 0.083648 0.167682
0.163737 0.083521 0.167757
0.163971 0.083393 0.167833
0.164204 0.083267 0.167910
0.164464 0.083112 0.168081
0.164750 0.082928 0.168347
0.164926 0.082860 0.168237
0.165572 0.082410 0.169057
0.165905 0.082173 0.169516
0.166156 0.082021 0.169693
0.166380 0.081898 0.169775
0.166603 0.081775 0.169858
0.166825 0.081652 0.169941
0.167046 0.081530 0.170025
0.167242 0.081436 0.170014
0.167462 0.081314 0.170099
0.167681 0.081193 0.170184
0.167874 0.081100 0.170174
0.168067 0.081007 0.170164
0.168260 0.080913 0.170154
0.168453 0.080821 0.170145
0.168668 0.080701 0.170232
0.168860 0.080608 0.170223
0.169074 0.080489 0.170311
0.169288 0.080369 0.170400
0.169477 0.080278 0.170392
0.169644 0.080213 0.170288
0.169992 0.079933 0.170961
0.170246 0.079762 0.171247
0.170410 0.079698 0.171144
0.170795 0.079369 0.172017
0.171022 0.079226 0.172208
0.171227 0.079110 0.172302
0.171431 0.078995 0.172397
0.171591 0.078932 0.172296
0.171772 0.078844 0.172294
0.171954 0.078755 0.172292
0.172114 0.078693 0.172191
0.172294 0.078605 0.172189
0.172474 0.078517 0.172188
0.172654 0.078429 0.172186
0.172833 0.078341 0.172185
0.173031 0.078228 0.172283
0.173210 0.078140 0.172283
0.173368 0.078079 0.172183
0.173565 0.077966 0.172283
0.173760 0.077854 0.172382
0.173955 0.077742 0.172483
0.174131 0.077655 0.172484
0.174306 0.077569 0.172485
0.174499 0.077458 0.172587
0.174674 0.077372 0.172589
0.174847 0.077287 0.172591
0.175021 0.077201 0.172594
0.175194 0.077116 0.172596
0.175367 0.077030 0.172599
0.175539 0.076945 0.172603
0.175711 0.076860 0.172606
0.175866 0.076800 0.172509
0.176053 0.076691 0.172614
0.176208 0.076631 0.172517
0.176378 0.076547 0.172521
0.176548 0.076462 0.172526
0.176718 0.076378 0.172531
0.176887 0.076294 0.172536
0.177056 0.076211 0.172541
0.177209 0.076151 0.172445
0.177378 0.076067 0.172451
0.177545 0.075984 0.172457
0.177699 0.075925 0.172360
0.177866 0.075841 0.172367
0.178032 0.075759 0.172374
0.178199 0.075676 0.172381
0.178351 0.075616 0.172285
0.178517 0.075534 0.172292
0.178669 0.075475 0.172196
0.178835 0.075392 0.172204
0.178999 0.075310 0.172212
0.179163 0.075228 0.172220
0.179327 0.075146 0.172229
0.179491 0.075065 0.172238
0.179654 0.074983 0.172247
0.179805 0.074924 0.172152
0.179967 0.074843 0.172161
0.180118 0.074784 0.172066
0.180280 0.074703 0.172076
0.180431 0.074645 0.171982
0.180582 0.074586 0.171887
0.180732 0.074527 0.171792
0.180883 0.074469 0.171697
0.181034 0.074410 0.171603
0.181185 0.074351 0.171508
0.181336 0.074292 0.171413
0.181486 0.074234 0.171319
0.181637 0.074175 0.171224
0.181788 0.074116 0.171129
0.181930 0.074079 0.170928
0.182081 0.074020 0.170833
0.182232 0.073961 0.170739
0.182383 0.073903 0.170644
0.182527 0.073865 0.170442
0.182678 0.073806 0.170347
0.182829 0.073747 0.170252
0.182980 0.073688 0.170157
0.183131 0.073629 0.170062
0.183289 0.073550 0.170075
0.183440 0.073491 0.169980
0.183591 0.073432 0.169885
0.183748 0.073353 0.169898
0.183899 0.073294 0.169803
0.184044 0.073256 0.169600
0.184195 0.073197 0.169506
0.184346 0.073138 0.169411
0.184502 0.073060 0.169424
0.184653 0.073001 0.169330
0.184804 0.072942 0.169235
0.184955 0.072883 0.169140
0.185106 0.072825 0.169045
0.185256 0.072766 0.168951
0.185407 0.072707 0.168856
0.185554 0.072668 0.168652
0.185705 0.072609 0.168557
0.185856 0.072550 0.168462
0.186007 0.072492 0.168368
0.186158 0.072433 0.168273
0.186307 0.072393 0.168068
0.186458 0.072334 0.167973
0.186609 0.072275 0.167878
0.186758 0.072235 0.167673
0.186910 0.072176 0.167578
0.187061 0.072117 0.167483
0.187211 0.072077 0.167277
0.187363 0.072018 0.167182
0.187514 0.071959 0.167087
0.187665 0.071918 0.166880
0.187817 0.071859 0.166785
0.187969 0.071800 0.166690
0.188121 0.071759 0.166483
0.188273 0.071700 0.166387
0.188425 0.071641 0.166292
0.188577 0.071599 0.166085
0.188730 0.071540 0.165989
0.188883 0.071498 0.165781
0.189035 0.071439 0.165686
0.189188 0.071380 0.165590
0.189340 0.071320 0.165494
0.189494 0.071278 0.165286
0.189645 0.071202 0.165303
0.189797 0.071142 0.165207
0.189952 0.071100 0.164998
0.190105 0.071041 0.164902
0.190257 0.070981 0.164807
0.190410 0.070922 0.164711
0.190563 0.070862 0.164615
0.190715 0.070803 0.164519
0.190871 0.070760 0.164309
0.191024 0.070701 0.164213
0.191181 0.070657 0.164004
0.192371 0.072355 0.149884
0.163130 0.083619 0.167457
0.163395 0.083462 0.167626
0.163630 0.083336 0.167701
0.163864 0.083209 0.167777
0.164097 0.083083 0.167854
0.164385 0.082899 0.168119
0.164644 0.082745 0.168292
0.164902 0.082592 0.168464
0.165077 0.082524 0.168355
0.165467 0.082230 0.169002
0.165747 0.082050 0.169272
0.165999 0.081899 0.169449
0.166224 0.081776 0.169531
0.166448 0.081653 0.169614
0.166670 0.081531 0.169697
0.166918 0.081381 0.169876
0.167139 0.081260 0.169960
0.167334 0.081166 0.169949
0.167554 0.081045 0.170035
0.167748 0.080952 0.170024
0.167941 0.080859 0.170014
0.168134 0.080766 0.170005
0.168327 0.080673 0.169995
0.168543 0.080553 0.170082
0.168735 0.080461 0.170074
0.168926 0.080369 0.170065
0.169164 0.080223 0.170251
0.169354 0.080131 0.170243
0.169520 0.080066 0.170138
0.169869 0.079789 0.170812
0.170147 0.079592 0.171195
0.170311 0.079528 0.171092
0.170675 0.079227 0.171868
0.170903 0.079085 0.172059
0.171108 0.078969 0.172154
0.171312 0.078854 0.172248
0.171473 0.078792 0.172148
0.171655 0.078703 0.172145
0.171836 0.078615 0.172143
0.171996 0.078552 0.172042
0.172177 0.078464 0.172040
0.172357 0.078376 0.172038
0.172537 0.078289 0.172037
0.172717 0.078201 0.172036
0.172916 0.078088 0.172134
0.173094 0.078001 0.172133
0.173253 0.077939 0.172034
0.173450 0.077827 0.172133
0.173646 0.077715 0.172233
0.173823 0.077628 0.172233
0.174018 0.077517 0.172334
0.174193 0.077431 0.172336
0.174387 0.077320 0.172437
0.174561 0.077234 0.172439
0.174736 0.077149 0.172441
0.174909 0.077063 0.172444
0.175083 0.076978 0.172446
0.175256 0.076893 0.172449
0.175428 0.076808 0.172453
0.175600 0.076723 0.172456
0.175772 0.076639 0.172460
0.175944 0.076554 0.172464
0.176115 0.076470 0.172468
0.176285 0.076386 0.172472
0.176455 0.076302 0.172477
0.176609 0.076242 0.172380
0.176779 0.076158 0.172385
0.176948 0.076075 0.172391
0.177102 0.076015 0.172294
0.177270 0.075931 0.172300
0.177424 0.075871 0.172203
0.177592 0.075788 0.172209
0.177745 0.075729 0.172113
0.177913 0.075646 0.172119
0.178079 0.075563 0.172126
0.178232 0.075503 0.172030
0.178399 0.075421 0.172037
0.178564 0.075339 0.172045
0.178730 0.075257 0.172052
0.178895 0.075175 0.172060
0.179059 0.075093 0.172069
0.179224 0.075011 0.172077
0.179387 0.074930 0.172086
0.179551 0.074848 0.172095
0.179702 0.074789 0.172000
0.179865 0.074708 0.172009
0.180027 0.074627 0.172019
0.180178 0.074569 0.171924
0.180329 0.074510 0.171829
0.180480 0.074451 0.171734
0.180631 0.074392 0.171639
0.180782 0.074333 0.171544
0.180933 0.074275 0.171450
0.181084 0.074216 0.171355
0.181235 0.074157 0.171260
0.181386 0.074098 0.171165
0.181537 0.074039 0.171070
0.181679 0.074002 0.170869
0.181831 0.073943 0.170774
0.181982 0.073884 0.170679
0.182133 0.073825 0.170584
0.182276 0.073787 0.170383
0.182427 0.073728 0.170288
0.182579 0.073669 0.170193
0.182730 0.073610 0.170098
0.182882 0.073551 0.170003
0.183033 0.073493 0.169907
0.183185 0.073434 0.169812
0.183336 0.073375 0.169717
0.183494 0.073295 0.169730
0.183645 0.073237 0.169635
0.183796 0.073178 0.169540
0.183947 0.073119 0.169445
0.184099 0.073060 0.169350
0.184250 0.073001 0.169255
0.184406 0.072923 0.169268
0.184557 0.072864 0.169173
0.184708 0.072805 0.169079
0.184859 0.072746 0.168984
0.185010 0.072687 0.168889
0.185161 0.072629 0.168794
0.185312 0.072570 0.168699
0.185463 0.072511 0.168604
0.185614 0.072452 0.168509
0.185762 0.072412 0.168305
0.185913 0.072354 0.168210
0.186064 0.072295 0.168115
0.186215 0.072236 0.168020
0.186367 0.072177 0.167925
0.186516 0.072137 0.167720
0.186667 0.072078 0.167625
0.186817 0.072037 0.167420
0.186968 0.071978 0.167324
0.187118 0.071938 0.167118
0.187270 0.071879 0.167023
0.187421 0.071838 0.166817
0.187572 0.071796 0.166610
0.187724 0.071737 0.166515
0.187876 0.071678 0.166419
0.188028 0.071636 0.166212
0.188181 0.071577 0.166116
0.188333 0.071518 0.166021
0.188486 0.071458 0.165925
0.188639 0.071417 0.165717
0.188791 0.071357 0.165621
0.188944 0.071298 0.165525
0.189097 0.071238 0.165429
0.189249 0.071179 0.165334
0.189402 0.071119 0.165238
0.189555 0.071060 0.165142
0.189707 0.071001 0.165046
0.189860 0.070941 0.164950
0.190013 0.070882 0.164854
0.190165 0.070822 0.164758
0.190318 0.070763 0.164663
0.190471 0.070704 0.164567
0.190623 0.070644 0.164471
0.190779 0.070601 0.164261
0.192086 0.072239 0.149940
0.192263 0.072170 0.149828
0.163022 0.083433 0.167401
0.163316 0.083248 0.167663
0.163551 0.083122 0.167739
0.163785 0.082996 0.167815
0.163991 0.082898 0.167798
0.164279 0.082716 0.168064
0.164511 0.082591 0.168142
0.164796 0.082410 0.168409
0.165026 0.082286 0.168488
0.165308 0.082106 0.168758
0.165590 0.081926 0.169028
0.165842 0.081775 0.169204
0.166094 0.081625 0.169382
0.166318 0.081503 0.169464
0.166567 0.081353 0.169643
0.166790 0.081232 0.169727
0.167037 0.081083 0.169907
0.167206 0.081017 0.169800
0.167426 0.080896 0.169885
0.167621 0.080803 0.169875
0.167815 0.080710 0.169865
0.168008 0.080618 0.169855
0.168225 0.080498 0.169942
0.168418 0.080406 0.169933
0.168610 0.080313 0.169924
0.168801 0.080221 0.169915
0.169040 0.080076 0.170101
0.169230 0.079985 0.170093
0.169443 0.079867 0.170183
0.169747 0.079643 0.170662
0.170026 0.079447 0.171046
0.170190 0.079384 0.170943
0.170555 0.079084 0.171719
0.170805 0.078917 0.172008
0.170989 0.078828 0.172005
0.171194 0.078713 0.172100
0.171354 0.078650 0.171999
0.171537 0.078562 0.171996
0.171718 0.078474 0.171993
0.171879 0.078411 0.171893
0.172060 0.078323 0.171891
0.172240 0.078236 0.171889
0.172421 0.078148 0.171887
0.172601 0.078060 0.171886
0.172780 0.077973 0.171885
0.172979 0.077861 0.171984
0.173138 0.077799 0.171884
0.173316 0.077712 0.171884
0.173513 0.077600 0.171983
0.173709 0.077489 0.172084
0.173886 0.077403 0.172085
0.174080 0.077292 0.172186
0.174256 0.077206 0.172187
0.174449 0.077096 0.172289
0.174623 0.077011 0.172291
0.174798 0.076925 0.172294
0.174971 0.076840 0.172296
0.175145 0.076755 0.172299
0.175317 0.076670 0.172302
0.175507 0.076562 0.172407
0.175662 0.076501 0.172309
0.175834 0.076417 0.172313
0.176005 0.076333 0.172317
0.176176 0.076249 0.172322
0.176346 0.076165 0.172326
0.176501 0.076105 0.172229
0.176671 0.076021 0.172234
0.176825 0.075961 0.172138
0.176994 0.075878 0.172143
0.177148 0.075818 0.172046
0.177317 0.075735 0.172052
0.177471 0.075675 0.171955
0.177639 0.075592 0.171962
0.177792 0.075532 0.171865
0.177960 0.075449 0.171872
0.178113 0.075390 0.171775
0.178280 0.075307 0.171782
0.178446 0.075225 0.171789
0.178612 0.075143 0.171797
0.178778 0.075061 0.171805
0.178943 0.074979 0.171813
0.179107 0.074898 0.171821
0.179284 0.074794 0.171934
0.179436 0.074735 0.171838
0.179599 0.074654 0.171847
0.179762 0.074573 0.171857
0.179925 0.074492 0.171866
0.180076 0.074433 0.171771
0.180227 0.074374 0.171676
0.180378 0.074316 0.171581
0.180530 0.074257 0.171486
0.180681 0.074198 0.171391
0.180832 0.074139 0.171296
0.180983 0.074080 0.171201
0.181134 0.074021 0.171107
0.181286 0.073962 0.171012
0.181428 0.073925 0.170811
0.181579 0.073866 0.170716
0.181730 0.073807 0.170620
0.181873 0.073768 0.170419
0.182025 0.073709 0.170324
0.182177 0.073650 0.170229
0.182328 0.073591 0.170133
0.182480 0.073532 0.170038
0.182631 0.073473 0.169943
0.182783 0.073414 0.169848
0.182935 0.073355 0.169752
0.183086 0.073296 0.169657
0.183238 0.073237 0.169562
0.183389 0.073178 0.169467
0.183541 0.073119 0.169371
0.183699 0.073040 0.169384
0.183850 0.072981 0.169289
0.184002 0.072922 0.169194
0.184153 0.072863 0.169099
0.184310 0.072785 0.169112
0.184461 0.072726 0.169017
0.184612 0.072667 0.168922
0.184763 0.072608 0.168827
0.184915 0.072550 0.168732
0.185066 0.072491 0.168637
0.185217 0.072432 0.168542
0.185368 0.072373 0.168447
0.185519 0.072314 0.168352
0.185671 0.072255 0.168257
0.185822 0.072196 0.168162
0.185970 0.072156 0.167958
0.186121 0.072097 0.167863
0.186273 0.072038 0.167767
0.186422 0.071998 0.167562
0.186573 0.071939 0.167467
0.186723 0.071898 0.167261
0.186873 0.071857 0.167055
0.187025 0.071798 0.166960
0.187176 0.071757 0.166753
0.187327 0.071715 0.166547
0.187479 0.071656 0.166451
0.187631 0.071614 0.166244
0.187783 0.071555 0.166148
0.187936 0.071513 0.165941
0.188089 0.071454 0.165845
0.188241 0.071394 0.165749
0.188394 0.071335 0.165653
0.188547 0.071275 0.165557
0.188700 0.071216 0.165461
0.188854 0.071173 0.165253
0.189007 0.071114 0.165156
0.189159 0.071037 0.165173
0.189311 0.070978 0.165077
0.189464 0.070918 0.164981
0.189617 0.070859 0.164885
0.189770 0.070799 0.164789
0.189920 0.070723 0.164806
0.190073 0.070664 0.164710
0.190226 0.070604 0.164614
0.190378 0.070545 0.164518
0.190531 0.070485 0.164423
0.191619 0.072177 0.150221
0.191797 0.072108 0.150110
0.191978 0.072055 0.149884
0.162915 0.083247 0.167344
0.163209 0.083063 0.167607
0.163444 0.082937 0.167683
0.163678 0.082811 0.167759
0.163884 0.082714 0.167742
0.164145 0.082561 0.167914
0.164405 0.082408 0.168086
0.164663 0.082256 0.168259
0.164920 0.082104 0.168433
0.165176 0.081953 0.168608
0.165431 0.081802 0.168784
0.165685 0.081651 0.168960
0.165937 0.081501 0.169137
0.166162 0.081380 0.169219
0.166412 0.081230 0.169398
0.166661 0.081082 0.169577
0.166883 0.080961 0.169661
0.167104 0.080841 0.169746
0.167324 0.080720 0.169832
0.167519 0.080627 0.169821
0.167713 0.080535 0.169812
0.167906 0.080442 0.169802
0.168099 0.080350 0.169792
0.168292 0.080257 0.169783
0.168484 0.080165 0.169774
0.168676 0.080073 0.169766
0.168891 0.079955 0.169854
0.169106 0.079837 0.169943
0.169343 0.079694 0.170130
0.169624 0.079498 0.170513
0.169904 0.079303 0.170896
0.170068 0.079239 0.170793
0.170434 0.078941 0.171570
0.170664 0.078800 0.171761
0.170847 0.078712 0.171758
0.171075 0.078571 0.171951
0.171236 0.078509 0.171849
0.171418 0.078420 0.171847
0.171600 0.078332 0.171844
0.171761 0.078270 0.171743
0.171942 0.078182 0.171741
0.172123 0.078094 0.171739
0.172304 0.078007 0.171738
0.172484 0.077919 0.171736
0.172664 0.077832 0.171735
0.172843 0.077745 0.171735
0.173003 0.077683 0.171634
0.173201 0.077571 0.171734
0.173379 0.077485 0.171734
0.173576 0.077374 0.171834
0.173753 0.077288 0.171834
0.173948 0.077177 0.171936
0.174143 0.077067 0.172037
0.174318 0.076982 0.172039
0.174493 0.076896 0.172041
0.174685 0.076787 0.172144
0.174860 0.076702 0.172146
0.175033 0.076617 0.172149
0.175206 0.076532 0.172152
0.175396 0.076424 0.172257
0.175552 0.076364 0.172159
0.175724 0.076279 0.172163
0.175895 0.076195 0.172167
0.176066 0.076111 0.172171
0.176237 0.076028 0.172176
0.176392 0.075967 0.172079
0.176562 0.075884 0.172084
0.176717 0.075824 0.171986
0.176886 0.075741 0.171992
0.177040 0.075681 0.171895
0.177195 0.075621 0.171798
0.177363 0.075538 0.171804
0.177517 0.075478 0.171707
0.177672 0.075418 0.171610
0.177839 0.075335 0.171617
0.178007 0.075253 0.171623
0.178161 0.075193 0.171527
0.178327 0.075111 0.171534
0.178494 0.075029 0.171541
0.178660 0.074947 0.171549
0.178826 0.074865 0.171557
0.179003 0.074761 0.171669
0.179168 0.074680 0.171677
0.179332 0.074599 0.171686
0.179496 0.074518 0.171695
0.179659 0.074437 0.171704
0.179822 0.074356 0.171714
0.179974 0.074298 0.171619
0.180125 0.074239 0.171524
0.180276 0.074180 0.171428
0.180428 0.074121 0.171333
0.180579 0.074062 0.171238
0.180731 0.074003 0.171143
0.180882 0.073944 0.171048
0.181024 0.073906 0.170847
0.181175 0.073847 0.170752
0.181327 0.073788 0.170657
0.181479 0.073729 0.170562
0.181621 0.073691 0.170360
0.181773 0.073631 0.170265
0.181925 0.073572 0.170169
0.182068 0.073534 0.169967
0.182221 0.073474 0.169872
0.182373 0.073415 0.169776
0.182525 0.073356 0.169681
0.182677 0.073297 0.169585
0.182829 0.073238 0.169490
0.182988 0.073159 0.169502
0.183140 0.073099 0.169406
0.183291 0.073040 0.169311
0.183443 0.072981 0.169216
0.183595 0.072922 0.169120
0.183753 0.072843 0.169133
0.183904 0.072784 0.169038
0.184056 0.072725 0.168943
0.184208 0.072666 0.168847
0.184364 0.072588 0.168861
0.184516 0.072529 0.168766
0.184667 0.072470 0.168671
0.184819 0.072411 0.168575
0.184970 0.072352 0.168480
0.185122 0.072293 0.168385
0.185273 0.072234 0.168290
0.185424 0.072175 0.168195
0.185576 0.072117 0.168100
0.185727 0.072058 0.168005
0.185879 0.071999 0.167910
0.186027 0.071958 0.167705
0.186176 0.071917 0.167499
0.186328 0.071858 0.167404
0.186477 0.071817 0.167198
0.186627 0.071776 0.166992
0.186779 0.071717 0.166897
0.186930 0.071675 0.166690
0.187081 0.071634 0.166483
0.187232 0.071592 0.166277
0.187385 0.071533 0.166181
0.187537 0.071491 0.165973
0.187690 0.071431 0.165877
0.187843 0.071372 0.165781
0.187996 0.071329 0.165573
0.188149 0.071270 0.165477
0.188302 0.071210 0.165381
0.188456 0.071150 0.165284
0.188609 0.071091 0.165188
0.188762 0.071031 0.165092
0.188915 0.070971 0.164996
0.189069 0.070912 0.164899
0.189221 0.070835 0.164916
0.189372 0.070759 0.164933
0.189525 0.070700 0.164837
0.189678 0.070640 0.164741
0.189831 0.070581 0.164645
0.189981 0.070505 0.164662
0.190134 0.070445 0.164566
0.190286 0.070386 0.164470
0.191335 0.072062 0.150276
0.191512 0.071992 0.150165
0.191690 0.071923 0.150054
0.163308 0.082780 0.167533
0.163571 0.082627 0.167703
0.163805 0.082502 0.167780
0.164066 0.082350 0.167952
0.164298 0.082225 0.168031
0.164530 0.082101 0.168109
0.164787 0.081950 0.168283
0.165044 0.081799 0.168458
0.165300 0.081649 0.168634
0.165554 0.081499 0.168810
0.165807 0.081350 0.168987
0.166032 0.081228 0.169070
0.166283 0.081080 0.169248
0.166558 0.080905 0.169523
0.166780 0.080784 0.169608
0.167002 0.080664 0.169693
0.167197 0.080571 0.169682
0.167391 0.080478 0.169672
0.167586 0.080386 0.169662
0.167780 0.080293 0.169652
0.167973 0.080201 0.169643
0.168166 0.080109 0.169633
0.168359 0.080017 0.169624
0.168551 0.079925 0.169616
0.168767 0.079807 0.169704
0.168981 0.079690 0.169793
0.169219 0.079547 0.169980
0.169385 0.079482 0.169876
0.169736 0.079210 0.170552
0.170014 0.079016 0.170936
0.170314 0.078798 0.171420
0.170544 0.078658 0.171612
0.170750 0.078543 0.171707
0.170934 0.078455 0.171703
0.171095 0.078392 0.171602
0.171278 0.078304 0.171599
0.171461 0.078216 0.171596
0.171643 0.078128 0.171594
0.171804 0.078065 0.171493
0.171985 0.077978 0.171491
0.172166 0.077890 0.171489
0.172347 0.077803 0.171487
0.172527 0.077716 0.171486
0.172707 0.077629 0.171485
0.172907 0.077517 0.171584
0.173066 0.077455 0.171484
0.173245 0.077369 0.171484
0.173442 0.077258 0.171584
0.173620 0.077172 0.171584
0.173816 0.077062 0.171685
0.173992 0.076976 0.171686
0.174187 0.076866 0.171788
0.174362 0.076781 0.171790
0.174555 0.076672 0.171892
0.174730 0.076587 0.171895
0.174922 0.076478 0.171998
0.175095 0.076394 0.172001
0.175268 0.076309 0.172005
0.175441 0.076225 0.172008
0.175613 0.076141 0.172012
0.175785 0.076057 0.172016
0.175957 0.075974 0.172020
0.176128 0.075890 0.172025
0.176283 0.075830 0.171928
0.176453 0.075746 0.171932
0.176608 0.075686 0.171835
0.176763 0.075626 0.171738
0.176932 0.075543 0.171744
0.177087 0.075483 0.171647
0.177241 0.075423 0.171550
0.177410 0.075340 0.171555
0.177564 0.075280 0.171459
0.177733 0.075197 0.171465
0.177887 0.075137 0.171368
0.178054 0.075055 0.171375
0.178208 0.074995 0.171278
0.178375 0.074913 0.171285
0.178542 0.074832 0.171293
0.178721 0.074728 0.171404
0.178886 0.074647 0.171412
0.179051 0.074565 0.171421
0.179228 0.074463 0.171534
0.179380 0.074403 0.171438
0.179544 0.074322 0.171447
0.179708 0.074242 0.171456
0.179871 0.074161 0.171466
0.180023 0.074102 0.171371
0.180174 0.074043 0.171275
0.180326 0.073984 0.171180
0.180477 0.073925 0.171085
0.180629 0.073866 0.170990
0.180781 0.073807 0.170895
0.180922 0.073769 0.170693
0.181074 0.073710 0.170598
0.181226 0.073651 0.170503
0.181378 0.073592 0.170407
0.181521 0.073553 0.170206
0.181673 0.073494 0.170110
0.181816 0.073455 0.169908
0.181968 0.073396 0.169813
0.182121 0.073336 0.169717
0.182273 0.073277 0.169621
0.182425 0.073218 0.169526
0.182577 0.073159 0.169430
0.182729 0.073099 0.169334
0.182889 0.073020 0.169346
0.183041 0.072961 0.169251
0.183193 0.072902 0.169155
0.183345 0.072843 0.169060
0.183497 0.072784 0.168964
0.183655 0.072705 0.168977
0.183807 0.072646 0.168882
0.183959 0.072587 0.168786
0.184116 0.072509 0.168799
0.184268 0.072450 0.168704
0.184419 0.072391 0.168609
0.184571 0.072332 0.168514
0.184727 0.072254 0.168528
0.184879 0.072195 0.168433
0.185030 0.072136 0.168337
0.185182 0.072077 0.168242
0.185333 0.072018 0.168147
0.185484 0.071959 0.168052
0.185632 0.071918 0.167847
0.185781 0.071878 0.167642
0.185932 0.071818 0.167547
0.186081 0.071777 0.167341
0.186231 0.071736 0.167135
0.186381 0.071695 0.166929
0.186531 0.071653 0.166723
0.186681 0.071612 0.166516
0.186834 0.071552 0.166420
0.186985 0.071510 0.166213
0.187137 0.071468 0.166006
0.187290 0.071409 0.165910
0.187443 0.071366 0.165702
0.187596 0.071307 0.165606
0.187749 0.071247 0.165509
0.187903 0.071187 0.165413
0.188056 0.071127 0.165317
0.188210 0.071068 0.165220
0.188363 0.071008 0.165124
0.188517 0.070948 0.165027
0.188670 0.070872 0.165043
0.188823 0.070812 0.164947
0.188976 0.070752 0.164851
0.189129 0.070693 0.164755
0.189281 0.070617 0.164771
0.189434 0.070557 0.164675
0.189585 0.070481 0.164692
0.189738 0.070422 0.164596
0.189889 0.070346 0.164614
0.190042 0.070287 0.164518
0.190194 0.070227 0.164422
0.191228 0.071877 0.150220
0.191405 0.071808 0.150109
0.162786 0.082790 0.167512
0.163023 0.082665 0.167588
0.163258 0.082540 0.167664
0.163493 0.082415 0.167741
0.163727 0.082290 0.167819
0.163960 0.082166 0.167897
0.164192 0.082042 0.167975
0.164424 0.081919 0.168054
0.164682 0.081768 0.168228
0.164912 0.081645 0.168308
0.165168 0.081496 0.168484
0.165422 0.081346 0.168660
0.165676 0.081198 0.168837
0.165928 0.081049 0.169015
0.166179 0.080901 0.169194
0.166455 0.080727 0.169469
0.166652 0.080634 0.169458
0.166873 0.080514 0.169543
0.167069 0.080422 0.169533
0.167289 0.080302 0.169618
0.167459 0.080236 0.169512
0.167653 0.080144 0.169502
0.167847 0.080052 0.169493
0.168040 0.079960 0.169483
0.168257 0.079842 0.169571
0.168450 0.079750 0.169562
0.168665 0.079633 0.169651
0.168857 0.079542 0.169643
0.169118 0.079373 0.169928
0.169285 0.079308 0.169823
0.169636 0.079038 0.170499
0.169916 0.078846 0.170885
0.170125 0.078731 0.170977
0.170401 0.078540 0.171365
0.170586 0.078451 0.171361
0.170792 0.078338 0.171456
0.170976 0.078249 0.171452
0.171159 0.078161 0.171449
0.171320 0.078098 0.171348
0.171503 0.078011 0.171345
0.171686 0.077923 0.171343
0.171847 0.077860 0.171242
0.172028 0.077773 0.171240
0.172210 0.077686 0.171238
0.172390 0.077598 0.171237
0.172571 0.077511 0.171236
0.172771 0.077400 0.171334
0.172931 0.077338 0.171234
0.173110 0.077252 0.171233
0.173289 0.077165 0.171233
0.173486 0.077055 0.171334
0.173664 0.076969 0.171334
0.173878 0.076835 0.171536
0.174055 0.076750 0.171537
0.174249 0.076641 0.171639
0.174425 0.076556 0.171641
0.174618 0.076447 0.171744
0.174792 0.076363 0.171747
0.174984 0.076255 0.171851
0.175157 0.076171 0.171854
0.175330 0.076087 0.171858
0.175503 0.076003 0.171861
0.175675 0.075919 0.171865
0.175847 0.075835 0.171869
0.176002 0.075775 0.171772
0.176173 0.075691 0.171776
0.176328 0.075631 0.171679
0.176499 0.075548 0.171684
0.176669 0.075465 0.171689
0.176824 0.075405 0.171592
0.176979 0.075345 0.171495
0.177133 0.075284 0.171398
0.177288 0.075224 0.171301
0.177443 0.075164 0.171203
0.177611 0.075081 0.171210
0.177766 0.075021 0.171113
0.177934 0.074939 0.171119
0.178102 0.074857 0.171126
0.178269 0.074775 0.171133
0.178436 0.074694 0.171140
0.178603 0.074612 0.171148
0.178781 0.074509 0.171260
0.178947 0.074428 0.171268
0.179112 0.074347 0.171277
0.179277 0.074266 0.171285
0.179441 0.074186 0.171294
0.179605 0.074105 0.171303
0.179768 0.074025 0.171313
0.179920 0.073966 0.171218
0.180072 0.073907 0.171122
0.180224 0.073848 0.171027
0.180375 0.073788 0.170932
0.180527 0.073729 0.170836
0.180679 0.073670 0.170741
0.180821 0.073632 0.170540
0.180973 0.073572 0.170444
0.181125 0.073513 0.170349
0.181277 0.073454 0.170253
0.181420 0.073415 0.170051
0.181572 0.073356 0.169956
0.181716 0.073317 0.169753
0.181868 0.073257 0.169658
0.182020 0.073198 0.169562
0.182173 0.073139 0.169466
0.182325 0.073079 0.169370
0.182478 0.073020 0.169275
0.182630 0.072961 0.169179
0.182790 0.072882 0.169191
0.182942 0.072823 0.169095
0.183094 0.072763 0.168999
0.183247 0.072704 0.168904
0.183405 0.072626 0.168916
0.183557 0.072566 0.168821
0.183709 0.072507 0.168725
0.183867 0.072429 0.168738
0.184019 0.072370 0.168643
0.184171 0.072311 0.168548
0.184323 0.072252 0.168452
0.184480 0.072174 0.168466
0.184631 0.072115 0.168371
0.184783 0.072056 0.168275
0.184934 0.071997 0.168180
0.185086 0.071938 0.168085
0.185238 0.071879 0.167990
0.185385 0.071838 0.167785
0.185537 0.071779 0.167689
0.185686 0.071738 0.167484
0.185834 0.071696 0.167278
0.185984 0.071655 0.167072
0.186133 0.071613 0.166866
0.186283 0.071572 0.166660
0.186434 0.071530 0.166453
0.186585 0.071488 0.166246
0.186738 0.071428 0.166150
0.186890 0.071386 0.165943
0.187041 0.071343 0.165735
0.187195 0.071284 0.165639
0.187349 0.071224 0.165542
0.187502 0.071164 0.165446
0.187655 0.071121 0.165237
0.187809 0.071061 0.165141
0.187963 0.071001 0.165044
0.188117 0.070941 0.164948
0.188271 0.070882 0.164851
0.188424 0.070805 0.164867
0.188578 0.070745 0.164770
0.188731 0.070669 0.164786
0.188885 0.070609 0.164690
0.189038 0.070549 0.164593
0.189190 0.070474 0.164610
0.189342 0.070398 0.164627
0.189495 0.070338 0.164531
0.189648 0.070279 0.164435
0.190940 0.071746 0.150390
0.191117 0.071677 0.150279
0.191298 0.071623 0.150053
0.162679 0.082605 0.167456
0.162915 0.082480 0.167532
0.163151 0.082355 0.167608
0.163386 0.082231 0.167685
0.163620 0.082107 0.167763
0.163882 0.081955 0.167935
0.164114 0.081832 0.168014
0.164318 0.081736 0.167998
0.164549 0.081614 0.168078
0.164779 0.081491 0.168158
0.165035 0.081342 0.168334
0.165291 0.081193 0.168510
0.165545 0.081045 0.168688
0.165718 0.080978 0.168579
0.166076 0.080723 0.169140
0.166326 0.080577 0.169320
0.166549 0.080457 0.169404
0.166771 0.080338 0.169489
0.166967 0.080245 0.169479
0.167162 0.080153 0.169469
0.167356 0.080060 0.169459
0.167551 0.079968 0.169449
0.167745 0.079876 0.169439
0.167938 0.079785 0.169430
0.168131 0.079693 0.169421
0.168324 0.079602 0.169412
0.168540 0.079484 0.169501
0.168732 0.079393 0.169493
0.168994 0.079226 0.169777
0.169231 0.079084 0.169965
0.169513 0.078892 0.170350
0.169725 0.078777 0.170441
0.170026 0.078561 0.170926
0.170235 0.078447 0.171019
0.170465 0.078308 0.171211
0.170650 0.078219 0.171208
0.170834 0.078131 0.171204
0.171018 0.078043 0.171201
0.171201 0.077955 0.171198
0.171363 0.077892 0.171097
0.171546 0.077805 0.171094
0.171728 0.077717 0.171092
0.171910 0.077630 0.171090
0.172071 0.077567 0.170989
0.172273 0.077456 0.171086
0.172454 0.077369 0.171085
0.172614 0.077307 0.170984
0.172775 0.077244 0.170884
0.172974 0.077134 0.170983
0.173154 0.077047 0.170983
0.173352 0.076937 0.171083
0.173530 0.076851 0.171083
0.173727 0.076742 0.171184
0.173923 0.076633 0.171286
0.174117 0.076524 0.171388
0.174294 0.076439 0.171390
0.174487 0.076331 0.171493
0.174680 0.076223 0.171596
0.174854 0.076139 0.171599
0.175046 0.076031 0.171703
0.175219 0.075947 0.171707
0.175392 0.075864 0.171710
0.175564 0.075780 0.171714
0.175737 0.075697 0.171718
0.175908 0.075613 0.171723
0.176064 0.075553 0.171625
0.176235 0.075470 0.171630
0.176390 0.075409 0.171533
0.176545 0.075349 0.171435
0.176700 0.075289 0.171338
0.176855 0.075228 0.171240
0.177025 0.075146 0.171246
0.177180 0.075085 0.171149
0.177335 0.075025 0.171051
0.177504 0.074943 0.171057
0.177659 0.074883 0.170960
0.177827 0.074801 0.170967
0.177982 0.074740 0.170870
0.178150 0.074659 0.170877
0.178317 0.074577 0.170884
0.178497 0.074474 0.170995
0.178663 0.074393 0.171003
0.178829 0.074312 0.171011
0.179007 0.074210 0.171124
0.179172 0.074129 0.171132
0.179337 0.074048 0.171141
0.179501 0.073968 0.171150
0.179653 0.073909 0.171055
0.179817 0.073829 0.171064
0.179969 0.073769 0.170969
0.180121 0.073710 0.170873
0.180273 0.073651 0.170778
0.180425 0.073592 0.170682
0.180577 0.073533 0.170587
0.180729 0.073474 0.170492
0.180871 0.073435 0.170290
0.181023 0.073375 0.170194
0.181176 0.073316 0.170099
0.181319 0.073277 0.169897
0.181471 0.073218 0.169801
0.181615 0.073178 0.169598
0.181767 0.073119 0.169503
0.181920 0.073059 0.169407
0.182073 0.073000 0.169311
0.182225 0.072940 0.169215
0.182378 0.072881 0.169119
0.182531 0.072822 0.169023
0.182691 0.072743 0.169035
0.182843 0.072683 0.168939
0.182995 0.072624 0.168843
0.183148 0.072565 0.168748
0.183307 0.072486 0.168760
0.183459 0.072427 0.168664
0.183611 0.072368 0.168569
0.183770 0.072290 0.168582
0.183922 0.072231 0.168486
0.184074 0.072171 0.168391
0.184231 0.072094 0.168404
0.184383 0.072035 0.168309
0.184535 0.071976 0.168214
0.184686 0.071916 0.168118
0.184838 0.071857 0.168023
0.184990 0.071798 0.167927
0.185142 0.071739 0.167832
0.185290 0.071698 0.167627
0.185442 0.071639 0.167531
0.185590 0.071597 0.167326
0.185739 0.071556 0.167120
0.185889 0.071514 0.166914
0.186035 0.071490 0.166597
0.186186 0.071448 0.166390
0.186337 0.071406 0.166183
0.186488 0.071363 0.165976
0.186641 0.071303 0.165880
0.186793 0.071261 0.165672
0.186947 0.071201 0.165575
0.187099 0.071158 0.165367
0.187254 0.071098 0.165271
0.187408 0.071038 0.165174
0.187562 0.070978 0.165077
0.187716 0.070918 0.164980
0.187870 0.070858 0.164884
0.188024 0.070798 0.164787
0.188178 0.070738 0.164690
0.188332 0.070678 0.164593
0.188486 0.070602 0.164609
0.188640 0.070542 0.164512
0.188793 0.070466 0.164528
0.188946 0.070406 0.164432
0.189099 0.070330 0.164448
0.189252 0.070270 0.164352
0.190656 0.071631 0.150445
0.190833 0.071562 0.150334
0.191010 0.071493 0.150223
0.159024 0.085207 0.159846
0.159220 0.085131 0.159723
0.163776 0.081772 0.167880
0.164008 0.081649 0.167958
0.164212 0.081554 0.167943
0.164443 0.081432 0.168023
0.164673 0.081310 0.168103
0.164903 0.081188 0.168184
0.165186 0.081013 0.168455
0.165441 0.080865 0.168633
0.165721 0.080692 0.168907
0.165972 0.080545 0.169086
0.166223 0.080399 0.169266
0.166446 0.080280 0.169350
0.166668 0.080161 0.169436
0.166864 0.080069 0.169425
0.167059 0.079976 0.169415
0.167229 0.079910 0.169309
0.167424 0.079818 0.169299
0.167618 0.079727 0.169289
0.167812 0.079635 0.169280
0.168005 0.079544 0.169271
0.168222 0.079427 0.169359
0.168415 0.079335 0.169351
0.168631 0.079219 0.169440
0.168870 0.079078 0.169627
0.169131 0.078911 0.169913
0.169390 0.078745 0.170200
0.169625 0.078605 0.170389
0.169882 0.078441 0.170678
0.170091 0.078327 0.170771
0.170322 0.078189 0.170964
0.170507 0.078100 0.170960
0.170692 0.078012 0.170956
0.170877 0.077924 0.170953
0.171061 0.077836 0.170950
0.171244 0.077749 0.170947
0.171427 0.077661 0.170944
0.171589 0.077598 0.170842
0.171771 0.077511 0.170840
0.171954 0.077424 0.170838
0.172135 0.077337 0.170837
0.172317 0.077250 0.170835
0.172498 0.077164 0.170834
0.172658 0.077101 0.170733
0.172838 0.077015 0.170732
0.173018 0.076929 0.170732
0.173198 0.076843 0.170731
0.173396 0.076733 0.170832
0.173593 0.076624 0.170933
0.173771 0.076538 0.170933
0.173967 0.076430 0.171035
0.174162 0.076322 0.171138
0.174356 0.076214 0.171241
0.174549 0.076106 0.171344
0.174742 0.075999 0.171448
0.174916 0.075915 0.171451
0.175107 0.075808 0.171556
0.175281 0.075724 0.171559
0.175454 0.075641 0.171563
0.175626 0.075557 0.171567
0.175782 0.075497 0.171469
0.175954 0.075414 0.171474
0.176125 0.075331 0.171479
0.176281 0.075270 0.171381
0.176436 0.075210 0.171283
0.176591 0.075149 0.171186
0.176762 0.075067 0.171191
0.176917 0.075006 0.171094
0.177072 0.074946 0.170996
0.177227 0.074886 0.170899
0.177382 0.074825 0.170802
0.177537 0.074765 0.170704
0.177706 0.074683 0.170710
0.177875 0.074601 0.170717
0.178043 0.074520 0.170724
0.178211 0.074438 0.170731
0.178378 0.074357 0.170738
0.178545 0.074276 0.170746
0.178724 0.074173 0.170858
0.178890 0.074093 0.170866
0.179056 0.074012 0.170875
0.179233 0.073911 0.170988
0.179397 0.073830 0.170997
0.179550 0.073771 0.170902
0.179714 0.073691 0.170911
0.179866 0.073632 0.170816
0.180018 0.073573 0.170720
0.180170 0.073513 0.170624
0.180323 0.073454 0.170529
0.180475 0.073395 0.170433
0.180627 0.073336 0.170337
0.180769 0.073296 0.170136
0.180922 0.073237 0.170040
0.181074 0.073178 0.169944
0.181217 0.073138 0.169742
0.181370 0.073079 0.169646
0.181514 0.073039 0.169443
0.181666 0.072979 0.169347
0.181819 0.072920 0.169251
0.181972 0.072860 0.169155
0.182125 0.072801 0.169059
0.182278 0.072741 0.168963
0.182431 0.072682 0.168867
0.182591 0.072603 0.168879
0.182744 0.072544 0.168783
0.182896 0.072484 0.168687
0.183056 0.072406 0.168700
0.183208 0.072347 0.168604
0.183361 0.072287 0.168508
0.183519 0.072209 0.168521
0.183672 0.072150 0.168425
0.183824 0.072091 0.168330
0.183982 0.072013 0.168343
0.184134 0.071954 0.168247
0.184286 0.071895 0.168152
0.184438 0.071836 0.168056
0.184595 0.071758 0.168070
0.184747 0.071699 0.167975
0.184894 0.071658 0.167770
0.185046 0.071599 0.167674
0.185194 0.071558 0.167469
0.185342 0.071516 0.167263
0.185491 0.071474 0.167057
0.185640 0.071432 0.166851
0.185790 0.071390 0.166645
0.185937 0.071365 0.166328
0.186088 0.071323 0.166121
0.186239 0.071280 0.165913
0.186390 0.071237 0.165706
0.186544 0.071177 0.165609
0.186696 0.071134 0.165401
0.186851 0.071074 0.165304
0.187003 0.071031 0.165096
0.187158 0.070971 0.164999
0.187312 0.070911 0.164902
0.187467 0.070851 0.164805
0.187621 0.070791 0.164708
0.187776 0.070730 0.164611
0.187931 0.070654 0.164626
0.188085 0.070594 0.164529
0.188239 0.070534 0.164432
0.188393 0.070458 0.164448
0.188547 0.070398 0.164351
0.188701 0.070322 0.164367
0.188854 0.070246 0.164383
0.189007 0.070186 0.164287
0.190549 0.071446 0.150389
0.190726 0.071377 0.150278
0.158936 0.084975 0.159877
0.159132 0.084899 0.159754
0.159328 0.084823 0.159631
0.159524 0.084747 0.159508
0.159720 0.084670 0.159385
0.159946 0.084567 0.159356
0.160141 0.084490 0.159233
0.164568 0.081128 0.168048
0.164798 0.081007 0.168129
0.165054 0.080859 0.168305
0.165336 0.080686 0.168578
0.165644 0.080486 0.168948
0.165896 0.080341 0.169127
0.166147 0.080195 0.169308
0.166343 0.080103 0.169297
0.166566 0.079984 0.169382
0.166736 0.079918 0.169275
0.166931 0.079826 0.169265
0.167101 0.079760 0.169158
0.167296 0.079668 0.169149
0.167491 0.079576 0.169139
0.167685 0.079485 0.169130
0.167903 0.079368 0.169218
0.168096 0.079277 0.169209
0.168313 0.079161 0.169298
0.168530 0.079045 0.169387
0.168769 0.078904 0.169574
0.169007 0.078763 0.169763
0.169244 0.078623 0.169952
0.169456 0.078509 0.170043
0.169714 0.078345 0.170332
0.169947 0.078207 0.170523
0.170178 0.078069 0.170715
0.170364 0.077980 0.170711
0.170572 0.077868 0.170806
0.170735 0.077804 0.170704
0.170919 0.077717 0.170701
0.171103 0.077629 0.170697
0.171287 0.077542 0.170695
0.171470 0.077454 0.170692
0.171653 0.077367 0.170690
0.171815 0.077304 0.170588
0.171997 0.077217 0.170586
0.172179 0.077131 0.170585
0.172360 0.077044 0.170583
0.172521 0.076981 0.170482
0.172702 0.076895 0.170481
0.172883 0.076809 0.170480
0.173063 0.076723 0.170480
0.173261 0.076614 0.170580
0.173459 0.076505 0.170681
0.173638 0.076420 0.170682
0.173853 0.076288 0.170884
0.174030 0.076203 0.170886
0.174243 0.076073 0.171090
0.174419 0.075988 0.171092
0.174612 0.075881 0.171195
0.174804 0.075774 0.171300
0.174979 0.075691 0.171303
0.175169 0.075584 0.171408
0.175343 0.075501 0.171412
0.175516 0.075418 0.171416
0.175688 0.075335 0.171420
0.175844 0.075274 0.171322
0.176015 0.075191 0.171327
0.176171 0.075131 0.171229
0.176342 0.075048 0.171234
0.176497 0.074988 0.171137
0.176653 0.074927 0.171039
0.176808 0.074867 0.170942
0.176963 0.074806 0.170844
0.177119 0.074746 0.170747
0.177274 0.074686 0.170649
0.177444 0.074604 0.170655
0.177599 0.074543 0.170558
0.177768 0.074462 0.170564
0.177936 0.074380 0.170571
0.178104 0.074299 0.170578
0.178272 0.074217 0.170585
0.178439 0.074136 0.170593
0.178619 0.074035 0.170705
0.178785 0.073954 0.170713
0.178951 0.073874 0.170722
0.179116 0.073793 0.170730
0.179281 0.073713 0.170739
0.179446 0.073633 0.170748
0.179610 0.073553 0.170758
0.179763 0.073494 0.170662
0.179915 0.073435 0.170566
0.180068 0.073375 0.170470
0.180220 0.073316 0.170375
0.180372 0.073256 0.170279
0.180525 0.073197 0.170183
0.180667 0.073158 0.169981
0.180820 0.073098 0.169885
0.180973 0.073039 0.169790
0.181125 0.072979 0.169694
0.181268 0.072939 0.169491
0.181421 0.072880 0.169395
0.181565 0.072840 0.169192
0.181718 0.072780 0.169096
0.181871 0.072721 0.169000
0.182024 0.072661 0.168904
0.182177 0.072602 0.168808
0.182338 0.072523 0.168819
0.182491 0.072463 0.168723
0.182644 0.072404 0.168627
0.182804 0.072326 0.168639
0.182957 0.072266 0.168543
0.183109 0.072207 0.168447
0.183269 0.072129 0.168460
0.183421 0.072070 0.168364
0.183580 0.071992 0.168377
0.183732 0.071933 0.168281
0.183884 0.071873 0.168186
0.184037 0.071814 0.168090
0.184194 0.071737 0.168104
0.184346 0.071678 0.168008
0.184498 0.071618 0.167913
0.184650 0.071559 0.167817
0.184798 0.071518 0.167612
0.184950 0.071458 0.167516
0.185098 0.071417 0.167311
0.185246 0.071375 0.167105
0.185395 0.071333 0.166899
0.185545 0.071291 0.166693
0.185691 0.071265 0.166376
0.185841 0.071223 0.166169
0.185992 0.071180 0.165961
0.186143 0.071137 0.165754
0.186295 0.071094 0.165546
0.186447 0.071051 0.165338
0.186601 0.070991 0.165241
0.186756 0.070931 0.165144
0.186908 0.070887 0.164936
0.187063 0.070827 0.164838
0.187218 0.070767 0.164741
0.187372 0.070706 0.164644
0.187527 0.070646 0.164547
0.187682 0.070586 0.164450
0.187837 0.070510 0.164465
0.187991 0.070449 0.164368
0.188146 0.070389 0.164271
0.188300 0.070313 0.164286
0.188455 0.070253 0.164189
0.188608 0.070177 0.164205
0.188762 0.070117 0.164109
0.188916 0.070057 0.164012
0.190262 0.071316 0.150559
0.190439 0.071247 0.150447
0.159075 0.084640 0.159879
0.159240 0.084592 0.159663
0.159406 0.084543 0.159446
0.159602 0.084467 0.159323
0.159828 0.084363 0.159294
0.160053 0.084260 0.159265
0.160248 0.084184 0.159142
0.160444 0.084107 0.159020
0.165540 0.080308 0.168894
0.165819 0.080136 0.169169
0.166044 0.080018 0.169254
0.166241 0.079926 0.169243
0.166437 0.079833 0.169232
0.166633 0.079741 0.169222
0.166803 0.079675 0.169115
0.166999 0.079583 0.169105
0.167168 0.079517 0.168998
0.167363 0.079426 0.168989
0.167558 0.079335 0.168979
0.167777 0.079218 0.169067
0.167995 0.079102 0.169156
0.168188 0.079011 0.169147
0.168428 0.078870 0.169334
0.168668 0.078730 0.169522
0.168906 0.078590 0.169710
0.169144 0.078451 0.169899
0.169356 0.078337 0.169991
0.169591 0.078199 0.170182
0.169825 0.078061 0.170373
0.170012 0.077972 0.170368
0.170221 0.077860 0.170463
0.170429 0.077747 0.170557
0.170614 0.077659 0.170554
0.170799 0.077572 0.170550
0.170983 0.077484 0.170547
0.171146 0.077421 0.170445
0.171330 0.077334 0.170442
0.171513 0.077247 0.170440
0.171696 0.077160 0.170438
0.171879 0.077073 0.170436
0.172061 0.076987 0.170434
0.172243 0.076900 0.170432
0.172404 0.076837 0.170331
0.172585 0.076751 0.170330
0.172766 0.076665 0.170329
0.172946 0.076579 0.170329
0.173126 0.076494 0.170328
0.173325 0.076385 0.170429
0.173504 0.076300 0.170430
0.173719 0.076169 0.170632
0.173916 0.076061 0.170734
0.174111 0.075954 0.170837
0.174305 0.075847 0.170940
0.174499 0.075740 0.171044
0.174692 0.075634 0.171148
0.174884 0.075528 0.171253
0.175058 0.075444 0.171257
0.175231 0.075361 0.171260
0.175405 0.075278 0.171264
0.175577 0.075195 0.171269
0.175750 0.075112 0.171273
0.175905 0.075052 0.171175
0.176061 0.074991 0.171077
0.176233 0.074909 0.171082
0.176388 0.074848 0.170985
0.176544 0.074787 0.170887
0.176699 0.074727 0.170789
0.176855 0.074666 0.170692
0.177010 0.074606 0.170594
0.177180 0.074524 0.170600
0.177336 0.074464 0.170502
0.177491 0.074403 0.170405
0.177660 0.074322 0.170411
0.177829 0.074240 0.170418
0.177997 0.074159 0.170425
0.178165 0.074078 0.170432
0.178333 0.073997 0.170439
0.178500 0.073916 0.170447
0.178667 0.073836 0.170455
0.178846 0.073735 0.170568
0.179012 0.073654 0.170577
0.179177 0.073574 0.170586
0.179342 0.073495 0.170595
0.179507 0.073415 0.170604
0.179659 0.073355 0.170508
0.179812 0.073296 0.170412
0.179965 0.073237 0.170317
0.180117 0.073177 0.170221
0.180270 0.073118 0.170125
0.180422 0.073058 0.170029
0.180575 0.072999 0.169933
0.180728 0.072939 0.169837
0.180871 0.072900 0.169635
0.181023 0.072840 0.169539
0.181167 0.072800 0.169336
0.181320 0.072740 0.169240
0.181473 0.072681 0.169144
0.181617 0.072640 0.168940
0.181770 0.072580 0.168844
0.181924 0.072521 0.168748
0.182085 0.072442 0.168759
0.182238 0.072383 0.168663
0.182391 0.072323 0.168567
0.182552 0.072245 0.168579
0.182705 0.072185 0.168483
0.182858 0.072126 0.168387
0.183017 0.072048 0.168399
0.183170 0.071989 0.168303
0.183329 0.071911 0.168316
0.183482 0.071852 0.168220
0.183634 0.071792 0.168124
0.183792 0.071715 0.168138
0.183945 0.071656 0.168042
0.184097 0.071596 0.167946
0.184249 0.071537 0.167851
0.184401 0.071478 0.167755
0.184554 0.071419 0.167660
0.184701 0.071377 0.167454
0.184854 0.071318 0.167358
0.185002 0.071276 0.167153
0.185146 0.071251 0.166837
0.185295 0.071208 0.166630
0.185445 0.071166 0.166423
0.185591 0.071140 0.166106
0.185742 0.071097 0.165899
0.185893 0.071054 0.165691
0.186044 0.071010 0.165483
0.186199 0.070950 0.165386
0.186351 0.070907 0.165178
0.186506 0.070847 0.165081
0.186658 0.070803 0.164872
0.186813 0.070742 0.164775
0.186968 0.070682 0.164678
0.187123 0.070622 0.164581
0.187278 0.070562 0.164483
0.187433 0.070501 0.164386
0.187588 0.070425 0.164401
0.187743 0.070365 0.164304
0.187898 0.070305 0.164207
0.188053 0.070229 0.164222
0.188207 0.070168 0.164125
0.188361 0.070093 0.164141
0.188516 0.070033 0.164044
0.188670 0.069973 0.163947
0.188824 0.069913 0.163850
0.190155 0.071132 0.150503
0.158988 0.084410 0.159911
0.159153 0.084361 0.159695
0.159318 0.084312 0.159478
0.159514 0.084236 0.159355
0.159739 0.084132 0.159326
0.159935 0.084056 0.159203
0.160130 0.083980 0.159081
0.160326 0.083904 0.158958
0.160521 0.083828 0.158835
0.165716 0.079959 0.169115
0.165941 0.079841 0.169200
0.166138 0.079748 0.169189
0.166308 0.079682 0.169082
0.166505 0.079590 0.169072
0.166675 0.079524 0.168965
0.166871 0.079432 0.168955
0.167040 0.079366 0.168848
0.167236 0.079275 0.168838
0.167430 0.079184 0.168829
0.167650 0.079067 0.168917
0.167868 0.078952 0.169005
0.168086 0.078836 0.169094
0.168303 0.078721 0.169183
0.168543 0.078581 0.169371
0.168782 0.078442 0.169560
0.168996 0.078328 0.169651
0.169233 0.078190 0.169841
0.169445 0.078076 0.169933
0.169656 0.077963 0.170026
0.169867 0.077850 0.170120
0.170077 0.077738 0.170214
0.170263 0.077650 0.170209
0.170449 0.077562 0.170206
0.170657 0.077451 0.170301
0.170842 0.077363 0.170298
0.171026 0.077276 0.170294
0.171210 0.077189 0.170292
0.171394 0.077102 0.170289
0.171577 0.077015 0.170287
0.171760 0.076929 0.170285
0.171943 0.076842 0.170283
0.172105 0.076779 0.170181
0.172266 0.076716 0.170080
0.172468 0.076607 0.170179
0.172629 0.076544 0.170078
0.172810 0.076458 0.170077
0.173010 0.076350 0.170177
0.173190 0.076264 0.170177
0.173388 0.076156 0.170278
0.173586 0.076049 0.170380
0.173801 0.075919 0.170583
0.173997 0.075812 0.170686
0.174192 0.075705 0.170789
0.174386 0.075599 0.170893
0.174579 0.075492 0.170997
0.174772 0.075387 0.171102
0.174946 0.075304 0.171105
0.175137 0.075198 0.171211
0.175293 0.075137 0.171113
0.175467 0.075055 0.171117
0.175639 0.074972 0.171121
0.175795 0.074911 0.171023
0.175967 0.074829 0.171028
0.176123 0.074768 0.170930
0.176279 0.074708 0.170833
0.176434 0.074647 0.170735
0.176590 0.074587 0.170637
0.176761 0.074505 0.170643
0.176916 0.074444 0.170545
0.177072 0.074384 0.170447
0.177227 0.074323 0.170350
0.177397 0.074242 0.170356
0.177553 0.074181 0.170258
0.177722 0.074100 0.170265
0.177890 0.074019 0.170272
0.178059 0.073938 0.170279
0.178227 0.073857 0.170286
0.178394 0.073776 0.170294
0.178574 0.073676 0.170407
0.178741 0.073595 0.170415
0.178907 0.073515 0.170423
0.179073 0.073435 0.170432
0.179238 0.073356 0.170441
0.179403 0.073276 0.170450
0.179556 0.073217 0.170354
0.179720 0.073137 0.170364
0.179872 0.073078 0.170268
0.180025 0.073018 0.170172
0.180178 0.072959 0.170077
0.180320 0.072919 0.169874
0.180473 0.072860 0.169778
0.180625 0.072800 0.169682
0.180778 0.072741 0.169586
0.180921 0.072700 0.169384
0.181074 0.072641 0.169288
0.181218 0.072600 0.169084
0.181371 0.072540 0.168988
0.181525 0.072481 0.168892
0.181678 0.072421 0.168796
0.181831 0.072361 0.168699
0.181984 0.072302 0.168603
0.182138 0.072242 0.168507
0.182299 0.072164 0.168519
0.182452 0.072104 0.168422
0.182612 0.072026 0.168434
0.182765 0.071967 0.168338
0.182918 0.071907 0.168242
0.183078 0.071830 0.168255
0.183231 0.071770 0.168159
0.183390 0.071693 0.168172
0.183542 0.071634 0.168076
0.183695 0.071574 0.167981
0.183847 0.071515 0.167885
0.183999 0.071456 0.167789
0.184152 0.071396 0.167693
0.184304 0.071337 0.167598
0.184452 0.071295 0.167392
0.184604 0.071236 0.167296
0.184752 0.071193 0.167090
0.184901 0.071151 0.166884
0.185050 0.071108 0.166678
0.185199 0.071066 0.166471
0.185345 0.071040 0.166154
0.185495 0.070997 0.165947
0.185646 0.070953 0.165739
0.185797 0.070910 0.165532
0.185948 0.070866 0.165324
0.186100 0.070823 0.165115
0.186255 0.070762 0.165018
0.186410 0.070702 0.164921
0.186563 0.070658 0.164712
0.186718 0.070598 0.164614
0.186873 0.070537 0.164517
0.187028 0.070477 0.164420
0.187183 0.070416 0.164322
0.187339 0.070340 0.164337
0.187494 0.070280 0.164240
0.187649 0.070220 0.164142
0.187804 0.070144 0.164158
0.187959 0.070083 0.164060
0.188114 0.070008 0.164076
0.188268 0.069948 0.163979
0.188423 0.069887 0.163882
0.188577 0.069827 0.163785
0.159065 0.084130 0.159727
0.159230 0.084081 0.159510
0.159426 0.084005 0.159387
0.159621 0.083929 0.159264
0.159817 0.083853 0.159142
0.160012 0.083777 0.159019
0.160208 0.083701 0.158896
0.160403 0.083625 0.158773
0.166008 0.079597 0.169039
0.166179 0.079530 0.168932
0.166376 0.079439 0.168921
0.166546 0.079372 0.168814
0.166716 0.079306 0.168707
0.166912 0.079215 0.168697
0.167108 0.079123 0.168687
0.167303 0.079032 0.168678
0.167523 0.078916 0.168766
0.167742 0.078801 0.168854
0.167985 0.078661 0.169041
0.168202 0.078546 0.169130
0.168442 0.078407 0.169318
0.168658 0.078293 0.169409
0.168872 0.078179 0.169500
0.169109 0.078042 0.169690
0.169322 0.077929 0.169783
0.169534 0.077816 0.169876
0.169745 0.077703 0.169969
0.169932 0.077615 0.169965
0.170119 0.077528 0.169960
0.170306 0.077440 0.169956
0.170514 0.077328 0.170051
0.170699 0.077241 0.170048
0.170884 0.077154 0.170044
0.171069 0.077067 0.170041
0.171253 0.076980 0.170039
0.171437 0.076893 0.170036
0.171642 0.076783 0.170134
0.171804 0.076720 0.170032
0.172007 0.076611 0.170130
0.172169 0.076548 0.170029
0.172330 0.076485 0.169927
0.172532 0.076376 0.170027
0.172713 0.076291 0.170026
0.172893 0.076205 0.170026
0.173074 0.076120 0.170025
0.173273 0.076012 0.170126
0.173471 0.075905 0.170228
0.173668 0.075798 0.170330
0.173883 0.075669 0.170534
0.174078 0.075563 0.170637
0.174273 0.075457 0.170741
0.174484 0.075329 0.170947
0.174659 0.075246 0.170950
0.174834 0.075162 0.170954
0.175026 0.075058 0.171059
0.175199 0.074975 0.171063
0.175372 0.074892 0.171068
0.175528 0.074832 0.170970
0.175701 0.074749 0.170974
0.175857 0.074689 0.170876
0.176029 0.074606 0.170881
0.176185 0.074546 0.170783
0.176340 0.074485 0.170686
0.176496 0.074425 0.170588
0.176652 0.074364 0.170490
0.176808 0.074303 0.170392
0.176963 0.074243 0.170294
0.177134 0.074161 0.170300
0.177289 0.074101 0.170203
0.177459 0.074020 0.170209
0.177628 0.073938 0.170216
0.177783 0.073878 0.170118
0.177952 0.073797 0.170125
0.178134 0.073696 0.170237
0.178301 0.073616 0.170245
0.178468 0.073536 0.170253
0.178635 0.073456 0.170261
0.178802 0.073376 0.170270
0.178968 0.073296 0.170278
0.179133 0.073216 0.170287
0.179298 0.073137 0.170297
0.179463 0.073058 0.170306
0.179616 0.072998 0.170210
0.179769 0.072939 0.170114
0.179922 0.072879 0.170018
0.180075 0.072820 0.169922
0.180228 0.072760 0.169826
0.180370 0.072720 0.169624
0.180523 0.072660 0.169528
0.180676 0.072601 0.169431
0.180819 0.072560 0.169229
0.180972 0.072500 0.169132
0.181126 0.072441 0.169036
0.181270 0.072400 0.168833
0.181423 0.072340 0.168736
0.181577 0.072280 0.168640
0.181730 0.072220 0.168543
0.181883 0.072161 0.168447
0.182045 0.072083 0.168458
0.182198 0.072023 0.168362
0.182352 0.071963 0.168266
0.182513 0.071886 0.168278
0.182666 0.071826 0.168182
0.182819 0.071766 0.168086
0.182979 0.071689 0.168098
0.183132 0.071629 0.168002
0.183291 0.071552 0.168015
0.183444 0.071493 0.167919
0.183596 0.071433 0.167823
0.183749 0.071374 0.167727
0.183902 0.071315 0.167631
0.184054 0.071255 0.167536
0.184207 0.071196 0.167440
0.184354 0.071153 0.167234
0.184502 0.071111 0.167028
0.184655 0.071051 0.166932
0.184804 0.071009 0.166726
0.184953 0.070966 0.166519
0.185098 0.070940 0.166202
0.185248 0.070896 0.165995
0.185398 0.070853 0.165787
0.185549 0.070809 0.165580
0.185700 0.070766 0.165372
0.185852 0.070722 0.165164
0.186007 0.070661 0.165066
0.186159 0.070617 0.164858
0.186314 0.070557 0.164760
0.186469 0.070497 0.164663
0.186624 0.070436 0.164565
0.186779 0.070376 0.164468
0.186934 0.070315 0.164371
0.187089 0.070255 0.164273
0.187244 0.070195 0.164176
0.187400 0.070134 0.164078
0.187556 0.070058 0.164093
0.187710 0.069998 0.163996
0.187866 0.069922 0.164012
0.188020 0.069862 0.163914
0.188175 0.069802 0.163817
0.188330 0.069742 0.163720
0.158948 0.083927 0.159665
0.159112 0.083878 0.159448
0.159308 0.083802 0.159325
0.159533 0.083699 0.159297
0.159729 0.083623 0.159174
0.159894 0.083573 0.158957
0.160090 0.083497 0.158834
0.160315 0.083395 0.158806
0.160510 0.083319 0.158683
0.165600 0.079613 0.168611
0.165879 0.079445 0.168889
0.166049 0.079378 0.168782
0.166220 0.079312 0.168674
0.166391 0.079245 0.168567
0.166587 0.079154 0.168557
0.166758 0.079088 0.168450
0.166954 0.078996 0.168440
0.167175 0.078881 0.168527
0.167395 0.078765 0.168615
0.167640 0.078625 0.168801
0.167858 0.078511 0.168890
0.168076 0.078396 0.168980
0.168317 0.078258 0.169168
0.168533 0.078144 0.169258
0.168748 0.078031 0.169350
0.168962 0.077917 0.169441
0.169175 0.077805 0.169534
0.169387 0.077692 0.169627
0.169599 0.077580 0.169720
0.169787 0.077492 0.169715
0.169974 0.077404 0.169711
0.170162 0.077317 0.169706
0.170371 0.077205 0.169801
0.170557 0.077118 0.169798
0.170742 0.077031 0.169794
0.170949 0.076921 0.169890
0.171134 0.076834 0.169888
0.171318 0.076747 0.169885
0.171523 0.076638 0.169983
0.171706 0.076552 0.169981
0.171889 0.076466 0.169979
0.172051 0.076403 0.169877
0.172233 0.076317 0.169876
0.172414 0.076231 0.169875
0.172596 0.076146 0.169874
0.172777 0.076061 0.169874
0.172977 0.075953 0.169975
0.173157 0.075868 0.169975
0.173374 0.075739 0.170178
0.173572 0.075632 0.170280
0.173768 0.075526 0.170383
0.173964 0.075420 0.170486
0.174177 0.075292 0.170691
0.174371 0.075187 0.170796
0.174547 0.075104 0.170799
0.174739 0.074999 0.170904
0.174914 0.074916 0.170908
0.175088 0.074834 0.170912
0.175261 0.074751 0.170916
0.175417 0.074691 0.170818
0.175590 0.074608 0.170822
0.175763 0.074526 0.170827
0.175919 0.074466 0.170729
0.176075 0.074405 0.170631
0.176231 0.074344 0.170533
0.176387 0.074284 0.170435
0.176542 0.074223 0.170337
0.176714 0.074141 0.170343
0.176869 0.074081 0.170245
0.177025 0.074020 0.170147
0.177195 0.073939 0.170154
0.177365 0.073858 0.170160
0.177520 0.073798 0.170063
0.177690 0.073717 0.170069
0.177858 0.073636 0.170076
0.178027 0.073556 0.170084
0.178195 0.073475 0.170092
0.178375 0.073375 0.170204
0.178542 0.073296 0.170213
0.178709 0.073216 0.170221
0.178875 0.073136 0.170230
0.179029 0.073077 0.170134
0.179194 0.072997 0.170143
0.179359 0.072918 0.170152
0.179512 0.072858 0.170056
0.179665 0.072799 0.169960
0.179818 0.072739 0.169864
0.179971 0.072680 0.169768
0.180124 0.072620 0.169671
0.180277 0.072561 0.169575
0.180431 0.072501 0.169479
0.180573 0.072460 0.169276
0.180727 0.072401 0.169180
0.180870 0.072360 0.168977
0.181024 0.072300 0.168880
0.181177 0.072240 0.168784
0.181321 0.072199 0.168580
0.181475 0.072139 0.168484
0.181629 0.072079 0.168387
0.181791 0.072001 0.168399
0.181944 0.071941 0.168302
0.182098 0.071882 0.168206
0.182251 0.071822 0.168109
0.182412 0.071744 0.168121
0.182566 0.071685 0.168025
0.182719 0.071625 0.167929
0.182879 0.071548 0.167941
0.183032 0.071488 0.167845
0.183185 0.071428 0.167749
0.183345 0.071351 0.167762
0.183498 0.071292 0.167666
0.183651 0.071232 0.167570
0.183804 0.071173 0.167474
0.183956 0.071113 0.167378
0.184104 0.071071 0.167172
0.184257 0.071011 0.167076
0.184405 0.070969 0.166870
0.184553 0.070926 0.166664
0.184702 0.070883 0.166457
0.184851 0.070839 0.166250
0.185001 0.070796 0.166043
0.185151 0.070753 0.165836
0.185301 0.070709 0.165628
0.185452 0.070665 0.165420
0.185603 0.070621 0.165212
0.185755 0.070577 0.165004
0.185910 0.070516 0.164906
0.186062 0.070472 0.164697
0.186218 0.070411 0.164600
0.186373 0.070351 0.164502
0.186528 0.070291 0.164405
0.186684 0.070230 0.164307
0.186839 0.070170 0.164210
0.186994 0.070109 0.164112
0.187151 0.070033 0.164127
0.187306 0.069973 0.164029
0.187461 0.069913 0.163932
0.187616 0.069852 0.163835
0.187772 0.069777 0.163850
0.187927 0.069716 0.163753
0.188082 0.069641 0.163768
0.188237 0.069581 0.163671
0.159025 0.083648 0.159480
0.159220 0.083572 0.159358
0.159416 0.083496 0.159235
0.159611 0.083420 0.159112
0.159806 0.083344 0.158990
0.160002 0.083268 0.158867
0.160197 0.083192 0.158744
0.160392 0.083116 0.158622
0.165496 0.079434 0.168557
0.165668 0.079368 0.168449
0.165839 0.079301 0.168342
0.166037 0.079209 0.168331
0.166235 0.079118 0.168320
0.166406 0.079051 0.168212
0.166603 0.078960 0.168202
0.166826 0.078844 0.168289
0.167047 0.078728 0.168376
0.167268 0.078613 0.168464
0.167513 0.078474 0.168650
0.167732 0.078360 0.168739
0.167974 0.078221 0.168927
0.168191 0.078108 0.169017
0.168432 0.077970 0.169206
0.168623 0.077881 0.169199
0.168838 0.077768 0.169291
0.169051 0.077656 0.169383
0.169241 0.077568 0.169377
0.169453 0.077456 0.169471
0.169641 0.077368 0.169465
0.169829 0.077280 0.169461
0.170040 0.077169 0.169555
0.170227 0.077082 0.169551
0.170436 0.076971 0.169646
0.170621 0.076884 0.169643
0.170807 0.076797 0.169640
0.171014 0.076688 0.169736
0.171198 0.076601 0.169734
0.171404 0.076492 0.169831
0.171587 0.076406 0.169829
0.171770 0.076320 0.169828
0.171932 0.076257 0.169726
0.172115 0.076171 0.169725
0.172297 0.076086 0.169724
0.172498 0.075978 0.169823
0.172680 0.075893 0.169823
0.172860 0.075808 0.169823
0.173060 0.075701 0.169924
0.173258 0.075595 0.170026
0.173456 0.075488 0.170128
0.173635 0.075404 0.170129
0.173850 0.075277 0.170334
0.174064 0.075150 0.170540
0.174258 0.075045 0.170644
0.174452 0.074940 0.170749
0.174627 0.074857 0.170752
0.174802 0.074775 0.170756
0.174976 0.074692 0.170760
0.175150 0.074610 0.170764
0.175323 0.074528 0.170768
0.175479 0.074467 0.170670
0.175652 0.074385 0.170675
0.175808 0.074324 0.170577
0.175965 0.074264 0.170479
0.176137 0.074182 0.170484
0.176292 0.074121 0.170386
0.176448 0.074061 0.170288
0.176604 0.074000 0.170190
0.176775 0.073919 0.170196
0.176931 0.073858 0.170098
0.177101 0.073777 0.170104
0.177257 0.073717 0.170007
0.177427 0.073636 0.170013
0.177596 0.073555 0.170020
0.177751 0.073495 0.169923
0.177933 0.073395 0.170035
0.178102 0.073315 0.170043
0.178269 0.073235 0.170051
0.178437 0.073155 0.170059
0.178603 0.073076 0.170067
0.178770 0.072996 0.170076
0.178936 0.072917 0.170085
0.179089 0.072857 0.169989
0.179255 0.072778 0.169998
0.179408 0.072718 0.169902
0.179561 0.072659 0.169805
0.179715 0.072599 0.169709
0.179868 0.072539 0.169613
0.180021 0.072480 0.169517
0.180174 0.072420 0.169420
0.180328 0.072360 0.169324
0.180481 0.072301 0.169228
0.180624 0.072260 0.169025
0.180777 0.072200 0.168928
0.180921 0.072159 0.168725
0.181075 0.072099 0.168628
0.181229 0.072039 0.168532
0.181382 0.071979 0.168435
0.181536 0.071919 0.168339
0.181690 0.071859 0.168242
0.181843 0.071800 0.168146
0.181997 0.071740 0.168049
0.182151 0.071680 0.167953
0.182312 0.071603 0.167964
0.182466 0.071543 0.167868
0.182619 0.071483 0.167772
0.182780 0.071406 0.167784
0.182933 0.071346 0.167688
0.183086 0.071287 0.167592
0.183240 0.071227 0.167495
0.183393 0.071167 0.167399
0.183546 0.071108 0.167303
0.183699 0.071048 0.167206
0.183853 0.070988 0.167110
0.184006 0.070929 0.167014
0.184154 0.070886 0.166808
0.184302 0.070842 0.166601
0.184456 0.070783 0.166505
0.184604 0.070739 0.166298
0.184754 0.070696 0.166091
0.184903 0.070652 0.165884
0.185053 0.070608 0.165676
0.185204 0.070564 0.165468
0.185355 0.070520 0.165260
0.185506 0.070476 0.165052
0.185661 0.070415 0.164955
0.185813 0.070371 0.164746
0.185969 0.070310 0.164648
0.186124 0.070250 0.164551
0.186277 0.070205 0.164341
0.186432 0.070145 0.164244
0.186588 0.070084 0.164146
0.186743 0.070023 0.164048
0.186899 0.069963 0.163951
0.187056 0.069887 0.163965
0.187211 0.069827 0.163868
0.187366 0.069766 0.163770
0.187523 0.069691 0.163785
0.187678 0.069630 0.163688
0.187833 0.069570 0.163591
0.187988 0.069510 0.163493
0.189190 0.070517 0.151296
0.159164 0.083316 0.159484
0.159358 0.083240 0.159362
0.159523 0.083191 0.159145
0.159688 0.083141 0.158928
0.159884 0.083065 0.158805
0.160079 0.082989 0.158683
0.160274 0.082913 0.158560
0.165521 0.079321 0.167515
0.165854 0.079105 0.167986
0.166052 0.079014 0.167975
0.166250 0.078922 0.167964
0.166448 0.078831 0.167954
0.166645 0.078740 0.167943
0.166893 0.078600 0.168128
0.167115 0.078485 0.168216
0.167360 0.078347 0.168401
0.167605 0.078208 0.168588
0.167848 0.078071 0.168776
0.168090 0.077933 0.168964
0.168307 0.077820 0.169055
0.168498 0.077731 0.169048
0.168713 0.077619 0.169140
0.168927 0.077507 0.169232
0.169117 0.077419 0.169226
0.169306 0.077331 0.169221
0.169495 0.077243 0.169216
0.169684 0.077155 0.169211
0.169895 0.077044 0.169305
0.170082 0.076957 0.169301
0.170270 0.076870 0.169296
0.170478 0.076760 0.169392
0.170686 0.076650 0.169488
0.170872 0.076564 0.169485
0.171078 0.076454 0.169582
0.171284 0.076346 0.169680
0.171468 0.076260 0.169678
0.171672 0.076151 0.169776
0.171835 0.076088 0.169675
0.172017 0.076003 0.169673
0.172199 0.075918 0.169672
0.172381 0.075833 0.169672
0.172582 0.075725 0.169772
0.172763 0.075641 0.169772
0.172963 0.075534 0.169873
0.173143 0.075450 0.169874
0.173341 0.075344 0.169976
0.173539 0.075238 0.170079
0.173735 0.075133 0.170182
0.173931 0.075028 0.170286
0.174126 0.074924 0.170390
0.174321 0.074819 0.170495
0.174514 0.074715 0.170600
0.174689 0.074633 0.170604
0.174864 0.074550 0.170608
0.175021 0.074489 0.170509
0.175195 0.074407 0.170513
0.175368 0.074325 0.170518
0.175541 0.074244 0.170522
0.175698 0.074183 0.170424
0.175854 0.074122 0.170326
0.176026 0.074040 0.170331
0.176183 0.073980 0.170233
0.176339 0.073919 0.170135
0.176510 0.073838 0.170141
0.176666 0.073777 0.170043
0.176822 0.073716 0.169945
0.176993 0.073636 0.169951
0.177163 0.073555 0.169958
0.177319 0.073494 0.169860
0.177488 0.073414 0.169867
0.177657 0.073334 0.169874
0.177826 0.073254 0.169881
0.177995 0.073174 0.169889
0.178163 0.073094 0.169897
0.178330 0.073014 0.169905
0.178498 0.072935 0.169913
0.178664 0.072856 0.169922
0.178831 0.072777 0.169931
0.178984 0.072717 0.169834
0.179150 0.072638 0.169844
0.179304 0.072578 0.169747
0.179457 0.072518 0.169651
0.179611 0.072459 0.169555
0.179764 0.072399 0.169458
0.179918 0.072339 0.169362
0.180071 0.072279 0.169265
0.180224 0.072220 0.169169
0.180378 0.072160 0.169073
0.180521 0.072118 0.168869
0.180675 0.072059 0.168773
0.180828 0.071999 0.168676
0.180973 0.071957 0.168472
0.181126 0.071897 0.168376
0.181280 0.071837 0.168279
0.181434 0.071777 0.168182
0.181588 0.071717 0.168086
0.181742 0.071658 0.167989
0.181896 0.071598 0.167892
0.182050 0.071538 0.167796
0.182211 0.071460 0.167808
0.182365 0.071401 0.167711
0.182519 0.071341 0.167615
0.182672 0.071281 0.167518
0.182833 0.071204 0.167530
0.182987 0.071144 0.167434
0.183140 0.071084 0.167338
0.183294 0.071025 0.167241
0.183447 0.070965 0.167145
0.183601 0.070905 0.167048
0.183748 0.070862 0.166842
0.183902 0.070802 0.166746
0.184050 0.070759 0.166539
0.184204 0.070699 0.166443
0.184353 0.070655 0.166236
0.184502 0.070612 0.166029
0.184656 0.070552 0.165932
0.184806 0.070508 0.165724
0.184956 0.070464 0.165517
0.185107 0.070419 0.165309
0.185258 0.070375 0.165100
0.185409 0.070330 0.164892
0.185564 0.070270 0.164794
0.185720 0.070209 0.164697
0.185875 0.070149 0.164599
0.186027 0.070104 0.164390
0.186183 0.070043 0.164292
0.186338 0.069983 0.164195
0.186492 0.069937 0.163985
0.186647 0.069877 0.163887
0.186805 0.069801 0.163902
0.186960 0.069741 0.163804
0.187116 0.069680 0.163706
0.187271 0.069620 0.163609
0.187427 0.069559 0.163511
0.187582 0.069498 0.163413
0.187738 0.069438 0.163316
0.159107 0.083061 0.159611
0.159302 0.082986 0.159489
0.159466 0.082936 0.159273
0.159631 0.082886 0.159056
0.159796 0.082836 0.158838
0.159991 0.082760 0.158716
0.160156 0.082709 0.158498
0.165416 0.079141 0.167460
0.165643 0.079024 0.167545
0.165842 0.078933 0.167533
0.166068 0.078817 0.167619
0.166266 0.078726 0.167608
0.166490 0.078610 0.167695
0.166713 0.078495 0.167782
0.166961 0.078356 0.167967
0.167207 0.078218 0.168153
0.167453 0.078080 0.168339
0.167697 0.077943 0.168527
0.167915 0.077830 0.168617
0.168157 0.077694 0.168806
0.168373 0.077581 0.168897
0.168588 0.077469 0.168989
0.168779 0.077381 0.168982
0.168970 0.077293 0.168976
0.169183 0.077182 0.169070
0.169372 0.077094 0.169064
0.169561 0.077006 0.169059
0.169750 0.076919 0.169054
0.169938 0.076831 0.169050
0.170148 0.076721 0.169145
0.170335 0.076635 0.169141
0.170543 0.076525 0.169237
0.170751 0.076416 0.169334
0.170958 0.076307 0.169431
0.171165 0.076199 0.169528
0.171349 0.076113 0.169526
0.171554 0.076005 0.169625
0.171716 0.075942 0.169523
0.171899 0.075857 0.169522
0.172081 0.075772 0.169521
0.172284 0.075665 0.169621
0.172465 0.075580 0.169620
0.172646 0.075495 0.169620
0.172846 0.075389 0.169721
0.173027 0.075305 0.169722
0.173225 0.075199 0.169824
0.173423 0.075094 0.169927
0.173621 0.074989 0.170030
0.173817 0.074885 0.170134
0.174013 0.074780 0.170238
0.174207 0.074676 0.170343
0.174383 0.074594 0.170346
0.174559 0.074511 0.170349
0.174734 0.074429 0.170353
0.174909 0.074347 0.170357
0.175083 0.074265 0.170361
0.175240 0.074204 0.170262
0.175414 0.074122 0.170267
0.175587 0.074041 0.170272
0.175743 0.073980 0.170173
0.175916 0.073898 0.170178
0.176072 0.073838 0.170080
0.176229 0.073777 0.169982
0.176401 0.073696 0.169988
0.176572 0.073615 0.169994
0.176728 0.073554 0.169896
0.176899 0.073474 0.169902
0.177069 0.073393 0.169908
0.177225 0.073333 0.169811
0.177394 0.073252 0.169818
0.177564 0.073172 0.169825
0.177733 0.073092 0.169832
0.177901 0.073013 0.169840
0.178070 0.072933 0.169848
0.178237 0.072854 0.169856
0.178405 0.072775 0.169865
0.178559 0.072715 0.169768
0.178725 0.072636 0.169777
0.178892 0.072557 0.169786
0.179045 0.072497 0.169689
0.179199 0.072437 0.169593
0.179353 0.072377 0.169496
0.179506 0.072318 0.169400
0.179660 0.072258 0.169303
0.179814 0.072198 0.169207
0.179967 0.072138 0.169110
0.180121 0.072078 0.169014
0.180275 0.072018 0.168917
0.180418 0.071977 0.168714
0.180572 0.071917 0.168617
0.180726 0.071857 0.168520
0.180870 0.071815 0.168316
0.181024 0.071755 0.168219
0.181178 0.071695 0.168123
0.181332 0.071635 0.168026
0.181486 0.071575 0.167929
0.181640 0.071515 0.167832
0.181794 0.071455 0.167736
0.181948 0.071395 0.167639
0.182111 0.071318 0.167651
0.182264 0.071258 0.167554
0.182418 0.071198 0.167457
0.182572 0.071138 0.167361
0.182726 0.071078 0.167264
0.182880 0.071018 0.167167
0.183034 0.070958 0.167071
0.183188 0.070898 0.166974
0.183342 0.070839 0.166877
0.183495 0.070779 0.166781
0.183649 0.070719 0.166684
0.183797 0.070675 0.166478
0.183951 0.070615 0.166381
0.184100 0.070571 0.166174
0.184254 0.070511 0.166077
0.184404 0.070467 0.165870
0.184553 0.070423 0.165662
0.184708 0.070363 0.165565
0.184858 0.070318 0.165357
0.185009 0.070274 0.165149
0.185160 0.070229 0.164940
0.185315 0.070169 0.164843
0.185467 0.070124 0.164634
0.185622 0.070063 0.164536
0.185778 0.070003 0.164439
0.185930 0.069957 0.164229
0.186086 0.069897 0.164131
0.186239 0.069851 0.163922
0.186395 0.069790 0.163824
0.186551 0.069730 0.163726
0.186707 0.069669 0.163628
0.186863 0.069608 0.163530
0.187019 0.069548 0.163432
0.187176 0.069472 0.163447
0.187332 0.069412 0.163349
0.187487 0.069366 0.163138
0.159052 0.082808 0.159739
0.159246 0.082732 0.159617
0.159379 0.082708 0.159306
0.159543 0.082658 0.159089
0.159708 0.082607 0.158872
0.159903 0.082531 0.158749
0.160039 0.082506 0.158436
0.163996 0.079694 0.166413
0.164228 0.079576 0.166494
0.164404 0.079508 0.166384
0.164920 0.079224 0.166742
0.165149 0.079107 0.166826
0.165458 0.078918 0.167200
0.165685 0.078802 0.167285
0.165884 0.078710 0.167273
0.166110 0.078595 0.167359
0.166334 0.078480 0.167446
0.166558 0.078365 0.167533
0.166806 0.078227 0.167718
0.167003 0.078136 0.167708
0.167300 0.077952 0.168090
0.167495 0.077862 0.168081
0.167788 0.077679 0.168465
0.168031 0.077543 0.168654
0.168223 0.077454 0.168647
0.168464 0.077319 0.168837
0.168631 0.077254 0.168733
0.168845 0.077143 0.168825
0.169035 0.077055 0.168819
0.169225 0.076967 0.168814
0.169415 0.076880 0.168809
0.169604 0.076792 0.168804
0.169815 0.076682 0.168898
0.170003 0.076595 0.168894
0.170213 0.076486 0.168989
0.170400 0.076399 0.168986
0.170631 0.076268 0.169182
0.170816 0.076182 0.169179
0.171045 0.076052 0.169377
0.171229 0.075966 0.169375
0.171434 0.075858 0.169473
0.171597 0.075795 0.169371
0.171780 0.075710 0.169370
0.171984 0.075603 0.169469
0.172166 0.075518 0.169469
0.172368 0.075412 0.169569
0.172549 0.075328 0.169569
0.172750 0.075222 0.169671
0.172930 0.075138 0.169671
0.173129 0.075033 0.169774
0.173308 0.074949 0.169775
0.173506 0.074845 0.169878
0.173702 0.074740 0.169982
0.173880 0.074658 0.169984
0.174075 0.074554 0.170089
0.174252 0.074471 0.170092
0.174428 0.074389 0.170095
0.174604 0.074307 0.170098
0.174779 0.074225 0.170102
0.174954 0.074143 0.170106
0.175128 0.074061 0.170110
0.175285 0.074000 0.170011
0.175459 0.073918 0.170016
0.175616 0.073857 0.169917
0.175789 0.073776 0.169922
0.175946 0.073715 0.169824
0.176119 0.073634 0.169829
0.176291 0.073553 0.169834
0.176447 0.073492 0.169736
0.176619 0.073412 0.169742
0.176790 0.073331 0.169748
0.176960 0.073251 0.169755
0.177116 0.073190 0.169657
0.177286 0.073110 0.169664
0.177456 0.073030 0.169671
0.177625 0.072951 0.169678
0.177794 0.072871 0.169686
0.177963 0.072792 0.169694
0.178131 0.072712 0.169702
0.178298 0.072633 0.169711
0.178453 0.072573 0.169614
0.178620 0.072494 0.169622
0.178774 0.072434 0.169526
0.178940 0.072356 0.169535
0.179094 0.072296 0.169438
0.179248 0.072236 0.169342
0.179402 0.072176 0.169245
0.179556 0.072116 0.169148
0.179710 0.072056 0.169052
0.179864 0.071996 0.168955
0.180017 0.071936 0.168858
0.180161 0.071895 0.168655
0.180315 0.071835 0.168558
0.180469 0.071775 0.168461
0.180623 0.071715 0.168364
0.180767 0.071672 0.168160
0.180921 0.071612 0.168063
0.181076 0.071552 0.167966
0.181230 0.071492 0.167869
0.181384 0.071432 0.167772
0.181538 0.071372 0.167676
0.181693 0.071312 0.167579
0.181847 0.071252 0.167482
0.182001 0.071192 0.167385
0.182156 0.071132 0.167288
0.182318 0.071055 0.167300
0.182472 0.070995 0.167203
0.182626 0.070935 0.167106
0.182780 0.070875 0.167009
0.182934 0.070815 0.166913
0.183088 0.070755 0.166816
0.183242 0.070695 0.166719
0.183390 0.070651 0.166513
0.183544 0.070591 0.166416
0.183698 0.070531 0.166319
0.183847 0.070487 0.166112
0.184001 0.070427 0.166015
0.184150 0.070383 0.165807
0.184305 0.070322 0.165710
0.184455 0.070278 0.165503
0.184605 0.070233 0.165295
0.184756 0.070189 0.165086
0.184911 0.070128 0.164989
0.185062 0.070083 0.164780
0.185218 0.070023 0.164682
0.185369 0.069977 0.164473
0.185525 0.069917 0.164376
0.185681 0.069856 0.164278
0.185833 0.069810 0.164068
0.185986 0.069765 0.163858
0.186142 0.069704 0.163760
0.186296 0.069658 0.163550
0.186452 0.069597 0.163452
0.186609 0.069536 0.163354
0.186767 0.069461 0.163368
0.186923 0.069400 0.163270
0.187079 0.069339 0.163172
0.187235 0.069278 0.163074
0.159159 0.082505 0.159650
0.159323 0.082455 0.159434
0.159486 0.082404 0.159217
0.159590 0.082405 0.158810
0.159785 0.082329 0.158688
0.163450 0.079722 0.166291
0.163656 0.079629 0.166276
0.163889 0.079511 0.166357
0.164122 0.079393 0.166439
0.164326 0.079300 0.166425
0.164557 0.079183 0.166507
0.164815 0.079042 0.166687
0.165044 0.078926 0.166770
0.165272 0.078810 0.166855
0.165500 0.078694 0.166939
0.165727 0.078578 0.167025
0.165926 0.078487 0.167013
0.166178 0.078348 0.167197
0.166402 0.078234 0.167283
0.166626 0.078120 0.167371
0.166900 0.077959 0.167654
0.167147 0.077822 0.167841
0.167392 0.077686 0.168028
0.167637 0.077550 0.168216
0.167880 0.077415 0.168405
0.168097 0.077303 0.168496
0.168314 0.077191 0.168588
0.168506 0.077103 0.168581
0.168697 0.077015 0.168575
0.168888 0.076927 0.168569
0.169101 0.076817 0.168662
0.169291 0.076730 0.168657
0.169481 0.076642 0.168652
0.169669 0.076555 0.168647
0.169881 0.076446 0.168742
0.170069 0.076359 0.168738
0.170278 0.076250 0.168834
0.170487 0.076142 0.168930
0.170696 0.076034 0.169027
0.170903 0.075926 0.169125
0.171109 0.075818 0.169223
0.171315 0.075711 0.169321
0.171499 0.075626 0.169320
0.171661 0.075563 0.169218
0.171865 0.075456 0.169317
0.172068 0.075350 0.169418
0.172250 0.075266 0.169417
0.172432 0.075182 0.169417
0.172633 0.075076 0.169518
0.172813 0.074992 0.169519
0.173013 0.074888 0.169621
0.173192 0.074804 0.169622
0.173390 0.074700 0.169726
0.173569 0.074617 0.169728
0.173765 0.074513 0.169832
0.173943 0.074431 0.169834
0.174120 0.074348 0.169837
0.174315 0.074245 0.169942
0.174491 0.074163 0.169946
0.174649 0.074102 0.169846
0.174824 0.074020 0.169850
0.174999 0.073938 0.169854
0.175173 0.073857 0.169858
0.175331 0.073795 0.169759
0.175505 0.073714 0.169764
0.175662 0.073653 0.169665
0.175835 0.073572 0.169670
0.175992 0.073511 0.169572
0.176165 0.073430 0.169577
0.176337 0.073349 0.169583
0.176509 0.073269 0.169589
0.176681 0.073189 0.169595
0.176852 0.073108 0.169601
0.177008 0.073048 0.169503
0.177178 0.072968 0.169510
0.177348 0.072888 0.169517
0.177518 0.072808 0.169524
0.177687 0.072729 0.169532
0.177856 0.072650 0.169540
0.178024 0.072571 0.169548
0.178192 0.072492 0.169556
0.178347 0.072431 0.169459
0.178514 0.072353 0.169468
0.178668 0.072293 0.169371
0.178822 0.072233 0.169274
0.178989 0.072154 0.169283
0.179143 0.072094 0.169187
0.179297 0.072034 0.169090
0.179451 0.071974 0.168993
0.179594 0.071932 0.168790
0.179748 0.071872 0.168693
0.179902 0.071812 0.168596
0.180057 0.071752 0.168499
0.180211 0.071692 0.168402
0.180355 0.071650 0.168198
0.180509 0.071589 0.168101
0.180664 0.071529 0.168004
0.180818 0.071469 0.167907
0.180963 0.071426 0.167702
0.181118 0.071366 0.167605
0.181273 0.071306 0.167507
0.181427 0.071246 0.167410
0.181582 0.071185 0.167313
0.181737 0.071125 0.167216
0.181891 0.071065 0.167119
0.182054 0.070988 0.167130
0.182209 0.070928 0.167033
0.182363 0.070868 0.166936
0.182518 0.070808 0.166839
0.182672 0.070747 0.166742
0.182827 0.070687 0.166645
0.182981 0.070627 0.166548
0.183136 0.070567 0.166451
0.183290 0.070507 0.166354
0.183438 0.070463 0.166147
0.183593 0.070402 0.166050
0.183748 0.070342 0.165953
0.183897 0.070298 0.165745
0.184046 0.070253 0.165538
0.184196 0.070208 0.165330
0.184351 0.070148 0.165232
0.184507 0.070087 0.165135
0.184657 0.070042 0.164926
0.184808 0.069997 0.164718
0.184964 0.069937 0.164620
0.185116 0.069891 0.164411
0.185271 0.069830 0.164313
0.185424 0.069785 0.164103
0.185580 0.069724 0.164005
0.185733 0.069678 0.163795
0.185883 0.069646 0.163473
0.186040 0.069585 0.163375
0.186194 0.069539 0.163164
0.186351 0.069478 0.163065
0.186510 0.069402 0.163079
0.186667 0.069341 0.162981
0.186822 0.069295 0.162770
0.186979 0.069234 0.162671
0.159073 0.082278 0.159683
0.159236 0.082227 0.159467
0.159400 0.082177 0.159250
0.163343 0.079538 0.166235
0.163549 0.079445 0.166220
0.163754 0.079352 0.166205
0.163987 0.079234 0.166287
0.164219 0.079117 0.166369
0.164451 0.079001 0.166452
0.164654 0.078908 0.166438
0.164911 0.078768 0.166618
0.165113 0.078676 0.166606
0.165341 0.078561 0.166690
0.165542 0.078469 0.166678
0.165769 0.078354 0.166764
0.166021 0.078216 0.166947
0.166246 0.078102 0.167034
0.166496 0.077965 0.167219
0.166745 0.077828 0.167404
0.166993 0.077692 0.167591
0.167239 0.077556 0.167778
0.167485 0.077421 0.167966
0.167729 0.077286 0.168155
0.167947 0.077174 0.168246
0.168164 0.077063 0.168337
0.168356 0.076975 0.168331
0.168572 0.076864 0.168423
0.168763 0.076777 0.168417
0.168954 0.076689 0.168411
0.169144 0.076602 0.168406
0.169334 0.076514 0.168401
0.169546 0.076405 0.168495
0.169735 0.076318 0.168491
0.169946 0.076210 0.168586
0.170157 0.076101 0.168682
0.170366 0.075993 0.168778
0.170575 0.075885 0.168875
0.170782 0.075778 0.168973
0.170989 0.075670 0.169071
0.171217 0.075542 0.169270
0.171401 0.075457 0.169268
0.171563 0.075394 0.169166
0.171767 0.075288 0.169266
0.171950 0.075203 0.169265
0.172153 0.075098 0.169366
0.172334 0.075014 0.169366
0.172516 0.074930 0.169366
0.172716 0.074825 0.169468
0.172896 0.074742 0.169469
0.173076 0.074659 0.169470
0.173256 0.074575 0.169471
0.173454 0.074472 0.169575
0.173632 0.074389 0.169577
0.173810 0.074306 0.169579
0.174006 0.074204 0.169684
0.174165 0.074142 0.169584
0.174341 0.074060 0.169587
0.174518 0.073978 0.169591
0.174694 0.073896 0.169594
0.174869 0.073814 0.169598
0.175027 0.073753 0.169499
0.175202 0.073671 0.169503
0.175376 0.073590 0.169507
0.175534 0.073529 0.169408
0.175708 0.073448 0.169413
0.175881 0.073367 0.169418
0.176039 0.073306 0.169319
0.176211 0.073225 0.169325
0.176384 0.073145 0.169331
0.176556 0.073065 0.169337
0.176727 0.072984 0.169343
0.176899 0.072905 0.169349
0.177069 0.072825 0.169356
0.177240 0.072745 0.169363
0.177410 0.072666 0.169370
0.177579 0.072586 0.169378
0.177748 0.072507 0.169386
0.177917 0.072428 0.169394
0.178085 0.072349 0.169402
0.178240 0.072289 0.169305
0.178395 0.072229 0.169208
0.178562 0.072150 0.169216
0.178717 0.072090 0.169119
0.178871 0.072030 0.169022
0.179026 0.071970 0.168925
0.179180 0.071910 0.168828
0.179335 0.071850 0.168731
0.179489 0.071790 0.168634
0.179644 0.071729 0.168537
0.179798 0.071669 0.168440
0.179942 0.071627 0.168236
0.180096 0.071566 0.168139
0.180251 0.071506 0.168042
0.180395 0.071463 0.167837
0.180550 0.071403 0.167740
0.180705 0.071343 0.167642
0.180860 0.071282 0.167545
0.181006 0.071239 0.167340
0.181161 0.071179 0.167242
0.181316 0.071118 0.167145
0.181471 0.071058 0.167047
0.181635 0.070981 0.167059
0.181790 0.070921 0.166961
0.181944 0.070860 0.166864
0.182099 0.070800 0.166767
0.182254 0.070740 0.166669
0.182409 0.070679 0.166572
0.182564 0.070619 0.166475
0.182719 0.070559 0.166378
0.182874 0.070498 0.166280
0.183029 0.070438 0.166183
0.183177 0.070394 0.165976
0.183332 0.070333 0.165878
0.183487 0.070273 0.165781
0.183636 0.070228 0.165573
0.183792 0.070168 0.165476
0.183941 0.070123 0.165268
0.184097 0.070062 0.165170
0.184252 0.070002 0.165072
0.184403 0.069956 0.164864
0.184558 0.069896 0.164766
0.184710 0.069850 0.164557
0.184861 0.069805 0.164348
0.185017 0.069744 0.164250
0.185169 0.069698 0.164040
0.185322 0.069652 0.163831
0.185475 0.069605 0.163621
0.185628 0.069559 0.163410
0.185779 0.069527 0.163088
0.185924 0.069524 0.162540
0.186083 0.069462 0.162441
0.186241 0.069400 0.162341
0.186406 0.069296 0.162580
0.186564 0.069235 0.162481
0.186719 0.069188 0.162269
0.186877 0.069126 0.162170
0.158987 0.082051 0.159717
0.159150 0.082001 0.159500
0.159282 0.081975 0.159189
0.162560 0.079761 0.165349
0.162826 0.079618 0.165524
0.163179 0.079403 0.165987
0.163414 0.079285 0.166068
0.163619 0.079192 0.166053
0.163853 0.079075 0.166135
0.164085 0.078958 0.166217
0.164317 0.078842 0.166300
0.164520 0.078750 0.166286
0.164751 0.078634 0.166370
0.164980 0.078519 0.166454
0.165182 0.078427 0.166441
0.165410 0.078312 0.166526
0.165638 0.078198 0.166612
0.165838 0.078107 0.166600
0.166090 0.077969 0.166784
0.166341 0.077833 0.166969
0.166513 0.077766 0.166861
0.166839 0.077560 0.167341
0.167086 0.077425 0.167528
0.167332 0.077290 0.167716
0.167577 0.077156 0.167905
0.167796 0.077045 0.167996
0.168013 0.076934 0.168087
0.168231 0.076823 0.168179
0.168423 0.076735 0.168172
0.168614 0.076648 0.168166
0.168829 0.076538 0.168260
0.169020 0.076451 0.168254
0.169210 0.076364 0.168249
0.169400 0.076277 0.168244
0.169612 0.076168 0.168338
0.169824 0.076059 0.168434
0.170034 0.075951 0.168530
0.170222 0.075865 0.168526
0.170453 0.075736 0.168723
0.170662 0.075629 0.168821
0.170869 0.075522 0.168919
0.171097 0.075394 0.169118
0.171281 0.075309 0.169116
0.171444 0.075246 0.169014
0.171649 0.075140 0.169114
0.171852 0.075035 0.169214
0.172035 0.074951 0.169214
0.172217 0.074867 0.169214
0.172398 0.074783 0.169214
0.172599 0.074679 0.169316
0.172780 0.074596 0.169316
0.172960 0.074512 0.169317
0.173140 0.074429 0.169319
0.173319 0.074347 0.169320
0.173498 0.074264 0.169322
0.173677 0.074181 0.169324
0.173855 0.074099 0.169326
0.174032 0.074017 0.169329
0.174210 0.073935 0.169332
0.174386 0.073853 0.169335
0.174545 0.073791 0.169235
0.174721 0.073709 0.169238
0.174897 0.073628 0.169242
0.175073 0.073547 0.169246
0.175248 0.073465 0.169250
0.175406 0.073404 0.169151
0.175580 0.073323 0.169156
0.175754 0.073242 0.169161
0.175928 0.073162 0.169166
0.176085 0.073100 0.169067
0.176258 0.073020 0.169072
0.176431 0.072940 0.169078
0.176603 0.072860 0.169084
0.176774 0.072780 0.169090
0.176946 0.072700 0.169097
0.177117 0.072621 0.169104
0.177287 0.072541 0.169111
0.177471 0.072443 0.169223
0.177627 0.072383 0.169126
0.177796 0.072304 0.169134
0.177965 0.072225 0.169142
0.178133 0.072146 0.169150
0.178288 0.072086 0.169053
0.178443 0.072026 0.168955
0.178611 0.071948 0.168964
0.178766 0.071887 0.168867
0.178920 0.071827 0.168770
0.179063 0.071785 0.168566
0.179218 0.071724 0.168469
0.179373 0.071664 0.168372
0.179527 0.071604 0.168274
0.179671 0.071561 0.168070
0.179826 0.071500 0.167973
0.179981 0.071440 0.167875
0.180136 0.071380 0.167778
0.180281 0.071336 0.167573
0.180436 0.071276 0.167475
0.180592 0.071216 0.167378
0.180747 0.071155 0.167280
0.180902 0.071095 0.167183
0.181058 0.071034 0.167085
0.181213 0.070974 0.166988
0.181368 0.070913 0.166890
0.181524 0.070853 0.166792
0.181679 0.070792 0.166695
0.181834 0.070732 0.166597
0.181998 0.070655 0.166609
0.182153 0.070595 0.166511
0.182308 0.070534 0.166414
0.182463 0.070474 0.166317
0.182611 0.070429 0.166110
0.182766 0.070369 0.166012
0.182921 0.070309 0.165914
0.183077 0.070248 0.165817
0.183225 0.070203 0.165609
0.183381 0.070143 0.165512
0.183536 0.070082 0.165414
0.183686 0.070037 0.165206
0.183842 0.069976 0.165108
0.183992 0.069931 0.164900
0.184148 0.069870 0.164802
0.184299 0.069825 0.164593
0.184450 0.069779 0.164384
0.184606 0.069718 0.164286
0.184753 0.069687 0.163965
0.184906 0.069640 0.163755
0.185059 0.069594 0.163545
0.185216 0.069533 0.163446
0.185366 0.069500 0.163124
0.185520 0.069453 0.162913
0.185671 0.069421 0.162590
0.185829 0.069359 0.162490
0.185987 0.069297 0.162391
0.186145 0.069236 0.162291
0.186304 0.069174 0.162192
0.186459 0.069127 0.161980
0.159095 0.081750 0.159629
0.162451 0.079574 0.165292
0.162718 0.079432 0.165467
0.162955 0.079314 0.165547
0.163220 0.079173 0.165724
0.163484 0.079032 0.165901
0.163718 0.078915 0.165983
0.163951 0.078799 0.166065
0.164183 0.078683 0.166147
0.164387 0.078591 0.166134
0.164618 0.078476 0.166217
0.164848 0.078360 0.166301
0.165050 0.078269 0.166289
0.165251 0.078178 0.166276
0.165479 0.078063 0.166362
0.165680 0.077973 0.166350
0.165906 0.077859 0.166436
0.166158 0.077722 0.166621
0.166409 0.077586 0.166806
0.166607 0.077497 0.166796
0.166907 0.077316 0.167180
0.167103 0.077227 0.167171
0.167399 0.077048 0.167556
0.167644 0.076914 0.167745
0.167862 0.076803 0.167836
0.168080 0.076693 0.167928
0.168273 0.076605 0.167921
0.168489 0.076496 0.168014
0.168681 0.076408 0.168008
0.168895 0.076299 0.168102
0.169086 0.076212 0.168096
0.169299 0.076104 0.168191
0.169489 0.076017 0.168186
0.169701 0.075909 0.168282
0.169889 0.075823 0.168278
0.170100 0.075715 0.168374
0.170310 0.075608 0.168471
0.170541 0.075480 0.168669
0.170748 0.075373 0.168766
0.170956 0.075267 0.168865
0.171162 0.075161 0.168964
0.171325 0.075098 0.168862
0.171530 0.074993 0.168962
0.171734 0.074888 0.169062
0.171917 0.074804 0.169061
0.172099 0.074720 0.169061
0.172301 0.074616 0.169163
0.172462 0.074553 0.169061
0.172643 0.074470 0.169062
0.172824 0.074386 0.169063
0.173004 0.074303 0.169064
0.173184 0.074221 0.169065
0.173364 0.074138 0.169067
0.173543 0.074056 0.169069
0.173721 0.073973 0.169071
0.173899 0.073891 0.169073
0.174077 0.073809 0.169076
0.174255 0.073727 0.169079
0.174432 0.073646 0.169082
0.174608 0.073564 0.169085
0.174767 0.073502 0.168985
0.174943 0.073421 0.168989
0.175118 0.073340 0.168993
0.175294 0.073259 0.168997
0.175452 0.073197 0.168898
0.175626 0.073117 0.168903
0.175800 0.073036 0.168908
0.175958 0.072975 0.168809
0.176132 0.072894 0.168814
0.176305 0.072814 0.168819
0.176477 0.072734 0.168825
0.176650 0.072654 0.168831
0.176822 0.072575 0.168838
0.176993 0.072495 0.168844
0.177164 0.072416 0.168851
0.177335 0.072337 0.168858
0.177505 0.072258 0.168866
0.177675 0.072179 0.168873
0.177844 0.072100 0.168881
0.178013 0.072021 0.168889
0.178168 0.071961 0.168792
0.178337 0.071883 0.168800
0.178492 0.071822 0.168703
0.178647 0.071762 0.168606
0.178802 0.071701 0.168508
0.178957 0.071641 0.168411
0.179112 0.071581 0.168313
0.179255 0.071538 0.168109
0.179411 0.071477 0.168011
0.179566 0.071417 0.167914
0.179721 0.071356 0.167816
0.179866 0.071313 0.167611
0.180021 0.071252 0.167514
0.180177 0.071192 0.167416
0.180332 0.071131 0.167318
0.180488 0.071071 0.167221
0.180633 0.071027 0.167015
0.180789 0.070966 0.166917
0.180945 0.070906 0.166819
0.181100 0.070845 0.166722
0.181256 0.070784 0.166624
0.181421 0.070707 0.166635
0.181576 0.070647 0.166537
0.181732 0.070586 0.166439
0.181887 0.070526 0.166342
0.182043 0.070465 0.166244
0.182198 0.070405 0.166146
0.182354 0.070344 0.166049
0.182509 0.070284 0.165951
0.182665 0.070223 0.165853
0.182813 0.070178 0.165646
0.182969 0.070117 0.165548
0.183125 0.070057 0.165450
0.183274 0.070012 0.165242
0.183430 0.069951 0.165144
0.183580 0.069905 0.164936
0.183736 0.069844 0.164838
0.183886 0.069799 0.164629
0.184043 0.069738 0.164531
0.184194 0.069692 0.164322
0.184345 0.069646 0.164112
0.184497 0.069599 0.163902
0.184649 0.069553 0.163692
0.184802 0.069506 0.163482
0.184951 0.069474 0.163160
0.185105 0.069426 0.162949
0.185259 0.069379 0.162738
0.185410 0.069346 0.162415
0.185565 0.069298 0.162203
0.185721 0.069251 0.161991
0.185880 0.069189 0.161891
0.186036 0.069141 0.161679
0.186195 0.069079 0.161579
0.159040 0.081499 0.159758
0.159233 0.081424 0.159637
0.162195 0.079508 0.164756
0.162464 0.079366 0.164931
0.162731 0.079224 0.165106
0.163026 0.079059 0.165379
0.163291 0.078919 0.165556
0.163554 0.078779 0.165734
0.163816 0.078639 0.165912
0.164049 0.078524 0.165995
0.164281 0.078408 0.166078
0.164484 0.078317 0.166065
0.164715 0.078202 0.166149
0.164917 0.078111 0.166136
0.165119 0.078019 0.166124
0.165347 0.077905 0.166209
0.165575 0.077792 0.166295
0.165775 0.077701 0.166284
0.166001 0.077588 0.166371
0.166253 0.077453 0.166556
0.166503 0.077318 0.166742
0.166752 0.077183 0.166929
0.167000 0.077049 0.167117
0.167246 0.076916 0.167305
0.167492 0.076783 0.167494
0.167711 0.076672 0.167585
0.167929 0.076562 0.167677
0.168147 0.076453 0.167769
0.168364 0.076343 0.167862
0.168555 0.076256 0.167856
0.168771 0.076147 0.167950
0.168962 0.076060 0.167944
0.169152 0.075974 0.167939
0.169365 0.075866 0.168034
0.169555 0.075779 0.168029
0.169767 0.075672 0.168125
0.169978 0.075565 0.168221
0.170188 0.075458 0.168318
0.170419 0.075330 0.168516
0.170628 0.075224 0.168614
0.170835 0.075118 0.168713
0.171042 0.075013 0.168812
0.171205 0.074949 0.168709
0.171410 0.074844 0.168809
0.171615 0.074740 0.168909
0.171798 0.074656 0.168909
0.171981 0.074572 0.168909
0.172163 0.074489 0.168909
0.172345 0.074405 0.168909
0.172526 0.074322 0.168909
0.172707 0.074239 0.168910
0.172868 0.074177 0.168809
0.173049 0.074094 0.168810
0.173229 0.074011 0.168811
0.173408 0.073929 0.168813
0.173587 0.073847 0.168815
0.173766 0.073765 0.168817
0.173944 0.073683 0.168819
0.174104 0.073620 0.168719
0.174282 0.073539 0.168722
0.174459 0.073457 0.168725
0.174636 0.073376 0.168728
0.174813 0.073295 0.168732
0.174989 0.073213 0.168736
0.175164 0.073133 0.168740
0.175323 0.073071 0.168640
0.175498 0.072990 0.168645
0.175673 0.072910 0.168649
0.175831 0.072848 0.168550
0.176005 0.072768 0.168555
0.176179 0.072688 0.168561
0.176336 0.072626 0.168461
0.176525 0.072528 0.168572
0.176682 0.072467 0.168473
0.176854 0.072387 0.168480
0.177026 0.072308 0.168486
0.177197 0.072229 0.168493
0.177382 0.072131 0.168605
0.177553 0.072053 0.168613
0.177709 0.071992 0.168515
0.177879 0.071913 0.168523
0.178048 0.071835 0.168531
0.178204 0.071774 0.168433
0.178372 0.071696 0.168441
0.178528 0.071635 0.168344
0.178683 0.071575 0.168246
0.178839 0.071514 0.168148
0.178994 0.071454 0.168051
0.179138 0.071410 0.167846
0.179294 0.071350 0.167748
0.179449 0.071289 0.167650
0.179605 0.071229 0.167553
0.179750 0.071185 0.167347
0.179906 0.071124 0.167249
0.180061 0.071063 0.167152
0.180217 0.071003 0.167054
0.180373 0.070942 0.166956
0.180529 0.070881 0.166858
0.180675 0.070837 0.166652
0.180831 0.070776 0.166553
0.180988 0.070715 0.166455
0.181144 0.070655 0.166357
0.181300 0.070594 0.166259
0.181456 0.070533 0.166161
0.181612 0.070472 0.166063
0.181777 0.070396 0.166074
0.181933 0.070335 0.165976
0.182088 0.070274 0.165878
0.182244 0.070214 0.165780
0.182400 0.070153 0.165682
0.182556 0.070092 0.165585
0.182705 0.070047 0.165377
0.182861 0.069986 0.165279
0.183017 0.069925 0.165181
0.183173 0.069864 0.165083
0.183323 0.069819 0.164874
0.183479 0.069758 0.164776
0.183630 0.069712 0.164567
0.183780 0.069666 0.164358
0.183932 0.069619 0.164149
0.184089 0.069558 0.164050
0.184240 0.069512 0.163840
0.184393 0.069465 0.163630
0.184540 0.069432 0.163309
0.184689 0.069399 0.162986
0.184843 0.069352 0.162775
0.184997 0.069305 0.162564
0.185148 0.069271 0.162240
0.185303 0.069223 0.162028
0.185455 0.069189 0.161704
0.185615 0.069127 0.161604
0.185774 0.069064 0.161504
0.185931 0.069016 0.161291
0.186091 0.068954 0.161190
0.159148 0.081199 0.159671
0.159771 0.080785 0.160884
0.159960 0.080712 0.160764
0.161334 0.079773 0.163682
0.161577 0.079653 0.163759
0.161878 0.079487 0.164028
0.162237 0.079274 0.164490
0.162506 0.079133 0.164665
0.162773 0.078992 0.164841
0.163097 0.078805 0.165210
0.163361 0.078665 0.165388
0.163539 0.078596 0.165277
0.163886 0.078387 0.165746
0.164119 0.078272 0.165829
0.164350 0.078157 0.165912
0.164581 0.078043 0.165996
0.164784 0.077952 0.165984
0.164986 0.077861 0.165971
0.165188 0.077770 0.165959
0.165416 0.077656 0.166045
0.165617 0.077566 0.166033
0.165844 0.077453 0.166120
0.166096 0.077318 0.166305
0.166321 0.077206 0.166393
0.166494 0.077139 0.166285
0.166794 0.076961 0.166669
0.167068 0.076805 0.166955
0.167314 0.076673 0.167144
0.167559 0.076541 0.167334
0.167803 0.076409 0.167525
0.168021 0.076300 0.167617
0.168214 0.076212 0.167610
0.168430 0.076103 0.167704
0.168622 0.076016 0.167698
0.168837 0.075908 0.167792
0.169028 0.075822 0.167786
0.169242 0.075714 0.167881
0.169431 0.075628 0.167877
0.169644 0.075521 0.167973
0.169855 0.075414 0.168069
0.170066 0.075307 0.168166
0.170298 0.075180 0.168364
0.170507 0.075074 0.168462
0.170715 0.074969 0.168560
0.170922 0.074864 0.168659
0.171085 0.074800 0.168557
0.171291 0.074696 0.168656
0.171496 0.074591 0.168757
0.171679 0.074508 0.168756
0.171862 0.074424 0.168756
0.172045 0.074341 0.168756
0.172227 0.074258 0.168756
0.172389 0.074195 0.168654
0.172570 0.074112 0.168655
0.172751 0.074029 0.168656
0.172932 0.073946 0.168657
0.173093 0.073884 0.168556
0.173273 0.073801 0.168557
0.173453 0.073719 0.168559
0.173632 0.073637 0.168561
0.173811 0.073555 0.168563
0.173990 0.073473 0.168565
0.174168 0.073392 0.168568
0.174345 0.073311 0.168571
0.174523 0.073229 0.168574
0.174699 0.073148 0.168578
0.174859 0.073086 0.168478
0.175035 0.073005 0.168482
0.175211 0.072925 0.168486
0.175369 0.072863 0.168386
0.175544 0.072782 0.168391
0.175703 0.072721 0.168291
0.175878 0.072640 0.168296
0.176052 0.072560 0.168301
0.176210 0.072499 0.168202
0.176383 0.072419 0.168208
0.176557 0.072339 0.168213
0.176729 0.072260 0.168219
0.176902 0.072181 0.168226
0.177074 0.072101 0.168232
0.177245 0.072022 0.168239
0.177416 0.071943 0.168246
0.177587 0.071865 0.168254
0.177757 0.071786 0.168261
0.177927 0.071708 0.168269
0.178083 0.071647 0.168171
0.178252 0.071569 0.168180
0.178408 0.071508 0.168082
0.178564 0.071448 0.167984
0.178720 0.071387 0.167886
0.178876 0.071326 0.167788
0.179032 0.071265 0.167690
0.179176 0.071222 0.167485
0.179332 0.071161 0.167387
0.179488 0.071100 0.167289
0.179644 0.071039 0.167191
0.179789 0.070995 0.166985
0.179946 0.070934 0.166887
0.180102 0.070873 0.166789
0.180258 0.070812 0.166690
0.180404 0.070768 0.166484
0.180561 0.070707 0.166386
0.180708 0.070662 0.166179
0.180864 0.070601 0.166080
0.181021 0.070540 0.165982
0.181178 0.070479 0.165884
0.181335 0.070418 0.165785
0.181491 0.070357 0.165687
0.181648 0.070296 0.165588
0.181813 0.070219 0.165599
0.181970 0.070158 0.165501
0.182126 0.070097 0.165402
0.182283 0.070036 0.165304
0.182439 0.069976 0.165206
0.182596 0.069915 0.165107
0.182745 0.069869 0.164899
0.182902 0.069808 0.164801
0.183059 0.069747 0.164702
0.183216 0.069686 0.164604
0.183366 0.069639 0.164395
0.183523 0.069578 0.164296
0.183674 0.069532 0.164087
0.183825 0.069485 0.163877
0.183977 0.069438 0.163667
0.184130 0.069391 0.163457
0.184282 0.069344 0.163246
0.184435 0.069297 0.163036
0.184584 0.069263 0.162713
0.184738 0.069215 0.162502
0.184889 0.069181 0.162178
0.185044 0.069133 0.161966
0.185195 0.069099 0.161642
0.185355 0.069036 0.161541
0.185512 0.068988 0.161329
0.185672 0.068925 0.161228
0.185829 0.068877 0.161015
0.185989 0.068814 0.160914
0.159031 0.080999 0.159610
0.159656 0.080588 0.160824
0.159846 0.080514 0.160704
0.160827 0.079820 0.163070
0.161224 0.079582 0.163625
0.161467 0.079464 0.163701
0.161769 0.079298 0.163970
0.162010 0.079180 0.164048
0.162250 0.079063 0.164127
0.162548 0.078899 0.164399
0.162844 0.078736 0.164672
0.163139 0.078573 0.164945
0.163317 0.078503 0.164833
0.163694 0.078273 0.165399
0.163956 0.078135 0.165579
0.164216 0.077997 0.165760
0.164448 0.077883 0.165844
0.164678 0.077770 0.165928
0.164881 0.077679 0.165916
0.165083 0.077588 0.165904
0.165284 0.077498 0.165892
0.165485 0.077407 0.165880
0.165686 0.077317 0.165869
0.165939 0.077183 0.166054
0.166139 0.077093 0.166044
0.166390 0.076959 0.166230
0.166588 0.076870 0.166220
0.166888 0.076694 0.166605
0.167161 0.076540 0.166893
0.167406 0.076408 0.167083
0.167651 0.076277 0.167273
0.167894 0.076146 0.167465
0.168112 0.076037 0.167557
0.168305 0.075950 0.167551
0.168521 0.075842 0.167645
0.168712 0.075756 0.167639
0.168927 0.075648 0.167734
0.169118 0.075562 0.167729
0.169308 0.075476 0.167724
0.169520 0.075369 0.167820
0.169732 0.075263 0.167916
0.169943 0.075156 0.168013
0.170154 0.075051 0.168110
0.170363 0.074945 0.168208
0.170594 0.074819 0.168408
0.170801 0.074714 0.168507
0.170965 0.074651 0.168404
0.171171 0.074546 0.168504
0.171377 0.074442 0.168604
0.171560 0.074359 0.168603
0.171744 0.074276 0.168603
0.171927 0.074192 0.168603
0.172089 0.074129 0.168501
0.172271 0.074046 0.168501
0.172453 0.073964 0.168502
0.172615 0.073901 0.168400
0.172796 0.073818 0.168401
0.172977 0.073736 0.168402
0.173138 0.073673 0.168301
0.173318 0.073591 0.168302
0.173498 0.073509 0.168304
0.173677 0.073427 0.168306
0.173856 0.073345 0.168308
0.174035 0.073264 0.168311
0.174213 0.073182 0.168314
0.174391 0.073101 0.168317
0.174568 0.073020 0.168320
0.174728 0.072958 0.168220
0.174905 0.072877 0.168224
0.175081 0.072797 0.168228
0.175240 0.072735 0.168128
0.175416 0.072654 0.168132
0.175575 0.072592 0.168032
0.175750 0.072512 0.168037
0.175909 0.072450 0.167937
0.176083 0.072370 0.167942
0.176242 0.072309 0.167843
0.176416 0.072229 0.167848
0.176589 0.072150 0.167854
0.176762 0.072070 0.167860
0.176935 0.071991 0.167866
0.177107 0.071912 0.167873
0.177279 0.071833 0.167880
0.177450 0.071754 0.167887
0.177621 0.071676 0.167894
0.177792 0.071597 0.167902
0.177948 0.071536 0.167803
0.178118 0.071458 0.167811
0.178275 0.071397 0.167713
0.178444 0.071319 0.167721
0.178601 0.071258 0.167623
0.178757 0.071198 0.167525
0.178913 0.071137 0.167426
0.179058 0.071093 0.167221
0.179214 0.071032 0.167123
0.179371 0.070971 0.167024
0.179527 0.070910 0.166926
0.179673 0.070865 0.166720
0.179829 0.070804 0.166622
0.179975 0.070759 0.166415
0.180132 0.070698 0.166317
0.180279 0.070653 0.166110
0.180436 0.070592 0.166011
0.180583 0.070547 0.165804
0.180741 0.070485 0.165705
0.180898 0.070424 0.165606
0.181055 0.070363 0.165507
0.181213 0.070301 0.165409
0.181370 0.070240 0.165310
0.181527 0.070179 0.165211
0.181693 0.070102 0.165221
0.181850 0.070041 0.165123
0.182008 0.069980 0.165024
0.182165 0.069919 0.164925
0.182322 0.069858 0.164827
0.182479 0.069796 0.164728
0.182636 0.069735 0.164629
0.182793 0.069674 0.164531
0.182951 0.069613 0.164432
0.183101 0.069566 0.164223
0.183258 0.069505 0.164124
0.183416 0.069444 0.164025
0.183561 0.069411 0.163704
0.183719 0.069350 0.163605
0.183871 0.069303 0.163395
0.184024 0.069255 0.163184
0.184176 0.069208 0.162974
0.184325 0.069174 0.162651
0.184479 0.069126 0.162439
0.184633 0.069078 0.162228
0.184788 0.069029 0.162016
0.184943 0.068981 0.161804
0.185095 0.068946 0.161479
0.185255 0.068884 0.161378
0.185411 0.068835 0.161165
0.185568 0.068786 0.160952
0.185729 0.068723 0.160851
0.185889 0.068661 0.160751
0.160716 0.079628 0.163012
0.161083 0.079415 0.163471
0.161326 0.079297 0.163548
0.161569 0.079179 0.163625
0.161811 0.079061 0.163703
0.162052 0.078944 0.163781
0.162322 0.078804 0.163956
0.162648 0.078618 0.164325
0.162915 0.078479 0.164502
0.163209 0.078318 0.164777
0.163388 0.078248 0.164665
0.163793 0.077997 0.165329
0.164054 0.077860 0.165510
0.164314 0.077723 0.165691
0.164517 0.077633 0.165678
0.164748 0.077519 0.165763
0.164950 0.077429 0.165751
0.165152 0.077339 0.165739
0.165353 0.077248 0.165727
0.165554 0.077158 0.165716
0.165755 0.077069 0.165705
0.166008 0.076935 0.165891
0.166233 0.076824 0.165979
0.166484 0.076691 0.166166
0.166682 0.076602 0.166156
0.167007 0.076405 0.166641
0.167253 0.076274 0.166831
0.167499 0.076144 0.167022
0.167743 0.076013 0.167213
0.167961 0.075905 0.167305
0.168179 0.075797 0.167398
0.168395 0.075689 0.167492
0.168587 0.075602 0.167486
0.168779 0.075516 0.167481
0.168993 0.075409 0.167576
0.169184 0.075323 0.167571
0.169397 0.075217 0.167667
0.169609 0.075111 0.167763
0.169821 0.075005 0.167860
0.170032 0.074899 0.167958
0.170241 0.074794 0.168055
0.170450 0.074689 0.168154
0.170659 0.074585 0.168253
0.170823 0.074521 0.168150
0.171030 0.074417 0.168250
0.171236 0.074313 0.168350
0.171441 0.074210 0.168450
0.171625 0.074127 0.168450
0.171787 0.074063 0.168348
0.171970 0.073980 0.168348
0.172153 0.073898 0.168348
0.172315 0.073835 0.168246
0.172497 0.073752 0.168247
0.172659 0.073689 0.168145
0.172840 0.073607 0.168146
0.173021 0.073524 0.168147
0.173202 0.073442 0.168149
0.173382 0.073361 0.168150
0.173543 0.073298 0.168049
0.173741 0.073197 0.168155
0.173920 0.073116 0.168157
0.174080 0.073053 0.168056
0.174259 0.072972 0.168059
0.174437 0.072891 0.168062
0.174614 0.072811 0.168066
0.174791 0.072730 0.168069
0.174951 0.072668 0.167969
0.175127 0.072587 0.167973
0.175287 0.072525 0.167873
0.175462 0.072445 0.167877
0.175622 0.072383 0.167777
0.175781 0.072321 0.167677
0.175956 0.072241 0.167682
0.176115 0.072179 0.167582
0.176289 0.072100 0.167588
0.176448 0.072038 0.167488
0.176622 0.071959 0.167494
0.176795 0.071879 0.167500
0.176968 0.071800 0.167506
0.177141 0.071721 0.167512
0.177299 0.071660 0.167413
0.177471 0.071581 0.167420
0.177656 0.071486 0.167533
0.177813 0.071424 0.167434
0.177984 0.071346 0.167442
0.178141 0.071285 0.167343
0.178311 0.071207 0.167351
0.178468 0.071146 0.167253
0.178625 0.071085 0.167154
0.178782 0.071024 0.167056
0.178939 0.070963 0.166957
0.179084 0.070918 0.166751
0.179241 0.070857 0.166652
0.179398 0.070795 0.166554
0.179555 0.070734 0.166455
0.179702 0.070689 0.166248
0.179859 0.070628 0.166150
0.180006 0.070583 0.165943
0.180153 0.070537 0.165735
0.180310 0.070476 0.165636
0.180458 0.070430 0.165429
0.180606 0.070384 0.165221
0.180764 0.070322 0.165121
0.180923 0.070261 0.165022
0.181081 0.070199 0.164923
0.181239 0.070138 0.164823
0.181406 0.070061 0.164833
0.181564 0.069999 0.164734
0.181722 0.069938 0.164635
0.181888 0.069861 0.164645
0.182046 0.069800 0.164546
0.182204 0.069738 0.164447
0.182361 0.069677 0.164348
0.182519 0.069616 0.164249
0.182677 0.069554 0.164150
0.182835 0.069493 0.164051
0.182993 0.069431 0.163952
0.183150 0.069370 0.163853
0.183302 0.069323 0.163643
0.183460 0.069261 0.163543
0.183612 0.069214 0.163333
0.183764 0.069166 0.163122
0.183917 0.069118 0.162912
0.184070 0.069070 0.162700
0.184224 0.069022 0.162489
0.184373 0.068988 0.162166
0.184532 0.068926 0.162066
0.184683 0.068891 0.161741
0.184838 0.068842 0.161529
0.184994 0.068793 0.161316
0.185151 0.068744 0.161103
0.185307 0.068694 0.160890
0.185468 0.068632 0.160789
0.185629 0.068569 0.160688
0.185789 0.068507 0.160587
0.160911 0.079271 0.163221
0.161155 0.079153 0.163298
0.161399 0.079036 0.163375
0.161612 0.078941 0.163356
0.161853 0.078824 0.163434
0.162124 0.078685 0.163610
0.162423 0.078523 0.163882
0.162720 0.078361 0.164155
0.162986 0.078223 0.164333
0.163280 0.078063 0.164608
0.163459 0.077993 0.164496
0.163863 0.077744 0.165162
0.164124 0.077608 0.165343
0.164384 0.077472 0.165525
0.164615 0.077360 0.165610
0.164817 0.077269 0.165598
0.165019 0.077179 0.165586
0.165221 0.077089 0.165574
0.165423 0.076999 0.165563
0.165624 0.076909 0.165551
0.165851 0.076798 0.165639
0.166077 0.076687 0.165727
0.166328 0.076555 0.165914
0.166578 0.076423 0.166102
0.166750 0.076356 0.165994
0.167049 0.076182 0.166381
0.167346 0.076010 0.166770
0.167591 0.075880 0.166961
0.167835 0.075751 0.167153
0.168053 0.075643 0.167246
0.168245 0.075556 0.167240
0.168462 0.075449 0.167334
0.168654 0.075363 0.167328
0.168869 0.075256 0.167423
0.169060 0.075171 0.167418
0.169273 0.075064 0.167514
0.169486 0.074959 0.167610
0.169698 0.074853 0.167707
0.169909 0.074748 0.167805
0.170119 0.074643 0.167903
0.170329 0.074539 0.168001
0.170538 0.074434 0.168100
0.170702 0.074371 0.167997
0.170909 0.074267 0.168096
0.171116 0.074164 0.168197
0.171301 0.074080 0.168196
0.171485 0.073997 0.168195
0.171668 0.073914 0.168195
0.171852 0.073831 0.168194
0.172014 0.073768 0.168092
0.172197 0.073685 0.168093
0.172359 0.073622 0.167991
0.172541 0.073540 0.167991
0.172704 0.073477 0.167890
0.172885 0.073395 0.167891
0.173066 0.073313 0.167892
0.173247 0.073231 0.167893
0.173427 0.073149 0.167895
0.173607 0.073068 0.167897
0.173786 0.072986 0.167899
0.173965 0.072905 0.167902
0.174144 0.072824 0.167905
0.174322 0.072743 0.167908
0.174500 0.072663 0.167911
0.174660 0.072600 0.167811
0.174837 0.072520 0.167814
0.175014 0.072440 0.167818
0.175174 0.072377 0.167718
0.175350 0.072297 0.167722
0.175509 0.072235 0.167622
0.175669 0.072173 0.167522
0.175828 0.072111 0.167422
0.175987 0.072049 0.167322
0.176162 0.071970 0.167327
0.176322 0.071908 0.167227
0.176481 0.071846 0.167127
0.176655 0.071766 0.167133
0.176829 0.071687 0.167139
0.177002 0.071608 0.167145
0.177160 0.071547 0.167045
0.177333 0.071468 0.167052
0.177505 0.071389 0.167058
0.177677 0.071311 0.167065
0.177849 0.071233 0.167073
0.178006 0.071171 0.166974
0.178177 0.071093 0.166981
0.178335 0.071032 0.166882
0.178492 0.070971 0.166783
0.178662 0.070893 0.166792
0.178820 0.070832 0.166693
0.178965 0.070787 0.166487
0.179123 0.070725 0.166388
0.179280 0.070664 0.166289
0.179426 0.070619 0.166082
0.179584 0.070557 0.165983
0.179731 0.070511 0.165776
0.179878 0.070466 0.165568
0.180036 0.070404 0.165469
0.180184 0.070358 0.165261
0.180332 0.070312 0.165053
0.180481 0.070265 0.164845
0.180640 0.070204 0.164745
0.180798 0.070142 0.164645
0.180957 0.070080 0.164545
0.181116 0.070018 0.164446
0.181284 0.069941 0.164455
0.181442 0.069880 0.164356
0.181601 0.069818 0.164256
0.181768 0.069741 0.164266
0.181926 0.069680 0.164167
0.182093 0.069603 0.164177
0.182251 0.069542 0.164078
0.182409 0.069480 0.163979
0.182567 0.069419 0.163879
0.182725 0.069357 0.163780
0.182884 0.069296 0.163680
0.183042 0.069234 0.163581
0.183193 0.069186 0.163371
0.183352 0.069125 0.163271
0.183504 0.069077 0.163061
0.183663 0.069015 0.162961
0.183810 0.068981 0.162639
0.183963 0.068932 0.162427
0.184117 0.068884 0.162215
0.184272 0.068835 0.162004
0.184427 0.068787 0.161791
0.184582 0.068738 0.161579
0.184733 0.068702 0.161254
0.184893 0.068639 0.161153
0.185050 0.068590 0.160940
0.185210 0.068527 0.160839
0.185367 0.068478 0.160625
0.185528 0.068415 0.160524
0.160770 0.079104 0.163067
0.160984 0.079009 0.163048
0.161228 0.078892 0.163125
0.161471 0.078774 0.163202
0.161684 0.078680 0.163184
0.161926 0.078564 0.163262
0.162196 0.078425 0.163438
0.162465 0.078287 0.163614
0.162762 0.078126 0.163889
0.162942 0.078056 0.163775
0.163351 0.077807 0.164440
0.163643 0.077649 0.164717
0.163933 0.077491 0.164995
0.164222 0.077334 0.165275
0.164453 0.077221 0.165359
0.164684 0.077109 0.165445
0.164914 0.076997 0.165531
0.165089 0.076929 0.165421
0.165290 0.076839 0.165409
0.165518 0.076728 0.165496
0.165719 0.076639 0.165485
0.165946 0.076528 0.165573
0.166172 0.076418 0.165662
0.166422 0.076287 0.165850
0.166595 0.076220 0.165741
0.166946 0.076004 0.166327
0.167218 0.075854 0.166617
0.167464 0.075724 0.166808
0.167708 0.075596 0.167000
0.167926 0.075488 0.167093
0.168119 0.075402 0.167087
0.168312 0.075316 0.167081
0.168529 0.075209 0.167175
0.168720 0.075123 0.167170
0.168935 0.075017 0.167265
0.169149 0.074911 0.167361
0.169362 0.074806 0.167457
0.169552 0.074721 0.167454
0.169764 0.074616 0.167551
0.169997 0.074492 0.167749
0.170207 0.074387 0.167848
0.170416 0.074284 0.167947
0.170581 0.074220 0.167844
0.170789 0.074116 0.167943
0.170974 0.074033 0.167942
0.171181 0.073930 0.168042
0.171365 0.073847 0.168042
0.171549 0.073764 0.168041
0.171712 0.073701 0.167939
0.171896 0.073618 0.167939
0.172058 0.073555 0.167837
0.172241 0.073472 0.167837
0.172404 0.073409 0.167735
0.172586 0.073327 0.167736
0.172768 0.073245 0.167736
0.172949 0.073163 0.167738
0.173130 0.073081 0.167739
0.173311 0.073000 0.167741
0.173491 0.072919 0.167743
0.173671 0.072837 0.167745
0.173850 0.072756 0.167747
0.174029 0.072676 0.167750
0.174208 0.072595 0.167753
0.174386 0.072514 0.167757
0.174546 0.072452 0.167656
0.174723 0.072372 0.167660
0.174901 0.072291 0.167663
0.175060 0.072229 0.167563
0.175220 0.072167 0.167463
0.175380 0.072105 0.167362
0.175556 0.072025 0.167367
0.175716 0.071963 0.167267
0.175875 0.071901 0.167166
0.176035 0.071839 0.167066
0.176195 0.071776 0.166966
0.176369 0.071697 0.166971
0.176529 0.071635 0.166871
0.176688 0.071573 0.166771
0.176862 0.071494 0.166777
0.177036 0.071415 0.166783
0.177209 0.071337 0.166789
0.177368 0.071275 0.166689
0.177541 0.071196 0.166696
0.177713 0.071118 0.166703
0.177884 0.071040 0.166710
0.178043 0.070978 0.166611
0.178214 0.070901 0.166619
0.178372 0.070839 0.166519
0.178530 0.070778 0.166420
0.178688 0.070716 0.166321
0.178846 0.070655 0.166222
0.179004 0.070593 0.166123
0.179162 0.070532 0.166023
0.179308 0.070486 0.165816
0.179466 0.070424 0.165717
0.179613 0.070378 0.165509
0.179761 0.070332 0.165302
0.179909 0.070286 0.165094
0.180057 0.070239 0.164885
0.180206 0.070192 0.164677
0.180365 0.070130 0.164577
0.180514 0.070084 0.164368
0.180674 0.070021 0.164268
0.180833 0.069959 0.164168
0.180992 0.069897 0.164067
0.181152 0.069835 0.163967
0.181311 0.069773 0.163867
0.181479 0.069697 0.163877
0.181638 0.069635 0.163777
0.181798 0.069573 0.163677
0.181965 0.069496 0.163687
0.182132 0.069420 0.163697
0.182291 0.069358 0.163597
0.182449 0.069296 0.163498
0.182608 0.069235 0.163398
0.182767 0.069173 0.163298
0.182926 0.069111 0.163199
0.183085 0.069049 0.163099
0.183243 0.068987 0.162999
0.183396 0.068939 0.162788
0.183549 0.068891 0.162577
0.183702 0.068842 0.162365
0.183862 0.068780 0.162265
0.184010 0.068745 0.161942
0.184170 0.068683 0.161841
0.184325 0.068633 0.161629
0.184480 0.068584 0.161416
0.184631 0.068548 0.161091
0.184792 0.068485 0.160990
0.184949 0.068436 0.160777
0.185109 0.068373 0.160676
0.185267 0.068323 0.160462
0.160628 0.078935 0.162913
0.160843 0.078841 0.162894
0.161057 0.078746 0.162875
0.161301 0.078630 0.162952
0.161514 0.078536 0.162933
0.161756 0.078419 0.163012
0.161998 0.078304 0.163090
0.162268 0.078166 0.163267
0.162508 0.078050 0.163347
0.162805 0.077891 0.163621
0.162985 0.077821 0.163508
0.163422 0.077552 0.164271
0.163742 0.077373 0.164647
0.164003 0.077238 0.164828
0.164264 0.077104 0.165011
0.164523 0.076970 0.165194
0.164753 0.076859 0.165279
0.164956 0.076769 0.165267
0.165185 0.076658 0.165354
0.165386 0.076568 0.165343
0.165588 0.076479 0.165332
0.165788 0.076390 0.165321
0.166041 0.076259 0.165508
0.166292 0.076128 0.165696
0.166568 0.075977 0.165984
0.166817 0.075847 0.166174
0.167065 0.075718 0.166364
0.167336 0.075569 0.166655
0.167581 0.075441 0.166847
0.167800 0.075334 0.166940
0.167993 0.075247 0.166934
0.168186 0.075161 0.166928
0.168403 0.075055 0.167022
0.168595 0.074969 0.167017
0.168810 0.074863 0.167112
0.169001 0.074778 0.167107
0.169215 0.074673 0.167204
0.169428 0.074568 0.167300
0.169641 0.074464 0.167397
0.169852 0.074359 0.167495
0.170063 0.074256 0.167594
0.170273 0.074152 0.167692
0.170437 0.074088 0.167589
0.170646 0.073985 0.167688
0.170854 0.073882 0.167788
0.171039 0.073799 0.167787
0.171224 0.073716 0.167786
0.171409 0.073633 0.167786
0.171593 0.073550 0.167785
0.171756 0.073487 0.167683
0.171940 0.073404 0.167683
0.172103 0.073341 0.167580
0.172286 0.073259 0.167581
0.172468 0.073177 0.167581
0.172631 0.073114 0.167479
0.172813 0.073032 0.167480
0.172994 0.072950 0.167482
0.173194 0.072850 0.167586
0.173375 0.072769 0.167588
0.173555 0.072688 0.167591
0.173735 0.072607 0.167593
0.173914 0.072526 0.167596
0.174093 0.072446 0.167599
0.174253 0.072383 0.167498
0.174432 0.072303 0.167501
0.174609 0.072223 0.167505
0.174770 0.072160 0.167404
0.174947 0.072080 0.167408
0.175107 0.072018 0.167307
0.175267 0.071956 0.167207
0.175427 0.071894 0.167106
0.175587 0.071831 0.167006
0.175747 0.071769 0.166905
0.175923 0.071690 0.166910
0.176083 0.071627 0.166810
0.176243 0.071565 0.166709
0.176402 0.071503 0.166609
0.176562 0.071441 0.166509
0.176737 0.071362 0.166514
0.176911 0.071283 0.166520
0.177070 0.071221 0.166420
0.177244 0.071142 0.166426
0.177417 0.071064 0.166433
0.177590 0.070986 0.166440
0.177748 0.070924 0.166340
0.177921 0.070846 0.166347
0.178079 0.070784 0.166248
0.178251 0.070707 0.166255
0.178409 0.070645 0.166156
0.178567 0.070583 0.166056
0.178726 0.070522 0.165957
0.178884 0.070460 0.165857
0.179031 0.070414 0.165650
0.179189 0.070352 0.165550
0.179336 0.070306 0.165343
0.179484 0.070259 0.165135
0.179632 0.070213 0.164926
0.179780 0.070166 0.164718
0.179940 0.070104 0.164618
0.180078 0.070072 0.164300
0.180238 0.070010 0.164200
0.180388 0.069962 0.163990
0.180548 0.069900 0.163890
0.180708 0.069838 0.163789
0.180868 0.069775 0.163689
0.181028 0.069713 0.163588
0.181188 0.069651 0.163488
0.181348 0.069588 0.163387
0.181517 0.069512 0.163397
0.181676 0.069450 0.163296
0.181844 0.069373 0.163306
0.182004 0.069311 0.163206
0.182171 0.069235 0.163216
0.182338 0.069159 0.163226
0.182498 0.069097 0.163126
0.182657 0.069035 0.163026
0.182816 0.068973 0.162926
0.182975 0.068911 0.162826
0.183134 0.068849 0.162726
0.183287 0.068801 0.162515
0.183447 0.068739 0.162415
0.183600 0.068690 0.162203
0.183754 0.068641 0.161991
0.183908 0.068592 0.161779
0.184069 0.068529 0.161679
0.184218 0.068493 0.161354
0.184374 0.068443 0.161141
0.184535 0.068381 0.161040
0.184691 0.068331 0.160827
0.184852 0.068268 0.160726
0.160486 0.078767 0.162759
0.160701 0.078672 0.162740
0.160916 0.078578 0.162720
0.161130 0.078484 0.162701
0.161343 0.078390 0.162682
0.161586 0.078274 0.162761
0.161829 0.078158 0.162839
0.162041 0.078065 0.162822
0.162311 0.077928 0.162998
0.162580 0.077791 0.163176
0.162761 0.077721 0.163062
0.163171 0.077476 0.163728
0.163350 0.077406 0.163615
0.163784 0.077141 0.164382
0.164073 0.076986 0.164661
0.164334 0.076852 0.164844
0.164593 0.076719 0.165028
0.164823 0.076608 0.165114
0.165053 0.076498 0.165201
0.165254 0.076408 0.165189
0.165482 0.076298 0.165277
0.165683 0.076209 0.165266
0.165936 0.076079 0.165454
0.166188 0.075949 0.165642
0.166465 0.075798 0.165930
0.166714 0.075669 0.166120
0.166962 0.075541 0.166310
0.167208 0.075413 0.166501
0.167454 0.075285 0.166694
0.167648 0.075199 0.166687
0.167867 0.075092 0.166780
0.168060 0.075006 0.166774
0.168253 0.074920 0.166769
0.168470 0.074815 0.166863
0.168662 0.074729 0.166858
0.168877 0.074624 0.166954
0.169091 0.074519 0.167050
0.169305 0.074415 0.167147
0.169517 0.074311 0.167244
0.169729 0.074207 0.167342
0.169940 0.074103 0.167440
0.170151 0.074000 0.167539
0.170316 0.073936 0.167435
0.170525 0.073833 0.167535
0.170711 0.073750 0.167533
0.170897 0.073667 0.167532
0.171083 0.073584 0.167531
0.171268 0.073501 0.167530
0.171453 0.073418 0.167529
0.171616 0.073355 0.167427
0.171800 0.073272 0.167426
0.171984 0.073190 0.167426
0.172147 0.073127 0.167324
0.172330 0.073045 0.167324
0.172513 0.072963 0.167325
0.172695 0.072881 0.167326
0.172877 0.072800 0.167327
0.173058 0.072718 0.167329
0.173258 0.072619 0.167434
0.173439 0.072538 0.167436
0.173619 0.072458 0.167438
0.173798 0.072377 0.167441
0.173978 0.072297 0.167444
0.174156 0.072216 0.167447
0.174317 0.072154 0.167346
0.174495 0.072074 0.167350
0.174656 0.072011 0.167249
0.174833 0.071931 0.167253
0.174994 0.071869 0.167152
0.175154 0.071807 0.167051
0.175314 0.071744 0.166951
0.175474 0.071682 0.166850
0.175634 0.071619 0.166749
0.175795 0.071557 0.166649
0.175955 0.071495 0.166548
0.176115 0.071432 0.166448
0.176291 0.071353 0.166453
0.176451 0.071291 0.166352
0.176611 0.071229 0.166252
0.176785 0.071150 0.166257
0.176945 0.071088 0.166157
0.177119 0.071009 0.166163
0.177293 0.070931 0.166169
0.177452 0.070869 0.166069
0.177625 0.070791 0.166076
0.177798 0.070713 0.166083
0.177957 0.070651 0.165983
0.178116 0.070589 0.165883
0.178275 0.070527 0.165783
0.178434 0.070465 0.165684
0.178593 0.070404 0.165584
0.178752 0.070342 0.165484
0.178911 0.070280 0.165384
0.179058 0.070233 0.165176
0.179217 0.070171 0.165076
0.179365 0.070124 0.164868
0.179514 0.070077 0.164659
0.179662 0.070030 0.164450
0.179811 0.069983 0.164241
0.179961 0.069935 0.164032
0.180121 0.069873 0.163931
0.180271 0.069825 0.163722
0.180431 0.069763 0.163621
0.180592 0.069700 0.163520
0.180743 0.069652 0.163310
0.180903 0.069590 0.163209
0.181073 0.069513 0.163218
0.181234 0.069450 0.163117
0.181394 0.069388 0.163016
0.181563 0.069311 0.163026
0.181723 0.069249 0.162925
0.181892 0.069173 0.162935
0.182059 0.069097 0.162945
0.182219 0.069034 0.162844
0.182387 0.068959 0.162855
0.182546 0.068897 0.162754
0.182706 0.068834 0.162654
0.182865 0.068772 0.162554
0.183025 0.068710 0.162454
0.183185 0.068648 0.162353
0.183338 0.068599 0.162142
0.183492 0.068550 0.161930
0.183652 0.068487 0.161829
0.183806 0.068438 0.161617
0.183961 0.068388 0.161404
0.184122 0.068326 0.161303
0.184277 0.068276 0.161090
0.184438 0.068214 0.160989
0.160375 0.078575 0.162701
0.160590 0.078481 0.162681
0.160805 0.078387 0.162662
0.161019 0.078293 0.162643
0.161203 0.078222 0.162528
0.161446 0.078106 0.162606
0.161659 0.078013 0.162588
0.161872 0.077919 0.162570
0.162113 0.077804 0.162649
0.162383 0.077668 0.162827
0.162623 0.077554 0.162907
0.162804 0.077483 0.162793
0.163214 0.077241 0.163461
0.163535 0.077063 0.163837
0.163854 0.076887 0.164214
0.164143 0.076733 0.164494
0.164403 0.076600 0.164678
0.164662 0.076468 0.164862
0.164920 0.076337 0.165047
0.165149 0.076227 0.165134
0.165377 0.076117 0.165222
0.165605 0.076008 0.165310
0.165832 0.075898 0.165399
0.166084 0.075769 0.165587
0.166361 0.075619 0.165875
0.166584 0.075512 0.165966
0.166859 0.075363 0.166256
0.167080 0.075256 0.166348
0.167326 0.075129 0.166540
0.167521 0.075043 0.166534
0.167715 0.074957 0.166527
0.167934 0.074851 0.166621
0.168127 0.074765 0.166615
0.168320 0.074680 0.166610
0.168536 0.074575 0.166705
0.168752 0.074470 0.166800
0.168943 0.074385 0.166796
0.169157 0.074281 0.166892
0.169371 0.074177 0.166990
0.169583 0.074073 0.167087
0.169795 0.073970 0.167185
0.170006 0.073867 0.167284
0.170171 0.073802 0.167180
0.170381 0.073700 0.167280
0.170568 0.073617 0.167278
0.170755 0.073534 0.167276
0.170941 0.073451 0.167275
0.171126 0.073368 0.167274
0.171312 0.073286 0.167273
0.171496 0.073203 0.167272
0.171681 0.073121 0.167272
0.171844 0.073057 0.167169
0.172028 0.072975 0.167170
0.172212 0.072894 0.167170
0.172395 0.072812 0.167171
0.172577 0.072730 0.167171
0.172759 0.072649 0.167173
0.172961 0.072550 0.167277
0.173142 0.072469 0.167279
0.173322 0.072388 0.167281
0.173503 0.072308 0.167283
0.173683 0.072227 0.167286
0.173862 0.072147 0.167289
0.174041 0.072067 0.167292
0.174220 0.071987 0.167295
0.174381 0.071924 0.167194
0.174541 0.071862 0.167093
0.174719 0.071782 0.167097
0.174880 0.071719 0.166996
0.175040 0.071657 0.166896
0.175201 0.071594 0.166795
0.175361 0.071532 0.166694
0.175522 0.071470 0.166593
0.175682 0.071407 0.166493
0.175842 0.071345 0.166392
0.176003 0.071282 0.166291
0.176163 0.071220 0.166190
0.176324 0.071157 0.166090
0.176484 0.071095 0.165989
0.176659 0.071016 0.165994
0.176820 0.070954 0.165894
0.176994 0.070875 0.165900
0.177168 0.070797 0.165906
0.177328 0.070735 0.165805
0.177502 0.070657 0.165812
0.177661 0.070595 0.165712
0.177834 0.070517 0.165719
0.177994 0.070455 0.165618
0.178153 0.070393 0.165518
0.178313 0.070331 0.165418
0.178472 0.070269 0.165318
0.178631 0.070207 0.165218
0.178791 0.070145 0.165118
0.178938 0.070098 0.164910
0.179086 0.070050 0.164701
0.179246 0.069988 0.164601
0.179395 0.069941 0.164392
0.179544 0.069893 0.164183
0.179693 0.069846 0.163973
0.179843 0.069798 0.163764
0.180003 0.069735 0.163663
0.180154 0.069687 0.163453
0.180314 0.069624 0.163352
0.180475 0.069562 0.163251
0.180636 0.069499 0.163150
0.180797 0.069437 0.163049
0.180958 0.069374 0.162948
0.181119 0.069311 0.162847
0.181280 0.069249 0.162746
0.181449 0.069172 0.162755
0.181610 0.069110 0.162654
0.181779 0.069034 0.162663
0.181939 0.068971 0.162563
0.182107 0.068895 0.162573
0.182275 0.068819 0.162583
0.182435 0.068757 0.162482
0.182602 0.068682 0.162493
0.182762 0.068619 0.162392
0.182922 0.068557 0.162292
0.183075 0.068508 0.162080
0.183235 0.068446 0.161980
0.183389 0.068396 0.161767
0.183543 0.068346 0.161555
0.183704 0.068284 0.161454
0.183864 0.068222 0.161353
0.184019 0.068172 0.161140
0.184180 0.068109 0.161039
0.184052 0.069149 0.150141
0.160479 0.078289 0.162623
0.160694 0.078196 0.162604
0.160908 0.078102 0.162585
0.161092 0.078031 0.162470
0.161305 0.077937 0.162451
0.161489 0.077866 0.162336
0.161732 0.077751 0.162415
0.161944 0.077658 0.162397
0.162185 0.077544 0.162477
0.162426 0.077430 0.162557
0.162694 0.077295 0.162736
0.162876 0.077224 0.162622
0.163256 0.077005 0.163193
0.163577 0.076829 0.163570
0.163897 0.076654 0.163948
0.164214 0.076480 0.164327
0.164473 0.076348 0.164511
0.164759 0.076196 0.164795
0.165044 0.076045 0.165079
0.165272 0.075936 0.165167
0.165500 0.075827 0.165255
0.165727 0.075718 0.165344
0.165979 0.075589 0.165532
0.166257 0.075441 0.165821
0.166481 0.075333 0.165912
0.166730 0.075206 0.166103
0.166952 0.075099 0.166195
0.167173 0.074993 0.166287
0.167393 0.074886 0.166380
0.167588 0.074801 0.166374
0.167782 0.074715 0.166367
0.167976 0.074629 0.166361
0.168194 0.074524 0.166456
0.168387 0.074439 0.166451
0.168579 0.074354 0.166445
0.168795 0.074249 0.166541
0.169010 0.074146 0.166638
0.169224 0.074042 0.166735
0.169437 0.073939 0.166832
0.169649 0.073836 0.166930
0.169861 0.073733 0.167029
0.170072 0.073630 0.167128
0.170237 0.073566 0.167024
0.170424 0.073483 0.167022
0.170611 0.073400 0.167020
0.170798 0.073317 0.167019
0.170984 0.073235 0.167017
0.171170 0.073152 0.167016
0.171356 0.073070 0.167016
0.171540 0.072988 0.167015
0.171704 0.072924 0.166912
0.171889 0.072842 0.166912
0.172073 0.072760 0.166912
0.172276 0.072660 0.167016
0.172459 0.072579 0.167017
0.172642 0.072498 0.167018
0.172824 0.072417 0.167019
0.173025 0.072318 0.167124
0.173206 0.072238 0.167126
0.173387 0.072157 0.167129
0.173567 0.072077 0.167131
0.173747 0.071997 0.167134
0.173926 0.071917 0.167137
0.174087 0.071854 0.167036
0.174266 0.071774 0.167039
0.174444 0.071694 0.167043
0.174605 0.071632 0.166942
0.174766 0.071569 0.166841
0.174926 0.071507 0.166740
0.175087 0.071444 0.166639
0.175248 0.071382 0.166538
0.175408 0.071319 0.166437
0.175569 0.071257 0.166336
0.175730 0.071194 0.166235
0.175875 0.071148 0.166029
0.176035 0.071085 0.165928
0.176212 0.071006 0.165933
0.176372 0.070944 0.165832
0.176533 0.070881 0.165731
0.176693 0.070819 0.165630
0.176869 0.070740 0.165636
0.177043 0.070662 0.165642
0.177204 0.070600 0.165541
0.177378 0.070522 0.165547
0.177538 0.070460 0.165447
0.177698 0.070397 0.165346
0.177871 0.070320 0.165353
0.178031 0.070258 0.165253
0.178191 0.070195 0.165153
0.178351 0.070133 0.165052
0.178510 0.070071 0.164952
0.178670 0.070009 0.164851
0.178818 0.069961 0.164643
0.178966 0.069914 0.164434
0.179115 0.069866 0.164225
0.179275 0.069804 0.164124
0.179424 0.069756 0.163915
0.179574 0.069708 0.163705
0.179724 0.069659 0.163495
0.179885 0.069597 0.163394
0.180036 0.069548 0.163184
0.180197 0.069485 0.163082
0.180358 0.069423 0.162981
0.180520 0.069360 0.162880
0.180681 0.069297 0.162778
0.180842 0.069234 0.162677
0.181003 0.069171 0.162576
0.181165 0.069109 0.162475
0.181335 0.069032 0.162484
0.181496 0.068970 0.162382
0.181665 0.068893 0.162392
0.181834 0.068818 0.162401
0.181995 0.068755 0.162300
0.182163 0.068679 0.162310
0.182331 0.068604 0.162321
0.182491 0.068541 0.162220
0.182651 0.068479 0.162119
0.182812 0.068417 0.162019
0.182972 0.068354 0.161918
0.183126 0.068305 0.161706
0.183286 0.068242 0.161605
0.183447 0.068180 0.161504
0.183601 0.068130 0.161291
0.183762 0.068067 0.161191
0.183578 0.069114 0.150198
0.183758 0.069044 0.150085
0.160583 0.078004 0.162546
0.160767 0.077933 0.162430
0.160981 0.077840 0.162412
0.161195 0.077746 0.162393
0.161378 0.077675 0.162278
0.161591 0.077582 0.162260
0.161775 0.077511 0.162145
0.161987 0.077418 0.162127
0.162229 0.077304 0.162207
0.162469 0.077191 0.162288
0.162738 0.077057 0.162467
0.163005 0.076923 0.162647
0.163186 0.076852 0.162533
0.163367 0.076782 0.162419
0.164598 0.076055 0.164542
0.164911 0.075884 0.164925
0.165194 0.075734 0.165211
0.165395 0.075646 0.165200
0.165569 0.075578 0.165091
0.166377 0.075155 0.165858
0.166601 0.075048 0.165949
0.166823 0.074942 0.166041
0.167045 0.074835 0.166133
0.167240 0.074749 0.166126
0.167436 0.074664 0.166120
0.167630 0.074578 0.166113
0.167849 0.074473 0.166207
0.168043 0.074387 0.166202
0.168236 0.074302 0.166196
0.168453 0.074198 0.166291
0.168646 0.074113 0.166287
0.168861 0.074010 0.166383
0.169076 0.073906 0.166480
0.169290 0.073803 0.166577
0.169503 0.073700 0.166675
0.169715 0.073598 0.166773
0.169927 0.073496 0.166872
0.170092 0.073431 0.166768
0.170280 0.073348 0.166766
0.170468 0.073265 0.166764
0.170655 0.073183 0.166762
0.170842 0.073100 0.166761
0.171028 0.073018 0.166760
0.171214 0.072935 0.166759
0.171400 0.072853 0.166758
0.171585 0.072771 0.166758
0.171769 0.072689 0.166757
0.171954 0.072608 0.166758
0.172138 0.072526 0.166758
0.172321 0.072445 0.166759
0.172524 0.072346 0.166863
0.172706 0.072265 0.166864
0.172908 0.072167 0.166969
0.173089 0.072087 0.166971
0.173270 0.072006 0.166973
0.173451 0.071926 0.166976
0.173631 0.071846 0.166979
0.173811 0.071766 0.166982
0.173990 0.071686 0.166985
0.174151 0.071624 0.166884
0.174312 0.071561 0.166782
0.174491 0.071481 0.166786
0.174652 0.071419 0.166685
0.174812 0.071356 0.166584
0.174973 0.071294 0.166483
0.175134 0.071231 0.166382
0.175295 0.071168 0.166281
0.175456 0.071106 0.166180
0.175601 0.071059 0.165973
0.175762 0.070997 0.165872
0.175923 0.070934 0.165771
0.176084 0.070871 0.165670
0.176260 0.070793 0.165675
0.176421 0.070730 0.165574
0.176582 0.070667 0.165473
0.176743 0.070605 0.165372
0.176918 0.070527 0.165377
0.177078 0.070464 0.165277
0.177253 0.070386 0.165283
0.177414 0.070324 0.165182
0.177574 0.070261 0.165081
0.177748 0.070184 0.165088
0.177908 0.070121 0.164987
0.178068 0.070059 0.164887
0.178228 0.069997 0.164786
0.178376 0.069949 0.164577
0.178537 0.069887 0.164477
0.178697 0.069824 0.164376
0.178846 0.069776 0.164167
0.179006 0.069714 0.164066
0.179155 0.069665 0.163856
0.179305 0.069617 0.163647
0.179466 0.069554 0.163545
0.179616 0.069506 0.163335
0.179777 0.069443 0.163234
0.179928 0.069394 0.163023
0.180089 0.069331 0.162922
0.180241 0.069282 0.162711
0.180402 0.069220 0.162610
0.180564 0.069157 0.162508
0.180726 0.069094 0.162406
0.180887 0.069031 0.162305
0.181049 0.068968 0.162203
0.181220 0.068891 0.162212
0.181381 0.068829 0.162111
0.181551 0.068753 0.162120
0.181721 0.068677 0.162129
0.181882 0.068614 0.162028
0.182058 0.068525 0.162149
0.182219 0.068463 0.162048
0.182380 0.068400 0.161947
0.182540 0.068338 0.161846
0.182708 0.068263 0.161857
0.182868 0.068200 0.161756
0.183022 0.068150 0.161543
0.183183 0.068088 0.161442
0.183337 0.068037 0.161230
0.183498 0.067975 0.161129
0.183283 0.069009 0.150142
0.183469 0.068926 0.150141
0.160656 0.077742 0.162372
0.160870 0.077649 0.162354
0.161054 0.077577 0.162238
0.161237 0.077506 0.162123
0.161451 0.077413 0.162105
0.161634 0.077341 0.161990
0.161818 0.077270 0.161874
0.162060 0.077156 0.161954
0.162272 0.077064 0.161937
0.162512 0.076951 0.162018
0.162781 0.076818 0.162197
0.163077 0.076664 0.162476
0.163258 0.076594 0.162362
0.164409 0.075933 0.164191
0.164860 0.075662 0.165067
0.165116 0.075533 0.165254
0.165290 0.075465 0.165145
0.165798 0.075210 0.165523
0.166023 0.075103 0.165613
0.166274 0.074976 0.165803
0.166471 0.074890 0.165795
0.166694 0.074784 0.165887
0.166891 0.074698 0.165880
0.167112 0.074592 0.165973
0.167308 0.074506 0.165966
0.167503 0.074421 0.165959
0.167698 0.074335 0.165953
0.167892 0.074250 0.165947
0.168086 0.074165 0.165941
0.168303 0.074061 0.166037
0.168496 0.073976 0.166032
0.168712 0.073873 0.166128
0.168928 0.073770 0.166224
0.169142 0.073667 0.166322
0.169356 0.073564 0.166419
0.169569 0.073462 0.166518
0.169758 0.073379 0.166515
0.169925 0.073314 0.166410
0.170136 0.073213 0.166510
0.170324 0.073130 0.166508
0.170512 0.073047 0.166506
0.170699 0.072965 0.166504
0.170886 0.072882 0.166503
0.171072 0.072800 0.166502
0.171258 0.072718 0.166501
0.171444 0.072636 0.166500
0.171629 0.072554 0.166500
0.171814 0.072473 0.166500
0.171998 0.072391 0.166500
0.172202 0.072292 0.166604
0.172406 0.072194 0.166708
0.172588 0.072113 0.166709
0.172790 0.072015 0.166814
0.172972 0.071935 0.166816
0.173153 0.071855 0.166818
0.173334 0.071775 0.166821
0.173515 0.071695 0.166823
0.173695 0.071615 0.166826
0.173875 0.071535 0.166829
0.174036 0.071473 0.166728
0.174197 0.071410 0.166627
0.174358 0.071347 0.166525
0.174537 0.071268 0.166529
0.174698 0.071205 0.166428
0.174859 0.071143 0.166327
0.175020 0.071080 0.166226
0.175165 0.071033 0.166019
0.175326 0.070970 0.165918
0.175487 0.070908 0.165816
0.175648 0.070845 0.165715
0.175810 0.070782 0.165614
0.175971 0.070719 0.165513
0.176132 0.070657 0.165411
0.176293 0.070594 0.165310
0.176455 0.070531 0.165209
0.176631 0.070453 0.165214
0.176792 0.070390 0.165113
0.176967 0.070312 0.165119
0.177128 0.070250 0.165018
0.177289 0.070187 0.164917
0.177463 0.070109 0.164923
0.177624 0.070047 0.164822
0.177785 0.069984 0.164721
0.177945 0.069922 0.164620
0.178106 0.069859 0.164520
0.178254 0.069811 0.164311
0.178415 0.069749 0.164210
0.178576 0.069686 0.164109
0.178724 0.069638 0.163899
0.178885 0.069575 0.163798
0.179035 0.069527 0.163588
0.179196 0.069464 0.163487
0.179346 0.069415 0.163277
0.179497 0.069366 0.163066
0.179658 0.069303 0.162965
0.179820 0.069240 0.162863
0.179971 0.069191 0.162652
0.180133 0.069128 0.162550
0.180285 0.069078 0.162339
0.180447 0.069015 0.162237
0.180609 0.068952 0.162135
0.180771 0.068889 0.162034
0.180933 0.068826 0.161932
0.181104 0.068750 0.161940
0.181266 0.068687 0.161839
0.181428 0.068624 0.161737
0.181590 0.068561 0.161635
0.181760 0.068485 0.161645
0.181922 0.068422 0.161543
0.182083 0.068359 0.161441
0.182744 0.068083 0.161259
0.182905 0.068020 0.161157
0.183066 0.067957 0.161056
0.183228 0.067894 0.160955
0.183174 0.068821 0.150085
0.160729 0.077479 0.162199
0.160912 0.077407 0.162083
0.161126 0.077315 0.162065
0.161310 0.077243 0.161950
0.161494 0.077172 0.161834
0.161707 0.077079 0.161817
0.161890 0.077008 0.161701
0.162103 0.076916 0.161684
0.162315 0.076824 0.161667
0.162556 0.076711 0.161748
0.162796 0.076599 0.161830
0.162978 0.076528 0.161715
0.163160 0.076457 0.161601
0.164755 0.075480 0.165012
0.165012 0.075352 0.165199
0.165185 0.075284 0.165090
0.165720 0.075011 0.165567
0.165919 0.074924 0.165559
0.166170 0.074798 0.165749
0.166342 0.074731 0.165641
0.166539 0.074645 0.165634
0.166762 0.074539 0.165726
0.166959 0.074454 0.165719
0.167155 0.074368 0.165712
0.167350 0.074282 0.165705
0.167545 0.074197 0.165698
0.167765 0.074093 0.165793
0.167935 0.074027 0.165686
0.168153 0.073923 0.165781
0.168370 0.073820 0.165877
0.168563 0.073735 0.165872
0.168779 0.073632 0.165969
0.168994 0.073530 0.166066
0.169209 0.073428 0.166164
0.169422 0.073326 0.166262
0.169612 0.073242 0.166259
0.169779 0.073177 0.166154
0.169991 0.073076 0.166253
0.170179 0.072993 0.166251
0.170368 0.072911 0.166249
0.170555 0.072828 0.166247
0.170743 0.072746 0.166245
0.170930 0.072664 0.166244
0.171116 0.072582 0.166243
0.171303 0.072500 0.166242
0.171488 0.072418 0.166242
0.171674 0.072337 0.166241
0.171879 0.072238 0.166345
0.172063 0.072157 0.166345
0.172267 0.072059 0.166449
0.172470 0.071961 0.166554
0.172653 0.071880 0.166555
0.172855 0.071783 0.166661
0.173036 0.071703 0.166663
0.173218 0.071623 0.166665
0.173398 0.071543 0.166668
0.173579 0.071464 0.166671
0.173741 0.071401 0.166569
0.173920 0.071321 0.166572
0.174082 0.071259 0.166471
0.174243 0.071196 0.166369
0.174405 0.071133 0.166268
0.174566 0.071070 0.166167
0.174728 0.071007 0.166065
0.174889 0.070944 0.165964
0.175051 0.070881 0.165862
0.175196 0.070834 0.165655
0.175357 0.070771 0.165554
0.175519 0.070708 0.165452
0.175681 0.070646 0.165351
0.175842 0.070583 0.165249
0.176004 0.070520 0.165147
0.176166 0.070457 0.165046
0.176342 0.070379 0.165051
0.176504 0.070316 0.164950
0.176680 0.070238 0.164955
0.176841 0.070175 0.164854
0.177002 0.070112 0.164753
0.177164 0.070049 0.164651
0.177339 0.069972 0.164657
0.177500 0.069909 0.164556
0.177661 0.069846 0.164455
0.177822 0.069784 0.164354
0.177970 0.069735 0.164145
0.178131 0.069673 0.164044
0.178293 0.069610 0.163942
0.178454 0.069547 0.163841
0.178615 0.069484 0.163740
0.178764 0.069436 0.163530
0.178914 0.069387 0.163320
0.179076 0.069324 0.163218
0.179226 0.069275 0.163008
0.179388 0.069212 0.162906
0.179539 0.069162 0.162695
0.179701 0.069099 0.162593
0.179863 0.069036 0.162491
0.180015 0.068986 0.162280
0.180177 0.068923 0.162178
0.180329 0.068873 0.161966
0.180492 0.068810 0.161864
0.180654 0.068747 0.161762
0.180817 0.068683 0.161660
0.180979 0.068620 0.161558
0.181142 0.068557 0.161456
0.181304 0.068494 0.161354
0.181467 0.068430 0.161252
0.181629 0.068367 0.161150
0.181792 0.068304 0.161048
0.182712 0.068021 0.159541
0.182876 0.067957 0.159438
0.160587 0.077309 0.162044
0.160771 0.077237 0.161928
0.160985 0.077144 0.161910
0.161169 0.077073 0.161794
0.161353 0.077001 0.161679
0.161537 0.076930 0.161563
0.161750 0.076838 0.161546
0.161934 0.076766 0.161430
0.162147 0.076674 0.161413
0.162330 0.076603 0.161298
0.162571 0.076491 0.161379
0.162868 0.076339 0.161657
0.163050 0.076268 0.161543
0.165017 0.075092 0.165541
0.165190 0.075025 0.165432
0.165643 0.074812 0.165612
0.165842 0.074725 0.165604
0.166040 0.074639 0.165595
0.166238 0.074553 0.165587
0.166436 0.074467 0.165579
0.166633 0.074381 0.165572
0.166804 0.074314 0.165464
0.167001 0.074229 0.165457
0.167222 0.074124 0.165551
0.167393 0.074058 0.165444
0.167613 0.073954 0.165538
0.167808 0.073869 0.165532
0.168002 0.073784 0.165526
0.168196 0.073700 0.165521
0.168413 0.073597 0.165617
0.168582 0.073531 0.165510
0.168846 0.073392 0.165810
0.169037 0.073308 0.165806
0.169252 0.073206 0.165904
0.169465 0.073105 0.166002
0.169633 0.073040 0.165897
0.169822 0.072957 0.165894
0.170034 0.072856 0.165994
0.170223 0.072774 0.165992
0.170411 0.072691 0.165990
0.170599 0.072609 0.165988
0.170787 0.072527 0.165986
0.170974 0.072445 0.165985
0.171161 0.072363 0.165984
0.171347 0.072281 0.165983
0.171533 0.072200 0.165983
0.171739 0.072102 0.166086
0.171944 0.072003 0.166190
0.172128 0.071923 0.166190
0.172332 0.071825 0.166295
0.172535 0.071728 0.166400
0.172718 0.071648 0.166401
0.172900 0.071568 0.166403
0.173082 0.071488 0.166405
0.173263 0.071408 0.166408
0.173444 0.071328 0.166410
0.173625 0.071249 0.166413
0.173786 0.071186 0.166312
0.173948 0.071123 0.166210
0.174128 0.071044 0.166213
0.174290 0.070981 0.166112
0.174451 0.070918 0.166010
0.174613 0.070855 0.165909
0.174775 0.070792 0.165807
0.174920 0.070745 0.165600
0.175081 0.070682 0.165498
0.175227 0.070634 0.165291
0.175389 0.070571 0.165189
0.175551 0.070508 0.165087
0.175713 0.070445 0.164985
0.175875 0.070382 0.164883
0.176053 0.070304 0.164888
0.176215 0.070241 0.164787
0.176376 0.070178 0.164685
0.176553 0.070100 0.164690
0.176715 0.070037 0.164589
0.176876 0.069974 0.164487
0.177052 0.069896 0.164493
0.177214 0.069833 0.164392
0.177375 0.069771 0.164290
0.177537 0.069708 0.164189
0.177698 0.069645 0.164087
0.177860 0.069582 0.163986
0.178008 0.069533 0.163776
0.178170 0.069470 0.163675
0.178331 0.069407 0.163573
0.178493 0.069344 0.163472
0.178643 0.069295 0.163261
0.178804 0.069232 0.163160
0.178955 0.069183 0.162949
0.179117 0.069120 0.162847
0.179268 0.069070 0.162636
0.179430 0.069007 0.162534
0.179581 0.068957 0.162323
0.179744 0.068894 0.162221
0.179906 0.068831 0.162119
0.180058 0.068781 0.161907
0.180221 0.068717 0.161805
0.180384 0.068654 0.161703
0.180546 0.068591 0.161601
0.180709 0.068527 0.161498
0.180872 0.068464 0.161396
0.181035 0.068401 0.161294
0.181188 0.068350 0.161081
0.181351 0.068286 0.160979
0.181506 0.068235 0.160765
0.182613 0.067850 0.159489
0.182777 0.067786 0.159386
0.160045 0.077303 0.162023
0.160414 0.077159 0.161792
0.160629 0.077066 0.161773
0.160813 0.076995 0.161657
0.160998 0.076923 0.161541
0.161212 0.076831 0.161523
0.161396 0.076759 0.161408
0.161580 0.076687 0.161292
0.161764 0.076616 0.161176
0.161977 0.076524 0.161159
0.162161 0.076452 0.161043
0.162374 0.076361 0.161026
0.162586 0.076269 0.161009
0.162770 0.076198 0.160894
0.162925 0.076146 0.160680
0.164912 0.074912 0.165486
0.165140 0.074806 0.165576
0.165340 0.074719 0.165567
0.165539 0.074633 0.165558
0.165738 0.074546 0.165549
0.165937 0.074460 0.165541
0.166135 0.074374 0.165533
0.166306 0.074308 0.165425
0.166478 0.074241 0.165318
0.166675 0.074155 0.165310
0.166872 0.074070 0.165303
0.167069 0.073984 0.165296
0.167265 0.073899 0.165289
0.167460 0.073814 0.165283
0.167631 0.073748 0.165176
0.167850 0.073644 0.165270
0.168045 0.073560 0.165265
0.168263 0.073457 0.165361
0.168480 0.073355 0.165457
0.168673 0.073271 0.165452
0.168889 0.073169 0.165550
0.169104 0.073068 0.165647
0.169318 0.072967 0.165746
0.169486 0.072902 0.165640
0.169699 0.072801 0.165739
0.169889 0.072718 0.165737
0.170078 0.072636 0.165734
0.170267 0.072553 0.165732
0.170455 0.072471 0.165730
0.170643 0.072389 0.165728
0.170831 0.072307 0.165727
0.171018 0.072225 0.165726
0.171226 0.072127 0.165828
0.171412 0.072045 0.165827
0.171598 0.071964 0.165827
0.171804 0.071866 0.165931
0.171989 0.071786 0.165931
0.172193 0.071688 0.166035
0.172397 0.071591 0.166140
0.172580 0.071511 0.166142
0.172763 0.071431 0.166143
0.172964 0.071335 0.166250
0.173146 0.071255 0.166252
0.173309 0.071192 0.166150
0.173490 0.071113 0.166153
0.173652 0.071050 0.166051
0.173832 0.070970 0.166054
0.173994 0.070907 0.165952
0.174157 0.070844 0.165850
0.174319 0.070781 0.165748
0.174481 0.070718 0.165647
0.174643 0.070655 0.165545
0.174788 0.070607 0.165337
0.174950 0.070544 0.165235
0.175096 0.070496 0.165027
0.175258 0.070433 0.164925
0.175421 0.070370 0.164823
0.175583 0.070306 0.164721
0.175746 0.070243 0.164619
0.175908 0.070180 0.164517
0.176086 0.070102 0.164522
0.176248 0.070039 0.164420
0.176426 0.069961 0.164425
0.176588 0.069898 0.164323
0.176750 0.069835 0.164221
0.176912 0.069772 0.164120
0.177074 0.069708 0.164018
0.177236 0.069645 0.163916
0.177398 0.069582 0.163814
0.177560 0.069519 0.163712
0.177722 0.069456 0.163611
0.177884 0.069393 0.163509
0.178046 0.069330 0.163407
0.178209 0.069267 0.163305
0.178371 0.069204 0.163203
0.178520 0.069154 0.162993
0.178683 0.069091 0.162891
0.178833 0.069041 0.162680
0.178996 0.068978 0.162578
0.179158 0.068915 0.162476
0.179309 0.068865 0.162264
0.179472 0.068801 0.162162
0.179624 0.068751 0.161950
0.179787 0.068688 0.161848
0.179950 0.068624 0.161746
0.180103 0.068574 0.161533
0.180266 0.068510 0.161431
0.180429 0.068447 0.161329
0.180592 0.068383 0.161226
0.180755 0.068320 0.161124
0.180918 0.068256 0.161021
0.181072 0.068205 0.160808
0.181227 0.068154 0.160594
0.181373 0.068114 0.160270
0.182276 0.067860 0.158422
0.182514 0.067679 0.159437
0.182678 0.067615 0.159334
0.159934 0.077111 0.161965
0.160303 0.076967 0.161733
0.160487 0.076895 0.161617
0.160672 0.076824 0.161502
0.160856 0.076752 0.161386
0.161071 0.076660 0.161367
0.161255 0.076588 0.161252
0.161439 0.076516 0.161136
0.161653 0.076424 0.161118
0.161837 0.076353 0.161003
0.162021 0.076281 0.160887
0.162205 0.076209 0.160771
0.162418 0.076118 0.160754
0.162630 0.076027 0.160738
0.162814 0.075955 0.160622
0.162913 0.075942 0.160210
0.165036 0.074626 0.165521
0.165236 0.074540 0.165512
0.165435 0.074454 0.165503
0.165608 0.074387 0.165395
0.165806 0.074301 0.165387
0.166005 0.074215 0.165379
0.166177 0.074148 0.165271
0.166374 0.074062 0.165263
0.166546 0.073996 0.165156
0.166717 0.073929 0.165048
0.166914 0.073844 0.165041
0.167111 0.073758 0.165034
0.167307 0.073673 0.165027
0.167503 0.073589 0.165021
0.167698 0.073504 0.165015
0.167893 0.073419 0.165009
0.168112 0.073317 0.165104
0.168330 0.073215 0.165201
0.168547 0.073113 0.165297
0.168740 0.073030 0.165293
0.168956 0.072929 0.165390
0.169171 0.072828 0.165489
0.169339 0.072762 0.165383
0.169552 0.072662 0.165482
0.169743 0.072579 0.165479
0.169932 0.072497 0.165476
0.170122 0.072414 0.165474
0.170311 0.072332 0.165472
0.170500 0.072250 0.165470
0.170688 0.072168 0.165468
0.170876 0.072087 0.165467
0.171084 0.071988 0.165569
0.171271 0.071907 0.165568
0.171457 0.071826 0.165568
0.171664 0.071728 0.165671
0.171849 0.071648 0.165671
0.172054 0.071551 0.165776
0.172258 0.071454 0.165881
0.172442 0.071374 0.165882
0.172625 0.071294 0.165883
0.172827 0.071198 0.165989
0.173010 0.071118 0.165992
0.173192 0.071039 0.165994
0.173354 0.070976 0.165892
0.173535 0.070897 0.165894
0.173698 0.070833 0.165792
0.173860 0.070770 0.165690
0.174023 0.070707 0.165588
0.174185 0.070644 0.165486
0.174348 0.070580 0.165384
0.174510 0.070517 0.165282
0.174656 0.070469 0.165074
0.174818 0.070406 0.164972
0.174981 0.070342 0.164870
0.175127 0.070294 0.164661
0.175290 0.070231 0.164559
0.175453 0.070167 0.164457
0.175600 0.070118 0.164248
0.175779 0.070040 0.164252
0.175942 0.069977 0.164150
0.176105 0.069913 0.164048
0.176283 0.069836 0.164052
0.176445 0.069772 0.163950
0.176608 0.069709 0.163848
0.176771 0.069646 0.163746
0.176948 0.069568 0.163751
0.177110 0.069505 0.163649
0.177273 0.069442 0.163547
0.177435 0.069378 0.163445
0.177598 0.069315 0.163343
0.177760 0.069252 0.163241
0.177923 0.069189 0.163139
0.178085 0.069125 0.163037
0.178235 0.069076 0.162826
0.178398 0.069012 0.162724
0.178560 0.068949 0.162622
0.178723 0.068885 0.162520
0.178874 0.068835 0.162308
0.179037 0.068772 0.162206
0.179189 0.068721 0.161994
0.179352 0.068658 0.161892
0.179515 0.068594 0.161789
0.179667 0.068544 0.161577
0.179830 0.068480 0.161474
0.179994 0.068417 0.161372
0.180147 0.068366 0.161159
0.180330 0.068277 0.161277
0.180493 0.068213 0.161175
0.180656 0.068150 0.161072
0.180820 0.068086 0.160970
0.180974 0.068035 0.160756
0.181128 0.067984 0.160543
0.181274 0.067944 0.160218
0.181379 0.067963 0.159336
0.181519 0.067934 0.158898
0.181669 0.067893 0.158571
0.181820 0.067852 0.158243
0.181971 0.067810 0.157915
0.182176 0.067687 0.158369
0.182342 0.067623 0.158265
0.159944 0.076888 0.161597
0.160098 0.076837 0.161384
0.160345 0.076724 0.161462
0.160529 0.076652 0.161346
0.160714 0.076580 0.161230
0.160929 0.076488 0.161212
0.161114 0.076416 0.161096
0.161268 0.076365 0.160882
0.161482 0.076273 0.160864
0.161667 0.076201 0.160748
0.161881 0.076109 0.160731
0.162065 0.076038 0.160615
0.162249 0.075966 0.160499
0.162462 0.075875 0.160482
0.162646 0.075803 0.160367
0.162858 0.075712 0.160350
0.163042 0.075640 0.160234
0.164665 0.074684 0.163767
0.165304 0.074294 0.165349
0.165504 0.074208 0.165341
0.165703 0.074122 0.165333
0.165875 0.074055 0.165225
0.166073 0.073969 0.165217
0.166245 0.073903 0.165109
0.166416 0.073836 0.165001
0.166588 0.073769 0.164893
0.166785 0.073684 0.164886
0.166982 0.073599 0.164879
0.167154 0.073532 0.164771
0.167350 0.073447 0.164765
0.167546 0.073363 0.164758
0.167766 0.073260 0.164854
0.167961 0.073176 0.164848
0.168180 0.073074 0.164944
0.168397 0.072973 0.165041
0.168614 0.072872 0.165138
0.168807 0.072788 0.165133
0.169023 0.072688 0.165231
0.169191 0.072622 0.165126
0.169405 0.072522 0.165224
0.169596 0.072440 0.165221
0.169787 0.072357 0.165218
0.169976 0.072275 0.165216
0.170188 0.072176 0.165316
0.170355 0.072111 0.165211
0.170566 0.072012 0.165313
0.170754 0.071931 0.165311
0.170941 0.071849 0.165310
0.171129 0.071768 0.165309
0.171316 0.071687 0.165308
0.171523 0.071590 0.165412
0.171709 0.071509 0.165412
0.171894 0.071428 0.165412
0.172099 0.071332 0.165517
0.172284 0.071252 0.165517
0.172487 0.071156 0.165623
0.172671 0.071076 0.165624
0.172854 0.070996 0.165626
0.173036 0.070917 0.165628
0.173218 0.070838 0.165631
0.173400 0.070759 0.165633
0.173563 0.070695 0.165531
0.173726 0.070632 0.165428
0.173889 0.070568 0.165326
0.174052 0.070505 0.165224
0.174215 0.070442 0.165122
0.174378 0.070378 0.165019
0.174540 0.070315 0.164917
0.174686 0.070266 0.164709
0.174849 0.070203 0.164606
0.174996 0.070154 0.164397
0.175159 0.070091 0.164295
0.175306 0.070042 0.164086
0.175470 0.069978 0.163983
0.175633 0.069914 0.163880
0.175797 0.069851 0.163778
0.175960 0.069787 0.163675
0.176139 0.069709 0.163679
0.176302 0.069645 0.163577
0.176466 0.069582 0.163474
0.176644 0.069504 0.163479
0.176807 0.069441 0.163377
0.176970 0.069377 0.163274
0.177133 0.069314 0.163172
0.177296 0.069250 0.163069
0.177473 0.069173 0.163075
0.177635 0.069110 0.162973
0.177798 0.069046 0.162871
0.177948 0.068996 0.162660
0.178111 0.068933 0.162557
0.178275 0.068869 0.162455
0.178438 0.068806 0.162352
0.178601 0.068742 0.162250
0.178752 0.068692 0.162038
0.178915 0.068628 0.161936
0.179090 0.068552 0.161943
0.179253 0.068488 0.161840
0.179416 0.068425 0.161738
0.179569 0.068374 0.161525
0.179732 0.068310 0.161423
0.179895 0.068247 0.161320
0.180048 0.068195 0.161107
0.180212 0.068132 0.161005
0.180375 0.068068 0.160902
0.180539 0.068004 0.160799
0.180702 0.067941 0.160696
0.180847 0.067901 0.160372
0.181002 0.067849 0.160158
0.181149 0.067809 0.159832
0.181279 0.067791 0.159284
0.181419 0.067762 0.158846
0.181569 0.067720 0.158518
0.181719 0.067678 0.158190
0.181871 0.067636 0.157862
0.182023 0.067593 0.157533
0.159833 0.076696 0.161538
0.159986 0.076644 0.161325
0.160202 0.076552 0.161306
0.160387 0.076480 0.161190
0.160541 0.076428 0.160976
0.160757 0.076336 0.160958
0.160942 0.076264 0.160842
0.161127 0.076192 0.160726
0.161341 0.076101 0.160708
0.161556 0.076009 0.160690
0.161740 0.075937 0.160574
0.161924 0.075865 0.160458
0.162109 0.075794 0.160342
0.162322 0.075703 0.160325
0.162506 0.075631 0.160210
0.162747 0.075521 0.160292
0.162931 0.075449 0.160176
0.163115 0.075378 0.160061
0.164559 0.074501 0.163711
0.164735 0.074433 0.163601
0.165318 0.074085 0.164987
0.165491 0.074017 0.164879
0.165664 0.073950 0.164770
0.165863 0.073864 0.164762
0.166036 0.073797 0.164653
0.166234 0.073712 0.164645
0.166407 0.073645 0.164537
0.166605 0.073559 0.164530
0.166802 0.073474 0.164522
0.167000 0.073390 0.164515
0.167196 0.073305 0.164509
0.167393 0.073220 0.164502
0.167589 0.073136 0.164496
0.167809 0.073034 0.164591
0.168028 0.072933 0.164687
0.168247 0.072831 0.164784
0.168465 0.072731 0.164881
0.168681 0.072630 0.164978
0.168874 0.072547 0.164974
0.169043 0.072481 0.164868
0.169258 0.072381 0.164967
0.169449 0.072299 0.164963
0.169663 0.072200 0.165063
0.169853 0.072117 0.165060
0.170043 0.072035 0.165058
0.170232 0.071954 0.165056
0.170421 0.071872 0.165054
0.170610 0.071790 0.165052
0.170798 0.071709 0.165051
0.170986 0.071628 0.165050
0.171173 0.071547 0.165049
0.171360 0.071466 0.165048
0.171568 0.071369 0.165152
0.171754 0.071289 0.165152
0.171959 0.071193 0.165256
0.172144 0.071112 0.165257
0.172329 0.071033 0.165258
0.172533 0.070937 0.165364
0.172716 0.070858 0.165365
0.172899 0.070778 0.165367
0.173082 0.070699 0.165369
0.173245 0.070635 0.165266
0.173428 0.070556 0.165269
0.173591 0.070493 0.165166
0.173754 0.070429 0.165064
0.173918 0.070366 0.164961
0.174081 0.070302 0.164859
0.174244 0.070239 0.164756
0.174407 0.070175 0.164653
0.174554 0.070126 0.164445
0.174717 0.070062 0.164342
0.174864 0.070013 0.164133
0.175028 0.069950 0.164030
0.175175 0.069900 0.163821
0.175339 0.069836 0.163718
0.175503 0.069773 0.163615
0.175667 0.069709 0.163512
0.175831 0.069645 0.163409
0.175995 0.069581 0.163306
0.176159 0.069517 0.163203
0.176323 0.069454 0.163100
0.176501 0.069376 0.163105
0.176665 0.069312 0.163002
0.176843 0.069235 0.163007
0.177006 0.069171 0.162904
0.177170 0.069108 0.162802
0.177333 0.069044 0.162699
0.177497 0.068980 0.162596
0.177687 0.068890 0.162711
0.177850 0.068827 0.162608
0.178013 0.068763 0.162506
0.178176 0.068700 0.162403
0.178339 0.068636 0.162301
0.178502 0.068573 0.162198
0.178653 0.068522 0.161987
0.178817 0.068458 0.161884
0.178980 0.068395 0.161781
0.179132 0.068344 0.161569
0.179296 0.068280 0.161466
0.179448 0.068229 0.161254
0.179612 0.068165 0.161151
0.179776 0.068101 0.161048
0.179929 0.068050 0.160835
0.180093 0.067986 0.160732
0.180257 0.067922 0.160629
0.180421 0.067858 0.160526
0.180585 0.067794 0.160423
0.180721 0.067766 0.159987
0.180876 0.067713 0.159773
0.181005 0.067695 0.159224
0.181144 0.067665 0.158786
0.181277 0.067646 0.158236
0.181427 0.067603 0.157908
0.181578 0.067561 0.157579
0.181730 0.067518 0.157250
0.159875 0.076452 0.161267
0.160060 0.076380 0.161150
0.160214 0.076328 0.160937
0.160399 0.076255 0.160820
0.160615 0.076164 0.160802
0.160800 0.076092 0.160685
0.160985 0.076019 0.160569
0.161170 0.075947 0.160453
0.161355 0.075875 0.160337
0.161570 0.075784 0.160319
0.161784 0.075693 0.160301
0.161998 0.075602 0.160284
0.162182 0.075530 0.160168
0.162395 0.075439 0.160151
0.162608 0.075349 0.160135
0.162820 0.075258 0.160118
0.163004 0.075187 0.160003
0.164176 0.074504 0.162660
0.164353 0.074435 0.162548
0.165278 0.073911 0.164424
0.165452 0.073843 0.164315
0.165652 0.073758 0.164306
0.165852 0.073672 0.164298
0.166051 0.073587 0.164290
0.166224 0.073519 0.164181
0.166423 0.073434 0.164173
0.166622 0.073349 0.164165
0.166820 0.073264 0.164158
0.167042 0.073162 0.164252
0.167239 0.073077 0.164245
0.167461 0.072975 0.164340
0.167681 0.072874 0.164436
0.167901 0.072773 0.164532
0.168120 0.072672 0.164628
0.168338 0.072571 0.164725
0.168532 0.072488 0.164721
0.168748 0.072388 0.164818
0.168917 0.072323 0.164712
0.169110 0.072240 0.164709
0.169325 0.072141 0.164808
0.169516 0.072058 0.164804
0.169707 0.071976 0.164802
0.169919 0.071878 0.164902
0.170087 0.071813 0.164797
0.170277 0.071731 0.164795
0.170466 0.071650 0.164793
0.170655 0.071568 0.164791
0.170843 0.071487 0.164790
0.171031 0.071406 0.164789
0.171218 0.071325 0.164788
0.171406 0.071245 0.164787
0.171613 0.071148 0.164891
0.171799 0.071068 0.164891
0.171985 0.070988 0.164892
0.172190 0.070893 0.164997
0.172374 0.070813 0.164998
0.172559 0.070733 0.164999
0.172743 0.070654 0.165001
0.172945 0.070559 0.165107
0.173109 0.070496 0.165004
0.173292 0.070417 0.165007
0.173455 0.070353 0.164904
0.173619 0.070289 0.164801
0.173783 0.070226 0.164698
0.173947 0.070162 0.164595
0.174110 0.070098 0.164493
0.174274 0.070034 0.164390
0.174420 0.069985 0.164181
0.174584 0.069921 0.164078
0.174731 0.069872 0.163868
0.174896 0.069808 0.163765
0.175043 0.069758 0.163556
0.175208 0.069694 0.163452
0.175356 0.069644 0.163242
0.175520 0.069580 0.163139
0.175685 0.069516 0.163036
0.175850 0.069452 0.162932
0.176060 0.069347 0.163151
0.176224 0.069283 0.163048
0.176402 0.069206 0.163053
0.176566 0.069142 0.162950
0.176744 0.069065 0.162955
0.176908 0.069001 0.162853
0.177071 0.068937 0.162750
0.177235 0.068874 0.162647
0.177398 0.068810 0.162544
0.177562 0.068747 0.162442
0.177725 0.068683 0.162339
0.177889 0.068619 0.162236
0.178052 0.068556 0.162134
0.178216 0.068492 0.162031
0.178379 0.068428 0.161928
0.178531 0.068377 0.161716
0.178694 0.068313 0.161613
0.178858 0.068250 0.161511
0.179010 0.068198 0.161298
0.179174 0.068134 0.161195
0.179327 0.068083 0.160982
0.179491 0.068019 0.160879
0.179655 0.067955 0.160776
0.179819 0.067891 0.160673
0.179973 0.067839 0.160459
0.180138 0.067775 0.160356
0.180292 0.067723 0.160142
0.180457 0.067658 0.160038
0.180593 0.067629 0.159602
0.180739 0.067587 0.159276
0.180878 0.067557 0.158838
0.181009 0.067537 0.158288
0.181158 0.067494 0.157960
0.181309 0.067451 0.157631
0.181460 0.067408 0.157302
0.181613 0.067365 0.156973
0.159731 0.076279 0.161111
0.159917 0.076207 0.160994
0.160071 0.076154 0.160780
0.160256 0.076082 0.160664
0.160442 0.076010 0.160547
0.160627 0.075938 0.160431
0.160813 0.075866 0.160314
0.161028 0.075774 0.160296
0.161213 0.075702 0.160180
0.161428 0.075611 0.160162
0.161613 0.075539 0.160046
0.161857 0.075429 0.160127
0.162042 0.075357 0.160011
0.162255 0.075266 0.159994
0.162468 0.075176 0.159977
0.162709 0.075067 0.160060
0.162893 0.074995 0.159945
0.164068 0.074319 0.162604
0.164246 0.074250 0.162492
0.165440 0.073649 0.163850
0.165641 0.073564 0.163841
0.165841 0.073478 0.163833
0.166041 0.073393 0.163824
0.166241 0.073307 0.163816
0.166466 0.073205 0.163909
0.166664 0.073120 0.163901
0.166863 0.073035 0.163894
0.167085 0.072933 0.163988
0.167308 0.072832 0.164083
0.167529 0.072731 0.164179
0.167749 0.072630 0.164274
0.167969 0.072529 0.164371
0.168188 0.072429 0.164468
0.168406 0.072329 0.164565
0.168623 0.072229 0.164663
0.168792 0.072163 0.164557
0.168985 0.072081 0.164553
0.169200 0.071982 0.164652
0.169391 0.071900 0.164649
0.169583 0.071818 0.164646
0.169773 0.071736 0.164643
0.169964 0.071654 0.164641
0.170154 0.071573 0.164638
0.170343 0.071492 0.164637
0.170510 0.071426 0.164531
0.170699 0.071345 0.164530
0.170888 0.071264 0.164529
0.171076 0.071184 0.164528
0.171264 0.071103 0.164527
0.171451 0.071023 0.164526
0.171638 0.070942 0.164526
0.171844 0.070847 0.164631
0.172030 0.070767 0.164631
0.172216 0.070687 0.164632
0.172420 0.070593 0.164738
0.172605 0.070513 0.164739
0.172789 0.070434 0.164740
0.172972 0.070355 0.164742
0.173136 0.070291 0.164639
0.173319 0.070212 0.164641
0.173483 0.070148 0.164538
0.173648 0.070084 0.164435
0.173812 0.070021 0.164332
0.173976 0.069957 0.164229
0.174140 0.069893 0.164126
0.174287 0.069843 0.163917
0.174451 0.069779 0.163813
0.174598 0.069729 0.163604
0.174780 0.069651 0.163607
0.174944 0.069587 0.163504
0.175108 0.069523 0.163400
0.175257 0.069473 0.163190
0.175421 0.069409 0.163087
0.175586 0.069345 0.162984
0.175750 0.069281 0.162880
0.175915 0.069217 0.162777
0.176079 0.069153 0.162674
0.176259 0.069075 0.162678
0.176438 0.068998 0.162683
0.176602 0.068934 0.162580
0.176780 0.068857 0.162585
0.176944 0.068793 0.162482
0.177108 0.068730 0.162379
0.177272 0.068666 0.162276
0.177436 0.068602 0.162173
0.177600 0.068538 0.162070
0.177764 0.068474 0.161967
0.177928 0.068411 0.161864
0.178092 0.068347 0.161761
0.178256 0.068283 0.161658
0.178407 0.068231 0.161446
0.178572 0.068168 0.161342
0.178736 0.068104 0.161239
0.178888 0.068052 0.161026
0.179052 0.067988 0.160923
0.179217 0.067924 0.160820
0.179381 0.067860 0.160717
0.179535 0.067808 0.160503
0.179699 0.067744 0.160400
0.179864 0.067679 0.160296
0.180018 0.067627 0.160082
0.180173 0.067574 0.159868
0.180318 0.067533 0.159543
0.180474 0.067480 0.159328
0.180611 0.067449 0.158890
0.180759 0.067406 0.158563
0.180899 0.067374 0.158123
0.181049 0.067331 0.157795
0.181199 0.067288 0.157466
0.181359 0.067233 0.157249
0.181511 0.067189 0.156919
0.159556 0.076126 0.160857
0.159742 0.076053 0.160741
0.159928 0.075981 0.160624
0.160113 0.075909 0.160507
0.160299 0.075836 0.160391
0.160454 0.075783 0.160176
0.160640 0.075711 0.160059
0.160856 0.075620 0.160041
0.161072 0.075528 0.160023
0.161257 0.075456 0.159906
0.161502 0.075346 0.159987
0.161687 0.075274 0.159871
0.161901 0.075184 0.159854
0.162115 0.075093 0.159837
0.162328 0.075003 0.159820
0.162570 0.074894 0.159903
0.162754 0.074822 0.159787
0.164510 0.073870 0.163024
0.164768 0.073747 0.163213
0.164944 0.073679 0.163103
0.165147 0.073592 0.163093
0.165349 0.073506 0.163083
0.165577 0.073403 0.163174
0.165831 0.073282 0.163366
0.166058 0.073179 0.163459
0.166258 0.073094 0.163450
0.166483 0.072992 0.163543
0.166707 0.072890 0.163637
0.166906 0.072806 0.163630
0.167154 0.072687 0.163826
0.167376 0.072586 0.163921
0.167597 0.072486 0.164017
0.167841 0.072369 0.164215
0.168061 0.072269 0.164312
0.168279 0.072169 0.164409
0.168497 0.072070 0.164507
0.168666 0.072004 0.164401
0.168859 0.071921 0.164397
0.169075 0.071823 0.164496
0.169267 0.071741 0.164492
0.169458 0.071659 0.164490
0.169649 0.071577 0.164487
0.169840 0.071496 0.164484
0.170008 0.071430 0.164379
0.170198 0.071349 0.164377
0.170388 0.071268 0.164375
0.170577 0.071187 0.164373
0.170744 0.071122 0.164268
0.170933 0.071041 0.164267
0.171121 0.070961 0.164266
0.171309 0.070880 0.164265
0.171496 0.070800 0.164265
0.171683 0.070720 0.164265
0.171870 0.070640 0.164265
0.172076 0.070545 0.164370
0.172261 0.070466 0.164371
0.172446 0.070386 0.164372
0.172631 0.070307 0.164373
0.172815 0.070228 0.164375
0.172999 0.070149 0.164376
0.173164 0.070085 0.164273
0.173347 0.070007 0.164275
0.173549 0.069914 0.164383
0.173713 0.069850 0.164280
0.173877 0.069786 0.164177
0.174041 0.069722 0.164074
0.174188 0.069672 0.163865
0.174352 0.069608 0.163761
0.174499 0.069558 0.163552
0.174664 0.069494 0.163448
0.174812 0.069444 0.163238
0.174960 0.069393 0.163028
0.175125 0.069329 0.162924
0.175290 0.069265 0.162820
0.175455 0.069201 0.162717
0.175604 0.069150 0.162506
0.175769 0.069086 0.162402
0.175950 0.069008 0.162406
0.176114 0.068944 0.162302
0.176294 0.068867 0.162307
0.176459 0.068802 0.162203
0.176638 0.068725 0.162208
0.176803 0.068661 0.162105
0.176981 0.068585 0.162110
0.177146 0.068521 0.162007
0.177310 0.068457 0.161903
0.177474 0.068393 0.161800
0.177639 0.068329 0.161697
0.177790 0.068277 0.161485
0.177954 0.068213 0.161381
0.178119 0.068149 0.161278
0.178284 0.068085 0.161175
0.178448 0.068021 0.161071
0.178613 0.067957 0.160968
0.178765 0.067905 0.160755
0.178919 0.067852 0.160541
0.179084 0.067788 0.160438
0.179249 0.067724 0.160334
0.179403 0.067671 0.160120
0.179557 0.067618 0.159906
0.179722 0.067554 0.159802
0.179877 0.067501 0.159587
0.180033 0.067448 0.159372
0.180189 0.067394 0.159157
0.180345 0.067341 0.158942
0.180483 0.067309 0.158503
0.180631 0.067266 0.158176
0.180780 0.067222 0.157847
0.180930 0.067178 0.157519
0.181089 0.067124 0.157301
0.181249 0.067069 0.157084
0.159598 0.075879 0.160584
0.159784 0.075807 0.160468
0.159939 0.075754 0.160253
0.160125 0.075681 0.160136
0.160311 0.075609 0.160019
0.160497 0.075537 0.159902
0.160683 0.075464 0.159786
0.160899 0.075373 0.159767
0.161115 0.075282 0.159749
0.161331 0.075191 0.159731
0.161546 0.075100 0.159714
0.161760 0.075010 0.159696
0.161945 0.074938 0.159580
0.162188 0.074829 0.159662
0.162430 0.074721 0.159745
0.162614 0.074649 0.159629
0.163836 0.074005 0.161680
0.164403 0.073686 0.162968
0.164662 0.073564 0.163158
0.164838 0.073496 0.163047
0.165041 0.073410 0.163037
0.165243 0.073324 0.163028
0.165472 0.073221 0.163119
0.165673 0.073135 0.163110
0.165874 0.073050 0.163101
0.166075 0.072965 0.163092
0.166301 0.072863 0.163185
0.166526 0.072761 0.163278
0.166751 0.072660 0.163372
0.166974 0.072559 0.163467
0.167222 0.072441 0.163663
0.167444 0.072341 0.163759
0.167689 0.072224 0.163957
0.167933 0.072108 0.164156
0.168128 0.072025 0.164151
0.168370 0.071910 0.164351
0.168564 0.071828 0.164347
0.168733 0.071762 0.164241
0.168926 0.071679 0.164237
0.169142 0.071582 0.164336
0.169334 0.071500 0.164333
0.169525 0.071418 0.164330
0.169716 0.071337 0.164328
0.169884 0.071271 0.164222
0.170075 0.071190 0.164220
0.170264 0.071109 0.164218
0.170432 0.071044 0.164113
0.170622 0.070963 0.164111
0.170789 0.070898 0.164006
0.170978 0.070818 0.164005
0.171166 0.070737 0.164004
0.171354 0.070657 0.164003
0.171542 0.070577 0.164003
0.171729 0.070497 0.164003
0.171976 0.070373 0.164318
0.172161 0.070294 0.164318
0.172347 0.070214 0.164320
0.172531 0.070136 0.164321
0.172716 0.070057 0.164322
0.172900 0.069978 0.164324
0.173065 0.069914 0.164221
0.173248 0.069835 0.164223
0.173413 0.069771 0.164120
0.173577 0.069707 0.164016
0.173742 0.069643 0.163913
0.173906 0.069579 0.163810
0.174053 0.069529 0.163600
0.174218 0.069465 0.163496
0.174365 0.069415 0.163286
0.174530 0.069350 0.163183
0.174679 0.069300 0.162972
0.174844 0.069235 0.162869
0.174992 0.069184 0.162658
0.175158 0.069120 0.162554
0.175323 0.069056 0.162450
0.175473 0.069004 0.162239
0.175638 0.068940 0.162135
0.175804 0.068876 0.162031
0.175985 0.068798 0.162035
0.176150 0.068734 0.161931
0.176315 0.068669 0.161827
0.176495 0.068592 0.161831
0.176675 0.068515 0.161836
0.176840 0.068451 0.161732
0.177005 0.068387 0.161629
0.177170 0.068323 0.161525
0.177335 0.068259 0.161421
0.177499 0.068194 0.161318
0.177664 0.068130 0.161214
0.177829 0.068066 0.161111
0.177994 0.068002 0.161007
0.178159 0.067937 0.160903
0.178312 0.067885 0.160690
0.178477 0.067821 0.160586
0.178630 0.067768 0.160373
0.178796 0.067704 0.160269
0.178950 0.067651 0.160055
0.179115 0.067586 0.159951
0.179270 0.067533 0.159736
0.179425 0.067480 0.159522
0.179591 0.067415 0.159417
0.179746 0.067362 0.159202
0.179902 0.067308 0.158987
0.180058 0.067254 0.158771
0.180205 0.067211 0.158444
0.180363 0.067157 0.158228
0.180511 0.067113 0.157900
0.180660 0.067069 0.157571
0.180810 0.067025 0.157242
0.180970 0.066970 0.157024
0.159454 0.075705 0.160428
0.159609 0.075652 0.160213
0.159764 0.075598 0.159998
0.159950 0.075526 0.159881
0.160137 0.075453 0.159764
0.160323 0.075380 0.159647
0.160540 0.075289 0.159628
0.160727 0.075217 0.159511
0.160943 0.075126 0.159493
0.161189 0.075016 0.159574
0.161404 0.074926 0.159556
0.161619 0.074835 0.159539
0.161804 0.074763 0.159422
0.162019 0.074673 0.159405
0.162261 0.074565 0.159488
0.162446 0.074493 0.159372
0.163728 0.073818 0.161623
0.164130 0.073608 0.162312
0.164418 0.073469 0.162601
0.164677 0.073348 0.162791
0.164880 0.073262 0.162781
0.165056 0.073193 0.162670
0.165286 0.073090 0.162761
0.165488 0.073005 0.162752
0.165690 0.072920 0.162743
0.165917 0.072817 0.162835
0.166118 0.072733 0.162826
0.166344 0.072631 0.162919
0.166569 0.072530 0.163013
0.166819 0.072412 0.163209
0.167068 0.072295 0.163405
0.167290 0.072195 0.163501
0.167536 0.072079 0.163699
0.167782 0.071963 0.163898
0.168001 0.071864 0.163995
0.168220 0.071766 0.164093
0.168438 0.071667 0.164191
0.168607 0.071601 0.164084
0.168801 0.071519 0.164081
0.168993 0.071438 0.164077
0.169186 0.071356 0.164074
0.169378 0.071274 0.164071
0.169569 0.071193 0.164068
0.169760 0.071112 0.164066
0.169929 0.071046 0.163960
0.170119 0.070965 0.163958
0.170331 0.070869 0.164060
0.170521 0.070789 0.164058
0.170688 0.070724 0.163953
0.170877 0.070643 0.163952
0.171065 0.070563 0.163951
0.171253 0.070483 0.163951
0.171441 0.070403 0.163950
0.171628 0.070324 0.163950
0.171815 0.070244 0.163951
0.172001 0.070165 0.163951
0.172207 0.070071 0.164057
0.172393 0.069992 0.164058
0.172578 0.069914 0.164060
0.172762 0.069835 0.164061
0.172927 0.069771 0.163957
0.173092 0.069707 0.163854
0.173276 0.069628 0.163856
0.173441 0.069564 0.163752
0.173606 0.069500 0.163649
0.173771 0.069436 0.163545
0.173936 0.069371 0.163441
0.174083 0.069321 0.163231
0.174249 0.069256 0.163128
0.174397 0.069206 0.162917
0.174562 0.069141 0.162813
0.174711 0.069090 0.162602
0.174876 0.069026 0.162498
0.175025 0.068974 0.162287
0.175191 0.068910 0.162183
0.175341 0.068858 0.161971
0.175507 0.068794 0.161867
0.175673 0.068729 0.161763
0.175854 0.068652 0.161766
0.176020 0.068587 0.161662
0.176186 0.068522 0.161558
0.176366 0.068445 0.161562
0.176532 0.068381 0.161458
0.176712 0.068304 0.161463
0.176877 0.068240 0.161359
0.177042 0.068176 0.161255
0.177208 0.068111 0.161151
0.177373 0.068047 0.161047
0.177538 0.067982 0.160944
0.177704 0.067918 0.160840
0.177856 0.067865 0.160626
0.178022 0.067801 0.160522
0.178187 0.067736 0.160418
0.178341 0.067684 0.160205
0.178507 0.067619 0.160100
0.178661 0.067566 0.159886
0.178815 0.067512 0.159672
0.178981 0.067448 0.159567
0.179136 0.067394 0.159352
0.179292 0.067340 0.159137
0.179447 0.067286 0.158922
0.179604 0.067232 0.158706
0.179771 0.067167 0.158601
0.179927 0.067113 0.158385
0.180085 0.067059 0.158169
0.180242 0.067004 0.157952
0.180391 0.066960 0.157624
0.180540 0.066915 0.157295
0.180700 0.066860 0.157077
0.159278 0.075549 0.160174
0.159433 0.075496 0.159959
0.159620 0.075423 0.159842
0.159807 0.075350 0.159724
0.159962 0.075296 0.159509
0.160180 0.075205 0.159490
0.160367 0.075132 0.159372
0.160553 0.075060 0.159255
0.160770 0.074969 0.159237
0.161017 0.074860 0.159317
0.161233 0.074769 0.159299
0.161448 0.074679 0.159282
0.161663 0.074589 0.159264
0.161878 0.074499 0.159247
0.162121 0.074391 0.159330
0.162392 0.074266 0.159513
0.162576 0.074194 0.159397
0.163507 0.073702 0.161167
0.163911 0.073493 0.161855
0.164200 0.073354 0.162144
0.164460 0.073233 0.162334
0.164692 0.073130 0.162423
0.164896 0.073044 0.162413
0.165099 0.072959 0.162403
0.165302 0.072873 0.162393
0.165531 0.072771 0.162485
0.165733 0.072686 0.162476
0.165961 0.072584 0.162568
0.166187 0.072483 0.162661
0.166413 0.072382 0.162755
0.166638 0.072281 0.162849
0.166888 0.072165 0.163045
0.167136 0.072049 0.163242
0.167383 0.071933 0.163440
0.167605 0.071834 0.163537
0.167849 0.071719 0.163736
0.168069 0.071621 0.163834
0.168287 0.071523 0.163932
0.168457 0.071456 0.163825
0.168675 0.071359 0.163924
0.168891 0.071261 0.164024
0.169084 0.071180 0.164020
0.169276 0.071099 0.164017
0.169467 0.071018 0.164015
0.169659 0.070937 0.164012
0.169827 0.070871 0.163907
0.170018 0.070790 0.163905
0.170186 0.070725 0.163799
0.170376 0.070644 0.163797
0.170544 0.070579 0.163692
0.170733 0.070499 0.163690
0.170922 0.070419 0.163690
0.171090 0.070354 0.163584
0.171278 0.070274 0.163584
0.171466 0.070194 0.163583
0.171654 0.070115 0.163583
0.171861 0.070021 0.163688
0.172047 0.069942 0.163689
0.172234 0.069863 0.163690
0.172419 0.069784 0.163691
0.172605 0.069705 0.163692
0.172789 0.069627 0.163694
0.172955 0.069562 0.163590
0.173139 0.069484 0.163592
0.173305 0.069420 0.163488
0.173470 0.069355 0.163384
0.173635 0.069291 0.163280
0.173801 0.069227 0.163176
0.173966 0.069162 0.163072
0.174114 0.069111 0.162862
0.174280 0.069047 0.162758
0.174428 0.068995 0.162547
0.174594 0.068931 0.162443
0.174743 0.068879 0.162231
0.174909 0.068815 0.162127
0.175059 0.068763 0.161915
0.175225 0.068698 0.161811
0.175375 0.068646 0.161599
0.175557 0.068569 0.161602
0.175723 0.068504 0.161498
0.175890 0.068439 0.161393
0.176071 0.068362 0.161397
0.176237 0.068298 0.161293
0.176417 0.068221 0.161297
0.176583 0.068156 0.161193
0.176749 0.068092 0.161089
0.176915 0.068027 0.160985
0.177080 0.067963 0.160881
0.177246 0.067898 0.160777
0.177412 0.067834 0.160673
0.177565 0.067781 0.160459
0.177731 0.067716 0.160355
0.177884 0.067663 0.160141
0.178050 0.067598 0.160037
0.178204 0.067545 0.159822
0.178370 0.067480 0.159718
0.178525 0.067427 0.159503
0.178680 0.067373 0.159288
0.178835 0.067319 0.159073
0.179002 0.067254 0.158968
0.179158 0.067200 0.158752
0.179314 0.067145 0.158536
0.179481 0.067080 0.158431
0.179638 0.067025 0.158215
0.179796 0.066971 0.157998
0.179953 0.066916 0.157782
0.180112 0.066861 0.157565
0.180270 0.066805 0.157347
0.180420 0.066760 0.157018
0.159289 0.075320 0.159802
0.159444 0.075266 0.159586
0.159600 0.075211 0.159371
0.159818 0.075120 0.159351
0.160006 0.075047 0.159234
0.160223 0.074956 0.159215
0.160410 0.074883 0.159097
0.160627 0.074793 0.159079
0.160844 0.074702 0.159061
0.161091 0.074594 0.159142
0.161277 0.074521 0.159025
0.161463 0.074449 0.158908
0.161707 0.074341 0.158990
0.161980 0.074216 0.159172
0.162281 0.074074 0.159455
0.162580 0.073933 0.159738
0.162763 0.073861 0.159623
0.163229 0.073618 0.160509
0.163691 0.073376 0.161397
0.163982 0.073238 0.161686
0.164271 0.073100 0.161976
0.164503 0.072997 0.162066
0.164708 0.072911 0.162055
0.164939 0.072809 0.162146
0.165115 0.072740 0.162035
0.165345 0.072638 0.162126
0.165548 0.072553 0.162117
0.165776 0.072452 0.162209
0.165978 0.072367 0.162200
0.166231 0.072250 0.162395
0.166533 0.072101 0.162794
0.166783 0.071985 0.162991
0.167032 0.071869 0.163188
0.167280 0.071754 0.163386
0.167501 0.071655 0.163483
0.167746 0.071541 0.163682
0.167966 0.071443 0.163780
0.168185 0.071346 0.163878
0.168355 0.071279 0.163771
0.168572 0.071182 0.163870
0.168765 0.071101 0.163867
0.168958 0.071020 0.163864
0.169151 0.070938 0.163861
0.169343 0.070857 0.163858
0.169511 0.070792 0.163752
0.169703 0.070711 0.163750
0.169871 0.070645 0.163644
0.170062 0.070565 0.163642
0.170231 0.070499 0.163536
0.170421 0.070419 0.163534
0.170589 0.070353 0.163429
0.170757 0.070288 0.163323
0.170947 0.070208 0.163322
0.171135 0.070128 0.163321
0.171324 0.070049 0.163321
0.171512 0.069969 0.163320
0.171700 0.069890 0.163320
0.171887 0.069811 0.163321
0.172094 0.069718 0.163427
0.172280 0.069639 0.163427
0.172466 0.069561 0.163429
0.172651 0.069482 0.163430
0.172817 0.069417 0.163326
0.173002 0.069339 0.163327
0.173168 0.069275 0.163223
0.173333 0.069210 0.163119
0.173499 0.069146 0.163015
0.173665 0.069081 0.162911
0.173831 0.069017 0.162807
0.173996 0.068952 0.162703
0.174145 0.068901 0.162492
0.174311 0.068836 0.162387
0.174460 0.068784 0.162176
0.174626 0.068719 0.162072
0.174776 0.068667 0.161860
0.174942 0.068603 0.161755
0.175108 0.068538 0.161651
0.175259 0.068486 0.161438
0.175425 0.068421 0.161334
0.175592 0.068356 0.161229
0.175774 0.068279 0.161233
0.175940 0.068214 0.161128
0.176107 0.068149 0.161024
0.176273 0.068084 0.160919
0.176439 0.068020 0.160815
0.176606 0.067955 0.160710
0.176772 0.067890 0.160606
0.176939 0.067825 0.160501
0.177105 0.067761 0.160397
0.177271 0.067696 0.160292
0.177438 0.067631 0.160188
0.177604 0.067566 0.160083
0.177758 0.067513 0.159869
0.177924 0.067448 0.159764
0.178066 0.067405 0.159440
0.178233 0.067340 0.159335
0.178388 0.067286 0.159119
0.178543 0.067232 0.158904
0.178711 0.067167 0.158799
0.178867 0.067112 0.158583
0.179023 0.067057 0.158367
0.179191 0.066992 0.158262
0.179359 0.066927 0.158156
0.179516 0.066872 0.157940
0.179674 0.066817 0.157723
0.179842 0.066751 0.157617
0.180000 0.066696 0.157400
0.180149 0.066650 0.157071
0.159112 0.075162 0.159547
0.159268 0.075108 0.159331
0.159456 0.075035 0.159213
0.159643 0.074962 0.159095
0.159831 0.074889 0.158978
0.160049 0.074798 0.158959
0.160236 0.074725 0.158841
0.160454 0.074634 0.158822
0.160702 0.074526 0.158903
0.160918 0.074435 0.158885
0.161105 0.074363 0.158767
0.161350 0.074255 0.158849
0.161537 0.074183 0.158732
0.161810 0.074058 0.158914
0.162112 0.073917 0.159197
0.162469 0.073742 0.159680
0.162652 0.073671 0.159565
0.163120 0.073429 0.160452
0.163470 0.073257 0.160940
0.163762 0.073119 0.161228
0.164052 0.072982 0.161518
0.164314 0.072863 0.161708
0.164601 0.072727 0.161999
0.164832 0.072625 0.162090
0.165009 0.072556 0.161979
0.165239 0.072455 0.162070
0.165442 0.072370 0.162061
0.165670 0.072269 0.162153
0.165872 0.072184 0.162145
0.166125 0.072068 0.162340
0.166300 0.072000 0.162230
0.166628 0.071836 0.162732
0.166877 0.071721 0.162929
0.167126 0.071607 0.163127
0.167373 0.071493 0.163326
0.167594 0.071395 0.163423
0.167814 0.071297 0.163521
0.168033 0.071200 0.163619
0.168204 0.071133 0.163512
0.168422 0.071036 0.163611
0.168616 0.070955 0.163607
0.168809 0.070874 0.163604
0.169002 0.070793 0.163601
0.169195 0.070712 0.163598
0.169364 0.070646 0.163491
0.169556 0.070565 0.163489
0.169725 0.070499 0.163383
0.169916 0.070419 0.163380
0.170085 0.070353 0.163274
0.170254 0.070287 0.163168
0.170444 0.070207 0.163167
0.170613 0.070142 0.163061
0.170803 0.070062 0.163060
0.170992 0.069982 0.163059
0.171181 0.069902 0.163058
0.171370 0.069823 0.163057
0.171558 0.069744 0.163057
0.171746 0.069665 0.163057
0.171953 0.069572 0.163163
0.172140 0.069493 0.163164
0.172326 0.069415 0.163165
0.172512 0.069336 0.163166
0.172679 0.069272 0.163061
0.172864 0.069194 0.163063
0.173030 0.069129 0.162958
0.173196 0.069064 0.162854
0.173362 0.068999 0.162750
0.173529 0.068935 0.162645
0.173695 0.068870 0.162541
0.173861 0.068805 0.162437
0.174027 0.068741 0.162332
0.174176 0.068689 0.162121
0.174342 0.068624 0.162016
0.174509 0.068559 0.161912
0.174659 0.068507 0.161700
0.174825 0.068442 0.161595
0.174975 0.068389 0.161383
0.175142 0.068324 0.161278
0.175309 0.068260 0.161173
0.175476 0.068195 0.161068
0.175643 0.068130 0.160964
0.175809 0.068065 0.160859
0.175976 0.068000 0.160754
0.176143 0.067935 0.160649
0.176310 0.067870 0.160545
0.176491 0.067793 0.160549
0.176658 0.067729 0.160444
0.176824 0.067664 0.160339
0.176977 0.067610 0.160125
0.177144 0.067545 0.160021
0.177311 0.067480 0.159916
0.177464 0.067426 0.159701
0.177631 0.067361 0.159597
0.177785 0.067307 0.159382
0.177940 0.067253 0.159167
0.178095 0.067199 0.158951
0.178263 0.067134 0.158846
0.178418 0.067079 0.158630
0.178574 0.067024 0.158414
0.178742 0.066959 0.158309
0.178899 0.066904 0.158092
0.179067 0.066838 0.157987
0.179236 0.066773 0.157881
0.179393 0.066717 0.157664
0.179562 0.066652 0.157558
0.179730 0.066586 0.157452
0.179888 0.066531 0.157235
0.158967 0.074986 0.159390
0.159155 0.074913 0.159272
0.159311 0.074858 0.159056
0.159498 0.074785 0.158938
0.159686 0.074712 0.158820
0.159905 0.074621 0.158801
0.160092 0.074548 0.158683
0.160280 0.074475 0.158565
0.160528 0.074367 0.158645
0.160776 0.074259 0.158726
0.160962 0.074186 0.158609
0.161208 0.074079 0.158691
0.161424 0.073989 0.158673
0.161698 0.073865 0.158856
0.162000 0.073725 0.159139
0.162358 0.073551 0.159622
0.162542 0.073480 0.159507
0.163010 0.073240 0.160394
0.163361 0.073069 0.160883
0.163654 0.072933 0.161171
0.163945 0.072797 0.161461
0.164206 0.072678 0.161651
0.164439 0.072576 0.161741
0.164644 0.072490 0.161731
0.164848 0.072405 0.161721
0.165052 0.072320 0.161711
0.165282 0.072219 0.161803
0.165485 0.072134 0.161793
0.165714 0.072034 0.161886
0.165942 0.071934 0.161979
0.166195 0.071818 0.162175
0.166446 0.071703 0.162371
0.166697 0.071588 0.162568
0.166971 0.071459 0.162868
0.167219 0.071345 0.163067
0.167465 0.071232 0.163267
0.167686 0.071134 0.163364
0.167906 0.071037 0.163462
0.168077 0.070971 0.163355
0.168271 0.070889 0.163351
0.168466 0.070808 0.163347
0.168660 0.070727 0.163343
0.168853 0.070646 0.163340
0.169046 0.070565 0.163337
0.169216 0.070499 0.163230
0.169408 0.070418 0.163228
0.169578 0.070352 0.163121
0.169769 0.070272 0.163119
0.169939 0.070206 0.163013
0.170108 0.070140 0.162906
0.170299 0.070060 0.162904
0.170490 0.069980 0.162903
0.170658 0.069915 0.162797
0.170848 0.069835 0.162796
0.171038 0.069755 0.162795
0.171227 0.069676 0.162794
0.171416 0.069597 0.162794
0.171604 0.069518 0.162793
0.171792 0.069439 0.162794
0.171999 0.069347 0.162900
0.172186 0.069268 0.162900
0.172353 0.069203 0.162795
0.172540 0.069125 0.162797
0.172725 0.069047 0.162798
0.172892 0.068982 0.162693
0.173077 0.068904 0.162695
0.173244 0.068840 0.162591
0.173410 0.068775 0.162486
0.173576 0.068710 0.162382
0.173743 0.068645 0.162277
0.173892 0.068593 0.162066
0.174058 0.068528 0.161961
0.174225 0.068463 0.161856
0.174374 0.068411 0.161644
0.174541 0.068346 0.161539
0.174691 0.068293 0.161327
0.174858 0.068228 0.161222
0.175025 0.068163 0.161117
0.175192 0.068098 0.161012
0.175359 0.068033 0.160907
0.175526 0.067968 0.160802
0.175693 0.067903 0.160698
0.175860 0.067838 0.160593
0.176027 0.067773 0.160488
0.176194 0.067708 0.160383
0.176361 0.067643 0.160278
0.176528 0.067578 0.160173
0.176695 0.067513 0.160068
0.176862 0.067448 0.159963
0.177029 0.067383 0.159858
0.177183 0.067329 0.159644
0.177350 0.067264 0.159539
0.177504 0.067209 0.159324
0.177659 0.067155 0.159109
0.177814 0.067100 0.158893
0.177969 0.067046 0.158678
0.178125 0.066991 0.158462
0.178293 0.066925 0.158356
0.178449 0.066870 0.158140
0.178618 0.066804 0.158034
0.178775 0.066749 0.157817
0.178943 0.066683 0.157711
0.179112 0.066618 0.157605
0.179281 0.066552 0.157499
0.179449 0.066486 0.157393
0.179607 0.066431 0.157176
0.158978 0.074753 0.159016
0.159166 0.074680 0.158898
0.159354 0.074607 0.158780
0.159542 0.074534 0.158662
0.159761 0.074443 0.158643
0.159979 0.074353 0.158624
0.160167 0.074280 0.158506
0.160415 0.074172 0.158586
0.160663 0.074065 0.158667
0.160850 0.073992 0.158550
0.161096 0.073885 0.158632
0.161312 0.073796 0.158615
0.161527 0.073706 0.158597
0.161830 0.073567 0.158880
0.162161 0.073411 0.159264
0.162373 0.073322 0.159249
0.162672 0.073185 0.159535
0.162855 0.073113 0.159420
0.163433 0.072812 0.160713
0.163697 0.072693 0.160901
0.163988 0.072558 0.161192
0.164222 0.072456 0.161282
0.164455 0.072354 0.161372
0.164660 0.072269 0.161361
0.164891 0.072168 0.161452
0.165095 0.072083 0.161442
0.165326 0.071982 0.161534
0.165529 0.071898 0.161525
0.165783 0.071782 0.161720
0.166011 0.071683 0.161813
0.166264 0.071568 0.162010
0.166541 0.071438 0.162309
0.166791 0.071325 0.162506
0.167040 0.071212 0.162705
0.167287 0.071099 0.162904
0.167534 0.070987 0.163105
0.167754 0.070890 0.163203
0.167925 0.070823 0.163095
0.168144 0.070727 0.163194
0.168339 0.070646 0.163190
0.168533 0.070565 0.163186
0.168704 0.070498 0.163079
0.168897 0.070418 0.163076
0.169067 0.070351 0.162969
0.169260 0.070271 0.162966
0.169430 0.070205 0.162860
0.169622 0.070124 0.162857
0.169792 0.070058 0.162750
0.169962 0.069992 0.162644
0.170153 0.069912 0.162642
0.170344 0.069832 0.162640
0.170514 0.069766 0.162534
0.170704 0.069687 0.162532
0.170894 0.069607 0.162531
0.171084 0.069528 0.162530
0.171273 0.069449 0.162530
0.171462 0.069370 0.162530
0.171650 0.069291 0.162529
0.171859 0.069199 0.162635
0.172046 0.069121 0.162636
0.172233 0.069043 0.162637
0.172400 0.068978 0.162532
0.172587 0.068900 0.162533
0.172773 0.068822 0.162534
0.172939 0.068757 0.162430
0.173106 0.068692 0.162325
0.173273 0.068627 0.162220
0.173440 0.068562 0.162115
0.173607 0.068497 0.162011
0.173773 0.068432 0.161906
0.173940 0.068367 0.161801
0.174090 0.068314 0.161589
0.174257 0.068249 0.161484
0.174407 0.068196 0.161271
0.174574 0.068131 0.161166
0.174741 0.068066 0.161061
0.174892 0.068013 0.160848
0.175059 0.067948 0.160743
0.175227 0.067883 0.160638
0.175394 0.067817 0.160533
0.175562 0.067752 0.160428
0.175729 0.067687 0.160323
0.175912 0.067611 0.160326
0.176079 0.067545 0.160221
0.176231 0.067491 0.160007
0.176399 0.067426 0.159902
0.176566 0.067361 0.159797
0.176734 0.067296 0.159692
0.176901 0.067231 0.159587
0.177055 0.067176 0.159372
0.177222 0.067111 0.159266
0.177377 0.067056 0.159051
0.177531 0.067002 0.158836
0.177687 0.066947 0.158620
0.177842 0.066892 0.158404
0.177998 0.066836 0.158188
0.178167 0.066771 0.158082
0.178324 0.066715 0.157865
0.178492 0.066649 0.157759
0.178661 0.066584 0.157653
0.178830 0.066518 0.157547
0.178999 0.066452 0.157441
0.179168 0.066386 0.157335
0.179337 0.066321 0.157229
0.158864 0.074558 0.158957
0.159052 0.074485 0.158839
0.159240 0.074412 0.158721
0.159428 0.074338 0.158603
0.159647 0.074248 0.158583
0.159835 0.074175 0.158465
0.160054 0.074085 0.158447
0.160272 0.073994 0.158428
0.160489 0.073905 0.158410
0.160707 0.073815 0.158392
0.160924 0.073725 0.158374
0.161140 0.073636 0.158356
0.161386 0.073530 0.158439
0.161660 0.073407 0.158622
0.161962 0.073269 0.158906
0.162262 0.073131 0.159191
0.162561 0.072994 0.159477
0.162744 0.072923 0.159362
0.163154 0.072722 0.160052
0.163476 0.072571 0.160442
0.163740 0.072452 0.160631
0.164003 0.072334 0.160821
0.164182 0.072265 0.160709
0.164470 0.072132 0.161001
0.164676 0.072046 0.160991
0.164908 0.071946 0.161082
0.165139 0.071845 0.161174
0.165343 0.071761 0.161164
0.165599 0.071646 0.161359
0.165827 0.071546 0.161452
0.166081 0.071432 0.161648
0.166333 0.071318 0.161845
0.166584 0.071205 0.162042
0.166860 0.071077 0.162343
0.167108 0.070965 0.162542
0.167355 0.070853 0.162742
0.167577 0.070756 0.162840
0.167749 0.070689 0.162732
0.167969 0.070593 0.162830
0.168164 0.070512 0.162826
0.168359 0.070431 0.162822
0.168554 0.070350 0.162818
0.168724 0.070284 0.162711
0.168918 0.070203 0.162708
0.169089 0.070137 0.162601
0.169282 0.070056 0.162598
0.169452 0.069990 0.162491
0.169645 0.069910 0.162488
0.169837 0.069830 0.162486
0.170007 0.069763 0.162379
0.170199 0.069684 0.162377
0.170390 0.069604 0.162375
0.170581 0.069525 0.162374
0.170771 0.069445 0.162373
0.170961 0.069366 0.162372
0.171130 0.069300 0.162266
0.171340 0.069208 0.162371
0.171529 0.069130 0.162371
0.171717 0.069051 0.162371
0.171905 0.068973 0.162371
0.172093 0.068894 0.162372
0.172280 0.068816 0.162373
0.172447 0.068751 0.162268
0.172634 0.068673 0.162269
0.172801 0.068608 0.162164
0.172987 0.068531 0.162165
0.173154 0.068466 0.162061
0.173321 0.068401 0.161956
0.173488 0.068336 0.161851
0.173655 0.068271 0.161746
0.173804 0.068218 0.161534
0.173971 0.068153 0.161429
0.174121 0.068099 0.161216
0.174289 0.068034 0.161111
0.174439 0.067981 0.160898
0.174607 0.067916 0.160793
0.174774 0.067850 0.160687
0.174942 0.067785 0.160582
0.175110 0.067720 0.160477
0.175277 0.067655 0.160371
0.175445 0.067589 0.160266
0.175613 0.067524 0.160161
0.175780 0.067459 0.160056
0.175948 0.067394 0.159950
0.176115 0.067328 0.159845
0.176283 0.067263 0.159740
0.176451 0.067198 0.159635
0.176604 0.067143 0.159420
0.176772 0.067078 0.159314
0.176926 0.067023 0.159099
0.177080 0.066968 0.158884
0.177235 0.066913 0.158668
0.177391 0.066858 0.158452
0.177546 0.066802 0.158236
0.177702 0.066747 0.158019
0.177871 0.066681 0.157913
0.178028 0.066625 0.157696
0.178197 0.066559 0.157590
0.178367 0.066493 0.157484
0.178536 0.066427 0.157377
0.178705 0.066362 0.157271
0.178874 0.066296 0.157165
0.179044 0.066230 0.157058
0.158875 0.074324 0.158582
0.159063 0.074251 0.158464
0.159252 0.074177 0.158346
0.159471 0.074087 0.158326
0.159691 0.073997 0.158307
0.159879 0.073923 0.158189
0.160128 0.073817 0.158270
0.160346 0.073727 0.158251
0.160594 0.073620 0.158333
0.160781 0.073548 0.158215
0.161028 0.073442 0.158297
0.161244 0.073353 0.158280
0.161489 0.073247 0.158363
0.161763 0.073126 0.158547
0.162035 0.073005 0.158731
0.162306 0.072885 0.158917
0.162605 0.072749 0.159203
0.162788 0.072677 0.159088
0.163198 0.072479 0.159780
0.163519 0.072329 0.160170
0.163784 0.072211 0.160360
0.164046 0.072094 0.160551
0.164253 0.072009 0.160540
0.164487 0.071908 0.160630
0.164719 0.071807 0.160721
0.164978 0.071692 0.160914
0.165183 0.071607 0.160904
0.165413 0.071508 0.160997
0.165642 0.071409 0.161090
0.165897 0.071295 0.161286
0.166150 0.071181 0.161482
0.166326 0.071113 0.161372
0.166653 0.070956 0.161878
0.166903 0.070844 0.162076
0.167152 0.070732 0.162276
0.167374 0.070636 0.162373
0.167547 0.070569 0.162265
0.167768 0.070473 0.162363
0.167988 0.070377 0.162462
0.168184 0.070296 0.162457
0.168356 0.070229 0.162350
0.168574 0.070134 0.162450
0.168745 0.070068 0.162342
0.168940 0.069987 0.162339
0.169133 0.069907 0.162336
0.169304 0.069840 0.162228
0.169497 0.069760 0.162226
0.169690 0.069680 0.162223
0.169860 0.069614 0.162116
0.170053 0.069534 0.162114
0.170244 0.069454 0.162112
0.170436 0.069375 0.162110
0.170627 0.069296 0.162109
0.170817 0.069217 0.162108
0.171007 0.069138 0.162107
0.171197 0.069059 0.162106
0.171386 0.068980 0.162106
0.171575 0.068902 0.162106
0.171764 0.068824 0.162106
0.171952 0.068745 0.162107
0.172139 0.068667 0.162107
0.172327 0.068590 0.162108
0.172494 0.068524 0.162003
0.172681 0.068447 0.162004
0.172848 0.068382 0.161899
0.173016 0.068316 0.161794
0.173183 0.068251 0.161689
0.173351 0.068186 0.161584
0.173518 0.068121 0.161479
0.173668 0.068068 0.161266
0.173835 0.068002 0.161161
0.174003 0.067937 0.161055
0.174153 0.067883 0.160842
0.174321 0.067818 0.160737
0.174472 0.067764 0.160524
0.174640 0.067699 0.160418
0.174808 0.067633 0.160312
0.174976 0.067568 0.160207
0.175144 0.067502 0.160101
0.175312 0.067437 0.159996
0.175480 0.067372 0.159890
0.175648 0.067306 0.159785
0.175816 0.067241 0.159679
0.175984 0.067175 0.159574
0.176152 0.067110 0.159468
0.176321 0.067045 0.159363
0.176474 0.066990 0.159148
0.176628 0.066935 0.158932
0.176783 0.066879 0.158716
0.176938 0.066824 0.158501
0.177093 0.066768 0.158284
0.177249 0.066713 0.158068
0.177405 0.066657 0.157851
0.177575 0.066591 0.157745
0.177731 0.066535 0.157528
0.177901 0.066469 0.157421
0.178071 0.066403 0.157315
0.178240 0.066337 0.157208
0.178422 0.066261 0.157213
0.178591 0.066195 0.157106
0.158729 0.074145 0.158424
0.158918 0.074072 0.158306
0.159138 0.073981 0.158286
0.159358 0.073891 0.158267
0.159546 0.073818 0.158149
0.159765 0.073728 0.158130
0.159984 0.073638 0.158111
0.160202 0.073548 0.158092
0.160420 0.073459 0.158074
0.160668 0.073353 0.158156
0.160855 0.073280 0.158039
0.161101 0.073175 0.158121
0.161347 0.073070 0.158204
0.161592 0.072965 0.158288
0.161865 0.072845 0.158472
0.162137 0.072725 0.158658
0.162408 0.072606 0.158844
0.162678 0.072487 0.159030
0.162975 0.072353 0.159319
0.163270 0.072219 0.159608
0.163563 0.072086 0.159899
0.163827 0.071969 0.160089
0.164062 0.071868 0.160179
0.164297 0.071768 0.160269
0.164530 0.071668 0.160360
0.164790 0.071552 0.160553
0.165022 0.071453 0.160644
0.165226 0.071369 0.160635
0.165483 0.071255 0.160830
0.165712 0.071156 0.160923
0.165967 0.071043 0.161119
0.166194 0.070945 0.161214
0.166370 0.070877 0.161104
0.166697 0.070721 0.161610
0.166947 0.070610 0.161810
0.167195 0.070499 0.162010
0.167369 0.070432 0.161901
0.167591 0.070336 0.161999
0.167788 0.070255 0.161994
0.168008 0.070160 0.162093
0.168204 0.070079 0.162088
0.168400 0.069998 0.162084
0.168595 0.069917 0.162080
0.168767 0.069850 0.161972
0.168961 0.069770 0.161969
0.169155 0.069690 0.161966
0.169349 0.069610 0.161963
0.169520 0.069543 0.161855
0.169713 0.069463 0.161853
0.169906 0.069384 0.161850
0.170098 0.069304 0.161848
0.170290 0.069225 0.161846
0.170482 0.069146 0.161845
0.170673 0.069066 0.161844
0.170863 0.068988 0.161843
0.171054 0.068909 0.161842
0.171264 0.068818 0.161947
0.171433 0.068752 0.161841
0.171642 0.068661 0.161947
0.171830 0.068583 0.161947
0.171999 0.068518 0.161842
0.172186 0.068440 0.161842
0.172374 0.068362 0.161843
0.172542 0.068297 0.161738
0.172709 0.068232 0.161633
0.172877 0.068166 0.161527
0.173045 0.068101 0.161422
0.173213 0.068035 0.161316
0.173381 0.067970 0.161211
0.173549 0.067905 0.161106
0.173699 0.067851 0.160893
0.173867 0.067786 0.160787
0.174017 0.067732 0.160574
0.174186 0.067666 0.160468
0.174354 0.067601 0.160362
0.174522 0.067535 0.160257
0.174690 0.067470 0.160151
0.174842 0.067415 0.159937
0.175011 0.067350 0.159831
0.175179 0.067284 0.159725
0.175348 0.067218 0.159619
0.175516 0.067153 0.159514
0.175669 0.067098 0.159299
0.175838 0.067032 0.159193
0.176007 0.066967 0.159087
0.176175 0.066901 0.158981
0.176329 0.066846 0.158765
0.176484 0.066790 0.158550
0.176639 0.066734 0.158333
0.176795 0.066678 0.158117
0.176950 0.066622 0.157901
0.177107 0.066566 0.157684
0.177263 0.066510 0.157467
0.177433 0.066444 0.157360
0.177603 0.066377 0.157253
0.177774 0.066311 0.157146
0.177956 0.066236 0.157150
0.178126 0.066169 0.157044
0.178296 0.066103 0.156937
0.158804 0.073876 0.158246
0.158993 0.073802 0.158128
0.159213 0.073712 0.158108
0.159401 0.073639 0.157990
0.159621 0.073549 0.157971
0.159840 0.073459 0.157952
0.160058 0.073370 0.157934
0.160277 0.073280 0.157915
0.160495 0.073191 0.157897
0.160742 0.073086 0.157980
0.160959 0.072997 0.157962
0.161175 0.072908 0.157945
0.161421 0.072804 0.158029
0.161695 0.072684 0.158213
0.161910 0.072596 0.158197
0.162211 0.072461 0.158483
0.162481 0.072343 0.158670
0.162779 0.072209 0.158958
0.163047 0.072092 0.159147
0.163342 0.071960 0.159437
0.163607 0.071843 0.159627
0.163871 0.071727 0.159818
0.164106 0.071627 0.159908
0.164341 0.071527 0.159998
0.164601 0.071412 0.160191
0.164834 0.071312 0.160282
0.165066 0.071213 0.160374
0.165297 0.071115 0.160467
0.165527 0.071016 0.160560
0.165782 0.070904 0.160756
0.166011 0.070806 0.160851
0.166264 0.070694 0.161048
0.166439 0.070626 0.160938
0.166741 0.070486 0.161343
0.166991 0.070376 0.161542
0.167165 0.070308 0.161433
0.167413 0.070199 0.161634
0.167610 0.070117 0.161629
0.167832 0.070022 0.161727
0.168029 0.069941 0.161722
0.168225 0.069860 0.161718
0.168421 0.069780 0.161714
0.168616 0.069699 0.161710
0.168788 0.069632 0.161602
0.168983 0.069552 0.161598
0.169178 0.069472 0.161595
0.169372 0.069392 0.161592
0.169565 0.069312 0.161589
0.169759 0.069232 0.161587
0.169951 0.069153 0.161584
0.170144 0.069074 0.161582
0.170336 0.068994 0.161581
0.170528 0.068915 0.161579
0.170740 0.068824 0.161683
0.170930 0.068745 0.161683
0.171121 0.068667 0.161682
0.171310 0.068589 0.161682
0.171500 0.068510 0.161682
0.171689 0.068433 0.161682
0.171877 0.068355 0.161682
0.172065 0.068277 0.161683
0.172234 0.068212 0.161577
0.172402 0.068146 0.161471
0.172570 0.068081 0.161366
0.172757 0.068003 0.161367
0.172925 0.067938 0.161262
0.173075 0.067884 0.161049
0.173243 0.067819 0.160943
0.173411 0.067753 0.160838
0.173579 0.067688 0.160732
0.173730 0.067633 0.160518
0.173898 0.067568 0.160413
0.174050 0.067513 0.160199
0.174218 0.067448 0.160093
0.174370 0.067393 0.159879
0.174539 0.067327 0.159773
0.174708 0.067262 0.159667
0.174877 0.067196 0.159560
0.175046 0.067130 0.159454
0.175214 0.067064 0.159348
0.175368 0.067009 0.159133
0.175537 0.066943 0.159027
0.175691 0.066888 0.158812
0.175845 0.066832 0.158596
0.176014 0.066766 0.158489
0.176169 0.066710 0.158273
0.176339 0.066644 0.158167
0.176494 0.066588 0.157950
0.176636 0.066541 0.157623
0.176807 0.066475 0.157516
0.176964 0.066419 0.157299
0.177134 0.066352 0.157192
0.177305 0.066286 0.157085
0.177475 0.066219 0.156978
0.177646 0.066153 0.156871
0.177828 0.066077 0.156875
0.177999 0.066011 0.156768
0.158879 0.073606 0.158068
0.159099 0.073516 0.158049
0.159287 0.073443 0.157930
0.159507 0.073353 0.157911
0.159726 0.073264 0.157893
0.159945 0.073175 0.157874
0.160164 0.073085 0.157856
0.160381 0.072996 0.157838
0.160599 0.072907 0.157821
0.160846 0.072803 0.157903
0.161063 0.072715 0.157886
0.161309 0.072611 0.157970
0.161524 0.072522 0.157953
0.161798 0.072404 0.158139
0.162041 0.072301 0.158224
0.162284 0.072198 0.158309
0.162583 0.072065 0.158598
0.162852 0.071948 0.158786
0.163147 0.071816 0.159076
0.163414 0.071700 0.159266
0.163679 0.071584 0.159456
0.163915 0.071484 0.159546
0.164178 0.071369 0.159738
0.164412 0.071270 0.159828
0.164645 0.071171 0.159920
0.164905 0.071057 0.160114
0.165136 0.070959 0.160206
0.165367 0.070861 0.160299
0.165597 0.070763 0.160393
0.165826 0.070665 0.160487
0.166081 0.070554 0.160684
0.166308 0.070457 0.160779
0.166560 0.070347 0.160978
0.166785 0.070251 0.161075
0.166960 0.070183 0.160965
0.167209 0.070073 0.161165
0.167408 0.069992 0.161160
0.167630 0.069897 0.161258
0.167852 0.069802 0.161356
0.168049 0.069721 0.161352
0.168246 0.069641 0.161347
0.168442 0.069560 0.161343
0.168638 0.069480 0.161339
0.168833 0.069399 0.161335
0.169028 0.069319 0.161332
0.169223 0.069240 0.161328
0.169417 0.069160 0.161325
0.169611 0.069080 0.161323
0.169804 0.069001 0.161320
0.169997 0.068922 0.161318
0.170212 0.068830 0.161421
0.170382 0.068763 0.161314
0.170595 0.068672 0.161418
0.170786 0.068594 0.161417
0.170977 0.068515 0.161417
0.171167 0.068437 0.161416
0.171357 0.068359 0.161416
0.171546 0.068281 0.161416
0.171736 0.068203 0.161416
0.171924 0.068126 0.161417
0.172093 0.068060 0.161311
0.172281 0.067983 0.161312
0.172449 0.067917 0.161206
0.172618 0.067852 0.161100
0.172786 0.067786 0.160994
0.172955 0.067720 0.160888
0.173105 0.067666 0.160675
0.173273 0.067601 0.160569
0.173424 0.067546 0.160356
0.173593 0.067480 0.160249
0.173744 0.067426 0.160035
0.173913 0.067360 0.159929
0.174065 0.067305 0.159715
0.174234 0.067239 0.159609
0.174404 0.067173 0.159502
0.174556 0.067118 0.159287
0.174726 0.067052 0.159181
0.174895 0.066986 0.159074
0.175049 0.066930 0.158859
0.175219 0.066864 0.158752
0.175373 0.066808 0.158537
0.175527 0.066752 0.158321
0.175697 0.066686 0.158214
0.175867 0.066620 0.158107
0.176023 0.066563 0.157890
0.176179 0.066507 0.157673
0.176335 0.066450 0.157456
0.176492 0.066393 0.157239
0.176662 0.066327 0.157132
0.176833 0.066260 0.157024
0.177004 0.066194 0.156917
0.177175 0.066127 0.156810
0.177346 0.066061 0.156702
0.177530 0.065985 0.156706
0.177700 0.065918 0.156599
0.177871 0.065852 0.156491
0.158765 0.073410 0.158008
0.158985 0.073320 0.157989
0.159174 0.073247 0.157871
0.159394 0.073158 0.157852
0.159613 0.073068 0.157833
0.159832 0.072979 0.157815
0.160050 0.072890 0.157797
0.160268 0.072802 0.157779
0.160486 0.072713 0.157761
0.160703 0.072624 0.157744
0.160920 0.072536 0.157727
0.161137 0.072448 0.157710
0.161382 0.072345 0.157794
0.161627 0.072241 0.157879
0.161871 0.072139 0.157964
0.162143 0.072021 0.158150
0.162414 0.071904 0.158337
0.162684 0.071787 0.158525
0.162952 0.071671 0.158714
0.163220 0.071556 0.158904
0.163486 0.071440 0.159094
0.163723 0.071340 0.159183
0.163986 0.071226 0.159375
0.164249 0.071112 0.159568
0.164483 0.071013 0.159659
0.164716 0.070915 0.159751
0.164949 0.070816 0.159843
0.165181 0.070718 0.159936
0.165411 0.070621 0.160029
0.165641 0.070524 0.160123
0.165871 0.070427 0.160217
0.166125 0.070316 0.160415
0.166352 0.070220 0.160510
0.166604 0.070110 0.160710
0.166829 0.070014 0.160806
0.167004 0.069946 0.160696
0.167229 0.069851 0.160794
0.167452 0.069756 0.160891
0.167675 0.069662 0.160990
0.167897 0.069568 0.161089
0.168094 0.069487 0.161084
0.168291 0.069407 0.161080
0.168487 0.069326 0.161075
0.168660 0.069259 0.160967
0.168879 0.069166 0.161068
0.169074 0.069086 0.161064
0.169268 0.069007 0.161061
0.169463 0.068927 0.161058
0.169657 0.068848 0.161056
0.169850 0.068769 0.161053
0.170065 0.068677 0.161157
0.170258 0.068598 0.161155
0.170450 0.068520 0.161153
0.170641 0.068441 0.161152
0.170832 0.068363 0.161151
0.171023 0.068285 0.161150
0.171214 0.068207 0.161150
0.171404 0.068129 0.161150
0.171593 0.068051 0.161150
0.171783 0.067974 0.161150
0.171952 0.067908 0.161044
0.172140 0.067831 0.161045
0.172309 0.067765 0.160938
0.172478 0.067699 0.160832
0.172647 0.067633 0.160726
0.172797 0.067579 0.160513
0.172966 0.067513 0.160407
0.173135 0.067447 0.160301
0.173286 0.067392 0.160087
0.173455 0.067326 0.159980
0.173607 0.067271 0.159766
0.173776 0.067205 0.159659
0.173928 0.067150 0.159445
0.174098 0.067084 0.159338
0.174268 0.067018 0.159232
0.174421 0.066962 0.159016
0.174591 0.066896 0.158910
0.174744 0.066840 0.158694
0.174898 0.066784 0.158478
0.175053 0.066728 0.158262
0.175223 0.066661 0.158155
0.175378 0.066605 0.157938
0.175534 0.066548 0.157722
0.175705 0.066482 0.157614
0.175861 0.066425 0.157397
0.176017 0.066368 0.157180
0.176174 0.066310 0.156962
0.176346 0.066244 0.156854
0.176517 0.066177 0.156746
0.176689 0.066110 0.156639
0.176860 0.066043 0.156531
0.177045 0.065967 0.156534
0.177217 0.065901 0.156426
0.177401 0.065825 0.156430
0.177572 0.065759 0.156322
0.158683 0.073198 0.158048
0.158872 0.073125 0.157930
0.159092 0.073035 0.157911
0.159280 0.072962 0.157793
0.159499 0.072873 0.157774
0.159687 0.072800 0.157656
0.159937 0.072695 0.157738
0.160125 0.072622 0.157620
0.160343 0.072534 0.157602
0.160591 0.072430 0.157685
0.160808 0.072342 0.157668
0.161024 0.072254 0.157651
0.161270 0.072151 0.157735
0.161486 0.072063 0.157719
0.161730 0.071961 0.157804
0.161974 0.071859 0.157890
0.162245 0.071742 0.158077
0.162516 0.071626 0.158265
0.162757 0.071525 0.158352
0.163053 0.071395 0.158643
0.163292 0.071295 0.158732
0.163558 0.071181 0.158923
0.163794 0.071081 0.159012
0.164058 0.070968 0.159205
0.164293 0.070869 0.159296
0.164554 0.070757 0.159489
0.164761 0.070673 0.159479
0.164993 0.070575 0.159572
0.165251 0.070464 0.159767
0.165456 0.070380 0.159758
0.165712 0.070270 0.159955
0.165941 0.070173 0.160050
0.166169 0.070077 0.160145
0.166422 0.069968 0.160344
0.166648 0.069873 0.160440
0.166824 0.069804 0.160330
0.167049 0.069709 0.160427
0.167298 0.069602 0.160629
0.167497 0.069521 0.160623
0.167720 0.069427 0.160722
0.167942 0.069333 0.160821
0.168139 0.069253 0.160816
0.168336 0.069172 0.160812
0.168532 0.069092 0.160808
0.168728 0.069012 0.160804
0.168901 0.068945 0.160695
0.169097 0.068865 0.160692
0.169314 0.068773 0.160794
0.169509 0.068694 0.160791
0.169703 0.068615 0.160788
0.169896 0.068536 0.160786
0.170089 0.068457 0.160784
0.170304 0.068366 0.160888
0.170496 0.068288 0.160886
0.170688 0.068210 0.160885
0.170879 0.068132 0.160884
0.171070 0.068054 0.160884
0.171261 0.067976 0.160883
0.171451 0.067898 0.160883
0.171620 0.067832 0.160777
0.171810 0.067755 0.160777
0.171979 0.067689 0.160670
0.172149 0.067623 0.160564
0.172318 0.067557 0.160457
0.172488 0.067491 0.160351
0.172657 0.067425 0.160245
0.172827 0.067359 0.160138
0.172978 0.067304 0.159924
0.173147 0.067238 0.159817
0.173317 0.067172 0.159711
0.173469 0.067116 0.159496
0.173621 0.067060 0.159281
0.173791 0.066994 0.159174
0.173944 0.066938 0.158959
0.174114 0.066872 0.158852
0.174268 0.066816 0.158636
0.174422 0.066759 0.158420
0.174593 0.066693 0.158313
0.174747 0.066636 0.158097
0.174902 0.066580 0.157880
0.175057 0.066523 0.157663
0.175213 0.066466 0.157446
0.175369 0.066409 0.157229
0.175541 0.066342 0.157121
0.175713 0.066275 0.157013
0.175870 0.066217 0.156795
0.176027 0.066160 0.156577
0.176199 0.066093 0.156469
0.176372 0.066026 0.156361
0.176558 0.065950 0.156363
0.176730 0.065883 0.156255
0.176915 0.065807 0.156258
0.177087 0.065740 0.156150
0.177258 0.065673 0.156043
0.158570 0.073002 0.157988
0.158790 0.072913 0.157969
0.158978 0.072840 0.157851
0.159166 0.072766 0.157733
0.159386 0.072677 0.157715
0.159574 0.072604 0.157597
0.159793 0.072516 0.157578
0.160012 0.072427 0.157561
0.160230 0.072339 0.157543
0.160447 0.072251 0.157526
0.160665 0.072163 0.157508
0.160912 0.072060 0.157592
0.161128 0.071972 0.157576
0.161344 0.071885 0.157560
0.161618 0.071768 0.157746
0.161833 0.071681 0.157730
0.162105 0.071565 0.157917
0.162347 0.071464 0.158004
0.162617 0.071349 0.158193
0.162858 0.071249 0.158281
0.163126 0.071134 0.158471
0.163364 0.071035 0.158560
0.163630 0.070921 0.158751
0.163894 0.070808 0.158943
0.164130 0.070710 0.159034
0.164364 0.070612 0.159126
0.164625 0.070500 0.159320
0.164832 0.070416 0.159310
0.165064 0.070319 0.159403
0.165296 0.070222 0.159496
0.165526 0.070126 0.159590
0.165756 0.070030 0.159684
0.165985 0.069934 0.159779
0.166214 0.069838 0.159875
0.166466 0.069730 0.160074
0.166643 0.069661 0.159964
0.166894 0.069553 0.160164
0.167119 0.069459 0.160262
0.167343 0.069365 0.160360
0.167566 0.069271 0.160458
0.167765 0.069191 0.160453
0.167987 0.069098 0.160553
0.168184 0.069017 0.160548
0.168381 0.068937 0.160544
0.168578 0.068857 0.160540
0.168774 0.068778 0.160536
0.168970 0.068698 0.160532
0.169165 0.068619 0.160529
0.169360 0.068539 0.160526
0.169555 0.068460 0.160523
0.169771 0.068369 0.160626
0.169964 0.068291 0.160624
0.170157 0.068212 0.160622
0.170350 0.068134 0.160620
0.170542 0.068056 0.160619
0.170734 0.067977 0.160618
0.170926 0.067900 0.160617
0.171117 0.067822 0.160617
0.171308 0.067744 0.160616
0.171478 0.067678 0.160509
0.171668 0.067601 0.160509
0.171838 0.067535 0.160403
0.172007 0.067468 0.160296
0.172177 0.067402 0.160189
0.172347 0.067336 0.160083
0.172517 0.067270 0.159976
0.172668 0.067215 0.159762
0.172838 0.067148 0.159655
0.172990 0.067093 0.159440
0.173160 0.067026 0.159333
0.173313 0.066970 0.159118
0.173483 0.066904 0.159011
0.173636 0.066848 0.158795
0.173790 0.066791 0.158580
0.173960 0.066725 0.158472
0.174114 0.066668 0.158256
0.174269 0.066611 0.158040
0.174424 0.066555 0.157823
0.174579 0.066497 0.157606
0.174735 0.066440 0.157389
0.174891 0.066383 0.157172
0.175047 0.066325 0.156954
0.175204 0.066268 0.156736
0.175376 0.066200 0.156627
0.175549 0.066133 0.156519
0.175722 0.066066 0.156411
0.175894 0.065999 0.156302
0.176067 0.065932 0.156194
0.176239 0.065865 0.156086
0.176426 0.065789 0.156088
0.176612 0.065713 0.156090
0.176784 0.065646 0.155982
0.176956 0.065579 0.155874
0.158677 0.072717 0.157910
0.158865 0.072644 0.157792
0.159085 0.072555 0.157773
0.159273 0.072482 0.157655
0.159461 0.072409 0.157537
0.159680 0.072320 0.157519
0.159898 0.072232 0.157501
0.160117 0.072144 0.157484
0.160335 0.072056 0.157466
0.160552 0.071968 0.157449
0.160769 0.071881 0.157433
0.160986 0.071793 0.157416
0.161202 0.071706 0.157400
0.161447 0.071604 0.157485
0.161692 0.071503 0.157570
0.161936 0.071402 0.157656
0.162178 0.071301 0.157743
0.162420 0.071201 0.157830
0.162690 0.071086 0.158019
0.162959 0.070973 0.158209
0.163198 0.070873 0.158298
0.163464 0.070760 0.158490
0.163702 0.070662 0.158580
0.163966 0.070550 0.158773
0.164201 0.070452 0.158864
0.164436 0.070354 0.158956
0.164670 0.070257 0.159048
0.164903 0.070160 0.159141
0.165135 0.070064 0.159234
0.165366 0.069967 0.159328
0.165597 0.069871 0.159422
0.165827 0.069776 0.159517
0.166056 0.069680 0.159612
0.166309 0.069572 0.159811
0.166486 0.069504 0.159700
0.166713 0.069409 0.159797
0.166963 0.069302 0.159998
0.167188 0.069209 0.160096
0.167412 0.069115 0.160195
0.167611 0.069035 0.160189
0.167834 0.068942 0.160289
0.168032 0.068862 0.160284
0.168229 0.068782 0.160279
0.168426 0.068702 0.160275
0.168623 0.068622 0.160271
0.168819 0.068542 0.160267
0.169015 0.068463 0.160264
0.169211 0.068384 0.160261
0.169406 0.068305 0.160258
0.169601 0.068226 0.160255
0.169795 0.068147 0.160252
0.170011 0.068057 0.160356
0.170204 0.067979 0.160354
0.170397 0.067901 0.160353
0.170589 0.067823 0.160351
0.170781 0.067745 0.160350
0.170973 0.067667 0.160350
0.171164 0.067589 0.160349
0.171334 0.067523 0.160242
0.171525 0.067446 0.160242
0.171695 0.067380 0.160135
0.171866 0.067313 0.160028
0.172036 0.067247 0.159921
0.172206 0.067181 0.159814
0.172357 0.067125 0.159600
0.172528 0.067058 0.159492
0.172698 0.066992 0.159385
0.172850 0.066936 0.159170
0.173021 0.066870 0.159063
0.173174 0.066813 0.158848
0.173327 0.066757 0.158632
0.173480 0.066700 0.158416
0.173634 0.066643 0.158200
0.173806 0.066576 0.158092
0.173960 0.066519 0.157875
0.174115 0.066462 0.157659
0.174270 0.066405 0.157441
0.174426 0.066347 0.157224
0.174582 0.066290 0.157006
0.174739 0.066232 0.156789
0.174896 0.066174 0.156570
0.175053 0.066116 0.156352
0.175226 0.066048 0.156243
0.175399 0.065981 0.156134
0.175573 0.065913 0.156026
0.175746 0.065846 0.155917
0.175933 0.065770 0.155919
0.176106 0.065702 0.155810
0.176293 0.065626 0.155812
0.176466 0.065559 0.155704
0.176639 0.065492 0.155595
0.158595 0.072506 0.157950
0.158783 0.072433 0.157832
0.158971 0.072360 0.157714
0.159159 0.072286 0.157596
0.159379 0.072198 0.157578
0.159566 0.072125 0.157460
0.159785 0.072037 0.157442
0.160004 0.071949 0.157425
0.160191 0.071876 0.157307
0.160439 0.071774 0.157390
0.160626 0.071701 0.157273
0.160843 0.071614 0.157256
0.161060 0.071527 0.157240
0.161305 0.071425 0.157325
0.161521 0.071339 0.157309
0.161765 0.071238 0.157395
0.162009 0.071137 0.157482
0.162252 0.071037 0.157569
0.162522 0.070923 0.157758
0.162791 0.070810 0.157948
0.163031 0.070711 0.158037
0.163298 0.070599 0.158228
0.163536 0.070500 0.158318
0.163801 0.070389 0.158511
0.164037 0.070291 0.158602
0.164273 0.070194 0.158693
0.164507 0.070097 0.158785
0.164741 0.070000 0.158878
0.164974 0.069904 0.158971
0.165206 0.069808 0.159065
0.165437 0.069712 0.159159
0.165668 0.069617 0.159254
0.165897 0.069522 0.159349
0.166151 0.069414 0.159548
0.166329 0.069345 0.159437
0.166556 0.069251 0.159534
0.166807 0.069145 0.159735
0.167033 0.069051 0.159833
0.167258 0.068958 0.159931
0.167481 0.068865 0.160030
0.167680 0.068785 0.160025
0.167879 0.068705 0.160020
0.168077 0.068625 0.160015
0.168275 0.068545 0.160010
0.168472 0.068465 0.160006
0.168669 0.068386 0.160002
0.168865 0.068307 0.159999
0.169061 0.068227 0.159995
0.169257 0.068149 0.159992
0.169452 0.068070 0.159989
0.169647 0.067991 0.159986
0.169841 0.067912 0.159984
0.170057 0.067823 0.160088
0.170250 0.067745 0.160086
0.170443 0.067667 0.160085
0.170636 0.067589 0.160083
0.170828 0.067511 0.160082
0.170999 0.067445 0.159975
0.171191 0.067367 0.159974
0.171362 0.067301 0.159867
0.171532 0.067234 0.159760
0.171723 0.067157 0.159760
0.171894 0.067091 0.159652
0.172045 0.067035 0.159438
0.172216 0.066968 0.159330
0.172387 0.066902 0.159223
0.172539 0.066845 0.159008
0.172710 0.066779 0.158900
0.172863 0.066722 0.158685
0.173016 0.066665 0.158469
0.173188 0.066598 0.158361
0.173341 0.066541 0.158145
0.173495 0.066484 0.157928
0.173650 0.066427 0.157711
0.173805 0.066369 0.157494
0.173960 0.066312 0.157277
0.174116 0.066254 0.157059
0.174272 0.066196 0.156842
0.174429 0.066138 0.156624
0.174586 0.066079 0.156405
0.174744 0.066021 0.156187
0.174917 0.065953 0.156078
0.175075 0.065895 0.155859
0.175249 0.065827 0.155749
0.175423 0.065759 0.155640
0.175597 0.065692 0.155531
0.175785 0.065615 0.155533
0.175959 0.065548 0.155423
0.176146 0.065472 0.155425
0.176320 0.065404 0.155316
0.158670 0.072237 0.157772
0.158858 0.072164 0.157654
0.159046 0.072091 0.157536
0.159265 0.072003 0.157518
0.159453 0.071930 0.157400
0.159672 0.071842 0.157383
0.159891 0.071754 0.157365
0.160078 0.071681 0.157248
0.160296 0.071594 0.157231
0.160513 0.071507 0.157214
0.160730 0.071420 0.157197
0.160947 0.071333 0.157181
0.161163 0.071246 0.157165
0.161379 0.071159 0.157149
0.161624 0.071059 0.157235
0.161868 0.070959 0.157322
0.162111 0.070859 0.157409
0.162354 0.070759 0.157496
0.162624 0.070647 0.157686
0.162864 0.070548 0.157775
0.163132 0.070436 0.157966
0.163371 0.070338 0.158056
0.163636 0.070227 0.158248
0.163873 0.070129 0.158339
0.164109 0.070032 0.158431
0.164344 0.069936 0.158523
0.164579 0.069839 0.158615
0.164812 0.069743 0.158708
0.165045 0.069647 0.158802
0.165277 0.069552 0.158896
0.165508 0.069457 0.158991
0.165738 0.069362 0.159086
0.165993 0.069255 0.159285
0.166171 0.069186 0.159173
0.166399 0.069092 0.159270
0.166651 0.068986 0.159471
0.166877 0.068893 0.159569
0.167102 0.068800 0.159667
0.167327 0.068708 0.159766
0.167551 0.068615 0.159865
0.167750 0.068535 0.159860
0.167948 0.068456 0.159855
0.168122 0.068388 0.159745
0.168320 0.068308 0.159741
0.168518 0.068229 0.159737
0.168715 0.068149 0.159733
0.168888 0.068082 0.159624
0.169085 0.068003 0.159620
0.169281 0.067924 0.159617
0.169498 0.067834 0.159720
0.169693 0.067755 0.159717
0.169888 0.067677 0.159715
0.170082 0.067599 0.159713
0.170276 0.067521 0.159711
0.170469 0.067443 0.159710
0.170662 0.067366 0.159708
0.170854 0.067288 0.159707
0.171026 0.067221 0.159600
0.171218 0.067144 0.159599
0.171389 0.067077 0.159491
0.171560 0.067011 0.159384
0.171732 0.066944 0.159276
0.171903 0.066877 0.159168
0.172074 0.066811 0.159061
0.172246 0.066744 0.158953
0.172398 0.066687 0.158738
0.172569 0.066620 0.158630
0.172723 0.066563 0.158414
0.172876 0.066506 0.158198
0.173048 0.066439 0.158090
0.173202 0.066382 0.157873
0.173339 0.066334 0.157548
0.173494 0.066276 0.157330
0.173649 0.066218 0.157113
0.173805 0.066160 0.156895
0.173961 0.066102 0.156677
0.174118 0.066043 0.156459
0.174275 0.065984 0.156240
0.174433 0.065926 0.156021
0.174591 0.065867 0.155802
0.174749 0.065808 0.155583
0.174923 0.065740 0.155474
0.175098 0.065672 0.155364
0.175257 0.065613 0.155144
0.175432 0.065545 0.155035
0.175606 0.065477 0.154925
0.175781 0.065409 0.154815
0.175955 0.065341 0.154706
0.158589 0.072027 0.157813
0.158777 0.071954 0.157695
0.158964 0.071881 0.157577
0.159152 0.071808 0.157459
0.159340 0.071735 0.157341
0.159559 0.071647 0.157323
0.159746 0.071574 0.157206
0.159965 0.071487 0.157188
0.160152 0.071414 0.157071
0.160370 0.071327 0.157054
0.160587 0.071240 0.157037
0.160804 0.071153 0.157021
0.161021 0.071066 0.157005
0.161267 0.070966 0.157091
0.161482 0.070880 0.157075
0.161698 0.070794 0.157060
0.161941 0.070694 0.157147
0.162185 0.070595 0.157234
0.162455 0.070482 0.157424
0.162697 0.070384 0.157512
0.162937 0.070286 0.157601
0.163205 0.070175 0.157793
0.163443 0.070077 0.157884
0.163708 0.069967 0.158077
0.163945 0.069870 0.158168
0.164181 0.069774 0.158260
0.164416 0.069678 0.158352
0.164650 0.069582 0.158445
0.164883 0.069486 0.158539
0.165116 0.069391 0.158633
0.165348 0.069296 0.158727
0.165605 0.069189 0.158926
0.165835 0.069095 0.159021
0.166012 0.069026 0.158909
0.166267 0.068920 0.159110
0.166494 0.068827 0.159207
0.166721 0.068734 0.159304
0.166972 0.068629 0.159507
0.167197 0.068537 0.159606
0.167396 0.068457 0.159600
0.167596 0.068377 0.159595
0.167795 0.068297 0.159590
0.167993 0.068218 0.159585
0.168191 0.068138 0.159581
0.168366 0.068070 0.159471
0.168563 0.067991 0.159467
0.168761 0.067912 0.159463
0.168934 0.067844 0.159354
0.169153 0.067755 0.159456
0.169349 0.067676 0.159453
0.169545 0.067598 0.159451
0.169740 0.067519 0.159448
0.169935 0.067441 0.159446
0.170129 0.067363 0.159444
0.170323 0.067286 0.159442
0.170516 0.067208 0.159441
0.170709 0.067131 0.159439
0.170881 0.067064 0.159331
0.171073 0.066986 0.159330
0.171245 0.066920 0.159223
0.171417 0.066853 0.159115
0.171589 0.066786 0.159007
0.171760 0.066719 0.158899
0.171932 0.066652 0.158791
0.172104 0.066585 0.158683
0.172256 0.066528 0.158467
0.172428 0.066461 0.158359
0.172582 0.066404 0.158143
0.172735 0.066346 0.157927
0.172889 0.066289 0.157710
0.173044 0.066231 0.157493
0.173199 0.066173 0.157275
0.173354 0.066115 0.157058
0.173510 0.066056 0.156840
0.173666 0.065998 0.156622
0.173806 0.065948 0.156294
0.173963 0.065889 0.156076
0.174121 0.065830 0.155857
0.174279 0.065771 0.155637
0.174453 0.065703 0.155528
0.174612 0.065643 0.155308
0.174771 0.065584 0.155088
0.174946 0.065516 0.154978
0.175106 0.065456 0.154758
0.175281 0.065388 0.154648
0.175441 0.065327 0.154427
0.175617 0.065259 0.154317
0.158476 0.071832 0.157753
0.158663 0.071759 0.157635
0.158851 0.071685 0.157518
0.159039 0.071612 0.157400
0.159227 0.071539 0.157282
0.159446 0.071452 0.157264
0.159633 0.071379 0.157146
0.159852 0.071292 0.157129
0.160039 0.071219 0.157012
0.160257 0.071132 0.156995
0.160475 0.071045 0.156978
0.160662 0.070972 0.156861
0.160878 0.070886 0.156845
0.161095 0.070800 0.156829
0.161341 0.070700 0.156915
0.161556 0.070614 0.156900
0.161800 0.070515 0.156986
0.162044 0.070416 0.157074
0.162287 0.070317 0.157162
0.162528 0.070219 0.157250
0.162798 0.070108 0.157441
0.163038 0.070010 0.157531
0.163277 0.069913 0.157621
0.163543 0.069803 0.157814
0.163780 0.069707 0.157905
0.164017 0.069611 0.157997
0.164253 0.069515 0.158089
0.164487 0.069419 0.158182
0.164722 0.069324 0.158275
0.164955 0.069229 0.158369
0.165187 0.069135 0.158463
0.165445 0.069028 0.158662
0.165701 0.068922 0.158861
0.165879 0.068853 0.158749
0.166108 0.068760 0.158846
0.166362 0.068655 0.159047
0.166589 0.068562 0.159144
0.166816 0.068470 0.159242
0.167041 0.068378 0.159341
0.167266 0.068286 0.159440
0.167442 0.068218 0.159330
0.167641 0.068138 0.159325
0.167840 0.068059 0.159320
0.168039 0.067979 0.159315
0.168214 0.067911 0.159205
0.168412 0.067832 0.159201
0.168586 0.067764 0.159091
0.168807 0.067674 0.159193
0.168981 0.067607 0.159084
0.169177 0.067528 0.159080
0.169396 0.067439 0.159184
0.169591 0.067361 0.159181
0.169787 0.067283 0.159178
0.169981 0.067205 0.159176
0.170176 0.067127 0.159174
0.170370 0.067050 0.159172
0.170563 0.066972 0.159171
0.170736 0.066905 0.159063
0.170929 0.066828 0.159062
0.171101 0.066761 0.158954
0.171273 0.066694 0.158846
0.171445 0.066627 0.158737
0.171617 0.066560 0.158629
0.171789 0.066493 0.158521
0.171961 0.066426 0.158413
0.172133 0.066359 0.158305
0.172287 0.066301 0.158089
0.172440 0.066243 0.157872
0.172594 0.066186 0.157655
0.172767 0.066118 0.157547
0.172904 0.066069 0.157221
0.173059 0.066011 0.157003
0.173214 0.065952 0.156785
0.173370 0.065894 0.156567
0.173527 0.065835 0.156349
0.173684 0.065776 0.156130
0.173824 0.065725 0.155801
0.173999 0.065657 0.155692
0.174140 0.065606 0.155363
0.174299 0.065546 0.155143
0.174458 0.065486 0.154923
0.174618 0.065426 0.154702
0.174793 0.065358 0.154592
0.174938 0.065306 0.154261
0.175114 0.065237 0.154150
0.175275 0.065177 0.153929
0.175451 0.065108 0.153818
0.158297 0.071665 0.157494
0.158453 0.071607 0.157276
0.158641 0.071533 0.157158
0.158829 0.071460 0.157040
0.159018 0.071387 0.156921
0.159238 0.071299 0.156904
0.159457 0.071212 0.156886
0.159645 0.071139 0.156768
0.159864 0.071052 0.156751
0.160113 0.070951 0.156835
0.160301 0.070878 0.156717
0.160549 0.070778 0.156802
0.160766 0.070692 0.156786
0.160952 0.070619 0.156669
0.161199 0.070520 0.156754
0.161414 0.070434 0.156739
0.161659 0.070335 0.156826
0.161903 0.070236 0.156913
0.162146 0.070138 0.157001
0.162389 0.070040 0.157090
0.162630 0.069943 0.157178
0.162871 0.069845 0.157268
0.163110 0.069749 0.157358
0.163377 0.069639 0.157551
0.163615 0.069543 0.157642
0.163853 0.069447 0.157734
0.164089 0.069352 0.157826
0.164297 0.069269 0.157815
0.164532 0.069174 0.157908
0.164793 0.069067 0.158105
0.165026 0.068972 0.158199
0.165284 0.068866 0.158398
0.165542 0.068761 0.158597
0.165720 0.068691 0.158485
0.165950 0.068598 0.158581
0.166204 0.068494 0.158782
0.166432 0.068402 0.158880
0.166659 0.068310 0.158978
0.166886 0.068218 0.159076
0.167111 0.068127 0.159175
0.167287 0.068058 0.159064
0.167487 0.067979 0.159059
0.167687 0.067899 0.159054
0.167886 0.067820 0.159049
0.168061 0.067752 0.158939
0.168260 0.067672 0.158935
0.168435 0.067604 0.158825
0.168633 0.067525 0.158821
0.168830 0.067447 0.158817
0.169027 0.067368 0.158813
0.169224 0.067290 0.158810
0.169420 0.067212 0.158807
0.169638 0.067123 0.158911
0.169834 0.067045 0.158908
0.170007 0.066978 0.158799
0.170223 0.066890 0.158904
0.170396 0.066823 0.158796
0.170590 0.066746 0.158794
0.170763 0.066678 0.158686
0.170956 0.066601 0.158684
0.171128 0.066534 0.158576
0.171301 0.066467 0.158468
0.171473 0.066400 0.158359
0.171646 0.066333 0.158251
0.171819 0.066265 0.158143
0.171991 0.066198 0.158034
0.172145 0.066140 0.157818
0.172317 0.066073 0.157709
0.172471 0.066015 0.157492
0.172626 0.065957 0.157275
0.172781 0.065898 0.157057
0.172936 0.065839 0.156839
0.173092 0.065780 0.156621
0.173230 0.065730 0.156294
0.173387 0.065671 0.156075
0.173544 0.065612 0.155856
0.173685 0.065560 0.155527
0.173843 0.065501 0.155307
0.173985 0.065449 0.154978
0.174144 0.065389 0.154757
0.174288 0.065336 0.154427
0.174448 0.065276 0.154206
0.174624 0.065207 0.154095
0.174785 0.065146 0.153874
0.174946 0.065085 0.153652
0.175108 0.065024 0.153430
0.175270 0.064963 0.153208
0.175374 0.064931 0.152542
0.158776 0.071246 0.156460
0.158997 0.071159 0.156442
0.159218 0.071072 0.156424
0.159438 0.070984 0.156406
0.159658 0.070897 0.156389
0.159908 0.070797 0.156472
0.160157 0.070697 0.156557
0.160375 0.070610 0.156540
0.160593 0.070524 0.156524
0.160840 0.070425 0.156610
0.161056 0.070339 0.156594
0.161273 0.070253 0.156579
0.161518 0.070155 0.156665
0.161762 0.070057 0.156753
0.161977 0.069972 0.156738
0.162220 0.069874 0.156827
0.162462 0.069777 0.156915
0.162731 0.069667 0.157107
0.162972 0.069570 0.157197
0.163211 0.069474 0.157288
0.163450 0.069378 0.157379
0.163660 0.069295 0.157367
0.163925 0.069187 0.157562
0.164134 0.069104 0.157551
0.164369 0.069010 0.157644
0.164631 0.068903 0.157841
0.164864 0.068809 0.157935
0.165097 0.068716 0.158030
0.165355 0.068610 0.158229
0.165535 0.068541 0.158116
0.165791 0.068436 0.158316
0.166021 0.068344 0.158413
0.166275 0.068240 0.158615
0.166502 0.068149 0.158712
0.166729 0.068057 0.158811
0.166956 0.067966 0.158910
0.167132 0.067898 0.158799
0.167332 0.067818 0.158793
0.167533 0.067738 0.158788
0.167732 0.067659 0.158783
0.167908 0.067591 0.158673
0.168083 0.067522 0.158562
0.168282 0.067443 0.158558
0.168481 0.067365 0.158554
0.168679 0.067286 0.158550
0.168877 0.067208 0.158546
0.169074 0.067129 0.158542
0.169249 0.067061 0.158433
0.169467 0.066973 0.158536
0.169663 0.066895 0.158533
0.169859 0.066817 0.158531
0.170054 0.066740 0.158529
0.170249 0.066663 0.158527
0.170422 0.066595 0.158418
0.170617 0.066518 0.158416
0.170810 0.066441 0.158415
0.170983 0.066374 0.158306
0.171177 0.066297 0.158305
0.171349 0.066230 0.158197
0.171522 0.066162 0.158088
0.171695 0.066095 0.157980
0.171848 0.066037 0.157763
0.172021 0.065970 0.157655
0.172175 0.065911 0.157437
0.172329 0.065853 0.157220
0.172484 0.065794 0.157002
0.172639 0.065735 0.156785
0.172795 0.065676 0.156566
0.172951 0.065617 0.156348
0.173090 0.065566 0.156020
0.173247 0.065506 0.155801
0.173404 0.065446 0.155582
0.173545 0.065395 0.155253
0.173686 0.065343 0.154923
0.173845 0.065282 0.154702
0.173988 0.065230 0.154372
0.174132 0.065177 0.154041
0.174293 0.065116 0.153819
0.174470 0.065047 0.153708
0.174616 0.064993 0.153376
0.174778 0.064932 0.153154
0.174940 0.064870 0.152931
0.175103 0.064808 0.152709
0.158756 0.071017 0.155980
0.159009 0.070916 0.156062
0.159230 0.070829 0.156044
0.159450 0.070742 0.156026
0.159701 0.070641 0.156110
0.159921 0.070555 0.156093
0.160170 0.070455 0.156177
0.160419 0.070356 0.156262
0.160667 0.070257 0.156347
0.160884 0.070171 0.156331
0.161130 0.070072 0.156418
0.161376 0.069974 0.156505
0.161591 0.069889 0.156490
0.161836 0.069792 0.156578
0.162079 0.069694 0.156666
0.162322 0.069597 0.156755
0.162563 0.069501 0.156844
0.162804 0.069404 0.156934
0.163044 0.069308 0.157024
0.163284 0.069213 0.157115
0.163522 0.069117 0.157206
0.163732 0.069034 0.157195
0.163969 0.068939 0.157287
0.164206 0.068845 0.157380
0.164441 0.068751 0.157473
0.164702 0.068645 0.157671
0.164936 0.068552 0.157765
0.165195 0.068447 0.157964
0.165374 0.068377 0.157851
0.165554 0.068307 0.157738
0.165862 0.068181 0.158148
0.166117 0.068078 0.158349
0.166345 0.067987 0.158447
0.166573 0.067896 0.158545
0.166775 0.067816 0.158539
0.166976 0.067736 0.158533
0.167177 0.067656 0.158527
0.167378 0.067577 0.158522
0.167554 0.067508 0.158411
0.167754 0.067429 0.158406
0.167930 0.067361 0.158295
0.168106 0.067292 0.158185
0.168306 0.067213 0.158180
0.168504 0.067135 0.158176
0.168703 0.067056 0.158172
0.168901 0.066978 0.158168
0.169098 0.066900 0.158164
0.169296 0.066822 0.158161
0.169492 0.066744 0.158158
0.169689 0.066666 0.158155
0.169885 0.066588 0.158153
0.170080 0.066511 0.158151
0.170275 0.066434 0.158149
0.170470 0.066357 0.158147
0.170644 0.066289 0.158038
0.170838 0.066212 0.158036
0.171011 0.066145 0.157928
0.171205 0.066068 0.157927
0.171378 0.066001 0.157818
0.171531 0.065942 0.157601
0.171705 0.065875 0.157492
0.171878 0.065807 0.157383
0.172032 0.065749 0.157166
0.172187 0.065690 0.156948
0.172361 0.065622 0.156839
0.172516 0.065563 0.156621
0.172653 0.065512 0.156293
0.172810 0.065452 0.156075
0.172966 0.065392 0.155856
0.173106 0.065341 0.155527
0.173246 0.065289 0.155198
0.173387 0.065236 0.154868
0.173529 0.065184 0.154538
0.173672 0.065130 0.154207
0.173832 0.065069 0.153986
0.173976 0.065016 0.153654
0.174121 0.064962 0.153322
0.174299 0.064893 0.153210
0.174461 0.064831 0.152988
0.174623 0.064769 0.152765
0.174771 0.064714 0.152432
0.157391 0.071322 0.154895
0.157649 0.071219 0.154975
0.157906 0.071117 0.155054
0.158098 0.071042 0.154934
0.158354 0.070941 0.155014
0.158641 0.070826 0.155196
0.158989 0.070685 0.155581
0.159211 0.070598 0.155563
0.159494 0.070485 0.155747
0.159745 0.070385 0.155831
0.159995 0.070286 0.155915
0.160245 0.070186 0.156000
0.160493 0.070088 0.156085
0.160741 0.069989 0.156171
0.160958 0.069904 0.156155
0.161204 0.069806 0.156242
0.161450 0.069708 0.156329
0.161694 0.069611 0.156417
0.161938 0.069514 0.156505
0.162152 0.069430 0.156491
0.162423 0.069321 0.156683
0.162636 0.069237 0.156670
0.162877 0.069142 0.156760
0.163117 0.069046 0.156851
0.163356 0.068951 0.156942
0.163567 0.068868 0.156930
0.163805 0.068773 0.157023
0.164041 0.068679 0.157115
0.164278 0.068585 0.157208
0.164513 0.068492 0.157302
0.164774 0.068387 0.157500
0.165034 0.068283 0.157699
0.165266 0.068191 0.157794
0.165445 0.068121 0.157682
0.165625 0.068051 0.157569
0.165933 0.067926 0.157979
0.166187 0.067824 0.158181
0.166390 0.067744 0.158175
0.166618 0.067653 0.158273
0.166820 0.067574 0.158267
0.167022 0.067494 0.158261
0.167198 0.067425 0.158150
0.167399 0.067346 0.158144
0.167576 0.067277 0.158033
0.167753 0.067208 0.157922
0.167953 0.067129 0.157917
0.168129 0.067061 0.157807
0.168329 0.066982 0.157802
0.168528 0.066903 0.157797
0.168727 0.066825 0.157793
0.168925 0.066747 0.157789
0.169123 0.066669 0.157786
0.169321 0.066591 0.157782
0.169518 0.066513 0.157779
0.169715 0.066436 0.157777
0.169911 0.066358 0.157774
0.170107 0.066281 0.157772
0.170302 0.066204 0.157770
0.170476 0.066136 0.157660
0.170671 0.066059 0.157658
0.170866 0.065982 0.157657
0.171039 0.065915 0.157548
0.171213 0.065847 0.157439
0.171387 0.065779 0.157330
0.171561 0.065712 0.157220
0.171735 0.065644 0.157111
0.171908 0.065577 0.157002
0.172063 0.065517 0.156784
0.172218 0.065458 0.156566
0.172374 0.065398 0.156348
0.172530 0.065339 0.156129
0.172668 0.065287 0.155801
0.172807 0.065235 0.155472
0.172947 0.065182 0.155143
0.173087 0.065130 0.154813
0.173229 0.065076 0.154483
0.173371 0.065023 0.154152
0.173514 0.064969 0.153821
0.173675 0.064908 0.153599
0.173819 0.064854 0.153267
0.173965 0.064799 0.152934
0.174143 0.064729 0.152822
0.174290 0.064674 0.152489
0.174453 0.064612 0.152266
0.157274 0.071121 0.154834
0.157533 0.071019 0.154914
0.157790 0.070917 0.154994
0.157982 0.070843 0.154873
0.158238 0.070741 0.154954
0.158525 0.070627 0.155136
0.158780 0.070527 0.155218
0.159002 0.070440 0.155199
0.159255 0.070340 0.155282
0.159538 0.070227 0.155467
0.159820 0.070115 0.155652
0.160070 0.070016 0.155737
0.160319 0.069918 0.155822
0.160568 0.069820 0.155908
0.160815 0.069722 0.155994
0.161062 0.069624 0.156081
0.161308 0.069527 0.156168
0.161553 0.069430 0.156256
0.161797 0.069333 0.156344
0.162012 0.069249 0.156330
0.162255 0.069153 0.156419
0.162497 0.069058 0.156509
0.162709 0.068974 0.156496
0.162950 0.068879 0.156587
0.163190 0.068784 0.156678
0.163429 0.068689 0.156769
0.163639 0.068607 0.156758
0.163877 0.068513 0.156850
0.164114 0.068419 0.156943
0.164350 0.068326 0.157037
0.164585 0.068233 0.157131
0.164845 0.068129 0.157330
0.165105 0.068026 0.157529
0.165285 0.067956 0.157416
0.165517 0.067864 0.157512
0.165748 0.067773 0.157609
0.166003 0.067671 0.157811
0.166232 0.067580 0.157909
0.166436 0.067500 0.157902
0.166638 0.067421 0.157895
0.166841 0.067341 0.157889
0.167043 0.067262 0.157883
0.167244 0.067183 0.157877
0.167421 0.067114 0.157766
0.167598 0.067045 0.157655
0.167775 0.066976 0.157544
0.167976 0.066897 0.157539
0.168153 0.066828 0.157427
0.168353 0.066750 0.157423
0.168552 0.066671 0.157418
0.168729 0.066602 0.157307
0.168950 0.066515 0.157410
0.169148 0.066437 0.157406
0.169346 0.066359 0.157403
0.169544 0.066281 0.157400
0.169741 0.066204 0.157397
0.169937 0.066127 0.157394
0.170112 0.066059 0.157284
0.170308 0.065982 0.157282
0.170504 0.065905 0.157280
0.170678 0.065837 0.157170
0.170873 0.065760 0.157169
0.171068 0.065684 0.157167
0.171242 0.065616 0.157058
0.171416 0.065548 0.156949
0.171591 0.065480 0.156839
0.171765 0.065412 0.156730
0.171920 0.065353 0.156512
0.172075 0.065293 0.156293
0.172231 0.065233 0.156074
0.172369 0.065181 0.155746
0.172507 0.065128 0.155418
0.172647 0.065076 0.155088
0.172787 0.065023 0.154759
0.172910 0.064977 0.154319
0.173052 0.064923 0.153988
0.173195 0.064869 0.153656
0.173356 0.064807 0.153435
0.173500 0.064752 0.153102
0.173662 0.064690 0.152880
0.173807 0.064635 0.152547
0.173954 0.064579 0.152213
0.157252 0.070885 0.154351
0.157511 0.070783 0.154431
0.157769 0.070682 0.154511
0.158026 0.070581 0.154591
0.158282 0.070480 0.154672
0.158538 0.070380 0.154754
0.158792 0.070280 0.154836
0.159046 0.070180 0.154918
0.159330 0.070068 0.155103
0.159613 0.069956 0.155288
0.159895 0.069845 0.155474
0.160145 0.069747 0.155559
0.160394 0.069649 0.155645
0.160642 0.069552 0.155731
0.160919 0.069442 0.155919
0.161136 0.069357 0.155904
0.161382 0.069261 0.155992
0.161627 0.069164 0.156080
0.161871 0.069068 0.156169
0.162114 0.068973 0.156258
0.162328 0.068889 0.156245
0.162570 0.068794 0.156335
0.162783 0.068711 0.156322
0.163023 0.068616 0.156413
0.163263 0.068522 0.156504
0.163474 0.068439 0.156493
0.163712 0.068345 0.156585
0.163922 0.068263 0.156574
0.164186 0.068159 0.156771
0.164422 0.068066 0.156865
0.164683 0.067963 0.157064
0.164917 0.067871 0.157159
0.165098 0.067801 0.157046
0.165330 0.067709 0.157142
0.165588 0.067607 0.157343
0.165819 0.067517 0.157440
0.166049 0.067426 0.157537
0.166278 0.067336 0.157635
0.166481 0.067256 0.157629
0.166684 0.067177 0.157622
0.166862 0.067108 0.157510
0.167064 0.067028 0.157504
0.167242 0.066959 0.157393
0.167420 0.066890 0.157281
0.167597 0.066821 0.157170
0.167798 0.066742 0.157164
0.167976 0.066673 0.157053
0.168177 0.066594 0.157048
0.168377 0.066516 0.157043
0.168554 0.066447 0.156932
0.168776 0.066359 0.157034
0.168975 0.066282 0.157030
0.169151 0.066213 0.156919
0.169350 0.066135 0.156916
0.169548 0.066058 0.156912
0.169745 0.065980 0.156909
0.169943 0.065903 0.156906
0.170139 0.065826 0.156904
0.170336 0.065749 0.156901
0.170511 0.065681 0.156791
0.170707 0.065604 0.156789
0.170902 0.065528 0.156788
0.171077 0.065459 0.156678
0.171252 0.065391 0.156568
0.171426 0.065323 0.156458
0.171582 0.065263 0.156240
0.171757 0.065195 0.156130
0.171913 0.065135 0.155911
0.172050 0.065082 0.155583
0.172188 0.065030 0.155254
0.172327 0.064976 0.154924
0.172467 0.064923 0.154595
0.172608 0.064869 0.154264
0.172750 0.064815 0.153933
0.172892 0.064760 0.153602
0.173053 0.064698 0.153380
0.173179 0.064650 0.152938
0.173341 0.064588 0.152715
0.173503 0.064525 0.152492
0.173650 0.064469 0.152158
0.157037 0.070723 0.153989
0.157555 0.070520 0.154148
0.157813 0.070419 0.154228
0.158070 0.070319 0.154309
0.158326 0.070219 0.154390
0.158582 0.070119 0.154472
0.158868 0.070007 0.154655
0.159122 0.069908 0.154738
0.159405 0.069796 0.154923
0.159688 0.069686 0.155109
0.159970 0.069576 0.155296
0.160219 0.069478 0.155381
0.160468 0.069381 0.155467
0.160746 0.069272 0.155656
0.160993 0.069175 0.155743
0.161210 0.069090 0.155728
0.161456 0.068994 0.155816
0.161700 0.068899 0.155905
0.161944 0.068803 0.155994
0.162159 0.068720 0.155980
0.162401 0.068625 0.156070
0.162643 0.068530 0.156161
0.162856 0.068447 0.156148
0.163096 0.068353 0.156239
0.163307 0.068271 0.156228
0.163546 0.068177 0.156320
0.163784 0.068084 0.156413
0.164022 0.067991 0.156506
0.164258 0.067899 0.156600
0.164494 0.067807 0.156694
0.164728 0.067715 0.156789
0.164909 0.067644 0.156675
0.165169 0.067543 0.156875
0.165402 0.067452 0.156972
0.165633 0.067361 0.157068
0.165864 0.067271 0.157166
0.166069 0.067191 0.157158
0.166298 0.067101 0.157256
0.166502 0.067022 0.157250
0.166705 0.066942 0.157243
0.166883 0.066873 0.157131
0.167062 0.066803 0.157019
0.167264 0.066724 0.157013
0.167442 0.066655 0.156901
0.167644 0.066576 0.156896
0.167822 0.066507 0.156784
0.168000 0.066438 0.156672
0.168201 0.066359 0.156667
0.168378 0.066290 0.156555
0.168579 0.066212 0.156551
0.168779 0.066134 0.156546
0.168978 0.066056 0.156542
0.169177 0.065978 0.156538
0.169376 0.065901 0.156534
0.169574 0.065823 0.156531
0.169751 0.065755 0.156420
0.169948 0.065677 0.156417
0.170146 0.065600 0.156414
0.170343 0.065523 0.156412
0.170539 0.065447 0.156410
0.170715 0.065378 0.156299
0.170890 0.065310 0.156189
0.171066 0.065242 0.156079
0.171242 0.065173 0.155968
0.171398 0.065113 0.155749
0.171573 0.065044 0.155639
0.171711 0.064991 0.155310
0.171868 0.064930 0.155090
0.172007 0.064877 0.154761
0.172147 0.064823 0.154431
0.172287 0.064768 0.154100
0.172428 0.064714 0.153769
0.172571 0.064659 0.153438
0.172731 0.064597 0.153216
0.172875 0.064541 0.152883
0.173037 0.064478 0.152661
0.173182 0.064422 0.152327
0.173344 0.064359 0.152104
0.157048 0.070471 0.153604
0.157373 0.070345 0.153885
0.157632 0.070244 0.153965
0.157889 0.070144 0.154046
0.158146 0.070044 0.154127
0.158402 0.069944 0.154209
0.158689 0.069833 0.154392
0.158944 0.069734 0.154475
0.159228 0.069623 0.154660
0.159512 0.069513 0.154846
0.159794 0.069403 0.155032
0.160044 0.069306 0.155118
0.160294 0.069209 0.155203
0.160543 0.069112 0.155290
0.160791 0.069015 0.155377
0.161038 0.068919 0.155464
0.161284 0.068824 0.155552
0.161529 0.068728 0.155640
0.161774 0.068633 0.155729
0.162018 0.068538 0.155819
0.162232 0.068455 0.155805
0.162474 0.068360 0.155896
0.162716 0.068267 0.155986
0.162929 0.068184 0.155974
0.163169 0.068090 0.156066
0.163380 0.068008 0.156054
0.163619 0.067915 0.156147
0.163857 0.067823 0.156240
0.164094 0.067731 0.156334
0.164330 0.067639 0.156428
0.164566 0.067547 0.156523
0.164747 0.067476 0.156408
0.164981 0.067385 0.156504
0.165215 0.067295 0.156600
0.165447 0.067204 0.156696
0.165679 0.067114 0.156793
0.165884 0.067034 0.156786
0.166115 0.066945 0.156884
0.166319 0.066865 0.156877
0.166523 0.066786 0.156870
0.166702 0.066716 0.156757
0.166905 0.066637 0.156751
0.167084 0.066567 0.156639
0.167287 0.066488 0.156633
0.167465 0.066419 0.156520
0.167644 0.066349 0.156408
0.167845 0.066271 0.156403
0.168024 0.066202 0.156291
0.168225 0.066123 0.156286
0.168403 0.066054 0.156174
0.168604 0.065976 0.156169
0.168804 0.065898 0.156164
0.168982 0.065829 0.156053
0.169181 0.065751 0.156049
0.169381 0.065673 0.156045
0.169558 0.065604 0.155934
0.169757 0.065527 0.155930
0.169955 0.065450 0.155927
0.170153 0.065373 0.155924
0.170350 0.065296 0.155921
0.170527 0.065228 0.155810
0.170703 0.065159 0.155699
0.170879 0.065090 0.155589
0.171056 0.065021 0.155478
0.171213 0.064960 0.155258
0.171370 0.064899 0.155038
0.171527 0.064838 0.154818
0.171666 0.064784 0.154488
0.171825 0.064722 0.154267
0.171965 0.064667 0.153937
0.172106 0.064612 0.153606
0.172266 0.064550 0.153384
0.172409 0.064494 0.153052
0.172552 0.064438 0.152719
0.172714 0.064375 0.152496
0.172858 0.064319 0.152163
0.173021 0.064255 0.151939
0.173185 0.064192 0.151715
0.156930 0.070269 0.153543
0.157385 0.070093 0.153500
0.157708 0.069968 0.153783
0.157998 0.069856 0.153965
0.158255 0.069757 0.154047
0.158510 0.069658 0.154129
0.158765 0.069559 0.154211
0.159051 0.069449 0.154396
0.159335 0.069339 0.154582
0.159618 0.069230 0.154769
0.159869 0.069133 0.154854
0.160089 0.069047 0.154837
0.160369 0.068939 0.155026
0.160617 0.068843 0.155112
0.160865 0.068747 0.155200
0.161112 0.068652 0.155287
0.161358 0.068557 0.155376
0.161603 0.068462 0.155464
0.161819 0.068378 0.155450
0.162063 0.068284 0.155540
0.162306 0.068190 0.155630
0.162548 0.068096 0.155721
0.162789 0.068003 0.155812
0.163002 0.067920 0.155800
0.163242 0.067828 0.155892
0.163453 0.067746 0.155881
0.163692 0.067653 0.155974
0.163929 0.067561 0.156067
0.164166 0.067470 0.156161
0.164402 0.067379 0.156256
0.164584 0.067308 0.156142
0.164819 0.067217 0.156237
0.165027 0.067136 0.156228
0.165260 0.067046 0.156324
0.165493 0.066956 0.156421
0.165725 0.066867 0.156518
0.165930 0.066787 0.156511
0.166135 0.066707 0.156503
0.166340 0.066628 0.156496
0.166544 0.066549 0.156489
0.166724 0.066479 0.156376
0.166927 0.066400 0.156370
0.167106 0.066330 0.156257
0.167285 0.066260 0.156145
0.167488 0.066182 0.156139
0.167667 0.066112 0.156027
0.167846 0.066042 0.155914
0.168048 0.065964 0.155909
0.168250 0.065886 0.155903
0.168428 0.065816 0.155791
0.168629 0.065738 0.155787
0.168808 0.065669 0.155675
0.169008 0.065591 0.155670
0.169186 0.065522 0.155558
0.169386 0.065444 0.155554
0.169585 0.065367 0.155550
0.169763 0.065298 0.155439
0.169962 0.065221 0.155435
0.170160 0.065144 0.155432
0.170337 0.065075 0.155321
0.170515 0.065006 0.155209
0.170692 0.064937 0.155098
0.170849 0.064875 0.154878
0.171026 0.064806 0.154767
0.171184 0.064745 0.154546
0.171343 0.064683 0.154325
0.171482 0.064628 0.153995
0.171641 0.064566 0.153773
0.171782 0.064510 0.153442
0.171942 0.064447 0.153220
0.172085 0.064391 0.152888
0.172246 0.064328 0.152665
0.172408 0.064265 0.152442
0.172570 0.064202 0.152219
0.172715 0.064145 0.151885
0.172878 0.064081 0.151661
0.156942 0.070015 0.153157
0.157268 0.069891 0.153439
0.157527 0.069791 0.153519
0.157849 0.069668 0.153803
0.158106 0.069569 0.153884
0.158363 0.069470 0.153967
0.158618 0.069372 0.154049
0.158904 0.069262 0.154234
0.159158 0.069164 0.154318
0.159410 0.069067 0.154403
0.159662 0.068970 0.154487
0.159944 0.068862 0.154675
0.160164 0.068777 0.154659
0.160413 0.068681 0.154745
0.160662 0.068586 0.154832
0.160939 0.068479 0.155023
0.161156 0.068395 0.155008
0.161403 0.068301 0.155096
0.161648 0.068206 0.155185
0.161892 0.068112 0.155275
0.162136 0.068019 0.155365
0.162379 0.067925 0.155455
0.162621 0.067832 0.155546
0.162862 0.067739 0.155638
0.163075 0.067657 0.155626
0.163315 0.067565 0.155719
0.163526 0.067483 0.155707
0.163764 0.067391 0.155801
0.164002 0.067300 0.155895
0.164212 0.067219 0.155885
0.164394 0.067148 0.155770
0.164630 0.067057 0.155865
0.164865 0.066967 0.155961
0.165099 0.066877 0.156057
0.165306 0.066797 0.156048
0.165539 0.066707 0.156145
0.165745 0.066628 0.156137
0.165951 0.066548 0.156129
0.166156 0.066469 0.156122
0.166361 0.066390 0.156115
0.166566 0.066310 0.156108
0.166746 0.066240 0.155995
0.166950 0.066162 0.155988
0.167129 0.066092 0.155875
0.167309 0.066022 0.155763
0.167488 0.065952 0.155650
0.167691 0.065873 0.155644
0.167871 0.065804 0.155531
0.168073 0.065725 0.155526
0.168252 0.065656 0.155413
0.168431 0.065586 0.155301
0.168633 0.065508 0.155296
0.168812 0.065438 0.155183
0.169013 0.065361 0.155179
0.169191 0.065291 0.155067
0.169392 0.065214 0.155062
0.169570 0.065144 0.154950
0.169770 0.065067 0.154946
0.169948 0.064998 0.154834
0.170147 0.064921 0.154831
0.170325 0.064851 0.154719
0.170503 0.064782 0.154607
0.170661 0.064720 0.154386
0.170839 0.064651 0.154274
0.170998 0.064588 0.154053
0.171157 0.064526 0.153832
0.171297 0.064470 0.153501
0.171457 0.064407 0.153279
0.171598 0.064351 0.152947
0.171759 0.064288 0.152724
0.171921 0.064225 0.152501
0.172082 0.064161 0.152278
0.172245 0.064097 0.152055
0.172389 0.064040 0.151721
0.172552 0.063976 0.151497
0.156824 0.069812 0.153096
0.157019 0.069737 0.152973
0.157410 0.069589 0.153458
0.157701 0.069479 0.153640
0.157990 0.069368 0.153824
0.158247 0.069270 0.153906
0.158502 0.069172 0.153989
0.158726 0.069086 0.153970
0.158980 0.068989 0.154054
0.159233 0.068892 0.154138
0.159517 0.068784 0.154325
0.159738 0.068699 0.154308
0.159988 0.068603 0.154394
0.160239 0.068507 0.154480
0.160488 0.068412 0.154567
0.160706 0.068328 0.154552
0.160954 0.068233 0.154639
0.161201 0.068138 0.154728
0.161477 0.068034 0.154920
0.161693 0.067950 0.154906
0.161937 0.067857 0.154996
0.162181 0.067763 0.155086
0.162452 0.067660 0.155280
0.162666 0.067578 0.155268
0.162935 0.067476 0.155464
0.163148 0.067394 0.155452
0.163360 0.067312 0.155441
0.163599 0.067221 0.155534
0.163837 0.067130 0.155628
0.164047 0.067049 0.155618
0.164230 0.066977 0.155503
0.164467 0.066887 0.155598
0.164676 0.066806 0.155588
0.164911 0.066717 0.155684
0.165145 0.066627 0.155780
0.165352 0.066547 0.155772
0.165559 0.066467 0.155763
0.165766 0.066388 0.155755
0.165997 0.066299 0.155853
0.166203 0.066220 0.155846
0.166383 0.066150 0.155733
0.166588 0.066071 0.155726
0.166768 0.066001 0.155612
0.166972 0.065922 0.155606
0.167152 0.065852 0.155493
0.167332 0.065782 0.155380
0.167512 0.065712 0.155267
0.167716 0.065634 0.155261
0.167895 0.065564 0.155148
0.168075 0.065494 0.155035
0.168255 0.065424 0.154922
0.168457 0.065346 0.154917
0.168637 0.065276 0.154804
0.168816 0.065206 0.154691
0.169018 0.065128 0.154686
0.169197 0.065059 0.154574
0.169398 0.064981 0.154569
0.169577 0.064912 0.154457
0.169756 0.064842 0.154344
0.169935 0.064772 0.154232
0.170114 0.064702 0.154119
0.170293 0.064633 0.154007
0.170472 0.064563 0.153894
0.170651 0.064493 0.153782
0.170811 0.064430 0.153560
0.170970 0.064367 0.153338
0.171130 0.064304 0.153116
0.171271 0.064248 0.152784
0.171432 0.064184 0.152561
0.171594 0.064120 0.152338
0.171756 0.064057 0.152115
0.171918 0.063993 0.151891
0.172081 0.063928 0.151667
0.172244 0.063864 0.151443
0.156901 0.069534 0.152912
0.157195 0.069423 0.153093
0.157552 0.069289 0.153478
0.157842 0.069180 0.153661
0.158099 0.069082 0.153744
0.158323 0.068996 0.153725
0.158578 0.068898 0.153808
0.158833 0.068801 0.153892
0.159087 0.068705 0.153976
0.159309 0.068620 0.153958
0.159561 0.068523 0.154043
0.159782 0.068439 0.154027
0.160033 0.068343 0.154113
0.160283 0.068248 0.154199
0.160502 0.068164 0.154183
0.160751 0.068069 0.154271
0.160999 0.067975 0.154359
0.161246 0.067881 0.154447
0.161492 0.067787 0.154536
0.161767 0.067683 0.154729
0.162011 0.067590 0.154820
0.162255 0.067498 0.154910
0.162526 0.067395 0.155106
0.162739 0.067313 0.155093
0.162981 0.067222 0.155186
0.163221 0.067130 0.155278
0.163433 0.067049 0.155267
0.163672 0.066958 0.155361
0.163882 0.066877 0.155350
0.164066 0.066806 0.155235
0.164303 0.066716 0.155330
0.164512 0.066635 0.155320
0.164722 0.066555 0.155310
0.164957 0.066466 0.155407
0.165191 0.066377 0.155503
0.165398 0.066297 0.155495
0.165605 0.066217 0.155486
0.165812 0.066138 0.155478
0.166018 0.066059 0.155471
0.166224 0.065980 0.155463
0.166430 0.065901 0.155456
0.166610 0.065830 0.155343
0.166815 0.065752 0.155336
0.166996 0.065682 0.155222
0.167176 0.065611 0.155109
0.167356 0.065541 0.154996
0.167537 0.065471 0.154883
0.167740 0.065393 0.154877
0.167920 0.065323 0.154763
0.168100 0.065252 0.154650
0.168281 0.065182 0.154537
0.168461 0.065112 0.154424
0.168641 0.065042 0.154311
0.168843 0.064964 0.154306
0.169023 0.064894 0.154193
0.169203 0.064824 0.154080
0.169404 0.064747 0.154075
0.169584 0.064677 0.153962
0.169764 0.064607 0.153849
0.169943 0.064537 0.153736
0.170123 0.064467 0.153624
0.170282 0.064404 0.153402
0.170462 0.064334 0.153289
0.170642 0.064264 0.153176
0.170802 0.064201 0.152953
0.170963 0.064137 0.152731
0.171124 0.064073 0.152508
0.171266 0.064016 0.152175
0.171447 0.063945 0.152061
0.171609 0.063881 0.151837
0.171772 0.063817 0.151613
0.156784 0.069331 0.152850
0.157077 0.069221 0.153032
0.157402 0.069100 0.153315
0.157693 0.068991 0.153499
0.157983 0.068882 0.153683
0.158207 0.068796 0.153664
0.158463 0.068699 0.153747
0.158686 0.068614 0.153729
0.158909 0.068528 0.153711
0.159163 0.068432 0.153796
0.159384 0.068347 0.153778
0.159606 0.068262 0.153761
0.159827 0.068178 0.153744
0.160078 0.068083 0.153831
0.160328 0.067988 0.153918
0.160547 0.067904 0.153902
0.160796 0.067810 0.153989
0.161044 0.067716 0.154078
0.161320 0.067612 0.154270
0.161567 0.067519 0.154359
0.161812 0.067426 0.154449
0.162085 0.067324 0.154644
0.162328 0.067232 0.154735
0.162571 0.067140 0.154826
0.162813 0.067049 0.154919
0.163054 0.066958 0.155011
0.163266 0.066876 0.155000
0.163506 0.066786 0.155093
0.163717 0.066705 0.155083
0.163901 0.066633 0.154967
0.164112 0.066553 0.154957
0.164349 0.066463 0.155052
0.164558 0.066383 0.155042
0.164794 0.066294 0.155138
0.165003 0.066214 0.155129
0.165211 0.066134 0.155120
0.165445 0.066046 0.155217
0.165652 0.065967 0.155209
0.165859 0.065887 0.155201
0.166040 0.065817 0.155087
0.166246 0.065738 0.155080
0.166452 0.065659 0.155073
0.166633 0.065589 0.154959
0.166814 0.065518 0.154845
0.167019 0.065440 0.154838
0.167200 0.065369 0.154725
0.167380 0.065299 0.154611
0.167561 0.065229 0.154498
0.167765 0.065151 0.154492
0.167946 0.065080 0.154378
0.168126 0.065010 0.154265
0.168307 0.064940 0.154152
0.168487 0.064869 0.154038
0.168668 0.064799 0.153925
0.168848 0.064729 0.153811
0.169051 0.064651 0.153806
0.169231 0.064581 0.153693
0.169433 0.064504 0.153688
0.169613 0.064434 0.153575
0.169772 0.064371 0.153353
0.169952 0.064300 0.153240
0.170133 0.064230 0.153127
0.170313 0.064160 0.153013
0.170493 0.064090 0.152900
0.170654 0.064026 0.152677
0.170795 0.063968 0.152345
0.170937 0.063910 0.152012
0.171118 0.063840 0.151898
0.171261 0.063781 0.151564
0.171424 0.063717 0.151340
0.157286 0.068899 0.153254
0.157577 0.068790 0.153438
0.157834 0.068693 0.153520
0.158059 0.068607 0.153501
0.158283 0.068521 0.153483
0.158507 0.068436 0.153464
0.158762 0.068340 0.153548
0.158985 0.068255 0.153530
0.159207 0.068170 0.153513
0.159429 0.068085 0.153496
0.159651 0.068000 0.153479
0.159902 0.067906 0.153565
0.160123 0.067821 0.153548
0.160373 0.067727 0.153636
0.160622 0.067633 0.153723
0.160841 0.067550 0.153708
0.161119 0.067447 0.153900
0.161366 0.067354 0.153989
0.161641 0.067251 0.154183
0.161886 0.067159 0.154273
0.162159 0.067058 0.154468
0.162402 0.066966 0.154559
0.162645 0.066875 0.154651
0.162886 0.066784 0.154744
0.163127 0.066694 0.154837
0.163339 0.066613 0.154826
0.163551 0.066532 0.154815
0.163735 0.066460 0.154699
0.163974 0.066371 0.154794
0.164184 0.066290 0.154783
0.164395 0.066210 0.154773
0.164631 0.066121 0.154869
0.164840 0.066041 0.154860
0.165049 0.065962 0.154851
0.165257 0.065882 0.154842
0.165465 0.065803 0.154834
0.165698 0.065715 0.154932
0.165880 0.065645 0.154817
0.166087 0.065566 0.154810
0.166293 0.065487 0.154802
0.166475 0.065416 0.154688
0.166680 0.065338 0.154681
0.166862 0.065267 0.154567
0.167043 0.065197 0.154454
0.167224 0.065126 0.154340
0.167405 0.065056 0.154226
0.167586 0.064985 0.154112
0.167767 0.064915 0.153998
0.167948 0.064844 0.153885
0.168130 0.064774 0.153771
0.168311 0.064703 0.153657
0.168492 0.064633 0.153543
0.168695 0.064555 0.153538
0.168876 0.064485 0.153424
0.169079 0.064407 0.153419
0.169260 0.064337 0.153305
0.169440 0.064267 0.153192
0.169621 0.064196 0.153078
0.169802 0.064126 0.152965
0.169983 0.064056 0.152851
0.170143 0.063991 0.152629
0.170304 0.063927 0.152405
0.170465 0.063863 0.152182
0.170606 0.063805 0.151849
0.170749 0.063746 0.151515
0.170911 0.063681 0.151291
0.171036 0.063628 0.150846
0.157136 0.068708 0.153092
0.157460 0.068589 0.153377
0.157718 0.068493 0.153459
0.157943 0.068407 0.153440
0.158135 0.068332 0.153320
0.158391 0.068236 0.153403
0.158583 0.068162 0.153283
0.158806 0.068077 0.153265
0.159029 0.067992 0.153247
0.159252 0.067907 0.153230
0.159474 0.067822 0.153213
0.159695 0.067738 0.153196
0.159947 0.067644 0.153282
0.160168 0.067560 0.153266
0.160418 0.067466 0.153353
0.160638 0.067382 0.153337
0.160916 0.067280 0.153529
0.161164 0.067187 0.153618
0.161440 0.067085 0.153812
0.161686 0.066993 0.153902
0.161960 0.066892 0.154096
0.162204 0.066801 0.154188
0.162476 0.066701 0.154384
0.162718 0.066610 0.154476
0.162960 0.066520 0.154569
0.163172 0.066439 0.154558
0.163385 0.066358 0.154547
0.163569 0.066286 0.154431
0.163781 0.066206 0.154420
0.164020 0.066116 0.154515
0.164230 0.066036 0.154504
0.164467 0.065948 0.154600
0.164677 0.065868 0.154591
0.164886 0.065788 0.154582
0.165095 0.065709 0.154573
0.165304 0.065630 0.154564
0.165512 0.065550 0.154555
0.165720 0.065471 0.154547
0.165927 0.065393 0.154539
0.166134 0.065314 0.154532
0.166316 0.065243 0.154417
0.166522 0.065165 0.154410
0.166704 0.065094 0.154296
0.166885 0.065023 0.154182
0.167067 0.064953 0.154068
0.167248 0.064882 0.153954
0.167430 0.064811 0.153840
0.167611 0.064741 0.153726
0.167793 0.064670 0.153612
0.167975 0.064599 0.153498
0.168156 0.064529 0.153384
0.168338 0.064458 0.153270
0.168542 0.064380 0.153264
0.168723 0.064310 0.153150
0.168926 0.064233 0.153145
0.169107 0.064162 0.153031
0.169288 0.064092 0.152917
0.169470 0.064021 0.152803
0.169651 0.063950 0.152690
0.169832 0.063880 0.152576
0.169972 0.063822 0.152243
0.170133 0.063757 0.152020
0.170274 0.063698 0.151686
0.170417 0.063639 0.151353
0.170560 0.063580 0.151018
0.170684 0.063526 0.150573
0.157311 0.068399 0.153214
0.157569 0.068303 0.153297
0.157795 0.068218 0.153278
0.157987 0.068143 0.153157
0.158211 0.068058 0.153138
0.158435 0.067972 0.153120
0.158659 0.067888 0.153102
0.158882 0.067803 0.153084
0.159105 0.067718 0.153067
0.159297 0.067644 0.152946
0.159519 0.067559 0.152929
0.159771 0.067465 0.153015
0.159992 0.067381 0.152999
0.160243 0.067288 0.153086
0.160463 0.067204 0.153070
0.160713 0.067111 0.153158
0.160962 0.067019 0.153247
0.161239 0.066917 0.153440
0.161515 0.066816 0.153634
0.161760 0.066725 0.153725
0.162034 0.066625 0.153920
0.162278 0.066534 0.154012
0.162521 0.066444 0.154104
0.162764 0.066354 0.154196
0.163005 0.066264 0.154289
0.163218 0.066183 0.154278
0.163458 0.066094 0.154372
0.163643 0.066022 0.154256
0.163854 0.065942 0.154246
0.164066 0.065862 0.154235
0.164303 0.065774 0.154331
0.164514 0.065694 0.154321
0.164724 0.065614 0.154312
0.164959 0.065527 0.154409
0.165142 0.065456 0.154294
0.165351 0.065376 0.154285
0.165559 0.065297 0.154277
0.165767 0.065219 0.154269
0.165949 0.065148 0.154154
0.166156 0.065069 0.154146
0.166339 0.064998 0.154032
0.166521 0.064927 0.153917
0.166727 0.064849 0.153910
0.166909 0.064778 0.153796
0.167091 0.064707 0.153682
0.167273 0.064637 0.153567
0.167455 0.064566 0.153453
0.167614 0.064502 0.153231
0.167796 0.064431 0.153116
0.168001 0.064353 0.153110
0.168183 0.064282 0.152996
0.168387 0.064205 0.152990
0.168569 0.064134 0.152876
0.168751 0.064063 0.152762
0.168954 0.063986 0.152756
0.169136 0.063916 0.152642
0.169318 0.063845 0.152528
0.169499 0.063774 0.152414
0.169660 0.063710 0.152191
0.169800 0.063651 0.151858
0.169941 0.063591 0.151524
0.170083 0.063532 0.151190
0.170206 0.063478 0.150746
0.157162 0.068209 0.153051
0.157420 0.068113 0.153134
0.157646 0.068028 0.153115
0.157838 0.067953 0.152994
0.158063 0.067868 0.152975
0.158288 0.067783 0.152957
0.158512 0.067698 0.152939
0.158704 0.067623 0.152818
0.158958 0.067529 0.152903
0.159150 0.067454 0.152783
0.159372 0.067370 0.152766
0.159595 0.067286 0.152749
0.159816 0.067202 0.152732
0.160068 0.067109 0.152819
0.160289 0.067025 0.152803
0.160539 0.066933 0.152891
0.160788 0.066840 0.152979
0.161037 0.066749 0.153069
0.161313 0.066648 0.153262
0.161589 0.066548 0.153457
0.161835 0.066457 0.153548
0.162108 0.066358 0.153743
0.162352 0.066268 0.153835
0.162595 0.066178 0.153928
0.162837 0.066088 0.154021
0.163051 0.066008 0.154009
0.163264 0.065927 0.153998
0.163449 0.065855 0.153882
0.163689 0.065766 0.153976
0.163901 0.065686 0.153966
0.164139 0.065598 0.154061
0.164350 0.065519 0.154051
0.164560 0.065439 0.154042
0.164770 0.065360 0.154033
0.164980 0.065281 0.154023
0.165189 0.065202 0.154015
0.165398 0.065123 0.154006
0.165606 0.065044 0.153998
0.165789 0.064973 0.153883
0.165997 0.064894 0.153875
0.166179 0.064823 0.153760
0.166362 0.064752 0.153646
0.166544 0.064681 0.153531
0.166727 0.064610 0.153416
0.166933 0.064532 0.153409
0.167116 0.064461 0.153295
0.167275 0.064397 0.153072
0.167457 0.064326 0.152957
0.167663 0.064248 0.152951
0.167845 0.064177 0.152836
0.168028 0.064106 0.152722
0.168210 0.064035 0.152607
0.168415 0.063958 0.152601
0.168597 0.063887 0.152487
0.168779 0.063816 0.152372
0.168961 0.063745 0.152258
0.169144 0.063674 0.152143
0.169305 0.063609 0.151920
0.169466 0.063544 0.151696
0.169586 0.063490 0.151253
0.169707 0.063435 0.150809
0.169850 0.063375 0.150474
0.157304 0.067913 0.153073
0.157497 0.067837 0.152952
0.157722 0.067752 0.152933
0.157947 0.067667 0.152914
0.158140 0.067593 0.152793
0.158332 0.067518 0.152672
0.158588 0.067423 0.152757
0.158780 0.067349 0.152637
0.159003 0.067264 0.152619
0.159226 0.067180 0.152602
0.159448 0.067096 0.152585
0.159670 0.067013 0.152568
0.159892 0.066929 0.152552
0.160143 0.066836 0.152639
0.160364 0.066753 0.152623
0.160614 0.066661 0.152712
0.160863 0.066570 0.152801
0.161141 0.066469 0.152994
0.161388 0.066378 0.153084
0.161664 0.066279 0.153279
0.161938 0.066180 0.153475
0.162182 0.066091 0.153567
0.162426 0.066001 0.153659
0.162669 0.065912 0.153752
0.162883 0.065831 0.153741
0.163124 0.065742 0.153834
0.163310 0.065670 0.153718
0.163522 0.065590 0.153707
0.163735 0.065510 0.153696
0.163974 0.065422 0.153792
0.164185 0.065343 0.153782
0.164396 0.065263 0.153772
0.164607 0.065184 0.153762
0.164817 0.065105 0.153753
0.165026 0.065026 0.153744
0.165236 0.064947 0.153735
0.165419 0.064876 0.153620
0.165628 0.064797 0.153611
0.165836 0.064719 0.153603
0.166019 0.064647 0.153488
0.166202 0.064576 0.153373
0.166410 0.064498 0.153366
0.166592 0.064427 0.153251
0.166775 0.064356 0.153136
0.166934 0.064291 0.152914
0.167117 0.064220 0.152799
0.167300 0.064149 0.152684
0.167483 0.064077 0.152569
0.167666 0.064006 0.152454
0.167849 0.063935 0.152339
0.168055 0.063857 0.152333
0.168238 0.063786 0.152218
0.168420 0.063715 0.152103
0.168603 0.063644 0.151988
0.168764 0.063579 0.151764
0.168947 0.063507 0.151649
0.169130 0.063436 0.151534
0.169229 0.063387 0.150982
0.169329 0.063338 0.150428
0.157381 0.067637 0.152891
0.157573 0.067562 0.152770
0.157766 0.067487 0.152648
0.157991 0.067402 0.152630
0.158216 0.067317 0.152612
0.158408 0.067243 0.152491
0.158632 0.067158 0.152473
0.158856 0.067074 0.152455
0.159079 0.066990 0.152438
0.159302 0.066906 0.152421
0.159524 0.066823 0.152404
0.159746 0.066739 0.152388
0.159968 0.066656 0.152371
0.160219 0.066564 0.152459
0.160469 0.066472 0.152548
0.160689 0.066390 0.152532
0.160968 0.066290 0.152726
0.161216 0.066199 0.152816
0.161492 0.066100 0.153011
0.161738 0.066010 0.153102
0.162012 0.065913 0.153298
0.162256 0.065823 0.153391
0.162472 0.065742 0.153378
0.162714 0.065654 0.153471
0.162929 0.065573 0.153460
0.163115 0.065501 0.153343
0.163356 0.065413 0.153437
0.163596 0.065325 0.153532
0.163808 0.065246 0.153521
0.164020 0.065166 0.153511
0.164232 0.065087 0.153501
0.164443 0.065007 0.153492
0.164653 0.064928 0.153482
0.164864 0.064849 0.153473
0.165073 0.064770 0.153464
0.165283 0.064692 0.153455
0.165467 0.064620 0.153340
0.165675 0.064542 0.153331
0.165859 0.064471 0.153216
0.166042 0.064399 0.153101
0.166226 0.064328 0.152986
0.166409 0.064256 0.152871
0.166592 0.064185 0.152755
0.166776 0.064114 0.152640
0.166959 0.064042 0.152525
0.167143 0.063971 0.152410
0.167326 0.063899 0.152295
0.167509 0.063828 0.152179
0.167693 0.063757 0.152064
0.167876 0.063685 0.151949
0.168060 0.063614 0.151834
0.168221 0.063548 0.151610
0.168382 0.063482 0.151386
0.168544 0.063416 0.151161
0.168685 0.063356 0.150827
0.168826 0.063295 0.150493
0.168947 0.063239 0.150048
0.157231 0.067446 0.152727
0.157457 0.067361 0.152709
0.157650 0.067286 0.152587
0.157875 0.067202 0.152569
0.158068 0.067127 0.152448
0.158292 0.067042 0.152430
0.158485 0.066967 0.152309
0.158709 0.066883 0.152291
0.158932 0.066800 0.152274
0.159155 0.066716 0.152257
0.159378 0.066632 0.152240
0.159600 0.066549 0.152223
0.159822 0.066466 0.152207
0.160074 0.066374 0.152295
0.160295 0.066291 0.152279
0.160545 0.066200 0.152368
0.160794 0.066110 0.152457
0.161072 0.066011 0.152652
0.161320 0.065921 0.152742
0.161567 0.065831 0.152833
0.161813 0.065742 0.152924
0.162058 0.065653 0.153016
0.162302 0.065564 0.153109
0.162546 0.065476 0.153202
0.162760 0.065395 0.153190
0.162947 0.065323 0.153073
0.163189 0.065235 0.153167
0.163402 0.065155 0.153156
0.163642 0.065068 0.153251
0.163855 0.064988 0.153241
0.164067 0.064909 0.153231
0.164305 0.064823 0.153327
0.164489 0.064751 0.153211
0.164700 0.064672 0.153202
0.164911 0.064593 0.153192
0.165095 0.064521 0.153077
0.165305 0.064443 0.153068
0.165514 0.064365 0.153059
0.165698 0.064293 0.152944
0.165882 0.064221 0.152828
0.166065 0.064150 0.152713
0.166249 0.064078 0.152598
0.166433 0.064007 0.152482
0.166617 0.063935 0.152367
0.166801 0.063864 0.152251
0.166985 0.063792 0.152136
0.167168 0.063720 0.152020
0.167352 0.063649 0.151905
0.167513 0.063583 0.151681
0.167697 0.063511 0.151565
0.167858 0.063445 0.151341
0.168020 0.063379 0.151116
0.168182 0.063313 0.150891
0.168323 0.063252 0.150557
0.168464 0.063190 0.150222
0.157341 0.067161 0.152648
0.157533 0.067085 0.152526
0.157726 0.067010 0.152405
0.157951 0.066926 0.152387
0.158144 0.066851 0.152266
0.158368 0.066767 0.152248
0.158593 0.066684 0.152231
0.158816 0.066600 0.152213
0.159039 0.066516 0.152196
0.159262 0.066433 0.152179
0.159485 0.066350 0.152163
0.159707 0.066267 0.152147
0.159928 0.066184 0.152131
0.160149 0.066102 0.152115
0.160400 0.066011 0.152204
0.160650 0.065920 0.152293
0.160899 0.065830 0.152383
0.161147 0.065741 0.152473
0.161395 0.065651 0.152564
0.161641 0.065562 0.152655
0.161887 0.065473 0.152747
0.162132 0.065385 0.152839
0.162348 0.065304 0.152827
0.162592 0.065216 0.152920
0.162778 0.065143 0.152803
0.163021 0.065056 0.152897
0.163262 0.064969 0.152991
0.163476 0.064889 0.152981
0.163689 0.064810 0.152970
0.163928 0.064723 0.153066
0.164113 0.064651 0.152949
0.164325 0.064572 0.152940
0.164536 0.064494 0.152930
0.164747 0.064415 0.152921
0.164932 0.064343 0.152805
0.165142 0.064265 0.152796
0.165327 0.064193 0.152680
0.165536 0.064115 0.152671
0.165721 0.064043 0.152556
0.165905 0.063971 0.152440
0.166089 0.063899 0.152324
0.166273 0.063828 0.152208
0.166458 0.063756 0.152093
0.166642 0.063684 0.151977
0.166802 0.063618 0.151753
0.166987 0.063546 0.151637
0.167171 0.063475 0.151521
0.167332 0.063408 0.151297
0.167494 0.063342 0.151072
0.167656 0.063276 0.150847
0.167819 0.063209 0.150622
0.157417 0.066885 0.152466
0.157610 0.066810 0.152344
0.157803 0.066735 0.152223
0.158028 0.066651 0.152205
0.158252 0.066567 0.152187
0.158445 0.066492 0.152067
0.158700 0.066400 0.152153
0.158892 0.066325 0.152032
0.159115 0.066242 0.152015
0.159338 0.066159 0.151999
0.159561 0.066076 0.151982
0.159813 0.065986 0.152070
0.160004 0.065911 0.151950
0.160255 0.065821 0.152039
0.160505 0.065731 0.152128
0.160725 0.065649 0.152113
0.160974 0.065559 0.152204
0.161222 0.065470 0.152294
0.161470 0.065381 0.152386
0.161716 0.065293 0.152477
0.161962 0.065205 0.152570
0.162207 0.065117 0.152662
0.162422 0.065036 0.152650
0.162610 0.064963 0.152532
0.162853 0.064876 0.152626
0.163067 0.064796 0.152615
0.163309 0.064710 0.152710
0.163522 0.064630 0.152699
0.163735 0.064551 0.152688
0.163948 0.064472 0.152678
0.164160 0.064393 0.152668
0.164372 0.064314 0.152658
0.164584 0.064236 0.152649
0.164769 0.064164 0.152532
0.164954 0.064092 0.152416
0.165164 0.064013 0.152407
0.165349 0.063941 0.152291
0.165559 0.063863 0.152282
0.165744 0.063791 0.152166
0.165928 0.063720 0.152050
0.166113 0.063648 0.151934
0.166298 0.063576 0.151818
0.166458 0.063510 0.151594
0.166643 0.063438 0.151478
0.166804 0.063371 0.151254
0.166989 0.063299 0.151138
0.167151 0.063232 0.150913
0.167313 0.063166 0.150688
0.167453 0.063104 0.150353
0.157494 0.066609 0.152283
0.157686 0.066534 0.152162
0.157912 0.066450 0.152144
0.158136 0.066367 0.152127
0.158329 0.066292 0.152006
0.158553 0.066209 0.151988
0.158776 0.066126 0.151971
0.159000 0.066043 0.151955
0.159223 0.065960 0.151938
0.159414 0.065885 0.151818
0.159636 0.065803 0.151801
0.159889 0.065712 0.151890
0.160110 0.065630 0.151874
0.160331 0.065548 0.151859
0.160581 0.065459 0.151949
0.160801 0.065377 0.151934
0.161049 0.065288 0.152025
0.161297 0.065200 0.152116
0.161544 0.065112 0.152207
0.161791 0.065024 0.152299
0.162008 0.064943 0.152287
0.162253 0.064856 0.152380
0.162440 0.064783 0.152262
0.162684 0.064696 0.152356
0.162899 0.064616 0.152344
0.163141 0.064530 0.152439
0.163355 0.064450 0.152428
0.163569 0.064371 0.152417
0.163782 0.064292 0.152406
0.163995 0.064213 0.152396
0.164207 0.064134 0.152386
0.164419 0.064056 0.152376
0.164605 0.063984 0.152260
0.164816 0.063905 0.152250
0.165001 0.063833 0.152134
0.165187 0.063761 0.152018
0.165397 0.063683 0.152009
0.165582 0.063611 0.151893
0.165767 0.063539 0.151776
0.165952 0.063467 0.151660
0.166113 0.063400 0.151436
0.166298 0.063328 0.151320
0.166483 0.063256 0.151203
0.166645 0.063189 0.150978
0.166807 0.063122 0.150753
0.166969 0.063055 0.150528
0.167108 0.062993 0.150194
0.157570 0.066334 0.152101
0.157763 0.066258 0.151980
0.157988 0.066175 0.151962
0.158181 0.066100 0.151841
0.158405 0.066017 0.151824
0.158629 0.065934 0.151807
0.158853 0.065851 0.151790
0.159076 0.065768 0.151773
0.159299 0.065686 0.151757
0.159521 0.065604 0.151741
0.159743 0.065521 0.151725
0.159964 0.065439 0.151709
0.160216 0.065350 0.151799
0.160436 0.065268 0.151784
0.160656 0.065187 0.151769
0.160906 0.065098 0.151860
0.161125 0.065017 0.151846
0.161372 0.064929 0.151937
0.161619 0.064842 0.152029
0.161837 0.064761 0.152016
0.162082 0.064674 0.152109
0.162270 0.064601 0.151991
0.162515 0.064514 0.152084
0.162730 0.064435 0.152073
0.162973 0.064348 0.152167
0.163188 0.064269 0.152156
0.163402 0.064190 0.152145
0.163616 0.064111 0.152134
0.163829 0.064032 0.152124
0.164042 0.063954 0.152114
0.164254 0.063875 0.152104
0.164440 0.063803 0.151987
0.164652 0.063724 0.151978
0.164838 0.063652 0.151861
0.165049 0.063574 0.151852
0.165235 0.063502 0.151735
0.165420 0.063430 0.151619
0.165606 0.063357 0.151502
0.165791 0.063285 0.151386
0.165976 0.063213 0.151269
0.166138 0.063146 0.151045
0.166299 0.063079 0.150820
0.166485 0.063007 0.150703
0.166647 0.062939 0.150477
0.157646 0.066058 0.151919
0.157839 0.065983 0.151798
0.158064 0.065900 0.151781
0.158257 0.065825 0.151660
0.158481 0.065742 0.151642
0.158705 0.065659 0.151625
0.158929 0.065577 0.151609
0.159121 0.065502 0.151488
0.159344 0.065420 0.151472
0.159566 0.065337 0.151456
0.159788 0.065255 0.151440
0.160040 0.065166 0.151529
0.160291 0.065078 0.151619
0.160512 0.064996 0.151604
0.160732 0.064915 0.151590
0.160981 0.064827 0.151680
0.161229 0.064739 0.151772
0.161447 0.064659 0.151759
0.161694 0.064572 0.151851
0.161940 0.064485 0.151944
0.162128 0.064412 0.151826
0.162345 0.064332 0.151813
0.162561 0.064252 0.151801
0.162805 0.064166 0.151896
0.163020 0.064087 0.151884
0.163234 0.064008 0.151873
0.163449 0.063929 0.151862
0.163663 0.063850 0.151852
0.163876 0.063772 0.151841
0.164089 0.063693 0.151831
0.164302 0.063615 0.151821
0.164488 0.063543 0.151704
0.164674 0.063470 0.151587
0.164886 0.063392 0.151578
0.165072 0.063320 0.151461
0.165258 0.063248 0.151345
0.165443 0.063175 0.151228
0.165629 0.063103 0.151111
0.165815 0.063030 0.150994
0.165977 0.062963 0.150769
0.166163 0.062891 0.150652
0.166325 0.062823 0.150427
0.157723 0.065782 0.151737
0.157916 0.065707 0.151616
0.158109 0.065632 0.151495
0.158333 0.065549 0.151478
0.158558 0.065467 0.151461
0.158750 0.065392 0.151340
0.158974 0.065310 0.151323
0.159197 0.065227 0.151307
0.159451 0.065138 0.151395
0.159673 0.065056 0.151379
0.159925 0.064968 0.151469
0.160116 0.064893 0.151349
0.160367 0.064805 0.151439
0.160617 0.064717 0.151529
0.160837 0.064637 0.151515
0.161056 0.064556 0.151501
0.161304 0.064469 0.151593
0.161551 0.064382 0.151686
0.161769 0.064302 0.151673
0.161958 0.064229 0.151554
0.162203 0.064143 0.151648
0.162420 0.064063 0.151636
0.162636 0.063984 0.151624
0.162879 0.063898 0.151719
0.163067 0.063825 0.151601
0.163281 0.063747 0.151590
0.163523 0.063662 0.151686
0.163710 0.063589 0.151568
0.163923 0.063511 0.151558
0.164110 0.063438 0.151441
0.164323 0.063360 0.151431
0.164510 0.063287 0.151314
0.164722 0.063210 0.151304
0.164908 0.063137 0.151187
0.165120 0.063059 0.151178
0.165306 0.062987 0.151061
0.165467 0.062919 0.150836
0.165653 0.062847 0.150719
0.165815 0.062779 0.150494
0.165977 0.062711 0.150268
0.157992 0.065431 0.151434
0.158185 0.065356 0.151313
0.158378 0.065281 0.151192
0.158602 0.065199 0.151175
0.158826 0.065117 0.151158
0.159019 0.065042 0.151037
0.159273 0.064953 0.151125
0.159496 0.064871 0.151110
0.159749 0.064783 0.151199
0.159940 0.064708 0.151078
0.160192 0.064620 0.151168
0.160442 0.064533 0.151259
0.160692 0.064445 0.151350
0.160912 0.064365 0.151336
0.161161 0.064278 0.151428
0.161379 0.064198 0.151414
0.161626 0.064112 0.151507
0.161815 0.064038 0.151388
0.162033 0.063959 0.151376
0.162278 0.063873 0.151470
0.162494 0.063794 0.151458
0.162710 0.063715 0.151446
0.162926 0.063636 0.151435
0.163141 0.063557 0.151424
0.163356 0.063479 0.151413
0.163543 0.063406 0.151295
0.163757 0.063328 0.151285
0.163971 0.063249 0.151274
0.164158 0.063177 0.151157
0.164371 0.063099 0.151147
0.164557 0.063026 0.151030
0.164744 0.062953 0.150913
0.164931 0.062881 0.150795
0.165118 0.062808 0.150678
0.165304 0.062735 0.150561
0.165491 0.062663 0.150444
0.165653 0.062594 0.150218
0.158037 0.065163 0.151148
0.158230 0.065088 0.151027
0.158454 0.065006 0.151010
0.158679 0.064924 0.150993
0.158871 0.064849 0.150872
0.159095 0.064767 0.150855
0.159349 0.064678 0.150944
0.159541 0.064604 0.150824
0.159794 0.064516 0.150913
0.160046 0.064428 0.151003
0.160267 0.064347 0.150988
0.160518 0.064260 0.151079
0.160768 0.064174 0.151170
0.160987 0.064093 0.151156
0.161236 0.064007 0.151249
0.161483 0.063921 0.151342
0.161672 0.063848 0.151223
0.161890 0.063768 0.151210
0.162107 0.063689 0.151198
0.162353 0.063604 0.151292
0.162541 0.063531 0.151174
0.162785 0.063446 0.151269
0.162973 0.063373 0.151151
0.163188 0.063295 0.151140
0.163403 0.063216 0.151129
0.163617 0.063138 0.151118
0.163805 0.063065 0.151001
0.163992 0.062992 0.150883
0.164179 0.062919 0.150765
0.164393 0.062842 0.150755
0.164580 0.062769 0.150638
0.164767 0.062696 0.150520
0.164954 0.062623 0.150403
0.165141 0.062550 0.150285
0.165303 0.062482 0.150059
0.158306 0.064812 0.150844
0.158499 0.064737 0.150723
0.158724 0.064655 0.150706
0.158979 0.064567 0.150795
0.159171 0.064492 0.150674
0.159425 0.064404 0.150763
0.159678 0.064316 0.150852
0.159900 0.064235 0.150837
0.160152 0.064149 0.150928
0.160373 0.064068 0.150913
0.160623 0.063982 0.151005
0.160873 0.063896 0.151096
0.161121 0.063810 0.151189
0.161340 0.063730 0.151176
0.161558 0.063651 0.151163
0.161747 0.063577 0.151044
0.161994 0.063493 0.151138
0.162211 0.063414 0.151126
0.162399 0.063340 0.151008
0.162616 0.063262 0.150996
0.162832 0.063183 0.150984
0.163047 0.063105 0.150973
0.163235 0.063031 0.150855
0.163450 0.062953 0.150845
0.163665 0.062875 0.150834
0.163852 0.062802 0.150716
0.164040 0.062729 0.150598
0.164227 0.062656 0.150481
0.164415 0.062583 0.150363
0.164602 0.062510 0.150245
0.164790 0.062437 0.150127
0.158544 0.064467 0.150436
0.158800 0.064379 0.150524
0.159055 0.064291 0.150613
0.159279 0.064210 0.150597
0.159532 0.064123 0.150687
0.159754 0.064042 0.150671
0.160007 0.063956 0.150762
0.160228 0.063876 0.150747
0.160479 0.063790 0.150839
0.160728 0.063704 0.150931
0.160977 0.063619 0.151023
0.161196 0.063539 0.151010
0.161444 0.063454 0.151103
0.161633 0.063381 0.150984
0.161851 0.063302 0.150972
0.162040 0.063228 0.150853
0.162285 0.063144 0.150948
0.162474 0.063071 0.150830
0.162690 0.062992 0.150818
0.162906 0.062914 0.150807
0.163094 0.062841 0.150689
0.163310 0.062763 0.150678
0.163498 0.062690 0.150560
0.163685 0.062616 0.150442
0.163873 0.062543 0.150324
0.164061 0.062470 0.150206
0.164249 0.062397 0.150088
0.164411 0.062328 0.149862
0.158908 0.064097 0.150447
0.159163 0.064010 0.150536
0.159386 0.063930 0.150521
0.159639 0.063843 0.150611
0.159861 0.063763 0.150596
0.160113 0.063677 0.150687
0.160334 0.063597 0.150673
0.160584 0.063512 0.150765
0.160833 0.063427 0.150857
0.161053 0.063347 0.150844
0.161272 0.063268 0.150831
0.161461 0.063194 0.150712
0.161708 0.063110 0.150806
0.161926 0.063032 0.150794
0.162143 0.062953 0.150782
0.162360 0.062875 0.150770
0.162549 0.062801 0.150652
0.162765 0.062723 0.150640
0.162953 0.062650 0.150522
0.163142 0.062576 0.150404
0.163330 0.062503 0.150285
0.163518 0.062430 0.150167
0.163707 0.062356 0.150049
0.163868 0.062287 0.149823
0.159492 0.063649 0.150445
0.159715 0.063569 0.150430
0.159967 0.063484 0.150521
0.160188 0.063404 0.150507
0.160439 0.063319 0.150598
0.160689 0.063234 0.150691
0.160909 0.063155 0.150678
0.161157 0.063071 0.150771
0.161347 0.062997 0.150652
0.161565 0.062918 0.150639
0.161783 0.062840 0.150627
0.161972 0.062766 0.150508
0.162190 0.062688 0.150496
0.162379 0.062614 0.150378
0.162568 0.062541 0.150259
0.162784 0.062463 0.150248
0.162973 0.062389 0.150129
0.163162 0.062316 0.150011
0.163351 0.062242 0.149892
0.160234 0.063136 0.150220
0.160485 0.063051 0.150312
0.160764 0.062962 0.150511
0.160984 0.062883 0.150498
0.161174 0.062809 0.150379
0.161393 0.062731 0.150366
0.161612 0.062652 0.150354
0.161801 0.062578 0.150235
0.162019 0.062500 0.150223
0.162208 0.062426 0.150104
0.162426 0.062348 0.150092
0.162615 0.062275 0.149973
0.162804 0.062201 0.149854
0.162993 0.062128 0.149736
