[0.182s] [34mcolcon[0m [1;30mDEBUG[0m [32mCommand line arguments: ['/usr/bin/colcon', 'build', '--symlink-install'][0m
[0.183s] [34mcolcon[0m [1;30mDEBUG[0m [32mParsed command line arguments: Namespace(log_base=None, log_level=None, verb_name='build', build_base='build', install_base='install', merge_install=False, symlink_install=True, test_result_base=None, continue_on_error=False, executor='parallel', parallel_workers=4, event_handlers=None, ignore_user_meta=False, metas=['./colcon.meta'], base_paths=['.'], packages_ignore=None, packages_ignore_regex=None, paths=None, packages_up_to=None, packages_up_to_regex=None, packages_above=None, packages_above_and_dependencies=None, packages_above_depth=None, packages_select_by_dep=None, packages_skip_by_dep=None, packages_skip_up_to=None, packages_select_build_failed=False, packages_skip_build_finished=False, packages_select_test_failures=False, packages_skip_test_passed=False, packages_select=None, packages_skip=None, packages_select_regex=None, packages_skip_regex=None, packages_start=None, packages_end=None, allow_overriding=[], cmake_args=None, cmake_target=None, cmake_target_skip_unavailable=False, cmake_clean_cache=False, cmake_clean_first=False, cmake_force_configure=False, ament_cmake_args=None, catkin_cmake_args=None, catkin_skip_building_tests=False, mixin_files=None, mixin=None, verb_parser=<colcon_mixin.mixin.mixin_argument.MixinArgumentDecorator object at 0x722a0072b6d0>, verb_extension=<colcon_core.verb.build.BuildVerb object at 0x722a0086c6d0>, main=<bound method BuildVerb.main of <colcon_core.verb.build.BuildVerb object at 0x722a0086c6d0>>, mixin_verb=('build',))[0m
[0.428s] [34mcolcon.colcon_core.package_discovery[0m [1;30mLevel 1[0m discover_packages(colcon_meta) check parameters
[0.429s] [34mcolcon.colcon_core.package_discovery[0m [1;30mLevel 1[0m discover_packages(recursive) check parameters
[0.429s] [34mcolcon.colcon_core.package_discovery[0m [1;30mLevel 1[0m discover_packages(ignore) check parameters
[0.429s] [34mcolcon.colcon_core.package_discovery[0m [1;30mLevel 1[0m discover_packages(path) check parameters
[0.429s] [34mcolcon.colcon_core.package_discovery[0m [1;30mLevel 1[0m discover_packages(colcon_meta) discover
[0.429s] [34mcolcon.colcon_core.package_discovery[0m [1;30mLevel 1[0m discover_packages(recursive) discover
[0.429s] [34mcolcon.colcon_core.package_discovery[0m [1;30mINFO[0m Crawling recursively for packages in '/home/parallels/Forschsemrep/strawberry_ws'
[0.430s] [34mcolcon.colcon_core.package_identification[0m [1;30mLevel 1[0m _identify(.) by extensions ['ignore', 'ignore_ament_install']
[0.430s] [34mcolcon.colcon_core.package_identification[0m [1;30mLevel 1[0m _identify(.) by extension 'ignore'
[0.430s] [34mcolcon.colcon_core.package_identification[0m [1;30mLevel 1[0m _identify(.) by extension 'ignore_ament_install'
[0.430s] [34mcolcon.colcon_core.package_identification[0m [1;30mLevel 1[0m _identify(.) by extensions ['colcon_pkg']
[0.430s] [34mcolcon.colcon_core.package_identification[0m [1;30mLevel 1[0m _identify(.) by extension 'colcon_pkg'
[0.430s] [34mcolcon.colcon_core.package_identification[0m [1;30mLevel 1[0m _identify(.) by extensions ['colcon_meta']
[0.430s] [34mcolcon.colcon_core.package_identification[0m [1;30mLevel 1[0m _identify(.) by extension 'colcon_meta'
[0.430s] [34mcolcon.colcon_core.package_identification[0m [1;30mLevel 1[0m _identify(.) by extensions ['ros']
[0.430s] [34mcolcon.colcon_core.package_identification[0m [1;30mLevel 1[0m _identify(.) by extension 'ros'
[0.457s] [34mcolcon.colcon_core.package_identification[0m [1;30mLevel 1[0m _identify(.) by extensions ['cmake', 'python']
[0.458s] [34mcolcon.colcon_core.package_identification[0m [1;30mLevel 1[0m _identify(.) by extension 'cmake'
[0.458s] [34mcolcon.colcon_core.package_identification[0m [1;30mLevel 1[0m _identify(.) by extension 'python'
[0.458s] [34mcolcon.colcon_core.package_identification[0m [1;30mLevel 1[0m _identify(.) by extensions ['python_setup_py']
[0.458s] [34mcolcon.colcon_core.package_identification[0m [1;30mLevel 1[0m _identify(.) by extension 'python_setup_py'
[0.458s] [34mcolcon.colcon_core.package_identification[0m [1;30mLevel 1[0m _identify(build) by extensions ['ignore', 'ignore_ament_install']
[0.458s] [34mcolcon.colcon_core.package_identification[0m [1;30mLevel 1[0m _identify(build) by extension 'ignore'
[0.458s] [34mcolcon.colcon_core.package_identification[0m [1;30mLevel 1[0m _identify(build) ignored
[0.458s] [34mcolcon.colcon_core.package_identification[0m [1;30mLevel 1[0m _identify(data) by extensions ['ignore', 'ignore_ament_install']
[0.459s] [34mcolcon.colcon_core.package_identification[0m [1;30mLevel 1[0m _identify(data) by extension 'ignore'
[0.459s] [34mcolcon.colcon_core.package_identification[0m [1;30mLevel 1[0m _identify(data) by extension 'ignore_ament_install'
[0.459s] [34mcolcon.colcon_core.package_identification[0m [1;30mLevel 1[0m _identify(data) by extensions ['colcon_pkg']
[0.459s] [34mcolcon.colcon_core.package_identification[0m [1;30mLevel 1[0m _identify(data) by extension 'colcon_pkg'
[0.459s] [34mcolcon.colcon_core.package_identification[0m [1;30mLevel 1[0m _identify(data) by extensions ['colcon_meta']
[0.459s] [34mcolcon.colcon_core.package_identification[0m [1;30mLevel 1[0m _identify(data) by extension 'colcon_meta'
[0.459s] [34mcolcon.colcon_core.package_identification[0m [1;30mLevel 1[0m _identify(data) by extensions ['ros']
[0.459s] [34mcolcon.colcon_core.package_identification[0m [1;30mLevel 1[0m _identify(data) by extension 'ros'
[0.459s] [34mcolcon.colcon_core.package_identification[0m [1;30mLevel 1[0m _identify(data) by extensions ['cmake', 'python']
[0.459s] [34mcolcon.colcon_core.package_identification[0m [1;30mLevel 1[0m _identify(data) by extension 'cmake'
[0.459s] [34mcolcon.colcon_core.package_identification[0m [1;30mLevel 1[0m _identify(data) by extension 'python'
[0.459s] [34mcolcon.colcon_core.package_identification[0m [1;30mLevel 1[0m _identify(data) by extensions ['python_setup_py']
[0.459s] [34mcolcon.colcon_core.package_identification[0m [1;30mLevel 1[0m _identify(data) by extension 'python_setup_py'
[0.459s] [34mcolcon.colcon_core.package_identification[0m [1;30mLevel 1[0m _identify(data/backup) by extensions ['ignore', 'ignore_ament_install']
[0.460s] [34mcolcon.colcon_core.package_identification[0m [1;30mLevel 1[0m _identify(data/backup) by extension 'ignore'
[0.460s] [34mcolcon.colcon_core.package_identification[0m [1;30mLevel 1[0m _identify(data/backup) by extension 'ignore_ament_install'
[0.460s] [34mcolcon.colcon_core.package_identification[0m [1;30mLevel 1[0m _identify(data/backup) by extensions ['colcon_pkg']
[0.460s] [34mcolcon.colcon_core.package_identification[0m [1;30mLevel 1[0m _identify(data/backup) by extension 'colcon_pkg'
[0.460s] [34mcolcon.colcon_core.package_identification[0m [1;30mLevel 1[0m _identify(data/backup) by extensions ['colcon_meta']
[0.460s] [34mcolcon.colcon_core.package_identification[0m [1;30mLevel 1[0m _identify(data/backup) by extension 'colcon_meta'
[0.460s] [34mcolcon.colcon_core.package_identification[0m [1;30mLevel 1[0m _identify(data/backup) by extensions ['ros']
[0.460s] [34mcolcon.colcon_core.package_identification[0m [1;30mLevel 1[0m _identify(data/backup) by extension 'ros'
[0.460s] [34mcolcon.colcon_core.package_identification[0m [1;30mLevel 1[0m _identify(data/backup) by extensions ['cmake', 'python']
[0.460s] [34mcolcon.colcon_core.package_identification[0m [1;30mLevel 1[0m _identify(data/backup) by extension 'cmake'
[0.460s] [34mcolcon.colcon_core.package_identification[0m [1;30mLevel 1[0m _identify(data/backup) by extension 'python'
[0.460s] [34mcolcon.colcon_core.package_identification[0m [1;30mLevel 1[0m _identify(data/backup) by extensions ['python_setup_py']
[0.460s] [34mcolcon.colcon_core.package_identification[0m [1;30mLevel 1[0m _identify(data/backup) by extension 'python_setup_py'
[0.460s] [34mcolcon.colcon_core.package_identification[0m [1;30mLevel 1[0m _identify(data/plant_views) by extensions ['ignore', 'ignore_ament_install']
[0.460s] [34mcolcon.colcon_core.package_identification[0m [1;30mLevel 1[0m _identify(data/plant_views) by extension 'ignore'
[0.460s] [34mcolcon.colcon_core.package_identification[0m [1;30mLevel 1[0m _identify(data/plant_views) by extension 'ignore_ament_install'
[0.460s] [34mcolcon.colcon_core.package_identification[0m [1;30mLevel 1[0m _identify(data/plant_views) by extensions ['colcon_pkg']
[0.460s] [34mcolcon.colcon_core.package_identification[0m [1;30mLevel 1[0m _identify(data/plant_views) by extension 'colcon_pkg'
[0.461s] [34mcolcon.colcon_core.package_identification[0m [1;30mLevel 1[0m _identify(data/plant_views) by extensions ['colcon_meta']
[0.461s] [34mcolcon.colcon_core.package_identification[0m [1;30mLevel 1[0m _identify(data/plant_views) by extension 'colcon_meta'
[0.461s] [34mcolcon.colcon_core.package_identification[0m [1;30mLevel 1[0m _identify(data/plant_views) by extensions ['ros']
[0.461s] [34mcolcon.colcon_core.package_identification[0m [1;30mLevel 1[0m _identify(data/plant_views) by extension 'ros'
[0.461s] [34mcolcon.colcon_core.package_identification[0m [1;30mLevel 1[0m _identify(data/plant_views) by extensions ['cmake', 'python']
[0.461s] [34mcolcon.colcon_core.package_identification[0m [1;30mLevel 1[0m _identify(data/plant_views) by extension 'cmake'
[0.461s] [34mcolcon.colcon_core.package_identification[0m [1;30mLevel 1[0m _identify(data/plant_views) by extension 'python'
[0.461s] [34mcolcon.colcon_core.package_identification[0m [1;30mLevel 1[0m _identify(data/plant_views) by extensions ['python_setup_py']
[0.461s] [34mcolcon.colcon_core.package_identification[0m [1;30mLevel 1[0m _identify(data/plant_views) by extension 'python_setup_py'
[0.461s] [34mcolcon.colcon_core.package_identification[0m [1;30mLevel 1[0m _identify(data/plant_views/plant_000) by extensions ['ignore', 'ignore_ament_install']
[0.461s] [34mcolcon.colcon_core.package_identification[0m [1;30mLevel 1[0m _identify(data/plant_views/plant_000) by extension 'ignore'
[0.461s] [34mcolcon.colcon_core.package_identification[0m [1;30mLevel 1[0m _identify(data/plant_views/plant_000) by extension 'ignore_ament_install'
[0.461s] [34mcolcon.colcon_core.package_identification[0m [1;30mLevel 1[0m _identify(data/plant_views/plant_000) by extensions ['colcon_pkg']
[0.461s] [34mcolcon.colcon_core.package_identification[0m [1;30mLevel 1[0m _identify(data/plant_views/plant_000) by extension 'colcon_pkg'
[0.461s] [34mcolcon.colcon_core.package_identification[0m [1;30mLevel 1[0m _identify(data/plant_views/plant_000) by extensions ['colcon_meta']
[0.461s] [34mcolcon.colcon_core.package_identification[0m [1;30mLevel 1[0m _identify(data/plant_views/plant_000) by extension 'colcon_meta'
[0.461s] [34mcolcon.colcon_core.package_identification[0m [1;30mLevel 1[0m _identify(data/plant_views/plant_000) by extensions ['ros']
[0.461s] [34mcolcon.colcon_core.package_identification[0m [1;30mLevel 1[0m _identify(data/plant_views/plant_000) by extension 'ros'
[0.461s] [34mcolcon.colcon_core.package_identification[0m [1;30mLevel 1[0m _identify(data/plant_views/plant_000) by extensions ['cmake', 'python']
[0.461s] [34mcolcon.colcon_core.package_identification[0m [1;30mLevel 1[0m _identify(data/plant_views/plant_000) by extension 'cmake'
[0.461s] [34mcolcon.colcon_core.package_identification[0m [1;30mLevel 1[0m _identify(data/plant_views/plant_000) by extension 'python'
[0.462s] [34mcolcon.colcon_core.package_identification[0m [1;30mLevel 1[0m _identify(data/plant_views/plant_000) by extensions ['python_setup_py']
[0.462s] [34mcolcon.colcon_core.package_identification[0m [1;30mLevel 1[0m _identify(data/plant_views/plant_000) by extension 'python_setup_py'
[0.462s] [34mcolcon.colcon_core.package_identification[0m [1;30mLevel 1[0m _identify(data/plant_views/plant_001) by extensions ['ignore', 'ignore_ament_install']
[0.462s] [34mcolcon.colcon_core.package_identification[0m [1;30mLevel 1[0m _identify(data/plant_views/plant_001) by extension 'ignore'
[0.462s] [34mcolcon.colcon_core.package_identification[0m [1;30mLevel 1[0m _identify(data/plant_views/plant_001) by extension 'ignore_ament_install'
[0.462s] [34mcolcon.colcon_core.package_identification[0m [1;30mLevel 1[0m _identify(data/plant_views/plant_001) by extensions ['colcon_pkg']
[0.462s] [34mcolcon.colcon_core.package_identification[0m [1;30mLevel 1[0m _identify(data/plant_views/plant_001) by extension 'colcon_pkg'
[0.462s] [34mcolcon.colcon_core.package_identification[0m [1;30mLevel 1[0m _identify(data/plant_views/plant_001) by extensions ['colcon_meta']
[0.462s] [34mcolcon.colcon_core.package_identification[0m [1;30mLevel 1[0m _identify(data/plant_views/plant_001) by extension 'colcon_meta'
[0.462s] [34mcolcon.colcon_core.package_identification[0m [1;30mLevel 1[0m _identify(data/plant_views/plant_001) by extensions ['ros']
[0.462s] [34mcolcon.colcon_core.package_identification[0m [1;30mLevel 1[0m _identify(data/plant_views/plant_001) by extension 'ros'
[0.462s] [34mcolcon.colcon_core.package_identification[0m [1;30mLevel 1[0m _identify(data/plant_views/plant_001) by extensions ['cmake', 'python']
[0.462s] [34mcolcon.colcon_core.package_identification[0m [1;30mLevel 1[0m _identify(data/plant_views/plant_001) by extension 'cmake'
[0.462s] [34mcolcon.colcon_core.package_identification[0m [1;30mLevel 1[0m _identify(data/plant_views/plant_001) by extension 'python'
[0.462s] [34mcolcon.colcon_core.package_identification[0m [1;30mLevel 1[0m _identify(data/plant_views/plant_001) by extensions ['python_setup_py']
[0.462s] [34mcolcon.colcon_core.package_identification[0m [1;30mLevel 1[0m _identify(data/plant_views/plant_001) by extension 'python_setup_py'
[0.462s] [34mcolcon.colcon_core.package_identification[0m [1;30mLevel 1[0m _identify(data/plant_views/plant_002) by extensions ['ignore', 'ignore_ament_install']
[0.462s] [34mcolcon.colcon_core.package_identification[0m [1;30mLevel 1[0m _identify(data/plant_views/plant_002) by extension 'ignore'
[0.463s] [34mcolcon.colcon_core.package_identification[0m [1;30mLevel 1[0m _identify(data/plant_views/plant_002) by extension 'ignore_ament_install'
[0.463s] [34mcolcon.colcon_core.package_identification[0m [1;30mLevel 1[0m _identify(data/plant_views/plant_002) by extensions ['colcon_pkg']
[0.463s] [34mcolcon.colcon_core.package_identification[0m [1;30mLevel 1[0m _identify(data/plant_views/plant_002) by extension 'colcon_pkg'
[0.463s] [34mcolcon.colcon_core.package_identification[0m [1;30mLevel 1[0m _identify(data/plant_views/plant_002) by extensions ['colcon_meta']
[0.463s] [34mcolcon.colcon_core.package_identification[0m [1;30mLevel 1[0m _identify(data/plant_views/plant_002) by extension 'colcon_meta'
[0.463s] [34mcolcon.colcon_core.package_identification[0m [1;30mLevel 1[0m _identify(data/plant_views/plant_002) by extensions ['ros']
[0.463s] [34mcolcon.colcon_core.package_identification[0m [1;30mLevel 1[0m _identify(data/plant_views/plant_002) by extension 'ros'
[0.463s] [34mcolcon.colcon_core.package_identification[0m [1;30mLevel 1[0m _identify(data/plant_views/plant_002) by extensions ['cmake', 'python']
[0.463s] [34mcolcon.colcon_core.package_identification[0m [1;30mLevel 1[0m _identify(data/plant_views/plant_002) by extension 'cmake'
[0.463s] [34mcolcon.colcon_core.package_identification[0m [1;30mLevel 1[0m _identify(data/plant_views/plant_002) by extension 'python'
[0.463s] [34mcolcon.colcon_core.package_identification[0m [1;30mLevel 1[0m _identify(data/plant_views/plant_002) by extensions ['python_setup_py']
[0.463s] [34mcolcon.colcon_core.package_identification[0m [1;30mLevel 1[0m _identify(data/plant_views/plant_002) by extension 'python_setup_py'
[0.463s] [34mcolcon.colcon_core.package_identification[0m [1;30mLevel 1[0m _identify(data/plant_views/plant_003) by extensions ['ignore', 'ignore_ament_install']
[0.463s] [34mcolcon.colcon_core.package_identification[0m [1;30mLevel 1[0m _identify(data/plant_views/plant_003) by extension 'ignore'
[0.463s] [34mcolcon.colcon_core.package_identification[0m [1;30mLevel 1[0m _identify(data/plant_views/plant_003) by extension 'ignore_ament_install'
[0.463s] [34mcolcon.colcon_core.package_identification[0m [1;30mLevel 1[0m _identify(data/plant_views/plant_003) by extensions ['colcon_pkg']
[0.463s] [34mcolcon.colcon_core.package_identification[0m [1;30mLevel 1[0m _identify(data/plant_views/plant_003) by extension 'colcon_pkg'
[0.463s] [34mcolcon.colcon_core.package_identification[0m [1;30mLevel 1[0m _identify(data/plant_views/plant_003) by extensions ['colcon_meta']
[0.463s] [34mcolcon.colcon_core.package_identification[0m [1;30mLevel 1[0m _identify(data/plant_views/plant_003) by extension 'colcon_meta'
[0.463s] [34mcolcon.colcon_core.package_identification[0m [1;30mLevel 1[0m _identify(data/plant_views/plant_003) by extensions ['ros']
[0.463s] [34mcolcon.colcon_core.package_identification[0m [1;30mLevel 1[0m _identify(data/plant_views/plant_003) by extension 'ros'
[0.463s] [34mcolcon.colcon_core.package_identification[0m [1;30mLevel 1[0m _identify(data/plant_views/plant_003) by extensions ['cmake', 'python']
[0.464s] [34mcolcon.colcon_core.package_identification[0m [1;30mLevel 1[0m _identify(data/plant_views/plant_003) by extension 'cmake'
[0.464s] [34mcolcon.colcon_core.package_identification[0m [1;30mLevel 1[0m _identify(data/plant_views/plant_003) by extension 'python'
[0.464s] [34mcolcon.colcon_core.package_identification[0m [1;30mLevel 1[0m _identify(data/plant_views/plant_003) by extensions ['python_setup_py']
[0.464s] [34mcolcon.colcon_core.package_identification[0m [1;30mLevel 1[0m _identify(data/plant_views/plant_003) by extension 'python_setup_py'
[0.464s] [34mcolcon.colcon_core.package_identification[0m [1;30mLevel 1[0m _identify(data/plant_views/plant_004) by extensions ['ignore', 'ignore_ament_install']
[0.464s] [34mcolcon.colcon_core.package_identification[0m [1;30mLevel 1[0m _identify(data/plant_views/plant_004) by extension 'ignore'
[0.464s] [34mcolcon.colcon_core.package_identification[0m [1;30mLevel 1[0m _identify(data/plant_views/plant_004) by extension 'ignore_ament_install'
[0.464s] [34mcolcon.colcon_core.package_identification[0m [1;30mLevel 1[0m _identify(data/plant_views/plant_004) by extensions ['colcon_pkg']
[0.464s] [34mcolcon.colcon_core.package_identification[0m [1;30mLevel 1[0m _identify(data/plant_views/plant_004) by extension 'colcon_pkg'
[0.464s] [34mcolcon.colcon_core.package_identification[0m [1;30mLevel 1[0m _identify(data/plant_views/plant_004) by extensions ['colcon_meta']
[0.464s] [34mcolcon.colcon_core.package_identification[0m [1;30mLevel 1[0m _identify(data/plant_views/plant_004) by extension 'colcon_meta'
[0.464s] [34mcolcon.colcon_core.package_identification[0m [1;30mLevel 1[0m _identify(data/plant_views/plant_004) by extensions ['ros']
[0.464s] [34mcolcon.colcon_core.package_identification[0m [1;30mLevel 1[0m _identify(data/plant_views/plant_004) by extension 'ros'
[0.464s] [34mcolcon.colcon_core.package_identification[0m [1;30mLevel 1[0m _identify(data/plant_views/plant_004) by extensions ['cmake', 'python']
[0.464s] [34mcolcon.colcon_core.package_identification[0m [1;30mLevel 1[0m _identify(data/plant_views/plant_004) by extension 'cmake'
[0.464s] [34mcolcon.colcon_core.package_identification[0m [1;30mLevel 1[0m _identify(data/plant_views/plant_004) by extension 'python'
[0.464s] [34mcolcon.colcon_core.package_identification[0m [1;30mLevel 1[0m _identify(data/plant_views/plant_004) by extensions ['python_setup_py']
[0.464s] [34mcolcon.colcon_core.package_identification[0m [1;30mLevel 1[0m _identify(data/plant_views/plant_004) by extension 'python_setup_py'
[0.465s] [34mcolcon.colcon_core.package_identification[0m [1;30mLevel 1[0m _identify(data/plant_views/plant_005) by extensions ['ignore', 'ignore_ament_install']
[0.465s] [34mcolcon.colcon_core.package_identification[0m [1;30mLevel 1[0m _identify(data/plant_views/plant_005) by extension 'ignore'
[0.465s] [34mcolcon.colcon_core.package_identification[0m [1;30mLevel 1[0m _identify(data/plant_views/plant_005) by extension 'ignore_ament_install'
[0.465s] [34mcolcon.colcon_core.package_identification[0m [1;30mLevel 1[0m _identify(data/plant_views/plant_005) by extensions ['colcon_pkg']
[0.465s] [34mcolcon.colcon_core.package_identification[0m [1;30mLevel 1[0m _identify(data/plant_views/plant_005) by extension 'colcon_pkg'
[0.465s] [34mcolcon.colcon_core.package_identification[0m [1;30mLevel 1[0m _identify(data/plant_views/plant_005) by extensions ['colcon_meta']
[0.465s] [34mcolcon.colcon_core.package_identification[0m [1;30mLevel 1[0m _identify(data/plant_views/plant_005) by extension 'colcon_meta'
[0.465s] [34mcolcon.colcon_core.package_identification[0m [1;30mLevel 1[0m _identify(data/plant_views/plant_005) by extensions ['ros']
[0.465s] [34mcolcon.colcon_core.package_identification[0m [1;30mLevel 1[0m _identify(data/plant_views/plant_005) by extension 'ros'
[0.465s] [34mcolcon.colcon_core.package_identification[0m [1;30mLevel 1[0m _identify(data/plant_views/plant_005) by extensions ['cmake', 'python']
[0.465s] [34mcolcon.colcon_core.package_identification[0m [1;30mLevel 1[0m _identify(data/plant_views/plant_005) by extension 'cmake'
[0.465s] [34mcolcon.colcon_core.package_identification[0m [1;30mLevel 1[0m _identify(data/plant_views/plant_005) by extension 'python'
[0.465s] [34mcolcon.colcon_core.package_identification[0m [1;30mLevel 1[0m _identify(data/plant_views/plant_005) by extensions ['python_setup_py']
[0.465s] [34mcolcon.colcon_core.package_identification[0m [1;30mLevel 1[0m _identify(data/plant_views/plant_005) by extension 'python_setup_py'
[0.465s] [34mcolcon.colcon_core.package_identification[0m [1;30mLevel 1[0m _identify(data/plant_views/plant_006) by extensions ['ignore', 'ignore_ament_install']
[0.466s] [34mcolcon.colcon_core.package_identification[0m [1;30mLevel 1[0m _identify(data/plant_views/plant_006) by extension 'ignore'
[0.466s] [34mcolcon.colcon_core.package_identification[0m [1;30mLevel 1[0m _identify(data/plant_views/plant_006) by extension 'ignore_ament_install'
[0.466s] [34mcolcon.colcon_core.package_identification[0m [1;30mLevel 1[0m _identify(data/plant_views/plant_006) by extensions ['colcon_pkg']
[0.466s] [34mcolcon.colcon_core.package_identification[0m [1;30mLevel 1[0m _identify(data/plant_views/plant_006) by extension 'colcon_pkg'
[0.466s] [34mcolcon.colcon_core.package_identification[0m [1;30mLevel 1[0m _identify(data/plant_views/plant_006) by extensions ['colcon_meta']
[0.466s] [34mcolcon.colcon_core.package_identification[0m [1;30mLevel 1[0m _identify(data/plant_views/plant_006) by extension 'colcon_meta'
[0.466s] [34mcolcon.colcon_core.package_identification[0m [1;30mLevel 1[0m _identify(data/plant_views/plant_006) by extensions ['ros']
[0.466s] [34mcolcon.colcon_core.package_identification[0m [1;30mLevel 1[0m _identify(data/plant_views/plant_006) by extension 'ros'
[0.466s] [34mcolcon.colcon_core.package_identification[0m [1;30mLevel 1[0m _identify(data/plant_views/plant_006) by extensions ['cmake', 'python']
[0.466s] [34mcolcon.colcon_core.package_identification[0m [1;30mLevel 1[0m _identify(data/plant_views/plant_006) by extension 'cmake'
[0.466s] [34mcolcon.colcon_core.package_identification[0m [1;30mLevel 1[0m _identify(data/plant_views/plant_006) by extension 'python'
[0.466s] [34mcolcon.colcon_core.package_identification[0m [1;30mLevel 1[0m _identify(data/plant_views/plant_006) by extensions ['python_setup_py']
[0.466s] [34mcolcon.colcon_core.package_identification[0m [1;30mLevel 1[0m _identify(data/plant_views/plant_006) by extension 'python_setup_py'
[0.466s] [34mcolcon.colcon_core.package_identification[0m [1;30mLevel 1[0m _identify(data/plant_views/plant_007) by extensions ['ignore', 'ignore_ament_install']
[0.466s] [34mcolcon.colcon_core.package_identification[0m [1;30mLevel 1[0m _identify(data/plant_views/plant_007) by extension 'ignore'
[0.466s] [34mcolcon.colcon_core.package_identification[0m [1;30mLevel 1[0m _identify(data/plant_views/plant_007) by extension 'ignore_ament_install'
[0.466s] [34mcolcon.colcon_core.package_identification[0m [1;30mLevel 1[0m _identify(data/plant_views/plant_007) by extensions ['colcon_pkg']
[0.466s] [34mcolcon.colcon_core.package_identification[0m [1;30mLevel 1[0m _identify(data/plant_views/plant_007) by extension 'colcon_pkg'
[0.467s] [34mcolcon.colcon_core.package_identification[0m [1;30mLevel 1[0m _identify(data/plant_views/plant_007) by extensions ['colcon_meta']
[0.467s] [34mcolcon.colcon_core.package_identification[0m [1;30mLevel 1[0m _identify(data/plant_views/plant_007) by extension 'colcon_meta'
[0.467s] [34mcolcon.colcon_core.package_identification[0m [1;30mLevel 1[0m _identify(data/plant_views/plant_007) by extensions ['ros']
[0.467s] [34mcolcon.colcon_core.package_identification[0m [1;30mLevel 1[0m _identify(data/plant_views/plant_007) by extension 'ros'
[0.467s] [34mcolcon.colcon_core.package_identification[0m [1;30mLevel 1[0m _identify(data/plant_views/plant_007) by extensions ['cmake', 'python']
[0.467s] [34mcolcon.colcon_core.package_identification[0m [1;30mLevel 1[0m _identify(data/plant_views/plant_007) by extension 'cmake'
[0.467s] [34mcolcon.colcon_core.package_identification[0m [1;30mLevel 1[0m _identify(data/plant_views/plant_007) by extension 'python'
[0.467s] [34mcolcon.colcon_core.package_identification[0m [1;30mLevel 1[0m _identify(data/plant_views/plant_007) by extensions ['python_setup_py']
[0.467s] [34mcolcon.colcon_core.package_identification[0m [1;30mLevel 1[0m _identify(data/plant_views/plant_007) by extension 'python_setup_py'
[0.467s] [34mcolcon.colcon_core.package_identification[0m [1;30mLevel 1[0m _identify(data/plant_views/plant_008) by extensions ['ignore', 'ignore_ament_install']
[0.467s] [34mcolcon.colcon_core.package_identification[0m [1;30mLevel 1[0m _identify(data/plant_views/plant_008) by extension 'ignore'
[0.467s] [34mcolcon.colcon_core.package_identification[0m [1;30mLevel 1[0m _identify(data/plant_views/plant_008) by extension 'ignore_ament_install'
[0.467s] [34mcolcon.colcon_core.package_identification[0m [1;30mLevel 1[0m _identify(data/plant_views/plant_008) by extensions ['colcon_pkg']
[0.467s] [34mcolcon.colcon_core.package_identification[0m [1;30mLevel 1[0m _identify(data/plant_views/plant_008) by extension 'colcon_pkg'
[0.467s] [34mcolcon.colcon_core.package_identification[0m [1;30mLevel 1[0m _identify(data/plant_views/plant_008) by extensions ['colcon_meta']
[0.467s] [34mcolcon.colcon_core.package_identification[0m [1;30mLevel 1[0m _identify(data/plant_views/plant_008) by extension 'colcon_meta'
[0.467s] [34mcolcon.colcon_core.package_identification[0m [1;30mLevel 1[0m _identify(data/plant_views/plant_008) by extensions ['ros']
[0.467s] [34mcolcon.colcon_core.package_identification[0m [1;30mLevel 1[0m _identify(data/plant_views/plant_008) by extension 'ros'
[0.467s] [34mcolcon.colcon_core.package_identification[0m [1;30mLevel 1[0m _identify(data/plant_views/plant_008) by extensions ['cmake', 'python']
[0.468s] [34mcolcon.colcon_core.package_identification[0m [1;30mLevel 1[0m _identify(data/plant_views/plant_008) by extension 'cmake'
[0.468s] [34mcolcon.colcon_core.package_identification[0m [1;30mLevel 1[0m _identify(data/plant_views/plant_008) by extension 'python'
[0.468s] [34mcolcon.colcon_core.package_identification[0m [1;30mLevel 1[0m _identify(data/plant_views/plant_008) by extensions ['python_setup_py']
[0.468s] [34mcolcon.colcon_core.package_identification[0m [1;30mLevel 1[0m _identify(data/plant_views/plant_008) by extension 'python_setup_py'
[0.468s] [34mcolcon.colcon_core.package_identification[0m [1;30mLevel 1[0m _identify(data/plant_views/plant_009) by extensions ['ignore', 'ignore_ament_install']
[0.468s] [34mcolcon.colcon_core.package_identification[0m [1;30mLevel 1[0m _identify(data/plant_views/plant_009) by extension 'ignore'
[0.468s] [34mcolcon.colcon_core.package_identification[0m [1;30mLevel 1[0m _identify(data/plant_views/plant_009) by extension 'ignore_ament_install'
[0.468s] [34mcolcon.colcon_core.package_identification[0m [1;30mLevel 1[0m _identify(data/plant_views/plant_009) by extensions ['colcon_pkg']
[0.468s] [34mcolcon.colcon_core.package_identification[0m [1;30mLevel 1[0m _identify(data/plant_views/plant_009) by extension 'colcon_pkg'
[0.468s] [34mcolcon.colcon_core.package_identification[0m [1;30mLevel 1[0m _identify(data/plant_views/plant_009) by extensions ['colcon_meta']
[0.468s] [34mcolcon.colcon_core.package_identification[0m [1;30mLevel 1[0m _identify(data/plant_views/plant_009) by extension 'colcon_meta'
[0.468s] [34mcolcon.colcon_core.package_identification[0m [1;30mLevel 1[0m _identify(data/plant_views/plant_009) by extensions ['ros']
[0.468s] [34mcolcon.colcon_core.package_identification[0m [1;30mLevel 1[0m _identify(data/plant_views/plant_009) by extension 'ros'
[0.468s] [34mcolcon.colcon_core.package_identification[0m [1;30mLevel 1[0m _identify(data/plant_views/plant_009) by extensions ['cmake', 'python']
[0.468s] [34mcolcon.colcon_core.package_identification[0m [1;30mLevel 1[0m _identify(data/plant_views/plant_009) by extension 'cmake'
[0.468s] [34mcolcon.colcon_core.package_identification[0m [1;30mLevel 1[0m _identify(data/plant_views/plant_009) by extension 'python'
[0.468s] [34mcolcon.colcon_core.package_identification[0m [1;30mLevel 1[0m _identify(data/plant_views/plant_009) by extensions ['python_setup_py']
[0.468s] [34mcolcon.colcon_core.package_identification[0m [1;30mLevel 1[0m _identify(data/plant_views/plant_009) by extension 'python_setup_py'
[0.468s] [34mcolcon.colcon_core.package_identification[0m [1;30mLevel 1[0m _identify(data/plant_views/plant_010) by extensions ['ignore', 'ignore_ament_install']
[0.469s] [34mcolcon.colcon_core.package_identification[0m [1;30mLevel 1[0m _identify(data/plant_views/plant_010) by extension 'ignore'
[0.469s] [34mcolcon.colcon_core.package_identification[0m [1;30mLevel 1[0m _identify(data/plant_views/plant_010) by extension 'ignore_ament_install'
[0.469s] [34mcolcon.colcon_core.package_identification[0m [1;30mLevel 1[0m _identify(data/plant_views/plant_010) by extensions ['colcon_pkg']
[0.469s] [34mcolcon.colcon_core.package_identification[0m [1;30mLevel 1[0m _identify(data/plant_views/plant_010) by extension 'colcon_pkg'
[0.469s] [34mcolcon.colcon_core.package_identification[0m [1;30mLevel 1[0m _identify(data/plant_views/plant_010) by extensions ['colcon_meta']
[0.469s] [34mcolcon.colcon_core.package_identification[0m [1;30mLevel 1[0m _identify(data/plant_views/plant_010) by extension 'colcon_meta'
[0.469s] [34mcolcon.colcon_core.package_identification[0m [1;30mLevel 1[0m _identify(data/plant_views/plant_010) by extensions ['ros']
[0.469s] [34mcolcon.colcon_core.package_identification[0m [1;30mLevel 1[0m _identify(data/plant_views/plant_010) by extension 'ros'
[0.469s] [34mcolcon.colcon_core.package_identification[0m [1;30mLevel 1[0m _identify(data/plant_views/plant_010) by extensions ['cmake', 'python']
[0.469s] [34mcolcon.colcon_core.package_identification[0m [1;30mLevel 1[0m _identify(data/plant_views/plant_010) by extension 'cmake'
[0.469s] [34mcolcon.colcon_core.package_identification[0m [1;30mLevel 1[0m _identify(data/plant_views/plant_010) by extension 'python'
[0.469s] [34mcolcon.colcon_core.package_identification[0m [1;30mLevel 1[0m _identify(data/plant_views/plant_010) by extensions ['python_setup_py']
[0.469s] [34mcolcon.colcon_core.package_identification[0m [1;30mLevel 1[0m _identify(data/plant_views/plant_010) by extension 'python_setup_py'
[0.469s] [34mcolcon.colcon_core.package_identification[0m [1;30mLevel 1[0m _identify(data/plant_views/plant_011) by extensions ['ignore', 'ignore_ament_install']
[0.469s] [34mcolcon.colcon_core.package_identification[0m [1;30mLevel 1[0m _identify(data/plant_views/plant_011) by extension 'ignore'
[0.469s] [34mcolcon.colcon_core.package_identification[0m [1;30mLevel 1[0m _identify(data/plant_views/plant_011) by extension 'ignore_ament_install'
[0.469s] [34mcolcon.colcon_core.package_identification[0m [1;30mLevel 1[0m _identify(data/plant_views/plant_011) by extensions ['colcon_pkg']
[0.469s] [34mcolcon.colcon_core.package_identification[0m [1;30mLevel 1[0m _identify(data/plant_views/plant_011) by extension 'colcon_pkg'
[0.469s] [34mcolcon.colcon_core.package_identification[0m [1;30mLevel 1[0m _identify(data/plant_views/plant_011) by extensions ['colcon_meta']
[0.470s] [34mcolcon.colcon_core.package_identification[0m [1;30mLevel 1[0m _identify(data/plant_views/plant_011) by extension 'colcon_meta'
[0.470s] [34mcolcon.colcon_core.package_identification[0m [1;30mLevel 1[0m _identify(data/plant_views/plant_011) by extensions ['ros']
[0.470s] [34mcolcon.colcon_core.package_identification[0m [1;30mLevel 1[0m _identify(data/plant_views/plant_011) by extension 'ros'
[0.470s] [34mcolcon.colcon_core.package_identification[0m [1;30mLevel 1[0m _identify(data/plant_views/plant_011) by extensions ['cmake', 'python']
[0.470s] [34mcolcon.colcon_core.package_identification[0m [1;30mLevel 1[0m _identify(data/plant_views/plant_011) by extension 'cmake'
[0.470s] [34mcolcon.colcon_core.package_identification[0m [1;30mLevel 1[0m _identify(data/plant_views/plant_011) by extension 'python'
[0.470s] [34mcolcon.colcon_core.package_identification[0m [1;30mLevel 1[0m _identify(data/plant_views/plant_011) by extensions ['python_setup_py']
[0.470s] [34mcolcon.colcon_core.package_identification[0m [1;30mLevel 1[0m _identify(data/plant_views/plant_011) by extension 'python_setup_py'
[0.470s] [34mcolcon.colcon_core.package_identification[0m [1;30mLevel 1[0m _identify(data/plant_views/plant_012) by extensions ['ignore', 'ignore_ament_install']
[0.470s] [34mcolcon.colcon_core.package_identification[0m [1;30mLevel 1[0m _identify(data/plant_views/plant_012) by extension 'ignore'
[0.470s] [34mcolcon.colcon_core.package_identification[0m [1;30mLevel 1[0m _identify(data/plant_views/plant_012) by extension 'ignore_ament_install'
[0.470s] [34mcolcon.colcon_core.package_identification[0m [1;30mLevel 1[0m _identify(data/plant_views/plant_012) by extensions ['colcon_pkg']
[0.470s] [34mcolcon.colcon_core.package_identification[0m [1;30mLevel 1[0m _identify(data/plant_views/plant_012) by extension 'colcon_pkg'
[0.470s] [34mcolcon.colcon_core.package_identification[0m [1;30mLevel 1[0m _identify(data/plant_views/plant_012) by extensions ['colcon_meta']
[0.470s] [34mcolcon.colcon_core.package_identification[0m [1;30mLevel 1[0m _identify(data/plant_views/plant_012) by extension 'colcon_meta'
[0.470s] [34mcolcon.colcon_core.package_identification[0m [1;30mLevel 1[0m _identify(data/plant_views/plant_012) by extensions ['ros']
[0.470s] [34mcolcon.colcon_core.package_identification[0m [1;30mLevel 1[0m _identify(data/plant_views/plant_012) by extension 'ros'
[0.471s] [34mcolcon.colcon_core.package_identification[0m [1;30mLevel 1[0m _identify(data/plant_views/plant_012) by extensions ['cmake', 'python']
[0.471s] [34mcolcon.colcon_core.package_identification[0m [1;30mLevel 1[0m _identify(data/plant_views/plant_012) by extension 'cmake'
[0.471s] [34mcolcon.colcon_core.package_identification[0m [1;30mLevel 1[0m _identify(data/plant_views/plant_012) by extension 'python'
[0.471s] [34mcolcon.colcon_core.package_identification[0m [1;30mLevel 1[0m _identify(data/plant_views/plant_012) by extensions ['python_setup_py']
[0.471s] [34mcolcon.colcon_core.package_identification[0m [1;30mLevel 1[0m _identify(data/plant_views/plant_012) by extension 'python_setup_py'
[0.471s] [34mcolcon.colcon_core.package_identification[0m [1;30mLevel 1[0m _identify(data/plant_views/plant_013) by extensions ['ignore', 'ignore_ament_install']
[0.471s] [34mcolcon.colcon_core.package_identification[0m [1;30mLevel 1[0m _identify(data/plant_views/plant_013) by extension 'ignore'
[0.471s] [34mcolcon.colcon_core.package_identification[0m [1;30mLevel 1[0m _identify(data/plant_views/plant_013) by extension 'ignore_ament_install'
[0.471s] [34mcolcon.colcon_core.package_identification[0m [1;30mLevel 1[0m _identify(data/plant_views/plant_013) by extensions ['colcon_pkg']
[0.471s] [34mcolcon.colcon_core.package_identification[0m [1;30mLevel 1[0m _identify(data/plant_views/plant_013) by extension 'colcon_pkg'
[0.471s] [34mcolcon.colcon_core.package_identification[0m [1;30mLevel 1[0m _identify(data/plant_views/plant_013) by extensions ['colcon_meta']
[0.471s] [34mcolcon.colcon_core.package_identification[0m [1;30mLevel 1[0m _identify(data/plant_views/plant_013) by extension 'colcon_meta'
[0.471s] [34mcolcon.colcon_core.package_identification[0m [1;30mLevel 1[0m _identify(data/plant_views/plant_013) by extensions ['ros']
[0.471s] [34mcolcon.colcon_core.package_identification[0m [1;30mLevel 1[0m _identify(data/plant_views/plant_013) by extension 'ros'
[0.471s] [34mcolcon.colcon_core.package_identification[0m [1;30mLevel 1[0m _identify(data/plant_views/plant_013) by extensions ['cmake', 'python']
[0.471s] [34mcolcon.colcon_core.package_identification[0m [1;30mLevel 1[0m _identify(data/plant_views/plant_013) by extension 'cmake'
[0.471s] [34mcolcon.colcon_core.package_identification[0m [1;30mLevel 1[0m _identify(data/plant_views/plant_013) by extension 'python'
[0.471s] [34mcolcon.colcon_core.package_identification[0m [1;30mLevel 1[0m _identify(data/plant_views/plant_013) by extensions ['python_setup_py']
[0.471s] [34mcolcon.colcon_core.package_identification[0m [1;30mLevel 1[0m _identify(data/plant_views/plant_013) by extension 'python_setup_py'
[0.472s] [34mcolcon.colcon_core.package_identification[0m [1;30mLevel 1[0m _identify(data/plant_views/plant_014) by extensions ['ignore', 'ignore_ament_install']
[0.472s] [34mcolcon.colcon_core.package_identification[0m [1;30mLevel 1[0m _identify(data/plant_views/plant_014) by extension 'ignore'
[0.472s] [34mcolcon.colcon_core.package_identification[0m [1;30mLevel 1[0m _identify(data/plant_views/plant_014) by extension 'ignore_ament_install'
[0.472s] [34mcolcon.colcon_core.package_identification[0m [1;30mLevel 1[0m _identify(data/plant_views/plant_014) by extensions ['colcon_pkg']
[0.472s] [34mcolcon.colcon_core.package_identification[0m [1;30mLevel 1[0m _identify(data/plant_views/plant_014) by extension 'colcon_pkg'
[0.472s] [34mcolcon.colcon_core.package_identification[0m [1;30mLevel 1[0m _identify(data/plant_views/plant_014) by extensions ['colcon_meta']
[0.472s] [34mcolcon.colcon_core.package_identification[0m [1;30mLevel 1[0m _identify(data/plant_views/plant_014) by extension 'colcon_meta'
[0.472s] [34mcolcon.colcon_core.package_identification[0m [1;30mLevel 1[0m _identify(data/plant_views/plant_014) by extensions ['ros']
[0.472s] [34mcolcon.colcon_core.package_identification[0m [1;30mLevel 1[0m _identify(data/plant_views/plant_014) by extension 'ros'
[0.472s] [34mcolcon.colcon_core.package_identification[0m [1;30mLevel 1[0m _identify(data/plant_views/plant_014) by extensions ['cmake', 'python']
[0.472s] [34mcolcon.colcon_core.package_identification[0m [1;30mLevel 1[0m _identify(data/plant_views/plant_014) by extension 'cmake'
[0.472s] [34mcolcon.colcon_core.package_identification[0m [1;30mLevel 1[0m _identify(data/plant_views/plant_014) by extension 'python'
[0.472s] [34mcolcon.colcon_core.package_identification[0m [1;30mLevel 1[0m _identify(data/plant_views/plant_014) by extensions ['python_setup_py']
[0.472s] [34mcolcon.colcon_core.package_identification[0m [1;30mLevel 1[0m _identify(data/plant_views/plant_014) by extension 'python_setup_py'
[0.472s] [34mcolcon.colcon_core.package_identification[0m [1;30mLevel 1[0m _identify(data/plant_views/plant_015) by extensions ['ignore', 'ignore_ament_install']
[0.472s] [34mcolcon.colcon_core.package_identification[0m [1;30mLevel 1[0m _identify(data/plant_views/plant_015) by extension 'ignore'
[0.472s] [34mcolcon.colcon_core.package_identification[0m [1;30mLevel 1[0m _identify(data/plant_views/plant_015) by extension 'ignore_ament_install'
[0.473s] [34mcolcon.colcon_core.package_identification[0m [1;30mLevel 1[0m _identify(data/plant_views/plant_015) by extensions ['colcon_pkg']
[0.473s] [34mcolcon.colcon_core.package_identification[0m [1;30mLevel 1[0m _identify(data/plant_views/plant_015) by extension 'colcon_pkg'
[0.473s] [34mcolcon.colcon_core.package_identification[0m [1;30mLevel 1[0m _identify(data/plant_views/plant_015) by extensions ['colcon_meta']
[0.473s] [34mcolcon.colcon_core.package_identification[0m [1;30mLevel 1[0m _identify(data/plant_views/plant_015) by extension 'colcon_meta'
[0.473s] [34mcolcon.colcon_core.package_identification[0m [1;30mLevel 1[0m _identify(data/plant_views/plant_015) by extensions ['ros']
[0.473s] [34mcolcon.colcon_core.package_identification[0m [1;30mLevel 1[0m _identify(data/plant_views/plant_015) by extension 'ros'
[0.473s] [34mcolcon.colcon_core.package_identification[0m [1;30mLevel 1[0m _identify(data/plant_views/plant_015) by extensions ['cmake', 'python']
[0.473s] [34mcolcon.colcon_core.package_identification[0m [1;30mLevel 1[0m _identify(data/plant_views/plant_015) by extension 'cmake'
[0.473s] [34mcolcon.colcon_core.package_identification[0m [1;30mLevel 1[0m _identify(data/plant_views/plant_015) by extension 'python'
[0.473s] [34mcolcon.colcon_core.package_identification[0m [1;30mLevel 1[0m _identify(data/plant_views/plant_015) by extensions ['python_setup_py']
[0.473s] [34mcolcon.colcon_core.package_identification[0m [1;30mLevel 1[0m _identify(data/plant_views/plant_015) by extension 'python_setup_py'
[0.473s] [34mcolcon.colcon_core.package_identification[0m [1;30mLevel 1[0m _identify(data/plant_views/plant_016) by extensions ['ignore', 'ignore_ament_install']
[0.473s] [34mcolcon.colcon_core.package_identification[0m [1;30mLevel 1[0m _identify(data/plant_views/plant_016) by extension 'ignore'
[0.473s] [34mcolcon.colcon_core.package_identification[0m [1;30mLevel 1[0m _identify(data/plant_views/plant_016) by extension 'ignore_ament_install'
[0.473s] [34mcolcon.colcon_core.package_identification[0m [1;30mLevel 1[0m _identify(data/plant_views/plant_016) by extensions ['colcon_pkg']
[0.473s] [34mcolcon.colcon_core.package_identification[0m [1;30mLevel 1[0m _identify(data/plant_views/plant_016) by extension 'colcon_pkg'
[0.473s] [34mcolcon.colcon_core.package_identification[0m [1;30mLevel 1[0m _identify(data/plant_views/plant_016) by extensions ['colcon_meta']
[0.473s] [34mcolcon.colcon_core.package_identification[0m [1;30mLevel 1[0m _identify(data/plant_views/plant_016) by extension 'colcon_meta'
[0.473s] [34mcolcon.colcon_core.package_identification[0m [1;30mLevel 1[0m _identify(data/plant_views/plant_016) by extensions ['ros']
[0.473s] [34mcolcon.colcon_core.package_identification[0m [1;30mLevel 1[0m _identify(data/plant_views/plant_016) by extension 'ros'
[0.474s] [34mcolcon.colcon_core.package_identification[0m [1;30mLevel 1[0m _identify(data/plant_views/plant_016) by extensions ['cmake', 'python']
[0.474s] [34mcolcon.colcon_core.package_identification[0m [1;30mLevel 1[0m _identify(data/plant_views/plant_016) by extension 'cmake'
[0.474s] [34mcolcon.colcon_core.package_identification[0m [1;30mLevel 1[0m _identify(data/plant_views/plant_016) by extension 'python'
[0.474s] [34mcolcon.colcon_core.package_identification[0m [1;30mLevel 1[0m _identify(data/plant_views/plant_016) by extensions ['python_setup_py']
[0.474s] [34mcolcon.colcon_core.package_identification[0m [1;30mLevel 1[0m _identify(data/plant_views/plant_016) by extension 'python_setup_py'
[0.474s] [34mcolcon.colcon_core.package_identification[0m [1;30mLevel 1[0m _identify(data/plant_views/plant_017) by extensions ['ignore', 'ignore_ament_install']
[0.474s] [34mcolcon.colcon_core.package_identification[0m [1;30mLevel 1[0m _identify(data/plant_views/plant_017) by extension 'ignore'
[0.474s] [34mcolcon.colcon_core.package_identification[0m [1;30mLevel 1[0m _identify(data/plant_views/plant_017) by extension 'ignore_ament_install'
[0.474s] [34mcolcon.colcon_core.package_identification[0m [1;30mLevel 1[0m _identify(data/plant_views/plant_017) by extensions ['colcon_pkg']
[0.474s] [34mcolcon.colcon_core.package_identification[0m [1;30mLevel 1[0m _identify(data/plant_views/plant_017) by extension 'colcon_pkg'
[0.474s] [34mcolcon.colcon_core.package_identification[0m [1;30mLevel 1[0m _identify(data/plant_views/plant_017) by extensions ['colcon_meta']
[0.474s] [34mcolcon.colcon_core.package_identification[0m [1;30mLevel 1[0m _identify(data/plant_views/plant_017) by extension 'colcon_meta'
[0.474s] [34mcolcon.colcon_core.package_identification[0m [1;30mLevel 1[0m _identify(data/plant_views/plant_017) by extensions ['ros']
[0.474s] [34mcolcon.colcon_core.package_identification[0m [1;30mLevel 1[0m _identify(data/plant_views/plant_017) by extension 'ros'
[0.474s] [34mcolcon.colcon_core.package_identification[0m [1;30mLevel 1[0m _identify(data/plant_views/plant_017) by extensions ['cmake', 'python']
[0.474s] [34mcolcon.colcon_core.package_identification[0m [1;30mLevel 1[0m _identify(data/plant_views/plant_017) by extension 'cmake'
[0.474s] [34mcolcon.colcon_core.package_identification[0m [1;30mLevel 1[0m _identify(data/plant_views/plant_017) by extension 'python'
[0.474s] [34mcolcon.colcon_core.package_identification[0m [1;30mLevel 1[0m _identify(data/plant_views/plant_017) by extensions ['python_setup_py']
[0.474s] [34mcolcon.colcon_core.package_identification[0m [1;30mLevel 1[0m _identify(data/plant_views/plant_017) by extension 'python_setup_py'
[0.475s] [34mcolcon.colcon_core.package_identification[0m [1;30mLevel 1[0m _identify(data/plant_views/plant_018) by extensions ['ignore', 'ignore_ament_install']
[0.475s] [34mcolcon.colcon_core.package_identification[0m [1;30mLevel 1[0m _identify(data/plant_views/plant_018) by extension 'ignore'
[0.475s] [34mcolcon.colcon_core.package_identification[0m [1;30mLevel 1[0m _identify(data/plant_views/plant_018) by extension 'ignore_ament_install'
[0.475s] [34mcolcon.colcon_core.package_identification[0m [1;30mLevel 1[0m _identify(data/plant_views/plant_018) by extensions ['colcon_pkg']
[0.475s] [34mcolcon.colcon_core.package_identification[0m [1;30mLevel 1[0m _identify(data/plant_views/plant_018) by extension 'colcon_pkg'
[0.475s] [34mcolcon.colcon_core.package_identification[0m [1;30mLevel 1[0m _identify(data/plant_views/plant_018) by extensions ['colcon_meta']
[0.475s] [34mcolcon.colcon_core.package_identification[0m [1;30mLevel 1[0m _identify(data/plant_views/plant_018) by extension 'colcon_meta'
[0.475s] [34mcolcon.colcon_core.package_identification[0m [1;30mLevel 1[0m _identify(data/plant_views/plant_018) by extensions ['ros']
[0.475s] [34mcolcon.colcon_core.package_identification[0m [1;30mLevel 1[0m _identify(data/plant_views/plant_018) by extension 'ros'
[0.475s] [34mcolcon.colcon_core.package_identification[0m [1;30mLevel 1[0m _identify(data/plant_views/plant_018) by extensions ['cmake', 'python']
[0.475s] [34mcolcon.colcon_core.package_identification[0m [1;30mLevel 1[0m _identify(data/plant_views/plant_018) by extension 'cmake'
[0.475s] [34mcolcon.colcon_core.package_identification[0m [1;30mLevel 1[0m _identify(data/plant_views/plant_018) by extension 'python'
[0.475s] [34mcolcon.colcon_core.package_identification[0m [1;30mLevel 1[0m _identify(data/plant_views/plant_018) by extensions ['python_setup_py']
[0.475s] [34mcolcon.colcon_core.package_identification[0m [1;30mLevel 1[0m _identify(data/plant_views/plant_018) by extension 'python_setup_py'
[0.475s] [34mcolcon.colcon_core.package_identification[0m [1;30mLevel 1[0m _identify(data/plant_views/plant_019) by extensions ['ignore', 'ignore_ament_install']
[0.475s] [34mcolcon.colcon_core.package_identification[0m [1;30mLevel 1[0m _identify(data/plant_views/plant_019) by extension 'ignore'
[0.476s] [34mcolcon.colcon_core.package_identification[0m [1;30mLevel 1[0m _identify(data/plant_views/plant_019) by extension 'ignore_ament_install'
[0.476s] [34mcolcon.colcon_core.package_identification[0m [1;30mLevel 1[0m _identify(data/plant_views/plant_019) by extensions ['colcon_pkg']
[0.476s] [34mcolcon.colcon_core.package_identification[0m [1;30mLevel 1[0m _identify(data/plant_views/plant_019) by extension 'colcon_pkg'
[0.476s] [34mcolcon.colcon_core.package_identification[0m [1;30mLevel 1[0m _identify(data/plant_views/plant_019) by extensions ['colcon_meta']
[0.476s] [34mcolcon.colcon_core.package_identification[0m [1;30mLevel 1[0m _identify(data/plant_views/plant_019) by extension 'colcon_meta'
[0.476s] [34mcolcon.colcon_core.package_identification[0m [1;30mLevel 1[0m _identify(data/plant_views/plant_019) by extensions ['ros']
[0.476s] [34mcolcon.colcon_core.package_identification[0m [1;30mLevel 1[0m _identify(data/plant_views/plant_019) by extension 'ros'
[0.476s] [34mcolcon.colcon_core.package_identification[0m [1;30mLevel 1[0m _identify(data/plant_views/plant_019) by extensions ['cmake', 'python']
[0.476s] [34mcolcon.colcon_core.package_identification[0m [1;30mLevel 1[0m _identify(data/plant_views/plant_019) by extension 'cmake'
[0.476s] [34mcolcon.colcon_core.package_identification[0m [1;30mLevel 1[0m _identify(data/plant_views/plant_019) by extension 'python'
[0.476s] [34mcolcon.colcon_core.package_identification[0m [1;30mLevel 1[0m _identify(data/plant_views/plant_019) by extensions ['python_setup_py']
[0.476s] [34mcolcon.colcon_core.package_identification[0m [1;30mLevel 1[0m _identify(data/plant_views/plant_019) by extension 'python_setup_py'
[0.476s] [34mcolcon.colcon_core.package_identification[0m [1;30mLevel 1[0m _identify(data/plant_views/plant_020) by extensions ['ignore', 'ignore_ament_install']
[0.476s] [34mcolcon.colcon_core.package_identification[0m [1;30mLevel 1[0m _identify(data/plant_views/plant_020) by extension 'ignore'
[0.476s] [34mcolcon.colcon_core.package_identification[0m [1;30mLevel 1[0m _identify(data/plant_views/plant_020) by extension 'ignore_ament_install'
[0.476s] [34mcolcon.colcon_core.package_identification[0m [1;30mLevel 1[0m _identify(data/plant_views/plant_020) by extensions ['colcon_pkg']
[0.476s] [34mcolcon.colcon_core.package_identification[0m [1;30mLevel 1[0m _identify(data/plant_views/plant_020) by extension 'colcon_pkg'
[0.476s] [34mcolcon.colcon_core.package_identification[0m [1;30mLevel 1[0m _identify(data/plant_views/plant_020) by extensions ['colcon_meta']
[0.476s] [34mcolcon.colcon_core.package_identification[0m [1;30mLevel 1[0m _identify(data/plant_views/plant_020) by extension 'colcon_meta'
[0.476s] [34mcolcon.colcon_core.package_identification[0m [1;30mLevel 1[0m _identify(data/plant_views/plant_020) by extensions ['ros']
[0.476s] [34mcolcon.colcon_core.package_identification[0m [1;30mLevel 1[0m _identify(data/plant_views/plant_020) by extension 'ros'
[0.477s] [34mcolcon.colcon_core.package_identification[0m [1;30mLevel 1[0m _identify(data/plant_views/plant_020) by extensions ['cmake', 'python']
[0.477s] [34mcolcon.colcon_core.package_identification[0m [1;30mLevel 1[0m _identify(data/plant_views/plant_020) by extension 'cmake'
[0.477s] [34mcolcon.colcon_core.package_identification[0m [1;30mLevel 1[0m _identify(data/plant_views/plant_020) by extension 'python'
[0.477s] [34mcolcon.colcon_core.package_identification[0m [1;30mLevel 1[0m _identify(data/plant_views/plant_020) by extensions ['python_setup_py']
[0.477s] [34mcolcon.colcon_core.package_identification[0m [1;30mLevel 1[0m _identify(data/plant_views/plant_020) by extension 'python_setup_py'
[0.477s] [34mcolcon.colcon_core.package_identification[0m [1;30mLevel 1[0m _identify(data/test_depth) by extensions ['ignore', 'ignore_ament_install']
[0.477s] [34mcolcon.colcon_core.package_identification[0m [1;30mLevel 1[0m _identify(data/test_depth) by extension 'ignore'
[0.477s] [34mcolcon.colcon_core.package_identification[0m [1;30mLevel 1[0m _identify(data/test_depth) by extension 'ignore_ament_install'
[0.477s] [34mcolcon.colcon_core.package_identification[0m [1;30mLevel 1[0m _identify(data/test_depth) by extensions ['colcon_pkg']
[0.477s] [34mcolcon.colcon_core.package_identification[0m [1;30mLevel 1[0m _identify(data/test_depth) by extension 'colcon_pkg'
[0.477s] [34mcolcon.colcon_core.package_identification[0m [1;30mLevel 1[0m _identify(data/test_depth) by extensions ['colcon_meta']
[0.477s] [34mcolcon.colcon_core.package_identification[0m [1;30mLevel 1[0m _identify(data/test_depth) by extension 'colcon_meta'
[0.477s] [34mcolcon.colcon_core.package_identification[0m [1;30mLevel 1[0m _identify(data/test_depth) by extensions ['ros']
[0.477s] [34mcolcon.colcon_core.package_identification[0m [1;30mLevel 1[0m _identify(data/test_depth) by extension 'ros'
[0.477s] [34mcolcon.colcon_core.package_identification[0m [1;30mLevel 1[0m _identify(data/test_depth) by extensions ['cmake', 'python']
[0.477s] [34mcolcon.colcon_core.package_identification[0m [1;30mLevel 1[0m _identify(data/test_depth) by extension 'cmake'
[0.477s] [34mcolcon.colcon_core.package_identification[0m [1;30mLevel 1[0m _identify(data/test_depth) by extension 'python'
[0.477s] [34mcolcon.colcon_core.package_identification[0m [1;30mLevel 1[0m _identify(data/test_depth) by extensions ['python_setup_py']
[0.477s] [34mcolcon.colcon_core.package_identification[0m [1;30mLevel 1[0m _identify(data/test_depth) by extension 'python_setup_py'
[0.478s] [34mcolcon.colcon_core.package_identification[0m [1;30mLevel 1[0m _identify(data/test_rgb) by extensions ['ignore', 'ignore_ament_install']
[0.478s] [34mcolcon.colcon_core.package_identification[0m [1;30mLevel 1[0m _identify(data/test_rgb) by extension 'ignore'
[0.478s] [34mcolcon.colcon_core.package_identification[0m [1;30mLevel 1[0m _identify(data/test_rgb) by extension 'ignore_ament_install'
[0.478s] [34mcolcon.colcon_core.package_identification[0m [1;30mLevel 1[0m _identify(data/test_rgb) by extensions ['colcon_pkg']
[0.478s] [34mcolcon.colcon_core.package_identification[0m [1;30mLevel 1[0m _identify(data/test_rgb) by extension 'colcon_pkg'
[0.478s] [34mcolcon.colcon_core.package_identification[0m [1;30mLevel 1[0m _identify(data/test_rgb) by extensions ['colcon_meta']
[0.478s] [34mcolcon.colcon_core.package_identification[0m [1;30mLevel 1[0m _identify(data/test_rgb) by extension 'colcon_meta'
[0.478s] [34mcolcon.colcon_core.package_identification[0m [1;30mLevel 1[0m _identify(data/test_rgb) by extensions ['ros']
[0.478s] [34mcolcon.colcon_core.package_identification[0m [1;30mLevel 1[0m _identify(data/test_rgb) by extension 'ros'
[0.478s] [34mcolcon.colcon_core.package_identification[0m [1;30mLevel 1[0m _identify(data/test_rgb) by extensions ['cmake', 'python']
[0.478s] [34mcolcon.colcon_core.package_identification[0m [1;30mLevel 1[0m _identify(data/test_rgb) by extension 'cmake'
[0.478s] [34mcolcon.colcon_core.package_identification[0m [1;30mLevel 1[0m _identify(data/test_rgb) by extension 'python'
[0.478s] [34mcolcon.colcon_core.package_identification[0m [1;30mLevel 1[0m _identify(data/test_rgb) by extensions ['python_setup_py']
[0.478s] [34mcolcon.colcon_core.package_identification[0m [1;30mLevel 1[0m _identify(data/test_rgb) by extension 'python_setup_py'
[0.478s] [34mcolcon.colcon_core.package_identification[0m [1;30mLevel 1[0m _identify(data/tools) by extensions ['ignore', 'ignore_ament_install']
[0.478s] [34mcolcon.colcon_core.package_identification[0m [1;30mLevel 1[0m _identify(data/tools) by extension 'ignore'
[0.478s] [34mcolcon.colcon_core.package_identification[0m [1;30mLevel 1[0m _identify(data/tools) by extension 'ignore_ament_install'
[0.478s] [34mcolcon.colcon_core.package_identification[0m [1;30mLevel 1[0m _identify(data/tools) by extensions ['colcon_pkg']
[0.478s] [34mcolcon.colcon_core.package_identification[0m [1;30mLevel 1[0m _identify(data/tools) by extension 'colcon_pkg'
[0.478s] [34mcolcon.colcon_core.package_identification[0m [1;30mLevel 1[0m _identify(data/tools) by extensions ['colcon_meta']
[0.478s] [34mcolcon.colcon_core.package_identification[0m [1;30mLevel 1[0m _identify(data/tools) by extension 'colcon_meta'
[0.479s] [34mcolcon.colcon_core.package_identification[0m [1;30mLevel 1[0m _identify(data/tools) by extensions ['ros']
[0.479s] [34mcolcon.colcon_core.package_identification[0m [1;30mLevel 1[0m _identify(data/tools) by extension 'ros'
[0.479s] [34mcolcon.colcon_core.package_identification[0m [1;30mLevel 1[0m _identify(data/tools) by extensions ['cmake', 'python']
[0.479s] [34mcolcon.colcon_core.package_identification[0m [1;30mLevel 1[0m _identify(data/tools) by extension 'cmake'
[0.479s] [34mcolcon.colcon_core.package_identification[0m [1;30mLevel 1[0m _identify(data/tools) by extension 'python'
[0.479s] [34mcolcon.colcon_core.package_identification[0m [1;30mLevel 1[0m _identify(data/tools) by extensions ['python_setup_py']
[0.479s] [34mcolcon.colcon_core.package_identification[0m [1;30mLevel 1[0m _identify(data/tools) by extension 'python_setup_py'
[0.479s] [34mcolcon.colcon_core.package_identification[0m [1;30mLevel 1[0m _identify(env) by extensions ['ignore', 'ignore_ament_install']
[0.479s] [34mcolcon.colcon_core.package_identification[0m [1;30mLevel 1[0m _identify(env) by extension 'ignore'
[0.479s] [34mcolcon.colcon_core.package_identification[0m [1;30mLevel 1[0m _identify(env) by extension 'ignore_ament_install'
[0.479s] [34mcolcon.colcon_core.package_identification[0m [1;30mLevel 1[0m _identify(env) by extensions ['colcon_pkg']
[0.479s] [34mcolcon.colcon_core.package_identification[0m [1;30mLevel 1[0m _identify(env) by extension 'colcon_pkg'
[0.479s] [34mcolcon.colcon_core.package_identification[0m [1;30mLevel 1[0m _identify(env) by extensions ['colcon_meta']
[0.479s] [34mcolcon.colcon_core.package_identification[0m [1;30mLevel 1[0m _identify(env) by extension 'colcon_meta'
[0.479s] [34mcolcon.colcon_core.package_identification[0m [1;30mLevel 1[0m _identify(env) by extensions ['ros']
[0.479s] [34mcolcon.colcon_core.package_identification[0m [1;30mLevel 1[0m _identify(env) by extension 'ros'
[0.480s] [34mcolcon.colcon_core.package_identification[0m [1;30mLevel 1[0m _identify(env) by extensions ['cmake', 'python']
[0.480s] [34mcolcon.colcon_core.package_identification[0m [1;30mLevel 1[0m _identify(env) by extension 'cmake'
[0.480s] [34mcolcon.colcon_core.package_identification[0m [1;30mLevel 1[0m _identify(env) by extension 'python'
[0.480s] [34mcolcon.colcon_core.package_identification[0m [1;30mLevel 1[0m _identify(env) by extensions ['python_setup_py']
[0.480s] [34mcolcon.colcon_core.package_identification[0m [1;30mLevel 1[0m _identify(env) by extension 'python_setup_py'
[0.480s] [34mcolcon.colcon_core.package_identification[0m [1;30mLevel 1[0m _identify(install) by extensions ['ignore', 'ignore_ament_install']
[0.480s] [34mcolcon.colcon_core.package_identification[0m [1;30mLevel 1[0m _identify(install) by extension 'ignore'
[0.480s] [34mcolcon.colcon_core.package_identification[0m [1;30mLevel 1[0m _identify(install) ignored
[0.480s] [34mcolcon.colcon_core.package_identification[0m [1;30mLevel 1[0m _identify(log) by extensions ['ignore', 'ignore_ament_install']
[0.481s] [34mcolcon.colcon_core.package_identification[0m [1;30mLevel 1[0m _identify(log) by extension 'ignore'
[0.481s] [34mcolcon.colcon_core.package_identification[0m [1;30mLevel 1[0m _identify(log) ignored
[0.481s] [34mcolcon.colcon_core.package_identification[0m [1;30mLevel 1[0m _identify(src) by extensions ['ignore', 'ignore_ament_install']
[0.481s] [34mcolcon.colcon_core.package_identification[0m [1;30mLevel 1[0m _identify(src) by extension 'ignore'
[0.481s] [34mcolcon.colcon_core.package_identification[0m [1;30mLevel 1[0m _identify(src) by extension 'ignore_ament_install'
[0.481s] [34mcolcon.colcon_core.package_identification[0m [1;30mLevel 1[0m _identify(src) by extensions ['colcon_pkg']
[0.481s] [34mcolcon.colcon_core.package_identification[0m [1;30mLevel 1[0m _identify(src) by extension 'colcon_pkg'
[0.481s] [34mcolcon.colcon_core.package_identification[0m [1;30mLevel 1[0m _identify(src) by extensions ['colcon_meta']
[0.481s] [34mcolcon.colcon_core.package_identification[0m [1;30mLevel 1[0m _identify(src) by extension 'colcon_meta'
[0.481s] [34mcolcon.colcon_core.package_identification[0m [1;30mLevel 1[0m _identify(src) by extensions ['ros']
[0.481s] [34mcolcon.colcon_core.package_identification[0m [1;30mLevel 1[0m _identify(src) by extension 'ros'
[0.481s] [34mcolcon.colcon_core.package_identification[0m [1;30mLevel 1[0m _identify(src) by extensions ['cmake', 'python']
[0.481s] [34mcolcon.colcon_core.package_identification[0m [1;30mLevel 1[0m _identify(src) by extension 'cmake'
[0.481s] [34mcolcon.colcon_core.package_identification[0m [1;30mLevel 1[0m _identify(src) by extension 'python'
[0.481s] [34mcolcon.colcon_core.package_identification[0m [1;30mLevel 1[0m _identify(src) by extensions ['python_setup_py']
[0.481s] [34mcolcon.colcon_core.package_identification[0m [1;30mLevel 1[0m _identify(src) by extension 'python_setup_py'
[0.481s] [34mcolcon.colcon_core.package_identification[0m [1;30mLevel 1[0m _identify(src/meca500_ros2) by extensions ['ignore', 'ignore_ament_install']
[0.482s] [34mcolcon.colcon_core.package_identification[0m [1;30mLevel 1[0m _identify(src/meca500_ros2) by extension 'ignore'
[0.482s] [34mcolcon.colcon_core.package_identification[0m [1;30mLevel 1[0m _identify(src/meca500_ros2) by extension 'ignore_ament_install'
[0.482s] [34mcolcon.colcon_core.package_identification[0m [1;30mLevel 1[0m _identify(src/meca500_ros2) by extensions ['colcon_pkg']
[0.482s] [34mcolcon.colcon_core.package_identification[0m [1;30mLevel 1[0m _identify(src/meca500_ros2) by extension 'colcon_pkg'
[0.482s] [34mcolcon.colcon_core.package_identification[0m [1;30mLevel 1[0m _identify(src/meca500_ros2) by extensions ['colcon_meta']
[0.482s] [34mcolcon.colcon_core.package_identification[0m [1;30mLevel 1[0m _identify(src/meca500_ros2) by extension 'colcon_meta'
[0.482s] [34mcolcon.colcon_core.package_identification[0m [1;30mLevel 1[0m _identify(src/meca500_ros2) by extensions ['ros']
[0.482s] [34mcolcon.colcon_core.package_identification[0m [1;30mLevel 1[0m _identify(src/meca500_ros2) by extension 'ros'
[0.487s] [34mcolcon.colcon_core.package_identification[0m [1;30mDEBUG[0m [32mPackage 'src/meca500_ros2' with type 'ros.ament_python' and name 'meca500_ros2'[0m
[0.487s] [34mcolcon.colcon_core.package_identification[0m [1;30mLevel 1[0m _identify(src/strawberry_bringup) by extensions ['ignore', 'ignore_ament_install']
[0.487s] [34mcolcon.colcon_core.package_identification[0m [1;30mLevel 1[0m _identify(src/strawberry_bringup) by extension 'ignore'
[0.487s] [34mcolcon.colcon_core.package_identification[0m [1;30mLevel 1[0m _identify(src/strawberry_bringup) by extension 'ignore_ament_install'
[0.487s] [34mcolcon.colcon_core.package_identification[0m [1;30mLevel 1[0m _identify(src/strawberry_bringup) by extensions ['colcon_pkg']
[0.487s] [34mcolcon.colcon_core.package_identification[0m [1;30mLevel 1[0m _identify(src/strawberry_bringup) by extension 'colcon_pkg'
[0.487s] [34mcolcon.colcon_core.package_identification[0m [1;30mLevel 1[0m _identify(src/strawberry_bringup) by extensions ['colcon_meta']
[0.487s] [34mcolcon.colcon_core.package_identification[0m [1;30mLevel 1[0m _identify(src/strawberry_bringup) by extension 'colcon_meta'
[0.488s] [34mcolcon.colcon_core.package_identification[0m [1;30mLevel 1[0m _identify(src/strawberry_bringup) by extensions ['ros']
[0.488s] [34mcolcon.colcon_core.package_identification[0m [1;30mLevel 1[0m _identify(src/strawberry_bringup) by extension 'ros'
[0.489s] [34mcolcon.colcon_core.package_identification[0m [1;30mDEBUG[0m [32mPackage 'src/strawberry_bringup' with type 'ros.ament_python' and name 'strawberry_bringup'[0m
[0.490s] [34mcolcon.colcon_core.package_identification[0m [1;30mLevel 1[0m _identify(src/strawberry_camera) by extensions ['ignore', 'ignore_ament_install']
[0.490s] [34mcolcon.colcon_core.package_identification[0m [1;30mLevel 1[0m _identify(src/strawberry_camera) by extension 'ignore'
[0.490s] [34mcolcon.colcon_core.package_identification[0m [1;30mLevel 1[0m _identify(src/strawberry_camera) by extension 'ignore_ament_install'
[0.490s] [34mcolcon.colcon_core.package_identification[0m [1;30mLevel 1[0m _identify(src/strawberry_camera) by extensions ['colcon_pkg']
[0.490s] [34mcolcon.colcon_core.package_identification[0m [1;30mLevel 1[0m _identify(src/strawberry_camera) by extension 'colcon_pkg'
[0.490s] [34mcolcon.colcon_core.package_identification[0m [1;30mLevel 1[0m _identify(src/strawberry_camera) by extensions ['colcon_meta']
[0.490s] [34mcolcon.colcon_core.package_identification[0m [1;30mLevel 1[0m _identify(src/strawberry_camera) by extension 'colcon_meta'
[0.490s] [34mcolcon.colcon_core.package_identification[0m [1;30mLevel 1[0m _identify(src/strawberry_camera) by extensions ['ros']
[0.490s] [34mcolcon.colcon_core.package_identification[0m [1;30mLevel 1[0m _identify(src/strawberry_camera) by extension 'ros'
[0.491s] [34mcolcon.colcon_core.package_identification[0m [1;30mDEBUG[0m [32mPackage 'src/strawberry_camera' with type 'ros.ament_python' and name 'strawberry_camera'[0m
[0.491s] [34mcolcon.colcon_core.package_identification[0m [1;30mLevel 1[0m _identify(src/strawberry_cluster) by extensions ['ignore', 'ignore_ament_install']
[0.492s] [34mcolcon.colcon_core.package_identification[0m [1;30mLevel 1[0m _identify(src/strawberry_cluster) by extension 'ignore'
[0.492s] [34mcolcon.colcon_core.package_identification[0m [1;30mLevel 1[0m _identify(src/strawberry_cluster) by extension 'ignore_ament_install'
[0.492s] [34mcolcon.colcon_core.package_identification[0m [1;30mLevel 1[0m _identify(src/strawberry_cluster) by extensions ['colcon_pkg']
[0.492s] [34mcolcon.colcon_core.package_identification[0m [1;30mLevel 1[0m _identify(src/strawberry_cluster) by extension 'colcon_pkg'
[0.492s] [34mcolcon.colcon_core.package_identification[0m [1;30mLevel 1[0m _identify(src/strawberry_cluster) by extensions ['colcon_meta']
[0.492s] [34mcolcon.colcon_core.package_identification[0m [1;30mLevel 1[0m _identify(src/strawberry_cluster) by extension 'colcon_meta'
[0.492s] [34mcolcon.colcon_core.package_identification[0m [1;30mLevel 1[0m _identify(src/strawberry_cluster) by extensions ['ros']
[0.492s] [34mcolcon.colcon_core.package_identification[0m [1;30mLevel 1[0m _identify(src/strawberry_cluster) by extension 'ros'
[0.493s] [34mcolcon.colcon_core.package_identification[0m [1;30mDEBUG[0m [32mPackage 'src/strawberry_cluster' with type 'ros.ament_python' and name 'strawberry_cluster'[0m
[0.493s] [34mcolcon.colcon_core.package_identification[0m [1;30mLevel 1[0m _identify(src/strawberry_msgs) by extensions ['ignore', 'ignore_ament_install']
[0.494s] [34mcolcon.colcon_core.package_identification[0m [1;30mLevel 1[0m _identify(src/strawberry_msgs) by extension 'ignore'
[0.494s] [34mcolcon.colcon_core.package_identification[0m [1;30mLevel 1[0m _identify(src/strawberry_msgs) by extension 'ignore_ament_install'
[0.494s] [34mcolcon.colcon_core.package_identification[0m [1;30mLevel 1[0m _identify(src/strawberry_msgs) by extensions ['colcon_pkg']
[0.494s] [34mcolcon.colcon_core.package_identification[0m [1;30mLevel 1[0m _identify(src/strawberry_msgs) by extension 'colcon_pkg'
[0.495s] [34mcolcon.colcon_core.package_identification[0m [1;30mLevel 1[0m _identify(src/strawberry_msgs) by extensions ['colcon_meta']
[0.495s] [34mcolcon.colcon_core.package_identification[0m [1;30mLevel 1[0m _identify(src/strawberry_msgs) by extension 'colcon_meta'
[0.495s] [34mcolcon.colcon_core.package_identification[0m [1;30mLevel 1[0m _identify(src/strawberry_msgs) by extensions ['ros']
[0.495s] [34mcolcon.colcon_core.package_identification[0m [1;30mLevel 1[0m _identify(src/strawberry_msgs) by extension 'ros'
[0.497s] [34mcolcon.colcon_core.package_identification[0m [1;30mDEBUG[0m [32mPackage 'src/strawberry_msgs' with type 'ros.ament_cmake' and name 'strawberry_msgs'[0m
[0.497s] [34mcolcon.colcon_core.package_identification[0m [1;30mLevel 1[0m _identify(src/strawberry_segmentation) by extensions ['ignore', 'ignore_ament_install']
[0.497s] [34mcolcon.colcon_core.package_identification[0m [1;30mLevel 1[0m _identify(src/strawberry_segmentation) by extension 'ignore'
[0.497s] [34mcolcon.colcon_core.package_identification[0m [1;30mLevel 1[0m _identify(src/strawberry_segmentation) by extension 'ignore_ament_install'
[0.497s] [34mcolcon.colcon_core.package_identification[0m [1;30mLevel 1[0m _identify(src/strawberry_segmentation) by extensions ['colcon_pkg']
[0.497s] [34mcolcon.colcon_core.package_identification[0m [1;30mLevel 1[0m _identify(src/strawberry_segmentation) by extension 'colcon_pkg'
[0.497s] [34mcolcon.colcon_core.package_identification[0m [1;30mLevel 1[0m _identify(src/strawberry_segmentation) by extensions ['colcon_meta']
[0.497s] [34mcolcon.colcon_core.package_identification[0m [1;30mLevel 1[0m _identify(src/strawberry_segmentation) by extension 'colcon_meta'
[0.497s] [34mcolcon.colcon_core.package_identification[0m [1;30mLevel 1[0m _identify(src/strawberry_segmentation) by extensions ['ros']
[0.497s] [34mcolcon.colcon_core.package_identification[0m [1;30mLevel 1[0m _identify(src/strawberry_segmentation) by extension 'ros'
[0.499s] [34mcolcon.colcon_core.package_identification[0m [1;30mDEBUG[0m [32mPackage 'src/strawberry_segmentation' with type 'ros.ament_python' and name 'strawberry_segmentation'[0m
[0.499s] [34mcolcon.colcon_core.package_discovery[0m [1;30mLevel 1[0m discover_packages(recursive) using defaults
[0.499s] [34mcolcon.colcon_core.package_discovery[0m [1;30mLevel 1[0m discover_packages(ignore) discover
[0.499s] [34mcolcon.colcon_core.package_discovery[0m [1;30mLevel 1[0m discover_packages(ignore) using defaults
[0.499s] [34mcolcon.colcon_core.package_discovery[0m [1;30mLevel 1[0m discover_packages(path) discover
[0.499s] [34mcolcon.colcon_core.package_discovery[0m [1;30mLevel 1[0m discover_packages(path) using defaults
[0.526s] [34mcolcon.colcon_core.package_discovery[0m [1;30mLevel 1[0m discover_packages(prefix_path) check parameters
[0.526s] [34mcolcon.colcon_core.package_discovery[0m [1;30mLevel 1[0m discover_packages(prefix_path) discover
[0.529s] [34mcolcon.colcon_installed_package_information.package_discovery[0m [1;30mDEBUG[0m [32mFound 6 installed packages in /home/parallels/Forschsemrep/strawberry_ws/install[0m
[0.531s] [34mcolcon.colcon_installed_package_information.package_discovery[0m [1;30mDEBUG[0m [32mFound 400 installed packages in /opt/ros/humble[0m
[0.533s] [34mcolcon.colcon_core.package_discovery[0m [1;30mLevel 1[0m discover_packages(prefix_path) using defaults
[0.595s] [34mcolcon.colcon_core.verb[0m [1;30mLevel 5[0m set package 'meca500_ros2' build argument 'cmake_args' from command line to 'None'
[0.596s] [34mcolcon.colcon_core.verb[0m [1;30mLevel 5[0m set package 'meca500_ros2' build argument 'cmake_target' from command line to 'None'
[0.596s] [34mcolcon.colcon_core.verb[0m [1;30mLevel 5[0m set package 'meca500_ros2' build argument 'cmake_target_skip_unavailable' from command line to 'False'
[0.596s] [34mcolcon.colcon_core.verb[0m [1;30mLevel 5[0m set package 'meca500_ros2' build argument 'cmake_clean_cache' from command line to 'False'
[0.596s] [34mcolcon.colcon_core.verb[0m [1;30mLevel 5[0m set package 'meca500_ros2' build argument 'cmake_clean_first' from command line to 'False'
[0.596s] [34mcolcon.colcon_core.verb[0m [1;30mLevel 5[0m set package 'meca500_ros2' build argument 'cmake_force_configure' from command line to 'False'
[0.596s] [34mcolcon.colcon_core.verb[0m [1;30mLevel 5[0m set package 'meca500_ros2' build argument 'ament_cmake_args' from command line to 'None'
[0.596s] [34mcolcon.colcon_core.verb[0m [1;30mLevel 5[0m set package 'meca500_ros2' build argument 'catkin_cmake_args' from command line to 'None'
[0.596s] [34mcolcon.colcon_core.verb[0m [1;30mLevel 5[0m set package 'meca500_ros2' build argument 'catkin_skip_building_tests' from command line to 'False'
[0.596s] [34mcolcon.colcon_core.verb[0m [1;30mDEBUG[0m [32mBuilding package 'meca500_ros2' with the following arguments: {'ament_cmake_args': None, 'build_base': '/home/parallels/Forschsemrep/strawberry_ws/build/meca500_ros2', 'catkin_cmake_args': None, 'catkin_skip_building_tests': False, 'cmake_args': None, 'cmake_clean_cache': False, 'cmake_clean_first': False, 'cmake_force_configure': False, 'cmake_target': None, 'cmake_target_skip_unavailable': False, 'install_base': '/home/parallels/Forschsemrep/strawberry_ws/install/meca500_ros2', 'merge_install': False, 'path': '/home/parallels/Forschsemrep/strawberry_ws/src/meca500_ros2', 'symlink_install': True, 'test_result_base': None}[0m
[0.597s] [34mcolcon.colcon_core.verb[0m [1;30mLevel 5[0m set package 'strawberry_camera' build argument 'cmake_args' from command line to 'None'
[0.597s] [34mcolcon.colcon_core.verb[0m [1;30mLevel 5[0m set package 'strawberry_camera' build argument 'cmake_target' from command line to 'None'
[0.598s] [34mcolcon.colcon_core.verb[0m [1;30mLevel 5[0m set package 'strawberry_camera' build argument 'cmake_target_skip_unavailable' from command line to 'False'
[0.598s] [34mcolcon.colcon_core.verb[0m [1;30mLevel 5[0m set package 'strawberry_camera' build argument 'cmake_clean_cache' from command line to 'False'
[0.598s] [34mcolcon.colcon_core.verb[0m [1;30mLevel 5[0m set package 'strawberry_camera' build argument 'cmake_clean_first' from command line to 'False'
[0.598s] [34mcolcon.colcon_core.verb[0m [1;30mLevel 5[0m set package 'strawberry_camera' build argument 'cmake_force_configure' from command line to 'False'
[0.598s] [34mcolcon.colcon_core.verb[0m [1;30mLevel 5[0m set package 'strawberry_camera' build argument 'ament_cmake_args' from command line to 'None'
[0.598s] [34mcolcon.colcon_core.verb[0m [1;30mLevel 5[0m set package 'strawberry_camera' build argument 'catkin_cmake_args' from command line to 'None'
[0.598s] [34mcolcon.colcon_core.verb[0m [1;30mLevel 5[0m set package 'strawberry_camera' build argument 'catkin_skip_building_tests' from command line to 'False'
[0.598s] [34mcolcon.colcon_core.verb[0m [1;30mDEBUG[0m [32mBuilding package 'strawberry_camera' with the following arguments: {'ament_cmake_args': None, 'build_base': '/home/parallels/Forschsemrep/strawberry_ws/build/strawberry_camera', 'catkin_cmake_args': None, 'catkin_skip_building_tests': False, 'cmake_args': None, 'cmake_clean_cache': False, 'cmake_clean_first': False, 'cmake_force_configure': False, 'cmake_target': None, 'cmake_target_skip_unavailable': False, 'install_base': '/home/parallels/Forschsemrep/strawberry_ws/install/strawberry_camera', 'merge_install': False, 'path': '/home/parallels/Forschsemrep/strawberry_ws/src/strawberry_camera', 'symlink_install': True, 'test_result_base': None}[0m
[0.599s] [34mcolcon.colcon_core.verb[0m [1;30mLevel 5[0m set package 'strawberry_cluster' build argument 'cmake_args' from command line to 'None'
[0.599s] [34mcolcon.colcon_core.verb[0m [1;30mLevel 5[0m set package 'strawberry_cluster' build argument 'cmake_target' from command line to 'None'
[0.599s] [34mcolcon.colcon_core.verb[0m [1;30mLevel 5[0m set package 'strawberry_cluster' build argument 'cmake_target_skip_unavailable' from command line to 'False'
[0.599s] [34mcolcon.colcon_core.verb[0m [1;30mLevel 5[0m set package 'strawberry_cluster' build argument 'cmake_clean_cache' from command line to 'False'
[0.599s] [34mcolcon.colcon_core.verb[0m [1;30mLevel 5[0m set package 'strawberry_cluster' build argument 'cmake_clean_first' from command line to 'False'
[0.599s] [34mcolcon.colcon_core.verb[0m [1;30mLevel 5[0m set package 'strawberry_cluster' build argument 'cmake_force_configure' from command line to 'False'
[0.599s] [34mcolcon.colcon_core.verb[0m [1;30mLevel 5[0m set package 'strawberry_cluster' build argument 'ament_cmake_args' from command line to 'None'
[0.599s] [34mcolcon.colcon_core.verb[0m [1;30mLevel 5[0m set package 'strawberry_cluster' build argument 'catkin_cmake_args' from command line to 'None'
[0.599s] [34mcolcon.colcon_core.verb[0m [1;30mLevel 5[0m set package 'strawberry_cluster' build argument 'catkin_skip_building_tests' from command line to 'False'
[0.599s] [34mcolcon.colcon_core.verb[0m [1;30mDEBUG[0m [32mBuilding package 'strawberry_cluster' with the following arguments: {'ament_cmake_args': None, 'build_base': '/home/parallels/Forschsemrep/strawberry_ws/build/strawberry_cluster', 'catkin_cmake_args': None, 'catkin_skip_building_tests': False, 'cmake_args': None, 'cmake_clean_cache': False, 'cmake_clean_first': False, 'cmake_force_configure': False, 'cmake_target': None, 'cmake_target_skip_unavailable': False, 'install_base': '/home/parallels/Forschsemrep/strawberry_ws/install/strawberry_cluster', 'merge_install': False, 'path': '/home/parallels/Forschsemrep/strawberry_ws/src/strawberry_cluster', 'symlink_install': True, 'test_result_base': None}[0m
[0.600s] [34mcolcon.colcon_core.verb[0m [1;30mLevel 5[0m set package 'strawberry_msgs' build argument 'cmake_args' from command line to 'None'
[0.600s] [34mcolcon.colcon_core.verb[0m [1;30mLevel 5[0m set package 'strawberry_msgs' build argument 'cmake_target' from command line to 'None'
[0.600s] [34mcolcon.colcon_core.verb[0m [1;30mLevel 5[0m set package 'strawberry_msgs' build argument 'cmake_target_skip_unavailable' from command line to 'False'
[0.600s] [34mcolcon.colcon_core.verb[0m [1;30mLevel 5[0m set package 'strawberry_msgs' build argument 'cmake_clean_cache' from command line to 'False'
[0.600s] [34mcolcon.colcon_core.verb[0m [1;30mLevel 5[0m set package 'strawberry_msgs' build argument 'cmake_clean_first' from command line to 'False'
[0.600s] [34mcolcon.colcon_core.verb[0m [1;30mLevel 5[0m set package 'strawberry_msgs' build argument 'cmake_force_configure' from command line to 'False'
[0.600s] [34mcolcon.colcon_core.verb[0m [1;30mLevel 5[0m set package 'strawberry_msgs' build argument 'ament_cmake_args' from command line to 'None'
[0.600s] [34mcolcon.colcon_core.verb[0m [1;30mLevel 5[0m set package 'strawberry_msgs' build argument 'catkin_cmake_args' from command line to 'None'
[0.601s] [34mcolcon.colcon_core.verb[0m [1;30mLevel 5[0m set package 'strawberry_msgs' build argument 'catkin_skip_building_tests' from command line to 'False'
[0.601s] [34mcolcon.colcon_core.verb[0m [1;30mDEBUG[0m [32mBuilding package 'strawberry_msgs' with the following arguments: {'ament_cmake_args': None, 'build_base': '/home/parallels/Forschsemrep/strawberry_ws/build/strawberry_msgs', 'catkin_cmake_args': None, 'catkin_skip_building_tests': False, 'cmake_args': None, 'cmake_clean_cache': False, 'cmake_clean_first': False, 'cmake_force_configure': False, 'cmake_target': None, 'cmake_target_skip_unavailable': False, 'install_base': '/home/parallels/Forschsemrep/strawberry_ws/install/strawberry_msgs', 'merge_install': False, 'path': '/home/parallels/Forschsemrep/strawberry_ws/src/strawberry_msgs', 'symlink_install': True, 'test_result_base': None}[0m
[0.601s] [34mcolcon.colcon_core.verb[0m [1;30mLevel 5[0m set package 'strawberry_segmentation' build argument 'cmake_args' from command line to 'None'
[0.602s] [34mcolcon.colcon_core.verb[0m [1;30mLevel 5[0m set package 'strawberry_segmentation' build argument 'cmake_target' from command line to 'None'
[0.602s] [34mcolcon.colcon_core.verb[0m [1;30mLevel 5[0m set package 'strawberry_segmentation' build argument 'cmake_target_skip_unavailable' from command line to 'False'
[0.602s] [34mcolcon.colcon_core.verb[0m [1;30mLevel 5[0m set package 'strawberry_segmentation' build argument 'cmake_clean_cache' from command line to 'False'
[0.602s] [34mcolcon.colcon_core.verb[0m [1;30mLevel 5[0m set package 'strawberry_segmentation' build argument 'cmake_clean_first' from command line to 'False'
[0.602s] [34mcolcon.colcon_core.verb[0m [1;30mLevel 5[0m set package 'strawberry_segmentation' build argument 'cmake_force_configure' from command line to 'False'
[0.602s] [34mcolcon.colcon_core.verb[0m [1;30mLevel 5[0m set package 'strawberry_segmentation' build argument 'ament_cmake_args' from command line to 'None'
[0.602s] [34mcolcon.colcon_core.verb[0m [1;30mLevel 5[0m set package 'strawberry_segmentation' build argument 'catkin_cmake_args' from command line to 'None'
[0.602s] [34mcolcon.colcon_core.verb[0m [1;30mLevel 5[0m set package 'strawberry_segmentation' build argument 'catkin_skip_building_tests' from command line to 'False'
[0.602s] [34mcolcon.colcon_core.verb[0m [1;30mDEBUG[0m [32mBuilding package 'strawberry_segmentation' with the following arguments: {'ament_cmake_args': None, 'build_base': '/home/parallels/Forschsemrep/strawberry_ws/build/strawberry_segmentation', 'catkin_cmake_args': None, 'catkin_skip_building_tests': False, 'cmake_args': None, 'cmake_clean_cache': False, 'cmake_clean_first': False, 'cmake_force_configure': False, 'cmake_target': None, 'cmake_target_skip_unavailable': False, 'install_base': '/home/parallels/Forschsemrep/strawberry_ws/install/strawberry_segmentation', 'merge_install': False, 'path': '/home/parallels/Forschsemrep/strawberry_ws/src/strawberry_segmentation', 'symlink_install': True, 'test_result_base': None}[0m
[0.602s] [34mcolcon.colcon_core.verb[0m [1;30mLevel 5[0m set package 'strawberry_bringup' build argument 'cmake_args' from command line to 'None'
[0.603s] [34mcolcon.colcon_core.verb[0m [1;30mLevel 5[0m set package 'strawberry_bringup' build argument 'cmake_target' from command line to 'None'
[0.603s] [34mcolcon.colcon_core.verb[0m [1;30mLevel 5[0m set package 'strawberry_bringup' build argument 'cmake_target_skip_unavailable' from command line to 'False'
[0.603s] [34mcolcon.colcon_core.verb[0m [1;30mLevel 5[0m set package 'strawberry_bringup' build argument 'cmake_clean_cache' from command line to 'False'
[0.603s] [34mcolcon.colcon_core.verb[0m [1;30mLevel 5[0m set package 'strawberry_bringup' build argument 'cmake_clean_first' from command line to 'False'
[0.603s] [34mcolcon.colcon_core.verb[0m [1;30mLevel 5[0m set package 'strawberry_bringup' build argument 'cmake_force_configure' from command line to 'False'
[0.603s] [34mcolcon.colcon_core.verb[0m [1;30mLevel 5[0m set package 'strawberry_bringup' build argument 'ament_cmake_args' from command line to 'None'
[0.603s] [34mcolcon.colcon_core.verb[0m [1;30mLevel 5[0m set package 'strawberry_bringup' build argument 'catkin_cmake_args' from command line to 'None'
[0.603s] [34mcolcon.colcon_core.verb[0m [1;30mLevel 5[0m set package 'strawberry_bringup' build argument 'catkin_skip_building_tests' from command line to 'False'
[0.603s] [34mcolcon.colcon_core.verb[0m [1;30mDEBUG[0m [32mBuilding package 'strawberry_bringup' with the following arguments: {'ament_cmake_args': None, 'build_base': '/home/parallels/Forschsemrep/strawberry_ws/build/strawberry_bringup', 'catkin_cmake_args': None, 'catkin_skip_building_tests': False, 'cmake_args': None, 'cmake_clean_cache': False, 'cmake_clean_first': False, 'cmake_force_configure': False, 'cmake_target': None, 'cmake_target_skip_unavailable': False, 'install_base': '/home/parallels/Forschsemrep/strawberry_ws/install/strawberry_bringup', 'merge_install': False, 'path': '/home/parallels/Forschsemrep/strawberry_ws/src/strawberry_bringup', 'symlink_install': True, 'test_result_base': None}[0m
[0.603s] [34mcolcon.colcon_core.executor[0m [1;30mINFO[0m Executing jobs using 'parallel' executor
[0.605s] [34mcolcon.colcon_parallel_executor.executor.parallel[0m [1;30mDEBUG[0m [32mrun_until_complete[0m
[0.606s] [34mcolcon.colcon_ros.task.ament_python.build[0m [1;30mINFO[0m Building ROS package in '/home/parallels/Forschsemrep/strawberry_ws/src/strawberry_camera' with build type 'ament_python'
[0.606s] [34mcolcon.colcon_core.shell[0m [1;30mLevel 1[0m create_environment_hook('strawberry_camera', 'ament_prefix_path')
[0.611s] [34mcolcon.colcon_core.plugin_system[0m [1;30mINFO[0m Skipping extension 'colcon_core.shell.bat': Not used on non-Windows systems
[0.612s] [34mcolcon.colcon_core.shell[0m [1;30mINFO[0m Creating environment hook '/home/parallels/Forschsemrep/strawberry_ws/install/strawberry_camera/share/strawberry_camera/hook/ament_prefix_path.ps1'
[0.613s] [34mcolcon.colcon_core.shell[0m [1;30mINFO[0m Creating environment descriptor '/home/parallels/Forschsemrep/strawberry_ws/install/strawberry_camera/share/strawberry_camera/hook/ament_prefix_path.dsv'
[0.614s] [34mcolcon.colcon_core.shell[0m [1;30mINFO[0m Creating environment hook '/home/parallels/Forschsemrep/strawberry_ws/install/strawberry_camera/share/strawberry_camera/hook/ament_prefix_path.sh'
[0.615s] [34mcolcon.colcon_core.shell[0m [1;30mINFO[0m Skip shell extension 'powershell' for command environment: Not usable outside of PowerShell
[0.615s] [34mcolcon.colcon_core.shell[0m [1;30mDEBUG[0m [32mSkip shell extension 'dsv' for command environment[0m
[0.621s] [34mcolcon.colcon_ros.task.ament_python.build[0m [1;30mINFO[0m Building ROS package in '/home/parallels/Forschsemrep/strawberry_ws/src/strawberry_cluster' with build type 'ament_python'
[0.621s] [34mcolcon.colcon_core.shell[0m [1;30mLevel 1[0m create_environment_hook('strawberry_cluster', 'ament_prefix_path')
[0.622s] [34mcolcon.colcon_core.shell[0m [1;30mINFO[0m Creating environment hook '/home/parallels/Forschsemrep/strawberry_ws/install/strawberry_cluster/share/strawberry_cluster/hook/ament_prefix_path.ps1'
[0.623s] [34mcolcon.colcon_core.shell[0m [1;30mINFO[0m Creating environment descriptor '/home/parallels/Forschsemrep/strawberry_ws/install/strawberry_cluster/share/strawberry_cluster/hook/ament_prefix_path.dsv'
[0.623s] [34mcolcon.colcon_core.shell[0m [1;30mINFO[0m Creating environment hook '/home/parallels/Forschsemrep/strawberry_ws/install/strawberry_cluster/share/strawberry_cluster/hook/ament_prefix_path.sh'
[0.624s] [34mcolcon.colcon_core.shell[0m [1;30mINFO[0m Skip shell extension 'powershell' for command environment: Not usable outside of PowerShell
[0.625s] [34mcolcon.colcon_core.shell[0m [1;30mDEBUG[0m [32mSkip shell extension 'dsv' for command environment[0m
[0.631s] [34mcolcon.colcon_ros.task.ament_cmake.build[0m [1;30mINFO[0m Building ROS package in '/home/parallels/Forschsemrep/strawberry_ws/src/strawberry_msgs' with build type 'ament_cmake'
[0.631s] [34mcolcon.colcon_cmake.task.cmake.build[0m [1;30mINFO[0m Building CMake package in '/home/parallels/Forschsemrep/strawberry_ws/src/strawberry_msgs'
[0.632s] [34mcolcon.colcon_core.shell[0m [1;30mINFO[0m Skip shell extension 'powershell' for command environment: Not usable outside of PowerShell
[0.632s] [34mcolcon.colcon_core.shell[0m [1;30mDEBUG[0m [32mSkip shell extension 'dsv' for command environment[0m
[0.638s] [34mcolcon.colcon_ros.task.ament_python.build[0m [1;30mINFO[0m Building ROS package in '/home/parallels/Forschsemrep/strawberry_ws/src/strawberry_segmentation' with build type 'ament_python'
[0.639s] [34mcolcon.colcon_core.shell[0m [1;30mLevel 1[0m create_environment_hook('strawberry_segmentation', 'ament_prefix_path')
[0.640s] [34mcolcon.colcon_core.shell[0m [1;30mINFO[0m Creating environment hook '/home/parallels/Forschsemrep/strawberry_ws/install/strawberry_segmentation/share/strawberry_segmentation/hook/ament_prefix_path.ps1'
[0.641s] [34mcolcon.colcon_core.shell[0m [1;30mINFO[0m Creating environment descriptor '/home/parallels/Forschsemrep/strawberry_ws/install/strawberry_segmentation/share/strawberry_segmentation/hook/ament_prefix_path.dsv'
[0.643s] [34mcolcon.colcon_core.shell[0m [1;30mINFO[0m Creating environment hook '/home/parallels/Forschsemrep/strawberry_ws/install/strawberry_segmentation/share/strawberry_segmentation/hook/ament_prefix_path.sh'
[0.647s] [34mcolcon.colcon_core.shell[0m [1;30mINFO[0m Skip shell extension 'powershell' for command environment: Not usable outside of PowerShell
[0.647s] [34mcolcon.colcon_core.shell[0m [1;30mDEBUG[0m [32mSkip shell extension 'dsv' for command environment[0m
[1.068s] [34mcolcon.colcon_core.task.python.build[0m [1;30mINFO[0m Building Python package in '/home/parallels/Forschsemrep/strawberry_ws/src/strawberry_camera'
[1.068s] [34mcolcon.colcon_core.shell[0m [1;30mINFO[0m Skip shell extension 'powershell' for command environment: Not usable outside of PowerShell
[1.068s] [34mcolcon.colcon_core.shell[0m [1;30mDEBUG[0m [32mSkip shell extension 'dsv' for command environment[0m
[1.465s] [34mcolcon.colcon_core.task.python.build[0m [1;30mINFO[0m Building Python package in '/home/parallels/Forschsemrep/strawberry_ws/src/strawberry_cluster'
[1.465s] [34mcolcon.colcon_core.shell[0m [1;30mINFO[0m Skip shell extension 'powershell' for command environment: Not usable outside of PowerShell
[1.465s] [34mcolcon.colcon_core.shell[0m [1;30mDEBUG[0m [32mSkip shell extension 'dsv' for command environment[0m
[1.478s] [34mcolcon.colcon_core.event_handler.log_command[0m [1;30mDEBUG[0m [32mInvoking command in '/home/parallels/Forschsemrep/strawberry_ws/build/strawberry_msgs': CMAKE_PREFIX_PATH=${CMAKE_PREFIX_PATH}:/home/parallels/Forschsemrep/strawberry_ws/install/strawberry_bringup:/home/parallels/Forschsemrep/strawberry_ws/install/strawberry_segmentation:/home/parallels/Forschsemrep/strawberry_ws/install/strawberry_cluster:/home/parallels/Forschsemrep/strawberry_ws/install/strawberry_camera:/home/parallels/Forschsemrep/strawberry_ws/install/meca500_ros2:/opt/ros/humble /usr/bin/cmake --build /home/parallels/Forschsemrep/strawberry_ws/build/strawberry_msgs -- -j4 -l4[0m
[1.922s] [34mcolcon.colcon_core.task.python.build[0m [1;30mINFO[0m Building Python package in '/home/parallels/Forschsemrep/strawberry_ws/src/strawberry_segmentation'
[1.922s] [34mcolcon.colcon_core.shell[0m [1;30mINFO[0m Skip shell extension 'powershell' for command environment: Not usable outside of PowerShell
[1.922s] [34mcolcon.colcon_core.shell[0m [1;30mDEBUG[0m [32mSkip shell extension 'dsv' for command environment[0m
[2.177s] [34mcolcon.colcon_core.event_handler.log_command[0m [1;30mDEBUG[0m [32mInvoked command in '/home/parallels/Forschsemrep/strawberry_ws/build/strawberry_msgs' returned '0': CMAKE_PREFIX_PATH=${CMAKE_PREFIX_PATH}:/home/parallels/Forschsemrep/strawberry_ws/install/strawberry_bringup:/home/parallels/Forschsemrep/strawberry_ws/install/strawberry_segmentation:/home/parallels/Forschsemrep/strawberry_ws/install/strawberry_cluster:/home/parallels/Forschsemrep/strawberry_ws/install/strawberry_camera:/home/parallels/Forschsemrep/strawberry_ws/install/meca500_ros2:/opt/ros/humble /usr/bin/cmake --build /home/parallels/Forschsemrep/strawberry_ws/build/strawberry_msgs -- -j4 -l4[0m
[2.195s] [34mcolcon.colcon_core.event_handler.log_command[0m [1;30mDEBUG[0m [32mInvoking command in '/home/parallels/Forschsemrep/strawberry_ws/build/strawberry_msgs': CMAKE_PREFIX_PATH=${CMAKE_PREFIX_PATH}:/home/parallels/Forschsemrep/strawberry_ws/install/strawberry_bringup:/home/parallels/Forschsemrep/strawberry_ws/install/strawberry_segmentation:/home/parallels/Forschsemrep/strawberry_ws/install/strawberry_cluster:/home/parallels/Forschsemrep/strawberry_ws/install/strawberry_camera:/home/parallels/Forschsemrep/strawberry_ws/install/meca500_ros2:/opt/ros/humble /usr/bin/cmake --install /home/parallels/Forschsemrep/strawberry_ws/build/strawberry_msgs[0m
[2.372s] [34mcolcon.colcon_core.environment[0m [1;30mLevel 1[0m create_environment_scripts_only(strawberry_msgs)
[2.375s] [34mcolcon.colcon_core.event_handler.log_command[0m [1;30mDEBUG[0m [32mInvoked command in '/home/parallels/Forschsemrep/strawberry_ws/build/strawberry_msgs' returned '0': CMAKE_PREFIX_PATH=${CMAKE_PREFIX_PATH}:/home/parallels/Forschsemrep/strawberry_ws/install/strawberry_bringup:/home/parallels/Forschsemrep/strawberry_ws/install/strawberry_segmentation:/home/parallels/Forschsemrep/strawberry_ws/install/strawberry_cluster:/home/parallels/Forschsemrep/strawberry_ws/install/strawberry_camera:/home/parallels/Forschsemrep/strawberry_ws/install/meca500_ros2:/opt/ros/humble /usr/bin/cmake --install /home/parallels/Forschsemrep/strawberry_ws/build/strawberry_msgs[0m
[2.392s] [34mcolcon.colcon_core.environment[0m [1;30mLevel 1[0m checking '/home/parallels/Forschsemrep/strawberry_ws/install/strawberry_msgs' for CMake module files
[2.396s] [34mcolcon.colcon_core.environment[0m [1;30mLevel 1[0m checking '/home/parallels/Forschsemrep/strawberry_ws/install/strawberry_msgs' for CMake config files
[2.397s] [34mcolcon.colcon_core.shell[0m [1;30mLevel 1[0m create_environment_hook('strawberry_msgs', 'cmake_prefix_path')
[2.398s] [34mcolcon.colcon_core.shell[0m [1;30mINFO[0m Creating environment hook '/home/parallels/Forschsemrep/strawberry_ws/install/strawberry_msgs/share/strawberry_msgs/hook/cmake_prefix_path.ps1'
[2.400s] [34mcolcon.colcon_core.shell[0m [1;30mINFO[0m Creating environment descriptor '/home/parallels/Forschsemrep/strawberry_ws/install/strawberry_msgs/share/strawberry_msgs/hook/cmake_prefix_path.dsv'
[2.403s] [34mcolcon.colcon_core.shell[0m [1;30mINFO[0m Creating environment hook '/home/parallels/Forschsemrep/strawberry_ws/install/strawberry_msgs/share/strawberry_msgs/hook/cmake_prefix_path.sh'
[2.405s] [34mcolcon.colcon_core.environment[0m [1;30mLevel 1[0m checking '/home/parallels/Forschsemrep/strawberry_ws/install/strawberry_msgs/lib'
[2.405s] [34mcolcon.colcon_core.shell[0m [1;30mLevel 1[0m create_environment_hook('strawberry_msgs', 'ld_library_path_lib')
[2.406s] [34mcolcon.colcon_core.shell[0m [1;30mINFO[0m Creating environment hook '/home/parallels/Forschsemrep/strawberry_ws/install/strawberry_msgs/share/strawberry_msgs/hook/ld_library_path_lib.ps1'
[2.408s] [34mcolcon.colcon_core.shell[0m [1;30mINFO[0m Creating environment descriptor '/home/parallels/Forschsemrep/strawberry_ws/install/strawberry_msgs/share/strawberry_msgs/hook/ld_library_path_lib.dsv'
[2.410s] [34mcolcon.colcon_core.shell[0m [1;30mINFO[0m Creating environment hook '/home/parallels/Forschsemrep/strawberry_ws/install/strawberry_msgs/share/strawberry_msgs/hook/ld_library_path_lib.sh'
[2.412s] [34mcolcon.colcon_core.environment[0m [1;30mLevel 1[0m checking '/home/parallels/Forschsemrep/strawberry_ws/install/strawberry_msgs/bin'
[2.413s] [34mcolcon.colcon_core.environment[0m [1;30mLevel 1[0m checking '/home/parallels/Forschsemrep/strawberry_ws/install/strawberry_msgs/lib/pkgconfig/strawberry_msgs.pc'
[2.413s] [34mcolcon.colcon_core.environment[0m [1;30mLevel 1[0m checking '/home/parallels/Forschsemrep/strawberry_ws/install/strawberry_msgs/lib/python3.10/site-packages'
[2.414s] [34mcolcon.colcon_core.environment[0m [1;30mLevel 1[0m checking '/home/parallels/Forschsemrep/strawberry_ws/install/strawberry_msgs/bin'
[2.414s] [34mcolcon.colcon_core.shell[0m [1;30mINFO[0m Creating package script '/home/parallels/Forschsemrep/strawberry_ws/install/strawberry_msgs/share/strawberry_msgs/package.ps1'
[2.418s] [34mcolcon.colcon_core.shell[0m [1;30mINFO[0m Creating package descriptor '/home/parallels/Forschsemrep/strawberry_ws/install/strawberry_msgs/share/strawberry_msgs/package.dsv'
[2.421s] [34mcolcon.colcon_core.shell[0m [1;30mINFO[0m Creating package script '/home/parallels/Forschsemrep/strawberry_ws/install/strawberry_msgs/share/strawberry_msgs/package.sh'
[2.425s] [34mcolcon.colcon_core.shell[0m [1;30mINFO[0m Creating package script '/home/parallels/Forschsemrep/strawberry_ws/install/strawberry_msgs/share/strawberry_msgs/package.bash'
[2.426s] [34mcolcon.colcon_core.shell[0m [1;30mINFO[0m Creating package script '/home/parallels/Forschsemrep/strawberry_ws/install/strawberry_msgs/share/strawberry_msgs/package.zsh'
[2.428s] [34mcolcon.colcon_core.environment[0m [1;30mLevel 1[0m create_file_with_runtime_dependencies(/home/parallels/Forschsemrep/strawberry_ws/install/strawberry_msgs/share/colcon-core/packages/strawberry_msgs)
[2.430s] [34mcolcon.colcon_core.environment[0m [1;30mLevel 1[0m create_environment_scripts_only(strawberry_msgs)
[2.431s] [34mcolcon.colcon_core.environment[0m [1;30mLevel 1[0m checking '/home/parallels/Forschsemrep/strawberry_ws/install/strawberry_msgs' for CMake module files
[2.432s] [34mcolcon.colcon_core.environment[0m [1;30mLevel 1[0m checking '/home/parallels/Forschsemrep/strawberry_ws/install/strawberry_msgs' for CMake config files
[2.433s] [34mcolcon.colcon_core.shell[0m [1;30mLevel 1[0m create_environment_hook('strawberry_msgs', 'cmake_prefix_path')
[2.433s] [34mcolcon.colcon_core.shell[0m [1;30mINFO[0m Creating environment hook '/home/parallels/Forschsemrep/strawberry_ws/install/strawberry_msgs/share/strawberry_msgs/hook/cmake_prefix_path.ps1'
[2.434s] [34mcolcon.colcon_core.shell[0m [1;30mINFO[0m Creating environment descriptor '/home/parallels/Forschsemrep/strawberry_ws/install/strawberry_msgs/share/strawberry_msgs/hook/cmake_prefix_path.dsv'
[2.436s] [34mcolcon.colcon_core.shell[0m [1;30mINFO[0m Creating environment hook '/home/parallels/Forschsemrep/strawberry_ws/install/strawberry_msgs/share/strawberry_msgs/hook/cmake_prefix_path.sh'
[2.439s] [34mcolcon.colcon_core.environment[0m [1;30mLevel 1[0m checking '/home/parallels/Forschsemrep/strawberry_ws/install/strawberry_msgs/lib'
[2.439s] [34mcolcon.colcon_core.shell[0m [1;30mLevel 1[0m create_environment_hook('strawberry_msgs', 'ld_library_path_lib')
[2.440s] [34mcolcon.colcon_core.shell[0m [1;30mINFO[0m Creating environment hook '/home/parallels/Forschsemrep/strawberry_ws/install/strawberry_msgs/share/strawberry_msgs/hook/ld_library_path_lib.ps1'
[2.441s] [34mcolcon.colcon_core.shell[0m [1;30mINFO[0m Creating environment descriptor '/home/parallels/Forschsemrep/strawberry_ws/install/strawberry_msgs/share/strawberry_msgs/hook/ld_library_path_lib.dsv'
[2.443s] [34mcolcon.colcon_core.shell[0m [1;30mINFO[0m Creating environment hook '/home/parallels/Forschsemrep/strawberry_ws/install/strawberry_msgs/share/strawberry_msgs/hook/ld_library_path_lib.sh'
[2.445s] [34mcolcon.colcon_core.environment[0m [1;30mLevel 1[0m checking '/home/parallels/Forschsemrep/strawberry_ws/install/strawberry_msgs/bin'
[2.446s] [34mcolcon.colcon_core.environment[0m [1;30mLevel 1[0m checking '/home/parallels/Forschsemrep/strawberry_ws/install/strawberry_msgs/lib/pkgconfig/strawberry_msgs.pc'
[2.447s] [34mcolcon.colcon_core.environment[0m [1;30mLevel 1[0m checking '/home/parallels/Forschsemrep/strawberry_ws/install/strawberry_msgs/lib/python3.10/site-packages'
[2.448s] [34mcolcon.colcon_core.environment[0m [1;30mLevel 1[0m checking '/home/parallels/Forschsemrep/strawberry_ws/install/strawberry_msgs/bin'
[2.449s] [34mcolcon.colcon_core.shell[0m [1;30mINFO[0m Creating package script '/home/parallels/Forschsemrep/strawberry_ws/install/strawberry_msgs/share/strawberry_msgs/package.ps1'
[2.452s] [34mcolcon.colcon_core.shell[0m [1;30mINFO[0m Creating package descriptor '/home/parallels/Forschsemrep/strawberry_ws/install/strawberry_msgs/share/strawberry_msgs/package.dsv'
[2.454s] [34mcolcon.colcon_core.shell[0m [1;30mINFO[0m Creating package script '/home/parallels/Forschsemrep/strawberry_ws/install/strawberry_msgs/share/strawberry_msgs/package.sh'
[2.456s] [34mcolcon.colcon_core.shell[0m [1;30mINFO[0m Creating package script '/home/parallels/Forschsemrep/strawberry_ws/install/strawberry_msgs/share/strawberry_msgs/package.bash'
[2.457s] [34mcolcon.colcon_core.shell[0m [1;30mINFO[0m Creating package script '/home/parallels/Forschsemrep/strawberry_ws/install/strawberry_msgs/share/strawberry_msgs/package.zsh'
[2.458s] [34mcolcon.colcon_core.environment[0m [1;30mLevel 1[0m create_file_with_runtime_dependencies(/home/parallels/Forschsemrep/strawberry_ws/install/strawberry_msgs/share/colcon-core/packages/strawberry_msgs)
[2.461s] [34mcolcon.colcon_ros.task.ament_python.build[0m [1;30mINFO[0m Building ROS package in '/home/parallels/Forschsemrep/strawberry_ws/src/meca500_ros2' with build type 'ament_python'
[2.461s] [34mcolcon.colcon_core.shell[0m [1;30mLevel 1[0m create_environment_hook('meca500_ros2', 'ament_prefix_path')
[2.462s] [34mcolcon.colcon_core.shell[0m [1;30mINFO[0m Creating environment hook '/home/parallels/Forschsemrep/strawberry_ws/install/meca500_ros2/share/meca500_ros2/hook/ament_prefix_path.ps1'
[2.465s] [34mcolcon.colcon_core.shell[0m [1;30mINFO[0m Creating environment descriptor '/home/parallels/Forschsemrep/strawberry_ws/install/meca500_ros2/share/meca500_ros2/hook/ament_prefix_path.dsv'
[2.467s] [34mcolcon.colcon_core.shell[0m [1;30mINFO[0m Creating environment hook '/home/parallels/Forschsemrep/strawberry_ws/install/meca500_ros2/share/meca500_ros2/hook/ament_prefix_path.sh'
[2.469s] [34mcolcon.colcon_core.shell[0m [1;30mINFO[0m Skip shell extension 'powershell' for command environment: Not usable outside of PowerShell
[2.470s] [34mcolcon.colcon_core.shell[0m [1;30mDEBUG[0m [32mSkip shell extension 'dsv' for command environment[0m
[2.895s] [34mcolcon.colcon_core.task.python.build[0m [1;30mINFO[0m Building Python package in '/home/parallels/Forschsemrep/strawberry_ws/src/meca500_ros2'
[2.896s] [34mcolcon.colcon_core.shell[0m [1;30mINFO[0m Skip shell extension 'powershell' for command environment: Not usable outside of PowerShell
[2.896s] [34mcolcon.colcon_core.shell[0m [1;30mDEBUG[0m [32mSkip shell extension 'dsv' for command environment[0m
[2.908s] [34mcolcon.colcon_core.event_handler.log_command[0m [1;30mDEBUG[0m [32mInvoking command in '/home/parallels/Forschsemrep/strawberry_ws/build/strawberry_cluster': PYTHONPATH=/home/parallels/Forschsemrep/strawberry_ws/build/strawberry_cluster/prefix_override:/usr/lib/python3/dist-packages/colcon_core/task/python/colcon_distutils_commands:/home/parallels/Forschsemrep/strawberry_ws/install/strawberry_cluster/lib/python3.10/site-packages:${PYTHONPATH} /usr/bin/python3 -W ignore:setup.py install is deprecated -W ignore:easy_install command is deprecated setup.py develop --editable --build-directory /home/parallels/Forschsemrep/strawberry_ws/build/strawberry_cluster/build --no-deps symlink_data[0m
[2.914s] [34mcolcon.colcon_core.event_handler.log_command[0m [1;30mDEBUG[0m [32mInvoking command in '/home/parallels/Forschsemrep/strawberry_ws/build/strawberry_camera': PYTHONPATH=/home/parallels/Forschsemrep/strawberry_ws/build/strawberry_camera/prefix_override:/usr/lib/python3/dist-packages/colcon_core/task/python/colcon_distutils_commands:/home/parallels/Forschsemrep/strawberry_ws/install/strawberry_camera/lib/python3.10/site-packages:${PYTHONPATH} /usr/bin/python3 -W ignore:setup.py install is deprecated -W ignore:easy_install command is deprecated setup.py develop --editable --build-directory /home/parallels/Forschsemrep/strawberry_ws/build/strawberry_camera/build --no-deps symlink_data[0m
[2.917s] [34mcolcon.colcon_core.event_handler.log_command[0m [1;30mDEBUG[0m [32mInvoking command in '/home/parallels/Forschsemrep/strawberry_ws/build/strawberry_segmentation': PYTHONPATH=/home/parallels/Forschsemrep/strawberry_ws/build/strawberry_segmentation/prefix_override:/usr/lib/python3/dist-packages/colcon_core/task/python/colcon_distutils_commands:/home/parallels/Forschsemrep/strawberry_ws/install/strawberry_segmentation/lib/python3.10/site-packages:${PYTHONPATH} /usr/bin/python3 -W ignore:setup.py install is deprecated -W ignore:easy_install command is deprecated setup.py develop --editable --build-directory /home/parallels/Forschsemrep/strawberry_ws/build/strawberry_segmentation/build --no-deps symlink_data[0m
[3.613s] [34mcolcon.colcon_core.event_handler.log_command[0m [1;30mDEBUG[0m [32mInvoking command in '/home/parallels/Forschsemrep/strawberry_ws/build/meca500_ros2': PYTHONPATH=/home/parallels/Forschsemrep/strawberry_ws/build/meca500_ros2/prefix_override:/usr/lib/python3/dist-packages/colcon_core/task/python/colcon_distutils_commands:/home/parallels/Forschsemrep/strawberry_ws/install/meca500_ros2/lib/python3.10/site-packages:${PYTHONPATH} /usr/bin/python3 -W ignore:setup.py install is deprecated -W ignore:easy_install command is deprecated setup.py develop --editable --build-directory /home/parallels/Forschsemrep/strawberry_ws/build/meca500_ros2/build --no-deps symlink_data[0m
[3.857s] [34mcolcon.colcon_core.shell[0m [1;30mLevel 1[0m create_environment_hook('strawberry_cluster', 'pythonpath_develop')
[3.857s] [34mcolcon.colcon_core.event_handler.log_command[0m [1;30mDEBUG[0m [32mInvoked command in '/home/parallels/Forschsemrep/strawberry_ws/build/strawberry_cluster' returned '0': PYTHONPATH=/home/parallels/Forschsemrep/strawberry_ws/build/strawberry_cluster/prefix_override:/usr/lib/python3/dist-packages/colcon_core/task/python/colcon_distutils_commands:/home/parallels/Forschsemrep/strawberry_ws/install/strawberry_cluster/lib/python3.10/site-packages:${PYTHONPATH} /usr/bin/python3 -W ignore:setup.py install is deprecated -W ignore:easy_install command is deprecated setup.py develop --editable --build-directory /home/parallels/Forschsemrep/strawberry_ws/build/strawberry_cluster/build --no-deps symlink_data[0m
[3.858s] [34mcolcon.colcon_core.shell[0m [1;30mINFO[0m Creating environment hook '/home/parallels/Forschsemrep/strawberry_ws/build/strawberry_cluster/share/strawberry_cluster/hook/pythonpath_develop.ps1'
[3.859s] [34mcolcon.colcon_core.shell[0m [1;30mINFO[0m Creating environment descriptor '/home/parallels/Forschsemrep/strawberry_ws/build/strawberry_cluster/share/strawberry_cluster/hook/pythonpath_develop.dsv'
[3.861s] [34mcolcon.colcon_core.shell[0m [1;30mINFO[0m Creating environment hook '/home/parallels/Forschsemrep/strawberry_ws/build/strawberry_cluster/share/strawberry_cluster/hook/pythonpath_develop.sh'
[3.863s] [34mcolcon.colcon_core.environment[0m [1;30mLevel 1[0m checking '/home/parallels/Forschsemrep/strawberry_ws/install/strawberry_cluster' for CMake module files
[3.864s] [34mcolcon.colcon_core.environment[0m [1;30mLevel 1[0m checking '/home/parallels/Forschsemrep/strawberry_ws/install/strawberry_cluster' for CMake config files
[3.864s] [34mcolcon.colcon_core.environment[0m [1;30mLevel 1[0m checking '/home/parallels/Forschsemrep/strawberry_ws/install/strawberry_cluster/lib'
[3.865s] [34mcolcon.colcon_core.environment[0m [1;30mLevel 1[0m checking '/home/parallels/Forschsemrep/strawberry_ws/install/strawberry_cluster/bin'
[3.866s] [34mcolcon.colcon_core.environment[0m [1;30mLevel 1[0m checking '/home/parallels/Forschsemrep/strawberry_ws/install/strawberry_cluster/lib/pkgconfig/strawberry_cluster.pc'
[3.866s] [34mcolcon.colcon_core.environment[0m [1;30mLevel 1[0m checking '/home/parallels/Forschsemrep/strawberry_ws/install/strawberry_cluster/lib/python3.10/site-packages'
[3.866s] [34mcolcon.colcon_core.shell[0m [1;30mLevel 1[0m create_environment_hook('strawberry_cluster', 'pythonpath')
[3.867s] [34mcolcon.colcon_core.shell[0m [1;30mINFO[0m Creating environment hook '/home/parallels/Forschsemrep/strawberry_ws/install/strawberry_cluster/share/strawberry_cluster/hook/pythonpath.ps1'
[3.869s] [34mcolcon.colcon_core.shell[0m [1;30mINFO[0m Creating environment descriptor '/home/parallels/Forschsemrep/strawberry_ws/install/strawberry_cluster/share/strawberry_cluster/hook/pythonpath.dsv'
[3.870s] [34mcolcon.colcon_core.shell[0m [1;30mINFO[0m Creating environment hook '/home/parallels/Forschsemrep/strawberry_ws/install/strawberry_cluster/share/strawberry_cluster/hook/pythonpath.sh'
[3.871s] [34mcolcon.colcon_core.environment[0m [1;30mLevel 1[0m checking '/home/parallels/Forschsemrep/strawberry_ws/install/strawberry_cluster/bin'
[3.871s] [34mcolcon.colcon_core.environment[0m [1;30mLevel 1[0m create_environment_scripts_only(strawberry_cluster)
[3.873s] [34mcolcon.colcon_core.shell[0m [1;30mINFO[0m Creating package script '/home/parallels/Forschsemrep/strawberry_ws/install/strawberry_cluster/share/strawberry_cluster/package.ps1'
[3.874s] [34mcolcon.colcon_core.shell[0m [1;30mINFO[0m Creating package descriptor '/home/parallels/Forschsemrep/strawberry_ws/install/strawberry_cluster/share/strawberry_cluster/package.dsv'
[3.875s] [34mcolcon.colcon_core.shell[0m [1;30mINFO[0m Creating package script '/home/parallels/Forschsemrep/strawberry_ws/install/strawberry_cluster/share/strawberry_cluster/package.sh'
[3.877s] [34mcolcon.colcon_core.shell[0m [1;30mINFO[0m Creating package script '/home/parallels/Forschsemrep/strawberry_ws/install/strawberry_cluster/share/strawberry_cluster/package.bash'
[3.878s] [34mcolcon.colcon_core.shell[0m [1;30mINFO[0m Creating package script '/home/parallels/Forschsemrep/strawberry_ws/install/strawberry_cluster/share/strawberry_cluster/package.zsh'
[3.879s] [34mcolcon.colcon_core.environment[0m [1;30mLevel 1[0m create_file_with_runtime_dependencies(/home/parallels/Forschsemrep/strawberry_ws/install/strawberry_cluster/share/colcon-core/packages/strawberry_cluster)
[3.883s] [34mcolcon.colcon_core.shell[0m [1;30mLevel 1[0m create_environment_hook('strawberry_camera', 'pythonpath_develop')
[3.884s] [34mcolcon.colcon_core.shell[0m [1;30mINFO[0m Creating environment hook '/home/parallels/Forschsemrep/strawberry_ws/build/strawberry_camera/share/strawberry_camera/hook/pythonpath_develop.ps1'
[3.885s] [34mcolcon.colcon_core.shell[0m [1;30mINFO[0m Creating environment descriptor '/home/parallels/Forschsemrep/strawberry_ws/build/strawberry_camera/share/strawberry_camera/hook/pythonpath_develop.dsv'
[3.886s] [34mcolcon.colcon_core.event_handler.log_command[0m [1;30mDEBUG[0m [32mInvoked command in '/home/parallels/Forschsemrep/strawberry_ws/build/strawberry_camera' returned '0': PYTHONPATH=/home/parallels/Forschsemrep/strawberry_ws/build/strawberry_camera/prefix_override:/usr/lib/python3/dist-packages/colcon_core/task/python/colcon_distutils_commands:/home/parallels/Forschsemrep/strawberry_ws/install/strawberry_camera/lib/python3.10/site-packages:${PYTHONPATH} /usr/bin/python3 -W ignore:setup.py install is deprecated -W ignore:easy_install command is deprecated setup.py develop --editable --build-directory /home/parallels/Forschsemrep/strawberry_ws/build/strawberry_camera/build --no-deps symlink_data[0m
[3.887s] [34mcolcon.colcon_core.shell[0m [1;30mINFO[0m Creating environment hook '/home/parallels/Forschsemrep/strawberry_ws/build/strawberry_camera/share/strawberry_camera/hook/pythonpath_develop.sh'
[3.889s] [34mcolcon.colcon_core.environment[0m [1;30mLevel 1[0m checking '/home/parallels/Forschsemrep/strawberry_ws/install/strawberry_camera' for CMake module files
[3.890s] [34mcolcon.colcon_core.environment[0m [1;30mLevel 1[0m checking '/home/parallels/Forschsemrep/strawberry_ws/install/strawberry_camera' for CMake config files
[3.891s] [34mcolcon.colcon_core.environment[0m [1;30mLevel 1[0m checking '/home/parallels/Forschsemrep/strawberry_ws/install/strawberry_camera/lib'
[3.891s] [34mcolcon.colcon_core.environment[0m [1;30mLevel 1[0m checking '/home/parallels/Forschsemrep/strawberry_ws/install/strawberry_camera/bin'
[3.891s] [34mcolcon.colcon_core.environment[0m [1;30mLevel 1[0m checking '/home/parallels/Forschsemrep/strawberry_ws/install/strawberry_camera/lib/pkgconfig/strawberry_camera.pc'
[3.891s] [34mcolcon.colcon_core.environment[0m [1;30mLevel 1[0m checking '/home/parallels/Forschsemrep/strawberry_ws/install/strawberry_camera/lib/python3.10/site-packages'
[3.892s] [34mcolcon.colcon_core.shell[0m [1;30mLevel 1[0m create_environment_hook('strawberry_camera', 'pythonpath')
[3.892s] [34mcolcon.colcon_core.shell[0m [1;30mINFO[0m Creating environment hook '/home/parallels/Forschsemrep/strawberry_ws/install/strawberry_camera/share/strawberry_camera/hook/pythonpath.ps1'
[3.893s] [34mcolcon.colcon_core.shell[0m [1;30mINFO[0m Creating environment descriptor '/home/parallels/Forschsemrep/strawberry_ws/install/strawberry_camera/share/strawberry_camera/hook/pythonpath.dsv'
[3.894s] [34mcolcon.colcon_core.shell[0m [1;30mINFO[0m Creating environment hook '/home/parallels/Forschsemrep/strawberry_ws/install/strawberry_camera/share/strawberry_camera/hook/pythonpath.sh'
[3.895s] [34mcolcon.colcon_core.environment[0m [1;30mLevel 1[0m checking '/home/parallels/Forschsemrep/strawberry_ws/install/strawberry_camera/bin'
[3.896s] [34mcolcon.colcon_core.environment[0m [1;30mLevel 1[0m create_environment_scripts_only(strawberry_camera)
[3.896s] [34mcolcon.colcon_core.shell[0m [1;30mINFO[0m Creating package script '/home/parallels/Forschsemrep/strawberry_ws/install/strawberry_camera/share/strawberry_camera/package.ps1'
[3.898s] [34mcolcon.colcon_core.shell[0m [1;30mINFO[0m Creating package descriptor '/home/parallels/Forschsemrep/strawberry_ws/install/strawberry_camera/share/strawberry_camera/package.dsv'
[3.899s] [34mcolcon.colcon_core.shell[0m [1;30mINFO[0m Creating package script '/home/parallels/Forschsemrep/strawberry_ws/install/strawberry_camera/share/strawberry_camera/package.sh'
[3.902s] [34mcolcon.colcon_core.shell[0m [1;30mINFO[0m Creating package script '/home/parallels/Forschsemrep/strawberry_ws/install/strawberry_camera/share/strawberry_camera/package.bash'
[3.903s] [34mcolcon.colcon_core.shell[0m [1;30mINFO[0m Creating package script '/home/parallels/Forschsemrep/strawberry_ws/install/strawberry_camera/share/strawberry_camera/package.zsh'
[3.908s] [34mcolcon.colcon_core.environment[0m [1;30mLevel 1[0m create_file_with_runtime_dependencies(/home/parallels/Forschsemrep/strawberry_ws/install/strawberry_camera/share/colcon-core/packages/strawberry_camera)
[3.969s] [34mcolcon.colcon_core.shell[0m [1;30mLevel 1[0m create_environment_hook('strawberry_segmentation', 'pythonpath_develop')
[3.970s] [34mcolcon.colcon_core.shell[0m [1;30mINFO[0m Creating environment hook '/home/parallels/Forschsemrep/strawberry_ws/build/strawberry_segmentation/share/strawberry_segmentation/hook/pythonpath_develop.ps1'
[3.971s] [34mcolcon.colcon_core.shell[0m [1;30mINFO[0m Creating environment descriptor '/home/parallels/Forschsemrep/strawberry_ws/build/strawberry_segmentation/share/strawberry_segmentation/hook/pythonpath_develop.dsv'
[3.972s] [34mcolcon.colcon_core.shell[0m [1;30mINFO[0m Creating environment hook '/home/parallels/Forschsemrep/strawberry_ws/build/strawberry_segmentation/share/strawberry_segmentation/hook/pythonpath_develop.sh'
[3.970s] [34mcolcon.colcon_core.event_handler.log_command[0m [1;30mDEBUG[0m [32mInvoked command in '/home/parallels/Forschsemrep/strawberry_ws/build/strawberry_segmentation' returned '0': PYTHONPATH=/home/parallels/Forschsemrep/strawberry_ws/build/strawberry_segmentation/prefix_override:/usr/lib/python3/dist-packages/colcon_core/task/python/colcon_distutils_commands:/home/parallels/Forschsemrep/strawberry_ws/install/strawberry_segmentation/lib/python3.10/site-packages:${PYTHONPATH} /usr/bin/python3 -W ignore:setup.py install is deprecated -W ignore:easy_install command is deprecated setup.py develop --editable --build-directory /home/parallels/Forschsemrep/strawberry_ws/build/strawberry_segmentation/build --no-deps symlink_data[0m
[3.974s] [34mcolcon.colcon_core.environment[0m [1;30mLevel 1[0m checking '/home/parallels/Forschsemrep/strawberry_ws/install/strawberry_segmentation' for CMake module files
[3.975s] [34mcolcon.colcon_core.environment[0m [1;30mLevel 1[0m checking '/home/parallels/Forschsemrep/strawberry_ws/install/strawberry_segmentation' for CMake config files
[3.978s] [34mcolcon.colcon_core.environment[0m [1;30mLevel 1[0m checking '/home/parallels/Forschsemrep/strawberry_ws/install/strawberry_segmentation/lib'
[3.978s] [34mcolcon.colcon_core.environment[0m [1;30mLevel 1[0m checking '/home/parallels/Forschsemrep/strawberry_ws/install/strawberry_segmentation/bin'
[3.978s] [34mcolcon.colcon_core.environment[0m [1;30mLevel 1[0m checking '/home/parallels/Forschsemrep/strawberry_ws/install/strawberry_segmentation/lib/pkgconfig/strawberry_segmentation.pc'
[3.979s] [34mcolcon.colcon_core.environment[0m [1;30mLevel 1[0m checking '/home/parallels/Forschsemrep/strawberry_ws/install/strawberry_segmentation/lib/python3.10/site-packages'
[3.979s] [34mcolcon.colcon_core.shell[0m [1;30mLevel 1[0m create_environment_hook('strawberry_segmentation', 'pythonpath')
[3.979s] [34mcolcon.colcon_core.shell[0m [1;30mINFO[0m Creating environment hook '/home/parallels/Forschsemrep/strawberry_ws/install/strawberry_segmentation/share/strawberry_segmentation/hook/pythonpath.ps1'
[3.980s] [34mcolcon.colcon_core.shell[0m [1;30mINFO[0m Creating environment descriptor '/home/parallels/Forschsemrep/strawberry_ws/install/strawberry_segmentation/share/strawberry_segmentation/hook/pythonpath.dsv'
[3.981s] [34mcolcon.colcon_core.shell[0m [1;30mINFO[0m Creating environment hook '/home/parallels/Forschsemrep/strawberry_ws/install/strawberry_segmentation/share/strawberry_segmentation/hook/pythonpath.sh'
[3.982s] [34mcolcon.colcon_core.environment[0m [1;30mLevel 1[0m checking '/home/parallels/Forschsemrep/strawberry_ws/install/strawberry_segmentation/bin'
[3.982s] [34mcolcon.colcon_core.environment[0m [1;30mLevel 1[0m create_environment_scripts_only(strawberry_segmentation)
[3.983s] [34mcolcon.colcon_core.shell[0m [1;30mINFO[0m Creating package script '/home/parallels/Forschsemrep/strawberry_ws/install/strawberry_segmentation/share/strawberry_segmentation/package.ps1'
[3.984s] [34mcolcon.colcon_core.shell[0m [1;30mINFO[0m Creating package descriptor '/home/parallels/Forschsemrep/strawberry_ws/install/strawberry_segmentation/share/strawberry_segmentation/package.dsv'
[3.985s] [34mcolcon.colcon_core.shell[0m [1;30mINFO[0m Creating package script '/home/parallels/Forschsemrep/strawberry_ws/install/strawberry_segmentation/share/strawberry_segmentation/package.sh'
[3.987s] [34mcolcon.colcon_core.shell[0m [1;30mINFO[0m Creating package script '/home/parallels/Forschsemrep/strawberry_ws/install/strawberry_segmentation/share/strawberry_segmentation/package.bash'
[3.990s] [34mcolcon.colcon_core.shell[0m [1;30mINFO[0m Creating package script '/home/parallels/Forschsemrep/strawberry_ws/install/strawberry_segmentation/share/strawberry_segmentation/package.zsh'
[3.991s] [34mcolcon.colcon_core.environment[0m [1;30mLevel 1[0m create_file_with_runtime_dependencies(/home/parallels/Forschsemrep/strawberry_ws/install/strawberry_segmentation/share/colcon-core/packages/strawberry_segmentation)
[3.992s] [34mcolcon.colcon_ros.task.ament_python.build[0m [1;30mINFO[0m Building ROS package in '/home/parallels/Forschsemrep/strawberry_ws/src/strawberry_bringup' with build type 'ament_python'
[3.992s] [34mcolcon.colcon_core.shell[0m [1;30mLevel 1[0m create_environment_hook('strawberry_bringup', 'ament_prefix_path')
[3.993s] [34mcolcon.colcon_core.shell[0m [1;30mINFO[0m Creating environment hook '/home/parallels/Forschsemrep/strawberry_ws/install/strawberry_bringup/share/strawberry_bringup/hook/ament_prefix_path.ps1'
[3.995s] [34mcolcon.colcon_core.shell[0m [1;30mINFO[0m Creating environment descriptor '/home/parallels/Forschsemrep/strawberry_ws/install/strawberry_bringup/share/strawberry_bringup/hook/ament_prefix_path.dsv'
[3.997s] [34mcolcon.colcon_core.shell[0m [1;30mINFO[0m Creating environment hook '/home/parallels/Forschsemrep/strawberry_ws/install/strawberry_bringup/share/strawberry_bringup/hook/ament_prefix_path.sh'
[3.998s] [34mcolcon.colcon_core.shell[0m [1;30mINFO[0m Skip shell extension 'powershell' for command environment: Not usable outside of PowerShell
[3.999s] [34mcolcon.colcon_core.shell[0m [1;30mDEBUG[0m [32mSkip shell extension 'dsv' for command environment[0m
[4.676s] [34mcolcon.colcon_core.task.python.build[0m [1;30mINFO[0m Building Python package in '/home/parallels/Forschsemrep/strawberry_ws/src/strawberry_bringup'
[4.677s] [34mcolcon.colcon_core.shell[0m [1;30mINFO[0m Skip shell extension 'powershell' for command environment: Not usable outside of PowerShell
[4.677s] [34mcolcon.colcon_core.shell[0m [1;30mDEBUG[0m [32mSkip shell extension 'dsv' for command environment[0m
[5.075s] [34mcolcon.colcon_core.shell[0m [1;30mLevel 1[0m create_environment_hook('meca500_ros2', 'pythonpath_develop')
[5.076s] [34mcolcon.colcon_core.shell[0m [1;30mINFO[0m Creating environment hook '/home/parallels/Forschsemrep/strawberry_ws/build/meca500_ros2/share/meca500_ros2/hook/pythonpath_develop.ps1'
[5.077s] [34mcolcon.colcon_core.shell[0m [1;30mINFO[0m Creating environment descriptor '/home/parallels/Forschsemrep/strawberry_ws/build/meca500_ros2/share/meca500_ros2/hook/pythonpath_develop.dsv'
[5.076s] [34mcolcon.colcon_core.event_handler.log_command[0m [1;30mDEBUG[0m [32mInvoked command in '/home/parallels/Forschsemrep/strawberry_ws/build/meca500_ros2' returned '0': PYTHONPATH=/home/parallels/Forschsemrep/strawberry_ws/build/meca500_ros2/prefix_override:/usr/lib/python3/dist-packages/colcon_core/task/python/colcon_distutils_commands:/home/parallels/Forschsemrep/strawberry_ws/install/meca500_ros2/lib/python3.10/site-packages:${PYTHONPATH} /usr/bin/python3 -W ignore:setup.py install is deprecated -W ignore:easy_install command is deprecated setup.py develop --editable --build-directory /home/parallels/Forschsemrep/strawberry_ws/build/meca500_ros2/build --no-deps symlink_data[0m
[5.080s] [34mcolcon.colcon_core.shell[0m [1;30mINFO[0m Creating environment hook '/home/parallels/Forschsemrep/strawberry_ws/build/meca500_ros2/share/meca500_ros2/hook/pythonpath_develop.sh'
[5.081s] [34mcolcon.colcon_core.environment[0m [1;30mLevel 1[0m checking '/home/parallels/Forschsemrep/strawberry_ws/install/meca500_ros2' for CMake module files
[5.082s] [34mcolcon.colcon_core.environment[0m [1;30mLevel 1[0m checking '/home/parallels/Forschsemrep/strawberry_ws/install/meca500_ros2' for CMake config files
[5.083s] [34mcolcon.colcon_core.environment[0m [1;30mLevel 1[0m checking '/home/parallels/Forschsemrep/strawberry_ws/install/meca500_ros2/lib'
[5.084s] [34mcolcon.colcon_core.environment[0m [1;30mLevel 1[0m checking '/home/parallels/Forschsemrep/strawberry_ws/install/meca500_ros2/bin'
[5.084s] [34mcolcon.colcon_core.environment[0m [1;30mLevel 1[0m checking '/home/parallels/Forschsemrep/strawberry_ws/install/meca500_ros2/lib/pkgconfig/meca500_ros2.pc'
[5.084s] [34mcolcon.colcon_core.environment[0m [1;30mLevel 1[0m checking '/home/parallels/Forschsemrep/strawberry_ws/install/meca500_ros2/lib/python3.10/site-packages'
[5.084s] [34mcolcon.colcon_core.shell[0m [1;30mLevel 1[0m create_environment_hook('meca500_ros2', 'pythonpath')
[5.086s] [34mcolcon.colcon_core.shell[0m [1;30mINFO[0m Creating environment hook '/home/parallels/Forschsemrep/strawberry_ws/install/meca500_ros2/share/meca500_ros2/hook/pythonpath.ps1'
[5.088s] [34mcolcon.colcon_core.shell[0m [1;30mINFO[0m Creating environment descriptor '/home/parallels/Forschsemrep/strawberry_ws/install/meca500_ros2/share/meca500_ros2/hook/pythonpath.dsv'
[5.089s] [34mcolcon.colcon_core.shell[0m [1;30mINFO[0m Creating environment hook '/home/parallels/Forschsemrep/strawberry_ws/install/meca500_ros2/share/meca500_ros2/hook/pythonpath.sh'
[5.090s] [34mcolcon.colcon_core.environment[0m [1;30mLevel 1[0m checking '/home/parallels/Forschsemrep/strawberry_ws/install/meca500_ros2/bin'
[5.091s] [34mcolcon.colcon_core.environment[0m [1;30mLevel 1[0m create_environment_scripts_only(meca500_ros2)
[5.091s] [34mcolcon.colcon_core.shell[0m [1;30mINFO[0m Creating package script '/home/parallels/Forschsemrep/strawberry_ws/install/meca500_ros2/share/meca500_ros2/package.ps1'
[5.092s] [34mcolcon.colcon_core.shell[0m [1;30mINFO[0m Creating package descriptor '/home/parallels/Forschsemrep/strawberry_ws/install/meca500_ros2/share/meca500_ros2/package.dsv'
[5.093s] [34mcolcon.colcon_core.shell[0m [1;30mINFO[0m Creating package script '/home/parallels/Forschsemrep/strawberry_ws/install/meca500_ros2/share/meca500_ros2/package.sh'
[5.095s] [34mcolcon.colcon_core.shell[0m [1;30mINFO[0m Creating package script '/home/parallels/Forschsemrep/strawberry_ws/install/meca500_ros2/share/meca500_ros2/package.bash'
[5.096s] [34mcolcon.colcon_core.shell[0m [1;30mINFO[0m Creating package script '/home/parallels/Forschsemrep/strawberry_ws/install/meca500_ros2/share/meca500_ros2/package.zsh'
[5.098s] [34mcolcon.colcon_core.environment[0m [1;30mLevel 1[0m create_file_with_runtime_dependencies(/home/parallels/Forschsemrep/strawberry_ws/install/meca500_ros2/share/colcon-core/packages/meca500_ros2)
[5.790s] [34mcolcon.colcon_core.event_handler.log_command[0m [1;30mDEBUG[0m [32mInvoking command in '/home/parallels/Forschsemrep/strawberry_ws/build/strawberry_bringup': AMENT_PREFIX_PATH=/home/parallels/Forschsemrep/strawberry_ws/install/strawberry_segmentation:/home/parallels/Forschsemrep/strawberry_ws/install/strawberry_cluster:/home/parallels/Forschsemrep/strawberry_ws/install/strawberry_camera:/home/parallels/Forschsemrep/strawberry_ws/install/strawberry_bringup:/home/parallels/Forschsemrep/strawberry_ws/install/strawberry_msgs:/home/parallels/Forschsemrep/strawberry_ws/install/meca500_ros2:/opt/ros/humble PYTHONPATH=/home/parallels/Forschsemrep/strawberry_ws/build/strawberry_bringup/prefix_override:/usr/lib/python3/dist-packages/colcon_core/task/python/colcon_distutils_commands:/home/parallels/Forschsemrep/strawberry_ws/install/strawberry_bringup/lib/python3.10/site-packages:/home/parallels/Forschsemrep/strawberry_ws/build/strawberry_segmentation:/home/parallels/Forschsemrep/strawberry_ws/install/strawberry_segmentation/lib/python3.10/site-packages:/home/parallels/Forschsemrep/strawberry_ws/build/strawberry_cluster:/home/parallels/Forschsemrep/strawberry_ws/install/strawberry_cluster/lib/python3.10/site-packages:/home/parallels/Forschsemrep/strawberry_ws/build/strawberry_camera:/home/parallels/Forschsemrep/strawberry_ws/install/strawberry_camera/lib/python3.10/site-packages:/home/parallels/Forschsemrep/strawberry_ws/build/strawberry_bringup:/home/parallels/Forschsemrep/strawberry_ws/install/strawberry_bringup/lib/python3.10/site-packages:/home/parallels/Forschsemrep/strawberry_ws/install/strawberry_msgs/local/lib/python3.10/dist-packages:/home/parallels/Forschsemrep/strawberry_ws/build/meca500_ros2:/home/parallels/Forschsemrep/strawberry_ws/install/meca500_ros2/lib/python3.10/site-packages:/opt/ros/humble/lib/python3.10/site-packages:/opt/ros/humble/local/lib/python3.10/dist-packages /usr/bin/python3 -W ignore:setup.py install is deprecated -W ignore:easy_install command is deprecated setup.py develop --editable --build-directory /home/parallels/Forschsemrep/strawberry_ws/build/strawberry_bringup/build --no-deps symlink_data[0m
[7.217s] [34mcolcon.colcon_core.shell[0m [1;30mLevel 1[0m create_environment_hook('strawberry_bringup', 'pythonpath_develop')
[7.218s] [34mcolcon.colcon_core.shell[0m [1;30mINFO[0m Creating environment hook '/home/parallels/Forschsemrep/strawberry_ws/build/strawberry_bringup/share/strawberry_bringup/hook/pythonpath_develop.ps1'
[7.221s] [34mcolcon.colcon_core.event_handler.log_command[0m [1;30mDEBUG[0m [32mInvoked command in '/home/parallels/Forschsemrep/strawberry_ws/build/strawberry_bringup' returned '0': AMENT_PREFIX_PATH=/home/parallels/Forschsemrep/strawberry_ws/install/strawberry_segmentation:/home/parallels/Forschsemrep/strawberry_ws/install/strawberry_cluster:/home/parallels/Forschsemrep/strawberry_ws/install/strawberry_camera:/home/parallels/Forschsemrep/strawberry_ws/install/strawberry_bringup:/home/parallels/Forschsemrep/strawberry_ws/install/strawberry_msgs:/home/parallels/Forschsemrep/strawberry_ws/install/meca500_ros2:/opt/ros/humble PYTHONPATH=/home/parallels/Forschsemrep/strawberry_ws/build/strawberry_bringup/prefix_override:/usr/lib/python3/dist-packages/colcon_core/task/python/colcon_distutils_commands:/home/parallels/Forschsemrep/strawberry_ws/install/strawberry_bringup/lib/python3.10/site-packages:/home/parallels/Forschsemrep/strawberry_ws/build/strawberry_segmentation:/home/parallels/Forschsemrep/strawberry_ws/install/strawberry_segmentation/lib/python3.10/site-packages:/home/parallels/Forschsemrep/strawberry_ws/build/strawberry_cluster:/home/parallels/Forschsemrep/strawberry_ws/install/strawberry_cluster/lib/python3.10/site-packages:/home/parallels/Forschsemrep/strawberry_ws/build/strawberry_camera:/home/parallels/Forschsemrep/strawberry_ws/install/strawberry_camera/lib/python3.10/site-packages:/home/parallels/Forschsemrep/strawberry_ws/build/strawberry_bringup:/home/parallels/Forschsemrep/strawberry_ws/install/strawberry_bringup/lib/python3.10/site-packages:/home/parallels/Forschsemrep/strawberry_ws/install/strawberry_msgs/local/lib/python3.10/dist-packages:/home/parallels/Forschsemrep/strawberry_ws/build/meca500_ros2:/home/parallels/Forschsemrep/strawberry_ws/install/meca500_ros2/lib/python3.10/site-packages:/opt/ros/humble/lib/python3.10/site-packages:/opt/ros/humble/local/lib/python3.10/dist-packages /usr/bin/python3 -W ignore:setup.py install is deprecated -W ignore:easy_install command is deprecated setup.py develop --editable --build-directory /home/parallels/Forschsemrep/strawberry_ws/build/strawberry_bringup/build --no-deps symlink_data[0m
[7.222s] [34mcolcon.colcon_core.shell[0m [1;30mINFO[0m Creating environment descriptor '/home/parallels/Forschsemrep/strawberry_ws/build/strawberry_bringup/share/strawberry_bringup/hook/pythonpath_develop.dsv'
[7.225s] [34mcolcon.colcon_core.shell[0m [1;30mINFO[0m Creating environment hook '/home/parallels/Forschsemrep/strawberry_ws/build/strawberry_bringup/share/strawberry_bringup/hook/pythonpath_develop.sh'
[7.227s] [34mcolcon.colcon_core.environment[0m [1;30mLevel 1[0m checking '/home/parallels/Forschsemrep/strawberry_ws/install/strawberry_bringup' for CMake module files
[7.227s] [34mcolcon.colcon_core.environment[0m [1;30mLevel 1[0m checking '/home/parallels/Forschsemrep/strawberry_ws/install/strawberry_bringup' for CMake config files
[7.228s] [34mcolcon.colcon_core.environment[0m [1;30mLevel 1[0m checking '/home/parallels/Forschsemrep/strawberry_ws/install/strawberry_bringup/lib'
[7.229s] [34mcolcon.colcon_core.environment[0m [1;30mLevel 1[0m checking '/home/parallels/Forschsemrep/strawberry_ws/install/strawberry_bringup/bin'
[7.229s] [34mcolcon.colcon_core.environment[0m [1;30mLevel 1[0m checking '/home/parallels/Forschsemrep/strawberry_ws/install/strawberry_bringup/lib/pkgconfig/strawberry_bringup.pc'
[7.229s] [34mcolcon.colcon_core.environment[0m [1;30mLevel 1[0m checking '/home/parallels/Forschsemrep/strawberry_ws/install/strawberry_bringup/lib/python3.10/site-packages'
[7.230s] [34mcolcon.colcon_core.shell[0m [1;30mLevel 1[0m create_environment_hook('strawberry_bringup', 'pythonpath')
[7.230s] [34mcolcon.colcon_core.shell[0m [1;30mINFO[0m Creating environment hook '/home/parallels/Forschsemrep/strawberry_ws/install/strawberry_bringup/share/strawberry_bringup/hook/pythonpath.ps1'
[7.232s] [34mcolcon.colcon_core.shell[0m [1;30mINFO[0m Creating environment descriptor '/home/parallels/Forschsemrep/strawberry_ws/install/strawberry_bringup/share/strawberry_bringup/hook/pythonpath.dsv'
[7.235s] [34mcolcon.colcon_core.shell[0m [1;30mINFO[0m Creating environment hook '/home/parallels/Forschsemrep/strawberry_ws/install/strawberry_bringup/share/strawberry_bringup/hook/pythonpath.sh'
[7.238s] [34mcolcon.colcon_core.environment[0m [1;30mLevel 1[0m checking '/home/parallels/Forschsemrep/strawberry_ws/install/strawberry_bringup/bin'
[7.238s] [34mcolcon.colcon_core.environment[0m [1;30mLevel 1[0m create_environment_scripts_only(strawberry_bringup)
[7.238s] [34mcolcon.colcon_core.shell[0m [1;30mINFO[0m Creating package script '/home/parallels/Forschsemrep/strawberry_ws/install/strawberry_bringup/share/strawberry_bringup/package.ps1'
[7.240s] [34mcolcon.colcon_core.shell[0m [1;30mINFO[0m Creating package descriptor '/home/parallels/Forschsemrep/strawberry_ws/install/strawberry_bringup/share/strawberry_bringup/package.dsv'
[7.243s] [34mcolcon.colcon_core.shell[0m [1;30mINFO[0m Creating package script '/home/parallels/Forschsemrep/strawberry_ws/install/strawberry_bringup/share/strawberry_bringup/package.sh'
[7.245s] [34mcolcon.colcon_core.shell[0m [1;30mINFO[0m Creating package script '/home/parallels/Forschsemrep/strawberry_ws/install/strawberry_bringup/share/strawberry_bringup/package.bash'
[7.245s] [34mcolcon.colcon_core.shell[0m [1;30mINFO[0m Creating package script '/home/parallels/Forschsemrep/strawberry_ws/install/strawberry_bringup/share/strawberry_bringup/package.zsh'
[7.247s] [34mcolcon.colcon_core.environment[0m [1;30mLevel 1[0m create_file_with_runtime_dependencies(/home/parallels/Forschsemrep/strawberry_ws/install/strawberry_bringup/share/colcon-core/packages/strawberry_bringup)
[7.248s] [34mcolcon.colcon_parallel_executor.executor.parallel[0m [1;30mDEBUG[0m [32mclosing loop[0m
[7.249s] [34mcolcon.colcon_parallel_executor.executor.parallel[0m [1;30mDEBUG[0m [32mloop closed[0m
[7.250s] [34mcolcon.colcon_parallel_executor.executor.parallel[0m [1;30mDEBUG[0m [32mrun_until_complete finished with '0'[0m
[7.250s] [34mcolcon.colcon_core.event_reactor[0m [1;30mDEBUG[0m [32mjoining thread[0m
[7.288s] [34mcolcon.colcon_core.plugin_system[0m [1;30mINFO[0m Skipping extension 'colcon_notification.desktop_notification.terminal_notifier': Not used on non-Darwin systems
[7.288s] [34mcolcon.colcon_core.plugin_system[0m [1;30mINFO[0m Skipping extension 'colcon_notification.desktop_notification.win32': Not used on non-Windows systems
[7.288s] [34mcolcon.colcon_notification.desktop_notification[0m [1;30mINFO[0m Sending desktop notification using 'notify2'
[7.331s] [34mcolcon.colcon_core.event_reactor[0m [1;30mDEBUG[0m [32mjoined thread[0m
[7.332s] [34mcolcon.colcon_core.shell[0m [1;30mINFO[0m Creating prefix script '/home/parallels/Forschsemrep/strawberry_ws/install/local_setup.ps1'
[7.333s] [34mcolcon.colcon_core.shell[0m [1;30mINFO[0m Creating prefix util module '/home/parallels/Forschsemrep/strawberry_ws/install/_local_setup_util_ps1.py'
[7.341s] [34mcolcon.colcon_core.shell[0m [1;30mINFO[0m Creating prefix chain script '/home/parallels/Forschsemrep/strawberry_ws/install/setup.ps1'
[7.345s] [34mcolcon.colcon_core.shell[0m [1;30mINFO[0m Creating prefix script '/home/parallels/Forschsemrep/strawberry_ws/install/local_setup.sh'
[7.347s] [34mcolcon.colcon_core.shell[0m [1;30mINFO[0m Creating prefix util module '/home/parallels/Forschsemrep/strawberry_ws/install/_local_setup_util_sh.py'
[7.349s] [34mcolcon.colcon_core.shell[0m [1;30mINFO[0m Creating prefix chain script '/home/parallels/Forschsemrep/strawberry_ws/install/setup.sh'
[7.351s] [34mcolcon.colcon_core.shell[0m [1;30mINFO[0m Creating prefix script '/home/parallels/Forschsemrep/strawberry_ws/install/local_setup.bash'
[7.354s] [34mcolcon.colcon_core.shell[0m [1;30mINFO[0m Creating prefix chain script '/home/parallels/Forschsemrep/strawberry_ws/install/setup.bash'
[7.359s] [34mcolcon.colcon_core.shell[0m [1;30mINFO[0m Creating prefix script '/home/parallels/Forschsemrep/strawberry_ws/install/local_setup.zsh'
[7.362s] [34mcolcon.colcon_core.shell[0m [1;30mINFO[0m Creating prefix chain script '/home/parallels/Forschsemrep/strawberry_ws/install/setup.zsh'
