[0.000000] (-) TimerEvent: {}
[0.001286] (meca500_ros2) JobQueued: {'identifier': 'meca500_ros2', 'dependencies': OrderedDict()}
[0.001475] (strawberry_camera) JobQueued: {'identifier': 'strawberry_camera', 'dependencies': OrderedDict()}
[0.002275] (strawberry_cluster) JobQueued: {'identifier': 'strawberry_cluster', 'dependencies': OrderedDict()}
[0.002706] (strawberry_msgs) JobQueued: {'identifier': 'strawberry_msgs', 'dependencies': OrderedDict()}
[0.002831] (strawberry_segmentation) JobQueued: {'identifier': 'strawberry_segmentation', 'dependencies': OrderedDict()}
[0.002912] (strawberry_bringup) JobQueued: {'identifier': 'strawberry_bringup', 'dependencies': OrderedDict([('strawberry_camera', '/home/parallels/Forschsemrep/strawberry_ws/install/strawberry_camera'), ('strawberry_cluster', '/home/parallels/Forschsemrep/strawberry_ws/install/strawberry_cluster'), ('strawberry_msgs', '/home/parallels/Forschsemrep/strawberry_ws/install/strawberry_msgs'), ('strawberry_segmentation', '/home/parallels/Forschsemrep/strawberry_ws/install/strawberry_segmentation')])}
[0.003048] (strawberry_tools) JobQueued: {'identifier': 'strawberry_tools', 'dependencies': OrderedDict([('strawberry_msgs', '/home/parallels/Forschsemrep/strawberry_ws/install/strawberry_msgs')])}
[0.003173] (strawberry_msgs) JobStarted: {'identifier': 'strawberry_msgs'}
[0.024825] (strawberry_camera) JobStarted: {'identifier': 'strawberry_camera'}
[0.052622] (strawberry_cluster) JobStarted: {'identifier': 'strawberry_cluster'}
[0.071370] (strawberry_segmentation) JobStarted: {'identifier': 'strawberry_segmentation'}
[0.093362] (strawberry_msgs) JobProgress: {'identifier': 'strawberry_msgs', 'progress': 'cmake'}
[0.097700] (strawberry_msgs) JobProgress: {'identifier': 'strawberry_msgs', 'progress': 'build'}
[0.099618] (strawberry_msgs) Command: {'cmd': ['/usr/bin/cmake', '--build', '/home/parallels/Forschsemrep/strawberry_ws/build/strawberry_msgs', '--', '-j4', '-l4'], 'cwd': '/home/parallels/Forschsemrep/strawberry_ws/build/strawberry_msgs', 'env': OrderedDict([('GJS_DEBUG_TOPICS', 'JS ERROR;JS LOG'), ('LESSOPEN', '| /usr/bin/lesspipe %s'), ('USER', 'parallels'), ('XDG_SESSION_TYPE', 'wayland'), ('SHLVL', '1'), ('LD_LIBRARY_PATH', '/home/parallels/Forschsemrep/strawberry_ws/install/strawberry_msgs/lib:/usr/lib/x86_64-linux-gnu/gazebo-11/plugins:/opt/ros/humble/opt/rviz_ogre_vendor/lib:/opt/ros/humble/lib/x86_64-linux-gnu:/opt/ros/humble/lib'), ('HOME', '/home/parallels'), ('CONDA_SHLVL', '0'), ('OLDPWD', '/home/parallels'), ('DESKTOP_SESSION', 'ubuntu'), ('GIO_LAUNCHED_DESKTOP_FILE', '/usr/share/applications/terminator.desktop'), ('ROS_PYTHON_VERSION', '3'), ('GNOME_SHELL_SESSION_MODE', 'ubuntu'), ('GTK_MODULES', 'gail:atk-bridge'), ('MANAGERPID', '3032'), ('SYSTEMD_EXEC_PID', '3221'), ('DBUS_SESSION_BUS_ADDRESS', 'unix:path=/run/user/1000/bus'), ('COLORTERM', 'truecolor'), ('TERMINATOR_DBUS_NAME', 'net.tenshu.Terminator25ef4b219e3b005583550f2b0f9f990c3'), ('GIO_LAUNCHED_DESKTOP_FILE_PID', '5529'), ('IM_CONFIG_PHASE', '1'), ('WAYLAND_DISPLAY', 'wayland-0'), ('COLCON_PREFIX_PATH', '/home/parallels/Forschsemrep/strawberry_ws/install'), ('ROS_DISTRO', 'humble'), ('LOGNAME', 'parallels'), ('JOURNAL_STREAM', '8:19956'), ('_', '/usr/bin/colcon'), ('ROS_VERSION', '2'), ('XDG_SESSION_CLASS', 'user'), ('USERNAME', 'parallels'), ('TERM', 'xterm-256color'), ('GNOME_DESKTOP_SESSION_ID', 'this-is-deprecated'), ('ROS_LOCALHOST_ONLY', '0'), ('PATH', '/opt/ros/humble/bin:/home/parallels/.local/bin:/home/parallels/miniforge3/condabin:/home/parallels/.local/bin:/usr/local/sbin:/usr/local/bin:/usr/sbin:/usr/bin:/sbin:/bin:/usr/games:/usr/local/games:/snap/bin:/snap/bin:/home/parallels/.dotnet/tools:/opt/mssql-tools/bin'), ('SESSION_MANAGER', 'local/parallels-Parallels-Virtual-Platform:@/tmp/.ICE-unix/3192,unix/parallels-Parallels-Virtual-Platform:/tmp/.ICE-unix/3192'), ('INVOCATION_ID', '454f23c05d8143398ea19d319ea9d664'), ('XDG_MENU_PREFIX', 'gnome-'), ('GNOME_SETUP_DISPLAY', ':1'), ('XDG_RUNTIME_DIR', '/run/user/1000'), ('MAMBA_ROOT_PREFIX', '/home/parallels/miniforge3'), ('DISPLAY', ':0'), ('TERMINATOR_DBUS_PATH', '/net/tenshu/Terminator2'), ('LANG', 'en_US.UTF-8'), ('XDG_CURRENT_DESKTOP', 'ubuntu:GNOME'), ('DOTNET_BUNDLE_EXTRACT_BASE_DIR', '/home/parallels/.cache/dotnet_bundle_extract'), ('IBUS_DISABLE_SNOOPER', '1'), ('XMODIFIERS', '@im=ibus'), ('XDG_SESSION_DESKTOP', 'ubuntu'), ('XAUTHORITY', '/run/user/1000/.mutter-Xwaylandauth.INPBJ3'), ('LS_COLORS', 'rs=0:di=01;34:ln=01;36:mh=00:pi=40;33:so=01;35:do=01;35:bd=40;33;01:cd=40;33;01:or=40;31;01:mi=00:su=37;41:sg=30;43:ca=30;41:tw=30;42:ow=34;42:st=37;44:ex=01;32:*.tar=01;31:*.tgz=01;31:*.arc=01;31:*.arj=01;31:*.taz=01;31:*.lha=01;31:*.lz4=01;31:*.lzh=01;31:*.lzma=01;31:*.tlz=01;31:*.txz=01;31:*.tzo=01;31:*.t7z=01;31:*.zip=01;31:*.z=01;31:*.dz=01;31:*.gz=01;31:*.lrz=01;31:*.lz=01;31:*.lzo=01;31:*.xz=01;31:*.zst=01;31:*.tzst=01;31:*.bz2=01;31:*.bz=01;31:*.tbz=01;31:*.tbz2=01;31:*.tz=01;31:*.deb=01;31:*.rpm=01;31:*.jar=01;31:*.war=01;31:*.ear=01;31:*.sar=01;31:*.rar=01;31:*.alz=01;31:*.ace=01;31:*.zoo=01;31:*.cpio=01;31:*.7z=01;31:*.rz=01;31:*.cab=01;31:*.wim=01;31:*.swm=01;31:*.dwm=01;31:*.esd=01;31:*.jpg=01;35:*.jpeg=01;35:*.mjpg=01;35:*.mjpeg=01;35:*.gif=01;35:*.bmp=01;35:*.pbm=01;35:*.pgm=01;35:*.ppm=01;35:*.tga=01;35:*.xbm=01;35:*.xpm=01;35:*.tif=01;35:*.tiff=01;35:*.png=01;35:*.svg=01;35:*.svgz=01;35:*.mng=01;35:*.pcx=01;35:*.mov=01;35:*.mpg=01;35:*.mpeg=01;35:*.m2v=01;35:*.mkv=01;35:*.webm=01;35:*.webp=01;35:*.ogm=01;35:*.mp4=01;35:*.m4v=01;35:*.mp4v=01;35:*.vob=01;35:*.qt=01;35:*.nuv=01;35:*.wmv=01;35:*.asf=01;35:*.rm=01;35:*.rmvb=01;35:*.flc=01;35:*.avi=01;35:*.fli=01;35:*.flv=01;35:*.gl=01;35:*.dl=01;35:*.xcf=01;35:*.xwd=01;35:*.yuv=01;35:*.cgm=01;35:*.emf=01;35:*.ogv=01;35:*.ogx=01;35:*.aac=00;36:*.au=00;36:*.flac=00;36:*.m4a=00;36:*.mid=00;36:*.midi=00;36:*.mka=00;36:*.mp3=00;36:*.mpc=00;36:*.ogg=00;36:*.ra=00;36:*.wav=00;36:*.oga=00;36:*.opus=00;36:*.spx=00;36:*.xspf=00;36:'), ('SSH_AGENT_LAUNCHER', 'gnome-keyring'), ('SSH_AUTH_SOCK', '/run/user/1000/keyring/ssh'), ('AMENT_PREFIX_PATH', '/home/parallels/Forschsemrep/strawberry_ws/install/strawberry_tools:/home/parallels/Forschsemrep/strawberry_ws/install/strawberry_bringup:/home/parallels/Forschsemrep/strawberry_ws/install/strawberry_segmentation:/home/parallels/Forschsemrep/strawberry_ws/install/strawberry_msgs:/home/parallels/Forschsemrep/strawberry_ws/install/strawberry_cluster:/home/parallels/Forschsemrep/strawberry_ws/install/strawberry_camera:/home/parallels/Forschsemrep/strawberry_ws/install/meca500_ros2:/opt/ros/humble'), ('CONDA_PYTHON_EXE', '/home/parallels/miniforge3/bin/python'), ('SHELL', '/bin/bash'), ('TERMINATOR_UUID', 'urn:uuid:5deb69e9-cad9-4bb8-a9b5-ba7971cb10ed'), ('QT_ACCESSIBILITY', '1'), ('GDMSESSION', 'ubuntu'), ('LESSCLOSE', '/usr/bin/lesspipe %s %s'), ('GJS_DEBUG_OUTPUT', 'stderr'), ('MAMBA_EXE', '/home/parallels/miniforge3/bin/mamba'), ('QT_IM_MODULE', 'ibus'), ('PWD', '/home/parallels/Forschsemrep/strawberry_ws/build/strawberry_msgs'), ('XDG_CONFIG_DIRS', '/etc/xdg/xdg-ubuntu:/etc/xdg'), ('CONDA_EXE', '/home/parallels/miniforge3/bin/conda'), ('XDG_DATA_DIRS', '/usr/share/ubuntu:/usr/local/share/:/usr/share/:/var/lib/snapd/desktop'), ('PYTHONPATH', '/home/parallels/Forschsemrep/strawberry_ws/build/strawberry_tools:/home/parallels/Forschsemrep/strawberry_ws/install/strawberry_tools/lib/python3.10/site-packages:/home/parallels/Forschsemrep/strawberry_ws/build/strawberry_bringup:/home/parallels/Forschsemrep/strawberry_ws/install/strawberry_bringup/lib/python3.10/site-packages:/home/parallels/Forschsemrep/strawberry_ws/build/strawberry_segmentation:/home/parallels/Forschsemrep/strawberry_ws/install/strawberry_segmentation/lib/python3.10/site-packages:/home/parallels/Forschsemrep/strawberry_ws/install/strawberry_msgs/local/lib/python3.10/dist-packages:/home/parallels/Forschsemrep/strawberry_ws/build/strawberry_cluster:/home/parallels/Forschsemrep/strawberry_ws/install/strawberry_cluster/lib/python3.10/site-packages:/home/parallels/Forschsemrep/strawberry_ws/build/strawberry_camera:/home/parallels/Forschsemrep/strawberry_ws/install/strawberry_camera/lib/python3.10/site-packages:/home/parallels/Forschsemrep/strawberry_ws/build/meca500_ros2:/home/parallels/Forschsemrep/strawberry_ws/install/meca500_ros2/lib/python3.10/site-packages:/opt/ros/humble/lib/python3.10/site-packages:/opt/ros/humble/local/lib/python3.10/dist-packages'), ('COLCON', '1'), ('VTE_VERSION', '6800'), ('CMAKE_PREFIX_PATH', '/home/parallels/Forschsemrep/strawberry_ws/install/strawberry_msgs:/home/parallels/Forschsemrep/strawberry_ws/install/strawberry_tools:/home/parallels/Forschsemrep/strawberry_ws/install/strawberry_bringup:/home/parallels/Forschsemrep/strawberry_ws/install/strawberry_segmentation:/home/parallels/Forschsemrep/strawberry_ws/install/strawberry_cluster:/home/parallels/Forschsemrep/strawberry_ws/install/strawberry_camera:/home/parallels/Forschsemrep/strawberry_ws/install/meca500_ros2:/opt/ros/humble')]), 'shell': False}
[0.102814] (-) TimerEvent: {}
[0.203499] (-) TimerEvent: {}
[0.304933] (-) TimerEvent: {}
[0.408600] (-) TimerEvent: {}
[0.509182] (-) TimerEvent: {}
[0.609710] (-) TimerEvent: {}
[0.713387] (-) TimerEvent: {}
[0.813882] (-) TimerEvent: {}
[0.914576] (-) TimerEvent: {}
[1.015511] (-) TimerEvent: {}
[1.116950] (-) TimerEvent: {}
[1.218632] (-) TimerEvent: {}
[1.319375] (-) TimerEvent: {}
[1.420050] (-) TimerEvent: {}
[1.520654] (-) TimerEvent: {}
[1.558431] (strawberry_msgs) StdoutLine: {'line': b'[  2%] Built target strawberry_msgs__cpp\n'}
[1.561235] (strawberry_msgs) StdoutLine: {'line': b'[  2%] Built target ament_cmake_python_symlink_strawberry_msgs\n'}
[1.562580] (strawberry_msgs) StdoutLine: {'line': b'[ 12%] Built target strawberry_msgs__rosidl_generator_c\n'}
[1.563356] (strawberry_msgs) StdoutLine: {'line': b'[ 23%] Built target strawberry_msgs__rosidl_typesupport_cpp\n'}
[1.563559] (strawberry_msgs) StdoutLine: {'line': b'[ 33%] Built target strawberry_msgs__rosidl_typesupport_fastrtps_cpp\n'}
[1.563748] (strawberry_msgs) StdoutLine: {'line': b'[ 43%] Built target strawberry_msgs__rosidl_typesupport_introspection_cpp\n'}
[1.564744] (strawberry_msgs) StdoutLine: {'line': b'[ 53%] Built target strawberry_msgs__rosidl_typesupport_fastrtps_c\n'}
[1.564839] (strawberry_msgs) StdoutLine: {'line': b'[ 64%] Built target strawberry_msgs__rosidl_typesupport_introspection_c\n'}
[1.564972] (strawberry_msgs) StdoutLine: {'line': b'[ 74%] Built target strawberry_msgs__rosidl_typesupport_c\n'}
[1.565139] (strawberry_msgs) StdoutLine: {'line': b'[ 74%] Built target strawberry_msgs\n'}
[1.565259] (strawberry_msgs) StdoutLine: {'line': b'[ 76%] Built target strawberry_msgs__py\n'}
[1.565351] (strawberry_msgs) StdoutLine: {'line': b'[ 84%] Built target strawberry_msgs__rosidl_generator_py\n'}
[1.565444] (strawberry_msgs) StdoutLine: {'line': b'[ 89%] Built target strawberry_msgs__rosidl_typesupport_fastrtps_c__pyext\n'}
[1.565555] (strawberry_msgs) StdoutLine: {'line': b'[ 94%] Built target strawberry_msgs__rosidl_typesupport_c__pyext\n'}
[1.565665] (strawberry_msgs) StdoutLine: {'line': b'[100%] Built target strawberry_msgs__rosidl_typesupport_introspection_c__pyext\n'}
[1.565779] (strawberry_msgs) StdoutLine: {'line': b'running egg_info\n'}
[1.565999] (strawberry_msgs) StdoutLine: {'line': b'writing strawberry_msgs.egg-info/PKG-INFO\n'}
[1.566302] (strawberry_msgs) StdoutLine: {'line': b'writing dependency_links to strawberry_msgs.egg-info/dependency_links.txt\n'}
[1.566593] (strawberry_msgs) StdoutLine: {'line': b'writing top-level names to strawberry_msgs.egg-info/top_level.txt\n'}
[1.567457] (strawberry_msgs) StdoutLine: {'line': b"reading manifest file 'strawberry_msgs.egg-info/SOURCES.txt'\n"}
[1.567921] (strawberry_msgs) StdoutLine: {'line': b"writing manifest file 'strawberry_msgs.egg-info/SOURCES.txt'\n"}
[1.568205] (strawberry_msgs) StdoutLine: {'line': b'[100%] Built target ament_cmake_python_build_strawberry_msgs_egg\n'}
[1.620914] (-) TimerEvent: {}
[1.721735] (-) TimerEvent: {}
[1.822225] (-) TimerEvent: {}
[1.922903] (-) TimerEvent: {}
[2.022203] (strawberry_msgs) CommandEnded: {'returncode': 0}
[2.022927] (-) TimerEvent: {}
[2.025681] (strawberry_msgs) JobProgress: {'identifier': 'strawberry_msgs', 'progress': 'install'}
[2.040493] (strawberry_msgs) Command: {'cmd': ['/usr/bin/cmake', '--install', '/home/parallels/Forschsemrep/strawberry_ws/build/strawberry_msgs'], 'cwd': '/home/parallels/Forschsemrep/strawberry_ws/build/strawberry_msgs', 'env': OrderedDict([('GJS_DEBUG_TOPICS', 'JS ERROR;JS LOG'), ('LESSOPEN', '| /usr/bin/lesspipe %s'), ('USER', 'parallels'), ('XDG_SESSION_TYPE', 'wayland'), ('SHLVL', '1'), ('LD_LIBRARY_PATH', '/home/parallels/Forschsemrep/strawberry_ws/install/strawberry_msgs/lib:/usr/lib/x86_64-linux-gnu/gazebo-11/plugins:/opt/ros/humble/opt/rviz_ogre_vendor/lib:/opt/ros/humble/lib/x86_64-linux-gnu:/opt/ros/humble/lib'), ('HOME', '/home/parallels'), ('CONDA_SHLVL', '0'), ('OLDPWD', '/home/parallels'), ('DESKTOP_SESSION', 'ubuntu'), ('GIO_LAUNCHED_DESKTOP_FILE', '/usr/share/applications/terminator.desktop'), ('ROS_PYTHON_VERSION', '3'), ('GNOME_SHELL_SESSION_MODE', 'ubuntu'), ('GTK_MODULES', 'gail:atk-bridge'), ('MANAGERPID', '3032'), ('SYSTEMD_EXEC_PID', '3221'), ('DBUS_SESSION_BUS_ADDRESS', 'unix:path=/run/user/1000/bus'), ('COLORTERM', 'truecolor'), ('TERMINATOR_DBUS_NAME', 'net.tenshu.Terminator25ef4b219e3b005583550f2b0f9f990c3'), ('GIO_LAUNCHED_DESKTOP_FILE_PID', '5529'), ('IM_CONFIG_PHASE', '1'), ('WAYLAND_DISPLAY', 'wayland-0'), ('COLCON_PREFIX_PATH', '/home/parallels/Forschsemrep/strawberry_ws/install'), ('ROS_DISTRO', 'humble'), ('LOGNAME', 'parallels'), ('JOURNAL_STREAM', '8:19956'), ('_', '/usr/bin/colcon'), ('ROS_VERSION', '2'), ('XDG_SESSION_CLASS', 'user'), ('USERNAME', 'parallels'), ('TERM', 'xterm-256color'), ('GNOME_DESKTOP_SESSION_ID', 'this-is-deprecated'), ('ROS_LOCALHOST_ONLY', '0'), ('PATH', '/opt/ros/humble/bin:/home/parallels/.local/bin:/home/parallels/miniforge3/condabin:/home/parallels/.local/bin:/usr/local/sbin:/usr/local/bin:/usr/sbin:/usr/bin:/sbin:/bin:/usr/games:/usr/local/games:/snap/bin:/snap/bin:/home/parallels/.dotnet/tools:/opt/mssql-tools/bin'), ('SESSION_MANAGER', 'local/parallels-Parallels-Virtual-Platform:@/tmp/.ICE-unix/3192,unix/parallels-Parallels-Virtual-Platform:/tmp/.ICE-unix/3192'), ('INVOCATION_ID', '454f23c05d8143398ea19d319ea9d664'), ('XDG_MENU_PREFIX', 'gnome-'), ('GNOME_SETUP_DISPLAY', ':1'), ('XDG_RUNTIME_DIR', '/run/user/1000'), ('MAMBA_ROOT_PREFIX', '/home/parallels/miniforge3'), ('DISPLAY', ':0'), ('TERMINATOR_DBUS_PATH', '/net/tenshu/Terminator2'), ('LANG', 'en_US.UTF-8'), ('XDG_CURRENT_DESKTOP', 'ubuntu:GNOME'), ('DOTNET_BUNDLE_EXTRACT_BASE_DIR', '/home/parallels/.cache/dotnet_bundle_extract'), ('IBUS_DISABLE_SNOOPER', '1'), ('XMODIFIERS', '@im=ibus'), ('XDG_SESSION_DESKTOP', 'ubuntu'), ('XAUTHORITY', '/run/user/1000/.mutter-Xwaylandauth.INPBJ3'), ('LS_COLORS', 'rs=0:di=01;34:ln=01;36:mh=00:pi=40;33:so=01;35:do=01;35:bd=40;33;01:cd=40;33;01:or=40;31;01:mi=00:su=37;41:sg=30;43:ca=30;41:tw=30;42:ow=34;42:st=37;44:ex=01;32:*.tar=01;31:*.tgz=01;31:*.arc=01;31:*.arj=01;31:*.taz=01;31:*.lha=01;31:*.lz4=01;31:*.lzh=01;31:*.lzma=01;31:*.tlz=01;31:*.txz=01;31:*.tzo=01;31:*.t7z=01;31:*.zip=01;31:*.z=01;31:*.dz=01;31:*.gz=01;31:*.lrz=01;31:*.lz=01;31:*.lzo=01;31:*.xz=01;31:*.zst=01;31:*.tzst=01;31:*.bz2=01;31:*.bz=01;31:*.tbz=01;31:*.tbz2=01;31:*.tz=01;31:*.deb=01;31:*.rpm=01;31:*.jar=01;31:*.war=01;31:*.ear=01;31:*.sar=01;31:*.rar=01;31:*.alz=01;31:*.ace=01;31:*.zoo=01;31:*.cpio=01;31:*.7z=01;31:*.rz=01;31:*.cab=01;31:*.wim=01;31:*.swm=01;31:*.dwm=01;31:*.esd=01;31:*.jpg=01;35:*.jpeg=01;35:*.mjpg=01;35:*.mjpeg=01;35:*.gif=01;35:*.bmp=01;35:*.pbm=01;35:*.pgm=01;35:*.ppm=01;35:*.tga=01;35:*.xbm=01;35:*.xpm=01;35:*.tif=01;35:*.tiff=01;35:*.png=01;35:*.svg=01;35:*.svgz=01;35:*.mng=01;35:*.pcx=01;35:*.mov=01;35:*.mpg=01;35:*.mpeg=01;35:*.m2v=01;35:*.mkv=01;35:*.webm=01;35:*.webp=01;35:*.ogm=01;35:*.mp4=01;35:*.m4v=01;35:*.mp4v=01;35:*.vob=01;35:*.qt=01;35:*.nuv=01;35:*.wmv=01;35:*.asf=01;35:*.rm=01;35:*.rmvb=01;35:*.flc=01;35:*.avi=01;35:*.fli=01;35:*.flv=01;35:*.gl=01;35:*.dl=01;35:*.xcf=01;35:*.xwd=01;35:*.yuv=01;35:*.cgm=01;35:*.emf=01;35:*.ogv=01;35:*.ogx=01;35:*.aac=00;36:*.au=00;36:*.flac=00;36:*.m4a=00;36:*.mid=00;36:*.midi=00;36:*.mka=00;36:*.mp3=00;36:*.mpc=00;36:*.ogg=00;36:*.ra=00;36:*.wav=00;36:*.oga=00;36:*.opus=00;36:*.spx=00;36:*.xspf=00;36:'), ('SSH_AGENT_LAUNCHER', 'gnome-keyring'), ('SSH_AUTH_SOCK', '/run/user/1000/keyring/ssh'), ('AMENT_PREFIX_PATH', '/home/parallels/Forschsemrep/strawberry_ws/install/strawberry_tools:/home/parallels/Forschsemrep/strawberry_ws/install/strawberry_bringup:/home/parallels/Forschsemrep/strawberry_ws/install/strawberry_segmentation:/home/parallels/Forschsemrep/strawberry_ws/install/strawberry_msgs:/home/parallels/Forschsemrep/strawberry_ws/install/strawberry_cluster:/home/parallels/Forschsemrep/strawberry_ws/install/strawberry_camera:/home/parallels/Forschsemrep/strawberry_ws/install/meca500_ros2:/opt/ros/humble'), ('CONDA_PYTHON_EXE', '/home/parallels/miniforge3/bin/python'), ('SHELL', '/bin/bash'), ('TERMINATOR_UUID', 'urn:uuid:5deb69e9-cad9-4bb8-a9b5-ba7971cb10ed'), ('QT_ACCESSIBILITY', '1'), ('GDMSESSION', 'ubuntu'), ('LESSCLOSE', '/usr/bin/lesspipe %s %s'), ('GJS_DEBUG_OUTPUT', 'stderr'), ('MAMBA_EXE', '/home/parallels/miniforge3/bin/mamba'), ('QT_IM_MODULE', 'ibus'), ('PWD', '/home/parallels/Forschsemrep/strawberry_ws/build/strawberry_msgs'), ('XDG_CONFIG_DIRS', '/etc/xdg/xdg-ubuntu:/etc/xdg'), ('CONDA_EXE', '/home/parallels/miniforge3/bin/conda'), ('XDG_DATA_DIRS', '/usr/share/ubuntu:/usr/local/share/:/usr/share/:/var/lib/snapd/desktop'), ('PYTHONPATH', '/home/parallels/Forschsemrep/strawberry_ws/build/strawberry_tools:/home/parallels/Forschsemrep/strawberry_ws/install/strawberry_tools/lib/python3.10/site-packages:/home/parallels/Forschsemrep/strawberry_ws/build/strawberry_bringup:/home/parallels/Forschsemrep/strawberry_ws/install/strawberry_bringup/lib/python3.10/site-packages:/home/parallels/Forschsemrep/strawberry_ws/build/strawberry_segmentation:/home/parallels/Forschsemrep/strawberry_ws/install/strawberry_segmentation/lib/python3.10/site-packages:/home/parallels/Forschsemrep/strawberry_ws/install/strawberry_msgs/local/lib/python3.10/dist-packages:/home/parallels/Forschsemrep/strawberry_ws/build/strawberry_cluster:/home/parallels/Forschsemrep/strawberry_ws/install/strawberry_cluster/lib/python3.10/site-packages:/home/parallels/Forschsemrep/strawberry_ws/build/strawberry_camera:/home/parallels/Forschsemrep/strawberry_ws/install/strawberry_camera/lib/python3.10/site-packages:/home/parallels/Forschsemrep/strawberry_ws/build/meca500_ros2:/home/parallels/Forschsemrep/strawberry_ws/install/meca500_ros2/lib/python3.10/site-packages:/opt/ros/humble/lib/python3.10/site-packages:/opt/ros/humble/local/lib/python3.10/dist-packages'), ('COLCON', '1'), ('VTE_VERSION', '6800'), ('CMAKE_PREFIX_PATH', '/home/parallels/Forschsemrep/strawberry_ws/install/strawberry_msgs:/home/parallels/Forschsemrep/strawberry_ws/install/strawberry_tools:/home/parallels/Forschsemrep/strawberry_ws/install/strawberry_bringup:/home/parallels/Forschsemrep/strawberry_ws/install/strawberry_segmentation:/home/parallels/Forschsemrep/strawberry_ws/install/strawberry_cluster:/home/parallels/Forschsemrep/strawberry_ws/install/strawberry_camera:/home/parallels/Forschsemrep/strawberry_ws/install/meca500_ros2:/opt/ros/humble')]), 'shell': False}
[2.057747] (strawberry_msgs) StdoutLine: {'line': b'-- Install configuration: "Debug"\n'}
[2.061370] (strawberry_msgs) StdoutLine: {'line': b'-- Execute custom install script\n'}
[2.061528] (strawberry_msgs) StdoutLine: {'line': b'-- Up-to-date symlink: /home/parallels/Forschsemrep/strawberry_ws/install/strawberry_msgs/share/ament_index/resource_index/rosidl_interfaces/strawberry_msgs\n'}
[2.063150] (strawberry_msgs) StdoutLine: {'line': b'-- Up-to-date symlink: /home/parallels/Forschsemrep/strawberry_ws/install/strawberry_msgs/include/strawberry_msgs/strawberry_msgs/msg/detail/frame_info__functions.h\n'}
[2.063379] (strawberry_msgs) StdoutLine: {'line': b'-- Up-to-date symlink: /home/parallels/Forschsemrep/strawberry_ws/install/strawberry_msgs/include/strawberry_msgs/strawberry_msgs/msg/detail/frame_info__struct.h\n'}
[2.068233] (strawberry_msgs) StdoutLine: {'line': b'-- Up-to-date symlink: /home/parallels/Forschsemrep/strawberry_ws/install/strawberry_msgs/include/strawberry_msgs/strawberry_msgs/msg/detail/frame_info__type_support.h\n'}
[2.071408] (strawberry_msgs) StdoutLine: {'line': b'-- Up-to-date symlink: /home/parallels/Forschsemrep/strawberry_ws/install/strawberry_msgs/include/strawberry_msgs/strawberry_msgs/msg/frame_info.h\n'}
[2.073430] (strawberry_msgs) StdoutLine: {'line': b'-- Up-to-date symlink: /home/parallels/Forschsemrep/strawberry_ws/install/strawberry_msgs/include/strawberry_msgs/strawberry_msgs/msg/rosidl_generator_c__visibility_control.h\n'}
[2.073648] (strawberry_msgs) StdoutLine: {'line': b'-- Up-to-date symlink: /home/parallels/Forschsemrep/strawberry_ws/install/strawberry_msgs/include/strawberry_msgs/strawberry_msgs/srv/capture_snapshot.h\n'}
[2.073833] (strawberry_msgs) StdoutLine: {'line': b'-- Up-to-date symlink: /home/parallels/Forschsemrep/strawberry_ws/install/strawberry_msgs/include/strawberry_msgs/strawberry_msgs/srv/detail/capture_snapshot__functions.h\n'}
[2.073929] (strawberry_msgs) StdoutLine: {'line': b'-- Up-to-date symlink: /home/parallels/Forschsemrep/strawberry_ws/install/strawberry_msgs/include/strawberry_msgs/strawberry_msgs/srv/detail/capture_snapshot__struct.h\n'}
[2.074006] (strawberry_msgs) StdoutLine: {'line': b'-- Up-to-date symlink: /home/parallels/Forschsemrep/strawberry_ws/install/strawberry_msgs/include/strawberry_msgs/strawberry_msgs/srv/detail/capture_snapshot__type_support.h\n'}
[2.074131] (strawberry_msgs) StdoutLine: {'line': b'-- Up-to-date symlink: /home/parallels/Forschsemrep/strawberry_ws/install/strawberry_msgs/share/strawberry_msgs/environment/library_path.sh\n'}
[2.074222] (strawberry_msgs) StdoutLine: {'line': b'-- Up-to-date symlink: /home/parallels/Forschsemrep/strawberry_ws/install/strawberry_msgs/share/strawberry_msgs/environment/library_path.dsv\n'}
[2.074278] (strawberry_msgs) StdoutLine: {'line': b'-- Up-to-date symlink: /home/parallels/Forschsemrep/strawberry_ws/install/strawberry_msgs/include/strawberry_msgs/strawberry_msgs/msg/detail/frame_info__rosidl_typesupport_fastrtps_c.h\n'}
[2.074330] (strawberry_msgs) StdoutLine: {'line': b'-- Up-to-date symlink: /home/parallels/Forschsemrep/strawberry_ws/install/strawberry_msgs/include/strawberry_msgs/strawberry_msgs/msg/rosidl_typesupport_fastrtps_c__visibility_control.h\n'}
[2.074389] (strawberry_msgs) StdoutLine: {'line': b'-- Up-to-date symlink: /home/parallels/Forschsemrep/strawberry_ws/install/strawberry_msgs/include/strawberry_msgs/strawberry_msgs/srv/detail/capture_snapshot__rosidl_typesupport_fastrtps_c.h\n'}
[2.074443] (strawberry_msgs) StdoutLine: {'line': b'-- Up-to-date symlink: /home/parallels/Forschsemrep/strawberry_ws/install/strawberry_msgs/include/strawberry_msgs/strawberry_msgs/msg/detail/frame_info__rosidl_typesupport_introspection_c.h\n'}
[2.074495] (strawberry_msgs) StdoutLine: {'line': b'-- Up-to-date symlink: /home/parallels/Forschsemrep/strawberry_ws/install/strawberry_msgs/include/strawberry_msgs/strawberry_msgs/msg/rosidl_typesupport_introspection_c__visibility_control.h\n'}
[2.074578] (strawberry_msgs) StdoutLine: {'line': b'-- Up-to-date symlink: /home/parallels/Forschsemrep/strawberry_ws/install/strawberry_msgs/include/strawberry_msgs/strawberry_msgs/srv/detail/capture_snapshot__rosidl_typesupport_introspection_c.h\n'}
[2.074634] (strawberry_msgs) StdoutLine: {'line': b'-- Up-to-date symlink: /home/parallels/Forschsemrep/strawberry_ws/install/strawberry_msgs/include/strawberry_msgs/strawberry_msgs/msg/detail/frame_info__builder.hpp\n'}
[2.074688] (strawberry_msgs) StdoutLine: {'line': b'-- Up-to-date symlink: /home/parallels/Forschsemrep/strawberry_ws/install/strawberry_msgs/include/strawberry_msgs/strawberry_msgs/msg/detail/frame_info__struct.hpp\n'}
[2.074750] (strawberry_msgs) StdoutLine: {'line': b'-- Up-to-date symlink: /home/parallels/Forschsemrep/strawberry_ws/install/strawberry_msgs/include/strawberry_msgs/strawberry_msgs/msg/detail/frame_info__traits.hpp\n'}
[2.074801] (strawberry_msgs) StdoutLine: {'line': b'-- Up-to-date symlink: /home/parallels/Forschsemrep/strawberry_ws/install/strawberry_msgs/include/strawberry_msgs/strawberry_msgs/msg/detail/frame_info__type_support.hpp\n'}
[2.074881] (strawberry_msgs) StdoutLine: {'line': b'-- Up-to-date symlink: /home/parallels/Forschsemrep/strawberry_ws/install/strawberry_msgs/include/strawberry_msgs/strawberry_msgs/msg/frame_info.hpp\n'}
[2.074937] (strawberry_msgs) StdoutLine: {'line': b'-- Up-to-date symlink: /home/parallels/Forschsemrep/strawberry_ws/install/strawberry_msgs/include/strawberry_msgs/strawberry_msgs/msg/rosidl_generator_cpp__visibility_control.hpp\n'}
[2.074993] (strawberry_msgs) StdoutLine: {'line': b'-- Up-to-date symlink: /home/parallels/Forschsemrep/strawberry_ws/install/strawberry_msgs/include/strawberry_msgs/strawberry_msgs/srv/capture_snapshot.hpp\n'}
[2.075049] (strawberry_msgs) StdoutLine: {'line': b'-- Up-to-date symlink: /home/parallels/Forschsemrep/strawberry_ws/install/strawberry_msgs/include/strawberry_msgs/strawberry_msgs/srv/detail/capture_snapshot__builder.hpp\n'}
[2.075200] (strawberry_msgs) StdoutLine: {'line': b'-- Up-to-date symlink: /home/parallels/Forschsemrep/strawberry_ws/install/strawberry_msgs/include/strawberry_msgs/strawberry_msgs/srv/detail/capture_snapshot__struct.hpp\n'}
[2.075269] (strawberry_msgs) StdoutLine: {'line': b'-- Up-to-date symlink: /home/parallels/Forschsemrep/strawberry_ws/install/strawberry_msgs/include/strawberry_msgs/strawberry_msgs/srv/detail/capture_snapshot__traits.hpp\n'}
[2.075324] (strawberry_msgs) StdoutLine: {'line': b'-- Up-to-date symlink: /home/parallels/Forschsemrep/strawberry_ws/install/strawberry_msgs/include/strawberry_msgs/strawberry_msgs/srv/detail/capture_snapshot__type_support.hpp\n'}
[2.078186] (strawberry_msgs) StdoutLine: {'line': b'-- Up-to-date symlink: /home/parallels/Forschsemrep/strawberry_ws/install/strawberry_msgs/include/strawberry_msgs/strawberry_msgs/msg/detail/frame_info__rosidl_typesupport_fastrtps_cpp.hpp\n'}
[2.078555] (strawberry_msgs) StdoutLine: {'line': b'-- Up-to-date symlink: /home/parallels/Forschsemrep/strawberry_ws/install/strawberry_msgs/include/strawberry_msgs/strawberry_msgs/msg/rosidl_typesupport_fastrtps_cpp__visibility_control.h\n'}
[2.078734] (strawberry_msgs) StdoutLine: {'line': b'-- Up-to-date symlink: /home/parallels/Forschsemrep/strawberry_ws/install/strawberry_msgs/include/strawberry_msgs/strawberry_msgs/srv/detail/capture_snapshot__rosidl_typesupport_fastrtps_cpp.hpp\n'}
[2.079395] (strawberry_msgs) StdoutLine: {'line': b'-- Up-to-date symlink: /home/parallels/Forschsemrep/strawberry_ws/install/strawberry_msgs/include/strawberry_msgs/strawberry_msgs/msg/detail/frame_info__rosidl_typesupport_introspection_cpp.hpp\n'}
[2.080004] (strawberry_msgs) StdoutLine: {'line': b'-- Up-to-date symlink: /home/parallels/Forschsemrep/strawberry_ws/install/strawberry_msgs/include/strawberry_msgs/strawberry_msgs/srv/detail/capture_snapshot__rosidl_typesupport_introspection_cpp.hpp\n'}
[2.080944] (strawberry_msgs) StdoutLine: {'line': b'-- Up-to-date symlink: /home/parallels/Forschsemrep/strawberry_ws/install/strawberry_msgs/share/strawberry_msgs/environment/pythonpath.sh\n'}
[2.081939] (strawberry_msgs) StdoutLine: {'line': b'-- Up-to-date symlink: /home/parallels/Forschsemrep/strawberry_ws/install/strawberry_msgs/share/strawberry_msgs/environment/pythonpath.dsv\n'}
[2.083034] (strawberry_msgs) StdoutLine: {'line': b'-- Up-to-date symlink: /home/parallels/Forschsemrep/strawberry_ws/install/strawberry_msgs/local/lib/python3.10/dist-packages/strawberry_msgs-0.0.1-py3.10.egg-info/PKG-INFO\n'}
[2.083742] (strawberry_msgs) StdoutLine: {'line': b'-- Up-to-date symlink: /home/parallels/Forschsemrep/strawberry_ws/install/strawberry_msgs/local/lib/python3.10/dist-packages/strawberry_msgs-0.0.1-py3.10.egg-info/SOURCES.txt\n'}
[2.084677] (strawberry_msgs) StdoutLine: {'line': b'-- Up-to-date symlink: /home/parallels/Forschsemrep/strawberry_ws/install/strawberry_msgs/local/lib/python3.10/dist-packages/strawberry_msgs-0.0.1-py3.10.egg-info/dependency_links.txt\n'}
[2.085044] (strawberry_msgs) StdoutLine: {'line': b'-- Up-to-date symlink: /home/parallels/Forschsemrep/strawberry_ws/install/strawberry_msgs/local/lib/python3.10/dist-packages/strawberry_msgs-0.0.1-py3.10.egg-info/top_level.txt\n'}
[2.087364] (strawberry_msgs) StdoutLine: {'line': b'-- Up-to-date symlink: /home/parallels/Forschsemrep/strawberry_ws/install/strawberry_msgs/local/lib/python3.10/dist-packages/strawberry_msgs/__init__.py\n'}
[2.087960] (strawberry_msgs) StdoutLine: {'line': b'-- Up-to-date symlink: /home/parallels/Forschsemrep/strawberry_ws/install/strawberry_msgs/local/lib/python3.10/dist-packages/strawberry_msgs/_strawberry_msgs_s.ep.rosidl_typesupport_c.c\n'}
[2.088691] (strawberry_msgs) StdoutLine: {'line': b'-- Up-to-date symlink: /home/parallels/Forschsemrep/strawberry_ws/install/strawberry_msgs/local/lib/python3.10/dist-packages/strawberry_msgs/_strawberry_msgs_s.ep.rosidl_typesupport_fastrtps_c.c\n'}
[2.089293] (strawberry_msgs) StdoutLine: {'line': b'-- Up-to-date symlink: /home/parallels/Forschsemrep/strawberry_ws/install/strawberry_msgs/local/lib/python3.10/dist-packages/strawberry_msgs/_strawberry_msgs_s.ep.rosidl_typesupport_introspection_c.c\n'}
[2.089587] (strawberry_msgs) StdoutLine: {'line': b'-- Up-to-date symlink: /home/parallels/Forschsemrep/strawberry_ws/install/strawberry_msgs/local/lib/python3.10/dist-packages/strawberry_msgs/libstrawberry_msgs__rosidl_generator_py.so\n'}
[2.090429] (strawberry_msgs) StdoutLine: {'line': b'-- Up-to-date symlink: /home/parallels/Forschsemrep/strawberry_ws/install/strawberry_msgs/local/lib/python3.10/dist-packages/strawberry_msgs/msg/__init__.py\n'}
[2.090702] (strawberry_msgs) StdoutLine: {'line': b'-- Up-to-date symlink: /home/parallels/Forschsemrep/strawberry_ws/install/strawberry_msgs/local/lib/python3.10/dist-packages/strawberry_msgs/msg/_frame_info.py\n'}
[2.091587] (strawberry_msgs) StdoutLine: {'line': b'-- Up-to-date symlink: /home/parallels/Forschsemrep/strawberry_ws/install/strawberry_msgs/local/lib/python3.10/dist-packages/strawberry_msgs/msg/_frame_info_s.c\n'}
[2.092409] (strawberry_msgs) StdoutLine: {'line': b'-- Up-to-date symlink: /home/parallels/Forschsemrep/strawberry_ws/install/strawberry_msgs/local/lib/python3.10/dist-packages/strawberry_msgs/srv/__init__.py\n'}
[2.092999] (strawberry_msgs) StdoutLine: {'line': b'-- Up-to-date symlink: /home/parallels/Forschsemrep/strawberry_ws/install/strawberry_msgs/local/lib/python3.10/dist-packages/strawberry_msgs/srv/_capture_snapshot.py\n'}
[2.093310] (strawberry_msgs) StdoutLine: {'line': b'-- Up-to-date symlink: /home/parallels/Forschsemrep/strawberry_ws/install/strawberry_msgs/local/lib/python3.10/dist-packages/strawberry_msgs/srv/_capture_snapshot_s.c\n'}
[2.093798] (strawberry_msgs) StdoutLine: {'line': b'-- Up-to-date symlink: /home/parallels/Forschsemrep/strawberry_ws/install/strawberry_msgs/local/lib/python3.10/dist-packages/strawberry_msgs/strawberry_msgs_s__rosidl_typesupport_c.cpython-310-x86_64-linux-gnu.so\n'}
[2.094739] (strawberry_msgs) StdoutLine: {'line': b'-- Up-to-date symlink: /home/parallels/Forschsemrep/strawberry_ws/install/strawberry_msgs/local/lib/python3.10/dist-packages/strawberry_msgs/strawberry_msgs_s__rosidl_typesupport_fastrtps_c.cpython-310-x86_64-linux-gnu.so\n'}
[2.095733] (strawberry_msgs) StdoutLine: {'line': b'-- Up-to-date symlink: /home/parallels/Forschsemrep/strawberry_ws/install/strawberry_msgs/local/lib/python3.10/dist-packages/strawberry_msgs/strawberry_msgs_s__rosidl_typesupport_introspection_c.cpython-310-x86_64-linux-gnu.so\n'}
[2.097606] (strawberry_msgs) StdoutLine: {'line': b'-- Up-to-date symlink: /home/parallels/Forschsemrep/strawberry_ws/install/strawberry_msgs/local/lib/python3.10/dist-packages/strawberry_msgs/strawberry_msgs_s__rosidl_typesupport_fastrtps_c.cpython-310-x86_64-linux-gnu.so\n'}
[2.102215] (strawberry_msgs) StdoutLine: {'line': b'-- Up-to-date symlink: /home/parallels/Forschsemrep/strawberry_ws/install/strawberry_msgs/local/lib/python3.10/dist-packages/strawberry_msgs/strawberry_msgs_s__rosidl_typesupport_introspection_c.cpython-310-x86_64-linux-gnu.so\n'}
[2.103144] (strawberry_msgs) StdoutLine: {'line': b'-- Up-to-date symlink: /home/parallels/Forschsemrep/strawberry_ws/install/strawberry_msgs/local/lib/python3.10/dist-packages/strawberry_msgs/strawberry_msgs_s__rosidl_typesupport_c.cpython-310-x86_64-linux-gnu.so\n'}
[2.103818] (strawberry_msgs) StdoutLine: {'line': b'-- Up-to-date symlink: /home/parallels/Forschsemrep/strawberry_ws/install/strawberry_msgs/share/strawberry_msgs/msg/FrameInfo.idl\n'}
[2.106395] (strawberry_msgs) StdoutLine: {'line': b'-- Up-to-date symlink: /home/parallels/Forschsemrep/strawberry_ws/install/strawberry_msgs/share/strawberry_msgs/srv/CaptureSnapshot.idl\n'}
[2.106579] (strawberry_msgs) StdoutLine: {'line': b'-- Up-to-date symlink: /home/parallels/Forschsemrep/strawberry_ws/install/strawberry_msgs/share/strawberry_msgs/msg/FrameInfo.msg\n'}
[2.106699] (strawberry_msgs) StdoutLine: {'line': b'-- Up-to-date symlink: /home/parallels/Forschsemrep/strawberry_ws/install/strawberry_msgs/share/strawberry_msgs/srv/CaptureSnapshot.srv\n'}
[2.106802] (strawberry_msgs) StdoutLine: {'line': b'-- Up-to-date symlink: /home/parallels/Forschsemrep/strawberry_ws/install/strawberry_msgs/share/strawberry_msgs/srv/CaptureSnapshot_Request.msg\n'}
[2.106908] (strawberry_msgs) StdoutLine: {'line': b'-- Up-to-date symlink: /home/parallels/Forschsemrep/strawberry_ws/install/strawberry_msgs/share/strawberry_msgs/srv/CaptureSnapshot_Response.msg\n'}
[2.107160] (strawberry_msgs) StdoutLine: {'line': b'-- Up-to-date symlink: /home/parallels/Forschsemrep/strawberry_ws/install/strawberry_msgs/share/ament_index/resource_index/package_run_dependencies/strawberry_msgs\n'}
[2.107447] (strawberry_msgs) StdoutLine: {'line': b'-- Up-to-date symlink: /home/parallels/Forschsemrep/strawberry_ws/install/strawberry_msgs/share/ament_index/resource_index/parent_prefix_path/strawberry_msgs\n'}
[2.107831] (strawberry_msgs) StdoutLine: {'line': b'-- Up-to-date symlink: /home/parallels/Forschsemrep/strawberry_ws/install/strawberry_msgs/share/strawberry_msgs/environment/ament_prefix_path.sh\n'}
[2.108063] (strawberry_msgs) StdoutLine: {'line': b'-- Up-to-date symlink: /home/parallels/Forschsemrep/strawberry_ws/install/strawberry_msgs/share/strawberry_msgs/environment/ament_prefix_path.dsv\n'}
[2.108408] (strawberry_msgs) StdoutLine: {'line': b'-- Up-to-date symlink: /home/parallels/Forschsemrep/strawberry_ws/install/strawberry_msgs/share/strawberry_msgs/environment/path.sh\n'}
[2.108763] (strawberry_msgs) StdoutLine: {'line': b'-- Up-to-date symlink: /home/parallels/Forschsemrep/strawberry_ws/install/strawberry_msgs/share/strawberry_msgs/environment/path.dsv\n'}
[2.109025] (strawberry_msgs) StdoutLine: {'line': b'-- Up-to-date symlink: /home/parallels/Forschsemrep/strawberry_ws/install/strawberry_msgs/share/strawberry_msgs/local_setup.bash\n'}
[2.109695] (strawberry_msgs) StdoutLine: {'line': b'-- Up-to-date symlink: /home/parallels/Forschsemrep/strawberry_ws/install/strawberry_msgs/share/strawberry_msgs/local_setup.sh\n'}
[2.112500] (strawberry_msgs) StdoutLine: {'line': b'-- Up-to-date symlink: /home/parallels/Forschsemrep/strawberry_ws/install/strawberry_msgs/share/strawberry_msgs/local_setup.zsh\n'}
[2.112923] (strawberry_msgs) StdoutLine: {'line': b'-- Up-to-date symlink: /home/parallels/Forschsemrep/strawberry_ws/install/strawberry_msgs/share/strawberry_msgs/local_setup.dsv\n'}
[2.113629] (strawberry_msgs) StdoutLine: {'line': b'-- Symlinking: /home/parallels/Forschsemrep/strawberry_ws/install/strawberry_msgs/share/strawberry_msgs/package.dsv\n'}
[2.123120] (-) TimerEvent: {}
[2.147733] (strawberry_msgs) StdoutLine: {'line': b'-- Up-to-date symlink: /home/parallels/Forschsemrep/strawberry_ws/install/strawberry_msgs/share/ament_index/resource_index/packages/strawberry_msgs\n'}
[2.148421] (strawberry_msgs) StdoutLine: {'line': b'-- Up-to-date symlink: /home/parallels/Forschsemrep/strawberry_ws/install/strawberry_msgs/share/strawberry_msgs/cmake/rosidl_cmake-extras.cmake\n'}
[2.148684] (strawberry_msgs) StdoutLine: {'line': b'-- Up-to-date symlink: /home/parallels/Forschsemrep/strawberry_ws/install/strawberry_msgs/share/strawberry_msgs/cmake/ament_cmake_export_dependencies-extras.cmake\n'}
[2.150845] (strawberry_msgs) StdoutLine: {'line': b'-- Up-to-date symlink: /home/parallels/Forschsemrep/strawberry_ws/install/strawberry_msgs/share/strawberry_msgs/cmake/ament_cmake_export_include_directories-extras.cmake\n'}
[2.151197] (strawberry_msgs) StdoutLine: {'line': b'-- Up-to-date symlink: /home/parallels/Forschsemrep/strawberry_ws/install/strawberry_msgs/share/strawberry_msgs/cmake/ament_cmake_export_libraries-extras.cmake\n'}
[2.151367] (strawberry_msgs) StdoutLine: {'line': b'-- Up-to-date symlink: /home/parallels/Forschsemrep/strawberry_ws/install/strawberry_msgs/share/strawberry_msgs/cmake/ament_cmake_export_targets-extras.cmake\n'}
[2.152226] (strawberry_msgs) StdoutLine: {'line': b'-- Up-to-date symlink: /home/parallels/Forschsemrep/strawberry_ws/install/strawberry_msgs/share/strawberry_msgs/cmake/rosidl_cmake_export_typesupport_targets-extras.cmake\n'}
[2.152444] (strawberry_msgs) StdoutLine: {'line': b'-- Up-to-date symlink: /home/parallels/Forschsemrep/strawberry_ws/install/strawberry_msgs/share/strawberry_msgs/cmake/rosidl_cmake_export_typesupport_libraries-extras.cmake\n'}
[2.152571] (strawberry_msgs) StdoutLine: {'line': b'-- Up-to-date symlink: /home/parallels/Forschsemrep/strawberry_ws/install/strawberry_msgs/share/strawberry_msgs/cmake/strawberry_msgsConfig.cmake\n'}
[2.152670] (strawberry_msgs) StdoutLine: {'line': b'-- Up-to-date symlink: /home/parallels/Forschsemrep/strawberry_ws/install/strawberry_msgs/share/strawberry_msgs/cmake/strawberry_msgsConfig-version.cmake\n'}
[2.156186] (strawberry_msgs) StdoutLine: {'line': b'-- Up-to-date symlink: /home/parallels/Forschsemrep/strawberry_ws/install/strawberry_msgs/share/strawberry_msgs/package.xml\n'}
[2.156466] (strawberry_msgs) StdoutLine: {'line': b'-- Up-to-date: /home/parallels/Forschsemrep/strawberry_ws/install/strawberry_msgs/lib/libstrawberry_msgs__rosidl_generator_c.so\n'}
[2.157015] (strawberry_msgs) StdoutLine: {'line': b'-- Up-to-date: /home/parallels/Forschsemrep/strawberry_ws/install/strawberry_msgs/lib/libstrawberry_msgs__rosidl_typesupport_fastrtps_c.so\n'}
[2.157323] (strawberry_msgs) StdoutLine: {'line': b'-- Up-to-date: /home/parallels/Forschsemrep/strawberry_ws/install/strawberry_msgs/lib/libstrawberry_msgs__rosidl_typesupport_introspection_c.so\n'}
[2.162255] (strawberry_msgs) StdoutLine: {'line': b'-- Up-to-date: /home/parallels/Forschsemrep/strawberry_ws/install/strawberry_msgs/lib/libstrawberry_msgs__rosidl_typesupport_c.so\n'}
[2.167914] (strawberry_msgs) StdoutLine: {'line': b'-- Up-to-date: /home/parallels/Forschsemrep/strawberry_ws/install/strawberry_msgs/lib/libstrawberry_msgs__rosidl_typesupport_fastrtps_cpp.so\n'}
[2.173433] (strawberry_msgs) StdoutLine: {'line': b'-- Up-to-date: /home/parallels/Forschsemrep/strawberry_ws/install/strawberry_msgs/lib/libstrawberry_msgs__rosidl_typesupport_introspection_cpp.so\n'}
[2.178572] (strawberry_msgs) StdoutLine: {'line': b'-- Up-to-date: /home/parallels/Forschsemrep/strawberry_ws/install/strawberry_msgs/lib/libstrawberry_msgs__rosidl_typesupport_cpp.so\n'}
[2.227205] (-) TimerEvent: {}
[2.277980] (strawberry_msgs) StdoutLine: {'line': b"Listing '/home/parallels/Forschsemrep/strawberry_ws/install/strawberry_msgs/local/lib/python3.10/dist-packages/strawberry_msgs'...\n"}
[2.278445] (strawberry_msgs) StdoutLine: {'line': b"Listing '/home/parallels/Forschsemrep/strawberry_ws/install/strawberry_msgs/local/lib/python3.10/dist-packages/strawberry_msgs/msg'...\n"}
[2.278868] (strawberry_msgs) StdoutLine: {'line': b"Listing '/home/parallels/Forschsemrep/strawberry_ws/install/strawberry_msgs/local/lib/python3.10/dist-packages/strawberry_msgs/srv'...\n"}
[2.287267] (strawberry_msgs) StdoutLine: {'line': b'-- Up-to-date: /home/parallels/Forschsemrep/strawberry_ws/install/strawberry_msgs/lib/libstrawberry_msgs__rosidl_generator_py.so\n'}
[2.287691] (strawberry_msgs) StdoutLine: {'line': b'-- Up-to-date: /home/parallels/Forschsemrep/strawberry_ws/install/strawberry_msgs/share/strawberry_msgs/cmake/export_strawberry_msgs__rosidl_generator_cExport.cmake\n'}
[2.288192] (strawberry_msgs) StdoutLine: {'line': b'-- Up-to-date: /home/parallels/Forschsemrep/strawberry_ws/install/strawberry_msgs/share/strawberry_msgs/cmake/export_strawberry_msgs__rosidl_generator_cExport-debug.cmake\n'}
[2.289116] (strawberry_msgs) StdoutLine: {'line': b'-- Up-to-date: /home/parallels/Forschsemrep/strawberry_ws/install/strawberry_msgs/share/strawberry_msgs/cmake/export_strawberry_msgs__rosidl_typesupport_fastrtps_cExport.cmake\n'}
[2.289765] (strawberry_msgs) StdoutLine: {'line': b'-- Up-to-date: /home/parallels/Forschsemrep/strawberry_ws/install/strawberry_msgs/share/strawberry_msgs/cmake/export_strawberry_msgs__rosidl_typesupport_fastrtps_cExport-debug.cmake\n'}
[2.291027] (strawberry_msgs) StdoutLine: {'line': b'-- Up-to-date: /home/parallels/Forschsemrep/strawberry_ws/install/strawberry_msgs/share/strawberry_msgs/cmake/strawberry_msgs__rosidl_typesupport_introspection_cExport.cmake\n'}
[2.292489] (strawberry_msgs) StdoutLine: {'line': b'-- Up-to-date: /home/parallels/Forschsemrep/strawberry_ws/install/strawberry_msgs/share/strawberry_msgs/cmake/strawberry_msgs__rosidl_typesupport_introspection_cExport-debug.cmake\n'}
[2.292978] (strawberry_msgs) StdoutLine: {'line': b'-- Up-to-date: /home/parallels/Forschsemrep/strawberry_ws/install/strawberry_msgs/share/strawberry_msgs/cmake/strawberry_msgs__rosidl_typesupport_cExport.cmake\n'}
[2.293529] (strawberry_msgs) StdoutLine: {'line': b'-- Up-to-date: /home/parallels/Forschsemrep/strawberry_ws/install/strawberry_msgs/share/strawberry_msgs/cmake/strawberry_msgs__rosidl_typesupport_cExport-debug.cmake\n'}
[2.294485] (strawberry_msgs) StdoutLine: {'line': b'-- Up-to-date: /home/parallels/Forschsemrep/strawberry_ws/install/strawberry_msgs/share/strawberry_msgs/cmake/export_strawberry_msgs__rosidl_generator_cppExport.cmake\n'}
[2.296622] (strawberry_msgs) StdoutLine: {'line': b'-- Up-to-date: /home/parallels/Forschsemrep/strawberry_ws/install/strawberry_msgs/share/strawberry_msgs/cmake/export_strawberry_msgs__rosidl_typesupport_fastrtps_cppExport.cmake\n'}
[2.297650] (strawberry_msgs) StdoutLine: {'line': b'-- Up-to-date: /home/parallels/Forschsemrep/strawberry_ws/install/strawberry_msgs/share/strawberry_msgs/cmake/export_strawberry_msgs__rosidl_typesupport_fastrtps_cppExport-debug.cmake\n'}
[2.298289] (strawberry_msgs) StdoutLine: {'line': b'-- Up-to-date: /home/parallels/Forschsemrep/strawberry_ws/install/strawberry_msgs/share/strawberry_msgs/cmake/strawberry_msgs__rosidl_typesupport_introspection_cppExport.cmake\n'}
[2.299233] (strawberry_msgs) StdoutLine: {'line': b'-- Up-to-date: /home/parallels/Forschsemrep/strawberry_ws/install/strawberry_msgs/share/strawberry_msgs/cmake/strawberry_msgs__rosidl_typesupport_introspection_cppExport-debug.cmake\n'}
[2.299843] (strawberry_msgs) StdoutLine: {'line': b'-- Up-to-date: /home/parallels/Forschsemrep/strawberry_ws/install/strawberry_msgs/share/strawberry_msgs/cmake/strawberry_msgs__rosidl_typesupport_cppExport.cmake\n'}
[2.300553] (strawberry_msgs) StdoutLine: {'line': b'-- Up-to-date: /home/parallels/Forschsemrep/strawberry_ws/install/strawberry_msgs/share/strawberry_msgs/cmake/strawberry_msgs__rosidl_typesupport_cppExport-debug.cmake\n'}
[2.301447] (strawberry_msgs) StdoutLine: {'line': b'-- Up-to-date: /home/parallels/Forschsemrep/strawberry_ws/install/strawberry_msgs/share/strawberry_msgs/cmake/export_strawberry_msgs__rosidl_generator_pyExport.cmake\n'}
[2.302278] (strawberry_msgs) StdoutLine: {'line': b'-- Up-to-date: /home/parallels/Forschsemrep/strawberry_ws/install/strawberry_msgs/share/strawberry_msgs/cmake/export_strawberry_msgs__rosidl_generator_pyExport-debug.cmake\n'}
[2.311017] (strawberry_msgs) CommandEnded: {'returncode': 0}
[2.331179] (-) TimerEvent: {}
[2.400878] (strawberry_msgs) JobEnded: {'identifier': 'strawberry_msgs', 'rc': 0}
[2.402153] (meca500_ros2) JobStarted: {'identifier': 'meca500_ros2'}
[2.434420] (-) TimerEvent: {}
[2.535047] (-) TimerEvent: {}
[2.635692] (-) TimerEvent: {}
[2.736440] (-) TimerEvent: {}
[2.838320] (-) TimerEvent: {}
[2.938876] (-) TimerEvent: {}
[3.039609] (-) TimerEvent: {}
[3.141145] (-) TimerEvent: {}
[3.241671] (-) TimerEvent: {}
[3.344211] (-) TimerEvent: {}
[3.425218] (strawberry_cluster) Command: {'cmd': ['/usr/bin/python3', '-W', 'ignore:setup.py install is deprecated', '-W', 'ignore:easy_install command is deprecated', 'setup.py', 'develop', '--editable', '--build-directory', '/home/parallels/Forschsemrep/strawberry_ws/build/strawberry_cluster/build', '--no-deps', 'symlink_data'], 'cwd': '/home/parallels/Forschsemrep/strawberry_ws/build/strawberry_cluster', 'env': {'GJS_DEBUG_TOPICS': 'JS ERROR;JS LOG', 'LESSOPEN': '| /usr/bin/lesspipe %s', 'USER': 'parallels', 'XDG_SESSION_TYPE': 'wayland', 'SHLVL': '1', 'LD_LIBRARY_PATH': '/home/parallels/Forschsemrep/strawberry_ws/install/strawberry_msgs/lib:/usr/lib/x86_64-linux-gnu/gazebo-11/plugins:/opt/ros/humble/opt/rviz_ogre_vendor/lib:/opt/ros/humble/lib/x86_64-linux-gnu:/opt/ros/humble/lib', 'HOME': '/home/parallels', 'CONDA_SHLVL': '0', 'OLDPWD': '/home/parallels', 'DESKTOP_SESSION': 'ubuntu', 'GIO_LAUNCHED_DESKTOP_FILE': '/usr/share/applications/terminator.desktop', 'ROS_PYTHON_VERSION': '3', 'GNOME_SHELL_SESSION_MODE': 'ubuntu', 'GTK_MODULES': 'gail:atk-bridge', 'MANAGERPID': '3032', 'SYSTEMD_EXEC_PID': '3221', 'DBUS_SESSION_BUS_ADDRESS': 'unix:path=/run/user/1000/bus', 'COLORTERM': 'truecolor', 'TERMINATOR_DBUS_NAME': 'net.tenshu.Terminator25ef4b219e3b005583550f2b0f9f990c3', 'GIO_LAUNCHED_DESKTOP_FILE_PID': '5529', 'IM_CONFIG_PHASE': '1', 'WAYLAND_DISPLAY': 'wayland-0', 'COLCON_PREFIX_PATH': '/home/parallels/Forschsemrep/strawberry_ws/install', 'ROS_DISTRO': 'humble', 'LOGNAME': 'parallels', 'JOURNAL_STREAM': '8:19956', '_': '/usr/bin/colcon', 'ROS_VERSION': '2', 'XDG_SESSION_CLASS': 'user', 'USERNAME': 'parallels', 'TERM': 'xterm-256color', 'GNOME_DESKTOP_SESSION_ID': 'this-is-deprecated', 'ROS_LOCALHOST_ONLY': '0', 'PATH': '/opt/ros/humble/bin:/home/parallels/.local/bin:/home/parallels/miniforge3/condabin:/home/parallels/.local/bin:/usr/local/sbin:/usr/local/bin:/usr/sbin:/usr/bin:/sbin:/bin:/usr/games:/usr/local/games:/snap/bin:/snap/bin:/home/parallels/.dotnet/tools:/opt/mssql-tools/bin', 'SESSION_MANAGER': 'local/parallels-Parallels-Virtual-Platform:@/tmp/.ICE-unix/3192,unix/parallels-Parallels-Virtual-Platform:/tmp/.ICE-unix/3192', 'INVOCATION_ID': '454f23c05d8143398ea19d319ea9d664', 'XDG_MENU_PREFIX': 'gnome-', 'GNOME_SETUP_DISPLAY': ':1', 'XDG_RUNTIME_DIR': '/run/user/1000', 'MAMBA_ROOT_PREFIX': '/home/parallels/miniforge3', 'DISPLAY': ':0', 'TERMINATOR_DBUS_PATH': '/net/tenshu/Terminator2', 'LANG': 'en_US.UTF-8', 'XDG_CURRENT_DESKTOP': 'ubuntu:GNOME', 'DOTNET_BUNDLE_EXTRACT_BASE_DIR': '/home/parallels/.cache/dotnet_bundle_extract', 'IBUS_DISABLE_SNOOPER': '1', 'XMODIFIERS': '@im=ibus', 'XDG_SESSION_DESKTOP': 'ubuntu', 'XAUTHORITY': '/run/user/1000/.mutter-Xwaylandauth.INPBJ3', 'LS_COLORS': 'rs=0:di=01;34:ln=01;36:mh=00:pi=40;33:so=01;35:do=01;35:bd=40;33;01:cd=40;33;01:or=40;31;01:mi=00:su=37;41:sg=30;43:ca=30;41:tw=30;42:ow=34;42:st=37;44:ex=01;32:*.tar=01;31:*.tgz=01;31:*.arc=01;31:*.arj=01;31:*.taz=01;31:*.lha=01;31:*.lz4=01;31:*.lzh=01;31:*.lzma=01;31:*.tlz=01;31:*.txz=01;31:*.tzo=01;31:*.t7z=01;31:*.zip=01;31:*.z=01;31:*.dz=01;31:*.gz=01;31:*.lrz=01;31:*.lz=01;31:*.lzo=01;31:*.xz=01;31:*.zst=01;31:*.tzst=01;31:*.bz2=01;31:*.bz=01;31:*.tbz=01;31:*.tbz2=01;31:*.tz=01;31:*.deb=01;31:*.rpm=01;31:*.jar=01;31:*.war=01;31:*.ear=01;31:*.sar=01;31:*.rar=01;31:*.alz=01;31:*.ace=01;31:*.zoo=01;31:*.cpio=01;31:*.7z=01;31:*.rz=01;31:*.cab=01;31:*.wim=01;31:*.swm=01;31:*.dwm=01;31:*.esd=01;31:*.jpg=01;35:*.jpeg=01;35:*.mjpg=01;35:*.mjpeg=01;35:*.gif=01;35:*.bmp=01;35:*.pbm=01;35:*.pgm=01;35:*.ppm=01;35:*.tga=01;35:*.xbm=01;35:*.xpm=01;35:*.tif=01;35:*.tiff=01;35:*.png=01;35:*.svg=01;35:*.svgz=01;35:*.mng=01;35:*.pcx=01;35:*.mov=01;35:*.mpg=01;35:*.mpeg=01;35:*.m2v=01;35:*.mkv=01;35:*.webm=01;35:*.webp=01;35:*.ogm=01;35:*.mp4=01;35:*.m4v=01;35:*.mp4v=01;35:*.vob=01;35:*.qt=01;35:*.nuv=01;35:*.wmv=01;35:*.asf=01;35:*.rm=01;35:*.rmvb=01;35:*.flc=01;35:*.avi=01;35:*.fli=01;35:*.flv=01;35:*.gl=01;35:*.dl=01;35:*.xcf=01;35:*.xwd=01;35:*.yuv=01;35:*.cgm=01;35:*.emf=01;35:*.ogv=01;35:*.ogx=01;35:*.aac=00;36:*.au=00;36:*.flac=00;36:*.m4a=00;36:*.mid=00;36:*.midi=00;36:*.mka=00;36:*.mp3=00;36:*.mpc=00;36:*.ogg=00;36:*.ra=00;36:*.wav=00;36:*.oga=00;36:*.opus=00;36:*.spx=00;36:*.xspf=00;36:', 'SSH_AGENT_LAUNCHER': 'gnome-keyring', 'SSH_AUTH_SOCK': '/run/user/1000/keyring/ssh', 'AMENT_PREFIX_PATH': '/home/parallels/Forschsemrep/strawberry_ws/install/strawberry_tools:/home/parallels/Forschsemrep/strawberry_ws/install/strawberry_bringup:/home/parallels/Forschsemrep/strawberry_ws/install/strawberry_segmentation:/home/parallels/Forschsemrep/strawberry_ws/install/strawberry_msgs:/home/parallels/Forschsemrep/strawberry_ws/install/strawberry_cluster:/home/parallels/Forschsemrep/strawberry_ws/install/strawberry_camera:/home/parallels/Forschsemrep/strawberry_ws/install/meca500_ros2:/opt/ros/humble', 'CONDA_PYTHON_EXE': '/home/parallels/miniforge3/bin/python', 'SHELL': '/bin/bash', 'TERMINATOR_UUID': 'urn:uuid:5deb69e9-cad9-4bb8-a9b5-ba7971cb10ed', 'QT_ACCESSIBILITY': '1', 'GDMSESSION': 'ubuntu', 'LESSCLOSE': '/usr/bin/lesspipe %s %s', 'GJS_DEBUG_OUTPUT': 'stderr', 'MAMBA_EXE': '/home/parallels/miniforge3/bin/mamba', 'QT_IM_MODULE': 'ibus', 'PWD': '/home/parallels/Forschsemrep/strawberry_ws/build/strawberry_cluster', 'XDG_CONFIG_DIRS': '/etc/xdg/xdg-ubuntu:/etc/xdg', 'CONDA_EXE': '/home/parallels/miniforge3/bin/conda', 'XDG_DATA_DIRS': '/usr/share/ubuntu:/usr/local/share/:/usr/share/:/var/lib/snapd/desktop', 'PYTHONPATH': '/home/parallels/Forschsemrep/strawberry_ws/build/strawberry_cluster/prefix_override:/usr/lib/python3/dist-packages/colcon_core/task/python/colcon_distutils_commands:/home/parallels/Forschsemrep/strawberry_ws/install/strawberry_cluster/lib/python3.10/site-packages:/home/parallels/Forschsemrep/strawberry_ws/build/strawberry_tools:/home/parallels/Forschsemrep/strawberry_ws/install/strawberry_tools/lib/python3.10/site-packages:/home/parallels/Forschsemrep/strawberry_ws/build/strawberry_bringup:/home/parallels/Forschsemrep/strawberry_ws/install/strawberry_bringup/lib/python3.10/site-packages:/home/parallels/Forschsemrep/strawberry_ws/build/strawberry_segmentation:/home/parallels/Forschsemrep/strawberry_ws/install/strawberry_segmentation/lib/python3.10/site-packages:/home/parallels/Forschsemrep/strawberry_ws/install/strawberry_msgs/local/lib/python3.10/dist-packages:/home/parallels/Forschsemrep/strawberry_ws/build/strawberry_cluster:/home/parallels/Forschsemrep/strawberry_ws/install/strawberry_cluster/lib/python3.10/site-packages:/home/parallels/Forschsemrep/strawberry_ws/build/strawberry_camera:/home/parallels/Forschsemrep/strawberry_ws/install/strawberry_camera/lib/python3.10/site-packages:/home/parallels/Forschsemrep/strawberry_ws/build/meca500_ros2:/home/parallels/Forschsemrep/strawberry_ws/install/meca500_ros2/lib/python3.10/site-packages:/opt/ros/humble/lib/python3.10/site-packages:/opt/ros/humble/local/lib/python3.10/dist-packages', 'COLCON': '1', 'VTE_VERSION': '6800', 'CMAKE_PREFIX_PATH': '/home/parallels/Forschsemrep/strawberry_ws/install/strawberry_msgs'}, 'shell': False}
[3.431641] (strawberry_camera) Command: {'cmd': ['/usr/bin/python3', '-W', 'ignore:setup.py install is deprecated', '-W', 'ignore:easy_install command is deprecated', 'setup.py', 'develop', '--editable', '--build-directory', '/home/parallels/Forschsemrep/strawberry_ws/build/strawberry_camera/build', '--no-deps', 'symlink_data'], 'cwd': '/home/parallels/Forschsemrep/strawberry_ws/build/strawberry_camera', 'env': {'GJS_DEBUG_TOPICS': 'JS ERROR;JS LOG', 'LESSOPEN': '| /usr/bin/lesspipe %s', 'USER': 'parallels', 'XDG_SESSION_TYPE': 'wayland', 'SHLVL': '1', 'LD_LIBRARY_PATH': '/home/parallels/Forschsemrep/strawberry_ws/install/strawberry_msgs/lib:/usr/lib/x86_64-linux-gnu/gazebo-11/plugins:/opt/ros/humble/opt/rviz_ogre_vendor/lib:/opt/ros/humble/lib/x86_64-linux-gnu:/opt/ros/humble/lib', 'HOME': '/home/parallels', 'CONDA_SHLVL': '0', 'OLDPWD': '/home/parallels', 'DESKTOP_SESSION': 'ubuntu', 'GIO_LAUNCHED_DESKTOP_FILE': '/usr/share/applications/terminator.desktop', 'ROS_PYTHON_VERSION': '3', 'GNOME_SHELL_SESSION_MODE': 'ubuntu', 'GTK_MODULES': 'gail:atk-bridge', 'MANAGERPID': '3032', 'SYSTEMD_EXEC_PID': '3221', 'DBUS_SESSION_BUS_ADDRESS': 'unix:path=/run/user/1000/bus', 'COLORTERM': 'truecolor', 'TERMINATOR_DBUS_NAME': 'net.tenshu.Terminator25ef4b219e3b005583550f2b0f9f990c3', 'GIO_LAUNCHED_DESKTOP_FILE_PID': '5529', 'IM_CONFIG_PHASE': '1', 'WAYLAND_DISPLAY': 'wayland-0', 'COLCON_PREFIX_PATH': '/home/parallels/Forschsemrep/strawberry_ws/install', 'ROS_DISTRO': 'humble', 'LOGNAME': 'parallels', 'JOURNAL_STREAM': '8:19956', '_': '/usr/bin/colcon', 'ROS_VERSION': '2', 'XDG_SESSION_CLASS': 'user', 'USERNAME': 'parallels', 'TERM': 'xterm-256color', 'GNOME_DESKTOP_SESSION_ID': 'this-is-deprecated', 'ROS_LOCALHOST_ONLY': '0', 'PATH': '/opt/ros/humble/bin:/home/parallels/.local/bin:/home/parallels/miniforge3/condabin:/home/parallels/.local/bin:/usr/local/sbin:/usr/local/bin:/usr/sbin:/usr/bin:/sbin:/bin:/usr/games:/usr/local/games:/snap/bin:/snap/bin:/home/parallels/.dotnet/tools:/opt/mssql-tools/bin', 'SESSION_MANAGER': 'local/parallels-Parallels-Virtual-Platform:@/tmp/.ICE-unix/3192,unix/parallels-Parallels-Virtual-Platform:/tmp/.ICE-unix/3192', 'INVOCATION_ID': '454f23c05d8143398ea19d319ea9d664', 'XDG_MENU_PREFIX': 'gnome-', 'GNOME_SETUP_DISPLAY': ':1', 'XDG_RUNTIME_DIR': '/run/user/1000', 'MAMBA_ROOT_PREFIX': '/home/parallels/miniforge3', 'DISPLAY': ':0', 'TERMINATOR_DBUS_PATH': '/net/tenshu/Terminator2', 'LANG': 'en_US.UTF-8', 'XDG_CURRENT_DESKTOP': 'ubuntu:GNOME', 'DOTNET_BUNDLE_EXTRACT_BASE_DIR': '/home/parallels/.cache/dotnet_bundle_extract', 'IBUS_DISABLE_SNOOPER': '1', 'XMODIFIERS': '@im=ibus', 'XDG_SESSION_DESKTOP': 'ubuntu', 'XAUTHORITY': '/run/user/1000/.mutter-Xwaylandauth.INPBJ3', 'LS_COLORS': 'rs=0:di=01;34:ln=01;36:mh=00:pi=40;33:so=01;35:do=01;35:bd=40;33;01:cd=40;33;01:or=40;31;01:mi=00:su=37;41:sg=30;43:ca=30;41:tw=30;42:ow=34;42:st=37;44:ex=01;32:*.tar=01;31:*.tgz=01;31:*.arc=01;31:*.arj=01;31:*.taz=01;31:*.lha=01;31:*.lz4=01;31:*.lzh=01;31:*.lzma=01;31:*.tlz=01;31:*.txz=01;31:*.tzo=01;31:*.t7z=01;31:*.zip=01;31:*.z=01;31:*.dz=01;31:*.gz=01;31:*.lrz=01;31:*.lz=01;31:*.lzo=01;31:*.xz=01;31:*.zst=01;31:*.tzst=01;31:*.bz2=01;31:*.bz=01;31:*.tbz=01;31:*.tbz2=01;31:*.tz=01;31:*.deb=01;31:*.rpm=01;31:*.jar=01;31:*.war=01;31:*.ear=01;31:*.sar=01;31:*.rar=01;31:*.alz=01;31:*.ace=01;31:*.zoo=01;31:*.cpio=01;31:*.7z=01;31:*.rz=01;31:*.cab=01;31:*.wim=01;31:*.swm=01;31:*.dwm=01;31:*.esd=01;31:*.jpg=01;35:*.jpeg=01;35:*.mjpg=01;35:*.mjpeg=01;35:*.gif=01;35:*.bmp=01;35:*.pbm=01;35:*.pgm=01;35:*.ppm=01;35:*.tga=01;35:*.xbm=01;35:*.xpm=01;35:*.tif=01;35:*.tiff=01;35:*.png=01;35:*.svg=01;35:*.svgz=01;35:*.mng=01;35:*.pcx=01;35:*.mov=01;35:*.mpg=01;35:*.mpeg=01;35:*.m2v=01;35:*.mkv=01;35:*.webm=01;35:*.webp=01;35:*.ogm=01;35:*.mp4=01;35:*.m4v=01;35:*.mp4v=01;35:*.vob=01;35:*.qt=01;35:*.nuv=01;35:*.wmv=01;35:*.asf=01;35:*.rm=01;35:*.rmvb=01;35:*.flc=01;35:*.avi=01;35:*.fli=01;35:*.flv=01;35:*.gl=01;35:*.dl=01;35:*.xcf=01;35:*.xwd=01;35:*.yuv=01;35:*.cgm=01;35:*.emf=01;35:*.ogv=01;35:*.ogx=01;35:*.aac=00;36:*.au=00;36:*.flac=00;36:*.m4a=00;36:*.mid=00;36:*.midi=00;36:*.mka=00;36:*.mp3=00;36:*.mpc=00;36:*.ogg=00;36:*.ra=00;36:*.wav=00;36:*.oga=00;36:*.opus=00;36:*.spx=00;36:*.xspf=00;36:', 'SSH_AGENT_LAUNCHER': 'gnome-keyring', 'SSH_AUTH_SOCK': '/run/user/1000/keyring/ssh', 'AMENT_PREFIX_PATH': '/home/parallels/Forschsemrep/strawberry_ws/install/strawberry_tools:/home/parallels/Forschsemrep/strawberry_ws/install/strawberry_bringup:/home/parallels/Forschsemrep/strawberry_ws/install/strawberry_segmentation:/home/parallels/Forschsemrep/strawberry_ws/install/strawberry_msgs:/home/parallels/Forschsemrep/strawberry_ws/install/strawberry_cluster:/home/parallels/Forschsemrep/strawberry_ws/install/strawberry_camera:/home/parallels/Forschsemrep/strawberry_ws/install/meca500_ros2:/opt/ros/humble', 'CONDA_PYTHON_EXE': '/home/parallels/miniforge3/bin/python', 'SHELL': '/bin/bash', 'TERMINATOR_UUID': 'urn:uuid:5deb69e9-cad9-4bb8-a9b5-ba7971cb10ed', 'QT_ACCESSIBILITY': '1', 'GDMSESSION': 'ubuntu', 'LESSCLOSE': '/usr/bin/lesspipe %s %s', 'GJS_DEBUG_OUTPUT': 'stderr', 'MAMBA_EXE': '/home/parallels/miniforge3/bin/mamba', 'QT_IM_MODULE': 'ibus', 'PWD': '/home/parallels/Forschsemrep/strawberry_ws/build/strawberry_camera', 'XDG_CONFIG_DIRS': '/etc/xdg/xdg-ubuntu:/etc/xdg', 'CONDA_EXE': '/home/parallels/miniforge3/bin/conda', 'XDG_DATA_DIRS': '/usr/share/ubuntu:/usr/local/share/:/usr/share/:/var/lib/snapd/desktop', 'PYTHONPATH': '/home/parallels/Forschsemrep/strawberry_ws/build/strawberry_camera/prefix_override:/usr/lib/python3/dist-packages/colcon_core/task/python/colcon_distutils_commands:/home/parallels/Forschsemrep/strawberry_ws/install/strawberry_camera/lib/python3.10/site-packages:/home/parallels/Forschsemrep/strawberry_ws/build/strawberry_tools:/home/parallels/Forschsemrep/strawberry_ws/install/strawberry_tools/lib/python3.10/site-packages:/home/parallels/Forschsemrep/strawberry_ws/build/strawberry_bringup:/home/parallels/Forschsemrep/strawberry_ws/install/strawberry_bringup/lib/python3.10/site-packages:/home/parallels/Forschsemrep/strawberry_ws/build/strawberry_segmentation:/home/parallels/Forschsemrep/strawberry_ws/install/strawberry_segmentation/lib/python3.10/site-packages:/home/parallels/Forschsemrep/strawberry_ws/install/strawberry_msgs/local/lib/python3.10/dist-packages:/home/parallels/Forschsemrep/strawberry_ws/build/strawberry_cluster:/home/parallels/Forschsemrep/strawberry_ws/install/strawberry_cluster/lib/python3.10/site-packages:/home/parallels/Forschsemrep/strawberry_ws/build/strawberry_camera:/home/parallels/Forschsemrep/strawberry_ws/install/strawberry_camera/lib/python3.10/site-packages:/home/parallels/Forschsemrep/strawberry_ws/build/meca500_ros2:/home/parallels/Forschsemrep/strawberry_ws/install/meca500_ros2/lib/python3.10/site-packages:/opt/ros/humble/lib/python3.10/site-packages:/opt/ros/humble/local/lib/python3.10/dist-packages', 'COLCON': '1', 'VTE_VERSION': '6800', 'CMAKE_PREFIX_PATH': '/home/parallels/Forschsemrep/strawberry_ws/install/strawberry_msgs'}, 'shell': False}
[3.444905] (strawberry_segmentation) Command: {'cmd': ['/usr/bin/python3', '-W', 'ignore:setup.py install is deprecated', '-W', 'ignore:easy_install command is deprecated', 'setup.py', 'develop', '--editable', '--build-directory', '/home/parallels/Forschsemrep/strawberry_ws/build/strawberry_segmentation/build', '--no-deps', 'symlink_data'], 'cwd': '/home/parallels/Forschsemrep/strawberry_ws/build/strawberry_segmentation', 'env': {'GJS_DEBUG_TOPICS': 'JS ERROR;JS LOG', 'LESSOPEN': '| /usr/bin/lesspipe %s', 'USER': 'parallels', 'XDG_SESSION_TYPE': 'wayland', 'SHLVL': '1', 'LD_LIBRARY_PATH': '/home/parallels/Forschsemrep/strawberry_ws/install/strawberry_msgs/lib:/usr/lib/x86_64-linux-gnu/gazebo-11/plugins:/opt/ros/humble/opt/rviz_ogre_vendor/lib:/opt/ros/humble/lib/x86_64-linux-gnu:/opt/ros/humble/lib', 'HOME': '/home/parallels', 'CONDA_SHLVL': '0', 'OLDPWD': '/home/parallels', 'DESKTOP_SESSION': 'ubuntu', 'GIO_LAUNCHED_DESKTOP_FILE': '/usr/share/applications/terminator.desktop', 'ROS_PYTHON_VERSION': '3', 'GNOME_SHELL_SESSION_MODE': 'ubuntu', 'GTK_MODULES': 'gail:atk-bridge', 'MANAGERPID': '3032', 'SYSTEMD_EXEC_PID': '3221', 'DBUS_SESSION_BUS_ADDRESS': 'unix:path=/run/user/1000/bus', 'COLORTERM': 'truecolor', 'TERMINATOR_DBUS_NAME': 'net.tenshu.Terminator25ef4b219e3b005583550f2b0f9f990c3', 'GIO_LAUNCHED_DESKTOP_FILE_PID': '5529', 'IM_CONFIG_PHASE': '1', 'WAYLAND_DISPLAY': 'wayland-0', 'COLCON_PREFIX_PATH': '/home/parallels/Forschsemrep/strawberry_ws/install', 'ROS_DISTRO': 'humble', 'LOGNAME': 'parallels', 'JOURNAL_STREAM': '8:19956', '_': '/usr/bin/colcon', 'ROS_VERSION': '2', 'XDG_SESSION_CLASS': 'user', 'USERNAME': 'parallels', 'TERM': 'xterm-256color', 'GNOME_DESKTOP_SESSION_ID': 'this-is-deprecated', 'ROS_LOCALHOST_ONLY': '0', 'PATH': '/opt/ros/humble/bin:/home/parallels/.local/bin:/home/parallels/miniforge3/condabin:/home/parallels/.local/bin:/usr/local/sbin:/usr/local/bin:/usr/sbin:/usr/bin:/sbin:/bin:/usr/games:/usr/local/games:/snap/bin:/snap/bin:/home/parallels/.dotnet/tools:/opt/mssql-tools/bin', 'SESSION_MANAGER': 'local/parallels-Parallels-Virtual-Platform:@/tmp/.ICE-unix/3192,unix/parallels-Parallels-Virtual-Platform:/tmp/.ICE-unix/3192', 'INVOCATION_ID': '454f23c05d8143398ea19d319ea9d664', 'XDG_MENU_PREFIX': 'gnome-', 'GNOME_SETUP_DISPLAY': ':1', 'XDG_RUNTIME_DIR': '/run/user/1000', 'MAMBA_ROOT_PREFIX': '/home/parallels/miniforge3', 'DISPLAY': ':0', 'TERMINATOR_DBUS_PATH': '/net/tenshu/Terminator2', 'LANG': 'en_US.UTF-8', 'XDG_CURRENT_DESKTOP': 'ubuntu:GNOME', 'DOTNET_BUNDLE_EXTRACT_BASE_DIR': '/home/parallels/.cache/dotnet_bundle_extract', 'IBUS_DISABLE_SNOOPER': '1', 'XMODIFIERS': '@im=ibus', 'XDG_SESSION_DESKTOP': 'ubuntu', 'XAUTHORITY': '/run/user/1000/.mutter-Xwaylandauth.INPBJ3', 'LS_COLORS': 'rs=0:di=01;34:ln=01;36:mh=00:pi=40;33:so=01;35:do=01;35:bd=40;33;01:cd=40;33;01:or=40;31;01:mi=00:su=37;41:sg=30;43:ca=30;41:tw=30;42:ow=34;42:st=37;44:ex=01;32:*.tar=01;31:*.tgz=01;31:*.arc=01;31:*.arj=01;31:*.taz=01;31:*.lha=01;31:*.lz4=01;31:*.lzh=01;31:*.lzma=01;31:*.tlz=01;31:*.txz=01;31:*.tzo=01;31:*.t7z=01;31:*.zip=01;31:*.z=01;31:*.dz=01;31:*.gz=01;31:*.lrz=01;31:*.lz=01;31:*.lzo=01;31:*.xz=01;31:*.zst=01;31:*.tzst=01;31:*.bz2=01;31:*.bz=01;31:*.tbz=01;31:*.tbz2=01;31:*.tz=01;31:*.deb=01;31:*.rpm=01;31:*.jar=01;31:*.war=01;31:*.ear=01;31:*.sar=01;31:*.rar=01;31:*.alz=01;31:*.ace=01;31:*.zoo=01;31:*.cpio=01;31:*.7z=01;31:*.rz=01;31:*.cab=01;31:*.wim=01;31:*.swm=01;31:*.dwm=01;31:*.esd=01;31:*.jpg=01;35:*.jpeg=01;35:*.mjpg=01;35:*.mjpeg=01;35:*.gif=01;35:*.bmp=01;35:*.pbm=01;35:*.pgm=01;35:*.ppm=01;35:*.tga=01;35:*.xbm=01;35:*.xpm=01;35:*.tif=01;35:*.tiff=01;35:*.png=01;35:*.svg=01;35:*.svgz=01;35:*.mng=01;35:*.pcx=01;35:*.mov=01;35:*.mpg=01;35:*.mpeg=01;35:*.m2v=01;35:*.mkv=01;35:*.webm=01;35:*.webp=01;35:*.ogm=01;35:*.mp4=01;35:*.m4v=01;35:*.mp4v=01;35:*.vob=01;35:*.qt=01;35:*.nuv=01;35:*.wmv=01;35:*.asf=01;35:*.rm=01;35:*.rmvb=01;35:*.flc=01;35:*.avi=01;35:*.fli=01;35:*.flv=01;35:*.gl=01;35:*.dl=01;35:*.xcf=01;35:*.xwd=01;35:*.yuv=01;35:*.cgm=01;35:*.emf=01;35:*.ogv=01;35:*.ogx=01;35:*.aac=00;36:*.au=00;36:*.flac=00;36:*.m4a=00;36:*.mid=00;36:*.midi=00;36:*.mka=00;36:*.mp3=00;36:*.mpc=00;36:*.ogg=00;36:*.ra=00;36:*.wav=00;36:*.oga=00;36:*.opus=00;36:*.spx=00;36:*.xspf=00;36:', 'SSH_AGENT_LAUNCHER': 'gnome-keyring', 'SSH_AUTH_SOCK': '/run/user/1000/keyring/ssh', 'AMENT_PREFIX_PATH': '/home/parallels/Forschsemrep/strawberry_ws/install/strawberry_tools:/home/parallels/Forschsemrep/strawberry_ws/install/strawberry_bringup:/home/parallels/Forschsemrep/strawberry_ws/install/strawberry_segmentation:/home/parallels/Forschsemrep/strawberry_ws/install/strawberry_msgs:/home/parallels/Forschsemrep/strawberry_ws/install/strawberry_cluster:/home/parallels/Forschsemrep/strawberry_ws/install/strawberry_camera:/home/parallels/Forschsemrep/strawberry_ws/install/meca500_ros2:/opt/ros/humble', 'CONDA_PYTHON_EXE': '/home/parallels/miniforge3/bin/python', 'SHELL': '/bin/bash', 'TERMINATOR_UUID': 'urn:uuid:5deb69e9-cad9-4bb8-a9b5-ba7971cb10ed', 'QT_ACCESSIBILITY': '1', 'GDMSESSION': 'ubuntu', 'LESSCLOSE': '/usr/bin/lesspipe %s %s', 'GJS_DEBUG_OUTPUT': 'stderr', 'MAMBA_EXE': '/home/parallels/miniforge3/bin/mamba', 'QT_IM_MODULE': 'ibus', 'PWD': '/home/parallels/Forschsemrep/strawberry_ws/build/strawberry_segmentation', 'XDG_CONFIG_DIRS': '/etc/xdg/xdg-ubuntu:/etc/xdg', 'CONDA_EXE': '/home/parallels/miniforge3/bin/conda', 'XDG_DATA_DIRS': '/usr/share/ubuntu:/usr/local/share/:/usr/share/:/var/lib/snapd/desktop', 'PYTHONPATH': '/home/parallels/Forschsemrep/strawberry_ws/build/strawberry_segmentation/prefix_override:/usr/lib/python3/dist-packages/colcon_core/task/python/colcon_distutils_commands:/home/parallels/Forschsemrep/strawberry_ws/install/strawberry_segmentation/lib/python3.10/site-packages:/home/parallels/Forschsemrep/strawberry_ws/build/strawberry_tools:/home/parallels/Forschsemrep/strawberry_ws/install/strawberry_tools/lib/python3.10/site-packages:/home/parallels/Forschsemrep/strawberry_ws/build/strawberry_bringup:/home/parallels/Forschsemrep/strawberry_ws/install/strawberry_bringup/lib/python3.10/site-packages:/home/parallels/Forschsemrep/strawberry_ws/build/strawberry_segmentation:/home/parallels/Forschsemrep/strawberry_ws/install/strawberry_segmentation/lib/python3.10/site-packages:/home/parallels/Forschsemrep/strawberry_ws/install/strawberry_msgs/local/lib/python3.10/dist-packages:/home/parallels/Forschsemrep/strawberry_ws/build/strawberry_cluster:/home/parallels/Forschsemrep/strawberry_ws/install/strawberry_cluster/lib/python3.10/site-packages:/home/parallels/Forschsemrep/strawberry_ws/build/strawberry_camera:/home/parallels/Forschsemrep/strawberry_ws/install/strawberry_camera/lib/python3.10/site-packages:/home/parallels/Forschsemrep/strawberry_ws/build/meca500_ros2:/home/parallels/Forschsemrep/strawberry_ws/install/meca500_ros2/lib/python3.10/site-packages:/opt/ros/humble/lib/python3.10/site-packages:/opt/ros/humble/local/lib/python3.10/dist-packages', 'COLCON': '1', 'VTE_VERSION': '6800', 'CMAKE_PREFIX_PATH': '/home/parallels/Forschsemrep/strawberry_ws/install/strawberry_msgs'}, 'shell': False}
[3.451378] (-) TimerEvent: {}
[3.552162] (-) TimerEvent: {}
[3.655519] (-) TimerEvent: {}
[3.756868] (-) TimerEvent: {}
[3.859538] (-) TimerEvent: {}
[3.960046] (-) TimerEvent: {}
[4.060983] (-) TimerEvent: {}
[4.131626] (strawberry_camera) StdoutLine: {'line': b'running develop\n'}
[4.159434] (meca500_ros2) Command: {'cmd': ['/usr/bin/python3', '-W', 'ignore:setup.py install is deprecated', '-W', 'ignore:easy_install command is deprecated', 'setup.py', 'develop', '--editable', '--build-directory', '/home/parallels/Forschsemrep/strawberry_ws/build/meca500_ros2/build', '--no-deps', 'symlink_data'], 'cwd': '/home/parallels/Forschsemrep/strawberry_ws/build/meca500_ros2', 'env': {'GJS_DEBUG_TOPICS': 'JS ERROR;JS LOG', 'LESSOPEN': '| /usr/bin/lesspipe %s', 'USER': 'parallels', 'XDG_SESSION_TYPE': 'wayland', 'SHLVL': '1', 'LD_LIBRARY_PATH': '/home/parallels/Forschsemrep/strawberry_ws/install/strawberry_msgs/lib:/usr/lib/x86_64-linux-gnu/gazebo-11/plugins:/opt/ros/humble/opt/rviz_ogre_vendor/lib:/opt/ros/humble/lib/x86_64-linux-gnu:/opt/ros/humble/lib', 'HOME': '/home/parallels', 'CONDA_SHLVL': '0', 'OLDPWD': '/home/parallels', 'DESKTOP_SESSION': 'ubuntu', 'GIO_LAUNCHED_DESKTOP_FILE': '/usr/share/applications/terminator.desktop', 'ROS_PYTHON_VERSION': '3', 'GNOME_SHELL_SESSION_MODE': 'ubuntu', 'GTK_MODULES': 'gail:atk-bridge', 'MANAGERPID': '3032', 'SYSTEMD_EXEC_PID': '3221', 'DBUS_SESSION_BUS_ADDRESS': 'unix:path=/run/user/1000/bus', 'COLORTERM': 'truecolor', 'TERMINATOR_DBUS_NAME': 'net.tenshu.Terminator25ef4b219e3b005583550f2b0f9f990c3', 'GIO_LAUNCHED_DESKTOP_FILE_PID': '5529', 'IM_CONFIG_PHASE': '1', 'WAYLAND_DISPLAY': 'wayland-0', 'COLCON_PREFIX_PATH': '/home/parallels/Forschsemrep/strawberry_ws/install', 'ROS_DISTRO': 'humble', 'LOGNAME': 'parallels', 'JOURNAL_STREAM': '8:19956', '_': '/usr/bin/colcon', 'ROS_VERSION': '2', 'XDG_SESSION_CLASS': 'user', 'USERNAME': 'parallels', 'TERM': 'xterm-256color', 'GNOME_DESKTOP_SESSION_ID': 'this-is-deprecated', 'ROS_LOCALHOST_ONLY': '0', 'PATH': '/opt/ros/humble/bin:/home/parallels/.local/bin:/home/parallels/miniforge3/condabin:/home/parallels/.local/bin:/usr/local/sbin:/usr/local/bin:/usr/sbin:/usr/bin:/sbin:/bin:/usr/games:/usr/local/games:/snap/bin:/snap/bin:/home/parallels/.dotnet/tools:/opt/mssql-tools/bin', 'SESSION_MANAGER': 'local/parallels-Parallels-Virtual-Platform:@/tmp/.ICE-unix/3192,unix/parallels-Parallels-Virtual-Platform:/tmp/.ICE-unix/3192', 'INVOCATION_ID': '454f23c05d8143398ea19d319ea9d664', 'XDG_MENU_PREFIX': 'gnome-', 'GNOME_SETUP_DISPLAY': ':1', 'XDG_RUNTIME_DIR': '/run/user/1000', 'MAMBA_ROOT_PREFIX': '/home/parallels/miniforge3', 'DISPLAY': ':0', 'TERMINATOR_DBUS_PATH': '/net/tenshu/Terminator2', 'LANG': 'en_US.UTF-8', 'XDG_CURRENT_DESKTOP': 'ubuntu:GNOME', 'DOTNET_BUNDLE_EXTRACT_BASE_DIR': '/home/parallels/.cache/dotnet_bundle_extract', 'IBUS_DISABLE_SNOOPER': '1', 'XMODIFIERS': '@im=ibus', 'XDG_SESSION_DESKTOP': 'ubuntu', 'XAUTHORITY': '/run/user/1000/.mutter-Xwaylandauth.INPBJ3', 'LS_COLORS': 'rs=0:di=01;34:ln=01;36:mh=00:pi=40;33:so=01;35:do=01;35:bd=40;33;01:cd=40;33;01:or=40;31;01:mi=00:su=37;41:sg=30;43:ca=30;41:tw=30;42:ow=34;42:st=37;44:ex=01;32:*.tar=01;31:*.tgz=01;31:*.arc=01;31:*.arj=01;31:*.taz=01;31:*.lha=01;31:*.lz4=01;31:*.lzh=01;31:*.lzma=01;31:*.tlz=01;31:*.txz=01;31:*.tzo=01;31:*.t7z=01;31:*.zip=01;31:*.z=01;31:*.dz=01;31:*.gz=01;31:*.lrz=01;31:*.lz=01;31:*.lzo=01;31:*.xz=01;31:*.zst=01;31:*.tzst=01;31:*.bz2=01;31:*.bz=01;31:*.tbz=01;31:*.tbz2=01;31:*.tz=01;31:*.deb=01;31:*.rpm=01;31:*.jar=01;31:*.war=01;31:*.ear=01;31:*.sar=01;31:*.rar=01;31:*.alz=01;31:*.ace=01;31:*.zoo=01;31:*.cpio=01;31:*.7z=01;31:*.rz=01;31:*.cab=01;31:*.wim=01;31:*.swm=01;31:*.dwm=01;31:*.esd=01;31:*.jpg=01;35:*.jpeg=01;35:*.mjpg=01;35:*.mjpeg=01;35:*.gif=01;35:*.bmp=01;35:*.pbm=01;35:*.pgm=01;35:*.ppm=01;35:*.tga=01;35:*.xbm=01;35:*.xpm=01;35:*.tif=01;35:*.tiff=01;35:*.png=01;35:*.svg=01;35:*.svgz=01;35:*.mng=01;35:*.pcx=01;35:*.mov=01;35:*.mpg=01;35:*.mpeg=01;35:*.m2v=01;35:*.mkv=01;35:*.webm=01;35:*.webp=01;35:*.ogm=01;35:*.mp4=01;35:*.m4v=01;35:*.mp4v=01;35:*.vob=01;35:*.qt=01;35:*.nuv=01;35:*.wmv=01;35:*.asf=01;35:*.rm=01;35:*.rmvb=01;35:*.flc=01;35:*.avi=01;35:*.fli=01;35:*.flv=01;35:*.gl=01;35:*.dl=01;35:*.xcf=01;35:*.xwd=01;35:*.yuv=01;35:*.cgm=01;35:*.emf=01;35:*.ogv=01;35:*.ogx=01;35:*.aac=00;36:*.au=00;36:*.flac=00;36:*.m4a=00;36:*.mid=00;36:*.midi=00;36:*.mka=00;36:*.mp3=00;36:*.mpc=00;36:*.ogg=00;36:*.ra=00;36:*.wav=00;36:*.oga=00;36:*.opus=00;36:*.spx=00;36:*.xspf=00;36:', 'SSH_AGENT_LAUNCHER': 'gnome-keyring', 'SSH_AUTH_SOCK': '/run/user/1000/keyring/ssh', 'AMENT_PREFIX_PATH': '/home/parallels/Forschsemrep/strawberry_ws/install/strawberry_tools:/home/parallels/Forschsemrep/strawberry_ws/install/strawberry_bringup:/home/parallels/Forschsemrep/strawberry_ws/install/strawberry_segmentation:/home/parallels/Forschsemrep/strawberry_ws/install/strawberry_msgs:/home/parallels/Forschsemrep/strawberry_ws/install/strawberry_cluster:/home/parallels/Forschsemrep/strawberry_ws/install/strawberry_camera:/home/parallels/Forschsemrep/strawberry_ws/install/meca500_ros2:/opt/ros/humble', 'CONDA_PYTHON_EXE': '/home/parallels/miniforge3/bin/python', 'SHELL': '/bin/bash', 'TERMINATOR_UUID': 'urn:uuid:5deb69e9-cad9-4bb8-a9b5-ba7971cb10ed', 'QT_ACCESSIBILITY': '1', 'GDMSESSION': 'ubuntu', 'LESSCLOSE': '/usr/bin/lesspipe %s %s', 'GJS_DEBUG_OUTPUT': 'stderr', 'MAMBA_EXE': '/home/parallels/miniforge3/bin/mamba', 'QT_IM_MODULE': 'ibus', 'PWD': '/home/parallels/Forschsemrep/strawberry_ws/build/meca500_ros2', 'XDG_CONFIG_DIRS': '/etc/xdg/xdg-ubuntu:/etc/xdg', 'CONDA_EXE': '/home/parallels/miniforge3/bin/conda', 'XDG_DATA_DIRS': '/usr/share/ubuntu:/usr/local/share/:/usr/share/:/var/lib/snapd/desktop', 'PYTHONPATH': '/home/parallels/Forschsemrep/strawberry_ws/build/meca500_ros2/prefix_override:/usr/lib/python3/dist-packages/colcon_core/task/python/colcon_distutils_commands:/home/parallels/Forschsemrep/strawberry_ws/install/meca500_ros2/lib/python3.10/site-packages:/home/parallels/Forschsemrep/strawberry_ws/build/strawberry_tools:/home/parallels/Forschsemrep/strawberry_ws/install/strawberry_tools/lib/python3.10/site-packages:/home/parallels/Forschsemrep/strawberry_ws/build/strawberry_bringup:/home/parallels/Forschsemrep/strawberry_ws/install/strawberry_bringup/lib/python3.10/site-packages:/home/parallels/Forschsemrep/strawberry_ws/build/strawberry_segmentation:/home/parallels/Forschsemrep/strawberry_ws/install/strawberry_segmentation/lib/python3.10/site-packages:/home/parallels/Forschsemrep/strawberry_ws/install/strawberry_msgs/local/lib/python3.10/dist-packages:/home/parallels/Forschsemrep/strawberry_ws/build/strawberry_cluster:/home/parallels/Forschsemrep/strawberry_ws/install/strawberry_cluster/lib/python3.10/site-packages:/home/parallels/Forschsemrep/strawberry_ws/build/strawberry_camera:/home/parallels/Forschsemrep/strawberry_ws/install/strawberry_camera/lib/python3.10/site-packages:/home/parallels/Forschsemrep/strawberry_ws/build/meca500_ros2:/home/parallels/Forschsemrep/strawberry_ws/install/meca500_ros2/lib/python3.10/site-packages:/opt/ros/humble/lib/python3.10/site-packages:/opt/ros/humble/local/lib/python3.10/dist-packages', 'COLCON': '1', 'VTE_VERSION': '6800', 'CMAKE_PREFIX_PATH': '/home/parallels/Forschsemrep/strawberry_ws/install/strawberry_msgs'}, 'shell': False}
[4.161006] (-) TimerEvent: {}
[4.169670] (strawberry_segmentation) StdoutLine: {'line': b'running develop\n'}
[4.172384] (strawberry_cluster) StdoutLine: {'line': b'running develop\n'}
[4.261178] (-) TimerEvent: {}
[4.361939] (-) TimerEvent: {}
[4.466189] (-) TimerEvent: {}
[4.566675] (-) TimerEvent: {}
[4.598472] (strawberry_camera) StdoutLine: {'line': b'running egg_info\n'}
[4.598835] (strawberry_camera) StdoutLine: {'line': b'writing strawberry_camera.egg-info/PKG-INFO\n'}
[4.599504] (strawberry_camera) StdoutLine: {'line': b'writing dependency_links to strawberry_camera.egg-info/dependency_links.txt\n'}
[4.600135] (strawberry_camera) StdoutLine: {'line': b'writing entry points to strawberry_camera.egg-info/entry_points.txt\n'}
[4.601532] (strawberry_camera) StdoutLine: {'line': b'writing requirements to strawberry_camera.egg-info/requires.txt\n'}
[4.606184] (strawberry_camera) StdoutLine: {'line': b'writing top-level names to strawberry_camera.egg-info/top_level.txt\n'}
[4.609865] (strawberry_camera) StdoutLine: {'line': b"reading manifest file 'strawberry_camera.egg-info/SOURCES.txt'\n"}
[4.614507] (strawberry_camera) StdoutLine: {'line': b"writing manifest file 'strawberry_camera.egg-info/SOURCES.txt'\n"}
[4.618628] (strawberry_camera) StdoutLine: {'line': b'running build_ext\n'}
[4.619491] (strawberry_camera) StdoutLine: {'line': b'Creating /home/parallels/Forschsemrep/strawberry_ws/install/strawberry_camera/lib/python3.10/site-packages/strawberry-camera.egg-link (link to .)\n'}
[4.626210] (strawberry_camera) StdoutLine: {'line': b'Installing camera_dummy script to /home/parallels/Forschsemrep/strawberry_ws/install/strawberry_camera/lib/strawberry_camera\n'}
[4.626858] (strawberry_camera) StdoutLine: {'line': b'Installing camera_folder script to /home/parallels/Forschsemrep/strawberry_ws/install/strawberry_camera/lib/strawberry_camera\n'}
[4.627022] (strawberry_camera) StdoutLine: {'line': b'\n'}
[4.627683] (strawberry_camera) StdoutLine: {'line': b'Installed /home/parallels/Forschsemrep/strawberry_ws/build/strawberry_camera\n'}
[4.628414] (strawberry_camera) StdoutLine: {'line': b'running symlink_data\n'}
[4.668205] (-) TimerEvent: {}
[4.683490] (strawberry_cluster) StdoutLine: {'line': b'running egg_info\n'}
[4.689197] (strawberry_cluster) StdoutLine: {'line': b'writing strawberry_cluster.egg-info/PKG-INFO\n'}
[4.689508] (strawberry_cluster) StdoutLine: {'line': b'writing dependency_links to strawberry_cluster.egg-info/dependency_links.txt\n'}
[4.689651] (strawberry_cluster) StdoutLine: {'line': b'writing entry points to strawberry_cluster.egg-info/entry_points.txt\n'}
[4.689739] (strawberry_cluster) StdoutLine: {'line': b'writing requirements to strawberry_cluster.egg-info/requires.txt\n'}
[4.689839] (strawberry_cluster) StdoutLine: {'line': b'writing top-level names to strawberry_cluster.egg-info/top_level.txt\n'}
[4.698369] (strawberry_cluster) StdoutLine: {'line': b"reading manifest file 'strawberry_cluster.egg-info/SOURCES.txt'\n"}
[4.700189] (strawberry_cluster) StdoutLine: {'line': b"writing manifest file 'strawberry_cluster.egg-info/SOURCES.txt'\n"}
[4.705142] (strawberry_cluster) StdoutLine: {'line': b'running build_ext\n'}
[4.706270] (strawberry_cluster) StdoutLine: {'line': b'Creating /home/parallels/Forschsemrep/strawberry_ws/install/strawberry_cluster/lib/python3.10/site-packages/strawberry-cluster.egg-link (link to .)\n'}
[4.712520] (strawberry_cluster) StdoutLine: {'line': b'Installing cluster_diagnostic script to /home/parallels/Forschsemrep/strawberry_ws/install/strawberry_cluster/lib/strawberry_cluster\n'}
[4.712936] (strawberry_cluster) StdoutLine: {'line': b'Installing raw_cloud_saver script to /home/parallels/Forschsemrep/strawberry_ws/install/strawberry_cluster/lib/strawberry_cluster\n'}
[4.713353] (strawberry_cluster) StdoutLine: {'line': b'Installing strawberry_cluster script to /home/parallels/Forschsemrep/strawberry_ws/install/strawberry_cluster/lib/strawberry_cluster\n'}
[4.713573] (strawberry_cluster) StdoutLine: {'line': b'\n'}
[4.713716] (strawberry_cluster) StdoutLine: {'line': b'Installed /home/parallels/Forschsemrep/strawberry_ws/build/strawberry_cluster\n'}
[4.713845] (strawberry_cluster) StdoutLine: {'line': b'running symlink_data\n'}
[4.726999] (strawberry_camera) CommandEnded: {'returncode': 0}
[4.752208] (strawberry_segmentation) StdoutLine: {'line': b'running egg_info\n'}
[4.752636] (strawberry_segmentation) StdoutLine: {'line': b'writing strawberry_segmentation.egg-info/PKG-INFO\n'}
[4.755546] (strawberry_segmentation) StdoutLine: {'line': b'writing dependency_links to strawberry_segmentation.egg-info/dependency_links.txt\n'}
[4.755825] (strawberry_segmentation) StdoutLine: {'line': b'writing entry points to strawberry_segmentation.egg-info/entry_points.txt\n'}
[4.756033] (strawberry_segmentation) StdoutLine: {'line': b'writing requirements to strawberry_segmentation.egg-info/requires.txt\n'}
[4.756271] (strawberry_segmentation) StdoutLine: {'line': b'writing top-level names to strawberry_segmentation.egg-info/top_level.txt\n'}
[4.762477] (strawberry_segmentation) StdoutLine: {'line': b"reading manifest file 'strawberry_segmentation.egg-info/SOURCES.txt'\n"}
[4.767933] (strawberry_segmentation) StdoutLine: {'line': b"writing manifest file 'strawberry_segmentation.egg-info/SOURCES.txt'\n"}
[4.768163] (strawberry_segmentation) StdoutLine: {'line': b'running build_ext\n'}
[4.770833] (-) TimerEvent: {}
[4.778263] (strawberry_segmentation) StdoutLine: {'line': b'Creating /home/parallels/Forschsemrep/strawberry_ws/install/strawberry_segmentation/lib/python3.10/site-packages/strawberry-segmentation.egg-link (link to .)\n'}
[4.778630] (strawberry_segmentation) StdoutLine: {'line': b'Installing depth_mask script to /home/parallels/Forschsemrep/strawberry_ws/install/strawberry_segmentation/lib/strawberry_segmentation\n'}
[4.778860] (strawberry_segmentation) StdoutLine: {'line': b'Installing seg_ultra script to /home/parallels/Forschsemrep/strawberry_ws/install/strawberry_segmentation/lib/strawberry_segmentation\n'}
[4.779575] (strawberry_segmentation) StdoutLine: {'line': b'Installing strawberry_features script to /home/parallels/Forschsemrep/strawberry_ws/install/strawberry_segmentation/lib/strawberry_segmentation\n'}
[4.779847] (strawberry_segmentation) StdoutLine: {'line': b'Installing strawberry_selected_overlay script to /home/parallels/Forschsemrep/strawberry_ws/install/strawberry_segmentation/lib/strawberry_segmentation\n'}
[4.779977] (strawberry_segmentation) StdoutLine: {'line': b'\n'}
[4.780131] (strawberry_segmentation) StdoutLine: {'line': b'Installed /home/parallels/Forschsemrep/strawberry_ws/build/strawberry_segmentation\n'}
[4.780260] (strawberry_segmentation) StdoutLine: {'line': b'running symlink_data\n'}
[4.786204] (strawberry_camera) JobEnded: {'identifier': 'strawberry_camera', 'rc': 0}
[4.787156] (strawberry_tools) JobStarted: {'identifier': 'strawberry_tools'}
[4.808933] (strawberry_cluster) CommandEnded: {'returncode': 0}
[4.848919] (strawberry_cluster) JobEnded: {'identifier': 'strawberry_cluster', 'rc': 0}
[4.873188] (-) TimerEvent: {}
[4.940282] (meca500_ros2) StdoutLine: {'line': b'running develop\n'}
[4.973339] (-) TimerEvent: {}
[5.073964] (-) TimerEvent: {}
[5.175698] (-) TimerEvent: {}
[5.279268] (-) TimerEvent: {}
[5.379742] (-) TimerEvent: {}
[5.483878] (-) TimerEvent: {}
[5.584466] (-) TimerEvent: {}
[5.685337] (-) TimerEvent: {}
[5.788916] (-) TimerEvent: {}
[5.823163] (meca500_ros2) StdoutLine: {'line': b'running egg_info\n'}
[5.823689] (meca500_ros2) StdoutLine: {'line': b'writing meca500_ros2.egg-info/PKG-INFO\n'}
[5.825943] (meca500_ros2) StdoutLine: {'line': b'writing dependency_links to meca500_ros2.egg-info/dependency_links.txt\n'}
[5.826278] (meca500_ros2) StdoutLine: {'line': b'writing entry points to meca500_ros2.egg-info/entry_points.txt\n'}
[5.826512] (meca500_ros2) StdoutLine: {'line': b'writing requirements to meca500_ros2.egg-info/requires.txt\n'}
[5.831056] (meca500_ros2) StdoutLine: {'line': b'writing top-level names to meca500_ros2.egg-info/top_level.txt\n'}
[5.838308] (meca500_ros2) StdoutLine: {'line': b"reading manifest file 'meca500_ros2.egg-info/SOURCES.txt'\n"}
[5.838720] (strawberry_segmentation) CommandEnded: {'returncode': 0}
[5.852694] (meca500_ros2) StdoutLine: {'line': b"writing manifest file 'meca500_ros2.egg-info/SOURCES.txt'\n"}
[5.856727] (meca500_ros2) StdoutLine: {'line': b'running build_ext\n'}
[5.856925] (meca500_ros2) StdoutLine: {'line': b'Creating /home/parallels/Forschsemrep/strawberry_ws/install/meca500_ros2/lib/python3.10/site-packages/meca500-ros2.egg-link (link to .)\n'}
[5.857032] (meca500_ros2) StdoutLine: {'line': b'Installing robot_dummy script to /home/parallels/Forschsemrep/strawberry_ws/install/meca500_ros2/lib/meca500_ros2\n'}
[5.857402] (meca500_ros2) StdoutLine: {'line': b'\n'}
[5.857961] (meca500_ros2) StdoutLine: {'line': b'Installed /home/parallels/Forschsemrep/strawberry_ws/build/meca500_ros2\n'}
[5.860452] (meca500_ros2) StdoutLine: {'line': b'running symlink_data\n'}
[5.890490] (-) TimerEvent: {}
[5.907886] (strawberry_segmentation) JobEnded: {'identifier': 'strawberry_segmentation', 'rc': 0}
[5.914528] (strawberry_bringup) JobStarted: {'identifier': 'strawberry_bringup'}
[5.990618] (-) TimerEvent: {}
[5.994986] (meca500_ros2) CommandEnded: {'returncode': 0}
[6.080327] (meca500_ros2) JobEnded: {'identifier': 'meca500_ros2', 'rc': 0}
[6.093259] (-) TimerEvent: {}
[6.195346] (-) TimerEvent: {}
[6.299634] (-) TimerEvent: {}
[6.400645] (-) TimerEvent: {}
[6.506189] (-) TimerEvent: {}
[6.606874] (-) TimerEvent: {}
[6.718590] (-) TimerEvent: {}
[6.822908] (-) TimerEvent: {}
[6.924348] (-) TimerEvent: {}
[7.030650] (-) TimerEvent: {}
[7.134743] (-) TimerEvent: {}
[7.237346] (-) TimerEvent: {}
[7.339408] (-) TimerEvent: {}
[7.442687] (-) TimerEvent: {}
[7.543830] (-) TimerEvent: {}
[7.646895] (-) TimerEvent: {}
[7.749213] (-) TimerEvent: {}
[7.842624] (strawberry_tools) Command: {'cmd': ['/usr/bin/python3', '-W', 'ignore:setup.py install is deprecated', '-W', 'ignore:easy_install command is deprecated', 'setup.py', 'develop', '--editable', '--build-directory', '/home/parallels/Forschsemrep/strawberry_ws/build/strawberry_tools/build', '--no-deps', 'symlink_data'], 'cwd': '/home/parallels/Forschsemrep/strawberry_ws/build/strawberry_tools', 'env': {'GJS_DEBUG_TOPICS': 'JS ERROR;JS LOG', 'LESSOPEN': '| /usr/bin/lesspipe %s', 'USER': 'parallels', 'XDG_SESSION_TYPE': 'wayland', 'SHLVL': '1', 'LD_LIBRARY_PATH': '/home/parallels/Forschsemrep/strawberry_ws/install/strawberry_msgs/lib:/usr/lib/x86_64-linux-gnu/gazebo-11/plugins:/opt/ros/humble/opt/rviz_ogre_vendor/lib:/opt/ros/humble/lib/x86_64-linux-gnu:/opt/ros/humble/lib', 'HOME': '/home/parallels', 'CONDA_SHLVL': '0', 'OLDPWD': '/home/parallels', 'DESKTOP_SESSION': 'ubuntu', 'GIO_LAUNCHED_DESKTOP_FILE': '/usr/share/applications/terminator.desktop', 'ROS_PYTHON_VERSION': '3', 'GNOME_SHELL_SESSION_MODE': 'ubuntu', 'GTK_MODULES': 'gail:atk-bridge', 'MANAGERPID': '3032', 'SYSTEMD_EXEC_PID': '3221', 'DBUS_SESSION_BUS_ADDRESS': 'unix:path=/run/user/1000/bus', 'COLORTERM': 'truecolor', 'TERMINATOR_DBUS_NAME': 'net.tenshu.Terminator25ef4b219e3b005583550f2b0f9f990c3', 'GIO_LAUNCHED_DESKTOP_FILE_PID': '5529', 'IM_CONFIG_PHASE': '1', 'WAYLAND_DISPLAY': 'wayland-0', 'COLCON_PREFIX_PATH': '/home/parallels/Forschsemrep/strawberry_ws/install', 'ROS_DISTRO': 'humble', 'LOGNAME': 'parallels', 'JOURNAL_STREAM': '8:19956', '_': '/usr/bin/colcon', 'ROS_VERSION': '2', 'XDG_SESSION_CLASS': 'user', 'USERNAME': 'parallels', 'TERM': 'xterm-256color', 'GNOME_DESKTOP_SESSION_ID': 'this-is-deprecated', 'ROS_LOCALHOST_ONLY': '0', 'PATH': '/opt/ros/humble/bin:/home/parallels/.local/bin:/home/parallels/miniforge3/condabin:/home/parallels/.local/bin:/usr/local/sbin:/usr/local/bin:/usr/sbin:/usr/bin:/sbin:/bin:/usr/games:/usr/local/games:/snap/bin:/snap/bin:/home/parallels/.dotnet/tools:/opt/mssql-tools/bin', 'SESSION_MANAGER': 'local/parallels-Parallels-Virtual-Platform:@/tmp/.ICE-unix/3192,unix/parallels-Parallels-Virtual-Platform:/tmp/.ICE-unix/3192', 'INVOCATION_ID': '454f23c05d8143398ea19d319ea9d664', 'XDG_MENU_PREFIX': 'gnome-', 'GNOME_SETUP_DISPLAY': ':1', 'XDG_RUNTIME_DIR': '/run/user/1000', 'MAMBA_ROOT_PREFIX': '/home/parallels/miniforge3', 'DISPLAY': ':0', 'TERMINATOR_DBUS_PATH': '/net/tenshu/Terminator2', 'LANG': 'en_US.UTF-8', 'XDG_CURRENT_DESKTOP': 'ubuntu:GNOME', 'DOTNET_BUNDLE_EXTRACT_BASE_DIR': '/home/parallels/.cache/dotnet_bundle_extract', 'IBUS_DISABLE_SNOOPER': '1', 'XMODIFIERS': '@im=ibus', 'XDG_SESSION_DESKTOP': 'ubuntu', 'XAUTHORITY': '/run/user/1000/.mutter-Xwaylandauth.INPBJ3', 'LS_COLORS': 'rs=0:di=01;34:ln=01;36:mh=00:pi=40;33:so=01;35:do=01;35:bd=40;33;01:cd=40;33;01:or=40;31;01:mi=00:su=37;41:sg=30;43:ca=30;41:tw=30;42:ow=34;42:st=37;44:ex=01;32:*.tar=01;31:*.tgz=01;31:*.arc=01;31:*.arj=01;31:*.taz=01;31:*.lha=01;31:*.lz4=01;31:*.lzh=01;31:*.lzma=01;31:*.tlz=01;31:*.txz=01;31:*.tzo=01;31:*.t7z=01;31:*.zip=01;31:*.z=01;31:*.dz=01;31:*.gz=01;31:*.lrz=01;31:*.lz=01;31:*.lzo=01;31:*.xz=01;31:*.zst=01;31:*.tzst=01;31:*.bz2=01;31:*.bz=01;31:*.tbz=01;31:*.tbz2=01;31:*.tz=01;31:*.deb=01;31:*.rpm=01;31:*.jar=01;31:*.war=01;31:*.ear=01;31:*.sar=01;31:*.rar=01;31:*.alz=01;31:*.ace=01;31:*.zoo=01;31:*.cpio=01;31:*.7z=01;31:*.rz=01;31:*.cab=01;31:*.wim=01;31:*.swm=01;31:*.dwm=01;31:*.esd=01;31:*.jpg=01;35:*.jpeg=01;35:*.mjpg=01;35:*.mjpeg=01;35:*.gif=01;35:*.bmp=01;35:*.pbm=01;35:*.pgm=01;35:*.ppm=01;35:*.tga=01;35:*.xbm=01;35:*.xpm=01;35:*.tif=01;35:*.tiff=01;35:*.png=01;35:*.svg=01;35:*.svgz=01;35:*.mng=01;35:*.pcx=01;35:*.mov=01;35:*.mpg=01;35:*.mpeg=01;35:*.m2v=01;35:*.mkv=01;35:*.webm=01;35:*.webp=01;35:*.ogm=01;35:*.mp4=01;35:*.m4v=01;35:*.mp4v=01;35:*.vob=01;35:*.qt=01;35:*.nuv=01;35:*.wmv=01;35:*.asf=01;35:*.rm=01;35:*.rmvb=01;35:*.flc=01;35:*.avi=01;35:*.fli=01;35:*.flv=01;35:*.gl=01;35:*.dl=01;35:*.xcf=01;35:*.xwd=01;35:*.yuv=01;35:*.cgm=01;35:*.emf=01;35:*.ogv=01;35:*.ogx=01;35:*.aac=00;36:*.au=00;36:*.flac=00;36:*.m4a=00;36:*.mid=00;36:*.midi=00;36:*.mka=00;36:*.mp3=00;36:*.mpc=00;36:*.ogg=00;36:*.ra=00;36:*.wav=00;36:*.oga=00;36:*.opus=00;36:*.spx=00;36:*.xspf=00;36:', 'SSH_AGENT_LAUNCHER': 'gnome-keyring', 'SSH_AUTH_SOCK': '/run/user/1000/keyring/ssh', 'AMENT_PREFIX_PATH': '/home/parallels/Forschsemrep/strawberry_ws/install/strawberry_tools:/home/parallels/Forschsemrep/strawberry_ws/install/strawberry_bringup:/home/parallels/Forschsemrep/strawberry_ws/install/strawberry_segmentation:/home/parallels/Forschsemrep/strawberry_ws/install/strawberry_msgs:/home/parallels/Forschsemrep/strawberry_ws/install/strawberry_cluster:/home/parallels/Forschsemrep/strawberry_ws/install/strawberry_camera:/home/parallels/Forschsemrep/strawberry_ws/install/meca500_ros2:/opt/ros/humble', 'CONDA_PYTHON_EXE': '/home/parallels/miniforge3/bin/python', 'SHELL': '/bin/bash', 'TERMINATOR_UUID': 'urn:uuid:5deb69e9-cad9-4bb8-a9b5-ba7971cb10ed', 'QT_ACCESSIBILITY': '1', 'GDMSESSION': 'ubuntu', 'LESSCLOSE': '/usr/bin/lesspipe %s %s', 'GJS_DEBUG_OUTPUT': 'stderr', 'MAMBA_EXE': '/home/parallels/miniforge3/bin/mamba', 'QT_IM_MODULE': 'ibus', 'PWD': '/home/parallels/Forschsemrep/strawberry_ws/build/strawberry_tools', 'XDG_CONFIG_DIRS': '/etc/xdg/xdg-ubuntu:/etc/xdg', 'CONDA_EXE': '/home/parallels/miniforge3/bin/conda', 'XDG_DATA_DIRS': '/usr/share/ubuntu:/usr/local/share/:/usr/share/:/var/lib/snapd/desktop', 'PYTHONPATH': '/home/parallels/Forschsemrep/strawberry_ws/build/strawberry_tools/prefix_override:/usr/lib/python3/dist-packages/colcon_core/task/python/colcon_distutils_commands:/home/parallels/Forschsemrep/strawberry_ws/install/strawberry_tools/lib/python3.10/site-packages:/home/parallels/Forschsemrep/strawberry_ws/build/strawberry_tools:/home/parallels/Forschsemrep/strawberry_ws/install/strawberry_tools/lib/python3.10/site-packages:/home/parallels/Forschsemrep/strawberry_ws/build/strawberry_bringup:/home/parallels/Forschsemrep/strawberry_ws/install/strawberry_bringup/lib/python3.10/site-packages:/home/parallels/Forschsemrep/strawberry_ws/build/strawberry_segmentation:/home/parallels/Forschsemrep/strawberry_ws/install/strawberry_segmentation/lib/python3.10/site-packages:/home/parallels/Forschsemrep/strawberry_ws/install/strawberry_msgs/local/lib/python3.10/dist-packages:/home/parallels/Forschsemrep/strawberry_ws/build/strawberry_cluster:/home/parallels/Forschsemrep/strawberry_ws/install/strawberry_cluster/lib/python3.10/site-packages:/home/parallels/Forschsemrep/strawberry_ws/build/strawberry_camera:/home/parallels/Forschsemrep/strawberry_ws/install/strawberry_camera/lib/python3.10/site-packages:/home/parallels/Forschsemrep/strawberry_ws/build/meca500_ros2:/home/parallels/Forschsemrep/strawberry_ws/install/meca500_ros2/lib/python3.10/site-packages:/opt/ros/humble/lib/python3.10/site-packages:/opt/ros/humble/local/lib/python3.10/dist-packages', 'COLCON': '1', 'VTE_VERSION': '6800', 'CMAKE_PREFIX_PATH': '/home/parallels/Forschsemrep/strawberry_ws/install/strawberry_msgs'}, 'shell': False}
[7.850668] (-) TimerEvent: {}
[7.951985] (-) TimerEvent: {}
[8.054996] (-) TimerEvent: {}
[8.157433] (-) TimerEvent: {}
[8.259353] (-) TimerEvent: {}
[8.363720] (-) TimerEvent: {}
[8.469954] (-) TimerEvent: {}
[8.572391] (-) TimerEvent: {}
[8.675242] (-) TimerEvent: {}
[8.776240] (-) TimerEvent: {}
[8.877335] (-) TimerEvent: {}
[8.980338] (-) TimerEvent: {}
[9.083287] (-) TimerEvent: {}
[9.152907] (strawberry_tools) StdoutLine: {'line': b'running develop\n'}
[9.181728] (strawberry_bringup) Command: {'cmd': ['/usr/bin/python3', '-W', 'ignore:setup.py install is deprecated', '-W', 'ignore:easy_install command is deprecated', 'setup.py', 'develop', '--editable', '--build-directory', '/home/parallels/Forschsemrep/strawberry_ws/build/strawberry_bringup/build', '--no-deps', 'symlink_data'], 'cwd': '/home/parallels/Forschsemrep/strawberry_ws/build/strawberry_bringup', 'env': {'GJS_DEBUG_TOPICS': 'JS ERROR;JS LOG', 'LESSOPEN': '| /usr/bin/lesspipe %s', 'USER': 'parallels', 'XDG_SESSION_TYPE': 'wayland', 'SHLVL': '1', 'LD_LIBRARY_PATH': '/home/parallels/Forschsemrep/strawberry_ws/install/strawberry_msgs/lib:/usr/lib/x86_64-linux-gnu/gazebo-11/plugins:/opt/ros/humble/opt/rviz_ogre_vendor/lib:/opt/ros/humble/lib/x86_64-linux-gnu:/opt/ros/humble/lib', 'HOME': '/home/parallels', 'CONDA_SHLVL': '0', 'OLDPWD': '/home/parallels', 'DESKTOP_SESSION': 'ubuntu', 'GIO_LAUNCHED_DESKTOP_FILE': '/usr/share/applications/terminator.desktop', 'ROS_PYTHON_VERSION': '3', 'GNOME_SHELL_SESSION_MODE': 'ubuntu', 'GTK_MODULES': 'gail:atk-bridge', 'MANAGERPID': '3032', 'SYSTEMD_EXEC_PID': '3221', 'DBUS_SESSION_BUS_ADDRESS': 'unix:path=/run/user/1000/bus', 'COLORTERM': 'truecolor', 'TERMINATOR_DBUS_NAME': 'net.tenshu.Terminator25ef4b219e3b005583550f2b0f9f990c3', 'GIO_LAUNCHED_DESKTOP_FILE_PID': '5529', 'IM_CONFIG_PHASE': '1', 'WAYLAND_DISPLAY': 'wayland-0', 'COLCON_PREFIX_PATH': '/home/parallels/Forschsemrep/strawberry_ws/install', 'ROS_DISTRO': 'humble', 'LOGNAME': 'parallels', 'JOURNAL_STREAM': '8:19956', '_': '/usr/bin/colcon', 'ROS_VERSION': '2', 'XDG_SESSION_CLASS': 'user', 'USERNAME': 'parallels', 'TERM': 'xterm-256color', 'GNOME_DESKTOP_SESSION_ID': 'this-is-deprecated', 'ROS_LOCALHOST_ONLY': '0', 'PATH': '/opt/ros/humble/bin:/home/parallels/.local/bin:/home/parallels/miniforge3/condabin:/home/parallels/.local/bin:/usr/local/sbin:/usr/local/bin:/usr/sbin:/usr/bin:/sbin:/bin:/usr/games:/usr/local/games:/snap/bin:/snap/bin:/home/parallels/.dotnet/tools:/opt/mssql-tools/bin', 'SESSION_MANAGER': 'local/parallels-Parallels-Virtual-Platform:@/tmp/.ICE-unix/3192,unix/parallels-Parallels-Virtual-Platform:/tmp/.ICE-unix/3192', 'INVOCATION_ID': '454f23c05d8143398ea19d319ea9d664', 'XDG_MENU_PREFIX': 'gnome-', 'GNOME_SETUP_DISPLAY': ':1', 'XDG_RUNTIME_DIR': '/run/user/1000', 'MAMBA_ROOT_PREFIX': '/home/parallels/miniforge3', 'DISPLAY': ':0', 'TERMINATOR_DBUS_PATH': '/net/tenshu/Terminator2', 'LANG': 'en_US.UTF-8', 'XDG_CURRENT_DESKTOP': 'ubuntu:GNOME', 'DOTNET_BUNDLE_EXTRACT_BASE_DIR': '/home/parallels/.cache/dotnet_bundle_extract', 'IBUS_DISABLE_SNOOPER': '1', 'XMODIFIERS': '@im=ibus', 'XDG_SESSION_DESKTOP': 'ubuntu', 'XAUTHORITY': '/run/user/1000/.mutter-Xwaylandauth.INPBJ3', 'LS_COLORS': 'rs=0:di=01;34:ln=01;36:mh=00:pi=40;33:so=01;35:do=01;35:bd=40;33;01:cd=40;33;01:or=40;31;01:mi=00:su=37;41:sg=30;43:ca=30;41:tw=30;42:ow=34;42:st=37;44:ex=01;32:*.tar=01;31:*.tgz=01;31:*.arc=01;31:*.arj=01;31:*.taz=01;31:*.lha=01;31:*.lz4=01;31:*.lzh=01;31:*.lzma=01;31:*.tlz=01;31:*.txz=01;31:*.tzo=01;31:*.t7z=01;31:*.zip=01;31:*.z=01;31:*.dz=01;31:*.gz=01;31:*.lrz=01;31:*.lz=01;31:*.lzo=01;31:*.xz=01;31:*.zst=01;31:*.tzst=01;31:*.bz2=01;31:*.bz=01;31:*.tbz=01;31:*.tbz2=01;31:*.tz=01;31:*.deb=01;31:*.rpm=01;31:*.jar=01;31:*.war=01;31:*.ear=01;31:*.sar=01;31:*.rar=01;31:*.alz=01;31:*.ace=01;31:*.zoo=01;31:*.cpio=01;31:*.7z=01;31:*.rz=01;31:*.cab=01;31:*.wim=01;31:*.swm=01;31:*.dwm=01;31:*.esd=01;31:*.jpg=01;35:*.jpeg=01;35:*.mjpg=01;35:*.mjpeg=01;35:*.gif=01;35:*.bmp=01;35:*.pbm=01;35:*.pgm=01;35:*.ppm=01;35:*.tga=01;35:*.xbm=01;35:*.xpm=01;35:*.tif=01;35:*.tiff=01;35:*.png=01;35:*.svg=01;35:*.svgz=01;35:*.mng=01;35:*.pcx=01;35:*.mov=01;35:*.mpg=01;35:*.mpeg=01;35:*.m2v=01;35:*.mkv=01;35:*.webm=01;35:*.webp=01;35:*.ogm=01;35:*.mp4=01;35:*.m4v=01;35:*.mp4v=01;35:*.vob=01;35:*.qt=01;35:*.nuv=01;35:*.wmv=01;35:*.asf=01;35:*.rm=01;35:*.rmvb=01;35:*.flc=01;35:*.avi=01;35:*.fli=01;35:*.flv=01;35:*.gl=01;35:*.dl=01;35:*.xcf=01;35:*.xwd=01;35:*.yuv=01;35:*.cgm=01;35:*.emf=01;35:*.ogv=01;35:*.ogx=01;35:*.aac=00;36:*.au=00;36:*.flac=00;36:*.m4a=00;36:*.mid=00;36:*.midi=00;36:*.mka=00;36:*.mp3=00;36:*.mpc=00;36:*.ogg=00;36:*.ra=00;36:*.wav=00;36:*.oga=00;36:*.opus=00;36:*.spx=00;36:*.xspf=00;36:', 'SSH_AGENT_LAUNCHER': 'gnome-keyring', 'SSH_AUTH_SOCK': '/run/user/1000/keyring/ssh', 'AMENT_PREFIX_PATH': '/home/parallels/Forschsemrep/strawberry_ws/install/strawberry_segmentation:/home/parallels/Forschsemrep/strawberry_ws/install/strawberry_cluster:/home/parallels/Forschsemrep/strawberry_ws/install/strawberry_camera:/home/parallels/Forschsemrep/strawberry_ws/install/strawberry_tools:/home/parallels/Forschsemrep/strawberry_ws/install/strawberry_bringup:/home/parallels/Forschsemrep/strawberry_ws/install/strawberry_msgs:/home/parallels/Forschsemrep/strawberry_ws/install/meca500_ros2:/opt/ros/humble', 'CONDA_PYTHON_EXE': '/home/parallels/miniforge3/bin/python', 'SHELL': '/bin/bash', 'TERMINATOR_UUID': 'urn:uuid:5deb69e9-cad9-4bb8-a9b5-ba7971cb10ed', 'QT_ACCESSIBILITY': '1', 'GDMSESSION': 'ubuntu', 'LESSCLOSE': '/usr/bin/lesspipe %s %s', 'GJS_DEBUG_OUTPUT': 'stderr', 'MAMBA_EXE': '/home/parallels/miniforge3/bin/mamba', 'QT_IM_MODULE': 'ibus', 'PWD': '/home/parallels/Forschsemrep/strawberry_ws/build/strawberry_bringup', 'XDG_CONFIG_DIRS': '/etc/xdg/xdg-ubuntu:/etc/xdg', 'CONDA_EXE': '/home/parallels/miniforge3/bin/conda', 'XDG_DATA_DIRS': '/usr/share/ubuntu:/usr/local/share/:/usr/share/:/var/lib/snapd/desktop', 'PYTHONPATH': '/home/parallels/Forschsemrep/strawberry_ws/build/strawberry_bringup/prefix_override:/usr/lib/python3/dist-packages/colcon_core/task/python/colcon_distutils_commands:/home/parallels/Forschsemrep/strawberry_ws/install/strawberry_bringup/lib/python3.10/site-packages:/home/parallels/Forschsemrep/strawberry_ws/build/strawberry_segmentation:/home/parallels/Forschsemrep/strawberry_ws/install/strawberry_segmentation/lib/python3.10/site-packages:/home/parallels/Forschsemrep/strawberry_ws/build/strawberry_cluster:/home/parallels/Forschsemrep/strawberry_ws/install/strawberry_cluster/lib/python3.10/site-packages:/home/parallels/Forschsemrep/strawberry_ws/build/strawberry_camera:/home/parallels/Forschsemrep/strawberry_ws/install/strawberry_camera/lib/python3.10/site-packages:/home/parallels/Forschsemrep/strawberry_ws/build/strawberry_tools:/home/parallels/Forschsemrep/strawberry_ws/install/strawberry_tools/lib/python3.10/site-packages:/home/parallels/Forschsemrep/strawberry_ws/build/strawberry_bringup:/home/parallels/Forschsemrep/strawberry_ws/install/strawberry_bringup/lib/python3.10/site-packages:/home/parallels/Forschsemrep/strawberry_ws/install/strawberry_msgs/local/lib/python3.10/dist-packages:/home/parallels/Forschsemrep/strawberry_ws/build/meca500_ros2:/home/parallels/Forschsemrep/strawberry_ws/install/meca500_ros2/lib/python3.10/site-packages:/opt/ros/humble/lib/python3.10/site-packages:/opt/ros/humble/local/lib/python3.10/dist-packages', 'COLCON': '1', 'VTE_VERSION': '6800', 'CMAKE_PREFIX_PATH': '/home/parallels/Forschsemrep/strawberry_ws/install/strawberry_msgs'}, 'shell': False}
[9.185840] (-) TimerEvent: {}
[9.287562] (-) TimerEvent: {}
[9.390594] (-) TimerEvent: {}
[9.491315] (-) TimerEvent: {}
[9.592151] (-) TimerEvent: {}
[9.699265] (-) TimerEvent: {}
[9.801844] (-) TimerEvent: {}
[9.902387] (-) TimerEvent: {}
[10.006428] (-) TimerEvent: {}
[10.107194] (-) TimerEvent: {}
[10.209157] (-) TimerEvent: {}
[10.216714] (strawberry_tools) StdoutLine: {'line': b'running egg_info\n'}
[10.217890] (strawberry_tools) StdoutLine: {'line': b'writing strawberry_tools.egg-info/PKG-INFO\n'}
[10.221918] (strawberry_tools) StdoutLine: {'line': b'writing dependency_links to strawberry_tools.egg-info/dependency_links.txt\n'}
[10.222049] (strawberry_tools) StdoutLine: {'line': b'writing entry points to strawberry_tools.egg-info/entry_points.txt\n'}
[10.222233] (strawberry_tools) StdoutLine: {'line': b'writing requirements to strawberry_tools.egg-info/requires.txt\n'}
[10.222319] (strawberry_tools) StdoutLine: {'line': b'writing top-level names to strawberry_tools.egg-info/top_level.txt\n'}
[10.226478] (strawberry_tools) StdoutLine: {'line': b"reading manifest file 'strawberry_tools.egg-info/SOURCES.txt'\n"}
[10.232338] (strawberry_tools) StdoutLine: {'line': b"writing manifest file 'strawberry_tools.egg-info/SOURCES.txt'\n"}
[10.240198] (strawberry_tools) StdoutLine: {'line': b'running build_ext\n'}
[10.241219] (strawberry_tools) StdoutLine: {'line': b'Creating /home/parallels/Forschsemrep/strawberry_ws/install/strawberry_tools/lib/python3.10/site-packages/strawberry-tools.egg-link (link to .)\n'}
[10.249558] (strawberry_tools) StdoutLine: {'line': b'Installing sync_audit script to /home/parallels/Forschsemrep/strawberry_ws/install/strawberry_tools/lib/strawberry_tools\n'}
[10.251472] (strawberry_tools) StdoutLine: {'line': b'\n'}
[10.254210] (strawberry_tools) StdoutLine: {'line': b'Installed /home/parallels/Forschsemrep/strawberry_ws/build/strawberry_tools\n'}
[10.254609] (strawberry_tools) StdoutLine: {'line': b'running symlink_data\n'}
[10.309293] (-) TimerEvent: {}
[10.398872] (strawberry_tools) CommandEnded: {'returncode': 0}
[10.412496] (-) TimerEvent: {}
[10.471291] (strawberry_bringup) StdoutLine: {'line': b'running develop\n'}
[10.485324] (strawberry_tools) JobEnded: {'identifier': 'strawberry_tools', 'rc': 0}
[10.512823] (-) TimerEvent: {}
[10.614405] (-) TimerEvent: {}
[10.716199] (-) TimerEvent: {}
[10.817535] (-) TimerEvent: {}
[10.920604] (-) TimerEvent: {}
[11.021630] (-) TimerEvent: {}
[11.122050] (-) TimerEvent: {}
[11.224496] (-) TimerEvent: {}
[11.325427] (-) TimerEvent: {}
[11.426239] (-) TimerEvent: {}
[11.456205] (strawberry_bringup) StdoutLine: {'line': b'running egg_info\n'}
[11.457443] (strawberry_bringup) StdoutLine: {'line': b'writing strawberry_bringup.egg-info/PKG-INFO\n'}
[11.461603] (strawberry_bringup) StdoutLine: {'line': b'writing dependency_links to strawberry_bringup.egg-info/dependency_links.txt\n'}
[11.462516] (strawberry_bringup) StdoutLine: {'line': b'writing entry points to strawberry_bringup.egg-info/entry_points.txt\n'}
[11.462810] (strawberry_bringup) StdoutLine: {'line': b'writing requirements to strawberry_bringup.egg-info/requires.txt\n'}
[11.463319] (strawberry_bringup) StdoutLine: {'line': b'writing top-level names to strawberry_bringup.egg-info/top_level.txt\n'}
[11.466919] (strawberry_bringup) StdoutLine: {'line': b"reading manifest file 'strawberry_bringup.egg-info/SOURCES.txt'\n"}
[11.468857] (strawberry_bringup) StdoutLine: {'line': b"writing manifest file 'strawberry_bringup.egg-info/SOURCES.txt'\n"}
[11.474113] (strawberry_bringup) StdoutLine: {'line': b'running build_ext\n'}
[11.475766] (strawberry_bringup) StdoutLine: {'line': b'Creating /home/parallels/Forschsemrep/strawberry_ws/install/strawberry_bringup/lib/python3.10/site-packages/strawberry-bringup.egg-link (link to .)\n'}
[11.476556] (strawberry_bringup) StdoutLine: {'line': b'\n'}
[11.476859] (strawberry_bringup) StdoutLine: {'line': b'Installed /home/parallels/Forschsemrep/strawberry_ws/build/strawberry_bringup\n'}
[11.477173] (strawberry_bringup) StdoutLine: {'line': b'running symlink_data\n'}
[11.526453] (-) TimerEvent: {}
[11.580241] (strawberry_bringup) CommandEnded: {'returncode': 0}
[11.614634] (strawberry_bringup) JobEnded: {'identifier': 'strawberry_bringup', 'rc': 0}
[11.616919] (-) EventReactorShutdown: {}
