ply
format ascii 1.0
element vertex 27076
property float x
property float y
property float z
end_header
0.180298 0.095983 0.178577
0.180457 0.095921 0.178477
0.180617 0.095859 0.178377
0.180776 0.095797 0.178277
0.180936 0.095735 0.178177
0.181104 0.095625 0.178168
0.181263 0.095563 0.178068
0.181423 0.095501 0.177968
0.181590 0.095391 0.177959
0.181749 0.095329 0.177859
0.181908 0.095267 0.177760
0.182075 0.095158 0.177752
0.182234 0.095096 0.177652
0.182393 0.095034 0.177552
0.182559 0.094925 0.177545
0.182717 0.094863 0.177445
0.182876 0.094801 0.177346
0.183041 0.094693 0.177339
0.183200 0.094631 0.177240
0.183358 0.094569 0.177140
0.179702 0.096100 0.178646
0.179883 0.095941 0.178727
0.180053 0.095831 0.178717
0.180212 0.095769 0.178617
0.180371 0.095707 0.178517
0.180530 0.095645 0.178417
0.180690 0.095583 0.178317
0.180849 0.095521 0.178217
0.181017 0.095411 0.178209
0.181176 0.095349 0.178109
0.181335 0.095287 0.178009
0.181494 0.095225 0.177909
0.181662 0.095116 0.177901
0.181821 0.095054 0.177801
0.181979 0.094992 0.177702
0.182138 0.094931 0.177602
0.182297 0.094869 0.177502
0.182463 0.094760 0.177495
0.182622 0.094698 0.177395
0.182787 0.094590 0.177388
0.182946 0.094528 0.177289
0.183104 0.094466 0.177189
0.183263 0.094405 0.177090
0.183427 0.094296 0.177084
0.183585 0.094235 0.176984
0.183743 0.094173 0.176885
0.183902 0.094112 0.176786
0.177731 0.098727 0.175200
0.177913 0.098612 0.175183
0.178082 0.098547 0.175076
0.179787 0.095775 0.178676
0.179967 0.095617 0.178758
0.180126 0.095555 0.178658
0.180296 0.095446 0.178649
0.180454 0.095384 0.178549
0.180613 0.095322 0.178449
0.180772 0.095260 0.178350
0.180931 0.095198 0.178250
0.181090 0.095136 0.178150
0.181248 0.095075 0.178050
0.181407 0.095013 0.177951
0.181566 0.094951 0.177851
0.181725 0.094889 0.177751
0.181892 0.094780 0.177744
0.182050 0.094718 0.177644
0.182209 0.094657 0.177544
0.182367 0.094595 0.177445
0.182526 0.094533 0.177345
0.182692 0.094425 0.177338
0.182850 0.094363 0.177239
0.183015 0.094255 0.177232
0.183173 0.094193 0.177133
0.183332 0.094132 0.177034
0.183490 0.094070 0.176934
0.183648 0.094009 0.176835
0.183806 0.093947 0.176736
0.183964 0.093885 0.176636
0.184123 0.093824 0.176537
0.184281 0.093762 0.176438
0.176172 0.099424 0.175379
0.176357 0.099308 0.175360
0.176527 0.099241 0.175253
0.176712 0.099126 0.175234
0.176896 0.099011 0.175216
0.177080 0.098895 0.175198
0.177263 0.098780 0.175180
0.177446 0.098666 0.175163
0.177628 0.098551 0.175146
0.177798 0.098485 0.175039
0.177967 0.098419 0.174933
0.178429 0.097192 0.176982
0.178594 0.097128 0.176878
0.179417 0.095541 0.179188
0.179587 0.095432 0.179178
0.179745 0.095370 0.179079
0.179904 0.095308 0.178979
0.180062 0.095247 0.178880
0.180210 0.095233 0.178690
0.180369 0.095171 0.178590
0.180527 0.095109 0.178490
0.180686 0.095047 0.178391
0.180844 0.094986 0.178291
0.181003 0.094924 0.178192
0.181162 0.094862 0.178092
0.181320 0.094801 0.177992
0.181479 0.094739 0.177893
0.181637 0.094677 0.177793
0.181804 0.094568 0.177786
0.181963 0.094507 0.177686
0.182121 0.094445 0.177587
0.182279 0.094383 0.177487
0.182438 0.094322 0.177388
0.182603 0.094214 0.177381
0.182762 0.094152 0.177282
0.182920 0.094090 0.177182
0.183085 0.093983 0.177176
0.183243 0.093921 0.177077
0.183401 0.093860 0.176978
0.183559 0.093798 0.176879
0.183717 0.093737 0.176780
0.183869 0.093721 0.176586
0.184027 0.093659 0.176487
0.184185 0.093598 0.176388
0.184343 0.093536 0.176288
0.184502 0.093475 0.176189
0.184655 0.093458 0.175995
0.184304 0.098658 0.164911
0.174210 0.100360 0.175614
0.174383 0.100293 0.175505
0.174571 0.100176 0.175484
0.174744 0.100108 0.175376
0.174932 0.099992 0.175355
0.175120 0.099875 0.175335
0.175308 0.099759 0.175314
0.175495 0.099643 0.175295
0.175682 0.099527 0.175275
0.175868 0.099411 0.175255
0.176068 0.099246 0.175325
0.176268 0.099081 0.175395
0.176438 0.099015 0.175287
0.176623 0.098900 0.175269
0.176793 0.098833 0.175162
0.176991 0.098670 0.175234
0.177160 0.098604 0.175127
0.177330 0.098538 0.175020
0.178330 0.097020 0.176930
0.178495 0.096956 0.176826
0.179321 0.095376 0.179137
0.179491 0.095267 0.179128
0.179650 0.095205 0.179029
0.179808 0.095144 0.178929
0.180009 0.094892 0.179194
0.180167 0.094830 0.179095
0.180324 0.094769 0.178996
0.180472 0.094755 0.178805
0.180620 0.094741 0.178615
0.180778 0.094679 0.178516
0.180936 0.094618 0.178416
0.181094 0.094556 0.178317
0.181243 0.094542 0.178126
0.181401 0.094480 0.178027
0.181559 0.094419 0.177927
0.181726 0.094310 0.177920
0.181884 0.094249 0.177821
0.182041 0.094187 0.177722
0.182199 0.094126 0.177623
0.182357 0.094064 0.177523
0.182515 0.094003 0.177424
0.182673 0.093941 0.177325
0.182831 0.093880 0.177226
0.182989 0.093818 0.177126
0.183147 0.093757 0.177027
0.183305 0.093695 0.176928
0.183469 0.093588 0.176923
0.183627 0.093527 0.176823
0.183785 0.093465 0.176724
0.183943 0.093404 0.176625
0.184095 0.093388 0.176432
0.184253 0.093326 0.176333
0.184411 0.093265 0.176233
0.184569 0.093203 0.176134
0.184727 0.093142 0.176035
0.184376 0.098397 0.164739
0.173397 0.100499 0.175906
0.173570 0.100432 0.175798
0.173760 0.100315 0.175776
0.173933 0.100247 0.175668
0.174106 0.100180 0.175559
0.174278 0.100113 0.175451
0.174451 0.100046 0.175342
0.174640 0.099929 0.175321
0.174828 0.099812 0.175301
0.175016 0.099696 0.175280
0.175204 0.099580 0.175260
0.175391 0.099464 0.175240
0.175578 0.099348 0.175221
0.175779 0.099183 0.175290
0.175980 0.099019 0.175359
0.176165 0.098904 0.175341
0.176336 0.098838 0.175234
0.176520 0.098723 0.175215
0.176704 0.098608 0.175197
0.176888 0.098493 0.175180
0.177058 0.098427 0.175073
0.179823 0.094505 0.179788
0.179979 0.094444 0.179689
0.180125 0.094430 0.179500
0.180271 0.094417 0.179311
0.180417 0.094403 0.179121
0.180564 0.094389 0.178931
0.180721 0.094327 0.178832
0.180879 0.094266 0.178733
0.181026 0.094252 0.178543
0.181184 0.094190 0.178444
0.181323 0.094222 0.178161
0.181481 0.094161 0.178062
0.181647 0.094053 0.178055
0.181805 0.093992 0.177956
0.181962 0.093930 0.177857
0.182104 0.093962 0.177573
0.182262 0.093900 0.177473
0.182420 0.093839 0.177374
0.182578 0.093777 0.177275
0.182736 0.093716 0.177176
0.182894 0.093654 0.177077
0.183072 0.093455 0.177258
0.183229 0.093394 0.177159
0.183380 0.093378 0.176966
0.183544 0.093272 0.176961
0.183702 0.093210 0.176863
0.183859 0.093149 0.176764
0.184016 0.093088 0.176665
0.184174 0.093026 0.176566
0.184331 0.092965 0.176467
0.184488 0.092904 0.176368
0.184646 0.092843 0.176270
0.184803 0.092781 0.176171
0.184965 0.092675 0.176167
0.185122 0.092614 0.176068
0.184813 0.097995 0.164338
0.172582 0.100639 0.176200
0.172774 0.100521 0.176178
0.172947 0.100454 0.176069
0.173120 0.100387 0.175960
0.173310 0.100269 0.175939
0.173483 0.100202 0.175830
0.173656 0.100135 0.175722
0.173829 0.100068 0.175613
0.174001 0.100000 0.175505
0.174174 0.099933 0.175396
0.174347 0.099866 0.175288
0.174536 0.099750 0.175267
0.174724 0.099633 0.175246
0.174913 0.099517 0.175226
0.175100 0.099401 0.175206
0.175288 0.099285 0.175186
0.175475 0.099170 0.175166
0.175676 0.099006 0.175236
0.175877 0.098842 0.175305
0.176062 0.098727 0.175287
0.176233 0.098660 0.175180
0.176966 0.097175 0.177460
0.177130 0.097111 0.177357
0.179784 0.094106 0.180193
0.179939 0.094046 0.180095
0.180084 0.094032 0.179906
0.180229 0.094019 0.179718
0.180374 0.094005 0.179528
0.180520 0.093991 0.179339
0.180666 0.093977 0.179149
0.180813 0.093963 0.178959
0.180960 0.093948 0.178769
0.181107 0.093934 0.178578
0.181264 0.093873 0.178480
0.181412 0.093858 0.178289
0.181578 0.093751 0.178283
0.181735 0.093689 0.178184
0.181892 0.093628 0.178085
0.182984 0.093246 0.177302
0.183141 0.093185 0.177203
0.183298 0.093124 0.177104
0.183455 0.093063 0.177006
0.183613 0.093001 0.176907
0.183770 0.092940 0.176808
0.183932 0.092834 0.176804
0.184089 0.092773 0.176705
0.184246 0.092712 0.176607
0.184403 0.092651 0.176508
0.184560 0.092590 0.176410
0.184722 0.092484 0.176406
0.184878 0.092423 0.176308
0.185035 0.092362 0.176209
0.185192 0.092301 0.176111
0.184885 0.097735 0.164166
0.185067 0.097664 0.164051
0.171785 0.100728 0.176580
0.171958 0.100661 0.176472
0.172151 0.100543 0.176449
0.172323 0.100476 0.176340
0.172515 0.100359 0.176318
0.172688 0.100292 0.176209
0.172861 0.100224 0.176101
0.173051 0.100107 0.176079
0.173224 0.100040 0.175971
0.173432 0.099874 0.176036
0.173656 0.099659 0.176190
0.173827 0.099592 0.176082
0.173897 0.099821 0.175450
0.174070 0.099754 0.175341
0.174243 0.099686 0.175233
0.174415 0.099619 0.175124
0.174604 0.099503 0.175104
0.174809 0.099338 0.175171
0.174997 0.099222 0.175151
0.175184 0.099107 0.175132
0.175371 0.098991 0.175112
0.175573 0.098828 0.175182
0.175774 0.098664 0.175251
0.175959 0.098549 0.175233
0.176130 0.098483 0.175126
0.176866 0.097004 0.177408
0.177031 0.096939 0.177305
0.177793 0.095280 0.179963
0.177951 0.095218 0.179864
0.178109 0.095157 0.179764
0.178280 0.095047 0.179755
0.178438 0.094986 0.179656
0.178608 0.094877 0.179647
0.178815 0.094626 0.179909
0.178972 0.094565 0.179810
0.179248 0.094032 0.180617
0.179414 0.093924 0.180611
0.179581 0.093817 0.180605
0.179735 0.093757 0.180508
0.179890 0.093697 0.180410
0.180044 0.093637 0.180313
0.180135 0.093857 0.179668
0.180301 0.093750 0.179662
0.180456 0.093689 0.179564
0.180592 0.093721 0.179283
0.180748 0.093661 0.179185
0.180894 0.093646 0.178995
0.181041 0.093632 0.178805
0.181188 0.093617 0.178615
0.181344 0.093556 0.178516
0.181501 0.093495 0.178418
0.181658 0.093434 0.178320
0.181822 0.093328 0.178314
0.181979 0.093267 0.178216
0.182127 0.093251 0.178025
0.182276 0.093236 0.177833
0.182425 0.093221 0.177642
0.182575 0.093205 0.177450
0.182732 0.093144 0.177351
0.182896 0.093037 0.177346
0.183053 0.092976 0.177247
0.183210 0.092915 0.177149
0.183367 0.092854 0.177050
0.183524 0.092793 0.176951
0.183681 0.092732 0.176853
0.183843 0.092626 0.176849
0.184000 0.092565 0.176750
0.184157 0.092504 0.176652
0.184314 0.092443 0.176553
0.184475 0.092337 0.176550
0.184632 0.092276 0.176452
0.184793 0.092171 0.176448
0.184949 0.092110 0.176350
0.185106 0.092049 0.176252
0.185262 0.091989 0.176154
0.185418 0.091928 0.176056
0.185140 0.097403 0.163879
0.185322 0.097332 0.163765
0.185507 0.097218 0.163747
0.171334 0.100683 0.176743
0.171507 0.100615 0.176634
0.171720 0.100448 0.176697
0.171912 0.100331 0.176675
0.172142 0.100114 0.176825
0.172314 0.100047 0.176717
0.172486 0.099981 0.176609
0.172658 0.099914 0.176501
0.172756 0.100045 0.176046
0.173201 0.099236 0.177239
0.173443 0.098973 0.177480
0.173647 0.098809 0.177548
0.173815 0.098743 0.177443
0.173724 0.099414 0.176028
0.177409 0.095143 0.180290
0.177567 0.095081 0.180191
0.177738 0.094972 0.180182
0.177896 0.094911 0.180083
0.178066 0.094802 0.180074
0.178224 0.094741 0.179975
0.178381 0.094680 0.179876
0.178564 0.094524 0.179958
0.178758 0.094321 0.180130
0.179012 0.093884 0.180756
0.179214 0.093636 0.181022
0.179380 0.093529 0.181016
0.179545 0.093422 0.181010
0.179710 0.093316 0.181005
0.179863 0.093256 0.180909
0.180006 0.093243 0.180721
0.180148 0.093230 0.180533
0.180291 0.093216 0.180345
0.180425 0.093249 0.180065
0.180559 0.093282 0.179785
0.180703 0.093268 0.179596
0.180839 0.093299 0.179314
0.180994 0.093239 0.179217
0.181131 0.093270 0.178934
0.181268 0.093302 0.178652
0.181424 0.093241 0.178554
0.181581 0.093180 0.178456
0.181737 0.093119 0.178358
0.181893 0.093058 0.178259
0.182041 0.093043 0.178068
0.182189 0.093028 0.177877
0.182330 0.093057 0.177592
0.182487 0.092996 0.177493
0.182637 0.092980 0.177301
0.182801 0.092874 0.177296
0.182958 0.092813 0.177198
0.183115 0.092752 0.177099
0.183272 0.092691 0.177000
0.183435 0.092585 0.176996
0.183592 0.092524 0.176898
0.183755 0.092418 0.176894
0.183917 0.092313 0.176890
0.184073 0.092252 0.176792
0.184229 0.092191 0.176694
0.184386 0.092130 0.176595
0.184547 0.092025 0.176592
0.184703 0.091964 0.176494
0.184859 0.091904 0.176396
0.185015 0.091843 0.176298
0.185171 0.091782 0.176200
0.185328 0.091721 0.176102
0.185484 0.091660 0.176004
0.185640 0.091600 0.175906
0.185394 0.097072 0.163593
0.185582 0.096914 0.163671
0.185764 0.096843 0.163557
0.185948 0.096729 0.163539
0.171057 0.100570 0.176797
0.171230 0.100503 0.176688
0.171423 0.100386 0.176665
0.171635 0.100219 0.176729
0.171866 0.100003 0.176879
0.172058 0.099886 0.176857
0.172229 0.099819 0.176749
0.172401 0.099752 0.176641
0.172797 0.099093 0.177572
0.173058 0.098781 0.177899
0.173281 0.098568 0.178054
0.173485 0.098405 0.178123
0.173813 0.097898 0.178802
0.173978 0.097834 0.178698
0.177056 0.094911 0.180795
0.177213 0.094849 0.180697
0.177370 0.094788 0.180598
0.177527 0.094727 0.180500
0.177684 0.094666 0.180401
0.177841 0.094605 0.180303
0.178011 0.094497 0.180294
0.178168 0.094436 0.180195
0.178325 0.094375 0.180097
0.178507 0.094220 0.180179
0.178764 0.093783 0.180805
0.178918 0.093723 0.180707
0.179121 0.093475 0.180973
0.179287 0.093369 0.180967
0.179499 0.093076 0.181326
0.179664 0.092970 0.181321
0.179816 0.092911 0.181225
0.179957 0.092898 0.181038
0.180099 0.092885 0.180851
0.180241 0.092871 0.180663
0.180384 0.092858 0.180475
0.180527 0.092844 0.180287
0.180640 0.092968 0.179823
0.180794 0.092908 0.179726
0.180929 0.092940 0.179444
0.181056 0.093017 0.179070
0.181193 0.093048 0.178787
0.181339 0.093033 0.178597
0.181495 0.092972 0.178499
0.181651 0.092911 0.178401
0.181807 0.092851 0.178303
0.181955 0.092835 0.178112
0.182095 0.092865 0.177827
0.182251 0.092804 0.177729
0.182400 0.092788 0.177537
0.182550 0.092772 0.177345
0.182707 0.092711 0.177247
0.182864 0.092650 0.177148
0.183027 0.092544 0.177143
0.183184 0.092483 0.177045
0.183347 0.092377 0.177041
0.183510 0.092272 0.177037
0.183672 0.092167 0.177033
0.183828 0.092106 0.176935
0.183990 0.092001 0.176932
0.184146 0.091940 0.176834
0.184307 0.091835 0.176831
0.184463 0.091775 0.176733
0.184623 0.091670 0.176731
0.184779 0.091610 0.176633
0.184934 0.091549 0.176536
0.185090 0.091489 0.176438
0.185245 0.091428 0.176340
0.185401 0.091367 0.176243
0.185556 0.091307 0.176145
0.185469 0.096768 0.163517
0.185654 0.096654 0.163499
0.185839 0.096540 0.163482
0.186020 0.096470 0.163368
0.186204 0.096356 0.163351
0.186387 0.096243 0.163334
0.170585 0.100575 0.176875
0.170779 0.100457 0.176851
0.170993 0.100291 0.176914
0.171166 0.100223 0.176805
0.171359 0.100106 0.176783
0.171531 0.100039 0.176674
0.171763 0.099824 0.176824
0.171954 0.099707 0.176802
0.172126 0.099641 0.176695
0.172297 0.099574 0.176587
0.172920 0.098328 0.178558
0.173254 0.097821 0.179235
0.173530 0.097463 0.179652
0.173766 0.097204 0.179898
0.173965 0.097043 0.179970
0.174181 0.096833 0.180130
0.174343 0.096770 0.180028
0.174998 0.096097 0.180601
0.175174 0.095987 0.180588
0.175334 0.095925 0.180488
0.176879 0.094570 0.181290
0.177035 0.094510 0.181192
0.177177 0.094496 0.181005
0.177333 0.094436 0.180907
0.177489 0.094375 0.180809
0.177645 0.094314 0.180710
0.177801 0.094253 0.180612
0.177971 0.094145 0.180604
0.178127 0.094085 0.180506
0.178296 0.093977 0.180499
0.178451 0.093916 0.180401
0.178670 0.093622 0.180756
0.178825 0.093562 0.180659
0.179279 0.092884 0.181555
0.179455 0.092731 0.181641
0.179606 0.092672 0.181546
0.179758 0.092613 0.181451
0.179910 0.092554 0.181355
0.180051 0.092541 0.181168
0.180203 0.092482 0.181073
0.180355 0.092423 0.180977
0.180497 0.092409 0.180790
0.180547 0.092808 0.179774
0.180701 0.092748 0.179677
0.180875 0.092597 0.179765
0.181029 0.092537 0.179668
0.181145 0.092659 0.179201
0.181273 0.092735 0.178826
0.181410 0.092765 0.178543
0.181566 0.092704 0.178445
0.181713 0.092689 0.178254
0.181869 0.092628 0.178156
0.182017 0.092612 0.177965
0.182157 0.092641 0.177680
0.182306 0.092625 0.177488
0.182455 0.092609 0.177296
0.182619 0.092503 0.177291
0.182776 0.092442 0.177192
0.182933 0.092381 0.177094
0.183096 0.092275 0.177090
0.183259 0.092170 0.177086
0.183422 0.092065 0.177082
0.183584 0.091960 0.177079
0.183746 0.091855 0.177076
0.183907 0.091751 0.177073
0.184068 0.091646 0.177070
0.184223 0.091586 0.176972
0.184384 0.091481 0.176970
0.184544 0.091377 0.176968
0.184703 0.091273 0.176966
0.184858 0.091213 0.176869
0.185013 0.091153 0.176772
0.185167 0.091093 0.176675
0.185330 0.090946 0.176770
0.185484 0.090886 0.176673
0.185635 0.090869 0.176480
0.185726 0.096394 0.163328
0.185911 0.096281 0.163310
0.186095 0.096167 0.163293
0.186276 0.096097 0.163179
0.186459 0.095984 0.163163
0.186640 0.095913 0.163049
0.186823 0.095800 0.163033
0.187005 0.095687 0.163017
0.170112 0.100579 0.176952
0.170307 0.100462 0.176929
0.170522 0.100295 0.176991
0.170695 0.100228 0.176882
0.170909 0.100061 0.176945
0.171082 0.099994 0.176836
0.171254 0.099927 0.176728
0.171427 0.099860 0.176620
0.172863 0.097680 0.179563
0.173103 0.097420 0.179806
0.173323 0.097210 0.179964
0.173486 0.097147 0.179862
0.173723 0.096888 0.180108
0.173939 0.096679 0.180267
0.174137 0.096519 0.180340
0.174351 0.096311 0.180502
0.174564 0.096104 0.180664
0.174742 0.095993 0.180651
0.174936 0.095835 0.180726
0.175112 0.095724 0.180714
0.175271 0.095662 0.180614
0.176845 0.094219 0.181597
0.177000 0.094158 0.181500
0.177155 0.094098 0.181402
0.177311 0.094037 0.181305
0.177451 0.094024 0.181118
0.177607 0.093964 0.181020
0.177762 0.093903 0.180923
0.177904 0.093890 0.180735
0.178033 0.093923 0.180457
0.178202 0.093815 0.180450
0.178357 0.093755 0.180352
0.179248 0.092494 0.181962
0.179399 0.092435 0.181867
0.179550 0.092376 0.181772
0.179701 0.092317 0.181677
0.179852 0.092258 0.181582
0.180015 0.092154 0.181578
0.180166 0.092095 0.181484
0.180338 0.091945 0.181572
0.180489 0.091886 0.181478
0.180782 0.092437 0.179716
0.180975 0.092195 0.179989
0.181128 0.092136 0.179893
0.181244 0.092257 0.179426
0.181361 0.092377 0.178958
0.181516 0.092317 0.178861
0.181627 0.092481 0.178298
0.181775 0.092466 0.178107
0.181922 0.092450 0.177915
0.182062 0.092478 0.177630
0.182211 0.092462 0.177438
0.182360 0.092445 0.177246
0.182525 0.092340 0.177241
0.182681 0.092279 0.177143
0.182845 0.092174 0.177139
0.183008 0.092068 0.177135
0.183171 0.091963 0.177131
0.183334 0.091859 0.177127
0.183496 0.091754 0.177124
0.183658 0.091649 0.177121
0.183819 0.091545 0.177118
0.183980 0.091441 0.177116
0.184146 0.091293 0.177209
0.184306 0.091189 0.177207
0.184465 0.091086 0.177206
0.184624 0.090982 0.177204
0.184778 0.090922 0.177107
0.184937 0.090819 0.177107
0.185095 0.090716 0.177106
0.185248 0.090656 0.177009
0.185402 0.090596 0.176913
0.185556 0.090537 0.176816
0.185709 0.090477 0.176720
0.185863 0.090417 0.176623
0.185801 0.096092 0.163253
0.185985 0.095979 0.163236
0.186166 0.095908 0.163122
0.186350 0.095795 0.163105
0.186531 0.095725 0.162992
0.186714 0.095612 0.162975
0.186896 0.095499 0.162959
0.187078 0.095387 0.162944
0.187259 0.095317 0.162830
0.187440 0.095204 0.162815
0.169551 0.100783 0.176691
0.170008 0.100399 0.176898
0.170224 0.100232 0.176959
0.170418 0.100115 0.176936
0.170591 0.100048 0.176827
0.170805 0.099882 0.176890
0.170978 0.099815 0.176782
0.172764 0.097509 0.179511
0.173062 0.097104 0.180015
0.173300 0.096846 0.180260
0.173500 0.096686 0.180332
0.173680 0.096574 0.180318
0.173878 0.096415 0.180391
0.174094 0.096207 0.180552
0.174308 0.096000 0.180713
0.174503 0.095841 0.180788
0.174697 0.095683 0.180864
0.174891 0.095525 0.180940
0.175067 0.095415 0.180928
0.175259 0.095258 0.181005
0.175417 0.095196 0.180905
0.176752 0.094057 0.181548
0.176907 0.093997 0.181451
0.177062 0.093936 0.181353
0.177217 0.093876 0.181256
0.177401 0.093722 0.181338
0.177555 0.093662 0.181241
0.177710 0.093602 0.181144
0.177878 0.093495 0.181137
0.178060 0.093341 0.181220
0.178241 0.093188 0.181304
0.178394 0.093129 0.181208
0.178854 0.092454 0.182104
0.179005 0.092395 0.182009
0.179181 0.092244 0.182096
0.179332 0.092186 0.182001
0.179482 0.092127 0.181906
0.179633 0.092068 0.181812
0.179796 0.091964 0.181809
0.179946 0.091905 0.181714
0.180108 0.091801 0.181711
0.180258 0.091742 0.181617
0.180409 0.091684 0.181522
0.180981 0.091585 0.180867
0.181132 0.091526 0.180772
0.181207 0.091827 0.179934
0.181296 0.092082 0.179188
0.181450 0.092022 0.179091
0.181586 0.092051 0.178808
0.181689 0.092259 0.178151
0.181828 0.092287 0.177866
0.181976 0.092271 0.177674
0.182116 0.092299 0.177389
0.182273 0.092238 0.177290
0.182430 0.092177 0.177192
0.182594 0.092072 0.177187
0.182751 0.092011 0.177089
0.182914 0.091906 0.177085
0.183077 0.091801 0.177081
0.183240 0.091696 0.177078
0.183402 0.091592 0.177075
0.183570 0.091444 0.177167
0.183731 0.091340 0.177164
0.183898 0.091193 0.177257
0.184058 0.091089 0.177255
0.184223 0.090942 0.177349
0.184382 0.090839 0.177348
0.184546 0.090692 0.177443
0.184699 0.090633 0.177346
0.184857 0.090530 0.177346
0.185011 0.090470 0.177249
0.185156 0.090496 0.176961
0.185325 0.090265 0.177250
0.185478 0.090206 0.177154
0.185637 0.090061 0.177251
0.185790 0.090002 0.177155
0.185933 0.090070 0.176769
0.185876 0.095790 0.163179
0.186057 0.095719 0.163065
0.186241 0.095607 0.163048
0.186422 0.095536 0.162934
0.186605 0.095424 0.162918
0.186786 0.095353 0.162805
0.186969 0.095199 0.162887
0.187150 0.095129 0.162773
0.187332 0.095017 0.162758
0.187513 0.094905 0.162743
0.187693 0.094835 0.162630
0.169271 0.100669 0.176745
0.169512 0.100453 0.176891
0.169707 0.100335 0.176867
0.169903 0.100218 0.176843
0.170119 0.100052 0.176904
0.170314 0.099935 0.176881
0.170487 0.099868 0.176773
0.172917 0.096706 0.180586
0.173098 0.096595 0.180571
0.173278 0.096484 0.180557
0.173458 0.096372 0.180542
0.173638 0.096261 0.180528
0.173836 0.096102 0.180602
0.174033 0.095944 0.180676
0.174247 0.095737 0.180838
0.174442 0.095579 0.180913
0.174654 0.095374 0.181077
0.174847 0.095216 0.181153
0.175040 0.095059 0.181230
0.175231 0.094903 0.181308
0.175422 0.094746 0.181386
0.175628 0.094543 0.181553
0.175785 0.094482 0.181454
0.176627 0.093580 0.182310
0.176780 0.093520 0.182213
0.176919 0.093507 0.182028
0.177072 0.093447 0.181931
0.177211 0.093434 0.181745
0.177365 0.093374 0.181648
0.177519 0.093315 0.181552
0.177673 0.093255 0.181455
0.177854 0.093102 0.181539
0.178035 0.092949 0.181623
0.178215 0.092797 0.181708
0.178368 0.092738 0.181612
0.178585 0.092448 0.181970
0.178788 0.092205 0.182238
0.178939 0.092146 0.182143
0.179115 0.091996 0.182230
0.179265 0.091937 0.182136
0.179427 0.091833 0.182133
0.179578 0.091775 0.182039
0.179728 0.091716 0.181944
0.179878 0.091658 0.181850
0.180039 0.091554 0.181847
0.180200 0.091450 0.181845
0.180350 0.091392 0.181751
0.180691 0.091095 0.181933
0.180840 0.091037 0.181839
0.180890 0.091428 0.180819
0.181040 0.091369 0.180724
0.181115 0.091668 0.179886
0.181203 0.091921 0.179139
0.181357 0.091861 0.179042
0.181493 0.091890 0.178759
0.181595 0.092097 0.178102
0.181734 0.092125 0.177817
0.181882 0.092108 0.177625
0.182022 0.092136 0.177339
0.182179 0.092075 0.177241
0.182335 0.092014 0.177142
0.182500 0.091909 0.177138
0.182656 0.091848 0.177040
0.182820 0.091743 0.177036
0.182983 0.091639 0.177032
0.183146 0.091534 0.177029
0.183308 0.091430 0.177026
0.183476 0.091282 0.177118
0.183638 0.091179 0.177115
0.183892 0.090382 0.178637
0.184044 0.090323 0.178541
0.184184 0.090350 0.178255
0.184347 0.090205 0.178351
0.184498 0.090146 0.178256
0.184650 0.090087 0.178160
0.184797 0.090071 0.177969
0.184953 0.089969 0.177970
0.185105 0.089910 0.177875
0.185257 0.089851 0.177779
0.185404 0.089834 0.177588
0.185545 0.089903 0.177202
0.185698 0.089843 0.177107
0.185841 0.089911 0.176720
0.186867 0.090578 0.173505
0.187025 0.090516 0.173405
0.187184 0.090454 0.173306
0.187223 0.094829 0.162701
0.187403 0.094759 0.162588
0.187584 0.094647 0.162573
0.187764 0.094577 0.162460
0.187945 0.094466 0.162445
0.188125 0.094396 0.162332
0.168771 0.100723 0.176740
0.168968 0.100605 0.176715
0.169188 0.100438 0.176775
0.169407 0.100272 0.176836
0.169603 0.100155 0.176812
0.169798 0.100038 0.176788
0.170015 0.099872 0.176850
0.170209 0.099755 0.176827
0.170382 0.099688 0.176718
0.172293 0.096824 0.180667
0.172455 0.096761 0.180565
0.172618 0.096698 0.180463
0.172877 0.096393 0.180795
0.173058 0.096282 0.180781
0.173219 0.096219 0.180680
0.173418 0.096060 0.180753
0.173597 0.095950 0.180739
0.173794 0.095791 0.180813
0.173973 0.095681 0.180800
0.174187 0.095476 0.180963
0.174346 0.095414 0.180863
0.174558 0.095209 0.181027
0.174787 0.094957 0.181279
0.174996 0.094753 0.181445
0.175204 0.094549 0.181611
0.175411 0.094347 0.181778
0.175634 0.094097 0.182035
0.175789 0.094036 0.181937
0.176243 0.093493 0.182543
0.176412 0.093386 0.182536
0.176597 0.093233 0.182618
0.176749 0.093173 0.182522
0.176887 0.093161 0.182337
0.177024 0.093148 0.182151
0.177178 0.093088 0.182055
0.177331 0.093029 0.181959
0.177484 0.092969 0.181863
0.177637 0.092909 0.181767
0.177818 0.092757 0.181851
0.177984 0.092652 0.181846
0.178164 0.092500 0.181931
0.178316 0.092441 0.181836
0.178520 0.092199 0.182103
0.178710 0.092002 0.182281
0.178874 0.091898 0.182277
0.179036 0.091794 0.182274
0.179187 0.091735 0.182180
0.179337 0.091677 0.182085
0.179487 0.091618 0.181991
0.179649 0.091515 0.181988
0.179799 0.091456 0.181894
0.179971 0.091307 0.181984
0.180132 0.091204 0.181982
0.180281 0.091146 0.181888
0.180601 0.090940 0.181885
0.180801 0.090658 0.182255
0.180980 0.090467 0.182440
0.181127 0.090409 0.182347
0.181431 0.090250 0.182256
0.181578 0.090193 0.182163
0.181680 0.090357 0.181604
0.183836 0.089966 0.179160
0.183987 0.089907 0.179066
0.184131 0.089892 0.178876
0.184282 0.089833 0.178781
0.184433 0.089774 0.178687
0.184583 0.089716 0.178592
0.184729 0.089700 0.178401
0.184880 0.089641 0.178307
0.185031 0.089582 0.178212
0.185181 0.089524 0.178117
0.185332 0.089465 0.178023
0.185476 0.089491 0.177735
0.185627 0.089432 0.177640
0.185775 0.089415 0.177448
0.185905 0.089650 0.176673
0.186057 0.089590 0.176577
0.186194 0.089782 0.175897
0.186329 0.090056 0.175020
0.186468 0.090286 0.174239
0.186623 0.090267 0.174043
0.186775 0.090330 0.173650
0.186933 0.090269 0.173551
0.187090 0.090248 0.173354
0.187248 0.090187 0.173254
0.187405 0.090166 0.173057
0.187563 0.090105 0.172957
0.187655 0.094390 0.162403
0.187836 0.094279 0.162388
0.188016 0.094209 0.162275
0.188196 0.094098 0.162261
0.188376 0.094028 0.162149
0.168467 0.100659 0.176710
0.168688 0.100492 0.176769
0.168886 0.100374 0.176744
0.169083 0.100257 0.176720
0.169302 0.100091 0.176781
0.169498 0.099974 0.176757
0.169693 0.099857 0.176733
0.169910 0.099692 0.176795
0.170105 0.099575 0.176772
0.170278 0.099508 0.176663
0.172195 0.096655 0.180616
0.172357 0.096592 0.180514
0.172520 0.096529 0.180412
0.172819 0.096129 0.180918
0.173000 0.096018 0.180904
0.173179 0.095908 0.180890
0.173340 0.095845 0.180789
0.173538 0.095687 0.180863
0.173717 0.095577 0.180850
0.173913 0.095420 0.180925
0.174091 0.095310 0.180913
0.174322 0.095058 0.181164
0.174534 0.094854 0.181329
0.174744 0.094651 0.181494
0.174936 0.094495 0.181572
0.175161 0.094245 0.181827
0.175385 0.093996 0.182083
0.175590 0.093794 0.182252
0.175745 0.093734 0.182155
0.175997 0.093393 0.182591
0.176183 0.093240 0.182673
0.176368 0.093087 0.182755
0.176536 0.092981 0.182749
0.176688 0.092922 0.182653
0.176825 0.092909 0.182468
0.176977 0.092849 0.182372
0.177130 0.092790 0.182276
0.177268 0.092777 0.182091
0.177435 0.092671 0.182085
0.177587 0.092612 0.181989
0.177754 0.092507 0.181984
0.177920 0.092402 0.181979
0.178099 0.092251 0.182064
0.178278 0.092100 0.182150
0.178456 0.091950 0.182237
0.178619 0.091846 0.182233
0.178783 0.091742 0.182230
0.178946 0.091638 0.182227
0.179108 0.091534 0.182224
0.179258 0.091475 0.182129
0.179420 0.091372 0.182127
0.179570 0.091313 0.182033
0.179732 0.091210 0.182031
0.179893 0.091107 0.182029
0.180064 0.090959 0.182119
0.180224 0.090856 0.182118
0.180384 0.090754 0.182117
0.180543 0.090651 0.182116
0.180733 0.090415 0.182393
0.180901 0.090269 0.182486
0.181048 0.090212 0.182394
0.181195 0.090154 0.182301
0.181342 0.090097 0.182209
0.181489 0.090040 0.182117
0.181636 0.089983 0.182024
0.181783 0.089925 0.181932
0.181913 0.089956 0.181652
0.182078 0.089811 0.181747
0.182233 0.089710 0.181749
0.182380 0.089653 0.181656
0.182674 0.089538 0.181472
0.182828 0.089438 0.181474
0.182975 0.089380 0.181382
0.183129 0.089280 0.181384
0.183275 0.089223 0.181292
0.183415 0.089209 0.181105
0.183562 0.089152 0.181013
0.183708 0.089095 0.180921
0.183745 0.089809 0.179113
0.183978 0.089152 0.180355
0.184126 0.089094 0.180262
0.184191 0.089676 0.178734
0.184368 0.089405 0.179118
0.184518 0.089347 0.179024
0.184662 0.089331 0.178834
0.184807 0.089315 0.178644
0.184957 0.089257 0.178550
0.185103 0.089240 0.178359
0.185253 0.089182 0.178265
0.185396 0.089207 0.177977
0.185543 0.089191 0.177786
0.185690 0.089174 0.177594
0.185835 0.089199 0.177305
0.185971 0.089348 0.176723
0.186101 0.089621 0.175848
0.186235 0.089894 0.174971
0.186378 0.090040 0.174385
0.186528 0.090103 0.173993
0.186682 0.090124 0.173698
0.186838 0.090104 0.173501
0.186996 0.090043 0.173402
0.187154 0.089981 0.173303
0.187311 0.089961 0.173105
0.187469 0.089899 0.173006
0.187627 0.089837 0.172906
0.187727 0.094132 0.162233
0.187907 0.094022 0.162219
0.188087 0.093952 0.162106
0.188267 0.093882 0.161993
0.188447 0.093771 0.161979
0.188627 0.093701 0.161866
0.168186 0.100545 0.176764
0.168384 0.100427 0.176739
0.168583 0.100310 0.176714
0.168780 0.100193 0.176689
0.168977 0.100076 0.176665
0.169197 0.099910 0.176726
0.169393 0.099793 0.176702
0.169589 0.099677 0.176678
0.169784 0.099560 0.176655
0.169957 0.099493 0.176546
0.172541 0.096072 0.180881
0.172742 0.095914 0.180954
0.172922 0.095803 0.180940
0.173102 0.095693 0.180927
0.173281 0.095583 0.180913
0.173460 0.095473 0.180900
0.173657 0.095316 0.180975
0.173835 0.095206 0.180962
0.174050 0.095002 0.181126
0.174262 0.094799 0.181290
0.174492 0.094548 0.181543
0.174702 0.094346 0.181709
0.174911 0.094144 0.181876
0.175119 0.093942 0.182043
0.175343 0.093694 0.182300
0.175497 0.093634 0.182203
0.175652 0.093574 0.182106
0.175938 0.093140 0.182720
0.176107 0.093034 0.182714
0.176292 0.092882 0.182796
0.176460 0.092776 0.182790
0.176612 0.092717 0.182694
0.176764 0.092658 0.182599
0.176916 0.092599 0.182503
0.177068 0.092539 0.182408
0.177220 0.092480 0.182312
0.177372 0.092421 0.182217
0.177524 0.092362 0.182121
0.177690 0.092257 0.182116
0.177856 0.092152 0.182111
0.178008 0.092093 0.182016
0.178187 0.091943 0.182103
0.178365 0.091793 0.182189
0.178528 0.091689 0.182186
0.178705 0.091540 0.182273
0.178868 0.091436 0.182270
0.179031 0.091333 0.182268
0.179180 0.091274 0.182174
0.179342 0.091171 0.182171
0.179492 0.091113 0.182077
0.179665 0.090965 0.182167
0.179826 0.090862 0.182166
0.179986 0.090759 0.182164
0.180157 0.090612 0.182255
0.180316 0.090510 0.182255
0.180475 0.090408 0.182254
0.180644 0.090262 0.182347
0.180812 0.090116 0.182440
0.180959 0.090059 0.182347
0.181106 0.090001 0.182255
0.181263 0.089900 0.182256
0.181410 0.089843 0.182164
0.181557 0.089786 0.182071
0.181704 0.089728 0.181979
0.181851 0.089671 0.181887
0.181998 0.089614 0.181794
0.182153 0.089513 0.181796
0.182300 0.089456 0.181704
0.182446 0.089399 0.181612
0.182593 0.089342 0.181520
0.182740 0.089285 0.181428
0.182886 0.089228 0.181335
0.183040 0.089128 0.181338
0.183187 0.089071 0.181246
0.183326 0.089057 0.181059
0.183473 0.088999 0.180967
0.183620 0.088942 0.180875
0.183760 0.088928 0.180687
0.183895 0.088956 0.180404
0.184037 0.088941 0.180216
0.184179 0.088926 0.180027
0.184316 0.088953 0.179743
0.184458 0.088938 0.179554
0.184597 0.088964 0.179268
0.184741 0.088949 0.179078
0.184881 0.088975 0.178792
0.185026 0.088958 0.178601
0.185171 0.088942 0.178411
0.185313 0.088967 0.178123
0.185459 0.088950 0.177932
0.185606 0.088934 0.177740
0.185750 0.088958 0.177451
0.185882 0.089148 0.176772
0.186141 0.089732 0.174922
0.186296 0.089671 0.174824
0.186443 0.089775 0.174335
0.186591 0.089878 0.173845
0.186746 0.089858 0.173648
0.186904 0.089797 0.173549
0.187060 0.089776 0.173351
0.187216 0.089755 0.173154
0.187374 0.089694 0.173054
0.187532 0.089632 0.172955
0.187690 0.089571 0.172856
0.187848 0.089509 0.172757
0.187979 0.093765 0.162049
0.188159 0.093694 0.161936
0.188338 0.093584 0.161922
0.188518 0.093514 0.161809
0.188698 0.093444 0.161696
0.188878 0.093374 0.161583
0.167682 0.100597 0.176760
0.167881 0.100480 0.176735
0.168080 0.100362 0.176709
0.168279 0.100245 0.176684
0.168500 0.100079 0.176744
0.168698 0.099962 0.176719
0.168872 0.099894 0.176610
0.169092 0.099729 0.176671
0.169288 0.099612 0.176647
0.169484 0.099496 0.176623
0.169679 0.099380 0.176600
0.169853 0.099313 0.176491
0.172444 0.095905 0.180830
0.172665 0.095699 0.180990
0.172865 0.095541 0.181064
0.173044 0.095431 0.181050
0.173223 0.095322 0.181037
0.173402 0.095212 0.181025
0.173599 0.095055 0.181100
0.173795 0.094899 0.181175
0.174009 0.094696 0.181339
0.174240 0.094446 0.181592
0.174469 0.094197 0.181846
0.174626 0.094136 0.181748
0.174817 0.093981 0.181826
0.175095 0.093593 0.182348
0.175301 0.093393 0.182517
0.175489 0.093240 0.182598
0.175676 0.093087 0.182679
0.175862 0.092935 0.182761
0.176048 0.092783 0.182844
0.176216 0.092677 0.182837
0.176384 0.092572 0.182831
0.176536 0.092513 0.182736
0.176688 0.092454 0.182640
0.176840 0.092394 0.182545
0.176991 0.092335 0.182450
0.177143 0.092276 0.182354
0.177295 0.092217 0.182259
0.177447 0.092158 0.182164
0.177613 0.092053 0.182159
0.177779 0.091949 0.182154
0.177944 0.091844 0.182150
0.178109 0.091740 0.182146
0.178287 0.091591 0.182233
0.178451 0.091487 0.182229
0.178627 0.091339 0.182317
0.178790 0.091235 0.182314
0.178953 0.091132 0.182312
0.179102 0.091074 0.182218
0.179264 0.090971 0.182216
0.179438 0.090823 0.182306
0.179587 0.090765 0.182212
0.179747 0.090663 0.182211
0.179908 0.090560 0.182209
0.180079 0.090414 0.182301
0.180249 0.090268 0.182393
0.180407 0.090166 0.182393
0.180566 0.090064 0.182393
0.180734 0.089919 0.182486
0.180881 0.089862 0.182394
0.181027 0.089804 0.182302
0.181184 0.089703 0.182303
0.181331 0.089646 0.182210
0.181478 0.089589 0.182118
0.181624 0.089532 0.182026
0.181771 0.089475 0.181934
0.181918 0.089418 0.181842
0.182064 0.089361 0.181750
0.182211 0.089304 0.181658
0.182358 0.089247 0.181566
0.182504 0.089189 0.181473
0.182651 0.089132 0.181381
0.182805 0.089032 0.181384
0.182952 0.088975 0.181292
0.183098 0.088918 0.181200
0.183238 0.088904 0.181013
0.183385 0.088847 0.180921
0.183531 0.088790 0.180828
0.183672 0.088775 0.180641
0.183812 0.088760 0.180453
0.183954 0.088745 0.180265
0.184095 0.088730 0.180076
0.184232 0.088757 0.179792
0.184374 0.088741 0.179603
0.184517 0.088726 0.179413
0.184661 0.088710 0.179224
0.184805 0.088694 0.179034
0.184944 0.088719 0.178747
0.185089 0.088703 0.178557
0.185230 0.088728 0.178269
0.185376 0.088711 0.178078
0.185523 0.088694 0.177887
0.185666 0.088718 0.177598
0.185800 0.088866 0.177016
0.185943 0.088930 0.176629
0.186058 0.089405 0.175263
0.186213 0.089345 0.175166
0.186348 0.089612 0.174285
0.186503 0.089592 0.174089
0.186655 0.089612 0.173794
0.186811 0.089592 0.173597
0.186966 0.089571 0.173400
0.187123 0.089551 0.173202
0.187280 0.089489 0.173103
0.187438 0.089428 0.173004
0.187596 0.089366 0.172905
0.187753 0.089345 0.172707
0.187870 0.093577 0.161992
0.188050 0.093507 0.161879
0.188230 0.093397 0.161865
0.188410 0.093327 0.161752
0.188589 0.093257 0.161639
0.188769 0.093187 0.161527
0.188949 0.093117 0.161414
0.189128 0.093008 0.161401
0.167400 0.100483 0.176815
0.167576 0.100415 0.176705
0.167775 0.100297 0.176679
0.167975 0.100180 0.176654
0.168197 0.100014 0.176713
0.168395 0.099897 0.176689
0.168592 0.099781 0.176664
0.168790 0.099664 0.176640
0.168987 0.099548 0.176616
0.169161 0.099480 0.176506
0.169357 0.099364 0.176483
0.169531 0.099296 0.176374
0.172066 0.095767 0.181155
0.172227 0.095705 0.181054
0.172408 0.095594 0.181040
0.172608 0.095437 0.181114
0.172788 0.095327 0.181100
0.172967 0.095218 0.181087
0.173146 0.095108 0.181074
0.173325 0.094999 0.181062
0.173541 0.094796 0.181225
0.173756 0.094593 0.181389
0.173970 0.094391 0.181553
0.174219 0.094095 0.181895
0.174375 0.094034 0.181796
0.174531 0.093973 0.181698
0.175072 0.093246 0.182653
0.175260 0.093094 0.182734
0.175448 0.092941 0.182816
0.175618 0.092835 0.182809
0.175787 0.092730 0.182802
0.175956 0.092624 0.182795
0.176124 0.092519 0.182789
0.176292 0.092414 0.182783
0.176444 0.092355 0.182688
0.176612 0.092250 0.182682
0.176763 0.092191 0.182587
0.176915 0.092132 0.182492
0.177067 0.092073 0.182397
0.177218 0.092014 0.182301
0.177385 0.091909 0.182296
0.177550 0.091805 0.182292
0.177702 0.091746 0.182197
0.177881 0.091597 0.182284
0.178046 0.091493 0.182280
0.178210 0.091389 0.182276
0.178387 0.091241 0.182364
0.178550 0.091138 0.182361
0.178713 0.091035 0.182358
0.178875 0.090932 0.182356
0.179037 0.090829 0.182354
0.179199 0.090726 0.182352
0.179360 0.090624 0.182350
0.179521 0.090521 0.182349
0.179681 0.090419 0.182348
0.179853 0.090273 0.182439
0.180001 0.090216 0.182347
0.180160 0.090114 0.182346
0.180329 0.089968 0.182439
0.180487 0.089867 0.182439
0.180645 0.089766 0.182440
0.180802 0.089665 0.182441
0.180949 0.089608 0.182348
0.181096 0.089551 0.182256
0.181242 0.089494 0.182164
0.181389 0.089437 0.182072
0.181536 0.089380 0.181980
0.181682 0.089322 0.181888
0.181829 0.089265 0.181796
0.181976 0.089208 0.181703
0.182123 0.089151 0.181611
0.182278 0.089051 0.181614
0.182424 0.088994 0.181522
0.182570 0.088937 0.181430
0.182717 0.088880 0.181338
0.182863 0.088823 0.181246
0.183010 0.088766 0.181154
0.183156 0.088709 0.181061
0.183303 0.088652 0.180969
0.183449 0.088595 0.180877
0.183596 0.088538 0.180785
0.183736 0.088523 0.180598
0.183883 0.088466 0.180506
0.184024 0.088451 0.180318
0.184159 0.088477 0.180033
0.184301 0.088462 0.179845
0.184443 0.088446 0.179656
0.184581 0.088472 0.179370
0.184724 0.088456 0.179180
0.184864 0.088481 0.178894
0.185003 0.088506 0.178607
0.185144 0.088531 0.178319
0.185286 0.088555 0.178031
0.185432 0.088538 0.177839
0.185579 0.088521 0.177648
0.185719 0.088585 0.177261
0.185857 0.088690 0.176776
0.185973 0.089122 0.175508
0.186128 0.089061 0.175411
0.186272 0.089164 0.174922
0.186420 0.089226 0.174530
0.186567 0.089327 0.174039
0.186720 0.089347 0.173744
0.186875 0.089327 0.173547
0.187030 0.089306 0.173350
0.187188 0.089245 0.173251
0.187344 0.089223 0.173053
0.187502 0.089162 0.172954
0.187659 0.089101 0.172855
0.187816 0.089079 0.172657
0.187974 0.089018 0.172558
0.188122 0.093210 0.161808
0.188301 0.093140 0.161696
0.188481 0.093070 0.161583
0.188661 0.093000 0.161470
0.188840 0.092930 0.161357
0.189019 0.092821 0.161344
0.189199 0.092751 0.161231
0.189378 0.092681 0.161119
0.167094 0.100418 0.176786
0.167319 0.100251 0.176844
0.167494 0.100183 0.176734
0.167670 0.100115 0.176624
0.167869 0.099998 0.176598
0.168091 0.099832 0.176658
0.168289 0.099716 0.176633
0.168487 0.099599 0.176609
0.168685 0.099483 0.176585
0.168882 0.099367 0.176561
0.169056 0.099299 0.176451
0.169230 0.099231 0.176342
0.170939 0.096119 0.181452
0.171101 0.096057 0.181351
0.171262 0.095994 0.181249
0.171669 0.095677 0.181393
0.171850 0.095567 0.181378
0.172031 0.095457 0.181365
0.172191 0.095395 0.181264
0.172351 0.095333 0.181163
0.172532 0.095223 0.181150
0.172731 0.095067 0.181224
0.172910 0.094957 0.181211
0.173089 0.094848 0.181199
0.173267 0.094740 0.181187
0.173483 0.094537 0.181350
0.173679 0.094382 0.181427
0.173875 0.094227 0.181503
0.174124 0.093932 0.181845
0.174281 0.093872 0.181747
0.175032 0.092948 0.182871
0.175203 0.092842 0.182864
0.175390 0.092690 0.182945
0.175559 0.092585 0.182939
0.175712 0.092525 0.182843
0.175881 0.092420 0.182837
0.176049 0.092315 0.182831
0.176217 0.092210 0.182825
0.176369 0.092151 0.182730
0.176536 0.092046 0.182724
0.176688 0.091988 0.182629
0.176839 0.091929 0.182534
0.176990 0.091870 0.182439
0.177142 0.091811 0.182344
0.177308 0.091707 0.182339
0.177459 0.091648 0.182244
0.177625 0.091544 0.182240
0.177804 0.091395 0.182327
0.177969 0.091291 0.182323
0.178147 0.091143 0.182411
0.178310 0.091040 0.182408
0.178473 0.090937 0.182405
0.178649 0.090790 0.182494
0.178811 0.090687 0.182492
0.178960 0.090629 0.182398
0.179122 0.090527 0.182397
0.179283 0.090425 0.182395
0.179443 0.090323 0.182394
0.179604 0.090221 0.182393
0.179763 0.090119 0.182393
0.179923 0.090018 0.182392
0.180093 0.089873 0.182485
0.180251 0.089771 0.182485
0.180409 0.089670 0.182486
0.180567 0.089570 0.182486
0.180714 0.089513 0.182394
0.180860 0.089455 0.182302
0.181007 0.089398 0.182210
0.181164 0.089298 0.182211
0.181310 0.089241 0.182119
0.181457 0.089184 0.182027
0.181603 0.089127 0.181935
0.181741 0.089113 0.181749
0.181887 0.089056 0.181657
0.182034 0.088999 0.181565
0.182189 0.088899 0.181567
0.182336 0.088842 0.181475
0.182490 0.088742 0.181478
0.182636 0.088685 0.181386
0.182783 0.088628 0.181294
0.182929 0.088571 0.181202
0.183075 0.088514 0.181110
0.183221 0.088457 0.181019
0.183368 0.088400 0.180927
0.183514 0.088343 0.180835
0.183654 0.088328 0.180647
0.183800 0.088271 0.180555
0.183941 0.088256 0.180367
0.184082 0.088241 0.180179
0.184223 0.088225 0.179990
0.184365 0.088209 0.179802
0.184502 0.088235 0.179516
0.184640 0.088260 0.179230
0.184779 0.088285 0.178943
0.184918 0.088310 0.178656
0.185054 0.088375 0.178272
0.185199 0.088358 0.178081
0.185345 0.088341 0.177889
0.185492 0.088323 0.177698
0.185635 0.088346 0.177408
0.185775 0.088410 0.177021
0.185893 0.088798 0.175850
0.186046 0.088739 0.175754
0.186189 0.088841 0.175265
0.186336 0.088902 0.174874
0.186482 0.089003 0.174383
0.186633 0.089023 0.174088
0.186786 0.089043 0.173793
0.186940 0.089022 0.173596
0.187096 0.089001 0.173399
0.187251 0.088980 0.173201
0.187409 0.088918 0.173103
0.187565 0.088897 0.172905
0.187723 0.088796 0.172905
0.187880 0.088735 0.172806
0.188037 0.088674 0.172708
0.188193 0.092953 0.161639
0.188372 0.092883 0.161526
0.188552 0.092814 0.161413
0.188732 0.092744 0.161300
0.188912 0.092674 0.161187
0.189090 0.092565 0.161175
0.189270 0.092495 0.161062
0.189449 0.092425 0.160949
0.189627 0.092316 0.160937
0.166787 0.100352 0.176756
0.167213 0.100069 0.176789
0.167388 0.100001 0.176678
0.167564 0.099932 0.176568
0.169433 0.096696 0.181786
0.169619 0.096584 0.181770
0.169781 0.096521 0.181668
0.169966 0.096410 0.181651
0.170151 0.096299 0.181635
0.170313 0.096236 0.181534
0.170497 0.096125 0.181518
0.170681 0.096014 0.181502
0.170864 0.095904 0.181487
0.171047 0.095793 0.181472
0.171230 0.095683 0.181457
0.171412 0.095573 0.181443
0.171593 0.095463 0.181428
0.171775 0.095353 0.181414
0.171935 0.095291 0.181314
0.172095 0.095229 0.181213
0.172275 0.095119 0.181200
0.172476 0.094963 0.181274
0.172655 0.094854 0.181261
0.172834 0.094745 0.181248
0.172993 0.094683 0.181149
0.173191 0.094528 0.181224
0.173388 0.094372 0.181300
0.173584 0.094218 0.181377
0.173742 0.094156 0.181278
0.174787 0.092848 0.182919
0.174975 0.092696 0.183000
0.175146 0.092591 0.182993
0.175315 0.092485 0.182986
0.175485 0.092380 0.182980
0.175654 0.092275 0.182973
0.175806 0.092216 0.182878
0.175974 0.092111 0.182872
0.176126 0.092052 0.182777
0.176293 0.091948 0.182771
0.176445 0.091889 0.182676
0.176596 0.091830 0.182581
0.176748 0.091771 0.182486
0.176899 0.091712 0.182391
0.177065 0.091608 0.182386
0.177217 0.091549 0.182291
0.177383 0.091445 0.182287
0.177548 0.091342 0.182283
0.177727 0.091194 0.182370
0.177892 0.091090 0.182367
0.178070 0.090943 0.182455
0.178233 0.090840 0.182452
0.178410 0.090693 0.182541
0.178572 0.090590 0.182539
0.178734 0.090488 0.182537
0.178883 0.090430 0.182443
0.179044 0.090328 0.182442
0.179205 0.090226 0.182441
0.179366 0.090125 0.182440
0.179526 0.090023 0.182439
0.179686 0.089922 0.182438
0.179845 0.089820 0.182438
0.180004 0.089719 0.182438
0.180163 0.089618 0.182439
0.180321 0.089518 0.182439
0.180479 0.089417 0.182440
0.180636 0.089317 0.182441
0.180782 0.089260 0.182349
0.180929 0.089203 0.182257
0.181085 0.089102 0.182259
0.181232 0.089045 0.182167
0.181378 0.088989 0.182075
0.181524 0.088932 0.181983
0.181661 0.088917 0.181797
0.181808 0.088860 0.181705
0.181954 0.088803 0.181613
0.182101 0.088746 0.181521
0.182256 0.088647 0.181524
0.182402 0.088590 0.181432
0.182548 0.088533 0.181340
0.182694 0.088476 0.181248
0.182841 0.088419 0.181156
0.182987 0.088362 0.181064
0.183140 0.088263 0.181068
0.183286 0.088206 0.180976
0.183426 0.088191 0.180789
0.183572 0.088134 0.180697
0.183718 0.088077 0.180605
0.183859 0.088062 0.180417
0.183999 0.088046 0.180229
0.184140 0.088031 0.180040
0.184276 0.088056 0.179755
0.184418 0.088040 0.179566
0.184556 0.088065 0.179280
0.184694 0.088090 0.178993
0.184833 0.088114 0.178706
0.184973 0.088138 0.178419
0.185113 0.088161 0.178131
0.185259 0.088144 0.177939
0.185401 0.088167 0.177650
0.185544 0.088190 0.177361
0.185684 0.088253 0.176973
0.185826 0.088315 0.176584
0.185963 0.088458 0.175999
0.186104 0.088560 0.175511
0.186250 0.088620 0.175119
0.186395 0.088721 0.174629
0.186545 0.088741 0.174334
0.186695 0.088800 0.173941
0.186849 0.088779 0.173744
0.187004 0.088758 0.173547
0.187159 0.088737 0.173350
0.187315 0.088715 0.173152
0.187472 0.088654 0.173053
0.187630 0.088554 0.173054
0.187787 0.088453 0.173055
0.187944 0.088353 0.173057
0.188100 0.088292 0.172958
0.188256 0.088231 0.172860
0.189341 0.092238 0.160892
0.189519 0.092130 0.160880
0.189698 0.092060 0.160768
0.166707 0.099848 0.177484
0.168987 0.096702 0.181854
0.169173 0.096590 0.181837
0.169359 0.096479 0.181820
0.169521 0.096416 0.181718
0.169707 0.096305 0.181702
0.169892 0.096194 0.181686
0.170077 0.096083 0.181670
0.170261 0.095972 0.181654
0.170422 0.095909 0.181553
0.170606 0.095799 0.181537
0.170789 0.095689 0.181522
0.170972 0.095579 0.181507
0.171155 0.095469 0.181493
0.171337 0.095359 0.181478
0.171518 0.095249 0.181464
0.171699 0.095140 0.181451
0.171880 0.095030 0.181437
0.172040 0.094968 0.181337
0.172220 0.094859 0.181324
0.172400 0.094750 0.181311
0.172599 0.094595 0.181385
0.172778 0.094486 0.181373
0.172956 0.094378 0.181361
0.173134 0.094270 0.181349
0.173293 0.094208 0.181250
0.173451 0.094146 0.181151
0.174731 0.092597 0.183048
0.174919 0.092446 0.183129
0.175089 0.092341 0.183122
0.175241 0.092281 0.183027
0.175393 0.092222 0.182932
0.175562 0.092117 0.182925
0.175714 0.092058 0.182830
0.175882 0.091954 0.182824
0.176034 0.091895 0.182729
0.176202 0.091790 0.182724
0.176369 0.091686 0.182718
0.176521 0.091627 0.182623
0.176672 0.091569 0.182528
0.176823 0.091510 0.182433
0.176974 0.091451 0.182338
0.177140 0.091347 0.182334
0.177306 0.091244 0.182330
0.177472 0.091140 0.182326
0.177651 0.090993 0.182413
0.177816 0.090890 0.182410
0.177994 0.090743 0.182498
0.178157 0.090640 0.182496
0.178333 0.090493 0.182585
0.178496 0.090391 0.182583
0.178658 0.090289 0.182581
0.178806 0.090231 0.182488
0.178968 0.090130 0.182487
0.179128 0.090028 0.182486
0.179289 0.089927 0.182485
0.179437 0.089869 0.182392
0.179597 0.089768 0.182392
0.179768 0.089623 0.182484
0.179927 0.089523 0.182484
0.180085 0.089422 0.182485
0.180243 0.089322 0.182486
0.180401 0.089221 0.182487
0.180547 0.089164 0.182395
0.180704 0.089064 0.182396
0.180851 0.089007 0.182304
0.180997 0.088950 0.182212
0.181153 0.088851 0.182214
0.181299 0.088794 0.182123
0.181445 0.088737 0.182031
0.181582 0.088722 0.181845
0.181728 0.088666 0.181753
0.181875 0.088609 0.181661
0.182021 0.088552 0.181569
0.182176 0.088452 0.181572
0.182322 0.088396 0.181480
0.182468 0.088339 0.181389
0.182614 0.088282 0.181297
0.182760 0.088225 0.181205
0.182906 0.088168 0.181113
0.183052 0.088111 0.181022
0.183198 0.088054 0.180930
0.183344 0.087997 0.180838
0.183490 0.087941 0.180746
0.183630 0.087925 0.180559
0.183770 0.087910 0.180371
0.183911 0.087894 0.180182
0.184051 0.087878 0.179994
0.184193 0.087862 0.179805
0.184329 0.087887 0.179519
0.184466 0.087911 0.179233
0.184604 0.087935 0.178946
0.184743 0.087959 0.178659
0.184883 0.087983 0.178371
0.185023 0.088006 0.178083
0.185168 0.087988 0.177892
0.185310 0.088011 0.177603
0.185453 0.088033 0.177313
0.185593 0.088095 0.176925
0.185734 0.088157 0.176536
0.185870 0.088299 0.175951
0.186011 0.088400 0.175462
0.186157 0.088460 0.175071
0.186301 0.088559 0.174580
0.186452 0.088579 0.174285
0.186601 0.088637 0.173891
0.186755 0.088616 0.173695
0.186910 0.088595 0.173497
0.187065 0.088574 0.173300
0.187220 0.088552 0.173102
0.187377 0.088491 0.173004
0.187535 0.088391 0.173005
0.187692 0.088290 0.173006
0.187849 0.088190 0.173007
0.188006 0.088129 0.172909
0.188162 0.088069 0.172811
0.189412 0.091981 0.160723
0.189592 0.091912 0.160610
0.189771 0.091842 0.160497
0.189951 0.091772 0.160385
0.166633 0.099345 0.178211
0.166602 0.099666 0.177429
0.168889 0.096533 0.181803
0.169099 0.096373 0.181871
0.169261 0.096310 0.181769
0.169447 0.096199 0.181752
0.169609 0.096136 0.181651
0.169794 0.096026 0.181634
0.169979 0.095915 0.181619
0.170164 0.095804 0.181603
0.170348 0.095694 0.181587
0.170531 0.095584 0.181572
0.170714 0.095474 0.181557
0.170897 0.095364 0.181543
0.171102 0.095207 0.181615
0.171262 0.095145 0.181514
0.171443 0.095036 0.181500
0.171646 0.094879 0.181574
0.171826 0.094771 0.181560
0.171985 0.094709 0.181460
0.172165 0.094600 0.181448
0.172345 0.094491 0.181435
0.172544 0.094336 0.181510
0.172702 0.094275 0.181411
0.172901 0.094120 0.181487
0.173078 0.094012 0.181475
0.173255 0.093905 0.181464
0.173413 0.093843 0.181365
0.174486 0.092498 0.183095
0.174675 0.092347 0.183177
0.174845 0.092242 0.183170
0.174997 0.092182 0.183074
0.175167 0.092078 0.183068
0.175319 0.092019 0.182973
0.175471 0.091959 0.182877
0.175639 0.091855 0.182871
0.175791 0.091796 0.182776
0.175959 0.091692 0.182771
0.176127 0.091588 0.182766
0.176278 0.091529 0.182671
0.176429 0.091470 0.182576
0.176581 0.091411 0.182481
0.176732 0.091352 0.182386
0.176883 0.091294 0.182291
0.177049 0.091190 0.182286
0.177230 0.091042 0.182373
0.177396 0.090939 0.182369
0.177561 0.090836 0.182366
0.177739 0.090689 0.182454
0.177903 0.090587 0.182451
0.178081 0.090441 0.182540
0.178244 0.090338 0.182538
0.178420 0.090193 0.182628
0.178568 0.090135 0.182534
0.178730 0.090033 0.182533
0.178891 0.089932 0.182532
0.179052 0.089830 0.182531
0.179200 0.089773 0.182438
0.179360 0.089672 0.182438
0.179508 0.089614 0.182345
0.179679 0.089470 0.182438
0.179838 0.089370 0.182438
0.179997 0.089269 0.182438
0.180155 0.089169 0.182439
0.180313 0.089069 0.182440
0.180459 0.089012 0.182348
0.180616 0.088912 0.182350
0.180762 0.088855 0.182258
0.180909 0.088798 0.182166
0.181065 0.088699 0.182168
0.181211 0.088642 0.182076
0.181357 0.088585 0.181985
0.181494 0.088570 0.181799
0.181640 0.088513 0.181707
0.181786 0.088456 0.181615
0.181933 0.088399 0.181523
0.182088 0.088301 0.181526
0.182234 0.088244 0.181434
0.182380 0.088187 0.181342
0.182526 0.088130 0.181251
0.182672 0.088073 0.181159
0.182818 0.088016 0.181067
0.182964 0.087959 0.180975
0.183110 0.087902 0.180884
0.183256 0.087846 0.180792
0.183402 0.087789 0.180700
0.183542 0.087773 0.180512
0.183682 0.087757 0.180324
0.183822 0.087741 0.180136
0.183963 0.087725 0.179947
0.184104 0.087709 0.179758
0.184240 0.087733 0.179473
0.184377 0.087757 0.179186
0.184520 0.087740 0.178997
0.184653 0.087804 0.178612
0.184793 0.087827 0.178324
0.184933 0.087850 0.178036
0.185078 0.087832 0.177845
0.185224 0.087814 0.177653
0.185362 0.087876 0.177265
0.185505 0.087898 0.176975
0.185646 0.087959 0.176586
0.185785 0.088060 0.176099
0.185928 0.088120 0.175708
0.186072 0.088180 0.175317
0.186218 0.088239 0.174925
0.186365 0.088298 0.174532
0.186513 0.088356 0.174138
0.186667 0.088335 0.173942
0.186821 0.088314 0.173745
0.186975 0.088293 0.173548
0.187130 0.088271 0.173351
0.187286 0.088210 0.173252
0.187443 0.088110 0.173254
0.187600 0.088011 0.173255
0.187757 0.087911 0.173257
0.187912 0.087850 0.173159
0.188069 0.087712 0.173262
0.188224 0.087652 0.173164
0.188379 0.087591 0.173067
0.189304 0.091795 0.160666
0.189483 0.091725 0.160553
0.189663 0.091655 0.160441
0.189842 0.091585 0.160328
0.190022 0.091515 0.160215
0.166356 0.099232 0.178265
0.166528 0.099165 0.178157
0.167620 0.097357 0.181082
0.167786 0.097293 0.180978
0.168391 0.096635 0.181702
0.168603 0.096475 0.181769
0.168815 0.096316 0.181836
0.169002 0.096205 0.181819
0.169188 0.096094 0.181803
0.169374 0.095983 0.181786
0.169535 0.095920 0.181685
0.169744 0.095762 0.181754
0.169905 0.095699 0.181653
0.170089 0.095589 0.181638
0.170296 0.095432 0.181708
0.170457 0.095369 0.181608
0.170640 0.095260 0.181593
0.170823 0.095150 0.181578
0.171005 0.095041 0.181564
0.171187 0.094932 0.181550
0.171390 0.094776 0.181623
0.171592 0.094620 0.181697
0.171772 0.094512 0.181684
0.171931 0.094450 0.181584
0.172111 0.094341 0.181572
0.172290 0.094233 0.181560
0.172489 0.094079 0.181635
0.172667 0.093971 0.181623
0.172845 0.093863 0.181612
0.173042 0.093710 0.181689
0.173219 0.093603 0.181678
0.173376 0.093542 0.181580
0.174412 0.092293 0.183136
0.174601 0.092143 0.183217
0.174753 0.092083 0.183122
0.174905 0.092024 0.183026
0.175075 0.091920 0.183020
0.175227 0.091861 0.182925
0.175379 0.091802 0.182829
0.175548 0.091697 0.182824
0.175699 0.091638 0.182728
0.175868 0.091534 0.182723
0.176036 0.091431 0.182718
0.176187 0.091372 0.182623
0.176338 0.091313 0.182528
0.176489 0.091254 0.182433
0.176641 0.091195 0.182338
0.176792 0.091136 0.182243
0.176958 0.091033 0.182239
0.177139 0.090886 0.182325
0.177305 0.090783 0.182322
0.177470 0.090680 0.182318
0.177649 0.090534 0.182407
0.177813 0.090431 0.182404
0.177991 0.090285 0.182493
0.178154 0.090184 0.182491
0.178330 0.090038 0.182581
0.178478 0.089980 0.182487
0.178640 0.089879 0.182486
0.178802 0.089778 0.182485
0.178963 0.089677 0.182484
0.179110 0.089619 0.182391
0.179271 0.089518 0.182391
0.179431 0.089417 0.182391
0.179590 0.089317 0.182391
0.179761 0.089174 0.182484
0.179920 0.089074 0.182485
0.180078 0.088974 0.182486
0.180224 0.088917 0.182394
0.180382 0.088817 0.182396
0.180539 0.088717 0.182397
0.180685 0.088660 0.182305
0.180831 0.088604 0.182214
0.180977 0.088547 0.182122
0.181123 0.088490 0.182030
0.181269 0.088433 0.181938
0.181415 0.088376 0.181847
0.181561 0.088319 0.181755
0.181707 0.088262 0.181663
0.181853 0.088205 0.181571
0.181999 0.088149 0.181480
0.182145 0.088092 0.181388
0.182292 0.088035 0.181296
0.182438 0.087978 0.181204
0.182584 0.087921 0.181113
0.182730 0.087864 0.181021
0.182876 0.087807 0.180929
0.183022 0.087750 0.180837
0.183168 0.087694 0.180746
0.183314 0.087637 0.180654
0.183454 0.087621 0.180466
0.183600 0.087564 0.180374
0.183734 0.087589 0.180090
0.183874 0.087572 0.179901
0.184015 0.087556 0.179712
0.184157 0.087539 0.179523
0.184293 0.087563 0.179237
0.184430 0.087586 0.178950
0.184568 0.087609 0.178662
0.184707 0.087632 0.178374
0.184847 0.087654 0.178086
0.184992 0.087636 0.177895
0.185133 0.087658 0.177605
0.185275 0.087680 0.177316
0.185414 0.087741 0.176927
0.185558 0.087762 0.176636
0.185699 0.087822 0.176247
0.185842 0.087882 0.175856
0.185989 0.087902 0.175564
0.186133 0.087960 0.175172
0.186279 0.088019 0.174779
0.186429 0.088037 0.174485
0.186579 0.088056 0.174190
0.186730 0.088074 0.173894
0.186884 0.088052 0.173697
0.187038 0.088031 0.173500
0.187194 0.087970 0.173402
0.187351 0.087870 0.173404
0.187509 0.087732 0.173505
0.187664 0.087672 0.173408
0.187819 0.087688 0.173110
0.187975 0.087551 0.173213
0.188130 0.087490 0.173115
0.188285 0.087430 0.173018
0.189555 0.091468 0.160384
0.189734 0.091398 0.160271
0.189914 0.091328 0.160158
0.190093 0.091258 0.160046
0.167572 0.097089 0.181198
0.167737 0.097025 0.181095
0.168053 0.096673 0.181499
0.168292 0.096465 0.181650
0.168505 0.096306 0.181717
0.168742 0.096099 0.181870
0.168904 0.096036 0.181768
0.169090 0.095926 0.181752
0.169300 0.095768 0.181821
0.169461 0.095705 0.181719
0.169670 0.095547 0.181789
0.169855 0.095437 0.181774
0.170039 0.095327 0.181759
0.170222 0.095218 0.181744
0.170406 0.095108 0.181729
0.170566 0.095046 0.181628
0.170726 0.094984 0.181528
0.170908 0.094874 0.181514
0.171090 0.094765 0.181500
0.171294 0.094610 0.181573
0.171496 0.094455 0.181647
0.171677 0.094346 0.181634
0.171835 0.094285 0.181534
0.172015 0.094176 0.181522
0.172194 0.094068 0.181509
0.172394 0.093915 0.181585
0.172572 0.093807 0.181574
0.172750 0.093700 0.181562
0.172948 0.093546 0.181639
0.173124 0.093439 0.181629
0.173281 0.093378 0.181530
0.174320 0.092135 0.183087
0.174510 0.091985 0.183169
0.174662 0.091925 0.183074
0.174814 0.091866 0.182978
0.174984 0.091762 0.182972
0.175135 0.091703 0.182877
0.175305 0.091599 0.182871
0.175456 0.091540 0.182776
0.175608 0.091481 0.182680
0.175776 0.091377 0.182675
0.175944 0.091273 0.182670
0.176096 0.091214 0.182575
0.176247 0.091156 0.182480
0.176398 0.091097 0.182385
0.176565 0.090994 0.182381
0.176716 0.090935 0.182286
0.176883 0.090832 0.182282
0.177064 0.090685 0.182369
0.177229 0.090582 0.182365
0.177394 0.090480 0.182362
0.177559 0.090378 0.182359
0.177737 0.090232 0.182448
0.177915 0.090087 0.182537
0.178078 0.089985 0.182535
0.178240 0.089884 0.182534
0.178402 0.089782 0.182532
0.178564 0.089681 0.182531
0.178725 0.089580 0.182531
0.178873 0.089523 0.182438
0.179034 0.089422 0.182437
0.179194 0.089321 0.182437
0.179354 0.089221 0.182437
0.179513 0.089121 0.182437
0.179672 0.089021 0.182438
0.179831 0.088921 0.182439
0.179989 0.088821 0.182440
0.180147 0.088722 0.182441
0.180304 0.088622 0.182443
0.180450 0.088565 0.182351
0.180597 0.088508 0.182259
0.180753 0.088409 0.182261
0.180899 0.088353 0.182170
0.181045 0.088296 0.182078
0.181191 0.088239 0.181987
0.181337 0.088182 0.181895
0.181482 0.088125 0.181803
0.181628 0.088069 0.181712
0.181774 0.088012 0.181620
0.181920 0.087955 0.181528
0.182066 0.087898 0.181437
0.182212 0.087841 0.181345
0.182358 0.087785 0.181254
0.182504 0.087728 0.181162
0.182649 0.087671 0.181070
0.182795 0.087614 0.180979
0.182941 0.087557 0.180887
0.183080 0.087542 0.180700
0.183226 0.087485 0.180608
0.183365 0.087469 0.180420
0.183511 0.087412 0.180328
0.183645 0.087436 0.180043
0.183786 0.087420 0.179854
0.183926 0.087403 0.179665
0.184068 0.087386 0.179476
0.184204 0.087409 0.179190
0.184341 0.087432 0.178903
0.184479 0.087455 0.178615
0.184622 0.087437 0.178425
0.184757 0.087499 0.178039
0.184902 0.087481 0.177847
0.185047 0.087462 0.177656
0.185189 0.087484 0.177366
0.185327 0.087544 0.176978
0.185470 0.087565 0.176687
0.185611 0.087624 0.176297
0.185756 0.087644 0.176005
0.185902 0.087664 0.175712
0.186049 0.087683 0.175419
0.186194 0.087741 0.175027
0.186343 0.087759 0.174732
0.186492 0.087777 0.174438
0.186643 0.087795 0.174142
0.186796 0.087774 0.173946
0.186949 0.087752 0.173749
0.187105 0.087691 0.173651
0.187261 0.087592 0.173653
0.187417 0.087493 0.173656
0.187574 0.087356 0.173758
0.187728 0.087296 0.173661
0.187883 0.087198 0.173664
0.188038 0.087061 0.173768
0.188192 0.086963 0.173772
0.188345 0.086789 0.173977
0.188498 0.086729 0.173881
0.189446 0.091281 0.160327
0.189626 0.091212 0.160214
0.189805 0.091142 0.160102
0.189985 0.091072 0.159989
0.190164 0.091002 0.159876
0.190344 0.090932 0.159763
0.167472 0.096917 0.181146
0.167637 0.096853 0.181043
0.167955 0.096502 0.181447
0.168118 0.096439 0.181344
0.168407 0.096137 0.181666
0.168644 0.095931 0.181819
0.168806 0.095868 0.181717
0.168992 0.095757 0.181700
0.169203 0.095600 0.181770
0.169364 0.095537 0.181668
0.169573 0.095380 0.181738
0.169758 0.095270 0.181723
0.169942 0.095160 0.181708
0.170125 0.095051 0.181693
0.170309 0.094942 0.181678
0.170492 0.094833 0.181664
0.170674 0.094724 0.181650
0.170856 0.094615 0.181636
0.171038 0.094506 0.181623
0.171241 0.094351 0.181696
0.171444 0.094197 0.181770
0.171624 0.094089 0.181758
0.171782 0.094027 0.181658
0.171962 0.093919 0.181646
0.172141 0.093812 0.181634
0.172340 0.093658 0.181710
0.172538 0.093505 0.181787
0.172716 0.093398 0.181776
0.172913 0.093246 0.181854
0.173069 0.093185 0.181755
0.173187 0.093215 0.181480
0.174228 0.091976 0.183039
0.174418 0.091826 0.183121
0.174570 0.091767 0.183026
0.174740 0.091663 0.183019
0.174892 0.091604 0.182924
0.175044 0.091545 0.182829
0.175213 0.091441 0.182823
0.175365 0.091382 0.182728
0.175534 0.091278 0.182722
0.175685 0.091219 0.182627
0.175853 0.091116 0.182622
0.176004 0.091057 0.182527
0.176172 0.090954 0.182523
0.176323 0.090895 0.182428
0.176474 0.090836 0.182333
0.176641 0.090734 0.182329
0.176807 0.090631 0.182325
0.176988 0.090485 0.182412
0.177138 0.090426 0.182318
0.177304 0.090324 0.182315
0.177483 0.090178 0.182403
0.177647 0.090077 0.182401
0.177825 0.089932 0.182490
0.178002 0.089787 0.182580
0.178165 0.089686 0.182579
0.178327 0.089585 0.182578
0.178475 0.089527 0.182485
0.178636 0.089426 0.182484
0.178797 0.089326 0.182483
0.178958 0.089225 0.182483
0.179105 0.089168 0.182390
0.179265 0.089068 0.182390
0.179425 0.088968 0.182391
0.179596 0.088825 0.182484
0.179754 0.088726 0.182486
0.179912 0.088626 0.182487
0.180070 0.088527 0.182488
0.180216 0.088470 0.182397
0.180373 0.088371 0.182399
0.180519 0.088314 0.182307
0.180665 0.088258 0.182215
0.180821 0.088159 0.182218
0.180967 0.088102 0.182126
0.181113 0.088045 0.182035
0.181258 0.087989 0.181943
0.181404 0.087932 0.181852
0.181550 0.087875 0.181760
0.181695 0.087819 0.181669
0.181841 0.087762 0.181577
0.181987 0.087705 0.181486
0.182132 0.087648 0.181394
0.182278 0.087592 0.181303
0.182424 0.087535 0.181211
0.182569 0.087478 0.181120
0.182707 0.087463 0.180933
0.182853 0.087406 0.180841
0.182992 0.087390 0.180653
0.183138 0.087333 0.180562
0.183277 0.087317 0.180374
0.183417 0.087300 0.180185
0.183556 0.087283 0.179997
0.183697 0.087267 0.179808
0.183838 0.087250 0.179619
0.183973 0.087273 0.179333
0.184115 0.087256 0.179143
0.184257 0.087238 0.178953
0.184394 0.087260 0.178666
0.184533 0.087282 0.178378
0.184672 0.087304 0.178089
0.184816 0.087286 0.177898
0.184961 0.087267 0.177706
0.185102 0.087288 0.177416
0.185240 0.087348 0.177028
0.185383 0.087368 0.176737
0.185527 0.087388 0.176446
0.185671 0.087407 0.176154
0.185820 0.087387 0.175960
0.185966 0.087406 0.175667
0.186110 0.087464 0.175275
0.186258 0.087482 0.174981
0.186406 0.087500 0.174686
0.186556 0.087518 0.174391
0.186708 0.087496 0.174195
0.186861 0.087475 0.173998
0.187016 0.087414 0.173901
0.187170 0.087354 0.173804
0.187327 0.087217 0.173906
0.187483 0.087119 0.173909
0.187637 0.087059 0.173813
0.187792 0.086923 0.173916
0.187946 0.086825 0.173920
0.188099 0.086727 0.173924
0.188253 0.086630 0.173929
0.188405 0.086532 0.173933
0.188558 0.086473 0.173837
0.189517 0.091025 0.160158
0.189697 0.090955 0.160045
0.189876 0.090885 0.159932
0.190056 0.090815 0.159819
0.190236 0.090745 0.159707
0.190415 0.090675 0.159594
0.166259 0.097819 0.180081
0.166427 0.097754 0.179976
0.167373 0.096746 0.181094
0.167615 0.096539 0.181244
0.167856 0.096332 0.181395
0.168070 0.096173 0.181462
0.168309 0.095968 0.181614
0.168546 0.095762 0.181768
0.168708 0.095699 0.181666
0.168919 0.095542 0.181735
0.169105 0.095432 0.181719
0.169291 0.095322 0.181703
0.169476 0.095212 0.181687
0.169660 0.095103 0.181672
0.169845 0.094993 0.181657
0.170052 0.094837 0.181728
0.170258 0.094682 0.181800
0.170464 0.094527 0.181873
0.170646 0.094418 0.181859
0.170827 0.094310 0.181846
0.171031 0.094155 0.181919
0.171233 0.094001 0.181994
0.171413 0.093893 0.181981
0.171615 0.093740 0.182056
0.171772 0.093678 0.181957
0.171951 0.093571 0.181946
0.172129 0.093464 0.181935
0.172307 0.093357 0.181924
0.172485 0.093251 0.181913
0.172682 0.093098 0.181990
0.172839 0.093038 0.181892
0.173055 0.092841 0.182059
0.173210 0.092780 0.181961
0.174136 0.091817 0.182991
0.174307 0.091713 0.182984
0.174478 0.091609 0.182978
0.174649 0.091505 0.182971
0.174800 0.091446 0.182876
0.174970 0.091342 0.182870
0.175122 0.091283 0.182775
0.175291 0.091180 0.182770
0.175442 0.091121 0.182674
0.175611 0.091018 0.182669
0.175762 0.090959 0.182574
0.175930 0.090856 0.182570
0.176081 0.090797 0.182475
0.176232 0.090738 0.182380
0.176383 0.090679 0.182285
0.176550 0.090577 0.182281
0.176732 0.090431 0.182368
0.176898 0.090328 0.182365
0.177048 0.090270 0.182270
0.177408 0.089979 0.182447
0.177571 0.089878 0.182445
0.177749 0.089733 0.182535
0.177927 0.089589 0.182625
0.178089 0.089488 0.182624
0.178237 0.089431 0.182531
0.178399 0.089330 0.182530
0.178547 0.089273 0.182437
0.178708 0.089172 0.182437
0.178869 0.089072 0.182436
0.179029 0.088972 0.182436
0.179189 0.088872 0.182437
0.179348 0.088772 0.182437
0.179507 0.088673 0.182438
0.179666 0.088573 0.182439
0.179824 0.088474 0.182441
0.179982 0.088375 0.182442
0.180128 0.088318 0.182350
0.180285 0.088219 0.182352
0.180431 0.088163 0.182261
0.180588 0.088064 0.182263
0.180733 0.088007 0.182172
0.180879 0.087951 0.182080
0.181025 0.087894 0.181989
0.181170 0.087837 0.181897
0.181326 0.087739 0.181900
0.181471 0.087683 0.181809
0.181617 0.087626 0.181718
0.181762 0.087569 0.181626
0.181908 0.087513 0.181535
0.182053 0.087456 0.181444
0.182199 0.087399 0.181352
0.182344 0.087343 0.181261
0.182481 0.087327 0.181074
0.182627 0.087270 0.180982
0.182765 0.087254 0.180795
0.182904 0.087238 0.180607
0.183050 0.087181 0.180515
0.183189 0.087164 0.180327
0.183328 0.087148 0.180139
0.183468 0.087131 0.179950
0.183608 0.087114 0.179762
0.183743 0.087137 0.179476
0.183884 0.087119 0.179286
0.184026 0.087102 0.179096
0.184168 0.087084 0.178906
0.184305 0.087106 0.178619
0.184443 0.087128 0.178331
0.184587 0.087109 0.178140
0.184731 0.087091 0.177948
0.184871 0.087112 0.177659
0.185012 0.087132 0.177369
0.185157 0.087113 0.177177
0.185300 0.087133 0.176886
0.185439 0.087191 0.176496
0.185587 0.087171 0.176303
0.185735 0.087151 0.176109
0.185883 0.087131 0.175915
0.186029 0.087150 0.175622
0.186176 0.087168 0.175328
0.186324 0.087186 0.175034
0.186474 0.087165 0.174839
0.186623 0.087182 0.174543
0.186775 0.087160 0.174347
0.186929 0.087100 0.174251
0.187081 0.087079 0.174054
0.187237 0.086981 0.174057
0.187393 0.086845 0.174161
0.187546 0.086785 0.174065
0.187700 0.086725 0.173968
0.187854 0.086590 0.174073
0.188007 0.086530 0.173977
0.188160 0.086433 0.173981
0.188313 0.086373 0.173885
0.188466 0.086314 0.173789
0.188619 0.086254 0.173693
0.188772 0.086232 0.173496
0.188929 0.086322 0.172994
0.189083 0.086262 0.172898
0.189950 0.090665 0.159661
0.190129 0.090595 0.159548
0.190309 0.090525 0.159435
0.190489 0.090455 0.159322
0.165302 0.098687 0.178648
0.165880 0.097901 0.179798
0.166157 0.097644 0.180028
0.166325 0.097578 0.179922
0.167247 0.096622 0.180957
0.167516 0.096368 0.181192
0.167680 0.096304 0.181089
0.167972 0.096003 0.181410
0.168211 0.095798 0.181563
0.168423 0.095641 0.181631
0.168635 0.095484 0.181700
0.168822 0.095374 0.181684
0.169008 0.095264 0.181668
0.169218 0.095107 0.181738
0.169403 0.094998 0.181722
0.169563 0.094935 0.181621
0.169819 0.094687 0.181864
0.170049 0.094485 0.182023
0.170254 0.094330 0.182095
0.170459 0.094176 0.182168
0.170663 0.094021 0.182242
0.170867 0.093867 0.182316
0.171047 0.093760 0.182304
0.171249 0.093607 0.182379
0.171428 0.093500 0.182367
0.171606 0.093393 0.182356
0.171763 0.093332 0.182257
0.171941 0.093225 0.182246
0.172098 0.093164 0.182148
0.172275 0.093058 0.182137
0.172473 0.092906 0.182215
0.172649 0.092800 0.182205
0.172805 0.092739 0.182107
0.173001 0.092588 0.182186
0.173236 0.092347 0.182442
0.173390 0.092287 0.182345
0.173853 0.091808 0.182861
0.174044 0.091659 0.182943
0.174216 0.091555 0.182936
0.174386 0.091451 0.182930
0.174557 0.091347 0.182923
0.174709 0.091288 0.182828
0.174879 0.091185 0.182822
0.175048 0.091081 0.182817
0.175199 0.091022 0.182722
0.175351 0.090963 0.182627
0.175520 0.090860 0.182622
0.175671 0.090801 0.182527
0.175839 0.090699 0.182522
0.175990 0.090640 0.182427
0.176141 0.090581 0.182332
0.176292 0.090522 0.182237
0.176475 0.090376 0.182324
0.176641 0.090274 0.182321
0.176823 0.090129 0.182408
0.177003 0.089984 0.182497
0.177153 0.089926 0.182403
0.177317 0.089824 0.182400
0.177481 0.089723 0.182398
0.177660 0.089579 0.182488
0.177837 0.089435 0.182578
0.178000 0.089334 0.182577
0.178162 0.089234 0.182576
0.178310 0.089176 0.182483
0.178471 0.089076 0.182483
0.178632 0.088976 0.182482
0.178780 0.088919 0.182390
0.178940 0.088819 0.182390
0.179100 0.088719 0.182390
0.179272 0.088577 0.182484
0.179431 0.088478 0.182485
0.179590 0.088379 0.182486
0.179748 0.088280 0.182488
0.179894 0.088223 0.182396
0.180051 0.088125 0.182398
0.180209 0.088026 0.182400
0.180354 0.087969 0.182309
0.180511 0.087871 0.182311
0.180656 0.087814 0.182220
0.180802 0.087758 0.182128
0.180947 0.087701 0.182037
0.181093 0.087644 0.181946
0.181238 0.087588 0.181854
0.181383 0.087531 0.181763
0.181529 0.087475 0.181672
0.181674 0.087418 0.181580
0.181829 0.087320 0.181584
0.181974 0.087264 0.181493
0.182111 0.087248 0.181306
0.182256 0.087191 0.181215
0.182402 0.087135 0.181123
0.182539 0.087119 0.180936
0.182677 0.087102 0.180749
0.182815 0.087086 0.180561
0.182954 0.087069 0.180373
0.183093 0.087052 0.180185
0.183233 0.087035 0.179996
0.183373 0.087018 0.179807
0.183513 0.087001 0.179618
0.183654 0.086984 0.179429
0.183795 0.086966 0.179240
0.183931 0.086988 0.178953
0.184079 0.086930 0.178860
0.184215 0.086952 0.178572
0.184358 0.086933 0.178381
0.184497 0.086954 0.178093
0.184641 0.086936 0.177901
0.184785 0.086917 0.177710
0.184926 0.086937 0.177420
0.185071 0.086918 0.177227
0.185213 0.086937 0.176937
0.185356 0.086956 0.176645
0.185503 0.086936 0.176452
0.185650 0.086916 0.176258
0.185798 0.086896 0.176065
0.185947 0.086876 0.175871
0.186092 0.086894 0.175577
0.186242 0.086873 0.175382
0.186392 0.086852 0.175188
0.186540 0.086869 0.174893
0.186690 0.086848 0.174697
0.186843 0.086788 0.174601
0.186995 0.086766 0.174405
0.187148 0.086707 0.174309
0.187303 0.086609 0.174313
0.187456 0.086550 0.174217
0.187610 0.086452 0.174221
0.187762 0.086393 0.174125
0.187916 0.086296 0.174129
0.188068 0.086236 0.174034
0.188221 0.086177 0.173938
0.188374 0.086118 0.173842
0.188526 0.086058 0.173746
0.188679 0.086036 0.173549
0.188836 0.086125 0.173047
0.188989 0.086065 0.172951
0.189145 0.086079 0.172651
0.189841 0.090478 0.159604
0.190021 0.090408 0.159491
0.190201 0.090338 0.159378
0.190383 0.090305 0.159163
0.190563 0.090235 0.159050
0.165081 0.098479 0.178870
0.165390 0.098173 0.179181
0.165778 0.097725 0.179745
0.165947 0.097659 0.179639
0.167148 0.096450 0.180905
0.167391 0.096244 0.181056
0.167632 0.096038 0.181207
0.167873 0.095834 0.181359
0.168087 0.095676 0.181426
0.168325 0.095472 0.181580
0.168537 0.095315 0.181649
0.168749 0.095159 0.181718
0.168959 0.095003 0.181788
0.169169 0.094847 0.181858
0.169402 0.094645 0.182015
0.169586 0.094536 0.182000
0.169817 0.094335 0.182158
0.170046 0.094134 0.182317
0.170275 0.093934 0.182477
0.170479 0.093780 0.182551
0.170682 0.093627 0.182625
0.170862 0.093520 0.182613
0.171064 0.093367 0.182688
0.171265 0.093214 0.182764
0.171421 0.093154 0.182666
0.171599 0.093047 0.182655
0.171755 0.092986 0.182557
0.171911 0.092926 0.182459
0.172088 0.092820 0.182449
0.172244 0.092759 0.182351
0.172420 0.092653 0.182341
0.172576 0.092593 0.182244
0.172772 0.092442 0.182323
0.172948 0.092337 0.182313
0.173143 0.092187 0.182393
0.173356 0.091992 0.182562
0.173549 0.091843 0.182643
0.173761 0.091649 0.182813
0.173933 0.091545 0.182806
0.174105 0.091441 0.182799
0.174295 0.091293 0.182882
0.174447 0.091234 0.182786
0.174617 0.091130 0.182780
0.174787 0.091027 0.182774
0.174957 0.090924 0.182769
0.175108 0.090865 0.182674
0.175277 0.090762 0.182669
0.175428 0.090703 0.182574
0.175579 0.090644 0.182479
0.175748 0.090542 0.182474
0.175915 0.090439 0.182470
0.176066 0.090381 0.182375
0.176217 0.090322 0.182280
0.176384 0.090220 0.182277
0.176550 0.090118 0.182273
0.176732 0.089973 0.182361
0.176913 0.089828 0.182449
0.177078 0.089727 0.182447
0.177227 0.089669 0.182353
0.177406 0.089525 0.182443
0.177585 0.089381 0.182533
0.177762 0.089238 0.182623
0.177924 0.089138 0.182622
0.178086 0.089037 0.182622
0.178234 0.088980 0.182529
0.178396 0.088880 0.182528
0.178543 0.088823 0.182436
0.178704 0.088723 0.182436
0.178864 0.088623 0.182436
0.179024 0.088524 0.182437
0.179184 0.088425 0.182438
0.179343 0.088326 0.182439
0.179514 0.088185 0.182533
0.179660 0.088128 0.182442
0.179818 0.088030 0.182443
0.179975 0.087931 0.182446
0.180132 0.087833 0.182448
0.180277 0.087776 0.182357
0.180423 0.087720 0.182265
0.180568 0.087663 0.182174
0.180724 0.087565 0.182177
0.180870 0.087509 0.182086
0.181015 0.087452 0.181994
0.181160 0.087396 0.181903
0.181305 0.087339 0.181812
0.181451 0.087282 0.181721
0.181596 0.087226 0.181629
0.181741 0.087169 0.181538
0.181886 0.087113 0.181447
0.182032 0.087056 0.181356
0.182177 0.087000 0.181265
0.182314 0.086983 0.181077
0.182459 0.086927 0.180986
0.182597 0.086910 0.180799
0.182727 0.086934 0.180515
0.182866 0.086917 0.180327
0.182998 0.086940 0.180042
0.183137 0.086923 0.179853
0.183277 0.086905 0.179664
0.183418 0.086888 0.179475
0.183558 0.086870 0.179286
0.183700 0.086852 0.179096
0.183841 0.086834 0.178906
0.183989 0.086776 0.178813
0.184126 0.086797 0.178525
0.184269 0.086779 0.178334
0.184412 0.086760 0.178143
0.184556 0.086741 0.177952
0.184700 0.086722 0.177760
0.184840 0.086742 0.177470
0.184981 0.086762 0.177180
0.185122 0.086781 0.176889
0.185269 0.086761 0.176696
0.185415 0.086741 0.176503
0.185566 0.086682 0.176408
0.185714 0.086662 0.176215
0.185861 0.086641 0.176021
0.186010 0.086621 0.175827
0.186158 0.086600 0.175632
0.186307 0.086579 0.175438
0.186457 0.086558 0.175243
0.186607 0.086537 0.175048
0.186757 0.086515 0.174852
0.186908 0.086494 0.174656
0.187060 0.086434 0.174561
0.187213 0.086375 0.174465
0.187366 0.086315 0.174369
0.187519 0.086219 0.174373
0.187672 0.086159 0.174278
0.187824 0.086100 0.174182
0.187976 0.086040 0.174086
0.188129 0.085981 0.173990
0.188281 0.085922 0.173895
0.188434 0.085899 0.173698
0.188587 0.085877 0.173500
0.188741 0.085854 0.173303
0.188897 0.085905 0.172902
0.189051 0.085882 0.172704
0.189208 0.085895 0.172403
0.189364 0.085871 0.172205
0.189520 0.085848 0.172005
0.189914 0.090258 0.159332
0.190094 0.090188 0.159219
0.190277 0.090154 0.159003
0.190457 0.090084 0.158890
0.164977 0.098300 0.178815
0.165287 0.097995 0.179127
0.165458 0.097929 0.179019
0.167534 0.095868 0.181155
0.167749 0.095711 0.181222
0.167989 0.095507 0.181375
0.168227 0.095303 0.181529
0.168465 0.095100 0.181683
0.168701 0.094898 0.181838
0.168911 0.094742 0.181908
0.169145 0.094541 0.182065
0.169378 0.094339 0.182222
0.169610 0.094139 0.182380
0.169840 0.093939 0.182539
0.170069 0.093739 0.182699
0.170297 0.093540 0.182859
0.170454 0.093479 0.182761
0.170702 0.093234 0.183009
0.170881 0.093128 0.182998
0.171060 0.093021 0.182987
0.171260 0.092870 0.183063
0.171416 0.092809 0.182966
0.171571 0.092749 0.182868
0.171726 0.092688 0.182770
0.171903 0.092583 0.182761
0.172058 0.092522 0.182663
0.172213 0.092462 0.182566
0.172369 0.092401 0.182468
0.172544 0.092296 0.182459
0.172720 0.092191 0.182450
0.172895 0.092086 0.182441
0.173090 0.091937 0.182521
0.173283 0.091787 0.182602
0.173477 0.091639 0.182683
0.173649 0.091534 0.182675
0.173841 0.091386 0.182757
0.174032 0.091238 0.182840
0.174203 0.091135 0.182834
0.174374 0.091031 0.182827
0.174544 0.090928 0.182822
0.174696 0.090869 0.182726
0.174865 0.090766 0.182721
0.175035 0.090664 0.182716
0.175186 0.090605 0.182621
0.175337 0.090546 0.182526
0.175505 0.090443 0.182521
0.175656 0.090385 0.182426
0.175824 0.090282 0.182422
0.175975 0.090224 0.182327
0.176142 0.090122 0.182324
0.176293 0.090063 0.182229
0.176476 0.089918 0.182317
0.176657 0.089774 0.182405
0.176823 0.089673 0.182402
0.177003 0.089529 0.182491
0.177152 0.089471 0.182397
0.177331 0.089327 0.182487
0.177510 0.089184 0.182578
0.177673 0.089084 0.182576
0.177835 0.088984 0.182575
0.177997 0.088884 0.182575
0.178145 0.088826 0.182482
0.178320 0.088684 0.182574
0.178468 0.088627 0.182482
0.178628 0.088528 0.182482
0.178788 0.088428 0.182483
0.178948 0.088329 0.182483
0.179108 0.088230 0.182484
0.179267 0.088132 0.182486
0.179425 0.088033 0.182487
0.179584 0.087935 0.182489
0.179741 0.087836 0.182491
0.179899 0.087738 0.182493
0.180044 0.087682 0.182402
0.180190 0.087625 0.182311
0.180346 0.087527 0.182313
0.180492 0.087471 0.182222
0.180637 0.087414 0.182131
0.180782 0.087358 0.182040
0.180938 0.087260 0.182043
0.181083 0.087204 0.181952
0.181228 0.087147 0.181861
0.181373 0.087091 0.181770
0.181518 0.087034 0.181679
0.181663 0.086978 0.181588
0.181808 0.086921 0.181497
0.181953 0.086865 0.181405
0.182089 0.086849 0.181219
0.182235 0.086792 0.181127
0.182372 0.086776 0.180940
0.182509 0.086759 0.180753
0.182639 0.086782 0.180469
0.182770 0.086805 0.180184
0.182909 0.086787 0.179996
0.183049 0.086770 0.179807
0.183181 0.086792 0.179521
0.183322 0.086774 0.179332
0.183469 0.086717 0.179239
0.183604 0.086738 0.178952
0.183752 0.086680 0.178859
0.183894 0.086662 0.178669
0.184036 0.086643 0.178478
0.184185 0.086585 0.178385
0.184322 0.086606 0.178096
0.184471 0.086548 0.178003
0.184615 0.086528 0.177811
0.184754 0.086548 0.177521
0.184899 0.086528 0.177329
0.185040 0.086547 0.177038
0.185182 0.086566 0.176747
0.185332 0.086507 0.176653
0.185479 0.086487 0.176459
0.185629 0.086428 0.176365
0.185777 0.086408 0.176171
0.185924 0.086387 0.175977
0.186075 0.086328 0.175882
0.186224 0.086307 0.175688
0.186372 0.086286 0.175493
0.186522 0.086265 0.175299
0.186671 0.086244 0.175103
0.186821 0.086222 0.174908
0.186971 0.086200 0.174713
0.187124 0.086141 0.174617
0.187276 0.086082 0.174521
0.187428 0.086023 0.174426
0.187580 0.085963 0.174330
0.187733 0.085904 0.174234
0.187885 0.085845 0.174139
0.188037 0.085786 0.174043
0.188189 0.085763 0.173846
0.188342 0.085704 0.173751
0.188495 0.085681 0.173554
0.188648 0.085695 0.173255
0.188803 0.085708 0.172955
0.188959 0.085722 0.172655
0.189114 0.085698 0.172457
0.189269 0.085674 0.172258
0.189427 0.085687 0.171957
0.189583 0.085663 0.171757
0.190358 0.090040 0.158423
0.190539 0.089969 0.158309
0.167192 0.095902 0.180952
0.167409 0.095744 0.181018
0.167650 0.095540 0.181170
0.167890 0.095337 0.181323
0.168129 0.095134 0.181477
0.168392 0.094886 0.181717
0.168604 0.094730 0.181787
0.168814 0.094575 0.181857
0.169049 0.094374 0.182014
0.169282 0.094174 0.182172
0.169514 0.093974 0.182330
0.169744 0.093774 0.182489
0.169974 0.093575 0.182649
0.170202 0.093376 0.182810
0.170359 0.093315 0.182711
0.170701 0.092890 0.183307
0.170879 0.092784 0.183296
0.171080 0.092632 0.183373
0.171257 0.092527 0.183363
0.171411 0.092467 0.183266
0.171566 0.092407 0.183169
0.171720 0.092346 0.183072
0.171875 0.092286 0.182975
0.172029 0.092226 0.182878
0.172184 0.092166 0.182781
0.172338 0.092106 0.182683
0.172493 0.092046 0.182586
0.172668 0.091941 0.182578
0.172843 0.091836 0.182569
0.173017 0.091732 0.182561
0.173191 0.091628 0.182553
0.173384 0.091479 0.182634
0.173577 0.091331 0.182716
0.173768 0.091183 0.182798
0.173940 0.091080 0.182792
0.174111 0.090977 0.182785
0.174282 0.090873 0.182779
0.174453 0.090770 0.182774
0.174623 0.090668 0.182768
0.174792 0.090565 0.182763
0.174943 0.090506 0.182668
0.175112 0.090404 0.182663
0.175281 0.090302 0.182659
0.175432 0.090243 0.182564
0.175617 0.090098 0.182650
0.175784 0.089996 0.182646
0.175934 0.089938 0.182552
0.176101 0.089836 0.182549
0.176267 0.089735 0.182546
0.176433 0.089634 0.182543
0.176599 0.089533 0.182540
0.176764 0.089432 0.182538
0.176929 0.089331 0.182535
0.177093 0.089230 0.182534
0.177257 0.089130 0.182532
0.177435 0.088987 0.182623
0.177598 0.088887 0.182622
0.177760 0.088788 0.182621
0.177937 0.088646 0.182713
0.178084 0.088588 0.182620
0.178245 0.088489 0.182620
0.178406 0.088390 0.182621
0.178553 0.088333 0.182528
0.178713 0.088234 0.182529
0.178873 0.088135 0.182530
0.179032 0.088036 0.182531
0.179191 0.087938 0.182533
0.179350 0.087840 0.182534
0.179508 0.087742 0.182536
0.179666 0.087644 0.182539
0.179811 0.087587 0.182447
0.179968 0.087489 0.182450
0.180113 0.087433 0.182359
0.180270 0.087335 0.182362
0.180415 0.087279 0.182271
0.180560 0.087222 0.182180
0.180705 0.087166 0.182088
0.180850 0.087109 0.181997
0.180995 0.087053 0.181906
0.181140 0.086996 0.181815
0.181295 0.086899 0.181819
0.181440 0.086843 0.181728
0.181585 0.086787 0.181637
0.181720 0.086770 0.181451
0.181865 0.086714 0.181360
0.182010 0.086658 0.181268
0.182147 0.086641 0.181081
0.182284 0.086624 0.180894
0.182413 0.086647 0.180610
0.182543 0.086670 0.180326
0.182674 0.086692 0.180041
0.182813 0.086674 0.179853
0.182945 0.086696 0.179567
0.183093 0.086639 0.179474
0.183226 0.086660 0.179188
0.183374 0.086602 0.179095
0.183515 0.086584 0.178905
0.183663 0.086526 0.178812
0.183811 0.086469 0.178719
0.183953 0.086450 0.178529
0.184095 0.086431 0.178338
0.184244 0.086373 0.178245
0.184387 0.086354 0.178054
0.184530 0.086335 0.177862
0.184669 0.086354 0.177572
0.184814 0.086334 0.177380
0.184959 0.086315 0.177188
0.185100 0.086333 0.176897
0.185250 0.086274 0.176803
0.185396 0.086254 0.176610
0.185546 0.086196 0.176515
0.185693 0.086175 0.176322
0.185843 0.086117 0.176227
0.185990 0.086096 0.176033
0.186141 0.086037 0.175939
0.186289 0.086016 0.175745
0.186437 0.085995 0.175550
0.186586 0.085974 0.175355
0.186735 0.085952 0.175160
0.186885 0.085930 0.174965
0.187035 0.085908 0.174769
0.187187 0.085849 0.174674
0.187339 0.085790 0.174579
0.187490 0.085768 0.174383
0.187642 0.085709 0.174287
0.187793 0.085687 0.174091
0.187945 0.085627 0.173995
0.188097 0.085568 0.173900
0.188250 0.085545 0.173703
0.188402 0.085522 0.173505
0.188556 0.085536 0.173206
0.188710 0.085549 0.172907
0.188865 0.085525 0.172708
0.189021 0.085538 0.172408
0.189176 0.085514 0.172209
0.189332 0.085490 0.172010
0.189488 0.085466 0.171810
0.189646 0.085477 0.171508
0.189802 0.085417 0.171411
0.190249 0.089852 0.158365
0.190430 0.089781 0.158252
0.190613 0.089746 0.158035
0.167093 0.095730 0.180900
0.167310 0.095573 0.180966
0.167474 0.095510 0.180863
0.167766 0.095214 0.181187
0.168031 0.094966 0.181426
0.168295 0.094718 0.181666
0.168507 0.094563 0.181736
0.168668 0.094500 0.181635
0.170093 0.093001 0.183377
0.170296 0.092849 0.183453
0.170499 0.092698 0.183529
0.170677 0.092592 0.183518
0.170854 0.092486 0.183508
0.171032 0.092381 0.183498
0.171231 0.092231 0.183576
0.171385 0.092171 0.183479
0.171539 0.092111 0.183382
0.171693 0.092051 0.183286
0.171847 0.091991 0.183189
0.171979 0.091976 0.183004
0.172133 0.091916 0.182908
0.172287 0.091856 0.182811
0.172441 0.091796 0.182714
0.172595 0.091736 0.182617
0.172770 0.091632 0.182609
0.172944 0.091528 0.182601
0.173118 0.091424 0.182593
0.173292 0.091320 0.182586
0.173484 0.091172 0.182668
0.173676 0.091025 0.182750
0.173848 0.090921 0.182744
0.174019 0.090818 0.182737
0.174190 0.090716 0.182732
0.174380 0.090569 0.182816
0.174550 0.090467 0.182810
0.174719 0.090364 0.182805
0.174888 0.090262 0.182800
0.175057 0.090160 0.182796
0.175225 0.090058 0.182792
0.175393 0.089957 0.182788
0.175578 0.089812 0.182875
0.175745 0.089711 0.182871
0.175894 0.089653 0.182777
0.176011 0.089680 0.182501
0.176226 0.089451 0.182772
0.176392 0.089350 0.182769
0.176557 0.089249 0.182767
0.176722 0.089149 0.182765
0.176870 0.089091 0.182672
0.177034 0.088991 0.182670
0.177198 0.088891 0.182669
0.177376 0.088749 0.182760
0.177553 0.088607 0.182851
0.177715 0.088508 0.182851
0.177877 0.088409 0.182851
0.178024 0.088352 0.182759
0.178185 0.088253 0.182759
0.178345 0.088154 0.182760
0.178492 0.088097 0.182668
0.178651 0.087998 0.182669
0.178798 0.087941 0.182577
0.178957 0.087843 0.182578
0.179116 0.087745 0.182580
0.179274 0.087647 0.182582
0.179432 0.087549 0.182584
0.179578 0.087492 0.182493
0.179735 0.087395 0.182495
0.179892 0.087297 0.182498
0.180037 0.087241 0.182407
0.180182 0.087184 0.182316
0.180338 0.087087 0.182319
0.180483 0.087031 0.182228
0.180628 0.086974 0.182137
0.180773 0.086918 0.182046
0.180918 0.086862 0.181955
0.181063 0.086805 0.181864
0.181208 0.086749 0.181773
0.181362 0.086652 0.181778
0.181507 0.086596 0.181687
0.181642 0.086580 0.181500
0.181787 0.086523 0.181409
0.181923 0.086507 0.181223
0.182068 0.086450 0.181132
0.182196 0.086473 0.180848
0.182325 0.086495 0.180564
0.182455 0.086518 0.180280
0.182577 0.086579 0.179899
0.182709 0.086600 0.179613
0.182849 0.086582 0.179424
0.182996 0.086525 0.179331
0.183137 0.086506 0.179141
0.183278 0.086488 0.178951
0.183426 0.086430 0.178858
0.183574 0.086372 0.178766
0.183721 0.086315 0.178673
0.183869 0.086257 0.178580
0.184012 0.086238 0.178389
0.184160 0.086181 0.178296
0.184302 0.086161 0.178105
0.184446 0.086142 0.177914
0.184589 0.086122 0.177722
0.184733 0.086103 0.177530
0.184877 0.086083 0.177338
0.185018 0.086101 0.177047
0.185167 0.086043 0.176953
0.185313 0.086022 0.176760
0.185463 0.085964 0.176666
0.185613 0.085906 0.176572
0.185759 0.085885 0.176378
0.185909 0.085826 0.176284
0.186056 0.085806 0.176090
0.186203 0.085784 0.175896
0.186351 0.085763 0.175702
0.186500 0.085742 0.175507
0.186648 0.085720 0.175313
0.186797 0.085698 0.175118
0.186947 0.085677 0.174922
0.187097 0.085655 0.174727
0.187248 0.085596 0.174631
0.187399 0.085573 0.174435
0.187550 0.085551 0.174239
0.187702 0.085492 0.174144
0.187854 0.085432 0.174048
0.188006 0.085410 0.173851
0.188158 0.085387 0.173654
0.188310 0.085364 0.173457
0.188464 0.085377 0.173158
0.188617 0.085353 0.172960
0.188772 0.085366 0.172660
0.188927 0.085342 0.172461
0.189082 0.085318 0.172262
0.189239 0.085329 0.171961
0.189395 0.085305 0.171762
0.189551 0.085280 0.171562
0.189706 0.085220 0.171465
0.189861 0.085160 0.171367
0.190016 0.085099 0.171270
0.190514 0.089699 0.157565
0.190696 0.089628 0.157451
0.169639 0.093051 0.183351
0.169868 0.092854 0.183512
0.170023 0.092793 0.183415
0.170274 0.092551 0.183664
0.170452 0.092446 0.183653
0.170654 0.092296 0.183730
0.170808 0.092236 0.183633
0.170985 0.092131 0.183624
0.171161 0.092026 0.183614
0.171315 0.091966 0.183518
0.171469 0.091906 0.183421
0.171622 0.091846 0.183325
0.171776 0.091786 0.183228
0.171930 0.091727 0.183132
0.172083 0.091667 0.183035
0.172237 0.091607 0.182939
0.172391 0.091547 0.182842
0.172544 0.091487 0.182746
0.172698 0.091428 0.182649
0.172872 0.091324 0.182641
0.173046 0.091220 0.182634
0.173219 0.091116 0.182626
0.173392 0.091013 0.182619
0.173565 0.090910 0.182613
0.173756 0.090763 0.182696
0.173928 0.090660 0.182689
0.174118 0.090514 0.182773
0.174307 0.090368 0.182857
0.174477 0.090266 0.182852
0.174665 0.090121 0.182937
0.174834 0.090019 0.182933
0.175020 0.089874 0.183019
0.175188 0.089773 0.183015
0.175373 0.089629 0.183102
0.175557 0.089485 0.183190
0.175706 0.089427 0.183096
0.175804 0.089497 0.182730
0.176136 0.089296 0.182724
0.176368 0.089025 0.183087
0.176532 0.088925 0.183086
0.176680 0.088868 0.182993
0.176780 0.088937 0.182625
0.176991 0.088710 0.182899
0.177170 0.088569 0.182990
0.177347 0.088428 0.183081
0.177494 0.088370 0.182989
0.177626 0.088355 0.182804
0.177832 0.088131 0.183082
0.177992 0.088032 0.183083
0.178153 0.087934 0.183084
0.178298 0.087877 0.182992
0.178444 0.087820 0.182900
0.178590 0.087763 0.182809
0.178736 0.087707 0.182717
0.178895 0.087609 0.182719
0.179054 0.087511 0.182721
0.179199 0.087454 0.182629
0.179357 0.087357 0.182632
0.179502 0.087300 0.182541
0.179660 0.087203 0.182543
0.179805 0.087146 0.182452
0.179950 0.087090 0.182361
0.180106 0.086993 0.182364
0.180251 0.086936 0.182273
0.180396 0.086880 0.182182
0.180541 0.086824 0.182092
0.180696 0.086727 0.182095
0.180841 0.086671 0.182005
0.180986 0.086615 0.181914
0.181130 0.086558 0.181823
0.181275 0.086502 0.181732
0.181419 0.086446 0.181641
0.181564 0.086389 0.181550
0.181700 0.086373 0.181364
0.181844 0.086316 0.181273
0.181980 0.086299 0.181086
0.182117 0.086282 0.180898
0.182237 0.086344 0.180518
0.182605 0.086525 0.179373
0.182752 0.086468 0.179280
0.182893 0.086449 0.179090
0.183041 0.086391 0.178998
0.183188 0.086334 0.178905
0.183343 0.086237 0.178909
0.183491 0.086180 0.178816
0.183639 0.086122 0.178724
0.183786 0.086065 0.178631
0.183934 0.086007 0.178538
0.184082 0.085950 0.178445
0.184229 0.085892 0.178352
0.184372 0.085873 0.178161
0.184515 0.085854 0.177970
0.184658 0.085834 0.177779
0.184797 0.085852 0.177488
0.184941 0.085832 0.177296
0.185086 0.085811 0.177103
0.185231 0.085791 0.176911
0.185380 0.085733 0.176817
0.185526 0.085712 0.176624
0.185675 0.085654 0.176530
0.185825 0.085596 0.176436
0.185971 0.085575 0.176242
0.186118 0.085554 0.176048
0.186266 0.085532 0.175854
0.186413 0.085511 0.175660
0.186562 0.085489 0.175465
0.186708 0.085504 0.175170
0.186857 0.085482 0.174975
0.187007 0.085460 0.174779
0.187158 0.085401 0.174684
0.187308 0.085379 0.174488
0.187459 0.085356 0.174292
0.187610 0.085333 0.174096
0.187762 0.085274 0.174000
0.187914 0.085215 0.173905
0.188066 0.085192 0.173708
0.188218 0.085169 0.173510
0.188371 0.085181 0.173211
0.188525 0.085194 0.172911
0.188679 0.085206 0.172611
0.188834 0.085182 0.172413
0.188989 0.085157 0.172214
0.189144 0.085133 0.172015
0.189300 0.085108 0.171815
0.189456 0.085084 0.171615
0.189611 0.085023 0.171518
0.189765 0.084963 0.171421
0.189920 0.084903 0.171324
0.190597 0.089579 0.156980
0.190780 0.089508 0.156866
0.169438 0.092859 0.183572
0.169668 0.092662 0.183733
0.169871 0.092511 0.183809
0.170050 0.092406 0.183798
0.170228 0.092300 0.183788
0.170406 0.092195 0.183778
0.170584 0.092090 0.183768
0.170761 0.091986 0.183759
0.170938 0.091881 0.183749
0.171114 0.091777 0.183740
0.171268 0.091717 0.183644
0.171421 0.091657 0.183548
0.171574 0.091598 0.183452
0.171727 0.091538 0.183355
0.171859 0.091522 0.183171
0.172012 0.091463 0.183075
0.172166 0.091403 0.182978
0.172319 0.091343 0.182882
0.172473 0.091284 0.182786
0.172626 0.091224 0.182689
0.172800 0.091120 0.182682
0.172974 0.091017 0.182674
0.173127 0.090957 0.182578
0.173320 0.090810 0.182660
0.173492 0.090708 0.182654
0.173684 0.090561 0.182737
0.173855 0.090459 0.182731
0.174065 0.090270 0.182905
0.174254 0.090125 0.182989
0.174442 0.089980 0.183074
0.174630 0.089835 0.183160
0.174798 0.089734 0.183156
0.174984 0.089590 0.183243
0.175170 0.089446 0.183330
0.175336 0.089345 0.183327
0.175485 0.089287 0.183233
0.175616 0.089272 0.183049
0.176180 0.088802 0.183407
0.176344 0.088702 0.183406
0.176508 0.088603 0.183405
0.176655 0.088546 0.183312
0.176802 0.088488 0.183220
0.176902 0.088557 0.182852
0.177081 0.088416 0.182943
0.177259 0.088275 0.183035
0.177466 0.088051 0.183312
0.177627 0.087952 0.183312
0.177787 0.087854 0.183313
0.177948 0.087756 0.183314
0.178093 0.087699 0.183223
0.178238 0.087643 0.183132
0.178384 0.087586 0.183040
0.178529 0.087529 0.182949
0.178675 0.087473 0.182858
0.178820 0.087416 0.182766
0.178979 0.087319 0.182768
0.179124 0.087262 0.182677
0.179282 0.087165 0.182680
0.179427 0.087108 0.182589
0.179584 0.087011 0.182592
0.179741 0.086915 0.182595
0.179886 0.086858 0.182504
0.180030 0.086802 0.182413
0.180175 0.086746 0.182322
0.180320 0.086689 0.182231
0.180464 0.086633 0.182141
0.180609 0.086577 0.182050
0.180754 0.086520 0.181959
0.180898 0.086464 0.181868
0.181053 0.086368 0.181873
0.181197 0.086312 0.181782
0.181342 0.086256 0.181691
0.181477 0.086239 0.181505
0.181621 0.086182 0.181414
0.181766 0.086126 0.181323
0.181902 0.086109 0.181136
0.182038 0.086092 0.180949
0.182376 0.086390 0.179516
0.182523 0.086333 0.179423
0.182663 0.086314 0.179233
0.182811 0.086256 0.179141
0.182966 0.086160 0.179145
0.183113 0.086103 0.179052
0.183268 0.086007 0.179057
0.183415 0.085950 0.178965
0.183569 0.085854 0.178970
0.183716 0.085797 0.178877
0.183869 0.085701 0.178883
0.184016 0.085644 0.178791
0.184157 0.085625 0.178600
0.184304 0.085568 0.178508
0.184446 0.085548 0.178317
0.184583 0.085566 0.178027
0.184721 0.085584 0.177737
0.184860 0.085602 0.177446
0.185005 0.085581 0.177254
0.185149 0.085561 0.177062
0.185298 0.085503 0.176968
0.185443 0.085482 0.176775
0.185589 0.085461 0.176582
0.185738 0.085403 0.176488
0.185884 0.085382 0.176295
0.186034 0.085324 0.176201
0.186181 0.085302 0.176007
0.186328 0.085281 0.175813
0.186473 0.085296 0.175518
0.186621 0.085274 0.175323
0.186770 0.085252 0.175128
0.186917 0.085266 0.174832
0.187068 0.085207 0.174737
0.187218 0.085185 0.174541
0.187369 0.085162 0.174345
0.187519 0.085139 0.174149
0.187671 0.085080 0.174053
0.187822 0.085057 0.173857
0.187974 0.085034 0.173660
0.188126 0.085010 0.173462
0.188279 0.085022 0.173163
0.188432 0.085034 0.172863
0.188586 0.085010 0.172665
0.188740 0.084986 0.172466
0.188896 0.084997 0.172165
0.189051 0.084972 0.171966
0.189205 0.084912 0.171869
0.189361 0.084887 0.171669
0.189517 0.084862 0.171469
0.189672 0.084802 0.171372
0.189825 0.084707 0.171378
0.189979 0.084647 0.171281
0.190497 0.089528 0.156509
0.190681 0.089457 0.156394
0.190867 0.089420 0.156175
0.169344 0.092697 0.183523
0.169574 0.092501 0.183684
0.169851 0.092215 0.184020
0.170005 0.092155 0.183923
0.170183 0.092050 0.183913
0.170337 0.091990 0.183816
0.170515 0.091886 0.183807
0.170692 0.091781 0.183797
0.170845 0.091721 0.183701
0.171022 0.091617 0.183692
0.171175 0.091557 0.183596
0.171328 0.091498 0.183499
0.171482 0.091438 0.183403
0.171635 0.091378 0.183307
0.171788 0.091319 0.183211
0.171941 0.091259 0.183114
0.172073 0.091243 0.182930
0.172226 0.091184 0.182833
0.172401 0.091080 0.182826
0.172554 0.091020 0.182729
0.172708 0.090961 0.182633
0.172881 0.090858 0.182626
0.173055 0.090755 0.182619
0.173228 0.090652 0.182612
0.173420 0.090506 0.182695
0.173592 0.090403 0.182689
0.173803 0.090215 0.182862
0.173993 0.090070 0.182947
0.174201 0.089882 0.183121
0.174389 0.089738 0.183207
0.174577 0.089594 0.183293
0.174763 0.089450 0.183380
0.174912 0.089392 0.183286
0.175080 0.089291 0.183283
0.175318 0.089021 0.183642
0.175484 0.088921 0.183640
0.175666 0.088778 0.183729
0.175831 0.088679 0.183728
0.175995 0.088579 0.183727
0.176159 0.088480 0.183726
0.176322 0.088381 0.183725
0.176485 0.088282 0.183724
0.176631 0.088225 0.183633
0.176777 0.088168 0.183541
0.177086 0.088013 0.183449
0.177263 0.087873 0.183542
0.177423 0.087775 0.183543
0.177584 0.087677 0.183544
0.177744 0.087579 0.183545
0.177889 0.087522 0.183454
0.178048 0.087425 0.183456
0.178193 0.087368 0.183365
0.178324 0.087353 0.183181
0.178469 0.087296 0.183089
0.178601 0.087281 0.182905
0.178746 0.087224 0.182814
0.178904 0.087127 0.182816
0.179049 0.087070 0.182725
0.179194 0.087014 0.182634
0.179352 0.086917 0.182637
0.179509 0.086820 0.182640
0.179654 0.086764 0.182549
0.179798 0.086708 0.182458
0.179955 0.086611 0.182462
0.180099 0.086555 0.182371
0.180244 0.086499 0.182280
0.180388 0.086443 0.182190
0.180533 0.086386 0.182099
0.180677 0.086330 0.182008
0.180832 0.086234 0.182013
0.180976 0.086178 0.181922
0.181120 0.086122 0.181832
0.181265 0.086066 0.181741
0.181399 0.086049 0.181555
0.181544 0.085993 0.181464
0.181688 0.085937 0.181373
0.181823 0.085919 0.181186
0.181959 0.085902 0.180999
0.182311 0.086120 0.179759
0.182458 0.086063 0.179667
0.182597 0.086044 0.179478
0.182745 0.085987 0.179385
0.182892 0.085930 0.179293
0.183046 0.085834 0.179298
0.183193 0.085777 0.179206
0.183326 0.085796 0.178918
0.183506 0.085548 0.179314
0.183653 0.085492 0.179222
0.183805 0.085397 0.179229
0.183951 0.085340 0.179137
0.184092 0.085321 0.178947
0.184232 0.085301 0.178757
0.184373 0.085282 0.178566
0.184510 0.085300 0.178277
0.184652 0.085280 0.178085
0.184790 0.085298 0.177795
0.184928 0.085315 0.177504
0.185072 0.085294 0.177312
0.185212 0.085311 0.177020
0.185361 0.085253 0.176927
0.185506 0.085232 0.176734
0.185651 0.085211 0.176541
0.185801 0.085153 0.176447
0.185947 0.085131 0.176253
0.186093 0.085110 0.176060
0.186240 0.085088 0.175865
0.186387 0.085067 0.175671
0.186533 0.085081 0.175376
0.186681 0.085059 0.175181
0.186828 0.085073 0.174885
0.186979 0.085014 0.174790
0.187128 0.084991 0.174594
0.187278 0.084968 0.174398
0.187429 0.084945 0.174202
0.187579 0.084922 0.174005
0.187731 0.084899 0.173809
0.187883 0.084840 0.173713
0.188034 0.084852 0.173414
0.188187 0.084828 0.173216
0.188340 0.084839 0.172917
0.188493 0.084815 0.172718
0.188647 0.084791 0.172520
0.188801 0.084766 0.172321
0.188956 0.084742 0.172122
0.189111 0.084717 0.171923
0.189268 0.084727 0.171620
0.189422 0.084667 0.171523
0.189577 0.084607 0.171426
0.189729 0.084512 0.171433
0.189884 0.084452 0.171336
0.190038 0.084391 0.171239
0.190581 0.089404 0.155922
0.190765 0.089332 0.155806
0.169579 0.092160 0.183981
0.169758 0.092055 0.183971
0.169912 0.091995 0.183874
0.170091 0.091890 0.183864
0.170244 0.091830 0.183768
0.170422 0.091726 0.183758
0.170599 0.091621 0.183749
0.170753 0.091562 0.183652
0.170929 0.091458 0.183644
0.171083 0.091398 0.183547
0.171236 0.091338 0.183451
0.171389 0.091279 0.183355
0.171542 0.091219 0.183258
0.171696 0.091159 0.183162
0.171849 0.091100 0.183066
0.172002 0.091040 0.182970
0.172309 0.090921 0.182777
0.172462 0.090861 0.182681
0.172636 0.090758 0.182674
0.172810 0.090655 0.182666
0.172983 0.090552 0.182660
0.173156 0.090450 0.182653
0.173348 0.090304 0.182736
0.173520 0.090202 0.182730
0.173751 0.089971 0.182994
0.173979 0.089741 0.183258
0.174130 0.089683 0.183164
0.174299 0.089582 0.183159
0.174486 0.089438 0.183246
0.174673 0.089295 0.183332
0.174933 0.088982 0.183781
0.175081 0.088924 0.183689
0.175301 0.088698 0.183959
0.175466 0.088598 0.183957
0.175630 0.088499 0.183956
0.175794 0.088400 0.183955
0.175958 0.088301 0.183954
0.176138 0.088160 0.184045
0.176301 0.088061 0.184045
0.176446 0.088005 0.183953
0.176608 0.087906 0.183953
0.176754 0.087850 0.183862
0.176899 0.087793 0.183771
0.177060 0.087695 0.183771
0.177221 0.087597 0.183772
0.177382 0.087500 0.183774
0.177526 0.087443 0.183683
0.177686 0.087346 0.183684
0.177831 0.087289 0.183594
0.177990 0.087192 0.183596
0.178134 0.087136 0.183505
0.178265 0.087120 0.183321
0.178396 0.087105 0.183137
0.178540 0.087048 0.183046
0.178685 0.086992 0.182955
0.178830 0.086936 0.182864
0.178975 0.086879 0.182773
0.179120 0.086823 0.182682
0.179277 0.086726 0.182685
0.179422 0.086670 0.182594
0.179579 0.086574 0.182598
0.179723 0.086517 0.182507
0.179868 0.086461 0.182416
0.180024 0.086365 0.182420
0.180168 0.086309 0.182330
0.180312 0.086253 0.182239
0.180456 0.086197 0.182148
0.180601 0.086140 0.182058
0.180745 0.086084 0.181967
0.180889 0.086028 0.181877
0.181033 0.085972 0.181786
0.181178 0.085916 0.181696
0.181322 0.085860 0.181605
0.181466 0.085804 0.181514
0.181610 0.085747 0.181424
0.181754 0.085691 0.181333
0.181890 0.085674 0.181146
0.182223 0.085967 0.179713
0.182386 0.085833 0.179814
0.182532 0.085776 0.179722
0.182679 0.085719 0.179630
0.182833 0.085624 0.179636
0.182979 0.085567 0.179544
0.183104 0.085624 0.179159
0.183418 0.085396 0.179268
0.183584 0.085226 0.179470
0.183736 0.085132 0.179477
0.183881 0.085075 0.179385
0.184027 0.085018 0.179294
0.184167 0.084999 0.179104
0.184307 0.084980 0.178914
0.184442 0.084998 0.178625
0.184578 0.085015 0.178335
0.184715 0.085032 0.178045
0.184853 0.085049 0.177755
0.184996 0.085029 0.177563
0.185139 0.085008 0.177371
0.185279 0.085024 0.177079
0.185424 0.085003 0.176886
0.185569 0.084982 0.176693
0.185717 0.084924 0.176600
0.185863 0.084903 0.176406
0.186009 0.084881 0.176213
0.186155 0.084860 0.176019
0.186299 0.084874 0.175724
0.186447 0.084852 0.175529
0.186592 0.084866 0.175234
0.186741 0.084844 0.175039
0.186888 0.084857 0.174742
0.187039 0.084798 0.174648
0.187188 0.084775 0.174452
0.187338 0.084752 0.174255
0.187489 0.084729 0.174059
0.187640 0.084705 0.173862
0.187791 0.084682 0.173665
0.187943 0.084658 0.173468
0.188095 0.084634 0.173270
0.188247 0.084645 0.172970
0.188400 0.084621 0.172772
0.188554 0.084596 0.172574
0.188708 0.084606 0.172272
0.188862 0.084547 0.172176
0.189017 0.084522 0.171977
0.189172 0.084497 0.171777
0.189326 0.084437 0.171681
0.189480 0.084377 0.171584
0.189634 0.084317 0.171487
0.189788 0.084257 0.171390
0.189942 0.084197 0.171293
0.190665 0.089277 0.155333
0.190850 0.089205 0.155216
0.169152 0.092164 0.184040
0.169332 0.092059 0.184029
0.169486 0.091999 0.183933
0.169665 0.091894 0.183922
0.169819 0.091834 0.183826
0.169998 0.091730 0.183816
0.170176 0.091626 0.183806
0.170329 0.091566 0.183710
0.170483 0.091506 0.183613
0.170660 0.091402 0.183604
0.170837 0.091298 0.183595
0.170990 0.091239 0.183499
0.171143 0.091179 0.183403
0.171297 0.091119 0.183306
0.171450 0.091060 0.183210
0.171625 0.090956 0.183202
0.171778 0.090897 0.183106
0.171910 0.090881 0.182921
0.172586 0.090512 0.182803
0.172738 0.090453 0.182707
0.172911 0.090351 0.182701
0.173084 0.090248 0.182694
0.173257 0.090146 0.182688
0.173469 0.089959 0.182862
0.173660 0.089814 0.182946
0.173889 0.089585 0.183211
0.174039 0.089526 0.183116
0.174567 0.088901 0.184011
0.174714 0.088843 0.183918
0.174899 0.088701 0.184006
0.175083 0.088560 0.184095
0.175266 0.088418 0.184184
0.175431 0.088319 0.184183
0.175595 0.088221 0.184182
0.175758 0.088122 0.184182
0.175921 0.088023 0.184182
0.176101 0.087883 0.184273
0.176263 0.087785 0.184273
0.176408 0.087729 0.184182
0.176554 0.087672 0.184091
0.176715 0.087574 0.184092
0.176860 0.087518 0.184001
0.177020 0.087420 0.184002
0.177181 0.087323 0.184004
0.177325 0.087267 0.183913
0.177470 0.087211 0.183822
0.177614 0.087154 0.183731
0.177773 0.087057 0.183734
0.177917 0.087001 0.183643
0.178062 0.086945 0.183552
0.178192 0.086929 0.183369
0.178336 0.086873 0.183278
0.178467 0.086857 0.183094
0.178611 0.086801 0.183003
0.178756 0.086745 0.182912
0.178901 0.086688 0.182821
0.179045 0.086632 0.182730
0.179190 0.086576 0.182639
0.179347 0.086480 0.182643
0.179504 0.086384 0.182646
0.179648 0.086327 0.182556
0.179792 0.086271 0.182465
0.179937 0.086215 0.182375
0.180081 0.086159 0.182284
0.180225 0.086103 0.182193
0.180369 0.086047 0.182103
0.180514 0.085990 0.182012
0.180669 0.085895 0.182017
0.180813 0.085839 0.181927
0.180957 0.085783 0.181836
0.181101 0.085727 0.181746
0.181235 0.085710 0.181559
0.181379 0.085654 0.181469
0.181533 0.085559 0.181474
0.181677 0.085503 0.181384
0.181812 0.085485 0.181197
0.182298 0.085681 0.179768
0.182468 0.085510 0.179967
0.182614 0.085453 0.179876
0.182768 0.085358 0.179881
0.182921 0.085263 0.179887
0.183066 0.085207 0.179796
0.183371 0.085018 0.179809
0.183516 0.084962 0.179718
0.183661 0.084905 0.179627
0.183806 0.084849 0.179536
0.183951 0.084792 0.179445
0.184096 0.084736 0.179354
0.184236 0.084717 0.179164
0.184370 0.084734 0.178875
0.184505 0.084752 0.178586
0.184646 0.084732 0.178395
0.184783 0.084748 0.178105
0.184921 0.084765 0.177814
0.185063 0.084744 0.177622
0.185202 0.084760 0.177331
0.185346 0.084739 0.177138
0.185490 0.084718 0.176945
0.185635 0.084697 0.176752
0.185780 0.084675 0.176559
0.185925 0.084654 0.176366
0.186071 0.084632 0.176172
0.186214 0.084646 0.175878
0.186359 0.084660 0.175583
0.186506 0.084638 0.175388
0.186652 0.084651 0.175092
0.186800 0.084628 0.174897
0.186951 0.084570 0.174802
0.187099 0.084582 0.174505
0.187248 0.084559 0.174309
0.187398 0.084535 0.174112
0.187549 0.084512 0.173916
0.187700 0.084488 0.173719
0.187851 0.084499 0.173420
0.188003 0.084475 0.173222
0.188155 0.084486 0.172922
0.188308 0.084461 0.172724
0.188461 0.084402 0.172628
0.188615 0.084412 0.172326
0.188769 0.084387 0.172127
0.188923 0.084327 0.172031
0.189078 0.084302 0.171831
0.189232 0.084242 0.171735
0.189386 0.084182 0.171638
0.189539 0.084122 0.171542
0.189691 0.084028 0.171548
0.189845 0.083968 0.171452
0.190001 0.083942 0.171252
0.190155 0.083882 0.171155
0.190746 0.089114 0.154846
0.190932 0.089041 0.154729
0.168750 0.092124 0.184185
0.168905 0.092064 0.184088
0.169085 0.091959 0.184078
0.169239 0.091899 0.183981
0.169393 0.091839 0.183884
0.169572 0.091734 0.183874
0.169726 0.091674 0.183777
0.169880 0.091614 0.183680
0.170083 0.091466 0.183757
0.170237 0.091406 0.183661
0.170390 0.091346 0.183564
0.170567 0.091242 0.183555
0.170744 0.091139 0.183547
0.170898 0.091079 0.183450
0.171051 0.091020 0.183354
0.171204 0.090960 0.183258
0.171357 0.090900 0.183162
0.171533 0.090797 0.183154
0.171686 0.090737 0.183057
0.171839 0.090678 0.182961
0.172494 0.090354 0.182755
0.172688 0.090208 0.182837
0.172840 0.090149 0.182742
0.173013 0.090047 0.182736
0.173165 0.089988 0.182640
0.173377 0.089801 0.182814
0.173529 0.089742 0.182719
0.174554 0.088579 0.184325
0.174720 0.088479 0.184324
0.174885 0.088380 0.184322
0.175068 0.088239 0.184411
0.175214 0.088182 0.184320
0.175378 0.088084 0.184319
0.175542 0.087985 0.184318
0.175705 0.087887 0.184318
0.175868 0.087789 0.184318
0.176031 0.087691 0.184318
0.176193 0.087593 0.184319
0.176355 0.087495 0.184320
0.176499 0.087439 0.184229
0.176644 0.087383 0.184138
0.176805 0.087285 0.184139
0.176949 0.087229 0.184049
0.177109 0.087132 0.184050
0.177254 0.087076 0.183960
0.177398 0.087020 0.183869
0.177557 0.086923 0.183871
0.177701 0.086867 0.183781
0.177830 0.086851 0.183597
0.177975 0.086795 0.183507
0.178119 0.086739 0.183416
0.178263 0.086683 0.183326
0.178393 0.086667 0.183141
0.178538 0.086611 0.183051
0.178682 0.086554 0.182960
0.178827 0.086498 0.182869
0.178971 0.086442 0.182779
0.179116 0.086386 0.182688
0.179273 0.086290 0.182691
0.179417 0.086234 0.182601
0.179561 0.086177 0.182510
0.179705 0.086121 0.182420
0.179862 0.086026 0.182424
0.180006 0.085970 0.182333
0.180150 0.085914 0.182243
0.180294 0.085857 0.182153
0.180438 0.085801 0.182062
0.180582 0.085745 0.181972
0.180726 0.085689 0.181881
0.180880 0.085594 0.181886
0.181024 0.085538 0.181796
0.181158 0.085521 0.181610
0.181312 0.085426 0.181615
0.181455 0.085370 0.181525
0.181599 0.085314 0.181435
0.181734 0.085297 0.181248
0.181869 0.085279 0.181061
0.182397 0.085282 0.180115
0.182542 0.085225 0.180024
0.182703 0.085093 0.180128
0.182848 0.085037 0.180036
0.183001 0.084943 0.180043
0.183145 0.084886 0.179952
0.183297 0.084792 0.179959
0.183442 0.084736 0.179868
0.183593 0.084642 0.179876
0.183738 0.084586 0.179785
0.183876 0.084567 0.179596
0.184020 0.084511 0.179505
0.184159 0.084491 0.179315
0.184299 0.084472 0.179125
0.184433 0.084489 0.178836
0.184568 0.084506 0.178547
0.184709 0.084486 0.178356
0.184846 0.084502 0.178066
0.184988 0.084482 0.177874
0.185126 0.084497 0.177583
0.185269 0.084476 0.177391
0.185409 0.084492 0.177098
0.185556 0.084434 0.177006
0.185701 0.084413 0.176813
0.185845 0.084391 0.176619
0.185987 0.084405 0.176326
0.186133 0.084383 0.176132
0.186276 0.084397 0.175837
0.186423 0.084375 0.175643
0.186568 0.084388 0.175347
0.186714 0.084401 0.175051
0.186864 0.084342 0.174957
0.187011 0.084354 0.174660
0.187160 0.084331 0.174464
0.187308 0.084343 0.174166
0.187458 0.084319 0.173969
0.187609 0.084295 0.173772
0.187759 0.084306 0.173473
0.187911 0.084282 0.173276
0.188063 0.084292 0.172976
0.188216 0.084267 0.172778
0.188369 0.084243 0.172579
0.188522 0.084183 0.172483
0.188675 0.084158 0.172284
0.188829 0.084133 0.172085
0.188984 0.084107 0.171886
0.189138 0.084048 0.171789
0.189290 0.083953 0.171796
0.189443 0.083894 0.171700
0.189597 0.083834 0.171603
0.189750 0.083774 0.171507
0.189904 0.083715 0.171410
0.190057 0.083655 0.171314
0.190832 0.088982 0.154254
0.168657 0.091963 0.184136
0.168837 0.091858 0.184126
0.168992 0.091798 0.184029
0.169146 0.091738 0.183932
0.169325 0.091634 0.183922
0.169479 0.091574 0.183825
0.169633 0.091514 0.183728
0.169812 0.091410 0.183718
0.169966 0.091350 0.183622
0.170120 0.091290 0.183525
0.170298 0.091186 0.183516
0.170475 0.091083 0.183507
0.170628 0.091023 0.183411
0.170805 0.090920 0.183402
0.170958 0.090860 0.183306
0.171112 0.090800 0.183209
0.171265 0.090741 0.183113
0.171441 0.090638 0.183105
0.171594 0.090578 0.183009
0.171747 0.090519 0.182913
0.172596 0.090050 0.182789
0.172748 0.089991 0.182694
0.172921 0.089889 0.182688
0.173073 0.089830 0.182592
0.174542 0.088258 0.184641
0.174707 0.088159 0.184639
0.174853 0.088102 0.184548
0.175017 0.088004 0.184547
0.175181 0.087906 0.184546
0.175327 0.087849 0.184455
0.175472 0.087792 0.184364
0.175635 0.087694 0.184364
0.175781 0.087638 0.184272
0.175943 0.087540 0.184273
0.176123 0.087401 0.184365
0.176267 0.087345 0.184274
0.176429 0.087248 0.184275
0.176573 0.087191 0.184184
0.176734 0.087094 0.184186
0.176878 0.087038 0.184095
0.177022 0.086982 0.184005
0.177182 0.086885 0.184007
0.177326 0.086829 0.183916
0.177470 0.086773 0.183826
0.177614 0.086717 0.183735
0.177758 0.086661 0.183645
0.177902 0.086605 0.183554
0.178046 0.086549 0.183464
0.178190 0.086493 0.183373
0.178320 0.086477 0.183189
0.178465 0.086420 0.183099
0.178609 0.086364 0.183008
0.178753 0.086308 0.182918
0.178897 0.086252 0.182827
0.179041 0.086196 0.182736
0.179186 0.086140 0.182646
0.179343 0.086044 0.182650
0.179487 0.085988 0.182559
0.179631 0.085932 0.182469
0.179775 0.085876 0.182378
0.179919 0.085820 0.182288
0.180063 0.085764 0.182197
0.180207 0.085708 0.182107
0.180362 0.085613 0.182112
0.180506 0.085557 0.182022
0.180650 0.085501 0.181931
0.180793 0.085445 0.181841
0.180937 0.085389 0.181751
0.181081 0.085333 0.181660
0.181225 0.085277 0.181570
0.181369 0.085221 0.181480
0.181512 0.085165 0.181389
0.181656 0.085109 0.181299
0.181791 0.085091 0.181112
0.181926 0.085073 0.180925
0.182062 0.085055 0.180737
0.182197 0.085036 0.180549
0.182342 0.084980 0.180458
0.182487 0.084923 0.180368
0.182631 0.084867 0.180277
0.182784 0.084773 0.180283
0.182936 0.084680 0.180291
0.183080 0.084624 0.180200
0.183224 0.084567 0.180109
0.183368 0.084511 0.180019
0.183519 0.084418 0.180026
0.183663 0.084362 0.179936
0.183801 0.084343 0.179747
0.183945 0.084287 0.179656
0.184084 0.084267 0.179467
0.184222 0.084248 0.179277
0.184356 0.084265 0.178988
0.184496 0.084245 0.178798
0.184631 0.084261 0.178508
0.184772 0.084241 0.178318
0.184909 0.084256 0.178027
0.185051 0.084236 0.177835
0.185193 0.084215 0.177643
0.185331 0.084230 0.177351
0.185475 0.084208 0.177159
0.185622 0.084151 0.177066
0.185766 0.084130 0.176874
0.185910 0.084108 0.176681
0.186052 0.084122 0.176387
0.186197 0.084100 0.176193
0.186341 0.084113 0.175898
0.186485 0.084126 0.175603
0.186629 0.084138 0.175307
0.186779 0.084080 0.175213
0.186925 0.084092 0.174916
0.187072 0.084104 0.174619
0.187220 0.084115 0.174321
0.187368 0.084127 0.174023
0.187518 0.084103 0.173826
0.187668 0.084113 0.173527
0.187819 0.084123 0.173228
0.187971 0.084099 0.173030
0.188123 0.084074 0.172832
0.188276 0.084049 0.172633
0.188429 0.084024 0.172435
0.188582 0.083964 0.172339
0.188736 0.083939 0.172140
0.188889 0.083879 0.172043
0.189043 0.083820 0.171947
0.189196 0.083760 0.171851
0.189349 0.083700 0.171754
0.189502 0.083641 0.171658
0.189656 0.083581 0.171562
0.189809 0.083521 0.171466
0.189962 0.083462 0.171369
0.190727 0.088889 0.153882
0.190915 0.088816 0.153765
0.168409 0.091862 0.184185
0.168564 0.091802 0.184088
0.168744 0.091698 0.184077
0.168898 0.091638 0.183980
0.169053 0.091578 0.183883
0.169232 0.091474 0.183873
0.169386 0.091414 0.183776
0.169565 0.091310 0.183766
0.169719 0.091250 0.183670
0.169873 0.091190 0.183573
0.170027 0.091130 0.183476
0.170205 0.091027 0.183467
0.170358 0.090967 0.183371
0.170536 0.090863 0.183362
0.170713 0.090760 0.183353
0.170866 0.090701 0.183257
0.171019 0.090641 0.183161
0.171172 0.090581 0.183065
0.171326 0.090522 0.182968
0.171479 0.090462 0.182872
0.174347 0.088079 0.184867
0.174492 0.088023 0.184775
0.174657 0.087924 0.184774
0.174803 0.087868 0.184683
0.174948 0.087811 0.184592
0.175094 0.087754 0.184500
0.175239 0.087698 0.184409
0.175403 0.087600 0.184409
0.175566 0.087502 0.184409
0.175711 0.087446 0.184318
0.175873 0.087348 0.184318
0.176035 0.087251 0.184319
0.176180 0.087194 0.184228
0.176341 0.087097 0.184229
0.176486 0.087041 0.184139
0.176647 0.086944 0.184140
0.176791 0.086888 0.184050
0.176951 0.086791 0.184052
0.177095 0.086735 0.183961
0.177239 0.086679 0.183871
0.177383 0.086623 0.183780
0.177543 0.086527 0.183783
0.177686 0.086471 0.183692
0.177830 0.086415 0.183602
0.177974 0.086359 0.183512
0.178118 0.086303 0.183421
0.178262 0.086247 0.183331
0.178391 0.086231 0.183147
0.178536 0.086175 0.183057
0.178680 0.086119 0.182966
0.178824 0.086062 0.182876
0.178968 0.086006 0.182785
0.179112 0.085950 0.182695
0.179256 0.085894 0.182604
0.179400 0.085838 0.182514
0.179556 0.085743 0.182518
0.179700 0.085687 0.182428
0.179844 0.085631 0.182337
0.179987 0.085575 0.182247
0.180131 0.085519 0.182157
0.180275 0.085463 0.182067
0.180419 0.085407 0.181976
0.180563 0.085351 0.181886
0.180707 0.085295 0.181796
0.180861 0.085201 0.181801
0.181004 0.085145 0.181711
0.181148 0.085089 0.181621
0.181292 0.085033 0.181531
0.181435 0.084977 0.181440
0.181579 0.084921 0.181350
0.181713 0.084903 0.181163
0.181848 0.084885 0.180976
0.181992 0.084829 0.180885
0.182127 0.084810 0.180698
0.182272 0.084754 0.180607
0.182416 0.084698 0.180517
0.182560 0.084642 0.180426
0.182712 0.084549 0.180433
0.182856 0.084492 0.180343
0.183000 0.084436 0.180252
0.183151 0.084343 0.180260
0.183295 0.084287 0.180170
0.183439 0.084231 0.180079
0.183583 0.084175 0.179989
0.183727 0.084119 0.179899
0.183864 0.084100 0.179709
0.184002 0.084080 0.179520
0.184141 0.084061 0.179331
0.184280 0.084041 0.179141
0.184419 0.084021 0.178951
0.184559 0.084001 0.178760
0.184694 0.084017 0.178470
0.184835 0.083996 0.178279
0.184971 0.084011 0.177988
0.185113 0.083990 0.177797
0.185255 0.083969 0.177605
0.185398 0.083948 0.177413
0.185541 0.083927 0.177220
0.185684 0.083905 0.177028
0.185828 0.083883 0.176835
0.185972 0.083861 0.176642
0.186117 0.083839 0.176448
0.186259 0.083852 0.176154
0.186405 0.083830 0.175960
0.186546 0.083877 0.175563
0.186695 0.083819 0.175469
0.186840 0.083831 0.175173
0.186986 0.083843 0.174876
0.187132 0.083889 0.174477
0.187279 0.083900 0.174179
0.187428 0.083910 0.173880
0.187578 0.083886 0.173683
0.187729 0.083896 0.173384
0.187880 0.083906 0.173084
0.188032 0.083847 0.172988
0.188184 0.083856 0.172688
0.188337 0.083796 0.172592
0.188490 0.083771 0.172393
0.188643 0.083745 0.172194
0.188796 0.083686 0.172098
0.188949 0.083626 0.172002
0.189102 0.083567 0.171906
0.189255 0.083507 0.171810
0.189408 0.083448 0.171713
0.189561 0.083388 0.171617
0.189714 0.083328 0.171521
0.189867 0.083269 0.171425
0.168162 0.091762 0.184233
0.168342 0.091657 0.184222
0.168497 0.091597 0.184125
0.168651 0.091537 0.184028
0.168805 0.091477 0.183931
0.168985 0.091373 0.183921
0.169139 0.091313 0.183824
0.169293 0.091253 0.183727
0.169472 0.091150 0.183718
0.169626 0.091090 0.183621
0.169780 0.091030 0.183524
0.169934 0.090970 0.183428
0.170112 0.090867 0.183419
0.170266 0.090807 0.183322
0.170443 0.090704 0.183313
0.170597 0.090644 0.183217
0.170773 0.090541 0.183209
0.170927 0.090482 0.183113
0.171080 0.090422 0.183016
0.171233 0.090362 0.182920
0.171386 0.090303 0.182824
0.174278 0.087886 0.184911
0.174424 0.087829 0.184820
0.174569 0.087773 0.184728
0.174715 0.087716 0.184637
0.174860 0.087660 0.184546
0.175006 0.087603 0.184454
0.175151 0.087546 0.184363
0.175315 0.087449 0.184363
0.175478 0.087351 0.184363
0.175623 0.087295 0.184272
0.175786 0.087197 0.184273
0.175948 0.087100 0.184273
0.176110 0.087003 0.184275
0.176254 0.086947 0.184184
0.176415 0.086850 0.184185
0.176560 0.086794 0.184095
0.176720 0.086698 0.184097
0.176864 0.086642 0.184006
0.177008 0.086586 0.183916
0.177168 0.086489 0.183918
0.177312 0.086433 0.183828
0.177456 0.086377 0.183737
0.177600 0.086321 0.183647
0.177743 0.086265 0.183557
0.177887 0.086209 0.183466
0.178031 0.086153 0.183376
0.178175 0.086097 0.183286
0.178319 0.086041 0.183195
0.178462 0.085985 0.183105
0.178606 0.085929 0.183015
0.178750 0.085873 0.182924
0.178894 0.085817 0.182834
0.179038 0.085761 0.182744
0.179182 0.085705 0.182653
0.179325 0.085649 0.182563
0.179469 0.085594 0.182473
0.179613 0.085538 0.182382
0.179757 0.085482 0.182292
0.179901 0.085426 0.182202
0.180045 0.085370 0.182111
0.180200 0.085275 0.182117
0.180343 0.085219 0.182026
0.180487 0.085163 0.181936
0.180631 0.085107 0.181846
0.180774 0.085051 0.181756
0.180928 0.084958 0.181762
0.181072 0.084902 0.181672
0.181205 0.084884 0.181485
0.181358 0.084790 0.181492
0.181502 0.084734 0.181401
0.181636 0.084716 0.181215
0.181770 0.084698 0.181027
0.181914 0.084642 0.180937
0.182049 0.084623 0.180750
0.182193 0.084567 0.180659
0.182337 0.084511 0.180569
0.182489 0.084418 0.180576
0.182633 0.084362 0.180485
0.182777 0.084306 0.180395
0.182921 0.084250 0.180305
0.183065 0.084194 0.180214
0.183209 0.084138 0.180124
0.183352 0.084082 0.180034
0.183496 0.084026 0.179943
0.183640 0.083970 0.179853
0.183784 0.083914 0.179763
0.183922 0.083894 0.179574
0.184060 0.083874 0.179384
0.184204 0.083818 0.179293
0.184343 0.083798 0.179104
0.184476 0.083814 0.178814
0.184616 0.083793 0.178623
0.184756 0.083773 0.178433
0.184897 0.083752 0.178242
0.185034 0.083767 0.177950
0.185175 0.083746 0.177759
0.185317 0.083724 0.177567
0.185463 0.083667 0.177475
0.185606 0.083646 0.177283
0.185749 0.083624 0.177090
0.185893 0.083602 0.176897
0.186037 0.083580 0.176704
0.186181 0.083558 0.176511
0.186323 0.083571 0.176216
0.186466 0.083583 0.175921
0.186614 0.083525 0.175828
0.186756 0.083572 0.175430
0.186901 0.083583 0.175134
0.187047 0.083594 0.174836
0.187188 0.083743 0.174131
0.187339 0.083684 0.174037
0.187488 0.083694 0.173738
0.187639 0.083670 0.173540
0.187789 0.083679 0.173241
0.187940 0.083654 0.173043
0.188092 0.083629 0.172845
0.188244 0.083604 0.172646
0.188397 0.083578 0.172448
0.188550 0.083519 0.172352
0.188703 0.083493 0.172153
0.188856 0.083433 0.172057
0.189009 0.083374 0.171961
0.189162 0.083314 0.171865
0.189314 0.083255 0.171769
0.189466 0.083162 0.171776
0.189618 0.083103 0.171681
0.189771 0.083043 0.171585
0.189924 0.082984 0.171489
0.167759 0.091721 0.184378
0.167914 0.091661 0.184281
0.168095 0.091557 0.184270
0.168249 0.091497 0.184173
0.168404 0.091437 0.184076
0.168558 0.091377 0.183979
0.168712 0.091317 0.183883
0.168892 0.091213 0.183872
0.169046 0.091153 0.183776
0.169200 0.091093 0.183679
0.169380 0.090990 0.183669
0.169533 0.090930 0.183572
0.169687 0.090870 0.183476
0.169841 0.090810 0.183379
0.170019 0.090707 0.183370
0.170197 0.090604 0.183361
0.170351 0.090544 0.183265
0.170528 0.090442 0.183257
0.170681 0.090382 0.183160
0.170834 0.090322 0.183064
0.171010 0.090220 0.183056
0.171163 0.090160 0.182960
0.171294 0.090143 0.182775
0.171537 0.089914 0.183034
0.171689 0.089854 0.182938
0.174191 0.087735 0.184865
0.174336 0.087678 0.184774
0.174482 0.087622 0.184682
0.174627 0.087565 0.184591
0.174772 0.087508 0.184500
0.174937 0.087411 0.184499
0.175082 0.087354 0.184408
0.175227 0.087298 0.184317
0.175391 0.087200 0.184317
0.175536 0.087144 0.184226
0.175698 0.087047 0.184227
0.175861 0.086950 0.184228
0.176023 0.086853 0.184229
0.176167 0.086797 0.184138
0.176328 0.086700 0.184140
0.176489 0.086604 0.184141
0.176633 0.086548 0.184051
0.176777 0.086492 0.183961
0.176921 0.086436 0.183870
0.177081 0.086340 0.183873
0.177225 0.086284 0.183782
0.177369 0.086228 0.183692
0.177513 0.086172 0.183602
0.177657 0.086116 0.183511
0.177800 0.086060 0.183421
0.177959 0.085964 0.183424
0.178102 0.085909 0.183334
0.178246 0.085853 0.183244
0.178390 0.085797 0.183154
0.178533 0.085741 0.183063
0.178677 0.085685 0.182973
0.178807 0.085668 0.182789
0.178951 0.085612 0.182698
0.179095 0.085556 0.182608
0.179239 0.085500 0.182518
0.179395 0.085405 0.182522
0.179539 0.085349 0.182432
0.179682 0.085293 0.182342
0.179826 0.085238 0.182252
0.179969 0.085182 0.182161
0.180113 0.085126 0.182071
0.180268 0.085032 0.182077
0.180411 0.084976 0.181987
0.180555 0.084920 0.181897
0.180698 0.084864 0.181807
0.180842 0.084808 0.181716
0.180985 0.084753 0.181626
0.181129 0.084697 0.181536
0.181272 0.084641 0.181446
0.181415 0.084585 0.181356
0.181549 0.084567 0.181169
0.181693 0.084511 0.181079
0.181827 0.084492 0.180892
0.181971 0.084436 0.180801
0.182115 0.084380 0.180711
0.182259 0.084324 0.180621
0.182403 0.084268 0.180530
0.182546 0.084212 0.180440
0.182698 0.084119 0.180448
0.182842 0.084063 0.180357
0.182985 0.084008 0.180267
0.183129 0.083952 0.180177
0.183273 0.083896 0.180087
0.183416 0.083840 0.179997
0.183560 0.083784 0.179906
0.183697 0.083764 0.179717
0.183841 0.083708 0.179627
0.183979 0.083688 0.179438
0.184123 0.083632 0.179347
0.184261 0.083612 0.179157
0.184400 0.083592 0.178967
0.184539 0.083571 0.178777
0.184679 0.083550 0.178586
0.184819 0.083530 0.178395
0.184955 0.083544 0.178104
0.185100 0.083488 0.178013
0.185237 0.083502 0.177721
0.185383 0.083445 0.177629
0.185525 0.083423 0.177437
0.185668 0.083401 0.177245
0.185811 0.083379 0.177052
0.185954 0.083357 0.176859
0.186098 0.083335 0.176666
0.186242 0.083313 0.176473
0.186384 0.083325 0.176178
0.186531 0.083267 0.176085
0.186675 0.083279 0.175789
0.186819 0.083290 0.175493
0.186964 0.083301 0.175196
0.187108 0.083346 0.174797
0.187253 0.083391 0.174397
0.187401 0.083401 0.174099
0.187549 0.083444 0.173697
0.187699 0.083419 0.173500
0.187849 0.083428 0.173200
0.188001 0.083403 0.173002
0.188153 0.083378 0.172804
0.188305 0.083352 0.172605
0.188457 0.083326 0.172407
0.188610 0.083267 0.172311
0.188762 0.083208 0.172215
0.188915 0.083148 0.172119
0.189067 0.083089 0.172024
0.189219 0.083030 0.171928
0.189372 0.082970 0.171832
0.189524 0.082911 0.171736
0.189677 0.082852 0.171641
0.189829 0.082792 0.171545
0.189982 0.082733 0.171449
0.167666 0.091561 0.184329
0.167848 0.091457 0.184318
0.168002 0.091397 0.184221
0.168156 0.091337 0.184124
0.168311 0.091276 0.184028
0.168465 0.091216 0.183931
0.168619 0.091156 0.183834
0.168799 0.091053 0.183824
0.168979 0.090949 0.183814
0.169133 0.090889 0.183717
0.169287 0.090830 0.183620
0.169441 0.090770 0.183524
0.169619 0.090667 0.183515
0.169773 0.090607 0.183418
0.169951 0.090504 0.183409
0.170129 0.090401 0.183401
0.170282 0.090342 0.183304
0.170459 0.090239 0.183296
0.170636 0.090137 0.183288
0.170788 0.090078 0.183192
0.170964 0.089976 0.183185
0.171117 0.089916 0.183089
0.171445 0.089755 0.182986
0.171597 0.089696 0.182890
0.174123 0.087542 0.184910
0.174268 0.087486 0.184819
0.174394 0.087470 0.184636
0.174539 0.087414 0.184545
0.174685 0.087357 0.184454
0.174849 0.087260 0.184454
0.174994 0.087203 0.184362
0.175140 0.087146 0.184271
0.175303 0.087049 0.184271
0.175448 0.086993 0.184180
0.175629 0.086856 0.184273
0.175773 0.086799 0.184182
0.175936 0.086703 0.184183
0.176080 0.086647 0.184092
0.176241 0.086550 0.184094
0.176402 0.086454 0.184096
0.176546 0.086398 0.184006
0.176690 0.086342 0.183915
0.176835 0.086286 0.183825
0.176995 0.086190 0.183827
0.177138 0.086134 0.183737
0.177282 0.086078 0.183646
0.177426 0.086022 0.183556
0.177570 0.085966 0.183466
0.177714 0.085910 0.183375
0.177872 0.085815 0.183379
0.178016 0.085759 0.183289
0.178159 0.085703 0.183198
0.178303 0.085647 0.183108
0.178447 0.085591 0.183018
0.178590 0.085535 0.182928
0.178734 0.085480 0.182838
0.178878 0.085424 0.182747
0.179021 0.085368 0.182657
0.179165 0.085312 0.182567
0.179308 0.085256 0.182477
0.179464 0.085162 0.182482
0.179608 0.085106 0.182392
0.179751 0.085050 0.182302
0.179895 0.084994 0.182212
0.180038 0.084938 0.182121
0.180182 0.084883 0.182031
0.180325 0.084827 0.181941
0.180468 0.084771 0.181851
0.180612 0.084715 0.181761
0.180755 0.084659 0.181671
0.180899 0.084603 0.181581
0.181042 0.084548 0.181491
0.181185 0.084492 0.181401
0.181329 0.084436 0.181311
0.181472 0.084380 0.181221
0.181616 0.084324 0.181131
0.181750 0.084305 0.180943
0.181893 0.084250 0.180853
0.182037 0.084194 0.180763
0.182172 0.084174 0.180575
0.182324 0.084082 0.180583
0.182468 0.084026 0.180492
0.182611 0.083970 0.180402
0.182755 0.083914 0.180312
0.182899 0.083858 0.180222
0.183042 0.083802 0.180132
0.183186 0.083746 0.180041
0.183330 0.083690 0.179951
0.183473 0.083634 0.179861
0.183617 0.083579 0.179771
0.183754 0.083559 0.179581
0.183898 0.083503 0.179491
0.184036 0.083482 0.179302
0.184180 0.083426 0.179211
0.184318 0.083406 0.179021
0.184457 0.083385 0.178831
0.184596 0.083364 0.178640
0.184736 0.083343 0.178449
0.184876 0.083322 0.178258
0.185017 0.083301 0.178067
0.185158 0.083280 0.177876
0.185299 0.083258 0.177684
0.185441 0.083236 0.177492
0.185583 0.083214 0.177299
0.185726 0.083192 0.177107
0.185872 0.083135 0.177015
0.186012 0.083148 0.176721
0.186156 0.083125 0.176528
0.186300 0.083102 0.176334
0.186447 0.083045 0.176242
0.186592 0.083022 0.176048
0.186735 0.083033 0.175752
0.186878 0.083078 0.175353
0.187023 0.083089 0.175056
0.187169 0.083099 0.174758
0.187315 0.083108 0.174460
0.187462 0.083152 0.174059
0.187610 0.083161 0.173760
0.187760 0.083169 0.173460
0.187910 0.083178 0.173159
0.188061 0.083152 0.172961
0.188213 0.083127 0.172763
0.188365 0.083101 0.172565
0.188517 0.083042 0.172469
0.188670 0.083016 0.172270
0.188822 0.082957 0.172175
0.188974 0.082897 0.172079
0.189126 0.082838 0.171983
0.189278 0.082779 0.171888
0.189431 0.082720 0.171792
0.189583 0.082660 0.171697
0.189735 0.082601 0.171601
0.189887 0.082542 0.171505
0.162585 0.095698 0.180089
0.167391 0.091504 0.184292
0.167600 0.091356 0.184366
0.167755 0.091296 0.184269
0.167909 0.091236 0.184173
0.168063 0.091176 0.184076
0.168244 0.091072 0.184065
0.168398 0.091012 0.183968
0.168552 0.090953 0.183872
0.168706 0.090893 0.183775
0.168886 0.090789 0.183765
0.169040 0.090729 0.183668
0.169194 0.090670 0.183572
0.169373 0.090567 0.183563
0.169526 0.090507 0.183466
0.169705 0.090404 0.183457
0.169883 0.090302 0.183449
0.170060 0.090199 0.183440
0.170238 0.090097 0.183432
0.170414 0.089995 0.183424
0.170591 0.089893 0.183417
0.170743 0.089834 0.183321
0.170919 0.089732 0.183314
0.171071 0.089673 0.183218
0.171246 0.089572 0.183211
0.171421 0.089471 0.183205
0.171595 0.089370 0.183198
0.171747 0.089311 0.183103
0.174035 0.087391 0.184864
0.174180 0.087335 0.184773
0.174326 0.087278 0.184681
0.174471 0.087222 0.184590
0.174616 0.087165 0.184499
0.174761 0.087108 0.184408
0.174888 0.087092 0.184225
0.175052 0.086995 0.184225
0.175215 0.086898 0.184226
0.175361 0.086842 0.184134
0.175542 0.086705 0.184227
0.175686 0.086649 0.184136
0.175848 0.086553 0.184138
0.175993 0.086496 0.184047
0.176154 0.086400 0.184049
0.176299 0.086344 0.183958
0.176460 0.086248 0.183960
0.176604 0.086192 0.183870
0.176748 0.086136 0.183779
0.176908 0.086041 0.183782
0.177052 0.085985 0.183691
0.177195 0.085929 0.183601
0.177339 0.085873 0.183511
0.177483 0.085817 0.183420
0.177627 0.085761 0.183330
0.177771 0.085705 0.183240
0.177929 0.085610 0.183243
0.178073 0.085554 0.183153
0.178216 0.085498 0.183063
0.178360 0.085442 0.182973
0.178504 0.085386 0.182882
0.178647 0.085330 0.182792
0.178791 0.085274 0.182702
0.178934 0.085218 0.182612
0.179078 0.085162 0.182522
0.179235 0.085068 0.182527
0.179378 0.085013 0.182436
0.179521 0.084957 0.182346
0.179665 0.084901 0.182256
0.179808 0.084845 0.182166
0.179952 0.084789 0.182076
0.180095 0.084733 0.181986
0.180238 0.084678 0.181896
0.180382 0.084622 0.181806
0.180525 0.084566 0.181716
0.180679 0.084473 0.181722
0.180823 0.084417 0.181632
0.180966 0.084361 0.181542
0.181099 0.084343 0.181356
0.181252 0.084250 0.181362
0.181395 0.084194 0.181272
0.181529 0.084175 0.181085
0.181672 0.084119 0.180995
0.181816 0.084063 0.180905
0.181959 0.084008 0.180815
0.182103 0.083952 0.180725
0.182246 0.083896 0.180635
0.182390 0.083840 0.180545
0.182533 0.083784 0.180455
0.182676 0.083728 0.180365
0.182820 0.083673 0.180275
0.182963 0.083617 0.180185
0.183107 0.083561 0.180095
0.183243 0.083541 0.179906
0.183386 0.083485 0.179816
0.183530 0.083429 0.179725
0.183667 0.083409 0.179536
0.183811 0.083353 0.179446
0.183955 0.083297 0.179355
0.184099 0.083241 0.179265
0.184237 0.083220 0.179075
0.184375 0.083200 0.178885
0.184514 0.083179 0.178694
0.184654 0.083158 0.178504
0.184794 0.083136 0.178313
0.184934 0.083115 0.178122
0.185074 0.083093 0.177930
0.185216 0.083072 0.177738
0.185357 0.083050 0.177546
0.185499 0.083028 0.177354
0.185641 0.083005 0.177161
0.185787 0.082949 0.177070
0.185930 0.082926 0.176877
0.186073 0.082904 0.176684
0.186217 0.082881 0.176490
0.186364 0.082824 0.176398
0.186506 0.082835 0.176103
0.186651 0.082812 0.175908
0.186794 0.082822 0.175612
0.186938 0.082832 0.175315
0.187083 0.082842 0.175018
0.187229 0.082852 0.174720
0.187375 0.082895 0.174319
0.187522 0.082903 0.174020
0.187671 0.082912 0.173720
0.187820 0.082920 0.173420
0.187970 0.082928 0.173119
0.188121 0.082902 0.172921
0.188273 0.082877 0.172723
0.188425 0.082851 0.172524
0.188577 0.082792 0.172429
0.188729 0.082765 0.172230
0.188881 0.082706 0.172135
0.189033 0.082647 0.172039
0.189185 0.082588 0.171944
0.189337 0.082529 0.171848
0.189489 0.082469 0.171753
0.189641 0.082410 0.171657
0.189793 0.082351 0.171562
0.162482 0.095522 0.180036
0.166777 0.091612 0.184363
0.166932 0.091551 0.184266
0.167143 0.091403 0.184340
0.167325 0.091300 0.184329
0.167507 0.091196 0.184318
0.167661 0.091136 0.184221
0.167816 0.091076 0.184124
0.167970 0.091016 0.184027
0.168151 0.090912 0.184017
0.168305 0.090852 0.183920
0.168459 0.090792 0.183823
0.168613 0.090732 0.183726
0.168793 0.090629 0.183716
0.168947 0.090569 0.183620
0.169126 0.090467 0.183610
0.169305 0.090364 0.183601
0.169484 0.090262 0.183593
0.169637 0.090202 0.183496
0.169840 0.090057 0.183576
0.170017 0.089955 0.183568
0.170170 0.089896 0.183472
0.170346 0.089794 0.183464
0.170546 0.089650 0.183545
0.170698 0.089591 0.183450
0.170850 0.089532 0.183354
0.171026 0.089431 0.183347
0.171201 0.089330 0.183341
0.171352 0.089271 0.183246
0.171504 0.089212 0.183150
0.171655 0.089153 0.183055
0.173491 0.087451 0.185001
0.173657 0.087353 0.185000
0.173802 0.087297 0.184909
0.173947 0.087240 0.184818
0.174093 0.087184 0.184727
0.174238 0.087127 0.184635
0.174383 0.087070 0.184544
0.174528 0.087014 0.184453
0.174674 0.086957 0.184362
0.174800 0.086941 0.184179
0.174964 0.086844 0.184179
0.175128 0.086748 0.184180
0.175273 0.086691 0.184089
0.175436 0.086595 0.184089
0.175599 0.086498 0.184091
0.175761 0.086402 0.184092
0.175906 0.086346 0.184001
0.176067 0.086250 0.184003
0.176212 0.086194 0.183912
0.176356 0.086138 0.183822
0.176517 0.086042 0.183824
0.176661 0.085986 0.183734
0.176805 0.085930 0.183643
0.176949 0.085874 0.183553
0.177109 0.085779 0.183556
0.177252 0.085723 0.183465
0.177396 0.085667 0.183375
0.177540 0.085611 0.183285
0.177684 0.085555 0.183194
0.177842 0.085460 0.183198
0.177986 0.085404 0.183108
0.178130 0.085349 0.183017
0.178273 0.085293 0.182927
0.178417 0.085237 0.182837
0.178561 0.085181 0.182747
0.178704 0.085125 0.182657
0.178861 0.085031 0.182661
0.179005 0.084975 0.182571
0.179148 0.084919 0.182481
0.179291 0.084863 0.182391
0.179447 0.084770 0.182396
0.179591 0.084714 0.182307
0.179734 0.084658 0.182217
0.179877 0.084602 0.182127
0.180032 0.084509 0.182133
0.180175 0.084454 0.182043
0.180318 0.084398 0.181953
0.180461 0.084342 0.181863
0.180604 0.084287 0.181773
0.180747 0.084231 0.181684
0.180879 0.084212 0.181497
0.181023 0.084156 0.181407
0.181166 0.084101 0.181317
0.181309 0.084045 0.181227
0.181452 0.083989 0.181137
0.181595 0.083933 0.181047
0.181739 0.083878 0.180957
0.181882 0.083822 0.180867
0.182025 0.083766 0.180777
0.182168 0.083710 0.180688
0.182311 0.083655 0.180598
0.182455 0.083599 0.180508
0.182598 0.083543 0.180418
0.182741 0.083487 0.180328
0.182877 0.083468 0.180139
0.183020 0.083412 0.180049
0.183163 0.083356 0.179959
0.183307 0.083300 0.179869
0.183443 0.083280 0.179680
0.183587 0.083224 0.179590
0.183724 0.083203 0.179400
0.183868 0.083147 0.179310
0.184012 0.083091 0.179220
0.184150 0.083071 0.179030
0.184288 0.083050 0.178839
0.184427 0.083028 0.178649
0.184567 0.083007 0.178458
0.184711 0.082951 0.178367
0.184851 0.082929 0.178176
0.184991 0.082908 0.177985
0.185132 0.082886 0.177793
0.185273 0.082864 0.177601
0.185415 0.082842 0.177409
0.185557 0.082819 0.177216
0.185699 0.082797 0.177024
0.185845 0.082740 0.176932
0.185988 0.082717 0.176739
0.186131 0.082694 0.176545
0.186278 0.082637 0.176453
0.186422 0.082614 0.176260
0.186564 0.082625 0.175964
0.186707 0.082635 0.175667
0.186853 0.082611 0.175473
0.186997 0.082621 0.175175
0.187142 0.082630 0.174877
0.187288 0.082639 0.174579
0.187435 0.082648 0.174280
0.187582 0.082689 0.173878
0.187730 0.082697 0.173578
0.187880 0.082672 0.173381
0.188031 0.082679 0.173080
0.188182 0.082653 0.172882
0.188333 0.082627 0.172683
0.188485 0.082601 0.172485
0.188636 0.082542 0.172389
0.188789 0.082515 0.172190
0.188941 0.082456 0.172095
0.189092 0.082397 0.172000
0.189244 0.082338 0.171904
0.189396 0.082279 0.171809
0.189548 0.082220 0.171714
0.189700 0.082161 0.171618
0.189854 0.082134 0.171418
0.162148 0.095502 0.179921
0.162318 0.095436 0.179815
0.162518 0.095325 0.179792
0.162688 0.095259 0.179686
0.166683 0.091451 0.184314
0.166838 0.091390 0.184217
0.167049 0.091243 0.184291
0.167232 0.091139 0.184280
0.167414 0.091035 0.184269
0.167568 0.090975 0.184172
0.167723 0.090915 0.184075
0.167877 0.090855 0.183978
0.168058 0.090752 0.183968
0.168212 0.090692 0.183871
0.168366 0.090632 0.183774
0.168546 0.090529 0.183764
0.168700 0.090469 0.183668
0.168880 0.090367 0.183658
0.169059 0.090264 0.183649
0.169213 0.090204 0.183553
0.169391 0.090102 0.183544
0.169595 0.089958 0.183623
0.169772 0.089856 0.183615
0.169925 0.089797 0.183519
0.170126 0.089653 0.183600
0.170278 0.089594 0.183504
0.170455 0.089492 0.183497
0.170607 0.089433 0.183401
0.170829 0.089248 0.183572
0.171004 0.089148 0.183566
0.171225 0.088964 0.183737
0.171444 0.088781 0.183910
0.171685 0.088556 0.184172
0.171834 0.088498 0.184079
0.172117 0.088192 0.184522
0.172265 0.088134 0.184429
0.173258 0.087356 0.185047
0.173424 0.087259 0.185046
0.173569 0.087202 0.184954
0.173714 0.087146 0.184863
0.173860 0.087089 0.184772
0.174005 0.087032 0.184681
0.174150 0.086976 0.184590
0.174296 0.086919 0.184498
0.174441 0.086863 0.184407
0.174586 0.086806 0.184316
0.174712 0.086790 0.184133
0.174877 0.086693 0.184133
0.175040 0.086597 0.184134
0.175185 0.086540 0.184043
0.175349 0.086444 0.184044
0.175512 0.086348 0.184045
0.175656 0.086292 0.183954
0.175818 0.086196 0.183956
0.175963 0.086140 0.183865
0.176124 0.086044 0.183867
0.176269 0.085988 0.183776
0.176413 0.085932 0.183686
0.176557 0.085876 0.183595
0.176718 0.085780 0.183598
0.176862 0.085724 0.183507
0.177006 0.085668 0.183417
0.177150 0.085612 0.183326
0.177309 0.085517 0.183329
0.177453 0.085461 0.183239
0.177597 0.085405 0.183149
0.177741 0.085349 0.183058
0.177885 0.085293 0.182968
0.178043 0.085199 0.182972
0.178187 0.085143 0.182882
0.178330 0.085087 0.182792
0.178474 0.085031 0.182701
0.178631 0.084938 0.182706
0.178788 0.084844 0.182711
0.178931 0.084788 0.182621
0.179074 0.084732 0.182531
0.179231 0.084639 0.182537
0.179374 0.084583 0.182447
0.179529 0.084490 0.182452
0.179672 0.084434 0.182363
0.179827 0.084341 0.182369
0.179969 0.084286 0.182279
0.180100 0.084268 0.182094
0.180243 0.084212 0.182004
0.180386 0.084156 0.181914
0.180529 0.084101 0.181825
0.180671 0.084045 0.181735
0.180814 0.083990 0.181645
0.180957 0.083934 0.181556
0.181100 0.083878 0.181466
0.181243 0.083823 0.181376
0.181376 0.083804 0.181189
0.181519 0.083748 0.181099
0.181662 0.083692 0.181010
0.181805 0.083637 0.180920
0.181948 0.083581 0.180830
0.182091 0.083525 0.180740
0.182234 0.083470 0.180650
0.182377 0.083414 0.180561
0.182520 0.083358 0.180471
0.182663 0.083303 0.180381
0.182806 0.083247 0.180291
0.182949 0.083191 0.180201
0.183084 0.083171 0.180013
0.183227 0.083115 0.179923
0.183364 0.083095 0.179734
0.183507 0.083039 0.179644
0.183644 0.083019 0.179454
0.183781 0.082998 0.179264
0.183925 0.082942 0.179174
0.184063 0.082921 0.178984
0.184201 0.082900 0.178794
0.184340 0.082878 0.178603
0.184485 0.082822 0.178512
0.184624 0.082800 0.178321
0.184764 0.082779 0.178130
0.184904 0.082757 0.177939
0.185049 0.082700 0.177848
0.185185 0.082712 0.177555
0.185331 0.082656 0.177464
0.185472 0.082633 0.177271
0.185615 0.082611 0.177079
0.185757 0.082588 0.176886
0.185900 0.082565 0.176692
0.186043 0.082542 0.176499
0.186190 0.082485 0.176407
0.186333 0.082461 0.176213
0.186478 0.082438 0.176019
0.186620 0.082448 0.175723
0.186765 0.082424 0.175528
0.186909 0.082433 0.175231
0.187056 0.082409 0.175035
0.187201 0.082418 0.174737
0.187347 0.082426 0.174439
0.187494 0.082434 0.174139
0.187642 0.082442 0.173840
0.187791 0.082449 0.173539
0.187940 0.082456 0.173239
0.188091 0.082430 0.173041
0.188241 0.082437 0.172739
0.188393 0.082378 0.172644
0.188544 0.082352 0.172445
0.188696 0.082293 0.172350
0.188848 0.082266 0.172151
0.189000 0.082207 0.172056
0.189151 0.082148 0.171961
0.189303 0.082089 0.171865
0.189454 0.082030 0.171770
0.189606 0.081971 0.171675
0.189760 0.081944 0.171475
0.162014 0.095370 0.179784
0.162216 0.095260 0.179761
0.162416 0.095149 0.179739
0.162585 0.095083 0.179632
0.166618 0.091246 0.184351
0.166801 0.091142 0.184339
0.166984 0.091038 0.184328
0.167167 0.090935 0.184317
0.167321 0.090875 0.184220
0.167475 0.090815 0.184123
0.167630 0.090755 0.184026
0.167784 0.090695 0.183929
0.167938 0.090635 0.183832
0.168119 0.090532 0.183822
0.168273 0.090472 0.183726
0.168454 0.090369 0.183716
0.168607 0.090309 0.183619
0.168787 0.090207 0.183610
0.168967 0.090105 0.183601
0.169146 0.090002 0.183592
0.169324 0.089901 0.183583
0.169527 0.089757 0.183663
0.169705 0.089655 0.183655
0.169882 0.089554 0.183647
0.170059 0.089453 0.183640
0.170259 0.089310 0.183721
0.170459 0.089167 0.183803
0.170610 0.089108 0.183708
0.170785 0.089008 0.183702
0.170983 0.088866 0.183784
0.171227 0.088642 0.184046
0.171446 0.088459 0.184219
0.171595 0.088401 0.184125
0.171744 0.088343 0.184032
0.172028 0.088038 0.184475
0.172176 0.087981 0.184382
0.172690 0.087456 0.185095
0.172857 0.087359 0.185093
0.173046 0.087221 0.185182
0.173191 0.087164 0.185091
0.173336 0.087108 0.185000
0.173482 0.087051 0.184909
0.173627 0.086994 0.184817
0.173772 0.086938 0.184726
0.173917 0.086881 0.184635
0.174063 0.086825 0.184544
0.174208 0.086768 0.184452
0.174353 0.086712 0.184361
0.174498 0.086655 0.184270
0.174624 0.086638 0.184087
0.174789 0.086542 0.184087
0.174953 0.086446 0.184088
0.175098 0.086389 0.183997
0.175261 0.086293 0.183998
0.175406 0.086237 0.183907
0.175569 0.086141 0.183908
0.175731 0.086046 0.183910
0.175876 0.085989 0.183819
0.176037 0.085894 0.183821
0.176182 0.085838 0.183731
0.176326 0.085782 0.183640
0.176470 0.085726 0.183549
0.176614 0.085669 0.183459
0.176759 0.085613 0.183368
0.176919 0.085518 0.183371
0.177063 0.085462 0.183281
0.177207 0.085406 0.183190
0.177351 0.085350 0.183100
0.177510 0.085256 0.183103
0.177654 0.085200 0.183013
0.177798 0.085144 0.182923
0.177942 0.085088 0.182832
0.178100 0.084994 0.182836
0.178244 0.084938 0.182746
0.178387 0.084882 0.182656
0.178545 0.084788 0.182661
0.178702 0.084695 0.182666
0.178845 0.084639 0.182576
0.178988 0.084583 0.182486
0.179144 0.084490 0.182491
0.179300 0.084397 0.182497
0.179455 0.084304 0.182503
0.179598 0.084249 0.182413
0.179741 0.084193 0.182324
0.179895 0.084101 0.182330
0.180038 0.084045 0.182241
0.180180 0.083990 0.182152
0.180322 0.083934 0.182062
0.180465 0.083879 0.181973
0.180596 0.083860 0.181787
0.180739 0.083805 0.181697
0.180881 0.083749 0.181607
0.181024 0.083694 0.181518
0.181167 0.083638 0.181428
0.181299 0.083619 0.181241
0.181442 0.083563 0.181152
0.181585 0.083508 0.181062
0.181728 0.083452 0.180972
0.181870 0.083396 0.180883
0.182013 0.083341 0.180793
0.182156 0.083285 0.180703
0.182299 0.083230 0.180614
0.182442 0.083174 0.180524
0.182584 0.083118 0.180434
0.182727 0.083063 0.180345
0.182870 0.083007 0.180255
0.183013 0.082952 0.180165
0.183148 0.082931 0.179976
0.183284 0.082911 0.179787
0.183427 0.082855 0.179698
0.183564 0.082834 0.179508
0.183701 0.082813 0.179319
0.183838 0.082792 0.179129
0.183976 0.082771 0.178939
0.184114 0.082750 0.178748
0.184253 0.082728 0.178557
0.184397 0.082672 0.178467
0.184537 0.082650 0.178276
0.184676 0.082628 0.178084
0.184816 0.082606 0.177893
0.184961 0.082549 0.177802
0.185102 0.082527 0.177610
0.185243 0.082504 0.177418
0.185385 0.082482 0.177225
0.185530 0.082425 0.177134
0.185672 0.082402 0.176941
0.185815 0.082379 0.176748
0.185958 0.082356 0.176554
0.186104 0.082299 0.176462
0.186248 0.082275 0.176269
0.186392 0.082252 0.176075
0.186534 0.082261 0.175778
0.186679 0.082237 0.175584
0.186824 0.082213 0.175389
0.186968 0.082222 0.175091
0.187114 0.082197 0.174896
0.187260 0.082205 0.174597
0.187406 0.082213 0.174298
0.187553 0.082220 0.173998
0.187701 0.082228 0.173698
0.187850 0.082235 0.173398
0.188000 0.082241 0.173096
0.188150 0.082215 0.172898
0.188301 0.082188 0.172700
0.188453 0.082162 0.172501
0.188604 0.082103 0.172406
0.188755 0.082044 0.172311
0.188907 0.082017 0.172112
0.189059 0.081958 0.172017
0.189210 0.081899 0.171922
0.189363 0.081872 0.171722
0.189515 0.081813 0.171627
0.189666 0.081754 0.171532
0.161880 0.095238 0.179647
0.162082 0.095128 0.179624
0.162251 0.095062 0.179517
0.166312 0.091232 0.184228
0.166525 0.091085 0.184302
0.166708 0.090981 0.184290
0.166891 0.090878 0.184279
0.167074 0.090774 0.184268
0.167228 0.090714 0.184171
0.167382 0.090654 0.184074
0.167536 0.090594 0.183978
0.167691 0.090534 0.183881
0.167845 0.090474 0.183784
0.168026 0.090371 0.183774
0.168180 0.090311 0.183677
0.168361 0.090209 0.183667
0.168515 0.090149 0.183571
0.168695 0.090047 0.183561
0.168900 0.089903 0.183640
0.169079 0.089801 0.183631
0.169283 0.089657 0.183711
0.169461 0.089556 0.183703
0.169638 0.089455 0.183695
0.169840 0.089312 0.183775
0.170016 0.089211 0.183768
0.170217 0.089069 0.183850
0.170416 0.088927 0.183932
0.170567 0.088868 0.183837
0.170766 0.088727 0.183920
0.170987 0.088544 0.184092
0.171207 0.088362 0.184266
0.171356 0.088304 0.184172
0.171505 0.088246 0.184078
0.172164 0.087475 0.185324
0.172332 0.087377 0.185322
0.172500 0.087280 0.185320
0.172646 0.087223 0.185229
0.172813 0.087126 0.185228
0.172958 0.087070 0.185136
0.173103 0.087013 0.185045
0.173270 0.086916 0.185044
0.173415 0.086860 0.184953
0.173560 0.086803 0.184862
0.173705 0.086747 0.184771
0.173830 0.086730 0.184589
0.173975 0.086674 0.184498
0.174120 0.086617 0.184406
0.174265 0.086561 0.184315
0.174411 0.086504 0.184224
0.174537 0.086487 0.184041
0.174701 0.086391 0.184042
0.174865 0.086295 0.184042
0.175010 0.086238 0.183951
0.175174 0.086143 0.183952
0.175319 0.086086 0.183861
0.175482 0.085991 0.183863
0.175626 0.085934 0.183772
0.175789 0.085839 0.183773
0.175933 0.085783 0.183683
0.176077 0.085727 0.183592
0.176239 0.085632 0.183594
0.176383 0.085576 0.183504
0.176527 0.085519 0.183413
0.176672 0.085463 0.183323
0.176816 0.085407 0.183232
0.176960 0.085351 0.183141
0.177104 0.085295 0.183051
0.177264 0.085200 0.183054
0.177408 0.085144 0.182964
0.177552 0.085088 0.182873
0.177711 0.084994 0.182877
0.177855 0.084938 0.182787
0.177999 0.084882 0.182696
0.178157 0.084789 0.182701
0.178301 0.084733 0.182611
0.178458 0.084639 0.182615
0.178615 0.084546 0.182620
0.178772 0.084453 0.182626
0.178915 0.084397 0.182536
0.179071 0.084304 0.182542
0.179227 0.084211 0.182548
0.179369 0.084156 0.182458
0.179524 0.084063 0.182464
0.179679 0.083971 0.182471
0.179821 0.083916 0.182382
0.179964 0.083860 0.182292
0.180106 0.083805 0.182203
0.180236 0.083786 0.182017
0.180379 0.083731 0.181928
0.180532 0.083639 0.181935
0.180674 0.083584 0.181846
0.180806 0.083564 0.181659
0.180948 0.083509 0.181570
0.181091 0.083454 0.181481
0.181233 0.083398 0.181391
0.181375 0.083343 0.181302
0.181508 0.083323 0.181115
0.181651 0.083268 0.181025
0.181793 0.083212 0.180935
0.181936 0.083157 0.180846
0.182079 0.083101 0.180756
0.182221 0.083046 0.180667
0.182372 0.082955 0.180676
0.182515 0.082899 0.180586
0.182649 0.082879 0.180398
0.182792 0.082824 0.180309
0.182934 0.082768 0.180219
0.183069 0.082748 0.180030
0.183212 0.082692 0.179941
0.183348 0.082671 0.179752
0.183484 0.082650 0.179562
0.183621 0.082629 0.179373
0.183758 0.082608 0.179183
0.183895 0.082587 0.178993
0.184027 0.082600 0.178703
0.184166 0.082578 0.178512
0.184305 0.082556 0.178321
0.184449 0.082499 0.178230
0.184589 0.082477 0.178039
0.184729 0.082455 0.177847
0.184874 0.082398 0.177756
0.185014 0.082376 0.177564
0.185155 0.082353 0.177372
0.185297 0.082330 0.177179
0.185442 0.082274 0.177088
0.185584 0.082250 0.176895
0.185727 0.082227 0.176702
0.185870 0.082204 0.176508
0.186016 0.082147 0.176416
0.186159 0.082123 0.176222
0.186303 0.082099 0.176028
0.186447 0.082075 0.175834
0.186592 0.082051 0.175639
0.186737 0.082027 0.175445
0.186881 0.082035 0.175147
0.187027 0.082010 0.174951
0.187172 0.082018 0.174653
0.187318 0.082025 0.174354
0.187464 0.082033 0.174054
0.187612 0.082039 0.173754
0.187761 0.082014 0.173557
0.187910 0.082020 0.173256
0.188060 0.081994 0.173058
0.188210 0.081967 0.172860
0.188361 0.081941 0.172661
0.188512 0.081914 0.172462
0.188663 0.081855 0.172368
0.188815 0.081828 0.172168
0.188966 0.081769 0.172074
0.189119 0.081742 0.171874
0.189270 0.081683 0.171779
0.189421 0.081624 0.171684
0.189575 0.081597 0.171484
0.189726 0.081538 0.171389
0.161778 0.095062 0.179593
0.161979 0.094951 0.179570
0.162149 0.094885 0.179464
0.166247 0.091027 0.184265
0.166431 0.090923 0.184253
0.166615 0.090820 0.184241
0.166798 0.090717 0.184230
0.166980 0.090614 0.184219
0.167135 0.090554 0.184123
0.167289 0.090494 0.184026
0.167443 0.090434 0.183929
0.167598 0.090374 0.183832
0.167752 0.090314 0.183735
0.167933 0.090211 0.183725
0.168087 0.090151 0.183628
0.168268 0.090049 0.183619
0.168422 0.089989 0.183522
0.168602 0.089887 0.183513
0.168807 0.089743 0.183591
0.168986 0.089642 0.183583
0.169191 0.089499 0.183662
0.169394 0.089356 0.183742
0.169571 0.089255 0.183735
0.169773 0.089112 0.183816
0.169974 0.088970 0.183897
0.170175 0.088829 0.183979
0.170398 0.088646 0.184150
0.170549 0.088587 0.184056
0.170770 0.088405 0.184228
0.171015 0.088183 0.184490
0.171164 0.088125 0.184397
0.171266 0.088149 0.184125
0.171669 0.087641 0.185014
0.171930 0.087380 0.185369
0.172099 0.087283 0.185367
0.172267 0.087185 0.185366
0.172435 0.087088 0.185364
0.172602 0.086991 0.185363
0.172747 0.086935 0.185272
0.172892 0.086878 0.185181
0.173037 0.086822 0.185090
0.173182 0.086765 0.184998
0.173327 0.086709 0.184907
0.173472 0.086652 0.184816
0.173617 0.086596 0.184725
0.173762 0.086539 0.184634
0.173908 0.086483 0.184543
0.174033 0.086466 0.184361
0.174178 0.086410 0.184269
0.174323 0.086353 0.184178
0.174468 0.086296 0.184087
0.174614 0.086240 0.183996
0.174778 0.086144 0.183996
0.174923 0.086088 0.183905
0.175086 0.085992 0.183906
0.175231 0.085936 0.183815
0.175394 0.085840 0.183817
0.175539 0.085784 0.183726
0.175701 0.085689 0.183728
0.175846 0.085633 0.183637
0.175990 0.085576 0.183546
0.176135 0.085520 0.183456
0.176279 0.085464 0.183365
0.176424 0.085408 0.183274
0.176568 0.085352 0.183184
0.176729 0.085257 0.183186
0.176873 0.085201 0.183096
0.177017 0.085145 0.183005
0.177161 0.085089 0.182915
0.177321 0.084995 0.182918
0.177465 0.084938 0.182828
0.177624 0.084845 0.182832
0.177768 0.084789 0.182741
0.177912 0.084733 0.182651
0.178070 0.084639 0.182655
0.178214 0.084583 0.182565
0.178372 0.084490 0.182570
0.178543 0.084360 0.182670
0.178699 0.084267 0.182676
0.178842 0.084211 0.182586
0.178985 0.084156 0.182496
0.179154 0.084026 0.182598
0.179296 0.083971 0.182509
0.179451 0.083878 0.182515
0.179606 0.083786 0.182522
0.179748 0.083731 0.182433
0.179890 0.083676 0.182344
0.180032 0.083621 0.182254
0.180174 0.083565 0.182165
0.180316 0.083510 0.182076
0.180458 0.083455 0.181987
0.180589 0.083436 0.181801
0.180731 0.083380 0.181712
0.180873 0.083325 0.181622
0.181015 0.083270 0.181533
0.181157 0.083214 0.181444
0.181300 0.083159 0.181354
0.181442 0.083104 0.181265
0.181574 0.083084 0.181078
0.181717 0.083028 0.180988
0.181859 0.082973 0.180899
0.182010 0.082882 0.180908
0.182153 0.082827 0.180818
0.182295 0.082771 0.180729
0.182437 0.082716 0.180640
0.182579 0.082661 0.180551
0.182721 0.082605 0.180461
0.182856 0.082585 0.180273
0.182998 0.082529 0.180184
0.183133 0.082509 0.179995
0.183269 0.082488 0.179806
0.183405 0.082467 0.179617
0.183541 0.082446 0.179427
0.183678 0.082424 0.179237
0.183809 0.082437 0.178947
0.183946 0.082415 0.178757
0.184079 0.082428 0.178466
0.184217 0.082405 0.178275
0.184362 0.082349 0.178184
0.184501 0.082327 0.177993
0.184641 0.082304 0.177801
0.184786 0.082248 0.177710
0.184927 0.082225 0.177518
0.185068 0.082202 0.177326
0.185213 0.082145 0.177234
0.185354 0.082122 0.177042
0.185500 0.082065 0.176950
0.185639 0.082075 0.176655
0.185785 0.082018 0.176564
0.185931 0.081961 0.176472
0.186074 0.081938 0.176278
0.186217 0.081914 0.176084
0.186361 0.081889 0.175890
0.186506 0.081865 0.175695
0.186648 0.081873 0.175398
0.186793 0.081849 0.175203
0.186939 0.081824 0.175007
0.187084 0.081831 0.174709
0.187231 0.081806 0.174513
0.187377 0.081813 0.174213
0.187523 0.081819 0.173913
0.187671 0.081826 0.173613
0.187820 0.081799 0.173415
0.187970 0.081773 0.173218
0.188119 0.081779 0.172916
0.188270 0.081720 0.172821
0.188420 0.081693 0.172623
0.188572 0.081666 0.172424
0.188723 0.081639 0.172225
0.188875 0.081612 0.172026
0.189026 0.081553 0.171931
0.189177 0.081494 0.171836
0.189330 0.081467 0.171636
0.189481 0.081408 0.171541
0.189635 0.081380 0.171341
0.161505 0.094951 0.179646
0.161675 0.094885 0.179539
0.161877 0.094775 0.179516
0.162047 0.094709 0.179410
0.165843 0.090986 0.184410
0.166028 0.090883 0.184399
0.166212 0.090780 0.184387
0.166367 0.090719 0.184290
0.166550 0.090616 0.184279
0.166705 0.090556 0.184182
0.166887 0.090453 0.184171
0.167042 0.090393 0.184074
0.167196 0.090333 0.183977
0.167350 0.090273 0.183880
0.167504 0.090213 0.183783
0.167659 0.090153 0.183686
0.167840 0.090051 0.183676
0.167994 0.089991 0.183579
0.168175 0.089889 0.183570
0.168329 0.089829 0.183473
0.168509 0.089727 0.183464
0.168715 0.089584 0.183543
0.168894 0.089483 0.183534
0.169098 0.089340 0.183614
0.169302 0.089197 0.183694
0.169505 0.089055 0.183775
0.169707 0.088913 0.183856
0.169933 0.088730 0.184026
0.170182 0.088507 0.184286
0.170406 0.088325 0.184457
0.170555 0.088267 0.184364
0.170704 0.088209 0.184270
0.170925 0.088028 0.184443
0.171074 0.087970 0.184350
0.171480 0.087464 0.185239
0.171650 0.087367 0.185236
0.171842 0.087228 0.185323
0.172034 0.087091 0.185411
0.172202 0.086994 0.185409
0.172369 0.086897 0.185408
0.172515 0.086840 0.185317
0.172660 0.086784 0.185226
0.172826 0.086687 0.185225
0.172971 0.086631 0.185134
0.173116 0.086574 0.185043
0.173261 0.086518 0.184952
0.173406 0.086462 0.184861
0.173551 0.086405 0.184770
0.173695 0.086349 0.184679
0.173820 0.086332 0.184497
0.173965 0.086276 0.184406
0.174110 0.086219 0.184315
0.174235 0.086202 0.184132
0.174381 0.086145 0.184041
0.174545 0.086050 0.184042
0.174690 0.085993 0.183950
0.174854 0.085898 0.183952
0.174999 0.085841 0.183861
0.175162 0.085746 0.183862
0.175307 0.085690 0.183771
0.175452 0.085634 0.183680
0.175596 0.085577 0.183589
0.175759 0.085482 0.183591
0.175903 0.085426 0.183501
0.176048 0.085370 0.183410
0.176192 0.085314 0.183319
0.176336 0.085258 0.183229
0.176481 0.085201 0.183138
0.176625 0.085145 0.183047
0.176786 0.085051 0.183050
0.176930 0.084995 0.182960
0.177074 0.084939 0.182869
0.177234 0.084845 0.182873
0.177378 0.084789 0.182782
0.177522 0.084733 0.182692
0.177681 0.084639 0.182696
0.177825 0.084583 0.182606
0.177984 0.084490 0.182610
0.178127 0.084434 0.182520
0.178299 0.084304 0.182620
0.178456 0.084211 0.182625
0.178613 0.084118 0.182631
0.178756 0.084063 0.182541
0.178899 0.084007 0.182451
0.179081 0.083841 0.182649
0.179223 0.083786 0.182560
0.179378 0.083694 0.182566
0.179520 0.083639 0.182477
0.179674 0.083547 0.182484
0.179816 0.083492 0.182395
0.179946 0.083473 0.182210
0.180088 0.083418 0.182120
0.180230 0.083362 0.182031
0.180372 0.083307 0.181942
0.180514 0.083252 0.181853
0.180656 0.083197 0.181764
0.180798 0.083141 0.181675
0.180940 0.083086 0.181585
0.181082 0.083031 0.181496
0.181224 0.082975 0.181407
0.181366 0.082920 0.181318
0.181508 0.082865 0.181229
0.181650 0.082810 0.181140
0.181792 0.082754 0.181050
0.181934 0.082699 0.180961
0.182076 0.082644 0.180872
0.182218 0.082589 0.180783
0.182360 0.082533 0.180694
0.182502 0.082478 0.180604
0.182644 0.082423 0.180515
0.182786 0.082367 0.180426
0.182920 0.082347 0.180238
0.183055 0.082326 0.180049
0.183197 0.082270 0.179960
0.183325 0.082284 0.179671
0.183461 0.082262 0.179482
0.183591 0.082275 0.179192
0.183728 0.082253 0.179002
0.183859 0.082265 0.178711
0.183997 0.082243 0.178521
0.184130 0.082255 0.178229
0.184275 0.082199 0.178139
0.184414 0.082176 0.177947
0.184559 0.082120 0.177856
0.184699 0.082097 0.177664
0.184844 0.082040 0.177573
0.184984 0.082017 0.177381
0.185125 0.081994 0.177188
0.185271 0.081937 0.177097
0.185412 0.081914 0.176904
0.185554 0.081890 0.176711
0.185696 0.081866 0.176517
0.185843 0.081809 0.176426
0.185986 0.081785 0.176232
0.186129 0.081761 0.176038
0.186273 0.081737 0.175843
0.186417 0.081712 0.175649
0.186561 0.081688 0.175454
0.186706 0.081663 0.175259
0.186850 0.081670 0.174961
0.186996 0.081645 0.174765
0.187143 0.081619 0.174569
0.187288 0.081626 0.174270
0.187436 0.081600 0.174073
0.187583 0.081606 0.173772
0.187731 0.081580 0.173575
0.187880 0.081585 0.173274
0.188029 0.081559 0.173076
0.188179 0.081532 0.172878
0.188329 0.081505 0.172679
0.188480 0.081478 0.172481
0.188631 0.081451 0.172282
0.188783 0.081423 0.172082
0.188934 0.081365 0.171988
0.189086 0.081337 0.171788
0.189237 0.081278 0.171693
0.189390 0.081250 0.171493
0.189542 0.081191 0.171398
0.161403 0.094774 0.179592
0.161573 0.094708 0.179485
0.161743 0.094642 0.179379
0.165750 0.090825 0.184361
0.165934 0.090722 0.184350
0.166119 0.090619 0.184338
0.166273 0.090558 0.184241
0.166457 0.090456 0.184230
0.166611 0.090396 0.184133
0.166766 0.090335 0.184036
0.166949 0.090233 0.184025
0.167103 0.090173 0.183928
0.167257 0.090113 0.183831
0.167411 0.090053 0.183734
0.167566 0.089993 0.183637
0.167747 0.089891 0.183628
0.167901 0.089831 0.183531
0.168082 0.089729 0.183521
0.168236 0.089669 0.183425
0.168443 0.089526 0.183503
0.168622 0.089424 0.183494
0.168828 0.089282 0.183574
0.169058 0.089098 0.183742
0.169261 0.088956 0.183822
0.169413 0.088897 0.183727
0.169641 0.088715 0.183897
0.169892 0.088491 0.184155
0.170141 0.088269 0.184415
0.170315 0.088170 0.184410
0.170465 0.088112 0.184316
0.170614 0.088053 0.184223
0.171245 0.087369 0.185284
0.171462 0.087190 0.185460
0.171655 0.087053 0.185548
0.171824 0.086956 0.185546
0.171992 0.086859 0.185545
0.172137 0.086802 0.185453
0.172304 0.086706 0.185452
0.172449 0.086649 0.185361
0.172616 0.086553 0.185361
0.172761 0.086497 0.185270
0.172906 0.086440 0.185179
0.173050 0.086384 0.185088
0.173216 0.086288 0.185088
0.173361 0.086232 0.184997
0.173484 0.086215 0.184816
0.173629 0.086159 0.184725
0.173773 0.086103 0.184634
0.173918 0.086046 0.184543
0.174043 0.086029 0.184361
0.174168 0.086012 0.184178
0.174313 0.085955 0.184087
0.174458 0.085899 0.183996
0.174622 0.085803 0.183997
0.174767 0.085747 0.183906
0.174930 0.085652 0.183907
0.175075 0.085596 0.183816
0.175220 0.085539 0.183725
0.175364 0.085483 0.183635
0.175509 0.085427 0.183544
0.175671 0.085332 0.183546
0.175816 0.085276 0.183455
0.175960 0.085220 0.183364
0.176105 0.085164 0.183274
0.176249 0.085107 0.183183
0.176394 0.085051 0.183092
0.176538 0.084995 0.183002
0.176699 0.084901 0.183005
0.176843 0.084845 0.182914
0.176987 0.084789 0.182823
0.177147 0.084695 0.182827
0.177291 0.084639 0.182737
0.177435 0.084583 0.182646
0.177595 0.084489 0.182650
0.177738 0.084433 0.182560
0.177897 0.084340 0.182565
0.178055 0.084247 0.182570
0.178213 0.084155 0.182575
0.178370 0.084062 0.182580
0.178541 0.083933 0.182681
0.178683 0.083877 0.182591
0.178826 0.083822 0.182502
0.178995 0.083693 0.182604
0.179151 0.083602 0.182611
0.179305 0.083510 0.182617
0.179447 0.083455 0.182528
0.179589 0.083400 0.182439
0.179731 0.083344 0.182350
0.179872 0.083289 0.182261
0.180014 0.083234 0.182172
0.180156 0.083179 0.182083
0.180298 0.083124 0.181994
0.180440 0.083068 0.181905
0.180581 0.083013 0.181816
0.180723 0.082958 0.181727
0.180865 0.082903 0.181638
0.181007 0.082848 0.181549
0.181148 0.082792 0.181460
0.181290 0.082737 0.181371
0.181432 0.082682 0.181282
0.181574 0.082627 0.181193
0.181715 0.082572 0.181104
0.181857 0.082516 0.181015
0.181999 0.082461 0.180926
0.182141 0.082406 0.180837
0.182282 0.082351 0.180748
0.182424 0.082296 0.180659
0.182566 0.082241 0.180569
0.182708 0.082185 0.180480
0.182842 0.082165 0.180292
0.182984 0.082109 0.180203
0.183118 0.082088 0.180014
0.183253 0.082067 0.179825
0.183382 0.082080 0.179536
0.183511 0.082092 0.179247
0.183641 0.082104 0.178957
0.183779 0.082082 0.178766
0.183910 0.082093 0.178475
0.184049 0.082071 0.178284
0.184187 0.082048 0.178093
0.184332 0.081992 0.178002
0.184471 0.081969 0.177810
0.184616 0.081913 0.177719
0.184756 0.081889 0.177527
0.184901 0.081833 0.177436
0.185042 0.081810 0.177244
0.185183 0.081786 0.177051
0.185328 0.081729 0.176960
0.185470 0.081706 0.176766
0.185608 0.081714 0.176471
0.185754 0.081658 0.176380
0.185900 0.081601 0.176288
0.186040 0.081609 0.175992
0.186184 0.081584 0.175797
0.186328 0.081560 0.175602
0.186473 0.081535 0.175408
0.186618 0.081510 0.175212
0.186763 0.081484 0.175017
0.186909 0.081459 0.174821
0.187053 0.081465 0.174522
0.187200 0.081440 0.174326
0.187346 0.081445 0.174026
0.187494 0.081419 0.173829
0.187642 0.081393 0.173632
0.187790 0.081398 0.173330
0.187939 0.081340 0.173236
0.188089 0.081313 0.173038
0.188239 0.081317 0.172736
0.188389 0.081290 0.172537
0.188540 0.081263 0.172338
0.188691 0.081235 0.172139
0.188843 0.081208 0.171940
0.188994 0.081149 0.171845
0.189146 0.081121 0.171645
0.189297 0.081062 0.171550
0.189450 0.081034 0.171350
0.161300 0.094598 0.179538
0.161470 0.094532 0.179432
0.165656 0.090664 0.184312
0.165841 0.090561 0.184301
0.165996 0.090500 0.184203
0.166180 0.090398 0.184192
0.166335 0.090337 0.184095
0.166518 0.090235 0.184084
0.166673 0.090175 0.183987
0.166855 0.090072 0.183976
0.167010 0.090012 0.183879
0.167164 0.089952 0.183782
0.167318 0.089892 0.183686
0.167500 0.089790 0.183676
0.167654 0.089730 0.183579
0.167808 0.089670 0.183482
0.167989 0.089569 0.183473
0.168170 0.089467 0.183464
0.168350 0.089366 0.183455
0.168530 0.089265 0.183446
0.168735 0.089123 0.183526
0.168966 0.088940 0.183694
0.169170 0.088798 0.183774
0.169322 0.088739 0.183679
0.169651 0.088394 0.184202
0.169901 0.088172 0.184462
0.170051 0.088113 0.184368
0.170201 0.088055 0.184274
0.171010 0.087274 0.185330
0.171229 0.087095 0.185506
0.171422 0.086958 0.185593
0.171614 0.086821 0.185681
0.171759 0.086764 0.185590
0.171927 0.086668 0.185588
0.172095 0.086571 0.185587
0.172240 0.086515 0.185497
0.172384 0.086459 0.185406
0.172551 0.086363 0.185405
0.172696 0.086307 0.185315
0.172862 0.086211 0.185314
0.173006 0.086155 0.185224
0.173150 0.086098 0.185133
0.173295 0.086042 0.185043
0.173439 0.085986 0.184952
0.173583 0.085930 0.184861
0.173727 0.085874 0.184771
0.173851 0.085857 0.184589
0.173996 0.085801 0.184498
0.174120 0.085783 0.184316
0.174265 0.085727 0.184225
0.174409 0.085671 0.184134
0.174554 0.085614 0.184043
0.174699 0.085558 0.183952
0.174843 0.085502 0.183861
0.174988 0.085445 0.183771
0.175132 0.085389 0.183680
0.175277 0.085333 0.183589
0.175440 0.085238 0.183591
0.175584 0.085182 0.183500
0.175729 0.085126 0.183409
0.175873 0.085070 0.183319
0.176018 0.085013 0.183228
0.176162 0.084957 0.183137
0.176307 0.084901 0.183047
0.176468 0.084807 0.183050
0.176612 0.084751 0.182959
0.176756 0.084695 0.182868
0.176900 0.084639 0.182778
0.177060 0.084545 0.182782
0.177204 0.084489 0.182691
0.177364 0.084396 0.182695
0.177508 0.084340 0.182605
0.177667 0.084247 0.182609
0.177810 0.084191 0.182519
0.177969 0.084098 0.182524
0.178126 0.084006 0.182529
0.178298 0.083877 0.182630
0.178469 0.083748 0.182731
0.178611 0.083693 0.182642
0.178767 0.083601 0.182648
0.178923 0.083509 0.182655
0.179078 0.083418 0.182662
0.179220 0.083362 0.182573
0.179374 0.083271 0.182580
0.179516 0.083216 0.182491
0.179657 0.083161 0.182402
0.179799 0.083106 0.182313
0.179941 0.083051 0.182224
0.180082 0.082996 0.182135
0.180224 0.082941 0.182046
0.180365 0.082885 0.181957
0.180507 0.082830 0.181869
0.180648 0.082775 0.181780
0.180790 0.082720 0.181691
0.180932 0.082665 0.181602
0.181073 0.082610 0.181513
0.181215 0.082555 0.181424
0.181356 0.082500 0.181335
0.181498 0.082445 0.181246
0.181639 0.082389 0.181157
0.181781 0.082334 0.181068
0.181922 0.082279 0.180979
0.182064 0.082224 0.180891
0.182206 0.082169 0.180802
0.182347 0.082114 0.180713
0.182489 0.082059 0.180624
0.182630 0.082004 0.180535
0.182764 0.081983 0.180347
0.182906 0.081927 0.180258
0.183040 0.081906 0.180069
0.183175 0.081885 0.179880
0.183303 0.081897 0.179591
0.183432 0.081909 0.179301
0.183561 0.081921 0.179011
0.183698 0.081899 0.178821
0.183830 0.081910 0.178530
0.183968 0.081887 0.178339
0.184106 0.081864 0.178148
0.184250 0.081808 0.178057
0.184389 0.081785 0.177865
0.184534 0.081729 0.177775
0.184674 0.081705 0.177583
0.184819 0.081649 0.177492
0.184959 0.081626 0.177299
0.185099 0.081602 0.177107
0.185245 0.081545 0.177015
0.185382 0.081554 0.176720
0.185524 0.081530 0.176527
0.185670 0.081473 0.176435
0.185812 0.081449 0.176242
0.185955 0.081424 0.176048
0.186099 0.081399 0.175853
0.186240 0.081407 0.175556
0.186384 0.081382 0.175361
0.186529 0.081356 0.175166
0.186674 0.081331 0.174970
0.186819 0.081305 0.174775
0.186965 0.081280 0.174579
0.187112 0.081254 0.174382
0.187257 0.081259 0.174082
0.187405 0.081233 0.173885
0.187553 0.081206 0.173688
0.187701 0.081180 0.173491
0.187850 0.081153 0.173293
0.187999 0.081126 0.173095
0.188148 0.081099 0.172897
0.188298 0.081072 0.172699
0.188448 0.081044 0.172500
0.188600 0.081047 0.172196
0.188750 0.080989 0.172102
0.188902 0.080961 0.171902
0.189054 0.080933 0.171702
0.189205 0.080874 0.171608
0.189357 0.080846 0.171407
0.165161 0.090751 0.184202
0.165317 0.090690 0.184104
0.165563 0.090502 0.184263
0.165718 0.090442 0.184166
0.165873 0.090382 0.184068
0.166057 0.090279 0.184057
0.166241 0.090176 0.184046
0.166425 0.090074 0.184035
0.166579 0.090014 0.183938
0.166734 0.089954 0.183841
0.166888 0.089894 0.183744
0.167071 0.089792 0.183734
0.167225 0.089732 0.183637
0.167407 0.089630 0.183627
0.167561 0.089570 0.183530
0.167715 0.089510 0.183433
0.167896 0.089409 0.183424
0.168077 0.089308 0.183415
0.168258 0.089207 0.183406
0.168411 0.089147 0.183310
0.169560 0.088237 0.184155
0.169811 0.088016 0.184415
0.169961 0.087958 0.184321
0.170995 0.087000 0.185551
0.171189 0.086863 0.185638
0.171382 0.086726 0.185726
0.171527 0.086670 0.185635
0.171695 0.086574 0.185634
0.171840 0.086517 0.185543
0.172008 0.086421 0.185542
0.172152 0.086365 0.185451
0.172320 0.086269 0.185450
0.172486 0.086173 0.185450
0.172631 0.086117 0.185359
0.172797 0.086021 0.185359
0.172963 0.085926 0.185360
0.173106 0.085870 0.185269
0.173250 0.085814 0.185179
0.173394 0.085758 0.185089
0.173538 0.085702 0.184998
0.173682 0.085646 0.184908
0.173805 0.085629 0.184726
0.173949 0.085573 0.184636
0.174073 0.085555 0.184454
0.174217 0.085499 0.184363
0.174342 0.085482 0.184180
0.174486 0.085425 0.184090
0.174631 0.085369 0.183999
0.174775 0.085313 0.183908
0.174919 0.085257 0.183817
0.175064 0.085200 0.183727
0.175208 0.085144 0.183636
0.175353 0.085088 0.183545
0.175497 0.085032 0.183455
0.175642 0.084975 0.183364
0.175786 0.084919 0.183273
0.175930 0.084863 0.183182
0.176075 0.084807 0.183092
0.176236 0.084713 0.183095
0.176381 0.084657 0.183004
0.176525 0.084601 0.182913
0.176685 0.084507 0.182917
0.176829 0.084451 0.182827
0.176974 0.084395 0.182736
0.177133 0.084302 0.182740
0.177277 0.084246 0.182650
0.177421 0.084190 0.182560
0.177580 0.084098 0.182564
0.177739 0.084005 0.182569
0.177882 0.083949 0.182479
0.178054 0.083820 0.182579
0.178226 0.083692 0.182680
0.178383 0.083600 0.182686
0.178525 0.083545 0.182597
0.178695 0.083417 0.182699
0.178851 0.083325 0.182706
0.179006 0.083234 0.182713
0.179161 0.083143 0.182720
0.179302 0.083088 0.182631
0.179443 0.083033 0.182543
0.179585 0.082978 0.182454
0.179726 0.082923 0.182365
0.179867 0.082868 0.182276
0.180009 0.082813 0.182188
0.180150 0.082758 0.182099
0.180291 0.082703 0.182010
0.180433 0.082648 0.181921
0.180574 0.082593 0.181832
0.180715 0.082538 0.181744
0.180857 0.082483 0.181655
0.180998 0.082428 0.181566
0.181139 0.082373 0.181477
0.181281 0.082318 0.181388
0.181422 0.082263 0.181300
0.181564 0.082208 0.181211
0.181705 0.082153 0.181122
0.181846 0.082098 0.181033
0.181988 0.082043 0.180945
0.182129 0.081987 0.180856
0.182270 0.081932 0.180767
0.182412 0.081877 0.180678
0.182553 0.081822 0.180589
0.182686 0.081801 0.180401
0.182828 0.081746 0.180312
0.182962 0.081725 0.180124
0.183096 0.081703 0.179935
0.183224 0.081715 0.179646
0.183352 0.081727 0.179356
0.183488 0.081705 0.179166
0.183618 0.081716 0.178876
0.183749 0.081727 0.178585
0.183887 0.081704 0.178394
0.184025 0.081681 0.178203
0.184169 0.081625 0.178112
0.184308 0.081602 0.177921
0.184452 0.081545 0.177830
0.184597 0.081489 0.177739
0.184736 0.081466 0.177547
0.184876 0.081442 0.177355
0.185021 0.081386 0.177264
0.185161 0.081362 0.177071
0.185302 0.081338 0.176878
0.185440 0.081346 0.176583
0.185585 0.081289 0.176491
0.185728 0.081265 0.176298
0.185870 0.081240 0.176104
0.186010 0.081247 0.175807
0.186154 0.081222 0.175612
0.186295 0.081229 0.175315
0.186440 0.081203 0.175119
0.186585 0.081177 0.174924
0.186730 0.081152 0.174728
0.186876 0.081126 0.174532
0.187022 0.081100 0.174336
0.187169 0.081073 0.174139
0.187316 0.081047 0.173942
0.187464 0.081020 0.173745
0.187612 0.080993 0.173548
0.187760 0.080967 0.173350
0.187909 0.080939 0.173152
0.188058 0.080912 0.172954
0.188208 0.080885 0.172756
0.188357 0.080857 0.172557
0.188508 0.080830 0.172358
0.188659 0.080802 0.172159
0.188810 0.080774 0.171959
0.188961 0.080745 0.171760
0.189112 0.080687 0.171665
0.189265 0.080658 0.171465
0.165067 0.090589 0.184153
0.165253 0.090486 0.184141
0.165439 0.090383 0.184129
0.165624 0.090281 0.184117
0.165779 0.090220 0.184019
0.165964 0.090118 0.184008
0.166119 0.090057 0.183911
0.166303 0.089955 0.183900
0.166486 0.089853 0.183889
0.166641 0.089793 0.183792
0.166795 0.089733 0.183695
0.166978 0.089631 0.183685
0.167132 0.089571 0.183588
0.167286 0.089511 0.183491
0.167468 0.089410 0.183481
0.167622 0.089350 0.183385
0.167804 0.089249 0.183375
0.167957 0.089189 0.183279
0.168138 0.089088 0.183270
0.168292 0.089028 0.183173
0.170736 0.086946 0.185508
0.170931 0.086809 0.185595
0.171125 0.086672 0.185682
0.171294 0.086576 0.185680
0.171463 0.086479 0.185679
0.171608 0.086423 0.185588
0.171776 0.086327 0.185587
0.171920 0.086271 0.185496
0.172111 0.086135 0.185586
0.172255 0.086079 0.185495
0.172422 0.085984 0.185495
0.172588 0.085888 0.185495
0.172732 0.085832 0.185405
0.172898 0.085737 0.185405
0.173063 0.085642 0.185406
0.173206 0.085587 0.185316
0.173350 0.085531 0.185226
0.173493 0.085475 0.185136
0.173637 0.085419 0.185046
0.173780 0.085363 0.184956
0.173903 0.085346 0.184774
0.174026 0.085328 0.184592
0.174170 0.085273 0.184501
0.174294 0.085255 0.184319
0.174438 0.085199 0.184228
0.174582 0.085143 0.184138
0.174726 0.085087 0.184048
0.174851 0.085068 0.183864
0.174995 0.085012 0.183774
0.175140 0.084956 0.183683
0.175284 0.084900 0.183593
0.175428 0.084844 0.183502
0.175572 0.084788 0.183411
0.175717 0.084732 0.183321
0.175861 0.084675 0.183230
0.176005 0.084619 0.183140
0.176166 0.084526 0.183143
0.176310 0.084470 0.183052
0.176471 0.084377 0.183056
0.176615 0.084321 0.182966
0.176775 0.084228 0.182970
0.176919 0.084172 0.182880
0.177078 0.084079 0.182884
0.177222 0.084023 0.182794
0.177381 0.083931 0.182799
0.177539 0.083839 0.182804
0.177682 0.083783 0.182714
0.177840 0.083691 0.182719
0.178012 0.083563 0.182820
0.178169 0.083471 0.182826
0.178340 0.083344 0.182928
0.178482 0.083288 0.182839
0.178637 0.083197 0.182846
0.178779 0.083142 0.182757
0.178934 0.083051 0.182764
0.179075 0.082996 0.182676
0.179217 0.082941 0.182587
0.179358 0.082886 0.182498
0.179499 0.082831 0.182409
0.179641 0.082776 0.182320
0.179782 0.082721 0.182232
0.179923 0.082666 0.182143
0.180077 0.082576 0.182151
0.180218 0.082521 0.182063
0.180347 0.082501 0.181877
0.180500 0.082411 0.181885
0.180641 0.082356 0.181797
0.180782 0.082301 0.181708
0.180923 0.082246 0.181619
0.181065 0.082191 0.181531
0.181206 0.082136 0.181442
0.181347 0.082081 0.181353
0.181488 0.082026 0.181265
0.181629 0.081971 0.181176
0.181770 0.081916 0.181087
0.181911 0.081861 0.180999
0.182053 0.081806 0.180910
0.182194 0.081751 0.180821
0.182326 0.081730 0.180634
0.182468 0.081675 0.180545
0.182609 0.081620 0.180456
0.182743 0.081599 0.180268
0.182876 0.081577 0.180079
0.183011 0.081556 0.179890
0.183145 0.081534 0.179701
0.183273 0.081545 0.179411
0.183409 0.081523 0.179221
0.183538 0.081534 0.178931
0.183675 0.081511 0.178740
0.183812 0.081488 0.178550
0.183950 0.081465 0.178359
0.184088 0.081442 0.178168
0.184232 0.081386 0.178077
0.184370 0.081362 0.177885
0.184515 0.081306 0.177795
0.184659 0.081250 0.177704
0.184798 0.081226 0.177512
0.184938 0.081203 0.177320
0.185078 0.081179 0.177127
0.185219 0.081154 0.176934
0.185356 0.081162 0.176639
0.185501 0.081106 0.176548
0.185643 0.081081 0.176354
0.185782 0.081088 0.176057
0.185925 0.081063 0.175863
0.186065 0.081069 0.175566
0.186209 0.081044 0.175371
0.186353 0.081018 0.175176
0.186498 0.080993 0.174980
0.186643 0.080967 0.174784
0.186789 0.080940 0.174588
0.186935 0.080914 0.174392
0.187081 0.080888 0.174196
0.187228 0.080861 0.173999
0.187375 0.080835 0.173802
0.187523 0.080808 0.173605
0.187671 0.080781 0.173407
0.187819 0.080753 0.173209
0.187968 0.080695 0.173115
0.188117 0.080698 0.172813
0.188267 0.080671 0.172614
0.188417 0.080643 0.172415
0.188567 0.080615 0.172216
0.188718 0.080587 0.172017
0.188870 0.080558 0.171817
0.189020 0.080500 0.171723
0.189172 0.080471 0.171523
0.165159 0.090324 0.184091
0.165345 0.090222 0.184079
0.165530 0.090119 0.184068
0.165686 0.090059 0.183970
0.165841 0.089999 0.183873
0.166025 0.089896 0.183862
0.166209 0.089794 0.183851
0.166364 0.089734 0.183754
0.166547 0.089632 0.183743
0.166702 0.089572 0.183646
0.166885 0.089471 0.183636
0.167039 0.089411 0.183539
0.167193 0.089351 0.183442
0.167375 0.089250 0.183433
0.167529 0.089190 0.183336
0.167683 0.089130 0.183239
0.167837 0.089070 0.183142
0.167992 0.089010 0.183046
0.169764 0.087320 0.185389
0.169911 0.087262 0.185296
0.170648 0.086794 0.185462
0.170868 0.086617 0.185638
0.171037 0.086521 0.185636
0.171231 0.086385 0.185724
0.171375 0.086329 0.185633
0.171544 0.086233 0.185632
0.171689 0.086176 0.185541
0.171856 0.086081 0.185540
0.172024 0.085985 0.185540
0.172191 0.085890 0.185540
0.172358 0.085795 0.185540
0.172524 0.085700 0.185540
0.172690 0.085605 0.185541
0.172833 0.085549 0.185451
0.172998 0.085454 0.185452
0.173141 0.085399 0.185362
0.173285 0.085343 0.185272
0.173449 0.085249 0.185273
0.173592 0.085193 0.185183
0.173714 0.085176 0.185002
0.173857 0.085120 0.184912
0.174001 0.085064 0.184822
0.174124 0.085047 0.184640
0.174267 0.084991 0.184550
0.174410 0.084935 0.184460
0.174534 0.084917 0.184277
0.174659 0.084899 0.184095
0.174802 0.084843 0.184004
0.174927 0.084825 0.183821
0.175053 0.084806 0.183638
0.175197 0.084750 0.183547
0.175341 0.084694 0.183456
0.175485 0.084638 0.183366
0.175647 0.084544 0.183369
0.175792 0.084488 0.183278
0.175953 0.084395 0.183282
0.176114 0.084302 0.183285
0.176258 0.084246 0.183195
0.176418 0.084153 0.183199
0.176562 0.084097 0.183109
0.176721 0.084005 0.183113
0.176881 0.083913 0.183118
0.177024 0.083857 0.183028
0.177183 0.083765 0.183033
0.177326 0.083709 0.182943
0.177484 0.083617 0.182948
0.177642 0.083526 0.182954
0.177799 0.083434 0.182960
0.177956 0.083343 0.182966
0.178113 0.083251 0.182972
0.178269 0.083160 0.182979
0.178410 0.083105 0.182890
0.178552 0.083050 0.182801
0.178707 0.082959 0.182808
0.178849 0.082904 0.182720
0.179003 0.082814 0.182727
0.179144 0.082759 0.182639
0.179286 0.082704 0.182550
0.179427 0.082649 0.182461
0.179568 0.082594 0.182373
0.179709 0.082539 0.182284
0.179850 0.082484 0.182195
0.179991 0.082429 0.182107
0.180132 0.082374 0.182018
0.180274 0.082319 0.181929
0.180415 0.082264 0.181841
0.180556 0.082209 0.181752
0.180697 0.082154 0.181663
0.180838 0.082099 0.181575
0.180979 0.082044 0.181486
0.181121 0.081989 0.181397
0.181262 0.081934 0.181309
0.181403 0.081879 0.181220
0.181554 0.081790 0.181230
0.181695 0.081735 0.181142
0.181836 0.081681 0.181053
0.181967 0.081660 0.180865
0.182109 0.081605 0.180777
0.182250 0.081550 0.180688
0.182391 0.081495 0.180599
0.182524 0.081473 0.180411
0.182665 0.081418 0.180322
0.182791 0.081430 0.180034
0.182933 0.081375 0.179945
0.183067 0.081353 0.179756
0.183195 0.081364 0.179466
0.183330 0.081341 0.179277
0.183459 0.081352 0.178986
0.183595 0.081329 0.178796
0.183732 0.081306 0.178605
0.183875 0.081250 0.178515
0.184013 0.081227 0.178324
0.184156 0.081171 0.178234
0.184295 0.081148 0.178042
0.184438 0.081092 0.177952
0.184577 0.081068 0.177760
0.184716 0.081044 0.177568
0.184860 0.080988 0.177477
0.185000 0.080964 0.177285
0.185136 0.080972 0.176990
0.185276 0.080947 0.176797
0.185421 0.080891 0.176706
0.185559 0.080898 0.176410
0.185701 0.080873 0.176216
0.185840 0.080879 0.175920
0.185980 0.080885 0.175622
0.186120 0.080891 0.175324
0.186265 0.080865 0.175129
0.186409 0.080839 0.174934
0.186554 0.080813 0.174738
0.186700 0.080787 0.174542
0.186846 0.080760 0.174345
0.186993 0.080703 0.174253
0.187140 0.080676 0.174056
0.187287 0.080649 0.173859
0.187434 0.080622 0.173662
0.187583 0.080564 0.173568
0.187730 0.080537 0.173371
0.187879 0.080510 0.173173
0.188027 0.080482 0.172975
0.188177 0.080454 0.172776
0.188326 0.080426 0.172578
0.188476 0.080428 0.172274
0.188626 0.080370 0.172180
0.188778 0.080372 0.171875
0.188928 0.080313 0.171780
0.189080 0.080284 0.171581
0.165066 0.090163 0.184042
0.165251 0.090060 0.184030
0.165407 0.090000 0.183933
0.165592 0.089898 0.183921
0.165747 0.089837 0.183824
0.165932 0.089735 0.183813
0.166116 0.089634 0.183802
0.166271 0.089573 0.183705
0.166454 0.089472 0.183694
0.166609 0.089412 0.183597
0.166792 0.089310 0.183587
0.166946 0.089250 0.183490
0.167128 0.089149 0.183481
0.167282 0.089089 0.183384
0.167436 0.089029 0.183287
0.167590 0.088969 0.183190
0.167744 0.088909 0.183094
0.169675 0.087167 0.185342
0.169950 0.086909 0.185694
0.170122 0.086812 0.185691
0.170293 0.086716 0.185688
0.170439 0.086659 0.185596
0.170610 0.086562 0.185594
0.170780 0.086466 0.185592
0.170950 0.086370 0.185590
0.171143 0.086234 0.185678
0.171288 0.086178 0.185587
0.171457 0.086082 0.185586
0.171625 0.085987 0.185586
0.171793 0.085891 0.185585
0.171960 0.085796 0.185585
0.172127 0.085701 0.185585
0.172293 0.085606 0.185585
0.172460 0.085512 0.185586
0.172625 0.085417 0.185586
0.172769 0.085361 0.185496
0.172934 0.085267 0.185498
0.173077 0.085211 0.185408
0.173241 0.085117 0.185409
0.173384 0.085062 0.185320
0.173527 0.085006 0.185230
0.173670 0.084950 0.185140
0.173812 0.084895 0.185051
0.173955 0.084839 0.184961
0.174078 0.084822 0.184779
0.174221 0.084766 0.184689
0.174364 0.084710 0.184599
0.174487 0.084692 0.184417
0.174611 0.084674 0.184234
0.174735 0.084656 0.184052
0.174859 0.084637 0.183868
0.175003 0.084581 0.183778
0.175147 0.084525 0.183688
0.175291 0.084469 0.183597
0.175435 0.084413 0.183507
0.175579 0.084357 0.183417
0.175740 0.084264 0.183420
0.175901 0.084172 0.183424
0.176062 0.084079 0.183428
0.176223 0.083987 0.183432
0.176366 0.083931 0.183342
0.176525 0.083839 0.183346
0.176668 0.083783 0.183257
0.176827 0.083691 0.183262
0.176986 0.083599 0.183267
0.177128 0.083544 0.183177
0.177287 0.083452 0.183183
0.177429 0.083397 0.183094
0.177586 0.083305 0.183100
0.177743 0.083214 0.183106
0.177900 0.083123 0.183112
0.178056 0.083032 0.183119
0.178198 0.082977 0.183030
0.178339 0.082922 0.182941
0.178495 0.082832 0.182949
0.178636 0.082777 0.182860
0.178777 0.082722 0.182771
0.178918 0.082667 0.182683
0.179059 0.082612 0.182594
0.179213 0.082522 0.182602
0.179354 0.082467 0.182513
0.179483 0.082447 0.182328
0.179624 0.082392 0.182239
0.179765 0.082337 0.182151
0.179906 0.082282 0.182062
0.180047 0.082227 0.181973
0.180200 0.082138 0.181982
0.180341 0.082083 0.181894
0.180482 0.082028 0.181805
0.180623 0.081973 0.181717
0.180764 0.081918 0.181628
0.180894 0.081897 0.181441
0.181046 0.081808 0.181451
0.181187 0.081753 0.181363
0.181328 0.081699 0.181274
0.181469 0.081644 0.181185
0.181610 0.081589 0.181097
0.181751 0.081534 0.181008
0.181891 0.081479 0.180920
0.182023 0.081458 0.180732
0.182165 0.081403 0.180643
0.182306 0.081348 0.180555
0.182439 0.081326 0.180367
0.182580 0.081271 0.180278
0.182713 0.081249 0.180089
0.182847 0.081227 0.179900
0.182981 0.081205 0.179711
0.183116 0.081183 0.179522
0.183251 0.081160 0.179332
0.183386 0.081137 0.179142
0.183522 0.081115 0.178952
0.183659 0.081092 0.178761
0.183795 0.081068 0.178571
0.183938 0.081013 0.178481
0.184076 0.080989 0.178290
0.184219 0.080933 0.178199
0.184357 0.080910 0.178008
0.184501 0.080854 0.177918
0.184639 0.080830 0.177726
0.184778 0.080806 0.177534
0.184917 0.080782 0.177341
0.185057 0.080757 0.177149
0.185197 0.080733 0.176956
0.185342 0.080676 0.176865
0.185479 0.080683 0.176569
0.185617 0.080690 0.176273
0.185752 0.080727 0.175873
0.185895 0.080702 0.175679
0.186035 0.080707 0.175381
0.186179 0.080681 0.175186
0.186320 0.080686 0.174887
0.186468 0.080629 0.174795
0.186613 0.080602 0.174599
0.186758 0.080576 0.174402
0.186906 0.080518 0.174309
0.187052 0.080491 0.174113
0.187199 0.080464 0.173916
0.187346 0.080437 0.173719
0.187494 0.080379 0.173626
0.187641 0.080352 0.173428
0.187789 0.080324 0.173230
0.187938 0.080297 0.173032
0.188087 0.080269 0.172834
0.188236 0.080271 0.172530
0.188386 0.080243 0.172331
0.188536 0.080214 0.172132
0.188687 0.080185 0.171933
0.188838 0.080157 0.171733
0.188988 0.080098 0.171638
0.164972 0.090001 0.183993
0.165127 0.089940 0.183895
0.165313 0.089838 0.183884
0.165468 0.089778 0.183786
0.165653 0.089676 0.183775
0.165809 0.089615 0.183677
0.165993 0.089514 0.183667
0.166177 0.089412 0.183656
0.166332 0.089352 0.183559
0.166515 0.089251 0.183549
0.166670 0.089191 0.183452
0.166853 0.089090 0.183442
0.167035 0.088989 0.183432
0.167189 0.088929 0.183335
0.167343 0.088869 0.183239
0.169715 0.086814 0.185739
0.169887 0.086717 0.185736
0.170059 0.086621 0.185733
0.170230 0.086524 0.185731
0.170376 0.086468 0.185639
0.170547 0.086371 0.185637
0.170692 0.086315 0.185546
0.170862 0.086219 0.185544
0.171031 0.086123 0.185543
0.171201 0.086027 0.185542
0.171369 0.085932 0.185541
0.171538 0.085837 0.185540
0.171706 0.085741 0.185539
0.171873 0.085646 0.185539
0.172040 0.085552 0.185539
0.172207 0.085457 0.185540
0.172373 0.085362 0.185540
0.172561 0.085230 0.185632
0.172704 0.085174 0.185542
0.172869 0.085080 0.185544
0.173012 0.085024 0.185454
0.173177 0.084930 0.185456
0.173319 0.084875 0.185366
0.173462 0.084819 0.185276
0.173604 0.084764 0.185187
0.173747 0.084708 0.185097
0.173890 0.084653 0.185008
0.174032 0.084597 0.184918
0.174175 0.084542 0.184829
0.174297 0.084524 0.184647
0.174440 0.084468 0.184557
0.174563 0.084450 0.184375
0.174687 0.084432 0.184192
0.174811 0.084413 0.184009
0.174954 0.084357 0.183919
0.175098 0.084302 0.183829
0.175241 0.084246 0.183739
0.175385 0.084190 0.183649
0.175528 0.084134 0.183559
0.175707 0.084005 0.183656
0.175868 0.083912 0.183660
0.176011 0.083857 0.183570
0.176171 0.083765 0.183575
0.176331 0.083673 0.183580
0.176473 0.083617 0.183490
0.176632 0.083526 0.183495
0.176774 0.083470 0.183406
0.176933 0.083379 0.183411
0.177091 0.083287 0.183417
0.177233 0.083232 0.183328
0.177374 0.083177 0.183239
0.177532 0.083086 0.183245
0.177688 0.082995 0.183252
0.177845 0.082905 0.183259
0.177986 0.082850 0.183170
0.178142 0.082759 0.183177
0.178283 0.082704 0.183089
0.178424 0.082649 0.183000
0.178565 0.082595 0.182912
0.178706 0.082540 0.182823
0.178847 0.082485 0.182734
0.178987 0.082430 0.182646
0.179128 0.082375 0.182557
0.179269 0.082320 0.182469
0.179410 0.082265 0.182380
0.179551 0.082210 0.182292
0.179692 0.082156 0.182203
0.179833 0.082101 0.182115
0.179974 0.082046 0.182026
0.180115 0.081991 0.181938
0.180256 0.081936 0.181849
0.180397 0.081881 0.181761
0.180538 0.081826 0.181672
0.180679 0.081772 0.181584
0.180820 0.081717 0.181495
0.180961 0.081662 0.181407
0.181102 0.081607 0.181318
0.181243 0.081552 0.181229
0.181384 0.081497 0.181141
0.181525 0.081442 0.181052
0.181665 0.081387 0.180964
0.181806 0.081333 0.180875
0.181947 0.081278 0.180787
0.182079 0.081256 0.180599
0.182221 0.081201 0.180510
0.182362 0.081146 0.180422
0.182495 0.081124 0.180233
0.182628 0.081102 0.180044
0.182762 0.081080 0.179855
0.182903 0.081025 0.179766
0.183038 0.081002 0.179577
0.183172 0.080979 0.179387
0.183307 0.080957 0.179197
0.183443 0.080934 0.179007
0.183579 0.080910 0.178817
0.183722 0.080855 0.178727
0.183864 0.080799 0.178638
0.184001 0.080776 0.178447
0.184138 0.080752 0.178255
0.184282 0.080696 0.178166
0.184419 0.080673 0.177974
0.184563 0.080617 0.177884
0.184701 0.080593 0.177692
0.184840 0.080568 0.177500
0.184975 0.080576 0.177205
0.185114 0.080551 0.177012
0.185259 0.080495 0.176922
0.185395 0.080501 0.176626
0.185533 0.080507 0.176330
0.185671 0.080513 0.176033
0.185810 0.080518 0.175735
0.185950 0.080524 0.175438
0.186090 0.080528 0.175139
0.186234 0.080502 0.174944
0.186381 0.080445 0.174851
0.186526 0.080418 0.174655
0.186671 0.080391 0.174459
0.186819 0.080334 0.174367
0.186965 0.080307 0.174170
0.187111 0.080280 0.173973
0.187259 0.080222 0.173880
0.187406 0.080195 0.173683
0.187553 0.080167 0.173486
0.187700 0.080140 0.173288
0.187848 0.080112 0.173090
0.187997 0.080084 0.172892
0.188146 0.080085 0.172588
0.188295 0.080057 0.172389
0.188445 0.080028 0.172190
0.188595 0.079970 0.172096
0.188745 0.079941 0.171896
0.188896 0.079912 0.171697
0.165033 0.089778 0.183846
0.165219 0.089677 0.183835
0.165375 0.089616 0.183737
0.165560 0.089515 0.183726
0.165715 0.089454 0.183628
0.165900 0.089353 0.183618
0.166084 0.089251 0.183607
0.166239 0.089191 0.183510
0.166422 0.089090 0.183500
0.166577 0.089030 0.183403
0.166760 0.088929 0.183393
0.166914 0.088869 0.183296
0.167068 0.088809 0.183199
0.169653 0.086622 0.185782
0.169799 0.086565 0.185690
0.169971 0.086469 0.185687
0.170142 0.086373 0.185685
0.170288 0.086316 0.185593
0.170459 0.086220 0.185591
0.170604 0.086163 0.185500
0.170774 0.086068 0.185498
0.170944 0.085972 0.185497
0.171113 0.085877 0.185496
0.171282 0.085781 0.185495
0.171450 0.085686 0.185494
0.171618 0.085591 0.185494
0.171810 0.085458 0.185584
0.171977 0.085363 0.185584
0.172143 0.085269 0.185585
0.172309 0.085175 0.185586
0.172475 0.085081 0.185587
0.172640 0.084987 0.185588
0.172805 0.084893 0.185590
0.172948 0.084838 0.185500
0.173112 0.084744 0.185502
0.173255 0.084689 0.185413
0.173397 0.084633 0.185323
0.173539 0.084578 0.185234
0.173682 0.084522 0.185144
0.173824 0.084467 0.185055
0.173967 0.084412 0.184965
0.174109 0.084356 0.184876
0.174251 0.084301 0.184787
0.174394 0.084245 0.184697
0.174516 0.084227 0.184515
0.174640 0.084209 0.184332
0.174782 0.084153 0.184243
0.174906 0.084134 0.184060
0.175049 0.084079 0.183970
0.175192 0.084023 0.183880
0.175298 0.084041 0.183603
0.175442 0.083985 0.183513
0.175657 0.083783 0.183798
0.175818 0.083691 0.183803
0.175960 0.083636 0.183713
0.176085 0.083616 0.183530
0.176279 0.083452 0.183723
0.176438 0.083361 0.183728
0.176580 0.083306 0.183639
0.176722 0.083250 0.183550
0.176880 0.083159 0.183556
0.177021 0.083104 0.183467
0.177179 0.083013 0.183473
0.177320 0.082958 0.183385
0.177477 0.082868 0.183391
0.177634 0.082777 0.183398
0.177775 0.082722 0.183310
0.177916 0.082667 0.183221
0.178071 0.082577 0.183228
0.178212 0.082523 0.183140
0.178353 0.082468 0.183052
0.178494 0.082413 0.182963
0.178634 0.082358 0.182875
0.178775 0.082303 0.182786
0.178916 0.082249 0.182698
0.179057 0.082194 0.182610
0.179197 0.082139 0.182521
0.179338 0.082084 0.182433
0.179479 0.082029 0.182344
0.179620 0.081975 0.182256
0.179760 0.081920 0.182168
0.179901 0.081865 0.182079
0.180042 0.081810 0.181991
0.180183 0.081755 0.181902
0.180323 0.081701 0.181814
0.180453 0.081680 0.181628
0.180594 0.081625 0.181539
0.180735 0.081570 0.181450
0.180876 0.081515 0.181362
0.181017 0.081460 0.181273
0.181158 0.081405 0.181185
0.181298 0.081351 0.181096
0.181439 0.081296 0.181008
0.181580 0.081241 0.180919
0.181721 0.081186 0.180831
0.181862 0.081131 0.180742
0.181994 0.081109 0.180554
0.182135 0.081054 0.180466
0.182277 0.080999 0.180377
0.182409 0.080977 0.180188
0.182542 0.080955 0.180000
0.182684 0.080900 0.179911
0.182818 0.080877 0.179722
0.182952 0.080854 0.179532
0.183094 0.080799 0.179443
0.183229 0.080776 0.179253
0.183364 0.080753 0.179063
0.183506 0.080698 0.178974
0.183649 0.080642 0.178884
0.183785 0.080619 0.178694
0.183921 0.080595 0.178503
0.184064 0.080540 0.178413
0.184201 0.080516 0.178222
0.184344 0.080460 0.178132
0.184482 0.080436 0.177940
0.184620 0.080412 0.177748
0.184758 0.080387 0.177556
0.184897 0.080363 0.177364
0.185032 0.080369 0.177069
0.185176 0.080313 0.176978
0.185312 0.080319 0.176683
0.185449 0.080325 0.176386
0.185587 0.080330 0.176090
0.185725 0.080336 0.175792
0.185864 0.080340 0.175494
0.186005 0.080345 0.175196
0.186148 0.080318 0.175001
0.186293 0.080292 0.174805
0.186440 0.080234 0.174712
0.186585 0.080208 0.174516
0.186732 0.080150 0.174424
0.186877 0.080123 0.174227
0.187023 0.080096 0.174031
0.187171 0.080038 0.173938
0.187317 0.080011 0.173741
0.187464 0.079983 0.173543
0.187612 0.079955 0.173345
0.187759 0.079927 0.173148
0.187907 0.079899 0.172949
0.188056 0.079900 0.172646
0.188205 0.079872 0.172447
0.188354 0.079843 0.172248
0.188504 0.079785 0.172154
0.188654 0.079756 0.171954
0.188805 0.079727 0.171755
0.165126 0.089515 0.183786
0.165281 0.089455 0.183688
0.165436 0.089394 0.183590
0.165621 0.089293 0.183579
0.165806 0.089192 0.183569
0.165990 0.089091 0.183558
0.166145 0.089030 0.183461
0.166329 0.088930 0.183451
0.166483 0.088869 0.183354
0.166667 0.088769 0.183344
0.166821 0.088709 0.183247
0.169565 0.086470 0.185736
0.169737 0.086374 0.185733
0.169909 0.086278 0.185730
0.170054 0.086221 0.185639
0.170200 0.086164 0.185547
0.170371 0.086069 0.185545
0.170541 0.085973 0.185544
0.170711 0.085878 0.185542
0.170881 0.085782 0.185541
0.171050 0.085687 0.185540
0.171219 0.085592 0.185539
0.171387 0.085498 0.185539
0.171555 0.085403 0.185539
0.171723 0.085308 0.185539
0.171913 0.085176 0.185630
0.172080 0.085082 0.185630
0.172246 0.084988 0.185631
0.172411 0.084894 0.185633
0.172577 0.084800 0.185634
0.172719 0.084745 0.185545
0.172884 0.084652 0.185546
0.173026 0.084596 0.185457
0.173169 0.084541 0.185368
0.173333 0.084448 0.185370
0.173475 0.084392 0.185281
0.173617 0.084337 0.185191
0.173759 0.084282 0.185102
0.173901 0.084226 0.185013
0.174043 0.084171 0.184923
0.174186 0.084115 0.184834
0.174328 0.084060 0.184745
0.174450 0.084042 0.184563
0.174593 0.083986 0.184473
0.174696 0.084005 0.184198
0.174820 0.083986 0.184015
0.174963 0.083930 0.183925
0.175106 0.083874 0.183835
0.175323 0.083673 0.184120
0.175484 0.083581 0.184124
0.175626 0.083526 0.184035
0.175768 0.083470 0.183946
0.175874 0.083487 0.183668
0.176087 0.083288 0.183956
0.176228 0.083233 0.183867
0.176387 0.083141 0.183873
0.176528 0.083086 0.183784
0.176670 0.083031 0.183695
0.176828 0.082941 0.183701
0.176969 0.082886 0.183613
0.177110 0.082831 0.183524
0.177267 0.082740 0.183531
0.177408 0.082686 0.183442
0.177564 0.082595 0.183449
0.177705 0.082541 0.183361
0.177861 0.082451 0.183368
0.178001 0.082396 0.183280
0.178142 0.082341 0.183192
0.178283 0.082286 0.183103
0.178423 0.082232 0.183015
0.178564 0.082177 0.182927
0.178704 0.082122 0.182839
0.178845 0.082068 0.182750
0.178985 0.082013 0.182662
0.179126 0.081958 0.182574
0.179253 0.081938 0.182388
0.179394 0.081883 0.182300
0.179535 0.081828 0.182212
0.179675 0.081773 0.182123
0.179816 0.081719 0.182035
0.179957 0.081664 0.181946
0.180098 0.081609 0.181858
0.180238 0.081554 0.181770
0.180379 0.081499 0.181681
0.180520 0.081445 0.181593
0.180661 0.081390 0.181504
0.180801 0.081335 0.181416
0.180942 0.081280 0.181328
0.181083 0.081225 0.181239
0.181224 0.081171 0.181151
0.181364 0.081116 0.181062
0.181505 0.081061 0.180974
0.181636 0.081039 0.180786
0.181777 0.080984 0.180698
0.181918 0.080930 0.180609
0.182050 0.080907 0.180421
0.182191 0.080852 0.180332
0.182324 0.080830 0.180144
0.182465 0.080775 0.180055
0.182599 0.080752 0.179866
0.182732 0.080730 0.179677
0.182874 0.080674 0.179588
0.183016 0.080619 0.179499
0.183150 0.080596 0.179309
0.183292 0.080541 0.179220
0.183427 0.080518 0.179030
0.183563 0.080494 0.178839
0.183705 0.080439 0.178750
0.183847 0.080383 0.178660
0.183984 0.080359 0.178469
0.184126 0.080304 0.178380
0.184263 0.080280 0.178189
0.184401 0.080256 0.177997
0.184544 0.080200 0.177907
0.184677 0.080207 0.177613
0.184815 0.080182 0.177421
0.184954 0.080157 0.177228
0.185098 0.080101 0.177138
0.185229 0.080138 0.176740
0.185365 0.080143 0.176443
0.185503 0.080148 0.176146
0.185641 0.080153 0.175849
0.185780 0.080158 0.175551
0.185919 0.080162 0.175253
0.186063 0.080135 0.175058
0.186207 0.080108 0.174862
0.186353 0.080051 0.174770
0.186500 0.079994 0.174677
0.186645 0.079967 0.174481
0.186790 0.079940 0.174285
0.186938 0.079882 0.174192
0.187083 0.079855 0.173995
0.187229 0.079827 0.173798
0.187376 0.079799 0.173601
0.187523 0.079771 0.173403
0.187670 0.079743 0.173205
0.187818 0.079715 0.173007
0.187966 0.079687 0.172809
0.188115 0.079687 0.172505
0.188264 0.079629 0.172411
0.188413 0.079600 0.172212
0.188563 0.079571 0.172013
0.188714 0.079542 0.171813
0.188864 0.079513 0.171613
0.165187 0.089293 0.183639
0.165342 0.089233 0.183541
0.165528 0.089131 0.183530
0.165713 0.089030 0.183520
0.165868 0.088970 0.183422
0.166052 0.088869 0.183412
0.166236 0.088769 0.183402
0.166390 0.088709 0.183305
0.166545 0.088649 0.183208
0.169649 0.086222 0.185687
0.169821 0.086126 0.185684
0.169992 0.086031 0.185682
0.170138 0.085974 0.185591
0.170283 0.085917 0.185499
0.170479 0.085783 0.185587
0.170624 0.085727 0.185496
0.170818 0.085593 0.185585
0.170963 0.085537 0.185494
0.171156 0.085404 0.185584
0.171324 0.085309 0.185584
0.171492 0.085215 0.185584
0.171660 0.085121 0.185584
0.171827 0.085027 0.185584
0.172016 0.084895 0.185676
0.172182 0.084801 0.185677
0.172348 0.084708 0.185679
0.172491 0.084652 0.185589
0.172656 0.084559 0.185591
0.172798 0.084503 0.185501
0.172962 0.084410 0.185504
0.173105 0.084355 0.185414
0.173268 0.084262 0.185417
0.173410 0.084207 0.185328
0.173552 0.084152 0.185239
0.173694 0.084097 0.185149
0.173836 0.084041 0.185060
0.173978 0.083986 0.184971
0.174120 0.083931 0.184882
0.174262 0.083875 0.184793
0.174404 0.083820 0.184704
0.174546 0.083765 0.184614
0.174688 0.083710 0.184525
0.174830 0.083654 0.184436
0.175293 0.083416 0.184356
0.175453 0.083325 0.184361
0.175595 0.083270 0.184272
0.175736 0.083215 0.184183
0.175895 0.083124 0.184189
0.176037 0.083069 0.184100
0.176178 0.083014 0.184011
0.176319 0.082959 0.183923
0.176477 0.082868 0.183929
0.176618 0.082813 0.183840
0.176759 0.082758 0.183752
0.176916 0.082668 0.183758
0.177057 0.082613 0.183670
0.177198 0.082559 0.183581
0.177339 0.082504 0.183493
0.177495 0.082414 0.183500
0.177636 0.082359 0.183412
0.177776 0.082304 0.183324
0.177932 0.082215 0.183331
0.178072 0.082160 0.183243
0.178212 0.082106 0.183155
0.178353 0.082051 0.183067
0.178493 0.081996 0.182979
0.178633 0.081942 0.182891
0.178774 0.081887 0.182803
0.178900 0.081867 0.182618
0.179041 0.081812 0.182529
0.179181 0.081757 0.182441
0.179322 0.081703 0.182353
0.179463 0.081648 0.182264
0.179603 0.081593 0.182176
0.179744 0.081538 0.182088
0.179884 0.081484 0.182000
0.180025 0.081429 0.181911
0.180165 0.081374 0.181823
0.180294 0.081353 0.181637
0.180435 0.081298 0.181548
0.180576 0.081243 0.181460
0.180716 0.081189 0.181371
0.180857 0.081134 0.181283
0.180998 0.081079 0.181195
0.181139 0.081024 0.181106
0.181279 0.080970 0.181018
0.181420 0.080915 0.180929
0.181561 0.080860 0.180841
0.181692 0.080838 0.180653
0.181833 0.080783 0.180565
0.181965 0.080761 0.180376
0.182106 0.080706 0.180288
0.182239 0.080683 0.180099
0.182380 0.080628 0.180010
0.182513 0.080605 0.179821
0.182655 0.080550 0.179732
0.182788 0.080527 0.179543
0.182930 0.080472 0.179454
0.183064 0.080449 0.179264
0.183206 0.080393 0.179175
0.183348 0.080338 0.179086
0.183484 0.080314 0.178895
0.183626 0.080259 0.178806
0.183762 0.080235 0.178615
0.183904 0.080180 0.178526
0.184046 0.080124 0.178436
0.184183 0.080100 0.178245
0.184320 0.080076 0.178054
0.184457 0.080051 0.177862
0.184595 0.080027 0.177670
0.184733 0.080002 0.177478
0.184867 0.080008 0.177183
0.185011 0.079952 0.177092
0.185146 0.079957 0.176797
0.185282 0.079962 0.176500
0.185419 0.079967 0.176204
0.185557 0.079971 0.175906
0.185695 0.079975 0.175608
0.185837 0.079949 0.175413
0.185980 0.079922 0.175218
0.186121 0.079925 0.174919
0.186268 0.079868 0.174827
0.186414 0.079811 0.174735
0.186559 0.079784 0.174539
0.186703 0.079757 0.174342
0.186849 0.079729 0.174146
0.186996 0.079672 0.174053
0.187142 0.079644 0.173856
0.187288 0.079616 0.173659
0.187435 0.079588 0.173461
0.187582 0.079560 0.173263
0.187729 0.079531 0.173065
0.187877 0.079532 0.172762
0.188025 0.079503 0.172563
0.188174 0.079445 0.172470
0.188323 0.079445 0.172165
0.188473 0.079387 0.172071
0.188623 0.079357 0.171872
0.188773 0.079328 0.171672
0.169561 0.086071 0.185641
0.169733 0.085975 0.185638
0.169904 0.085879 0.185636
0.170050 0.085823 0.185545
0.170221 0.085727 0.185543
0.170391 0.085632 0.185542
0.170561 0.085537 0.185540
0.170731 0.085443 0.185539
0.170900 0.085348 0.185539
0.171069 0.085254 0.185538
0.171261 0.085121 0.185628
0.171429 0.085027 0.185629
0.171597 0.084933 0.185629
0.171787 0.084802 0.185721
0.171930 0.084746 0.185631
0.172096 0.084653 0.185632
0.172262 0.084559 0.185634
0.172427 0.084466 0.185635
0.172592 0.084373 0.185637
0.172734 0.084318 0.185548
0.172877 0.084263 0.185459
0.173041 0.084170 0.185461
0.173183 0.084115 0.185372
0.173325 0.084059 0.185283
0.173488 0.083967 0.185286
0.173630 0.083912 0.185197
0.173771 0.083857 0.185108
0.173913 0.083801 0.185019
0.174055 0.083746 0.184930
0.174197 0.083691 0.184841
0.174359 0.083599 0.184845
0.174500 0.083544 0.184756
0.174661 0.083453 0.184760
0.174822 0.083361 0.184765
0.174963 0.083306 0.184676
0.175124 0.083215 0.184681
0.175264 0.083161 0.184592
0.175405 0.083106 0.184504
0.175546 0.083051 0.184415
0.175706 0.082960 0.184421
0.175846 0.082905 0.184333
0.175987 0.082850 0.184244
0.176128 0.082796 0.184156
0.176269 0.082741 0.184067
0.176409 0.082686 0.183979
0.176550 0.082631 0.183891
0.176691 0.082577 0.183802
0.176848 0.082487 0.183809
0.176989 0.082432 0.183721
0.177129 0.082377 0.183632
0.177270 0.082322 0.183544
0.177410 0.082268 0.183456
0.177566 0.082178 0.183463
0.177707 0.082124 0.183375
0.177847 0.082069 0.183287
0.177987 0.082014 0.183199
0.178128 0.081960 0.183111
0.178268 0.081905 0.183023
0.178408 0.081850 0.182935
0.178549 0.081796 0.182846
0.178689 0.081741 0.182758
0.178829 0.081686 0.182670
0.178970 0.081632 0.182582
0.179110 0.081577 0.182494
0.179250 0.081523 0.182406
0.179378 0.081502 0.182220
0.179518 0.081447 0.182132
0.179659 0.081392 0.182044
0.179799 0.081338 0.181955
0.179940 0.081283 0.181867
0.180080 0.081228 0.181779
0.180221 0.081173 0.181690
0.180361 0.081119 0.181602
0.180502 0.081064 0.181514
0.180643 0.081009 0.181426
0.180783 0.080955 0.181337
0.180924 0.080900 0.181249
0.181064 0.080845 0.181161
0.181205 0.080790 0.181073
0.181335 0.080768 0.180885
0.181476 0.080714 0.180797
0.181617 0.080659 0.180708
0.181748 0.080636 0.180520
0.181889 0.080581 0.180432
0.182021 0.080559 0.180243
0.182162 0.080504 0.180154
0.182295 0.080481 0.179966
0.182436 0.080426 0.179877
0.182569 0.080403 0.179688
0.182711 0.080348 0.179599
0.182845 0.080324 0.179409
0.182986 0.080269 0.179320
0.183128 0.080214 0.179231
0.183263 0.080190 0.179041
0.183405 0.080135 0.178952
0.183547 0.080080 0.178862
0.183682 0.080056 0.178672
0.183824 0.080000 0.178582
0.183960 0.079976 0.178391
0.184103 0.079921 0.178302
0.184239 0.079896 0.178111
0.184377 0.079872 0.177919
0.184514 0.079847 0.177727
0.184652 0.079822 0.177535
0.184785 0.079827 0.177240
0.184929 0.079771 0.177150
0.185064 0.079776 0.176854
0.185199 0.079781 0.176558
0.185335 0.079786 0.176261
0.185473 0.079790 0.175963
0.185611 0.079793 0.175666
0.185753 0.079767 0.175471
0.185895 0.079740 0.175276
0.186038 0.079713 0.175080
0.186182 0.079686 0.174884
0.186328 0.079629 0.174792
0.186472 0.079602 0.174596
0.186617 0.079574 0.174400
0.186764 0.079517 0.174308
0.186909 0.079489 0.174111
0.187054 0.079461 0.173914
0.187200 0.079433 0.173717
0.187347 0.079405 0.173519
0.187493 0.079376 0.173322
0.187640 0.079348 0.173124
0.187788 0.079319 0.172925
0.187936 0.079319 0.172621
0.188084 0.079261 0.172528
0.188233 0.079232 0.172329
0.188382 0.079203 0.172130
0.188532 0.079173 0.171930
0.188682 0.079144 0.171730
0.188831 0.079085 0.171636
0.169473 0.085919 0.185595
0.169671 0.085785 0.185682
0.169843 0.085689 0.185680
0.169988 0.085633 0.185588
0.170133 0.085576 0.185497
0.170304 0.085482 0.185496
0.170474 0.085387 0.185495
0.170644 0.085292 0.185494
0.170838 0.085160 0.185583
0.171006 0.085066 0.185583
0.171175 0.084972 0.185583
0.171367 0.084840 0.185674
0.171534 0.084746 0.185675
0.171701 0.084653 0.185675
0.171867 0.084560 0.185677
0.172033 0.084466 0.185678
0.172199 0.084374 0.185680
0.172341 0.084318 0.185590
0.172506 0.084225 0.185592
0.172671 0.084133 0.185595
0.172813 0.084078 0.185505
0.172955 0.084022 0.185416
0.173097 0.083967 0.185327
0.173261 0.083875 0.185330
0.173402 0.083820 0.185241
0.173544 0.083764 0.185152
0.173686 0.083709 0.185063
0.173848 0.083617 0.185067
0.174011 0.083526 0.185070
0.174152 0.083471 0.184982
0.174314 0.083379 0.184986
0.174455 0.083325 0.184897
0.174616 0.083233 0.184902
0.174776 0.083142 0.184907
0.174936 0.083052 0.184912
0.175096 0.082961 0.184917
0.175236 0.082906 0.184829
0.175377 0.082852 0.184741
0.175517 0.082797 0.184653
0.175657 0.082742 0.184565
0.175798 0.082688 0.184477
0.175920 0.082669 0.184294
0.176061 0.082614 0.184206
0.176201 0.082559 0.184118
0.176342 0.082504 0.184029
0.176482 0.082450 0.183941
0.176623 0.082395 0.183853
0.176763 0.082340 0.183765
0.176904 0.082286 0.183676
0.177044 0.082231 0.183588
0.177201 0.082141 0.183595
0.177341 0.082087 0.183507
0.177482 0.082032 0.183419
0.177622 0.081978 0.183331
0.177778 0.081889 0.183339
0.177918 0.081834 0.183251
0.178058 0.081779 0.183163
0.178198 0.081725 0.183075
0.178338 0.081670 0.182987
0.178478 0.081616 0.182899
0.178604 0.081595 0.182714
0.178745 0.081541 0.182626
0.178885 0.081486 0.182538
0.179025 0.081431 0.182449
0.179166 0.081377 0.182361
0.179306 0.081322 0.182273
0.179446 0.081267 0.182185
0.179587 0.081213 0.182097
0.179727 0.081158 0.182009
0.179855 0.081137 0.181823
0.179996 0.081082 0.181734
0.180136 0.081027 0.181646
0.180277 0.080973 0.181558
0.180417 0.080918 0.181469
0.180558 0.080863 0.181381
0.180698 0.080808 0.181293
0.180839 0.080754 0.181205
0.180979 0.080699 0.181116
0.181120 0.080644 0.181028
0.181260 0.080590 0.180940
0.181391 0.080567 0.180752
0.181532 0.080512 0.180664
0.181663 0.080490 0.180476
0.181804 0.080435 0.180387
0.181945 0.080380 0.180298
0.182077 0.080357 0.180110
0.182218 0.080302 0.180021
0.182351 0.080279 0.179832
0.182492 0.080224 0.179743
0.182625 0.080200 0.179554
0.182767 0.080145 0.179465
0.182908 0.080090 0.179376
0.183043 0.080067 0.179186
0.183184 0.080011 0.179097
0.183326 0.079956 0.179008
0.183461 0.079932 0.178818
0.183603 0.079877 0.178728
0.183745 0.079822 0.178639
0.183881 0.079797 0.178448
0.184023 0.079742 0.178359
0.184159 0.079717 0.178168
0.184296 0.079692 0.177976
0.184433 0.079667 0.177784
0.184571 0.079642 0.177592
0.184704 0.079648 0.177297
0.184847 0.079592 0.177207
0.184981 0.079596 0.176911
0.185116 0.079601 0.176615
0.185252 0.079605 0.176318
0.185389 0.079609 0.176021
0.185530 0.079582 0.175826
0.185668 0.079585 0.175528
0.185811 0.079558 0.175333
0.185953 0.079531 0.175138
0.186099 0.079474 0.175046
0.186243 0.079447 0.174850
0.186386 0.079420 0.174654
0.186531 0.079392 0.174458
0.186677 0.079335 0.174366
0.186822 0.079307 0.174169
0.186967 0.079279 0.173972
0.187113 0.079251 0.173775
0.187259 0.079222 0.173578
0.187405 0.079194 0.173380
0.187552 0.079165 0.173182
0.187699 0.079136 0.172984
0.187846 0.079136 0.172680
0.187995 0.079078 0.172587
0.188143 0.079049 0.172388
0.188292 0.079019 0.172188
0.188441 0.078961 0.172095
0.188592 0.078988 0.171683
0.188741 0.078930 0.171589
0.169583 0.085633 0.185636
0.169755 0.085538 0.185634
0.169900 0.085482 0.185542
0.170071 0.085387 0.185541
0.170242 0.085293 0.185540
0.170386 0.085236 0.185449
0.170581 0.085104 0.185538
0.170751 0.085010 0.185538
0.170944 0.084878 0.185628
0.171112 0.084784 0.185628
0.171304 0.084653 0.185719
0.171472 0.084560 0.185720
0.171638 0.084467 0.185721
0.171805 0.084374 0.185723
0.171971 0.084281 0.185724
0.172113 0.084225 0.185635
0.172278 0.084133 0.185637
0.172421 0.084077 0.185547
0.172585 0.083985 0.185550
0.172727 0.083930 0.185461
0.172869 0.083875 0.185371
0.173033 0.083783 0.185374
0.173175 0.083727 0.185285
0.173317 0.083672 0.185196
0.173480 0.083580 0.185200
0.173621 0.083525 0.185111
0.173784 0.083434 0.185115
0.173925 0.083379 0.185026
0.174087 0.083288 0.185030
0.174249 0.083197 0.185034
0.174410 0.083106 0.185039
0.174550 0.083051 0.184951
0.174711 0.082960 0.184956
0.174871 0.082870 0.184961
0.175011 0.082815 0.184873
0.175152 0.082760 0.184785
0.175292 0.082706 0.184697
0.175432 0.082651 0.184609
0.175573 0.082596 0.184521
0.175713 0.082542 0.184432
0.175853 0.082487 0.184344
0.175976 0.082468 0.184161
0.176116 0.082413 0.184073
0.176257 0.082358 0.183985
0.176397 0.082304 0.183897
0.176538 0.082249 0.183808
0.176678 0.082194 0.183720
0.176819 0.082139 0.183632
0.176960 0.082085 0.183544
0.177116 0.081996 0.183551
0.177257 0.081941 0.183463
0.177397 0.081886 0.183375
0.177537 0.081832 0.183287
0.177693 0.081743 0.183295
0.177833 0.081688 0.183207
0.177973 0.081634 0.183119
0.178113 0.081579 0.183031
0.178253 0.081525 0.182943
0.178394 0.081470 0.182855
0.178534 0.081415 0.182767
0.178674 0.081361 0.182678
0.178814 0.081306 0.182590
0.178941 0.081285 0.182405
0.179081 0.081231 0.182317
0.179221 0.081176 0.182229
0.179362 0.081121 0.182141
0.179502 0.081067 0.182053
0.179642 0.081012 0.181964
0.179783 0.080957 0.181876
0.179923 0.080903 0.181788
0.180063 0.080848 0.181700
0.180204 0.080794 0.181612
0.180344 0.080739 0.181524
0.180484 0.080684 0.181436
0.180613 0.080662 0.181249
0.180754 0.080607 0.181160
0.180895 0.080553 0.181072
0.181035 0.080498 0.180984
0.181176 0.080443 0.180895
0.181306 0.080421 0.180708
0.181447 0.080366 0.180619
0.181588 0.080311 0.180531
0.181719 0.080288 0.180342
0.181860 0.080233 0.180254
0.182001 0.080178 0.180165
0.182133 0.080155 0.179977
0.182274 0.080100 0.179888
0.182407 0.080077 0.179699
0.182548 0.080022 0.179610
0.182689 0.079967 0.179521
0.182823 0.079943 0.179331
0.182965 0.079888 0.179242
0.183099 0.079864 0.179052
0.183241 0.079809 0.178963
0.183382 0.079753 0.178874
0.183517 0.079729 0.178684
0.183659 0.079674 0.178594
0.183801 0.079619 0.178505
0.183937 0.079594 0.178314
0.184079 0.079539 0.178225
0.184216 0.079514 0.178033
0.184353 0.079489 0.177841
0.184484 0.079494 0.177547
0.184622 0.079468 0.177354
0.184761 0.079443 0.177162
0.184899 0.079417 0.176969
0.185034 0.079421 0.176672
0.185169 0.079425 0.176375
0.185310 0.079398 0.176181
0.185446 0.079401 0.175884
0.185584 0.079404 0.175586
0.185726 0.079377 0.175391
0.185868 0.079350 0.175195
0.186014 0.079293 0.175104
0.186157 0.079266 0.174908
0.186301 0.079238 0.174712
0.186444 0.079210 0.174516
0.186589 0.079182 0.174319
0.186735 0.079125 0.174227
0.186880 0.079097 0.174030
0.187026 0.079069 0.173833
0.187171 0.079040 0.173636
0.187317 0.079011 0.173438
0.187464 0.078983 0.173240
0.187611 0.078954 0.173042
0.187758 0.078924 0.172844
0.187906 0.078895 0.172645
0.188054 0.078866 0.172446
0.188202 0.078836 0.172247
0.188351 0.078778 0.172154
0.169667 0.085387 0.185588
0.169813 0.085331 0.185497
0.170009 0.085198 0.185585
0.170180 0.085104 0.185584
0.170324 0.085048 0.185493
0.170519 0.084916 0.185583
0.170713 0.084784 0.185673
0.170882 0.084691 0.185673
0.171075 0.084560 0.185764
0.171242 0.084467 0.185765
0.171409 0.084374 0.185766
0.171576 0.084281 0.185767
0.171742 0.084188 0.185769
0.171885 0.084133 0.185679
0.172051 0.084040 0.185681
0.172193 0.083985 0.185592
0.172358 0.083893 0.185594
0.172500 0.083837 0.185505
0.172642 0.083782 0.185416
0.172806 0.083690 0.185419
0.172948 0.083635 0.185330
0.173090 0.083580 0.185241
0.173253 0.083488 0.185244
0.173395 0.083433 0.185155
0.173536 0.083378 0.185066
0.173699 0.083287 0.185070
0.173840 0.083232 0.184981
0.174002 0.083141 0.184985
0.174164 0.083050 0.184990
0.174325 0.082959 0.184995
0.174466 0.082904 0.184906
0.174626 0.082814 0.184911
0.174786 0.082724 0.184917
0.174927 0.082669 0.184829
0.175067 0.082614 0.184741
0.175207 0.082560 0.184652
0.175348 0.082505 0.184564
0.175488 0.082451 0.184476
0.175628 0.082396 0.184388
0.175769 0.082341 0.184300
0.175891 0.082322 0.184117
0.176031 0.082267 0.184029
0.176172 0.082212 0.183940
0.176313 0.082157 0.183852
0.176453 0.082103 0.183764
0.176594 0.082048 0.183676
0.176734 0.081993 0.183587
0.176875 0.081939 0.183499
0.177015 0.081884 0.183411
0.177172 0.081795 0.183418
0.177312 0.081740 0.183330
0.177453 0.081686 0.183242
0.177608 0.081597 0.183250
0.177749 0.081542 0.183162
0.177889 0.081488 0.183074
0.178029 0.081433 0.182986
0.178169 0.081379 0.182898
0.178309 0.081324 0.182810
0.178449 0.081270 0.182722
0.178589 0.081215 0.182634
0.178729 0.081161 0.182546
0.178870 0.081106 0.182458
0.179010 0.081051 0.182370
0.179150 0.080997 0.182282
0.179290 0.080942 0.182194
0.179417 0.080921 0.182008
0.179558 0.080866 0.181920
0.179698 0.080811 0.181832
0.179838 0.080757 0.181744
0.179979 0.080702 0.181656
0.180119 0.080648 0.181567
0.180259 0.080593 0.181479
0.180400 0.080538 0.181391
0.180540 0.080484 0.181303
0.180680 0.080429 0.181215
0.180810 0.080407 0.181028
0.180950 0.080352 0.180939
0.181091 0.080297 0.180851
0.181231 0.080242 0.180763
0.181362 0.080220 0.180575
0.181503 0.080165 0.180486
0.181643 0.080110 0.180398
0.181775 0.080087 0.180209
0.181916 0.080032 0.180121
0.182048 0.080008 0.179932
0.182189 0.079953 0.179843
0.182330 0.079899 0.179755
0.182463 0.079875 0.179565
0.182604 0.079820 0.179476
0.182746 0.079765 0.179388
0.182879 0.079741 0.179198
0.183021 0.079686 0.179109
0.183155 0.079661 0.178918
0.183297 0.079606 0.178829
0.183439 0.079551 0.178740
0.183580 0.079496 0.178651
0.183716 0.079471 0.178460
0.183858 0.079416 0.178371
0.183993 0.079391 0.178180
0.184130 0.079366 0.177988
0.184266 0.079340 0.177796
0.184404 0.079315 0.177604
0.184536 0.079319 0.177309
0.184669 0.079323 0.177013
0.184813 0.079267 0.176923
0.184952 0.079241 0.176730
0.185087 0.079245 0.176433
0.185222 0.079248 0.176136
0.185363 0.079221 0.175941
0.185504 0.079194 0.175747
0.185642 0.079196 0.175448
0.185787 0.079139 0.175357
0.185929 0.079112 0.175162
0.186072 0.079084 0.174966
0.186215 0.079057 0.174770
0.186359 0.079029 0.174574
0.186503 0.079001 0.174377
0.186647 0.078972 0.174181
0.186792 0.078944 0.173984
0.186939 0.078887 0.173892
0.187084 0.078858 0.173694
0.187230 0.078829 0.173497
0.187376 0.078800 0.173299
0.187522 0.078771 0.173101
0.187669 0.078742 0.172903
0.187817 0.078713 0.172704
0.187964 0.078683 0.172505
0.188113 0.078625 0.172412
0.188261 0.078568 0.172319
0.188410 0.078538 0.172119
0.168881 0.085481 0.186087
0.169026 0.085424 0.185996
0.169922 0.085048 0.185539
0.170092 0.084954 0.185538
0.170314 0.084784 0.185718
0.170483 0.084691 0.185718
0.170652 0.084597 0.185718
0.170820 0.084504 0.185718
0.170988 0.084411 0.185719
0.171156 0.084318 0.185719
0.171323 0.084225 0.185721
0.171490 0.084133 0.185722
0.171657 0.084040 0.185724
0.171799 0.083985 0.185634
0.171965 0.083892 0.185636
0.172130 0.083800 0.185638
0.172272 0.083745 0.185549
0.172414 0.083690 0.185460
0.172579 0.083598 0.185463
0.172720 0.083543 0.185374
0.172862 0.083488 0.185285
0.173004 0.083432 0.185196
0.173167 0.083341 0.185199
0.173309 0.083286 0.185110
0.173451 0.083231 0.185021
0.173613 0.083140 0.185025
0.173776 0.083049 0.185029
0.173917 0.082994 0.184941
0.174079 0.082903 0.184945
0.174220 0.082848 0.184857
0.174381 0.082758 0.184862
0.174541 0.082668 0.184867
0.174682 0.082613 0.184779
0.174842 0.082523 0.184784
0.174982 0.082468 0.184696
0.175123 0.082414 0.184608
0.175263 0.082359 0.184520
0.175403 0.082305 0.184432
0.175525 0.082285 0.184249
0.175666 0.082230 0.184161
0.175806 0.082175 0.184073
0.175947 0.082121 0.183984
0.176070 0.082101 0.183801
0.176210 0.082046 0.183713
0.176351 0.081991 0.183624
0.176492 0.081936 0.183536
0.176649 0.081847 0.183543
0.176790 0.081792 0.183455
0.176930 0.081738 0.183366
0.177087 0.081649 0.183374
0.177228 0.081594 0.183286
0.177368 0.081540 0.183198
0.177508 0.081485 0.183110
0.177649 0.081430 0.183022
0.177804 0.081342 0.183030
0.177944 0.081288 0.182942
0.178084 0.081233 0.182854
0.178224 0.081178 0.182766
0.178365 0.081124 0.182678
0.178505 0.081069 0.182590
0.178645 0.081015 0.182502
0.178785 0.080960 0.182414
0.178925 0.080906 0.182326
0.179065 0.080851 0.182238
0.179205 0.080797 0.182150
0.179345 0.080742 0.182062
0.179486 0.080688 0.181974
0.179626 0.080633 0.181886
0.179766 0.080578 0.181798
0.179894 0.080556 0.181611
0.180034 0.080502 0.181523
0.180175 0.080447 0.181435
0.180315 0.080392 0.181347
0.180455 0.080338 0.181259
0.180596 0.080283 0.181171
0.180736 0.080228 0.181082
0.180865 0.080206 0.180895
0.181006 0.080151 0.180807
0.181147 0.080096 0.180718
0.181277 0.080073 0.180530
0.181418 0.080018 0.180442
0.181558 0.079964 0.180353
0.181690 0.079940 0.180165
0.181831 0.079885 0.180076
0.181972 0.079830 0.179988
0.182104 0.079807 0.179799
0.182245 0.079752 0.179710
0.182386 0.079697 0.179621
0.182519 0.079673 0.179432
0.182660 0.079618 0.179343
0.182802 0.079563 0.179254
0.182935 0.079538 0.179064
0.183077 0.079483 0.178975
0.183218 0.079428 0.178886
0.183353 0.079403 0.178695
0.183495 0.079348 0.178606
0.183637 0.079293 0.178517
0.183772 0.079268 0.178326
0.183914 0.079213 0.178237
0.184050 0.079187 0.178046
0.184186 0.079162 0.177854
0.184317 0.079166 0.177559
0.184455 0.079140 0.177366
0.184587 0.079144 0.177071
0.184731 0.079088 0.176981
0.184865 0.079092 0.176684
0.185004 0.079065 0.176491
0.185139 0.079068 0.176193
0.185280 0.079041 0.175999
0.185416 0.079043 0.175701
0.185558 0.079016 0.175506
0.185699 0.078988 0.175311
0.185842 0.078961 0.175115
0.185987 0.078904 0.175024
0.186130 0.078876 0.174828
0.186273 0.078848 0.174632
0.186414 0.078848 0.174331
0.186561 0.078791 0.174239
0.186705 0.078763 0.174042
0.186850 0.078734 0.173845
0.186995 0.078705 0.173648
0.187142 0.078648 0.173555
0.187288 0.078619 0.173358
0.187434 0.078590 0.173160
0.187581 0.078560 0.172961
0.187728 0.078531 0.172763
0.187876 0.078473 0.172670
0.188024 0.078443 0.172471
0.188172 0.078386 0.172378
0.188320 0.078356 0.172179
0.168793 0.085330 0.186041
0.168965 0.085235 0.186039
0.169110 0.085179 0.185948
0.169282 0.085085 0.185947
0.169427 0.085028 0.185856
0.170227 0.084635 0.185672
0.170396 0.084541 0.185672
0.170565 0.084448 0.185672
0.170734 0.084355 0.185673
0.170877 0.084299 0.185583
0.171261 0.084040 0.185766
0.171428 0.083947 0.185768
0.171571 0.083892 0.185679
0.171737 0.083800 0.185680
0.171879 0.083744 0.185591
0.172044 0.083653 0.185594
0.172186 0.083597 0.185504
0.172328 0.083542 0.185415
0.172493 0.083451 0.185418
0.172635 0.083395 0.185329
0.172777 0.083340 0.185240
0.172918 0.083285 0.185151
0.173082 0.083194 0.185154
0.173224 0.083139 0.185065
0.173387 0.083048 0.185069
0.173528 0.082993 0.184981
0.173691 0.082902 0.184985
0.173832 0.082847 0.184896
0.173994 0.082757 0.184901
0.174155 0.082666 0.184906
0.174296 0.082612 0.184817
0.174456 0.082522 0.184823
0.174597 0.082467 0.184734
0.174738 0.082412 0.184646
0.174878 0.082357 0.184558
0.175038 0.082268 0.184564
0.175178 0.082213 0.184476
0.175300 0.082193 0.184293
0.175440 0.082139 0.184205
0.175581 0.082084 0.184116
0.175703 0.082064 0.183933
0.175844 0.082009 0.183845
0.175985 0.081954 0.183757
0.176125 0.081899 0.183668
0.176266 0.081845 0.183580
0.176407 0.081790 0.183491
0.176548 0.081735 0.183403
0.176705 0.081646 0.183410
0.176846 0.081591 0.183322
0.176986 0.081537 0.183234
0.177143 0.081448 0.183242
0.177283 0.081394 0.183153
0.177424 0.081339 0.183065
0.177564 0.081284 0.182977
0.177720 0.081196 0.182986
0.177860 0.081142 0.182898
0.178000 0.081087 0.182810
0.178140 0.081033 0.182722
0.178280 0.080978 0.182634
0.178420 0.080924 0.182546
0.178560 0.080869 0.182458
0.178714 0.080782 0.182467
0.178854 0.080727 0.182379
0.178994 0.080673 0.182291
0.179134 0.080618 0.182204
0.179274 0.080564 0.182116
0.179401 0.080542 0.181930
0.179541 0.080487 0.181842
0.179681 0.080433 0.181754
0.179821 0.080378 0.181665
0.179962 0.080324 0.181577
0.180090 0.080301 0.181391
0.180230 0.080246 0.181302
0.180370 0.080192 0.181214
0.180511 0.080137 0.181126
0.180651 0.080082 0.181038
0.180791 0.080028 0.180950
0.180921 0.080005 0.180762
0.181062 0.079950 0.180674
0.181202 0.079895 0.180586
0.181333 0.079872 0.180397
0.181474 0.079817 0.180309
0.181614 0.079762 0.180221
0.181746 0.079739 0.180032
0.181887 0.079684 0.179943
0.182027 0.079629 0.179855
0.182168 0.079574 0.179766
0.182301 0.079550 0.179577
0.182442 0.079495 0.179488
0.182583 0.079440 0.179399
0.182716 0.079416 0.179209
0.182858 0.079361 0.179121
0.182999 0.079306 0.179032
0.183133 0.079281 0.178841
0.183275 0.079226 0.178752
0.183416 0.079171 0.178664
0.183551 0.079146 0.178473
0.183693 0.079090 0.178384
0.183834 0.079035 0.178295
0.183970 0.079010 0.178103
0.184100 0.079014 0.177809
0.184237 0.078988 0.177617
0.184369 0.078992 0.177321
0.184501 0.078995 0.177026
0.184644 0.078939 0.176935
0.184783 0.078913 0.176742
0.184917 0.078915 0.176445
0.185057 0.078888 0.176251
0.185192 0.078890 0.175953
0.185333 0.078863 0.175759
0.185474 0.078836 0.175564
0.185615 0.078808 0.175369
0.185757 0.078780 0.175174
0.185899 0.078752 0.174978
0.186042 0.078724 0.174782
0.186185 0.078696 0.174586
0.186328 0.078668 0.174390
0.186472 0.078639 0.174193
0.186617 0.078610 0.173996
0.186763 0.078553 0.173904
0.186908 0.078524 0.173707
0.187053 0.078495 0.173509
0.187199 0.078466 0.173311
0.187346 0.078408 0.173219
0.187493 0.078379 0.173020
0.187639 0.078349 0.172822
0.187787 0.078292 0.172729
0.187935 0.078262 0.172530
0.188082 0.078204 0.172437
0.188230 0.078146 0.172345
0.188378 0.078116 0.172145
0.168878 0.085085 0.185993
0.169023 0.085028 0.185902
0.169195 0.084934 0.185901
0.169339 0.084878 0.185810
0.171033 0.083947 0.185811
0.171175 0.083891 0.185721
0.171342 0.083799 0.185723
0.171509 0.083707 0.185725
0.171651 0.083652 0.185636
0.171817 0.083560 0.185638
0.171959 0.083505 0.185549
0.172101 0.083450 0.185459
0.172266 0.083358 0.185462
0.172408 0.083303 0.185373
0.172549 0.083248 0.185284
0.172691 0.083193 0.185195
0.172855 0.083102 0.185199
0.172997 0.083047 0.185110
0.173138 0.082991 0.185021
0.173301 0.082901 0.185025
0.173443 0.082846 0.184936
0.173605 0.082755 0.184940
0.173746 0.082700 0.184852
0.173908 0.082610 0.184856
0.174070 0.082520 0.184861
0.174211 0.082465 0.184773
0.174372 0.082375 0.184778
0.174512 0.082321 0.184690
0.174653 0.082266 0.184602
0.174793 0.082211 0.184513
0.174934 0.082157 0.184425
0.175074 0.082102 0.184337
0.175215 0.082047 0.184249
0.175355 0.081992 0.184160
0.175477 0.081972 0.183977
0.175618 0.081917 0.183889
0.175759 0.081863 0.183800
0.175882 0.081842 0.183617
0.176023 0.081787 0.183528
0.176164 0.081732 0.183440
0.176305 0.081677 0.183351
0.176463 0.081589 0.183358
0.176603 0.081534 0.183270
0.176761 0.081445 0.183278
0.176901 0.081391 0.183189
0.177058 0.081302 0.183197
0.177198 0.081248 0.183109
0.177355 0.081160 0.183117
0.177495 0.081105 0.183029
0.177635 0.081051 0.182941
0.177775 0.080996 0.182853
0.177915 0.080942 0.182765
0.178055 0.080887 0.182677
0.178210 0.080800 0.182687
0.178350 0.080745 0.182599
0.178490 0.080691 0.182511
0.178630 0.080636 0.182423
0.178770 0.080582 0.182335
0.178910 0.080527 0.182247
0.179050 0.080473 0.182159
0.179190 0.080418 0.182071
0.179329 0.080364 0.181984
0.179469 0.080309 0.181896
0.179609 0.080255 0.181808
0.179749 0.080200 0.181720
0.179877 0.080178 0.181533
0.180017 0.080123 0.181445
0.180157 0.080069 0.181357
0.180297 0.080014 0.181269
0.180437 0.079960 0.181181
0.180566 0.079937 0.180994
0.180707 0.079882 0.180906
0.180847 0.079827 0.180817
0.180977 0.079804 0.180629
0.181117 0.079749 0.180541
0.181258 0.079694 0.180453
0.181389 0.079671 0.180264
0.181529 0.079616 0.180176
0.181670 0.079561 0.180088
0.181801 0.079537 0.179899
0.181942 0.079482 0.179810
0.182083 0.079427 0.179722
0.182224 0.079373 0.179633
0.182357 0.079348 0.179443
0.182498 0.079293 0.179355
0.182639 0.079238 0.179266
0.182780 0.079183 0.179177
0.182914 0.079159 0.178987
0.183055 0.079103 0.178898
0.183196 0.079048 0.178810
0.183338 0.078993 0.178721
0.183472 0.078968 0.178530
0.183614 0.078913 0.178441
0.183749 0.078888 0.178250
0.183884 0.078862 0.178058
0.184020 0.078836 0.177866
0.184151 0.078840 0.177571
0.184282 0.078843 0.177276
0.184420 0.078817 0.177083
0.184563 0.078761 0.176993
0.184696 0.078763 0.176697
0.184835 0.078736 0.176503
0.184970 0.078738 0.176206
0.185105 0.078740 0.175908
0.185245 0.078712 0.175713
0.185386 0.078685 0.175518
0.185528 0.078657 0.175323
0.185669 0.078629 0.175128
0.185815 0.078572 0.175036
0.185957 0.078544 0.174840
0.186097 0.078544 0.174540
0.186240 0.078515 0.174343
0.186384 0.078487 0.174147
0.186528 0.078458 0.173950
0.186675 0.078400 0.173857
0.186819 0.078371 0.173660
0.186965 0.078342 0.173462
0.187112 0.078285 0.173370
0.187257 0.078255 0.173172
0.187404 0.078225 0.172974
0.187551 0.078168 0.172881
0.187698 0.078138 0.172682
0.187846 0.078080 0.172590
0.187993 0.078050 0.172391
0.188141 0.077993 0.172298
0.188289 0.077935 0.172205
0.168563 0.085103 0.185771
0.168763 0.084972 0.185858
0.168935 0.084878 0.185857
0.169080 0.084821 0.185766
0.170299 0.084131 0.185853
0.170443 0.084076 0.185763
0.170611 0.083983 0.185763
0.170779 0.083891 0.185765
0.170947 0.083799 0.185766
0.171114 0.083707 0.185767
0.171256 0.083651 0.185678
0.171423 0.083559 0.185680
0.171565 0.083504 0.185591
0.171731 0.083413 0.185593
0.171873 0.083357 0.185504
0.172038 0.083266 0.185506
0.172180 0.083211 0.185417
0.172322 0.083156 0.185328
0.172464 0.083100 0.185239
0.172628 0.083010 0.185243
0.172770 0.082954 0.185154
0.172911 0.082899 0.185065
0.173053 0.082844 0.184976
0.173216 0.082754 0.184980
0.173357 0.082699 0.184891
0.173520 0.082608 0.184896
0.173661 0.082553 0.184807
0.173823 0.082463 0.184812
0.173964 0.082409 0.184723
0.174126 0.082319 0.184728
0.174267 0.082264 0.184640
0.174427 0.082175 0.184645
0.174568 0.082120 0.184557
0.174708 0.082065 0.184469
0.174849 0.082010 0.184381
0.174990 0.081956 0.184292
0.175130 0.081901 0.184204
0.175252 0.081880 0.184021
0.175392 0.081826 0.183933
0.175515 0.081805 0.183749
0.175656 0.081750 0.183661
0.175797 0.081695 0.183572
0.175938 0.081640 0.183484
0.176079 0.081586 0.183395
0.176219 0.081531 0.183307
0.176378 0.081442 0.183314
0.176518 0.081387 0.183226
0.176676 0.081299 0.183233
0.176817 0.081244 0.183145
0.176973 0.081156 0.183153
0.177114 0.081102 0.183065
0.177270 0.081014 0.183073
0.177410 0.080959 0.182985
0.177550 0.080905 0.182897
0.177691 0.080850 0.182809
0.177846 0.080763 0.182818
0.177986 0.080708 0.182730
0.178126 0.080654 0.182642
0.178266 0.080600 0.182554
0.178420 0.080513 0.182564
0.178560 0.080458 0.182476
0.178699 0.080404 0.182389
0.178839 0.080349 0.182301
0.178979 0.080295 0.182213
0.179118 0.080241 0.182125
0.179258 0.080186 0.182038
0.179398 0.080132 0.181950
0.179538 0.080077 0.181862
0.179665 0.080055 0.181676
0.179805 0.080000 0.181588
0.179945 0.079946 0.181500
0.180085 0.079891 0.181412
0.180213 0.079868 0.181225
0.180353 0.079814 0.181137
0.180493 0.079759 0.181049
0.180633 0.079705 0.180961
0.180762 0.079681 0.180773
0.180903 0.079627 0.180685
0.181033 0.079603 0.180497
0.181173 0.079548 0.180409
0.181314 0.079494 0.180320
0.181444 0.079470 0.180132
0.181585 0.079415 0.180043
0.181726 0.079360 0.179955
0.181857 0.079336 0.179766
0.181998 0.079281 0.179677
0.182139 0.079226 0.179589
0.182280 0.079171 0.179500
0.182421 0.079116 0.179411
0.182554 0.079091 0.179222
0.182695 0.079036 0.179133
0.182836 0.078982 0.179044
0.182977 0.078927 0.178956
0.183111 0.078901 0.178765
0.183252 0.078846 0.178676
0.183394 0.078791 0.178587
0.183528 0.078766 0.178396
0.183663 0.078740 0.178205
0.183799 0.078714 0.178013
0.183935 0.078688 0.177821
0.184065 0.078691 0.177526
0.184196 0.078694 0.177231
0.184333 0.078668 0.177038
0.184477 0.078612 0.176948
0.184610 0.078614 0.176651
0.184748 0.078587 0.176458
0.184883 0.078588 0.176160
0.185022 0.078561 0.175966
0.185162 0.078533 0.175771
0.185303 0.078505 0.175576
0.185444 0.078477 0.175381
0.185585 0.078449 0.175186
0.185727 0.078421 0.174990
0.185869 0.078393 0.174794
0.186012 0.078364 0.174598
0.186155 0.078335 0.174402
0.186298 0.078306 0.174205
0.186442 0.078277 0.174008
0.186586 0.078248 0.173811
0.186733 0.078191 0.173719
0.186878 0.078161 0.173521
0.187023 0.078132 0.173324
0.187169 0.078102 0.173126
0.187316 0.078045 0.173033
0.187462 0.078014 0.172835
0.187610 0.077957 0.172742
0.187757 0.077927 0.172543
0.187904 0.077869 0.172450
0.188052 0.077812 0.172357
0.188200 0.077781 0.172158
0.162310 0.088764 0.183941
0.162500 0.088663 0.183928
0.162656 0.088603 0.183830
0.162879 0.088463 0.183903
0.163035 0.088402 0.183806
0.165463 0.086711 0.185269
0.165644 0.086614 0.185262
0.165824 0.086517 0.185255
0.166004 0.086420 0.185249
0.166214 0.086285 0.185331
0.166424 0.086150 0.185413
0.166632 0.086016 0.185495
0.166810 0.085920 0.185490
0.167016 0.085786 0.185574
0.167223 0.085653 0.185658
0.167399 0.085558 0.185654
0.167574 0.085462 0.185650
0.167778 0.085330 0.185736
0.167953 0.085235 0.185733
0.168156 0.085103 0.185819
0.168329 0.085009 0.185816
0.168475 0.084952 0.185725
0.168676 0.084821 0.185813
0.168848 0.084727 0.185811
0.169020 0.084633 0.185810
0.169165 0.084577 0.185719
0.169336 0.084484 0.185718
0.169481 0.084427 0.185627
0.169678 0.084297 0.185717
0.169822 0.084241 0.185626
0.169992 0.084148 0.185626
0.170213 0.083982 0.185807
0.170356 0.083927 0.185717
0.170525 0.083834 0.185718
0.170693 0.083742 0.185719
0.170861 0.083650 0.185721
0.171028 0.083559 0.185722
0.171170 0.083503 0.185633
0.171337 0.083412 0.185635
0.171479 0.083356 0.185546
0.171645 0.083265 0.185548
0.171811 0.083174 0.185551
0.171953 0.083119 0.185462
0.172095 0.083063 0.185373
0.172236 0.083008 0.185284
0.172401 0.082917 0.185287
0.172543 0.082862 0.185198
0.172684 0.082807 0.185109
0.172848 0.082717 0.185113
0.172989 0.082662 0.185024
0.173131 0.082607 0.184935
0.173272 0.082552 0.184846
0.173435 0.082462 0.184851
0.173576 0.082407 0.184762
0.173738 0.082317 0.184767
0.173879 0.082262 0.184679
0.174041 0.082172 0.184684
0.174182 0.082118 0.184595
0.174322 0.082063 0.184507
0.174483 0.081974 0.184513
0.174624 0.081919 0.184425
0.174745 0.081898 0.184242
0.174885 0.081844 0.184153
0.175026 0.081789 0.184065
0.175148 0.081768 0.183882
0.175289 0.081713 0.183793
0.175430 0.081658 0.183705
0.175552 0.081637 0.183521
0.175693 0.081582 0.183432
0.175835 0.081527 0.183344
0.175993 0.081439 0.183351
0.176134 0.081384 0.183262
0.176275 0.081329 0.183174
0.176433 0.081241 0.183181
0.176591 0.081153 0.183189
0.176748 0.081065 0.183197
0.176889 0.081010 0.183109
0.177045 0.080923 0.183117
0.177186 0.080868 0.183029
0.177326 0.080814 0.182941
0.177482 0.080726 0.182950
0.177621 0.080672 0.182862
0.177761 0.080617 0.182774
0.177901 0.080563 0.182686
0.178056 0.080476 0.182695
0.178196 0.080422 0.182608
0.178336 0.080367 0.182520
0.178490 0.080281 0.182530
0.178629 0.080226 0.182442
0.178769 0.080172 0.182355
0.178908 0.080118 0.182267
0.179048 0.080063 0.182179
0.179187 0.080009 0.182092
0.179327 0.079955 0.182004
0.179466 0.079900 0.181917
0.179593 0.079878 0.181730
0.179733 0.079823 0.181642
0.179872 0.079769 0.181555
0.180012 0.079715 0.181467
0.180152 0.079660 0.181379
0.180292 0.079606 0.181291
0.180420 0.079582 0.181104
0.180560 0.079528 0.181016
0.180689 0.079504 0.180829
0.180818 0.079481 0.180641
0.180958 0.079426 0.180552
0.181099 0.079371 0.180464
0.181229 0.079347 0.180276
0.181369 0.079293 0.180188
0.181500 0.079268 0.179999
0.181641 0.079214 0.179910
0.181782 0.079159 0.179822
0.181922 0.079104 0.179733
0.182063 0.079049 0.179645
0.182195 0.079024 0.179455
0.182336 0.078970 0.179367
0.182477 0.078915 0.179278
0.182618 0.078860 0.179190
0.182751 0.078835 0.179000
0.182892 0.078780 0.178911
0.183033 0.078725 0.178822
0.183167 0.078699 0.178631
0.183309 0.078644 0.178543
0.183443 0.078619 0.178352
0.183585 0.078563 0.178263
0.183713 0.078567 0.177968
0.183849 0.078541 0.177776
0.183979 0.078543 0.177481
0.184116 0.078517 0.177289
0.184247 0.078519 0.176993
0.184390 0.078463 0.176903
0.184523 0.078465 0.176606
0.184661 0.078437 0.176412
0.184796 0.078438 0.176115
0.184935 0.078411 0.175920
0.185075 0.078383 0.175725
0.185216 0.078355 0.175531
0.185356 0.078327 0.175335
0.185498 0.078298 0.175140
0.185639 0.078270 0.174944
0.185781 0.078241 0.174748
0.185924 0.078212 0.174552
0.186067 0.078183 0.174356
0.186210 0.078154 0.174159
0.186354 0.078125 0.173962
0.186498 0.078095 0.173765
0.186644 0.078038 0.173673
0.186789 0.078009 0.173475
0.186936 0.077951 0.173383
0.187081 0.077921 0.173185
0.187227 0.077891 0.172986
0.187374 0.077834 0.172894
0.187521 0.077804 0.172695
0.187668 0.077746 0.172603
0.187815 0.077716 0.172404
0.187963 0.077658 0.172311
0.188111 0.077601 0.172218
0.161834 0.088803 0.183917
0.162059 0.088662 0.183990
0.162250 0.088562 0.183977
0.162406 0.088501 0.183879
0.162596 0.088401 0.183866
0.162785 0.088301 0.183854
0.162974 0.088201 0.183842
0.163130 0.088140 0.183745
0.165160 0.086690 0.185141
0.165373 0.086555 0.185221
0.165554 0.086458 0.185215
0.165734 0.086361 0.185208
0.165914 0.086265 0.185202
0.166125 0.086130 0.185283
0.166334 0.085996 0.185366
0.166542 0.085862 0.185448
0.166720 0.085766 0.185444
0.166927 0.085633 0.185527
0.167134 0.085500 0.185611
0.167310 0.085405 0.185608
0.167515 0.085272 0.185693
0.167690 0.085178 0.185689
0.167865 0.085083 0.185686
0.168068 0.084951 0.185773
0.168242 0.084857 0.185770
0.168387 0.084801 0.185679
0.168560 0.084707 0.185677
0.168761 0.084576 0.185765
0.168933 0.084483 0.185764
0.169077 0.084426 0.185673
0.169249 0.084333 0.185672
0.169393 0.084277 0.185581
0.169591 0.084147 0.185671
0.169735 0.084091 0.185581
0.169905 0.083999 0.185581
0.170101 0.083870 0.185672
0.170270 0.083778 0.185672
0.170438 0.083686 0.185673
0.170607 0.083594 0.185674
0.170775 0.083502 0.185676
0.170942 0.083410 0.185677
0.171084 0.083355 0.185588
0.171251 0.083264 0.185590
0.171418 0.083172 0.185592
0.171560 0.083117 0.185503
0.171726 0.083026 0.185506
0.171867 0.082971 0.185417
0.172009 0.082916 0.185328
0.172174 0.082825 0.185331
0.172316 0.082770 0.185242
0.172457 0.082715 0.185153
0.172599 0.082660 0.185064
0.172763 0.082570 0.185068
0.172904 0.082515 0.184979
0.173045 0.082460 0.184891
0.173187 0.082405 0.184802
0.173350 0.082315 0.184806
0.173491 0.082260 0.184718
0.173653 0.082170 0.184723
0.173794 0.082115 0.184634
0.173935 0.082061 0.184546
0.174097 0.081971 0.184551
0.174237 0.081916 0.184463
0.174378 0.081862 0.184374
0.174519 0.081807 0.184286
0.174640 0.081786 0.184103
0.174781 0.081731 0.184014
0.174922 0.081676 0.183926
0.175063 0.081622 0.183837
0.175204 0.081567 0.183749
0.175326 0.081545 0.183565
0.175467 0.081490 0.183476
0.175608 0.081436 0.183388
0.175749 0.081381 0.183299
0.175891 0.081326 0.183211
0.176049 0.081237 0.183218
0.176190 0.081183 0.183129
0.176349 0.081095 0.183137
0.176506 0.081007 0.183144
0.176664 0.080919 0.183152
0.176804 0.080864 0.183064
0.176961 0.080777 0.183073
0.177117 0.080690 0.183081
0.177257 0.080635 0.182993
0.177397 0.080581 0.182905
0.177537 0.080526 0.182818
0.177692 0.080439 0.182827
0.177832 0.080385 0.182739
0.177972 0.080331 0.182651
0.178126 0.080244 0.182661
0.178266 0.080190 0.182574
0.178405 0.080136 0.182486
0.178545 0.080081 0.182398
0.178684 0.080027 0.182311
0.178824 0.079973 0.182223
0.178963 0.079918 0.182135
0.179116 0.079832 0.182146
0.179256 0.079778 0.182059
0.179382 0.079755 0.181873
0.179521 0.079701 0.181785
0.179661 0.079647 0.181697
0.179801 0.079592 0.181610
0.179940 0.079538 0.181522
0.180068 0.079515 0.181335
0.180207 0.079460 0.181247
0.180347 0.079406 0.181159
0.180475 0.079382 0.180972
0.180615 0.079328 0.180884
0.180744 0.079304 0.180696
0.180884 0.079250 0.180608
0.181014 0.079225 0.180420
0.181154 0.079171 0.180332
0.181285 0.079146 0.180143
0.181425 0.079092 0.180055
0.181566 0.079037 0.179967
0.181697 0.079012 0.179777
0.181837 0.078958 0.179689
0.181978 0.078903 0.179601
0.182119 0.078848 0.179512
0.182260 0.078793 0.179424
0.182392 0.078768 0.179234
0.182533 0.078713 0.179145
0.182674 0.078658 0.179057
0.182807 0.078633 0.178866
0.182948 0.078578 0.178778
0.183089 0.078523 0.178689
0.183223 0.078497 0.178498
0.183365 0.078442 0.178409
0.183499 0.078416 0.178218
0.183627 0.078419 0.177924
0.183763 0.078393 0.177731
0.183893 0.078395 0.177436
0.184029 0.078368 0.177244
0.184161 0.078370 0.176947
0.184304 0.078314 0.176858
0.184436 0.078315 0.176561
0.184575 0.078288 0.176367
0.184708 0.078288 0.176069
0.184848 0.078260 0.175874
0.184988 0.078232 0.175680
0.185128 0.078204 0.175485
0.185269 0.078176 0.175290
0.185414 0.078119 0.175198
0.185551 0.078118 0.174898
0.185697 0.078062 0.174807
0.185839 0.078033 0.174611
0.185978 0.078031 0.174309
0.186122 0.078002 0.174113
0.186265 0.077972 0.173916
0.186412 0.077915 0.173824
0.186556 0.077886 0.173626
0.186700 0.077856 0.173429
0.186847 0.077799 0.173336
0.186992 0.077768 0.173138
0.187140 0.077711 0.173046
0.187285 0.077681 0.172847
0.187433 0.077623 0.172755
0.187579 0.077593 0.172556
0.187727 0.077535 0.172463
0.187874 0.077478 0.172371
0.188022 0.077420 0.172278
0.161739 0.088640 0.183868
0.161965 0.088500 0.183940
0.162155 0.088399 0.183927
0.162312 0.088339 0.183829
0.162502 0.088239 0.183817
0.162691 0.088139 0.183805
0.162914 0.088000 0.183879
0.163102 0.087900 0.183868
0.163323 0.087762 0.183943
0.163511 0.087663 0.183932
0.163665 0.087603 0.183835
0.164328 0.087057 0.184596
0.164480 0.086998 0.184500
0.164823 0.086708 0.184927
0.165069 0.086534 0.185094
0.165251 0.086437 0.185087
0.165463 0.086302 0.185167
0.165644 0.086206 0.185161
0.165824 0.086109 0.185155
0.166035 0.085975 0.185236
0.166214 0.085879 0.185231
0.166453 0.085708 0.185402
0.166631 0.085612 0.185397
0.166838 0.085479 0.185481
0.167045 0.085347 0.185565
0.167221 0.085252 0.185561
0.167426 0.085120 0.185646
0.167602 0.085025 0.185643
0.167777 0.084931 0.185640
0.167951 0.084837 0.185638
0.168126 0.084743 0.185635
0.168299 0.084649 0.185633
0.168473 0.084556 0.185631
0.168646 0.084462 0.185630
0.168818 0.084369 0.185628
0.168963 0.084313 0.185537
0.169162 0.084183 0.185626
0.169306 0.084127 0.185536
0.169477 0.084034 0.185535
0.169648 0.083942 0.185535
0.169818 0.083849 0.185535
0.169988 0.083757 0.185536
0.170158 0.083665 0.185536
0.170352 0.083537 0.185628
0.170521 0.083445 0.185629
0.170663 0.083390 0.185539
0.170856 0.083262 0.185632
0.170999 0.083207 0.185543
0.171166 0.083116 0.185545
0.171332 0.083025 0.185547
0.171474 0.082970 0.185458
0.171640 0.082879 0.185461
0.171782 0.082824 0.185372
0.171924 0.082768 0.185283
0.172089 0.082678 0.185286
0.172230 0.082623 0.185197
0.172372 0.082568 0.185108
0.172536 0.082478 0.185112
0.172677 0.082423 0.185023
0.172819 0.082368 0.184935
0.172960 0.082313 0.184846
0.173102 0.082258 0.184757
0.173265 0.082168 0.184762
0.173406 0.082113 0.184673
0.173547 0.082058 0.184584
0.173709 0.081969 0.184590
0.173850 0.081914 0.184501
0.173991 0.081859 0.184412
0.174132 0.081804 0.184324
0.174273 0.081749 0.184235
0.174414 0.081694 0.184147
0.174555 0.081640 0.184058
0.174696 0.081585 0.183970
0.174837 0.081530 0.183881
0.174958 0.081509 0.183698
0.175100 0.081454 0.183609
0.175241 0.081399 0.183521
0.175363 0.081377 0.183337
0.175505 0.081322 0.183248
0.175664 0.081234 0.183255
0.175805 0.081179 0.183166
0.175964 0.081091 0.183173
0.176105 0.081036 0.183085
0.176264 0.080948 0.183092
0.176422 0.080861 0.183100
0.176579 0.080773 0.183108
0.176736 0.080686 0.183116
0.176876 0.080631 0.183028
0.177033 0.080544 0.183037
0.177173 0.080490 0.182949
0.177313 0.080435 0.182861
0.177468 0.080349 0.182870
0.177608 0.080294 0.182783
0.177748 0.080240 0.182695
0.177903 0.080153 0.182705
0.178042 0.080099 0.182617
0.178182 0.080045 0.182529
0.178336 0.079959 0.182540
0.178475 0.079904 0.182452
0.178614 0.079850 0.182365
0.178754 0.079796 0.182277
0.178893 0.079742 0.182190
0.179032 0.079687 0.182102
0.179172 0.079633 0.182015
0.179311 0.079579 0.181927
0.179450 0.079525 0.181840
0.179589 0.079471 0.181752
0.179729 0.079416 0.181665
0.179868 0.079362 0.181577
0.179995 0.079339 0.181390
0.180135 0.079284 0.181303
0.180274 0.079230 0.181215
0.180402 0.079206 0.181028
0.180542 0.079152 0.180940
0.180671 0.079128 0.180752
0.180800 0.079104 0.180564
0.180940 0.079049 0.180476
0.181070 0.079025 0.180287
0.181210 0.078970 0.180199
0.181350 0.078916 0.180111
0.181481 0.078891 0.179922
0.181621 0.078836 0.179834
0.181762 0.078781 0.179746
0.181893 0.078756 0.179556
0.182034 0.078702 0.179468
0.182175 0.078647 0.179379
0.182315 0.078592 0.179291
0.182456 0.078537 0.179202
0.182589 0.078512 0.179012
0.182730 0.078457 0.178924
0.182863 0.078431 0.178733
0.183004 0.078376 0.178644
0.183138 0.078350 0.178453
0.183279 0.078295 0.178365
0.183414 0.078269 0.178173
0.183542 0.078271 0.177879
0.183677 0.078245 0.177687
0.183807 0.078247 0.177391
0.183937 0.078248 0.177095
0.184074 0.078221 0.176902
0.184217 0.078165 0.176812
0.184350 0.078166 0.176515
0.184488 0.078138 0.176321
0.184621 0.078138 0.176023
0.184761 0.078110 0.175829
0.184901 0.078082 0.175634
0.185041 0.078053 0.175439
0.185186 0.077997 0.175348
0.185326 0.077968 0.175153
0.185467 0.077939 0.174957
0.185609 0.077910 0.174761
0.185751 0.077881 0.174565
0.185894 0.077852 0.174368
0.186036 0.077822 0.174172
0.186180 0.077793 0.173975
0.186323 0.077763 0.173777
0.186467 0.077733 0.173580
0.186614 0.077676 0.173488
0.186759 0.077646 0.173290
0.186906 0.077589 0.173198
0.187051 0.077558 0.172999
0.187198 0.077501 0.172907
0.187344 0.077470 0.172708
0.187491 0.077413 0.172616
0.187638 0.077355 0.172523
0.187786 0.077298 0.172431
0.187933 0.077267 0.172231
0.161645 0.088477 0.183818
0.161871 0.088337 0.183891
0.162061 0.088237 0.183878
0.162217 0.088176 0.183780
0.162407 0.088076 0.183768
0.162631 0.087938 0.183842
0.162820 0.087838 0.183830
0.163042 0.087700 0.183905
0.163263 0.087562 0.183980
0.163450 0.087463 0.183970
0.163703 0.087288 0.184133
0.163857 0.087228 0.184036
0.164236 0.086899 0.184548
0.164389 0.086840 0.184452
0.164764 0.086513 0.184967
0.164978 0.086377 0.185046
0.165160 0.086281 0.185039
0.165373 0.086146 0.185120
0.165554 0.086050 0.185113
0.165734 0.085954 0.185107
0.165914 0.085858 0.185101
0.166124 0.085724 0.185184
0.166333 0.085591 0.185267
0.166542 0.085458 0.185350
0.166749 0.085326 0.185434
0.166927 0.085231 0.185430
0.167103 0.085136 0.185426
0.167309 0.085005 0.185511
0.167485 0.084910 0.185508
0.167689 0.084779 0.185594
0.167863 0.084685 0.185592
0.168038 0.084592 0.185589
0.168212 0.084498 0.185587
0.168385 0.084405 0.185585
0.168558 0.084312 0.185584
0.168731 0.084219 0.185583
0.168903 0.084126 0.185582
0.169048 0.084069 0.185491
0.169219 0.083977 0.185490
0.169364 0.083920 0.185399
0.169535 0.083828 0.185399
0.169731 0.083700 0.185490
0.169901 0.083608 0.185490
0.170071 0.083516 0.185491
0.170240 0.083424 0.185492
0.170409 0.083332 0.185493
0.170577 0.083241 0.185494
0.170745 0.083150 0.185496
0.170913 0.083059 0.185498
0.171080 0.082968 0.185500
0.171246 0.082877 0.185503
0.171388 0.082822 0.185413
0.171554 0.082731 0.185416
0.171696 0.082676 0.185327
0.171862 0.082586 0.185330
0.172003 0.082531 0.185242
0.172145 0.082476 0.185153
0.172309 0.082386 0.185156
0.172451 0.082331 0.185068
0.172592 0.082276 0.184979
0.172734 0.082221 0.184890
0.172875 0.082166 0.184801
0.173016 0.082111 0.184712
0.173179 0.082021 0.184717
0.173321 0.081966 0.184628
0.173462 0.081911 0.184540
0.173603 0.081856 0.184451
0.173765 0.081767 0.184456
0.173906 0.081712 0.184368
0.174047 0.081658 0.184279
0.174188 0.081603 0.184191
0.174329 0.081548 0.184102
0.174470 0.081493 0.184014
0.174591 0.081472 0.183831
0.174732 0.081417 0.183742
0.174873 0.081362 0.183653
0.175014 0.081307 0.183565
0.175137 0.081285 0.183381
0.175278 0.081230 0.183292
0.175419 0.081175 0.183203
0.175561 0.081120 0.183114
0.175720 0.081032 0.183121
0.175879 0.080944 0.183129
0.176038 0.080857 0.183136
0.176196 0.080769 0.183144
0.176337 0.080714 0.183055
0.176494 0.080627 0.183064
0.176652 0.080540 0.183072
0.176808 0.080453 0.183081
0.176965 0.080366 0.183090
0.177105 0.080312 0.183002
0.177244 0.080258 0.182914
0.177384 0.080203 0.182826
0.177539 0.080117 0.182836
0.177679 0.080063 0.182748
0.177818 0.080008 0.182661
0.177958 0.079954 0.182573
0.178112 0.079868 0.182583
0.178252 0.079814 0.182496
0.178391 0.079760 0.182408
0.178530 0.079705 0.182321
0.178684 0.079620 0.182331
0.178823 0.079566 0.182244
0.178962 0.079511 0.182157
0.179101 0.079457 0.182069
0.179240 0.079403 0.181982
0.179379 0.079349 0.181895
0.179518 0.079295 0.181807
0.179657 0.079241 0.181720
0.179796 0.079186 0.181633
0.179923 0.079163 0.181446
0.180063 0.079109 0.181358
0.180202 0.079054 0.181271
0.180330 0.079031 0.181083
0.180458 0.079007 0.180896
0.180598 0.078952 0.180808
0.180726 0.078928 0.180620
0.180855 0.078903 0.180432
0.180996 0.078849 0.180344
0.181125 0.078824 0.180155
0.181266 0.078770 0.180067
0.181406 0.078715 0.179979
0.181537 0.078690 0.179789
0.181677 0.078635 0.179701
0.181818 0.078581 0.179613
0.181958 0.078526 0.179525
0.182099 0.078471 0.179436
0.182231 0.078446 0.179246
0.182371 0.078391 0.179158
0.182512 0.078336 0.179070
0.182645 0.078310 0.178879
0.182786 0.078255 0.178791
0.182919 0.078229 0.178600
0.183060 0.078174 0.178511
0.183194 0.078148 0.178320
0.183328 0.078122 0.178128
0.183456 0.078124 0.177834
0.183591 0.078097 0.177642
0.183721 0.078098 0.177346
0.183851 0.078099 0.177050
0.183982 0.078100 0.176754
0.184125 0.078044 0.176663
0.184257 0.078044 0.176366
0.184396 0.078016 0.176172
0.184534 0.077988 0.175978
0.184674 0.077960 0.175783
0.184813 0.077931 0.175588
0.184958 0.077875 0.175497
0.185098 0.077846 0.175302
0.185239 0.077817 0.175107
0.185380 0.077788 0.174911
0.185521 0.077759 0.174715
0.185663 0.077730 0.174519
0.185805 0.077700 0.174322
0.185948 0.077671 0.174125
0.186091 0.077641 0.173928
0.186235 0.077611 0.173731
0.186381 0.077554 0.173639
0.186525 0.077523 0.173441
0.186672 0.077466 0.173349
0.186817 0.077436 0.173151
0.186964 0.077379 0.173059
0.187109 0.077348 0.172860
0.187256 0.077291 0.172768
0.187402 0.077260 0.172569
0.187550 0.077202 0.172477
0.187697 0.077145 0.172384
0.187844 0.077088 0.172292
0.161358 0.088414 0.183782
0.161585 0.088274 0.183854
0.161811 0.088135 0.183927
0.161967 0.088075 0.183829
0.162157 0.087975 0.183816
0.162347 0.087875 0.183804
0.162571 0.087737 0.183879
0.162760 0.087638 0.183867
0.162948 0.087539 0.183856
0.163170 0.087402 0.183932
0.163390 0.087265 0.184008
0.163643 0.087089 0.184171
0.163796 0.087030 0.184075
0.164673 0.086356 0.184919
0.164887 0.086221 0.184999
0.165069 0.086125 0.184992
0.165251 0.086028 0.184985
0.165432 0.085932 0.184979
0.165644 0.085799 0.185060
0.165824 0.085703 0.185054
0.166034 0.085570 0.185137
0.166244 0.085437 0.185220
0.166453 0.085305 0.185303
0.166630 0.085210 0.185299
0.166838 0.085078 0.185383
0.167015 0.084983 0.185380
0.167220 0.084852 0.185465
0.167396 0.084758 0.185462
0.167601 0.084627 0.185548
0.167775 0.084534 0.185545
0.167950 0.084440 0.185543
0.168124 0.084347 0.185541
0.168297 0.084254 0.185539
0.168470 0.084161 0.185538
0.168643 0.084068 0.185537
0.168816 0.083975 0.185536
0.168960 0.083919 0.185445
0.169132 0.083826 0.185444
0.169276 0.083770 0.185354
0.169447 0.083678 0.185354
0.169618 0.083586 0.185354
0.169815 0.083458 0.185445
0.169984 0.083367 0.185445
0.170154 0.083275 0.185446
0.170323 0.083184 0.185448
0.170491 0.083093 0.185449
0.170659 0.083002 0.185451
0.170827 0.082911 0.185453
0.170994 0.082820 0.185455
0.171161 0.082729 0.185458
0.171327 0.082639 0.185460
0.171469 0.082584 0.185371
0.171611 0.082529 0.185282
0.171776 0.082439 0.185286
0.171918 0.082384 0.185197
0.172083 0.082294 0.185200
0.172224 0.082239 0.185112
0.172365 0.082184 0.185023
0.172507 0.082129 0.184934
0.172648 0.082074 0.184845
0.172812 0.081984 0.184850
0.172953 0.081929 0.184761
0.173094 0.081874 0.184672
0.173235 0.081819 0.184584
0.173377 0.081764 0.184495
0.173518 0.081709 0.184407
0.173680 0.081621 0.184412
0.173821 0.081566 0.184323
0.173962 0.081511 0.184235
0.174103 0.081456 0.184146
0.174244 0.081401 0.184058
0.174365 0.081380 0.183875
0.174506 0.081325 0.183786
0.174647 0.081270 0.183697
0.174788 0.081215 0.183609
0.174910 0.081193 0.183425
0.175051 0.081138 0.183336
0.175193 0.081083 0.183247
0.175334 0.081028 0.183158
0.175475 0.080973 0.183070
0.175635 0.080885 0.183077
0.175794 0.080798 0.183084
0.175953 0.080710 0.183091
0.176111 0.080623 0.183099
0.176269 0.080536 0.183107
0.176410 0.080481 0.183019
0.176567 0.080394 0.183028
0.176724 0.080308 0.183036
0.176881 0.080221 0.183045
0.177020 0.080167 0.182958
0.177160 0.080112 0.182870
0.177316 0.080026 0.182879
0.177455 0.079972 0.182792
0.177595 0.079917 0.182704
0.177734 0.079863 0.182616
0.177889 0.079777 0.182627
0.178028 0.079723 0.182539
0.178168 0.079669 0.182452
0.178321 0.079583 0.182462
0.178461 0.079529 0.182375
0.178600 0.079475 0.182288
0.178739 0.079421 0.182200
0.178892 0.079336 0.182211
0.179031 0.079282 0.182124
0.179169 0.079228 0.182037
0.179308 0.079174 0.181950
0.179447 0.079119 0.181862
0.179586 0.079065 0.181775
0.179712 0.079042 0.181589
0.179852 0.078988 0.181501
0.179991 0.078933 0.181414
0.180118 0.078910 0.181227
0.180257 0.078855 0.181139
0.180385 0.078831 0.180952
0.180513 0.078807 0.180764
0.180653 0.078752 0.180676
0.180782 0.078728 0.180488
0.180922 0.078673 0.180400
0.181051 0.078649 0.180211
0.181181 0.078624 0.180022
0.181321 0.078569 0.179934
0.181462 0.078514 0.179846
0.181602 0.078460 0.179758
0.181733 0.078434 0.179568
0.181873 0.078380 0.179480
0.182014 0.078325 0.179392
0.182154 0.078270 0.179304
0.182286 0.078244 0.179114
0.182427 0.078190 0.179025
0.182568 0.078135 0.178937
0.182701 0.078109 0.178746
0.182842 0.078054 0.178658
0.182975 0.078028 0.178466
0.183109 0.078001 0.178275
0.183236 0.078003 0.177981
0.183370 0.077976 0.177789
0.183499 0.077977 0.177494
0.183635 0.077950 0.177301
0.183764 0.077951 0.177005
0.183895 0.077951 0.176708
0.184039 0.077895 0.176618
0.184170 0.077895 0.176321
0.184309 0.077867 0.176127
0.184447 0.077838 0.175932
0.184586 0.077810 0.175738
0.184731 0.077753 0.175647
0.184871 0.077725 0.175452
0.185011 0.077696 0.175256
0.185151 0.077667 0.175061
0.185296 0.077610 0.174970
0.185434 0.077608 0.174669
0.185579 0.077551 0.174578
0.185717 0.077549 0.174276
0.185860 0.077519 0.174079
0.186006 0.077462 0.173987
0.186149 0.077432 0.173790
0.186293 0.077401 0.173593
0.186437 0.077371 0.173395
0.186584 0.077314 0.173303
0.186730 0.077257 0.173211
0.186875 0.077226 0.173012
0.187022 0.077169 0.172920
0.187169 0.077111 0.172828
0.187315 0.077080 0.172629
0.187462 0.077023 0.172537
0.187609 0.076966 0.172444
0.187755 0.076934 0.172245
0.161299 0.088212 0.183818
0.161491 0.088112 0.183805
0.161717 0.087973 0.183877
0.161907 0.087873 0.183865
0.162063 0.087813 0.183767
0.162288 0.087675 0.183841
0.162477 0.087576 0.183830
0.162666 0.087477 0.183818
0.162888 0.087339 0.183894
0.163110 0.087203 0.183969
0.163297 0.087104 0.183959
0.163583 0.086892 0.184209
0.163835 0.086718 0.184374
0.164085 0.086544 0.184539
0.164302 0.086409 0.184617
0.164582 0.086199 0.184871
0.164797 0.086065 0.184951
0.164979 0.085968 0.184944
0.165160 0.085872 0.184938
0.165342 0.085776 0.184931
0.165523 0.085681 0.184925
0.165734 0.085548 0.185007
0.165945 0.085415 0.185090
0.166124 0.085320 0.185085
0.166333 0.085188 0.185168
0.166541 0.085056 0.185252
0.166719 0.084962 0.185248
0.166926 0.084830 0.185333
0.167132 0.084700 0.185418
0.167308 0.084606 0.185415
0.167483 0.084512 0.185413
0.167658 0.084419 0.185410
0.167833 0.084325 0.185408
0.168007 0.084232 0.185406
0.168181 0.084139 0.185404
0.168355 0.084046 0.185402
0.168528 0.083953 0.185401
0.168701 0.083861 0.185400
0.168873 0.083768 0.185399
0.169045 0.083676 0.185399
0.169189 0.083620 0.185308
0.169360 0.083528 0.185308
0.169531 0.083436 0.185308
0.169702 0.083344 0.185308
0.169898 0.083217 0.185400
0.170067 0.083126 0.185401
0.170236 0.083035 0.185402
0.170405 0.082944 0.185404
0.170598 0.082818 0.185497
0.170766 0.082727 0.185500
0.170933 0.082637 0.185502
0.171100 0.082547 0.185505
0.171242 0.082492 0.185416
0.171383 0.082436 0.185327
0.171549 0.082346 0.185330
0.171691 0.082291 0.185241
0.171856 0.082202 0.185245
0.171997 0.082147 0.185156
0.172139 0.082092 0.185067
0.172280 0.082037 0.184978
0.172444 0.081947 0.184983
0.172586 0.081892 0.184894
0.172727 0.081837 0.184805
0.172868 0.081782 0.184717
0.173009 0.081728 0.184628
0.173150 0.081673 0.184539
0.173291 0.081618 0.184451
0.173432 0.081563 0.184362
0.173595 0.081474 0.184367
0.173736 0.081419 0.184279
0.173877 0.081364 0.184190
0.174018 0.081309 0.184102
0.174138 0.081288 0.183919
0.174279 0.081233 0.183830
0.174421 0.081178 0.183741
0.174562 0.081123 0.183653
0.174683 0.081101 0.183469
0.174825 0.081046 0.183380
0.174966 0.080991 0.183291
0.175107 0.080936 0.183203
0.175249 0.080881 0.183114
0.175390 0.080826 0.183025
0.175550 0.080738 0.183032
0.175709 0.080651 0.183039
0.175868 0.080564 0.183047
0.176027 0.080477 0.183055
0.176185 0.080390 0.183063
0.176342 0.080303 0.183071
0.176483 0.080249 0.182983
0.176640 0.080162 0.182992
0.176796 0.080076 0.183001
0.176936 0.080021 0.182913
0.177076 0.079967 0.182826
0.177232 0.079881 0.182835
0.177371 0.079827 0.182748
0.177511 0.079772 0.182660
0.177666 0.079687 0.182670
0.177805 0.079632 0.182583
0.177944 0.079578 0.182495
0.178098 0.079493 0.182506
0.178238 0.079439 0.182418
0.178377 0.079384 0.182331
0.178516 0.079330 0.182244
0.178669 0.079245 0.182255
0.178808 0.079191 0.182168
0.178947 0.079137 0.182080
0.179099 0.079053 0.182092
0.179238 0.078999 0.182005
0.179363 0.078975 0.181819
0.179502 0.078921 0.181731
0.179641 0.078867 0.181644
0.179780 0.078813 0.181557
0.179907 0.078789 0.181370
0.180046 0.078735 0.181282
0.180173 0.078710 0.181095
0.180312 0.078656 0.181008
0.180440 0.078632 0.180820
0.180569 0.078607 0.180632
0.180708 0.078553 0.180544
0.180837 0.078528 0.180356
0.180977 0.078473 0.180268
0.181107 0.078448 0.180079
0.181247 0.078394 0.179991
0.181377 0.078368 0.179802
0.181517 0.078314 0.179714
0.181658 0.078259 0.179625
0.181798 0.078205 0.179537
0.181938 0.078150 0.179449
0.182070 0.078124 0.179259
0.182210 0.078069 0.179171
0.182351 0.078015 0.179083
0.182483 0.077988 0.178892
0.182616 0.077962 0.178702
0.182756 0.077907 0.178613
0.182890 0.077881 0.178422
0.183016 0.077882 0.178128
0.183150 0.077855 0.177936
0.183285 0.077828 0.177744
0.183413 0.077829 0.177449
0.183542 0.077830 0.177153
0.183678 0.077802 0.176960
0.183809 0.077802 0.176663
0.183952 0.077746 0.176573
0.184084 0.077745 0.176275
0.184222 0.077717 0.176081
0.184360 0.077688 0.175887
0.184505 0.077632 0.175796
0.184644 0.077603 0.175601
0.184783 0.077574 0.175406
0.184928 0.077518 0.175315
0.185068 0.077489 0.175120
0.185209 0.077459 0.174924
0.185350 0.077430 0.174728
0.185491 0.077400 0.174532
0.185633 0.077370 0.174335
0.185775 0.077340 0.174138
0.185918 0.077310 0.173941
0.186061 0.077279 0.173744
0.186207 0.077222 0.173652
0.186351 0.077192 0.173454
0.186495 0.077161 0.173256
0.186642 0.077104 0.173164
0.186788 0.077047 0.173072
0.186933 0.077016 0.172874
0.187080 0.076959 0.172781
0.187227 0.076901 0.172689
0.187373 0.076870 0.172490
0.187520 0.076813 0.172398
0.187667 0.076755 0.172305
0.187814 0.076698 0.172213
0.160482 0.088505 0.183468
0.160640 0.088444 0.183369
0.161204 0.088049 0.183768
0.161396 0.087949 0.183755
0.161622 0.087811 0.183828
0.161813 0.087711 0.183816
0.162004 0.087612 0.183804
0.162194 0.087513 0.183792
0.162418 0.087376 0.183867
0.162607 0.087277 0.183855
0.162829 0.087140 0.183931
0.163050 0.087004 0.184007
0.163238 0.086906 0.183997
0.163491 0.086732 0.184161
0.163743 0.086559 0.184325
0.163993 0.086386 0.184491
0.164210 0.086252 0.184569
0.164459 0.086080 0.184736
0.164706 0.085908 0.184904
0.164888 0.085812 0.184897
0.165070 0.085716 0.184890
0.165251 0.085621 0.184884
0.165432 0.085525 0.184878
0.165644 0.085393 0.184960
0.165855 0.085260 0.185043
0.166034 0.085165 0.185038
0.166244 0.085034 0.185121
0.166422 0.084939 0.185117
0.166630 0.084808 0.185201
0.166837 0.084677 0.185287
0.167014 0.084584 0.185283
0.167219 0.084453 0.185369
0.167395 0.084360 0.185366
0.167570 0.084267 0.185364
0.167745 0.084173 0.185362
0.167920 0.084080 0.185360
0.168094 0.083988 0.185358
0.168239 0.083931 0.185267
0.168412 0.083838 0.185265
0.168585 0.083746 0.185264
0.168758 0.083654 0.185263
0.168930 0.083562 0.185263
0.169075 0.083505 0.185172
0.169273 0.083378 0.185262
0.169444 0.083286 0.185263
0.169615 0.083195 0.185263
0.169811 0.083068 0.185355
0.169981 0.082977 0.185356
0.170176 0.082851 0.185449
0.170344 0.082760 0.185450
0.170512 0.082670 0.185452
0.170680 0.082580 0.185455
0.170847 0.082489 0.185457
0.171014 0.082399 0.185460
0.171156 0.082344 0.185371
0.171322 0.082254 0.185374
0.171464 0.082199 0.185285
0.171629 0.082110 0.185289
0.171771 0.082055 0.185200
0.171912 0.082000 0.185111
0.172054 0.081945 0.185022
0.172218 0.081855 0.185027
0.172359 0.081800 0.184938
0.172500 0.081746 0.184849
0.172642 0.081691 0.184761
0.172783 0.081636 0.184672
0.172946 0.081547 0.184677
0.173087 0.081492 0.184588
0.173228 0.081437 0.184500
0.173369 0.081382 0.184411
0.173510 0.081327 0.184323
0.173651 0.081273 0.184234
0.173792 0.081218 0.184146
0.173933 0.081163 0.184057
0.174053 0.081141 0.183874
0.174194 0.081086 0.183785
0.174335 0.081031 0.183697
0.174457 0.081009 0.183513
0.174598 0.080954 0.183424
0.174739 0.080899 0.183335
0.174881 0.080844 0.183247
0.175003 0.080821 0.183062
0.175163 0.080734 0.183069
0.175305 0.080679 0.182980
0.175465 0.080592 0.182987
0.175624 0.080504 0.182995
0.175783 0.080417 0.183003
0.175942 0.080331 0.183010
0.176100 0.080244 0.183019
0.176258 0.080157 0.183027
0.176415 0.080071 0.183036
0.176572 0.079985 0.183045
0.176712 0.079930 0.182957
0.176868 0.079844 0.182966
0.177008 0.079790 0.182879
0.177147 0.079736 0.182791
0.177287 0.079682 0.182704
0.177442 0.079596 0.182714
0.177582 0.079542 0.182626
0.177721 0.079488 0.182539
0.177875 0.079402 0.182549
0.178014 0.079348 0.182462
0.178154 0.079294 0.182374
0.178307 0.079209 0.182385
0.178446 0.079155 0.182298
0.178585 0.079101 0.182211
0.178738 0.079016 0.182222
0.178877 0.078962 0.182135
0.179015 0.078908 0.182048
0.179154 0.078854 0.181961
0.179293 0.078800 0.181874
0.179431 0.078746 0.181787
0.179570 0.078692 0.181700
0.179696 0.078668 0.181513
0.179835 0.078614 0.181426
0.179962 0.078590 0.181239
0.180101 0.078536 0.181151
0.180228 0.078511 0.180964
0.180368 0.078457 0.180876
0.180496 0.078432 0.180688
0.180624 0.078407 0.180500
0.180764 0.078353 0.180412
0.180893 0.078328 0.180224
0.181033 0.078273 0.180136
0.181162 0.078248 0.179947
0.181302 0.078193 0.179859
0.181442 0.078139 0.179771
0.181573 0.078113 0.179581
0.181713 0.078059 0.179493
0.181854 0.078004 0.179405
0.181994 0.077949 0.179317
0.182125 0.077923 0.179127
0.182266 0.077868 0.179038
0.182406 0.077814 0.178950
0.182539 0.077787 0.178759
0.182671 0.077761 0.178568
0.182805 0.077734 0.178377
0.182938 0.077707 0.178186
0.183064 0.077708 0.177891
0.183199 0.077681 0.177699
0.183327 0.077681 0.177404
0.183463 0.077653 0.177211
0.183592 0.077653 0.176914
0.183722 0.077653 0.176618
0.183865 0.077597 0.176527
0.184003 0.077568 0.176334
0.184141 0.077540 0.176139
0.184279 0.077511 0.175945
0.184423 0.077455 0.175855
0.184562 0.077426 0.175660
0.184701 0.077397 0.175465
0.184841 0.077367 0.175269
0.184981 0.077338 0.175074
0.185126 0.077282 0.174983
0.185266 0.077252 0.174787
0.185403 0.077249 0.174486
0.185549 0.077192 0.174394
0.185691 0.077162 0.174198
0.185833 0.077131 0.174001
0.185976 0.077101 0.173803
0.186119 0.077070 0.173606
0.186265 0.077013 0.173514
0.186409 0.076982 0.173316
0.186556 0.076925 0.173224
0.186700 0.076894 0.173026
0.186847 0.076837 0.172934
0.186993 0.076780 0.172842
0.187140 0.076723 0.172749
0.187285 0.076691 0.172550
0.187432 0.076634 0.172458
0.187579 0.076577 0.172366
0.187725 0.076545 0.172167
0.160387 0.088341 0.183418
0.160545 0.088279 0.183319
0.161110 0.087886 0.183719
0.161302 0.087786 0.183706
0.161528 0.087648 0.183779
0.161719 0.087549 0.183767
0.161910 0.087450 0.183755
0.162134 0.087313 0.183829
0.162324 0.087214 0.183818
0.162547 0.087078 0.183893
0.162769 0.086942 0.183969
0.162991 0.086806 0.184045
0.163212 0.086670 0.184122
0.163465 0.086497 0.184286
0.163684 0.086363 0.184364
0.163934 0.086190 0.184530
0.164151 0.086056 0.184609
0.164368 0.085923 0.184688
0.164615 0.085752 0.184856
0.164798 0.085656 0.184849
0.164979 0.085560 0.184843
0.165161 0.085465 0.184836
0.165342 0.085369 0.184830
0.165523 0.085274 0.184825
0.165734 0.085142 0.184907
0.165914 0.085048 0.184902
0.166124 0.084916 0.184986
0.166333 0.084785 0.185070
0.166541 0.084655 0.185155
0.166718 0.084561 0.185151
0.166925 0.084431 0.185237
0.167131 0.084301 0.185323
0.167307 0.084208 0.185320
0.167482 0.084115 0.185318
0.167657 0.084022 0.185315
0.167832 0.083929 0.185314
0.168006 0.083836 0.185312
0.168151 0.083780 0.185221
0.168325 0.083687 0.185219
0.168498 0.083595 0.185218
0.168671 0.083503 0.185217
0.168870 0.083376 0.185307
0.169015 0.083319 0.185217
0.169186 0.083228 0.185217
0.169357 0.083136 0.185217
0.169555 0.083010 0.185309
0.169725 0.082919 0.185309
0.169921 0.082793 0.185402
0.170090 0.082703 0.185403
0.170284 0.082577 0.185497
0.170452 0.082487 0.185499
0.170620 0.082397 0.185501
0.170762 0.082342 0.185412
0.170929 0.082252 0.185415
0.171095 0.082162 0.185418
0.171237 0.082107 0.185329
0.171378 0.082052 0.185240
0.171544 0.081963 0.185244
0.171685 0.081908 0.185155
0.171851 0.081819 0.185159
0.171992 0.081764 0.185071
0.172133 0.081709 0.184982
0.172274 0.081654 0.184893
0.172415 0.081599 0.184805
0.172556 0.081544 0.184716
0.172698 0.081489 0.184627
0.172861 0.081400 0.184632
0.173002 0.081345 0.184544
0.173143 0.081291 0.184455
0.173284 0.081236 0.184367
0.173425 0.081181 0.184278
0.173566 0.081126 0.184190
0.173707 0.081071 0.184101
0.173848 0.081016 0.184013
0.173968 0.080994 0.183829
0.174109 0.080939 0.183741
0.174250 0.080884 0.183652
0.174371 0.080862 0.183468
0.174513 0.080807 0.183380
0.174654 0.080752 0.183291
0.174776 0.080729 0.183106
0.174917 0.080674 0.183018
0.175078 0.080587 0.183024
0.175219 0.080532 0.182936
0.175379 0.080445 0.182943
0.175539 0.080358 0.182950
0.175680 0.080303 0.182862
0.175857 0.080184 0.182966
0.176015 0.080098 0.182974
0.176173 0.080012 0.182983
0.176331 0.079925 0.182992
0.176488 0.079839 0.183001
0.176628 0.079785 0.182913
0.176784 0.079699 0.182922
0.176924 0.079645 0.182835
0.177063 0.079591 0.182747
0.177203 0.079536 0.182659
0.177358 0.079451 0.182669
0.177497 0.079397 0.182582
0.177637 0.079343 0.182494
0.177791 0.079258 0.182505
0.177931 0.079203 0.182418
0.178085 0.079119 0.182429
0.178223 0.079065 0.182341
0.178362 0.079011 0.182254
0.178516 0.078926 0.182266
0.178654 0.078872 0.182179
0.178793 0.078818 0.182091
0.178932 0.078764 0.182004
0.179070 0.078710 0.181917
0.179209 0.078656 0.181830
0.179348 0.078602 0.181743
0.179486 0.078548 0.181656
0.179612 0.078524 0.181469
0.179751 0.078470 0.181382
0.179890 0.078416 0.181295
0.180017 0.078391 0.181107
0.180156 0.078337 0.181020
0.180284 0.078312 0.180832
0.180411 0.078287 0.180644
0.180551 0.078233 0.180556
0.180679 0.078208 0.180368
0.180819 0.078153 0.180280
0.180948 0.078128 0.180091
0.181088 0.078073 0.180004
0.181218 0.078048 0.179814
0.181358 0.077993 0.179726
0.181498 0.077939 0.179638
0.181629 0.077913 0.179449
0.181769 0.077858 0.179361
0.181909 0.077803 0.179272
0.182050 0.077749 0.179184
0.182181 0.077722 0.178994
0.182322 0.077668 0.178906
0.182454 0.077641 0.178715
0.182595 0.077586 0.178626
0.182727 0.077559 0.178435
0.182853 0.077560 0.178141
0.182986 0.077533 0.177949
0.183113 0.077533 0.177654
0.183248 0.077505 0.177462
0.183383 0.077477 0.177269
0.183512 0.077477 0.176973
0.183649 0.077449 0.176779
0.183792 0.077393 0.176690
0.183928 0.077364 0.176496
0.184066 0.077336 0.176302
0.184203 0.077307 0.176108
0.184341 0.077278 0.175913
0.184480 0.077249 0.175719
0.184619 0.077220 0.175524
0.184758 0.077190 0.175328
0.184898 0.077161 0.175133
0.185038 0.077131 0.174937
0.185179 0.077101 0.174741
0.185320 0.077071 0.174545
0.185461 0.077041 0.174348
0.185603 0.077010 0.174152
0.185745 0.076980 0.173954
0.185891 0.076923 0.173863
0.186034 0.076892 0.173665
0.186177 0.076861 0.173468
0.186323 0.076804 0.173376
0.186470 0.076747 0.173284
0.186614 0.076716 0.173086
0.186760 0.076659 0.172994
0.186905 0.076627 0.172795
0.187051 0.076570 0.172703
0.187198 0.076513 0.172611
0.187345 0.076456 0.172519
0.187491 0.076424 0.172320
0.161015 0.087723 0.183669
0.161242 0.087585 0.183742
0.161434 0.087486 0.183729
0.161660 0.087349 0.183803
0.161851 0.087250 0.183791
0.162041 0.087151 0.183780
0.162265 0.087015 0.183855
0.162488 0.086879 0.183930
0.162710 0.086743 0.184006
0.162932 0.086608 0.184083
0.163153 0.086473 0.184160
0.163406 0.086301 0.184325
0.163625 0.086167 0.184403
0.163843 0.086033 0.184482
0.164093 0.085862 0.184648
0.164309 0.085728 0.184728
0.164524 0.085595 0.184809
0.164707 0.085500 0.184802
0.164889 0.085404 0.184795
0.165071 0.085309 0.184789
0.165252 0.085214 0.184783
0.165433 0.085119 0.184777
0.165613 0.085024 0.184772
0.165824 0.084893 0.184855
0.166034 0.084762 0.184939
0.166243 0.084632 0.185023
0.166452 0.084501 0.185108
0.166659 0.084371 0.185194
0.166866 0.084242 0.185279
0.167043 0.084149 0.185276
0.167218 0.084056 0.185274
0.167394 0.083963 0.185271
0.167569 0.083870 0.185269
0.167744 0.083777 0.185268
0.167918 0.083685 0.185266
0.168092 0.083593 0.185265
0.168265 0.083501 0.185263
0.168410 0.083444 0.185172
0.168611 0.083317 0.185262
0.168783 0.083225 0.185262
0.168928 0.083169 0.185171
0.169099 0.083078 0.185171
0.169298 0.082952 0.185262
0.169468 0.082861 0.185263
0.169665 0.082735 0.185355
0.169834 0.082644 0.185357
0.170030 0.082519 0.185450
0.170198 0.082429 0.185452
0.170366 0.082339 0.185454
0.170534 0.082249 0.185457
0.170701 0.082160 0.185459
0.170843 0.082104 0.185370
0.171010 0.082015 0.185373
0.171151 0.081960 0.185285
0.171317 0.081871 0.185288
0.171459 0.081816 0.185199
0.171624 0.081727 0.185203
0.171765 0.081672 0.185115
0.171907 0.081617 0.185026
0.172048 0.081562 0.184937
0.172212 0.081473 0.184942
0.172353 0.081418 0.184853
0.172494 0.081363 0.184765
0.172635 0.081309 0.184676
0.172776 0.081254 0.184588
0.172917 0.081199 0.184499
0.173058 0.081144 0.184411
0.173199 0.081089 0.184322
0.173340 0.081034 0.184234
0.173481 0.080979 0.184145
0.173622 0.080925 0.184057
0.173763 0.080870 0.183968
0.173904 0.080815 0.183880
0.174044 0.080760 0.183791
0.174165 0.080738 0.183607
0.174306 0.080683 0.183519
0.174427 0.080660 0.183335
0.174569 0.080605 0.183246
0.174710 0.080550 0.183157
0.174851 0.080495 0.183068
0.174993 0.080440 0.182980
0.175134 0.080385 0.182891
0.175294 0.080298 0.182898
0.175454 0.080211 0.182906
0.175595 0.080156 0.182817
0.175772 0.080038 0.182922
0.175931 0.079952 0.182930
0.176089 0.079866 0.182939
0.176246 0.079780 0.182947
0.176404 0.079694 0.182956
0.176543 0.079640 0.182869
0.176700 0.079554 0.182878
0.176839 0.079500 0.182791
0.176979 0.079446 0.182703
0.177135 0.079360 0.182713
0.177274 0.079306 0.182625
0.177429 0.079221 0.182636
0.177568 0.079167 0.182548
0.177707 0.079113 0.182461
0.177847 0.079059 0.182374
0.178001 0.078974 0.182385
0.178155 0.078890 0.182396
0.178293 0.078836 0.182309
0.178432 0.078782 0.182222
0.178571 0.078728 0.182135
0.178709 0.078674 0.182048
0.178848 0.078620 0.181960
0.178987 0.078566 0.181873
0.179125 0.078512 0.181786
0.179264 0.078458 0.181699
0.179403 0.078404 0.181612
0.179529 0.078379 0.181425
0.179668 0.078325 0.181338
0.179806 0.078271 0.181251
0.179933 0.078246 0.181063
0.180072 0.078192 0.180976
0.180200 0.078167 0.180788
0.180339 0.078113 0.180701
0.180467 0.078088 0.180512
0.180595 0.078062 0.180324
0.180735 0.078008 0.180236
0.180864 0.077982 0.180047
0.181004 0.077928 0.179959
0.181133 0.077902 0.179770
0.181273 0.077847 0.179682
0.181413 0.077793 0.179594
0.181554 0.077738 0.179506
0.181684 0.077712 0.179316
0.181825 0.077657 0.179228
0.181965 0.077603 0.179140
0.182096 0.077576 0.178949
0.182237 0.077521 0.178861
0.182377 0.077467 0.178773
0.182510 0.077440 0.178582
0.182642 0.077413 0.178391
0.182775 0.077385 0.178199
0.182909 0.077358 0.178008
0.183035 0.077358 0.177713
0.183170 0.077330 0.177520
0.183305 0.077302 0.177328
0.183440 0.077274 0.177135
0.183569 0.077273 0.176838
0.183712 0.077217 0.176748
0.183848 0.077189 0.176555
0.183985 0.077160 0.176361
0.184123 0.077131 0.176167
0.184266 0.077075 0.176077
0.184404 0.077046 0.175882
0.184542 0.077017 0.175687
0.184676 0.077014 0.175387
0.184816 0.076984 0.175192
0.184955 0.076954 0.174996
0.185096 0.076924 0.174800
0.185236 0.076894 0.174604
0.185377 0.076863 0.174408
0.185519 0.076833 0.174211
0.185661 0.076802 0.174014
0.185803 0.076771 0.173817
0.185949 0.076714 0.173725
0.186092 0.076683 0.173528
0.186238 0.076626 0.173436
0.186384 0.076570 0.173344
0.186528 0.076538 0.173146
0.186674 0.076481 0.173054
0.186820 0.076424 0.172962
0.186966 0.076367 0.172870
0.187111 0.076336 0.172671
0.187258 0.076278 0.172579
0.160920 0.087559 0.183619
0.161148 0.087422 0.183692
0.161340 0.087323 0.183680
0.161566 0.087187 0.183754
0.161757 0.087088 0.183742
0.161947 0.086990 0.183731
0.162171 0.086854 0.183806
0.162395 0.086718 0.183882
0.162651 0.086546 0.184044
0.162873 0.086411 0.184121
0.163127 0.086239 0.184285
0.163347 0.086105 0.184363
0.163566 0.085971 0.184442
0.163784 0.085837 0.184521
0.164002 0.085704 0.184600
0.164218 0.085571 0.184681
0.164434 0.085439 0.184761
0.164616 0.085344 0.184754
0.164798 0.085248 0.184748
0.164980 0.085153 0.184742
0.165162 0.085058 0.184736
0.165343 0.084964 0.184730
0.165554 0.084833 0.184813
0.165734 0.084738 0.184808
0.165945 0.084608 0.184892
0.166154 0.084478 0.184977
0.166363 0.084348 0.185062
0.166571 0.084218 0.185147
0.166778 0.084089 0.185233
0.166954 0.083996 0.185230
0.167160 0.083868 0.185317
0.167306 0.083811 0.185225
0.167481 0.083718 0.185223
0.167656 0.083626 0.185221
0.167830 0.083534 0.185220
0.168004 0.083442 0.185219
0.168178 0.083350 0.185218
0.168351 0.083258 0.185217
0.168524 0.083167 0.185216
0.168696 0.083075 0.185216
0.168841 0.083019 0.185125
0.169040 0.082893 0.185216
0.169211 0.082802 0.185217
0.169408 0.082677 0.185309
0.169578 0.082586 0.185310
0.169775 0.082461 0.185403
0.169944 0.082371 0.185405
0.170112 0.082281 0.185407
0.170306 0.082157 0.185501
0.170448 0.082102 0.185412
0.170616 0.082012 0.185415
0.170783 0.081923 0.185418
0.170924 0.081868 0.185329
0.171091 0.081779 0.185332
0.171232 0.081724 0.185243
0.171374 0.081669 0.185155
0.171539 0.081580 0.185159
0.171680 0.081525 0.185070
0.171821 0.081470 0.184981
0.171986 0.081382 0.184986
0.172127 0.081327 0.184897
0.172268 0.081272 0.184809
0.172409 0.081217 0.184720
0.172550 0.081162 0.184632
0.172713 0.081074 0.184637
0.172854 0.081019 0.184549
0.172995 0.080964 0.184460
0.173136 0.080910 0.184372
0.173276 0.080855 0.184283
0.173417 0.080800 0.184195
0.173558 0.080745 0.184107
0.173699 0.080691 0.184018
0.173818 0.080668 0.183835
0.173959 0.080613 0.183746
0.174100 0.080558 0.183658
0.174221 0.080536 0.183474
0.174362 0.080481 0.183386
0.174503 0.080426 0.183297
0.174625 0.080403 0.183113
0.174766 0.080348 0.183024
0.174907 0.080293 0.182935
0.175049 0.080238 0.182846
0.175209 0.080151 0.182854
0.175369 0.080065 0.182861
0.175528 0.079978 0.182869
0.175687 0.079892 0.182877
0.175846 0.079806 0.182886
0.176004 0.079720 0.182894
0.176162 0.079634 0.182903
0.176319 0.079549 0.182912
0.176459 0.079494 0.182825
0.176616 0.079409 0.182834
0.176755 0.079355 0.182746
0.176911 0.079270 0.182756
0.177051 0.079216 0.182669
0.177190 0.079161 0.182581
0.177345 0.079077 0.182592
0.177484 0.079022 0.182505
0.177624 0.078968 0.182417
0.177778 0.078884 0.182428
0.177917 0.078830 0.182341
0.178071 0.078746 0.182352
0.178210 0.078692 0.182265
0.178348 0.078638 0.182178
0.178487 0.078584 0.182091
0.178626 0.078530 0.182004
0.178764 0.078476 0.181917
0.178903 0.078422 0.181830
0.179042 0.078368 0.181742
0.179180 0.078314 0.181655
0.179319 0.078260 0.181568
0.179445 0.078235 0.181381
0.179584 0.078181 0.181294
0.179723 0.078127 0.181207
0.179849 0.078102 0.181019
0.179988 0.078048 0.180932
0.180115 0.078022 0.180744
0.180255 0.077968 0.180656
0.180383 0.077943 0.180468
0.180522 0.077888 0.180381
0.180650 0.077863 0.180192
0.180790 0.077808 0.180104
0.180919 0.077782 0.179915
0.181049 0.077756 0.179726
0.181189 0.077702 0.179638
0.181329 0.077647 0.179550
0.181469 0.077593 0.179462
0.181600 0.077566 0.179272
0.181740 0.077511 0.179184
0.181880 0.077457 0.179096
0.182011 0.077430 0.178905
0.182152 0.077375 0.178817
0.182293 0.077320 0.178728
0.182425 0.077293 0.178537
0.182557 0.077266 0.178346
0.182690 0.077239 0.178155
0.182823 0.077211 0.177963
0.182957 0.077183 0.177771
0.183091 0.077155 0.177579
0.183226 0.077127 0.177386
0.183361 0.077099 0.177193
0.183496 0.077070 0.177000
0.183639 0.077015 0.176911
0.183775 0.076986 0.176717
0.183911 0.076957 0.176524
0.184048 0.076928 0.176330
0.184185 0.076899 0.176136
0.184323 0.076870 0.175941
0.184461 0.076841 0.175746
0.184599 0.076811 0.175551
0.184738 0.076781 0.175356
0.184878 0.076751 0.175161
0.185013 0.076747 0.174860
0.185153 0.076717 0.174664
0.185294 0.076686 0.174467
0.185435 0.076656 0.174271
0.185576 0.076625 0.174074
0.185722 0.076568 0.173982
0.185864 0.076537 0.173785
0.186007 0.076506 0.173587
0.186153 0.076449 0.173496
0.186296 0.076418 0.173298
0.186442 0.076361 0.173206
0.186588 0.076304 0.173114
0.186734 0.076247 0.173023
0.186880 0.076190 0.172931
0.187024 0.076158 0.172732
0.187171 0.076101 0.172640
0.160790 0.087434 0.183484
0.161018 0.087298 0.183557
0.161246 0.087161 0.183631
0.161472 0.087025 0.183705
0.161663 0.086926 0.183693
0.161853 0.086828 0.183682
0.162078 0.086693 0.183757
0.162336 0.086520 0.183919
0.162593 0.086348 0.184082
0.162814 0.086214 0.184159
0.163069 0.086043 0.184324
0.163289 0.085909 0.184402
0.163541 0.085739 0.184568
0.163726 0.085643 0.184560
0.163943 0.085510 0.184640
0.164160 0.085378 0.184720
0.164375 0.085246 0.184801
0.164558 0.085151 0.184795
0.164708 0.085092 0.184701
0.164890 0.084997 0.184694
0.165071 0.084903 0.184689
0.165284 0.084772 0.184771
0.165464 0.084678 0.184766
0.165676 0.084547 0.184850
0.165886 0.084417 0.184934
0.166096 0.084288 0.185019
0.166304 0.084159 0.185104
0.166512 0.084030 0.185190
0.166719 0.083901 0.185276
0.166896 0.083808 0.185273
0.167072 0.083716 0.185271
0.167247 0.083623 0.185269
0.167422 0.083531 0.185267
0.167597 0.083439 0.185265
0.167742 0.083382 0.185174
0.167917 0.083291 0.185173
0.168090 0.083199 0.185172
0.168264 0.083107 0.185171
0.168436 0.083016 0.185171
0.168609 0.082925 0.185171
0.168753 0.082869 0.185080
0.168953 0.082743 0.185171
0.169124 0.082652 0.185172
0.169322 0.082527 0.185264
0.169519 0.082403 0.185356
0.169688 0.082313 0.185358
0.169884 0.082188 0.185451
0.170053 0.082099 0.185453
0.170221 0.082009 0.185456
0.170388 0.081920 0.185459
0.170530 0.081865 0.185370
0.170697 0.081776 0.185373
0.170839 0.081720 0.185284
0.171005 0.081632 0.185288
0.171147 0.081577 0.185199
0.171288 0.081522 0.185110
0.171454 0.081433 0.185114
0.171595 0.081378 0.185025
0.171736 0.081323 0.184937
0.171901 0.081235 0.184941
0.172042 0.081180 0.184853
0.172183 0.081125 0.184764
0.172324 0.081070 0.184676
0.172465 0.081015 0.184587
0.172629 0.080928 0.184593
0.172769 0.080873 0.184504
0.172910 0.080818 0.184416
0.173051 0.080763 0.184327
0.173213 0.080676 0.184333
0.173354 0.080621 0.184245
0.173473 0.080599 0.184062
0.173614 0.080544 0.183974
0.173754 0.080489 0.183885
0.173874 0.080467 0.183702
0.174015 0.080412 0.183613
0.174156 0.080357 0.183525
0.174277 0.080334 0.183341
0.174418 0.080279 0.183252
0.174539 0.080256 0.183068
0.174681 0.080201 0.182979
0.174822 0.080146 0.182890
0.174983 0.080059 0.182898
0.175124 0.080004 0.182809
0.175284 0.079918 0.182817
0.175443 0.079832 0.182825
0.175603 0.079746 0.182833
0.175761 0.079660 0.182841
0.175920 0.079574 0.182850
0.176077 0.079489 0.182859
0.176235 0.079404 0.182868
0.176392 0.079318 0.182878
0.176532 0.079264 0.182790
0.176671 0.079210 0.182702
0.176827 0.079125 0.182712
0.176967 0.079071 0.182625
0.177122 0.078986 0.182635
0.177261 0.078932 0.182548
0.177400 0.078878 0.182461
0.177555 0.078793 0.182471
0.177694 0.078739 0.182384
0.177833 0.078685 0.182297
0.177987 0.078601 0.182308
0.178126 0.078547 0.182221
0.178265 0.078493 0.182134
0.178403 0.078439 0.182047
0.178542 0.078385 0.181960
0.178681 0.078331 0.181873
0.178819 0.078277 0.181786
0.178958 0.078223 0.181699
0.179097 0.078169 0.181612
0.179235 0.078115 0.181524
0.179361 0.078090 0.181337
0.179500 0.078036 0.181250
0.179626 0.078011 0.181063
0.179765 0.077957 0.180975
0.179904 0.077903 0.180888
0.180031 0.077877 0.180700
0.180171 0.077823 0.180612
0.180298 0.077798 0.180424
0.180438 0.077743 0.180336
0.180566 0.077717 0.180148
0.180706 0.077663 0.180060
0.180835 0.077637 0.179871
0.180975 0.077582 0.179783
0.181104 0.077556 0.179593
0.181244 0.077501 0.179505
0.181384 0.077447 0.179417
0.181515 0.077420 0.179227
0.181655 0.077365 0.179139
0.181795 0.077311 0.179051
0.181936 0.077256 0.178963
0.182067 0.077229 0.178772
0.182208 0.077174 0.178684
0.182348 0.077120 0.178596
0.182480 0.077092 0.178405
0.182613 0.077065 0.178213
0.182746 0.077037 0.178021
0.182879 0.077009 0.177830
0.183013 0.076981 0.177637
0.183148 0.076953 0.177445
0.183282 0.076924 0.177252
0.183424 0.076869 0.177163
0.183566 0.076814 0.177074
0.183702 0.076785 0.176881
0.183838 0.076756 0.176687
0.183974 0.076727 0.176493
0.184111 0.076698 0.176299
0.184248 0.076668 0.176105
0.184385 0.076639 0.175910
0.184523 0.076609 0.175716
0.184661 0.076579 0.175521
0.184800 0.076549 0.175325
0.184935 0.076545 0.175024
0.185070 0.076540 0.174723
0.185215 0.076484 0.174632
0.185355 0.076453 0.174436
0.185496 0.076422 0.174239
0.185638 0.076391 0.174042
0.185780 0.076360 0.173845
0.185922 0.076329 0.173647
0.186067 0.076272 0.173556
0.186213 0.076215 0.173464
0.186356 0.076184 0.173266
0.186500 0.076152 0.173068
0.186646 0.076095 0.172976
0.186792 0.076038 0.172885
0.186936 0.076006 0.172686
0.187082 0.075949 0.172594
0.160285 0.087597 0.182934
0.160659 0.087309 0.183349
0.160888 0.087172 0.183422
0.161116 0.087036 0.183495
0.161343 0.086900 0.183569
0.161534 0.086802 0.183558
0.161759 0.086667 0.183633
0.162019 0.086494 0.183794
0.162277 0.086323 0.183957
0.162534 0.086151 0.184121
0.162790 0.085980 0.184285
0.163045 0.085810 0.184450
0.163264 0.085677 0.184528
0.163483 0.085544 0.184608
0.163668 0.085449 0.184600
0.163885 0.085316 0.184680
0.164102 0.085185 0.184760
0.164285 0.085090 0.184754
0.164467 0.084995 0.184747
0.164650 0.084900 0.184741
0.164832 0.084805 0.184735
0.164981 0.084747 0.184641
0.165194 0.084617 0.184724
0.165406 0.084487 0.184808
0.165617 0.084357 0.184892
0.165797 0.084263 0.184887
0.166037 0.084098 0.185061
0.166215 0.084005 0.185057
0.166424 0.083877 0.185143
0.166631 0.083749 0.185230
0.166807 0.083656 0.185227
0.166983 0.083564 0.185225
0.167159 0.083472 0.185223
0.167334 0.083380 0.185221
0.167509 0.083288 0.185219
0.167655 0.083231 0.185128
0.167829 0.083140 0.185127
0.168003 0.083048 0.185126
0.168176 0.082957 0.185125
0.168349 0.082866 0.185125
0.168550 0.082740 0.185216
0.168694 0.082684 0.185125
0.168866 0.082593 0.185125
0.169064 0.082468 0.185217
0.169235 0.082378 0.185218
0.169432 0.082254 0.185311
0.169629 0.082130 0.185404
0.169798 0.082040 0.185406
0.169967 0.081951 0.185409
0.170135 0.081862 0.185411
0.170303 0.081772 0.185414
0.170445 0.081717 0.185325
0.170612 0.081628 0.185328
0.170754 0.081573 0.185239
0.170920 0.081485 0.185243
0.171062 0.081430 0.185154
0.171203 0.081375 0.185065
0.171369 0.081286 0.185069
0.171510 0.081231 0.184981
0.171651 0.081176 0.184892
0.171816 0.081088 0.184897
0.171957 0.081033 0.184808
0.172098 0.080979 0.184720
0.172239 0.080924 0.184631
0.172403 0.080836 0.184636
0.172544 0.080781 0.184548
0.172684 0.080726 0.184460
0.172825 0.080672 0.184371
0.172966 0.080617 0.184283
0.173129 0.080530 0.184289
0.173269 0.080475 0.184201
0.173410 0.080420 0.184112
0.173550 0.080366 0.184024
0.173670 0.080343 0.183841
0.173810 0.080288 0.183752
0.173930 0.080265 0.183569
0.174071 0.080210 0.183480
0.174212 0.080155 0.183392
0.174333 0.080132 0.183208
0.174474 0.080077 0.183119
0.174615 0.080022 0.183030
0.174756 0.079967 0.182942
0.174898 0.079912 0.182853
0.175058 0.079826 0.182861
0.175199 0.079771 0.182772
0.175358 0.079685 0.182780
0.175518 0.079600 0.182788
0.175677 0.079514 0.182797
0.175835 0.079429 0.182806
0.175993 0.079343 0.182815
0.176151 0.079258 0.182824
0.176308 0.079173 0.182834
0.176447 0.079119 0.182746
0.176587 0.079065 0.182658
0.176743 0.078980 0.182668
0.176899 0.078895 0.182679
0.177038 0.078841 0.182591
0.177177 0.078787 0.182504
0.177333 0.078703 0.182515
0.177472 0.078649 0.182428
0.177610 0.078595 0.182340
0.177765 0.078511 0.182352
0.177903 0.078457 0.182265
0.178042 0.078403 0.182177
0.178181 0.078349 0.182090
0.178319 0.078295 0.182003
0.178458 0.078241 0.181916
0.178597 0.078187 0.181829
0.178736 0.078133 0.181742
0.178874 0.078079 0.181655
0.179013 0.078025 0.181568
0.179138 0.078000 0.181381
0.179277 0.077946 0.181293
0.179416 0.077892 0.181206
0.179542 0.077867 0.181019
0.179681 0.077812 0.180931
0.179820 0.077758 0.180844
0.179947 0.077733 0.180656
0.180087 0.077678 0.180568
0.180214 0.077652 0.180380
0.180342 0.077626 0.180191
0.180482 0.077572 0.180104
0.180622 0.077518 0.180016
0.180750 0.077491 0.179827
0.180890 0.077437 0.179739
0.181020 0.077410 0.179549
0.181160 0.077356 0.179461
0.181290 0.077329 0.179271
0.181430 0.077274 0.179183
0.181570 0.077219 0.179095
0.181711 0.077165 0.179007
0.181851 0.077110 0.178919
0.181982 0.077083 0.178728
0.182123 0.077028 0.178640
0.182263 0.076973 0.178551
0.182396 0.076946 0.178360
0.182536 0.076891 0.178272
0.182669 0.076863 0.178080
0.182802 0.076835 0.177888
0.182936 0.076807 0.177696
0.183069 0.076778 0.177504
0.183204 0.076750 0.177311
0.183346 0.076695 0.177222
0.183487 0.076639 0.177133
0.183622 0.076611 0.176940
0.183758 0.076582 0.176746
0.183900 0.076526 0.176657
0.184036 0.076497 0.176463
0.184173 0.076468 0.176269
0.184310 0.076438 0.176075
0.184447 0.076408 0.175880
0.184585 0.076378 0.175685
0.184713 0.076400 0.175280
0.184848 0.076395 0.174979
0.184983 0.076390 0.174677
0.185127 0.076334 0.174587
0.185268 0.076303 0.174390
0.185409 0.076272 0.174193
0.185550 0.076240 0.173996
0.185692 0.076209 0.173799
0.185834 0.076177 0.173601
0.185980 0.076121 0.173510
0.186125 0.076064 0.173418
0.186268 0.076032 0.173220
0.186414 0.075975 0.173129
0.186558 0.075943 0.172930
0.186706 0.075862 0.172945
0.186852 0.075805 0.172854
0.186996 0.075773 0.172655
0.160190 0.087432 0.182884
0.160456 0.087258 0.183042
0.160722 0.087084 0.183201
0.160986 0.086911 0.183360
0.161213 0.086775 0.183434
0.161475 0.086603 0.183595
0.161736 0.086431 0.183756
0.161995 0.086259 0.183919
0.162254 0.086088 0.184082
0.162545 0.085881 0.184332
0.162766 0.085748 0.184410
0.163021 0.085578 0.184576
0.163240 0.085446 0.184655
0.163425 0.085350 0.184647
0.163610 0.085255 0.184639
0.163827 0.085123 0.184720
0.164011 0.085028 0.184713
0.164194 0.084933 0.184706
0.164377 0.084839 0.184700
0.164559 0.084744 0.184694
0.164741 0.084650 0.184688
0.164923 0.084556 0.184682
0.165104 0.084462 0.184677
0.165316 0.084332 0.184761
0.165528 0.084203 0.184845
0.165738 0.084074 0.184929
0.165948 0.083945 0.185014
0.166157 0.083817 0.185100
0.166365 0.083689 0.185186
0.166573 0.083561 0.185273
0.166749 0.083469 0.185270
0.166895 0.083412 0.185179
0.167071 0.083320 0.185177
0.167246 0.083228 0.185175
0.167421 0.083136 0.185173
0.167567 0.083080 0.185082
0.167741 0.082988 0.185081
0.167915 0.082897 0.185080
0.168089 0.082806 0.185080
0.168262 0.082715 0.185079
0.168463 0.082590 0.185170
0.168607 0.082534 0.185079
0.168779 0.082443 0.185080
0.168978 0.082319 0.185172
0.169149 0.082229 0.185173
0.169346 0.082105 0.185266
0.169543 0.081982 0.185359
0.169712 0.081892 0.185361
0.169881 0.081803 0.185364
0.170049 0.081714 0.185366
0.170217 0.081625 0.185369
0.170359 0.081570 0.185280
0.170527 0.081481 0.185283
0.170668 0.081426 0.185194
0.170835 0.081338 0.185198
0.170976 0.081283 0.185109
0.171118 0.081227 0.185021
0.171284 0.081139 0.185025
0.171425 0.081084 0.184936
0.171566 0.081029 0.184848
0.171731 0.080942 0.184852
0.171872 0.080887 0.184764
0.172013 0.080832 0.184675
0.172177 0.080744 0.184680
0.172318 0.080690 0.184592
0.172459 0.080635 0.184504
0.172622 0.080548 0.184509
0.172763 0.080493 0.184421
0.172903 0.080438 0.184333
0.173044 0.080384 0.184245
0.173184 0.080329 0.184156
0.173325 0.080274 0.184068
0.173465 0.080219 0.183980
0.173606 0.080165 0.183891
0.173725 0.080142 0.183708
0.173866 0.080087 0.183620
0.173986 0.080064 0.183436
0.174127 0.080009 0.183347
0.174268 0.079954 0.183259
0.174389 0.079930 0.183074
0.174530 0.079875 0.182986
0.174691 0.079789 0.182993
0.174832 0.079734 0.182905
0.174973 0.079680 0.182816
0.175133 0.079594 0.182824
0.175292 0.079508 0.182832
0.175452 0.079423 0.182841
0.175610 0.079337 0.182849
0.175769 0.079252 0.182858
0.175927 0.079167 0.182868
0.176066 0.079113 0.182780
0.176224 0.079028 0.182789
0.176381 0.078944 0.182799
0.176520 0.078889 0.182712
0.176659 0.078835 0.182624
0.176815 0.078751 0.182635
0.176954 0.078697 0.182547
0.177094 0.078642 0.182460
0.177249 0.078558 0.182471
0.177388 0.078504 0.182384
0.177542 0.078421 0.182395
0.177681 0.078367 0.182308
0.177820 0.078313 0.182221
0.177958 0.078259 0.182134
0.178097 0.078205 0.182046
0.178236 0.078151 0.181959
0.178374 0.078097 0.181872
0.178513 0.078043 0.181785
0.178652 0.077989 0.181698
0.178791 0.077935 0.181611
0.178929 0.077881 0.181524
0.179054 0.077856 0.181337
0.179193 0.077801 0.181250
0.179319 0.077776 0.181062
0.179458 0.077722 0.180975
0.179597 0.077668 0.180887
0.179724 0.077642 0.180699
0.179863 0.077588 0.180612
0.179990 0.077562 0.180424
0.180130 0.077507 0.180336
0.180258 0.077481 0.180147
0.180398 0.077427 0.180059
0.180526 0.077400 0.179870
0.180655 0.077373 0.179681
0.180795 0.077319 0.179593
0.180935 0.077264 0.179505
0.181075 0.077210 0.179417
0.181205 0.077183 0.179227
0.181345 0.077128 0.179139
0.181486 0.077073 0.179051
0.181626 0.077019 0.178962
0.181766 0.076964 0.178874
0.181907 0.076910 0.178786
0.182047 0.076855 0.178698
0.182179 0.076827 0.178507
0.182319 0.076773 0.178419
0.182451 0.076745 0.178227
0.182584 0.076716 0.178036
0.182725 0.076662 0.177947
0.182850 0.076660 0.177651
0.182984 0.076631 0.177459
0.183118 0.076602 0.177266
0.183260 0.076547 0.177177
0.183402 0.076492 0.177088
0.183537 0.076463 0.176895
0.183672 0.076434 0.176701
0.183814 0.076378 0.176612
0.183950 0.076349 0.176418
0.184087 0.076319 0.176224
0.184224 0.076290 0.176030
0.184361 0.076260 0.175835
0.184499 0.076229 0.175640
0.184632 0.076225 0.175340
0.184770 0.076194 0.175144
0.184905 0.076189 0.174843
0.185045 0.076158 0.174647
0.185185 0.076127 0.174450
0.185325 0.076096 0.174253
0.185466 0.076064 0.174056
0.185608 0.076033 0.173859
0.185749 0.076001 0.173662
0.185895 0.075944 0.173570
0.186040 0.075888 0.173479
0.186183 0.075856 0.173281
0.186329 0.075799 0.173189
0.186474 0.075742 0.173098
0.186620 0.075686 0.173006
0.186766 0.075629 0.172915
0.186910 0.075596 0.172716
0.187055 0.075540 0.172624
0.158790 0.088194 0.181698
0.159063 0.088017 0.181853
0.159335 0.087842 0.182008
0.159606 0.087667 0.182163
0.160021 0.087342 0.182663
0.160289 0.087169 0.182820
0.160555 0.086995 0.182979
0.160820 0.086822 0.183138
0.161119 0.086613 0.183385
0.161417 0.086404 0.183632
0.161642 0.086270 0.183707
0.161902 0.086099 0.183870
0.162161 0.085929 0.184033
0.162453 0.085722 0.184284
0.162674 0.085589 0.184362
0.162929 0.085420 0.184528
0.163183 0.085252 0.184694
0.163402 0.085120 0.184774
0.163586 0.085025 0.184767
0.163770 0.084930 0.184760
0.163953 0.084836 0.184753
0.164136 0.084741 0.184747
0.164319 0.084647 0.184741
0.164501 0.084553 0.184735
0.164651 0.084494 0.184641
0.164833 0.084400 0.184635
0.165046 0.084271 0.184718
0.165258 0.084142 0.184802
0.165470 0.084013 0.184887
0.165680 0.083884 0.184971
0.165890 0.083756 0.185057
0.166099 0.083628 0.185143
0.166277 0.083536 0.185140
0.166485 0.083409 0.185226
0.166661 0.083317 0.185224
0.166837 0.083225 0.185222
0.166983 0.083168 0.185130
0.167159 0.083077 0.185129
0.167334 0.082985 0.185127
0.167479 0.082929 0.185036
0.167654 0.082837 0.185035
0.167828 0.082746 0.185034
0.168001 0.082655 0.185034
0.168175 0.082565 0.185034
0.168376 0.082440 0.185124
0.168520 0.082384 0.185034
0.168692 0.082294 0.185034
0.168891 0.082170 0.185126
0.169062 0.082080 0.185128
0.169260 0.081956 0.185221
0.169457 0.081833 0.185314
0.169626 0.081744 0.185316
0.169795 0.081655 0.185319
0.169964 0.081566 0.185321
0.170132 0.081477 0.185324
0.170274 0.081422 0.185235
0.170441 0.081334 0.185239
0.170583 0.081279 0.185150
0.170724 0.081224 0.185061
0.170891 0.081135 0.185065
0.171032 0.081080 0.184976
0.171198 0.080993 0.184980
0.171339 0.080938 0.184892
0.171481 0.080883 0.184803
0.171646 0.080795 0.184808
0.171787 0.080740 0.184719
0.171952 0.080653 0.184724
0.172092 0.080598 0.184636
0.172233 0.080543 0.184547
0.172397 0.080456 0.184553
0.172537 0.080402 0.184465
0.172678 0.080347 0.184377
0.172818 0.080292 0.184288
0.172959 0.080237 0.184200
0.173099 0.080183 0.184112
0.173240 0.080128 0.184024
0.173381 0.080073 0.183935
0.173521 0.080019 0.183847
0.173662 0.079964 0.183759
0.173802 0.079909 0.183670
0.173922 0.079886 0.183487
0.174063 0.079831 0.183398
0.174203 0.079776 0.183310
0.174324 0.079752 0.183126
0.174465 0.079698 0.183037
0.174626 0.079612 0.183045
0.174766 0.079557 0.182956
0.174926 0.079471 0.182964
0.175067 0.079417 0.182876
0.175227 0.079331 0.182884
0.175386 0.079246 0.182893
0.175526 0.079192 0.182805
0.175684 0.079107 0.182814
0.175842 0.079022 0.182823
0.176000 0.078937 0.182833
0.176139 0.078883 0.182745
0.176297 0.078799 0.182755
0.176436 0.078744 0.182668
0.176575 0.078690 0.182580
0.176731 0.078606 0.182591
0.176870 0.078552 0.182503
0.177026 0.078468 0.182514
0.177165 0.078414 0.182427
0.177304 0.078360 0.182340
0.177459 0.078276 0.182351
0.177597 0.078222 0.182264
0.177736 0.078168 0.182177
0.177875 0.078114 0.182090
0.178013 0.078060 0.182003
0.178152 0.078006 0.181916
0.178291 0.077952 0.181828
0.178429 0.077898 0.181741
0.178568 0.077844 0.181654
0.178707 0.077790 0.181567
0.178846 0.077737 0.181480
0.178971 0.077711 0.181293
0.179109 0.077657 0.181206
0.179235 0.077631 0.181018
0.179374 0.077577 0.180931
0.179513 0.077523 0.180843
0.179640 0.077497 0.180655
0.179779 0.077443 0.180568
0.179906 0.077417 0.180379
0.180046 0.077362 0.180292
0.180173 0.077336 0.180103
0.180313 0.077281 0.180015
0.180442 0.077255 0.179826
0.180570 0.077228 0.179637
0.180710 0.077173 0.179549
0.180851 0.077119 0.179461
0.180980 0.077091 0.179271
0.181120 0.077037 0.179182
0.181261 0.076982 0.179094
0.181401 0.076927 0.179006
0.181541 0.076873 0.178918
0.181682 0.076818 0.178830
0.181822 0.076764 0.178742
0.181962 0.076709 0.178654
0.182094 0.076681 0.178463
0.182234 0.076626 0.178374
0.182366 0.076598 0.178183
0.182499 0.076570 0.177991
0.182640 0.076515 0.177902
0.182773 0.076486 0.177710
0.182906 0.076458 0.177518
0.183048 0.076403 0.177429
0.183182 0.076374 0.177236
0.183323 0.076319 0.177147
0.183458 0.076289 0.176954
0.183593 0.076260 0.176761
0.183735 0.076205 0.176672
0.183871 0.076175 0.176478
0.184007 0.076145 0.176284
0.184143 0.076115 0.176089
0.184280 0.076085 0.175895
0.184418 0.076055 0.175700
0.184556 0.076025 0.175505
0.184689 0.076019 0.175204
0.184827 0.075989 0.175008
0.184967 0.075958 0.174812
0.185102 0.075951 0.174510
0.185242 0.075920 0.174313
0.185383 0.075889 0.174117
0.185524 0.075857 0.173919
0.185669 0.075800 0.173828
0.185814 0.075744 0.173737
0.185956 0.075712 0.173539
0.186098 0.075680 0.173342
0.186244 0.075623 0.173250
0.186389 0.075567 0.173159
0.186532 0.075534 0.172960
0.186678 0.075477 0.172869
0.186823 0.075421 0.172777
0.186969 0.075364 0.172686
0.158730 0.087987 0.181732
0.158966 0.087849 0.181802
0.159238 0.087675 0.181957
0.159509 0.087500 0.182113
0.159743 0.087363 0.182184
0.160011 0.087190 0.182341
0.160279 0.087017 0.182499
0.160653 0.086733 0.182916
0.161025 0.086451 0.183335
0.161358 0.086206 0.183669
0.161514 0.086145 0.183572
0.162940 0.085153 0.184741
0.163126 0.085058 0.184734
0.163344 0.084927 0.184814
0.163529 0.084832 0.184807
0.163713 0.084738 0.184800
0.163863 0.084679 0.184706
0.164079 0.084549 0.184787
0.164229 0.084491 0.184693
0.164411 0.084397 0.184687
0.164593 0.084303 0.184682
0.164775 0.084209 0.184676
0.164988 0.084080 0.184760
0.165169 0.083987 0.184755
0.165412 0.083824 0.184929
0.165591 0.083731 0.184925
0.165801 0.083603 0.185010
0.166011 0.083476 0.185096
0.166219 0.083348 0.185183
0.166396 0.083257 0.185180
0.166573 0.083165 0.185178
0.166749 0.083073 0.185176
0.166895 0.083016 0.185084
0.167071 0.082925 0.185083
0.167246 0.082834 0.185081
0.167391 0.082777 0.184990
0.167566 0.082686 0.184989
0.167740 0.082595 0.184988
0.167914 0.082505 0.184988
0.168087 0.082414 0.184988
0.168289 0.082290 0.185079
0.168433 0.082234 0.184988
0.168605 0.082144 0.184989
0.168804 0.082020 0.185081
0.168976 0.081931 0.185082
0.169174 0.081808 0.185175
0.169344 0.081718 0.185177
0.169540 0.081596 0.185271
0.169709 0.081507 0.185274
0.169878 0.081418 0.185276
0.170020 0.081363 0.185187
0.170188 0.081275 0.185190
0.170330 0.081220 0.185101
0.170497 0.081131 0.185105
0.170639 0.081076 0.185016
0.170806 0.080988 0.185020
0.170947 0.080933 0.184931
0.171113 0.080846 0.184936
0.171254 0.080791 0.184847
0.171395 0.080736 0.184758
0.171561 0.080648 0.184763
0.171702 0.080594 0.184675
0.171867 0.080506 0.184680
0.172007 0.080452 0.184591
0.172148 0.080397 0.184503
0.172312 0.080310 0.184509
0.172453 0.080255 0.184420
0.172593 0.080201 0.184332
0.172734 0.080146 0.184244
0.172897 0.080060 0.184250
0.173037 0.080005 0.184162
0.173177 0.079950 0.184074
0.173318 0.079896 0.183986
0.173458 0.079841 0.183898
0.173577 0.079818 0.183714
0.173717 0.079763 0.183626
0.173858 0.079708 0.183538
0.173998 0.079654 0.183450
0.174139 0.079599 0.183361
0.174279 0.079544 0.183273
0.174420 0.079489 0.183185
0.174561 0.079435 0.183096
0.174701 0.079380 0.183008
0.174861 0.079295 0.183016
0.175001 0.079240 0.182928
0.175161 0.079155 0.182937
0.175301 0.079100 0.182849
0.175460 0.079016 0.182858
0.175618 0.078931 0.182867
0.175776 0.078846 0.182876
0.175916 0.078792 0.182789
0.176073 0.078708 0.182799
0.176212 0.078654 0.182711
0.176352 0.078599 0.182624
0.176508 0.078516 0.182634
0.176647 0.078461 0.182547
0.176787 0.078407 0.182459
0.176942 0.078324 0.182470
0.177081 0.078270 0.182383
0.177220 0.078215 0.182296
0.177375 0.078132 0.182307
0.177514 0.078078 0.182220
0.177652 0.078024 0.182133
0.177791 0.077970 0.182046
0.177930 0.077916 0.181959
0.178068 0.077862 0.181872
0.178207 0.077808 0.181785
0.178346 0.077754 0.181697
0.178484 0.077700 0.181610
0.178623 0.077646 0.181523
0.178748 0.077621 0.181336
0.178887 0.077567 0.181249
0.179012 0.077541 0.181062
0.179151 0.077487 0.180974
0.179290 0.077432 0.180887
0.179429 0.077378 0.180799
0.179556 0.077352 0.180611
0.179695 0.077298 0.180524
0.179822 0.077271 0.180335
0.179949 0.077245 0.180147
0.180089 0.077190 0.180059
0.180217 0.077164 0.179870
0.180357 0.077109 0.179782
0.180486 0.077082 0.179592
0.180626 0.077027 0.179504
0.180766 0.076973 0.179416
0.180895 0.076945 0.179226
0.181036 0.076891 0.179138
0.181176 0.076836 0.179050
0.181316 0.076782 0.178962
0.181457 0.076727 0.178874
0.181597 0.076672 0.178786
0.181737 0.076618 0.178697
0.181878 0.076563 0.178609
0.182018 0.076508 0.178521
0.182150 0.076480 0.178330
0.182290 0.076425 0.178242
0.182422 0.076397 0.178050
0.182555 0.076368 0.177858
0.182688 0.076340 0.177666
0.182829 0.076285 0.177577
0.182962 0.076256 0.177384
0.183104 0.076201 0.177296
0.183245 0.076146 0.177207
0.183372 0.076142 0.176909
0.183514 0.076087 0.176820
0.183649 0.076057 0.176627
0.183791 0.076002 0.176538
0.183927 0.075972 0.176344
0.184063 0.075942 0.176149
0.184200 0.075912 0.175955
0.184337 0.075881 0.175760
0.184474 0.075851 0.175565
0.184607 0.075845 0.175264
0.184746 0.075814 0.175068
0.184884 0.075783 0.174872
0.185024 0.075752 0.174676
0.185163 0.075720 0.174480
0.185304 0.075689 0.174283
0.185444 0.075657 0.174086
0.185585 0.075625 0.173889
0.185730 0.075569 0.173798
0.185871 0.075537 0.173600
0.186016 0.075480 0.173509
0.186162 0.075424 0.173418
0.186304 0.075391 0.173220
0.186449 0.075335 0.173129
0.186594 0.075278 0.173037
0.186738 0.075245 0.172839
0.186883 0.075189 0.172747
0.158508 0.087845 0.181868
0.158670 0.087782 0.181767
0.158868 0.087682 0.181751
0.159067 0.087582 0.181735
0.159376 0.087370 0.181976
0.159646 0.087197 0.182133
0.159915 0.087024 0.182291
0.160183 0.086852 0.182449
0.160486 0.086643 0.182694
0.160895 0.086325 0.183199
0.161265 0.086044 0.183620
0.161420 0.085984 0.183523
0.162698 0.085055 0.184789
0.162918 0.084924 0.184868
0.163103 0.084829 0.184861
0.163288 0.084735 0.184854
0.163438 0.084676 0.184759
0.163656 0.084546 0.184840
0.163805 0.084487 0.184746
0.163989 0.084393 0.184740
0.164171 0.084300 0.184734
0.164354 0.084206 0.184728
0.164536 0.084112 0.184723
0.164717 0.084019 0.184718
0.164898 0.083926 0.184713
0.165111 0.083798 0.184797
0.165323 0.083670 0.184882
0.165471 0.083612 0.184789
0.165744 0.083415 0.185053
0.165922 0.083323 0.185050
0.166131 0.083196 0.185136
0.166308 0.083104 0.185134
0.166485 0.083013 0.185132
0.166661 0.082921 0.185130
0.166807 0.082865 0.185038
0.166983 0.082774 0.185037
0.167158 0.082683 0.185035
0.167304 0.082626 0.184944
0.167478 0.082535 0.184943
0.167653 0.082445 0.184943
0.167827 0.082354 0.184942
0.168000 0.082264 0.184942
0.168202 0.082140 0.185033
0.168346 0.082084 0.184943
0.168518 0.081994 0.184943
0.168690 0.081904 0.184944
0.168889 0.081781 0.185037
0.169087 0.081659 0.185130
0.169258 0.081570 0.185132
0.169427 0.081481 0.185134
0.169597 0.081392 0.185137
0.169766 0.081304 0.185139
0.169934 0.081216 0.185142
0.170076 0.081160 0.185053
0.170244 0.081072 0.185057
0.170386 0.081017 0.184968
0.170553 0.080929 0.184971
0.170695 0.080874 0.184882
0.170862 0.080786 0.184887
0.171003 0.080731 0.184798
0.171169 0.080644 0.184802
0.171335 0.080557 0.184807
0.171476 0.080502 0.184719
0.171617 0.080447 0.184630
0.171782 0.080360 0.184635
0.171922 0.080305 0.184547
0.172087 0.080219 0.184553
0.172227 0.080164 0.184464
0.172368 0.080109 0.184376
0.172508 0.080054 0.184288
0.172671 0.079968 0.184294
0.172812 0.079914 0.184206
0.172952 0.079859 0.184118
0.173092 0.079804 0.184030
0.173233 0.079750 0.183942
0.173373 0.079695 0.183853
0.173513 0.079640 0.183765
0.173654 0.079586 0.183677
0.173794 0.079531 0.183589
0.173934 0.079476 0.183501
0.174075 0.079422 0.183413
0.174215 0.079367 0.183325
0.174355 0.079313 0.183236
0.174496 0.079258 0.183148
0.174636 0.079203 0.183060
0.174796 0.079118 0.183069
0.174936 0.079064 0.182981
0.175096 0.078979 0.182989
0.175255 0.078894 0.182998
0.175394 0.078840 0.182911
0.175553 0.078756 0.182920
0.175692 0.078701 0.182832
0.175850 0.078617 0.182842
0.175989 0.078563 0.182755
0.176146 0.078479 0.182765
0.176285 0.078425 0.182678
0.176424 0.078371 0.182590
0.176563 0.078317 0.182503
0.176703 0.078263 0.182415
0.176858 0.078179 0.182426
0.176997 0.078125 0.182339
0.177153 0.078042 0.182351
0.177291 0.077988 0.182263
0.177430 0.077934 0.182176
0.177569 0.077880 0.182089
0.177707 0.077826 0.182002
0.177846 0.077772 0.181915
0.177985 0.077718 0.181828
0.178123 0.077664 0.181741
0.178262 0.077610 0.181654
0.178386 0.077584 0.181467
0.178525 0.077530 0.181380
0.178664 0.077476 0.181292
0.178803 0.077422 0.181205
0.178928 0.077396 0.181018
0.179067 0.077342 0.180930
0.179206 0.077288 0.180843
0.179332 0.077261 0.180655
0.179472 0.077207 0.180567
0.179611 0.077153 0.180480
0.179738 0.077126 0.180291
0.179865 0.077099 0.180102
0.180005 0.077045 0.180015
0.180133 0.077018 0.179825
0.180273 0.076963 0.179738
0.180401 0.076936 0.179548
0.180541 0.076882 0.179460
0.180681 0.076827 0.179372
0.180811 0.076799 0.179182
0.180951 0.076745 0.179094
0.181091 0.076690 0.179006
0.181232 0.076636 0.178917
0.181372 0.076581 0.178829
0.181512 0.076526 0.178741
0.181653 0.076472 0.178653
0.181793 0.076417 0.178565
0.181933 0.076362 0.178477
0.182074 0.076308 0.178389
0.182205 0.076279 0.178197
0.182346 0.076225 0.178109
0.182478 0.076196 0.177917
0.182611 0.076167 0.177725
0.182744 0.076138 0.177532
0.182885 0.076083 0.177444
0.183018 0.076054 0.177251
0.183160 0.075999 0.177162
0.183294 0.075969 0.176969
0.183429 0.075939 0.176776
0.183570 0.075884 0.176687
0.183706 0.075854 0.176493
0.183841 0.075824 0.176299
0.183984 0.075769 0.176209
0.184120 0.075738 0.176015
0.184257 0.075708 0.175820
0.184394 0.075677 0.175625
0.184531 0.075646 0.175430
0.184664 0.075640 0.175129
0.184803 0.075609 0.174933
0.184942 0.075577 0.174737
0.185081 0.075546 0.174540
0.185221 0.075514 0.174344
0.185361 0.075482 0.174147
0.185501 0.075450 0.173949
0.185646 0.075394 0.173859
0.185787 0.075362 0.173661
0.185932 0.075305 0.173570
0.186074 0.075273 0.173372
0.186219 0.075216 0.173281
0.186364 0.075160 0.173190
0.186509 0.075103 0.173099
0.186652 0.075070 0.172900
0.186795 0.075037 0.172701
0.158448 0.087639 0.181902
0.158610 0.087576 0.181801
0.158771 0.087514 0.181699
0.158970 0.087414 0.181684
0.159242 0.087240 0.181840
0.159476 0.087104 0.181911
0.159636 0.087042 0.181810
0.160800 0.086162 0.183150
0.160957 0.086101 0.183052
0.162234 0.085088 0.184757
0.162490 0.084920 0.184923
0.162711 0.084790 0.185002
0.162862 0.084731 0.184908
0.163046 0.084637 0.184901
0.163231 0.084542 0.184894
0.163381 0.084484 0.184799
0.163565 0.084390 0.184793
0.163748 0.084296 0.184787
0.163932 0.084202 0.184781
0.164081 0.084144 0.184687
0.164264 0.084051 0.184681
0.164446 0.083957 0.184676
0.164627 0.083864 0.184671
0.164841 0.083736 0.184755
0.165021 0.083643 0.184750
0.165233 0.083516 0.184835
0.165381 0.083458 0.184742
0.165655 0.083262 0.185006
0.165833 0.083170 0.185003
0.166042 0.083044 0.185090
0.166220 0.082952 0.185088
0.166397 0.082861 0.185086
0.166543 0.082804 0.184994
0.166719 0.082713 0.184992
0.166895 0.082622 0.184991
0.167040 0.082565 0.184899
0.167216 0.082475 0.184898
0.167391 0.082384 0.184897
0.167565 0.082294 0.184897
0.167739 0.082203 0.184896
0.167913 0.082113 0.184896
0.168115 0.081990 0.184988
0.168259 0.081934 0.184897
0.168431 0.081844 0.184898
0.168603 0.081755 0.184899
0.168802 0.081632 0.184992
0.168973 0.081543 0.184993
0.169171 0.081421 0.185087
0.169341 0.081333 0.185089
0.169511 0.081244 0.185092
0.169653 0.081189 0.185002
0.169822 0.081101 0.185005
0.169991 0.081013 0.185008
0.170133 0.080957 0.184919
0.170300 0.080870 0.184923
0.170442 0.080814 0.184834
0.170609 0.080727 0.184838
0.170776 0.080639 0.184842
0.170918 0.080584 0.184753
0.171084 0.080497 0.184758
0.171250 0.080410 0.184763
0.171391 0.080355 0.184674
0.171556 0.080268 0.184679
0.171697 0.080214 0.184591
0.171861 0.080127 0.184596
0.172002 0.080072 0.184508
0.172142 0.080018 0.184420
0.172283 0.079963 0.184332
0.172423 0.079908 0.184243
0.172587 0.079822 0.184250
0.172727 0.079768 0.184162
0.172867 0.079713 0.184074
0.173008 0.079658 0.183985
0.173148 0.079604 0.183897
0.173310 0.079518 0.183904
0.173450 0.079464 0.183816
0.173591 0.079409 0.183728
0.173731 0.079354 0.183640
0.173871 0.079300 0.183552
0.174011 0.079245 0.183464
0.174151 0.079191 0.183376
0.174291 0.079136 0.183288
0.174431 0.079082 0.183200
0.174571 0.079027 0.183112
0.174731 0.078942 0.183121
0.174871 0.078888 0.183033
0.175030 0.078804 0.183042
0.175189 0.078719 0.183051
0.175329 0.078665 0.182964
0.175487 0.078581 0.182973
0.175626 0.078527 0.182886
0.175766 0.078472 0.182798
0.175923 0.078389 0.182808
0.176062 0.078334 0.182721
0.176201 0.078280 0.182634
0.176340 0.078226 0.182546
0.176480 0.078172 0.182459
0.176619 0.078118 0.182371
0.176775 0.078035 0.182382
0.176913 0.077981 0.182295
0.177069 0.077898 0.182307
0.177208 0.077844 0.182220
0.177346 0.077790 0.182132
0.177485 0.077736 0.182045
0.177624 0.077682 0.181958
0.177762 0.077628 0.181871
0.177901 0.077574 0.181784
0.178040 0.077520 0.181697
0.178178 0.077466 0.181610
0.178302 0.077440 0.181423
0.178441 0.077386 0.181336
0.178580 0.077332 0.181248
0.178719 0.077278 0.181161
0.178844 0.077251 0.180974
0.178983 0.077197 0.180886
0.179122 0.077143 0.180799
0.179248 0.077117 0.180611
0.179388 0.077062 0.180523
0.179527 0.077008 0.180436
0.179654 0.076981 0.180247
0.179781 0.076954 0.180058
0.179921 0.076900 0.179971
0.180048 0.076872 0.179781
0.180188 0.076818 0.179693
0.180317 0.076790 0.179504
0.180457 0.076736 0.179416
0.180586 0.076708 0.179226
0.180726 0.076653 0.179138
0.180866 0.076599 0.179049
0.181007 0.076544 0.178961
0.181147 0.076490 0.178873
0.181287 0.076435 0.178785
0.181428 0.076380 0.178697
0.181568 0.076326 0.178609
0.181708 0.076271 0.178521
0.181849 0.076216 0.178432
0.181989 0.076162 0.178344
0.182120 0.076133 0.178153
0.182261 0.076078 0.178064
0.182393 0.076049 0.177872
0.182526 0.076020 0.177680
0.182666 0.075965 0.177592
0.182800 0.075936 0.177399
0.182933 0.075907 0.177206
0.183067 0.075877 0.177013
0.183209 0.075822 0.176924
0.183343 0.075792 0.176731
0.183485 0.075737 0.176642
0.183620 0.075706 0.176448
0.183762 0.075651 0.176359
0.183898 0.075621 0.176164
0.184034 0.075590 0.175970
0.184170 0.075559 0.175775
0.184307 0.075529 0.175580
0.184445 0.075498 0.175385
0.184583 0.075466 0.175189
0.184721 0.075435 0.174993
0.184859 0.075403 0.174797
0.184999 0.075372 0.174601
0.185138 0.075340 0.174404
0.185278 0.075308 0.174207
0.185422 0.075252 0.174117
0.185563 0.075220 0.173920
0.185703 0.075187 0.173722
0.185848 0.075131 0.173631
0.185990 0.075098 0.173433
0.186134 0.075042 0.173342
0.186279 0.074985 0.173251
0.186422 0.074953 0.173053
0.186567 0.074896 0.172962
0.158351 0.087471 0.181851
0.158512 0.087409 0.181750
0.158674 0.087346 0.181648
0.158872 0.087246 0.181633
0.159071 0.087147 0.181617
0.159306 0.087011 0.181688
0.159466 0.086948 0.181587
0.159627 0.086886 0.181486
0.162248 0.084822 0.184970
0.162469 0.084692 0.185049
0.162655 0.084597 0.185042
0.162805 0.084539 0.184948
0.162990 0.084445 0.184941
0.163175 0.084351 0.184934
0.163325 0.084292 0.184840
0.163508 0.084199 0.184833
0.163658 0.084140 0.184739
0.163841 0.084047 0.184733
0.163991 0.083988 0.184640
0.164173 0.083895 0.184634
0.164356 0.083802 0.184629
0.164537 0.083709 0.184624
0.164751 0.083582 0.184708
0.164932 0.083489 0.184703
0.165144 0.083362 0.184788
0.165324 0.083270 0.184785
0.165535 0.083143 0.184870
0.165745 0.083017 0.184957
0.165923 0.082926 0.184954
0.166131 0.082800 0.185041
0.166278 0.082743 0.184950
0.166454 0.082652 0.184948
0.166631 0.082561 0.184946
0.166807 0.082470 0.184945
0.166953 0.082414 0.184853
0.167128 0.082323 0.184852
0.167303 0.082233 0.184851
0.167478 0.082143 0.184851
0.167652 0.082053 0.184851
0.167825 0.081963 0.184851
0.168027 0.081840 0.184942
0.168172 0.081784 0.184851
0.168344 0.081694 0.184852
0.168516 0.081605 0.184853
0.168716 0.081483 0.184946
0.168887 0.081394 0.184948
0.169058 0.081306 0.184950
0.169228 0.081217 0.184952
0.169398 0.081129 0.184955
0.169567 0.081041 0.184957
0.169736 0.080953 0.184960
0.169878 0.080897 0.184871
0.170047 0.080810 0.184874
0.170189 0.080754 0.184785
0.170357 0.080667 0.184789
0.170524 0.080580 0.184793
0.170691 0.080492 0.184797
0.170832 0.080437 0.184708
0.170999 0.080350 0.184713
0.171165 0.080264 0.184718
0.171306 0.080209 0.184629
0.171471 0.080122 0.184635
0.171612 0.080067 0.184546
0.171776 0.079981 0.184552
0.171917 0.079926 0.184464
0.172058 0.079872 0.184375
0.172198 0.079817 0.184287
0.172362 0.079731 0.184294
0.172502 0.079676 0.184205
0.172642 0.079622 0.184117
0.172783 0.079567 0.184029
0.172945 0.079481 0.184036
0.173086 0.079427 0.183948
0.173226 0.079372 0.183860
0.173366 0.079318 0.183772
0.173506 0.079263 0.183684
0.173667 0.079178 0.183692
0.173807 0.079124 0.183604
0.173947 0.079069 0.183516
0.174087 0.079015 0.183428
0.174227 0.078960 0.183340
0.174367 0.078906 0.183252
0.174487 0.078881 0.183068
0.174647 0.078797 0.183077
0.174787 0.078742 0.182989
0.174946 0.078658 0.182998
0.175105 0.078574 0.183007
0.175245 0.078520 0.182919
0.175403 0.078436 0.182929
0.175542 0.078382 0.182842
0.175682 0.078327 0.182754
0.175839 0.078244 0.182764
0.175978 0.078190 0.182677
0.176117 0.078136 0.182590
0.176256 0.078081 0.182502
0.176413 0.077998 0.182513
0.176552 0.077944 0.182426
0.176691 0.077890 0.182339
0.176830 0.077836 0.182251
0.176985 0.077753 0.182263
0.177124 0.077699 0.182176
0.177263 0.077645 0.182089
0.177401 0.077591 0.182002
0.177540 0.077537 0.181914
0.177679 0.077483 0.181827
0.177817 0.077429 0.181740
0.177956 0.077375 0.181653
0.178095 0.077321 0.181566
0.178219 0.077295 0.181379
0.178358 0.077241 0.181292
0.178496 0.077187 0.181204
0.178621 0.077161 0.181017
0.178760 0.077107 0.180930
0.178899 0.077053 0.180842
0.179038 0.076998 0.180755
0.179178 0.076944 0.180667
0.179304 0.076917 0.180479
0.179443 0.076863 0.180392
0.179569 0.076836 0.180203
0.179709 0.076782 0.180115
0.179836 0.076754 0.179926
0.179976 0.076700 0.179839
0.180104 0.076672 0.179649
0.180232 0.076645 0.179459
0.180372 0.076590 0.179371
0.180512 0.076536 0.179283
0.180641 0.076508 0.179093
0.180782 0.076453 0.179005
0.180922 0.076398 0.178917
0.181062 0.076344 0.178829
0.181203 0.076289 0.178741
0.181343 0.076234 0.178652
0.181483 0.076180 0.178564
0.181624 0.076125 0.178476
0.181764 0.076070 0.178388
0.181904 0.076016 0.178300
0.182045 0.075961 0.178212
0.182176 0.075932 0.178020
0.182317 0.075877 0.177932
0.182449 0.075848 0.177740
0.182581 0.075819 0.177547
0.182714 0.075789 0.177355
0.182848 0.075759 0.177162
0.182982 0.075730 0.176968
0.183123 0.075674 0.176879
0.183258 0.075644 0.176686
0.183399 0.075589 0.176597
0.183534 0.075559 0.176403
0.183676 0.075503 0.176314
0.183812 0.075473 0.176119
0.183948 0.075442 0.175925
0.184084 0.075411 0.175730
0.184227 0.075356 0.175640
0.184364 0.075324 0.175445
0.184502 0.075293 0.175250
0.184639 0.075262 0.175054
0.184778 0.075230 0.174858
0.184916 0.075198 0.174662
0.185056 0.075166 0.174465
0.185195 0.075134 0.174268
0.185339 0.075078 0.174178
0.185479 0.075046 0.173981
0.185620 0.075013 0.173783
0.185764 0.074957 0.173692
0.185905 0.074924 0.173495
0.186050 0.074868 0.173404
0.186192 0.074835 0.173206
0.186337 0.074778 0.173115
0.186479 0.074745 0.172916
0.158415 0.087241 0.181699
0.158651 0.087105 0.181769
0.158813 0.087042 0.181668
0.159011 0.086943 0.181652
0.159209 0.086844 0.181637
0.159369 0.086781 0.181536
0.159530 0.086719 0.181436
0.162193 0.084629 0.185009
0.162379 0.084535 0.185002
0.162564 0.084441 0.184994
0.162715 0.084382 0.184900
0.162899 0.084288 0.184893
0.163084 0.084195 0.184887
0.163234 0.084136 0.184792
0.163418 0.084043 0.184786
0.163568 0.083984 0.184692
0.163751 0.083891 0.184686
0.163934 0.083798 0.184681
0.164116 0.083705 0.184675
0.164299 0.083612 0.184670
0.164447 0.083554 0.184577
0.164629 0.083462 0.184572
0.164842 0.083335 0.184657
0.165055 0.083208 0.184742
0.165235 0.083116 0.184738
0.165446 0.082990 0.184824
0.165656 0.082864 0.184910
0.165834 0.082773 0.184908
0.166012 0.082682 0.184905
0.166189 0.082591 0.184903
0.166366 0.082500 0.184901
0.166543 0.082409 0.184900
0.166689 0.082353 0.184808
0.166865 0.082262 0.184807
0.167040 0.082172 0.184806
0.167215 0.082082 0.184805
0.167390 0.081992 0.184805
0.167564 0.081902 0.184805
0.167767 0.081779 0.184896
0.167940 0.081690 0.184896
0.168085 0.081634 0.184806
0.168257 0.081545 0.184807
0.168430 0.081456 0.184808
0.168629 0.081334 0.184901
0.168801 0.081245 0.184903
0.168971 0.081157 0.184905
0.169142 0.081069 0.184907
0.169312 0.080981 0.184909
0.169454 0.080925 0.184820
0.169624 0.080837 0.184823
0.169793 0.080750 0.184826
0.169935 0.080694 0.184737
0.170103 0.080607 0.184740
0.170271 0.080519 0.184744
0.170439 0.080432 0.184748
0.170580 0.080377 0.184659
0.170747 0.080290 0.184664
0.170914 0.080203 0.184668
0.171080 0.080117 0.184673
0.171221 0.080062 0.184585
0.171386 0.079976 0.184590
0.171527 0.079921 0.184502
0.171692 0.079835 0.184508
0.171832 0.079780 0.184419
0.171973 0.079725 0.184331
0.172113 0.079671 0.184243
0.172277 0.079585 0.184249
0.172417 0.079530 0.184161
0.172558 0.079476 0.184073
0.172698 0.079421 0.183985
0.172861 0.079336 0.183992
0.173001 0.079281 0.183904
0.173141 0.079227 0.183816
0.173281 0.079172 0.183728
0.173421 0.079118 0.183640
0.173583 0.079033 0.183648
0.173723 0.078978 0.183560
0.173863 0.078924 0.183472
0.174003 0.078869 0.183384
0.174143 0.078815 0.183296
0.174303 0.078730 0.183305
0.174443 0.078676 0.183217
0.174582 0.078622 0.183129
0.174722 0.078567 0.183041
0.174881 0.078483 0.183051
0.175040 0.078400 0.183060
0.175180 0.078345 0.182973
0.175319 0.078291 0.182885
0.175477 0.078208 0.182895
0.175616 0.078153 0.182808
0.175755 0.078099 0.182720
0.175894 0.078045 0.182633
0.176033 0.077991 0.182546
0.176190 0.077908 0.182556
0.176329 0.077854 0.182469
0.176468 0.077800 0.182382
0.176607 0.077746 0.182295
0.176763 0.077663 0.182306
0.176901 0.077609 0.182219
0.177040 0.077555 0.182132
0.177179 0.077501 0.182045
0.177318 0.077447 0.181958
0.177456 0.077393 0.181871
0.177595 0.077339 0.181783
0.177734 0.077285 0.181696
0.177857 0.077259 0.181510
0.177996 0.077205 0.181422
0.178135 0.077151 0.181335
0.178274 0.077097 0.181248
0.178413 0.077043 0.181161
0.178537 0.077016 0.180973
0.178676 0.076962 0.180886
0.178815 0.076908 0.180798
0.178955 0.076854 0.180711
0.179094 0.076800 0.180624
0.179219 0.076772 0.180435
0.179359 0.076718 0.180348
0.179485 0.076691 0.180159
0.179625 0.076637 0.180071
0.179752 0.076609 0.179882
0.179892 0.076555 0.179794
0.180019 0.076527 0.179605
0.180159 0.076472 0.179517
0.180288 0.076444 0.179327
0.180428 0.076390 0.179239
0.180568 0.076335 0.179151
0.180708 0.076281 0.179063
0.180837 0.076252 0.178873
0.180978 0.076198 0.178784
0.181118 0.076143 0.178696
0.181258 0.076088 0.178608
0.181399 0.076034 0.178520
0.181539 0.075979 0.178432
0.181679 0.075924 0.178344
0.181820 0.075870 0.178256
0.181960 0.075815 0.178167
0.182091 0.075786 0.177976
0.182232 0.075731 0.177887
0.182364 0.075702 0.177695
0.182496 0.075672 0.177503
0.182629 0.075642 0.177310
0.182762 0.075612 0.177117
0.182896 0.075582 0.176924
0.183038 0.075527 0.176835
0.183172 0.075497 0.176641
0.183314 0.075442 0.176552
0.183449 0.075411 0.176358
0.183591 0.075356 0.176269
0.183726 0.075325 0.176074
0.183862 0.075294 0.175880
0.184004 0.075239 0.175790
0.184141 0.075207 0.175595
0.184278 0.075176 0.175400
0.184415 0.075144 0.175204
0.184553 0.075113 0.175009
0.184696 0.075057 0.174919
0.184835 0.075025 0.174722
0.184973 0.074993 0.174526
0.185113 0.074961 0.174329
0.185252 0.074928 0.174132
0.185396 0.074872 0.174042
0.185536 0.074839 0.173844
0.185681 0.074783 0.173754
0.185822 0.074750 0.173556
0.185963 0.074717 0.173358
0.186107 0.074661 0.173267
0.186252 0.074605 0.173176
0.158554 0.086937 0.181718
0.158790 0.086802 0.181788
0.158988 0.086703 0.181773
0.159149 0.086640 0.181673
0.159309 0.086578 0.181572
0.162102 0.084473 0.184962
0.162288 0.084378 0.184954
0.162473 0.084284 0.184947
0.162624 0.084226 0.184852
0.162809 0.084132 0.184846
0.162959 0.084074 0.184751
0.163144 0.083980 0.184745
0.163328 0.083887 0.184739
0.163511 0.083794 0.184733
0.163661 0.083736 0.184639
0.163844 0.083643 0.184633
0.164026 0.083550 0.184628
0.164209 0.083457 0.184623
0.164390 0.083365 0.184618
0.164572 0.083273 0.184614
0.164753 0.083180 0.184610
0.164966 0.083054 0.184695
0.165146 0.082962 0.184691
0.165357 0.082837 0.184777
0.165536 0.082746 0.184774
0.165746 0.082620 0.184861
0.165924 0.082530 0.184859
0.166101 0.082439 0.184857
0.166278 0.082348 0.184855
0.166424 0.082291 0.184764
0.166601 0.082201 0.184762
0.166807 0.082077 0.184852
0.166952 0.082021 0.184760
0.167128 0.081931 0.184760
0.167332 0.081808 0.184850
0.167506 0.081718 0.184850
0.167680 0.081629 0.184850
0.167853 0.081540 0.184851
0.167998 0.081484 0.184760
0.168199 0.081362 0.184853
0.168371 0.081273 0.184854
0.168543 0.081185 0.184856
0.168714 0.081096 0.184857
0.168885 0.081008 0.184859
0.169056 0.080920 0.184862
0.169198 0.080865 0.184772
0.169368 0.080777 0.184775
0.169538 0.080689 0.184778
0.169680 0.080634 0.184688
0.169849 0.080546 0.184692
0.170018 0.080459 0.184695
0.170186 0.080372 0.184699
0.170327 0.080317 0.184610
0.170495 0.080230 0.184615
0.170662 0.080143 0.184619
0.170828 0.080057 0.184624
0.170970 0.080002 0.184535
0.171136 0.079915 0.184540
0.171301 0.079829 0.184546
0.171442 0.079774 0.184457
0.171607 0.079689 0.184463
0.171747 0.079634 0.184375
0.171888 0.079579 0.184287
0.172028 0.079524 0.184198
0.172192 0.079439 0.184205
0.172333 0.079384 0.184117
0.172473 0.079330 0.184029
0.172636 0.079245 0.184036
0.172776 0.079190 0.183948
0.172916 0.079135 0.183860
0.173057 0.079081 0.183771
0.173219 0.078996 0.183779
0.173359 0.078942 0.183691
0.173499 0.078887 0.183603
0.173660 0.078803 0.183611
0.173800 0.078748 0.183524
0.173939 0.078694 0.183436
0.174079 0.078639 0.183348
0.174219 0.078585 0.183260
0.174379 0.078501 0.183269
0.174518 0.078447 0.183182
0.174678 0.078363 0.183191
0.174817 0.078309 0.183104
0.174956 0.078255 0.183016
0.175115 0.078171 0.183026
0.175254 0.078117 0.182939
0.175393 0.078063 0.182851
0.175532 0.078009 0.182764
0.175690 0.077926 0.182774
0.175829 0.077872 0.182687
0.175968 0.077818 0.182600
0.176106 0.077763 0.182512
0.176245 0.077709 0.182425
0.176384 0.077655 0.182338
0.176523 0.077601 0.182251
0.176679 0.077519 0.182262
0.176818 0.077465 0.182175
0.176956 0.077411 0.182088
0.177095 0.077357 0.182001
0.177234 0.077303 0.181914
0.177373 0.077249 0.181827
0.177511 0.077195 0.181740
0.177650 0.077141 0.181653
0.177773 0.077115 0.181466
0.177912 0.077061 0.181378
0.178051 0.077006 0.181291
0.178190 0.076952 0.181204
0.178329 0.076898 0.181117
0.178468 0.076844 0.181029
0.178592 0.076817 0.180842
0.178731 0.076763 0.180754
0.178871 0.076709 0.180667
0.179010 0.076655 0.180580
0.179149 0.076601 0.180492
0.179275 0.076573 0.180304
0.179414 0.076519 0.180216
0.179541 0.076491 0.180027
0.179680 0.076437 0.179940
0.179807 0.076409 0.179750
0.179947 0.076355 0.179663
0.180075 0.076327 0.179473
0.180215 0.076272 0.179385
0.180355 0.076218 0.179297
0.180483 0.076190 0.179107
0.180623 0.076135 0.179019
0.180764 0.076080 0.178931
0.180904 0.076026 0.178843
0.181044 0.075971 0.178755
0.181184 0.075917 0.178667
0.181314 0.075888 0.178476
0.181454 0.075833 0.178387
0.181595 0.075779 0.178299
0.181735 0.075724 0.178211
0.181875 0.075669 0.178123
0.182016 0.075615 0.178035
0.182147 0.075585 0.177843
0.182279 0.075555 0.177651
0.182411 0.075526 0.177458
0.182544 0.075496 0.177265
0.182677 0.075465 0.177072
0.182811 0.075435 0.176879
0.182952 0.075380 0.176790
0.183086 0.075349 0.176596
0.183221 0.075319 0.176402
0.183363 0.075263 0.176313
0.183498 0.075232 0.176119
0.183640 0.075177 0.176030
0.183776 0.075146 0.175835
0.183918 0.075090 0.175745
0.184055 0.075059 0.175550
0.184192 0.075027 0.175355
0.184335 0.074972 0.175265
0.184472 0.074940 0.175069
0.184610 0.074908 0.174873
0.184748 0.074876 0.174677
0.184891 0.074820 0.174587
0.185030 0.074788 0.174390
0.185170 0.074755 0.174193
0.185313 0.074699 0.174103
0.185453 0.074666 0.173906
0.185594 0.074633 0.173708
0.185738 0.074577 0.173618
0.185879 0.074544 0.173420
0.186023 0.074488 0.173329
0.186165 0.074454 0.173131
0.158609 0.086625 0.182010
0.158769 0.086562 0.181909
0.158967 0.086464 0.181895
0.159127 0.086402 0.181794
0.159287 0.086339 0.181694
0.159447 0.086277 0.181593
0.162011 0.084316 0.184914
0.162197 0.084222 0.184907
0.162383 0.084128 0.184899
0.162533 0.084070 0.184805
0.162683 0.084011 0.184710
0.162868 0.083918 0.184704
0.163053 0.083824 0.184698
0.163237 0.083731 0.184691
0.163421 0.083638 0.184686
0.163570 0.083580 0.184592
0.163754 0.083487 0.184586
0.163936 0.083395 0.184581
0.164119 0.083302 0.184576
0.164301 0.083210 0.184571
0.164482 0.083118 0.184567
0.164663 0.083026 0.184563
0.164876 0.082900 0.184648
0.165056 0.082809 0.184645
0.165268 0.082684 0.184731
0.165447 0.082593 0.184728
0.165657 0.082468 0.184815
0.165835 0.082377 0.184813
0.166013 0.082287 0.184811
0.166190 0.082196 0.184809
0.166367 0.082106 0.184808
0.166543 0.082016 0.184806
0.166719 0.081926 0.184806
0.166895 0.081836 0.184805
0.167070 0.081747 0.184804
0.167245 0.081657 0.184804
0.167448 0.081535 0.184895
0.167622 0.081446 0.184896
0.167795 0.081357 0.184897
0.167939 0.081301 0.184806
0.168112 0.081212 0.184807
0.168284 0.081124 0.184809
0.168456 0.081036 0.184810
0.168628 0.080947 0.184812
0.168799 0.080859 0.184814
0.168969 0.080772 0.184817
0.169112 0.080716 0.184727
0.169282 0.080628 0.184730
0.169452 0.080541 0.184733
0.169594 0.080486 0.184643
0.169763 0.080398 0.184647
0.169932 0.080311 0.184651
0.170074 0.080256 0.184561
0.170242 0.080169 0.184565
0.170409 0.080083 0.184570
0.170576 0.079996 0.184574
0.170743 0.079910 0.184579
0.170884 0.079855 0.184491
0.171050 0.079769 0.184496
0.171216 0.079683 0.184501
0.171357 0.079628 0.184413
0.171522 0.079542 0.184419
0.171663 0.079488 0.184330
0.171803 0.079433 0.184242
0.171967 0.079348 0.184249
0.172108 0.079293 0.184160
0.172248 0.079238 0.184072
0.172412 0.079153 0.184079
0.172552 0.079099 0.183991
0.172692 0.079044 0.183903
0.172854 0.078959 0.183911
0.172994 0.078905 0.183823
0.173134 0.078851 0.183735
0.173296 0.078766 0.183743
0.173436 0.078712 0.183655
0.173575 0.078657 0.183567
0.173715 0.078603 0.183480
0.173876 0.078519 0.183488
0.174015 0.078465 0.183401
0.174155 0.078410 0.183313
0.174295 0.078356 0.183225
0.174454 0.078272 0.183235
0.174594 0.078218 0.183147
0.174753 0.078135 0.183157
0.174892 0.078081 0.183069
0.175031 0.078026 0.182982
0.175170 0.077972 0.182895
0.175328 0.077889 0.182905
0.175467 0.077835 0.182818
0.175606 0.077781 0.182730
0.175745 0.077727 0.182643
0.175884 0.077673 0.182556
0.176023 0.077619 0.182469
0.176162 0.077565 0.182381
0.176300 0.077511 0.182294
0.176439 0.077457 0.182207
0.176578 0.077403 0.182120
0.176717 0.077349 0.182032
0.176873 0.077267 0.182044
0.177011 0.077213 0.181957
0.177150 0.077159 0.181870
0.177289 0.077105 0.181783
0.177428 0.077051 0.181696
0.177566 0.076997 0.181609
0.177689 0.076970 0.181422
0.177828 0.076916 0.181334
0.177967 0.076862 0.181247
0.178106 0.076808 0.181160
0.178245 0.076754 0.181073
0.178384 0.076700 0.180986
0.178523 0.076646 0.180898
0.178662 0.076592 0.180811
0.178787 0.076564 0.180623
0.178926 0.076510 0.180536
0.179065 0.076456 0.180448
0.179204 0.076402 0.180361
0.179330 0.076374 0.180172
0.179469 0.076320 0.180085
0.179609 0.076266 0.179997
0.179735 0.076238 0.179808
0.179863 0.076210 0.179618
0.180002 0.076155 0.179531
0.180142 0.076101 0.179443
0.180270 0.076072 0.179253
0.180410 0.076018 0.179165
0.180550 0.075963 0.179077
0.180679 0.075935 0.178887
0.180819 0.075880 0.178798
0.180959 0.075826 0.178710
0.181099 0.075771 0.178622
0.181239 0.075716 0.178534
0.181380 0.075662 0.178446
0.181520 0.075607 0.178358
0.181650 0.075578 0.178167
0.181791 0.075523 0.178079
0.181931 0.075469 0.177991
0.182062 0.075439 0.177798
0.182194 0.075409 0.177606
0.182326 0.075379 0.177414
0.182459 0.075349 0.177221
0.182592 0.075318 0.177028
0.182725 0.075288 0.176834
0.182867 0.075233 0.176745
0.183001 0.075202 0.176551
0.183135 0.075171 0.176357
0.183277 0.075116 0.176268
0.183412 0.075085 0.176074
0.183555 0.075029 0.175985
0.183690 0.074998 0.175790
0.183833 0.074942 0.175700
0.183969 0.074911 0.175505
0.184106 0.074879 0.175310
0.184248 0.074823 0.175220
0.184386 0.074791 0.175024
0.184523 0.074759 0.174828
0.184667 0.074703 0.174738
0.184805 0.074671 0.174542
0.184944 0.074638 0.174345
0.185087 0.074582 0.174255
0.185227 0.074549 0.174058
0.185366 0.074516 0.173860
0.185510 0.074460 0.173770
0.185651 0.074427 0.173572
0.185795 0.074371 0.173482
0.185939 0.074315 0.173391
0.186081 0.074281 0.173193
0.158512 0.086458 0.181959
0.158672 0.086396 0.181859
0.158870 0.086298 0.181844
0.159067 0.086200 0.181830
0.159302 0.086066 0.181902
0.159498 0.085969 0.181889
0.159657 0.085907 0.181789
0.162070 0.084100 0.184772
0.162257 0.084007 0.184764
0.162407 0.083948 0.184670
0.162593 0.083855 0.184663
0.162778 0.083761 0.184656
0.162962 0.083668 0.184650
0.163147 0.083575 0.184644
0.163331 0.083483 0.184638
0.163480 0.083424 0.184544
0.163664 0.083332 0.184539
0.163846 0.083240 0.184534
0.164029 0.083147 0.184529
0.164178 0.083089 0.184435
0.164360 0.082997 0.184431
0.164574 0.082872 0.184516
0.164755 0.082780 0.184512
0.164935 0.082689 0.184508
0.165147 0.082564 0.184595
0.165326 0.082473 0.184592
0.165537 0.082349 0.184679
0.165715 0.082258 0.184677
0.165925 0.082134 0.184765
0.166102 0.082044 0.184763
0.166279 0.081954 0.184762
0.166455 0.081864 0.184760
0.166631 0.081775 0.184760
0.166837 0.081652 0.184850
0.167012 0.081563 0.184849
0.167157 0.081507 0.184758
0.167361 0.081385 0.184850
0.167535 0.081296 0.184850
0.167709 0.081207 0.184851
0.167853 0.081151 0.184761
0.168025 0.081063 0.184762
0.168198 0.080975 0.184763
0.168370 0.080886 0.184765
0.168541 0.080799 0.184767
0.168713 0.080711 0.184769
0.168883 0.080623 0.184772
0.169026 0.080568 0.184682
0.169196 0.080480 0.184685
0.169366 0.080393 0.184688
0.169508 0.080337 0.184598
0.169677 0.080251 0.184602
0.169846 0.080164 0.184606
0.169988 0.080108 0.184516
0.170156 0.080022 0.184521
0.170324 0.079935 0.184525
0.170491 0.079849 0.184530
0.170658 0.079763 0.184535
0.170799 0.079708 0.184446
0.170965 0.079622 0.184451
0.171131 0.079536 0.184457
0.171272 0.079482 0.184368
0.171437 0.079396 0.184374
0.171578 0.079342 0.184286
0.171742 0.079256 0.184292
0.171883 0.079202 0.184204
0.172023 0.079147 0.184116
0.172187 0.079062 0.184123
0.172327 0.079008 0.184035
0.172467 0.078953 0.183947
0.172630 0.078868 0.183954
0.172770 0.078814 0.183866
0.172910 0.078759 0.183779
0.173072 0.078675 0.183786
0.173212 0.078621 0.183699
0.173351 0.078566 0.183611
0.173513 0.078482 0.183619
0.173652 0.078428 0.183532
0.173792 0.078374 0.183444
0.173931 0.078320 0.183356
0.174092 0.078236 0.183365
0.174231 0.078182 0.183278
0.174370 0.078127 0.183190
0.174530 0.078044 0.183200
0.174669 0.077990 0.183113
0.174808 0.077936 0.183025
0.174967 0.077853 0.183035
0.175105 0.077799 0.182948
0.175244 0.077745 0.182861
0.175383 0.077691 0.182774
0.175522 0.077637 0.182686
0.175661 0.077583 0.182599
0.175800 0.077529 0.182512
0.175939 0.077475 0.182425
0.176078 0.077420 0.182337
0.176217 0.077366 0.182250
0.176355 0.077312 0.182163
0.176494 0.077258 0.182076
0.176633 0.077204 0.181989
0.176772 0.077150 0.181901
0.176928 0.077068 0.181913
0.177066 0.077014 0.181826
0.177205 0.076960 0.181739
0.177344 0.076906 0.181652
0.177483 0.076852 0.181565
0.177606 0.076826 0.181378
0.177744 0.076772 0.181291
0.177883 0.076717 0.181203
0.178022 0.076663 0.181116
0.178161 0.076609 0.181029
0.178300 0.076555 0.180942
0.178439 0.076501 0.180854
0.178578 0.076447 0.180767
0.178717 0.076393 0.180680
0.178856 0.076339 0.180593
0.178995 0.076285 0.180505
0.179120 0.076257 0.180317
0.179259 0.076203 0.180230
0.179398 0.076149 0.180142
0.179525 0.076121 0.179953
0.179651 0.076093 0.179764
0.179791 0.076038 0.179676
0.179930 0.075984 0.179589
0.180058 0.075956 0.179399
0.180198 0.075901 0.179311
0.180326 0.075872 0.179121
0.180466 0.075818 0.179033
0.180606 0.075763 0.178945
0.180745 0.075709 0.178857
0.180875 0.075680 0.178666
0.181015 0.075625 0.178578
0.181155 0.075571 0.178490
0.181295 0.075516 0.178402
0.181435 0.075462 0.178314
0.181566 0.075432 0.178123
0.181706 0.075377 0.178034
0.181846 0.075323 0.177946
0.181977 0.075293 0.177754
0.182109 0.075263 0.177562
0.182241 0.075232 0.177369
0.182374 0.075202 0.177176
0.182507 0.075171 0.176983
0.182640 0.075141 0.176789
0.182781 0.075085 0.176701
0.182915 0.075054 0.176507
0.183050 0.075023 0.176313
0.183192 0.074968 0.176223
0.183327 0.074937 0.176029
0.183469 0.074881 0.175940
0.183604 0.074850 0.175745
0.183747 0.074794 0.175655
0.183883 0.074762 0.175460
0.184019 0.074730 0.175265
0.184162 0.074675 0.175175
0.184299 0.074643 0.174979
0.184442 0.074587 0.174889
0.184580 0.074554 0.174693
0.184718 0.074522 0.174496
0.184862 0.074466 0.174406
0.185001 0.074433 0.174209
0.185140 0.074400 0.174012
0.185284 0.074344 0.173922
0.185427 0.074288 0.173832
0.185568 0.074254 0.173634
0.185712 0.074198 0.173543
0.185852 0.074165 0.173345
0.185993 0.074131 0.173147
0.186138 0.074075 0.173056
0.159159 0.085856 0.182211
0.159355 0.085759 0.182198
0.159588 0.085626 0.182271
0.159746 0.085565 0.182172
0.161908 0.084013 0.184549
0.162130 0.083885 0.184629
0.162281 0.083826 0.184534
0.162502 0.083698 0.184615
0.162687 0.083605 0.184609
0.162872 0.083512 0.184603
0.163056 0.083420 0.184597
0.163240 0.083327 0.184591
0.163390 0.083269 0.184497
0.163573 0.083177 0.184492
0.163756 0.083084 0.184487
0.163906 0.083026 0.184393
0.164088 0.082934 0.184388
0.164270 0.082843 0.184384
0.164451 0.082751 0.184380
0.164665 0.082626 0.184465
0.164846 0.082535 0.184462
0.165058 0.082411 0.184548
0.165237 0.082320 0.184545
0.165448 0.082196 0.184632
0.165627 0.082106 0.184630
0.165805 0.082015 0.184628
0.166014 0.081892 0.184717
0.166191 0.081803 0.184715
0.166367 0.081713 0.184714
0.166544 0.081623 0.184714
0.166750 0.081501 0.184804
0.166925 0.081412 0.184804
0.167130 0.081291 0.184895
0.167304 0.081202 0.184895
0.167478 0.081114 0.184896
0.167651 0.081025 0.184897
0.167795 0.080969 0.184807
0.167996 0.080849 0.184900
0.168140 0.080793 0.184810
0.168312 0.080705 0.184812
0.168483 0.080618 0.184814
0.168626 0.080562 0.184724
0.168797 0.080475 0.184726
0.168940 0.080419 0.184637
0.169110 0.080332 0.184640
0.169280 0.080245 0.184643
0.169422 0.080189 0.184553
0.169592 0.080103 0.184557
0.169734 0.080047 0.184468
0.169902 0.079961 0.184472
0.170071 0.079874 0.184476
0.170238 0.079788 0.184480
0.170406 0.079702 0.184485
0.170547 0.079647 0.184396
0.170714 0.079561 0.184401
0.170880 0.079476 0.184407
0.171046 0.079390 0.184412
0.171187 0.079335 0.184324
0.171352 0.079250 0.184330
0.171493 0.079195 0.184242
0.171658 0.079110 0.184248
0.171798 0.079056 0.184160
0.171962 0.078971 0.184167
0.172102 0.078916 0.184079
0.172266 0.078832 0.184086
0.172406 0.078777 0.183998
0.172546 0.078723 0.183910
0.172708 0.078639 0.183918
0.172848 0.078584 0.183830
0.172988 0.078530 0.183742
0.173150 0.078446 0.183750
0.173289 0.078392 0.183663
0.173429 0.078337 0.183575
0.173568 0.078283 0.183488
0.173729 0.078200 0.183496
0.173868 0.078145 0.183409
0.174008 0.078091 0.183321
0.174168 0.078008 0.183331
0.174307 0.077954 0.183243
0.174446 0.077900 0.183156
0.174585 0.077845 0.183069
0.174724 0.077791 0.182981
0.174883 0.077709 0.182991
0.175022 0.077654 0.182904
0.175161 0.077600 0.182817
0.175299 0.077546 0.182730
0.175438 0.077492 0.182643
0.175596 0.077410 0.182653
0.175735 0.077356 0.182566
0.175873 0.077302 0.182479
0.176012 0.077248 0.182392
0.176133 0.077222 0.182206
0.176272 0.077168 0.182119
0.176411 0.077114 0.182032
0.176549 0.077060 0.181945
0.176688 0.077006 0.181857
0.176827 0.076952 0.181770
0.176966 0.076897 0.181683
0.177105 0.076843 0.181596
0.177244 0.076789 0.181508
0.177383 0.076735 0.181421
0.177522 0.076681 0.181334
0.177661 0.076627 0.181247
0.177800 0.076573 0.181159
0.177938 0.076519 0.181072
0.178077 0.076465 0.180985
0.178216 0.076411 0.180898
0.178355 0.076357 0.180810
0.178494 0.076303 0.180723
0.178633 0.076249 0.180636
0.178772 0.076194 0.180549
0.178911 0.076140 0.180462
0.179050 0.076086 0.180374
0.179175 0.076058 0.180186
0.179314 0.076004 0.180098
0.179440 0.075976 0.179909
0.179580 0.075922 0.179822
0.179719 0.075867 0.179734
0.179846 0.075839 0.179544
0.179986 0.075785 0.179457
0.180113 0.075756 0.179267
0.180253 0.075701 0.179179
0.180381 0.075672 0.178989
0.180521 0.075618 0.178901
0.180661 0.075563 0.178813
0.180801 0.075509 0.178725
0.180930 0.075479 0.178534
0.181070 0.075425 0.178446
0.181210 0.075370 0.178358
0.181351 0.075316 0.178270
0.181491 0.075261 0.178182
0.181621 0.075231 0.177990
0.181762 0.075177 0.177902
0.181893 0.075147 0.177710
0.182024 0.075116 0.177517
0.182165 0.075061 0.177429
0.182297 0.075031 0.177236
0.182430 0.075000 0.177043
0.182563 0.074969 0.176849
0.182704 0.074914 0.176761
0.182830 0.074907 0.176462
0.182964 0.074876 0.176268
0.183106 0.074820 0.176179
0.183241 0.074789 0.175984
0.183376 0.074757 0.175789
0.183518 0.074702 0.175700
0.183661 0.074646 0.175610
0.183797 0.074614 0.175415
0.183933 0.074582 0.175219
0.184076 0.074526 0.175130
0.184213 0.074494 0.174934
0.184356 0.074438 0.174844
0.184494 0.074405 0.174648
0.184632 0.074373 0.174451
0.184775 0.074317 0.174361
0.184914 0.074284 0.174164
0.185058 0.074228 0.174074
0.185197 0.074194 0.173876
0.185341 0.074138 0.173786
0.185481 0.074105 0.173588
0.185625 0.074049 0.173498
0.185765 0.074015 0.173300
0.185906 0.073981 0.173101
0.159176 0.085585 0.182420
0.159409 0.085453 0.182493
0.159641 0.085321 0.182567
0.159798 0.085260 0.182469
0.161333 0.084147 0.184255
0.161558 0.084018 0.184334
0.161817 0.083856 0.184501
0.162004 0.083762 0.184494
0.162190 0.083669 0.184487
0.162376 0.083576 0.184480
0.162562 0.083483 0.184473
0.162781 0.083356 0.184555
0.162966 0.083264 0.184549
0.163150 0.083171 0.184544
0.163300 0.083113 0.184450
0.163483 0.083021 0.184445
0.163666 0.082929 0.184440
0.163815 0.082871 0.184346
0.163998 0.082780 0.184341
0.164180 0.082688 0.184337
0.164362 0.082597 0.184333
0.164543 0.082505 0.184329
0.164756 0.082381 0.184415
0.164969 0.082257 0.184501
0.165149 0.082167 0.184499
0.165360 0.082043 0.184586
0.165538 0.081953 0.184584
0.165716 0.081863 0.184582
0.165926 0.081740 0.184671
0.166103 0.081651 0.184669
0.166310 0.081529 0.184759
0.166486 0.081440 0.184758
0.166693 0.081318 0.184849
0.166868 0.081229 0.184849
0.167042 0.081141 0.184849
0.167247 0.081020 0.184941
0.167420 0.080932 0.184942
0.167594 0.080844 0.184943
0.167737 0.080788 0.184853
0.167910 0.080700 0.184854
0.168082 0.080612 0.184856
0.168254 0.080525 0.184858
0.168397 0.080469 0.184768
0.168568 0.080382 0.184771
0.168711 0.080326 0.184681
0.168882 0.080239 0.184684
0.169024 0.080184 0.184595
0.169194 0.080097 0.184598
0.169336 0.080041 0.184508
0.169506 0.079955 0.184512
0.169648 0.079899 0.184423
0.169817 0.079813 0.184427
0.169985 0.079727 0.184431
0.170153 0.079641 0.184436
0.170321 0.079555 0.184440
0.170462 0.079500 0.184352
0.170629 0.079414 0.184357
0.170795 0.079329 0.184362
0.170936 0.079274 0.184274
0.171102 0.079189 0.184279
0.171268 0.079104 0.184286
0.171408 0.079049 0.184197
0.171573 0.078964 0.184204
0.171713 0.078910 0.184116
0.171878 0.078825 0.184122
0.172018 0.078771 0.184034
0.172181 0.078686 0.184042
0.172321 0.078632 0.183954
0.172484 0.078548 0.183961
0.172624 0.078493 0.183874
0.172786 0.078409 0.183882
0.172926 0.078355 0.183794
0.173065 0.078301 0.183706
0.173205 0.078247 0.183619
0.173366 0.078163 0.183627
0.173506 0.078109 0.183540
0.173645 0.078055 0.183452
0.173784 0.078000 0.183365
0.173944 0.077917 0.183374
0.174084 0.077863 0.183287
0.174223 0.077809 0.183199
0.174362 0.077755 0.183112
0.174521 0.077672 0.183122
0.174660 0.077618 0.183035
0.174799 0.077564 0.182948
0.174938 0.077510 0.182860
0.175096 0.077428 0.182871
0.175235 0.077374 0.182784
0.175373 0.077320 0.182697
0.175512 0.077266 0.182610
0.175651 0.077212 0.182522
0.175790 0.077158 0.182435
0.175928 0.077104 0.182348
0.176049 0.077077 0.182162
0.176188 0.077023 0.182075
0.176327 0.076969 0.181988
0.176466 0.076915 0.181901
0.176605 0.076861 0.181813
0.176743 0.076807 0.181726
0.176882 0.076753 0.181639
0.177021 0.076699 0.181552
0.177160 0.076645 0.181464
0.177299 0.076591 0.181377
0.177438 0.076537 0.181290
0.177577 0.076483 0.181203
0.177716 0.076429 0.181116
0.177855 0.076374 0.181028
0.177993 0.076320 0.180941
0.178132 0.076266 0.180854
0.178286 0.076186 0.180867
0.178425 0.076132 0.180780
0.178563 0.076078 0.180693
0.178702 0.076024 0.180606
0.178841 0.075970 0.180519
0.178966 0.075942 0.180330
0.179105 0.075888 0.180243
0.179230 0.075859 0.180054
0.179369 0.075805 0.179967
0.179509 0.075751 0.179879
0.179635 0.075723 0.179690
0.179774 0.075668 0.179603
0.179901 0.075639 0.179413
0.180041 0.075585 0.179325
0.180169 0.075556 0.179135
0.180308 0.075502 0.179047
0.180448 0.075447 0.178959
0.180577 0.075418 0.178769
0.180716 0.075363 0.178681
0.180856 0.075309 0.178593
0.180986 0.075279 0.178402
0.181126 0.075225 0.178314
0.181266 0.075170 0.178226
0.181406 0.075116 0.178138
0.181546 0.075061 0.178050
0.181677 0.075031 0.177858
0.181817 0.074976 0.177769
0.181948 0.074946 0.177577
0.182080 0.074915 0.177384
0.182212 0.074884 0.177191
0.182344 0.074853 0.176998
0.182477 0.074822 0.176805
0.182619 0.074767 0.176716
0.182744 0.074760 0.176417
0.182878 0.074728 0.176223
0.183013 0.074696 0.176028
0.183148 0.074664 0.175834
0.183290 0.074609 0.175744
0.183432 0.074553 0.175655
0.183568 0.074521 0.175460
0.183711 0.074466 0.175370
0.183847 0.074433 0.175174
0.183990 0.074378 0.175085
0.184127 0.074345 0.174889
0.184270 0.074289 0.174799
0.184407 0.074256 0.174602
0.184551 0.074201 0.174512
0.184689 0.074167 0.174316
0.184832 0.074112 0.174226
0.184971 0.074078 0.174028
0.185115 0.074022 0.173938
0.185254 0.073989 0.173741
0.185398 0.073933 0.173650
0.185538 0.073899 0.173452
0.185682 0.073843 0.173362
0.185822 0.073809 0.173164
0.159080 0.085420 0.182370
0.159426 0.085184 0.182703
0.159583 0.085123 0.182604
0.159703 0.085096 0.182419
0.161241 0.083989 0.184207
0.161466 0.083860 0.184286
0.161654 0.083767 0.184278
0.161877 0.083639 0.184358
0.162099 0.083512 0.184439
0.162285 0.083419 0.184432
0.162471 0.083327 0.184426
0.162656 0.083234 0.184420
0.162876 0.083108 0.184502
0.163060 0.083016 0.184496
0.163209 0.082958 0.184403
0.163393 0.082866 0.184397
0.163576 0.082774 0.184392
0.163725 0.082716 0.184299
0.163908 0.082625 0.184294
0.164090 0.082533 0.184290
0.164272 0.082442 0.184286
0.164454 0.082351 0.184282
0.164667 0.082227 0.184368
0.164847 0.082137 0.184365
0.165060 0.082013 0.184452
0.165271 0.081890 0.184540
0.165450 0.081800 0.184537
0.165660 0.081678 0.184626
0.165837 0.081588 0.184624
0.166046 0.081467 0.184714
0.166254 0.081345 0.184804
0.166430 0.081256 0.184803
0.166636 0.081135 0.184894
0.166811 0.081047 0.184894
0.167016 0.080926 0.184986
0.167190 0.080838 0.184987
0.167363 0.080750 0.184988
0.167536 0.080662 0.184989
0.167680 0.080606 0.184899
0.167882 0.080487 0.184993
0.168025 0.080432 0.184903
0.168196 0.080344 0.184905
0.168339 0.080289 0.184815
0.168482 0.080233 0.184726
0.168653 0.080146 0.184729
0.168795 0.080091 0.184639
0.168966 0.080004 0.184642
0.169108 0.079949 0.184553
0.169251 0.079893 0.184463
0.169420 0.079807 0.184467
0.169562 0.079751 0.184378
0.169731 0.079665 0.184382
0.169900 0.079579 0.184386
0.170068 0.079494 0.184391
0.170209 0.079439 0.184302
0.170377 0.079353 0.184307
0.170544 0.079268 0.184312
0.170710 0.079182 0.184318
0.170851 0.079127 0.184229
0.171017 0.079043 0.184235
0.171183 0.078958 0.184241
0.171323 0.078903 0.184153
0.171488 0.078818 0.184159
0.171629 0.078764 0.184071
0.171793 0.078679 0.184078
0.171933 0.078625 0.183990
0.172097 0.078541 0.183997
0.172260 0.078457 0.184005
0.172400 0.078402 0.183917
0.172540 0.078348 0.183829
0.172702 0.078264 0.183838
0.172842 0.078210 0.183750
0.173004 0.078127 0.183758
0.173143 0.078072 0.183671
0.173282 0.078018 0.183583
0.173421 0.077964 0.183496
0.173561 0.077910 0.183408
0.173721 0.077827 0.183418
0.173861 0.077773 0.183330
0.174000 0.077719 0.183243
0.174139 0.077664 0.183156
0.174298 0.077582 0.183165
0.174437 0.077528 0.183078
0.174576 0.077474 0.182991
0.174715 0.077420 0.182904
0.174854 0.077366 0.182816
0.175012 0.077284 0.182827
0.175151 0.077230 0.182740
0.175290 0.077176 0.182653
0.175428 0.077122 0.182566
0.175567 0.077068 0.182479
0.175706 0.077014 0.182392
0.175845 0.076960 0.182304
0.175983 0.076906 0.182217
0.176104 0.076879 0.182031
0.176243 0.076825 0.181944
0.176382 0.076771 0.181857
0.176521 0.076717 0.181770
0.176660 0.076663 0.181682
0.176799 0.076609 0.181595
0.176937 0.076554 0.181508
0.177076 0.076500 0.181421
0.177215 0.076446 0.181333
0.177354 0.076392 0.181246
0.177493 0.076338 0.181159
0.177632 0.076284 0.181072
0.177771 0.076230 0.180984
0.177925 0.076150 0.180998
0.178064 0.076096 0.180911
0.178202 0.076042 0.180824
0.178341 0.075988 0.180736
0.178480 0.075934 0.180649
0.178618 0.075880 0.180562
0.178757 0.075826 0.180475
0.178896 0.075772 0.180388
0.179034 0.075718 0.180301
0.179160 0.075689 0.180112
0.179299 0.075635 0.180025
0.179425 0.075606 0.179835
0.179564 0.075552 0.179748
0.179690 0.075523 0.179558
0.179830 0.075469 0.179471
0.179957 0.075440 0.179281
0.180096 0.075386 0.179193
0.180224 0.075356 0.179003
0.180364 0.075302 0.178915
0.180503 0.075248 0.178827
0.180632 0.075218 0.178636
0.180772 0.075163 0.178549
0.180912 0.075109 0.178461
0.181041 0.075079 0.178269
0.181181 0.075024 0.178181
0.181322 0.074970 0.178093
0.181462 0.074915 0.178005
0.181602 0.074861 0.177917
0.181732 0.074830 0.177725
0.181864 0.074799 0.177533
0.182004 0.074745 0.177444
0.182136 0.074714 0.177251
0.182259 0.074706 0.176954
0.182392 0.074675 0.176760
0.182533 0.074620 0.176671
0.182667 0.074589 0.176477
0.182800 0.074557 0.176283
0.182927 0.074548 0.175983
0.183069 0.074493 0.175894
0.183204 0.074461 0.175699
0.183346 0.074405 0.175610
0.183482 0.074373 0.175414
0.183625 0.074317 0.175325
0.183761 0.074285 0.175129
0.183904 0.074229 0.175040
0.184040 0.074196 0.174843
0.184183 0.074141 0.174754
0.184326 0.074085 0.174664
0.184464 0.074052 0.174467
0.184607 0.073996 0.174377
0.184746 0.073962 0.174180
0.184889 0.073907 0.174090
0.185032 0.073851 0.174000
0.185171 0.073817 0.173803
0.185311 0.073783 0.173605
0.185455 0.073727 0.173515
0.185595 0.073693 0.173316
0.185739 0.073637 0.173226
0.159332 0.085020 0.182653
0.159489 0.084959 0.182555
0.161150 0.083830 0.184159
0.161374 0.083703 0.184238
0.161562 0.083609 0.184230
0.161785 0.083482 0.184311
0.162008 0.083355 0.184391
0.162194 0.083263 0.184385
0.162380 0.083170 0.184378
0.162565 0.083078 0.184372
0.162785 0.082952 0.184455
0.162970 0.082860 0.184449
0.163119 0.082802 0.184355
0.163303 0.082710 0.184350
0.163486 0.082619 0.184345
0.163635 0.082561 0.184252
0.163818 0.082470 0.184247
0.164001 0.082379 0.184243
0.164182 0.082288 0.184239
0.164364 0.082197 0.184235
0.164578 0.082073 0.184321
0.164758 0.081983 0.184318
0.164971 0.081860 0.184405
0.165182 0.081738 0.184493
0.165361 0.081648 0.184491
0.165571 0.081526 0.184580
0.165781 0.081404 0.184669
0.165989 0.081283 0.184758
0.166197 0.081162 0.184848
0.166404 0.081041 0.184939
0.166579 0.080953 0.184939
0.166754 0.080864 0.184940
0.166929 0.080776 0.184940
0.167133 0.080657 0.185033
0.167307 0.080569 0.185034
0.167480 0.080481 0.185036
0.167623 0.080426 0.184946
0.167795 0.080338 0.184948
0.167938 0.080283 0.184858
0.168110 0.080196 0.184860
0.168282 0.080109 0.184863
0.168424 0.080053 0.184773
0.168595 0.079967 0.184776
0.168737 0.079911 0.184687
0.168880 0.079856 0.184597
0.169050 0.079770 0.184601
0.169192 0.079714 0.184511
0.169334 0.079659 0.184422
0.169503 0.079573 0.184426
0.169645 0.079518 0.184337
0.169814 0.079432 0.184341
0.169956 0.079377 0.184252
0.170124 0.079291 0.184257
0.170291 0.079206 0.184262
0.170458 0.079121 0.184267
0.170625 0.079036 0.184273
0.170766 0.078981 0.184185
0.170932 0.078896 0.184190
0.171073 0.078841 0.184102
0.171239 0.078757 0.184108
0.171404 0.078672 0.184115
0.171544 0.078618 0.184027
0.171708 0.078534 0.184034
0.171849 0.078479 0.183946
0.172012 0.078395 0.183953
0.172176 0.078311 0.183961
0.172316 0.078257 0.183873
0.172455 0.078203 0.183785
0.172618 0.078119 0.183793
0.172757 0.078065 0.183706
0.172919 0.077982 0.183714
0.173059 0.077928 0.183627
0.173198 0.077873 0.183539
0.173337 0.077819 0.183452
0.173498 0.077736 0.183461
0.173637 0.077682 0.183374
0.173777 0.077628 0.183286
0.173916 0.077574 0.183199
0.174076 0.077491 0.183209
0.174215 0.077437 0.183121
0.174353 0.077383 0.183034
0.174492 0.077329 0.182947
0.174651 0.077247 0.182957
0.174790 0.077193 0.182870
0.174929 0.077139 0.182783
0.175067 0.077085 0.182696
0.175206 0.077031 0.182609
0.175345 0.076977 0.182522
0.175483 0.076923 0.182435
0.175622 0.076869 0.182348
0.175761 0.076815 0.182261
0.175900 0.076761 0.182173
0.176020 0.076734 0.181987
0.176159 0.076680 0.181900
0.176298 0.076626 0.181813
0.176437 0.076572 0.181726
0.176576 0.076518 0.181638
0.176715 0.076464 0.181551
0.176854 0.076410 0.181464
0.176992 0.076356 0.181377
0.177131 0.076302 0.181289
0.177270 0.076248 0.181202
0.177409 0.076194 0.181115
0.177548 0.076140 0.181028
0.177687 0.076086 0.180940
0.177841 0.076005 0.180954
0.177980 0.075951 0.180867
0.178119 0.075897 0.180780
0.178257 0.075843 0.180693
0.178396 0.075789 0.180605
0.178535 0.075735 0.180518
0.178673 0.075681 0.180431
0.178812 0.075627 0.180344
0.178951 0.075573 0.180257
0.179089 0.075519 0.180170
0.179228 0.075465 0.180083
0.179354 0.075437 0.179894
0.179493 0.075383 0.179806
0.179619 0.075353 0.179617
0.179745 0.075324 0.179427
0.179885 0.075270 0.179339
0.180012 0.075241 0.179149
0.180152 0.075186 0.179062
0.180291 0.075132 0.178974
0.180419 0.075102 0.178783
0.180559 0.075048 0.178695
0.180688 0.075018 0.178504
0.180827 0.074963 0.178416
0.180967 0.074909 0.178329
0.181107 0.074854 0.178241
0.181237 0.074824 0.178049
0.181377 0.074769 0.177961
0.181517 0.074715 0.177873
0.181648 0.074684 0.177681
0.181788 0.074630 0.177593
0.181919 0.074599 0.177400
0.182051 0.074567 0.177207
0.182183 0.074536 0.177014
0.182315 0.074505 0.176820
0.182456 0.074450 0.176732
0.182581 0.074441 0.176433
0.182715 0.074409 0.176238
0.182849 0.074377 0.176044
0.182983 0.074345 0.175849
0.183118 0.074313 0.175654
0.183261 0.074257 0.175565
0.183396 0.074225 0.175369
0.183539 0.074169 0.175280
0.183675 0.074136 0.175084
0.183817 0.074081 0.174994
0.183960 0.074025 0.174905
0.184097 0.073992 0.174708
0.184240 0.073936 0.174619
0.184383 0.073881 0.174529
0.184521 0.073847 0.174332
0.184664 0.073791 0.174242
0.184807 0.073736 0.174152
0.184946 0.073702 0.173955
0.185089 0.073646 0.173865
0.185228 0.073612 0.173667
0.185368 0.073578 0.173469
0.185508 0.073543 0.173271
0.159237 0.084857 0.182604
0.159394 0.084796 0.182505
0.160420 0.084099 0.183517
0.160685 0.083936 0.183682
0.161021 0.083706 0.184023
0.161246 0.083579 0.184102
0.161434 0.083485 0.184095
0.161658 0.083359 0.184175
0.161881 0.083232 0.184256
0.162068 0.083140 0.184249
0.162289 0.083014 0.184331
0.162475 0.082922 0.184325
0.162695 0.082796 0.184407
0.162879 0.082705 0.184402
0.163029 0.082647 0.184308
0.163213 0.082555 0.184303
0.163396 0.082464 0.184298
0.163545 0.082406 0.184204
0.163728 0.082315 0.184200
0.163911 0.082224 0.184196
0.164093 0.082133 0.184192
0.164274 0.082043 0.184188
0.164489 0.081920 0.184275
0.164669 0.081829 0.184272
0.164882 0.081707 0.184359
0.165094 0.081585 0.184447
0.165305 0.081463 0.184535
0.165515 0.081341 0.184624
0.165724 0.081220 0.184713
0.165933 0.081099 0.184803
0.166141 0.080979 0.184893
0.166348 0.080859 0.184984
0.166523 0.080770 0.184985
0.166698 0.080683 0.184985
0.166842 0.080627 0.184895
0.167077 0.080476 0.185079
0.167250 0.080388 0.185080
0.167423 0.080301 0.185082
0.167566 0.080245 0.184992
0.167738 0.080158 0.184994
0.167881 0.080103 0.184905
0.168053 0.080016 0.184907
0.168196 0.079961 0.184818
0.168367 0.079874 0.184821
0.168509 0.079819 0.184731
0.168680 0.079732 0.184734
0.168822 0.079677 0.184645
0.168964 0.079622 0.184556
0.169106 0.079566 0.184466
0.169276 0.079481 0.184470
0.169418 0.079425 0.184381
0.169560 0.079370 0.184292
0.169728 0.079285 0.184297
0.169897 0.079199 0.184301
0.170038 0.079144 0.184212
0.170206 0.079059 0.184217
0.170347 0.079004 0.184129
0.170540 0.078889 0.184228
0.170681 0.078834 0.184140
0.170847 0.078750 0.184146
0.170988 0.078695 0.184058
0.171154 0.078611 0.184064
0.171319 0.078526 0.184071
0.171459 0.078472 0.183982
0.171624 0.078388 0.183990
0.171764 0.078333 0.183902
0.171928 0.078250 0.183909
0.172092 0.078166 0.183917
0.172231 0.078112 0.183829
0.172394 0.078028 0.183837
0.172534 0.077974 0.183749
0.172673 0.077920 0.183662
0.172835 0.077837 0.183670
0.172975 0.077783 0.183583
0.173114 0.077728 0.183495
0.173275 0.077646 0.183504
0.173414 0.077592 0.183417
0.173554 0.077537 0.183330
0.173693 0.077483 0.183242
0.173832 0.077429 0.183155
0.173992 0.077347 0.183165
0.174131 0.077293 0.183078
0.174270 0.077239 0.182990
0.174409 0.077185 0.182903
0.174568 0.077103 0.182914
0.174706 0.077049 0.182827
0.174845 0.076995 0.182739
0.174984 0.076941 0.182652
0.175122 0.076887 0.182565
0.175261 0.076833 0.182478
0.175400 0.076779 0.182391
0.175538 0.076725 0.182304
0.175677 0.076671 0.182217
0.175816 0.076617 0.182130
0.175936 0.076590 0.181943
0.176075 0.076536 0.181856
0.176214 0.076482 0.181769
0.176353 0.076428 0.181682
0.176492 0.076374 0.181594
0.176631 0.076320 0.181507
0.176770 0.076265 0.181420
0.176909 0.076211 0.181333
0.177048 0.076157 0.181246
0.177186 0.076103 0.181158
0.177325 0.076049 0.181071
0.177464 0.075995 0.180984
0.177603 0.075941 0.180897
0.177757 0.075861 0.180910
0.177896 0.075807 0.180823
0.178035 0.075753 0.180736
0.178174 0.075699 0.180649
0.178327 0.075620 0.180663
0.178465 0.075566 0.180576
0.178590 0.075537 0.180387
0.178742 0.075458 0.180402
0.178881 0.075404 0.180315
0.179006 0.075375 0.180126
0.179144 0.075321 0.180039
0.179283 0.075267 0.179952
0.179409 0.075238 0.179762
0.179548 0.075184 0.179675
0.179674 0.075155 0.179485
0.179813 0.075100 0.179398
0.179940 0.075071 0.179208
0.180079 0.075017 0.179120
0.180207 0.074987 0.178930
0.180335 0.074957 0.178739
0.180475 0.074902 0.178651
0.180614 0.074848 0.178564
0.180743 0.074818 0.178372
0.180883 0.074763 0.178284
0.181023 0.074709 0.178196
0.181163 0.074654 0.178109
0.181303 0.074600 0.178021
0.181433 0.074569 0.177829
0.181573 0.074515 0.177741
0.181703 0.074484 0.177548
0.181844 0.074429 0.177460
0.181975 0.074398 0.177267
0.182098 0.074390 0.176969
0.182230 0.074358 0.176776
0.182371 0.074303 0.176687
0.182496 0.074294 0.176388
0.182629 0.074262 0.176194
0.182763 0.074230 0.175999
0.182890 0.074220 0.175699
0.183032 0.074165 0.175609
0.183167 0.074132 0.175414
0.183310 0.074076 0.175324
0.183453 0.074021 0.175235
0.183588 0.073988 0.175039
0.183731 0.073932 0.174949
0.183874 0.073877 0.174860
0.184017 0.073821 0.174770
0.184154 0.073787 0.174573
0.184297 0.073732 0.174484
0.184440 0.073676 0.174394
0.184578 0.073642 0.174197
0.184721 0.073587 0.174107
0.184864 0.073531 0.174017
0.185003 0.073497 0.173819
0.185142 0.073462 0.173622
0.159563 0.084392 0.183064
0.159831 0.084229 0.183227
0.160136 0.084032 0.183478
0.160401 0.083870 0.183643
0.160592 0.083776 0.183634
0.160892 0.083581 0.183887
0.161118 0.083454 0.183967
0.161343 0.083328 0.184047
0.161567 0.083201 0.184127
0.161754 0.083109 0.184120
0.161977 0.082983 0.184201
0.162198 0.082857 0.184283
0.162384 0.082766 0.184277
0.162604 0.082641 0.184360
0.162789 0.082549 0.184355
0.162939 0.082491 0.184261
0.163123 0.082400 0.184256
0.163306 0.082309 0.184251
0.163489 0.082218 0.184246
0.163638 0.082160 0.184153
0.163821 0.082069 0.184149
0.164003 0.081979 0.184145
0.164185 0.081888 0.184141
0.164399 0.081766 0.184228
0.164580 0.081676 0.184225
0.164793 0.081554 0.184312
0.165005 0.081432 0.184400
0.165216 0.081311 0.184489
0.165427 0.081189 0.184578
0.165668 0.081037 0.184758
0.165877 0.080916 0.184848
0.166085 0.080796 0.184939
0.166292 0.080677 0.185030
0.166467 0.080589 0.185030
0.166642 0.080501 0.185031
0.166847 0.080382 0.185123
0.167020 0.080295 0.185125
0.167194 0.080208 0.185127
0.167367 0.080121 0.185129
0.167539 0.080034 0.185131
0.167682 0.079979 0.185041
0.167824 0.079923 0.184952
0.167996 0.079837 0.184954
0.168138 0.079781 0.184865
0.168310 0.079695 0.184868
0.168452 0.079640 0.184779
0.168594 0.079585 0.184689
0.168764 0.079499 0.184693
0.168906 0.079443 0.184604
0.169048 0.079388 0.184515
0.169190 0.079333 0.184426
0.169332 0.079278 0.184336
0.169501 0.079192 0.184341
0.169643 0.079137 0.184252
0.169811 0.079052 0.184257
0.169953 0.078997 0.184168
0.170121 0.078912 0.184173
0.170288 0.078827 0.184178
0.170429 0.078772 0.184090
0.170596 0.078688 0.184095
0.170737 0.078633 0.184007
0.170903 0.078549 0.184013
0.171069 0.078464 0.184020
0.171234 0.078380 0.184026
0.171375 0.078326 0.183938
0.171539 0.078242 0.183945
0.171679 0.078188 0.183857
0.171844 0.078104 0.183865
0.171983 0.078050 0.183777
0.172147 0.077966 0.183785
0.172310 0.077883 0.183793
0.172450 0.077829 0.183705
0.172589 0.077775 0.183618
0.172751 0.077692 0.183626
0.172891 0.077638 0.183539
0.173030 0.077583 0.183451
0.173191 0.077501 0.183460
0.173331 0.077447 0.183373
0.173470 0.077393 0.183286
0.173609 0.077339 0.183198
0.173748 0.077284 0.183111
0.173908 0.077202 0.183121
0.174047 0.077148 0.183034
0.174186 0.077094 0.182946
0.174325 0.077040 0.182859
0.174464 0.076986 0.182772
0.174623 0.076905 0.182783
0.174761 0.076851 0.182696
0.174900 0.076797 0.182608
0.175039 0.076743 0.182521
0.175177 0.076689 0.182434
0.175316 0.076635 0.182347
0.175455 0.076581 0.182260
0.175593 0.076527 0.182173
0.175714 0.076500 0.181987
0.175853 0.076445 0.181900
0.175991 0.076391 0.181812
0.176130 0.076337 0.181725
0.176269 0.076283 0.181638
0.176408 0.076229 0.181551
0.176547 0.076175 0.181463
0.176686 0.076121 0.181376
0.176825 0.076067 0.181289
0.176964 0.076013 0.181202
0.177103 0.075959 0.181114
0.177242 0.075905 0.181027
0.177380 0.075851 0.180940
0.177519 0.075797 0.180853
0.177658 0.075742 0.180765
0.177812 0.075663 0.180779
0.177951 0.075609 0.180692
0.178090 0.075555 0.180605
0.178243 0.075476 0.180619
0.178382 0.075422 0.180532
0.178520 0.075368 0.180445
0.178659 0.075314 0.180358
0.178797 0.075260 0.180271
0.178936 0.075206 0.180184
0.179074 0.075152 0.180097
0.179213 0.075098 0.180010
0.179338 0.075069 0.179821
0.179464 0.075040 0.179631
0.179603 0.074985 0.179544
0.179729 0.074956 0.179354
0.179856 0.074926 0.179164
0.179995 0.074872 0.179076
0.180123 0.074842 0.178886
0.180262 0.074787 0.178798
0.180402 0.074733 0.178711
0.180530 0.074703 0.178519
0.180670 0.074648 0.178432
0.180809 0.074594 0.178344
0.180938 0.074563 0.178152
0.181078 0.074509 0.178064
0.181218 0.074454 0.177976
0.181348 0.074423 0.177784
0.181488 0.074369 0.177696
0.181628 0.074314 0.177608
0.181759 0.074283 0.177416
0.181890 0.074251 0.177223
0.182022 0.074220 0.177030
0.182145 0.074211 0.176731
0.182286 0.074156 0.176642
0.182419 0.074124 0.176448
0.182544 0.074115 0.176149
0.182678 0.074082 0.175954
0.182804 0.074072 0.175654
0.182946 0.074017 0.175564
0.183081 0.073984 0.175369
0.183224 0.073928 0.175279
0.183366 0.073872 0.175190
0.183502 0.073839 0.174994
0.183645 0.073784 0.174904
0.183788 0.073728 0.174814
0.183931 0.073672 0.174725
0.184073 0.073617 0.174635
0.184211 0.073583 0.174438
0.184354 0.073527 0.174349
0.184497 0.073472 0.174259
0.184640 0.073416 0.174169
0.184778 0.073382 0.173972
0.184921 0.073326 0.173882
0.159583 0.084128 0.183275
0.159851 0.083966 0.183439
0.160080 0.083838 0.183516
0.160309 0.083710 0.183594
0.160499 0.083617 0.183585
0.160763 0.083456 0.183751
0.160990 0.083329 0.183831
0.161215 0.083203 0.183911
0.161439 0.083077 0.183991
0.161663 0.082951 0.184072
0.161886 0.082826 0.184154
0.162108 0.082701 0.184236
0.162294 0.082609 0.184230
0.162514 0.082485 0.184313
0.162699 0.082394 0.184307
0.162848 0.082335 0.184213
0.163033 0.082244 0.184208
0.163216 0.082154 0.184204
0.163400 0.082063 0.184199
0.163549 0.082005 0.184106
0.163731 0.081914 0.184102
0.163914 0.081824 0.184098
0.164095 0.081734 0.184094
0.164310 0.081612 0.184181
0.164491 0.081522 0.184178
0.164704 0.081400 0.184266
0.164916 0.081279 0.184354
0.165160 0.081126 0.184533
0.165371 0.081006 0.184622
0.165581 0.080885 0.184712
0.165821 0.080734 0.184893
0.166029 0.080614 0.184984
0.166236 0.080495 0.185075
0.166411 0.080408 0.185076
0.166617 0.080289 0.185168
0.166791 0.080202 0.185170
0.166964 0.080115 0.185171
0.167138 0.080028 0.185173
0.167280 0.079973 0.185083
0.167453 0.079886 0.185086
0.167596 0.079831 0.184996
0.167768 0.079744 0.184999
0.167910 0.079689 0.184909
0.168082 0.079603 0.184912
0.168224 0.079547 0.184823
0.168366 0.079492 0.184734
0.168537 0.079406 0.184737
0.168678 0.079351 0.184648
0.168820 0.079296 0.184559
0.168962 0.079240 0.184470
0.169132 0.079155 0.184474
0.169274 0.079100 0.184385
0.169416 0.079045 0.184296
0.169584 0.078960 0.184301
0.169726 0.078905 0.184212
0.169894 0.078820 0.184217
0.170035 0.078765 0.184128
0.170203 0.078680 0.184134
0.170370 0.078596 0.184139
0.170511 0.078541 0.184051
0.170677 0.078457 0.184057
0.170818 0.078402 0.183969
0.170984 0.078318 0.183975
0.171125 0.078264 0.183887
0.171290 0.078180 0.183894
0.171430 0.078125 0.183806
0.171595 0.078042 0.183813
0.171759 0.077959 0.183820
0.171899 0.077904 0.183733
0.172063 0.077821 0.183741
0.172226 0.077738 0.183749
0.172365 0.077684 0.183661
0.172505 0.077630 0.183574
0.172667 0.077547 0.183582
0.172807 0.077493 0.183495
0.172968 0.077411 0.183504
0.173107 0.077356 0.183416
0.173247 0.077302 0.183329
0.173386 0.077248 0.183242
0.173525 0.077194 0.183154
0.173664 0.077140 0.183067
0.173824 0.077058 0.183077
0.173963 0.077004 0.182990
0.174102 0.076950 0.182903
0.174241 0.076896 0.182815
0.174380 0.076842 0.182728
0.174519 0.076788 0.182641
0.174658 0.076734 0.182554
0.174796 0.076679 0.182466
0.174935 0.076625 0.182379
0.175074 0.076571 0.182292
0.175213 0.076517 0.182205
0.175352 0.076463 0.182117
0.175491 0.076409 0.182030
0.175630 0.076355 0.181943
0.175769 0.076301 0.181856
0.175908 0.076247 0.181768
0.176047 0.076193 0.181681
0.176168 0.076165 0.181494
0.176307 0.076111 0.181407
0.176446 0.076057 0.181320
0.176585 0.076003 0.181232
0.176724 0.075948 0.181145
0.176863 0.075894 0.181058
0.177002 0.075840 0.180970
0.177141 0.075786 0.180883
0.177297 0.075706 0.180896
0.177435 0.075652 0.180809
0.177574 0.075598 0.180722
0.177729 0.075519 0.180735
0.177867 0.075465 0.180648
0.178006 0.075411 0.180561
0.178160 0.075331 0.180575
0.178298 0.075278 0.180488
0.178437 0.075224 0.180401
0.178575 0.075170 0.180314
0.178714 0.075116 0.180227
0.178852 0.075062 0.180140
0.178991 0.075008 0.180053
0.179129 0.074954 0.179966
0.179268 0.074900 0.179879
0.179393 0.074871 0.179690
0.179519 0.074841 0.179500
0.179658 0.074787 0.179413
0.179784 0.074757 0.179223
0.179923 0.074703 0.179135
0.180050 0.074673 0.178945
0.180190 0.074618 0.178857
0.180317 0.074588 0.178666
0.180457 0.074534 0.178579
0.180585 0.074503 0.178387
0.180725 0.074449 0.178300
0.180865 0.074394 0.178212
0.181004 0.074340 0.178124
0.181134 0.074309 0.177932
0.181274 0.074254 0.177844
0.181414 0.074200 0.177756
0.181544 0.074169 0.177564
0.181684 0.074114 0.177476
0.181815 0.074082 0.177283
0.181937 0.074073 0.176985
0.182069 0.074041 0.176792
0.182210 0.073987 0.176703
0.182333 0.073977 0.176404
0.182458 0.073967 0.176104
0.182592 0.073934 0.175909
0.182718 0.073924 0.175609
0.182860 0.073868 0.175519
0.182995 0.073835 0.175324
0.183138 0.073780 0.175234
0.183280 0.073724 0.175145
0.183416 0.073691 0.174949
0.183559 0.073635 0.174859
0.183702 0.073579 0.174769
0.183845 0.073524 0.174680
0.183987 0.073468 0.174590
0.184130 0.073413 0.174500
0.184273 0.073357 0.174411
0.184416 0.073302 0.174321
0.184553 0.073267 0.174124
0.184696 0.073212 0.174034
0.184839 0.073156 0.173944
0.158987 0.084258 0.182987
0.159143 0.084197 0.182889
0.159603 0.083865 0.183487
0.159795 0.083771 0.183477
0.160025 0.083644 0.183555
0.160216 0.083551 0.183546
0.160444 0.083424 0.183624
0.160634 0.083331 0.183616
0.160898 0.083171 0.183783
0.161123 0.083045 0.183863
0.161348 0.082919 0.183943
0.161572 0.082794 0.184024
0.161795 0.082669 0.184106
0.162017 0.082545 0.184188
0.162238 0.082420 0.184271
0.162424 0.082329 0.184265
0.162609 0.082238 0.184260
0.162793 0.082147 0.184255
0.162977 0.082056 0.184250
0.163126 0.081998 0.184157
0.163310 0.081908 0.184152
0.163493 0.081818 0.184148
0.163641 0.081760 0.184055
0.163824 0.081670 0.184051
0.164039 0.081548 0.184137
0.164221 0.081458 0.184134
0.164402 0.081368 0.184132
0.164615 0.081247 0.184219
0.164860 0.081095 0.184398
0.165072 0.080974 0.184487
0.165283 0.080854 0.184576
0.165493 0.080734 0.184666
0.165734 0.080583 0.184847
0.165942 0.080464 0.184938
0.166149 0.080345 0.185030
0.166355 0.080227 0.185122
0.166530 0.080140 0.185123
0.166735 0.080022 0.185216
0.166878 0.079966 0.185126
0.167082 0.079849 0.185220
0.167224 0.079793 0.185130
0.167397 0.079707 0.185133
0.167539 0.079652 0.185043
0.167682 0.079596 0.184954
0.167854 0.079510 0.184957
0.167996 0.079455 0.184867
0.168167 0.079369 0.184871
0.168309 0.079314 0.184782
0.168451 0.079259 0.184693
0.168593 0.079203 0.184603
0.168763 0.079118 0.184607
0.168905 0.079063 0.184518
0.169046 0.079008 0.184429
0.169188 0.078953 0.184340
0.169357 0.078868 0.184345
0.169499 0.078813 0.184256
0.169667 0.078728 0.184261
0.169809 0.078673 0.184172
0.169977 0.078588 0.184178
0.170118 0.078533 0.184089
0.170285 0.078449 0.184095
0.170426 0.078394 0.184006
0.170593 0.078311 0.184013
0.170733 0.078256 0.183924
0.170899 0.078172 0.183931
0.171040 0.078117 0.183842
0.171205 0.078034 0.183849
0.171346 0.077979 0.183761
0.171510 0.077896 0.183769
0.171675 0.077813 0.183776
0.171815 0.077759 0.183688
0.171978 0.077676 0.183696
0.172142 0.077593 0.183705
0.172281 0.077539 0.183617
0.172444 0.077456 0.183626
0.172583 0.077402 0.183538
0.172723 0.077348 0.183451
0.172884 0.077266 0.183460
0.173024 0.077212 0.183372
0.173163 0.077158 0.183285
0.173302 0.077103 0.183198
0.173441 0.077049 0.183110
0.173601 0.076968 0.183120
0.173740 0.076914 0.183033
0.173879 0.076859 0.182946
0.174018 0.076805 0.182859
0.174157 0.076751 0.182771
0.174296 0.076697 0.182684
0.174435 0.076643 0.182597
0.174574 0.076589 0.182510
0.174713 0.076535 0.182422
0.174852 0.076481 0.182335
0.174990 0.076427 0.182248
0.175129 0.076373 0.182161
0.175268 0.076319 0.182073
0.175407 0.076265 0.181986
0.175546 0.076211 0.181899
0.175685 0.076157 0.181812
0.175824 0.076102 0.181725
0.175945 0.076074 0.181538
0.176084 0.076020 0.181450
0.176223 0.075966 0.181363
0.176362 0.075912 0.181276
0.176501 0.075858 0.181188
0.176640 0.075804 0.181101
0.176779 0.075750 0.181014
0.176918 0.075695 0.180926
0.177057 0.075641 0.180839
0.177197 0.075587 0.180751
0.177352 0.075508 0.180765
0.177491 0.075454 0.180678
0.177629 0.075399 0.180590
0.177784 0.075320 0.180604
0.177922 0.075266 0.180517
0.178076 0.075187 0.180532
0.178215 0.075134 0.180445
0.178353 0.075080 0.180358
0.178506 0.075001 0.180372
0.178644 0.074947 0.180286
0.178783 0.074893 0.180199
0.178921 0.074840 0.180112
0.179059 0.074786 0.180025
0.179184 0.074756 0.179836
0.179323 0.074702 0.179749
0.179448 0.074672 0.179559
0.179587 0.074618 0.179472
0.179713 0.074588 0.179282
0.179852 0.074534 0.179195
0.179979 0.074504 0.179004
0.180118 0.074450 0.178917
0.180245 0.074419 0.178726
0.180384 0.074365 0.178638
0.180512 0.074334 0.178447
0.180652 0.074280 0.178359
0.180791 0.074226 0.178272
0.180920 0.074195 0.178080
0.181060 0.074140 0.177992
0.181200 0.074086 0.177905
0.181329 0.074054 0.177712
0.181469 0.074000 0.177624
0.181599 0.073968 0.177432
0.181730 0.073936 0.177239
0.181861 0.073904 0.177046
0.181984 0.073895 0.176747
0.182124 0.073840 0.176658
0.182248 0.073830 0.176359
0.182373 0.073820 0.176059
0.182506 0.073787 0.175864
0.182632 0.073776 0.175564
0.182774 0.073720 0.175474
0.182909 0.073687 0.175279
0.183052 0.073631 0.175189
0.183194 0.073576 0.175100
0.183337 0.073520 0.175010
0.183480 0.073465 0.174920
0.183622 0.073409 0.174831
0.183765 0.073354 0.174741
0.183901 0.073320 0.174545
0.184044 0.073264 0.174455
0.184187 0.073209 0.174365
0.184330 0.073153 0.174276
0.184472 0.073097 0.174186
0.184615 0.073042 0.174096
0.184758 0.072986 0.174007
0.184901 0.072931 0.173917
0.158233 0.084596 0.181909
0.158893 0.084095 0.182938
0.159049 0.084035 0.182840
0.159510 0.083705 0.183438
0.159740 0.083577 0.183516
0.159970 0.083451 0.183594
0.160123 0.083391 0.183497
0.160352 0.083264 0.183576
0.160542 0.083171 0.183567
0.160806 0.083012 0.183735
0.160995 0.082920 0.183727
0.161256 0.082762 0.183895
0.161480 0.082637 0.183977
0.161740 0.082480 0.184147
0.161926 0.082388 0.184141
0.162148 0.082264 0.184223
0.162333 0.082173 0.184218
0.162518 0.082082 0.184213
0.162703 0.081992 0.184208
0.162887 0.081901 0.184203
0.163071 0.081811 0.184199
0.163220 0.081753 0.184105
0.163403 0.081663 0.184101
0.163586 0.081573 0.184097
0.163734 0.081515 0.184004
0.163950 0.081394 0.184091
0.164132 0.081304 0.184088
0.164346 0.081183 0.184175
0.164559 0.081062 0.184263
0.164772 0.080942 0.184351
0.164984 0.080822 0.184440
0.165195 0.080702 0.184530
0.165437 0.080552 0.184711
0.165678 0.080401 0.184892
0.165886 0.080283 0.184983
0.166094 0.080164 0.185075
0.166269 0.080077 0.185076
0.166444 0.079991 0.185078
0.166649 0.079873 0.185171
0.166823 0.079787 0.185172
0.166996 0.079700 0.185175
0.167169 0.079614 0.185177
0.167311 0.079559 0.185088
0.167454 0.079503 0.184998
0.167626 0.079418 0.185001
0.167768 0.079362 0.184912
0.167939 0.079277 0.184915
0.168081 0.079222 0.184826
0.168252 0.079136 0.184830
0.168394 0.079081 0.184741
0.168536 0.079026 0.184652
0.168677 0.078971 0.184563
0.168819 0.078915 0.184473
0.168961 0.078860 0.184384
0.169130 0.078775 0.184389
0.169272 0.078720 0.184300
0.169441 0.078636 0.184305
0.169582 0.078581 0.184216
0.169723 0.078526 0.184128
0.169891 0.078442 0.184133
0.170033 0.078387 0.184044
0.170200 0.078303 0.184050
0.170341 0.078248 0.183962
0.170508 0.078164 0.183968
0.170648 0.078109 0.183880
0.170814 0.078026 0.183886
0.170955 0.077971 0.183798
0.171120 0.077888 0.183805
0.171261 0.077833 0.183717
0.171426 0.077750 0.183724
0.171566 0.077696 0.183636
0.171730 0.077613 0.183644
0.171894 0.077530 0.183652
0.172057 0.077448 0.183661
0.172197 0.077394 0.183573
0.172360 0.077311 0.183582
0.172499 0.077257 0.183494
0.172638 0.077203 0.183407
0.172800 0.077121 0.183416
0.172940 0.077067 0.183329
0.173079 0.077013 0.183241
0.173218 0.076959 0.183154
0.173357 0.076905 0.183066
0.173518 0.076823 0.183076
0.173657 0.076769 0.182989
0.173795 0.076715 0.182902
0.173934 0.076661 0.182815
0.174073 0.076607 0.182727
0.174212 0.076553 0.182640
0.174351 0.076499 0.182553
0.174490 0.076445 0.182466
0.174629 0.076391 0.182379
0.174768 0.076336 0.182291
0.174907 0.076282 0.182204
0.175046 0.076228 0.182117
0.175184 0.076174 0.182030
0.175323 0.076120 0.181942
0.175462 0.076066 0.181855
0.175601 0.076012 0.181768
0.175740 0.075958 0.181681
0.175861 0.075930 0.181494
0.176000 0.075876 0.181406
0.176139 0.075821 0.181319
0.176278 0.075767 0.181232
0.176417 0.075713 0.181144
0.176556 0.075659 0.181057
0.176695 0.075605 0.180970
0.176834 0.075551 0.180882
0.176973 0.075497 0.180795
0.177113 0.075442 0.180707
0.177268 0.075363 0.180721
0.177407 0.075309 0.180634
0.177546 0.075255 0.180546
0.177700 0.075176 0.180560
0.177839 0.075122 0.180473
0.177993 0.075043 0.180488
0.178131 0.074989 0.180401
0.178270 0.074936 0.180314
0.178423 0.074857 0.180329
0.178561 0.074803 0.180242
0.178699 0.074750 0.180155
0.178837 0.074696 0.180068
0.178976 0.074642 0.179981
0.179100 0.074612 0.179792
0.179239 0.074558 0.179705
0.179364 0.074528 0.179515
0.179503 0.074474 0.179428
0.179629 0.074444 0.179238
0.179768 0.074390 0.179151
0.179907 0.074336 0.179063
0.180034 0.074305 0.178873
0.180173 0.074251 0.178785
0.180300 0.074220 0.178594
0.180440 0.074166 0.178507
0.180579 0.074112 0.178419
0.180707 0.074081 0.178228
0.180847 0.074026 0.178140
0.180986 0.073972 0.178052
0.181115 0.073940 0.177860
0.181255 0.073886 0.177773
0.181385 0.073854 0.177580
0.181515 0.073822 0.177387
0.181645 0.073790 0.177194
0.181776 0.073758 0.177001
0.181898 0.073748 0.176702
0.182039 0.073693 0.176614
0.182163 0.073683 0.176314
0.182287 0.073672 0.176014
0.182420 0.073639 0.175820
0.182546 0.073628 0.175519
0.182689 0.073572 0.175429
0.182823 0.073539 0.175234
0.182966 0.073483 0.175144
0.183108 0.073428 0.175054
0.183251 0.073372 0.174965
0.183394 0.073317 0.174875
0.183536 0.073261 0.174786
0.183679 0.073206 0.174696
0.183821 0.073150 0.174607
0.183964 0.073094 0.174517
0.184106 0.073039 0.174428
0.184249 0.072983 0.174338
0.184392 0.072928 0.174248
0.184534 0.072872 0.174159
0.184672 0.072838 0.173962
0.184815 0.072782 0.173872
0.158137 0.084431 0.181859
0.158296 0.084369 0.181759
0.159647 0.083417 0.183467
0.159877 0.083291 0.183545
0.160031 0.083231 0.183448
0.160222 0.083138 0.183440
0.160449 0.083012 0.183519
0.160677 0.082887 0.183598
0.160940 0.082729 0.183767
0.161165 0.082604 0.183848
0.161426 0.082447 0.184017
0.161649 0.082323 0.184099
0.161871 0.082199 0.184182
0.162093 0.082076 0.184265
0.162279 0.081985 0.184259
0.162463 0.081895 0.184254
0.162613 0.081836 0.184161
0.162797 0.081746 0.184156
0.162981 0.081656 0.184152
0.163164 0.081566 0.184148
0.163313 0.081508 0.184054
0.163496 0.081418 0.184050
0.163679 0.081329 0.184047
0.163861 0.081239 0.184044
0.164076 0.081119 0.184131
0.164290 0.080998 0.184219
0.164470 0.080909 0.184216
0.164683 0.080789 0.184305
0.164895 0.080670 0.184394
0.165107 0.080551 0.184484
0.165349 0.080400 0.184665
0.165591 0.080251 0.184846
0.165799 0.080133 0.184938
0.166007 0.080015 0.185030
0.166182 0.079928 0.185031
0.166388 0.079811 0.185124
0.166563 0.079724 0.185125
0.166736 0.079638 0.185127
0.166910 0.079552 0.185130
0.167083 0.079466 0.185132
0.167255 0.079380 0.185135
0.167398 0.079325 0.185045
0.167540 0.079270 0.184956
0.167712 0.079184 0.184959
0.167854 0.079129 0.184870
0.168025 0.079044 0.184874
0.168167 0.078989 0.184785
0.168308 0.078934 0.184696
0.168450 0.078878 0.184607
0.168620 0.078794 0.184611
0.168762 0.078738 0.184522
0.168903 0.078683 0.184433
0.169045 0.078628 0.184344
0.169214 0.078544 0.184349
0.169355 0.078489 0.184260
0.169497 0.078434 0.184172
0.169665 0.078350 0.184177
0.169806 0.078295 0.184088
0.169974 0.078211 0.184094
0.170115 0.078156 0.184006
0.170282 0.078073 0.184012
0.170423 0.078018 0.183924
0.170563 0.077963 0.183835
0.170730 0.077880 0.183842
0.170870 0.077825 0.183754
0.171036 0.077742 0.183761
0.171176 0.077687 0.183673
0.171341 0.077605 0.183680
0.171481 0.077550 0.183592
0.171646 0.077467 0.183600
0.171810 0.077385 0.183608
0.171973 0.077303 0.183616
0.172113 0.077249 0.183529
0.172276 0.077167 0.183538
0.172415 0.077112 0.183450
0.172577 0.077031 0.183459
0.172717 0.076976 0.183372
0.172856 0.076922 0.183285
0.172995 0.076868 0.183197
0.173134 0.076814 0.183110
0.173273 0.076760 0.183022
0.173434 0.076679 0.183033
0.173573 0.076625 0.182945
0.173712 0.076571 0.182858
0.173851 0.076516 0.182771
0.173989 0.076462 0.182684
0.174128 0.076408 0.182596
0.174267 0.076354 0.182509
0.174406 0.076300 0.182422
0.174545 0.076246 0.182335
0.174684 0.076192 0.182247
0.174823 0.076138 0.182160
0.174962 0.076084 0.182073
0.175101 0.076030 0.181986
0.175239 0.075976 0.181898
0.175378 0.075922 0.181811
0.175517 0.075868 0.181724
0.175656 0.075813 0.181637
0.175795 0.075759 0.181549
0.175916 0.075731 0.181362
0.176055 0.075677 0.181275
0.176194 0.075623 0.181188
0.176333 0.075568 0.181100
0.176472 0.075514 0.181013
0.176611 0.075460 0.180926
0.176750 0.075406 0.180838
0.176890 0.075352 0.180751
0.177029 0.075298 0.180664
0.177184 0.075219 0.180677
0.177323 0.075165 0.180590
0.177478 0.075086 0.180604
0.177616 0.075032 0.180517
0.177755 0.074978 0.180430
0.177909 0.074899 0.180444
0.178047 0.074845 0.180357
0.178201 0.074767 0.180372
0.178339 0.074713 0.180285
0.178477 0.074660 0.180198
0.178616 0.074606 0.180111
0.178754 0.074552 0.180024
0.178892 0.074498 0.179938
0.179017 0.074468 0.179748
0.179155 0.074414 0.179661
0.179281 0.074384 0.179471
0.179419 0.074330 0.179384
0.179545 0.074299 0.179194
0.179684 0.074245 0.179107
0.179823 0.074191 0.179020
0.179962 0.074137 0.178932
0.180089 0.074106 0.178741
0.180228 0.074052 0.178654
0.180367 0.073998 0.178567
0.180495 0.073967 0.178375
0.180634 0.073913 0.178288
0.180773 0.073858 0.178200
0.180902 0.073827 0.178008
0.181041 0.073772 0.177921
0.181181 0.073718 0.177833
0.181310 0.073686 0.177641
0.181430 0.073677 0.177343
0.181561 0.073644 0.177150
0.181691 0.073612 0.176957
0.181813 0.073602 0.176658
0.181954 0.073547 0.176569
0.182078 0.073536 0.176270
0.182202 0.073525 0.175970
0.182335 0.073491 0.175775
0.182468 0.073458 0.175580
0.182603 0.073424 0.175384
0.182745 0.073369 0.175295
0.182880 0.073335 0.175099
0.183022 0.073279 0.175009
0.183172 0.073202 0.175026
0.183315 0.073147 0.174937
0.183457 0.073092 0.174848
0.183599 0.073036 0.174758
0.183742 0.072981 0.174669
0.183884 0.072925 0.174579
0.184026 0.072870 0.174490
0.184169 0.072814 0.174400
0.184306 0.072780 0.174203
0.184448 0.072724 0.174114
0.184591 0.072669 0.174024
0.157886 0.084400 0.181461
0.158045 0.084338 0.181361
0.159554 0.083257 0.183418
0.159784 0.083131 0.183496
0.159976 0.083038 0.183487
0.160129 0.082978 0.183391
0.160357 0.082853 0.183470
0.160622 0.082695 0.183638
0.160848 0.082571 0.183719
0.161073 0.082446 0.183800
0.161334 0.082290 0.183969
0.161594 0.082134 0.184140
0.161817 0.082011 0.184223
0.162003 0.081920 0.184217
0.162188 0.081830 0.184212
0.162373 0.081739 0.184207
0.162558 0.081649 0.184203
0.162742 0.081559 0.184198
0.162891 0.081501 0.184105
0.163075 0.081411 0.184101
0.163258 0.081322 0.184097
0.163441 0.081232 0.184093
0.163623 0.081143 0.184090
0.163805 0.081054 0.184087
0.163987 0.080965 0.184084
0.164201 0.080845 0.184172
0.164415 0.080725 0.184260
0.164628 0.080606 0.184349
0.164840 0.080487 0.184439
0.165051 0.080368 0.184528
0.165262 0.080249 0.184619
0.165471 0.080131 0.184710
0.165680 0.080013 0.184801
0.165920 0.079865 0.184984
0.166095 0.079779 0.184985
0.166302 0.079662 0.185078
0.166476 0.079576 0.185080
0.166650 0.079490 0.185082
0.166824 0.079404 0.185085
0.166997 0.079318 0.185087
0.167170 0.079233 0.185090
0.167312 0.079177 0.185001
0.167484 0.079092 0.185004
0.167626 0.079037 0.184915
0.167768 0.078981 0.184825
0.167939 0.078896 0.184829
0.168081 0.078841 0.184740
0.168223 0.078786 0.184651
0.168393 0.078701 0.184655
0.168535 0.078646 0.184566
0.168676 0.078591 0.184477
0.168818 0.078536 0.184388
0.168987 0.078452 0.184393
0.169129 0.078397 0.184305
0.169270 0.078342 0.184216
0.169439 0.078258 0.184221
0.169580 0.078203 0.184132
0.169721 0.078148 0.184044
0.169889 0.078064 0.184050
0.170030 0.078010 0.183961
0.170197 0.077926 0.183967
0.170338 0.077871 0.183879
0.170478 0.077817 0.183791
0.170645 0.077734 0.183797
0.170785 0.077679 0.183709
0.170951 0.077596 0.183716
0.171091 0.077541 0.183628
0.171257 0.077459 0.183636
0.171397 0.077404 0.183548
0.171561 0.077322 0.183556
0.171725 0.077240 0.183564
0.171889 0.077158 0.183572
0.172052 0.077076 0.183581
0.172192 0.077022 0.183494
0.172331 0.076967 0.183406
0.172493 0.076886 0.183415
0.172633 0.076832 0.183328
0.172772 0.076778 0.183241
0.172911 0.076723 0.183153
0.173050 0.076669 0.183066
0.173189 0.076615 0.182978
0.173350 0.076534 0.182989
0.173489 0.076480 0.182901
0.173628 0.076426 0.182814
0.173767 0.076372 0.182727
0.173906 0.076318 0.182640
0.174044 0.076264 0.182552
0.174183 0.076210 0.182465
0.174322 0.076156 0.182378
0.174461 0.076102 0.182291
0.174600 0.076048 0.182203
0.174739 0.075993 0.182116
0.174878 0.075939 0.182029
0.175017 0.075885 0.181942
0.175156 0.075831 0.181855
0.175295 0.075777 0.181767
0.175433 0.075723 0.181680
0.175572 0.075669 0.181593
0.175711 0.075615 0.181506
0.175850 0.075561 0.181418
0.175989 0.075507 0.181331
0.176128 0.075453 0.181244
0.176267 0.075399 0.181157
0.176406 0.075345 0.181069
0.176545 0.075290 0.180982
0.176666 0.075261 0.180794
0.176806 0.075207 0.180707
0.176961 0.075128 0.180720
0.177100 0.075074 0.180633
0.177239 0.075020 0.180546
0.177394 0.074942 0.180560
0.177533 0.074888 0.180473
0.177671 0.074834 0.180386
0.177825 0.074755 0.180400
0.177964 0.074701 0.180313
0.178117 0.074623 0.180328
0.178256 0.074570 0.180241
0.178394 0.074516 0.180154
0.178532 0.074462 0.180068
0.178670 0.074408 0.179981
0.178809 0.074354 0.179894
0.178933 0.074324 0.179704
0.179072 0.074270 0.179617
0.179197 0.074240 0.179427
0.179336 0.074186 0.179340
0.179461 0.074155 0.179150
0.179600 0.074101 0.179063
0.179739 0.074047 0.178976
0.179878 0.073993 0.178888
0.180005 0.073962 0.178697
0.180144 0.073907 0.178610
0.180283 0.073853 0.178523
0.180422 0.073799 0.178435
0.180561 0.073745 0.178348
0.180700 0.073691 0.178261
0.180829 0.073659 0.178069
0.180968 0.073605 0.177981
0.181107 0.073551 0.177894
0.181236 0.073519 0.177701
0.181356 0.073509 0.177404
0.181486 0.073476 0.177211
0.181607 0.073466 0.176912
0.181728 0.073455 0.176613
0.181869 0.073400 0.176525
0.181992 0.073389 0.176225
0.182125 0.073356 0.176030
0.182249 0.073344 0.175730
0.182383 0.073310 0.175535
0.182525 0.073255 0.175445
0.182659 0.073221 0.175250
0.182801 0.073165 0.175160
0.182944 0.073110 0.175071
0.183086 0.073054 0.174981
0.183229 0.072999 0.174892
0.183371 0.072943 0.174803
0.183513 0.072888 0.174713
0.183656 0.072833 0.174624
0.183798 0.072777 0.174534
0.183941 0.072722 0.174445
0.184083 0.072666 0.174355
0.184225 0.072611 0.174266
0.184368 0.072555 0.174177
0.184505 0.072520 0.173979
0.157828 0.084200 0.181498
0.157988 0.084138 0.181398
0.159499 0.083064 0.183457
0.159691 0.082971 0.183448
0.159883 0.082878 0.183439
0.160074 0.082786 0.183430
0.160265 0.082694 0.183422
0.160530 0.082537 0.183590
0.160793 0.082380 0.183759
0.160945 0.082321 0.183663
0.161280 0.082101 0.184010
0.161504 0.081977 0.184093
0.161726 0.081855 0.184175
0.161948 0.081732 0.184259
0.162098 0.081674 0.184165
0.162319 0.081552 0.184249
0.162468 0.081494 0.184155
0.162652 0.081404 0.184151
0.162836 0.081315 0.184147
0.163020 0.081225 0.184143
0.163203 0.081136 0.184140
0.163386 0.081047 0.184136
0.163568 0.080958 0.184133
0.163750 0.080869 0.184130
0.163931 0.080780 0.184128
0.164146 0.080661 0.184216
0.164326 0.080572 0.184214
0.164539 0.080453 0.184303
0.164752 0.080335 0.184392
0.164963 0.080216 0.184482
0.165174 0.080098 0.184573
0.165384 0.079981 0.184664
0.165593 0.079863 0.184755
0.165801 0.079746 0.184848
0.166009 0.079629 0.184940
0.166215 0.079513 0.185033
0.166390 0.079427 0.185035
0.166564 0.079341 0.185037
0.166738 0.079255 0.185039
0.166911 0.079170 0.185042
0.167084 0.079085 0.185045
0.167226 0.079029 0.184956
0.167398 0.078944 0.184959
0.167540 0.078889 0.184870
0.167712 0.078804 0.184873
0.167854 0.078749 0.184784
0.167995 0.078694 0.184695
0.168137 0.078639 0.184606
0.168308 0.078554 0.184610
0.168449 0.078499 0.184522
0.168591 0.078444 0.184433
0.168761 0.078360 0.184437
0.168902 0.078305 0.184349
0.169043 0.078250 0.184260
0.169212 0.078166 0.184265
0.169354 0.078111 0.184177
0.169495 0.078056 0.184088
0.169663 0.077973 0.184094
0.169804 0.077918 0.184005
0.169945 0.077863 0.183917
0.170112 0.077780 0.183923
0.170253 0.077725 0.183835
0.170419 0.077642 0.183841
0.170560 0.077587 0.183753
0.170701 0.077533 0.183665
0.170866 0.077450 0.183672
0.171007 0.077395 0.183584
0.171172 0.077313 0.183591
0.171337 0.077231 0.183599
0.171501 0.077149 0.183607
0.171641 0.077094 0.183520
0.171805 0.077013 0.183528
0.171968 0.076931 0.183537
0.172108 0.076877 0.183450
0.172247 0.076823 0.183362
0.172410 0.076741 0.183371
0.172549 0.076687 0.183284
0.172688 0.076633 0.183197
0.172827 0.076579 0.183109
0.172966 0.076525 0.183022
0.173105 0.076470 0.182935
0.173266 0.076390 0.182945
0.173405 0.076336 0.182857
0.173544 0.076282 0.182770
0.173683 0.076227 0.182683
0.173822 0.076173 0.182596
0.173961 0.076119 0.182509
0.174100 0.076065 0.182421
0.174238 0.076011 0.182334
0.174377 0.075957 0.182247
0.174516 0.075903 0.182160
0.174675 0.075823 0.182171
0.174814 0.075769 0.182084
0.174953 0.075715 0.181997
0.175091 0.075661 0.181910
0.175230 0.075607 0.181823
0.175369 0.075553 0.181736
0.175507 0.075499 0.181649
0.175646 0.075445 0.181561
0.175766 0.075416 0.181374
0.175905 0.075362 0.181287
0.176044 0.075308 0.181200
0.176183 0.075254 0.181113
0.176322 0.075200 0.181025
0.176461 0.075146 0.180938
0.176600 0.075092 0.180851
0.176739 0.075038 0.180764
0.176877 0.074984 0.180676
0.177016 0.074930 0.180589
0.177155 0.074876 0.180502
0.177310 0.074797 0.180516
0.177449 0.074743 0.180429
0.177588 0.074689 0.180342
0.177742 0.074611 0.180356
0.177880 0.074557 0.180269
0.178019 0.074503 0.180182
0.178172 0.074426 0.180198
0.178310 0.074372 0.180111
0.178449 0.074318 0.180024
0.178587 0.074264 0.179937
0.178711 0.074234 0.179748
0.178850 0.074180 0.179661
0.178975 0.074149 0.179471
0.179113 0.074095 0.179384
0.179252 0.074041 0.179297
0.179378 0.074010 0.179106
0.179516 0.073956 0.179019
0.179655 0.073902 0.178932
0.179794 0.073848 0.178844
0.179933 0.073794 0.178757
0.180072 0.073740 0.178670
0.180211 0.073686 0.178583
0.180338 0.073654 0.178391
0.180477 0.073600 0.178304
0.180616 0.073546 0.178217
0.180756 0.073492 0.178129
0.180895 0.073438 0.178042
0.181023 0.073406 0.177850
0.181152 0.073374 0.177657
0.181281 0.073341 0.177465
0.181401 0.073331 0.177167
0.181532 0.073298 0.176973
0.181653 0.073287 0.176674
0.181784 0.073254 0.176480
0.181916 0.073220 0.176286
0.182039 0.073208 0.175986
0.182172 0.073175 0.175791
0.182305 0.073141 0.175596
0.182447 0.073085 0.175507
0.182581 0.073051 0.175311
0.182716 0.073017 0.175115
0.182858 0.072962 0.175026
0.183000 0.072906 0.174936
0.183143 0.072851 0.174847
0.183285 0.072795 0.174758
0.183427 0.072740 0.174668
0.183570 0.072684 0.174579
0.183712 0.072629 0.174489
0.183855 0.072574 0.174400
0.183997 0.072518 0.174310
0.184139 0.072463 0.174221
0.184282 0.072407 0.174132
0.184419 0.072372 0.173934
0.157732 0.084035 0.181447
0.157892 0.083973 0.181347
0.159407 0.082904 0.183408
0.159599 0.082811 0.183399
0.159790 0.082719 0.183390
0.159982 0.082627 0.183382
0.160210 0.082502 0.183462
0.160438 0.082378 0.183542
0.160701 0.082222 0.183711
0.160853 0.082163 0.183615
0.161226 0.081912 0.184051
0.161449 0.081789 0.184134
0.161672 0.081667 0.184217
0.161858 0.081577 0.184212
0.162044 0.081487 0.184207
0.162229 0.081397 0.184202
0.162413 0.081307 0.184198
0.162598 0.081218 0.184193
0.162782 0.081128 0.184189
0.162965 0.081039 0.184186
0.163148 0.080950 0.184182
0.163331 0.080861 0.184179
0.163479 0.080804 0.184086
0.163695 0.080684 0.184174
0.163876 0.080596 0.184171
0.164057 0.080508 0.184169
0.164238 0.080420 0.184168
0.164451 0.080301 0.184257
0.164664 0.080183 0.184346
0.164875 0.080065 0.184436
0.165086 0.079947 0.184527
0.165264 0.079860 0.184527
0.165474 0.079743 0.184618
0.165650 0.079657 0.184619
0.165890 0.079510 0.184803
0.166097 0.079394 0.184896
0.166304 0.079278 0.184990
0.166478 0.079193 0.184992
0.166652 0.079107 0.184994
0.166825 0.079022 0.184997
0.166998 0.078937 0.185000
0.167140 0.078881 0.184911
0.167313 0.078797 0.184914
0.167455 0.078741 0.184825
0.167626 0.078657 0.184828
0.167768 0.078602 0.184739
0.167910 0.078546 0.184650
0.168081 0.078462 0.184655
0.168222 0.078407 0.184566
0.168364 0.078352 0.184477
0.168534 0.078268 0.184482
0.168675 0.078213 0.184393
0.168817 0.078158 0.184304
0.168958 0.078103 0.184215
0.169127 0.078019 0.184221
0.169268 0.077964 0.184132
0.169409 0.077909 0.184043
0.169578 0.077826 0.184049
0.169719 0.077771 0.183961
0.169860 0.077716 0.183872
0.170027 0.077633 0.183878
0.170168 0.077579 0.183790
0.170335 0.077496 0.183797
0.170475 0.077441 0.183709
0.170616 0.077386 0.183620
0.170782 0.077304 0.183628
0.170922 0.077249 0.183539
0.171087 0.077167 0.183547
0.171252 0.077085 0.183555
0.171417 0.077004 0.183563
0.171557 0.076949 0.183476
0.171721 0.076868 0.183484
0.171884 0.076786 0.183493
0.172024 0.076732 0.183406
0.172163 0.076678 0.183318
0.172326 0.076597 0.183327
0.172465 0.076542 0.183240
0.172604 0.076488 0.183153
0.172743 0.076434 0.183065
0.172882 0.076380 0.182978
0.173021 0.076326 0.182891
0.173182 0.076245 0.182901
0.173321 0.076191 0.182814
0.173460 0.076137 0.182726
0.173599 0.076083 0.182639
0.173738 0.076029 0.182552
0.173877 0.075975 0.182465
0.174016 0.075921 0.182377
0.174155 0.075867 0.182290
0.174294 0.075813 0.182203
0.174453 0.075733 0.182214
0.174591 0.075679 0.182127
0.174730 0.075625 0.182040
0.174869 0.075571 0.181953
0.175008 0.075517 0.181866
0.175146 0.075463 0.181779
0.175285 0.075409 0.181692
0.175424 0.075355 0.181605
0.175562 0.075301 0.181518
0.175701 0.075247 0.181430
0.175840 0.075193 0.181343
0.175978 0.075139 0.181256
0.176117 0.075085 0.181169
0.176256 0.075031 0.181082
0.176394 0.074977 0.180995
0.176516 0.074947 0.180807
0.176655 0.074893 0.180720
0.176794 0.074839 0.180633
0.176949 0.074761 0.180646
0.177088 0.074707 0.180559
0.177227 0.074653 0.180472
0.177365 0.074599 0.180385
0.177504 0.074545 0.180298
0.177658 0.074467 0.180313
0.177797 0.074413 0.180226
0.177935 0.074359 0.180139
0.178074 0.074305 0.180052
0.178212 0.074252 0.179965
0.178351 0.074198 0.179878
0.178489 0.074144 0.179791
0.178628 0.074090 0.179704
0.178766 0.074036 0.179617
0.178891 0.074005 0.179427
0.179030 0.073951 0.179340
0.179168 0.073897 0.179253
0.179294 0.073866 0.179062
0.179433 0.073812 0.178975
0.179572 0.073758 0.178888
0.179710 0.073704 0.178801
0.179849 0.073650 0.178713
0.179988 0.073596 0.178626
0.180127 0.073542 0.178539
0.180266 0.073487 0.178452
0.180405 0.073433 0.178364
0.180544 0.073379 0.178277
0.180672 0.073347 0.178085
0.180811 0.073293 0.177998
0.180950 0.073239 0.177911
0.181078 0.073207 0.177718
0.181207 0.073174 0.177526
0.181337 0.073142 0.177333
0.181457 0.073130 0.177034
0.181578 0.073119 0.176735
0.181699 0.073107 0.176436
0.181840 0.073052 0.176347
0.181972 0.073018 0.176153
0.182095 0.073006 0.175852
0.182228 0.072972 0.175657
0.182370 0.072917 0.175568
0.182504 0.072882 0.175373
0.182646 0.072827 0.175283
0.182788 0.072772 0.175194
0.182922 0.072737 0.174998
0.183064 0.072682 0.174909
0.183206 0.072627 0.174820
0.183348 0.072571 0.174730
0.183491 0.072516 0.174641
0.183626 0.072481 0.174444
0.183769 0.072425 0.174355
0.183911 0.072370 0.174265
0.184053 0.072315 0.174176
0.184196 0.072259 0.174087
0.184333 0.072224 0.173889
0.159314 0.082744 0.183360
0.159506 0.082651 0.183351
0.159698 0.082559 0.183342
0.159889 0.082467 0.183333
0.160155 0.082311 0.183501
0.160308 0.082252 0.183405
0.161172 0.081723 0.184092
0.161395 0.081601 0.184175
0.161618 0.081479 0.184258
0.161804 0.081389 0.184253
0.161990 0.081300 0.184249
0.162175 0.081210 0.184244
0.162359 0.081121 0.184240
0.162508 0.081063 0.184146
0.162692 0.080974 0.184143
0.162911 0.080854 0.184229
0.163093 0.080765 0.184225
0.163276 0.080677 0.184223
0.163458 0.080588 0.184220
0.163640 0.080500 0.184217
0.163821 0.080412 0.184215
0.164002 0.080324 0.184213
0.164183 0.080236 0.184212
0.164396 0.080118 0.184301
0.164576 0.080031 0.184300
0.164788 0.079913 0.184390
0.164966 0.079826 0.184390
0.165177 0.079709 0.184481
0.165354 0.079623 0.184481
0.165563 0.079506 0.184573
0.165772 0.079390 0.184666
0.165979 0.079275 0.184759
0.166186 0.079159 0.184853
0.166360 0.079074 0.184855
0.166566 0.078959 0.184949
0.166739 0.078874 0.184952
0.166912 0.078789 0.184955
0.167054 0.078734 0.184866
0.167227 0.078649 0.184869
0.167369 0.078594 0.184780
0.167541 0.078509 0.184784
0.167683 0.078454 0.184695
0.167824 0.078399 0.184606
0.167995 0.078315 0.184610
0.168137 0.078260 0.184521
0.168278 0.078205 0.184432
0.168449 0.078121 0.184437
0.168590 0.078066 0.184348
0.168731 0.078011 0.184259
0.168873 0.077956 0.184170
0.169042 0.077872 0.184176
0.169183 0.077817 0.184087
0.169324 0.077762 0.183999
0.169493 0.077679 0.184005
0.169634 0.077625 0.183916
0.169775 0.077570 0.183828
0.169942 0.077487 0.183834
0.170083 0.077432 0.183746
0.170224 0.077377 0.183657
0.170390 0.077295 0.183664
0.170531 0.077240 0.183576
0.170697 0.077158 0.183583
0.170837 0.077103 0.183495
0.171003 0.077022 0.183503
0.171168 0.076940 0.183511
0.171333 0.076858 0.183519
0.171472 0.076804 0.183431
0.171637 0.076722 0.183440
0.171776 0.076668 0.183352
0.171939 0.076587 0.183362
0.172079 0.076533 0.183274
0.172218 0.076479 0.183187
0.172381 0.076398 0.183196
0.172520 0.076344 0.183109
0.172659 0.076289 0.183021
0.172798 0.076235 0.182934
0.172937 0.076181 0.182847
0.173076 0.076127 0.182759
0.173215 0.076073 0.182672
0.173376 0.075993 0.182682
0.173515 0.075939 0.182595
0.173654 0.075884 0.182508
0.173793 0.075830 0.182421
0.173932 0.075776 0.182333
0.174071 0.075722 0.182246
0.174230 0.075643 0.182258
0.174369 0.075589 0.182171
0.174508 0.075535 0.182084
0.174646 0.075481 0.181996
0.174785 0.075427 0.181909
0.174924 0.075373 0.181822
0.175063 0.075319 0.181735
0.175201 0.075265 0.181648
0.175340 0.075211 0.181561
0.175479 0.075157 0.181474
0.175617 0.075103 0.181387
0.175756 0.075049 0.181300
0.175895 0.074995 0.181212
0.176033 0.074941 0.181125
0.176172 0.074887 0.181038
0.176311 0.074833 0.180951
0.176449 0.074779 0.180864
0.176588 0.074725 0.180777
0.176727 0.074671 0.180690
0.176866 0.074617 0.180603
0.177004 0.074563 0.180516
0.177143 0.074509 0.180428
0.177282 0.074455 0.180341
0.177420 0.074401 0.180254
0.177575 0.074323 0.180269
0.177713 0.074269 0.180182
0.177852 0.074215 0.180095
0.177990 0.074161 0.180008
0.178129 0.074107 0.179921
0.178267 0.074054 0.179834
0.178391 0.074023 0.179644
0.178530 0.073969 0.179557
0.178668 0.073915 0.179470
0.178807 0.073861 0.179383
0.178932 0.073830 0.179193
0.179071 0.073776 0.179106
0.179210 0.073721 0.179018
0.179349 0.073667 0.178931
0.179488 0.073613 0.178844
0.179627 0.073559 0.178757
0.179766 0.073505 0.178669
0.179904 0.073451 0.178582
0.180043 0.073397 0.178495
0.180182 0.073343 0.178408
0.180321 0.073289 0.178320
0.180460 0.073235 0.178233
0.180588 0.073203 0.178041
0.180727 0.073148 0.177954
0.180866 0.073094 0.177867
0.180994 0.073062 0.177674
0.181123 0.073029 0.177482
0.181263 0.072975 0.177394
0.181382 0.072963 0.177095
0.181503 0.072951 0.176796
0.181633 0.072918 0.176603
0.181774 0.072863 0.176514
0.181896 0.072851 0.176214
0.182028 0.072817 0.176019
0.182160 0.072783 0.175825
0.182293 0.072748 0.175629
0.182426 0.072714 0.175434
0.182568 0.072659 0.175345
0.182702 0.072624 0.175149
0.182844 0.072569 0.175060
0.182978 0.072534 0.174864
0.183121 0.072479 0.174775
0.183263 0.072423 0.174685
0.183405 0.072368 0.174596
0.183547 0.072313 0.174507
0.183683 0.072277 0.174310
0.183825 0.072222 0.174220
0.183967 0.072167 0.174131
0.184110 0.072111 0.174042
0.184247 0.072075 0.173844
0.159221 0.082584 0.183311
0.159452 0.082459 0.183390
0.159605 0.082400 0.183293
0.159835 0.082276 0.183373
0.160063 0.082152 0.183453
0.160216 0.082093 0.183357
0.160630 0.081811 0.183880
0.160856 0.081689 0.183962
0.161118 0.081535 0.184133
0.161342 0.081414 0.184216
0.161528 0.081324 0.184211
0.161714 0.081234 0.184206
0.161900 0.081145 0.184201
0.162085 0.081055 0.184197
0.162269 0.080966 0.184193
0.162454 0.080877 0.184189
0.162638 0.080788 0.184185
0.162856 0.080669 0.184272
0.163039 0.080580 0.184269
0.163222 0.080492 0.184266
0.163404 0.080404 0.184263
0.163585 0.080316 0.184261
0.163767 0.080228 0.184259
0.163947 0.080141 0.184257
0.164128 0.080053 0.184256
0.164308 0.079966 0.184255
0.164487 0.079879 0.184254
0.164700 0.079762 0.184344
0.164878 0.079675 0.184344
0.165056 0.079588 0.184344
0.165267 0.079472 0.184436
0.165444 0.079386 0.184436
0.165653 0.079270 0.184529
0.165861 0.079155 0.184622
0.166068 0.079040 0.184715
0.166274 0.078925 0.184810
0.166480 0.078811 0.184904
0.166653 0.078726 0.184907
0.166826 0.078641 0.184910
0.166969 0.078586 0.184821
0.167141 0.078501 0.184824
0.167283 0.078446 0.184735
0.167455 0.078362 0.184739
0.167597 0.078307 0.184650
0.167739 0.078251 0.184561
0.167881 0.078196 0.184472
0.168051 0.078112 0.184476
0.168193 0.078057 0.184387
0.168363 0.077974 0.184392
0.168505 0.077919 0.184303
0.168646 0.077864 0.184215
0.168787 0.077809 0.184126
0.168957 0.077726 0.184131
0.169098 0.077671 0.184043
0.169239 0.077616 0.183954
0.169408 0.077533 0.183960
0.169549 0.077478 0.183871
0.169690 0.077423 0.183783
0.169857 0.077341 0.183789
0.169998 0.077286 0.183701
0.170139 0.077231 0.183613
0.170306 0.077149 0.183620
0.170446 0.077094 0.183531
0.170612 0.077012 0.183539
0.170753 0.076957 0.183451
0.170918 0.076876 0.183459
0.171084 0.076794 0.183467
0.171223 0.076740 0.183379
0.171388 0.076658 0.183387
0.171552 0.076577 0.183396
0.171692 0.076523 0.183308
0.171855 0.076442 0.183317
0.171995 0.076388 0.183230
0.172134 0.076334 0.183142
0.172273 0.076279 0.183055
0.172413 0.076225 0.182967
0.172575 0.076145 0.182977
0.172714 0.076091 0.182890
0.172853 0.076036 0.182803
0.172992 0.075982 0.182715
0.173131 0.075928 0.182628
0.173293 0.075848 0.182639
0.173431 0.075794 0.182551
0.173570 0.075740 0.182464
0.173709 0.075686 0.182377
0.173848 0.075632 0.182290
0.173987 0.075578 0.182202
0.174147 0.075498 0.182214
0.174285 0.075444 0.182127
0.174424 0.075390 0.182040
0.174563 0.075336 0.181953
0.174701 0.075282 0.181865
0.174840 0.075228 0.181778
0.174998 0.075150 0.181791
0.175137 0.075096 0.181704
0.175275 0.075042 0.181617
0.175414 0.074988 0.181530
0.175552 0.074934 0.181443
0.175691 0.074880 0.181356
0.175829 0.074826 0.181269
0.175968 0.074772 0.181182
0.176106 0.074718 0.181095
0.176245 0.074664 0.181008
0.176383 0.074610 0.180921
0.176522 0.074557 0.180834
0.176660 0.074503 0.180747
0.176782 0.074472 0.180559
0.176920 0.074418 0.180472
0.177059 0.074364 0.180385
0.177198 0.074311 0.180297
0.177337 0.074257 0.180210
0.177475 0.074203 0.180123
0.177614 0.074149 0.180036
0.177753 0.074095 0.179949
0.177891 0.074041 0.179862
0.178030 0.073987 0.179775
0.178169 0.073933 0.179688
0.178307 0.073879 0.179601
0.178446 0.073825 0.179513
0.178585 0.073771 0.179426
0.178723 0.073717 0.179339
0.178848 0.073685 0.179149
0.178987 0.073631 0.179062
0.179126 0.073577 0.178974
0.179265 0.073523 0.178887
0.179391 0.073491 0.178696
0.179543 0.073415 0.178713
0.179682 0.073361 0.178626
0.179808 0.073329 0.178434
0.179959 0.073253 0.178451
0.180098 0.073198 0.178364
0.180237 0.073144 0.178277
0.180376 0.073090 0.178189
0.180504 0.073058 0.177997
0.180643 0.073004 0.177910
0.180782 0.072950 0.177823
0.180910 0.072917 0.177630
0.181050 0.072863 0.177543
0.181179 0.072830 0.177350
0.181308 0.072796 0.177157
0.181428 0.072784 0.176858
0.181558 0.072751 0.176664
0.181699 0.072696 0.176576
0.181820 0.072683 0.176276
0.181952 0.072649 0.176081
0.182084 0.072615 0.175886
0.182216 0.072581 0.175691
0.182349 0.072546 0.175496
0.182483 0.072511 0.175300
0.182624 0.072456 0.175211
0.182758 0.072421 0.175015
0.182900 0.072366 0.174926
0.183042 0.072311 0.174837
0.183184 0.072255 0.174748
0.183319 0.072220 0.174551
0.183461 0.072165 0.174462
0.183597 0.072129 0.174265
0.183739 0.072074 0.174175
0.183882 0.072018 0.174086
0.184024 0.071963 0.173997
0.184161 0.071927 0.173799
0.159359 0.082300 0.183341
0.159551 0.082208 0.183333
0.159742 0.082117 0.183325
0.160009 0.081962 0.183493
0.160275 0.081807 0.183662
0.160539 0.081654 0.183832
0.160802 0.081500 0.184003
0.161027 0.081379 0.184086
0.161251 0.081258 0.184169
0.161438 0.081168 0.184164
0.161624 0.081079 0.184159
0.161810 0.080990 0.184154
0.161995 0.080900 0.184150
0.162180 0.080812 0.184146
0.162400 0.080692 0.184232
0.162584 0.080603 0.184228
0.162767 0.080515 0.184225
0.162985 0.080396 0.184312
0.163167 0.080308 0.184309
0.163349 0.080220 0.184307
0.163531 0.080133 0.184305
0.163712 0.080045 0.184303
0.163859 0.079988 0.184211
0.164039 0.079901 0.184210
0.164253 0.079784 0.184299
0.164399 0.079727 0.184208
0.164612 0.079610 0.184298
0.164790 0.079524 0.184298
0.164969 0.079437 0.184298
0.165147 0.079351 0.184298
0.165356 0.079236 0.184390
0.165566 0.079120 0.184483
0.165742 0.079035 0.184485
0.165981 0.078891 0.184670
0.166156 0.078805 0.184672
0.166362 0.078691 0.184767
0.166567 0.078578 0.184862
0.166741 0.078493 0.184865
0.166883 0.078438 0.184776
0.167025 0.078382 0.184687
0.167198 0.078298 0.184690
0.167370 0.078214 0.184694
0.167511 0.078159 0.184605
0.167653 0.078104 0.184516
0.167795 0.078049 0.184427
0.167966 0.077965 0.184431
0.168108 0.077910 0.184343
0.168249 0.077855 0.184254
0.168419 0.077772 0.184259
0.168561 0.077717 0.184170
0.168702 0.077662 0.184081
0.168844 0.077607 0.183992
0.169013 0.077524 0.183998
0.169154 0.077469 0.183909
0.169295 0.077414 0.183821
0.169464 0.077331 0.183827
0.169604 0.077276 0.183738
0.169772 0.077194 0.183745
0.169913 0.077139 0.183657
0.170054 0.077085 0.183568
0.170221 0.077003 0.183575
0.170361 0.076948 0.183487
0.170502 0.076893 0.183399
0.170668 0.076812 0.183406
0.170834 0.076730 0.183414
0.170974 0.076675 0.183326
0.171139 0.076594 0.183335
0.171304 0.076513 0.183343
0.171443 0.076459 0.183255
0.171608 0.076378 0.183264
0.171747 0.076324 0.183177
0.171911 0.076243 0.183186
0.172050 0.076189 0.183098
0.172189 0.076134 0.183011
0.172329 0.076080 0.182923
0.172468 0.076026 0.182836
0.172607 0.075972 0.182748
0.172746 0.075918 0.182661
0.172908 0.075838 0.182671
0.173047 0.075783 0.182584
0.173187 0.075729 0.182497
0.173326 0.075675 0.182409
0.173486 0.075596 0.182420
0.173625 0.075541 0.182333
0.173764 0.075487 0.182246
0.173903 0.075433 0.182158
0.174063 0.075354 0.182170
0.174202 0.075300 0.182083
0.174340 0.075246 0.181996
0.174479 0.075192 0.181909
0.174618 0.075138 0.181822
0.174776 0.075059 0.181834
0.174915 0.075006 0.181747
0.175053 0.074952 0.181660
0.175192 0.074898 0.181573
0.175330 0.074844 0.181486
0.175469 0.074790 0.181399
0.175607 0.074736 0.181312
0.175764 0.074658 0.181326
0.175902 0.074604 0.181239
0.176041 0.074550 0.181152
0.176161 0.074520 0.180964
0.176300 0.074466 0.180877
0.176438 0.074412 0.180790
0.176577 0.074359 0.180703
0.176715 0.074305 0.180616
0.176854 0.074251 0.180529
0.176992 0.074197 0.180442
0.177114 0.074166 0.180254
0.177253 0.074112 0.180167
0.177392 0.074058 0.180079
0.177530 0.074004 0.179992
0.177669 0.073950 0.179905
0.177808 0.073896 0.179818
0.177946 0.073842 0.179731
0.178085 0.073788 0.179644
0.178224 0.073734 0.179557
0.178348 0.073703 0.179367
0.178487 0.073649 0.179280
0.178626 0.073595 0.179192
0.178765 0.073541 0.179105
0.178890 0.073509 0.178914
0.179029 0.073455 0.178827
0.179168 0.073401 0.178740
0.179307 0.073346 0.178652
0.179446 0.073292 0.178565
0.179585 0.073238 0.178478
0.179724 0.073184 0.178390
0.179876 0.073108 0.178407
0.180015 0.073054 0.178320
0.180153 0.073000 0.178233
0.180292 0.072946 0.178145
0.180420 0.072913 0.177953
0.180559 0.072859 0.177866
0.180698 0.072805 0.177779
0.180826 0.072772 0.177586
0.180966 0.072718 0.177499
0.181094 0.072685 0.177306
0.181224 0.072651 0.177112
0.181353 0.072618 0.176919
0.181483 0.072584 0.176725
0.181623 0.072529 0.176637
0.181754 0.072495 0.176443
0.181876 0.072482 0.176143
0.182008 0.072448 0.175948
0.182140 0.072413 0.175753
0.182272 0.072378 0.175558
0.182405 0.072344 0.175362
0.182547 0.072289 0.175273
0.182681 0.072254 0.175077
0.182822 0.072198 0.174988
0.182957 0.072163 0.174792
0.183098 0.072108 0.174703
0.183240 0.072053 0.174614
0.183382 0.071997 0.174525
0.183518 0.071962 0.174328
0.183653 0.071926 0.174130
0.183796 0.071870 0.174041
0.183938 0.071815 0.173952
0.184074 0.071779 0.173754
0.159458 0.082049 0.183284
0.159650 0.081957 0.183276
0.159917 0.081803 0.183445
0.160183 0.081650 0.183614
0.160448 0.081496 0.183784
0.160712 0.081344 0.183955
0.160937 0.081223 0.184038
0.161161 0.081102 0.184121
0.161348 0.081013 0.184116
0.161534 0.080923 0.184112
0.161720 0.080834 0.184107
0.161905 0.080746 0.184103
0.162126 0.080626 0.184188
0.162310 0.080538 0.184185
0.162530 0.080419 0.184271
0.162713 0.080331 0.184268
0.162896 0.080243 0.184265
0.163114 0.080125 0.184353
0.163295 0.080037 0.184351
0.163477 0.079950 0.184349
0.163624 0.079893 0.184257
0.163804 0.079806 0.184255
0.163985 0.079719 0.184254
0.164165 0.079632 0.184253
0.164311 0.079575 0.184162
0.164524 0.079459 0.184252
0.164703 0.079372 0.184252
0.164848 0.079316 0.184161
0.165026 0.079230 0.184161
0.165204 0.079144 0.184161
0.165414 0.079029 0.184254
0.165623 0.078914 0.184347
0.165831 0.078800 0.184441
0.166038 0.078686 0.184535
0.166244 0.078572 0.184629
0.166450 0.078458 0.184725
0.166624 0.078374 0.184728
0.166766 0.078319 0.184638
0.166939 0.078235 0.184642
0.167081 0.078179 0.184552
0.167254 0.078095 0.184556
0.167396 0.078040 0.184467
0.167568 0.077956 0.184471
0.167709 0.077901 0.184382
0.167851 0.077846 0.184293
0.168022 0.077763 0.184298
0.168164 0.077708 0.184209
0.168305 0.077653 0.184120
0.168475 0.077570 0.184125
0.168617 0.077515 0.184036
0.168758 0.077460 0.183948
0.168900 0.077405 0.183859
0.169069 0.077322 0.183865
0.169210 0.077267 0.183776
0.169378 0.077185 0.183782
0.169519 0.077130 0.183694
0.169660 0.077075 0.183605
0.169801 0.077020 0.183517
0.169969 0.076938 0.183524
0.170110 0.076883 0.183435
0.170276 0.076802 0.183443
0.170417 0.076747 0.183354
0.170583 0.076666 0.183362
0.170724 0.076611 0.183274
0.170889 0.076530 0.183282
0.171029 0.076475 0.183194
0.171195 0.076394 0.183202
0.171359 0.076313 0.183211
0.171499 0.076259 0.183123
0.171663 0.076178 0.183133
0.171802 0.076124 0.183045
0.171942 0.076070 0.182957
0.172081 0.076016 0.182870
0.172221 0.075961 0.182782
0.172384 0.075881 0.182792
0.172523 0.075827 0.182704
0.172662 0.075773 0.182617
0.172802 0.075718 0.182529
0.172964 0.075639 0.182540
0.173103 0.075585 0.182453
0.173242 0.075530 0.182365
0.173381 0.075476 0.182278
0.173542 0.075397 0.182289
0.173680 0.075343 0.182202
0.173819 0.075289 0.182115
0.173979 0.075210 0.182126
0.174118 0.075156 0.182039
0.174257 0.075102 0.181952
0.174395 0.075048 0.181865
0.174534 0.074994 0.181778
0.174693 0.074915 0.181790
0.174831 0.074861 0.181703
0.174970 0.074808 0.181616
0.175108 0.074754 0.181529
0.175266 0.074676 0.181542
0.175404 0.074622 0.181456
0.175542 0.074568 0.181369
0.175681 0.074514 0.181282
0.175819 0.074460 0.181195
0.175957 0.074406 0.181108
0.176096 0.074353 0.181021
0.176234 0.074299 0.180934
0.176372 0.074245 0.180848
0.176510 0.074191 0.180761
0.176649 0.074137 0.180674
0.176770 0.074107 0.180486
0.176909 0.074053 0.180399
0.177047 0.073999 0.180312
0.177169 0.073968 0.180123
0.177308 0.073914 0.180036
0.177447 0.073860 0.179948
0.177585 0.073806 0.179861
0.177724 0.073752 0.179774
0.177863 0.073698 0.179687
0.177986 0.073667 0.179497
0.178125 0.073613 0.179410
0.178264 0.073558 0.179323
0.178403 0.073504 0.179236
0.178528 0.073473 0.179045
0.178667 0.073418 0.178958
0.178806 0.073364 0.178870
0.178945 0.073310 0.178783
0.179084 0.073256 0.178696
0.179223 0.073202 0.178608
0.179362 0.073148 0.178521
0.179501 0.073093 0.178434
0.179640 0.073039 0.178346
0.179779 0.072985 0.178259
0.179919 0.072931 0.178172
0.180058 0.072877 0.178084
0.180197 0.072823 0.177997
0.180336 0.072769 0.177909
0.180475 0.072714 0.177822
0.180614 0.072660 0.177735
0.180753 0.072606 0.177647
0.180881 0.072573 0.177455
0.181021 0.072519 0.177367
0.181150 0.072485 0.177174
0.181279 0.072451 0.176981
0.181409 0.072418 0.176787
0.181549 0.072363 0.176699
0.181679 0.072329 0.176505
0.181800 0.072315 0.176204
0.181932 0.072281 0.176010
0.182064 0.072246 0.175815
0.182196 0.072211 0.175620
0.182329 0.072176 0.175424
0.182470 0.072121 0.175335
0.182603 0.072086 0.175140
0.182737 0.072051 0.174943
0.182879 0.071996 0.174854
0.183013 0.071960 0.174658
0.183155 0.071905 0.174569
0.183297 0.071850 0.174480
0.183432 0.071814 0.174283
0.183567 0.071778 0.174085
0.183710 0.071722 0.173996
0.183852 0.071667 0.173907
0.160395 0.081308 0.183825
0.160621 0.081187 0.183908
0.160846 0.081066 0.183991
0.161071 0.080946 0.184074
0.161257 0.080857 0.184069
0.161444 0.080768 0.184064
0.161630 0.080679 0.184060
0.161815 0.080591 0.184056
0.162036 0.080472 0.184141
0.162221 0.080383 0.184138
0.162441 0.080265 0.184224
0.162624 0.080177 0.184221
0.162842 0.080059 0.184309
0.163025 0.079972 0.184306
0.163242 0.079854 0.184395
0.163388 0.079797 0.184303
0.163570 0.079710 0.184301
0.163750 0.079623 0.184300
0.163931 0.079537 0.184299
0.164077 0.079480 0.184207
0.164257 0.079393 0.184206
0.164402 0.079337 0.184115
0.164582 0.079251 0.184115
0.164760 0.079164 0.184115
0.164939 0.079079 0.184115
0.165117 0.078993 0.184115
0.165327 0.078878 0.184208
0.165536 0.078764 0.184301
0.165744 0.078650 0.184395
0.165951 0.078536 0.184489
0.166158 0.078423 0.184584
0.166333 0.078339 0.184587
0.166507 0.078255 0.184590
0.166649 0.078199 0.184500
0.166823 0.078115 0.184504
0.166996 0.078031 0.184507
0.167138 0.077976 0.184418
0.167310 0.077892 0.184422
0.167452 0.077837 0.184333
0.167594 0.077782 0.184244
0.167766 0.077699 0.184248
0.167907 0.077643 0.184159
0.168049 0.077588 0.184070
0.168220 0.077505 0.184075
0.168361 0.077450 0.183986
0.168503 0.077395 0.183897
0.168673 0.077313 0.183903
0.168814 0.077258 0.183814
0.168984 0.077175 0.183820
0.169125 0.077120 0.183731
0.169266 0.077065 0.183643
0.169434 0.076983 0.183649
0.169575 0.076928 0.183561
0.169716 0.076873 0.183472
0.169857 0.076819 0.183384
0.170025 0.076737 0.183391
0.170192 0.076656 0.183398
0.170332 0.076601 0.183310
0.170473 0.076546 0.183222
0.170639 0.076465 0.183230
0.170779 0.076410 0.183141
0.170945 0.076329 0.183150
0.171110 0.076249 0.183158
0.171250 0.076194 0.183070
0.171415 0.076114 0.183079
0.171554 0.076059 0.182992
0.171718 0.075979 0.183001
0.171858 0.075925 0.182913
0.171997 0.075870 0.182826
0.172137 0.075816 0.182738
0.172276 0.075762 0.182650
0.172416 0.075707 0.182563
0.172555 0.075653 0.182475
0.172718 0.075574 0.182485
0.172857 0.075519 0.182398
0.172996 0.075465 0.182310
0.173158 0.075386 0.182321
0.173297 0.075332 0.182234
0.173436 0.075277 0.182146
0.173597 0.075198 0.182158
0.173736 0.075144 0.182071
0.173874 0.075090 0.181983
0.174034 0.075012 0.181995
0.174173 0.074958 0.181908
0.174312 0.074904 0.181821
0.174450 0.074850 0.181734
0.174609 0.074771 0.181746
0.174748 0.074717 0.181659
0.174886 0.074664 0.181572
0.175044 0.074586 0.181586
0.175182 0.074532 0.181499
0.175321 0.074478 0.181412
0.175459 0.074424 0.181325
0.175597 0.074370 0.181238
0.175736 0.074316 0.181151
0.175874 0.074263 0.181064
0.176012 0.074209 0.180978
0.176168 0.074131 0.180992
0.176306 0.074078 0.180905
0.176427 0.074047 0.180717
0.176565 0.073993 0.180630
0.176704 0.073940 0.180543
0.176825 0.073909 0.180355
0.176963 0.073855 0.180268
0.177085 0.073824 0.180079
0.177224 0.073770 0.179992
0.177363 0.073716 0.179905
0.177502 0.073662 0.179817
0.177640 0.073608 0.179730
0.177763 0.073576 0.179541
0.177902 0.073522 0.179453
0.178041 0.073468 0.179366
0.178165 0.073436 0.179176
0.178304 0.073382 0.179089
0.178444 0.073328 0.179001
0.178583 0.073274 0.178914
0.178708 0.073241 0.178723
0.178847 0.073187 0.178636
0.178986 0.073133 0.178548
0.179126 0.073079 0.178461
0.179265 0.073024 0.178373
0.179404 0.072970 0.178286
0.179556 0.072895 0.178302
0.179695 0.072840 0.178215
0.179835 0.072786 0.178128
0.179974 0.072732 0.178040
0.180113 0.072678 0.177953
0.180252 0.072624 0.177865
0.180391 0.072570 0.177778
0.180530 0.072516 0.177691
0.180669 0.072461 0.177603
0.180797 0.072428 0.177411
0.180937 0.072374 0.177323
0.181065 0.072340 0.177130
0.181195 0.072306 0.176936
0.181334 0.072252 0.176849
0.181474 0.072197 0.176761
0.181594 0.072183 0.176461
0.181725 0.072149 0.176266
0.181856 0.072114 0.176072
0.181988 0.072080 0.175877
0.182120 0.072045 0.175682
0.182252 0.072010 0.175486
0.182385 0.071974 0.175291
0.182526 0.071919 0.175202
0.182659 0.071884 0.175006
0.182793 0.071848 0.174810
0.182927 0.071812 0.174613
0.183069 0.071757 0.174524
0.183211 0.071702 0.174435
0.183346 0.071666 0.174238
0.183481 0.071630 0.174040
0.183624 0.071574 0.173951
0.183766 0.071519 0.173862
0.160303 0.081151 0.183777
0.160530 0.081030 0.183860
0.160755 0.080910 0.183943
0.160980 0.080790 0.184027
0.161130 0.080732 0.183933
0.161317 0.080643 0.183928
0.161503 0.080555 0.183923
0.161725 0.080436 0.184009
0.161910 0.080347 0.184005
0.162131 0.080229 0.184091
0.162351 0.080111 0.184177
0.162535 0.080023 0.184175
0.162753 0.079906 0.184262
0.162936 0.079819 0.184260
0.163153 0.079702 0.184348
0.163335 0.079615 0.184347
0.163516 0.079528 0.184345
0.163662 0.079471 0.184254
0.163843 0.079385 0.184253
0.163989 0.079328 0.184161
0.164169 0.079242 0.184160
0.164314 0.079185 0.184069
0.164494 0.079099 0.184069
0.164673 0.079013 0.184069
0.164818 0.078957 0.183977
0.165029 0.078842 0.184070
0.165207 0.078757 0.184071
0.165416 0.078643 0.184164
0.165625 0.078529 0.184257
0.165801 0.078444 0.184259
0.166008 0.078331 0.184354
0.166215 0.078219 0.184449
0.166389 0.078135 0.184452
0.166532 0.078079 0.184362
0.166706 0.077995 0.184366
0.166879 0.077912 0.184369
0.167021 0.077856 0.184280
0.167194 0.077773 0.184284
0.167336 0.077717 0.184195
0.167508 0.077634 0.184199
0.167650 0.077579 0.184110
0.167792 0.077524 0.184021
0.167964 0.077441 0.184025
0.168105 0.077386 0.183936
0.168247 0.077330 0.183847
0.168418 0.077248 0.183853
0.168559 0.077193 0.183764
0.168729 0.077110 0.183770
0.168870 0.077055 0.183681
0.169012 0.077000 0.183592
0.169181 0.076918 0.183598
0.169322 0.076863 0.183510
0.169463 0.076809 0.183421
0.169631 0.076727 0.183428
0.169772 0.076672 0.183339
0.169940 0.076591 0.183346
0.170080 0.076536 0.183258
0.170247 0.076455 0.183266
0.170388 0.076400 0.183177
0.170554 0.076319 0.183185
0.170695 0.076264 0.183097
0.170860 0.076184 0.183105
0.171000 0.076129 0.183017
0.171166 0.076049 0.183026
0.171305 0.075994 0.182938
0.171470 0.075914 0.182947
0.171610 0.075860 0.182860
0.171749 0.075805 0.182772
0.171889 0.075751 0.182684
0.172029 0.075696 0.182596
0.172169 0.075642 0.182509
0.172308 0.075588 0.182421
0.172471 0.075508 0.182431
0.172611 0.075454 0.182343
0.172750 0.075399 0.182256
0.172912 0.075320 0.182266
0.173051 0.075266 0.182179
0.173191 0.075212 0.182091
0.173352 0.075133 0.182103
0.173491 0.075079 0.182015
0.173652 0.075000 0.182027
0.173791 0.074946 0.181939
0.173929 0.074892 0.181852
0.174089 0.074813 0.181864
0.174228 0.074759 0.181777
0.174387 0.074681 0.181790
0.174526 0.074627 0.181703
0.174664 0.074573 0.181616
0.174803 0.074519 0.181529
0.174961 0.074442 0.181542
0.175099 0.074388 0.181455
0.175237 0.074334 0.181368
0.175395 0.074257 0.181382
0.175533 0.074203 0.181295
0.175671 0.074149 0.181208
0.175809 0.074095 0.181122
0.175947 0.074042 0.181035
0.176085 0.073988 0.180948
0.176223 0.073934 0.180861
0.176361 0.073880 0.180775
0.176482 0.073850 0.180586
0.176620 0.073796 0.180500
0.176758 0.073742 0.180413
0.176880 0.073711 0.180224
0.177018 0.073657 0.180137
0.177140 0.073625 0.179948
0.177279 0.073571 0.179861
0.177418 0.073517 0.179774
0.177557 0.073463 0.179687
0.177680 0.073432 0.179497
0.177819 0.073378 0.179410
0.177957 0.073324 0.179322
0.178081 0.073291 0.179132
0.178221 0.073237 0.179045
0.178360 0.073183 0.178957
0.178499 0.073129 0.178870
0.178624 0.073097 0.178679
0.178763 0.073042 0.178591
0.178902 0.072988 0.178504
0.179042 0.072934 0.178416
0.179181 0.072880 0.178329
0.179320 0.072825 0.178241
0.179460 0.072771 0.178154
0.179599 0.072717 0.178066
0.179738 0.072663 0.177979
0.179877 0.072608 0.177891
0.180017 0.072554 0.177804
0.180156 0.072500 0.177716
0.180307 0.072425 0.177734
0.180446 0.072371 0.177647
0.180574 0.072337 0.177454
0.180713 0.072283 0.177366
0.180853 0.072229 0.177279
0.180981 0.072195 0.177086
0.181121 0.072141 0.176998
0.181250 0.072106 0.176804
0.181390 0.072052 0.176717
0.181520 0.072018 0.176523
0.181650 0.071983 0.176328
0.181781 0.071948 0.176134
0.181912 0.071913 0.175939
0.182043 0.071878 0.175744
0.182175 0.071843 0.175549
0.182308 0.071808 0.175353
0.182441 0.071772 0.175157
0.182574 0.071737 0.174961
0.182707 0.071701 0.174765
0.182849 0.071646 0.174676
0.182983 0.071609 0.174479
0.183125 0.071554 0.174390
0.183260 0.071518 0.174193
0.183395 0.071481 0.173995
0.183538 0.071426 0.173906
0.183680 0.071371 0.173817
0.159336 0.081446 0.183492
0.159489 0.081387 0.183396
0.160439 0.080874 0.183812
0.160627 0.080785 0.183807
0.160852 0.080665 0.183890
0.161040 0.080576 0.183885
0.161226 0.080488 0.183881
0.161413 0.080399 0.183876
0.161599 0.080311 0.183872
0.161821 0.080193 0.183958
0.162042 0.080075 0.184044
0.162262 0.079957 0.184131
0.162446 0.079870 0.184128
0.162665 0.079753 0.184216
0.162847 0.079666 0.184213
0.163065 0.079549 0.184302
0.163246 0.079463 0.184301
0.163428 0.079376 0.184299
0.163574 0.079319 0.184207
0.163754 0.079233 0.184207
0.163935 0.079147 0.184206
0.164081 0.079090 0.184114
0.164260 0.079004 0.184114
0.164406 0.078947 0.184023
0.164585 0.078862 0.184023
0.164763 0.078776 0.184023
0.164942 0.078691 0.184024
0.165119 0.078606 0.184025
0.165297 0.078521 0.184026
0.165506 0.078408 0.184120
0.165650 0.078352 0.184029
0.165890 0.078211 0.184216
0.166097 0.078098 0.184311
0.166272 0.078014 0.184314
0.166415 0.077959 0.184224
0.166589 0.077875 0.184228
0.166762 0.077791 0.184231
0.166905 0.077736 0.184142
0.167078 0.077653 0.184145
0.167220 0.077597 0.184056
0.167393 0.077514 0.184060
0.167565 0.077431 0.184065
0.167707 0.077376 0.183976
0.167849 0.077321 0.183886
0.168020 0.077238 0.183892
0.168162 0.077183 0.183802
0.168303 0.077128 0.183713
0.168474 0.077046 0.183719
0.168615 0.076990 0.183630
0.168785 0.076908 0.183636
0.168926 0.076853 0.183547
0.169068 0.076798 0.183458
0.169237 0.076717 0.183465
0.169378 0.076662 0.183376
0.169519 0.076607 0.183288
0.169687 0.076525 0.183295
0.169828 0.076471 0.183206
0.169995 0.076389 0.183213
0.170136 0.076335 0.183125
0.170303 0.076254 0.183133
0.170444 0.076199 0.183045
0.170610 0.076118 0.183053
0.170750 0.076064 0.182965
0.170916 0.075983 0.182973
0.171056 0.075929 0.182885
0.171221 0.075849 0.182894
0.171361 0.075794 0.182806
0.171501 0.075740 0.182718
0.171641 0.075685 0.182630
0.171781 0.075631 0.182542
0.171921 0.075576 0.182455
0.172061 0.075522 0.182367
0.172224 0.075442 0.182377
0.172364 0.075388 0.182289
0.172503 0.075333 0.182201
0.172666 0.075254 0.182212
0.172805 0.075200 0.182124
0.172945 0.075146 0.182036
0.173107 0.075067 0.182047
0.173246 0.075013 0.181960
0.173407 0.074934 0.181971
0.173546 0.074880 0.181884
0.173685 0.074826 0.181796
0.173846 0.074747 0.181808
0.174006 0.074669 0.181820
0.174144 0.074615 0.181733
0.174304 0.074537 0.181746
0.174442 0.074483 0.181659
0.174581 0.074429 0.181572
0.174719 0.074375 0.181485
0.174877 0.074298 0.181498
0.175016 0.074244 0.181411
0.175154 0.074190 0.181324
0.175311 0.074113 0.181338
0.175449 0.074059 0.181251
0.175587 0.074006 0.181165
0.175725 0.073952 0.181078
0.175864 0.073898 0.180991
0.176002 0.073844 0.180904
0.176140 0.073790 0.180818
0.176278 0.073737 0.180731
0.176416 0.073683 0.180644
0.176537 0.073652 0.180456
0.176675 0.073598 0.180369
0.176813 0.073544 0.180282
0.176935 0.073513 0.180093
0.177073 0.073459 0.180006
0.177195 0.073427 0.179817
0.177334 0.073373 0.179730
0.177473 0.073319 0.179643
0.177612 0.073265 0.179556
0.177735 0.073233 0.179366
0.177874 0.073179 0.179278
0.178013 0.073125 0.179191
0.178137 0.073093 0.179001
0.178276 0.073038 0.178913
0.178415 0.072984 0.178826
0.178540 0.072952 0.178635
0.178679 0.072897 0.178547
0.178818 0.072843 0.178460
0.178958 0.072789 0.178372
0.179097 0.072735 0.178285
0.179223 0.072702 0.178093
0.179375 0.072626 0.178110
0.179515 0.072572 0.178022
0.179654 0.072518 0.177935
0.179793 0.072464 0.177847
0.179933 0.072409 0.177760
0.180072 0.072355 0.177672
0.180211 0.072301 0.177585
0.180351 0.072247 0.177497
0.180490 0.072192 0.177410
0.180629 0.072138 0.177322
0.180769 0.072084 0.177235
0.180897 0.072050 0.177042
0.181037 0.071995 0.176954
0.181166 0.071961 0.176760
0.181305 0.071907 0.176673
0.181445 0.071852 0.176585
0.181575 0.071818 0.176391
0.181706 0.071783 0.176196
0.181836 0.071748 0.176001
0.181959 0.071732 0.175700
0.182090 0.071697 0.175504
0.182223 0.071661 0.175308
0.182355 0.071625 0.175113
0.182488 0.071589 0.174916
0.182622 0.071553 0.174720
0.182764 0.071498 0.174631
0.182898 0.071462 0.174434
0.183040 0.071407 0.174345
0.183174 0.071370 0.174148
0.183310 0.071333 0.173950
0.183588 0.071241 0.173663
0.159244 0.081288 0.183444
0.159552 0.081105 0.183701
0.159703 0.081046 0.183606
0.160348 0.080717 0.183765
0.160536 0.080628 0.183759
0.160724 0.080539 0.183754
0.160912 0.080451 0.183749
0.161099 0.080362 0.183744
0.161286 0.080274 0.183739
0.161509 0.080156 0.183825
0.161731 0.080038 0.183911
0.161952 0.079920 0.183997
0.162137 0.079833 0.183994
0.162357 0.079716 0.184081
0.162576 0.079599 0.184169
0.162758 0.079513 0.184167
0.162976 0.079397 0.184256
0.163158 0.079310 0.184254
0.163339 0.079224 0.184253
0.163486 0.079167 0.184161
0.163666 0.079081 0.184160
0.163847 0.078995 0.184160
0.163992 0.078938 0.184068
0.164172 0.078853 0.184068
0.164318 0.078796 0.183977
0.164497 0.078711 0.183977
0.164676 0.078625 0.183977
0.164854 0.078540 0.183978
0.164999 0.078484 0.183887
0.165209 0.078371 0.183980
0.165386 0.078286 0.183982
0.165563 0.078202 0.183983
0.165771 0.078089 0.184078
0.165979 0.077977 0.184173
0.166154 0.077893 0.184176
0.166297 0.077838 0.184086
0.166471 0.077754 0.184089
0.166645 0.077671 0.184093
0.166788 0.077615 0.184003
0.166961 0.077532 0.184007
0.167134 0.077449 0.184011
0.167277 0.077394 0.183922
0.167449 0.077311 0.183926
0.167591 0.077256 0.183837
0.167763 0.077173 0.183842
0.167905 0.077118 0.183752
0.168047 0.077062 0.183663
0.168218 0.076980 0.183669
0.168360 0.076925 0.183580
0.168501 0.076870 0.183491
0.168671 0.076788 0.183496
0.168841 0.076706 0.183503
0.168982 0.076651 0.183414
0.169124 0.076596 0.183325
0.169293 0.076515 0.183332
0.169434 0.076460 0.183243
0.169575 0.076405 0.183154
0.169743 0.076324 0.183162
0.169884 0.076269 0.183073
0.170051 0.076188 0.183081
0.170192 0.076133 0.182992
0.170359 0.076053 0.183000
0.170499 0.075998 0.182912
0.170666 0.075918 0.182920
0.170806 0.075863 0.182832
0.170971 0.075783 0.182841
0.171112 0.075728 0.182753
0.171252 0.075674 0.182665
0.171392 0.075619 0.182577
0.171532 0.075565 0.182489
0.171672 0.075510 0.182401
0.171836 0.075431 0.182410
0.171976 0.075376 0.182322
0.172116 0.075322 0.182235
0.172256 0.075267 0.182147
0.172419 0.075188 0.182157
0.172559 0.075134 0.182069
0.172698 0.075079 0.181981
0.172861 0.075001 0.181992
0.173000 0.074946 0.181905
0.173162 0.074868 0.181916
0.173301 0.074813 0.181828
0.173462 0.074735 0.181840
0.173601 0.074681 0.181752
0.173741 0.074627 0.181665
0.173901 0.074549 0.181677
0.174061 0.074471 0.181690
0.174199 0.074417 0.181602
0.174338 0.074363 0.181515
0.174497 0.074285 0.181528
0.174635 0.074231 0.181441
0.174794 0.074154 0.181454
0.174932 0.074100 0.181368
0.175070 0.074046 0.181281
0.175228 0.073969 0.181294
0.175366 0.073916 0.181208
0.175504 0.073862 0.181121
0.175642 0.073808 0.181034
0.175780 0.073754 0.180948
0.175918 0.073701 0.180861
0.176056 0.073647 0.180774
0.176194 0.073593 0.180687
0.176333 0.073539 0.180601
0.176471 0.073486 0.180514
0.176591 0.073454 0.180325
0.176730 0.073400 0.180238
0.176851 0.073369 0.180049
0.176990 0.073315 0.179962
0.177128 0.073261 0.179876
0.177250 0.073229 0.179686
0.177389 0.073175 0.179599
0.177528 0.073121 0.179512
0.177651 0.073089 0.179322
0.177790 0.073035 0.179234
0.177929 0.072981 0.179147
0.178053 0.072948 0.178957
0.178192 0.072894 0.178869
0.178331 0.072840 0.178782
0.178456 0.072807 0.178591
0.178595 0.072752 0.178503
0.178734 0.072698 0.178416
0.178860 0.072665 0.178224
0.178999 0.072611 0.178137
0.179139 0.072556 0.178049
0.179278 0.072502 0.177961
0.179418 0.072448 0.177874
0.179557 0.072393 0.177786
0.179697 0.072339 0.177699
0.179836 0.072285 0.177611
0.179976 0.072231 0.177523
0.180127 0.072156 0.177541
0.180267 0.072102 0.177453
0.180406 0.072047 0.177366
0.180545 0.071993 0.177278
0.180673 0.071959 0.177085
0.180813 0.071905 0.176998
0.180952 0.071850 0.176910
0.181092 0.071796 0.176822
0.181231 0.071742 0.176735
0.181361 0.071707 0.176541
0.181491 0.071672 0.176346
0.181621 0.071637 0.176152
0.181752 0.071602 0.175957
0.181874 0.071586 0.175655
0.182005 0.071550 0.175460
0.182137 0.071514 0.175264
0.182270 0.071478 0.175068
0.182403 0.071442 0.174872
0.182536 0.071406 0.174675
0.182678 0.071351 0.174586
0.182812 0.071314 0.174389
0.182954 0.071259 0.174300
0.183089 0.071222 0.174103
0.183231 0.071167 0.174014
0.159460 0.080948 0.183653
0.159612 0.080889 0.183558
0.159764 0.080830 0.183463
0.160219 0.080591 0.183628
0.160408 0.080502 0.183623
0.160596 0.080413 0.183617
0.160784 0.080325 0.183612
0.160971 0.080236 0.183607
0.161158 0.080148 0.183603
0.161382 0.080030 0.183688
0.161604 0.079913 0.183774
0.161826 0.079796 0.183860
0.162047 0.079679 0.183947
0.162267 0.079562 0.184035
0.162487 0.079446 0.184122
0.162670 0.079360 0.184120
0.162852 0.079273 0.184119
0.163070 0.079158 0.184208
0.163251 0.079072 0.184207
0.163432 0.078986 0.184206
0.163578 0.078929 0.184114
0.163759 0.078843 0.184114
0.163904 0.078787 0.184022
0.164084 0.078701 0.184022
0.164230 0.078644 0.183930
0.164409 0.078559 0.183931
0.164588 0.078474 0.183931
0.164766 0.078389 0.183932
0.164911 0.078333 0.183841
0.165122 0.078220 0.183934
0.165299 0.078136 0.183936
0.165476 0.078052 0.183938
0.165684 0.077940 0.184033
0.165860 0.077856 0.184035
0.166036 0.077772 0.184038
0.166179 0.077716 0.183948
0.166354 0.077633 0.183951
0.166528 0.077550 0.183954
0.166671 0.077494 0.183864
0.166845 0.077411 0.183868
0.166987 0.077355 0.183779
0.167160 0.077273 0.183783
0.167333 0.077190 0.183787
0.167505 0.077108 0.183792
0.167648 0.077052 0.183702
0.167790 0.076997 0.183613
0.167961 0.076915 0.183618
0.168103 0.076860 0.183529
0.168274 0.076778 0.183535
0.168416 0.076722 0.183446
0.168558 0.076667 0.183357
0.168728 0.076586 0.183363
0.168869 0.076531 0.183274
0.169038 0.076449 0.183280
0.169180 0.076394 0.183192
0.169349 0.076313 0.183198
0.169490 0.076258 0.183110
0.169658 0.076177 0.183117
0.169799 0.076122 0.183028
0.169940 0.076068 0.182940
0.170107 0.075987 0.182948
0.170248 0.075932 0.182859
0.170415 0.075852 0.182867
0.170555 0.075797 0.182779
0.170721 0.075717 0.182788
0.170862 0.075663 0.182700
0.171002 0.075608 0.182611
0.171167 0.075528 0.182620
0.171307 0.075474 0.182532
0.171447 0.075419 0.182444
0.171588 0.075365 0.182356
0.171728 0.075310 0.182268
0.171868 0.075255 0.182180
0.172008 0.075201 0.182092
0.172172 0.075122 0.182102
0.172311 0.075067 0.182015
0.172451 0.075013 0.181927
0.172614 0.074934 0.181937
0.172754 0.074880 0.181850
0.172916 0.074801 0.181861
0.173056 0.074747 0.181773
0.173217 0.074668 0.181784
0.173357 0.074614 0.181697
0.173517 0.074536 0.181709
0.173657 0.074482 0.181621
0.173817 0.074404 0.181633
0.173956 0.074350 0.181546
0.174116 0.074273 0.181559
0.174254 0.074219 0.181471
0.174413 0.074141 0.181484
0.174552 0.074087 0.181397
0.174710 0.074010 0.181411
0.174849 0.073956 0.181324
0.174987 0.073903 0.181237
0.175145 0.073826 0.181251
0.175283 0.073772 0.181164
0.175421 0.073718 0.181077
0.175559 0.073665 0.180991
0.175697 0.073611 0.180904
0.175835 0.073557 0.180817
0.175973 0.073503 0.180730
0.176111 0.073449 0.180644
0.176249 0.073396 0.180557
0.176387 0.073342 0.180470
0.176508 0.073310 0.180282
0.176646 0.073257 0.180195
0.176785 0.073203 0.180108
0.176906 0.073171 0.179919
0.177045 0.073117 0.179832
0.177183 0.073063 0.179745
0.177305 0.073031 0.179555
0.177444 0.072977 0.179468
0.177583 0.072923 0.179381
0.177706 0.072890 0.179191
0.177845 0.072836 0.179103
0.177984 0.072782 0.179016
0.178108 0.072749 0.178825
0.178247 0.072695 0.178738
0.178372 0.072662 0.178547
0.178511 0.072608 0.178459
0.178650 0.072553 0.178372
0.178776 0.072520 0.178180
0.178915 0.072466 0.178093
0.179055 0.072411 0.178005
0.179194 0.072357 0.177917
0.179334 0.072303 0.177830
0.179460 0.072269 0.177637
0.179600 0.072214 0.177550
0.179752 0.072140 0.177567
0.179892 0.072085 0.177479
0.180031 0.072031 0.177392
0.180171 0.071977 0.177304
0.180310 0.071922 0.177216
0.180450 0.071868 0.177129
0.180589 0.071814 0.177041
0.180729 0.071760 0.176953
0.180868 0.071705 0.176866
0.181008 0.071651 0.176778
0.181147 0.071597 0.176691
0.181277 0.071562 0.176496
0.181406 0.071526 0.176302
0.181536 0.071491 0.176108
0.181667 0.071456 0.175913
0.181798 0.071420 0.175718
0.181920 0.071403 0.175415
0.182052 0.071367 0.175219
0.182185 0.071331 0.175023
0.182318 0.071295 0.174827
0.182451 0.071258 0.174630
0.182593 0.071203 0.174541
0.182726 0.071166 0.174344
0.182861 0.071130 0.174147
0.183003 0.071074 0.174058
0.183145 0.071019 0.173969
0.159291 0.080851 0.183428
0.159520 0.080731 0.183510
0.159672 0.080672 0.183415
0.159862 0.080583 0.183409
0.160052 0.080494 0.183403
0.160279 0.080375 0.183486
0.160467 0.080287 0.183480
0.160656 0.080198 0.183475
0.160843 0.080110 0.183470
0.161031 0.080022 0.183466
0.161255 0.079904 0.183551
0.161478 0.079787 0.183637
0.161700 0.079671 0.183723
0.161921 0.079554 0.183810
0.162142 0.079438 0.183898
0.162362 0.079322 0.183986
0.162545 0.079236 0.183983
0.162764 0.079120 0.184072
0.162946 0.079034 0.184071
0.163163 0.078920 0.184161
0.163344 0.078834 0.184160
0.163490 0.078777 0.184068
0.163671 0.078692 0.184068
0.163816 0.078635 0.183976
0.163996 0.078550 0.183976
0.164142 0.078493 0.183884
0.164321 0.078408 0.183885
0.164500 0.078323 0.183885
0.164679 0.078239 0.183886
0.164857 0.078154 0.183887
0.165002 0.078098 0.183796
0.165179 0.078013 0.183798
0.165389 0.077902 0.183892
0.165533 0.077845 0.183802
0.165741 0.077734 0.183897
0.165917 0.077651 0.183900
0.166092 0.077567 0.183902
0.166236 0.077511 0.183812
0.166379 0.077456 0.183722
0.166554 0.077373 0.183726
0.166728 0.077290 0.183729
0.166901 0.077207 0.183733
0.167044 0.077151 0.183644
0.167217 0.077069 0.183648
0.167390 0.076987 0.183653
0.167562 0.076904 0.183658
0.167704 0.076849 0.183568
0.167876 0.076767 0.183573
0.168017 0.076712 0.183484
0.168159 0.076657 0.183395
0.168330 0.076575 0.183401
0.168472 0.076520 0.183312
0.168642 0.076438 0.183318
0.168784 0.076383 0.183229
0.168953 0.076302 0.183236
0.169095 0.076247 0.183147
0.169236 0.076192 0.183058
0.169405 0.076111 0.183065
0.169546 0.076056 0.182976
0.169714 0.075976 0.182984
0.169855 0.075921 0.182895
0.170022 0.075841 0.182903
0.170163 0.075786 0.182815
0.170330 0.075706 0.182823
0.170470 0.075651 0.182735
0.170611 0.075596 0.182646
0.170777 0.075517 0.182655
0.170917 0.075462 0.182567
0.171058 0.075407 0.182479
0.171198 0.075353 0.182391
0.171363 0.075273 0.182400
0.171503 0.075219 0.182312
0.171643 0.075164 0.182224
0.171783 0.075110 0.182136
0.171923 0.075055 0.182048
0.172063 0.075001 0.181960
0.172227 0.074922 0.181970
0.172367 0.074867 0.181882
0.172530 0.074789 0.181893
0.172670 0.074734 0.181805
0.172809 0.074680 0.181718
0.172971 0.074602 0.181729
0.173111 0.074547 0.181641
0.173272 0.074469 0.181653
0.173412 0.074415 0.181565
0.173573 0.074337 0.181577
0.173712 0.074283 0.181490
0.173872 0.074206 0.181502
0.174032 0.074128 0.181515
0.174171 0.074074 0.181428
0.174309 0.074020 0.181341
0.174468 0.073943 0.181354
0.174627 0.073866 0.181367
0.174765 0.073813 0.181280
0.174903 0.073759 0.181193
0.175061 0.073682 0.181207
0.175199 0.073628 0.181120
0.175337 0.073575 0.181034
0.175476 0.073521 0.180947
0.175614 0.073467 0.180860
0.175752 0.073413 0.180774
0.175890 0.073360 0.180687
0.176028 0.073306 0.180600
0.176166 0.073252 0.180513
0.176304 0.073198 0.180427
0.176425 0.073167 0.180238
0.176563 0.073113 0.180151
0.176701 0.073059 0.180064
0.176823 0.073027 0.179875
0.176961 0.072973 0.179788
0.177099 0.072919 0.179701
0.177238 0.072865 0.179614
0.177360 0.072832 0.179424
0.177499 0.072778 0.179337
0.177638 0.072724 0.179250
0.177761 0.072692 0.179059
0.177900 0.072638 0.178972
0.178024 0.072604 0.178781
0.178163 0.072550 0.178694
0.178287 0.072517 0.178503
0.178427 0.072463 0.178415
0.178566 0.072408 0.178328
0.178691 0.072375 0.178136
0.178831 0.072320 0.178048
0.178970 0.072266 0.177961
0.179097 0.072232 0.177769
0.179236 0.072178 0.177681
0.179376 0.072123 0.177593
0.179516 0.072069 0.177505
0.179655 0.072015 0.177418
0.179795 0.071960 0.177330
0.179935 0.071906 0.177242
0.180086 0.071832 0.177260
0.180226 0.071777 0.177172
0.180365 0.071723 0.177085
0.180505 0.071669 0.176997
0.180645 0.071614 0.176909
0.180773 0.071579 0.176716
0.180913 0.071525 0.176628
0.181053 0.071471 0.176540
0.181192 0.071416 0.176452
0.181322 0.071381 0.176258
0.181452 0.071345 0.176063
0.181582 0.071310 0.175868
0.181713 0.071274 0.175673
0.181835 0.071257 0.175370
0.181967 0.071221 0.175175
0.182099 0.071184 0.174979
0.182232 0.071148 0.174782
0.182365 0.071111 0.174586
0.182507 0.071056 0.174497
0.182641 0.071019 0.174300
0.182775 0.070982 0.174102
0.182917 0.070926 0.174013
0.183052 0.070889 0.173815
0.158968 0.080812 0.183299
0.159199 0.080692 0.183380
0.159351 0.080633 0.183285
0.159581 0.080514 0.183367
0.159771 0.080425 0.183361
0.159960 0.080337 0.183355
0.160150 0.080248 0.183349
0.160339 0.080160 0.183343
0.160527 0.080071 0.183338
0.160715 0.079983 0.183333
0.160903 0.079895 0.183328
0.161127 0.079778 0.183414
0.161314 0.079691 0.183410
0.161574 0.079545 0.183586
0.161795 0.079429 0.183673
0.162017 0.079313 0.183760
0.162237 0.079198 0.183848
0.162456 0.079082 0.183937
0.162675 0.078968 0.184026
0.162857 0.078882 0.184024
0.163074 0.078767 0.184114
0.163221 0.078710 0.184022
0.163402 0.078625 0.184022
0.163583 0.078540 0.184021
0.163728 0.078483 0.183930
0.163908 0.078398 0.183930
0.164054 0.078341 0.183838
0.164234 0.078257 0.183839
0.164413 0.078172 0.183839
0.164591 0.078088 0.183840
0.164770 0.078003 0.183842
0.164914 0.077947 0.183751
0.165092 0.077863 0.183752
0.165269 0.077779 0.183754
0.165446 0.077695 0.183756
0.165623 0.077612 0.183758
0.165798 0.077529 0.183761
0.165974 0.077445 0.183764
0.166118 0.077389 0.183674
0.166293 0.077306 0.183677
0.166467 0.077224 0.183680
0.166610 0.077168 0.183591
0.166784 0.077085 0.183594
0.166958 0.077003 0.183599
0.167131 0.076921 0.183603
0.167304 0.076838 0.183608
0.167446 0.076783 0.183518
0.167618 0.076701 0.183523
0.167760 0.076646 0.183434
0.167932 0.076564 0.183439
0.168074 0.076509 0.183350
0.168245 0.076428 0.183356
0.168386 0.076372 0.183267
0.168557 0.076291 0.183273
0.168698 0.076236 0.183184
0.168868 0.076155 0.183191
0.169009 0.076100 0.183102
0.169178 0.076019 0.183109
0.169319 0.075965 0.183021
0.169488 0.075884 0.183028
0.169629 0.075829 0.182939
0.169796 0.075749 0.182947
0.169937 0.075694 0.182859
0.170104 0.075614 0.182867
0.170245 0.075560 0.182779
0.170385 0.075505 0.182690
0.170552 0.075425 0.182699
0.170692 0.075371 0.182611
0.170832 0.075316 0.182523
0.170998 0.075237 0.182532
0.171138 0.075182 0.182444
0.171278 0.075128 0.182356
0.171418 0.075073 0.182268
0.171559 0.075018 0.182180
0.171699 0.074964 0.182092
0.171839 0.074909 0.182004
0.171979 0.074855 0.181916
0.172143 0.074776 0.181926
0.172282 0.074722 0.181838
0.172446 0.074643 0.181849
0.172585 0.074589 0.181761
0.172748 0.074511 0.181772
0.172887 0.074457 0.181685
0.173027 0.074402 0.181597
0.173188 0.074324 0.181609
0.173328 0.074270 0.181521
0.173489 0.074193 0.181533
0.173628 0.074139 0.181446
0.173788 0.074061 0.181458
0.173948 0.073984 0.181471
0.174087 0.073930 0.181384
0.174226 0.073876 0.181297
0.174385 0.073799 0.181310
0.174543 0.073723 0.181323
0.174682 0.073669 0.181236
0.174820 0.073615 0.181150
0.174978 0.073539 0.181164
0.175116 0.073485 0.181077
0.175254 0.073431 0.180990
0.175392 0.073377 0.180903
0.175530 0.073324 0.180817
0.175668 0.073270 0.180730
0.175806 0.073216 0.180643
0.175944 0.073162 0.180556
0.176083 0.073108 0.180470
0.176221 0.073055 0.180383
0.176341 0.073023 0.180194
0.176479 0.072969 0.180107
0.176618 0.072915 0.180020
0.176739 0.072883 0.179831
0.176877 0.072829 0.179744
0.177016 0.072775 0.179657
0.177154 0.072721 0.179570
0.177277 0.072688 0.179380
0.177415 0.072634 0.179293
0.177554 0.072580 0.179206
0.177677 0.072547 0.179016
0.177816 0.072493 0.178928
0.177940 0.072460 0.178737
0.178079 0.072406 0.178650
0.178203 0.072372 0.178459
0.178343 0.072318 0.178371
0.178468 0.072284 0.178180
0.178607 0.072230 0.178092
0.178747 0.072175 0.178004
0.178872 0.072141 0.177812
0.179012 0.072087 0.177724
0.179152 0.072032 0.177637
0.179292 0.071978 0.177549
0.179431 0.071924 0.177461
0.179571 0.071869 0.177373
0.179711 0.071815 0.177286
0.179850 0.071760 0.177198
0.179990 0.071706 0.177110
0.180130 0.071652 0.177022
0.180270 0.071597 0.176935
0.180409 0.071543 0.176847
0.180549 0.071489 0.176759
0.180689 0.071434 0.176671
0.180829 0.071380 0.176584
0.180968 0.071325 0.176496
0.181098 0.071290 0.176302
0.181227 0.071254 0.176107
0.181367 0.071200 0.176019
0.181498 0.071164 0.175824
0.181619 0.071146 0.175522
0.181750 0.071110 0.175326
0.181882 0.071074 0.175130
0.182014 0.071037 0.174934
0.182147 0.071000 0.174737
0.182271 0.070982 0.174433
0.182413 0.070926 0.174344
0.182547 0.070889 0.174147
0.182689 0.070834 0.174057
0.182823 0.070796 0.173860
0.158876 0.080653 0.183251
0.159068 0.080564 0.183244
0.159220 0.080505 0.183148
0.159411 0.080416 0.183141
0.159641 0.080297 0.183224
0.159831 0.080209 0.183218
0.160020 0.080120 0.183212
0.160210 0.080032 0.183206
0.160398 0.079944 0.183201
0.160587 0.079856 0.183196
0.160775 0.079768 0.183191
0.161000 0.079652 0.183277
0.161187 0.079564 0.183272
0.161410 0.079448 0.183359
0.161633 0.079332 0.183445
0.161854 0.079217 0.183533
0.162111 0.079073 0.183711
0.162331 0.078958 0.183800
0.162550 0.078843 0.183889
0.162733 0.078758 0.183887
0.162951 0.078644 0.183977
0.163132 0.078558 0.183976
0.163314 0.078473 0.183976
0.163494 0.078388 0.183975
0.163640 0.078331 0.183884
0.163821 0.078247 0.183884
0.163966 0.078190 0.183792
0.164146 0.078105 0.183793
0.164325 0.078021 0.183794
0.164504 0.077937 0.183795
0.164649 0.077880 0.183703
0.164827 0.077796 0.183705
0.165005 0.077713 0.183706
0.165182 0.077629 0.183708
0.165359 0.077545 0.183711
0.165503 0.077489 0.183620
0.165680 0.077406 0.183622
0.165856 0.077323 0.183625
0.165999 0.077267 0.183535
0.166175 0.077184 0.183538
0.166350 0.077101 0.183542
0.166524 0.077019 0.183545
0.166698 0.076936 0.183549
0.166841 0.076881 0.183459
0.167014 0.076799 0.183464
0.167188 0.076717 0.183468
0.167360 0.076635 0.183473
0.167503 0.076579 0.183384
0.167675 0.076498 0.183389
0.167846 0.076417 0.183395
0.167988 0.076361 0.183305
0.168159 0.076280 0.183311
0.168301 0.076225 0.183222
0.168471 0.076144 0.183229
0.168613 0.076089 0.183140
0.168783 0.076008 0.183146
0.168924 0.075953 0.183057
0.169093 0.075873 0.183065
0.169234 0.075818 0.182976
0.169403 0.075737 0.182983
0.169544 0.075683 0.182895
0.169712 0.075603 0.182903
0.169879 0.075523 0.182911
0.170020 0.075468 0.182822
0.170160 0.075413 0.182734
0.170327 0.075334 0.182743
0.170467 0.075279 0.182655
0.170633 0.075200 0.182664
0.170773 0.075145 0.182576
0.170913 0.075091 0.182488
0.171054 0.075036 0.182400
0.171194 0.074982 0.182312
0.171334 0.074927 0.182224
0.171474 0.074873 0.182136
0.171614 0.074818 0.182048
0.171754 0.074764 0.181960
0.171918 0.074685 0.181970
0.172058 0.074631 0.181882
0.172222 0.074552 0.181893
0.172361 0.074498 0.181805
0.172501 0.074444 0.181717
0.172664 0.074366 0.181728
0.172803 0.074311 0.181641
0.172965 0.074234 0.181652
0.173104 0.074180 0.181565
0.173266 0.074102 0.181577
0.173405 0.074048 0.181489
0.173544 0.073994 0.181402
0.173704 0.073917 0.181414
0.173864 0.073840 0.181427
0.174003 0.073786 0.181340
0.174142 0.073732 0.181253
0.174301 0.073655 0.181266
0.174440 0.073601 0.181179
0.174598 0.073525 0.181193
0.174737 0.073471 0.181106
0.174875 0.073417 0.181019
0.175013 0.073363 0.180932
0.175171 0.073287 0.180946
0.175309 0.073234 0.180860
0.175447 0.073180 0.180773
0.175585 0.073126 0.180686
0.175723 0.073072 0.180600
0.175861 0.073019 0.180513
0.175981 0.072987 0.180324
0.176119 0.072933 0.180237
0.176258 0.072879 0.180150
0.176396 0.072825 0.180064
0.176534 0.072771 0.179977
0.176655 0.072739 0.179787
0.176794 0.072685 0.179700
0.176932 0.072631 0.179613
0.177071 0.072577 0.179526
0.177193 0.072544 0.179336
0.177332 0.072490 0.179249
0.177470 0.072436 0.179162
0.177593 0.072403 0.178972
0.177732 0.072349 0.178884
0.177856 0.072315 0.178693
0.177995 0.072261 0.178606
0.178119 0.072227 0.178415
0.178259 0.072173 0.178327
0.178383 0.072139 0.178136
0.178523 0.072085 0.178048
0.178662 0.072030 0.177960
0.178788 0.071996 0.177768
0.178928 0.071942 0.177680
0.179068 0.071887 0.177593
0.179207 0.071833 0.177505
0.179334 0.071798 0.177312
0.179474 0.071744 0.177224
0.179614 0.071689 0.177136
0.179754 0.071635 0.177048
0.179906 0.071561 0.177066
0.180046 0.071506 0.176978
0.180185 0.071452 0.176891
0.180325 0.071398 0.176803
0.180465 0.071343 0.176715
0.180593 0.071308 0.176521
0.180733 0.071253 0.176433
0.180873 0.071199 0.176345
0.181013 0.071144 0.176257
0.181143 0.071108 0.176063
0.181273 0.071072 0.175868
0.181403 0.071036 0.175673
0.181524 0.071018 0.175370
0.181656 0.070982 0.175174
0.181787 0.070945 0.174978
0.181911 0.070926 0.174674
0.182043 0.070889 0.174477
0.182185 0.070834 0.174388
0.182319 0.070797 0.174191
0.182453 0.070759 0.173994
0.182595 0.070704 0.173904
0.182730 0.070666 0.173706
0.158745 0.080525 0.183114
0.158937 0.080436 0.183107
0.159128 0.080347 0.183100
0.159320 0.080258 0.183093
0.159549 0.080140 0.183176
0.159739 0.080051 0.183170
0.159929 0.079963 0.183164
0.160119 0.079875 0.183159
0.160307 0.079787 0.183153
0.160458 0.079728 0.183059
0.160684 0.079612 0.183144
0.160872 0.079524 0.183139
0.161059 0.079437 0.183135
0.161283 0.079321 0.183221
0.161506 0.079206 0.183308
0.161728 0.079091 0.183395
0.161950 0.078976 0.183483
0.162170 0.078861 0.183571
0.162426 0.078719 0.183751
0.162609 0.078633 0.183750
0.162827 0.078519 0.183840
0.163044 0.078406 0.183930
0.163190 0.078349 0.183838
0.163372 0.078264 0.183838
0.163552 0.078180 0.183838
0.163698 0.078123 0.183746
0.163878 0.078038 0.183746
0.164058 0.077954 0.183747
0.164237 0.077870 0.183748
0.164416 0.077786 0.183749
0.164561 0.077729 0.183658
0.164740 0.077646 0.183659
0.164917 0.077562 0.183661
0.165095 0.077479 0.183663
0.165272 0.077395 0.183665
0.165416 0.077339 0.183574
0.165593 0.077256 0.183577
0.165769 0.077173 0.183580
0.165913 0.077117 0.183489
0.166088 0.077035 0.183493
0.166263 0.076952 0.183496
0.166406 0.076896 0.183406
0.166581 0.076814 0.183410
0.166755 0.076732 0.183414
0.166928 0.076650 0.183419
0.167101 0.076568 0.183423
0.167274 0.076487 0.183428
0.167417 0.076431 0.183339
0.167589 0.076350 0.183344
0.167760 0.076269 0.183350
0.167902 0.076214 0.183261
0.168074 0.076133 0.183266
0.168215 0.076077 0.183177
0.168386 0.075997 0.183184
0.168556 0.075916 0.183190
0.168697 0.075861 0.183102
0.168867 0.075781 0.183109
0.169008 0.075726 0.183020
0.169177 0.075646 0.183027
0.169318 0.075591 0.182939
0.169486 0.075511 0.182947
0.169654 0.075431 0.182955
0.169794 0.075377 0.182866
0.169961 0.075297 0.182875
0.170102 0.075243 0.182787
0.170242 0.075188 0.182698
0.170408 0.075109 0.182707
0.170549 0.075054 0.182619
0.170689 0.075000 0.182531
0.170829 0.074945 0.182443
0.170994 0.074866 0.182453
0.171134 0.074812 0.182365
0.171274 0.074757 0.182277
0.171414 0.074703 0.182189
0.171554 0.074649 0.182101
0.171694 0.074594 0.182013
0.171834 0.074540 0.181926
0.171997 0.074462 0.181936
0.172137 0.074407 0.181848
0.172277 0.074353 0.181761
0.172440 0.074275 0.181772
0.172579 0.074221 0.181684
0.172742 0.074143 0.181696
0.172881 0.074089 0.181608
0.173020 0.074035 0.181521
0.173182 0.073957 0.181533
0.173321 0.073903 0.181445
0.173482 0.073826 0.181458
0.173621 0.073772 0.181370
0.173781 0.073696 0.181383
0.173919 0.073642 0.181296
0.174058 0.073588 0.181209
0.174218 0.073511 0.181222
0.174356 0.073457 0.181135
0.174515 0.073381 0.181149
0.174653 0.073327 0.181062
0.174791 0.073273 0.180975
0.174930 0.073220 0.180888
0.175068 0.073166 0.180802
0.175206 0.073112 0.180715
0.175345 0.073058 0.180628
0.175483 0.073004 0.180541
0.175621 0.072950 0.180454
0.175759 0.072897 0.180367
0.175898 0.072843 0.180280
0.176036 0.072789 0.180194
0.176174 0.072735 0.180107
0.176295 0.072702 0.179918
0.176433 0.072648 0.179831
0.176572 0.072595 0.179744
0.176710 0.072541 0.179657
0.176849 0.072487 0.179570
0.176987 0.072433 0.179483
0.177109 0.072400 0.179293
0.177248 0.072346 0.179205
0.177387 0.072292 0.179118
0.177510 0.072258 0.178928
0.177648 0.072204 0.178840
0.177772 0.072170 0.178649
0.177911 0.072116 0.178562
0.178035 0.072082 0.178371
0.178175 0.072028 0.178283
0.178299 0.071994 0.178091
0.178439 0.071939 0.178004
0.178564 0.071905 0.177812
0.178704 0.071851 0.177724
0.178844 0.071796 0.177636
0.178970 0.071761 0.177443
0.179110 0.071707 0.177356
0.179250 0.071652 0.177268
0.179390 0.071598 0.177180
0.179529 0.071544 0.177092
0.179669 0.071489 0.177004
0.179809 0.071435 0.176916
0.179949 0.071380 0.176828
0.180089 0.071326 0.176740
0.180229 0.071271 0.176653
0.180369 0.071217 0.176565
0.180509 0.071162 0.176477
0.180638 0.071126 0.176282
0.180778 0.071072 0.176194
0.180918 0.071017 0.176106
0.181058 0.070963 0.176018
0.181178 0.070945 0.175716
0.181308 0.070908 0.175521
0.181439 0.070872 0.175325
0.181561 0.070853 0.175022
0.181693 0.070816 0.174826
0.181816 0.070797 0.174522
0.181949 0.070759 0.174325
0.182082 0.070722 0.174127
0.182224 0.070666 0.174038
0.182367 0.070611 0.173949
0.182501 0.070573 0.173751
0.158613 0.080395 0.182977
0.158805 0.080306 0.182970
0.158997 0.080218 0.182963
0.159228 0.080100 0.183045
0.159419 0.080011 0.183039
0.159648 0.079894 0.183122
0.159838 0.079806 0.183116
0.159989 0.079747 0.183021
0.160216 0.079630 0.183106
0.160367 0.079572 0.183011
0.160556 0.079484 0.183006
0.160744 0.079397 0.183002
0.160931 0.079310 0.182997
0.161156 0.079194 0.183084
0.161379 0.079079 0.183170
0.161602 0.078964 0.183258
0.161787 0.078878 0.183255
0.162045 0.078736 0.183434
0.162265 0.078622 0.183523
0.162484 0.078508 0.183612
0.162703 0.078395 0.183702
0.162920 0.078282 0.183792
0.163102 0.078197 0.183792
0.163283 0.078112 0.183792
0.163430 0.078056 0.183700
0.163610 0.077971 0.183700
0.163790 0.077887 0.183700
0.163970 0.077803 0.183701
0.164116 0.077746 0.183609
0.164295 0.077662 0.183610
0.164474 0.077579 0.183612
0.164652 0.077495 0.183613
0.164830 0.077412 0.183615
0.165008 0.077328 0.183617
0.165185 0.077245 0.183619
0.165329 0.077189 0.183529
0.165506 0.077106 0.183531
0.165682 0.077024 0.183534
0.165826 0.076968 0.183444
0.166001 0.076885 0.183447
0.166176 0.076803 0.183451
0.166320 0.076747 0.183361
0.166494 0.076665 0.183365
0.166668 0.076583 0.183369
0.166842 0.076502 0.183373
0.167015 0.076420 0.183378
0.167188 0.076339 0.183383
0.167361 0.076257 0.183388
0.167533 0.076176 0.183394
0.167675 0.076121 0.183305
0.167846 0.076040 0.183311
0.167988 0.075985 0.183222
0.168159 0.075905 0.183228
0.168329 0.075824 0.183234
0.168471 0.075769 0.183146
0.168612 0.075714 0.183057
0.168782 0.075634 0.183064
0.168951 0.075554 0.183071
0.169092 0.075499 0.182983
0.169260 0.075419 0.182990
0.169428 0.075340 0.182998
0.169569 0.075285 0.182910
0.169736 0.075206 0.182918
0.169877 0.075151 0.182830
0.170044 0.075072 0.182839
0.170184 0.075018 0.182751
0.170324 0.074963 0.182663
0.170490 0.074884 0.182672
0.170630 0.074830 0.182584
0.170770 0.074775 0.182497
0.170910 0.074721 0.182409
0.171075 0.074643 0.182419
0.171215 0.074588 0.182331
0.171354 0.074534 0.182243
0.171494 0.074479 0.182155
0.171634 0.074425 0.182067
0.171773 0.074371 0.181980
0.171913 0.074316 0.181892
0.172053 0.074262 0.181804
0.172216 0.074184 0.181815
0.172356 0.074130 0.181728
0.172518 0.074052 0.181739
0.172658 0.073998 0.181652
0.172797 0.073944 0.181564
0.172959 0.073867 0.181576
0.173098 0.073813 0.181489
0.173237 0.073759 0.181401
0.173398 0.073682 0.181414
0.173537 0.073628 0.181327
0.173697 0.073551 0.181339
0.173836 0.073497 0.181252
0.173974 0.073443 0.181165
0.174134 0.073367 0.181179
0.174272 0.073313 0.181092
0.174411 0.073259 0.181005
0.174549 0.073205 0.180918
0.174688 0.073151 0.180831
0.174826 0.073098 0.180744
0.174965 0.073044 0.180657
0.175103 0.072990 0.180570
0.175242 0.072936 0.180483
0.175380 0.072882 0.180396
0.175519 0.072828 0.180309
0.175657 0.072774 0.180222
0.175796 0.072720 0.180135
0.175934 0.072666 0.180048
0.176073 0.072612 0.179961
0.176211 0.072558 0.179874
0.176350 0.072504 0.179787
0.176471 0.072471 0.179597
0.176610 0.072417 0.179510
0.176748 0.072363 0.179423
0.176887 0.072309 0.179336
0.177026 0.072255 0.179249
0.177148 0.072222 0.179058
0.177287 0.072168 0.178971
0.177426 0.072114 0.178884
0.177549 0.072080 0.178693
0.177688 0.072026 0.178606
0.177827 0.071972 0.178518
0.177951 0.071937 0.178327
0.178090 0.071883 0.178239
0.178215 0.071849 0.178047
0.178355 0.071794 0.177960
0.178480 0.071760 0.177768
0.178620 0.071705 0.177680
0.178759 0.071651 0.177592
0.178885 0.071616 0.177399
0.179025 0.071561 0.177311
0.179165 0.071507 0.177223
0.179292 0.071472 0.177030
0.179432 0.071417 0.176942
0.179572 0.071363 0.176854
0.179712 0.071308 0.176766
0.179853 0.071253 0.176678
0.179993 0.071199 0.176590
0.180133 0.071144 0.176502
0.180273 0.071090 0.176414
0.180413 0.071035 0.176326
0.180553 0.070981 0.176238
0.180693 0.070926 0.176150
0.180823 0.070890 0.175955
0.180963 0.070835 0.175867
0.181093 0.070799 0.175672
0.181213 0.070780 0.175369
0.181334 0.070761 0.175066
0.181466 0.070724 0.174870
0.181598 0.070687 0.174673
0.181721 0.070667 0.174369
0.181854 0.070629 0.174172
0.181987 0.070591 0.173975
0.182121 0.070553 0.173777
0.182264 0.070498 0.173687
0.158014 0.080503 0.182679
0.158208 0.080414 0.182671
0.158481 0.080266 0.182840
0.158673 0.080177 0.182833
0.158905 0.080059 0.182915
0.159136 0.079942 0.182997
0.159327 0.079853 0.182991
0.159518 0.079765 0.182985
0.159747 0.079649 0.183069
0.159898 0.079590 0.182974
0.160087 0.079502 0.182968
0.160276 0.079415 0.182963
0.160465 0.079328 0.182959
0.160653 0.079240 0.182954
0.160841 0.079154 0.182950
0.161028 0.079067 0.182946
0.161215 0.078980 0.182942
0.161438 0.078866 0.183029
0.161697 0.078723 0.183208
0.161846 0.078665 0.183114
0.162140 0.078496 0.183385
0.162359 0.078383 0.183474
0.162578 0.078270 0.183564
0.162797 0.078157 0.183655
0.162979 0.078072 0.183654
0.163160 0.077988 0.183654
0.163341 0.077904 0.183654
0.163522 0.077819 0.183654
0.163668 0.077763 0.183562
0.163848 0.077679 0.183563
0.164028 0.077595 0.183564
0.164207 0.077511 0.183565
0.164386 0.077428 0.183566
0.164565 0.077344 0.183567
0.164743 0.077261 0.183569
0.164921 0.077178 0.183571
0.165098 0.077095 0.183574
0.165275 0.077013 0.183576
0.165451 0.076930 0.183579
0.165595 0.076874 0.183489
0.165739 0.076818 0.183399
0.165946 0.076710 0.183496
0.166090 0.076654 0.183406
0.166265 0.076572 0.183409
0.166439 0.076490 0.183414
0.166613 0.076409 0.183418
0.166756 0.076353 0.183328
0.166960 0.076246 0.183428
0.167102 0.076191 0.183338
0.167275 0.076110 0.183344
0.167447 0.076029 0.183349
0.167589 0.075973 0.183260
0.167761 0.075893 0.183266
0.167932 0.075812 0.183272
0.168073 0.075757 0.183183
0.168244 0.075677 0.183190
0.168385 0.075622 0.183101
0.168555 0.075542 0.183108
0.168696 0.075487 0.183019
0.168866 0.075407 0.183027
0.169007 0.075353 0.182938
0.169175 0.075273 0.182946
0.169344 0.075194 0.182954
0.169511 0.075115 0.182962
0.169652 0.075060 0.182874
0.169819 0.074981 0.182883
0.169959 0.074926 0.182795
0.170126 0.074848 0.182804
0.170266 0.074793 0.182716
0.170432 0.074715 0.182725
0.170571 0.074660 0.182638
0.170711 0.074606 0.182550
0.170851 0.074552 0.182462
0.170991 0.074497 0.182374
0.171130 0.074443 0.182287
0.171270 0.074388 0.182199
0.171410 0.074334 0.182111
0.171549 0.074280 0.182023
0.171689 0.074225 0.181936
0.171853 0.074148 0.181946
0.171992 0.074093 0.181859
0.172156 0.074016 0.181870
0.172295 0.073962 0.181783
0.172434 0.073908 0.181695
0.172596 0.073831 0.181707
0.172736 0.073776 0.181619
0.172875 0.073722 0.181532
0.173036 0.073646 0.181544
0.173175 0.073591 0.181457
0.173314 0.073537 0.181370
0.173453 0.073483 0.181283
0.173613 0.073407 0.181296
0.173752 0.073353 0.181208
0.173891 0.073299 0.181121
0.174029 0.073245 0.181034
0.174189 0.073169 0.181048
0.174327 0.073115 0.180961
0.174466 0.073061 0.180874
0.174604 0.073007 0.180787
0.174743 0.072953 0.180700
0.174881 0.072900 0.180613
0.175020 0.072846 0.180526
0.175158 0.072792 0.180439
0.175278 0.072759 0.180250
0.175416 0.072705 0.180163
0.175555 0.072651 0.180076
0.175694 0.072597 0.179989
0.175832 0.072543 0.179902
0.175971 0.072489 0.179815
0.176110 0.072435 0.179728
0.176248 0.072381 0.179640
0.176370 0.072348 0.179451
0.176509 0.072294 0.179363
0.176647 0.072240 0.179276
0.176786 0.072186 0.179189
0.176925 0.072131 0.179102
0.177064 0.072077 0.179014
0.177203 0.072023 0.178927
0.177326 0.071989 0.178736
0.177465 0.071935 0.178649
0.177604 0.071881 0.178562
0.177728 0.071847 0.178370
0.177867 0.071792 0.178283
0.178006 0.071738 0.178195
0.178131 0.071704 0.178003
0.178270 0.071649 0.177916
0.178395 0.071614 0.177723
0.178535 0.071560 0.177636
0.178661 0.071525 0.177443
0.178801 0.071470 0.177355
0.178941 0.071416 0.177267
0.179067 0.071380 0.177074
0.179207 0.071326 0.176986
0.179348 0.071271 0.176898
0.179488 0.071217 0.176810
0.179628 0.071162 0.176722
0.179768 0.071108 0.176634
0.179908 0.071053 0.176546
0.180048 0.070999 0.176458
0.180188 0.070944 0.176370
0.180328 0.070889 0.176282
0.180457 0.070853 0.176087
0.180598 0.070798 0.175999
0.180738 0.070744 0.175911
0.180868 0.070707 0.175716
0.180998 0.070670 0.175520
0.181128 0.070633 0.175325
0.181249 0.070614 0.175021
0.181370 0.070594 0.174718
0.181493 0.070574 0.174413
0.181625 0.070537 0.174216
0.181749 0.070516 0.173911
0.181892 0.070460 0.173821
0.182026 0.070422 0.173624
0.182169 0.070366 0.173534
0.157921 0.080343 0.182630
0.158115 0.080254 0.182622
0.158348 0.080136 0.182703
0.158581 0.080018 0.182785
0.158774 0.079929 0.182778
0.159005 0.079812 0.182860
0.159236 0.079695 0.182943
0.159426 0.079608 0.182937
0.159655 0.079491 0.183021
0.159807 0.079432 0.182926
0.159996 0.079345 0.182921
0.160185 0.079258 0.182916
0.160336 0.079199 0.182821
0.160525 0.079112 0.182816
0.160713 0.079025 0.182812
0.160900 0.078939 0.182808
0.161088 0.078852 0.182804
0.161311 0.078738 0.182892
0.161534 0.078624 0.182979
0.161756 0.078511 0.183067
0.162014 0.078370 0.183247
0.162234 0.078257 0.183337
0.162454 0.078144 0.183426
0.162672 0.078032 0.183517
0.162890 0.077920 0.183608
0.163037 0.077863 0.183516
0.163218 0.077779 0.183516
0.163399 0.077695 0.183516
0.163580 0.077611 0.183516
0.163760 0.077527 0.183517
0.163940 0.077444 0.183518
0.164120 0.077360 0.183519
0.164299 0.077277 0.183520
0.164477 0.077194 0.183522
0.164656 0.077111 0.183524
0.164867 0.077001 0.183619
0.165044 0.076919 0.183621
0.165221 0.076837 0.183624
0.165365 0.076781 0.183534
0.165541 0.076698 0.183537
0.165684 0.076642 0.183447
0.165860 0.076561 0.183450
0.166003 0.076505 0.183360
0.166178 0.076423 0.183364
0.166353 0.076342 0.183368
0.166527 0.076260 0.183373
0.166670 0.076205 0.183283
0.166874 0.076098 0.183383
0.167016 0.076043 0.183293
0.167189 0.075962 0.183299
0.167361 0.075881 0.183304
0.167503 0.075826 0.183215
0.167675 0.075745 0.183221
0.167846 0.075665 0.183227
0.167988 0.075610 0.183138
0.168159 0.075530 0.183145
0.168300 0.075475 0.183056
0.168470 0.075395 0.183063
0.168611 0.075340 0.182975
0.168781 0.075261 0.182982
0.168950 0.075181 0.182990
0.169118 0.075102 0.182998
0.169286 0.075023 0.183006
0.169427 0.074969 0.182918
0.169594 0.074890 0.182927
0.169761 0.074811 0.182935
0.169901 0.074757 0.182847
0.170068 0.074678 0.182857
0.170208 0.074624 0.182769
0.170347 0.074569 0.182681
0.170513 0.074491 0.182691
0.170653 0.074437 0.182603
0.170792 0.074383 0.182516
0.170932 0.074328 0.182428
0.171071 0.074274 0.182340
0.171211 0.074220 0.182253
0.171350 0.074165 0.182165
0.171490 0.074111 0.182078
0.171629 0.074057 0.181990
0.171769 0.074003 0.181902
0.171932 0.073925 0.181914
0.172071 0.073871 0.181826
0.172211 0.073817 0.181739
0.172373 0.073740 0.181750
0.172513 0.073686 0.181663
0.172652 0.073632 0.181575
0.172813 0.073555 0.181588
0.172952 0.073501 0.181500
0.173091 0.073447 0.181413
0.173230 0.073393 0.181326
0.173369 0.073339 0.181239
0.173530 0.073263 0.181252
0.173668 0.073209 0.181165
0.173807 0.073155 0.181077
0.173946 0.073101 0.180990
0.174084 0.073047 0.180903
0.174244 0.072971 0.180917
0.174382 0.072917 0.180830
0.174500 0.072885 0.180642
0.174639 0.072831 0.180555
0.174778 0.072777 0.180468
0.174917 0.072723 0.180381
0.175055 0.072669 0.180294
0.175175 0.072636 0.180105
0.175314 0.072582 0.180017
0.175452 0.072528 0.179930
0.175591 0.072474 0.179843
0.175730 0.072420 0.179756
0.175851 0.072386 0.179566
0.175990 0.072332 0.179479
0.176129 0.072278 0.179391
0.176268 0.072224 0.179304
0.176407 0.072170 0.179217
0.176546 0.072115 0.179129
0.176686 0.072061 0.179042
0.176825 0.072007 0.178954
0.176964 0.071953 0.178867
0.177103 0.071899 0.178780
0.177242 0.071845 0.178692
0.177381 0.071790 0.178605
0.177504 0.071756 0.178414
0.177644 0.071702 0.178326
0.177783 0.071648 0.178239
0.177907 0.071613 0.178047
0.178047 0.071558 0.177959
0.178171 0.071523 0.177767
0.178311 0.071469 0.177679
0.178437 0.071434 0.177487
0.178576 0.071379 0.177399
0.178716 0.071325 0.177311
0.178843 0.071289 0.177118
0.178983 0.071235 0.177030
0.179123 0.071180 0.176942
0.179263 0.071126 0.176854
0.179403 0.071071 0.176766
0.179531 0.071035 0.176572
0.179671 0.070980 0.176484
0.179811 0.070926 0.176395
0.179952 0.070871 0.176307
0.180092 0.070816 0.176219
0.180232 0.070762 0.176131
0.180361 0.070725 0.175936
0.180502 0.070670 0.175848
0.180642 0.070616 0.175760
0.180772 0.070579 0.175564
0.180902 0.070542 0.175369
0.181033 0.070504 0.175173
0.181153 0.070485 0.174869
0.181285 0.070447 0.174673
0.181407 0.070426 0.174368
0.181540 0.070388 0.174171
0.181663 0.070367 0.173866
0.181806 0.070312 0.173776
0.181940 0.070273 0.173578
0.157511 0.080359 0.182324
0.157828 0.080183 0.182581
0.158022 0.080094 0.182573
0.158256 0.079976 0.182655
0.158449 0.079888 0.182647
0.158682 0.079771 0.182729
0.158913 0.079654 0.182812
0.159105 0.079566 0.182806
0.159335 0.079450 0.182889
0.159525 0.079362 0.182883
0.159715 0.079275 0.182878
0.159905 0.079188 0.182873
0.160094 0.079101 0.182868
0.160245 0.079042 0.182773
0.160434 0.078956 0.182769
0.160622 0.078869 0.182765
0.160772 0.078810 0.182670
0.160960 0.078724 0.182666
0.161184 0.078610 0.182753
0.161407 0.078497 0.182841
0.161667 0.078356 0.183020
0.161888 0.078243 0.183109
0.162109 0.078131 0.183199
0.162365 0.077991 0.183380
0.162548 0.077906 0.183379
0.162766 0.077795 0.183470
0.162948 0.077711 0.183469
0.163130 0.077627 0.183469
0.163311 0.077543 0.183470
0.163492 0.077459 0.183470
0.163672 0.077376 0.183471
0.163852 0.077292 0.183472
0.164032 0.077209 0.183473
0.164211 0.077126 0.183474
0.164424 0.077017 0.183569
0.164602 0.076934 0.183571
0.164780 0.076851 0.183573
0.164957 0.076769 0.183576
0.165134 0.076687 0.183579
0.165310 0.076605 0.183582
0.165454 0.076549 0.183492
0.165598 0.076493 0.183401
0.165773 0.076411 0.183405
0.165949 0.076330 0.183409
0.166124 0.076248 0.183413
0.166267 0.076193 0.183323
0.166441 0.076112 0.183328
0.166615 0.076031 0.183333
0.166788 0.075950 0.183338
0.166930 0.075894 0.183248
0.167103 0.075814 0.183254
0.167276 0.075733 0.183259
0.167448 0.075653 0.183265
0.167590 0.075598 0.183176
0.167761 0.075518 0.183183
0.167902 0.075463 0.183094
0.168073 0.075383 0.183100
0.168215 0.075328 0.183012
0.168385 0.075248 0.183019
0.168555 0.075169 0.183026
0.168696 0.075114 0.182938
0.168865 0.075035 0.182945
0.169033 0.074956 0.182953
0.169202 0.074877 0.182962
0.169370 0.074799 0.182970
0.169510 0.074744 0.182882
0.169704 0.074642 0.182988
0.169844 0.074587 0.182900
0.169984 0.074533 0.182813
0.170150 0.074455 0.182822
0.170289 0.074401 0.182735
0.170455 0.074323 0.182744
0.170594 0.074269 0.182657
0.170734 0.074214 0.182569
0.170873 0.074160 0.182482
0.171012 0.074106 0.182394
0.171152 0.074052 0.182307
0.171266 0.074020 0.182121
0.171405 0.073966 0.182033
0.171569 0.073889 0.182044
0.171709 0.073835 0.181957
0.171848 0.073780 0.181869
0.172011 0.073704 0.181881
0.172150 0.073649 0.181794
0.172290 0.073595 0.181706
0.172452 0.073519 0.181718
0.172591 0.073465 0.181631
0.172730 0.073411 0.181544
0.172891 0.073334 0.181556
0.173030 0.073280 0.181469
0.173169 0.073226 0.181382
0.173307 0.073172 0.181295
0.173446 0.073118 0.181208
0.173585 0.073064 0.181121
0.173723 0.073010 0.181034
0.173862 0.072956 0.180947
0.174001 0.072903 0.180859
0.174139 0.072849 0.180772
0.174278 0.072795 0.180685
0.174417 0.072741 0.180598
0.174555 0.072687 0.180511
0.174674 0.072654 0.180322
0.174813 0.072600 0.180235
0.174952 0.072545 0.180148
0.175072 0.072512 0.179959
0.175211 0.072458 0.179871
0.175350 0.072404 0.179784
0.175470 0.072370 0.179595
0.175609 0.072316 0.179507
0.175749 0.072262 0.179420
0.175888 0.072208 0.179332
0.176027 0.072153 0.179245
0.176167 0.072099 0.179157
0.176306 0.072045 0.179070
0.176445 0.071991 0.178982
0.176584 0.071936 0.178895
0.176724 0.071882 0.178807
0.176863 0.071828 0.178720
0.177002 0.071774 0.178632
0.177142 0.071720 0.178545
0.177281 0.071665 0.178457
0.177420 0.071611 0.178370
0.177560 0.071557 0.178282
0.177683 0.071522 0.178090
0.177823 0.071468 0.178003
0.177947 0.071432 0.177811
0.178087 0.071378 0.177723
0.178212 0.071343 0.177530
0.178352 0.071288 0.177442
0.178478 0.071253 0.177249
0.178618 0.071198 0.177161
0.178758 0.071143 0.177073
0.178898 0.071089 0.176985
0.179025 0.071053 0.176792
0.179165 0.070998 0.176704
0.179306 0.070944 0.176615
0.179446 0.070889 0.176527
0.179586 0.070834 0.176439
0.179714 0.070798 0.176245
0.179855 0.070743 0.176157
0.179995 0.070688 0.176068
0.180136 0.070634 0.175980
0.180265 0.070597 0.175785
0.180405 0.070542 0.175697
0.180546 0.070487 0.175608
0.180676 0.070450 0.175413
0.180817 0.070395 0.175324
0.180947 0.070358 0.175128
0.181068 0.070337 0.174825
0.181199 0.070299 0.174628
0.181321 0.070279 0.174324
0.181454 0.070240 0.174126
0.181577 0.070219 0.173821
0.181710 0.070180 0.173623
0.181844 0.070141 0.173425
0.157418 0.080198 0.182275
0.157654 0.080080 0.182356
0.157889 0.079963 0.182436
0.158123 0.079846 0.182517
0.158317 0.079757 0.182510
0.158550 0.079640 0.182592
0.158821 0.079496 0.182764
0.159013 0.079408 0.182758
0.159243 0.079292 0.182841
0.159434 0.079205 0.182836
0.159624 0.079118 0.182830
0.159814 0.079031 0.182825
0.160003 0.078944 0.182820
0.160154 0.078885 0.182726
0.160343 0.078799 0.182721
0.160493 0.078740 0.182627
0.160682 0.078654 0.182623
0.160869 0.078568 0.182619
0.161057 0.078482 0.182615
0.161280 0.078369 0.182703
0.161540 0.078229 0.182882
0.161689 0.078171 0.182789
0.161983 0.078004 0.183061
0.162204 0.077892 0.183150
0.162423 0.077780 0.183241
0.162642 0.077669 0.183332
0.162824 0.077585 0.183331
0.163042 0.077475 0.183423
0.163223 0.077391 0.183423
0.163404 0.077307 0.183424
0.163584 0.077224 0.183425
0.163765 0.077141 0.183426
0.163944 0.077058 0.183427
0.164158 0.076949 0.183521
0.164336 0.076866 0.183523
0.164515 0.076784 0.183525
0.164693 0.076701 0.183528
0.164870 0.076619 0.183530
0.165047 0.076537 0.183533
0.165224 0.076456 0.183536
0.165400 0.076374 0.183540
0.165543 0.076318 0.183450
0.165687 0.076262 0.183360
0.165862 0.076181 0.183364
0.166037 0.076100 0.183368
0.166180 0.076044 0.183278
0.166355 0.075963 0.183283
0.166529 0.075882 0.183288
0.166702 0.075802 0.183293
0.166845 0.075746 0.183203
0.167048 0.075641 0.183304
0.167190 0.075586 0.183214
0.167362 0.075506 0.183221
0.167504 0.075450 0.183131
0.167676 0.075371 0.183138
0.167847 0.075291 0.183145
0.167988 0.075236 0.183056
0.168158 0.075157 0.183063
0.168300 0.075102 0.182974
0.168469 0.075022 0.182982
0.168610 0.074968 0.182893
0.168780 0.074889 0.182901
0.168949 0.074810 0.182909
0.169117 0.074731 0.182917
0.169285 0.074653 0.182926
0.169453 0.074575 0.182935
0.169620 0.074496 0.182944
0.169787 0.074418 0.182953
0.169926 0.074364 0.182866
0.170092 0.074286 0.182875
0.170232 0.074232 0.182788
0.170371 0.074178 0.182700
0.170510 0.074124 0.182613
0.170650 0.074069 0.182525
0.170789 0.074015 0.182438
0.170928 0.073961 0.182350
0.171068 0.073907 0.182263
0.171207 0.073852 0.182175
0.171346 0.073798 0.182088
0.171485 0.073744 0.182000
0.171625 0.073690 0.181913
0.171788 0.073613 0.181924
0.171927 0.073559 0.181837
0.172066 0.073505 0.181750
0.172229 0.073428 0.181762
0.172368 0.073374 0.181674
0.172507 0.073320 0.181587
0.172646 0.073266 0.181500
0.172808 0.073190 0.181512
0.172946 0.073136 0.181425
0.173085 0.073082 0.181338
0.173224 0.073028 0.181251
0.173362 0.072974 0.181164
0.173501 0.072920 0.181077
0.173640 0.072866 0.180990
0.173778 0.072812 0.180903
0.173917 0.072758 0.180816
0.174056 0.072704 0.180728
0.174194 0.072650 0.180641
0.174313 0.072617 0.180453
0.174451 0.072563 0.180366
0.174570 0.072530 0.180177
0.174709 0.072476 0.180090
0.174848 0.072422 0.180002
0.174968 0.072388 0.179813
0.175107 0.072334 0.179726
0.175247 0.072280 0.179638
0.175367 0.072246 0.179448
0.175507 0.072192 0.179361
0.175646 0.072137 0.179273
0.175786 0.072083 0.179185
0.175925 0.072029 0.179098
0.176065 0.071974 0.179010
0.176204 0.071920 0.178922
0.176361 0.071846 0.178938
0.176500 0.071792 0.178851
0.176640 0.071737 0.178763
0.176779 0.071683 0.178676
0.176918 0.071629 0.178588
0.177058 0.071575 0.178501
0.177197 0.071520 0.178413
0.177320 0.071485 0.178221
0.177460 0.071431 0.178134
0.177599 0.071377 0.178046
0.177723 0.071342 0.177854
0.177863 0.071287 0.177766
0.177988 0.071252 0.177574
0.178128 0.071197 0.177486
0.178253 0.071161 0.177293
0.178393 0.071107 0.177205
0.178533 0.071052 0.177117
0.178660 0.071016 0.176924
0.178800 0.070962 0.176836
0.178940 0.070907 0.176747
0.179081 0.070852 0.176659
0.179208 0.070816 0.176465
0.179348 0.070761 0.176377
0.179489 0.070706 0.176289
0.179629 0.070652 0.176200
0.179758 0.070615 0.176006
0.179898 0.070560 0.175917
0.180039 0.070505 0.175829
0.180168 0.070468 0.175634
0.180309 0.070413 0.175545
0.180450 0.070358 0.175457
0.180580 0.070321 0.175261
0.180721 0.070266 0.175172
0.180851 0.070228 0.174976
0.180982 0.070190 0.174780
0.181103 0.070169 0.174476
0.181235 0.070131 0.174279
0.181368 0.070092 0.174081
0.181491 0.070070 0.173776
0.181624 0.070031 0.173578
0.157046 0.080184 0.182058
0.157325 0.080037 0.182227
0.157520 0.079949 0.182218
0.157756 0.079831 0.182299
0.157990 0.079714 0.182380
0.158224 0.079598 0.182461
0.158457 0.079481 0.182544
0.158690 0.079365 0.182626
0.158921 0.079250 0.182709
0.159152 0.079134 0.182793
0.159343 0.079047 0.182788
0.159533 0.078961 0.182782
0.159723 0.078874 0.182777
0.159874 0.078815 0.182683
0.160063 0.078729 0.182678
0.160252 0.078642 0.182674
0.160403 0.078584 0.182579
0.160591 0.078498 0.182575
0.160779 0.078412 0.182571
0.160929 0.078353 0.182477
0.161153 0.078240 0.182565
0.161377 0.078128 0.182653
0.161599 0.078016 0.182742
0.161857 0.077877 0.182922
0.162078 0.077765 0.183012
0.162334 0.077627 0.183194
0.162517 0.077543 0.183194
0.162736 0.077433 0.183285
0.162953 0.077322 0.183377
0.163135 0.077239 0.183377
0.163316 0.077156 0.183378
0.163497 0.077073 0.183379
0.163677 0.076990 0.183380
0.163891 0.076881 0.183474
0.164070 0.076798 0.183475
0.164249 0.076716 0.183477
0.164461 0.076608 0.183573
0.164639 0.076526 0.183575
0.164816 0.076444 0.183578
0.164960 0.076388 0.183488
0.165137 0.076306 0.183491
0.165313 0.076225 0.183494
0.165457 0.076169 0.183404
0.165633 0.076088 0.183408
0.165776 0.076032 0.183318
0.165951 0.075951 0.183323
0.166094 0.075895 0.183233
0.166268 0.075815 0.183237
0.166443 0.075734 0.183242
0.166616 0.075654 0.183248
0.166759 0.075598 0.183158
0.166962 0.075493 0.183259
0.167104 0.075438 0.183170
0.167277 0.075358 0.183176
0.167418 0.075303 0.183087
0.167590 0.075223 0.183093
0.167761 0.075144 0.183100
0.167903 0.075089 0.183011
0.168073 0.075010 0.183018
0.168214 0.074955 0.182930
0.168384 0.074876 0.182937
0.168525 0.074821 0.182849
0.168695 0.074742 0.182856
0.168864 0.074664 0.182865
0.169032 0.074585 0.182873
0.169200 0.074507 0.182882
0.169368 0.074429 0.182891
0.169536 0.074351 0.182900
0.169702 0.074273 0.182909
0.169869 0.074196 0.182919
0.170008 0.074141 0.182831
0.170148 0.074087 0.182744
0.170287 0.074033 0.182656
0.170426 0.073979 0.182569
0.170592 0.073902 0.182579
0.170731 0.073847 0.182492
0.170870 0.073793 0.182405
0.171009 0.073739 0.182317
0.171148 0.073685 0.182230
0.171262 0.073653 0.182044
0.171401 0.073599 0.181956
0.171565 0.073523 0.181968
0.171704 0.073468 0.181880
0.171843 0.073414 0.181793
0.171983 0.073360 0.181706
0.172145 0.073284 0.181718
0.172284 0.073230 0.181630
0.172423 0.073176 0.181543
0.172562 0.073122 0.181456
0.172724 0.073046 0.181469
0.172862 0.072992 0.181382
0.173001 0.072938 0.181294
0.173140 0.072884 0.181207
0.173256 0.072851 0.181020
0.173395 0.072797 0.180933
0.173534 0.072743 0.180845
0.173673 0.072689 0.180758
0.173812 0.072635 0.180671
0.173951 0.072581 0.180584
0.174090 0.072527 0.180496
0.174208 0.072494 0.180308
0.174347 0.072439 0.180220
0.174486 0.072385 0.180133
0.174605 0.072352 0.179944
0.174745 0.072297 0.179856
0.174864 0.072264 0.179667
0.175004 0.072209 0.179579
0.175143 0.072155 0.179492
0.175264 0.072121 0.179302
0.175404 0.072067 0.179214
0.175543 0.072012 0.179126
0.175683 0.071958 0.179039
0.175823 0.071903 0.178951
0.175962 0.071849 0.178863
0.176120 0.071775 0.178878
0.176259 0.071721 0.178791
0.176399 0.071666 0.178703
0.176539 0.071612 0.178616
0.176678 0.071558 0.178528
0.176818 0.071503 0.178440
0.176957 0.071449 0.178353
0.177097 0.071395 0.178265
0.177236 0.071340 0.178177
0.177360 0.071305 0.177985
0.177499 0.071251 0.177898
0.177639 0.071196 0.177810
0.177763 0.071161 0.177618
0.177903 0.071106 0.177530
0.178028 0.071070 0.177337
0.178169 0.071016 0.177249
0.178294 0.070979 0.177056
0.178435 0.070925 0.176967
0.178575 0.070870 0.176879
0.178701 0.070834 0.176686
0.178842 0.070779 0.176597
0.178982 0.070724 0.176509
0.179110 0.070688 0.176315
0.179250 0.070633 0.176226
0.179391 0.070578 0.176138
0.179532 0.070523 0.176050
0.179660 0.070486 0.175855
0.179801 0.070431 0.175766
0.179942 0.070376 0.175678
0.180083 0.070321 0.175589
0.180212 0.070284 0.175394
0.180354 0.070229 0.175305
0.180495 0.070174 0.175216
0.180625 0.070136 0.175020
0.180755 0.070098 0.174824
0.180886 0.070060 0.174627
0.181018 0.070021 0.174431
0.181150 0.069983 0.174234
0.181282 0.069944 0.174036
0.181405 0.069922 0.173731
0.156953 0.080023 0.182009
0.157190 0.079905 0.182089
0.157427 0.079788 0.182169
0.157622 0.079699 0.182161
0.157857 0.079583 0.182242
0.158092 0.079467 0.182324
0.158325 0.079351 0.182406
0.158558 0.079235 0.182489
0.158790 0.079120 0.182572
0.159021 0.079005 0.182656
0.159251 0.078890 0.182740
0.159442 0.078803 0.182735
0.159632 0.078717 0.182730
0.159783 0.078658 0.182635
0.159972 0.078572 0.182630
0.160123 0.078513 0.182536
0.160312 0.078427 0.182531
0.160462 0.078368 0.182437
0.160650 0.078283 0.182433
0.160838 0.078197 0.182430
0.161063 0.078085 0.182517
0.161286 0.077972 0.182606
0.161509 0.077861 0.182695
0.161731 0.077749 0.182784
0.161989 0.077611 0.182965
0.162209 0.077501 0.183056
0.162429 0.077390 0.183147
0.162612 0.077306 0.183147
0.162865 0.077170 0.183331
0.163047 0.077087 0.183331
0.163228 0.077004 0.183332
0.163444 0.076895 0.183425
0.163624 0.076812 0.183426
0.163804 0.076730 0.183428
0.163983 0.076647 0.183430
0.164196 0.076539 0.183525
0.164374 0.076458 0.183527
0.164552 0.076376 0.183530
0.164730 0.076294 0.183533
0.164874 0.076238 0.183442
0.165050 0.076157 0.183446
0.165227 0.076076 0.183449
0.165370 0.076020 0.183359
0.165546 0.075939 0.183363
0.165689 0.075883 0.183273
0.165865 0.075802 0.183277
0.166008 0.075747 0.183188
0.166182 0.075666 0.183192
0.166357 0.075586 0.183197
0.166530 0.075506 0.183203
0.166673 0.075450 0.183113
0.166846 0.075370 0.183119
0.167019 0.075290 0.183125
0.167191 0.075211 0.183131
0.167333 0.075156 0.183042
0.167505 0.075076 0.183048
0.167676 0.074997 0.183055
0.167817 0.074942 0.182966
0.167988 0.074863 0.182974
0.168129 0.074808 0.182885
0.168299 0.074729 0.182893
0.168440 0.074674 0.182804
0.168610 0.074596 0.182812
0.168779 0.074518 0.182820
0.168948 0.074439 0.182829
0.169116 0.074361 0.182837
0.169284 0.074283 0.182846
0.169451 0.074206 0.182856
0.169618 0.074128 0.182865
0.169785 0.074051 0.182875
0.169924 0.073997 0.182787
0.170064 0.073942 0.182700
0.170229 0.073865 0.182710
0.170368 0.073811 0.182623
0.170508 0.073757 0.182535
0.170647 0.073703 0.182448
0.170786 0.073649 0.182361
0.170925 0.073594 0.182273
0.171064 0.073540 0.182186
0.171203 0.073486 0.182099
0.171342 0.073432 0.182011
0.171481 0.073378 0.181924
0.171620 0.073324 0.181836
0.171759 0.073270 0.181749
0.171899 0.073215 0.181662
0.172038 0.073161 0.181574
0.172200 0.073085 0.181587
0.172339 0.073031 0.181499
0.172478 0.072977 0.181412
0.172617 0.072923 0.181325
0.172756 0.072869 0.181238
0.172895 0.072815 0.181150
0.173034 0.072761 0.181063
0.173173 0.072707 0.180976
0.173312 0.072653 0.180889
0.173450 0.072599 0.180801
0.173589 0.072545 0.180714
0.173707 0.072511 0.180526
0.173846 0.072457 0.180439
0.173985 0.072403 0.180351
0.174124 0.072349 0.180264
0.174243 0.072315 0.180075
0.174382 0.072261 0.179987
0.174501 0.072227 0.179798
0.174641 0.072173 0.179711
0.174760 0.072139 0.179521
0.174900 0.072084 0.179433
0.175040 0.072030 0.179345
0.175180 0.071976 0.179258
0.175300 0.071941 0.179067
0.175440 0.071887 0.178979
0.175580 0.071832 0.178892
0.175738 0.071758 0.178907
0.175878 0.071704 0.178819
0.176018 0.071649 0.178731
0.176158 0.071595 0.178643
0.176297 0.071540 0.178556
0.176437 0.071486 0.178468
0.176577 0.071432 0.178380
0.176716 0.071377 0.178292
0.176856 0.071323 0.178205
0.176996 0.071268 0.178117
0.177136 0.071214 0.178029
0.177275 0.071160 0.177941
0.177415 0.071105 0.177854
0.177539 0.071069 0.177661
0.177664 0.071034 0.177469
0.177804 0.070979 0.177381
0.177929 0.070943 0.177188
0.178069 0.070888 0.177099
0.178209 0.070834 0.177011
0.178335 0.070797 0.176818
0.178476 0.070742 0.176729
0.178616 0.070688 0.176641
0.178743 0.070651 0.176447
0.178884 0.070596 0.176359
0.179011 0.070559 0.176164
0.179152 0.070504 0.176076
0.179293 0.070449 0.175987
0.179434 0.070394 0.175899
0.179563 0.070357 0.175704
0.179704 0.070302 0.175615
0.179845 0.070247 0.175526
0.179986 0.070192 0.175438
0.180115 0.070154 0.175242
0.180257 0.070099 0.175153
0.180398 0.070044 0.175064
0.180540 0.069989 0.174976
0.180670 0.069951 0.174779
0.180801 0.069912 0.174583
0.180932 0.069874 0.174386
0.181064 0.069835 0.174189
0.181196 0.069796 0.173991
0.156620 0.079978 0.181881
0.156818 0.079889 0.181872
0.157055 0.079772 0.181951
0.157293 0.079655 0.182032
0.157488 0.079567 0.182023
0.157764 0.079423 0.182194
0.157999 0.079307 0.182275
0.158233 0.079191 0.182358
0.158466 0.079076 0.182440
0.158698 0.078961 0.182524
0.158929 0.078847 0.182608
0.159160 0.078732 0.182692
0.159350 0.078646 0.182687
0.159540 0.078560 0.182682
0.159691 0.078501 0.182587
0.159881 0.078415 0.182583
0.160032 0.078356 0.182488
0.160221 0.078270 0.182484
0.160371 0.078212 0.182389
0.160560 0.078126 0.182386
0.160748 0.078041 0.182382
0.160935 0.077956 0.182379
0.161159 0.077844 0.182467
0.161383 0.077732 0.182556
0.161605 0.077621 0.182645
0.161863 0.077484 0.182827
0.162084 0.077374 0.182918
0.162340 0.077237 0.183101
0.162559 0.077127 0.183192
0.162777 0.077018 0.183284
0.162959 0.076935 0.183285
0.163140 0.076852 0.183286
0.163356 0.076744 0.183379
0.163536 0.076661 0.183380
0.163716 0.076579 0.183382
0.163895 0.076497 0.183384
0.164109 0.076389 0.183479
0.164287 0.076308 0.183481
0.164465 0.076226 0.183484
0.164643 0.076145 0.183487
0.164787 0.076089 0.183397
0.164964 0.076007 0.183400
0.165140 0.075926 0.183404
0.165284 0.075871 0.183314
0.165427 0.075815 0.183224
0.165603 0.075734 0.183228
0.165778 0.075653 0.183232
0.165921 0.075598 0.183142
0.166096 0.075518 0.183147
0.166270 0.075437 0.183152
0.166444 0.075357 0.183158
0.166587 0.075302 0.183068
0.166760 0.075222 0.183074
0.166933 0.075143 0.183080
0.167106 0.075063 0.183086
0.167247 0.075008 0.182997
0.167419 0.074929 0.183004
0.167591 0.074850 0.183010
0.167732 0.074795 0.182922
0.167903 0.074716 0.182929
0.168044 0.074661 0.182840
0.168214 0.074583 0.182848
0.168355 0.074528 0.182759
0.168525 0.074449 0.182767
0.168694 0.074371 0.182776
0.168863 0.074293 0.182784
0.169031 0.074216 0.182793
0.169199 0.074138 0.182802
0.169367 0.074060 0.182811
0.169534 0.073983 0.182821
0.169701 0.073906 0.182831
0.169840 0.073852 0.182743
0.170006 0.073775 0.182754
0.170145 0.073721 0.182666
0.170285 0.073666 0.182579
0.170424 0.073612 0.182491
0.170563 0.073558 0.182404
0.170702 0.073504 0.182317
0.170841 0.073450 0.182229
0.170980 0.073396 0.182142
0.171119 0.073341 0.182055
0.171258 0.073287 0.181967
0.171397 0.073233 0.181880
0.171536 0.073179 0.181792
0.171676 0.073125 0.181705
0.171815 0.073071 0.181618
0.171954 0.073017 0.181530
0.172117 0.072941 0.181543
0.172255 0.072887 0.181455
0.172394 0.072833 0.181368
0.172533 0.072779 0.181281
0.172672 0.072725 0.181194
0.172811 0.072671 0.181106
0.172950 0.072616 0.181019
0.173089 0.072562 0.180932
0.173206 0.072529 0.180744
0.173345 0.072475 0.180657
0.173484 0.072421 0.180569
0.173623 0.072367 0.180482
0.173762 0.072313 0.180395
0.173901 0.072258 0.180307
0.174019 0.072225 0.180118
0.174159 0.072170 0.180031
0.174277 0.072136 0.179842
0.174417 0.072082 0.179754
0.174536 0.072048 0.179564
0.174676 0.071993 0.179477
0.174796 0.071959 0.179287
0.174936 0.071904 0.179199
0.175076 0.071850 0.179111
0.175216 0.071796 0.179023
0.175356 0.071741 0.178935
0.175496 0.071687 0.178847
0.175636 0.071632 0.178759
0.175776 0.071578 0.178672
0.175916 0.071523 0.178584
0.176055 0.071469 0.178496
0.176213 0.071395 0.178511
0.176353 0.071341 0.178424
0.176492 0.071286 0.178336
0.176632 0.071232 0.178248
0.176772 0.071178 0.178160
0.176912 0.071123 0.178073
0.177051 0.071069 0.177985
0.177175 0.071033 0.177793
0.177315 0.070978 0.177705
0.177439 0.070942 0.177512
0.177579 0.070888 0.177424
0.177704 0.070851 0.177231
0.177844 0.070797 0.177143
0.177970 0.070760 0.176950
0.178110 0.070706 0.176862
0.178236 0.070669 0.176668
0.178377 0.070614 0.176579
0.178503 0.070577 0.176385
0.178644 0.070522 0.176297
0.178785 0.070467 0.176208
0.178913 0.070430 0.176014
0.179054 0.070375 0.175925
0.179195 0.070320 0.175836
0.179336 0.070265 0.175748
0.179465 0.070227 0.175552
0.179606 0.070172 0.175464
0.179747 0.070117 0.175375
0.179889 0.070062 0.175286
0.180030 0.070007 0.175197
0.180171 0.069952 0.175109
0.180301 0.069914 0.174912
0.180443 0.069859 0.174823
0.180573 0.069820 0.174627
0.180704 0.069781 0.174430
0.180846 0.069726 0.174341
0.180978 0.069687 0.174144
0.181110 0.069648 0.173946
0.156526 0.079816 0.181832
0.156724 0.079728 0.181823
0.156962 0.079611 0.181902
0.157158 0.079523 0.181894
0.157395 0.079406 0.181975
0.157590 0.079318 0.181967
0.157866 0.079175 0.182138
0.158100 0.079060 0.182220
0.158374 0.078917 0.182392
0.158606 0.078803 0.182476
0.158838 0.078689 0.182560
0.159068 0.078575 0.182644
0.159259 0.078489 0.182639
0.159449 0.078403 0.182634
0.159600 0.078344 0.182539
0.159790 0.078258 0.182535
0.159941 0.078199 0.182440
0.160130 0.078114 0.182436
0.160280 0.078055 0.182342
0.160469 0.077970 0.182338
0.160619 0.077911 0.182244
0.160845 0.077800 0.182332
0.161032 0.077715 0.182329
0.161256 0.077604 0.182418
0.161515 0.077467 0.182598
0.161774 0.077330 0.182780
0.161995 0.077220 0.182871
0.162251 0.077084 0.183054
0.162470 0.076975 0.183146
0.162724 0.076840 0.183330
0.162870 0.076783 0.183239
0.163087 0.076675 0.183332
0.163268 0.076592 0.183333
0.163448 0.076510 0.183334
0.163628 0.076428 0.183336
0.163843 0.076321 0.183431
0.164022 0.076239 0.183433
0.164200 0.076157 0.183436
0.164378 0.076076 0.183439
0.164556 0.075995 0.183442
0.164733 0.075914 0.183445
0.164877 0.075858 0.183355
0.165054 0.075777 0.183358
0.165197 0.075721 0.183268
0.165341 0.075666 0.183178
0.165517 0.075585 0.183183
0.165660 0.075529 0.183093
0.165835 0.075449 0.183097
0.166010 0.075369 0.183102
0.166184 0.075289 0.183107
0.166327 0.075234 0.183018
0.166501 0.075154 0.183023
0.166674 0.075074 0.183029
0.166847 0.074995 0.183035
0.167020 0.074916 0.183041
0.167162 0.074861 0.182952
0.167334 0.074782 0.182959
0.167475 0.074727 0.182870
0.167647 0.074648 0.182877
0.167788 0.074593 0.182788
0.167959 0.074514 0.182796
0.168100 0.074459 0.182707
0.168270 0.074381 0.182715
0.168411 0.074326 0.182626
0.168581 0.074248 0.182635
0.168750 0.074170 0.182643
0.168947 0.074070 0.182749
0.169115 0.073992 0.182758
0.169283 0.073915 0.182767
0.169450 0.073838 0.182777
0.169617 0.073761 0.182787
0.169756 0.073707 0.182699
0.169922 0.073630 0.182710
0.170061 0.073576 0.182622
0.170201 0.073522 0.182535
0.170340 0.073468 0.182447
0.170479 0.073413 0.182360
0.170618 0.073359 0.182273
0.170757 0.073305 0.182185
0.170896 0.073251 0.182098
0.171035 0.073197 0.182011
0.171174 0.073143 0.181923
0.171313 0.073088 0.181836
0.171452 0.073034 0.181749
0.171592 0.072980 0.181661
0.171731 0.072926 0.181574
0.171870 0.072872 0.181486
0.172009 0.072818 0.181399
0.172148 0.072764 0.181312
0.172287 0.072709 0.181224
0.172426 0.072655 0.181137
0.172565 0.072601 0.181050
0.172704 0.072547 0.180962
0.172843 0.072493 0.180875
0.172983 0.072439 0.180787
0.173122 0.072384 0.180700
0.173261 0.072330 0.180613
0.173400 0.072276 0.180525
0.173539 0.072222 0.180438
0.173657 0.072188 0.180249
0.173796 0.072134 0.180162
0.173935 0.072080 0.180074
0.174054 0.072046 0.179885
0.174193 0.071991 0.179798
0.174312 0.071957 0.179608
0.174452 0.071902 0.179520
0.174592 0.071848 0.179433
0.174712 0.071813 0.179243
0.174852 0.071759 0.179155
0.174992 0.071704 0.179067
0.175112 0.071669 0.178876
0.175252 0.071615 0.178788
0.175393 0.071560 0.178700
0.175533 0.071506 0.178612
0.175691 0.071432 0.178627
0.175831 0.071378 0.178539
0.175971 0.071323 0.178452
0.176111 0.071269 0.178364
0.176251 0.071214 0.178276
0.176391 0.071160 0.178188
0.176531 0.071105 0.178100
0.176671 0.071051 0.178012
0.176811 0.070996 0.177924
0.176950 0.070942 0.177836
0.177074 0.070906 0.177644
0.177214 0.070851 0.177556
0.177354 0.070797 0.177468
0.177479 0.070760 0.177275
0.177619 0.070705 0.177187
0.177744 0.070669 0.176994
0.177870 0.070632 0.176800
0.178010 0.070577 0.176712
0.178136 0.070540 0.176518
0.178277 0.070485 0.176429
0.178418 0.070430 0.176341
0.178545 0.070393 0.176146
0.178686 0.070338 0.176058
0.178828 0.070283 0.175969
0.178955 0.070245 0.175774
0.179097 0.070190 0.175685
0.179238 0.070135 0.175597
0.179379 0.070080 0.175508
0.179508 0.070042 0.175312
0.179650 0.069987 0.175223
0.179791 0.069932 0.175134
0.179921 0.069893 0.174938
0.180063 0.069838 0.174849
0.180204 0.069783 0.174760
0.180346 0.069728 0.174671
0.180477 0.069689 0.174474
0.180619 0.069634 0.174385
0.180750 0.069594 0.174188
0.180892 0.069539 0.174099
0.156391 0.079682 0.181694
0.156588 0.079594 0.181685
0.156827 0.079477 0.181765
0.157023 0.079389 0.181756
0.157261 0.079273 0.181837
0.157497 0.079158 0.181918
0.157773 0.079015 0.182089
0.158008 0.078900 0.182171
0.158281 0.078759 0.182344
0.158514 0.078645 0.182428
0.158746 0.078531 0.182512
0.158977 0.078417 0.182596
0.159168 0.078331 0.182591
0.159358 0.078246 0.182587
0.159509 0.078187 0.182492
0.159699 0.078101 0.182487
0.159850 0.078043 0.182393
0.160039 0.077957 0.182389
0.160190 0.077899 0.182294
0.160378 0.077813 0.182290
0.160529 0.077755 0.182196
0.160716 0.077670 0.182193
0.160941 0.077559 0.182281
0.161165 0.077448 0.182370
0.161426 0.077312 0.182551
0.161574 0.077254 0.182458
0.161906 0.077066 0.182824
0.162162 0.076931 0.183008
0.162418 0.076796 0.183192
0.162636 0.076688 0.183284
0.162818 0.076606 0.183285
0.162999 0.076523 0.183286
0.163180 0.076441 0.183287
0.163361 0.076359 0.183288
0.163576 0.076252 0.183383
0.163755 0.076170 0.183385
0.163934 0.076089 0.183388
0.164113 0.076007 0.183390
0.164291 0.075926 0.183393
0.164469 0.075845 0.183396
0.164647 0.075765 0.183400
0.164790 0.075709 0.183309
0.164967 0.075628 0.183313
0.165111 0.075572 0.183223
0.165254 0.075516 0.183133
0.165430 0.075436 0.183137
0.165573 0.075380 0.183047
0.165749 0.075300 0.183052
0.165892 0.075245 0.182962
0.166067 0.075165 0.182967
0.166241 0.075085 0.182973
0.166415 0.075006 0.182978
0.166589 0.074926 0.182984
0.166762 0.074847 0.182990
0.166904 0.074792 0.182901
0.167076 0.074713 0.182907
0.167218 0.074658 0.182818
0.167390 0.074579 0.182825
0.167561 0.074501 0.182832
0.167703 0.074446 0.182744
0.167844 0.074391 0.182655
0.168015 0.074313 0.182662
0.168156 0.074258 0.182574
0.168326 0.074180 0.182582
0.168467 0.074125 0.182493
0.168665 0.074024 0.182599
0.168834 0.073947 0.182607
0.169002 0.073869 0.182616
0.169170 0.073792 0.182626
0.169338 0.073715 0.182635
0.169505 0.073639 0.182645
0.169672 0.073562 0.182655
0.169811 0.073508 0.182568
0.169978 0.073431 0.182578
0.170117 0.073377 0.182491
0.170256 0.073323 0.182403
0.170395 0.073269 0.182316
0.170534 0.073215 0.182229
0.170673 0.073160 0.182141
0.170812 0.073106 0.182054
0.170951 0.073052 0.181967
0.171090 0.072998 0.181879
0.171229 0.072944 0.181792
0.171369 0.072890 0.181705
0.171508 0.072835 0.181617
0.171647 0.072781 0.181530
0.171786 0.072727 0.181442
0.171925 0.072673 0.181355
0.172064 0.072619 0.181268
0.172203 0.072565 0.181180
0.172342 0.072511 0.181093
0.172481 0.072456 0.181006
0.172620 0.072402 0.180918
0.172760 0.072348 0.180831
0.172899 0.072294 0.180743
0.173038 0.072240 0.180656
0.173155 0.072206 0.180468
0.173294 0.072152 0.180380
0.173433 0.072098 0.180293
0.173573 0.072043 0.180205
0.173712 0.071989 0.180118
0.173830 0.071955 0.179929
0.173970 0.071900 0.179841
0.174109 0.071846 0.179754
0.174228 0.071812 0.179564
0.174368 0.071757 0.179476
0.174507 0.071703 0.179388
0.174627 0.071668 0.179198
0.174767 0.071613 0.179110
0.174907 0.071559 0.179023
0.175047 0.071504 0.178935
0.175168 0.071469 0.178744
0.175308 0.071415 0.178656
0.175448 0.071360 0.178568
0.175588 0.071305 0.178480
0.175747 0.071232 0.178495
0.175887 0.071178 0.178407
0.176027 0.071123 0.178319
0.176166 0.071069 0.178232
0.176306 0.071014 0.178144
0.176446 0.070960 0.178056
0.176586 0.070905 0.177968
0.176709 0.070869 0.177776
0.176849 0.070814 0.177688
0.176990 0.070760 0.177600
0.177113 0.070723 0.177407
0.177254 0.070669 0.177319
0.177378 0.070632 0.177126
0.177519 0.070577 0.177038
0.177644 0.070540 0.176844
0.177785 0.070486 0.176756
0.177910 0.070448 0.176562
0.178051 0.070393 0.176473
0.178178 0.070356 0.176279
0.178319 0.070301 0.176190
0.178446 0.070263 0.175996
0.178587 0.070208 0.175907
0.178729 0.070153 0.175818
0.178856 0.070115 0.175623
0.178998 0.070060 0.175534
0.179126 0.070022 0.175339
0.179268 0.069967 0.175250
0.179410 0.069911 0.175161
0.179552 0.069856 0.175072
0.179681 0.069818 0.174875
0.179823 0.069762 0.174786
0.179965 0.069707 0.174697
0.180107 0.069652 0.174608
0.180249 0.069596 0.174519
0.180380 0.069557 0.174322
0.180522 0.069502 0.174232
0.180653 0.069463 0.174035
0.180796 0.069407 0.173946
0.156296 0.079520 0.181645
0.156494 0.079432 0.181635
0.156733 0.079316 0.181715
0.156888 0.079255 0.181618
0.157126 0.079140 0.181699
0.157404 0.078997 0.181869
0.157640 0.078883 0.181951
0.157915 0.078741 0.182123
0.158189 0.078600 0.182296
0.158422 0.078486 0.182379
0.158654 0.078373 0.182464
0.158886 0.078260 0.182548
0.159077 0.078174 0.182543
0.159228 0.078115 0.182448
0.159418 0.078030 0.182444
0.159608 0.077944 0.182440
0.159759 0.077886 0.182345
0.159948 0.077801 0.182341
0.160137 0.077716 0.182337
0.160287 0.077657 0.182243
0.160476 0.077572 0.182240
0.160663 0.077488 0.182237
0.160888 0.077377 0.182325
0.161113 0.077267 0.182415
0.161373 0.077131 0.182596
0.161521 0.077073 0.182503
0.161817 0.076913 0.182777
0.162110 0.076752 0.183053
0.162366 0.076619 0.183238
0.162548 0.076536 0.183238
0.162730 0.076454 0.183239
0.162947 0.076346 0.183332
0.163092 0.076290 0.183241
0.163308 0.076183 0.183335
0.163488 0.076101 0.183337
0.163668 0.076020 0.183340
0.163847 0.075939 0.183342
0.164026 0.075857 0.183345
0.164205 0.075777 0.183348
0.164349 0.075720 0.183257
0.164526 0.075640 0.183260
0.164704 0.075559 0.183264
0.164881 0.075479 0.183268
0.165024 0.075423 0.183178
0.165168 0.075367 0.183088
0.165311 0.075311 0.182998
0.165487 0.075231 0.183002
0.165662 0.075152 0.183007
0.165805 0.075096 0.182917
0.165980 0.075016 0.182922
0.166155 0.074937 0.182928
0.166329 0.074858 0.182933
0.166471 0.074802 0.182844
0.166676 0.074700 0.182945
0.166818 0.074644 0.182856
0.166991 0.074566 0.182863
0.167132 0.074511 0.182774
0.167304 0.074432 0.182780
0.167446 0.074377 0.182692
0.167617 0.074299 0.182699
0.167759 0.074244 0.182610
0.167900 0.074189 0.182521
0.168071 0.074111 0.182529
0.168212 0.074056 0.182440
0.168382 0.073978 0.182449
0.168552 0.073901 0.182457
0.168721 0.073823 0.182466
0.168890 0.073746 0.182475
0.169058 0.073669 0.182484
0.169254 0.073570 0.182591
0.169393 0.073516 0.182503
0.169561 0.073439 0.182513
0.169727 0.073363 0.182524
0.169867 0.073308 0.182436
0.170033 0.073232 0.182447
0.170172 0.073178 0.182360
0.170311 0.073124 0.182272
0.170450 0.073070 0.182185
0.170589 0.073016 0.182097
0.170728 0.072962 0.182010
0.170842 0.072929 0.181824
0.170981 0.072875 0.181736
0.171120 0.072820 0.181649
0.171260 0.072766 0.181561
0.171399 0.072712 0.181474
0.171538 0.072658 0.181386
0.171678 0.072603 0.181299
0.171817 0.072549 0.181211
0.171956 0.072495 0.181124
0.172095 0.072441 0.181036
0.172258 0.072366 0.181049
0.172397 0.072312 0.180962
0.172536 0.072258 0.180874
0.172653 0.072224 0.180686
0.172792 0.072170 0.180599
0.172931 0.072115 0.180511
0.173071 0.072061 0.180424
0.173210 0.072007 0.180336
0.173349 0.071953 0.180249
0.173489 0.071898 0.180161
0.173628 0.071844 0.180074
0.173746 0.071810 0.179885
0.173885 0.071755 0.179797
0.174025 0.071701 0.179709
0.174144 0.071666 0.179520
0.174283 0.071612 0.179432
0.174423 0.071557 0.179344
0.174543 0.071522 0.179154
0.174683 0.071468 0.179066
0.174823 0.071413 0.178978
0.174963 0.071359 0.178890
0.175083 0.071323 0.178700
0.175223 0.071269 0.178612
0.175364 0.071214 0.178524
0.175504 0.071160 0.178436
0.175644 0.071105 0.178348
0.175784 0.071051 0.178260
0.175924 0.070996 0.178172
0.176064 0.070941 0.178084
0.176204 0.070887 0.177996
0.176344 0.070832 0.177907
0.176485 0.070778 0.177819
0.176625 0.070723 0.177731
0.176765 0.070669 0.177643
0.176888 0.070632 0.177451
0.177029 0.070577 0.177363
0.177153 0.070541 0.177170
0.177293 0.070486 0.177081
0.177418 0.070449 0.176888
0.177544 0.070411 0.176694
0.177684 0.070357 0.176606
0.177810 0.070319 0.176412
0.177951 0.070264 0.176323
0.178078 0.070226 0.176129
0.178219 0.070171 0.176040
0.178346 0.070133 0.175845
0.178488 0.070078 0.175756
0.178616 0.070040 0.175561
0.178757 0.069985 0.175472
0.178899 0.069930 0.175383
0.179028 0.069891 0.175187
0.179170 0.069836 0.175098
0.179312 0.069780 0.175009
0.179441 0.069742 0.174813
0.179583 0.069686 0.174723
0.179725 0.069631 0.174634
0.179867 0.069575 0.174545
0.179998 0.069536 0.174348
0.180140 0.069481 0.174258
0.180283 0.069425 0.174169
0.180425 0.069370 0.174080
0.180556 0.069330 0.173882
0.180699 0.069275 0.173792
0.180820 0.069250 0.173486
0.156202 0.079358 0.181595
0.156358 0.079297 0.181497
0.156598 0.079182 0.181577
0.156795 0.079094 0.181569
0.156991 0.079006 0.181560
0.157270 0.078864 0.181731
0.157506 0.078750 0.181813
0.157782 0.078609 0.181985
0.158057 0.078468 0.182158
0.158290 0.078355 0.182241
0.158563 0.078215 0.182416
0.158754 0.078129 0.182410
0.158985 0.078017 0.182496
0.159137 0.077958 0.182401
0.159327 0.077873 0.182396
0.159517 0.077788 0.182392
0.159707 0.077702 0.182388
0.159857 0.077644 0.182293
0.160046 0.077559 0.182290
0.160197 0.077501 0.182195
0.160423 0.077390 0.182283
0.160611 0.077306 0.182281
0.160798 0.077222 0.182278
0.161060 0.077086 0.182459
0.161283 0.076977 0.182549
0.161432 0.076919 0.182456
0.162058 0.076574 0.183099
0.162277 0.076466 0.183191
0.162496 0.076359 0.183284
0.162678 0.076277 0.183285
0.162859 0.076195 0.183286
0.163040 0.076113 0.183288
0.163221 0.076032 0.183290
0.163401 0.075951 0.183292
0.163581 0.075869 0.183294
0.163760 0.075788 0.183296
0.163939 0.075707 0.183299
0.164083 0.075651 0.183208
0.164262 0.075571 0.183212
0.164440 0.075490 0.183215
0.164617 0.075410 0.183219
0.164761 0.075354 0.183128
0.164904 0.075298 0.183038
0.165081 0.075218 0.183042
0.165224 0.075162 0.182952
0.165368 0.075106 0.182862
0.165544 0.075027 0.182867
0.165719 0.074947 0.182872
0.165862 0.074892 0.182782
0.166037 0.074812 0.182787
0.166211 0.074733 0.182793
0.166385 0.074654 0.182799
0.166559 0.074575 0.182805
0.166732 0.074497 0.182811
0.166905 0.074418 0.182818
0.167047 0.074363 0.182729
0.167219 0.074285 0.182736
0.167361 0.074230 0.182647
0.167502 0.074175 0.182558
0.167674 0.074097 0.182565
0.167815 0.074042 0.182477
0.167956 0.073987 0.182388
0.168127 0.073909 0.182396
0.168268 0.073854 0.182307
0.168438 0.073777 0.182316
0.168607 0.073699 0.182324
0.168805 0.073600 0.182431
0.168945 0.073546 0.182342
0.169141 0.073447 0.182449
0.169309 0.073370 0.182459
0.169476 0.073294 0.182469
0.169616 0.073240 0.182382
0.169782 0.073164 0.182392
0.169922 0.073109 0.182305
0.170061 0.073055 0.182217
0.170200 0.073001 0.182130
0.170340 0.072947 0.182042
0.170479 0.072892 0.181955
0.170618 0.072838 0.181867
0.170758 0.072784 0.181780
0.170897 0.072730 0.181692
0.171036 0.072675 0.181605
0.171176 0.072621 0.181517
0.171315 0.072567 0.181430
0.171454 0.072513 0.181342
0.171593 0.072459 0.181255
0.171733 0.072404 0.181167
0.171872 0.072350 0.181080
0.172011 0.072296 0.180992
0.172151 0.072242 0.180905
0.172290 0.072187 0.180817
0.172429 0.072133 0.180730
0.172569 0.072079 0.180642
0.172708 0.072025 0.180555
0.172847 0.071970 0.180467
0.172987 0.071916 0.180380
0.173126 0.071862 0.180292
0.173265 0.071808 0.180205
0.173404 0.071753 0.180117
0.173522 0.071719 0.179928
0.173662 0.071665 0.179841
0.173801 0.071610 0.179753
0.173941 0.071556 0.179665
0.174059 0.071521 0.179476
0.174199 0.071467 0.179388
0.174339 0.071412 0.179300
0.174479 0.071358 0.179212
0.174598 0.071322 0.179022
0.174738 0.071268 0.178934
0.174878 0.071213 0.178846
0.175018 0.071159 0.178758
0.175139 0.071123 0.178567
0.175279 0.071068 0.178479
0.175419 0.071014 0.178391
0.175559 0.070959 0.178303
0.175699 0.070905 0.178215
0.175840 0.070850 0.178127
0.175980 0.070796 0.178039
0.176120 0.070741 0.177951
0.176260 0.070687 0.177863
0.176400 0.070632 0.177775
0.176523 0.070595 0.177583
0.176663 0.070541 0.177495
0.176804 0.070486 0.177406
0.176928 0.070449 0.177214
0.177068 0.070394 0.177125
0.177193 0.070357 0.176932
0.177333 0.070302 0.176844
0.177458 0.070265 0.176650
0.177584 0.070227 0.176456
0.177725 0.070172 0.176367
0.177851 0.070134 0.176173
0.177993 0.070079 0.176084
0.178119 0.070041 0.175889
0.178261 0.069986 0.175800
0.178388 0.069948 0.175605
0.178530 0.069892 0.175516
0.178658 0.069854 0.175321
0.178800 0.069799 0.175232
0.178929 0.069760 0.175036
0.179071 0.069704 0.174946
0.179200 0.069665 0.174750
0.179342 0.069610 0.174661
0.179485 0.069554 0.174571
0.179627 0.069499 0.174482
0.179769 0.069444 0.174392
0.179900 0.069404 0.174195
0.180043 0.069348 0.174106
0.180174 0.069309 0.173908
0.180316 0.069253 0.173819
0.180459 0.069197 0.173729
0.180602 0.069142 0.173639
0.180734 0.069102 0.173441
0.156066 0.079223 0.181457
0.156264 0.079135 0.181448
0.156462 0.079047 0.181439
0.156659 0.078959 0.181431
0.156898 0.078845 0.181511
0.157135 0.078730 0.181593
0.157413 0.078590 0.181764
0.157689 0.078449 0.181936
0.157924 0.078336 0.182020
0.158198 0.078196 0.182193
0.158431 0.078084 0.182278
0.158663 0.077972 0.182362
0.158894 0.077860 0.182448
0.159045 0.077801 0.182353
0.159236 0.077716 0.182348
0.159426 0.077631 0.182344
0.159616 0.077546 0.182340
0.159766 0.077487 0.182246
0.159955 0.077403 0.182242
0.160144 0.077318 0.182239
0.160333 0.077234 0.182236
0.160558 0.077124 0.182325
0.160746 0.077040 0.182322
0.161008 0.076906 0.182504
0.161156 0.076848 0.182410
0.161969 0.076422 0.183053
0.162226 0.076289 0.183237
0.162408 0.076207 0.183238
0.162590 0.076125 0.183239
0.162771 0.076044 0.183240
0.162953 0.075962 0.183242
0.163133 0.075881 0.183244
0.163314 0.075800 0.183246
0.163493 0.075719 0.183248
0.163638 0.075663 0.183157
0.163852 0.075557 0.183253
0.163996 0.075501 0.183163
0.164175 0.075421 0.183166
0.164353 0.075341 0.183169
0.164497 0.075285 0.183079
0.164640 0.075229 0.182989
0.164818 0.075149 0.182993
0.164961 0.075093 0.182903
0.165105 0.075037 0.182812
0.165281 0.074957 0.182817
0.165425 0.074901 0.182727
0.165600 0.074822 0.182732
0.165776 0.074743 0.182737
0.165951 0.074664 0.182742
0.166125 0.074585 0.182748
0.166300 0.074506 0.182754
0.166473 0.074427 0.182760
0.166647 0.074349 0.182766
0.166820 0.074271 0.182773
0.166961 0.074216 0.182684
0.167134 0.074138 0.182691
0.167275 0.074082 0.182602
0.167417 0.074027 0.182513
0.167558 0.073972 0.182424
0.167730 0.073895 0.182432
0.167871 0.073840 0.182343
0.168012 0.073785 0.182254
0.168183 0.073707 0.182263
0.168353 0.073630 0.182271
0.168522 0.073553 0.182280
0.168692 0.073476 0.182289
0.168860 0.073400 0.182298
0.169029 0.073323 0.182308
0.169197 0.073247 0.182317
0.169364 0.073171 0.182327
0.169504 0.073116 0.182240
0.169671 0.073040 0.182250
0.169811 0.072986 0.182162
0.169950 0.072932 0.182075
0.170090 0.072877 0.181987
0.170256 0.072802 0.181998
0.170395 0.072748 0.181911
0.170534 0.072693 0.181823
0.170648 0.072660 0.181637
0.170787 0.072606 0.181549
0.170927 0.072551 0.181461
0.171066 0.072497 0.181374
0.171206 0.072443 0.181286
0.171345 0.072388 0.181198
0.171485 0.072334 0.181111
0.171624 0.072280 0.181023
0.171764 0.072226 0.180936
0.171903 0.072171 0.180848
0.172043 0.072117 0.180760
0.172182 0.072063 0.180673
0.172345 0.071988 0.180686
0.172485 0.071934 0.180598
0.172624 0.071880 0.180511
0.172763 0.071826 0.180423
0.172902 0.071771 0.180336
0.173042 0.071717 0.180248
0.173159 0.071682 0.180059
0.173298 0.071628 0.179972
0.173438 0.071574 0.179884
0.173577 0.071519 0.179796
0.173717 0.071465 0.179709
0.173856 0.071411 0.179621
0.173975 0.071376 0.179431
0.174115 0.071321 0.179344
0.174255 0.071267 0.179256
0.174394 0.071212 0.179168
0.174514 0.071177 0.178978
0.174654 0.071122 0.178890
0.174794 0.071068 0.178802
0.174934 0.071013 0.178714
0.175074 0.070959 0.178626
0.175194 0.070923 0.178435
0.175335 0.070868 0.178347
0.175475 0.070814 0.178259
0.175615 0.070759 0.178171
0.175755 0.070705 0.178083
0.175895 0.070650 0.177995
0.176035 0.070595 0.177907
0.176158 0.070559 0.177715
0.176298 0.070504 0.177627
0.176438 0.070449 0.177538
0.176579 0.070395 0.177450
0.176702 0.070358 0.177257
0.176843 0.070303 0.177169
0.176967 0.070266 0.176976
0.177108 0.070211 0.176887
0.177232 0.070173 0.176694
0.177358 0.070135 0.176500
0.177499 0.070080 0.176411
0.177625 0.070042 0.176217
0.177766 0.069987 0.176128
0.177892 0.069949 0.175933
0.178019 0.069911 0.175739
0.178161 0.069855 0.175649
0.178288 0.069817 0.175454
0.178430 0.069761 0.175365
0.178558 0.069723 0.175169
0.178701 0.069667 0.175080
0.178829 0.069628 0.174884
0.178972 0.069573 0.174794
0.179101 0.069533 0.174598
0.179244 0.069478 0.174508
0.179386 0.069422 0.174419
0.179516 0.069382 0.174222
0.179659 0.069327 0.174132
0.179802 0.069271 0.174042
0.179945 0.069216 0.173953
0.180076 0.069176 0.173755
0.180219 0.069120 0.173665
0.180362 0.069064 0.173575
0.180505 0.069009 0.173486
0.180637 0.068968 0.173287
0.180769 0.068927 0.173089
0.180913 0.068872 0.172999
0.155972 0.079061 0.181408
0.156170 0.078973 0.181399
0.156368 0.078885 0.181390
0.156565 0.078798 0.181381
0.156762 0.078710 0.181373
0.157042 0.078570 0.181544
0.157320 0.078429 0.181716
0.157474 0.078369 0.181619
0.157832 0.078177 0.181971
0.158106 0.078038 0.182145
0.158339 0.077926 0.182230
0.158571 0.077814 0.182315
0.158763 0.077729 0.182310
0.158954 0.077643 0.182305
0.159145 0.077559 0.182301
0.159335 0.077474 0.182297
0.159525 0.077389 0.182293
0.159714 0.077305 0.182289
0.159865 0.077246 0.182195
0.160092 0.077136 0.182283
0.160280 0.077052 0.182280
0.160506 0.076943 0.182369
0.160731 0.076834 0.182459
0.160955 0.076725 0.182549
0.161104 0.076668 0.182455
0.161697 0.076351 0.183006
0.161918 0.076244 0.183098
0.162137 0.076137 0.183191
0.162356 0.076031 0.183285
0.162502 0.075974 0.183193
0.162684 0.075892 0.183194
0.162865 0.075811 0.183196
0.163046 0.075730 0.183198
0.163226 0.075649 0.183200
0.163406 0.075568 0.183202
0.163551 0.075512 0.183112
0.163730 0.075432 0.183114
0.163909 0.075351 0.183117
0.164053 0.075295 0.183027
0.164232 0.075215 0.183030
0.164376 0.075159 0.182940
0.164554 0.075079 0.182943
0.164697 0.075023 0.182853
0.164841 0.074967 0.182763
0.164985 0.074911 0.182672
0.165162 0.074832 0.182677
0.165305 0.074776 0.182587
0.165482 0.074696 0.182591
0.165657 0.074617 0.182596
0.165833 0.074538 0.182602
0.166007 0.074460 0.182607
0.166182 0.074381 0.182613
0.166356 0.074303 0.182619
0.166530 0.074224 0.182626
0.166703 0.074146 0.182632
0.166876 0.074068 0.182639
0.167048 0.073990 0.182646
0.167190 0.073935 0.182557
0.167331 0.073880 0.182468
0.167473 0.073825 0.182379
0.167644 0.073748 0.182387
0.167786 0.073693 0.182298
0.167927 0.073638 0.182210
0.168068 0.073582 0.182121
0.168239 0.073505 0.182129
0.168409 0.073429 0.182138
0.168578 0.073352 0.182147
0.168747 0.073275 0.182156
0.168916 0.073199 0.182166
0.169084 0.073123 0.182175
0.169225 0.073068 0.182087
0.169392 0.072992 0.182097
0.169560 0.072916 0.182108
0.169699 0.072862 0.182020
0.169839 0.072808 0.181932
0.169979 0.072753 0.181844
0.170145 0.072678 0.181855
0.170285 0.072624 0.181768
0.170424 0.072569 0.181680
0.170564 0.072515 0.181593
0.170703 0.072461 0.181505
0.170843 0.072406 0.181417
0.170982 0.072352 0.181330
0.171122 0.072298 0.181242
0.171261 0.072243 0.181154
0.171401 0.072189 0.181067
0.171540 0.072135 0.180979
0.171680 0.072080 0.180891
0.171819 0.072026 0.180804
0.171959 0.071972 0.180716
0.172098 0.071917 0.180629
0.172238 0.071863 0.180541
0.172377 0.071809 0.180453
0.172517 0.071755 0.180366
0.172656 0.071700 0.180278
0.172796 0.071646 0.180190
0.172935 0.071592 0.180103
0.173075 0.071537 0.180015
0.173214 0.071483 0.179928
0.173354 0.071429 0.179840
0.173493 0.071374 0.179752
0.173633 0.071320 0.179665
0.173772 0.071266 0.179577
0.173891 0.071230 0.179387
0.174031 0.071176 0.179300
0.174170 0.071121 0.179212
0.174310 0.071067 0.179124
0.174429 0.071031 0.178934
0.174569 0.070977 0.178846
0.174709 0.070922 0.178758
0.174849 0.070868 0.178670
0.174989 0.070813 0.178582
0.175110 0.070777 0.178391
0.175250 0.070722 0.178303
0.175390 0.070668 0.178215
0.175530 0.070613 0.178127
0.175670 0.070559 0.178039
0.175792 0.070522 0.177847
0.175933 0.070467 0.177758
0.176073 0.070413 0.177670
0.176213 0.070358 0.177582
0.176336 0.070321 0.177389
0.176477 0.070266 0.177301
0.176617 0.070211 0.177213
0.176741 0.070174 0.177020
0.176882 0.070119 0.176931
0.177006 0.070081 0.176738
0.177131 0.070043 0.176544
0.177272 0.069988 0.176455
0.177398 0.069950 0.176261
0.177539 0.069895 0.176172
0.177665 0.069857 0.175978
0.177792 0.069818 0.175783
0.177934 0.069763 0.175694
0.178061 0.069724 0.175498
0.178203 0.069669 0.175409
0.178330 0.069630 0.175214
0.178459 0.069591 0.175018
0.178601 0.069535 0.174928
0.178730 0.069496 0.174732
0.178872 0.069440 0.174642
0.179002 0.069401 0.174446
0.179144 0.069345 0.174356
0.179274 0.069305 0.174159
0.179417 0.069250 0.174069
0.179560 0.069194 0.173979
0.179703 0.069138 0.173890
0.179834 0.069098 0.173692
0.179978 0.069042 0.173602
0.180109 0.069002 0.173404
0.180253 0.068946 0.173314
0.180396 0.068890 0.173224
0.180539 0.068834 0.173134
0.180683 0.068778 0.173043
0.180826 0.068722 0.172953
0.155878 0.078898 0.181359
0.156076 0.078811 0.181350
0.156274 0.078723 0.181341
0.156472 0.078636 0.181332
0.156669 0.078549 0.181324
0.156948 0.078409 0.181495
0.157186 0.078295 0.181577
0.157340 0.078235 0.181480
0.157698 0.078044 0.181833
0.157974 0.077905 0.182007
0.158207 0.077794 0.182091
0.158440 0.077682 0.182176
0.158632 0.077597 0.182171
0.158863 0.077486 0.182257
0.159014 0.077427 0.182162
0.159205 0.077343 0.182158
0.159434 0.077233 0.182245
0.159624 0.077148 0.182242
0.159813 0.077064 0.182238
0.160002 0.076980 0.182235
0.160228 0.076871 0.182324
0.160454 0.076762 0.182413
0.160679 0.076654 0.182503
0.160903 0.076546 0.182593
0.161164 0.076413 0.182776
0.161387 0.076306 0.182868
0.161646 0.076174 0.183052
0.161829 0.076092 0.183052
0.162049 0.075985 0.183145
0.162268 0.075879 0.183239
0.162414 0.075822 0.183147
0.162596 0.075741 0.183149
0.162777 0.075660 0.183150
0.162958 0.075579 0.183152
0.163103 0.075523 0.183061
0.163284 0.075442 0.183063
0.163464 0.075362 0.183066
0.163608 0.075305 0.182975
0.163787 0.075225 0.182978
0.163932 0.075169 0.182887
0.164111 0.075089 0.182891
0.164255 0.075033 0.182800
0.164433 0.074953 0.182804
0.164577 0.074897 0.182713
0.164721 0.074841 0.182623
0.164865 0.074785 0.182532
0.165009 0.074729 0.182442
0.165186 0.074649 0.182446
0.165362 0.074570 0.182451
0.165538 0.074491 0.182456
0.165714 0.074413 0.182461
0.165889 0.074334 0.182467
0.166064 0.074255 0.182473
0.166270 0.074154 0.182574
0.166444 0.074076 0.182581
0.166617 0.073998 0.182587
0.166790 0.073921 0.182594
0.166963 0.073843 0.182601
0.167104 0.073788 0.182513
0.167246 0.073733 0.182424
0.167387 0.073678 0.182335
0.167529 0.073623 0.182246
0.167671 0.073568 0.182157
0.167842 0.073490 0.182165
0.167983 0.073435 0.182076
0.168154 0.073359 0.182085
0.168324 0.073282 0.182093
0.168465 0.073227 0.182005
0.168634 0.073151 0.182014
0.168803 0.073074 0.182023
0.168972 0.072998 0.182033
0.169140 0.072922 0.182043
0.169280 0.072868 0.181955
0.169448 0.072792 0.181965
0.169615 0.072717 0.181976
0.169755 0.072662 0.181888
0.169894 0.072608 0.181800
0.170034 0.072554 0.181712
0.170174 0.072499 0.181625
0.170314 0.072445 0.181537
0.170453 0.072390 0.181449
0.170593 0.072336 0.181361
0.170733 0.072282 0.181274
0.170872 0.072227 0.181186
0.171012 0.072173 0.181098
0.171152 0.072118 0.181010
0.171292 0.072064 0.180923
0.171431 0.072010 0.180835
0.171571 0.071955 0.180747
0.171711 0.071901 0.180659
0.171850 0.071846 0.180572
0.171990 0.071792 0.180484
0.172153 0.071718 0.180497
0.172293 0.071664 0.180409
0.172433 0.071609 0.180322
0.172572 0.071555 0.180234
0.172712 0.071501 0.180146
0.172851 0.071446 0.180059
0.172991 0.071392 0.179971
0.173130 0.071338 0.179884
0.173270 0.071284 0.179796
0.173409 0.071229 0.179708
0.173549 0.071175 0.179621
0.173667 0.071139 0.179431
0.173806 0.071085 0.179343
0.173946 0.071031 0.179255
0.174086 0.070976 0.179168
0.174226 0.070922 0.179080
0.174345 0.070886 0.178889
0.174485 0.070831 0.178801
0.174625 0.070777 0.178714
0.174745 0.070740 0.178522
0.174885 0.070686 0.178434
0.175025 0.070631 0.178346
0.175165 0.070577 0.178258
0.175306 0.070522 0.178170
0.175427 0.070485 0.177979
0.175567 0.070431 0.177890
0.175708 0.070376 0.177802
0.175848 0.070321 0.177714
0.175988 0.070267 0.177626
0.176111 0.070229 0.177433
0.176252 0.070175 0.177345
0.176392 0.070120 0.177257
0.176516 0.070082 0.177064
0.176656 0.070028 0.176975
0.176780 0.069990 0.176782
0.176921 0.069935 0.176693
0.177046 0.069897 0.176499
0.177171 0.069858 0.176305
0.177313 0.069803 0.176216
0.177438 0.069765 0.176022
0.177580 0.069710 0.175933
0.177706 0.069671 0.175738
0.177833 0.069632 0.175543
0.177975 0.069577 0.175454
0.178102 0.069537 0.175258
0.178230 0.069498 0.175062
0.178373 0.069443 0.174973
0.178501 0.069403 0.174776
0.178630 0.069363 0.174580
0.178773 0.069308 0.174490
0.178902 0.069268 0.174293
0.179045 0.069212 0.174204
0.179175 0.069172 0.174006
0.179318 0.069116 0.173916
0.179462 0.069060 0.173826
0.179592 0.069020 0.173629
0.179736 0.068964 0.173539
0.179879 0.068908 0.173449
0.180023 0.068852 0.173358
0.180155 0.068811 0.173160
0.180298 0.068756 0.173070
0.180431 0.068714 0.172871
0.180575 0.068658 0.172781
0.155783 0.078736 0.181309
0.155982 0.078649 0.181300
0.156180 0.078561 0.181292
0.156378 0.078474 0.181283
0.156575 0.078387 0.181275
0.156813 0.078274 0.181357
0.157093 0.078135 0.181528
0.157247 0.078075 0.181432
0.157565 0.077910 0.181695
0.157841 0.077773 0.181868
0.158115 0.077635 0.182043
0.158348 0.077524 0.182128
0.158540 0.077439 0.182123
0.158732 0.077355 0.182119
0.158923 0.077270 0.182115
0.159113 0.077186 0.182110
0.159343 0.077076 0.182198
0.159533 0.076992 0.182194
0.159722 0.076908 0.182191
0.159950 0.076799 0.182279
0.160138 0.076716 0.182277
0.160364 0.076607 0.182366
0.160589 0.076499 0.182456
0.160852 0.076367 0.182639
0.161075 0.076259 0.182730
0.161335 0.076128 0.182913
0.161557 0.076021 0.183006
0.161778 0.075915 0.183098
0.161961 0.075833 0.183099
0.162180 0.075728 0.183193
0.162326 0.075671 0.183101
0.162508 0.075590 0.183103
0.162690 0.075509 0.183104
0.162835 0.075452 0.183013
0.163016 0.075372 0.183015
0.163196 0.075291 0.183017
0.163341 0.075235 0.182927
0.163521 0.075155 0.182929
0.163666 0.075099 0.182838
0.163845 0.075019 0.182842
0.163989 0.074962 0.182751
0.164134 0.074906 0.182660
0.164312 0.074827 0.182664
0.164456 0.074770 0.182573
0.164601 0.074714 0.182483
0.164745 0.074658 0.182392
0.164889 0.074602 0.182301
0.165066 0.074523 0.182306
0.165243 0.074444 0.182310
0.165387 0.074388 0.182220
0.165595 0.074286 0.182321
0.165771 0.074208 0.182326
0.165978 0.074107 0.182427
0.166121 0.074051 0.182338
0.166358 0.073928 0.182536
0.166532 0.073851 0.182542
0.166705 0.073773 0.182549
0.166846 0.073718 0.182460
0.166988 0.073663 0.182371
0.167160 0.073586 0.182379
0.167302 0.073530 0.182290
0.167444 0.073475 0.182201
0.167585 0.073420 0.182112
0.167756 0.073343 0.182120
0.167898 0.073288 0.182032
0.168068 0.073212 0.182040
0.168210 0.073157 0.181951
0.168380 0.073081 0.181960
0.168549 0.073004 0.181970
0.168690 0.072950 0.181881
0.168859 0.072874 0.181891
0.169027 0.072798 0.181901
0.169196 0.072722 0.181911
0.169336 0.072668 0.181823
0.169476 0.072613 0.181735
0.169643 0.072538 0.181745
0.169783 0.072483 0.181657
0.169923 0.072429 0.181569
0.170063 0.072374 0.181482
0.170203 0.072320 0.181394
0.170343 0.072265 0.181306
0.170483 0.072211 0.181218
0.170623 0.072156 0.181130
0.170763 0.072102 0.181042
0.170902 0.072047 0.180954
0.171042 0.071993 0.180866
0.171207 0.071919 0.180879
0.171347 0.071864 0.180791
0.171487 0.071810 0.180703
0.171626 0.071755 0.180615
0.171766 0.071701 0.180528
0.171906 0.071647 0.180440
0.172046 0.071592 0.180352
0.172185 0.071538 0.180264
0.172325 0.071484 0.180176
0.172465 0.071429 0.180089
0.172604 0.071375 0.180001
0.172767 0.071301 0.180015
0.172906 0.071247 0.179927
0.173046 0.071193 0.179839
0.173185 0.071138 0.179752
0.173303 0.071103 0.179562
0.173443 0.071048 0.179474
0.173582 0.070994 0.179387
0.173722 0.070940 0.179299
0.173862 0.070885 0.179211
0.174002 0.070831 0.179123
0.174141 0.070776 0.179036
0.174261 0.070740 0.178845
0.174400 0.070686 0.178757
0.174540 0.070631 0.178669
0.174661 0.070595 0.178478
0.174801 0.070540 0.178390
0.174941 0.070485 0.178302
0.175081 0.070431 0.178214
0.175202 0.070394 0.178022
0.175342 0.070339 0.177934
0.175483 0.070285 0.177846
0.175623 0.070230 0.177758
0.175745 0.070193 0.177565
0.175886 0.070138 0.177477
0.176026 0.070083 0.177389
0.176149 0.070045 0.177196
0.176290 0.069991 0.177108
0.176413 0.069953 0.176914
0.176554 0.069898 0.176826
0.176695 0.069843 0.176737
0.176820 0.069805 0.176543
0.176961 0.069750 0.176455
0.177086 0.069711 0.176260
0.177211 0.069673 0.176066
0.177353 0.069617 0.175977
0.177479 0.069579 0.175782
0.177621 0.069523 0.175693
0.177747 0.069484 0.175498
0.177874 0.069445 0.175302
0.178002 0.069405 0.175107
0.178144 0.069350 0.175017
0.178272 0.069310 0.174821
0.178401 0.069270 0.174625
0.178544 0.069215 0.174535
0.178673 0.069175 0.174338
0.178816 0.069119 0.174248
0.178946 0.069079 0.174051
0.179076 0.069038 0.173854
0.179219 0.068982 0.173764
0.179363 0.068927 0.173673
0.179493 0.068886 0.173475
0.179637 0.068830 0.173385
0.179769 0.068789 0.173187
0.179912 0.068733 0.173097
0.180056 0.068677 0.173006
0.180200 0.068621 0.172916
0.180333 0.068579 0.172717
0.155490 0.078661 0.181269
0.155689 0.078574 0.181260
0.155888 0.078486 0.181251
0.156086 0.078399 0.181242
0.156284 0.078312 0.181234
0.156481 0.078226 0.181226
0.156720 0.078113 0.181308
0.156958 0.078001 0.181390
0.157195 0.077888 0.181473
0.157472 0.077751 0.181646
0.157708 0.077639 0.181730
0.157983 0.077503 0.181905
0.158216 0.077392 0.181990
0.158408 0.077307 0.181985
0.158640 0.077197 0.182071
0.158831 0.077113 0.182067
0.159022 0.077029 0.182063
0.159213 0.076945 0.182059
0.159403 0.076861 0.182055
0.159631 0.076752 0.182144
0.159859 0.076643 0.182232
0.160048 0.076560 0.182230
0.160313 0.076427 0.182411
0.160461 0.076369 0.182317
0.160800 0.076188 0.182684
0.161024 0.076081 0.182775
0.161247 0.075975 0.182867
0.161469 0.075868 0.182959
0.161690 0.075763 0.183052
0.161873 0.075681 0.183053
0.162056 0.075600 0.183054
0.162238 0.075519 0.183055
0.162420 0.075439 0.183057
0.162566 0.075382 0.182965
0.162747 0.075301 0.182967
0.162892 0.075245 0.182876
0.163073 0.075165 0.182878
0.163218 0.075108 0.182787
0.163398 0.075028 0.182790
0.163543 0.074972 0.182699
0.163723 0.074892 0.182702
0.163868 0.074836 0.182611
0.164012 0.074779 0.182520
0.164157 0.074723 0.182429
0.164301 0.074667 0.182338
0.164446 0.074610 0.182248
0.164591 0.074554 0.182157
0.164769 0.074475 0.182161
0.164913 0.074419 0.182070
0.165090 0.074340 0.182075
0.165267 0.074261 0.182079
0.165444 0.074182 0.182084
0.165652 0.074081 0.182185
0.165860 0.073981 0.182287
0.166035 0.073903 0.182293
0.166241 0.073803 0.182395
0.166446 0.073703 0.182498
0.166588 0.073648 0.182408
0.166761 0.073571 0.182416
0.166903 0.073515 0.182327
0.167044 0.073460 0.182238
0.167186 0.073405 0.182149
0.167358 0.073328 0.182156
0.167500 0.073273 0.182067
0.167641 0.073218 0.181978
0.167812 0.073141 0.181987
0.167954 0.073086 0.181898
0.168124 0.073010 0.181907
0.168265 0.072955 0.181818
0.168435 0.072879 0.181827
0.168605 0.072803 0.181837
0.168774 0.072727 0.181846
0.168915 0.072673 0.181758
0.169083 0.072597 0.181768
0.169223 0.072543 0.181680
0.169391 0.072467 0.181690
0.169531 0.072413 0.181602
0.169672 0.072358 0.181514
0.169812 0.072304 0.181426
0.169952 0.072249 0.181338
0.170092 0.072195 0.181250
0.170232 0.072140 0.181162
0.170372 0.072085 0.181074
0.170538 0.072011 0.181086
0.170678 0.071956 0.180998
0.170818 0.071902 0.180910
0.170958 0.071847 0.180822
0.171098 0.071793 0.180734
0.171238 0.071739 0.180646
0.171378 0.071684 0.180558
0.171518 0.071630 0.180471
0.171658 0.071575 0.180383
0.171822 0.071501 0.180396
0.171961 0.071447 0.180308
0.172101 0.071393 0.180220
0.172241 0.071338 0.180132
0.172380 0.071284 0.180045
0.172520 0.071229 0.179957
0.172660 0.071175 0.179869
0.172800 0.071121 0.179781
0.172939 0.071066 0.179694
0.173079 0.071012 0.179606
0.173219 0.070957 0.179518
0.173358 0.070903 0.179430
0.173498 0.070849 0.179343
0.173638 0.070794 0.179255
0.173778 0.070740 0.179167
0.173917 0.070685 0.179079
0.174057 0.070631 0.178991
0.174176 0.070595 0.178801
0.174316 0.070540 0.178713
0.174456 0.070486 0.178625
0.174576 0.070449 0.178434
0.174716 0.070394 0.178346
0.174856 0.070340 0.178258
0.174977 0.070303 0.178066
0.175117 0.070248 0.177978
0.175258 0.070193 0.177890
0.175379 0.070156 0.177698
0.175520 0.070101 0.177609
0.175660 0.070046 0.177521
0.175783 0.070009 0.177328
0.175923 0.069954 0.177240
0.176064 0.069899 0.177151
0.176187 0.069861 0.176958
0.176328 0.069806 0.176870
0.176469 0.069751 0.176781
0.176593 0.069713 0.176587
0.176735 0.069658 0.176499
0.176859 0.069619 0.176305
0.177001 0.069564 0.176216
0.177126 0.069525 0.176021
0.177252 0.069486 0.175826
0.177393 0.069431 0.175737
0.177520 0.069392 0.175542
0.177646 0.069352 0.175347
0.177789 0.069297 0.175257
0.177916 0.069257 0.175062
0.178044 0.069217 0.174865
0.178172 0.069177 0.174669
0.178315 0.069122 0.174579
0.178444 0.069082 0.174383
0.178573 0.069041 0.174186
0.178716 0.068985 0.174096
0.178846 0.068945 0.173898
0.178989 0.068889 0.173808
0.179120 0.068848 0.173610
0.179263 0.068792 0.173520
0.179394 0.068751 0.173322
0.179538 0.068695 0.173232
0.179682 0.068639 0.173141
0.179814 0.068598 0.172943
0.179958 0.068542 0.172852
0.180102 0.068486 0.172762
0.180246 0.068429 0.172671
0.155595 0.078411 0.181211
0.155794 0.078324 0.181202
0.155992 0.078237 0.181193
0.156190 0.078151 0.181185
0.156430 0.078038 0.181266
0.156627 0.077952 0.181259
0.156865 0.077840 0.181341
0.157102 0.077728 0.181424
0.157338 0.077617 0.181507
0.157615 0.077480 0.181682
0.157850 0.077370 0.181766
0.158084 0.077259 0.181851
0.158276 0.077175 0.181846
0.158509 0.077065 0.181932
0.158700 0.076981 0.181928
0.158891 0.076897 0.181924
0.159122 0.076788 0.182011
0.159312 0.076704 0.182008
0.159502 0.076621 0.182005
0.159769 0.076488 0.182185
0.159957 0.076405 0.182182
0.160223 0.076272 0.182364
0.160372 0.076214 0.182270
0.160711 0.076034 0.182637
0.160935 0.075928 0.182728
0.161158 0.075822 0.182820
0.161380 0.075716 0.182913
0.161564 0.075635 0.182913
0.161785 0.075529 0.183007
0.161968 0.075448 0.183008
0.162114 0.075392 0.182916
0.162296 0.075311 0.182918
0.162478 0.075231 0.182919
0.162623 0.075174 0.182828
0.162769 0.075117 0.182736
0.162950 0.075037 0.182739
0.163095 0.074981 0.182647
0.163276 0.074901 0.182650
0.163421 0.074844 0.182559
0.163566 0.074788 0.182468
0.163711 0.074731 0.182377
0.163856 0.074675 0.182286
0.164001 0.074618 0.182195
0.164146 0.074562 0.182103
0.164291 0.074505 0.182012
0.164470 0.074426 0.182016
0.164615 0.074370 0.181925
0.164793 0.074291 0.181929
0.164970 0.074212 0.181934
0.165148 0.074133 0.181938
0.165357 0.074033 0.182039
0.165533 0.073954 0.182044
0.165677 0.073899 0.181954
0.165948 0.073754 0.182247
0.166155 0.073655 0.182350
0.166329 0.073577 0.182357
0.166502 0.073500 0.182364
0.166675 0.073423 0.182371
0.166817 0.073368 0.182282
0.166959 0.073313 0.182193
0.167101 0.073258 0.182104
0.167242 0.073202 0.182015
0.167414 0.073126 0.182023
0.167556 0.073071 0.181934
0.167727 0.072994 0.181942
0.167868 0.072939 0.181853
0.168039 0.072863 0.181862
0.168180 0.072808 0.181774
0.168350 0.072732 0.181783
0.168491 0.072678 0.181694
0.168661 0.072602 0.181704
0.168830 0.072527 0.181714
0.168970 0.072472 0.181625
0.169139 0.072397 0.181636
0.169279 0.072342 0.181547
0.169419 0.072287 0.181459
0.169560 0.072233 0.181371
0.169700 0.072178 0.181283
0.169840 0.072123 0.181195
0.170007 0.072049 0.181206
0.170147 0.071994 0.181118
0.170288 0.071940 0.181030
0.170428 0.071885 0.180942
0.170568 0.071831 0.180854
0.170708 0.071776 0.180766
0.170848 0.071721 0.180678
0.170988 0.071667 0.180590
0.171128 0.071612 0.180502
0.171268 0.071558 0.180414
0.171433 0.071484 0.180426
0.171573 0.071430 0.180339
0.171713 0.071375 0.180251
0.171853 0.071321 0.180163
0.171993 0.071266 0.180075
0.172133 0.071212 0.179987
0.172273 0.071157 0.179899
0.172413 0.071103 0.179811
0.172576 0.071030 0.179825
0.172715 0.070975 0.179737
0.172855 0.070921 0.179649
0.172995 0.070867 0.179562
0.173134 0.070812 0.179474
0.173274 0.070758 0.179386
0.173414 0.070703 0.179298
0.173554 0.070649 0.179211
0.173672 0.070612 0.179020
0.173812 0.070558 0.178932
0.173952 0.070504 0.178844
0.174092 0.070449 0.178757
0.174232 0.070395 0.178669
0.174351 0.070358 0.178478
0.174491 0.070303 0.178390
0.174632 0.070249 0.178302
0.174752 0.070211 0.178110
0.174892 0.070157 0.178022
0.175013 0.070119 0.177830
0.175154 0.070064 0.177741
0.175294 0.070010 0.177653
0.175435 0.069955 0.177565
0.175557 0.069917 0.177372
0.175698 0.069862 0.177284
0.175821 0.069824 0.177091
0.175961 0.069769 0.177002
0.176102 0.069714 0.176914
0.176226 0.069676 0.176720
0.176367 0.069621 0.176631
0.176491 0.069582 0.176437
0.176633 0.069527 0.176349
0.176774 0.069472 0.176260
0.176899 0.069433 0.176065
0.177024 0.069394 0.175871
0.177166 0.069339 0.175782
0.177292 0.069299 0.175586
0.177434 0.069244 0.175497
0.177561 0.069204 0.175302
0.177688 0.069165 0.175106
0.177815 0.069125 0.174910
0.177958 0.069069 0.174820
0.178086 0.069029 0.174624
0.178214 0.068989 0.174427
0.178357 0.068933 0.174337
0.178486 0.068892 0.174140
0.178616 0.068852 0.173943
0.178746 0.068811 0.173745
0.178889 0.068755 0.173655
0.179020 0.068713 0.173457
0.179164 0.068657 0.173367
0.179307 0.068602 0.173277
0.179439 0.068560 0.173078
0.179571 0.068518 0.172879
0.179715 0.068462 0.172789
0.179859 0.068406 0.172698
0.180003 0.068350 0.172608
0.180147 0.068294 0.172517
0.155501 0.078249 0.181161
0.155700 0.078162 0.181152
0.155941 0.078049 0.181233
0.156139 0.077963 0.181225
0.156336 0.077877 0.181217
0.156575 0.077765 0.181299
0.156771 0.077679 0.181292
0.157009 0.077568 0.181375
0.157246 0.077457 0.181459
0.157482 0.077346 0.181543
0.157717 0.077236 0.181628
0.157951 0.077126 0.181713
0.158185 0.077017 0.181798
0.158377 0.076932 0.181794
0.158569 0.076848 0.181789
0.158800 0.076739 0.181876
0.158991 0.076656 0.181872
0.159221 0.076547 0.181960
0.159411 0.076464 0.181957
0.159639 0.076356 0.182046
0.159867 0.076249 0.182135
0.160133 0.076117 0.182317
0.160359 0.076011 0.182407
0.160622 0.075880 0.182590
0.160846 0.075774 0.182682
0.161069 0.075669 0.182774
0.161292 0.075563 0.182866
0.161476 0.075482 0.182867
0.161659 0.075401 0.182868
0.161843 0.075321 0.182869
0.162026 0.075240 0.182870
0.162171 0.075183 0.182778
0.162354 0.075103 0.182780
0.162499 0.075046 0.182688
0.162681 0.074966 0.182691
0.162827 0.074909 0.182599
0.162972 0.074853 0.182508
0.163117 0.074796 0.182416
0.163263 0.074740 0.182325
0.163443 0.074660 0.182328
0.163589 0.074603 0.182237
0.163734 0.074547 0.182145
0.163879 0.074490 0.182054
0.164024 0.074434 0.181963
0.164170 0.074377 0.181872
0.164349 0.074298 0.181875
0.164494 0.074242 0.181784
0.164672 0.074163 0.181788
0.164850 0.074084 0.181793
0.165028 0.074006 0.181797
0.165237 0.073905 0.181898
0.165447 0.073805 0.181999
0.165622 0.073727 0.182004
0.165830 0.073628 0.182106
0.166037 0.073528 0.182209
0.166243 0.073429 0.182312
0.166416 0.073352 0.182319
0.166590 0.073276 0.182326
0.166732 0.073220 0.182237
0.166873 0.073165 0.182148
0.167015 0.073110 0.182059
0.167157 0.073055 0.181970
0.167299 0.073000 0.181881
0.167470 0.072923 0.181889
0.167612 0.072868 0.181800
0.167783 0.072792 0.181809
0.167925 0.072737 0.181720
0.168095 0.072661 0.181729
0.168265 0.072586 0.181738
0.168406 0.072531 0.181650
0.168576 0.072456 0.181659
0.168717 0.072401 0.181571
0.168885 0.072326 0.181581
0.169026 0.072271 0.181493
0.169167 0.072216 0.181404
0.169307 0.072161 0.181316
0.169475 0.072087 0.181327
0.169615 0.072032 0.181239
0.169756 0.071977 0.181150
0.169896 0.071923 0.181062
0.170036 0.071868 0.180974
0.170177 0.071814 0.180886
0.170317 0.071759 0.180798
0.170457 0.071704 0.180710
0.170623 0.071630 0.180722
0.170764 0.071576 0.180634
0.170904 0.071521 0.180546
0.171044 0.071467 0.180458
0.171184 0.071412 0.180370
0.171324 0.071357 0.180282
0.171464 0.071303 0.180194
0.171604 0.071248 0.180106
0.171769 0.071175 0.180119
0.171908 0.071121 0.180031
0.172048 0.071066 0.179943
0.172188 0.071012 0.179855
0.172328 0.070957 0.179767
0.172468 0.070903 0.179679
0.172608 0.070848 0.179591
0.172748 0.070794 0.179503
0.172888 0.070739 0.179415
0.173028 0.070685 0.179328
0.173168 0.070630 0.179240
0.173308 0.070576 0.179152
0.173448 0.070521 0.179064
0.173587 0.070467 0.178976
0.173727 0.070412 0.178888
0.173867 0.070358 0.178800
0.173986 0.070321 0.178609
0.174127 0.070266 0.178521
0.174267 0.070212 0.178433
0.174387 0.070175 0.178242
0.174527 0.070120 0.178154
0.174667 0.070065 0.178066
0.174788 0.070028 0.177874
0.174929 0.069973 0.177785
0.175069 0.069918 0.177697
0.175191 0.069880 0.177505
0.175331 0.069825 0.177416
0.175472 0.069771 0.177328
0.175595 0.069732 0.177135
0.175735 0.069678 0.177046
0.175876 0.069623 0.176958
0.176000 0.069584 0.176764
0.176141 0.069529 0.176675
0.176265 0.069490 0.176482
0.176406 0.069435 0.176393
0.176530 0.069396 0.176198
0.176672 0.069341 0.176110
0.176797 0.069302 0.175915
0.176939 0.069247 0.175826
0.177064 0.069207 0.175631
0.177206 0.069152 0.175542
0.177333 0.069112 0.175346
0.177459 0.069072 0.175150
0.177602 0.069017 0.175061
0.177729 0.068976 0.174865
0.177857 0.068936 0.174669
0.177985 0.068896 0.174472
0.178128 0.068840 0.174382
0.178257 0.068799 0.174185
0.178386 0.068758 0.173988
0.178529 0.068702 0.173898
0.178659 0.068661 0.173700
0.178803 0.068605 0.173610
0.178933 0.068564 0.173412
0.179064 0.068522 0.173214
0.179208 0.068466 0.173123
0.179352 0.068410 0.173033
0.179483 0.068368 0.172834
0.179628 0.068312 0.172743
0.179772 0.068256 0.172653
0.179904 0.068214 0.172453
0.180049 0.068158 0.172363
0.155606 0.078000 0.181103
0.155847 0.077888 0.181184
0.156045 0.077801 0.181176
0.156242 0.077715 0.181168
0.156482 0.077604 0.181251
0.156720 0.077493 0.181333
0.156916 0.077408 0.181327
0.157153 0.077297 0.181410
0.157389 0.077187 0.181494
0.157625 0.077077 0.181579
0.157859 0.076968 0.181664
0.158052 0.076883 0.181659
0.158245 0.076799 0.181655
0.158437 0.076715 0.181650
0.158669 0.076607 0.181737
0.158860 0.076523 0.181733
0.159091 0.076415 0.181821
0.159320 0.076308 0.181910
0.159549 0.076200 0.181998
0.159777 0.076093 0.182088
0.160043 0.075963 0.182270
0.160269 0.075856 0.182360
0.160494 0.075750 0.182451
0.160757 0.075621 0.182635
0.160980 0.075516 0.182727
0.161203 0.075411 0.182820
0.161387 0.075330 0.182821
0.161571 0.075249 0.182821
0.161755 0.075169 0.182822
0.161901 0.075112 0.182731
0.162047 0.075055 0.182639
0.162229 0.074975 0.182641
0.162375 0.074918 0.182549
0.162557 0.074838 0.182551
0.162703 0.074781 0.182459
0.162849 0.074724 0.182368
0.162994 0.074668 0.182276
0.163175 0.074588 0.182279
0.163321 0.074532 0.182188
0.163466 0.074475 0.182096
0.163612 0.074418 0.182005
0.163757 0.074362 0.181914
0.163902 0.074305 0.181822
0.164048 0.074248 0.181731
0.164227 0.074170 0.181735
0.164406 0.074091 0.181738
0.164551 0.074034 0.181647
0.164763 0.073934 0.181747
0.164940 0.073855 0.181752
0.165151 0.073755 0.181852
0.165327 0.073677 0.181858
0.165536 0.073578 0.181959
0.165744 0.073479 0.182061
0.165951 0.073380 0.182164
0.166125 0.073303 0.182170
0.166331 0.073205 0.182274
0.166473 0.073149 0.182185
0.166615 0.073094 0.182095
0.166788 0.073018 0.182103
0.166929 0.072963 0.182014
0.167071 0.072907 0.181925
0.167213 0.072852 0.181836
0.167385 0.072776 0.181844
0.167527 0.072721 0.181755
0.167698 0.072645 0.181764
0.167839 0.072590 0.181675
0.168010 0.072515 0.181684
0.168151 0.072460 0.181596
0.168321 0.072384 0.181605
0.168462 0.072329 0.181517
0.168632 0.072254 0.181526
0.168772 0.072200 0.181438
0.168941 0.072125 0.181448
0.169082 0.072070 0.181360
0.169222 0.072015 0.181272
0.169363 0.071961 0.181183
0.169503 0.071906 0.181095
0.169644 0.071851 0.181007
0.169784 0.071796 0.180919
0.169952 0.071722 0.180930
0.170092 0.071668 0.180842
0.170232 0.071613 0.180754
0.170373 0.071558 0.180665
0.170513 0.071504 0.180577
0.170653 0.071449 0.180489
0.170794 0.071394 0.180401
0.170934 0.071340 0.180313
0.171074 0.071285 0.180225
0.171239 0.071212 0.180237
0.171380 0.071157 0.180149
0.171520 0.071103 0.180061
0.171660 0.071048 0.179973
0.171800 0.070994 0.179885
0.171940 0.070939 0.179797
0.172080 0.070884 0.179709
0.172220 0.070830 0.179621
0.172360 0.070775 0.179533
0.172501 0.070721 0.179445
0.172641 0.070666 0.179357
0.172781 0.070612 0.179269
0.172921 0.070557 0.179181
0.173061 0.070503 0.179093
0.173201 0.070448 0.179005
0.173341 0.070393 0.178917
0.173481 0.070339 0.178829
0.173622 0.070284 0.178741
0.173762 0.070230 0.178653
0.173902 0.070175 0.178565
0.174021 0.070138 0.178374
0.174162 0.070083 0.178286
0.174302 0.070029 0.178197
0.174442 0.069974 0.178109
0.174563 0.069936 0.177917
0.174703 0.069881 0.177829
0.174844 0.069827 0.177741
0.174965 0.069789 0.177548
0.175106 0.069734 0.177460
0.175246 0.069679 0.177372
0.175369 0.069641 0.177179
0.175509 0.069586 0.177090
0.175632 0.069547 0.176897
0.175773 0.069492 0.176808
0.175914 0.069437 0.176720
0.176038 0.069398 0.176526
0.176179 0.069343 0.176437
0.176303 0.069304 0.176243
0.176445 0.069249 0.176154
0.176570 0.069209 0.175959
0.176711 0.069154 0.175870
0.176837 0.069115 0.175675
0.176979 0.069059 0.175586
0.177105 0.069019 0.175390
0.177231 0.068979 0.175195
0.177373 0.068924 0.175105
0.177500 0.068884 0.174909
0.177628 0.068843 0.174713
0.177771 0.068787 0.174623
0.177899 0.068747 0.174427
0.178027 0.068706 0.174230
0.178170 0.068650 0.174140
0.178299 0.068609 0.173942
0.178443 0.068553 0.173852
0.178572 0.068512 0.173655
0.178702 0.068470 0.173457
0.178846 0.068414 0.173366
0.178977 0.068373 0.173168
0.179121 0.068316 0.173078
0.179252 0.068274 0.172879
0.179396 0.068218 0.172788
0.179541 0.068162 0.172698
0.179685 0.068106 0.172607
0.179817 0.068064 0.172408
0.155511 0.077838 0.181054
0.155667 0.077777 0.180956
0.155994 0.077615 0.181217
0.156191 0.077529 0.181209
0.156430 0.077418 0.181292
0.156627 0.077333 0.181285
0.156823 0.077247 0.181278
0.157060 0.077137 0.181362
0.157297 0.077028 0.181446
0.157491 0.076943 0.181440
0.157726 0.076834 0.181526
0.157920 0.076750 0.181521
0.158112 0.076666 0.181516
0.158345 0.076557 0.181602
0.158537 0.076474 0.181598
0.158769 0.076366 0.181686
0.158960 0.076283 0.181682
0.159190 0.076175 0.181770
0.159419 0.076069 0.181859
0.159648 0.075962 0.181949
0.159914 0.075832 0.182131
0.160141 0.075726 0.182221
0.160405 0.075596 0.182404
0.160630 0.075491 0.182496
0.160854 0.075386 0.182588
0.161077 0.075282 0.182681
0.161261 0.075201 0.182682
0.161445 0.075120 0.182682
0.161629 0.075040 0.182683
0.161775 0.074983 0.182591
0.161959 0.074903 0.182593
0.162105 0.074846 0.182501
0.162287 0.074766 0.182503
0.162433 0.074709 0.182411
0.162579 0.074653 0.182320
0.162725 0.074596 0.182228
0.162871 0.074539 0.182136
0.163052 0.074460 0.182139
0.163198 0.074403 0.182047
0.163343 0.074346 0.181956
0.163489 0.074289 0.181864
0.163635 0.074233 0.181773
0.163815 0.074154 0.181776
0.163960 0.074097 0.181685
0.164106 0.074040 0.181594
0.164285 0.073962 0.181597
0.164464 0.073883 0.181601
0.164642 0.073805 0.181606
0.164853 0.073705 0.181706
0.165064 0.073606 0.181807
0.165240 0.073528 0.181812
0.165449 0.073429 0.181914
0.165657 0.073330 0.182016
0.165865 0.073232 0.182119
0.166039 0.073155 0.182125
0.166213 0.073078 0.182132
0.166387 0.073002 0.182140
0.166529 0.072947 0.182051
0.166671 0.072891 0.181961
0.166813 0.072836 0.181872
0.166986 0.072760 0.181880
0.167127 0.072705 0.181791
0.167269 0.072650 0.181702
0.167441 0.072574 0.181711
0.167583 0.072519 0.181622
0.167754 0.072443 0.181631
0.167895 0.072388 0.181542
0.168066 0.072313 0.181551
0.168236 0.072238 0.181561
0.168377 0.072183 0.181472
0.168547 0.072108 0.181482
0.168687 0.072053 0.181394
0.168828 0.071998 0.181305
0.168997 0.071924 0.181316
0.169137 0.071869 0.181227
0.169278 0.071814 0.181139
0.169419 0.071760 0.181051
0.169559 0.071705 0.180962
0.169700 0.071650 0.180874
0.169840 0.071596 0.180786
0.170007 0.071522 0.180797
0.170148 0.071467 0.180709
0.170288 0.071412 0.180621
0.170428 0.071358 0.180533
0.170569 0.071303 0.180445
0.170709 0.071248 0.180357
0.170849 0.071194 0.180268
0.170990 0.071139 0.180180
0.171130 0.071085 0.180092
0.171270 0.071030 0.180004
0.171411 0.070975 0.179916
0.171575 0.070902 0.179929
0.171715 0.070848 0.179841
0.171856 0.070793 0.179753
0.171996 0.070739 0.179665
0.172136 0.070684 0.179577
0.172276 0.070630 0.179489
0.172416 0.070575 0.179401
0.172556 0.070520 0.179313
0.172696 0.070466 0.179225
0.172836 0.070411 0.179137
0.172977 0.070357 0.179049
0.173117 0.070302 0.178961
0.173257 0.070248 0.178873
0.173397 0.070193 0.178785
0.173537 0.070139 0.178697
0.173656 0.070101 0.178506
0.173796 0.070047 0.178418
0.173937 0.069992 0.178329
0.174077 0.069937 0.178241
0.174197 0.069899 0.178050
0.174337 0.069845 0.177961
0.174478 0.069790 0.177873
0.174618 0.069735 0.177785
0.174739 0.069697 0.177592
0.174880 0.069642 0.177504
0.175002 0.069604 0.177311
0.175143 0.069549 0.177223
0.175283 0.069494 0.177134
0.175406 0.069455 0.176941
0.175547 0.069400 0.176852
0.175688 0.069345 0.176764
0.175811 0.069306 0.176570
0.175953 0.069251 0.176481
0.176076 0.069212 0.176287
0.176218 0.069157 0.176198
0.176342 0.069117 0.176003
0.176484 0.069062 0.175914
0.176609 0.069022 0.175719
0.176751 0.068967 0.175630
0.176877 0.068927 0.175435
0.177019 0.068872 0.175346
0.177145 0.068831 0.175150
0.177272 0.068791 0.174954
0.177399 0.068750 0.174758
0.177542 0.068695 0.174668
0.177669 0.068654 0.174471
0.177812 0.068598 0.174381
0.177941 0.068557 0.174184
0.178069 0.068516 0.173987
0.178213 0.068460 0.173897
0.178342 0.068418 0.173699
0.178486 0.068362 0.173609
0.178616 0.068321 0.173411
0.178759 0.068265 0.173321
0.178890 0.068223 0.173122
0.179034 0.068167 0.173032
0.179165 0.068124 0.172833
0.179309 0.068068 0.172743
0.179454 0.068012 0.172652
0.179598 0.067956 0.172561
0.179730 0.067913 0.172362
0.155900 0.077453 0.181168
0.156140 0.077343 0.181250
0.156337 0.077257 0.181243
0.156576 0.077147 0.181326
0.156772 0.077062 0.181319
0.157009 0.076953 0.181403
0.157204 0.076868 0.181398
0.157399 0.076784 0.181392
0.157593 0.076700 0.181387
0.157828 0.076591 0.181472
0.158021 0.076507 0.181468
0.158213 0.076424 0.181463
0.158406 0.076340 0.181459
0.158638 0.076233 0.181546
0.158829 0.076150 0.181543
0.159059 0.076043 0.181631
0.159289 0.075936 0.181720
0.159557 0.075806 0.181901
0.159785 0.075700 0.181991
0.160051 0.075571 0.182174
0.160277 0.075466 0.182265
0.160540 0.075337 0.182449
0.160765 0.075233 0.182542
0.160988 0.075129 0.182635
0.161173 0.075048 0.182635
0.161319 0.074991 0.182543
0.161503 0.074911 0.182544
0.161687 0.074831 0.182545
0.161833 0.074774 0.182453
0.162016 0.074694 0.182455
0.162163 0.074637 0.182363
0.162309 0.074580 0.182271
0.162455 0.074523 0.182180
0.162601 0.074467 0.182088
0.162783 0.074387 0.182090
0.162928 0.074330 0.181999
0.163074 0.074274 0.181907
0.163255 0.074195 0.181910
0.163401 0.074138 0.181818
0.163547 0.074081 0.181727
0.163692 0.074024 0.181635
0.163838 0.073968 0.181544
0.164018 0.073889 0.181548
0.164197 0.073811 0.181551
0.164376 0.073733 0.181556
0.164555 0.073654 0.181560
0.164766 0.073555 0.181660
0.164977 0.073456 0.181761
0.165187 0.073357 0.181863
0.165363 0.073280 0.181868
0.165571 0.073181 0.181971
0.165779 0.073083 0.182074
0.165953 0.073007 0.182080
0.166128 0.072930 0.182088
0.166270 0.072875 0.181998
0.166443 0.072799 0.182006
0.166585 0.072744 0.181917
0.166727 0.072688 0.181827
0.166869 0.072633 0.181738
0.167042 0.072557 0.181746
0.167184 0.072502 0.181657
0.167325 0.072447 0.181568
0.167497 0.072371 0.181577
0.167669 0.072296 0.181586
0.167810 0.072241 0.181497
0.167981 0.072166 0.181506
0.168122 0.072111 0.181418
0.168292 0.072036 0.181427
0.168433 0.071981 0.181339
0.168602 0.071907 0.181349
0.168743 0.071852 0.181261
0.168884 0.071797 0.181172
0.169053 0.071723 0.181183
0.169193 0.071668 0.181095
0.169334 0.071613 0.181006
0.169474 0.071559 0.180918
0.169615 0.071504 0.180830
0.169755 0.071449 0.180741
0.169896 0.071395 0.180653
0.170036 0.071340 0.180565
0.170203 0.071266 0.180577
0.170344 0.071212 0.180489
0.170484 0.071157 0.180400
0.170624 0.071102 0.180312
0.170765 0.071048 0.180224
0.170905 0.070993 0.180136
0.171045 0.070939 0.180048
0.171186 0.070884 0.179960
0.171326 0.070829 0.179872
0.171466 0.070775 0.179783
0.171607 0.070720 0.179695
0.171747 0.070665 0.179607
0.171887 0.070611 0.179519
0.172028 0.070556 0.179431
0.172168 0.070502 0.179343
0.172308 0.070447 0.179255
0.172449 0.070392 0.179166
0.172589 0.070338 0.179078
0.172729 0.070283 0.178990
0.172870 0.070228 0.178902
0.173010 0.070174 0.178814
0.173150 0.070119 0.178726
0.173291 0.070064 0.178638
0.173431 0.070010 0.178549
0.173571 0.069955 0.178461
0.173712 0.069901 0.178373
0.173831 0.069863 0.178182
0.173971 0.069808 0.178093
0.174112 0.069753 0.178005
0.174252 0.069699 0.177917
0.174393 0.069644 0.177829
0.174514 0.069605 0.177636
0.174654 0.069551 0.177548
0.174795 0.069496 0.177459
0.174917 0.069457 0.177267
0.175057 0.069402 0.177178
0.175198 0.069347 0.177090
0.175321 0.069308 0.176896
0.175462 0.069254 0.176808
0.175585 0.069214 0.176614
0.175726 0.069159 0.176525
0.175849 0.069120 0.176331
0.175991 0.069065 0.176242
0.176115 0.069025 0.176048
0.176257 0.068970 0.175959
0.176381 0.068930 0.175764
0.176523 0.068875 0.175674
0.176649 0.068834 0.175479
0.176791 0.068779 0.175390
0.176917 0.068739 0.175194
0.177043 0.068698 0.174998
0.177170 0.068657 0.174802
0.177313 0.068602 0.174712
0.177440 0.068561 0.174516
0.177583 0.068505 0.174426
0.177711 0.068464 0.174229
0.177839 0.068422 0.174032
0.177983 0.068366 0.173942
0.178126 0.068311 0.173852
0.178255 0.068269 0.173654
0.178385 0.068227 0.173456
0.178529 0.068171 0.173366
0.178659 0.068129 0.173167
0.178803 0.068073 0.173077
0.178947 0.068017 0.172987
0.179078 0.067974 0.172788
0.179222 0.067918 0.172697
0.179367 0.067862 0.172606
0.179498 0.067819 0.172407
0.179643 0.067763 0.172316
0.155849 0.077267 0.181208
0.156090 0.077157 0.181291
0.156244 0.077097 0.181194
0.156525 0.076962 0.181367
0.156679 0.076902 0.181271
0.156917 0.076793 0.181355
0.157153 0.076684 0.181440
0.157306 0.076625 0.181344
0.157501 0.076541 0.181338
0.157695 0.076457 0.181333
0.157888 0.076373 0.181328
0.158122 0.076266 0.181415
0.158314 0.076182 0.181411
0.158506 0.076099 0.181407
0.158738 0.075993 0.181495
0.158929 0.075910 0.181492
0.159159 0.075804 0.181581
0.159388 0.075698 0.181670
0.159656 0.075568 0.181852
0.159883 0.075463 0.181943
0.160149 0.075335 0.182126
0.160413 0.075207 0.182310
0.160637 0.075103 0.182403
0.160861 0.074999 0.182495
0.161046 0.074919 0.182496
0.161231 0.074839 0.182497
0.161415 0.074759 0.182498
0.161562 0.074702 0.182406
0.161708 0.074645 0.182314
0.161891 0.074565 0.182315
0.162038 0.074508 0.182223
0.162220 0.074428 0.182225
0.162367 0.074372 0.182133
0.162513 0.074315 0.182042
0.162659 0.074258 0.181950
0.162805 0.074201 0.181858
0.162951 0.074144 0.181766
0.163132 0.074065 0.181769
0.163278 0.074008 0.181678
0.163424 0.073952 0.181586
0.163604 0.073873 0.181589
0.163750 0.073816 0.181498
0.163930 0.073738 0.181502
0.164075 0.073681 0.181410
0.164289 0.073582 0.181510
0.164467 0.073504 0.181514
0.164679 0.073405 0.181615
0.164890 0.073306 0.181716
0.165100 0.073208 0.181817
0.165276 0.073131 0.181823
0.165485 0.073033 0.181926
0.165693 0.072935 0.182028
0.165835 0.072880 0.181939
0.166010 0.072803 0.181946
0.166184 0.072727 0.181953
0.166326 0.072672 0.181864
0.166500 0.072596 0.181872
0.166642 0.072541 0.181782
0.166784 0.072485 0.181693
0.166926 0.072430 0.181604
0.167098 0.072355 0.181612
0.167240 0.072299 0.181523
0.167412 0.072224 0.181532
0.167553 0.072169 0.181443
0.167725 0.072094 0.181452
0.167866 0.072039 0.181364
0.168037 0.071964 0.181373
0.168178 0.071909 0.181284
0.168348 0.071835 0.181294
0.168489 0.071780 0.181206
0.168658 0.071706 0.181216
0.168799 0.071651 0.181128
0.168940 0.071596 0.181039
0.169108 0.071522 0.181050
0.169249 0.071467 0.180962
0.169389 0.071413 0.180874
0.169530 0.071358 0.180785
0.169671 0.071303 0.180697
0.169811 0.071248 0.180609
0.169952 0.071194 0.180521
0.170119 0.071120 0.180532
0.170259 0.071066 0.180444
0.170399 0.071011 0.180356
0.170540 0.070957 0.180268
0.170680 0.070902 0.180180
0.170820 0.070847 0.180092
0.170961 0.070793 0.180003
0.171101 0.070738 0.179915
0.171241 0.070683 0.179827
0.171382 0.070629 0.179739
0.171522 0.070574 0.179651
0.171662 0.070519 0.179563
0.171803 0.070465 0.179475
0.171943 0.070410 0.179386
0.172083 0.070356 0.179298
0.172224 0.070301 0.179210
0.172364 0.070246 0.179122
0.172481 0.070209 0.178932
0.172622 0.070154 0.178843
0.172762 0.070099 0.178755
0.172903 0.070045 0.178667
0.173043 0.069990 0.178579
0.173184 0.069935 0.178490
0.173324 0.069881 0.178402
0.173465 0.069826 0.178314
0.173606 0.069771 0.178225
0.173746 0.069716 0.178137
0.173887 0.069662 0.178049
0.174027 0.069607 0.177961
0.174147 0.069569 0.177769
0.174288 0.069514 0.177680
0.174429 0.069459 0.177592
0.174569 0.069404 0.177503
0.174690 0.069365 0.177311
0.174831 0.069311 0.177222
0.174972 0.069256 0.177134
0.175094 0.069217 0.176940
0.175235 0.069162 0.176852
0.175358 0.069122 0.176658
0.175499 0.069067 0.176569
0.175622 0.069028 0.176375
0.175764 0.068973 0.176286
0.175888 0.068933 0.176092
0.176029 0.068877 0.176003
0.176154 0.068837 0.175808
0.176296 0.068782 0.175719
0.176421 0.068742 0.175524
0.176563 0.068686 0.175434
0.176689 0.068646 0.175239
0.176815 0.068605 0.175043
0.176957 0.068550 0.174953
0.177084 0.068509 0.174757
0.177211 0.068468 0.174561
0.177354 0.068412 0.174471
0.177481 0.068371 0.174274
0.177609 0.068329 0.174077
0.177753 0.068273 0.173987
0.177896 0.068217 0.173897
0.178025 0.068175 0.173699
0.178169 0.068120 0.173609
0.178298 0.068077 0.173411
0.178442 0.068021 0.173320
0.178572 0.067979 0.173122
0.178716 0.067923 0.173031
0.178860 0.067867 0.172941
0.178991 0.067824 0.172742
0.179135 0.067768 0.172651
0.179267 0.067725 0.172452
0.179411 0.067669 0.172361
0.179556 0.067613 0.172271
0.155799 0.077081 0.181249
0.155996 0.076996 0.181242
0.156151 0.076936 0.181145
0.156475 0.076777 0.181409
0.156628 0.076718 0.181312
0.156866 0.076609 0.181397
0.157061 0.076525 0.181391
0.157256 0.076441 0.181386
0.157408 0.076382 0.181290
0.157602 0.076298 0.181285
0.157796 0.076215 0.181280
0.157989 0.076131 0.181276
0.158182 0.076048 0.181272
0.158374 0.075965 0.181268
0.158606 0.075859 0.181356
0.158798 0.075776 0.181352
0.159028 0.075670 0.181441
0.159258 0.075565 0.181531
0.159526 0.075436 0.181713
0.159754 0.075331 0.181803
0.160020 0.075204 0.181987
0.160285 0.075076 0.182171
0.160548 0.074950 0.182356
0.160772 0.074846 0.182449
0.160958 0.074766 0.182450
0.161142 0.074686 0.182450
0.161289 0.074629 0.182358
0.161473 0.074549 0.182359
0.161620 0.074492 0.182267
0.161766 0.074435 0.182175
0.161949 0.074356 0.182177
0.162096 0.074299 0.182085
0.162242 0.074242 0.181993
0.162388 0.074185 0.181901
0.162571 0.074106 0.181904
0.162717 0.074049 0.181812
0.162863 0.073992 0.181720
0.163009 0.073935 0.181629
0.163190 0.073857 0.181632
0.163336 0.073800 0.181540
0.163517 0.073721 0.181543
0.163662 0.073665 0.181452
0.163842 0.073587 0.181456
0.164022 0.073509 0.181460
0.164201 0.073431 0.181464
0.164414 0.073332 0.181564
0.164592 0.073254 0.181569
0.164803 0.073156 0.181670
0.164980 0.073079 0.181676
0.165190 0.072981 0.181778
0.165399 0.072884 0.181880
0.165574 0.072808 0.181887
0.165749 0.072731 0.181894
0.165924 0.072655 0.181901
0.166066 0.072600 0.181811
0.166240 0.072524 0.181819
0.166383 0.072469 0.181730
0.166525 0.072413 0.181640
0.166698 0.072338 0.181648
0.166840 0.072282 0.181559
0.166982 0.072227 0.181470
0.167154 0.072152 0.181479
0.167296 0.072097 0.181390
0.167468 0.072022 0.181399
0.167609 0.071967 0.181310
0.167781 0.071892 0.181319
0.167951 0.071817 0.181329
0.168093 0.071762 0.181240
0.168263 0.071688 0.181250
0.168404 0.071633 0.181161
0.168545 0.071578 0.181073
0.168714 0.071504 0.181083
0.168855 0.071450 0.180995
0.168996 0.071395 0.180906
0.169164 0.071321 0.180917
0.169305 0.071266 0.180829
0.169445 0.071212 0.180741
0.169586 0.071157 0.180653
0.169726 0.071102 0.180564
0.169867 0.071048 0.180476
0.170007 0.070993 0.180388
0.170148 0.070938 0.180300
0.170288 0.070883 0.180211
0.170455 0.070811 0.180224
0.170595 0.070756 0.180135
0.170710 0.070719 0.179946
0.170851 0.070665 0.179858
0.170991 0.070610 0.179770
0.171132 0.070555 0.179682
0.171272 0.070500 0.179593
0.171413 0.070446 0.179505
0.171553 0.070391 0.179417
0.171694 0.070336 0.179329
0.171834 0.070282 0.179240
0.171975 0.070227 0.179152
0.172115 0.070172 0.179064
0.172256 0.070117 0.178975
0.172396 0.070063 0.178887
0.172537 0.070008 0.178799
0.172678 0.069953 0.178711
0.172818 0.069899 0.178622
0.172936 0.069861 0.178431
0.173077 0.069806 0.178343
0.173218 0.069751 0.178254
0.173359 0.069696 0.178166
0.173499 0.069641 0.178078
0.173640 0.069587 0.177989
0.173781 0.069532 0.177901
0.173922 0.069477 0.177812
0.174062 0.069422 0.177724
0.174203 0.069367 0.177636
0.174344 0.069313 0.177547
0.174464 0.069274 0.177355
0.174605 0.069219 0.177266
0.174746 0.069164 0.177178
0.174868 0.069125 0.176984
0.175009 0.069070 0.176896
0.175131 0.069030 0.176702
0.175273 0.068975 0.176613
0.175395 0.068935 0.176419
0.175537 0.068880 0.176330
0.175660 0.068840 0.176136
0.175802 0.068785 0.176047
0.175944 0.068730 0.175958
0.176068 0.068690 0.175763
0.176193 0.068649 0.175568
0.176335 0.068594 0.175479
0.176460 0.068553 0.175283
0.176586 0.068512 0.175087
0.176712 0.068471 0.174891
0.176855 0.068416 0.174802
0.176981 0.068374 0.174605
0.177109 0.068333 0.174408
0.177252 0.068277 0.174319
0.177379 0.068236 0.174121
0.177523 0.068180 0.174031
0.177651 0.068138 0.173834
0.177795 0.068082 0.173744
0.177924 0.068040 0.173546
0.178068 0.067984 0.173456
0.178211 0.067928 0.173365
0.178341 0.067885 0.173167
0.178485 0.067829 0.173076
0.178629 0.067773 0.172986
0.178773 0.067717 0.172895
0.178904 0.067674 0.172696
0.179048 0.067618 0.172606
0.179193 0.067562 0.172515
0.179324 0.067519 0.172316
0.179469 0.067463 0.172225
0.155705 0.076920 0.181200
0.155860 0.076860 0.181103
0.156424 0.076593 0.181451
0.156578 0.076534 0.181354
0.156773 0.076450 0.181349
0.156969 0.076366 0.181343
0.157163 0.076282 0.181338
0.157316 0.076223 0.181242
0.157510 0.076139 0.181237
0.157704 0.076056 0.181232
0.157897 0.075973 0.181228
0.158090 0.075890 0.181224
0.158283 0.075807 0.181220
0.158475 0.075725 0.181216
0.158706 0.075619 0.181304
0.158897 0.075537 0.181302
0.159128 0.075432 0.181391
0.159396 0.075304 0.181573
0.159625 0.075199 0.181664
0.159891 0.075072 0.181847
0.160157 0.074945 0.182031
0.160421 0.074819 0.182217
0.160645 0.074716 0.182310
0.160831 0.074636 0.182310
0.161016 0.074556 0.182311
0.161200 0.074476 0.182312
0.161347 0.074419 0.182220
0.161494 0.074362 0.182128
0.161678 0.074283 0.182129
0.161824 0.074226 0.182037
0.161971 0.074169 0.181945
0.162154 0.074090 0.181947
0.162300 0.074033 0.181855
0.162446 0.073976 0.181763
0.162593 0.073919 0.181671
0.162775 0.073840 0.181674
0.162921 0.073783 0.181582
0.163067 0.073726 0.181491
0.163248 0.073648 0.181494
0.163429 0.073570 0.181497
0.163609 0.073492 0.181501
0.163754 0.073435 0.181410
0.163934 0.073358 0.181414
0.164114 0.073280 0.181418
0.164326 0.073181 0.181518
0.164538 0.073083 0.181619
0.164716 0.073006 0.181625
0.164926 0.072909 0.181726
0.165103 0.072832 0.181732
0.165279 0.072756 0.181739
0.165488 0.072659 0.181842
0.165631 0.072603 0.181752
0.165806 0.072527 0.181759
0.165980 0.072452 0.181766
0.166123 0.072396 0.181677
0.166297 0.072321 0.181685
0.166439 0.072265 0.181595
0.166581 0.072210 0.181506
0.166754 0.072135 0.181514
0.166896 0.072079 0.181425
0.167038 0.072024 0.181336
0.167211 0.071949 0.181345
0.167352 0.071894 0.181256
0.167524 0.071819 0.181265
0.167695 0.071745 0.181274
0.167837 0.071690 0.181185
0.168007 0.071616 0.181195
0.168149 0.071561 0.181107
0.168319 0.071487 0.181117
0.168460 0.071432 0.181028
0.168601 0.071377 0.180940
0.168770 0.071303 0.180950
0.168911 0.071248 0.180862
0.169051 0.071194 0.180774
0.169192 0.071139 0.180685
0.169360 0.071066 0.180696
0.169501 0.071011 0.180608
0.169641 0.070956 0.180520
0.169782 0.070901 0.180432
0.169923 0.070847 0.180343
0.170063 0.070792 0.180255
0.170204 0.070737 0.180167
0.170344 0.070683 0.180079
0.170485 0.070628 0.179990
0.170625 0.070573 0.179902
0.170766 0.070518 0.179814
0.170906 0.070464 0.179725
0.171047 0.070409 0.179637
0.171187 0.070354 0.179549
0.171328 0.070300 0.179461
0.171468 0.070245 0.179372
0.171609 0.070190 0.179284
0.171749 0.070135 0.179196
0.171890 0.070081 0.179108
0.172031 0.070026 0.179019
0.172148 0.069988 0.178829
0.172288 0.069933 0.178740
0.172429 0.069879 0.178652
0.172570 0.069824 0.178564
0.172711 0.069769 0.178475
0.172851 0.069714 0.178387
0.172992 0.069659 0.178298
0.173133 0.069605 0.178210
0.173274 0.069550 0.178122
0.173414 0.069495 0.178033
0.173555 0.069440 0.177945
0.173696 0.069385 0.177856
0.173837 0.069331 0.177768
0.173977 0.069276 0.177680
0.174118 0.069221 0.177591
0.174238 0.069182 0.177399
0.174379 0.069127 0.177310
0.174520 0.069072 0.177222
0.174661 0.069017 0.177133
0.174783 0.068978 0.176940
0.174924 0.068923 0.176851
0.175046 0.068883 0.176657
0.175187 0.068828 0.176569
0.175310 0.068788 0.176375
0.175433 0.068748 0.176180
0.175575 0.068693 0.176091
0.175699 0.068653 0.175897
0.175840 0.068597 0.175807
0.175965 0.068557 0.175612
0.176107 0.068501 0.175523
0.176232 0.068461 0.175328
0.176357 0.068420 0.175132
0.176483 0.068378 0.174936
0.176626 0.068323 0.174846
0.176752 0.068281 0.174650
0.176879 0.068240 0.174453
0.177006 0.068198 0.174256
0.177150 0.068142 0.174166
0.177277 0.068100 0.173969
0.177421 0.068044 0.173879
0.177565 0.067989 0.173789
0.177693 0.067946 0.173591
0.177837 0.067890 0.173500
0.177981 0.067834 0.173410
0.178110 0.067792 0.173212
0.178254 0.067736 0.173121
0.178398 0.067680 0.173031
0.178529 0.067637 0.172832
0.178673 0.067580 0.172741
0.178817 0.067524 0.172651
0.178961 0.067468 0.172560
0.179105 0.067412 0.172470
0.179237 0.067369 0.172270
0.179381 0.067312 0.172179
0.156374 0.076410 0.181493
0.156570 0.076326 0.181487
0.156723 0.076266 0.181391
0.156918 0.076183 0.181385
0.157071 0.076123 0.181289
0.157266 0.076040 0.181284
0.157418 0.075981 0.181188
0.157612 0.075898 0.181184
0.157805 0.075815 0.181180
0.157998 0.075732 0.181175
0.158191 0.075650 0.181172
0.158383 0.075567 0.181168
0.158575 0.075485 0.181165
0.158806 0.075380 0.181254
0.159037 0.075275 0.181343
0.159266 0.075171 0.181433
0.159534 0.075044 0.181616
0.159801 0.074917 0.181800
0.160067 0.074791 0.181985
0.160293 0.074688 0.182077
0.160556 0.074563 0.182263
0.160742 0.074483 0.182264
0.160927 0.074403 0.182264
0.161074 0.074346 0.182172
0.161259 0.074267 0.182173
0.161405 0.074210 0.182081
0.161552 0.074152 0.181989
0.161736 0.074073 0.181991
0.161882 0.074016 0.181899
0.162029 0.073959 0.181807
0.162175 0.073902 0.181715
0.162322 0.073845 0.181623
0.162504 0.073767 0.181625
0.162651 0.073710 0.181533
0.162797 0.073653 0.181441
0.162979 0.073574 0.181444
0.163125 0.073518 0.181353
0.163306 0.073440 0.181356
0.163521 0.073341 0.181455
0.163667 0.073284 0.181364
0.163847 0.073206 0.181368
0.164026 0.073129 0.181372
0.164239 0.073031 0.181473
0.164451 0.072933 0.181574
0.164629 0.072857 0.181579
0.164840 0.072759 0.181681
0.165017 0.072683 0.181687
0.165193 0.072607 0.181693
0.165369 0.072531 0.181700
0.165545 0.072455 0.181707
0.165720 0.072379 0.181714
0.165862 0.072324 0.181625
0.166037 0.072248 0.181632
0.166179 0.072193 0.181543
0.166353 0.072117 0.181551
0.166495 0.072062 0.181461
0.166637 0.072007 0.181372
0.166811 0.071932 0.181380
0.166953 0.071877 0.181291
0.167125 0.071802 0.181300
0.167267 0.071747 0.181211
0.167409 0.071691 0.181122
0.167580 0.071617 0.181131
0.167751 0.071543 0.181141
0.167893 0.071488 0.181052
0.168063 0.071414 0.181062
0.168205 0.071359 0.180973
0.168375 0.071285 0.180984
0.168516 0.071230 0.180895
0.168656 0.071175 0.180807
0.168826 0.071102 0.180817
0.168966 0.071047 0.180729
0.169107 0.070992 0.180641
0.169248 0.070938 0.180552
0.169416 0.070865 0.180564
0.169557 0.070810 0.180476
0.169697 0.070755 0.180387
0.169838 0.070700 0.180299
0.169978 0.070646 0.180211
0.170119 0.070591 0.180122
0.170259 0.070536 0.180034
0.170400 0.070482 0.179946
0.170540 0.070427 0.179858
0.170681 0.070372 0.179769
0.170821 0.070317 0.179681
0.170962 0.070263 0.179593
0.171103 0.070208 0.179505
0.171243 0.070153 0.179416
0.171384 0.070099 0.179328
0.171524 0.070044 0.179240
0.171641 0.070006 0.179049
0.171781 0.069951 0.178961
0.171922 0.069897 0.178873
0.172063 0.069842 0.178784
0.172203 0.069787 0.178696
0.172344 0.069732 0.178607
0.172462 0.069694 0.178416
0.172603 0.069639 0.178328
0.172744 0.069584 0.178239
0.172885 0.069529 0.178151
0.173026 0.069474 0.178062
0.173167 0.069419 0.177974
0.173308 0.069365 0.177885
0.173449 0.069310 0.177797
0.173590 0.069255 0.177708
0.173731 0.069200 0.177620
0.173872 0.069145 0.177531
0.174012 0.069090 0.177443
0.174153 0.069035 0.177354
0.174294 0.068981 0.177265
0.174435 0.068926 0.177177
0.174556 0.068886 0.176984
0.174698 0.068831 0.176895
0.174819 0.068791 0.176701
0.174961 0.068736 0.176613
0.175083 0.068696 0.176419
0.175206 0.068656 0.176224
0.175348 0.068601 0.176135
0.175471 0.068560 0.175941
0.175613 0.068505 0.175852
0.175737 0.068464 0.175657
0.175861 0.068423 0.175461
0.176004 0.068368 0.175372
0.176129 0.068327 0.175176
0.176254 0.068285 0.174980
0.176380 0.068244 0.174784
0.176523 0.068188 0.174694
0.176649 0.068147 0.174498
0.176776 0.068105 0.174301
0.176920 0.068049 0.174211
0.177047 0.068007 0.174014
0.177175 0.067965 0.173816
0.177319 0.067909 0.173726
0.177463 0.067853 0.173636
0.177591 0.067810 0.173438
0.177750 0.067741 0.173455
0.177894 0.067685 0.173365
0.178023 0.067642 0.173166
0.178167 0.067586 0.173076
0.178311 0.067530 0.172985
0.178442 0.067487 0.172786
0.178586 0.067430 0.172696
0.178730 0.067374 0.172605
0.178874 0.067318 0.172515
0.179018 0.067262 0.172424
0.179150 0.067218 0.172224
0.179294 0.067162 0.172134
0.156282 0.076250 0.181444
0.156478 0.076167 0.181438
0.156673 0.076083 0.181433
0.156826 0.076024 0.181337
0.157021 0.075941 0.181332
0.157173 0.075881 0.181236
0.157326 0.075822 0.181140
0.157520 0.075739 0.181136
0.157714 0.075656 0.181131
0.157866 0.075597 0.181036
0.158059 0.075515 0.181032
0.158251 0.075433 0.181028
0.158484 0.075327 0.181117
0.158675 0.075246 0.181114
0.158906 0.075141 0.181203
0.159176 0.075014 0.181386
0.159405 0.074911 0.181477
0.159672 0.074785 0.181660
0.159939 0.074659 0.181845
0.160204 0.074534 0.182030
0.160429 0.074432 0.182123
0.160615 0.074352 0.182124
0.160800 0.074273 0.182125
0.160985 0.074193 0.182126
0.161132 0.074136 0.182033
0.161279 0.074079 0.181941
0.161463 0.074000 0.181943
0.161610 0.073943 0.181851
0.161757 0.073886 0.181758
0.161904 0.073829 0.181666
0.162050 0.073771 0.181574
0.162233 0.073693 0.181576
0.162380 0.073636 0.181484
0.162562 0.073558 0.181487
0.162709 0.073501 0.181395
0.162890 0.073423 0.181398
0.163036 0.073366 0.181307
0.163218 0.073288 0.181310
0.163433 0.073189 0.181409
0.163579 0.073133 0.181318
0.163759 0.073055 0.181322
0.163973 0.072957 0.181422
0.164152 0.072881 0.181427
0.164364 0.072783 0.181528
0.164542 0.072707 0.181534
0.164753 0.072610 0.181636
0.164930 0.072534 0.181642
0.165107 0.072458 0.181648
0.165283 0.072382 0.181655
0.165458 0.072306 0.181662
0.165601 0.072251 0.181572
0.165776 0.072175 0.181579
0.165951 0.072100 0.181587
0.166093 0.072045 0.181498
0.166236 0.071989 0.181408
0.166409 0.071914 0.181416
0.166552 0.071859 0.181327
0.166725 0.071784 0.181335
0.166867 0.071729 0.181246
0.167009 0.071674 0.181157
0.167181 0.071599 0.181166
0.167323 0.071544 0.181077
0.167495 0.071470 0.181086
0.167636 0.071415 0.180998
0.167807 0.071341 0.181007
0.167949 0.071286 0.180919
0.168119 0.071212 0.180929
0.168261 0.071157 0.180840
0.168430 0.071084 0.180851
0.168571 0.071029 0.180762
0.168712 0.070974 0.180674
0.168881 0.070901 0.180685
0.169022 0.070846 0.180596
0.169163 0.070791 0.180508
0.169331 0.070718 0.180519
0.169472 0.070664 0.180431
0.169612 0.070609 0.180343
0.169753 0.070554 0.180255
0.169893 0.070500 0.180166
0.170034 0.070445 0.180078
0.170174 0.070390 0.179990
0.170315 0.070335 0.179901
0.170456 0.070281 0.179813
0.170596 0.070226 0.179725
0.170737 0.070171 0.179637
0.170877 0.070117 0.179548
0.171018 0.070062 0.179460
0.171158 0.070007 0.179372
0.171299 0.069952 0.179284
0.171415 0.069915 0.179093
0.171556 0.069860 0.179005
0.171696 0.069805 0.178917
0.171837 0.069750 0.178828
0.171978 0.069695 0.178740
0.172095 0.069657 0.178549
0.172236 0.069602 0.178460
0.172377 0.069547 0.178372
0.172518 0.069492 0.178283
0.172659 0.069438 0.178195
0.172800 0.069383 0.178106
0.172941 0.069328 0.178018
0.173082 0.069273 0.177929
0.173223 0.069218 0.177841
0.173364 0.069163 0.177752
0.173505 0.069108 0.177664
0.173646 0.069053 0.177575
0.173786 0.068999 0.177487
0.173927 0.068944 0.177398
0.174068 0.068889 0.177309
0.174209 0.068834 0.177221
0.174330 0.068794 0.177028
0.174471 0.068739 0.176939
0.174593 0.068699 0.176746
0.174734 0.068644 0.176657
0.174856 0.068604 0.176463
0.174978 0.068564 0.176269
0.175120 0.068508 0.176180
0.175243 0.068468 0.175985
0.175367 0.068427 0.175790
0.175509 0.068372 0.175701
0.175633 0.068331 0.175506
0.175757 0.068289 0.175310
0.175900 0.068234 0.175221
0.176025 0.068193 0.175025
0.176151 0.068151 0.174829
0.176276 0.068109 0.174632
0.176420 0.068053 0.174543
0.176546 0.068011 0.174346
0.176690 0.067956 0.174256
0.176833 0.067900 0.174166
0.176960 0.067858 0.173968
0.177088 0.067815 0.173771
0.177232 0.067759 0.173680
0.177376 0.067703 0.173590
0.177504 0.067660 0.173392
0.177648 0.067604 0.173302
0.177792 0.067548 0.173211
0.177936 0.067492 0.173121
0.178066 0.067449 0.172922
0.178210 0.067393 0.172831
0.178354 0.067337 0.172741
0.178499 0.067280 0.172650
0.178643 0.067224 0.172560
0.178774 0.067181 0.172360
0.178918 0.067124 0.172270
0.179063 0.067068 0.172179
0.156385 0.076007 0.181390
0.156581 0.075924 0.181385
0.156734 0.075865 0.181289
0.156929 0.075782 0.181284
0.157081 0.075722 0.181188
0.157234 0.075663 0.181092
0.157428 0.075580 0.181088
0.157622 0.075498 0.181083
0.157774 0.075439 0.180988
0.157967 0.075357 0.180984
0.158160 0.075275 0.180980
0.158352 0.075193 0.180977
0.158584 0.075088 0.181066
0.158815 0.074984 0.181156
0.159045 0.074881 0.181246
0.159314 0.074755 0.181429
0.159582 0.074629 0.181613
0.159810 0.074527 0.181705
0.160075 0.074402 0.181891
0.160301 0.074301 0.181984
0.160526 0.074199 0.182077
0.160673 0.074142 0.181985
0.160859 0.074062 0.181986
0.161006 0.074005 0.181893
0.161191 0.073926 0.181895
0.161337 0.073869 0.181802
0.161484 0.073812 0.181710
0.161668 0.073733 0.181712
0.161815 0.073676 0.181620
0.161962 0.073619 0.181528
0.162108 0.073562 0.181436
0.162291 0.073484 0.181438
0.162438 0.073426 0.181346
0.162620 0.073348 0.181349
0.162767 0.073292 0.181257
0.162948 0.073214 0.181260
0.163130 0.073136 0.181264
0.163346 0.073038 0.181363
0.163491 0.072981 0.181272
0.163671 0.072904 0.181276
0.163885 0.072807 0.181376
0.164064 0.072730 0.181381
0.164277 0.072633 0.181483
0.164455 0.072557 0.181488
0.164633 0.072481 0.181494
0.164844 0.072385 0.181596
0.165020 0.072309 0.181603
0.165196 0.072233 0.181610
0.165372 0.072158 0.181617
0.165515 0.072102 0.181527
0.165690 0.072027 0.181534
0.165833 0.071971 0.181445
0.166007 0.071896 0.181453
0.166150 0.071841 0.181363
0.166324 0.071766 0.181371
0.166466 0.071711 0.181282
0.166639 0.071636 0.181291
0.166781 0.071581 0.181201
0.166923 0.071526 0.181112
0.167065 0.071471 0.181023
0.167237 0.071397 0.181032
0.167379 0.071341 0.180943
0.167551 0.071267 0.180953
0.167692 0.071212 0.180864
0.167864 0.071139 0.180874
0.168005 0.071084 0.180785
0.168175 0.071010 0.180795
0.168317 0.070955 0.180707
0.168486 0.070882 0.180717
0.168627 0.070827 0.180629
0.168768 0.070772 0.180540
0.168937 0.070700 0.180552
0.169078 0.070645 0.180463
0.169246 0.070572 0.180475
0.169387 0.070518 0.180387
0.169528 0.070463 0.180298
0.169668 0.070408 0.180210
0.169809 0.070353 0.180122
0.169949 0.070299 0.180034
0.170090 0.070244 0.179945
0.170230 0.070189 0.179857
0.170371 0.070135 0.179769
0.170511 0.070080 0.179680
0.170652 0.070025 0.179592
0.170792 0.069970 0.179504
0.170933 0.069916 0.179416
0.171048 0.069878 0.179226
0.171189 0.069823 0.179137
0.171330 0.069768 0.179049
0.171471 0.069713 0.178961
0.171611 0.069659 0.178872
0.171752 0.069604 0.178784
0.171869 0.069565 0.178593
0.172010 0.069510 0.178504
0.172151 0.069456 0.178416
0.172292 0.069401 0.178327
0.172410 0.069362 0.178136
0.172551 0.069307 0.178047
0.172692 0.069252 0.177958
0.172833 0.069197 0.177870
0.172975 0.069142 0.177781
0.173116 0.069087 0.177692
0.173257 0.069032 0.177604
0.173398 0.068977 0.177515
0.173539 0.068922 0.177426
0.173680 0.068867 0.177338
0.173821 0.068812 0.177249
0.173963 0.068757 0.177160
0.174104 0.068702 0.177072
0.174245 0.068647 0.176983
0.174366 0.068607 0.176790
0.174507 0.068552 0.176701
0.174629 0.068512 0.176507
0.174751 0.068471 0.176313
0.174893 0.068416 0.176224
0.175016 0.068375 0.176029
0.175139 0.068334 0.175835
0.175262 0.068293 0.175640
0.175405 0.068238 0.175550
0.175529 0.068197 0.175355
0.175671 0.068141 0.175265
0.175814 0.068086 0.175176
0.175939 0.068044 0.174980
0.176064 0.068002 0.174784
0.176190 0.067960 0.174587
0.176333 0.067904 0.174497
0.176460 0.067862 0.174300
0.176586 0.067820 0.174103
0.176714 0.067777 0.173906
0.176858 0.067721 0.173816
0.176985 0.067679 0.173618
0.177129 0.067623 0.173528
0.177273 0.067567 0.173437
0.177402 0.067523 0.173239
0.177546 0.067467 0.173148
0.177691 0.067411 0.173058
0.177835 0.067355 0.172967
0.177979 0.067299 0.172876
0.178123 0.067243 0.172786
0.178253 0.067199 0.172587
0.178398 0.067143 0.172496
0.178542 0.067087 0.172405
0.178687 0.067030 0.172315
0.178831 0.066974 0.172224
0.178975 0.066918 0.172133
0.179107 0.066874 0.171933
0.156336 0.075825 0.181432
0.156531 0.075742 0.181427
0.156684 0.075683 0.181331
0.156837 0.075623 0.181235
0.156989 0.075564 0.181140
0.157184 0.075481 0.181135
0.157336 0.075422 0.181039
0.157530 0.075340 0.181035
0.157682 0.075280 0.180940
0.157875 0.075198 0.180936
0.158068 0.075117 0.180932
0.158260 0.075035 0.180929
0.158493 0.074931 0.181018
0.158724 0.074827 0.181108
0.158955 0.074724 0.181198
0.159224 0.074599 0.181382
0.159453 0.074496 0.181473
0.159720 0.074372 0.181658
0.159986 0.074248 0.181844
0.160212 0.074147 0.181937
0.160398 0.074068 0.181938
0.160584 0.073988 0.181938
0.160732 0.073931 0.181846
0.160879 0.073874 0.181753
0.161064 0.073795 0.181754
0.161211 0.073738 0.181662
0.161396 0.073659 0.181664
0.161543 0.073602 0.181571
0.161689 0.073545 0.181479
0.161873 0.073466 0.181481
0.162020 0.073409 0.181389
0.162167 0.073352 0.181297
0.162349 0.073274 0.181300
0.162496 0.073217 0.181208
0.162678 0.073139 0.181211
0.162860 0.073062 0.181214
0.163042 0.072984 0.181218
0.163258 0.072887 0.181317
0.163403 0.072830 0.181226
0.163584 0.072753 0.181230
0.163798 0.072656 0.181331
0.163977 0.072580 0.181336
0.164190 0.072483 0.181437
0.164368 0.072407 0.181443
0.164546 0.072331 0.181448
0.164757 0.072235 0.181551
0.164934 0.072160 0.181558
0.165110 0.072085 0.181565
0.165253 0.072029 0.181475
0.165429 0.071954 0.181482
0.165572 0.071898 0.181392
0.165747 0.071823 0.181400
0.165921 0.071748 0.181408
0.166064 0.071693 0.181318
0.166238 0.071618 0.181326
0.166380 0.071563 0.181237
0.166553 0.071489 0.181246
0.166695 0.071434 0.181157
0.166837 0.071378 0.181067
0.166979 0.071323 0.180978
0.167152 0.071249 0.180987
0.167294 0.071194 0.180898
0.167435 0.071139 0.180809
0.167607 0.071065 0.180819
0.167749 0.071010 0.180730
0.167920 0.070937 0.180740
0.168061 0.070882 0.180652
0.168231 0.070809 0.180662
0.168372 0.070754 0.180573
0.168542 0.070681 0.180584
0.168683 0.070626 0.180496
0.168824 0.070571 0.180407
0.168993 0.070498 0.180419
0.169134 0.070444 0.180330
0.169302 0.070371 0.180342
0.169443 0.070317 0.180254
0.169583 0.070262 0.180166
0.169724 0.070207 0.180077
0.169864 0.070153 0.179989
0.170005 0.070098 0.179901
0.170145 0.070043 0.179813
0.170286 0.069988 0.179724
0.170426 0.069934 0.179636
0.170567 0.069879 0.179548
0.170708 0.069824 0.179460
0.170823 0.069786 0.179270
0.170963 0.069731 0.179181
0.171104 0.069677 0.179093
0.171245 0.069622 0.179004
0.171386 0.069567 0.178916
0.171502 0.069528 0.178725
0.171643 0.069474 0.178637
0.171784 0.069419 0.178548
0.171925 0.069364 0.178460
0.172066 0.069309 0.178371
0.172184 0.069270 0.178180
0.172325 0.069215 0.178091
0.172466 0.069160 0.178002
0.172607 0.069105 0.177914
0.172748 0.069050 0.177825
0.172889 0.068995 0.177736
0.173030 0.068940 0.177648
0.173172 0.068885 0.177559
0.173313 0.068830 0.177471
0.173454 0.068775 0.177382
0.173595 0.068720 0.177293
0.173736 0.068665 0.177205
0.173877 0.068610 0.177116
0.173998 0.068570 0.176923
0.174139 0.068515 0.176834
0.174281 0.068460 0.176745
0.174402 0.068420 0.176551
0.174524 0.068379 0.176357
0.174666 0.068324 0.176268
0.174807 0.068269 0.176179
0.174930 0.068228 0.175985
0.175053 0.068187 0.175790
0.175176 0.068145 0.175595
0.175319 0.068090 0.175505
0.175443 0.068048 0.175310
0.175567 0.068007 0.175114
0.175710 0.067951 0.175024
0.175835 0.067909 0.174828
0.175960 0.067867 0.174632
0.176086 0.067825 0.174435
0.176213 0.067782 0.174238
0.176356 0.067726 0.174148
0.176483 0.067684 0.173951
0.176627 0.067628 0.173861
0.176754 0.067585 0.173663
0.176882 0.067542 0.173465
0.177027 0.067486 0.173374
0.177171 0.067430 0.173284
0.177300 0.067386 0.173085
0.177444 0.067330 0.172995
0.177588 0.067274 0.172904
0.177718 0.067230 0.172705
0.177863 0.067174 0.172614
0.178007 0.067117 0.172523
0.178152 0.067061 0.172432
0.178297 0.067005 0.172342
0.178441 0.066949 0.172251
0.178586 0.066892 0.172160
0.178730 0.066836 0.172069
0.178875 0.066780 0.171978
0.179020 0.066723 0.171887
0.156244 0.075666 0.181384
0.156439 0.075583 0.181379
0.156592 0.075524 0.181283
0.156744 0.075464 0.181187
0.156897 0.075405 0.181091
0.157092 0.075323 0.181087
0.157244 0.075263 0.180991
0.157438 0.075181 0.180987
0.157590 0.075122 0.180891
0.157783 0.075040 0.180888
0.157976 0.074959 0.180884
0.158209 0.074855 0.180973
0.158401 0.074774 0.180971
0.158633 0.074671 0.181060
0.158864 0.074568 0.181151
0.159134 0.074443 0.181334
0.159363 0.074341 0.181426
0.159630 0.074217 0.181611
0.159857 0.074116 0.181704
0.160084 0.074015 0.181797
0.160270 0.073936 0.181798
0.160457 0.073857 0.181798
0.160643 0.073778 0.181799
0.160790 0.073720 0.181707
0.160937 0.073663 0.181614
0.161122 0.073585 0.181616
0.161269 0.073527 0.181523
0.161417 0.073470 0.181431
0.161601 0.073392 0.181433
0.161748 0.073335 0.181341
0.161895 0.073277 0.181248
0.162078 0.073199 0.181251
0.162261 0.073122 0.181253
0.162408 0.073065 0.181161
0.162590 0.072987 0.181165
0.162772 0.072910 0.181168
0.162989 0.072812 0.181267
0.163170 0.072735 0.181271
0.163316 0.072679 0.181180
0.163496 0.072602 0.181184
0.163711 0.072505 0.181285
0.163890 0.072429 0.181290
0.164103 0.072333 0.181391
0.164281 0.072257 0.181397
0.164459 0.072182 0.181403
0.164637 0.072106 0.181409
0.164814 0.072030 0.181416
0.164991 0.071955 0.181422
0.165167 0.071880 0.181429
0.165343 0.071805 0.181437
0.165485 0.071750 0.181347
0.165661 0.071675 0.181355
0.165835 0.071600 0.181363
0.165978 0.071545 0.181273
0.166152 0.071471 0.181281
0.166294 0.071415 0.181192
0.166468 0.071341 0.181201
0.166610 0.071286 0.181112
0.166752 0.071231 0.181022
0.166894 0.071175 0.180933
0.167066 0.071102 0.180943
0.167208 0.071046 0.180854
0.167350 0.070991 0.180765
0.167492 0.070936 0.180676
0.167663 0.070863 0.180685
0.167805 0.070808 0.180597
0.167976 0.070735 0.180607
0.168117 0.070680 0.180518
0.168287 0.070607 0.180529
0.168428 0.070552 0.180440
0.168598 0.070479 0.180451
0.168739 0.070424 0.180363
0.168880 0.070370 0.180274
0.169049 0.070297 0.180286
0.169190 0.070242 0.180198
0.169358 0.070170 0.180210
0.169498 0.070116 0.180121
0.169639 0.070061 0.180033
0.169780 0.070006 0.179945
0.169920 0.069952 0.179856
0.170061 0.069897 0.179768
0.170201 0.069842 0.179680
0.170342 0.069787 0.179592
0.170482 0.069733 0.179503
0.170597 0.069695 0.179314
0.170738 0.069640 0.179225
0.170879 0.069585 0.179137
0.171019 0.069530 0.179048
0.171160 0.069475 0.178960
0.171276 0.069437 0.178769
0.171417 0.069382 0.178681
0.171558 0.069327 0.178592
0.171699 0.069272 0.178504
0.171840 0.069217 0.178415
0.171957 0.069178 0.178224
0.172098 0.069123 0.178135
0.172240 0.069068 0.178046
0.172381 0.069013 0.177958
0.172522 0.068958 0.177869
0.172640 0.068919 0.177677
0.172782 0.068863 0.177588
0.172923 0.068808 0.177499
0.173064 0.068753 0.177411
0.173228 0.068683 0.177426
0.173369 0.068628 0.177337
0.173489 0.068588 0.177144
0.173630 0.068533 0.177055
0.173771 0.068478 0.176967
0.173913 0.068423 0.176878
0.174054 0.068368 0.176789
0.174195 0.068313 0.176700
0.174317 0.068272 0.176506
0.174438 0.068232 0.176312
0.174580 0.068176 0.176223
0.174702 0.068135 0.176029
0.174825 0.068094 0.175834
0.174948 0.068053 0.175639
0.175071 0.068011 0.175444
0.175214 0.067956 0.175354
0.175338 0.067914 0.175159
0.175463 0.067872 0.174963
0.175606 0.067816 0.174873
0.175731 0.067774 0.174677
0.175856 0.067731 0.174480
0.175982 0.067689 0.174283
0.176109 0.067646 0.174086
0.176252 0.067590 0.173996
0.176379 0.067547 0.173798
0.176507 0.067504 0.173601
0.176651 0.067448 0.173510
0.176779 0.067405 0.173312
0.176923 0.067348 0.173221
0.177052 0.067305 0.173023
0.177197 0.067249 0.172932
0.177341 0.067192 0.172841
0.177471 0.067148 0.172642
0.177616 0.067092 0.172551
0.177760 0.067036 0.172460
0.177905 0.066979 0.172369
0.178036 0.066935 0.172169
0.178181 0.066878 0.172078
0.178340 0.066810 0.172096
0.178485 0.066754 0.172005
0.178616 0.066709 0.171805
0.156151 0.075507 0.181336
0.156304 0.075447 0.181240
0.156500 0.075365 0.181235
0.156652 0.075306 0.181139
0.156805 0.075246 0.181043
0.156958 0.075187 0.180947
0.157152 0.075105 0.180943
0.157346 0.075023 0.180939
0.157498 0.074964 0.180843
0.157692 0.074882 0.180840
0.157926 0.074779 0.180928
0.158118 0.074698 0.180925
0.158310 0.074617 0.180923
0.158542 0.074514 0.181013
0.158773 0.074411 0.181103
0.159043 0.074287 0.181287
0.159273 0.074186 0.181379
0.159501 0.074084 0.181471
0.159729 0.073983 0.181564
0.159955 0.073882 0.181657
0.160142 0.073803 0.181657
0.160329 0.073725 0.181658
0.160515 0.073646 0.181659
0.160663 0.073588 0.181566
0.160848 0.073510 0.181568
0.160996 0.073453 0.181475
0.161143 0.073395 0.181383
0.161328 0.073317 0.181384
0.161475 0.073260 0.181292
0.161659 0.073182 0.181294
0.161806 0.073125 0.181202
0.161990 0.073047 0.181204
0.162136 0.072990 0.181112
0.162319 0.072912 0.181115
0.162502 0.072835 0.181118
0.162684 0.072758 0.181122
0.162901 0.072661 0.181221
0.163082 0.072584 0.181225
0.163228 0.072527 0.181134
0.163408 0.072451 0.181138
0.163623 0.072355 0.181239
0.163803 0.072279 0.181244
0.164016 0.072183 0.181346
0.164194 0.072107 0.181352
0.164372 0.072032 0.181358
0.164550 0.071957 0.181364
0.164727 0.071881 0.181370
0.164904 0.071806 0.181377
0.165080 0.071731 0.181384
0.165256 0.071657 0.181392
0.165399 0.071601 0.181302
0.165575 0.071527 0.181310
0.165750 0.071452 0.181318
0.165892 0.071397 0.181228
0.166066 0.071323 0.181237
0.166208 0.071267 0.181147
0.166351 0.071212 0.181058
0.166524 0.071138 0.181067
0.166666 0.071083 0.180978
0.166808 0.071028 0.180888
0.166950 0.070972 0.180799
0.167123 0.070899 0.180809
0.167264 0.070844 0.180720
0.167406 0.070789 0.180631
0.167548 0.070733 0.180542
0.167719 0.070660 0.180552
0.167861 0.070605 0.180463
0.168032 0.070533 0.180473
0.168173 0.070478 0.180385
0.168343 0.070405 0.180396
0.168484 0.070350 0.180307
0.168626 0.070295 0.180218
0.168795 0.070223 0.180230
0.168964 0.070151 0.180241
0.169105 0.070096 0.180153
0.169245 0.070041 0.180065
0.169386 0.069986 0.179976
0.169554 0.069915 0.179989
0.169695 0.069860 0.179900
0.169835 0.069805 0.179812
0.169976 0.069751 0.179724
0.170116 0.069696 0.179636
0.170257 0.069641 0.179547
0.170371 0.069603 0.179357
0.170512 0.069548 0.179269
0.170653 0.069493 0.179181
0.170794 0.069439 0.179092
0.170934 0.069384 0.179004
0.171050 0.069345 0.178813
0.171191 0.069290 0.178725
0.171332 0.069235 0.178636
0.171473 0.069180 0.178548
0.171614 0.069125 0.178459
0.171731 0.069086 0.178268
0.171872 0.069031 0.178179
0.172013 0.068976 0.178091
0.172154 0.068921 0.178002
0.172272 0.068882 0.177810
0.172414 0.068827 0.177721
0.172555 0.068771 0.177632
0.172696 0.068716 0.177544
0.172838 0.068661 0.177455
0.172979 0.068606 0.177366
0.173142 0.068537 0.177381
0.173284 0.068482 0.177293
0.173403 0.068441 0.177100
0.173545 0.068386 0.177011
0.173686 0.068331 0.176922
0.173827 0.068276 0.176833
0.173948 0.068235 0.176640
0.174090 0.068180 0.176551
0.174211 0.068139 0.176357
0.174353 0.068084 0.176268
0.174475 0.068043 0.176073
0.174597 0.068001 0.175878
0.174739 0.067946 0.175789
0.174862 0.067905 0.175594
0.174985 0.067863 0.175399
0.175109 0.067821 0.175203
0.175233 0.067779 0.175007
0.175358 0.067736 0.174811
0.175501 0.067681 0.174721
0.175626 0.067638 0.174525
0.175752 0.067595 0.174328
0.175878 0.067553 0.174131
0.176004 0.067510 0.173934
0.176148 0.067454 0.173843
0.176276 0.067410 0.173646
0.176403 0.067367 0.173448
0.176547 0.067311 0.173357
0.176676 0.067267 0.173159
0.176804 0.067223 0.172960
0.176949 0.067167 0.172869
0.177094 0.067110 0.172778
0.177223 0.067066 0.172579
0.177368 0.067010 0.172488
0.177498 0.066966 0.172289
0.177643 0.066909 0.172197
0.177789 0.066852 0.172106
0.177934 0.066796 0.172015
0.178079 0.066739 0.171924
0.178224 0.066683 0.171832
0.178370 0.066626 0.171741
0.156016 0.075371 0.181197
0.156212 0.075288 0.181191
0.156408 0.075206 0.181187
0.156560 0.075147 0.181091
0.156713 0.075087 0.180995
0.156865 0.075028 0.180899
0.157060 0.074946 0.180895
0.157254 0.074865 0.180891
0.157406 0.074805 0.180795
0.157600 0.074724 0.180792
0.157834 0.074621 0.180881
0.158027 0.074540 0.180878
0.158219 0.074459 0.180875
0.158451 0.074357 0.180965
0.158682 0.074255 0.181056
0.158953 0.074132 0.181240
0.159182 0.074030 0.181332
0.159411 0.073929 0.181424
0.159639 0.073829 0.181517
0.159866 0.073728 0.181610
0.160053 0.073650 0.181611
0.160240 0.073571 0.181611
0.160388 0.073513 0.181519
0.160574 0.073435 0.181520
0.160721 0.073378 0.181427
0.160907 0.073299 0.181428
0.161054 0.073242 0.181336
0.161201 0.073185 0.181243
0.161386 0.073107 0.181245
0.161533 0.073049 0.181153
0.161717 0.072972 0.181155
0.161901 0.072894 0.181158
0.162084 0.072817 0.181161
0.162267 0.072740 0.181164
0.162450 0.072663 0.181167
0.162632 0.072586 0.181171
0.162813 0.072509 0.181175
0.162994 0.072433 0.181179
0.163140 0.072376 0.181088
0.163321 0.072300 0.181092
0.163536 0.072204 0.181193
0.163715 0.072128 0.181198
0.163894 0.072053 0.181204
0.164108 0.071958 0.181306
0.164286 0.071882 0.181312
0.164463 0.071807 0.181318
0.164641 0.071732 0.181325
0.164818 0.071657 0.181332
0.164994 0.071583 0.181339
0.165170 0.071508 0.181346
0.165313 0.071452 0.181257
0.165489 0.071378 0.181265
0.165664 0.071304 0.181273
0.165806 0.071249 0.181183
0.165948 0.071193 0.181094
0.166123 0.071119 0.181102
0.166265 0.071064 0.181013
0.166438 0.070990 0.181022
0.166580 0.070935 0.180933
0.166722 0.070880 0.180844
0.166864 0.070825 0.180754
0.167006 0.070769 0.180665
0.167148 0.070714 0.180576
0.167320 0.070641 0.180586
0.167462 0.070586 0.180497
0.167604 0.070531 0.180408
0.167775 0.070458 0.180418
0.167946 0.070385 0.180429
0.168088 0.070330 0.180340
0.168229 0.070275 0.180251
0.168399 0.070203 0.180262
0.168540 0.070148 0.180174
0.168710 0.070076 0.180185
0.168851 0.070021 0.180097
0.169020 0.069950 0.180109
0.169161 0.069895 0.180020
0.169301 0.069840 0.179932
0.169442 0.069785 0.179843
0.169610 0.069714 0.179856
0.169750 0.069659 0.179768
0.169891 0.069605 0.179679
0.170005 0.069566 0.179490
0.170146 0.069511 0.179401
0.170286 0.069457 0.179313
0.170427 0.069402 0.179225
0.170568 0.069347 0.179136
0.170709 0.069292 0.179048
0.170849 0.069237 0.178959
0.170965 0.069198 0.178769
0.171106 0.069143 0.178680
0.171247 0.069089 0.178592
0.171388 0.069034 0.178503
0.171505 0.068994 0.178312
0.171646 0.068939 0.178223
0.171787 0.068884 0.178135
0.171928 0.068829 0.178046
0.172069 0.068774 0.177957
0.172187 0.068735 0.177765
0.172328 0.068679 0.177676
0.172470 0.068624 0.177588
0.172611 0.068569 0.177499
0.172753 0.068514 0.177410
0.172894 0.068459 0.177321
0.173035 0.068404 0.177232
0.173177 0.068349 0.177144
0.173318 0.068294 0.177055
0.173459 0.068239 0.176966
0.173601 0.068184 0.176877
0.173721 0.068143 0.176684
0.173863 0.068088 0.176595
0.173984 0.068047 0.176401
0.174125 0.067992 0.176312
0.174247 0.067950 0.176117
0.174369 0.067909 0.175923
0.174491 0.067867 0.175728
0.174634 0.067812 0.175638
0.174757 0.067770 0.175443
0.174880 0.067728 0.175248
0.175004 0.067686 0.175052
0.175128 0.067643 0.174856
0.175253 0.067601 0.174660
0.175396 0.067545 0.174569
0.175522 0.067502 0.174373
0.175647 0.067459 0.174176
0.175774 0.067416 0.173979
0.175900 0.067373 0.173781
0.176027 0.067329 0.173583
0.176171 0.067273 0.173493
0.176299 0.067229 0.173295
0.176427 0.067185 0.173096
0.176572 0.067129 0.173005
0.176700 0.067085 0.172807
0.176845 0.067028 0.172715
0.176975 0.066984 0.172516
0.177120 0.066928 0.172425
0.177250 0.066883 0.172226
0.177395 0.066826 0.172134
0.177541 0.066770 0.172043
0.177671 0.066725 0.171843
0.177817 0.066668 0.171751
0.177962 0.066611 0.171660
0.178108 0.066555 0.171568
0.178254 0.066498 0.171477
0.155924 0.075211 0.181148
0.156120 0.075129 0.181143
0.156273 0.075070 0.181047
0.156425 0.075010 0.180951
0.156621 0.074929 0.180947
0.156773 0.074869 0.180851
0.156968 0.074788 0.180847
0.157120 0.074728 0.180751
0.157315 0.074647 0.180747
0.157508 0.074566 0.180744
0.157701 0.074485 0.180740
0.157935 0.074383 0.180830
0.158128 0.074302 0.180827
0.158360 0.074200 0.180917
0.158632 0.074077 0.181101
0.158862 0.073976 0.181192
0.159092 0.073875 0.181284
0.159321 0.073774 0.181377
0.159510 0.073695 0.181377
0.159737 0.073595 0.181470
0.159925 0.073517 0.181470
0.160112 0.073438 0.181471
0.160298 0.073360 0.181472
0.160446 0.073302 0.181379
0.160632 0.073224 0.181380
0.160780 0.073167 0.181288
0.160965 0.073089 0.181289
0.161113 0.073031 0.181197
0.161297 0.072954 0.181199
0.161482 0.072876 0.181201
0.161629 0.072819 0.181109
0.161812 0.072742 0.181112
0.161996 0.072665 0.181115
0.162179 0.072588 0.181118
0.162361 0.072511 0.181121
0.162544 0.072434 0.181125
0.162725 0.072358 0.181129
0.162907 0.072281 0.181133
0.163052 0.072225 0.181042
0.163233 0.072149 0.181046
0.163413 0.072073 0.181051
0.163628 0.071978 0.181153
0.163807 0.071902 0.181158
0.164021 0.071808 0.181260
0.164199 0.071733 0.181267
0.164377 0.071658 0.181273
0.164554 0.071583 0.181280
0.164731 0.071508 0.181287
0.164908 0.071434 0.181294
0.165084 0.071360 0.181301
0.165260 0.071285 0.181309
0.165402 0.071230 0.181219
0.165578 0.071156 0.181228
0.165720 0.071101 0.181138
0.165862 0.071045 0.181049
0.166037 0.070972 0.181057
0.166179 0.070916 0.180968
0.166321 0.070861 0.180879
0.166463 0.070805 0.180789
0.166637 0.070732 0.180799
0.166779 0.070677 0.180710
0.166921 0.070622 0.180620
0.167063 0.070566 0.180531
0.167205 0.070511 0.180442
0.167347 0.070456 0.180353
0.167518 0.070383 0.180363
0.167660 0.070328 0.180274
0.167832 0.070256 0.180285
0.167973 0.070201 0.180196
0.168144 0.070128 0.180207
0.168314 0.070056 0.180218
0.168455 0.070001 0.180129
0.168596 0.069946 0.180040
0.168766 0.069875 0.180052
0.168907 0.069820 0.179964
0.169076 0.069748 0.179976
0.169216 0.069694 0.179887
0.169357 0.069639 0.179799
0.169498 0.069584 0.179710
0.169666 0.069513 0.179723
0.169806 0.069458 0.179635
0.169920 0.069420 0.179445
0.170061 0.069365 0.179357
0.170202 0.069310 0.179268
0.170342 0.069255 0.179180
0.170483 0.069201 0.179092
0.170624 0.069146 0.179003
0.170764 0.069091 0.178915
0.170880 0.069052 0.178724
0.171021 0.068997 0.178636
0.171162 0.068942 0.178547
0.171303 0.068887 0.178459
0.171419 0.068847 0.178267
0.171561 0.068792 0.178179
0.171702 0.068738 0.178090
0.171843 0.068683 0.178001
0.171960 0.068643 0.177809
0.172102 0.068587 0.177721
0.172243 0.068532 0.177632
0.172385 0.068477 0.177543
0.172526 0.068422 0.177454
0.172667 0.068367 0.177365
0.172809 0.068312 0.177277
0.172950 0.068257 0.177188
0.173091 0.068202 0.177099
0.173211 0.068161 0.176906
0.173352 0.068106 0.176817
0.173494 0.068051 0.176728
0.173614 0.068010 0.176534
0.173756 0.067955 0.176445
0.173898 0.067900 0.176356
0.174019 0.067858 0.176162
0.174141 0.067816 0.175967
0.174263 0.067775 0.175772
0.174405 0.067719 0.175683
0.174528 0.067677 0.175488
0.174651 0.067635 0.175292
0.174775 0.067593 0.175097
0.174899 0.067550 0.174901
0.175023 0.067507 0.174704
0.175166 0.067451 0.174614
0.175291 0.067408 0.174418
0.175417 0.067365 0.174221
0.175543 0.067322 0.174024
0.175669 0.067279 0.173826
0.175795 0.067235 0.173629
0.175922 0.067191 0.173431
0.176067 0.067135 0.173340
0.176195 0.067091 0.173141
0.176323 0.067047 0.172943
0.176468 0.066991 0.172852
0.176596 0.066946 0.172653
0.176725 0.066902 0.172454
0.176871 0.066845 0.172362
0.177001 0.066800 0.172163
0.177146 0.066743 0.172071
0.177277 0.066698 0.171871
0.177422 0.066642 0.171780
0.177568 0.066585 0.171688
0.177714 0.066528 0.171596
0.177860 0.066471 0.171505
0.177992 0.066426 0.171304
0.155831 0.075052 0.181100
0.156027 0.074970 0.181095
0.156180 0.074911 0.180999
0.156333 0.074851 0.180903
0.156529 0.074770 0.180898
0.156681 0.074710 0.180802
0.156876 0.074629 0.180798
0.157070 0.074548 0.180795
0.157223 0.074489 0.180699
0.157416 0.074408 0.180696
0.157610 0.074327 0.180692
0.157844 0.074225 0.180782
0.158036 0.074145 0.180779
0.158269 0.074043 0.180870
0.158541 0.073921 0.181054
0.158772 0.073820 0.181145
0.159002 0.073720 0.181237
0.159231 0.073620 0.181330
0.159420 0.073541 0.181330
0.159648 0.073441 0.181423
0.159835 0.073363 0.181424
0.160022 0.073284 0.181424
0.160170 0.073227 0.181331
0.160357 0.073149 0.181332
0.160543 0.073071 0.181334
0.160691 0.073013 0.181241
0.160876 0.072936 0.181243
0.161061 0.072858 0.181245
0.161209 0.072801 0.181152
0.161393 0.072723 0.181155
0.161577 0.072646 0.181157
0.161761 0.072569 0.181160
0.161907 0.072512 0.181068
0.162091 0.072436 0.181072
0.162273 0.072359 0.181075
0.162456 0.072283 0.181079
0.162637 0.072206 0.181083
0.162819 0.072130 0.181087
0.162964 0.072074 0.180996
0.163145 0.071998 0.181001
0.163326 0.071922 0.181005
0.163541 0.071827 0.181107
0.163720 0.071752 0.181113
0.163934 0.071658 0.181215
0.164112 0.071583 0.181221
0.164290 0.071508 0.181228
0.164468 0.071434 0.181234
0.164679 0.071341 0.181339
0.164822 0.071285 0.181249
0.164998 0.071211 0.181256
0.165174 0.071137 0.181264
0.165316 0.071082 0.181174
0.165492 0.071008 0.181183
0.165634 0.070952 0.181093
0.165777 0.070897 0.181004
0.165919 0.070842 0.180914
0.166093 0.070768 0.180923
0.166235 0.070713 0.180834
0.166378 0.070658 0.180744
0.166520 0.070602 0.180655
0.166662 0.070547 0.180566
0.166804 0.070492 0.180477
0.166946 0.070436 0.180387
0.167119 0.070363 0.180397
0.167261 0.070308 0.180308
0.167403 0.070253 0.180219
0.167575 0.070181 0.180229
0.167716 0.070125 0.180140
0.167888 0.070053 0.180151
0.168058 0.069981 0.180162
0.168200 0.069926 0.180073
0.168370 0.069855 0.180084
0.168511 0.069800 0.179996
0.168681 0.069728 0.180008
0.168822 0.069673 0.179919
0.168991 0.069602 0.179931
0.169131 0.069547 0.179843
0.169272 0.069493 0.179754
0.169413 0.069438 0.179666
0.169581 0.069367 0.179679
0.169721 0.069312 0.179591
0.169835 0.069273 0.179401
0.169976 0.069219 0.179312
0.170117 0.069164 0.179224
0.170257 0.069109 0.179136
0.170398 0.069054 0.179047
0.170539 0.068999 0.178959
0.170654 0.068960 0.178768
0.170795 0.068905 0.178680
0.170936 0.068850 0.178591
0.171052 0.068811 0.178400
0.171193 0.068756 0.178311
0.171334 0.068701 0.178223
0.171475 0.068646 0.178134
0.171617 0.068591 0.178045
0.171734 0.068550 0.177853
0.171875 0.068495 0.177765
0.172016 0.068440 0.177676
0.172158 0.068385 0.177587
0.172299 0.068330 0.177498
0.172418 0.068290 0.177306
0.172559 0.068235 0.177217
0.172701 0.068179 0.177128
0.172842 0.068124 0.177039
0.172984 0.068069 0.176950
0.173125 0.068014 0.176861
0.173267 0.067959 0.176772
0.173387 0.067918 0.176578
0.173529 0.067863 0.176489
0.173650 0.067821 0.176295
0.173792 0.067766 0.176206
0.173913 0.067724 0.176012
0.174035 0.067682 0.175817
0.174177 0.067626 0.175727
0.174299 0.067584 0.175532
0.174422 0.067542 0.175337
0.174545 0.067499 0.175141
0.174688 0.067444 0.175051
0.174812 0.067401 0.174855
0.174937 0.067358 0.174659
0.175061 0.067315 0.174462
0.175186 0.067272 0.174266
0.175330 0.067216 0.174175
0.175456 0.067172 0.173978
0.175582 0.067129 0.173781
0.175690 0.067097 0.173476
0.175835 0.067041 0.173385
0.175962 0.066997 0.173187
0.176090 0.066953 0.172988
0.176218 0.066908 0.172789
0.176347 0.066864 0.172590
0.176492 0.066807 0.172499
0.176621 0.066762 0.172300
0.176767 0.066705 0.172208
0.176897 0.066660 0.172008
0.177027 0.066615 0.171808
0.177173 0.066558 0.171717
0.177319 0.066501 0.171625
0.177450 0.066456 0.171424
0.177596 0.066399 0.171332
0.177743 0.066342 0.171241
0.177889 0.066285 0.171149
0.155455 0.075019 0.180875
0.155695 0.074915 0.180960
0.155935 0.074811 0.181047
0.156088 0.074752 0.180951
0.156241 0.074692 0.180855
0.156436 0.074611 0.180850
0.156589 0.074552 0.180754
0.156784 0.074471 0.180750
0.156979 0.074390 0.180746
0.157131 0.074330 0.180651
0.157325 0.074250 0.180647
0.157518 0.074169 0.180644
0.157753 0.074068 0.180734
0.157945 0.073987 0.180732
0.158178 0.073886 0.180822
0.158410 0.073786 0.180913
0.158682 0.073664 0.181098
0.158872 0.073585 0.181097
0.159101 0.073485 0.181189
0.159330 0.073386 0.181283
0.159519 0.073307 0.181283
0.159706 0.073229 0.181283
0.159894 0.073151 0.181284
0.160081 0.073073 0.181285
0.160268 0.072995 0.181286
0.160454 0.072917 0.181287
0.160640 0.072840 0.181289
0.160787 0.072782 0.181196
0.160973 0.072705 0.181198
0.161158 0.072628 0.181201
0.161342 0.072551 0.181203
0.161526 0.072474 0.181206
0.161673 0.072417 0.181114
0.161856 0.072340 0.181117
0.162039 0.072264 0.181121
0.162222 0.072188 0.181124
0.162368 0.072131 0.181033
0.162550 0.072055 0.181037
0.162731 0.071979 0.181041
0.162877 0.071922 0.180950
0.163058 0.071847 0.180955
0.163238 0.071771 0.180960
0.163453 0.071677 0.181061
0.163633 0.071602 0.181067
0.163812 0.071527 0.181073
0.164025 0.071434 0.181176
0.164203 0.071359 0.181182
0.164381 0.071285 0.181189
0.164592 0.071192 0.181293
0.164735 0.071136 0.181203
0.164912 0.071062 0.181211
0.165088 0.070989 0.181219
0.165230 0.070933 0.181129
0.165406 0.070860 0.181138
0.165548 0.070804 0.181048
0.165691 0.070749 0.180959
0.165833 0.070693 0.180869
0.165975 0.070638 0.180780
0.166150 0.070565 0.180789
0.166292 0.070510 0.180700
0.166434 0.070454 0.180610
0.166576 0.070399 0.180521
0.166718 0.070344 0.180432
0.166860 0.070288 0.180342
0.167033 0.070216 0.180352
0.167175 0.070161 0.180263
0.167317 0.070105 0.180174
0.167489 0.070033 0.180184
0.167631 0.069978 0.180095
0.167802 0.069906 0.180106
0.167944 0.069851 0.180017
0.168115 0.069779 0.180028
0.168256 0.069724 0.179940
0.168426 0.069653 0.179951
0.168596 0.069582 0.179963
0.168737 0.069527 0.179874
0.168906 0.069456 0.179887
0.169046 0.069401 0.179798
0.169187 0.069346 0.179710
0.169328 0.069291 0.179621
0.169469 0.069237 0.179533
0.169609 0.069182 0.179445
0.169750 0.069127 0.179356
0.169891 0.069072 0.179268
0.170032 0.069017 0.179179
0.170172 0.068963 0.179091
0.170313 0.068908 0.179003
0.170454 0.068853 0.178914
0.170569 0.068813 0.178724
0.170710 0.068758 0.178635
0.170851 0.068704 0.178547
0.170967 0.068664 0.178355
0.171108 0.068609 0.178267
0.171249 0.068554 0.178178
0.171390 0.068499 0.178089
0.171507 0.068458 0.177898
0.171648 0.068403 0.177809
0.171790 0.068348 0.177720
0.171931 0.068293 0.177631
0.172049 0.068253 0.177439
0.172191 0.068198 0.177350
0.172332 0.068142 0.177261
0.172474 0.068087 0.177172
0.172615 0.068032 0.177083
0.172757 0.067977 0.176994
0.172876 0.067936 0.176801
0.173018 0.067881 0.176712
0.173160 0.067825 0.176623
0.173302 0.067770 0.176534
0.173422 0.067729 0.176339
0.173564 0.067673 0.176250
0.173685 0.067631 0.176056
0.173806 0.067589 0.175861
0.173949 0.067534 0.175772
0.174071 0.067492 0.175577
0.174193 0.067449 0.175381
0.174336 0.067393 0.175292
0.174459 0.067351 0.175096
0.174583 0.067308 0.174900
0.174707 0.067265 0.174704
0.174850 0.067209 0.174614
0.174974 0.067166 0.174417
0.175099 0.067122 0.174220
0.175225 0.067079 0.174023
0.175350 0.067035 0.173826
0.175477 0.066991 0.173628
0.175603 0.066947 0.173430
0.175730 0.066903 0.173232
0.175858 0.066858 0.173033
0.175985 0.066814 0.172835
0.176114 0.066769 0.172636
0.176242 0.066724 0.172437
0.176388 0.066667 0.172345
0.176517 0.066622 0.172146
0.176647 0.066577 0.171946
0.176793 0.066520 0.171854
0.176923 0.066474 0.171654
0.177069 0.066418 0.171562
0.177216 0.066361 0.171470
0.177347 0.066315 0.171269
0.177493 0.066258 0.171177
0.177640 0.066201 0.171085
0.177786 0.066144 0.170993
0.155362 0.074859 0.180826
0.155516 0.074800 0.180730
0.155626 0.074762 0.180542
0.155953 0.074615 0.180811
0.156149 0.074533 0.180806
0.156302 0.074474 0.180710
0.156497 0.074393 0.180706
0.156692 0.074312 0.180702
0.156844 0.074253 0.180606
0.157039 0.074172 0.180603
0.157275 0.074070 0.180692
0.157468 0.073990 0.180689
0.157661 0.073910 0.180686
0.157854 0.073830 0.180684
0.158087 0.073730 0.180774
0.158319 0.073629 0.180866
0.158591 0.073509 0.181050
0.158781 0.073430 0.181050
0.159011 0.073330 0.181142
0.159240 0.073231 0.181236
0.159429 0.073153 0.181236
0.159617 0.073075 0.181236
0.159805 0.072997 0.181237
0.159992 0.072919 0.181238
0.160179 0.072841 0.181239
0.160365 0.072764 0.181241
0.160551 0.072686 0.181242
0.160737 0.072609 0.181244
0.160922 0.072532 0.181246
0.161107 0.072455 0.181249
0.161291 0.072379 0.181252
0.161475 0.072302 0.181255
0.161621 0.072245 0.181163
0.161805 0.072169 0.181166
0.161988 0.072093 0.181170
0.162134 0.072036 0.181078
0.162316 0.071960 0.181082
0.162498 0.071884 0.181087
0.162643 0.071828 0.180995
0.162789 0.071771 0.180904
0.162970 0.071696 0.180909
0.163151 0.071620 0.180914
0.163366 0.071526 0.181016
0.163546 0.071452 0.181021
0.163725 0.071377 0.181027
0.163939 0.071284 0.181130
0.164117 0.071210 0.181137
0.164295 0.071135 0.181144
0.164506 0.071043 0.181248
0.164683 0.070970 0.181256
0.164826 0.070914 0.181166
0.165002 0.070840 0.181174
0.165144 0.070785 0.181084
0.165320 0.070712 0.181093
0.165462 0.070656 0.181003
0.165605 0.070601 0.180914
0.165747 0.070545 0.180824
0.165889 0.070490 0.180735
0.166032 0.070435 0.180645
0.166174 0.070379 0.180556
0.166317 0.070324 0.180467
0.166490 0.070251 0.180476
0.166632 0.070196 0.180387
0.166775 0.070140 0.180297
0.166917 0.070085 0.180208
0.167090 0.070013 0.180218
0.167232 0.069958 0.180129
0.167404 0.069886 0.180140
0.167545 0.069830 0.180050
0.167717 0.069759 0.180061
0.167858 0.069704 0.179972
0.168029 0.069632 0.179984
0.168171 0.069577 0.179895
0.168341 0.069506 0.179907
0.168482 0.069451 0.179818
0.168652 0.069380 0.179830
0.168793 0.069325 0.179741
0.168933 0.069270 0.179653
0.169074 0.069215 0.179564
0.169243 0.069145 0.179577
0.169384 0.069090 0.179489
0.169524 0.069035 0.179400
0.169665 0.068981 0.179312
0.169806 0.068926 0.179223
0.169947 0.068871 0.179135
0.170087 0.068816 0.179047
0.170202 0.068777 0.178856
0.170343 0.068722 0.178768
0.170484 0.068667 0.178679
0.170625 0.068612 0.178591
0.170766 0.068557 0.178502
0.170882 0.068517 0.178311
0.171023 0.068462 0.178222
0.171164 0.068407 0.178133
0.171305 0.068352 0.178045
0.171422 0.068311 0.177853
0.171563 0.068256 0.177764
0.171681 0.068216 0.177572
0.171822 0.068161 0.177483
0.171964 0.068105 0.177394
0.172105 0.068050 0.177305
0.172247 0.067995 0.177216
0.172388 0.067940 0.177127
0.172530 0.067885 0.177038
0.172649 0.067844 0.176845
0.172791 0.067788 0.176756
0.172933 0.067733 0.176667
0.173052 0.067691 0.176473
0.173194 0.067636 0.176384
0.173336 0.067581 0.176295
0.173457 0.067539 0.176100
0.173578 0.067497 0.175906
0.173721 0.067441 0.175816
0.173842 0.067399 0.175621
0.173964 0.067356 0.175426
0.174107 0.067300 0.175336
0.174230 0.067258 0.175141
0.174353 0.067215 0.174945
0.174496 0.067159 0.174855
0.174620 0.067116 0.174658
0.174744 0.067072 0.174462
0.174869 0.067029 0.174265
0.175013 0.066973 0.174175
0.175138 0.066929 0.173977
0.175263 0.066885 0.173780
0.175389 0.066841 0.173582
0.175516 0.066796 0.173384
0.175625 0.066764 0.173079
0.175752 0.066719 0.172880
0.175880 0.066674 0.172681
0.176009 0.066629 0.172482
0.176137 0.066584 0.172283
0.176266 0.066539 0.172083
0.176412 0.066482 0.171991
0.176542 0.066436 0.171791
0.176688 0.066379 0.171699
0.176819 0.066333 0.171499
0.176965 0.066276 0.171407
0.177112 0.066219 0.171315
0.177243 0.066173 0.171114
0.177390 0.066116 0.171022
0.155137 0.074765 0.180504
0.155379 0.074661 0.180590
0.155533 0.074602 0.180493
0.156013 0.074396 0.180666
0.156209 0.074315 0.180662
0.156362 0.074255 0.180566
0.156558 0.074175 0.180562
0.156752 0.074094 0.180558
0.156989 0.073993 0.180647
0.157183 0.073912 0.180644
0.157377 0.073832 0.180641
0.157570 0.073753 0.180638
0.157762 0.073673 0.180636
0.157996 0.073573 0.180727
0.158147 0.073514 0.180632
0.158460 0.073373 0.180910
0.158691 0.073274 0.181002
0.158921 0.073175 0.181095
0.159151 0.073076 0.181189
0.159339 0.072998 0.181189
0.159527 0.072920 0.181189
0.159715 0.072843 0.181190
0.159903 0.072765 0.181191
0.160090 0.072688 0.181192
0.160315 0.072591 0.181288
0.160501 0.072513 0.181290
0.160686 0.072437 0.181292
0.160872 0.072360 0.181295
0.161018 0.072303 0.181203
0.161241 0.072207 0.181300
0.161387 0.072150 0.181208
0.161571 0.072074 0.181212
0.161754 0.071998 0.181215
0.161900 0.071941 0.181124
0.162082 0.071865 0.181128
0.162228 0.071808 0.181036
0.162410 0.071733 0.181041
0.162556 0.071676 0.180949
0.162701 0.071620 0.180858
0.162882 0.071544 0.180863
0.163063 0.071469 0.180868
0.163243 0.071394 0.180873
0.163459 0.071301 0.180976
0.163638 0.071227 0.180982
0.163817 0.071153 0.180988
0.164030 0.071060 0.181091
0.164208 0.070986 0.181098
0.164420 0.070895 0.181203
0.164597 0.070821 0.181210
0.164739 0.070765 0.181121
0.164916 0.070692 0.181129
0.165058 0.070637 0.181039
0.165234 0.070564 0.181048
0.165376 0.070508 0.180958
0.165519 0.070453 0.180869
0.165661 0.070397 0.180779
0.165804 0.070342 0.180690
0.165946 0.070286 0.180600
0.166088 0.070231 0.180511
0.166231 0.070176 0.180422
0.166405 0.070103 0.180431
0.166547 0.070048 0.180342
0.166689 0.069992 0.180252
0.166831 0.069937 0.180163
0.167004 0.069865 0.180173
0.167146 0.069810 0.180084
0.167288 0.069755 0.179995
0.167460 0.069683 0.180006
0.167631 0.069612 0.180017
0.167773 0.069556 0.179928
0.167944 0.069485 0.179939
0.168085 0.069430 0.179850
0.168256 0.069359 0.179862
0.168397 0.069304 0.179773
0.168566 0.069233 0.179785
0.168707 0.069179 0.179697
0.168848 0.069124 0.179608
0.168989 0.069069 0.179520
0.169158 0.068999 0.179533
0.169299 0.068944 0.179444
0.169440 0.068889 0.179356
0.169580 0.068834 0.179267
0.169721 0.068779 0.179179
0.169835 0.068740 0.178989
0.169976 0.068685 0.178900
0.170117 0.068630 0.178812
0.170258 0.068575 0.178723
0.170399 0.068520 0.178634
0.170540 0.068465 0.178546
0.170655 0.068425 0.178355
0.170796 0.068370 0.178266
0.170938 0.068315 0.178177
0.171054 0.068274 0.177986
0.171195 0.068219 0.177897
0.171336 0.068164 0.177808
0.171478 0.068109 0.177719
0.171595 0.068068 0.177527
0.171737 0.068013 0.177438
0.171878 0.067958 0.177349
0.172020 0.067903 0.177260
0.172161 0.067848 0.177171
0.172280 0.067806 0.176978
0.172422 0.067751 0.176889
0.172563 0.067696 0.176800
0.172705 0.067641 0.176711
0.172825 0.067599 0.176517
0.172967 0.067544 0.176428
0.173109 0.067488 0.176339
0.173229 0.067446 0.176145
0.173350 0.067404 0.175950
0.173492 0.067348 0.175861
0.173614 0.067306 0.175666
0.173735 0.067263 0.175470
0.173878 0.067208 0.175381
0.174001 0.067165 0.175185
0.174123 0.067121 0.174989
0.174267 0.067066 0.174899
0.174390 0.067022 0.174703
0.174533 0.066966 0.174613
0.174658 0.066923 0.174416
0.174782 0.066879 0.174220
0.174907 0.066835 0.174022
0.175051 0.066779 0.173932
0.175176 0.066735 0.173734
0.175284 0.066702 0.173429
0.175410 0.066658 0.173231
0.175537 0.066613 0.173033
0.175647 0.066580 0.172727
0.175775 0.066534 0.172527
0.175903 0.066489 0.172328
0.176032 0.066444 0.172129
0.176161 0.066398 0.171929
0.176308 0.066341 0.171837
0.176437 0.066295 0.171637
0.176568 0.066249 0.171436
0.176714 0.066192 0.171344
0.176861 0.066135 0.171252
0.177008 0.066078 0.171160
0.177154 0.066021 0.171068
0.177286 0.065974 0.170866
0.156074 0.074177 0.180522
0.156270 0.074096 0.180518
0.156465 0.074016 0.180514
0.156660 0.073936 0.180510
0.156897 0.073834 0.180599
0.157091 0.073755 0.180596
0.157285 0.073675 0.180593
0.157520 0.073574 0.180683
0.157713 0.073495 0.180681
0.157946 0.073395 0.180772
0.158097 0.073337 0.180678
0.158370 0.073217 0.180863
0.158601 0.073118 0.180955
0.158831 0.073020 0.181048
0.159061 0.072922 0.181142
0.159250 0.072844 0.181142
0.159438 0.072766 0.181142
0.159626 0.072689 0.181143
0.159813 0.072611 0.181144
0.160040 0.072514 0.181240
0.160226 0.072437 0.181242
0.160412 0.072360 0.181244
0.160598 0.072284 0.181246
0.160783 0.072207 0.181248
0.160968 0.072131 0.181251
0.161152 0.072055 0.181254
0.161336 0.071979 0.181257
0.161520 0.071903 0.181261
0.161666 0.071846 0.181169
0.161849 0.071770 0.181173
0.161994 0.071714 0.181082
0.162177 0.071638 0.181086
0.162322 0.071582 0.180995
0.162468 0.071525 0.180903
0.162613 0.071468 0.180812
0.162795 0.071393 0.180817
0.162976 0.071318 0.180822
0.163156 0.071244 0.180828
0.163336 0.071169 0.180833
0.163551 0.071077 0.180936
0.163730 0.071003 0.180942
0.163943 0.070911 0.181046
0.164121 0.070837 0.181053
0.164333 0.070746 0.181158
0.164510 0.070672 0.181165
0.164653 0.070617 0.181076
0.164830 0.070544 0.181084
0.164972 0.070488 0.180994
0.165148 0.070415 0.181003
0.165290 0.070360 0.180913
0.165433 0.070305 0.180824
0.165575 0.070249 0.180734
0.165718 0.070194 0.180645
0.165860 0.070138 0.180555
0.166002 0.070083 0.180466
0.166145 0.070027 0.180377
0.166319 0.069955 0.180386
0.166461 0.069900 0.180297
0.166603 0.069845 0.180208
0.166745 0.069789 0.180118
0.166918 0.069718 0.180128
0.167060 0.069662 0.180039
0.167202 0.069607 0.179950
0.167374 0.069536 0.179961
0.167546 0.069464 0.179972
0.167688 0.069409 0.179883
0.167859 0.069338 0.179894
0.168000 0.069283 0.179806
0.168170 0.069212 0.179817
0.168312 0.069157 0.179729
0.168481 0.069087 0.179741
0.168622 0.069032 0.179652
0.168763 0.068977 0.179564
0.168904 0.068922 0.179475
0.169045 0.068867 0.179387
0.169186 0.068813 0.179298
0.169327 0.068758 0.179210
0.169468 0.068703 0.179121
0.169609 0.068648 0.179033
0.169750 0.068593 0.178944
0.169891 0.068538 0.178856
0.170032 0.068483 0.178767
0.170173 0.068428 0.178678
0.170314 0.068374 0.178590
0.170429 0.068333 0.178399
0.170570 0.068278 0.178310
0.170686 0.068238 0.178119
0.170827 0.068182 0.178030
0.170968 0.068127 0.177941
0.171110 0.068072 0.177852
0.171251 0.068017 0.177763
0.171393 0.067962 0.177675
0.171510 0.067921 0.177482
0.171651 0.067866 0.177393
0.171793 0.067811 0.177304
0.171934 0.067756 0.177215
0.172053 0.067714 0.177022
0.172194 0.067659 0.176933
0.172336 0.067604 0.176844
0.172478 0.067549 0.176755
0.172597 0.067507 0.176562
0.172739 0.067451 0.176472
0.172881 0.067396 0.176383
0.173001 0.067354 0.176189
0.173121 0.067311 0.175994
0.173264 0.067256 0.175905
0.173385 0.067213 0.175710
0.173506 0.067170 0.175515
0.173649 0.067115 0.175425
0.173771 0.067071 0.175230
0.173894 0.067028 0.175034
0.174037 0.066972 0.174944
0.174160 0.066929 0.174748
0.174304 0.066873 0.174658
0.174427 0.066829 0.174461
0.174571 0.066773 0.174371
0.174695 0.066729 0.174174
0.174820 0.066685 0.173977
0.174945 0.066641 0.173779
0.175071 0.066596 0.173582
0.175197 0.066552 0.173384
0.175323 0.066507 0.173185
0.175432 0.066473 0.172879
0.175559 0.066428 0.172681
0.175669 0.066394 0.172374
0.175798 0.066349 0.172174
0.175927 0.066303 0.171974
0.176056 0.066257 0.171774
0.176186 0.066211 0.171574
0.176332 0.066154 0.171482
0.176479 0.066097 0.171390
0.176610 0.066050 0.171189
0.176756 0.065993 0.171097
0.176903 0.065936 0.171004
0.177050 0.065879 0.170912
0.177197 0.065821 0.170820
0.154997 0.074451 0.179664
0.155283 0.074327 0.179841
0.155438 0.074267 0.179744
0.155938 0.074039 0.180382
0.156135 0.073958 0.180377
0.156330 0.073878 0.180373
0.156568 0.073777 0.180462
0.156806 0.073676 0.180551
0.157000 0.073597 0.180548
0.157194 0.073517 0.180545
0.157429 0.073417 0.180635
0.157622 0.073338 0.180633
0.157855 0.073239 0.180724
0.158006 0.073180 0.180630
0.158279 0.073061 0.180815
0.158511 0.072963 0.180908
0.158741 0.072865 0.181001
0.158971 0.072767 0.181095
0.159120 0.072709 0.181001
0.159348 0.072612 0.181096
0.159536 0.072535 0.181096
0.159724 0.072457 0.181098
0.159951 0.072361 0.181193
0.160137 0.072284 0.181195
0.160323 0.072207 0.181197
0.160548 0.072112 0.181294
0.160733 0.072036 0.181297
0.160918 0.071959 0.181300
0.161102 0.071884 0.181303
0.161286 0.071808 0.181306
0.161470 0.071732 0.181310
0.161615 0.071676 0.181219
0.161761 0.071619 0.181127
0.161944 0.071544 0.181131
0.162089 0.071487 0.181040
0.162235 0.071430 0.180949
0.162380 0.071374 0.180857
0.162525 0.071317 0.180766
0.162707 0.071242 0.180771
0.162888 0.071168 0.180776
0.163033 0.071111 0.180685
0.163249 0.071019 0.180788
0.163429 0.070945 0.180794
0.163643 0.070853 0.180897
0.163857 0.070761 0.181001
0.164035 0.070688 0.181008
0.164247 0.070597 0.181112
0.164424 0.070524 0.181120
0.164601 0.070451 0.181128
0.164744 0.070395 0.181039
0.164920 0.070323 0.181047
0.165062 0.070267 0.180958
0.165204 0.070212 0.180868
0.165380 0.070140 0.180877
0.165522 0.070084 0.180788
0.165664 0.070029 0.180698
0.165806 0.069973 0.180609
0.165949 0.069918 0.180520
0.166091 0.069863 0.180430
0.166233 0.069807 0.180341
0.166407 0.069736 0.180351
0.166549 0.069680 0.180262
0.166691 0.069625 0.180173
0.166832 0.069570 0.180084
0.166974 0.069515 0.179994
0.167147 0.069443 0.180005
0.167289 0.069388 0.179916
0.167461 0.069317 0.179927
0.167602 0.069262 0.179838
0.167773 0.069191 0.179850
0.167915 0.069136 0.179761
0.168085 0.069066 0.179773
0.168226 0.069011 0.179684
0.168396 0.068940 0.179696
0.168537 0.068885 0.179608
0.168678 0.068831 0.179519
0.168819 0.068776 0.179431
0.168960 0.068721 0.179342
0.169101 0.068666 0.179254
0.169242 0.068611 0.179165
0.169383 0.068556 0.179077
0.169524 0.068501 0.178988
0.169665 0.068446 0.178899
0.169806 0.068392 0.178811
0.169947 0.068337 0.178722
0.170088 0.068282 0.178634
0.170203 0.068241 0.178443
0.170344 0.068186 0.178354
0.170485 0.068131 0.178266
0.170600 0.068090 0.178074
0.170742 0.068035 0.177985
0.170883 0.067980 0.177896
0.171025 0.067925 0.177808
0.171141 0.067884 0.177615
0.171283 0.067829 0.177526
0.171424 0.067774 0.177437
0.171566 0.067719 0.177349
0.171707 0.067664 0.177260
0.171825 0.067622 0.177067
0.171967 0.067567 0.176978
0.172109 0.067512 0.176889
0.172251 0.067456 0.176800
0.172369 0.067414 0.176606
0.172511 0.067359 0.176517
0.172653 0.067304 0.176427
0.172773 0.067261 0.176233
0.172893 0.067219 0.176039
0.173036 0.067163 0.175949
0.173156 0.067120 0.175755
0.173277 0.067077 0.175560
0.173420 0.067022 0.175470
0.173542 0.066978 0.175274
0.173664 0.066935 0.175079
0.173807 0.066879 0.174989
0.173930 0.066836 0.174793
0.174074 0.066780 0.174703
0.174197 0.066736 0.174506
0.174341 0.066680 0.174416
0.174465 0.066636 0.174219
0.174589 0.066591 0.174022
0.174733 0.066535 0.173931
0.174858 0.066491 0.173734
0.174965 0.066458 0.173429
0.175091 0.066413 0.173231
0.175199 0.066379 0.172925
0.175326 0.066334 0.172726
0.175436 0.066299 0.172419
0.175564 0.066253 0.172220
0.175692 0.066208 0.172020
0.175821 0.066161 0.171820
0.175950 0.066115 0.171620
0.176080 0.066069 0.171419
0.176227 0.066012 0.171327
0.176357 0.065965 0.171126
0.176505 0.065908 0.171034
0.176652 0.065851 0.170941
0.176799 0.065793 0.170849
0.176946 0.065736 0.170757
0.154903 0.074289 0.179615
0.155190 0.074166 0.179792
0.155344 0.074106 0.179695
0.155803 0.073900 0.180241
0.155956 0.073840 0.180145
0.156238 0.073719 0.180325
0.156476 0.073618 0.180414
0.156714 0.073518 0.180503
0.156951 0.073418 0.180592
0.157144 0.073339 0.180590
0.157338 0.073260 0.180588
0.157572 0.073161 0.180679
0.157764 0.073082 0.180677
0.157915 0.073023 0.180582
0.158189 0.072905 0.180768
0.158420 0.072807 0.180860
0.158611 0.072729 0.180860
0.158841 0.072632 0.180954
0.159030 0.072554 0.180954
0.159219 0.072477 0.180955
0.159447 0.072380 0.181050
0.159635 0.072303 0.181051
0.159822 0.072227 0.181052
0.160048 0.072131 0.181148
0.160235 0.072054 0.181151
0.160459 0.071959 0.181248
0.160645 0.071883 0.181250
0.160868 0.071789 0.181349
0.161052 0.071713 0.181352
0.161236 0.071637 0.181356
0.161382 0.071581 0.181264
0.161565 0.071506 0.181268
0.161710 0.071449 0.181177
0.161856 0.071392 0.181085
0.162001 0.071336 0.180994
0.162147 0.071279 0.180903
0.162292 0.071222 0.180811
0.162438 0.071166 0.180720
0.162619 0.071091 0.180725
0.162800 0.071017 0.180730
0.162946 0.070960 0.180639
0.163162 0.070868 0.180742
0.163342 0.070794 0.180748
0.163556 0.070703 0.180851
0.163770 0.070612 0.180955
0.163948 0.070539 0.180962
0.164161 0.070448 0.181067
0.164338 0.070375 0.181075
0.164515 0.070303 0.181083
0.164658 0.070247 0.180994
0.164834 0.070175 0.181002
0.164976 0.070119 0.180913
0.165152 0.070047 0.180921
0.165294 0.069992 0.180832
0.165436 0.069936 0.180743
0.165578 0.069881 0.180653
0.165721 0.069826 0.180564
0.165863 0.069770 0.180475
0.166005 0.069715 0.180386
0.166179 0.069643 0.180395
0.166321 0.069588 0.180306
0.166463 0.069533 0.180217
0.166605 0.069477 0.180128
0.166747 0.069422 0.180039
0.166920 0.069351 0.180049
0.167061 0.069296 0.179960
0.167203 0.069241 0.179871
0.167375 0.069170 0.179882
0.167517 0.069115 0.179793
0.167688 0.069044 0.179805
0.167829 0.068989 0.179716
0.168000 0.068919 0.179728
0.168141 0.068864 0.179639
0.168311 0.068794 0.179652
0.168452 0.068739 0.179563
0.168593 0.068684 0.179475
0.168734 0.068629 0.179386
0.168875 0.068574 0.179298
0.169016 0.068519 0.179209
0.169157 0.068464 0.179121
0.169298 0.068410 0.179032
0.169439 0.068355 0.178943
0.169580 0.068300 0.178855
0.169721 0.068245 0.178766
0.169862 0.068190 0.178678
0.169976 0.068149 0.178487
0.170117 0.068094 0.178398
0.170258 0.068039 0.178310
0.170374 0.067998 0.178118
0.170515 0.067943 0.178029
0.170656 0.067888 0.177940
0.170798 0.067833 0.177852
0.170914 0.067792 0.177659
0.171056 0.067737 0.177571
0.171197 0.067682 0.177482
0.171314 0.067640 0.177289
0.171456 0.067585 0.177200
0.171598 0.067530 0.177111
0.171740 0.067474 0.177022
0.171881 0.067419 0.176933
0.172023 0.067364 0.176844
0.172142 0.067322 0.176650
0.172284 0.067267 0.176561
0.172426 0.067211 0.176472
0.172545 0.067169 0.176278
0.172665 0.067126 0.176083
0.172807 0.067070 0.175994
0.172928 0.067027 0.175799
0.173048 0.066984 0.175604
0.173170 0.066941 0.175409
0.173313 0.066885 0.175319
0.173435 0.066842 0.175123
0.173557 0.066798 0.174927
0.173700 0.066742 0.174837
0.173844 0.066686 0.174747
0.173967 0.066642 0.174551
0.174110 0.066586 0.174461
0.174234 0.066542 0.174264
0.174378 0.066486 0.174174
0.174502 0.066442 0.173976
0.174627 0.066397 0.173779
0.174752 0.066352 0.173581
0.174859 0.066318 0.173276
0.174985 0.066273 0.173077
0.175093 0.066239 0.172771
0.175202 0.066204 0.172465
0.175329 0.066158 0.172265
0.175440 0.066123 0.171958
0.175569 0.066077 0.171758
0.175698 0.066030 0.171557
0.175845 0.065973 0.171465
0.175975 0.065927 0.171264
0.176122 0.065869 0.171172
0.176252 0.065822 0.170971
0.176399 0.065765 0.170878
0.176547 0.065708 0.170786
0.176694 0.065650 0.170693
0.176841 0.065593 0.170601
0.154833 0.074129 0.179193
0.155164 0.073986 0.179462
0.155319 0.073925 0.179365
0.155777 0.073722 0.179912
0.155974 0.073641 0.179908
0.156384 0.073460 0.180365
0.156665 0.073340 0.180547
0.156859 0.073261 0.180544
0.157053 0.073182 0.180542
0.157288 0.073083 0.180633
0.157481 0.073004 0.180631
0.157715 0.072906 0.180722
0.157907 0.072827 0.180721
0.158098 0.072749 0.180720
0.158330 0.072652 0.180813
0.158520 0.072574 0.180813
0.158751 0.072477 0.180907
0.158940 0.072400 0.180907
0.159129 0.072323 0.180908
0.159318 0.072246 0.180909
0.159546 0.072150 0.181004
0.159733 0.072073 0.181006
0.159959 0.071978 0.181102
0.160146 0.071901 0.181104
0.160371 0.071807 0.181201
0.160556 0.071731 0.181204
0.160780 0.071637 0.181302
0.160964 0.071561 0.181306
0.161148 0.071486 0.181310
0.161294 0.071429 0.181218
0.161477 0.071354 0.181222
0.161623 0.071298 0.181131
0.161768 0.071241 0.181039
0.161914 0.071184 0.180948
0.162059 0.071128 0.180857
0.162204 0.071071 0.180765
0.162350 0.071014 0.180674
0.162532 0.070940 0.180679
0.162677 0.070884 0.180588
0.162858 0.070809 0.180593
0.163074 0.070718 0.180696
0.163254 0.070644 0.180702
0.163469 0.070553 0.180806
0.163683 0.070463 0.180910
0.163897 0.070372 0.181015
0.164074 0.070300 0.181022
0.164252 0.070227 0.181030
0.164429 0.070154 0.181038
0.164605 0.070082 0.181046
0.164748 0.070027 0.180957
0.164924 0.069954 0.180966
0.165066 0.069899 0.180876
0.165208 0.069844 0.180787
0.165383 0.069772 0.180796
0.165525 0.069717 0.180707
0.165667 0.069661 0.180618
0.165809 0.069606 0.180529
0.165951 0.069551 0.180440
0.166093 0.069496 0.180351
0.166235 0.069440 0.180261
0.166409 0.069369 0.180272
0.166550 0.069314 0.180183
0.166692 0.069259 0.180094
0.166834 0.069204 0.180005
0.166976 0.069148 0.179915
0.167148 0.069078 0.179927
0.167290 0.069023 0.179838
0.167431 0.068967 0.179749
0.167603 0.068897 0.179760
0.167744 0.068842 0.179671
0.167915 0.068772 0.179683
0.168056 0.068717 0.179595
0.168226 0.068647 0.179607
0.168367 0.068592 0.179519
0.168508 0.068537 0.179430
0.168649 0.068482 0.179342
0.168790 0.068428 0.179253
0.168931 0.068373 0.179164
0.169072 0.068318 0.179076
0.169213 0.068263 0.178987
0.169354 0.068208 0.178899
0.169495 0.068153 0.178810
0.169636 0.068098 0.178722
0.169750 0.068058 0.178531
0.169891 0.068003 0.178442
0.170032 0.067948 0.178354
0.170147 0.067906 0.178162
0.170288 0.067851 0.178073
0.170430 0.067796 0.177985
0.170546 0.067755 0.177793
0.170687 0.067700 0.177704
0.170829 0.067645 0.177615
0.170970 0.067590 0.177526
0.171112 0.067535 0.177437
0.171229 0.067493 0.177244
0.171371 0.067437 0.177155
0.171512 0.067382 0.177066
0.171654 0.067327 0.176977
0.171796 0.067272 0.176888
0.171914 0.067229 0.176694
0.172056 0.067174 0.176605
0.172198 0.067119 0.176516
0.172317 0.067076 0.176322
0.172459 0.067021 0.176233
0.172579 0.066978 0.176038
0.172699 0.066935 0.175844
0.172820 0.066891 0.175649
0.172962 0.066836 0.175559
0.173083 0.066792 0.175364
0.173205 0.066749 0.175168
0.173327 0.066705 0.174972
0.173470 0.066649 0.174882
0.173593 0.066605 0.174686
0.173736 0.066549 0.174596
0.173860 0.066505 0.174399
0.174003 0.066449 0.174309
0.174147 0.066393 0.174218
0.174271 0.066348 0.174021
0.174396 0.066303 0.173824
0.174520 0.066258 0.173626
0.174646 0.066213 0.173428
0.174752 0.066179 0.173123
0.174859 0.066144 0.172817
0.174968 0.066109 0.172510
0.175095 0.066063 0.172311
0.175205 0.066028 0.172003
0.175333 0.065981 0.171803
0.175462 0.065935 0.171603
0.175592 0.065888 0.171403
0.175721 0.065841 0.171202
0.175869 0.065784 0.171109
0.176016 0.065727 0.171017
0.176163 0.065669 0.170924
0.176294 0.065622 0.170723
0.176458 0.065555 0.170739
0.176605 0.065497 0.170647
0.176752 0.065440 0.170554
0.154895 0.073906 0.179045
0.155095 0.073825 0.179039
0.155424 0.073683 0.179310
0.155881 0.073482 0.179859
0.156035 0.073422 0.179763
0.156573 0.073182 0.180499
0.156810 0.073083 0.180589
0.157004 0.073004 0.180587
0.157239 0.072906 0.180678
0.157432 0.072827 0.180676
0.157624 0.072749 0.180675
0.157816 0.072671 0.180674
0.158008 0.072593 0.180673
0.158240 0.072496 0.180766
0.158430 0.072419 0.180766
0.158620 0.072341 0.180766
0.158851 0.072245 0.180860
0.159040 0.072168 0.180861
0.159228 0.072091 0.180862
0.159416 0.072015 0.180863
0.159644 0.071919 0.180959
0.159870 0.071824 0.181055
0.160057 0.071748 0.181058
0.160282 0.071654 0.181155
0.160468 0.071578 0.181158
0.160692 0.071485 0.181256
0.160876 0.071409 0.181260
0.161060 0.071334 0.181264
0.161244 0.071260 0.181268
0.161389 0.071203 0.181176
0.161535 0.071146 0.181085
0.161680 0.071090 0.180993
0.161826 0.071033 0.180902
0.161971 0.070976 0.180811
0.162117 0.070920 0.180719
0.162262 0.070863 0.180628
0.162444 0.070789 0.180633
0.162589 0.070732 0.180542
0.162770 0.070658 0.180548
0.162951 0.070585 0.180553
0.163167 0.070494 0.180657
0.163382 0.070403 0.180760
0.163597 0.070313 0.180865
0.163810 0.070223 0.180969
0.163988 0.070151 0.180977
0.164166 0.070078 0.180985
0.164343 0.070006 0.180993
0.164520 0.069934 0.181001
0.164662 0.069878 0.180912
0.164838 0.069807 0.180921
0.165014 0.069735 0.180930
0.165156 0.069680 0.180841
0.165298 0.069624 0.180752
0.165440 0.069569 0.180662
0.165582 0.069514 0.180573
0.165756 0.069442 0.180583
0.165898 0.069387 0.180494
0.166040 0.069332 0.180405
0.166181 0.069277 0.180316
0.166323 0.069222 0.180227
0.166465 0.069166 0.180138
0.166607 0.069111 0.180049
0.166748 0.069056 0.179960
0.166921 0.068986 0.179971
0.167063 0.068930 0.179882
0.167204 0.068875 0.179793
0.167346 0.068820 0.179704
0.167517 0.068750 0.179716
0.167659 0.068695 0.179627
0.167830 0.068625 0.179639
0.167971 0.068570 0.179550
0.168112 0.068515 0.179462
0.168282 0.068446 0.179474
0.168423 0.068391 0.179386
0.168564 0.068336 0.179297
0.168705 0.068281 0.179208
0.168846 0.068226 0.179120
0.168987 0.068171 0.179031
0.169128 0.068116 0.178943
0.169269 0.068061 0.178854
0.169410 0.068007 0.178766
0.169524 0.067966 0.178575
0.169665 0.067911 0.178486
0.169806 0.067856 0.178398
0.169920 0.067814 0.178206
0.170062 0.067759 0.178117
0.170203 0.067704 0.178029
0.170319 0.067663 0.177837
0.170460 0.067608 0.177748
0.170602 0.067553 0.177659
0.170743 0.067497 0.177570
0.170860 0.067456 0.177377
0.171001 0.067400 0.177288
0.171143 0.067345 0.177199
0.171285 0.067290 0.177110
0.171427 0.067235 0.177021
0.171544 0.067192 0.176828
0.171686 0.067137 0.176739
0.171828 0.067082 0.176650
0.171970 0.067026 0.176560
0.172089 0.066984 0.176366
0.172231 0.066928 0.176277
0.172351 0.066885 0.176083
0.172470 0.066842 0.175888
0.172591 0.066798 0.175693
0.172733 0.066743 0.175604
0.172854 0.066699 0.175408
0.172975 0.066655 0.175213
0.173097 0.066611 0.175017
0.173240 0.066556 0.174927
0.173362 0.066511 0.174731
0.173506 0.066455 0.174640
0.173629 0.066411 0.174444
0.173773 0.066355 0.174354
0.173896 0.066310 0.174157
0.174040 0.066254 0.174066
0.174164 0.066209 0.173869
0.174289 0.066164 0.173671
0.174394 0.066130 0.173366
0.174520 0.066084 0.173168
0.174626 0.066050 0.172862
0.174753 0.066004 0.172663
0.174861 0.065968 0.172356
0.174951 0.065943 0.171941
0.175080 0.065896 0.171741
0.175209 0.065850 0.171541
0.175338 0.065803 0.171340
0.175485 0.065745 0.171248
0.175615 0.065698 0.171047
0.175762 0.065641 0.170954
0.175910 0.065583 0.170862
0.176040 0.065536 0.170660
0.176188 0.065478 0.170567
0.176336 0.065421 0.170475
0.155000 0.073663 0.178990
0.155330 0.073522 0.179261
0.155485 0.073461 0.179164
0.156482 0.073024 0.180451
0.156719 0.072926 0.180541
0.156955 0.072827 0.180632
0.157148 0.072749 0.180630
0.157341 0.072671 0.180629
0.157534 0.072593 0.180627
0.157726 0.072515 0.180626
0.157917 0.072437 0.180626
0.158150 0.072341 0.180719
0.158340 0.072263 0.180719
0.158530 0.072186 0.180719
0.158761 0.072090 0.180813
0.158950 0.072014 0.180814
0.159139 0.071937 0.180815
0.159327 0.071861 0.180816
0.159555 0.071766 0.180912
0.159782 0.071671 0.181009
0.159968 0.071595 0.181011
0.160194 0.071501 0.181109
0.160379 0.071426 0.181112
0.160603 0.071333 0.181210
0.160788 0.071258 0.181214
0.160972 0.071183 0.181217
0.161156 0.071108 0.181222
0.161302 0.071052 0.181130
0.161447 0.070995 0.181039
0.161592 0.070938 0.180947
0.161738 0.070882 0.180856
0.161883 0.070825 0.180765
0.162029 0.070768 0.180673
0.162174 0.070712 0.180582
0.162320 0.070655 0.180491
0.162502 0.070581 0.180496
0.162683 0.070508 0.180502
0.162864 0.070434 0.180508
0.163044 0.070361 0.180514
0.163260 0.070271 0.180617
0.163475 0.070181 0.180722
0.163689 0.070091 0.180826
0.163902 0.070002 0.180932
0.164080 0.069930 0.180940
0.164257 0.069858 0.180948
0.164434 0.069786 0.180956
0.164576 0.069730 0.180867
0.164752 0.069659 0.180876
0.164928 0.069587 0.180885
0.165070 0.069532 0.180796
0.165245 0.069461 0.180805
0.165387 0.069405 0.180716
0.165529 0.069350 0.180627
0.165671 0.069295 0.180538
0.165812 0.069240 0.180449
0.165954 0.069185 0.180360
0.166096 0.069129 0.180271
0.166238 0.069074 0.180182
0.166379 0.069019 0.180093
0.166521 0.068964 0.180004
0.166663 0.068909 0.179915
0.166836 0.068838 0.179926
0.166977 0.068783 0.179837
0.167119 0.068728 0.179748
0.167260 0.068673 0.179659
0.167432 0.068603 0.179671
0.167573 0.068548 0.179582
0.167715 0.068493 0.179493
0.167886 0.068423 0.179506
0.168027 0.068368 0.179417
0.168168 0.068313 0.179328
0.168309 0.068258 0.179240
0.168479 0.068189 0.179252
0.168620 0.068134 0.179164
0.168761 0.068079 0.179075
0.168902 0.068025 0.178987
0.169043 0.067970 0.178898
0.169156 0.067929 0.178708
0.169297 0.067874 0.178619
0.169438 0.067819 0.178530
0.169552 0.067778 0.178339
0.169694 0.067722 0.178250
0.169835 0.067667 0.178162
0.169976 0.067612 0.178073
0.170092 0.067571 0.177881
0.170233 0.067516 0.177792
0.170349 0.067474 0.177600
0.170491 0.067418 0.177511
0.170632 0.067363 0.177422
0.170774 0.067308 0.177333
0.170916 0.067253 0.177244
0.171058 0.067198 0.177155
0.171175 0.067155 0.176961
0.171317 0.067100 0.176872
0.171459 0.067045 0.176783
0.171601 0.066989 0.176694
0.171719 0.066946 0.176500
0.171861 0.066891 0.176411
0.171980 0.066848 0.176217
0.172122 0.066792 0.176127
0.172242 0.066749 0.175933
0.172362 0.066706 0.175738
0.172504 0.066650 0.175648
0.172625 0.066606 0.175453
0.172746 0.066562 0.175257
0.172867 0.066518 0.175062
0.173010 0.066462 0.174972
0.173132 0.066418 0.174775
0.173254 0.066373 0.174579
0.173398 0.066317 0.174489
0.173521 0.066273 0.174292
0.173665 0.066217 0.174202
0.173789 0.066172 0.174004
0.173913 0.066126 0.173807
0.174037 0.066081 0.173609
0.174162 0.066036 0.173411
0.174287 0.065990 0.173213
0.174393 0.065955 0.172908
0.174500 0.065919 0.172601
0.174627 0.065873 0.172402
0.174716 0.065848 0.171987
0.174844 0.065801 0.171787
0.174973 0.065754 0.171587
0.175102 0.065707 0.171386
0.175231 0.065660 0.171186
0.175360 0.065612 0.170985
0.175508 0.065555 0.170892
0.175638 0.065507 0.170691
0.175786 0.065450 0.170598
0.175934 0.065392 0.170505
0.176082 0.065334 0.170412
0.154178 0.073821 0.177842
0.156864 0.072670 0.180584
0.157057 0.072592 0.180583
0.157250 0.072514 0.180581
0.157443 0.072436 0.180580
0.157635 0.072359 0.180579
0.157827 0.072281 0.180578
0.158059 0.072185 0.180671
0.158250 0.072108 0.180671
0.158440 0.072031 0.180671
0.158630 0.071954 0.180672
0.158820 0.071878 0.180673
0.159009 0.071801 0.180674
0.159238 0.071706 0.180769
0.159426 0.071630 0.180771
0.159653 0.071536 0.180867
0.159880 0.071442 0.180965
0.160066 0.071367 0.180967
0.160291 0.071274 0.181065
0.160476 0.071199 0.181069
0.160700 0.071106 0.181167
0.160884 0.071031 0.181171
0.161068 0.070957 0.181176
0.161214 0.070900 0.181084
0.161359 0.070844 0.180993
0.161505 0.070787 0.180901
0.161650 0.070730 0.180810
0.161796 0.070674 0.180719
0.161941 0.070617 0.180627
0.162087 0.070561 0.180536
0.162232 0.070504 0.180445
0.162414 0.070430 0.180450
0.162559 0.070374 0.180359
0.162740 0.070300 0.180365
0.162957 0.070210 0.180468
0.163173 0.070121 0.180572
0.163388 0.070031 0.180676
0.163602 0.069942 0.180781
0.163816 0.069853 0.180887
0.163993 0.069781 0.180895
0.164171 0.069709 0.180903
0.164348 0.069638 0.180911
0.164490 0.069582 0.180822
0.164666 0.069511 0.180831
0.164842 0.069439 0.180840
0.164984 0.069384 0.180751
0.165160 0.069313 0.180761
0.165301 0.069258 0.180671
0.165443 0.069203 0.180582
0.165618 0.069132 0.180593
0.165759 0.069077 0.180504
0.165869 0.069037 0.180315
0.166042 0.068967 0.180326
0.166184 0.068911 0.180237
0.166326 0.068856 0.180148
0.166467 0.068801 0.180059
0.166609 0.068746 0.179970
0.166750 0.068691 0.179881
0.166892 0.068636 0.179792
0.167033 0.068581 0.179703
0.167175 0.068526 0.179614
0.167347 0.068456 0.179626
0.167488 0.068401 0.179537
0.167629 0.068346 0.179449
0.167771 0.068291 0.179360
0.167942 0.068222 0.179372
0.168083 0.068167 0.179284
0.168224 0.068112 0.179195
0.168365 0.068057 0.179106
0.168506 0.068002 0.179018
0.168647 0.067947 0.178929
0.168789 0.067892 0.178840
0.168930 0.067837 0.178752
0.169071 0.067782 0.178663
0.169212 0.067727 0.178574
0.169326 0.067686 0.178383
0.169467 0.067630 0.178294
0.169608 0.067575 0.178206
0.169750 0.067520 0.178117
0.169891 0.067465 0.178028
0.170006 0.067423 0.177836
0.170148 0.067368 0.177747
0.170263 0.067326 0.177555
0.170405 0.067271 0.177466
0.170547 0.067216 0.177377
0.170689 0.067161 0.177288
0.170805 0.067118 0.177095
0.170947 0.067063 0.177006
0.171089 0.067007 0.176916
0.171231 0.066952 0.176827
0.171349 0.066909 0.176634
0.171491 0.066854 0.176544
0.171609 0.066811 0.176350
0.171752 0.066755 0.176261
0.171894 0.066700 0.176172
0.172013 0.066656 0.175977
0.172133 0.066613 0.175782
0.172275 0.066557 0.175693
0.172396 0.066513 0.175497
0.172516 0.066469 0.175302
0.172637 0.066425 0.175106
0.172780 0.066369 0.175016
0.172902 0.066324 0.174820
0.173024 0.066280 0.174624
0.173146 0.066235 0.174427
0.173290 0.066179 0.174337
0.173413 0.066134 0.174140
0.173557 0.066078 0.174049
0.173681 0.066032 0.173852
0.173805 0.065987 0.173654
0.173909 0.065952 0.173350
0.174034 0.065906 0.173151
0.174160 0.065860 0.172953
0.174266 0.065824 0.172647
0.174373 0.065788 0.172340
0.174481 0.065752 0.172033
0.174609 0.065705 0.171833
0.174718 0.065668 0.171525
0.174847 0.065621 0.171324
0.174976 0.065574 0.171124
0.175124 0.065516 0.171031
0.175253 0.065468 0.170830
0.175384 0.065421 0.170628
0.175532 0.065363 0.170535
0.175680 0.065305 0.170442
0.175828 0.065248 0.170349
0.154082 0.073656 0.177792
0.155255 0.073158 0.178973
0.155410 0.073098 0.178876
0.156773 0.072513 0.180537
0.156966 0.072435 0.180535
0.157159 0.072358 0.180533
0.157394 0.072261 0.180626
0.157544 0.072203 0.180531
0.157736 0.072125 0.180531
0.157969 0.072029 0.180624
0.158160 0.071953 0.180624
0.158350 0.071876 0.180624
0.158500 0.071818 0.180531
0.158689 0.071741 0.180531
0.158879 0.071665 0.180532
0.159108 0.071571 0.180628
0.159336 0.071477 0.180724
0.159524 0.071401 0.180726
0.159751 0.071307 0.180823
0.159977 0.071214 0.180921
0.160203 0.071121 0.181019
0.160388 0.071047 0.181022
0.160612 0.070954 0.181121
0.160796 0.070880 0.181125
0.160981 0.070806 0.181130
0.161126 0.070749 0.181038
0.161271 0.070692 0.180947
0.161417 0.070636 0.180856
0.161562 0.070579 0.180764
0.161708 0.070522 0.180673
0.161853 0.070466 0.180581
0.161999 0.070409 0.180490
0.162144 0.070353 0.180399
0.162326 0.070279 0.180404
0.162471 0.070223 0.180313
0.162653 0.070149 0.180319
0.162870 0.070060 0.180422
0.163086 0.069971 0.180526
0.163301 0.069882 0.180631
0.163516 0.069793 0.180736
0.163694 0.069721 0.180744
0.163907 0.069633 0.180849
0.164085 0.069561 0.180858
0.164227 0.069506 0.180768
0.164404 0.069434 0.180777
0.164581 0.069363 0.180786
0.164757 0.069292 0.180795
0.164899 0.069237 0.180706
0.165074 0.069166 0.180716
0.165216 0.069110 0.180627
0.165358 0.069055 0.180538
0.165532 0.068985 0.180548
0.165674 0.068930 0.180459
0.165783 0.068890 0.180270
0.165957 0.068819 0.180281
0.166099 0.068764 0.180192
0.166240 0.068709 0.180103
0.166382 0.068654 0.180014
0.166523 0.068599 0.179925
0.166665 0.068544 0.179836
0.166806 0.068489 0.179748
0.166948 0.068434 0.179659
0.167089 0.068378 0.179570
0.167261 0.068309 0.179582
0.167403 0.068254 0.179493
0.167544 0.068199 0.179404
0.167686 0.068144 0.179315
0.167827 0.068089 0.179226
0.167998 0.068020 0.179239
0.168139 0.067965 0.179150
0.168280 0.067910 0.179062
0.168421 0.067855 0.178973
0.168562 0.067800 0.178884
0.168703 0.067745 0.178796
0.168845 0.067690 0.178707
0.168958 0.067649 0.178516
0.169099 0.067594 0.178427
0.169240 0.067538 0.178339
0.169382 0.067483 0.178250
0.169523 0.067428 0.178161
0.169638 0.067386 0.177969
0.169779 0.067331 0.177880
0.169921 0.067276 0.177791
0.170036 0.067234 0.177599
0.170178 0.067179 0.177510
0.170320 0.067124 0.177421
0.170461 0.067068 0.177332
0.170578 0.067026 0.177139
0.170720 0.066970 0.177050
0.170862 0.066915 0.176961
0.170979 0.066872 0.176767
0.171121 0.066817 0.176678
0.171263 0.066761 0.176589
0.171381 0.066718 0.176395
0.171523 0.066663 0.176305
0.171642 0.066619 0.176111
0.171784 0.066563 0.176022
0.171904 0.066520 0.175827
0.172046 0.066464 0.175737
0.172166 0.066420 0.175542
0.172286 0.066376 0.175347
0.172407 0.066331 0.175151
0.172550 0.066276 0.175061
0.172672 0.066231 0.174865
0.172793 0.066186 0.174669
0.172915 0.066141 0.174472
0.173038 0.066096 0.174276
0.173182 0.066040 0.174185
0.173305 0.065995 0.173988
0.173429 0.065949 0.173790
0.173552 0.065903 0.173593
0.173677 0.065858 0.173395
0.173801 0.065812 0.173197
0.173906 0.065776 0.172891
0.174032 0.065730 0.172692
0.174139 0.065693 0.172386
0.174246 0.065657 0.172079
0.174373 0.065610 0.171879
0.174482 0.065572 0.171571
0.174610 0.065525 0.171370
0.174739 0.065477 0.171170
0.174868 0.065430 0.170969
0.174998 0.065382 0.170767
0.175146 0.065324 0.170674
0.175276 0.065276 0.170473
0.175425 0.065218 0.170379
0.175573 0.065161 0.170286
0.175704 0.065112 0.170084
0.154145 0.073429 0.177642
0.155161 0.072997 0.178924
0.155316 0.072936 0.178827
0.156682 0.072356 0.180489
0.156918 0.072260 0.180580
0.157111 0.072182 0.180579
0.157304 0.072105 0.180578
0.157454 0.072046 0.180484
0.157646 0.071969 0.180483
0.157837 0.071892 0.180483
0.158028 0.071816 0.180483
0.158219 0.071739 0.180483
0.158410 0.071663 0.180484
0.158599 0.071586 0.180484
0.158789 0.071510 0.180485
0.158978 0.071434 0.180486
0.159207 0.071341 0.180583
0.159395 0.071265 0.180584
0.159662 0.071154 0.180777
0.159849 0.071079 0.180779
0.160075 0.070987 0.180877
0.160300 0.070894 0.180976
0.160524 0.070803 0.181075
0.160709 0.070728 0.181079
0.160893 0.070654 0.181084
0.161038 0.070598 0.180992
0.161184 0.070541 0.180901
0.161329 0.070484 0.180810
0.161475 0.070428 0.180718
0.161620 0.070371 0.180627
0.161766 0.070315 0.180535
0.161911 0.070258 0.180444
0.162056 0.070201 0.180353
0.162239 0.070128 0.180358
0.162384 0.070072 0.180267
0.162565 0.069999 0.180273
0.162746 0.069926 0.180279
0.162963 0.069837 0.180383
0.163179 0.069748 0.180488
0.163394 0.069660 0.180593
0.163608 0.069572 0.180698
0.163786 0.069500 0.180706
0.163964 0.069429 0.180715
0.164141 0.069357 0.180723
0.164318 0.069286 0.180732
0.164495 0.069215 0.180741
0.164637 0.069160 0.180652
0.164813 0.069089 0.180661
0.164989 0.069018 0.180671
0.165130 0.068963 0.180582
0.165272 0.068908 0.180493
0.165414 0.068853 0.180404
0.165556 0.068797 0.180315
0.165730 0.068727 0.180325
0.165872 0.068672 0.180236
0.166013 0.068617 0.180147
0.166155 0.068562 0.180058
0.166296 0.068507 0.179970
0.166438 0.068452 0.179881
0.166579 0.068397 0.179792
0.166721 0.068341 0.179703
0.166862 0.068286 0.179614
0.167004 0.068231 0.179525
0.167146 0.068176 0.179436
0.167287 0.068121 0.179347
0.167459 0.068052 0.179359
0.167600 0.067997 0.179271
0.167742 0.067942 0.179182
0.167883 0.067887 0.179093
0.168024 0.067832 0.179004
0.168166 0.067777 0.178915
0.168307 0.067722 0.178827
0.168448 0.067667 0.178738
0.168590 0.067612 0.178649
0.168731 0.067557 0.178560
0.168872 0.067502 0.178471
0.169014 0.067446 0.178383
0.169155 0.067391 0.178294
0.169296 0.067336 0.178205
0.169411 0.067294 0.178013
0.169552 0.067239 0.177924
0.169694 0.067184 0.177836
0.169809 0.067142 0.177643
0.169950 0.067086 0.177554
0.170092 0.067031 0.177465
0.170234 0.066976 0.177376
0.170350 0.066933 0.177183
0.170492 0.066878 0.177094
0.170634 0.066823 0.177005
0.170751 0.066780 0.176812
0.170893 0.066724 0.176722
0.171010 0.066681 0.176529
0.171153 0.066625 0.176439
0.171295 0.066570 0.176350
0.171413 0.066526 0.176156
0.171532 0.066482 0.175961
0.171675 0.066427 0.175871
0.171794 0.066383 0.175677
0.171937 0.066327 0.175587
0.172057 0.066283 0.175391
0.172200 0.066227 0.175301
0.172320 0.066182 0.175106
0.172441 0.066137 0.174910
0.172563 0.066093 0.174714
0.172706 0.066037 0.174623
0.172828 0.065991 0.174427
0.172951 0.065946 0.174230
0.173073 0.065901 0.174033
0.173197 0.065855 0.173836
0.173320 0.065809 0.173638
0.173444 0.065763 0.173440
0.173568 0.065717 0.173242
0.173673 0.065681 0.172937
0.173798 0.065635 0.172738
0.173904 0.065598 0.172431
0.174011 0.065561 0.172124
0.174138 0.065514 0.171925
0.174246 0.065477 0.171617
0.174374 0.065429 0.171416
0.174502 0.065381 0.171216
0.174631 0.065333 0.171015
0.174779 0.065276 0.170922
0.174908 0.065228 0.170721
0.175038 0.065179 0.170519
0.175187 0.065122 0.170426
0.175317 0.065073 0.170224
0.175466 0.065015 0.170131
0.175614 0.064958 0.170037
0.154050 0.073264 0.177592
0.155179 0.072794 0.178685
0.155335 0.072733 0.178587
0.156396 0.072277 0.180443
0.156633 0.072180 0.180534
0.156827 0.072103 0.180533
0.157020 0.072026 0.180532
0.157213 0.071949 0.180531
0.157363 0.071890 0.180436
0.157555 0.071813 0.180436
0.157747 0.071737 0.180436
0.157938 0.071660 0.180436
0.158088 0.071602 0.180342
0.158278 0.071526 0.180342
0.158469 0.071449 0.180343
0.158659 0.071373 0.180344
0.158848 0.071298 0.180345
0.159037 0.071222 0.180346
0.159306 0.071111 0.180538
0.159494 0.071036 0.180540
0.159721 0.070944 0.180638
0.159947 0.070851 0.180736
0.160172 0.070760 0.180834
0.160397 0.070668 0.180934
0.160582 0.070594 0.180938
0.160766 0.070520 0.180942
0.160950 0.070446 0.180946
0.161096 0.070390 0.180855
0.161241 0.070333 0.180764
0.161387 0.070276 0.180672
0.161532 0.070220 0.180581
0.161678 0.070163 0.180489
0.161823 0.070107 0.180398
0.161969 0.070050 0.180307
0.162114 0.069993 0.180215
0.162296 0.069920 0.180221
0.162478 0.069848 0.180227
0.162659 0.069775 0.180234
0.162840 0.069703 0.180240
0.163056 0.069614 0.180345
0.163271 0.069526 0.180450
0.163486 0.069439 0.180555
0.163665 0.069367 0.180563
0.163878 0.069280 0.180669
0.164055 0.069209 0.180678
0.164232 0.069138 0.180687
0.164409 0.069067 0.180696
0.164551 0.069012 0.180607
0.164727 0.068941 0.180616
0.164869 0.068886 0.180527
0.165045 0.068816 0.180537
0.165187 0.068760 0.180448
0.165328 0.068705 0.180359
0.165470 0.068650 0.180270
0.165645 0.068580 0.180280
0.165786 0.068525 0.180192
0.165928 0.068470 0.180103
0.166069 0.068415 0.180014
0.166211 0.068360 0.179925
0.166352 0.068304 0.179836
0.166494 0.068249 0.179747
0.166635 0.068194 0.179658
0.166777 0.068139 0.179569
0.166919 0.068084 0.179480
0.167060 0.068029 0.179391
0.167202 0.067974 0.179302
0.167343 0.067919 0.179213
0.167485 0.067864 0.179125
0.167656 0.067795 0.179137
0.167798 0.067740 0.179048
0.167939 0.067685 0.178959
0.168080 0.067630 0.178871
0.168222 0.067575 0.178782
0.168363 0.067520 0.178693
0.168504 0.067465 0.178604
0.168646 0.067410 0.178516
0.168787 0.067354 0.178427
0.168928 0.067299 0.178338
0.169042 0.067257 0.178146
0.169184 0.067202 0.178058
0.169325 0.067147 0.177969
0.169440 0.067105 0.177777
0.169581 0.067049 0.177688
0.169723 0.066994 0.177599
0.169865 0.066939 0.177510
0.169980 0.066896 0.177317
0.170122 0.066841 0.177228
0.170264 0.066786 0.177139
0.170406 0.066730 0.177049
0.170523 0.066687 0.176856
0.170640 0.066644 0.176663
0.170782 0.066588 0.176573
0.170924 0.066533 0.176484
0.171042 0.066489 0.176290
0.171185 0.066433 0.176200
0.171303 0.066389 0.176006
0.171446 0.066334 0.175916
0.171565 0.066290 0.175721
0.171708 0.066234 0.175631
0.171827 0.066189 0.175436
0.171970 0.066134 0.175346
0.172091 0.066089 0.175151
0.172211 0.066044 0.174955
0.172332 0.065999 0.174759
0.172476 0.065943 0.174668
0.172597 0.065898 0.174472
0.172719 0.065852 0.174275
0.172842 0.065807 0.174078
0.172965 0.065761 0.173881
0.173088 0.065715 0.173683
0.173212 0.065669 0.173485
0.173336 0.065623 0.173287
0.173460 0.065576 0.173089
0.173564 0.065540 0.172783
0.173669 0.065503 0.172477
0.173796 0.065456 0.172278
0.173902 0.065418 0.171970
0.174029 0.065371 0.171771
0.174137 0.065333 0.171462
0.174265 0.065285 0.171262
0.174394 0.065237 0.171061
0.174542 0.065180 0.170968
0.174671 0.065131 0.170767
0.174801 0.065083 0.170565
0.174931 0.065034 0.170363
0.175079 0.064977 0.170270
0.175228 0.064919 0.170177
0.175376 0.064861 0.170084
0.175507 0.064812 0.169881
0.175656 0.064754 0.169788
0.155085 0.072632 0.178636
0.155241 0.072571 0.178538
0.156305 0.072119 0.180395
0.156542 0.072023 0.180487
0.156736 0.071946 0.180485
0.156929 0.071869 0.180484
0.157122 0.071792 0.180483
0.157272 0.071734 0.180389
0.157465 0.071657 0.180389
0.157615 0.071599 0.180294
0.157806 0.071522 0.180294
0.157997 0.071446 0.180294
0.158147 0.071388 0.180200
0.158338 0.071312 0.180201
0.158528 0.071236 0.180202
0.158718 0.071161 0.180203
0.158907 0.071085 0.180204
0.159136 0.070992 0.180301
0.159364 0.070900 0.180398
0.159592 0.070808 0.180496
0.159819 0.070716 0.180594
0.160044 0.070624 0.180693
0.160270 0.070533 0.180792
0.160494 0.070442 0.180891
0.160678 0.070369 0.180896
0.160824 0.070312 0.180804
0.161008 0.070238 0.180809
0.161154 0.070182 0.180718
0.161299 0.070125 0.180626
0.161444 0.070069 0.180535
0.161590 0.070012 0.180443
0.161735 0.069955 0.180352
0.161881 0.069899 0.180261
0.162026 0.069842 0.180169
0.162208 0.069769 0.180175
0.162354 0.069713 0.180084
0.162572 0.069624 0.180188
0.162753 0.069552 0.180194
0.162897 0.069496 0.180103
0.163185 0.069377 0.180404
0.163364 0.069305 0.180412
0.163578 0.069218 0.180518
0.163756 0.069147 0.180526
0.163934 0.069076 0.180535
0.164112 0.069005 0.180543
0.164289 0.068934 0.180552
0.164431 0.068879 0.180463
0.164608 0.068809 0.180473
0.164784 0.068738 0.180482
0.164926 0.068683 0.180393
0.165101 0.068613 0.180403
0.165243 0.068558 0.180314
0.165385 0.068502 0.180225
0.165526 0.068447 0.180136
0.165668 0.068392 0.180047
0.165810 0.068337 0.179958
0.165952 0.068282 0.179869
0.166093 0.068227 0.179780
0.166235 0.068171 0.179691
0.166377 0.068116 0.179602
0.166519 0.068061 0.179513
0.166660 0.068006 0.179424
0.166802 0.067951 0.179335
0.166975 0.067882 0.179347
0.167116 0.067826 0.179258
0.167258 0.067771 0.179169
0.167399 0.067716 0.179080
0.167541 0.067661 0.178991
0.167683 0.067606 0.178902
0.167824 0.067551 0.178813
0.167966 0.067496 0.178724
0.168107 0.067441 0.178635
0.168249 0.067386 0.178546
0.168390 0.067330 0.178457
0.168532 0.067275 0.178368
0.168673 0.067220 0.178280
0.168815 0.067165 0.178191
0.168957 0.067110 0.178102
0.169098 0.067055 0.178013
0.169212 0.067012 0.177821
0.169354 0.066957 0.177732
0.169496 0.066902 0.177643
0.169611 0.066859 0.177450
0.169753 0.066804 0.177361
0.169895 0.066748 0.177272
0.170037 0.066693 0.177183
0.170153 0.066650 0.176990
0.170295 0.066594 0.176900
0.170411 0.066551 0.176707
0.170554 0.066495 0.176618
0.170671 0.066452 0.176424
0.170813 0.066396 0.176334
0.170931 0.066352 0.176140
0.171074 0.066296 0.176050
0.171192 0.066252 0.175856
0.171335 0.066196 0.175766
0.171478 0.066141 0.175676
0.171598 0.066096 0.175481
0.171717 0.066051 0.175285
0.171861 0.065996 0.175195
0.172004 0.065940 0.175105
0.172124 0.065895 0.174909
0.172245 0.065849 0.174713
0.172366 0.065804 0.174517
0.172488 0.065758 0.174320
0.172610 0.065713 0.174123
0.172733 0.065667 0.173926
0.172856 0.065621 0.173728
0.172979 0.065574 0.173531
0.173103 0.065528 0.173333
0.173227 0.065481 0.173134
0.173330 0.065445 0.172829
0.173456 0.065398 0.172630
0.173561 0.065360 0.172323
0.173687 0.065313 0.172124
0.173793 0.065275 0.171816
0.173920 0.065227 0.171616
0.174048 0.065180 0.171416
0.174176 0.065132 0.171215
0.174305 0.065083 0.171014
0.174433 0.065035 0.170813
0.174563 0.064986 0.170612
0.174711 0.064929 0.170518
0.174841 0.064880 0.170316
0.174989 0.064822 0.170223
0.175138 0.064764 0.170130
0.175269 0.064715 0.169928
0.175417 0.064657 0.169834
0.154641 0.072619 0.177843
0.154798 0.072558 0.177745
0.156451 0.071867 0.180439
0.156645 0.071790 0.180438
0.156839 0.071713 0.180437
0.157032 0.071636 0.180436
0.157182 0.071578 0.180341
0.157332 0.071519 0.180247
0.157524 0.071443 0.180247
0.157716 0.071367 0.180247
0.157866 0.071308 0.180153
0.158057 0.071232 0.180153
0.158206 0.071174 0.180059
0.158397 0.071099 0.180060
0.158587 0.071023 0.180061
0.158817 0.070930 0.180157
0.159006 0.070855 0.180159
0.159195 0.070780 0.180161
0.159423 0.070688 0.180258
0.159690 0.070580 0.180452
0.159916 0.070489 0.180551
0.160142 0.070398 0.180650
0.160367 0.070307 0.180749
0.160552 0.070234 0.180754
0.160736 0.070160 0.180758
0.160882 0.070104 0.180667
0.161028 0.070047 0.180575
0.161173 0.069990 0.180484
0.161357 0.069917 0.180489
0.161502 0.069861 0.180398
0.161648 0.069804 0.180306
0.161793 0.069747 0.180215
0.161939 0.069691 0.180123
0.162121 0.069618 0.180129
0.162266 0.069562 0.180038
0.162448 0.069489 0.180044
0.162665 0.069402 0.180149
0.162810 0.069345 0.180058
0.163062 0.069243 0.180261
0.163242 0.069171 0.180268
0.163456 0.069085 0.180374
0.163635 0.069014 0.180383
0.163813 0.068943 0.180391
0.163991 0.068872 0.180400
0.164168 0.068801 0.180409
0.164345 0.068731 0.180418
0.164522 0.068661 0.180428
0.164664 0.068605 0.180338
0.164840 0.068535 0.180348
0.164982 0.068480 0.180259
0.165124 0.068425 0.180170
0.165266 0.068369 0.180081
0.165441 0.068300 0.180091
0.165583 0.068245 0.180002
0.165724 0.068189 0.179913
0.165866 0.068134 0.179824
0.166008 0.068079 0.179735
0.166150 0.068024 0.179646
0.166291 0.067969 0.179557
0.166433 0.067913 0.179468
0.166575 0.067858 0.179379
0.166717 0.067803 0.179290
0.166858 0.067748 0.179201
0.167000 0.067693 0.179112
0.167142 0.067638 0.179023
0.167284 0.067582 0.178934
0.167425 0.067527 0.178845
0.167567 0.067472 0.178756
0.167739 0.067404 0.178768
0.167880 0.067349 0.178679
0.168022 0.067293 0.178590
0.168163 0.067238 0.178502
0.168305 0.067183 0.178413
0.168446 0.067128 0.178324
0.168560 0.067086 0.178132
0.168701 0.067030 0.178043
0.168843 0.066975 0.177954
0.168985 0.066920 0.177865
0.169127 0.066865 0.177776
0.169268 0.066810 0.177687
0.169383 0.066767 0.177495
0.169525 0.066711 0.177405
0.169667 0.066656 0.177316
0.169782 0.066613 0.177123
0.169925 0.066557 0.177034
0.170067 0.066502 0.176945
0.170183 0.066458 0.176751
0.170325 0.066403 0.176662
0.170442 0.066359 0.176468
0.170559 0.066315 0.176274
0.170702 0.066259 0.176184
0.170820 0.066215 0.175990
0.170963 0.066159 0.175900
0.171106 0.066103 0.175810
0.171225 0.066059 0.175615
0.171368 0.066003 0.175525
0.171487 0.065958 0.175330
0.171631 0.065902 0.175240
0.171774 0.065846 0.175150
0.171894 0.065801 0.174954
0.172015 0.065756 0.174758
0.172158 0.065700 0.174668
0.172280 0.065654 0.174471
0.172401 0.065608 0.174274
0.172501 0.065573 0.173971
0.172623 0.065526 0.173774
0.172746 0.065480 0.173576
0.172870 0.065433 0.173378
0.172994 0.065387 0.173180
0.173118 0.065340 0.172981
0.173221 0.065303 0.172675
0.173347 0.065255 0.172476
0.173472 0.065208 0.172277
0.173578 0.065170 0.171970
0.173705 0.065122 0.171770
0.173832 0.065074 0.171570
0.173959 0.065026 0.171369
0.174087 0.064978 0.171168
0.174215 0.064929 0.170967
0.174363 0.064872 0.170875
0.174473 0.064832 0.170565
0.174603 0.064783 0.170363
0.174751 0.064725 0.170270
0.174900 0.064668 0.170176
0.175048 0.064610 0.170083
0.175179 0.064560 0.169881
0.153832 0.072744 0.177157
0.153991 0.072683 0.177057
0.154546 0.072455 0.177794
0.154703 0.072394 0.177695
0.156554 0.071633 0.180390
0.156748 0.071556 0.180389
0.156898 0.071498 0.180295
0.157091 0.071421 0.180294
0.157241 0.071363 0.180200
0.157434 0.071287 0.180199
0.157584 0.071228 0.180105
0.157734 0.071170 0.180011
0.157925 0.071094 0.180011
0.158075 0.071036 0.179917
0.158266 0.070960 0.179918
0.158456 0.070885 0.179919
0.158646 0.070810 0.179920
0.158836 0.070735 0.179922
0.159025 0.070660 0.179923
0.159294 0.070551 0.180116
0.159522 0.070460 0.180214
0.159788 0.070353 0.180408
0.160014 0.070262 0.180508
0.160239 0.070172 0.180607
0.160464 0.070082 0.180708
0.160609 0.070025 0.180616
0.160794 0.069952 0.180621
0.160940 0.069895 0.180529
0.161085 0.069839 0.180438
0.161269 0.069766 0.180443
0.161414 0.069709 0.180352
0.161560 0.069653 0.180260
0.161705 0.069596 0.180169
0.161851 0.069539 0.180077
0.161996 0.069483 0.179986
0.162178 0.069411 0.179992
0.162360 0.069339 0.179999
0.162542 0.069267 0.180005
0.162723 0.069195 0.180012
0.162867 0.069139 0.179921
0.163119 0.069037 0.180125
0.163334 0.068951 0.180231
0.163513 0.068880 0.180239
0.163692 0.068809 0.180247
0.163905 0.068723 0.180355
0.164047 0.068668 0.180265
0.164225 0.068597 0.180274
0.164402 0.068527 0.180284
0.164578 0.068457 0.180293
0.164720 0.068402 0.180204
0.164896 0.068332 0.180214
0.165038 0.068277 0.180125
0.165180 0.068222 0.180036
0.165322 0.068166 0.179947
0.165464 0.068111 0.179857
0.165606 0.068056 0.179768
0.165748 0.068001 0.179679
0.165890 0.067945 0.179590
0.166032 0.067890 0.179501
0.166174 0.067835 0.179412
0.166348 0.067766 0.179423
0.166489 0.067711 0.179334
0.166631 0.067656 0.179245
0.166773 0.067600 0.179156
0.166915 0.067545 0.179067
0.167056 0.067490 0.178978
0.167198 0.067435 0.178889
0.167340 0.067380 0.178800
0.167482 0.067324 0.178711
0.167623 0.067269 0.178622
0.167765 0.067214 0.178533
0.167907 0.067159 0.178444
0.168049 0.067104 0.178355
0.168191 0.067049 0.178266
0.168332 0.066993 0.178176
0.168474 0.066938 0.178087
0.168616 0.066883 0.177998
0.168758 0.066828 0.177909
0.168899 0.066773 0.177820
0.169013 0.066729 0.177628
0.169155 0.066674 0.177539
0.169297 0.066619 0.177450
0.169439 0.066564 0.177361
0.169554 0.066520 0.177168
0.169697 0.066465 0.177078
0.169839 0.066409 0.176989
0.169955 0.066366 0.176796
0.170071 0.066321 0.176602
0.170214 0.066266 0.176513
0.170330 0.066222 0.176319
0.170473 0.066166 0.176229
0.170591 0.066122 0.176035
0.170734 0.066066 0.175945
0.170852 0.066021 0.175750
0.170995 0.065965 0.175660
0.171114 0.065921 0.175465
0.171257 0.065865 0.175375
0.171401 0.065809 0.175285
0.171544 0.065753 0.175195
0.171664 0.065708 0.174999
0.171807 0.065652 0.174909
0.171928 0.065606 0.174713
0.172049 0.065560 0.174516
0.172170 0.065514 0.174319
0.172291 0.065468 0.174122
0.172414 0.065422 0.173925
0.172514 0.065386 0.173621
0.172637 0.065339 0.173423
0.172760 0.065292 0.173225
0.172884 0.065245 0.173027
0.173008 0.065198 0.172828
0.173133 0.065151 0.172629
0.173237 0.065113 0.172323
0.173363 0.065065 0.172123
0.173489 0.065017 0.171923
0.173616 0.064969 0.171723
0.173743 0.064921 0.171523
0.173850 0.064882 0.171215
0.173978 0.064833 0.171014
0.174126 0.064776 0.170921
0.174274 0.064718 0.170828
0.174403 0.064669 0.170626
0.174532 0.064620 0.170425
0.174662 0.064571 0.170223
0.174810 0.064513 0.170129
0.174959 0.064455 0.170036
0.175089 0.064406 0.169833
0.153895 0.072517 0.177007
0.154010 0.072473 0.176814
0.156657 0.071400 0.180342
0.156808 0.071341 0.180247
0.156958 0.071283 0.180153
0.157108 0.071224 0.180058
0.157301 0.071148 0.180058
0.157451 0.071090 0.179964
0.157643 0.071014 0.179964
0.157793 0.070956 0.179869
0.157943 0.070897 0.179775
0.158134 0.070822 0.179776
0.158325 0.070747 0.179777
0.158515 0.070672 0.179778
0.158705 0.070597 0.179779
0.158895 0.070522 0.179781
0.159124 0.070431 0.179878
0.159352 0.070340 0.179976
0.159620 0.070232 0.180171
0.159846 0.070142 0.180270
0.160112 0.070036 0.180465
0.160336 0.069947 0.180565
0.160521 0.069873 0.180570
0.160667 0.069817 0.180478
0.160852 0.069744 0.180483
0.160997 0.069687 0.180392
0.161143 0.069630 0.180300
0.161327 0.069558 0.180306
0.161472 0.069501 0.180214
0.161618 0.069445 0.180123
0.161763 0.069388 0.180031
0.161908 0.069331 0.179940
0.162091 0.069259 0.179946
0.162273 0.069188 0.179953
0.162454 0.069116 0.179959
0.162635 0.069044 0.179966
0.162780 0.068988 0.179875
0.162996 0.068902 0.179981
0.163212 0.068816 0.180087
0.163391 0.068745 0.180095
0.163570 0.068675 0.180104
0.163783 0.068589 0.180211
0.163961 0.068519 0.180220
0.164104 0.068464 0.180130
0.164281 0.068394 0.180140
0.164458 0.068324 0.180149
0.164601 0.068268 0.180060
0.164777 0.068199 0.180070
0.164919 0.068143 0.179980
0.165061 0.068088 0.179891
0.165203 0.068033 0.179802
0.165345 0.067977 0.179713
0.165488 0.067922 0.179623
0.165662 0.067853 0.179634
0.165804 0.067798 0.179545
0.165946 0.067742 0.179456
0.166088 0.067687 0.179367
0.166230 0.067632 0.179278
0.166372 0.067577 0.179188
0.166514 0.067521 0.179099
0.166687 0.067453 0.179111
0.166829 0.067398 0.179022
0.166971 0.067343 0.178933
0.167113 0.067287 0.178844
0.167254 0.067232 0.178755
0.167396 0.067177 0.178666
0.167538 0.067122 0.178577
0.167680 0.067067 0.178488
0.167821 0.067011 0.178399
0.167963 0.066956 0.178310
0.168105 0.066901 0.178221
0.168247 0.066846 0.178132
0.168389 0.066791 0.178043
0.168530 0.066735 0.177954
0.168672 0.066680 0.177865
0.168814 0.066625 0.177776
0.168928 0.066582 0.177583
0.169070 0.066526 0.177494
0.169212 0.066471 0.177405
0.169326 0.066428 0.177212
0.169469 0.066372 0.177123
0.169584 0.066328 0.176930
0.169726 0.066273 0.176840
0.169869 0.066217 0.176751
0.169985 0.066173 0.176557
0.170101 0.066129 0.176363
0.170244 0.066073 0.176274
0.170361 0.066029 0.176079
0.170504 0.065973 0.175989
0.170622 0.065928 0.175795
0.170765 0.065872 0.175705
0.170884 0.065827 0.175510
0.171027 0.065771 0.175420
0.171171 0.065716 0.175330
0.171314 0.065660 0.175239
0.171434 0.065614 0.175044
0.171577 0.065558 0.174954
0.171697 0.065513 0.174757
0.171841 0.065457 0.174667
0.171939 0.065421 0.174364
0.172060 0.065374 0.174168
0.172182 0.065328 0.173970
0.172304 0.065281 0.173773
0.172404 0.065244 0.173469
0.172527 0.065197 0.173271
0.172651 0.065150 0.173072
0.172775 0.065103 0.172874
0.172899 0.065056 0.172675
0.173024 0.065008 0.172476
0.173149 0.064960 0.172276
0.173275 0.064912 0.172077
0.173401 0.064864 0.171877
0.173527 0.064816 0.171677
0.173654 0.064768 0.171477
0.173761 0.064728 0.171168
0.173889 0.064679 0.170967
0.174037 0.064622 0.170874
0.174165 0.064573 0.170673
0.174313 0.064515 0.170579
0.174442 0.064466 0.170378
0.174572 0.064416 0.170176
0.174702 0.064367 0.169973
0.174851 0.064309 0.169880
0.153800 0.072352 0.176956
0.153914 0.072308 0.176763
0.156480 0.071279 0.180107
0.156674 0.071202 0.180106
0.156824 0.071144 0.180011
0.156975 0.071085 0.179917
0.157168 0.071009 0.179916
0.157360 0.070934 0.179916
0.157511 0.070875 0.179822
0.157661 0.070817 0.179727
0.157853 0.070741 0.179728
0.158002 0.070683 0.179634
0.158194 0.070608 0.179635
0.158384 0.070533 0.179636
0.158534 0.070475 0.179542
0.158764 0.070383 0.179639
0.158994 0.070292 0.179736
0.159143 0.070235 0.179643
0.159451 0.070112 0.179932
0.159639 0.070038 0.179935
0.159984 0.069900 0.180323
0.160209 0.069811 0.180423
0.160394 0.069738 0.180427
0.160540 0.069681 0.180336
0.160725 0.069608 0.180341
0.160871 0.069551 0.180249
0.161055 0.069479 0.180254
0.161201 0.069422 0.180163
0.161384 0.069350 0.180168
0.161530 0.069293 0.180077
0.161675 0.069237 0.179985
0.161821 0.069180 0.179894
0.161966 0.069124 0.179803
0.162148 0.069052 0.179809
0.162330 0.068980 0.179816
0.162512 0.068909 0.179823
0.162693 0.068838 0.179830
0.162837 0.068781 0.179739
0.163089 0.068681 0.179943
0.163269 0.068610 0.179951
0.163448 0.068540 0.179960
0.163662 0.068455 0.180067
0.163840 0.068385 0.180076
0.164018 0.068315 0.180085
0.164161 0.068260 0.179995
0.164338 0.068190 0.180005
0.164480 0.068134 0.179915
0.164657 0.068065 0.179925
0.164799 0.068009 0.179836
0.164942 0.067954 0.179746
0.165084 0.067899 0.179657
0.165260 0.067829 0.179668
0.165402 0.067774 0.179578
0.165544 0.067719 0.179489
0.165686 0.067663 0.179400
0.165861 0.067595 0.179411
0.166003 0.067540 0.179322
0.166145 0.067484 0.179233
0.166287 0.067429 0.179143
0.166429 0.067374 0.179054
0.166570 0.067318 0.178965
0.166712 0.067263 0.178876
0.166885 0.067195 0.178888
0.167027 0.067140 0.178799
0.167169 0.067085 0.178710
0.167311 0.067030 0.178621
0.167452 0.066974 0.178532
0.167594 0.066919 0.178443
0.167736 0.066864 0.178354
0.167878 0.066809 0.178265
0.168019 0.066754 0.178176
0.168161 0.066698 0.178087
0.168303 0.066643 0.177998
0.168445 0.066588 0.177909
0.168586 0.066533 0.177820
0.168700 0.066489 0.177628
0.168842 0.066434 0.177538
0.168984 0.066379 0.177449
0.169098 0.066335 0.177257
0.169241 0.066280 0.177167
0.169356 0.066236 0.176974
0.169498 0.066180 0.176885
0.169640 0.066125 0.176795
0.169756 0.066080 0.176602
0.169899 0.066025 0.176512
0.170015 0.065980 0.176318
0.170132 0.065935 0.176124
0.170275 0.065880 0.176034
0.170393 0.065835 0.175839
0.170536 0.065779 0.175749
0.170654 0.065734 0.175554
0.170797 0.065678 0.175464
0.170941 0.065622 0.175374
0.171060 0.065577 0.175179
0.171203 0.065521 0.175089
0.171347 0.065465 0.174998
0.171467 0.065419 0.174802
0.171610 0.065363 0.174712
0.171707 0.065327 0.174409
0.171828 0.065280 0.174213
0.171950 0.065234 0.174016
0.172071 0.065187 0.173818
0.172194 0.065140 0.173621
0.172294 0.065103 0.173316
0.172417 0.065056 0.173118
0.172541 0.065008 0.172919
0.172665 0.064961 0.172720
0.172789 0.064913 0.172521
0.172914 0.064865 0.172322
0.173039 0.064817 0.172123
0.173165 0.064769 0.171923
0.173291 0.064720 0.171723
0.173418 0.064672 0.171522
0.173545 0.064623 0.171322
0.173672 0.064574 0.171121
0.173820 0.064517 0.171028
0.173947 0.064468 0.170827
0.174076 0.064419 0.170626
0.174224 0.064361 0.170533
0.174353 0.064311 0.170331
0.174482 0.064262 0.170129
0.174612 0.064212 0.169926
0.153818 0.072142 0.176713
0.153977 0.072080 0.176613
0.156540 0.071063 0.179964
0.156691 0.071004 0.179869
0.156884 0.070929 0.179869
0.157035 0.070870 0.179774
0.157185 0.070811 0.179680
0.157378 0.070736 0.179680
0.157528 0.070677 0.179585
0.157720 0.070602 0.179586
0.157871 0.070544 0.179491
0.158062 0.070469 0.179492
0.158212 0.070410 0.179398
0.158403 0.070335 0.179399
0.158593 0.070261 0.179400
0.158823 0.070170 0.179498
0.159013 0.070096 0.179500
0.159322 0.069974 0.179790
0.159550 0.069884 0.179889
0.159816 0.069779 0.180084
0.160081 0.069674 0.180281
0.160267 0.069601 0.180285
0.160452 0.069529 0.180290
0.160598 0.069472 0.180198
0.160783 0.069400 0.180203
0.160929 0.069343 0.180111
0.161113 0.069271 0.180117
0.161259 0.069214 0.180025
0.161404 0.069157 0.179934
0.161587 0.069086 0.179940
0.161733 0.069029 0.179848
0.161878 0.068972 0.179757
0.162061 0.068901 0.179763
0.162243 0.068829 0.179770
0.162388 0.068773 0.179679
0.162569 0.068702 0.179686
0.162750 0.068631 0.179693
0.162895 0.068575 0.179602
0.163146 0.068475 0.179807
0.163326 0.068405 0.179815
0.163540 0.068320 0.179923
0.163719 0.068250 0.179932
0.163897 0.068181 0.179941
0.164040 0.068125 0.179851
0.164217 0.068055 0.179860
0.164394 0.067986 0.179870
0.164537 0.067930 0.179781
0.164680 0.067875 0.179691
0.164856 0.067806 0.179701
0.164998 0.067750 0.179612
0.165141 0.067695 0.179523
0.165283 0.067640 0.179433
0.165458 0.067571 0.179444
0.165600 0.067516 0.179355
0.165743 0.067460 0.179265
0.165917 0.067392 0.179277
0.166059 0.067337 0.179188
0.166201 0.067281 0.179099
0.166343 0.067226 0.179009
0.166485 0.067171 0.178920
0.166627 0.067115 0.178831
0.166800 0.067048 0.178843
0.166941 0.066992 0.178754
0.167083 0.066937 0.178665
0.167225 0.066882 0.178576
0.167367 0.066827 0.178487
0.167509 0.066772 0.178398
0.167650 0.066716 0.178309
0.167792 0.066661 0.178220
0.167934 0.066606 0.178131
0.168076 0.066551 0.178042
0.168217 0.066496 0.177953
0.168359 0.066441 0.177864
0.168472 0.066397 0.177672
0.168614 0.066342 0.177583
0.168756 0.066286 0.177494
0.168870 0.066242 0.177301
0.169013 0.066187 0.177212
0.169155 0.066132 0.177122
0.169270 0.066087 0.176929
0.169412 0.066032 0.176840
0.169554 0.065977 0.176750
0.169670 0.065932 0.176557
0.169786 0.065887 0.176363
0.169929 0.065832 0.176273
0.170046 0.065787 0.176079
0.170163 0.065742 0.175884
0.170306 0.065686 0.175794
0.170424 0.065641 0.175599
0.170567 0.065585 0.175509
0.170686 0.065539 0.175314
0.170829 0.065483 0.175224
0.170948 0.065437 0.175028
0.171092 0.065381 0.174938
0.171236 0.065325 0.174847
0.171356 0.065279 0.174651
0.171476 0.065233 0.174454
0.171597 0.065186 0.174258
0.171718 0.065140 0.174061
0.171839 0.065093 0.173863
0.171961 0.065046 0.173666
0.172061 0.065008 0.173361
0.172183 0.064961 0.173163
0.172307 0.064913 0.172965
0.172430 0.064866 0.172766
0.172555 0.064818 0.172567
0.172679 0.064770 0.172368
0.172804 0.064722 0.172168
0.172951 0.064664 0.172076
0.173076 0.064616 0.171876
0.173202 0.064567 0.171676
0.173329 0.064519 0.171476
0.173455 0.064470 0.171275
0.173583 0.064421 0.171074
0.173730 0.064363 0.170982
0.173858 0.064314 0.170780
0.173986 0.064265 0.170579
0.174135 0.064207 0.170486
0.174263 0.064157 0.170284
0.174393 0.064107 0.170082
0.174522 0.064057 0.169879
0.153722 0.071977 0.176663
0.153881 0.071915 0.176563
0.156406 0.070923 0.179822
0.156600 0.070847 0.179822
0.156750 0.070789 0.179727
0.156901 0.070730 0.179632
0.157094 0.070655 0.179632
0.157245 0.070596 0.179538
0.157396 0.070537 0.179443
0.157588 0.070462 0.179443
0.157738 0.070404 0.179349
0.157930 0.070329 0.179350
0.158121 0.070254 0.179350
0.158271 0.070196 0.179256
0.158462 0.070121 0.179258
0.158652 0.070047 0.179259
0.158923 0.069941 0.179453
0.159072 0.069883 0.179359
0.159953 0.069537 0.180138
0.160139 0.069465 0.180142
0.160325 0.069392 0.180147
0.160471 0.069335 0.180055
0.160656 0.069263 0.180060
0.160802 0.069206 0.179968
0.160987 0.069134 0.179973
0.161171 0.069063 0.179979
0.161316 0.069006 0.179888
0.161462 0.068949 0.179796
0.161645 0.068878 0.179802
0.161791 0.068821 0.179711
0.161936 0.068764 0.179619
0.162118 0.068693 0.179626
0.162300 0.068622 0.179633
0.162445 0.068566 0.179542
0.162627 0.068495 0.179549
0.162807 0.068424 0.179557
0.163024 0.068340 0.179663
0.163204 0.068269 0.179671
0.163418 0.068185 0.179779
0.163597 0.068115 0.179787
0.163776 0.068046 0.179796
0.163954 0.067976 0.179806
0.164097 0.067921 0.179716
0.164274 0.067851 0.179726
0.164417 0.067796 0.179636
0.164560 0.067740 0.179546
0.164736 0.067671 0.179557
0.164879 0.067616 0.179467
0.165055 0.067547 0.179478
0.165197 0.067491 0.179388
0.165339 0.067436 0.179299
0.165515 0.067368 0.179310
0.165657 0.067312 0.179221
0.165831 0.067244 0.179232
0.165973 0.067189 0.179143
0.166115 0.067134 0.179054
0.166257 0.067078 0.178965
0.166431 0.067011 0.178977
0.166572 0.066955 0.178888
0.166714 0.066900 0.178799
0.166856 0.066845 0.178710
0.166998 0.066790 0.178621
0.167139 0.066735 0.178531
0.167281 0.066679 0.178442
0.167423 0.066624 0.178353
0.167565 0.066569 0.178264
0.167707 0.066514 0.178175
0.167848 0.066459 0.178086
0.167990 0.066403 0.177997
0.168103 0.066360 0.177805
0.168245 0.066305 0.177716
0.168387 0.066249 0.177627
0.168529 0.066194 0.177538
0.168642 0.066150 0.177345
0.168785 0.066095 0.177256
0.168927 0.066039 0.177167
0.169041 0.065995 0.176974
0.169184 0.065939 0.176884
0.169299 0.065895 0.176691
0.169442 0.065839 0.176601
0.169584 0.065784 0.176512
0.169700 0.065739 0.176318
0.169817 0.065694 0.176123
0.169933 0.065648 0.175929
0.170077 0.065593 0.175839
0.170194 0.065547 0.175644
0.170337 0.065491 0.175554
0.170455 0.065446 0.175359
0.170574 0.065400 0.175163
0.170718 0.065344 0.175073
0.170837 0.065298 0.174877
0.170981 0.065241 0.174786
0.171101 0.065195 0.174590
0.171245 0.065139 0.174499
0.171365 0.065092 0.174303
0.171486 0.065046 0.174106
0.171607 0.064999 0.173909
0.171728 0.064952 0.173711
0.171827 0.064913 0.173407
0.171950 0.064866 0.173209
0.172073 0.064818 0.173010
0.172196 0.064770 0.172812
0.172320 0.064722 0.172613
0.172444 0.064674 0.172414
0.172569 0.064626 0.172214
0.172716 0.064569 0.172122
0.172841 0.064520 0.171922
0.172966 0.064472 0.171722
0.173092 0.064423 0.171522
0.173240 0.064365 0.171429
0.173366 0.064316 0.171229
0.173494 0.064267 0.171028
0.173621 0.064218 0.170827
0.173769 0.064160 0.170734
0.173897 0.064110 0.170532
0.174045 0.064053 0.170439
0.174174 0.064003 0.170237
0.153785 0.071749 0.176512
0.153944 0.071687 0.176412
0.155444 0.071105 0.178745
0.155989 0.070893 0.179494
0.156185 0.070817 0.179493
0.156422 0.070724 0.179586
0.156617 0.070649 0.179585
0.156768 0.070590 0.179490
0.156918 0.070531 0.179395
0.157112 0.070456 0.179395
0.157263 0.070397 0.179301
0.157455 0.070322 0.179301
0.157606 0.070263 0.179206
0.157798 0.070189 0.179207
0.157948 0.070130 0.179112
0.158140 0.070056 0.179113
0.158331 0.069981 0.179115
0.158521 0.069907 0.179116
0.158793 0.069802 0.179310
0.158942 0.069744 0.179216
0.159251 0.069623 0.179507
0.159519 0.069519 0.179702
0.159786 0.069416 0.179899
0.160012 0.069328 0.179999
0.160197 0.069255 0.180004
0.160383 0.069183 0.180009
0.160568 0.069111 0.180014
0.160714 0.069054 0.179922
0.160899 0.068983 0.179927
0.161045 0.068926 0.179836
0.161190 0.068869 0.179744
0.161374 0.068798 0.179750
0.161520 0.068741 0.179659
0.161703 0.068670 0.179665
0.161848 0.068613 0.179573
0.161994 0.068556 0.179482
0.162176 0.068485 0.179489
0.162358 0.068415 0.179496
0.162539 0.068344 0.179503
0.162720 0.068274 0.179511
0.162901 0.068203 0.179519
0.163081 0.068133 0.179527
0.163296 0.068050 0.179634
0.163475 0.067980 0.179643
0.163654 0.067910 0.179652
0.163832 0.067841 0.179661
0.163976 0.067785 0.179571
0.164153 0.067716 0.179581
0.164296 0.067660 0.179491
0.164473 0.067592 0.179501
0.164616 0.067536 0.179411
0.164793 0.067467 0.179422
0.164935 0.067412 0.179332
0.165111 0.067343 0.179343
0.165253 0.067288 0.179254
0.165429 0.067220 0.179265
0.165571 0.067164 0.179176
0.165746 0.067096 0.179187
0.165888 0.067041 0.179098
0.166029 0.066986 0.179009
0.166203 0.066918 0.179021
0.166345 0.066863 0.178932
0.166487 0.066808 0.178843
0.166629 0.066753 0.178754
0.166770 0.066698 0.178665
0.166912 0.066642 0.178576
0.167054 0.066587 0.178487
0.167196 0.066532 0.178398
0.167337 0.066477 0.178309
0.167479 0.066422 0.178220
0.167621 0.066366 0.178131
0.167733 0.066323 0.177939
0.167875 0.066267 0.177850
0.168017 0.066212 0.177760
0.168159 0.066157 0.177671
0.168301 0.066102 0.177582
0.168443 0.066046 0.177493
0.168557 0.066002 0.177300
0.168671 0.065958 0.177107
0.168813 0.065902 0.177018
0.168955 0.065847 0.176929
0.169070 0.065802 0.176735
0.169213 0.065746 0.176646
0.169328 0.065701 0.176452
0.169471 0.065646 0.176362
0.169587 0.065601 0.176168
0.169730 0.065545 0.176078
0.169847 0.065499 0.175884
0.169964 0.065454 0.175689
0.170082 0.065408 0.175494
0.170199 0.065362 0.175298
0.170343 0.065306 0.175208
0.170462 0.065260 0.175012
0.170606 0.065204 0.174922
0.170725 0.065157 0.174726
0.170869 0.065101 0.174635
0.170989 0.065055 0.174439
0.171109 0.065008 0.174242
0.171254 0.064951 0.174151
0.171375 0.064904 0.173954
0.171472 0.064866 0.173650
0.171617 0.064810 0.173559
0.171740 0.064762 0.173361
0.171839 0.064723 0.173056
0.171962 0.064675 0.172857
0.172085 0.064627 0.172658
0.172209 0.064579 0.172459
0.172356 0.064522 0.172367
0.172480 0.064473 0.172168
0.172605 0.064425 0.171968
0.172731 0.064376 0.171768
0.172878 0.064319 0.171676
0.173004 0.064270 0.171475
0.173151 0.064212 0.171383
0.173277 0.064163 0.171182
0.173404 0.064113 0.170981
0.173532 0.064064 0.170780
0.173680 0.064006 0.170687
0.173808 0.063956 0.170485
0.173936 0.063906 0.170283
0.153689 0.071583 0.176462
0.153848 0.071521 0.176362
0.155351 0.070945 0.178696
0.155898 0.070735 0.179446
0.156093 0.070659 0.179445
0.156245 0.070600 0.179349
0.156439 0.070524 0.179349
0.156634 0.070449 0.179348
0.156785 0.070390 0.179253
0.156936 0.070331 0.179158
0.157129 0.070256 0.179158
0.157280 0.070198 0.179063
0.157473 0.070123 0.179063
0.157666 0.070048 0.179064
0.157858 0.069974 0.179065
0.158008 0.069915 0.178970
0.158199 0.069841 0.178972
0.158390 0.069767 0.178973
0.158621 0.069678 0.179071
0.158892 0.069573 0.179265
0.159162 0.069469 0.179460
0.159430 0.069366 0.179656
0.159657 0.069278 0.179756
0.159923 0.069175 0.179953
0.160109 0.069103 0.179958
0.160256 0.069046 0.179866
0.160441 0.068974 0.179871
0.160626 0.068902 0.179876
0.160772 0.068846 0.179784
0.160956 0.068774 0.179790
0.161102 0.068717 0.179698
0.161248 0.068661 0.179606
0.161432 0.068589 0.179612
0.161577 0.068533 0.179521
0.161723 0.068476 0.179429
0.161906 0.068405 0.179436
0.162088 0.068334 0.179443
0.162270 0.068264 0.179450
0.162415 0.068207 0.179359
0.162597 0.068137 0.179367
0.162777 0.068067 0.179374
0.162994 0.067983 0.179481
0.163174 0.067914 0.179490
0.163353 0.067844 0.179498
0.163497 0.067788 0.179408
0.163676 0.067719 0.179417
0.163854 0.067650 0.179426
0.164032 0.067581 0.179436
0.164176 0.067525 0.179346
0.164353 0.067456 0.179356
0.164496 0.067400 0.179266
0.164673 0.067332 0.179277
0.164849 0.067263 0.179287
0.164992 0.067208 0.179198
0.165168 0.067140 0.179209
0.165310 0.067084 0.179119
0.165485 0.067017 0.179131
0.165660 0.066949 0.179142
0.165802 0.066894 0.179053
0.165944 0.066838 0.178964
0.166118 0.066771 0.178976
0.166260 0.066716 0.178887
0.166401 0.066660 0.178798
0.166543 0.066605 0.178709
0.166685 0.066550 0.178620
0.166827 0.066495 0.178531
0.166968 0.066440 0.178442
0.167110 0.066385 0.178353
0.167252 0.066329 0.178264
0.167364 0.066286 0.178072
0.167506 0.066230 0.177983
0.167647 0.066175 0.177894
0.167789 0.066120 0.177805
0.167931 0.066064 0.177716
0.168044 0.066020 0.177523
0.168187 0.065965 0.177434
0.168329 0.065909 0.177345
0.168442 0.065865 0.177152
0.168585 0.065809 0.177062
0.168727 0.065754 0.176973
0.168842 0.065709 0.176780
0.168984 0.065654 0.176690
0.169099 0.065609 0.176496
0.169242 0.065553 0.176407
0.169385 0.065497 0.176317
0.169501 0.065452 0.176123
0.169617 0.065406 0.175928
0.169734 0.065360 0.175733
0.169851 0.065315 0.175538
0.169969 0.065268 0.175343
0.170113 0.065212 0.175253
0.170231 0.065166 0.175057
0.170350 0.065120 0.174861
0.170494 0.065064 0.174771
0.170613 0.065017 0.174574
0.170733 0.064970 0.174378
0.170877 0.064914 0.174287
0.170998 0.064866 0.174090
0.171118 0.064819 0.173893
0.171263 0.064763 0.173802
0.171385 0.064715 0.173604
0.171506 0.064667 0.173406
0.171628 0.064620 0.173208
0.171751 0.064572 0.173010
0.171874 0.064523 0.172811
0.171997 0.064475 0.172612
0.172121 0.064427 0.172413
0.172245 0.064378 0.172214
0.172370 0.064329 0.172014
0.172495 0.064280 0.171814
0.172620 0.064231 0.171614
0.172767 0.064174 0.171521
0.172915 0.064116 0.171429
0.173041 0.064067 0.171228
0.173168 0.064017 0.171027
0.173295 0.063968 0.170826
0.173442 0.063910 0.170733
0.173570 0.063860 0.170531
0.173698 0.063810 0.170330
0.153752 0.071356 0.176312
0.155914 0.070534 0.179208
0.156110 0.070459 0.179207
0.156262 0.070399 0.179112
0.156456 0.070324 0.179111
0.156608 0.070265 0.179016
0.156802 0.070190 0.179015
0.156996 0.070115 0.179015
0.157147 0.070056 0.178920
0.157340 0.069982 0.178921
0.157533 0.069907 0.178921
0.157725 0.069833 0.178922
0.157876 0.069774 0.178827
0.158068 0.069700 0.178828
0.158259 0.069626 0.178830
0.158531 0.069522 0.179023
0.158802 0.069418 0.179218
0.158951 0.069360 0.179124
0.159528 0.069140 0.179613
0.159795 0.069037 0.179810
0.159981 0.068966 0.179815
0.160167 0.068894 0.179819
0.160353 0.068822 0.179824
0.160499 0.068765 0.179732
0.160684 0.068694 0.179738
0.160830 0.068637 0.179646
0.160976 0.068580 0.179554
0.161160 0.068509 0.179560
0.161306 0.068452 0.179469
0.161490 0.068381 0.179475
0.161635 0.068324 0.179383
0.161781 0.068268 0.179292
0.161964 0.068197 0.179299
0.162146 0.068127 0.179306
0.162291 0.068070 0.179215
0.162473 0.068000 0.179222
0.162654 0.067930 0.179230
0.162835 0.067860 0.179238
0.163015 0.067791 0.179246
0.163195 0.067721 0.179255
0.163410 0.067638 0.179363
0.163554 0.067582 0.179272
0.163733 0.067513 0.179282
0.163911 0.067445 0.179291
0.164055 0.067389 0.179201
0.164232 0.067320 0.179211
0.164410 0.067252 0.179221
0.164553 0.067196 0.179131
0.164729 0.067128 0.179142
0.164906 0.067060 0.179153
0.165082 0.066992 0.179164
0.165224 0.066936 0.179074
0.165399 0.066869 0.179086
0.165541 0.066813 0.178996
0.165716 0.066746 0.179008
0.165858 0.066691 0.178919
0.166032 0.066623 0.178931
0.166174 0.066568 0.178842
0.166316 0.066513 0.178753
0.166458 0.066458 0.178664
0.166599 0.066403 0.178575
0.166741 0.066347 0.178486
0.166883 0.066292 0.178397
0.167025 0.066237 0.178308
0.167166 0.066182 0.178219
0.167278 0.066138 0.178027
0.167420 0.066083 0.177938
0.167562 0.066027 0.177849
0.167704 0.065972 0.177760
0.167816 0.065928 0.177568
0.167959 0.065872 0.177478
0.168072 0.065828 0.177286
0.168214 0.065772 0.177196
0.168356 0.065717 0.177107
0.168499 0.065661 0.177017
0.168613 0.065616 0.176824
0.168756 0.065561 0.176735
0.168870 0.065516 0.176541
0.169013 0.065460 0.176451
0.169129 0.065414 0.176257
0.169272 0.065359 0.176167
0.169388 0.065313 0.175973
0.169504 0.065267 0.175778
0.169621 0.065221 0.175583
0.169738 0.065175 0.175388
0.169882 0.065119 0.175298
0.170000 0.065072 0.175102
0.170118 0.065026 0.174906
0.170237 0.064979 0.174710
0.170356 0.064932 0.174514
0.170501 0.064876 0.174423
0.170645 0.064819 0.174332
0.170765 0.064772 0.174135
0.170910 0.064716 0.174044
0.171031 0.064668 0.173847
0.171152 0.064621 0.173649
0.171273 0.064573 0.173452
0.171395 0.064525 0.173253
0.171517 0.064477 0.173055
0.171640 0.064428 0.172857
0.171763 0.064380 0.172658
0.171886 0.064331 0.172459
0.172010 0.064283 0.172259
0.172134 0.064234 0.172060
0.172259 0.064184 0.171860
0.172384 0.064135 0.171660
0.172531 0.064078 0.171567
0.172657 0.064028 0.171367
0.172783 0.063979 0.171166
0.172931 0.063921 0.171073
0.173057 0.063871 0.170872
0.173205 0.063814 0.170779
0.173333 0.063764 0.170578
0.173460 0.063713 0.170376
0.156127 0.070258 0.178969
0.156279 0.070198 0.178874
0.156474 0.070123 0.178873
0.156668 0.070048 0.178873
0.156820 0.069989 0.178777
0.157014 0.069915 0.178777
0.157207 0.069840 0.178778
0.157400 0.069766 0.178778
0.157593 0.069692 0.178779
0.157785 0.069618 0.178780
0.157977 0.069544 0.178781
0.158168 0.069470 0.178782
0.158441 0.069366 0.178976
0.158672 0.069278 0.179075
0.158821 0.069220 0.178981
0.159171 0.069088 0.179369
0.159439 0.068986 0.179566
0.159666 0.068899 0.179667
0.159893 0.068813 0.179768
0.160039 0.068756 0.179676
0.160225 0.068684 0.179681
0.160411 0.068613 0.179686
0.160557 0.068556 0.179594
0.160742 0.068485 0.179600
0.160888 0.068428 0.179508
0.161034 0.068371 0.179416
0.161180 0.068314 0.179325
0.161364 0.068243 0.179331
0.161510 0.068187 0.179239
0.161693 0.068116 0.179246
0.161876 0.068046 0.179253
0.162021 0.067989 0.179161
0.162203 0.067919 0.179169
0.162385 0.067849 0.179176
0.162567 0.067779 0.179184
0.162748 0.067710 0.179192
0.162928 0.067640 0.179200
0.163108 0.067571 0.179209
0.163252 0.067515 0.179118
0.163432 0.067446 0.179127
0.163611 0.067377 0.179136
0.163790 0.067308 0.179146
0.163968 0.067240 0.179156
0.164111 0.067184 0.179066
0.164289 0.067115 0.179076
0.164466 0.067047 0.179086
0.164643 0.066979 0.179097
0.164786 0.066924 0.179007
0.164962 0.066856 0.179018
0.165138 0.066788 0.179029
0.165314 0.066721 0.179041
0.165456 0.066665 0.178952
0.165630 0.066598 0.178963
0.165772 0.066543 0.178874
0.165947 0.066476 0.178887
0.166088 0.066421 0.178797
0.166230 0.066366 0.178708
0.166372 0.066310 0.178619
0.166514 0.066255 0.178530
0.166655 0.066200 0.178441
0.166797 0.066145 0.178352
0.166939 0.066090 0.178263
0.167081 0.066034 0.178174
0.167192 0.065990 0.177983
0.167334 0.065935 0.177893
0.167476 0.065880 0.177804
0.167588 0.065835 0.177612
0.167731 0.065780 0.177523
0.167843 0.065735 0.177330
0.167986 0.065680 0.177241
0.168128 0.065624 0.177151
0.168242 0.065579 0.176958
0.168384 0.065524 0.176869
0.168527 0.065468 0.176779
0.168641 0.065423 0.176585
0.168784 0.065367 0.176496
0.168899 0.065321 0.176302
0.169042 0.065266 0.176212
0.169185 0.065210 0.176122
0.169301 0.065164 0.175928
0.169418 0.065118 0.175733
0.169508 0.065081 0.175433
0.169625 0.065035 0.175237
0.169743 0.064988 0.175042
0.169887 0.064932 0.174951
0.170005 0.064885 0.174755
0.170124 0.064838 0.174559
0.170269 0.064782 0.174468
0.170388 0.064734 0.174271
0.170533 0.064678 0.174180
0.170653 0.064630 0.173983
0.170798 0.064574 0.173892
0.170919 0.064526 0.173695
0.171040 0.064478 0.173497
0.171161 0.064430 0.173299
0.171283 0.064382 0.173101
0.171429 0.064325 0.173009
0.171551 0.064276 0.172810
0.171674 0.064228 0.172612
0.171798 0.064179 0.172412
0.171899 0.064138 0.172106
0.172023 0.064089 0.171906
0.172148 0.064039 0.171706
0.172273 0.063990 0.171505
0.172398 0.063940 0.171305
0.172524 0.063890 0.171104
0.172672 0.063833 0.171011
0.172799 0.063783 0.170810
0.172947 0.063725 0.170717
0.173074 0.063674 0.170515
0.173202 0.063624 0.170313
0.173330 0.063573 0.170111
0.155992 0.070115 0.178827
0.156144 0.070056 0.178731
0.156296 0.069997 0.178635
0.156534 0.069906 0.178730
0.156728 0.069832 0.178730
0.156922 0.069757 0.178730
0.157116 0.069683 0.178730
0.157267 0.069624 0.178635
0.157502 0.069535 0.178731
0.157694 0.069461 0.178732
0.157886 0.069387 0.178733
0.158078 0.069314 0.178735
0.158351 0.069211 0.178929
0.158582 0.069123 0.179027
0.158731 0.069065 0.178934
0.159082 0.068934 0.179323
0.159310 0.068847 0.179423
0.159538 0.068761 0.179524
0.159764 0.068675 0.179625
0.159951 0.068603 0.179630
0.160137 0.068532 0.179635
0.160283 0.068475 0.179543
0.160469 0.068404 0.179548
0.160615 0.068347 0.179456
0.160761 0.068290 0.179364
0.160946 0.068219 0.179370
0.161092 0.068162 0.179278
0.161238 0.068105 0.179187
0.161422 0.068035 0.179193
0.161568 0.067978 0.179102
0.161751 0.067908 0.179108
0.161896 0.067851 0.179017
0.162079 0.067781 0.179024
0.162261 0.067711 0.179032
0.162443 0.067642 0.179039
0.162624 0.067572 0.179047
0.162805 0.067503 0.179055
0.162985 0.067434 0.179064
0.163165 0.067365 0.179073
0.163310 0.067309 0.178982
0.163489 0.067240 0.178991
0.163668 0.067171 0.179001
0.163847 0.067103 0.179010
0.164025 0.067035 0.179020
0.164168 0.066979 0.178930
0.164380 0.066898 0.179041
0.164523 0.066843 0.178951
0.164700 0.066775 0.178962
0.164876 0.066708 0.178973
0.165052 0.066640 0.178984
0.165195 0.066585 0.178895
0.165370 0.066518 0.178907
0.165545 0.066450 0.178919
0.165687 0.066395 0.178829
0.165861 0.066328 0.178842
0.166003 0.066273 0.178753
0.166145 0.066218 0.178664
0.166286 0.066163 0.178575
0.166428 0.066108 0.178486
0.166570 0.066052 0.178396
0.166712 0.065997 0.178307
0.166853 0.065942 0.178218
0.166995 0.065887 0.178129
0.167107 0.065843 0.177938
0.167248 0.065787 0.177848
0.167390 0.065732 0.177759
0.167503 0.065687 0.177567
0.167645 0.065632 0.177478
0.167757 0.065587 0.177285
0.167900 0.065531 0.177196
0.168042 0.065476 0.177106
0.168156 0.065431 0.176913
0.168298 0.065375 0.176824
0.168412 0.065330 0.176630
0.168555 0.065274 0.176540
0.168698 0.065219 0.176451
0.168813 0.065173 0.176257
0.168928 0.065127 0.176062
0.169072 0.065071 0.175972
0.169188 0.065025 0.175778
0.169304 0.064978 0.175583
0.169421 0.064932 0.175387
0.169538 0.064885 0.175192
0.169656 0.064838 0.174996
0.169774 0.064791 0.174800
0.169892 0.064744 0.174604
0.170037 0.064687 0.174513
0.170156 0.064640 0.174316
0.170301 0.064584 0.174226
0.170420 0.064536 0.174028
0.170566 0.064479 0.173937
0.170686 0.064432 0.173740
0.170807 0.064383 0.173542
0.170952 0.064327 0.173451
0.171073 0.064278 0.173253
0.171195 0.064230 0.173055
0.171317 0.064181 0.172856
0.171463 0.064124 0.172764
0.171586 0.064076 0.172565
0.171686 0.064034 0.172259
0.171810 0.063985 0.172059
0.171911 0.063943 0.171752
0.172036 0.063894 0.171551
0.172139 0.063852 0.171243
0.172287 0.063794 0.171150
0.172413 0.063744 0.170949
0.172540 0.063693 0.170748
0.172667 0.063643 0.170546
0.172794 0.063592 0.170345
0.172943 0.063534 0.170251
0.155266 0.070198 0.178688
0.155507 0.070107 0.178781
0.155660 0.070047 0.178685
0.155856 0.069972 0.178684
0.156052 0.069898 0.178683
0.156204 0.069838 0.178587
0.156399 0.069764 0.178587
0.156594 0.069689 0.178586
0.156788 0.069615 0.178586
0.156982 0.069541 0.178587
0.157176 0.069467 0.178587
0.157369 0.069393 0.178588
0.157562 0.069319 0.178589
0.157754 0.069246 0.178590
0.157987 0.069158 0.178687
0.158260 0.069055 0.178882
0.158492 0.068968 0.178980
0.158722 0.068881 0.179080
0.158992 0.068780 0.179276
0.159221 0.068694 0.179376
0.159449 0.068608 0.179477
0.159636 0.068536 0.179482
0.159862 0.068451 0.179583
0.160009 0.068394 0.179491
0.160195 0.068323 0.179496
0.160341 0.068265 0.179404
0.160527 0.068195 0.179410
0.160673 0.068138 0.179318
0.160819 0.068081 0.179226
0.160966 0.068024 0.179134
0.161150 0.067953 0.179141
0.161296 0.067897 0.179049
0.161442 0.067840 0.178957
0.161625 0.067770 0.178964
0.161771 0.067713 0.178872
0.161991 0.067630 0.178978
0.162137 0.067573 0.178887
0.162319 0.067504 0.178894
0.162500 0.067434 0.178902
0.162681 0.067365 0.178910
0.162862 0.067296 0.178919
0.163043 0.067227 0.178928
0.163187 0.067171 0.178837
0.163367 0.067103 0.178846
0.163546 0.067034 0.178855
0.163725 0.066966 0.178865
0.163904 0.066898 0.178875
0.164082 0.066830 0.178885
0.164259 0.066762 0.178895
0.164437 0.066694 0.178906
0.164614 0.066627 0.178917
0.164790 0.066559 0.178928
0.164966 0.066492 0.178939
0.165109 0.066437 0.178850
0.165284 0.066370 0.178862
0.165459 0.066303 0.178874
0.165601 0.066248 0.178784
0.165776 0.066181 0.178797
0.165917 0.066126 0.178708
0.166059 0.066071 0.178619
0.166201 0.066015 0.178530
0.166343 0.065960 0.178441
0.166484 0.065905 0.178352
0.166626 0.065850 0.178263
0.166768 0.065795 0.178174
0.166910 0.065739 0.178085
0.167021 0.065695 0.177893
0.167163 0.065640 0.177804
0.167275 0.065595 0.177611
0.167417 0.065539 0.177522
0.167529 0.065494 0.177330
0.167672 0.065439 0.177240
0.167785 0.065393 0.177047
0.167927 0.065338 0.176958
0.168070 0.065282 0.176868
0.168184 0.065237 0.176675
0.168326 0.065181 0.176585
0.168469 0.065126 0.176495
0.168584 0.065080 0.176301
0.168699 0.065033 0.176107
0.168814 0.064987 0.175912
0.168958 0.064931 0.175822
0.169101 0.064875 0.175732
0.169190 0.064838 0.175432
0.169307 0.064791 0.175237
0.169424 0.064744 0.175041
0.169542 0.064697 0.174845
0.169660 0.064650 0.174649
0.169805 0.064593 0.174558
0.169924 0.064546 0.174362
0.170043 0.064498 0.174165
0.170188 0.064442 0.174074
0.170333 0.064385 0.173983
0.170453 0.064337 0.173785
0.170598 0.064280 0.173694
0.170719 0.064232 0.173496
0.170840 0.064184 0.173298
0.170985 0.064127 0.173207
0.171107 0.064078 0.173008
0.171253 0.064021 0.172917
0.171375 0.063973 0.172718
0.171474 0.063931 0.172412
0.171598 0.063882 0.172212
0.171698 0.063840 0.171905
0.171800 0.063798 0.171597
0.171902 0.063755 0.171289
0.172028 0.063705 0.171088
0.172153 0.063655 0.170887
0.172280 0.063604 0.170686
0.172407 0.063553 0.170484
0.172555 0.063496 0.170391
0.172683 0.063445 0.170189
0.172810 0.063393 0.169987
0.154798 0.070177 0.178265
0.155218 0.070023 0.178734
0.155415 0.069948 0.178733
0.155568 0.069889 0.178637
0.155720 0.069829 0.178541
0.155917 0.069755 0.178540
0.156112 0.069680 0.178539
0.156308 0.069606 0.178539
0.156502 0.069531 0.178538
0.156654 0.069472 0.178443
0.156891 0.069383 0.178539
0.157085 0.069310 0.178539
0.157278 0.069236 0.178540
0.157471 0.069162 0.178541
0.157663 0.069089 0.178542
0.157896 0.069002 0.178640
0.158129 0.068914 0.178738
0.158361 0.068827 0.178837
0.158632 0.068726 0.179033
0.158862 0.068640 0.179132
0.159091 0.068554 0.179233
0.159320 0.068468 0.179334
0.159547 0.068383 0.179435
0.159734 0.068312 0.179440
0.159920 0.068241 0.179445
0.160067 0.068184 0.179353
0.160253 0.068113 0.179358
0.160399 0.068056 0.179266
0.160546 0.067999 0.179174
0.160692 0.067942 0.179082
0.160839 0.067885 0.178990
0.161024 0.067815 0.178996
0.161170 0.067758 0.178904
0.161354 0.067688 0.178911
0.161500 0.067631 0.178819
0.161683 0.067561 0.178826
0.161829 0.067504 0.178734
0.162012 0.067435 0.178742
0.162194 0.067365 0.178749
0.162376 0.067296 0.178757
0.162558 0.067227 0.178765
0.162739 0.067158 0.178774
0.162920 0.067089 0.178782
0.163100 0.067021 0.178791
0.163280 0.066952 0.178800
0.163424 0.066896 0.178710
0.163603 0.066828 0.178719
0.163782 0.066760 0.178729
0.163961 0.066692 0.178739
0.164139 0.066625 0.178749
0.164350 0.066545 0.178861
0.164528 0.066478 0.178872
0.164704 0.066411 0.178883
0.164880 0.066344 0.178894
0.165023 0.066288 0.178805
0.165198 0.066222 0.178817
0.165373 0.066155 0.178829
0.165515 0.066100 0.178740
0.165690 0.066034 0.178752
0.165832 0.065978 0.178663
0.165974 0.065923 0.178574
0.166115 0.065868 0.178485
0.166257 0.065813 0.178396
0.166399 0.065758 0.178307
0.166541 0.065702 0.178218
0.166682 0.065647 0.178129
0.166824 0.065592 0.178040
0.166935 0.065547 0.177848
0.167077 0.065492 0.177759
0.167189 0.065447 0.177566
0.167301 0.065402 0.177374
0.167443 0.065346 0.177285
0.167556 0.065301 0.177092
0.167698 0.065245 0.177002
0.167841 0.065190 0.176912
0.167955 0.065144 0.176719
0.168097 0.065088 0.176629
0.168211 0.065042 0.176436
0.168354 0.064987 0.176346
0.168497 0.064931 0.176256
0.168612 0.064884 0.176062
0.168728 0.064838 0.175867
0.168871 0.064782 0.175777
0.168987 0.064735 0.175582
0.169103 0.064688 0.175387
0.169193 0.064650 0.175086
0.169311 0.064603 0.174890
0.169455 0.064547 0.174800
0.169573 0.064499 0.174603
0.169691 0.064451 0.174407
0.169836 0.064395 0.174316
0.169955 0.064347 0.174119
0.170100 0.064291 0.174028
0.170220 0.064242 0.173831
0.170365 0.064186 0.173739
0.170511 0.064129 0.173648
0.170631 0.064081 0.173450
0.170752 0.064032 0.173252
0.170898 0.063975 0.173161
0.171019 0.063927 0.172962
0.171165 0.063870 0.172871
0.171287 0.063821 0.172672
0.171386 0.063779 0.172365
0.171486 0.063737 0.172059
0.171586 0.063694 0.171751
0.171688 0.063652 0.171443
0.171790 0.063609 0.171135
0.171893 0.063565 0.170826
0.172019 0.063515 0.170624
0.172146 0.063464 0.170423
0.172273 0.063413 0.170221
0.172400 0.063361 0.170019
0.172528 0.063310 0.169816
0.154706 0.070017 0.178217
0.155126 0.069864 0.178686
0.155323 0.069789 0.178685
0.155476 0.069730 0.178589
0.155628 0.069670 0.178493
0.155825 0.069596 0.178492
0.155977 0.069537 0.178396
0.156173 0.069462 0.178396
0.156368 0.069388 0.178395
0.156563 0.069314 0.178395
0.156757 0.069240 0.178395
0.156951 0.069167 0.178396
0.157187 0.069079 0.178492
0.157380 0.069006 0.178493
0.157572 0.068933 0.178495
0.157764 0.068860 0.178496
0.157997 0.068773 0.178594
0.158271 0.068672 0.178790
0.158502 0.068586 0.178889
0.158732 0.068500 0.178989
0.158962 0.068414 0.179089
0.159190 0.068329 0.179190
0.159418 0.068244 0.179291
0.159645 0.068159 0.179393
0.159792 0.068102 0.179301
0.159979 0.068031 0.179306
0.160125 0.067974 0.179214
0.160272 0.067917 0.179122
0.160458 0.067847 0.179128
0.160604 0.067790 0.179036
0.160751 0.067733 0.178944
0.160897 0.067676 0.178852
0.161044 0.067619 0.178760
0.161228 0.067549 0.178766
0.161374 0.067492 0.178674
0.161558 0.067422 0.178681
0.161741 0.067353 0.178688
0.161924 0.067283 0.178696
0.162070 0.067227 0.178604
0.162252 0.067157 0.178612
0.162434 0.067089 0.178620
0.162615 0.067020 0.178628
0.162796 0.066951 0.178637
0.162977 0.066883 0.178646
0.163157 0.066814 0.178655
0.163337 0.066746 0.178664
0.163481 0.066690 0.178574
0.163695 0.066611 0.178684
0.163874 0.066543 0.178694
0.164052 0.066475 0.178704
0.164230 0.066408 0.178715
0.164407 0.066341 0.178726
0.164584 0.066274 0.178737
0.164761 0.066207 0.178748
0.164937 0.066140 0.178760
0.165112 0.066074 0.178772
0.165288 0.066007 0.178784
0.165430 0.065952 0.178695
0.165572 0.065897 0.178606
0.165746 0.065831 0.178618
0.165888 0.065776 0.178529
0.166030 0.065720 0.178440
0.166171 0.065665 0.178351
0.166313 0.065610 0.178262
0.166455 0.065555 0.178173
0.166566 0.065510 0.177981
0.166708 0.065455 0.177892
0.166849 0.065399 0.177803
0.166961 0.065354 0.177611
0.167103 0.065299 0.177522
0.167215 0.065253 0.177329
0.167357 0.065198 0.177240
0.167470 0.065152 0.177047
0.167583 0.065106 0.176853
0.167726 0.065051 0.176764
0.167839 0.065005 0.176570
0.167982 0.064949 0.176480
0.168125 0.064893 0.176390
0.168240 0.064847 0.176196
0.168383 0.064791 0.176106
0.168498 0.064745 0.175912
0.168613 0.064698 0.175717
0.168757 0.064642 0.175627
0.168873 0.064595 0.175432
0.168989 0.064548 0.175236
0.169106 0.064500 0.175041
0.169223 0.064453 0.174845
0.169341 0.064405 0.174648
0.169486 0.064349 0.174558
0.169604 0.064301 0.174361
0.169723 0.064253 0.174164
0.169868 0.064196 0.174073
0.169987 0.064148 0.173876
0.170132 0.064091 0.173785
0.170278 0.064035 0.173693
0.170398 0.063986 0.173496
0.170543 0.063930 0.173404
0.170664 0.063881 0.173206
0.170810 0.063824 0.173115
0.170931 0.063775 0.172916
0.171077 0.063718 0.172825
0.171199 0.063669 0.172626
0.171298 0.063626 0.172319
0.171374 0.063591 0.171905
0.171474 0.063548 0.171597
0.171576 0.063505 0.171289
0.171655 0.063469 0.170872
0.171781 0.063418 0.170671
0.171885 0.063374 0.170361
0.172012 0.063322 0.170159
0.172139 0.063271 0.169957
0.172288 0.063213 0.169863
0.172416 0.063161 0.169660
0.155231 0.069631 0.178636
0.155384 0.069571 0.178540
0.155536 0.069512 0.178445
0.155733 0.069437 0.178444
0.155885 0.069378 0.178348
0.156081 0.069304 0.178347
0.156276 0.069230 0.178347
0.156471 0.069156 0.178347
0.156665 0.069083 0.178347
0.156860 0.069009 0.178348
0.157053 0.068936 0.178349
0.157246 0.068863 0.178350
0.157481 0.068776 0.178447
0.157673 0.068703 0.178449
0.157907 0.068617 0.178547
0.158139 0.068530 0.178646
0.158412 0.068431 0.178842
0.158642 0.068345 0.178942
0.158872 0.068260 0.179042
0.159101 0.068175 0.179143
0.159329 0.068091 0.179245
0.159517 0.068020 0.179250
0.159704 0.067949 0.179255
0.159890 0.067879 0.179260
0.160037 0.067822 0.179168
0.160183 0.067764 0.179076
0.160330 0.067707 0.178984
0.160477 0.067650 0.178891
0.160624 0.067593 0.178799
0.160770 0.067536 0.178707
0.160955 0.067466 0.178713
0.161102 0.067409 0.178621
0.161248 0.067352 0.178529
0.161432 0.067283 0.178536
0.161616 0.067213 0.178543
0.161799 0.067144 0.178551
0.161982 0.067075 0.178558
0.162164 0.067006 0.178566
0.162310 0.066950 0.178475
0.162528 0.066869 0.178583
0.162673 0.066812 0.178491
0.162854 0.066744 0.178500
0.163034 0.066676 0.178509
0.163214 0.066608 0.178519
0.163394 0.066540 0.178528
0.163573 0.066472 0.178538
0.163752 0.066405 0.178548
0.163966 0.066326 0.178659
0.164143 0.066259 0.178669
0.164321 0.066192 0.178680
0.164498 0.066125 0.178692
0.164675 0.066059 0.178703
0.164851 0.065992 0.178715
0.165027 0.065926 0.178727
0.165169 0.065871 0.178637
0.165344 0.065805 0.178650
0.165486 0.065749 0.178561
0.165628 0.065694 0.178472
0.165802 0.065628 0.178484
0.165944 0.065573 0.178395
0.166086 0.065518 0.178306
0.166228 0.065463 0.178217
0.166369 0.065407 0.178128
0.166480 0.065362 0.177936
0.166622 0.065307 0.177847
0.166733 0.065262 0.177655
0.166875 0.065206 0.177566
0.166987 0.065161 0.177373
0.167129 0.065105 0.177284
0.167241 0.065060 0.177091
0.167354 0.065014 0.176898
0.167497 0.064958 0.176808
0.167639 0.064902 0.176719
0.167753 0.064856 0.176525
0.167896 0.064800 0.176435
0.168010 0.064754 0.176241
0.168153 0.064698 0.176151
0.168268 0.064651 0.175957
0.168411 0.064595 0.175866
0.168527 0.064548 0.175672
0.168670 0.064493 0.175581
0.168786 0.064445 0.175386
0.168902 0.064398 0.175191
0.169019 0.064350 0.174995
0.169136 0.064303 0.174799
0.169254 0.064255 0.174603
0.169372 0.064207 0.174406
0.169490 0.064158 0.174210
0.169635 0.064102 0.174118
0.169780 0.064045 0.174027
0.169899 0.063997 0.173830
0.170045 0.063940 0.173739
0.170164 0.063892 0.173541
0.170310 0.063835 0.173450
0.170430 0.063786 0.173252
0.170576 0.063729 0.173160
0.170722 0.063672 0.173069
0.170843 0.063623 0.172870
0.170965 0.063574 0.172671
0.171087 0.063524 0.172472
0.171185 0.063481 0.172165
0.171285 0.063438 0.171858
0.171362 0.063402 0.171443
0.171440 0.063365 0.171026
0.171542 0.063321 0.170717
0.171645 0.063276 0.170407
0.171772 0.063225 0.170206
0.171899 0.063173 0.170003
0.172026 0.063122 0.169801
0.172154 0.063070 0.169598
0.155139 0.069472 0.178588
0.155291 0.069412 0.178492
0.155488 0.069338 0.178491
0.155641 0.069279 0.178395
0.155793 0.069219 0.178300
0.155989 0.069146 0.178299
0.156184 0.069072 0.178299
0.156379 0.068998 0.178299
0.156574 0.068925 0.178299
0.156768 0.068852 0.178300
0.156962 0.068779 0.178301
0.157155 0.068706 0.178302
0.157348 0.068633 0.178303
0.157583 0.068547 0.178401
0.157816 0.068461 0.178500
0.158049 0.068375 0.178599
0.158281 0.068289 0.178698
0.158553 0.068191 0.178895
0.158783 0.068106 0.178995
0.159012 0.068021 0.179097
0.159240 0.067937 0.179198
0.159388 0.067880 0.179106
0.159575 0.067809 0.179111
0.159762 0.067739 0.179116
0.159909 0.067682 0.179024
0.160095 0.067612 0.179029
0.160242 0.067555 0.178937
0.160388 0.067498 0.178845
0.160535 0.067441 0.178753
0.160682 0.067383 0.178661
0.160828 0.067326 0.178569
0.160975 0.067269 0.178476
0.161160 0.067200 0.178483
0.161306 0.067143 0.178391
0.161490 0.067074 0.178398
0.161674 0.067004 0.178405
0.161857 0.066936 0.178413
0.162040 0.066867 0.178421
0.162222 0.066798 0.178429
0.162404 0.066730 0.178437
0.162585 0.066662 0.178446
0.162766 0.066593 0.178454
0.162947 0.066526 0.178464
0.163092 0.066469 0.178373
0.163307 0.066390 0.178482
0.163487 0.066323 0.178492
0.163666 0.066255 0.178502
0.163844 0.066188 0.178513
0.164022 0.066121 0.178523
0.164235 0.066043 0.178635
0.164412 0.065977 0.178646
0.164589 0.065910 0.178658
0.164765 0.065844 0.178670
0.164907 0.065789 0.178580
0.165083 0.065723 0.178593
0.165258 0.065657 0.178605
0.165400 0.065602 0.178516
0.165542 0.065546 0.178427
0.165684 0.065491 0.178337
0.165826 0.065436 0.178248
0.165968 0.065380 0.178159
0.166110 0.065325 0.178070
0.166252 0.065270 0.177981
0.166394 0.065215 0.177892
0.166536 0.065159 0.177802
0.166647 0.065114 0.177610
0.166789 0.065058 0.177521
0.166901 0.065013 0.177328
0.167043 0.064957 0.177239
0.167155 0.064911 0.177046
0.167268 0.064865 0.176853
0.167410 0.064809 0.176763
0.167524 0.064763 0.176569
0.167667 0.064707 0.176480
0.167810 0.064652 0.176390
0.167924 0.064605 0.176196
0.168067 0.064549 0.176106
0.168181 0.064502 0.175911
0.168296 0.064455 0.175716
0.168412 0.064408 0.175521
0.168555 0.064352 0.175431
0.168699 0.064296 0.175341
0.168788 0.064256 0.175040
0.168932 0.064200 0.174949
0.169049 0.064152 0.174753
0.169167 0.064104 0.174557
0.169284 0.064056 0.174360
0.169403 0.064007 0.174164
0.169548 0.063951 0.174073
0.169667 0.063902 0.173875
0.169812 0.063846 0.173784
0.169931 0.063797 0.173586
0.170077 0.063740 0.173495
0.170222 0.063684 0.173404
0.170342 0.063634 0.173206
0.170488 0.063578 0.173114
0.170609 0.063528 0.172916
0.170755 0.063471 0.172824
0.170876 0.063422 0.172625
0.170974 0.063379 0.172319
0.171073 0.063336 0.172012
0.171149 0.063299 0.171596
0.171249 0.063255 0.171288
0.171327 0.063217 0.170871
0.171429 0.063173 0.170562
0.171533 0.063128 0.170252
0.171659 0.063076 0.170050
0.171786 0.063024 0.169848
0.171914 0.062972 0.169645
0.155047 0.069313 0.178540
0.155244 0.069239 0.178539
0.155396 0.069180 0.178443
0.155549 0.069120 0.178347
0.155701 0.069061 0.178252
0.155941 0.068973 0.178346
0.156093 0.068914 0.178251
0.156288 0.068841 0.178251
0.156482 0.068767 0.178252
0.156677 0.068694 0.178252
0.156871 0.068622 0.178253
0.157064 0.068549 0.178254
0.157257 0.068476 0.178256
0.157492 0.068390 0.178354
0.157684 0.068318 0.178356
0.157917 0.068233 0.178455
0.158150 0.068148 0.178554
0.158381 0.068063 0.178654
0.158653 0.067965 0.178852
0.158882 0.067881 0.178953
0.159071 0.067810 0.178957
0.159299 0.067727 0.179059
0.159486 0.067656 0.179064
0.159633 0.067599 0.178972
0.159820 0.067529 0.178977
0.159967 0.067472 0.178885
0.160114 0.067415 0.178793
0.160261 0.067358 0.178700
0.160408 0.067300 0.178608
0.160555 0.067243 0.178516
0.160740 0.067174 0.178522
0.160887 0.067117 0.178430
0.161033 0.067060 0.178338
0.161218 0.066990 0.178345
0.161402 0.066921 0.178352
0.161586 0.066853 0.178359
0.161769 0.066784 0.178367
0.161915 0.066727 0.178275
0.162097 0.066659 0.178283
0.162280 0.066590 0.178291
0.162461 0.066522 0.178300
0.162643 0.066454 0.178309
0.162824 0.066386 0.178318
0.163004 0.066319 0.178327
0.163185 0.066251 0.178336
0.163364 0.066184 0.178346
0.163544 0.066117 0.178356
0.163758 0.066039 0.178467
0.163936 0.065972 0.178478
0.164114 0.065905 0.178489
0.164291 0.065839 0.178500
0.164468 0.065773 0.178512
0.164645 0.065707 0.178523
0.164821 0.065641 0.178535
0.164997 0.065575 0.178548
0.165139 0.065519 0.178458
0.165315 0.065454 0.178471
0.165457 0.065399 0.178382
0.165599 0.065343 0.178293
0.165741 0.065288 0.178203
0.165883 0.065233 0.178114
0.166025 0.065178 0.178025
0.166167 0.065122 0.177936
0.166308 0.065067 0.177847
0.166419 0.065021 0.177655
0.166561 0.064966 0.177565
0.166672 0.064920 0.177373
0.166815 0.064865 0.177283
0.166927 0.064818 0.177090
0.167069 0.064763 0.177001
0.167181 0.064716 0.176808
0.167294 0.064670 0.176614
0.167437 0.064614 0.176524
0.167580 0.064559 0.176434
0.167694 0.064512 0.176240
0.167837 0.064456 0.176150
0.167980 0.064400 0.176060
0.168095 0.064353 0.175866
0.168210 0.064306 0.175671
0.168325 0.064258 0.175476
0.168469 0.064202 0.175386
0.168585 0.064154 0.175190
0.168701 0.064106 0.174994
0.168817 0.064058 0.174798
0.168962 0.064002 0.174708
0.169079 0.063954 0.174511
0.169197 0.063905 0.174315
0.169315 0.063857 0.174118
0.169460 0.063800 0.174027
0.169579 0.063751 0.173829
0.169698 0.063702 0.173632
0.169843 0.063646 0.173541
0.169989 0.063589 0.173449
0.170134 0.063532 0.173358
0.170255 0.063483 0.173160
0.170375 0.063433 0.172961
0.170521 0.063376 0.172870
0.170642 0.063327 0.172671
0.170764 0.063277 0.172472
0.170862 0.063233 0.172165
0.170936 0.063196 0.171750
0.171012 0.063159 0.171334
0.171113 0.063114 0.171026
0.171237 0.063063 0.170824
0.171316 0.063024 0.170407
0.171442 0.062972 0.170205
0.171569 0.062921 0.170003
0.171673 0.062875 0.169692
0.155152 0.069080 0.178491
0.155304 0.069021 0.178395
0.155501 0.068947 0.178394
0.155653 0.068888 0.178299
0.155849 0.068815 0.178298
0.156001 0.068756 0.178203
0.156196 0.068683 0.178203
0.156391 0.068610 0.178204
0.156543 0.068551 0.178108
0.156737 0.068478 0.178109
0.156931 0.068405 0.178110
0.157166 0.068319 0.178208
0.157359 0.068247 0.178210
0.157593 0.068162 0.178308
0.157827 0.068077 0.178407
0.158059 0.067992 0.178507
0.158291 0.067908 0.178607
0.158522 0.067824 0.178708
0.158793 0.067727 0.178906
0.158982 0.067657 0.178910
0.159170 0.067586 0.178915
0.159357 0.067516 0.178920
0.159545 0.067446 0.178925
0.159692 0.067389 0.178833
0.159839 0.067332 0.178741
0.160025 0.067262 0.178746
0.160172 0.067205 0.178654
0.160319 0.067148 0.178562
0.160466 0.067090 0.178469
0.160613 0.067033 0.178377
0.160798 0.066964 0.178384
0.160945 0.066907 0.178292
0.161129 0.066838 0.178298
0.161276 0.066781 0.178206
0.161460 0.066712 0.178214
0.161643 0.066644 0.178221
0.161827 0.066575 0.178229
0.162009 0.066507 0.178237
0.162192 0.066439 0.178245
0.162374 0.066371 0.178254
0.162555 0.066303 0.178263
0.162736 0.066236 0.178272
0.162917 0.066168 0.178281
0.163062 0.066112 0.178190
0.163277 0.066034 0.178301
0.163457 0.065967 0.178311
0.163636 0.065900 0.178321
0.163814 0.065834 0.178332
0.164027 0.065757 0.178444
0.164205 0.065690 0.178455
0.164382 0.065624 0.178467
0.164559 0.065558 0.178478
0.164735 0.065493 0.178490
0.164878 0.065437 0.178401
0.165054 0.065372 0.178413
0.165196 0.065316 0.178324
0.165338 0.065261 0.178235
0.165480 0.065206 0.178145
0.165622 0.065150 0.178056
0.165765 0.065095 0.177967
0.165907 0.065039 0.177878
0.166049 0.064984 0.177788
0.166191 0.064929 0.177699
0.166333 0.064873 0.177610
0.166444 0.064827 0.177417
0.166586 0.064772 0.177328
0.166698 0.064726 0.177135
0.166840 0.064670 0.177045
0.166953 0.064624 0.176852
0.167095 0.064568 0.176762
0.167208 0.064521 0.176569
0.167351 0.064465 0.176479
0.167464 0.064418 0.176285
0.167607 0.064363 0.176195
0.167751 0.064307 0.176105
0.167865 0.064260 0.175911
0.168008 0.064204 0.175821
0.168123 0.064156 0.175626
0.168238 0.064108 0.175431
0.168382 0.064052 0.175340
0.168498 0.064004 0.175145
0.168614 0.063956 0.174949
0.168730 0.063908 0.174753
0.168847 0.063860 0.174556
0.168992 0.063803 0.174466
0.169110 0.063755 0.174269
0.169228 0.063706 0.174072
0.169346 0.063657 0.173875
0.169491 0.063600 0.173783
0.169610 0.063551 0.173586
0.169756 0.063494 0.173495
0.169901 0.063438 0.173403
0.170021 0.063388 0.173205
0.170141 0.063338 0.173007
0.170262 0.063288 0.172808
0.170408 0.063231 0.172716
0.170529 0.063181 0.172517
0.170626 0.063138 0.172211
0.170724 0.063094 0.171903
0.170823 0.063049 0.171596
0.170923 0.063005 0.171287
0.171023 0.062960 0.170979
0.171124 0.062915 0.170669
0.171226 0.062869 0.170360
0.171329 0.062823 0.170049
0.171456 0.062771 0.169847
0.171583 0.062719 0.169644
0.155060 0.068922 0.178442
0.155257 0.068848 0.178442
0.155409 0.068789 0.178346
0.155561 0.068730 0.178251
0.155757 0.068657 0.178250
0.155953 0.068584 0.178251
0.156104 0.068525 0.178155
0.156299 0.068452 0.178156
0.156451 0.068393 0.178060
0.156645 0.068320 0.178061
0.156839 0.068248 0.178062
0.157033 0.068176 0.178064
0.157226 0.068104 0.178066
0.157461 0.068019 0.178164
0.157695 0.067934 0.178263
0.157928 0.067850 0.178363
0.158201 0.067753 0.178560
0.158432 0.067669 0.178661
0.158663 0.067586 0.178762
0.158892 0.067503 0.178864
0.159081 0.067433 0.178869
0.159268 0.067363 0.178874
0.159416 0.067306 0.178781
0.159603 0.067236 0.178786
0.159750 0.067179 0.178694
0.159897 0.067121 0.178602
0.160044 0.067064 0.178509
0.160230 0.066995 0.178515
0.160377 0.066938 0.178423
0.160524 0.066880 0.178331
0.160671 0.066823 0.178239
0.160856 0.066754 0.178245
0.161003 0.066697 0.178153
0.161187 0.066629 0.178160
0.161372 0.066560 0.178168
0.161555 0.066492 0.178175
0.161739 0.066424 0.178183
0.161921 0.066356 0.178191
0.162067 0.066299 0.178100
0.162249 0.066231 0.178108
0.162431 0.066163 0.178117
0.162613 0.066096 0.178126
0.162794 0.066029 0.178135
0.162974 0.065962 0.178145
0.163155 0.065895 0.178154
0.163334 0.065828 0.178164
0.163514 0.065761 0.178175
0.163728 0.065684 0.178286
0.163906 0.065618 0.178297
0.164084 0.065552 0.178309
0.164262 0.065486 0.178320
0.164439 0.065420 0.178332
0.164616 0.065354 0.178344
0.164792 0.065289 0.178356
0.164934 0.065234 0.178266
0.165077 0.065178 0.178177
0.165252 0.065113 0.178190
0.165394 0.065058 0.178101
0.165537 0.065002 0.178011
0.165679 0.064947 0.177922
0.165821 0.064892 0.177833
0.165931 0.064846 0.177640
0.166073 0.064790 0.177551
0.166216 0.064735 0.177462
0.166358 0.064679 0.177372
0.166469 0.064633 0.177179
0.166612 0.064577 0.177090
0.166724 0.064531 0.176897
0.166866 0.064475 0.176807
0.166979 0.064428 0.176613
0.167122 0.064372 0.176524
0.167235 0.064325 0.176330
0.167378 0.064270 0.176240
0.167491 0.064222 0.176045
0.167635 0.064166 0.175955
0.167778 0.064110 0.175865
0.167893 0.064063 0.175670
0.168007 0.064015 0.175475
0.168151 0.063959 0.175385
0.168295 0.063903 0.175295
0.168411 0.063855 0.175099
0.168527 0.063806 0.174903
0.168643 0.063758 0.174707
0.168760 0.063709 0.174511
0.168877 0.063660 0.174314
0.168995 0.063611 0.174117
0.169140 0.063555 0.174026
0.169258 0.063506 0.173829
0.169377 0.063456 0.173631
0.169522 0.063400 0.173540
0.169642 0.063350 0.173342
0.169761 0.063300 0.173144
0.169882 0.063250 0.172945
0.170028 0.063193 0.172854
0.170148 0.063143 0.172655
0.170270 0.063093 0.172456
0.170391 0.063042 0.172256
0.170488 0.062998 0.171949
0.170611 0.062947 0.171749
0.170710 0.062902 0.171441
0.170809 0.062857 0.171133
0.170934 0.062806 0.170932
0.171011 0.062766 0.170514
0.171136 0.062714 0.170313
0.171239 0.062668 0.170002
0.171365 0.062615 0.169800
0.155165 0.068690 0.178394
0.155317 0.068631 0.178298
0.155469 0.068572 0.178202
0.155665 0.068499 0.178202
0.155861 0.068426 0.178203
0.156013 0.068367 0.178107
0.156208 0.068294 0.178108
0.156360 0.068235 0.178013
0.156554 0.068163 0.178013
0.156748 0.068091 0.178015
0.156942 0.068019 0.178016
0.157135 0.067947 0.178018
0.157370 0.067862 0.178117
0.157604 0.067778 0.178216
0.157837 0.067694 0.178316
0.158111 0.067598 0.178513
0.158343 0.067515 0.178614
0.158573 0.067432 0.178715
0.158762 0.067362 0.178720
0.158992 0.067279 0.178822
0.159180 0.067210 0.178827
0.159327 0.067152 0.178734
0.159474 0.067095 0.178642
0.159621 0.067038 0.178549
0.159808 0.066968 0.178555
0.159955 0.066911 0.178463
0.160103 0.066854 0.178370
0.160250 0.066797 0.178278
0.160436 0.066728 0.178284
0.160582 0.066670 0.178192
0.160768 0.066602 0.178199
0.160914 0.066545 0.178107
0.161099 0.066476 0.178114
0.161283 0.066408 0.178121
0.161430 0.066351 0.178029
0.161613 0.066283 0.178037
0.161796 0.066215 0.178045
0.161979 0.066147 0.178054
0.162162 0.066080 0.178062
0.162344 0.066012 0.178071
0.162489 0.065956 0.177980
0.162670 0.065889 0.177989
0.162851 0.065822 0.177998
0.163032 0.065755 0.178008
0.163212 0.065688 0.178018
0.163392 0.065622 0.178028
0.163606 0.065545 0.178140
0.163785 0.065479 0.178151
0.163963 0.065413 0.178162
0.164141 0.065347 0.178173
0.164318 0.065281 0.178185
0.164495 0.065216 0.178197
0.164672 0.065151 0.178209
0.164815 0.065095 0.178120
0.164991 0.065030 0.178132
0.165133 0.064975 0.178043
0.165276 0.064919 0.177953
0.165418 0.064864 0.177864
0.165560 0.064808 0.177774
0.165703 0.064753 0.177685
0.165845 0.064697 0.177595
0.165955 0.064651 0.177403
0.166098 0.064596 0.177313
0.166241 0.064540 0.177224
0.166352 0.064493 0.177031
0.166495 0.064438 0.176941
0.166606 0.064391 0.176748
0.166749 0.064335 0.176658
0.166892 0.064279 0.176568
0.167005 0.064232 0.176374
0.167118 0.064185 0.176180
0.167261 0.064129 0.176090
0.167405 0.064073 0.176000
0.167548 0.064017 0.175910
0.167662 0.063969 0.175715
0.167806 0.063913 0.175625
0.167921 0.063865 0.175430
0.168036 0.063817 0.175234
0.168180 0.063761 0.175144
0.168324 0.063705 0.175054
0.168440 0.063656 0.174858
0.168556 0.063608 0.174661
0.168673 0.063559 0.174465
0.168790 0.063510 0.174268
0.168907 0.063460 0.174071
0.169052 0.063404 0.173980
0.169171 0.063354 0.173783
0.169289 0.063305 0.173585
0.169408 0.063255 0.173387
0.169528 0.063205 0.173189
0.169647 0.063155 0.172991
0.169768 0.063105 0.172792
0.169914 0.063048 0.172700
0.170009 0.063004 0.172394
0.170156 0.062947 0.172302
0.170278 0.062896 0.172103
0.170375 0.062851 0.171795
0.170498 0.062800 0.171595
0.170572 0.062761 0.171179
0.170696 0.062709 0.170978
0.170820 0.062657 0.170777
0.170921 0.062611 0.170467
0.171023 0.062565 0.170157
0.171149 0.062512 0.169955
0.155269 0.068459 0.178345
0.155422 0.068400 0.178250
0.155574 0.068340 0.178154
0.155769 0.068268 0.178155
0.155921 0.068209 0.178059
0.156073 0.068150 0.177964
0.156268 0.068078 0.177965
0.156420 0.068018 0.177869
0.156614 0.067946 0.177871
0.156808 0.067875 0.177872
0.157002 0.067803 0.177874
0.157237 0.067719 0.177972
0.157472 0.067635 0.178072
0.157705 0.067551 0.178171
0.157938 0.067468 0.178271
0.158170 0.067385 0.178372
0.158402 0.067302 0.178474
0.158632 0.067220 0.178575
0.158821 0.067150 0.178580
0.159010 0.067081 0.178585
0.159198 0.067011 0.178590
0.159385 0.066942 0.178595
0.159533 0.066884 0.178503
0.159680 0.066827 0.178410
0.159827 0.066770 0.178318
0.160014 0.066701 0.178324
0.160161 0.066644 0.178231
0.160308 0.066586 0.178139
0.160494 0.066518 0.178146
0.160641 0.066460 0.178053
0.160826 0.066392 0.178060
0.161011 0.066324 0.178068
0.161195 0.066256 0.178075
0.161341 0.066199 0.177983
0.161525 0.066131 0.177991
0.161671 0.066074 0.177899
0.161854 0.066007 0.177907
0.162037 0.065939 0.177916
0.162219 0.065872 0.177925
0.162401 0.065805 0.177934
0.162583 0.065738 0.177943
0.162728 0.065681 0.177852
0.162944 0.065604 0.177962
0.163125 0.065538 0.177972
0.163305 0.065472 0.177983
0.163484 0.065405 0.177993
0.163663 0.065339 0.178004
0.163842 0.065274 0.178015
0.164020 0.065208 0.178026
0.164198 0.065142 0.178038
0.164375 0.065077 0.178050
0.164552 0.065012 0.178062
0.164695 0.064956 0.177972
0.164871 0.064891 0.177985
0.165014 0.064836 0.177895
0.165156 0.064780 0.177806
0.165299 0.064725 0.177716
0.165442 0.064669 0.177627
0.165584 0.064614 0.177537
0.165727 0.064558 0.177448
0.165837 0.064512 0.177255
0.165980 0.064456 0.177165
0.166123 0.064400 0.177075
0.166266 0.064345 0.176986
0.166377 0.064298 0.176793
0.166520 0.064242 0.176703
0.166632 0.064195 0.176509
0.166775 0.064139 0.176419
0.166888 0.064091 0.176225
0.167031 0.064035 0.176135
0.167175 0.063980 0.176045
0.167288 0.063932 0.175850
0.167432 0.063876 0.175760
0.167576 0.063820 0.175670
0.167690 0.063772 0.175475
0.167834 0.063716 0.175384
0.167949 0.063667 0.175189
0.168093 0.063611 0.175099
0.168237 0.063555 0.175008
0.168353 0.063506 0.174812
0.168469 0.063457 0.174616
0.168585 0.063408 0.174419
0.168702 0.063359 0.174223
0.168820 0.063310 0.174026
0.168938 0.063260 0.173828
0.169056 0.063210 0.173631
0.169175 0.063160 0.173433
0.169294 0.063110 0.173235
0.169413 0.063060 0.173037
0.169533 0.063010 0.172838
0.169653 0.062959 0.172639
0.169774 0.062908 0.172440
0.169895 0.062858 0.172241
0.170017 0.062807 0.172041
0.170139 0.062755 0.171841
0.170236 0.062710 0.171534
0.170359 0.062658 0.171333
0.170482 0.062607 0.171132
0.170606 0.062555 0.170931
0.170706 0.062508 0.170622
0.170831 0.062456 0.170420
0.170933 0.062409 0.170110
0.155178 0.068301 0.178297
0.155330 0.068242 0.178202
0.155482 0.068182 0.178106
0.155678 0.068110 0.178107
0.155830 0.068051 0.178011
0.155981 0.067992 0.177916
0.156177 0.067920 0.177917
0.156328 0.067861 0.177821
0.156523 0.067789 0.177823
0.156717 0.067717 0.177824
0.156911 0.067646 0.177826
0.157062 0.067587 0.177731
0.157213 0.067528 0.177636
0.157531 0.067420 0.177930
0.157806 0.067325 0.178127
0.158039 0.067242 0.178228
0.158271 0.067160 0.178329
0.158461 0.067090 0.178333
0.158691 0.067008 0.178435
0.158880 0.066939 0.178440
0.159068 0.066870 0.178445
0.159256 0.066800 0.178451
0.159404 0.066743 0.178358
0.159591 0.066674 0.178364
0.159738 0.066617 0.178271
0.159886 0.066559 0.178179
0.160072 0.066491 0.178185
0.160219 0.066433 0.178093
0.160405 0.066365 0.178099
0.160552 0.066308 0.178007
0.160737 0.066239 0.178014
0.160884 0.066182 0.177922
0.161069 0.066114 0.177929
0.161253 0.066047 0.177937
0.161399 0.065990 0.177845
0.161583 0.065922 0.177853
0.161766 0.065855 0.177861
0.161949 0.065788 0.177870
0.162132 0.065721 0.177879
0.162277 0.065664 0.177787
0.162459 0.065597 0.177797
0.162640 0.065530 0.177806
0.162821 0.065464 0.177816
0.163002 0.065398 0.177826
0.163182 0.065331 0.177836
0.163362 0.065265 0.177847
0.163541 0.065200 0.177857
0.163720 0.065134 0.177868
0.163899 0.065068 0.177880
0.164077 0.065003 0.177891
0.164254 0.064938 0.177903
0.164432 0.064873 0.177915
0.164575 0.064817 0.177825
0.164751 0.064752 0.177838
0.164894 0.064697 0.177748
0.165037 0.064641 0.177658
0.165180 0.064585 0.177568
0.165323 0.064530 0.177479
0.165465 0.064474 0.177389
0.165608 0.064419 0.177299
0.165751 0.064363 0.177210
0.165862 0.064316 0.177017
0.166005 0.064260 0.176927
0.166148 0.064205 0.176837
0.166291 0.064149 0.176747
0.166403 0.064101 0.176554
0.166546 0.064046 0.176464
0.166658 0.063998 0.176270
0.166802 0.063942 0.176180
0.166945 0.063886 0.176090
0.167058 0.063838 0.175895
0.167202 0.063782 0.175805
0.167345 0.063726 0.175715
0.167489 0.063670 0.175624
0.167603 0.063622 0.175429
0.167747 0.063566 0.175339
0.167862 0.063517 0.175143
0.167977 0.063469 0.174948
0.168121 0.063412 0.174857
0.168266 0.063356 0.174766
0.168382 0.063307 0.174570
0.168498 0.063258 0.174374
0.168587 0.063215 0.174071
0.168705 0.063165 0.173874
0.168823 0.063116 0.173676
0.168941 0.063065 0.173478
0.169060 0.063015 0.173280
0.169179 0.062965 0.173082
0.169298 0.062914 0.172884
0.169418 0.062864 0.172685
0.169539 0.062813 0.172486
0.169660 0.062762 0.172287
0.169781 0.062711 0.172087
0.169902 0.062659 0.171887
0.169999 0.062614 0.171580
0.170122 0.062562 0.171379
0.170245 0.062510 0.171178
0.170368 0.062458 0.170978
0.170492 0.062406 0.170776
0.170616 0.062354 0.170575
0.170741 0.062301 0.170373
0.155238 0.068083 0.178154
0.155390 0.068024 0.178058
0.155542 0.067965 0.177963
0.155738 0.067893 0.177963
0.155890 0.067834 0.177868
0.156085 0.067762 0.177869
0.156237 0.067703 0.177774
0.156388 0.067644 0.177678
0.156583 0.067573 0.177680
0.156777 0.067501 0.177681
0.156970 0.067430 0.177683
0.157121 0.067371 0.177588
0.157633 0.067193 0.177885
0.157866 0.067111 0.177986
0.158098 0.067029 0.178087
0.158289 0.066959 0.178091
0.158519 0.066878 0.178193
0.158709 0.066808 0.178198
0.158898 0.066739 0.178203
0.159086 0.066670 0.178208
0.159274 0.066601 0.178213
0.159462 0.066532 0.178219
0.159610 0.066475 0.178126
0.159797 0.066406 0.178132
0.159944 0.066349 0.178040
0.160130 0.066280 0.178046
0.160278 0.066223 0.177954
0.160463 0.066155 0.177961
0.160649 0.066087 0.177968
0.160795 0.066030 0.177875
0.160980 0.065962 0.177883
0.161127 0.065905 0.177791
0.161311 0.065838 0.177799
0.161495 0.065770 0.177807
0.161641 0.065713 0.177715
0.161824 0.065646 0.177724
0.162007 0.065579 0.177732
0.162189 0.065513 0.177741
0.162335 0.065456 0.177650
0.162516 0.065389 0.177659
0.162698 0.065323 0.177669
0.162879 0.065257 0.177679
0.163059 0.065191 0.177689
0.163239 0.065125 0.177700
0.163419 0.065059 0.177710
0.163598 0.064994 0.177721
0.163777 0.064928 0.177733
0.163956 0.064863 0.177744
0.164134 0.064798 0.177756
0.164311 0.064733 0.177768
0.164488 0.064668 0.177780
0.164632 0.064613 0.177690
0.164774 0.064557 0.177600
0.164917 0.064501 0.177510
0.165060 0.064446 0.177421
0.165203 0.064390 0.177331
0.165346 0.064334 0.177241
0.165489 0.064278 0.177151
0.165632 0.064223 0.177061
0.165775 0.064167 0.176972
0.165918 0.064111 0.176882
0.166030 0.064064 0.176688
0.166173 0.064008 0.176598
0.166316 0.063952 0.176508
0.166428 0.063905 0.176315
0.166572 0.063849 0.176224
0.166684 0.063801 0.176030
0.166828 0.063745 0.175940
0.166971 0.063689 0.175850
0.167115 0.063633 0.175759
0.167229 0.063584 0.175565
0.167373 0.063528 0.175474
0.167516 0.063472 0.175384
0.167660 0.063416 0.175294
0.167775 0.063368 0.175098
0.167890 0.063319 0.174902
0.168034 0.063262 0.174811
0.168179 0.063206 0.174721
0.168294 0.063157 0.174525
0.168411 0.063107 0.174328
0.168500 0.063064 0.174025
0.168617 0.063014 0.173828
0.168735 0.062964 0.173630
0.168826 0.062920 0.173326
0.168945 0.062870 0.173128
0.169064 0.062819 0.172929
0.169184 0.062768 0.172731
0.169304 0.062717 0.172532
0.169398 0.062672 0.172225
0.169545 0.062615 0.172133
0.169666 0.062564 0.171933
0.169762 0.062518 0.171626
0.169885 0.062466 0.171425
0.170007 0.062414 0.171225
0.170130 0.062362 0.171024
0.170254 0.062309 0.170823
0.170403 0.062252 0.170729
0.170527 0.062199 0.170528
0.170651 0.062146 0.170326
0.155495 0.067794 0.178011
0.155646 0.067735 0.177915
0.155798 0.067676 0.177820
0.155950 0.067617 0.177724
0.156145 0.067545 0.177726
0.156297 0.067486 0.177630
0.156448 0.067427 0.177535
0.156643 0.067356 0.177537
0.156837 0.067285 0.177539
0.156988 0.067226 0.177444
0.157181 0.067155 0.177446
0.157416 0.067073 0.177546
0.157692 0.066979 0.177744
0.157925 0.066897 0.177845
0.158116 0.066828 0.177848
0.158348 0.066746 0.177950
0.158537 0.066677 0.177955
0.158768 0.066596 0.178058
0.158956 0.066527 0.178063
0.159145 0.066458 0.178068
0.159333 0.066390 0.178074
0.159481 0.066332 0.177981
0.159668 0.066264 0.177987
0.159855 0.066195 0.177993
0.160002 0.066138 0.177901
0.160189 0.066070 0.177907
0.160375 0.066002 0.177914
0.160522 0.065945 0.177822
0.160707 0.065877 0.177829
0.160854 0.065820 0.177737
0.161038 0.065753 0.177745
0.161185 0.065696 0.177653
0.161369 0.065628 0.177661
0.161553 0.065561 0.177669
0.161699 0.065505 0.177577
0.161882 0.065438 0.177586
0.162065 0.065371 0.177595
0.162247 0.065305 0.177604
0.162429 0.065238 0.177614
0.162610 0.065172 0.177623
0.162755 0.065116 0.177532
0.162936 0.065050 0.177542
0.163117 0.064984 0.177553
0.163332 0.064909 0.177665
0.163476 0.064853 0.177574
0.163690 0.064779 0.177687
0.163834 0.064723 0.177597
0.164013 0.064658 0.177608
0.164190 0.064593 0.177620
0.164368 0.064528 0.177632
0.164511 0.064473 0.177543
0.164654 0.064417 0.177453
0.164831 0.064352 0.177465
0.164974 0.064297 0.177375
0.165117 0.064241 0.177286
0.165260 0.064185 0.177196
0.165403 0.064130 0.177106
0.165514 0.064082 0.176913
0.165657 0.064026 0.176823
0.165800 0.063971 0.176733
0.165943 0.063915 0.176643
0.166055 0.063867 0.176449
0.166198 0.063811 0.176359
0.166342 0.063755 0.176269
0.166454 0.063707 0.176075
0.166598 0.063651 0.175985
0.166711 0.063603 0.175790
0.166854 0.063547 0.175700
0.166998 0.063491 0.175609
0.167142 0.063435 0.175519
0.167286 0.063379 0.175429
0.167400 0.063330 0.175233
0.167544 0.063274 0.175143
0.167659 0.063225 0.174947
0.167803 0.063168 0.174856
0.167947 0.063112 0.174766
0.168063 0.063063 0.174570
0.168179 0.063013 0.174373
0.168295 0.062963 0.174176
0.168412 0.062913 0.173979
0.168502 0.062870 0.173675
0.168620 0.062819 0.173478
0.168738 0.062769 0.173280
0.168857 0.062718 0.173081
0.168949 0.062673 0.172776
0.169068 0.062622 0.172577
0.169189 0.062571 0.172378
0.169283 0.062525 0.172072
0.169430 0.062468 0.171979
0.169525 0.062422 0.171672
0.169647 0.062370 0.171471
0.169795 0.062312 0.171379
0.169918 0.062260 0.171178
0.170041 0.062207 0.170977
0.170164 0.062155 0.170776
0.170313 0.062097 0.170682
0.170437 0.062044 0.170481
0.155403 0.067636 0.177963
0.155555 0.067577 0.177867
0.155707 0.067518 0.177772
0.155858 0.067459 0.177676
0.156010 0.067400 0.177581
0.156162 0.067341 0.177486
0.156357 0.067270 0.177487
0.156509 0.067211 0.177392
0.156703 0.067140 0.177394
0.156897 0.067069 0.177396
0.157090 0.066998 0.177398
0.157325 0.066916 0.177498
0.157560 0.066835 0.177599
0.157752 0.066765 0.177602
0.157943 0.066695 0.177606
0.158175 0.066614 0.177707
0.158366 0.066545 0.177712
0.158596 0.066464 0.177814
0.158786 0.066395 0.177819
0.159015 0.066316 0.177923
0.159204 0.066247 0.177928
0.159392 0.066179 0.177934
0.159539 0.066121 0.177841
0.159727 0.066053 0.177848
0.159913 0.065985 0.177854
0.160061 0.065927 0.177761
0.160247 0.065860 0.177768
0.160433 0.065792 0.177775
0.160580 0.065735 0.177683
0.160765 0.065668 0.177691
0.160912 0.065610 0.177598
0.161096 0.065543 0.177606
0.161281 0.065476 0.177614
0.161427 0.065419 0.177523
0.161611 0.065353 0.177531
0.161794 0.065286 0.177540
0.161940 0.065229 0.177448
0.162122 0.065163 0.177457
0.162305 0.065097 0.177467
0.162486 0.065031 0.177476
0.162668 0.064965 0.177486
0.162849 0.064899 0.177497
0.163029 0.064834 0.177507
0.163209 0.064768 0.177518
0.163389 0.064703 0.177529
0.163533 0.064647 0.177438
0.163712 0.064582 0.177449
0.163891 0.064517 0.177461
0.164069 0.064452 0.177473
0.164247 0.064388 0.177485
0.164391 0.064332 0.177395
0.164568 0.064268 0.177407
0.164711 0.064212 0.177317
0.164854 0.064156 0.177227
0.164998 0.064101 0.177137
0.165141 0.064045 0.177048
0.165284 0.063989 0.176958
0.165427 0.063933 0.176868
0.165570 0.063878 0.176778
0.165714 0.063822 0.176688
0.165825 0.063774 0.176494
0.165968 0.063718 0.176404
0.166112 0.063662 0.176314
0.166224 0.063614 0.176120
0.166367 0.063558 0.176030
0.166480 0.063509 0.175835
0.166624 0.063453 0.175745
0.166768 0.063397 0.175654
0.166881 0.063348 0.175459
0.167025 0.063292 0.175369
0.167169 0.063236 0.175278
0.167283 0.063187 0.175083
0.167428 0.063131 0.174992
0.167572 0.063075 0.174901
0.167687 0.063025 0.174705
0.167831 0.062969 0.174615
0.167976 0.062913 0.174524
0.168092 0.062863 0.174327
0.168180 0.062819 0.174024
0.168297 0.062769 0.173827
0.168414 0.062718 0.173629
0.168504 0.062674 0.173325
0.168622 0.062623 0.173127
0.168741 0.062572 0.172929
0.168833 0.062526 0.172623
0.168953 0.062475 0.172424
0.169073 0.062424 0.172225
0.169194 0.062372 0.172025
0.169315 0.062320 0.171825
0.169436 0.062268 0.171625
0.169558 0.062216 0.171425
0.169680 0.062163 0.171224
0.169803 0.062111 0.171023
0.169926 0.062058 0.170822
0.170050 0.062005 0.170621
0.170198 0.061947 0.170527
0.170347 0.061890 0.170434
0.155615 0.067360 0.177724
0.155767 0.067301 0.177629
0.155919 0.067242 0.177533
0.156070 0.067183 0.177438
0.156265 0.067112 0.177439
0.156417 0.067053 0.177344
0.156611 0.066982 0.177346
0.156805 0.066912 0.177348
0.156957 0.066853 0.177253
0.157192 0.066771 0.177353
0.157385 0.066701 0.177356
0.157619 0.066620 0.177457
0.157853 0.066539 0.177558
0.158044 0.066470 0.177562
0.158234 0.066400 0.177566
0.158466 0.066320 0.177669
0.158655 0.066252 0.177674
0.158804 0.066194 0.177580
0.159074 0.066104 0.177783
0.159262 0.066035 0.177789
0.159410 0.065978 0.177696
0.159598 0.065910 0.177702
0.159785 0.065842 0.177708
0.159972 0.065774 0.177715
0.160119 0.065717 0.177622
0.160305 0.065649 0.177629
0.160491 0.065582 0.177637
0.160677 0.065515 0.177644
0.160823 0.065458 0.177552
0.161008 0.065391 0.177560
0.161155 0.065334 0.177468
0.161339 0.065267 0.177476
0.161522 0.065201 0.177485
0.161669 0.065144 0.177393
0.161852 0.065077 0.177402
0.162034 0.065011 0.177411
0.162217 0.064945 0.177421
0.162362 0.064889 0.177329
0.162544 0.064823 0.177339
0.162725 0.064757 0.177349
0.162906 0.064692 0.177360
0.163087 0.064627 0.177370
0.163267 0.064562 0.177381
0.163446 0.064497 0.177392
0.163626 0.064432 0.177404
0.163804 0.064367 0.177415
0.163948 0.064311 0.177325
0.164126 0.064247 0.177337
0.164304 0.064183 0.177349
0.164448 0.064127 0.177259
0.164591 0.064071 0.177169
0.164768 0.064007 0.177182
0.164911 0.063952 0.177092
0.165054 0.063896 0.177002
0.165198 0.063840 0.176912
0.165341 0.063784 0.176822
0.165484 0.063729 0.176732
0.165595 0.063680 0.176539
0.165738 0.063625 0.176449
0.165882 0.063569 0.176359
0.165993 0.063520 0.176165
0.166137 0.063464 0.176074
0.166249 0.063416 0.175880
0.166393 0.063360 0.175789
0.166506 0.063311 0.175595
0.166650 0.063255 0.175504
0.166794 0.063198 0.175414
0.166908 0.063149 0.175218
0.167052 0.063093 0.175128
0.167196 0.063037 0.175037
0.167311 0.062987 0.174841
0.167455 0.062931 0.174750
0.167570 0.062881 0.174554
0.167715 0.062825 0.174463
0.167860 0.062769 0.174372
0.167976 0.062718 0.174176
0.168064 0.062674 0.173872
0.168181 0.062624 0.173675
0.168298 0.062573 0.173477
0.168388 0.062528 0.173173
0.168507 0.062477 0.172974
0.168625 0.062425 0.172776
0.168717 0.062379 0.172470
0.168837 0.062328 0.172271
0.168958 0.062276 0.172071
0.169078 0.062224 0.171871
0.169199 0.062172 0.171671
0.169321 0.062119 0.171471
0.169443 0.062067 0.171270
0.169565 0.062014 0.171069
0.169688 0.061961 0.170868
0.169837 0.061904 0.170775
0.169960 0.061851 0.170574
0.170109 0.061793 0.170480
0.155523 0.067202 0.177676
0.155675 0.067143 0.177581
0.155827 0.067084 0.177485
0.155979 0.067025 0.177390
0.156174 0.066954 0.177391
0.156326 0.066895 0.177296
0.156477 0.066836 0.177201
0.156671 0.066766 0.177203
0.156865 0.066696 0.177205
0.157059 0.066625 0.177208
0.157252 0.066556 0.177211
0.157487 0.066475 0.177312
0.157679 0.066405 0.177315
0.157912 0.066325 0.177417
0.158103 0.066256 0.177421
0.158335 0.066176 0.177524
0.158525 0.066108 0.177528
0.158674 0.066050 0.177435
0.158944 0.065960 0.177637
0.159133 0.065892 0.177643
0.159281 0.065834 0.177550
0.159469 0.065766 0.177556
0.159696 0.065689 0.177662
0.159844 0.065631 0.177569
0.160030 0.065564 0.177576
0.160178 0.065506 0.177483
0.160364 0.065439 0.177491
0.160549 0.065372 0.177498
0.160735 0.065305 0.177506
0.160881 0.065248 0.177414
0.161066 0.065181 0.177422
0.161250 0.065115 0.177430
0.161397 0.065058 0.177338
0.161580 0.064992 0.177347
0.161764 0.064926 0.177356
0.161910 0.064869 0.177264
0.162092 0.064803 0.177274
0.162274 0.064737 0.177283
0.162456 0.064672 0.177293
0.162638 0.064607 0.177304
0.162783 0.064550 0.177212
0.162964 0.064485 0.177223
0.163144 0.064420 0.177234
0.163324 0.064355 0.177245
0.163503 0.064291 0.177256
0.163683 0.064226 0.177268
0.163861 0.064162 0.177280
0.164040 0.064098 0.177292
0.164183 0.064042 0.177202
0.164361 0.063978 0.177214
0.164504 0.063922 0.177124
0.164648 0.063866 0.177034
0.164825 0.063803 0.177047
0.164968 0.063747 0.176957
0.165111 0.063691 0.176867
0.165254 0.063635 0.176777
0.165365 0.063587 0.176584
0.165508 0.063531 0.176493
0.165652 0.063475 0.176403
0.165763 0.063427 0.176209
0.165907 0.063371 0.176119
0.166019 0.063322 0.175925
0.166163 0.063266 0.175834
0.166275 0.063217 0.175640
0.166419 0.063161 0.175549
0.166532 0.063111 0.175354
0.166677 0.063055 0.175263
0.166821 0.062999 0.175173
0.166935 0.062950 0.174977
0.167079 0.062893 0.174886
0.167194 0.062843 0.174690
0.167338 0.062787 0.174599
0.167454 0.062737 0.174403
0.167599 0.062681 0.174312
0.167743 0.062624 0.174221
0.167859 0.062574 0.174024
0.167976 0.062523 0.173826
0.168064 0.062478 0.173523
0.168182 0.062427 0.173325
0.168300 0.062376 0.173126
0.168390 0.062330 0.172821
0.168509 0.062278 0.172623
0.168629 0.062227 0.172423
0.168721 0.062180 0.172117
0.168869 0.062123 0.172024
0.168963 0.062076 0.171717
0.169084 0.062023 0.171517
0.169232 0.061966 0.171424
0.169353 0.061913 0.171223
0.169476 0.061860 0.171023
0.169598 0.061807 0.170821
0.169721 0.061754 0.170620
0.169845 0.061700 0.170418
0.155584 0.066985 0.177533
0.155735 0.066926 0.177437
0.155931 0.066856 0.177439
0.156082 0.066796 0.177343
0.156234 0.066737 0.177248
0.156386 0.066678 0.177153
0.156580 0.066608 0.177155
0.156774 0.066538 0.177157
0.156968 0.066468 0.177160
0.157161 0.066399 0.177163
0.157354 0.066329 0.177166
0.157588 0.066249 0.177268
0.157780 0.066180 0.177271
0.158013 0.066100 0.177374
0.158204 0.066032 0.177378
0.158435 0.065953 0.177481
0.158584 0.065895 0.177388
0.158814 0.065816 0.177492
0.159003 0.065748 0.177497
0.159151 0.065690 0.177404
0.159380 0.065613 0.177509
0.159567 0.065545 0.177516
0.159755 0.065478 0.177522
0.159902 0.065420 0.177430
0.160089 0.065353 0.177437
0.160275 0.065286 0.177444
0.160422 0.065229 0.177352
0.160608 0.065162 0.177359
0.160793 0.065096 0.177367
0.160940 0.065038 0.177275
0.161124 0.064972 0.177283
0.161308 0.064906 0.177292
0.161492 0.064840 0.177301
0.161638 0.064783 0.177209
0.161822 0.064717 0.177218
0.162004 0.064652 0.177228
0.162187 0.064586 0.177237
0.162332 0.064530 0.177146
0.162514 0.064464 0.177156
0.162695 0.064399 0.177167
0.162876 0.064334 0.177177
0.163057 0.064270 0.177188
0.163237 0.064205 0.177199
0.163416 0.064141 0.177211
0.163596 0.064076 0.177222
0.163775 0.064012 0.177234
0.163918 0.063956 0.177144
0.164097 0.063892 0.177156
0.164275 0.063829 0.177169
0.164418 0.063773 0.177079
0.164561 0.063717 0.176989
0.164705 0.063661 0.176899
0.164848 0.063605 0.176808
0.164992 0.063550 0.176718
0.165135 0.063494 0.176628
0.165278 0.063438 0.176538
0.165422 0.063382 0.176448
0.165565 0.063326 0.176358
0.165676 0.063277 0.176164
0.165788 0.063228 0.175970
0.165932 0.063172 0.175879
0.166044 0.063123 0.175684
0.166188 0.063067 0.175594
0.166301 0.063018 0.175399
0.166445 0.062961 0.175308
0.166559 0.062912 0.175113
0.166703 0.062856 0.175022
0.166848 0.062799 0.174931
0.166962 0.062749 0.174735
0.167107 0.062693 0.174644
0.167221 0.062643 0.174448
0.167337 0.062592 0.174251
0.167482 0.062536 0.174160
0.167627 0.062479 0.174069
0.167743 0.062429 0.173872
0.167860 0.062378 0.173674
0.167948 0.062332 0.173370
0.168066 0.062281 0.173172
0.168184 0.062229 0.172974
0.168302 0.062178 0.172775
0.168421 0.062126 0.172576
0.168513 0.062079 0.172270
0.168632 0.062027 0.172070
0.168780 0.061969 0.171978
0.168873 0.061922 0.171671
0.168994 0.061869 0.171470
0.169116 0.061816 0.171270
0.169238 0.061763 0.171069
0.169360 0.061710 0.170868
0.169483 0.061657 0.170666
0.169606 0.061604 0.170465
0.155839 0.066698 0.177391
0.155991 0.066639 0.177296
0.156143 0.066580 0.177200
0.156294 0.066521 0.177105
0.156489 0.066451 0.177107
0.156640 0.066392 0.177012
0.156834 0.066322 0.177015
0.157070 0.066242 0.177115
0.157221 0.066183 0.177021
0.157456 0.066103 0.177122
0.157648 0.066034 0.177126
0.157881 0.065955 0.177228
0.158072 0.065887 0.177232
0.158304 0.065808 0.177336
0.158494 0.065740 0.177341
0.158724 0.065662 0.177445
0.158913 0.065594 0.177451
0.159062 0.065536 0.177357
0.159250 0.065469 0.177363
0.159438 0.065401 0.177370
0.159626 0.065334 0.177376
0.159813 0.065267 0.177383
0.160000 0.065200 0.177390
0.160147 0.065143 0.177298
0.160333 0.065076 0.177305
0.160519 0.065009 0.177313
0.160666 0.064952 0.177221
0.160851 0.064886 0.177229
0.161036 0.064820 0.177237
0.161182 0.064763 0.177145
0.161366 0.064697 0.177154
0.161550 0.064631 0.177163
0.161733 0.064566 0.177172
0.161916 0.064500 0.177182
0.162062 0.064443 0.177090
0.162244 0.064378 0.177100
0.162426 0.064313 0.177110
0.162608 0.064248 0.177121
0.162789 0.064184 0.177131
0.162969 0.064119 0.177142
0.163150 0.064055 0.177154
0.163329 0.063991 0.177165
0.163474 0.063934 0.177074
0.163653 0.063870 0.177086
0.163832 0.063807 0.177098
0.164010 0.063743 0.177111
0.164188 0.063680 0.177123
0.164331 0.063624 0.177033
0.164475 0.063568 0.176943
0.164618 0.063512 0.176853
0.164762 0.063456 0.176763
0.164905 0.063400 0.176673
0.165048 0.063345 0.176583
0.165192 0.063289 0.176493
0.165335 0.063233 0.176403
0.165446 0.063184 0.176209
0.165557 0.063135 0.176014
0.165701 0.063079 0.175924
0.165813 0.063029 0.175729
0.165957 0.062973 0.175639
0.166070 0.062924 0.175444
0.166183 0.062874 0.175248
0.166327 0.062818 0.175158
0.166441 0.062768 0.174962
0.166585 0.062711 0.174871
0.166730 0.062655 0.174780
0.166844 0.062605 0.174584
0.166989 0.062548 0.174493
0.167104 0.062498 0.174296
0.167220 0.062447 0.174100
0.167365 0.062391 0.174008
0.167510 0.062334 0.173917
0.167626 0.062283 0.173720
0.167743 0.062232 0.173522
0.167860 0.062180 0.173324
0.167978 0.062129 0.173126
0.168067 0.062082 0.172821
0.168186 0.062030 0.172622
0.168305 0.061978 0.172423
0.168424 0.061926 0.172223
0.168544 0.061874 0.172024
0.168691 0.061816 0.171931
0.168784 0.061768 0.171624
0.168905 0.061715 0.171423
0.169000 0.061667 0.171115
0.169122 0.061614 0.170914
0.169244 0.061560 0.170713
0.156051 0.066422 0.177152
0.156203 0.066363 0.177057
0.156397 0.066293 0.177059
0.156549 0.066234 0.176964
0.156743 0.066165 0.176967
0.156937 0.066095 0.176970
0.157088 0.066037 0.176875
0.157365 0.065947 0.177075
0.157557 0.065878 0.177078
0.157749 0.065810 0.177082
0.157982 0.065731 0.177185
0.158173 0.065663 0.177190
0.158404 0.065585 0.177294
0.158594 0.065517 0.177299
0.158783 0.065449 0.177305
0.158932 0.065391 0.177211
0.159161 0.065314 0.177317
0.159349 0.065247 0.177323
0.159497 0.065190 0.177230
0.159684 0.065123 0.177237
0.159871 0.065056 0.177244
0.160058 0.064989 0.177251
0.160206 0.064932 0.177159
0.160392 0.064866 0.177166
0.160577 0.064799 0.177174
0.160763 0.064733 0.177182
0.160909 0.064676 0.177090
0.161094 0.064610 0.177099
0.161278 0.064545 0.177108
0.161462 0.064479 0.177117
0.161608 0.064422 0.177025
0.161791 0.064357 0.177034
0.161974 0.064292 0.177044
0.162157 0.064227 0.177054
0.162339 0.064162 0.177064
0.162520 0.064098 0.177075
0.162701 0.064033 0.177086
0.162882 0.063969 0.177097
0.163062 0.063905 0.177108
0.163242 0.063841 0.177119
0.163387 0.063784 0.177029
0.163566 0.063721 0.177041
0.163745 0.063657 0.177053
0.163923 0.063594 0.177065
0.164101 0.063530 0.177078
0.164245 0.063475 0.176988
0.164388 0.063419 0.176898
0.164532 0.063363 0.176808
0.164675 0.063307 0.176718
0.164818 0.063251 0.176628
0.164962 0.063195 0.176538
0.165105 0.063140 0.176448
0.165216 0.063090 0.176254
0.165359 0.063035 0.176163
0.165471 0.062985 0.175969
0.165582 0.062936 0.175774
0.165726 0.062880 0.175684
0.165838 0.062830 0.175489
0.165951 0.062780 0.175294
0.166096 0.062724 0.175203
0.166209 0.062674 0.175007
0.166353 0.062617 0.174916
0.166498 0.062561 0.174825
0.166612 0.062510 0.174629
0.166727 0.062460 0.174433
0.166872 0.062403 0.174342
0.166987 0.062353 0.174145
0.167132 0.062296 0.174054
0.167277 0.062239 0.173962
0.167393 0.062188 0.173765
0.167509 0.062137 0.173567
0.167626 0.062085 0.173370
0.167743 0.062034 0.173171
0.167889 0.061977 0.173080
0.167979 0.061930 0.172774
0.168097 0.061878 0.172576
0.168216 0.061825 0.172376
0.168335 0.061773 0.172177
0.168455 0.061720 0.171977
0.168575 0.061668 0.171777
0.168668 0.061619 0.171470
0.168789 0.061566 0.171269
0.168884 0.061517 0.170960
0.169006 0.061463 0.170759
0.156111 0.066205 0.177009
0.156306 0.066136 0.177012
0.156457 0.066077 0.176916
0.156652 0.066008 0.176919
0.156845 0.065938 0.176922
0.157039 0.065869 0.176925
0.157274 0.065791 0.177027
0.157466 0.065722 0.177031
0.157658 0.065654 0.177035
0.157892 0.065575 0.177138
0.158082 0.065507 0.177143
0.158314 0.065430 0.177247
0.158504 0.065362 0.177252
0.158694 0.065295 0.177258
0.158842 0.065237 0.177164
0.159071 0.065160 0.177270
0.159219 0.065103 0.177177
0.159408 0.065036 0.177183
0.159595 0.064969 0.177190
0.159782 0.064902 0.177197
0.159930 0.064845 0.177105
0.160117 0.064779 0.177112
0.160303 0.064713 0.177120
0.160450 0.064655 0.177027
0.160636 0.064589 0.177035
0.160821 0.064524 0.177044
0.161006 0.064458 0.177052
0.161152 0.064401 0.176960
0.161336 0.064336 0.176969
0.161520 0.064270 0.176979
0.161703 0.064205 0.176988
0.161886 0.064140 0.176998
0.162069 0.064076 0.177008
0.162251 0.064011 0.177018
0.162396 0.063955 0.176927
0.162578 0.063890 0.176938
0.162759 0.063826 0.176949
0.162939 0.063762 0.176960
0.163120 0.063698 0.176972
0.163300 0.063634 0.176983
0.163479 0.063571 0.176995
0.163658 0.063507 0.177008
0.163837 0.063444 0.177020
0.163980 0.063388 0.176930
0.164158 0.063325 0.176943
0.164302 0.063270 0.176853
0.164445 0.063214 0.176763
0.164589 0.063158 0.176672
0.164732 0.063102 0.176582
0.164875 0.063046 0.176492
0.165019 0.062990 0.176402
0.165129 0.062941 0.176208
0.165240 0.062892 0.176014
0.165384 0.062836 0.175924
0.165495 0.062786 0.175729
0.165607 0.062736 0.175534
0.165720 0.062686 0.175339
0.165864 0.062630 0.175248
0.165977 0.062579 0.175052
0.166090 0.062529 0.174856
0.166235 0.062473 0.174765
0.166349 0.062422 0.174569
0.166494 0.062365 0.174478
0.166609 0.062315 0.174281
0.166754 0.062258 0.174190
0.166869 0.062207 0.173993
0.167014 0.062150 0.173902
0.167160 0.062094 0.173810
0.167276 0.062042 0.173613
0.167392 0.061990 0.173415
0.167509 0.061939 0.173217
0.167655 0.061882 0.173125
0.167773 0.061830 0.172927
0.167890 0.061778 0.172728
0.168009 0.061725 0.172529
0.168127 0.061673 0.172330
0.168246 0.061620 0.172130
0.168393 0.061563 0.172038
0.168513 0.061510 0.171838
0.168579 0.061465 0.171423
0.168673 0.061416 0.171115
0.168767 0.061367 0.170806
0.156409 0.065909 0.176966
0.156603 0.065840 0.176969
0.156797 0.065771 0.176972
0.156990 0.065703 0.176976
0.157183 0.065634 0.176979
0.157376 0.065566 0.176983
0.157610 0.065488 0.177086
0.157801 0.065420 0.177091
0.157992 0.065352 0.177095
0.158183 0.065284 0.177101
0.158414 0.065208 0.177205
0.158604 0.065140 0.177211
0.158752 0.065082 0.177117
0.158941 0.065015 0.177124
0.159130 0.064949 0.177130
0.159318 0.064882 0.177137
0.159466 0.064824 0.177044
0.159654 0.064758 0.177051
0.159841 0.064692 0.177058
0.159988 0.064634 0.176965
0.160175 0.064568 0.176973
0.160361 0.064502 0.176981
0.160547 0.064437 0.176989
0.160732 0.064371 0.176997
0.160879 0.064314 0.176905
0.161064 0.064249 0.176914
0.161248 0.064183 0.176923
0.161432 0.064118 0.176933
0.161615 0.064054 0.176942
0.161798 0.063989 0.176952
0.161981 0.063924 0.176962
0.162126 0.063868 0.176871
0.162308 0.063803 0.176881
0.162490 0.063739 0.176892
0.162671 0.063675 0.176903
0.162852 0.063612 0.176914
0.163033 0.063548 0.176926
0.163213 0.063484 0.176938
0.163392 0.063421 0.176950
0.163571 0.063358 0.176962
0.163715 0.063302 0.176872
0.163894 0.063239 0.176884
0.164072 0.063176 0.176897
0.164215 0.063120 0.176807
0.164359 0.063065 0.176717
0.164502 0.063009 0.176627
0.164645 0.062953 0.176537
0.164755 0.062904 0.176343
0.164899 0.062848 0.176253
0.165009 0.062798 0.176059
0.165153 0.062742 0.175968
0.165264 0.062692 0.175774
0.165376 0.062642 0.175579
0.165488 0.062592 0.175384
0.165632 0.062536 0.175293
0.165745 0.062485 0.175097
0.165858 0.062435 0.174902
0.166003 0.062378 0.174811
0.166116 0.062328 0.174614
0.166261 0.062271 0.174523
0.166376 0.062220 0.174327
0.166490 0.062169 0.174130
0.166636 0.062112 0.174039
0.166781 0.062056 0.173947
0.166897 0.062004 0.173750
0.167042 0.061947 0.173658
0.167158 0.061896 0.173461
0.167275 0.061844 0.173263
0.167421 0.061787 0.173171
0.167538 0.061735 0.172972
0.167684 0.061678 0.172881
0.167802 0.061625 0.172682
0.167920 0.061573 0.172483
0.168039 0.061520 0.172284
0.168186 0.061463 0.172191
0.168305 0.061410 0.171992
0.168424 0.061357 0.171792
0.168489 0.061311 0.171376
0.156512 0.065683 0.176921
0.156706 0.065614 0.176925
0.156899 0.065546 0.176928
0.157093 0.065478 0.176932
0.157285 0.065410 0.176936
0.157519 0.065332 0.177039
0.157711 0.065264 0.177043
0.157902 0.065197 0.177048
0.158093 0.065129 0.177053
0.158283 0.065062 0.177059
0.158473 0.064995 0.177065
0.158622 0.064937 0.176971
0.158852 0.064861 0.177077
0.159041 0.064795 0.177083
0.159189 0.064737 0.176990
0.159377 0.064670 0.176997
0.159565 0.064604 0.177004
0.159712 0.064547 0.176911
0.159899 0.064481 0.176919
0.160086 0.064415 0.176926
0.160272 0.064349 0.176934
0.160419 0.064292 0.176842
0.160605 0.064227 0.176850
0.160790 0.064161 0.176859
0.160975 0.064096 0.176868
0.161160 0.064031 0.176877
0.161344 0.063966 0.176886
0.161490 0.063910 0.176795
0.161673 0.063845 0.176804
0.161856 0.063781 0.176815
0.162039 0.063716 0.176825
0.162221 0.063652 0.176835
0.162403 0.063588 0.176846
0.162584 0.063525 0.176857
0.162765 0.063461 0.176869
0.162945 0.063398 0.176880
0.163125 0.063334 0.176892
0.163270 0.063278 0.176802
0.163449 0.063215 0.176814
0.163628 0.063152 0.176826
0.163807 0.063090 0.176839
0.163951 0.063034 0.176749
0.164129 0.062971 0.176762
0.164272 0.062915 0.176672
0.164415 0.062860 0.176582
0.164525 0.062810 0.176388
0.164669 0.062754 0.176298
0.164812 0.062698 0.176208
0.164923 0.062648 0.176013
0.165033 0.062598 0.175819
0.165145 0.062548 0.175624
0.165289 0.062492 0.175533
0.165401 0.062442 0.175338
0.165513 0.062391 0.175143
0.165626 0.062340 0.174947
0.165771 0.062284 0.174856
0.165884 0.062233 0.174660
0.165997 0.062182 0.174463
0.166143 0.062125 0.174372
0.166257 0.062074 0.174175
0.166402 0.062017 0.174084
0.166517 0.061966 0.173887
0.166633 0.061914 0.173689
0.166779 0.061857 0.173598
0.166924 0.061801 0.173506
0.167041 0.061749 0.173308
0.167187 0.061692 0.173216
0.167303 0.061639 0.173018
0.167450 0.061582 0.172926
0.167596 0.061525 0.172834
0.167714 0.061473 0.172636
0.167832 0.061420 0.172436
0.167950 0.061367 0.172237
0.168097 0.061310 0.172145
0.168216 0.061257 0.171945
0.168335 0.061203 0.171745
0.156572 0.065467 0.176779
0.156766 0.065399 0.176782
0.156959 0.065331 0.176786
0.157195 0.065253 0.176888
0.157387 0.065186 0.176893
0.157621 0.065109 0.176996
0.157812 0.065041 0.177001
0.158003 0.064974 0.177006
0.158193 0.064907 0.177012
0.158384 0.064840 0.177017
0.158532 0.064782 0.176924
0.158722 0.064716 0.176930
0.158911 0.064649 0.176937
0.159099 0.064583 0.176943
0.159288 0.064517 0.176950
0.159436 0.064459 0.176857
0.159623 0.064393 0.176864
0.159810 0.064327 0.176872
0.159997 0.064262 0.176880
0.160145 0.064204 0.176787
0.160331 0.064139 0.176795
0.160516 0.064074 0.176804
0.160702 0.064009 0.176813
0.160849 0.063952 0.176720
0.161033 0.063887 0.176730
0.161218 0.063822 0.176739
0.161402 0.063758 0.176748
0.161585 0.063693 0.176758
0.161768 0.063629 0.176768
0.161951 0.063565 0.176779
0.162096 0.063508 0.176687
0.162278 0.063445 0.176698
0.162460 0.063381 0.176709
0.162641 0.063318 0.176721
0.162822 0.063254 0.176732
0.163003 0.063191 0.176744
0.163183 0.063128 0.176756
0.163327 0.063072 0.176665
0.163506 0.063009 0.176678
0.163685 0.062947 0.176690
0.163829 0.062891 0.176600
0.164007 0.062828 0.176613
0.164151 0.062772 0.176523
0.164295 0.062717 0.176433
0.164438 0.062661 0.176343
0.164582 0.062605 0.176252
0.164692 0.062555 0.176058
0.164803 0.062505 0.175864
0.164947 0.062449 0.175773
0.165058 0.062398 0.175578
0.165169 0.062348 0.175383
0.165281 0.062297 0.175188
0.165426 0.062241 0.175097
0.165538 0.062190 0.174901
0.165651 0.062139 0.174705
0.165796 0.062082 0.174614
0.165910 0.062031 0.174417
0.166024 0.061979 0.174221
0.166169 0.061923 0.174129
0.166284 0.061871 0.173932
0.166429 0.061814 0.173841
0.166545 0.061762 0.173643
0.166660 0.061710 0.173446
0.166806 0.061653 0.173354
0.166952 0.061597 0.173262
0.167069 0.061544 0.173064
0.167215 0.061487 0.172972
0.167361 0.061430 0.172880
0.167479 0.061377 0.172681
0.167596 0.061325 0.172482
0.167743 0.061267 0.172390
0.167861 0.061214 0.172191
0.168008 0.061157 0.172098
0.168127 0.061104 0.171899
0.156826 0.065183 0.176640
0.157019 0.065115 0.176644
0.157254 0.065039 0.176747
0.157488 0.064962 0.176850
0.157680 0.064895 0.176855
0.157913 0.064819 0.176959
0.158062 0.064761 0.176865
0.158294 0.064685 0.176970
0.158442 0.064628 0.176877
0.158591 0.064570 0.176784
0.158781 0.064503 0.176790
0.158970 0.064437 0.176797
0.159158 0.064371 0.176803
0.159346 0.064305 0.176810
0.159534 0.064239 0.176818
0.159682 0.064182 0.176725
0.159869 0.064116 0.176733
0.160056 0.064051 0.176741
0.160242 0.063986 0.176749
0.160389 0.063929 0.176657
0.160575 0.063864 0.176665
0.160760 0.063799 0.176674
0.160945 0.063734 0.176683
0.161129 0.063670 0.176693
0.161313 0.063606 0.176702
0.161497 0.063542 0.176712
0.161643 0.063485 0.176621
0.161826 0.063421 0.176631
0.162009 0.063357 0.176641
0.162191 0.063294 0.176652
0.162373 0.063230 0.176663
0.162518 0.063174 0.176572
0.162699 0.063111 0.176584
0.162880 0.063048 0.176596
0.163060 0.062985 0.176607
0.163204 0.062928 0.176517
0.163384 0.062866 0.176529
0.163528 0.062810 0.176439
0.163707 0.062747 0.176451
0.163851 0.062691 0.176361
0.164030 0.062629 0.176374
0.164174 0.062573 0.176284
0.164284 0.062523 0.176089
0.164428 0.062467 0.175999
0.164572 0.062411 0.175909
0.164682 0.062361 0.175714
0.164826 0.062304 0.175623
0.164938 0.062254 0.175428
0.165082 0.062197 0.175337
0.165194 0.062147 0.175142
0.165306 0.062096 0.174946
0.165419 0.062044 0.174750
0.165564 0.061988 0.174659
0.165677 0.061936 0.174463
0.165791 0.061885 0.174266
0.165905 0.061833 0.174069
0.166050 0.061776 0.173978
0.166165 0.061724 0.173780
0.166311 0.061667 0.173689
0.166426 0.061615 0.173491
0.166542 0.061563 0.173293
0.166688 0.061506 0.173201
0.166834 0.061449 0.173109
0.166951 0.061396 0.172911
0.167097 0.061339 0.172819
0.167244 0.061282 0.172727
0.167361 0.061229 0.172528
0.167508 0.061172 0.172436
0.167655 0.061115 0.172344
0.167773 0.061061 0.172144
0.167891 0.061008 0.171944
0.156800 0.064986 0.176300
0.156994 0.064918 0.176304
0.157314 0.064824 0.176605
0.157548 0.064748 0.176709
0.157781 0.064672 0.176813
0.157972 0.064606 0.176818
0.158163 0.064539 0.176824
0.158312 0.064481 0.176730
0.158501 0.064415 0.176737
0.158691 0.064349 0.176743
0.158840 0.064291 0.176650
0.159028 0.064225 0.176656
0.159217 0.064159 0.176663
0.159405 0.064094 0.176671
0.159593 0.064028 0.176678
0.159780 0.063963 0.176686
0.159927 0.063906 0.176593
0.160114 0.063841 0.176602
0.160300 0.063776 0.176610
0.160486 0.063711 0.176619
0.160671 0.063646 0.176628
0.160818 0.063589 0.176536
0.161041 0.063518 0.176646
0.161187 0.063461 0.176555
0.161371 0.063397 0.176564
0.161555 0.063333 0.176575
0.161701 0.063276 0.176483
0.161884 0.063213 0.176493
0.162066 0.063149 0.176504
0.162248 0.063086 0.176515
0.162394 0.063029 0.176424
0.162575 0.062966 0.176435
0.162720 0.062910 0.176344
0.162901 0.062847 0.176356
0.163082 0.062784 0.176368
0.163226 0.062728 0.176277
0.163371 0.062672 0.176186
0.163550 0.062610 0.176199
0.163695 0.062553 0.176108
0.163839 0.062497 0.176018
0.163984 0.062441 0.175927
0.164128 0.062385 0.175836
0.164273 0.062328 0.175745
0.164417 0.062272 0.175655
0.164562 0.062216 0.175564
0.164673 0.062165 0.175369
0.164817 0.062109 0.175278
0.164929 0.062058 0.175082
0.165074 0.062001 0.174991
0.165186 0.061950 0.174795
0.165331 0.061893 0.174704
0.165444 0.061842 0.174508
0.165557 0.061790 0.174311
0.165703 0.061733 0.174220
0.165817 0.061681 0.174023
0.165931 0.061629 0.173826
0.166046 0.061577 0.173628
0.166192 0.061520 0.173537
0.166307 0.061468 0.173339
0.166423 0.061415 0.173141
0.166539 0.061362 0.172942
0.166686 0.061305 0.172850
0.166833 0.061248 0.172758
0.166979 0.061191 0.172666
0.167096 0.061137 0.172467
0.167243 0.061080 0.172375
0.167390 0.061023 0.172282
0.167508 0.060969 0.172083
0.157181 0.064676 0.176458
0.157415 0.064601 0.176562
0.157649 0.064526 0.176666
0.157840 0.064459 0.176672
0.158031 0.064393 0.176677
0.158180 0.064334 0.176584
0.158371 0.064268 0.176590
0.158520 0.064210 0.176496
0.158709 0.064144 0.176503
0.158898 0.064079 0.176509
0.159087 0.064013 0.176516
0.159276 0.063948 0.176524
0.159464 0.063882 0.176531
0.159651 0.063817 0.176539
0.159838 0.063752 0.176547
0.160025 0.063687 0.176555
0.160172 0.063630 0.176463
0.160359 0.063565 0.176471
0.160544 0.063501 0.176480
0.160730 0.063437 0.176489
0.160915 0.063373 0.176499
0.161099 0.063309 0.176508
0.161245 0.063252 0.176416
0.161429 0.063188 0.176426
0.161575 0.063131 0.176335
0.161759 0.063068 0.176345
0.161941 0.063004 0.176356
0.162124 0.062941 0.176367
0.162269 0.062885 0.176275
0.162451 0.062822 0.176287
0.162596 0.062765 0.176196
0.162778 0.062703 0.176207
0.162923 0.062646 0.176116
0.163068 0.062590 0.176025
0.163248 0.062527 0.176037
0.163393 0.062471 0.175946
0.163573 0.062409 0.175959
0.163717 0.062352 0.175868
0.163862 0.062296 0.175777
0.164007 0.062240 0.175686
0.164151 0.062184 0.175596
0.164296 0.062127 0.175505
0.164407 0.062076 0.175310
0.164552 0.062020 0.175219
0.164697 0.061963 0.175128
0.164808 0.061912 0.174932
0.164953 0.061855 0.174841
0.165066 0.061804 0.174645
0.165211 0.061747 0.174553
0.165324 0.061695 0.174357
0.165437 0.061643 0.174160
0.165551 0.061591 0.173963
0.165665 0.061539 0.173766
0.165812 0.061482 0.173674
0.165926 0.061429 0.173476
0.166042 0.061377 0.173278
0.166157 0.061324 0.173080
0.166273 0.061271 0.172882
0.166420 0.061213 0.172789
0.166567 0.061156 0.172697
0.166684 0.061103 0.172498
0.166831 0.061046 0.172406
0.166978 0.060988 0.172313
0.167096 0.060935 0.172114
0.167243 0.060877 0.172021
0.157517 0.064378 0.176520
0.157708 0.064312 0.176525
0.157858 0.064254 0.176431
0.158049 0.064187 0.176437
0.158198 0.064129 0.176343
0.158389 0.064063 0.176349
0.158579 0.063997 0.176356
0.158768 0.063932 0.176362
0.158957 0.063866 0.176369
0.159146 0.063801 0.176376
0.159334 0.063736 0.176384
0.159522 0.063671 0.176391
0.159710 0.063606 0.176399
0.159897 0.063541 0.176408
0.160084 0.063477 0.176416
0.160231 0.063419 0.176323
0.160417 0.063355 0.176332
0.160603 0.063291 0.176341
0.160788 0.063227 0.176351
0.160973 0.063163 0.176360
0.161119 0.063106 0.176268
0.161303 0.063043 0.176278
0.161487 0.062979 0.176289
0.161633 0.062922 0.176197
0.161816 0.062859 0.176207
0.161962 0.062802 0.176116
0.162145 0.062739 0.176127
0.162291 0.062683 0.176035
0.162472 0.062620 0.176047
0.162618 0.062563 0.175955
0.162763 0.062507 0.175864
0.162909 0.062450 0.175773
0.163090 0.062388 0.175785
0.163235 0.062331 0.175693
0.163380 0.062275 0.175602
0.163526 0.062218 0.175511
0.163705 0.062156 0.175524
0.163851 0.062100 0.175433
0.163996 0.062043 0.175342
0.164141 0.061987 0.175250
0.164286 0.061930 0.175159
0.164431 0.061874 0.175068
0.164576 0.061818 0.174977
0.164688 0.061766 0.174781
0.164800 0.061714 0.174585
0.164945 0.061657 0.174494
0.165058 0.061605 0.174297
0.165171 0.061553 0.174100
0.165285 0.061501 0.173903
0.165431 0.061444 0.173811
0.165546 0.061391 0.173614
0.165660 0.061338 0.173416
0.165775 0.061285 0.173218
0.165891 0.061232 0.173020
0.166038 0.061175 0.172928
0.166123 0.061125 0.172623
0.166270 0.061068 0.172530
0.166418 0.061011 0.172438
0.166535 0.060957 0.172238
0.166682 0.060900 0.172146
0.166830 0.060842 0.172053
0.166948 0.060788 0.171853
0.157768 0.064098 0.176384
0.157917 0.064040 0.176290
0.158067 0.063981 0.176196
0.158258 0.063916 0.176202
0.158448 0.063850 0.176208
0.158638 0.063784 0.176215
0.158827 0.063719 0.176222
0.159016 0.063654 0.176229
0.159205 0.063589 0.176236
0.159393 0.063524 0.176244
0.159581 0.063459 0.176252
0.159768 0.063395 0.176260
0.159916 0.063337 0.176167
0.160103 0.063273 0.176176
0.160289 0.063209 0.176184
0.160475 0.063145 0.176193
0.160661 0.063081 0.176203
0.160808 0.063024 0.176110
0.160993 0.062960 0.176120
0.161177 0.062897 0.176130
0.161324 0.062840 0.176038
0.161508 0.062777 0.176048
0.161654 0.062720 0.175956
0.161837 0.062657 0.175967
0.161983 0.062600 0.175875
0.162129 0.062543 0.175784
0.162312 0.062480 0.175795
0.162458 0.062424 0.175703
0.162604 0.062367 0.175612
0.162749 0.062310 0.175520
0.162931 0.062248 0.175532
0.163077 0.062191 0.175440
0.163222 0.062134 0.175349
0.163368 0.062078 0.175257
0.163548 0.062016 0.175270
0.163694 0.061959 0.175179
0.163839 0.061902 0.175087
0.163985 0.061846 0.174996
0.164130 0.061789 0.174904
0.164276 0.061733 0.174813
0.164421 0.061676 0.174722
0.164567 0.061619 0.174630
0.164679 0.061567 0.174434
0.164792 0.061515 0.174237
0.164905 0.061462 0.174040
0.165051 0.061406 0.173949
0.165165 0.061353 0.173751
0.165247 0.061304 0.173448
0.165393 0.061247 0.173356
0.165508 0.061194 0.173158
0.165624 0.061140 0.172960
0.165740 0.061087 0.172761
0.165887 0.061030 0.172669
0.166003 0.060976 0.172470
0.166120 0.060922 0.172270
0.166268 0.060864 0.172178
0.166385 0.060810 0.171978
0.166533 0.060753 0.171885
0.166681 0.060695 0.171792
0.157935 0.063833 0.176049
0.158126 0.063768 0.176055
0.158317 0.063702 0.176061
0.158507 0.063637 0.176068
0.158656 0.063579 0.175974
0.158846 0.063514 0.175981
0.159035 0.063449 0.175988
0.159224 0.063384 0.175995
0.159412 0.063319 0.176003
0.159600 0.063255 0.176011
0.159788 0.063190 0.176019
0.159975 0.063126 0.176028
0.160161 0.063062 0.176036
0.160348 0.062998 0.176045
0.160495 0.062941 0.175953
0.160681 0.062877 0.175962
0.160866 0.062814 0.175972
0.161013 0.062757 0.175879
0.161198 0.062693 0.175889
0.161344 0.062636 0.175797
0.161491 0.062579 0.175705
0.161675 0.062516 0.175716
0.161858 0.062454 0.175726
0.162004 0.062397 0.175635
0.162151 0.062340 0.175543
0.162297 0.062283 0.175451
0.162443 0.062226 0.175359
0.162590 0.062169 0.175267
0.162772 0.062107 0.175279
0.162918 0.062050 0.175187
0.163064 0.061993 0.175095
0.163210 0.061936 0.175003
0.163391 0.061874 0.175016
0.163537 0.061817 0.174924
0.163683 0.061761 0.174833
0.163828 0.061704 0.174741
0.163974 0.061647 0.174649
0.164120 0.061590 0.174558
0.164266 0.061534 0.174466
0.164412 0.061477 0.174374
0.164525 0.061424 0.174178
0.164638 0.061372 0.173981
0.164784 0.061315 0.173889
0.164865 0.061266 0.173586
0.165012 0.061209 0.173494
0.165094 0.061159 0.173190
0.165209 0.061106 0.172992
0.165324 0.061052 0.172794
0.165472 0.060995 0.172701
0.165588 0.060941 0.172502
0.165704 0.060887 0.172303
0.165821 0.060833 0.172103
0.165969 0.060775 0.172010
0.166118 0.060717 0.171917
0.166266 0.060660 0.171824
0.158144 0.063561 0.175813
0.158294 0.063503 0.175719
0.158485 0.063437 0.175726
0.158675 0.063372 0.175732
0.158864 0.063307 0.175739
0.159054 0.063243 0.175747
0.159243 0.063178 0.175754
0.159391 0.063120 0.175661
0.159619 0.063049 0.175770
0.159807 0.062985 0.175778
0.159994 0.062921 0.175787
0.160181 0.062857 0.175795
0.160367 0.062794 0.175804
0.160553 0.062730 0.175814
0.160701 0.062673 0.175721
0.160886 0.062610 0.175731
0.161071 0.062547 0.175741
0.161218 0.062489 0.175648
0.161402 0.062427 0.175659
0.161549 0.062370 0.175567
0.161696 0.062312 0.175475
0.161842 0.062255 0.175382
0.161989 0.062198 0.175290
0.162136 0.062141 0.175198
0.162283 0.062084 0.175106
0.162429 0.062027 0.175014
0.162576 0.061970 0.174922
0.162723 0.061913 0.174830
0.162869 0.061856 0.174737
0.163051 0.061794 0.174749
0.163198 0.061737 0.174657
0.163379 0.061675 0.174670
0.163525 0.061618 0.174578
0.163672 0.061561 0.174486
0.163852 0.061500 0.174499
0.163998 0.061443 0.174407
0.164144 0.061386 0.174315
0.164257 0.061333 0.174118
0.164370 0.061280 0.173921
0.164483 0.061227 0.173724
0.164630 0.061170 0.173632
0.164744 0.061117 0.173434
0.164825 0.061067 0.173131
0.164940 0.061014 0.172932
0.165056 0.060960 0.172734
0.165171 0.060906 0.172535
0.165288 0.060851 0.172336
0.165404 0.060797 0.172136
0.165521 0.060743 0.171937
0.165670 0.060685 0.171843
0.165787 0.060630 0.171643
0.158272 0.063302 0.175377
0.158462 0.063237 0.175383
0.158653 0.063172 0.175390
0.158843 0.063107 0.175397
0.159033 0.063043 0.175404
0.159222 0.062978 0.175411
0.159411 0.062914 0.175419
0.159599 0.062850 0.175427
0.159787 0.062786 0.175435
0.159975 0.062722 0.175443
0.160201 0.062652 0.175554
0.160387 0.062589 0.175563
0.160573 0.062526 0.175572
0.160759 0.062462 0.175582
0.160944 0.062399 0.175592
0.161092 0.062342 0.175500
0.161276 0.062279 0.175510
0.161423 0.062222 0.175418
0.161570 0.062165 0.175325
0.161717 0.062108 0.175233
0.161864 0.062051 0.175141
0.162011 0.061994 0.175048
0.162121 0.061941 0.174853
0.162305 0.061879 0.174864
0.162451 0.061822 0.174772
0.162598 0.061765 0.174679
0.162745 0.061708 0.174587
0.162892 0.061650 0.174495
0.163074 0.061589 0.174507
0.163221 0.061532 0.174415
0.163402 0.061470 0.174427
0.163549 0.061413 0.174335
0.163695 0.061356 0.174243
0.163842 0.061299 0.174151
0.163988 0.061242 0.174059
0.164135 0.061185 0.173967
0.164248 0.061132 0.173770
0.164361 0.061079 0.173572
0.164508 0.061021 0.173480
0.164589 0.060971 0.173176
0.164671 0.060921 0.172872
0.164786 0.060867 0.172674
0.164902 0.060813 0.172475
0.165018 0.060758 0.172276
0.165134 0.060704 0.172076
0.165283 0.060646 0.171983
0.165400 0.060591 0.171783
0.159470 0.062701 0.175278
0.159658 0.062637 0.175286
0.159846 0.062573 0.175295
0.160033 0.062510 0.175303
0.160221 0.062446 0.175312
0.160446 0.062378 0.175424
0.160632 0.062315 0.175433
0.160818 0.062252 0.175443
0.160965 0.062194 0.175350
0.161150 0.062132 0.175361
0.161297 0.062075 0.175268
0.161481 0.062012 0.175279
0.161628 0.061955 0.175187
0.161775 0.061898 0.175094
0.161885 0.061846 0.174899
0.162032 0.061788 0.174806
0.162180 0.061731 0.174714
0.162327 0.061674 0.174622
0.162474 0.061616 0.174529
0.162621 0.061559 0.174437
0.162803 0.061498 0.174448
0.162950 0.061440 0.174356
0.163097 0.061383 0.174264
0.163244 0.061326 0.174172
0.163426 0.061265 0.174184
0.163572 0.061208 0.174092
0.163719 0.061151 0.174000
0.163866 0.061093 0.173908
0.163979 0.061040 0.173710
0.164126 0.060983 0.173618
0.164239 0.060929 0.173420
0.164353 0.060875 0.173222
0.164467 0.060821 0.173024
0.164582 0.060767 0.172826
0.164664 0.060716 0.172521
0.164780 0.060662 0.172322
0.164864 0.060610 0.172017
0.165013 0.060552 0.171923
