[0.243s] [34mcolcon[0m [1;30mDEBUG[0m [32mCommand line arguments: ['/usr/bin/colcon', 'build', '--symlink-install'][0m
[0.243s] [34mcolcon[0m [1;30mDEBUG[0m [32mParsed command line arguments: Namespace(log_base=None, log_level=None, verb_name='build', build_base='build', install_base='install', merge_install=False, symlink_install=True, test_result_base=None, continue_on_error=False, executor='parallel', parallel_workers=4, event_handlers=None, ignore_user_meta=False, metas=['./colcon.meta'], base_paths=['.'], packages_ignore=None, packages_ignore_regex=None, paths=None, packages_up_to=None, packages_up_to_regex=None, packages_above=None, packages_above_and_dependencies=None, packages_above_depth=None, packages_select_by_dep=None, packages_skip_by_dep=None, packages_skip_up_to=None, packages_select_build_failed=False, packages_skip_build_finished=False, packages_select_test_failures=False, packages_skip_test_passed=False, packages_select=None, packages_skip=None, packages_select_regex=None, packages_skip_regex=None, packages_start=None, packages_end=None, allow_overriding=[], cmake_args=None, cmake_target=None, cmake_target_skip_unavailable=False, cmake_clean_cache=False, cmake_clean_first=False, cmake_force_configure=False, ament_cmake_args=None, catkin_cmake_args=None, catkin_skip_building_tests=False, mixin_files=None, mixin=None, verb_parser=<colcon_mixin.mixin.mixin_argument.MixinArgumentDecorator object at 0x7e6d55f2b6a0>, verb_extension=<colcon_core.verb.build.BuildVerb object at 0x7e6d5606c6a0>, main=<bound method BuildVerb.main of <colcon_core.verb.build.BuildVerb object at 0x7e6d5606c6a0>>, mixin_verb=('build',))[0m
[0.524s] [34mcolcon.colcon_core.package_discovery[0m [1;30mLevel 1[0m discover_packages(colcon_meta) check parameters
[0.524s] [34mcolcon.colcon_core.package_discovery[0m [1;30mLevel 1[0m discover_packages(recursive) check parameters
[0.525s] [34mcolcon.colcon_core.package_discovery[0m [1;30mLevel 1[0m discover_packages(ignore) check parameters
[0.525s] [34mcolcon.colcon_core.package_discovery[0m [1;30mLevel 1[0m discover_packages(path) check parameters
[0.525s] [34mcolcon.colcon_core.package_discovery[0m [1;30mLevel 1[0m discover_packages(colcon_meta) discover
[0.525s] [34mcolcon.colcon_core.package_discovery[0m [1;30mLevel 1[0m discover_packages(recursive) discover
[0.525s] [34mcolcon.colcon_core.package_discovery[0m [1;30mINFO[0m Crawling recursively for packages in '/home/parallels/Forschsemrep/strawberry_ws'
[0.525s] [34mcolcon.colcon_core.package_identification[0m [1;30mLevel 1[0m _identify(.) by extensions ['ignore', 'ignore_ament_install']
[0.525s] [34mcolcon.colcon_core.package_identification[0m [1;30mLevel 1[0m _identify(.) by extension 'ignore'
[0.525s] [34mcolcon.colcon_core.package_identification[0m [1;30mLevel 1[0m _identify(.) by extension 'ignore_ament_install'
[0.525s] [34mcolcon.colcon_core.package_identification[0m [1;30mLevel 1[0m _identify(.) by extensions ['colcon_pkg']
[0.525s] [34mcolcon.colcon_core.package_identification[0m [1;30mLevel 1[0m _identify(.) by extension 'colcon_pkg'
[0.526s] [34mcolcon.colcon_core.package_identification[0m [1;30mLevel 1[0m _identify(.) by extensions ['colcon_meta']
[0.526s] [34mcolcon.colcon_core.package_identification[0m [1;30mLevel 1[0m _identify(.) by extension 'colcon_meta'
[0.526s] [34mcolcon.colcon_core.package_identification[0m [1;30mLevel 1[0m _identify(.) by extensions ['ros']
[0.526s] [34mcolcon.colcon_core.package_identification[0m [1;30mLevel 1[0m _identify(.) by extension 'ros'
[0.572s] [34mcolcon.colcon_core.package_identification[0m [1;30mLevel 1[0m _identify(.) by extensions ['cmake', 'python']
[0.572s] [34mcolcon.colcon_core.package_identification[0m [1;30mLevel 1[0m _identify(.) by extension 'cmake'
[0.572s] [34mcolcon.colcon_core.package_identification[0m [1;30mLevel 1[0m _identify(.) by extension 'python'
[0.572s] [34mcolcon.colcon_core.package_identification[0m [1;30mLevel 1[0m _identify(.) by extensions ['python_setup_py']
[0.572s] [34mcolcon.colcon_core.package_identification[0m [1;30mLevel 1[0m _identify(.) by extension 'python_setup_py'
[0.572s] [34mcolcon.colcon_core.package_identification[0m [1;30mLevel 1[0m _identify(build) by extensions ['ignore', 'ignore_ament_install']
[0.572s] [34mcolcon.colcon_core.package_identification[0m [1;30mLevel 1[0m _identify(build) by extension 'ignore'
[0.573s] [34mcolcon.colcon_core.package_identification[0m [1;30mLevel 1[0m _identify(build) ignored
[0.573s] [34mcolcon.colcon_core.package_identification[0m [1;30mLevel 1[0m _identify(data) by extensions ['ignore', 'ignore_ament_install']
[0.573s] [34mcolcon.colcon_core.package_identification[0m [1;30mLevel 1[0m _identify(data) by extension 'ignore'
[0.573s] [34mcolcon.colcon_core.package_identification[0m [1;30mLevel 1[0m _identify(data) by extension 'ignore_ament_install'
[0.573s] [34mcolcon.colcon_core.package_identification[0m [1;30mLevel 1[0m _identify(data) by extensions ['colcon_pkg']
[0.573s] [34mcolcon.colcon_core.package_identification[0m [1;30mLevel 1[0m _identify(data) by extension 'colcon_pkg'
[0.573s] [34mcolcon.colcon_core.package_identification[0m [1;30mLevel 1[0m _identify(data) by extensions ['colcon_meta']
[0.573s] [34mcolcon.colcon_core.package_identification[0m [1;30mLevel 1[0m _identify(data) by extension 'colcon_meta'
[0.573s] [34mcolcon.colcon_core.package_identification[0m [1;30mLevel 1[0m _identify(data) by extensions ['ros']
[0.573s] [34mcolcon.colcon_core.package_identification[0m [1;30mLevel 1[0m _identify(data) by extension 'ros'
[0.573s] [34mcolcon.colcon_core.package_identification[0m [1;30mLevel 1[0m _identify(data) by extensions ['cmake', 'python']
[0.573s] [34mcolcon.colcon_core.package_identification[0m [1;30mLevel 1[0m _identify(data) by extension 'cmake'
[0.573s] [34mcolcon.colcon_core.package_identification[0m [1;30mLevel 1[0m _identify(data) by extension 'python'
[0.574s] [34mcolcon.colcon_core.package_identification[0m [1;30mLevel 1[0m _identify(data) by extensions ['python_setup_py']
[0.574s] [34mcolcon.colcon_core.package_identification[0m [1;30mLevel 1[0m _identify(data) by extension 'python_setup_py'
[0.574s] [34mcolcon.colcon_core.package_identification[0m [1;30mLevel 1[0m _identify(data/backup) by extensions ['ignore', 'ignore_ament_install']
[0.574s] [34mcolcon.colcon_core.package_identification[0m [1;30mLevel 1[0m _identify(data/backup) by extension 'ignore'
[0.574s] [34mcolcon.colcon_core.package_identification[0m [1;30mLevel 1[0m _identify(data/backup) by extension 'ignore_ament_install'
[0.574s] [34mcolcon.colcon_core.package_identification[0m [1;30mLevel 1[0m _identify(data/backup) by extensions ['colcon_pkg']
[0.574s] [34mcolcon.colcon_core.package_identification[0m [1;30mLevel 1[0m _identify(data/backup) by extension 'colcon_pkg'
[0.574s] [34mcolcon.colcon_core.package_identification[0m [1;30mLevel 1[0m _identify(data/backup) by extensions ['colcon_meta']
[0.574s] [34mcolcon.colcon_core.package_identification[0m [1;30mLevel 1[0m _identify(data/backup) by extension 'colcon_meta'
[0.574s] [34mcolcon.colcon_core.package_identification[0m [1;30mLevel 1[0m _identify(data/backup) by extensions ['ros']
[0.574s] [34mcolcon.colcon_core.package_identification[0m [1;30mLevel 1[0m _identify(data/backup) by extension 'ros'
[0.574s] [34mcolcon.colcon_core.package_identification[0m [1;30mLevel 1[0m _identify(data/backup) by extensions ['cmake', 'python']
[0.574s] [34mcolcon.colcon_core.package_identification[0m [1;30mLevel 1[0m _identify(data/backup) by extension 'cmake'
[0.574s] [34mcolcon.colcon_core.package_identification[0m [1;30mLevel 1[0m _identify(data/backup) by extension 'python'
[0.574s] [34mcolcon.colcon_core.package_identification[0m [1;30mLevel 1[0m _identify(data/backup) by extensions ['python_setup_py']
[0.574s] [34mcolcon.colcon_core.package_identification[0m [1;30mLevel 1[0m _identify(data/backup) by extension 'python_setup_py'
[0.575s] [34mcolcon.colcon_core.package_identification[0m [1;30mLevel 1[0m _identify(data/plant_views) by extensions ['ignore', 'ignore_ament_install']
[0.575s] [34mcolcon.colcon_core.package_identification[0m [1;30mLevel 1[0m _identify(data/plant_views) by extension 'ignore'
[0.575s] [34mcolcon.colcon_core.package_identification[0m [1;30mLevel 1[0m _identify(data/plant_views) by extension 'ignore_ament_install'
[0.575s] [34mcolcon.colcon_core.package_identification[0m [1;30mLevel 1[0m _identify(data/plant_views) by extensions ['colcon_pkg']
[0.575s] [34mcolcon.colcon_core.package_identification[0m [1;30mLevel 1[0m _identify(data/plant_views) by extension 'colcon_pkg'
[0.575s] [34mcolcon.colcon_core.package_identification[0m [1;30mLevel 1[0m _identify(data/plant_views) by extensions ['colcon_meta']
[0.575s] [34mcolcon.colcon_core.package_identification[0m [1;30mLevel 1[0m _identify(data/plant_views) by extension 'colcon_meta'
[0.575s] [34mcolcon.colcon_core.package_identification[0m [1;30mLevel 1[0m _identify(data/plant_views) by extensions ['ros']
[0.575s] [34mcolcon.colcon_core.package_identification[0m [1;30mLevel 1[0m _identify(data/plant_views) by extension 'ros'
[0.575s] [34mcolcon.colcon_core.package_identification[0m [1;30mLevel 1[0m _identify(data/plant_views) by extensions ['cmake', 'python']
[0.575s] [34mcolcon.colcon_core.package_identification[0m [1;30mLevel 1[0m _identify(data/plant_views) by extension 'cmake'
[0.575s] [34mcolcon.colcon_core.package_identification[0m [1;30mLevel 1[0m _identify(data/plant_views) by extension 'python'
[0.575s] [34mcolcon.colcon_core.package_identification[0m [1;30mLevel 1[0m _identify(data/plant_views) by extensions ['python_setup_py']
[0.575s] [34mcolcon.colcon_core.package_identification[0m [1;30mLevel 1[0m _identify(data/plant_views) by extension 'python_setup_py'
[0.575s] [34mcolcon.colcon_core.package_identification[0m [1;30mLevel 1[0m _identify(data/plant_views/plant_000) by extensions ['ignore', 'ignore_ament_install']
[0.575s] [34mcolcon.colcon_core.package_identification[0m [1;30mLevel 1[0m _identify(data/plant_views/plant_000) by extension 'ignore'
[0.575s] [34mcolcon.colcon_core.package_identification[0m [1;30mLevel 1[0m _identify(data/plant_views/plant_000) by extension 'ignore_ament_install'
[0.575s] [34mcolcon.colcon_core.package_identification[0m [1;30mLevel 1[0m _identify(data/plant_views/plant_000) by extensions ['colcon_pkg']
[0.576s] [34mcolcon.colcon_core.package_identification[0m [1;30mLevel 1[0m _identify(data/plant_views/plant_000) by extension 'colcon_pkg'
[0.576s] [34mcolcon.colcon_core.package_identification[0m [1;30mLevel 1[0m _identify(data/plant_views/plant_000) by extensions ['colcon_meta']
[0.576s] [34mcolcon.colcon_core.package_identification[0m [1;30mLevel 1[0m _identify(data/plant_views/plant_000) by extension 'colcon_meta'
[0.576s] [34mcolcon.colcon_core.package_identification[0m [1;30mLevel 1[0m _identify(data/plant_views/plant_000) by extensions ['ros']
[0.576s] [34mcolcon.colcon_core.package_identification[0m [1;30mLevel 1[0m _identify(data/plant_views/plant_000) by extension 'ros'
[0.576s] [34mcolcon.colcon_core.package_identification[0m [1;30mLevel 1[0m _identify(data/plant_views/plant_000) by extensions ['cmake', 'python']
[0.576s] [34mcolcon.colcon_core.package_identification[0m [1;30mLevel 1[0m _identify(data/plant_views/plant_000) by extension 'cmake'
[0.576s] [34mcolcon.colcon_core.package_identification[0m [1;30mLevel 1[0m _identify(data/plant_views/plant_000) by extension 'python'
[0.576s] [34mcolcon.colcon_core.package_identification[0m [1;30mLevel 1[0m _identify(data/plant_views/plant_000) by extensions ['python_setup_py']
[0.576s] [34mcolcon.colcon_core.package_identification[0m [1;30mLevel 1[0m _identify(data/plant_views/plant_000) by extension 'python_setup_py'
[0.576s] [34mcolcon.colcon_core.package_identification[0m [1;30mLevel 1[0m _identify(data/plant_views/plant_001) by extensions ['ignore', 'ignore_ament_install']
[0.576s] [34mcolcon.colcon_core.package_identification[0m [1;30mLevel 1[0m _identify(data/plant_views/plant_001) by extension 'ignore'
[0.576s] [34mcolcon.colcon_core.package_identification[0m [1;30mLevel 1[0m _identify(data/plant_views/plant_001) by extension 'ignore_ament_install'
[0.576s] [34mcolcon.colcon_core.package_identification[0m [1;30mLevel 1[0m _identify(data/plant_views/plant_001) by extensions ['colcon_pkg']
[0.576s] [34mcolcon.colcon_core.package_identification[0m [1;30mLevel 1[0m _identify(data/plant_views/plant_001) by extension 'colcon_pkg'
[0.576s] [34mcolcon.colcon_core.package_identification[0m [1;30mLevel 1[0m _identify(data/plant_views/plant_001) by extensions ['colcon_meta']
[0.576s] [34mcolcon.colcon_core.package_identification[0m [1;30mLevel 1[0m _identify(data/plant_views/plant_001) by extension 'colcon_meta'
[0.576s] [34mcolcon.colcon_core.package_identification[0m [1;30mLevel 1[0m _identify(data/plant_views/plant_001) by extensions ['ros']
[0.577s] [34mcolcon.colcon_core.package_identification[0m [1;30mLevel 1[0m _identify(data/plant_views/plant_001) by extension 'ros'
[0.577s] [34mcolcon.colcon_core.package_identification[0m [1;30mLevel 1[0m _identify(data/plant_views/plant_001) by extensions ['cmake', 'python']
[0.577s] [34mcolcon.colcon_core.package_identification[0m [1;30mLevel 1[0m _identify(data/plant_views/plant_001) by extension 'cmake'
[0.577s] [34mcolcon.colcon_core.package_identification[0m [1;30mLevel 1[0m _identify(data/plant_views/plant_001) by extension 'python'
[0.577s] [34mcolcon.colcon_core.package_identification[0m [1;30mLevel 1[0m _identify(data/plant_views/plant_001) by extensions ['python_setup_py']
[0.577s] [34mcolcon.colcon_core.package_identification[0m [1;30mLevel 1[0m _identify(data/plant_views/plant_001) by extension 'python_setup_py'
[0.577s] [34mcolcon.colcon_core.package_identification[0m [1;30mLevel 1[0m _identify(data/plant_views/plant_002) by extensions ['ignore', 'ignore_ament_install']
[0.577s] [34mcolcon.colcon_core.package_identification[0m [1;30mLevel 1[0m _identify(data/plant_views/plant_002) by extension 'ignore'
[0.577s] [34mcolcon.colcon_core.package_identification[0m [1;30mLevel 1[0m _identify(data/plant_views/plant_002) by extension 'ignore_ament_install'
[0.577s] [34mcolcon.colcon_core.package_identification[0m [1;30mLevel 1[0m _identify(data/plant_views/plant_002) by extensions ['colcon_pkg']
[0.577s] [34mcolcon.colcon_core.package_identification[0m [1;30mLevel 1[0m _identify(data/plant_views/plant_002) by extension 'colcon_pkg'
[0.577s] [34mcolcon.colcon_core.package_identification[0m [1;30mLevel 1[0m _identify(data/plant_views/plant_002) by extensions ['colcon_meta']
[0.577s] [34mcolcon.colcon_core.package_identification[0m [1;30mLevel 1[0m _identify(data/plant_views/plant_002) by extension 'colcon_meta'
[0.577s] [34mcolcon.colcon_core.package_identification[0m [1;30mLevel 1[0m _identify(data/plant_views/plant_002) by extensions ['ros']
[0.577s] [34mcolcon.colcon_core.package_identification[0m [1;30mLevel 1[0m _identify(data/plant_views/plant_002) by extension 'ros'
[0.577s] [34mcolcon.colcon_core.package_identification[0m [1;30mLevel 1[0m _identify(data/plant_views/plant_002) by extensions ['cmake', 'python']
[0.578s] [34mcolcon.colcon_core.package_identification[0m [1;30mLevel 1[0m _identify(data/plant_views/plant_002) by extension 'cmake'
[0.578s] [34mcolcon.colcon_core.package_identification[0m [1;30mLevel 1[0m _identify(data/plant_views/plant_002) by extension 'python'
[0.578s] [34mcolcon.colcon_core.package_identification[0m [1;30mLevel 1[0m _identify(data/plant_views/plant_002) by extensions ['python_setup_py']
[0.578s] [34mcolcon.colcon_core.package_identification[0m [1;30mLevel 1[0m _identify(data/plant_views/plant_002) by extension 'python_setup_py'
[0.579s] [34mcolcon.colcon_core.package_identification[0m [1;30mLevel 1[0m _identify(data/plant_views/plant_003) by extensions ['ignore', 'ignore_ament_install']
[0.579s] [34mcolcon.colcon_core.package_identification[0m [1;30mLevel 1[0m _identify(data/plant_views/plant_003) by extension 'ignore'
[0.579s] [34mcolcon.colcon_core.package_identification[0m [1;30mLevel 1[0m _identify(data/plant_views/plant_003) by extension 'ignore_ament_install'
[0.579s] [34mcolcon.colcon_core.package_identification[0m [1;30mLevel 1[0m _identify(data/plant_views/plant_003) by extensions ['colcon_pkg']
[0.579s] [34mcolcon.colcon_core.package_identification[0m [1;30mLevel 1[0m _identify(data/plant_views/plant_003) by extension 'colcon_pkg'
[0.579s] [34mcolcon.colcon_core.package_identification[0m [1;30mLevel 1[0m _identify(data/plant_views/plant_003) by extensions ['colcon_meta']
[0.579s] [34mcolcon.colcon_core.package_identification[0m [1;30mLevel 1[0m _identify(data/plant_views/plant_003) by extension 'colcon_meta'
[0.579s] [34mcolcon.colcon_core.package_identification[0m [1;30mLevel 1[0m _identify(data/plant_views/plant_003) by extensions ['ros']
[0.579s] [34mcolcon.colcon_core.package_identification[0m [1;30mLevel 1[0m _identify(data/plant_views/plant_003) by extension 'ros'
[0.580s] [34mcolcon.colcon_core.package_identification[0m [1;30mLevel 1[0m _identify(data/plant_views/plant_003) by extensions ['cmake', 'python']
[0.580s] [34mcolcon.colcon_core.package_identification[0m [1;30mLevel 1[0m _identify(data/plant_views/plant_003) by extension 'cmake'
[0.580s] [34mcolcon.colcon_core.package_identification[0m [1;30mLevel 1[0m _identify(data/plant_views/plant_003) by extension 'python'
[0.580s] [34mcolcon.colcon_core.package_identification[0m [1;30mLevel 1[0m _identify(data/plant_views/plant_003) by extensions ['python_setup_py']
[0.580s] [34mcolcon.colcon_core.package_identification[0m [1;30mLevel 1[0m _identify(data/plant_views/plant_003) by extension 'python_setup_py'
[0.580s] [34mcolcon.colcon_core.package_identification[0m [1;30mLevel 1[0m _identify(data/plant_views/plant_004) by extensions ['ignore', 'ignore_ament_install']
[0.580s] [34mcolcon.colcon_core.package_identification[0m [1;30mLevel 1[0m _identify(data/plant_views/plant_004) by extension 'ignore'
[0.580s] [34mcolcon.colcon_core.package_identification[0m [1;30mLevel 1[0m _identify(data/plant_views/plant_004) by extension 'ignore_ament_install'
[0.581s] [34mcolcon.colcon_core.package_identification[0m [1;30mLevel 1[0m _identify(data/plant_views/plant_004) by extensions ['colcon_pkg']
[0.581s] [34mcolcon.colcon_core.package_identification[0m [1;30mLevel 1[0m _identify(data/plant_views/plant_004) by extension 'colcon_pkg'
[0.581s] [34mcolcon.colcon_core.package_identification[0m [1;30mLevel 1[0m _identify(data/plant_views/plant_004) by extensions ['colcon_meta']
[0.581s] [34mcolcon.colcon_core.package_identification[0m [1;30mLevel 1[0m _identify(data/plant_views/plant_004) by extension 'colcon_meta'
[0.581s] [34mcolcon.colcon_core.package_identification[0m [1;30mLevel 1[0m _identify(data/plant_views/plant_004) by extensions ['ros']
[0.581s] [34mcolcon.colcon_core.package_identification[0m [1;30mLevel 1[0m _identify(data/plant_views/plant_004) by extension 'ros'
[0.581s] [34mcolcon.colcon_core.package_identification[0m [1;30mLevel 1[0m _identify(data/plant_views/plant_004) by extensions ['cmake', 'python']
[0.581s] [34mcolcon.colcon_core.package_identification[0m [1;30mLevel 1[0m _identify(data/plant_views/plant_004) by extension 'cmake'
[0.581s] [34mcolcon.colcon_core.package_identification[0m [1;30mLevel 1[0m _identify(data/plant_views/plant_004) by extension 'python'
[0.581s] [34mcolcon.colcon_core.package_identification[0m [1;30mLevel 1[0m _identify(data/plant_views/plant_004) by extensions ['python_setup_py']
[0.581s] [34mcolcon.colcon_core.package_identification[0m [1;30mLevel 1[0m _identify(data/plant_views/plant_004) by extension 'python_setup_py'
[0.582s] [34mcolcon.colcon_core.package_identification[0m [1;30mLevel 1[0m _identify(data/plant_views/plant_005) by extensions ['ignore', 'ignore_ament_install']
[0.582s] [34mcolcon.colcon_core.package_identification[0m [1;30mLevel 1[0m _identify(data/plant_views/plant_005) by extension 'ignore'
[0.582s] [34mcolcon.colcon_core.package_identification[0m [1;30mLevel 1[0m _identify(data/plant_views/plant_005) by extension 'ignore_ament_install'
[0.582s] [34mcolcon.colcon_core.package_identification[0m [1;30mLevel 1[0m _identify(data/plant_views/plant_005) by extensions ['colcon_pkg']
[0.582s] [34mcolcon.colcon_core.package_identification[0m [1;30mLevel 1[0m _identify(data/plant_views/plant_005) by extension 'colcon_pkg'
[0.582s] [34mcolcon.colcon_core.package_identification[0m [1;30mLevel 1[0m _identify(data/plant_views/plant_005) by extensions ['colcon_meta']
[0.582s] [34mcolcon.colcon_core.package_identification[0m [1;30mLevel 1[0m _identify(data/plant_views/plant_005) by extension 'colcon_meta'
[0.583s] [34mcolcon.colcon_core.package_identification[0m [1;30mLevel 1[0m _identify(data/plant_views/plant_005) by extensions ['ros']
[0.583s] [34mcolcon.colcon_core.package_identification[0m [1;30mLevel 1[0m _identify(data/plant_views/plant_005) by extension 'ros'
[0.583s] [34mcolcon.colcon_core.package_identification[0m [1;30mLevel 1[0m _identify(data/plant_views/plant_005) by extensions ['cmake', 'python']
[0.583s] [34mcolcon.colcon_core.package_identification[0m [1;30mLevel 1[0m _identify(data/plant_views/plant_005) by extension 'cmake'
[0.583s] [34mcolcon.colcon_core.package_identification[0m [1;30mLevel 1[0m _identify(data/plant_views/plant_005) by extension 'python'
[0.583s] [34mcolcon.colcon_core.package_identification[0m [1;30mLevel 1[0m _identify(data/plant_views/plant_005) by extensions ['python_setup_py']
[0.583s] [34mcolcon.colcon_core.package_identification[0m [1;30mLevel 1[0m _identify(data/plant_views/plant_005) by extension 'python_setup_py'
[0.583s] [34mcolcon.colcon_core.package_identification[0m [1;30mLevel 1[0m _identify(data/plant_views/plant_006) by extensions ['ignore', 'ignore_ament_install']
[0.583s] [34mcolcon.colcon_core.package_identification[0m [1;30mLevel 1[0m _identify(data/plant_views/plant_006) by extension 'ignore'
[0.583s] [34mcolcon.colcon_core.package_identification[0m [1;30mLevel 1[0m _identify(data/plant_views/plant_006) by extension 'ignore_ament_install'
[0.583s] [34mcolcon.colcon_core.package_identification[0m [1;30mLevel 1[0m _identify(data/plant_views/plant_006) by extensions ['colcon_pkg']
[0.584s] [34mcolcon.colcon_core.package_identification[0m [1;30mLevel 1[0m _identify(data/plant_views/plant_006) by extension 'colcon_pkg'
[0.584s] [34mcolcon.colcon_core.package_identification[0m [1;30mLevel 1[0m _identify(data/plant_views/plant_006) by extensions ['colcon_meta']
[0.584s] [34mcolcon.colcon_core.package_identification[0m [1;30mLevel 1[0m _identify(data/plant_views/plant_006) by extension 'colcon_meta'
[0.584s] [34mcolcon.colcon_core.package_identification[0m [1;30mLevel 1[0m _identify(data/plant_views/plant_006) by extensions ['ros']
[0.584s] [34mcolcon.colcon_core.package_identification[0m [1;30mLevel 1[0m _identify(data/plant_views/plant_006) by extension 'ros'
[0.584s] [34mcolcon.colcon_core.package_identification[0m [1;30mLevel 1[0m _identify(data/plant_views/plant_006) by extensions ['cmake', 'python']
[0.584s] [34mcolcon.colcon_core.package_identification[0m [1;30mLevel 1[0m _identify(data/plant_views/plant_006) by extension 'cmake'
[0.584s] [34mcolcon.colcon_core.package_identification[0m [1;30mLevel 1[0m _identify(data/plant_views/plant_006) by extension 'python'
[0.584s] [34mcolcon.colcon_core.package_identification[0m [1;30mLevel 1[0m _identify(data/plant_views/plant_006) by extensions ['python_setup_py']
[0.584s] [34mcolcon.colcon_core.package_identification[0m [1;30mLevel 1[0m _identify(data/plant_views/plant_006) by extension 'python_setup_py'
[0.585s] [34mcolcon.colcon_core.package_identification[0m [1;30mLevel 1[0m _identify(data/plant_views/plant_007) by extensions ['ignore', 'ignore_ament_install']
[0.585s] [34mcolcon.colcon_core.package_identification[0m [1;30mLevel 1[0m _identify(data/plant_views/plant_007) by extension 'ignore'
[0.585s] [34mcolcon.colcon_core.package_identification[0m [1;30mLevel 1[0m _identify(data/plant_views/plant_007) by extension 'ignore_ament_install'
[0.585s] [34mcolcon.colcon_core.package_identification[0m [1;30mLevel 1[0m _identify(data/plant_views/plant_007) by extensions ['colcon_pkg']
[0.585s] [34mcolcon.colcon_core.package_identification[0m [1;30mLevel 1[0m _identify(data/plant_views/plant_007) by extension 'colcon_pkg'
[0.585s] [34mcolcon.colcon_core.package_identification[0m [1;30mLevel 1[0m _identify(data/plant_views/plant_007) by extensions ['colcon_meta']
[0.585s] [34mcolcon.colcon_core.package_identification[0m [1;30mLevel 1[0m _identify(data/plant_views/plant_007) by extension 'colcon_meta'
[0.585s] [34mcolcon.colcon_core.package_identification[0m [1;30mLevel 1[0m _identify(data/plant_views/plant_007) by extensions ['ros']
[0.585s] [34mcolcon.colcon_core.package_identification[0m [1;30mLevel 1[0m _identify(data/plant_views/plant_007) by extension 'ros'
[0.586s] [34mcolcon.colcon_core.package_identification[0m [1;30mLevel 1[0m _identify(data/plant_views/plant_007) by extensions ['cmake', 'python']
[0.586s] [34mcolcon.colcon_core.package_identification[0m [1;30mLevel 1[0m _identify(data/plant_views/plant_007) by extension 'cmake'
[0.586s] [34mcolcon.colcon_core.package_identification[0m [1;30mLevel 1[0m _identify(data/plant_views/plant_007) by extension 'python'
[0.586s] [34mcolcon.colcon_core.package_identification[0m [1;30mLevel 1[0m _identify(data/plant_views/plant_007) by extensions ['python_setup_py']
[0.586s] [34mcolcon.colcon_core.package_identification[0m [1;30mLevel 1[0m _identify(data/plant_views/plant_007) by extension 'python_setup_py'
[0.587s] [34mcolcon.colcon_core.package_identification[0m [1;30mLevel 1[0m _identify(data/plant_views/plant_008) by extensions ['ignore', 'ignore_ament_install']
[0.587s] [34mcolcon.colcon_core.package_identification[0m [1;30mLevel 1[0m _identify(data/plant_views/plant_008) by extension 'ignore'
[0.587s] [34mcolcon.colcon_core.package_identification[0m [1;30mLevel 1[0m _identify(data/plant_views/plant_008) by extension 'ignore_ament_install'
[0.587s] [34mcolcon.colcon_core.package_identification[0m [1;30mLevel 1[0m _identify(data/plant_views/plant_008) by extensions ['colcon_pkg']
[0.587s] [34mcolcon.colcon_core.package_identification[0m [1;30mLevel 1[0m _identify(data/plant_views/plant_008) by extension 'colcon_pkg'
[0.587s] [34mcolcon.colcon_core.package_identification[0m [1;30mLevel 1[0m _identify(data/plant_views/plant_008) by extensions ['colcon_meta']
[0.588s] [34mcolcon.colcon_core.package_identification[0m [1;30mLevel 1[0m _identify(data/plant_views/plant_008) by extension 'colcon_meta'
[0.588s] [34mcolcon.colcon_core.package_identification[0m [1;30mLevel 1[0m _identify(data/plant_views/plant_008) by extensions ['ros']
[0.588s] [34mcolcon.colcon_core.package_identification[0m [1;30mLevel 1[0m _identify(data/plant_views/plant_008) by extension 'ros'
[0.589s] [34mcolcon.colcon_core.package_identification[0m [1;30mLevel 1[0m _identify(data/plant_views/plant_008) by extensions ['cmake', 'python']
[0.589s] [34mcolcon.colcon_core.package_identification[0m [1;30mLevel 1[0m _identify(data/plant_views/plant_008) by extension 'cmake'
[0.589s] [34mcolcon.colcon_core.package_identification[0m [1;30mLevel 1[0m _identify(data/plant_views/plant_008) by extension 'python'
[0.589s] [34mcolcon.colcon_core.package_identification[0m [1;30mLevel 1[0m _identify(data/plant_views/plant_008) by extensions ['python_setup_py']
[0.590s] [34mcolcon.colcon_core.package_identification[0m [1;30mLevel 1[0m _identify(data/plant_views/plant_008) by extension 'python_setup_py'
[0.590s] [34mcolcon.colcon_core.package_identification[0m [1;30mLevel 1[0m _identify(data/plant_views/plant_009) by extensions ['ignore', 'ignore_ament_install']
[0.590s] [34mcolcon.colcon_core.package_identification[0m [1;30mLevel 1[0m _identify(data/plant_views/plant_009) by extension 'ignore'
[0.590s] [34mcolcon.colcon_core.package_identification[0m [1;30mLevel 1[0m _identify(data/plant_views/plant_009) by extension 'ignore_ament_install'
[0.590s] [34mcolcon.colcon_core.package_identification[0m [1;30mLevel 1[0m _identify(data/plant_views/plant_009) by extensions ['colcon_pkg']
[0.590s] [34mcolcon.colcon_core.package_identification[0m [1;30mLevel 1[0m _identify(data/plant_views/plant_009) by extension 'colcon_pkg'
[0.590s] [34mcolcon.colcon_core.package_identification[0m [1;30mLevel 1[0m _identify(data/plant_views/plant_009) by extensions ['colcon_meta']
[0.590s] [34mcolcon.colcon_core.package_identification[0m [1;30mLevel 1[0m _identify(data/plant_views/plant_009) by extension 'colcon_meta'
[0.590s] [34mcolcon.colcon_core.package_identification[0m [1;30mLevel 1[0m _identify(data/plant_views/plant_009) by extensions ['ros']
[0.590s] [34mcolcon.colcon_core.package_identification[0m [1;30mLevel 1[0m _identify(data/plant_views/plant_009) by extension 'ros'
[0.590s] [34mcolcon.colcon_core.package_identification[0m [1;30mLevel 1[0m _identify(data/plant_views/plant_009) by extensions ['cmake', 'python']
[0.590s] [34mcolcon.colcon_core.package_identification[0m [1;30mLevel 1[0m _identify(data/plant_views/plant_009) by extension 'cmake'
[0.590s] [34mcolcon.colcon_core.package_identification[0m [1;30mLevel 1[0m _identify(data/plant_views/plant_009) by extension 'python'
[0.590s] [34mcolcon.colcon_core.package_identification[0m [1;30mLevel 1[0m _identify(data/plant_views/plant_009) by extensions ['python_setup_py']
[0.590s] [34mcolcon.colcon_core.package_identification[0m [1;30mLevel 1[0m _identify(data/plant_views/plant_009) by extension 'python_setup_py'
[0.591s] [34mcolcon.colcon_core.package_identification[0m [1;30mLevel 1[0m _identify(data/plant_views/plant_010) by extensions ['ignore', 'ignore_ament_install']
[0.591s] [34mcolcon.colcon_core.package_identification[0m [1;30mLevel 1[0m _identify(data/plant_views/plant_010) by extension 'ignore'
[0.591s] [34mcolcon.colcon_core.package_identification[0m [1;30mLevel 1[0m _identify(data/plant_views/plant_010) by extension 'ignore_ament_install'
[0.591s] [34mcolcon.colcon_core.package_identification[0m [1;30mLevel 1[0m _identify(data/plant_views/plant_010) by extensions ['colcon_pkg']
[0.591s] [34mcolcon.colcon_core.package_identification[0m [1;30mLevel 1[0m _identify(data/plant_views/plant_010) by extension 'colcon_pkg'
[0.592s] [34mcolcon.colcon_core.package_identification[0m [1;30mLevel 1[0m _identify(data/plant_views/plant_010) by extensions ['colcon_meta']
[0.592s] [34mcolcon.colcon_core.package_identification[0m [1;30mLevel 1[0m _identify(data/plant_views/plant_010) by extension 'colcon_meta'
[0.592s] [34mcolcon.colcon_core.package_identification[0m [1;30mLevel 1[0m _identify(data/plant_views/plant_010) by extensions ['ros']
[0.592s] [34mcolcon.colcon_core.package_identification[0m [1;30mLevel 1[0m _identify(data/plant_views/plant_010) by extension 'ros'
[0.592s] [34mcolcon.colcon_core.package_identification[0m [1;30mLevel 1[0m _identify(data/plant_views/plant_010) by extensions ['cmake', 'python']
[0.592s] [34mcolcon.colcon_core.package_identification[0m [1;30mLevel 1[0m _identify(data/plant_views/plant_010) by extension 'cmake'
[0.592s] [34mcolcon.colcon_core.package_identification[0m [1;30mLevel 1[0m _identify(data/plant_views/plant_010) by extension 'python'
[0.592s] [34mcolcon.colcon_core.package_identification[0m [1;30mLevel 1[0m _identify(data/plant_views/plant_010) by extensions ['python_setup_py']
[0.592s] [34mcolcon.colcon_core.package_identification[0m [1;30mLevel 1[0m _identify(data/plant_views/plant_010) by extension 'python_setup_py'
[0.593s] [34mcolcon.colcon_core.package_identification[0m [1;30mLevel 1[0m _identify(data/plant_views/plant_011) by extensions ['ignore', 'ignore_ament_install']
[0.593s] [34mcolcon.colcon_core.package_identification[0m [1;30mLevel 1[0m _identify(data/plant_views/plant_011) by extension 'ignore'
[0.593s] [34mcolcon.colcon_core.package_identification[0m [1;30mLevel 1[0m _identify(data/plant_views/plant_011) by extension 'ignore_ament_install'
[0.593s] [34mcolcon.colcon_core.package_identification[0m [1;30mLevel 1[0m _identify(data/plant_views/plant_011) by extensions ['colcon_pkg']
[0.593s] [34mcolcon.colcon_core.package_identification[0m [1;30mLevel 1[0m _identify(data/plant_views/plant_011) by extension 'colcon_pkg'
[0.593s] [34mcolcon.colcon_core.package_identification[0m [1;30mLevel 1[0m _identify(data/plant_views/plant_011) by extensions ['colcon_meta']
[0.593s] [34mcolcon.colcon_core.package_identification[0m [1;30mLevel 1[0m _identify(data/plant_views/plant_011) by extension 'colcon_meta'
[0.593s] [34mcolcon.colcon_core.package_identification[0m [1;30mLevel 1[0m _identify(data/plant_views/plant_011) by extensions ['ros']
[0.593s] [34mcolcon.colcon_core.package_identification[0m [1;30mLevel 1[0m _identify(data/plant_views/plant_011) by extension 'ros'
[0.593s] [34mcolcon.colcon_core.package_identification[0m [1;30mLevel 1[0m _identify(data/plant_views/plant_011) by extensions ['cmake', 'python']
[0.593s] [34mcolcon.colcon_core.package_identification[0m [1;30mLevel 1[0m _identify(data/plant_views/plant_011) by extension 'cmake'
[0.593s] [34mcolcon.colcon_core.package_identification[0m [1;30mLevel 1[0m _identify(data/plant_views/plant_011) by extension 'python'
[0.593s] [34mcolcon.colcon_core.package_identification[0m [1;30mLevel 1[0m _identify(data/plant_views/plant_011) by extensions ['python_setup_py']
[0.593s] [34mcolcon.colcon_core.package_identification[0m [1;30mLevel 1[0m _identify(data/plant_views/plant_011) by extension 'python_setup_py'
[0.593s] [34mcolcon.colcon_core.package_identification[0m [1;30mLevel 1[0m _identify(data/plant_views/plant_012) by extensions ['ignore', 'ignore_ament_install']
[0.593s] [34mcolcon.colcon_core.package_identification[0m [1;30mLevel 1[0m _identify(data/plant_views/plant_012) by extension 'ignore'
[0.593s] [34mcolcon.colcon_core.package_identification[0m [1;30mLevel 1[0m _identify(data/plant_views/plant_012) by extension 'ignore_ament_install'
[0.593s] [34mcolcon.colcon_core.package_identification[0m [1;30mLevel 1[0m _identify(data/plant_views/plant_012) by extensions ['colcon_pkg']
[0.594s] [34mcolcon.colcon_core.package_identification[0m [1;30mLevel 1[0m _identify(data/plant_views/plant_012) by extension 'colcon_pkg'
[0.594s] [34mcolcon.colcon_core.package_identification[0m [1;30mLevel 1[0m _identify(data/plant_views/plant_012) by extensions ['colcon_meta']
[0.594s] [34mcolcon.colcon_core.package_identification[0m [1;30mLevel 1[0m _identify(data/plant_views/plant_012) by extension 'colcon_meta'
[0.594s] [34mcolcon.colcon_core.package_identification[0m [1;30mLevel 1[0m _identify(data/plant_views/plant_012) by extensions ['ros']
[0.594s] [34mcolcon.colcon_core.package_identification[0m [1;30mLevel 1[0m _identify(data/plant_views/plant_012) by extension 'ros'
[0.594s] [34mcolcon.colcon_core.package_identification[0m [1;30mLevel 1[0m _identify(data/plant_views/plant_012) by extensions ['cmake', 'python']
[0.594s] [34mcolcon.colcon_core.package_identification[0m [1;30mLevel 1[0m _identify(data/plant_views/plant_012) by extension 'cmake'
[0.594s] [34mcolcon.colcon_core.package_identification[0m [1;30mLevel 1[0m _identify(data/plant_views/plant_012) by extension 'python'
[0.595s] [34mcolcon.colcon_core.package_identification[0m [1;30mLevel 1[0m _identify(data/plant_views/plant_012) by extensions ['python_setup_py']
[0.595s] [34mcolcon.colcon_core.package_identification[0m [1;30mLevel 1[0m _identify(data/plant_views/plant_012) by extension 'python_setup_py'
[0.595s] [34mcolcon.colcon_core.package_identification[0m [1;30mLevel 1[0m _identify(data/plant_views/plant_013) by extensions ['ignore', 'ignore_ament_install']
[0.595s] [34mcolcon.colcon_core.package_identification[0m [1;30mLevel 1[0m _identify(data/plant_views/plant_013) by extension 'ignore'
[0.595s] [34mcolcon.colcon_core.package_identification[0m [1;30mLevel 1[0m _identify(data/plant_views/plant_013) by extension 'ignore_ament_install'
[0.595s] [34mcolcon.colcon_core.package_identification[0m [1;30mLevel 1[0m _identify(data/plant_views/plant_013) by extensions ['colcon_pkg']
[0.595s] [34mcolcon.colcon_core.package_identification[0m [1;30mLevel 1[0m _identify(data/plant_views/plant_013) by extension 'colcon_pkg'
[0.595s] [34mcolcon.colcon_core.package_identification[0m [1;30mLevel 1[0m _identify(data/plant_views/plant_013) by extensions ['colcon_meta']
[0.595s] [34mcolcon.colcon_core.package_identification[0m [1;30mLevel 1[0m _identify(data/plant_views/plant_013) by extension 'colcon_meta'
[0.595s] [34mcolcon.colcon_core.package_identification[0m [1;30mLevel 1[0m _identify(data/plant_views/plant_013) by extensions ['ros']
[0.596s] [34mcolcon.colcon_core.package_identification[0m [1;30mLevel 1[0m _identify(data/plant_views/plant_013) by extension 'ros'
[0.596s] [34mcolcon.colcon_core.package_identification[0m [1;30mLevel 1[0m _identify(data/plant_views/plant_013) by extensions ['cmake', 'python']
[0.596s] [34mcolcon.colcon_core.package_identification[0m [1;30mLevel 1[0m _identify(data/plant_views/plant_013) by extension 'cmake'
[0.596s] [34mcolcon.colcon_core.package_identification[0m [1;30mLevel 1[0m _identify(data/plant_views/plant_013) by extension 'python'
[0.596s] [34mcolcon.colcon_core.package_identification[0m [1;30mLevel 1[0m _identify(data/plant_views/plant_013) by extensions ['python_setup_py']
[0.596s] [34mcolcon.colcon_core.package_identification[0m [1;30mLevel 1[0m _identify(data/plant_views/plant_013) by extension 'python_setup_py'
[0.597s] [34mcolcon.colcon_core.package_identification[0m [1;30mLevel 1[0m _identify(data/plant_views/plant_014) by extensions ['ignore', 'ignore_ament_install']
[0.597s] [34mcolcon.colcon_core.package_identification[0m [1;30mLevel 1[0m _identify(data/plant_views/plant_014) by extension 'ignore'
[0.597s] [34mcolcon.colcon_core.package_identification[0m [1;30mLevel 1[0m _identify(data/plant_views/plant_014) by extension 'ignore_ament_install'
[0.597s] [34mcolcon.colcon_core.package_identification[0m [1;30mLevel 1[0m _identify(data/plant_views/plant_014) by extensions ['colcon_pkg']
[0.597s] [34mcolcon.colcon_core.package_identification[0m [1;30mLevel 1[0m _identify(data/plant_views/plant_014) by extension 'colcon_pkg'
[0.597s] [34mcolcon.colcon_core.package_identification[0m [1;30mLevel 1[0m _identify(data/plant_views/plant_014) by extensions ['colcon_meta']
[0.597s] [34mcolcon.colcon_core.package_identification[0m [1;30mLevel 1[0m _identify(data/plant_views/plant_014) by extension 'colcon_meta'
[0.597s] [34mcolcon.colcon_core.package_identification[0m [1;30mLevel 1[0m _identify(data/plant_views/plant_014) by extensions ['ros']
[0.597s] [34mcolcon.colcon_core.package_identification[0m [1;30mLevel 1[0m _identify(data/plant_views/plant_014) by extension 'ros'
[0.597s] [34mcolcon.colcon_core.package_identification[0m [1;30mLevel 1[0m _identify(data/plant_views/plant_014) by extensions ['cmake', 'python']
[0.597s] [34mcolcon.colcon_core.package_identification[0m [1;30mLevel 1[0m _identify(data/plant_views/plant_014) by extension 'cmake'
[0.597s] [34mcolcon.colcon_core.package_identification[0m [1;30mLevel 1[0m _identify(data/plant_views/plant_014) by extension 'python'
[0.598s] [34mcolcon.colcon_core.package_identification[0m [1;30mLevel 1[0m _identify(data/plant_views/plant_014) by extensions ['python_setup_py']
[0.598s] [34mcolcon.colcon_core.package_identification[0m [1;30mLevel 1[0m _identify(data/plant_views/plant_014) by extension 'python_setup_py'
[0.598s] [34mcolcon.colcon_core.package_identification[0m [1;30mLevel 1[0m _identify(data/plant_views/plant_015) by extensions ['ignore', 'ignore_ament_install']
[0.598s] [34mcolcon.colcon_core.package_identification[0m [1;30mLevel 1[0m _identify(data/plant_views/plant_015) by extension 'ignore'
[0.598s] [34mcolcon.colcon_core.package_identification[0m [1;30mLevel 1[0m _identify(data/plant_views/plant_015) by extension 'ignore_ament_install'
[0.599s] [34mcolcon.colcon_core.package_identification[0m [1;30mLevel 1[0m _identify(data/plant_views/plant_015) by extensions ['colcon_pkg']
[0.599s] [34mcolcon.colcon_core.package_identification[0m [1;30mLevel 1[0m _identify(data/plant_views/plant_015) by extension 'colcon_pkg'
[0.599s] [34mcolcon.colcon_core.package_identification[0m [1;30mLevel 1[0m _identify(data/plant_views/plant_015) by extensions ['colcon_meta']
[0.599s] [34mcolcon.colcon_core.package_identification[0m [1;30mLevel 1[0m _identify(data/plant_views/plant_015) by extension 'colcon_meta'
[0.599s] [34mcolcon.colcon_core.package_identification[0m [1;30mLevel 1[0m _identify(data/plant_views/plant_015) by extensions ['ros']
[0.599s] [34mcolcon.colcon_core.package_identification[0m [1;30mLevel 1[0m _identify(data/plant_views/plant_015) by extension 'ros'
[0.599s] [34mcolcon.colcon_core.package_identification[0m [1;30mLevel 1[0m _identify(data/plant_views/plant_015) by extensions ['cmake', 'python']
[0.599s] [34mcolcon.colcon_core.package_identification[0m [1;30mLevel 1[0m _identify(data/plant_views/plant_015) by extension 'cmake'
[0.599s] [34mcolcon.colcon_core.package_identification[0m [1;30mLevel 1[0m _identify(data/plant_views/plant_015) by extension 'python'
[0.599s] [34mcolcon.colcon_core.package_identification[0m [1;30mLevel 1[0m _identify(data/plant_views/plant_015) by extensions ['python_setup_py']
[0.599s] [34mcolcon.colcon_core.package_identification[0m [1;30mLevel 1[0m _identify(data/plant_views/plant_015) by extension 'python_setup_py'
[0.599s] [34mcolcon.colcon_core.package_identification[0m [1;30mLevel 1[0m _identify(data/plant_views/plant_016) by extensions ['ignore', 'ignore_ament_install']
[0.599s] [34mcolcon.colcon_core.package_identification[0m [1;30mLevel 1[0m _identify(data/plant_views/plant_016) by extension 'ignore'
[0.599s] [34mcolcon.colcon_core.package_identification[0m [1;30mLevel 1[0m _identify(data/plant_views/plant_016) by extension 'ignore_ament_install'
[0.599s] [34mcolcon.colcon_core.package_identification[0m [1;30mLevel 1[0m _identify(data/plant_views/plant_016) by extensions ['colcon_pkg']
[0.600s] [34mcolcon.colcon_core.package_identification[0m [1;30mLevel 1[0m _identify(data/plant_views/plant_016) by extension 'colcon_pkg'
[0.600s] [34mcolcon.colcon_core.package_identification[0m [1;30mLevel 1[0m _identify(data/plant_views/plant_016) by extensions ['colcon_meta']
[0.600s] [34mcolcon.colcon_core.package_identification[0m [1;30mLevel 1[0m _identify(data/plant_views/plant_016) by extension 'colcon_meta'
[0.600s] [34mcolcon.colcon_core.package_identification[0m [1;30mLevel 1[0m _identify(data/plant_views/plant_016) by extensions ['ros']
[0.600s] [34mcolcon.colcon_core.package_identification[0m [1;30mLevel 1[0m _identify(data/plant_views/plant_016) by extension 'ros'
[0.600s] [34mcolcon.colcon_core.package_identification[0m [1;30mLevel 1[0m _identify(data/plant_views/plant_016) by extensions ['cmake', 'python']
[0.600s] [34mcolcon.colcon_core.package_identification[0m [1;30mLevel 1[0m _identify(data/plant_views/plant_016) by extension 'cmake'
[0.600s] [34mcolcon.colcon_core.package_identification[0m [1;30mLevel 1[0m _identify(data/plant_views/plant_016) by extension 'python'
[0.600s] [34mcolcon.colcon_core.package_identification[0m [1;30mLevel 1[0m _identify(data/plant_views/plant_016) by extensions ['python_setup_py']
[0.600s] [34mcolcon.colcon_core.package_identification[0m [1;30mLevel 1[0m _identify(data/plant_views/plant_016) by extension 'python_setup_py'
[0.600s] [34mcolcon.colcon_core.package_identification[0m [1;30mLevel 1[0m _identify(data/plant_views/plant_017) by extensions ['ignore', 'ignore_ament_install']
[0.600s] [34mcolcon.colcon_core.package_identification[0m [1;30mLevel 1[0m _identify(data/plant_views/plant_017) by extension 'ignore'
[0.600s] [34mcolcon.colcon_core.package_identification[0m [1;30mLevel 1[0m _identify(data/plant_views/plant_017) by extension 'ignore_ament_install'
[0.600s] [34mcolcon.colcon_core.package_identification[0m [1;30mLevel 1[0m _identify(data/plant_views/plant_017) by extensions ['colcon_pkg']
[0.600s] [34mcolcon.colcon_core.package_identification[0m [1;30mLevel 1[0m _identify(data/plant_views/plant_017) by extension 'colcon_pkg'
[0.600s] [34mcolcon.colcon_core.package_identification[0m [1;30mLevel 1[0m _identify(data/plant_views/plant_017) by extensions ['colcon_meta']
[0.601s] [34mcolcon.colcon_core.package_identification[0m [1;30mLevel 1[0m _identify(data/plant_views/plant_017) by extension 'colcon_meta'
[0.601s] [34mcolcon.colcon_core.package_identification[0m [1;30mLevel 1[0m _identify(data/plant_views/plant_017) by extensions ['ros']
[0.601s] [34mcolcon.colcon_core.package_identification[0m [1;30mLevel 1[0m _identify(data/plant_views/plant_017) by extension 'ros'
[0.601s] [34mcolcon.colcon_core.package_identification[0m [1;30mLevel 1[0m _identify(data/plant_views/plant_017) by extensions ['cmake', 'python']
[0.601s] [34mcolcon.colcon_core.package_identification[0m [1;30mLevel 1[0m _identify(data/plant_views/plant_017) by extension 'cmake'
[0.601s] [34mcolcon.colcon_core.package_identification[0m [1;30mLevel 1[0m _identify(data/plant_views/plant_017) by extension 'python'
[0.601s] [34mcolcon.colcon_core.package_identification[0m [1;30mLevel 1[0m _identify(data/plant_views/plant_017) by extensions ['python_setup_py']
[0.601s] [34mcolcon.colcon_core.package_identification[0m [1;30mLevel 1[0m _identify(data/plant_views/plant_017) by extension 'python_setup_py'
[0.601s] [34mcolcon.colcon_core.package_identification[0m [1;30mLevel 1[0m _identify(data/plant_views/plant_018) by extensions ['ignore', 'ignore_ament_install']
[0.601s] [34mcolcon.colcon_core.package_identification[0m [1;30mLevel 1[0m _identify(data/plant_views/plant_018) by extension 'ignore'
[0.601s] [34mcolcon.colcon_core.package_identification[0m [1;30mLevel 1[0m _identify(data/plant_views/plant_018) by extension 'ignore_ament_install'
[0.601s] [34mcolcon.colcon_core.package_identification[0m [1;30mLevel 1[0m _identify(data/plant_views/plant_018) by extensions ['colcon_pkg']
[0.601s] [34mcolcon.colcon_core.package_identification[0m [1;30mLevel 1[0m _identify(data/plant_views/plant_018) by extension 'colcon_pkg'
[0.601s] [34mcolcon.colcon_core.package_identification[0m [1;30mLevel 1[0m _identify(data/plant_views/plant_018) by extensions ['colcon_meta']
[0.602s] [34mcolcon.colcon_core.package_identification[0m [1;30mLevel 1[0m _identify(data/plant_views/plant_018) by extension 'colcon_meta'
[0.602s] [34mcolcon.colcon_core.package_identification[0m [1;30mLevel 1[0m _identify(data/plant_views/plant_018) by extensions ['ros']
[0.602s] [34mcolcon.colcon_core.package_identification[0m [1;30mLevel 1[0m _identify(data/plant_views/plant_018) by extension 'ros'
[0.602s] [34mcolcon.colcon_core.package_identification[0m [1;30mLevel 1[0m _identify(data/plant_views/plant_018) by extensions ['cmake', 'python']
[0.602s] [34mcolcon.colcon_core.package_identification[0m [1;30mLevel 1[0m _identify(data/plant_views/plant_018) by extension 'cmake'
[0.602s] [34mcolcon.colcon_core.package_identification[0m [1;30mLevel 1[0m _identify(data/plant_views/plant_018) by extension 'python'
[0.603s] [34mcolcon.colcon_core.package_identification[0m [1;30mLevel 1[0m _identify(data/plant_views/plant_018) by extensions ['python_setup_py']
[0.603s] [34mcolcon.colcon_core.package_identification[0m [1;30mLevel 1[0m _identify(data/plant_views/plant_018) by extension 'python_setup_py'
[0.603s] [34mcolcon.colcon_core.package_identification[0m [1;30mLevel 1[0m _identify(data/plant_views/plant_019) by extensions ['ignore', 'ignore_ament_install']
[0.603s] [34mcolcon.colcon_core.package_identification[0m [1;30mLevel 1[0m _identify(data/plant_views/plant_019) by extension 'ignore'
[0.603s] [34mcolcon.colcon_core.package_identification[0m [1;30mLevel 1[0m _identify(data/plant_views/plant_019) by extension 'ignore_ament_install'
[0.603s] [34mcolcon.colcon_core.package_identification[0m [1;30mLevel 1[0m _identify(data/plant_views/plant_019) by extensions ['colcon_pkg']
[0.603s] [34mcolcon.colcon_core.package_identification[0m [1;30mLevel 1[0m _identify(data/plant_views/plant_019) by extension 'colcon_pkg'
[0.603s] [34mcolcon.colcon_core.package_identification[0m [1;30mLevel 1[0m _identify(data/plant_views/plant_019) by extensions ['colcon_meta']
[0.603s] [34mcolcon.colcon_core.package_identification[0m [1;30mLevel 1[0m _identify(data/plant_views/plant_019) by extension 'colcon_meta'
[0.604s] [34mcolcon.colcon_core.package_identification[0m [1;30mLevel 1[0m _identify(data/plant_views/plant_019) by extensions ['ros']
[0.604s] [34mcolcon.colcon_core.package_identification[0m [1;30mLevel 1[0m _identify(data/plant_views/plant_019) by extension 'ros'
[0.604s] [34mcolcon.colcon_core.package_identification[0m [1;30mLevel 1[0m _identify(data/plant_views/plant_019) by extensions ['cmake', 'python']
[0.605s] [34mcolcon.colcon_core.package_identification[0m [1;30mLevel 1[0m _identify(data/plant_views/plant_019) by extension 'cmake'
[0.605s] [34mcolcon.colcon_core.package_identification[0m [1;30mLevel 1[0m _identify(data/plant_views/plant_019) by extension 'python'
[0.605s] [34mcolcon.colcon_core.package_identification[0m [1;30mLevel 1[0m _identify(data/plant_views/plant_019) by extensions ['python_setup_py']
[0.605s] [34mcolcon.colcon_core.package_identification[0m [1;30mLevel 1[0m _identify(data/plant_views/plant_019) by extension 'python_setup_py'
[0.605s] [34mcolcon.colcon_core.package_identification[0m [1;30mLevel 1[0m _identify(data/plant_views/plant_020) by extensions ['ignore', 'ignore_ament_install']
[0.606s] [34mcolcon.colcon_core.package_identification[0m [1;30mLevel 1[0m _identify(data/plant_views/plant_020) by extension 'ignore'
[0.606s] [34mcolcon.colcon_core.package_identification[0m [1;30mLevel 1[0m _identify(data/plant_views/plant_020) by extension 'ignore_ament_install'
[0.606s] [34mcolcon.colcon_core.package_identification[0m [1;30mLevel 1[0m _identify(data/plant_views/plant_020) by extensions ['colcon_pkg']
[0.606s] [34mcolcon.colcon_core.package_identification[0m [1;30mLevel 1[0m _identify(data/plant_views/plant_020) by extension 'colcon_pkg'
[0.606s] [34mcolcon.colcon_core.package_identification[0m [1;30mLevel 1[0m _identify(data/plant_views/plant_020) by extensions ['colcon_meta']
[0.606s] [34mcolcon.colcon_core.package_identification[0m [1;30mLevel 1[0m _identify(data/plant_views/plant_020) by extension 'colcon_meta'
[0.606s] [34mcolcon.colcon_core.package_identification[0m [1;30mLevel 1[0m _identify(data/plant_views/plant_020) by extensions ['ros']
[0.606s] [34mcolcon.colcon_core.package_identification[0m [1;30mLevel 1[0m _identify(data/plant_views/plant_020) by extension 'ros'
[0.607s] [34mcolcon.colcon_core.package_identification[0m [1;30mLevel 1[0m _identify(data/plant_views/plant_020) by extensions ['cmake', 'python']
[0.607s] [34mcolcon.colcon_core.package_identification[0m [1;30mLevel 1[0m _identify(data/plant_views/plant_020) by extension 'cmake'
[0.607s] [34mcolcon.colcon_core.package_identification[0m [1;30mLevel 1[0m _identify(data/plant_views/plant_020) by extension 'python'
[0.607s] [34mcolcon.colcon_core.package_identification[0m [1;30mLevel 1[0m _identify(data/plant_views/plant_020) by extensions ['python_setup_py']
[0.607s] [34mcolcon.colcon_core.package_identification[0m [1;30mLevel 1[0m _identify(data/plant_views/plant_020) by extension 'python_setup_py'
[0.607s] [34mcolcon.colcon_core.package_identification[0m [1;30mLevel 1[0m _identify(data/test_depth) by extensions ['ignore', 'ignore_ament_install']
[0.607s] [34mcolcon.colcon_core.package_identification[0m [1;30mLevel 1[0m _identify(data/test_depth) by extension 'ignore'
[0.607s] [34mcolcon.colcon_core.package_identification[0m [1;30mLevel 1[0m _identify(data/test_depth) by extension 'ignore_ament_install'
[0.607s] [34mcolcon.colcon_core.package_identification[0m [1;30mLevel 1[0m _identify(data/test_depth) by extensions ['colcon_pkg']
[0.607s] [34mcolcon.colcon_core.package_identification[0m [1;30mLevel 1[0m _identify(data/test_depth) by extension 'colcon_pkg'
[0.607s] [34mcolcon.colcon_core.package_identification[0m [1;30mLevel 1[0m _identify(data/test_depth) by extensions ['colcon_meta']
[0.607s] [34mcolcon.colcon_core.package_identification[0m [1;30mLevel 1[0m _identify(data/test_depth) by extension 'colcon_meta'
[0.607s] [34mcolcon.colcon_core.package_identification[0m [1;30mLevel 1[0m _identify(data/test_depth) by extensions ['ros']
[0.607s] [34mcolcon.colcon_core.package_identification[0m [1;30mLevel 1[0m _identify(data/test_depth) by extension 'ros'
[0.607s] [34mcolcon.colcon_core.package_identification[0m [1;30mLevel 1[0m _identify(data/test_depth) by extensions ['cmake', 'python']
[0.607s] [34mcolcon.colcon_core.package_identification[0m [1;30mLevel 1[0m _identify(data/test_depth) by extension 'cmake'
[0.607s] [34mcolcon.colcon_core.package_identification[0m [1;30mLevel 1[0m _identify(data/test_depth) by extension 'python'
[0.608s] [34mcolcon.colcon_core.package_identification[0m [1;30mLevel 1[0m _identify(data/test_depth) by extensions ['python_setup_py']
[0.608s] [34mcolcon.colcon_core.package_identification[0m [1;30mLevel 1[0m _identify(data/test_depth) by extension 'python_setup_py'
[0.608s] [34mcolcon.colcon_core.package_identification[0m [1;30mLevel 1[0m _identify(data/test_rgb) by extensions ['ignore', 'ignore_ament_install']
[0.608s] [34mcolcon.colcon_core.package_identification[0m [1;30mLevel 1[0m _identify(data/test_rgb) by extension 'ignore'
[0.608s] [34mcolcon.colcon_core.package_identification[0m [1;30mLevel 1[0m _identify(data/test_rgb) by extension 'ignore_ament_install'
[0.608s] [34mcolcon.colcon_core.package_identification[0m [1;30mLevel 1[0m _identify(data/test_rgb) by extensions ['colcon_pkg']
[0.608s] [34mcolcon.colcon_core.package_identification[0m [1;30mLevel 1[0m _identify(data/test_rgb) by extension 'colcon_pkg'
[0.608s] [34mcolcon.colcon_core.package_identification[0m [1;30mLevel 1[0m _identify(data/test_rgb) by extensions ['colcon_meta']
[0.608s] [34mcolcon.colcon_core.package_identification[0m [1;30mLevel 1[0m _identify(data/test_rgb) by extension 'colcon_meta'
[0.608s] [34mcolcon.colcon_core.package_identification[0m [1;30mLevel 1[0m _identify(data/test_rgb) by extensions ['ros']
[0.608s] [34mcolcon.colcon_core.package_identification[0m [1;30mLevel 1[0m _identify(data/test_rgb) by extension 'ros'
[0.608s] [34mcolcon.colcon_core.package_identification[0m [1;30mLevel 1[0m _identify(data/test_rgb) by extensions ['cmake', 'python']
[0.608s] [34mcolcon.colcon_core.package_identification[0m [1;30mLevel 1[0m _identify(data/test_rgb) by extension 'cmake'
[0.608s] [34mcolcon.colcon_core.package_identification[0m [1;30mLevel 1[0m _identify(data/test_rgb) by extension 'python'
[0.608s] [34mcolcon.colcon_core.package_identification[0m [1;30mLevel 1[0m _identify(data/test_rgb) by extensions ['python_setup_py']
[0.608s] [34mcolcon.colcon_core.package_identification[0m [1;30mLevel 1[0m _identify(data/test_rgb) by extension 'python_setup_py'
[0.608s] [34mcolcon.colcon_core.package_identification[0m [1;30mLevel 1[0m _identify(data/tools) by extensions ['ignore', 'ignore_ament_install']
[0.609s] [34mcolcon.colcon_core.package_identification[0m [1;30mLevel 1[0m _identify(data/tools) by extension 'ignore'
[0.609s] [34mcolcon.colcon_core.package_identification[0m [1;30mLevel 1[0m _identify(data/tools) by extension 'ignore_ament_install'
[0.609s] [34mcolcon.colcon_core.package_identification[0m [1;30mLevel 1[0m _identify(data/tools) by extensions ['colcon_pkg']
[0.609s] [34mcolcon.colcon_core.package_identification[0m [1;30mLevel 1[0m _identify(data/tools) by extension 'colcon_pkg'
[0.609s] [34mcolcon.colcon_core.package_identification[0m [1;30mLevel 1[0m _identify(data/tools) by extensions ['colcon_meta']
[0.609s] [34mcolcon.colcon_core.package_identification[0m [1;30mLevel 1[0m _identify(data/tools) by extension 'colcon_meta'
[0.609s] [34mcolcon.colcon_core.package_identification[0m [1;30mLevel 1[0m _identify(data/tools) by extensions ['ros']
[0.609s] [34mcolcon.colcon_core.package_identification[0m [1;30mLevel 1[0m _identify(data/tools) by extension 'ros'
[0.609s] [34mcolcon.colcon_core.package_identification[0m [1;30mLevel 1[0m _identify(data/tools) by extensions ['cmake', 'python']
[0.609s] [34mcolcon.colcon_core.package_identification[0m [1;30mLevel 1[0m _identify(data/tools) by extension 'cmake'
[0.609s] [34mcolcon.colcon_core.package_identification[0m [1;30mLevel 1[0m _identify(data/tools) by extension 'python'
[0.609s] [34mcolcon.colcon_core.package_identification[0m [1;30mLevel 1[0m _identify(data/tools) by extensions ['python_setup_py']
[0.609s] [34mcolcon.colcon_core.package_identification[0m [1;30mLevel 1[0m _identify(data/tools) by extension 'python_setup_py'
[0.609s] [34mcolcon.colcon_core.package_identification[0m [1;30mLevel 1[0m _identify(env) by extensions ['ignore', 'ignore_ament_install']
[0.609s] [34mcolcon.colcon_core.package_identification[0m [1;30mLevel 1[0m _identify(env) by extension 'ignore'
[0.610s] [34mcolcon.colcon_core.package_identification[0m [1;30mLevel 1[0m _identify(env) by extension 'ignore_ament_install'
[0.610s] [34mcolcon.colcon_core.package_identification[0m [1;30mLevel 1[0m _identify(env) by extensions ['colcon_pkg']
[0.610s] [34mcolcon.colcon_core.package_identification[0m [1;30mLevel 1[0m _identify(env) by extension 'colcon_pkg'
[0.610s] [34mcolcon.colcon_core.package_identification[0m [1;30mLevel 1[0m _identify(env) by extensions ['colcon_meta']
[0.610s] [34mcolcon.colcon_core.package_identification[0m [1;30mLevel 1[0m _identify(env) by extension 'colcon_meta'
[0.610s] [34mcolcon.colcon_core.package_identification[0m [1;30mLevel 1[0m _identify(env) by extensions ['ros']
[0.610s] [34mcolcon.colcon_core.package_identification[0m [1;30mLevel 1[0m _identify(env) by extension 'ros'
[0.610s] [34mcolcon.colcon_core.package_identification[0m [1;30mLevel 1[0m _identify(env) by extensions ['cmake', 'python']
[0.610s] [34mcolcon.colcon_core.package_identification[0m [1;30mLevel 1[0m _identify(env) by extension 'cmake'
[0.610s] [34mcolcon.colcon_core.package_identification[0m [1;30mLevel 1[0m _identify(env) by extension 'python'
[0.610s] [34mcolcon.colcon_core.package_identification[0m [1;30mLevel 1[0m _identify(env) by extensions ['python_setup_py']
[0.610s] [34mcolcon.colcon_core.package_identification[0m [1;30mLevel 1[0m _identify(env) by extension 'python_setup_py'
[0.611s] [34mcolcon.colcon_core.package_identification[0m [1;30mLevel 1[0m _identify(install) by extensions ['ignore', 'ignore_ament_install']
[0.611s] [34mcolcon.colcon_core.package_identification[0m [1;30mLevel 1[0m _identify(install) by extension 'ignore'
[0.611s] [34mcolcon.colcon_core.package_identification[0m [1;30mLevel 1[0m _identify(install) ignored
[0.611s] [34mcolcon.colcon_core.package_identification[0m [1;30mLevel 1[0m _identify(log) by extensions ['ignore', 'ignore_ament_install']
[0.611s] [34mcolcon.colcon_core.package_identification[0m [1;30mLevel 1[0m _identify(log) by extension 'ignore'
[0.611s] [34mcolcon.colcon_core.package_identification[0m [1;30mLevel 1[0m _identify(log) ignored
[0.611s] [34mcolcon.colcon_core.package_identification[0m [1;30mLevel 1[0m _identify(src) by extensions ['ignore', 'ignore_ament_install']
[0.611s] [34mcolcon.colcon_core.package_identification[0m [1;30mLevel 1[0m _identify(src) by extension 'ignore'
[0.612s] [34mcolcon.colcon_core.package_identification[0m [1;30mLevel 1[0m _identify(src) by extension 'ignore_ament_install'
[0.612s] [34mcolcon.colcon_core.package_identification[0m [1;30mLevel 1[0m _identify(src) by extensions ['colcon_pkg']
[0.612s] [34mcolcon.colcon_core.package_identification[0m [1;30mLevel 1[0m _identify(src) by extension 'colcon_pkg'
[0.612s] [34mcolcon.colcon_core.package_identification[0m [1;30mLevel 1[0m _identify(src) by extensions ['colcon_meta']
[0.612s] [34mcolcon.colcon_core.package_identification[0m [1;30mLevel 1[0m _identify(src) by extension 'colcon_meta'
[0.612s] [34mcolcon.colcon_core.package_identification[0m [1;30mLevel 1[0m _identify(src) by extensions ['ros']
[0.612s] [34mcolcon.colcon_core.package_identification[0m [1;30mLevel 1[0m _identify(src) by extension 'ros'
[0.612s] [34mcolcon.colcon_core.package_identification[0m [1;30mLevel 1[0m _identify(src) by extensions ['cmake', 'python']
[0.612s] [34mcolcon.colcon_core.package_identification[0m [1;30mLevel 1[0m _identify(src) by extension 'cmake'
[0.612s] [34mcolcon.colcon_core.package_identification[0m [1;30mLevel 1[0m _identify(src) by extension 'python'
[0.612s] [34mcolcon.colcon_core.package_identification[0m [1;30mLevel 1[0m _identify(src) by extensions ['python_setup_py']
[0.613s] [34mcolcon.colcon_core.package_identification[0m [1;30mLevel 1[0m _identify(src) by extension 'python_setup_py'
[0.613s] [34mcolcon.colcon_core.package_identification[0m [1;30mLevel 1[0m _identify(src/meca500_ros2) by extensions ['ignore', 'ignore_ament_install']
[0.613s] [34mcolcon.colcon_core.package_identification[0m [1;30mLevel 1[0m _identify(src/meca500_ros2) by extension 'ignore'
[0.613s] [34mcolcon.colcon_core.package_identification[0m [1;30mLevel 1[0m _identify(src/meca500_ros2) by extension 'ignore_ament_install'
[0.613s] [34mcolcon.colcon_core.package_identification[0m [1;30mLevel 1[0m _identify(src/meca500_ros2) by extensions ['colcon_pkg']
[0.613s] [34mcolcon.colcon_core.package_identification[0m [1;30mLevel 1[0m _identify(src/meca500_ros2) by extension 'colcon_pkg'
[0.613s] [34mcolcon.colcon_core.package_identification[0m [1;30mLevel 1[0m _identify(src/meca500_ros2) by extensions ['colcon_meta']
[0.613s] [34mcolcon.colcon_core.package_identification[0m [1;30mLevel 1[0m _identify(src/meca500_ros2) by extension 'colcon_meta'
[0.613s] [34mcolcon.colcon_core.package_identification[0m [1;30mLevel 1[0m _identify(src/meca500_ros2) by extensions ['ros']
[0.613s] [34mcolcon.colcon_core.package_identification[0m [1;30mLevel 1[0m _identify(src/meca500_ros2) by extension 'ros'
[0.622s] [34mcolcon.colcon_core.package_identification[0m [1;30mDEBUG[0m [32mPackage 'src/meca500_ros2' with type 'ros.ament_python' and name 'meca500_ros2'[0m
[0.622s] [34mcolcon.colcon_core.package_identification[0m [1;30mLevel 1[0m _identify(src/strawberry_bringup) by extensions ['ignore', 'ignore_ament_install']
[0.623s] [34mcolcon.colcon_core.package_identification[0m [1;30mLevel 1[0m _identify(src/strawberry_bringup) by extension 'ignore'
[0.623s] [34mcolcon.colcon_core.package_identification[0m [1;30mLevel 1[0m _identify(src/strawberry_bringup) by extension 'ignore_ament_install'
[0.623s] [34mcolcon.colcon_core.package_identification[0m [1;30mLevel 1[0m _identify(src/strawberry_bringup) by extensions ['colcon_pkg']
[0.623s] [34mcolcon.colcon_core.package_identification[0m [1;30mLevel 1[0m _identify(src/strawberry_bringup) by extension 'colcon_pkg'
[0.623s] [34mcolcon.colcon_core.package_identification[0m [1;30mLevel 1[0m _identify(src/strawberry_bringup) by extensions ['colcon_meta']
[0.623s] [34mcolcon.colcon_core.package_identification[0m [1;30mLevel 1[0m _identify(src/strawberry_bringup) by extension 'colcon_meta'
[0.623s] [34mcolcon.colcon_core.package_identification[0m [1;30mLevel 1[0m _identify(src/strawberry_bringup) by extensions ['ros']
[0.623s] [34mcolcon.colcon_core.package_identification[0m [1;30mLevel 1[0m _identify(src/strawberry_bringup) by extension 'ros'
[0.624s] [34mcolcon.colcon_core.package_identification[0m [1;30mDEBUG[0m [32mPackage 'src/strawberry_bringup' with type 'ros.ament_python' and name 'strawberry_bringup'[0m
[0.624s] [34mcolcon.colcon_core.package_identification[0m [1;30mLevel 1[0m _identify(src/strawberry_camera) by extensions ['ignore', 'ignore_ament_install']
[0.624s] [34mcolcon.colcon_core.package_identification[0m [1;30mLevel 1[0m _identify(src/strawberry_camera) by extension 'ignore'
[0.624s] [34mcolcon.colcon_core.package_identification[0m [1;30mLevel 1[0m _identify(src/strawberry_camera) by extension 'ignore_ament_install'
[0.624s] [34mcolcon.colcon_core.package_identification[0m [1;30mLevel 1[0m _identify(src/strawberry_camera) by extensions ['colcon_pkg']
[0.624s] [34mcolcon.colcon_core.package_identification[0m [1;30mLevel 1[0m _identify(src/strawberry_camera) by extension 'colcon_pkg'
[0.624s] [34mcolcon.colcon_core.package_identification[0m [1;30mLevel 1[0m _identify(src/strawberry_camera) by extensions ['colcon_meta']
[0.624s] [34mcolcon.colcon_core.package_identification[0m [1;30mLevel 1[0m _identify(src/strawberry_camera) by extension 'colcon_meta'
[0.624s] [34mcolcon.colcon_core.package_identification[0m [1;30mLevel 1[0m _identify(src/strawberry_camera) by extensions ['ros']
[0.624s] [34mcolcon.colcon_core.package_identification[0m [1;30mLevel 1[0m _identify(src/strawberry_camera) by extension 'ros'
[0.625s] [34mcolcon.colcon_core.package_identification[0m [1;30mDEBUG[0m [32mPackage 'src/strawberry_camera' with type 'ros.ament_python' and name 'strawberry_camera'[0m
[0.625s] [34mcolcon.colcon_core.package_identification[0m [1;30mLevel 1[0m _identify(src/strawberry_cluster) by extensions ['ignore', 'ignore_ament_install']
[0.625s] [34mcolcon.colcon_core.package_identification[0m [1;30mLevel 1[0m _identify(src/strawberry_cluster) by extension 'ignore'
[0.625s] [34mcolcon.colcon_core.package_identification[0m [1;30mLevel 1[0m _identify(src/strawberry_cluster) by extension 'ignore_ament_install'
[0.625s] [34mcolcon.colcon_core.package_identification[0m [1;30mLevel 1[0m _identify(src/strawberry_cluster) by extensions ['colcon_pkg']
[0.625s] [34mcolcon.colcon_core.package_identification[0m [1;30mLevel 1[0m _identify(src/strawberry_cluster) by extension 'colcon_pkg'
[0.626s] [34mcolcon.colcon_core.package_identification[0m [1;30mLevel 1[0m _identify(src/strawberry_cluster) by extensions ['colcon_meta']
[0.626s] [34mcolcon.colcon_core.package_identification[0m [1;30mLevel 1[0m _identify(src/strawberry_cluster) by extension 'colcon_meta'
[0.626s] [34mcolcon.colcon_core.package_identification[0m [1;30mLevel 1[0m _identify(src/strawberry_cluster) by extensions ['ros']
[0.626s] [34mcolcon.colcon_core.package_identification[0m [1;30mLevel 1[0m _identify(src/strawberry_cluster) by extension 'ros'
[0.626s] [34mcolcon.colcon_core.package_identification[0m [1;30mDEBUG[0m [32mPackage 'src/strawberry_cluster' with type 'ros.ament_python' and name 'strawberry_cluster'[0m
[0.627s] [34mcolcon.colcon_core.package_identification[0m [1;30mLevel 1[0m _identify(src/strawberry_msgs) by extensions ['ignore', 'ignore_ament_install']
[0.627s] [34mcolcon.colcon_core.package_identification[0m [1;30mLevel 1[0m _identify(src/strawberry_msgs) by extension 'ignore'
[0.628s] [34mcolcon.colcon_core.package_identification[0m [1;30mLevel 1[0m _identify(src/strawberry_msgs) by extension 'ignore_ament_install'
[0.628s] [34mcolcon.colcon_core.package_identification[0m [1;30mLevel 1[0m _identify(src/strawberry_msgs) by extensions ['colcon_pkg']
[0.628s] [34mcolcon.colcon_core.package_identification[0m [1;30mLevel 1[0m _identify(src/strawberry_msgs) by extension 'colcon_pkg'
[0.628s] [34mcolcon.colcon_core.package_identification[0m [1;30mLevel 1[0m _identify(src/strawberry_msgs) by extensions ['colcon_meta']
[0.628s] [34mcolcon.colcon_core.package_identification[0m [1;30mLevel 1[0m _identify(src/strawberry_msgs) by extension 'colcon_meta'
[0.628s] [34mcolcon.colcon_core.package_identification[0m [1;30mLevel 1[0m _identify(src/strawberry_msgs) by extensions ['ros']
[0.628s] [34mcolcon.colcon_core.package_identification[0m [1;30mLevel 1[0m _identify(src/strawberry_msgs) by extension 'ros'
[0.631s] [34mcolcon.colcon_core.package_identification[0m [1;30mDEBUG[0m [32mPackage 'src/strawberry_msgs' with type 'ros.ament_cmake' and name 'strawberry_msgs'[0m
[0.631s] [34mcolcon.colcon_core.package_identification[0m [1;30mLevel 1[0m _identify(src/strawberry_segmentation) by extensions ['ignore', 'ignore_ament_install']
[0.631s] [34mcolcon.colcon_core.package_identification[0m [1;30mLevel 1[0m _identify(src/strawberry_segmentation) by extension 'ignore'
[0.631s] [34mcolcon.colcon_core.package_identification[0m [1;30mLevel 1[0m _identify(src/strawberry_segmentation) by extension 'ignore_ament_install'
[0.632s] [34mcolcon.colcon_core.package_identification[0m [1;30mLevel 1[0m _identify(src/strawberry_segmentation) by extensions ['colcon_pkg']
[0.632s] [34mcolcon.colcon_core.package_identification[0m [1;30mLevel 1[0m _identify(src/strawberry_segmentation) by extension 'colcon_pkg'
[0.632s] [34mcolcon.colcon_core.package_identification[0m [1;30mLevel 1[0m _identify(src/strawberry_segmentation) by extensions ['colcon_meta']
[0.632s] [34mcolcon.colcon_core.package_identification[0m [1;30mLevel 1[0m _identify(src/strawberry_segmentation) by extension 'colcon_meta'
[0.632s] [34mcolcon.colcon_core.package_identification[0m [1;30mLevel 1[0m _identify(src/strawberry_segmentation) by extensions ['ros']
[0.632s] [34mcolcon.colcon_core.package_identification[0m [1;30mLevel 1[0m _identify(src/strawberry_segmentation) by extension 'ros'
[0.633s] [34mcolcon.colcon_core.package_identification[0m [1;30mDEBUG[0m [32mPackage 'src/strawberry_segmentation' with type 'ros.ament_python' and name 'strawberry_segmentation'[0m
[0.633s] [34mcolcon.colcon_core.package_discovery[0m [1;30mLevel 1[0m discover_packages(recursive) using defaults
[0.633s] [34mcolcon.colcon_core.package_discovery[0m [1;30mLevel 1[0m discover_packages(ignore) discover
[0.633s] [34mcolcon.colcon_core.package_discovery[0m [1;30mLevel 1[0m discover_packages(ignore) using defaults
[0.633s] [34mcolcon.colcon_core.package_discovery[0m [1;30mLevel 1[0m discover_packages(path) discover
[0.633s] [34mcolcon.colcon_core.package_discovery[0m [1;30mLevel 1[0m discover_packages(path) using defaults
[0.675s] [34mcolcon.colcon_core.package_discovery[0m [1;30mLevel 1[0m discover_packages(prefix_path) check parameters
[0.675s] [34mcolcon.colcon_core.package_discovery[0m [1;30mLevel 1[0m discover_packages(prefix_path) discover
[0.678s] [34mcolcon.colcon_installed_package_information.package_discovery[0m [1;30mDEBUG[0m [32mFound 6 installed packages in /home/parallels/Forschsemrep/strawberry_ws/install[0m
[0.680s] [34mcolcon.colcon_installed_package_information.package_discovery[0m [1;30mDEBUG[0m [32mFound 400 installed packages in /opt/ros/humble[0m
[0.683s] [34mcolcon.colcon_core.package_discovery[0m [1;30mLevel 1[0m discover_packages(prefix_path) using defaults
[0.759s] [34mcolcon.colcon_core.verb[0m [1;30mLevel 5[0m set package 'meca500_ros2' build argument 'cmake_args' from command line to 'None'
[0.759s] [34mcolcon.colcon_core.verb[0m [1;30mLevel 5[0m set package 'meca500_ros2' build argument 'cmake_target' from command line to 'None'
[0.759s] [34mcolcon.colcon_core.verb[0m [1;30mLevel 5[0m set package 'meca500_ros2' build argument 'cmake_target_skip_unavailable' from command line to 'False'
[0.760s] [34mcolcon.colcon_core.verb[0m [1;30mLevel 5[0m set package 'meca500_ros2' build argument 'cmake_clean_cache' from command line to 'False'
[0.760s] [34mcolcon.colcon_core.verb[0m [1;30mLevel 5[0m set package 'meca500_ros2' build argument 'cmake_clean_first' from command line to 'False'
[0.760s] [34mcolcon.colcon_core.verb[0m [1;30mLevel 5[0m set package 'meca500_ros2' build argument 'cmake_force_configure' from command line to 'False'
[0.760s] [34mcolcon.colcon_core.verb[0m [1;30mLevel 5[0m set package 'meca500_ros2' build argument 'ament_cmake_args' from command line to 'None'
[0.760s] [34mcolcon.colcon_core.verb[0m [1;30mLevel 5[0m set package 'meca500_ros2' build argument 'catkin_cmake_args' from command line to 'None'
[0.760s] [34mcolcon.colcon_core.verb[0m [1;30mLevel 5[0m set package 'meca500_ros2' build argument 'catkin_skip_building_tests' from command line to 'False'
[0.760s] [34mcolcon.colcon_core.verb[0m [1;30mDEBUG[0m [32mBuilding package 'meca500_ros2' with the following arguments: {'ament_cmake_args': None, 'build_base': '/home/parallels/Forschsemrep/strawberry_ws/build/meca500_ros2', 'catkin_cmake_args': None, 'catkin_skip_building_tests': False, 'cmake_args': None, 'cmake_clean_cache': False, 'cmake_clean_first': False, 'cmake_force_configure': False, 'cmake_target': None, 'cmake_target_skip_unavailable': False, 'install_base': '/home/parallels/Forschsemrep/strawberry_ws/install/meca500_ros2', 'merge_install': False, 'path': '/home/parallels/Forschsemrep/strawberry_ws/src/meca500_ros2', 'symlink_install': True, 'test_result_base': None}[0m
[0.760s] [34mcolcon.colcon_core.verb[0m [1;30mLevel 5[0m set package 'strawberry_camera' build argument 'cmake_args' from command line to 'None'
[0.760s] [34mcolcon.colcon_core.verb[0m [1;30mLevel 5[0m set package 'strawberry_camera' build argument 'cmake_target' from command line to 'None'
[0.760s] [34mcolcon.colcon_core.verb[0m [1;30mLevel 5[0m set package 'strawberry_camera' build argument 'cmake_target_skip_unavailable' from command line to 'False'
[0.761s] [34mcolcon.colcon_core.verb[0m [1;30mLevel 5[0m set package 'strawberry_camera' build argument 'cmake_clean_cache' from command line to 'False'
[0.761s] [34mcolcon.colcon_core.verb[0m [1;30mLevel 5[0m set package 'strawberry_camera' build argument 'cmake_clean_first' from command line to 'False'
[0.761s] [34mcolcon.colcon_core.verb[0m [1;30mLevel 5[0m set package 'strawberry_camera' build argument 'cmake_force_configure' from command line to 'False'
[0.761s] [34mcolcon.colcon_core.verb[0m [1;30mLevel 5[0m set package 'strawberry_camera' build argument 'ament_cmake_args' from command line to 'None'
[0.761s] [34mcolcon.colcon_core.verb[0m [1;30mLevel 5[0m set package 'strawberry_camera' build argument 'catkin_cmake_args' from command line to 'None'
[0.761s] [34mcolcon.colcon_core.verb[0m [1;30mLevel 5[0m set package 'strawberry_camera' build argument 'catkin_skip_building_tests' from command line to 'False'
[0.761s] [34mcolcon.colcon_core.verb[0m [1;30mDEBUG[0m [32mBuilding package 'strawberry_camera' with the following arguments: {'ament_cmake_args': None, 'build_base': '/home/parallels/Forschsemrep/strawberry_ws/build/strawberry_camera', 'catkin_cmake_args': None, 'catkin_skip_building_tests': False, 'cmake_args': None, 'cmake_clean_cache': False, 'cmake_clean_first': False, 'cmake_force_configure': False, 'cmake_target': None, 'cmake_target_skip_unavailable': False, 'install_base': '/home/parallels/Forschsemrep/strawberry_ws/install/strawberry_camera', 'merge_install': False, 'path': '/home/parallels/Forschsemrep/strawberry_ws/src/strawberry_camera', 'symlink_install': True, 'test_result_base': None}[0m
[0.761s] [34mcolcon.colcon_core.verb[0m [1;30mLevel 5[0m set package 'strawberry_cluster' build argument 'cmake_args' from command line to 'None'
[0.761s] [34mcolcon.colcon_core.verb[0m [1;30mLevel 5[0m set package 'strawberry_cluster' build argument 'cmake_target' from command line to 'None'
[0.761s] [34mcolcon.colcon_core.verb[0m [1;30mLevel 5[0m set package 'strawberry_cluster' build argument 'cmake_target_skip_unavailable' from command line to 'False'
[0.761s] [34mcolcon.colcon_core.verb[0m [1;30mLevel 5[0m set package 'strawberry_cluster' build argument 'cmake_clean_cache' from command line to 'False'
[0.761s] [34mcolcon.colcon_core.verb[0m [1;30mLevel 5[0m set package 'strawberry_cluster' build argument 'cmake_clean_first' from command line to 'False'
[0.761s] [34mcolcon.colcon_core.verb[0m [1;30mLevel 5[0m set package 'strawberry_cluster' build argument 'cmake_force_configure' from command line to 'False'
[0.761s] [34mcolcon.colcon_core.verb[0m [1;30mLevel 5[0m set package 'strawberry_cluster' build argument 'ament_cmake_args' from command line to 'None'
[0.761s] [34mcolcon.colcon_core.verb[0m [1;30mLevel 5[0m set package 'strawberry_cluster' build argument 'catkin_cmake_args' from command line to 'None'
[0.762s] [34mcolcon.colcon_core.verb[0m [1;30mLevel 5[0m set package 'strawberry_cluster' build argument 'catkin_skip_building_tests' from command line to 'False'
[0.762s] [34mcolcon.colcon_core.verb[0m [1;30mDEBUG[0m [32mBuilding package 'strawberry_cluster' with the following arguments: {'ament_cmake_args': None, 'build_base': '/home/parallels/Forschsemrep/strawberry_ws/build/strawberry_cluster', 'catkin_cmake_args': None, 'catkin_skip_building_tests': False, 'cmake_args': None, 'cmake_clean_cache': False, 'cmake_clean_first': False, 'cmake_force_configure': False, 'cmake_target': None, 'cmake_target_skip_unavailable': False, 'install_base': '/home/parallels/Forschsemrep/strawberry_ws/install/strawberry_cluster', 'merge_install': False, 'path': '/home/parallels/Forschsemrep/strawberry_ws/src/strawberry_cluster', 'symlink_install': True, 'test_result_base': None}[0m
[0.762s] [34mcolcon.colcon_core.verb[0m [1;30mLevel 5[0m set package 'strawberry_msgs' build argument 'cmake_args' from command line to 'None'
[0.762s] [34mcolcon.colcon_core.verb[0m [1;30mLevel 5[0m set package 'strawberry_msgs' build argument 'cmake_target' from command line to 'None'
[0.762s] [34mcolcon.colcon_core.verb[0m [1;30mLevel 5[0m set package 'strawberry_msgs' build argument 'cmake_target_skip_unavailable' from command line to 'False'
[0.762s] [34mcolcon.colcon_core.verb[0m [1;30mLevel 5[0m set package 'strawberry_msgs' build argument 'cmake_clean_cache' from command line to 'False'
[0.762s] [34mcolcon.colcon_core.verb[0m [1;30mLevel 5[0m set package 'strawberry_msgs' build argument 'cmake_clean_first' from command line to 'False'
[0.762s] [34mcolcon.colcon_core.verb[0m [1;30mLevel 5[0m set package 'strawberry_msgs' build argument 'cmake_force_configure' from command line to 'False'
[0.762s] [34mcolcon.colcon_core.verb[0m [1;30mLevel 5[0m set package 'strawberry_msgs' build argument 'ament_cmake_args' from command line to 'None'
[0.762s] [34mcolcon.colcon_core.verb[0m [1;30mLevel 5[0m set package 'strawberry_msgs' build argument 'catkin_cmake_args' from command line to 'None'
[0.762s] [34mcolcon.colcon_core.verb[0m [1;30mLevel 5[0m set package 'strawberry_msgs' build argument 'catkin_skip_building_tests' from command line to 'False'
[0.762s] [34mcolcon.colcon_core.verb[0m [1;30mDEBUG[0m [32mBuilding package 'strawberry_msgs' with the following arguments: {'ament_cmake_args': None, 'build_base': '/home/parallels/Forschsemrep/strawberry_ws/build/strawberry_msgs', 'catkin_cmake_args': None, 'catkin_skip_building_tests': False, 'cmake_args': None, 'cmake_clean_cache': False, 'cmake_clean_first': False, 'cmake_force_configure': False, 'cmake_target': None, 'cmake_target_skip_unavailable': False, 'install_base': '/home/parallels/Forschsemrep/strawberry_ws/install/strawberry_msgs', 'merge_install': False, 'path': '/home/parallels/Forschsemrep/strawberry_ws/src/strawberry_msgs', 'symlink_install': True, 'test_result_base': None}[0m
[0.763s] [34mcolcon.colcon_core.verb[0m [1;30mLevel 5[0m set package 'strawberry_segmentation' build argument 'cmake_args' from command line to 'None'
[0.763s] [34mcolcon.colcon_core.verb[0m [1;30mLevel 5[0m set package 'strawberry_segmentation' build argument 'cmake_target' from command line to 'None'
[0.763s] [34mcolcon.colcon_core.verb[0m [1;30mLevel 5[0m set package 'strawberry_segmentation' build argument 'cmake_target_skip_unavailable' from command line to 'False'
[0.763s] [34mcolcon.colcon_core.verb[0m [1;30mLevel 5[0m set package 'strawberry_segmentation' build argument 'cmake_clean_cache' from command line to 'False'
[0.763s] [34mcolcon.colcon_core.verb[0m [1;30mLevel 5[0m set package 'strawberry_segmentation' build argument 'cmake_clean_first' from command line to 'False'
[0.763s] [34mcolcon.colcon_core.verb[0m [1;30mLevel 5[0m set package 'strawberry_segmentation' build argument 'cmake_force_configure' from command line to 'False'
[0.763s] [34mcolcon.colcon_core.verb[0m [1;30mLevel 5[0m set package 'strawberry_segmentation' build argument 'ament_cmake_args' from command line to 'None'
[0.763s] [34mcolcon.colcon_core.verb[0m [1;30mLevel 5[0m set package 'strawberry_segmentation' build argument 'catkin_cmake_args' from command line to 'None'
[0.763s] [34mcolcon.colcon_core.verb[0m [1;30mLevel 5[0m set package 'strawberry_segmentation' build argument 'catkin_skip_building_tests' from command line to 'False'
[0.763s] [34mcolcon.colcon_core.verb[0m [1;30mDEBUG[0m [32mBuilding package 'strawberry_segmentation' with the following arguments: {'ament_cmake_args': None, 'build_base': '/home/parallels/Forschsemrep/strawberry_ws/build/strawberry_segmentation', 'catkin_cmake_args': None, 'catkin_skip_building_tests': False, 'cmake_args': None, 'cmake_clean_cache': False, 'cmake_clean_first': False, 'cmake_force_configure': False, 'cmake_target': None, 'cmake_target_skip_unavailable': False, 'install_base': '/home/parallels/Forschsemrep/strawberry_ws/install/strawberry_segmentation', 'merge_install': False, 'path': '/home/parallels/Forschsemrep/strawberry_ws/src/strawberry_segmentation', 'symlink_install': True, 'test_result_base': None}[0m
[0.764s] [34mcolcon.colcon_core.verb[0m [1;30mLevel 5[0m set package 'strawberry_bringup' build argument 'cmake_args' from command line to 'None'
[0.764s] [34mcolcon.colcon_core.verb[0m [1;30mLevel 5[0m set package 'strawberry_bringup' build argument 'cmake_target' from command line to 'None'
[0.764s] [34mcolcon.colcon_core.verb[0m [1;30mLevel 5[0m set package 'strawberry_bringup' build argument 'cmake_target_skip_unavailable' from command line to 'False'
[0.764s] [34mcolcon.colcon_core.verb[0m [1;30mLevel 5[0m set package 'strawberry_bringup' build argument 'cmake_clean_cache' from command line to 'False'
[0.764s] [34mcolcon.colcon_core.verb[0m [1;30mLevel 5[0m set package 'strawberry_bringup' build argument 'cmake_clean_first' from command line to 'False'
[0.764s] [34mcolcon.colcon_core.verb[0m [1;30mLevel 5[0m set package 'strawberry_bringup' build argument 'cmake_force_configure' from command line to 'False'
[0.764s] [34mcolcon.colcon_core.verb[0m [1;30mLevel 5[0m set package 'strawberry_bringup' build argument 'ament_cmake_args' from command line to 'None'
[0.764s] [34mcolcon.colcon_core.verb[0m [1;30mLevel 5[0m set package 'strawberry_bringup' build argument 'catkin_cmake_args' from command line to 'None'
[0.764s] [34mcolcon.colcon_core.verb[0m [1;30mLevel 5[0m set package 'strawberry_bringup' build argument 'catkin_skip_building_tests' from command line to 'False'
[0.764s] [34mcolcon.colcon_core.verb[0m [1;30mDEBUG[0m [32mBuilding package 'strawberry_bringup' with the following arguments: {'ament_cmake_args': None, 'build_base': '/home/parallels/Forschsemrep/strawberry_ws/build/strawberry_bringup', 'catkin_cmake_args': None, 'catkin_skip_building_tests': False, 'cmake_args': None, 'cmake_clean_cache': False, 'cmake_clean_first': False, 'cmake_force_configure': False, 'cmake_target': None, 'cmake_target_skip_unavailable': False, 'install_base': '/home/parallels/Forschsemrep/strawberry_ws/install/strawberry_bringup', 'merge_install': False, 'path': '/home/parallels/Forschsemrep/strawberry_ws/src/strawberry_bringup', 'symlink_install': True, 'test_result_base': None}[0m
[0.764s] [34mcolcon.colcon_core.executor[0m [1;30mINFO[0m Executing jobs using 'parallel' executor
[0.767s] [34mcolcon.colcon_parallel_executor.executor.parallel[0m [1;30mDEBUG[0m [32mrun_until_complete[0m
[0.768s] [34mcolcon.colcon_ros.task.ament_python.build[0m [1;30mINFO[0m Building ROS package in '/home/parallels/Forschsemrep/strawberry_ws/src/strawberry_camera' with build type 'ament_python'
[0.768s] [34mcolcon.colcon_core.shell[0m [1;30mLevel 1[0m create_environment_hook('strawberry_camera', 'ament_prefix_path')
[0.772s] [34mcolcon.colcon_core.plugin_system[0m [1;30mINFO[0m Skipping extension 'colcon_core.shell.bat': Not used on non-Windows systems
[0.773s] [34mcolcon.colcon_core.shell[0m [1;30mINFO[0m Creating environment hook '/home/parallels/Forschsemrep/strawberry_ws/install/strawberry_camera/share/strawberry_camera/hook/ament_prefix_path.ps1'
[0.774s] [34mcolcon.colcon_core.shell[0m [1;30mINFO[0m Creating environment descriptor '/home/parallels/Forschsemrep/strawberry_ws/install/strawberry_camera/share/strawberry_camera/hook/ament_prefix_path.dsv'
[0.775s] [34mcolcon.colcon_core.shell[0m [1;30mINFO[0m Creating environment hook '/home/parallels/Forschsemrep/strawberry_ws/install/strawberry_camera/share/strawberry_camera/hook/ament_prefix_path.sh'
[0.776s] [34mcolcon.colcon_core.shell[0m [1;30mINFO[0m Skip shell extension 'powershell' for command environment: Not usable outside of PowerShell
[0.776s] [34mcolcon.colcon_core.shell[0m [1;30mDEBUG[0m [32mSkip shell extension 'dsv' for command environment[0m
[0.781s] [34mcolcon.colcon_ros.task.ament_python.build[0m [1;30mINFO[0m Building ROS package in '/home/parallels/Forschsemrep/strawberry_ws/src/strawberry_cluster' with build type 'ament_python'
[0.781s] [34mcolcon.colcon_core.shell[0m [1;30mLevel 1[0m create_environment_hook('strawberry_cluster', 'ament_prefix_path')
[0.783s] [34mcolcon.colcon_core.shell[0m [1;30mINFO[0m Creating environment hook '/home/parallels/Forschsemrep/strawberry_ws/install/strawberry_cluster/share/strawberry_cluster/hook/ament_prefix_path.ps1'
[0.784s] [34mcolcon.colcon_core.shell[0m [1;30mINFO[0m Creating environment descriptor '/home/parallels/Forschsemrep/strawberry_ws/install/strawberry_cluster/share/strawberry_cluster/hook/ament_prefix_path.dsv'
[0.784s] [34mcolcon.colcon_core.shell[0m [1;30mINFO[0m Creating environment hook '/home/parallels/Forschsemrep/strawberry_ws/install/strawberry_cluster/share/strawberry_cluster/hook/ament_prefix_path.sh'
[0.785s] [34mcolcon.colcon_core.shell[0m [1;30mINFO[0m Skip shell extension 'powershell' for command environment: Not usable outside of PowerShell
[0.785s] [34mcolcon.colcon_core.shell[0m [1;30mDEBUG[0m [32mSkip shell extension 'dsv' for command environment[0m
[0.791s] [34mcolcon.colcon_ros.task.ament_cmake.build[0m [1;30mINFO[0m Building ROS package in '/home/parallels/Forschsemrep/strawberry_ws/src/strawberry_msgs' with build type 'ament_cmake'
[0.792s] [34mcolcon.colcon_cmake.task.cmake.build[0m [1;30mINFO[0m Building CMake package in '/home/parallels/Forschsemrep/strawberry_ws/src/strawberry_msgs'
[0.792s] [34mcolcon.colcon_core.shell[0m [1;30mINFO[0m Skip shell extension 'powershell' for command environment: Not usable outside of PowerShell
[0.792s] [34mcolcon.colcon_core.shell[0m [1;30mDEBUG[0m [32mSkip shell extension 'dsv' for command environment[0m
[0.798s] [34mcolcon.colcon_ros.task.ament_python.build[0m [1;30mINFO[0m Building ROS package in '/home/parallels/Forschsemrep/strawberry_ws/src/strawberry_segmentation' with build type 'ament_python'
[0.798s] [34mcolcon.colcon_core.shell[0m [1;30mLevel 1[0m create_environment_hook('strawberry_segmentation', 'ament_prefix_path')
[0.799s] [34mcolcon.colcon_core.shell[0m [1;30mINFO[0m Creating environment hook '/home/parallels/Forschsemrep/strawberry_ws/install/strawberry_segmentation/share/strawberry_segmentation/hook/ament_prefix_path.ps1'
[0.801s] [34mcolcon.colcon_core.shell[0m [1;30mINFO[0m Creating environment descriptor '/home/parallels/Forschsemrep/strawberry_ws/install/strawberry_segmentation/share/strawberry_segmentation/hook/ament_prefix_path.dsv'
[0.802s] [34mcolcon.colcon_core.shell[0m [1;30mINFO[0m Creating environment hook '/home/parallels/Forschsemrep/strawberry_ws/install/strawberry_segmentation/share/strawberry_segmentation/hook/ament_prefix_path.sh'
[0.803s] [34mcolcon.colcon_core.shell[0m [1;30mINFO[0m Skip shell extension 'powershell' for command environment: Not usable outside of PowerShell
[0.804s] [34mcolcon.colcon_core.shell[0m [1;30mDEBUG[0m [32mSkip shell extension 'dsv' for command environment[0m
[1.284s] [34mcolcon.colcon_core.task.python.build[0m [1;30mINFO[0m Building Python package in '/home/parallels/Forschsemrep/strawberry_ws/src/strawberry_camera'
[1.285s] [34mcolcon.colcon_core.shell[0m [1;30mINFO[0m Skip shell extension 'powershell' for command environment: Not usable outside of PowerShell
[1.285s] [34mcolcon.colcon_core.shell[0m [1;30mDEBUG[0m [32mSkip shell extension 'dsv' for command environment[0m
[1.677s] [34mcolcon.colcon_core.task.python.build[0m [1;30mINFO[0m Building Python package in '/home/parallels/Forschsemrep/strawberry_ws/src/strawberry_cluster'
[1.677s] [34mcolcon.colcon_core.shell[0m [1;30mINFO[0m Skip shell extension 'powershell' for command environment: Not usable outside of PowerShell
[1.677s] [34mcolcon.colcon_core.shell[0m [1;30mDEBUG[0m [32mSkip shell extension 'dsv' for command environment[0m
[1.692s] [34mcolcon.colcon_core.event_handler.log_command[0m [1;30mDEBUG[0m [32mInvoking command in '/home/parallels/Forschsemrep/strawberry_ws/build/strawberry_msgs': CMAKE_PREFIX_PATH=${CMAKE_PREFIX_PATH}:/home/parallels/Forschsemrep/strawberry_ws/install/strawberry_bringup:/home/parallels/Forschsemrep/strawberry_ws/install/strawberry_segmentation:/home/parallels/Forschsemrep/strawberry_ws/install/strawberry_cluster:/home/parallels/Forschsemrep/strawberry_ws/install/strawberry_camera:/home/parallels/Forschsemrep/strawberry_ws/install/meca500_ros2:/opt/ros/humble /usr/bin/cmake --build /home/parallels/Forschsemrep/strawberry_ws/build/strawberry_msgs -- -j4 -l4[0m
[2.162s] [34mcolcon.colcon_core.task.python.build[0m [1;30mINFO[0m Building Python package in '/home/parallels/Forschsemrep/strawberry_ws/src/strawberry_segmentation'
[2.162s] [34mcolcon.colcon_core.shell[0m [1;30mINFO[0m Skip shell extension 'powershell' for command environment: Not usable outside of PowerShell
[2.162s] [34mcolcon.colcon_core.shell[0m [1;30mDEBUG[0m [32mSkip shell extension 'dsv' for command environment[0m
[2.362s] [34mcolcon.colcon_core.event_handler.log_command[0m [1;30mDEBUG[0m [32mInvoked command in '/home/parallels/Forschsemrep/strawberry_ws/build/strawberry_msgs' returned '0': CMAKE_PREFIX_PATH=${CMAKE_PREFIX_PATH}:/home/parallels/Forschsemrep/strawberry_ws/install/strawberry_bringup:/home/parallels/Forschsemrep/strawberry_ws/install/strawberry_segmentation:/home/parallels/Forschsemrep/strawberry_ws/install/strawberry_cluster:/home/parallels/Forschsemrep/strawberry_ws/install/strawberry_camera:/home/parallels/Forschsemrep/strawberry_ws/install/meca500_ros2:/opt/ros/humble /usr/bin/cmake --build /home/parallels/Forschsemrep/strawberry_ws/build/strawberry_msgs -- -j4 -l4[0m
[2.377s] [34mcolcon.colcon_core.event_handler.log_command[0m [1;30mDEBUG[0m [32mInvoking command in '/home/parallels/Forschsemrep/strawberry_ws/build/strawberry_msgs': CMAKE_PREFIX_PATH=${CMAKE_PREFIX_PATH}:/home/parallels/Forschsemrep/strawberry_ws/install/strawberry_bringup:/home/parallels/Forschsemrep/strawberry_ws/install/strawberry_segmentation:/home/parallels/Forschsemrep/strawberry_ws/install/strawberry_cluster:/home/parallels/Forschsemrep/strawberry_ws/install/strawberry_camera:/home/parallels/Forschsemrep/strawberry_ws/install/meca500_ros2:/opt/ros/humble /usr/bin/cmake --install /home/parallels/Forschsemrep/strawberry_ws/build/strawberry_msgs[0m
[2.535s] [34mcolcon.colcon_core.environment[0m [1;30mLevel 1[0m create_environment_scripts_only(strawberry_msgs)
[2.538s] [34mcolcon.colcon_core.event_handler.log_command[0m [1;30mDEBUG[0m [32mInvoked command in '/home/parallels/Forschsemrep/strawberry_ws/build/strawberry_msgs' returned '0': CMAKE_PREFIX_PATH=${CMAKE_PREFIX_PATH}:/home/parallels/Forschsemrep/strawberry_ws/install/strawberry_bringup:/home/parallels/Forschsemrep/strawberry_ws/install/strawberry_segmentation:/home/parallels/Forschsemrep/strawberry_ws/install/strawberry_cluster:/home/parallels/Forschsemrep/strawberry_ws/install/strawberry_camera:/home/parallels/Forschsemrep/strawberry_ws/install/meca500_ros2:/opt/ros/humble /usr/bin/cmake --install /home/parallels/Forschsemrep/strawberry_ws/build/strawberry_msgs[0m
[2.541s] [34mcolcon.colcon_core.environment[0m [1;30mLevel 1[0m checking '/home/parallels/Forschsemrep/strawberry_ws/install/strawberry_msgs' for CMake module files
[2.541s] [34mcolcon.colcon_core.environment[0m [1;30mLevel 1[0m checking '/home/parallels/Forschsemrep/strawberry_ws/install/strawberry_msgs' for CMake config files
[2.550s] [34mcolcon.colcon_core.shell[0m [1;30mLevel 1[0m create_environment_hook('strawberry_msgs', 'cmake_prefix_path')
[2.550s] [34mcolcon.colcon_core.shell[0m [1;30mINFO[0m Creating environment hook '/home/parallels/Forschsemrep/strawberry_ws/install/strawberry_msgs/share/strawberry_msgs/hook/cmake_prefix_path.ps1'
[2.551s] [34mcolcon.colcon_core.shell[0m [1;30mINFO[0m Creating environment descriptor '/home/parallels/Forschsemrep/strawberry_ws/install/strawberry_msgs/share/strawberry_msgs/hook/cmake_prefix_path.dsv'
[2.551s] [34mcolcon.colcon_core.shell[0m [1;30mINFO[0m Creating environment hook '/home/parallels/Forschsemrep/strawberry_ws/install/strawberry_msgs/share/strawberry_msgs/hook/cmake_prefix_path.sh'
[2.556s] [34mcolcon.colcon_core.environment[0m [1;30mLevel 1[0m checking '/home/parallels/Forschsemrep/strawberry_ws/install/strawberry_msgs/lib'
[2.558s] [34mcolcon.colcon_core.shell[0m [1;30mLevel 1[0m create_environment_hook('strawberry_msgs', 'ld_library_path_lib')
[2.558s] [34mcolcon.colcon_core.shell[0m [1;30mINFO[0m Creating environment hook '/home/parallels/Forschsemrep/strawberry_ws/install/strawberry_msgs/share/strawberry_msgs/hook/ld_library_path_lib.ps1'
[2.559s] [34mcolcon.colcon_core.shell[0m [1;30mINFO[0m Creating environment descriptor '/home/parallels/Forschsemrep/strawberry_ws/install/strawberry_msgs/share/strawberry_msgs/hook/ld_library_path_lib.dsv'
[2.559s] [34mcolcon.colcon_core.shell[0m [1;30mINFO[0m Creating environment hook '/home/parallels/Forschsemrep/strawberry_ws/install/strawberry_msgs/share/strawberry_msgs/hook/ld_library_path_lib.sh'
[2.560s] [34mcolcon.colcon_core.environment[0m [1;30mLevel 1[0m checking '/home/parallels/Forschsemrep/strawberry_ws/install/strawberry_msgs/bin'
[2.560s] [34mcolcon.colcon_core.environment[0m [1;30mLevel 1[0m checking '/home/parallels/Forschsemrep/strawberry_ws/install/strawberry_msgs/lib/pkgconfig/strawberry_msgs.pc'
[2.560s] [34mcolcon.colcon_core.environment[0m [1;30mLevel 1[0m checking '/home/parallels/Forschsemrep/strawberry_ws/install/strawberry_msgs/lib/python3.10/site-packages'
[2.561s] [34mcolcon.colcon_core.environment[0m [1;30mLevel 1[0m checking '/home/parallels/Forschsemrep/strawberry_ws/install/strawberry_msgs/bin'
[2.561s] [34mcolcon.colcon_core.shell[0m [1;30mINFO[0m Creating package script '/home/parallels/Forschsemrep/strawberry_ws/install/strawberry_msgs/share/strawberry_msgs/package.ps1'
[2.563s] [34mcolcon.colcon_core.shell[0m [1;30mINFO[0m Creating package descriptor '/home/parallels/Forschsemrep/strawberry_ws/install/strawberry_msgs/share/strawberry_msgs/package.dsv'
[2.564s] [34mcolcon.colcon_core.shell[0m [1;30mINFO[0m Creating package script '/home/parallels/Forschsemrep/strawberry_ws/install/strawberry_msgs/share/strawberry_msgs/package.sh'
[2.570s] [34mcolcon.colcon_core.shell[0m [1;30mINFO[0m Creating package script '/home/parallels/Forschsemrep/strawberry_ws/install/strawberry_msgs/share/strawberry_msgs/package.bash'
[2.577s] [34mcolcon.colcon_core.shell[0m [1;30mINFO[0m Creating package script '/home/parallels/Forschsemrep/strawberry_ws/install/strawberry_msgs/share/strawberry_msgs/package.zsh'
[2.578s] [34mcolcon.colcon_core.environment[0m [1;30mLevel 1[0m create_file_with_runtime_dependencies(/home/parallels/Forschsemrep/strawberry_ws/install/strawberry_msgs/share/colcon-core/packages/strawberry_msgs)
[2.587s] [34mcolcon.colcon_core.environment[0m [1;30mLevel 1[0m create_environment_scripts_only(strawberry_msgs)
[2.587s] [34mcolcon.colcon_core.environment[0m [1;30mLevel 1[0m checking '/home/parallels/Forschsemrep/strawberry_ws/install/strawberry_msgs' for CMake module files
[2.588s] [34mcolcon.colcon_core.environment[0m [1;30mLevel 1[0m checking '/home/parallels/Forschsemrep/strawberry_ws/install/strawberry_msgs' for CMake config files
[2.588s] [34mcolcon.colcon_core.shell[0m [1;30mLevel 1[0m create_environment_hook('strawberry_msgs', 'cmake_prefix_path')
[2.589s] [34mcolcon.colcon_core.shell[0m [1;30mINFO[0m Creating environment hook '/home/parallels/Forschsemrep/strawberry_ws/install/strawberry_msgs/share/strawberry_msgs/hook/cmake_prefix_path.ps1'
[2.590s] [34mcolcon.colcon_core.shell[0m [1;30mINFO[0m Creating environment descriptor '/home/parallels/Forschsemrep/strawberry_ws/install/strawberry_msgs/share/strawberry_msgs/hook/cmake_prefix_path.dsv'
[2.591s] [34mcolcon.colcon_core.shell[0m [1;30mINFO[0m Creating environment hook '/home/parallels/Forschsemrep/strawberry_ws/install/strawberry_msgs/share/strawberry_msgs/hook/cmake_prefix_path.sh'
[2.597s] [34mcolcon.colcon_core.environment[0m [1;30mLevel 1[0m checking '/home/parallels/Forschsemrep/strawberry_ws/install/strawberry_msgs/lib'
[2.598s] [34mcolcon.colcon_core.shell[0m [1;30mLevel 1[0m create_environment_hook('strawberry_msgs', 'ld_library_path_lib')
[2.598s] [34mcolcon.colcon_core.shell[0m [1;30mINFO[0m Creating environment hook '/home/parallels/Forschsemrep/strawberry_ws/install/strawberry_msgs/share/strawberry_msgs/hook/ld_library_path_lib.ps1'
[2.602s] [34mcolcon.colcon_core.shell[0m [1;30mINFO[0m Creating environment descriptor '/home/parallels/Forschsemrep/strawberry_ws/install/strawberry_msgs/share/strawberry_msgs/hook/ld_library_path_lib.dsv'
[2.603s] [34mcolcon.colcon_core.shell[0m [1;30mINFO[0m Creating environment hook '/home/parallels/Forschsemrep/strawberry_ws/install/strawberry_msgs/share/strawberry_msgs/hook/ld_library_path_lib.sh'
[2.604s] [34mcolcon.colcon_core.environment[0m [1;30mLevel 1[0m checking '/home/parallels/Forschsemrep/strawberry_ws/install/strawberry_msgs/bin'
[2.604s] [34mcolcon.colcon_core.environment[0m [1;30mLevel 1[0m checking '/home/parallels/Forschsemrep/strawberry_ws/install/strawberry_msgs/lib/pkgconfig/strawberry_msgs.pc'
[2.604s] [34mcolcon.colcon_core.environment[0m [1;30mLevel 1[0m checking '/home/parallels/Forschsemrep/strawberry_ws/install/strawberry_msgs/lib/python3.10/site-packages'
[2.604s] [34mcolcon.colcon_core.environment[0m [1;30mLevel 1[0m checking '/home/parallels/Forschsemrep/strawberry_ws/install/strawberry_msgs/bin'
[2.608s] [34mcolcon.colcon_core.shell[0m [1;30mINFO[0m Creating package script '/home/parallels/Forschsemrep/strawberry_ws/install/strawberry_msgs/share/strawberry_msgs/package.ps1'
[2.612s] [34mcolcon.colcon_core.shell[0m [1;30mINFO[0m Creating package descriptor '/home/parallels/Forschsemrep/strawberry_ws/install/strawberry_msgs/share/strawberry_msgs/package.dsv'
[2.613s] [34mcolcon.colcon_core.shell[0m [1;30mINFO[0m Creating package script '/home/parallels/Forschsemrep/strawberry_ws/install/strawberry_msgs/share/strawberry_msgs/package.sh'
[2.615s] [34mcolcon.colcon_core.shell[0m [1;30mINFO[0m Creating package script '/home/parallels/Forschsemrep/strawberry_ws/install/strawberry_msgs/share/strawberry_msgs/package.bash'
[2.616s] [34mcolcon.colcon_core.shell[0m [1;30mINFO[0m Creating package script '/home/parallels/Forschsemrep/strawberry_ws/install/strawberry_msgs/share/strawberry_msgs/package.zsh'
[2.617s] [34mcolcon.colcon_core.environment[0m [1;30mLevel 1[0m create_file_with_runtime_dependencies(/home/parallels/Forschsemrep/strawberry_ws/install/strawberry_msgs/share/colcon-core/packages/strawberry_msgs)
[2.625s] [34mcolcon.colcon_ros.task.ament_python.build[0m [1;30mINFO[0m Building ROS package in '/home/parallels/Forschsemrep/strawberry_ws/src/meca500_ros2' with build type 'ament_python'
[2.626s] [34mcolcon.colcon_core.shell[0m [1;30mLevel 1[0m create_environment_hook('meca500_ros2', 'ament_prefix_path')
[2.627s] [34mcolcon.colcon_core.shell[0m [1;30mINFO[0m Creating environment hook '/home/parallels/Forschsemrep/strawberry_ws/install/meca500_ros2/share/meca500_ros2/hook/ament_prefix_path.ps1'
[2.630s] [34mcolcon.colcon_core.shell[0m [1;30mINFO[0m Creating environment descriptor '/home/parallels/Forschsemrep/strawberry_ws/install/meca500_ros2/share/meca500_ros2/hook/ament_prefix_path.dsv'
[2.631s] [34mcolcon.colcon_core.shell[0m [1;30mINFO[0m Creating environment hook '/home/parallels/Forschsemrep/strawberry_ws/install/meca500_ros2/share/meca500_ros2/hook/ament_prefix_path.sh'
[2.637s] [34mcolcon.colcon_core.shell[0m [1;30mINFO[0m Skip shell extension 'powershell' for command environment: Not usable outside of PowerShell
[2.637s] [34mcolcon.colcon_core.shell[0m [1;30mDEBUG[0m [32mSkip shell extension 'dsv' for command environment[0m
[3.285s] [34mcolcon.colcon_core.task.python.build[0m [1;30mINFO[0m Building Python package in '/home/parallels/Forschsemrep/strawberry_ws/src/meca500_ros2'
[3.286s] [34mcolcon.colcon_core.shell[0m [1;30mINFO[0m Skip shell extension 'powershell' for command environment: Not usable outside of PowerShell
[3.286s] [34mcolcon.colcon_core.shell[0m [1;30mDEBUG[0m [32mSkip shell extension 'dsv' for command environment[0m
[3.307s] [34mcolcon.colcon_core.event_handler.log_command[0m [1;30mDEBUG[0m [32mInvoking command in '/home/parallels/Forschsemrep/strawberry_ws/build/strawberry_segmentation': PYTHONPATH=/home/parallels/Forschsemrep/strawberry_ws/build/strawberry_segmentation/prefix_override:/usr/lib/python3/dist-packages/colcon_core/task/python/colcon_distutils_commands:/home/parallels/Forschsemrep/strawberry_ws/install/strawberry_segmentation/lib/python3.10/site-packages:${PYTHONPATH} /usr/bin/python3 -W ignore:setup.py install is deprecated -W ignore:easy_install command is deprecated setup.py develop --editable --build-directory /home/parallels/Forschsemrep/strawberry_ws/build/strawberry_segmentation/build --no-deps symlink_data[0m
[3.308s] [34mcolcon.colcon_core.event_handler.log_command[0m [1;30mDEBUG[0m [32mInvoking command in '/home/parallels/Forschsemrep/strawberry_ws/build/strawberry_camera': PYTHONPATH=/home/parallels/Forschsemrep/strawberry_ws/build/strawberry_camera/prefix_override:/usr/lib/python3/dist-packages/colcon_core/task/python/colcon_distutils_commands:/home/parallels/Forschsemrep/strawberry_ws/install/strawberry_camera/lib/python3.10/site-packages:${PYTHONPATH} /usr/bin/python3 -W ignore:setup.py install is deprecated -W ignore:easy_install command is deprecated setup.py develop --editable --build-directory /home/parallels/Forschsemrep/strawberry_ws/build/strawberry_camera/build --no-deps symlink_data[0m
[3.318s] [34mcolcon.colcon_core.event_handler.log_command[0m [1;30mDEBUG[0m [32mInvoking command in '/home/parallels/Forschsemrep/strawberry_ws/build/strawberry_cluster': PYTHONPATH=/home/parallels/Forschsemrep/strawberry_ws/build/strawberry_cluster/prefix_override:/usr/lib/python3/dist-packages/colcon_core/task/python/colcon_distutils_commands:/home/parallels/Forschsemrep/strawberry_ws/install/strawberry_cluster/lib/python3.10/site-packages:${PYTHONPATH} /usr/bin/python3 -W ignore:setup.py install is deprecated -W ignore:easy_install command is deprecated setup.py develop --editable --build-directory /home/parallels/Forschsemrep/strawberry_ws/build/strawberry_cluster/build --no-deps symlink_data[0m
[4.401s] [34mcolcon.colcon_core.event_handler.log_command[0m [1;30mDEBUG[0m [32mInvoking command in '/home/parallels/Forschsemrep/strawberry_ws/build/meca500_ros2': PYTHONPATH=/home/parallels/Forschsemrep/strawberry_ws/build/meca500_ros2/prefix_override:/usr/lib/python3/dist-packages/colcon_core/task/python/colcon_distutils_commands:/home/parallels/Forschsemrep/strawberry_ws/install/meca500_ros2/lib/python3.10/site-packages:${PYTHONPATH} /usr/bin/python3 -W ignore:setup.py install is deprecated -W ignore:easy_install command is deprecated setup.py develop --editable --build-directory /home/parallels/Forschsemrep/strawberry_ws/build/meca500_ros2/build --no-deps symlink_data[0m
[5.210s] [34mcolcon.colcon_core.shell[0m [1;30mLevel 1[0m create_environment_hook('strawberry_camera', 'pythonpath_develop')
[5.211s] [34mcolcon.colcon_core.shell[0m [1;30mINFO[0m Creating environment hook '/home/parallels/Forschsemrep/strawberry_ws/build/strawberry_camera/share/strawberry_camera/hook/pythonpath_develop.ps1'
[5.211s] [34mcolcon.colcon_core.shell[0m [1;30mINFO[0m Creating environment descriptor '/home/parallels/Forschsemrep/strawberry_ws/build/strawberry_camera/share/strawberry_camera/hook/pythonpath_develop.dsv'
[5.212s] [34mcolcon.colcon_core.event_handler.log_command[0m [1;30mDEBUG[0m [32mInvoked command in '/home/parallels/Forschsemrep/strawberry_ws/build/strawberry_camera' returned '0': PYTHONPATH=/home/parallels/Forschsemrep/strawberry_ws/build/strawberry_camera/prefix_override:/usr/lib/python3/dist-packages/colcon_core/task/python/colcon_distutils_commands:/home/parallels/Forschsemrep/strawberry_ws/install/strawberry_camera/lib/python3.10/site-packages:${PYTHONPATH} /usr/bin/python3 -W ignore:setup.py install is deprecated -W ignore:easy_install command is deprecated setup.py develop --editable --build-directory /home/parallels/Forschsemrep/strawberry_ws/build/strawberry_camera/build --no-deps symlink_data[0m
[5.213s] [34mcolcon.colcon_core.shell[0m [1;30mINFO[0m Creating environment hook '/home/parallels/Forschsemrep/strawberry_ws/build/strawberry_camera/share/strawberry_camera/hook/pythonpath_develop.sh'
[5.215s] [34mcolcon.colcon_core.environment[0m [1;30mLevel 1[0m checking '/home/parallels/Forschsemrep/strawberry_ws/install/strawberry_camera' for CMake module files
[5.215s] [34mcolcon.colcon_core.environment[0m [1;30mLevel 1[0m checking '/home/parallels/Forschsemrep/strawberry_ws/install/strawberry_camera' for CMake config files
[5.224s] [34mcolcon.colcon_core.environment[0m [1;30mLevel 1[0m checking '/home/parallels/Forschsemrep/strawberry_ws/install/strawberry_camera/lib'
[5.226s] [34mcolcon.colcon_core.environment[0m [1;30mLevel 1[0m checking '/home/parallels/Forschsemrep/strawberry_ws/install/strawberry_camera/bin'
[5.226s] [34mcolcon.colcon_core.environment[0m [1;30mLevel 1[0m checking '/home/parallels/Forschsemrep/strawberry_ws/install/strawberry_camera/lib/pkgconfig/strawberry_camera.pc'
[5.227s] [34mcolcon.colcon_core.environment[0m [1;30mLevel 1[0m checking '/home/parallels/Forschsemrep/strawberry_ws/install/strawberry_camera/lib/python3.10/site-packages'
[5.228s] [34mcolcon.colcon_core.shell[0m [1;30mLevel 1[0m create_environment_hook('strawberry_camera', 'pythonpath')
[5.228s] [34mcolcon.colcon_core.shell[0m [1;30mINFO[0m Creating environment hook '/home/parallels/Forschsemrep/strawberry_ws/install/strawberry_camera/share/strawberry_camera/hook/pythonpath.ps1'
[5.230s] [34mcolcon.colcon_core.shell[0m [1;30mINFO[0m Creating environment descriptor '/home/parallels/Forschsemrep/strawberry_ws/install/strawberry_camera/share/strawberry_camera/hook/pythonpath.dsv'
[5.231s] [34mcolcon.colcon_core.shell[0m [1;30mINFO[0m Creating environment hook '/home/parallels/Forschsemrep/strawberry_ws/install/strawberry_camera/share/strawberry_camera/hook/pythonpath.sh'
[5.233s] [34mcolcon.colcon_core.environment[0m [1;30mLevel 1[0m checking '/home/parallels/Forschsemrep/strawberry_ws/install/strawberry_camera/bin'
[5.233s] [34mcolcon.colcon_core.environment[0m [1;30mLevel 1[0m create_environment_scripts_only(strawberry_camera)
[5.234s] [34mcolcon.colcon_core.shell[0m [1;30mINFO[0m Creating package script '/home/parallels/Forschsemrep/strawberry_ws/install/strawberry_camera/share/strawberry_camera/package.ps1'
[5.242s] [34mcolcon.colcon_core.shell[0m [1;30mINFO[0m Creating package descriptor '/home/parallels/Forschsemrep/strawberry_ws/install/strawberry_camera/share/strawberry_camera/package.dsv'
[5.243s] [34mcolcon.colcon_core.shell[0m [1;30mINFO[0m Creating package script '/home/parallels/Forschsemrep/strawberry_ws/install/strawberry_camera/share/strawberry_camera/package.sh'
[5.246s] [34mcolcon.colcon_core.shell[0m [1;30mINFO[0m Creating package script '/home/parallels/Forschsemrep/strawberry_ws/install/strawberry_camera/share/strawberry_camera/package.bash'
[5.247s] [34mcolcon.colcon_core.shell[0m [1;30mINFO[0m Creating package script '/home/parallels/Forschsemrep/strawberry_ws/install/strawberry_camera/share/strawberry_camera/package.zsh'
[5.249s] [34mcolcon.colcon_core.environment[0m [1;30mLevel 1[0m create_file_with_runtime_dependencies(/home/parallels/Forschsemrep/strawberry_ws/install/strawberry_camera/share/colcon-core/packages/strawberry_camera)
[5.252s] [34mcolcon.colcon_core.shell[0m [1;30mLevel 1[0m create_environment_hook('strawberry_cluster', 'pythonpath_develop')
[5.253s] [34mcolcon.colcon_core.shell[0m [1;30mINFO[0m Creating environment hook '/home/parallels/Forschsemrep/strawberry_ws/build/strawberry_cluster/share/strawberry_cluster/hook/pythonpath_develop.ps1'
[5.256s] [34mcolcon.colcon_core.event_handler.log_command[0m [1;30mDEBUG[0m [32mInvoked command in '/home/parallels/Forschsemrep/strawberry_ws/build/strawberry_cluster' returned '0': PYTHONPATH=/home/parallels/Forschsemrep/strawberry_ws/build/strawberry_cluster/prefix_override:/usr/lib/python3/dist-packages/colcon_core/task/python/colcon_distutils_commands:/home/parallels/Forschsemrep/strawberry_ws/install/strawberry_cluster/lib/python3.10/site-packages:${PYTHONPATH} /usr/bin/python3 -W ignore:setup.py install is deprecated -W ignore:easy_install command is deprecated setup.py develop --editable --build-directory /home/parallels/Forschsemrep/strawberry_ws/build/strawberry_cluster/build --no-deps symlink_data[0m
[5.257s] [34mcolcon.colcon_core.shell[0m [1;30mINFO[0m Creating environment descriptor '/home/parallels/Forschsemrep/strawberry_ws/build/strawberry_cluster/share/strawberry_cluster/hook/pythonpath_develop.dsv'
[5.259s] [34mcolcon.colcon_core.shell[0m [1;30mINFO[0m Creating environment hook '/home/parallels/Forschsemrep/strawberry_ws/build/strawberry_cluster/share/strawberry_cluster/hook/pythonpath_develop.sh'
[5.265s] [34mcolcon.colcon_core.environment[0m [1;30mLevel 1[0m checking '/home/parallels/Forschsemrep/strawberry_ws/install/strawberry_cluster' for CMake module files
[5.265s] [34mcolcon.colcon_core.environment[0m [1;30mLevel 1[0m checking '/home/parallels/Forschsemrep/strawberry_ws/install/strawberry_cluster' for CMake config files
[5.266s] [34mcolcon.colcon_core.environment[0m [1;30mLevel 1[0m checking '/home/parallels/Forschsemrep/strawberry_ws/install/strawberry_cluster/lib'
[5.266s] [34mcolcon.colcon_core.environment[0m [1;30mLevel 1[0m checking '/home/parallels/Forschsemrep/strawberry_ws/install/strawberry_cluster/bin'
[5.266s] [34mcolcon.colcon_core.environment[0m [1;30mLevel 1[0m checking '/home/parallels/Forschsemrep/strawberry_ws/install/strawberry_cluster/lib/pkgconfig/strawberry_cluster.pc'
[5.266s] [34mcolcon.colcon_core.environment[0m [1;30mLevel 1[0m checking '/home/parallels/Forschsemrep/strawberry_ws/install/strawberry_cluster/lib/python3.10/site-packages'
[5.266s] [34mcolcon.colcon_core.shell[0m [1;30mLevel 1[0m create_environment_hook('strawberry_cluster', 'pythonpath')
[5.267s] [34mcolcon.colcon_core.shell[0m [1;30mINFO[0m Creating environment hook '/home/parallels/Forschsemrep/strawberry_ws/install/strawberry_cluster/share/strawberry_cluster/hook/pythonpath.ps1'
[5.267s] [34mcolcon.colcon_core.shell[0m [1;30mINFO[0m Creating environment descriptor '/home/parallels/Forschsemrep/strawberry_ws/install/strawberry_cluster/share/strawberry_cluster/hook/pythonpath.dsv'
[5.271s] [34mcolcon.colcon_core.shell[0m [1;30mINFO[0m Creating environment hook '/home/parallels/Forschsemrep/strawberry_ws/install/strawberry_cluster/share/strawberry_cluster/hook/pythonpath.sh'
[5.277s] [34mcolcon.colcon_core.environment[0m [1;30mLevel 1[0m checking '/home/parallels/Forschsemrep/strawberry_ws/install/strawberry_cluster/bin'
[5.277s] [34mcolcon.colcon_core.environment[0m [1;30mLevel 1[0m create_environment_scripts_only(strawberry_cluster)
[5.278s] [34mcolcon.colcon_core.shell[0m [1;30mINFO[0m Creating package script '/home/parallels/Forschsemrep/strawberry_ws/install/strawberry_cluster/share/strawberry_cluster/package.ps1'
[5.280s] [34mcolcon.colcon_core.shell[0m [1;30mINFO[0m Creating package descriptor '/home/parallels/Forschsemrep/strawberry_ws/install/strawberry_cluster/share/strawberry_cluster/package.dsv'
[5.281s] [34mcolcon.colcon_core.shell[0m [1;30mINFO[0m Creating package script '/home/parallels/Forschsemrep/strawberry_ws/install/strawberry_cluster/share/strawberry_cluster/package.sh'
[5.282s] [34mcolcon.colcon_core.shell[0m [1;30mINFO[0m Creating package script '/home/parallels/Forschsemrep/strawberry_ws/install/strawberry_cluster/share/strawberry_cluster/package.bash'
[5.283s] [34mcolcon.colcon_core.shell[0m [1;30mINFO[0m Creating package script '/home/parallels/Forschsemrep/strawberry_ws/install/strawberry_cluster/share/strawberry_cluster/package.zsh'
[5.284s] [34mcolcon.colcon_core.environment[0m [1;30mLevel 1[0m create_file_with_runtime_dependencies(/home/parallels/Forschsemrep/strawberry_ws/install/strawberry_cluster/share/colcon-core/packages/strawberry_cluster)
[5.285s] [34mcolcon.colcon_core.shell[0m [1;30mLevel 1[0m create_environment_hook('strawberry_segmentation', 'pythonpath_develop')
[5.285s] [34mcolcon.colcon_core.shell[0m [1;30mINFO[0m Creating environment hook '/home/parallels/Forschsemrep/strawberry_ws/build/strawberry_segmentation/share/strawberry_segmentation/hook/pythonpath_develop.ps1'
[5.287s] [34mcolcon.colcon_core.shell[0m [1;30mINFO[0m Creating environment descriptor '/home/parallels/Forschsemrep/strawberry_ws/build/strawberry_segmentation/share/strawberry_segmentation/hook/pythonpath_develop.dsv'
[5.288s] [34mcolcon.colcon_core.shell[0m [1;30mINFO[0m Creating environment hook '/home/parallels/Forschsemrep/strawberry_ws/build/strawberry_segmentation/share/strawberry_segmentation/hook/pythonpath_develop.sh'
[5.291s] [34mcolcon.colcon_core.environment[0m [1;30mLevel 1[0m checking '/home/parallels/Forschsemrep/strawberry_ws/install/strawberry_segmentation' for CMake module files
[5.291s] [34mcolcon.colcon_core.environment[0m [1;30mLevel 1[0m checking '/home/parallels/Forschsemrep/strawberry_ws/install/strawberry_segmentation' for CMake config files
[5.290s] [34mcolcon.colcon_core.event_handler.log_command[0m [1;30mDEBUG[0m [32mInvoked command in '/home/parallels/Forschsemrep/strawberry_ws/build/strawberry_segmentation' returned '0': PYTHONPATH=/home/parallels/Forschsemrep/strawberry_ws/build/strawberry_segmentation/prefix_override:/usr/lib/python3/dist-packages/colcon_core/task/python/colcon_distutils_commands:/home/parallels/Forschsemrep/strawberry_ws/install/strawberry_segmentation/lib/python3.10/site-packages:${PYTHONPATH} /usr/bin/python3 -W ignore:setup.py install is deprecated -W ignore:easy_install command is deprecated setup.py develop --editable --build-directory /home/parallels/Forschsemrep/strawberry_ws/build/strawberry_segmentation/build --no-deps symlink_data[0m
[5.296s] [34mcolcon.colcon_core.environment[0m [1;30mLevel 1[0m checking '/home/parallels/Forschsemrep/strawberry_ws/install/strawberry_segmentation/lib'
[5.297s] [34mcolcon.colcon_core.environment[0m [1;30mLevel 1[0m checking '/home/parallels/Forschsemrep/strawberry_ws/install/strawberry_segmentation/bin'
[5.297s] [34mcolcon.colcon_core.environment[0m [1;30mLevel 1[0m checking '/home/parallels/Forschsemrep/strawberry_ws/install/strawberry_segmentation/lib/pkgconfig/strawberry_segmentation.pc'
[5.297s] [34mcolcon.colcon_core.environment[0m [1;30mLevel 1[0m checking '/home/parallels/Forschsemrep/strawberry_ws/install/strawberry_segmentation/lib/python3.10/site-packages'
[5.297s] [34mcolcon.colcon_core.shell[0m [1;30mLevel 1[0m create_environment_hook('strawberry_segmentation', 'pythonpath')
[5.298s] [34mcolcon.colcon_core.shell[0m [1;30mINFO[0m Creating environment hook '/home/parallels/Forschsemrep/strawberry_ws/install/strawberry_segmentation/share/strawberry_segmentation/hook/pythonpath.ps1'
[5.301s] [34mcolcon.colcon_core.shell[0m [1;30mINFO[0m Creating environment descriptor '/home/parallels/Forschsemrep/strawberry_ws/install/strawberry_segmentation/share/strawberry_segmentation/hook/pythonpath.dsv'
[5.302s] [34mcolcon.colcon_core.shell[0m [1;30mINFO[0m Creating environment hook '/home/parallels/Forschsemrep/strawberry_ws/install/strawberry_segmentation/share/strawberry_segmentation/hook/pythonpath.sh'
[5.308s] [34mcolcon.colcon_core.environment[0m [1;30mLevel 1[0m checking '/home/parallels/Forschsemrep/strawberry_ws/install/strawberry_segmentation/bin'
[5.308s] [34mcolcon.colcon_core.environment[0m [1;30mLevel 1[0m create_environment_scripts_only(strawberry_segmentation)
[5.309s] [34mcolcon.colcon_core.shell[0m [1;30mINFO[0m Creating package script '/home/parallels/Forschsemrep/strawberry_ws/install/strawberry_segmentation/share/strawberry_segmentation/package.ps1'
[5.313s] [34mcolcon.colcon_core.shell[0m [1;30mINFO[0m Creating package descriptor '/home/parallels/Forschsemrep/strawberry_ws/install/strawberry_segmentation/share/strawberry_segmentation/package.dsv'
[5.321s] [34mcolcon.colcon_core.shell[0m [1;30mINFO[0m Creating package script '/home/parallels/Forschsemrep/strawberry_ws/install/strawberry_segmentation/share/strawberry_segmentation/package.sh'
[5.325s] [34mcolcon.colcon_core.shell[0m [1;30mINFO[0m Creating package script '/home/parallels/Forschsemrep/strawberry_ws/install/strawberry_segmentation/share/strawberry_segmentation/package.bash'
[5.329s] [34mcolcon.colcon_core.shell[0m [1;30mINFO[0m Creating package script '/home/parallels/Forschsemrep/strawberry_ws/install/strawberry_segmentation/share/strawberry_segmentation/package.zsh'
[5.331s] [34mcolcon.colcon_core.environment[0m [1;30mLevel 1[0m create_file_with_runtime_dependencies(/home/parallels/Forschsemrep/strawberry_ws/install/strawberry_segmentation/share/colcon-core/packages/strawberry_segmentation)
[5.332s] [34mcolcon.colcon_ros.task.ament_python.build[0m [1;30mINFO[0m Building ROS package in '/home/parallels/Forschsemrep/strawberry_ws/src/strawberry_bringup' with build type 'ament_python'
[5.332s] [34mcolcon.colcon_core.shell[0m [1;30mLevel 1[0m create_environment_hook('strawberry_bringup', 'ament_prefix_path')
[5.333s] [34mcolcon.colcon_core.shell[0m [1;30mINFO[0m Creating environment hook '/home/parallels/Forschsemrep/strawberry_ws/install/strawberry_bringup/share/strawberry_bringup/hook/ament_prefix_path.ps1'
[5.335s] [34mcolcon.colcon_core.shell[0m [1;30mINFO[0m Creating environment descriptor '/home/parallels/Forschsemrep/strawberry_ws/install/strawberry_bringup/share/strawberry_bringup/hook/ament_prefix_path.dsv'
[5.336s] [34mcolcon.colcon_core.shell[0m [1;30mINFO[0m Creating environment hook '/home/parallels/Forschsemrep/strawberry_ws/install/strawberry_bringup/share/strawberry_bringup/hook/ament_prefix_path.sh'
[5.339s] [34mcolcon.colcon_core.shell[0m [1;30mINFO[0m Skip shell extension 'powershell' for command environment: Not usable outside of PowerShell
[5.339s] [34mcolcon.colcon_core.shell[0m [1;30mDEBUG[0m [32mSkip shell extension 'dsv' for command environment[0m
[6.027s] [34mcolcon.colcon_core.task.python.build[0m [1;30mINFO[0m Building Python package in '/home/parallels/Forschsemrep/strawberry_ws/src/strawberry_bringup'
[6.027s] [34mcolcon.colcon_core.shell[0m [1;30mINFO[0m Skip shell extension 'powershell' for command environment: Not usable outside of PowerShell
[6.028s] [34mcolcon.colcon_core.shell[0m [1;30mDEBUG[0m [32mSkip shell extension 'dsv' for command environment[0m
[6.118s] [34mcolcon.colcon_core.shell[0m [1;30mLevel 1[0m create_environment_hook('meca500_ros2', 'pythonpath_develop')
[6.119s] [34mcolcon.colcon_core.shell[0m [1;30mINFO[0m Creating environment hook '/home/parallels/Forschsemrep/strawberry_ws/build/meca500_ros2/share/meca500_ros2/hook/pythonpath_develop.ps1'
[6.121s] [34mcolcon.colcon_core.event_handler.log_command[0m [1;30mDEBUG[0m [32mInvoked command in '/home/parallels/Forschsemrep/strawberry_ws/build/meca500_ros2' returned '0': PYTHONPATH=/home/parallels/Forschsemrep/strawberry_ws/build/meca500_ros2/prefix_override:/usr/lib/python3/dist-packages/colcon_core/task/python/colcon_distutils_commands:/home/parallels/Forschsemrep/strawberry_ws/install/meca500_ros2/lib/python3.10/site-packages:${PYTHONPATH} /usr/bin/python3 -W ignore:setup.py install is deprecated -W ignore:easy_install command is deprecated setup.py develop --editable --build-directory /home/parallels/Forschsemrep/strawberry_ws/build/meca500_ros2/build --no-deps symlink_data[0m
[6.122s] [34mcolcon.colcon_core.shell[0m [1;30mINFO[0m Creating environment descriptor '/home/parallels/Forschsemrep/strawberry_ws/build/meca500_ros2/share/meca500_ros2/hook/pythonpath_develop.dsv'
[6.124s] [34mcolcon.colcon_core.shell[0m [1;30mINFO[0m Creating environment hook '/home/parallels/Forschsemrep/strawberry_ws/build/meca500_ros2/share/meca500_ros2/hook/pythonpath_develop.sh'
[6.126s] [34mcolcon.colcon_core.environment[0m [1;30mLevel 1[0m checking '/home/parallels/Forschsemrep/strawberry_ws/install/meca500_ros2' for CMake module files
[6.127s] [34mcolcon.colcon_core.environment[0m [1;30mLevel 1[0m checking '/home/parallels/Forschsemrep/strawberry_ws/install/meca500_ros2' for CMake config files
[6.127s] [34mcolcon.colcon_core.environment[0m [1;30mLevel 1[0m checking '/home/parallels/Forschsemrep/strawberry_ws/install/meca500_ros2/lib'
[6.128s] [34mcolcon.colcon_core.environment[0m [1;30mLevel 1[0m checking '/home/parallels/Forschsemrep/strawberry_ws/install/meca500_ros2/bin'
[6.128s] [34mcolcon.colcon_core.environment[0m [1;30mLevel 1[0m checking '/home/parallels/Forschsemrep/strawberry_ws/install/meca500_ros2/lib/pkgconfig/meca500_ros2.pc'
[6.128s] [34mcolcon.colcon_core.environment[0m [1;30mLevel 1[0m checking '/home/parallels/Forschsemrep/strawberry_ws/install/meca500_ros2/lib/python3.10/site-packages'
[6.128s] [34mcolcon.colcon_core.shell[0m [1;30mLevel 1[0m create_environment_hook('meca500_ros2', 'pythonpath')
[6.129s] [34mcolcon.colcon_core.shell[0m [1;30mINFO[0m Creating environment hook '/home/parallels/Forschsemrep/strawberry_ws/install/meca500_ros2/share/meca500_ros2/hook/pythonpath.ps1'
[6.131s] [34mcolcon.colcon_core.shell[0m [1;30mINFO[0m Creating environment descriptor '/home/parallels/Forschsemrep/strawberry_ws/install/meca500_ros2/share/meca500_ros2/hook/pythonpath.dsv'
[6.132s] [34mcolcon.colcon_core.shell[0m [1;30mINFO[0m Creating environment hook '/home/parallels/Forschsemrep/strawberry_ws/install/meca500_ros2/share/meca500_ros2/hook/pythonpath.sh'
[6.135s] [34mcolcon.colcon_core.environment[0m [1;30mLevel 1[0m checking '/home/parallels/Forschsemrep/strawberry_ws/install/meca500_ros2/bin'
[6.135s] [34mcolcon.colcon_core.environment[0m [1;30mLevel 1[0m create_environment_scripts_only(meca500_ros2)
[6.136s] [34mcolcon.colcon_core.shell[0m [1;30mINFO[0m Creating package script '/home/parallels/Forschsemrep/strawberry_ws/install/meca500_ros2/share/meca500_ros2/package.ps1'
[6.138s] [34mcolcon.colcon_core.shell[0m [1;30mINFO[0m Creating package descriptor '/home/parallels/Forschsemrep/strawberry_ws/install/meca500_ros2/share/meca500_ros2/package.dsv'
[6.140s] [34mcolcon.colcon_core.shell[0m [1;30mINFO[0m Creating package script '/home/parallels/Forschsemrep/strawberry_ws/install/meca500_ros2/share/meca500_ros2/package.sh'
[6.143s] [34mcolcon.colcon_core.shell[0m [1;30mINFO[0m Creating package script '/home/parallels/Forschsemrep/strawberry_ws/install/meca500_ros2/share/meca500_ros2/package.bash'
[6.145s] [34mcolcon.colcon_core.shell[0m [1;30mINFO[0m Creating package script '/home/parallels/Forschsemrep/strawberry_ws/install/meca500_ros2/share/meca500_ros2/package.zsh'
[6.147s] [34mcolcon.colcon_core.environment[0m [1;30mLevel 1[0m create_file_with_runtime_dependencies(/home/parallels/Forschsemrep/strawberry_ws/install/meca500_ros2/share/colcon-core/packages/meca500_ros2)
[6.933s] [34mcolcon.colcon_core.event_handler.log_command[0m [1;30mDEBUG[0m [32mInvoking command in '/home/parallels/Forschsemrep/strawberry_ws/build/strawberry_bringup': AMENT_PREFIX_PATH=/home/parallels/Forschsemrep/strawberry_ws/install/strawberry_segmentation:/home/parallels/Forschsemrep/strawberry_ws/install/strawberry_cluster:/home/parallels/Forschsemrep/strawberry_ws/install/strawberry_camera:/home/parallels/Forschsemrep/strawberry_ws/install/strawberry_bringup:/home/parallels/Forschsemrep/strawberry_ws/install/strawberry_msgs:/home/parallels/Forschsemrep/strawberry_ws/install/meca500_ros2:/opt/ros/humble PYTHONPATH=/home/parallels/Forschsemrep/strawberry_ws/build/strawberry_bringup/prefix_override:/usr/lib/python3/dist-packages/colcon_core/task/python/colcon_distutils_commands:/home/parallels/Forschsemrep/strawberry_ws/install/strawberry_bringup/lib/python3.10/site-packages:/home/parallels/Forschsemrep/strawberry_ws/build/strawberry_segmentation:/home/parallels/Forschsemrep/strawberry_ws/install/strawberry_segmentation/lib/python3.10/site-packages:/home/parallels/Forschsemrep/strawberry_ws/build/strawberry_cluster:/home/parallels/Forschsemrep/strawberry_ws/install/strawberry_cluster/lib/python3.10/site-packages:/home/parallels/Forschsemrep/strawberry_ws/build/strawberry_camera:/home/parallels/Forschsemrep/strawberry_ws/install/strawberry_camera/lib/python3.10/site-packages:/home/parallels/Forschsemrep/strawberry_ws/build/strawberry_bringup:/home/parallels/Forschsemrep/strawberry_ws/install/strawberry_bringup/lib/python3.10/site-packages:/home/parallels/Forschsemrep/strawberry_ws/install/strawberry_msgs/local/lib/python3.10/dist-packages:/home/parallels/Forschsemrep/strawberry_ws/build/meca500_ros2:/home/parallels/Forschsemrep/strawberry_ws/install/meca500_ros2/lib/python3.10/site-packages:/opt/ros/humble/lib/python3.10/site-packages:/opt/ros/humble/local/lib/python3.10/dist-packages /usr/bin/python3 -W ignore:setup.py install is deprecated -W ignore:easy_install command is deprecated setup.py develop --editable --build-directory /home/parallels/Forschsemrep/strawberry_ws/build/strawberry_bringup/build --no-deps symlink_data[0m
[8.131s] [34mcolcon.colcon_core.shell[0m [1;30mLevel 1[0m create_environment_hook('strawberry_bringup', 'pythonpath_develop')
[8.131s] [34mcolcon.colcon_core.shell[0m [1;30mINFO[0m Creating environment hook '/home/parallels/Forschsemrep/strawberry_ws/build/strawberry_bringup/share/strawberry_bringup/hook/pythonpath_develop.ps1'
[8.136s] [34mcolcon.colcon_core.shell[0m [1;30mINFO[0m Creating environment descriptor '/home/parallels/Forschsemrep/strawberry_ws/build/strawberry_bringup/share/strawberry_bringup/hook/pythonpath_develop.dsv'
[8.137s] [34mcolcon.colcon_core.event_handler.log_command[0m [1;30mDEBUG[0m [32mInvoked command in '/home/parallels/Forschsemrep/strawberry_ws/build/strawberry_bringup' returned '0': AMENT_PREFIX_PATH=/home/parallels/Forschsemrep/strawberry_ws/install/strawberry_segmentation:/home/parallels/Forschsemrep/strawberry_ws/install/strawberry_cluster:/home/parallels/Forschsemrep/strawberry_ws/install/strawberry_camera:/home/parallels/Forschsemrep/strawberry_ws/install/strawberry_bringup:/home/parallels/Forschsemrep/strawberry_ws/install/strawberry_msgs:/home/parallels/Forschsemrep/strawberry_ws/install/meca500_ros2:/opt/ros/humble PYTHONPATH=/home/parallels/Forschsemrep/strawberry_ws/build/strawberry_bringup/prefix_override:/usr/lib/python3/dist-packages/colcon_core/task/python/colcon_distutils_commands:/home/parallels/Forschsemrep/strawberry_ws/install/strawberry_bringup/lib/python3.10/site-packages:/home/parallels/Forschsemrep/strawberry_ws/build/strawberry_segmentation:/home/parallels/Forschsemrep/strawberry_ws/install/strawberry_segmentation/lib/python3.10/site-packages:/home/parallels/Forschsemrep/strawberry_ws/build/strawberry_cluster:/home/parallels/Forschsemrep/strawberry_ws/install/strawberry_cluster/lib/python3.10/site-packages:/home/parallels/Forschsemrep/strawberry_ws/build/strawberry_camera:/home/parallels/Forschsemrep/strawberry_ws/install/strawberry_camera/lib/python3.10/site-packages:/home/parallels/Forschsemrep/strawberry_ws/build/strawberry_bringup:/home/parallels/Forschsemrep/strawberry_ws/install/strawberry_bringup/lib/python3.10/site-packages:/home/parallels/Forschsemrep/strawberry_ws/install/strawberry_msgs/local/lib/python3.10/dist-packages:/home/parallels/Forschsemrep/strawberry_ws/build/meca500_ros2:/home/parallels/Forschsemrep/strawberry_ws/install/meca500_ros2/lib/python3.10/site-packages:/opt/ros/humble/lib/python3.10/site-packages:/opt/ros/humble/local/lib/python3.10/dist-packages /usr/bin/python3 -W ignore:setup.py install is deprecated -W ignore:easy_install command is deprecated setup.py develop --editable --build-directory /home/parallels/Forschsemrep/strawberry_ws/build/strawberry_bringup/build --no-deps symlink_data[0m
[8.139s] [34mcolcon.colcon_core.shell[0m [1;30mINFO[0m Creating environment hook '/home/parallels/Forschsemrep/strawberry_ws/build/strawberry_bringup/share/strawberry_bringup/hook/pythonpath_develop.sh'
[8.141s] [34mcolcon.colcon_core.environment[0m [1;30mLevel 1[0m checking '/home/parallels/Forschsemrep/strawberry_ws/install/strawberry_bringup' for CMake module files
[8.142s] [34mcolcon.colcon_core.environment[0m [1;30mLevel 1[0m checking '/home/parallels/Forschsemrep/strawberry_ws/install/strawberry_bringup' for CMake config files
[8.143s] [34mcolcon.colcon_core.environment[0m [1;30mLevel 1[0m checking '/home/parallels/Forschsemrep/strawberry_ws/install/strawberry_bringup/lib'
[8.144s] [34mcolcon.colcon_core.environment[0m [1;30mLevel 1[0m checking '/home/parallels/Forschsemrep/strawberry_ws/install/strawberry_bringup/bin'
[8.147s] [34mcolcon.colcon_core.environment[0m [1;30mLevel 1[0m checking '/home/parallels/Forschsemrep/strawberry_ws/install/strawberry_bringup/lib/pkgconfig/strawberry_bringup.pc'
[8.148s] [34mcolcon.colcon_core.environment[0m [1;30mLevel 1[0m checking '/home/parallels/Forschsemrep/strawberry_ws/install/strawberry_bringup/lib/python3.10/site-packages'
[8.148s] [34mcolcon.colcon_core.shell[0m [1;30mLevel 1[0m create_environment_hook('strawberry_bringup', 'pythonpath')
[8.149s] [34mcolcon.colcon_core.shell[0m [1;30mINFO[0m Creating environment hook '/home/parallels/Forschsemrep/strawberry_ws/install/strawberry_bringup/share/strawberry_bringup/hook/pythonpath.ps1'
[8.151s] [34mcolcon.colcon_core.shell[0m [1;30mINFO[0m Creating environment descriptor '/home/parallels/Forschsemrep/strawberry_ws/install/strawberry_bringup/share/strawberry_bringup/hook/pythonpath.dsv'
[8.153s] [34mcolcon.colcon_core.shell[0m [1;30mINFO[0m Creating environment hook '/home/parallels/Forschsemrep/strawberry_ws/install/strawberry_bringup/share/strawberry_bringup/hook/pythonpath.sh'
[8.156s] [34mcolcon.colcon_core.environment[0m [1;30mLevel 1[0m checking '/home/parallels/Forschsemrep/strawberry_ws/install/strawberry_bringup/bin'
[8.156s] [34mcolcon.colcon_core.environment[0m [1;30mLevel 1[0m create_environment_scripts_only(strawberry_bringup)
[8.157s] [34mcolcon.colcon_core.shell[0m [1;30mINFO[0m Creating package script '/home/parallels/Forschsemrep/strawberry_ws/install/strawberry_bringup/share/strawberry_bringup/package.ps1'
[8.158s] [34mcolcon.colcon_core.shell[0m [1;30mINFO[0m Creating package descriptor '/home/parallels/Forschsemrep/strawberry_ws/install/strawberry_bringup/share/strawberry_bringup/package.dsv'
[8.159s] [34mcolcon.colcon_core.shell[0m [1;30mINFO[0m Creating package script '/home/parallels/Forschsemrep/strawberry_ws/install/strawberry_bringup/share/strawberry_bringup/package.sh'
[8.161s] [34mcolcon.colcon_core.shell[0m [1;30mINFO[0m Creating package script '/home/parallels/Forschsemrep/strawberry_ws/install/strawberry_bringup/share/strawberry_bringup/package.bash'
[8.167s] [34mcolcon.colcon_core.shell[0m [1;30mINFO[0m Creating package script '/home/parallels/Forschsemrep/strawberry_ws/install/strawberry_bringup/share/strawberry_bringup/package.zsh'
[8.171s] [34mcolcon.colcon_core.environment[0m [1;30mLevel 1[0m create_file_with_runtime_dependencies(/home/parallels/Forschsemrep/strawberry_ws/install/strawberry_bringup/share/colcon-core/packages/strawberry_bringup)
[8.172s] [34mcolcon.colcon_parallel_executor.executor.parallel[0m [1;30mDEBUG[0m [32mclosing loop[0m
[8.172s] [34mcolcon.colcon_parallel_executor.executor.parallel[0m [1;30mDEBUG[0m [32mloop closed[0m
[8.179s] [34mcolcon.colcon_parallel_executor.executor.parallel[0m [1;30mDEBUG[0m [32mrun_until_complete finished with '0'[0m
[8.179s] [34mcolcon.colcon_core.event_reactor[0m [1;30mDEBUG[0m [32mjoining thread[0m
[8.194s] [34mcolcon.colcon_core.plugin_system[0m [1;30mINFO[0m Skipping extension 'colcon_notification.desktop_notification.terminal_notifier': Not used on non-Darwin systems
[8.195s] [34mcolcon.colcon_core.plugin_system[0m [1;30mINFO[0m Skipping extension 'colcon_notification.desktop_notification.win32': Not used on non-Windows systems
[8.195s] [34mcolcon.colcon_notification.desktop_notification[0m [1;30mINFO[0m Sending desktop notification using 'notify2'
[8.229s] [34mcolcon.colcon_core.event_reactor[0m [1;30mDEBUG[0m [32mjoined thread[0m
[8.230s] [34mcolcon.colcon_core.shell[0m [1;30mINFO[0m Creating prefix script '/home/parallels/Forschsemrep/strawberry_ws/install/local_setup.ps1'
[8.238s] [34mcolcon.colcon_core.shell[0m [1;30mINFO[0m Creating prefix util module '/home/parallels/Forschsemrep/strawberry_ws/install/_local_setup_util_ps1.py'
[8.243s] [34mcolcon.colcon_core.shell[0m [1;30mINFO[0m Creating prefix chain script '/home/parallels/Forschsemrep/strawberry_ws/install/setup.ps1'
[8.248s] [34mcolcon.colcon_core.shell[0m [1;30mINFO[0m Creating prefix script '/home/parallels/Forschsemrep/strawberry_ws/install/local_setup.sh'
[8.250s] [34mcolcon.colcon_core.shell[0m [1;30mINFO[0m Creating prefix util module '/home/parallels/Forschsemrep/strawberry_ws/install/_local_setup_util_sh.py'
[8.253s] [34mcolcon.colcon_core.shell[0m [1;30mINFO[0m Creating prefix chain script '/home/parallels/Forschsemrep/strawberry_ws/install/setup.sh'
[8.259s] [34mcolcon.colcon_core.shell[0m [1;30mINFO[0m Creating prefix script '/home/parallels/Forschsemrep/strawberry_ws/install/local_setup.bash'
[8.265s] [34mcolcon.colcon_core.shell[0m [1;30mINFO[0m Creating prefix chain script '/home/parallels/Forschsemrep/strawberry_ws/install/setup.bash'
[8.271s] [34mcolcon.colcon_core.shell[0m [1;30mINFO[0m Creating prefix script '/home/parallels/Forschsemrep/strawberry_ws/install/local_setup.zsh'
[8.274s] [34mcolcon.colcon_core.shell[0m [1;30mINFO[0m Creating prefix chain script '/home/parallels/Forschsemrep/strawberry_ws/install/setup.zsh'
