ply
format ascii 1.0
element vertex 6529
property float x
property float y
property float z
end_header
-0.005454 0.001650 0.118800
-0.005757 0.001347 0.118800
-0.005743 0.001646 0.118500
-0.005723 0.001941 0.118100
-0.005714 0.002238 0.117900
-0.005699 0.002532 0.117600
-0.005699 0.002832 0.117600
-0.006091 0.001049 0.119400
-0.006066 0.001348 0.118900
-0.006040 0.001644 0.118400
-0.006020 0.001939 0.118000
-0.006010 0.002236 0.117800
-0.005995 0.002530 0.117500
-0.005979 0.002823 0.117200
-0.005979 0.003121 0.117200
-0.006407 0.000746 0.119600
-0.006397 0.001049 0.119400
-0.006370 0.001348 0.118900
-0.006343 0.001644 0.118400
-0.006322 0.001939 0.118000
-0.006305 0.002235 0.117700
-0.006289 0.002528 0.117400
-0.006268 0.002818 0.117000
-0.006268 0.003116 0.117000
-0.005657 0.004428 0.105600
-0.006730 0.000442 0.119900
-0.006718 0.000747 0.119700
-0.006702 0.001049 0.119400
-0.006674 0.001348 0.118900
-0.006640 0.001643 0.118300
-0.006617 0.001938 0.117900
-0.006601 0.002233 0.117600
-0.006578 0.002524 0.117200
-0.006561 0.002815 0.116900
-0.006561 0.003113 0.116900
-0.005927 0.004428 0.105600
-0.007065 0.000137 0.120400
-0.007065 0.000444 0.120400
-0.007030 0.000747 0.119800
-0.007007 0.001049 0.119400
-0.006977 0.001348 0.118900
-0.006942 0.001643 0.118300
-0.006919 0.001938 0.117900
-0.006895 0.002231 0.117500
-0.006878 0.002524 0.117200
-0.006854 0.002813 0.116800
-0.006854 0.003111 0.116800
-0.006203 0.004432 0.105700
-0.007373 0.000137 0.120400
-0.007373 0.000444 0.120400
-0.007349 0.000749 0.120000
-0.007318 0.001050 0.119500
-0.007287 0.001349 0.119000
-0.007244 0.001643 0.118300
-0.007214 0.001936 0.117800
-0.007189 0.002229 0.117400
-0.007165 0.002520 0.117000
-0.007140 0.002808 0.116600
-0.007116 0.003095 0.116200
-0.007116 0.003391 0.116200
-0.006473 0.004432 0.105700
-0.007706 -0.000170 0.120800
-0.007681 0.000137 0.120400
-0.007681 0.000444 0.120400
-0.007649 0.000748 0.119900
-0.007617 0.001049 0.119400
-0.007585 0.001348 0.118900
-0.007540 0.001641 0.118200
-0.007508 0.001935 0.117700
-0.007477 0.002225 0.117200
-0.007457 0.002517 0.116900
-0.007425 0.002803 0.116400
-0.007394 0.003087 0.115900
-0.007394 0.003382 0.115900
-0.006743 0.004701 0.105700
-0.008035 -0.000479 0.121100
-0.008008 -0.000170 0.120700
-0.007982 0.000137 0.120300
-0.007982 0.000444 0.120300
-0.007948 0.000747 0.119800
-0.007909 0.001048 0.119200
-0.007876 0.001346 0.118700
-0.007829 0.001639 0.118000
-0.007796 0.001931 0.117500
-0.007756 0.002219 0.116900
-0.007736 0.002511 0.116600
-0.007710 0.002799 0.116200
-0.007676 0.003081 0.115700
-0.007643 0.003362 0.115200
-0.007643 0.003655 0.115200
-0.007040 0.004449 0.106100
-0.007026 0.004710 0.105900
-0.008330 -0.000478 0.120900
-0.008303 -0.000170 0.120500
-0.008275 0.000137 0.120100
-0.008275 0.000443 0.120100
-0.008241 0.000746 0.119600
-0.008199 0.001046 0.119000
-0.008158 0.001342 0.118400
-0.008117 0.001636 0.117800
-0.008075 0.001926 0.117200
-0.008041 0.002216 0.116700
-0.008013 0.002504 0.116300
-0.007993 0.002794 0.116000
-0.007958 0.003076 0.115500
-0.007924 0.003356 0.115000
-0.007924 0.003649 0.115000
-0.007311 0.004449 0.106100
-0.007311 0.004719 0.106100
-0.008654 -0.000788 0.121100
-0.008618 -0.000477 0.120600
-0.008596 -0.000169 0.120300
-0.008561 0.000137 0.119800
-0.008561 0.000442 0.119800
-0.008525 0.000744 0.119300
-0.008482 0.001043 0.118700
-0.008446 0.001340 0.118200
-0.008404 0.001633 0.117600
-0.008361 0.001923 0.117000
-0.008325 0.002212 0.116500
-0.008296 0.002500 0.116100
-0.008268 0.002786 0.115700
-0.008239 0.003071 0.115300
-0.008211 0.003353 0.114900
-0.008211 0.003646 0.114900
-0.007596 0.004457 0.106300
-0.007582 0.004719 0.106100
-0.007582 0.004990 0.106100
-0.008948 -0.000787 0.120900
-0.008919 -0.000477 0.120500
-0.008882 -0.000169 0.120000
-0.008852 0.000136 0.119600
-0.008852 0.000441 0.119600
-0.008808 0.000742 0.119000
-0.008771 0.001041 0.118500
-0.008726 0.001337 0.117900
-0.008689 0.001630 0.117400
-0.008645 0.001920 0.116800
-0.008600 0.002206 0.116200
-0.008571 0.002494 0.115800
-0.008549 0.002782 0.115500
-0.008526 0.003068 0.115200
-0.008489 0.003347 0.114700
-0.008489 0.003640 0.114700
-0.008179 0.004070 0.110500
-0.008053 0.004284 0.108800
-0.007875 0.004461 0.106400
-0.007868 0.004728 0.106300
-0.007860 0.004994 0.106200
-0.007845 0.005255 0.106000
-0.009250 -0.000786 0.120800
-0.009211 -0.000476 0.120300
-0.009173 -0.000169 0.119800
-0.009142 0.000136 0.119400
-0.009142 0.000441 0.119400
-0.009096 0.000741 0.118800
-0.009050 0.001039 0.118200
-0.009012 0.001334 0.117700
-0.008966 0.001626 0.117100
-0.008928 0.001916 0.116600
-0.008890 0.002204 0.116100
-0.008851 0.002489 0.115600
-0.008828 0.002777 0.115300
-0.008805 0.003063 0.115000
-0.008775 0.003344 0.114600
-0.008744 0.003624 0.114200
-0.008744 0.003915 0.114200
-0.008461 0.004070 0.110500
-0.008331 0.004284 0.108800
-0.008193 0.004486 0.107000
-0.008147 0.004732 0.106400
-0.008139 0.004999 0.106300
-0.008132 0.005265 0.106200
-0.008124 0.005530 0.106100
-0.009574 -0.001096 0.121000
-0.009534 -0.000784 0.120500
-0.009503 -0.000475 0.120100
-0.009463 -0.000168 0.119600
-0.009424 0.000136 0.119100
-0.009424 0.000439 0.119100
-0.009376 0.000739 0.118500
-0.009337 0.001037 0.118000
-0.009297 0.001332 0.117500
-0.009250 0.001623 0.116900
-0.009210 0.001913 0.116400
-0.009170 0.002200 0.115900
-0.009147 0.002489 0.115600
-0.009115 0.002774 0.115200
-0.009091 0.003060 0.114900
-0.009068 0.003344 0.114600
-0.009028 0.003621 0.114100
-0.009028 0.003911 0.114100
-0.008498 0.004777 0.107400
-0.008419 0.005004 0.106400
-0.008411 0.005270 0.106300
-0.008395 0.005530 0.106100
-0.008387 0.005795 0.106000
-0.008379 0.006060 0.105900
-0.009867 -0.001094 0.120800
-0.009826 -0.000783 0.120300
-0.009793 -0.000475 0.119900
-0.009752 -0.000168 0.119400
-0.009712 0.000136 0.118900
-0.009712 0.000439 0.118900
-0.009663 0.000738 0.118300
-0.009622 0.001035 0.117800
-0.009581 0.001330 0.117300
-0.009532 0.001621 0.116700
-0.009499 0.001912 0.116300
-0.009458 0.002199 0.115800
-0.009418 0.002483 0.115300
-0.009393 0.002770 0.115000
-0.009369 0.003055 0.114700
-0.009352 0.003341 0.114500
-0.009320 0.003621 0.114100
-0.009295 0.003901 0.113800
-0.009295 0.004191 0.113800
-0.008772 0.004777 0.107400
-0.008715 0.005018 0.106700
-0.008699 0.005280 0.106500
-0.008682 0.005541 0.106300
-0.008666 0.005801 0.106100
-0.008658 0.006066 0.106000
-0.008642 0.006324 0.105800
-0.008633 0.006587 0.105700
-0.010192 -0.001404 0.121000
-0.010159 -0.001092 0.120600
-0.010117 -0.000781 0.120100
-0.010083 -0.000474 0.119700
-0.010041 -0.000168 0.119200
-0.009999 0.000135 0.118700
-0.009999 0.000438 0.118700
-0.009948 0.000737 0.118100
-0.009906 0.001034 0.117600
-0.009855 0.001327 0.117000
-0.009822 0.001619 0.116600
-0.009780 0.001908 0.116100
-0.009746 0.002197 0.115700
-0.009712 0.002483 0.115300
-0.009687 0.002770 0.115000
-0.009662 0.003055 0.114700
-0.009628 0.003336 0.114300
-0.009620 0.003624 0.114200
-0.009586 0.003901 0.113800
-0.009586 0.004191 0.113800
-0.009089 0.005074 0.107900
-0.009089 0.005349 0.107900
-0.008988 0.005562 0.106700
-0.008971 0.005823 0.106500
-0.008963 0.006089 0.106400
-0.008946 0.006348 0.106200
-0.008937 0.006612 0.106100
-0.008920 0.006870 0.105900
-0.008904 0.007126 0.105700
-0.010484 -0.001402 0.120800
-0.010449 -0.001090 0.120400
-0.010406 -0.000780 0.119900
-0.010363 -0.000473 0.119400
-0.010328 -0.000168 0.119000
-0.010276 0.000135 0.118400
-0.010276 0.000437 0.118400
-0.010232 0.000736 0.117900
-0.010189 0.001032 0.117400
-0.010146 0.001325 0.116900
-0.010102 0.001616 0.116400
-0.010068 0.001907 0.116000
-0.010033 0.002195 0.115600
-0.009998 0.002481 0.115200
-0.009981 0.002770 0.115000
-0.009946 0.003052 0.114600
-0.009920 0.003336 0.114300
-0.009911 0.003624 0.114200
-0.009885 0.003905 0.113900
-0.009842 0.004177 0.113400
-0.009807 0.004450 0.113000
-0.009807 0.004738 0.113000
-0.009373 0.005079 0.108000
-0.009373 0.005354 0.108000
-0.009330 0.005603 0.107500
-0.009304 0.005861 0.107200
-0.009286 0.006123 0.107000
-0.009260 0.006378 0.106700
-0.009252 0.006644 0.106600
-0.009234 0.006902 0.106400
-0.009208 0.007153 0.106100
-0.009191 0.007410 0.105900
-0.009165 0.007658 0.105600
-0.010802 -0.001711 0.120900
-0.010775 -0.001400 0.120600
-0.010739 -0.001089 0.120200
-0.010703 -0.000780 0.119800
-0.010650 -0.000472 0.119200
-0.010605 -0.000167 0.118700
-0.010561 0.000135 0.118200
-0.010561 0.000436 0.118200
-0.010507 0.000734 0.117600
-0.010462 0.001029 0.117100
-0.010427 0.001323 0.116700
-0.010382 0.001614 0.116200
-0.010346 0.001903 0.115800
-0.010319 0.002193 0.115500
-0.010284 0.002479 0.115100
-0.010248 0.002762 0.114700
-0.010239 0.003052 0.114600
-0.010221 0.003338 0.114400
-0.010203 0.003624 0.114200
-0.010176 0.003905 0.113900
-0.010132 0.004177 0.113400
-0.010096 0.004450 0.113000
-0.009989 0.004688 0.111800
-0.009989 0.004973 0.111800
-0.009765 0.005697 0.109300
-0.009765 0.005976 0.109300
-0.009542 0.006928 0.106800
-0.009506 0.007174 0.106400
-0.009479 0.007424 0.106100
-0.009444 0.007665 0.105700
-0.009426 0.007920 0.105500
-0.009408 0.008173 0.105300
-0.011101 -0.001710 0.120800
-0.011065 -0.001397 0.120400
-0.011019 -0.001086 0.119900
-0.010982 -0.000778 0.119500
-0.010936 -0.000471 0.119000
-0.010881 -0.000167 0.118400
-0.010835 0.000135 0.117900
-0.010835 0.000435 0.117900
-0.010789 0.000732 0.117400
-0.010743 0.001027 0.116900
-0.010706 0.001321 0.116500
-0.010670 0.001612 0.116100
-0.010633 0.001902 0.115700
-0.010596 0.002189 0.115300
-0.010568 0.002476 0.115000
-0.010541 0.002762 0.114700
-0.010523 0.003049 0.114500
-0.010495 0.003333 0.114200
-0.010477 0.003617 0.114000
-0.010458 0.003901 0.113800
-0.010412 0.004173 0.113300
-0.010375 0.004446 0.112900
-0.010274 0.004688 0.111800
-0.010274 0.004973 0.111800
-0.010045 0.005697 0.109300
-0.010045 0.005976 0.109300
-0.010035 0.006249 0.109200
-0.010008 0.006509 0.108900
-0.009962 0.006756 0.108400
-0.009962 0.007032 0.108400
-0.009806 0.007194 0.106700
-0.009769 0.007438 0.106300
-0.009732 0.007680 0.105900
-0.009695 0.007920 0.105500
-0.009686 0.008181 0.105400
-0.011420 -0.002019 0.120900
-0.011382 -0.001706 0.120500
-0.011344 -0.001394 0.120100
-0.011306 -0.001084 0.119700
-0.011259 -0.000776 0.119200
-0.011212 -0.000470 0.118700
-0.011165 -0.000166 0.118200
-0.011117 0.000134 0.117700
-0.011117 0.000434 0.117700
-0.011070 0.000731 0.117200
-0.011023 0.001026 0.116700
-0.010985 0.001319 0.116300
-0.010947 0.001609 0.115900
-0.010919 0.001900 0.115600
-0.010891 0.002189 0.115300
-0.010862 0.002476 0.115000
-0.010834 0.002762 0.114700
-0.010815 0.003049 0.114500
-0.010777 0.003330 0.114100
-0.010749 0.003611 0.113800
-0.010721 0.003891 0.113500
-0.010692 0.004169 0.113200
-0.010655 0.004442 0.112800
-0.010655 0.004730 0.112800
-0.010570 0.004977 0.111900
-0.010532 0.005243 0.111500
-0.010532 0.005528 0.111500
-0.010456 0.005770 0.110700
-0.010362 0.005998 0.109700
-0.010314 0.006249 0.109200
-0.010286 0.006509 0.108900
-0.010239 0.006756 0.108400
-0.010220 0.007019 0.108200
-0.010220 0.007295 0.108200
-0.010012 0.007687 0.106000
-0.009965 0.007920 0.105500
-0.009956 0.008181 0.105400
-0.011719 -0.002326 0.120800
-0.011690 -0.002013 0.120500
-0.011661 -0.001701 0.120200
-0.011632 -0.001391 0.119900
-0.011583 -0.001081 0.119400
-0.011544 -0.000774 0.119000
-0.011496 -0.000469 0.118500
-0.011447 -0.000166 0.118000
-0.011399 0.000134 0.117500
-0.011399 0.000434 0.117500
-0.011350 0.000730 0.117000
-0.011311 0.001025 0.116600
-0.011273 0.001317 0.116200
-0.011234 0.001608 0.115800
-0.011205 0.001898 0.115500
-0.011176 0.002187 0.115200
-0.011146 0.002474 0.114900
-0.011117 0.002760 0.114600
-0.011088 0.003044 0.114300
-0.011059 0.003327 0.114000
-0.011040 0.003611 0.113800
-0.011001 0.003887 0.113400
-0.010982 0.004169 0.113200
-0.010943 0.004442 0.112800
-0.010914 0.004717 0.112500
-0.010855 0.004977 0.111900
-0.010817 0.005243 0.111500
-0.010817 0.005528 0.111500
-0.010739 0.005770 0.110700
-0.010700 0.006031 0.110300
-0.010671 0.006295 0.110000
-0.010652 0.006563 0.109800
-0.010574 0.006793 0.109000
-0.010496 0.007019 0.108200
-0.010496 0.007295 0.108200
-0.010293 0.007694 0.106100
-0.010235 0.007920 0.105500
-0.010225 0.008181 0.105400
-0.012008 -0.002322 0.120600
-0.011978 -0.002009 0.120300
-0.011938 -0.001697 0.119900
-0.011908 -0.001388 0.119600
-0.011868 -0.001079 0.119200
-0.011828 -0.000773 0.118800
-0.011779 -0.000468 0.118300
-0.011729 -0.000166 0.117800
-0.011679 0.000134 0.117300
-0.011679 0.000433 0.117300
-0.011639 0.000729 0.116900
-0.011589 0.001023 0.116400
-0.011560 0.001316 0.116100
-0.011530 0.001608 0.115800
-0.011490 0.001897 0.115400
-0.011460 0.002185 0.115100
-0.011430 0.002472 0.114800
-0.011410 0.002760 0.114600
-0.011380 0.003044 0.114300
-0.011340 0.003324 0.113900
-0.011321 0.003608 0.113700
-0.011291 0.003887 0.113400
-0.011241 0.004158 0.112900
-0.011221 0.004438 0.112700
-0.011201 0.004717 0.112500
-0.011161 0.004986 0.112100
-0.011141 0.005262 0.111900
-0.011111 0.005533 0.111600
-0.011082 0.005802 0.111300
-0.011052 0.006069 0.111000
-0.011042 0.006346 0.110900
-0.011012 0.006611 0.110600
-0.010932 0.006843 0.109800
-0.010833 0.007058 0.108800
-0.010833 0.007335 0.108800
-0.010564 0.007694 0.106100
-0.010504 0.007920 0.105500
-0.010494 0.008181 0.105400
-0.012295 -0.002318 0.120400
-0.012265 -0.002006 0.120100
-0.012234 -0.001696 0.119800
-0.012193 -0.001386 0.119400
-0.012152 -0.001078 0.119000
-0.012111 -0.000772 0.118600
-0.012060 -0.000467 0.118100
-0.012020 -0.000166 0.117700
-0.011969 0.000134 0.117200
-0.011969 0.000432 0.117200
-0.011917 0.000728 0.116700
-0.011887 0.001023 0.116400
-0.011846 0.001315 0.116000
-0.011826 0.001608 0.115800
-0.011785 0.001897 0.115400
-0.011754 0.002185 0.115100
-0.011723 0.002472 0.114800
-0.011703 0.002760 0.114600
-0.011672 0.003044 0.114300
-0.011632 0.003324 0.113900
-0.011611 0.003608 0.113700
-0.011580 0.003887 0.113400
-0.011529 0.004158 0.112900
-0.011509 0.004438 0.112700
-0.011478 0.004713 0.112400
-0.011437 0.004981 0.112000
-0.011417 0.005258 0.111800
-0.011397 0.005533 0.111600
-0.011366 0.005802 0.111300
-0.011335 0.006069 0.111000
-0.011325 0.006346 0.110900
-0.011295 0.006611 0.110600
-0.011213 0.006843 0.109800
-0.011111 0.007058 0.108800
-0.011029 0.007281 0.108000
-0.011029 0.007557 0.108000
-0.010855 0.007709 0.106300
-0.010784 0.007927 0.105600
-0.010763 0.008181 0.105400
-0.012582 -0.002314 0.120200
-0.012572 -0.002006 0.120100
-0.012540 -0.001696 0.119800
-0.012498 -0.001386 0.119400
-0.012456 -0.001078 0.119000
-0.012415 -0.000772 0.118600
-0.012362 -0.000467 0.118100
-0.012320 -0.000166 0.117700
-0.012268 0.000134 0.117200
-0.012268 0.000432 0.117200
-0.012216 0.000728 0.116700
-0.012184 0.001023 0.116400
-0.012142 0.001315 0.116000
-0.012101 0.001605 0.115600
-0.012069 0.001895 0.115300
-0.012038 0.002183 0.115000
-0.012006 0.002470 0.114700
-0.011985 0.002758 0.114500
-0.011954 0.003041 0.114200
-0.011912 0.003321 0.113800
-0.011891 0.003605 0.113600
-0.011849 0.003881 0.113200
-0.011818 0.004158 0.112900
-0.011776 0.004430 0.112500
-0.011755 0.004709 0.112300
-0.011724 0.004981 0.112000
-0.011703 0.005258 0.111800
-0.011671 0.005528 0.111500
-0.011650 0.005802 0.111300
-0.011640 0.006080 0.111200
-0.011619 0.006352 0.111000
-0.011609 0.006629 0.110900
-0.011504 0.006849 0.109900
-0.011504 0.007129 0.109900
-0.011305 0.007281 0.108000
-0.011305 0.007557 0.108000
-0.011127 0.007709 0.106300
-0.011054 0.007927 0.105600
-0.011033 0.008181 0.105400
-0.012889 -0.002314 0.120200
-0.012857 -0.002003 0.119900
-0.012825 -0.001693 0.119600
-0.012782 -0.001383 0.119200
-0.012750 -0.001077 0.118900
-0.012696 -0.000770 0.118400
-0.012643 -0.000467 0.117900
-0.012600 -0.000165 0.117500
-0.012546 0.000133 0.117000
-0.012546 0.000432 0.117000
-0.012503 0.000728 0.116600
-0.012460 0.001021 0.116200
-0.012428 0.001314 0.115900
-0.012396 0.001605 0.115600
-0.012364 0.001895 0.115300
-0.012321 0.002181 0.114900
-0.012289 0.002468 0.114600
-0.012256 0.002753 0.114300
-0.012224 0.003036 0.114000
-0.012192 0.003318 0.113700
-0.012149 0.003595 0.113300
-0.012128 0.003877 0.113100
-0.012085 0.004151 0.112700
-0.012063 0.004430 0.112500
-0.012031 0.004704 0.112200
-0.012010 0.004981 0.112000
-0.011988 0.005258 0.111800
-0.011956 0.005528 0.111500
-0.011935 0.005802 0.111300
-0.011924 0.006080 0.111200
-0.011913 0.006358 0.111100
-0.011903 0.006635 0.111000
-0.011806 0.006862 0.110100
-0.011806 0.007142 0.110100
-0.011399 0.007709 0.106300
-0.011324 0.007927 0.105600
-0.011302 0.008181 0.105400
-0.013185 -0.002312 0.120100
-0.013152 -0.002001 0.119800
-0.013108 -0.001690 0.119400
-0.013065 -0.001381 0.119000
-0.013032 -0.001075 0.118700
-0.012977 -0.000769 0.118200
-0.012933 -0.000466 0.117800
-0.012889 -0.000165 0.117400
-0.012834 0.000133 0.116900
-0.012834 0.000431 0.116900
-0.012790 0.000727 0.116500
-0.012746 0.001020 0.116100
-0.012713 0.001313 0.115800
-0.012680 0.001604 0.115500
-0.012647 0.001893 0.115200
-0.012614 0.002181 0.114900
-0.012581 0.002468 0.114600
-0.012549 0.002753 0.114300
-0.012516 0.003036 0.114000
-0.012472 0.003315 0.113600
-0.012439 0.003595 0.113300
-0.012417 0.003877 0.113100
-0.012373 0.004151 0.112700
-0.012340 0.004426 0.112400
-0.012307 0.004700 0.112100
-0.012285 0.004977 0.111900
-0.012274 0.005258 0.111800
-0.012241 0.005528 0.111500
-0.012241 0.005812 0.111500
-0.012208 0.006080 0.111200
-0.012197 0.006358 0.111100
-0.012186 0.006635 0.111000
-0.012087 0.006862 0.110100
-0.012087 0.007142 0.110100
-0.011670 0.007709 0.106300
-0.011582 0.007920 0.105500
-0.011571 0.008181 0.105400
-0.013481 -0.002310 0.120000
-0.013436 -0.001998 0.119600
-0.013391 -0.001687 0.119200
-0.013357 -0.001380 0.118900
-0.013312 -0.001073 0.118500
-0.013256 -0.000768 0.118000
-0.013211 -0.000465 0.117600
-0.013166 -0.000165 0.117200
-0.013121 0.000133 0.116800
-0.013121 0.000431 0.116800
-0.013077 0.000726 0.116400
-0.013043 0.001020 0.116100
-0.012998 0.001312 0.115700
-0.012964 0.001603 0.115400
-0.012930 0.001892 0.115100
-0.012897 0.002180 0.114800
-0.012874 0.002468 0.114600
-0.012841 0.002753 0.114300
-0.012796 0.003034 0.113900
-0.012762 0.003315 0.113600
-0.012728 0.003595 0.113300
-0.012695 0.003874 0.113000
-0.012661 0.004151 0.112700
-0.012627 0.004426 0.112400
-0.012593 0.004700 0.112100
-0.012571 0.004977 0.111900
-0.012560 0.005258 0.111800
-0.012537 0.005533 0.111600
-0.012526 0.005812 0.111500
-0.012492 0.006080 0.111200
-0.012492 0.006363 0.111200
-0.012481 0.006641 0.111100
-0.012391 0.006874 0.110300
-0.012391 0.007155 0.110300
-0.011942 0.007709 0.106300
-0.011852 0.007920 0.105500
-0.011841 0.008181 0.105400
-0.013776 -0.002308 0.119900
-0.013730 -0.001996 0.119500
-0.013696 -0.001687 0.119200
-0.013638 -0.001378 0.118700
-0.013592 -0.001071 0.118300
-0.013546 -0.000767 0.117900
-0.013489 -0.000465 0.117400
-0.013443 -0.000165 0.117000
-0.013408 0.000133 0.116700
-0.013408 0.000431 0.116700
-0.013362 0.000726 0.116300
-0.013316 0.001019 0.115900
-0.013282 0.001311 0.115600
-0.013248 0.001601 0.115300
-0.013213 0.001890 0.115000
-0.013190 0.002180 0.114800
-0.013156 0.002466 0.114500
-0.013121 0.002750 0.114200
-0.013087 0.003034 0.113900
-0.013052 0.003315 0.113600
-0.013018 0.003595 0.113300
-0.012983 0.003874 0.113000
-0.012949 0.004151 0.112700
-0.012914 0.004426 0.112400
-0.012880 0.004700 0.112100
-0.012868 0.004981 0.112000
-0.012845 0.005258 0.111800
-0.012822 0.005533 0.111600
-0.012811 0.005812 0.111500
-0.012799 0.006091 0.111400
-0.012776 0.006363 0.111200
-0.012765 0.006641 0.111100
-0.012673 0.006874 0.110300
-0.012673 0.007155 0.110300
-0.012225 0.007716 0.106400
-0.012133 0.007927 0.105600
-0.012122 0.008189 0.105500
-0.012110 0.008450 0.105400
-0.012099 0.008710 0.105300
-0.014071 -0.002306 0.119800
-0.014024 -0.001994 0.119400
-0.013977 -0.001684 0.119000
-0.013918 -0.001375 0.118500
-0.013883 -0.001070 0.118200
-0.013824 -0.000766 0.117700
-0.013777 -0.000464 0.117300
-0.013730 -0.000165 0.116900
-0.013695 0.000133 0.116600
-0.013695 0.000430 0.116600
-0.013648 0.000725 0.116200
-0.013613 0.001019 0.115900
-0.013566 0.001310 0.115500
-0.013542 0.001601 0.115300
-0.013507 0.001890 0.115000
-0.013472 0.002178 0.114700
-0.013448 0.002466 0.114500
-0.013413 0.002750 0.114200
-0.013378 0.003034 0.113900
-0.013342 0.003315 0.113600
-0.013307 0.003595 0.113300
-0.013272 0.003874 0.113000
-0.013237 0.004151 0.112700
-0.013202 0.004426 0.112400
-0.013178 0.004704 0.112200
-0.013155 0.004981 0.112000
-0.013131 0.005258 0.111800
-0.013108 0.005533 0.111600
-0.013096 0.005812 0.111500
-0.013084 0.006091 0.111400
-0.013072 0.006369 0.111300
-0.013061 0.006647 0.111200
-0.012967 0.006880 0.110400
-0.012967 0.007162 0.110400
-0.012532 0.007738 0.106700
-0.012438 0.007950 0.105900
-0.012415 0.008204 0.105700
-0.012391 0.008458 0.105500
-0.012379 0.008718 0.105400
-0.012379 0.008987 0.105400
-0.012379 0.009256 0.105400
-0.012379 0.009524 0.105400
-0.012368 0.009784 0.105300
-0.012368 0.010052 0.105300
-0.014377 -0.002306 0.119800
-0.014329 -0.001994 0.119400
-0.014269 -0.001683 0.118900
-0.014221 -0.001375 0.118500
-0.014173 -0.001070 0.118100
-0.014125 -0.000766 0.117700
-0.014065 -0.000464 0.117200
-0.014029 -0.000165 0.116900
-0.013981 0.000133 0.116500
-0.013981 0.000430 0.116500
-0.013933 0.000724 0.116100
-0.013897 0.001018 0.115800
-0.013861 0.001310 0.115500
-0.013825 0.001600 0.115200
-0.013801 0.001890 0.115000
-0.013765 0.002178 0.114700
-0.013741 0.002466 0.114500
-0.013705 0.002750 0.114200
-0.013669 0.003034 0.113900
-0.013633 0.003315 0.113600
-0.013597 0.003595 0.113300
-0.013561 0.003874 0.113000
-0.013525 0.004151 0.112700
-0.013501 0.004430 0.112500
-0.013465 0.004704 0.112200
-0.013441 0.004981 0.112000
-0.013429 0.005262 0.111900
-0.013405 0.005538 0.111700
-0.013393 0.005817 0.111600
-0.013369 0.006091 0.111400
-0.013357 0.006369 0.111300
-0.013345 0.006647 0.111200
-0.013285 0.006899 0.110700
-0.013201 0.007136 0.110000
-0.013201 0.007416 0.110000
-0.012865 0.007774 0.107200
-0.012769 0.007987 0.106400
-0.012733 0.008235 0.106100
-0.012709 0.008490 0.105900
-0.012685 0.008743 0.105700
-0.012661 0.008995 0.105500
-0.012661 0.009264 0.105500
-0.012661 0.009533 0.105500
-0.012649 0.009793 0.105400
-0.012637 0.010052 0.105300
-0.012637 0.010321 0.105300
-0.012637 0.010589 0.105300
-0.014683 -0.002306 0.119800
-0.014634 -0.001994 0.119400
-0.014573 -0.001683 0.118900
-0.014511 -0.001374 0.118400
-0.014462 -0.001069 0.118000
-0.014413 -0.000765 0.117600
-0.014364 -0.000464 0.117200
-0.014303 -0.000164 0.116700
-0.014266 0.000133 0.116400
-0.014266 0.000430 0.116400
-0.014229 0.000724 0.116100
-0.014193 0.001018 0.115800
-0.014144 0.001308 0.115400
-0.014119 0.001600 0.115200
-0.014082 0.001889 0.114900
-0.014058 0.002178 0.114700
-0.014033 0.002466 0.114500
-0.013997 0.002750 0.114200
-0.013960 0.003034 0.113900
-0.013923 0.003315 0.113600
-0.013886 0.003595 0.113300
-0.013862 0.003877 0.113100
-0.013825 0.004154 0.112800
-0.013788 0.004430 0.112500
-0.013764 0.004709 0.112300
-0.013727 0.004981 0.112000
-0.013715 0.005262 0.111900
-0.013702 0.005543 0.111800
-0.013678 0.005817 0.111600
-0.013653 0.006091 0.111400
-0.013641 0.006369 0.111300
-0.013629 0.006647 0.111200
-0.013568 0.006899 0.110700
-0.013482 0.007136 0.110000
-0.013482 0.007416 0.110000
-0.013102 0.008025 0.106900
-0.013041 0.008258 0.106400
-0.013016 0.008514 0.106200
-0.012979 0.008760 0.105900
-0.012967 0.009021 0.105800
-0.012943 0.009273 0.105600
-0.012930 0.009533 0.105500
-0.012918 0.009793 0.105400
-0.012918 0.010062 0.105400
-0.012906 0.010321 0.105300
-0.012906 0.010589 0.105300
-0.014989 -0.002306 0.119800
-0.014939 -0.001994 0.119400
-0.014876 -0.001683 0.118900
-0.014814 -0.001374 0.118400
-0.014764 -0.001069 0.118000
-0.014701 -0.000765 0.117500
-0.014651 -0.000463 0.117100
-0.014601 -0.000164 0.116700
-0.014564 0.000133 0.116400
-0.014564 0.000430 0.116400
-0.014514 0.000724 0.116000
-0.014476 0.001017 0.115700
-0.014438 0.001308 0.115400
-0.014401 0.001598 0.115100
-0.014376 0.001889 0.114900
-0.014338 0.002176 0.114600
-0.014326 0.002466 0.114500
-0.014288 0.002750 0.114200
-0.014251 0.003034 0.113900
-0.014213 0.003315 0.113600
-0.014176 0.003595 0.113300
-0.014151 0.003877 0.113100
-0.014113 0.004154 0.112800
-0.014076 0.004430 0.112500
-0.014051 0.004709 0.112300
-0.014026 0.004986 0.112100
-0.014001 0.005262 0.111900
-0.013988 0.005543 0.111800
-0.013963 0.005817 0.111600
-0.013951 0.006096 0.111500
-0.013913 0.006363 0.111200
-0.013900 0.006641 0.111100
-0.013863 0.006905 0.110800
-0.013800 0.007155 0.110300
-0.013738 0.007403 0.109800
-0.013650 0.007634 0.109100
-0.013563 0.007861 0.108400
-0.013425 0.008055 0.107300
-0.013362 0.008290 0.106800
-0.013312 0.008530 0.106400
-0.013275 0.008776 0.106100
-0.013250 0.009030 0.105900
-0.013225 0.009282 0.105700
-0.013212 0.009542 0.105600
-0.013187 0.009793 0.105400
-0.013187 0.010062 0.105400
-0.013175 0.010321 0.105300
-0.013175 0.010589 0.105300
-0.013162 0.010847 0.105200
-0.015295 -0.002306 0.119800
-0.015231 -0.001993 0.119300
-0.015180 -0.001683 0.118900
-0.015129 -0.001375 0.118500
-0.015065 -0.001069 0.118000
-0.015001 -0.000765 0.117500
-0.014938 -0.000463 0.117000
-0.014887 -0.000164 0.116600
-0.014848 0.000133 0.116300
-0.014848 0.000429 0.116300
-0.014797 0.000723 0.115900
-0.014759 0.001016 0.115600
-0.014721 0.001307 0.115300
-0.014695 0.001598 0.115100
-0.014657 0.001887 0.114800
-0.014631 0.002176 0.114600
-0.014606 0.002464 0.114400
-0.014567 0.002748 0.114100
-0.014542 0.003034 0.113900
-0.014504 0.003315 0.113600
-0.014465 0.003595 0.113300
-0.014440 0.003877 0.113100
-0.014401 0.004154 0.112800
-0.014363 0.004430 0.112500
-0.014338 0.004709 0.112300
-0.014312 0.004986 0.112100
-0.014287 0.005262 0.111900
-0.014274 0.005543 0.111800
-0.014248 0.005817 0.111600
-0.014223 0.006091 0.111400
-0.014197 0.006363 0.111200
-0.014184 0.006641 0.111100
-0.014146 0.006905 0.110800
-0.014082 0.007155 0.110300
-0.014018 0.007403 0.109800
-0.013929 0.007634 0.109100
-0.013840 0.007861 0.108400
-0.013801 0.008115 0.108100
-0.013725 0.008344 0.107500
-0.013623 0.008554 0.106700
-0.013572 0.008793 0.106300
-0.013533 0.009038 0.106000
-0.013495 0.009282 0.105700
-0.013495 0.009551 0.105700
-0.013469 0.009802 0.105500
-0.013457 0.010062 0.105400
-0.013457 0.010330 0.105400
-0.013444 0.010589 0.105300
-0.013444 0.010857 0.105300
-0.015588 -0.002305 0.119700
-0.015536 -0.001993 0.119300
-0.015484 -0.001683 0.118900
-0.015432 -0.001375 0.118500
-0.015367 -0.001069 0.118000
-0.015302 -0.000765 0.117500
-0.015237 -0.000463 0.117000
-0.015185 -0.000164 0.116600
-0.015132 0.000133 0.116200
-0.015132 0.000429 0.116200
-0.015093 0.000723 0.115900
-0.015054 0.001016 0.115600
-0.015015 0.001307 0.115300
-0.014976 0.001597 0.115000
-0.014937 0.001885 0.114700
-0.014924 0.002176 0.114600
-0.014885 0.002461 0.114300
-0.014846 0.002746 0.114000
-0.014820 0.003031 0.113800
-0.014794 0.003315 0.113600
-0.014755 0.003595 0.113300
-0.014716 0.003874 0.113000
-0.014677 0.004151 0.112700
-0.014651 0.004430 0.112500
-0.014625 0.004709 0.112300
-0.014598 0.004986 0.112100
-0.014572 0.005262 0.111900
-0.014559 0.005543 0.111800
-0.014533 0.005817 0.111600
-0.014507 0.006091 0.111400
-0.014481 0.006363 0.111200
-0.014455 0.006635 0.111000
-0.014429 0.006905 0.110800
-0.014377 0.007162 0.110400
-0.014312 0.007410 0.109900
-0.014247 0.007655 0.109400
-0.014169 0.007890 0.108800
-0.014078 0.008115 0.108100
-0.013999 0.008344 0.107500
-0.013934 0.008578 0.107000
-0.013882 0.008817 0.106600
-0.013830 0.009055 0.106200
-0.013791 0.009300 0.105900
-0.013778 0.009560 0.105800
-0.013752 0.009812 0.105600
-0.013739 0.010071 0.105500
-0.013726 0.010330 0.105400
-0.013726 0.010599 0.105400
-0.013713 0.010857 0.105300
-0.015894 -0.002305 0.119700
-0.015854 -0.001994 0.119400
-0.015801 -0.001684 0.119000
-0.015735 -0.001375 0.118500
-0.015668 -0.001069 0.118000
-0.015602 -0.000765 0.117500
-0.015536 -0.000463 0.117000
-0.015482 -0.000164 0.116600
-0.015429 0.000133 0.116200
-0.015389 0.000428 0.115900
-0.015389 0.000723 0.115900
-0.015350 0.001016 0.115600
-0.015310 0.001307 0.115300
-0.015270 0.001597 0.115000
-0.015230 0.001885 0.114700
-0.015204 0.002174 0.114500
-0.015177 0.002461 0.114300
-0.015137 0.002746 0.114000
-0.015111 0.003031 0.113800
-0.015071 0.003312 0.113500
-0.015031 0.003592 0.113200
-0.014991 0.003870 0.112900
-0.014965 0.004151 0.112700
-0.014938 0.004430 0.112500
-0.014911 0.004709 0.112300
-0.014885 0.004986 0.112100
-0.014858 0.005262 0.111900
-0.014845 0.005543 0.111800
-0.014805 0.005812 0.111500
-0.014792 0.006091 0.111400
-0.014752 0.006358 0.111100
-0.014726 0.006629 0.110900
-0.014712 0.006905 0.110800
-0.014672 0.007168 0.110500
-0.014619 0.007423 0.110100
-0.014553 0.007669 0.109600
-0.014500 0.007919 0.109200
-0.014407 0.008145 0.108500
-0.014327 0.008375 0.107900
-0.014248 0.008602 0.107300
-0.014248 0.008875 0.107300
-0.014128 0.009072 0.106400
-0.014088 0.009317 0.106100
-0.014048 0.009560 0.105800
-0.014022 0.009812 0.105600
-0.014009 0.010071 0.105500
-0.014009 0.010340 0.105500
-0.013995 0.010599 0.105400
-0.013982 0.010857 0.105300
-0.016213 -0.002306 0.119800
-0.016159 -0.001994 0.119400
-0.016105 -0.001684 0.119000
-0.016038 -0.001375 0.118500
-0.015970 -0.001069 0.118000
-0.015902 -0.000765 0.117500
-0.015835 -0.000463 0.117000
-0.015780 -0.000164 0.116600
-0.015726 0.000133 0.116200
-0.015686 0.000428 0.115900
-0.015686 0.000723 0.115900
-0.015645 0.001016 0.115600
-0.015604 0.001307 0.115300
-0.015564 0.001597 0.115000
-0.015523 0.001885 0.114700
-0.015496 0.002174 0.114500
-0.015456 0.002459 0.114200
-0.015415 0.002743 0.113900
-0.015374 0.003026 0.113600
-0.015334 0.003306 0.113300
-0.015293 0.003586 0.113000
-0.015266 0.003867 0.112800
-0.015239 0.004147 0.112600
-0.015212 0.004426 0.112400
-0.015185 0.004704 0.112200
-0.015158 0.004981 0.112000
-0.015144 0.005262 0.111900
-0.015117 0.005538 0.111700
-0.015090 0.005812 0.111500
-0.015063 0.006085 0.111300
-0.015036 0.006358 0.111100
-0.015009 0.006629 0.110900
-0.014968 0.006893 0.110600
-0.014941 0.007162 0.110400
-0.014914 0.007430 0.110200
-0.014860 0.007683 0.109800
-0.014806 0.007934 0.109400
-0.014725 0.008167 0.108800
-0.014725 0.008445 0.108800
-0.014562 0.008626 0.107600
-0.014562 0.008900 0.107600
-0.014454 0.009106 0.106800
-0.014373 0.009326 0.106200
-0.014332 0.009569 0.105900
-0.014292 0.009812 0.105600
-0.014292 0.010081 0.105600
-0.014278 0.010340 0.105500
-0.014278 0.010609 0.105500
-0.014265 0.010868 0.105400
-0.016520 -0.002306 0.119800
-0.016464 -0.001994 0.119400
-0.016409 -0.001684 0.119000
-0.016354 -0.001376 0.118600
-0.016285 -0.001070 0.118100
-0.016202 -0.000765 0.117500
-0.016133 -0.000463 0.117000
-0.016092 -0.000164 0.116700
-0.016037 0.000133 0.116300
-0.015996 0.000428 0.116000
-0.015996 0.000724 0.116000
-0.015954 0.001017 0.115700
-0.015899 0.001307 0.115300
-0.015858 0.001597 0.115000
-0.015816 0.001885 0.114700
-0.015775 0.002172 0.114400
-0.015734 0.002457 0.114100
-0.015692 0.002741 0.113800
-0.015651 0.003023 0.113500
-0.015609 0.003303 0.113200
-0.015568 0.003582 0.112900
-0.015541 0.003863 0.112700
-0.015513 0.004143 0.112500
-0.015485 0.004422 0.112300
-0.015458 0.004700 0.112100
-0.015444 0.004981 0.112000
-0.015416 0.005258 0.111800
-0.015389 0.005533 0.111600
-0.015361 0.005807 0.111400
-0.015334 0.006080 0.111200
-0.015306 0.006352 0.111000
-0.015279 0.006623 0.110800
-0.015251 0.006893 0.110600
-0.015223 0.007162 0.110400
-0.015168 0.007416 0.110000
-0.015127 0.007676 0.109700
-0.015099 0.007941 0.109500
-0.015017 0.008175 0.108900
-0.014961 0.008421 0.108500
-0.014851 0.008634 0.107700
-0.014851 0.008908 0.107700
-0.014727 0.009106 0.106800
-0.014672 0.009343 0.106400
-0.014617 0.009579 0.106000
-0.014575 0.009821 0.105700
-0.014575 0.010090 0.105700
-0.014561 0.010350 0.105600
-0.014548 0.010609 0.105500
-0.014548 0.010878 0.105500
-0.016826 -0.002306 0.119800
-0.016769 -0.001994 0.119400
-0.016713 -0.001684 0.119000
-0.016657 -0.001376 0.118600
-0.016587 -0.001070 0.118100
-0.016517 -0.000765 0.117600
-0.016446 -0.000463 0.117100
-0.016390 -0.000164 0.116700
-0.016348 0.000133 0.116400
-0.016306 0.000428 0.116100
-0.016306 0.000724 0.116100
-0.016250 0.001017 0.115700
-0.016208 0.001308 0.115400
-0.016152 0.001597 0.115000
-0.016095 0.001884 0.114600
-0.016053 0.002170 0.114300
-0.015997 0.002453 0.113900
-0.015955 0.002736 0.113600
-0.015913 0.003018 0.113300
-0.015885 0.003301 0.113100
-0.015843 0.003579 0.112800
-0.015828 0.003863 0.112700
-0.015786 0.004140 0.112400
-0.015772 0.004422 0.112300
-0.015744 0.004700 0.112100
-0.015716 0.004977 0.111900
-0.015702 0.005258 0.111800
-0.015674 0.005533 0.111600
-0.015646 0.005807 0.111400
-0.015604 0.006074 0.111100
-0.015576 0.006346 0.110900
-0.015562 0.006623 0.110800
-0.015520 0.006887 0.110500
-0.015491 0.007155 0.110300
-0.015449 0.007416 0.110000
-0.015407 0.007676 0.109700
-0.015393 0.007948 0.109600
-0.015309 0.008182 0.109000
-0.015239 0.008421 0.108500
-0.015168 0.008658 0.108000
-0.015168 0.008933 0.108000
-0.015028 0.009123 0.107000
-0.014958 0.009352 0.106500
-0.014902 0.009588 0.106100
-0.014859 0.009830 0.105800
-0.014845 0.010090 0.105700
-0.014831 0.010350 0.105600
-0.014831 0.010619 0.105600
-0.014817 0.010878 0.105500
-0.017132 -0.002306 0.119800
-0.017075 -0.001994 0.119400
-0.017017 -0.001684 0.119000
-0.016960 -0.001376 0.118600
-0.016903 -0.001070 0.118200
-0.016831 -0.000766 0.117700
-0.016760 -0.000464 0.117200
-0.016688 -0.000164 0.116700
-0.016646 0.000133 0.116400
-0.016588 0.000428 0.116000
-0.016588 0.000724 0.116000
-0.016545 0.001017 0.115700
-0.016488 0.001307 0.115300
-0.016431 0.001596 0.114900
-0.016374 0.001882 0.114500
-0.016317 0.002166 0.114100
-0.016288 0.002453 0.113900
-0.016231 0.002734 0.113500
-0.016202 0.003018 0.113300
-0.016159 0.003298 0.113000
-0.016116 0.003576 0.112700
-0.016088 0.003857 0.112500
-0.016074 0.004140 0.112400
-0.016045 0.004418 0.112200
-0.016016 0.004696 0.112000
-0.016002 0.004977 0.111900
-0.015973 0.005253 0.111700
-0.015945 0.005528 0.111500
-0.015931 0.005807 0.111400
-0.015888 0.006074 0.111100
-0.015859 0.006346 0.110900
-0.015830 0.006617 0.110700
-0.015802 0.006887 0.110500
-0.015773 0.007155 0.110300
-0.015730 0.007416 0.110000
-0.015687 0.007676 0.109700
-0.015673 0.007948 0.109600
-0.015602 0.008190 0.109100
-0.015516 0.008421 0.108500
-0.015444 0.008658 0.108000
-0.015444 0.008933 0.108000
-0.015316 0.009132 0.107100
-0.015244 0.009361 0.106600
-0.015187 0.009597 0.106200
-0.015158 0.009849 0.106000
-0.015144 0.010109 0.105900
-0.015115 0.010360 0.105700
-0.015115 0.010629 0.105700
-0.015101 0.010888 0.105600
-0.017438 -0.002306 0.119800
-0.017380 -0.001994 0.119400
-0.017321 -0.001684 0.119000
-0.017278 -0.001378 0.118700
-0.017205 -0.001070 0.118200
-0.017132 -0.000766 0.117700
-0.017059 -0.000464 0.117200
-0.016987 -0.000164 0.116700
-0.016928 0.000133 0.116300
-0.016870 0.000428 0.115900
-0.016870 0.000723 0.115900
-0.016827 0.001016 0.115600
-0.016768 0.001306 0.115200
-0.016696 0.001593 0.114700
-0.016637 0.001879 0.114300
-0.016594 0.002164 0.114000
-0.016594 0.002455 0.114000
-0.016521 0.002734 0.113500
-0.016477 0.003015 0.113200
-0.016434 0.003295 0.112900
-0.016390 0.003573 0.112600
-0.016375 0.003857 0.112500
-0.016346 0.004136 0.112300
-0.016317 0.004414 0.112100
-0.016303 0.004696 0.112000
-0.016273 0.004973 0.111800
-0.016244 0.005248 0.111600
-0.016230 0.005528 0.111500
-0.016201 0.005802 0.111300
-0.016172 0.006074 0.111100
-0.016128 0.006340 0.110800
-0.016099 0.006611 0.110600
-0.016070 0.006880 0.110400
-0.016055 0.007155 0.110300
-0.016011 0.007416 0.110000
-0.015968 0.007676 0.109700
-0.015924 0.007934 0.109400
-0.015851 0.008175 0.108900
-0.015779 0.008414 0.108400
-0.015720 0.008658 0.108000
-0.015720 0.008933 0.108000
-0.015589 0.009132 0.107100
-0.015531 0.009370 0.106700
-0.015473 0.009606 0.106300
-0.015429 0.009849 0.106000
-0.015429 0.010119 0.106000
-0.015415 0.010379 0.105900
-0.015400 0.010639 0.105800
-0.015386 0.010899 0.105700
-0.015371 0.011158 0.105600
-0.017759 -0.002308 0.119900
-0.017700 -0.001996 0.119500
-0.017626 -0.001684 0.119000
-0.017581 -0.001378 0.118700
-0.017507 -0.001070 0.118200
-0.017433 -0.000766 0.117700
-0.017359 -0.000464 0.117200
-0.017285 -0.000164 0.116700
-0.017226 0.000133 0.116300
-0.017166 0.000428 0.115900
-0.017166 0.000723 0.115900
-0.017122 0.001016 0.115600
-0.017048 0.001305 0.115100
-0.016989 0.001593 0.114700
-0.016929 0.001879 0.114300
-0.016870 0.002162 0.113900
-0.016826 0.002446 0.113600
-0.016781 0.002729 0.113300
-0.016752 0.003012 0.113100
-0.016707 0.003292 0.112800
-0.016663 0.003570 0.112500
-0.016648 0.003853 0.112400
-0.016633 0.004136 0.112300
-0.016604 0.004414 0.112100
-0.016574 0.004692 0.111900
-0.016559 0.004973 0.111800
-0.016529 0.005248 0.111600
-0.016515 0.005528 0.111500
-0.016470 0.005796 0.111200
-0.016441 0.006069 0.111000
-0.016411 0.006340 0.110800
-0.016381 0.006611 0.110600
-0.016352 0.006880 0.110400
-0.016322 0.007149 0.110200
-0.016292 0.007416 0.110000
-0.016248 0.007676 0.109700
-0.016204 0.007934 0.109400
-0.016130 0.008175 0.108900
-0.016056 0.008414 0.108400
-0.015996 0.008658 0.108000
-0.015996 0.008933 0.108000
-0.015878 0.009140 0.107200
-0.015804 0.009370 0.106700
-0.015759 0.009615 0.106400
-0.015730 0.009867 0.106200
-0.015715 0.010129 0.106100
-0.015700 0.010389 0.106000
-0.015685 0.010649 0.105900
-0.015685 0.010919 0.105900
-0.015656 0.011168 0.105700
-0.015656 0.011438 0.105700
-0.018065 -0.002308 0.119900
-0.018005 -0.001996 0.119500
-0.017960 -0.001687 0.119200
-0.017884 -0.001378 0.118700
-0.017809 -0.001070 0.118200
-0.017734 -0.000766 0.117700
-0.017658 -0.000464 0.117200
-0.017583 -0.000164 0.116700
-0.017523 0.000133 0.116300
-0.017462 0.000428 0.115900
-0.017462 0.000723 0.115900
-0.017402 0.001015 0.115500
-0.017327 0.001304 0.115000
-0.017267 0.001591 0.114600
-0.017206 0.001877 0.114200
-0.017161 0.002162 0.113900
-0.017116 0.002446 0.113600
-0.017071 0.002729 0.113300
-0.017041 0.003012 0.113100
-0.016995 0.003292 0.112800
-0.016950 0.003570 0.112500
-0.016935 0.003853 0.112400
-0.016920 0.004136 0.112300
-0.016875 0.004410 0.112000
-0.016860 0.004692 0.111900
-0.016815 0.004964 0.111600
-0.016800 0.005243 0.111500
-0.016784 0.005523 0.111400
-0.016754 0.005796 0.111200
-0.016724 0.006069 0.111000
-0.016694 0.006340 0.110800
-0.016664 0.006611 0.110600
-0.016634 0.006880 0.110400
-0.016604 0.007149 0.110200
-0.016574 0.007416 0.110000
-0.016528 0.007676 0.109700
-0.016483 0.007934 0.109400
-0.016423 0.008182 0.109000
-0.016348 0.008421 0.108500
-0.016302 0.008674 0.108200
-0.016242 0.008917 0.107800
-0.016182 0.009157 0.107400
-0.016122 0.009396 0.107000
-0.016076 0.009642 0.106700
-0.016031 0.009886 0.106400
-0.016001 0.010138 0.106200
-0.016001 0.010409 0.106200
-0.015986 0.010669 0.106100
-0.015971 0.010930 0.106000
-0.015956 0.011189 0.105900
-0.015956 0.011459 0.105900
-0.015926 0.011707 0.105700
-0.015926 0.011976 0.105700
-0.018372 -0.002308 0.119900
-0.018326 -0.001998 0.119600
-0.018264 -0.001687 0.119200
-0.018203 -0.001379 0.118800
-0.018111 -0.001070 0.118200
-0.018034 -0.000766 0.117700
-0.017958 -0.000464 0.117200
-0.017881 -0.000164 0.116700
-0.017805 0.000133 0.116200
-0.017743 0.000427 0.115800
-0.017743 0.000723 0.115800
-0.017682 0.001014 0.115400
-0.017605 0.001303 0.114900
-0.017544 0.001590 0.114500
-0.017483 0.001875 0.114100
-0.017437 0.002161 0.113800
-0.017406 0.002446 0.113600
-0.017360 0.002729 0.113300
-0.017330 0.003012 0.113100
-0.017284 0.003292 0.112800
-0.017238 0.003570 0.112500
-0.017222 0.003853 0.112400
-0.017192 0.004132 0.112200
-0.017161 0.004410 0.112000
-0.017130 0.004688 0.111800
-0.017100 0.004964 0.111600
-0.017084 0.005243 0.111500
-0.017054 0.005518 0.111300
-0.017023 0.005791 0.111100
-0.016993 0.006063 0.110900
-0.016977 0.006340 0.110800
-0.016931 0.006605 0.110500
-0.016901 0.006874 0.110300
-0.016870 0.007142 0.110100
-0.016855 0.007416 0.110000
-0.016809 0.007676 0.109700
-0.016763 0.007934 0.109400
-0.016701 0.008182 0.109000
-0.016640 0.008429 0.108600
-0.016579 0.008674 0.108200
-0.016518 0.008917 0.107800
-0.016456 0.009157 0.107400
-0.016410 0.009405 0.107100
-0.016364 0.009651 0.106800
-0.016318 0.009895 0.106500
-0.016303 0.010157 0.106400
-0.016288 0.010419 0.106300
-0.016272 0.010679 0.106200
-0.016272 0.010950 0.106200
-0.016257 0.011210 0.106100
-0.016242 0.011470 0.106000
-0.016226 0.011729 0.105900
-0.016226 0.011999 0.105900
-0.016211 0.012258 0.105800
-0.016196 0.012515 0.105700
-0.016196 0.012785 0.105700
-0.016196 0.013054 0.105700
-0.016180 0.013311 0.105600
-0.016180 0.013580 0.105600
-0.016165 0.013836 0.105500
-0.018678 -0.002308 0.119900
-0.018631 -0.001998 0.119600
-0.018569 -0.001687 0.119200
-0.018507 -0.001379 0.118800
-0.018413 -0.001070 0.118200
-0.018335 -0.000766 0.117700
-0.018257 -0.000464 0.117200
-0.018179 -0.000164 0.116700
-0.018102 0.000133 0.116200
-0.018024 0.000427 0.115700
-0.018024 0.000722 0.115700
-0.017961 0.001013 0.115300
-0.017883 0.001302 0.114800
-0.017837 0.001590 0.114500
-0.017774 0.001875 0.114100
-0.017728 0.002161 0.113800
-0.017696 0.002446 0.113600
-0.017650 0.002729 0.113300
-0.017619 0.003012 0.113100
-0.017572 0.003292 0.112800
-0.017525 0.003570 0.112500
-0.017510 0.003853 0.112400
-0.017478 0.004132 0.112200
-0.017447 0.004410 0.112000
-0.017416 0.004688 0.111800
-0.017369 0.004959 0.111500
-0.017354 0.005239 0.111400
-0.017323 0.005513 0.111200
-0.017307 0.005791 0.111100
-0.017276 0.006063 0.110900
-0.017245 0.006335 0.110700
-0.017214 0.006605 0.110500
-0.017182 0.006874 0.110300
-0.017151 0.007142 0.110100
-0.017120 0.007410 0.109900
-0.017089 0.007676 0.109700
-0.017027 0.007926 0.109300
-0.016980 0.008182 0.109000
-0.016918 0.008429 0.108600
-0.016871 0.008682 0.108300
-0.016809 0.008925 0.107900
-0.016762 0.009175 0.107600
-0.016715 0.009422 0.107300
-0.016668 0.009669 0.107000
-0.016622 0.009914 0.106700
-0.016606 0.010176 0.106600
-0.016590 0.010438 0.106500
-0.016575 0.010700 0.106400
-0.016559 0.010961 0.106300
-0.016559 0.011232 0.106300
-0.016544 0.011492 0.106200
-0.016528 0.011751 0.106100
-0.016513 0.012010 0.106000
-0.016513 0.012281 0.106000
-0.016497 0.012539 0.105900
-0.016497 0.012809 0.105900
-0.016497 0.013079 0.105900
-0.016481 0.013336 0.105800
-0.016466 0.013593 0.105700
-0.016466 0.013863 0.105700
-0.016450 0.014119 0.105600
-0.016450 0.014388 0.105600
-0.016450 0.014657 0.105600
-0.019000 -0.002310 0.120000
-0.018937 -0.001998 0.119600
-0.018889 -0.001689 0.119300
-0.018810 -0.001379 0.118800
-0.018715 -0.001070 0.118200
-0.018636 -0.000766 0.117700
-0.018557 -0.000464 0.117200
-0.018462 -0.000164 0.116600
-0.018383 0.000132 0.116100
-0.018303 0.000427 0.115600
-0.018303 0.000721 0.115600
-0.018224 0.001012 0.115100
-0.018161 0.001300 0.114700
-0.018098 0.001587 0.114300
-0.018050 0.001874 0.114000
-0.018018 0.002161 0.113800
-0.017987 0.002446 0.113600
-0.017955 0.002731 0.113400
-0.017908 0.003012 0.113100
-0.017860 0.003292 0.112800
-0.017828 0.003573 0.112600
-0.017797 0.003853 0.112400
-0.017765 0.004132 0.112200
-0.017733 0.004410 0.112000
-0.017702 0.004688 0.111800
-0.017654 0.004959 0.111500
-0.017638 0.005239 0.111400
-0.017607 0.005513 0.111200
-0.017575 0.005786 0.111000
-0.017543 0.006058 0.110800
-0.017512 0.006329 0.110600
-0.017480 0.006599 0.110400
-0.017448 0.006868 0.110200
-0.017417 0.007136 0.110000
-0.017401 0.007410 0.109900
-0.017353 0.007669 0.109600
-0.017306 0.007926 0.109300
-0.017258 0.008182 0.109000
-0.017195 0.008429 0.108600
-0.017148 0.008682 0.108300
-0.017100 0.008933 0.108000
-0.017037 0.009175 0.107600
-0.016989 0.009422 0.107300
-0.016942 0.009669 0.107000
-0.016926 0.009932 0.106900
-0.016910 0.010195 0.106800
-0.016894 0.010458 0.106700
-0.016878 0.010720 0.106600
-0.016878 0.010991 0.106600
-0.016863 0.011253 0.106500
-0.016847 0.011513 0.106400
-0.016831 0.011773 0.106300
-0.016815 0.012033 0.106200
-0.016815 0.012304 0.106200
-0.016799 0.012563 0.106100
-0.016799 0.012833 0.106100
-0.016783 0.013091 0.106000
-0.016783 0.013362 0.106000
-0.016768 0.013619 0.105900
-0.016768 0.013889 0.105900
-0.016752 0.014145 0.105800
-0.016736 0.014402 0.105700
-0.016736 0.014671 0.105700
-0.016736 0.014940 0.105700
-0.016736 0.015210 0.105700
-0.019291 -0.002308 0.119900
-0.019242 -0.001998 0.119600
-0.019194 -0.001689 0.119300
-0.019114 -0.001379 0.118800
-0.019017 -0.001070 0.118200
-0.018937 -0.000766 0.117700
-0.018840 -0.000463 0.117100
-0.018760 -0.000164 0.116600
-0.018647 0.000132 0.115900
-0.018583 0.000426 0.115500
-0.018583 0.000721 0.115500
-0.018502 0.001011 0.115000
-0.018438 0.001299 0.114600
-0.018390 0.001587 0.114300
-0.018341 0.001874 0.114000
-0.018309 0.002161 0.113800
-0.018277 0.002446 0.113600
-0.018245 0.002731 0.113400
-0.018197 0.003012 0.113100
-0.018164 0.003295 0.112900
-0.018132 0.003576 0.112700
-0.018084 0.003853 0.112400
-0.018052 0.004132 0.112200
-0.018020 0.004410 0.112000
-0.017987 0.004688 0.111800
-0.017939 0.004959 0.111500
-0.017907 0.005234 0.111300
-0.017875 0.005508 0.111100
-0.017859 0.005786 0.111000
-0.017827 0.006058 0.110800
-0.017794 0.006329 0.110600
-0.017762 0.006599 0.110400
-0.017714 0.006862 0.110100
-0.017698 0.007136 0.110000
-0.017666 0.007403 0.109800
-0.017633 0.007669 0.109600
-0.017585 0.007926 0.109300
-0.017553 0.008190 0.109100
-0.017489 0.008437 0.108700
-0.017456 0.008698 0.108500
-0.017408 0.008950 0.108200
-0.017360 0.009200 0.107900
-0.017312 0.009449 0.107600
-0.017263 0.009696 0.107300
-0.017231 0.009951 0.107100
-0.017215 0.010214 0.107000
-0.017199 0.010477 0.106900
-0.017183 0.010740 0.106800
-0.017183 0.011012 0.106800
-0.017167 0.011274 0.106700
-0.017151 0.011535 0.106600
-0.017135 0.011796 0.106500
-0.017135 0.012067 0.106500
-0.017119 0.012327 0.106400
-0.017119 0.012598 0.106400
-0.017103 0.012857 0.106300
-0.017086 0.013116 0.106200
-0.017086 0.013387 0.106200
-0.017070 0.013645 0.106100
-0.017070 0.013915 0.106100
-0.017054 0.014172 0.106000
-0.017054 0.014442 0.106000
-0.017038 0.014699 0.105900
-0.017038 0.014969 0.105900
-0.017022 0.015224 0.105800
-0.017022 0.015494 0.105800
-0.017006 0.015749 0.105700
-0.019597 -0.002308 0.119900
-0.019548 -0.001998 0.119600
-0.019499 -0.001689 0.119300
-0.019417 -0.001379 0.118800
-0.019319 -0.001070 0.118200
-0.019237 -0.000766 0.117700
-0.019139 -0.000463 0.117100
-0.019041 -0.000164 0.116500
-0.018943 0.000132 0.115900
-0.018861 0.000426 0.115400
-0.018861 0.000720 0.115400
-0.018780 0.001010 0.114900
-0.018714 0.001298 0.114500
-0.018665 0.001586 0.114200
-0.018633 0.001874 0.114000
-0.018600 0.002161 0.113800
-0.018567 0.002446 0.113600
-0.018535 0.002731 0.113400
-0.018502 0.003015 0.113200
-0.018453 0.003295 0.112900
-0.018420 0.003576 0.112700
-0.018371 0.003853 0.112400
-0.018338 0.004132 0.112200
-0.018306 0.004410 0.112000
-0.018273 0.004688 0.111800
-0.018224 0.004959 0.111500
-0.018191 0.005234 0.111300
-0.018159 0.005508 0.111100
-0.018126 0.005781 0.110900
-0.018093 0.006052 0.110700
-0.018061 0.006323 0.110500
-0.018028 0.006593 0.110300
-0.017995 0.006862 0.110100
-0.017963 0.007129 0.109900
-0.017946 0.007403 0.109800
-0.017914 0.007669 0.109600
-0.017864 0.007926 0.109300
-0.017832 0.008190 0.109100
-0.017783 0.008445 0.108800
-0.017734 0.008698 0.108500
-0.017701 0.008958 0.108300
-0.017652 0.009209 0.108000
-0.017619 0.009466 0.107800
-0.017570 0.009714 0.107500
-0.017538 0.009970 0.107300
-0.017521 0.010234 0.107200
-0.017505 0.010497 0.107100
-0.017505 0.010770 0.107100
-0.017489 0.011033 0.107000
-0.017472 0.011295 0.106900
-0.017472 0.011567 0.106900
-0.017456 0.011829 0.106800
-0.017440 0.012090 0.106700
-0.017423 0.012350 0.106600
-0.017423 0.012622 0.106600
-0.017407 0.012882 0.106500
-0.017390 0.013141 0.106400
-0.017390 0.013412 0.106400
-0.017374 0.013670 0.106300
-0.017374 0.013941 0.106300
-0.017358 0.014199 0.106200
-0.017341 0.014456 0.106100
-0.017341 0.014727 0.106100
-0.017341 0.014997 0.106100
-0.017325 0.015253 0.106000
-0.017325 0.015523 0.106000
-0.017309 0.015779 0.105900
-0.017292 0.016033 0.105800
-0.017276 0.016288 0.105700
-0.019887 -0.002306 0.119800
-0.019854 -0.001998 0.119600
-0.019787 -0.001687 0.119200
-0.019721 -0.001379 0.118800
-0.019621 -0.001070 0.118200
-0.019522 -0.000765 0.117600
-0.019439 -0.000463 0.117100
-0.019339 -0.000164 0.116500
-0.019239 0.000132 0.115900
-0.019156 0.000426 0.115400
-0.019156 0.000720 0.115400
-0.019073 0.001010 0.114900
-0.019007 0.001298 0.114500
-0.018957 0.001586 0.114200
-0.018924 0.001874 0.114000
-0.018891 0.002161 0.113800
-0.018874 0.002448 0.113700
-0.018841 0.002734 0.113500
-0.018791 0.003015 0.113200
-0.018741 0.003295 0.112900
-0.018708 0.003576 0.112700
-0.018658 0.003853 0.112400
-0.018625 0.004132 0.112200
-0.018592 0.004410 0.112000
-0.018542 0.004683 0.111700
-0.018509 0.004959 0.111500
-0.018459 0.005229 0.111200
-0.018443 0.005508 0.111100
-0.018409 0.005781 0.110900
-0.018376 0.006052 0.110700
-0.018343 0.006323 0.110500
-0.018310 0.006593 0.110300
-0.018260 0.006855 0.110000
-0.018243 0.007129 0.109900
-0.018210 0.007396 0.109700
-0.018194 0.007669 0.109600
-0.018144 0.007926 0.109300
-0.018111 0.008190 0.109100
-0.018077 0.008453 0.108900
-0.018028 0.008706 0.108600
-0.017994 0.008966 0.108400
-0.017961 0.009226 0.108200
-0.017911 0.009475 0.107900
-0.017878 0.009732 0.107700
-0.017845 0.009988 0.107500
-0.017828 0.010253 0.107400
-0.017812 0.010517 0.107300
-0.017795 0.010780 0.107200
-0.017795 0.011053 0.107200
-0.017779 0.011316 0.107100
-0.017762 0.011578 0.107000
-0.017762 0.011851 0.107000
-0.017745 0.012112 0.106900
-0.017729 0.012373 0.106800
-0.017729 0.012646 0.106800
-0.017712 0.012906 0.106700
-0.017712 0.013178 0.106700
-0.017696 0.013437 0.106600
-0.017679 0.013696 0.106500
-0.017662 0.013954 0.106400
-0.017662 0.014226 0.106400
-0.017646 0.014483 0.106300
-0.017629 0.014740 0.106200
-0.017629 0.015011 0.106200
-0.017629 0.015282 0.106200
-0.017613 0.015538 0.106100
-0.017596 0.015794 0.106000
-0.017596 0.016064 0.106000
-0.017579 0.016319 0.105900
-0.017579 0.016588 0.105900
-0.020159 -0.001998 0.119600
-0.020092 -0.001687 0.119200
-0.020024 -0.001379 0.118800
-0.019923 -0.001070 0.118200
-0.019822 -0.000765 0.117600
-0.019738 -0.000463 0.117100
-0.019637 -0.000164 0.116500
-0.019536 0.000132 0.115900
-0.019451 0.000426 0.115400
-0.019451 0.000720 0.115400
-0.019367 0.001010 0.114900
-0.019300 0.001298 0.114500
-0.019266 0.001587 0.114300
-0.019215 0.001874 0.114000
-0.019198 0.002162 0.113900
-0.019182 0.002451 0.113800
-0.019131 0.002734 0.113500
-0.019080 0.003015 0.113200
-0.019030 0.003295 0.112900
-0.018996 0.003576 0.112700
-0.018946 0.003853 0.112400
-0.018895 0.004129 0.112100
-0.018861 0.004407 0.111900
-0.018828 0.004683 0.111700
-0.018777 0.004955 0.111400
-0.018743 0.005229 0.111200
-0.018710 0.005503 0.111000
-0.018676 0.005775 0.110800
-0.018642 0.006047 0.110600
-0.018608 0.006317 0.110400
-0.018592 0.006593 0.110300
-0.018541 0.006855 0.110000
-0.018507 0.007123 0.109800
-0.018490 0.007396 0.109700
-0.018457 0.007662 0.109500
-0.018423 0.007926 0.109300
-0.018389 0.008190 0.109100
-0.018356 0.008453 0.108900
-0.018322 0.008714 0.108700
-0.018288 0.008975 0.108500
-0.018254 0.009234 0.108300
-0.018221 0.009493 0.108100
-0.018187 0.009750 0.107900
-0.018153 0.010007 0.107700
-0.018137 0.010272 0.107600
-0.018120 0.010536 0.107500
-0.018103 0.010800 0.107400
-0.018086 0.011064 0.107300
-0.018086 0.011337 0.107300
-0.018069 0.011600 0.107200
-0.018052 0.011862 0.107100
-0.018052 0.012135 0.107100
-0.018035 0.012397 0.107000
-0.018035 0.012669 0.107000
-0.018019 0.012930 0.106900
-0.018002 0.013190 0.106800
-0.018002 0.013462 0.106800
-0.017985 0.013722 0.106700
-0.017968 0.013981 0.106600
-0.017968 0.014252 0.106600
-0.017951 0.014511 0.106500
-0.017934 0.014768 0.106400
-0.017934 0.015039 0.106400
-0.017917 0.015296 0.106300
-0.017917 0.015567 0.106300
-0.017901 0.015823 0.106200
-0.017884 0.016079 0.106100
-0.017867 0.016334 0.106000
-0.017867 0.016604 0.106000
-0.017867 0.016874 0.106000
-0.017850 0.017128 0.105900
-0.020448 -0.001996 0.119500
-0.020396 -0.001687 0.119200
-0.020311 -0.001378 0.118700
-0.020225 -0.001070 0.118200
-0.020140 -0.000766 0.117700
-0.020054 -0.000464 0.117200
-0.019951 -0.000164 0.116600
-0.019849 0.000132 0.116000
-0.019763 0.000426 0.115500
-0.019763 0.000721 0.115500
-0.019678 0.001011 0.115000
-0.019609 0.001299 0.114600
-0.019558 0.001587 0.114300
-0.019524 0.001875 0.114100
-0.019489 0.002162 0.113900
-0.019472 0.002451 0.113800
-0.019421 0.002734 0.113500
-0.019370 0.003015 0.113200
-0.019318 0.003295 0.112900
-0.019284 0.003576 0.112700
-0.019233 0.003853 0.112400
-0.019181 0.004129 0.112100
-0.019147 0.004407 0.111900
-0.019096 0.004679 0.111600
-0.019062 0.004955 0.111400
-0.019010 0.005225 0.111100
-0.018993 0.005503 0.111000
-0.018959 0.005775 0.110800
-0.018925 0.006047 0.110600
-0.018891 0.006317 0.110400
-0.018856 0.006587 0.110200
-0.018822 0.006855 0.110000
-0.018788 0.007123 0.109800
-0.018754 0.007389 0.109600
-0.018737 0.007662 0.109500
-0.018702 0.007926 0.109300
-0.018668 0.008190 0.109100
-0.018651 0.008460 0.109000
-0.018600 0.008714 0.108700
-0.018583 0.008983 0.108600
-0.018548 0.009243 0.108400
-0.018514 0.009501 0.108200
-0.018480 0.009759 0.108000
-0.018463 0.010025 0.107900
-0.018446 0.010291 0.107800
-0.018429 0.010556 0.107700
-0.018411 0.010820 0.107600
-0.018394 0.011084 0.107500
-0.018377 0.011348 0.107400
-0.018377 0.011622 0.107400
-0.018360 0.011884 0.107300
-0.018343 0.012146 0.107200
-0.018343 0.012420 0.107200
-0.018326 0.012681 0.107100
-0.018326 0.012954 0.107100
-0.018309 0.013215 0.107000
-0.018292 0.013475 0.106900
-0.018292 0.013748 0.106900
-0.018275 0.014007 0.106800
-0.018257 0.014266 0.106700
-0.018257 0.014538 0.106700
-0.018240 0.014796 0.106600
-0.018223 0.015054 0.106500
-0.018223 0.015325 0.106500
-0.018206 0.015582 0.106400
-0.018189 0.015838 0.106300
-0.018172 0.016094 0.106200
-0.018172 0.016365 0.106200
-0.018155 0.016620 0.106100
-0.018155 0.016890 0.106100
-0.018138 0.017145 0.106000
-0.018138 0.017415 0.106000
-0.020753 -0.001996 0.119500
-0.020701 -0.001687 0.119200
-0.020614 -0.001378 0.118700
-0.020527 -0.001070 0.118200
-0.020440 -0.000766 0.117700
-0.020354 -0.000464 0.117200
-0.020249 -0.000164 0.116600
-0.020163 0.000132 0.116100
-0.020076 0.000427 0.115600
-0.020076 0.000721 0.115600
-0.019989 0.001012 0.115100
-0.019919 0.001300 0.114700
-0.019867 0.001589 0.114400
-0.019833 0.001877 0.114200
-0.019798 0.002164 0.114000
-0.019763 0.002451 0.113800
-0.019711 0.002734 0.113500
-0.019659 0.003015 0.113200
-0.019607 0.003295 0.112900
-0.019572 0.003576 0.112700
-0.019520 0.003853 0.112400
-0.019468 0.004129 0.112100
-0.019433 0.004407 0.111900
-0.019381 0.004679 0.111600
-0.019346 0.004955 0.111400
-0.019294 0.005225 0.111100
-0.019259 0.005498 0.110900
-0.019242 0.005775 0.110800
-0.019207 0.006047 0.110600
-0.019173 0.006317 0.110400
-0.019138 0.006587 0.110200
-0.019103 0.006855 0.110000
-0.019068 0.007123 0.109800
-0.019034 0.007389 0.109600
-0.018999 0.007655 0.109400
-0.018982 0.007926 0.109300
-0.018964 0.008197 0.109200
-0.018930 0.008460 0.109000
-0.018912 0.008730 0.108900
-0.018860 0.008983 0.108600
-0.018843 0.009251 0.108500
-0.018808 0.009510 0.108300
-0.018791 0.009777 0.108200
-0.018756 0.010035 0.108000
-0.018738 0.010300 0.107900
-0.018738 0.010575 0.107900
-0.018704 0.010830 0.107700
-0.018704 0.011105 0.107700
-0.018686 0.011369 0.107600
-0.018669 0.011632 0.107500
-0.018652 0.011895 0.107400
-0.018652 0.012169 0.107400
-0.018634 0.012431 0.107300
-0.018617 0.012693 0.107200
-0.018617 0.012966 0.107200
-0.018600 0.013227 0.107100
-0.018600 0.013500 0.107100
-0.018582 0.013760 0.107000
-0.018565 0.014020 0.106900
-0.018565 0.014293 0.106900
-0.018547 0.014551 0.106800
-0.018530 0.014810 0.106700
-0.018513 0.015068 0.106600
-0.018513 0.015339 0.106600
-0.018513 0.015611 0.106600
-0.018495 0.015868 0.106500
-0.018478 0.016124 0.106400
-0.018461 0.016380 0.106300
-0.018443 0.016635 0.106200
-0.018443 0.016906 0.106200
-0.018426 0.017161 0.106100
-0.018426 0.017431 0.106100
-0.018426 0.017702 0.106100
-0.018513 0.022133 0.106600
-0.018530 0.022426 0.106700
-0.018530 0.022698 0.106700
-0.018547 0.022991 0.106800
-0.018565 0.023285 0.106900
-0.021005 -0.001687 0.119200
-0.020917 -0.001378 0.118700
-0.020829 -0.001070 0.118200
-0.020741 -0.000766 0.117700
-0.020671 -0.000464 0.117300
-0.020565 -0.000164 0.116700
-0.020477 0.000133 0.116200
-0.020389 0.000427 0.115700
-0.020389 0.000722 0.115700
-0.020301 0.001012 0.115200
-0.020230 0.001302 0.114800
-0.020177 0.001590 0.114500
-0.020124 0.001877 0.114200
-0.020089 0.002164 0.114000
-0.020054 0.002451 0.113800
-0.020001 0.002734 0.113500
-0.019948 0.003015 0.113200
-0.019878 0.003292 0.112800
-0.019842 0.003573 0.112600
-0.019807 0.003853 0.112400
-0.019754 0.004129 0.112100
-0.019719 0.004407 0.111900
-0.019666 0.004679 0.111600
-0.019631 0.004955 0.111400
-0.019578 0.005225 0.111100
-0.019543 0.005498 0.110900
-0.019508 0.005770 0.110700
-0.019472 0.006042 0.110500
-0.019455 0.006317 0.110400
-0.019402 0.006581 0.110100
-0.019367 0.006849 0.109900
-0.019349 0.007123 0.109800
-0.019314 0.007389 0.109600
-0.019279 0.007655 0.109400
-0.019261 0.007926 0.109300
-0.019243 0.008197 0.109200
-0.019208 0.008460 0.109000
-0.019190 0.008730 0.108900
-0.019155 0.008991 0.108700
-0.019138 0.009260 0.108600
-0.019102 0.009519 0.108400
-0.019085 0.009786 0.108300
-0.019067 0.010053 0.108200
-0.019049 0.010319 0.108100
-0.019032 0.010585 0.108000
-0.019014 0.010850 0.107900
-0.018997 0.011115 0.107800
-0.018979 0.011379 0.107700
-0.018961 0.011643 0.107600
-0.018944 0.011906 0.107500
-0.018944 0.012180 0.107500
-0.018926 0.012443 0.107400
-0.018908 0.012705 0.107300
-0.018908 0.012978 0.107300
-0.018891 0.013240 0.107200
-0.018891 0.013513 0.107200
-0.018873 0.013773 0.107100
-0.018873 0.014046 0.107100
-0.018856 0.014306 0.107000
-0.018856 0.014579 0.107000
-0.018838 0.014838 0.106900
-0.018820 0.015096 0.106800
-0.018820 0.015368 0.106800
-0.018803 0.015626 0.106700
-0.018785 0.015883 0.106600
-0.018767 0.016139 0.106500
-0.018767 0.016411 0.106500
-0.018750 0.016667 0.106400
-0.018732 0.016922 0.106300
-0.018732 0.017193 0.106300
-0.018715 0.017448 0.106200
-0.018715 0.017718 0.106200
-0.018715 0.017989 0.106200
-0.018715 0.018260 0.106200
-0.018785 0.021318 0.106600
-0.018803 0.021610 0.106700
-0.018820 0.021902 0.106800
-0.018838 0.022195 0.106900
-0.018856 0.022489 0.107000
-0.018856 0.022762 0.107000
-0.018873 0.023056 0.107100
-0.018891 0.023351 0.107200
-0.018891 0.023624 0.107200
-0.018908 0.023920 0.107300
-0.021310 -0.001687 0.119200
-0.021221 -0.001378 0.118700
-0.021131 -0.001070 0.118200
-0.021060 -0.000766 0.117800
-0.020988 -0.000465 0.117400
-0.020899 -0.000165 0.116900
-0.020792 0.000133 0.116300
-0.020720 0.000428 0.115900
-0.020720 0.000723 0.115900
-0.020631 0.001014 0.115400
-0.020541 0.001303 0.114900
-0.020488 0.001591 0.114600
-0.020434 0.001879 0.114300
-0.020380 0.002164 0.114000
-0.020345 0.002451 0.113800
-0.020291 0.002734 0.113500
-0.020237 0.003015 0.113200
-0.020166 0.003292 0.112800
-0.020112 0.003570 0.112500
-0.020076 0.003850 0.112300
-0.020041 0.004129 0.112100
-0.020005 0.004407 0.111900
-0.019951 0.004679 0.111600
-0.019916 0.004955 0.111400
-0.019862 0.005225 0.111100
-0.019826 0.005498 0.110900
-0.019790 0.005770 0.110700
-0.019755 0.006042 0.110500
-0.019737 0.006317 0.110400
-0.019683 0.006581 0.110100
-0.019647 0.006849 0.109900
-0.019630 0.007123 0.109800
-0.019594 0.007389 0.109600
-0.019558 0.007655 0.109400
-0.019540 0.007926 0.109300
-0.019522 0.008197 0.109200
-0.019504 0.008468 0.109100
-0.019469 0.008730 0.108900
-0.019433 0.008991 0.108700
-0.019415 0.009260 0.108600
-0.019397 0.009528 0.108500
-0.019379 0.009795 0.108400
-0.019361 0.010062 0.108300
-0.019344 0.010329 0.108200
-0.019326 0.010595 0.108100
-0.019308 0.010861 0.108000
-0.019290 0.011126 0.107900
-0.019272 0.011390 0.107800
-0.019254 0.011654 0.107700
-0.019236 0.011917 0.107600
-0.019218 0.012180 0.107500
-0.019218 0.012454 0.107500
-0.019200 0.012717 0.107400
-0.019183 0.012978 0.107300
-0.019183 0.013252 0.107300
-0.019183 0.013525 0.107300
-0.019165 0.013786 0.107200
-0.019165 0.014059 0.107200
-0.019147 0.014319 0.107100
-0.019147 0.014592 0.107100
-0.019129 0.014851 0.107000
-0.019111 0.015110 0.106900
-0.019111 0.015383 0.106900
-0.019111 0.015655 0.106900
-0.019093 0.015913 0.106800
-0.019075 0.016170 0.106700
-0.019057 0.016426 0.106600
-0.019057 0.016698 0.106600
-0.019040 0.016954 0.106500
-0.019022 0.017209 0.106400
-0.019022 0.017481 0.106400
-0.019022 0.017752 0.106400
-0.019004 0.018006 0.106300
-0.019004 0.018277 0.106300
-0.019004 0.018548 0.106300
-0.019004 0.018819 0.106300
-0.019040 0.020212 0.106500
-0.019057 0.020503 0.106600
-0.019075 0.020794 0.106700
-0.019093 0.021086 0.106800
-0.019111 0.021378 0.106900
-0.019147 0.021691 0.107100
-0.019165 0.021984 0.107200
-0.019165 0.022258 0.107200
-0.019200 0.022573 0.107400
-0.019200 0.022847 0.107400
-0.019200 0.023121 0.107400
-0.019218 0.023416 0.107500
-0.019218 0.023690 0.107500
-0.019236 0.023986 0.107600
-0.019236 0.024261 0.107600
-0.019254 0.024558 0.107700
-0.021596 -0.001686 0.119100
-0.021524 -0.001378 0.118700
-0.021451 -0.001071 0.118300
-0.021361 -0.000766 0.117800
-0.021306 -0.000465 0.117500
-0.021216 -0.000165 0.117000
-0.021107 0.000133 0.116400
-0.021052 0.000428 0.116100
-0.020998 0.000723 0.115800
-0.020962 0.001016 0.115600
-0.020889 0.001306 0.115200
-0.020799 0.001593 0.114700
-0.020762 0.001882 0.114500
-0.020690 0.002166 0.114100
-0.020635 0.002451 0.113800
-0.020581 0.002734 0.113500
-0.020509 0.003012 0.113100
-0.020454 0.003292 0.112800
-0.020400 0.003570 0.112500
-0.020363 0.003850 0.112300
-0.020327 0.004129 0.112100
-0.020291 0.004407 0.111900
-0.020237 0.004679 0.111600
-0.020200 0.004955 0.111400
-0.020146 0.005225 0.111100
-0.020110 0.005498 0.110900
-0.020091 0.005775 0.110800
-0.020055 0.006047 0.110600
-0.020019 0.006317 0.110400
-0.019983 0.006587 0.110200
-0.019946 0.006855 0.110000
-0.019910 0.007123 0.109800
-0.019874 0.007389 0.109600
-0.019838 0.007655 0.109400
-0.019819 0.007926 0.109300
-0.019801 0.008197 0.109200
-0.019765 0.008460 0.109000
-0.019747 0.008730 0.108900
-0.019729 0.008999 0.108800
-0.019711 0.009268 0.108700
-0.019674 0.009528 0.108500
-0.019656 0.009795 0.108400
-0.019638 0.010062 0.108300
-0.019620 0.010329 0.108200
-0.019602 0.010595 0.108100
-0.019602 0.010871 0.108100
-0.019584 0.011136 0.108000
-0.019566 0.011401 0.107900
-0.019529 0.011654 0.107700
-0.019529 0.011929 0.107700
-0.019511 0.012192 0.107600
-0.019493 0.012454 0.107500
-0.019493 0.012729 0.107500
-0.019475 0.012990 0.107400
-0.019475 0.013264 0.107400
-0.019457 0.013525 0.107300
-0.019457 0.013799 0.107300
-0.019457 0.014072 0.107300
-0.019457 0.014346 0.107300
-0.019439 0.014606 0.107200
-0.019439 0.014879 0.107200
-0.019421 0.015138 0.107100
-0.019421 0.015411 0.107100
-0.019402 0.015670 0.107000
-0.019402 0.015943 0.107000
-0.019384 0.016200 0.106900
-0.019366 0.016457 0.106800
-0.019348 0.016714 0.106700
-0.019348 0.016986 0.106700
-0.019330 0.017242 0.106600
-0.019330 0.017513 0.106600
-0.019312 0.017768 0.106500
-0.019312 0.018040 0.106500
-0.019330 0.018329 0.106600
-0.019330 0.018600 0.106600
-0.019330 0.018872 0.106600
-0.019330 0.019144 0.106600
-0.019348 0.019434 0.106700
-0.019366 0.019724 0.106800
-0.019366 0.019997 0.106800
-0.019384 0.020288 0.106900
-0.019402 0.020580 0.107000
-0.019439 0.020891 0.107200
-0.019457 0.021184 0.107300
-0.019475 0.021478 0.107400
-0.019493 0.021772 0.107500
-0.019511 0.022066 0.107600
-0.019529 0.022361 0.107700
-0.019547 0.022657 0.107800
-0.019547 0.022932 0.107800
-0.019566 0.023228 0.107900
-0.019566 0.023503 0.107900
-0.019566 0.023778 0.107900
-0.019566 0.024053 0.107900
-0.019566 0.024328 0.107900
-0.019584 0.024626 0.108000
-0.019584 0.024902 0.108000
-0.019584 0.025177 0.108000
-0.021901 -0.001686 0.119100
-0.021827 -0.001378 0.118700
-0.021754 -0.001071 0.118300
-0.021680 -0.000767 0.117900
-0.021625 -0.000465 0.117600
-0.021533 -0.000165 0.117100
-0.021459 0.000133 0.116700
-0.021368 0.000429 0.116200
-0.021294 0.000723 0.115800
-0.021294 0.001018 0.115800
-0.021202 0.001307 0.115300
-0.021128 0.001596 0.114900
-0.021055 0.001882 0.114500
-0.021000 0.002168 0.114200
-0.020926 0.002451 0.113800
-0.020871 0.002734 0.113500
-0.020797 0.003012 0.113100
-0.020742 0.003292 0.112800
-0.020687 0.003570 0.112500
-0.020650 0.003850 0.112300
-0.020595 0.004125 0.112000
-0.020558 0.004403 0.111800
-0.020522 0.004679 0.111600
-0.020485 0.004955 0.111400
-0.020430 0.005225 0.111100
-0.020393 0.005498 0.110900
-0.020375 0.005775 0.110800
-0.020338 0.006047 0.110600
-0.020301 0.006317 0.110400
-0.020264 0.006587 0.110200
-0.020227 0.006855 0.110000
-0.020191 0.007123 0.109800
-0.020154 0.007389 0.109600
-0.020117 0.007655 0.109400
-0.020099 0.007926 0.109300
-0.020080 0.008197 0.109200
-0.020044 0.008460 0.109000
-0.020025 0.008730 0.108900
-0.019988 0.008991 0.108700
-0.019970 0.009260 0.108600
-0.019970 0.009537 0.108600
-0.019952 0.009804 0.108500
-0.019933 0.010072 0.108400
-0.019915 0.010339 0.108300
-0.019896 0.010605 0.108200
-0.019878 0.010871 0.108100
-0.019860 0.011136 0.108000
-0.019841 0.011401 0.107900
-0.019823 0.011665 0.107800
-0.019805 0.011929 0.107700
-0.019786 0.012192 0.107600
-0.019786 0.012466 0.107600
-0.019768 0.012729 0.107500
-0.019768 0.013003 0.107500
-0.019749 0.013264 0.107400
-0.019749 0.013538 0.107400
-0.019749 0.013812 0.107400
-0.019749 0.014086 0.107400
-0.019749 0.014359 0.107400
-0.019731 0.014620 0.107300
-0.019731 0.014893 0.107300
-0.019713 0.015152 0.107200
-0.019713 0.015426 0.107200
-0.019713 0.015699 0.107200
-0.019694 0.015957 0.107100
-0.019676 0.016215 0.107000
-0.019676 0.016488 0.107000
-0.019657 0.016745 0.106900
-0.019657 0.017018 0.106900
-0.019639 0.017274 0.106800
-0.019639 0.017546 0.106800
-0.019639 0.017818 0.106800
-0.019639 0.018091 0.106800
-0.019657 0.018380 0.106900
-0.019657 0.018653 0.106900
-0.019657 0.018925 0.106900
-0.019676 0.019216 0.107000
-0.019694 0.019507 0.107100
-0.019713 0.019798 0.107200
-0.019731 0.020090 0.107300
-0.019749 0.020383 0.107400
-0.019768 0.020676 0.107500
-0.019786 0.020969 0.107600
-0.019805 0.021263 0.107700
-0.019841 0.021578 0.107900
-0.019860 0.021873 0.108000
-0.019878 0.022169 0.108100
-0.019896 0.022465 0.108200
-0.019896 0.022741 0.108200
-0.019896 0.023017 0.108200
-0.019915 0.023314 0.108300
-0.019915 0.023590 0.108300
-0.019915 0.023866 0.108300
-0.019915 0.024143 0.108300
-0.019915 0.024419 0.108300
-0.019896 0.024672 0.108200
-0.019896 0.024948 0.108200
-0.019915 0.025247 0.108300
-0.019915 0.025523 0.108300
-0.019915 0.025799 0.108300
-0.022168 -0.001380 0.118900
-0.022075 -0.001072 0.118400
-0.022000 -0.000768 0.118000
-0.021963 -0.000466 0.117800
-0.021888 -0.000165 0.117400
-0.021814 0.000133 0.117000
-0.021739 0.000430 0.116600
-0.021627 0.000724 0.116000
-0.021627 0.001019 0.116000
-0.021534 0.001310 0.115500
-0.021441 0.001597 0.115000
-0.021366 0.001884 0.114600
-0.021292 0.002168 0.114200
-0.021217 0.002451 0.113800
-0.021161 0.002734 0.113500
-0.021105 0.003015 0.113200
-0.021031 0.003292 0.112800
-0.020975 0.003570 0.112500
-0.020937 0.003850 0.112300
-0.020881 0.004125 0.112000
-0.020844 0.004403 0.111800
-0.020807 0.004679 0.111600
-0.020770 0.004955 0.111400
-0.020714 0.005225 0.111100
-0.020695 0.005503 0.111000
-0.020658 0.005775 0.110800
-0.020620 0.006047 0.110600
-0.020602 0.006323 0.110500
-0.020564 0.006593 0.110300
-0.020509 0.006855 0.110000
-0.020471 0.007123 0.109800
-0.020434 0.007389 0.109600
-0.020397 0.007655 0.109400
-0.020378 0.007926 0.109300
-0.020341 0.008190 0.109100
-0.020322 0.008460 0.109000
-0.020303 0.008730 0.108900
-0.020266 0.008991 0.108700
-0.020247 0.009260 0.108600
-0.020247 0.009537 0.108600
-0.020229 0.009804 0.108500
-0.020210 0.010072 0.108400
-0.020192 0.010339 0.108300
-0.020173 0.010605 0.108200
-0.020154 0.010871 0.108100
-0.020136 0.011136 0.108000
-0.020117 0.011401 0.107900
-0.020117 0.011676 0.107900
-0.020080 0.011929 0.107700
-0.020080 0.012203 0.107700
-0.020061 0.012466 0.107600
-0.020061 0.012740 0.107600
-0.020042 0.013003 0.107500
-0.020042 0.013277 0.107500
-0.020042 0.013551 0.107500
-0.020042 0.013825 0.107500
-0.020042 0.014099 0.107500
-0.020024 0.014359 0.107400
-0.020024 0.014633 0.107400
-0.020024 0.014907 0.107400
-0.020005 0.015167 0.107300
-0.020005 0.015440 0.107300
-0.020005 0.015714 0.107300
-0.019986 0.015972 0.107200
-0.019986 0.016246 0.107200
-0.019968 0.016503 0.107100
-0.019968 0.016776 0.107100
-0.019968 0.017049 0.107100
-0.019968 0.017323 0.107100
-0.019968 0.017596 0.107100
-0.019968 0.017869 0.107100
-0.019968 0.018142 0.107100
-0.019968 0.018415 0.107100
-0.019986 0.018705 0.107200
-0.019986 0.018978 0.107200
-0.020005 0.019270 0.107300
-0.020024 0.019561 0.107400
-0.020061 0.019872 0.107600
-0.020080 0.020165 0.107700
-0.020098 0.020459 0.107800
-0.020136 0.020772 0.108000
-0.020154 0.021067 0.108100
-0.020173 0.021362 0.108200
-0.020192 0.021658 0.108300
-0.020229 0.021974 0.108500
-0.020247 0.022271 0.108600
-0.020247 0.022548 0.108600
-0.020266 0.022846 0.108700
-0.020266 0.023123 0.108700
-0.020266 0.023400 0.108700
-0.020266 0.023677 0.108700
-0.020247 0.023933 0.108600
-0.020247 0.024209 0.108600
-0.020247 0.024486 0.108600
-0.020229 0.024740 0.108500
-0.020229 0.025017 0.108500
-0.020229 0.025293 0.108500
-0.020229 0.025570 0.108500
-0.020229 0.025847 0.108500
-0.020229 0.026123 0.108500
-0.020229 0.026400 0.108500
-0.022528 -0.001383 0.119200
-0.022396 -0.001073 0.118500
-0.022339 -0.000769 0.118200
-0.022302 -0.000467 0.118000
-0.022226 -0.000166 0.117600
-0.022150 0.000134 0.117200
-0.022056 0.000431 0.116700
-0.021980 0.000726 0.116300
-0.021980 0.001022 0.116300
-0.021905 0.001314 0.115900
-0.021791 0.001601 0.115300
-0.021716 0.001889 0.114900
-0.021602 0.002170 0.114300
-0.021527 0.002453 0.113900
-0.021451 0.002734 0.113500
-0.021375 0.003012 0.113100
-0.021319 0.003292 0.112800
-0.021243 0.003567 0.112400
-0.021224 0.003850 0.112300
-0.021168 0.004125 0.112000
-0.021149 0.004407 0.111900
-0.021092 0.004679 0.111600
-0.021054 0.004955 0.111400
-0.021016 0.005229 0.111200
-0.020979 0.005503 0.111000
-0.020960 0.005781 0.110900
-0.020922 0.006052 0.110700
-0.020884 0.006323 0.110500
-0.020846 0.006593 0.110300
-0.020790 0.006855 0.110000
-0.020752 0.007123 0.109800
-0.020714 0.007389 0.109600
-0.020676 0.007655 0.109400
-0.020638 0.007919 0.109200
-0.020619 0.008190 0.109100
-0.020582 0.008453 0.108900
-0.020563 0.008722 0.108800
-0.020544 0.008991 0.108700
-0.020525 0.009260 0.108600
-0.020506 0.009528 0.108500
-0.020506 0.009804 0.108500
-0.020487 0.010072 0.108400
-0.020468 0.010339 0.108300
-0.020468 0.010615 0.108300
-0.020449 0.010881 0.108200
-0.020430 0.011146 0.108100
-0.020412 0.011411 0.108000
-0.020393 0.011676 0.107900
-0.020374 0.011940 0.107800
-0.020355 0.012203 0.107700
-0.020336 0.012466 0.107600
-0.020336 0.012740 0.107600
-0.020336 0.013015 0.107600
-0.020317 0.013277 0.107500
-0.020317 0.013551 0.107500
-0.020317 0.013825 0.107500
-0.020317 0.014099 0.107500
-0.020317 0.014373 0.107500
-0.020317 0.014647 0.107500
-0.020317 0.014921 0.107500
-0.020317 0.015195 0.107500
-0.020317 0.015469 0.107500
-0.020298 0.015728 0.107400
-0.020298 0.016002 0.107400
-0.020298 0.016276 0.107400
-0.020279 0.016534 0.107300
-0.020279 0.016808 0.107300
-0.020279 0.017081 0.107300
-0.020279 0.017355 0.107300
-0.020279 0.017628 0.107300
-0.020279 0.017902 0.107300
-0.020279 0.018175 0.107300
-0.020298 0.018466 0.107400
-0.020317 0.018757 0.107500
-0.020336 0.019049 0.107600
-0.020355 0.019341 0.107700
-0.020393 0.019652 0.107900
-0.020412 0.019946 0.108000
-0.020430 0.020240 0.108100
-0.020468 0.020553 0.108300
-0.020487 0.020849 0.108400
-0.020525 0.021164 0.108600
-0.020544 0.021461 0.108700
-0.020582 0.021778 0.108900
-0.020601 0.022076 0.109000
-0.020601 0.022354 0.109000
-0.020619 0.022652 0.109100
-0.020638 0.022951 0.109200
-0.020619 0.023208 0.109100
-0.020619 0.023486 0.109100
-0.020619 0.023765 0.109100
-0.020601 0.024021 0.109000
-0.020601 0.024299 0.109000
-0.020601 0.024576 0.109000
-0.020601 0.024854 0.109000
-0.020601 0.025132 0.109000
-0.020601 0.025410 0.109000
-0.020601 0.025688 0.109000
-0.020582 0.025942 0.108900
-0.020582 0.026220 0.108900
-0.020582 0.026497 0.108900
-0.020582 0.026775 0.108900
-0.022852 -0.001385 0.119300
-0.022737 -0.001075 0.118700
-0.022680 -0.000770 0.118400
-0.022641 -0.000468 0.118200
-0.022565 -0.000166 0.117800
-0.022488 0.000134 0.117400
-0.022450 0.000432 0.117200
-0.022354 0.000728 0.116700
-0.022354 0.001026 0.116700
-0.022258 0.001317 0.116200
-0.022143 0.001605 0.115600
-0.022028 0.001890 0.115000
-0.021933 0.002174 0.114500
-0.021837 0.002455 0.114000
-0.021741 0.002734 0.113500
-0.021664 0.003012 0.113100
-0.021607 0.003292 0.112800
-0.021530 0.003567 0.112400
-0.021511 0.003850 0.112300
-0.021473 0.004129 0.112100
-0.021435 0.004407 0.111900
-0.021396 0.004683 0.111700
-0.021358 0.004959 0.111500
-0.021301 0.005229 0.111200
-0.021262 0.005503 0.111000
-0.021243 0.005781 0.110900
-0.021205 0.006052 0.110700
-0.021166 0.006323 0.110500
-0.021128 0.006593 0.110300
-0.021071 0.006855 0.110000
-0.021032 0.007123 0.109800
-0.020994 0.007389 0.109600
-0.020956 0.007655 0.109400
-0.020917 0.007919 0.109200
-0.020898 0.008190 0.109100
-0.020860 0.008453 0.108900
-0.020841 0.008722 0.108800
-0.020822 0.008991 0.108700
-0.020802 0.009260 0.108600
-0.020783 0.009528 0.108500
-0.020783 0.009804 0.108500
-0.020764 0.010072 0.108400
-0.020745 0.010339 0.108300
-0.020745 0.010615 0.108300
-0.020726 0.010881 0.108200
-0.020707 0.011146 0.108100
-0.020688 0.011411 0.108000
-0.020668 0.011676 0.107900
-0.020668 0.011951 0.107900
-0.020649 0.012214 0.107800
-0.020630 0.012478 0.107700
-0.020630 0.012752 0.107700
-0.020611 0.013015 0.107600
-0.020611 0.013289 0.107600
-0.020611 0.013563 0.107600
-0.020611 0.013838 0.107600
-0.020611 0.014112 0.107600
-0.020611 0.014386 0.107600
-0.020611 0.014660 0.107600
-0.020611 0.014935 0.107600
-0.020611 0.015209 0.107600
-0.020611 0.015483 0.107600
-0.020611 0.015758 0.107600
-0.020611 0.016032 0.107600
-0.020592 0.016291 0.107500
-0.020592 0.016565 0.107500
-0.020592 0.016839 0.107500
-0.020592 0.017113 0.107500
-0.020592 0.017387 0.107500
-0.020592 0.017661 0.107500
-0.020592 0.017935 0.107500
-0.020611 0.018226 0.107600
-0.020630 0.018518 0.107700
-0.020668 0.018827 0.107900
-0.020668 0.019102 0.107900
-0.020707 0.019413 0.108100
-0.020745 0.019725 0.108300
-0.020764 0.020020 0.108400
-0.020783 0.020315 0.108500
-0.020822 0.020629 0.108700
-0.020860 0.020945 0.108900
-0.020898 0.021262 0.109100
-0.020917 0.021559 0.109200
-0.020937 0.021858 0.109300
-0.020956 0.022157 0.109400
-0.020975 0.022456 0.109500
-0.020994 0.022756 0.109600
-0.020994 0.023035 0.109600
-0.020994 0.023315 0.109600
-0.020994 0.023594 0.109600
-0.020994 0.023874 0.109600
-0.020975 0.024131 0.109500
-0.020975 0.024410 0.109500
-0.020975 0.024689 0.109500
-0.020994 0.024991 0.109600
-0.020994 0.025270 0.109600
-0.020994 0.025550 0.109600
-0.020994 0.025829 0.109600
-0.020994 0.026109 0.109600
-0.020994 0.026388 0.109600
-0.021013 0.026692 0.109700
-0.020994 0.026947 0.109600
-0.023060 -0.001076 0.118800
-0.023002 -0.000771 0.118500
-0.022963 -0.000468 0.118300
-0.022905 -0.000166 0.118000
-0.022846 0.000134 0.117700
-0.022788 0.000433 0.117400
-0.022691 0.000729 0.116900
-0.022691 0.001027 0.116900
-0.022613 0.001321 0.116500
-0.022478 0.001608 0.115800
-0.022380 0.001895 0.115300
-0.022245 0.002176 0.114600
-0.022148 0.002457 0.114100
-0.022051 0.002736 0.113600
-0.021973 0.003015 0.113200
-0.021895 0.003292 0.112800
-0.021837 0.003570 0.112500
-0.021798 0.003850 0.112300
-0.021759 0.004129 0.112100
-0.021721 0.004407 0.111900
-0.021701 0.004688 0.111800
-0.021643 0.004959 0.111500
-0.021604 0.005234 0.111300
-0.021565 0.005508 0.111100
-0.021526 0.005781 0.110900
-0.021507 0.006058 0.110800
-0.021449 0.006323 0.110500
-0.021410 0.006593 0.110300
-0.021371 0.006862 0.110100
-0.021313 0.007123 0.109800
-0.021274 0.007389 0.109600
-0.021235 0.007655 0.109400
-0.021196 0.007919 0.109200
-0.021177 0.008190 0.109100
-0.021138 0.008453 0.108900
-0.021119 0.008722 0.108800
-0.021099 0.008991 0.108700
-0.021080 0.009260 0.108600
-0.021061 0.009528 0.108500
-0.021061 0.009804 0.108500
-0.021041 0.010072 0.108400
-0.021041 0.010348 0.108400
-0.021022 0.010615 0.108300
-0.021002 0.010881 0.108200
-0.020983 0.011146 0.108100
-0.020964 0.011411 0.108000
-0.020964 0.011686 0.108000
-0.020944 0.011951 0.107900
-0.020944 0.012226 0.107900
-0.020925 0.012489 0.107800
-0.020905 0.012752 0.107700
-0.020905 0.013027 0.107700
-0.020905 0.013301 0.107700
-0.020905 0.013576 0.107700
-0.020905 0.013850 0.107700
-0.020905 0.014125 0.107700
-0.020905 0.014399 0.107700
-0.020905 0.014674 0.107700
-0.020905 0.014949 0.107700
-0.020905 0.015223 0.107700
-0.020905 0.015498 0.107700
-0.020905 0.015772 0.107700
-0.020905 0.016047 0.107700
-0.020905 0.016321 0.107700
-0.020886 0.016580 0.107600
-0.020886 0.016855 0.107600
-0.020905 0.017145 0.107700
-0.020905 0.017420 0.107700
-0.020905 0.017694 0.107700
-0.020925 0.017985 0.107800
-0.020944 0.018277 0.107900
-0.020964 0.018569 0.108000
-0.021002 0.018880 0.108200
-0.021022 0.019173 0.108300
-0.021061 0.019485 0.108500
-0.021080 0.019780 0.108600
-0.021138 0.020112 0.108900
-0.021158 0.020408 0.109000
-0.021196 0.020724 0.109200
-0.021216 0.021022 0.109300
-0.021255 0.021339 0.109500
-0.021274 0.021638 0.109600
-0.021293 0.021938 0.109700
-0.021313 0.022238 0.109800
-0.021332 0.022538 0.109900
-0.021352 0.022839 0.110000
-0.021332 0.023098 0.109900
-0.021332 0.023379 0.109900
-0.021332 0.023659 0.109900
-0.021352 0.023961 0.110000
-0.021352 0.024241 0.110000
-0.021352 0.024521 0.110000
-0.021352 0.024802 0.110000
-0.021371 0.025105 0.110100
-0.021371 0.025386 0.110100
-0.021410 0.025713 0.110300
-0.021410 0.025994 0.110300
-0.021410 0.026275 0.110300
-0.021429 0.026581 0.110400
-0.021449 0.026886 0.110500
-0.021468 0.027193 0.110600
-0.023383 -0.001077 0.118900
-0.023344 -0.000772 0.118700
-0.023285 -0.000469 0.118400
-0.023245 -0.000166 0.118200
-0.023206 0.000135 0.118000
-0.023147 0.000434 0.117700
-0.023049 0.000731 0.117200
-0.023049 0.001030 0.117200
-0.022950 0.001323 0.116700
-0.022950 0.001621 0.116700
-0.022714 0.001898 0.115500
-0.022577 0.002180 0.114800
-0.022459 0.002459 0.114200
-0.022341 0.002736 0.113600
-0.022282 0.003018 0.113300
-0.022183 0.003292 0.112800
-0.022144 0.003573 0.112600
-0.022105 0.003853 0.112400
-0.022065 0.004132 0.112200
-0.022026 0.004410 0.112000
-0.021987 0.004688 0.111800
-0.021947 0.004964 0.111600
-0.021908 0.005239 0.111400
-0.021849 0.005508 0.111100
-0.021829 0.005786 0.111000
-0.021790 0.006058 0.110800
-0.021751 0.006329 0.110600
-0.021692 0.006593 0.110300
-0.021652 0.006862 0.110100
-0.021593 0.007123 0.109800
-0.021554 0.007389 0.109600
-0.021515 0.007655 0.109400
-0.021475 0.007919 0.109200
-0.021456 0.008190 0.109100
-0.021416 0.008453 0.108900
-0.021397 0.008722 0.108800
-0.021377 0.008991 0.108700
-0.021357 0.009260 0.108600
-0.021338 0.009528 0.108500
-0.021338 0.009804 0.108500
-0.021318 0.010072 0.108400
-0.021318 0.010348 0.108400
-0.021298 0.010615 0.108300
-0.021279 0.010881 0.108200
-0.021259 0.011146 0.108100
-0.021259 0.011422 0.108100
-0.021239 0.011686 0.108000
-0.021239 0.011962 0.108000
-0.021220 0.012226 0.107900
-0.021220 0.012501 0.107900
-0.021200 0.012764 0.107800
-0.021200 0.013039 0.107800
-0.021180 0.013301 0.107700
-0.021180 0.013576 0.107700
-0.021180 0.013850 0.107700
-0.021180 0.014125 0.107700
-0.021200 0.014413 0.107800
-0.021200 0.014688 0.107800
-0.021200 0.014962 0.107800
-0.021200 0.015237 0.107800
-0.021200 0.015512 0.107800
-0.021200 0.015787 0.107800
-0.021220 0.016077 0.107900
-0.021220 0.016352 0.107900
-0.021220 0.016627 0.107900
-0.021220 0.016902 0.107900
-0.021220 0.017177 0.107900
-0.021220 0.017452 0.107900
-0.021239 0.017743 0.108000
-0.021259 0.018035 0.108100
-0.021279 0.018328 0.108200
-0.021298 0.018621 0.108300
-0.021338 0.018932 0.108500
-0.021357 0.019226 0.108600
-0.021416 0.019557 0.108900
-0.021436 0.019853 0.109000
-0.021475 0.020168 0.109200
-0.021515 0.020483 0.109400
-0.021554 0.020800 0.109600
-0.021574 0.021099 0.109700
-0.021593 0.021398 0.109800
-0.021613 0.021698 0.109900
-0.021633 0.021998 0.110000
-0.021652 0.022298 0.110100
-0.021672 0.022600 0.110200
-0.021692 0.022901 0.110300
-0.021692 0.023182 0.110300
-0.021692 0.023464 0.110300
-0.021692 0.023745 0.110300
-0.021711 0.024048 0.110400
-0.021711 0.024329 0.110400
-0.021731 0.024633 0.110500
-0.021751 0.024937 0.110600
-0.021770 0.025242 0.110700
-0.021790 0.025547 0.110800
-0.021829 0.025876 0.111000
-0.021829 0.026159 0.111000
-0.021849 0.026466 0.111100
-0.021869 0.026773 0.111200
-0.021928 0.027130 0.111500
-0.021967 0.027463 0.111700
-0.023647 -0.000772 0.118700
-0.023607 -0.000469 0.118500
-0.023567 -0.000167 0.118300
-0.023528 0.000135 0.118100
-0.023488 0.000435 0.117900
-0.023408 0.000733 0.117500
-0.023408 0.001033 0.117500
-0.023308 0.001327 0.117000
-0.023229 0.001619 0.116600
-0.023049 0.001902 0.115700
-0.022910 0.002183 0.115000
-0.022910 0.002476 0.115000
-0.022671 0.002741 0.113800
-0.022591 0.003020 0.113400
-0.022492 0.003295 0.112900
-0.022452 0.003576 0.112700
-0.022412 0.003857 0.112500
-0.022372 0.004136 0.112300
-0.022332 0.004414 0.112100
-0.022292 0.004692 0.111900
-0.022253 0.004968 0.111700
-0.022193 0.005239 0.111400
-0.022153 0.005513 0.111200
-0.022113 0.005786 0.111000
-0.022073 0.006058 0.110800
-0.022033 0.006329 0.110600
-0.021974 0.006593 0.110300
-0.021934 0.006862 0.110100
-0.021874 0.007123 0.109800
-0.021834 0.007389 0.109600
-0.021794 0.007655 0.109400
-0.021754 0.007919 0.109200
-0.021735 0.008190 0.109100
-0.021695 0.008453 0.108900
-0.021675 0.008722 0.108800
-0.021655 0.008991 0.108700
-0.021635 0.009260 0.108600
-0.021635 0.009537 0.108600
-0.021615 0.009804 0.108500
-0.021595 0.010072 0.108400
-0.021595 0.010348 0.108400
-0.021575 0.010615 0.108300
-0.021575 0.010891 0.108300
-0.021555 0.011156 0.108200
-0.021535 0.011422 0.108100
-0.021535 0.011697 0.108100
-0.021515 0.011962 0.108000
-0.021515 0.012237 0.108000
-0.021496 0.012501 0.107900
-0.021496 0.012776 0.107900
-0.021496 0.013051 0.107900
-0.021496 0.013326 0.107900
-0.021496 0.013601 0.107900
-0.021496 0.013876 0.107900
-0.021496 0.014151 0.107900
-0.021496 0.014426 0.107900
-0.021496 0.014701 0.107900
-0.021496 0.014976 0.107900
-0.021496 0.015251 0.107900
-0.021496 0.015526 0.107900
-0.021496 0.015802 0.107900
-0.021496 0.016077 0.107900
-0.021496 0.016352 0.107900
-0.021515 0.016642 0.108000
-0.021515 0.016917 0.108000
-0.021515 0.017193 0.108000
-0.021535 0.017484 0.108100
-0.021555 0.017776 0.108200
-0.021575 0.018069 0.108300
-0.021595 0.018362 0.108400
-0.021635 0.018672 0.108600
-0.021655 0.018967 0.108700
-0.021715 0.019297 0.109000
-0.021735 0.019593 0.109100
-0.021774 0.019907 0.109300
-0.021794 0.020204 0.109400
-0.021834 0.020521 0.109600
-0.021874 0.020838 0.109800
-0.021894 0.021137 0.109900
-0.021914 0.021437 0.110000
-0.021934 0.021737 0.110100
-0.021974 0.022058 0.110300
-0.021974 0.022339 0.110300
-0.021994 0.022641 0.110400
-0.022033 0.022964 0.110600
-0.022033 0.023246 0.110600
-0.022033 0.023527 0.110600
-0.022053 0.023831 0.110700
-0.022073 0.024135 0.110800
-0.022093 0.024439 0.110900
-0.022113 0.024744 0.111000
-0.022133 0.025050 0.111100
-0.022173 0.025379 0.111300
-0.022213 0.025709 0.111500
-0.022253 0.026039 0.111700
-0.022272 0.026348 0.111800
-0.022292 0.026657 0.111900
-0.022352 0.027014 0.112200
-0.022611 0.027616 0.113500
-0.022751 0.028078 0.114200
-0.023991 -0.000774 0.118900
-0.023950 -0.000470 0.118700
-0.023910 -0.000167 0.118500
-0.023870 0.000135 0.118300
-0.023829 0.000436 0.118100
-0.023749 0.000734 0.117700
-0.023749 0.001034 0.117700
-0.023688 0.001331 0.117400
-0.023527 0.001619 0.116600
-0.023426 0.001908 0.116100
-0.023244 0.002187 0.115200
-0.023123 0.002468 0.114600
-0.022982 0.002743 0.113900
-0.022901 0.003023 0.113500
-0.022820 0.003301 0.113100
-0.022760 0.003579 0.112800
-0.022699 0.003857 0.112500
-0.022679 0.004140 0.112400
-0.022619 0.004414 0.112100
-0.022598 0.004696 0.112000
-0.022558 0.004973 0.111800
-0.022498 0.005243 0.111500
-0.022457 0.005518 0.111300
-0.022417 0.005791 0.111100
-0.022356 0.006058 0.110800
-0.022316 0.006329 0.110600
-0.022276 0.006599 0.110400
-0.022215 0.006862 0.110100
-0.022155 0.007123 0.109800
-0.022114 0.007389 0.109600
-0.022074 0.007655 0.109400
-0.022034 0.007919 0.109200
-0.022013 0.008190 0.109100
-0.021993 0.008460 0.109000
-0.021953 0.008722 0.108800
-0.021933 0.008991 0.108700
-0.021912 0.009260 0.108600
-0.021912 0.009537 0.108600
-0.021892 0.009804 0.108500
-0.021892 0.010081 0.108500
-0.021872 0.010348 0.108400
-0.021872 0.010624 0.108400
-0.021852 0.010891 0.108300
-0.021832 0.011156 0.108200
-0.021832 0.011432 0.108200
-0.021812 0.011697 0.108100
-0.021812 0.011973 0.108100
-0.021812 0.012248 0.108100
-0.021791 0.012512 0.108000
-0.021791 0.012788 0.108000
-0.021791 0.013063 0.108000
-0.021791 0.013338 0.108000
-0.021791 0.013614 0.108000
-0.021771 0.013876 0.107900
-0.021771 0.014151 0.107900
-0.021791 0.014440 0.108000
-0.021771 0.014701 0.107900
-0.021771 0.014976 0.107900
-0.021791 0.015266 0.108000
-0.021791 0.015541 0.108000
-0.021791 0.015816 0.108000
-0.021791 0.016091 0.108000
-0.021791 0.016367 0.108000
-0.021791 0.016642 0.108000
-0.021812 0.016933 0.108100
-0.021812 0.017209 0.108100
-0.021832 0.017500 0.108200
-0.021852 0.017793 0.108300
-0.021872 0.018085 0.108400
-0.021912 0.018396 0.108600
-0.021933 0.018690 0.108700
-0.021973 0.019002 0.108900
-0.022013 0.019315 0.109100
-0.022054 0.019629 0.109300
-0.022074 0.019926 0.109400
-0.022114 0.020241 0.109600
-0.022155 0.020558 0.109800
-0.022175 0.020857 0.109900
-0.022195 0.021157 0.110000
-0.022215 0.021456 0.110100
-0.022255 0.021777 0.110300
-0.022276 0.022078 0.110400
-0.022296 0.022379 0.110500
-0.022316 0.022682 0.110600
-0.022356 0.023005 0.110800
-0.022377 0.023309 0.110900
-0.022377 0.023591 0.110900
-0.022397 0.023896 0.111000
-0.022417 0.024200 0.111100
-0.022437 0.024506 0.111200
-0.022477 0.024834 0.111400
-0.022518 0.025163 0.111600
-0.022578 0.025516 0.111900
-0.022619 0.025847 0.112100
-0.022679 0.026203 0.112400
-0.022699 0.026513 0.112500
-0.022740 0.026847 0.112700
-0.022820 0.027231 0.113100
-0.022901 0.027616 0.113500
-0.023042 0.028078 0.114200
-0.024274 -0.000470 0.118800
-0.024233 -0.000167 0.118600
-0.024213 0.000135 0.118500
-0.024151 0.000436 0.118200
-0.024090 0.000736 0.117900
-0.024090 0.001036 0.117900
-0.024008 0.001332 0.117500
-0.023865 0.001622 0.116800
-0.023722 0.001908 0.116100
-0.023722 0.002204 0.116100
-0.023416 0.002468 0.114600
-0.023293 0.002746 0.114000
-0.023212 0.003026 0.113600
-0.023130 0.003303 0.113200
-0.023069 0.003582 0.112900
-0.023028 0.003863 0.112700
-0.022987 0.004143 0.112500
-0.022946 0.004422 0.112300
-0.022905 0.004700 0.112100
-0.022864 0.004977 0.111900
-0.022803 0.005248 0.111600
-0.022762 0.005523 0.111400
-0.022701 0.005791 0.111100
-0.022660 0.006063 0.110900
-0.022599 0.006329 0.110600
-0.022558 0.006599 0.110400
-0.022496 0.006862 0.110100
-0.022435 0.007123 0.109800
-0.022394 0.007389 0.109600
-0.022353 0.007655 0.109400
-0.022313 0.007919 0.109200
-0.022292 0.008190 0.109100
-0.022272 0.008460 0.109000
-0.022251 0.008730 0.108900
-0.022210 0.008991 0.108700
-0.022210 0.009268 0.108700
-0.022190 0.009537 0.108600
-0.022190 0.009813 0.108600
-0.022170 0.010081 0.108500
-0.022170 0.010358 0.108500
-0.022149 0.010624 0.108400
-0.022149 0.010901 0.108400
-0.022129 0.011167 0.108300
-0.022108 0.011432 0.108200
-0.022108 0.011708 0.108200
-0.022108 0.011984 0.108200
-0.022088 0.012248 0.108100
-0.022088 0.012524 0.108100
-0.022088 0.012800 0.108100
-0.022088 0.013075 0.108100
-0.022067 0.013338 0.108000
-0.022067 0.013614 0.108000
-0.022067 0.013889 0.108000
-0.022067 0.014164 0.108000
-0.022067 0.014440 0.108000
-0.022067 0.014715 0.108000
-0.022067 0.014990 0.108000
-0.022067 0.015266 0.108000
-0.022088 0.015555 0.108100
-0.022088 0.015831 0.108100
-0.022088 0.016106 0.108100
-0.022088 0.016382 0.108100
-0.022088 0.016658 0.108100
-0.022108 0.016949 0.108200
-0.022108 0.017225 0.108200
-0.022129 0.017517 0.108300
-0.022149 0.017809 0.108400
-0.022190 0.018119 0.108600
-0.022210 0.018413 0.108700
-0.022251 0.018724 0.108900
-0.022272 0.019019 0.109000
-0.022313 0.019332 0.109200
-0.022333 0.019629 0.109300
-0.022374 0.019944 0.109500
-0.022415 0.020260 0.109700
-0.022435 0.020558 0.109800
-0.022456 0.020857 0.109900
-0.022476 0.021157 0.110000
-0.022517 0.021476 0.110200
-0.022537 0.021777 0.110300
-0.022578 0.022098 0.110500
-0.022599 0.022400 0.110600
-0.022639 0.022723 0.110800
-0.022680 0.023047 0.111000
-0.022701 0.023351 0.111100
-0.022701 0.023634 0.111100
-0.022721 0.023939 0.111200
-0.022762 0.024266 0.111400
-0.022803 0.024594 0.111600
-0.022844 0.024923 0.111800
-0.022885 0.025253 0.112000
-0.022946 0.025607 0.112300
-0.022987 0.025939 0.112500
-0.023048 0.026296 0.112800
-0.023089 0.026631 0.113000
-0.023150 0.026990 0.113300
-0.023232 0.027375 0.113700
-0.023314 0.027762 0.114100
-0.024598 -0.000471 0.118900
-0.024557 -0.000167 0.118700
-0.024557 0.000135 0.118700
-0.024495 0.000437 0.118400
-0.024412 0.000736 0.118000
-0.024412 0.001037 0.118000
-0.024350 0.001334 0.117700
-0.024185 0.001623 0.116900
-0.024019 0.001908 0.116100
-0.023895 0.002193 0.115500
-0.023709 0.002468 0.114600
-0.023585 0.002746 0.114000
-0.023502 0.003026 0.113600
-0.023440 0.003306 0.113300
-0.023378 0.003586 0.113000
-0.023336 0.003867 0.112800
-0.023274 0.004143 0.112500
-0.023254 0.004426 0.112400
-0.023212 0.004704 0.112200
-0.023171 0.004981 0.112000
-0.023129 0.005258 0.111800
-0.023067 0.005528 0.111500
-0.023005 0.005796 0.111200
-0.022943 0.006063 0.110900
-0.022881 0.006329 0.110600
-0.022840 0.006599 0.110400
-0.022778 0.006862 0.110100
-0.022716 0.007123 0.109800
-0.022674 0.007389 0.109600
-0.022633 0.007655 0.109400
-0.022592 0.007919 0.109200
-0.022571 0.008190 0.109100
-0.022550 0.008460 0.109000
-0.022529 0.008730 0.108900
-0.022509 0.008999 0.108800
-0.022488 0.009268 0.108700
-0.022488 0.009545 0.108700
-0.022467 0.009813 0.108600
-0.022467 0.010090 0.108600
-0.022447 0.010358 0.108500
-0.022426 0.010624 0.108400
-0.022426 0.010901 0.108400
-0.022405 0.011167 0.108300
-0.022405 0.011443 0.108300
-0.022405 0.011719 0.108300
-0.022385 0.011984 0.108200
-0.022385 0.012260 0.108200
-0.022385 0.012536 0.108200
-0.022385 0.012811 0.108200
-0.022364 0.013075 0.108100
-0.022364 0.013351 0.108100
-0.022364 0.013626 0.108100
-0.022364 0.013902 0.108100
-0.022364 0.014177 0.108100
-0.022364 0.014453 0.108100
-0.022364 0.014729 0.108100
-0.022364 0.015004 0.108100
-0.022364 0.015280 0.108100
-0.022364 0.015555 0.108100
-0.022385 0.015845 0.108200
-0.022385 0.016121 0.108200
-0.022385 0.016397 0.108200
-0.022385 0.016673 0.108200
-0.022405 0.016964 0.108300
-0.022405 0.017241 0.108300
-0.022426 0.017533 0.108400
-0.022447 0.017826 0.108500
-0.022488 0.018135 0.108700
-0.022529 0.018446 0.108900
-0.022550 0.018741 0.109000
-0.022571 0.019037 0.109100
-0.022592 0.019332 0.109200
-0.022633 0.019647 0.109400
-0.022674 0.019962 0.109600
-0.022695 0.020260 0.109700
-0.022736 0.020577 0.109900
-0.022757 0.020876 0.110000
-0.022778 0.021176 0.110100
-0.022819 0.021495 0.110300
-0.022840 0.021796 0.110400
-0.022881 0.022118 0.110600
-0.022923 0.022440 0.110800
-0.022943 0.022743 0.110900
-0.022985 0.023067 0.111100
-0.023005 0.023372 0.111200
-0.023047 0.023698 0.111400
-0.023067 0.024003 0.111500
-0.023109 0.024331 0.111700
-0.023150 0.024660 0.111900
-0.023192 0.024990 0.112100
-0.023254 0.025343 0.112400
-0.023316 0.025698 0.112700
-0.023357 0.026031 0.112900
-0.023419 0.026389 0.113200
-0.023481 0.026748 0.113500
-0.023523 0.027085 0.113700
-0.023605 0.027472 0.114100
-0.023688 0.027860 0.114500
-0.024902 -0.000167 0.118900
-0.024902 0.000136 0.118900
-0.024818 0.000437 0.118500
-0.024735 0.000737 0.118100
-0.024735 0.001038 0.118100
-0.024651 0.001334 0.117700
-0.024504 0.001625 0.117000
-0.024337 0.001910 0.116200
-0.024190 0.002193 0.115500
-0.024022 0.002470 0.114700
-0.023897 0.002748 0.114100
-0.023813 0.003028 0.113700
-0.023729 0.003306 0.113300
-0.023687 0.003589 0.113100
-0.023646 0.003870 0.112900
-0.023604 0.004151 0.112700
-0.023562 0.004430 0.112500
-0.023520 0.004709 0.112300
-0.023478 0.004986 0.112100
-0.023436 0.005262 0.111900
-0.023352 0.005528 0.111500
-0.023289 0.005796 0.111200
-0.023227 0.006063 0.110900
-0.023164 0.006329 0.110600
-0.023101 0.006593 0.110300
-0.023038 0.006855 0.110000
-0.022996 0.007123 0.109800
-0.022954 0.007389 0.109600
-0.022912 0.007655 0.109400
-0.022892 0.007926 0.109300
-0.022871 0.008197 0.109200
-0.022829 0.008460 0.109000
-0.022829 0.008738 0.109000
-0.022808 0.009008 0.108900
-0.022787 0.009277 0.108800
-0.022766 0.009545 0.108700
-0.022766 0.009823 0.108700
-0.022745 0.010090 0.108600
-0.022724 0.010358 0.108500
-0.022724 0.010634 0.108500
-0.022703 0.010901 0.108400
-0.022703 0.011177 0.108400
-0.022703 0.011453 0.108400
-0.022682 0.011719 0.108300
-0.022682 0.011995 0.108300
-0.022682 0.012271 0.108300
-0.022682 0.012547 0.108300
-0.022661 0.012811 0.108200
-0.022661 0.013087 0.108200
-0.022661 0.013363 0.108200
-0.022661 0.013639 0.108200
-0.022661 0.013915 0.108200
-0.022661 0.014191 0.108200
-0.022661 0.014466 0.108200
-0.022661 0.014742 0.108200
-0.022661 0.015018 0.108200
-0.022661 0.015294 0.108200
-0.022661 0.015570 0.108200
-0.022682 0.015860 0.108300
-0.022682 0.016136 0.108300
-0.022682 0.016412 0.108300
-0.022682 0.016688 0.108300
-0.022703 0.016980 0.108400
-0.022724 0.017272 0.108500
-0.022745 0.017565 0.108600
-0.022745 0.017842 0.108600
-0.022766 0.018135 0.108700
-0.022808 0.018446 0.108900
-0.022850 0.018758 0.109100
-0.022871 0.019054 0.109200
-0.022892 0.019350 0.109300
-0.022912 0.019647 0.109400
-0.022954 0.019962 0.109600
-0.022975 0.020260 0.109700
-0.023017 0.020577 0.109900
-0.023038 0.020876 0.110000
-0.023080 0.021195 0.110200
-0.023122 0.021515 0.110400
-0.023143 0.021816 0.110500
-0.023185 0.022138 0.110700
-0.023227 0.022460 0.110900
-0.023248 0.022764 0.111000
-0.023289 0.023088 0.111200
-0.023331 0.023414 0.111400
-0.023373 0.023740 0.111600
-0.023415 0.024068 0.111800
-0.023436 0.024375 0.111900
-0.023478 0.024704 0.112100
-0.023541 0.025056 0.112400
-0.023604 0.025411 0.112700
-0.023646 0.025744 0.112900
-0.023708 0.026101 0.113200
-0.023771 0.026459 0.113500
-0.023792 0.026772 0.113600
-0.023855 0.027133 0.113900
-0.023960 0.027544 0.114400
-0.025227 -0.000168 0.119000
-0.025227 0.000136 0.119000
-0.025164 0.000438 0.118700
-0.025058 0.000737 0.118200
-0.025058 0.001039 0.118200
-0.024973 0.001336 0.117800
-0.024973 0.001636 0.117800
-0.024634 0.001910 0.116200
-0.024485 0.002193 0.115500
-0.024316 0.002470 0.114700
-0.024188 0.002748 0.114100
-0.024125 0.003031 0.113800
-0.024061 0.003312 0.113500
-0.024019 0.003595 0.113300
-0.023934 0.003870 0.112900
-0.023913 0.004154 0.112800
-0.023870 0.004434 0.112600
-0.023828 0.004713 0.112400
-0.023786 0.004990 0.112200
-0.023722 0.005262 0.111900
-0.023658 0.005533 0.111600
-0.023574 0.005796 0.111200
-0.023510 0.006063 0.110900
-0.023446 0.006329 0.110600
-0.023383 0.006593 0.110300
-0.023319 0.006855 0.110000
-0.023277 0.007123 0.109800
-0.023234 0.007389 0.109600
-0.023192 0.007655 0.109400
-0.023171 0.007926 0.109300
-0.023150 0.008197 0.109200
-0.023128 0.008468 0.109100
-0.023107 0.008738 0.109000
-0.023086 0.009008 0.108900
-0.023086 0.009285 0.108900
-0.023065 0.009554 0.108800
-0.023044 0.009823 0.108700
-0.023022 0.010090 0.108600
-0.023022 0.010367 0.108600
-0.023001 0.010634 0.108500
-0.023001 0.010911 0.108500
-0.022980 0.011177 0.108400
-0.022980 0.011453 0.108400
-0.022980 0.011730 0.108400
-0.022980 0.012006 0.108400
-0.022959 0.012271 0.108300
-0.022959 0.012547 0.108300
-0.022959 0.012823 0.108300
-0.022959 0.013099 0.108300
-0.022959 0.013375 0.108300
-0.022959 0.013651 0.108300
-0.022938 0.013915 0.108200
-0.022938 0.014191 0.108200
-0.022938 0.014466 0.108200
-0.022938 0.014742 0.108200
-0.022959 0.015032 0.108300
-0.022959 0.015308 0.108300
-0.022959 0.015584 0.108300
-0.022980 0.015875 0.108400
-0.022980 0.016151 0.108400
-0.022980 0.016427 0.108400
-0.023001 0.016719 0.108500
-0.023001 0.016996 0.108500
-0.023022 0.017288 0.108600
-0.023022 0.017565 0.108600
-0.023044 0.017858 0.108700
-0.023086 0.018169 0.108900
-0.023107 0.018463 0.109000
-0.023128 0.018758 0.109100
-0.023150 0.019054 0.109200
-0.023192 0.019368 0.109400
-0.023213 0.019665 0.109500
-0.023234 0.019962 0.109600
-0.023277 0.020278 0.109800
-0.023298 0.020577 0.109900
-0.023340 0.020895 0.110100
-0.023383 0.021214 0.110300
-0.023404 0.021515 0.110400
-0.023446 0.021836 0.110600
-0.023489 0.022158 0.110800
-0.023531 0.022481 0.111000
-0.023574 0.022805 0.111200
-0.023616 0.023130 0.111400
-0.023658 0.023456 0.111600
-0.023701 0.023783 0.111800
-0.023722 0.024089 0.111900
-0.023764 0.024418 0.112100
-0.023807 0.024748 0.112300
-0.023870 0.025101 0.112600
-0.023913 0.025433 0.112800
-0.023976 0.025789 0.113100
-0.024019 0.026124 0.113300
-0.024082 0.026482 0.113600
-0.024125 0.026819 0.113800
-0.024188 0.027181 0.114100
-0.024273 0.027568 0.114500
-0.025531 0.000136 0.119000
-0.025467 0.000438 0.118700
-0.025360 0.000737 0.118200
-0.025274 0.001035 0.117800
-0.025274 0.001336 0.117800
-0.025274 0.001636 0.117800
-0.024930 0.001910 0.116200
-0.024780 0.002193 0.115500
-0.024609 0.002470 0.114700
-0.024501 0.002750 0.114200
-0.024416 0.003031 0.113800
-0.024351 0.003312 0.113500
-0.024308 0.003595 0.113300
-0.024265 0.003877 0.113100
-0.024201 0.004154 0.112800
-0.024180 0.004438 0.112700
-0.024137 0.004717 0.112500
-0.024094 0.004995 0.112300
-0.024029 0.005267 0.112000
-0.023965 0.005538 0.111700
-0.023879 0.005802 0.111300
-0.023793 0.006063 0.110900
-0.023729 0.006329 0.110600
-0.023665 0.006593 0.110300
-0.023600 0.006855 0.110000
-0.023557 0.007123 0.109800
-0.023514 0.007389 0.109600
-0.023472 0.007655 0.109400
-0.023450 0.007926 0.109300
-0.023429 0.008197 0.109200
-0.023407 0.008468 0.109100
-0.023407 0.008746 0.109100
-0.023386 0.009016 0.109000
-0.023364 0.009285 0.108900
-0.023364 0.009563 0.108900
-0.023321 0.009823 0.108700
-0.023321 0.010100 0.108700
-0.023300 0.010367 0.108600
-0.023300 0.010644 0.108600
-0.023278 0.010911 0.108500
-0.023278 0.011187 0.108500
-0.023257 0.011453 0.108400
-0.023257 0.011730 0.108400
-0.023257 0.012006 0.108400
-0.023257 0.012282 0.108400
-0.023257 0.012559 0.108400
-0.023236 0.012823 0.108300
-0.023236 0.013099 0.108300
-0.023236 0.013375 0.108300
-0.023236 0.013651 0.108300
-0.023236 0.013928 0.108300
-0.023236 0.014204 0.108300
-0.023236 0.014480 0.108300
-0.023236 0.014756 0.108300
-0.023257 0.015046 0.108400
-0.023257 0.015322 0.108400
-0.023257 0.015598 0.108400
-0.023278 0.015889 0.108500
-0.023278 0.016166 0.108500
-0.023300 0.016458 0.108600
-0.023300 0.016735 0.108600
-0.023300 0.017011 0.108600
-0.023321 0.017304 0.108700
-0.023343 0.017597 0.108800
-0.023364 0.017891 0.108900
-0.023386 0.018186 0.109000
-0.023407 0.018480 0.109100
-0.023429 0.018776 0.109200
-0.023450 0.019071 0.109300
-0.023472 0.019368 0.109400
-0.023493 0.019665 0.109500
-0.023536 0.019980 0.109700
-0.023557 0.020278 0.109800
-0.023600 0.020596 0.110000
-0.023622 0.020895 0.110100
-0.023665 0.021214 0.110300
-0.023708 0.021534 0.110500
-0.023750 0.021856 0.110700
-0.023793 0.022178 0.110900
-0.023836 0.022501 0.111100
-0.023879 0.022825 0.111300
-0.023922 0.023150 0.111500
-0.023965 0.023477 0.111700
-0.024008 0.023804 0.111900
-0.024029 0.024111 0.112000
-0.024094 0.024462 0.112300
-0.024137 0.024792 0.112500
-0.024180 0.025123 0.112700
-0.024222 0.025456 0.112900
-0.024287 0.025812 0.113200
-0.024330 0.026147 0.113400
-0.024373 0.026482 0.113600
-0.024437 0.026843 0.113900
-0.024501 0.027204 0.114200
-0.025857 0.000136 0.119100
-0.025770 0.000438 0.118700
-0.025662 0.000737 0.118200
-0.025575 0.001035 0.117800
-0.025575 0.001336 0.117800
-0.025575 0.001636 0.117800
-0.025271 0.001913 0.116400
-0.025097 0.002195 0.115600
-0.024945 0.002474 0.114900
-0.024815 0.002753 0.114300
-0.024728 0.003034 0.113900
-0.024663 0.003315 0.113600
-0.024598 0.003595 0.113300
-0.024554 0.003877 0.113100
-0.024511 0.004158 0.112900
-0.024468 0.004438 0.112700
-0.024446 0.004721 0.112600
-0.024402 0.004999 0.112400
-0.024316 0.005267 0.112000
-0.024272 0.005543 0.111800
-0.024185 0.005807 0.111400
-0.024098 0.006069 0.111000
-0.024033 0.006335 0.110700
-0.023968 0.006599 0.110400
-0.023881 0.006855 0.110000
-0.023838 0.007123 0.109800
-0.023795 0.007389 0.109600
-0.023751 0.007655 0.109400
-0.023729 0.007926 0.109300
-0.023708 0.008197 0.109200
-0.023708 0.008476 0.109200
-0.023686 0.008746 0.109100
-0.023686 0.009024 0.109100
-0.023664 0.009294 0.109000
-0.023643 0.009563 0.108900
-0.023621 0.009832 0.108800
-0.023599 0.010100 0.108700
-0.023599 0.010377 0.108700
-0.023577 0.010644 0.108600
-0.023556 0.010911 0.108500
-0.023556 0.011187 0.108500
-0.023556 0.011464 0.108500
-0.023534 0.011730 0.108400
-0.023534 0.012006 0.108400
-0.023534 0.012282 0.108400
-0.023534 0.012559 0.108400
-0.023534 0.012835 0.108400
-0.023534 0.013111 0.108400
-0.023534 0.013388 0.108400
-0.023534 0.013664 0.108400
-0.023534 0.013940 0.108400
-0.023534 0.014217 0.108400
-0.023534 0.014493 0.108400
-0.023556 0.014783 0.108500
-0.023556 0.015060 0.108500
-0.023556 0.015336 0.108500
-0.023577 0.015627 0.108600
-0.023577 0.015904 0.108600
-0.023577 0.016181 0.108600
-0.023599 0.016473 0.108700
-0.023599 0.016750 0.108700
-0.023621 0.017043 0.108800
-0.023643 0.017336 0.108900
-0.023664 0.017630 0.109000
-0.023664 0.017908 0.109000
-0.023686 0.018202 0.109100
-0.023708 0.018497 0.109200
-0.023729 0.018793 0.109300
-0.023751 0.019089 0.109400
-0.023773 0.019386 0.109500
-0.023795 0.019683 0.109600
-0.023816 0.019980 0.109700
-0.023860 0.020297 0.109900
-0.023881 0.020596 0.110000
-0.023925 0.020914 0.110200
-0.023968 0.021233 0.110400
-0.024012 0.021554 0.110600
-0.024055 0.021875 0.110800
-0.024098 0.022198 0.111000
-0.024142 0.022521 0.111200
-0.024185 0.022846 0.111400
-0.024229 0.023171 0.111600
-0.024272 0.023498 0.111800
-0.024316 0.023825 0.112000
-0.024359 0.024154 0.112200
-0.024402 0.024483 0.112400
-0.024446 0.024814 0.112600
-0.024489 0.025146 0.112800
-0.024533 0.025478 0.113000
-0.024598 0.025835 0.113300
-0.024641 0.026170 0.113500
-0.024663 0.026482 0.113600
-0.024728 0.026843 0.113900
-0.024793 0.027204 0.114200
-0.026073 0.000438 0.118700
-0.025964 0.000737 0.118200
-0.025876 0.001035 0.117800
-0.025876 0.001336 0.117800
-0.025876 0.001636 0.117800
-0.025568 0.001913 0.116400
-0.025414 0.002197 0.115700
-0.025239 0.002474 0.114900
-0.025107 0.002753 0.114300
-0.025041 0.003036 0.114000
-0.024975 0.003318 0.113700
-0.024887 0.003595 0.113300
-0.024843 0.003877 0.113100
-0.024799 0.004158 0.112900
-0.024777 0.004442 0.112800
-0.024734 0.004721 0.112600
-0.024690 0.004999 0.112400
-0.024624 0.005272 0.112100
-0.024558 0.005543 0.111800
-0.024470 0.005807 0.111400
-0.024382 0.006069 0.111000
-0.024316 0.006335 0.110700
-0.024250 0.006599 0.110400
-0.024162 0.006855 0.110000
-0.024118 0.007123 0.109800
-0.024075 0.007389 0.109600
-0.024031 0.007655 0.109400
-0.024009 0.007926 0.109300
-0.024009 0.008205 0.109300
-0.023987 0.008476 0.109200
-0.023987 0.008754 0.109200
-0.023965 0.009024 0.109100
-0.023943 0.009294 0.109000
-0.023943 0.009572 0.109000
-0.023921 0.009841 0.108900
-0.023899 0.010109 0.108800
-0.023877 0.010377 0.108700
-0.023877 0.010654 0.108700
-0.023855 0.010921 0.108600
-0.023855 0.011198 0.108600
-0.023833 0.011464 0.108500
-0.023833 0.011741 0.108500
-0.023833 0.012017 0.108500
-0.023833 0.012294 0.108500
-0.023833 0.012570 0.108500
-0.023833 0.012847 0.108500
-0.023833 0.013124 0.108500
-0.023833 0.013400 0.108500
-0.023833 0.013677 0.108500
-0.023833 0.013953 0.108500
-0.023833 0.014230 0.108500
-0.023855 0.014520 0.108600
-0.023855 0.014797 0.108600
-0.023855 0.015074 0.108600
-0.023877 0.015364 0.108700
-0.023877 0.015642 0.108700
-0.023877 0.015919 0.108700
-0.023877 0.016196 0.108700
-0.023899 0.016488 0.108800
-0.023921 0.016781 0.108900
-0.023921 0.017058 0.108900
-0.023943 0.017352 0.109000
-0.023965 0.017646 0.109100
-0.023965 0.017924 0.109100
-0.023987 0.018219 0.109200
-0.024009 0.018514 0.109300
-0.024009 0.018793 0.109300
-0.024031 0.019089 0.109400
-0.024075 0.019403 0.109600
-0.024097 0.019701 0.109700
-0.024118 0.019998 0.109800
-0.024162 0.020315 0.110000
-0.024184 0.020614 0.110100
-0.024250 0.020952 0.110400
-0.024272 0.021253 0.110500
-0.024338 0.021593 0.110800
-0.024360 0.021895 0.110900
-0.024404 0.022218 0.111100
-0.024470 0.022562 0.111400
-0.024492 0.022866 0.111500
-0.024558 0.023213 0.111800
-0.024580 0.023519 0.111900
-0.024624 0.023847 0.112100
-0.024668 0.024175 0.112300
-0.024712 0.024505 0.112500
-0.024777 0.024858 0.112800
-0.024799 0.025168 0.112900
-0.024865 0.025523 0.113200
-0.024887 0.025835 0.113300
-0.024953 0.026193 0.113600
-0.024997 0.026529 0.113800
-0.025041 0.026866 0.114000
-0.026377 0.000438 0.118700
-0.026266 0.000737 0.118200
-0.026177 0.001035 0.117800
-0.026177 0.001336 0.117800
-0.026177 0.001636 0.117800
-0.025932 0.001918 0.116700
-0.025732 0.002199 0.115800
-0.025577 0.002479 0.115100
-0.025443 0.002758 0.114500
-0.025377 0.003041 0.114200
-0.025288 0.003321 0.113800
-0.025221 0.003602 0.113500
-0.025132 0.003877 0.113100
-0.025088 0.004158 0.112900
-0.025043 0.004438 0.112700
-0.025021 0.004721 0.112600
-0.024977 0.004999 0.112400
-0.024888 0.005267 0.112000
-0.024843 0.005543 0.111800
-0.024755 0.005807 0.111400
-0.024666 0.006069 0.111000
-0.024599 0.006335 0.110700
-0.024532 0.006599 0.110400
-0.024466 0.006862 0.110100
-0.024399 0.007123 0.109800
-0.024355 0.007389 0.109600
-0.024332 0.007662 0.109500
-0.024310 0.007934 0.109400
-0.024288 0.008205 0.109300
-0.024288 0.008484 0.109300
-0.024266 0.008754 0.109200
-0.024243 0.009024 0.109100
-0.024243 0.009302 0.109100
-0.024221 0.009572 0.109000
-0.024199 0.009841 0.108900
-0.024199 0.010118 0.108900
-0.024177 0.010386 0.108800
-0.024155 0.010654 0.108700
-0.024155 0.010931 0.108700
-0.024132 0.011198 0.108600
-0.024132 0.011475 0.108600
-0.024132 0.011751 0.108600
-0.024132 0.012028 0.108600
-0.024132 0.012305 0.108600
-0.024132 0.012582 0.108600
-0.024132 0.012859 0.108600
-0.024132 0.013136 0.108600
-0.024132 0.013412 0.108600
-0.024132 0.013689 0.108600
-0.024132 0.013966 0.108600
-0.024155 0.014256 0.108700
-0.024155 0.014533 0.108700
-0.024155 0.014810 0.108700
-0.024155 0.015087 0.108700
-0.024177 0.015379 0.108800
-0.024199 0.015670 0.108900
-0.024199 0.015948 0.108900
-0.024199 0.016226 0.108900
-0.024221 0.016518 0.109000
-0.024221 0.016796 0.109000
-0.024243 0.017090 0.109100
-0.024243 0.017368 0.109100
-0.024266 0.017662 0.109200
-0.024266 0.017941 0.109200
-0.024288 0.018236 0.109300
-0.024288 0.018514 0.109300
-0.024310 0.018810 0.109400
-0.024355 0.019124 0.109600
-0.024377 0.019421 0.109700
-0.024399 0.019719 0.109800
-0.024421 0.020017 0.109900
-0.024466 0.020334 0.110100
-0.024510 0.020652 0.110300
-0.024555 0.020971 0.110500
-0.024599 0.021291 0.110700
-0.024643 0.021612 0.110900
-0.024688 0.021935 0.111100
-0.024732 0.022258 0.111300
-0.024777 0.022582 0.111500
-0.024821 0.022907 0.111700
-0.024866 0.023233 0.111900
-0.024910 0.023561 0.112100
-0.024955 0.023889 0.112300
-0.024999 0.024218 0.112500
-0.025043 0.024549 0.112700
-0.025088 0.024880 0.112900
-0.025132 0.025213 0.113100
-0.025155 0.025523 0.113200
-0.025199 0.025858 0.113400
-0.025266 0.026216 0.113700
-0.025310 0.026552 0.113900
-0.025332 0.026866 0.114000
-0.026568 0.000737 0.118200
-0.026523 0.001037 0.118000
-0.026523 0.001338 0.118000
-0.026410 0.001632 0.117500
-0.026230 0.001918 0.116700
-0.026096 0.002204 0.116100
-0.025938 0.002485 0.115400
-0.025803 0.002765 0.114800
-0.025691 0.003044 0.114300
-0.025601 0.003324 0.113900
-0.025511 0.003602 0.113500
-0.025444 0.003881 0.113200
-0.025354 0.004154 0.112800
-0.025331 0.004438 0.112700
-0.025286 0.004717 0.112500
-0.025242 0.004995 0.112300
-0.025174 0.005267 0.112000
-0.025107 0.005538 0.111700
-0.025039 0.005807 0.111400
-0.024972 0.006074 0.111100
-0.024904 0.006340 0.110800
-0.024837 0.006605 0.110500
-0.024747 0.006862 0.110100
-0.024702 0.007129 0.109900
-0.024657 0.007396 0.109700
-0.024635 0.007669 0.109600
-0.024590 0.007934 0.109400
-0.024590 0.008212 0.109400
-0.024567 0.008484 0.109300
-0.024545 0.008754 0.109200
-0.024545 0.009033 0.109200
-0.024522 0.009302 0.109100
-0.024500 0.009572 0.109000
-0.024500 0.009850 0.109000
-0.024477 0.010118 0.108900
-0.024477 0.010396 0.108900
-0.024455 0.010664 0.108800
-0.024432 0.010931 0.108700
-0.024432 0.011208 0.108700
-0.024432 0.011485 0.108700
-0.024432 0.011762 0.108700
-0.024432 0.012039 0.108700
-0.024432 0.012316 0.108700
-0.024432 0.012593 0.108700
-0.024432 0.012871 0.108700
-0.024432 0.013148 0.108700
-0.024432 0.013425 0.108700
-0.024432 0.013702 0.108700
-0.024455 0.013992 0.108800
-0.024455 0.014269 0.108800
-0.024477 0.014560 0.108900
-0.024477 0.014838 0.108900
-0.024477 0.015115 0.108900
-0.024500 0.015407 0.109000
-0.024500 0.015685 0.109000
-0.024500 0.015963 0.109000
-0.024500 0.016240 0.109000
-0.024522 0.016534 0.109100
-0.024522 0.016812 0.109100
-0.024545 0.017105 0.109200
-0.024545 0.017384 0.109200
-0.024567 0.017678 0.109300
-0.024567 0.017957 0.109300
-0.024590 0.018252 0.109400
-0.024612 0.018548 0.109500
-0.024635 0.018844 0.109600
-0.024657 0.019141 0.109700
-0.024680 0.019439 0.109800
-0.024702 0.019736 0.109900
-0.024747 0.020053 0.110100
-0.024792 0.020371 0.110300
-0.024837 0.020689 0.110500
-0.024859 0.020990 0.110600
-0.024927 0.021330 0.110900
-0.024972 0.021651 0.111100
-0.024994 0.021954 0.111200
-0.025062 0.022298 0.111500
-0.025107 0.022622 0.111700
-0.025152 0.022948 0.111900
-0.025174 0.023254 0.112000
-0.025242 0.023603 0.112300
-0.025264 0.023910 0.112400
-0.025331 0.024261 0.112700
-0.025376 0.024592 0.112900
-0.025399 0.024902 0.113000
-0.025444 0.025235 0.113200
-0.025511 0.025591 0.113500
-0.025534 0.025903 0.113600
-0.025556 0.026216 0.113700
-0.025601 0.026552 0.113900
-0.026892 0.000738 0.118300
-0.026824 0.001037 0.118000
-0.026824 0.001338 0.118000
-0.026711 0.001632 0.117500
-0.026597 0.001923 0.117000
-0.026460 0.002210 0.116400
-0.026460 0.002507 0.116400
-0.026188 0.002774 0.115200
-0.026188 0.003068 0.115200
-0.025960 0.003333 0.114200
-0.025824 0.003605 0.113600
-0.025733 0.003881 0.113200
-0.025642 0.004154 0.112800
-0.025619 0.004438 0.112700
-0.025574 0.004717 0.112500
-0.025528 0.004995 0.112300
-0.025460 0.005267 0.112000
-0.025392 0.005538 0.111700
-0.025324 0.005807 0.111400
-0.025256 0.006074 0.111100
-0.025210 0.006346 0.110900
-0.025119 0.006605 0.110500
-0.025074 0.006874 0.110300
-0.025006 0.007136 0.110000
-0.024960 0.007403 0.109800
-0.024937 0.007676 0.109700
-0.024892 0.007941 0.109500
-0.024869 0.008212 0.109400
-0.024846 0.008484 0.109300
-0.024846 0.008762 0.109300
-0.024824 0.009033 0.109200
-0.024824 0.009311 0.109200
-0.024801 0.009581 0.109100
-0.024778 0.009850 0.109000
-0.024778 0.010127 0.109000
-0.024778 0.010405 0.109000
-0.024756 0.010673 0.108900
-0.024756 0.010951 0.108900
-0.024756 0.011229 0.108900
-0.024733 0.011496 0.108800
-0.024733 0.011773 0.108800
-0.024733 0.012050 0.108800
-0.024756 0.012339 0.108900
-0.024756 0.012617 0.108900
-0.024756 0.012894 0.108900
-0.024756 0.013172 0.108900
-0.024756 0.013449 0.108900
-0.024756 0.013727 0.108900
-0.024756 0.014005 0.108900
-0.024778 0.014295 0.109000
-0.024778 0.014573 0.109000
-0.024778 0.014851 0.109000
-0.024778 0.015129 0.109000
-0.024801 0.015421 0.109100
-0.024801 0.015699 0.109100
-0.024824 0.015992 0.109200
-0.024824 0.016270 0.109200
-0.024824 0.016549 0.109200
-0.024846 0.016842 0.109300
-0.024846 0.017121 0.109300
-0.024846 0.017400 0.109300
-0.024869 0.017695 0.109400
-0.024869 0.017973 0.109400
-0.024915 0.018286 0.109600
-0.024915 0.018565 0.109600
-0.024937 0.018862 0.109700
-0.024960 0.019159 0.109800
-0.025006 0.019474 0.110000
-0.025028 0.019772 0.110100
-0.025074 0.020090 0.110300
-0.025119 0.020408 0.110500
-0.025165 0.020727 0.110700
-0.025210 0.021047 0.110900
-0.025256 0.021368 0.111100
-0.025278 0.021671 0.111200
-0.025347 0.022013 0.111500
-0.025392 0.022338 0.111700
-0.025438 0.022663 0.111900
-0.025483 0.022989 0.112100
-0.025528 0.023317 0.112300
-0.025574 0.023645 0.112500
-0.025619 0.023974 0.112700
-0.025665 0.024305 0.112900
-0.025710 0.024636 0.113100
-0.025733 0.024946 0.113200
-0.025801 0.025302 0.113500
-0.025824 0.025614 0.113600
-0.025869 0.025949 0.113800
-0.025915 0.026285 0.114000
-0.027126 0.001037 0.118000
-0.027126 0.001338 0.118000
-0.027034 0.001633 0.117600
-0.026942 0.001926 0.117200
-0.026827 0.002216 0.116700
-0.026735 0.002504 0.116300
-0.026551 0.002782 0.115500
-0.026482 0.003068 0.115200
-0.026275 0.003336 0.114300
-0.026160 0.003611 0.113800
-0.026045 0.003884 0.113300
-0.025953 0.004158 0.112900
-0.025907 0.004438 0.112700
-0.025861 0.004717 0.112500
-0.025792 0.004990 0.112200
-0.025746 0.005267 0.112000
-0.025677 0.005538 0.111700
-0.025609 0.005807 0.111400
-0.025540 0.006074 0.111100
-0.025494 0.006346 0.110900
-0.025425 0.006611 0.110600
-0.025379 0.006880 0.110400
-0.025310 0.007142 0.110100
-0.025264 0.007410 0.109900
-0.025241 0.007683 0.109800
-0.025195 0.007948 0.109600
-0.025172 0.008220 0.109500
-0.025149 0.008491 0.109400
-0.025126 0.008762 0.109300
-0.025126 0.009041 0.109300
-0.025103 0.009311 0.109200
-0.025080 0.009581 0.109100
-0.025080 0.009859 0.109100
-0.025080 0.010137 0.109100
-0.025057 0.010405 0.109000
-0.025057 0.010683 0.109000
-0.025057 0.010961 0.109000
-0.025057 0.011239 0.109000
-0.025034 0.011506 0.108900
-0.025034 0.011784 0.108900
-0.025034 0.012061 0.108900
-0.025034 0.012339 0.108900
-0.025057 0.012628 0.109000
-0.025057 0.012906 0.109000
-0.025057 0.013184 0.109000
-0.025057 0.013462 0.109000
-0.025057 0.013740 0.109000
-0.025080 0.014030 0.109100
-0.025080 0.014309 0.109100
-0.025080 0.014587 0.109100
-0.025080 0.014865 0.109100
-0.025103 0.015157 0.109200
-0.025103 0.015435 0.109200
-0.025103 0.015714 0.109200
-0.025126 0.016007 0.109300
-0.025126 0.016285 0.109300
-0.025126 0.016564 0.109300
-0.025126 0.016842 0.109300
-0.025149 0.017137 0.109400
-0.025149 0.017416 0.109400
-0.025172 0.017711 0.109500
-0.025195 0.018006 0.109600
-0.025218 0.018302 0.109700
-0.025241 0.018599 0.109800
-0.025264 0.018896 0.109900
-0.025287 0.019194 0.110000
-0.025310 0.019492 0.110100
-0.025356 0.019808 0.110300
-0.025402 0.020126 0.110500
-0.025448 0.020445 0.110700
-0.025494 0.020764 0.110900
-0.025540 0.021085 0.111100
-0.025586 0.021407 0.111300
-0.025632 0.021729 0.111500
-0.025677 0.022053 0.111700
-0.025723 0.022378 0.111900
-0.025769 0.022703 0.112100
-0.025815 0.023030 0.112300
-0.025861 0.023358 0.112500
-0.025907 0.023687 0.112700
-0.025953 0.024017 0.112900
-0.025999 0.024348 0.113100
-0.026022 0.024658 0.113200
-0.026091 0.025012 0.113500
-0.026137 0.025346 0.113700
-0.026183 0.025681 0.113900
-0.026229 0.026017 0.114100
-0.026275 0.026354 0.114300
-0.027450 0.001038 0.118100
-0.027450 0.001339 0.118100
-0.027357 0.001634 0.117700
-0.027288 0.001930 0.117400
-0.027172 0.002219 0.116900
-0.027032 0.002504 0.116300
-0.026916 0.002789 0.115800
-0.026776 0.003068 0.115200
-0.026614 0.003341 0.114500
-0.026474 0.003614 0.113900
-0.026358 0.003887 0.113400
-0.026242 0.004158 0.112900
-0.026219 0.004442 0.112800
-0.026149 0.004717 0.112500
-0.026079 0.004990 0.112200
-0.026033 0.005267 0.112000
-0.025963 0.005538 0.111700
-0.025893 0.005807 0.111400
-0.025847 0.006080 0.111200
-0.025800 0.006352 0.111000
-0.025730 0.006617 0.110700
-0.025661 0.006880 0.110400
-0.025614 0.007149 0.110200
-0.025568 0.007416 0.110000
-0.025545 0.007690 0.109900
-0.025498 0.007955 0.109700
-0.025475 0.008227 0.109600
-0.025452 0.008499 0.109500
-0.025428 0.008770 0.109400
-0.025405 0.009041 0.109300
-0.025405 0.009319 0.109300
-0.025382 0.009589 0.109200
-0.025382 0.009868 0.109200
-0.025359 0.010137 0.109100
-0.025359 0.010415 0.109100
-0.025359 0.010693 0.109100
-0.025359 0.010971 0.109100
-0.025359 0.011249 0.109100
-0.025335 0.011517 0.109000
-0.025335 0.011795 0.109000
-0.025359 0.012084 0.109100
-0.025359 0.012362 0.109100
-0.025359 0.012640 0.109100
-0.025359 0.012918 0.109100
-0.025359 0.013196 0.109100
-0.025382 0.013487 0.109200
-0.025382 0.013765 0.109200
-0.025382 0.014043 0.109200
-0.025382 0.014322 0.109200
-0.025382 0.014600 0.109200
-0.025405 0.014892 0.109300
-0.025405 0.015171 0.109300
-0.025405 0.015449 0.109300
-0.025405 0.015728 0.109300
-0.025428 0.016021 0.109400
-0.025428 0.016300 0.109400
-0.025428 0.016579 0.109400
-0.025452 0.016873 0.109500
-0.025452 0.017152 0.109500
-0.025475 0.017447 0.109600
-0.025498 0.017743 0.109700
-0.025498 0.018023 0.109700
-0.025521 0.018319 0.109800
-0.025545 0.018616 0.109900
-0.025568 0.018913 0.110000
-0.025614 0.019229 0.110200
-0.025661 0.019545 0.110400
-0.025684 0.019844 0.110500
-0.025754 0.020181 0.110800
-0.025800 0.020500 0.111000
-0.025823 0.020802 0.111100
-0.025893 0.021142 0.111400
-0.025916 0.021445 0.111500
-0.025986 0.021788 0.111800
-0.026009 0.022092 0.111900
-0.026056 0.022418 0.112100
-0.026102 0.022744 0.112300
-0.026149 0.023071 0.112500
-0.026195 0.023400 0.112700
-0.026242 0.023729 0.112900
-0.026288 0.024059 0.113100
-0.026335 0.024391 0.113300
-0.026381 0.024723 0.113500
-0.026451 0.025078 0.113800
-0.026497 0.025413 0.114000
-0.026544 0.025749 0.114200
-0.026567 0.026063 0.114300
-0.027776 0.001340 0.118200
-0.027682 0.001636 0.117800
-0.027611 0.001931 0.117500
-0.027517 0.002223 0.117100
-0.027400 0.002511 0.116600
-0.027259 0.002794 0.116000
-0.027141 0.003076 0.115500
-0.026953 0.003347 0.114700
-0.026953 0.003640 0.114700
-0.026671 0.003891 0.113500
-0.026577 0.004165 0.113100
-0.026507 0.004442 0.112800
-0.026436 0.004717 0.112500
-0.026389 0.004995 0.112300
-0.026319 0.005267 0.112000
-0.026248 0.005538 0.111700
-0.026201 0.005812 0.111500
-0.026131 0.006080 0.111200
-0.026107 0.006358 0.111100
-0.026037 0.006623 0.110800
-0.025990 0.006893 0.110600
-0.025943 0.007162 0.110400
-0.025896 0.007430 0.110200
-0.025849 0.007697 0.110000
-0.025825 0.007970 0.109900
-0.025778 0.008235 0.109700
-0.025755 0.008507 0.109600
-0.025731 0.008778 0.109500
-0.025708 0.009049 0.109400
-0.025684 0.009319 0.109300
-0.025684 0.009598 0.109300
-0.025684 0.009877 0.109300
-0.025661 0.010146 0.109200
-0.025661 0.010424 0.109200
-0.025661 0.010703 0.109200
-0.025661 0.010981 0.109200
-0.025661 0.011260 0.109200
-0.025661 0.011538 0.109200
-0.025661 0.011816 0.109200
-0.025661 0.012095 0.109200
-0.025661 0.012373 0.109200
-0.025684 0.012663 0.109300
-0.025684 0.012942 0.109300
-0.025684 0.013220 0.109300
-0.025684 0.013499 0.109300
-0.025708 0.013790 0.109400
-0.025708 0.014069 0.109400
-0.025708 0.014348 0.109400
-0.025708 0.014627 0.109400
-0.025708 0.014906 0.109400
-0.025708 0.015185 0.109400
-0.025708 0.015463 0.109400
-0.025731 0.015757 0.109500
-0.025731 0.016036 0.109500
-0.025731 0.016315 0.109500
-0.025755 0.016609 0.109600
-0.025755 0.016889 0.109600
-0.025778 0.017184 0.109700
-0.025778 0.017463 0.109700
-0.025802 0.017759 0.109800
-0.025825 0.018056 0.109900
-0.025849 0.018352 0.110000
-0.025872 0.018650 0.110100
-0.025919 0.018965 0.110300
-0.025943 0.019263 0.110400
-0.025990 0.019580 0.110600
-0.026037 0.019898 0.110800
-0.026084 0.020217 0.111000
-0.026131 0.020537 0.111200
-0.026178 0.020858 0.111400
-0.026225 0.021180 0.111600
-0.026272 0.021503 0.111800
-0.026319 0.021827 0.112000
-0.026366 0.022152 0.112200
-0.026413 0.022478 0.112400
-0.026460 0.022805 0.112600
-0.026507 0.023133 0.112800
-0.026530 0.023441 0.112900
-0.026601 0.023792 0.113200
-0.026624 0.024102 0.113300
-0.026671 0.024434 0.113500
-0.026718 0.024767 0.113700
-0.026765 0.025101 0.113900
-0.026836 0.025458 0.114200
-0.026906 0.025817 0.114500
-0.028102 0.001341 0.118300
-0.028006 0.001637 0.117900
-0.027959 0.001935 0.117700
-0.027840 0.002225 0.117200
-0.027721 0.002513 0.116700
-0.027603 0.002799 0.116200
-0.027436 0.003076 0.115500
-0.027294 0.003353 0.114900
-0.027151 0.003627 0.114300
-0.027009 0.003898 0.113700
-0.026890 0.004169 0.113200
-0.026819 0.004446 0.112900
-0.026771 0.004725 0.112700
-0.026676 0.004995 0.112300
-0.026629 0.005272 0.112100
-0.026557 0.005543 0.111800
-0.026510 0.005817 0.111600
-0.026462 0.006091 0.111400
-0.026415 0.006363 0.111200
-0.026367 0.006635 0.111000
-0.026320 0.006905 0.110800
-0.026249 0.007168 0.110500
-0.026225 0.007443 0.110400
-0.026154 0.007704 0.110100
-0.026130 0.007977 0.110000
-0.026082 0.008242 0.109800
-0.026059 0.008515 0.109700
-0.026035 0.008786 0.109600
-0.026011 0.009057 0.109500
-0.025987 0.009328 0.109400
-0.025987 0.009607 0.109400
-0.025964 0.009877 0.109300
-0.025964 0.010155 0.109300
-0.025964 0.010434 0.109300
-0.025964 0.010713 0.109300
-0.025964 0.010991 0.109300
-0.025964 0.011270 0.109300
-0.025964 0.011548 0.109300
-0.025964 0.011827 0.109300
-0.025987 0.012117 0.109400
-0.025987 0.012396 0.109400
-0.025987 0.012675 0.109400
-0.026011 0.012965 0.109500
-0.026011 0.013244 0.109500
-0.026011 0.013524 0.109500
-0.026035 0.013815 0.109600
-0.026035 0.014095 0.109600
-0.026035 0.014374 0.109600
-0.026035 0.014654 0.109600
-0.026035 0.014933 0.109600
-0.026035 0.015212 0.109600
-0.026035 0.015492 0.109600
-0.026035 0.015771 0.109600
-0.026059 0.016065 0.109700
-0.026059 0.016345 0.109700
-0.026059 0.016624 0.109700
-0.026082 0.016919 0.109800
-0.026082 0.017199 0.109800
-0.026106 0.017495 0.109900
-0.026130 0.017792 0.110000
-0.026154 0.018088 0.110100
-0.026177 0.018386 0.110200
-0.026225 0.018701 0.110400
-0.026249 0.018999 0.110500
-0.026296 0.019316 0.110700
-0.026344 0.019633 0.110900
-0.026391 0.019952 0.111100
-0.026439 0.020272 0.111300
-0.026486 0.020592 0.111500
-0.026534 0.020914 0.111700
-0.026581 0.021237 0.111900
-0.026629 0.021560 0.112100
-0.026676 0.021885 0.112300
-0.026724 0.022211 0.112500
-0.026771 0.022538 0.112700
-0.026795 0.022845 0.112800
-0.026843 0.023174 0.113000
-0.026890 0.023503 0.113200
-0.026938 0.023834 0.113400
-0.026961 0.024144 0.113500
-0.027009 0.024477 0.113700
-0.027056 0.024810 0.113900
-0.027128 0.025167 0.114200
-0.027175 0.025502 0.114400
-0.027246 0.025862 0.114700
-0.028332 0.001639 0.118000
-0.028260 0.001935 0.117700
-0.028164 0.002227 0.117300
-0.028044 0.002515 0.116800
-0.027900 0.002799 0.116200
-0.027756 0.003079 0.115600
-0.027587 0.003353 0.114900
-0.027443 0.003627 0.114300
-0.027299 0.003898 0.113700
-0.027203 0.004173 0.113300
-0.027131 0.004450 0.113000
-0.027059 0.004725 0.112700
-0.026987 0.004999 0.112400
-0.026915 0.005272 0.112100
-0.026867 0.005548 0.111900
-0.026819 0.005822 0.111700
-0.026771 0.006096 0.111500
-0.026747 0.006375 0.111400
-0.026675 0.006641 0.111100
-0.026627 0.006912 0.110900
-0.026579 0.007181 0.110700
-0.026531 0.007450 0.110500
-0.026483 0.007718 0.110300
-0.026435 0.007984 0.110100
-0.026387 0.008250 0.109900
-0.026363 0.008522 0.109800
-0.026339 0.008794 0.109700
-0.026315 0.009066 0.109600
-0.026291 0.009337 0.109500
-0.026291 0.009616 0.109500
-0.026291 0.009895 0.109500
-0.026267 0.010165 0.109400
-0.026267 0.010444 0.109400
-0.026267 0.010722 0.109400
-0.026267 0.011001 0.109400
-0.026291 0.011290 0.109500
-0.026291 0.011570 0.109500
-0.026291 0.011849 0.109500
-0.026315 0.012139 0.109600
-0.026315 0.012418 0.109600
-0.026315 0.012698 0.109600
-0.026315 0.012977 0.109600
-0.026339 0.013269 0.109700
-0.026339 0.013548 0.109700
-0.026339 0.013828 0.109700
-0.026339 0.014108 0.109700
-0.026363 0.014400 0.109800
-0.026363 0.014680 0.109800
-0.026363 0.014960 0.109800
-0.026363 0.015240 0.109800
-0.026363 0.015520 0.109800
-0.026363 0.015800 0.109800
-0.026363 0.016080 0.109800
-0.026363 0.016360 0.109800
-0.026387 0.016655 0.109900
-0.026387 0.016935 0.109900
-0.026411 0.017231 0.110000
-0.026435 0.017527 0.110100
-0.026435 0.017808 0.110100
-0.026483 0.018121 0.110300
-0.026507 0.018419 0.110400
-0.026555 0.018734 0.110600
-0.026603 0.019051 0.110800
-0.026651 0.019368 0.111000
-0.026699 0.019686 0.111200
-0.026747 0.020006 0.111400
-0.026795 0.020326 0.111600
-0.026843 0.020648 0.111800
-0.026891 0.020970 0.112000
-0.026939 0.021294 0.112200
-0.026987 0.021618 0.112400
-0.027011 0.021924 0.112500
-0.027059 0.022250 0.112700
-0.027107 0.022578 0.112900
-0.027155 0.022906 0.113100
-0.027203 0.023235 0.113300
-0.027227 0.023545 0.113400
-0.027275 0.023876 0.113600
-0.027323 0.024208 0.113800
-0.027347 0.024520 0.113900
-0.027419 0.024876 0.114200
-0.027467 0.025211 0.114400
-0.027515 0.025547 0.114600
-0.028633 0.001639 0.118000
-0.028585 0.001936 0.117800
-0.028463 0.002227 0.117300
-0.028366 0.002517 0.116900
-0.028196 0.002799 0.116200
-0.028051 0.003079 0.115600
-0.027905 0.003356 0.115000
-0.027735 0.003627 0.114300
-0.027614 0.003901 0.113800
-0.027517 0.004177 0.113400
-0.027444 0.004454 0.113100
-0.027371 0.004730 0.112800
-0.027299 0.005004 0.112500
-0.027250 0.005281 0.112300
-0.027177 0.005553 0.112000
-0.027129 0.005828 0.111800
-0.027080 0.006102 0.111600
-0.027056 0.006380 0.111500
-0.026983 0.006647 0.111200
-0.026935 0.006918 0.111000
-0.026886 0.007188 0.110800
-0.026838 0.007457 0.110600
-0.026789 0.007725 0.110400
-0.026741 0.007992 0.110200
-0.026692 0.008257 0.110000
-0.026668 0.008530 0.109900
-0.026643 0.008802 0.109800
-0.026619 0.009074 0.109700
-0.026595 0.009345 0.109600
-0.026595 0.009624 0.109600
-0.026595 0.009904 0.109600
-0.026595 0.010183 0.109600
-0.026595 0.010463 0.109600
-0.026595 0.010742 0.109600
-0.026595 0.011021 0.109600
-0.026595 0.011301 0.109600
-0.026595 0.011580 0.109600
-0.026619 0.011870 0.109700
-0.026619 0.012150 0.109700
-0.026619 0.012430 0.109700
-0.026619 0.012709 0.109700
-0.026643 0.013001 0.109800
-0.026643 0.013281 0.109800
-0.026668 0.013573 0.109900
-0.026668 0.013853 0.109900
-0.026668 0.014133 0.109900
-0.026668 0.014413 0.109900
-0.026668 0.014694 0.109900
-0.026692 0.014987 0.110000
-0.026692 0.015268 0.110000
-0.026692 0.015548 0.110000
-0.026692 0.015829 0.110000
-0.026692 0.016109 0.110000
-0.026716 0.016404 0.110100
-0.026716 0.016685 0.110100
-0.026716 0.016966 0.110100
-0.026741 0.017262 0.110200
-0.026765 0.017559 0.110300
-0.026789 0.017856 0.110400
-0.026813 0.018154 0.110500
-0.026862 0.018469 0.110700
-0.026910 0.018785 0.110900
-0.026959 0.019102 0.111100
-0.026983 0.019403 0.111200
-0.027056 0.019740 0.111500
-0.027080 0.020042 0.111600
-0.027153 0.020381 0.111900
-0.027202 0.020703 0.112100
-0.027250 0.021026 0.112300
-0.027299 0.021351 0.112500
-0.027347 0.021676 0.112700
-0.027371 0.021983 0.112800
-0.027444 0.022329 0.113100
-0.027469 0.022638 0.113200
-0.027517 0.022967 0.113400
-0.027566 0.023297 0.113600
-0.027614 0.023628 0.113800
-0.027614 0.023918 0.113800
-0.027614 0.024208 0.113800
-0.027638 0.024520 0.113900
-0.027711 0.024876 0.114200
-0.027760 0.025211 0.114400
-0.028861 0.001935 0.117700
-0.028763 0.002227 0.117300
-0.028763 0.002526 0.117300
-0.028493 0.002799 0.116200
-0.028346 0.003079 0.115600
-0.028199 0.003356 0.115000
-0.028052 0.003630 0.114400
-0.027954 0.003908 0.114000
-0.027856 0.004184 0.113600
-0.027758 0.004458 0.113200
-0.027709 0.004738 0.113000
-0.027635 0.005013 0.112700
-0.027562 0.005286 0.112400
-0.027513 0.005562 0.112200
-0.027464 0.005838 0.112000
-0.027414 0.006113 0.111800
-0.027365 0.006386 0.111600
-0.027316 0.006659 0.111400
-0.027243 0.006924 0.111100
-0.027194 0.007194 0.110900
-0.027145 0.007463 0.110700
-0.027096 0.007732 0.110500
-0.027047 0.007999 0.110300
-0.026998 0.008265 0.110100
-0.026973 0.008538 0.110000
-0.026949 0.008810 0.109900
-0.026924 0.009082 0.109800
-0.026900 0.009354 0.109700
-0.026900 0.009633 0.109700
-0.026900 0.009913 0.109700
-0.026900 0.010193 0.109700
-0.026900 0.010472 0.109700
-0.026900 0.010752 0.109700
-0.026900 0.011031 0.109700
-0.026900 0.011311 0.109700
-0.026924 0.011601 0.109800
-0.026924 0.011881 0.109800
-0.026924 0.012161 0.109800
-0.026949 0.012452 0.109900
-0.026949 0.012733 0.109900
-0.026949 0.013013 0.109900
-0.026973 0.013305 0.110000
-0.026973 0.013585 0.110000
-0.026973 0.013866 0.110000
-0.026998 0.014159 0.110100
-0.026998 0.014440 0.110100
-0.026998 0.014720 0.110100
-0.026998 0.015001 0.110100
-0.026998 0.015282 0.110100
-0.026998 0.015562 0.110100
-0.027022 0.015857 0.110200
-0.027022 0.016138 0.110200
-0.027047 0.016434 0.110300
-0.027047 0.016715 0.110300
-0.027047 0.016997 0.110300
-0.027071 0.017293 0.110400
-0.027096 0.017591 0.110500
-0.027120 0.017889 0.110600
-0.027169 0.018203 0.110800
-0.027194 0.018503 0.110900
-0.027243 0.018819 0.111100
-0.027316 0.019154 0.111400
-0.027341 0.019455 0.111500
-0.027414 0.019793 0.111800
-0.027464 0.020114 0.112000
-0.027488 0.020417 0.112100
-0.027562 0.020759 0.112400
-0.027586 0.021064 0.112500
-0.027660 0.021407 0.112800
-0.027684 0.021714 0.112900
-0.027733 0.022041 0.113100
-0.027733 0.022329 0.113100
-0.027758 0.022638 0.113200
-0.027807 0.022967 0.113400
-0.027856 0.023297 0.113600
-0.027905 0.023628 0.113800
-0.027905 0.023918 0.113800
-0.027954 0.024251 0.114000
-0.028003 0.024584 0.114200
-0.028052 0.024919 0.114400
-0.029162 0.001935 0.117700
-0.029063 0.002227 0.117300
-0.029063 0.002526 0.117300
-0.028766 0.002796 0.116100
-0.028617 0.003076 0.115500
-0.028493 0.003356 0.115000
-0.028369 0.003633 0.114500
-0.028245 0.003908 0.114000
-0.028196 0.004191 0.113800
-0.028121 0.004470 0.113500
-0.028022 0.004742 0.113100
-0.027973 0.005022 0.112900
-0.027898 0.005295 0.112600
-0.027849 0.005572 0.112400
-0.027774 0.005843 0.112100
-0.027725 0.006118 0.111900
-0.027675 0.006392 0.111700
-0.027626 0.006665 0.111500
-0.027551 0.006930 0.111200
-0.027502 0.007201 0.111000
-0.027452 0.007470 0.110800
-0.027403 0.007739 0.110600
-0.027353 0.008006 0.110400
-0.027328 0.008280 0.110300
-0.027279 0.008546 0.110100
-0.027254 0.008818 0.110000
-0.027229 0.009090 0.109900
-0.027205 0.009362 0.109800
-0.027205 0.009642 0.109800
-0.027205 0.009922 0.109800
-0.027205 0.010202 0.109800
-0.027205 0.010482 0.109800
-0.027205 0.010762 0.109800
-0.027205 0.011042 0.109800
-0.027205 0.011321 0.109800
-0.027229 0.011612 0.109900
-0.027229 0.011892 0.109900
-0.027229 0.012172 0.109900
-0.027254 0.012464 0.110000
-0.027254 0.012744 0.110000
-0.027279 0.013036 0.110100
-0.027279 0.013317 0.110100
-0.027304 0.013610 0.110200
-0.027304 0.013891 0.110200
-0.027328 0.014185 0.110300
-0.027328 0.014466 0.110300
-0.027328 0.014747 0.110300
-0.027353 0.015042 0.110400
-0.027353 0.015323 0.110400
-0.027353 0.015605 0.110400
-0.027353 0.015886 0.110400
-0.027353 0.016168 0.110400
-0.027378 0.016464 0.110500
-0.027378 0.016746 0.110500
-0.027378 0.017027 0.110500
-0.027403 0.017325 0.110600
-0.027428 0.017623 0.110700
-0.027477 0.017937 0.110900
-0.027502 0.018236 0.111000
-0.027527 0.018536 0.111100
-0.027601 0.018870 0.111400
-0.027651 0.019188 0.111600
-0.027700 0.019508 0.111800
-0.027750 0.019828 0.112000
-0.027750 0.020114 0.112000
-0.027774 0.020417 0.112100
-0.027849 0.020759 0.112400
-0.027874 0.021064 0.112500
-0.027948 0.021407 0.112800
-0.027973 0.021714 0.112900
-0.028022 0.022041 0.113100
-0.028072 0.022369 0.113300
-0.028121 0.022698 0.113500
-0.028171 0.023028 0.113700
-0.028220 0.023358 0.113900
-0.028245 0.023670 0.114000
-0.028270 0.023981 0.114100
-0.028295 0.024293 0.114200
-0.028320 0.024606 0.114300
-0.028394 0.024963 0.114600
-0.029388 0.002229 0.117400
-0.029212 0.002513 0.116700
-0.029062 0.002796 0.116100
-0.028912 0.003076 0.115500
-0.028787 0.003356 0.115000
-0.028662 0.003633 0.114500
-0.028587 0.003915 0.114200
-0.028511 0.004195 0.113900
-0.028461 0.004477 0.113700
-0.028386 0.004755 0.113400
-0.028311 0.005030 0.113100
-0.028236 0.005305 0.112800
-0.028161 0.005577 0.112500
-0.028111 0.005854 0.112300
-0.028036 0.006124 0.112000
-0.027986 0.006398 0.111800
-0.027936 0.006671 0.111600
-0.027886 0.006943 0.111400
-0.027811 0.007207 0.111100
-0.027761 0.007477 0.110900
-0.027685 0.007739 0.110600
-0.027660 0.008013 0.110500
-0.027635 0.008288 0.110400
-0.027585 0.008553 0.110200
-0.027560 0.008826 0.110100
-0.027535 0.009099 0.110000
-0.027510 0.009371 0.109900
-0.027510 0.009651 0.109900
-0.027510 0.009931 0.109900
-0.027485 0.010202 0.109800
-0.027485 0.010482 0.109800
-0.027510 0.010771 0.109900
-0.027510 0.011052 0.109900
-0.027510 0.011332 0.109900
-0.027535 0.011622 0.110000
-0.027535 0.011903 0.110000
-0.027535 0.012183 0.110000
-0.027560 0.012475 0.110100
-0.027560 0.012756 0.110100
-0.027610 0.013060 0.110300
-0.027610 0.013341 0.110300
-0.027635 0.013635 0.110400
-0.027635 0.013916 0.110400
-0.027635 0.014198 0.110400
-0.027660 0.014492 0.110500
-0.027660 0.014774 0.110500
-0.027660 0.015056 0.110500
-0.027660 0.015337 0.110500
-0.027685 0.015633 0.110600
-0.027685 0.015915 0.110600
-0.027685 0.016197 0.110600
-0.027710 0.016494 0.110700
-0.027710 0.016776 0.110700
-0.027735 0.017074 0.110800
-0.027735 0.017356 0.110800
-0.027761 0.017654 0.110900
-0.027786 0.017953 0.111000
-0.027786 0.018236 0.111000
-0.027811 0.018536 0.111100
-0.027886 0.018870 0.111400
-0.027936 0.019188 0.111600
-0.027986 0.019508 0.111800
-0.028036 0.019828 0.112000
-0.028111 0.020167 0.112300
-0.028136 0.020472 0.112400
-0.028211 0.020814 0.112700
-0.028261 0.021139 0.112900
-0.028311 0.021464 0.113100
-0.028336 0.021772 0.113200
-0.028386 0.022100 0.113400
-0.028436 0.022428 0.113600
-0.028486 0.022758 0.113800
-0.028537 0.023088 0.114000
-0.028537 0.023379 0.114000
-0.028587 0.023711 0.114200
-0.028612 0.024023 0.114300
-0.028662 0.024357 0.114500
-0.028662 0.024649 0.114500
-0.029688 0.002229 0.117400
-0.029511 0.002513 0.116700
-0.029511 0.002811 0.116700
-0.029232 0.003079 0.115600
-0.029081 0.003356 0.115000
-0.028980 0.003636 0.114600
-0.028904 0.003918 0.114300
-0.028853 0.004202 0.114100
-0.028803 0.004485 0.113900
-0.028727 0.004763 0.113600
-0.028651 0.005039 0.113300
-0.028575 0.005314 0.113000
-0.028499 0.005587 0.112700
-0.028423 0.005859 0.112400
-0.028347 0.006129 0.112100
-0.028297 0.006403 0.111900
-0.028221 0.006671 0.111600
-0.028170 0.006943 0.111400
-0.028094 0.007207 0.111100
-0.028044 0.007477 0.110900
-0.027993 0.007746 0.110700
-0.027968 0.008021 0.110600
-0.027917 0.008288 0.110400
-0.027892 0.008561 0.110300
-0.027867 0.008834 0.110200
-0.027842 0.009107 0.110100
-0.027816 0.009379 0.110000
-0.027816 0.009660 0.110000
-0.027816 0.009940 0.110000
-0.027791 0.010211 0.109900
-0.027791 0.010491 0.109900
-0.027791 0.010771 0.109900
-0.027816 0.011062 0.110000
-0.027816 0.011342 0.110000
-0.027816 0.011622 0.110000
-0.027842 0.011914 0.110100
-0.027842 0.012194 0.110100
-0.027892 0.012498 0.110300
-0.027892 0.012779 0.110300
-0.027917 0.013072 0.110400
-0.027917 0.013353 0.110400
-0.027943 0.013647 0.110500
-0.027943 0.013929 0.110500
-0.027968 0.014223 0.110600
-0.027968 0.014505 0.110600
-0.027968 0.014787 0.110600
-0.027993 0.015083 0.110700
-0.027993 0.015365 0.110700
-0.027968 0.015633 0.110600
-0.027968 0.015915 0.110600
-0.027968 0.016197 0.110600
-0.027993 0.016494 0.110700
-0.027993 0.016776 0.110700
-0.028019 0.017074 0.110800
-0.028019 0.017356 0.110800
-0.028044 0.017654 0.110900
-0.028069 0.017953 0.111000
-0.028120 0.018269 0.111200
-0.028170 0.018586 0.111400
-0.028221 0.018904 0.111600
-0.028297 0.019240 0.111900
-0.028322 0.019543 0.112000
-0.028398 0.019881 0.112300
-0.028448 0.020203 0.112500
-0.028499 0.020527 0.112700
-0.028550 0.020851 0.112900
-0.028600 0.021176 0.113100
-0.028651 0.021502 0.113300
-0.028701 0.021830 0.113500
-0.028752 0.022158 0.113700
-0.028803 0.022487 0.113900
-0.028828 0.022798 0.114000
-0.028878 0.023129 0.114200
-0.028904 0.023440 0.114300
-0.028954 0.023773 0.114500
-0.028954 0.024065 0.114500
-0.028980 0.024378 0.114600
-0.029005 0.024692 0.114700
-0.029528 0.003079 0.115600
-0.029400 0.003359 0.115100
-0.029272 0.003636 0.114600
-0.029247 0.003925 0.114500
-0.029170 0.004206 0.114200
-0.029119 0.004489 0.114000
-0.029068 0.004771 0.113800
-0.028991 0.005048 0.113500
-0.028915 0.005323 0.113200
-0.028813 0.005592 0.112800
-0.028736 0.005864 0.112500
-0.028659 0.006134 0.112200
-0.028608 0.006409 0.112000
-0.028532 0.006677 0.111700
-0.028481 0.006949 0.111500
-0.028404 0.007214 0.111200
-0.028353 0.007484 0.111000
-0.028302 0.007753 0.110800
-0.028251 0.008021 0.110600
-0.028225 0.008295 0.110500
-0.028200 0.008569 0.110400
-0.028174 0.008842 0.110300
-0.028148 0.009115 0.110200
-0.028123 0.009388 0.110100
-0.028123 0.009668 0.110100
-0.028123 0.009949 0.110100
-0.028097 0.010220 0.110000
-0.028097 0.010501 0.110000
-0.028097 0.010781 0.110000
-0.028097 0.011062 0.110000
-0.028123 0.011352 0.110100
-0.028123 0.011633 0.110100
-0.028148 0.011925 0.110200
-0.028174 0.012217 0.110300
-0.028200 0.012509 0.110400
-0.028200 0.012790 0.110400
-0.028225 0.013084 0.110500
-0.028251 0.013378 0.110600
-0.028251 0.013659 0.110600
-0.028251 0.013941 0.110600
-0.028251 0.014223 0.110600
-0.028251 0.014505 0.110600
-0.028251 0.014787 0.110600
-0.028276 0.015083 0.110700
-0.028276 0.015365 0.110700
-0.028302 0.015661 0.110800
-0.028302 0.015944 0.110800
-0.028302 0.016226 0.110800
-0.028327 0.016524 0.110900
-0.028327 0.016806 0.110900
-0.028327 0.017089 0.110900
-0.028353 0.017387 0.111000
-0.028378 0.017686 0.111100
-0.028404 0.017986 0.111200
-0.028455 0.018302 0.111400
-0.028506 0.018619 0.111600
-0.028583 0.018955 0.111900
-0.028634 0.019274 0.112100
-0.028685 0.019595 0.112300
-0.028736 0.019917 0.112500
-0.028813 0.020257 0.112800
-0.028864 0.020581 0.113000
-0.028915 0.020906 0.113200
-0.028991 0.021251 0.113500
-0.029017 0.021559 0.113600
-0.029068 0.021887 0.113800
-0.029119 0.022216 0.114000
-0.029170 0.022547 0.114200
-0.029196 0.022858 0.114300
-0.029247 0.023190 0.114500
-0.029272 0.023502 0.114600
-0.029298 0.023815 0.114700
-0.029298 0.024107 0.114700
-0.029323 0.024421 0.114800
-0.030081 0.002808 0.116600
-0.029875 0.003084 0.115800
-0.029746 0.003365 0.115300
-0.029643 0.003646 0.114900
-0.029591 0.003932 0.114700
-0.029514 0.004213 0.114400
-0.029462 0.004497 0.114200
-0.029410 0.004780 0.114000
-0.029333 0.005057 0.113700
-0.029230 0.005328 0.113300
-0.029152 0.005602 0.113000
-0.029049 0.005869 0.112600
-0.028972 0.006140 0.112300
-0.028894 0.006409 0.112000
-0.028843 0.006683 0.111800
-0.028765 0.006949 0.111500
-0.028714 0.007220 0.111300
-0.028636 0.007484 0.111000
-0.028611 0.007760 0.110900
-0.028585 0.008035 0.110800
-0.028533 0.008303 0.110600
-0.028507 0.008577 0.110500
-0.028482 0.008850 0.110400
-0.028482 0.009132 0.110400
-0.028456 0.009405 0.110300
-0.028456 0.009686 0.110300
-0.028430 0.009958 0.110200
-0.028430 0.010239 0.110200
-0.028404 0.010510 0.110100
-0.028404 0.010791 0.110100
-0.028430 0.011082 0.110200
-0.028430 0.011363 0.110200
-0.028456 0.011654 0.110300
-0.028456 0.011935 0.110300
-0.028456 0.012217 0.110300
-0.028482 0.012509 0.110400
-0.028482 0.012790 0.110400
-0.028507 0.013084 0.110500
-0.028533 0.013378 0.110600
-0.028533 0.013659 0.110600
-0.028559 0.013954 0.110700
-0.028585 0.014249 0.110800
-0.028585 0.014532 0.110800
-0.028585 0.014814 0.110800
-0.028611 0.015110 0.110900
-0.028611 0.015393 0.110900
-0.028611 0.015675 0.110900
-0.028636 0.015973 0.111000
-0.028636 0.016256 0.111000
-0.028636 0.016538 0.111000
-0.028636 0.016821 0.111000
-0.028662 0.017120 0.111100
-0.028688 0.017419 0.111200
-0.028714 0.017718 0.111300
-0.028765 0.018034 0.111500
-0.028791 0.018335 0.111600
-0.028869 0.018669 0.111900
-0.028894 0.018972 0.112000
-0.028972 0.019309 0.112300
-0.029023 0.019630 0.112500
-0.029101 0.019970 0.112800
-0.029152 0.020293 0.113000
-0.029230 0.020636 0.113300
-0.029281 0.020962 0.113500
-0.029359 0.021307 0.113800
-0.029385 0.021616 0.113900
-0.029436 0.021945 0.114100
-0.029488 0.022275 0.114300
-0.029539 0.022606 0.114500
-0.029565 0.022918 0.114600
-0.029591 0.023230 0.114700
-0.029617 0.023543 0.114800
-0.029643 0.023856 0.114900
-0.029643 0.024149 0.114900
-0.030379 0.002808 0.116600
-0.030379 0.003105 0.116600
-0.030092 0.003371 0.115500
-0.029988 0.003652 0.115100
-0.029936 0.003939 0.114900
-0.029858 0.004221 0.114600
-0.029806 0.004505 0.114400
-0.029754 0.004788 0.114200
-0.029676 0.005066 0.113900
-0.029571 0.005338 0.113500
-0.029467 0.005607 0.113100
-0.029363 0.005875 0.112700
-0.029285 0.006145 0.112400
-0.029181 0.006409 0.112000
-0.029128 0.006683 0.111800
-0.029076 0.006955 0.111600
-0.029024 0.007227 0.111400
-0.028946 0.007490 0.111100
-0.028920 0.007767 0.111000
-0.028894 0.008042 0.110900
-0.028868 0.008318 0.110800
-0.028816 0.008584 0.110600
-0.028816 0.008866 0.110600
-0.028790 0.009140 0.110500
-0.028764 0.009413 0.110400
-0.028764 0.009695 0.110400
-0.028764 0.009976 0.110400
-0.028712 0.010239 0.110200
-0.028686 0.010510 0.110100
-0.028686 0.010791 0.110100
-0.028712 0.011082 0.110200
-0.028712 0.011363 0.110200
-0.028738 0.011654 0.110300
-0.028738 0.011935 0.110300
-0.028764 0.012228 0.110400
-0.028790 0.012520 0.110500
-0.028790 0.012802 0.110500
-0.028816 0.013096 0.110600
-0.028842 0.013390 0.110700
-0.028868 0.013684 0.110800
-0.028868 0.013967 0.110800
-0.028894 0.014262 0.110900
-0.028894 0.014545 0.110900
-0.028920 0.014841 0.111000
-0.028920 0.015124 0.111000
-0.028920 0.015407 0.111000
-0.028946 0.015704 0.111100
-0.028946 0.015987 0.111100
-0.028972 0.016285 0.111200
-0.028972 0.016568 0.111200
-0.028972 0.016852 0.111200
-0.028998 0.017151 0.111300
-0.029024 0.017450 0.111400
-0.029050 0.017750 0.111500
-0.029076 0.018050 0.111600
-0.029128 0.018368 0.111800
-0.029181 0.018686 0.112000
-0.029233 0.019005 0.112200
-0.029311 0.019343 0.112500
-0.029363 0.019665 0.112700
-0.029441 0.020005 0.113000
-0.029493 0.020329 0.113200
-0.029571 0.020672 0.113500
-0.029650 0.021017 0.113800
-0.029702 0.021345 0.114000
-0.029754 0.021673 0.114200
-0.029832 0.022022 0.114500
-0.029858 0.022333 0.114600
-0.029884 0.022645 0.114700
-0.029936 0.022978 0.114900
-0.029962 0.023291 0.115000
-0.029988 0.023604 0.115100
-0.030014 0.023919 0.115200
-0.030014 0.024212 0.115200
-0.030756 0.003113 0.116900
-0.030467 0.003379 0.115800
-0.030361 0.003662 0.115400
-0.030282 0.003946 0.115100
-0.030230 0.004232 0.114900
-0.030151 0.004513 0.114600
-0.030098 0.004797 0.114400
-0.029993 0.005070 0.114000
-0.029888 0.005342 0.113600
-0.029782 0.005612 0.113200
-0.029677 0.005880 0.112800
-0.029598 0.006151 0.112500
-0.029493 0.006415 0.112100
-0.029440 0.006689 0.111900
-0.029388 0.006961 0.111700
-0.029335 0.007233 0.111500
-0.029256 0.007497 0.111200
-0.029230 0.007774 0.111100
-0.029204 0.008050 0.111000
-0.029177 0.008325 0.110900
-0.029098 0.008584 0.110600
-0.029098 0.008866 0.110600
-0.029072 0.009140 0.110500
-0.029046 0.009413 0.110400
-0.029046 0.009695 0.110400
-0.029046 0.009976 0.110400
-0.029020 0.010248 0.110300
-0.029020 0.010529 0.110300
-0.029020 0.010811 0.110300
-0.029020 0.011092 0.110300
-0.029046 0.011383 0.110400
-0.029046 0.011665 0.110400
-0.029072 0.011957 0.110500
-0.029072 0.012239 0.110500
-0.029098 0.012532 0.110600
-0.029098 0.012814 0.110600
-0.029151 0.013119 0.110800
-0.029151 0.013402 0.110800
-0.029177 0.013697 0.110900
-0.029177 0.013979 0.110900
-0.029204 0.014275 0.111000
-0.029204 0.014558 0.111000
-0.029230 0.014854 0.111100
-0.029230 0.015137 0.111100
-0.029230 0.015421 0.111100
-0.029256 0.015718 0.111200
-0.029256 0.016001 0.111200
-0.029283 0.016299 0.111300
-0.029309 0.016598 0.111400
-0.029309 0.016882 0.111400
-0.029335 0.017181 0.111500
-0.029362 0.017481 0.111600
-0.029388 0.017782 0.111700
-0.029414 0.018083 0.111800
-0.029467 0.018401 0.112000
-0.029493 0.018703 0.112100
-0.029572 0.019039 0.112400
-0.029651 0.019377 0.112700
-0.029704 0.019700 0.112900
-0.029782 0.020041 0.113200
-0.029861 0.020383 0.113500
-0.029940 0.020727 0.113800
-0.029993 0.021054 0.114000
-0.030072 0.021401 0.114300
-0.030125 0.021730 0.114500
-0.030177 0.022060 0.114700
-0.030230 0.022392 0.114900
-0.030256 0.022704 0.115000
-0.030256 0.022998 0.115000
-0.030309 0.023331 0.115200
-0.030335 0.023646 0.115300
-0.030335 0.023939 0.115300
-0.030869 0.003391 0.116200
-0.030709 0.003668 0.115600
-0.030630 0.003953 0.115300
-0.030576 0.004239 0.115100
-0.030470 0.004517 0.114700
-0.030417 0.004801 0.114500
-0.030417 0.005093 0.114500
-0.030205 0.005347 0.113700
-0.030098 0.005617 0.113300
-0.029992 0.005885 0.112900
-0.029912 0.006156 0.112600
-0.029833 0.006426 0.112300
-0.029726 0.006689 0.111900
-0.029673 0.006961 0.111700
-0.029620 0.007233 0.111500
-0.029540 0.007497 0.111200
-0.029514 0.007774 0.111100
-0.029487 0.008050 0.111000
-0.029461 0.008325 0.110900
-0.029434 0.008600 0.110800
-0.029408 0.008874 0.110700
-0.029381 0.009148 0.110600
-0.029381 0.009430 0.110600
-0.029354 0.009703 0.110500
-0.029354 0.009985 0.110500
-0.029354 0.010267 0.110500
-0.029354 0.010549 0.110500
-0.029354 0.010830 0.110500
-0.029354 0.011112 0.110500
-0.029354 0.011394 0.110500
-0.029354 0.011675 0.110500
-0.029381 0.011968 0.110600
-0.029408 0.012261 0.110700
-0.029408 0.012543 0.110700
-0.029434 0.012837 0.110800
-0.029461 0.013131 0.110900
-0.029461 0.013414 0.110900
-0.029487 0.013709 0.111000
-0.029487 0.013992 0.111000
-0.029514 0.014288 0.111100
-0.029514 0.014571 0.111100
-0.029540 0.014867 0.111200
-0.029540 0.015151 0.111200
-0.029567 0.015448 0.111300
-0.029594 0.015746 0.111400
-0.029594 0.016030 0.111400
-0.029620 0.016329 0.111500
-0.029647 0.016628 0.111600
-0.029647 0.016912 0.111600
-0.029647 0.017197 0.111600
-0.029700 0.017513 0.111800
-0.029726 0.017814 0.111900
-0.029753 0.018115 0.112000
-0.029806 0.018433 0.112200
-0.029859 0.018753 0.112400
-0.029886 0.019056 0.112500
-0.029965 0.019395 0.112800
-0.030045 0.019735 0.113100
-0.030098 0.020058 0.113300
-0.030178 0.020401 0.113600
-0.030258 0.020745 0.113900
-0.030337 0.021091 0.114200
-0.030417 0.021438 0.114500
-0.030497 0.021787 0.114800
-0.030550 0.022118 0.115000
-0.030603 0.022450 0.115200
-0.030630 0.022764 0.115300
-0.030656 0.023078 0.115400
-0.030683 0.023392 0.115500
-0.030709 0.023707 0.115600
-0.031166 0.003391 0.116200
-0.031058 0.003675 0.115800
-0.031005 0.003963 0.115600
-0.030924 0.004246 0.115300
-0.030817 0.004525 0.114900
-0.030710 0.004801 0.114500
-0.030656 0.005084 0.114300
-0.030495 0.005347 0.113700
-0.030388 0.005617 0.113300
-0.030281 0.005885 0.112900
-0.030200 0.006156 0.112600
-0.030120 0.006426 0.112300
-0.030039 0.006695 0.112000
-0.029985 0.006968 0.111800
-0.029932 0.007240 0.111600
-0.029878 0.007511 0.111400
-0.029851 0.007788 0.111300
-0.029825 0.008064 0.111200
-0.029798 0.008340 0.111100
-0.029771 0.008616 0.111000
-0.029744 0.008890 0.110900
-0.029717 0.009165 0.110800
-0.029717 0.009447 0.110800
-0.029690 0.009721 0.110700
-0.029664 0.009994 0.110600
-0.029664 0.010276 0.110600
-0.029664 0.010558 0.110600
-0.029664 0.010840 0.110600
-0.029664 0.011122 0.110600
-0.029664 0.011404 0.110600
-0.029690 0.011696 0.110700
-0.029717 0.011989 0.110800
-0.029717 0.012272 0.110800
-0.029744 0.012566 0.110900
-0.029744 0.012848 0.110900
-0.029771 0.013143 0.111000
-0.029771 0.013426 0.111000
-0.029798 0.013721 0.111100
-0.029798 0.014004 0.111100
-0.029798 0.014288 0.111100
-0.029825 0.014584 0.111200
-0.029851 0.014881 0.111300
-0.029878 0.015178 0.111400
-0.029878 0.015462 0.111400
-0.029905 0.015760 0.111500
-0.029932 0.016059 0.111600
-0.029932 0.016343 0.111600
-0.029985 0.016658 0.111800
-0.029985 0.016943 0.111800
-0.030012 0.017243 0.111900
-0.030039 0.017544 0.112000
-0.030066 0.017845 0.112100
-0.030093 0.018147 0.112200
-0.030146 0.018466 0.112400
-0.030173 0.018769 0.112500
-0.030227 0.019090 0.112700
-0.030307 0.019429 0.113000
-0.030388 0.019769 0.113300
-0.030468 0.020111 0.113600
-0.030549 0.020455 0.113900
-0.030629 0.020800 0.114200
-0.030710 0.021146 0.114500
-0.030763 0.021476 0.114700
-0.030844 0.021825 0.115000
-0.030897 0.022157 0.115200
-0.030951 0.022489 0.115400
-0.030978 0.022803 0.115500
-0.031005 0.023118 0.115600
-0.031031 0.023433 0.115700
-0.031354 0.003675 0.115800
-0.031300 0.003963 0.115600
-0.031219 0.004246 0.115300
-0.031111 0.004525 0.114900
-0.031029 0.004805 0.114600
-0.030948 0.005084 0.114300
-0.030840 0.005356 0.113900
-0.030731 0.005627 0.113500
-0.030623 0.005895 0.113100
-0.030542 0.006167 0.112800
-0.030461 0.006438 0.112500
-0.030379 0.006707 0.112200
-0.030325 0.006980 0.112000
-0.030271 0.007253 0.111800
-0.030217 0.007524 0.111600
-0.030190 0.007802 0.111500
-0.030163 0.008079 0.111400
-0.030136 0.008355 0.111300
-0.030109 0.008631 0.111200
-0.030082 0.008907 0.111100
-0.030055 0.009181 0.111000
-0.030027 0.009456 0.110900
-0.030027 0.009739 0.110900
-0.030000 0.010012 0.110800
-0.030000 0.010295 0.110800
-0.030000 0.010577 0.110800
-0.030000 0.010860 0.110800
-0.030000 0.011142 0.110800
-0.030000 0.011425 0.110800
-0.030000 0.011707 0.110800
-0.030027 0.012000 0.110900
-0.030027 0.012283 0.110900
-0.030055 0.012577 0.111000
-0.030055 0.012860 0.111000
-0.030055 0.013143 0.111000
-0.030082 0.013438 0.111100
-0.030082 0.013721 0.111100
-0.030109 0.014017 0.111200
-0.030109 0.014301 0.111200
-0.030136 0.014597 0.111300
-0.030163 0.014894 0.111400
-0.030190 0.015192 0.111500
-0.030217 0.015490 0.111600
-0.030217 0.015774 0.111600
-0.030271 0.016088 0.111800
-0.030298 0.016387 0.111900
-0.030298 0.016673 0.111900
-0.030298 0.016958 0.111900
-0.030325 0.017259 0.112000
-0.030352 0.017560 0.112100
-0.030407 0.017877 0.112300
-0.030434 0.018180 0.112400
-0.030461 0.018483 0.112500
-0.030515 0.018803 0.112700
-0.030569 0.019124 0.112900
-0.030650 0.019463 0.113200
-0.030731 0.019804 0.113500
-0.030813 0.020147 0.113800
-0.030867 0.020473 0.114000
-0.030975 0.020836 0.114400
-0.031056 0.021183 0.114700
-0.031138 0.021532 0.115000
-0.031219 0.021882 0.115300
-0.031273 0.022214 0.115500
-0.031273 0.022509 0.115500
-0.031300 0.022823 0.115600
-0.031354 0.023158 0.115800
-0.031595 0.003963 0.115600
-0.031541 0.004250 0.115400
-0.031459 0.004533 0.115100
-0.031377 0.004813 0.114800
-0.031267 0.005088 0.114400
-0.031158 0.005361 0.114000
-0.031049 0.005632 0.113600
-0.030967 0.005906 0.113300
-0.030857 0.006173 0.112900
-0.030803 0.006449 0.112700
-0.030721 0.006718 0.112400
-0.030693 0.006999 0.112300
-0.030639 0.007272 0.112100
-0.030584 0.007544 0.111900
-0.030557 0.007823 0.111800
-0.030502 0.008093 0.111600
-0.030475 0.008370 0.111500
-0.030447 0.008647 0.111400
-0.030393 0.008915 0.111200
-0.030393 0.009198 0.111200
-0.030366 0.009473 0.111100
-0.030338 0.009747 0.111000
-0.030338 0.010030 0.111000
-0.030311 0.010304 0.110900
-0.030311 0.010587 0.110900
-0.030311 0.010869 0.110900
-0.030311 0.011152 0.110900
-0.030311 0.011435 0.110900
-0.030311 0.011718 0.110900
-0.030338 0.012011 0.111000
-0.030338 0.012294 0.111000
-0.030338 0.012577 0.111000
-0.030366 0.012872 0.111100
-0.030366 0.013155 0.111100
-0.030366 0.013438 0.111100
-0.030393 0.013734 0.111200
-0.030420 0.014030 0.111300
-0.030420 0.014313 0.111300
-0.030447 0.014610 0.111400
-0.030475 0.014908 0.111500
-0.030502 0.015205 0.111600
-0.030529 0.015504 0.111700
-0.030557 0.015803 0.111800
-0.030584 0.016102 0.111900
-0.030611 0.016402 0.112000
-0.030639 0.016702 0.112100
-0.030639 0.016988 0.112100
-0.030693 0.017305 0.112300
-0.030721 0.017607 0.112400
-0.030748 0.017909 0.112500
-0.030775 0.018212 0.112600
-0.030830 0.018532 0.112800
-0.030857 0.018836 0.112900
-0.030912 0.019158 0.113100
-0.030994 0.019498 0.113400
-0.031076 0.019839 0.113700
-0.031158 0.020182 0.114000
-0.031240 0.020527 0.114300
-0.031322 0.020873 0.114600
-0.031404 0.021220 0.114900
-0.031486 0.021569 0.115200
-0.031541 0.021901 0.115400
-0.031568 0.022214 0.115500
-0.031650 0.022567 0.115800
-0.031677 0.022882 0.115900
-0.031677 0.023178 0.115900
-0.031836 0.004250 0.115400
-0.031780 0.004536 0.115200
-0.031698 0.004818 0.114900
-0.031587 0.005093 0.114500
-0.031505 0.005370 0.114200
-0.031394 0.005642 0.113800
-0.031311 0.005916 0.113500
-0.031229 0.006189 0.113200
-0.031146 0.006461 0.112900
-0.031091 0.006736 0.112700
-0.031036 0.007011 0.112500
-0.031008 0.007292 0.112400
-0.030953 0.007565 0.112200
-0.030898 0.007837 0.112000
-0.030870 0.008115 0.111900
-0.030842 0.008393 0.111800
-0.030787 0.008662 0.111600
-0.030760 0.008939 0.111500
-0.030732 0.009215 0.111400
-0.030705 0.009490 0.111300
-0.030677 0.009765 0.111200
-0.030649 0.010039 0.111100
-0.030649 0.010323 0.111100
-0.030622 0.010596 0.111000
-0.030622 0.010879 0.111000
-0.030622 0.011162 0.111000
-0.030622 0.011445 0.111000
-0.030622 0.011728 0.111000
-0.030649 0.012022 0.111100
-0.030649 0.012305 0.111100
-0.030649 0.012588 0.111100
-0.030677 0.012883 0.111200
-0.030677 0.013167 0.111200
-0.030677 0.013450 0.111200
-0.030705 0.013746 0.111300
-0.030732 0.014042 0.111400
-0.030732 0.014326 0.111400
-0.030760 0.014623 0.111500
-0.030787 0.014921 0.111600
-0.030842 0.015233 0.111800
-0.030870 0.015532 0.111900
-0.030898 0.015831 0.112000
-0.030925 0.016131 0.112100
-0.030953 0.016431 0.112200
-0.030980 0.016732 0.112300
-0.030980 0.017018 0.112300
-0.031008 0.017320 0.112400
-0.031036 0.017622 0.112500
-0.031091 0.017941 0.112700
-0.031118 0.018244 0.112800
-0.031146 0.018548 0.112900
-0.031229 0.018886 0.113200
-0.031256 0.019192 0.113300
-0.031339 0.019532 0.113600
-0.031422 0.019874 0.113900
-0.031505 0.020218 0.114200
-0.031587 0.020563 0.114500
-0.031670 0.020909 0.114800
-0.031753 0.021257 0.115100
-0.031836 0.021607 0.115400
-0.031891 0.021939 0.115600
-0.031946 0.022272 0.115800
-0.031974 0.022587 0.115900
-0.032029 0.022922 0.116100
-0.032075 0.004536 0.115200
-0.032019 0.004822 0.115000
-0.031908 0.005097 0.114600
-0.031824 0.005375 0.114300
-0.031713 0.005647 0.113900
-0.031685 0.005932 0.113800
-0.031601 0.006206 0.113500
-0.031518 0.006478 0.113200
-0.031490 0.006760 0.113100
-0.031407 0.007030 0.112800
-0.031379 0.007311 0.112700
-0.031323 0.007585 0.112500
-0.031267 0.007858 0.112300
-0.031212 0.008129 0.112100
-0.031184 0.008408 0.112000
-0.031156 0.008685 0.111900
-0.031100 0.008955 0.111700
-0.031072 0.009231 0.111600
-0.031045 0.009507 0.111500
-0.031017 0.009783 0.111400
-0.030989 0.010057 0.111300
-0.030989 0.010341 0.111300
-0.030961 0.010615 0.111200
-0.030961 0.010899 0.111200
-0.030961 0.011182 0.111200
-0.030961 0.011466 0.111200
-0.030961 0.011749 0.111200
-0.030961 0.012033 0.111200
-0.030961 0.012316 0.111200
-0.030961 0.012600 0.111200
-0.030961 0.012883 0.111200
-0.030961 0.013167 0.111200
-0.030989 0.013462 0.111300
-0.031017 0.013758 0.111400
-0.031045 0.014055 0.111500
-0.031045 0.014339 0.111500
-0.031072 0.014636 0.111600
-0.031128 0.014948 0.111800
-0.031156 0.015246 0.111900
-0.031184 0.015545 0.112000
-0.031212 0.015845 0.112100
-0.031267 0.016160 0.112300
-0.031295 0.016461 0.112400
-0.031323 0.016762 0.112500
-0.031351 0.017064 0.112600
-0.031351 0.017351 0.112600
-0.031379 0.017654 0.112700
-0.031434 0.017973 0.112900
-0.031462 0.018277 0.113000
-0.031518 0.018598 0.113200
-0.031574 0.018920 0.113400
-0.031629 0.019243 0.113600
-0.031685 0.019567 0.113800
-0.031769 0.019909 0.114100
-0.031852 0.020253 0.114400
-0.031936 0.020599 0.114700
-0.032019 0.020946 0.115000
-0.032075 0.021276 0.115200
-0.032158 0.021625 0.115500
-0.032214 0.021958 0.115700
-0.032270 0.022291 0.115900
-0.032325 0.022626 0.116100
-0.032313 0.004822 0.115000
-0.032229 0.005102 0.114700
-0.032172 0.005385 0.114500
-0.032088 0.005662 0.114200
-0.032004 0.005937 0.113900
-0.031976 0.006222 0.113800
-0.031891 0.006495 0.113500
-0.031835 0.006772 0.113300
-0.031807 0.007055 0.113200
-0.031723 0.007324 0.112900
-0.031695 0.007605 0.112800
-0.031639 0.007879 0.112600
-0.031582 0.008151 0.112400
-0.031554 0.008430 0.112300
-0.031498 0.008701 0.112100
-0.031470 0.008979 0.112000
-0.031414 0.009248 0.111800
-0.031386 0.009524 0.111700
-0.031358 0.009800 0.111600
-0.031330 0.010076 0.111500
-0.031330 0.010360 0.111500
-0.031301 0.010634 0.111400
-0.031301 0.010918 0.111400
-0.031301 0.011202 0.111400
-0.031273 0.011476 0.111300
-0.031273 0.011760 0.111300
-0.031273 0.012044 0.111300
-0.031273 0.012327 0.111300
-0.031273 0.012611 0.111300
-0.031301 0.012906 0.111400
-0.031301 0.013190 0.111400
-0.031301 0.013474 0.111400
-0.031330 0.013771 0.111500
-0.031358 0.014067 0.111600
-0.031358 0.014352 0.111600
-0.031414 0.014663 0.111800
-0.031442 0.014961 0.111900
-0.031470 0.015260 0.112000
-0.031498 0.015559 0.112100
-0.031554 0.015873 0.112300
-0.031582 0.016174 0.112400
-0.031611 0.016475 0.112500
-0.031667 0.016792 0.112700
-0.031695 0.017094 0.112800
-0.031695 0.017382 0.112800
-0.031723 0.017685 0.112900
-0.031779 0.018005 0.113100
-0.031807 0.018309 0.113200
-0.031863 0.018631 0.113400
-0.031920 0.018953 0.113600
-0.031976 0.019276 0.113800
-0.032032 0.019601 0.114000
-0.032116 0.019944 0.114300
-0.032201 0.020288 0.114600
-0.032285 0.020634 0.114900
-0.032369 0.020982 0.115200
-0.032397 0.021294 0.115300
-0.032482 0.021644 0.115600
-0.032538 0.021977 0.115800
-0.032594 0.022311 0.116000
-0.032550 0.005106 0.114800
-0.032493 0.005389 0.114600
-0.032437 0.005671 0.114400
-0.032380 0.005953 0.114200
-0.032323 0.006233 0.114000
-0.032267 0.006512 0.113800
-0.032210 0.006790 0.113600
-0.032182 0.007074 0.113500
-0.032096 0.007343 0.113200
-0.032068 0.007625 0.113100
-0.032011 0.007900 0.112900
-0.031955 0.008173 0.112700
-0.031898 0.008445 0.112500
-0.031870 0.008724 0.112400
-0.031813 0.008995 0.112200
-0.031756 0.009264 0.112000
-0.031728 0.009541 0.111900
-0.031699 0.009818 0.111800
-0.031699 0.010103 0.111800
-0.031643 0.010369 0.111600
-0.031643 0.010654 0.111600
-0.031643 0.010938 0.111600
-0.031614 0.011212 0.111500
-0.031614 0.011497 0.111500
-0.031614 0.011781 0.111500
-0.031614 0.012065 0.111500
-0.031614 0.012349 0.111500
-0.031614 0.012634 0.111500
-0.031614 0.012918 0.111500
-0.031614 0.013202 0.111500
-0.031614 0.013486 0.111500
-0.031643 0.013783 0.111600
-0.031671 0.014080 0.111700
-0.031699 0.014378 0.111800
-0.031728 0.014676 0.111900
-0.031756 0.014974 0.112000
-0.031785 0.015274 0.112100
-0.031841 0.015587 0.112300
-0.031870 0.015887 0.112400
-0.031926 0.016203 0.112600
-0.031983 0.016519 0.112800
-0.032011 0.016822 0.112900
-0.032040 0.017125 0.113000
-0.032040 0.017413 0.113000
-0.032096 0.017732 0.113200
-0.032125 0.018036 0.113300
-0.032182 0.018358 0.113500
-0.032210 0.018663 0.113600
-0.032267 0.018986 0.113800
-0.032323 0.019310 0.114000
-0.032408 0.019653 0.114300
-0.032465 0.019979 0.114500
-0.032522 0.020306 0.114700
-0.032607 0.020652 0.115000
-0.032664 0.020982 0.115200
-0.032777 0.021350 0.115600
-0.032834 0.021682 0.115800
-0.032862 0.021996 0.115900
-0.032872 0.005110 0.114900
-0.032815 0.005394 0.114700
-0.032786 0.005681 0.114600
-0.032729 0.005963 0.114400
-0.032672 0.006244 0.114200
-0.032643 0.006529 0.114100
-0.032586 0.006808 0.113900
-0.032557 0.007092 0.113800
-0.032472 0.007363 0.113500
-0.032414 0.007639 0.113300
-0.032357 0.007914 0.113100
-0.032300 0.008187 0.112900
-0.032271 0.008468 0.112800
-0.032214 0.008740 0.112600
-0.032157 0.009011 0.112400
-0.032128 0.009289 0.112300
-0.032071 0.009558 0.112100
-0.032042 0.009835 0.112000
-0.032014 0.010112 0.111900
-0.032014 0.010397 0.111900
-0.031985 0.010673 0.111800
-0.031957 0.010948 0.111700
-0.031957 0.011233 0.111700
-0.031928 0.011507 0.111600
-0.031928 0.011792 0.111600
-0.031928 0.012076 0.111600
-0.031928 0.012360 0.111600
-0.031928 0.012645 0.111600
-0.031928 0.012929 0.111600
-0.031928 0.013214 0.111600
-0.031957 0.013511 0.111700
-0.031985 0.013808 0.111800
-0.032014 0.014105 0.111900
-0.032014 0.014391 0.111900
-0.032042 0.014689 0.112000
-0.032071 0.014988 0.112100
-0.032128 0.015301 0.112300
-0.032157 0.015601 0.112400
-0.032214 0.015916 0.112600
-0.032271 0.016232 0.112800
-0.032300 0.016534 0.112900
-0.032357 0.016851 0.113100
-0.032386 0.017155 0.113200
-0.032386 0.017443 0.113200
-0.032414 0.017748 0.113300
-0.032472 0.018068 0.113500
-0.032529 0.018390 0.113700
-0.032557 0.018696 0.113800
-0.032615 0.019020 0.114000
-0.032672 0.019344 0.114200
-0.032729 0.019670 0.114400
-0.032815 0.020014 0.114700
-0.032872 0.020342 0.114900
-0.032929 0.020670 0.115100
-0.032986 0.021000 0.115300
-0.033072 0.021350 0.115600
-0.033130 0.021682 0.115800
-0.033166 0.005403 0.114900
-0.033137 0.005691 0.114800
-0.033079 0.005974 0.114600
-0.033050 0.006260 0.114500
-0.032992 0.006541 0.114300
-0.032964 0.006826 0.114200
-0.032877 0.007098 0.113900
-0.032848 0.007382 0.113800
-0.032762 0.007652 0.113500
-0.032704 0.007928 0.113300
-0.032646 0.008202 0.113100
-0.032588 0.008475 0.112900
-0.032559 0.008755 0.112800
-0.032502 0.009027 0.112600
-0.032473 0.009306 0.112500
-0.032415 0.009575 0.112300
-0.032386 0.009853 0.112200
-0.032357 0.010130 0.112100
-0.032329 0.010406 0.112000
-0.032329 0.010692 0.112000
-0.032300 0.010967 0.111900
-0.032300 0.011253 0.111900
-0.032300 0.011538 0.111900
-0.032271 0.011813 0.111800
-0.032271 0.012098 0.111800
-0.032271 0.012383 0.111800
-0.032271 0.012668 0.111800
-0.032271 0.012953 0.111800
-0.032300 0.013249 0.111900
-0.032300 0.013535 0.111900
-0.032329 0.013832 0.112000
-0.032329 0.014118 0.112000
-0.032357 0.014416 0.112100
-0.032386 0.014715 0.112200
-0.032415 0.015015 0.112300
-0.032473 0.015328 0.112500
-0.032502 0.015629 0.112600
-0.032559 0.015944 0.112800
-0.032588 0.016246 0.112900
-0.032646 0.016563 0.113100
-0.032704 0.016881 0.113300
-0.032733 0.017185 0.113400
-0.032733 0.017474 0.113400
-0.032790 0.017795 0.113600
-0.032848 0.018116 0.113800
-0.032877 0.018422 0.113900
-0.032906 0.018729 0.114000
-0.032964 0.019053 0.114200
-0.033050 0.019395 0.114500
-0.033079 0.019704 0.114600
-0.033137 0.020031 0.114800
-0.033195 0.020359 0.115000
-0.033252 0.020688 0.115200
-0.033310 0.021018 0.115400
-0.033368 0.021350 0.115600
-0.033459 0.005696 0.114900
-0.033430 0.005984 0.114800
-0.033401 0.006271 0.114700
-0.033343 0.006552 0.114500
-0.033285 0.006832 0.114300
-0.033255 0.007117 0.114200
-0.033197 0.007395 0.114000
-0.033139 0.007672 0.113800
-0.033081 0.007949 0.113600
-0.032993 0.008216 0.113300
-0.032964 0.008498 0.113200
-0.032906 0.008771 0.113000
-0.032848 0.009043 0.112800
-0.032819 0.009322 0.112700
-0.032760 0.009592 0.112500
-0.032731 0.009870 0.112400
-0.032702 0.010148 0.112300
-0.032702 0.010434 0.112300
-0.032644 0.010701 0.112100
-0.032644 0.010987 0.112100
-0.032644 0.011273 0.112100
-0.032615 0.011548 0.112000
-0.032615 0.011834 0.112000
-0.032615 0.012119 0.112000
-0.032615 0.012405 0.112000
-0.032615 0.012690 0.112000
-0.032615 0.012976 0.112000
-0.032615 0.013261 0.112000
-0.032644 0.013559 0.112100
-0.032644 0.013845 0.112100
-0.032673 0.014143 0.112200
-0.032702 0.014442 0.112300
-0.032731 0.014741 0.112400
-0.032760 0.015041 0.112500
-0.032819 0.015355 0.112700
-0.032848 0.015656 0.112800
-0.032877 0.015958 0.112900
-0.032935 0.016275 0.113100
-0.032993 0.016592 0.113300
-0.033052 0.016911 0.113500
-0.033081 0.017215 0.113600
-0.033081 0.017505 0.113600
-0.033139 0.017826 0.113800
-0.033197 0.018148 0.114000
-0.033226 0.018455 0.114100
-0.033285 0.018778 0.114300
-0.033343 0.019103 0.114500
-0.033372 0.019412 0.114600
-0.033401 0.019721 0.114700
-0.033488 0.020066 0.115000
-0.033517 0.020377 0.115100
-0.033576 0.020706 0.115300
-0.033634 0.021037 0.115500
-0.033753 0.005989 0.114900
-0.033694 0.006271 0.114700
-0.033665 0.006558 0.114600
-0.033635 0.006844 0.114500
-0.033547 0.007117 0.114200
-0.033488 0.007395 0.114000
-0.033459 0.007679 0.113900
-0.033400 0.007956 0.113700
-0.033342 0.008231 0.113500
-0.033283 0.008505 0.113300
-0.033253 0.008786 0.113200
-0.033224 0.009067 0.113100
-0.033165 0.009339 0.112900
-0.033136 0.009618 0.112800
-0.033107 0.009897 0.112700
-0.033048 0.010166 0.112500
-0.033048 0.010453 0.112500
-0.033018 0.010730 0.112400
-0.032989 0.011007 0.112300
-0.032989 0.011293 0.112300
-0.032989 0.011579 0.112300
-0.032989 0.011865 0.112300
-0.032960 0.012141 0.112200
-0.032960 0.012427 0.112200
-0.032960 0.012713 0.112200
-0.032989 0.013011 0.112300
-0.032989 0.013297 0.112300
-0.032989 0.013583 0.112300
-0.033018 0.013882 0.112400
-0.033018 0.014168 0.112400
-0.033048 0.014468 0.112500
-0.033077 0.014768 0.112600
-0.033107 0.015068 0.112700
-0.033136 0.015369 0.112800
-0.033195 0.015684 0.113000
-0.033253 0.016001 0.113200
-0.033283 0.016304 0.113300
-0.033342 0.016622 0.113500
-0.033371 0.016926 0.113600
-0.033430 0.017246 0.113800
-0.033430 0.017536 0.113800
-0.033488 0.017857 0.114000
-0.033547 0.018180 0.114200
-0.033577 0.018487 0.114300
-0.033635 0.018811 0.114500
-0.033665 0.019120 0.114600
-0.033694 0.019429 0.114700
-0.033753 0.019756 0.114900
-0.033782 0.020066 0.115000
-0.033870 0.020412 0.115300
-0.033900 0.020724 0.115400
-0.034076 0.005994 0.115000
-0.034046 0.006282 0.114900
-0.034017 0.006569 0.114800
-0.033958 0.006850 0.114600
-0.033898 0.007130 0.114400
-0.033839 0.007408 0.114200
-0.033780 0.007686 0.114000
-0.033750 0.007970 0.113900
-0.033661 0.008238 0.113600
-0.033632 0.008520 0.113500
-0.033572 0.008794 0.113300
-0.033543 0.009075 0.113200
-0.033513 0.009355 0.113100
-0.033454 0.009626 0.112900
-0.033454 0.009914 0.112900
-0.033424 0.010193 0.112800
-0.033395 0.010471 0.112700
-0.033365 0.010749 0.112600
-0.033335 0.011026 0.112500
-0.033335 0.011313 0.112500
-0.033335 0.011600 0.112500
-0.033306 0.011876 0.112400
-0.033306 0.012163 0.112400
-0.033306 0.012449 0.112400
-0.033306 0.012736 0.112400
-0.033306 0.013022 0.112400
-0.033335 0.013321 0.112500
-0.033335 0.013607 0.112500
-0.033335 0.013894 0.112500
-0.033365 0.014194 0.112600
-0.033395 0.014493 0.112700
-0.033424 0.014794 0.112800
-0.033454 0.015095 0.112900
-0.033483 0.015396 0.113000
-0.033543 0.015712 0.113200
-0.033572 0.016015 0.113300
-0.033632 0.016332 0.113500
-0.033661 0.016636 0.113600
-0.033750 0.016971 0.113900
-0.033780 0.017276 0.114000
-0.033780 0.017567 0.114000
-0.033839 0.017889 0.114200
-0.033869 0.018196 0.114300
-0.033928 0.018519 0.114500
-0.033958 0.018828 0.114600
-0.034017 0.019153 0.114800
-0.034046 0.019463 0.114900
-0.034076 0.019773 0.115000
-0.034135 0.020101 0.115200
-0.034195 0.020430 0.115400
-0.034370 0.006288 0.115000
-0.034340 0.006575 0.114900
-0.034280 0.006856 0.114700
-0.034220 0.007136 0.114500
-0.034161 0.007415 0.114300
-0.034101 0.007693 0.114100
-0.034071 0.007977 0.114000
-0.034011 0.008253 0.113800
-0.033951 0.008528 0.113600
-0.033922 0.008810 0.113500
-0.033892 0.009091 0.113400
-0.033862 0.009372 0.113300
-0.033832 0.009652 0.113200
-0.033802 0.009932 0.113100
-0.033772 0.010211 0.113000
-0.033742 0.010490 0.112900
-0.033712 0.010768 0.112800
-0.033712 0.011056 0.112800
-0.033682 0.011333 0.112700
-0.033682 0.011620 0.112700
-0.033682 0.011908 0.112700
-0.033682 0.012195 0.112700
-0.033682 0.012482 0.112700
-0.033682 0.012770 0.112700
-0.033682 0.013057 0.112700
-0.033682 0.013344 0.112700
-0.033682 0.013632 0.112700
-0.033712 0.013931 0.112800
-0.033742 0.014231 0.112900
-0.033742 0.014519 0.112900
-0.033802 0.014833 0.113100
-0.033802 0.015121 0.113100
-0.033862 0.015437 0.113300
-0.033892 0.015740 0.113400
-0.033951 0.016057 0.113600
-0.034011 0.016375 0.113800
-0.034041 0.016680 0.113900
-0.034071 0.016985 0.114000
-0.034131 0.017306 0.114200
-0.034131 0.017598 0.114200
-0.034191 0.017920 0.114400
-0.034250 0.018243 0.114600
-0.034280 0.018552 0.114700
-0.034340 0.018877 0.114900
-0.034340 0.019170 0.114900
-0.034400 0.019497 0.115100
-0.034430 0.019807 0.115200
-0.034489 0.020136 0.115400
-0.034664 0.006581 0.115000
-0.034573 0.006856 0.114700
-0.034513 0.007136 0.114500
-0.034483 0.007421 0.114400
-0.034423 0.007699 0.114200
-0.034362 0.007977 0.114000
-0.034332 0.008260 0.113900
-0.034302 0.008543 0.113800
-0.034272 0.008825 0.113700
-0.034242 0.009107 0.113600
-0.034212 0.009388 0.113500
-0.034181 0.009669 0.113400
-0.034151 0.009949 0.113300
-0.034121 0.010229 0.113200
-0.034121 0.010518 0.113200
-0.034091 0.010797 0.113100
-0.034061 0.011075 0.113000
-0.034061 0.011363 0.113000
-0.034031 0.011641 0.112900
-0.034031 0.011929 0.112900
-0.034031 0.012217 0.112900
-0.034031 0.012504 0.112900
-0.034031 0.012792 0.112900
-0.034031 0.013080 0.112900
-0.034031 0.013368 0.112900
-0.034061 0.013668 0.113000
-0.034091 0.013968 0.113100
-0.034091 0.014257 0.113100
-0.034121 0.014558 0.113200
-0.034151 0.014859 0.113300
-0.034181 0.015162 0.113400
-0.034212 0.015464 0.113500
-0.034272 0.015781 0.113700
-0.034302 0.016085 0.113800
-0.034362 0.016404 0.114000
-0.034392 0.016710 0.114100
-0.034453 0.017030 0.114300
-0.034513 0.017352 0.114500
-0.034513 0.017644 0.114500
-0.034543 0.017951 0.114600
-0.034573 0.018259 0.114700
-0.034634 0.018584 0.114900
-0.034664 0.018893 0.115000
-0.034724 0.019220 0.115200
-0.034724 0.019514 0.115200
-0.034754 0.019824 0.115300
-0.034927 0.006868 0.114900
-0.034866 0.007148 0.114700
-0.034806 0.007428 0.114500
-0.034745 0.007706 0.114300
-0.034714 0.007991 0.114200
-0.034654 0.008267 0.114000
-0.034654 0.008558 0.114000
-0.034623 0.008841 0.113900
-0.034593 0.009123 0.113800
-0.034593 0.009413 0.113800
-0.034532 0.009686 0.113600
-0.034532 0.009976 0.113600
-0.034502 0.010256 0.113500
-0.034471 0.010536 0.113400
-0.034441 0.010816 0.113300
-0.034441 0.011105 0.113300
-0.034441 0.011393 0.113300
-0.034410 0.011672 0.113200
-0.034410 0.011961 0.113200
-0.034410 0.012249 0.113200
-0.034410 0.012538 0.113200
-0.034410 0.012826 0.113200
-0.034410 0.013115 0.113200
-0.034441 0.013415 0.113300
-0.034441 0.013704 0.113300
-0.034441 0.013993 0.113300
-0.034471 0.014294 0.113400
-0.034502 0.014596 0.113500
-0.034532 0.014899 0.113600
-0.034562 0.015202 0.113700
-0.034593 0.015505 0.113800
-0.034623 0.015809 0.113900
-0.034684 0.016128 0.114100
-0.034714 0.016433 0.114200
-0.034775 0.016753 0.114400
-0.034806 0.017060 0.114500
-0.034866 0.017382 0.114700
-0.034866 0.017675 0.114700
-0.034897 0.017983 0.114800
-0.034927 0.018291 0.114900
-0.034958 0.018600 0.115000
-0.035018 0.018926 0.115200
-0.035049 0.019237 0.115300
-0.035110 0.019564 0.115500
-0.035313 0.006886 0.115200
-0.035221 0.007161 0.114900
-0.035159 0.007441 0.114700
-0.035129 0.007726 0.114600
-0.035037 0.007998 0.114300
-0.035037 0.008289 0.114300
-0.035006 0.008573 0.114200
-0.035006 0.008864 0.114200
-0.034945 0.009139 0.114000
-0.034945 0.009430 0.114000
-0.034914 0.009712 0.113900
-0.034884 0.009993 0.113800
-0.034884 0.010283 0.113800
-0.034853 0.010564 0.113700
-0.034822 0.010844 0.113600
-0.034822 0.011134 0.113600
-0.034822 0.011424 0.113600
-0.034822 0.011713 0.113600
-0.034792 0.011992 0.113500
-0.034792 0.012282 0.113500
-0.034792 0.012571 0.113500
-0.034792 0.012860 0.113500
-0.034822 0.013161 0.113600
-0.034822 0.013451 0.113600
-0.034822 0.013740 0.113600
-0.034822 0.014030 0.113600
-0.034853 0.014332 0.113700
-0.034884 0.014635 0.113800
-0.034914 0.014938 0.113900
-0.034945 0.015242 0.114000
-0.034976 0.015546 0.114100
-0.035006 0.015851 0.114200
-0.035037 0.016156 0.114300
-0.035098 0.016476 0.114500
-0.035129 0.016783 0.114600
-0.035159 0.017090 0.114700
-0.035221 0.017412 0.114900
-0.035221 0.017705 0.114900
-0.035251 0.018014 0.115000
-0.035313 0.018339 0.115200
-0.035313 0.018633 0.115200
-0.035343 0.018943 0.115300
-0.035435 0.019287 0.115600
-0.035607 0.007179 0.115200
-0.035545 0.007460 0.115000
-0.035514 0.007747 0.114900
-0.035422 0.008019 0.114600
-0.035391 0.008303 0.114500
-0.035391 0.008595 0.114500
-0.035360 0.008879 0.114400
-0.035329 0.009163 0.114300
-0.035298 0.009446 0.114200
-0.035267 0.009729 0.114100
-0.035236 0.010011 0.114000
-0.035236 0.010301 0.114000
-0.035205 0.010583 0.113900
-0.035205 0.010873 0.113900
-0.035205 0.011163 0.113900
-0.035205 0.011454 0.113900
-0.035174 0.011734 0.113800
-0.035174 0.012024 0.113800
-0.035174 0.012314 0.113800
-0.035174 0.012604 0.113800
-0.035174 0.012894 0.113800
-0.035174 0.013184 0.113800
-0.035205 0.013486 0.113900
-0.035205 0.013777 0.113900
-0.035205 0.014067 0.113900
-0.035236 0.014370 0.114000
-0.035267 0.014673 0.114100
-0.035298 0.014977 0.114200
-0.035329 0.015282 0.114300
-0.035360 0.015587 0.114400
-0.035391 0.015892 0.114500
-0.035422 0.016198 0.114600
-0.035483 0.016519 0.114800
-0.035514 0.016827 0.114900
-0.035545 0.017134 0.115000
-0.035607 0.017458 0.115200
-0.035638 0.017767 0.115300
-0.035638 0.018061 0.115300
-0.035638 0.018355 0.115300
-0.035669 0.018665 0.115400
-0.035700 0.018976 0.115500
-0.035933 0.007480 0.115300
-0.035901 0.007767 0.115200
-0.035808 0.008040 0.114900
-0.035746 0.008318 0.114700
-0.035746 0.008610 0.114700
-0.035714 0.008895 0.114600
-0.035683 0.009179 0.114500
-0.035683 0.009471 0.114500
-0.035652 0.009754 0.114400
-0.035621 0.010037 0.114300
-0.035590 0.010320 0.114200
-0.035590 0.010611 0.114200
-0.035590 0.010902 0.114200
-0.035559 0.011183 0.114100
-0.035559 0.011474 0.114100
-0.035527 0.011754 0.114000
-0.035527 0.012045 0.114000
-0.035527 0.012336 0.114000
-0.035527 0.012626 0.114000
-0.035527 0.012917 0.114000
-0.035527 0.013208 0.114000
-0.035559 0.013510 0.114100
-0.035590 0.013813 0.114200
-0.035590 0.014104 0.114200
-0.035621 0.014408 0.114300
-0.035652 0.014712 0.114400
-0.035683 0.015017 0.114500
-0.035714 0.015322 0.114600
-0.035746 0.015628 0.114700
-0.035777 0.015934 0.114800
-0.035808 0.016241 0.114900
-0.035839 0.016548 0.115000
-0.035901 0.016871 0.115200
-0.035901 0.017164 0.115200
-0.035933 0.017473 0.115300
-0.035995 0.017798 0.115500
-0.035995 0.018092 0.115500
-0.035995 0.018387 0.115500
-0.036026 0.018697 0.115600
-0.036057 0.019008 0.115700
-0.036259 0.007780 0.115400
-0.036196 0.008061 0.115200
-0.036133 0.008340 0.115000
-0.036133 0.008633 0.115000
-0.036102 0.008918 0.114900
-0.036070 0.009203 0.114800
-0.036039 0.009487 0.114700
-0.036007 0.009771 0.114600
-0.035976 0.010055 0.114500
-0.035976 0.010347 0.114500
-0.035944 0.010629 0.114400
-0.035944 0.010921 0.114400
-0.035913 0.011203 0.114300
-0.035913 0.011494 0.114300
-0.035913 0.011785 0.114300
-0.035913 0.012077 0.114300
-0.035913 0.012368 0.114300
-0.035913 0.012660 0.114300
-0.035913 0.012951 0.114300
-0.035913 0.013242 0.114300
-0.035944 0.013546 0.114400
-0.035976 0.013849 0.114500
-0.035976 0.014141 0.114500
-0.036007 0.014446 0.114600
-0.036039 0.014751 0.114700
-0.036070 0.015056 0.114800
-0.036102 0.015362 0.114900
-0.036133 0.015669 0.115000
-0.036164 0.015976 0.115100
-0.036196 0.016283 0.115200
-0.036227 0.016591 0.115300
-0.036259 0.016900 0.115400
-0.036290 0.017209 0.115500
-0.036290 0.017503 0.115500
-0.036321 0.017813 0.115600
-0.036321 0.018108 0.115600
-0.036321 0.018403 0.115600
-0.036384 0.018730 0.115800
-0.036585 0.008081 0.115500
-0.036522 0.008361 0.115300
-0.036490 0.008648 0.115200
-0.036490 0.008942 0.115200
-0.036458 0.009227 0.115100
-0.036427 0.009512 0.115000
-0.036395 0.009797 0.114900
-0.036363 0.010081 0.114800
-0.036332 0.010365 0.114700
-0.036332 0.010657 0.114700
-0.036332 0.010949 0.114700
-0.036300 0.011232 0.114600
-0.036300 0.011524 0.114600
-0.036300 0.011816 0.114600
-0.036300 0.012108 0.114600
-0.036300 0.012401 0.114600
-0.036300 0.012693 0.114600
-0.036300 0.012985 0.114600
-0.036300 0.013277 0.114600
-0.036332 0.013581 0.114700
-0.036332 0.013873 0.114700
-0.036363 0.014178 0.114800
-0.036395 0.014483 0.114900
-0.036427 0.014789 0.115000
-0.036458 0.015095 0.115100
-0.036490 0.015402 0.115200
-0.036522 0.015710 0.115300
-0.036553 0.016017 0.115400
-0.036585 0.016326 0.115500
-0.036585 0.016620 0.115500
-0.036617 0.016929 0.115600
-0.036649 0.017239 0.115700
-0.036680 0.017549 0.115800
-0.036680 0.017844 0.115800
-0.036680 0.018139 0.115800
-0.036712 0.018450 0.115900
-0.036976 0.008102 0.115800
-0.036880 0.008376 0.115500
-0.036880 0.008670 0.115500
-0.036848 0.008957 0.115400
-0.036816 0.009243 0.115300
-0.036784 0.009529 0.115200
-0.036784 0.009823 0.115200
-0.036753 0.010107 0.115100
-0.036721 0.010392 0.115000
-0.036721 0.010685 0.115000
-0.036721 0.010978 0.115000
-0.036689 0.011261 0.114900
-0.036689 0.011554 0.114900
-0.036689 0.011847 0.114900
-0.036689 0.012140 0.114900
-0.036689 0.012433 0.114900
-0.036689 0.012726 0.114900
-0.036689 0.013019 0.114900
-0.036721 0.013323 0.115000
-0.036721 0.013617 0.115000
-0.036721 0.013910 0.115000
-0.036784 0.014228 0.115200
-0.036784 0.014521 0.115200
-0.036816 0.014828 0.115300
-0.036848 0.015135 0.115400
-0.036880 0.015442 0.115500
-0.036912 0.015750 0.115600
-0.036944 0.016059 0.115700
-0.036976 0.016368 0.115800
-0.036976 0.016663 0.115800
-0.036976 0.016958 0.115800
-0.037008 0.017269 0.115900
-0.037040 0.017579 0.116000
-0.037040 0.017875 0.116000
-0.037040 0.018171 0.116000
-0.037304 0.008405 0.115900
-0.037240 0.008685 0.115700
-0.037240 0.008980 0.115700
-0.037208 0.009267 0.115600
-0.037175 0.009554 0.115500
-0.037175 0.009848 0.115500
-0.037143 0.010134 0.115400
-0.037111 0.010419 0.115300
-0.037111 0.010713 0.115300
-0.037111 0.011007 0.115300
-0.037111 0.011301 0.115300
-0.037079 0.011585 0.115200
-0.037079 0.011878 0.115200
-0.037111 0.012182 0.115300
-0.037079 0.012466 0.115200
-0.037079 0.012759 0.115200
-0.037111 0.013064 0.115300
-0.037111 0.013358 0.115300
-0.037143 0.013664 0.115400
-0.037143 0.013958 0.115400
-0.037175 0.014265 0.115500
-0.037208 0.014572 0.115600
-0.037208 0.014866 0.115600
-0.037240 0.015174 0.115700
-0.037272 0.015482 0.115800
-0.037304 0.015791 0.115900
-0.037304 0.016087 0.115900
-0.037336 0.016396 0.116000
-0.037336 0.016692 0.116000
-0.037369 0.017002 0.116100
-0.037369 0.017298 0.116100
-0.037401 0.017609 0.116200
-0.037401 0.017906 0.116200
-0.037665 0.008715 0.116100
-0.037633 0.009004 0.116000
-0.037600 0.009291 0.115900
-0.037568 0.009578 0.115800
-0.037568 0.009874 0.115800
-0.037568 0.010169 0.115800
-0.037535 0.010455 0.115700
-0.037503 0.010741 0.115600
-0.037503 0.011035 0.115600
-0.037503 0.011330 0.115600
-0.037503 0.011625 0.115600
-0.037503 0.011919 0.115600
-0.037503 0.012214 0.115600
-0.037503 0.012509 0.115600
-0.037503 0.012804 0.115600
-0.037503 0.013098 0.115600
-0.037503 0.013393 0.115600
-0.037535 0.013699 0.115700
-0.037568 0.014006 0.115800
-0.037568 0.014302 0.115800
-0.037600 0.014609 0.115900
-0.037600 0.014905 0.115900
-0.037633 0.015213 0.116000
-0.037665 0.015523 0.116100
-0.037665 0.015819 0.116100
-0.037665 0.016115 0.116100
-0.037730 0.016439 0.116300
-0.037730 0.016735 0.116300
-0.037763 0.017046 0.116400
-0.037763 0.017343 0.116400
-0.037763 0.017640 0.116400
-0.037995 0.009019 0.116200
-0.037962 0.009307 0.116100
-0.037962 0.009603 0.116100
-0.037929 0.009891 0.116000
-0.037929 0.010186 0.116000
-0.037896 0.010473 0.115900
-0.037896 0.010769 0.115900
-0.037896 0.011064 0.115900
-0.037896 0.011359 0.115900
-0.037896 0.011655 0.115900
-0.037896 0.011950 0.115900
-0.037896 0.012246 0.115900
-0.037896 0.012541 0.115900
-0.037896 0.012837 0.115900
-0.037929 0.013144 0.116000
-0.037929 0.013439 0.116000
-0.037962 0.013747 0.116100
-0.037962 0.014043 0.116100
-0.037962 0.014339 0.116100
-0.037995 0.014647 0.116200
-0.037995 0.014944 0.116200
-0.038060 0.015266 0.116400
-0.038060 0.015563 0.116400
-0.038060 0.015859 0.116400
-0.038125 0.016184 0.116600
-0.038125 0.016481 0.116600
-0.038125 0.016778 0.116600
-0.038125 0.017076 0.116600
-0.038158 0.017388 0.116700
-0.038158 0.017685 0.116700
-0.038357 0.009331 0.116400
-0.038357 0.009628 0.116400
-0.038324 0.009916 0.116300
-0.038291 0.010204 0.116200
-0.038291 0.010500 0.116200
-0.038291 0.010796 0.116200
-0.038291 0.011093 0.116200
-0.038291 0.011389 0.116200
-0.038291 0.011685 0.116200
-0.038291 0.011981 0.116200
-0.038291 0.012278 0.116200
-0.038291 0.012574 0.116200
-0.038291 0.012870 0.116200
-0.038324 0.013178 0.116300
-0.038357 0.013486 0.116400
-0.038357 0.013782 0.116400
-0.038357 0.014079 0.116400
-0.038357 0.014376 0.116400
-0.038390 0.014685 0.116500
-0.038423 0.014995 0.116600
-0.038456 0.015305 0.116700
-0.038456 0.015603 0.116700
-0.038489 0.015914 0.116800
-0.038489 0.016212 0.116800
-0.038522 0.016524 0.116900
-0.038522 0.016822 0.116900
-0.038522 0.017120 0.116900
-0.038522 0.017418 0.116900
-0.038721 0.009645 0.116600
-0.038721 0.009942 0.116600
-0.038721 0.010239 0.116600
-0.038721 0.010536 0.116600
-0.038721 0.010834 0.116600
-0.038721 0.011131 0.116600
-0.038721 0.011428 0.116600
-0.038721 0.011725 0.116600
-0.038721 0.012023 0.116600
-0.038721 0.012320 0.116600
-0.038721 0.012617 0.116600
-0.038721 0.012914 0.116600
-0.038721 0.013212 0.116600
-0.038754 0.013520 0.116700
-0.038754 0.013818 0.116700
-0.038754 0.014115 0.116700
-0.038788 0.014425 0.116800
-0.038788 0.014723 0.116800
-0.038821 0.015034 0.116900
-0.038821 0.015332 0.116900
-0.038854 0.015643 0.117000
-0.038854 0.015941 0.117000
-0.038887 0.016253 0.117100
-0.038887 0.016552 0.117100
-0.038920 0.016865 0.117200
-0.039120 0.009967 0.116900
-0.039120 0.010265 0.116900
-0.039120 0.010563 0.116900
-0.039120 0.010861 0.116900
-0.039120 0.011159 0.116900
-0.039120 0.011457 0.116900
-0.039120 0.011755 0.116900
-0.039120 0.012053 0.116900
-0.039120 0.012352 0.116900
-0.039120 0.012650 0.116900
-0.039153 0.012959 0.117000
-0.039153 0.013257 0.117000
-0.039153 0.013555 0.117000
-0.039153 0.013853 0.117000
-0.039153 0.014152 0.117000
-0.039153 0.014450 0.117000
-0.039153 0.014748 0.117000
-0.039186 0.015059 0.117100
-0.039220 0.015371 0.117200
-0.039220 0.015670 0.117200
-0.039253 0.015982 0.117300
-0.039253 0.016281 0.117300
-0.039287 0.016594 0.117400
-0.039519 0.010292 0.117200
-0.039519 0.010591 0.117200
-0.039519 0.010889 0.117200
-0.039519 0.011188 0.117200
-0.039519 0.011487 0.117200
-0.039519 0.011786 0.117200
-0.039553 0.012095 0.117300
-0.039553 0.012394 0.117300
-0.039553 0.012693 0.117300
-0.039553 0.012992 0.117300
-0.039553 0.013291 0.117300
-0.039553 0.013590 0.117300
-0.039587 0.013901 0.117400
-0.039587 0.014200 0.117400
-0.039587 0.014499 0.117400
-0.039587 0.014799 0.117400
-0.039587 0.015098 0.117400
-0.039587 0.015397 0.117400
-0.039621 0.015710 0.117500
-0.039621 0.016009 0.117500
-0.039621 0.016309 0.117500
-0.039921 0.010618 0.117500
-0.039921 0.010917 0.117500
-0.039921 0.011217 0.117500
-0.039921 0.011516 0.117500
-0.039921 0.011816 0.117500
-0.039955 0.012126 0.117600
-0.039955 0.012425 0.117600
-0.039989 0.012736 0.117700
-0.039989 0.013036 0.117700
-0.039989 0.013336 0.117700
-0.039989 0.013636 0.117700
-0.039989 0.013936 0.117700
-0.039989 0.014236 0.117700
-0.039989 0.014536 0.117700
-0.039989 0.014836 0.117700
-0.039989 0.015136 0.117700
-0.040023 0.015450 0.117800
-0.040023 0.015750 0.117800
-0.040324 0.010945 0.117800
-0.040324 0.011245 0.117800
-0.040324 0.011546 0.117800
-0.040358 0.011856 0.117900
-0.040358 0.012157 0.117900
-0.040392 0.012468 0.118000
-0.040392 0.012769 0.118000
-0.040392 0.013069 0.118000
-0.040392 0.013370 0.118000
-0.040426 0.013683 0.118100
-0.040426 0.013984 0.118100
-0.040426 0.014285 0.118100
-0.040426 0.014586 0.118100
-0.040426 0.014887 0.118100
-0.040392 0.015175 0.118000
-0.040763 0.011284 0.118200
-0.040763 0.011585 0.118200
-0.040763 0.011886 0.118200
-0.040797 0.012198 0.118300
-0.040797 0.012499 0.118300
-0.040832 0.012812 0.118400
-0.040797 0.013103 0.118300
-0.040797 0.013404 0.118300
-0.040832 0.013717 0.118400
-0.040797 0.014007 0.118300
-0.040797 0.014309 0.118300
-0.040797 0.014610 0.118300
-0.041169 0.011916 0.118500
-0.041204 0.012229 0.118600
-0.041238 0.012542 0.118700
-0.041238 0.012844 0.118700
-0.041238 0.013147 0.118700
-0.041238 0.013449 0.118700
-0.041238 0.013752 0.118700
