[0.146s] [34mcolcon[0m [1;30mDEBUG[0m [32mCommand line arguments: ['/usr/bin/colcon', 'build', '--symlink-install'][0m
[0.146s] [34mcolcon[0m [1;30mDEBUG[0m [32mParsed command line arguments: Namespace(log_base=None, log_level=None, verb_name='build', build_base='build', install_base='install', merge_install=False, symlink_install=True, test_result_base=None, continue_on_error=False, executor='parallel', parallel_workers=4, event_handlers=None, ignore_user_meta=False, metas=['./colcon.meta'], base_paths=['.'], packages_ignore=None, packages_ignore_regex=None, paths=None, packages_up_to=None, packages_up_to_regex=None, packages_above=None, packages_above_and_dependencies=None, packages_above_depth=None, packages_select_by_dep=None, packages_skip_by_dep=None, packages_skip_up_to=None, packages_select_build_failed=False, packages_skip_build_finished=False, packages_select_test_failures=False, packages_skip_test_passed=False, packages_select=None, packages_skip=None, packages_select_regex=None, packages_skip_regex=None, packages_start=None, packages_end=None, allow_overriding=[], cmake_args=None, cmake_target=None, cmake_target_skip_unavailable=False, cmake_clean_cache=False, cmake_clean_first=False, cmake_force_configure=False, ament_cmake_args=None, catkin_cmake_args=None, catkin_skip_building_tests=False, mixin_files=None, mixin=None, verb_parser=<colcon_mixin.mixin.mixin_argument.MixinArgumentDecorator object at 0x77ae3f6d7d90>, verb_extension=<colcon_core.verb.build.BuildVerb object at 0x77ae3f820df0>, main=<bound method BuildVerb.main of <colcon_core.verb.build.BuildVerb object at 0x77ae3f820df0>>, mixin_verb=('build',))[0m
[0.361s] [34mcolcon.colcon_core.package_discovery[0m [1;30mLevel 1[0m discover_packages(colcon_meta) check parameters
[0.362s] [34mcolcon.colcon_core.package_discovery[0m [1;30mLevel 1[0m discover_packages(recursive) check parameters
[0.362s] [34mcolcon.colcon_core.package_discovery[0m [1;30mLevel 1[0m discover_packages(ignore) check parameters
[0.362s] [34mcolcon.colcon_core.package_discovery[0m [1;30mLevel 1[0m discover_packages(path) check parameters
[0.362s] [34mcolcon.colcon_core.package_discovery[0m [1;30mLevel 1[0m discover_packages(colcon_meta) discover
[0.362s] [34mcolcon.colcon_core.package_discovery[0m [1;30mLevel 1[0m discover_packages(recursive) discover
[0.362s] [34mcolcon.colcon_core.package_discovery[0m [1;30mINFO[0m Crawling recursively for packages in '/home/parallels/Forschsemrep/strawberry_ws'
[0.362s] [34mcolcon.colcon_core.package_identification[0m [1;30mLevel 1[0m _identify(.) by extensions ['ignore', 'ignore_ament_install']
[0.362s] [34mcolcon.colcon_core.package_identification[0m [1;30mLevel 1[0m _identify(.) by extension 'ignore'
[0.362s] [34mcolcon.colcon_core.package_identification[0m [1;30mLevel 1[0m _identify(.) by extension 'ignore_ament_install'
[0.362s] [34mcolcon.colcon_core.package_identification[0m [1;30mLevel 1[0m _identify(.) by extensions ['colcon_pkg']
[0.362s] [34mcolcon.colcon_core.package_identification[0m [1;30mLevel 1[0m _identify(.) by extension 'colcon_pkg'
[0.362s] [34mcolcon.colcon_core.package_identification[0m [1;30mLevel 1[0m _identify(.) by extensions ['colcon_meta']
[0.362s] [34mcolcon.colcon_core.package_identification[0m [1;30mLevel 1[0m _identify(.) by extension 'colcon_meta'
[0.362s] [34mcolcon.colcon_core.package_identification[0m [1;30mLevel 1[0m _identify(.) by extensions ['ros']
[0.362s] [34mcolcon.colcon_core.package_identification[0m [1;30mLevel 1[0m _identify(.) by extension 'ros'
[0.385s] [34mcolcon.colcon_core.package_identification[0m [1;30mLevel 1[0m _identify(.) by extensions ['cmake', 'python']
[0.386s] [34mcolcon.colcon_core.package_identification[0m [1;30mLevel 1[0m _identify(.) by extension 'cmake'
[0.386s] [34mcolcon.colcon_core.package_identification[0m [1;30mLevel 1[0m _identify(.) by extension 'python'
[0.386s] [34mcolcon.colcon_core.package_identification[0m [1;30mLevel 1[0m _identify(.) by extensions ['python_setup_py']
[0.386s] [34mcolcon.colcon_core.package_identification[0m [1;30mLevel 1[0m _identify(.) by extension 'python_setup_py'
[0.386s] [34mcolcon.colcon_core.package_identification[0m [1;30mLevel 1[0m _identify(build) by extensions ['ignore', 'ignore_ament_install']
[0.386s] [34mcolcon.colcon_core.package_identification[0m [1;30mLevel 1[0m _identify(build) by extension 'ignore'
[0.386s] [34mcolcon.colcon_core.package_identification[0m [1;30mLevel 1[0m _identify(build) ignored
[0.386s] [34mcolcon.colcon_core.package_identification[0m [1;30mLevel 1[0m _identify(data) by extensions ['ignore', 'ignore_ament_install']
[0.386s] [34mcolcon.colcon_core.package_identification[0m [1;30mLevel 1[0m _identify(data) by extension 'ignore'
[0.386s] [34mcolcon.colcon_core.package_identification[0m [1;30mLevel 1[0m _identify(data) by extension 'ignore_ament_install'
[0.386s] [34mcolcon.colcon_core.package_identification[0m [1;30mLevel 1[0m _identify(data) by extensions ['colcon_pkg']
[0.386s] [34mcolcon.colcon_core.package_identification[0m [1;30mLevel 1[0m _identify(data) by extension 'colcon_pkg'
[0.386s] [34mcolcon.colcon_core.package_identification[0m [1;30mLevel 1[0m _identify(data) by extensions ['colcon_meta']
[0.386s] [34mcolcon.colcon_core.package_identification[0m [1;30mLevel 1[0m _identify(data) by extension 'colcon_meta'
[0.386s] [34mcolcon.colcon_core.package_identification[0m [1;30mLevel 1[0m _identify(data) by extensions ['ros']
[0.386s] [34mcolcon.colcon_core.package_identification[0m [1;30mLevel 1[0m _identify(data) by extension 'ros'
[0.387s] [34mcolcon.colcon_core.package_identification[0m [1;30mLevel 1[0m _identify(data) by extensions ['cmake', 'python']
[0.387s] [34mcolcon.colcon_core.package_identification[0m [1;30mLevel 1[0m _identify(data) by extension 'cmake'
[0.387s] [34mcolcon.colcon_core.package_identification[0m [1;30mLevel 1[0m _identify(data) by extension 'python'
[0.387s] [34mcolcon.colcon_core.package_identification[0m [1;30mLevel 1[0m _identify(data) by extensions ['python_setup_py']
[0.387s] [34mcolcon.colcon_core.package_identification[0m [1;30mLevel 1[0m _identify(data) by extension 'python_setup_py'
[0.387s] [34mcolcon.colcon_core.package_identification[0m [1;30mLevel 1[0m _identify(data/backup) by extensions ['ignore', 'ignore_ament_install']
[0.387s] [34mcolcon.colcon_core.package_identification[0m [1;30mLevel 1[0m _identify(data/backup) by extension 'ignore'
[0.387s] [34mcolcon.colcon_core.package_identification[0m [1;30mLevel 1[0m _identify(data/backup) by extension 'ignore_ament_install'
[0.387s] [34mcolcon.colcon_core.package_identification[0m [1;30mLevel 1[0m _identify(data/backup) by extensions ['colcon_pkg']
[0.387s] [34mcolcon.colcon_core.package_identification[0m [1;30mLevel 1[0m _identify(data/backup) by extension 'colcon_pkg'
[0.387s] [34mcolcon.colcon_core.package_identification[0m [1;30mLevel 1[0m _identify(data/backup) by extensions ['colcon_meta']
[0.387s] [34mcolcon.colcon_core.package_identification[0m [1;30mLevel 1[0m _identify(data/backup) by extension 'colcon_meta'
[0.387s] [34mcolcon.colcon_core.package_identification[0m [1;30mLevel 1[0m _identify(data/backup) by extensions ['ros']
[0.387s] [34mcolcon.colcon_core.package_identification[0m [1;30mLevel 1[0m _identify(data/backup) by extension 'ros'
[0.387s] [34mcolcon.colcon_core.package_identification[0m [1;30mLevel 1[0m _identify(data/backup) by extensions ['cmake', 'python']
[0.387s] [34mcolcon.colcon_core.package_identification[0m [1;30mLevel 1[0m _identify(data/backup) by extension 'cmake'
[0.387s] [34mcolcon.colcon_core.package_identification[0m [1;30mLevel 1[0m _identify(data/backup) by extension 'python'
[0.387s] [34mcolcon.colcon_core.package_identification[0m [1;30mLevel 1[0m _identify(data/backup) by extensions ['python_setup_py']
[0.387s] [34mcolcon.colcon_core.package_identification[0m [1;30mLevel 1[0m _identify(data/backup) by extension 'python_setup_py'
[0.387s] [34mcolcon.colcon_core.package_identification[0m [1;30mLevel 1[0m _identify(data/plant_views) by extensions ['ignore', 'ignore_ament_install']
[0.388s] [34mcolcon.colcon_core.package_identification[0m [1;30mLevel 1[0m _identify(data/plant_views) by extension 'ignore'
[0.388s] [34mcolcon.colcon_core.package_identification[0m [1;30mLevel 1[0m _identify(data/plant_views) by extension 'ignore_ament_install'
[0.388s] [34mcolcon.colcon_core.package_identification[0m [1;30mLevel 1[0m _identify(data/plant_views) by extensions ['colcon_pkg']
[0.388s] [34mcolcon.colcon_core.package_identification[0m [1;30mLevel 1[0m _identify(data/plant_views) by extension 'colcon_pkg'
[0.388s] [34mcolcon.colcon_core.package_identification[0m [1;30mLevel 1[0m _identify(data/plant_views) by extensions ['colcon_meta']
[0.388s] [34mcolcon.colcon_core.package_identification[0m [1;30mLevel 1[0m _identify(data/plant_views) by extension 'colcon_meta'
[0.388s] [34mcolcon.colcon_core.package_identification[0m [1;30mLevel 1[0m _identify(data/plant_views) by extensions ['ros']
[0.388s] [34mcolcon.colcon_core.package_identification[0m [1;30mLevel 1[0m _identify(data/plant_views) by extension 'ros'
[0.388s] [34mcolcon.colcon_core.package_identification[0m [1;30mLevel 1[0m _identify(data/plant_views) by extensions ['cmake', 'python']
[0.388s] [34mcolcon.colcon_core.package_identification[0m [1;30mLevel 1[0m _identify(data/plant_views) by extension 'cmake'
[0.388s] [34mcolcon.colcon_core.package_identification[0m [1;30mLevel 1[0m _identify(data/plant_views) by extension 'python'
[0.388s] [34mcolcon.colcon_core.package_identification[0m [1;30mLevel 1[0m _identify(data/plant_views) by extensions ['python_setup_py']
[0.388s] [34mcolcon.colcon_core.package_identification[0m [1;30mLevel 1[0m _identify(data/plant_views) by extension 'python_setup_py'
[0.388s] [34mcolcon.colcon_core.package_identification[0m [1;30mLevel 1[0m _identify(data/plant_views/plant_000) by extensions ['ignore', 'ignore_ament_install']
[0.388s] [34mcolcon.colcon_core.package_identification[0m [1;30mLevel 1[0m _identify(data/plant_views/plant_000) by extension 'ignore'
[0.388s] [34mcolcon.colcon_core.package_identification[0m [1;30mLevel 1[0m _identify(data/plant_views/plant_000) by extension 'ignore_ament_install'
[0.388s] [34mcolcon.colcon_core.package_identification[0m [1;30mLevel 1[0m _identify(data/plant_views/plant_000) by extensions ['colcon_pkg']
[0.388s] [34mcolcon.colcon_core.package_identification[0m [1;30mLevel 1[0m _identify(data/plant_views/plant_000) by extension 'colcon_pkg'
[0.388s] [34mcolcon.colcon_core.package_identification[0m [1;30mLevel 1[0m _identify(data/plant_views/plant_000) by extensions ['colcon_meta']
[0.388s] [34mcolcon.colcon_core.package_identification[0m [1;30mLevel 1[0m _identify(data/plant_views/plant_000) by extension 'colcon_meta'
[0.389s] [34mcolcon.colcon_core.package_identification[0m [1;30mLevel 1[0m _identify(data/plant_views/plant_000) by extensions ['ros']
[0.389s] [34mcolcon.colcon_core.package_identification[0m [1;30mLevel 1[0m _identify(data/plant_views/plant_000) by extension 'ros'
[0.389s] [34mcolcon.colcon_core.package_identification[0m [1;30mLevel 1[0m _identify(data/plant_views/plant_000) by extensions ['cmake', 'python']
[0.389s] [34mcolcon.colcon_core.package_identification[0m [1;30mLevel 1[0m _identify(data/plant_views/plant_000) by extension 'cmake'
[0.389s] [34mcolcon.colcon_core.package_identification[0m [1;30mLevel 1[0m _identify(data/plant_views/plant_000) by extension 'python'
[0.389s] [34mcolcon.colcon_core.package_identification[0m [1;30mLevel 1[0m _identify(data/plant_views/plant_000) by extensions ['python_setup_py']
[0.389s] [34mcolcon.colcon_core.package_identification[0m [1;30mLevel 1[0m _identify(data/plant_views/plant_000) by extension 'python_setup_py'
[0.389s] [34mcolcon.colcon_core.package_identification[0m [1;30mLevel 1[0m _identify(data/plant_views/plant_001) by extensions ['ignore', 'ignore_ament_install']
[0.389s] [34mcolcon.colcon_core.package_identification[0m [1;30mLevel 1[0m _identify(data/plant_views/plant_001) by extension 'ignore'
[0.389s] [34mcolcon.colcon_core.package_identification[0m [1;30mLevel 1[0m _identify(data/plant_views/plant_001) by extension 'ignore_ament_install'
[0.389s] [34mcolcon.colcon_core.package_identification[0m [1;30mLevel 1[0m _identify(data/plant_views/plant_001) by extensions ['colcon_pkg']
[0.389s] [34mcolcon.colcon_core.package_identification[0m [1;30mLevel 1[0m _identify(data/plant_views/plant_001) by extension 'colcon_pkg'
[0.389s] [34mcolcon.colcon_core.package_identification[0m [1;30mLevel 1[0m _identify(data/plant_views/plant_001) by extensions ['colcon_meta']
[0.389s] [34mcolcon.colcon_core.package_identification[0m [1;30mLevel 1[0m _identify(data/plant_views/plant_001) by extension 'colcon_meta'
[0.389s] [34mcolcon.colcon_core.package_identification[0m [1;30mLevel 1[0m _identify(data/plant_views/plant_001) by extensions ['ros']
[0.389s] [34mcolcon.colcon_core.package_identification[0m [1;30mLevel 1[0m _identify(data/plant_views/plant_001) by extension 'ros'
[0.389s] [34mcolcon.colcon_core.package_identification[0m [1;30mLevel 1[0m _identify(data/plant_views/plant_001) by extensions ['cmake', 'python']
[0.389s] [34mcolcon.colcon_core.package_identification[0m [1;30mLevel 1[0m _identify(data/plant_views/plant_001) by extension 'cmake'
[0.389s] [34mcolcon.colcon_core.package_identification[0m [1;30mLevel 1[0m _identify(data/plant_views/plant_001) by extension 'python'
[0.389s] [34mcolcon.colcon_core.package_identification[0m [1;30mLevel 1[0m _identify(data/plant_views/plant_001) by extensions ['python_setup_py']
[0.389s] [34mcolcon.colcon_core.package_identification[0m [1;30mLevel 1[0m _identify(data/plant_views/plant_001) by extension 'python_setup_py'
[0.389s] [34mcolcon.colcon_core.package_identification[0m [1;30mLevel 1[0m _identify(data/plant_views/plant_002) by extensions ['ignore', 'ignore_ament_install']
[0.390s] [34mcolcon.colcon_core.package_identification[0m [1;30mLevel 1[0m _identify(data/plant_views/plant_002) by extension 'ignore'
[0.390s] [34mcolcon.colcon_core.package_identification[0m [1;30mLevel 1[0m _identify(data/plant_views/plant_002) by extension 'ignore_ament_install'
[0.390s] [34mcolcon.colcon_core.package_identification[0m [1;30mLevel 1[0m _identify(data/plant_views/plant_002) by extensions ['colcon_pkg']
[0.390s] [34mcolcon.colcon_core.package_identification[0m [1;30mLevel 1[0m _identify(data/plant_views/plant_002) by extension 'colcon_pkg'
[0.390s] [34mcolcon.colcon_core.package_identification[0m [1;30mLevel 1[0m _identify(data/plant_views/plant_002) by extensions ['colcon_meta']
[0.390s] [34mcolcon.colcon_core.package_identification[0m [1;30mLevel 1[0m _identify(data/plant_views/plant_002) by extension 'colcon_meta'
[0.390s] [34mcolcon.colcon_core.package_identification[0m [1;30mLevel 1[0m _identify(data/plant_views/plant_002) by extensions ['ros']
[0.390s] [34mcolcon.colcon_core.package_identification[0m [1;30mLevel 1[0m _identify(data/plant_views/plant_002) by extension 'ros'
[0.390s] [34mcolcon.colcon_core.package_identification[0m [1;30mLevel 1[0m _identify(data/plant_views/plant_002) by extensions ['cmake', 'python']
[0.390s] [34mcolcon.colcon_core.package_identification[0m [1;30mLevel 1[0m _identify(data/plant_views/plant_002) by extension 'cmake'
[0.390s] [34mcolcon.colcon_core.package_identification[0m [1;30mLevel 1[0m _identify(data/plant_views/plant_002) by extension 'python'
[0.390s] [34mcolcon.colcon_core.package_identification[0m [1;30mLevel 1[0m _identify(data/plant_views/plant_002) by extensions ['python_setup_py']
[0.390s] [34mcolcon.colcon_core.package_identification[0m [1;30mLevel 1[0m _identify(data/plant_views/plant_002) by extension 'python_setup_py'
[0.390s] [34mcolcon.colcon_core.package_identification[0m [1;30mLevel 1[0m _identify(data/plant_views/plant_003) by extensions ['ignore', 'ignore_ament_install']
[0.390s] [34mcolcon.colcon_core.package_identification[0m [1;30mLevel 1[0m _identify(data/plant_views/plant_003) by extension 'ignore'
[0.390s] [34mcolcon.colcon_core.package_identification[0m [1;30mLevel 1[0m _identify(data/plant_views/plant_003) by extension 'ignore_ament_install'
[0.390s] [34mcolcon.colcon_core.package_identification[0m [1;30mLevel 1[0m _identify(data/plant_views/plant_003) by extensions ['colcon_pkg']
[0.390s] [34mcolcon.colcon_core.package_identification[0m [1;30mLevel 1[0m _identify(data/plant_views/plant_003) by extension 'colcon_pkg'
[0.390s] [34mcolcon.colcon_core.package_identification[0m [1;30mLevel 1[0m _identify(data/plant_views/plant_003) by extensions ['colcon_meta']
[0.390s] [34mcolcon.colcon_core.package_identification[0m [1;30mLevel 1[0m _identify(data/plant_views/plant_003) by extension 'colcon_meta'
[0.390s] [34mcolcon.colcon_core.package_identification[0m [1;30mLevel 1[0m _identify(data/plant_views/plant_003) by extensions ['ros']
[0.390s] [34mcolcon.colcon_core.package_identification[0m [1;30mLevel 1[0m _identify(data/plant_views/plant_003) by extension 'ros'
[0.391s] [34mcolcon.colcon_core.package_identification[0m [1;30mLevel 1[0m _identify(data/plant_views/plant_003) by extensions ['cmake', 'python']
[0.391s] [34mcolcon.colcon_core.package_identification[0m [1;30mLevel 1[0m _identify(data/plant_views/plant_003) by extension 'cmake'
[0.391s] [34mcolcon.colcon_core.package_identification[0m [1;30mLevel 1[0m _identify(data/plant_views/plant_003) by extension 'python'
[0.391s] [34mcolcon.colcon_core.package_identification[0m [1;30mLevel 1[0m _identify(data/plant_views/plant_003) by extensions ['python_setup_py']
[0.391s] [34mcolcon.colcon_core.package_identification[0m [1;30mLevel 1[0m _identify(data/plant_views/plant_003) by extension 'python_setup_py'
[0.391s] [34mcolcon.colcon_core.package_identification[0m [1;30mLevel 1[0m _identify(data/plant_views/plant_004) by extensions ['ignore', 'ignore_ament_install']
[0.391s] [34mcolcon.colcon_core.package_identification[0m [1;30mLevel 1[0m _identify(data/plant_views/plant_004) by extension 'ignore'
[0.391s] [34mcolcon.colcon_core.package_identification[0m [1;30mLevel 1[0m _identify(data/plant_views/plant_004) by extension 'ignore_ament_install'
[0.391s] [34mcolcon.colcon_core.package_identification[0m [1;30mLevel 1[0m _identify(data/plant_views/plant_004) by extensions ['colcon_pkg']
[0.391s] [34mcolcon.colcon_core.package_identification[0m [1;30mLevel 1[0m _identify(data/plant_views/plant_004) by extension 'colcon_pkg'
[0.391s] [34mcolcon.colcon_core.package_identification[0m [1;30mLevel 1[0m _identify(data/plant_views/plant_004) by extensions ['colcon_meta']
[0.391s] [34mcolcon.colcon_core.package_identification[0m [1;30mLevel 1[0m _identify(data/plant_views/plant_004) by extension 'colcon_meta'
[0.391s] [34mcolcon.colcon_core.package_identification[0m [1;30mLevel 1[0m _identify(data/plant_views/plant_004) by extensions ['ros']
[0.391s] [34mcolcon.colcon_core.package_identification[0m [1;30mLevel 1[0m _identify(data/plant_views/plant_004) by extension 'ros'
[0.391s] [34mcolcon.colcon_core.package_identification[0m [1;30mLevel 1[0m _identify(data/plant_views/plant_004) by extensions ['cmake', 'python']
[0.391s] [34mcolcon.colcon_core.package_identification[0m [1;30mLevel 1[0m _identify(data/plant_views/plant_004) by extension 'cmake'
[0.391s] [34mcolcon.colcon_core.package_identification[0m [1;30mLevel 1[0m _identify(data/plant_views/plant_004) by extension 'python'
[0.391s] [34mcolcon.colcon_core.package_identification[0m [1;30mLevel 1[0m _identify(data/plant_views/plant_004) by extensions ['python_setup_py']
[0.391s] [34mcolcon.colcon_core.package_identification[0m [1;30mLevel 1[0m _identify(data/plant_views/plant_004) by extension 'python_setup_py'
[0.391s] [34mcolcon.colcon_core.package_identification[0m [1;30mLevel 1[0m _identify(data/plant_views/plant_005) by extensions ['ignore', 'ignore_ament_install']
[0.391s] [34mcolcon.colcon_core.package_identification[0m [1;30mLevel 1[0m _identify(data/plant_views/plant_005) by extension 'ignore'
[0.391s] [34mcolcon.colcon_core.package_identification[0m [1;30mLevel 1[0m _identify(data/plant_views/plant_005) by extension 'ignore_ament_install'
[0.392s] [34mcolcon.colcon_core.package_identification[0m [1;30mLevel 1[0m _identify(data/plant_views/plant_005) by extensions ['colcon_pkg']
[0.392s] [34mcolcon.colcon_core.package_identification[0m [1;30mLevel 1[0m _identify(data/plant_views/plant_005) by extension 'colcon_pkg'
[0.392s] [34mcolcon.colcon_core.package_identification[0m [1;30mLevel 1[0m _identify(data/plant_views/plant_005) by extensions ['colcon_meta']
[0.392s] [34mcolcon.colcon_core.package_identification[0m [1;30mLevel 1[0m _identify(data/plant_views/plant_005) by extension 'colcon_meta'
[0.392s] [34mcolcon.colcon_core.package_identification[0m [1;30mLevel 1[0m _identify(data/plant_views/plant_005) by extensions ['ros']
[0.392s] [34mcolcon.colcon_core.package_identification[0m [1;30mLevel 1[0m _identify(data/plant_views/plant_005) by extension 'ros'
[0.392s] [34mcolcon.colcon_core.package_identification[0m [1;30mLevel 1[0m _identify(data/plant_views/plant_005) by extensions ['cmake', 'python']
[0.392s] [34mcolcon.colcon_core.package_identification[0m [1;30mLevel 1[0m _identify(data/plant_views/plant_005) by extension 'cmake'
[0.392s] [34mcolcon.colcon_core.package_identification[0m [1;30mLevel 1[0m _identify(data/plant_views/plant_005) by extension 'python'
[0.392s] [34mcolcon.colcon_core.package_identification[0m [1;30mLevel 1[0m _identify(data/plant_views/plant_005) by extensions ['python_setup_py']
[0.392s] [34mcolcon.colcon_core.package_identification[0m [1;30mLevel 1[0m _identify(data/plant_views/plant_005) by extension 'python_setup_py'
[0.392s] [34mcolcon.colcon_core.package_identification[0m [1;30mLevel 1[0m _identify(data/plant_views/plant_006) by extensions ['ignore', 'ignore_ament_install']
[0.392s] [34mcolcon.colcon_core.package_identification[0m [1;30mLevel 1[0m _identify(data/plant_views/plant_006) by extension 'ignore'
[0.392s] [34mcolcon.colcon_core.package_identification[0m [1;30mLevel 1[0m _identify(data/plant_views/plant_006) by extension 'ignore_ament_install'
[0.392s] [34mcolcon.colcon_core.package_identification[0m [1;30mLevel 1[0m _identify(data/plant_views/plant_006) by extensions ['colcon_pkg']
[0.392s] [34mcolcon.colcon_core.package_identification[0m [1;30mLevel 1[0m _identify(data/plant_views/plant_006) by extension 'colcon_pkg'
[0.392s] [34mcolcon.colcon_core.package_identification[0m [1;30mLevel 1[0m _identify(data/plant_views/plant_006) by extensions ['colcon_meta']
[0.392s] [34mcolcon.colcon_core.package_identification[0m [1;30mLevel 1[0m _identify(data/plant_views/plant_006) by extension 'colcon_meta'
[0.392s] [34mcolcon.colcon_core.package_identification[0m [1;30mLevel 1[0m _identify(data/plant_views/plant_006) by extensions ['ros']
[0.392s] [34mcolcon.colcon_core.package_identification[0m [1;30mLevel 1[0m _identify(data/plant_views/plant_006) by extension 'ros'
[0.392s] [34mcolcon.colcon_core.package_identification[0m [1;30mLevel 1[0m _identify(data/plant_views/plant_006) by extensions ['cmake', 'python']
[0.392s] [34mcolcon.colcon_core.package_identification[0m [1;30mLevel 1[0m _identify(data/plant_views/plant_006) by extension 'cmake'
[0.392s] [34mcolcon.colcon_core.package_identification[0m [1;30mLevel 1[0m _identify(data/plant_views/plant_006) by extension 'python'
[0.392s] [34mcolcon.colcon_core.package_identification[0m [1;30mLevel 1[0m _identify(data/plant_views/plant_006) by extensions ['python_setup_py']
[0.393s] [34mcolcon.colcon_core.package_identification[0m [1;30mLevel 1[0m _identify(data/plant_views/plant_006) by extension 'python_setup_py'
[0.393s] [34mcolcon.colcon_core.package_identification[0m [1;30mLevel 1[0m _identify(data/plant_views/plant_007) by extensions ['ignore', 'ignore_ament_install']
[0.393s] [34mcolcon.colcon_core.package_identification[0m [1;30mLevel 1[0m _identify(data/plant_views/plant_007) by extension 'ignore'
[0.393s] [34mcolcon.colcon_core.package_identification[0m [1;30mLevel 1[0m _identify(data/plant_views/plant_007) by extension 'ignore_ament_install'
[0.393s] [34mcolcon.colcon_core.package_identification[0m [1;30mLevel 1[0m _identify(data/plant_views/plant_007) by extensions ['colcon_pkg']
[0.393s] [34mcolcon.colcon_core.package_identification[0m [1;30mLevel 1[0m _identify(data/plant_views/plant_007) by extension 'colcon_pkg'
[0.393s] [34mcolcon.colcon_core.package_identification[0m [1;30mLevel 1[0m _identify(data/plant_views/plant_007) by extensions ['colcon_meta']
[0.393s] [34mcolcon.colcon_core.package_identification[0m [1;30mLevel 1[0m _identify(data/plant_views/plant_007) by extension 'colcon_meta'
[0.393s] [34mcolcon.colcon_core.package_identification[0m [1;30mLevel 1[0m _identify(data/plant_views/plant_007) by extensions ['ros']
[0.393s] [34mcolcon.colcon_core.package_identification[0m [1;30mLevel 1[0m _identify(data/plant_views/plant_007) by extension 'ros'
[0.393s] [34mcolcon.colcon_core.package_identification[0m [1;30mLevel 1[0m _identify(data/plant_views/plant_007) by extensions ['cmake', 'python']
[0.393s] [34mcolcon.colcon_core.package_identification[0m [1;30mLevel 1[0m _identify(data/plant_views/plant_007) by extension 'cmake'
[0.393s] [34mcolcon.colcon_core.package_identification[0m [1;30mLevel 1[0m _identify(data/plant_views/plant_007) by extension 'python'
[0.393s] [34mcolcon.colcon_core.package_identification[0m [1;30mLevel 1[0m _identify(data/plant_views/plant_007) by extensions ['python_setup_py']
[0.393s] [34mcolcon.colcon_core.package_identification[0m [1;30mLevel 1[0m _identify(data/plant_views/plant_007) by extension 'python_setup_py'
[0.393s] [34mcolcon.colcon_core.package_identification[0m [1;30mLevel 1[0m _identify(data/plant_views/plant_008) by extensions ['ignore', 'ignore_ament_install']
[0.393s] [34mcolcon.colcon_core.package_identification[0m [1;30mLevel 1[0m _identify(data/plant_views/plant_008) by extension 'ignore'
[0.393s] [34mcolcon.colcon_core.package_identification[0m [1;30mLevel 1[0m _identify(data/plant_views/plant_008) by extension 'ignore_ament_install'
[0.393s] [34mcolcon.colcon_core.package_identification[0m [1;30mLevel 1[0m _identify(data/plant_views/plant_008) by extensions ['colcon_pkg']
[0.393s] [34mcolcon.colcon_core.package_identification[0m [1;30mLevel 1[0m _identify(data/plant_views/plant_008) by extension 'colcon_pkg'
[0.394s] [34mcolcon.colcon_core.package_identification[0m [1;30mLevel 1[0m _identify(data/plant_views/plant_008) by extensions ['colcon_meta']
[0.394s] [34mcolcon.colcon_core.package_identification[0m [1;30mLevel 1[0m _identify(data/plant_views/plant_008) by extension 'colcon_meta'
[0.394s] [34mcolcon.colcon_core.package_identification[0m [1;30mLevel 1[0m _identify(data/plant_views/plant_008) by extensions ['ros']
[0.394s] [34mcolcon.colcon_core.package_identification[0m [1;30mLevel 1[0m _identify(data/plant_views/plant_008) by extension 'ros'
[0.394s] [34mcolcon.colcon_core.package_identification[0m [1;30mLevel 1[0m _identify(data/plant_views/plant_008) by extensions ['cmake', 'python']
[0.394s] [34mcolcon.colcon_core.package_identification[0m [1;30mLevel 1[0m _identify(data/plant_views/plant_008) by extension 'cmake'
[0.394s] [34mcolcon.colcon_core.package_identification[0m [1;30mLevel 1[0m _identify(data/plant_views/plant_008) by extension 'python'
[0.394s] [34mcolcon.colcon_core.package_identification[0m [1;30mLevel 1[0m _identify(data/plant_views/plant_008) by extensions ['python_setup_py']
[0.394s] [34mcolcon.colcon_core.package_identification[0m [1;30mLevel 1[0m _identify(data/plant_views/plant_008) by extension 'python_setup_py'
[0.394s] [34mcolcon.colcon_core.package_identification[0m [1;30mLevel 1[0m _identify(data/plant_views/plant_009) by extensions ['ignore', 'ignore_ament_install']
[0.394s] [34mcolcon.colcon_core.package_identification[0m [1;30mLevel 1[0m _identify(data/plant_views/plant_009) by extension 'ignore'
[0.394s] [34mcolcon.colcon_core.package_identification[0m [1;30mLevel 1[0m _identify(data/plant_views/plant_009) by extension 'ignore_ament_install'
[0.394s] [34mcolcon.colcon_core.package_identification[0m [1;30mLevel 1[0m _identify(data/plant_views/plant_009) by extensions ['colcon_pkg']
[0.394s] [34mcolcon.colcon_core.package_identification[0m [1;30mLevel 1[0m _identify(data/plant_views/plant_009) by extension 'colcon_pkg'
[0.394s] [34mcolcon.colcon_core.package_identification[0m [1;30mLevel 1[0m _identify(data/plant_views/plant_009) by extensions ['colcon_meta']
[0.394s] [34mcolcon.colcon_core.package_identification[0m [1;30mLevel 1[0m _identify(data/plant_views/plant_009) by extension 'colcon_meta'
[0.394s] [34mcolcon.colcon_core.package_identification[0m [1;30mLevel 1[0m _identify(data/plant_views/plant_009) by extensions ['ros']
[0.394s] [34mcolcon.colcon_core.package_identification[0m [1;30mLevel 1[0m _identify(data/plant_views/plant_009) by extension 'ros'
[0.394s] [34mcolcon.colcon_core.package_identification[0m [1;30mLevel 1[0m _identify(data/plant_views/plant_009) by extensions ['cmake', 'python']
[0.394s] [34mcolcon.colcon_core.package_identification[0m [1;30mLevel 1[0m _identify(data/plant_views/plant_009) by extension 'cmake'
[0.394s] [34mcolcon.colcon_core.package_identification[0m [1;30mLevel 1[0m _identify(data/plant_views/plant_009) by extension 'python'
[0.394s] [34mcolcon.colcon_core.package_identification[0m [1;30mLevel 1[0m _identify(data/plant_views/plant_009) by extensions ['python_setup_py']
[0.394s] [34mcolcon.colcon_core.package_identification[0m [1;30mLevel 1[0m _identify(data/plant_views/plant_009) by extension 'python_setup_py'
[0.395s] [34mcolcon.colcon_core.package_identification[0m [1;30mLevel 1[0m _identify(data/plant_views/plant_010) by extensions ['ignore', 'ignore_ament_install']
[0.395s] [34mcolcon.colcon_core.package_identification[0m [1;30mLevel 1[0m _identify(data/plant_views/plant_010) by extension 'ignore'
[0.395s] [34mcolcon.colcon_core.package_identification[0m [1;30mLevel 1[0m _identify(data/plant_views/plant_010) by extension 'ignore_ament_install'
[0.395s] [34mcolcon.colcon_core.package_identification[0m [1;30mLevel 1[0m _identify(data/plant_views/plant_010) by extensions ['colcon_pkg']
[0.395s] [34mcolcon.colcon_core.package_identification[0m [1;30mLevel 1[0m _identify(data/plant_views/plant_010) by extension 'colcon_pkg'
[0.395s] [34mcolcon.colcon_core.package_identification[0m [1;30mLevel 1[0m _identify(data/plant_views/plant_010) by extensions ['colcon_meta']
[0.395s] [34mcolcon.colcon_core.package_identification[0m [1;30mLevel 1[0m _identify(data/plant_views/plant_010) by extension 'colcon_meta'
[0.395s] [34mcolcon.colcon_core.package_identification[0m [1;30mLevel 1[0m _identify(data/plant_views/plant_010) by extensions ['ros']
[0.395s] [34mcolcon.colcon_core.package_identification[0m [1;30mLevel 1[0m _identify(data/plant_views/plant_010) by extension 'ros'
[0.395s] [34mcolcon.colcon_core.package_identification[0m [1;30mLevel 1[0m _identify(data/plant_views/plant_010) by extensions ['cmake', 'python']
[0.395s] [34mcolcon.colcon_core.package_identification[0m [1;30mLevel 1[0m _identify(data/plant_views/plant_010) by extension 'cmake'
[0.395s] [34mcolcon.colcon_core.package_identification[0m [1;30mLevel 1[0m _identify(data/plant_views/plant_010) by extension 'python'
[0.395s] [34mcolcon.colcon_core.package_identification[0m [1;30mLevel 1[0m _identify(data/plant_views/plant_010) by extensions ['python_setup_py']
[0.395s] [34mcolcon.colcon_core.package_identification[0m [1;30mLevel 1[0m _identify(data/plant_views/plant_010) by extension 'python_setup_py'
[0.395s] [34mcolcon.colcon_core.package_identification[0m [1;30mLevel 1[0m _identify(data/plant_views/plant_011) by extensions ['ignore', 'ignore_ament_install']
[0.395s] [34mcolcon.colcon_core.package_identification[0m [1;30mLevel 1[0m _identify(data/plant_views/plant_011) by extension 'ignore'
[0.395s] [34mcolcon.colcon_core.package_identification[0m [1;30mLevel 1[0m _identify(data/plant_views/plant_011) by extension 'ignore_ament_install'
[0.395s] [34mcolcon.colcon_core.package_identification[0m [1;30mLevel 1[0m _identify(data/plant_views/plant_011) by extensions ['colcon_pkg']
[0.395s] [34mcolcon.colcon_core.package_identification[0m [1;30mLevel 1[0m _identify(data/plant_views/plant_011) by extension 'colcon_pkg'
[0.395s] [34mcolcon.colcon_core.package_identification[0m [1;30mLevel 1[0m _identify(data/plant_views/plant_011) by extensions ['colcon_meta']
[0.395s] [34mcolcon.colcon_core.package_identification[0m [1;30mLevel 1[0m _identify(data/plant_views/plant_011) by extension 'colcon_meta'
[0.395s] [34mcolcon.colcon_core.package_identification[0m [1;30mLevel 1[0m _identify(data/plant_views/plant_011) by extensions ['ros']
[0.396s] [34mcolcon.colcon_core.package_identification[0m [1;30mLevel 1[0m _identify(data/plant_views/plant_011) by extension 'ros'
[0.396s] [34mcolcon.colcon_core.package_identification[0m [1;30mLevel 1[0m _identify(data/plant_views/plant_011) by extensions ['cmake', 'python']
[0.396s] [34mcolcon.colcon_core.package_identification[0m [1;30mLevel 1[0m _identify(data/plant_views/plant_011) by extension 'cmake'
[0.396s] [34mcolcon.colcon_core.package_identification[0m [1;30mLevel 1[0m _identify(data/plant_views/plant_011) by extension 'python'
[0.396s] [34mcolcon.colcon_core.package_identification[0m [1;30mLevel 1[0m _identify(data/plant_views/plant_011) by extensions ['python_setup_py']
[0.396s] [34mcolcon.colcon_core.package_identification[0m [1;30mLevel 1[0m _identify(data/plant_views/plant_011) by extension 'python_setup_py'
[0.396s] [34mcolcon.colcon_core.package_identification[0m [1;30mLevel 1[0m _identify(data/plant_views/plant_012) by extensions ['ignore', 'ignore_ament_install']
[0.396s] [34mcolcon.colcon_core.package_identification[0m [1;30mLevel 1[0m _identify(data/plant_views/plant_012) by extension 'ignore'
[0.396s] [34mcolcon.colcon_core.package_identification[0m [1;30mLevel 1[0m _identify(data/plant_views/plant_012) by extension 'ignore_ament_install'
[0.396s] [34mcolcon.colcon_core.package_identification[0m [1;30mLevel 1[0m _identify(data/plant_views/plant_012) by extensions ['colcon_pkg']
[0.396s] [34mcolcon.colcon_core.package_identification[0m [1;30mLevel 1[0m _identify(data/plant_views/plant_012) by extension 'colcon_pkg'
[0.396s] [34mcolcon.colcon_core.package_identification[0m [1;30mLevel 1[0m _identify(data/plant_views/plant_012) by extensions ['colcon_meta']
[0.396s] [34mcolcon.colcon_core.package_identification[0m [1;30mLevel 1[0m _identify(data/plant_views/plant_012) by extension 'colcon_meta'
[0.396s] [34mcolcon.colcon_core.package_identification[0m [1;30mLevel 1[0m _identify(data/plant_views/plant_012) by extensions ['ros']
[0.396s] [34mcolcon.colcon_core.package_identification[0m [1;30mLevel 1[0m _identify(data/plant_views/plant_012) by extension 'ros'
[0.396s] [34mcolcon.colcon_core.package_identification[0m [1;30mLevel 1[0m _identify(data/plant_views/plant_012) by extensions ['cmake', 'python']
[0.396s] [34mcolcon.colcon_core.package_identification[0m [1;30mLevel 1[0m _identify(data/plant_views/plant_012) by extension 'cmake'
[0.396s] [34mcolcon.colcon_core.package_identification[0m [1;30mLevel 1[0m _identify(data/plant_views/plant_012) by extension 'python'
[0.396s] [34mcolcon.colcon_core.package_identification[0m [1;30mLevel 1[0m _identify(data/plant_views/plant_012) by extensions ['python_setup_py']
[0.396s] [34mcolcon.colcon_core.package_identification[0m [1;30mLevel 1[0m _identify(data/plant_views/plant_012) by extension 'python_setup_py'
[0.396s] [34mcolcon.colcon_core.package_identification[0m [1;30mLevel 1[0m _identify(data/plant_views/plant_013) by extensions ['ignore', 'ignore_ament_install']
[0.396s] [34mcolcon.colcon_core.package_identification[0m [1;30mLevel 1[0m _identify(data/plant_views/plant_013) by extension 'ignore'
[0.397s] [34mcolcon.colcon_core.package_identification[0m [1;30mLevel 1[0m _identify(data/plant_views/plant_013) by extension 'ignore_ament_install'
[0.397s] [34mcolcon.colcon_core.package_identification[0m [1;30mLevel 1[0m _identify(data/plant_views/plant_013) by extensions ['colcon_pkg']
[0.397s] [34mcolcon.colcon_core.package_identification[0m [1;30mLevel 1[0m _identify(data/plant_views/plant_013) by extension 'colcon_pkg'
[0.397s] [34mcolcon.colcon_core.package_identification[0m [1;30mLevel 1[0m _identify(data/plant_views/plant_013) by extensions ['colcon_meta']
[0.397s] [34mcolcon.colcon_core.package_identification[0m [1;30mLevel 1[0m _identify(data/plant_views/plant_013) by extension 'colcon_meta'
[0.397s] [34mcolcon.colcon_core.package_identification[0m [1;30mLevel 1[0m _identify(data/plant_views/plant_013) by extensions ['ros']
[0.397s] [34mcolcon.colcon_core.package_identification[0m [1;30mLevel 1[0m _identify(data/plant_views/plant_013) by extension 'ros'
[0.397s] [34mcolcon.colcon_core.package_identification[0m [1;30mLevel 1[0m _identify(data/plant_views/plant_013) by extensions ['cmake', 'python']
[0.397s] [34mcolcon.colcon_core.package_identification[0m [1;30mLevel 1[0m _identify(data/plant_views/plant_013) by extension 'cmake'
[0.397s] [34mcolcon.colcon_core.package_identification[0m [1;30mLevel 1[0m _identify(data/plant_views/plant_013) by extension 'python'
[0.397s] [34mcolcon.colcon_core.package_identification[0m [1;30mLevel 1[0m _identify(data/plant_views/plant_013) by extensions ['python_setup_py']
[0.397s] [34mcolcon.colcon_core.package_identification[0m [1;30mLevel 1[0m _identify(data/plant_views/plant_013) by extension 'python_setup_py'
[0.397s] [34mcolcon.colcon_core.package_identification[0m [1;30mLevel 1[0m _identify(data/plant_views/plant_014) by extensions ['ignore', 'ignore_ament_install']
[0.397s] [34mcolcon.colcon_core.package_identification[0m [1;30mLevel 1[0m _identify(data/plant_views/plant_014) by extension 'ignore'
[0.397s] [34mcolcon.colcon_core.package_identification[0m [1;30mLevel 1[0m _identify(data/plant_views/plant_014) by extension 'ignore_ament_install'
[0.397s] [34mcolcon.colcon_core.package_identification[0m [1;30mLevel 1[0m _identify(data/plant_views/plant_014) by extensions ['colcon_pkg']
[0.397s] [34mcolcon.colcon_core.package_identification[0m [1;30mLevel 1[0m _identify(data/plant_views/plant_014) by extension 'colcon_pkg'
[0.397s] [34mcolcon.colcon_core.package_identification[0m [1;30mLevel 1[0m _identify(data/plant_views/plant_014) by extensions ['colcon_meta']
[0.397s] [34mcolcon.colcon_core.package_identification[0m [1;30mLevel 1[0m _identify(data/plant_views/plant_014) by extension 'colcon_meta'
[0.397s] [34mcolcon.colcon_core.package_identification[0m [1;30mLevel 1[0m _identify(data/plant_views/plant_014) by extensions ['ros']
[0.397s] [34mcolcon.colcon_core.package_identification[0m [1;30mLevel 1[0m _identify(data/plant_views/plant_014) by extension 'ros'
[0.397s] [34mcolcon.colcon_core.package_identification[0m [1;30mLevel 1[0m _identify(data/plant_views/plant_014) by extensions ['cmake', 'python']
[0.397s] [34mcolcon.colcon_core.package_identification[0m [1;30mLevel 1[0m _identify(data/plant_views/plant_014) by extension 'cmake'
[0.398s] [34mcolcon.colcon_core.package_identification[0m [1;30mLevel 1[0m _identify(data/plant_views/plant_014) by extension 'python'
[0.398s] [34mcolcon.colcon_core.package_identification[0m [1;30mLevel 1[0m _identify(data/plant_views/plant_014) by extensions ['python_setup_py']
[0.398s] [34mcolcon.colcon_core.package_identification[0m [1;30mLevel 1[0m _identify(data/plant_views/plant_014) by extension 'python_setup_py'
[0.398s] [34mcolcon.colcon_core.package_identification[0m [1;30mLevel 1[0m _identify(data/plant_views/plant_015) by extensions ['ignore', 'ignore_ament_install']
[0.398s] [34mcolcon.colcon_core.package_identification[0m [1;30mLevel 1[0m _identify(data/plant_views/plant_015) by extension 'ignore'
[0.398s] [34mcolcon.colcon_core.package_identification[0m [1;30mLevel 1[0m _identify(data/plant_views/plant_015) by extension 'ignore_ament_install'
[0.398s] [34mcolcon.colcon_core.package_identification[0m [1;30mLevel 1[0m _identify(data/plant_views/plant_015) by extensions ['colcon_pkg']
[0.398s] [34mcolcon.colcon_core.package_identification[0m [1;30mLevel 1[0m _identify(data/plant_views/plant_015) by extension 'colcon_pkg'
[0.398s] [34mcolcon.colcon_core.package_identification[0m [1;30mLevel 1[0m _identify(data/plant_views/plant_015) by extensions ['colcon_meta']
[0.398s] [34mcolcon.colcon_core.package_identification[0m [1;30mLevel 1[0m _identify(data/plant_views/plant_015) by extension 'colcon_meta'
[0.398s] [34mcolcon.colcon_core.package_identification[0m [1;30mLevel 1[0m _identify(data/plant_views/plant_015) by extensions ['ros']
[0.398s] [34mcolcon.colcon_core.package_identification[0m [1;30mLevel 1[0m _identify(data/plant_views/plant_015) by extension 'ros'
[0.398s] [34mcolcon.colcon_core.package_identification[0m [1;30mLevel 1[0m _identify(data/plant_views/plant_015) by extensions ['cmake', 'python']
[0.398s] [34mcolcon.colcon_core.package_identification[0m [1;30mLevel 1[0m _identify(data/plant_views/plant_015) by extension 'cmake'
[0.398s] [34mcolcon.colcon_core.package_identification[0m [1;30mLevel 1[0m _identify(data/plant_views/plant_015) by extension 'python'
[0.398s] [34mcolcon.colcon_core.package_identification[0m [1;30mLevel 1[0m _identify(data/plant_views/plant_015) by extensions ['python_setup_py']
[0.398s] [34mcolcon.colcon_core.package_identification[0m [1;30mLevel 1[0m _identify(data/plant_views/plant_015) by extension 'python_setup_py'
[0.398s] [34mcolcon.colcon_core.package_identification[0m [1;30mLevel 1[0m _identify(data/plant_views/plant_016) by extensions ['ignore', 'ignore_ament_install']
[0.398s] [34mcolcon.colcon_core.package_identification[0m [1;30mLevel 1[0m _identify(data/plant_views/plant_016) by extension 'ignore'
[0.398s] [34mcolcon.colcon_core.package_identification[0m [1;30mLevel 1[0m _identify(data/plant_views/plant_016) by extension 'ignore_ament_install'
[0.398s] [34mcolcon.colcon_core.package_identification[0m [1;30mLevel 1[0m _identify(data/plant_views/plant_016) by extensions ['colcon_pkg']
[0.398s] [34mcolcon.colcon_core.package_identification[0m [1;30mLevel 1[0m _identify(data/plant_views/plant_016) by extension 'colcon_pkg'
[0.399s] [34mcolcon.colcon_core.package_identification[0m [1;30mLevel 1[0m _identify(data/plant_views/plant_016) by extensions ['colcon_meta']
[0.399s] [34mcolcon.colcon_core.package_identification[0m [1;30mLevel 1[0m _identify(data/plant_views/plant_016) by extension 'colcon_meta'
[0.399s] [34mcolcon.colcon_core.package_identification[0m [1;30mLevel 1[0m _identify(data/plant_views/plant_016) by extensions ['ros']
[0.399s] [34mcolcon.colcon_core.package_identification[0m [1;30mLevel 1[0m _identify(data/plant_views/plant_016) by extension 'ros'
[0.399s] [34mcolcon.colcon_core.package_identification[0m [1;30mLevel 1[0m _identify(data/plant_views/plant_016) by extensions ['cmake', 'python']
[0.399s] [34mcolcon.colcon_core.package_identification[0m [1;30mLevel 1[0m _identify(data/plant_views/plant_016) by extension 'cmake'
[0.399s] [34mcolcon.colcon_core.package_identification[0m [1;30mLevel 1[0m _identify(data/plant_views/plant_016) by extension 'python'
[0.399s] [34mcolcon.colcon_core.package_identification[0m [1;30mLevel 1[0m _identify(data/plant_views/plant_016) by extensions ['python_setup_py']
[0.399s] [34mcolcon.colcon_core.package_identification[0m [1;30mLevel 1[0m _identify(data/plant_views/plant_016) by extension 'python_setup_py'
[0.399s] [34mcolcon.colcon_core.package_identification[0m [1;30mLevel 1[0m _identify(data/plant_views/plant_017) by extensions ['ignore', 'ignore_ament_install']
[0.399s] [34mcolcon.colcon_core.package_identification[0m [1;30mLevel 1[0m _identify(data/plant_views/plant_017) by extension 'ignore'
[0.399s] [34mcolcon.colcon_core.package_identification[0m [1;30mLevel 1[0m _identify(data/plant_views/plant_017) by extension 'ignore_ament_install'
[0.399s] [34mcolcon.colcon_core.package_identification[0m [1;30mLevel 1[0m _identify(data/plant_views/plant_017) by extensions ['colcon_pkg']
[0.399s] [34mcolcon.colcon_core.package_identification[0m [1;30mLevel 1[0m _identify(data/plant_views/plant_017) by extension 'colcon_pkg'
[0.399s] [34mcolcon.colcon_core.package_identification[0m [1;30mLevel 1[0m _identify(data/plant_views/plant_017) by extensions ['colcon_meta']
[0.399s] [34mcolcon.colcon_core.package_identification[0m [1;30mLevel 1[0m _identify(data/plant_views/plant_017) by extension 'colcon_meta'
[0.399s] [34mcolcon.colcon_core.package_identification[0m [1;30mLevel 1[0m _identify(data/plant_views/plant_017) by extensions ['ros']
[0.399s] [34mcolcon.colcon_core.package_identification[0m [1;30mLevel 1[0m _identify(data/plant_views/plant_017) by extension 'ros'
[0.399s] [34mcolcon.colcon_core.package_identification[0m [1;30mLevel 1[0m _identify(data/plant_views/plant_017) by extensions ['cmake', 'python']
[0.399s] [34mcolcon.colcon_core.package_identification[0m [1;30mLevel 1[0m _identify(data/plant_views/plant_017) by extension 'cmake'
[0.399s] [34mcolcon.colcon_core.package_identification[0m [1;30mLevel 1[0m _identify(data/plant_views/plant_017) by extension 'python'
[0.399s] [34mcolcon.colcon_core.package_identification[0m [1;30mLevel 1[0m _identify(data/plant_views/plant_017) by extensions ['python_setup_py']
[0.399s] [34mcolcon.colcon_core.package_identification[0m [1;30mLevel 1[0m _identify(data/plant_views/plant_017) by extension 'python_setup_py'
[0.400s] [34mcolcon.colcon_core.package_identification[0m [1;30mLevel 1[0m _identify(data/plant_views/plant_018) by extensions ['ignore', 'ignore_ament_install']
[0.400s] [34mcolcon.colcon_core.package_identification[0m [1;30mLevel 1[0m _identify(data/plant_views/plant_018) by extension 'ignore'
[0.400s] [34mcolcon.colcon_core.package_identification[0m [1;30mLevel 1[0m _identify(data/plant_views/plant_018) by extension 'ignore_ament_install'
[0.400s] [34mcolcon.colcon_core.package_identification[0m [1;30mLevel 1[0m _identify(data/plant_views/plant_018) by extensions ['colcon_pkg']
[0.400s] [34mcolcon.colcon_core.package_identification[0m [1;30mLevel 1[0m _identify(data/plant_views/plant_018) by extension 'colcon_pkg'
[0.400s] [34mcolcon.colcon_core.package_identification[0m [1;30mLevel 1[0m _identify(data/plant_views/plant_018) by extensions ['colcon_meta']
[0.400s] [34mcolcon.colcon_core.package_identification[0m [1;30mLevel 1[0m _identify(data/plant_views/plant_018) by extension 'colcon_meta'
[0.400s] [34mcolcon.colcon_core.package_identification[0m [1;30mLevel 1[0m _identify(data/plant_views/plant_018) by extensions ['ros']
[0.400s] [34mcolcon.colcon_core.package_identification[0m [1;30mLevel 1[0m _identify(data/plant_views/plant_018) by extension 'ros'
[0.400s] [34mcolcon.colcon_core.package_identification[0m [1;30mLevel 1[0m _identify(data/plant_views/plant_018) by extensions ['cmake', 'python']
[0.400s] [34mcolcon.colcon_core.package_identification[0m [1;30mLevel 1[0m _identify(data/plant_views/plant_018) by extension 'cmake'
[0.400s] [34mcolcon.colcon_core.package_identification[0m [1;30mLevel 1[0m _identify(data/plant_views/plant_018) by extension 'python'
[0.400s] [34mcolcon.colcon_core.package_identification[0m [1;30mLevel 1[0m _identify(data/plant_views/plant_018) by extensions ['python_setup_py']
[0.400s] [34mcolcon.colcon_core.package_identification[0m [1;30mLevel 1[0m _identify(data/plant_views/plant_018) by extension 'python_setup_py'
[0.400s] [34mcolcon.colcon_core.package_identification[0m [1;30mLevel 1[0m _identify(data/plant_views/plant_019) by extensions ['ignore', 'ignore_ament_install']
[0.400s] [34mcolcon.colcon_core.package_identification[0m [1;30mLevel 1[0m _identify(data/plant_views/plant_019) by extension 'ignore'
[0.400s] [34mcolcon.colcon_core.package_identification[0m [1;30mLevel 1[0m _identify(data/plant_views/plant_019) by extension 'ignore_ament_install'
[0.400s] [34mcolcon.colcon_core.package_identification[0m [1;30mLevel 1[0m _identify(data/plant_views/plant_019) by extensions ['colcon_pkg']
[0.400s] [34mcolcon.colcon_core.package_identification[0m [1;30mLevel 1[0m _identify(data/plant_views/plant_019) by extension 'colcon_pkg'
[0.400s] [34mcolcon.colcon_core.package_identification[0m [1;30mLevel 1[0m _identify(data/plant_views/plant_019) by extensions ['colcon_meta']
[0.400s] [34mcolcon.colcon_core.package_identification[0m [1;30mLevel 1[0m _identify(data/plant_views/plant_019) by extension 'colcon_meta'
[0.400s] [34mcolcon.colcon_core.package_identification[0m [1;30mLevel 1[0m _identify(data/plant_views/plant_019) by extensions ['ros']
[0.400s] [34mcolcon.colcon_core.package_identification[0m [1;30mLevel 1[0m _identify(data/plant_views/plant_019) by extension 'ros'
[0.401s] [34mcolcon.colcon_core.package_identification[0m [1;30mLevel 1[0m _identify(data/plant_views/plant_019) by extensions ['cmake', 'python']
[0.401s] [34mcolcon.colcon_core.package_identification[0m [1;30mLevel 1[0m _identify(data/plant_views/plant_019) by extension 'cmake'
[0.401s] [34mcolcon.colcon_core.package_identification[0m [1;30mLevel 1[0m _identify(data/plant_views/plant_019) by extension 'python'
[0.401s] [34mcolcon.colcon_core.package_identification[0m [1;30mLevel 1[0m _identify(data/plant_views/plant_019) by extensions ['python_setup_py']
[0.401s] [34mcolcon.colcon_core.package_identification[0m [1;30mLevel 1[0m _identify(data/plant_views/plant_019) by extension 'python_setup_py'
[0.401s] [34mcolcon.colcon_core.package_identification[0m [1;30mLevel 1[0m _identify(data/plant_views/plant_020) by extensions ['ignore', 'ignore_ament_install']
[0.401s] [34mcolcon.colcon_core.package_identification[0m [1;30mLevel 1[0m _identify(data/plant_views/plant_020) by extension 'ignore'
[0.401s] [34mcolcon.colcon_core.package_identification[0m [1;30mLevel 1[0m _identify(data/plant_views/plant_020) by extension 'ignore_ament_install'
[0.401s] [34mcolcon.colcon_core.package_identification[0m [1;30mLevel 1[0m _identify(data/plant_views/plant_020) by extensions ['colcon_pkg']
[0.401s] [34mcolcon.colcon_core.package_identification[0m [1;30mLevel 1[0m _identify(data/plant_views/plant_020) by extension 'colcon_pkg'
[0.401s] [34mcolcon.colcon_core.package_identification[0m [1;30mLevel 1[0m _identify(data/plant_views/plant_020) by extensions ['colcon_meta']
[0.401s] [34mcolcon.colcon_core.package_identification[0m [1;30mLevel 1[0m _identify(data/plant_views/plant_020) by extension 'colcon_meta'
[0.401s] [34mcolcon.colcon_core.package_identification[0m [1;30mLevel 1[0m _identify(data/plant_views/plant_020) by extensions ['ros']
[0.401s] [34mcolcon.colcon_core.package_identification[0m [1;30mLevel 1[0m _identify(data/plant_views/plant_020) by extension 'ros'
[0.401s] [34mcolcon.colcon_core.package_identification[0m [1;30mLevel 1[0m _identify(data/plant_views/plant_020) by extensions ['cmake', 'python']
[0.401s] [34mcolcon.colcon_core.package_identification[0m [1;30mLevel 1[0m _identify(data/plant_views/plant_020) by extension 'cmake'
[0.401s] [34mcolcon.colcon_core.package_identification[0m [1;30mLevel 1[0m _identify(data/plant_views/plant_020) by extension 'python'
[0.401s] [34mcolcon.colcon_core.package_identification[0m [1;30mLevel 1[0m _identify(data/plant_views/plant_020) by extensions ['python_setup_py']
[0.401s] [34mcolcon.colcon_core.package_identification[0m [1;30mLevel 1[0m _identify(data/plant_views/plant_020) by extension 'python_setup_py'
[0.401s] [34mcolcon.colcon_core.package_identification[0m [1;30mLevel 1[0m _identify(data/test_depth) by extensions ['ignore', 'ignore_ament_install']
[0.401s] [34mcolcon.colcon_core.package_identification[0m [1;30mLevel 1[0m _identify(data/test_depth) by extension 'ignore'
[0.402s] [34mcolcon.colcon_core.package_identification[0m [1;30mLevel 1[0m _identify(data/test_depth) by extension 'ignore_ament_install'
[0.402s] [34mcolcon.colcon_core.package_identification[0m [1;30mLevel 1[0m _identify(data/test_depth) by extensions ['colcon_pkg']
[0.402s] [34mcolcon.colcon_core.package_identification[0m [1;30mLevel 1[0m _identify(data/test_depth) by extension 'colcon_pkg'
[0.402s] [34mcolcon.colcon_core.package_identification[0m [1;30mLevel 1[0m _identify(data/test_depth) by extensions ['colcon_meta']
[0.402s] [34mcolcon.colcon_core.package_identification[0m [1;30mLevel 1[0m _identify(data/test_depth) by extension 'colcon_meta'
[0.402s] [34mcolcon.colcon_core.package_identification[0m [1;30mLevel 1[0m _identify(data/test_depth) by extensions ['ros']
[0.402s] [34mcolcon.colcon_core.package_identification[0m [1;30mLevel 1[0m _identify(data/test_depth) by extension 'ros'
[0.402s] [34mcolcon.colcon_core.package_identification[0m [1;30mLevel 1[0m _identify(data/test_depth) by extensions ['cmake', 'python']
[0.402s] [34mcolcon.colcon_core.package_identification[0m [1;30mLevel 1[0m _identify(data/test_depth) by extension 'cmake'
[0.402s] [34mcolcon.colcon_core.package_identification[0m [1;30mLevel 1[0m _identify(data/test_depth) by extension 'python'
[0.402s] [34mcolcon.colcon_core.package_identification[0m [1;30mLevel 1[0m _identify(data/test_depth) by extensions ['python_setup_py']
[0.402s] [34mcolcon.colcon_core.package_identification[0m [1;30mLevel 1[0m _identify(data/test_depth) by extension 'python_setup_py'
[0.402s] [34mcolcon.colcon_core.package_identification[0m [1;30mLevel 1[0m _identify(data/test_rgb) by extensions ['ignore', 'ignore_ament_install']
[0.402s] [34mcolcon.colcon_core.package_identification[0m [1;30mLevel 1[0m _identify(data/test_rgb) by extension 'ignore'
[0.402s] [34mcolcon.colcon_core.package_identification[0m [1;30mLevel 1[0m _identify(data/test_rgb) by extension 'ignore_ament_install'
[0.402s] [34mcolcon.colcon_core.package_identification[0m [1;30mLevel 1[0m _identify(data/test_rgb) by extensions ['colcon_pkg']
[0.402s] [34mcolcon.colcon_core.package_identification[0m [1;30mLevel 1[0m _identify(data/test_rgb) by extension 'colcon_pkg'
[0.402s] [34mcolcon.colcon_core.package_identification[0m [1;30mLevel 1[0m _identify(data/test_rgb) by extensions ['colcon_meta']
[0.402s] [34mcolcon.colcon_core.package_identification[0m [1;30mLevel 1[0m _identify(data/test_rgb) by extension 'colcon_meta'
[0.402s] [34mcolcon.colcon_core.package_identification[0m [1;30mLevel 1[0m _identify(data/test_rgb) by extensions ['ros']
[0.402s] [34mcolcon.colcon_core.package_identification[0m [1;30mLevel 1[0m _identify(data/test_rgb) by extension 'ros'
[0.402s] [34mcolcon.colcon_core.package_identification[0m [1;30mLevel 1[0m _identify(data/test_rgb) by extensions ['cmake', 'python']
[0.402s] [34mcolcon.colcon_core.package_identification[0m [1;30mLevel 1[0m _identify(data/test_rgb) by extension 'cmake'
[0.402s] [34mcolcon.colcon_core.package_identification[0m [1;30mLevel 1[0m _identify(data/test_rgb) by extension 'python'
[0.403s] [34mcolcon.colcon_core.package_identification[0m [1;30mLevel 1[0m _identify(data/test_rgb) by extensions ['python_setup_py']
[0.403s] [34mcolcon.colcon_core.package_identification[0m [1;30mLevel 1[0m _identify(data/test_rgb) by extension 'python_setup_py'
[0.403s] [34mcolcon.colcon_core.package_identification[0m [1;30mLevel 1[0m _identify(data/tools) by extensions ['ignore', 'ignore_ament_install']
[0.403s] [34mcolcon.colcon_core.package_identification[0m [1;30mLevel 1[0m _identify(data/tools) by extension 'ignore'
[0.403s] [34mcolcon.colcon_core.package_identification[0m [1;30mLevel 1[0m _identify(data/tools) by extension 'ignore_ament_install'
[0.403s] [34mcolcon.colcon_core.package_identification[0m [1;30mLevel 1[0m _identify(data/tools) by extensions ['colcon_pkg']
[0.403s] [34mcolcon.colcon_core.package_identification[0m [1;30mLevel 1[0m _identify(data/tools) by extension 'colcon_pkg'
[0.403s] [34mcolcon.colcon_core.package_identification[0m [1;30mLevel 1[0m _identify(data/tools) by extensions ['colcon_meta']
[0.403s] [34mcolcon.colcon_core.package_identification[0m [1;30mLevel 1[0m _identify(data/tools) by extension 'colcon_meta'
[0.403s] [34mcolcon.colcon_core.package_identification[0m [1;30mLevel 1[0m _identify(data/tools) by extensions ['ros']
[0.403s] [34mcolcon.colcon_core.package_identification[0m [1;30mLevel 1[0m _identify(data/tools) by extension 'ros'
[0.403s] [34mcolcon.colcon_core.package_identification[0m [1;30mLevel 1[0m _identify(data/tools) by extensions ['cmake', 'python']
[0.403s] [34mcolcon.colcon_core.package_identification[0m [1;30mLevel 1[0m _identify(data/tools) by extension 'cmake'
[0.403s] [34mcolcon.colcon_core.package_identification[0m [1;30mLevel 1[0m _identify(data/tools) by extension 'python'
[0.403s] [34mcolcon.colcon_core.package_identification[0m [1;30mLevel 1[0m _identify(data/tools) by extensions ['python_setup_py']
[0.403s] [34mcolcon.colcon_core.package_identification[0m [1;30mLevel 1[0m _identify(data/tools) by extension 'python_setup_py'
[0.403s] [34mcolcon.colcon_core.package_identification[0m [1;30mLevel 1[0m _identify(env) by extensions ['ignore', 'ignore_ament_install']
[0.403s] [34mcolcon.colcon_core.package_identification[0m [1;30mLevel 1[0m _identify(env) by extension 'ignore'
[0.403s] [34mcolcon.colcon_core.package_identification[0m [1;30mLevel 1[0m _identify(env) by extension 'ignore_ament_install'
[0.403s] [34mcolcon.colcon_core.package_identification[0m [1;30mLevel 1[0m _identify(env) by extensions ['colcon_pkg']
[0.403s] [34mcolcon.colcon_core.package_identification[0m [1;30mLevel 1[0m _identify(env) by extension 'colcon_pkg'
[0.404s] [34mcolcon.colcon_core.package_identification[0m [1;30mLevel 1[0m _identify(env) by extensions ['colcon_meta']
[0.404s] [34mcolcon.colcon_core.package_identification[0m [1;30mLevel 1[0m _identify(env) by extension 'colcon_meta'
[0.404s] [34mcolcon.colcon_core.package_identification[0m [1;30mLevel 1[0m _identify(env) by extensions ['ros']
[0.404s] [34mcolcon.colcon_core.package_identification[0m [1;30mLevel 1[0m _identify(env) by extension 'ros'
[0.404s] [34mcolcon.colcon_core.package_identification[0m [1;30mLevel 1[0m _identify(env) by extensions ['cmake', 'python']
[0.404s] [34mcolcon.colcon_core.package_identification[0m [1;30mLevel 1[0m _identify(env) by extension 'cmake'
[0.404s] [34mcolcon.colcon_core.package_identification[0m [1;30mLevel 1[0m _identify(env) by extension 'python'
[0.404s] [34mcolcon.colcon_core.package_identification[0m [1;30mLevel 1[0m _identify(env) by extensions ['python_setup_py']
[0.404s] [34mcolcon.colcon_core.package_identification[0m [1;30mLevel 1[0m _identify(env) by extension 'python_setup_py'
[0.404s] [34mcolcon.colcon_core.package_identification[0m [1;30mLevel 1[0m _identify(install) by extensions ['ignore', 'ignore_ament_install']
[0.404s] [34mcolcon.colcon_core.package_identification[0m [1;30mLevel 1[0m _identify(install) by extension 'ignore'
[0.404s] [34mcolcon.colcon_core.package_identification[0m [1;30mLevel 1[0m _identify(install) ignored
[0.404s] [34mcolcon.colcon_core.package_identification[0m [1;30mLevel 1[0m _identify(log) by extensions ['ignore', 'ignore_ament_install']
[0.404s] [34mcolcon.colcon_core.package_identification[0m [1;30mLevel 1[0m _identify(log) by extension 'ignore'
[0.404s] [34mcolcon.colcon_core.package_identification[0m [1;30mLevel 1[0m _identify(log) ignored
[0.404s] [34mcolcon.colcon_core.package_identification[0m [1;30mLevel 1[0m _identify(src) by extensions ['ignore', 'ignore_ament_install']
[0.404s] [34mcolcon.colcon_core.package_identification[0m [1;30mLevel 1[0m _identify(src) by extension 'ignore'
[0.404s] [34mcolcon.colcon_core.package_identification[0m [1;30mLevel 1[0m _identify(src) by extension 'ignore_ament_install'
[0.404s] [34mcolcon.colcon_core.package_identification[0m [1;30mLevel 1[0m _identify(src) by extensions ['colcon_pkg']
[0.404s] [34mcolcon.colcon_core.package_identification[0m [1;30mLevel 1[0m _identify(src) by extension 'colcon_pkg'
[0.405s] [34mcolcon.colcon_core.package_identification[0m [1;30mLevel 1[0m _identify(src) by extensions ['colcon_meta']
[0.405s] [34mcolcon.colcon_core.package_identification[0m [1;30mLevel 1[0m _identify(src) by extension 'colcon_meta'
[0.405s] [34mcolcon.colcon_core.package_identification[0m [1;30mLevel 1[0m _identify(src) by extensions ['ros']
[0.405s] [34mcolcon.colcon_core.package_identification[0m [1;30mLevel 1[0m _identify(src) by extension 'ros'
[0.405s] [34mcolcon.colcon_core.package_identification[0m [1;30mLevel 1[0m _identify(src) by extensions ['cmake', 'python']
[0.405s] [34mcolcon.colcon_core.package_identification[0m [1;30mLevel 1[0m _identify(src) by extension 'cmake'
[0.405s] [34mcolcon.colcon_core.package_identification[0m [1;30mLevel 1[0m _identify(src) by extension 'python'
[0.405s] [34mcolcon.colcon_core.package_identification[0m [1;30mLevel 1[0m _identify(src) by extensions ['python_setup_py']
[0.405s] [34mcolcon.colcon_core.package_identification[0m [1;30mLevel 1[0m _identify(src) by extension 'python_setup_py'
[0.405s] [34mcolcon.colcon_core.package_identification[0m [1;30mLevel 1[0m _identify(src/meca500_ros2) by extensions ['ignore', 'ignore_ament_install']
[0.405s] [34mcolcon.colcon_core.package_identification[0m [1;30mLevel 1[0m _identify(src/meca500_ros2) by extension 'ignore'
[0.405s] [34mcolcon.colcon_core.package_identification[0m [1;30mLevel 1[0m _identify(src/meca500_ros2) by extension 'ignore_ament_install'
[0.405s] [34mcolcon.colcon_core.package_identification[0m [1;30mLevel 1[0m _identify(src/meca500_ros2) by extensions ['colcon_pkg']
[0.405s] [34mcolcon.colcon_core.package_identification[0m [1;30mLevel 1[0m _identify(src/meca500_ros2) by extension 'colcon_pkg'
[0.405s] [34mcolcon.colcon_core.package_identification[0m [1;30mLevel 1[0m _identify(src/meca500_ros2) by extensions ['colcon_meta']
[0.405s] [34mcolcon.colcon_core.package_identification[0m [1;30mLevel 1[0m _identify(src/meca500_ros2) by extension 'colcon_meta'
[0.405s] [34mcolcon.colcon_core.package_identification[0m [1;30mLevel 1[0m _identify(src/meca500_ros2) by extensions ['ros']
[0.405s] [34mcolcon.colcon_core.package_identification[0m [1;30mLevel 1[0m _identify(src/meca500_ros2) by extension 'ros'
[0.408s] [34mcolcon.colcon_core.package_identification[0m [1;30mDEBUG[0m [32mPackage 'src/meca500_ros2' with type 'ros.ament_python' and name 'meca500_ros2'[0m
[0.408s] [34mcolcon.colcon_core.package_identification[0m [1;30mLevel 1[0m _identify(src/strawberry_bringup) by extensions ['ignore', 'ignore_ament_install']
[0.408s] [34mcolcon.colcon_core.package_identification[0m [1;30mLevel 1[0m _identify(src/strawberry_bringup) by extension 'ignore'
[0.408s] [34mcolcon.colcon_core.package_identification[0m [1;30mLevel 1[0m _identify(src/strawberry_bringup) by extension 'ignore_ament_install'
[0.408s] [34mcolcon.colcon_core.package_identification[0m [1;30mLevel 1[0m _identify(src/strawberry_bringup) by extensions ['colcon_pkg']
[0.408s] [34mcolcon.colcon_core.package_identification[0m [1;30mLevel 1[0m _identify(src/strawberry_bringup) by extension 'colcon_pkg'
[0.409s] [34mcolcon.colcon_core.package_identification[0m [1;30mLevel 1[0m _identify(src/strawberry_bringup) by extensions ['colcon_meta']
[0.409s] [34mcolcon.colcon_core.package_identification[0m [1;30mLevel 1[0m _identify(src/strawberry_bringup) by extension 'colcon_meta'
[0.409s] [34mcolcon.colcon_core.package_identification[0m [1;30mLevel 1[0m _identify(src/strawberry_bringup) by extensions ['ros']
[0.409s] [34mcolcon.colcon_core.package_identification[0m [1;30mLevel 1[0m _identify(src/strawberry_bringup) by extension 'ros'
[0.409s] [34mcolcon.colcon_core.package_identification[0m [1;30mDEBUG[0m [32mPackage 'src/strawberry_bringup' with type 'ros.ament_python' and name 'strawberry_bringup'[0m
[0.409s] [34mcolcon.colcon_core.package_identification[0m [1;30mLevel 1[0m _identify(src/strawberry_camera) by extensions ['ignore', 'ignore_ament_install']
[0.409s] [34mcolcon.colcon_core.package_identification[0m [1;30mLevel 1[0m _identify(src/strawberry_camera) by extension 'ignore'
[0.410s] [34mcolcon.colcon_core.package_identification[0m [1;30mLevel 1[0m _identify(src/strawberry_camera) by extension 'ignore_ament_install'
[0.410s] [34mcolcon.colcon_core.package_identification[0m [1;30mLevel 1[0m _identify(src/strawberry_camera) by extensions ['colcon_pkg']
[0.410s] [34mcolcon.colcon_core.package_identification[0m [1;30mLevel 1[0m _identify(src/strawberry_camera) by extension 'colcon_pkg'
[0.410s] [34mcolcon.colcon_core.package_identification[0m [1;30mLevel 1[0m _identify(src/strawberry_camera) by extensions ['colcon_meta']
[0.410s] [34mcolcon.colcon_core.package_identification[0m [1;30mLevel 1[0m _identify(src/strawberry_camera) by extension 'colcon_meta'
[0.410s] [34mcolcon.colcon_core.package_identification[0m [1;30mLevel 1[0m _identify(src/strawberry_camera) by extensions ['ros']
[0.410s] [34mcolcon.colcon_core.package_identification[0m [1;30mLevel 1[0m _identify(src/strawberry_camera) by extension 'ros'
[0.410s] [34mcolcon.colcon_core.package_identification[0m [1;30mDEBUG[0m [32mPackage 'src/strawberry_camera' with type 'ros.ament_python' and name 'strawberry_camera'[0m
[0.410s] [34mcolcon.colcon_core.package_identification[0m [1;30mLevel 1[0m _identify(src/strawberry_cluster) by extensions ['ignore', 'ignore_ament_install']
[0.410s] [34mcolcon.colcon_core.package_identification[0m [1;30mLevel 1[0m _identify(src/strawberry_cluster) by extension 'ignore'
[0.411s] [34mcolcon.colcon_core.package_identification[0m [1;30mLevel 1[0m _identify(src/strawberry_cluster) by extension 'ignore_ament_install'
[0.411s] [34mcolcon.colcon_core.package_identification[0m [1;30mLevel 1[0m _identify(src/strawberry_cluster) by extensions ['colcon_pkg']
[0.411s] [34mcolcon.colcon_core.package_identification[0m [1;30mLevel 1[0m _identify(src/strawberry_cluster) by extension 'colcon_pkg'
[0.411s] [34mcolcon.colcon_core.package_identification[0m [1;30mLevel 1[0m _identify(src/strawberry_cluster) by extensions ['colcon_meta']
[0.411s] [34mcolcon.colcon_core.package_identification[0m [1;30mLevel 1[0m _identify(src/strawberry_cluster) by extension 'colcon_meta'
[0.411s] [34mcolcon.colcon_core.package_identification[0m [1;30mLevel 1[0m _identify(src/strawberry_cluster) by extensions ['ros']
[0.411s] [34mcolcon.colcon_core.package_identification[0m [1;30mLevel 1[0m _identify(src/strawberry_cluster) by extension 'ros'
[0.411s] [34mcolcon.colcon_core.package_identification[0m [1;30mDEBUG[0m [32mPackage 'src/strawberry_cluster' with type 'ros.ament_python' and name 'strawberry_cluster'[0m
[0.411s] [34mcolcon.colcon_core.package_identification[0m [1;30mLevel 1[0m _identify(src/strawberry_msgs) by extensions ['ignore', 'ignore_ament_install']
[0.411s] [34mcolcon.colcon_core.package_identification[0m [1;30mLevel 1[0m _identify(src/strawberry_msgs) by extension 'ignore'
[0.411s] [34mcolcon.colcon_core.package_identification[0m [1;30mLevel 1[0m _identify(src/strawberry_msgs) by extension 'ignore_ament_install'
[0.411s] [34mcolcon.colcon_core.package_identification[0m [1;30mLevel 1[0m _identify(src/strawberry_msgs) by extensions ['colcon_pkg']
[0.411s] [34mcolcon.colcon_core.package_identification[0m [1;30mLevel 1[0m _identify(src/strawberry_msgs) by extension 'colcon_pkg'
[0.412s] [34mcolcon.colcon_core.package_identification[0m [1;30mLevel 1[0m _identify(src/strawberry_msgs) by extensions ['colcon_meta']
[0.412s] [34mcolcon.colcon_core.package_identification[0m [1;30mLevel 1[0m _identify(src/strawberry_msgs) by extension 'colcon_meta'
[0.412s] [34mcolcon.colcon_core.package_identification[0m [1;30mLevel 1[0m _identify(src/strawberry_msgs) by extensions ['ros']
[0.412s] [34mcolcon.colcon_core.package_identification[0m [1;30mLevel 1[0m _identify(src/strawberry_msgs) by extension 'ros'
[0.412s] [34mcolcon.colcon_core.package_identification[0m [1;30mDEBUG[0m [32mPackage 'src/strawberry_msgs' with type 'ros.ament_cmake' and name 'strawberry_msgs'[0m
[0.412s] [34mcolcon.colcon_core.package_identification[0m [1;30mLevel 1[0m _identify(src/strawberry_segmentation) by extensions ['ignore', 'ignore_ament_install']
[0.412s] [34mcolcon.colcon_core.package_identification[0m [1;30mLevel 1[0m _identify(src/strawberry_segmentation) by extension 'ignore'
[0.413s] [34mcolcon.colcon_core.package_identification[0m [1;30mLevel 1[0m _identify(src/strawberry_segmentation) by extension 'ignore_ament_install'
[0.413s] [34mcolcon.colcon_core.package_identification[0m [1;30mLevel 1[0m _identify(src/strawberry_segmentation) by extensions ['colcon_pkg']
[0.413s] [34mcolcon.colcon_core.package_identification[0m [1;30mLevel 1[0m _identify(src/strawberry_segmentation) by extension 'colcon_pkg'
[0.413s] [34mcolcon.colcon_core.package_identification[0m [1;30mLevel 1[0m _identify(src/strawberry_segmentation) by extensions ['colcon_meta']
[0.413s] [34mcolcon.colcon_core.package_identification[0m [1;30mLevel 1[0m _identify(src/strawberry_segmentation) by extension 'colcon_meta'
[0.413s] [34mcolcon.colcon_core.package_identification[0m [1;30mLevel 1[0m _identify(src/strawberry_segmentation) by extensions ['ros']
[0.413s] [34mcolcon.colcon_core.package_identification[0m [1;30mLevel 1[0m _identify(src/strawberry_segmentation) by extension 'ros'
[0.413s] [34mcolcon.colcon_core.package_identification[0m [1;30mDEBUG[0m [32mPackage 'src/strawberry_segmentation' with type 'ros.ament_python' and name 'strawberry_segmentation'[0m
[0.414s] [34mcolcon.colcon_core.package_identification[0m [1;30mLevel 1[0m _identify(src/strawberry_tools) by extensions ['ignore', 'ignore_ament_install']
[0.414s] [34mcolcon.colcon_core.package_identification[0m [1;30mLevel 1[0m _identify(src/strawberry_tools) by extension 'ignore'
[0.414s] [34mcolcon.colcon_core.package_identification[0m [1;30mLevel 1[0m _identify(src/strawberry_tools) by extension 'ignore_ament_install'
[0.414s] [34mcolcon.colcon_core.package_identification[0m [1;30mLevel 1[0m _identify(src/strawberry_tools) by extensions ['colcon_pkg']
[0.414s] [34mcolcon.colcon_core.package_identification[0m [1;30mLevel 1[0m _identify(src/strawberry_tools) by extension 'colcon_pkg'
[0.414s] [34mcolcon.colcon_core.package_identification[0m [1;30mLevel 1[0m _identify(src/strawberry_tools) by extensions ['colcon_meta']
[0.414s] [34mcolcon.colcon_core.package_identification[0m [1;30mLevel 1[0m _identify(src/strawberry_tools) by extension 'colcon_meta'
[0.414s] [34mcolcon.colcon_core.package_identification[0m [1;30mLevel 1[0m _identify(src/strawberry_tools) by extensions ['ros']
[0.414s] [34mcolcon.colcon_core.package_identification[0m [1;30mLevel 1[0m _identify(src/strawberry_tools) by extension 'ros'
[0.415s] [34mcolcon.colcon_core.package_identification[0m [1;30mDEBUG[0m [32mPackage 'src/strawberry_tools' with type 'ros.ament_python' and name 'strawberry_tools'[0m
[0.415s] [34mcolcon.colcon_core.package_discovery[0m [1;30mLevel 1[0m discover_packages(recursive) using defaults
[0.415s] [34mcolcon.colcon_core.package_discovery[0m [1;30mLevel 1[0m discover_packages(ignore) discover
[0.415s] [34mcolcon.colcon_core.package_discovery[0m [1;30mLevel 1[0m discover_packages(ignore) using defaults
[0.415s] [34mcolcon.colcon_core.package_discovery[0m [1;30mLevel 1[0m discover_packages(path) discover
[0.415s] [34mcolcon.colcon_core.package_discovery[0m [1;30mLevel 1[0m discover_packages(path) using defaults
[0.435s] [34mcolcon.colcon_core.package_discovery[0m [1;30mLevel 1[0m discover_packages(prefix_path) check parameters
[0.435s] [34mcolcon.colcon_core.package_discovery[0m [1;30mLevel 1[0m discover_packages(prefix_path) discover
[0.436s] [34mcolcon.colcon_ros.prefix_path.ament[0m [1;30mWARNING[0m [33mThe path '/home/parallels/Forschsemrep/strawberry_ws/install/strawberry_bringup' in the environment variable AMENT_PREFIX_PATH doesn't exist[0m
[0.437s] [34mcolcon.colcon_installed_package_information.package_discovery[0m [1;30mDEBUG[0m [32mFound 6 installed packages in /home/parallels/Forschsemrep/strawberry_ws/install[0m
[0.440s] [34mcolcon.colcon_installed_package_information.package_discovery[0m [1;30mDEBUG[0m [32mFound 400 installed packages in /opt/ros/humble[0m
[0.442s] [34mcolcon.colcon_core.package_discovery[0m [1;30mLevel 1[0m discover_packages(prefix_path) using defaults
[0.515s] [34mcolcon.colcon_core.verb[0m [1;30mLevel 5[0m set package 'meca500_ros2' build argument 'cmake_args' from command line to 'None'
[0.515s] [34mcolcon.colcon_core.verb[0m [1;30mLevel 5[0m set package 'meca500_ros2' build argument 'cmake_target' from command line to 'None'
[0.515s] [34mcolcon.colcon_core.verb[0m [1;30mLevel 5[0m set package 'meca500_ros2' build argument 'cmake_target_skip_unavailable' from command line to 'False'
[0.515s] [34mcolcon.colcon_core.verb[0m [1;30mLevel 5[0m set package 'meca500_ros2' build argument 'cmake_clean_cache' from command line to 'False'
[0.515s] [34mcolcon.colcon_core.verb[0m [1;30mLevel 5[0m set package 'meca500_ros2' build argument 'cmake_clean_first' from command line to 'False'
[0.515s] [34mcolcon.colcon_core.verb[0m [1;30mLevel 5[0m set package 'meca500_ros2' build argument 'cmake_force_configure' from command line to 'False'
[0.515s] [34mcolcon.colcon_core.verb[0m [1;30mLevel 5[0m set package 'meca500_ros2' build argument 'ament_cmake_args' from command line to 'None'
[0.515s] [34mcolcon.colcon_core.verb[0m [1;30mLevel 5[0m set package 'meca500_ros2' build argument 'catkin_cmake_args' from command line to 'None'
[0.515s] [34mcolcon.colcon_core.verb[0m [1;30mLevel 5[0m set package 'meca500_ros2' build argument 'catkin_skip_building_tests' from command line to 'False'
[0.515s] [34mcolcon.colcon_core.verb[0m [1;30mDEBUG[0m [32mBuilding package 'meca500_ros2' with the following arguments: {'ament_cmake_args': None, 'build_base': '/home/parallels/Forschsemrep/strawberry_ws/build/meca500_ros2', 'catkin_cmake_args': None, 'catkin_skip_building_tests': False, 'cmake_args': None, 'cmake_clean_cache': False, 'cmake_clean_first': False, 'cmake_force_configure': False, 'cmake_target': None, 'cmake_target_skip_unavailable': False, 'install_base': '/home/parallels/Forschsemrep/strawberry_ws/install/meca500_ros2', 'merge_install': False, 'path': '/home/parallels/Forschsemrep/strawberry_ws/src/meca500_ros2', 'symlink_install': True, 'test_result_base': None}[0m
[0.516s] [34mcolcon.colcon_core.verb[0m [1;30mLevel 5[0m set package 'strawberry_camera' build argument 'cmake_args' from command line to 'None'
[0.516s] [34mcolcon.colcon_core.verb[0m [1;30mLevel 5[0m set package 'strawberry_camera' build argument 'cmake_target' from command line to 'None'
[0.516s] [34mcolcon.colcon_core.verb[0m [1;30mLevel 5[0m set package 'strawberry_camera' build argument 'cmake_target_skip_unavailable' from command line to 'False'
[0.516s] [34mcolcon.colcon_core.verb[0m [1;30mLevel 5[0m set package 'strawberry_camera' build argument 'cmake_clean_cache' from command line to 'False'
[0.516s] [34mcolcon.colcon_core.verb[0m [1;30mLevel 5[0m set package 'strawberry_camera' build argument 'cmake_clean_first' from command line to 'False'
[0.516s] [34mcolcon.colcon_core.verb[0m [1;30mLevel 5[0m set package 'strawberry_camera' build argument 'cmake_force_configure' from command line to 'False'
[0.516s] [34mcolcon.colcon_core.verb[0m [1;30mLevel 5[0m set package 'strawberry_camera' build argument 'ament_cmake_args' from command line to 'None'
[0.516s] [34mcolcon.colcon_core.verb[0m [1;30mLevel 5[0m set package 'strawberry_camera' build argument 'catkin_cmake_args' from command line to 'None'
[0.516s] [34mcolcon.colcon_core.verb[0m [1;30mLevel 5[0m set package 'strawberry_camera' build argument 'catkin_skip_building_tests' from command line to 'False'
[0.516s] [34mcolcon.colcon_core.verb[0m [1;30mDEBUG[0m [32mBuilding package 'strawberry_camera' with the following arguments: {'ament_cmake_args': None, 'build_base': '/home/parallels/Forschsemrep/strawberry_ws/build/strawberry_camera', 'catkin_cmake_args': None, 'catkin_skip_building_tests': False, 'cmake_args': None, 'cmake_clean_cache': False, 'cmake_clean_first': False, 'cmake_force_configure': False, 'cmake_target': None, 'cmake_target_skip_unavailable': False, 'install_base': '/home/parallels/Forschsemrep/strawberry_ws/install/strawberry_camera', 'merge_install': False, 'path': '/home/parallels/Forschsemrep/strawberry_ws/src/strawberry_camera', 'symlink_install': True, 'test_result_base': None}[0m
[0.517s] [34mcolcon.colcon_core.verb[0m [1;30mLevel 5[0m set package 'strawberry_cluster' build argument 'cmake_args' from command line to 'None'
[0.517s] [34mcolcon.colcon_core.verb[0m [1;30mLevel 5[0m set package 'strawberry_cluster' build argument 'cmake_target' from command line to 'None'
[0.517s] [34mcolcon.colcon_core.verb[0m [1;30mLevel 5[0m set package 'strawberry_cluster' build argument 'cmake_target_skip_unavailable' from command line to 'False'
[0.517s] [34mcolcon.colcon_core.verb[0m [1;30mLevel 5[0m set package 'strawberry_cluster' build argument 'cmake_clean_cache' from command line to 'False'
[0.517s] [34mcolcon.colcon_core.verb[0m [1;30mLevel 5[0m set package 'strawberry_cluster' build argument 'cmake_clean_first' from command line to 'False'
[0.517s] [34mcolcon.colcon_core.verb[0m [1;30mLevel 5[0m set package 'strawberry_cluster' build argument 'cmake_force_configure' from command line to 'False'
[0.517s] [34mcolcon.colcon_core.verb[0m [1;30mLevel 5[0m set package 'strawberry_cluster' build argument 'ament_cmake_args' from command line to 'None'
[0.517s] [34mcolcon.colcon_core.verb[0m [1;30mLevel 5[0m set package 'strawberry_cluster' build argument 'catkin_cmake_args' from command line to 'None'
[0.517s] [34mcolcon.colcon_core.verb[0m [1;30mLevel 5[0m set package 'strawberry_cluster' build argument 'catkin_skip_building_tests' from command line to 'False'
[0.517s] [34mcolcon.colcon_core.verb[0m [1;30mDEBUG[0m [32mBuilding package 'strawberry_cluster' with the following arguments: {'ament_cmake_args': None, 'build_base': '/home/parallels/Forschsemrep/strawberry_ws/build/strawberry_cluster', 'catkin_cmake_args': None, 'catkin_skip_building_tests': False, 'cmake_args': None, 'cmake_clean_cache': False, 'cmake_clean_first': False, 'cmake_force_configure': False, 'cmake_target': None, 'cmake_target_skip_unavailable': False, 'install_base': '/home/parallels/Forschsemrep/strawberry_ws/install/strawberry_cluster', 'merge_install': False, 'path': '/home/parallels/Forschsemrep/strawberry_ws/src/strawberry_cluster', 'symlink_install': True, 'test_result_base': None}[0m
[0.517s] [34mcolcon.colcon_core.verb[0m [1;30mLevel 5[0m set package 'strawberry_msgs' build argument 'cmake_args' from command line to 'None'
[0.517s] [34mcolcon.colcon_core.verb[0m [1;30mLevel 5[0m set package 'strawberry_msgs' build argument 'cmake_target' from command line to 'None'
[0.517s] [34mcolcon.colcon_core.verb[0m [1;30mLevel 5[0m set package 'strawberry_msgs' build argument 'cmake_target_skip_unavailable' from command line to 'False'
[0.517s] [34mcolcon.colcon_core.verb[0m [1;30mLevel 5[0m set package 'strawberry_msgs' build argument 'cmake_clean_cache' from command line to 'False'
[0.517s] [34mcolcon.colcon_core.verb[0m [1;30mLevel 5[0m set package 'strawberry_msgs' build argument 'cmake_clean_first' from command line to 'False'
[0.517s] [34mcolcon.colcon_core.verb[0m [1;30mLevel 5[0m set package 'strawberry_msgs' build argument 'cmake_force_configure' from command line to 'False'
[0.517s] [34mcolcon.colcon_core.verb[0m [1;30mLevel 5[0m set package 'strawberry_msgs' build argument 'ament_cmake_args' from command line to 'None'
[0.517s] [34mcolcon.colcon_core.verb[0m [1;30mLevel 5[0m set package 'strawberry_msgs' build argument 'catkin_cmake_args' from command line to 'None'
[0.517s] [34mcolcon.colcon_core.verb[0m [1;30mLevel 5[0m set package 'strawberry_msgs' build argument 'catkin_skip_building_tests' from command line to 'False'
[0.518s] [34mcolcon.colcon_core.verb[0m [1;30mDEBUG[0m [32mBuilding package 'strawberry_msgs' with the following arguments: {'ament_cmake_args': None, 'build_base': '/home/parallels/Forschsemrep/strawberry_ws/build/strawberry_msgs', 'catkin_cmake_args': None, 'catkin_skip_building_tests': False, 'cmake_args': None, 'cmake_clean_cache': False, 'cmake_clean_first': False, 'cmake_force_configure': False, 'cmake_target': None, 'cmake_target_skip_unavailable': False, 'install_base': '/home/parallels/Forschsemrep/strawberry_ws/install/strawberry_msgs', 'merge_install': False, 'path': '/home/parallels/Forschsemrep/strawberry_ws/src/strawberry_msgs', 'symlink_install': True, 'test_result_base': None}[0m
[0.518s] [34mcolcon.colcon_core.verb[0m [1;30mLevel 5[0m set package 'strawberry_segmentation' build argument 'cmake_args' from command line to 'None'
[0.518s] [34mcolcon.colcon_core.verb[0m [1;30mLevel 5[0m set package 'strawberry_segmentation' build argument 'cmake_target' from command line to 'None'
[0.518s] [34mcolcon.colcon_core.verb[0m [1;30mLevel 5[0m set package 'strawberry_segmentation' build argument 'cmake_target_skip_unavailable' from command line to 'False'
[0.518s] [34mcolcon.colcon_core.verb[0m [1;30mLevel 5[0m set package 'strawberry_segmentation' build argument 'cmake_clean_cache' from command line to 'False'
[0.518s] [34mcolcon.colcon_core.verb[0m [1;30mLevel 5[0m set package 'strawberry_segmentation' build argument 'cmake_clean_first' from command line to 'False'
[0.518s] [34mcolcon.colcon_core.verb[0m [1;30mLevel 5[0m set package 'strawberry_segmentation' build argument 'cmake_force_configure' from command line to 'False'
[0.518s] [34mcolcon.colcon_core.verb[0m [1;30mLevel 5[0m set package 'strawberry_segmentation' build argument 'ament_cmake_args' from command line to 'None'
[0.518s] [34mcolcon.colcon_core.verb[0m [1;30mLevel 5[0m set package 'strawberry_segmentation' build argument 'catkin_cmake_args' from command line to 'None'
[0.518s] [34mcolcon.colcon_core.verb[0m [1;30mLevel 5[0m set package 'strawberry_segmentation' build argument 'catkin_skip_building_tests' from command line to 'False'
[0.518s] [34mcolcon.colcon_core.verb[0m [1;30mDEBUG[0m [32mBuilding package 'strawberry_segmentation' with the following arguments: {'ament_cmake_args': None, 'build_base': '/home/parallels/Forschsemrep/strawberry_ws/build/strawberry_segmentation', 'catkin_cmake_args': None, 'catkin_skip_building_tests': False, 'cmake_args': None, 'cmake_clean_cache': False, 'cmake_clean_first': False, 'cmake_force_configure': False, 'cmake_target': None, 'cmake_target_skip_unavailable': False, 'install_base': '/home/parallels/Forschsemrep/strawberry_ws/install/strawberry_segmentation', 'merge_install': False, 'path': '/home/parallels/Forschsemrep/strawberry_ws/src/strawberry_segmentation', 'symlink_install': True, 'test_result_base': None}[0m
[0.518s] [34mcolcon.colcon_core.verb[0m [1;30mLevel 5[0m set package 'strawberry_bringup' build argument 'cmake_args' from command line to 'None'
[0.518s] [34mcolcon.colcon_core.verb[0m [1;30mLevel 5[0m set package 'strawberry_bringup' build argument 'cmake_target' from command line to 'None'
[0.518s] [34mcolcon.colcon_core.verb[0m [1;30mLevel 5[0m set package 'strawberry_bringup' build argument 'cmake_target_skip_unavailable' from command line to 'False'
[0.518s] [34mcolcon.colcon_core.verb[0m [1;30mLevel 5[0m set package 'strawberry_bringup' build argument 'cmake_clean_cache' from command line to 'False'
[0.519s] [34mcolcon.colcon_core.verb[0m [1;30mLevel 5[0m set package 'strawberry_bringup' build argument 'cmake_clean_first' from command line to 'False'
[0.519s] [34mcolcon.colcon_core.verb[0m [1;30mLevel 5[0m set package 'strawberry_bringup' build argument 'cmake_force_configure' from command line to 'False'
[0.519s] [34mcolcon.colcon_core.verb[0m [1;30mLevel 5[0m set package 'strawberry_bringup' build argument 'ament_cmake_args' from command line to 'None'
[0.519s] [34mcolcon.colcon_core.verb[0m [1;30mLevel 5[0m set package 'strawberry_bringup' build argument 'catkin_cmake_args' from command line to 'None'
[0.519s] [34mcolcon.colcon_core.verb[0m [1;30mLevel 5[0m set package 'strawberry_bringup' build argument 'catkin_skip_building_tests' from command line to 'False'
[0.519s] [34mcolcon.colcon_core.verb[0m [1;30mDEBUG[0m [32mBuilding package 'strawberry_bringup' with the following arguments: {'ament_cmake_args': None, 'build_base': '/home/parallels/Forschsemrep/strawberry_ws/build/strawberry_bringup', 'catkin_cmake_args': None, 'catkin_skip_building_tests': False, 'cmake_args': None, 'cmake_clean_cache': False, 'cmake_clean_first': False, 'cmake_force_configure': False, 'cmake_target': None, 'cmake_target_skip_unavailable': False, 'install_base': '/home/parallels/Forschsemrep/strawberry_ws/install/strawberry_bringup', 'merge_install': False, 'path': '/home/parallels/Forschsemrep/strawberry_ws/src/strawberry_bringup', 'symlink_install': True, 'test_result_base': None}[0m
[0.519s] [34mcolcon.colcon_core.verb[0m [1;30mLevel 5[0m set package 'strawberry_tools' build argument 'cmake_args' from command line to 'None'
[0.519s] [34mcolcon.colcon_core.verb[0m [1;30mLevel 5[0m set package 'strawberry_tools' build argument 'cmake_target' from command line to 'None'
[0.519s] [34mcolcon.colcon_core.verb[0m [1;30mLevel 5[0m set package 'strawberry_tools' build argument 'cmake_target_skip_unavailable' from command line to 'False'
[0.519s] [34mcolcon.colcon_core.verb[0m [1;30mLevel 5[0m set package 'strawberry_tools' build argument 'cmake_clean_cache' from command line to 'False'
[0.519s] [34mcolcon.colcon_core.verb[0m [1;30mLevel 5[0m set package 'strawberry_tools' build argument 'cmake_clean_first' from command line to 'False'
[0.519s] [34mcolcon.colcon_core.verb[0m [1;30mLevel 5[0m set package 'strawberry_tools' build argument 'cmake_force_configure' from command line to 'False'
[0.519s] [34mcolcon.colcon_core.verb[0m [1;30mLevel 5[0m set package 'strawberry_tools' build argument 'ament_cmake_args' from command line to 'None'
[0.519s] [34mcolcon.colcon_core.verb[0m [1;30mLevel 5[0m set package 'strawberry_tools' build argument 'catkin_cmake_args' from command line to 'None'
[0.519s] [34mcolcon.colcon_core.verb[0m [1;30mLevel 5[0m set package 'strawberry_tools' build argument 'catkin_skip_building_tests' from command line to 'False'
[0.519s] [34mcolcon.colcon_core.verb[0m [1;30mDEBUG[0m [32mBuilding package 'strawberry_tools' with the following arguments: {'ament_cmake_args': None, 'build_base': '/home/parallels/Forschsemrep/strawberry_ws/build/strawberry_tools', 'catkin_cmake_args': None, 'catkin_skip_building_tests': False, 'cmake_args': None, 'cmake_clean_cache': False, 'cmake_clean_first': False, 'cmake_force_configure': False, 'cmake_target': None, 'cmake_target_skip_unavailable': False, 'install_base': '/home/parallels/Forschsemrep/strawberry_ws/install/strawberry_tools', 'merge_install': False, 'path': '/home/parallels/Forschsemrep/strawberry_ws/src/strawberry_tools', 'symlink_install': True, 'test_result_base': None}[0m
[0.519s] [34mcolcon.colcon_core.executor[0m [1;30mINFO[0m Executing jobs using 'parallel' executor
[0.521s] [34mcolcon.colcon_parallel_executor.executor.parallel[0m [1;30mDEBUG[0m [32mrun_until_complete[0m
[0.521s] [34mcolcon.colcon_ros.task.ament_cmake.build[0m [1;30mINFO[0m Building ROS package in '/home/parallels/Forschsemrep/strawberry_ws/src/strawberry_msgs' with build type 'ament_cmake'
[0.522s] [34mcolcon.colcon_cmake.task.cmake.build[0m [1;30mINFO[0m Building CMake package in '/home/parallels/Forschsemrep/strawberry_ws/src/strawberry_msgs'
[0.526s] [34mcolcon.colcon_core.plugin_system[0m [1;30mINFO[0m Skipping extension 'colcon_core.shell.bat': Not used on non-Windows systems
[0.526s] [34mcolcon.colcon_core.shell[0m [1;30mINFO[0m Skip shell extension 'powershell' for command environment: Not usable outside of PowerShell
[0.526s] [34mcolcon.colcon_core.shell[0m [1;30mDEBUG[0m [32mSkip shell extension 'dsv' for command environment[0m
[0.534s] [34mcolcon.colcon_ros.task.ament_python.build[0m [1;30mINFO[0m Building ROS package in '/home/parallels/Forschsemrep/strawberry_ws/src/strawberry_camera' with build type 'ament_python'
[0.534s] [34mcolcon.colcon_core.shell[0m [1;30mLevel 1[0m create_environment_hook('strawberry_camera', 'ament_prefix_path')
[0.535s] [34mcolcon.colcon_core.shell[0m [1;30mINFO[0m Creating environment hook '/home/parallels/Forschsemrep/strawberry_ws/install/strawberry_camera/share/strawberry_camera/hook/ament_prefix_path.ps1'
[0.536s] [34mcolcon.colcon_core.shell[0m [1;30mINFO[0m Creating environment descriptor '/home/parallels/Forschsemrep/strawberry_ws/install/strawberry_camera/share/strawberry_camera/hook/ament_prefix_path.dsv'
[0.536s] [34mcolcon.colcon_core.shell[0m [1;30mINFO[0m Creating environment hook '/home/parallels/Forschsemrep/strawberry_ws/install/strawberry_camera/share/strawberry_camera/hook/ament_prefix_path.sh'
[0.538s] [34mcolcon.colcon_core.shell[0m [1;30mINFO[0m Skip shell extension 'powershell' for command environment: Not usable outside of PowerShell
[0.538s] [34mcolcon.colcon_core.shell[0m [1;30mDEBUG[0m [32mSkip shell extension 'dsv' for command environment[0m
[0.544s] [34mcolcon.colcon_ros.task.ament_python.build[0m [1;30mINFO[0m Building ROS package in '/home/parallels/Forschsemrep/strawberry_ws/src/strawberry_cluster' with build type 'ament_python'
[0.544s] [34mcolcon.colcon_core.shell[0m [1;30mLevel 1[0m create_environment_hook('strawberry_cluster', 'ament_prefix_path')
[0.545s] [34mcolcon.colcon_core.shell[0m [1;30mINFO[0m Creating environment hook '/home/parallels/Forschsemrep/strawberry_ws/install/strawberry_cluster/share/strawberry_cluster/hook/ament_prefix_path.ps1'
[0.546s] [34mcolcon.colcon_core.shell[0m [1;30mINFO[0m Creating environment descriptor '/home/parallels/Forschsemrep/strawberry_ws/install/strawberry_cluster/share/strawberry_cluster/hook/ament_prefix_path.dsv'
[0.547s] [34mcolcon.colcon_core.shell[0m [1;30mINFO[0m Creating environment hook '/home/parallels/Forschsemrep/strawberry_ws/install/strawberry_cluster/share/strawberry_cluster/hook/ament_prefix_path.sh'
[0.548s] [34mcolcon.colcon_core.shell[0m [1;30mINFO[0m Skip shell extension 'powershell' for command environment: Not usable outside of PowerShell
[0.549s] [34mcolcon.colcon_core.shell[0m [1;30mDEBUG[0m [32mSkip shell extension 'dsv' for command environment[0m
[0.554s] [34mcolcon.colcon_ros.task.ament_python.build[0m [1;30mINFO[0m Building ROS package in '/home/parallels/Forschsemrep/strawberry_ws/src/strawberry_segmentation' with build type 'ament_python'
[0.554s] [34mcolcon.colcon_core.shell[0m [1;30mLevel 1[0m create_environment_hook('strawberry_segmentation', 'ament_prefix_path')
[0.555s] [34mcolcon.colcon_core.shell[0m [1;30mINFO[0m Creating environment hook '/home/parallels/Forschsemrep/strawberry_ws/install/strawberry_segmentation/share/strawberry_segmentation/hook/ament_prefix_path.ps1'
[0.556s] [34mcolcon.colcon_core.shell[0m [1;30mINFO[0m Creating environment descriptor '/home/parallels/Forschsemrep/strawberry_ws/install/strawberry_segmentation/share/strawberry_segmentation/hook/ament_prefix_path.dsv'
[0.557s] [34mcolcon.colcon_core.shell[0m [1;30mINFO[0m Creating environment hook '/home/parallels/Forschsemrep/strawberry_ws/install/strawberry_segmentation/share/strawberry_segmentation/hook/ament_prefix_path.sh'
[0.559s] [34mcolcon.colcon_core.shell[0m [1;30mINFO[0m Skip shell extension 'powershell' for command environment: Not usable outside of PowerShell
[0.560s] [34mcolcon.colcon_core.shell[0m [1;30mDEBUG[0m [32mSkip shell extension 'dsv' for command environment[0m
[0.570s] [34mcolcon.colcon_core.event_handler.log_command[0m [1;30mDEBUG[0m [32mInvoking command in '/home/parallels/Forschsemrep/strawberry_ws/build/strawberry_msgs': CMAKE_PREFIX_PATH=${CMAKE_PREFIX_PATH}:/home/parallels/Forschsemrep/strawberry_ws/install/strawberry_tools:/home/parallels/Forschsemrep/strawberry_ws/install/strawberry_bringup:/home/parallels/Forschsemrep/strawberry_ws/install/strawberry_segmentation:/home/parallels/Forschsemrep/strawberry_ws/install/strawberry_cluster:/home/parallels/Forschsemrep/strawberry_ws/install/strawberry_camera:/home/parallels/Forschsemrep/strawberry_ws/install/meca500_ros2:/opt/ros/humble /usr/bin/cmake /home/parallels/Forschsemrep/strawberry_ws/src/strawberry_msgs -DAMENT_CMAKE_SYMLINK_INSTALL=1 -DCMAKE_INSTALL_PREFIX=/home/parallels/Forschsemrep/strawberry_ws/install/strawberry_msgs[0m
[1.162s] [34mcolcon.colcon_core.task.python.build[0m [1;30mINFO[0m Building Python package in '/home/parallels/Forschsemrep/strawberry_ws/src/strawberry_camera'
[1.162s] [34mcolcon.colcon_core.shell[0m [1;30mINFO[0m Skip shell extension 'powershell' for command environment: Not usable outside of PowerShell
[1.162s] [34mcolcon.colcon_core.shell[0m [1;30mDEBUG[0m [32mSkip shell extension 'dsv' for command environment[0m
[1.636s] [34mcolcon.colcon_core.task.python.build[0m [1;30mINFO[0m Building Python package in '/home/parallels/Forschsemrep/strawberry_ws/src/strawberry_cluster'
[1.637s] [34mcolcon.colcon_core.shell[0m [1;30mINFO[0m Skip shell extension 'powershell' for command environment: Not usable outside of PowerShell
[1.637s] [34mcolcon.colcon_core.shell[0m [1;30mDEBUG[0m [32mSkip shell extension 'dsv' for command environment[0m
[2.111s] [34mcolcon.colcon_core.task.python.build[0m [1;30mINFO[0m Building Python package in '/home/parallels/Forschsemrep/strawberry_ws/src/strawberry_segmentation'
[2.111s] [34mcolcon.colcon_core.shell[0m [1;30mINFO[0m Skip shell extension 'powershell' for command environment: Not usable outside of PowerShell
[2.111s] [34mcolcon.colcon_core.shell[0m [1;30mDEBUG[0m [32mSkip shell extension 'dsv' for command environment[0m
[2.903s] [34mcolcon.colcon_core.event_handler.log_command[0m [1;30mDEBUG[0m [32mInvoking command in '/home/parallels/Forschsemrep/strawberry_ws/build/strawberry_camera': PYTHONPATH=/home/parallels/Forschsemrep/strawberry_ws/build/strawberry_camera/prefix_override:/usr/lib/python3/dist-packages/colcon_core/task/python/colcon_distutils_commands:/home/parallels/Forschsemrep/strawberry_ws/install/strawberry_camera/lib/python3.10/site-packages:${PYTHONPATH} /usr/bin/python3 -W ignore:setup.py install is deprecated -W ignore:easy_install command is deprecated setup.py develop --editable --build-directory /home/parallels/Forschsemrep/strawberry_ws/build/strawberry_camera/build --no-deps symlink_data[0m
[2.909s] [34mcolcon.colcon_core.event_handler.log_command[0m [1;30mDEBUG[0m [32mInvoking command in '/home/parallels/Forschsemrep/strawberry_ws/build/strawberry_cluster': PYTHONPATH=/home/parallels/Forschsemrep/strawberry_ws/build/strawberry_cluster/prefix_override:/usr/lib/python3/dist-packages/colcon_core/task/python/colcon_distutils_commands:/home/parallels/Forschsemrep/strawberry_ws/install/strawberry_cluster/lib/python3.10/site-packages:${PYTHONPATH} /usr/bin/python3 -W ignore:setup.py install is deprecated -W ignore:easy_install command is deprecated setup.py develop --editable --build-directory /home/parallels/Forschsemrep/strawberry_ws/build/strawberry_cluster/build --no-deps symlink_data[0m
[2.942s] [34mcolcon.colcon_core.event_handler.log_command[0m [1;30mDEBUG[0m [32mInvoking command in '/home/parallels/Forschsemrep/strawberry_ws/build/strawberry_segmentation': PYTHONPATH=/home/parallels/Forschsemrep/strawberry_ws/build/strawberry_segmentation/prefix_override:/usr/lib/python3/dist-packages/colcon_core/task/python/colcon_distutils_commands:/home/parallels/Forschsemrep/strawberry_ws/install/strawberry_segmentation/lib/python3.10/site-packages:${PYTHONPATH} /usr/bin/python3 -W ignore:setup.py install is deprecated -W ignore:easy_install command is deprecated setup.py develop --editable --build-directory /home/parallels/Forschsemrep/strawberry_ws/build/strawberry_segmentation/build --no-deps symlink_data[0m
[3.245s] [34mcolcon.colcon_core.event_handler.log_command[0m [1;30mDEBUG[0m [32mInvoked command in '/home/parallels/Forschsemrep/strawberry_ws/build/strawberry_msgs' returned '0': CMAKE_PREFIX_PATH=${CMAKE_PREFIX_PATH}:/home/parallels/Forschsemrep/strawberry_ws/install/strawberry_tools:/home/parallels/Forschsemrep/strawberry_ws/install/strawberry_bringup:/home/parallels/Forschsemrep/strawberry_ws/install/strawberry_segmentation:/home/parallels/Forschsemrep/strawberry_ws/install/strawberry_cluster:/home/parallels/Forschsemrep/strawberry_ws/install/strawberry_camera:/home/parallels/Forschsemrep/strawberry_ws/install/meca500_ros2:/opt/ros/humble /usr/bin/cmake /home/parallels/Forschsemrep/strawberry_ws/src/strawberry_msgs -DAMENT_CMAKE_SYMLINK_INSTALL=1 -DCMAKE_INSTALL_PREFIX=/home/parallels/Forschsemrep/strawberry_ws/install/strawberry_msgs[0m
[3.246s] [34mcolcon.colcon_core.event_handler.log_command[0m [1;30mDEBUG[0m [32mInvoking command in '/home/parallels/Forschsemrep/strawberry_ws/build/strawberry_msgs': CMAKE_PREFIX_PATH=${CMAKE_PREFIX_PATH}:/home/parallels/Forschsemrep/strawberry_ws/install/strawberry_tools:/home/parallels/Forschsemrep/strawberry_ws/install/strawberry_bringup:/home/parallels/Forschsemrep/strawberry_ws/install/strawberry_segmentation:/home/parallels/Forschsemrep/strawberry_ws/install/strawberry_cluster:/home/parallels/Forschsemrep/strawberry_ws/install/strawberry_camera:/home/parallels/Forschsemrep/strawberry_ws/install/meca500_ros2:/opt/ros/humble /usr/bin/cmake --build /home/parallels/Forschsemrep/strawberry_ws/build/strawberry_msgs -- -j4 -l4[0m
[4.434s] [34mcolcon.colcon_core.event_handler.log_command[0m [1;30mDEBUG[0m [32mInvoked command in '/home/parallels/Forschsemrep/strawberry_ws/build/strawberry_msgs' returned '0': CMAKE_PREFIX_PATH=${CMAKE_PREFIX_PATH}:/home/parallels/Forschsemrep/strawberry_ws/install/strawberry_tools:/home/parallels/Forschsemrep/strawberry_ws/install/strawberry_bringup:/home/parallels/Forschsemrep/strawberry_ws/install/strawberry_segmentation:/home/parallels/Forschsemrep/strawberry_ws/install/strawberry_cluster:/home/parallels/Forschsemrep/strawberry_ws/install/strawberry_camera:/home/parallels/Forschsemrep/strawberry_ws/install/meca500_ros2:/opt/ros/humble /usr/bin/cmake --build /home/parallels/Forschsemrep/strawberry_ws/build/strawberry_msgs -- -j4 -l4[0m
[4.462s] [34mcolcon.colcon_core.event_handler.log_command[0m [1;30mDEBUG[0m [32mInvoking command in '/home/parallels/Forschsemrep/strawberry_ws/build/strawberry_msgs': CMAKE_PREFIX_PATH=${CMAKE_PREFIX_PATH}:/home/parallels/Forschsemrep/strawberry_ws/install/strawberry_tools:/home/parallels/Forschsemrep/strawberry_ws/install/strawberry_bringup:/home/parallels/Forschsemrep/strawberry_ws/install/strawberry_segmentation:/home/parallels/Forschsemrep/strawberry_ws/install/strawberry_cluster:/home/parallels/Forschsemrep/strawberry_ws/install/strawberry_camera:/home/parallels/Forschsemrep/strawberry_ws/install/meca500_ros2:/opt/ros/humble /usr/bin/cmake --install /home/parallels/Forschsemrep/strawberry_ws/build/strawberry_msgs[0m
[4.504s] [34mcolcon.colcon_core.shell[0m [1;30mLevel 1[0m create_environment_hook('strawberry_cluster', 'pythonpath_develop')
[4.508s] [34mcolcon.colcon_core.shell[0m [1;30mINFO[0m Creating environment hook '/home/parallels/Forschsemrep/strawberry_ws/build/strawberry_cluster/share/strawberry_cluster/hook/pythonpath_develop.ps1'
[4.512s] [34mcolcon.colcon_core.shell[0m [1;30mINFO[0m Creating environment descriptor '/home/parallels/Forschsemrep/strawberry_ws/build/strawberry_cluster/share/strawberry_cluster/hook/pythonpath_develop.dsv'
[4.511s] [34mcolcon.colcon_core.event_handler.log_command[0m [1;30mDEBUG[0m [32mInvoked command in '/home/parallels/Forschsemrep/strawberry_ws/build/strawberry_cluster' returned '0': PYTHONPATH=/home/parallels/Forschsemrep/strawberry_ws/build/strawberry_cluster/prefix_override:/usr/lib/python3/dist-packages/colcon_core/task/python/colcon_distutils_commands:/home/parallels/Forschsemrep/strawberry_ws/install/strawberry_cluster/lib/python3.10/site-packages:${PYTHONPATH} /usr/bin/python3 -W ignore:setup.py install is deprecated -W ignore:easy_install command is deprecated setup.py develop --editable --build-directory /home/parallels/Forschsemrep/strawberry_ws/build/strawberry_cluster/build --no-deps symlink_data[0m
[4.515s] [34mcolcon.colcon_core.shell[0m [1;30mINFO[0m Creating environment hook '/home/parallels/Forschsemrep/strawberry_ws/build/strawberry_cluster/share/strawberry_cluster/hook/pythonpath_develop.sh'
[4.527s] [34mcolcon.colcon_core.environment[0m [1;30mLevel 1[0m checking '/home/parallels/Forschsemrep/strawberry_ws/install/strawberry_cluster' for CMake module files
[4.528s] [34mcolcon.colcon_core.environment[0m [1;30mLevel 1[0m checking '/home/parallels/Forschsemrep/strawberry_ws/install/strawberry_cluster' for CMake config files
[4.529s] [34mcolcon.colcon_core.environment[0m [1;30mLevel 1[0m checking '/home/parallels/Forschsemrep/strawberry_ws/install/strawberry_cluster/lib'
[4.529s] [34mcolcon.colcon_core.environment[0m [1;30mLevel 1[0m checking '/home/parallels/Forschsemrep/strawberry_ws/install/strawberry_cluster/bin'
[4.529s] [34mcolcon.colcon_core.environment[0m [1;30mLevel 1[0m checking '/home/parallels/Forschsemrep/strawberry_ws/install/strawberry_cluster/lib/pkgconfig/strawberry_cluster.pc'
[4.530s] [34mcolcon.colcon_core.environment[0m [1;30mLevel 1[0m checking '/home/parallels/Forschsemrep/strawberry_ws/install/strawberry_cluster/lib/python3.10/site-packages'
[4.530s] [34mcolcon.colcon_core.shell[0m [1;30mLevel 1[0m create_environment_hook('strawberry_cluster', 'pythonpath')
[4.530s] [34mcolcon.colcon_core.shell[0m [1;30mINFO[0m Creating environment hook '/home/parallels/Forschsemrep/strawberry_ws/install/strawberry_cluster/share/strawberry_cluster/hook/pythonpath.ps1'
[4.531s] [34mcolcon.colcon_core.shell[0m [1;30mINFO[0m Creating environment descriptor '/home/parallels/Forschsemrep/strawberry_ws/install/strawberry_cluster/share/strawberry_cluster/hook/pythonpath.dsv'
[4.532s] [34mcolcon.colcon_core.shell[0m [1;30mINFO[0m Creating environment hook '/home/parallels/Forschsemrep/strawberry_ws/install/strawberry_cluster/share/strawberry_cluster/hook/pythonpath.sh'
[4.534s] [34mcolcon.colcon_core.environment[0m [1;30mLevel 1[0m checking '/home/parallels/Forschsemrep/strawberry_ws/install/strawberry_cluster/bin'
[4.534s] [34mcolcon.colcon_core.environment[0m [1;30mLevel 1[0m create_environment_scripts_only(strawberry_cluster)
[4.535s] [34mcolcon.colcon_core.shell[0m [1;30mINFO[0m Creating package script '/home/parallels/Forschsemrep/strawberry_ws/install/strawberry_cluster/share/strawberry_cluster/package.ps1'
[4.538s] [34mcolcon.colcon_core.shell[0m [1;30mINFO[0m Creating package descriptor '/home/parallels/Forschsemrep/strawberry_ws/install/strawberry_cluster/share/strawberry_cluster/package.dsv'
[4.544s] [34mcolcon.colcon_core.shell[0m [1;30mINFO[0m Creating package script '/home/parallels/Forschsemrep/strawberry_ws/install/strawberry_cluster/share/strawberry_cluster/package.sh'
[4.548s] [34mcolcon.colcon_core.shell[0m [1;30mINFO[0m Creating package script '/home/parallels/Forschsemrep/strawberry_ws/install/strawberry_cluster/share/strawberry_cluster/package.bash'
[4.549s] [34mcolcon.colcon_core.shell[0m [1;30mINFO[0m Creating package script '/home/parallels/Forschsemrep/strawberry_ws/install/strawberry_cluster/share/strawberry_cluster/package.zsh'
[4.550s] [34mcolcon.colcon_core.environment[0m [1;30mLevel 1[0m create_file_with_runtime_dependencies(/home/parallels/Forschsemrep/strawberry_ws/install/strawberry_cluster/share/colcon-core/packages/strawberry_cluster)
[4.551s] [34mcolcon.colcon_ros.task.ament_python.build[0m [1;30mINFO[0m Building ROS package in '/home/parallels/Forschsemrep/strawberry_ws/src/meca500_ros2' with build type 'ament_python'
[4.551s] [34mcolcon.colcon_core.shell[0m [1;30mLevel 1[0m create_environment_hook('meca500_ros2', 'ament_prefix_path')
[4.552s] [34mcolcon.colcon_core.shell[0m [1;30mINFO[0m Creating environment hook '/home/parallels/Forschsemrep/strawberry_ws/install/meca500_ros2/share/meca500_ros2/hook/ament_prefix_path.ps1'
[4.554s] [34mcolcon.colcon_core.shell[0m [1;30mINFO[0m Creating environment descriptor '/home/parallels/Forschsemrep/strawberry_ws/install/meca500_ros2/share/meca500_ros2/hook/ament_prefix_path.dsv'
[4.555s] [34mcolcon.colcon_core.shell[0m [1;30mINFO[0m Creating environment hook '/home/parallels/Forschsemrep/strawberry_ws/install/meca500_ros2/share/meca500_ros2/hook/ament_prefix_path.sh'
[4.556s] [34mcolcon.colcon_core.shell[0m [1;30mINFO[0m Skip shell extension 'powershell' for command environment: Not usable outside of PowerShell
[4.557s] [34mcolcon.colcon_core.shell[0m [1;30mDEBUG[0m [32mSkip shell extension 'dsv' for command environment[0m
[4.579s] [34mcolcon.colcon_core.shell[0m [1;30mLevel 1[0m create_environment_hook('strawberry_segmentation', 'pythonpath_develop')
[4.580s] [34mcolcon.colcon_core.shell[0m [1;30mINFO[0m Creating environment hook '/home/parallels/Forschsemrep/strawberry_ws/build/strawberry_segmentation/share/strawberry_segmentation/hook/pythonpath_develop.ps1'
[4.580s] [34mcolcon.colcon_core.shell[0m [1;30mINFO[0m Creating environment descriptor '/home/parallels/Forschsemrep/strawberry_ws/build/strawberry_segmentation/share/strawberry_segmentation/hook/pythonpath_develop.dsv'
[4.581s] [34mcolcon.colcon_core.shell[0m [1;30mINFO[0m Creating environment hook '/home/parallels/Forschsemrep/strawberry_ws/build/strawberry_segmentation/share/strawberry_segmentation/hook/pythonpath_develop.sh'
[4.582s] [34mcolcon.colcon_core.event_handler.log_command[0m [1;30mDEBUG[0m [32mInvoked command in '/home/parallels/Forschsemrep/strawberry_ws/build/strawberry_segmentation' returned '0': PYTHONPATH=/home/parallels/Forschsemrep/strawberry_ws/build/strawberry_segmentation/prefix_override:/usr/lib/python3/dist-packages/colcon_core/task/python/colcon_distutils_commands:/home/parallels/Forschsemrep/strawberry_ws/install/strawberry_segmentation/lib/python3.10/site-packages:${PYTHONPATH} /usr/bin/python3 -W ignore:setup.py install is deprecated -W ignore:easy_install command is deprecated setup.py develop --editable --build-directory /home/parallels/Forschsemrep/strawberry_ws/build/strawberry_segmentation/build --no-deps symlink_data[0m
[4.586s] [34mcolcon.colcon_core.environment[0m [1;30mLevel 1[0m checking '/home/parallels/Forschsemrep/strawberry_ws/install/strawberry_segmentation' for CMake module files
[4.587s] [34mcolcon.colcon_core.environment[0m [1;30mLevel 1[0m checking '/home/parallels/Forschsemrep/strawberry_ws/install/strawberry_segmentation' for CMake config files
[4.591s] [34mcolcon.colcon_core.environment[0m [1;30mLevel 1[0m checking '/home/parallels/Forschsemrep/strawberry_ws/install/strawberry_segmentation/lib'
[4.591s] [34mcolcon.colcon_core.environment[0m [1;30mLevel 1[0m checking '/home/parallels/Forschsemrep/strawberry_ws/install/strawberry_segmentation/bin'
[4.591s] [34mcolcon.colcon_core.environment[0m [1;30mLevel 1[0m checking '/home/parallels/Forschsemrep/strawberry_ws/install/strawberry_segmentation/lib/pkgconfig/strawberry_segmentation.pc'
[4.592s] [34mcolcon.colcon_core.environment[0m [1;30mLevel 1[0m checking '/home/parallels/Forschsemrep/strawberry_ws/install/strawberry_segmentation/lib/python3.10/site-packages'
[4.595s] [34mcolcon.colcon_core.shell[0m [1;30mLevel 1[0m create_environment_hook('strawberry_segmentation', 'pythonpath')
[4.595s] [34mcolcon.colcon_core.shell[0m [1;30mINFO[0m Creating environment hook '/home/parallels/Forschsemrep/strawberry_ws/install/strawberry_segmentation/share/strawberry_segmentation/hook/pythonpath.ps1'
[4.596s] [34mcolcon.colcon_core.shell[0m [1;30mINFO[0m Creating environment descriptor '/home/parallels/Forschsemrep/strawberry_ws/install/strawberry_segmentation/share/strawberry_segmentation/hook/pythonpath.dsv'
[4.598s] [34mcolcon.colcon_core.shell[0m [1;30mINFO[0m Creating environment hook '/home/parallels/Forschsemrep/strawberry_ws/install/strawberry_segmentation/share/strawberry_segmentation/hook/pythonpath.sh'
[4.600s] [34mcolcon.colcon_core.environment[0m [1;30mLevel 1[0m checking '/home/parallels/Forschsemrep/strawberry_ws/install/strawberry_segmentation/bin'
[4.600s] [34mcolcon.colcon_core.environment[0m [1;30mLevel 1[0m create_environment_scripts_only(strawberry_segmentation)
[4.606s] [34mcolcon.colcon_core.shell[0m [1;30mINFO[0m Creating package script '/home/parallels/Forschsemrep/strawberry_ws/install/strawberry_segmentation/share/strawberry_segmentation/package.ps1'
[4.607s] [34mcolcon.colcon_core.shell[0m [1;30mINFO[0m Creating package descriptor '/home/parallels/Forschsemrep/strawberry_ws/install/strawberry_segmentation/share/strawberry_segmentation/package.dsv'
[4.611s] [34mcolcon.colcon_core.shell[0m [1;30mINFO[0m Creating package script '/home/parallels/Forschsemrep/strawberry_ws/install/strawberry_segmentation/share/strawberry_segmentation/package.sh'
[4.613s] [34mcolcon.colcon_core.shell[0m [1;30mINFO[0m Creating package script '/home/parallels/Forschsemrep/strawberry_ws/install/strawberry_segmentation/share/strawberry_segmentation/package.bash'
[4.616s] [34mcolcon.colcon_core.shell[0m [1;30mINFO[0m Creating package script '/home/parallels/Forschsemrep/strawberry_ws/install/strawberry_segmentation/share/strawberry_segmentation/package.zsh'
[4.617s] [34mcolcon.colcon_core.environment[0m [1;30mLevel 1[0m create_file_with_runtime_dependencies(/home/parallels/Forschsemrep/strawberry_ws/install/strawberry_segmentation/share/colcon-core/packages/strawberry_segmentation)
[5.038s] [34mcolcon.colcon_core.task.python.build[0m [1;30mINFO[0m Building Python package in '/home/parallels/Forschsemrep/strawberry_ws/src/meca500_ros2'
[5.038s] [34mcolcon.colcon_core.shell[0m [1;30mINFO[0m Skip shell extension 'powershell' for command environment: Not usable outside of PowerShell
[5.038s] [34mcolcon.colcon_core.shell[0m [1;30mDEBUG[0m [32mSkip shell extension 'dsv' for command environment[0m
[5.044s] [34mcolcon.colcon_core.environment[0m [1;30mLevel 1[0m create_environment_scripts_only(strawberry_msgs)
[5.044s] [34mcolcon.colcon_core.environment[0m [1;30mLevel 1[0m checking '/home/parallels/Forschsemrep/strawberry_ws/install/strawberry_msgs' for CMake module files
[5.045s] [34mcolcon.colcon_core.event_handler.log_command[0m [1;30mDEBUG[0m [32mInvoked command in '/home/parallels/Forschsemrep/strawberry_ws/build/strawberry_msgs' returned '0': CMAKE_PREFIX_PATH=${CMAKE_PREFIX_PATH}:/home/parallels/Forschsemrep/strawberry_ws/install/strawberry_tools:/home/parallels/Forschsemrep/strawberry_ws/install/strawberry_bringup:/home/parallels/Forschsemrep/strawberry_ws/install/strawberry_segmentation:/home/parallels/Forschsemrep/strawberry_ws/install/strawberry_cluster:/home/parallels/Forschsemrep/strawberry_ws/install/strawberry_camera:/home/parallels/Forschsemrep/strawberry_ws/install/meca500_ros2:/opt/ros/humble /usr/bin/cmake --install /home/parallels/Forschsemrep/strawberry_ws/build/strawberry_msgs[0m
[5.046s] [34mcolcon.colcon_core.environment[0m [1;30mLevel 1[0m checking '/home/parallels/Forschsemrep/strawberry_ws/install/strawberry_msgs' for CMake config files
[5.046s] [34mcolcon.colcon_core.shell[0m [1;30mLevel 1[0m create_environment_hook('strawberry_msgs', 'cmake_prefix_path')
[5.046s] [34mcolcon.colcon_core.shell[0m [1;30mINFO[0m Creating environment hook '/home/parallels/Forschsemrep/strawberry_ws/install/strawberry_msgs/share/strawberry_msgs/hook/cmake_prefix_path.ps1'
[5.047s] [34mcolcon.colcon_core.shell[0m [1;30mINFO[0m Creating environment descriptor '/home/parallels/Forschsemrep/strawberry_ws/install/strawberry_msgs/share/strawberry_msgs/hook/cmake_prefix_path.dsv'
[5.048s] [34mcolcon.colcon_core.shell[0m [1;30mINFO[0m Creating environment hook '/home/parallels/Forschsemrep/strawberry_ws/install/strawberry_msgs/share/strawberry_msgs/hook/cmake_prefix_path.sh'
[5.048s] [34mcolcon.colcon_core.environment[0m [1;30mLevel 1[0m checking '/home/parallels/Forschsemrep/strawberry_ws/install/strawberry_msgs/lib'
[5.048s] [34mcolcon.colcon_core.shell[0m [1;30mLevel 1[0m create_environment_hook('strawberry_msgs', 'ld_library_path_lib')
[5.049s] [34mcolcon.colcon_core.shell[0m [1;30mINFO[0m Creating environment hook '/home/parallels/Forschsemrep/strawberry_ws/install/strawberry_msgs/share/strawberry_msgs/hook/ld_library_path_lib.ps1'
[5.049s] [34mcolcon.colcon_core.shell[0m [1;30mINFO[0m Creating environment descriptor '/home/parallels/Forschsemrep/strawberry_ws/install/strawberry_msgs/share/strawberry_msgs/hook/ld_library_path_lib.dsv'
[5.050s] [34mcolcon.colcon_core.shell[0m [1;30mINFO[0m Creating environment hook '/home/parallels/Forschsemrep/strawberry_ws/install/strawberry_msgs/share/strawberry_msgs/hook/ld_library_path_lib.sh'
[5.050s] [34mcolcon.colcon_core.environment[0m [1;30mLevel 1[0m checking '/home/parallels/Forschsemrep/strawberry_ws/install/strawberry_msgs/bin'
[5.050s] [34mcolcon.colcon_core.environment[0m [1;30mLevel 1[0m checking '/home/parallels/Forschsemrep/strawberry_ws/install/strawberry_msgs/lib/pkgconfig/strawberry_msgs.pc'
[5.051s] [34mcolcon.colcon_core.environment[0m [1;30mLevel 1[0m checking '/home/parallels/Forschsemrep/strawberry_ws/install/strawberry_msgs/lib/python3.10/site-packages'
[5.051s] [34mcolcon.colcon_core.environment[0m [1;30mLevel 1[0m checking '/home/parallels/Forschsemrep/strawberry_ws/install/strawberry_msgs/bin'
[5.051s] [34mcolcon.colcon_core.shell[0m [1;30mINFO[0m Creating package script '/home/parallels/Forschsemrep/strawberry_ws/install/strawberry_msgs/share/strawberry_msgs/package.ps1'
[5.052s] [34mcolcon.colcon_core.shell[0m [1;30mINFO[0m Creating package descriptor '/home/parallels/Forschsemrep/strawberry_ws/install/strawberry_msgs/share/strawberry_msgs/package.dsv'
[5.052s] [34mcolcon.colcon_core.shell[0m [1;30mINFO[0m Creating package script '/home/parallels/Forschsemrep/strawberry_ws/install/strawberry_msgs/share/strawberry_msgs/package.sh'
[5.053s] [34mcolcon.colcon_core.shell[0m [1;30mINFO[0m Creating package script '/home/parallels/Forschsemrep/strawberry_ws/install/strawberry_msgs/share/strawberry_msgs/package.bash'
[5.053s] [34mcolcon.colcon_core.shell[0m [1;30mINFO[0m Creating package script '/home/parallels/Forschsemrep/strawberry_ws/install/strawberry_msgs/share/strawberry_msgs/package.zsh'
[5.054s] [34mcolcon.colcon_core.environment[0m [1;30mLevel 1[0m create_file_with_runtime_dependencies(/home/parallels/Forschsemrep/strawberry_ws/install/strawberry_msgs/share/colcon-core/packages/strawberry_msgs)
[5.054s] [34mcolcon.colcon_core.environment[0m [1;30mLevel 1[0m create_environment_scripts_only(strawberry_msgs)
[5.055s] [34mcolcon.colcon_core.environment[0m [1;30mLevel 1[0m checking '/home/parallels/Forschsemrep/strawberry_ws/install/strawberry_msgs' for CMake module files
[5.055s] [34mcolcon.colcon_core.environment[0m [1;30mLevel 1[0m checking '/home/parallels/Forschsemrep/strawberry_ws/install/strawberry_msgs' for CMake config files
[5.056s] [34mcolcon.colcon_core.shell[0m [1;30mLevel 1[0m create_environment_hook('strawberry_msgs', 'cmake_prefix_path')
[5.056s] [34mcolcon.colcon_core.shell[0m [1;30mINFO[0m Creating environment hook '/home/parallels/Forschsemrep/strawberry_ws/install/strawberry_msgs/share/strawberry_msgs/hook/cmake_prefix_path.ps1'
[5.057s] [34mcolcon.colcon_core.shell[0m [1;30mINFO[0m Creating environment descriptor '/home/parallels/Forschsemrep/strawberry_ws/install/strawberry_msgs/share/strawberry_msgs/hook/cmake_prefix_path.dsv'
[5.057s] [34mcolcon.colcon_core.shell[0m [1;30mINFO[0m Creating environment hook '/home/parallels/Forschsemrep/strawberry_ws/install/strawberry_msgs/share/strawberry_msgs/hook/cmake_prefix_path.sh'
[5.058s] [34mcolcon.colcon_core.environment[0m [1;30mLevel 1[0m checking '/home/parallels/Forschsemrep/strawberry_ws/install/strawberry_msgs/lib'
[5.058s] [34mcolcon.colcon_core.shell[0m [1;30mLevel 1[0m create_environment_hook('strawberry_msgs', 'ld_library_path_lib')
[5.058s] [34mcolcon.colcon_core.shell[0m [1;30mINFO[0m Creating environment hook '/home/parallels/Forschsemrep/strawberry_ws/install/strawberry_msgs/share/strawberry_msgs/hook/ld_library_path_lib.ps1'
[5.059s] [34mcolcon.colcon_core.shell[0m [1;30mINFO[0m Creating environment descriptor '/home/parallels/Forschsemrep/strawberry_ws/install/strawberry_msgs/share/strawberry_msgs/hook/ld_library_path_lib.dsv'
[5.060s] [34mcolcon.colcon_core.shell[0m [1;30mINFO[0m Creating environment hook '/home/parallels/Forschsemrep/strawberry_ws/install/strawberry_msgs/share/strawberry_msgs/hook/ld_library_path_lib.sh'
[5.060s] [34mcolcon.colcon_core.environment[0m [1;30mLevel 1[0m checking '/home/parallels/Forschsemrep/strawberry_ws/install/strawberry_msgs/bin'
[5.060s] [34mcolcon.colcon_core.environment[0m [1;30mLevel 1[0m checking '/home/parallels/Forschsemrep/strawberry_ws/install/strawberry_msgs/lib/pkgconfig/strawberry_msgs.pc'
[5.061s] [34mcolcon.colcon_core.environment[0m [1;30mLevel 1[0m checking '/home/parallels/Forschsemrep/strawberry_ws/install/strawberry_msgs/lib/python3.10/site-packages'
[5.061s] [34mcolcon.colcon_core.environment[0m [1;30mLevel 1[0m checking '/home/parallels/Forschsemrep/strawberry_ws/install/strawberry_msgs/bin'
[5.061s] [34mcolcon.colcon_core.shell[0m [1;30mINFO[0m Creating package script '/home/parallels/Forschsemrep/strawberry_ws/install/strawberry_msgs/share/strawberry_msgs/package.ps1'
[5.062s] [34mcolcon.colcon_core.shell[0m [1;30mINFO[0m Creating package descriptor '/home/parallels/Forschsemrep/strawberry_ws/install/strawberry_msgs/share/strawberry_msgs/package.dsv'
[5.063s] [34mcolcon.colcon_core.shell[0m [1;30mINFO[0m Creating package script '/home/parallels/Forschsemrep/strawberry_ws/install/strawberry_msgs/share/strawberry_msgs/package.sh'
[5.064s] [34mcolcon.colcon_core.shell[0m [1;30mINFO[0m Creating package script '/home/parallels/Forschsemrep/strawberry_ws/install/strawberry_msgs/share/strawberry_msgs/package.bash'
[5.064s] [34mcolcon.colcon_core.shell[0m [1;30mINFO[0m Creating package script '/home/parallels/Forschsemrep/strawberry_ws/install/strawberry_msgs/share/strawberry_msgs/package.zsh'
[5.065s] [34mcolcon.colcon_core.environment[0m [1;30mLevel 1[0m create_file_with_runtime_dependencies(/home/parallels/Forschsemrep/strawberry_ws/install/strawberry_msgs/share/colcon-core/packages/strawberry_msgs)
[5.065s] [34mcolcon.colcon_core.shell[0m [1;30mLevel 1[0m create_environment_hook('strawberry_camera', 'pythonpath_develop')
[5.065s] [34mcolcon.colcon_core.shell[0m [1;30mINFO[0m Creating environment hook '/home/parallels/Forschsemrep/strawberry_ws/build/strawberry_camera/share/strawberry_camera/hook/pythonpath_develop.ps1'
[5.066s] [34mcolcon.colcon_core.shell[0m [1;30mINFO[0m Creating environment descriptor '/home/parallels/Forschsemrep/strawberry_ws/build/strawberry_camera/share/strawberry_camera/hook/pythonpath_develop.dsv'
[5.067s] [34mcolcon.colcon_core.event_handler.log_command[0m [1;30mDEBUG[0m [32mInvoked command in '/home/parallels/Forschsemrep/strawberry_ws/build/strawberry_camera' returned '0': PYTHONPATH=/home/parallels/Forschsemrep/strawberry_ws/build/strawberry_camera/prefix_override:/usr/lib/python3/dist-packages/colcon_core/task/python/colcon_distutils_commands:/home/parallels/Forschsemrep/strawberry_ws/install/strawberry_camera/lib/python3.10/site-packages:${PYTHONPATH} /usr/bin/python3 -W ignore:setup.py install is deprecated -W ignore:easy_install command is deprecated setup.py develop --editable --build-directory /home/parallels/Forschsemrep/strawberry_ws/build/strawberry_camera/build --no-deps symlink_data[0m
[5.068s] [34mcolcon.colcon_core.shell[0m [1;30mINFO[0m Creating environment hook '/home/parallels/Forschsemrep/strawberry_ws/build/strawberry_camera/share/strawberry_camera/hook/pythonpath_develop.sh'
[5.069s] [34mcolcon.colcon_core.environment[0m [1;30mLevel 1[0m checking '/home/parallels/Forschsemrep/strawberry_ws/install/strawberry_camera' for CMake module files
[5.069s] [34mcolcon.colcon_core.environment[0m [1;30mLevel 1[0m checking '/home/parallels/Forschsemrep/strawberry_ws/install/strawberry_camera' for CMake config files
[5.070s] [34mcolcon.colcon_core.environment[0m [1;30mLevel 1[0m checking '/home/parallels/Forschsemrep/strawberry_ws/install/strawberry_camera/lib'
[5.070s] [34mcolcon.colcon_core.environment[0m [1;30mLevel 1[0m checking '/home/parallels/Forschsemrep/strawberry_ws/install/strawberry_camera/bin'
[5.070s] [34mcolcon.colcon_core.environment[0m [1;30mLevel 1[0m checking '/home/parallels/Forschsemrep/strawberry_ws/install/strawberry_camera/lib/pkgconfig/strawberry_camera.pc'
[5.070s] [34mcolcon.colcon_core.environment[0m [1;30mLevel 1[0m checking '/home/parallels/Forschsemrep/strawberry_ws/install/strawberry_camera/lib/python3.10/site-packages'
[5.070s] [34mcolcon.colcon_core.shell[0m [1;30mLevel 1[0m create_environment_hook('strawberry_camera', 'pythonpath')
[5.070s] [34mcolcon.colcon_core.shell[0m [1;30mINFO[0m Creating environment hook '/home/parallels/Forschsemrep/strawberry_ws/install/strawberry_camera/share/strawberry_camera/hook/pythonpath.ps1'
[5.071s] [34mcolcon.colcon_core.shell[0m [1;30mINFO[0m Creating environment descriptor '/home/parallels/Forschsemrep/strawberry_ws/install/strawberry_camera/share/strawberry_camera/hook/pythonpath.dsv'
[5.072s] [34mcolcon.colcon_core.shell[0m [1;30mINFO[0m Creating environment hook '/home/parallels/Forschsemrep/strawberry_ws/install/strawberry_camera/share/strawberry_camera/hook/pythonpath.sh'
[5.073s] [34mcolcon.colcon_core.environment[0m [1;30mLevel 1[0m checking '/home/parallels/Forschsemrep/strawberry_ws/install/strawberry_camera/bin'
[5.073s] [34mcolcon.colcon_core.environment[0m [1;30mLevel 1[0m create_environment_scripts_only(strawberry_camera)
[5.073s] [34mcolcon.colcon_core.shell[0m [1;30mINFO[0m Creating package script '/home/parallels/Forschsemrep/strawberry_ws/install/strawberry_camera/share/strawberry_camera/package.ps1'
[5.074s] [34mcolcon.colcon_core.shell[0m [1;30mINFO[0m Creating package descriptor '/home/parallels/Forschsemrep/strawberry_ws/install/strawberry_camera/share/strawberry_camera/package.dsv'
[5.074s] [34mcolcon.colcon_core.shell[0m [1;30mINFO[0m Creating package script '/home/parallels/Forschsemrep/strawberry_ws/install/strawberry_camera/share/strawberry_camera/package.sh'
[5.075s] [34mcolcon.colcon_core.shell[0m [1;30mINFO[0m Creating package script '/home/parallels/Forschsemrep/strawberry_ws/install/strawberry_camera/share/strawberry_camera/package.bash'
[5.075s] [34mcolcon.colcon_core.shell[0m [1;30mINFO[0m Creating package script '/home/parallels/Forschsemrep/strawberry_ws/install/strawberry_camera/share/strawberry_camera/package.zsh'
[5.076s] [34mcolcon.colcon_core.environment[0m [1;30mLevel 1[0m create_file_with_runtime_dependencies(/home/parallels/Forschsemrep/strawberry_ws/install/strawberry_camera/share/colcon-core/packages/strawberry_camera)
[5.077s] [34mcolcon.colcon_ros.task.ament_python.build[0m [1;30mINFO[0m Building ROS package in '/home/parallels/Forschsemrep/strawberry_ws/src/strawberry_bringup' with build type 'ament_python'
[5.078s] [34mcolcon.colcon_core.shell[0m [1;30mLevel 1[0m create_environment_hook('strawberry_bringup', 'ament_prefix_path')
[5.078s] [34mcolcon.colcon_core.shell[0m [1;30mINFO[0m Creating environment hook '/home/parallels/Forschsemrep/strawberry_ws/install/strawberry_bringup/share/strawberry_bringup/hook/ament_prefix_path.ps1'
[5.079s] [34mcolcon.colcon_core.shell[0m [1;30mINFO[0m Creating environment descriptor '/home/parallels/Forschsemrep/strawberry_ws/install/strawberry_bringup/share/strawberry_bringup/hook/ament_prefix_path.dsv'
[5.079s] [34mcolcon.colcon_core.shell[0m [1;30mINFO[0m Creating environment hook '/home/parallels/Forschsemrep/strawberry_ws/install/strawberry_bringup/share/strawberry_bringup/hook/ament_prefix_path.sh'
[5.080s] [34mcolcon.colcon_core.shell[0m [1;30mINFO[0m Skip shell extension 'powershell' for command environment: Not usable outside of PowerShell
[5.080s] [34mcolcon.colcon_core.shell[0m [1;30mDEBUG[0m [32mSkip shell extension 'dsv' for command environment[0m
[5.084s] [34mcolcon.colcon_ros.task.ament_python.build[0m [1;30mINFO[0m Building ROS package in '/home/parallels/Forschsemrep/strawberry_ws/src/strawberry_tools' with build type 'ament_python'
[5.085s] [34mcolcon.colcon_core.shell[0m [1;30mLevel 1[0m create_environment_hook('strawberry_tools', 'ament_prefix_path')
[5.085s] [34mcolcon.colcon_core.shell[0m [1;30mINFO[0m Creating environment hook '/home/parallels/Forschsemrep/strawberry_ws/install/strawberry_tools/share/strawberry_tools/hook/ament_prefix_path.ps1'
[5.086s] [34mcolcon.colcon_core.shell[0m [1;30mINFO[0m Creating environment descriptor '/home/parallels/Forschsemrep/strawberry_ws/install/strawberry_tools/share/strawberry_tools/hook/ament_prefix_path.dsv'
[5.086s] [34mcolcon.colcon_core.shell[0m [1;30mINFO[0m Creating environment hook '/home/parallels/Forschsemrep/strawberry_ws/install/strawberry_tools/share/strawberry_tools/hook/ament_prefix_path.sh'
[5.088s] [34mcolcon.colcon_core.shell[0m [1;30mINFO[0m Skip shell extension 'powershell' for command environment: Not usable outside of PowerShell
[5.088s] [34mcolcon.colcon_core.shell[0m [1;30mDEBUG[0m [32mSkip shell extension 'dsv' for command environment[0m
[5.468s] [34mcolcon.colcon_core.task.python.build[0m [1;30mINFO[0m Building Python package in '/home/parallels/Forschsemrep/strawberry_ws/src/strawberry_bringup'
[5.468s] [34mcolcon.colcon_core.shell[0m [1;30mINFO[0m Skip shell extension 'powershell' for command environment: Not usable outside of PowerShell
[5.468s] [34mcolcon.colcon_core.shell[0m [1;30mDEBUG[0m [32mSkip shell extension 'dsv' for command environment[0m
[5.889s] [34mcolcon.colcon_core.task.python.build[0m [1;30mINFO[0m Building Python package in '/home/parallels/Forschsemrep/strawberry_ws/src/strawberry_tools'
[5.890s] [34mcolcon.colcon_core.shell[0m [1;30mINFO[0m Skip shell extension 'powershell' for command environment: Not usable outside of PowerShell
[5.890s] [34mcolcon.colcon_core.shell[0m [1;30mDEBUG[0m [32mSkip shell extension 'dsv' for command environment[0m
[5.901s] [34mcolcon.colcon_core.event_handler.log_command[0m [1;30mDEBUG[0m [32mInvoking command in '/home/parallels/Forschsemrep/strawberry_ws/build/meca500_ros2': PYTHONPATH=/home/parallels/Forschsemrep/strawberry_ws/build/meca500_ros2/prefix_override:/usr/lib/python3/dist-packages/colcon_core/task/python/colcon_distutils_commands:/home/parallels/Forschsemrep/strawberry_ws/install/meca500_ros2/lib/python3.10/site-packages:${PYTHONPATH} /usr/bin/python3 -W ignore:setup.py install is deprecated -W ignore:easy_install command is deprecated setup.py develop --editable --build-directory /home/parallels/Forschsemrep/strawberry_ws/build/meca500_ros2/build --no-deps symlink_data[0m
[6.462s] [34mcolcon.colcon_core.event_handler.log_command[0m [1;30mDEBUG[0m [32mInvoking command in '/home/parallels/Forschsemrep/strawberry_ws/build/strawberry_bringup': AMENT_PREFIX_PATH=/home/parallels/Forschsemrep/strawberry_ws/install/strawberry_segmentation:/home/parallels/Forschsemrep/strawberry_ws/install/strawberry_cluster:/home/parallels/Forschsemrep/strawberry_ws/install/strawberry_camera:/home/parallels/Forschsemrep/strawberry_ws/install/strawberry_tools:/home/parallels/Forschsemrep/strawberry_ws/install/strawberry_bringup:/home/parallels/Forschsemrep/strawberry_ws/install/strawberry_msgs:/home/parallels/Forschsemrep/strawberry_ws/install/meca500_ros2:/opt/ros/humble PYTHONPATH=/home/parallels/Forschsemrep/strawberry_ws/build/strawberry_bringup/prefix_override:/usr/lib/python3/dist-packages/colcon_core/task/python/colcon_distutils_commands:/home/parallels/Forschsemrep/strawberry_ws/install/strawberry_bringup/lib/python3.10/site-packages:/home/parallels/Forschsemrep/strawberry_ws/build/strawberry_segmentation:/home/parallels/Forschsemrep/strawberry_ws/install/strawberry_segmentation/lib/python3.10/site-packages:/home/parallels/Forschsemrep/strawberry_ws/build/strawberry_cluster:/home/parallels/Forschsemrep/strawberry_ws/install/strawberry_cluster/lib/python3.10/site-packages:/home/parallels/Forschsemrep/strawberry_ws/build/strawberry_camera:/home/parallels/Forschsemrep/strawberry_ws/install/strawberry_camera/lib/python3.10/site-packages:/home/parallels/Forschsemrep/strawberry_ws/build/strawberry_tools:/home/parallels/Forschsemrep/strawberry_ws/install/strawberry_tools/lib/python3.10/site-packages:/home/parallels/Forschsemrep/strawberry_ws/build/strawberry_bringup:/home/parallels/Forschsemrep/strawberry_ws/install/strawberry_bringup/lib/python3.10/site-packages:/home/parallels/Forschsemrep/strawberry_ws/install/strawberry_msgs/local/lib/python3.10/dist-packages:/home/parallels/Forschsemrep/strawberry_ws/build/meca500_ros2:/home/parallels/Forschsemrep/strawberry_ws/install/meca500_ros2/lib/python3.10/site-packages:/opt/ros/humble/lib/python3.10/site-packages:/opt/ros/humble/local/lib/python3.10/dist-packages /usr/bin/python3 -W ignore:setup.py install is deprecated -W ignore:easy_install command is deprecated setup.py develop --editable --build-directory /home/parallels/Forschsemrep/strawberry_ws/build/strawberry_bringup/build --no-deps symlink_data[0m
[6.498s] [34mcolcon.colcon_core.event_handler.log_command[0m [1;30mDEBUG[0m [32mInvoking command in '/home/parallels/Forschsemrep/strawberry_ws/build/strawberry_tools': PYTHONPATH=/home/parallels/Forschsemrep/strawberry_ws/build/strawberry_tools/prefix_override:/usr/lib/python3/dist-packages/colcon_core/task/python/colcon_distutils_commands:/home/parallels/Forschsemrep/strawberry_ws/install/strawberry_tools/lib/python3.10/site-packages:${PYTHONPATH} /usr/bin/python3 -W ignore:setup.py install is deprecated -W ignore:easy_install command is deprecated setup.py develop --editable --build-directory /home/parallels/Forschsemrep/strawberry_ws/build/strawberry_tools/build --no-deps symlink_data[0m
[6.749s] [34mcolcon.colcon_core.shell[0m [1;30mLevel 1[0m create_environment_hook('meca500_ros2', 'pythonpath_develop')
[6.749s] [34mcolcon.colcon_core.event_handler.log_command[0m [1;30mDEBUG[0m [32mInvoked command in '/home/parallels/Forschsemrep/strawberry_ws/build/meca500_ros2' returned '0': PYTHONPATH=/home/parallels/Forschsemrep/strawberry_ws/build/meca500_ros2/prefix_override:/usr/lib/python3/dist-packages/colcon_core/task/python/colcon_distutils_commands:/home/parallels/Forschsemrep/strawberry_ws/install/meca500_ros2/lib/python3.10/site-packages:${PYTHONPATH} /usr/bin/python3 -W ignore:setup.py install is deprecated -W ignore:easy_install command is deprecated setup.py develop --editable --build-directory /home/parallels/Forschsemrep/strawberry_ws/build/meca500_ros2/build --no-deps symlink_data[0m
[6.750s] [34mcolcon.colcon_core.shell[0m [1;30mINFO[0m Creating environment hook '/home/parallels/Forschsemrep/strawberry_ws/build/meca500_ros2/share/meca500_ros2/hook/pythonpath_develop.ps1'
[6.751s] [34mcolcon.colcon_core.shell[0m [1;30mINFO[0m Creating environment descriptor '/home/parallels/Forschsemrep/strawberry_ws/build/meca500_ros2/share/meca500_ros2/hook/pythonpath_develop.dsv'
[6.752s] [34mcolcon.colcon_core.shell[0m [1;30mINFO[0m Creating environment hook '/home/parallels/Forschsemrep/strawberry_ws/build/meca500_ros2/share/meca500_ros2/hook/pythonpath_develop.sh'
[6.754s] [34mcolcon.colcon_core.environment[0m [1;30mLevel 1[0m checking '/home/parallels/Forschsemrep/strawberry_ws/install/meca500_ros2' for CMake module files
[6.755s] [34mcolcon.colcon_core.environment[0m [1;30mLevel 1[0m checking '/home/parallels/Forschsemrep/strawberry_ws/install/meca500_ros2' for CMake config files
[6.755s] [34mcolcon.colcon_core.environment[0m [1;30mLevel 1[0m checking '/home/parallels/Forschsemrep/strawberry_ws/install/meca500_ros2/lib'
[6.755s] [34mcolcon.colcon_core.environment[0m [1;30mLevel 1[0m checking '/home/parallels/Forschsemrep/strawberry_ws/install/meca500_ros2/bin'
[6.755s] [34mcolcon.colcon_core.environment[0m [1;30mLevel 1[0m checking '/home/parallels/Forschsemrep/strawberry_ws/install/meca500_ros2/lib/pkgconfig/meca500_ros2.pc'
[6.755s] [34mcolcon.colcon_core.environment[0m [1;30mLevel 1[0m checking '/home/parallels/Forschsemrep/strawberry_ws/install/meca500_ros2/lib/python3.10/site-packages'
[6.756s] [34mcolcon.colcon_core.shell[0m [1;30mLevel 1[0m create_environment_hook('meca500_ros2', 'pythonpath')
[6.756s] [34mcolcon.colcon_core.shell[0m [1;30mINFO[0m Creating environment hook '/home/parallels/Forschsemrep/strawberry_ws/install/meca500_ros2/share/meca500_ros2/hook/pythonpath.ps1'
[6.756s] [34mcolcon.colcon_core.shell[0m [1;30mINFO[0m Creating environment descriptor '/home/parallels/Forschsemrep/strawberry_ws/install/meca500_ros2/share/meca500_ros2/hook/pythonpath.dsv'
[6.757s] [34mcolcon.colcon_core.shell[0m [1;30mINFO[0m Creating environment hook '/home/parallels/Forschsemrep/strawberry_ws/install/meca500_ros2/share/meca500_ros2/hook/pythonpath.sh'
[6.758s] [34mcolcon.colcon_core.environment[0m [1;30mLevel 1[0m checking '/home/parallels/Forschsemrep/strawberry_ws/install/meca500_ros2/bin'
[6.758s] [34mcolcon.colcon_core.environment[0m [1;30mLevel 1[0m create_environment_scripts_only(meca500_ros2)
[6.759s] [34mcolcon.colcon_core.shell[0m [1;30mINFO[0m Creating package script '/home/parallels/Forschsemrep/strawberry_ws/install/meca500_ros2/share/meca500_ros2/package.ps1'
[6.759s] [34mcolcon.colcon_core.shell[0m [1;30mINFO[0m Creating package descriptor '/home/parallels/Forschsemrep/strawberry_ws/install/meca500_ros2/share/meca500_ros2/package.dsv'
[6.760s] [34mcolcon.colcon_core.shell[0m [1;30mINFO[0m Creating package script '/home/parallels/Forschsemrep/strawberry_ws/install/meca500_ros2/share/meca500_ros2/package.sh'
[6.761s] [34mcolcon.colcon_core.shell[0m [1;30mINFO[0m Creating package script '/home/parallels/Forschsemrep/strawberry_ws/install/meca500_ros2/share/meca500_ros2/package.bash'
[6.762s] [34mcolcon.colcon_core.shell[0m [1;30mINFO[0m Creating package script '/home/parallels/Forschsemrep/strawberry_ws/install/meca500_ros2/share/meca500_ros2/package.zsh'
[6.763s] [34mcolcon.colcon_core.environment[0m [1;30mLevel 1[0m create_file_with_runtime_dependencies(/home/parallels/Forschsemrep/strawberry_ws/install/meca500_ros2/share/colcon-core/packages/meca500_ros2)
[7.350s] [34mcolcon.colcon_core.shell[0m [1;30mLevel 1[0m create_environment_hook('strawberry_bringup', 'pythonpath_develop')
[7.352s] [34mcolcon.colcon_core.shell[0m [1;30mINFO[0m Creating environment hook '/home/parallels/Forschsemrep/strawberry_ws/build/strawberry_bringup/share/strawberry_bringup/hook/pythonpath_develop.ps1'
[7.352s] [34mcolcon.colcon_core.event_handler.log_command[0m [1;30mDEBUG[0m [32mInvoked command in '/home/parallels/Forschsemrep/strawberry_ws/build/strawberry_bringup' returned '0': AMENT_PREFIX_PATH=/home/parallels/Forschsemrep/strawberry_ws/install/strawberry_segmentation:/home/parallels/Forschsemrep/strawberry_ws/install/strawberry_cluster:/home/parallels/Forschsemrep/strawberry_ws/install/strawberry_camera:/home/parallels/Forschsemrep/strawberry_ws/install/strawberry_tools:/home/parallels/Forschsemrep/strawberry_ws/install/strawberry_bringup:/home/parallels/Forschsemrep/strawberry_ws/install/strawberry_msgs:/home/parallels/Forschsemrep/strawberry_ws/install/meca500_ros2:/opt/ros/humble PYTHONPATH=/home/parallels/Forschsemrep/strawberry_ws/build/strawberry_bringup/prefix_override:/usr/lib/python3/dist-packages/colcon_core/task/python/colcon_distutils_commands:/home/parallels/Forschsemrep/strawberry_ws/install/strawberry_bringup/lib/python3.10/site-packages:/home/parallels/Forschsemrep/strawberry_ws/build/strawberry_segmentation:/home/parallels/Forschsemrep/strawberry_ws/install/strawberry_segmentation/lib/python3.10/site-packages:/home/parallels/Forschsemrep/strawberry_ws/build/strawberry_cluster:/home/parallels/Forschsemrep/strawberry_ws/install/strawberry_cluster/lib/python3.10/site-packages:/home/parallels/Forschsemrep/strawberry_ws/build/strawberry_camera:/home/parallels/Forschsemrep/strawberry_ws/install/strawberry_camera/lib/python3.10/site-packages:/home/parallels/Forschsemrep/strawberry_ws/build/strawberry_tools:/home/parallels/Forschsemrep/strawberry_ws/install/strawberry_tools/lib/python3.10/site-packages:/home/parallels/Forschsemrep/strawberry_ws/build/strawberry_bringup:/home/parallels/Forschsemrep/strawberry_ws/install/strawberry_bringup/lib/python3.10/site-packages:/home/parallels/Forschsemrep/strawberry_ws/install/strawberry_msgs/local/lib/python3.10/dist-packages:/home/parallels/Forschsemrep/strawberry_ws/build/meca500_ros2:/home/parallels/Forschsemrep/strawberry_ws/install/meca500_ros2/lib/python3.10/site-packages:/opt/ros/humble/lib/python3.10/site-packages:/opt/ros/humble/local/lib/python3.10/dist-packages /usr/bin/python3 -W ignore:setup.py install is deprecated -W ignore:easy_install command is deprecated setup.py develop --editable --build-directory /home/parallels/Forschsemrep/strawberry_ws/build/strawberry_bringup/build --no-deps symlink_data[0m
[7.354s] [34mcolcon.colcon_core.shell[0m [1;30mINFO[0m Creating environment descriptor '/home/parallels/Forschsemrep/strawberry_ws/build/strawberry_bringup/share/strawberry_bringup/hook/pythonpath_develop.dsv'
[7.355s] [34mcolcon.colcon_core.shell[0m [1;30mINFO[0m Creating environment hook '/home/parallels/Forschsemrep/strawberry_ws/build/strawberry_bringup/share/strawberry_bringup/hook/pythonpath_develop.sh'
[7.357s] [34mcolcon.colcon_core.environment[0m [1;30mLevel 1[0m checking '/home/parallels/Forschsemrep/strawberry_ws/install/strawberry_bringup' for CMake module files
[7.358s] [34mcolcon.colcon_core.environment[0m [1;30mLevel 1[0m checking '/home/parallels/Forschsemrep/strawberry_ws/install/strawberry_bringup' for CMake config files
[7.358s] [34mcolcon.colcon_core.environment[0m [1;30mLevel 1[0m checking '/home/parallels/Forschsemrep/strawberry_ws/install/strawberry_bringup/lib'
[7.359s] [34mcolcon.colcon_core.environment[0m [1;30mLevel 1[0m checking '/home/parallels/Forschsemrep/strawberry_ws/install/strawberry_bringup/bin'
[7.359s] [34mcolcon.colcon_core.environment[0m [1;30mLevel 1[0m checking '/home/parallels/Forschsemrep/strawberry_ws/install/strawberry_bringup/lib/pkgconfig/strawberry_bringup.pc'
[7.359s] [34mcolcon.colcon_core.environment[0m [1;30mLevel 1[0m checking '/home/parallels/Forschsemrep/strawberry_ws/install/strawberry_bringup/lib/python3.10/site-packages'
[7.360s] [34mcolcon.colcon_core.shell[0m [1;30mLevel 1[0m create_environment_hook('strawberry_bringup', 'pythonpath')
[7.360s] [34mcolcon.colcon_core.shell[0m [1;30mINFO[0m Creating environment hook '/home/parallels/Forschsemrep/strawberry_ws/install/strawberry_bringup/share/strawberry_bringup/hook/pythonpath.ps1'
[7.361s] [34mcolcon.colcon_core.shell[0m [1;30mINFO[0m Creating environment descriptor '/home/parallels/Forschsemrep/strawberry_ws/install/strawberry_bringup/share/strawberry_bringup/hook/pythonpath.dsv'
[7.362s] [34mcolcon.colcon_core.shell[0m [1;30mINFO[0m Creating environment hook '/home/parallels/Forschsemrep/strawberry_ws/install/strawberry_bringup/share/strawberry_bringup/hook/pythonpath.sh'
[7.364s] [34mcolcon.colcon_core.environment[0m [1;30mLevel 1[0m checking '/home/parallels/Forschsemrep/strawberry_ws/install/strawberry_bringup/bin'
[7.364s] [34mcolcon.colcon_core.environment[0m [1;30mLevel 1[0m create_environment_scripts_only(strawberry_bringup)
[7.365s] [34mcolcon.colcon_core.shell[0m [1;30mINFO[0m Creating package script '/home/parallels/Forschsemrep/strawberry_ws/install/strawberry_bringup/share/strawberry_bringup/package.ps1'
[7.366s] [34mcolcon.colcon_core.shell[0m [1;30mINFO[0m Creating package descriptor '/home/parallels/Forschsemrep/strawberry_ws/install/strawberry_bringup/share/strawberry_bringup/package.dsv'
[7.367s] [34mcolcon.colcon_core.shell[0m [1;30mINFO[0m Creating package script '/home/parallels/Forschsemrep/strawberry_ws/install/strawberry_bringup/share/strawberry_bringup/package.sh'
[7.368s] [34mcolcon.colcon_core.shell[0m [1;30mINFO[0m Creating package script '/home/parallels/Forschsemrep/strawberry_ws/install/strawberry_bringup/share/strawberry_bringup/package.bash'
[7.368s] [34mcolcon.colcon_core.shell[0m [1;30mINFO[0m Creating package script '/home/parallels/Forschsemrep/strawberry_ws/install/strawberry_bringup/share/strawberry_bringup/package.zsh'
[7.370s] [34mcolcon.colcon_core.environment[0m [1;30mLevel 1[0m create_file_with_runtime_dependencies(/home/parallels/Forschsemrep/strawberry_ws/install/strawberry_bringup/share/colcon-core/packages/strawberry_bringup)
[7.375s] [34mcolcon.colcon_core.shell[0m [1;30mLevel 1[0m create_environment_hook('strawberry_tools', 'pythonpath_develop')
[7.375s] [34mcolcon.colcon_core.shell[0m [1;30mINFO[0m Creating environment hook '/home/parallels/Forschsemrep/strawberry_ws/build/strawberry_tools/share/strawberry_tools/hook/pythonpath_develop.ps1'
[7.377s] [34mcolcon.colcon_core.shell[0m [1;30mINFO[0m Creating environment descriptor '/home/parallels/Forschsemrep/strawberry_ws/build/strawberry_tools/share/strawberry_tools/hook/pythonpath_develop.dsv'
[7.378s] [34mcolcon.colcon_core.event_handler.log_command[0m [1;30mDEBUG[0m [32mInvoked command in '/home/parallels/Forschsemrep/strawberry_ws/build/strawberry_tools' returned '0': PYTHONPATH=/home/parallels/Forschsemrep/strawberry_ws/build/strawberry_tools/prefix_override:/usr/lib/python3/dist-packages/colcon_core/task/python/colcon_distutils_commands:/home/parallels/Forschsemrep/strawberry_ws/install/strawberry_tools/lib/python3.10/site-packages:${PYTHONPATH} /usr/bin/python3 -W ignore:setup.py install is deprecated -W ignore:easy_install command is deprecated setup.py develop --editable --build-directory /home/parallels/Forschsemrep/strawberry_ws/build/strawberry_tools/build --no-deps symlink_data[0m
[7.379s] [34mcolcon.colcon_core.shell[0m [1;30mINFO[0m Creating environment hook '/home/parallels/Forschsemrep/strawberry_ws/build/strawberry_tools/share/strawberry_tools/hook/pythonpath_develop.sh'
[7.380s] [34mcolcon.colcon_core.environment[0m [1;30mLevel 1[0m checking '/home/parallels/Forschsemrep/strawberry_ws/install/strawberry_tools' for CMake module files
[7.382s] [34mcolcon.colcon_core.environment[0m [1;30mLevel 1[0m checking '/home/parallels/Forschsemrep/strawberry_ws/install/strawberry_tools' for CMake config files
[7.386s] [34mcolcon.colcon_core.environment[0m [1;30mLevel 1[0m checking '/home/parallels/Forschsemrep/strawberry_ws/install/strawberry_tools/lib'
[7.386s] [34mcolcon.colcon_core.environment[0m [1;30mLevel 1[0m checking '/home/parallels/Forschsemrep/strawberry_ws/install/strawberry_tools/bin'
[7.386s] [34mcolcon.colcon_core.environment[0m [1;30mLevel 1[0m checking '/home/parallels/Forschsemrep/strawberry_ws/install/strawberry_tools/lib/pkgconfig/strawberry_tools.pc'
[7.386s] [34mcolcon.colcon_core.environment[0m [1;30mLevel 1[0m checking '/home/parallels/Forschsemrep/strawberry_ws/install/strawberry_tools/lib/python3.10/site-packages'
[7.386s] [34mcolcon.colcon_core.shell[0m [1;30mLevel 1[0m create_environment_hook('strawberry_tools', 'pythonpath')
[7.387s] [34mcolcon.colcon_core.shell[0m [1;30mINFO[0m Creating environment hook '/home/parallels/Forschsemrep/strawberry_ws/install/strawberry_tools/share/strawberry_tools/hook/pythonpath.ps1'
[7.388s] [34mcolcon.colcon_core.shell[0m [1;30mINFO[0m Creating environment descriptor '/home/parallels/Forschsemrep/strawberry_ws/install/strawberry_tools/share/strawberry_tools/hook/pythonpath.dsv'
[7.389s] [34mcolcon.colcon_core.shell[0m [1;30mINFO[0m Creating environment hook '/home/parallels/Forschsemrep/strawberry_ws/install/strawberry_tools/share/strawberry_tools/hook/pythonpath.sh'
[7.390s] [34mcolcon.colcon_core.environment[0m [1;30mLevel 1[0m checking '/home/parallels/Forschsemrep/strawberry_ws/install/strawberry_tools/bin'
[7.391s] [34mcolcon.colcon_core.environment[0m [1;30mLevel 1[0m create_environment_scripts_only(strawberry_tools)
[7.391s] [34mcolcon.colcon_core.shell[0m [1;30mINFO[0m Creating package script '/home/parallels/Forschsemrep/strawberry_ws/install/strawberry_tools/share/strawberry_tools/package.ps1'
[7.393s] [34mcolcon.colcon_core.shell[0m [1;30mINFO[0m Creating package descriptor '/home/parallels/Forschsemrep/strawberry_ws/install/strawberry_tools/share/strawberry_tools/package.dsv'
[7.395s] [34mcolcon.colcon_core.shell[0m [1;30mINFO[0m Creating package script '/home/parallels/Forschsemrep/strawberry_ws/install/strawberry_tools/share/strawberry_tools/package.sh'
[7.397s] [34mcolcon.colcon_core.shell[0m [1;30mINFO[0m Creating package script '/home/parallels/Forschsemrep/strawberry_ws/install/strawberry_tools/share/strawberry_tools/package.bash'
[7.398s] [34mcolcon.colcon_core.shell[0m [1;30mINFO[0m Creating package script '/home/parallels/Forschsemrep/strawberry_ws/install/strawberry_tools/share/strawberry_tools/package.zsh'
[7.399s] [34mcolcon.colcon_core.environment[0m [1;30mLevel 1[0m create_file_with_runtime_dependencies(/home/parallels/Forschsemrep/strawberry_ws/install/strawberry_tools/share/colcon-core/packages/strawberry_tools)
[7.399s] [34mcolcon.colcon_parallel_executor.executor.parallel[0m [1;30mDEBUG[0m [32mclosing loop[0m
[7.400s] [34mcolcon.colcon_parallel_executor.executor.parallel[0m [1;30mDEBUG[0m [32mloop closed[0m
[7.400s] [34mcolcon.colcon_parallel_executor.executor.parallel[0m [1;30mDEBUG[0m [32mrun_until_complete finished with '0'[0m
[7.401s] [34mcolcon.colcon_core.event_reactor[0m [1;30mDEBUG[0m [32mjoining thread[0m
[7.413s] [34mcolcon.colcon_core.plugin_system[0m [1;30mINFO[0m Skipping extension 'colcon_notification.desktop_notification.terminal_notifier': Not used on non-Darwin systems
[7.413s] [34mcolcon.colcon_core.plugin_system[0m [1;30mINFO[0m Skipping extension 'colcon_notification.desktop_notification.win32': Not used on non-Windows systems
[7.414s] [34mcolcon.colcon_notification.desktop_notification[0m [1;30mINFO[0m Sending desktop notification using 'notify2'
[7.459s] [34mcolcon.colcon_core.event_reactor[0m [1;30mDEBUG[0m [32mjoined thread[0m
[7.460s] [34mcolcon.colcon_core.shell[0m [1;30mINFO[0m Creating prefix script '/home/parallels/Forschsemrep/strawberry_ws/install/local_setup.ps1'
[7.462s] [34mcolcon.colcon_core.shell[0m [1;30mINFO[0m Creating prefix util module '/home/parallels/Forschsemrep/strawberry_ws/install/_local_setup_util_ps1.py'
[7.468s] [34mcolcon.colcon_core.shell[0m [1;30mINFO[0m Creating prefix chain script '/home/parallels/Forschsemrep/strawberry_ws/install/setup.ps1'
[7.475s] [34mcolcon.colcon_core.shell[0m [1;30mINFO[0m Creating prefix script '/home/parallels/Forschsemrep/strawberry_ws/install/local_setup.sh'
[7.477s] [34mcolcon.colcon_core.shell[0m [1;30mINFO[0m Creating prefix util module '/home/parallels/Forschsemrep/strawberry_ws/install/_local_setup_util_sh.py'
[7.482s] [34mcolcon.colcon_core.shell[0m [1;30mINFO[0m Creating prefix chain script '/home/parallels/Forschsemrep/strawberry_ws/install/setup.sh'
[7.484s] [34mcolcon.colcon_core.shell[0m [1;30mINFO[0m Creating prefix script '/home/parallels/Forschsemrep/strawberry_ws/install/local_setup.bash'
[7.485s] [34mcolcon.colcon_core.shell[0m [1;30mINFO[0m Creating prefix chain script '/home/parallels/Forschsemrep/strawberry_ws/install/setup.bash'
[7.487s] [34mcolcon.colcon_core.shell[0m [1;30mINFO[0m Creating prefix script '/home/parallels/Forschsemrep/strawberry_ws/install/local_setup.zsh'
[7.489s] [34mcolcon.colcon_core.shell[0m [1;30mINFO[0m Creating prefix chain script '/home/parallels/Forschsemrep/strawberry_ws/install/setup.zsh'
