[0.000000] (-) TimerEvent: {}
[0.000635] (meca500_ros2) JobQueued: {'identifier': 'meca500_ros2', 'dependencies': OrderedDict()}
[0.000871] (strawberry_camera) JobQueued: {'identifier': 'strawberry_camera', 'dependencies': OrderedDict()}
[0.000934] (strawberry_cluster) JobQueued: {'identifier': 'strawberry_cluster', 'dependencies': OrderedDict()}
[0.000978] (strawberry_msgs) JobQueued: {'identifier': 'strawberry_msgs', 'dependencies': OrderedDict()}
[0.001023] (strawberry_segmentation) JobQueued: {'identifier': 'strawberry_segmentation', 'dependencies': OrderedDict()}
[0.001067] (strawberry_bringup) JobQueued: {'identifier': 'strawberry_bringup', 'dependencies': OrderedDict([('strawberry_camera', '/home/parallels/Forschsemrep/strawberry_ws/install/strawberry_camera'), ('strawberry_cluster', '/home/parallels/Forschsemrep/strawberry_ws/install/strawberry_cluster'), ('strawberry_msgs', '/home/parallels/Forschsemrep/strawberry_ws/install/strawberry_msgs'), ('strawberry_segmentation', '/home/parallels/Forschsemrep/strawberry_ws/install/strawberry_segmentation')])}
[0.001118] (strawberry_tools) JobQueued: {'identifier': 'strawberry_tools', 'dependencies': OrderedDict([('strawberry_msgs', '/home/parallels/Forschsemrep/strawberry_ws/install/strawberry_msgs')])}
[0.001281] (strawberry_msgs) JobStarted: {'identifier': 'strawberry_msgs'}
[0.014364] (strawberry_camera) JobStarted: {'identifier': 'strawberry_camera'}
[0.025232] (strawberry_cluster) JobStarted: {'identifier': 'strawberry_cluster'}
[0.034546] (strawberry_segmentation) JobStarted: {'identifier': 'strawberry_segmentation'}
[0.044882] (strawberry_msgs) JobProgress: {'identifier': 'strawberry_msgs', 'progress': 'cmake'}
[0.046650] (strawberry_msgs) JobProgress: {'identifier': 'strawberry_msgs', 'progress': 'build'}
[0.046920] (strawberry_msgs) Command: {'cmd': ['/usr/bin/cmake', '--build', '/home/parallels/Forschsemrep/strawberry_ws/build/strawberry_msgs', '--', '-j4', '-l4'], 'cwd': '/home/parallels/Forschsemrep/strawberry_ws/build/strawberry_msgs', 'env': OrderedDict([('GJS_DEBUG_TOPICS', 'JS ERROR;JS LOG'), ('LESSOPEN', '| /usr/bin/lesspipe %s'), ('USER', 'parallels'), ('XDG_SESSION_TYPE', 'wayland'), ('SHLVL', '1'), ('LD_LIBRARY_PATH', '/home/parallels/Forschsemrep/strawberry_ws/install/strawberry_msgs/lib:/usr/lib/x86_64-linux-gnu/gazebo-11/plugins:/opt/ros/humble/opt/rviz_ogre_vendor/lib:/opt/ros/humble/lib/x86_64-linux-gnu:/opt/ros/humble/lib'), ('HOME', '/home/parallels'), ('CONDA_SHLVL', '0'), ('DESKTOP_SESSION', 'ubuntu'), ('GIO_LAUNCHED_DESKTOP_FILE', '/usr/share/applications/terminator.desktop'), ('ROS_PYTHON_VERSION', '3'), ('GNOME_SHELL_SESSION_MODE', 'ubuntu'), ('GTK_MODULES', 'gail:atk-bridge'), ('MANAGERPID', '2681'), ('SYSTEMD_EXEC_PID', '2870'), ('DBUS_SESSION_BUS_ADDRESS', 'unix:path=/run/user/1000/bus'), ('COLORTERM', 'truecolor'), ('TERMINATOR_DBUS_NAME', 'net.tenshu.Terminator25ef4b219e3b005583550f2b0f9f990c3'), ('GIO_LAUNCHED_DESKTOP_FILE_PID', '41369'), ('IM_CONFIG_PHASE', '1'), ('WAYLAND_DISPLAY', 'wayland-0'), ('COLCON_PREFIX_PATH', '/home/parallels/Forschsemrep/strawberry_ws/install'), ('ROS_DISTRO', 'humble'), ('LOGNAME', 'parallels'), ('JOURNAL_STREAM', '8:20584'), ('_', '/usr/bin/colcon'), ('ROS_VERSION', '2'), ('XDG_SESSION_CLASS', 'user'), ('USERNAME', 'parallels'), ('TERM', 'xterm-256color'), ('GNOME_DESKTOP_SESSION_ID', 'this-is-deprecated'), ('ROS_LOCALHOST_ONLY', '0'), ('PATH', '/opt/ros/humble/bin:/home/parallels/.local/bin:/home/parallels/miniforge3/condabin:/home/parallels/.local/bin:/usr/local/sbin:/usr/local/bin:/usr/sbin:/usr/bin:/sbin:/bin:/usr/games:/usr/local/games:/snap/bin:/snap/bin:/home/parallels/.dotnet/tools:/opt/mssql-tools/bin'), ('SESSION_MANAGER', 'local/parallels-Parallels-Virtual-Platform:@/tmp/.ICE-unix/2845,unix/parallels-Parallels-Virtual-Platform:/tmp/.ICE-unix/2845'), ('INVOCATION_ID', '35c8364f9b114774aaacea0182c3bf7d'), ('XDG_MENU_PREFIX', 'gnome-'), ('GNOME_SETUP_DISPLAY', ':1'), ('XDG_RUNTIME_DIR', '/run/user/1000'), ('MAMBA_ROOT_PREFIX', '/home/parallels/miniforge3'), ('DISPLAY', ':0'), ('TERMINATOR_DBUS_PATH', '/net/tenshu/Terminator2'), ('LANG', 'en_US.UTF-8'), ('XDG_CURRENT_DESKTOP', 'ubuntu:GNOME'), ('DOTNET_BUNDLE_EXTRACT_BASE_DIR', '/home/parallels/.cache/dotnet_bundle_extract'), ('IBUS_DISABLE_SNOOPER', '1'), ('XMODIFIERS', '@im=ibus'), ('XDG_SESSION_DESKTOP', 'ubuntu'), ('XAUTHORITY', '/run/user/1000/.mutter-Xwaylandauth.C2OUI3'), ('LS_COLORS', 'rs=0:di=01;34:ln=01;36:mh=00:pi=40;33:so=01;35:do=01;35:bd=40;33;01:cd=40;33;01:or=40;31;01:mi=00:su=37;41:sg=30;43:ca=30;41:tw=30;42:ow=34;42:st=37;44:ex=01;32:*.tar=01;31:*.tgz=01;31:*.arc=01;31:*.arj=01;31:*.taz=01;31:*.lha=01;31:*.lz4=01;31:*.lzh=01;31:*.lzma=01;31:*.tlz=01;31:*.txz=01;31:*.tzo=01;31:*.t7z=01;31:*.zip=01;31:*.z=01;31:*.dz=01;31:*.gz=01;31:*.lrz=01;31:*.lz=01;31:*.lzo=01;31:*.xz=01;31:*.zst=01;31:*.tzst=01;31:*.bz2=01;31:*.bz=01;31:*.tbz=01;31:*.tbz2=01;31:*.tz=01;31:*.deb=01;31:*.rpm=01;31:*.jar=01;31:*.war=01;31:*.ear=01;31:*.sar=01;31:*.rar=01;31:*.alz=01;31:*.ace=01;31:*.zoo=01;31:*.cpio=01;31:*.7z=01;31:*.rz=01;31:*.cab=01;31:*.wim=01;31:*.swm=01;31:*.dwm=01;31:*.esd=01;31:*.jpg=01;35:*.jpeg=01;35:*.mjpg=01;35:*.mjpeg=01;35:*.gif=01;35:*.bmp=01;35:*.pbm=01;35:*.pgm=01;35:*.ppm=01;35:*.tga=01;35:*.xbm=01;35:*.xpm=01;35:*.tif=01;35:*.tiff=01;35:*.png=01;35:*.svg=01;35:*.svgz=01;35:*.mng=01;35:*.pcx=01;35:*.mov=01;35:*.mpg=01;35:*.mpeg=01;35:*.m2v=01;35:*.mkv=01;35:*.webm=01;35:*.webp=01;35:*.ogm=01;35:*.mp4=01;35:*.m4v=01;35:*.mp4v=01;35:*.vob=01;35:*.qt=01;35:*.nuv=01;35:*.wmv=01;35:*.asf=01;35:*.rm=01;35:*.rmvb=01;35:*.flc=01;35:*.avi=01;35:*.fli=01;35:*.flv=01;35:*.gl=01;35:*.dl=01;35:*.xcf=01;35:*.xwd=01;35:*.yuv=01;35:*.cgm=01;35:*.emf=01;35:*.ogv=01;35:*.ogx=01;35:*.aac=00;36:*.au=00;36:*.flac=00;36:*.m4a=00;36:*.mid=00;36:*.midi=00;36:*.mka=00;36:*.mp3=00;36:*.mpc=00;36:*.ogg=00;36:*.ra=00;36:*.wav=00;36:*.oga=00;36:*.opus=00;36:*.spx=00;36:*.xspf=00;36:'), ('SSH_AGENT_LAUNCHER', 'gnome-keyring'), ('SSH_AUTH_SOCK', '/run/user/1000/keyring/ssh'), ('AMENT_PREFIX_PATH', '/home/parallels/Forschsemrep/strawberry_ws/install/strawberry_tools:/home/parallels/Forschsemrep/strawberry_ws/install/strawberry_bringup:/home/parallels/Forschsemrep/strawberry_ws/install/strawberry_segmentation:/home/parallels/Forschsemrep/strawberry_ws/install/strawberry_msgs:/home/parallels/Forschsemrep/strawberry_ws/install/strawberry_cluster:/home/parallels/Forschsemrep/strawberry_ws/install/strawberry_camera:/home/parallels/Forschsemrep/strawberry_ws/install/meca500_ros2:/opt/ros/humble'), ('CONDA_PYTHON_EXE', '/home/parallels/miniforge3/bin/python'), ('SHELL', '/bin/bash'), ('TERMINATOR_UUID', 'urn:uuid:8d0bf59f-046b-411d-a636-acb374433449'), ('QT_ACCESSIBILITY', '1'), ('GDMSESSION', 'ubuntu'), ('LESSCLOSE', '/usr/bin/lesspipe %s %s'), ('GJS_DEBUG_OUTPUT', 'stderr'), ('MAMBA_EXE', '/home/parallels/miniforge3/bin/mamba'), ('QT_IM_MODULE', 'ibus'), ('PWD', '/home/parallels/Forschsemrep/strawberry_ws/build/strawberry_msgs'), ('XDG_CONFIG_DIRS', '/etc/xdg/xdg-ubuntu:/etc/xdg'), ('CONDA_EXE', '/home/parallels/miniforge3/bin/conda'), ('XDG_DATA_DIRS', '/usr/share/ubuntu:/usr/local/share/:/usr/share/:/var/lib/snapd/desktop'), ('PYTHONPATH', '/home/parallels/Forschsemrep/strawberry_ws/build/strawberry_tools:/home/parallels/Forschsemrep/strawberry_ws/install/strawberry_tools/lib/python3.10/site-packages:/home/parallels/Forschsemrep/strawberry_ws/build/strawberry_bringup:/home/parallels/Forschsemrep/strawberry_ws/install/strawberry_bringup/lib/python3.10/site-packages:/home/parallels/Forschsemrep/strawberry_ws/build/strawberry_segmentation:/home/parallels/Forschsemrep/strawberry_ws/install/strawberry_segmentation/lib/python3.10/site-packages:/home/parallels/Forschsemrep/strawberry_ws/install/strawberry_msgs/local/lib/python3.10/dist-packages:/home/parallels/Forschsemrep/strawberry_ws/build/strawberry_cluster:/home/parallels/Forschsemrep/strawberry_ws/install/strawberry_cluster/lib/python3.10/site-packages:/home/parallels/Forschsemrep/strawberry_ws/build/strawberry_camera:/home/parallels/Forschsemrep/strawberry_ws/install/strawberry_camera/lib/python3.10/site-packages:/home/parallels/Forschsemrep/strawberry_ws/build/meca500_ros2:/home/parallels/Forschsemrep/strawberry_ws/install/meca500_ros2/lib/python3.10/site-packages:/opt/ros/humble/lib/python3.10/site-packages:/opt/ros/humble/local/lib/python3.10/dist-packages'), ('COLCON', '1'), ('VTE_VERSION', '6800'), ('CMAKE_PREFIX_PATH', '/home/parallels/Forschsemrep/strawberry_ws/install/strawberry_msgs:/home/parallels/Forschsemrep/strawberry_ws/install/strawberry_tools:/home/parallels/Forschsemrep/strawberry_ws/install/strawberry_bringup:/home/parallels/Forschsemrep/strawberry_ws/install/strawberry_segmentation:/home/parallels/Forschsemrep/strawberry_ws/install/strawberry_cluster:/home/parallels/Forschsemrep/strawberry_ws/install/strawberry_camera:/home/parallels/Forschsemrep/strawberry_ws/install/meca500_ros2:/opt/ros/humble')]), 'shell': False}
[0.099338] (-) TimerEvent: {}
[0.202221] (-) TimerEvent: {}
[0.303002] (-) TimerEvent: {}
[0.403582] (-) TimerEvent: {}
[0.504057] (-) TimerEvent: {}
[0.605948] (-) TimerEvent: {}
[0.706349] (-) TimerEvent: {}
[0.807023] (-) TimerEvent: {}
[0.874510] (strawberry_msgs) StdoutLine: {'line': b'[  2%] Built target strawberry_msgs__cpp\n'}
[0.877486] (strawberry_msgs) StdoutLine: {'line': b'[ 12%] Built target strawberry_msgs__rosidl_generator_c\n'}
[0.878783] (strawberry_msgs) StdoutLine: {'line': b'[ 12%] Built target ament_cmake_python_symlink_strawberry_msgs\n'}
[0.879747] (strawberry_msgs) StdoutLine: {'line': b'[ 23%] Built target strawberry_msgs__rosidl_typesupport_cpp\n'}
[0.880590] (strawberry_msgs) StdoutLine: {'line': b'[ 33%] Built target strawberry_msgs__rosidl_typesupport_fastrtps_cpp\n'}
[0.880772] (strawberry_msgs) StdoutLine: {'line': b'[ 43%] Built target strawberry_msgs__rosidl_typesupport_fastrtps_c\n'}
[0.880949] (strawberry_msgs) StdoutLine: {'line': b'[ 53%] Built target strawberry_msgs__rosidl_typesupport_introspection_cpp\n'}
[0.881068] (strawberry_msgs) StdoutLine: {'line': b'[ 64%] Built target strawberry_msgs__rosidl_typesupport_c\n'}
[0.881380] (strawberry_msgs) StdoutLine: {'line': b'[ 74%] Built target strawberry_msgs__rosidl_typesupport_introspection_c\n'}
[0.881563] (strawberry_msgs) StdoutLine: {'line': b'[ 74%] Built target strawberry_msgs\n'}
[0.881857] (strawberry_msgs) StdoutLine: {'line': b'[ 76%] Built target strawberry_msgs__py\n'}
[0.882085] (strawberry_msgs) StdoutLine: {'line': b'[ 84%] Built target strawberry_msgs__rosidl_generator_py\n'}
[0.882233] (strawberry_msgs) StdoutLine: {'line': b'[ 89%] Built target strawberry_msgs__rosidl_typesupport_introspection_c__pyext\n'}
[0.882401] (strawberry_msgs) StdoutLine: {'line': b'[ 94%] Built target strawberry_msgs__rosidl_typesupport_c__pyext\n'}
[0.883506] (strawberry_msgs) StdoutLine: {'line': b'[100%] Built target strawberry_msgs__rosidl_typesupport_fastrtps_c__pyext\n'}
[0.883744] (strawberry_msgs) StdoutLine: {'line': b'running egg_info\n'}
[0.883921] (strawberry_msgs) StdoutLine: {'line': b'writing strawberry_msgs.egg-info/PKG-INFO\n'}
[0.884176] (strawberry_msgs) StdoutLine: {'line': b'writing dependency_links to strawberry_msgs.egg-info/dependency_links.txt\n'}
[0.884279] (strawberry_msgs) StdoutLine: {'line': b'writing top-level names to strawberry_msgs.egg-info/top_level.txt\n'}
[0.884359] (strawberry_msgs) StdoutLine: {'line': b"reading manifest file 'strawberry_msgs.egg-info/SOURCES.txt'\n"}
[0.884413] (strawberry_msgs) StdoutLine: {'line': b"writing manifest file 'strawberry_msgs.egg-info/SOURCES.txt'\n"}
[0.884486] (strawberry_msgs) StdoutLine: {'line': b'[100%] Built target ament_cmake_python_build_strawberry_msgs_egg\n'}
[0.884544] (strawberry_msgs) CommandEnded: {'returncode': 0}
[0.885000] (strawberry_msgs) JobProgress: {'identifier': 'strawberry_msgs', 'progress': 'install'}
[0.896802] (strawberry_msgs) Command: {'cmd': ['/usr/bin/cmake', '--install', '/home/parallels/Forschsemrep/strawberry_ws/build/strawberry_msgs'], 'cwd': '/home/parallels/Forschsemrep/strawberry_ws/build/strawberry_msgs', 'env': OrderedDict([('GJS_DEBUG_TOPICS', 'JS ERROR;JS LOG'), ('LESSOPEN', '| /usr/bin/lesspipe %s'), ('USER', 'parallels'), ('XDG_SESSION_TYPE', 'wayland'), ('SHLVL', '1'), ('LD_LIBRARY_PATH', '/home/parallels/Forschsemrep/strawberry_ws/install/strawberry_msgs/lib:/usr/lib/x86_64-linux-gnu/gazebo-11/plugins:/opt/ros/humble/opt/rviz_ogre_vendor/lib:/opt/ros/humble/lib/x86_64-linux-gnu:/opt/ros/humble/lib'), ('HOME', '/home/parallels'), ('CONDA_SHLVL', '0'), ('DESKTOP_SESSION', 'ubuntu'), ('GIO_LAUNCHED_DESKTOP_FILE', '/usr/share/applications/terminator.desktop'), ('ROS_PYTHON_VERSION', '3'), ('GNOME_SHELL_SESSION_MODE', 'ubuntu'), ('GTK_MODULES', 'gail:atk-bridge'), ('MANAGERPID', '2681'), ('SYSTEMD_EXEC_PID', '2870'), ('DBUS_SESSION_BUS_ADDRESS', 'unix:path=/run/user/1000/bus'), ('COLORTERM', 'truecolor'), ('TERMINATOR_DBUS_NAME', 'net.tenshu.Terminator25ef4b219e3b005583550f2b0f9f990c3'), ('GIO_LAUNCHED_DESKTOP_FILE_PID', '41369'), ('IM_CONFIG_PHASE', '1'), ('WAYLAND_DISPLAY', 'wayland-0'), ('COLCON_PREFIX_PATH', '/home/parallels/Forschsemrep/strawberry_ws/install'), ('ROS_DISTRO', 'humble'), ('LOGNAME', 'parallels'), ('JOURNAL_STREAM', '8:20584'), ('_', '/usr/bin/colcon'), ('ROS_VERSION', '2'), ('XDG_SESSION_CLASS', 'user'), ('USERNAME', 'parallels'), ('TERM', 'xterm-256color'), ('GNOME_DESKTOP_SESSION_ID', 'this-is-deprecated'), ('ROS_LOCALHOST_ONLY', '0'), ('PATH', '/opt/ros/humble/bin:/home/parallels/.local/bin:/home/parallels/miniforge3/condabin:/home/parallels/.local/bin:/usr/local/sbin:/usr/local/bin:/usr/sbin:/usr/bin:/sbin:/bin:/usr/games:/usr/local/games:/snap/bin:/snap/bin:/home/parallels/.dotnet/tools:/opt/mssql-tools/bin'), ('SESSION_MANAGER', 'local/parallels-Parallels-Virtual-Platform:@/tmp/.ICE-unix/2845,unix/parallels-Parallels-Virtual-Platform:/tmp/.ICE-unix/2845'), ('INVOCATION_ID', '35c8364f9b114774aaacea0182c3bf7d'), ('XDG_MENU_PREFIX', 'gnome-'), ('GNOME_SETUP_DISPLAY', ':1'), ('XDG_RUNTIME_DIR', '/run/user/1000'), ('MAMBA_ROOT_PREFIX', '/home/parallels/miniforge3'), ('DISPLAY', ':0'), ('TERMINATOR_DBUS_PATH', '/net/tenshu/Terminator2'), ('LANG', 'en_US.UTF-8'), ('XDG_CURRENT_DESKTOP', 'ubuntu:GNOME'), ('DOTNET_BUNDLE_EXTRACT_BASE_DIR', '/home/parallels/.cache/dotnet_bundle_extract'), ('IBUS_DISABLE_SNOOPER', '1'), ('XMODIFIERS', '@im=ibus'), ('XDG_SESSION_DESKTOP', 'ubuntu'), ('XAUTHORITY', '/run/user/1000/.mutter-Xwaylandauth.C2OUI3'), ('LS_COLORS', 'rs=0:di=01;34:ln=01;36:mh=00:pi=40;33:so=01;35:do=01;35:bd=40;33;01:cd=40;33;01:or=40;31;01:mi=00:su=37;41:sg=30;43:ca=30;41:tw=30;42:ow=34;42:st=37;44:ex=01;32:*.tar=01;31:*.tgz=01;31:*.arc=01;31:*.arj=01;31:*.taz=01;31:*.lha=01;31:*.lz4=01;31:*.lzh=01;31:*.lzma=01;31:*.tlz=01;31:*.txz=01;31:*.tzo=01;31:*.t7z=01;31:*.zip=01;31:*.z=01;31:*.dz=01;31:*.gz=01;31:*.lrz=01;31:*.lz=01;31:*.lzo=01;31:*.xz=01;31:*.zst=01;31:*.tzst=01;31:*.bz2=01;31:*.bz=01;31:*.tbz=01;31:*.tbz2=01;31:*.tz=01;31:*.deb=01;31:*.rpm=01;31:*.jar=01;31:*.war=01;31:*.ear=01;31:*.sar=01;31:*.rar=01;31:*.alz=01;31:*.ace=01;31:*.zoo=01;31:*.cpio=01;31:*.7z=01;31:*.rz=01;31:*.cab=01;31:*.wim=01;31:*.swm=01;31:*.dwm=01;31:*.esd=01;31:*.jpg=01;35:*.jpeg=01;35:*.mjpg=01;35:*.mjpeg=01;35:*.gif=01;35:*.bmp=01;35:*.pbm=01;35:*.pgm=01;35:*.ppm=01;35:*.tga=01;35:*.xbm=01;35:*.xpm=01;35:*.tif=01;35:*.tiff=01;35:*.png=01;35:*.svg=01;35:*.svgz=01;35:*.mng=01;35:*.pcx=01;35:*.mov=01;35:*.mpg=01;35:*.mpeg=01;35:*.m2v=01;35:*.mkv=01;35:*.webm=01;35:*.webp=01;35:*.ogm=01;35:*.mp4=01;35:*.m4v=01;35:*.mp4v=01;35:*.vob=01;35:*.qt=01;35:*.nuv=01;35:*.wmv=01;35:*.asf=01;35:*.rm=01;35:*.rmvb=01;35:*.flc=01;35:*.avi=01;35:*.fli=01;35:*.flv=01;35:*.gl=01;35:*.dl=01;35:*.xcf=01;35:*.xwd=01;35:*.yuv=01;35:*.cgm=01;35:*.emf=01;35:*.ogv=01;35:*.ogx=01;35:*.aac=00;36:*.au=00;36:*.flac=00;36:*.m4a=00;36:*.mid=00;36:*.midi=00;36:*.mka=00;36:*.mp3=00;36:*.mpc=00;36:*.ogg=00;36:*.ra=00;36:*.wav=00;36:*.oga=00;36:*.opus=00;36:*.spx=00;36:*.xspf=00;36:'), ('SSH_AGENT_LAUNCHER', 'gnome-keyring'), ('SSH_AUTH_SOCK', '/run/user/1000/keyring/ssh'), ('AMENT_PREFIX_PATH', '/home/parallels/Forschsemrep/strawberry_ws/install/strawberry_tools:/home/parallels/Forschsemrep/strawberry_ws/install/strawberry_bringup:/home/parallels/Forschsemrep/strawberry_ws/install/strawberry_segmentation:/home/parallels/Forschsemrep/strawberry_ws/install/strawberry_msgs:/home/parallels/Forschsemrep/strawberry_ws/install/strawberry_cluster:/home/parallels/Forschsemrep/strawberry_ws/install/strawberry_camera:/home/parallels/Forschsemrep/strawberry_ws/install/meca500_ros2:/opt/ros/humble'), ('CONDA_PYTHON_EXE', '/home/parallels/miniforge3/bin/python'), ('SHELL', '/bin/bash'), ('TERMINATOR_UUID', 'urn:uuid:8d0bf59f-046b-411d-a636-acb374433449'), ('QT_ACCESSIBILITY', '1'), ('GDMSESSION', 'ubuntu'), ('LESSCLOSE', '/usr/bin/lesspipe %s %s'), ('GJS_DEBUG_OUTPUT', 'stderr'), ('MAMBA_EXE', '/home/parallels/miniforge3/bin/mamba'), ('QT_IM_MODULE', 'ibus'), ('PWD', '/home/parallels/Forschsemrep/strawberry_ws/build/strawberry_msgs'), ('XDG_CONFIG_DIRS', '/etc/xdg/xdg-ubuntu:/etc/xdg'), ('CONDA_EXE', '/home/parallels/miniforge3/bin/conda'), ('XDG_DATA_DIRS', '/usr/share/ubuntu:/usr/local/share/:/usr/share/:/var/lib/snapd/desktop'), ('PYTHONPATH', '/home/parallels/Forschsemrep/strawberry_ws/build/strawberry_tools:/home/parallels/Forschsemrep/strawberry_ws/install/strawberry_tools/lib/python3.10/site-packages:/home/parallels/Forschsemrep/strawberry_ws/build/strawberry_bringup:/home/parallels/Forschsemrep/strawberry_ws/install/strawberry_bringup/lib/python3.10/site-packages:/home/parallels/Forschsemrep/strawberry_ws/build/strawberry_segmentation:/home/parallels/Forschsemrep/strawberry_ws/install/strawberry_segmentation/lib/python3.10/site-packages:/home/parallels/Forschsemrep/strawberry_ws/install/strawberry_msgs/local/lib/python3.10/dist-packages:/home/parallels/Forschsemrep/strawberry_ws/build/strawberry_cluster:/home/parallels/Forschsemrep/strawberry_ws/install/strawberry_cluster/lib/python3.10/site-packages:/home/parallels/Forschsemrep/strawberry_ws/build/strawberry_camera:/home/parallels/Forschsemrep/strawberry_ws/install/strawberry_camera/lib/python3.10/site-packages:/home/parallels/Forschsemrep/strawberry_ws/build/meca500_ros2:/home/parallels/Forschsemrep/strawberry_ws/install/meca500_ros2/lib/python3.10/site-packages:/opt/ros/humble/lib/python3.10/site-packages:/opt/ros/humble/local/lib/python3.10/dist-packages'), ('COLCON', '1'), ('VTE_VERSION', '6800'), ('CMAKE_PREFIX_PATH', '/home/parallels/Forschsemrep/strawberry_ws/install/strawberry_msgs:/home/parallels/Forschsemrep/strawberry_ws/install/strawberry_tools:/home/parallels/Forschsemrep/strawberry_ws/install/strawberry_bringup:/home/parallels/Forschsemrep/strawberry_ws/install/strawberry_segmentation:/home/parallels/Forschsemrep/strawberry_ws/install/strawberry_cluster:/home/parallels/Forschsemrep/strawberry_ws/install/strawberry_camera:/home/parallels/Forschsemrep/strawberry_ws/install/meca500_ros2:/opt/ros/humble')]), 'shell': False}
[0.907247] (-) TimerEvent: {}
[1.007803] (-) TimerEvent: {}
[1.110267] (-) TimerEvent: {}
[1.210772] (-) TimerEvent: {}
[1.243000] (strawberry_msgs) StdoutLine: {'line': b'-- Install configuration: ""\n'}
[1.245000] (strawberry_msgs) StdoutLine: {'line': b'-- Execute custom install script\n'}
[1.245300] (strawberry_msgs) StdoutLine: {'line': b'-- Up-to-date symlink: /home/parallels/Forschsemrep/strawberry_ws/install/strawberry_msgs/share/ament_index/resource_index/rosidl_interfaces/strawberry_msgs\n'}
[1.245485] (strawberry_msgs) StdoutLine: {'line': b'-- Up-to-date symlink: /home/parallels/Forschsemrep/strawberry_ws/install/strawberry_msgs/include/strawberry_msgs/strawberry_msgs/msg/detail/frame_info__functions.h\n'}
[1.245710] (strawberry_msgs) StdoutLine: {'line': b'-- Up-to-date symlink: /home/parallels/Forschsemrep/strawberry_ws/install/strawberry_msgs/include/strawberry_msgs/strawberry_msgs/msg/detail/frame_info__struct.h\n'}
[1.247989] (strawberry_msgs) StdoutLine: {'line': b'-- Up-to-date symlink: /home/parallels/Forschsemrep/strawberry_ws/install/strawberry_msgs/include/strawberry_msgs/strawberry_msgs/msg/detail/frame_info__type_support.h\n'}
[1.248800] (strawberry_msgs) StdoutLine: {'line': b'-- Up-to-date symlink: /home/parallels/Forschsemrep/strawberry_ws/install/strawberry_msgs/include/strawberry_msgs/strawberry_msgs/msg/frame_info.h\n'}
[1.248964] (strawberry_msgs) StdoutLine: {'line': b'-- Up-to-date symlink: /home/parallels/Forschsemrep/strawberry_ws/install/strawberry_msgs/include/strawberry_msgs/strawberry_msgs/msg/rosidl_generator_c__visibility_control.h\n'}
[1.249096] (strawberry_msgs) StdoutLine: {'line': b'-- Up-to-date symlink: /home/parallels/Forschsemrep/strawberry_ws/install/strawberry_msgs/include/strawberry_msgs/strawberry_msgs/srv/capture_snapshot.h\n'}
[1.249268] (strawberry_msgs) StdoutLine: {'line': b'-- Up-to-date symlink: /home/parallels/Forschsemrep/strawberry_ws/install/strawberry_msgs/include/strawberry_msgs/strawberry_msgs/srv/detail/capture_snapshot__functions.h\n'}
[1.249341] (strawberry_msgs) StdoutLine: {'line': b'-- Up-to-date symlink: /home/parallels/Forschsemrep/strawberry_ws/install/strawberry_msgs/include/strawberry_msgs/strawberry_msgs/srv/detail/capture_snapshot__struct.h\n'}
[1.249476] (strawberry_msgs) StdoutLine: {'line': b'-- Up-to-date symlink: /home/parallels/Forschsemrep/strawberry_ws/install/strawberry_msgs/include/strawberry_msgs/strawberry_msgs/srv/detail/capture_snapshot__type_support.h\n'}
[1.249563] (strawberry_msgs) StdoutLine: {'line': b'-- Up-to-date symlink: /home/parallels/Forschsemrep/strawberry_ws/install/strawberry_msgs/share/strawberry_msgs/environment/library_path.sh\n'}
[1.249802] (strawberry_msgs) StdoutLine: {'line': b'-- Up-to-date symlink: /home/parallels/Forschsemrep/strawberry_ws/install/strawberry_msgs/share/strawberry_msgs/environment/library_path.dsv\n'}
[1.249892] (strawberry_msgs) StdoutLine: {'line': b'-- Up-to-date symlink: /home/parallels/Forschsemrep/strawberry_ws/install/strawberry_msgs/include/strawberry_msgs/strawberry_msgs/msg/detail/frame_info__rosidl_typesupport_fastrtps_c.h\n'}
[1.249979] (strawberry_msgs) StdoutLine: {'line': b'-- Up-to-date symlink: /home/parallels/Forschsemrep/strawberry_ws/install/strawberry_msgs/include/strawberry_msgs/strawberry_msgs/msg/rosidl_typesupport_fastrtps_c__visibility_control.h\n'}
[1.250036] (strawberry_msgs) StdoutLine: {'line': b'-- Up-to-date symlink: /home/parallels/Forschsemrep/strawberry_ws/install/strawberry_msgs/include/strawberry_msgs/strawberry_msgs/srv/detail/capture_snapshot__rosidl_typesupport_fastrtps_c.h\n'}
[1.250090] (strawberry_msgs) StdoutLine: {'line': b'-- Up-to-date symlink: /home/parallels/Forschsemrep/strawberry_ws/install/strawberry_msgs/include/strawberry_msgs/strawberry_msgs/msg/detail/frame_info__rosidl_typesupport_introspection_c.h\n'}
[1.250680] (strawberry_msgs) StdoutLine: {'line': b'-- Up-to-date symlink: /home/parallels/Forschsemrep/strawberry_ws/install/strawberry_msgs/include/strawberry_msgs/strawberry_msgs/msg/rosidl_typesupport_introspection_c__visibility_control.h\n'}
[1.251582] (strawberry_msgs) StdoutLine: {'line': b'-- Up-to-date symlink: /home/parallels/Forschsemrep/strawberry_ws/install/strawberry_msgs/include/strawberry_msgs/strawberry_msgs/srv/detail/capture_snapshot__rosidl_typesupport_introspection_c.h\n'}
[1.251707] (strawberry_msgs) StdoutLine: {'line': b'-- Up-to-date symlink: /home/parallels/Forschsemrep/strawberry_ws/install/strawberry_msgs/include/strawberry_msgs/strawberry_msgs/msg/detail/frame_info__builder.hpp\n'}
[1.251841] (strawberry_msgs) StdoutLine: {'line': b'-- Up-to-date symlink: /home/parallels/Forschsemrep/strawberry_ws/install/strawberry_msgs/include/strawberry_msgs/strawberry_msgs/msg/detail/frame_info__struct.hpp\n'}
[1.251946] (strawberry_msgs) StdoutLine: {'line': b'-- Up-to-date symlink: /home/parallels/Forschsemrep/strawberry_ws/install/strawberry_msgs/include/strawberry_msgs/strawberry_msgs/msg/detail/frame_info__traits.hpp\n'}
[1.252008] (strawberry_msgs) StdoutLine: {'line': b'-- Up-to-date symlink: /home/parallels/Forschsemrep/strawberry_ws/install/strawberry_msgs/include/strawberry_msgs/strawberry_msgs/msg/detail/frame_info__type_support.hpp\n'}
[1.252178] (strawberry_msgs) StdoutLine: {'line': b'-- Up-to-date symlink: /home/parallels/Forschsemrep/strawberry_ws/install/strawberry_msgs/include/strawberry_msgs/strawberry_msgs/msg/frame_info.hpp\n'}
[1.252992] (strawberry_msgs) StdoutLine: {'line': b'-- Up-to-date symlink: /home/parallels/Forschsemrep/strawberry_ws/install/strawberry_msgs/include/strawberry_msgs/strawberry_msgs/msg/rosidl_generator_cpp__visibility_control.hpp\n'}
[1.253193] (strawberry_msgs) StdoutLine: {'line': b'-- Up-to-date symlink: /home/parallels/Forschsemrep/strawberry_ws/install/strawberry_msgs/include/strawberry_msgs/strawberry_msgs/srv/capture_snapshot.hpp\n'}
[1.253402] (strawberry_msgs) StdoutLine: {'line': b'-- Up-to-date symlink: /home/parallels/Forschsemrep/strawberry_ws/install/strawberry_msgs/include/strawberry_msgs/strawberry_msgs/srv/detail/capture_snapshot__builder.hpp\n'}
[1.253519] (strawberry_msgs) StdoutLine: {'line': b'-- Up-to-date symlink: /home/parallels/Forschsemrep/strawberry_ws/install/strawberry_msgs/include/strawberry_msgs/strawberry_msgs/srv/detail/capture_snapshot__struct.hpp\n'}
[1.253784] (strawberry_msgs) StdoutLine: {'line': b'-- Up-to-date symlink: /home/parallels/Forschsemrep/strawberry_ws/install/strawberry_msgs/include/strawberry_msgs/strawberry_msgs/srv/detail/capture_snapshot__traits.hpp\n'}
[1.253912] (strawberry_msgs) StdoutLine: {'line': b'-- Up-to-date symlink: /home/parallels/Forschsemrep/strawberry_ws/install/strawberry_msgs/include/strawberry_msgs/strawberry_msgs/srv/detail/capture_snapshot__type_support.hpp\n'}
[1.253966] (strawberry_msgs) StdoutLine: {'line': b'-- Up-to-date symlink: /home/parallels/Forschsemrep/strawberry_ws/install/strawberry_msgs/include/strawberry_msgs/strawberry_msgs/msg/detail/frame_info__rosidl_typesupport_fastrtps_cpp.hpp\n'}
[1.254868] (strawberry_msgs) StdoutLine: {'line': b'-- Up-to-date symlink: /home/parallels/Forschsemrep/strawberry_ws/install/strawberry_msgs/include/strawberry_msgs/strawberry_msgs/msg/rosidl_typesupport_fastrtps_cpp__visibility_control.h\n'}
[1.255094] (strawberry_msgs) StdoutLine: {'line': b'-- Up-to-date symlink: /home/parallels/Forschsemrep/strawberry_ws/install/strawberry_msgs/include/strawberry_msgs/strawberry_msgs/srv/detail/capture_snapshot__rosidl_typesupport_fastrtps_cpp.hpp\n'}
[1.255562] (strawberry_msgs) StdoutLine: {'line': b'-- Up-to-date symlink: /home/parallels/Forschsemrep/strawberry_ws/install/strawberry_msgs/include/strawberry_msgs/strawberry_msgs/msg/detail/frame_info__rosidl_typesupport_introspection_cpp.hpp\n'}
[1.256651] (strawberry_msgs) StdoutLine: {'line': b'-- Up-to-date symlink: /home/parallels/Forschsemrep/strawberry_ws/install/strawberry_msgs/include/strawberry_msgs/strawberry_msgs/srv/detail/capture_snapshot__rosidl_typesupport_introspection_cpp.hpp\n'}
[1.256744] (strawberry_msgs) StdoutLine: {'line': b'-- Up-to-date symlink: /home/parallels/Forschsemrep/strawberry_ws/install/strawberry_msgs/share/strawberry_msgs/environment/pythonpath.sh\n'}
[1.256800] (strawberry_msgs) StdoutLine: {'line': b'-- Up-to-date symlink: /home/parallels/Forschsemrep/strawberry_ws/install/strawberry_msgs/share/strawberry_msgs/environment/pythonpath.dsv\n'}
[1.256850] (strawberry_msgs) StdoutLine: {'line': b'-- Up-to-date symlink: /home/parallels/Forschsemrep/strawberry_ws/install/strawberry_msgs/local/lib/python3.10/dist-packages/strawberry_msgs-0.0.1-py3.10.egg-info/PKG-INFO\n'}
[1.256900] (strawberry_msgs) StdoutLine: {'line': b'-- Up-to-date symlink: /home/parallels/Forschsemrep/strawberry_ws/install/strawberry_msgs/local/lib/python3.10/dist-packages/strawberry_msgs-0.0.1-py3.10.egg-info/SOURCES.txt\n'}
[1.256950] (strawberry_msgs) StdoutLine: {'line': b'-- Up-to-date symlink: /home/parallels/Forschsemrep/strawberry_ws/install/strawberry_msgs/local/lib/python3.10/dist-packages/strawberry_msgs-0.0.1-py3.10.egg-info/dependency_links.txt\n'}
[1.256999] (strawberry_msgs) StdoutLine: {'line': b'-- Up-to-date symlink: /home/parallels/Forschsemrep/strawberry_ws/install/strawberry_msgs/local/lib/python3.10/dist-packages/strawberry_msgs-0.0.1-py3.10.egg-info/top_level.txt\n'}
[1.257065] (strawberry_msgs) StdoutLine: {'line': b'-- Up-to-date symlink: /home/parallels/Forschsemrep/strawberry_ws/install/strawberry_msgs/local/lib/python3.10/dist-packages/strawberry_msgs/__init__.py\n'}
[1.257119] (strawberry_msgs) StdoutLine: {'line': b'-- Up-to-date symlink: /home/parallels/Forschsemrep/strawberry_ws/install/strawberry_msgs/local/lib/python3.10/dist-packages/strawberry_msgs/_strawberry_msgs_s.ep.rosidl_typesupport_c.c\n'}
[1.257226] (strawberry_msgs) StdoutLine: {'line': b'-- Up-to-date symlink: /home/parallels/Forschsemrep/strawberry_ws/install/strawberry_msgs/local/lib/python3.10/dist-packages/strawberry_msgs/_strawberry_msgs_s.ep.rosidl_typesupport_fastrtps_c.c\n'}
[1.257303] (strawberry_msgs) StdoutLine: {'line': b'-- Up-to-date symlink: /home/parallels/Forschsemrep/strawberry_ws/install/strawberry_msgs/local/lib/python3.10/dist-packages/strawberry_msgs/_strawberry_msgs_s.ep.rosidl_typesupport_introspection_c.c\n'}
[1.257377] (strawberry_msgs) StdoutLine: {'line': b'-- Up-to-date symlink: /home/parallels/Forschsemrep/strawberry_ws/install/strawberry_msgs/local/lib/python3.10/dist-packages/strawberry_msgs/libstrawberry_msgs__rosidl_generator_py.so\n'}
[1.257438] (strawberry_msgs) StdoutLine: {'line': b'-- Up-to-date symlink: /home/parallels/Forschsemrep/strawberry_ws/install/strawberry_msgs/local/lib/python3.10/dist-packages/strawberry_msgs/msg/__init__.py\n'}
[1.257487] (strawberry_msgs) StdoutLine: {'line': b'-- Up-to-date symlink: /home/parallels/Forschsemrep/strawberry_ws/install/strawberry_msgs/local/lib/python3.10/dist-packages/strawberry_msgs/msg/_frame_info.py\n'}
[1.257541] (strawberry_msgs) StdoutLine: {'line': b'-- Up-to-date symlink: /home/parallels/Forschsemrep/strawberry_ws/install/strawberry_msgs/local/lib/python3.10/dist-packages/strawberry_msgs/msg/_frame_info_s.c\n'}
[1.257588] (strawberry_msgs) StdoutLine: {'line': b'-- Up-to-date symlink: /home/parallels/Forschsemrep/strawberry_ws/install/strawberry_msgs/local/lib/python3.10/dist-packages/strawberry_msgs/srv/__init__.py\n'}
[1.257644] (strawberry_msgs) StdoutLine: {'line': b'-- Up-to-date symlink: /home/parallels/Forschsemrep/strawberry_ws/install/strawberry_msgs/local/lib/python3.10/dist-packages/strawberry_msgs/srv/_capture_snapshot.py\n'}
[1.257695] (strawberry_msgs) StdoutLine: {'line': b'-- Up-to-date symlink: /home/parallels/Forschsemrep/strawberry_ws/install/strawberry_msgs/local/lib/python3.10/dist-packages/strawberry_msgs/srv/_capture_snapshot_s.c\n'}
[1.257744] (strawberry_msgs) StdoutLine: {'line': b'-- Up-to-date symlink: /home/parallels/Forschsemrep/strawberry_ws/install/strawberry_msgs/local/lib/python3.10/dist-packages/strawberry_msgs/strawberry_msgs_s__rosidl_typesupport_c.cpython-310-x86_64-linux-gnu.so\n'}
[1.257794] (strawberry_msgs) StdoutLine: {'line': b'-- Up-to-date symlink: /home/parallels/Forschsemrep/strawberry_ws/install/strawberry_msgs/local/lib/python3.10/dist-packages/strawberry_msgs/strawberry_msgs_s__rosidl_typesupport_fastrtps_c.cpython-310-x86_64-linux-gnu.so\n'}
[1.257844] (strawberry_msgs) StdoutLine: {'line': b'-- Up-to-date symlink: /home/parallels/Forschsemrep/strawberry_ws/install/strawberry_msgs/local/lib/python3.10/dist-packages/strawberry_msgs/strawberry_msgs_s__rosidl_typesupport_introspection_c.cpython-310-x86_64-linux-gnu.so\n'}
[1.257894] (strawberry_msgs) StdoutLine: {'line': b'-- Up-to-date symlink: /home/parallels/Forschsemrep/strawberry_ws/install/strawberry_msgs/local/lib/python3.10/dist-packages/strawberry_msgs/strawberry_msgs_s__rosidl_typesupport_fastrtps_c.cpython-310-x86_64-linux-gnu.so\n'}
[1.258123] (strawberry_msgs) StdoutLine: {'line': b'-- Up-to-date symlink: /home/parallels/Forschsemrep/strawberry_ws/install/strawberry_msgs/local/lib/python3.10/dist-packages/strawberry_msgs/strawberry_msgs_s__rosidl_typesupport_introspection_c.cpython-310-x86_64-linux-gnu.so\n'}
[1.258347] (strawberry_msgs) StdoutLine: {'line': b'-- Up-to-date symlink: /home/parallels/Forschsemrep/strawberry_ws/install/strawberry_msgs/local/lib/python3.10/dist-packages/strawberry_msgs/strawberry_msgs_s__rosidl_typesupport_c.cpython-310-x86_64-linux-gnu.so\n'}
[1.258450] (strawberry_msgs) StdoutLine: {'line': b'-- Up-to-date symlink: /home/parallels/Forschsemrep/strawberry_ws/install/strawberry_msgs/share/strawberry_msgs/msg/FrameInfo.idl\n'}
[1.258568] (strawberry_msgs) StdoutLine: {'line': b'-- Up-to-date symlink: /home/parallels/Forschsemrep/strawberry_ws/install/strawberry_msgs/share/strawberry_msgs/srv/CaptureSnapshot.idl\n'}
[1.258657] (strawberry_msgs) StdoutLine: {'line': b'-- Up-to-date symlink: /home/parallels/Forschsemrep/strawberry_ws/install/strawberry_msgs/share/strawberry_msgs/msg/FrameInfo.msg\n'}
[1.258744] (strawberry_msgs) StdoutLine: {'line': b'-- Up-to-date symlink: /home/parallels/Forschsemrep/strawberry_ws/install/strawberry_msgs/share/strawberry_msgs/srv/CaptureSnapshot.srv\n'}
[1.258833] (strawberry_msgs) StdoutLine: {'line': b'-- Up-to-date symlink: /home/parallels/Forschsemrep/strawberry_ws/install/strawberry_msgs/share/strawberry_msgs/srv/CaptureSnapshot_Request.msg\n'}
[1.258922] (strawberry_msgs) StdoutLine: {'line': b'-- Up-to-date symlink: /home/parallels/Forschsemrep/strawberry_ws/install/strawberry_msgs/share/strawberry_msgs/srv/CaptureSnapshot_Response.msg\n'}
[1.259010] (strawberry_msgs) StdoutLine: {'line': b'-- Up-to-date symlink: /home/parallels/Forschsemrep/strawberry_ws/install/strawberry_msgs/share/ament_index/resource_index/package_run_dependencies/strawberry_msgs\n'}
[1.259116] (strawberry_msgs) StdoutLine: {'line': b'-- Up-to-date symlink: /home/parallels/Forschsemrep/strawberry_ws/install/strawberry_msgs/share/ament_index/resource_index/parent_prefix_path/strawberry_msgs\n'}
[1.266902] (strawberry_msgs) StdoutLine: {'line': b'-- Up-to-date symlink: /home/parallels/Forschsemrep/strawberry_ws/install/strawberry_msgs/share/strawberry_msgs/environment/ament_prefix_path.sh\n'}
[1.267029] (strawberry_msgs) StdoutLine: {'line': b'-- Up-to-date symlink: /home/parallels/Forschsemrep/strawberry_ws/install/strawberry_msgs/share/strawberry_msgs/environment/ament_prefix_path.dsv\n'}
[1.267123] (strawberry_msgs) StdoutLine: {'line': b'-- Up-to-date symlink: /home/parallels/Forschsemrep/strawberry_ws/install/strawberry_msgs/share/strawberry_msgs/environment/path.sh\n'}
[1.267294] (strawberry_msgs) StdoutLine: {'line': b'-- Up-to-date symlink: /home/parallels/Forschsemrep/strawberry_ws/install/strawberry_msgs/share/strawberry_msgs/environment/path.dsv\n'}
[1.267390] (strawberry_msgs) StdoutLine: {'line': b'-- Up-to-date symlink: /home/parallels/Forschsemrep/strawberry_ws/install/strawberry_msgs/share/strawberry_msgs/local_setup.bash\n'}
[1.267479] (strawberry_msgs) StdoutLine: {'line': b'-- Up-to-date symlink: /home/parallels/Forschsemrep/strawberry_ws/install/strawberry_msgs/share/strawberry_msgs/local_setup.sh\n'}
[1.267568] (strawberry_msgs) StdoutLine: {'line': b'-- Up-to-date symlink: /home/parallels/Forschsemrep/strawberry_ws/install/strawberry_msgs/share/strawberry_msgs/local_setup.zsh\n'}
[1.267656] (strawberry_msgs) StdoutLine: {'line': b'-- Up-to-date symlink: /home/parallels/Forschsemrep/strawberry_ws/install/strawberry_msgs/share/strawberry_msgs/local_setup.dsv\n'}
[1.267758] (strawberry_msgs) StdoutLine: {'line': b'-- Symlinking: /home/parallels/Forschsemrep/strawberry_ws/install/strawberry_msgs/share/strawberry_msgs/package.dsv\n'}
[1.267851] (strawberry_msgs) StdoutLine: {'line': b'-- Up-to-date symlink: /home/parallels/Forschsemrep/strawberry_ws/install/strawberry_msgs/share/ament_index/resource_index/packages/strawberry_msgs\n'}
[1.267937] (strawberry_msgs) StdoutLine: {'line': b'-- Up-to-date symlink: /home/parallels/Forschsemrep/strawberry_ws/install/strawberry_msgs/share/strawberry_msgs/cmake/rosidl_cmake-extras.cmake\n'}
[1.268021] (strawberry_msgs) StdoutLine: {'line': b'-- Up-to-date symlink: /home/parallels/Forschsemrep/strawberry_ws/install/strawberry_msgs/share/strawberry_msgs/cmake/ament_cmake_export_dependencies-extras.cmake\n'}
[1.268107] (strawberry_msgs) StdoutLine: {'line': b'-- Up-to-date symlink: /home/parallels/Forschsemrep/strawberry_ws/install/strawberry_msgs/share/strawberry_msgs/cmake/ament_cmake_export_include_directories-extras.cmake\n'}
[1.268268] (strawberry_msgs) StdoutLine: {'line': b'-- Up-to-date symlink: /home/parallels/Forschsemrep/strawberry_ws/install/strawberry_msgs/share/strawberry_msgs/cmake/ament_cmake_export_libraries-extras.cmake\n'}
[1.268395] (strawberry_msgs) StdoutLine: {'line': b'-- Up-to-date symlink: /home/parallels/Forschsemrep/strawberry_ws/install/strawberry_msgs/share/strawberry_msgs/cmake/ament_cmake_export_targets-extras.cmake\n'}
[1.268480] (strawberry_msgs) StdoutLine: {'line': b'-- Up-to-date symlink: /home/parallels/Forschsemrep/strawberry_ws/install/strawberry_msgs/share/strawberry_msgs/cmake/rosidl_cmake_export_typesupport_targets-extras.cmake\n'}
[1.268572] (strawberry_msgs) StdoutLine: {'line': b'-- Up-to-date symlink: /home/parallels/Forschsemrep/strawberry_ws/install/strawberry_msgs/share/strawberry_msgs/cmake/rosidl_cmake_export_typesupport_libraries-extras.cmake\n'}
[1.268662] (strawberry_msgs) StdoutLine: {'line': b'-- Up-to-date symlink: /home/parallels/Forschsemrep/strawberry_ws/install/strawberry_msgs/share/strawberry_msgs/cmake/strawberry_msgsConfig.cmake\n'}
[1.268749] (strawberry_msgs) StdoutLine: {'line': b'-- Up-to-date symlink: /home/parallels/Forschsemrep/strawberry_ws/install/strawberry_msgs/share/strawberry_msgs/cmake/strawberry_msgsConfig-version.cmake\n'}
[1.268840] (strawberry_msgs) StdoutLine: {'line': b'-- Up-to-date symlink: /home/parallels/Forschsemrep/strawberry_ws/install/strawberry_msgs/share/strawberry_msgs/package.xml\n'}
[1.268929] (strawberry_msgs) StdoutLine: {'line': b'-- Up-to-date: /home/parallels/Forschsemrep/strawberry_ws/install/strawberry_msgs/lib/libstrawberry_msgs__rosidl_generator_c.so\n'}
[1.269021] (strawberry_msgs) StdoutLine: {'line': b'-- Up-to-date: /home/parallels/Forschsemrep/strawberry_ws/install/strawberry_msgs/lib/libstrawberry_msgs__rosidl_typesupport_fastrtps_c.so\n'}
[1.269115] (strawberry_msgs) StdoutLine: {'line': b'-- Up-to-date: /home/parallels/Forschsemrep/strawberry_ws/install/strawberry_msgs/lib/libstrawberry_msgs__rosidl_typesupport_introspection_c.so\n'}
[1.272461] (strawberry_msgs) StdoutLine: {'line': b'-- Up-to-date: /home/parallels/Forschsemrep/strawberry_ws/install/strawberry_msgs/lib/libstrawberry_msgs__rosidl_typesupport_c.so\n'}
[1.272614] (strawberry_msgs) StdoutLine: {'line': b'-- Up-to-date: /home/parallels/Forschsemrep/strawberry_ws/install/strawberry_msgs/lib/libstrawberry_msgs__rosidl_typesupport_fastrtps_cpp.so\n'}
[1.272722] (strawberry_msgs) StdoutLine: {'line': b'-- Up-to-date: /home/parallels/Forschsemrep/strawberry_ws/install/strawberry_msgs/lib/libstrawberry_msgs__rosidl_typesupport_introspection_cpp.so\n'}
[1.272817] (strawberry_msgs) StdoutLine: {'line': b'-- Up-to-date: /home/parallels/Forschsemrep/strawberry_ws/install/strawberry_msgs/lib/libstrawberry_msgs__rosidl_typesupport_cpp.so\n'}
[1.272942] (strawberry_msgs) StdoutLine: {'line': b"Listing '/home/parallels/Forschsemrep/strawberry_ws/install/strawberry_msgs/local/lib/python3.10/dist-packages/strawberry_msgs'...\n"}
[1.273043] (strawberry_msgs) StdoutLine: {'line': b"Listing '/home/parallels/Forschsemrep/strawberry_ws/install/strawberry_msgs/local/lib/python3.10/dist-packages/strawberry_msgs/msg'...\n"}
[1.273216] (strawberry_msgs) StdoutLine: {'line': b"Listing '/home/parallels/Forschsemrep/strawberry_ws/install/strawberry_msgs/local/lib/python3.10/dist-packages/strawberry_msgs/srv'...\n"}
[1.273360] (strawberry_msgs) StdoutLine: {'line': b'-- Up-to-date: /home/parallels/Forschsemrep/strawberry_ws/install/strawberry_msgs/lib/libstrawberry_msgs__rosidl_generator_py.so\n'}
[1.273457] (strawberry_msgs) StdoutLine: {'line': b'-- Up-to-date: /home/parallels/Forschsemrep/strawberry_ws/install/strawberry_msgs/share/strawberry_msgs/cmake/export_strawberry_msgs__rosidl_generator_cExport.cmake\n'}
[1.273555] (strawberry_msgs) StdoutLine: {'line': b'-- Up-to-date: /home/parallels/Forschsemrep/strawberry_ws/install/strawberry_msgs/share/strawberry_msgs/cmake/export_strawberry_msgs__rosidl_generator_cExport-noconfig.cmake\n'}
[1.273649] (strawberry_msgs) StdoutLine: {'line': b'-- Up-to-date: /home/parallels/Forschsemrep/strawberry_ws/install/strawberry_msgs/share/strawberry_msgs/cmake/export_strawberry_msgs__rosidl_typesupport_fastrtps_cExport.cmake\n'}
[1.273769] (strawberry_msgs) StdoutLine: {'line': b'-- Up-to-date: /home/parallels/Forschsemrep/strawberry_ws/install/strawberry_msgs/share/strawberry_msgs/cmake/export_strawberry_msgs__rosidl_typesupport_fastrtps_cExport-noconfig.cmake\n'}
[1.273862] (strawberry_msgs) StdoutLine: {'line': b'-- Up-to-date: /home/parallels/Forschsemrep/strawberry_ws/install/strawberry_msgs/share/strawberry_msgs/cmake/strawberry_msgs__rosidl_typesupport_introspection_cExport.cmake\n'}
[1.273952] (strawberry_msgs) StdoutLine: {'line': b'-- Up-to-date: /home/parallels/Forschsemrep/strawberry_ws/install/strawberry_msgs/share/strawberry_msgs/cmake/strawberry_msgs__rosidl_typesupport_introspection_cExport-noconfig.cmake\n'}
[1.274045] (strawberry_msgs) StdoutLine: {'line': b'-- Up-to-date: /home/parallels/Forschsemrep/strawberry_ws/install/strawberry_msgs/share/strawberry_msgs/cmake/strawberry_msgs__rosidl_typesupport_cExport.cmake\n'}
[1.274198] (strawberry_msgs) StdoutLine: {'line': b'-- Up-to-date: /home/parallels/Forschsemrep/strawberry_ws/install/strawberry_msgs/share/strawberry_msgs/cmake/strawberry_msgs__rosidl_typesupport_cExport-noconfig.cmake\n'}
[1.274408] (strawberry_msgs) StdoutLine: {'line': b'-- Up-to-date: /home/parallels/Forschsemrep/strawberry_ws/install/strawberry_msgs/share/strawberry_msgs/cmake/export_strawberry_msgs__rosidl_generator_cppExport.cmake\n'}
[1.274508] (strawberry_msgs) StdoutLine: {'line': b'-- Up-to-date: /home/parallels/Forschsemrep/strawberry_ws/install/strawberry_msgs/share/strawberry_msgs/cmake/export_strawberry_msgs__rosidl_typesupport_fastrtps_cppExport.cmake\n'}
[1.274606] (strawberry_msgs) StdoutLine: {'line': b'-- Up-to-date: /home/parallels/Forschsemrep/strawberry_ws/install/strawberry_msgs/share/strawberry_msgs/cmake/export_strawberry_msgs__rosidl_typesupport_fastrtps_cppExport-noconfig.cmake\n'}
[1.274697] (strawberry_msgs) StdoutLine: {'line': b'-- Up-to-date: /home/parallels/Forschsemrep/strawberry_ws/install/strawberry_msgs/share/strawberry_msgs/cmake/strawberry_msgs__rosidl_typesupport_introspection_cppExport.cmake\n'}
[1.274789] (strawberry_msgs) StdoutLine: {'line': b'-- Up-to-date: /home/parallels/Forschsemrep/strawberry_ws/install/strawberry_msgs/share/strawberry_msgs/cmake/strawberry_msgs__rosidl_typesupport_introspection_cppExport-noconfig.cmake\n'}
[1.274886] (strawberry_msgs) StdoutLine: {'line': b'-- Up-to-date: /home/parallels/Forschsemrep/strawberry_ws/install/strawberry_msgs/share/strawberry_msgs/cmake/strawberry_msgs__rosidl_typesupport_cppExport.cmake\n'}
[1.274986] (strawberry_msgs) StdoutLine: {'line': b'-- Up-to-date: /home/parallels/Forschsemrep/strawberry_ws/install/strawberry_msgs/share/strawberry_msgs/cmake/strawberry_msgs__rosidl_typesupport_cppExport-noconfig.cmake\n'}
[1.275046] (strawberry_msgs) StdoutLine: {'line': b'-- Up-to-date: /home/parallels/Forschsemrep/strawberry_ws/install/strawberry_msgs/share/strawberry_msgs/cmake/export_strawberry_msgs__rosidl_generator_pyExport.cmake\n'}
[1.275095] (strawberry_msgs) StdoutLine: {'line': b'-- Up-to-date: /home/parallels/Forschsemrep/strawberry_ws/install/strawberry_msgs/share/strawberry_msgs/cmake/export_strawberry_msgs__rosidl_generator_pyExport-noconfig.cmake\n'}
[1.279245] (strawberry_msgs) CommandEnded: {'returncode': 0}
[1.310889] (-) TimerEvent: {}
[1.343626] (strawberry_msgs) JobEnded: {'identifier': 'strawberry_msgs', 'rc': 0}
[1.346855] (meca500_ros2) JobStarted: {'identifier': 'meca500_ros2'}
[1.411224] (-) TimerEvent: {}
[1.514772] (-) TimerEvent: {}
[1.617234] (-) TimerEvent: {}
[1.717660] (-) TimerEvent: {}
[1.822272] (-) TimerEvent: {}
[1.923516] (-) TimerEvent: {}
[2.024074] (-) TimerEvent: {}
[2.124664] (-) TimerEvent: {}
[2.225262] (-) TimerEvent: {}
[2.266565] (strawberry_segmentation) Command: {'cmd': ['/usr/bin/python3', '-W', 'ignore:setup.py install is deprecated', '-W', 'ignore:easy_install command is deprecated', 'setup.py', 'develop', '--editable', '--build-directory', '/home/parallels/Forschsemrep/strawberry_ws/build/strawberry_segmentation/build', '--no-deps', 'symlink_data'], 'cwd': '/home/parallels/Forschsemrep/strawberry_ws/build/strawberry_segmentation', 'env': {'GJS_DEBUG_TOPICS': 'JS ERROR;JS LOG', 'LESSOPEN': '| /usr/bin/lesspipe %s', 'USER': 'parallels', 'XDG_SESSION_TYPE': 'wayland', 'SHLVL': '1', 'LD_LIBRARY_PATH': '/home/parallels/Forschsemrep/strawberry_ws/install/strawberry_msgs/lib:/usr/lib/x86_64-linux-gnu/gazebo-11/plugins:/opt/ros/humble/opt/rviz_ogre_vendor/lib:/opt/ros/humble/lib/x86_64-linux-gnu:/opt/ros/humble/lib', 'HOME': '/home/parallels', 'CONDA_SHLVL': '0', 'DESKTOP_SESSION': 'ubuntu', 'GIO_LAUNCHED_DESKTOP_FILE': '/usr/share/applications/terminator.desktop', 'ROS_PYTHON_VERSION': '3', 'GNOME_SHELL_SESSION_MODE': 'ubuntu', 'GTK_MODULES': 'gail:atk-bridge', 'MANAGERPID': '2681', 'SYSTEMD_EXEC_PID': '2870', 'DBUS_SESSION_BUS_ADDRESS': 'unix:path=/run/user/1000/bus', 'COLORTERM': 'truecolor', 'TERMINATOR_DBUS_NAME': 'net.tenshu.Terminator25ef4b219e3b005583550f2b0f9f990c3', 'GIO_LAUNCHED_DESKTOP_FILE_PID': '41369', 'IM_CONFIG_PHASE': '1', 'WAYLAND_DISPLAY': 'wayland-0', 'COLCON_PREFIX_PATH': '/home/parallels/Forschsemrep/strawberry_ws/install', 'ROS_DISTRO': 'humble', 'LOGNAME': 'parallels', 'JOURNAL_STREAM': '8:20584', '_': '/usr/bin/colcon', 'ROS_VERSION': '2', 'XDG_SESSION_CLASS': 'user', 'USERNAME': 'parallels', 'TERM': 'xterm-256color', 'GNOME_DESKTOP_SESSION_ID': 'this-is-deprecated', 'ROS_LOCALHOST_ONLY': '0', 'PATH': '/opt/ros/humble/bin:/home/parallels/.local/bin:/home/parallels/miniforge3/condabin:/home/parallels/.local/bin:/usr/local/sbin:/usr/local/bin:/usr/sbin:/usr/bin:/sbin:/bin:/usr/games:/usr/local/games:/snap/bin:/snap/bin:/home/parallels/.dotnet/tools:/opt/mssql-tools/bin', 'SESSION_MANAGER': 'local/parallels-Parallels-Virtual-Platform:@/tmp/.ICE-unix/2845,unix/parallels-Parallels-Virtual-Platform:/tmp/.ICE-unix/2845', 'INVOCATION_ID': '35c8364f9b114774aaacea0182c3bf7d', 'XDG_MENU_PREFIX': 'gnome-', 'GNOME_SETUP_DISPLAY': ':1', 'XDG_RUNTIME_DIR': '/run/user/1000', 'MAMBA_ROOT_PREFIX': '/home/parallels/miniforge3', 'DISPLAY': ':0', 'TERMINATOR_DBUS_PATH': '/net/tenshu/Terminator2', 'LANG': 'en_US.UTF-8', 'XDG_CURRENT_DESKTOP': 'ubuntu:GNOME', 'DOTNET_BUNDLE_EXTRACT_BASE_DIR': '/home/parallels/.cache/dotnet_bundle_extract', 'IBUS_DISABLE_SNOOPER': '1', 'XMODIFIERS': '@im=ibus', 'XDG_SESSION_DESKTOP': 'ubuntu', 'XAUTHORITY': '/run/user/1000/.mutter-Xwaylandauth.C2OUI3', 'LS_COLORS': 'rs=0:di=01;34:ln=01;36:mh=00:pi=40;33:so=01;35:do=01;35:bd=40;33;01:cd=40;33;01:or=40;31;01:mi=00:su=37;41:sg=30;43:ca=30;41:tw=30;42:ow=34;42:st=37;44:ex=01;32:*.tar=01;31:*.tgz=01;31:*.arc=01;31:*.arj=01;31:*.taz=01;31:*.lha=01;31:*.lz4=01;31:*.lzh=01;31:*.lzma=01;31:*.tlz=01;31:*.txz=01;31:*.tzo=01;31:*.t7z=01;31:*.zip=01;31:*.z=01;31:*.dz=01;31:*.gz=01;31:*.lrz=01;31:*.lz=01;31:*.lzo=01;31:*.xz=01;31:*.zst=01;31:*.tzst=01;31:*.bz2=01;31:*.bz=01;31:*.tbz=01;31:*.tbz2=01;31:*.tz=01;31:*.deb=01;31:*.rpm=01;31:*.jar=01;31:*.war=01;31:*.ear=01;31:*.sar=01;31:*.rar=01;31:*.alz=01;31:*.ace=01;31:*.zoo=01;31:*.cpio=01;31:*.7z=01;31:*.rz=01;31:*.cab=01;31:*.wim=01;31:*.swm=01;31:*.dwm=01;31:*.esd=01;31:*.jpg=01;35:*.jpeg=01;35:*.mjpg=01;35:*.mjpeg=01;35:*.gif=01;35:*.bmp=01;35:*.pbm=01;35:*.pgm=01;35:*.ppm=01;35:*.tga=01;35:*.xbm=01;35:*.xpm=01;35:*.tif=01;35:*.tiff=01;35:*.png=01;35:*.svg=01;35:*.svgz=01;35:*.mng=01;35:*.pcx=01;35:*.mov=01;35:*.mpg=01;35:*.mpeg=01;35:*.m2v=01;35:*.mkv=01;35:*.webm=01;35:*.webp=01;35:*.ogm=01;35:*.mp4=01;35:*.m4v=01;35:*.mp4v=01;35:*.vob=01;35:*.qt=01;35:*.nuv=01;35:*.wmv=01;35:*.asf=01;35:*.rm=01;35:*.rmvb=01;35:*.flc=01;35:*.avi=01;35:*.fli=01;35:*.flv=01;35:*.gl=01;35:*.dl=01;35:*.xcf=01;35:*.xwd=01;35:*.yuv=01;35:*.cgm=01;35:*.emf=01;35:*.ogv=01;35:*.ogx=01;35:*.aac=00;36:*.au=00;36:*.flac=00;36:*.m4a=00;36:*.mid=00;36:*.midi=00;36:*.mka=00;36:*.mp3=00;36:*.mpc=00;36:*.ogg=00;36:*.ra=00;36:*.wav=00;36:*.oga=00;36:*.opus=00;36:*.spx=00;36:*.xspf=00;36:', 'SSH_AGENT_LAUNCHER': 'gnome-keyring', 'SSH_AUTH_SOCK': '/run/user/1000/keyring/ssh', 'AMENT_PREFIX_PATH': '/home/parallels/Forschsemrep/strawberry_ws/install/strawberry_tools:/home/parallels/Forschsemrep/strawberry_ws/install/strawberry_bringup:/home/parallels/Forschsemrep/strawberry_ws/install/strawberry_segmentation:/home/parallels/Forschsemrep/strawberry_ws/install/strawberry_msgs:/home/parallels/Forschsemrep/strawberry_ws/install/strawberry_cluster:/home/parallels/Forschsemrep/strawberry_ws/install/strawberry_camera:/home/parallels/Forschsemrep/strawberry_ws/install/meca500_ros2:/opt/ros/humble', 'CONDA_PYTHON_EXE': '/home/parallels/miniforge3/bin/python', 'SHELL': '/bin/bash', 'TERMINATOR_UUID': 'urn:uuid:8d0bf59f-046b-411d-a636-acb374433449', 'QT_ACCESSIBILITY': '1', 'GDMSESSION': 'ubuntu', 'LESSCLOSE': '/usr/bin/lesspipe %s %s', 'GJS_DEBUG_OUTPUT': 'stderr', 'MAMBA_EXE': '/home/parallels/miniforge3/bin/mamba', 'QT_IM_MODULE': 'ibus', 'PWD': '/home/parallels/Forschsemrep/strawberry_ws/build/strawberry_segmentation', 'XDG_CONFIG_DIRS': '/etc/xdg/xdg-ubuntu:/etc/xdg', 'CONDA_EXE': '/home/parallels/miniforge3/bin/conda', 'XDG_DATA_DIRS': '/usr/share/ubuntu:/usr/local/share/:/usr/share/:/var/lib/snapd/desktop', 'PYTHONPATH': '/home/parallels/Forschsemrep/strawberry_ws/build/strawberry_segmentation/prefix_override:/usr/lib/python3/dist-packages/colcon_core/task/python/colcon_distutils_commands:/home/parallels/Forschsemrep/strawberry_ws/install/strawberry_segmentation/lib/python3.10/site-packages:/home/parallels/Forschsemrep/strawberry_ws/build/strawberry_tools:/home/parallels/Forschsemrep/strawberry_ws/install/strawberry_tools/lib/python3.10/site-packages:/home/parallels/Forschsemrep/strawberry_ws/build/strawberry_bringup:/home/parallels/Forschsemrep/strawberry_ws/install/strawberry_bringup/lib/python3.10/site-packages:/home/parallels/Forschsemrep/strawberry_ws/build/strawberry_segmentation:/home/parallels/Forschsemrep/strawberry_ws/install/strawberry_segmentation/lib/python3.10/site-packages:/home/parallels/Forschsemrep/strawberry_ws/install/strawberry_msgs/local/lib/python3.10/dist-packages:/home/parallels/Forschsemrep/strawberry_ws/build/strawberry_cluster:/home/parallels/Forschsemrep/strawberry_ws/install/strawberry_cluster/lib/python3.10/site-packages:/home/parallels/Forschsemrep/strawberry_ws/build/strawberry_camera:/home/parallels/Forschsemrep/strawberry_ws/install/strawberry_camera/lib/python3.10/site-packages:/home/parallels/Forschsemrep/strawberry_ws/build/meca500_ros2:/home/parallels/Forschsemrep/strawberry_ws/install/meca500_ros2/lib/python3.10/site-packages:/opt/ros/humble/lib/python3.10/site-packages:/opt/ros/humble/local/lib/python3.10/dist-packages', 'COLCON': '1', 'VTE_VERSION': '6800', 'CMAKE_PREFIX_PATH': '/home/parallels/Forschsemrep/strawberry_ws/install/strawberry_msgs'}, 'shell': False}
[2.282777] (strawberry_camera) Command: {'cmd': ['/usr/bin/python3', '-W', 'ignore:setup.py install is deprecated', '-W', 'ignore:easy_install command is deprecated', 'setup.py', 'develop', '--editable', '--build-directory', '/home/parallels/Forschsemrep/strawberry_ws/build/strawberry_camera/build', '--no-deps', 'symlink_data'], 'cwd': '/home/parallels/Forschsemrep/strawberry_ws/build/strawberry_camera', 'env': {'GJS_DEBUG_TOPICS': 'JS ERROR;JS LOG', 'LESSOPEN': '| /usr/bin/lesspipe %s', 'USER': 'parallels', 'XDG_SESSION_TYPE': 'wayland', 'SHLVL': '1', 'LD_LIBRARY_PATH': '/home/parallels/Forschsemrep/strawberry_ws/install/strawberry_msgs/lib:/usr/lib/x86_64-linux-gnu/gazebo-11/plugins:/opt/ros/humble/opt/rviz_ogre_vendor/lib:/opt/ros/humble/lib/x86_64-linux-gnu:/opt/ros/humble/lib', 'HOME': '/home/parallels', 'CONDA_SHLVL': '0', 'DESKTOP_SESSION': 'ubuntu', 'GIO_LAUNCHED_DESKTOP_FILE': '/usr/share/applications/terminator.desktop', 'ROS_PYTHON_VERSION': '3', 'GNOME_SHELL_SESSION_MODE': 'ubuntu', 'GTK_MODULES': 'gail:atk-bridge', 'MANAGERPID': '2681', 'SYSTEMD_EXEC_PID': '2870', 'DBUS_SESSION_BUS_ADDRESS': 'unix:path=/run/user/1000/bus', 'COLORTERM': 'truecolor', 'TERMINATOR_DBUS_NAME': 'net.tenshu.Terminator25ef4b219e3b005583550f2b0f9f990c3', 'GIO_LAUNCHED_DESKTOP_FILE_PID': '41369', 'IM_CONFIG_PHASE': '1', 'WAYLAND_DISPLAY': 'wayland-0', 'COLCON_PREFIX_PATH': '/home/parallels/Forschsemrep/strawberry_ws/install', 'ROS_DISTRO': 'humble', 'LOGNAME': 'parallels', 'JOURNAL_STREAM': '8:20584', '_': '/usr/bin/colcon', 'ROS_VERSION': '2', 'XDG_SESSION_CLASS': 'user', 'USERNAME': 'parallels', 'TERM': 'xterm-256color', 'GNOME_DESKTOP_SESSION_ID': 'this-is-deprecated', 'ROS_LOCALHOST_ONLY': '0', 'PATH': '/opt/ros/humble/bin:/home/parallels/.local/bin:/home/parallels/miniforge3/condabin:/home/parallels/.local/bin:/usr/local/sbin:/usr/local/bin:/usr/sbin:/usr/bin:/sbin:/bin:/usr/games:/usr/local/games:/snap/bin:/snap/bin:/home/parallels/.dotnet/tools:/opt/mssql-tools/bin', 'SESSION_MANAGER': 'local/parallels-Parallels-Virtual-Platform:@/tmp/.ICE-unix/2845,unix/parallels-Parallels-Virtual-Platform:/tmp/.ICE-unix/2845', 'INVOCATION_ID': '35c8364f9b114774aaacea0182c3bf7d', 'XDG_MENU_PREFIX': 'gnome-', 'GNOME_SETUP_DISPLAY': ':1', 'XDG_RUNTIME_DIR': '/run/user/1000', 'MAMBA_ROOT_PREFIX': '/home/parallels/miniforge3', 'DISPLAY': ':0', 'TERMINATOR_DBUS_PATH': '/net/tenshu/Terminator2', 'LANG': 'en_US.UTF-8', 'XDG_CURRENT_DESKTOP': 'ubuntu:GNOME', 'DOTNET_BUNDLE_EXTRACT_BASE_DIR': '/home/parallels/.cache/dotnet_bundle_extract', 'IBUS_DISABLE_SNOOPER': '1', 'XMODIFIERS': '@im=ibus', 'XDG_SESSION_DESKTOP': 'ubuntu', 'XAUTHORITY': '/run/user/1000/.mutter-Xwaylandauth.C2OUI3', 'LS_COLORS': 'rs=0:di=01;34:ln=01;36:mh=00:pi=40;33:so=01;35:do=01;35:bd=40;33;01:cd=40;33;01:or=40;31;01:mi=00:su=37;41:sg=30;43:ca=30;41:tw=30;42:ow=34;42:st=37;44:ex=01;32:*.tar=01;31:*.tgz=01;31:*.arc=01;31:*.arj=01;31:*.taz=01;31:*.lha=01;31:*.lz4=01;31:*.lzh=01;31:*.lzma=01;31:*.tlz=01;31:*.txz=01;31:*.tzo=01;31:*.t7z=01;31:*.zip=01;31:*.z=01;31:*.dz=01;31:*.gz=01;31:*.lrz=01;31:*.lz=01;31:*.lzo=01;31:*.xz=01;31:*.zst=01;31:*.tzst=01;31:*.bz2=01;31:*.bz=01;31:*.tbz=01;31:*.tbz2=01;31:*.tz=01;31:*.deb=01;31:*.rpm=01;31:*.jar=01;31:*.war=01;31:*.ear=01;31:*.sar=01;31:*.rar=01;31:*.alz=01;31:*.ace=01;31:*.zoo=01;31:*.cpio=01;31:*.7z=01;31:*.rz=01;31:*.cab=01;31:*.wim=01;31:*.swm=01;31:*.dwm=01;31:*.esd=01;31:*.jpg=01;35:*.jpeg=01;35:*.mjpg=01;35:*.mjpeg=01;35:*.gif=01;35:*.bmp=01;35:*.pbm=01;35:*.pgm=01;35:*.ppm=01;35:*.tga=01;35:*.xbm=01;35:*.xpm=01;35:*.tif=01;35:*.tiff=01;35:*.png=01;35:*.svg=01;35:*.svgz=01;35:*.mng=01;35:*.pcx=01;35:*.mov=01;35:*.mpg=01;35:*.mpeg=01;35:*.m2v=01;35:*.mkv=01;35:*.webm=01;35:*.webp=01;35:*.ogm=01;35:*.mp4=01;35:*.m4v=01;35:*.mp4v=01;35:*.vob=01;35:*.qt=01;35:*.nuv=01;35:*.wmv=01;35:*.asf=01;35:*.rm=01;35:*.rmvb=01;35:*.flc=01;35:*.avi=01;35:*.fli=01;35:*.flv=01;35:*.gl=01;35:*.dl=01;35:*.xcf=01;35:*.xwd=01;35:*.yuv=01;35:*.cgm=01;35:*.emf=01;35:*.ogv=01;35:*.ogx=01;35:*.aac=00;36:*.au=00;36:*.flac=00;36:*.m4a=00;36:*.mid=00;36:*.midi=00;36:*.mka=00;36:*.mp3=00;36:*.mpc=00;36:*.ogg=00;36:*.ra=00;36:*.wav=00;36:*.oga=00;36:*.opus=00;36:*.spx=00;36:*.xspf=00;36:', 'SSH_AGENT_LAUNCHER': 'gnome-keyring', 'SSH_AUTH_SOCK': '/run/user/1000/keyring/ssh', 'AMENT_PREFIX_PATH': '/home/parallels/Forschsemrep/strawberry_ws/install/strawberry_tools:/home/parallels/Forschsemrep/strawberry_ws/install/strawberry_bringup:/home/parallels/Forschsemrep/strawberry_ws/install/strawberry_segmentation:/home/parallels/Forschsemrep/strawberry_ws/install/strawberry_msgs:/home/parallels/Forschsemrep/strawberry_ws/install/strawberry_cluster:/home/parallels/Forschsemrep/strawberry_ws/install/strawberry_camera:/home/parallels/Forschsemrep/strawberry_ws/install/meca500_ros2:/opt/ros/humble', 'CONDA_PYTHON_EXE': '/home/parallels/miniforge3/bin/python', 'SHELL': '/bin/bash', 'TERMINATOR_UUID': 'urn:uuid:8d0bf59f-046b-411d-a636-acb374433449', 'QT_ACCESSIBILITY': '1', 'GDMSESSION': 'ubuntu', 'LESSCLOSE': '/usr/bin/lesspipe %s %s', 'GJS_DEBUG_OUTPUT': 'stderr', 'MAMBA_EXE': '/home/parallels/miniforge3/bin/mamba', 'QT_IM_MODULE': 'ibus', 'PWD': '/home/parallels/Forschsemrep/strawberry_ws/build/strawberry_camera', 'XDG_CONFIG_DIRS': '/etc/xdg/xdg-ubuntu:/etc/xdg', 'CONDA_EXE': '/home/parallels/miniforge3/bin/conda', 'XDG_DATA_DIRS': '/usr/share/ubuntu:/usr/local/share/:/usr/share/:/var/lib/snapd/desktop', 'PYTHONPATH': '/home/parallels/Forschsemrep/strawberry_ws/build/strawberry_camera/prefix_override:/usr/lib/python3/dist-packages/colcon_core/task/python/colcon_distutils_commands:/home/parallels/Forschsemrep/strawberry_ws/install/strawberry_camera/lib/python3.10/site-packages:/home/parallels/Forschsemrep/strawberry_ws/build/strawberry_tools:/home/parallels/Forschsemrep/strawberry_ws/install/strawberry_tools/lib/python3.10/site-packages:/home/parallels/Forschsemrep/strawberry_ws/build/strawberry_bringup:/home/parallels/Forschsemrep/strawberry_ws/install/strawberry_bringup/lib/python3.10/site-packages:/home/parallels/Forschsemrep/strawberry_ws/build/strawberry_segmentation:/home/parallels/Forschsemrep/strawberry_ws/install/strawberry_segmentation/lib/python3.10/site-packages:/home/parallels/Forschsemrep/strawberry_ws/install/strawberry_msgs/local/lib/python3.10/dist-packages:/home/parallels/Forschsemrep/strawberry_ws/build/strawberry_cluster:/home/parallels/Forschsemrep/strawberry_ws/install/strawberry_cluster/lib/python3.10/site-packages:/home/parallels/Forschsemrep/strawberry_ws/build/strawberry_camera:/home/parallels/Forschsemrep/strawberry_ws/install/strawberry_camera/lib/python3.10/site-packages:/home/parallels/Forschsemrep/strawberry_ws/build/meca500_ros2:/home/parallels/Forschsemrep/strawberry_ws/install/meca500_ros2/lib/python3.10/site-packages:/opt/ros/humble/lib/python3.10/site-packages:/opt/ros/humble/local/lib/python3.10/dist-packages', 'COLCON': '1', 'VTE_VERSION': '6800', 'CMAKE_PREFIX_PATH': '/home/parallels/Forschsemrep/strawberry_ws/install/strawberry_msgs'}, 'shell': False}
[2.295955] (strawberry_cluster) Command: {'cmd': ['/usr/bin/python3', '-W', 'ignore:setup.py install is deprecated', '-W', 'ignore:easy_install command is deprecated', 'setup.py', 'develop', '--editable', '--build-directory', '/home/parallels/Forschsemrep/strawberry_ws/build/strawberry_cluster/build', '--no-deps', 'symlink_data'], 'cwd': '/home/parallels/Forschsemrep/strawberry_ws/build/strawberry_cluster', 'env': {'GJS_DEBUG_TOPICS': 'JS ERROR;JS LOG', 'LESSOPEN': '| /usr/bin/lesspipe %s', 'USER': 'parallels', 'XDG_SESSION_TYPE': 'wayland', 'SHLVL': '1', 'LD_LIBRARY_PATH': '/home/parallels/Forschsemrep/strawberry_ws/install/strawberry_msgs/lib:/usr/lib/x86_64-linux-gnu/gazebo-11/plugins:/opt/ros/humble/opt/rviz_ogre_vendor/lib:/opt/ros/humble/lib/x86_64-linux-gnu:/opt/ros/humble/lib', 'HOME': '/home/parallels', 'CONDA_SHLVL': '0', 'DESKTOP_SESSION': 'ubuntu', 'GIO_LAUNCHED_DESKTOP_FILE': '/usr/share/applications/terminator.desktop', 'ROS_PYTHON_VERSION': '3', 'GNOME_SHELL_SESSION_MODE': 'ubuntu', 'GTK_MODULES': 'gail:atk-bridge', 'MANAGERPID': '2681', 'SYSTEMD_EXEC_PID': '2870', 'DBUS_SESSION_BUS_ADDRESS': 'unix:path=/run/user/1000/bus', 'COLORTERM': 'truecolor', 'TERMINATOR_DBUS_NAME': 'net.tenshu.Terminator25ef4b219e3b005583550f2b0f9f990c3', 'GIO_LAUNCHED_DESKTOP_FILE_PID': '41369', 'IM_CONFIG_PHASE': '1', 'WAYLAND_DISPLAY': 'wayland-0', 'COLCON_PREFIX_PATH': '/home/parallels/Forschsemrep/strawberry_ws/install', 'ROS_DISTRO': 'humble', 'LOGNAME': 'parallels', 'JOURNAL_STREAM': '8:20584', '_': '/usr/bin/colcon', 'ROS_VERSION': '2', 'XDG_SESSION_CLASS': 'user', 'USERNAME': 'parallels', 'TERM': 'xterm-256color', 'GNOME_DESKTOP_SESSION_ID': 'this-is-deprecated', 'ROS_LOCALHOST_ONLY': '0', 'PATH': '/opt/ros/humble/bin:/home/parallels/.local/bin:/home/parallels/miniforge3/condabin:/home/parallels/.local/bin:/usr/local/sbin:/usr/local/bin:/usr/sbin:/usr/bin:/sbin:/bin:/usr/games:/usr/local/games:/snap/bin:/snap/bin:/home/parallels/.dotnet/tools:/opt/mssql-tools/bin', 'SESSION_MANAGER': 'local/parallels-Parallels-Virtual-Platform:@/tmp/.ICE-unix/2845,unix/parallels-Parallels-Virtual-Platform:/tmp/.ICE-unix/2845', 'INVOCATION_ID': '35c8364f9b114774aaacea0182c3bf7d', 'XDG_MENU_PREFIX': 'gnome-', 'GNOME_SETUP_DISPLAY': ':1', 'XDG_RUNTIME_DIR': '/run/user/1000', 'MAMBA_ROOT_PREFIX': '/home/parallels/miniforge3', 'DISPLAY': ':0', 'TERMINATOR_DBUS_PATH': '/net/tenshu/Terminator2', 'LANG': 'en_US.UTF-8', 'XDG_CURRENT_DESKTOP': 'ubuntu:GNOME', 'DOTNET_BUNDLE_EXTRACT_BASE_DIR': '/home/parallels/.cache/dotnet_bundle_extract', 'IBUS_DISABLE_SNOOPER': '1', 'XMODIFIERS': '@im=ibus', 'XDG_SESSION_DESKTOP': 'ubuntu', 'XAUTHORITY': '/run/user/1000/.mutter-Xwaylandauth.C2OUI3', 'LS_COLORS': 'rs=0:di=01;34:ln=01;36:mh=00:pi=40;33:so=01;35:do=01;35:bd=40;33;01:cd=40;33;01:or=40;31;01:mi=00:su=37;41:sg=30;43:ca=30;41:tw=30;42:ow=34;42:st=37;44:ex=01;32:*.tar=01;31:*.tgz=01;31:*.arc=01;31:*.arj=01;31:*.taz=01;31:*.lha=01;31:*.lz4=01;31:*.lzh=01;31:*.lzma=01;31:*.tlz=01;31:*.txz=01;31:*.tzo=01;31:*.t7z=01;31:*.zip=01;31:*.z=01;31:*.dz=01;31:*.gz=01;31:*.lrz=01;31:*.lz=01;31:*.lzo=01;31:*.xz=01;31:*.zst=01;31:*.tzst=01;31:*.bz2=01;31:*.bz=01;31:*.tbz=01;31:*.tbz2=01;31:*.tz=01;31:*.deb=01;31:*.rpm=01;31:*.jar=01;31:*.war=01;31:*.ear=01;31:*.sar=01;31:*.rar=01;31:*.alz=01;31:*.ace=01;31:*.zoo=01;31:*.cpio=01;31:*.7z=01;31:*.rz=01;31:*.cab=01;31:*.wim=01;31:*.swm=01;31:*.dwm=01;31:*.esd=01;31:*.jpg=01;35:*.jpeg=01;35:*.mjpg=01;35:*.mjpeg=01;35:*.gif=01;35:*.bmp=01;35:*.pbm=01;35:*.pgm=01;35:*.ppm=01;35:*.tga=01;35:*.xbm=01;35:*.xpm=01;35:*.tif=01;35:*.tiff=01;35:*.png=01;35:*.svg=01;35:*.svgz=01;35:*.mng=01;35:*.pcx=01;35:*.mov=01;35:*.mpg=01;35:*.mpeg=01;35:*.m2v=01;35:*.mkv=01;35:*.webm=01;35:*.webp=01;35:*.ogm=01;35:*.mp4=01;35:*.m4v=01;35:*.mp4v=01;35:*.vob=01;35:*.qt=01;35:*.nuv=01;35:*.wmv=01;35:*.asf=01;35:*.rm=01;35:*.rmvb=01;35:*.flc=01;35:*.avi=01;35:*.fli=01;35:*.flv=01;35:*.gl=01;35:*.dl=01;35:*.xcf=01;35:*.xwd=01;35:*.yuv=01;35:*.cgm=01;35:*.emf=01;35:*.ogv=01;35:*.ogx=01;35:*.aac=00;36:*.au=00;36:*.flac=00;36:*.m4a=00;36:*.mid=00;36:*.midi=00;36:*.mka=00;36:*.mp3=00;36:*.mpc=00;36:*.ogg=00;36:*.ra=00;36:*.wav=00;36:*.oga=00;36:*.opus=00;36:*.spx=00;36:*.xspf=00;36:', 'SSH_AGENT_LAUNCHER': 'gnome-keyring', 'SSH_AUTH_SOCK': '/run/user/1000/keyring/ssh', 'AMENT_PREFIX_PATH': '/home/parallels/Forschsemrep/strawberry_ws/install/strawberry_tools:/home/parallels/Forschsemrep/strawberry_ws/install/strawberry_bringup:/home/parallels/Forschsemrep/strawberry_ws/install/strawberry_segmentation:/home/parallels/Forschsemrep/strawberry_ws/install/strawberry_msgs:/home/parallels/Forschsemrep/strawberry_ws/install/strawberry_cluster:/home/parallels/Forschsemrep/strawberry_ws/install/strawberry_camera:/home/parallels/Forschsemrep/strawberry_ws/install/meca500_ros2:/opt/ros/humble', 'CONDA_PYTHON_EXE': '/home/parallels/miniforge3/bin/python', 'SHELL': '/bin/bash', 'TERMINATOR_UUID': 'urn:uuid:8d0bf59f-046b-411d-a636-acb374433449', 'QT_ACCESSIBILITY': '1', 'GDMSESSION': 'ubuntu', 'LESSCLOSE': '/usr/bin/lesspipe %s %s', 'GJS_DEBUG_OUTPUT': 'stderr', 'MAMBA_EXE': '/home/parallels/miniforge3/bin/mamba', 'QT_IM_MODULE': 'ibus', 'PWD': '/home/parallels/Forschsemrep/strawberry_ws/build/strawberry_cluster', 'XDG_CONFIG_DIRS': '/etc/xdg/xdg-ubuntu:/etc/xdg', 'CONDA_EXE': '/home/parallels/miniforge3/bin/conda', 'XDG_DATA_DIRS': '/usr/share/ubuntu:/usr/local/share/:/usr/share/:/var/lib/snapd/desktop', 'PYTHONPATH': '/home/parallels/Forschsemrep/strawberry_ws/build/strawberry_cluster/prefix_override:/usr/lib/python3/dist-packages/colcon_core/task/python/colcon_distutils_commands:/home/parallels/Forschsemrep/strawberry_ws/install/strawberry_cluster/lib/python3.10/site-packages:/home/parallels/Forschsemrep/strawberry_ws/build/strawberry_tools:/home/parallels/Forschsemrep/strawberry_ws/install/strawberry_tools/lib/python3.10/site-packages:/home/parallels/Forschsemrep/strawberry_ws/build/strawberry_bringup:/home/parallels/Forschsemrep/strawberry_ws/install/strawberry_bringup/lib/python3.10/site-packages:/home/parallels/Forschsemrep/strawberry_ws/build/strawberry_segmentation:/home/parallels/Forschsemrep/strawberry_ws/install/strawberry_segmentation/lib/python3.10/site-packages:/home/parallels/Forschsemrep/strawberry_ws/install/strawberry_msgs/local/lib/python3.10/dist-packages:/home/parallels/Forschsemrep/strawberry_ws/build/strawberry_cluster:/home/parallels/Forschsemrep/strawberry_ws/install/strawberry_cluster/lib/python3.10/site-packages:/home/parallels/Forschsemrep/strawberry_ws/build/strawberry_camera:/home/parallels/Forschsemrep/strawberry_ws/install/strawberry_camera/lib/python3.10/site-packages:/home/parallels/Forschsemrep/strawberry_ws/build/meca500_ros2:/home/parallels/Forschsemrep/strawberry_ws/install/meca500_ros2/lib/python3.10/site-packages:/opt/ros/humble/lib/python3.10/site-packages:/opt/ros/humble/local/lib/python3.10/dist-packages', 'COLCON': '1', 'VTE_VERSION': '6800', 'CMAKE_PREFIX_PATH': '/home/parallels/Forschsemrep/strawberry_ws/install/strawberry_msgs'}, 'shell': False}
[2.327230] (-) TimerEvent: {}
[2.427704] (-) TimerEvent: {}
[2.485838] (meca500_ros2) Command: {'cmd': ['/usr/bin/python3', '-W', 'ignore:setup.py install is deprecated', '-W', 'ignore:easy_install command is deprecated', 'setup.py', 'develop', '--editable', '--build-directory', '/home/parallels/Forschsemrep/strawberry_ws/build/meca500_ros2/build', '--no-deps', 'symlink_data'], 'cwd': '/home/parallels/Forschsemrep/strawberry_ws/build/meca500_ros2', 'env': {'GJS_DEBUG_TOPICS': 'JS ERROR;JS LOG', 'LESSOPEN': '| /usr/bin/lesspipe %s', 'USER': 'parallels', 'XDG_SESSION_TYPE': 'wayland', 'SHLVL': '1', 'LD_LIBRARY_PATH': '/home/parallels/Forschsemrep/strawberry_ws/install/strawberry_msgs/lib:/usr/lib/x86_64-linux-gnu/gazebo-11/plugins:/opt/ros/humble/opt/rviz_ogre_vendor/lib:/opt/ros/humble/lib/x86_64-linux-gnu:/opt/ros/humble/lib', 'HOME': '/home/parallels', 'CONDA_SHLVL': '0', 'DESKTOP_SESSION': 'ubuntu', 'GIO_LAUNCHED_DESKTOP_FILE': '/usr/share/applications/terminator.desktop', 'ROS_PYTHON_VERSION': '3', 'GNOME_SHELL_SESSION_MODE': 'ubuntu', 'GTK_MODULES': 'gail:atk-bridge', 'MANAGERPID': '2681', 'SYSTEMD_EXEC_PID': '2870', 'DBUS_SESSION_BUS_ADDRESS': 'unix:path=/run/user/1000/bus', 'COLORTERM': 'truecolor', 'TERMINATOR_DBUS_NAME': 'net.tenshu.Terminator25ef4b219e3b005583550f2b0f9f990c3', 'GIO_LAUNCHED_DESKTOP_FILE_PID': '41369', 'IM_CONFIG_PHASE': '1', 'WAYLAND_DISPLAY': 'wayland-0', 'COLCON_PREFIX_PATH': '/home/parallels/Forschsemrep/strawberry_ws/install', 'ROS_DISTRO': 'humble', 'LOGNAME': 'parallels', 'JOURNAL_STREAM': '8:20584', '_': '/usr/bin/colcon', 'ROS_VERSION': '2', 'XDG_SESSION_CLASS': 'user', 'USERNAME': 'parallels', 'TERM': 'xterm-256color', 'GNOME_DESKTOP_SESSION_ID': 'this-is-deprecated', 'ROS_LOCALHOST_ONLY': '0', 'PATH': '/opt/ros/humble/bin:/home/parallels/.local/bin:/home/parallels/miniforge3/condabin:/home/parallels/.local/bin:/usr/local/sbin:/usr/local/bin:/usr/sbin:/usr/bin:/sbin:/bin:/usr/games:/usr/local/games:/snap/bin:/snap/bin:/home/parallels/.dotnet/tools:/opt/mssql-tools/bin', 'SESSION_MANAGER': 'local/parallels-Parallels-Virtual-Platform:@/tmp/.ICE-unix/2845,unix/parallels-Parallels-Virtual-Platform:/tmp/.ICE-unix/2845', 'INVOCATION_ID': '35c8364f9b114774aaacea0182c3bf7d', 'XDG_MENU_PREFIX': 'gnome-', 'GNOME_SETUP_DISPLAY': ':1', 'XDG_RUNTIME_DIR': '/run/user/1000', 'MAMBA_ROOT_PREFIX': '/home/parallels/miniforge3', 'DISPLAY': ':0', 'TERMINATOR_DBUS_PATH': '/net/tenshu/Terminator2', 'LANG': 'en_US.UTF-8', 'XDG_CURRENT_DESKTOP': 'ubuntu:GNOME', 'DOTNET_BUNDLE_EXTRACT_BASE_DIR': '/home/parallels/.cache/dotnet_bundle_extract', 'IBUS_DISABLE_SNOOPER': '1', 'XMODIFIERS': '@im=ibus', 'XDG_SESSION_DESKTOP': 'ubuntu', 'XAUTHORITY': '/run/user/1000/.mutter-Xwaylandauth.C2OUI3', 'LS_COLORS': 'rs=0:di=01;34:ln=01;36:mh=00:pi=40;33:so=01;35:do=01;35:bd=40;33;01:cd=40;33;01:or=40;31;01:mi=00:su=37;41:sg=30;43:ca=30;41:tw=30;42:ow=34;42:st=37;44:ex=01;32:*.tar=01;31:*.tgz=01;31:*.arc=01;31:*.arj=01;31:*.taz=01;31:*.lha=01;31:*.lz4=01;31:*.lzh=01;31:*.lzma=01;31:*.tlz=01;31:*.txz=01;31:*.tzo=01;31:*.t7z=01;31:*.zip=01;31:*.z=01;31:*.dz=01;31:*.gz=01;31:*.lrz=01;31:*.lz=01;31:*.lzo=01;31:*.xz=01;31:*.zst=01;31:*.tzst=01;31:*.bz2=01;31:*.bz=01;31:*.tbz=01;31:*.tbz2=01;31:*.tz=01;31:*.deb=01;31:*.rpm=01;31:*.jar=01;31:*.war=01;31:*.ear=01;31:*.sar=01;31:*.rar=01;31:*.alz=01;31:*.ace=01;31:*.zoo=01;31:*.cpio=01;31:*.7z=01;31:*.rz=01;31:*.cab=01;31:*.wim=01;31:*.swm=01;31:*.dwm=01;31:*.esd=01;31:*.jpg=01;35:*.jpeg=01;35:*.mjpg=01;35:*.mjpeg=01;35:*.gif=01;35:*.bmp=01;35:*.pbm=01;35:*.pgm=01;35:*.ppm=01;35:*.tga=01;35:*.xbm=01;35:*.xpm=01;35:*.tif=01;35:*.tiff=01;35:*.png=01;35:*.svg=01;35:*.svgz=01;35:*.mng=01;35:*.pcx=01;35:*.mov=01;35:*.mpg=01;35:*.mpeg=01;35:*.m2v=01;35:*.mkv=01;35:*.webm=01;35:*.webp=01;35:*.ogm=01;35:*.mp4=01;35:*.m4v=01;35:*.mp4v=01;35:*.vob=01;35:*.qt=01;35:*.nuv=01;35:*.wmv=01;35:*.asf=01;35:*.rm=01;35:*.rmvb=01;35:*.flc=01;35:*.avi=01;35:*.fli=01;35:*.flv=01;35:*.gl=01;35:*.dl=01;35:*.xcf=01;35:*.xwd=01;35:*.yuv=01;35:*.cgm=01;35:*.emf=01;35:*.ogv=01;35:*.ogx=01;35:*.aac=00;36:*.au=00;36:*.flac=00;36:*.m4a=00;36:*.mid=00;36:*.midi=00;36:*.mka=00;36:*.mp3=00;36:*.mpc=00;36:*.ogg=00;36:*.ra=00;36:*.wav=00;36:*.oga=00;36:*.opus=00;36:*.spx=00;36:*.xspf=00;36:', 'SSH_AGENT_LAUNCHER': 'gnome-keyring', 'SSH_AUTH_SOCK': '/run/user/1000/keyring/ssh', 'AMENT_PREFIX_PATH': '/home/parallels/Forschsemrep/strawberry_ws/install/strawberry_tools:/home/parallels/Forschsemrep/strawberry_ws/install/strawberry_bringup:/home/parallels/Forschsemrep/strawberry_ws/install/strawberry_segmentation:/home/parallels/Forschsemrep/strawberry_ws/install/strawberry_msgs:/home/parallels/Forschsemrep/strawberry_ws/install/strawberry_cluster:/home/parallels/Forschsemrep/strawberry_ws/install/strawberry_camera:/home/parallels/Forschsemrep/strawberry_ws/install/meca500_ros2:/opt/ros/humble', 'CONDA_PYTHON_EXE': '/home/parallels/miniforge3/bin/python', 'SHELL': '/bin/bash', 'TERMINATOR_UUID': 'urn:uuid:8d0bf59f-046b-411d-a636-acb374433449', 'QT_ACCESSIBILITY': '1', 'GDMSESSION': 'ubuntu', 'LESSCLOSE': '/usr/bin/lesspipe %s %s', 'GJS_DEBUG_OUTPUT': 'stderr', 'MAMBA_EXE': '/home/parallels/miniforge3/bin/mamba', 'QT_IM_MODULE': 'ibus', 'PWD': '/home/parallels/Forschsemrep/strawberry_ws/build/meca500_ros2', 'XDG_CONFIG_DIRS': '/etc/xdg/xdg-ubuntu:/etc/xdg', 'CONDA_EXE': '/home/parallels/miniforge3/bin/conda', 'XDG_DATA_DIRS': '/usr/share/ubuntu:/usr/local/share/:/usr/share/:/var/lib/snapd/desktop', 'PYTHONPATH': '/home/parallels/Forschsemrep/strawberry_ws/build/meca500_ros2/prefix_override:/usr/lib/python3/dist-packages/colcon_core/task/python/colcon_distutils_commands:/home/parallels/Forschsemrep/strawberry_ws/install/meca500_ros2/lib/python3.10/site-packages:/home/parallels/Forschsemrep/strawberry_ws/build/strawberry_tools:/home/parallels/Forschsemrep/strawberry_ws/install/strawberry_tools/lib/python3.10/site-packages:/home/parallels/Forschsemrep/strawberry_ws/build/strawberry_bringup:/home/parallels/Forschsemrep/strawberry_ws/install/strawberry_bringup/lib/python3.10/site-packages:/home/parallels/Forschsemrep/strawberry_ws/build/strawberry_segmentation:/home/parallels/Forschsemrep/strawberry_ws/install/strawberry_segmentation/lib/python3.10/site-packages:/home/parallels/Forschsemrep/strawberry_ws/install/strawberry_msgs/local/lib/python3.10/dist-packages:/home/parallels/Forschsemrep/strawberry_ws/build/strawberry_cluster:/home/parallels/Forschsemrep/strawberry_ws/install/strawberry_cluster/lib/python3.10/site-packages:/home/parallels/Forschsemrep/strawberry_ws/build/strawberry_camera:/home/parallels/Forschsemrep/strawberry_ws/install/strawberry_camera/lib/python3.10/site-packages:/home/parallels/Forschsemrep/strawberry_ws/build/meca500_ros2:/home/parallels/Forschsemrep/strawberry_ws/install/meca500_ros2/lib/python3.10/site-packages:/opt/ros/humble/lib/python3.10/site-packages:/opt/ros/humble/local/lib/python3.10/dist-packages', 'COLCON': '1', 'VTE_VERSION': '6800', 'CMAKE_PREFIX_PATH': '/home/parallels/Forschsemrep/strawberry_ws/install/strawberry_msgs'}, 'shell': False}
[2.528005] (-) TimerEvent: {}
[2.628907] (-) TimerEvent: {}
[2.729394] (-) TimerEvent: {}
[2.798221] (strawberry_segmentation) StdoutLine: {'line': b'running develop\n'}
[2.801507] (strawberry_cluster) StdoutLine: {'line': b'running develop\n'}
[2.831245] (-) TimerEvent: {}
[2.849068] (strawberry_camera) StdoutLine: {'line': b'running develop\n'}
[2.931434] (-) TimerEvent: {}
[3.018625] (meca500_ros2) StdoutLine: {'line': b'running develop\n'}
[3.031709] (-) TimerEvent: {}
[3.134337] (-) TimerEvent: {}
[3.203283] (strawberry_cluster) StdoutLine: {'line': b'running egg_info\n'}
[3.203585] (strawberry_cluster) StdoutLine: {'line': b'writing strawberry_cluster.egg-info/PKG-INFO\n'}
[3.203727] (strawberry_cluster) StdoutLine: {'line': b'writing dependency_links to strawberry_cluster.egg-info/dependency_links.txt\n'}
[3.203834] (strawberry_cluster) StdoutLine: {'line': b'writing entry points to strawberry_cluster.egg-info/entry_points.txt\n'}
[3.203935] (strawberry_cluster) StdoutLine: {'line': b'writing requirements to strawberry_cluster.egg-info/requires.txt\n'}
[3.204030] (strawberry_cluster) StdoutLine: {'line': b'writing top-level names to strawberry_cluster.egg-info/top_level.txt\n'}
[3.206395] (strawberry_cluster) StdoutLine: {'line': b"reading manifest file 'strawberry_cluster.egg-info/SOURCES.txt'\n"}
[3.208645] (strawberry_cluster) StdoutLine: {'line': b"writing manifest file 'strawberry_cluster.egg-info/SOURCES.txt'\n"}
[3.211383] (strawberry_cluster) StdoutLine: {'line': b'running build_ext\n'}
[3.211913] (strawberry_cluster) StdoutLine: {'line': b'Creating /home/parallels/Forschsemrep/strawberry_ws/install/strawberry_cluster/lib/python3.10/site-packages/strawberry-cluster.egg-link (link to .)\n'}
[3.213554] (strawberry_cluster) StdoutLine: {'line': b'Installing cluster_diagnostic script to /home/parallels/Forschsemrep/strawberry_ws/install/strawberry_cluster/lib/strawberry_cluster\n'}
[3.214175] (strawberry_cluster) StdoutLine: {'line': b'Installing raw_cloud_saver script to /home/parallels/Forschsemrep/strawberry_ws/install/strawberry_cluster/lib/strawberry_cluster\n'}
[3.215750] (strawberry_cluster) StdoutLine: {'line': b'Installing strawberry_cluster script to /home/parallels/Forschsemrep/strawberry_ws/install/strawberry_cluster/lib/strawberry_cluster\n'}
[3.215927] (strawberry_cluster) StdoutLine: {'line': b'\n'}
[3.216052] (strawberry_cluster) StdoutLine: {'line': b'Installed /home/parallels/Forschsemrep/strawberry_ws/build/strawberry_cluster\n'}
[3.220651] (strawberry_cluster) StdoutLine: {'line': b'running symlink_data\n'}
[3.234524] (-) TimerEvent: {}
[3.281049] (strawberry_cluster) CommandEnded: {'returncode': 0}
[3.309444] (strawberry_cluster) JobEnded: {'identifier': 'strawberry_cluster', 'rc': 0}
[3.313642] (strawberry_tools) JobStarted: {'identifier': 'strawberry_tools'}
[3.334675] (-) TimerEvent: {}
[3.336212] (strawberry_camera) StdoutLine: {'line': b'running egg_info\n'}
[3.336661] (strawberry_camera) StdoutLine: {'line': b'writing strawberry_camera.egg-info/PKG-INFO\n'}
[3.337385] (strawberry_camera) StdoutLine: {'line': b'writing dependency_links to strawberry_camera.egg-info/dependency_links.txt\n'}
[3.340694] (strawberry_camera) StdoutLine: {'line': b'writing entry points to strawberry_camera.egg-info/entry_points.txt\n'}
[3.340914] (strawberry_camera) StdoutLine: {'line': b'writing requirements to strawberry_camera.egg-info/requires.txt\n'}
[3.340985] (strawberry_camera) StdoutLine: {'line': b'writing top-level names to strawberry_camera.egg-info/top_level.txt\n'}
[3.343577] (strawberry_camera) StdoutLine: {'line': b"reading manifest file 'strawberry_camera.egg-info/SOURCES.txt'\n"}
[3.344879] (strawberry_camera) StdoutLine: {'line': b"writing manifest file 'strawberry_camera.egg-info/SOURCES.txt'\n"}
[3.347289] (strawberry_camera) StdoutLine: {'line': b'running build_ext\n'}
[3.348049] (strawberry_camera) StdoutLine: {'line': b'Creating /home/parallels/Forschsemrep/strawberry_ws/install/strawberry_camera/lib/python3.10/site-packages/strawberry-camera.egg-link (link to .)\n'}
[3.349359] (strawberry_camera) StdoutLine: {'line': b'Installing camera_dummy script to /home/parallels/Forschsemrep/strawberry_ws/install/strawberry_camera/lib/strawberry_camera\n'}
[3.352553] (strawberry_camera) StdoutLine: {'line': b'Installing camera_folder script to /home/parallels/Forschsemrep/strawberry_ws/install/strawberry_camera/lib/strawberry_camera\n'}
[3.352952] (strawberry_camera) StdoutLine: {'line': b'\n'}
[3.353122] (strawberry_camera) StdoutLine: {'line': b'Installed /home/parallels/Forschsemrep/strawberry_ws/build/strawberry_camera\n'}
[3.353239] (strawberry_camera) StdoutLine: {'line': b'running symlink_data\n'}
[3.359268] (strawberry_segmentation) StdoutLine: {'line': b'running egg_info\n'}
[3.359668] (strawberry_segmentation) StdoutLine: {'line': b'writing strawberry_segmentation.egg-info/PKG-INFO\n'}
[3.359891] (strawberry_segmentation) StdoutLine: {'line': b'writing dependency_links to strawberry_segmentation.egg-info/dependency_links.txt\n'}
[3.360084] (strawberry_segmentation) StdoutLine: {'line': b'writing entry points to strawberry_segmentation.egg-info/entry_points.txt\n'}
[3.360431] (strawberry_segmentation) StdoutLine: {'line': b'writing requirements to strawberry_segmentation.egg-info/requires.txt\n'}
[3.360759] (strawberry_segmentation) StdoutLine: {'line': b'writing top-level names to strawberry_segmentation.egg-info/top_level.txt\n'}
[3.368094] (strawberry_segmentation) StdoutLine: {'line': b"reading manifest file 'strawberry_segmentation.egg-info/SOURCES.txt'\n"}
[3.373327] (strawberry_segmentation) StdoutLine: {'line': b"writing manifest file 'strawberry_segmentation.egg-info/SOURCES.txt'\n"}
[3.377378] (strawberry_segmentation) StdoutLine: {'line': b'running build_ext\n'}
[3.377603] (strawberry_segmentation) StdoutLine: {'line': b'Creating /home/parallels/Forschsemrep/strawberry_ws/install/strawberry_segmentation/lib/python3.10/site-packages/strawberry-segmentation.egg-link (link to .)\n'}
[3.378619] (strawberry_segmentation) StdoutLine: {'line': b'Installing depth_mask script to /home/parallels/Forschsemrep/strawberry_ws/install/strawberry_segmentation/lib/strawberry_segmentation\n'}
[3.379246] (strawberry_segmentation) StdoutLine: {'line': b'Installing seg_ultra script to /home/parallels/Forschsemrep/strawberry_ws/install/strawberry_segmentation/lib/strawberry_segmentation\n'}
[3.381266] (strawberry_segmentation) StdoutLine: {'line': b'Installing strawberry_features script to /home/parallels/Forschsemrep/strawberry_ws/install/strawberry_segmentation/lib/strawberry_segmentation\n'}
[3.381462] (strawberry_segmentation) StdoutLine: {'line': b'Installing strawberry_selected_overlay script to /home/parallels/Forschsemrep/strawberry_ws/install/strawberry_segmentation/lib/strawberry_segmentation\n'}
[3.381527] (strawberry_segmentation) StdoutLine: {'line': b'\n'}
[3.381581] (strawberry_segmentation) StdoutLine: {'line': b'Installed /home/parallels/Forschsemrep/strawberry_ws/build/strawberry_segmentation\n'}
[3.381633] (strawberry_segmentation) StdoutLine: {'line': b'running symlink_data\n'}
[3.437344] (-) TimerEvent: {}
[3.517021] (meca500_ros2) StdoutLine: {'line': b'running egg_info\n'}
[3.520928] (meca500_ros2) StdoutLine: {'line': b'writing meca500_ros2.egg-info/PKG-INFO\n'}
[3.521513] (meca500_ros2) StdoutLine: {'line': b'writing dependency_links to meca500_ros2.egg-info/dependency_links.txt\n'}
[3.528349] (meca500_ros2) StdoutLine: {'line': b'writing entry points to meca500_ros2.egg-info/entry_points.txt\n'}
[3.528889] (meca500_ros2) StdoutLine: {'line': b'writing requirements to meca500_ros2.egg-info/requires.txt\n'}
[3.534304] (meca500_ros2) StdoutLine: {'line': b'writing top-level names to meca500_ros2.egg-info/top_level.txt\n'}
[3.534495] (meca500_ros2) StdoutLine: {'line': b"reading manifest file 'meca500_ros2.egg-info/SOURCES.txt'\n"}
[3.534709] (meca500_ros2) StdoutLine: {'line': b"writing manifest file 'meca500_ros2.egg-info/SOURCES.txt'\n"}
[3.537436] (-) TimerEvent: {}
[3.540058] (meca500_ros2) StdoutLine: {'line': b'running build_ext\n'}
[3.540481] (meca500_ros2) StdoutLine: {'line': b'Creating /home/parallels/Forschsemrep/strawberry_ws/install/meca500_ros2/lib/python3.10/site-packages/meca500-ros2.egg-link (link to .)\n'}
[3.541787] (meca500_ros2) StdoutLine: {'line': b'Installing robot_dummy script to /home/parallels/Forschsemrep/strawberry_ws/install/meca500_ros2/lib/meca500_ros2\n'}
[3.542360] (meca500_ros2) StdoutLine: {'line': b'\n'}
[3.545035] (meca500_ros2) StdoutLine: {'line': b'Installed /home/parallels/Forschsemrep/strawberry_ws/build/meca500_ros2\n'}
[3.545594] (meca500_ros2) StdoutLine: {'line': b'running symlink_data\n'}
[3.639297] (-) TimerEvent: {}
[3.739996] (-) TimerEvent: {}
[3.840815] (-) TimerEvent: {}
[3.902216] (strawberry_camera) CommandEnded: {'returncode': 0}
[3.923161] (strawberry_camera) JobEnded: {'identifier': 'strawberry_camera', 'rc': 0}
[3.925491] (strawberry_segmentation) CommandEnded: {'returncode': 0}
[3.939807] (strawberry_segmentation) JobEnded: {'identifier': 'strawberry_segmentation', 'rc': 0}
[3.941850] (-) TimerEvent: {}
[3.942031] (meca500_ros2) CommandEnded: {'returncode': 0}
[3.957428] (meca500_ros2) JobEnded: {'identifier': 'meca500_ros2', 'rc': 0}
[3.960642] (strawberry_bringup) JobStarted: {'identifier': 'strawberry_bringup'}
[4.044238] (-) TimerEvent: {}
[4.144651] (-) TimerEvent: {}
[4.245123] (-) TimerEvent: {}
[4.345932] (-) TimerEvent: {}
[4.448657] (-) TimerEvent: {}
[4.550247] (-) TimerEvent: {}
[4.650931] (-) TimerEvent: {}
[4.751562] (-) TimerEvent: {}
[4.852630] (-) TimerEvent: {}
[4.954262] (-) TimerEvent: {}
[5.006800] (strawberry_tools) Command: {'cmd': ['/usr/bin/python3', '-W', 'ignore:setup.py install is deprecated', '-W', 'ignore:easy_install command is deprecated', 'setup.py', 'develop', '--editable', '--build-directory', '/home/parallels/Forschsemrep/strawberry_ws/build/strawberry_tools/build', '--no-deps', 'symlink_data'], 'cwd': '/home/parallels/Forschsemrep/strawberry_ws/build/strawberry_tools', 'env': {'GJS_DEBUG_TOPICS': 'JS ERROR;JS LOG', 'LESSOPEN': '| /usr/bin/lesspipe %s', 'USER': 'parallels', 'XDG_SESSION_TYPE': 'wayland', 'SHLVL': '1', 'LD_LIBRARY_PATH': '/home/parallels/Forschsemrep/strawberry_ws/install/strawberry_msgs/lib:/usr/lib/x86_64-linux-gnu/gazebo-11/plugins:/opt/ros/humble/opt/rviz_ogre_vendor/lib:/opt/ros/humble/lib/x86_64-linux-gnu:/opt/ros/humble/lib', 'HOME': '/home/parallels', 'CONDA_SHLVL': '0', 'DESKTOP_SESSION': 'ubuntu', 'GIO_LAUNCHED_DESKTOP_FILE': '/usr/share/applications/terminator.desktop', 'ROS_PYTHON_VERSION': '3', 'GNOME_SHELL_SESSION_MODE': 'ubuntu', 'GTK_MODULES': 'gail:atk-bridge', 'MANAGERPID': '2681', 'SYSTEMD_EXEC_PID': '2870', 'DBUS_SESSION_BUS_ADDRESS': 'unix:path=/run/user/1000/bus', 'COLORTERM': 'truecolor', 'TERMINATOR_DBUS_NAME': 'net.tenshu.Terminator25ef4b219e3b005583550f2b0f9f990c3', 'GIO_LAUNCHED_DESKTOP_FILE_PID': '41369', 'IM_CONFIG_PHASE': '1', 'WAYLAND_DISPLAY': 'wayland-0', 'COLCON_PREFIX_PATH': '/home/parallels/Forschsemrep/strawberry_ws/install', 'ROS_DISTRO': 'humble', 'LOGNAME': 'parallels', 'JOURNAL_STREAM': '8:20584', '_': '/usr/bin/colcon', 'ROS_VERSION': '2', 'XDG_SESSION_CLASS': 'user', 'USERNAME': 'parallels', 'TERM': 'xterm-256color', 'GNOME_DESKTOP_SESSION_ID': 'this-is-deprecated', 'ROS_LOCALHOST_ONLY': '0', 'PATH': '/opt/ros/humble/bin:/home/parallels/.local/bin:/home/parallels/miniforge3/condabin:/home/parallels/.local/bin:/usr/local/sbin:/usr/local/bin:/usr/sbin:/usr/bin:/sbin:/bin:/usr/games:/usr/local/games:/snap/bin:/snap/bin:/home/parallels/.dotnet/tools:/opt/mssql-tools/bin', 'SESSION_MANAGER': 'local/parallels-Parallels-Virtual-Platform:@/tmp/.ICE-unix/2845,unix/parallels-Parallels-Virtual-Platform:/tmp/.ICE-unix/2845', 'INVOCATION_ID': '35c8364f9b114774aaacea0182c3bf7d', 'XDG_MENU_PREFIX': 'gnome-', 'GNOME_SETUP_DISPLAY': ':1', 'XDG_RUNTIME_DIR': '/run/user/1000', 'MAMBA_ROOT_PREFIX': '/home/parallels/miniforge3', 'DISPLAY': ':0', 'TERMINATOR_DBUS_PATH': '/net/tenshu/Terminator2', 'LANG': 'en_US.UTF-8', 'XDG_CURRENT_DESKTOP': 'ubuntu:GNOME', 'DOTNET_BUNDLE_EXTRACT_BASE_DIR': '/home/parallels/.cache/dotnet_bundle_extract', 'IBUS_DISABLE_SNOOPER': '1', 'XMODIFIERS': '@im=ibus', 'XDG_SESSION_DESKTOP': 'ubuntu', 'XAUTHORITY': '/run/user/1000/.mutter-Xwaylandauth.C2OUI3', 'LS_COLORS': 'rs=0:di=01;34:ln=01;36:mh=00:pi=40;33:so=01;35:do=01;35:bd=40;33;01:cd=40;33;01:or=40;31;01:mi=00:su=37;41:sg=30;43:ca=30;41:tw=30;42:ow=34;42:st=37;44:ex=01;32:*.tar=01;31:*.tgz=01;31:*.arc=01;31:*.arj=01;31:*.taz=01;31:*.lha=01;31:*.lz4=01;31:*.lzh=01;31:*.lzma=01;31:*.tlz=01;31:*.txz=01;31:*.tzo=01;31:*.t7z=01;31:*.zip=01;31:*.z=01;31:*.dz=01;31:*.gz=01;31:*.lrz=01;31:*.lz=01;31:*.lzo=01;31:*.xz=01;31:*.zst=01;31:*.tzst=01;31:*.bz2=01;31:*.bz=01;31:*.tbz=01;31:*.tbz2=01;31:*.tz=01;31:*.deb=01;31:*.rpm=01;31:*.jar=01;31:*.war=01;31:*.ear=01;31:*.sar=01;31:*.rar=01;31:*.alz=01;31:*.ace=01;31:*.zoo=01;31:*.cpio=01;31:*.7z=01;31:*.rz=01;31:*.cab=01;31:*.wim=01;31:*.swm=01;31:*.dwm=01;31:*.esd=01;31:*.jpg=01;35:*.jpeg=01;35:*.mjpg=01;35:*.mjpeg=01;35:*.gif=01;35:*.bmp=01;35:*.pbm=01;35:*.pgm=01;35:*.ppm=01;35:*.tga=01;35:*.xbm=01;35:*.xpm=01;35:*.tif=01;35:*.tiff=01;35:*.png=01;35:*.svg=01;35:*.svgz=01;35:*.mng=01;35:*.pcx=01;35:*.mov=01;35:*.mpg=01;35:*.mpeg=01;35:*.m2v=01;35:*.mkv=01;35:*.webm=01;35:*.webp=01;35:*.ogm=01;35:*.mp4=01;35:*.m4v=01;35:*.mp4v=01;35:*.vob=01;35:*.qt=01;35:*.nuv=01;35:*.wmv=01;35:*.asf=01;35:*.rm=01;35:*.rmvb=01;35:*.flc=01;35:*.avi=01;35:*.fli=01;35:*.flv=01;35:*.gl=01;35:*.dl=01;35:*.xcf=01;35:*.xwd=01;35:*.yuv=01;35:*.cgm=01;35:*.emf=01;35:*.ogv=01;35:*.ogx=01;35:*.aac=00;36:*.au=00;36:*.flac=00;36:*.m4a=00;36:*.mid=00;36:*.midi=00;36:*.mka=00;36:*.mp3=00;36:*.mpc=00;36:*.ogg=00;36:*.ra=00;36:*.wav=00;36:*.oga=00;36:*.opus=00;36:*.spx=00;36:*.xspf=00;36:', 'SSH_AGENT_LAUNCHER': 'gnome-keyring', 'SSH_AUTH_SOCK': '/run/user/1000/keyring/ssh', 'AMENT_PREFIX_PATH': '/home/parallels/Forschsemrep/strawberry_ws/install/strawberry_tools:/home/parallels/Forschsemrep/strawberry_ws/install/strawberry_bringup:/home/parallels/Forschsemrep/strawberry_ws/install/strawberry_segmentation:/home/parallels/Forschsemrep/strawberry_ws/install/strawberry_msgs:/home/parallels/Forschsemrep/strawberry_ws/install/strawberry_cluster:/home/parallels/Forschsemrep/strawberry_ws/install/strawberry_camera:/home/parallels/Forschsemrep/strawberry_ws/install/meca500_ros2:/opt/ros/humble', 'CONDA_PYTHON_EXE': '/home/parallels/miniforge3/bin/python', 'SHELL': '/bin/bash', 'TERMINATOR_UUID': 'urn:uuid:8d0bf59f-046b-411d-a636-acb374433449', 'QT_ACCESSIBILITY': '1', 'GDMSESSION': 'ubuntu', 'LESSCLOSE': '/usr/bin/lesspipe %s %s', 'GJS_DEBUG_OUTPUT': 'stderr', 'MAMBA_EXE': '/home/parallels/miniforge3/bin/mamba', 'QT_IM_MODULE': 'ibus', 'PWD': '/home/parallels/Forschsemrep/strawberry_ws/build/strawberry_tools', 'XDG_CONFIG_DIRS': '/etc/xdg/xdg-ubuntu:/etc/xdg', 'CONDA_EXE': '/home/parallels/miniforge3/bin/conda', 'XDG_DATA_DIRS': '/usr/share/ubuntu:/usr/local/share/:/usr/share/:/var/lib/snapd/desktop', 'PYTHONPATH': '/home/parallels/Forschsemrep/strawberry_ws/build/strawberry_tools/prefix_override:/usr/lib/python3/dist-packages/colcon_core/task/python/colcon_distutils_commands:/home/parallels/Forschsemrep/strawberry_ws/install/strawberry_tools/lib/python3.10/site-packages:/home/parallels/Forschsemrep/strawberry_ws/build/strawberry_tools:/home/parallels/Forschsemrep/strawberry_ws/install/strawberry_tools/lib/python3.10/site-packages:/home/parallels/Forschsemrep/strawberry_ws/build/strawberry_bringup:/home/parallels/Forschsemrep/strawberry_ws/install/strawberry_bringup/lib/python3.10/site-packages:/home/parallels/Forschsemrep/strawberry_ws/build/strawberry_segmentation:/home/parallels/Forschsemrep/strawberry_ws/install/strawberry_segmentation/lib/python3.10/site-packages:/home/parallels/Forschsemrep/strawberry_ws/install/strawberry_msgs/local/lib/python3.10/dist-packages:/home/parallels/Forschsemrep/strawberry_ws/build/strawberry_cluster:/home/parallels/Forschsemrep/strawberry_ws/install/strawberry_cluster/lib/python3.10/site-packages:/home/parallels/Forschsemrep/strawberry_ws/build/strawberry_camera:/home/parallels/Forschsemrep/strawberry_ws/install/strawberry_camera/lib/python3.10/site-packages:/home/parallels/Forschsemrep/strawberry_ws/build/meca500_ros2:/home/parallels/Forschsemrep/strawberry_ws/install/meca500_ros2/lib/python3.10/site-packages:/opt/ros/humble/lib/python3.10/site-packages:/opt/ros/humble/local/lib/python3.10/dist-packages', 'COLCON': '1', 'VTE_VERSION': '6800', 'CMAKE_PREFIX_PATH': '/home/parallels/Forschsemrep/strawberry_ws/install/strawberry_msgs'}, 'shell': False}
[5.055261] (-) TimerEvent: {}
[5.157237] (-) TimerEvent: {}
[5.257650] (-) TimerEvent: {}
[5.358230] (-) TimerEvent: {}
[5.458577] (-) TimerEvent: {}
[5.560697] (-) TimerEvent: {}
[5.661691] (-) TimerEvent: {}
[5.666552] (strawberry_tools) StdoutLine: {'line': b'running develop\n'}
[5.672429] (strawberry_bringup) Command: {'cmd': ['/usr/bin/python3', '-W', 'ignore:setup.py install is deprecated', '-W', 'ignore:easy_install command is deprecated', 'setup.py', 'develop', '--editable', '--build-directory', '/home/parallels/Forschsemrep/strawberry_ws/build/strawberry_bringup/build', '--no-deps', 'symlink_data'], 'cwd': '/home/parallels/Forschsemrep/strawberry_ws/build/strawberry_bringup', 'env': {'GJS_DEBUG_TOPICS': 'JS ERROR;JS LOG', 'LESSOPEN': '| /usr/bin/lesspipe %s', 'USER': 'parallels', 'XDG_SESSION_TYPE': 'wayland', 'SHLVL': '1', 'LD_LIBRARY_PATH': '/home/parallels/Forschsemrep/strawberry_ws/install/strawberry_msgs/lib:/usr/lib/x86_64-linux-gnu/gazebo-11/plugins:/opt/ros/humble/opt/rviz_ogre_vendor/lib:/opt/ros/humble/lib/x86_64-linux-gnu:/opt/ros/humble/lib', 'HOME': '/home/parallels', 'CONDA_SHLVL': '0', 'DESKTOP_SESSION': 'ubuntu', 'GIO_LAUNCHED_DESKTOP_FILE': '/usr/share/applications/terminator.desktop', 'ROS_PYTHON_VERSION': '3', 'GNOME_SHELL_SESSION_MODE': 'ubuntu', 'GTK_MODULES': 'gail:atk-bridge', 'MANAGERPID': '2681', 'SYSTEMD_EXEC_PID': '2870', 'DBUS_SESSION_BUS_ADDRESS': 'unix:path=/run/user/1000/bus', 'COLORTERM': 'truecolor', 'TERMINATOR_DBUS_NAME': 'net.tenshu.Terminator25ef4b219e3b005583550f2b0f9f990c3', 'GIO_LAUNCHED_DESKTOP_FILE_PID': '41369', 'IM_CONFIG_PHASE': '1', 'WAYLAND_DISPLAY': 'wayland-0', 'COLCON_PREFIX_PATH': '/home/parallels/Forschsemrep/strawberry_ws/install', 'ROS_DISTRO': 'humble', 'LOGNAME': 'parallels', 'JOURNAL_STREAM': '8:20584', '_': '/usr/bin/colcon', 'ROS_VERSION': '2', 'XDG_SESSION_CLASS': 'user', 'USERNAME': 'parallels', 'TERM': 'xterm-256color', 'GNOME_DESKTOP_SESSION_ID': 'this-is-deprecated', 'ROS_LOCALHOST_ONLY': '0', 'PATH': '/opt/ros/humble/bin:/home/parallels/.local/bin:/home/parallels/miniforge3/condabin:/home/parallels/.local/bin:/usr/local/sbin:/usr/local/bin:/usr/sbin:/usr/bin:/sbin:/bin:/usr/games:/usr/local/games:/snap/bin:/snap/bin:/home/parallels/.dotnet/tools:/opt/mssql-tools/bin', 'SESSION_MANAGER': 'local/parallels-Parallels-Virtual-Platform:@/tmp/.ICE-unix/2845,unix/parallels-Parallels-Virtual-Platform:/tmp/.ICE-unix/2845', 'INVOCATION_ID': '35c8364f9b114774aaacea0182c3bf7d', 'XDG_MENU_PREFIX': 'gnome-', 'GNOME_SETUP_DISPLAY': ':1', 'XDG_RUNTIME_DIR': '/run/user/1000', 'MAMBA_ROOT_PREFIX': '/home/parallels/miniforge3', 'DISPLAY': ':0', 'TERMINATOR_DBUS_PATH': '/net/tenshu/Terminator2', 'LANG': 'en_US.UTF-8', 'XDG_CURRENT_DESKTOP': 'ubuntu:GNOME', 'DOTNET_BUNDLE_EXTRACT_BASE_DIR': '/home/parallels/.cache/dotnet_bundle_extract', 'IBUS_DISABLE_SNOOPER': '1', 'XMODIFIERS': '@im=ibus', 'XDG_SESSION_DESKTOP': 'ubuntu', 'XAUTHORITY': '/run/user/1000/.mutter-Xwaylandauth.C2OUI3', 'LS_COLORS': 'rs=0:di=01;34:ln=01;36:mh=00:pi=40;33:so=01;35:do=01;35:bd=40;33;01:cd=40;33;01:or=40;31;01:mi=00:su=37;41:sg=30;43:ca=30;41:tw=30;42:ow=34;42:st=37;44:ex=01;32:*.tar=01;31:*.tgz=01;31:*.arc=01;31:*.arj=01;31:*.taz=01;31:*.lha=01;31:*.lz4=01;31:*.lzh=01;31:*.lzma=01;31:*.tlz=01;31:*.txz=01;31:*.tzo=01;31:*.t7z=01;31:*.zip=01;31:*.z=01;31:*.dz=01;31:*.gz=01;31:*.lrz=01;31:*.lz=01;31:*.lzo=01;31:*.xz=01;31:*.zst=01;31:*.tzst=01;31:*.bz2=01;31:*.bz=01;31:*.tbz=01;31:*.tbz2=01;31:*.tz=01;31:*.deb=01;31:*.rpm=01;31:*.jar=01;31:*.war=01;31:*.ear=01;31:*.sar=01;31:*.rar=01;31:*.alz=01;31:*.ace=01;31:*.zoo=01;31:*.cpio=01;31:*.7z=01;31:*.rz=01;31:*.cab=01;31:*.wim=01;31:*.swm=01;31:*.dwm=01;31:*.esd=01;31:*.jpg=01;35:*.jpeg=01;35:*.mjpg=01;35:*.mjpeg=01;35:*.gif=01;35:*.bmp=01;35:*.pbm=01;35:*.pgm=01;35:*.ppm=01;35:*.tga=01;35:*.xbm=01;35:*.xpm=01;35:*.tif=01;35:*.tiff=01;35:*.png=01;35:*.svg=01;35:*.svgz=01;35:*.mng=01;35:*.pcx=01;35:*.mov=01;35:*.mpg=01;35:*.mpeg=01;35:*.m2v=01;35:*.mkv=01;35:*.webm=01;35:*.webp=01;35:*.ogm=01;35:*.mp4=01;35:*.m4v=01;35:*.mp4v=01;35:*.vob=01;35:*.qt=01;35:*.nuv=01;35:*.wmv=01;35:*.asf=01;35:*.rm=01;35:*.rmvb=01;35:*.flc=01;35:*.avi=01;35:*.fli=01;35:*.flv=01;35:*.gl=01;35:*.dl=01;35:*.xcf=01;35:*.xwd=01;35:*.yuv=01;35:*.cgm=01;35:*.emf=01;35:*.ogv=01;35:*.ogx=01;35:*.aac=00;36:*.au=00;36:*.flac=00;36:*.m4a=00;36:*.mid=00;36:*.midi=00;36:*.mka=00;36:*.mp3=00;36:*.mpc=00;36:*.ogg=00;36:*.ra=00;36:*.wav=00;36:*.oga=00;36:*.opus=00;36:*.spx=00;36:*.xspf=00;36:', 'SSH_AGENT_LAUNCHER': 'gnome-keyring', 'SSH_AUTH_SOCK': '/run/user/1000/keyring/ssh', 'AMENT_PREFIX_PATH': '/home/parallels/Forschsemrep/strawberry_ws/install/strawberry_segmentation:/home/parallels/Forschsemrep/strawberry_ws/install/strawberry_cluster:/home/parallels/Forschsemrep/strawberry_ws/install/strawberry_camera:/home/parallels/Forschsemrep/strawberry_ws/install/strawberry_tools:/home/parallels/Forschsemrep/strawberry_ws/install/strawberry_bringup:/home/parallels/Forschsemrep/strawberry_ws/install/strawberry_msgs:/home/parallels/Forschsemrep/strawberry_ws/install/meca500_ros2:/opt/ros/humble', 'CONDA_PYTHON_EXE': '/home/parallels/miniforge3/bin/python', 'SHELL': '/bin/bash', 'TERMINATOR_UUID': 'urn:uuid:8d0bf59f-046b-411d-a636-acb374433449', 'QT_ACCESSIBILITY': '1', 'GDMSESSION': 'ubuntu', 'LESSCLOSE': '/usr/bin/lesspipe %s %s', 'GJS_DEBUG_OUTPUT': 'stderr', 'MAMBA_EXE': '/home/parallels/miniforge3/bin/mamba', 'QT_IM_MODULE': 'ibus', 'PWD': '/home/parallels/Forschsemrep/strawberry_ws/build/strawberry_bringup', 'XDG_CONFIG_DIRS': '/etc/xdg/xdg-ubuntu:/etc/xdg', 'CONDA_EXE': '/home/parallels/miniforge3/bin/conda', 'XDG_DATA_DIRS': '/usr/share/ubuntu:/usr/local/share/:/usr/share/:/var/lib/snapd/desktop', 'PYTHONPATH': '/home/parallels/Forschsemrep/strawberry_ws/build/strawberry_bringup/prefix_override:/usr/lib/python3/dist-packages/colcon_core/task/python/colcon_distutils_commands:/home/parallels/Forschsemrep/strawberry_ws/install/strawberry_bringup/lib/python3.10/site-packages:/home/parallels/Forschsemrep/strawberry_ws/build/strawberry_segmentation:/home/parallels/Forschsemrep/strawberry_ws/install/strawberry_segmentation/lib/python3.10/site-packages:/home/parallels/Forschsemrep/strawberry_ws/build/strawberry_cluster:/home/parallels/Forschsemrep/strawberry_ws/install/strawberry_cluster/lib/python3.10/site-packages:/home/parallels/Forschsemrep/strawberry_ws/build/strawberry_camera:/home/parallels/Forschsemrep/strawberry_ws/install/strawberry_camera/lib/python3.10/site-packages:/home/parallels/Forschsemrep/strawberry_ws/build/strawberry_tools:/home/parallels/Forschsemrep/strawberry_ws/install/strawberry_tools/lib/python3.10/site-packages:/home/parallels/Forschsemrep/strawberry_ws/build/strawberry_bringup:/home/parallels/Forschsemrep/strawberry_ws/install/strawberry_bringup/lib/python3.10/site-packages:/home/parallels/Forschsemrep/strawberry_ws/install/strawberry_msgs/local/lib/python3.10/dist-packages:/home/parallels/Forschsemrep/strawberry_ws/build/meca500_ros2:/home/parallels/Forschsemrep/strawberry_ws/install/meca500_ros2/lib/python3.10/site-packages:/opt/ros/humble/lib/python3.10/site-packages:/opt/ros/humble/local/lib/python3.10/dist-packages', 'COLCON': '1', 'VTE_VERSION': '6800', 'CMAKE_PREFIX_PATH': '/home/parallels/Forschsemrep/strawberry_ws/install/strawberry_msgs'}, 'shell': False}
[5.761850] (-) TimerEvent: {}
[5.862641] (-) TimerEvent: {}
[5.966547] (-) TimerEvent: {}
[6.067415] (-) TimerEvent: {}
[6.171219] (-) TimerEvent: {}
[6.271635] (-) TimerEvent: {}
[6.325995] (strawberry_tools) StdoutLine: {'line': b'running egg_info\n'}
[6.326845] (strawberry_tools) StdoutLine: {'line': b'writing strawberry_tools.egg-info/PKG-INFO\n'}
[6.327455] (strawberry_tools) StdoutLine: {'line': b'writing dependency_links to strawberry_tools.egg-info/dependency_links.txt\n'}
[6.330592] (strawberry_tools) StdoutLine: {'line': b'writing entry points to strawberry_tools.egg-info/entry_points.txt\n'}
[6.330949] (strawberry_tools) StdoutLine: {'line': b'writing requirements to strawberry_tools.egg-info/requires.txt\n'}
[6.334120] (strawberry_tools) StdoutLine: {'line': b'writing top-level names to strawberry_tools.egg-info/top_level.txt\n'}
[6.338267] (strawberry_tools) StdoutLine: {'line': b"reading manifest file 'strawberry_tools.egg-info/SOURCES.txt'\n"}
[6.339918] (strawberry_tools) StdoutLine: {'line': b"writing manifest file 'strawberry_tools.egg-info/SOURCES.txt'\n"}
[6.346687] (strawberry_tools) StdoutLine: {'line': b'running build_ext\n'}
[6.348572] (strawberry_tools) StdoutLine: {'line': b'Creating /home/parallels/Forschsemrep/strawberry_ws/install/strawberry_tools/lib/python3.10/site-packages/strawberry-tools.egg-link (link to .)\n'}
[6.354582] (strawberry_tools) StdoutLine: {'line': b'Installing sync_audit script to /home/parallels/Forschsemrep/strawberry_ws/install/strawberry_tools/lib/strawberry_tools\n'}
[6.356765] (strawberry_tools) StdoutLine: {'line': b'\n'}
[6.360310] (strawberry_tools) StdoutLine: {'line': b'Installed /home/parallels/Forschsemrep/strawberry_ws/build/strawberry_tools\n'}
[6.360737] (strawberry_tools) StdoutLine: {'line': b'running symlink_data\n'}
[6.373234] (-) TimerEvent: {}
[6.440320] (strawberry_bringup) StdoutLine: {'line': b'running develop\n'}
[6.454513] (strawberry_tools) CommandEnded: {'returncode': 0}
[6.473401] (-) TimerEvent: {}
[6.477325] (strawberry_tools) JobEnded: {'identifier': 'strawberry_tools', 'rc': 0}
[6.574282] (-) TimerEvent: {}
[6.675691] (-) TimerEvent: {}
[6.777290] (-) TimerEvent: {}
[6.878841] (-) TimerEvent: {}
[6.958117] (strawberry_bringup) StdoutLine: {'line': b'running egg_info\n'}
[6.960914] (strawberry_bringup) StdoutLine: {'line': b'writing strawberry_bringup.egg-info/PKG-INFO\n'}
[6.961313] (strawberry_bringup) StdoutLine: {'line': b'writing dependency_links to strawberry_bringup.egg-info/dependency_links.txt\n'}
[6.961674] (strawberry_bringup) StdoutLine: {'line': b'writing entry points to strawberry_bringup.egg-info/entry_points.txt\n'}
[6.964786] (strawberry_bringup) StdoutLine: {'line': b'writing requirements to strawberry_bringup.egg-info/requires.txt\n'}
[6.965448] (strawberry_bringup) StdoutLine: {'line': b'writing top-level names to strawberry_bringup.egg-info/top_level.txt\n'}
[6.969442] (strawberry_bringup) StdoutLine: {'line': b"reading manifest file 'strawberry_bringup.egg-info/SOURCES.txt'\n"}
[6.972955] (strawberry_bringup) StdoutLine: {'line': b"writing manifest file 'strawberry_bringup.egg-info/SOURCES.txt'\n"}
[6.977280] (strawberry_bringup) StdoutLine: {'line': b'running build_ext\n'}
[6.979081] (strawberry_bringup) StdoutLine: {'line': b'Creating /home/parallels/Forschsemrep/strawberry_ws/install/strawberry_bringup/lib/python3.10/site-packages/strawberry-bringup.egg-link (link to .)\n'}
[6.980059] (-) TimerEvent: {}
[6.980336] (strawberry_bringup) StdoutLine: {'line': b'\n'}
[6.986474] (strawberry_bringup) StdoutLine: {'line': b'Installed /home/parallels/Forschsemrep/strawberry_ws/build/strawberry_bringup\n'}
[6.986655] (strawberry_bringup) StdoutLine: {'line': b'running symlink_data\n'}
[7.077019] (strawberry_bringup) CommandEnded: {'returncode': 0}
[7.084298] (-) TimerEvent: {}
[7.099274] (strawberry_bringup) JobEnded: {'identifier': 'strawberry_bringup', 'rc': 0}
[7.100888] (-) EventReactorShutdown: {}
