ply
format ascii 1.0
element vertex 11727
property float x
property float y
property float z
end_header
-0.004886 -0.003894 0.112700
-0.004881 -0.003603 0.112600
-0.004881 -0.003316 0.112600
-0.004855 -0.002442 0.112000
-0.004855 -0.002156 0.112000
-0.004842 -0.001866 0.111700
-0.004842 -0.001581 0.111700
-0.004756 -0.001273 0.109700
-0.004756 -0.000993 0.109700
-0.004877 -0.000732 0.112500
-0.004868 -0.000444 0.112300
-0.004868 -0.000158 0.112300
-0.004868 0.000128 0.112300
-0.004777 0.009677 0.110200
-0.004808 0.010021 0.110900
-0.004808 0.010304 0.110900
-0.004808 0.010587 0.110900
-0.004803 0.010860 0.110800
-0.004795 0.011122 0.110600
-0.004795 0.011404 0.110600
-0.004773 0.011633 0.110100
-0.004773 0.011914 0.110100
-0.004773 0.012194 0.110100
-0.005165 -0.005034 0.112500
-0.005165 -0.004747 0.112500
-0.005137 -0.003866 0.111900
-0.005132 -0.003577 0.111800
-0.005123 -0.003287 0.111600
-0.005119 -0.002999 0.111500
-0.005114 -0.002713 0.111400
-0.005105 -0.002424 0.111200
-0.005100 -0.002139 0.111100
-0.005096 -0.001854 0.111000
-0.005091 -0.001570 0.110900
-0.005036 -0.001273 0.109700
-0.005036 -0.000993 0.109700
-0.005068 -0.000718 0.110400
-0.005059 -0.000436 0.110200
-0.005059 -0.000155 0.110200
-0.005050 0.000125 0.110000
-0.005050 0.000406 0.110000
-0.005050 0.001528 0.110000
-0.005050 0.001808 0.110000
-0.005050 0.002088 0.110000
-0.005054 0.002371 0.110100
-0.005059 0.002654 0.110200
-0.005064 0.002938 0.110300
-0.005064 0.003219 0.110300
-0.005068 0.003503 0.110400
-0.005068 0.003785 0.110400
-0.005073 0.004070 0.110500
-0.005073 0.004351 0.110500
-0.005073 0.004633 0.110500
-0.005073 0.004915 0.110500
-0.005073 0.005196 0.110500
-0.005068 0.005473 0.110400
-0.005068 0.005755 0.110400
-0.005064 0.006031 0.110300
-0.005064 0.006312 0.110300
-0.005059 0.006587 0.110200
-0.005054 0.006862 0.110100
-0.005045 0.007129 0.109900
-0.005045 0.007410 0.109900
-0.005045 0.007690 0.109900
-0.005045 0.007970 0.109900
-0.005045 0.008250 0.109900
-0.005041 0.008522 0.109800
-0.005041 0.008802 0.109800
-0.005041 0.009082 0.109800
-0.005045 0.009371 0.109900
-0.005045 0.009651 0.109900
-0.005045 0.009931 0.109900
-0.005045 0.010211 0.109900
-0.005045 0.010491 0.109900
-0.005045 0.010771 0.109900
-0.005045 0.011052 0.109900
-0.005045 0.011332 0.109900
-0.005045 0.011612 0.109900
-0.005045 0.011892 0.109900
-0.005045 0.012172 0.109900
-0.005045 0.012452 0.109900
-0.005050 0.012744 0.110000
-0.005452 -0.005321 0.112500
-0.005437 -0.005020 0.112200
-0.005428 -0.004726 0.112000
-0.005428 -0.004440 0.112000
-0.005399 -0.003849 0.111400
-0.005384 -0.003555 0.111100
-0.005379 -0.003269 0.111000
-0.005374 -0.002983 0.110900
-0.005370 -0.002698 0.110800
-0.005360 -0.002411 0.110600
-0.005355 -0.002127 0.110500
-0.005350 -0.001844 0.110400
-0.005345 -0.001561 0.110300
-0.005336 -0.001278 0.110100
-0.005331 -0.000996 0.110000
-0.005321 -0.000714 0.109800
-0.005316 -0.000434 0.109700
-0.005316 -0.000154 0.109700
-0.005302 0.000125 0.109400
-0.005297 0.000403 0.109300
-0.005287 0.000681 0.109100
-0.005282 0.000958 0.109000
-0.005277 0.001235 0.108900
-0.005277 0.001512 0.108900
-0.005277 0.001790 0.108900
-0.005282 0.002069 0.109000
-0.005287 0.002349 0.109100
-0.005292 0.002630 0.109200
-0.005297 0.002911 0.109300
-0.005302 0.003193 0.109400
-0.005302 0.003471 0.109400
-0.005311 0.003757 0.109600
-0.005311 0.004037 0.109600
-0.005316 0.004320 0.109700
-0.005316 0.004600 0.109700
-0.005316 0.004879 0.109700
-0.005316 0.005159 0.109700
-0.005316 0.005438 0.109700
-0.005316 0.005718 0.109700
-0.005316 0.005998 0.109700
-0.005316 0.006277 0.109700
-0.005316 0.006557 0.109700
-0.005316 0.006837 0.109700
-0.005316 0.007116 0.109700
-0.005321 0.007403 0.109800
-0.005316 0.007676 0.109700
-0.005316 0.007955 0.109700
-0.005316 0.008235 0.109700
-0.005316 0.008515 0.109700
-0.005316 0.008794 0.109700
-0.005316 0.009074 0.109700
-0.005316 0.009354 0.109700
-0.005316 0.009633 0.109700
-0.005316 0.009913 0.109700
-0.005316 0.010193 0.109700
-0.005316 0.010472 0.109700
-0.005316 0.010752 0.109700
-0.005316 0.011031 0.109700
-0.005316 0.011311 0.109700
-0.005316 0.011591 0.109700
-0.005316 0.011870 0.109700
-0.005321 0.012161 0.109800
-0.005321 0.012441 0.109800
-0.005321 0.012721 0.109800
-0.005326 0.013013 0.109900
-0.005326 0.013293 0.109900
-0.005336 0.013598 0.110100
-0.005336 0.013878 0.110100
-0.005755 -0.006197 0.112800
-0.005755 -0.005910 0.112800
-0.005739 -0.005321 0.112500
-0.005719 -0.005016 0.112100
-0.005709 -0.004722 0.111900
-0.005709 -0.004436 0.111900
-0.005668 -0.003838 0.111100
-0.005653 -0.003545 0.110800
-0.005637 -0.003254 0.110500
-0.005632 -0.002970 0.110400
-0.005627 -0.002686 0.110300
-0.005617 -0.002400 0.110100
-0.005607 -0.002116 0.109900
-0.005602 -0.001834 0.109800
-0.005597 -0.001553 0.109700
-0.005591 -0.001272 0.109600
-0.005586 -0.000992 0.109500
-0.005576 -0.000711 0.109300
-0.005571 -0.000432 0.109200
-0.005571 -0.000154 0.109200
-0.005566 0.000124 0.109100
-0.005561 0.000402 0.109000
-0.005556 0.000679 0.108900
-0.005546 0.000955 0.108700
-0.005540 0.001231 0.108600
-0.005540 0.001508 0.108600
-0.005546 0.001787 0.108700
-0.005546 0.002064 0.108700
-0.005546 0.002341 0.108700
-0.005556 0.002623 0.108900
-0.005561 0.002903 0.109000
-0.005561 0.003181 0.109000
-0.005566 0.003462 0.109100
-0.005571 0.003743 0.109200
-0.005576 0.004026 0.109300
-0.005576 0.004304 0.109300
-0.005581 0.004587 0.109400
-0.005581 0.004866 0.109400
-0.005581 0.005145 0.109400
-0.005581 0.005424 0.109400
-0.005581 0.005702 0.109400
-0.005586 0.005987 0.109500
-0.005586 0.006266 0.109500
-0.005586 0.006545 0.109500
-0.005586 0.006824 0.109500
-0.005586 0.007103 0.109500
-0.005591 0.007389 0.109600
-0.005591 0.007669 0.109600
-0.005591 0.007948 0.109600
-0.005591 0.008227 0.109600
-0.005591 0.008507 0.109600
-0.005591 0.008786 0.109600
-0.005591 0.009066 0.109600
-0.005586 0.009337 0.109500
-0.005586 0.009616 0.109500
-0.005586 0.009895 0.109500
-0.005581 0.010165 0.109400
-0.005581 0.010444 0.109400
-0.005581 0.010722 0.109400
-0.005581 0.011001 0.109400
-0.005581 0.011280 0.109400
-0.005586 0.011570 0.109500
-0.005586 0.011849 0.109500
-0.005591 0.012139 0.109600
-0.005591 0.012418 0.109600
-0.005597 0.012709 0.109700
-0.005597 0.012989 0.109700
-0.005602 0.013281 0.109800
-0.005607 0.013573 0.109900
-0.005612 0.013866 0.110000
-0.005617 0.014159 0.110100
-0.005622 0.014453 0.110200
-0.006038 -0.006479 0.112700
-0.006043 -0.006197 0.112800
-0.006043 -0.005910 0.112800
-0.006022 -0.005602 0.112400
-0.006016 -0.005311 0.112300
-0.006000 -0.005011 0.112000
-0.005979 -0.004709 0.111600
-0.005968 -0.004417 0.111400
-0.005968 -0.004133 0.111400
-0.005941 -0.003831 0.110900
-0.005925 -0.003539 0.110600
-0.005909 -0.003248 0.110300
-0.005893 -0.002959 0.110000
-0.005893 -0.002679 0.110000
-0.005882 -0.002394 0.109800
-0.005872 -0.002110 0.109600
-0.005866 -0.001829 0.109500
-0.005855 -0.001547 0.109300
-0.005850 -0.001267 0.109200
-0.005839 -0.000987 0.109000
-0.005839 -0.000709 0.109000
-0.005834 -0.000431 0.108900
-0.005834 -0.000153 0.108900
-0.005823 0.000124 0.108700
-0.005823 0.000401 0.108700
-0.005818 0.000678 0.108600
-0.005813 0.000954 0.108500
-0.005813 0.001230 0.108500
-0.005813 0.001507 0.108500
-0.005813 0.001783 0.108500
-0.005813 0.002060 0.108500
-0.005818 0.002339 0.108600
-0.005818 0.002616 0.108600
-0.005823 0.002895 0.108700
-0.005834 0.003178 0.108900
-0.005834 0.003456 0.108900
-0.005839 0.003737 0.109000
-0.005839 0.004014 0.109000
-0.005845 0.004296 0.109100
-0.005845 0.004574 0.109100
-0.005850 0.004857 0.109200
-0.005850 0.005135 0.109200
-0.005850 0.005414 0.109200
-0.005850 0.005692 0.109200
-0.005855 0.005976 0.109300
-0.005855 0.006255 0.109300
-0.005855 0.006533 0.109300
-0.005855 0.006812 0.109300
-0.005855 0.007090 0.109300
-0.005861 0.007376 0.109400
-0.005861 0.007655 0.109400
-0.005861 0.007934 0.109400
-0.005861 0.008212 0.109400
-0.005861 0.008491 0.109400
-0.005861 0.008770 0.109400
-0.005861 0.009049 0.109400
-0.005861 0.009328 0.109400
-0.005855 0.009598 0.109300
-0.005855 0.009877 0.109300
-0.005855 0.010155 0.109300
-0.005855 0.010434 0.109300
-0.005855 0.010713 0.109300
-0.005855 0.010991 0.109300
-0.005855 0.011270 0.109300
-0.005855 0.011548 0.109300
-0.005855 0.011827 0.109300
-0.005861 0.012117 0.109400
-0.005861 0.012396 0.109400
-0.005872 0.012698 0.109600
-0.005877 0.012989 0.109700
-0.005882 0.013281 0.109800
-0.005888 0.013573 0.109900
-0.005893 0.013866 0.110000
-0.005898 0.014159 0.110100
-0.005904 0.014453 0.110200
-0.005909 0.014747 0.110300
-0.006326 -0.006767 0.112700
-0.006331 -0.006485 0.112800
-0.006331 -0.006197 0.112800
-0.006314 -0.005894 0.112500
-0.006303 -0.005597 0.112300
-0.006292 -0.005302 0.112100
-0.006275 -0.005002 0.111800
-0.006258 -0.004705 0.111500
-0.006236 -0.004405 0.111100
-0.006225 -0.004114 0.110900
-0.006213 -0.003824 0.110700
-0.006196 -0.003533 0.110400
-0.006174 -0.003239 0.110000
-0.006168 -0.002956 0.109900
-0.006163 -0.002674 0.109800
-0.006152 -0.002390 0.109600
-0.006140 -0.002106 0.109400
-0.006129 -0.001824 0.109200
-0.006123 -0.001544 0.109100
-0.006118 -0.001265 0.109000
-0.006112 -0.000986 0.108900
-0.006101 -0.000707 0.108700
-0.006101 -0.000430 0.108700
-0.006101 -0.000153 0.108700
-0.006095 0.000124 0.108600
-0.006095 0.000401 0.108600
-0.006084 0.000676 0.108400
-0.006079 0.000952 0.108300
-0.006079 0.001228 0.108300
-0.006079 0.001504 0.108300
-0.006084 0.001782 0.108400
-0.006084 0.002058 0.108400
-0.006090 0.002337 0.108500
-0.006090 0.002613 0.108500
-0.006095 0.002892 0.108600
-0.006095 0.003169 0.108600
-0.006101 0.003449 0.108700
-0.006107 0.003730 0.108800
-0.006112 0.004011 0.108900
-0.006112 0.004288 0.108900
-0.006118 0.004570 0.109000
-0.006118 0.004848 0.109000
-0.006118 0.005126 0.109000
-0.006118 0.005404 0.109000
-0.006123 0.005687 0.109100
-0.006123 0.005965 0.109100
-0.006123 0.006243 0.109100
-0.006123 0.006521 0.109100
-0.006129 0.006806 0.109200
-0.006129 0.007084 0.109200
-0.006135 0.007369 0.109300
-0.006135 0.007648 0.109300
-0.006135 0.007926 0.109300
-0.006135 0.008205 0.109300
-0.006135 0.008484 0.109300
-0.006135 0.008762 0.109300
-0.006135 0.009041 0.109300
-0.006135 0.009319 0.109300
-0.006135 0.009598 0.109300
-0.006135 0.009877 0.109300
-0.006129 0.010146 0.109200
-0.006129 0.010424 0.109200
-0.006129 0.010703 0.109200
-0.006129 0.010981 0.109200
-0.006129 0.011260 0.109200
-0.006129 0.011538 0.109200
-0.006135 0.011827 0.109300
-0.006135 0.012106 0.109300
-0.006140 0.012396 0.109400
-0.006152 0.012698 0.109600
-0.006152 0.012977 0.109600
-0.006163 0.013281 0.109800
-0.006163 0.013561 0.109800
-0.006168 0.013853 0.109900
-0.006180 0.014159 0.110100
-0.006180 0.014440 0.110100
-0.006185 0.014734 0.110200
-0.006191 0.015028 0.110300
-0.006196 0.015323 0.110400
-0.006196 0.015605 0.110400
-0.006619 -0.007348 0.112800
-0.006619 -0.007060 0.112800
-0.006619 -0.006773 0.112800
-0.006619 -0.006485 0.112800
-0.006602 -0.006181 0.112500
-0.006596 -0.005889 0.112400
-0.006584 -0.005592 0.112200
-0.006567 -0.005292 0.111900
-0.006543 -0.004989 0.111500
-0.006525 -0.004692 0.111200
-0.006508 -0.004397 0.110900
-0.006490 -0.004103 0.110600
-0.006479 -0.003814 0.110400
-0.006461 -0.003523 0.110100
-0.006449 -0.003237 0.109900
-0.006437 -0.002951 0.109700
-0.006426 -0.002666 0.109500
-0.006414 -0.002383 0.109300
-0.006402 -0.002100 0.109100
-0.006396 -0.001821 0.109000
-0.006385 -0.001540 0.108800
-0.006379 -0.001261 0.108700
-0.006373 -0.000983 0.108600
-0.006367 -0.000706 0.108500
-0.006361 -0.000429 0.108400
-0.006361 -0.000153 0.108400
-0.006361 0.000124 0.108400
-0.006355 0.000400 0.108300
-0.006355 0.000676 0.108300
-0.006349 0.000951 0.108200
-0.006349 0.001227 0.108200
-0.006349 0.001503 0.108200
-0.006349 0.001778 0.108200
-0.006355 0.002056 0.108300
-0.006355 0.002332 0.108300
-0.006361 0.002611 0.108400
-0.006361 0.002887 0.108400
-0.006367 0.003166 0.108500
-0.006373 0.003446 0.108600
-0.006373 0.003723 0.108600
-0.006379 0.004003 0.108700
-0.006379 0.004281 0.108700
-0.006385 0.004562 0.108800
-0.006391 0.004844 0.108900
-0.006391 0.005121 0.108900
-0.006391 0.005399 0.108900
-0.006396 0.005682 0.109000
-0.006396 0.005960 0.109000
-0.006396 0.006237 0.109000
-0.006396 0.006515 0.109000
-0.006402 0.006799 0.109100
-0.006402 0.007077 0.109100
-0.006402 0.007356 0.109100
-0.006402 0.007634 0.109100
-0.006402 0.007912 0.109100
-0.006408 0.008197 0.109200
-0.006408 0.008476 0.109200
-0.006408 0.008754 0.109200
-0.006408 0.009033 0.109200
-0.006402 0.009302 0.109100
-0.006402 0.009581 0.109100
-0.006402 0.009859 0.109100
-0.006396 0.010127 0.109000
-0.006396 0.010405 0.109000
-0.006396 0.010683 0.109000
-0.006396 0.010961 0.109000
-0.006396 0.011239 0.109000
-0.006396 0.011517 0.109000
-0.006402 0.011805 0.109100
-0.006402 0.012084 0.109100
-0.006408 0.012373 0.109200
-0.006414 0.012663 0.109300
-0.006420 0.012953 0.109400
-0.006432 0.013257 0.109600
-0.006443 0.013561 0.109800
-0.006449 0.013853 0.109900
-0.006455 0.014146 0.110000
-0.006461 0.014440 0.110100
-0.006467 0.014734 0.110200
-0.006473 0.015028 0.110300
-0.006479 0.015323 0.110400
-0.006479 0.015605 0.110400
-0.006479 0.015886 0.110400
-0.006914 -0.007642 0.112900
-0.006914 -0.007354 0.112900
-0.006914 -0.007066 0.112900
-0.006908 -0.006773 0.112800
-0.006908 -0.006485 0.112800
-0.006889 -0.006181 0.112500
-0.006877 -0.005884 0.112300
-0.006859 -0.005582 0.112000
-0.006834 -0.005278 0.111600
-0.006810 -0.004976 0.111200
-0.006791 -0.004680 0.110900
-0.006767 -0.004381 0.110500
-0.006755 -0.004092 0.110300
-0.006742 -0.003804 0.110100
-0.006724 -0.003513 0.109800
-0.006712 -0.003228 0.109600
-0.006693 -0.002940 0.109300
-0.006681 -0.002657 0.109100
-0.006675 -0.002376 0.109000
-0.006663 -0.002095 0.108800
-0.006650 -0.001814 0.108600
-0.006644 -0.001536 0.108500
-0.006638 -0.001258 0.108400
-0.006632 -0.000981 0.108300
-0.006626 -0.000704 0.108200
-0.006620 -0.000428 0.108100
-0.006620 -0.000152 0.108100
-0.006620 0.000123 0.108100
-0.006614 0.000399 0.108000
-0.006614 0.000674 0.108000
-0.006614 0.000949 0.108000
-0.006614 0.001224 0.108000
-0.006614 0.001500 0.108000
-0.006614 0.001775 0.108000
-0.006620 0.002052 0.108100
-0.006620 0.002328 0.108100
-0.006626 0.002606 0.108200
-0.006626 0.002882 0.108200
-0.006632 0.003160 0.108300
-0.006638 0.003440 0.108400
-0.006638 0.003716 0.108400
-0.006644 0.003996 0.108500
-0.006650 0.004277 0.108600
-0.006650 0.004553 0.108600
-0.006650 0.004830 0.108600
-0.006657 0.005112 0.108700
-0.006657 0.005389 0.108700
-0.006657 0.005666 0.108700
-0.006663 0.005949 0.108800
-0.006669 0.006232 0.108900
-0.006669 0.006509 0.108900
-0.006669 0.006787 0.108900
-0.006669 0.007064 0.108900
-0.006675 0.007349 0.109000
-0.006675 0.007627 0.109000
-0.006675 0.007905 0.109000
-0.006675 0.008182 0.109000
-0.006675 0.008460 0.109000
-0.006675 0.008738 0.109000
-0.006675 0.009016 0.109000
-0.006675 0.009294 0.109000
-0.006669 0.009563 0.108900
-0.006669 0.009841 0.108900
-0.006663 0.010109 0.108800
-0.006657 0.010377 0.108700
-0.006657 0.010654 0.108700
-0.006657 0.010931 0.108700
-0.006657 0.011208 0.108700
-0.006657 0.011485 0.108700
-0.006663 0.011773 0.108800
-0.006669 0.012061 0.108900
-0.006675 0.012350 0.109000
-0.006675 0.012628 0.109000
-0.006687 0.012930 0.109200
-0.006699 0.013232 0.109400
-0.006706 0.013524 0.109500
-0.006718 0.013828 0.109700
-0.006724 0.014120 0.109800
-0.006730 0.014413 0.109900
-0.006736 0.014707 0.110000
-0.006742 0.015001 0.110100
-0.006755 0.015309 0.110300
-0.006755 0.015591 0.110300
-0.006755 0.015872 0.110300
-0.006761 0.016168 0.110400
-0.006767 0.016464 0.110500
-0.006773 0.016761 0.110600
-0.007221 -0.007951 0.113200
-0.007221 -0.007662 0.113200
-0.007215 -0.007367 0.113100
-0.007215 -0.007079 0.113100
-0.007202 -0.006779 0.112900
-0.007196 -0.006485 0.112800
-0.007170 -0.006175 0.112400
-0.007151 -0.005873 0.112100
-0.007132 -0.005572 0.111800
-0.007107 -0.005269 0.111400
-0.007081 -0.004967 0.111000
-0.007062 -0.004671 0.110700
-0.007036 -0.004373 0.110300
-0.007017 -0.004081 0.110000
-0.007004 -0.003793 0.109800
-0.006985 -0.003504 0.109500
-0.006973 -0.003219 0.109300
-0.006953 -0.002932 0.109000
-0.006941 -0.002649 0.108800
-0.006928 -0.002368 0.108600
-0.006915 -0.002087 0.108400
-0.006909 -0.001809 0.108300
-0.006902 -0.001532 0.108200
-0.006896 -0.001255 0.108100
-0.006890 -0.000978 0.108000
-0.006883 -0.000702 0.107900
-0.006883 -0.000427 0.107900
-0.006883 -0.000152 0.107900
-0.006877 0.000123 0.107800
-0.006870 0.000397 0.107700
-0.006870 0.000672 0.107700
-0.006870 0.000947 0.107700
-0.006870 0.001221 0.107700
-0.006870 0.001496 0.107700
-0.006870 0.001770 0.107700
-0.006877 0.002047 0.107800
-0.006883 0.002324 0.107900
-0.006890 0.002601 0.108000
-0.006890 0.002876 0.108000
-0.006896 0.003155 0.108100
-0.006902 0.003433 0.108200
-0.006902 0.003709 0.108200
-0.006909 0.003989 0.108300
-0.006915 0.004269 0.108400
-0.006915 0.004545 0.108400
-0.006915 0.004821 0.108400
-0.006922 0.005102 0.108500
-0.006922 0.005379 0.108500
-0.006922 0.005656 0.108500
-0.006928 0.005938 0.108600
-0.006928 0.006214 0.108600
-0.006928 0.006491 0.108600
-0.006928 0.006768 0.108600
-0.006934 0.007052 0.108700
-0.006934 0.007329 0.108700
-0.006934 0.007606 0.108700
-0.006934 0.007883 0.108700
-0.006941 0.008167 0.108800
-0.006941 0.008445 0.108800
-0.006941 0.008722 0.108800
-0.006934 0.008991 0.108700
-0.006934 0.009268 0.108700
-0.006934 0.009545 0.108700
-0.006928 0.009813 0.108600
-0.006928 0.010090 0.108600
-0.006922 0.010358 0.108500
-0.006922 0.010634 0.108500
-0.006922 0.010911 0.108500
-0.006922 0.011187 0.108500
-0.006922 0.011464 0.108500
-0.006922 0.011741 0.108500
-0.006922 0.012017 0.108500
-0.006928 0.012305 0.108600
-0.006934 0.012593 0.108700
-0.006947 0.012894 0.108900
-0.006953 0.013184 0.109000
-0.006966 0.013487 0.109200
-0.006979 0.013790 0.109400
-0.006985 0.014082 0.109500
-0.006998 0.014387 0.109700
-0.007004 0.014680 0.109800
-0.007017 0.014987 0.110000
-0.007024 0.015282 0.110100
-0.007024 0.015562 0.110100
-0.007030 0.015857 0.110200
-0.007036 0.016153 0.110300
-0.007043 0.016449 0.110400
-0.007049 0.016746 0.110500
-0.007049 0.017027 0.110500
-0.007524 -0.008254 0.113400
-0.007524 -0.007965 0.113400
-0.007524 -0.007676 0.113400
-0.007517 -0.007380 0.113300
-0.007511 -0.007085 0.113200
-0.007491 -0.006779 0.112900
-0.007471 -0.006473 0.112600
-0.007451 -0.006170 0.112300
-0.007424 -0.005863 0.111900
-0.007398 -0.005558 0.111500
-0.007371 -0.005254 0.111100
-0.007345 -0.004953 0.110700
-0.007318 -0.004654 0.110300
-0.007298 -0.004361 0.110000
-0.007278 -0.004070 0.109700
-0.007258 -0.003780 0.109400
-0.007239 -0.003491 0.109100
-0.007225 -0.003207 0.108900
-0.007212 -0.002924 0.108700
-0.007192 -0.002640 0.108400
-0.007185 -0.002361 0.108300
-0.007172 -0.002081 0.108100
-0.007166 -0.001804 0.108000
-0.007159 -0.001527 0.107900
-0.007146 -0.001250 0.107700
-0.007146 -0.000975 0.107700
-0.007139 -0.000700 0.107600
-0.007139 -0.000426 0.107600
-0.007139 -0.000152 0.107600
-0.007132 0.000123 0.107500
-0.007132 0.000397 0.107500
-0.007132 0.000671 0.107500
-0.007132 0.000945 0.107500
-0.007132 0.001219 0.107500
-0.007132 0.001493 0.107500
-0.007132 0.001767 0.107500
-0.007139 0.002043 0.107600
-0.007139 0.002317 0.107600
-0.007146 0.002594 0.107700
-0.007152 0.002871 0.107800
-0.007159 0.003149 0.107900
-0.007159 0.003424 0.107900
-0.007166 0.003702 0.108000
-0.007172 0.003981 0.108100
-0.007172 0.004257 0.108100
-0.007179 0.004537 0.108200
-0.007179 0.004812 0.108200
-0.007185 0.005093 0.108300
-0.007185 0.005369 0.108300
-0.007185 0.005645 0.108300
-0.007192 0.005927 0.108400
-0.007192 0.006203 0.108400
-0.007192 0.006479 0.108400
-0.007199 0.006762 0.108500
-0.007199 0.007039 0.108500
-0.007199 0.007315 0.108500
-0.007205 0.007599 0.108600
-0.007199 0.007868 0.108500
-0.007199 0.008145 0.108500
-0.007205 0.008429 0.108600
-0.007205 0.008706 0.108600
-0.007199 0.008975 0.108500
-0.007199 0.009251 0.108500
-0.007199 0.009528 0.108500
-0.007192 0.009795 0.108400
-0.007192 0.010072 0.108400
-0.007185 0.010339 0.108300
-0.007185 0.010615 0.108300
-0.007179 0.010881 0.108200
-0.007179 0.011156 0.108200
-0.007179 0.011432 0.108200
-0.007185 0.011719 0.108300
-0.007185 0.011995 0.108300
-0.007192 0.012282 0.108400
-0.007192 0.012559 0.108400
-0.007199 0.012847 0.108500
-0.007212 0.013148 0.108700
-0.007225 0.013449 0.108900
-0.007239 0.013752 0.109100
-0.007252 0.014056 0.109300
-0.007265 0.014361 0.109500
-0.007278 0.014667 0.109700
-0.007285 0.014960 0.109800
-0.007292 0.015254 0.109900
-0.007292 0.015534 0.109900
-0.007305 0.015843 0.110100
-0.007312 0.016138 0.110200
-0.007318 0.016434 0.110300
-0.007325 0.016731 0.110400
-0.007325 0.017012 0.110400
-0.007325 0.017293 0.110400
-0.007827 -0.008558 0.113600
-0.007827 -0.008269 0.113600
-0.007827 -0.007979 0.113600
-0.007821 -0.007683 0.113500
-0.007807 -0.007380 0.113300
-0.007786 -0.007073 0.113000
-0.007765 -0.006767 0.112700
-0.007745 -0.006462 0.112400
-0.007717 -0.006153 0.112000
-0.007690 -0.005847 0.111600
-0.007662 -0.005543 0.111200
-0.007634 -0.005240 0.110800
-0.007607 -0.004940 0.110400
-0.007579 -0.004642 0.110000
-0.007559 -0.004349 0.109700
-0.007531 -0.004055 0.109300
-0.007510 -0.003766 0.109000
-0.007490 -0.003478 0.108700
-0.007476 -0.003195 0.108500
-0.007462 -0.002913 0.108300
-0.007448 -0.002632 0.108100
-0.007435 -0.002352 0.107900
-0.007421 -0.002074 0.107700
-0.007414 -0.001797 0.107600
-0.007407 -0.001522 0.107500
-0.007400 -0.001246 0.107400
-0.007400 -0.000973 0.107400
-0.007393 -0.000698 0.107300
-0.007393 -0.000425 0.107300
-0.007393 -0.000151 0.107300
-0.007393 0.000122 0.107300
-0.007393 0.000396 0.107300
-0.007393 0.000669 0.107300
-0.007393 0.000943 0.107300
-0.007393 0.001217 0.107300
-0.007393 0.001490 0.107300
-0.007393 0.001764 0.107300
-0.007400 0.002039 0.107400
-0.007400 0.002313 0.107400
-0.007407 0.002589 0.107500
-0.007414 0.002866 0.107600
-0.007414 0.003140 0.107600
-0.007421 0.003417 0.107700
-0.007421 0.003692 0.107700
-0.007428 0.003970 0.107800
-0.007435 0.004249 0.107900
-0.007435 0.004524 0.107900
-0.007442 0.004804 0.108000
-0.007442 0.005079 0.108000
-0.007448 0.005359 0.108100
-0.007448 0.005635 0.108100
-0.007455 0.005916 0.108200
-0.007455 0.006192 0.108200
-0.007455 0.006467 0.108200
-0.007462 0.006749 0.108300
-0.007462 0.007026 0.108300
-0.007469 0.007308 0.108400
-0.007469 0.007585 0.108400
-0.007469 0.007861 0.108400
-0.007469 0.008137 0.108400
-0.007469 0.008414 0.108400
-0.007469 0.008690 0.108400
-0.007469 0.008966 0.108400
-0.007462 0.009234 0.108300
-0.007462 0.009510 0.108300
-0.007455 0.009777 0.108200
-0.007455 0.010053 0.108200
-0.007448 0.010319 0.108100
-0.007442 0.010585 0.108000
-0.007442 0.010861 0.108000
-0.007442 0.011136 0.108000
-0.007442 0.011411 0.108000
-0.007442 0.011686 0.108000
-0.007442 0.011962 0.108000
-0.007448 0.012248 0.108100
-0.007448 0.012524 0.108100
-0.007455 0.012811 0.108200
-0.007462 0.013099 0.108300
-0.007476 0.013400 0.108500
-0.007490 0.013702 0.108700
-0.007504 0.014005 0.108900
-0.007524 0.014322 0.109200
-0.007531 0.014613 0.109300
-0.007545 0.014919 0.109500
-0.007566 0.015240 0.109800
-0.007566 0.015520 0.109800
-0.007572 0.015814 0.109900
-0.007579 0.016109 0.110000
-0.007586 0.016404 0.110100
-0.007600 0.016715 0.110300
-0.007600 0.016997 0.110300
-0.007607 0.017293 0.110400
-0.007607 0.017575 0.110400
-0.008132 -0.008573 0.113800
-0.008125 -0.008276 0.113700
-0.008118 -0.007979 0.113600
-0.008103 -0.007676 0.113400
-0.008089 -0.007374 0.113200
-0.008061 -0.007060 0.112800
-0.008032 -0.006749 0.112400
-0.008010 -0.006445 0.112100
-0.007975 -0.006132 0.111600
-0.007975 -0.005847 0.111600
-0.007946 -0.005543 0.111200
-0.007896 -0.005226 0.110500
-0.007868 -0.004926 0.110100
-0.007839 -0.004629 0.109700
-0.007810 -0.004333 0.109300
-0.007789 -0.004044 0.109000
-0.007768 -0.003755 0.108700
-0.007746 -0.003469 0.108400
-0.007732 -0.003186 0.108200
-0.007718 -0.002905 0.108000
-0.007696 -0.002623 0.107700
-0.007689 -0.002346 0.107600
-0.007675 -0.002068 0.107400
-0.007667 -0.001792 0.107300
-0.007660 -0.001517 0.107200
-0.007660 -0.001244 0.107200
-0.007653 -0.000970 0.107100
-0.007653 -0.000697 0.107100
-0.007653 -0.000424 0.107100
-0.007653 -0.000151 0.107100
-0.007653 0.000122 0.107100
-0.007653 0.000395 0.107100
-0.007653 0.000668 0.107100
-0.007653 0.000941 0.107100
-0.007653 0.001214 0.107100
-0.007653 0.001487 0.107100
-0.007660 0.001762 0.107200
-0.007660 0.002035 0.107200
-0.007667 0.002311 0.107300
-0.007667 0.002584 0.107300
-0.007667 0.002858 0.107300
-0.007675 0.003134 0.107400
-0.007675 0.003408 0.107400
-0.007682 0.003685 0.107500
-0.007682 0.003959 0.107500
-0.007689 0.004237 0.107600
-0.007689 0.004511 0.107600
-0.007689 0.004786 0.107600
-0.007696 0.005065 0.107700
-0.007696 0.005339 0.107700
-0.007696 0.005614 0.107700
-0.007703 0.005894 0.107800
-0.007703 0.006169 0.107800
-0.007710 0.006449 0.107900
-0.007710 0.006725 0.107900
-0.007718 0.007006 0.108000
-0.007718 0.007281 0.108000
-0.007718 0.007557 0.108000
-0.007725 0.007839 0.108100
-0.007725 0.008115 0.108100
-0.007725 0.008390 0.108100
-0.007725 0.008666 0.108100
-0.007725 0.008942 0.108100
-0.007718 0.009209 0.108000
-0.007718 0.009484 0.108000
-0.007710 0.009750 0.107900
-0.007710 0.010025 0.107900
-0.007703 0.010291 0.107800
-0.007696 0.010556 0.107700
-0.007696 0.010830 0.107700
-0.007696 0.011105 0.107700
-0.007696 0.011379 0.107700
-0.007696 0.011654 0.107700
-0.007696 0.011929 0.107700
-0.007696 0.012203 0.107700
-0.007703 0.012489 0.107800
-0.007710 0.012776 0.107900
-0.007718 0.013063 0.108000
-0.007725 0.013351 0.108100
-0.007739 0.013651 0.108300
-0.007753 0.013953 0.108500
-0.007768 0.014256 0.108700
-0.007789 0.014573 0.109000
-0.007810 0.014892 0.109300
-0.007825 0.015198 0.109500
-0.007825 0.015478 0.109500
-0.007839 0.015785 0.109700
-0.007853 0.016094 0.109900
-0.007853 0.016375 0.109900
-0.007868 0.016685 0.110100
-0.007875 0.016981 0.110200
-0.007882 0.017278 0.110300
-0.007882 0.017559 0.110300
-0.007882 0.017840 0.110300
-0.008438 -0.008879 0.114000
-0.008430 -0.008581 0.113900
-0.008423 -0.008283 0.113800
-0.008401 -0.007972 0.113500
-0.008378 -0.007662 0.113200
-0.008356 -0.007354 0.112900
-0.008334 -0.007048 0.112600
-0.008304 -0.006737 0.112200
-0.008275 -0.006428 0.111800
-0.008260 -0.006132 0.111600
-0.008201 -0.005805 0.110800
-0.008179 -0.005508 0.110500
-0.008149 -0.005207 0.110100
-0.008119 -0.004909 0.109700
-0.008090 -0.004612 0.109300
-0.008067 -0.004321 0.109000
-0.008045 -0.004032 0.108700
-0.008023 -0.003745 0.108400
-0.008008 -0.003462 0.108200
-0.007993 -0.003181 0.108000
-0.007971 -0.002897 0.107700
-0.007956 -0.002618 0.107500
-0.007942 -0.002339 0.107300
-0.007934 -0.002064 0.107200
-0.007927 -0.001789 0.107100
-0.007919 -0.001515 0.107000
-0.007912 -0.001241 0.106900
-0.007912 -0.000968 0.106900
-0.007912 -0.000696 0.106900
-0.007912 -0.000423 0.106900
-0.007912 -0.000151 0.106900
-0.007912 0.000122 0.106900
-0.007912 0.000394 0.106900
-0.007912 0.000667 0.106900
-0.007912 0.000939 0.106900
-0.007912 0.001212 0.106900
-0.007912 0.001485 0.106900
-0.007919 0.001759 0.107000
-0.007919 0.002031 0.107000
-0.007927 0.002306 0.107100
-0.007927 0.002579 0.107100
-0.007927 0.002852 0.107100
-0.007934 0.003128 0.107200
-0.007934 0.003402 0.107200
-0.007942 0.003678 0.107300
-0.007942 0.003952 0.107300
-0.007942 0.004225 0.107300
-0.007942 0.004499 0.107300
-0.007942 0.004772 0.107300
-0.007949 0.005051 0.107400
-0.007949 0.005324 0.107400
-0.007956 0.005603 0.107500
-0.007949 0.005872 0.107400
-0.007949 0.006146 0.107400
-0.007956 0.006426 0.107500
-0.007956 0.006700 0.107500
-0.007964 0.006980 0.107600
-0.007964 0.007254 0.107600
-0.007964 0.007529 0.107600
-0.007971 0.007810 0.107700
-0.007971 0.008085 0.107700
-0.007971 0.008359 0.107700
-0.007971 0.008634 0.107700
-0.007971 0.008908 0.107700
-0.007964 0.009175 0.107600
-0.007964 0.009449 0.107600
-0.007956 0.009714 0.107500
-0.007956 0.009988 0.107500
-0.007956 0.010262 0.107500
-0.007956 0.010536 0.107500
-0.007949 0.010800 0.107400
-0.007949 0.011074 0.107400
-0.007949 0.011348 0.107400
-0.007949 0.011622 0.107400
-0.007949 0.011895 0.107400
-0.007949 0.012169 0.107400
-0.007956 0.012454 0.107500
-0.007956 0.012729 0.107500
-0.007964 0.013015 0.107600
-0.007979 0.013314 0.107800
-0.007993 0.013614 0.108000
-0.008008 0.013915 0.108200
-0.008023 0.014217 0.108400
-0.008038 0.014520 0.108600
-0.008060 0.014838 0.108900
-0.008075 0.015143 0.109100
-0.008075 0.015421 0.109100
-0.008097 0.015742 0.109400
-0.008112 0.016050 0.109600
-0.008127 0.016360 0.109800
-0.008134 0.016655 0.109900
-0.008141 0.016950 0.110000
-0.008149 0.017246 0.110100
-0.008156 0.017543 0.110200
-0.008164 0.017840 0.110300
-0.008736 -0.008887 0.114100
-0.008721 -0.008581 0.113900
-0.008714 -0.008283 0.113800
-0.008683 -0.007965 0.113400
-0.008668 -0.007662 0.113200
-0.008637 -0.007348 0.112800
-0.008606 -0.007035 0.112400
-0.008568 -0.006719 0.111900
-0.008530 -0.006405 0.111400
-0.008499 -0.006099 0.111000
-0.008461 -0.005789 0.110500
-0.008430 -0.005488 0.110100
-0.008407 -0.005193 0.109800
-0.008377 -0.004895 0.109400
-0.008354 -0.004604 0.109100
-0.008323 -0.004310 0.108700
-0.008308 -0.004025 0.108500
-0.008285 -0.003738 0.108200
-0.008269 -0.003456 0.108000
-0.008246 -0.003172 0.107700
-0.008231 -0.002892 0.107500
-0.008216 -0.002613 0.107300
-0.008201 -0.002335 0.107100
-0.008193 -0.002060 0.107000
-0.008185 -0.001786 0.106900
-0.008178 -0.001512 0.106800
-0.008178 -0.001239 0.106800
-0.008178 -0.000967 0.106800
-0.008170 -0.000694 0.106700
-0.008170 -0.000422 0.106700
-0.008170 -0.000150 0.106700
-0.008170 0.000122 0.106700
-0.008170 0.000394 0.106700
-0.008170 0.000666 0.106700
-0.008170 0.000938 0.106700
-0.008178 0.001211 0.106800
-0.008178 0.001483 0.106800
-0.008178 0.001755 0.106800
-0.008185 0.002030 0.106900
-0.008185 0.002302 0.106900
-0.008185 0.002575 0.106900
-0.008193 0.002850 0.107000
-0.008193 0.003122 0.107000
-0.008193 0.003395 0.107000
-0.008193 0.003668 0.107000
-0.008201 0.003944 0.107100
-0.008201 0.004218 0.107100
-0.008201 0.004491 0.107100
-0.008201 0.004764 0.107100
-0.008201 0.005037 0.107100
-0.008201 0.005310 0.107100
-0.008201 0.005583 0.107100
-0.008201 0.005856 0.107100
-0.008201 0.006129 0.107100
-0.008201 0.006402 0.107100
-0.008208 0.006681 0.107200
-0.008208 0.006954 0.107200
-0.008208 0.007227 0.107200
-0.008216 0.007508 0.107300
-0.008216 0.007781 0.107300
-0.008216 0.008055 0.107300
-0.008216 0.008328 0.107300
-0.008216 0.008602 0.107300
-0.008216 0.008875 0.107300
-0.008216 0.009149 0.107300
-0.008216 0.009422 0.107300
-0.008208 0.009687 0.107200
-0.008208 0.009960 0.107200
-0.008208 0.010234 0.107200
-0.008208 0.010507 0.107200
-0.008208 0.010780 0.107200
-0.008208 0.011053 0.107200
-0.008201 0.011316 0.107100
-0.008201 0.011589 0.107100
-0.008208 0.011873 0.107200
-0.008208 0.012146 0.107200
-0.008208 0.012420 0.107200
-0.008216 0.012705 0.107300
-0.008223 0.012990 0.107400
-0.008231 0.013277 0.107500
-0.008246 0.013576 0.107700
-0.008262 0.013876 0.107900
-0.008277 0.014177 0.108100
-0.008292 0.014480 0.108300
-0.008308 0.014783 0.108500
-0.008323 0.015087 0.108700
-0.008323 0.015364 0.108700
-0.008346 0.015685 0.109000
-0.008369 0.016007 0.109300
-0.008384 0.016315 0.109500
-0.008400 0.016624 0.109700
-0.008415 0.016935 0.109900
-0.008423 0.017231 0.110000
-0.008430 0.017527 0.110100
-0.008438 0.017824 0.110200
-0.009036 -0.009186 0.114200
-0.009028 -0.008887 0.114100
-0.009012 -0.008581 0.113900
-0.008988 -0.008269 0.113600
-0.008965 -0.007958 0.113300
-0.008933 -0.007642 0.112900
-0.008909 -0.007335 0.112600
-0.008894 -0.007035 0.112400
-0.008830 -0.006700 0.111600
-0.008791 -0.006387 0.111100
-0.008751 -0.006077 0.110600
-0.008719 -0.005774 0.110200
-0.008688 -0.005473 0.109800
-0.008664 -0.005179 0.109500
-0.008640 -0.004886 0.109200
-0.008601 -0.004587 0.108700
-0.008585 -0.004302 0.108500
-0.008561 -0.004014 0.108200
-0.008545 -0.003731 0.108000
-0.008522 -0.003446 0.107700
-0.008506 -0.003166 0.107500
-0.008482 -0.002884 0.107200
-0.008474 -0.002608 0.107100
-0.008458 -0.002331 0.106900
-0.008450 -0.002056 0.106800
-0.008443 -0.001782 0.106700
-0.008443 -0.001510 0.106700
-0.008435 -0.001237 0.106600
-0.008435 -0.000965 0.106600
-0.008435 -0.000694 0.106600
-0.008435 -0.000422 0.106600
-0.008435 -0.000150 0.106600
-0.008435 0.000122 0.106600
-0.008435 0.000393 0.106600
-0.008435 0.000665 0.106600
-0.008435 0.000937 0.106600
-0.008435 0.001209 0.106600
-0.008435 0.001480 0.106600
-0.008443 0.001754 0.106700
-0.008443 0.002026 0.106700
-0.008443 0.002298 0.106700
-0.008443 0.002570 0.106700
-0.008450 0.002844 0.106800
-0.008450 0.003117 0.106800
-0.008450 0.003389 0.106800
-0.008450 0.003661 0.106800
-0.008450 0.003933 0.106800
-0.008450 0.004206 0.106800
-0.008450 0.004478 0.106800
-0.008450 0.004750 0.106800
-0.008450 0.005022 0.106800
-0.008450 0.005295 0.106800
-0.008450 0.005567 0.106800
-0.008450 0.005839 0.106800
-0.008450 0.006111 0.106800
-0.008450 0.006384 0.106800
-0.008450 0.006656 0.106800
-0.008458 0.006935 0.106900
-0.008458 0.007207 0.106900
-0.008458 0.007480 0.106900
-0.008458 0.007752 0.106900
-0.008466 0.008032 0.107000
-0.008466 0.008305 0.107000
-0.008466 0.008578 0.107000
-0.008466 0.008851 0.107000
-0.008466 0.009123 0.107000
-0.008466 0.009396 0.107000
-0.008466 0.009669 0.107000
-0.008466 0.009942 0.107000
-0.008458 0.010205 0.106900
-0.008458 0.010477 0.106900
-0.008458 0.010750 0.106900
-0.008458 0.011022 0.106900
-0.008458 0.011295 0.106900
-0.008458 0.011567 0.106900
-0.008466 0.011851 0.107000
-0.008466 0.012124 0.107000
-0.008466 0.012397 0.107000
-0.008466 0.012669 0.107000
-0.008474 0.012954 0.107100
-0.008482 0.013240 0.107200
-0.008490 0.013525 0.107300
-0.008506 0.013825 0.107500
-0.008522 0.014125 0.107700
-0.008545 0.014440 0.108000
-0.008561 0.014742 0.108200
-0.008577 0.015046 0.108400
-0.008577 0.015322 0.108400
-0.008601 0.015642 0.108700
-0.008617 0.015948 0.108900
-0.008640 0.016270 0.109200
-0.008656 0.016579 0.109400
-0.008672 0.016889 0.109600
-0.008688 0.017199 0.109800
-0.008696 0.017495 0.109900
-0.008712 0.017808 0.110100
-0.009336 -0.009194 0.114300
-0.009320 -0.008887 0.114100
-0.009295 -0.008573 0.113800
-0.009271 -0.008261 0.113500
-0.009246 -0.007951 0.113200
-0.009213 -0.007635 0.112800
-0.009173 -0.007315 0.112300
-0.009132 -0.006998 0.111800
-0.009083 -0.006676 0.111200
-0.009050 -0.006370 0.110800
-0.009009 -0.006060 0.110300
-0.008977 -0.005758 0.109900
-0.008952 -0.005463 0.109600
-0.008928 -0.005169 0.109300
-0.008903 -0.004877 0.109000
-0.008862 -0.004578 0.108500
-0.008846 -0.004294 0.108300
-0.008821 -0.004007 0.108000
-0.008797 -0.003721 0.107700
-0.008781 -0.003440 0.107500
-0.008764 -0.003160 0.107300
-0.008748 -0.002881 0.107100
-0.008731 -0.002603 0.106900
-0.008715 -0.002326 0.106700
-0.008707 -0.002052 0.106600
-0.008707 -0.001781 0.106600
-0.008707 -0.001509 0.106600
-0.008699 -0.001236 0.106500
-0.008699 -0.000964 0.106500
-0.008699 -0.000693 0.106500
-0.008699 -0.000421 0.106500
-0.008699 -0.000150 0.106500
-0.008699 0.000122 0.106500
-0.008699 0.000393 0.106500
-0.008699 0.000664 0.106500
-0.008699 0.000936 0.106500
-0.008699 0.001207 0.106500
-0.008699 0.001479 0.106500
-0.008699 0.001750 0.106500
-0.008699 0.002022 0.106500
-0.008699 0.002293 0.106500
-0.008707 0.002567 0.106600
-0.008707 0.002839 0.106600
-0.008707 0.003111 0.106600
-0.008707 0.003383 0.106600
-0.008707 0.003654 0.106600
-0.008707 0.003926 0.106600
-0.008707 0.004198 0.106600
-0.008707 0.004470 0.106600
-0.008707 0.004741 0.106600
-0.008707 0.005013 0.106600
-0.008699 0.005280 0.106500
-0.008699 0.005551 0.106500
-0.008699 0.005823 0.106500
-0.008699 0.006094 0.106500
-0.008699 0.006366 0.106500
-0.008699 0.006637 0.106500
-0.008699 0.006909 0.106500
-0.008699 0.007180 0.106500
-0.008699 0.007452 0.106500
-0.008707 0.007731 0.106600
-0.008707 0.008002 0.106600
-0.008707 0.008274 0.106600
-0.008707 0.008546 0.106600
-0.008715 0.008826 0.106700
-0.008715 0.009098 0.106700
-0.008715 0.009370 0.106700
-0.008715 0.009642 0.106700
-0.008715 0.009914 0.106700
-0.008715 0.010186 0.106700
-0.008715 0.010458 0.106700
-0.008715 0.010730 0.106700
-0.008715 0.011002 0.106700
-0.008715 0.011274 0.106700
-0.008715 0.011546 0.106700
-0.008723 0.011829 0.106800
-0.008723 0.012101 0.106800
-0.008723 0.012373 0.106800
-0.008723 0.012646 0.106800
-0.008731 0.012930 0.106900
-0.008740 0.013215 0.107000
-0.008748 0.013500 0.107100
-0.008756 0.013786 0.107200
-0.008772 0.014086 0.107400
-0.008789 0.014386 0.107600
-0.008805 0.014688 0.107800
-0.008821 0.014990 0.108000
-0.008821 0.015266 0.108000
-0.008846 0.015584 0.108300
-0.008862 0.015889 0.108500
-0.008895 0.016226 0.108900
-0.008911 0.016534 0.109100
-0.008936 0.016858 0.109400
-0.008952 0.017168 0.109600
-0.008960 0.017463 0.109700
-0.008977 0.017775 0.109900
-0.009628 -0.009194 0.114300
-0.009611 -0.008887 0.114100
-0.009586 -0.008573 0.113800
-0.009552 -0.008254 0.113400
-0.009510 -0.007930 0.112900
-0.009476 -0.007615 0.112500
-0.009434 -0.007296 0.112000
-0.009384 -0.006972 0.111400
-0.009342 -0.006658 0.110900
-0.009299 -0.006347 0.110400
-0.009257 -0.006038 0.109900
-0.009232 -0.005742 0.109600
-0.009207 -0.005448 0.109300
-0.009182 -0.005155 0.109000
-0.009156 -0.004864 0.108700
-0.009131 -0.004574 0.108400
-0.009106 -0.004286 0.108100
-0.009089 -0.004003 0.107900
-0.009064 -0.003717 0.107600
-0.009047 -0.003437 0.107400
-0.009030 -0.003157 0.107200
-0.009005 -0.002876 0.106900
-0.008988 -0.002598 0.106700
-0.008979 -0.002324 0.106600
-0.008971 -0.002050 0.106500
-0.008971 -0.001779 0.106500
-0.008971 -0.001507 0.106500
-0.008963 -0.001235 0.106400
-0.008963 -0.000964 0.106400
-0.008963 -0.000692 0.106400
-0.008963 -0.000421 0.106400
-0.008963 -0.000150 0.106400
-0.008963 0.000121 0.106400
-0.008963 0.000393 0.106400
-0.008963 0.000664 0.106400
-0.008963 0.000935 0.106400
-0.008963 0.001206 0.106400
-0.008963 0.001478 0.106400
-0.008963 0.001749 0.106400
-0.008963 0.002020 0.106400
-0.008963 0.002291 0.106400
-0.008963 0.002563 0.106400
-0.008963 0.002834 0.106400
-0.008963 0.003105 0.106400
-0.008963 0.003376 0.106400
-0.008963 0.003647 0.106400
-0.008963 0.003919 0.106400
-0.008954 0.004186 0.106300
-0.008954 0.004457 0.106300
-0.008954 0.004728 0.106300
-0.008954 0.004999 0.106300
-0.008954 0.005270 0.106300
-0.008946 0.005536 0.106200
-0.008946 0.005806 0.106200
-0.008946 0.006077 0.106200
-0.008946 0.006348 0.106200
-0.008946 0.006619 0.106200
-0.008946 0.006889 0.106200
-0.008946 0.007160 0.106200
-0.008946 0.007431 0.106200
-0.008946 0.007702 0.106200
-0.008954 0.007980 0.106300
-0.008954 0.008251 0.106300
-0.008954 0.008522 0.106300
-0.008963 0.008801 0.106400
-0.008963 0.009072 0.106400
-0.008963 0.009343 0.106400
-0.008971 0.009624 0.106500
-0.008971 0.009895 0.106500
-0.008971 0.010167 0.106500
-0.008971 0.010438 0.106500
-0.008971 0.010710 0.106500
-0.008971 0.010981 0.106500
-0.008971 0.011253 0.106500
-0.008979 0.011535 0.106600
-0.008979 0.011807 0.106600
-0.008979 0.012078 0.106600
-0.008979 0.012350 0.106600
-0.008988 0.012634 0.106700
-0.008988 0.012906 0.106700
-0.008996 0.013190 0.106800
-0.009005 0.013475 0.106900
-0.009013 0.013760 0.107000
-0.009021 0.014046 0.107100
-0.009038 0.014346 0.107300
-0.009055 0.014647 0.107500
-0.009064 0.014935 0.107600
-0.009064 0.015209 0.107600
-0.009089 0.015526 0.107900
-0.009114 0.015845 0.108200
-0.009139 0.016166 0.108500
-0.009165 0.016488 0.108800
-0.009190 0.016812 0.109100
-0.009207 0.017121 0.109300
-0.009224 0.017432 0.109500
-0.009240 0.017743 0.109700
-0.009257 0.018056 0.109900
-0.009920 -0.009485 0.114300
-0.009920 -0.009194 0.114300
-0.009894 -0.008879 0.114000
-0.009868 -0.008566 0.113700
-0.009825 -0.008239 0.113200
-0.009781 -0.007916 0.112700
-0.009729 -0.007588 0.112100
-0.009686 -0.007269 0.111600
-0.009634 -0.006947 0.111000
-0.009590 -0.006634 0.110500
-0.009547 -0.006324 0.110000
-0.009521 -0.006027 0.109700
-0.009486 -0.005727 0.109300
-0.009469 -0.005438 0.109100
-0.009451 -0.005150 0.108900
-0.009425 -0.004859 0.108600
-0.009399 -0.004570 0.108300
-0.009373 -0.004282 0.108000
-0.009347 -0.003995 0.107700
-0.009321 -0.003710 0.107400
-0.009304 -0.003430 0.107200
-0.009286 -0.003151 0.107000
-0.009269 -0.002873 0.106800
-0.009260 -0.002598 0.106700
-0.009243 -0.002322 0.106500
-0.009234 -0.002049 0.106400
-0.009234 -0.001777 0.106400
-0.009234 -0.001506 0.106400
-0.009234 -0.001235 0.106400
-0.009226 -0.000963 0.106300
-0.009226 -0.000692 0.106300
-0.009226 -0.000421 0.106300
-0.009226 -0.000150 0.106300
-0.009226 0.000121 0.106300
-0.009226 0.000392 0.106300
-0.009226 0.000663 0.106300
-0.009217 0.000933 0.106200
-0.009217 0.001204 0.106200
-0.009217 0.001475 0.106200
-0.009217 0.001746 0.106200
-0.009217 0.002016 0.106200
-0.009217 0.002287 0.106200
-0.009217 0.002558 0.106200
-0.009217 0.002828 0.106200
-0.009217 0.003099 0.106200
-0.009217 0.003370 0.106200
-0.009217 0.003641 0.106200
-0.009208 0.003908 0.106100
-0.009208 0.004178 0.106100
-0.009208 0.004449 0.106100
-0.009208 0.004719 0.106100
-0.009208 0.004990 0.106100
-0.009200 0.005255 0.106000
-0.009200 0.005525 0.106000
-0.009191 0.005790 0.105900
-0.009191 0.006060 0.105900
-0.009191 0.006330 0.105900
-0.009191 0.006600 0.105900
-0.009191 0.006870 0.105900
-0.009191 0.007140 0.105900
-0.009191 0.007410 0.105900
-0.009200 0.007687 0.106000
-0.009200 0.007957 0.106000
-0.009200 0.008227 0.106000
-0.009200 0.008498 0.106000
-0.009208 0.008776 0.106100
-0.009217 0.009055 0.106200
-0.009217 0.009326 0.106200
-0.009217 0.009597 0.106200
-0.009217 0.009867 0.106200
-0.009226 0.010148 0.106300
-0.009226 0.010419 0.106300
-0.009226 0.010690 0.106300
-0.009226 0.010961 0.106300
-0.009226 0.011232 0.106300
-0.009234 0.011513 0.106400
-0.009234 0.011785 0.106400
-0.009243 0.012067 0.106500
-0.009243 0.012339 0.106500
-0.009243 0.012610 0.106500
-0.009252 0.012894 0.106600
-0.009252 0.013165 0.106600
-0.009269 0.013462 0.106800
-0.009269 0.013735 0.106800
-0.009278 0.014020 0.106900
-0.009286 0.014306 0.107000
-0.009304 0.014606 0.107200
-0.009321 0.014907 0.107400
-0.009321 0.015181 0.107400
-0.009330 0.015469 0.107500
-0.009356 0.015787 0.107800
-0.009382 0.016106 0.108100
-0.009408 0.016427 0.108400
-0.009434 0.016750 0.108700
-0.009460 0.017074 0.109000
-0.009477 0.017384 0.109200
-0.009486 0.017678 0.109300
-0.009512 0.018006 0.109600
-0.010203 -0.009477 0.114200
-0.010203 -0.009186 0.114200
-0.010167 -0.008863 0.113800
-0.010132 -0.008543 0.113400
-0.010087 -0.008218 0.112900
-0.010069 -0.007916 0.112700
-0.009989 -0.007568 0.111800
-0.009935 -0.007243 0.111200
-0.009882 -0.006922 0.110600
-0.009837 -0.006610 0.110100
-0.009810 -0.006313 0.109800
-0.009774 -0.006011 0.109400
-0.009747 -0.005716 0.109100
-0.009730 -0.005428 0.108900
-0.009703 -0.005136 0.108600
-0.009685 -0.004850 0.108400
-0.009658 -0.004561 0.108100
-0.009631 -0.004274 0.107800
-0.009613 -0.003992 0.107600
-0.009587 -0.003707 0.107300
-0.009569 -0.003427 0.107100
-0.009551 -0.003148 0.106900
-0.009533 -0.002870 0.106700
-0.009524 -0.002596 0.106600
-0.009506 -0.002320 0.106400
-0.009506 -0.002049 0.106400
-0.009497 -0.001776 0.106300
-0.009497 -0.001505 0.106300
-0.009497 -0.001234 0.106300
-0.009497 -0.000963 0.106300
-0.009488 -0.000691 0.106200
-0.009488 -0.000420 0.106200
-0.009488 -0.000150 0.106200
-0.009488 0.000121 0.106200
-0.009479 0.000392 0.106100
-0.009479 0.000662 0.106100
-0.009479 0.000932 0.106100
-0.009479 0.001203 0.106100
-0.009479 0.001473 0.106100
-0.009479 0.001744 0.106100
-0.009479 0.002014 0.106100
-0.009479 0.002285 0.106100
-0.009479 0.002555 0.106100
-0.009471 0.002823 0.106000
-0.009471 0.003093 0.106000
-0.009471 0.003364 0.106000
-0.009471 0.003634 0.106000
-0.009471 0.003904 0.106000
-0.009462 0.004170 0.105900
-0.009462 0.004440 0.105900
-0.009462 0.004710 0.105900
-0.009453 0.004975 0.105800
-0.009453 0.005245 0.105800
-0.009444 0.005510 0.105700
-0.009444 0.005779 0.105700
-0.009444 0.006049 0.105700
-0.009444 0.006318 0.105700
-0.009444 0.006587 0.105700
-0.009435 0.006850 0.105600
-0.009435 0.007120 0.105600
-0.009435 0.007389 0.105600
-0.009444 0.007665 0.105700
-0.009444 0.007935 0.105700
-0.009444 0.008204 0.105700
-0.009453 0.008482 0.105800
-0.009462 0.008760 0.105900
-0.009462 0.009030 0.105900
-0.009462 0.009300 0.105900
-0.009471 0.009579 0.106000
-0.009471 0.009849 0.106000
-0.009479 0.010129 0.106100
-0.009479 0.010399 0.106100
-0.009479 0.010669 0.106100
-0.009488 0.010950 0.106200
-0.009488 0.011221 0.106200
-0.009488 0.011492 0.106200
-0.009497 0.011773 0.106300
-0.009497 0.012044 0.106300
-0.009497 0.012315 0.106300
-0.009506 0.012598 0.106400
-0.009506 0.012870 0.106400
-0.009515 0.013153 0.106500
-0.009524 0.013437 0.106600
-0.009524 0.013709 0.106600
-0.009542 0.014007 0.106800
-0.009551 0.014293 0.106900
-0.009551 0.014565 0.106900
-0.009569 0.014865 0.107100
-0.009569 0.015138 0.107100
-0.009587 0.015440 0.107300
-0.009605 0.015743 0.107500
-0.009622 0.016047 0.107700
-0.009649 0.016367 0.108000
-0.009676 0.016688 0.108300
-0.009739 0.017074 0.109000
-0.009756 0.017384 0.109200
-0.009765 0.017678 0.109300
-0.009792 0.018006 0.109600
-0.010477 -0.009460 0.114000
-0.010477 -0.009169 0.114000
-0.010440 -0.008848 0.113600
-0.010403 -0.008528 0.113200
-0.010348 -0.008196 0.112600
-0.010348 -0.007909 0.112600
-0.010247 -0.007547 0.111500
-0.010192 -0.007224 0.110900
-0.010146 -0.006910 0.110400
-0.010091 -0.006592 0.109800
-0.010063 -0.006295 0.109500
-0.010035 -0.006000 0.109200
-0.010017 -0.005711 0.109000
-0.009990 -0.005418 0.108700
-0.009971 -0.005131 0.108500
-0.009944 -0.004841 0.108200
-0.009925 -0.004557 0.108000
-0.009888 -0.004266 0.107600
-0.009870 -0.003984 0.107400
-0.009852 -0.003704 0.107200
-0.009833 -0.003424 0.107000
-0.009815 -0.003145 0.106800
-0.009797 -0.002868 0.106600
-0.009787 -0.002593 0.106500
-0.009778 -0.002320 0.106400
-0.009769 -0.002047 0.106300
-0.009769 -0.001776 0.106300
-0.009760 -0.001503 0.106200
-0.009760 -0.001232 0.106200
-0.009751 -0.000961 0.106100
-0.009751 -0.000690 0.106100
-0.009741 -0.000420 0.106000
-0.009741 -0.000149 0.106000
-0.009741 0.000121 0.106000
-0.009741 0.000391 0.106000
-0.009741 0.000661 0.106000
-0.009741 0.000932 0.106000
-0.009741 0.001202 0.106000
-0.009732 0.001471 0.105900
-0.009732 0.001741 0.105900
-0.009732 0.002011 0.105900
-0.009732 0.002281 0.105900
-0.009732 0.002550 0.105900
-0.009732 0.002820 0.105900
-0.009732 0.003090 0.105900
-0.009732 0.003360 0.105900
-0.009723 0.003627 0.105800
-0.009723 0.003897 0.105800
-0.009714 0.004162 0.105700
-0.009714 0.004432 0.105700
-0.009714 0.004701 0.105700
-0.009705 0.004966 0.105600
-0.009705 0.005235 0.105600
-0.009705 0.005504 0.105600
-0.009695 0.005768 0.105500
-0.009695 0.006037 0.105500
-0.009695 0.006306 0.105500
-0.009695 0.006575 0.105500
-0.009695 0.006844 0.105500
-0.009695 0.007113 0.105500
-0.009695 0.007382 0.105500
-0.009695 0.007651 0.105500
-0.009695 0.007920 0.105500
-0.009705 0.008196 0.105600
-0.009705 0.008466 0.105600
-0.009705 0.008735 0.105600
-0.009705 0.009004 0.105600
-0.009714 0.009282 0.105700
-0.009714 0.009551 0.105700
-0.009723 0.009830 0.105800
-0.009732 0.010109 0.105900
-0.009732 0.010379 0.105900
-0.009732 0.010649 0.105900
-0.009741 0.010930 0.106000
-0.009741 0.011200 0.106000
-0.009751 0.011481 0.106100
-0.009751 0.011751 0.106100
-0.009751 0.012022 0.106100
-0.009760 0.012304 0.106200
-0.009760 0.012575 0.106200
-0.009769 0.012857 0.106300
-0.009769 0.013128 0.106300
-0.009778 0.013412 0.106400
-0.009797 0.013709 0.106600
-0.009815 0.014007 0.106800
-0.009824 0.014293 0.106900
-0.009824 0.014565 0.106900
-0.009842 0.014865 0.107100
-0.009842 0.015138 0.107100
-0.009861 0.015440 0.107300
-0.009879 0.015743 0.107500
-0.009898 0.016047 0.107700
-0.009925 0.016367 0.108000
-0.009953 0.016688 0.108300
-0.009980 0.017011 0.108600
-0.009990 0.017304 0.108700
-0.010008 0.017614 0.108900
-0.010026 0.017924 0.109100
-0.010740 -0.009725 0.113700
-0.010730 -0.009427 0.113600
-0.010721 -0.009129 0.113500
-0.010683 -0.008809 0.113100
-0.010645 -0.008490 0.112700
-0.010588 -0.008159 0.112100
-0.010588 -0.007874 0.112100
-0.010484 -0.007513 0.111000
-0.010437 -0.007198 0.110500
-0.010390 -0.006885 0.110000
-0.010343 -0.006574 0.109500
-0.010314 -0.006278 0.109200
-0.010296 -0.005989 0.109000
-0.010267 -0.005695 0.108700
-0.010248 -0.005408 0.108500
-0.010229 -0.005122 0.108300
-0.010201 -0.004832 0.108000
-0.010173 -0.004544 0.107700
-0.010154 -0.004262 0.107500
-0.010135 -0.003981 0.107300
-0.010116 -0.003700 0.107100
-0.010097 -0.003421 0.106900
-0.010078 -0.003142 0.106700
-0.010069 -0.002868 0.106600
-0.010050 -0.002591 0.106400
-0.010041 -0.002318 0.106300
-0.010041 -0.002047 0.106300
-0.010031 -0.001774 0.106200
-0.010022 -0.001502 0.106100
-0.010022 -0.001231 0.106100
-0.010012 -0.000960 0.106000
-0.010012 -0.000690 0.106000
-0.010003 -0.000419 0.105900
-0.010003 -0.000149 0.105900
-0.010003 0.000121 0.105900
-0.010003 0.000391 0.105900
-0.009993 0.000660 0.105800
-0.009993 0.000930 0.105800
-0.009984 0.001198 0.105700
-0.009984 0.001468 0.105700
-0.009984 0.001737 0.105700
-0.009984 0.002007 0.105700
-0.009984 0.002276 0.105700
-0.009984 0.002546 0.105700
-0.009984 0.002815 0.105700
-0.009984 0.003085 0.105700
-0.009984 0.003354 0.105700
-0.009974 0.003620 0.105600
-0.009974 0.003889 0.105600
-0.009974 0.004158 0.105600
-0.009974 0.004428 0.105600
-0.009965 0.004692 0.105500
-0.009965 0.004961 0.105500
-0.009965 0.005230 0.105500
-0.009956 0.005494 0.105400
-0.009956 0.005763 0.105400
-0.009956 0.006031 0.105400
-0.009956 0.006300 0.105400
-0.009956 0.006569 0.105400
-0.009956 0.006837 0.105400
-0.009956 0.007106 0.105400
-0.009956 0.007375 0.105400
-0.009956 0.007643 0.105400
-0.009956 0.007912 0.105400
-0.009956 0.008181 0.105400
-0.009956 0.008450 0.105400
-0.009956 0.008718 0.105400
-0.009965 0.008995 0.105500
-0.009965 0.009264 0.105500
-0.009965 0.009533 0.105500
-0.009974 0.009812 0.105600
-0.009974 0.010081 0.105600
-0.009984 0.010360 0.105700
-0.010003 0.010649 0.105900
-0.010012 0.010930 0.106000
-0.010012 0.011200 0.106000
-0.010022 0.011481 0.106100
-0.010022 0.011751 0.106100
-0.010022 0.012022 0.106100
-0.010031 0.012304 0.106200
-0.010031 0.012575 0.106200
-0.010041 0.012857 0.106300
-0.010041 0.013128 0.106300
-0.010050 0.013412 0.106400
-0.010059 0.013696 0.106500
-0.010069 0.013981 0.106600
-0.010078 0.014266 0.106700
-0.010088 0.014551 0.106800
-0.010088 0.014824 0.106800
-0.010088 0.015096 0.106800
-0.010107 0.015397 0.107000
-0.010126 0.015699 0.107200
-0.010144 0.016002 0.107400
-0.010163 0.016306 0.107600
-0.010192 0.016627 0.107900
-0.010211 0.016933 0.108100
-0.010229 0.017241 0.108300
-0.010248 0.017549 0.108500
-0.010267 0.017858 0.108700
-0.010286 0.018169 0.108900
-0.010982 -0.009682 0.113200
-0.010962 -0.009377 0.113000
-0.010952 -0.009081 0.112900
-0.010914 -0.008762 0.112500
-0.010875 -0.008445 0.112100
-0.010875 -0.008159 0.112100
-0.010875 -0.007874 0.112100
-0.010720 -0.007480 0.110500
-0.010681 -0.007172 0.110100
-0.010642 -0.006866 0.109700
-0.010594 -0.006556 0.109200
-0.010574 -0.006267 0.109000
-0.010555 -0.005978 0.108800
-0.010526 -0.005685 0.108500
-0.010506 -0.005398 0.108300
-0.010487 -0.005113 0.108100
-0.010467 -0.004828 0.107900
-0.010438 -0.004540 0.107600
-0.010409 -0.004254 0.107300
-0.010390 -0.003973 0.107100
-0.010370 -0.003693 0.106900
-0.010361 -0.003417 0.106800
-0.010341 -0.003139 0.106600
-0.010332 -0.002865 0.106500
-0.010322 -0.002591 0.106400
-0.010312 -0.002318 0.106300
-0.010302 -0.002045 0.106200
-0.010293 -0.001772 0.106100
-0.010283 -0.001500 0.106000
-0.010283 -0.001230 0.106000
-0.010273 -0.000959 0.105900
-0.010264 -0.000688 0.105800
-0.010254 -0.000418 0.105700
-0.010254 -0.000149 0.105700
-0.010254 0.000121 0.105700
-0.010244 0.000390 0.105600
-0.010244 0.000659 0.105600
-0.010244 0.000928 0.105600
-0.010244 0.001197 0.105600
-0.010235 0.001465 0.105500
-0.010235 0.001734 0.105500
-0.010235 0.002003 0.105500
-0.010235 0.002272 0.105500
-0.010235 0.002541 0.105500
-0.010235 0.002810 0.105500
-0.010235 0.003079 0.105500
-0.010235 0.003348 0.105500
-0.010235 0.003617 0.105500
-0.010235 0.003886 0.105500
-0.010235 0.004154 0.105500
-0.010225 0.004419 0.105400
-0.010225 0.004688 0.105400
-0.010225 0.004957 0.105400
-0.010225 0.005225 0.105400
-0.010225 0.005494 0.105400
-0.010215 0.005757 0.105300
-0.010215 0.006026 0.105300
-0.010215 0.006294 0.105300
-0.010215 0.006563 0.105300
-0.010215 0.006831 0.105300
-0.010215 0.007099 0.105300
-0.010215 0.007368 0.105300
-0.010215 0.007636 0.105300
-0.010225 0.007912 0.105400
-0.010225 0.008181 0.105400
-0.010225 0.008450 0.105400
-0.010225 0.008718 0.105400
-0.010235 0.008995 0.105500
-0.010235 0.009264 0.105500
-0.010235 0.009533 0.105500
-0.010244 0.009812 0.105600
-0.010244 0.010081 0.105600
-0.010254 0.010360 0.105700
-0.010254 0.010629 0.105700
-0.010264 0.010909 0.105800
-0.010273 0.011189 0.105900
-0.010273 0.011459 0.105900
-0.010283 0.011740 0.106000
-0.010283 0.012010 0.106000
-0.010293 0.012292 0.106100
-0.010293 0.012563 0.106100
-0.010293 0.012833 0.106100
-0.010302 0.013116 0.106200
-0.010302 0.013387 0.106200
-0.010312 0.013670 0.106300
-0.010322 0.013954 0.106400
-0.010332 0.014239 0.106500
-0.010341 0.014524 0.106600
-0.010351 0.014810 0.106700
-0.010351 0.015082 0.106700
-0.010361 0.015368 0.106800
-0.010370 0.015655 0.106900
-0.010390 0.015957 0.107100
-0.010409 0.016261 0.107300
-0.010438 0.016580 0.107600
-0.010458 0.016886 0.107800
-0.010467 0.017177 0.107900
-0.010487 0.017484 0.108100
-0.010496 0.017776 0.108200
-0.010526 0.018102 0.108500
-0.011221 -0.009640 0.112700
-0.011201 -0.009336 0.112500
-0.011181 -0.009033 0.112300
-0.011141 -0.008715 0.111900
-0.011102 -0.008400 0.111500
-0.011102 -0.008116 0.111500
-0.010962 -0.007452 0.110100
-0.010922 -0.007146 0.109700
-0.010882 -0.006841 0.109300
-0.010843 -0.006538 0.108900
-0.010833 -0.006255 0.108800
-0.010803 -0.005961 0.108500
-0.010783 -0.005674 0.108300
-0.010763 -0.005388 0.108100
-0.010743 -0.005103 0.107900
-0.010713 -0.004815 0.107600
-0.010693 -0.004532 0.107400
-0.010673 -0.004250 0.107200
-0.010653 -0.003969 0.107000
-0.010634 -0.003690 0.106800
-0.010624 -0.003414 0.106700
-0.010604 -0.003136 0.106500
-0.010594 -0.002862 0.106400
-0.010584 -0.002589 0.106300
-0.010574 -0.002315 0.106200
-0.010564 -0.002043 0.106100
-0.010554 -0.001771 0.106000
-0.010544 -0.001499 0.105900
-0.010534 -0.001228 0.105800
-0.010524 -0.000957 0.105700
-0.010514 -0.000687 0.105600
-0.010504 -0.000418 0.105500
-0.010504 -0.000149 0.105500
-0.010504 0.000120 0.105500
-0.010504 0.000389 0.105500
-0.010494 0.000658 0.105400
-0.010494 0.000926 0.105400
-0.010494 0.001195 0.105400
-0.010494 0.001464 0.105400
-0.010484 0.001731 0.105300
-0.010484 0.001999 0.105300
-0.010484 0.002268 0.105300
-0.010484 0.002536 0.105300
-0.010484 0.002804 0.105300
-0.010484 0.003073 0.105300
-0.010484 0.003341 0.105300
-0.010484 0.003610 0.105300
-0.010484 0.003878 0.105300
-0.010484 0.004147 0.105300
-0.010484 0.004415 0.105300
-0.010484 0.004683 0.105300
-0.010484 0.004952 0.105300
-0.010494 0.005225 0.105400
-0.010494 0.005494 0.105400
-0.010484 0.005757 0.105300
-0.010484 0.006026 0.105300
-0.010484 0.006294 0.105300
-0.010484 0.006563 0.105300
-0.010484 0.006831 0.105300
-0.010484 0.007099 0.105300
-0.010484 0.007368 0.105300
-0.010484 0.007636 0.105300
-0.010484 0.007905 0.105300
-0.010484 0.008173 0.105300
-0.010484 0.008442 0.105300
-0.010484 0.008710 0.105300
-0.010484 0.008978 0.105300
-0.010494 0.009256 0.105400
-0.010494 0.009524 0.105400
-0.010504 0.009802 0.105500
-0.010504 0.010071 0.105500
-0.010504 0.010340 0.105500
-0.010514 0.010619 0.105600
-0.010514 0.010888 0.105600
-0.010524 0.011168 0.105700
-0.010524 0.011438 0.105700
-0.010534 0.011718 0.105800
-0.010544 0.011999 0.105900
-0.010544 0.012269 0.105900
-0.010554 0.012551 0.106000
-0.010554 0.012821 0.106000
-0.010554 0.013091 0.106000
-0.010564 0.013374 0.106100
-0.010574 0.013657 0.106200
-0.010574 0.013928 0.106200
-0.010584 0.014212 0.106300
-0.010594 0.014497 0.106400
-0.010604 0.014782 0.106500
-0.010604 0.015054 0.106500
-0.010614 0.015339 0.106600
-0.010614 0.015611 0.106600
-0.010634 0.015913 0.106800
-0.010653 0.016215 0.107000
-0.010683 0.016534 0.107300
-0.010693 0.016823 0.107400
-0.010703 0.017113 0.107500
-0.010743 0.017452 0.107900
-0.010743 0.017727 0.107900
-0.010763 0.018035 0.108100
-0.011478 -0.009900 0.112400
-0.011478 -0.009614 0.112400
-0.011437 -0.009294 0.112000
-0.011407 -0.008984 0.111700
-0.011407 -0.008700 0.111700
-0.011335 -0.008362 0.111000
-0.011335 -0.008079 0.111000
-0.011213 -0.007432 0.109800
-0.011172 -0.007126 0.109400
-0.011131 -0.006822 0.109000
-0.011100 -0.006526 0.108700
-0.011090 -0.006244 0.108600
-0.011060 -0.005950 0.108300
-0.011039 -0.005664 0.108100
-0.011019 -0.005378 0.107900
-0.010988 -0.005089 0.107600
-0.010968 -0.004806 0.107400
-0.010947 -0.004523 0.107200
-0.010927 -0.004242 0.107000
-0.010906 -0.003962 0.106800
-0.010896 -0.003686 0.106700
-0.010876 -0.003408 0.106500
-0.010866 -0.003133 0.106400
-0.010855 -0.002860 0.106300
-0.010845 -0.002586 0.106200
-0.010835 -0.002313 0.106100
-0.010825 -0.002041 0.106000
-0.010815 -0.001769 0.105900
-0.010794 -0.001496 0.105700
-0.010784 -0.001226 0.105600
-0.010774 -0.000955 0.105500
-0.010763 -0.000686 0.105400
-0.010763 -0.000417 0.105400
-0.010763 -0.000148 0.105400
-0.010753 0.000120 0.105300
-0.010753 0.000389 0.105300
-0.010743 0.000656 0.105200
-0.010743 0.000925 0.105200
-0.010743 0.001193 0.105200
-0.010743 0.001461 0.105200
-0.010743 0.001729 0.105200
-0.010743 0.001997 0.105200
-0.010743 0.002265 0.105200
-0.010753 0.002536 0.105300
-0.010753 0.002804 0.105300
-0.010753 0.003073 0.105300
-0.010753 0.003341 0.105300
-0.010753 0.003610 0.105300
-0.010753 0.003878 0.105300
-0.010753 0.004147 0.105300
-0.010753 0.004415 0.105300
-0.010753 0.004683 0.105300
-0.010753 0.004952 0.105300
-0.010753 0.005220 0.105300
-0.010753 0.005489 0.105300
-0.010743 0.005752 0.105200
-0.010743 0.006020 0.105200
-0.010743 0.006288 0.105200
-0.010743 0.006556 0.105200
-0.010743 0.006824 0.105200
-0.010743 0.007093 0.105200
-0.010743 0.007361 0.105200
-0.010743 0.007629 0.105200
-0.010743 0.007897 0.105200
-0.010743 0.008165 0.105200
-0.010743 0.008434 0.105200
-0.010743 0.008702 0.105200
-0.010743 0.008970 0.105200
-0.010743 0.009238 0.105200
-0.010753 0.009515 0.105300
-0.010753 0.009784 0.105300
-0.010753 0.010052 0.105300
-0.010763 0.010330 0.105400
-0.010763 0.010599 0.105400
-0.010774 0.010878 0.105500
-0.010774 0.011147 0.105500
-0.010784 0.011427 0.105600
-0.010784 0.011696 0.105600
-0.010794 0.011976 0.105700
-0.010794 0.012246 0.105700
-0.010804 0.012527 0.105800
-0.010815 0.012809 0.105900
-0.010815 0.013079 0.105900
-0.010825 0.013362 0.106000
-0.010825 0.013632 0.106000
-0.010835 0.013915 0.106100
-0.010835 0.014186 0.106100
-0.010845 0.014470 0.106200
-0.010855 0.014754 0.106300
-0.010855 0.015025 0.106300
-0.010866 0.015311 0.106400
-0.010876 0.015597 0.106500
-0.010886 0.015883 0.106600
-0.010906 0.016185 0.106800
-0.010927 0.016488 0.107000
-0.010947 0.016792 0.107200
-0.010947 0.017065 0.107200
-0.010968 0.017371 0.107400
-0.010988 0.017678 0.107600
-0.011039 0.018035 0.108100
-0.011734 -0.009874 0.112100
-0.011713 -0.009571 0.111900
-0.011671 -0.009253 0.111500
-0.011640 -0.008944 0.111200
-0.011619 -0.008645 0.111000
-0.011577 -0.008332 0.110600
-0.011546 -0.008028 0.110300
-0.011504 -0.007719 0.109900
-0.011452 -0.007405 0.109400
-0.011420 -0.007107 0.109100
-0.011389 -0.006810 0.108800
-0.011368 -0.006520 0.108600
-0.011347 -0.006232 0.108400
-0.011326 -0.005945 0.108200
-0.011305 -0.005658 0.108000
-0.011274 -0.005368 0.107700
-0.011253 -0.005084 0.107500
-0.011232 -0.004801 0.107300
-0.011200 -0.004515 0.107000
-0.011179 -0.004234 0.106800
-0.011169 -0.003958 0.106700
-0.011158 -0.003683 0.106600
-0.011137 -0.003405 0.106400
-0.011127 -0.003131 0.106300
-0.011117 -0.002857 0.106200
-0.011106 -0.002584 0.106100
-0.011085 -0.002309 0.105900
-0.011075 -0.002037 0.105800
-0.011054 -0.001764 0.105600
-0.011054 -0.001495 0.105600
-0.011033 -0.001223 0.105400
-0.011022 -0.000954 0.105300
-0.011022 -0.000685 0.105300
-0.011033 -0.000417 0.105400
-0.011033 -0.000148 0.105400
-0.011022 0.000120 0.105300
-0.011022 0.000389 0.105300
-0.011012 0.000656 0.105200
-0.011012 0.000925 0.105200
-0.011012 0.001193 0.105200
-0.011012 0.001461 0.105200
-0.011012 0.001729 0.105200
-0.011012 0.001997 0.105200
-0.011012 0.002265 0.105200
-0.011012 0.002534 0.105200
-0.011012 0.002802 0.105200
-0.011012 0.003070 0.105200
-0.011012 0.003338 0.105200
-0.011012 0.003606 0.105200
-0.011012 0.003875 0.105200
-0.011012 0.004143 0.105200
-0.011012 0.004411 0.105200
-0.011012 0.004679 0.105200
-0.011012 0.004947 0.105200
-0.011012 0.005215 0.105200
-0.011012 0.005484 0.105200
-0.011012 0.005752 0.105200
-0.011001 0.006014 0.105100
-0.011001 0.006282 0.105100
-0.011001 0.006550 0.105100
-0.011001 0.006818 0.105100
-0.011001 0.007086 0.105100
-0.011001 0.007354 0.105100
-0.011001 0.007622 0.105100
-0.011001 0.007890 0.105100
-0.011001 0.008158 0.105100
-0.011001 0.008426 0.105100
-0.011001 0.008693 0.105100
-0.011001 0.008961 0.105100
-0.011001 0.009229 0.105100
-0.011001 0.009497 0.105100
-0.011012 0.009774 0.105200
-0.011012 0.010043 0.105200
-0.011012 0.010311 0.105200
-0.011022 0.010589 0.105300
-0.011022 0.010857 0.105300
-0.011033 0.011136 0.105400
-0.011033 0.011405 0.105400
-0.011043 0.011685 0.105500
-0.011043 0.011954 0.105500
-0.011054 0.012234 0.105600
-0.011054 0.012504 0.105600
-0.011064 0.012785 0.105700
-0.011064 0.013054 0.105700
-0.011075 0.013336 0.105800
-0.011085 0.013619 0.105900
-0.011085 0.013889 0.105900
-0.011096 0.014172 0.106000
-0.011106 0.014456 0.106100
-0.011106 0.014727 0.106100
-0.011106 0.014997 0.106100
-0.011117 0.015282 0.106200
-0.011127 0.015567 0.106300
-0.011137 0.015853 0.106400
-0.011148 0.016139 0.106500
-0.011169 0.016442 0.106700
-0.011190 0.016745 0.106900
-0.011200 0.017034 0.107000
-0.011221 0.017339 0.107200
-0.011232 0.017628 0.107300
-0.011253 0.017935 0.107500
-0.011263 0.018226 0.107600
-0.011284 0.018535 0.107800
-0.012074 -0.010205 0.112600
-0.011999 -0.009856 0.111900
-0.011956 -0.009537 0.111500
-0.011913 -0.009219 0.111100
-0.011881 -0.008912 0.110800
-0.011860 -0.008614 0.110600
-0.011817 -0.008302 0.110200
-0.011785 -0.007999 0.109900
-0.011742 -0.007691 0.109500
-0.011699 -0.007385 0.109100
-0.011677 -0.007094 0.108900
-0.011645 -0.006797 0.108600
-0.011624 -0.006508 0.108400
-0.011602 -0.006221 0.108200
-0.011581 -0.005934 0.108000
-0.011549 -0.005643 0.107700
-0.011527 -0.005358 0.107500
-0.011506 -0.005075 0.107300
-0.011484 -0.004792 0.107100
-0.011463 -0.004511 0.106900
-0.011442 -0.004230 0.106700
-0.011431 -0.003955 0.106600
-0.011409 -0.003676 0.106400
-0.011409 -0.003405 0.106400
-0.011399 -0.003131 0.106300
-0.011388 -0.002857 0.106200
-0.011377 -0.002584 0.106100
-0.011356 -0.002309 0.105900
-0.011345 -0.002037 0.105800
-0.011324 -0.001764 0.105600
-0.011324 -0.001495 0.105600
-0.011302 -0.001223 0.105400
-0.011291 -0.000954 0.105300
-0.011281 -0.000685 0.105200
-0.011281 -0.000416 0.105200
-0.011281 -0.000148 0.105200
-0.011270 0.000120 0.105100
-0.011270 0.000388 0.105100
-0.011270 0.000656 0.105100
-0.011259 0.000923 0.105000
-0.011259 0.001190 0.105000
-0.011259 0.001458 0.105000
-0.011259 0.001726 0.105000
-0.011259 0.001993 0.105000
-0.011259 0.002261 0.105000
-0.011259 0.002529 0.105000
-0.011259 0.002796 0.105000
-0.011259 0.003064 0.105000
-0.011270 0.003335 0.105100
-0.011270 0.003603 0.105100
-0.011270 0.003871 0.105100
-0.011270 0.004139 0.105100
-0.011270 0.004407 0.105100
-0.011270 0.004675 0.105100
-0.011270 0.004943 0.105100
-0.011270 0.005210 0.105100
-0.011270 0.005478 0.105100
-0.011270 0.005746 0.105100
-0.011270 0.006014 0.105100
-0.011259 0.006276 0.105000
-0.011259 0.006544 0.105000
-0.011259 0.006811 0.105000
-0.011249 0.007072 0.104900
-0.011249 0.007340 0.104900
-0.011249 0.007607 0.104900
-0.011249 0.007875 0.104900
-0.011249 0.008142 0.104900
-0.011249 0.008409 0.104900
-0.011259 0.008685 0.105000
-0.011259 0.008953 0.105000
-0.011259 0.009220 0.105000
-0.011259 0.009488 0.105000
-0.011270 0.009765 0.105100
-0.011270 0.010033 0.105100
-0.011270 0.010301 0.105100
-0.011270 0.010569 0.105100
-0.011281 0.010847 0.105200
-0.011281 0.011115 0.105200
-0.011291 0.011394 0.105300
-0.011291 0.011663 0.105300
-0.011302 0.011942 0.105400
-0.011302 0.012211 0.105400
-0.011313 0.012492 0.105500
-0.011313 0.012761 0.105500
-0.011324 0.013042 0.105600
-0.011324 0.013311 0.105600
-0.011334 0.013593 0.105700
-0.011334 0.013863 0.105700
-0.011345 0.014145 0.105800
-0.011356 0.014429 0.105900
-0.011366 0.014713 0.106000
-0.011366 0.014983 0.106000
-0.011377 0.015267 0.106100
-0.011388 0.015553 0.106200
-0.011388 0.015823 0.106200
-0.011409 0.016124 0.106400
-0.011420 0.016411 0.106500
-0.011431 0.016698 0.106600
-0.011452 0.017002 0.106800
-0.011463 0.017290 0.106900
-0.011484 0.017596 0.107100
-0.011495 0.017885 0.107200
-0.011506 0.018175 0.107300
-0.011527 0.018483 0.107500
-0.012362 -0.010492 0.112600
-0.012362 -0.010205 0.112600
-0.012263 -0.009839 0.111700
-0.012208 -0.009511 0.111200
-0.012164 -0.009195 0.110800
-0.012120 -0.008880 0.110400
-0.012098 -0.008583 0.110200
-0.012065 -0.008279 0.109900
-0.012033 -0.007977 0.109600
-0.012000 -0.007677 0.109300
-0.011978 -0.007385 0.109100
-0.011934 -0.007081 0.108700
-0.011912 -0.006791 0.108500
-0.011879 -0.006496 0.108200
-0.011879 -0.006221 0.108200
-0.011857 -0.005934 0.108000
-0.011824 -0.005643 0.107700
-0.011802 -0.005358 0.107500
-0.011780 -0.005075 0.107300
-0.011758 -0.004792 0.107100
-0.011736 -0.004511 0.106900
-0.011714 -0.004230 0.106700
-0.011703 -0.003955 0.106600
-0.011681 -0.003676 0.106400
-0.011670 -0.003401 0.106300
-0.011659 -0.003128 0.106200
-0.011648 -0.002854 0.106100
-0.011626 -0.002579 0.105900
-0.011604 -0.002304 0.105700
-0.011593 -0.002033 0.105600
-0.011582 -0.001762 0.105500
-0.011571 -0.001492 0.105400
-0.011560 -0.001222 0.105300
-0.011539 -0.000952 0.105100
-0.011539 -0.000684 0.105100
-0.011528 -0.000416 0.105000
-0.011528 -0.000148 0.105000
-0.011517 0.000120 0.104900
-0.011517 0.000387 0.104900
-0.011517 0.000655 0.104900
-0.011506 0.000921 0.104800
-0.011506 0.001188 0.104800
-0.011506 0.001455 0.104800
-0.011506 0.001723 0.104800
-0.011506 0.001990 0.104800
-0.011506 0.002257 0.104800
-0.011506 0.002524 0.104800
-0.011517 0.002794 0.104900
-0.011517 0.003061 0.104900
-0.011517 0.003329 0.104900
-0.011517 0.003596 0.104900
-0.011528 0.003867 0.105000
-0.011528 0.004135 0.105000
-0.011528 0.004402 0.105000
-0.011539 0.004675 0.105100
-0.011539 0.004943 0.105100
-0.011539 0.005210 0.105100
-0.011528 0.005473 0.105000
-0.011528 0.005741 0.105000
-0.011528 0.006008 0.105000
-0.011517 0.006270 0.104900
-0.011517 0.006538 0.104900
-0.011506 0.006799 0.104800
-0.011506 0.007066 0.104800
-0.011506 0.007333 0.104800
-0.011506 0.007600 0.104800
-0.011506 0.007867 0.104800
-0.011506 0.008134 0.104800
-0.011506 0.008401 0.104800
-0.011506 0.008669 0.104800
-0.011506 0.008936 0.104800
-0.011517 0.009212 0.104900
-0.011517 0.009479 0.104900
-0.011517 0.009747 0.104900
-0.011517 0.010014 0.104900
-0.011528 0.010291 0.105000
-0.011528 0.010559 0.105000
-0.011539 0.010837 0.105100
-0.011539 0.011105 0.105100
-0.011539 0.011373 0.105100
-0.011549 0.011652 0.105200
-0.011549 0.011920 0.105200
-0.011560 0.012200 0.105300
-0.011560 0.012468 0.105300
-0.011571 0.012749 0.105400
-0.011571 0.013017 0.105400
-0.011582 0.013299 0.105500
-0.011582 0.013567 0.105500
-0.011593 0.013850 0.105600
-0.011604 0.014132 0.105700
-0.011615 0.014415 0.105800
-0.011626 0.014699 0.105900
-0.011626 0.014969 0.105900
-0.011626 0.015239 0.105900
-0.011637 0.015523 0.106000
-0.011648 0.015808 0.106100
-0.011659 0.016094 0.106200
-0.011670 0.016380 0.106300
-0.011681 0.016667 0.106400
-0.011703 0.016970 0.106600
-0.011725 0.017274 0.106800
-0.011736 0.017563 0.106900
-0.011747 0.017852 0.107000
-0.011758 0.018142 0.107100
-0.011791 0.018466 0.107400
-0.011802 0.018757 0.107500
-0.012627 -0.010473 0.112400
-0.012582 -0.010151 0.112000
-0.012537 -0.009830 0.111600
-0.012470 -0.009494 0.111000
-0.012447 -0.009195 0.110800
-0.012402 -0.008880 0.110400
-0.012380 -0.008583 0.110200
-0.012346 -0.008279 0.109900
-0.012313 -0.007977 0.109600
-0.012279 -0.007677 0.109300
-0.012256 -0.007385 0.109100
-0.012211 -0.007081 0.108700
-0.012189 -0.006791 0.108500
-0.012155 -0.006496 0.108200
-0.012133 -0.006209 0.108000
-0.012110 -0.005923 0.107800
-0.012088 -0.005637 0.107600
-0.012065 -0.005353 0.107400
-0.012032 -0.005065 0.107100
-0.012009 -0.004783 0.106900
-0.011987 -0.004502 0.106700
-0.011964 -0.004222 0.106500
-0.011953 -0.003947 0.106400
-0.011942 -0.003672 0.106300
-0.011919 -0.003395 0.106100
-0.011908 -0.003122 0.106000
-0.011897 -0.002849 0.105900
-0.011874 -0.002574 0.105700
-0.011863 -0.002302 0.105600
-0.011852 -0.002031 0.105500
-0.011830 -0.001759 0.105300
-0.011818 -0.001489 0.105200
-0.011807 -0.001220 0.105100
-0.011796 -0.000951 0.105000
-0.011785 -0.000683 0.104900
-0.011773 -0.000415 0.104800
-0.011773 -0.000148 0.104800
-0.011773 0.000120 0.104800
-0.011762 0.000386 0.104700
-0.011762 0.000653 0.104700
-0.011762 0.000920 0.104700
-0.011762 0.001187 0.104700
-0.011762 0.001454 0.104700
-0.011762 0.001721 0.104700
-0.011762 0.001988 0.104700
-0.011762 0.002255 0.104700
-0.011762 0.002522 0.104700
-0.011762 0.002788 0.104700
-0.011762 0.003055 0.104700
-0.011773 0.003325 0.104800
-0.011773 0.003593 0.104800
-0.011785 0.003863 0.104900
-0.011785 0.004131 0.104900
-0.011785 0.004398 0.104900
-0.011796 0.004670 0.105000
-0.011796 0.004938 0.105000
-0.011796 0.005205 0.105000
-0.011785 0.005468 0.104900
-0.011785 0.005735 0.104900
-0.011773 0.005997 0.104800
-0.011773 0.006264 0.104800
-0.011762 0.006525 0.104700
-0.011762 0.006792 0.104700
-0.011751 0.007052 0.104600
-0.011751 0.007319 0.104600
-0.011751 0.007585 0.104600
-0.011751 0.007852 0.104600
-0.011751 0.008119 0.104600
-0.011751 0.008385 0.104600
-0.011751 0.008652 0.104600
-0.011762 0.008927 0.104700
-0.011762 0.009194 0.104700
-0.011762 0.009461 0.104700
-0.011762 0.009728 0.104700
-0.011773 0.010004 0.104800
-0.011773 0.010272 0.104800
-0.011785 0.010549 0.104900
-0.011785 0.010816 0.104900
-0.011796 0.011094 0.105000
-0.011796 0.011362 0.105000
-0.011807 0.011641 0.105100
-0.011807 0.011908 0.105100
-0.011807 0.012176 0.105100
-0.011818 0.012456 0.105200
-0.011818 0.012724 0.105200
-0.011830 0.013005 0.105300
-0.011841 0.013286 0.105400
-0.011841 0.013555 0.105400
-0.011852 0.013836 0.105500
-0.011863 0.014119 0.105600
-0.011863 0.014388 0.105600
-0.011874 0.014671 0.105700
-0.011874 0.014940 0.105700
-0.011886 0.015224 0.105800
-0.011897 0.015509 0.105900
-0.011908 0.015794 0.106000
-0.011919 0.016079 0.106100
-0.011931 0.016365 0.106200
-0.011953 0.016667 0.106400
-0.011964 0.016954 0.106500
-0.011987 0.017258 0.106700
-0.011998 0.017546 0.106800
-0.012021 0.017852 0.107000
-0.012032 0.018142 0.107100
-0.012054 0.018449 0.107300
-0.012077 0.018757 0.107500
-0.012914 -0.010473 0.112400
-0.012868 -0.010151 0.112000
-0.012822 -0.009830 0.111600
-0.012753 -0.009494 0.111000
-0.012708 -0.009178 0.110600
-0.012662 -0.008864 0.110200
-0.012639 -0.008567 0.110000
-0.012604 -0.008264 0.109700
-0.012558 -0.007956 0.109300
-0.012535 -0.007663 0.109100
-0.012512 -0.007371 0.108900
-0.012478 -0.007074 0.108600
-0.012443 -0.006778 0.108300
-0.012432 -0.006496 0.108200
-0.012397 -0.006203 0.107900
-0.012363 -0.005912 0.107600
-0.012340 -0.005627 0.107400
-0.012317 -0.005343 0.107200
-0.012294 -0.005060 0.107000
-0.012271 -0.004779 0.106800
-0.012248 -0.004498 0.106600
-0.012225 -0.004218 0.106400
-0.012213 -0.003943 0.106300
-0.012190 -0.003666 0.106100
-0.012179 -0.003392 0.106000
-0.012168 -0.003119 0.105900
-0.012145 -0.002843 0.105700
-0.012133 -0.002571 0.105600
-0.012110 -0.002298 0.105400
-0.012099 -0.002027 0.105300
-0.012076 -0.001756 0.105100
-0.012076 -0.001488 0.105100
-0.012053 -0.001217 0.104900
-0.012041 -0.000949 0.104800
-0.012030 -0.000681 0.104700
-0.012018 -0.000414 0.104600
-0.012018 -0.000147 0.104600
-0.012018 0.000119 0.104600
-0.012018 0.000386 0.104600
-0.012007 0.000652 0.104500
-0.012007 0.000918 0.104500
-0.012007 0.001185 0.104500
-0.012007 0.001451 0.104500
-0.012007 0.001718 0.104500
-0.012007 0.001984 0.104500
-0.012007 0.002250 0.104500
-0.012007 0.002517 0.104500
-0.012018 0.002786 0.104600
-0.012018 0.003052 0.104600
-0.012018 0.003319 0.104600
-0.012030 0.003589 0.104700
-0.012030 0.003856 0.104700
-0.012041 0.004127 0.104800
-0.012041 0.004394 0.104800
-0.012053 0.004666 0.104900
-0.012053 0.004933 0.104900
-0.012053 0.005201 0.104900
-0.012041 0.005463 0.104800
-0.012041 0.005730 0.104800
-0.012030 0.005991 0.104700
-0.012018 0.006252 0.104600
-0.012007 0.006513 0.104500
-0.012007 0.006779 0.104500
-0.011995 0.007039 0.104400
-0.011995 0.007305 0.104400
-0.011995 0.007571 0.104400
-0.011995 0.007837 0.104400
-0.011995 0.008103 0.104400
-0.011995 0.008369 0.104400
-0.012007 0.008644 0.104500
-0.012007 0.008910 0.104500
-0.012007 0.009177 0.104500
-0.012007 0.009443 0.104500
-0.012018 0.009719 0.104600
-0.012018 0.009985 0.104600
-0.012030 0.010262 0.104700
-0.012030 0.010529 0.104700
-0.012041 0.010806 0.104800
-0.012041 0.011073 0.104800
-0.012041 0.011340 0.104800
-0.012053 0.011618 0.104900
-0.012064 0.011897 0.105000
-0.012076 0.012176 0.105100
-0.012076 0.012444 0.105100
-0.012076 0.012712 0.105100
-0.012087 0.012993 0.105200
-0.012099 0.013273 0.105300
-0.012099 0.013542 0.105300
-0.012110 0.013823 0.105400
-0.012110 0.014092 0.105400
-0.012122 0.014374 0.105500
-0.012133 0.014657 0.105600
-0.012133 0.014926 0.105600
-0.012145 0.015210 0.105700
-0.012156 0.015494 0.105800
-0.012168 0.015779 0.105900
-0.012190 0.016079 0.106100
-0.012202 0.016365 0.106200
-0.012213 0.016651 0.106300
-0.012236 0.016954 0.106500
-0.012259 0.017258 0.106700
-0.012271 0.017546 0.106800
-0.012294 0.017852 0.107000
-0.012305 0.018142 0.107100
-0.012328 0.018449 0.107300
-0.012351 0.018757 0.107500
-0.012363 0.019049 0.107600
-0.012374 0.019341 0.107700
-0.012397 0.019652 0.107900
-0.013249 -0.010798 0.112800
-0.013202 -0.010473 0.112400
-0.013155 -0.010151 0.112000
-0.013096 -0.009821 0.111500
-0.013037 -0.009494 0.111000
-0.012978 -0.009170 0.110500
-0.012931 -0.008856 0.110100
-0.012908 -0.008560 0.109900
-0.012884 -0.008264 0.109700
-0.012837 -0.007956 0.109300
-0.012814 -0.007663 0.109100
-0.012767 -0.007358 0.108700
-0.012743 -0.007068 0.108500
-0.012720 -0.006778 0.108300
-0.012685 -0.006484 0.108000
-0.012650 -0.006192 0.107700
-0.012626 -0.005906 0.107500
-0.012591 -0.005616 0.107200
-0.012567 -0.005333 0.107000
-0.012544 -0.005051 0.106800
-0.012520 -0.004770 0.106600
-0.012497 -0.004490 0.106400
-0.012473 -0.004210 0.106200
-0.012462 -0.003936 0.106100
-0.012450 -0.003662 0.106000
-0.012438 -0.003389 0.105900
-0.012415 -0.003113 0.105700
-0.012403 -0.002841 0.105600
-0.012379 -0.002567 0.105400
-0.012368 -0.002296 0.105300
-0.012344 -0.002023 0.105100
-0.012332 -0.001754 0.105000
-0.012321 -0.001485 0.104900
-0.012297 -0.001215 0.104700
-0.012285 -0.000947 0.104600
-0.012274 -0.000680 0.104500
-0.012274 -0.000414 0.104500
-0.012274 -0.000147 0.104500
-0.012262 0.000119 0.104400
-0.012262 0.000385 0.104400
-0.012262 0.000651 0.104400
-0.012262 0.000918 0.104400
-0.012250 0.001183 0.104300
-0.012250 0.001448 0.104300
-0.012262 0.001716 0.104400
-0.012262 0.001982 0.104400
-0.012262 0.002248 0.104400
-0.012262 0.002514 0.104400
-0.012262 0.002780 0.104400
-0.012274 0.003050 0.104500
-0.012274 0.003316 0.104500
-0.012274 0.003582 0.104500
-0.012285 0.003852 0.104600
-0.012297 0.004123 0.104700
-0.012297 0.004390 0.104700
-0.012309 0.004661 0.104800
-0.012309 0.004928 0.104800
-0.012309 0.005196 0.104800
-0.012297 0.005458 0.104700
-0.012285 0.005719 0.104600
-0.012274 0.005980 0.104500
-0.012262 0.006240 0.104400
-0.012262 0.006506 0.104400
-0.012250 0.006766 0.104300
-0.012250 0.007032 0.104300
-0.012250 0.007298 0.104300
-0.012238 0.007556 0.104200
-0.012238 0.007822 0.104200
-0.012238 0.008088 0.104200
-0.012238 0.008353 0.104200
-0.012250 0.008627 0.104300
-0.012250 0.008893 0.104300
-0.012250 0.009159 0.104300
-0.012262 0.009434 0.104400
-0.012262 0.009700 0.104400
-0.012262 0.009966 0.104400
-0.012274 0.010242 0.104500
-0.012274 0.010509 0.104500
-0.012285 0.010785 0.104600
-0.012297 0.011062 0.104700
-0.012297 0.011329 0.104700
-0.012309 0.011607 0.104800
-0.012309 0.011875 0.104800
-0.012321 0.012153 0.104900
-0.012332 0.012433 0.105000
-0.012344 0.012712 0.105100
-0.012344 0.012980 0.105100
-0.012344 0.013248 0.105100
-0.012356 0.013529 0.105200
-0.012368 0.013810 0.105300
-0.012368 0.014079 0.105300
-0.012379 0.014361 0.105400
-0.012391 0.014643 0.105500
-0.012391 0.014912 0.105500
-0.012403 0.015196 0.105600
-0.012415 0.015479 0.105700
-0.012438 0.015779 0.105900
-0.012450 0.016064 0.106000
-0.012473 0.016365 0.106200
-0.012485 0.016651 0.106300
-0.012509 0.016954 0.106500
-0.012532 0.017258 0.106700
-0.012544 0.017546 0.106800
-0.012567 0.017852 0.107000
-0.012579 0.018142 0.107100
-0.012603 0.018449 0.107300
-0.012626 0.018757 0.107500
-0.012638 0.019049 0.107600
-0.012650 0.019341 0.107700
-0.012673 0.019652 0.107900
-0.013537 -0.010798 0.112800
-0.013489 -0.010473 0.112400
-0.013441 -0.010151 0.112000
-0.013381 -0.009821 0.111500
-0.013321 -0.009494 0.111000
-0.013261 -0.009170 0.110500
-0.013213 -0.008856 0.110100
-0.013189 -0.008560 0.109900
-0.013153 -0.008257 0.109600
-0.013105 -0.007948 0.109200
-0.013081 -0.007656 0.109000
-0.013045 -0.007358 0.108700
-0.013021 -0.007068 0.108500
-0.012985 -0.006772 0.108200
-0.012949 -0.006478 0.107900
-0.012913 -0.006186 0.107600
-0.012877 -0.005895 0.107300
-0.012853 -0.005611 0.107100
-0.012829 -0.005328 0.106900
-0.012805 -0.005046 0.106700
-0.012781 -0.004765 0.106500
-0.012757 -0.004485 0.106300
-0.012733 -0.004207 0.106100
-0.012721 -0.003932 0.106000
-0.012709 -0.003659 0.105900
-0.012685 -0.003382 0.105700
-0.012673 -0.003110 0.105600
-0.012649 -0.002835 0.105400
-0.012637 -0.002564 0.105300
-0.012613 -0.002291 0.105100
-0.012601 -0.002022 0.105000
-0.012577 -0.001751 0.104800
-0.012565 -0.001482 0.104700
-0.012553 -0.001214 0.104600
-0.012541 -0.000946 0.104500
-0.012529 -0.000679 0.104400
-0.012517 -0.000413 0.104300
-0.012517 -0.000147 0.104300
-0.012517 0.000119 0.104300
-0.012505 0.000385 0.104200
-0.012505 0.000650 0.104200
-0.012505 0.000916 0.104200
-0.012505 0.001181 0.104200
-0.012505 0.001447 0.104200
-0.012505 0.001713 0.104200
-0.012505 0.001978 0.104200
-0.012517 0.002246 0.104300
-0.012517 0.002512 0.104300
-0.012517 0.002778 0.104300
-0.012517 0.003044 0.104300
-0.012529 0.003313 0.104400
-0.012541 0.003582 0.104500
-0.012541 0.003849 0.104500
-0.012553 0.004119 0.104600
-0.012565 0.004390 0.104700
-0.012565 0.004657 0.104700
-0.012565 0.004924 0.104700
-0.012553 0.005186 0.104600
-0.012553 0.005452 0.104600
-0.012541 0.005713 0.104500
-0.012529 0.005974 0.104400
-0.012517 0.006234 0.104300
-0.012505 0.006494 0.104200
-0.012493 0.006753 0.104100
-0.012493 0.007018 0.104100
-0.012493 0.007284 0.104100
-0.012493 0.007549 0.104100
-0.012493 0.007815 0.104100
-0.012493 0.008080 0.104100
-0.012493 0.008345 0.104100
-0.012493 0.008611 0.104100
-0.012493 0.008876 0.104100
-0.012505 0.009150 0.104200
-0.012505 0.009416 0.104200
-0.012505 0.009681 0.104200
-0.012517 0.009957 0.104300
-0.012517 0.010223 0.104300
-0.012529 0.010498 0.104400
-0.012541 0.010775 0.104500
-0.012541 0.011041 0.104500
-0.012553 0.011319 0.104600
-0.012553 0.011585 0.104600
-0.012565 0.011863 0.104700
-0.012577 0.012142 0.104800
-0.012589 0.012421 0.104900
-0.012589 0.012688 0.104900
-0.012601 0.012968 0.105000
-0.012613 0.013248 0.105100
-0.012613 0.013516 0.105100
-0.012625 0.013797 0.105200
-0.012637 0.014079 0.105300
-0.012637 0.014347 0.105300
-0.012661 0.014643 0.105500
-0.012661 0.014912 0.105500
-0.012673 0.015196 0.105600
-0.012685 0.015479 0.105700
-0.012709 0.015779 0.105900
-0.012721 0.016064 0.106000
-0.012745 0.016365 0.106200
-0.012757 0.016651 0.106300
-0.012781 0.016954 0.106500
-0.012805 0.017258 0.106700
-0.012817 0.017546 0.106800
-0.012841 0.017852 0.107000
-0.012853 0.018142 0.107100
-0.012877 0.018449 0.107300
-0.012901 0.018757 0.107500
-0.012913 0.019049 0.107600
-0.012925 0.019341 0.107700
-0.012949 0.019652 0.107900
-0.013825 -0.010798 0.112800
-0.013776 -0.010473 0.112400
-0.013727 -0.010151 0.112000
-0.013666 -0.009821 0.111500
-0.013592 -0.009486 0.110900
-0.013543 -0.009170 0.110500
-0.013494 -0.008856 0.110100
-0.013470 -0.008560 0.109900
-0.013433 -0.008257 0.109600
-0.013384 -0.007948 0.109200
-0.013347 -0.007649 0.108900
-0.013322 -0.007358 0.108700
-0.013286 -0.007061 0.108400
-0.013249 -0.006766 0.108100
-0.013224 -0.006478 0.107900
-0.013175 -0.006180 0.107500
-0.013139 -0.005890 0.107200
-0.013114 -0.005606 0.107000
-0.013090 -0.005323 0.106800
-0.013053 -0.005037 0.106500
-0.013028 -0.004756 0.106300
-0.013016 -0.004481 0.106200
-0.012992 -0.004203 0.106000
-0.012979 -0.003929 0.105900
-0.012955 -0.003652 0.105700
-0.012943 -0.003379 0.105600
-0.012918 -0.003104 0.105400
-0.012906 -0.002833 0.105300
-0.012881 -0.002559 0.105100
-0.012869 -0.002289 0.105000
-0.012844 -0.002018 0.104800
-0.012832 -0.001749 0.104700
-0.012808 -0.001479 0.104500
-0.012795 -0.001212 0.104400
-0.012783 -0.000945 0.104300
-0.012771 -0.000678 0.104200
-0.012771 -0.000412 0.104200
-0.012771 -0.000147 0.104200
-0.012759 0.000119 0.104100
-0.012759 0.000384 0.104100
-0.012759 0.000650 0.104100
-0.012759 0.000915 0.104100
-0.012759 0.001180 0.104100
-0.012759 0.001446 0.104100
-0.012759 0.001711 0.104100
-0.012759 0.001976 0.104100
-0.012771 0.002244 0.104200
-0.012771 0.002510 0.104200
-0.012771 0.002775 0.104200
-0.012783 0.003044 0.104300
-0.012783 0.003310 0.104300
-0.012795 0.003579 0.104400
-0.012808 0.003849 0.104500
-0.012808 0.004115 0.104500
-0.012820 0.004386 0.104600
-0.012820 0.004652 0.104600
-0.012820 0.004919 0.104600
-0.012808 0.005181 0.104500
-0.012795 0.005442 0.104400
-0.012783 0.005703 0.104300
-0.012771 0.005963 0.104200
-0.012759 0.006222 0.104100
-0.012746 0.006481 0.104000
-0.012734 0.006740 0.103900
-0.012734 0.007005 0.103900
-0.012734 0.007270 0.103900
-0.012734 0.007535 0.103900
-0.012734 0.007800 0.103900
-0.012734 0.008064 0.103900
-0.012734 0.008329 0.103900
-0.012734 0.008594 0.103900
-0.012734 0.008859 0.103900
-0.012746 0.009133 0.104000
-0.012746 0.009398 0.104000
-0.012759 0.009672 0.104100
-0.012759 0.009938 0.104100
-0.012771 0.010213 0.104200
-0.012783 0.010488 0.104300
-0.012783 0.010754 0.104300
-0.012795 0.011031 0.104400
-0.012808 0.011308 0.104500
-0.012808 0.011574 0.104500
-0.012820 0.011852 0.104600
-0.012832 0.012130 0.104700
-0.012844 0.012409 0.104800
-0.012857 0.012688 0.104900
-0.012857 0.012955 0.104900
-0.012869 0.013236 0.105000
-0.012881 0.013516 0.105100
-0.012881 0.013784 0.105100
-0.012894 0.014065 0.105200
-0.012906 0.014347 0.105300
-0.012918 0.014629 0.105400
-0.012918 0.014898 0.105400
-0.012930 0.015181 0.105500
-0.012943 0.015465 0.105600
-0.012967 0.015764 0.105800
-0.012992 0.016064 0.106000
-0.013004 0.016349 0.106100
-0.013028 0.016651 0.106300
-0.013053 0.016954 0.106500
-0.013077 0.017258 0.106700
-0.013102 0.017563 0.106900
-0.013114 0.017852 0.107000
-0.013139 0.018159 0.107200
-0.013151 0.018449 0.107300
-0.013175 0.018757 0.107500
-0.013188 0.019049 0.107600
-0.013188 0.019323 0.107600
-0.013212 0.019634 0.107800
-0.014113 -0.010798 0.112800
-0.014063 -0.010473 0.112400
-0.014013 -0.010151 0.112000
-0.013951 -0.009821 0.111500
-0.013875 -0.009486 0.110900
-0.013825 -0.009170 0.110500
-0.013788 -0.008864 0.110200
-0.013750 -0.008560 0.109900
-0.013713 -0.008257 0.109600
-0.013663 -0.007948 0.109200
-0.013625 -0.007649 0.108900
-0.013588 -0.007351 0.108600
-0.013563 -0.007061 0.108400
-0.013525 -0.006766 0.108100
-0.013475 -0.006466 0.107700
-0.013438 -0.006175 0.107400
-0.013400 -0.005884 0.107100
-0.013375 -0.005601 0.106900
-0.013350 -0.005318 0.106700
-0.013325 -0.005037 0.106500
-0.013300 -0.004756 0.106300
-0.013275 -0.004477 0.106100
-0.013250 -0.004199 0.105900
-0.013237 -0.003925 0.105800
-0.013212 -0.003648 0.105600
-0.013200 -0.003376 0.105500
-0.013175 -0.003101 0.105300
-0.013162 -0.002830 0.105200
-0.013137 -0.002557 0.105000
-0.013125 -0.002287 0.104900
-0.013100 -0.002016 0.104700
-0.013075 -0.001746 0.104500
-0.013062 -0.001478 0.104400
-0.013050 -0.001210 0.104300
-0.013037 -0.000944 0.104200
-0.013025 -0.000677 0.104100
-0.013012 -0.000412 0.104000
-0.013012 -0.000146 0.104000
-0.013012 0.000119 0.104000
-0.013012 0.000384 0.104000
-0.013012 0.000649 0.104000
-0.013012 0.000914 0.104000
-0.013012 0.001179 0.104000
-0.013012 0.001444 0.104000
-0.013012 0.001709 0.104000
-0.013025 0.001976 0.104100
-0.013025 0.002242 0.104100
-0.013025 0.002507 0.104100
-0.013025 0.002772 0.104100
-0.013037 0.003041 0.104200
-0.013050 0.003310 0.104300
-0.013050 0.003575 0.104300
-0.013062 0.003845 0.104400
-0.013062 0.004111 0.104400
-0.013075 0.004382 0.104500
-0.013075 0.004648 0.104500
-0.013062 0.004910 0.104400
-0.013062 0.005176 0.104400
-0.013050 0.005437 0.104300
-0.013037 0.005697 0.104200
-0.013012 0.005951 0.104000
-0.013000 0.006210 0.103900
-0.012987 0.006469 0.103800
-0.012975 0.006727 0.103700
-0.012975 0.006992 0.103700
-0.012975 0.007256 0.103700
-0.012975 0.007520 0.103700
-0.012975 0.007785 0.103700
-0.012975 0.008049 0.103700
-0.012975 0.008313 0.103700
-0.012987 0.008586 0.103800
-0.012987 0.008851 0.103800
-0.013000 0.009124 0.103900
-0.013000 0.009389 0.103900
-0.013000 0.009654 0.103900
-0.013012 0.009928 0.104000
-0.013025 0.010203 0.104100
-0.013025 0.010468 0.104100
-0.013037 0.010744 0.104200
-0.013050 0.011020 0.104300
-0.013062 0.011297 0.104400
-0.013062 0.011563 0.104400
-0.013075 0.011841 0.104500
-0.013087 0.012118 0.104600
-0.013100 0.012397 0.104700
-0.013112 0.012676 0.104800
-0.013125 0.012955 0.104900
-0.013125 0.013223 0.104900
-0.013137 0.013503 0.105000
-0.013150 0.013784 0.105100
-0.013150 0.014052 0.105100
-0.013162 0.014333 0.105200
-0.013175 0.014615 0.105300
-0.013175 0.014884 0.105300
-0.013200 0.015181 0.105500
-0.013212 0.015465 0.105600
-0.013225 0.015749 0.105700
-0.013262 0.016064 0.106000
-0.013275 0.016349 0.106100
-0.013300 0.016651 0.106300
-0.013325 0.016954 0.106500
-0.013350 0.017258 0.106700
-0.013375 0.017563 0.106900
-0.013388 0.017852 0.107000
-0.013413 0.018159 0.107200
-0.013438 0.018466 0.107400
-0.013450 0.018757 0.107500
-0.013463 0.019049 0.107600
-0.013463 0.019323 0.107600
-0.013488 0.019634 0.107800
-0.014440 -0.011115 0.113100
-0.014401 -0.010798 0.112800
-0.014350 -0.010473 0.112400
-0.014299 -0.010151 0.112000
-0.014235 -0.009821 0.111500
-0.014172 -0.009494 0.111000
-0.014108 -0.009170 0.110500
-0.014069 -0.008864 0.110200
-0.014031 -0.008560 0.109900
-0.013993 -0.008257 0.109600
-0.013942 -0.007948 0.109200
-0.013903 -0.007649 0.108900
-0.013865 -0.007351 0.108600
-0.013840 -0.007061 0.108400
-0.013801 -0.006766 0.108100
-0.013750 -0.006466 0.107700
-0.013712 -0.006175 0.107400
-0.013674 -0.005884 0.107100
-0.013635 -0.005596 0.106800
-0.013610 -0.005313 0.106600
-0.013584 -0.005032 0.106400
-0.013559 -0.004752 0.106200
-0.013533 -0.004473 0.106000
-0.013520 -0.004199 0.105900
-0.013495 -0.003921 0.105700
-0.013469 -0.003645 0.105500
-0.013457 -0.003373 0.105400
-0.013431 -0.003098 0.105200
-0.013418 -0.002827 0.105100
-0.013393 -0.002554 0.104900
-0.013367 -0.002283 0.104700
-0.013355 -0.002014 0.104600
-0.013329 -0.001744 0.104400
-0.013316 -0.001476 0.104300
-0.013303 -0.001209 0.104200
-0.013291 -0.000943 0.104100
-0.013278 -0.000677 0.104000
-0.013265 -0.000411 0.103900
-0.013265 -0.000146 0.103900
-0.013265 0.000119 0.103900
-0.013265 0.000383 0.103900
-0.013265 0.000648 0.103900
-0.013265 0.000913 0.103900
-0.013265 0.001178 0.103900
-0.013265 0.001443 0.103900
-0.013265 0.001708 0.103900
-0.013278 0.001974 0.104000
-0.013278 0.002240 0.104000
-0.013291 0.002507 0.104100
-0.013291 0.002772 0.104100
-0.013291 0.003038 0.104100
-0.013303 0.003306 0.104200
-0.013316 0.003575 0.104300
-0.013316 0.003841 0.104300
-0.013329 0.004111 0.104400
-0.013329 0.004377 0.104400
-0.013316 0.004639 0.104300
-0.013316 0.004905 0.104300
-0.013303 0.005166 0.104200
-0.013291 0.005426 0.104100
-0.013278 0.005686 0.104000
-0.013265 0.005946 0.103900
-0.013252 0.006204 0.103800
-0.013240 0.006463 0.103700
-0.013227 0.006721 0.103600
-0.013227 0.006985 0.103600
-0.013214 0.007242 0.103500
-0.013214 0.007506 0.103500
-0.013214 0.007770 0.103500
-0.013227 0.008041 0.103600
-0.013227 0.008305 0.103600
-0.013227 0.008569 0.103600
-0.013240 0.008842 0.103700
-0.013240 0.009106 0.103700
-0.013252 0.009380 0.103800
-0.013252 0.009644 0.103800
-0.013265 0.009918 0.103900
-0.013265 0.010183 0.103900
-0.013278 0.010458 0.104000
-0.013291 0.010734 0.104100
-0.013303 0.011010 0.104200
-0.013316 0.011286 0.104300
-0.013329 0.011563 0.104400
-0.013329 0.011829 0.104400
-0.013342 0.012107 0.104500
-0.013355 0.012385 0.104600
-0.013367 0.012664 0.104700
-0.013380 0.012943 0.104800
-0.013393 0.013223 0.104900
-0.013393 0.013490 0.104900
-0.013406 0.013771 0.105000
-0.013418 0.014052 0.105100
-0.013431 0.014333 0.105200
-0.013444 0.014615 0.105300
-0.013444 0.014884 0.105300
-0.013457 0.015167 0.105400
-0.013482 0.015465 0.105600
-0.013495 0.015749 0.105700
-0.013533 0.016064 0.106000
-0.013546 0.016349 0.106100
-0.013572 0.016651 0.106300
-0.013597 0.016954 0.106500
-0.013623 0.017258 0.106700
-0.013648 0.017563 0.106900
-0.013674 0.017869 0.107100
-0.013686 0.018159 0.107200
-0.013712 0.018466 0.107400
-0.013725 0.018757 0.107500
-0.013738 0.019049 0.107600
-0.013750 0.019341 0.107700
-0.013763 0.019634 0.107800
-0.013776 0.019927 0.107900
-0.014703 -0.011096 0.112900
-0.014677 -0.010789 0.112700
-0.014625 -0.010464 0.112300
-0.014572 -0.010142 0.111900
-0.014507 -0.009812 0.111400
-0.014442 -0.009486 0.110900
-0.014390 -0.009170 0.110500
-0.014351 -0.008864 0.110200
-0.014312 -0.008560 0.109900
-0.014273 -0.008257 0.109600
-0.014221 -0.007948 0.109200
-0.014182 -0.007649 0.108900
-0.014143 -0.007351 0.108600
-0.014104 -0.007055 0.108300
-0.014065 -0.006760 0.108000
-0.014012 -0.006460 0.107600
-0.013973 -0.006169 0.107300
-0.013934 -0.005879 0.107000
-0.013908 -0.005596 0.106800
-0.013869 -0.005308 0.106500
-0.013843 -0.005027 0.106300
-0.013817 -0.004747 0.106100
-0.013804 -0.004473 0.106000
-0.013778 -0.004195 0.105800
-0.013752 -0.003917 0.105600
-0.013726 -0.003641 0.105400
-0.013713 -0.003369 0.105300
-0.013687 -0.003095 0.105100
-0.013674 -0.002825 0.105000
-0.013648 -0.002552 0.104800
-0.013622 -0.002280 0.104600
-0.013609 -0.002012 0.104500
-0.013583 -0.001742 0.104300
-0.013570 -0.001475 0.104200
-0.013557 -0.001208 0.104100
-0.013544 -0.000942 0.104000
-0.013531 -0.000676 0.103900
-0.013531 -0.000411 0.103900
-0.013531 -0.000146 0.103900
-0.013518 0.000118 0.103800
-0.013518 0.000383 0.103800
-0.013518 0.000648 0.103800
-0.013518 0.000912 0.103800
-0.013518 0.001177 0.103800
-0.013518 0.001441 0.103800
-0.013531 0.001708 0.103900
-0.013531 0.001973 0.103900
-0.013531 0.002237 0.103900
-0.013544 0.002505 0.104000
-0.013544 0.002770 0.104000
-0.013557 0.003038 0.104100
-0.013557 0.003303 0.104100
-0.013570 0.003572 0.104200
-0.013570 0.003838 0.104200
-0.013570 0.004103 0.104200
-0.013570 0.004369 0.104200
-0.013570 0.004635 0.104200
-0.013557 0.004895 0.104100
-0.013544 0.005156 0.104000
-0.013531 0.005416 0.103900
-0.013518 0.005675 0.103800
-0.013505 0.005934 0.103700
-0.013492 0.006192 0.103600
-0.013479 0.006450 0.103500
-0.013479 0.006714 0.103500
-0.013466 0.006971 0.103400
-0.013466 0.007235 0.103400
-0.013466 0.007498 0.103400
-0.013466 0.007762 0.103400
-0.013466 0.008026 0.103400
-0.013479 0.008297 0.103500
-0.013479 0.008561 0.103500
-0.013479 0.008825 0.103500
-0.013492 0.009098 0.103600
-0.013492 0.009362 0.103600
-0.013505 0.009635 0.103700
-0.013518 0.009909 0.103800
-0.013518 0.010174 0.103800
-0.013531 0.010448 0.103900
-0.013544 0.010723 0.104000
-0.013557 0.010999 0.104100
-0.013570 0.011275 0.104200
-0.013583 0.011552 0.104300
-0.013596 0.011829 0.104400
-0.013609 0.012107 0.104500
-0.013622 0.012385 0.104600
-0.013622 0.012652 0.104600
-0.013635 0.012931 0.104700
-0.013648 0.013210 0.104800
-0.013661 0.013490 0.104900
-0.013674 0.013771 0.105000
-0.013687 0.014052 0.105100
-0.013700 0.014333 0.105200
-0.013713 0.014615 0.105300
-0.013726 0.014898 0.105400
-0.013726 0.015167 0.105400
-0.013752 0.015465 0.105600
-0.013765 0.015749 0.105700
-0.013804 0.016064 0.106000
-0.013817 0.016349 0.106100
-0.013856 0.016667 0.106400
-0.013882 0.016970 0.106600
-0.013895 0.017258 0.106700
-0.013921 0.017563 0.106900
-0.013947 0.017869 0.107100
-0.013960 0.018159 0.107200
-0.013986 0.018466 0.107400
-0.013999 0.018757 0.107500
-0.014012 0.019049 0.107600
-0.014025 0.019341 0.107700
-0.014039 0.019634 0.107800
-0.014052 0.019927 0.107900
-0.014965 -0.011076 0.112700
-0.014938 -0.010770 0.112500
-0.014885 -0.010445 0.112100
-0.014832 -0.010123 0.111700
-0.014765 -0.009795 0.111200
-0.014712 -0.009477 0.110800
-0.014672 -0.009170 0.110500
-0.014619 -0.008856 0.110100
-0.014593 -0.008560 0.109900
-0.014553 -0.008257 0.109600
-0.014500 -0.007948 0.109200
-0.014460 -0.007649 0.108900
-0.014420 -0.007351 0.108600
-0.014380 -0.007055 0.108300
-0.014341 -0.006760 0.108000
-0.014287 -0.006460 0.107600
-0.014248 -0.006169 0.107300
-0.014208 -0.005879 0.107000
-0.014168 -0.005590 0.106700
-0.014141 -0.005308 0.106500
-0.014115 -0.005027 0.106300
-0.014088 -0.004747 0.106100
-0.014062 -0.004469 0.105900
-0.014035 -0.004191 0.105700
-0.014009 -0.003914 0.105500
-0.013995 -0.003641 0.105400
-0.013969 -0.003366 0.105200
-0.013955 -0.003095 0.105100
-0.013929 -0.002822 0.104900
-0.013902 -0.002550 0.104700
-0.013876 -0.002278 0.104500
-0.013849 -0.002008 0.104300
-0.013836 -0.001741 0.104200
-0.013823 -0.001473 0.104100
-0.013809 -0.001207 0.104000
-0.013796 -0.000941 0.103900
-0.013783 -0.000675 0.103800
-0.013783 -0.000411 0.103800
-0.013783 -0.000146 0.103800
-0.013783 0.000118 0.103800
-0.013783 0.000383 0.103800
-0.013783 0.000648 0.103800
-0.013783 0.000912 0.103800
-0.013783 0.001177 0.103800
-0.013783 0.001441 0.103800
-0.013783 0.001706 0.103800
-0.013783 0.001971 0.103800
-0.013796 0.002237 0.103900
-0.013796 0.002502 0.103900
-0.013809 0.002770 0.104000
-0.013809 0.003035 0.104000
-0.013809 0.003300 0.104000
-0.013823 0.003569 0.104100
-0.013823 0.003834 0.104100
-0.013823 0.004099 0.104100
-0.013809 0.004361 0.104000
-0.013809 0.004626 0.104000
-0.013796 0.004886 0.103900
-0.013783 0.005146 0.103800
-0.013783 0.005411 0.103800
-0.013770 0.005670 0.103700
-0.013756 0.005928 0.103600
-0.013743 0.006186 0.103500
-0.013730 0.006444 0.103400
-0.013730 0.006708 0.103400
-0.013716 0.006965 0.103300
-0.013716 0.007228 0.103300
-0.013716 0.007491 0.103300
-0.013716 0.007755 0.103300
-0.013730 0.008026 0.103400
-0.013730 0.008289 0.103400
-0.013730 0.008553 0.103400
-0.013743 0.008825 0.103500
-0.013743 0.009089 0.103500
-0.013756 0.009362 0.103600
-0.013756 0.009626 0.103600
-0.013770 0.009899 0.103700
-0.013783 0.010174 0.103800
-0.013783 0.010438 0.103800
-0.013796 0.010713 0.103900
-0.013809 0.010989 0.104000
-0.013823 0.011264 0.104100
-0.013836 0.011541 0.104200
-0.013849 0.011818 0.104300
-0.013862 0.012095 0.104400
-0.013876 0.012373 0.104500
-0.013889 0.012652 0.104600
-0.013902 0.012931 0.104700
-0.013916 0.013210 0.104800
-0.013916 0.013477 0.104800
-0.013929 0.013758 0.104900
-0.013942 0.014039 0.105000
-0.013955 0.014320 0.105100
-0.013982 0.014615 0.105300
-0.013995 0.014898 0.105400
-0.013995 0.015167 0.105400
-0.014022 0.015465 0.105600
-0.014035 0.015749 0.105700
-0.014075 0.016064 0.106000
-0.014101 0.016365 0.106200
-0.014128 0.016667 0.106400
-0.014155 0.016970 0.106600
-0.014168 0.017258 0.106700
-0.014194 0.017563 0.106900
-0.014221 0.017869 0.107100
-0.014234 0.018159 0.107200
-0.014261 0.018466 0.107400
-0.014261 0.018740 0.107400
-0.014287 0.019049 0.107600
-0.014301 0.019341 0.107700
-0.014301 0.019616 0.107700
-0.014327 0.019927 0.107900
-0.015253 -0.011363 0.112700
-0.015225 -0.011056 0.112500
-0.015198 -0.010750 0.112300
-0.015144 -0.010427 0.111900
-0.015090 -0.010105 0.111500
-0.015036 -0.009786 0.111100
-0.014982 -0.009468 0.110700
-0.014941 -0.009161 0.110400
-0.014901 -0.008856 0.110100
-0.014860 -0.008552 0.109800
-0.014806 -0.008242 0.109400
-0.014765 -0.007941 0.109100
-0.014738 -0.007649 0.108900
-0.014684 -0.007344 0.108500
-0.014644 -0.007048 0.108200
-0.014603 -0.006753 0.107900
-0.014549 -0.006454 0.107500
-0.014508 -0.006163 0.107200
-0.014468 -0.005873 0.106900
-0.014441 -0.005590 0.106700
-0.014400 -0.005303 0.106400
-0.014373 -0.005023 0.106200
-0.014346 -0.004743 0.106000
-0.014319 -0.004464 0.105800
-0.014292 -0.004187 0.105600
-0.014278 -0.003914 0.105500
-0.014251 -0.003638 0.105300
-0.014224 -0.003363 0.105100
-0.014197 -0.003089 0.104900
-0.014183 -0.002819 0.104800
-0.014156 -0.002547 0.104600
-0.014129 -0.002276 0.104400
-0.014102 -0.002006 0.104200
-0.014089 -0.001739 0.104100
-0.014075 -0.001472 0.104000
-0.014062 -0.001206 0.103900
-0.014048 -0.000940 0.103800
-0.014035 -0.000675 0.103700
-0.014035 -0.000410 0.103700
-0.014035 -0.000146 0.103700
-0.014035 0.000118 0.103700
-0.014035 0.000383 0.103700
-0.014035 0.000647 0.103700
-0.014035 0.000911 0.103700
-0.014035 0.001176 0.103700
-0.014035 0.001440 0.103700
-0.014035 0.001704 0.103700
-0.014035 0.001969 0.103700
-0.014048 0.002235 0.103800
-0.014048 0.002500 0.103800
-0.014062 0.002767 0.103900
-0.014062 0.003032 0.103900
-0.014062 0.003297 0.103900
-0.014062 0.003562 0.103900
-0.014062 0.003827 0.103900
-0.014062 0.004091 0.103900
-0.014062 0.004356 0.103900
-0.014048 0.004617 0.103800
-0.014035 0.004877 0.103700
-0.014035 0.005141 0.103700
-0.014021 0.005400 0.103600
-0.014007 0.005659 0.103500
-0.013994 0.005917 0.103400
-0.013994 0.006181 0.103400
-0.013980 0.006438 0.103300
-0.013980 0.006701 0.103300
-0.013967 0.006958 0.103200
-0.013967 0.007221 0.103200
-0.013967 0.007484 0.103200
-0.013980 0.007755 0.103300
-0.013980 0.008018 0.103300
-0.013980 0.008281 0.103300
-0.013994 0.008553 0.103400
-0.013994 0.008816 0.103400
-0.013994 0.009080 0.103400
-0.014007 0.009353 0.103500
-0.014007 0.009616 0.103500
-0.014021 0.009890 0.103600
-0.014035 0.010164 0.103700
-0.014035 0.010428 0.103700
-0.014048 0.010703 0.103800
-0.014062 0.010978 0.103900
-0.014075 0.011254 0.104000
-0.014089 0.011530 0.104100
-0.014102 0.011807 0.104200
-0.014116 0.012084 0.104300
-0.014129 0.012361 0.104400
-0.014143 0.012640 0.104500
-0.014156 0.012918 0.104600
-0.014170 0.013198 0.104700
-0.014183 0.013477 0.104800
-0.014197 0.013758 0.104900
-0.014210 0.014039 0.105000
-0.014224 0.014320 0.105100
-0.014251 0.014615 0.105300
-0.014265 0.014898 0.105400
-0.014265 0.015167 0.105400
-0.014292 0.015465 0.105600
-0.014305 0.015749 0.105700
-0.014346 0.016064 0.106000
-0.014373 0.016365 0.106200
-0.014400 0.016667 0.106400
-0.014427 0.016970 0.106600
-0.014441 0.017258 0.106700
-0.014468 0.017563 0.106900
-0.014481 0.017852 0.107000
-0.014508 0.018159 0.107200
-0.014522 0.018449 0.107300
-0.014535 0.018740 0.107400
-0.014562 0.019049 0.107600
-0.014576 0.019341 0.107700
-0.014576 0.019616 0.107700
-0.014603 0.019927 0.107900
-0.015499 -0.011333 0.112400
-0.015472 -0.011027 0.112200
-0.015430 -0.010712 0.111900
-0.015389 -0.010399 0.111600
-0.015334 -0.010078 0.111200
-0.015292 -0.009768 0.110900
-0.015237 -0.009451 0.110500
-0.015210 -0.009153 0.110300
-0.015154 -0.008840 0.109900
-0.015127 -0.008544 0.109700
-0.015085 -0.008242 0.109400
-0.015044 -0.007941 0.109100
-0.015003 -0.007642 0.108800
-0.014961 -0.007344 0.108500
-0.014920 -0.007048 0.108200
-0.014865 -0.006747 0.107800
-0.014823 -0.006454 0.107500
-0.014768 -0.006157 0.107100
-0.014741 -0.005873 0.106900
-0.014699 -0.005585 0.106600
-0.014672 -0.005303 0.106400
-0.014644 -0.005023 0.106200
-0.014617 -0.004743 0.106000
-0.014575 -0.004460 0.105700
-0.014561 -0.004187 0.105600
-0.014534 -0.003910 0.105400
-0.014506 -0.003634 0.105200
-0.014493 -0.003363 0.105100
-0.014465 -0.003089 0.104900
-0.014437 -0.002816 0.104700
-0.014410 -0.002545 0.104500
-0.014382 -0.002274 0.104300
-0.014355 -0.002004 0.104100
-0.014341 -0.001737 0.104000
-0.014327 -0.001471 0.103900
-0.014313 -0.001205 0.103800
-0.014299 -0.000939 0.103700
-0.014299 -0.000675 0.103700
-0.014286 -0.000410 0.103600
-0.014286 -0.000146 0.103600
-0.014286 0.000118 0.103600
-0.014286 0.000382 0.103600
-0.014286 0.000646 0.103600
-0.014286 0.000910 0.103600
-0.014286 0.001175 0.103600
-0.014286 0.001439 0.103600
-0.014286 0.001703 0.103600
-0.014299 0.001969 0.103700
-0.014299 0.002233 0.103700
-0.014299 0.002497 0.103700
-0.014313 0.002765 0.103800
-0.014313 0.003029 0.103800
-0.014313 0.003294 0.103800
-0.014313 0.003558 0.103800
-0.014299 0.003819 0.103700
-0.014299 0.004084 0.103700
-0.014299 0.004348 0.103700
-0.014286 0.004608 0.103600
-0.014272 0.004867 0.103500
-0.014272 0.005131 0.103500
-0.014258 0.005390 0.103400
-0.014244 0.005648 0.103300
-0.014244 0.005911 0.103300
-0.014231 0.006169 0.103200
-0.014231 0.006432 0.103200
-0.014231 0.006695 0.103200
-0.014231 0.006958 0.103200
-0.014231 0.007221 0.103200
-0.014231 0.007484 0.103200
-0.014231 0.007747 0.103200
-0.014231 0.008010 0.103200
-0.014244 0.008281 0.103300
-0.014244 0.008545 0.103300
-0.014244 0.008808 0.103300
-0.014258 0.009080 0.103400
-0.014258 0.009344 0.103400
-0.014272 0.009616 0.103500
-0.014272 0.009880 0.103500
-0.014286 0.010154 0.103600
-0.014286 0.010418 0.103600
-0.014299 0.010692 0.103700
-0.014313 0.010967 0.103800
-0.014327 0.011243 0.103900
-0.014355 0.011530 0.104100
-0.014368 0.011807 0.104200
-0.014382 0.012084 0.104300
-0.014396 0.012361 0.104400
-0.014410 0.012640 0.104500
-0.014424 0.012918 0.104600
-0.014437 0.013198 0.104700
-0.014451 0.013477 0.104800
-0.014465 0.013758 0.104900
-0.014479 0.014039 0.105000
-0.014493 0.014320 0.105100
-0.014506 0.014602 0.105200
-0.014534 0.014898 0.105400
-0.014534 0.015167 0.105400
-0.014561 0.015465 0.105600
-0.014575 0.015749 0.105700
-0.014617 0.016064 0.106000
-0.014644 0.016365 0.106200
-0.014672 0.016667 0.106400
-0.014686 0.016954 0.106500
-0.014713 0.017258 0.106700
-0.014727 0.017546 0.106800
-0.014755 0.017852 0.107000
-0.014768 0.018142 0.107100
-0.014796 0.018449 0.107300
-0.014823 0.018757 0.107500
-0.014823 0.019031 0.107500
-0.014851 0.019341 0.107700
-0.014851 0.019616 0.107700
-0.014879 0.019927 0.107900
-0.014879 0.020203 0.107900
-0.015758 -0.011313 0.112200
-0.015716 -0.010997 0.111900
-0.015674 -0.010683 0.111600
-0.015646 -0.010380 0.111400
-0.015590 -0.010060 0.111000
-0.015534 -0.009742 0.110600
-0.015505 -0.009443 0.110400
-0.015463 -0.009136 0.110100
-0.015421 -0.008832 0.109800
-0.015393 -0.008536 0.109600
-0.015337 -0.008227 0.109200
-0.015309 -0.007934 0.109000
-0.015267 -0.007635 0.108700
-0.015225 -0.007337 0.108400
-0.015182 -0.007041 0.108100
-0.015126 -0.006741 0.107700
-0.015084 -0.006448 0.107400
-0.015042 -0.006157 0.107100
-0.015000 -0.005868 0.106800
-0.014972 -0.005585 0.106600
-0.014930 -0.005298 0.106300
-0.014902 -0.005018 0.106100
-0.014873 -0.004738 0.105900
-0.014845 -0.004460 0.105700
-0.014817 -0.004183 0.105500
-0.014789 -0.003906 0.105300
-0.014761 -0.003631 0.105100
-0.014747 -0.003360 0.105000
-0.014719 -0.003086 0.104800
-0.014691 -0.002814 0.104600
-0.014663 -0.002542 0.104400
-0.014635 -0.002272 0.104200
-0.014621 -0.002004 0.104100
-0.014593 -0.001736 0.103900
-0.014579 -0.001469 0.103800
-0.014579 -0.001205 0.103800
-0.014564 -0.000939 0.103700
-0.014550 -0.000674 0.103600
-0.014550 -0.000410 0.103600
-0.014550 -0.000146 0.103600
-0.014550 0.000118 0.103600
-0.014550 0.000382 0.103600
-0.014550 0.000646 0.103600
-0.014550 0.000910 0.103600
-0.014550 0.001175 0.103600
-0.014550 0.001439 0.103600
-0.014550 0.001703 0.103600
-0.014550 0.001967 0.103600
-0.014550 0.002231 0.103600
-0.014550 0.002495 0.103600
-0.014550 0.002759 0.103600
-0.014550 0.003023 0.103600
-0.014550 0.003287 0.103600
-0.014550 0.003551 0.103600
-0.014536 0.003812 0.103500
-0.014536 0.004076 0.103500
-0.014522 0.004335 0.103400
-0.014522 0.004599 0.103400
-0.014508 0.004858 0.103300
-0.014508 0.005121 0.103300
-0.014494 0.005379 0.103200
-0.014494 0.005642 0.103200
-0.014494 0.005905 0.103200
-0.014494 0.006169 0.103200
-0.014480 0.006425 0.103100
-0.014480 0.006688 0.103100
-0.014480 0.006951 0.103100
-0.014480 0.007214 0.103100
-0.014480 0.007477 0.103100
-0.014494 0.007747 0.103200
-0.014494 0.008010 0.103200
-0.014494 0.008273 0.103200
-0.014494 0.008536 0.103200
-0.014508 0.008808 0.103300
-0.014508 0.009071 0.103300
-0.014522 0.009344 0.103400
-0.014522 0.009607 0.103400
-0.014536 0.009880 0.103500
-0.014536 0.010144 0.103500
-0.014550 0.010418 0.103600
-0.014550 0.010682 0.103600
-0.014564 0.010957 0.103700
-0.014593 0.011243 0.103900
-0.014607 0.011519 0.104000
-0.014621 0.011795 0.104100
-0.014635 0.012072 0.104200
-0.014649 0.012350 0.104300
-0.014663 0.012628 0.104400
-0.014691 0.012918 0.104600
-0.014691 0.013185 0.104600
-0.014705 0.013465 0.104700
-0.014719 0.013745 0.104800
-0.014747 0.014039 0.105000
-0.014761 0.014320 0.105100
-0.014775 0.014602 0.105200
-0.014803 0.014898 0.105400
-0.014803 0.015167 0.105400
-0.014817 0.015450 0.105500
-0.014845 0.015749 0.105700
-0.014887 0.016064 0.106000
-0.014916 0.016365 0.106200
-0.014930 0.016651 0.106300
-0.014958 0.016954 0.106500
-0.014972 0.017242 0.106600
-0.015000 0.017546 0.106800
-0.015014 0.017835 0.106900
-0.015042 0.018142 0.107100
-0.015056 0.018432 0.107200
-0.015084 0.018740 0.107400
-0.015098 0.019031 0.107500
-0.015126 0.019341 0.107700
-0.015140 0.019634 0.107800
-0.015154 0.019927 0.107900
-0.015154 0.020203 0.107900
-0.016031 -0.011589 0.112100
-0.016002 -0.011283 0.111900
-0.015959 -0.010968 0.111600
-0.015931 -0.010664 0.111400
-0.015873 -0.010343 0.111000
-0.015830 -0.010033 0.110700
-0.015788 -0.009724 0.110400
-0.015745 -0.009417 0.110100
-0.015716 -0.009120 0.109900
-0.015687 -0.008824 0.109700
-0.015645 -0.008521 0.109400
-0.015616 -0.008227 0.109200
-0.015573 -0.007926 0.108900
-0.015530 -0.007628 0.108600
-0.015487 -0.007331 0.108300
-0.015444 -0.007035 0.108000
-0.015387 -0.006735 0.107600
-0.015344 -0.006442 0.107300
-0.015301 -0.006152 0.107000
-0.015258 -0.005862 0.106700
-0.015230 -0.005580 0.106500
-0.015201 -0.005298 0.106300
-0.015173 -0.005018 0.106100
-0.015144 -0.004738 0.105900
-0.015115 -0.004460 0.105700
-0.015087 -0.004183 0.105500
-0.015058 -0.003906 0.105300
-0.015030 -0.003631 0.105100
-0.015001 -0.003357 0.104900
-0.014972 -0.003083 0.104700
-0.014944 -0.002811 0.104500
-0.014915 -0.002540 0.104300
-0.014901 -0.002272 0.104200
-0.014872 -0.002002 0.104000
-0.014858 -0.001736 0.103900
-0.014844 -0.001469 0.103800
-0.014829 -0.001203 0.103700
-0.014829 -0.000939 0.103700
-0.014815 -0.000674 0.103600
-0.014815 -0.000410 0.103600
-0.014801 -0.000146 0.103500
-0.014801 0.000118 0.103500
-0.014801 0.000382 0.103500
-0.014801 0.000646 0.103500
-0.014801 0.000910 0.103500
-0.014801 0.001173 0.103500
-0.014801 0.001437 0.103500
-0.014801 0.001701 0.103500
-0.014801 0.001965 0.103500
-0.014801 0.002229 0.103500
-0.014801 0.002493 0.103500
-0.014801 0.002757 0.103500
-0.014801 0.003020 0.103500
-0.014787 0.003281 0.103400
-0.014787 0.003545 0.103400
-0.014787 0.003808 0.103400
-0.014772 0.004068 0.103300
-0.014758 0.004327 0.103200
-0.014758 0.004590 0.103200
-0.014758 0.004853 0.103200
-0.014744 0.005111 0.103100
-0.014744 0.005374 0.103100
-0.014744 0.005637 0.103100
-0.014744 0.005900 0.103100
-0.014729 0.006157 0.103000
-0.014729 0.006419 0.103000
-0.014729 0.006682 0.103000
-0.014729 0.006944 0.103000
-0.014744 0.007214 0.103100
-0.014744 0.007477 0.103100
-0.014744 0.007740 0.103100
-0.014758 0.008010 0.103200
-0.014758 0.008273 0.103200
-0.014758 0.008536 0.103200
-0.014758 0.008799 0.103200
-0.014772 0.009071 0.103300
-0.014772 0.009335 0.103300
-0.014787 0.009607 0.103400
-0.014787 0.009871 0.103400
-0.014787 0.010134 0.103400
-0.014801 0.010408 0.103500
-0.014815 0.010682 0.103600
-0.014829 0.010957 0.103700
-0.014844 0.011232 0.103800
-0.014858 0.011508 0.103900
-0.014872 0.011784 0.104000
-0.014887 0.012061 0.104100
-0.014915 0.012350 0.104300
-0.014930 0.012628 0.104400
-0.014944 0.012906 0.104500
-0.014958 0.013185 0.104600
-0.014972 0.013465 0.104700
-0.014987 0.013745 0.104800
-0.015001 0.014025 0.104900
-0.015030 0.014320 0.105100
-0.015044 0.014602 0.105200
-0.015058 0.014884 0.105300
-0.015058 0.015152 0.105300
-0.015087 0.015450 0.105500
-0.015115 0.015749 0.105700
-0.015144 0.016049 0.105900
-0.015173 0.016349 0.106100
-0.015187 0.016635 0.106200
-0.015216 0.016938 0.106400
-0.015244 0.017242 0.106600
-0.015258 0.017530 0.106700
-0.015287 0.017835 0.106900
-0.015301 0.018125 0.107000
-0.015330 0.018432 0.107200
-0.015359 0.018740 0.107400
-0.015373 0.019031 0.107500
-0.015387 0.019323 0.107600
-0.015416 0.019634 0.107800
-0.015430 0.019927 0.107900
-0.016317 -0.011589 0.112100
-0.016244 -0.011252 0.111600
-0.016201 -0.010938 0.111300
-0.016157 -0.010626 0.111000
-0.016128 -0.010324 0.110800
-0.016084 -0.010015 0.110500
-0.016041 -0.009707 0.110200
-0.016011 -0.009409 0.110000
-0.015982 -0.009112 0.109800
-0.015953 -0.008816 0.109600
-0.015910 -0.008513 0.109300
-0.015880 -0.008219 0.109100
-0.015837 -0.007919 0.108800
-0.015793 -0.007621 0.108500
-0.015749 -0.007324 0.108200
-0.015706 -0.007028 0.107900
-0.015648 -0.006728 0.107500
-0.015604 -0.006436 0.107200
-0.015560 -0.006146 0.106900
-0.015531 -0.005862 0.106700
-0.015487 -0.005575 0.106400
-0.015458 -0.005293 0.106200
-0.015429 -0.005013 0.106000
-0.015400 -0.004734 0.105800
-0.015371 -0.004456 0.105600
-0.015342 -0.004179 0.105400
-0.015313 -0.003903 0.105200
-0.015298 -0.003631 0.105100
-0.015269 -0.003357 0.104900
-0.015225 -0.003080 0.104600
-0.015211 -0.002811 0.104500
-0.015182 -0.002540 0.104300
-0.015153 -0.002270 0.104100
-0.015138 -0.002002 0.104000
-0.015124 -0.001736 0.103900
-0.015109 -0.001469 0.103800
-0.015094 -0.001203 0.103700
-0.015080 -0.000938 0.103600
-0.015080 -0.000674 0.103600
-0.015065 -0.000410 0.103500
-0.015065 -0.000146 0.103500
-0.015065 0.000118 0.103500
-0.015065 0.000382 0.103500
-0.015065 0.000646 0.103500
-0.015051 0.000909 0.103400
-0.015051 0.001172 0.103400
-0.015051 0.001436 0.103400
-0.015051 0.001699 0.103400
-0.015051 0.001963 0.103400
-0.015051 0.002227 0.103400
-0.015051 0.002490 0.103400
-0.015036 0.002751 0.103300
-0.015036 0.003015 0.103300
-0.015036 0.003278 0.103300
-0.015022 0.003538 0.103200
-0.015022 0.003801 0.103200
-0.015007 0.004060 0.103100
-0.015007 0.004323 0.103100
-0.014993 0.004581 0.103000
-0.014993 0.004844 0.103000
-0.014993 0.005106 0.103000
-0.014978 0.005364 0.102900
-0.014978 0.005626 0.102900
-0.014978 0.005888 0.102900
-0.014978 0.006151 0.102900
-0.014978 0.006413 0.102900
-0.014978 0.006675 0.102900
-0.014993 0.006944 0.103000
-0.014993 0.007207 0.103000
-0.014993 0.007469 0.103000
-0.014993 0.007732 0.103000
-0.015007 0.008002 0.103100
-0.015007 0.008265 0.103100
-0.015022 0.008536 0.103200
-0.015022 0.008799 0.103200
-0.015022 0.009062 0.103200
-0.015022 0.009326 0.103200
-0.015036 0.009598 0.103300
-0.015036 0.009861 0.103300
-0.015051 0.010134 0.103400
-0.015051 0.010398 0.103400
-0.015065 0.010672 0.103500
-0.015080 0.010946 0.103600
-0.015094 0.011221 0.103700
-0.015109 0.011497 0.103800
-0.015138 0.011784 0.104000
-0.015153 0.012061 0.104100
-0.015167 0.012338 0.104200
-0.015182 0.012616 0.104300
-0.015211 0.012906 0.104500
-0.015225 0.013185 0.104600
-0.015240 0.013465 0.104700
-0.015255 0.013745 0.104800
-0.015269 0.014025 0.104900
-0.015284 0.014306 0.105000
-0.015298 0.014588 0.105100
-0.015327 0.014884 0.105300
-0.015327 0.015152 0.105300
-0.015356 0.015450 0.105500
-0.015371 0.015734 0.105600
-0.015415 0.016049 0.105900
-0.015429 0.016334 0.106000
-0.015458 0.016635 0.106200
-0.015473 0.016922 0.106300
-0.015502 0.017225 0.106500
-0.015517 0.017513 0.106600
-0.015546 0.017818 0.106800
-0.015560 0.018108 0.106900
-0.015589 0.018415 0.107100
-0.015618 0.018723 0.107300
-0.015648 0.019031 0.107500
-0.015662 0.019323 0.107600
-0.015691 0.019634 0.107800
-0.015706 0.019927 0.107900
-0.016574 -0.011568 0.111900
-0.016485 -0.011222 0.111300
-0.016455 -0.010919 0.111100
-0.016411 -0.010607 0.110800
-0.016381 -0.010306 0.110600
-0.016337 -0.009997 0.110300
-0.016307 -0.009698 0.110100
-0.016278 -0.009400 0.109900
-0.016248 -0.009103 0.109700
-0.016204 -0.008799 0.109400
-0.016174 -0.008505 0.109200
-0.016144 -0.008212 0.109000
-0.016100 -0.007912 0.108700
-0.016056 -0.007614 0.108400
-0.016011 -0.007317 0.108100
-0.015952 -0.007015 0.107700
-0.015907 -0.006722 0.107400
-0.015863 -0.006430 0.107100
-0.015819 -0.006140 0.106800
-0.015789 -0.005857 0.106600
-0.015744 -0.005569 0.106300
-0.015715 -0.005288 0.106100
-0.015685 -0.005008 0.105900
-0.015656 -0.004730 0.105700
-0.015626 -0.004452 0.105500
-0.015596 -0.004175 0.105300
-0.015567 -0.003899 0.105100
-0.015552 -0.003628 0.105000
-0.015522 -0.003353 0.104800
-0.015493 -0.003080 0.104600
-0.015463 -0.002808 0.104400
-0.015433 -0.002537 0.104200
-0.015419 -0.002270 0.104100
-0.015404 -0.002002 0.104000
-0.015389 -0.001736 0.103900
-0.015374 -0.001469 0.103800
-0.015359 -0.001203 0.103700
-0.015345 -0.000938 0.103600
-0.015345 -0.000674 0.103600
-0.015330 -0.000410 0.103500
-0.015330 -0.000146 0.103500
-0.015330 0.000118 0.103500
-0.015330 0.000382 0.103500
-0.015315 0.000645 0.103400
-0.015315 0.000909 0.103400
-0.015315 0.001172 0.103400
-0.015300 0.001435 0.103300
-0.015300 0.001698 0.103300
-0.015300 0.001961 0.103300
-0.015300 0.002225 0.103300
-0.015285 0.002485 0.103200
-0.015285 0.002749 0.103200
-0.015285 0.003012 0.103200
-0.015271 0.003272 0.103100
-0.015271 0.003534 0.103100
-0.015256 0.003793 0.103000
-0.015241 0.004052 0.102900
-0.015241 0.004314 0.102900
-0.015226 0.004572 0.102800
-0.015226 0.004834 0.102800
-0.015226 0.005096 0.102800
-0.015226 0.005358 0.102800
-0.015226 0.005621 0.102800
-0.015226 0.005883 0.102800
-0.015226 0.006145 0.102800
-0.015226 0.006407 0.102800
-0.015226 0.006669 0.102800
-0.015226 0.006931 0.102800
-0.015241 0.007200 0.102900
-0.015241 0.007462 0.102900
-0.015256 0.007732 0.103000
-0.015256 0.007995 0.103000
-0.015271 0.008265 0.103100
-0.015271 0.008528 0.103100
-0.015285 0.008799 0.103200
-0.015285 0.009062 0.103200
-0.015285 0.009326 0.103200
-0.015285 0.009589 0.103200
-0.015285 0.009852 0.103200
-0.015300 0.010125 0.103300
-0.015300 0.010388 0.103300
-0.015315 0.010662 0.103400
-0.015330 0.010936 0.103500
-0.015345 0.011210 0.103600
-0.015374 0.011497 0.103800
-0.015389 0.011773 0.103900
-0.015404 0.012049 0.104000
-0.015433 0.012338 0.104200
-0.015448 0.012616 0.104300
-0.015478 0.012906 0.104500
-0.015493 0.013185 0.104600
-0.015507 0.013465 0.104700
-0.015522 0.013745 0.104800
-0.015537 0.014025 0.104900
-0.015552 0.014306 0.105000
-0.015567 0.014588 0.105100
-0.015596 0.014884 0.105300
-0.015596 0.015152 0.105300
-0.015611 0.015435 0.105400
-0.015641 0.015734 0.105600
-0.015656 0.016018 0.105700
-0.015700 0.016334 0.106000
-0.015715 0.016620 0.106100
-0.015730 0.016906 0.106200
-0.015759 0.017209 0.106400
-0.015774 0.017497 0.106500
-0.015804 0.017802 0.106700
-0.015819 0.018091 0.106800
-0.015848 0.018397 0.107000
-0.015878 0.018705 0.107200
-0.015907 0.019014 0.107400
-0.015937 0.019323 0.107600
-0.015967 0.019634 0.107800
-0.015981 0.019927 0.107900
-0.015996 0.020221 0.108000
-0.016845 -0.011558 0.111800
-0.016754 -0.011212 0.111200
-0.016709 -0.010899 0.110900
-0.016664 -0.010588 0.110600
-0.016634 -0.010287 0.110400
-0.016589 -0.009978 0.110100
-0.016558 -0.009680 0.109900
-0.016528 -0.009383 0.109700
-0.016498 -0.009087 0.109500
-0.016468 -0.008791 0.109300
-0.016438 -0.008497 0.109100
-0.016408 -0.008204 0.108900
-0.016363 -0.007905 0.108600
-0.016317 -0.007607 0.108300
-0.016272 -0.007310 0.108000
-0.016212 -0.007009 0.107600
-0.016167 -0.006716 0.107300
-0.016122 -0.006424 0.107000
-0.016091 -0.006140 0.106800
-0.016046 -0.005851 0.106500
-0.016016 -0.005569 0.106300
-0.015971 -0.005283 0.106000
-0.015956 -0.005008 0.105900
-0.015911 -0.004725 0.105600
-0.015880 -0.004447 0.105400
-0.015865 -0.004175 0.105300
-0.015835 -0.003899 0.105100
-0.015805 -0.003624 0.104900
-0.015775 -0.003350 0.104700
-0.015745 -0.003077 0.104500
-0.015730 -0.002808 0.104400
-0.015700 -0.002537 0.104200
-0.015685 -0.002270 0.104100
-0.015670 -0.002002 0.104000
-0.015654 -0.001736 0.103900
-0.015639 -0.001469 0.103800
-0.015624 -0.001203 0.103700
-0.015609 -0.000938 0.103600
-0.015609 -0.000674 0.103600
-0.015594 -0.000410 0.103500
-0.015594 -0.000146 0.103500
-0.015594 0.000118 0.103500
-0.015579 0.000382 0.103400
-0.015579 0.000645 0.103400
-0.015564 0.000908 0.103300
-0.015564 0.001171 0.103300
-0.015564 0.001435 0.103300
-0.015549 0.001696 0.103200
-0.015549 0.001959 0.103200
-0.015549 0.002222 0.103200
-0.015534 0.002483 0.103100
-0.015534 0.002746 0.103100
-0.015519 0.003006 0.103000
-0.015519 0.003268 0.103000
-0.015504 0.003527 0.102900
-0.015489 0.003786 0.102800
-0.015489 0.004048 0.102800
-0.015474 0.004306 0.102700
-0.015474 0.004568 0.102700
-0.015474 0.004830 0.102700
-0.015459 0.005086 0.102600
-0.015459 0.005348 0.102600
-0.015474 0.005615 0.102700
-0.015474 0.005877 0.102700
-0.015474 0.006139 0.102700
-0.015474 0.006400 0.102700
-0.015474 0.006662 0.102700
-0.015489 0.006931 0.102800
-0.015489 0.007193 0.102800
-0.015489 0.007455 0.102800
-0.015504 0.007725 0.102900
-0.015504 0.007987 0.102900
-0.015519 0.008257 0.103000
-0.015519 0.008520 0.103000
-0.015534 0.008791 0.103100
-0.015534 0.009054 0.103100
-0.015534 0.009316 0.103100
-0.015549 0.009589 0.103200
-0.015549 0.009852 0.103200
-0.015549 0.010115 0.103200
-0.015549 0.010378 0.103200
-0.015564 0.010651 0.103300
-0.015579 0.010925 0.103400
-0.015609 0.011210 0.103600
-0.015624 0.011486 0.103700
-0.015654 0.011773 0.103900
-0.015670 0.012049 0.104000
-0.015685 0.012326 0.104100
-0.015715 0.012616 0.104300
-0.015730 0.012894 0.104400
-0.015745 0.013172 0.104500
-0.015760 0.013452 0.104600
-0.015775 0.013731 0.104700
-0.015790 0.014012 0.104800
-0.015820 0.014306 0.105000
-0.015835 0.014588 0.105100
-0.015850 0.014870 0.105200
-0.015850 0.015138 0.105200
-0.015865 0.015421 0.105300
-0.015896 0.015719 0.105500
-0.015911 0.016003 0.105600
-0.015941 0.016303 0.105800
-0.015971 0.016604 0.106000
-0.015986 0.016890 0.106100
-0.016016 0.017193 0.106300
-0.016031 0.017481 0.106400
-0.016061 0.017785 0.106600
-0.016091 0.018091 0.106800
-0.016106 0.018380 0.106900
-0.016137 0.018688 0.107100
-0.016182 0.019014 0.107400
-0.016212 0.019323 0.107600
-0.016242 0.019634 0.107800
-0.016257 0.019927 0.107900
-0.016272 0.020221 0.108000
-0.016302 0.020534 0.108200
-0.017130 -0.011558 0.111800
-0.017038 -0.011212 0.111200
-0.016993 -0.010899 0.110900
-0.016931 -0.010578 0.110500
-0.016901 -0.010278 0.110300
-0.016855 -0.009969 0.110000
-0.016839 -0.009680 0.109900
-0.016809 -0.009383 0.109700
-0.016763 -0.009078 0.109400
-0.016747 -0.008791 0.109300
-0.016717 -0.008497 0.109100
-0.016671 -0.008197 0.108800
-0.016625 -0.007897 0.108500
-0.016579 -0.007600 0.108200
-0.016533 -0.007304 0.107900
-0.016487 -0.007009 0.107600
-0.016426 -0.006710 0.107200
-0.016380 -0.006418 0.106900
-0.016349 -0.006134 0.106700
-0.016303 -0.005846 0.106400
-0.016272 -0.005564 0.106200
-0.016226 -0.005278 0.105900
-0.016196 -0.004999 0.105700
-0.016165 -0.004721 0.105500
-0.016150 -0.004447 0.105400
-0.016119 -0.004171 0.105200
-0.016089 -0.003895 0.105000
-0.016058 -0.003621 0.104800
-0.016043 -0.003350 0.104700
-0.016012 -0.003077 0.104500
-0.015981 -0.002806 0.104300
-0.015966 -0.002537 0.104200
-0.015951 -0.002270 0.104100
-0.015920 -0.002000 0.103900
-0.015905 -0.001734 0.103800
-0.015905 -0.001469 0.103800
-0.015889 -0.001203 0.103700
-0.015874 -0.000938 0.103600
-0.015874 -0.000674 0.103600
-0.015859 -0.000410 0.103500
-0.015843 -0.000146 0.103400
-0.015843 0.000118 0.103400
-0.015843 0.000382 0.103400
-0.015828 0.000645 0.103300
-0.015828 0.000908 0.103300
-0.015813 0.001170 0.103200
-0.015813 0.001433 0.103200
-0.015797 0.001695 0.103100
-0.015797 0.001957 0.103100
-0.015782 0.002218 0.103000
-0.015782 0.002481 0.103000
-0.015767 0.002741 0.102900
-0.015767 0.003003 0.102900
-0.015751 0.003262 0.102800
-0.015736 0.003521 0.102700
-0.015736 0.003782 0.102700
-0.015721 0.004040 0.102600
-0.015721 0.004302 0.102600
-0.015705 0.004559 0.102500
-0.015705 0.004820 0.102500
-0.015705 0.005082 0.102500
-0.015705 0.005343 0.102500
-0.015705 0.005604 0.102500
-0.015705 0.005865 0.102500
-0.015721 0.006133 0.102600
-0.015721 0.006394 0.102600
-0.015721 0.006656 0.102600
-0.015736 0.006924 0.102700
-0.015736 0.007186 0.102700
-0.015736 0.007448 0.102700
-0.015751 0.007717 0.102800
-0.015767 0.007987 0.102900
-0.015767 0.008249 0.102900
-0.015767 0.008511 0.102900
-0.015782 0.008782 0.103000
-0.015782 0.009045 0.103000
-0.015797 0.009316 0.103100
-0.015797 0.009579 0.103100
-0.015797 0.009842 0.103100
-0.015797 0.010105 0.103100
-0.015813 0.010378 0.103200
-0.015813 0.010641 0.103200
-0.015843 0.010925 0.103400
-0.015859 0.011200 0.103500
-0.015874 0.011474 0.103600
-0.015905 0.011761 0.103800
-0.015935 0.012049 0.104000
-0.015951 0.012326 0.104100
-0.015966 0.012603 0.104200
-0.015997 0.012894 0.104400
-0.016012 0.013172 0.104500
-0.016027 0.013452 0.104600
-0.016043 0.013731 0.104700
-0.016058 0.014012 0.104800
-0.016073 0.014293 0.104900
-0.016089 0.014574 0.105000
-0.016104 0.014856 0.105100
-0.016104 0.015124 0.105100
-0.016119 0.015406 0.105200
-0.016150 0.015704 0.105400
-0.016165 0.015988 0.105500
-0.016196 0.016288 0.105700
-0.016226 0.016588 0.105900
-0.016242 0.016874 0.106000
-0.016272 0.017177 0.106200
-0.016303 0.017481 0.106400
-0.016318 0.017768 0.106500
-0.016349 0.018074 0.106700
-0.016380 0.018380 0.106900
-0.016410 0.018688 0.107100
-0.016441 0.018996 0.107300
-0.016487 0.019323 0.107600
-0.016518 0.019634 0.107800
-0.016548 0.019946 0.108000
-0.016563 0.020240 0.108100
-0.016579 0.020534 0.108200
-0.017447 -0.011578 0.112000
-0.017323 -0.011212 0.111200
-0.017276 -0.010899 0.110900
-0.017214 -0.010578 0.110500
-0.017167 -0.010268 0.110200
-0.017136 -0.009969 0.110000
-0.017105 -0.009671 0.109800
-0.017073 -0.009374 0.109600
-0.017042 -0.009078 0.109400
-0.017011 -0.008783 0.109200
-0.016980 -0.008489 0.109000
-0.016949 -0.008197 0.108800
-0.016902 -0.007897 0.108500
-0.016855 -0.007600 0.108200
-0.016809 -0.007304 0.107900
-0.016746 -0.007002 0.107500
-0.016700 -0.006710 0.107200
-0.016653 -0.006418 0.106900
-0.016606 -0.006129 0.106600
-0.016559 -0.005840 0.106300
-0.016528 -0.005559 0.106100
-0.016481 -0.005273 0.105800
-0.016450 -0.004994 0.105600
-0.016419 -0.004716 0.105400
-0.016404 -0.004443 0.105300
-0.016372 -0.004167 0.105100
-0.016341 -0.003892 0.104900
-0.016310 -0.003617 0.104700
-0.016294 -0.003347 0.104600
-0.016263 -0.003075 0.104400
-0.016248 -0.002806 0.104300
-0.016232 -0.002537 0.104200
-0.016201 -0.002267 0.104000
-0.016185 -0.002000 0.103900
-0.016170 -0.001734 0.103800
-0.016170 -0.001469 0.103800
-0.016154 -0.001203 0.103700
-0.016139 -0.000938 0.103600
-0.016123 -0.000673 0.103500
-0.016123 -0.000410 0.103500
-0.016108 -0.000146 0.103400
-0.016108 0.000118 0.103400
-0.016108 0.000382 0.103400
-0.016092 0.000645 0.103300
-0.016076 0.000907 0.103200
-0.016076 0.001170 0.103200
-0.016061 0.001432 0.103100
-0.016061 0.001695 0.103100
-0.016045 0.001955 0.103000
-0.016030 0.002216 0.102900
-0.016030 0.002478 0.102900
-0.016014 0.002738 0.102800
-0.015999 0.002997 0.102700
-0.015999 0.003259 0.102700
-0.015983 0.003517 0.102600
-0.015983 0.003779 0.102600
-0.015967 0.004036 0.102500
-0.015967 0.004298 0.102500
-0.015952 0.004554 0.102400
-0.015952 0.004816 0.102400
-0.015952 0.005077 0.102400
-0.015952 0.005338 0.102400
-0.015952 0.005599 0.102400
-0.015952 0.005860 0.102400
-0.015967 0.006127 0.102500
-0.015967 0.006388 0.102500
-0.015967 0.006649 0.102500
-0.015983 0.006917 0.102600
-0.015983 0.007179 0.102600
-0.015999 0.007448 0.102700
-0.015999 0.007709 0.102700
-0.016014 0.007979 0.102800
-0.016014 0.008241 0.102800
-0.016030 0.008511 0.102900
-0.016030 0.008774 0.102900
-0.016030 0.009036 0.102900
-0.016045 0.009307 0.103000
-0.016045 0.009570 0.103000
-0.016045 0.009833 0.103000
-0.016061 0.010105 0.103100
-0.016061 0.010368 0.103100
-0.016076 0.010641 0.103200
-0.016092 0.010915 0.103300
-0.016108 0.011189 0.103400
-0.016139 0.011474 0.103600
-0.016154 0.011750 0.103700
-0.016185 0.012037 0.103900
-0.016217 0.012326 0.104100
-0.016232 0.012603 0.104200
-0.016263 0.012894 0.104400
-0.016279 0.013172 0.104500
-0.016294 0.013452 0.104600
-0.016310 0.013731 0.104700
-0.016310 0.013998 0.104700
-0.016326 0.014279 0.104800
-0.016357 0.014574 0.105000
-0.016372 0.014856 0.105100
-0.016372 0.015124 0.105100
-0.016372 0.015391 0.105100
-0.016404 0.015689 0.105300
-0.016419 0.015973 0.105400
-0.016450 0.016272 0.105600
-0.016466 0.016557 0.105700
-0.016497 0.016858 0.105900
-0.016528 0.017161 0.106100
-0.016559 0.017464 0.106300
-0.016590 0.017768 0.106500
-0.016606 0.018057 0.106600
-0.016637 0.018363 0.106800
-0.016668 0.018670 0.107000
-0.016715 0.018996 0.107300
-0.016762 0.019323 0.107600
-0.016793 0.019634 0.107800
-0.016824 0.019946 0.108000
-0.016840 0.020240 0.108100
-0.016871 0.020553 0.108300
-0.017749 -0.011589 0.112100
-0.017638 -0.011232 0.111400
-0.017559 -0.010899 0.110900
-0.017496 -0.010578 0.110500
-0.017448 -0.010268 0.110200
-0.017417 -0.009969 0.110000
-0.017385 -0.009671 0.109800
-0.017353 -0.009374 0.109600
-0.017322 -0.009078 0.109400
-0.017290 -0.008783 0.109200
-0.017258 -0.008489 0.109000
-0.017227 -0.008197 0.108800
-0.017179 -0.007897 0.108500
-0.017132 -0.007600 0.108200
-0.017068 -0.007297 0.107800
-0.017021 -0.007002 0.107500
-0.016958 -0.006703 0.107100
-0.016910 -0.006412 0.106800
-0.016863 -0.006123 0.106500
-0.016815 -0.005835 0.106200
-0.016783 -0.005554 0.106000
-0.016736 -0.005268 0.105700
-0.016704 -0.004990 0.105500
-0.016673 -0.004712 0.105300
-0.016657 -0.004439 0.105200
-0.016625 -0.004163 0.105000
-0.016593 -0.003888 0.104800
-0.016578 -0.003617 0.104700
-0.016546 -0.003344 0.104500
-0.016530 -0.003075 0.104400
-0.016514 -0.002806 0.104300
-0.016483 -0.002535 0.104100
-0.016467 -0.002267 0.104000
-0.016451 -0.002000 0.103900
-0.016435 -0.001734 0.103800
-0.016419 -0.001468 0.103700
-0.016403 -0.001202 0.103600
-0.016403 -0.000938 0.103600
-0.016388 -0.000673 0.103500
-0.016372 -0.000409 0.103400
-0.016372 -0.000146 0.103400
-0.016372 0.000118 0.103400
-0.016356 0.000381 0.103300
-0.016340 0.000644 0.103200
-0.016340 0.000907 0.103200
-0.016324 0.001169 0.103100
-0.016308 0.001430 0.103000
-0.016308 0.001693 0.103000
-0.016293 0.001954 0.102900
-0.016277 0.002214 0.102800
-0.016277 0.002476 0.102800
-0.016261 0.002735 0.102700
-0.016245 0.002994 0.102600
-0.016245 0.003256 0.102600
-0.016229 0.003514 0.102500
-0.016229 0.003775 0.102500
-0.016213 0.004032 0.102400
-0.016213 0.004293 0.102400
-0.016198 0.004550 0.102300
-0.016198 0.004811 0.102300
-0.016198 0.005072 0.102300
-0.016198 0.005332 0.102300
-0.016198 0.005593 0.102300
-0.016198 0.005854 0.102300
-0.016213 0.006121 0.102400
-0.016213 0.006382 0.102400
-0.016229 0.006649 0.102500
-0.016229 0.006911 0.102500
-0.016229 0.007172 0.102500
-0.016245 0.007440 0.102600
-0.016245 0.007702 0.102600
-0.016261 0.007971 0.102700
-0.016261 0.008233 0.102700
-0.016277 0.008503 0.102800
-0.016277 0.008765 0.102800
-0.016293 0.009036 0.102900
-0.016293 0.009298 0.102900
-0.016293 0.009561 0.102900
-0.016308 0.009833 0.103000
-0.016308 0.010095 0.103000
-0.016324 0.010368 0.103100
-0.016340 0.010641 0.103200
-0.016340 0.010904 0.103200
-0.016372 0.011189 0.103400
-0.016403 0.011474 0.103600
-0.016419 0.011750 0.103700
-0.016451 0.012037 0.103900
-0.016483 0.012326 0.104100
-0.016498 0.012603 0.104200
-0.016530 0.012894 0.104400
-0.016546 0.013172 0.104500
-0.016562 0.013452 0.104600
-0.016562 0.013718 0.104600
-0.016578 0.013998 0.104700
-0.016593 0.014279 0.104800
-0.016609 0.014560 0.104900
-0.016625 0.014842 0.105000
-0.016625 0.015109 0.105000
-0.016641 0.015391 0.105100
-0.016657 0.015674 0.105200
-0.016673 0.015958 0.105300
-0.016704 0.016257 0.105500
-0.016720 0.016541 0.105600
-0.016752 0.016843 0.105800
-0.016783 0.017145 0.106000
-0.016815 0.017448 0.106200
-0.016847 0.017752 0.106400
-0.016878 0.018057 0.106600
-0.016910 0.018363 0.106800
-0.016942 0.018670 0.107000
-0.016989 0.018996 0.107300
-0.017037 0.019323 0.107600
-0.017068 0.019634 0.107800
-0.017100 0.019946 0.108000
-0.017116 0.020240 0.108100
-0.017148 0.020553 0.108300
-0.018036 -0.011589 0.112100
-0.017939 -0.011242 0.111500
-0.017875 -0.010919 0.111100
-0.017794 -0.010588 0.110600
-0.017730 -0.010268 0.110200
-0.017698 -0.009969 0.110000
-0.017666 -0.009671 0.109800
-0.017650 -0.009383 0.109700
-0.017601 -0.009078 0.109400
-0.017569 -0.008783 0.109200
-0.017537 -0.008489 0.109000
-0.017505 -0.008197 0.108800
-0.017456 -0.007897 0.108500
-0.017392 -0.007593 0.108100
-0.017328 -0.007290 0.107700
-0.017280 -0.006996 0.107400
-0.017231 -0.006703 0.107100
-0.017183 -0.006412 0.106800
-0.017135 -0.006123 0.106500
-0.017086 -0.005835 0.106200
-0.017038 -0.005548 0.105900
-0.016990 -0.005263 0.105600
-0.016958 -0.004985 0.105400
-0.016926 -0.004707 0.105200
-0.016909 -0.004435 0.105100
-0.016877 -0.004159 0.104900
-0.016861 -0.003888 0.104800
-0.016829 -0.003614 0.104600
-0.016813 -0.003344 0.104500
-0.016781 -0.003072 0.104300
-0.016765 -0.002803 0.104200
-0.016749 -0.002535 0.104100
-0.016732 -0.002267 0.104000
-0.016716 -0.002000 0.103900
-0.016700 -0.001734 0.103800
-0.016684 -0.001468 0.103700
-0.016668 -0.001202 0.103600
-0.016652 -0.000937 0.103500
-0.016652 -0.000673 0.103500
-0.016636 -0.000409 0.103400
-0.016620 -0.000145 0.103300
-0.016620 0.000118 0.103300
-0.016604 0.000381 0.103200
-0.016604 0.000644 0.103200
-0.016588 0.000906 0.103100
-0.016572 0.001168 0.103000
-0.016572 0.001430 0.103000
-0.016556 0.001691 0.102900
-0.016539 0.001952 0.102800
-0.016523 0.002212 0.102700
-0.016523 0.002473 0.102700
-0.016507 0.002733 0.102600
-0.016507 0.002994 0.102600
-0.016491 0.003252 0.102500
-0.016475 0.003510 0.102400
-0.016475 0.003771 0.102400
-0.016459 0.004028 0.102300
-0.016459 0.004289 0.102300
-0.016459 0.004550 0.102300
-0.016459 0.004811 0.102300
-0.016459 0.005072 0.102300
-0.016459 0.005332 0.102300
-0.016459 0.005593 0.102300
-0.016459 0.005854 0.102300
-0.016459 0.006115 0.102300
-0.016459 0.006376 0.102300
-0.016475 0.006643 0.102400
-0.016475 0.006904 0.102400
-0.016475 0.007165 0.102400
-0.016491 0.007433 0.102500
-0.016507 0.007702 0.102600
-0.016507 0.007964 0.102600
-0.016523 0.008233 0.102700
-0.016523 0.008495 0.102700
-0.016539 0.008765 0.102800
-0.016539 0.009027 0.102800
-0.016539 0.009289 0.102800
-0.016556 0.009561 0.102900
-0.016556 0.009823 0.102900
-0.016572 0.010095 0.103000
-0.016572 0.010358 0.103000
-0.016588 0.010631 0.103100
-0.016604 0.010904 0.103200
-0.016620 0.011178 0.103300
-0.016652 0.011463 0.103500
-0.016684 0.011750 0.103700
-0.016700 0.012026 0.103800
-0.016732 0.012314 0.104000
-0.016765 0.012603 0.104200
-0.016781 0.012881 0.104300
-0.016797 0.013160 0.104400
-0.016813 0.013439 0.104500
-0.016829 0.013718 0.104600
-0.016845 0.013998 0.104700
-0.016845 0.014265 0.104700
-0.016861 0.014546 0.104800
-0.016877 0.014827 0.104900
-0.016877 0.015095 0.104900
-0.016893 0.015377 0.105000
-0.016909 0.015659 0.105100
-0.016926 0.015942 0.105200
-0.016958 0.016241 0.105400
-0.016974 0.016526 0.105500
-0.017006 0.016827 0.105700
-0.017038 0.017128 0.105900
-0.017070 0.017431 0.106100
-0.017103 0.017735 0.106300
-0.017135 0.018040 0.106500
-0.017183 0.018363 0.106800
-0.017215 0.018670 0.107000
-0.017263 0.018996 0.107300
-0.017312 0.019323 0.107600
-0.017344 0.019634 0.107800
-0.017392 0.019964 0.108100
-0.017408 0.020259 0.108200
-0.017440 0.020572 0.108400
-0.018371 -0.011620 0.112400
-0.018273 -0.011273 0.111800
-0.018175 -0.010929 0.111200
-0.018077 -0.010588 0.110600
-0.018028 -0.010278 0.110300
-0.017979 -0.009969 0.110000
-0.017946 -0.009671 0.109800
-0.017930 -0.009383 0.109700
-0.017897 -0.009087 0.109500
-0.017864 -0.008791 0.109300
-0.017815 -0.008489 0.109000
-0.017783 -0.008197 0.108800
-0.017734 -0.007897 0.108500
-0.017668 -0.007593 0.108100
-0.017603 -0.007290 0.107700
-0.017554 -0.006996 0.107400
-0.017489 -0.006697 0.107000
-0.017440 -0.006406 0.106700
-0.017390 -0.006117 0.106400
-0.017341 -0.005829 0.106100
-0.017276 -0.005538 0.105700
-0.017243 -0.005258 0.105500
-0.017211 -0.004980 0.105300
-0.017194 -0.004707 0.105200
-0.017162 -0.004431 0.105000
-0.017129 -0.004155 0.104800
-0.017113 -0.003884 0.104700
-0.017080 -0.003610 0.104500
-0.017064 -0.003341 0.104400
-0.017047 -0.003072 0.104300
-0.017031 -0.002803 0.104200
-0.016998 -0.002533 0.104000
-0.016982 -0.002265 0.103900
-0.016966 -0.001998 0.103800
-0.016949 -0.001732 0.103700
-0.016933 -0.001466 0.103600
-0.016933 -0.001202 0.103600
-0.016917 -0.000937 0.103500
-0.016900 -0.000673 0.103400
-0.016900 -0.000409 0.103400
-0.016884 -0.000145 0.103300
-0.016884 0.000118 0.103300
-0.016867 0.000381 0.103200
-0.016867 0.000644 0.103200
-0.016851 0.000906 0.103100
-0.016835 0.001168 0.103000
-0.016818 0.001429 0.102900
-0.016802 0.001690 0.102800
-0.016786 0.001950 0.102700
-0.016769 0.002209 0.102600
-0.016769 0.002471 0.102600
-0.016753 0.002730 0.102500
-0.016753 0.002991 0.102500
-0.016737 0.003249 0.102400
-0.016737 0.003510 0.102400
-0.016720 0.003768 0.102300
-0.016720 0.004028 0.102300
-0.016720 0.004289 0.102300
-0.016720 0.004550 0.102300
-0.016704 0.004806 0.102200
-0.016704 0.005067 0.102200
-0.016704 0.005327 0.102200
-0.016704 0.005588 0.102200
-0.016704 0.005848 0.102200
-0.016720 0.006115 0.102300
-0.016720 0.006376 0.102300
-0.016720 0.006636 0.102300
-0.016720 0.006897 0.102300
-0.016737 0.007165 0.102400
-0.016737 0.007426 0.102400
-0.016753 0.007694 0.102500
-0.016769 0.007964 0.102600
-0.016769 0.008225 0.102600
-0.016786 0.008495 0.102700
-0.016786 0.008757 0.102700
-0.016786 0.009019 0.102700
-0.016802 0.009289 0.102800
-0.016802 0.009551 0.102800
-0.016802 0.009813 0.102800
-0.016818 0.010085 0.102900
-0.016835 0.010358 0.103000
-0.016851 0.010631 0.103100
-0.016867 0.010904 0.103200
-0.016884 0.011178 0.103300
-0.016900 0.011452 0.103400
-0.016933 0.011739 0.103600
-0.016966 0.012026 0.103800
-0.016998 0.012314 0.104000
-0.017015 0.012591 0.104100
-0.017047 0.012881 0.104300
-0.017064 0.013160 0.104400
-0.017080 0.013439 0.104500
-0.017096 0.013718 0.104600
-0.017096 0.013985 0.104600
-0.017113 0.014265 0.104700
-0.017129 0.014546 0.104800
-0.017129 0.014813 0.104800
-0.017129 0.015080 0.104800
-0.017145 0.015362 0.104900
-0.017162 0.015645 0.105000
-0.017178 0.015927 0.105100
-0.017211 0.016226 0.105300
-0.017227 0.016510 0.105400
-0.017260 0.016811 0.105600
-0.017292 0.017112 0.105800
-0.017341 0.017431 0.106100
-0.017374 0.017735 0.106300
-0.017407 0.018040 0.106500
-0.017456 0.018363 0.106800
-0.017489 0.018670 0.107000
-0.017538 0.018996 0.107300
-0.017587 0.019323 0.107600
-0.017652 0.019671 0.108000
-0.017668 0.019964 0.108100
-0.017685 0.020259 0.108200
-0.017717 0.020572 0.108400
-0.017750 0.020887 0.108600
-0.018725 -0.011661 0.112800
-0.018592 -0.011293 0.112000
-0.018492 -0.010948 0.111400
-0.018393 -0.010607 0.110800
-0.018310 -0.010278 0.110300
-0.018277 -0.009978 0.110100
-0.018243 -0.009680 0.109900
-0.018227 -0.009391 0.109800
-0.018194 -0.009095 0.109600
-0.018144 -0.008791 0.109300
-0.018111 -0.008497 0.109100
-0.018061 -0.008197 0.108800
-0.018011 -0.007897 0.108500
-0.017945 -0.007593 0.108100
-0.017878 -0.007290 0.107700
-0.017828 -0.006996 0.107400
-0.017762 -0.006697 0.107000
-0.017712 -0.006406 0.106700
-0.017646 -0.006111 0.106300
-0.017596 -0.005824 0.106000
-0.017546 -0.005538 0.105700
-0.017513 -0.005258 0.105500
-0.017480 -0.004980 0.105300
-0.017447 -0.004703 0.105100
-0.017413 -0.004426 0.104900
-0.017397 -0.004155 0.104800
-0.017364 -0.003880 0.104600
-0.017330 -0.003607 0.104400
-0.017314 -0.003337 0.104300
-0.017297 -0.003069 0.104200
-0.017281 -0.002800 0.104100
-0.017247 -0.002530 0.103900
-0.017231 -0.002263 0.103800
-0.017214 -0.001997 0.103700
-0.017214 -0.001732 0.103700
-0.017198 -0.001466 0.103600
-0.017181 -0.001201 0.103500
-0.017164 -0.000936 0.103400
-0.017164 -0.000673 0.103400
-0.017148 -0.000409 0.103300
-0.017131 -0.000145 0.103200
-0.017131 0.000118 0.103200
-0.017131 0.000381 0.103200
-0.017115 0.000643 0.103100
-0.017098 0.000905 0.103000
-0.017081 0.001167 0.102900
-0.017065 0.001428 0.102800
-0.017048 0.001688 0.102700
-0.017032 0.001948 0.102600
-0.017032 0.002209 0.102600
-0.017015 0.002469 0.102500
-0.016998 0.002727 0.102400
-0.016998 0.002988 0.102400
-0.016982 0.003246 0.102300
-0.016982 0.003507 0.102300
-0.016982 0.003768 0.102300
-0.016982 0.004028 0.102300
-0.016965 0.004285 0.102200
-0.016965 0.004546 0.102200
-0.016965 0.004806 0.102200
-0.016965 0.005067 0.102200
-0.016965 0.005327 0.102200
-0.016965 0.005588 0.102200
-0.016965 0.005848 0.102200
-0.016965 0.006109 0.102200
-0.016965 0.006369 0.102200
-0.016982 0.006636 0.102300
-0.016982 0.006897 0.102300
-0.016982 0.007158 0.102300
-0.016998 0.007426 0.102400
-0.016998 0.007687 0.102400
-0.017015 0.007956 0.102500
-0.017015 0.008217 0.102500
-0.017032 0.008487 0.102600
-0.017032 0.008748 0.102600
-0.017048 0.009019 0.102700
-0.017048 0.009280 0.102700
-0.017065 0.009551 0.102800
-0.017065 0.009813 0.102800
-0.017081 0.010085 0.102900
-0.017081 0.010348 0.102900
-0.017098 0.010620 0.103000
-0.017115 0.010893 0.103100
-0.017131 0.011167 0.103200
-0.017164 0.011452 0.103400
-0.017198 0.011739 0.103600
-0.017214 0.012014 0.103700
-0.017247 0.012302 0.103900
-0.017281 0.012591 0.104100
-0.017297 0.012869 0.104200
-0.017314 0.013147 0.104300
-0.017330 0.013426 0.104400
-0.017347 0.013705 0.104500
-0.017364 0.013985 0.104600
-0.017364 0.014252 0.104600
-0.017380 0.014532 0.104700
-0.017397 0.014813 0.104800
-0.017397 0.015080 0.104800
-0.017413 0.015362 0.104900
-0.017430 0.015645 0.105000
-0.017447 0.015927 0.105100
-0.017463 0.016211 0.105200
-0.017496 0.016510 0.105400
-0.017513 0.016795 0.105500
-0.017546 0.017096 0.105700
-0.017596 0.017415 0.106000
-0.017646 0.017735 0.106300
-0.017679 0.018040 0.106500
-0.017729 0.018363 0.106800
-0.017762 0.018670 0.107000
-0.017812 0.018996 0.107300
-0.017862 0.019323 0.107600
-0.017928 0.019671 0.108000
-0.017945 0.019964 0.108100
-0.017961 0.020259 0.108200
-0.017994 0.020572 0.108400
-0.018028 0.020887 0.108600
-0.019064 -0.011692 0.113100
-0.018929 -0.011323 0.112300
-0.018811 -0.010968 0.111600
-0.018693 -0.010616 0.110900
-0.018625 -0.010296 0.110500
-0.018575 -0.009988 0.110200
-0.018541 -0.009689 0.110000
-0.018507 -0.009391 0.109800
-0.018474 -0.009095 0.109600
-0.018423 -0.008791 0.109300
-0.018389 -0.008497 0.109100
-0.018356 -0.008204 0.108900
-0.018288 -0.007897 0.108500
-0.018221 -0.007593 0.108100
-0.018153 -0.007290 0.107700
-0.018103 -0.006996 0.107400
-0.018035 -0.006697 0.107000
-0.017968 -0.006400 0.106600
-0.017917 -0.006111 0.106300
-0.017867 -0.005824 0.106000
-0.017799 -0.005533 0.105600
-0.017766 -0.005253 0.105400
-0.017732 -0.004975 0.105200
-0.017715 -0.004703 0.105100
-0.017681 -0.004426 0.104900
-0.017648 -0.004151 0.104700
-0.017614 -0.003877 0.104500
-0.017580 -0.003603 0.104300
-0.017563 -0.003334 0.104200
-0.017547 -0.003066 0.104100
-0.017530 -0.002798 0.104000
-0.017513 -0.002530 0.103900
-0.017479 -0.002261 0.103700
-0.017462 -0.001995 0.103600
-0.017462 -0.001730 0.103600
-0.017445 -0.001465 0.103500
-0.017429 -0.001200 0.103400
-0.017412 -0.000935 0.103300
-0.017412 -0.000672 0.103300
-0.017395 -0.000408 0.103200
-0.017378 -0.000145 0.103100
-0.017378 0.000118 0.103100
-0.017378 0.000380 0.103100
-0.017361 0.000643 0.103000
-0.017344 0.000904 0.102900
-0.017327 0.001166 0.102800
-0.017311 0.001426 0.102700
-0.017294 0.001686 0.102600
-0.017277 0.001946 0.102500
-0.017277 0.002207 0.102500
-0.017260 0.002466 0.102400
-0.017243 0.002725 0.102300
-0.017243 0.002985 0.102300
-0.017243 0.003246 0.102300
-0.017243 0.003507 0.102300
-0.017226 0.003764 0.102200
-0.017226 0.004025 0.102200
-0.017226 0.004285 0.102200
-0.017209 0.004541 0.102100
-0.017209 0.004801 0.102100
-0.017209 0.005062 0.102100
-0.017209 0.005322 0.102100
-0.017209 0.005582 0.102100
-0.017209 0.005843 0.102100
-0.017209 0.006103 0.102100
-0.017226 0.006369 0.102200
-0.017226 0.006630 0.102200
-0.017243 0.006897 0.102300
-0.017243 0.007158 0.102300
-0.017243 0.007419 0.102300
-0.017260 0.007687 0.102400
-0.017260 0.007948 0.102400
-0.017277 0.008217 0.102500
-0.017277 0.008478 0.102500
-0.017294 0.008748 0.102600
-0.017294 0.009010 0.102600
-0.017311 0.009280 0.102700
-0.017311 0.009542 0.102700
-0.017327 0.009813 0.102800
-0.017327 0.010076 0.102800
-0.017344 0.010348 0.102900
-0.017361 0.010620 0.103000
-0.017378 0.010893 0.103100
-0.017395 0.011167 0.103200
-0.017412 0.011441 0.103300
-0.017445 0.011727 0.103500
-0.017462 0.012003 0.103600
-0.017496 0.012290 0.103800
-0.017530 0.012579 0.104000
-0.017547 0.012857 0.104100
-0.017563 0.013135 0.104200
-0.017597 0.013426 0.104400
-0.017614 0.013705 0.104500
-0.017614 0.013972 0.104500
-0.017631 0.014252 0.104600
-0.017648 0.014532 0.104700
-0.017648 0.014799 0.104700
-0.017648 0.015066 0.104700
-0.017665 0.015348 0.104800
-0.017681 0.015630 0.104900
-0.017698 0.015912 0.105000
-0.017715 0.016195 0.105100
-0.017749 0.016495 0.105300
-0.017783 0.016795 0.105500
-0.017816 0.017096 0.105700
-0.017867 0.017415 0.106000
-0.017917 0.017735 0.106300
-0.017951 0.018040 0.106500
-0.018002 0.018363 0.106800
-0.018035 0.018670 0.107000
-0.018086 0.018996 0.107300
-0.018153 0.019341 0.107700
-0.018204 0.019671 0.108000
-0.018221 0.019964 0.108100
-0.018254 0.020277 0.108300
-0.018271 0.020572 0.108400
-0.018322 0.020906 0.108700
-0.019404 -0.011723 0.113400
-0.019267 -0.011353 0.112600
-0.019113 -0.010978 0.111700
-0.018976 -0.010616 0.110900
-0.018925 -0.010306 0.110600
-0.018873 -0.009997 0.110300
-0.018822 -0.009689 0.110000
-0.018805 -0.009400 0.109900
-0.018771 -0.009103 0.109700
-0.018702 -0.008791 0.109300
-0.018685 -0.008505 0.109200
-0.018634 -0.008204 0.108900
-0.018565 -0.007897 0.108500
-0.018497 -0.007593 0.108100
-0.018411 -0.007283 0.107600
-0.018343 -0.006983 0.107200
-0.018292 -0.006691 0.106900
-0.018223 -0.006394 0.106500
-0.018172 -0.006106 0.106200
-0.018138 -0.005824 0.106000
-0.018069 -0.005533 0.105600
-0.018035 -0.005253 0.105400
-0.018001 -0.004975 0.105200
-0.017967 -0.004698 0.105000
-0.017932 -0.004422 0.104800
-0.017898 -0.004147 0.104600
-0.017864 -0.003873 0.104400
-0.017847 -0.003603 0.104300
-0.017830 -0.003334 0.104200
-0.017795 -0.003063 0.104000
-0.017778 -0.002795 0.103900
-0.017761 -0.002528 0.103800
-0.017744 -0.002261 0.103700
-0.017727 -0.001995 0.103600
-0.017710 -0.001729 0.103500
-0.017693 -0.001464 0.103400
-0.017676 -0.001199 0.103300
-0.017659 -0.000935 0.103200
-0.017659 -0.000671 0.103200
-0.017641 -0.000408 0.103100
-0.017624 -0.000145 0.103000
-0.017624 0.000118 0.103000
-0.017607 0.000380 0.102900
-0.017590 0.000641 0.102800
-0.017573 0.000903 0.102700
-0.017573 0.001164 0.102700
-0.017556 0.001425 0.102600
-0.017539 0.001685 0.102500
-0.017522 0.001944 0.102400
-0.017522 0.002205 0.102400
-0.017505 0.002464 0.102300
-0.017505 0.002725 0.102300
-0.017505 0.002985 0.102300
-0.017487 0.003243 0.102200
-0.017487 0.003503 0.102200
-0.017487 0.003764 0.102200
-0.017470 0.004021 0.102100
-0.017470 0.004281 0.102100
-0.017470 0.004541 0.102100
-0.017470 0.004801 0.102100
-0.017453 0.005057 0.102000
-0.017453 0.005317 0.102000
-0.017453 0.005577 0.102000
-0.017470 0.005843 0.102100
-0.017470 0.006103 0.102100
-0.017470 0.006363 0.102100
-0.017470 0.006623 0.102100
-0.017487 0.006890 0.102200
-0.017505 0.007158 0.102300
-0.017505 0.007419 0.102300
-0.017505 0.007679 0.102300
-0.017522 0.007948 0.102400
-0.017522 0.008209 0.102400
-0.017539 0.008478 0.102500
-0.017539 0.008740 0.102500
-0.017556 0.009010 0.102600
-0.017556 0.009271 0.102600
-0.017556 0.009533 0.102600
-0.017573 0.009804 0.102700
-0.017590 0.010076 0.102800
-0.017590 0.010338 0.102800
-0.017607 0.010610 0.102900
-0.017624 0.010883 0.103000
-0.017659 0.011167 0.103200
-0.017659 0.011430 0.103200
-0.017693 0.011716 0.103400
-0.017710 0.011991 0.103500
-0.017744 0.012279 0.103700
-0.017778 0.012567 0.103900
-0.017795 0.012844 0.104000
-0.017830 0.013135 0.104200
-0.017847 0.013413 0.104300
-0.017864 0.013692 0.104400
-0.017881 0.013972 0.104500
-0.017881 0.014238 0.104500
-0.017898 0.014518 0.104600
-0.017915 0.014799 0.104700
-0.017915 0.015066 0.104700
-0.017915 0.015333 0.104700
-0.017932 0.015615 0.104800
-0.017967 0.015912 0.105000
-0.017984 0.016195 0.105100
-0.018018 0.016495 0.105300
-0.018052 0.016795 0.105500
-0.018086 0.017096 0.105700
-0.018138 0.017415 0.106000
-0.018189 0.017735 0.106300
-0.018240 0.018057 0.106600
-0.018275 0.018363 0.106800
-0.018326 0.018688 0.107100
-0.018377 0.019014 0.107400
-0.018429 0.019341 0.107700
-0.018480 0.019671 0.108000
-0.018531 0.020001 0.108300
-0.018548 0.020296 0.108400
-0.018565 0.020591 0.108500
-0.018617 0.020926 0.108800
-0.019763 -0.011764 0.113800
-0.019607 -0.011383 0.112900
-0.019451 -0.011007 0.112000
-0.019294 -0.010636 0.111100
-0.019207 -0.010306 0.110600
-0.019173 -0.010006 0.110400
-0.019103 -0.009689 0.110000
-0.019086 -0.009400 0.109900
-0.019034 -0.009095 0.109600
-0.018999 -0.008799 0.109400
-0.018947 -0.008497 0.109100
-0.018895 -0.008197 0.108800
-0.018825 -0.007890 0.108400
-0.018756 -0.007586 0.108000
-0.018686 -0.007283 0.107600
-0.018617 -0.006983 0.107200
-0.018547 -0.006685 0.106800
-0.018495 -0.006394 0.106500
-0.018443 -0.006106 0.106200
-0.018409 -0.005824 0.106000
-0.018339 -0.005533 0.105600
-0.018304 -0.005253 0.105400
-0.018270 -0.004975 0.105200
-0.018235 -0.004698 0.105000
-0.018200 -0.004422 0.104800
-0.018165 -0.004147 0.104600
-0.018131 -0.003873 0.104400
-0.018096 -0.003600 0.104200
-0.018079 -0.003331 0.104100
-0.018044 -0.003060 0.103900
-0.018026 -0.002792 0.103800
-0.018009 -0.002525 0.103700
-0.017992 -0.002259 0.103600
-0.017974 -0.001993 0.103500
-0.017957 -0.001727 0.103400
-0.017940 -0.001462 0.103300
-0.017922 -0.001198 0.103200
-0.017922 -0.000935 0.103200
-0.017905 -0.000671 0.103100
-0.017888 -0.000408 0.103000
-0.017870 -0.000145 0.102900
-0.017870 0.000117 0.102900
-0.017853 0.000379 0.102800
-0.017835 0.000641 0.102700
-0.017818 0.000902 0.102600
-0.017801 0.001162 0.102500
-0.017783 0.001422 0.102400
-0.017783 0.001683 0.102400
-0.017766 0.001942 0.102300
-0.017766 0.002203 0.102300
-0.017766 0.002464 0.102300
-0.017749 0.002722 0.102200
-0.017749 0.002982 0.102200
-0.017749 0.003243 0.102200
-0.017731 0.003500 0.102100
-0.017731 0.003760 0.102100
-0.017731 0.004021 0.102100
-0.017714 0.004277 0.102000
-0.017714 0.004537 0.102000
-0.017714 0.004797 0.102000
-0.017714 0.005057 0.102000
-0.017714 0.005317 0.102000
-0.017714 0.005577 0.102000
-0.017714 0.005837 0.102000
-0.017714 0.006097 0.102000
-0.017731 0.006363 0.102100
-0.017731 0.006623 0.102100
-0.017749 0.006890 0.102200
-0.017749 0.007151 0.102200
-0.017766 0.007419 0.102300
-0.017766 0.007679 0.102300
-0.017766 0.007940 0.102300
-0.017783 0.008209 0.102400
-0.017783 0.008470 0.102400
-0.017801 0.008740 0.102500
-0.017801 0.009001 0.102500
-0.017818 0.009271 0.102600
-0.017818 0.009533 0.102600
-0.017835 0.009804 0.102700
-0.017835 0.010066 0.102700
-0.017853 0.010338 0.102800
-0.017870 0.010610 0.102900
-0.017888 0.010883 0.103000
-0.017905 0.011156 0.103100
-0.017922 0.011430 0.103200
-0.017940 0.011705 0.103300
-0.017957 0.011979 0.103400
-0.017992 0.012267 0.103600
-0.018009 0.012543 0.103700
-0.018044 0.012832 0.103900
-0.018079 0.013122 0.104100
-0.018096 0.013400 0.104200
-0.018113 0.013679 0.104300
-0.018131 0.013958 0.104400
-0.018148 0.014238 0.104500
-0.018148 0.014504 0.104500
-0.018165 0.014785 0.104600
-0.018165 0.015052 0.104600
-0.018183 0.015333 0.104700
-0.018200 0.015615 0.104800
-0.018217 0.015897 0.104900
-0.018252 0.016195 0.105100
-0.018287 0.016495 0.105300
-0.018322 0.016795 0.105500
-0.018356 0.017096 0.105700
-0.018409 0.017415 0.106000
-0.018461 0.017735 0.106300
-0.018513 0.018057 0.106600
-0.018565 0.018380 0.106900
-0.018600 0.018688 0.107100
-0.018652 0.019014 0.107400
-0.018721 0.019359 0.107800
-0.018756 0.019671 0.108000
-0.018808 0.020001 0.108300
-0.018825 0.020296 0.108400
-0.018843 0.020591 0.108500
-0.018895 0.020926 0.108800
-0.020089 -0.011785 0.114000
-0.019931 -0.011404 0.113100
-0.019754 -0.011017 0.112100
-0.019578 -0.010636 0.111100
-0.019490 -0.010306 0.110600
-0.019437 -0.009997 0.110300
-0.019384 -0.009689 0.110000
-0.019349 -0.009391 0.109800
-0.019296 -0.009087 0.109500
-0.019261 -0.008791 0.109300
-0.019208 -0.008489 0.109000
-0.019138 -0.008181 0.108600
-0.019085 -0.007883 0.108300
-0.019032 -0.007586 0.108000
-0.018961 -0.007283 0.107600
-0.018891 -0.006983 0.107200
-0.018820 -0.006685 0.106800
-0.018750 -0.006388 0.106400
-0.018715 -0.006106 0.106200
-0.018662 -0.005818 0.105900
-0.018609 -0.005533 0.105600
-0.018574 -0.005253 0.105400
-0.018538 -0.004975 0.105200
-0.018503 -0.004698 0.105000
-0.018450 -0.004418 0.104700
-0.018415 -0.004143 0.104500
-0.018380 -0.003869 0.104300
-0.018362 -0.003600 0.104200
-0.018327 -0.003328 0.104000
-0.018309 -0.003060 0.103900
-0.018292 -0.002792 0.103800
-0.018256 -0.002523 0.103600
-0.018239 -0.002257 0.103500
-0.018221 -0.001991 0.103400
-0.018204 -0.001725 0.103300
-0.018186 -0.001461 0.103200
-0.018186 -0.001198 0.103200
-0.018168 -0.000934 0.103100
-0.018151 -0.000670 0.103000
-0.018133 -0.000407 0.102900
-0.018115 -0.000145 0.102800
-0.018115 0.000117 0.102800
-0.018098 0.000379 0.102700
-0.018080 0.000640 0.102600
-0.018063 0.000901 0.102500
-0.018045 0.001161 0.102400
-0.018027 0.001421 0.102300
-0.018027 0.001681 0.102300
-0.018027 0.001942 0.102300
-0.018010 0.002201 0.102200
-0.018010 0.002461 0.102200
-0.017992 0.002719 0.102100
-0.017992 0.002980 0.102100
-0.017992 0.003240 0.102100
-0.017992 0.003500 0.102100
-0.017992 0.003760 0.102100
-0.017974 0.004017 0.102000
-0.017974 0.004277 0.102000
-0.017974 0.004537 0.102000
-0.017974 0.004797 0.102000
-0.017974 0.005057 0.102000
-0.017974 0.005317 0.102000
-0.017974 0.005577 0.102000
-0.017974 0.005837 0.102000
-0.017974 0.006097 0.102000
-0.017974 0.006357 0.102000
-0.017992 0.006623 0.102100
-0.017992 0.006884 0.102100
-0.018010 0.007151 0.102200
-0.018010 0.007411 0.102200
-0.018027 0.007679 0.102300
-0.018027 0.007940 0.102300
-0.018027 0.008201 0.102300
-0.018045 0.008470 0.102400
-0.018045 0.008731 0.102400
-0.018063 0.009001 0.102500
-0.018063 0.009262 0.102500
-0.018080 0.009533 0.102600
-0.018080 0.009794 0.102600
-0.018098 0.010066 0.102700
-0.018098 0.010328 0.102700
-0.018115 0.010600 0.102800
-0.018133 0.010872 0.102900
-0.018151 0.011145 0.103000
-0.018168 0.011419 0.103100
-0.018186 0.011693 0.103200
-0.018204 0.011968 0.103300
-0.018239 0.012255 0.103500
-0.018256 0.012531 0.103600
-0.018292 0.012820 0.103800
-0.018309 0.013097 0.103900
-0.018345 0.013387 0.104100
-0.018362 0.013666 0.104200
-0.018380 0.013945 0.104300
-0.018397 0.014224 0.104400
-0.018415 0.014504 0.104500
-0.018433 0.014785 0.104600
-0.018433 0.015052 0.104600
-0.018450 0.015333 0.104700
-0.018468 0.015615 0.104800
-0.018486 0.015897 0.104900
-0.018521 0.016195 0.105100
-0.018556 0.016495 0.105300
-0.018591 0.016795 0.105500
-0.018626 0.017096 0.105700
-0.018697 0.017431 0.106100
-0.018750 0.017752 0.106400
-0.018803 0.018074 0.106700
-0.018838 0.018380 0.106900
-0.018891 0.018705 0.107200
-0.018944 0.019031 0.107500
-0.019014 0.019377 0.107900
-0.019067 0.019707 0.108200
-0.019102 0.020020 0.108400
-0.019120 0.020315 0.108500
-0.019138 0.020610 0.108600
-0.019190 0.020945 0.108900
-0.020380 -0.011785 0.114000
-0.020220 -0.011404 0.113100
-0.020041 -0.011017 0.112100
-0.019826 -0.010616 0.110900
-0.019737 -0.010287 0.110400
-0.019683 -0.009978 0.110100
-0.019630 -0.009671 0.109800
-0.019594 -0.009374 0.109600
-0.019558 -0.009078 0.109400
-0.019522 -0.008783 0.109200
-0.019469 -0.008482 0.108900
-0.019397 -0.008174 0.108500
-0.019344 -0.007875 0.108200
-0.019344 -0.007600 0.108200
-0.019147 -0.006976 0.107100
-0.019075 -0.006678 0.106700
-0.019022 -0.006388 0.106400
-0.018986 -0.006106 0.106200
-0.018932 -0.005818 0.105900
-0.018879 -0.005533 0.105600
-0.018843 -0.005253 0.105400
-0.018789 -0.004971 0.105100
-0.018771 -0.004698 0.105000
-0.018718 -0.004418 0.104700
-0.018682 -0.004143 0.104500
-0.018646 -0.003869 0.104300
-0.018611 -0.003596 0.104100
-0.018593 -0.003328 0.104000
-0.018557 -0.003057 0.103800
-0.018539 -0.002790 0.103700
-0.018521 -0.002523 0.103600
-0.018503 -0.002257 0.103500
-0.018485 -0.001991 0.103400
-0.018468 -0.001725 0.103300
-0.018450 -0.001461 0.103200
-0.018450 -0.001198 0.103200
-0.018414 -0.000933 0.103000
-0.018414 -0.000670 0.103000
-0.018378 -0.000407 0.102800
-0.018360 -0.000145 0.102700
-0.018360 0.000117 0.102700
-0.018342 0.000379 0.102600
-0.018324 0.000640 0.102500
-0.018307 0.000900 0.102400
-0.018289 0.001160 0.102300
-0.018289 0.001421 0.102300
-0.018271 0.001680 0.102200
-0.018271 0.001940 0.102200
-0.018253 0.002199 0.102100
-0.018253 0.002459 0.102100
-0.018253 0.002719 0.102100
-0.018235 0.002977 0.102000
-0.018235 0.003237 0.102000
-0.018235 0.003497 0.102000
-0.018235 0.003757 0.102000
-0.018235 0.004017 0.102000
-0.018235 0.004277 0.102000
-0.018235 0.004537 0.102000
-0.018235 0.004797 0.102000
-0.018235 0.005057 0.102000
-0.018235 0.005317 0.102000
-0.018235 0.005577 0.102000
-0.018235 0.005837 0.102000
-0.018235 0.006097 0.102000
-0.018235 0.006357 0.102000
-0.018253 0.006623 0.102100
-0.018253 0.006884 0.102100
-0.018271 0.007151 0.102200
-0.018271 0.007411 0.102200
-0.018289 0.007679 0.102300
-0.018289 0.007940 0.102300
-0.018289 0.008201 0.102300
-0.018289 0.008462 0.102300
-0.018307 0.008731 0.102400
-0.018307 0.008992 0.102400
-0.018324 0.009262 0.102500
-0.018324 0.009524 0.102500
-0.018342 0.009794 0.102600
-0.018342 0.010056 0.102600
-0.018360 0.010328 0.102700
-0.018360 0.010589 0.102700
-0.018378 0.010862 0.102800
-0.018396 0.011135 0.102900
-0.018414 0.011408 0.103000
-0.018432 0.011682 0.103100
-0.018450 0.011956 0.103200
-0.018468 0.012231 0.103300
-0.018503 0.012519 0.103500
-0.018521 0.012795 0.103600
-0.018557 0.013084 0.103800
-0.018575 0.013362 0.103900
-0.018611 0.013653 0.104100
-0.018628 0.013932 0.104200
-0.018646 0.014211 0.104300
-0.018664 0.014491 0.104400
-0.018682 0.014771 0.104500
-0.018700 0.015052 0.104600
-0.018700 0.015318 0.104600
-0.018736 0.015615 0.104800
-0.018771 0.015912 0.105000
-0.018789 0.016195 0.105100
-0.018825 0.016495 0.105300
-0.018861 0.016795 0.105500
-0.018932 0.017128 0.105900
-0.018986 0.017448 0.106200
-0.019040 0.017768 0.106500
-0.019075 0.018074 0.106700
-0.019129 0.018397 0.107000
-0.019183 0.018723 0.107300
-0.019236 0.019049 0.107600
-0.019290 0.019377 0.107900
-0.019344 0.019707 0.108200
-0.019379 0.020020 0.108400
-0.019415 0.020334 0.108600
-0.019415 0.020610 0.108600
-0.019469 0.020945 0.108900
-0.019504 0.021262 0.109100
-0.020762 -0.011837 0.114500
-0.020055 -0.010588 0.110600
-0.019983 -0.010268 0.110200
-0.019928 -0.009960 0.109900
-0.019874 -0.009654 0.109600
-0.019838 -0.009357 0.109400
-0.019801 -0.009062 0.109200
-0.019765 -0.008767 0.109000
-0.019711 -0.008466 0.108700
-0.019638 -0.008159 0.108300
-0.019584 -0.007861 0.108000
-0.019584 -0.007586 0.108000
-0.019402 -0.006970 0.107000
-0.019348 -0.006678 0.106700
-0.019275 -0.006382 0.106300
-0.019239 -0.006100 0.106100
-0.019203 -0.005818 0.105900
-0.019149 -0.005533 0.105600
-0.019112 -0.005253 0.105400
-0.019058 -0.004971 0.105100
-0.019022 -0.004694 0.104900
-0.018985 -0.004418 0.104700
-0.018949 -0.004143 0.104500
-0.018913 -0.003869 0.104300
-0.018877 -0.003596 0.104100
-0.018858 -0.003328 0.104000
-0.018822 -0.003057 0.103800
-0.018804 -0.002790 0.103700
-0.018768 -0.002520 0.103500
-0.018750 -0.002254 0.103400
-0.018731 -0.001989 0.103300
-0.018731 -0.001725 0.103300
-0.018713 -0.001461 0.103200
-0.018695 -0.001196 0.103100
-0.018677 -0.000933 0.103000
-0.018659 -0.000670 0.102900
-0.018641 -0.000407 0.102800
-0.018605 -0.000144 0.102600
-0.018605 0.000117 0.102600
-0.018586 0.000378 0.102500
-0.018568 0.000639 0.102400
-0.018550 0.000899 0.102300
-0.018532 0.001159 0.102200
-0.018532 0.001419 0.102200
-0.018514 0.001678 0.102100
-0.018514 0.001938 0.102100
-0.018514 0.002199 0.102100
-0.018496 0.002457 0.102000
-0.018496 0.002717 0.102000
-0.018496 0.002977 0.102000
-0.018496 0.003237 0.102000
-0.018496 0.003497 0.102000
-0.018496 0.003757 0.102000
-0.018496 0.004017 0.102000
-0.018496 0.004277 0.102000
-0.018496 0.004537 0.102000
-0.018496 0.004797 0.102000
-0.018496 0.005057 0.102000
-0.018496 0.005317 0.102000
-0.018496 0.005577 0.102000
-0.018496 0.005837 0.102000
-0.018496 0.006097 0.102000
-0.018496 0.006357 0.102000
-0.018514 0.006623 0.102100
-0.018514 0.006884 0.102100
-0.018514 0.007144 0.102100
-0.018532 0.007411 0.102200
-0.018532 0.007672 0.102200
-0.018550 0.007940 0.102300
-0.018550 0.008201 0.102300
-0.018550 0.008462 0.102300
-0.018550 0.008723 0.102300
-0.018568 0.008992 0.102400
-0.018568 0.009253 0.102400
-0.018586 0.009524 0.102500
-0.018586 0.009785 0.102500
-0.018605 0.010056 0.102600
-0.018605 0.010317 0.102600
-0.018623 0.010589 0.102700
-0.018641 0.010862 0.102800
-0.018659 0.011135 0.102900
-0.018677 0.011408 0.103000
-0.018695 0.011682 0.103100
-0.018713 0.011956 0.103200
-0.018713 0.012219 0.103200
-0.018750 0.012507 0.103400
-0.018768 0.012783 0.103500
-0.018786 0.013059 0.103600
-0.018822 0.013349 0.103800
-0.018840 0.013627 0.103900
-0.018877 0.013918 0.104100
-0.018895 0.014197 0.104200
-0.018913 0.014477 0.104300
-0.018949 0.014771 0.104500
-0.018967 0.015052 0.104600
-0.018967 0.015318 0.104600
-0.019003 0.015615 0.104800
-0.019040 0.015912 0.105000
-0.019058 0.016195 0.105100
-0.019094 0.016495 0.105300
-0.019149 0.016811 0.105600
-0.019203 0.017128 0.105900
-0.019257 0.017448 0.106200
-0.019330 0.017785 0.106600
-0.019366 0.018091 0.106800
-0.019421 0.018415 0.107100
-0.019475 0.018740 0.107400
-0.019511 0.019049 0.107600
-0.019584 0.019395 0.108000
-0.019638 0.019725 0.108300
-0.019674 0.020038 0.108500
-0.019693 0.020334 0.108600
-0.019711 0.020629 0.108700
-0.019747 0.020945 0.108900
-0.019783 0.021262 0.109100
-0.020797 -0.011692 0.113100
-0.020614 -0.011303 0.112100
-0.020466 -0.010938 0.111300
-0.020301 -0.010569 0.110400
-0.020227 -0.010250 0.110000
-0.020172 -0.009942 0.109700
-0.020117 -0.009636 0.109400
-0.020080 -0.009340 0.109200
-0.020044 -0.009045 0.109000
-0.020007 -0.008751 0.108800
-0.019952 -0.008450 0.108500
-0.019896 -0.008151 0.108200
-0.019841 -0.007854 0.107900
-0.019768 -0.007550 0.107500
-0.019713 -0.007256 0.107200
-0.019657 -0.006963 0.106900
-0.019602 -0.006672 0.106600
-0.019547 -0.006382 0.106300
-0.019510 -0.006100 0.106100
-0.019474 -0.005818 0.105900
-0.019418 -0.005533 0.105600
-0.019363 -0.005249 0.105300
-0.019326 -0.004971 0.105100
-0.019290 -0.004694 0.104900
-0.019253 -0.004418 0.104700
-0.019198 -0.004139 0.104400
-0.019161 -0.003866 0.104200
-0.019143 -0.003596 0.104100
-0.019124 -0.003328 0.104000
-0.019087 -0.003057 0.103800
-0.019069 -0.002790 0.103700
-0.019032 -0.002520 0.103500
-0.019014 -0.002254 0.103400
-0.018995 -0.001989 0.103300
-0.018977 -0.001724 0.103200
-0.018977 -0.001461 0.103200
-0.018959 -0.001196 0.103100
-0.018922 -0.000932 0.102900
-0.018903 -0.000669 0.102800
-0.018885 -0.000406 0.102700
-0.018867 -0.000144 0.102600
-0.018867 0.000117 0.102600
-0.018848 0.000378 0.102500
-0.018812 0.000638 0.102300
-0.018812 0.000899 0.102300
-0.018793 0.001159 0.102200
-0.018775 0.001418 0.102100
-0.018775 0.001678 0.102100
-0.018756 0.001937 0.102000
-0.018756 0.002197 0.102000
-0.018756 0.002457 0.102000
-0.018738 0.002714 0.101900
-0.018738 0.002974 0.101900
-0.018756 0.003237 0.102000
-0.018756 0.003497 0.102000
-0.018756 0.003757 0.102000
-0.018756 0.004017 0.102000
-0.018756 0.004277 0.102000
-0.018756 0.004537 0.102000
-0.018756 0.004797 0.102000
-0.018756 0.005057 0.102000
-0.018756 0.005317 0.102000
-0.018756 0.005577 0.102000
-0.018756 0.005837 0.102000
-0.018756 0.006097 0.102000
-0.018756 0.006357 0.102000
-0.018775 0.006623 0.102100
-0.018775 0.006884 0.102100
-0.018775 0.007144 0.102100
-0.018793 0.007411 0.102200
-0.018793 0.007672 0.102200
-0.018812 0.007940 0.102300
-0.018812 0.008201 0.102300
-0.018812 0.008462 0.102300
-0.018812 0.008723 0.102300
-0.018830 0.008992 0.102400
-0.018830 0.009253 0.102400
-0.018830 0.009514 0.102400
-0.018848 0.009785 0.102500
-0.018848 0.010046 0.102500
-0.018867 0.010317 0.102600
-0.018885 0.010589 0.102700
-0.018903 0.010862 0.102800
-0.018903 0.011124 0.102800
-0.018922 0.011397 0.102900
-0.018940 0.011671 0.103000
-0.018959 0.011945 0.103100
-0.018977 0.012219 0.103200
-0.018995 0.012495 0.103300
-0.019014 0.012770 0.103400
-0.019032 0.013046 0.103500
-0.019069 0.013336 0.103700
-0.019087 0.013613 0.103800
-0.019124 0.013905 0.104000
-0.019143 0.014184 0.104100
-0.019161 0.014463 0.104200
-0.019198 0.014757 0.104400
-0.019234 0.015052 0.104600
-0.019234 0.015318 0.104600
-0.019271 0.015615 0.104800
-0.019308 0.015912 0.105000
-0.019326 0.016195 0.105100
-0.019382 0.016510 0.105400
-0.019418 0.016811 0.105600
-0.019492 0.017145 0.106000
-0.019547 0.017464 0.106300
-0.019602 0.017785 0.106600
-0.019657 0.018108 0.106900
-0.019713 0.018432 0.107200
-0.019749 0.018740 0.107400
-0.019805 0.019067 0.107700
-0.019860 0.019395 0.108000
-0.019915 0.019725 0.108300
-0.019952 0.020038 0.108500
-0.019970 0.020334 0.108600
-0.019988 0.020629 0.108700
-0.020044 0.020964 0.109000
-0.020993 -0.011640 0.112600
-0.020844 -0.011273 0.111800
-0.020695 -0.010909 0.111000
-0.020564 -0.010559 0.110300
-0.020471 -0.010231 0.109800
-0.020434 -0.009933 0.109600
-0.020359 -0.009619 0.109200
-0.020341 -0.009332 0.109100
-0.020303 -0.009037 0.108900
-0.020247 -0.008735 0.108600
-0.020192 -0.008435 0.108300
-0.020136 -0.008136 0.108000
-0.020080 -0.007839 0.107700
-0.020024 -0.007543 0.107400
-0.019968 -0.007249 0.107100
-0.019912 -0.006957 0.106800
-0.019856 -0.006666 0.106500
-0.019800 -0.006376 0.106200
-0.019781 -0.006100 0.106100
-0.019725 -0.005813 0.105800
-0.019688 -0.005533 0.105600
-0.019632 -0.005249 0.105300
-0.019595 -0.004971 0.105100
-0.019558 -0.004694 0.104900
-0.019520 -0.004418 0.104700
-0.019464 -0.004139 0.104400
-0.019427 -0.003866 0.104200
-0.019409 -0.003596 0.104100
-0.019371 -0.003325 0.103900
-0.019353 -0.003057 0.103800
-0.019334 -0.002790 0.103700
-0.019297 -0.002520 0.103500
-0.019278 -0.002254 0.103400
-0.019259 -0.001989 0.103300
-0.019241 -0.001724 0.103200
-0.019241 -0.001461 0.103200
-0.019203 -0.001195 0.103000
-0.019185 -0.000932 0.102900
-0.019166 -0.000669 0.102800
-0.019147 -0.000406 0.102700
-0.019110 -0.000144 0.102500
-0.019110 0.000117 0.102500
-0.019092 0.000378 0.102400
-0.019073 0.000638 0.102300
-0.019054 0.000898 0.102200
-0.019036 0.001158 0.102100
-0.019036 0.001418 0.102100
-0.019017 0.001676 0.102000
-0.019017 0.001937 0.102000
-0.018998 0.002194 0.101900
-0.018998 0.002454 0.101900
-0.018998 0.002714 0.101900
-0.018998 0.002974 0.101900
-0.018998 0.003233 0.101900
-0.019017 0.003497 0.102000
-0.019017 0.003757 0.102000
-0.019017 0.004017 0.102000
-0.019017 0.004277 0.102000
-0.019017 0.004537 0.102000
-0.019017 0.004797 0.102000
-0.019017 0.005057 0.102000
-0.019017 0.005317 0.102000
-0.019017 0.005577 0.102000
-0.019017 0.005837 0.102000
-0.019017 0.006097 0.102000
-0.019017 0.006357 0.102000
-0.019017 0.006617 0.102000
-0.019036 0.006884 0.102100
-0.019036 0.007144 0.102100
-0.019036 0.007404 0.102100
-0.019054 0.007672 0.102200
-0.019054 0.007932 0.102200
-0.019073 0.008201 0.102300
-0.019073 0.008462 0.102300
-0.019073 0.008723 0.102300
-0.019073 0.008983 0.102300
-0.019092 0.009253 0.102400
-0.019092 0.009514 0.102400
-0.019110 0.009785 0.102500
-0.019110 0.010046 0.102500
-0.019129 0.010317 0.102600
-0.019147 0.010589 0.102700
-0.019147 0.010851 0.102700
-0.019166 0.011124 0.102800
-0.019185 0.011397 0.102900
-0.019185 0.011659 0.102900
-0.019203 0.011933 0.103000
-0.019222 0.012208 0.103100
-0.019241 0.012482 0.103200
-0.019259 0.012758 0.103300
-0.019278 0.013034 0.103400
-0.019315 0.013323 0.103600
-0.019334 0.013600 0.103700
-0.019371 0.013891 0.103900
-0.019390 0.014170 0.104000
-0.019427 0.014463 0.104200
-0.019446 0.014743 0.104300
-0.019502 0.015052 0.104600
-0.019502 0.015318 0.104600
-0.019539 0.015615 0.104800
-0.019576 0.015912 0.105000
-0.019614 0.016211 0.105200
-0.019651 0.016510 0.105400
-0.019707 0.016827 0.105700
-0.019781 0.017161 0.106100
-0.019837 0.017481 0.106400
-0.019893 0.017802 0.106700
-0.019949 0.018125 0.107000
-0.019986 0.018432 0.107200
-0.020042 0.018757 0.107500
-0.020080 0.019067 0.107700
-0.020154 0.019413 0.108100
-0.020192 0.019725 0.108300
-0.020229 0.020038 0.108500
-0.020247 0.020334 0.108600
-0.020266 0.020629 0.108700
-0.020322 0.020964 0.109000
-0.021281 -0.011640 0.112600
-0.021130 -0.011273 0.111800
-0.020941 -0.010889 0.110800
-0.020808 -0.010540 0.110100
-0.020733 -0.010222 0.109700
-0.020676 -0.009915 0.109400
-0.020619 -0.009610 0.109100
-0.020601 -0.009323 0.109000
-0.020544 -0.009020 0.108700
-0.020487 -0.008719 0.108400
-0.020449 -0.008427 0.108200
-0.020374 -0.008121 0.107800
-0.020317 -0.007825 0.107500
-0.020279 -0.007536 0.107300
-0.020241 -0.007249 0.107100
-0.020185 -0.006957 0.106800
-0.020128 -0.006666 0.106500
-0.020071 -0.006376 0.106200
-0.020034 -0.006094 0.106000
-0.019996 -0.005813 0.105800
-0.019939 -0.005527 0.105500
-0.019901 -0.005249 0.105300
-0.019864 -0.004971 0.105100
-0.019826 -0.004694 0.104900
-0.019788 -0.004418 0.104700
-0.019731 -0.004139 0.104400
-0.019693 -0.003866 0.104200
-0.019675 -0.003596 0.104100
-0.019637 -0.003325 0.103900
-0.019618 -0.003057 0.103800
-0.019599 -0.002790 0.103700
-0.019561 -0.002520 0.103500
-0.019542 -0.002254 0.103400
-0.019523 -0.001989 0.103300
-0.019504 -0.001724 0.103200
-0.019504 -0.001461 0.103200
-0.019467 -0.001195 0.103000
-0.019448 -0.000932 0.102900
-0.019429 -0.000669 0.102800
-0.019410 -0.000406 0.102700
-0.019372 -0.000144 0.102500
-0.019372 0.000117 0.102500
-0.019353 0.000378 0.102400
-0.019334 0.000638 0.102300
-0.019315 0.000898 0.102200
-0.019297 0.001158 0.102100
-0.019297 0.001418 0.102100
-0.019278 0.001676 0.102000
-0.019259 0.001935 0.101900
-0.019259 0.002194 0.101900
-0.019259 0.002454 0.101900
-0.019259 0.002714 0.101900
-0.019259 0.002974 0.101900
-0.019259 0.003233 0.101900
-0.019278 0.003497 0.102000
-0.019278 0.003757 0.102000
-0.019278 0.004017 0.102000
-0.019278 0.004277 0.102000
-0.019278 0.004537 0.102000
-0.019278 0.004797 0.102000
-0.019278 0.005057 0.102000
-0.019278 0.005317 0.102000
-0.019278 0.005577 0.102000
-0.019278 0.005837 0.102000
-0.019278 0.006097 0.102000
-0.019278 0.006357 0.102000
-0.019278 0.006617 0.102000
-0.019297 0.006884 0.102100
-0.019297 0.007144 0.102100
-0.019297 0.007404 0.102100
-0.019315 0.007672 0.102200
-0.019315 0.007932 0.102200
-0.019315 0.008193 0.102200
-0.019334 0.008462 0.102300
-0.019334 0.008723 0.102300
-0.019334 0.008983 0.102300
-0.019353 0.009253 0.102400
-0.019353 0.009514 0.102400
-0.019372 0.009785 0.102500
-0.019372 0.010046 0.102500
-0.019391 0.010317 0.102600
-0.019410 0.010589 0.102700
-0.019410 0.010851 0.102700
-0.019429 0.011124 0.102800
-0.019429 0.011386 0.102800
-0.019448 0.011659 0.102900
-0.019467 0.011933 0.103000
-0.019486 0.012208 0.103100
-0.019486 0.012470 0.103100
-0.019504 0.012746 0.103200
-0.019523 0.013021 0.103300
-0.019561 0.013310 0.103500
-0.019580 0.013587 0.103600
-0.019618 0.013878 0.103800
-0.019637 0.014156 0.103900
-0.019675 0.014449 0.104100
-0.019712 0.014743 0.104300
-0.019750 0.015037 0.104500
-0.019750 0.015304 0.104500
-0.019807 0.015615 0.104800
-0.019845 0.015912 0.105000
-0.019882 0.016211 0.105200
-0.019939 0.016526 0.105500
-0.019996 0.016843 0.105800
-0.020071 0.017177 0.106200
-0.020128 0.017497 0.106500
-0.020185 0.017818 0.106800
-0.020223 0.018125 0.107000
-0.020279 0.018449 0.107300
-0.020317 0.018757 0.107500
-0.020374 0.019085 0.107800
-0.020430 0.019413 0.108100
-0.020487 0.019743 0.108400
-0.020506 0.020038 0.108500
-0.020525 0.020334 0.108600
-0.020544 0.020629 0.108700
-0.020601 0.020964 0.109000
-0.021396 -0.011547 0.111700
-0.021281 -0.011202 0.111100
-0.021186 -0.010870 0.110600
-0.021090 -0.010540 0.110100
-0.021013 -0.010222 0.109700
-0.020956 -0.009915 0.109400
-0.020898 -0.009610 0.109100
-0.020860 -0.009314 0.108900
-0.020802 -0.009012 0.108600
-0.020745 -0.008711 0.108300
-0.020707 -0.008419 0.108100
-0.020630 -0.008114 0.107700
-0.020592 -0.007825 0.107500
-0.020534 -0.007529 0.107200
-0.020477 -0.007236 0.106900
-0.020439 -0.006950 0.106700
-0.020400 -0.006666 0.106500
-0.020343 -0.006376 0.106200
-0.020304 -0.006094 0.106000
-0.020266 -0.005813 0.105800
-0.020209 -0.005527 0.105500
-0.020170 -0.005249 0.105300
-0.020132 -0.004971 0.105100
-0.020094 -0.004694 0.104900
-0.020055 -0.004418 0.104700
-0.019998 -0.004139 0.104400
-0.019960 -0.003866 0.104200
-0.019940 -0.003596 0.104100
-0.019902 -0.003325 0.103900
-0.019883 -0.003057 0.103800
-0.019864 -0.002790 0.103700
-0.019845 -0.002523 0.103600
-0.019806 -0.002254 0.103400
-0.019787 -0.001989 0.103300
-0.019768 -0.001724 0.103200
-0.019768 -0.001461 0.103200
-0.019749 -0.001196 0.103100
-0.019711 -0.000932 0.102900
-0.019691 -0.000669 0.102800
-0.019672 -0.000406 0.102700
-0.019634 -0.000144 0.102500
-0.019615 0.000117 0.102400
-0.019615 0.000378 0.102400
-0.019596 0.000638 0.102300
-0.019577 0.000898 0.102200
-0.019557 0.001158 0.102100
-0.019557 0.001418 0.102100
-0.019538 0.001676 0.102000
-0.019519 0.001935 0.101900
-0.019519 0.002194 0.101900
-0.019519 0.002454 0.101900
-0.019519 0.002714 0.101900
-0.019519 0.002974 0.101900
-0.019519 0.003233 0.101900
-0.019538 0.003497 0.102000
-0.019538 0.003757 0.102000
-0.019538 0.004017 0.102000
-0.019538 0.004277 0.102000
-0.019538 0.004537 0.102000
-0.019538 0.004797 0.102000
-0.019538 0.005057 0.102000
-0.019538 0.005317 0.102000
-0.019538 0.005577 0.102000
-0.019538 0.005837 0.102000
-0.019538 0.006097 0.102000
-0.019538 0.006357 0.102000
-0.019538 0.006617 0.102000
-0.019557 0.006884 0.102100
-0.019557 0.007144 0.102100
-0.019557 0.007404 0.102100
-0.019557 0.007664 0.102100
-0.019577 0.007932 0.102200
-0.019577 0.008193 0.102200
-0.019596 0.008462 0.102300
-0.019596 0.008723 0.102300
-0.019596 0.008983 0.102300
-0.019615 0.009253 0.102400
-0.019615 0.009514 0.102400
-0.019634 0.009785 0.102500
-0.019634 0.010046 0.102500
-0.019653 0.010317 0.102600
-0.019672 0.010589 0.102700
-0.019672 0.010851 0.102700
-0.019691 0.011124 0.102800
-0.019691 0.011386 0.102800
-0.019711 0.011659 0.102900
-0.019730 0.011933 0.103000
-0.019730 0.012196 0.103000
-0.019749 0.012470 0.103100
-0.019768 0.012746 0.103200
-0.019787 0.013021 0.103300
-0.019806 0.013297 0.103400
-0.019826 0.013574 0.103500
-0.019864 0.013865 0.103700
-0.019902 0.014156 0.103900
-0.019921 0.014435 0.104000
-0.019960 0.014728 0.104200
-0.020017 0.015037 0.104500
-0.020017 0.015304 0.104500
-0.020055 0.015600 0.104700
-0.020113 0.015912 0.105000
-0.020151 0.016211 0.105200
-0.020209 0.016526 0.105500
-0.020285 0.016858 0.105900
-0.020343 0.017177 0.106200
-0.020400 0.017497 0.106500
-0.020458 0.017818 0.106800
-0.020515 0.018142 0.107100
-0.020573 0.018466 0.107400
-0.020611 0.018775 0.107600
-0.020668 0.019102 0.107900
-0.020707 0.019413 0.108100
-0.020764 0.019743 0.108400
-0.020783 0.020038 0.108500
-0.020802 0.020334 0.108600
-0.020822 0.020629 0.108700
-0.020860 0.020945 0.108900
-0.021682 -0.011547 0.111700
-0.021507 -0.011172 0.110800
-0.021429 -0.010850 0.110400
-0.021352 -0.010530 0.110000
-0.021293 -0.010222 0.109700
-0.021235 -0.009915 0.109400
-0.021177 -0.009610 0.109100
-0.021138 -0.009314 0.108900
-0.021080 -0.009012 0.108600
-0.021022 -0.008711 0.108300
-0.020983 -0.008419 0.108100
-0.020905 -0.008114 0.107700
-0.020847 -0.007817 0.107400
-0.020808 -0.007529 0.107200
-0.020750 -0.007236 0.106900
-0.020711 -0.006950 0.106700
-0.020672 -0.006666 0.106500
-0.020614 -0.006376 0.106200
-0.020575 -0.006094 0.106000
-0.020517 -0.005807 0.105700
-0.020478 -0.005527 0.105500
-0.020439 -0.005249 0.105300
-0.020401 -0.004971 0.105100
-0.020362 -0.004694 0.104900
-0.020304 -0.004414 0.104600
-0.020265 -0.004139 0.104400
-0.020226 -0.003866 0.104200
-0.020206 -0.003596 0.104100
-0.020187 -0.003328 0.104000
-0.020148 -0.003057 0.103800
-0.020129 -0.002790 0.103700
-0.020109 -0.002523 0.103600
-0.020090 -0.002257 0.103500
-0.020071 -0.001991 0.103400
-0.020051 -0.001725 0.103300
-0.020032 -0.001461 0.103200
-0.020012 -0.001196 0.103100
-0.019974 -0.000932 0.102900
-0.019954 -0.000669 0.102800
-0.019935 -0.000406 0.102700
-0.019896 -0.000144 0.102500
-0.019877 0.000117 0.102400
-0.019877 0.000378 0.102400
-0.019857 0.000638 0.102300
-0.019838 0.000898 0.102200
-0.019818 0.001158 0.102100
-0.019818 0.001418 0.102100
-0.019799 0.001676 0.102000
-0.019799 0.001937 0.102000
-0.019779 0.002194 0.101900
-0.019779 0.002454 0.101900
-0.019779 0.002714 0.101900
-0.019779 0.002974 0.101900
-0.019799 0.003237 0.102000
-0.019799 0.003497 0.102000
-0.019799 0.003757 0.102000
-0.019799 0.004017 0.102000
-0.019799 0.004277 0.102000
-0.019799 0.004537 0.102000
-0.019799 0.004797 0.102000
-0.019799 0.005057 0.102000
-0.019799 0.005317 0.102000
-0.019799 0.005577 0.102000
-0.019799 0.005837 0.102000
-0.019799 0.006097 0.102000
-0.019799 0.006357 0.102000
-0.019799 0.006617 0.102000
-0.019799 0.006877 0.102000
-0.019818 0.007144 0.102100
-0.019818 0.007404 0.102100
-0.019818 0.007664 0.102100
-0.019838 0.007932 0.102200
-0.019838 0.008193 0.102200
-0.019857 0.008462 0.102300
-0.019857 0.008723 0.102300
-0.019857 0.008983 0.102300
-0.019877 0.009253 0.102400
-0.019877 0.009514 0.102400
-0.019896 0.009785 0.102500
-0.019915 0.010056 0.102600
-0.019915 0.010317 0.102600
-0.019935 0.010589 0.102700
-0.019935 0.010851 0.102700
-0.019954 0.011124 0.102800
-0.019954 0.011386 0.102800
-0.019974 0.011659 0.102900
-0.019993 0.011933 0.103000
-0.019993 0.012196 0.103000
-0.020012 0.012470 0.103100
-0.020032 0.012746 0.103200
-0.020032 0.013009 0.103200
-0.020071 0.013297 0.103400
-0.020090 0.013574 0.103500
-0.020109 0.013851 0.103600
-0.020148 0.014143 0.103800
-0.020187 0.014435 0.104000
-0.020226 0.014728 0.104200
-0.020265 0.015023 0.104400
-0.020265 0.015289 0.104400
-0.020323 0.015600 0.104700
-0.020362 0.015897 0.104900
-0.020420 0.016211 0.105200
-0.020478 0.016526 0.105500
-0.020556 0.016858 0.105900
-0.020614 0.017177 0.106200
-0.020672 0.017497 0.106500
-0.020750 0.017835 0.106900
-0.020789 0.018142 0.107100
-0.020847 0.018466 0.107400
-0.020886 0.018775 0.107600
-0.020944 0.019102 0.107900
-0.021002 0.019431 0.108200
-0.021041 0.019743 0.108400
-0.021061 0.020038 0.108500
-0.021080 0.020334 0.108600
-0.021099 0.020629 0.108700
-0.021138 0.020945 0.108900
-0.021790 -0.011454 0.110800
-0.021731 -0.011141 0.110500
-0.021672 -0.010830 0.110200
-0.021613 -0.010521 0.109900
-0.021593 -0.010231 0.109800
-0.021515 -0.009915 0.109400
-0.021475 -0.009619 0.109200
-0.021416 -0.009314 0.108900
-0.021357 -0.009012 0.108600
-0.021318 -0.008719 0.108400
-0.021259 -0.008419 0.108100
-0.021180 -0.008114 0.107700
-0.021121 -0.007817 0.107400
-0.021082 -0.007529 0.107200
-0.021043 -0.007243 0.107000
-0.020984 -0.006950 0.106700
-0.020944 -0.006666 0.106500
-0.020905 -0.006382 0.106300
-0.020846 -0.006094 0.106000
-0.020787 -0.005807 0.105700
-0.020748 -0.005527 0.105500
-0.020708 -0.005249 0.105300
-0.020669 -0.004971 0.105100
-0.020630 -0.004694 0.104900
-0.020571 -0.004414 0.104600
-0.020531 -0.004139 0.104400
-0.020492 -0.003866 0.104200
-0.020472 -0.003596 0.104100
-0.020453 -0.003328 0.104000
-0.020433 -0.003060 0.103900
-0.020394 -0.002790 0.103700
-0.020374 -0.002523 0.103600
-0.020354 -0.002257 0.103500
-0.020335 -0.001991 0.103400
-0.020315 -0.001725 0.103300
-0.020295 -0.001461 0.103200
-0.020276 -0.001196 0.103100
-0.020256 -0.000933 0.103000
-0.020217 -0.000669 0.102800
-0.020197 -0.000406 0.102700
-0.020177 -0.000144 0.102600
-0.020138 0.000117 0.102400
-0.020138 0.000378 0.102400
-0.020118 0.000638 0.102300
-0.020118 0.000899 0.102300
-0.020099 0.001159 0.102200
-0.020079 0.001418 0.102100
-0.020059 0.001676 0.102000
-0.020059 0.001937 0.102000
-0.020059 0.002197 0.102000
-0.020059 0.002457 0.102000
-0.020059 0.002717 0.102000
-0.020059 0.002977 0.102000
-0.020059 0.003237 0.102000
-0.020059 0.003497 0.102000
-0.020059 0.003757 0.102000
-0.020059 0.004017 0.102000
-0.020059 0.004277 0.102000
-0.020059 0.004537 0.102000
-0.020059 0.004797 0.102000
-0.020059 0.005057 0.102000
-0.020059 0.005317 0.102000
-0.020059 0.005577 0.102000
-0.020059 0.005837 0.102000
-0.020059 0.006097 0.102000
-0.020059 0.006357 0.102000
-0.020059 0.006617 0.102000
-0.020059 0.006877 0.102000
-0.020059 0.007137 0.102000
-0.020079 0.007404 0.102100
-0.020079 0.007664 0.102100
-0.020079 0.007925 0.102100
-0.020099 0.008193 0.102200
-0.020099 0.008454 0.102200
-0.020118 0.008723 0.102300
-0.020118 0.008983 0.102300
-0.020138 0.009253 0.102400
-0.020138 0.009514 0.102400
-0.020158 0.009785 0.102500
-0.020177 0.010056 0.102600
-0.020177 0.010317 0.102600
-0.020197 0.010589 0.102700
-0.020197 0.010851 0.102700
-0.020217 0.011124 0.102800
-0.020236 0.011397 0.102900
-0.020236 0.011659 0.102900
-0.020256 0.011933 0.103000
-0.020256 0.012196 0.103000
-0.020276 0.012470 0.103100
-0.020276 0.012733 0.103100
-0.020295 0.013009 0.103200
-0.020315 0.013285 0.103300
-0.020354 0.013574 0.103500
-0.020374 0.013851 0.103600
-0.020413 0.014143 0.103800
-0.020433 0.014421 0.103900
-0.020472 0.014714 0.104100
-0.020531 0.015023 0.104400
-0.020531 0.015289 0.104400
-0.020571 0.015585 0.104600
-0.020630 0.015897 0.104900
-0.020669 0.016195 0.105100
-0.020728 0.016510 0.105400
-0.020807 0.016843 0.105800
-0.020885 0.017177 0.106200
-0.020944 0.017497 0.106500
-0.021003 0.017818 0.106800
-0.021062 0.018142 0.107100
-0.021121 0.018466 0.107400
-0.021161 0.018775 0.107600
-0.021220 0.019102 0.107900
-0.021279 0.019431 0.108200
-0.021318 0.019743 0.108400
-0.021338 0.020038 0.108500
-0.021357 0.020334 0.108600
-0.021377 0.020629 0.108700
-0.021436 0.020964 0.109000
-0.021974 -0.011402 0.110300
-0.021934 -0.011101 0.110100
-0.021914 -0.010811 0.110000
-0.021894 -0.010521 0.109900
-0.021874 -0.010231 0.109800
-0.021814 -0.009924 0.109500
-0.021754 -0.009619 0.109200
-0.021715 -0.009323 0.109000
-0.021635 -0.009012 0.108600
-0.021595 -0.008719 0.108400
-0.021535 -0.008419 0.108100
-0.021456 -0.008114 0.107700
-0.021396 -0.007817 0.107400
-0.021356 -0.007529 0.107200
-0.021316 -0.007243 0.107000
-0.021256 -0.006950 0.106700
-0.021217 -0.006666 0.106500
-0.021177 -0.006382 0.106300
-0.021117 -0.006094 0.106000
-0.021057 -0.005807 0.105700
-0.021017 -0.005527 0.105500
-0.020978 -0.005249 0.105300
-0.020938 -0.004971 0.105100
-0.020898 -0.004694 0.104900
-0.020838 -0.004414 0.104600
-0.020798 -0.004139 0.104400
-0.020778 -0.003869 0.104300
-0.020738 -0.003596 0.104100
-0.020719 -0.003328 0.104000
-0.020699 -0.003060 0.103900
-0.020659 -0.002790 0.103700
-0.020639 -0.002523 0.103600
-0.020619 -0.002257 0.103500
-0.020599 -0.001991 0.103400
-0.020579 -0.001725 0.103300
-0.020559 -0.001461 0.103200
-0.020539 -0.001196 0.103100
-0.020519 -0.000933 0.103000
-0.020479 -0.000669 0.102800
-0.020460 -0.000406 0.102700
-0.020440 -0.000144 0.102600
-0.020420 0.000117 0.102500
-0.020420 0.000378 0.102500
-0.020400 0.000639 0.102400
-0.020380 0.000899 0.102300
-0.020360 0.001159 0.102200
-0.020360 0.001419 0.102200
-0.020340 0.001678 0.102100
-0.020320 0.001937 0.102000
-0.020320 0.002197 0.102000
-0.020320 0.002457 0.102000
-0.020320 0.002717 0.102000
-0.020320 0.002977 0.102000
-0.020320 0.003237 0.102000
-0.020320 0.003497 0.102000
-0.020320 0.003757 0.102000
-0.020320 0.004017 0.102000
-0.020320 0.004277 0.102000
-0.020320 0.004537 0.102000
-0.020320 0.004797 0.102000
-0.020320 0.005057 0.102000
-0.020320 0.005317 0.102000
-0.020320 0.005577 0.102000
-0.020320 0.005837 0.102000
-0.020320 0.006097 0.102000
-0.020320 0.006357 0.102000
-0.020320 0.006617 0.102000
-0.020320 0.006877 0.102000
-0.020320 0.007137 0.102000
-0.020320 0.007397 0.102000
-0.020340 0.007664 0.102100
-0.020340 0.007925 0.102100
-0.020340 0.008185 0.102100
-0.020360 0.008454 0.102200
-0.020380 0.008723 0.102300
-0.020380 0.008983 0.102300
-0.020400 0.009253 0.102400
-0.020420 0.009524 0.102500
-0.020420 0.009785 0.102500
-0.020440 0.010056 0.102600
-0.020460 0.010328 0.102700
-0.020460 0.010589 0.102700
-0.020479 0.010862 0.102800
-0.020479 0.011124 0.102800
-0.020499 0.011397 0.102900
-0.020499 0.011659 0.102900
-0.020519 0.011933 0.103000
-0.020519 0.012196 0.103000
-0.020539 0.012470 0.103100
-0.020539 0.012733 0.103100
-0.020559 0.013009 0.103200
-0.020579 0.013285 0.103300
-0.020599 0.013561 0.103400
-0.020639 0.013851 0.103600
-0.020659 0.014129 0.103700
-0.020699 0.014421 0.103900
-0.020738 0.014714 0.104100
-0.020778 0.015008 0.104300
-0.020778 0.015274 0.104300
-0.020838 0.015585 0.104600
-0.020878 0.015882 0.104800
-0.020938 0.016195 0.105100
-0.020997 0.016510 0.105400
-0.021057 0.016827 0.105700
-0.021137 0.017161 0.106100
-0.021217 0.017497 0.106500
-0.021276 0.017818 0.106800
-0.021336 0.018142 0.107100
-0.021396 0.018466 0.107400
-0.021436 0.018775 0.107600
-0.021496 0.019102 0.107900
-0.021555 0.019431 0.108200
-0.021595 0.019743 0.108400
-0.021615 0.020038 0.108500
-0.021635 0.020334 0.108600
-0.021655 0.020629 0.108700
-0.021715 0.020964 0.109000
-0.022255 -0.011402 0.110300
-0.022215 -0.011101 0.110100
-0.022195 -0.010811 0.110000
-0.022175 -0.010521 0.109900
-0.022155 -0.010231 0.109800
-0.022114 -0.009933 0.109600
-0.022054 -0.009627 0.109300
-0.022013 -0.009332 0.109100
-0.021933 -0.009020 0.108700
-0.021892 -0.008727 0.108500
-0.021832 -0.008427 0.108200
-0.021751 -0.008121 0.107800
-0.021690 -0.007825 0.107500
-0.021630 -0.007529 0.107200
-0.021590 -0.007243 0.107000
-0.021549 -0.006957 0.106800
-0.021489 -0.006666 0.106500
-0.021448 -0.006382 0.106300
-0.021388 -0.006094 0.106000
-0.021327 -0.005807 0.105700
-0.021287 -0.005527 0.105500
-0.021247 -0.005249 0.105300
-0.021206 -0.004971 0.105100
-0.021166 -0.004694 0.104900
-0.021105 -0.004414 0.104600
-0.021065 -0.004139 0.104400
-0.021045 -0.003869 0.104300
-0.021004 -0.003596 0.104100
-0.020984 -0.003328 0.104000
-0.020964 -0.003060 0.103900
-0.020924 -0.002790 0.103700
-0.020904 -0.002523 0.103600
-0.020883 -0.002257 0.103500
-0.020863 -0.001991 0.103400
-0.020843 -0.001725 0.103300
-0.020823 -0.001461 0.103200
-0.020803 -0.001196 0.103100
-0.020783 -0.000933 0.103000
-0.020762 -0.000670 0.102900
-0.020742 -0.000407 0.102800
-0.020702 -0.000144 0.102600
-0.020682 0.000117 0.102500
-0.020682 0.000378 0.102500
-0.020661 0.000639 0.102400
-0.020641 0.000899 0.102300
-0.020641 0.001160 0.102300
-0.020621 0.001419 0.102200
-0.020621 0.001680 0.102200
-0.020601 0.001938 0.102100
-0.020601 0.002199 0.102100
-0.020581 0.002457 0.102000
-0.020581 0.002717 0.102000
-0.020581 0.002977 0.102000
-0.020581 0.003237 0.102000
-0.020581 0.003497 0.102000
-0.020581 0.003757 0.102000
-0.020581 0.004017 0.102000
-0.020581 0.004277 0.102000
-0.020581 0.004537 0.102000
-0.020581 0.004797 0.102000
-0.020581 0.005057 0.102000
-0.020581 0.005317 0.102000
-0.020581 0.005577 0.102000
-0.020561 0.005831 0.101900
-0.020561 0.006091 0.101900
-0.020561 0.006351 0.101900
-0.020561 0.006610 0.101900
-0.020561 0.006870 0.101900
-0.020581 0.007137 0.102000
-0.020581 0.007397 0.102000
-0.020581 0.007657 0.102000
-0.020601 0.007925 0.102100
-0.020601 0.008185 0.102100
-0.020621 0.008454 0.102200
-0.020641 0.008723 0.102300
-0.020641 0.008983 0.102300
-0.020661 0.009253 0.102400
-0.020682 0.009524 0.102500
-0.020702 0.009794 0.102600
-0.020702 0.010056 0.102600
-0.020722 0.010328 0.102700
-0.020742 0.010600 0.102800
-0.020742 0.010862 0.102800
-0.020762 0.011135 0.102900
-0.020762 0.011397 0.102900
-0.020762 0.011659 0.102900
-0.020783 0.011933 0.103000
-0.020783 0.012196 0.103000
-0.020803 0.012470 0.103100
-0.020823 0.012746 0.103200
-0.020823 0.013009 0.103200
-0.020843 0.013285 0.103300
-0.020863 0.013561 0.103400
-0.020904 0.013851 0.103600
-0.020924 0.014129 0.103700
-0.020964 0.014421 0.103900
-0.020984 0.014700 0.104000
-0.021045 0.015008 0.104300
-0.021045 0.015274 0.104300
-0.021085 0.015570 0.104500
-0.021126 0.015867 0.104700
-0.021186 0.016180 0.105000
-0.021247 0.016495 0.105300
-0.021307 0.016811 0.105600
-0.021408 0.017161 0.106100
-0.021469 0.017481 0.106400
-0.021529 0.017802 0.106700
-0.021610 0.018142 0.107100
-0.021670 0.018466 0.107400
-0.021711 0.018775 0.107600
-0.021771 0.019102 0.107900
-0.021832 0.019431 0.108200
-0.021872 0.019743 0.108400
-0.021892 0.020038 0.108500
-0.021953 0.020371 0.108800
-0.021993 0.020686 0.109000
-0.022034 0.021003 0.109200
-0.022558 -0.011413 0.110400
-0.022537 -0.011121 0.110300
-0.022517 -0.010830 0.110200
-0.022496 -0.010540 0.110100
-0.022476 -0.010250 0.110000
-0.022435 -0.009951 0.109800
-0.022394 -0.009654 0.109600
-0.022313 -0.009340 0.109200
-0.022251 -0.009037 0.108900
-0.022231 -0.008751 0.108800
-0.022129 -0.008435 0.108300
-0.022047 -0.008129 0.107900
-0.021986 -0.007832 0.107600
-0.021924 -0.007536 0.107300
-0.021863 -0.007243 0.107000
-0.021822 -0.006957 0.106800
-0.021781 -0.006672 0.106600
-0.021720 -0.006382 0.106300
-0.021679 -0.006100 0.106100
-0.021597 -0.005807 0.105700
-0.021557 -0.005527 0.105500
-0.021516 -0.005249 0.105300
-0.021475 -0.004971 0.105100
-0.021434 -0.004694 0.104900
-0.021393 -0.004418 0.104700
-0.021332 -0.004139 0.104400
-0.021311 -0.003869 0.104300
-0.021270 -0.003596 0.104100
-0.021250 -0.003328 0.104000
-0.021230 -0.003060 0.103900
-0.021189 -0.002790 0.103700
-0.021168 -0.002523 0.103600
-0.021148 -0.002257 0.103500
-0.021127 -0.001991 0.103400
-0.021107 -0.001725 0.103300
-0.021087 -0.001461 0.103200
-0.021066 -0.001196 0.103100
-0.021046 -0.000933 0.103000
-0.021025 -0.000670 0.102900
-0.021005 -0.000407 0.102800
-0.020984 -0.000145 0.102700
-0.020964 0.000117 0.102600
-0.020964 0.000379 0.102600
-0.020944 0.000640 0.102500
-0.020923 0.000900 0.102400
-0.020903 0.001160 0.102300
-0.020882 0.001419 0.102200
-0.020882 0.001680 0.102200
-0.020862 0.001938 0.102100
-0.020862 0.002199 0.102100
-0.020862 0.002459 0.102100
-0.020862 0.002719 0.102100
-0.020862 0.002980 0.102100
-0.020862 0.003240 0.102100
-0.020841 0.003497 0.102000
-0.020841 0.003757 0.102000
-0.020841 0.004017 0.102000
-0.020841 0.004277 0.102000
-0.020841 0.004537 0.102000
-0.020841 0.004797 0.102000
-0.020841 0.005057 0.102000
-0.020841 0.005317 0.102000
-0.020821 0.005571 0.101900
-0.020821 0.005831 0.101900
-0.020821 0.006091 0.101900
-0.020821 0.006351 0.101900
-0.020821 0.006610 0.101900
-0.020821 0.006870 0.101900
-0.020821 0.007130 0.101900
-0.020841 0.007397 0.102000
-0.020841 0.007657 0.102000
-0.020841 0.007917 0.102000
-0.020862 0.008185 0.102100
-0.020882 0.008454 0.102200
-0.020882 0.008714 0.102200
-0.020903 0.008983 0.102300
-0.020923 0.009253 0.102400
-0.020944 0.009524 0.102500
-0.020964 0.009794 0.102600
-0.020984 0.010066 0.102700
-0.020984 0.010328 0.102700
-0.021005 0.010600 0.102800
-0.021025 0.010872 0.102900
-0.021025 0.011135 0.102900
-0.021046 0.011408 0.103000
-0.021046 0.011671 0.103000
-0.021046 0.011933 0.103000
-0.021066 0.012208 0.103100
-0.021066 0.012470 0.103100
-0.021087 0.012746 0.103200
-0.021087 0.013009 0.103200
-0.021107 0.013285 0.103300
-0.021127 0.013561 0.103400
-0.021168 0.013851 0.103600
-0.021189 0.014129 0.103700
-0.021230 0.014421 0.103900
-0.021250 0.014700 0.104000
-0.021291 0.014994 0.104200
-0.021291 0.015260 0.104200
-0.021332 0.015555 0.104400
-0.021393 0.015867 0.104700
-0.021454 0.016180 0.105000
-0.021495 0.016479 0.105200
-0.021577 0.016811 0.105600
-0.021659 0.017145 0.106000
-0.021720 0.017464 0.106300
-0.021802 0.017802 0.106700
-0.021863 0.018125 0.107000
-0.021945 0.018466 0.107400
-0.022006 0.018792 0.107700
-0.022067 0.019120 0.108000
-0.022108 0.019431 0.108200
-0.022170 0.019762 0.108500
-0.022190 0.020057 0.108600
-0.022251 0.020390 0.108900
-0.022272 0.020686 0.109000
-0.022313 0.021003 0.109200
-0.022861 -0.011423 0.110500
-0.022840 -0.011131 0.110400
-0.022840 -0.010850 0.110400
-0.022819 -0.010559 0.110300
-0.022778 -0.010259 0.110100
-0.022736 -0.009960 0.109900
-0.022695 -0.009663 0.109700
-0.022633 -0.009357 0.109400
-0.022571 -0.009053 0.109100
-0.022509 -0.008751 0.108800
-0.022426 -0.008443 0.108400
-0.022364 -0.008144 0.108100
-0.022281 -0.007839 0.107700
-0.022219 -0.007543 0.107400
-0.022157 -0.007249 0.107100
-0.022116 -0.006963 0.106900
-0.022054 -0.006672 0.106600
-0.021992 -0.006382 0.106300
-0.021950 -0.006100 0.106100
-0.021888 -0.005813 0.105800
-0.021826 -0.005527 0.105500
-0.021785 -0.005249 0.105300
-0.021743 -0.004971 0.105100
-0.021702 -0.004694 0.104900
-0.021661 -0.004418 0.104700
-0.021619 -0.004143 0.104500
-0.021578 -0.003869 0.104300
-0.021536 -0.003596 0.104100
-0.021516 -0.003328 0.104000
-0.021495 -0.003060 0.103900
-0.021454 -0.002790 0.103700
-0.021433 -0.002523 0.103600
-0.021412 -0.002257 0.103500
-0.021371 -0.001989 0.103300
-0.021350 -0.001724 0.103200
-0.021350 -0.001461 0.103200
-0.021330 -0.001196 0.103100
-0.021309 -0.000933 0.103000
-0.021288 -0.000670 0.102900
-0.021268 -0.000407 0.102800
-0.021247 -0.000145 0.102700
-0.021226 0.000117 0.102600
-0.021226 0.000379 0.102600
-0.021205 0.000640 0.102500
-0.021185 0.000900 0.102400
-0.021164 0.001160 0.102300
-0.021164 0.001421 0.102300
-0.021143 0.001680 0.102200
-0.021143 0.001940 0.102200
-0.021123 0.002199 0.102100
-0.021123 0.002459 0.102100
-0.021123 0.002719 0.102100
-0.021123 0.002980 0.102100
-0.021123 0.003240 0.102100
-0.021123 0.003500 0.102100
-0.021102 0.003757 0.102000
-0.021102 0.004017 0.102000
-0.021102 0.004277 0.102000
-0.021102 0.004537 0.102000
-0.021102 0.004797 0.102000
-0.021102 0.005057 0.102000
-0.021081 0.005312 0.101900
-0.021081 0.005571 0.101900
-0.021081 0.005831 0.101900
-0.021081 0.006091 0.101900
-0.021081 0.006351 0.101900
-0.021081 0.006610 0.101900
-0.021081 0.006870 0.101900
-0.021081 0.007130 0.101900
-0.021081 0.007390 0.101900
-0.021102 0.007657 0.102000
-0.021102 0.007917 0.102000
-0.021123 0.008185 0.102100
-0.021123 0.008445 0.102100
-0.021143 0.008714 0.102200
-0.021164 0.008983 0.102300
-0.021185 0.009253 0.102400
-0.021205 0.009524 0.102500
-0.021226 0.009794 0.102600
-0.021247 0.010066 0.102700
-0.021268 0.010338 0.102800
-0.021268 0.010600 0.102800
-0.021288 0.010872 0.102900
-0.021288 0.011135 0.102900
-0.021309 0.011408 0.103000
-0.021309 0.011671 0.103000
-0.021330 0.011945 0.103100
-0.021330 0.012208 0.103100
-0.021350 0.012482 0.103200
-0.021350 0.012746 0.103200
-0.021350 0.013009 0.103200
-0.021371 0.013285 0.103300
-0.021412 0.013574 0.103500
-0.021433 0.013851 0.103600
-0.021454 0.014129 0.103700
-0.021495 0.014421 0.103900
-0.021516 0.014700 0.104000
-0.021557 0.014994 0.104200
-0.021557 0.015260 0.104200
-0.021599 0.015555 0.104400
-0.021640 0.015852 0.104600
-0.021702 0.016164 0.104900
-0.021764 0.016479 0.105200
-0.021826 0.016795 0.105500
-0.021930 0.017145 0.106000
-0.021992 0.017464 0.106300
-0.022074 0.017802 0.106700
-0.022136 0.018125 0.107000
-0.022219 0.018466 0.107400
-0.022281 0.018792 0.107700
-0.022343 0.019120 0.108000
-0.022405 0.019449 0.108300
-0.022447 0.019762 0.108500
-0.022467 0.020057 0.108600
-0.022550 0.020408 0.109000
-0.022571 0.020705 0.109100
-0.022612 0.021022 0.109300
-0.023143 -0.010860 0.110500
-0.023122 -0.010569 0.110400
-0.023101 -0.010278 0.110300
-0.023059 -0.009978 0.110100
-0.022996 -0.009671 0.109800
-0.022954 -0.009374 0.109600
-0.022892 -0.009070 0.109300
-0.022808 -0.008759 0.108900
-0.022745 -0.008458 0.108600
-0.022661 -0.008151 0.108200
-0.022577 -0.007846 0.107800
-0.022515 -0.007550 0.107500
-0.022452 -0.007256 0.107200
-0.022389 -0.006963 0.106900
-0.022347 -0.006678 0.106700
-0.022284 -0.006388 0.106400
-0.022221 -0.006100 0.106100
-0.022179 -0.005818 0.105900
-0.022117 -0.005533 0.105600
-0.022054 -0.005249 0.105300
-0.022012 -0.004971 0.105100
-0.021970 -0.004694 0.104900
-0.021928 -0.004418 0.104700
-0.021886 -0.004143 0.104500
-0.021844 -0.003869 0.104300
-0.021802 -0.003596 0.104100
-0.021782 -0.003328 0.104000
-0.021761 -0.003060 0.103900
-0.021719 -0.002790 0.103700
-0.021698 -0.002523 0.103600
-0.021677 -0.002257 0.103500
-0.021635 -0.001989 0.103300
-0.021614 -0.001724 0.103200
-0.021614 -0.001461 0.103200
-0.021593 -0.001196 0.103100
-0.021572 -0.000933 0.103000
-0.021551 -0.000670 0.102900
-0.021530 -0.000407 0.102800
-0.021509 -0.000145 0.102700
-0.021488 0.000117 0.102600
-0.021488 0.000379 0.102600
-0.021467 0.000640 0.102500
-0.021446 0.000900 0.102400
-0.021425 0.001160 0.102300
-0.021425 0.001421 0.102300
-0.021425 0.001681 0.102300
-0.021405 0.001940 0.102200
-0.021405 0.002201 0.102200
-0.021384 0.002459 0.102100
-0.021384 0.002719 0.102100
-0.021384 0.002980 0.102100
-0.021384 0.003240 0.102100
-0.021384 0.003500 0.102100
-0.021363 0.003757 0.102000
-0.021363 0.004017 0.102000
-0.021363 0.004277 0.102000
-0.021363 0.004537 0.102000
-0.021342 0.004792 0.101900
-0.021342 0.005052 0.101900
-0.021342 0.005312 0.101900
-0.021342 0.005571 0.101900
-0.021342 0.005831 0.101900
-0.021342 0.006091 0.101900
-0.021342 0.006351 0.101900
-0.021342 0.006610 0.101900
-0.021342 0.006870 0.101900
-0.021342 0.007130 0.101900
-0.021342 0.007390 0.101900
-0.021342 0.007649 0.101900
-0.021342 0.007909 0.101900
-0.021363 0.008177 0.102000
-0.021384 0.008445 0.102100
-0.021405 0.008714 0.102200
-0.021425 0.008983 0.102300
-0.021425 0.009244 0.102300
-0.021467 0.009524 0.102500
-0.021488 0.009794 0.102600
-0.021509 0.010066 0.102700
-0.021530 0.010338 0.102800
-0.021551 0.010610 0.102900
-0.021551 0.010872 0.102900
-0.021572 0.011145 0.103000
-0.021572 0.011408 0.103000
-0.021593 0.011682 0.103100
-0.021593 0.011945 0.103100
-0.021614 0.012219 0.103200
-0.021614 0.012482 0.103200
-0.021614 0.012746 0.103200
-0.021635 0.013021 0.103300
-0.021656 0.013297 0.103400
-0.021677 0.013574 0.103500
-0.021698 0.013851 0.103600
-0.021719 0.014129 0.103700
-0.021761 0.014421 0.103900
-0.021782 0.014700 0.104000
-0.021823 0.014994 0.104200
-0.021823 0.015260 0.104200
-0.021844 0.015540 0.104300
-0.021907 0.015852 0.104600
-0.021970 0.016164 0.104900
-0.022033 0.016479 0.105200
-0.022096 0.016795 0.105500
-0.022179 0.017128 0.105900
-0.022263 0.017464 0.106300
-0.022326 0.017785 0.106600
-0.022410 0.018125 0.107000
-0.022494 0.018466 0.107400
-0.022556 0.018792 0.107700
-0.022619 0.019120 0.108000
-0.022682 0.019449 0.108300
-0.022724 0.019762 0.108500
-0.022787 0.020094 0.108800
-0.022829 0.020408 0.109000
-0.022871 0.020724 0.109200
-0.022912 0.021041 0.109400
-0.022975 0.021378 0.109700
-0.023510 -0.011465 0.110900
-0.023489 -0.011172 0.110800
-0.023446 -0.010870 0.110600
-0.023425 -0.010578 0.110500
-0.023404 -0.010287 0.110400
-0.023383 -0.009997 0.110300
-0.023319 -0.009689 0.110000
-0.023256 -0.009383 0.109700
-0.023192 -0.009078 0.109400
-0.023128 -0.008775 0.109100
-0.023044 -0.008466 0.108700
-0.022959 -0.008159 0.108300
-0.022895 -0.007861 0.108000
-0.022810 -0.007558 0.107600
-0.022747 -0.007263 0.107300
-0.022683 -0.006970 0.107000
-0.022620 -0.006678 0.106700
-0.022556 -0.006388 0.106400
-0.022514 -0.006106 0.106200
-0.022450 -0.005818 0.105900
-0.022386 -0.005533 0.105600
-0.022344 -0.005253 0.105400
-0.022280 -0.004971 0.105100
-0.022238 -0.004694 0.104900
-0.022196 -0.004418 0.104700
-0.022153 -0.004143 0.104500
-0.022111 -0.003869 0.104300
-0.022068 -0.003596 0.104100
-0.022047 -0.003328 0.104000
-0.022026 -0.003060 0.103900
-0.021984 -0.002790 0.103700
-0.021962 -0.002523 0.103600
-0.021920 -0.002254 0.103400
-0.021899 -0.001989 0.103300
-0.021878 -0.001724 0.103200
-0.021856 -0.001459 0.103100
-0.021835 -0.001195 0.103000
-0.021814 -0.000932 0.102900
-0.021793 -0.000669 0.102800
-0.021772 -0.000406 0.102700
-0.021772 -0.000145 0.102700
-0.021750 0.000117 0.102600
-0.021750 0.000379 0.102600
-0.021729 0.000640 0.102500
-0.021708 0.000900 0.102400
-0.021687 0.001160 0.102300
-0.021687 0.001421 0.102300
-0.021687 0.001681 0.102300
-0.021666 0.001940 0.102200
-0.021666 0.002201 0.102200
-0.021644 0.002459 0.102100
-0.021644 0.002719 0.102100
-0.021644 0.002980 0.102100
-0.021644 0.003240 0.102100
-0.021623 0.003497 0.102000
-0.021623 0.003757 0.102000
-0.021623 0.004017 0.102000
-0.021623 0.004277 0.102000
-0.021602 0.004532 0.101900
-0.021602 0.004792 0.101900
-0.021602 0.005052 0.101900
-0.021602 0.005312 0.101900
-0.021602 0.005571 0.101900
-0.021581 0.005825 0.101800
-0.021581 0.006085 0.101800
-0.021581 0.006344 0.101800
-0.021581 0.006604 0.101800
-0.021581 0.006863 0.101800
-0.021581 0.007123 0.101800
-0.021581 0.007382 0.101800
-0.021602 0.007649 0.101900
-0.021602 0.007909 0.101900
-0.021623 0.008177 0.102000
-0.021623 0.008437 0.102000
-0.021644 0.008706 0.102100
-0.021666 0.008975 0.102200
-0.021687 0.009244 0.102300
-0.021708 0.009514 0.102400
-0.021729 0.009785 0.102500
-0.021772 0.010066 0.102700
-0.021772 0.010328 0.102700
-0.021793 0.010600 0.102800
-0.021814 0.010872 0.102900
-0.021835 0.011145 0.103000
-0.021835 0.011408 0.103000
-0.021856 0.011682 0.103100
-0.021856 0.011945 0.103100
-0.021878 0.012219 0.103200
-0.021878 0.012482 0.103200
-0.021899 0.012758 0.103300
-0.021899 0.013021 0.103300
-0.021920 0.013297 0.103400
-0.021941 0.013574 0.103500
-0.021962 0.013851 0.103600
-0.022005 0.014143 0.103800
-0.022026 0.014421 0.103900
-0.022047 0.014700 0.104000
-0.022090 0.014994 0.104200
-0.022090 0.015260 0.104200
-0.022111 0.015540 0.104300
-0.022174 0.015852 0.104600
-0.022238 0.016164 0.104900
-0.022280 0.016463 0.105100
-0.022365 0.016795 0.105500
-0.022450 0.017128 0.105900
-0.022535 0.017464 0.106300
-0.022598 0.017785 0.106600
-0.022683 0.018125 0.107000
-0.022768 0.018466 0.107400
-0.022832 0.018792 0.107700
-0.022895 0.019120 0.108000
-0.022959 0.019449 0.108300
-0.023001 0.019762 0.108500
-0.023065 0.020094 0.108800
-0.023128 0.020427 0.109100
-0.023171 0.020743 0.109300
-0.023213 0.021060 0.109500
-0.023256 0.021378 0.109700
-0.023772 -0.011172 0.110800
-0.023750 -0.010879 0.110700
-0.023708 -0.010578 0.110500
-0.023708 -0.010296 0.110500
-0.023665 -0.009997 0.110300
-0.023600 -0.009689 0.110000
-0.023557 -0.009391 0.109800
-0.023493 -0.009087 0.109500
-0.023429 -0.008783 0.109200
-0.023364 -0.008482 0.108900
-0.023278 -0.008174 0.108500
-0.023193 -0.007868 0.108100
-0.023107 -0.007565 0.107700
-0.023042 -0.007270 0.107400
-0.022978 -0.006976 0.107100
-0.022914 -0.006685 0.106800
-0.022849 -0.006394 0.106500
-0.022785 -0.006106 0.106200
-0.022721 -0.005818 0.105900
-0.022656 -0.005533 0.105600
-0.022613 -0.005253 0.105400
-0.022570 -0.004975 0.105200
-0.022528 -0.004698 0.105000
-0.022485 -0.004422 0.104800
-0.022420 -0.004143 0.104500
-0.022377 -0.003869 0.104300
-0.022356 -0.003600 0.104200
-0.022313 -0.003328 0.104000
-0.022292 -0.003060 0.103900
-0.022249 -0.002790 0.103700
-0.022227 -0.002523 0.103600
-0.022184 -0.002254 0.103400
-0.022163 -0.001989 0.103300
-0.022141 -0.001724 0.103200
-0.022120 -0.001459 0.103100
-0.022098 -0.001195 0.103000
-0.022077 -0.000932 0.102900
-0.022056 -0.000669 0.102800
-0.022034 -0.000406 0.102700
-0.022034 -0.000145 0.102700
-0.022013 0.000117 0.102600
-0.022013 0.000379 0.102600
-0.021991 0.000640 0.102500
-0.021970 0.000900 0.102400
-0.021948 0.001160 0.102300
-0.021948 0.001421 0.102300
-0.021948 0.001681 0.102300
-0.021927 0.001940 0.102200
-0.021927 0.002201 0.102200
-0.021905 0.002459 0.102100
-0.021905 0.002719 0.102100
-0.021905 0.002980 0.102100
-0.021884 0.003237 0.102000
-0.021884 0.003497 0.102000
-0.021884 0.003757 0.102000
-0.021862 0.004013 0.101900
-0.021862 0.004272 0.101900
-0.021862 0.004532 0.101900
-0.021862 0.004792 0.101900
-0.021862 0.005052 0.101900
-0.021841 0.005306 0.101800
-0.021841 0.005566 0.101800
-0.021841 0.005825 0.101800
-0.021841 0.006085 0.101800
-0.021841 0.006344 0.101800
-0.021841 0.006604 0.101800
-0.021841 0.006863 0.101800
-0.021841 0.007123 0.101800
-0.021841 0.007382 0.101800
-0.021862 0.007649 0.101900
-0.021862 0.007909 0.101900
-0.021862 0.008169 0.101900
-0.021884 0.008437 0.102000
-0.021905 0.008706 0.102100
-0.021927 0.008975 0.102200
-0.021948 0.009244 0.102300
-0.021970 0.009514 0.102400
-0.021991 0.009785 0.102500
-0.022013 0.010056 0.102600
-0.022034 0.010328 0.102700
-0.022056 0.010600 0.102800
-0.022077 0.010872 0.102900
-0.022098 0.011145 0.103000
-0.022098 0.011408 0.103000
-0.022120 0.011682 0.103100
-0.022120 0.011945 0.103100
-0.022141 0.012219 0.103200
-0.022141 0.012482 0.103200
-0.022163 0.012758 0.103300
-0.022184 0.013034 0.103400
-0.022206 0.013310 0.103500
-0.022206 0.013574 0.103500
-0.022249 0.013865 0.103700
-0.022270 0.014143 0.103800
-0.022292 0.014421 0.103900
-0.022313 0.014700 0.104000
-0.022356 0.014994 0.104200
-0.022356 0.015260 0.104200
-0.022377 0.015540 0.104300
-0.022442 0.015852 0.104600
-0.022506 0.016164 0.104900
-0.022549 0.016463 0.105100
-0.022635 0.016795 0.105500
-0.022721 0.017128 0.105900
-0.022806 0.017464 0.106300
-0.022871 0.017785 0.106600
-0.022957 0.018125 0.107000
-0.023042 0.018466 0.107400
-0.023107 0.018792 0.107700
-0.023171 0.019120 0.108000
-0.023236 0.019449 0.108300
-0.023300 0.019780 0.108600
-0.023364 0.020112 0.108900
-0.023407 0.020427 0.109100
-0.023450 0.020743 0.109300
-0.023493 0.021060 0.109500
-0.023536 0.021378 0.109700
-0.024077 -0.011182 0.110900
-0.024055 -0.010889 0.110800
-0.024012 -0.010588 0.110600
-0.023990 -0.010296 0.110500
-0.023968 -0.010006 0.110400
-0.023903 -0.009698 0.110100
-0.023860 -0.009400 0.109900
-0.023795 -0.009095 0.109600
-0.023729 -0.008791 0.109300
-0.023643 -0.008482 0.108900
-0.023556 -0.008174 0.108500
-0.023491 -0.007875 0.108200
-0.023425 -0.007579 0.107900
-0.023339 -0.007276 0.107500
-0.023252 -0.006976 0.107100
-0.023208 -0.006691 0.106900
-0.023143 -0.006400 0.106600
-0.023078 -0.006111 0.106300
-0.023013 -0.005824 0.106000
-0.022926 -0.005533 0.105600
-0.022883 -0.005253 0.105400
-0.022839 -0.004975 0.105200
-0.022796 -0.004698 0.105000
-0.022752 -0.004422 0.104800
-0.022709 -0.004147 0.104600
-0.022666 -0.003873 0.104400
-0.022622 -0.003600 0.104200
-0.022579 -0.003328 0.104000
-0.022557 -0.003060 0.103900
-0.022514 -0.002790 0.103700
-0.022492 -0.002523 0.103600
-0.022448 -0.002254 0.103400
-0.022427 -0.001989 0.103300
-0.022405 -0.001724 0.103200
-0.022383 -0.001459 0.103100
-0.022362 -0.001195 0.103000
-0.022340 -0.000932 0.102900
-0.022318 -0.000669 0.102800
-0.022296 -0.000406 0.102700
-0.022296 -0.000145 0.102700
-0.022275 0.000117 0.102600
-0.022275 0.000379 0.102600
-0.022253 0.000640 0.102500
-0.022231 0.000900 0.102400
-0.022231 0.001161 0.102400
-0.022210 0.001421 0.102300
-0.022210 0.001681 0.102300
-0.022188 0.001940 0.102200
-0.022188 0.002201 0.102200
-0.022166 0.002459 0.102100
-0.022166 0.002719 0.102100
-0.022166 0.002980 0.102100
-0.022145 0.003237 0.102000
-0.022145 0.003497 0.102000
-0.022145 0.003757 0.102000
-0.022123 0.004013 0.101900
-0.022123 0.004272 0.101900
-0.022123 0.004532 0.101900
-0.022123 0.004792 0.101900
-0.022101 0.005047 0.101800
-0.022101 0.005306 0.101800
-0.022101 0.005566 0.101800
-0.022101 0.005825 0.101800
-0.022101 0.006085 0.101800
-0.022101 0.006344 0.101800
-0.022101 0.006604 0.101800
-0.022101 0.006863 0.101800
-0.022101 0.007123 0.101800
-0.022101 0.007382 0.101800
-0.022101 0.007642 0.101800
-0.022123 0.007909 0.101900
-0.022123 0.008169 0.101900
-0.022145 0.008437 0.102000
-0.022166 0.008706 0.102100
-0.022166 0.008966 0.102100
-0.022210 0.009244 0.102300
-0.022210 0.009505 0.102300
-0.022231 0.009775 0.102400
-0.022275 0.010056 0.102600
-0.022296 0.010328 0.102700
-0.022318 0.010600 0.102800
-0.022340 0.010872 0.102900
-0.022340 0.011135 0.102900
-0.022362 0.011408 0.103000
-0.022383 0.011682 0.103100
-0.022405 0.011956 0.103200
-0.022405 0.012219 0.103200
-0.022405 0.012482 0.103200
-0.022427 0.012758 0.103300
-0.022448 0.013034 0.103400
-0.022470 0.013310 0.103500
-0.022492 0.013587 0.103600
-0.022514 0.013865 0.103700
-0.022535 0.014143 0.103800
-0.022579 0.014435 0.104000
-0.022600 0.014714 0.104100
-0.022622 0.014994 0.104200
-0.022622 0.015260 0.104200
-0.022666 0.015555 0.104400
-0.022709 0.015852 0.104600
-0.022774 0.016164 0.104900
-0.022839 0.016479 0.105200
-0.022904 0.016795 0.105500
-0.022991 0.017128 0.105900
-0.023078 0.017464 0.106300
-0.023165 0.017802 0.106700
-0.023230 0.018125 0.107000
-0.023317 0.018466 0.107400
-0.023382 0.018792 0.107700
-0.023469 0.019138 0.108100
-0.023512 0.019449 0.108300
-0.023577 0.019780 0.108600
-0.023643 0.020112 0.108900
-0.023686 0.020427 0.109100
-0.023729 0.020743 0.109300
-0.023773 0.021060 0.109500
-0.023838 0.021398 0.109800
-0.024360 -0.011182 0.110900
-0.024338 -0.010889 0.110800
-0.024294 -0.010588 0.110600
-0.024272 -0.010296 0.110500
-0.024250 -0.010006 0.110400
-0.024184 -0.009698 0.110100
-0.024140 -0.009400 0.109900
-0.024097 -0.009103 0.109700
-0.024009 -0.008791 0.109300
-0.023943 -0.008489 0.109000
-0.023855 -0.008181 0.108600
-0.023789 -0.007883 0.108300
-0.023701 -0.007579 0.107900
-0.023613 -0.007276 0.107500
-0.023547 -0.006983 0.107200
-0.023481 -0.006691 0.106900
-0.023416 -0.006400 0.106600
-0.023350 -0.006111 0.106300
-0.023284 -0.005824 0.106000
-0.023218 -0.005538 0.105700
-0.023152 -0.005253 0.105400
-0.023108 -0.004975 0.105200
-0.023086 -0.004703 0.105100
-0.023042 -0.004426 0.104900
-0.022998 -0.004151 0.104700
-0.022932 -0.003873 0.104400
-0.022910 -0.003603 0.104300
-0.022866 -0.003331 0.104100
-0.022822 -0.003060 0.103900
-0.022801 -0.002792 0.103800
-0.022757 -0.002523 0.103600
-0.022713 -0.002254 0.103400
-0.022691 -0.001989 0.103300
-0.022669 -0.001724 0.103200
-0.022647 -0.001459 0.103100
-0.022625 -0.001195 0.103000
-0.022603 -0.000932 0.102900
-0.022581 -0.000669 0.102800
-0.022581 -0.000407 0.102800
-0.022559 -0.000145 0.102700
-0.022537 0.000117 0.102600
-0.022537 0.000379 0.102600
-0.022515 0.000640 0.102500
-0.022493 0.000900 0.102400
-0.022493 0.001161 0.102400
-0.022471 0.001421 0.102300
-0.022471 0.001681 0.102300
-0.022449 0.001940 0.102200
-0.022449 0.002201 0.102200
-0.022427 0.002459 0.102100
-0.022427 0.002719 0.102100
-0.022427 0.002980 0.102100
-0.022405 0.003237 0.102000
-0.022405 0.003497 0.102000
-0.022405 0.003757 0.102000
-0.022383 0.004013 0.101900
-0.022383 0.004272 0.101900
-0.022383 0.004532 0.101900
-0.022383 0.004792 0.101900
-0.022361 0.005047 0.101800
-0.022361 0.005306 0.101800
-0.022361 0.005566 0.101800
-0.022361 0.005825 0.101800
-0.022361 0.006085 0.101800
-0.022361 0.006344 0.101800
-0.022361 0.006604 0.101800
-0.022361 0.006863 0.101800
-0.022361 0.007123 0.101800
-0.022361 0.007382 0.101800
-0.022361 0.007642 0.101800
-0.022361 0.007901 0.101800
-0.022383 0.008169 0.101900
-0.022405 0.008437 0.102000
-0.022405 0.008697 0.102000
-0.022427 0.008966 0.102100
-0.022449 0.009235 0.102200
-0.022471 0.009505 0.102300
-0.022493 0.009775 0.102400
-0.022515 0.010046 0.102500
-0.022537 0.010317 0.102600
-0.022559 0.010589 0.102700
-0.022581 0.010862 0.102800
-0.022603 0.011135 0.102900
-0.022625 0.011408 0.103000
-0.022647 0.011682 0.103100
-0.022669 0.011956 0.103200
-0.022669 0.012219 0.103200
-0.022691 0.012495 0.103300
-0.022691 0.012758 0.103300
-0.022713 0.013034 0.103400
-0.022735 0.013310 0.103500
-0.022757 0.013587 0.103600
-0.022779 0.013865 0.103700
-0.022822 0.014156 0.103900
-0.022844 0.014435 0.104000
-0.022866 0.014714 0.104100
-0.022888 0.014994 0.104200
-0.022888 0.015260 0.104200
-0.022932 0.015555 0.104400
-0.022998 0.015867 0.104700
-0.023042 0.016164 0.104900
-0.023108 0.016479 0.105200
-0.023196 0.016811 0.105600
-0.023284 0.017145 0.106000
-0.023372 0.017481 0.106400
-0.023438 0.017802 0.106700
-0.023525 0.018142 0.107100
-0.023591 0.018466 0.107400
-0.023679 0.018810 0.107800
-0.023745 0.019138 0.108100
-0.023789 0.019449 0.108300
-0.023855 0.019780 0.108600
-0.023921 0.020112 0.108900
-0.023965 0.020427 0.109100
-0.024009 0.020743 0.109300
-0.024053 0.021060 0.109500
-0.024118 0.021398 0.109800
-0.024643 -0.011182 0.110900
-0.024599 -0.010879 0.110700
-0.024555 -0.010578 0.110500
-0.024532 -0.010287 0.110400
-0.024510 -0.009997 0.110300
-0.024443 -0.009689 0.110000
-0.024399 -0.009391 0.109800
-0.024355 -0.009095 0.109600
-0.024288 -0.008791 0.109300
-0.024221 -0.008489 0.109000
-0.024155 -0.008189 0.108700
-0.024066 -0.007883 0.108300
-0.023999 -0.007586 0.108000
-0.023910 -0.007283 0.107600
-0.023844 -0.006989 0.107300
-0.023777 -0.006697 0.107000
-0.023688 -0.006400 0.106600
-0.023644 -0.006117 0.106400
-0.023577 -0.005829 0.106100
-0.023488 -0.005538 0.105700
-0.023444 -0.005258 0.105500
-0.023399 -0.004980 0.105300
-0.023355 -0.004703 0.105100
-0.023310 -0.004426 0.104900
-0.023266 -0.004151 0.104700
-0.023221 -0.003877 0.104500
-0.023177 -0.003603 0.104300
-0.023132 -0.003331 0.104100
-0.023110 -0.003063 0.104000
-0.023066 -0.002792 0.103800
-0.023021 -0.002523 0.103600
-0.022999 -0.002257 0.103500
-0.022955 -0.001989 0.103300
-0.022932 -0.001724 0.103200
-0.022910 -0.001459 0.103100
-0.022888 -0.001195 0.103000
-0.022866 -0.000932 0.102900
-0.022866 -0.000670 0.102900
-0.022844 -0.000407 0.102800
-0.022821 -0.000145 0.102700
-0.022799 0.000117 0.102600
-0.022799 0.000379 0.102600
-0.022777 0.000640 0.102500
-0.022777 0.000901 0.102500
-0.022755 0.001161 0.102400
-0.022732 0.001421 0.102300
-0.022732 0.001681 0.102300
-0.022710 0.001940 0.102200
-0.022710 0.002201 0.102200
-0.022688 0.002459 0.102100
-0.022688 0.002719 0.102100
-0.022688 0.002980 0.102100
-0.022666 0.003237 0.102000
-0.022666 0.003497 0.102000
-0.022666 0.003757 0.102000
-0.022644 0.004013 0.101900
-0.022644 0.004272 0.101900
-0.022644 0.004532 0.101900
-0.022644 0.004792 0.101900
-0.022621 0.005047 0.101800
-0.022621 0.005306 0.101800
-0.022621 0.005566 0.101800
-0.022621 0.005825 0.101800
-0.022621 0.006085 0.101800
-0.022621 0.006344 0.101800
-0.022621 0.006604 0.101800
-0.022621 0.006863 0.101800
-0.022621 0.007123 0.101800
-0.022621 0.007382 0.101800
-0.022621 0.007642 0.101800
-0.022621 0.007901 0.101800
-0.022644 0.008169 0.101900
-0.022666 0.008437 0.102000
-0.022666 0.008697 0.102000
-0.022688 0.008966 0.102100
-0.022710 0.009235 0.102200
-0.022732 0.009505 0.102300
-0.022755 0.009775 0.102400
-0.022777 0.010046 0.102500
-0.022799 0.010317 0.102600
-0.022821 0.010589 0.102700
-0.022844 0.010862 0.102800
-0.022866 0.011135 0.102900
-0.022888 0.011408 0.103000
-0.022888 0.011671 0.103000
-0.022910 0.011945 0.103100
-0.022932 0.012219 0.103200
-0.022955 0.012495 0.103300
-0.022977 0.012770 0.103400
-0.022999 0.013046 0.103500
-0.023021 0.013323 0.103600
-0.023044 0.013600 0.103700
-0.023066 0.013878 0.103800
-0.023088 0.014156 0.103900
-0.023110 0.014435 0.104000
-0.023155 0.014728 0.104200
-0.023177 0.015008 0.104300
-0.023177 0.015274 0.104300
-0.023221 0.015570 0.104500
-0.023266 0.015867 0.104700
-0.023355 0.016195 0.105100
-0.023399 0.016495 0.105300
-0.023488 0.016827 0.105700
-0.023577 0.017161 0.106100
-0.023644 0.017481 0.106400
-0.023732 0.017818 0.106800
-0.023799 0.018142 0.107100
-0.023888 0.018483 0.107500
-0.023955 0.018810 0.107800
-0.024021 0.019138 0.108100
-0.024066 0.019449 0.108300
-0.024132 0.019780 0.108600
-0.024177 0.020094 0.108800
-0.024221 0.020408 0.109000
-0.024266 0.020724 0.109200
-0.024310 0.021041 0.109400
-0.024355 0.021359 0.109600
-0.024882 -0.010879 0.110700
-0.024837 -0.010578 0.110500
-0.024792 -0.010278 0.110300
-0.024769 -0.009988 0.110200
-0.024702 -0.009680 0.109900
-0.024657 -0.009383 0.109700
-0.024590 -0.009078 0.109400
-0.024545 -0.008783 0.109200
-0.024477 -0.008482 0.108900
-0.024410 -0.008181 0.108600
-0.024342 -0.007883 0.108300
-0.024275 -0.007586 0.108000
-0.024185 -0.007283 0.107600
-0.024118 -0.006989 0.107300
-0.024050 -0.006697 0.107000
-0.023983 -0.006406 0.106700
-0.023915 -0.006117 0.106400
-0.023848 -0.005829 0.106100
-0.023781 -0.005543 0.105800
-0.023713 -0.005258 0.105500
-0.023668 -0.004980 0.105300
-0.023623 -0.004703 0.105100
-0.023601 -0.004431 0.105000
-0.023556 -0.004155 0.104800
-0.023511 -0.003880 0.104600
-0.023466 -0.003607 0.104400
-0.023421 -0.003334 0.104200
-0.023376 -0.003063 0.104000
-0.023353 -0.002795 0.103900
-0.023309 -0.002525 0.103700
-0.023264 -0.002257 0.103500
-0.023241 -0.001991 0.103400
-0.023196 -0.001724 0.103200
-0.023174 -0.001459 0.103100
-0.023151 -0.001195 0.103000
-0.023151 -0.000933 0.103000
-0.023129 -0.000670 0.102900
-0.023106 -0.000407 0.102800
-0.023084 -0.000145 0.102700
-0.023061 0.000117 0.102600
-0.023061 0.000379 0.102600
-0.023061 0.000640 0.102600
-0.023039 0.000901 0.102500
-0.023016 0.001161 0.102400
-0.022994 0.001421 0.102300
-0.022994 0.001681 0.102300
-0.022994 0.001942 0.102300
-0.022971 0.002201 0.102200
-0.022971 0.002461 0.102200
-0.022949 0.002719 0.102100
-0.022949 0.002980 0.102100
-0.022926 0.003237 0.102000
-0.022926 0.003497 0.102000
-0.022926 0.003757 0.102000
-0.022904 0.004013 0.101900
-0.022904 0.004272 0.101900
-0.022904 0.004532 0.101900
-0.022904 0.004792 0.101900
-0.022881 0.005047 0.101800
-0.022881 0.005306 0.101800
-0.022881 0.005566 0.101800
-0.022881 0.005825 0.101800
-0.022881 0.006085 0.101800
-0.022881 0.006344 0.101800
-0.022881 0.006604 0.101800
-0.022881 0.006863 0.101800
-0.022881 0.007123 0.101800
-0.022881 0.007382 0.101800
-0.022881 0.007642 0.101800
-0.022881 0.007901 0.101800
-0.022904 0.008169 0.101900
-0.022926 0.008437 0.102000
-0.022926 0.008697 0.102000
-0.022949 0.008966 0.102100
-0.022971 0.009235 0.102200
-0.022994 0.009505 0.102300
-0.023016 0.009775 0.102400
-0.023039 0.010046 0.102500
-0.023061 0.010317 0.102600
-0.023084 0.010589 0.102700
-0.023106 0.010862 0.102800
-0.023129 0.011135 0.102900
-0.023151 0.011408 0.103000
-0.023151 0.011671 0.103000
-0.023174 0.011945 0.103100
-0.023196 0.012219 0.103200
-0.023219 0.012495 0.103300
-0.023241 0.012770 0.103400
-0.023264 0.013046 0.103500
-0.023286 0.013323 0.103600
-0.023309 0.013600 0.103700
-0.023331 0.013878 0.103800
-0.023376 0.014170 0.104000
-0.023398 0.014449 0.104100
-0.023421 0.014728 0.104200
-0.023466 0.015023 0.104400
-0.023466 0.015289 0.104400
-0.023511 0.015585 0.104600
-0.023556 0.015882 0.104800
-0.023623 0.016195 0.105100
-0.023691 0.016510 0.105400
-0.023781 0.016843 0.105800
-0.023870 0.017177 0.106200
-0.023938 0.017497 0.106500
-0.024028 0.017835 0.106900
-0.024095 0.018159 0.107200
-0.024163 0.018483 0.107500
-0.024230 0.018810 0.107800
-0.024297 0.019138 0.108100
-0.024342 0.019449 0.108300
-0.024365 0.019743 0.108400
-0.024432 0.020075 0.108700
-0.024477 0.020390 0.108900
-0.024522 0.020705 0.109100
-0.024567 0.021022 0.109300
-0.025187 -0.010889 0.110800
-0.025097 -0.010569 0.110400
-0.025074 -0.010278 0.110300
-0.025006 -0.009969 0.110000
-0.024960 -0.009671 0.109800
-0.024915 -0.009374 0.109600
-0.024846 -0.009070 0.109300
-0.024801 -0.008775 0.109100
-0.024733 -0.008474 0.108800
-0.024687 -0.008181 0.108600
-0.024619 -0.007883 0.108300
-0.024551 -0.007586 0.108000
-0.024460 -0.007283 0.107600
-0.024392 -0.006989 0.107300
-0.024324 -0.006697 0.107000
-0.024255 -0.006406 0.106700
-0.024187 -0.006117 0.106400
-0.024142 -0.005835 0.106200
-0.024074 -0.005548 0.105900
-0.024005 -0.005263 0.105600
-0.023960 -0.004985 0.105400
-0.023914 -0.004707 0.105200
-0.023869 -0.004431 0.105000
-0.023824 -0.004155 0.104800
-0.023778 -0.003880 0.104600
-0.023755 -0.003610 0.104500
-0.023710 -0.003337 0.104300
-0.023664 -0.003066 0.104100
-0.023619 -0.002795 0.103900
-0.023596 -0.002528 0.103800
-0.023551 -0.002259 0.103600
-0.023505 -0.001991 0.103400
-0.023483 -0.001725 0.103300
-0.023460 -0.001461 0.103200
-0.023437 -0.001196 0.103100
-0.023414 -0.000933 0.103000
-0.023392 -0.000670 0.102900
-0.023369 -0.000407 0.102800
-0.023346 -0.000145 0.102700
-0.023346 0.000117 0.102700
-0.023346 0.000379 0.102700
-0.023323 0.000640 0.102600
-0.023301 0.000901 0.102500
-0.023301 0.001162 0.102500
-0.023278 0.001422 0.102400
-0.023255 0.001681 0.102300
-0.023255 0.001942 0.102300
-0.023232 0.002201 0.102200
-0.023232 0.002461 0.102200
-0.023210 0.002719 0.102100
-0.023210 0.002980 0.102100
-0.023210 0.003240 0.102100
-0.023187 0.003497 0.102000
-0.023187 0.003757 0.102000
-0.023187 0.004017 0.102000
-0.023164 0.004272 0.101900
-0.023164 0.004532 0.101900
-0.023164 0.004792 0.101900
-0.023142 0.005047 0.101800
-0.023142 0.005306 0.101800
-0.023142 0.005566 0.101800
-0.023142 0.005825 0.101800
-0.023142 0.006085 0.101800
-0.023142 0.006344 0.101800
-0.023142 0.006604 0.101800
-0.023142 0.006863 0.101800
-0.023142 0.007123 0.101800
-0.023142 0.007382 0.101800
-0.023142 0.007642 0.101800
-0.023164 0.007909 0.101900
-0.023164 0.008169 0.101900
-0.023187 0.008437 0.102000
-0.023210 0.008706 0.102100
-0.023210 0.008966 0.102100
-0.023232 0.009235 0.102200
-0.023255 0.009505 0.102300
-0.023278 0.009775 0.102400
-0.023301 0.010046 0.102500
-0.023323 0.010317 0.102600
-0.023346 0.010589 0.102700
-0.023369 0.010862 0.102800
-0.023392 0.011135 0.102900
-0.023414 0.011408 0.103000
-0.023414 0.011671 0.103000
-0.023437 0.011945 0.103100
-0.023460 0.012219 0.103200
-0.023483 0.012495 0.103300
-0.023505 0.012770 0.103400
-0.023528 0.013046 0.103500
-0.023551 0.013323 0.103600
-0.023596 0.013613 0.103800
-0.023619 0.013891 0.103900
-0.023642 0.014170 0.104000
-0.023687 0.014463 0.104200
-0.023733 0.014757 0.104400
-0.023755 0.015037 0.104500
-0.023801 0.015333 0.104700
-0.023801 0.015600 0.104700
-0.023869 0.015912 0.105000
-0.023914 0.016211 0.105200
-0.024005 0.016541 0.105600
-0.024096 0.016874 0.106000
-0.024165 0.017193 0.106300
-0.024233 0.017513 0.106600
-0.024301 0.017835 0.106900
-0.024369 0.018159 0.107200
-0.024437 0.018483 0.107500
-0.024506 0.018810 0.107800
-0.024574 0.019138 0.108100
-0.024619 0.019449 0.108300
-0.024642 0.019743 0.108400
-0.024710 0.020075 0.108700
-0.024756 0.020390 0.108900
-0.024778 0.020686 0.109000
-0.024824 0.021003 0.109200
-0.025425 -0.010870 0.110600
-0.025356 -0.010559 0.110300
-0.025310 -0.010259 0.110100
-0.025264 -0.009960 0.109900
-0.025218 -0.009663 0.109700
-0.025195 -0.009374 0.109600
-0.025103 -0.009062 0.109200
-0.025057 -0.008767 0.109000
-0.024988 -0.008466 0.108700
-0.024965 -0.008181 0.108600
-0.024896 -0.007883 0.108300
-0.024827 -0.007586 0.108000
-0.024735 -0.007283 0.107600
-0.024666 -0.006989 0.107300
-0.024597 -0.006697 0.107000
-0.024528 -0.006406 0.106700
-0.024482 -0.006123 0.106500
-0.024413 -0.005835 0.106200
-0.024344 -0.005548 0.105900
-0.024275 -0.005263 0.105600
-0.024229 -0.004985 0.105400
-0.024183 -0.004707 0.105200
-0.024160 -0.004435 0.105100
-0.024114 -0.004159 0.104900
-0.024068 -0.003884 0.104700
-0.024022 -0.003610 0.104500
-0.023999 -0.003341 0.104400
-0.023953 -0.003069 0.104200
-0.023907 -0.002798 0.104000
-0.023861 -0.002528 0.103800
-0.023838 -0.002261 0.103700
-0.023792 -0.001993 0.103500
-0.023769 -0.001727 0.103400
-0.023724 -0.001461 0.103200
-0.023701 -0.001196 0.103100
-0.023678 -0.000933 0.103000
-0.023655 -0.000670 0.102900
-0.023632 -0.000407 0.102800
-0.023632 -0.000145 0.102800
-0.023609 0.000117 0.102700
-0.023609 0.000379 0.102700
-0.023586 0.000640 0.102600
-0.023586 0.000902 0.102600
-0.023563 0.001162 0.102500
-0.023540 0.001422 0.102400
-0.023540 0.001683 0.102400
-0.023517 0.001942 0.102300
-0.023517 0.002203 0.102300
-0.023494 0.002461 0.102200
-0.023494 0.002722 0.102200
-0.023471 0.002980 0.102100
-0.023471 0.003240 0.102100
-0.023471 0.003500 0.102100
-0.023448 0.003757 0.102000
-0.023448 0.004017 0.102000
-0.023448 0.004277 0.102000
-0.023425 0.004532 0.101900
-0.023425 0.004792 0.101900
-0.023425 0.005052 0.101900
-0.023425 0.005312 0.101900
-0.023402 0.005566 0.101800
-0.023402 0.005825 0.101800
-0.023402 0.006085 0.101800
-0.023402 0.006344 0.101800
-0.023402 0.006604 0.101800
-0.023402 0.006863 0.101800
-0.023402 0.007123 0.101800
-0.023425 0.007390 0.101900
-0.023425 0.007649 0.101900
-0.023425 0.007909 0.101900
-0.023448 0.008177 0.102000
-0.023448 0.008437 0.102000
-0.023471 0.008706 0.102100
-0.023494 0.008975 0.102200
-0.023517 0.009244 0.102300
-0.023517 0.009505 0.102300
-0.023540 0.009775 0.102400
-0.023563 0.010046 0.102500
-0.023586 0.010317 0.102600
-0.023609 0.010589 0.102700
-0.023632 0.010862 0.102800
-0.023655 0.011135 0.102900
-0.023678 0.011408 0.103000
-0.023678 0.011671 0.103000
-0.023701 0.011945 0.103100
-0.023724 0.012219 0.103200
-0.023746 0.012495 0.103300
-0.023769 0.012770 0.103400
-0.023792 0.013046 0.103500
-0.023838 0.013336 0.103700
-0.023861 0.013613 0.103800
-0.023907 0.013905 0.104000
-0.023930 0.014184 0.104100
-0.023976 0.014477 0.104300
-0.023999 0.014757 0.104400
-0.024045 0.015052 0.104600
-0.024114 0.015362 0.104900
-0.024114 0.015630 0.104900
-0.024160 0.015927 0.105100
-0.024229 0.016241 0.105400
-0.024298 0.016557 0.105700
-0.024390 0.016890 0.106100
-0.024459 0.017209 0.106400
-0.024528 0.017530 0.106700
-0.024597 0.017852 0.107000
-0.024666 0.018175 0.107300
-0.024735 0.018501 0.107600
-0.024781 0.018810 0.107800
-0.024850 0.019138 0.108100
-0.024873 0.019431 0.108200
-0.024919 0.019743 0.108400
-0.024965 0.020057 0.108600
-0.024988 0.020352 0.108700
-0.025034 0.020667 0.108900
-0.025080 0.020983 0.109100
-0.025707 -0.010870 0.110600
-0.025637 -0.010559 0.110300
-0.025545 -0.010240 0.109900
-0.025521 -0.009951 0.109800
-0.025452 -0.009645 0.109500
-0.025428 -0.009357 0.109400
-0.025382 -0.009062 0.109200
-0.025312 -0.008759 0.108900
-0.025266 -0.008466 0.108700
-0.025219 -0.008174 0.108500
-0.025173 -0.007883 0.108300
-0.025103 -0.007586 0.108000
-0.025033 -0.007290 0.107700
-0.024940 -0.006989 0.107300
-0.024894 -0.006703 0.107100
-0.024824 -0.006412 0.106800
-0.024754 -0.006123 0.106500
-0.024708 -0.005840 0.106300
-0.024638 -0.005554 0.106000
-0.024568 -0.005268 0.105700
-0.024522 -0.004990 0.105500
-0.024475 -0.004712 0.105300
-0.024429 -0.004435 0.105100
-0.024406 -0.004163 0.105000
-0.024359 -0.003888 0.104800
-0.024313 -0.003614 0.104600
-0.024289 -0.003344 0.104500
-0.024243 -0.003072 0.104300
-0.024196 -0.002800 0.104100
-0.024150 -0.002530 0.103900
-0.024127 -0.002263 0.103800
-0.024080 -0.001995 0.103600
-0.024034 -0.001727 0.103400
-0.024010 -0.001462 0.103300
-0.023987 -0.001198 0.103200
-0.023964 -0.000934 0.103100
-0.023941 -0.000670 0.103000
-0.023917 -0.000407 0.102900
-0.023894 -0.000145 0.102800
-0.023894 0.000117 0.102800
-0.023894 0.000379 0.102800
-0.023871 0.000641 0.102700
-0.023848 0.000902 0.102600
-0.023824 0.001162 0.102500
-0.023824 0.001423 0.102500
-0.023801 0.001683 0.102400
-0.023778 0.001942 0.102300
-0.023778 0.002203 0.102300
-0.023778 0.002464 0.102300
-0.023755 0.002722 0.102200
-0.023755 0.002982 0.102200
-0.023732 0.003240 0.102100
-0.023732 0.003500 0.102100
-0.023732 0.003760 0.102100
-0.023708 0.004017 0.102000
-0.023708 0.004277 0.102000
-0.023708 0.004537 0.102000
-0.023685 0.004792 0.101900
-0.023685 0.005052 0.101900
-0.023685 0.005312 0.101900
-0.023685 0.005571 0.101900
-0.023685 0.005831 0.101900
-0.023685 0.006091 0.101900
-0.023685 0.006351 0.101900
-0.023685 0.006610 0.101900
-0.023685 0.006870 0.101900
-0.023685 0.007130 0.101900
-0.023708 0.007397 0.102000
-0.023708 0.007657 0.102000
-0.023708 0.007917 0.102000
-0.023732 0.008185 0.102100
-0.023732 0.008445 0.102100
-0.023755 0.008714 0.102200
-0.023778 0.008983 0.102300
-0.023778 0.009244 0.102300
-0.023801 0.009514 0.102400
-0.023824 0.009785 0.102500
-0.023824 0.010046 0.102500
-0.023848 0.010317 0.102600
-0.023871 0.010589 0.102700
-0.023894 0.010862 0.102800
-0.023917 0.011135 0.102900
-0.023941 0.011408 0.103000
-0.023941 0.011671 0.103000
-0.023987 0.011956 0.103200
-0.023987 0.012219 0.103200
-0.024010 0.012495 0.103300
-0.024034 0.012770 0.103400
-0.024080 0.013059 0.103600
-0.024103 0.013336 0.103700
-0.024150 0.013627 0.103900
-0.024173 0.013905 0.104000
-0.024220 0.014197 0.104200
-0.024266 0.014491 0.104400
-0.024313 0.014785 0.104600
-0.024359 0.015080 0.104800
-0.024406 0.015377 0.105000
-0.024406 0.015645 0.105000
-0.024452 0.015942 0.105200
-0.024522 0.016257 0.105500
-0.024615 0.016588 0.105900
-0.024685 0.016906 0.106200
-0.024754 0.017225 0.106500
-0.024824 0.017546 0.106800
-0.024894 0.017869 0.107100
-0.024940 0.018175 0.107300
-0.025010 0.018501 0.107600
-0.025080 0.018827 0.107900
-0.025126 0.019138 0.108100
-0.025149 0.019431 0.108200
-0.025196 0.019743 0.108400
-0.025242 0.020057 0.108600
-0.025266 0.020352 0.108700
-0.025312 0.020667 0.108900
-0.025359 0.020983 0.109100
-0.025825 -0.010240 0.109900
-0.025778 -0.009942 0.109700
-0.025708 -0.009636 0.109400
-0.025708 -0.009357 0.109400
-0.025637 -0.009053 0.109100
-0.025590 -0.008759 0.108900
-0.025543 -0.008466 0.108700
-0.025496 -0.008174 0.108500
-0.025449 -0.007883 0.108300
-0.025379 -0.007586 0.108000
-0.025308 -0.007290 0.107700
-0.025238 -0.006996 0.107400
-0.025167 -0.006703 0.107100
-0.025097 -0.006412 0.106800
-0.025050 -0.006129 0.106600
-0.024979 -0.005840 0.106300
-0.024909 -0.005554 0.106000
-0.024862 -0.005273 0.105800
-0.024791 -0.004990 0.105500
-0.024768 -0.004716 0.105400
-0.024721 -0.004439 0.105200
-0.024697 -0.004167 0.105100
-0.024650 -0.003892 0.104900
-0.024603 -0.003617 0.104700
-0.024556 -0.003344 0.104500
-0.024533 -0.003075 0.104400
-0.024486 -0.002803 0.104200
-0.024439 -0.002533 0.104000
-0.024392 -0.002263 0.103800
-0.024368 -0.001997 0.103700
-0.024321 -0.001729 0.103500
-0.024298 -0.001464 0.103400
-0.024251 -0.001198 0.103200
-0.024251 -0.000935 0.103200
-0.024227 -0.000671 0.103100
-0.024204 -0.000408 0.103000
-0.024180 -0.000145 0.102900
-0.024157 0.000117 0.102800
-0.024157 0.000379 0.102800
-0.024157 0.000641 0.102800
-0.024133 0.000903 0.102700
-0.024110 0.001163 0.102600
-0.024086 0.001423 0.102500
-0.024086 0.001685 0.102500
-0.024063 0.001944 0.102400
-0.024039 0.002203 0.102300
-0.024039 0.002464 0.102300
-0.024016 0.002722 0.102200
-0.024016 0.002982 0.102200
-0.023992 0.003240 0.102100
-0.023992 0.003500 0.102100
-0.023992 0.003760 0.102100
-0.023992 0.004021 0.102100
-0.023992 0.004281 0.102100
-0.023969 0.004537 0.102000
-0.023969 0.004797 0.102000
-0.023969 0.005057 0.102000
-0.023969 0.005317 0.102000
-0.023969 0.005577 0.102000
-0.023969 0.005837 0.102000
-0.023969 0.006097 0.102000
-0.023969 0.006357 0.102000
-0.023969 0.006617 0.102000
-0.023969 0.006877 0.102000
-0.023969 0.007137 0.102000
-0.023992 0.007404 0.102100
-0.023992 0.007664 0.102100
-0.023992 0.007925 0.102100
-0.024016 0.008193 0.102200
-0.024016 0.008454 0.102200
-0.024039 0.008723 0.102300
-0.024039 0.008983 0.102300
-0.024063 0.009253 0.102400
-0.024063 0.009514 0.102400
-0.024086 0.009785 0.102500
-0.024110 0.010056 0.102600
-0.024110 0.010317 0.102600
-0.024133 0.010589 0.102700
-0.024157 0.010862 0.102800
-0.024180 0.011135 0.102900
-0.024204 0.011408 0.103000
-0.024227 0.011682 0.103100
-0.024251 0.011956 0.103200
-0.024251 0.012219 0.103200
-0.024298 0.012507 0.103400
-0.024321 0.012783 0.103500
-0.024345 0.013059 0.103600
-0.024392 0.013349 0.103800
-0.024415 0.013627 0.103900
-0.024462 0.013918 0.104100
-0.024509 0.014211 0.104300
-0.024556 0.014504 0.104500
-0.024603 0.014799 0.104700
-0.024650 0.015095 0.104900
-0.024697 0.015391 0.105100
-0.024697 0.015659 0.105100
-0.024744 0.015958 0.105300
-0.024815 0.016272 0.105600
-0.024909 0.016604 0.106000
-0.024979 0.016922 0.106300
-0.025050 0.017242 0.106600
-0.025120 0.017563 0.106900
-0.025167 0.017869 0.107100
-0.025238 0.018192 0.107400
-0.025285 0.018501 0.107600
-0.025355 0.018827 0.107900
-0.025402 0.019138 0.108100
-0.025426 0.019431 0.108200
-0.025473 0.019743 0.108400
-0.025496 0.020038 0.108500
-0.025520 0.020334 0.108600
-0.025567 0.020648 0.108800
-0.026059 -0.010222 0.109700
-0.026059 -0.009942 0.109700
-0.025964 -0.009627 0.109300
-0.025940 -0.009340 0.109200
-0.025916 -0.009053 0.109100
-0.025869 -0.008759 0.108900
-0.025821 -0.008466 0.108700
-0.025774 -0.008174 0.108500
-0.025726 -0.007883 0.108300
-0.025679 -0.007593 0.108100
-0.025584 -0.007290 0.107700
-0.025536 -0.007002 0.107500
-0.025465 -0.006710 0.107200
-0.025394 -0.006418 0.106900
-0.025322 -0.006129 0.106600
-0.025275 -0.005846 0.106400
-0.025203 -0.005559 0.106100
-0.025156 -0.005278 0.105900
-0.025085 -0.004994 0.105600
-0.025037 -0.004716 0.105400
-0.025013 -0.004443 0.105300
-0.024966 -0.004167 0.105100
-0.024942 -0.003895 0.105000
-0.024895 -0.003621 0.104800
-0.024847 -0.003347 0.104600
-0.024823 -0.003077 0.104500
-0.024776 -0.002806 0.104300
-0.024728 -0.002535 0.104100
-0.024681 -0.002265 0.103900
-0.024657 -0.001998 0.103800
-0.024610 -0.001730 0.103600
-0.024562 -0.001464 0.103400
-0.024538 -0.001199 0.103300
-0.024515 -0.000935 0.103200
-0.024491 -0.000671 0.103100
-0.024467 -0.000408 0.103000
-0.024443 -0.000145 0.102900
-0.024443 0.000117 0.102900
-0.024420 0.000379 0.102800
-0.024420 0.000641 0.102800
-0.024396 0.000903 0.102700
-0.024372 0.001163 0.102600
-0.024372 0.001425 0.102600
-0.024348 0.001685 0.102500
-0.024325 0.001944 0.102400
-0.024301 0.002203 0.102300
-0.024301 0.002464 0.102300
-0.024277 0.002722 0.102200
-0.024277 0.002982 0.102200
-0.024277 0.003243 0.102200
-0.024253 0.003500 0.102100
-0.024253 0.003760 0.102100
-0.024253 0.004021 0.102100
-0.024253 0.004281 0.102100
-0.024253 0.004541 0.102100
-0.024253 0.004801 0.102100
-0.024253 0.005062 0.102100
-0.024253 0.005322 0.102100
-0.024253 0.005582 0.102100
-0.024253 0.005843 0.102100
-0.024253 0.006103 0.102100
-0.024253 0.006363 0.102100
-0.024253 0.006623 0.102100
-0.024253 0.006884 0.102100
-0.024253 0.007144 0.102100
-0.024277 0.007411 0.102200
-0.024277 0.007672 0.102200
-0.024277 0.007932 0.102200
-0.024301 0.008201 0.102300
-0.024301 0.008462 0.102300
-0.024301 0.008723 0.102300
-0.024325 0.008992 0.102400
-0.024325 0.009253 0.102400
-0.024348 0.009524 0.102500
-0.024372 0.009794 0.102600
-0.024372 0.010056 0.102600
-0.024396 0.010328 0.102700
-0.024420 0.010600 0.102800
-0.024420 0.010862 0.102800
-0.024443 0.011135 0.102900
-0.024467 0.011408 0.103000
-0.024491 0.011682 0.103100
-0.024515 0.011956 0.103200
-0.024538 0.012231 0.103300
-0.024562 0.012507 0.103400
-0.024610 0.012795 0.103600
-0.024633 0.013072 0.103700
-0.024681 0.013362 0.103900
-0.024705 0.013640 0.104000
-0.024752 0.013932 0.104200
-0.024800 0.014224 0.104400
-0.024847 0.014518 0.104600
-0.024895 0.014813 0.104800
-0.024942 0.015109 0.105000
-0.024990 0.015406 0.105200
-0.024990 0.015674 0.105200
-0.025061 0.015988 0.105500
-0.025108 0.016288 0.105700
-0.025203 0.016620 0.106100
-0.025275 0.016938 0.106400
-0.025322 0.017242 0.106600
-0.025394 0.017563 0.106900
-0.025441 0.017869 0.107100
-0.025489 0.018175 0.107300
-0.025560 0.018501 0.107600
-0.025631 0.018827 0.107900
-0.025655 0.019120 0.108000
-0.025702 0.019431 0.108200
-0.025750 0.019743 0.108400
-0.025774 0.020038 0.108500
-0.025797 0.020334 0.108600
-0.025845 0.020648 0.108800
-0.026339 -0.010222 0.109700
-0.026339 -0.009942 0.109700
-0.026243 -0.009627 0.109300
-0.026195 -0.009332 0.109100
-0.026171 -0.009045 0.109000
-0.026147 -0.008759 0.108900
-0.026099 -0.008466 0.108700
-0.026051 -0.008174 0.108500
-0.026003 -0.007883 0.108300
-0.025979 -0.007600 0.108200
-0.025907 -0.007304 0.107900
-0.025811 -0.007002 0.107500
-0.025763 -0.006716 0.107300
-0.025691 -0.006424 0.107000
-0.025619 -0.006134 0.106700
-0.025547 -0.005846 0.106400
-0.025499 -0.005564 0.106200
-0.025427 -0.005278 0.105900
-0.025379 -0.004999 0.105700
-0.025331 -0.004721 0.105500
-0.025282 -0.004443 0.105300
-0.025258 -0.004171 0.105200
-0.025210 -0.003895 0.105000
-0.025186 -0.003624 0.104900
-0.025138 -0.003350 0.104700
-0.025090 -0.003077 0.104500
-0.025066 -0.002808 0.104400
-0.025018 -0.002537 0.104200
-0.024970 -0.002267 0.104000
-0.024922 -0.001998 0.103800
-0.024898 -0.001732 0.103700
-0.024850 -0.001465 0.103500
-0.024802 -0.001199 0.103300
-0.024778 -0.000935 0.103200
-0.024754 -0.000671 0.103100
-0.024730 -0.000408 0.103000
-0.024730 -0.000145 0.103000
-0.024706 0.000117 0.102900
-0.024682 0.000379 0.102800
-0.024682 0.000641 0.102800
-0.024658 0.000903 0.102700
-0.024658 0.001164 0.102700
-0.024634 0.001425 0.102600
-0.024610 0.001685 0.102500
-0.024586 0.001944 0.102400
-0.024562 0.002203 0.102300
-0.024562 0.002464 0.102300
-0.024538 0.002722 0.102200
-0.024538 0.002982 0.102200
-0.024538 0.003243 0.102200
-0.024514 0.003500 0.102100
-0.024514 0.003760 0.102100
-0.024514 0.004021 0.102100
-0.024514 0.004281 0.102100
-0.024514 0.004541 0.102100
-0.024514 0.004801 0.102100
-0.024514 0.005062 0.102100
-0.024514 0.005322 0.102100
-0.024514 0.005582 0.102100
-0.024514 0.005843 0.102100
-0.024538 0.006109 0.102200
-0.024538 0.006369 0.102200
-0.024538 0.006630 0.102200
-0.024538 0.006890 0.102200
-0.024538 0.007151 0.102200
-0.024538 0.007411 0.102200
-0.024562 0.007679 0.102300
-0.024562 0.007940 0.102300
-0.024562 0.008201 0.102300
-0.024562 0.008462 0.102300
-0.024586 0.008731 0.102400
-0.024586 0.008992 0.102400
-0.024610 0.009262 0.102500
-0.024634 0.009533 0.102600
-0.024634 0.009794 0.102600
-0.024658 0.010066 0.102700
-0.024658 0.010328 0.102700
-0.024682 0.010600 0.102800
-0.024706 0.010872 0.102900
-0.024730 0.011145 0.103000
-0.024754 0.011419 0.103100
-0.024778 0.011693 0.103200
-0.024778 0.011956 0.103200
-0.024826 0.012243 0.103400
-0.024850 0.012519 0.103500
-0.024898 0.012807 0.103700
-0.024922 0.013084 0.103800
-0.024970 0.013375 0.104000
-0.024994 0.013653 0.104100
-0.025042 0.013945 0.104300
-0.025090 0.014238 0.104500
-0.025138 0.014532 0.104700
-0.025186 0.014827 0.104900
-0.025234 0.015124 0.105100
-0.025282 0.015421 0.105300
-0.025282 0.015689 0.105300
-0.025355 0.016003 0.105600
-0.025427 0.016319 0.105900
-0.025499 0.016635 0.106200
-0.025547 0.016938 0.106400
-0.025619 0.017258 0.106700
-0.025667 0.017563 0.106900
-0.025715 0.017869 0.107100
-0.025763 0.018175 0.107300
-0.025835 0.018501 0.107600
-0.025907 0.018827 0.107900
-0.025931 0.019120 0.108000
-0.025979 0.019431 0.108200
-0.026027 0.019743 0.108400
-0.026051 0.020038 0.108500
-0.026075 0.020334 0.108600
-0.026474 -0.009332 0.109100
-0.026449 -0.009045 0.109000
-0.026425 -0.008759 0.108900
-0.026377 -0.008466 0.108700
-0.026352 -0.008181 0.108600
-0.026304 -0.007890 0.108400
-0.026255 -0.007600 0.108200
-0.026207 -0.007310 0.108000
-0.026110 -0.007009 0.107600
-0.026061 -0.006722 0.107400
-0.025988 -0.006430 0.107100
-0.025916 -0.006140 0.106800
-0.025843 -0.005851 0.106500
-0.025794 -0.005569 0.106300
-0.025721 -0.005283 0.106000
-0.025673 -0.005004 0.105800
-0.025624 -0.004725 0.105600
-0.025576 -0.004447 0.105400
-0.025527 -0.004171 0.105200
-0.025503 -0.003899 0.105100
-0.025454 -0.003624 0.104900
-0.025430 -0.003353 0.104800
-0.025382 -0.003080 0.104600
-0.025333 -0.002808 0.104400
-0.025309 -0.002540 0.104300
-0.025260 -0.002270 0.104100
-0.025212 -0.002000 0.103900
-0.025163 -0.001732 0.103700
-0.025115 -0.001465 0.103500
-0.025091 -0.001200 0.103400
-0.025066 -0.000935 0.103300
-0.025042 -0.000671 0.103200
-0.025018 -0.000408 0.103100
-0.024993 -0.000145 0.103000
-0.024969 0.000117 0.102900
-0.024945 0.000379 0.102800
-0.024945 0.000641 0.102800
-0.024945 0.000903 0.102800
-0.024921 0.001164 0.102700
-0.024896 0.001425 0.102600
-0.024872 0.001685 0.102500
-0.024848 0.001944 0.102400
-0.024824 0.002203 0.102300
-0.024824 0.002464 0.102300
-0.024799 0.002722 0.102200
-0.024799 0.002982 0.102200
-0.024775 0.003240 0.102100
-0.024775 0.003500 0.102100
-0.024775 0.003760 0.102100
-0.024775 0.004021 0.102100
-0.024775 0.004281 0.102100
-0.024775 0.004541 0.102100
-0.024775 0.004801 0.102100
-0.024799 0.005067 0.102200
-0.024799 0.005327 0.102200
-0.024799 0.005588 0.102200
-0.024799 0.005848 0.102200
-0.024799 0.006109 0.102200
-0.024799 0.006369 0.102200
-0.024799 0.006630 0.102200
-0.024824 0.006897 0.102300
-0.024824 0.007158 0.102300
-0.024824 0.007419 0.102300
-0.024824 0.007679 0.102300
-0.024824 0.007940 0.102300
-0.024848 0.008209 0.102400
-0.024848 0.008470 0.102400
-0.024872 0.008740 0.102500
-0.024872 0.009001 0.102500
-0.024896 0.009271 0.102600
-0.024896 0.009533 0.102600
-0.024921 0.009804 0.102700
-0.024921 0.010066 0.102700
-0.024945 0.010338 0.102800
-0.024945 0.010600 0.102800
-0.024969 0.010872 0.102900
-0.024993 0.011145 0.103000
-0.025018 0.011419 0.103100
-0.025042 0.011693 0.103200
-0.025066 0.011968 0.103300
-0.025115 0.012255 0.103500
-0.025139 0.012531 0.103600
-0.025188 0.012820 0.103800
-0.025212 0.013097 0.103900
-0.025260 0.013387 0.104100
-0.025285 0.013666 0.104200
-0.025333 0.013958 0.104400
-0.025382 0.014252 0.104600
-0.025430 0.014546 0.104800
-0.025503 0.014856 0.105100
-0.025527 0.015138 0.105200
-0.025600 0.015450 0.105500
-0.025600 0.015719 0.105500
-0.025649 0.016018 0.105700
-0.025721 0.016334 0.106000
-0.025770 0.016635 0.106200
-0.025843 0.016954 0.106500
-0.025891 0.017258 0.106700
-0.025940 0.017563 0.106900
-0.025988 0.017869 0.107100
-0.026037 0.018175 0.107300
-0.026110 0.018501 0.107600
-0.026182 0.018827 0.107900
-0.026231 0.019138 0.108100
-0.026255 0.019431 0.108200
-0.026280 0.019725 0.108300
-0.026328 0.020038 0.108500
-0.026352 0.020334 0.108600
-0.026728 -0.009045 0.109000
-0.026703 -0.008759 0.108900
-0.026703 -0.008482 0.108900
-0.026654 -0.008189 0.108700
-0.026605 -0.007897 0.108500
-0.026556 -0.007607 0.108300
-0.026507 -0.007317 0.108100
-0.026434 -0.007022 0.107800
-0.026360 -0.006728 0.107500
-0.026287 -0.006436 0.107200
-0.026213 -0.006146 0.106900
-0.026139 -0.005857 0.106600
-0.026090 -0.005575 0.106400
-0.026017 -0.005288 0.106100
-0.025968 -0.005008 0.105900
-0.025894 -0.004725 0.105600
-0.025870 -0.004452 0.105500
-0.025821 -0.004175 0.105300
-0.025772 -0.003899 0.105100
-0.025747 -0.003628 0.105000
-0.025698 -0.003353 0.104800
-0.025649 -0.003080 0.104600
-0.025624 -0.002811 0.104500
-0.025575 -0.002540 0.104300
-0.025526 -0.002270 0.104100
-0.025477 -0.002000 0.103900
-0.025453 -0.001734 0.103800
-0.025404 -0.001466 0.103600
-0.025355 -0.001200 0.103400
-0.025330 -0.000935 0.103300
-0.025306 -0.000671 0.103200
-0.025281 -0.000408 0.103100
-0.025257 -0.000145 0.103000
-0.025232 0.000117 0.102900
-0.025208 0.000379 0.102800
-0.025208 0.000641 0.102800
-0.025208 0.000903 0.102800
-0.025183 0.001164 0.102700
-0.025159 0.001425 0.102600
-0.025134 0.001685 0.102500
-0.025109 0.001944 0.102400
-0.025085 0.002203 0.102300
-0.025060 0.002461 0.102200
-0.025060 0.002722 0.102200
-0.025060 0.002982 0.102200
-0.025036 0.003240 0.102100
-0.025036 0.003500 0.102100
-0.025036 0.003760 0.102100
-0.025036 0.004021 0.102100
-0.025060 0.004285 0.102200
-0.025060 0.004546 0.102200
-0.025060 0.004806 0.102200
-0.025060 0.005067 0.102200
-0.025060 0.005327 0.102200
-0.025060 0.005588 0.102200
-0.025060 0.005848 0.102200
-0.025085 0.006115 0.102300
-0.025085 0.006376 0.102300
-0.025085 0.006636 0.102300
-0.025085 0.006897 0.102300
-0.025085 0.007158 0.102300
-0.025085 0.007419 0.102300
-0.025109 0.007687 0.102400
-0.025109 0.007948 0.102400
-0.025109 0.008209 0.102400
-0.025134 0.008478 0.102500
-0.025134 0.008740 0.102500
-0.025159 0.009010 0.102600
-0.025159 0.009271 0.102600
-0.025183 0.009542 0.102700
-0.025183 0.009804 0.102700
-0.025208 0.010076 0.102800
-0.025208 0.010338 0.102800
-0.025232 0.010610 0.102900
-0.025257 0.010883 0.103000
-0.025281 0.011156 0.103100
-0.025306 0.011430 0.103200
-0.025330 0.011705 0.103300
-0.025355 0.011979 0.103400
-0.025379 0.012255 0.103500
-0.025428 0.012543 0.103700
-0.025477 0.012832 0.103900
-0.025502 0.013109 0.104000
-0.025551 0.013400 0.104200
-0.025600 0.013692 0.104400
-0.025624 0.013972 0.104500
-0.025698 0.014279 0.104800
-0.025747 0.014574 0.105000
-0.025772 0.014856 0.105100
-0.025821 0.015152 0.105300
-0.025894 0.015465 0.105600
-0.025894 0.015734 0.105600
-0.025943 0.016033 0.105800
-0.026017 0.016349 0.106100
-0.026066 0.016651 0.106300
-0.026115 0.016954 0.106500
-0.026164 0.017258 0.106700
-0.026213 0.017563 0.106900
-0.026262 0.017869 0.107100
-0.026311 0.018175 0.107300
-0.026385 0.018501 0.107600
-0.026458 0.018827 0.107900
-0.026483 0.019120 0.108000
-0.026532 0.019431 0.108200
-0.026556 0.019725 0.108300
-0.026605 0.020038 0.108500
-0.026630 0.020334 0.108600
-0.027031 -0.008775 0.109100
-0.027006 -0.008489 0.109000
-0.026957 -0.008197 0.108800
-0.026907 -0.007905 0.108600
-0.026858 -0.007614 0.108400
-0.026808 -0.007324 0.108200
-0.026734 -0.007028 0.107900
-0.026660 -0.006735 0.107600
-0.026585 -0.006442 0.107300
-0.026511 -0.006152 0.107000
-0.026437 -0.005862 0.106700
-0.026362 -0.005575 0.106400
-0.026313 -0.005293 0.106200
-0.026263 -0.005013 0.106000
-0.026189 -0.004730 0.105700
-0.026139 -0.004452 0.105500
-0.026114 -0.004179 0.105400
-0.026065 -0.003903 0.105200
-0.026015 -0.003628 0.105000
-0.025991 -0.003357 0.104900
-0.025941 -0.003083 0.104700
-0.025891 -0.002811 0.104500
-0.025842 -0.002540 0.104300
-0.025817 -0.002272 0.104200
-0.025768 -0.002002 0.104000
-0.025718 -0.001734 0.103800
-0.025668 -0.001466 0.103600
-0.025644 -0.001201 0.103500
-0.025619 -0.000936 0.103400
-0.025569 -0.000671 0.103200
-0.025545 -0.000408 0.103100
-0.025520 -0.000145 0.103000
-0.025520 0.000118 0.103000
-0.025495 0.000380 0.102900
-0.025495 0.000642 0.102900
-0.025470 0.000903 0.102800
-0.025445 0.001164 0.102700
-0.025421 0.001425 0.102600
-0.025396 0.001685 0.102500
-0.025371 0.001944 0.102400
-0.025346 0.002203 0.102300
-0.025322 0.002461 0.102200
-0.025322 0.002722 0.102200
-0.025322 0.002982 0.102200
-0.025297 0.003240 0.102100
-0.025297 0.003500 0.102100
-0.025297 0.003760 0.102100
-0.025297 0.004021 0.102100
-0.025322 0.004285 0.102200
-0.025322 0.004546 0.102200
-0.025322 0.004806 0.102200
-0.025322 0.005067 0.102200
-0.025322 0.005327 0.102200
-0.025346 0.005593 0.102300
-0.025346 0.005854 0.102300
-0.025346 0.006115 0.102300
-0.025346 0.006376 0.102300
-0.025346 0.006636 0.102300
-0.025346 0.006897 0.102300
-0.025346 0.007158 0.102300
-0.025371 0.007426 0.102400
-0.025371 0.007687 0.102400
-0.025371 0.007948 0.102400
-0.025396 0.008217 0.102500
-0.025396 0.008478 0.102500
-0.025396 0.008740 0.102500
-0.025421 0.009010 0.102600
-0.025421 0.009271 0.102600
-0.025445 0.009542 0.102700
-0.025445 0.009804 0.102700
-0.025470 0.010076 0.102800
-0.025495 0.010348 0.102900
-0.025495 0.010610 0.102900
-0.025520 0.010883 0.103000
-0.025545 0.011156 0.103100
-0.025569 0.011430 0.103200
-0.025594 0.011705 0.103300
-0.025644 0.011991 0.103500
-0.025693 0.012279 0.103700
-0.025718 0.012555 0.103800
-0.025768 0.012844 0.104000
-0.025792 0.013122 0.104100
-0.025842 0.013413 0.104300
-0.025891 0.013705 0.104500
-0.025941 0.013998 0.104700
-0.025991 0.014293 0.104900
-0.026040 0.014588 0.105100
-0.026090 0.014884 0.105300
-0.026139 0.015181 0.105500
-0.026189 0.015479 0.105700
-0.026189 0.015749 0.105700
-0.026238 0.016049 0.105900
-0.026313 0.016365 0.106200
-0.026362 0.016667 0.106400
-0.026412 0.016970 0.106600
-0.026461 0.017274 0.106800
-0.026486 0.017563 0.106900
-0.026536 0.017869 0.107100
-0.026585 0.018175 0.107300
-0.026660 0.018501 0.107600
-0.026734 0.018827 0.107900
-0.026759 0.019120 0.108000
-0.026808 0.019431 0.108200
-0.026858 0.019743 0.108400
-0.026883 0.020038 0.108500
-0.026907 0.020334 0.108600
-0.027435 -0.009095 0.109600
-0.027335 -0.008783 0.109200
-0.027285 -0.008489 0.109000
-0.027260 -0.008204 0.108900
-0.027210 -0.007912 0.108700
-0.027160 -0.007621 0.108500
-0.027110 -0.007331 0.108300
-0.027035 -0.007035 0.108000
-0.026959 -0.006741 0.107700
-0.026884 -0.006448 0.107400
-0.026809 -0.006157 0.107100
-0.026734 -0.005868 0.106800
-0.026659 -0.005580 0.106500
-0.026609 -0.005298 0.106300
-0.026559 -0.005018 0.106100
-0.026509 -0.004738 0.105900
-0.026434 -0.004456 0.105600
-0.026384 -0.004179 0.105400
-0.026334 -0.003903 0.105200
-0.026309 -0.003631 0.105100
-0.026259 -0.003357 0.104900
-0.026209 -0.003083 0.104700
-0.026184 -0.002814 0.104600
-0.026133 -0.002542 0.104400
-0.026083 -0.002272 0.104200
-0.026033 -0.002002 0.104000
-0.026008 -0.001736 0.103900
-0.025958 -0.001468 0.103700
-0.025933 -0.001202 0.103600
-0.025883 -0.000936 0.103400
-0.025858 -0.000672 0.103300
-0.025833 -0.000408 0.103200
-0.025808 -0.000145 0.103100
-0.025783 0.000118 0.103000
-0.025758 0.000380 0.102900
-0.025758 0.000642 0.102900
-0.025733 0.000903 0.102800
-0.025708 0.001164 0.102700
-0.025683 0.001425 0.102600
-0.025658 0.001685 0.102500
-0.025608 0.001942 0.102300
-0.025608 0.002203 0.102300
-0.025583 0.002461 0.102200
-0.025583 0.002722 0.102200
-0.025558 0.002980 0.102100
-0.025558 0.003240 0.102100
-0.025558 0.003500 0.102100
-0.025558 0.003760 0.102100
-0.025558 0.004021 0.102100
-0.025558 0.004281 0.102100
-0.025583 0.004546 0.102200
-0.025583 0.004806 0.102200
-0.025583 0.005067 0.102200
-0.025608 0.005332 0.102300
-0.025608 0.005593 0.102300
-0.025608 0.005854 0.102300
-0.025608 0.006115 0.102300
-0.025608 0.006376 0.102300
-0.025608 0.006636 0.102300
-0.025608 0.006897 0.102300
-0.025608 0.007158 0.102300
-0.025608 0.007419 0.102300
-0.025633 0.007687 0.102400
-0.025633 0.007948 0.102400
-0.025633 0.008209 0.102400
-0.025658 0.008478 0.102500
-0.025658 0.008740 0.102500
-0.025683 0.009010 0.102600
-0.025708 0.009280 0.102700
-0.025708 0.009542 0.102700
-0.025733 0.009813 0.102800
-0.025733 0.010076 0.102800
-0.025758 0.010348 0.102900
-0.025783 0.010620 0.103000
-0.025808 0.010893 0.103100
-0.025833 0.011167 0.103200
-0.025858 0.011441 0.103300
-0.025908 0.011727 0.103500
-0.025933 0.012003 0.103600
-0.025983 0.012290 0.103800
-0.026008 0.012567 0.103900
-0.026058 0.012857 0.104100
-0.026108 0.013147 0.104300
-0.026158 0.013439 0.104500
-0.026184 0.013718 0.104600
-0.026234 0.014012 0.104800
-0.026284 0.014306 0.105000
-0.026334 0.014602 0.105200
-0.026384 0.014898 0.105400
-0.026434 0.015196 0.105600
-0.026484 0.015494 0.105800
-0.026484 0.015764 0.105800
-0.026534 0.016064 0.106000
-0.026584 0.016365 0.106200
-0.026634 0.016667 0.106400
-0.026684 0.016970 0.106600
-0.026734 0.017274 0.106800
-0.026759 0.017563 0.106900
-0.026809 0.017869 0.107100
-0.026859 0.018175 0.107300
-0.026934 0.018501 0.107600
-0.026985 0.018810 0.107800
-0.027035 0.019120 0.108000
-0.027085 0.019431 0.108200
-0.027110 0.019725 0.108300
-0.027160 0.020038 0.108500
-0.028044 -0.010051 0.110900
-0.027917 -0.009724 0.110400
-0.027816 -0.009409 0.110000
-0.027715 -0.009095 0.109600
-0.027665 -0.008799 0.109400
-0.027614 -0.008505 0.109200
-0.027563 -0.008212 0.109000
-0.027488 -0.007912 0.108700
-0.027437 -0.007621 0.108500
-0.027412 -0.007337 0.108400
-0.027336 -0.007041 0.108100
-0.027260 -0.006747 0.107800
-0.027184 -0.006454 0.107500
-0.027134 -0.006169 0.107300
-0.027032 -0.005873 0.106900
-0.026982 -0.005590 0.106700
-0.026906 -0.005303 0.106400
-0.026855 -0.005023 0.106200
-0.026805 -0.004743 0.106000
-0.026729 -0.004460 0.105700
-0.026678 -0.004183 0.105500
-0.026628 -0.003906 0.105300
-0.026577 -0.003631 0.105100
-0.026552 -0.003360 0.105000
-0.026501 -0.003086 0.104800
-0.026451 -0.002814 0.104600
-0.026400 -0.002542 0.104400
-0.026375 -0.002274 0.104300
-0.026324 -0.002004 0.104100
-0.026274 -0.001736 0.103900
-0.026248 -0.001469 0.103800
-0.026198 -0.001202 0.103600
-0.026147 -0.000936 0.103400
-0.026122 -0.000672 0.103300
-0.026097 -0.000408 0.103200
-0.026071 -0.000145 0.103100
-0.026046 0.000118 0.103000
-0.026021 0.000380 0.102900
-0.026021 0.000642 0.102900
-0.025996 0.000903 0.102800
-0.025970 0.001164 0.102700
-0.025945 0.001425 0.102600
-0.025920 0.001685 0.102500
-0.025869 0.001942 0.102300
-0.025869 0.002203 0.102300
-0.025844 0.002461 0.102200
-0.025844 0.002722 0.102200
-0.025819 0.002980 0.102100
-0.025819 0.003240 0.102100
-0.025819 0.003500 0.102100
-0.025819 0.003760 0.102100
-0.025819 0.004021 0.102100
-0.025819 0.004281 0.102100
-0.025844 0.004546 0.102200
-0.025844 0.004806 0.102200
-0.025844 0.005067 0.102200
-0.025844 0.005327 0.102200
-0.025844 0.005588 0.102200
-0.025844 0.005848 0.102200
-0.025869 0.006115 0.102300
-0.025869 0.006376 0.102300
-0.025869 0.006636 0.102300
-0.025869 0.006897 0.102300
-0.025869 0.007158 0.102300
-0.025869 0.007419 0.102300
-0.025869 0.007679 0.102300
-0.025894 0.007948 0.102400
-0.025894 0.008209 0.102400
-0.025920 0.008478 0.102500
-0.025920 0.008740 0.102500
-0.025945 0.009010 0.102600
-0.025970 0.009280 0.102700
-0.025970 0.009542 0.102700
-0.025996 0.009813 0.102800
-0.026021 0.010085 0.102900
-0.026021 0.010348 0.102900
-0.026046 0.010620 0.103000
-0.026071 0.010893 0.103100
-0.026097 0.011167 0.103200
-0.026147 0.011452 0.103400
-0.026198 0.011739 0.103600
-0.026223 0.012014 0.103700
-0.026274 0.012302 0.103900
-0.026324 0.012591 0.104100
-0.026350 0.012869 0.104200
-0.026400 0.013160 0.104400
-0.026451 0.013452 0.104600
-0.026501 0.013745 0.104800
-0.026552 0.014039 0.105000
-0.026577 0.014320 0.105100
-0.026628 0.014615 0.105300
-0.026678 0.014912 0.105500
-0.026729 0.015210 0.105700
-0.026780 0.015509 0.105900
-0.026780 0.015779 0.105900
-0.026805 0.016064 0.106000
-0.026855 0.016365 0.106200
-0.026906 0.016667 0.106400
-0.026957 0.016970 0.106600
-0.027007 0.017274 0.106800
-0.027032 0.017563 0.106900
-0.027083 0.017869 0.107100
-0.027159 0.018192 0.107400
-0.027209 0.018501 0.107600
-0.027260 0.018810 0.107800
-0.027311 0.019120 0.108000
-0.027361 0.019431 0.108200
-0.027386 0.019725 0.108300
-0.027437 0.020038 0.108500
-0.028200 -0.009724 0.110400
-0.028097 -0.009409 0.110000
-0.028046 -0.009112 0.109800
-0.027970 -0.008808 0.109500
-0.027919 -0.008513 0.109300
-0.027867 -0.008219 0.109100
-0.027816 -0.007926 0.108900
-0.027740 -0.007628 0.108600
-0.027689 -0.007337 0.108400
-0.027638 -0.007048 0.108200
-0.027561 -0.006753 0.107900
-0.027484 -0.006460 0.107600
-0.027408 -0.006169 0.107300
-0.027331 -0.005879 0.107000
-0.027280 -0.005596 0.106800
-0.027203 -0.005308 0.106500
-0.027152 -0.005027 0.106300
-0.027101 -0.004747 0.106100
-0.027025 -0.004464 0.105800
-0.026948 -0.004183 0.105500
-0.026922 -0.003910 0.105400
-0.026871 -0.003634 0.105200
-0.026820 -0.003360 0.105000
-0.026769 -0.003086 0.104800
-0.026718 -0.002814 0.104600
-0.026693 -0.002545 0.104500
-0.026641 -0.002274 0.104300
-0.026590 -0.002004 0.104100
-0.026565 -0.001737 0.104000
-0.026514 -0.001469 0.103800
-0.026488 -0.001203 0.103700
-0.026437 -0.000937 0.103500
-0.026412 -0.000673 0.103400
-0.026360 -0.000408 0.103200
-0.026360 -0.000145 0.103200
-0.026309 0.000118 0.103000
-0.026284 0.000380 0.102900
-0.026284 0.000642 0.102900
-0.026258 0.000903 0.102800
-0.026233 0.001164 0.102700
-0.026207 0.001425 0.102600
-0.026182 0.001685 0.102500
-0.026156 0.001944 0.102400
-0.026131 0.002203 0.102300
-0.026131 0.002464 0.102300
-0.026105 0.002722 0.102200
-0.026079 0.002980 0.102100
-0.026079 0.003240 0.102100
-0.026079 0.003500 0.102100
-0.026079 0.003760 0.102100
-0.026079 0.004021 0.102100
-0.026079 0.004281 0.102100
-0.026105 0.004546 0.102200
-0.026105 0.004806 0.102200
-0.026105 0.005067 0.102200
-0.026105 0.005327 0.102200
-0.026105 0.005588 0.102200
-0.026105 0.005848 0.102200
-0.026105 0.006109 0.102200
-0.026105 0.006369 0.102200
-0.026105 0.006630 0.102200
-0.026105 0.006890 0.102200
-0.026105 0.007151 0.102200
-0.026131 0.007419 0.102300
-0.026131 0.007679 0.102300
-0.026131 0.007940 0.102300
-0.026156 0.008209 0.102400
-0.026182 0.008478 0.102500
-0.026182 0.008740 0.102500
-0.026207 0.009010 0.102600
-0.026233 0.009280 0.102700
-0.026233 0.009542 0.102700
-0.026258 0.009813 0.102800
-0.026284 0.010085 0.102900
-0.026309 0.010358 0.103000
-0.026335 0.010631 0.103100
-0.026360 0.010904 0.103200
-0.026386 0.011178 0.103300
-0.026437 0.011463 0.103500
-0.026463 0.011739 0.103600
-0.026514 0.012026 0.103800
-0.026565 0.012314 0.104000
-0.026616 0.012603 0.104200
-0.026667 0.012894 0.104400
-0.026693 0.013172 0.104500
-0.026744 0.013465 0.104700
-0.026795 0.013758 0.104900
-0.026820 0.014039 0.105000
-0.026846 0.014320 0.105100
-0.026897 0.014615 0.105300
-0.026948 0.014912 0.105500
-0.026999 0.015210 0.105700
-0.027050 0.015509 0.105900
-0.027050 0.015779 0.105900
-0.027101 0.016079 0.106100
-0.027152 0.016380 0.106300
-0.027203 0.016682 0.106500
-0.027229 0.016970 0.106600
-0.027280 0.017274 0.106800
-0.027331 0.017579 0.107000
-0.027357 0.017869 0.107100
-0.027433 0.018192 0.107400
-0.027484 0.018501 0.107600
-0.027535 0.018810 0.107800
-0.027587 0.019120 0.108000
-0.027638 0.019431 0.108200
-0.027663 0.019725 0.108300
-0.028533 -0.009742 0.110600
-0.028456 -0.009434 0.110300
-0.028378 -0.009128 0.110000
-0.028301 -0.008824 0.109700
-0.028224 -0.008521 0.109400
-0.028172 -0.008227 0.109200
-0.028095 -0.007926 0.108900
-0.028017 -0.007628 0.108600
-0.027991 -0.007344 0.108500
-0.027940 -0.007055 0.108300
-0.027862 -0.006760 0.108000
-0.027785 -0.006466 0.107700
-0.027708 -0.006175 0.107400
-0.027630 -0.005884 0.107100
-0.027579 -0.005601 0.106900
-0.027501 -0.005313 0.106600
-0.027450 -0.005032 0.106400
-0.027398 -0.004752 0.106200
-0.027321 -0.004469 0.105900
-0.027243 -0.004187 0.105600
-0.027192 -0.003910 0.105400
-0.027140 -0.003634 0.105200
-0.027114 -0.003363 0.105100
-0.027063 -0.003089 0.104900
-0.027011 -0.002816 0.104700
-0.026960 -0.002545 0.104500
-0.026908 -0.002274 0.104300
-0.026882 -0.002006 0.104200
-0.026831 -0.001737 0.104000
-0.026805 -0.001471 0.103900
-0.026779 -0.001205 0.103800
-0.026727 -0.000938 0.103600
-0.026702 -0.000673 0.103500
-0.026650 -0.000409 0.103300
-0.026624 -0.000145 0.103200
-0.026598 0.000118 0.103100
-0.026573 0.000380 0.103000
-0.026573 0.000643 0.103000
-0.026547 0.000904 0.102900
-0.026495 0.001164 0.102700
-0.026469 0.001425 0.102600
-0.026444 0.001685 0.102500
-0.026418 0.001944 0.102400
-0.026392 0.002203 0.102300
-0.026392 0.002464 0.102300
-0.026366 0.002722 0.102200
-0.026366 0.002982 0.102200
-0.026366 0.003243 0.102200
-0.026340 0.003500 0.102100
-0.026340 0.003760 0.102100
-0.026340 0.004021 0.102100
-0.026340 0.004281 0.102100
-0.026366 0.004546 0.102200
-0.026366 0.004806 0.102200
-0.026366 0.005067 0.102200
-0.026366 0.005327 0.102200
-0.026366 0.005588 0.102200
-0.026366 0.005848 0.102200
-0.026366 0.006109 0.102200
-0.026366 0.006369 0.102200
-0.026366 0.006630 0.102200
-0.026366 0.006890 0.102200
-0.026366 0.007151 0.102200
-0.026392 0.007419 0.102300
-0.026392 0.007679 0.102300
-0.026392 0.007940 0.102300
-0.026418 0.008209 0.102400
-0.026444 0.008478 0.102500
-0.026444 0.008740 0.102500
-0.026469 0.009010 0.102600
-0.026495 0.009280 0.102700
-0.026521 0.009551 0.102800
-0.026521 0.009813 0.102800
-0.026547 0.010085 0.102900
-0.026573 0.010358 0.103000
-0.026598 0.010631 0.103100
-0.026624 0.010904 0.103200
-0.026676 0.011189 0.103400
-0.026727 0.011474 0.103600
-0.026753 0.011750 0.103700
-0.026805 0.012037 0.103900
-0.026831 0.012314 0.104000
-0.026882 0.012603 0.104200
-0.026934 0.012894 0.104400
-0.026960 0.013172 0.104500
-0.027011 0.013465 0.104700
-0.027063 0.013758 0.104900
-0.027114 0.014052 0.105100
-0.027140 0.014333 0.105200
-0.027192 0.014629 0.105400
-0.027243 0.014926 0.105600
-0.027269 0.015210 0.105700
-0.027346 0.015523 0.106000
-0.027346 0.015794 0.106000
-0.027398 0.016094 0.106200
-0.027424 0.016380 0.106300
-0.027475 0.016682 0.106500
-0.027527 0.016986 0.106700
-0.027553 0.017274 0.106800
-0.027604 0.017579 0.107000
-0.027656 0.017885 0.107200
-0.027708 0.018192 0.107400
-0.027759 0.018501 0.107600
-0.027811 0.018810 0.107800
-0.027862 0.019120 0.108000
-0.027914 0.019431 0.108200
-0.028816 -0.009460 0.110600
-0.028816 -0.009178 0.110600
-0.028503 -0.008521 0.109400
-0.028451 -0.008227 0.109200
-0.028425 -0.007941 0.109100
-0.028321 -0.007635 0.108700
-0.028295 -0.007351 0.108600
-0.028217 -0.007055 0.108300
-0.028164 -0.006766 0.108100
-0.028060 -0.006466 0.107700
-0.028008 -0.006180 0.107500
-0.027930 -0.005890 0.107200
-0.027878 -0.005606 0.107000
-0.027800 -0.005318 0.106700
-0.027748 -0.005037 0.106500
-0.027696 -0.004756 0.106300
-0.027617 -0.004473 0.106000
-0.027539 -0.004191 0.105700
-0.027487 -0.003914 0.105500
-0.027435 -0.003638 0.105300
-0.027383 -0.003363 0.105100
-0.027357 -0.003092 0.105000
-0.027305 -0.002819 0.104800
-0.027253 -0.002547 0.104600
-0.027200 -0.002276 0.104400
-0.027174 -0.002008 0.104300
-0.027122 -0.001739 0.104100
-0.027096 -0.001472 0.104000
-0.027044 -0.001205 0.103800
-0.027018 -0.000939 0.103700
-0.026966 -0.000673 0.103500
-0.026940 -0.000409 0.103400
-0.026914 -0.000145 0.103300
-0.026888 0.000118 0.103200
-0.026836 0.000380 0.103000
-0.026836 0.000643 0.103000
-0.026810 0.000904 0.102900
-0.026784 0.001166 0.102800
-0.026758 0.001426 0.102700
-0.026732 0.001686 0.102600
-0.026705 0.001946 0.102500
-0.026679 0.002205 0.102400
-0.026653 0.002464 0.102300
-0.026653 0.002725 0.102300
-0.026627 0.002982 0.102200
-0.026627 0.003243 0.102200
-0.026627 0.003503 0.102200
-0.026627 0.003764 0.102200
-0.026627 0.004025 0.102200
-0.026627 0.004285 0.102200
-0.026627 0.004546 0.102200
-0.026627 0.004806 0.102200
-0.026627 0.005067 0.102200
-0.026627 0.005327 0.102200
-0.026627 0.005588 0.102200
-0.026627 0.005848 0.102200
-0.026627 0.006109 0.102200
-0.026627 0.006369 0.102200
-0.026627 0.006630 0.102200
-0.026627 0.006890 0.102200
-0.026627 0.007151 0.102200
-0.026653 0.007419 0.102300
-0.026653 0.007679 0.102300
-0.026653 0.007940 0.102300
-0.026679 0.008209 0.102400
-0.026705 0.008478 0.102500
-0.026705 0.008740 0.102500
-0.026732 0.009010 0.102600
-0.026758 0.009280 0.102700
-0.026784 0.009551 0.102800
-0.026810 0.009823 0.102900
-0.026810 0.010085 0.102900
-0.026836 0.010358 0.103000
-0.026862 0.010631 0.103100
-0.026888 0.010904 0.103200
-0.026940 0.011189 0.103400
-0.026992 0.011474 0.103600
-0.027018 0.011750 0.103700
-0.027070 0.012037 0.103900
-0.027122 0.012326 0.104100
-0.027174 0.012616 0.104300
-0.027227 0.012906 0.104500
-0.027279 0.013198 0.104700
-0.027305 0.013477 0.104800
-0.027357 0.013771 0.105000
-0.027383 0.014052 0.105100
-0.027435 0.014347 0.105300
-0.027487 0.014643 0.105500
-0.027539 0.014940 0.105700
-0.027591 0.015239 0.105900
-0.027643 0.015538 0.106100
-0.027643 0.015808 0.106100
-0.027696 0.016109 0.106300
-0.027722 0.016396 0.106400
-0.027774 0.016698 0.106600
-0.027800 0.016986 0.106700
-0.027852 0.017290 0.106900
-0.027904 0.017596 0.107100
-0.027930 0.017885 0.107200
-0.028008 0.018209 0.107500
-0.028060 0.018518 0.107700
-0.028086 0.018810 0.107800
-0.028164 0.019138 0.108100
-0.028191 0.019431 0.108200
-0.029098 -0.009460 0.110600
-0.029020 -0.009153 0.110300
-0.028941 -0.008848 0.110000
-0.028835 -0.008536 0.109600
-0.028756 -0.008234 0.109300
-0.028704 -0.007941 0.109100
-0.028625 -0.007642 0.108800
-0.028572 -0.007351 0.108600
-0.028520 -0.007061 0.108400
-0.028441 -0.006766 0.108100
-0.028388 -0.006478 0.107900
-0.028309 -0.006186 0.107600
-0.028230 -0.005895 0.107300
-0.028178 -0.005611 0.107100
-0.028099 -0.005323 0.106800
-0.028046 -0.005042 0.106600
-0.027993 -0.004761 0.106400
-0.027915 -0.004477 0.106100
-0.027862 -0.004199 0.105900
-0.027783 -0.003917 0.105600
-0.027730 -0.003641 0.105400
-0.027678 -0.003366 0.105200
-0.027625 -0.003092 0.105000
-0.027599 -0.002822 0.104900
-0.027546 -0.002550 0.104700
-0.027494 -0.002278 0.104500
-0.027467 -0.002010 0.104400
-0.027415 -0.001741 0.104200
-0.027388 -0.001473 0.104100
-0.027336 -0.001206 0.103900
-0.027309 -0.000940 0.103800
-0.027283 -0.000675 0.103700
-0.027230 -0.000410 0.103500
-0.027178 -0.000145 0.103300
-0.027152 0.000118 0.103200
-0.027125 0.000380 0.103100
-0.027125 0.000643 0.103100
-0.027099 0.000905 0.103000
-0.027046 0.001166 0.102800
-0.027020 0.001426 0.102700
-0.026994 0.001686 0.102600
-0.026967 0.001946 0.102500
-0.026941 0.002205 0.102400
-0.026941 0.002466 0.102400
-0.026915 0.002725 0.102300
-0.026915 0.002985 0.102300
-0.026888 0.003243 0.102200
-0.026888 0.003503 0.102200
-0.026888 0.003764 0.102200
-0.026888 0.004025 0.102200
-0.026888 0.004285 0.102200
-0.026888 0.004546 0.102200
-0.026888 0.004806 0.102200
-0.026888 0.005067 0.102200
-0.026888 0.005327 0.102200
-0.026888 0.005588 0.102200
-0.026888 0.005848 0.102200
-0.026888 0.006109 0.102200
-0.026888 0.006369 0.102200
-0.026888 0.006630 0.102200
-0.026888 0.006890 0.102200
-0.026888 0.007151 0.102200
-0.026915 0.007419 0.102300
-0.026915 0.007679 0.102300
-0.026915 0.007940 0.102300
-0.026941 0.008209 0.102400
-0.026967 0.008478 0.102500
-0.026994 0.008748 0.102600
-0.026994 0.009010 0.102600
-0.027020 0.009280 0.102700
-0.027046 0.009551 0.102800
-0.027073 0.009823 0.102900
-0.027073 0.010085 0.102900
-0.027099 0.010358 0.103000
-0.027152 0.010641 0.103200
-0.027178 0.010915 0.103300
-0.027230 0.011200 0.103500
-0.027257 0.011474 0.103600
-0.027309 0.011761 0.103800
-0.027362 0.012049 0.104000
-0.027415 0.012338 0.104200
-0.027467 0.012628 0.104400
-0.027520 0.012918 0.104600
-0.027572 0.013210 0.104800
-0.027599 0.013490 0.104900
-0.027651 0.013784 0.105100
-0.027678 0.014065 0.105200
-0.027730 0.014361 0.105400
-0.027783 0.014657 0.105600
-0.027836 0.014955 0.105800
-0.027888 0.015253 0.106000
-0.027941 0.015553 0.106200
-0.027941 0.015823 0.106200
-0.027993 0.016124 0.106400
-0.028020 0.016411 0.106500
-0.028072 0.016714 0.106700
-0.028099 0.017002 0.106800
-0.028151 0.017306 0.107000
-0.028178 0.017596 0.107100
-0.028230 0.017902 0.107300
-0.028309 0.018226 0.107600
-0.028362 0.018535 0.107800
-0.028414 0.018845 0.108000
-0.028441 0.019138 0.108100
-0.029381 -0.009460 0.110600
-0.029301 -0.009153 0.110300
-0.029222 -0.008848 0.110000
-0.029115 -0.008536 0.109600
-0.029036 -0.008234 0.109300
-0.029009 -0.007948 0.109200
-0.028956 -0.007656 0.109000
-0.028876 -0.007358 0.108700
-0.028823 -0.007068 0.108500
-0.028770 -0.006778 0.108300
-0.028690 -0.006484 0.108000
-0.028611 -0.006192 0.107700
-0.028531 -0.005901 0.107400
-0.028478 -0.005616 0.107200
-0.028425 -0.005333 0.107000
-0.028345 -0.005046 0.106700
-0.028292 -0.004765 0.106500
-0.028239 -0.004485 0.106300
-0.028159 -0.004203 0.106000
-0.028079 -0.003921 0.105700
-0.028026 -0.003645 0.105500
-0.027973 -0.003369 0.105300
-0.027920 -0.003095 0.105100
-0.027867 -0.002822 0.104900
-0.027840 -0.002552 0.104800
-0.027787 -0.002280 0.104600
-0.027761 -0.002012 0.104500
-0.027707 -0.001742 0.104300
-0.027681 -0.001475 0.104200
-0.027654 -0.001208 0.104100
-0.027601 -0.000941 0.103900
-0.027575 -0.000675 0.103800
-0.027521 -0.000410 0.103600
-0.027468 -0.000146 0.103400
-0.027442 0.000118 0.103300
-0.027415 0.000381 0.103200
-0.027415 0.000644 0.103200
-0.027362 0.000905 0.103000
-0.027336 0.001167 0.102900
-0.027309 0.001428 0.102800
-0.027282 0.001688 0.102700
-0.027256 0.001948 0.102600
-0.027229 0.002207 0.102500
-0.027203 0.002466 0.102400
-0.027203 0.002727 0.102400
-0.027176 0.002985 0.102300
-0.027176 0.003246 0.102300
-0.027176 0.003507 0.102300
-0.027150 0.003764 0.102200
-0.027150 0.004025 0.102200
-0.027150 0.004285 0.102200
-0.027150 0.004546 0.102200
-0.027150 0.004806 0.102200
-0.027150 0.005067 0.102200
-0.027150 0.005327 0.102200
-0.027150 0.005588 0.102200
-0.027150 0.005848 0.102200
-0.027150 0.006109 0.102200
-0.027150 0.006369 0.102200
-0.027150 0.006630 0.102200
-0.027150 0.006890 0.102200
-0.027176 0.007158 0.102300
-0.027176 0.007419 0.102300
-0.027176 0.007679 0.102300
-0.027176 0.007940 0.102300
-0.027203 0.008209 0.102400
-0.027229 0.008478 0.102500
-0.027256 0.008748 0.102600
-0.027282 0.009019 0.102700
-0.027282 0.009280 0.102700
-0.027309 0.009551 0.102800
-0.027336 0.009823 0.102900
-0.027362 0.010095 0.103000
-0.027389 0.010368 0.103100
-0.027415 0.010641 0.103200
-0.027442 0.010915 0.103300
-0.027495 0.011200 0.103500
-0.027548 0.011486 0.103700
-0.027601 0.011773 0.103900
-0.027654 0.012061 0.104100
-0.027707 0.012350 0.104300
-0.027761 0.012640 0.104500
-0.027814 0.012931 0.104700
-0.027867 0.013223 0.104900
-0.027893 0.013503 0.105000
-0.027947 0.013797 0.105200
-0.027973 0.014079 0.105300
-0.028026 0.014374 0.105500
-0.028079 0.014671 0.105700
-0.028132 0.014969 0.105900
-0.028186 0.015267 0.106100
-0.028239 0.015567 0.106300
-0.028292 0.015868 0.106500
-0.028292 0.016139 0.106500
-0.028318 0.016426 0.106600
-0.028372 0.016729 0.106800
-0.028398 0.017018 0.106900
-0.028451 0.017323 0.107100
-0.028478 0.017612 0.107200
-0.028531 0.017919 0.107400
-0.028584 0.018226 0.107600
-0.028664 0.018552 0.107900
-0.028717 0.018862 0.108100
-0.028743 0.019155 0.108200
-0.029637 -0.009170 0.110500
-0.029503 -0.008848 0.110000
-0.029422 -0.008544 0.109700
-0.029369 -0.008249 0.109500
-0.029288 -0.007948 0.109200
-0.029261 -0.007663 0.109100
-0.029208 -0.007371 0.108900
-0.029127 -0.007074 0.108600
-0.029074 -0.006785 0.108400
-0.029020 -0.006496 0.108200
-0.028939 -0.006203 0.107900
-0.028859 -0.005912 0.107600
-0.028805 -0.005627 0.107400
-0.028725 -0.005338 0.107100
-0.028671 -0.005056 0.106900
-0.028618 -0.004774 0.106700
-0.028537 -0.004490 0.106400
-0.028457 -0.004207 0.106100
-0.028403 -0.003929 0.105900
-0.028323 -0.003648 0.105600
-0.028242 -0.003369 0.105300
-0.028189 -0.003095 0.105100
-0.028162 -0.002825 0.105000
-0.028108 -0.002552 0.104800
-0.028081 -0.002283 0.104700
-0.028028 -0.002012 0.104500
-0.028001 -0.001744 0.104400
-0.027974 -0.001476 0.104300
-0.027947 -0.001209 0.104200
-0.027893 -0.000942 0.104000
-0.027840 -0.000675 0.103800
-0.027813 -0.000410 0.103700
-0.027759 -0.000146 0.103500
-0.027706 0.000118 0.103300
-0.027679 0.000381 0.103200
-0.027679 0.000644 0.103200
-0.027652 0.000906 0.103100
-0.027625 0.001168 0.103000
-0.027572 0.001428 0.102800
-0.027545 0.001688 0.102700
-0.027545 0.001950 0.102700
-0.027518 0.002209 0.102600
-0.027491 0.002469 0.102500
-0.027464 0.002727 0.102400
-0.027464 0.002988 0.102400
-0.027438 0.003246 0.102300
-0.027438 0.003507 0.102300
-0.027438 0.003768 0.102300
-0.027438 0.004028 0.102300
-0.027438 0.004289 0.102300
-0.027438 0.004550 0.102300
-0.027438 0.004811 0.102300
-0.027438 0.005072 0.102300
-0.027438 0.005332 0.102300
-0.027411 0.005588 0.102200
-0.027411 0.005848 0.102200
-0.027411 0.006109 0.102200
-0.027411 0.006369 0.102200
-0.027411 0.006630 0.102200
-0.027411 0.006890 0.102200
-0.027438 0.007158 0.102300
-0.027438 0.007419 0.102300
-0.027438 0.007679 0.102300
-0.027464 0.007948 0.102400
-0.027464 0.008209 0.102400
-0.027491 0.008478 0.102500
-0.027518 0.008748 0.102600
-0.027545 0.009019 0.102700
-0.027572 0.009289 0.102800
-0.027572 0.009551 0.102800
-0.027598 0.009823 0.102900
-0.027625 0.010095 0.103000
-0.027652 0.010368 0.103100
-0.027679 0.010641 0.103200
-0.027733 0.010925 0.103400
-0.027786 0.011210 0.103600
-0.027840 0.011497 0.103800
-0.027893 0.011784 0.104000
-0.027947 0.012072 0.104200
-0.028001 0.012361 0.104400
-0.028054 0.012652 0.104600
-0.028108 0.012943 0.104800
-0.028135 0.013223 0.104900
-0.028189 0.013516 0.105100
-0.028215 0.013797 0.105200
-0.028269 0.014092 0.105400
-0.028323 0.014388 0.105600
-0.028376 0.014685 0.105800
-0.028430 0.014983 0.106000
-0.028484 0.015282 0.106200
-0.028537 0.015582 0.106400
-0.028564 0.015868 0.106500
-0.028564 0.016139 0.106500
-0.028618 0.016442 0.106700
-0.028671 0.016745 0.106900
-0.028698 0.017034 0.107000
-0.028752 0.017339 0.107200
-0.028779 0.017628 0.107300
-0.028832 0.017935 0.107500
-0.028886 0.018243 0.107700
-0.028966 0.018569 0.108000
-0.029020 0.018880 0.108200
-0.029919 -0.009170 0.110500
-0.029811 -0.008856 0.110100
-0.029730 -0.008552 0.109800
-0.029675 -0.008257 0.109600
-0.029621 -0.007963 0.109400
-0.029567 -0.007670 0.109200
-0.029513 -0.007378 0.109000
-0.029459 -0.007087 0.108800
-0.029405 -0.006797 0.108600
-0.029323 -0.006502 0.108300
-0.029269 -0.006215 0.108100
-0.029215 -0.005928 0.107900
-0.029134 -0.005637 0.107600
-0.029053 -0.005348 0.107300
-0.028999 -0.005065 0.107100
-0.028917 -0.004779 0.106800
-0.028863 -0.004498 0.106600
-0.028782 -0.004214 0.106300
-0.028701 -0.003932 0.106000
-0.028620 -0.003652 0.105700
-0.028538 -0.003373 0.105400
-0.028484 -0.003098 0.105200
-0.028457 -0.002827 0.105100
-0.028403 -0.002554 0.104900
-0.028349 -0.002283 0.104700
-0.028322 -0.002014 0.104600
-0.028295 -0.001746 0.104500
-0.028268 -0.001478 0.104400
-0.028240 -0.001210 0.104300
-0.028186 -0.000943 0.104100
-0.028132 -0.000676 0.103900
-0.028105 -0.000411 0.103800
-0.028051 -0.000146 0.103600
-0.027997 0.000118 0.103400
-0.027970 0.000381 0.103300
-0.027970 0.000645 0.103300
-0.027943 0.000907 0.103200
-0.027888 0.001168 0.103000
-0.027861 0.001429 0.102900
-0.027834 0.001690 0.102800
-0.027807 0.001950 0.102700
-0.027807 0.002212 0.102700
-0.027780 0.002471 0.102600
-0.027753 0.002730 0.102500
-0.027753 0.002991 0.102500
-0.027726 0.003249 0.102400
-0.027726 0.003510 0.102400
-0.027699 0.003768 0.102300
-0.027699 0.004028 0.102300
-0.027699 0.004289 0.102300
-0.027699 0.004550 0.102300
-0.027699 0.004811 0.102300
-0.027699 0.005072 0.102300
-0.027699 0.005332 0.102300
-0.027699 0.005593 0.102300
-0.027699 0.005854 0.102300
-0.027699 0.006115 0.102300
-0.027699 0.006376 0.102300
-0.027699 0.006636 0.102300
-0.027699 0.006897 0.102300
-0.027699 0.007158 0.102300
-0.027699 0.007419 0.102300
-0.027726 0.007687 0.102400
-0.027726 0.007948 0.102400
-0.027753 0.008217 0.102500
-0.027780 0.008487 0.102600
-0.027807 0.008757 0.102700
-0.027807 0.009019 0.102700
-0.027834 0.009289 0.102800
-0.027861 0.009561 0.102900
-0.027888 0.009833 0.103000
-0.027888 0.010095 0.103000
-0.027943 0.010378 0.103200
-0.027970 0.010651 0.103300
-0.027997 0.010925 0.103400
-0.028051 0.011210 0.103600
-0.028105 0.011497 0.103800
-0.028159 0.011784 0.104000
-0.028213 0.012072 0.104200
-0.028295 0.012373 0.104500
-0.028349 0.012664 0.104700
-0.028403 0.012955 0.104900
-0.028430 0.013236 0.105000
-0.028457 0.013516 0.105100
-0.028511 0.013810 0.105300
-0.028565 0.014105 0.105500
-0.028620 0.014402 0.105700
-0.028674 0.014699 0.105900
-0.028728 0.014997 0.106100
-0.028782 0.015296 0.106300
-0.028809 0.015582 0.106400
-0.028863 0.015883 0.106600
-0.028863 0.016155 0.106600
-0.028917 0.016457 0.106800
-0.028944 0.016745 0.106900
-0.028999 0.017049 0.107100
-0.029053 0.017355 0.107300
-0.029080 0.017645 0.107400
-0.029134 0.017952 0.107600
-0.029242 0.018294 0.108000
-0.029296 0.018604 0.108200
-0.029323 0.018897 0.108300
-0.030120 -0.008864 0.110200
-0.030038 -0.008560 0.109900
-0.029983 -0.008264 0.109700
-0.029956 -0.007977 0.109600
-0.029901 -0.007684 0.109400
-0.029846 -0.007392 0.109200
-0.029792 -0.007100 0.109000
-0.029710 -0.006803 0.108700
-0.029655 -0.006514 0.108500
-0.029600 -0.006226 0.108300
-0.029546 -0.005939 0.108100
-0.029464 -0.005648 0.107800
-0.029382 -0.005358 0.107500
-0.029327 -0.005075 0.107300
-0.029245 -0.004788 0.107000
-0.029163 -0.004502 0.106700
-0.029081 -0.004218 0.106400
-0.028999 -0.003936 0.106100
-0.028944 -0.003659 0.105900
-0.028862 -0.003379 0.105600
-0.028780 -0.003101 0.105300
-0.028753 -0.002830 0.105200
-0.028698 -0.002557 0.105000
-0.028671 -0.002287 0.104900
-0.028616 -0.002016 0.104700
-0.028589 -0.001747 0.104600
-0.028562 -0.001479 0.104500
-0.028534 -0.001212 0.104400
-0.028480 -0.000944 0.104200
-0.028425 -0.000677 0.104000
-0.028398 -0.000411 0.103900
-0.028343 -0.000146 0.103700
-0.028288 0.000118 0.103500
-0.028261 0.000382 0.103400
-0.028261 0.000645 0.103400
-0.028206 0.000907 0.103200
-0.028179 0.001169 0.103100
-0.028152 0.001430 0.103000
-0.028124 0.001691 0.102900
-0.028097 0.001952 0.102800
-0.028070 0.002212 0.102700
-0.028042 0.002471 0.102600
-0.028015 0.002730 0.102500
-0.028015 0.002991 0.102500
-0.027988 0.003249 0.102400
-0.027988 0.003510 0.102400
-0.027960 0.003768 0.102300
-0.027960 0.004028 0.102300
-0.027960 0.004289 0.102300
-0.027960 0.004550 0.102300
-0.027960 0.004811 0.102300
-0.027960 0.005072 0.102300
-0.027960 0.005332 0.102300
-0.027960 0.005593 0.102300
-0.027960 0.005854 0.102300
-0.027960 0.006115 0.102300
-0.027960 0.006376 0.102300
-0.027960 0.006636 0.102300
-0.027988 0.006904 0.102400
-0.027988 0.007165 0.102400
-0.027988 0.007426 0.102400
-0.028015 0.007694 0.102500
-0.028015 0.007956 0.102500
-0.028042 0.008225 0.102600
-0.028070 0.008495 0.102700
-0.028070 0.008757 0.102700
-0.028097 0.009027 0.102800
-0.028124 0.009298 0.102900
-0.028124 0.009561 0.102900
-0.028152 0.009833 0.103000
-0.028179 0.010105 0.103100
-0.028206 0.010378 0.103200
-0.028234 0.010651 0.103300
-0.028288 0.010936 0.103500
-0.028343 0.011221 0.103700
-0.028398 0.011508 0.103900
-0.028452 0.011795 0.104100
-0.028507 0.012084 0.104300
-0.028562 0.012373 0.104500
-0.028644 0.012676 0.104800
-0.028671 0.012955 0.104900
-0.028726 0.013248 0.105100
-0.028753 0.013529 0.105200
-0.028808 0.013823 0.105400
-0.028862 0.014119 0.105600
-0.028890 0.014402 0.105700
-0.028972 0.014713 0.106000
-0.029026 0.015011 0.106200
-0.029081 0.015311 0.106400
-0.029136 0.015611 0.106600
-0.029163 0.015898 0.106700
-0.029163 0.016170 0.106700
-0.029218 0.016473 0.106900
-0.029272 0.016776 0.107100
-0.029300 0.017065 0.107200
-0.029354 0.017371 0.107400
-0.029382 0.017661 0.107500
-0.029464 0.017985 0.107800
-0.029546 0.018311 0.108100
-0.029600 0.018621 0.108300
-0.029655 0.018932 0.108500
-0.030318 -0.008560 0.109900
-0.030291 -0.008272 0.109800
-0.030263 -0.007985 0.109700
-0.030208 -0.007691 0.109500
-0.030180 -0.007405 0.109400
-0.030125 -0.007113 0.109200
-0.030070 -0.006822 0.109000
-0.029987 -0.006526 0.108700
-0.029932 -0.006238 0.108500
-0.029877 -0.005950 0.108300
-0.029794 -0.005658 0.108000
-0.029711 -0.005368 0.107700
-0.029629 -0.005079 0.107400
-0.029573 -0.004797 0.107200
-0.029491 -0.004511 0.106900
-0.029408 -0.004226 0.106600
-0.029325 -0.003943 0.106300
-0.029242 -0.003662 0.106000
-0.029160 -0.003382 0.105700
-0.029104 -0.003107 0.105500
-0.029049 -0.002833 0.105300
-0.028994 -0.002559 0.105100
-0.028967 -0.002289 0.105000
-0.028911 -0.002018 0.104800
-0.028884 -0.001749 0.104700
-0.028856 -0.001481 0.104600
-0.028829 -0.001213 0.104500
-0.028773 -0.000945 0.104300
-0.028746 -0.000678 0.104200
-0.028691 -0.000412 0.104000
-0.028636 -0.000146 0.103800
-0.028580 0.000118 0.103600
-0.028553 0.000382 0.103500
-0.028553 0.000646 0.103500
-0.028470 0.000907 0.103200
-0.028442 0.001169 0.103100
-0.028415 0.001430 0.103000
-0.028387 0.001691 0.102900
-0.028360 0.001952 0.102800
-0.028332 0.002212 0.102700
-0.028332 0.002473 0.102700
-0.028304 0.002733 0.102600
-0.028304 0.002994 0.102600
-0.028277 0.003252 0.102500
-0.028277 0.003514 0.102500
-0.028249 0.003771 0.102400
-0.028249 0.004032 0.102400
-0.028249 0.004293 0.102400
-0.028249 0.004554 0.102400
-0.028249 0.004816 0.102400
-0.028249 0.005077 0.102400
-0.028249 0.005338 0.102400
-0.028249 0.005599 0.102400
-0.028249 0.005860 0.102400
-0.028249 0.006121 0.102400
-0.028249 0.006382 0.102400
-0.028277 0.006649 0.102500
-0.028277 0.006911 0.102500
-0.028277 0.007172 0.102500
-0.028277 0.007433 0.102500
-0.028304 0.007702 0.102600
-0.028304 0.007964 0.102600
-0.028332 0.008233 0.102700
-0.028360 0.008503 0.102800
-0.028360 0.008765 0.102800
-0.028387 0.009036 0.102900
-0.028387 0.009298 0.102900
-0.028415 0.009570 0.103000
-0.028442 0.009842 0.103100
-0.028470 0.010115 0.103200
-0.028498 0.010388 0.103300
-0.028525 0.010662 0.103400
-0.028580 0.010946 0.103600
-0.028636 0.011232 0.103800
-0.028691 0.011519 0.104000
-0.028746 0.011807 0.104200
-0.028801 0.012095 0.104400
-0.028856 0.012385 0.104600
-0.028939 0.012688 0.104900
-0.028967 0.012968 0.105000
-0.028994 0.013248 0.105100
-0.029049 0.013542 0.105300
-0.029104 0.013836 0.105500
-0.029160 0.014132 0.105700
-0.029215 0.014429 0.105900
-0.029270 0.014727 0.106100
-0.029325 0.015025 0.106300
-0.029380 0.015325 0.106500
-0.029436 0.015626 0.106700
-0.029491 0.015928 0.106900
-0.029491 0.016200 0.106900
-0.029518 0.016488 0.107000
-0.029573 0.016792 0.107200
-0.029601 0.017081 0.107300
-0.029656 0.017387 0.107500
-0.029711 0.017694 0.107700
-0.029794 0.018019 0.108000
-0.029877 0.018345 0.108300
-0.029905 0.018638 0.108400
-0.030599 -0.008560 0.109900
-0.030599 -0.008279 0.109900
-0.030571 -0.007992 0.109800
-0.030543 -0.007705 0.109700
-0.030516 -0.007419 0.109600
-0.030432 -0.007120 0.109300
-0.030376 -0.006829 0.109100
-0.030349 -0.006544 0.109000
-0.030265 -0.006249 0.108700
-0.030209 -0.005961 0.108500
-0.030126 -0.005669 0.108200
-0.030042 -0.005378 0.107900
-0.029959 -0.005089 0.107600
-0.029875 -0.004801 0.107300
-0.029792 -0.004515 0.107000
-0.029708 -0.004230 0.106700
-0.029625 -0.003947 0.106400
-0.029541 -0.003666 0.106100
-0.029485 -0.003389 0.105900
-0.029430 -0.003113 0.105700
-0.029374 -0.002838 0.105500
-0.029318 -0.002564 0.105300
-0.029263 -0.002291 0.105100
-0.029235 -0.002022 0.105000
-0.029207 -0.001752 0.104900
-0.029151 -0.001482 0.104700
-0.029096 -0.001213 0.104500
-0.029040 -0.000945 0.104300
-0.029012 -0.000678 0.104200
-0.028956 -0.000412 0.104000
-0.028901 -0.000146 0.103800
-0.028845 0.000118 0.103600
-0.028817 0.000382 0.103500
-0.028817 0.000646 0.103500
-0.028762 0.000908 0.103300
-0.028734 0.001170 0.103200
-0.028706 0.001432 0.103100
-0.028678 0.001693 0.103000
-0.028650 0.001954 0.102900
-0.028650 0.002216 0.102900
-0.028622 0.002476 0.102800
-0.028622 0.002738 0.102800
-0.028594 0.002997 0.102700
-0.028567 0.003256 0.102600
-0.028567 0.003517 0.102600
-0.028567 0.003779 0.102600
-0.028539 0.004036 0.102500
-0.028539 0.004298 0.102500
-0.028539 0.004559 0.102500
-0.028539 0.004820 0.102500
-0.028567 0.005086 0.102600
-0.028567 0.005348 0.102600
-0.028567 0.005610 0.102600
-0.028567 0.005871 0.102600
-0.028567 0.006133 0.102600
-0.028567 0.006394 0.102600
-0.028567 0.006656 0.102600
-0.028567 0.006917 0.102600
-0.028567 0.007179 0.102600
-0.028594 0.007448 0.102700
-0.028594 0.007709 0.102700
-0.028622 0.007979 0.102800
-0.028622 0.008241 0.102800
-0.028650 0.008511 0.102900
-0.028650 0.008774 0.102900
-0.028678 0.009045 0.103000
-0.028678 0.009307 0.103000
-0.028706 0.009579 0.103100
-0.028734 0.009852 0.103200
-0.028734 0.010115 0.103200
-0.028789 0.010398 0.103400
-0.028817 0.010672 0.103500
-0.028873 0.010957 0.103700
-0.028929 0.011243 0.103900
-0.028984 0.011530 0.104100
-0.029040 0.011818 0.104300
-0.029096 0.012107 0.104500
-0.029151 0.012397 0.104700
-0.029207 0.012688 0.104900
-0.029263 0.012980 0.105100
-0.029291 0.013261 0.105200
-0.029346 0.013555 0.105400
-0.029402 0.013850 0.105600
-0.029485 0.014159 0.105900
-0.029513 0.014442 0.106000
-0.029569 0.014740 0.106200
-0.029625 0.015039 0.106400
-0.029680 0.015339 0.106600
-0.029736 0.015640 0.106800
-0.029792 0.015943 0.107000
-0.029792 0.016215 0.107000
-0.029847 0.016519 0.107200
-0.029875 0.016808 0.107300
-0.029931 0.017113 0.107500
-0.029959 0.017403 0.107600
-0.030042 0.017727 0.107900
-0.030126 0.018052 0.108200
-0.030209 0.018379 0.108500
-0.030265 0.018690 0.108700
-0.030880 -0.008279 0.109900
-0.030852 -0.007992 0.109800
-0.030852 -0.007712 0.109800
-0.030824 -0.007425 0.109700
-0.030768 -0.007133 0.109500
-0.030711 -0.006841 0.109300
-0.030655 -0.006550 0.109100
-0.030599 -0.006261 0.108900
-0.030515 -0.005967 0.108600
-0.030458 -0.005679 0.108400
-0.030374 -0.005388 0.108100
-0.030262 -0.005094 0.107700
-0.030206 -0.004810 0.107500
-0.030121 -0.004523 0.107200
-0.030037 -0.004238 0.106900
-0.029953 -0.003955 0.106600
-0.029868 -0.003672 0.106300
-0.029812 -0.003395 0.106100
-0.029756 -0.003119 0.105900
-0.029644 -0.002838 0.105500
-0.029587 -0.002564 0.105300
-0.029531 -0.002291 0.105100
-0.029503 -0.002022 0.105000
-0.029475 -0.001752 0.104900
-0.029419 -0.001482 0.104700
-0.029391 -0.001214 0.104600
-0.029335 -0.000945 0.104400
-0.029306 -0.000679 0.104300
-0.029250 -0.000412 0.104100
-0.029194 -0.000146 0.103900
-0.029166 0.000118 0.103800
-0.029110 0.000382 0.103600
-0.029082 0.000646 0.103500
-0.029082 0.000910 0.103500
-0.029025 0.001171 0.103300
-0.028997 0.001433 0.103200
-0.028997 0.001696 0.103200
-0.028969 0.001957 0.103100
-0.028941 0.002218 0.103000
-0.028941 0.002481 0.103000
-0.028913 0.002741 0.102900
-0.028885 0.003000 0.102800
-0.028885 0.003262 0.102800
-0.028857 0.003521 0.102700
-0.028857 0.003782 0.102700
-0.028857 0.004044 0.102700
-0.028857 0.004306 0.102700
-0.028857 0.004568 0.102700
-0.028857 0.004830 0.102700
-0.028857 0.005091 0.102700
-0.028857 0.005353 0.102700
-0.028857 0.005615 0.102700
-0.028857 0.005877 0.102700
-0.028857 0.006139 0.102700
-0.028857 0.006400 0.102700
-0.028857 0.006662 0.102700
-0.028885 0.006931 0.102800
-0.028885 0.007193 0.102800
-0.028885 0.007455 0.102800
-0.028913 0.007725 0.102900
-0.028913 0.007987 0.102900
-0.028913 0.008249 0.102900
-0.028941 0.008520 0.103000
-0.028941 0.008782 0.103000
-0.028969 0.009054 0.103100
-0.028969 0.009316 0.103100
-0.028997 0.009589 0.103200
-0.028997 0.009852 0.103200
-0.029025 0.010125 0.103300
-0.029082 0.010408 0.103500
-0.029138 0.010692 0.103700
-0.029166 0.010967 0.103800
-0.029222 0.011254 0.104000
-0.029278 0.011541 0.104200
-0.029335 0.011829 0.104400
-0.029391 0.012118 0.104600
-0.029447 0.012409 0.104800
-0.029503 0.012700 0.105000
-0.029559 0.012993 0.105200
-0.029587 0.013273 0.105300
-0.029644 0.013567 0.105500
-0.029700 0.013863 0.105700
-0.029784 0.014172 0.106000
-0.029840 0.014470 0.106200
-0.029897 0.014768 0.106400
-0.029953 0.015068 0.106600
-0.030009 0.015368 0.106800
-0.030065 0.015670 0.107000
-0.030121 0.015972 0.107200
-0.030121 0.016246 0.107200
-0.030149 0.016534 0.107300
-0.030206 0.016839 0.107500
-0.030262 0.017145 0.107700
-0.030290 0.017436 0.107800
-0.030346 0.017743 0.108000
-0.030430 0.018069 0.108300
-0.030543 0.018413 0.108700
-0.031161 -0.007999 0.109900
-0.031132 -0.007712 0.109800
-0.031132 -0.007432 0.109800
-0.031076 -0.007139 0.109600
-0.031019 -0.006847 0.109400
-0.030991 -0.006562 0.109300
-0.030934 -0.006272 0.109100
-0.030849 -0.005978 0.108800
-0.030764 -0.005685 0.108500
-0.030679 -0.005393 0.108200
-0.030594 -0.005103 0.107900
-0.030480 -0.004810 0.107500
-0.030395 -0.004523 0.107200
-0.030310 -0.004238 0.106900
-0.030225 -0.003955 0.106600
-0.030140 -0.003672 0.106300
-0.030083 -0.003395 0.106100
-0.030027 -0.003119 0.105900
-0.029942 -0.002841 0.105600
-0.029913 -0.002569 0.105500
-0.029856 -0.002296 0.105300
-0.029828 -0.002025 0.105200
-0.029800 -0.001756 0.105100
-0.029743 -0.001485 0.104900
-0.029715 -0.001216 0.104800
-0.029658 -0.000947 0.104600
-0.029601 -0.000679 0.104400
-0.029545 -0.000412 0.104200
-0.029516 -0.000147 0.104100
-0.029460 0.000119 0.103900
-0.029403 0.000383 0.103700
-0.029374 0.000646 0.103600
-0.029374 0.000910 0.103600
-0.029346 0.001173 0.103500
-0.029289 0.001435 0.103300
-0.029289 0.001698 0.103300
-0.029261 0.001959 0.103200
-0.029233 0.002220 0.103100
-0.029233 0.002483 0.103100
-0.029204 0.002743 0.103000
-0.029204 0.003006 0.103000
-0.029176 0.003265 0.102900
-0.029176 0.003527 0.102900
-0.029148 0.003786 0.102800
-0.029148 0.004048 0.102800
-0.029148 0.004310 0.102800
-0.029148 0.004572 0.102800
-0.029148 0.004834 0.102800
-0.029148 0.005096 0.102800
-0.029148 0.005358 0.102800
-0.029148 0.005621 0.102800
-0.029148 0.005883 0.102800
-0.029148 0.006145 0.102800
-0.029148 0.006407 0.102800
-0.029176 0.006675 0.102900
-0.029176 0.006938 0.102900
-0.029176 0.007200 0.102900
-0.029176 0.007462 0.102900
-0.029204 0.007732 0.103000
-0.029204 0.007995 0.103000
-0.029204 0.008257 0.103000
-0.029233 0.008528 0.103100
-0.029233 0.008791 0.103100
-0.029261 0.009062 0.103200
-0.029261 0.009326 0.103200
-0.029289 0.009598 0.103300
-0.029318 0.009871 0.103400
-0.029346 0.010144 0.103500
-0.029374 0.010418 0.103600
-0.029431 0.010703 0.103800
-0.029460 0.010978 0.103900
-0.029516 0.011264 0.104100
-0.029573 0.011552 0.104300
-0.029630 0.011841 0.104500
-0.029686 0.012130 0.104700
-0.029743 0.012421 0.104900
-0.029800 0.012712 0.105100
-0.029856 0.013005 0.105300
-0.029913 0.013299 0.105500
-0.029970 0.013593 0.105700
-0.030027 0.013889 0.105900
-0.030083 0.014186 0.106100
-0.030140 0.014483 0.106300
-0.030197 0.014782 0.106500
-0.030253 0.015082 0.106700
-0.030310 0.015383 0.106900
-0.030367 0.015684 0.107100
-0.030424 0.015987 0.107300
-0.030424 0.016261 0.107300
-0.030480 0.016565 0.107500
-0.030537 0.016870 0.107700
-0.030565 0.017161 0.107800
-0.030622 0.017468 0.108000
-0.030679 0.017776 0.108200
-0.030764 0.018102 0.108500
-0.031442 -0.007719 0.109900
-0.031413 -0.007432 0.109800
-0.031384 -0.007146 0.109700
-0.031356 -0.006860 0.109600
-0.031270 -0.006562 0.109300
-0.031213 -0.006272 0.109100
-0.031127 -0.005978 0.108800
-0.031041 -0.005685 0.108500
-0.030955 -0.005393 0.108200
-0.030869 -0.005103 0.107900
-0.030784 -0.004815 0.107600
-0.030698 -0.004528 0.107300
-0.030612 -0.004242 0.107000
-0.030526 -0.003958 0.106700
-0.030440 -0.003676 0.106400
-0.030383 -0.003398 0.106200
-0.030326 -0.003122 0.106000
-0.030297 -0.002849 0.105900
-0.030211 -0.002571 0.105600
-0.030183 -0.002300 0.105500
-0.030126 -0.002027 0.105300
-0.030097 -0.001757 0.105200
-0.030068 -0.001488 0.105100
-0.030011 -0.001217 0.104900
-0.029983 -0.000949 0.104800
-0.029925 -0.000681 0.104600
-0.029868 -0.000413 0.104400
-0.029811 -0.000147 0.104200
-0.029782 0.000119 0.104100
-0.029725 0.000383 0.103900
-0.029668 0.000647 0.103700
-0.029668 0.000911 0.103700
-0.029639 0.001175 0.103600
-0.029611 0.001437 0.103500
-0.029582 0.001699 0.103400
-0.029553 0.001961 0.103300
-0.029553 0.002225 0.103300
-0.029525 0.002485 0.103200
-0.029525 0.002749 0.103200
-0.029496 0.003009 0.103100
-0.029468 0.003268 0.103000
-0.029468 0.003531 0.103000
-0.029468 0.003793 0.103000
-0.029468 0.004056 0.103000
-0.029439 0.004314 0.102900
-0.029439 0.004577 0.102900
-0.029439 0.004839 0.102900
-0.029439 0.005101 0.102900
-0.029439 0.005364 0.102900
-0.029439 0.005626 0.102900
-0.029439 0.005888 0.102900
-0.029468 0.006157 0.103000
-0.029468 0.006419 0.103000
-0.029468 0.006682 0.103000
-0.029468 0.006944 0.103000
-0.029468 0.007207 0.103000
-0.029496 0.007477 0.103100
-0.029496 0.007740 0.103100
-0.029496 0.008002 0.103100
-0.029525 0.008273 0.103200
-0.029525 0.008536 0.103200
-0.029525 0.008799 0.103200
-0.029525 0.009062 0.103200
-0.029553 0.009335 0.103300
-0.029582 0.009607 0.103400
-0.029611 0.009880 0.103500
-0.029639 0.010154 0.103600
-0.029668 0.010428 0.103700
-0.029725 0.010713 0.103900
-0.029782 0.010999 0.104100
-0.029811 0.011275 0.104200
-0.029868 0.011563 0.104400
-0.029925 0.011852 0.104600
-0.029983 0.012142 0.104800
-0.030040 0.012433 0.105000
-0.030097 0.012724 0.105200
-0.030154 0.013017 0.105400
-0.030211 0.013311 0.105600
-0.030297 0.013619 0.105900
-0.030354 0.013915 0.106100
-0.030412 0.014212 0.106300
-0.030469 0.014511 0.106500
-0.030526 0.014810 0.106700
-0.030583 0.015110 0.106900
-0.030641 0.015411 0.107100
-0.030698 0.015714 0.107300
-0.030755 0.016017 0.107500
-0.030755 0.016291 0.107500
-0.030812 0.016596 0.107700
-0.030869 0.016902 0.107900
-0.030898 0.017193 0.108000
-0.030955 0.017500 0.108200
-0.030984 0.017793 0.108300
-0.031070 0.018119 0.108600
-0.031694 -0.007432 0.109800
-0.031665 -0.007146 0.109700
-0.031636 -0.006860 0.109600
-0.031578 -0.006568 0.109400
-0.031520 -0.006278 0.109200
-0.031434 -0.005983 0.108900
-0.031376 -0.005695 0.108700
-0.031289 -0.005403 0.108400
-0.031203 -0.005113 0.108100
-0.031087 -0.004819 0.107700
-0.031001 -0.004532 0.107400
-0.030914 -0.004246 0.107100
-0.030856 -0.003966 0.106900
-0.030770 -0.003683 0.106600
-0.030712 -0.003405 0.106400
-0.030654 -0.003128 0.106200
-0.030597 -0.002851 0.106000
-0.030568 -0.002579 0.105900
-0.030510 -0.002304 0.105700
-0.030452 -0.002031 0.105500
-0.030423 -0.001761 0.105400
-0.030366 -0.001489 0.105200
-0.030337 -0.001220 0.105100
-0.030279 -0.000950 0.104900
-0.030221 -0.000681 0.104700
-0.030164 -0.000414 0.104500
-0.030135 -0.000147 0.104400
-0.030077 0.000119 0.104200
-0.030048 0.000384 0.104100
-0.029991 0.000648 0.103900
-0.029991 0.000913 0.103900
-0.029962 0.001177 0.103800
-0.029933 0.001440 0.103700
-0.029904 0.001703 0.103600
-0.029875 0.001965 0.103500
-0.029846 0.002227 0.103400
-0.029846 0.002490 0.103400
-0.029817 0.002751 0.103300
-0.029788 0.003012 0.103200
-0.029788 0.003275 0.103200
-0.029788 0.003538 0.103200
-0.029760 0.003797 0.103100
-0.029760 0.004060 0.103100
-0.029760 0.004323 0.103100
-0.029731 0.004581 0.103000
-0.029731 0.004844 0.103000
-0.029731 0.005106 0.103000
-0.029731 0.005369 0.103000
-0.029731 0.005631 0.103000
-0.029760 0.005900 0.103100
-0.029760 0.006163 0.103100
-0.029760 0.006425 0.103100
-0.029760 0.006688 0.103100
-0.029760 0.006951 0.103100
-0.029788 0.007221 0.103200
-0.029788 0.007484 0.103200
-0.029788 0.007747 0.103200
-0.029788 0.008010 0.103200
-0.029788 0.008273 0.103200
-0.029817 0.008545 0.103300
-0.029817 0.008808 0.103300
-0.029846 0.009080 0.103400
-0.029875 0.009353 0.103500
-0.029875 0.009616 0.103500
-0.029904 0.009890 0.103600
-0.029933 0.010164 0.103700
-0.029991 0.010448 0.103900
-0.030019 0.010723 0.104000
-0.030077 0.011010 0.104200
-0.030106 0.011286 0.104300
-0.030164 0.011574 0.104500
-0.030221 0.011863 0.104700
-0.030279 0.012153 0.104900
-0.030337 0.012444 0.105100
-0.030395 0.012736 0.105300
-0.030452 0.013030 0.105500
-0.030539 0.013336 0.105800
-0.030597 0.013632 0.106000
-0.030683 0.013941 0.106300
-0.030741 0.014239 0.106500
-0.030799 0.014538 0.106700
-0.030856 0.014838 0.106900
-0.030914 0.015138 0.107100
-0.030972 0.015440 0.107300
-0.031030 0.015743 0.107500
-0.031087 0.016047 0.107700
-0.031087 0.016321 0.107700
-0.031145 0.016627 0.107900
-0.031174 0.016917 0.108000
-0.031232 0.017225 0.108200
-0.031261 0.017517 0.108300
-0.031289 0.017809 0.108400
-0.032003 -0.007439 0.109900
-0.031974 -0.007152 0.109800
-0.031916 -0.006860 0.109600
-0.031858 -0.006568 0.109400
-0.031799 -0.006278 0.109200
-0.031741 -0.005989 0.109000
-0.031654 -0.005695 0.108700
-0.031566 -0.005403 0.108400
-0.031508 -0.005117 0.108200
-0.031421 -0.004828 0.107900
-0.031304 -0.004536 0.107500
-0.031246 -0.004254 0.107300
-0.031159 -0.003969 0.107000
-0.031100 -0.003690 0.106800
-0.031042 -0.003411 0.106600
-0.030984 -0.003133 0.106400
-0.030955 -0.002860 0.106300
-0.030897 -0.002584 0.106100
-0.030838 -0.002309 0.105900
-0.030780 -0.002035 0.105700
-0.030751 -0.001764 0.105600
-0.030693 -0.001492 0.105400
-0.030635 -0.001221 0.105200
-0.030605 -0.000952 0.105100
-0.030547 -0.000683 0.104900
-0.030489 -0.000414 0.104700
-0.030431 -0.000147 0.104500
-0.030402 0.000119 0.104400
-0.030343 0.000385 0.104200
-0.030314 0.000650 0.104100
-0.030314 0.000915 0.104100
-0.030256 0.001178 0.103900
-0.030227 0.001441 0.103800
-0.030227 0.001706 0.103800
-0.030198 0.001969 0.103700
-0.030169 0.002231 0.103600
-0.030140 0.002493 0.103500
-0.030140 0.002757 0.103500
-0.030110 0.003017 0.103400
-0.030081 0.003278 0.103300
-0.030081 0.003541 0.103300
-0.030052 0.003801 0.103200
-0.030052 0.004064 0.103200
-0.030052 0.004327 0.103200
-0.030052 0.004590 0.103200
-0.030052 0.004853 0.103200
-0.030023 0.005111 0.103100
-0.030023 0.005374 0.103100
-0.030023 0.005637 0.103100
-0.030052 0.005905 0.103200
-0.030052 0.006169 0.103200
-0.030052 0.006432 0.103200
-0.030052 0.006695 0.103200
-0.030052 0.006958 0.103200
-0.030052 0.007221 0.103200
-0.030081 0.007491 0.103300
-0.030081 0.007755 0.103300
-0.030081 0.008018 0.103300
-0.030110 0.008289 0.103400
-0.030110 0.008553 0.103400
-0.030140 0.008825 0.103500
-0.030140 0.009089 0.103500
-0.030169 0.009362 0.103600
-0.030198 0.009635 0.103700
-0.030227 0.009909 0.103800
-0.030256 0.010183 0.103900
-0.030314 0.010468 0.104100
-0.030343 0.010744 0.104200
-0.030372 0.011020 0.104300
-0.030431 0.011308 0.104500
-0.030489 0.011596 0.104700
-0.030547 0.011886 0.104900
-0.030605 0.012176 0.105100
-0.030635 0.012456 0.105200
-0.030722 0.012761 0.105500
-0.030780 0.013054 0.105700
-0.030868 0.013362 0.106000
-0.030926 0.013657 0.106200
-0.031013 0.013968 0.106500
-0.031071 0.014266 0.106700
-0.031130 0.014565 0.106900
-0.031188 0.014865 0.107100
-0.031246 0.015167 0.107300
-0.031304 0.015469 0.107500
-0.031363 0.015772 0.107700
-0.031421 0.016077 0.107900
-0.031421 0.016352 0.107900
-0.031479 0.016658 0.108100
-0.031537 0.016964 0.108300
-0.031537 0.017241 0.108300
-0.031596 0.017549 0.108500
-0.031654 0.017858 0.108700
-0.032255 -0.007152 0.109800
-0.032225 -0.006866 0.109700
-0.032196 -0.006580 0.109600
-0.032108 -0.006284 0.109300
-0.032049 -0.005994 0.109100
-0.031961 -0.005700 0.108800
-0.031873 -0.005408 0.108500
-0.031814 -0.005122 0.108300
-0.031726 -0.004832 0.108000
-0.031638 -0.004544 0.107700
-0.031550 -0.004258 0.107400
-0.031491 -0.003977 0.107200
-0.031432 -0.003697 0.107000
-0.031373 -0.003417 0.106800
-0.031344 -0.003142 0.106700
-0.031285 -0.002865 0.106500
-0.031226 -0.002589 0.106300
-0.031197 -0.002315 0.106200
-0.031138 -0.002041 0.106000
-0.031109 -0.001769 0.105900
-0.031050 -0.001496 0.105700
-0.030991 -0.001224 0.105500
-0.030933 -0.000954 0.105300
-0.030874 -0.000684 0.105100
-0.030815 -0.000415 0.104900
-0.030756 -0.000147 0.104700
-0.030698 0.000119 0.104500
-0.030668 0.000385 0.104400
-0.030610 0.000650 0.104200
-0.030610 0.000916 0.104200
-0.030580 0.001180 0.104100
-0.030551 0.001444 0.104000
-0.030521 0.001708 0.103900
-0.030521 0.001973 0.103900
-0.030492 0.002235 0.103800
-0.030463 0.002497 0.103700
-0.030463 0.002762 0.103700
-0.030433 0.003023 0.103600
-0.030404 0.003284 0.103500
-0.030375 0.003545 0.103400
-0.030375 0.003808 0.103400
-0.030345 0.004068 0.103300
-0.030345 0.004331 0.103300
-0.030316 0.004590 0.103200
-0.030316 0.004853 0.103200
-0.030316 0.005116 0.103200
-0.030316 0.005379 0.103200
-0.030316 0.005642 0.103200
-0.030316 0.005905 0.103200
-0.030316 0.006169 0.103200
-0.030316 0.006432 0.103200
-0.030345 0.006701 0.103300
-0.030345 0.006965 0.103300
-0.030345 0.007228 0.103300
-0.030375 0.007498 0.103400
-0.030375 0.007762 0.103400
-0.030404 0.008033 0.103500
-0.030404 0.008297 0.103500
-0.030433 0.008569 0.103600
-0.030433 0.008833 0.103600
-0.030463 0.009106 0.103700
-0.030492 0.009380 0.103800
-0.030521 0.009654 0.103900
-0.030551 0.009928 0.104000
-0.030580 0.010203 0.104100
-0.030610 0.010478 0.104200
-0.030639 0.010754 0.104300
-0.030698 0.011041 0.104500
-0.030756 0.011329 0.104700
-0.030786 0.011607 0.104800
-0.030845 0.011897 0.105000
-0.030874 0.012176 0.105100
-0.030962 0.012480 0.105400
-0.031050 0.012785 0.105700
-0.031109 0.013079 0.105900
-0.031197 0.013387 0.106200
-0.031285 0.013696 0.106500
-0.031344 0.013994 0.106700
-0.031403 0.014293 0.106900
-0.031462 0.014592 0.107100
-0.031520 0.014893 0.107300
-0.031579 0.015195 0.107500
-0.031638 0.015498 0.107700
-0.031697 0.015802 0.107900
-0.031755 0.016106 0.108100
-0.031755 0.016382 0.108100
-0.031814 0.016688 0.108300
-0.031873 0.016996 0.108500
-0.031902 0.017288 0.108600
-0.031932 0.017581 0.108700
-0.032506 -0.006866 0.109700
-0.032476 -0.006580 0.109600
-0.032417 -0.006290 0.109400
-0.032328 -0.005994 0.109100
-0.032269 -0.005706 0.108900
-0.032209 -0.005418 0.108700
-0.032120 -0.005127 0.108400
-0.032031 -0.004837 0.108100
-0.031972 -0.004553 0.107900
-0.031883 -0.004266 0.107600
-0.031824 -0.003984 0.107400
-0.031765 -0.003704 0.107200
-0.031735 -0.003427 0.107100
-0.031676 -0.003148 0.106900
-0.031617 -0.002870 0.106700
-0.031587 -0.002596 0.106600
-0.031528 -0.002320 0.106400
-0.031498 -0.002047 0.106300
-0.031439 -0.001772 0.106100
-0.031409 -0.001500 0.106000
-0.031320 -0.001227 0.105700
-0.031261 -0.000955 0.105500
-0.031202 -0.000685 0.105300
-0.031143 -0.000416 0.105100
-0.031083 -0.000148 0.104900
-0.031054 0.000120 0.104800
-0.030994 0.000386 0.104600
-0.030935 0.000651 0.104400
-0.030935 0.000918 0.104400
-0.030905 0.001183 0.104300
-0.030876 0.001447 0.104200
-0.030846 0.001711 0.104100
-0.030846 0.001976 0.104100
-0.030817 0.002240 0.104000
-0.030787 0.002502 0.103900
-0.030757 0.002765 0.103800
-0.030728 0.003026 0.103700
-0.030728 0.003291 0.103700
-0.030698 0.003551 0.103600
-0.030668 0.003812 0.103500
-0.030668 0.004076 0.103500
-0.030639 0.004335 0.103400
-0.030639 0.004599 0.103400
-0.030639 0.004863 0.103400
-0.030609 0.005121 0.103300
-0.030609 0.005385 0.103300
-0.030609 0.005648 0.103300
-0.030639 0.005917 0.103400
-0.030639 0.006181 0.103400
-0.030639 0.006444 0.103400
-0.030639 0.006708 0.103400
-0.030668 0.006978 0.103500
-0.030668 0.007242 0.103500
-0.030698 0.007513 0.103600
-0.030698 0.007777 0.103600
-0.030698 0.008041 0.103600
-0.030728 0.008313 0.103700
-0.030728 0.008578 0.103700
-0.030757 0.008851 0.103800
-0.030787 0.009124 0.103900
-0.030817 0.009398 0.104000
-0.030846 0.009672 0.104100
-0.030876 0.009947 0.104200
-0.030905 0.010223 0.104300
-0.030935 0.010498 0.104400
-0.030965 0.010775 0.104500
-0.031024 0.011062 0.104700
-0.031083 0.011351 0.104900
-0.031113 0.011629 0.105000
-0.031143 0.011908 0.105100
-0.031202 0.012200 0.105300
-0.031291 0.012504 0.105600
-0.031380 0.012809 0.105900
-0.031439 0.013104 0.106100
-0.031528 0.013412 0.106400
-0.031617 0.013722 0.106700
-0.031706 0.014033 0.107000
-0.031765 0.014333 0.107200
-0.031824 0.014633 0.107400
-0.031883 0.014935 0.107600
-0.031943 0.015237 0.107800
-0.032002 0.015541 0.108000
-0.032031 0.015831 0.108100
-0.032091 0.016136 0.108300
-0.032091 0.016412 0.108300
-0.032150 0.016719 0.108500
-0.032209 0.017027 0.108700
-0.032239 0.017320 0.108800
-0.032786 -0.006586 0.109700
-0.032696 -0.006290 0.109400
-0.032666 -0.006005 0.109300
-0.032577 -0.005711 0.109000
-0.032517 -0.005423 0.108800
-0.032457 -0.005136 0.108600
-0.032367 -0.004846 0.108300
-0.032308 -0.004561 0.108100
-0.032218 -0.004274 0.107800
-0.032158 -0.003992 0.107600
-0.032098 -0.003710 0.107400
-0.032069 -0.003433 0.107300
-0.032009 -0.003154 0.107100
-0.031979 -0.002878 0.107000
-0.031919 -0.002601 0.106800
-0.031889 -0.002326 0.106700
-0.031829 -0.002050 0.106500
-0.031800 -0.001777 0.106400
-0.031740 -0.001503 0.106200
-0.031680 -0.001230 0.106000
-0.031590 -0.000957 0.105700
-0.031531 -0.000686 0.105500
-0.031471 -0.000417 0.105300
-0.031411 -0.000148 0.105100
-0.031381 0.000120 0.105000
-0.031321 0.000387 0.104800
-0.031292 0.000653 0.104700
-0.031292 0.000920 0.104700
-0.031232 0.001185 0.104500
-0.031202 0.001450 0.104400
-0.031172 0.001714 0.104300
-0.031172 0.001980 0.104300
-0.031142 0.002244 0.104200
-0.031112 0.002507 0.104100
-0.031082 0.002770 0.104000
-0.031052 0.003032 0.103900
-0.031023 0.003294 0.103800
-0.031023 0.003558 0.103800
-0.030993 0.003819 0.103700
-0.030993 0.004084 0.103700
-0.030963 0.004344 0.103600
-0.030963 0.004608 0.103600
-0.030933 0.004867 0.103500
-0.030933 0.005131 0.103500
-0.030933 0.005395 0.103500
-0.030933 0.005659 0.103500
-0.030933 0.005923 0.103500
-0.030933 0.006186 0.103500
-0.030963 0.006457 0.103600
-0.030963 0.006721 0.103600
-0.030963 0.006985 0.103600
-0.030993 0.007256 0.103700
-0.030993 0.007520 0.103700
-0.031023 0.007792 0.103800
-0.031023 0.008057 0.103800
-0.031052 0.008329 0.103900
-0.031052 0.008594 0.103900
-0.031082 0.008868 0.104000
-0.031112 0.009141 0.104100
-0.031142 0.009416 0.104200
-0.031172 0.009691 0.104300
-0.031202 0.009966 0.104400
-0.031232 0.010242 0.104500
-0.031262 0.010519 0.104600
-0.031292 0.010796 0.104700
-0.031321 0.011073 0.104800
-0.031381 0.011362 0.105000
-0.031411 0.011641 0.105100
-0.031471 0.011931 0.105300
-0.031561 0.012234 0.105600
-0.031650 0.012539 0.105900
-0.031740 0.012845 0.106200
-0.031800 0.013141 0.106400
-0.031889 0.013450 0.106700
-0.031979 0.013760 0.107000
-0.032039 0.014059 0.107200
-0.032128 0.014373 0.107500
-0.032188 0.014674 0.107700
-0.032248 0.014976 0.107900
-0.032278 0.015266 0.108000
-0.032338 0.015570 0.108200
-0.032367 0.015860 0.108300
-0.032427 0.016166 0.108500
-0.032487 0.016473 0.108700
-0.032487 0.016750 0.108700
-0.032547 0.017058 0.108900
-0.032607 0.017368 0.109100
-0.033066 -0.006586 0.109700
-0.032976 -0.006290 0.109400
-0.032946 -0.006005 0.109300
-0.032885 -0.005716 0.109100
-0.032855 -0.005433 0.109000
-0.032765 -0.005141 0.108700
-0.032704 -0.004855 0.108500
-0.032644 -0.004570 0.108300
-0.032584 -0.004286 0.108100
-0.032524 -0.004003 0.107900
-0.032463 -0.003721 0.107700
-0.032403 -0.003440 0.107500
-0.032373 -0.003163 0.107400
-0.032313 -0.002884 0.107200
-0.032282 -0.002608 0.107100
-0.032222 -0.002331 0.106900
-0.032192 -0.002056 0.106800
-0.032132 -0.001781 0.106600
-0.032071 -0.001506 0.106400
-0.032011 -0.001232 0.106200
-0.031951 -0.000960 0.106000
-0.031860 -0.000688 0.105700
-0.031800 -0.000418 0.105500
-0.031770 -0.000148 0.105400
-0.031710 0.000120 0.105200
-0.031649 0.000387 0.105000
-0.031619 0.000655 0.104900
-0.031619 0.000922 0.104900
-0.031589 0.001188 0.104800
-0.031559 0.001454 0.104700
-0.031529 0.001719 0.104600
-0.031499 0.001984 0.104500
-0.031469 0.002248 0.104400
-0.031438 0.002512 0.104300
-0.031408 0.002775 0.104200
-0.031378 0.003038 0.104100
-0.031348 0.003300 0.104000
-0.031318 0.003562 0.103900
-0.031318 0.003827 0.103900
-0.031288 0.004088 0.103800
-0.031288 0.004352 0.103800
-0.031258 0.004612 0.103700
-0.031258 0.004877 0.103700
-0.031258 0.005141 0.103700
-0.031258 0.005405 0.103700
-0.031258 0.005670 0.103700
-0.031258 0.005934 0.103700
-0.031258 0.006198 0.103700
-0.031258 0.006463 0.103700
-0.031288 0.006734 0.103800
-0.031288 0.006998 0.103800
-0.031288 0.007263 0.103800
-0.031318 0.007535 0.103900
-0.031318 0.007800 0.103900
-0.031348 0.008072 0.104000
-0.031378 0.008345 0.104100
-0.031378 0.008611 0.104100
-0.031408 0.008885 0.104200
-0.031438 0.009159 0.104300
-0.031469 0.009434 0.104400
-0.031499 0.009709 0.104500
-0.031529 0.009985 0.104600
-0.031559 0.010262 0.104700
-0.031619 0.010549 0.104900
-0.031619 0.010816 0.104900
-0.031680 0.011105 0.105100
-0.031680 0.011373 0.105100
-0.031770 0.011674 0.105400
-0.031830 0.011965 0.105600
-0.031921 0.012269 0.105900
-0.032011 0.012575 0.106200
-0.032102 0.012882 0.106500
-0.032192 0.013190 0.106800
-0.032252 0.013488 0.107000
-0.032343 0.013799 0.107300
-0.032433 0.014112 0.107600
-0.032493 0.014413 0.107800
-0.032554 0.014715 0.108000
-0.032614 0.015018 0.108200
-0.032644 0.015308 0.108300
-0.032674 0.015598 0.108400
-0.032735 0.015904 0.108600
-0.032795 0.016211 0.108800
-0.032855 0.016518 0.109000
-0.032855 0.016796 0.109000
-0.032885 0.017090 0.109100
-0.033316 -0.006301 0.109600
-0.033255 -0.006011 0.109400
-0.033194 -0.005721 0.109200
-0.033164 -0.005438 0.109100
-0.033103 -0.005150 0.108900
-0.033043 -0.004864 0.108700
-0.032982 -0.004578 0.108500
-0.032921 -0.004294 0.108300
-0.032860 -0.004010 0.108100
-0.032830 -0.003731 0.108000
-0.032799 -0.003453 0.107900
-0.032739 -0.003172 0.107700
-0.032678 -0.002892 0.107500
-0.032647 -0.002615 0.107400
-0.032587 -0.002337 0.107200
-0.032526 -0.002060 0.107000
-0.032465 -0.001784 0.106800
-0.032435 -0.001510 0.106700
-0.032343 -0.001235 0.106400
-0.032283 -0.000962 0.106200
-0.032222 -0.000690 0.106000
-0.032161 -0.000419 0.105800
-0.032100 -0.000149 0.105600
-0.032039 0.000120 0.105400
-0.031979 0.000388 0.105200
-0.031948 0.000656 0.105100
-0.031948 0.000924 0.105100
-0.031918 0.001190 0.105000
-0.031887 0.001457 0.104900
-0.031857 0.001723 0.104800
-0.031827 0.001988 0.104700
-0.031796 0.002253 0.104600
-0.031766 0.002517 0.104500
-0.031735 0.002780 0.104400
-0.031705 0.003044 0.104300
-0.031675 0.003306 0.104200
-0.031644 0.003569 0.104100
-0.031644 0.003834 0.104100
-0.031614 0.004095 0.104000
-0.031614 0.004361 0.104000
-0.031583 0.004621 0.103900
-0.031583 0.004886 0.103900
-0.031583 0.005151 0.103900
-0.031583 0.005416 0.103900
-0.031583 0.005681 0.103900
-0.031583 0.005946 0.103900
-0.031583 0.006210 0.103900
-0.031583 0.006475 0.103900
-0.031583 0.006740 0.103900
-0.031614 0.007012 0.104000
-0.031614 0.007277 0.104000
-0.031644 0.007549 0.104100
-0.031644 0.007815 0.104100
-0.031675 0.008088 0.104200
-0.031705 0.008361 0.104300
-0.031735 0.008636 0.104400
-0.031735 0.008902 0.104400
-0.031766 0.009177 0.104500
-0.031796 0.009452 0.104600
-0.031827 0.009728 0.104700
-0.031857 0.010004 0.104800
-0.031918 0.010291 0.105000
-0.031948 0.010569 0.105100
-0.031979 0.010847 0.105200
-0.032009 0.011126 0.105300
-0.032039 0.011405 0.105400
-0.032131 0.011707 0.105700
-0.032191 0.011999 0.105900
-0.032283 0.012304 0.106200
-0.032374 0.012610 0.106500
-0.032465 0.012918 0.106800
-0.032556 0.013227 0.107100
-0.032647 0.013538 0.107400
-0.032739 0.013850 0.107700
-0.032799 0.014151 0.107900
-0.032860 0.014453 0.108100
-0.032921 0.014756 0.108300
-0.032951 0.015046 0.108400
-0.032982 0.015336 0.108500
-0.033043 0.015642 0.108700
-0.033073 0.015933 0.108800
-0.033134 0.016240 0.109000
-0.033194 0.016549 0.109200
-0.033194 0.016827 0.109200
-0.033535 -0.006011 0.109400
-0.033535 -0.005732 0.109400
-0.033474 -0.005443 0.109200
-0.033443 -0.005160 0.109100
-0.033412 -0.004877 0.109000
-0.033351 -0.004591 0.108800
-0.033290 -0.004306 0.108600
-0.033228 -0.004021 0.108400
-0.033198 -0.003742 0.108300
-0.033136 -0.003459 0.108100
-0.033106 -0.003181 0.108000
-0.033044 -0.002900 0.107800
-0.032983 -0.002620 0.107600
-0.032922 -0.002342 0.107400
-0.032891 -0.002066 0.107300
-0.032830 -0.001789 0.107100
-0.032768 -0.001513 0.106900
-0.032707 -0.001238 0.106700
-0.032646 -0.000964 0.106500
-0.032585 -0.000692 0.106300
-0.032523 -0.000420 0.106100
-0.032462 -0.000149 0.105900
-0.032370 0.000120 0.105600
-0.032339 0.000389 0.105500
-0.032278 0.000657 0.105300
-0.032278 0.000925 0.105300
-0.032247 0.001193 0.105200
-0.032217 0.001460 0.105100
-0.032186 0.001726 0.105000
-0.032155 0.001992 0.104900
-0.032125 0.002257 0.104800
-0.032094 0.002522 0.104700
-0.032063 0.002786 0.104600
-0.032033 0.003050 0.104500
-0.032033 0.003316 0.104500
-0.032002 0.003579 0.104400
-0.031972 0.003841 0.104300
-0.031941 0.004103 0.104200
-0.031941 0.004369 0.104200
-0.031910 0.004630 0.104100
-0.031910 0.004895 0.104100
-0.031910 0.005161 0.104100
-0.031910 0.005426 0.104100
-0.031910 0.005692 0.104100
-0.031910 0.005957 0.104100
-0.031910 0.006222 0.104100
-0.031910 0.006488 0.104100
-0.031910 0.006753 0.104100
-0.031941 0.007025 0.104200
-0.031941 0.007291 0.104200
-0.031972 0.007564 0.104300
-0.031972 0.007830 0.104300
-0.032002 0.008103 0.104400
-0.032033 0.008377 0.104500
-0.032063 0.008652 0.104600
-0.032094 0.008927 0.104700
-0.032125 0.009203 0.104800
-0.032155 0.009479 0.104900
-0.032186 0.009756 0.105000
-0.032217 0.010033 0.105100
-0.032247 0.010311 0.105200
-0.032278 0.010589 0.105300
-0.032309 0.010868 0.105400
-0.032370 0.011158 0.105600
-0.032431 0.011448 0.105800
-0.032493 0.011740 0.106000
-0.032585 0.012044 0.106300
-0.032677 0.012350 0.106600
-0.032768 0.012657 0.106900
-0.032860 0.012966 0.107200
-0.032952 0.013277 0.107500
-0.033014 0.013576 0.107700
-0.033106 0.013889 0.108000
-0.033167 0.014191 0.108200
-0.033228 0.014493 0.108400
-0.033259 0.014783 0.108500
-0.033320 0.015087 0.108700
-0.033351 0.015379 0.108800
-0.033382 0.015670 0.108900
-0.033443 0.015977 0.109100
-0.033474 0.016270 0.109200
-0.033535 0.016579 0.109400
-0.033876 -0.005742 0.109600
-0.033814 -0.005453 0.109400
-0.033783 -0.005169 0.109300
-0.033753 -0.004886 0.109200
-0.033722 -0.004604 0.109100
-0.033660 -0.004318 0.108900
-0.033598 -0.004032 0.108700
-0.033567 -0.003752 0.108600
-0.033505 -0.003469 0.108400
-0.033474 -0.003189 0.108300
-0.033413 -0.002908 0.108100
-0.033351 -0.002628 0.107900
-0.033289 -0.002348 0.107700
-0.033227 -0.002070 0.107500
-0.033165 -0.001792 0.107300
-0.033103 -0.001516 0.107100
-0.033042 -0.001241 0.106900
-0.032980 -0.000966 0.106700
-0.032918 -0.000693 0.106500
-0.032856 -0.000421 0.106300
-0.032794 -0.000149 0.106100
-0.032763 0.000121 0.106000
-0.032671 0.000390 0.105700
-0.032640 0.000659 0.105600
-0.032640 0.000928 0.105600
-0.032578 0.001195 0.105400
-0.032547 0.001462 0.105300
-0.032516 0.001729 0.105200
-0.032485 0.001995 0.105100
-0.032485 0.002263 0.105100
-0.032454 0.002529 0.105000
-0.032423 0.002794 0.104900
-0.032393 0.003058 0.104800
-0.032362 0.003322 0.104700
-0.032331 0.003586 0.104600
-0.032300 0.003849 0.104500
-0.032300 0.004115 0.104500
-0.032269 0.004377 0.104400
-0.032269 0.004643 0.104400
-0.032269 0.004910 0.104400
-0.032238 0.005171 0.104300
-0.032238 0.005437 0.104300
-0.032238 0.005703 0.104300
-0.032238 0.005968 0.104300
-0.032238 0.006234 0.104300
-0.032238 0.006500 0.104300
-0.032269 0.006773 0.104400
-0.032269 0.007039 0.104400
-0.032269 0.007305 0.104400
-0.032300 0.007578 0.104500
-0.032331 0.007852 0.104600
-0.032362 0.008127 0.104700
-0.032362 0.008393 0.104700
-0.032393 0.008669 0.104800
-0.032423 0.008944 0.104900
-0.032454 0.009220 0.105000
-0.032485 0.009497 0.105100
-0.032516 0.009774 0.105200
-0.032547 0.010052 0.105300
-0.032609 0.010340 0.105500
-0.032640 0.010619 0.105600
-0.032702 0.010909 0.105800
-0.032763 0.011200 0.106000
-0.032825 0.011492 0.106200
-0.032887 0.011785 0.106400
-0.032980 0.012090 0.106700
-0.033073 0.012397 0.107000
-0.033165 0.012705 0.107300
-0.033258 0.013015 0.107600
-0.033351 0.013326 0.107900
-0.033443 0.013639 0.108200
-0.033505 0.013940 0.108400
-0.033567 0.014243 0.108600
-0.033598 0.014533 0.108700
-0.033660 0.014838 0.108900
-0.033691 0.015129 0.109000
-0.033722 0.015421 0.109100
-0.033753 0.015714 0.109200
-0.033783 0.016007 0.109300
-0.033845 0.016315 0.109500
-0.033907 0.016624 0.109700
-0.034156 -0.005463 0.109600
-0.034156 -0.005183 0.109600
-0.034094 -0.004895 0.109400
-0.034063 -0.004612 0.109300
-0.034032 -0.004329 0.109200
-0.033969 -0.004044 0.109000
-0.033938 -0.003762 0.108900
-0.033876 -0.003478 0.108700
-0.033845 -0.003198 0.108600
-0.033782 -0.002916 0.108400
-0.033720 -0.002635 0.108200
-0.033658 -0.002355 0.108000
-0.033595 -0.002075 0.107800
-0.033533 -0.001797 0.107600
-0.033439 -0.001519 0.107300
-0.033377 -0.001243 0.107100
-0.033315 -0.000968 0.106900
-0.033252 -0.000694 0.106700
-0.033221 -0.000422 0.106600
-0.033159 -0.000150 0.106400
-0.033097 0.000121 0.106200
-0.033065 0.000392 0.106100
-0.033003 0.000661 0.105900
-0.032941 0.000929 0.105700
-0.032941 0.001198 0.105700
-0.032910 0.001466 0.105600
-0.032878 0.001734 0.105500
-0.032847 0.002001 0.105400
-0.032816 0.002268 0.105300
-0.032785 0.002534 0.105200
-0.032754 0.002799 0.105100
-0.032723 0.003064 0.105000
-0.032691 0.003329 0.104900
-0.032691 0.003596 0.104900
-0.032660 0.003860 0.104800
-0.032629 0.004123 0.104700
-0.032629 0.004390 0.104700
-0.032629 0.004657 0.104700
-0.032598 0.004919 0.104600
-0.032598 0.005186 0.104600
-0.032598 0.005452 0.104600
-0.032598 0.005719 0.104600
-0.032598 0.005986 0.104600
-0.032598 0.006252 0.104600
-0.032598 0.006519 0.104600
-0.032629 0.006792 0.104700
-0.032629 0.007059 0.104700
-0.032629 0.007326 0.104700
-0.032660 0.007600 0.104800
-0.032691 0.007875 0.104900
-0.032691 0.008142 0.104900
-0.032723 0.008417 0.105000
-0.032754 0.008693 0.105100
-0.032785 0.008970 0.105200
-0.032785 0.009238 0.105200
-0.032847 0.009524 0.105400
-0.032878 0.009802 0.105500
-0.032910 0.010081 0.105600
-0.032972 0.010370 0.105800
-0.033034 0.010659 0.106000
-0.033097 0.010950 0.106200
-0.033159 0.011242 0.106400
-0.033221 0.011535 0.106600
-0.033284 0.011829 0.106800
-0.033377 0.012135 0.107100
-0.033471 0.012443 0.107400
-0.033564 0.012752 0.107700
-0.033658 0.013063 0.108000
-0.033751 0.013375 0.108300
-0.033813 0.013677 0.108500
-0.033876 0.013979 0.108700
-0.033938 0.014282 0.108900
-0.034000 0.014587 0.109100
-0.034032 0.014878 0.109200
-0.034063 0.015171 0.109300
-0.034094 0.015463 0.109400
-0.034156 0.015771 0.109600
-0.034187 0.016065 0.109700
-0.034219 0.016360 0.109800
-0.034468 -0.005188 0.109700
-0.034436 -0.004904 0.109600
-0.034405 -0.004620 0.109500
-0.034373 -0.004337 0.109400
-0.034342 -0.004055 0.109300
-0.034311 -0.003773 0.109200
-0.034279 -0.003491 0.109100
-0.034216 -0.003207 0.108900
-0.034153 -0.002924 0.108700
-0.034091 -0.002642 0.108500
-0.034028 -0.002361 0.108300
-0.033965 -0.002081 0.108100
-0.033902 -0.001802 0.107900
-0.033808 -0.001523 0.107600
-0.033745 -0.001246 0.107400
-0.033682 -0.000971 0.107200
-0.033619 -0.000696 0.107000
-0.033588 -0.000423 0.106900
-0.033525 -0.000150 0.106700
-0.033462 0.000122 0.106500
-0.033431 0.000393 0.106400
-0.033368 0.000663 0.106200
-0.033337 0.000932 0.106100
-0.033337 0.001203 0.106100
-0.033305 0.001472 0.106000
-0.033274 0.001741 0.105900
-0.033211 0.002007 0.105700
-0.033179 0.002274 0.105600
-0.033148 0.002541 0.105500
-0.033117 0.002807 0.105400
-0.033085 0.003073 0.105300
-0.033054 0.003338 0.105200
-0.033022 0.003603 0.105100
-0.033022 0.003871 0.105100
-0.032991 0.004135 0.105000
-0.032991 0.004402 0.105000
-0.032991 0.004670 0.105000
-0.032960 0.004933 0.104900
-0.032960 0.005201 0.104900
-0.032960 0.005468 0.104900
-0.032960 0.005735 0.104900
-0.032960 0.006003 0.104900
-0.032960 0.006270 0.104900
-0.032960 0.006538 0.104900
-0.032991 0.006811 0.105000
-0.032991 0.007079 0.105000
-0.032991 0.007347 0.105000
-0.033022 0.007622 0.105100
-0.033022 0.007890 0.105100
-0.033054 0.008165 0.105200
-0.033054 0.008434 0.105200
-0.033085 0.008710 0.105300
-0.033117 0.008987 0.105400
-0.033148 0.009264 0.105500
-0.033211 0.009551 0.105700
-0.033242 0.009830 0.105800
-0.033305 0.010119 0.106000
-0.033368 0.010409 0.106200
-0.033431 0.010700 0.106400
-0.033462 0.010981 0.106500
-0.033525 0.011274 0.106700
-0.033588 0.011567 0.106900
-0.033682 0.011873 0.107200
-0.033776 0.012180 0.107500
-0.033871 0.012489 0.107800
-0.033965 0.012800 0.108100
-0.034059 0.013111 0.108400
-0.034122 0.013412 0.108600
-0.034216 0.013727 0.108900
-0.034279 0.014030 0.109100
-0.034342 0.014335 0.109300
-0.034373 0.014627 0.109400
-0.034436 0.014933 0.109600
-0.034468 0.015226 0.109700
-0.034499 0.015520 0.109800
-0.034562 0.015829 0.110000
-0.034593 0.016124 0.110100
-0.034811 -0.004917 0.109900
-0.034780 -0.004633 0.109800
-0.034748 -0.004349 0.109700
-0.034716 -0.004066 0.109600
-0.034685 -0.003783 0.109500
-0.034621 -0.003497 0.109300
-0.034590 -0.003216 0.109200
-0.034526 -0.002932 0.109000
-0.034431 -0.002647 0.108700
-0.034368 -0.002366 0.108500
-0.034305 -0.002085 0.108300
-0.034241 -0.001806 0.108100
-0.034178 -0.001527 0.107900
-0.034114 -0.001250 0.107700
-0.034051 -0.000974 0.107500
-0.033988 -0.000698 0.107300
-0.033956 -0.000424 0.107200
-0.033893 -0.000151 0.107000
-0.033861 0.000122 0.106900
-0.033798 0.000394 0.106700
-0.033766 0.000665 0.106600
-0.033703 0.000935 0.106400
-0.033703 0.001206 0.106400
-0.033671 0.001476 0.106300
-0.033639 0.001746 0.106200
-0.033608 0.002014 0.106100
-0.033544 0.002281 0.105900
-0.033481 0.002546 0.105700
-0.033449 0.002812 0.105600
-0.033449 0.003082 0.105600
-0.033418 0.003348 0.105500
-0.033386 0.003613 0.105400
-0.033354 0.003878 0.105300
-0.033354 0.004147 0.105300
-0.033323 0.004411 0.105200
-0.033323 0.004679 0.105200
-0.033323 0.004947 0.105200
-0.033323 0.005215 0.105200
-0.033323 0.005484 0.105200
-0.033323 0.005752 0.105200
-0.033323 0.006020 0.105200
-0.033323 0.006288 0.105200
-0.033323 0.006556 0.105200
-0.033323 0.006824 0.105200
-0.033323 0.007093 0.105200
-0.033354 0.007368 0.105300
-0.033354 0.007636 0.105300
-0.033386 0.007912 0.105400
-0.033386 0.008181 0.105400
-0.033418 0.008458 0.105500
-0.033449 0.008735 0.105600
-0.033481 0.009013 0.105700
-0.033544 0.009300 0.105900
-0.033576 0.009579 0.106000
-0.033639 0.009867 0.106200
-0.033703 0.010157 0.106400
-0.033734 0.010438 0.106500
-0.033798 0.010730 0.106700
-0.033861 0.011022 0.106900
-0.033924 0.011316 0.107100
-0.033988 0.011611 0.107300
-0.034083 0.011917 0.107600
-0.034178 0.012226 0.107900
-0.034273 0.012536 0.108200
-0.034368 0.012847 0.108500
-0.034431 0.013148 0.108700
-0.034495 0.013449 0.108900
-0.034558 0.013752 0.109100
-0.034621 0.014056 0.109300
-0.034716 0.014374 0.109600
-0.034780 0.014680 0.109800
-0.034811 0.014974 0.109900
-0.034843 0.015268 0.110000
-0.034938 0.015591 0.110300
-0.035156 -0.004365 0.110100
-0.035124 -0.004081 0.110000
-0.035060 -0.003793 0.109800
-0.035028 -0.003510 0.109700
-0.034933 -0.003222 0.109400
-0.034901 -0.002940 0.109300
-0.034837 -0.002657 0.109100
-0.034773 -0.002374 0.108900
-0.034677 -0.002091 0.108600
-0.034613 -0.001811 0.108400
-0.034549 -0.001532 0.108200
-0.034485 -0.001253 0.108000
-0.034454 -0.000977 0.107900
-0.034390 -0.000701 0.107700
-0.034326 -0.000425 0.107500
-0.034294 -0.000151 0.107400
-0.034230 0.000122 0.107200
-0.034198 0.000395 0.107100
-0.034134 0.000667 0.106900
-0.034102 0.000939 0.106800
-0.034102 0.001211 0.106800
-0.034070 0.001482 0.106700
-0.034007 0.001750 0.106500
-0.033975 0.002020 0.106400
-0.033911 0.002287 0.106200
-0.033879 0.002555 0.106100
-0.033847 0.002823 0.106000
-0.033815 0.003090 0.105900
-0.033783 0.003357 0.105800
-0.033751 0.003623 0.105700
-0.033719 0.003889 0.105600
-0.033719 0.004158 0.105600
-0.033687 0.004423 0.105500
-0.033687 0.004692 0.105500
-0.033655 0.004957 0.105400
-0.033655 0.005225 0.105400
-0.033655 0.005494 0.105400
-0.033655 0.005763 0.105400
-0.033655 0.006031 0.105400
-0.033655 0.006300 0.105400
-0.033687 0.006575 0.105500
-0.033687 0.006844 0.105500
-0.033687 0.007113 0.105500
-0.033719 0.007389 0.105600
-0.033719 0.007658 0.105600
-0.033751 0.007935 0.105700
-0.033783 0.008212 0.105800
-0.033815 0.008490 0.105900
-0.033847 0.008768 0.106000
-0.033879 0.009047 0.106100
-0.033911 0.009326 0.106200
-0.033975 0.009615 0.106400
-0.034007 0.009895 0.106500
-0.034070 0.010186 0.106700
-0.034134 0.010477 0.106900
-0.034198 0.010770 0.107100
-0.034262 0.011064 0.107300
-0.034326 0.011358 0.107500
-0.034390 0.011654 0.107700
-0.034485 0.011962 0.108000
-0.034581 0.012271 0.108300
-0.034645 0.012570 0.108500
-0.034741 0.012882 0.108800
-0.034805 0.013184 0.109000
-0.034869 0.013487 0.109200
-0.034933 0.013790 0.109400
-0.035028 0.014108 0.109700
-0.035092 0.014413 0.109900
-0.035156 0.014720 0.110100
-0.035220 0.015028 0.110300
-0.035284 0.015337 0.110500
-0.035502 -0.004092 0.110300
-0.035437 -0.003804 0.110100
-0.035373 -0.003517 0.109900
-0.035309 -0.003231 0.109700
-0.035276 -0.002948 0.109600
-0.035180 -0.002662 0.109300
-0.035115 -0.002379 0.109100
-0.035051 -0.002097 0.108900
-0.034987 -0.001816 0.108700
-0.034922 -0.001536 0.108500
-0.034858 -0.001257 0.108300
-0.034826 -0.000980 0.108200
-0.034761 -0.000703 0.108000
-0.034729 -0.000427 0.107900
-0.034665 -0.000152 0.107700
-0.034633 0.000123 0.107600
-0.034568 0.000396 0.107400
-0.034536 0.000669 0.107300
-0.034472 0.000941 0.107100
-0.034472 0.001214 0.107100
-0.034440 0.001486 0.107000
-0.034375 0.001755 0.106800
-0.034343 0.002026 0.106700
-0.034311 0.002296 0.106600
-0.034246 0.002563 0.106400
-0.034214 0.002831 0.106300
-0.034182 0.003099 0.106200
-0.034150 0.003367 0.106100
-0.034118 0.003634 0.106000
-0.034086 0.003900 0.105900
-0.034086 0.004170 0.105900
-0.034053 0.004436 0.105800
-0.034021 0.004701 0.105700
-0.034021 0.004971 0.105700
-0.034021 0.005240 0.105700
-0.034021 0.005510 0.105700
-0.034021 0.005779 0.105700
-0.034021 0.006049 0.105700
-0.034021 0.006318 0.105700
-0.034021 0.006587 0.105700
-0.034053 0.006863 0.105800
-0.034053 0.007133 0.105800
-0.034086 0.007410 0.105900
-0.034086 0.007680 0.105900
-0.034118 0.007957 0.106000
-0.034150 0.008235 0.106100
-0.034182 0.008514 0.106200
-0.034214 0.008793 0.106300
-0.034246 0.009072 0.106400
-0.034311 0.009361 0.106600
-0.034343 0.009642 0.106700
-0.034407 0.009932 0.106900
-0.034472 0.010224 0.107100
-0.034536 0.010517 0.107300
-0.034600 0.010810 0.107500
-0.034633 0.011095 0.107600
-0.034729 0.011401 0.107900
-0.034794 0.011697 0.108100
-0.034890 0.012006 0.108400
-0.034955 0.012305 0.108600
-0.035019 0.012605 0.108800
-0.035083 0.012906 0.109000
-0.035148 0.013208 0.109200
-0.035212 0.013511 0.109400
-0.035276 0.013815 0.109600
-0.035341 0.014120 0.109800
-0.035437 0.014440 0.110100
-0.035534 0.014760 0.110400
-0.035751 -0.003526 0.110200
-0.035686 -0.003239 0.110000
-0.035654 -0.002956 0.109900
-0.035556 -0.002669 0.109600
-0.035459 -0.002383 0.109300
-0.035427 -0.002102 0.109200
-0.035362 -0.001821 0.109000
-0.035297 -0.001540 0.108800
-0.035232 -0.001260 0.108600
-0.035200 -0.000983 0.108500
-0.035167 -0.000705 0.108400
-0.035102 -0.000428 0.108200
-0.035070 -0.000152 0.108100
-0.035037 0.000123 0.108000
-0.034973 0.000398 0.107800
-0.034908 0.000671 0.107600
-0.034875 0.000945 0.107500
-0.034875 0.001219 0.107500
-0.034810 0.001490 0.107300
-0.034778 0.001762 0.107200
-0.034713 0.002031 0.107000
-0.034681 0.002302 0.106900
-0.034648 0.002572 0.106800
-0.034583 0.002839 0.106600
-0.034551 0.003108 0.106500
-0.034518 0.003376 0.106400
-0.034486 0.003644 0.106300
-0.034453 0.003911 0.106200
-0.034453 0.004182 0.106200
-0.034421 0.004449 0.106100
-0.034421 0.004719 0.106100
-0.034389 0.004985 0.106000
-0.034389 0.005255 0.106000
-0.034389 0.005525 0.106000
-0.034389 0.005795 0.106000
-0.034389 0.006066 0.106000
-0.034389 0.006336 0.106000
-0.034421 0.006612 0.106100
-0.034421 0.006883 0.106100
-0.034453 0.007160 0.106200
-0.034453 0.007431 0.106200
-0.034486 0.007709 0.106300
-0.034486 0.007980 0.106300
-0.034518 0.008258 0.106400
-0.034551 0.008538 0.106500
-0.034583 0.008817 0.106600
-0.034616 0.009098 0.106700
-0.034681 0.009387 0.106900
-0.034713 0.009669 0.107000
-0.034778 0.009960 0.107200
-0.034843 0.010253 0.107400
-0.034908 0.010546 0.107600
-0.034973 0.010840 0.107800
-0.035037 0.011136 0.108000
-0.035102 0.011432 0.108200
-0.035167 0.011730 0.108400
-0.035232 0.012028 0.108600
-0.035329 0.012339 0.108900
-0.035394 0.012640 0.109100
-0.035427 0.012930 0.109200
-0.035459 0.013220 0.109300
-0.035556 0.013536 0.109600
-0.035621 0.013841 0.109800
-0.035719 0.014159 0.110100
-0.036000 -0.002962 0.110100
-0.035935 -0.002676 0.109900
-0.035869 -0.002392 0.109700
-0.035804 -0.002108 0.109500
-0.035738 -0.001826 0.109300
-0.035673 -0.001544 0.109100
-0.035640 -0.001265 0.109000
-0.035575 -0.000985 0.108800
-0.035542 -0.000707 0.108700
-0.035477 -0.000429 0.108500
-0.035444 -0.000153 0.108400
-0.035411 0.000124 0.108300
-0.035346 0.000399 0.108100
-0.035313 0.000674 0.108000
-0.035248 0.000947 0.107800
-0.035248 0.001222 0.107800
-0.035183 0.001494 0.107600
-0.035150 0.001767 0.107500
-0.035084 0.002037 0.107300
-0.035052 0.002309 0.107200
-0.035019 0.002579 0.107100
-0.034986 0.002850 0.107000
-0.034921 0.003117 0.106800
-0.034888 0.003386 0.106700
-0.034888 0.003658 0.106700
-0.034856 0.003926 0.106600
-0.034823 0.004194 0.106500
-0.034823 0.004465 0.106500
-0.034790 0.004732 0.106400
-0.034790 0.005004 0.106400
-0.034757 0.005270 0.106300
-0.034757 0.005541 0.106300
-0.034757 0.005812 0.106300
-0.034757 0.006083 0.106300
-0.034790 0.006360 0.106400
-0.034790 0.006631 0.106400
-0.034790 0.006902 0.106400
-0.034823 0.007180 0.106500
-0.034823 0.007452 0.106500
-0.034856 0.007731 0.106600
-0.034888 0.008010 0.106700
-0.034921 0.008290 0.106800
-0.034954 0.008570 0.106900
-0.034986 0.008851 0.107000
-0.035019 0.009132 0.107100
-0.035052 0.009414 0.107200
-0.035117 0.009705 0.107400
-0.035183 0.009997 0.107600
-0.035215 0.010281 0.107700
-0.035313 0.010585 0.108000
-0.035379 0.010881 0.108200
-0.035411 0.011167 0.108300
-0.035477 0.011464 0.108500
-0.035542 0.011762 0.108700
-0.035608 0.012061 0.108900
-0.035640 0.012350 0.109000
-0.035706 0.012651 0.109200
-0.035771 0.012953 0.109400
-0.035837 0.013257 0.109600
-0.035902 0.013561 0.109800
-0.035967 0.013866 0.110000
-0.036347 -0.002686 0.110300
-0.036248 -0.002398 0.110000
-0.036182 -0.002114 0.109800
-0.036117 -0.001831 0.109600
-0.036051 -0.001548 0.109400
-0.036018 -0.001268 0.109300
-0.035952 -0.000988 0.109100
-0.035919 -0.000709 0.109000
-0.035886 -0.000431 0.108900
-0.035820 -0.000153 0.108700
-0.035787 0.000124 0.108600
-0.035721 0.000400 0.108400
-0.035688 0.000676 0.108300
-0.035622 0.000950 0.108100
-0.035622 0.001226 0.108100
-0.035589 0.001500 0.108000
-0.035556 0.001773 0.107900
-0.035490 0.002045 0.107700
-0.035425 0.002315 0.107500
-0.035392 0.002587 0.107400
-0.035359 0.002858 0.107300
-0.035326 0.003128 0.107200
-0.035260 0.003395 0.107000
-0.035260 0.003668 0.107000
-0.035227 0.003937 0.106900
-0.035194 0.004206 0.106800
-0.035161 0.004474 0.106700
-0.035161 0.004746 0.106700
-0.035161 0.005018 0.106700
-0.035161 0.005290 0.106700
-0.035161 0.005562 0.106700
-0.035161 0.005834 0.106700
-0.035161 0.006106 0.106700
-0.035161 0.006378 0.106700
-0.035161 0.006650 0.106700
-0.035194 0.006928 0.106800
-0.035194 0.007201 0.106800
-0.035227 0.007480 0.106900
-0.035227 0.007752 0.106900
-0.035260 0.008032 0.107000
-0.035293 0.008313 0.107100
-0.035326 0.008594 0.107200
-0.035359 0.008875 0.107300
-0.035392 0.009157 0.107400
-0.035457 0.009449 0.107600
-0.035490 0.009732 0.107700
-0.035556 0.010025 0.107900
-0.035622 0.010319 0.108100
-0.035688 0.010615 0.108300
-0.035721 0.010901 0.108400
-0.035787 0.011198 0.108600
-0.035853 0.011496 0.108800
-0.035886 0.011784 0.108900
-0.035952 0.012084 0.109100
-0.036018 0.012384 0.109300
-0.036018 0.012663 0.109300
-0.036084 0.012965 0.109500
-0.036150 0.013269 0.109700
-0.036563 -0.002120 0.110100
-0.036496 -0.001836 0.109900
-0.036430 -0.001553 0.109700
-0.036330 -0.001270 0.109400
-0.036330 -0.000991 0.109400
-0.036264 -0.000711 0.109200
-0.036264 -0.000432 0.109200
-0.036197 -0.000154 0.109000
-0.036164 0.000124 0.108900
-0.036098 0.000401 0.108700
-0.036065 0.000678 0.108600
-0.036031 0.000954 0.108500
-0.036031 0.001230 0.108500
-0.035965 0.001504 0.108300
-0.035932 0.001778 0.108200
-0.035865 0.002050 0.108000
-0.035832 0.002324 0.107900
-0.035766 0.002594 0.107700
-0.035732 0.002866 0.107600
-0.035699 0.003137 0.107500
-0.035633 0.003405 0.107300
-0.035633 0.003678 0.107300
-0.035600 0.003948 0.107200
-0.035566 0.004218 0.107100
-0.035566 0.004491 0.107100
-0.035533 0.004759 0.107000
-0.035500 0.005027 0.106900
-0.035500 0.005300 0.106900
-0.035500 0.005572 0.106900
-0.035500 0.005845 0.106900
-0.035500 0.006117 0.106900
-0.035533 0.006396 0.107000
-0.035533 0.006668 0.107000
-0.035533 0.006941 0.107000
-0.035566 0.007221 0.107100
-0.035600 0.007501 0.107200
-0.035600 0.007774 0.107200
-0.035633 0.008055 0.107300
-0.035666 0.008336 0.107400
-0.035699 0.008618 0.107500
-0.035732 0.008900 0.107600
-0.035766 0.009183 0.107700
-0.035832 0.009475 0.107900
-0.035898 0.009768 0.108100
-0.035965 0.010062 0.108300
-0.035998 0.010348 0.108400
-0.036065 0.010644 0.108600
-0.036131 0.010941 0.108800
-0.036164 0.011229 0.108900
-0.036197 0.011517 0.109000
-0.036264 0.011816 0.109200
-0.036297 0.012106 0.109300
-0.036330 0.012396 0.109400
-0.036363 0.012686 0.109500
-0.036397 0.012977 0.109600
-0.036811 -0.001557 0.110000
-0.036744 -0.001274 0.109800
-0.036710 -0.000993 0.109700
-0.036677 -0.000713 0.109600
-0.036610 -0.000433 0.109400
-0.036576 -0.000154 0.109300
-0.036543 0.000125 0.109200
-0.036476 0.000402 0.109000
-0.036442 0.000679 0.108900
-0.036375 0.000955 0.108700
-0.036342 0.001231 0.108600
-0.036342 0.001508 0.108600
-0.036275 0.001782 0.108400
-0.036242 0.002056 0.108300
-0.036208 0.002330 0.108200
-0.036141 0.002601 0.108000
-0.036108 0.002874 0.107900
-0.036041 0.003143 0.107700
-0.036007 0.003414 0.107600
-0.035974 0.003685 0.107500
-0.035974 0.003959 0.107500
-0.035940 0.004229 0.107400
-0.035907 0.004499 0.107300
-0.035874 0.004768 0.107200
-0.035874 0.005041 0.107200
-0.035874 0.005315 0.107200
-0.035874 0.005588 0.107200
-0.035874 0.005861 0.107200
-0.035874 0.006134 0.107200
-0.035874 0.006408 0.107200
-0.035874 0.006681 0.107200
-0.035907 0.006961 0.107300
-0.035907 0.007234 0.107300
-0.035940 0.007515 0.107400
-0.035940 0.007789 0.107400
-0.035974 0.008070 0.107500
-0.036007 0.008352 0.107600
-0.036041 0.008634 0.107700
-0.036108 0.008925 0.107900
-0.036175 0.009217 0.108100
-0.036208 0.009501 0.108200
-0.036275 0.009795 0.108400
-0.036309 0.010081 0.108500
-0.036375 0.010377 0.108700
-0.036409 0.010664 0.108800
-0.036476 0.010961 0.109000
-0.036543 0.011260 0.109200
-0.036543 0.011538 0.109200
-0.036576 0.011827 0.109300
-0.036610 0.012117 0.109400
-0.036643 0.012407 0.109500
-0.037092 -0.000996 0.110000
-0.037024 -0.000714 0.109800
-0.036990 -0.000434 0.109700
-0.036957 -0.000154 0.109600
-0.036889 0.000125 0.109400
-0.036856 0.000403 0.109300
-0.036788 0.000681 0.109100
-0.036754 0.000958 0.109000
-0.036721 0.001235 0.108900
-0.036721 0.001512 0.108900
-0.036653 0.001787 0.108700
-0.036619 0.002062 0.108600
-0.036552 0.002334 0.108400
-0.036518 0.002608 0.108300
-0.036485 0.002882 0.108200
-0.036451 0.003155 0.108100
-0.036417 0.003427 0.108000
-0.036383 0.003699 0.107900
-0.036316 0.003967 0.107700
-0.036282 0.004237 0.107600
-0.036282 0.004511 0.107600
-0.036249 0.004781 0.107500
-0.036249 0.005055 0.107500
-0.036215 0.005324 0.107400
-0.036215 0.005598 0.107400
-0.036215 0.005872 0.107400
-0.036215 0.006146 0.107400
-0.036215 0.006420 0.107400
-0.036249 0.006700 0.107500
-0.036249 0.006974 0.107500
-0.036282 0.007254 0.107600
-0.036282 0.007529 0.107600
-0.036316 0.007810 0.107700
-0.036350 0.008092 0.107800
-0.036383 0.008375 0.107900
-0.036417 0.008658 0.108000
-0.036451 0.008942 0.108100
-0.036518 0.009234 0.108300
-0.036552 0.009519 0.108400
-0.036586 0.009804 0.108500
-0.036653 0.010100 0.108700
-0.036721 0.010396 0.108900
-0.036754 0.010683 0.109000
-0.036822 0.010981 0.109200
-0.036856 0.011270 0.109300
-0.036889 0.011559 0.109400
-0.036923 0.011849 0.109500
-0.037373 -0.000435 0.110000
-0.037339 -0.000155 0.109900
-0.037305 0.000125 0.109800
-0.037237 0.000404 0.109600
-0.037169 0.000683 0.109400
-0.037135 0.000961 0.109300
-0.037067 0.001237 0.109100
-0.037067 0.001515 0.109100
-0.037033 0.001792 0.109000
-0.036999 0.002068 0.108900
-0.036931 0.002341 0.108700
-0.036897 0.002616 0.108600
-0.036863 0.002890 0.108500
-0.036829 0.003163 0.108400
-0.036795 0.003437 0.108300
-0.036761 0.003709 0.108200
-0.036693 0.003978 0.108000
-0.036659 0.004249 0.107900
-0.036659 0.004524 0.107900
-0.036625 0.004795 0.107800
-0.036591 0.005065 0.107700
-0.036591 0.005339 0.107700
-0.036591 0.005614 0.107700
-0.036591 0.005888 0.107700
-0.036591 0.006163 0.107700
-0.036591 0.006438 0.107700
-0.036591 0.006712 0.107700
-0.036625 0.006993 0.107800
-0.036625 0.007268 0.107800
-0.036659 0.007550 0.107900
-0.036693 0.007832 0.108000
-0.036727 0.008115 0.108100
-0.036761 0.008398 0.108200
-0.036795 0.008682 0.108300
-0.036829 0.008966 0.108400
-0.036897 0.009260 0.108600
-0.036965 0.009554 0.108800
-0.037033 0.009850 0.109000
-0.037067 0.010137 0.109100
-0.037135 0.010434 0.109300
-0.037169 0.010722 0.109400
-0.037237 0.011021 0.109600
-0.037305 0.011321 0.109800
-0.037654 0.000125 0.110000
-0.037585 0.000405 0.109800
-0.037517 0.000684 0.109600
-0.037483 0.000962 0.109500
-0.037414 0.001239 0.109300
-0.037414 0.001518 0.109300
-0.037380 0.001795 0.109200
-0.037311 0.002069 0.109000
-0.037277 0.002345 0.108900
-0.037243 0.002620 0.108800
-0.037174 0.002892 0.108600
-0.037140 0.003166 0.108500
-0.037140 0.003443 0.108500
-0.037106 0.003716 0.108400
-0.037072 0.003989 0.108300
-0.037038 0.004261 0.108200
-0.037003 0.004532 0.108100
-0.037003 0.004808 0.108100
-0.036969 0.005079 0.108000
-0.036969 0.005354 0.108000
-0.036969 0.005630 0.108000
-0.036969 0.005905 0.108000
-0.036969 0.006180 0.108000
-0.036969 0.006455 0.108000
-0.036969 0.006731 0.108000
-0.037003 0.007013 0.108100
-0.037003 0.007288 0.108100
-0.037038 0.007571 0.108200
-0.037072 0.007854 0.108300
-0.037072 0.008130 0.108300
-0.037140 0.008421 0.108500
-0.037174 0.008706 0.108600
-0.037243 0.008999 0.108800
-0.037311 0.009294 0.109000
-0.037380 0.009589 0.109200
-0.037448 0.009886 0.109400
-0.037517 0.010183 0.109600
-0.037551 0.010472 0.109700
-0.037585 0.010762 0.109800
-0.037831 0.000964 0.109700
-0.037797 0.001243 0.109600
-0.037797 0.001522 0.109600
-0.037728 0.001798 0.109400
-0.037693 0.002075 0.109300
-0.037624 0.002349 0.109100
-0.037590 0.002625 0.109000
-0.037555 0.002900 0.108900
-0.037486 0.003172 0.108700
-0.037452 0.003446 0.108600
-0.037452 0.003723 0.108600
-0.037383 0.003992 0.108400
-0.037383 0.004269 0.108400
-0.037349 0.004541 0.108300
-0.037314 0.004812 0.108200
-0.037314 0.005088 0.108200
-0.037280 0.005359 0.108100
-0.037280 0.005635 0.108100
-0.037314 0.005916 0.108200
-0.037349 0.006197 0.108300
-0.037349 0.006473 0.108300
-0.037349 0.006749 0.108300
-0.037349 0.007026 0.108300
-0.037383 0.007308 0.108400
-0.037417 0.007592 0.108500
-0.037452 0.007876 0.108600
-0.037486 0.008160 0.108700
-0.037555 0.008453 0.108900
-0.037590 0.008738 0.109000
-0.037659 0.009033 0.109200
-0.037728 0.009328 0.109400
-0.038077 0.001801 0.109600
-0.038007 0.002077 0.109400
-0.037973 0.002354 0.109300
-0.037903 0.002628 0.109100
-0.037868 0.002903 0.109000
-0.037834 0.003178 0.108900
-0.037764 0.003449 0.108700
-0.037764 0.003726 0.108700
-0.037729 0.004000 0.108600
-0.037695 0.004273 0.108500
-0.037660 0.004545 0.108400
-0.037660 0.004821 0.108400
-0.037660 0.005098 0.108400
-0.037660 0.005374 0.108400
-0.037625 0.005645 0.108300
-0.037625 0.005921 0.108300
-0.037660 0.006203 0.108400
-0.037695 0.006485 0.108500
-0.037729 0.006768 0.108600
-0.037729 0.007045 0.108600
-0.037764 0.007329 0.108700
